element_id,tag,carrier,host_or_staff
mn-1-0-5-2-2--tuplet--start--1,tuplet,stamp,mn-1-0-5-2-2
mn-1-0-5-2-2--slur--start--1,slur,stamp,mn-1-0-5-2-2
mn-1-0-5-2-4--tuplet--stop--1,tuplet,stamp,mn-1-0-5-2-4
mn-1-0-5-2-4--slur--stop--1,slur,stamp,mn-1-0-5-2-4
mn-1-0-5-2-7--tuplet--start--1,tuplet,stamp,mn-1-0-5-2-7
mn-1-0-5-2-7--slur--start--1,slur,stamp,mn-1-0-5-2-7
mn-1-0-5-2-9--tuplet--stop--1,tuplet,stamp,mn-1-0-5-2-9
mn-1-0-5-2-9--slur--stop--1,slur,stamp,mn-1-0-5-2-9
md-1-0-1-1,words,md,1
md-1-0-2-1,words,md,2
mn-1-1-5-2-1--slur--start--1,slur,stamp,mn-1-1-5-2-1
mn-1-1-5-2-1--accent--1,accent,derive,mn-1-1-5-2-1
mn-1-1-5-2-4--slur--stop--1,slur,stamp,mn-1-1-5-2-4
mn-1-1-5-2-5--slur--start--1,slur,stamp,mn-1-1-5-2-5
mn-1-1-5-2-5--accent--1,accent,derive,mn-1-1-5-2-5
mn-1-1-5-2-8--slur--stop--1,slur,stamp,mn-1-1-5-2-8
mn-1-1-6-2-2--arpeggiate--1,arpeggiate,stamp,mn-1-1-6-2-2
mn-1-1-6-2-3--arpeggiate--1,arpeggiate,stamp,mn-1-1-6-2-3
mn-1-1-6-2-4--arpeggiate--1,arpeggiate,stamp,mn-1-1-6-2-4
mn-1-1-6-2-8--arpeggiate--1,arpeggiate,stamp,mn-1-1-6-2-8
mn-1-1-6-2-9--arpeggiate--1,arpeggiate,stamp,mn-1-1-6-2-9
mn-1-2-1-1-1--fermata--upright--1,fermata,stamp,mn-1-2-1-1-1
mn-1-2-5-2-1--tied--start--1,tied,stamp,mn-1-2-5-2-1
mn-1-2-5-2-2--tied--stop--1,tied,stamp,mn-1-2-5-2-2
mn-1-2-5-2-4--fermata--upright--1,fermata,stamp,mn-1-2-5-2-4
mn-1-2-6-2-2--arpeggiate--1,arpeggiate,stamp,mn-1-2-6-2-2
mn-1-2-6-2-3--arpeggiate--1,arpeggiate,stamp,mn-1-2-6-2-3
mn-1-2-6-2-4--arpeggiate--1,arpeggiate,stamp,mn-1-2-6-2-4
mn-1-2-6-2-6--arpeggiate--1,arpeggiate,stamp,mn-1-2-6-2-6
mn-1-2-6-2-7--arpeggiate--1,arpeggiate,stamp,mn-1-2-6-2-7
mn-1-2-6-2-8--arpeggiate--1,arpeggiate,stamp,mn-1-2-6-2-8
mn-1-2-6-2-10--arpeggiate--1,arpeggiate,stamp,mn-1-2-6-2-10
mn-1-2-6-2-11--arpeggiate--1,arpeggiate,stamp,mn-1-2-6-2-11
mn-1-2-6-2-12--arpeggiate--1,arpeggiate,stamp,mn-1-2-6-2-12
md-1-2-1-1,words,md,1
mn-1-3-1-1-4--slur--start--1,slur,stamp,mn-1-3-1-1-4
mn-1-3-1-1-4--staccato--1,staccato,derive,mn-1-3-1-1-4
mn-1-3-1-1-7--slur--stop--1,slur,stamp,mn-1-3-1-1-7
mn-1-3-1-1-7--staccato--1,staccato,derive,mn-1-3-1-1-7
mn-1-3-5-2-1--tied--start--1,tied,stamp,mn-1-3-5-2-1
mn-1-3-5-2-2--tied--stop--1,tied,stamp,mn-1-3-5-2-2
mn-1-3-5-2-4--tuplet--start--1,tuplet,stamp,mn-1-3-5-2-4
mn-1-3-5-2-4--slur--start--1,slur,stamp,mn-1-3-5-2-4
mn-1-3-5-2-8--tuplet--stop--1,tuplet,stamp,mn-1-3-5-2-8
mn-1-3-5-2-8--slur--stop--1,slur,stamp,mn-1-3-5-2-8
mn-1-3-6-2-2--arpeggiate--1,arpeggiate,stamp,mn-1-3-6-2-2
mn-1-3-6-2-3--arpeggiate--1,arpeggiate,stamp,mn-1-3-6-2-3
mn-1-3-6-2-4--arpeggiate--1,arpeggiate,stamp,mn-1-3-6-2-4
mn-1-3-6-2-5--arpeggiate--1,arpeggiate,stamp,mn-1-3-6-2-5
mn-1-3-6-2-6--arpeggiate--1,arpeggiate,stamp,mn-1-3-6-2-6
mn-1-3-6-2-7--arpeggiate--1,arpeggiate,stamp,mn-1-3-6-2-7
md-1-3-2-1,words,md,2
md-1-3-2-2,pedal,md,2
md-1-3-2-3,wedge,md,2
md-1-3-2-4,pedal,md,2
md-1-3-2-5,wedge,md,2
mn-1-4-1-1-2--slur--start--1,slur,stamp,mn-1-4-1-1-2
mn-1-4-1-1-2--staccato--1,staccato,derive,mn-1-4-1-1-2
mn-1-4-1-1-5--slur--stop--1,slur,stamp,mn-1-4-1-1-5
mn-1-4-1-1-5--staccato--1,staccato,derive,mn-1-4-1-1-5
md-1-4-2-1,pedal,md,2
md-1-4-2-2,wedge,md,2
md-1-4-2-3,pedal,md,2
md-1-4-2-4,wedge,md,2
mn-1-5-1-1-3--slur--start--1,slur,stamp,mn-1-5-1-1-3
mn-1-5-1-1-3--staccato--1,staccato,derive,mn-1-5-1-1-3
mn-1-5-1-1-6--slur--stop--1,slur,stamp,mn-1-5-1-1-6
mn-1-5-1-1-6--staccato--1,staccato,derive,mn-1-5-1-1-6
mn-1-5-5-2-1--tied--start--1,tied,stamp,mn-1-5-5-2-1
mn-1-5-5-2-2--tied--stop--1,tied,stamp,mn-1-5-5-2-2
mn-1-5-5-2-4--tuplet--start--1,tuplet,stamp,mn-1-5-5-2-4
mn-1-5-5-2-4--slur--start--1,slur,stamp,mn-1-5-5-2-4
mn-1-5-5-2-8--tuplet--stop--1,tuplet,stamp,mn-1-5-5-2-8
mn-1-5-5-2-8--slur--stop--1,slur,stamp,mn-1-5-5-2-8
mn-1-5-5-2-9--tuplet--start--1,tuplet,stamp,mn-1-5-5-2-9
mn-1-5-5-2-9--slur--start--1,slur,stamp,mn-1-5-5-2-9
mn-1-5-5-2-11--tuplet--stop--1,tuplet,stamp,mn-1-5-5-2-11
mn-1-5-5-2-11--slur--stop--1,slur,stamp,mn-1-5-5-2-11
md-1-5-2-1,pedal,md,2
md-1-5-2-2,pedal,md,2
mn-1-6-5-2-1--tied--start--1,tied,stamp,mn-1-6-5-2-1
mn-1-6-5-2-2--tied--stop--1,tied,stamp,mn-1-6-5-2-2
mn-1-6-5-2-5--accent--1,accent,derive,mn-1-6-5-2-5
md-1-6-2-1,pedal,md,2
md-1-6-2-2,pedal,md,2
md-1-6-2-3,wedge,md,2
md-1-6-2-4,wedge,md,2
md-1-6-2-5,pedal,md,2
md-1-6-2-6,pedal,md,2
mn-1-7-5-2-1--tied--start--1,tied,stamp,mn-1-7-5-2-1
mn-1-7-5-2-2--tied--stop--1,tied,stamp,mn-1-7-5-2-2
mn-1-7-5-2-9--slur--start--1,slur,stamp,mn-1-7-5-2-9
mn-1-7-5-2-18--slur--stop--1,slur,stamp,mn-1-7-5-2-18
md-1-7-2-1,pedal,md,2
md-1-7-2-2,words,md,2
md-1-7-2-3,words,md,2
md-1-7-2-4,pedal,md,2
mn-1-8-5-2-1--slur--start--1,slur,stamp,mn-1-8-5-2-1
mn-1-8-5-2-4--slur--stop--1,slur,stamp,mn-1-8-5-2-4
mn-1-8-5-2-5--slur--start--1,slur,stamp,mn-1-8-5-2-5
mn-1-8-5-2-8--slur--stop--1,slur,stamp,mn-1-8-5-2-8
mn-1-9-1-1-1--accent--1,accent,derive,mn-1-9-1-1-1
mn-1-9-1-1-21--tuplet--start--1,tuplet,stamp,mn-1-9-1-1-21
mn-1-9-1-1-21--slur--start--1,slur,stamp,mn-1-9-1-1-21
mn-1-9-1-1-21--accent--1,accent,derive,mn-1-9-1-1-21
mn-1-9-1-1-23--tuplet--start--1,tuplet,stamp,mn-1-9-1-1-23
mn-1-9-1-1-25--tuplet--stop--1,tuplet,stamp,mn-1-9-1-1-25
mn-1-9-1-1-25--slur--stop--1,slur,stamp,mn-1-9-1-1-25
mn-1-9-1-1-26--tuplet--start--1,tuplet,stamp,mn-1-9-1-1-26
mn-1-9-1-1-26--slur--start--1,slur,stamp,mn-1-9-1-1-26
mn-1-9-1-1-26--accent--1,accent,derive,mn-1-9-1-1-26
mn-1-9-1-1-28--tuplet--start--1,tuplet,stamp,mn-1-9-1-1-28
mn-1-9-1-1-30--tuplet--stop--1,tuplet,stamp,mn-1-9-1-1-30
mn-1-9-1-1-30--slur--stop--1,slur,stamp,mn-1-9-1-1-30
mn-1-9-1-1-31--tuplet--start--1,tuplet,stamp,mn-1-9-1-1-31
mn-1-9-1-1-31--slur--start--1,slur,stamp,mn-1-9-1-1-31
mn-1-9-1-1-35--tuplet--stop--1,tuplet,stamp,mn-1-9-1-1-35
mn-1-9-1-1-35--slur--stop--1,slur,stamp,mn-1-9-1-1-35
mn-1-9-1-1-36--tuplet--start--1,tuplet,stamp,mn-1-9-1-1-36
mn-1-9-1-1-36--slur--start--1,slur,stamp,mn-1-9-1-1-36
mn-1-9-1-1-40--tuplet--stop--1,tuplet,stamp,mn-1-9-1-1-40
mn-1-9-1-1-40--slur--stop--1,slur,stamp,mn-1-9-1-1-40
mn-1-9-1-1-41--tuplet--start--1,tuplet,stamp,mn-1-9-1-1-41
mn-1-9-1-1-41--slur--start--1,slur,stamp,mn-1-9-1-1-41
mn-1-9-1-1-45--tuplet--stop--1,tuplet,stamp,mn-1-9-1-1-45
mn-1-9-1-1-45--slur--stop--1,slur,stamp,mn-1-9-1-1-45
mn-1-9-1-1-46--tuplet--start--1,tuplet,stamp,mn-1-9-1-1-46
mn-1-9-1-1-46--slur--start--1,slur,stamp,mn-1-9-1-1-46
mn-1-9-1-1-50--tuplet--stop--1,tuplet,stamp,mn-1-9-1-1-50
mn-1-9-1-1-50--slur--stop--1,slur,stamp,mn-1-9-1-1-50
mn-1-9-1-1-51--tuplet--start--1,tuplet,stamp,mn-1-9-1-1-51
mn-1-9-1-1-51--slur--start--1,slur,stamp,mn-1-9-1-1-51
mn-1-9-1-1-55--tuplet--stop--1,tuplet,stamp,mn-1-9-1-1-55
mn-1-9-1-1-55--slur--stop--1,slur,stamp,mn-1-9-1-1-55
mn-1-9-1-1-56--tuplet--start--1,tuplet,stamp,mn-1-9-1-1-56
mn-1-9-1-1-56--slur--start--1,slur,stamp,mn-1-9-1-1-56
mn-1-9-1-1-56--accent--1,accent,derive,mn-1-9-1-1-56
mn-1-9-1-1-60--tuplet--stop--1,tuplet,stamp,mn-1-9-1-1-60
mn-1-9-1-1-60--slur--stop--1,slur,stamp,mn-1-9-1-1-60
mn-1-9-1-1-61--tuplet--start--1,tuplet,stamp,mn-1-9-1-1-61
mn-1-9-1-1-61--slur--start--1,slur,stamp,mn-1-9-1-1-61
mn-1-9-1-1-61--accent--1,accent,derive,mn-1-9-1-1-61
mn-1-9-1-2-3--tuplet--stop--1,tuplet,stamp,mn-1-9-1-2-3
mn-1-9-1-2-3--slur--stop--1,slur,stamp,mn-1-9-1-2-3
mn-1-9-1-2-4--tuplet--start--1,tuplet,stamp,mn-1-9-1-2-4
mn-1-9-1-2-4--slur--start--1,slur,stamp,mn-1-9-1-2-4
mn-1-9-1-2-4--strong-accent--1,strong-accent,derive,mn-1-9-1-2-4
mn-1-9-1-2-6--staccato--1,staccato,derive,mn-1-9-1-2-6
mn-1-9-1-2-7--staccato--1,staccato,derive,mn-1-9-1-2-7
mn-1-9-1-2-8--staccato--1,staccato,derive,mn-1-9-1-2-8
mn-1-9-1-2-9--staccato--1,staccato,derive,mn-1-9-1-2-9
mn-1-9-1-1-63--staccato--1,staccato,derive,mn-1-9-1-1-63
mn-1-9-1-1-64--tuplet--stop--1,tuplet,stamp,mn-1-9-1-1-64
mn-1-9-1-1-64--slur--stop--1,slur,stamp,mn-1-9-1-1-64
mn-1-9-1-1-64--staccato--1,staccato,derive,mn-1-9-1-1-64
mn-1-9-5-2-1--arpeggiate--1,arpeggiate,stamp,mn-1-9-5-2-1
mn-1-9-5-2-2--arpeggiate--1,arpeggiate,stamp,mn-1-9-5-2-2
md-1-9-1-1,pedal,md,1
md-1-9-1-2,wedge,md,1
md-1-9-1-3,octave-shift,md,1
md-1-9-1-4,wedge,md,1
md-1-9-1-5,octave-shift,md,1
md-1-9-1-6,pedal,md,1
md-1-9-1-7,wedge,md,1
md-1-9-1-8,wedge,md,1
mn-1-10-1-1-1--slur--start--1,slur,stamp,mn-1-10-1-1-1
mn-1-10-1-1-1--accent--1,accent,derive,mn-1-10-1-1-1
mn-1-10-1-1-4--slur--stop--1,slur,stamp,mn-1-10-1-1-4
mn-1-10-1-1-5--slur--start--1,slur,stamp,mn-1-10-1-1-5
mn-1-10-1-1-8--slur--stop--1,slur,stamp,mn-1-10-1-1-8
mn-1-10-5-2-2--staccato--1,staccato,derive,mn-1-10-5-2-2
mn-1-10-5-2-2--arpeggiate--1,arpeggiate,stamp,mn-1-10-5-2-2
mn-1-10-5-2-3--arpeggiate--1,arpeggiate,stamp,mn-1-10-5-2-3
mn-1-10-5-2-4--arpeggiate--1,arpeggiate,stamp,mn-1-10-5-2-4
mn-1-10-5-2-8--staccato--1,staccato,derive,mn-1-10-5-2-8
mn-1-10-5-2-8--arpeggiate--1,arpeggiate,stamp,mn-1-10-5-2-8
mn-1-10-5-2-9--arpeggiate--1,arpeggiate,stamp,mn-1-10-5-2-9
mn-1-10-5-2-10--arpeggiate--1,arpeggiate,stamp,mn-1-10-5-2-10
md-1-10-1-1,words,md,1
md-1-10-1-2,words,md,1
mn-1-11-1-1-1--slur--start--1,slur,stamp,mn-1-11-1-1-1
mn-1-11-1-1-1--accent--1,accent,derive,mn-1-11-1-1-1
mn-1-11-1-1-4--slur--stop--1,slur,stamp,mn-1-11-1-1-4
mn-1-11-1-1-5--slur--start--1,slur,stamp,mn-1-11-1-1-5
mn-1-11-1-1-8--slur--stop--1,slur,stamp,mn-1-11-1-1-8
mn-1-11-5-2-2--staccato--1,staccato,derive,mn-1-11-5-2-2
mn-1-11-5-2-2--arpeggiate--1,arpeggiate,stamp,mn-1-11-5-2-2
mn-1-11-5-2-3--arpeggiate--1,arpeggiate,stamp,mn-1-11-5-2-3
mn-1-11-5-2-4--arpeggiate--1,arpeggiate,stamp,mn-1-11-5-2-4
mn-1-11-5-2-8--staccato--1,staccato,derive,mn-1-11-5-2-8
mn-1-11-5-2-8--arpeggiate--1,arpeggiate,stamp,mn-1-11-5-2-8
mn-1-11-5-2-9--arpeggiate--1,arpeggiate,stamp,mn-1-11-5-2-9
mn-1-11-5-2-10--arpeggiate--1,arpeggiate,stamp,mn-1-11-5-2-10
md-1-11-1-1,wedge,md,1
md-1-11-1-2,wedge,md,1
mn-1-12-1-1-1--slur--start--1,slur,stamp,mn-1-12-1-1-1
mn-1-12-1-1-1--accent--1,accent,derive,mn-1-12-1-1-1
mn-1-12-1-1-4--slur--stop--1,slur,stamp,mn-1-12-1-1-4
mn-1-12-1-1-5--slur--start--1,slur,stamp,mn-1-12-1-1-5
mn-1-12-1-1-5--accent--1,accent,derive,mn-1-12-1-1-5
mn-1-12-1-1-8--slur--stop--1,slur,stamp,mn-1-12-1-1-8
mn-1-12-5-2-2--staccato--1,staccato,derive,mn-1-12-5-2-2
mn-1-12-5-2-2--arpeggiate--1,arpeggiate,stamp,mn-1-12-5-2-2
mn-1-12-5-2-3--arpeggiate--1,arpeggiate,stamp,mn-1-12-5-2-3
mn-1-12-5-2-4--arpeggiate--1,arpeggiate,stamp,mn-1-12-5-2-4
mn-1-12-5-2-5--arpeggiate--1,arpeggiate,stamp,mn-1-12-5-2-5
mn-1-12-5-2-9--staccato--1,staccato,derive,mn-1-12-5-2-9
mn-1-12-5-2-9--arpeggiate--1,arpeggiate,stamp,mn-1-12-5-2-9
mn-1-12-5-2-10--arpeggiate--1,arpeggiate,stamp,mn-1-12-5-2-10
mn-1-12-5-2-11--arpeggiate--1,arpeggiate,stamp,mn-1-12-5-2-11
mn-1-12-5-2-12--arpeggiate--1,arpeggiate,stamp,mn-1-12-5-2-12
mn-1-13-1-1-1--tied--start--1,tied,stamp,mn-1-13-1-1-1
mn-1-13-1-1-2--tied--stop--1,tied,stamp,mn-1-13-1-1-2
mn-1-13-1-1-2--tuplet--start--1,tuplet,stamp,mn-1-13-1-1-2
mn-1-13-1-1-2--slur--start--1,slur,stamp,mn-1-13-1-1-2
mn-1-13-1-1-4--tuplet--stop--1,tuplet,stamp,mn-1-13-1-1-4
mn-1-13-1-1-4--slur--stop--1,slur,stamp,mn-1-13-1-1-4
mn-1-13-1-1-5--tuplet--start--1,tuplet,stamp,mn-1-13-1-1-5
mn-1-13-1-1-5--slur--start--1,slur,stamp,mn-1-13-1-1-5
mn-1-13-1-1-7--tuplet--stop--1,tuplet,stamp,mn-1-13-1-1-7
mn-1-13-1-1-7--slur--stop--1,slur,stamp,mn-1-13-1-1-7
mn-1-13-1-1-8--tuplet--start--1,tuplet,stamp,mn-1-13-1-1-8
mn-1-13-1-1-8--slur--start--1,slur,stamp,mn-1-13-1-1-8
mn-1-13-1-1-10--tuplet--stop--1,tuplet,stamp,mn-1-13-1-1-10
mn-1-13-1-1-10--slur--stop--1,slur,stamp,mn-1-13-1-1-10
mn-1-13-1-1-19--tuplet--start--1,tuplet,stamp,mn-1-13-1-1-19
mn-1-13-1-1-23--tuplet--stop--1,tuplet,stamp,mn-1-13-1-1-23
mn-1-13-1-1-24--tuplet--start--1,tuplet,stamp,mn-1-13-1-1-24
mn-1-13-1-1-28--tuplet--stop--1,tuplet,stamp,mn-1-13-1-1-28
mn-1-13-1-1-29--tuplet--start--1,tuplet,stamp,mn-1-13-1-1-29
mn-1-13-1-1-33--tuplet--stop--1,tuplet,stamp,mn-1-13-1-1-33
mn-1-13-1-1-34--tuplet--start--1,tuplet,stamp,mn-1-13-1-1-34
mn-1-13-1-1-38--tuplet--stop--1,tuplet,stamp,mn-1-13-1-1-38
mn-1-13-1-1-39--tuplet--start--1,tuplet,stamp,mn-1-13-1-1-39
mn-1-13-1-1-39--slur--start--1,slur,stamp,mn-1-13-1-1-39
mn-1-13-1-1-43--tuplet--stop--1,tuplet,stamp,mn-1-13-1-1-43
mn-1-13-1-1-43--slur--stop--1,slur,stamp,mn-1-13-1-1-43
mn-1-13-1-1-44--tuplet--start--1,tuplet,stamp,mn-1-13-1-1-44
mn-1-13-1-1-48--tuplet--stop--1,tuplet,stamp,mn-1-13-1-1-48
mn-1-13-1-1-49--tuplet--start--1,tuplet,stamp,mn-1-13-1-1-49
mn-1-13-1-1-53--tuplet--stop--1,tuplet,stamp,mn-1-13-1-1-53
mn-1-13-1-1-54--tuplet--start--1,tuplet,stamp,mn-1-13-1-1-54
mn-1-13-1-1-58--tuplet--stop--1,tuplet,stamp,mn-1-13-1-1-58
mn-1-13-1-1-59--tuplet--start--1,tuplet,stamp,mn-1-13-1-1-59
mn-1-13-1-1-63--tuplet--stop--1,tuplet,stamp,mn-1-13-1-1-63
mn-1-13-1-1-64--tuplet--start--1,tuplet,stamp,mn-1-13-1-1-64
mn-1-13-1-1-68--tuplet--stop--1,tuplet,stamp,mn-1-13-1-1-68
mn-1-13-5-2-2--strong-accent--1,strong-accent,derive,mn-1-13-5-2-2
mn-1-13-5-2-2--arpeggiate--1,arpeggiate,stamp,mn-1-13-5-2-2
mn-1-13-5-2-3--arpeggiate--1,arpeggiate,stamp,mn-1-13-5-2-3
mn-1-13-5-2-4--arpeggiate--1,arpeggiate,stamp,mn-1-13-5-2-4
mn-1-13-5-2-5--arpeggiate--1,arpeggiate,stamp,mn-1-13-5-2-5
md-1-13-1-1,pedal,md,1
md-1-13-1-2,wedge,md,1
md-1-13-1-3,octave-shift,md,1
md-1-13-1-4,wedge,md,1
mn-1-14-1-1-1--tuplet--start--1,tuplet,stamp,mn-1-14-1-1-1
mn-1-14-1-1-5--tuplet--stop--1,tuplet,stamp,mn-1-14-1-1-5
mn-1-14-1-1-6--tuplet--start--1,tuplet,stamp,mn-1-14-1-1-6
mn-1-14-1-1-10--tuplet--stop--1,tuplet,stamp,mn-1-14-1-1-10
mn-1-14-1-1-11--tuplet--start--1,tuplet,stamp,mn-1-14-1-1-11
mn-1-14-1-1-15--tuplet--stop--1,tuplet,stamp,mn-1-14-1-1-15
mn-1-14-1-1-16--tuplet--start--1,tuplet,stamp,mn-1-14-1-1-16
mn-1-14-1-1-20--tuplet--stop--1,tuplet,stamp,mn-1-14-1-1-20
mn-1-14-1-1-21--tuplet--start--1,tuplet,stamp,mn-1-14-1-1-21
mn-1-14-1-1-21--slur--start--1,slur,stamp,mn-1-14-1-1-21
mn-1-14-1-1-21--accent--1,accent,derive,mn-1-14-1-1-21
mn-1-14-1-1-25--tuplet--stop--1,tuplet,stamp,mn-1-14-1-1-25
mn-1-14-1-1-25--slur--stop--1,slur,stamp,mn-1-14-1-1-25
mn-1-14-1-1-26--tuplet--start--1,tuplet,stamp,mn-1-14-1-1-26
mn-1-14-1-1-26--slur--start--1,slur,stamp,mn-1-14-1-1-26
mn-1-14-1-1-26--accent--1,accent,derive,mn-1-14-1-1-26
mn-1-14-1-1-30--tuplet--stop--1,tuplet,stamp,mn-1-14-1-1-30
mn-1-14-1-1-30--slur--stop--1,slur,stamp,mn-1-14-1-1-30
mn-1-14-1-1-31--tuplet--start--1,tuplet,stamp,mn-1-14-1-1-31
mn-1-14-1-1-31--slur--start--1,slur,stamp,mn-1-14-1-1-31
mn-1-14-1-1-31--accent--1,accent,derive,mn-1-14-1-1-31
mn-1-14-1-1-35--tuplet--stop--1,tuplet,stamp,mn-1-14-1-1-35
mn-1-14-1-1-35--slur--stop--1,slur,stamp,mn-1-14-1-1-35
mn-1-14-1-1-36--tuplet--start--1,tuplet,stamp,mn-1-14-1-1-36
mn-1-14-1-1-36--slur--start--1,slur,stamp,mn-1-14-1-1-36
mn-1-14-1-1-36--accent--1,accent,derive,mn-1-14-1-1-36
mn-1-14-1-1-40--tuplet--stop--1,tuplet,stamp,mn-1-14-1-1-40
mn-1-14-1-1-40--slur--stop--1,slur,stamp,mn-1-14-1-1-40
mn-1-14-1-1-41--tuplet--start--1,tuplet,stamp,mn-1-14-1-1-41
mn-1-14-1-1-41--slur--start--1,slur,stamp,mn-1-14-1-1-41
mn-1-14-1-1-41--accent--1,accent,derive,mn-1-14-1-1-41
mn-1-14-1-1-45--tuplet--stop--1,tuplet,stamp,mn-1-14-1-1-45
mn-1-14-1-1-45--slur--stop--1,slur,stamp,mn-1-14-1-1-45
mn-1-14-1-1-46--tuplet--start--1,tuplet,stamp,mn-1-14-1-1-46
mn-1-14-1-1-46--slur--start--1,slur,stamp,mn-1-14-1-1-46
mn-1-14-1-1-46--accent--1,accent,derive,mn-1-14-1-1-46
mn-1-14-1-1-50--tuplet--stop--1,tuplet,stamp,mn-1-14-1-1-50
mn-1-14-1-1-50--slur--stop--1,slur,stamp,mn-1-14-1-1-50
mn-1-14-1-1-51--tuplet--start--1,tuplet,stamp,mn-1-14-1-1-51
mn-1-14-1-1-51--slur--start--1,slur,stamp,mn-1-14-1-1-51
mn-1-14-1-1-51--accent--1,accent,derive,mn-1-14-1-1-51
mn-1-14-1-1-55--tuplet--stop--1,tuplet,stamp,mn-1-14-1-1-55
mn-1-14-1-1-55--slur--stop--1,slur,stamp,mn-1-14-1-1-55
mn-1-14-1-1-56--tuplet--start--1,tuplet,stamp,mn-1-14-1-1-56
mn-1-14-1-1-56--slur--start--1,slur,stamp,mn-1-14-1-1-56
mn-1-14-1-1-56--accent--1,accent,derive,mn-1-14-1-1-56
mn-1-14-1-1-60--tuplet--stop--1,tuplet,stamp,mn-1-14-1-1-60
mn-1-14-1-1-60--slur--stop--1,slur,stamp,mn-1-14-1-1-60
mn-1-14-5-2-2--slur--start--1,slur,stamp,mn-1-14-5-2-2
mn-1-14-5-2-14--slur--stop--1,slur,stamp,mn-1-14-5-2-14
md-1-14-1-1,pedal,md,1
md-1-14-1-2,pedal,md,1
md-1-14-1-3,wedge,md,1
mn-1-15-1-1-1--tuplet--start--1,tuplet,stamp,mn-1-15-1-1-1
mn-1-15-1-1-1--slur--start--1,slur,stamp,mn-1-15-1-1-1
mn-1-15-1-1-5--tuplet--stop--1,tuplet,stamp,mn-1-15-1-1-5
mn-1-15-1-1-5--slur--stop--1,slur,stamp,mn-1-15-1-1-5
mn-1-15-1-1-6--tuplet--start--1,tuplet,stamp,mn-1-15-1-1-6
mn-1-15-1-1-6--slur--start--1,slur,stamp,mn-1-15-1-1-6
mn-1-15-1-1-10--tuplet--stop--1,tuplet,stamp,mn-1-15-1-1-10
mn-1-15-1-1-10--slur--stop--1,slur,stamp,mn-1-15-1-1-10
mn-1-15-1-1-11--tuplet--start--1,tuplet,stamp,mn-1-15-1-1-11
mn-1-15-1-1-11--slur--start--1,slur,stamp,mn-1-15-1-1-11
mn-1-15-1-1-15--tuplet--stop--1,tuplet,stamp,mn-1-15-1-1-15
mn-1-15-1-1-15--slur--stop--1,slur,stamp,mn-1-15-1-1-15
mn-1-15-1-1-16--tuplet--start--1,tuplet,stamp,mn-1-15-1-1-16
mn-1-15-1-1-16--slur--start--1,slur,stamp,mn-1-15-1-1-16
mn-1-15-1-1-20--tuplet--stop--1,tuplet,stamp,mn-1-15-1-1-20
mn-1-15-1-1-20--slur--stop--1,slur,stamp,mn-1-15-1-1-20
mn-1-15-1-1-21--tuplet--start--1,tuplet,stamp,mn-1-15-1-1-21
mn-1-15-1-1-21--slur--start--1,slur,stamp,mn-1-15-1-1-21
mn-1-15-1-1-25--tuplet--stop--1,tuplet,stamp,mn-1-15-1-1-25
mn-1-15-1-1-25--slur--stop--1,slur,stamp,mn-1-15-1-1-25
mn-1-15-1-1-26--tuplet--start--1,tuplet,stamp,mn-1-15-1-1-26
mn-1-15-1-1-26--slur--start--1,slur,stamp,mn-1-15-1-1-26
mn-1-15-1-1-30--tuplet--stop--1,tuplet,stamp,mn-1-15-1-1-30
mn-1-15-1-1-30--slur--stop--1,slur,stamp,mn-1-15-1-1-30
mn-1-15-1-1-31--tuplet--start--1,tuplet,stamp,mn-1-15-1-1-31
mn-1-15-1-1-31--slur--start--1,slur,stamp,mn-1-15-1-1-31
mn-1-15-1-1-35--tuplet--stop--1,tuplet,stamp,mn-1-15-1-1-35
mn-1-15-1-1-35--slur--stop--1,slur,stamp,mn-1-15-1-1-35
mn-1-15-1-1-36--tuplet--start--1,tuplet,stamp,mn-1-15-1-1-36
mn-1-15-1-1-36--slur--start--1,slur,stamp,mn-1-15-1-1-36
mn-1-15-1-1-40--tuplet--stop--1,tuplet,stamp,mn-1-15-1-1-40
mn-1-15-1-1-40--slur--stop--1,slur,stamp,mn-1-15-1-1-40
mn-1-15-1-1-41--tuplet--start--1,tuplet,stamp,mn-1-15-1-1-41
mn-1-15-1-1-41--slur--start--1,slur,stamp,mn-1-15-1-1-41
mn-1-15-1-1-45--tuplet--stop--1,tuplet,stamp,mn-1-15-1-1-45
mn-1-15-1-1-45--slur--stop--1,slur,stamp,mn-1-15-1-1-45
mn-1-15-1-1-46--tuplet--start--1,tuplet,stamp,mn-1-15-1-1-46
mn-1-15-1-1-46--slur--start--1,slur,stamp,mn-1-15-1-1-46
mn-1-15-1-1-50--tuplet--stop--1,tuplet,stamp,mn-1-15-1-1-50
mn-1-15-1-1-50--slur--stop--1,slur,stamp,mn-1-15-1-1-50
mn-1-15-1-1-51--tuplet--start--1,tuplet,stamp,mn-1-15-1-1-51
mn-1-15-1-1-51--slur--start--1,slur,stamp,mn-1-15-1-1-51
mn-1-15-1-1-55--tuplet--stop--1,tuplet,stamp,mn-1-15-1-1-55
mn-1-15-1-1-55--slur--stop--1,slur,stamp,mn-1-15-1-1-55
mn-1-15-1-1-56--tuplet--start--1,tuplet,stamp,mn-1-15-1-1-56
mn-1-15-1-1-56--slur--start--1,slur,stamp,mn-1-15-1-1-56
mn-1-15-1-1-60--tuplet--stop--1,tuplet,stamp,mn-1-15-1-1-60
mn-1-15-1-1-60--slur--stop--1,slur,stamp,mn-1-15-1-1-60
md-1-15-1-1,wedge,md,1
md-1-15-1-2,dynamics,md,1
md-1-15-1-3,octave-shift,md,1
md-1-15-1-4,pedal,md,1
mn-1-16-1-1-1--tuplet--start--1,tuplet,stamp,mn-1-16-1-1-1
mn-1-16-1-1-1--slur--start--1,slur,stamp,mn-1-16-1-1-1
mn-1-16-1-1-5--tuplet--stop--1,tuplet,stamp,mn-1-16-1-1-5
mn-1-16-1-1-5--slur--stop--1,slur,stamp,mn-1-16-1-1-5
mn-1-16-1-1-6--tuplet--start--1,tuplet,stamp,mn-1-16-1-1-6
mn-1-16-1-1-6--slur--start--1,slur,stamp,mn-1-16-1-1-6
mn-1-16-1-1-10--tuplet--stop--1,tuplet,stamp,mn-1-16-1-1-10
mn-1-16-1-1-10--slur--stop--1,slur,stamp,mn-1-16-1-1-10
mn-1-16-1-1-11--tuplet--start--1,tuplet,stamp,mn-1-16-1-1-11
mn-1-16-1-1-11--slur--start--1,slur,stamp,mn-1-16-1-1-11
mn-1-16-1-1-15--tuplet--stop--1,tuplet,stamp,mn-1-16-1-1-15
mn-1-16-1-1-15--slur--stop--1,slur,stamp,mn-1-16-1-1-15
mn-1-16-1-1-16--tuplet--start--1,tuplet,stamp,mn-1-16-1-1-16
mn-1-16-1-1-16--slur--start--1,slur,stamp,mn-1-16-1-1-16
mn-1-16-1-1-21--tuplet--stop--1,tuplet,stamp,mn-1-16-1-1-21
mn-1-16-1-1-22--tuplet--start--1,tuplet,stamp,mn-1-16-1-1-22
mn-1-16-1-1-27--tuplet--stop--1,tuplet,stamp,mn-1-16-1-1-27
mn-1-16-1-1-28--slur--stop--1,slur,stamp,mn-1-16-1-1-28
mn-1-16-1-1-28--staccato--1,staccato,derive,mn-1-16-1-1-28
mn-1-16-1-1-30--slur--start--1,slur,stamp,mn-1-16-1-1-30
mn-1-16-1-1-32--slur--stop--1,slur,stamp,mn-1-16-1-1-32
mn-1-16-1-1-33--fermata--upright--1,fermata,stamp,mn-1-16-1-1-33
mn-1-16-1-1-34--tuplet--start--1,tuplet,stamp,mn-1-16-1-1-34
mn-1-16-1-1-34--slur--start--1,slur,stamp,mn-1-16-1-1-34
mn-1-16-1-1-42--tuplet--stop--1,tuplet,stamp,mn-1-16-1-1-42
mn-1-16-1-1-43--slur--stop--1,slur,stamp,mn-1-16-1-1-43
mn-1-16-1-1-43--staccato--1,staccato,derive,mn-1-16-1-1-43
mn-1-16-1-1-45--slur--start--1,slur,stamp,mn-1-16-1-1-45
mn-1-16-1-1-47--slur--stop--1,slur,stamp,mn-1-16-1-1-47
mn-1-16-5-2-4--arpeggiate--1,arpeggiate,stamp,mn-1-16-5-2-4
mn-1-16-5-2-5--arpeggiate--1,arpeggiate,stamp,mn-1-16-5-2-5
mn-1-16-5-2-6--arpeggiate--1,arpeggiate,stamp,mn-1-16-5-2-6
mn-1-16-5-2-7--arpeggiate--1,arpeggiate,stamp,mn-1-16-5-2-7
mn-1-16-5-2-10--arpeggiate--1,arpeggiate,stamp,mn-1-16-5-2-10
mn-1-16-5-2-11--arpeggiate--1,arpeggiate,stamp,mn-1-16-5-2-11
mn-1-16-5-2-12--arpeggiate--1,arpeggiate,stamp,mn-1-16-5-2-12
mn-1-16-5-2-13--arpeggiate--1,arpeggiate,stamp,mn-1-16-5-2-13
md-1-16-1-1,pedal,md,1
md-1-16-1-2,pedal,md,1
md-1-16-1-3,dynamics,md,1
md-1-16-1-4,pedal,md,1
md-1-16-2-1,dynamics,md,2
mn-1-17-1-1-2--fermata--upright--1,fermata,stamp,mn-1-17-1-1-2
mn-1-17-5-2-2--fermata--upright--1,fermata,stamp,mn-1-17-5-2-2
md-1-17-1-1,pedal,md,1
md-1-17-2-1,words,md,2
mn-1-18-1-1-2--tuplet--start--1,tuplet,stamp,mn-1-18-1-1-2
mn-1-18-1-1-6--tuplet--stop--1,tuplet,stamp,mn-1-18-1-1-6
mn-1-18-1-1-7--slur--start--1,slur,stamp,mn-1-18-1-1-7
mn-1-18-1-1-7--staccato--1,staccato,derive,mn-1-18-1-1-7
mn-1-18-1-1-8--slur--stop--1,slur,stamp,mn-1-18-1-1-8
mn-1-18-1-1-8--staccato--1,staccato,derive,mn-1-18-1-1-8
md-1-18-1-1,words,md,1
mn-1-19-1-1-2--slur--start--1,slur,stamp,mn-1-19-1-1-2
mn-1-19-1-1-2--accent--1,accent,derive,mn-1-19-1-1-2
mn-1-19-1-1-5--slur--stop--1,slur,stamp,mn-1-19-1-1-5
mn-1-19-1-1-7--slur--start--1,slur,stamp,mn-1-19-1-1-7
mn-1-19-1-1-7--accent--1,accent,derive,mn-1-19-1-1-7
mn-1-19-1-1-10--slur--stop--1,slur,stamp,mn-1-19-1-1-10
mn-1-19-5-2-1--slur--start--1,slur,stamp,mn-1-19-5-2-1
mn-1-19-5-2-2--arpeggiate--1,arpeggiate,stamp,mn-1-19-5-2-2
mn-1-19-5-2-3--arpeggiate--1,arpeggiate,stamp,mn-1-19-5-2-3
mn-1-19-5-2-6--slur--stop--1,slur,stamp,mn-1-19-5-2-6
mn-1-19-5-2-9--slur--start--1,slur,stamp,mn-1-19-5-2-9
mn-1-19-5-2-10--arpeggiate--1,arpeggiate,stamp,mn-1-19-5-2-10
mn-1-19-5-2-11--arpeggiate--1,arpeggiate,stamp,mn-1-19-5-2-11
mn-1-19-5-2-14--slur--stop--1,slur,stamp,mn-1-19-5-2-14
md-1-19-1-1,pedal,md,1
md-1-19-1-2,pedal,md,1
mn-1-20-1-1-2--slur--start--1,slur,stamp,mn-1-20-1-1-2
mn-1-20-1-1-2--accent--1,accent,derive,mn-1-20-1-1-2
mn-1-20-1-1-6--tuplet--start--1,tuplet,stamp,mn-1-20-1-1-6
mn-1-20-1-1-8--tuplet--stop--1,tuplet,stamp,mn-1-20-1-1-8
mn-1-20-1-1-9--fermata--upright--1,fermata,stamp,mn-1-20-1-1-9
mn-1-20-1-1-9--trill-mark--1,trill-mark,derive,mn-1-20-1-1-9
mn-1-20-1-1-10--tuplet--start--1,tuplet,stamp,mn-1-20-1-1-10
mn-1-20-1-1-12--tuplet--stop--1,tuplet,stamp,mn-1-20-1-1-12
mn-1-20-1-1-13--tuplet--start--1,tuplet,stamp,mn-1-20-1-1-13
mn-1-20-1-1-15--tuplet--stop--1,tuplet,stamp,mn-1-20-1-1-15
mn-1-20-1-1-16--tuplet--start--1,tuplet,stamp,mn-1-20-1-1-16
mn-1-20-1-1-18--tuplet--stop--1,tuplet,stamp,mn-1-20-1-1-18
mn-1-20-1-1-19--tuplet--start--1,tuplet,stamp,mn-1-20-1-1-19
mn-1-20-1-1-21--tuplet--stop--1,tuplet,stamp,mn-1-20-1-1-21
mn-1-20-1-1-21--slur--stop--1,slur,stamp,mn-1-20-1-1-21
mn-1-20-5-2-8--fermata--upright--1,fermata,stamp,mn-1-20-5-2-8
md-1-20-1-1,pedal,md,1
md-1-20-1-2,words,md,1
md-1-20-1-3,pedal,md,1
md-1-20-2-1,words,md,2
mn-1-21-1-1-2--slur--start--1,slur,stamp,mn-1-21-1-1-2
mn-1-21-1-1-2--accent--1,accent,derive,mn-1-21-1-1-2
mn-1-21-1-1-5--slur--stop--1,slur,stamp,mn-1-21-1-1-5
mn-1-21-1-1-7--slur--start--1,slur,stamp,mn-1-21-1-1-7
mn-1-21-1-1-7--accent--1,accent,derive,mn-1-21-1-1-7
mn-1-21-1-1-10--slur--stop--1,slur,stamp,mn-1-21-1-1-10
mn-1-21-5-2-1--slur--start--1,slur,stamp,mn-1-21-5-2-1
mn-1-21-5-2-2--arpeggiate--1,arpeggiate,stamp,mn-1-21-5-2-2
mn-1-21-5-2-3--arpeggiate--1,arpeggiate,stamp,mn-1-21-5-2-3
mn-1-21-5-2-6--slur--stop--1,slur,stamp,mn-1-21-5-2-6
mn-1-21-5-2-9--slur--start--1,slur,stamp,mn-1-21-5-2-9
mn-1-21-5-2-10--arpeggiate--1,arpeggiate,stamp,mn-1-21-5-2-10
mn-1-21-5-2-11--arpeggiate--1,arpeggiate,stamp,mn-1-21-5-2-11
mn-1-21-5-2-14--slur--stop--1,slur,stamp,mn-1-21-5-2-14
md-1-21-1-1,pedal,md,1
md-1-21-1-2,pedal,md,1
mn-1-22-1-1-7--tuplet--start--1,tuplet,stamp,mn-1-22-1-1-7
mn-1-22-1-1-7--slur--start--1,slur,stamp,mn-1-22-1-1-7
mn-1-22-1-1-9--tuplet--stop--1,tuplet,stamp,mn-1-22-1-1-9
mn-1-22-1-1-9--slur--stop--1,slur,stamp,mn-1-22-1-1-9
mn-1-22-1-1-13--tuplet--start--1,tuplet,stamp,mn-1-22-1-1-13
mn-1-22-1-1-17--tuplet--stop--1,tuplet,stamp,mn-1-22-1-1-17
mn-1-22-1-1-18--slur--start--1,slur,stamp,mn-1-22-1-1-18
mn-1-22-1-1-18--staccato--1,staccato,derive,mn-1-22-1-1-18
mn-1-22-1-1-19--slur--stop--1,slur,stamp,mn-1-22-1-1-19
mn-1-22-1-1-19--staccato--1,staccato,derive,mn-1-22-1-1-19
mn-1-22-5-1-1--slur--start--1,slur,stamp,mn-1-22-5-1-1
mn-1-22-5-1-5--slur--stop--1,slur,stamp,mn-1-22-5-1-5
md-1-22-1-1,pedal,md,1
md-1-22-1-2,octave-shift,md,1
md-1-22-1-3,octave-shift,md,1
md-1-22-1-4,pedal,md,1
md-1-22-2-1,words,md,2
mn-1-23-1-1-2--slur--start--1,slur,stamp,mn-1-23-1-1-2
mn-1-23-1-1-2--accent--1,accent,derive,mn-1-23-1-1-2
mn-1-23-1-1-5--slur--stop--1,slur,stamp,mn-1-23-1-1-5
mn-1-23-1-1-7--slur--start--1,slur,stamp,mn-1-23-1-1-7
mn-1-23-1-1-7--accent--1,accent,derive,mn-1-23-1-1-7
mn-1-23-1-1-10--slur--stop--1,slur,stamp,mn-1-23-1-1-10
md-1-23-1-1,pedal,md,1
md-1-23-1-2,pedal,md,1
mn-1-24-1-1-2--slur--start--1,slur,stamp,mn-1-24-1-1-2
mn-1-24-1-1-2--accent--1,accent,derive,mn-1-24-1-1-2
mn-1-24-1-1-6--tuplet--start--1,tuplet,stamp,mn-1-24-1-1-6
mn-1-24-1-1-8--tuplet--stop--1,tuplet,stamp,mn-1-24-1-1-8
mn-1-24-1-1-9--fermata--upright--1,fermata,stamp,mn-1-24-1-1-9
mn-1-24-1-1-9--trill-mark--1,trill-mark,derive,mn-1-24-1-1-9
mn-1-24-1-1-10--tuplet--start--1,tuplet,stamp,mn-1-24-1-1-10
mn-1-24-1-1-12--tuplet--stop--1,tuplet,stamp,mn-1-24-1-1-12
mn-1-24-1-1-13--tuplet--start--1,tuplet,stamp,mn-1-24-1-1-13
mn-1-24-1-1-15--tuplet--stop--1,tuplet,stamp,mn-1-24-1-1-15
mn-1-24-1-1-16--tuplet--start--1,tuplet,stamp,mn-1-24-1-1-16
mn-1-24-1-1-18--tuplet--stop--1,tuplet,stamp,mn-1-24-1-1-18
mn-1-24-1-1-19--tuplet--start--1,tuplet,stamp,mn-1-24-1-1-19
mn-1-24-1-1-21--tuplet--stop--1,tuplet,stamp,mn-1-24-1-1-21
mn-1-24-1-1-21--slur--stop--1,slur,stamp,mn-1-24-1-1-21
md-1-24-1-1,pedal,md,1
md-1-24-1-2,pedal,md,1
mn-1-25-1-1-2--slur--start--1,slur,stamp,mn-1-25-1-1-2
mn-1-25-1-1-2--accent--1,accent,derive,mn-1-25-1-1-2
mn-1-25-1-1-5--slur--stop--1,slur,stamp,mn-1-25-1-1-5
mn-1-25-1-1-7--slur--start--1,slur,stamp,mn-1-25-1-1-7
mn-1-25-1-1-7--accent--1,accent,derive,mn-1-25-1-1-7
mn-1-25-1-1-10--slur--stop--1,slur,stamp,mn-1-25-1-1-10
md-1-25-1-1,pedal,md,1
md-1-25-1-2,pedal,md,1
md-1-25-1-3,pedal,md,1
md-1-25-1-4,pedal,md,1
mn-1-26-1-1-7--tuplet--start--1,tuplet,stamp,mn-1-26-1-1-7
mn-1-26-1-1-7--slur--start--1,slur,stamp,mn-1-26-1-1-7
mn-1-26-1-1-9--tuplet--stop--1,tuplet,stamp,mn-1-26-1-1-9
mn-1-26-1-1-9--slur--stop--1,slur,stamp,mn-1-26-1-1-9
mn-1-26-1-1-11--fermata--upright--1,fermata,stamp,mn-1-26-1-1-11
mn-1-26-1-1-12--tuplet--start--1,tuplet,stamp,mn-1-26-1-1-12
mn-1-26-1-1-14--tuplet--stop--1,tuplet,stamp,mn-1-26-1-1-14
mn-1-26-5-2-14--fermata--upright--1,fermata,stamp,mn-1-26-5-2-14
md-1-26-1-1,pedal,md,1
md-1-26-1-2,words,md,1
md-1-26-1-3,octave-shift,md,1
md-1-26-1-4,octave-shift,md,1
md-1-26-1-5,pedal,md,1
mn-1-27-1-1-1--slur--start--1,slur,stamp,mn-1-27-1-1-1
mn-1-27-1-1-1--accent--1,accent,derive,mn-1-27-1-1-1
mn-1-27-1-1-1--arpeggiate--1,arpeggiate,stamp,mn-1-27-1-1-1
mn-1-27-1-1-2--arpeggiate--1,arpeggiate,stamp,mn-1-27-1-1-2
mn-1-27-1-1-4--slur--stop--1,slur,stamp,mn-1-27-1-1-4
mn-1-27-1-1-6--slur--start--1,slur,stamp,mn-1-27-1-1-6
mn-1-27-1-1-12--slur--stop--1,slur,stamp,mn-1-27-1-1-12
mn-1-27-5-2-2--slur--start--1,slur,stamp,mn-1-27-5-2-2
mn-1-27-5-2-5--slur--stop--1,slur,stamp,mn-1-27-5-2-5
mn-1-27-5-2-6--slur--start--1,slur,stamp,mn-1-27-5-2-6
mn-1-27-5-2-7--slur--stop--1,slur,stamp,mn-1-27-5-2-7
mn-1-27-5-2-9--slur--start--1,slur,stamp,mn-1-27-5-2-9
mn-1-27-5-2-12--slur--stop--1,slur,stamp,mn-1-27-5-2-12
mn-1-27-5-2-13--slur--start--1,slur,stamp,mn-1-27-5-2-13
mn-1-27-5-2-14--slur--stop--1,slur,stamp,mn-1-27-5-2-14
mn-1-27-6-2-3--tied--start--1,tied,stamp,mn-1-27-6-2-3
mn-1-27-6-2-3--tuplet--start--1,tuplet,stamp,mn-1-27-6-2-3
mn-1-27-6-2-4--tied--start--1,tied,stamp,mn-1-27-6-2-4
mn-1-27-6-2-5--tuplet--stop--1,tuplet,stamp,mn-1-27-6-2-5
mn-1-27-6-2-6--tied--stop--1,tied,stamp,mn-1-27-6-2-6
mn-1-27-6-2-7--tied--stop--1,tied,stamp,mn-1-27-6-2-7
mn-1-27-6-2-12--tied--start--1,tied,stamp,mn-1-27-6-2-12
mn-1-27-6-2-12--tuplet--start--1,tuplet,stamp,mn-1-27-6-2-12
mn-1-27-6-2-13--tied--start--1,tied,stamp,mn-1-27-6-2-13
mn-1-27-6-2-14--tuplet--stop--1,tuplet,stamp,mn-1-27-6-2-14
mn-1-27-6-2-15--tied--stop--1,tied,stamp,mn-1-27-6-2-15
mn-1-27-6-2-16--tied--stop--1,tied,stamp,mn-1-27-6-2-16
mn-1-28-1-1-1--tied--start--1,tied,stamp,mn-1-28-1-1-1
mn-1-28-1-1-1--accent--1,accent,derive,mn-1-28-1-1-1
mn-1-28-1-1-2--tied--start--1,tied,stamp,mn-1-28-1-1-2
mn-1-28-1-1-4--tied--stop--1,tied,stamp,mn-1-28-1-1-4
mn-1-28-1-1-5--tied--stop--1,tied,stamp,mn-1-28-1-1-5
mn-1-28-1-1-8--tied--start--1,tied,stamp,mn-1-28-1-1-8
mn-1-28-1-1-9--tied--start--1,tied,stamp,mn-1-28-1-1-9
mn-1-28-1-1-11--tied--stop--1,tied,stamp,mn-1-28-1-1-11
mn-1-28-1-1-11--tuplet--start--1,tuplet,stamp,mn-1-28-1-1-11
mn-1-28-1-1-11--slur--start--1,slur,stamp,mn-1-28-1-1-11
mn-1-28-1-1-11--staccato--1,staccato,derive,mn-1-28-1-1-11
mn-1-28-1-1-12--tied--stop--1,tied,stamp,mn-1-28-1-1-12
mn-1-28-1-1-13--staccato--1,staccato,derive,mn-1-28-1-1-13
mn-1-28-1-1-15--staccato--1,staccato,derive,mn-1-28-1-1-15
mn-1-28-1-1-17--staccato--1,staccato,derive,mn-1-28-1-1-17
mn-1-28-1-1-19--staccato--1,staccato,derive,mn-1-28-1-1-19
mn-1-28-1-1-21--tuplet--stop--1,tuplet,stamp,mn-1-28-1-1-21
mn-1-28-1-1-21--slur--stop--1,slur,stamp,mn-1-28-1-1-21
mn-1-28-1-1-21--staccato--1,staccato,derive,mn-1-28-1-1-21
mn-1-28-5-2-2--slur--start--1,slur,stamp,mn-1-28-5-2-2
mn-1-28-5-2-5--slur--stop--1,slur,stamp,mn-1-28-5-2-5
mn-1-28-5-2-6--slur--start--1,slur,stamp,mn-1-28-5-2-6
mn-1-28-5-2-7--slur--stop--1,slur,stamp,mn-1-28-5-2-7
mn-1-28-5-2-9--slur--start--1,slur,stamp,mn-1-28-5-2-9
mn-1-28-5-2-12--slur--stop--1,slur,stamp,mn-1-28-5-2-12
mn-1-28-5-2-14--slur--stop--1,slur,stamp,mn-1-28-5-2-14
mn-1-28-6-2-3--tied--start--1,tied,stamp,mn-1-28-6-2-3
mn-1-28-6-2-3--tuplet--start--1,tuplet,stamp,mn-1-28-6-2-3
mn-1-28-6-2-4--tied--start--1,tied,stamp,mn-1-28-6-2-4
mn-1-28-6-2-5--tuplet--stop--1,tuplet,stamp,mn-1-28-6-2-5
mn-1-28-6-2-6--tied--stop--1,tied,stamp,mn-1-28-6-2-6
mn-1-28-6-2-7--tied--stop--1,tied,stamp,mn-1-28-6-2-7
mn-1-28-6-2-12--tied--start--1,tied,stamp,mn-1-28-6-2-12
mn-1-28-6-2-12--tuplet--start--1,tuplet,stamp,mn-1-28-6-2-12
mn-1-28-6-2-13--tied--start--1,tied,stamp,mn-1-28-6-2-13
mn-1-28-6-2-14--tuplet--stop--1,tuplet,stamp,mn-1-28-6-2-14
mn-1-28-6-2-15--tied--stop--1,tied,stamp,mn-1-28-6-2-15
mn-1-28-6-2-16--tied--stop--1,tied,stamp,mn-1-28-6-2-16
mn-1-28-6-2-17--slur--start--1,slur,stamp,mn-1-28-6-2-17
md-1-28-2-1,wedge,md,2
md-1-28-2-2,wedge,md,2
mn-1-29-1-1-1--staccato--1,staccato,derive,mn-1-29-1-1-1
mn-1-29-1-1-4--slur--start--1,slur,stamp,mn-1-29-1-1-4
mn-1-29-1-1-4--strong-accent--1,strong-accent,derive,mn-1-29-1-1-4
mn-1-29-1-1-8--slur--stop--1,slur,stamp,mn-1-29-1-1-8
mn-1-29-1-1-8--slur--start--2,slur,stamp,mn-1-29-1-1-8
mn-1-29-1-1-13--accent--1,accent,derive,mn-1-29-1-1-13
mn-1-29-1-1-15--slur--stop--1,slur,stamp,mn-1-29-1-1-15
mn-1-29-5-2-2--slur--start--1,slur,stamp,mn-1-29-5-2-2
mn-1-29-5-2-5--slur--stop--1,slur,stamp,mn-1-29-5-2-5
mn-1-29-5-2-6--slur--start--1,slur,stamp,mn-1-29-5-2-6
mn-1-29-5-2-7--slur--stop--1,slur,stamp,mn-1-29-5-2-7
mn-1-29-5-2-9--slur--start--1,slur,stamp,mn-1-29-5-2-9
mn-1-29-5-2-12--slur--stop--1,slur,stamp,mn-1-29-5-2-12
mn-1-29-5-2-13--slur--start--1,slur,stamp,mn-1-29-5-2-13
mn-1-29-5-2-14--slur--stop--1,slur,stamp,mn-1-29-5-2-14
mn-1-29-6-2-3--tied--start--1,tied,stamp,mn-1-29-6-2-3
mn-1-29-6-2-3--tuplet--start--1,tuplet,stamp,mn-1-29-6-2-3
mn-1-29-6-2-4--tied--start--1,tied,stamp,mn-1-29-6-2-4
mn-1-29-6-2-5--tuplet--stop--1,tuplet,stamp,mn-1-29-6-2-5
mn-1-29-6-2-6--tied--stop--1,tied,stamp,mn-1-29-6-2-6
mn-1-29-6-2-7--tied--stop--1,tied,stamp,mn-1-29-6-2-7
mn-1-29-6-2-12--tied--start--1,tied,stamp,mn-1-29-6-2-12
mn-1-29-6-2-12--tuplet--start--1,tuplet,stamp,mn-1-29-6-2-12
mn-1-29-6-2-13--tied--start--1,tied,stamp,mn-1-29-6-2-13
mn-1-29-6-2-14--tuplet--stop--1,tuplet,stamp,mn-1-29-6-2-14
mn-1-29-6-2-15--tied--stop--1,tied,stamp,mn-1-29-6-2-15
mn-1-29-6-2-16--tied--stop--1,tied,stamp,mn-1-29-6-2-16
mn-1-30-1-1-1--slur--start--1,slur,stamp,mn-1-30-1-1-1
mn-1-30-1-1-8--slur--stop--1,slur,stamp,mn-1-30-1-1-8
mn-1-30-1-1-10--slur--start--1,slur,stamp,mn-1-30-1-1-10
mn-1-30-1-1-13--staccato--1,staccato,derive,mn-1-30-1-1-13
mn-1-30-1-1-15--staccato--1,staccato,derive,mn-1-30-1-1-15
mn-1-30-1-1-17--slur--stop--1,slur,stamp,mn-1-30-1-1-17
mn-1-30-1-1-17--staccato--1,staccato,derive,mn-1-30-1-1-17
mn-1-30-5-2-2--slur--start--1,slur,stamp,mn-1-30-5-2-2
mn-1-30-5-2-4--slur--stop--1,slur,stamp,mn-1-30-5-2-4
mn-1-30-5-2-6--slur--start--1,slur,stamp,mn-1-30-5-2-6
mn-1-30-5-2-7--slur--stop--1,slur,stamp,mn-1-30-5-2-7
mn-1-30-5-2-9--slur--start--1,slur,stamp,mn-1-30-5-2-9
mn-1-30-5-2-12--slur--stop--1,slur,stamp,mn-1-30-5-2-12
mn-1-30-5-2-13--slur--start--1,slur,stamp,mn-1-30-5-2-13
mn-1-30-5-2-14--slur--stop--1,slur,stamp,mn-1-30-5-2-14
mn-1-30-6-2-3--tied--start--1,tied,stamp,mn-1-30-6-2-3
mn-1-30-6-2-3--tuplet--start--1,tuplet,stamp,mn-1-30-6-2-3
mn-1-30-6-2-4--tied--start--1,tied,stamp,mn-1-30-6-2-4
mn-1-30-6-2-5--tuplet--stop--1,tuplet,stamp,mn-1-30-6-2-5
mn-1-30-6-2-6--tied--stop--1,tied,stamp,mn-1-30-6-2-6
mn-1-30-6-2-7--tied--stop--1,tied,stamp,mn-1-30-6-2-7
mn-1-30-6-2-12--tied--start--1,tied,stamp,mn-1-30-6-2-12
mn-1-30-6-2-12--tuplet--start--1,tuplet,stamp,mn-1-30-6-2-12
mn-1-30-6-2-13--tied--start--1,tied,stamp,mn-1-30-6-2-13
mn-1-30-6-2-14--tuplet--stop--1,tuplet,stamp,mn-1-30-6-2-14
mn-1-30-6-2-15--tied--stop--1,tied,stamp,mn-1-30-6-2-15
mn-1-30-6-2-16--tied--stop--1,tied,stamp,mn-1-30-6-2-16
mn-1-31-1-1-1--tied--start--1,tied,stamp,mn-1-31-1-1-1
mn-1-31-1-1-2--tied--start--1,tied,stamp,mn-1-31-1-1-2
mn-1-31-1-1-3--tied--stop--1,tied,stamp,mn-1-31-1-1-3
mn-1-31-1-1-4--tied--stop--1,tied,stamp,mn-1-31-1-1-4
mn-1-31-1-1-5--staccato--1,staccato,derive,mn-1-31-1-1-5
mn-1-31-1-1-7--staccato--1,staccato,derive,mn-1-31-1-1-7
mn-1-31-1-1-9--staccato--1,staccato,derive,mn-1-31-1-1-9
mn-1-31-1-1-11--staccato--1,staccato,derive,mn-1-31-1-1-11
mn-1-31-1-1-12--staccato--1,staccato,derive,mn-1-31-1-1-12
mn-1-31-1-1-14--staccato--1,staccato,derive,mn-1-31-1-1-14
mn-1-31-1-1-16--staccato--1,staccato,derive,mn-1-31-1-1-16
mn-1-31-1-1-18--tied--start--1,tied,stamp,mn-1-31-1-1-18
mn-1-31-1-1-19--tied--start--1,tied,stamp,mn-1-31-1-1-19
mn-1-31-1-1-20--tied--stop--1,tied,stamp,mn-1-31-1-1-20
mn-1-31-1-1-21--tied--stop--1,tied,stamp,mn-1-31-1-1-21
mn-1-31-1-1-22--staccato--1,staccato,derive,mn-1-31-1-1-22
mn-1-31-1-1-24--staccato--1,staccato,derive,mn-1-31-1-1-24
mn-1-31-1-1-26--staccato--1,staccato,derive,mn-1-31-1-1-26
mn-1-31-1-1-28--staccato--1,staccato,derive,mn-1-31-1-1-28
mn-1-31-1-1-30--staccato--1,staccato,derive,mn-1-31-1-1-30
mn-1-31-1-1-32--staccato--1,staccato,derive,mn-1-31-1-1-32
mn-1-31-1-1-34--staccato--1,staccato,derive,mn-1-31-1-1-34
mn-1-31-5-2-2--slur--start--1,slur,stamp,mn-1-31-5-2-2
mn-1-31-5-2-2--staccato--1,staccato,derive,mn-1-31-5-2-2
mn-1-31-5-2-5--staccato--1,staccato,derive,mn-1-31-5-2-5
mn-1-31-5-2-7--slur--stop--1,slur,stamp,mn-1-31-5-2-7
mn-1-31-5-2-7--staccato--1,staccato,derive,mn-1-31-5-2-7
mn-1-31-5-2-11--slur--start--1,slur,stamp,mn-1-31-5-2-11
mn-1-31-5-2-11--staccato--1,staccato,derive,mn-1-31-5-2-11
mn-1-31-5-2-14--staccato--1,staccato,derive,mn-1-31-5-2-14
mn-1-31-5-2-16--slur--stop--1,slur,stamp,mn-1-31-5-2-16
mn-1-31-5-2-16--staccato--1,staccato,derive,mn-1-31-5-2-16
md-1-31-1-1,words,md,1
md-1-31-1-2,words,md,1
md-1-31-1-3,octave-shift,md,1
md-1-31-1-4,octave-shift,md,1
md-1-31-2-1,dynamics,md,2
mn-1-32-1-1-1--tied--start--1,tied,stamp,mn-1-32-1-1-1
mn-1-32-1-1-2--tied--start--1,tied,stamp,mn-1-32-1-1-2
mn-1-32-1-1-3--tied--stop--1,tied,stamp,mn-1-32-1-1-3
mn-1-32-1-1-4--tied--stop--1,tied,stamp,mn-1-32-1-1-4
mn-1-32-1-1-5--staccato--1,staccato,derive,mn-1-32-1-1-5
mn-1-32-1-1-7--staccato--1,staccato,derive,mn-1-32-1-1-7
mn-1-32-1-1-9--staccato--1,staccato,derive,mn-1-32-1-1-9
mn-1-32-1-1-11--staccato--1,staccato,derive,mn-1-32-1-1-11
mn-1-32-1-1-12--staccato--1,staccato,derive,mn-1-32-1-1-12
mn-1-32-1-1-14--staccato--1,staccato,derive,mn-1-32-1-1-14
mn-1-32-1-1-16--staccato--1,staccato,derive,mn-1-32-1-1-16
mn-1-32-1-1-18--tied--start--1,tied,stamp,mn-1-32-1-1-18
mn-1-32-1-1-19--tied--start--1,tied,stamp,mn-1-32-1-1-19
mn-1-32-1-1-20--tied--stop--1,tied,stamp,mn-1-32-1-1-20
mn-1-32-1-1-21--tied--stop--1,tied,stamp,mn-1-32-1-1-21
mn-1-32-1-1-22--staccato--1,staccato,derive,mn-1-32-1-1-22
mn-1-32-1-1-24--staccato--1,staccato,derive,mn-1-32-1-1-24
mn-1-32-1-1-26--staccato--1,staccato,derive,mn-1-32-1-1-26
mn-1-32-1-1-28--staccato--1,staccato,derive,mn-1-32-1-1-28
mn-1-32-1-1-30--staccato--1,staccato,derive,mn-1-32-1-1-30
mn-1-32-1-1-32--staccato--1,staccato,derive,mn-1-32-1-1-32
mn-1-32-1-1-34--staccato--1,staccato,derive,mn-1-32-1-1-34
mn-1-32-5-2-2--slur--start--1,slur,stamp,mn-1-32-5-2-2
mn-1-32-5-2-2--staccato--1,staccato,derive,mn-1-32-5-2-2
mn-1-32-5-2-5--staccato--1,staccato,derive,mn-1-32-5-2-5
mn-1-32-5-2-7--slur--stop--1,slur,stamp,mn-1-32-5-2-7
mn-1-32-5-2-7--staccato--1,staccato,derive,mn-1-32-5-2-7
mn-1-32-5-2-11--slur--start--1,slur,stamp,mn-1-32-5-2-11
mn-1-32-5-2-11--staccato--1,staccato,derive,mn-1-32-5-2-11
mn-1-32-5-2-14--staccato--1,staccato,derive,mn-1-32-5-2-14
mn-1-32-5-2-16--slur--stop--1,slur,stamp,mn-1-32-5-2-16
mn-1-32-5-2-16--staccato--1,staccato,derive,mn-1-32-5-2-16
md-1-32-1-1,wedge,md,1
md-1-32-1-2,octave-shift,md,1
md-1-32-1-3,wedge,md,1
md-1-32-1-4,wedge,md,1
md-1-32-1-5,octave-shift,md,1
md-1-32-1-6,wedge,md,1
mn-1-33-1-1-1--tied--start--1,tied,stamp,mn-1-33-1-1-1
mn-1-33-1-1-1--strong-accent--1,strong-accent,derive,mn-1-33-1-1-1
mn-1-33-1-1-1--arpeggiate--1,arpeggiate,stamp,mn-1-33-1-1-1
mn-1-33-1-1-2--tied--start--1,tied,stamp,mn-1-33-1-1-2
mn-1-33-1-1-2--arpeggiate--1,arpeggiate,stamp,mn-1-33-1-1-2
mn-1-33-1-1-3--tied--stop--1,tied,stamp,mn-1-33-1-1-3
mn-1-33-1-1-4--tied--stop--1,tied,stamp,mn-1-33-1-1-4
mn-1-33-1-1-38--staccato--1,staccato,derive,mn-1-33-1-1-38
md-1-33-1-1,dynamics,md,1
md-1-33-1-2,words,md,1
md-1-33-1-3,octave-shift,md,1
md-1-33-1-4,pedal,md,1
md-1-33-1-5,words,md,1
md-1-33-1-6,words,md,1
md-1-33-1-7,octave-shift,md,1
md-1-33-1-8,pedal,md,1
mn-1-34-1-1-1--accent--1,accent,derive,mn-1-34-1-1-1
mn-1-34-1-1-1--arpeggiate--1,arpeggiate,stamp,mn-1-34-1-1-1
mn-1-34-1-1-2--arpeggiate--1,arpeggiate,stamp,mn-1-34-1-1-2
mn-1-34-1-1-3--tied--start--1,tied,stamp,mn-1-34-1-1-3
mn-1-34-1-1-3--arpeggiate--1,arpeggiate,stamp,mn-1-34-1-1-3
mn-1-34-1-1-4--tied--stop--1,tied,stamp,mn-1-34-1-1-4
mn-1-34-1-1-12--tuplet--start--1,tuplet,stamp,mn-1-34-1-1-12
mn-1-34-1-1-12--staccatissimo--1,staccatissimo,derive,mn-1-34-1-1-12
mn-1-34-1-1-18--tuplet--stop--1,tuplet,stamp,mn-1-34-1-1-18
mn-1-34-1-1-19--tuplet--start--1,tuplet,stamp,mn-1-34-1-1-19
mn-1-34-1-1-22--tuplet--stop--1,tuplet,stamp,mn-1-34-1-1-22
mn-1-34-2-1-3--tuplet--start--1,tuplet,stamp,mn-1-34-2-1-3
mn-1-34-2-1-7--tuplet--stop--1,tuplet,stamp,mn-1-34-2-1-7
md-1-34-1-1,pedal,md,1
md-1-34-1-2,pedal,md,1
md-1-34-2-1,dynamics,md,2
md-1-34-2-2,words,md,2
mn-1-35-1-1-1--tied--start--1,tied,stamp,mn-1-35-1-1-1
mn-1-35-1-1-1--strong-accent--1,strong-accent,derive,mn-1-35-1-1-1
mn-1-35-1-1-1--arpeggiate--1,arpeggiate,stamp,mn-1-35-1-1-1
mn-1-35-1-1-2--tied--start--1,tied,stamp,mn-1-35-1-1-2
mn-1-35-1-1-2--arpeggiate--1,arpeggiate,stamp,mn-1-35-1-1-2
mn-1-35-1-1-4--tied--stop--1,tied,stamp,mn-1-35-1-1-4
mn-1-35-1-1-5--tied--stop--1,tied,stamp,mn-1-35-1-1-5
mn-1-35-1-1-39--staccatissimo--1,staccatissimo,derive,mn-1-35-1-1-39
mn-1-35-5-2-8--tied--stop--1,tied,stamp,mn-1-35-5-2-8
mn-1-35-5-2-9--tied--stop--1,tied,stamp,mn-1-35-5-2-9
mn-1-35-5-2-10--tied--stop--1,tied,stamp,mn-1-35-5-2-10
mn-1-35-6-2-1--tied--start--1,tied,stamp,mn-1-35-6-2-1
mn-1-35-6-2-1--tuplet--start--1,tuplet,stamp,mn-1-35-6-2-1
mn-1-35-6-2-2--tied--start--1,tied,stamp,mn-1-35-6-2-2
mn-1-35-6-2-3--tied--start--1,tied,stamp,mn-1-35-6-2-3
mn-1-35-6-2-4--tuplet--stop--1,tuplet,stamp,mn-1-35-6-2-4
md-1-35-1-1,dynamics,md,1
md-1-35-2-1,wedge,md,2
md-1-35-2-2,wedge,md,2
mn-1-36-1-1-1--tied--start--1,tied,stamp,mn-1-36-1-1-1
mn-1-36-1-1-1--strong-accent--1,strong-accent,derive,mn-1-36-1-1-1
mn-1-36-1-1-2--tied--start--1,tied,stamp,mn-1-36-1-1-2
mn-1-36-1-1-3--tied--stop--1,tied,stamp,mn-1-36-1-1-3
mn-1-36-1-1-3--slur--start--1,slur,stamp,mn-1-36-1-1-3
mn-1-36-1-1-4--tied--stop--1,tied,stamp,mn-1-36-1-1-4
mn-1-36-1-1-17--slur--stop--1,slur,stamp,mn-1-36-1-1-17
mn-1-36-1-1-19--tied--start--1,tied,stamp,mn-1-36-1-1-19
mn-1-36-1-1-19--strong-accent--1,strong-accent,derive,mn-1-36-1-1-19
mn-1-36-1-1-20--tied--start--1,tied,stamp,mn-1-36-1-1-20
mn-1-36-1-1-21--tied--stop--1,tied,stamp,mn-1-36-1-1-21
mn-1-36-1-1-22--tied--stop--1,tied,stamp,mn-1-36-1-1-22
mn-1-36-1-1-23--slur--start--1,slur,stamp,mn-1-36-1-1-23
mn-1-36-1-1-31--slur--stop--1,slur,stamp,mn-1-36-1-1-31
mn-1-36-5-2-21--fermata--upright--1,fermata,stamp,mn-1-36-5-2-21
md-1-36-1-1,words,md,1
md-1-36-1-2,bracket,md,1
md-1-36-1-3,bracket,md,1
mn-1-37-1-1-1--staccatissimo--1,staccatissimo,derive,mn-1-37-1-1-1
mn-1-37-5-2-1--staccatissimo--1,staccatissimo,derive,mn-1-37-5-2-1
mn-1-37-5-2-6--trill-mark--1,trill-mark,derive,mn-1-37-5-2-6
mn-1-37-5-2-7--tuplet--start--1,tuplet,stamp,mn-1-37-5-2-7
mn-1-37-5-2-7--slur--start--1,slur,stamp,mn-1-37-5-2-7
mn-1-37-5-1-5--tuplet--stop--1,tuplet,stamp,mn-1-37-5-1-5
mn-1-37-5-1-5--slur--stop--1,slur,stamp,mn-1-37-5-1-5
md-1-37-1-1,words,md,1
md-1-37-2-1,dynamics,md,2
md-1-37-2-2,wedge,md,2
mn-1-38-1-1-1--slur--start--1,slur,stamp,mn-1-38-1-1-1
mn-1-38-1-1-1--accent--1,accent,derive,mn-1-38-1-1-1
mn-1-38-1-1-4--slur--stop--1,slur,stamp,mn-1-38-1-1-4
mn-1-38-1-1-5--slur--start--1,slur,stamp,mn-1-38-1-1-5
mn-1-38-1-1-5--accent--1,accent,derive,mn-1-38-1-1-5
mn-1-38-1-1-8--slur--stop--1,slur,stamp,mn-1-38-1-1-8
mn-1-38-5-2-1--fermata--upright--1,fermata,stamp,mn-1-38-5-2-1
mn-1-38-5-2-2--slur--start--1,slur,stamp,mn-1-38-5-2-2
mn-1-38-5-2-12--slur--stop--1,slur,stamp,mn-1-38-5-2-12
mn-1-38-5-2-13--fermata--upright--1,fermata,stamp,mn-1-38-5-2-13
mn-1-38-5-2-14--slur--start--1,slur,stamp,mn-1-38-5-2-14
mn-1-38-5-2-24--slur--stop--1,slur,stamp,mn-1-38-5-2-24
md-1-38-1-1,words,md,1
mn-1-39-1-1-3--staccatissimo--1,staccatissimo,derive,mn-1-39-1-1-3
mn-1-39-5-2-2--slur--start--1,slur,stamp,mn-1-39-5-2-2
mn-1-39-5-2-12--slur--stop--1,slur,stamp,mn-1-39-5-2-12
mn-1-39-5-2-15--trill-mark--1,trill-mark,derive,mn-1-39-5-2-15
mn-1-39-5-2-16--tuplet--start--1,tuplet,stamp,mn-1-39-5-2-16
mn-1-39-5-2-16--slur--start--1,slur,stamp,mn-1-39-5-2-16
mn-1-39-5-2-24--tuplet--stop--1,tuplet,stamp,mn-1-39-5-2-24
mn-1-39-5-2-24--slur--stop--1,slur,stamp,mn-1-39-5-2-24
mn-1-40-1-1-1--tuplet--start--1,tuplet,stamp,mn-1-40-1-1-1
mn-1-40-1-1-2--slur--start--1,slur,stamp,mn-1-40-1-1-2
mn-1-40-1-1-6--tuplet--stop--1,tuplet,stamp,mn-1-40-1-1-6
mn-1-40-1-1-7--tuplet--start--1,tuplet,stamp,mn-1-40-1-1-7
mn-1-40-1-1-12--tuplet--stop--1,tuplet,stamp,mn-1-40-1-1-12
mn-1-40-1-1-13--tuplet--start--1,tuplet,stamp,mn-1-40-1-1-13
mn-1-40-1-1-18--tuplet--stop--1,tuplet,stamp,mn-1-40-1-1-18
mn-1-40-1-1-18--slur--stop--1,slur,stamp,mn-1-40-1-1-18
mn-1-40-1-1-19--tuplet--start--1,tuplet,stamp,mn-1-40-1-1-19
mn-1-40-1-1-20--slur--start--1,slur,stamp,mn-1-40-1-1-20
mn-1-40-1-1-24--tuplet--stop--1,tuplet,stamp,mn-1-40-1-1-24
mn-1-40-1-1-25--tuplet--start--1,tuplet,stamp,mn-1-40-1-1-25
mn-1-40-1-1-30--tuplet--stop--1,tuplet,stamp,mn-1-40-1-1-30
mn-1-40-1-1-31--tuplet--start--1,tuplet,stamp,mn-1-40-1-1-31
mn-1-40-1-1-36--tuplet--stop--1,tuplet,stamp,mn-1-40-1-1-36
mn-1-40-1-1-36--slur--stop--1,slur,stamp,mn-1-40-1-1-36
mn-1-40-5-2-1--accent--1,accent,derive,mn-1-40-5-2-1
mn-1-40-5-2-2--slur--start--1,slur,stamp,mn-1-40-5-2-2
mn-1-40-5-2-4--slur--stop--1,slur,stamp,mn-1-40-5-2-4
mn-1-40-5-2-5--accent--1,accent,derive,mn-1-40-5-2-5
mn-1-40-5-2-6--slur--start--1,slur,stamp,mn-1-40-5-2-6
mn-1-40-5-2-8--slur--stop--1,slur,stamp,mn-1-40-5-2-8
mn-1-40-6-2-2--slur--start--1,slur,stamp,mn-1-40-6-2-2
mn-1-40-6-2-2--staccato--1,staccato,derive,mn-1-40-6-2-2
mn-1-40-6-2-5--slur--stop--1,slur,stamp,mn-1-40-6-2-5
mn-1-40-6-2-5--staccato--1,staccato,derive,mn-1-40-6-2-5
mn-1-40-6-2-9--slur--start--1,slur,stamp,mn-1-40-6-2-9
mn-1-40-6-2-9--staccato--1,staccato,derive,mn-1-40-6-2-9
mn-1-40-6-2-12--slur--stop--1,slur,stamp,mn-1-40-6-2-12
mn-1-40-6-2-12--staccato--1,staccato,derive,mn-1-40-6-2-12
md-1-40-1-1,dynamics,md,1
md-1-40-1-2,words,md,1
md-1-40-2-1,pedal,md,2
md-1-40-2-2,pedal,md,2
md-1-40-2-3,pedal,md,2
md-1-40-2-4,pedal,md,2
mn-1-41-1-1-1--tuplet--start--1,tuplet,stamp,mn-1-41-1-1-1
mn-1-41-1-1-2--slur--start--1,slur,stamp,mn-1-41-1-1-2
mn-1-41-1-1-6--tuplet--stop--1,tuplet,stamp,mn-1-41-1-1-6
mn-1-41-1-1-7--tuplet--start--1,tuplet,stamp,mn-1-41-1-1-7
mn-1-41-1-1-12--tuplet--stop--1,tuplet,stamp,mn-1-41-1-1-12
mn-1-41-1-1-13--tuplet--start--1,tuplet,stamp,mn-1-41-1-1-13
mn-1-41-1-1-18--tuplet--stop--1,tuplet,stamp,mn-1-41-1-1-18
mn-1-41-1-1-18--slur--stop--1,slur,stamp,mn-1-41-1-1-18
mn-1-41-1-1-19--tuplet--start--1,tuplet,stamp,mn-1-41-1-1-19
mn-1-41-1-1-20--slur--start--1,slur,stamp,mn-1-41-1-1-20
mn-1-41-1-1-24--tuplet--stop--1,tuplet,stamp,mn-1-41-1-1-24
mn-1-41-1-1-25--tuplet--start--1,tuplet,stamp,mn-1-41-1-1-25
mn-1-41-1-1-30--tuplet--stop--1,tuplet,stamp,mn-1-41-1-1-30
mn-1-41-1-1-31--tuplet--start--1,tuplet,stamp,mn-1-41-1-1-31
mn-1-41-1-1-37--tuplet--stop--1,tuplet,stamp,mn-1-41-1-1-37
mn-1-41-1-1-37--slur--stop--1,slur,stamp,mn-1-41-1-1-37
mn-1-41-5-2-2--slur--start--1,slur,stamp,mn-1-41-5-2-2
mn-1-41-5-2-2--staccato--1,staccato,derive,mn-1-41-5-2-2
mn-1-41-5-2-5--staccato--1,staccato,derive,mn-1-41-5-2-5
mn-1-41-5-2-8--slur--stop--1,slur,stamp,mn-1-41-5-2-8
mn-1-41-5-2-8--staccato--1,staccato,derive,mn-1-41-5-2-8
mn-1-41-5-2-16--slur--start--1,slur,stamp,mn-1-41-5-2-16
mn-1-41-5-2-16--staccato--1,staccato,derive,mn-1-41-5-2-16
mn-1-41-5-2-19--staccato--1,staccato,derive,mn-1-41-5-2-19
mn-1-41-5-2-22--slur--stop--1,slur,stamp,mn-1-41-5-2-22
mn-1-41-5-2-22--staccato--1,staccato,derive,mn-1-41-5-2-22
mn-1-41-6-2-1--slur--start--1,slur,stamp,mn-1-41-6-2-1
mn-1-41-6-2-1--strong-accent--1,strong-accent,derive,mn-1-41-6-2-1
mn-1-41-6-2-2--slur--stop--1,slur,stamp,mn-1-41-6-2-2
md-1-41-1-1,wedge,md,1
md-1-41-1-2,wedge,md,1
md-1-41-1-3,wedge,md,1
md-1-41-1-4,wedge,md,1
md-1-41-1-5,octave-shift,md,1
md-1-41-1-6,octave-shift,md,1
mn-1-42-1-1-1--tuplet--start--1,tuplet,stamp,mn-1-42-1-1-1
mn-1-42-1-1-2--slur--start--1,slur,stamp,mn-1-42-1-1-2
mn-1-42-1-1-6--tuplet--stop--1,tuplet,stamp,mn-1-42-1-1-6
mn-1-42-1-1-7--tuplet--start--1,tuplet,stamp,mn-1-42-1-1-7
mn-1-42-1-1-12--tuplet--stop--1,tuplet,stamp,mn-1-42-1-1-12
mn-1-42-1-1-13--tuplet--start--1,tuplet,stamp,mn-1-42-1-1-13
mn-1-42-1-1-18--tuplet--stop--1,tuplet,stamp,mn-1-42-1-1-18
mn-1-42-1-1-18--slur--stop--1,slur,stamp,mn-1-42-1-1-18
mn-1-42-1-1-19--tuplet--start--1,tuplet,stamp,mn-1-42-1-1-19
mn-1-42-1-1-20--slur--start--1,slur,stamp,mn-1-42-1-1-20
mn-1-42-1-1-24--tuplet--stop--1,tuplet,stamp,mn-1-42-1-1-24
mn-1-42-1-1-25--tuplet--start--1,tuplet,stamp,mn-1-42-1-1-25
mn-1-42-1-1-30--tuplet--stop--1,tuplet,stamp,mn-1-42-1-1-30
mn-1-42-1-1-38--slur--stop--1,slur,stamp,mn-1-42-1-1-38
mn-1-42-6-2-1--slur--start--1,slur,stamp,mn-1-42-6-2-1
mn-1-42-6-2-1--strong-accent--1,strong-accent,derive,mn-1-42-6-2-1
mn-1-42-6-2-2--slur--stop--1,slur,stamp,mn-1-42-6-2-2
mn-1-42-6-2-3--strong-accent--1,strong-accent,derive,mn-1-42-6-2-3
md-1-42-1-1,wedge,md,1
md-1-42-1-2,wedge,md,1
md-1-42-1-3,wedge,md,1
md-1-42-1-4,wedge,md,1
md-1-42-1-5,octave-shift,md,1
md-1-42-1-6,wedge,md,1
md-1-42-1-7,wedge,md,1
md-1-42-1-8,wedge,md,1
md-1-42-1-9,octave-shift,md,1
mn-1-43-1-1-2--tuplet--start--1,tuplet,stamp,mn-1-43-1-1-2
mn-1-43-1-1-3--slur--start--1,slur,stamp,mn-1-43-1-1-3
mn-1-43-1-1-7--tuplet--stop--1,tuplet,stamp,mn-1-43-1-1-7
mn-1-43-1-1-8--tuplet--start--1,tuplet,stamp,mn-1-43-1-1-8
mn-1-43-1-1-13--tuplet--stop--1,tuplet,stamp,mn-1-43-1-1-13
mn-1-43-1-1-14--tuplet--start--1,tuplet,stamp,mn-1-43-1-1-14
mn-1-43-1-1-19--tuplet--stop--1,tuplet,stamp,mn-1-43-1-1-19
mn-1-43-1-1-19--slur--stop--1,slur,stamp,mn-1-43-1-1-19
mn-1-43-1-1-20--tuplet--start--1,tuplet,stamp,mn-1-43-1-1-20
mn-1-43-1-1-21--slur--start--1,slur,stamp,mn-1-43-1-1-21
mn-1-43-1-1-22--tuplet--stop--1,tuplet,stamp,mn-1-43-1-1-22
mn-1-43-1-1-27--tuplet--start--1,tuplet,stamp,mn-1-43-1-1-27
mn-1-43-1-1-29--tuplet--stop--1,tuplet,stamp,mn-1-43-1-1-29
mn-1-43-1-1-30--tuplet--start--1,tuplet,stamp,mn-1-43-1-1-30
mn-1-43-1-1-32--tuplet--stop--1,tuplet,stamp,mn-1-43-1-1-32
mn-1-43-1-1-33--tuplet--start--1,tuplet,stamp,mn-1-43-1-1-33
mn-1-43-1-1-35--tuplet--stop--1,tuplet,stamp,mn-1-43-1-1-35
mn-1-43-1-1-36--tuplet--start--1,tuplet,stamp,mn-1-43-1-1-36
mn-1-43-1-1-38--tuplet--stop--1,tuplet,stamp,mn-1-43-1-1-38
mn-1-43-1-1-38--slur--stop--1,slur,stamp,mn-1-43-1-1-38
mn-1-43-6-2-1--tuplet--start--1,tuplet,stamp,mn-1-43-6-2-1
mn-1-43-6-2-3--tuplet--stop--1,tuplet,stamp,mn-1-43-6-2-3
mn-1-43-6-2-4--slur--start--1,slur,stamp,mn-1-43-6-2-4
mn-1-43-6-2-5--slur--stop--1,slur,stamp,mn-1-43-6-2-5
mn-1-43-6-2-6--strong-accent--1,strong-accent,derive,mn-1-43-6-2-6
md-1-43-1-1,wedge,md,1
md-1-43-1-2,wedge,md,1
md-1-43-1-3,octave-shift,md,1
md-1-43-1-4,wedge,md,1
md-1-43-1-5,wedge,md,1
md-1-43-1-6,octave-shift,md,1
md-1-43-1-7,wedge,md,1
mn-1-44-1-1-1--slur--start--1,slur,stamp,mn-1-44-1-1-1
mn-1-44-1-1-23--slur--stop--1,slur,stamp,mn-1-44-1-1-23
mn-1-44-1-1-24--slur--start--1,slur,stamp,mn-1-44-1-1-24
mn-1-44-1-1-46--slur--stop--1,slur,stamp,mn-1-44-1-1-46
md-1-44-1-1,octave-shift,md,1
md-1-44-1-2,octave-shift,md,1
md-1-44-1-3,octave-shift,md,1
md-1-44-1-4,octave-shift,md,1
md-1-45-1-1,octave-shift,md,1
md-1-45-1-2,wedge,md,1
md-1-45-1-3,wedge,md,1
md-1-45-1-4,octave-shift,md,1
md-1-46-1-1,wedge,md,1
mn-1-47-1-1-1--tuplet--start--1,tuplet,stamp,mn-1-47-1-1-1
mn-1-47-1-1-5--tuplet--stop--1,tuplet,stamp,mn-1-47-1-1-5
mn-1-47-1-1-6--tuplet--start--1,tuplet,stamp,mn-1-47-1-1-6
mn-1-47-1-1-10--tuplet--stop--1,tuplet,stamp,mn-1-47-1-1-10
mn-1-47-1-1-11--tuplet--start--1,tuplet,stamp,mn-1-47-1-1-11
mn-1-47-1-1-15--tuplet--stop--1,tuplet,stamp,mn-1-47-1-1-15
mn-1-47-1-1-16--tuplet--start--1,tuplet,stamp,mn-1-47-1-1-16
mn-1-47-1-1-20--tuplet--stop--1,tuplet,stamp,mn-1-47-1-1-20
mn-1-47-1-2-1--tuplet--start--1,tuplet,stamp,mn-1-47-1-2-1
mn-1-47-1-1-22--tuplet--stop--1,tuplet,stamp,mn-1-47-1-1-22
mn-1-47-1-2-6--tuplet--start--1,tuplet,stamp,mn-1-47-1-2-6
mn-1-47-1-1-28--tuplet--stop--1,tuplet,stamp,mn-1-47-1-1-28
mn-1-47-1-1-33--fermata--upright--1,fermata,stamp,mn-1-47-1-1-33
mn-1-47-1-1-35--tuplet--start--1,tuplet,stamp,mn-1-47-1-1-35
mn-1-47-1-1-35--slur--start--1,slur,stamp,mn-1-47-1-1-35
mn-1-47-1-1-39--tuplet--stop--1,tuplet,stamp,mn-1-47-1-1-39
mn-1-47-1-1-40--staccato--1,staccato,derive,mn-1-47-1-1-40
mn-1-47-1-1-41--slur--stop--1,slur,stamp,mn-1-47-1-1-41
mn-1-47-1-1-41--staccato--1,staccato,derive,mn-1-47-1-1-41
mn-1-47-5-2-2--fermata--upright--1,fermata,stamp,mn-1-47-5-2-2
md-1-47-1-1,wedge,md,1
md-1-47-1-2,dynamics,md,1
md-1-47-1-3,dynamics,md,1
mn-1-48-1-1-2--slur--start--1,slur,stamp,mn-1-48-1-1-2
mn-1-48-1-1-2--accent--1,accent,derive,mn-1-48-1-1-2
mn-1-48-1-1-5--slur--stop--1,slur,stamp,mn-1-48-1-1-5
mn-1-48-1-1-7--slur--start--1,slur,stamp,mn-1-48-1-1-7
mn-1-48-1-1-7--accent--1,accent,derive,mn-1-48-1-1-7
mn-1-48-1-1-10--slur--stop--1,slur,stamp,mn-1-48-1-1-10
mn-1-48-5-2-1--slur--start--1,slur,stamp,mn-1-48-5-2-1
mn-1-48-5-2-2--arpeggiate--1,arpeggiate,stamp,mn-1-48-5-2-2
mn-1-48-5-2-3--arpeggiate--1,arpeggiate,stamp,mn-1-48-5-2-3
mn-1-48-5-2-6--slur--stop--1,slur,stamp,mn-1-48-5-2-6
mn-1-48-5-2-9--slur--start--1,slur,stamp,mn-1-48-5-2-9
mn-1-48-5-2-10--arpeggiate--1,arpeggiate,stamp,mn-1-48-5-2-10
mn-1-48-5-2-11--arpeggiate--1,arpeggiate,stamp,mn-1-48-5-2-11
mn-1-48-5-2-14--slur--stop--1,slur,stamp,mn-1-48-5-2-14
md-1-48-1-1,words,md,1
md-1-48-1-2,pedal,md,1
md-1-48-1-3,pedal,md,1
mn-1-49-1-1-2--slur--start--1,slur,stamp,mn-1-49-1-1-2
mn-1-49-1-1-2--accent--1,accent,derive,mn-1-49-1-1-2
mn-1-49-1-1-6--tuplet--start--1,tuplet,stamp,mn-1-49-1-1-6
mn-1-49-1-1-8--tuplet--stop--1,tuplet,stamp,mn-1-49-1-1-8
mn-1-49-1-1-9--fermata--upright--1,fermata,stamp,mn-1-49-1-1-9
mn-1-49-1-1-9--wavy-line--1,wavy-line,derive,mn-1-49-1-1-9
mn-1-49-1-1-10--tuplet--start--1,tuplet,stamp,mn-1-49-1-1-10
mn-1-49-1-1-21--tuplet--stop--1,tuplet,stamp,mn-1-49-1-1-21
mn-1-49-1-1-21--slur--stop--1,slur,stamp,mn-1-49-1-1-21
mn-1-49-5-2-8--fermata--upright--1,fermata,stamp,mn-1-49-5-2-8
md-1-49-1-1,pedal,md,1
md-1-49-1-2,words,md,1
md-1-49-1-3,pedal,md,1
md-1-49-2-1,words,md,2
mn-1-50-1-1-2--slur--start--1,slur,stamp,mn-1-50-1-1-2
mn-1-50-1-1-2--accent--1,accent,derive,mn-1-50-1-1-2
mn-1-50-1-1-5--slur--stop--1,slur,stamp,mn-1-50-1-1-5
mn-1-50-1-1-7--slur--start--1,slur,stamp,mn-1-50-1-1-7
mn-1-50-1-1-7--accent--1,accent,derive,mn-1-50-1-1-7
mn-1-50-1-1-10--slur--stop--1,slur,stamp,mn-1-50-1-1-10
mn-1-50-5-2-10--arpeggiate--1,arpeggiate,stamp,mn-1-50-5-2-10
mn-1-50-5-2-11--arpeggiate--1,arpeggiate,stamp,mn-1-50-5-2-11
md-1-50-1-1,pedal,md,1
md-1-50-1-2,pedal,md,1
mn-1-51-1-1-7--tuplet--start--1,tuplet,stamp,mn-1-51-1-1-7
mn-1-51-1-1-7--slur--start--1,slur,stamp,mn-1-51-1-1-7
mn-1-51-1-1-9--tuplet--stop--1,tuplet,stamp,mn-1-51-1-1-9
mn-1-51-1-1-9--slur--stop--1,slur,stamp,mn-1-51-1-1-9
mn-1-51-1-1-13--tuplet--start--1,tuplet,stamp,mn-1-51-1-1-13
mn-1-51-1-1-17--tuplet--stop--1,tuplet,stamp,mn-1-51-1-1-17
mn-1-51-1-1-18--slur--start--1,slur,stamp,mn-1-51-1-1-18
mn-1-51-1-1-18--staccato--1,staccato,derive,mn-1-51-1-1-18
mn-1-51-1-1-19--slur--stop--1,slur,stamp,mn-1-51-1-1-19
mn-1-51-1-1-19--staccato--1,staccato,derive,mn-1-51-1-1-19
mn-1-51-5-1-1--slur--start--1,slur,stamp,mn-1-51-5-1-1
mn-1-51-5-1-5--slur--stop--1,slur,stamp,mn-1-51-5-1-5
md-1-51-1-1,pedal,md,1
md-1-51-1-2,octave-shift,md,1
md-1-51-1-3,octave-shift,md,1
md-1-51-1-4,pedal,md,1
mn-1-52-1-1-2--slur--start--1,slur,stamp,mn-1-52-1-1-2
mn-1-52-1-1-2--accent--1,accent,derive,mn-1-52-1-1-2
mn-1-52-1-1-5--slur--stop--1,slur,stamp,mn-1-52-1-1-5
mn-1-52-1-1-7--slur--start--1,slur,stamp,mn-1-52-1-1-7
mn-1-52-1-1-7--accent--1,accent,derive,mn-1-52-1-1-7
mn-1-52-1-1-10--slur--stop--1,slur,stamp,mn-1-52-1-1-10
md-1-52-1-1,pedal,md,1
md-1-52-1-2,pedal,md,1
mn-1-53-1-1-2--slur--start--1,slur,stamp,mn-1-53-1-1-2
mn-1-53-1-1-2--accent--1,accent,derive,mn-1-53-1-1-2
mn-1-53-1-1-6--tuplet--start--1,tuplet,stamp,mn-1-53-1-1-6
mn-1-53-1-1-8--tuplet--stop--1,tuplet,stamp,mn-1-53-1-1-8
mn-1-53-1-1-9--fermata--upright--1,fermata,stamp,mn-1-53-1-1-9
mn-1-53-1-1-9--trill-mark--1,trill-mark,derive,mn-1-53-1-1-9
mn-1-53-1-1-10--tuplet--start--1,tuplet,stamp,mn-1-53-1-1-10
mn-1-53-1-1-21--tuplet--stop--1,tuplet,stamp,mn-1-53-1-1-21
mn-1-53-1-1-21--slur--stop--1,slur,stamp,mn-1-53-1-1-21
mn-1-53-5-2-14--fermata--upright--1,fermata,stamp,mn-1-53-5-2-14
md-1-53-1-1,pedal,md,1
md-1-53-1-2,pedal,md,1
mn-1-54-1-1-2--slur--start--1,slur,stamp,mn-1-54-1-1-2
mn-1-54-1-1-2--accent--1,accent,derive,mn-1-54-1-1-2
mn-1-54-1-1-5--slur--stop--1,slur,stamp,mn-1-54-1-1-5
mn-1-54-1-1-7--slur--start--1,slur,stamp,mn-1-54-1-1-7
mn-1-54-1-1-7--accent--1,accent,derive,mn-1-54-1-1-7
mn-1-54-1-1-10--slur--stop--1,slur,stamp,mn-1-54-1-1-10
md-1-54-1-1,pedal,md,1
md-1-54-1-2,pedal,md,1
md-1-54-1-3,pedal,md,1
md-1-54-1-4,pedal,md,1
mn-1-55-1-1-7--tuplet--start--1,tuplet,stamp,mn-1-55-1-1-7
mn-1-55-1-1-7--slur--start--1,slur,stamp,mn-1-55-1-1-7
mn-1-55-1-1-9--tuplet--stop--1,tuplet,stamp,mn-1-55-1-1-9
mn-1-55-1-1-9--slur--stop--1,slur,stamp,mn-1-55-1-1-9
mn-1-55-1-1-11--fermata--upright--1,fermata,stamp,mn-1-55-1-1-11
mn-1-55-1-2-1--tuplet--start--1,tuplet,stamp,mn-1-55-1-2-1
mn-1-55-1-2-3--tuplet--stop--1,tuplet,stamp,mn-1-55-1-2-3
mn-1-55-5-2-14--fermata--upright--1,fermata,stamp,mn-1-55-5-2-14
md-1-55-1-1,pedal,md,1
md-1-55-1-2,words,md,1
md-1-55-1-3,octave-shift,md,1
md-1-55-1-4,octave-shift,md,1
md-1-55-1-5,pedal,md,1
mn-1-56-1-1-1--slur--start--1,slur,stamp,mn-1-56-1-1-1
mn-1-56-1-1-2--staccato--1,staccato,derive,mn-1-56-1-1-2
mn-1-56-1-1-3--staccato--1,staccato,derive,mn-1-56-1-1-3
mn-1-56-1-1-4--slur--stop--1,slur,stamp,mn-1-56-1-1-4
mn-1-56-1-1-4--staccato--1,staccato,derive,mn-1-56-1-1-4
mn-1-56-1-1-5--slur--start--1,slur,stamp,mn-1-56-1-1-5
mn-1-56-1-1-5--staccato--1,staccato,derive,mn-1-56-1-1-5
mn-1-56-1-1-6--staccato--1,staccato,derive,mn-1-56-1-1-6
mn-1-56-1-1-7--staccato--1,staccato,derive,mn-1-56-1-1-7
mn-1-56-1-1-8--staccato--1,staccato,derive,mn-1-56-1-1-8
mn-1-56-1-1-9--staccato--1,staccato,derive,mn-1-56-1-1-9
mn-1-56-1-1-10--slur--stop--1,slur,stamp,mn-1-56-1-1-10
mn-1-56-1-1-10--staccato--1,staccato,derive,mn-1-56-1-1-10
md-1-56-1-1,words,md,1
md-1-56-2-1,pedal,md,2
md-1-56-2-2,pedal,md,2
mn-1-57-1-1-1--slur--start--1,slur,stamp,mn-1-57-1-1-1
mn-1-57-1-1-1--staccato--1,staccato,derive,mn-1-57-1-1-1
mn-1-57-1-1-2--staccato--1,staccato,derive,mn-1-57-1-1-2
mn-1-57-1-1-3--staccato--1,staccato,derive,mn-1-57-1-1-3
mn-1-57-1-1-4--staccato--1,staccato,derive,mn-1-57-1-1-4
mn-1-57-1-1-5--staccato--1,staccato,derive,mn-1-57-1-1-5
mn-1-57-1-1-6--slur--stop--1,slur,stamp,mn-1-57-1-1-6
mn-1-57-1-1-6--staccato--1,staccato,derive,mn-1-57-1-1-6
mn-1-57-1-1-7--slur--start--1,slur,stamp,mn-1-57-1-1-7
mn-1-57-1-1-7--staccato--1,staccato,derive,mn-1-57-1-1-7
mn-1-57-1-1-8--staccato--1,staccato,derive,mn-1-57-1-1-8
mn-1-57-1-1-9--staccato--1,staccato,derive,mn-1-57-1-1-9
mn-1-57-1-1-10--staccato--1,staccato,derive,mn-1-57-1-1-10
mn-1-57-1-1-11--staccato--1,staccato,derive,mn-1-57-1-1-11
mn-1-57-1-1-12--slur--stop--1,slur,stamp,mn-1-57-1-1-12
mn-1-57-1-1-12--staccato--1,staccato,derive,mn-1-57-1-1-12
md-1-57-1-1,wedge,md,1
md-1-57-1-2,wedge,md,1
md-1-57-2-1,pedal,md,2
md-1-57-2-2,pedal,md,2
mn-1-58-1-1-1--slur--start--1,slur,stamp,mn-1-58-1-1-1
mn-1-58-1-1-2--slur--stop--1,slur,stamp,mn-1-58-1-1-2
mn-1-58-1-1-3--slur--start--1,slur,stamp,mn-1-58-1-1-3
mn-1-58-1-1-3--strong-accent--1,strong-accent,derive,mn-1-58-1-1-3
mn-1-58-1-1-6--slur--stop--1,slur,stamp,mn-1-58-1-1-6
md-1-58-2-1,pedal,md,2
md-1-58-2-2,pedal,md,2
mn-1-59-1-1-1--slur--start--1,slur,stamp,mn-1-59-1-1-1
mn-1-59-1-1-1--accent--1,accent,derive,mn-1-59-1-1-1
mn-1-59-1-1-4--slur--stop--1,slur,stamp,mn-1-59-1-1-4
mn-1-59-1-1-5--slur--start--1,slur,stamp,mn-1-59-1-1-5
mn-1-59-1-1-7--tenuto--1,tenuto,derive,mn-1-59-1-1-7
mn-1-59-1-1-10--tenuto--1,tenuto,derive,mn-1-59-1-1-10
mn-1-59-1-1-11--slur--stop--1,slur,stamp,mn-1-59-1-1-11
mn-1-60-1-1-1--slur--start--1,slur,stamp,mn-1-60-1-1-1
mn-1-60-1-1-1--strong-accent--1,strong-accent,derive,mn-1-60-1-1-1
mn-1-60-1-1-2--slur--stop--1,slur,stamp,mn-1-60-1-1-2
mn-1-61-1-1-1--slur--start--1,slur,stamp,mn-1-61-1-1-1
mn-1-61-1-1-2--staccato--1,staccato,derive,mn-1-61-1-1-2
mn-1-61-1-1-3--staccato--1,staccato,derive,mn-1-61-1-1-3
mn-1-61-1-1-4--slur--stop--1,slur,stamp,mn-1-61-1-1-4
mn-1-61-1-1-4--staccato--1,staccato,derive,mn-1-61-1-1-4
mn-1-61-1-1-5--slur--start--1,slur,stamp,mn-1-61-1-1-5
mn-1-61-1-1-5--staccato--1,staccato,derive,mn-1-61-1-1-5
mn-1-61-1-1-6--staccato--1,staccato,derive,mn-1-61-1-1-6
mn-1-61-1-1-7--staccato--1,staccato,derive,mn-1-61-1-1-7
mn-1-61-1-1-8--staccato--1,staccato,derive,mn-1-61-1-1-8
mn-1-61-1-1-9--staccato--1,staccato,derive,mn-1-61-1-1-9
mn-1-61-1-1-10--slur--stop--1,slur,stamp,mn-1-61-1-1-10
mn-1-61-1-1-10--staccato--1,staccato,derive,mn-1-61-1-1-10
md-1-61-1-1,wedge,md,1
md-1-61-1-2,wedge,md,1
md-1-61-2-1,pedal,md,2
md-1-61-2-2,pedal,md,2
mn-1-62-1-1-1--slur--start--1,slur,stamp,mn-1-62-1-1-1
mn-1-62-1-1-1--accent--1,accent,derive,mn-1-62-1-1-1
mn-1-62-1-1-2--staccato--1,staccato,derive,mn-1-62-1-1-2
mn-1-62-1-1-3--staccato--1,staccato,derive,mn-1-62-1-1-3
mn-1-62-1-1-4--slur--stop--1,slur,stamp,mn-1-62-1-1-4
mn-1-62-1-1-4--staccato--1,staccato,derive,mn-1-62-1-1-4
mn-1-62-1-1-5--slur--start--1,slur,stamp,mn-1-62-1-1-5
mn-1-62-1-1-5--accent--1,accent,derive,mn-1-62-1-1-5
mn-1-62-1-1-6--staccato--1,staccato,derive,mn-1-62-1-1-6
mn-1-62-1-1-7--staccato--1,staccato,derive,mn-1-62-1-1-7
mn-1-62-1-1-8--slur--stop--1,slur,stamp,mn-1-62-1-1-8
mn-1-62-1-1-8--staccato--1,staccato,derive,mn-1-62-1-1-8
md-1-62-1-1,wedge,md,1
md-1-62-2-1,pedal,md,2
md-1-62-2-2,pedal,md,2
md-1-62-2-3,pedal,md,2
md-1-62-2-4,pedal,md,2
mn-1-63-1-1-1--slur--start--1,slur,stamp,mn-1-63-1-1-1
mn-1-63-1-1-1--strong-accent--1,strong-accent,derive,mn-1-63-1-1-1
mn-1-63-1-1-2--slur--stop--1,slur,stamp,mn-1-63-1-1-2
mn-1-63-1-1-3--slur--start--1,slur,stamp,mn-1-63-1-1-3
mn-1-63-1-1-4--slur--stop--1,slur,stamp,mn-1-63-1-1-4
mn-1-63-1-1-5--slur--start--1,slur,stamp,mn-1-63-1-1-5
mn-1-63-1-1-6--slur--stop--1,slur,stamp,mn-1-63-1-1-6
mn-1-63-1-1-7--slur--start--1,slur,stamp,mn-1-63-1-1-7
mn-1-63-1-1-8--slur--stop--1,slur,stamp,mn-1-63-1-1-8
mn-1-63-1-1-9--slur--start--1,slur,stamp,mn-1-63-1-1-9
mn-1-63-1-1-10--slur--stop--1,slur,stamp,mn-1-63-1-1-10
md-1-63-1-1,wedge,md,1
md-1-63-2-1,pedal,md,2
md-1-63-2-2,pedal,md,2
mn-1-64-1-1-1--strong-accent--1,strong-accent,derive,mn-1-64-1-1-1
mn-1-64-5-2-2--strong-accent--1,strong-accent,derive,mn-1-64-5-2-2
mn-1-64-5-2-2--trill-mark--1,trill-mark,derive,mn-1-64-5-2-2
mn-1-64-5-2-3--tuplet--start--1,tuplet,stamp,mn-1-64-5-2-3
mn-1-64-5-2-3--slur--start--1,slur,stamp,mn-1-64-5-2-3
mn-1-64-5-1-7--tuplet--stop--1,tuplet,stamp,mn-1-64-5-1-7
mn-1-64-5-1-7--slur--stop--1,slur,stamp,mn-1-64-5-1-7
md-1-64-1-1,words,md,1
md-1-64-1-2,dynamics,md,1
mn-1-65-1-1-1--slur--start--1,slur,stamp,mn-1-65-1-1-1
mn-1-65-1-1-1--accent--1,accent,derive,mn-1-65-1-1-1
mn-1-65-1-1-4--slur--stop--1,slur,stamp,mn-1-65-1-1-4
mn-1-65-1-1-5--slur--start--1,slur,stamp,mn-1-65-1-1-5
mn-1-65-1-1-5--accent--1,accent,derive,mn-1-65-1-1-5
mn-1-65-1-1-8--slur--stop--1,slur,stamp,mn-1-65-1-1-8
mn-1-65-5-2-2--slur--start--1,slur,stamp,mn-1-65-5-2-2
mn-1-65-5-2-5--slur--start--1,slur,stamp,mn-1-65-5-2-5
mn-1-65-5-2-6--slur--stop--1,slur,stamp,mn-1-65-5-2-6
mn-1-65-5-2-9--slur--start--1,slur,stamp,mn-1-65-5-2-9
mn-1-65-5-2-10--slur--stop--1,slur,stamp,mn-1-65-5-2-10
mn-1-65-5-2-12--slur--stop--1,slur,stamp,mn-1-65-5-2-12
mn-1-65-5-2-14--slur--start--1,slur,stamp,mn-1-65-5-2-14
mn-1-65-5-2-24--slur--stop--1,slur,stamp,mn-1-65-5-2-24
md-1-65-2-1,words,md,2
mn-1-66-1-2-4--tuplet--start--1,tuplet,stamp,mn-1-66-1-2-4
mn-1-66-1-1-11--tuplet--stop--1,tuplet,stamp,mn-1-66-1-1-11
mn-1-66-2-1-3--trill-mark--1,trill-mark,derive,mn-1-66-2-1-3
mn-1-66-5-2-5--strong-accent--1,strong-accent,derive,mn-1-66-5-2-5
mn-1-66-5-2-5--trill-mark--1,trill-mark,derive,mn-1-66-5-2-5
mn-1-66-5-2-6--tuplet--start--1,tuplet,stamp,mn-1-66-5-2-6
mn-1-66-5-2-18--tuplet--stop--1,tuplet,stamp,mn-1-66-5-2-18
md-1-66-1-1,dynamics,md,1
md-1-66-1-2,words,md,1
md-1-66-1-3,octave-shift,md,1
md-1-66-1-4,octave-shift,md,1
mn-1-67-2-1-1--slur--start--1,slur,stamp,mn-1-67-2-1-1
mn-1-67-2-1-1--strong-accent--1,strong-accent,derive,mn-1-67-2-1-1
mn-1-67-2-1-4--slur--stop--1,slur,stamp,mn-1-67-2-1-4
mn-1-67-2-1-5--slur--start--1,slur,stamp,mn-1-67-2-1-5
mn-1-67-2-1-5--strong-accent--1,strong-accent,derive,mn-1-67-2-1-5
mn-1-67-2-1-7--slur--stop--1,slur,stamp,mn-1-67-2-1-7
mn-1-67-5-2-1--slur--start--1,slur,stamp,mn-1-67-5-2-1
mn-1-67-5-2-1--strong-accent--1,strong-accent,derive,mn-1-67-5-2-1
mn-1-67-5-2-11--slur--stop--1,slur,stamp,mn-1-67-5-2-11
mn-1-67-5-2-13--slur--start--1,slur,stamp,mn-1-67-5-2-13
mn-1-67-5-2-13--strong-accent--1,strong-accent,derive,mn-1-67-5-2-13
mn-1-67-5-2-24--slur--stop--1,slur,stamp,mn-1-67-5-2-24
md-1-67-1-1,wedge,md,1
md-1-67-1-2,wedge,md,1
md-1-67-2-1,words,md,2
mn-1-68-1-1-5--accent--1,accent,derive,mn-1-68-1-1-5
mn-1-68-1-1-5--trill-mark--1,trill-mark,derive,mn-1-68-1-1-5
mn-1-68-1-1-8--accent--1,accent,derive,mn-1-68-1-1-8
mn-1-68-1-1-8--trill-mark--1,trill-mark,derive,mn-1-68-1-1-8
mn-1-68-1-1-11--accent--1,accent,derive,mn-1-68-1-1-11
mn-1-68-1-1-11--trill-mark--1,trill-mark,derive,mn-1-68-1-1-11
mn-1-68-1-1-13--slur--start--1,slur,stamp,mn-1-68-1-1-13
mn-1-68-5-2-6--slur--start--1,slur,stamp,mn-1-68-5-2-6
mn-1-68-5-2-6--strong-accent--1,strong-accent,derive,mn-1-68-5-2-6
mn-1-68-5-2-9--slur--stop--1,slur,stamp,mn-1-68-5-2-9
mn-1-68-6-2-7--accent--1,accent,derive,mn-1-68-6-2-7
mn-1-68-6-2-7--arpeggiate--1,arpeggiate,stamp,mn-1-68-6-2-7
mn-1-68-6-2-8--arpeggiate--1,arpeggiate,stamp,mn-1-68-6-2-8
mn-1-68-6-2-9--arpeggiate--1,arpeggiate,stamp,mn-1-68-6-2-9
md-1-68-1-1,wedge,md,1
md-1-68-1-2,wedge,md,1
md-1-68-1-3,wedge,md,1
md-1-68-1-4,octave-shift,md,1
md-1-68-1-5,wedge,md,1
md-1-68-1-6,octave-shift,md,1
mn-1-69-1-1-1--tuplet--start--1,tuplet,stamp,mn-1-69-1-1-1
mn-1-69-1-1-6--tuplet--stop--1,tuplet,stamp,mn-1-69-1-1-6
mn-1-69-1-1-6--slur--stop--1,slur,stamp,mn-1-69-1-1-6
mn-1-69-1-1-7--accent--1,accent,derive,mn-1-69-1-1-7
mn-1-69-1-1-7--trill-mark--1,trill-mark,derive,mn-1-69-1-1-7
mn-1-69-1-1-10--accent--1,accent,derive,mn-1-69-1-1-10
mn-1-69-1-1-10--trill-mark--1,trill-mark,derive,mn-1-69-1-1-10
mn-1-69-1-1-13--accent--1,accent,derive,mn-1-69-1-1-13
mn-1-69-1-1-13--trill-mark--1,trill-mark,derive,mn-1-69-1-1-13
mn-1-69-1-1-15--slur--start--1,slur,stamp,mn-1-69-1-1-15
mn-1-69-5-2-6--slur--start--1,slur,stamp,mn-1-69-5-2-6
mn-1-69-5-2-6--strong-accent--1,strong-accent,derive,mn-1-69-5-2-6
mn-1-69-5-2-9--slur--stop--1,slur,stamp,mn-1-69-5-2-9
md-1-69-1-1,words,md,1
md-1-69-1-2,wedge,md,1
md-1-69-1-3,wedge,md,1
md-1-69-1-4,octave-shift,md,1
md-1-69-1-5,octave-shift,md,1
mn-1-70-1-1-1--tuplet--start--1,tuplet,stamp,mn-1-70-1-1-1
mn-1-70-1-1-6--tuplet--stop--1,tuplet,stamp,mn-1-70-1-1-6
mn-1-70-1-1-6--slur--stop--1,slur,stamp,mn-1-70-1-1-6
mn-1-70-1-1-7--accent--1,accent,derive,mn-1-70-1-1-7
mn-1-70-1-1-7--trill-mark--1,trill-mark,derive,mn-1-70-1-1-7
mn-1-70-1-1-10--accent--1,accent,derive,mn-1-70-1-1-10
mn-1-70-1-1-10--trill-mark--1,trill-mark,derive,mn-1-70-1-1-10
mn-1-70-1-1-13--tuplet--start--1,tuplet,stamp,mn-1-70-1-1-13
mn-1-70-1-1-13--slur--start--1,slur,stamp,mn-1-70-1-1-13
mn-1-70-1-1-18--tuplet--stop--1,tuplet,stamp,mn-1-70-1-1-18
mn-1-70-1-1-19--tuplet--start--1,tuplet,stamp,mn-1-70-1-1-19
mn-1-70-1-1-25--tuplet--stop--1,tuplet,stamp,mn-1-70-1-1-25
mn-1-70-1-1-26--tuplet--start--1,tuplet,stamp,mn-1-70-1-1-26
mn-1-70-1-1-32--tuplet--stop--1,tuplet,stamp,mn-1-70-1-1-32
mn-1-70-1-1-32--slur--stop--1,slur,stamp,mn-1-70-1-1-32
mn-1-70-5-2-6--slur--start--1,slur,stamp,mn-1-70-5-2-6
mn-1-70-5-2-6--strong-accent--1,strong-accent,derive,mn-1-70-5-2-6
mn-1-70-5-2-9--slur--stop--1,slur,stamp,mn-1-70-5-2-9
mn-1-70-6-2-5--slur--start--1,slur,stamp,mn-1-70-6-2-5
mn-1-70-6-2-5--arpeggiate--1,arpeggiate,stamp,mn-1-70-6-2-5
mn-1-70-6-2-6--arpeggiate--1,arpeggiate,stamp,mn-1-70-6-2-6
mn-1-70-6-2-7--arpeggiate--1,arpeggiate,stamp,mn-1-70-6-2-7
md-1-70-1-1,words,md,1
md-1-70-1-2,wedge,md,1
md-1-70-1-3,wedge,md,1
md-1-70-1-4,octave-shift,md,1
mn-1-71-1-1-1--tuplet--start--1,tuplet,stamp,mn-1-71-1-1-1
mn-1-71-1-1-1--slur--start--1,slur,stamp,mn-1-71-1-1-1
mn-1-71-1-1-4--tuplet--stop--1,tuplet,stamp,mn-1-71-1-1-4
mn-1-71-1-1-5--tuplet--start--1,tuplet,stamp,mn-1-71-1-1-5
mn-1-71-1-1-7--tuplet--stop--1,tuplet,stamp,mn-1-71-1-1-7
mn-1-71-1-1-8--tuplet--start--1,tuplet,stamp,mn-1-71-1-1-8
mn-1-71-1-1-10--tuplet--stop--1,tuplet,stamp,mn-1-71-1-1-10
mn-1-71-1-1-11--tuplet--start--1,tuplet,stamp,mn-1-71-1-1-11
mn-1-71-1-1-14--tuplet--stop--1,tuplet,stamp,mn-1-71-1-1-14
mn-1-71-1-1-15--tuplet--start--1,tuplet,stamp,mn-1-71-1-1-15
mn-1-71-1-1-17--tuplet--stop--1,tuplet,stamp,mn-1-71-1-1-17
mn-1-71-1-1-18--tuplet--start--1,tuplet,stamp,mn-1-71-1-1-18
mn-1-71-1-1-20--tuplet--stop--1,tuplet,stamp,mn-1-71-1-1-20
mn-1-71-1-1-20--slur--stop--1,slur,stamp,mn-1-71-1-1-20
mn-1-71-1-1-21--tuplet--start--1,tuplet,stamp,mn-1-71-1-1-21
mn-1-71-1-1-21--slur--start--1,slur,stamp,mn-1-71-1-1-21
mn-1-71-1-1-24--tuplet--stop--1,tuplet,stamp,mn-1-71-1-1-24
mn-1-71-1-1-25--tuplet--start--1,tuplet,stamp,mn-1-71-1-1-25
mn-1-71-1-1-27--tuplet--stop--1,tuplet,stamp,mn-1-71-1-1-27
mn-1-71-1-1-28--tuplet--start--1,tuplet,stamp,mn-1-71-1-1-28
mn-1-71-1-1-30--tuplet--stop--1,tuplet,stamp,mn-1-71-1-1-30
mn-1-71-1-1-31--tuplet--start--1,tuplet,stamp,mn-1-71-1-1-31
mn-1-71-1-1-34--tuplet--stop--1,tuplet,stamp,mn-1-71-1-1-34
mn-1-71-1-1-35--tuplet--start--1,tuplet,stamp,mn-1-71-1-1-35
mn-1-71-1-1-37--tuplet--stop--1,tuplet,stamp,mn-1-71-1-1-37
mn-1-71-1-1-38--tuplet--start--1,tuplet,stamp,mn-1-71-1-1-38
mn-1-71-1-1-40--tuplet--stop--1,tuplet,stamp,mn-1-71-1-1-40
mn-1-71-1-1-40--slur--stop--1,slur,stamp,mn-1-71-1-1-40
mn-1-71-5-2-1--strong-accent--1,strong-accent,derive,mn-1-71-5-2-1
mn-1-71-5-2-5--slur--start--1,slur,stamp,mn-1-71-5-2-5
mn-1-71-5-2-5--strong-accent--1,strong-accent,derive,mn-1-71-5-2-5
mn-1-71-5-2-8--slur--stop--1,slur,stamp,mn-1-71-5-2-8
mn-1-71-6-2-1--slur--stop--1,slur,stamp,mn-1-71-6-2-1
mn-1-71-6-2-1--slur--start--2,slur,stamp,mn-1-71-6-2-1
mn-1-71-6-2-3--slur--stop--1,slur,stamp,mn-1-71-6-2-3
mn-1-71-7-2-1--arpeggiate--1,arpeggiate,stamp,mn-1-71-7-2-1
mn-1-71-7-2-2--slur--start--1,slur,stamp,mn-1-71-7-2-2
mn-1-71-7-2-3--slur--stop--1,slur,stamp,mn-1-71-7-2-3
mn-1-71-7-2-3--arpeggiate--1,arpeggiate,stamp,mn-1-71-7-2-3
mn-1-71-7-2-4--slur--start--1,slur,stamp,mn-1-71-7-2-4
md-1-71-1-1,wedge,md,1
mn-1-72-1-1-1--tuplet--start--1,tuplet,stamp,mn-1-72-1-1-1
mn-1-72-1-1-1--slur--start--1,slur,stamp,mn-1-72-1-1-1
mn-1-72-1-1-4--tuplet--stop--1,tuplet,stamp,mn-1-72-1-1-4
mn-1-72-1-1-5--tuplet--start--1,tuplet,stamp,mn-1-72-1-1-5
mn-1-72-1-1-7--tuplet--stop--1,tuplet,stamp,mn-1-72-1-1-7
mn-1-72-1-1-8--tuplet--start--1,tuplet,stamp,mn-1-72-1-1-8
mn-1-72-1-1-10--tuplet--stop--1,tuplet,stamp,mn-1-72-1-1-10
mn-1-72-1-1-11--tuplet--start--1,tuplet,stamp,mn-1-72-1-1-11
mn-1-72-1-1-14--tuplet--stop--1,tuplet,stamp,mn-1-72-1-1-14
mn-1-72-1-1-15--tuplet--start--1,tuplet,stamp,mn-1-72-1-1-15
mn-1-72-1-1-17--tuplet--stop--1,tuplet,stamp,mn-1-72-1-1-17
mn-1-72-1-1-18--tuplet--start--1,tuplet,stamp,mn-1-72-1-1-18
mn-1-72-1-1-20--tuplet--stop--1,tuplet,stamp,mn-1-72-1-1-20
mn-1-72-1-1-20--slur--stop--1,slur,stamp,mn-1-72-1-1-20
mn-1-72-1-1-21--tuplet--start--1,tuplet,stamp,mn-1-72-1-1-21
mn-1-72-1-1-21--slur--start--1,slur,stamp,mn-1-72-1-1-21
mn-1-72-1-1-23--tuplet--stop--1,tuplet,stamp,mn-1-72-1-1-23
mn-1-72-1-1-24--tuplet--start--1,tuplet,stamp,mn-1-72-1-1-24
mn-1-72-1-1-26--tuplet--stop--1,tuplet,stamp,mn-1-72-1-1-26
mn-1-72-1-1-27--tuplet--start--1,tuplet,stamp,mn-1-72-1-1-27
mn-1-72-1-1-29--tuplet--stop--1,tuplet,stamp,mn-1-72-1-1-29
mn-1-72-1-1-30--tuplet--start--1,tuplet,stamp,mn-1-72-1-1-30
mn-1-72-1-1-33--tuplet--stop--1,tuplet,stamp,mn-1-72-1-1-33
mn-1-72-1-1-34--tuplet--start--1,tuplet,stamp,mn-1-72-1-1-34
mn-1-72-1-1-36--tuplet--stop--1,tuplet,stamp,mn-1-72-1-1-36
mn-1-72-1-1-37--tuplet--start--1,tuplet,stamp,mn-1-72-1-1-37
mn-1-72-1-1-39--tuplet--stop--1,tuplet,stamp,mn-1-72-1-1-39
mn-1-72-1-1-39--slur--stop--1,slur,stamp,mn-1-72-1-1-39
mn-1-72-5-2-5--slur--start--1,slur,stamp,mn-1-72-5-2-5
mn-1-72-5-2-8--slur--stop--1,slur,stamp,mn-1-72-5-2-8
mn-1-72-6-2-1--slur--start--1,slur,stamp,mn-1-72-6-2-1
mn-1-72-6-2-3--slur--stop--1,slur,stamp,mn-1-72-6-2-3
mn-1-72-7-2-1--slur--stop--1,slur,stamp,mn-1-72-7-2-1
mn-1-72-7-2-1--arpeggiate--1,arpeggiate,stamp,mn-1-72-7-2-1
mn-1-72-7-2-2--slur--start--1,slur,stamp,mn-1-72-7-2-2
mn-1-72-7-2-3--slur--stop--1,slur,stamp,mn-1-72-7-2-3
mn-1-72-7-2-3--arpeggiate--1,arpeggiate,stamp,mn-1-72-7-2-3
md-1-72-1-1,wedge,md,1
mn-1-73-1-1-1--tuplet--start--1,tuplet,stamp,mn-1-73-1-1-1
mn-1-73-1-1-4--tuplet--stop--1,tuplet,stamp,mn-1-73-1-1-4
mn-1-73-1-1-5--tuplet--start--1,tuplet,stamp,mn-1-73-1-1-5
mn-1-73-1-1-7--tuplet--stop--1,tuplet,stamp,mn-1-73-1-1-7
mn-1-73-1-1-8--tuplet--start--1,tuplet,stamp,mn-1-73-1-1-8
mn-1-73-1-1-10--tuplet--stop--1,tuplet,stamp,mn-1-73-1-1-10
mn-1-73-1-1-11--tuplet--start--1,tuplet,stamp,mn-1-73-1-1-11
mn-1-73-1-1-14--tuplet--stop--1,tuplet,stamp,mn-1-73-1-1-14
mn-1-73-1-1-15--tuplet--start--1,tuplet,stamp,mn-1-73-1-1-15
mn-1-73-1-1-17--tuplet--stop--1,tuplet,stamp,mn-1-73-1-1-17
mn-1-73-1-1-18--tuplet--start--1,tuplet,stamp,mn-1-73-1-1-18
mn-1-73-1-1-20--tuplet--stop--1,tuplet,stamp,mn-1-73-1-1-20
mn-1-73-1-1-21--tuplet--start--1,tuplet,stamp,mn-1-73-1-1-21
mn-1-73-1-1-24--tuplet--stop--1,tuplet,stamp,mn-1-73-1-1-24
mn-1-73-1-1-25--tuplet--start--1,tuplet,stamp,mn-1-73-1-1-25
mn-1-73-1-1-27--tuplet--stop--1,tuplet,stamp,mn-1-73-1-1-27
mn-1-73-1-1-28--tuplet--start--1,tuplet,stamp,mn-1-73-1-1-28
mn-1-73-1-1-30--tuplet--stop--1,tuplet,stamp,mn-1-73-1-1-30
mn-1-73-1-1-31--tuplet--start--1,tuplet,stamp,mn-1-73-1-1-31
mn-1-73-1-1-34--tuplet--stop--1,tuplet,stamp,mn-1-73-1-1-34
mn-1-73-1-1-35--tuplet--start--1,tuplet,stamp,mn-1-73-1-1-35
mn-1-73-1-1-37--tuplet--stop--1,tuplet,stamp,mn-1-73-1-1-37
mn-1-73-1-1-38--tuplet--start--1,tuplet,stamp,mn-1-73-1-1-38
mn-1-73-1-1-40--tuplet--stop--1,tuplet,stamp,mn-1-73-1-1-40
mn-1-73-5-2-2--slur--start--1,slur,stamp,mn-1-73-5-2-2
mn-1-73-5-2-5--slur--stop--1,slur,stamp,mn-1-73-5-2-5
md-1-73-1-1,octave-shift,md,1
md-1-73-1-2,octave-shift,md,1
md-1-73-1-3,octave-shift,md,1
mn-1-74-1-1-1--tuplet--start--1,tuplet,stamp,mn-1-74-1-1-1
mn-1-74-1-1-4--tuplet--stop--1,tuplet,stamp,mn-1-74-1-1-4
mn-1-74-1-1-5--tuplet--start--1,tuplet,stamp,mn-1-74-1-1-5
mn-1-74-1-1-7--tuplet--stop--1,tuplet,stamp,mn-1-74-1-1-7
mn-1-74-1-1-8--tuplet--start--1,tuplet,stamp,mn-1-74-1-1-8
mn-1-74-1-1-10--tuplet--stop--1,tuplet,stamp,mn-1-74-1-1-10
mn-1-74-1-1-11--tuplet--start--1,tuplet,stamp,mn-1-74-1-1-11
mn-1-74-1-1-14--tuplet--stop--1,tuplet,stamp,mn-1-74-1-1-14
mn-1-74-1-1-15--tuplet--start--1,tuplet,stamp,mn-1-74-1-1-15
mn-1-74-1-1-17--tuplet--stop--1,tuplet,stamp,mn-1-74-1-1-17
mn-1-74-1-1-18--tuplet--start--1,tuplet,stamp,mn-1-74-1-1-18
mn-1-74-1-1-20--tuplet--stop--1,tuplet,stamp,mn-1-74-1-1-20
mn-1-74-1-1-21--tuplet--start--1,tuplet,stamp,mn-1-74-1-1-21
mn-1-74-1-1-24--tuplet--stop--1,tuplet,stamp,mn-1-74-1-1-24
mn-1-74-1-1-25--tuplet--start--1,tuplet,stamp,mn-1-74-1-1-25
mn-1-74-1-1-27--tuplet--stop--1,tuplet,stamp,mn-1-74-1-1-27
mn-1-74-1-1-28--tuplet--start--1,tuplet,stamp,mn-1-74-1-1-28
mn-1-74-1-1-30--tuplet--stop--1,tuplet,stamp,mn-1-74-1-1-30
mn-1-74-1-1-31--tuplet--start--1,tuplet,stamp,mn-1-74-1-1-31
mn-1-74-1-1-34--tuplet--stop--1,tuplet,stamp,mn-1-74-1-1-34
mn-1-74-1-1-35--tuplet--start--1,tuplet,stamp,mn-1-74-1-1-35
mn-1-74-1-1-37--tuplet--stop--1,tuplet,stamp,mn-1-74-1-1-37
mn-1-74-1-1-38--tuplet--start--1,tuplet,stamp,mn-1-74-1-1-38
mn-1-74-1-1-40--tuplet--stop--1,tuplet,stamp,mn-1-74-1-1-40
mn-1-75-1-1-1--tuplet--start--1,tuplet,stamp,mn-1-75-1-1-1
mn-1-75-1-1-4--tuplet--stop--1,tuplet,stamp,mn-1-75-1-1-4
mn-1-75-1-1-5--tuplet--start--1,tuplet,stamp,mn-1-75-1-1-5
mn-1-75-1-1-7--tuplet--stop--1,tuplet,stamp,mn-1-75-1-1-7
mn-1-75-1-1-8--tuplet--start--1,tuplet,stamp,mn-1-75-1-1-8
mn-1-75-1-1-10--tuplet--stop--1,tuplet,stamp,mn-1-75-1-1-10
mn-1-75-1-1-11--tuplet--start--1,tuplet,stamp,mn-1-75-1-1-11
mn-1-75-1-1-14--tuplet--stop--1,tuplet,stamp,mn-1-75-1-1-14
mn-1-75-1-1-15--tuplet--start--1,tuplet,stamp,mn-1-75-1-1-15
mn-1-75-1-1-17--tuplet--stop--1,tuplet,stamp,mn-1-75-1-1-17
mn-1-75-1-1-18--tuplet--start--1,tuplet,stamp,mn-1-75-1-1-18
mn-1-75-1-1-20--tuplet--stop--1,tuplet,stamp,mn-1-75-1-1-20
mn-1-75-1-1-37--tuplet--start--1,tuplet,stamp,mn-1-75-1-1-37
mn-1-75-1-1-45--tuplet--stop--1,tuplet,stamp,mn-1-75-1-1-45
md-1-75-1-1,wedge,md,1
md-1-75-1-2,octave-shift,md,1
md-1-75-1-3,wedge,md,1
md-1-75-1-4,octave-shift,md,1
mn-1-76-1-1-1--tuplet--start--1,tuplet,stamp,mn-1-76-1-1-1
mn-1-76-1-1-9--tuplet--stop--1,tuplet,stamp,mn-1-76-1-1-9
mn-1-76-1-1-10--tuplet--start--1,tuplet,stamp,mn-1-76-1-1-10
mn-1-76-1-1-18--tuplet--stop--1,tuplet,stamp,mn-1-76-1-1-18
mn-1-76-1-1-19--tuplet--start--1,tuplet,stamp,mn-1-76-1-1-19
mn-1-76-1-1-28--tuplet--stop--1,tuplet,stamp,mn-1-76-1-1-28
mn-1-76-1-1-29--tuplet--start--1,tuplet,stamp,mn-1-76-1-1-29
mn-1-76-1-1-33--tuplet--stop--1,tuplet,stamp,mn-1-76-1-1-33
mn-1-76-1-1-34--tuplet--start--1,tuplet,stamp,mn-1-76-1-1-34
mn-1-76-1-1-38--tuplet--stop--1,tuplet,stamp,mn-1-76-1-1-38
mn-1-76-1-1-39--tuplet--start--1,tuplet,stamp,mn-1-76-1-1-39
mn-1-76-1-1-44--tuplet--stop--1,tuplet,stamp,mn-1-76-1-1-44
md-1-76-1-1,wedge,md,1
md-1-76-1-2,octave-shift,md,1
md-1-76-1-3,wedge,md,1
md-1-76-1-4,octave-shift,md,1
md-1-76-1-5,wedge,md,1
md-1-76-1-6,octave-shift,md,1
md-1-76-1-7,wedge,md,1
md-1-77-1-1,wedge,md,1
md-1-77-1-2,words,md,1
md-1-78-1-1,octave-shift,md,1
md-1-78-1-2,words,md,1
mn-1-79-1-1-50--fermata--upright--1,fermata,stamp,mn-1-79-1-1-50
mn-1-79-1-1-50--trill-mark--1,trill-mark,derive,mn-1-79-1-1-50
md-1-79-1-1,words,md,1
mn-1-80-1-1-2--slur--start--1,slur,stamp,mn-1-80-1-1-2
mn-1-80-1-1-7--slur--stop--1,slur,stamp,mn-1-80-1-1-7
mn-1-80-1-1-9--slur--start--1,slur,stamp,mn-1-80-1-1-9
mn-1-80-1-1-14--slur--stop--1,slur,stamp,mn-1-80-1-1-14
mn-1-80-5-2-1--slur--start--1,slur,stamp,mn-1-80-5-2-1
mn-1-80-5-2-7--slur--stop--1,slur,stamp,mn-1-80-5-2-7
mn-1-80-5-2-10--slur--start--1,slur,stamp,mn-1-80-5-2-10
mn-1-80-5-2-16--slur--stop--1,slur,stamp,mn-1-80-5-2-16
md-1-80-1-1,words,md,1
mn-1-81-1-1-8--tuplet--start--1,tuplet,stamp,mn-1-81-1-1-8
mn-1-81-1-1-10--tuplet--stop--1,tuplet,stamp,mn-1-81-1-1-10
mn-1-81-1-1-11--trill-mark--1,trill-mark,derive,mn-1-81-1-1-11
mn-1-81-1-1-12--tuplet--start--1,tuplet,stamp,mn-1-81-1-1-12
mn-1-81-1-1-14--tuplet--stop--1,tuplet,stamp,mn-1-81-1-1-14
mn-1-81-1-1-15--tuplet--start--1,tuplet,stamp,mn-1-81-1-1-15
mn-1-81-1-1-17--tuplet--stop--1,tuplet,stamp,mn-1-81-1-1-17
mn-1-81-1-1-18--tuplet--start--1,tuplet,stamp,mn-1-81-1-1-18
mn-1-81-1-1-20--tuplet--stop--1,tuplet,stamp,mn-1-81-1-1-20
mn-1-81-1-1-21--tuplet--start--1,tuplet,stamp,mn-1-81-1-1-21
mn-1-81-1-1-23--tuplet--stop--1,tuplet,stamp,mn-1-81-1-1-23
mn-1-81-5-2-3--slur--start--1,slur,stamp,mn-1-81-5-2-3
mn-1-81-5-1-1--slur--stop--1,slur,stamp,mn-1-81-5-1-1
mn-1-82-1-1-2--slur--start--1,slur,stamp,mn-1-82-1-1-2
mn-1-82-1-1-4--accent--1,accent,derive,mn-1-82-1-1-4
mn-1-82-1-1-7--slur--stop--1,slur,stamp,mn-1-82-1-1-7
mn-1-82-1-1-9--slur--start--1,slur,stamp,mn-1-82-1-1-9
mn-1-82-1-1-11--accent--1,accent,derive,mn-1-82-1-1-11
mn-1-82-1-1-14--slur--stop--1,slur,stamp,mn-1-82-1-1-14
mn-1-82-5-2-1--slur--start--1,slur,stamp,mn-1-82-5-2-1
mn-1-82-5-2-7--slur--stop--1,slur,stamp,mn-1-82-5-2-7
mn-1-82-5-2-10--slur--start--1,slur,stamp,mn-1-82-5-2-10
mn-1-82-5-2-16--slur--stop--1,slur,stamp,mn-1-82-5-2-16
md-1-82-1-1,words,md,1
mn-1-83-1-1-1--slur--start--1,slur,stamp,mn-1-83-1-1-1
mn-1-83-1-1-7--tuplet--start--1,tuplet,stamp,mn-1-83-1-1-7
mn-1-83-1-1-9--tuplet--stop--1,tuplet,stamp,mn-1-83-1-1-9
mn-1-83-1-1-10--slur--stop--1,slur,stamp,mn-1-83-1-1-10
mn-1-83-1-1-13--tuplet--start--1,tuplet,stamp,mn-1-83-1-1-13
mn-1-83-1-1-17--tuplet--stop--1,tuplet,stamp,mn-1-83-1-1-17
mn-1-83-1-1-18--slur--start--1,slur,stamp,mn-1-83-1-1-18
mn-1-83-1-1-18--staccato--1,staccato,derive,mn-1-83-1-1-18
mn-1-83-1-1-19--slur--stop--1,slur,stamp,mn-1-83-1-1-19
mn-1-83-1-1-20--slur--start--1,slur,stamp,mn-1-83-1-1-20
mn-1-83-1-1-21--slur--stop--1,slur,stamp,mn-1-83-1-1-21
mn-1-83-5-1-1--slur--start--1,slur,stamp,mn-1-83-5-1-1
mn-1-83-5-1-5--slur--stop--1,slur,stamp,mn-1-83-5-1-5
md-1-83-1-1,octave-shift,md,1
md-1-83-1-2,octave-shift,md,1
mn-1-84-1-1-4--slur--start--1,slur,stamp,mn-1-84-1-1-4
mn-1-84-1-1-4--accent--1,accent,derive,mn-1-84-1-1-4
mn-1-84-1-1-7--slur--stop--1,slur,stamp,mn-1-84-1-1-7
mn-1-84-1-1-11--tied--start--1,tied,stamp,mn-1-84-1-1-11
mn-1-84-1-1-12--tied--stop--1,tied,stamp,mn-1-84-1-1-12
mn-1-84-1-1-12--tuplet--start--1,tuplet,stamp,mn-1-84-1-1-12
mn-1-84-1-1-12--slur--start--1,slur,stamp,mn-1-84-1-1-12
mn-1-84-1-1-13--staccato--1,staccato,derive,mn-1-84-1-1-13
mn-1-84-1-1-14--staccato--1,staccato,derive,mn-1-84-1-1-14
mn-1-84-1-1-15--staccato--1,staccato,derive,mn-1-84-1-1-15
mn-1-84-1-1-16--staccato--1,staccato,derive,mn-1-84-1-1-16
mn-1-84-1-1-17--tuplet--stop--1,tuplet,stamp,mn-1-84-1-1-17
mn-1-84-1-1-17--slur--stop--1,slur,stamp,mn-1-84-1-1-17
mn-1-84-1-1-17--staccato--1,staccato,derive,mn-1-84-1-1-17
mn-1-85-1-1-4--tied--start--1,tied,stamp,mn-1-85-1-1-4
mn-1-85-1-1-5--tied--stop--1,tied,stamp,mn-1-85-1-1-5
mn-1-85-1-1-5--tuplet--start--1,tuplet,stamp,mn-1-85-1-1-5
mn-1-85-1-1-6--staccato--1,staccato,derive,mn-1-85-1-1-6
mn-1-85-1-1-7--tuplet--stop--1,tuplet,stamp,mn-1-85-1-1-7
mn-1-85-1-1-7--staccato--1,staccato,derive,mn-1-85-1-1-7
mn-1-85-1-1-8--staccato--1,staccato,derive,mn-1-85-1-1-8
mn-1-85-1-1-9--staccato--1,staccato,derive,mn-1-85-1-1-9
mn-1-85-1-1-10--staccato--1,staccato,derive,mn-1-85-1-1-10
mn-1-85-1-1-11--staccato--1,staccato,derive,mn-1-85-1-1-11
mn-1-85-1-1-12--tuplet--start--1,tuplet,stamp,mn-1-85-1-1-12
mn-1-85-1-1-14--tuplet--stop--1,tuplet,stamp,mn-1-85-1-1-14
mn-1-85-1-1-15--trill-mark--1,trill-mark,derive,mn-1-85-1-1-15
mn-1-85-5-2-16--fermata--upright--1,fermata,stamp,mn-1-85-5-2-16
md-1-85-1-1,wedge,md,1
md-1-85-1-2,wedge,md,1
mn-1-86-1-1-2--slur--start--1,slur,stamp,mn-1-86-1-1-2
mn-1-86-1-1-2--accent--1,accent,derive,mn-1-86-1-1-2
mn-1-86-1-1-8--slur--stop--1,slur,stamp,mn-1-86-1-1-8
mn-1-86-5-2-16--staccatissimo--1,staccatissimo,derive,mn-1-86-5-2-16
mn-1-86-5-2-21--staccatissimo--1,staccatissimo,derive,mn-1-86-5-2-21
md-1-86-1-1,dynamics,md,1
md-1-86-1-2,words,md,1
md-1-86-2-1,pedal,md,2
md-1-86-2-2,pedal,md,2
md-1-86-2-3,pedal,md,2
md-1-86-2-4,pedal,md,2
mn-1-87-1-1-2--slur--start--1,slur,stamp,mn-1-87-1-1-2
mn-1-87-1-1-2--accent--1,accent,derive,mn-1-87-1-1-2
mn-1-87-1-1-8--slur--stop--1,slur,stamp,mn-1-87-1-1-8
mn-1-87-1-1-11--accent--1,accent,derive,mn-1-87-1-1-11
md-1-87-2-1,pedal,md,2
md-1-87-2-2,pedal,md,2
md-1-87-2-3,pedal,md,2
md-1-87-2-4,pedal,md,2
mn-1-88-1-1-2--strong-accent--1,strong-accent,derive,mn-1-88-1-1-2
mn-1-88-5-2-2--strong-accent--1,strong-accent,derive,mn-1-88-5-2-2
md-1-88-1-1,dynamics,md,1
md-1-88-2-1,pedal,md,2
md-1-88-2-2,pedal,md,2
md-1-88-2-3,pedal,md,2
md-1-88-2-4,pedal,md,2
mn-1-89-1-1-2--strong-accent--1,strong-accent,derive,mn-1-89-1-1-2
mn-1-89-5-2-2--strong-accent--1,strong-accent,derive,mn-1-89-5-2-2
md-1-89-2-1,pedal,md,2
md-1-89-2-2,pedal,md,2
md-1-89-2-3,pedal,md,2
md-1-89-2-4,pedal,md,2
mn-1-90-1-1-2--accent--1,accent,derive,mn-1-90-1-1-2
mn-1-90-1-1-12--slur--start--1,slur,stamp,mn-1-90-1-1-12
mn-1-90-1-1-12--accent--1,accent,derive,mn-1-90-1-1-12
mn-1-90-1-1-18--slur--stop--1,slur,stamp,mn-1-90-1-1-18
md-1-90-1-1,words,md,1
md-1-90-1-2,octave-shift,md,1
md-1-90-1-3,words,md,1
md-1-90-1-4,octave-shift,md,1
md-1-90-2-1,pedal,md,2
md-1-90-2-2,pedal,md,2
md-1-90-2-3,pedal,md,2
md-1-90-2-4,pedal,md,2
mn-1-91-1-1-2--strong-accent--1,strong-accent,derive,mn-1-91-1-1-2
md-1-91-1-1,words,md,1
md-1-91-1-2,octave-shift,md,1
md-1-91-1-3,octave-shift,md,1
md-1-91-2-1,dynamics,md,2
md-1-91-2-2,octave-shift,md,2
md-1-91-2-3,octave-shift,md,2
mn-1-92-1-1-13--tuplet--start--1,tuplet,stamp,mn-1-92-1-1-13
mn-1-92-1-1-13--slur--start--1,slur,stamp,mn-1-92-1-1-13
mn-1-92-1-1-17--tuplet--stop--1,tuplet,stamp,mn-1-92-1-1-17
mn-1-92-1-1-17--slur--stop--1,slur,stamp,mn-1-92-1-1-17
mn-1-92-1-1-27--staccatissimo--1,staccatissimo,derive,mn-1-92-1-1-27
md-1-92-1-1,wedge,md,1
md-1-92-1-2,wedge,md,1
mn-1-93-1-1-1--slur--start--1,slur,stamp,mn-1-93-1-1-1
mn-1-93-1-1-1--strong-accent--1,strong-accent,derive,mn-1-93-1-1-1
mn-1-93-1-1-5--slur--stop--1,slur,stamp,mn-1-93-1-1-5
mn-1-93-1-1-7--slur--start--1,slur,stamp,mn-1-93-1-1-7
mn-1-93-1-1-7--strong-accent--1,strong-accent,derive,mn-1-93-1-1-7
mn-1-93-1-1-11--slur--stop--1,slur,stamp,mn-1-93-1-1-11
mn-1-94-1-1-2--tuplet--start--1,tuplet,stamp,mn-1-94-1-1-2
mn-1-94-1-1-2--slur--start--1,slur,stamp,mn-1-94-1-1-2
mn-1-94-1-1-2--accent--1,accent,derive,mn-1-94-1-1-2
mn-1-94-1-1-3--tuplet--stop--1,tuplet,stamp,mn-1-94-1-1-3
mn-1-94-1-1-3--slur--stop--1,slur,stamp,mn-1-94-1-1-3
mn-1-94-1-1-4--tuplet--start--1,tuplet,stamp,mn-1-94-1-1-4
mn-1-94-1-1-6--tuplet--stop--1,tuplet,stamp,mn-1-94-1-1-6
mn-1-94-1-1-8--slur--start--1,slur,stamp,mn-1-94-1-1-8
mn-1-94-1-1-8--accent--1,accent,derive,mn-1-94-1-1-8
mn-1-94-1-2-2--slur--stop--1,slur,stamp,mn-1-94-1-2-2
mn-1-94-1-1-11--slur--start--1,slur,stamp,mn-1-94-1-1-11
mn-1-94-1-1-11--accent--1,accent,derive,mn-1-94-1-1-11
mn-1-94-1-2-4--slur--stop--1,slur,stamp,mn-1-94-1-2-4
mn-1-94-1-1-14--slur--start--1,slur,stamp,mn-1-94-1-1-14
mn-1-94-1-1-14--accent--1,accent,derive,mn-1-94-1-1-14
mn-1-94-1-2-6--slur--stop--1,slur,stamp,mn-1-94-1-2-6
mn-1-94-1-1-17--slur--start--1,slur,stamp,mn-1-94-1-1-17
mn-1-94-1-1-17--accent--1,accent,derive,mn-1-94-1-1-17
mn-1-94-1-2-8--slur--stop--1,slur,stamp,mn-1-94-1-2-8
mn-1-95-1-1-2--slur--start--1,slur,stamp,mn-1-95-1-1-2
mn-1-95-1-2-2--slur--stop--1,slur,stamp,mn-1-95-1-2-2
mn-1-95-5-2-3--tied--start--1,tied,stamp,mn-1-95-5-2-3
mn-1-95-5-2-3--slur--start--1,slur,stamp,mn-1-95-5-2-3
mn-1-95-5-2-3--strong-accent--1,strong-accent,derive,mn-1-95-5-2-3
mn-1-95-5-2-4--tied--stop--1,tied,stamp,mn-1-95-5-2-4
mn-1-95-5-2-7--slur--stop--1,slur,stamp,mn-1-95-5-2-7
md-1-95-2-1,words,md,2
mn-1-96-1-1-1--fermata--upright--1,fermata,stamp,mn-1-96-1-1-1
mn-1-96-5-2-1--tied--start--1,tied,stamp,mn-1-96-5-2-1
mn-1-96-5-2-1--fermata--upright--1,fermata,stamp,mn-1-96-5-2-1
mn-1-96-5-2-1--strong-accent--1,strong-accent,derive,mn-1-96-5-2-1
mn-1-96-5-2-2--tied--stop--1,tied,stamp,mn-1-96-5-2-2
mn-1-96-5-2-2--slur--start--1,slur,stamp,mn-1-96-5-2-2
mn-1-96-5-2-7--slur--stop--1,slur,stamp,mn-1-96-5-2-7
md-1-96-1-1,words,md,1
md-1-96-2-1,wedge,md,2
md-1-96-2-2,wedge,md,2
mn-1-97-1-1-1--slur--start--1,slur,stamp,mn-1-97-1-1-1
mn-1-97-1-1-2--staccato--1,staccato,derive,mn-1-97-1-1-2
mn-1-97-1-1-3--staccato--1,staccato,derive,mn-1-97-1-1-3
mn-1-97-1-1-4--slur--stop--1,slur,stamp,mn-1-97-1-1-4
mn-1-97-1-1-4--staccato--1,staccato,derive,mn-1-97-1-1-4
mn-1-97-1-1-5--slur--start--1,slur,stamp,mn-1-97-1-1-5
mn-1-97-1-1-5--staccato--1,staccato,derive,mn-1-97-1-1-5
mn-1-97-1-1-6--staccato--1,staccato,derive,mn-1-97-1-1-6
mn-1-97-1-1-7--staccato--1,staccato,derive,mn-1-97-1-1-7
mn-1-97-1-1-8--staccato--1,staccato,derive,mn-1-97-1-1-8
mn-1-97-1-1-9--staccato--1,staccato,derive,mn-1-97-1-1-9
mn-1-97-1-1-10--slur--stop--1,slur,stamp,mn-1-97-1-1-10
mn-1-97-1-1-10--staccato--1,staccato,derive,mn-1-97-1-1-10
mn-1-97-2-1-1--arpeggiate--1,arpeggiate,stamp,mn-1-97-2-1-1
mn-1-97-2-1-2--arpeggiate--1,arpeggiate,stamp,mn-1-97-2-1-2
mn-1-97-5-2-2--slur--start--1,slur,stamp,mn-1-97-5-2-2
mn-1-97-5-2-2--staccato--1,staccato,derive,mn-1-97-5-2-2
mn-1-97-5-2-5--staccato--1,staccato,derive,mn-1-97-5-2-5
mn-1-97-5-2-8--staccato--1,staccato,derive,mn-1-97-5-2-8
mn-1-97-5-2-11--staccato--1,staccato,derive,mn-1-97-5-2-11
mn-1-97-5-2-14--slur--stop--1,slur,stamp,mn-1-97-5-2-14
mn-1-97-5-2-14--staccato--1,staccato,derive,mn-1-97-5-2-14
mn-1-97-5-2-17--slur--start--1,slur,stamp,mn-1-97-5-2-17
mn-1-97-5-2-17--staccato--1,staccato,derive,mn-1-97-5-2-17
mn-1-97-5-2-20--staccato--1,staccato,derive,mn-1-97-5-2-20
mn-1-97-5-2-23--staccato--1,staccato,derive,mn-1-97-5-2-23
mn-1-97-5-2-26--staccato--1,staccato,derive,mn-1-97-5-2-26
mn-1-97-5-2-29--staccato--1,staccato,derive,mn-1-97-5-2-29
mn-1-97-5-2-32--slur--stop--1,slur,stamp,mn-1-97-5-2-32
mn-1-97-5-2-32--staccato--1,staccato,derive,mn-1-97-5-2-32
md-1-97-1-1,dynamics,md,1
md-1-97-2-1,dynamics,md,2
mn-1-98-1-1-1--slur--start--1,slur,stamp,mn-1-98-1-1-1
mn-1-98-1-1-1--staccato--1,staccato,derive,mn-1-98-1-1-1
mn-1-98-1-1-2--staccato--1,staccato,derive,mn-1-98-1-1-2
mn-1-98-1-1-3--staccato--1,staccato,derive,mn-1-98-1-1-3
mn-1-98-1-1-4--staccato--1,staccato,derive,mn-1-98-1-1-4
mn-1-98-1-1-5--staccato--1,staccato,derive,mn-1-98-1-1-5
mn-1-98-1-1-6--staccato--1,staccato,derive,mn-1-98-1-1-6
mn-1-98-1-1-7--staccato--1,staccato,derive,mn-1-98-1-1-7
mn-1-98-1-1-8--staccato--1,staccato,derive,mn-1-98-1-1-8
mn-1-98-1-1-9--staccato--1,staccato,derive,mn-1-98-1-1-9
mn-1-98-1-1-10--staccato--1,staccato,derive,mn-1-98-1-1-10
mn-1-98-1-1-11--staccato--1,staccato,derive,mn-1-98-1-1-11
mn-1-98-1-1-12--slur--stop--1,slur,stamp,mn-1-98-1-1-12
mn-1-98-1-1-12--staccato--1,staccato,derive,mn-1-98-1-1-12
mn-1-98-5-2-2--slur--start--1,slur,stamp,mn-1-98-5-2-2
mn-1-98-5-2-2--staccato--1,staccato,derive,mn-1-98-5-2-2
mn-1-98-5-2-5--staccato--1,staccato,derive,mn-1-98-5-2-5
mn-1-98-5-2-8--staccato--1,staccato,derive,mn-1-98-5-2-8
mn-1-98-5-2-11--staccato--1,staccato,derive,mn-1-98-5-2-11
mn-1-98-5-2-14--staccato--1,staccato,derive,mn-1-98-5-2-14
mn-1-98-5-2-17--staccato--1,staccato,derive,mn-1-98-5-2-17
mn-1-98-5-2-20--staccato--1,staccato,derive,mn-1-98-5-2-20
mn-1-98-5-2-23--staccato--1,staccato,derive,mn-1-98-5-2-23
mn-1-98-5-2-26--staccato--1,staccato,derive,mn-1-98-5-2-26
mn-1-98-5-2-29--staccato--1,staccato,derive,mn-1-98-5-2-29
mn-1-98-5-2-32--slur--stop--1,slur,stamp,mn-1-98-5-2-32
mn-1-98-5-2-32--staccato--1,staccato,derive,mn-1-98-5-2-32
md-1-98-1-1,wedge,md,1
mn-1-99-1-1-1--slur--start--1,slur,stamp,mn-1-99-1-1-1
mn-1-99-1-1-1--accent--1,accent,derive,mn-1-99-1-1-1
mn-1-99-1-1-2--slur--stop--1,slur,stamp,mn-1-99-1-1-2
mn-1-99-1-1-3--slur--start--1,slur,stamp,mn-1-99-1-1-3
mn-1-99-1-1-3--strong-accent--1,strong-accent,derive,mn-1-99-1-1-3
mn-1-99-1-1-6--slur--stop--1,slur,stamp,mn-1-99-1-1-6
mn-1-99-2-1-2--staccato--1,staccato,derive,mn-1-99-2-1-2
mn-1-99-2-1-5--staccato--1,staccato,derive,mn-1-99-2-1-5
mn-1-99-2-1-8--staccato--1,staccato,derive,mn-1-99-2-1-8
mn-1-99-2-1-11--staccato--1,staccato,derive,mn-1-99-2-1-11
mn-1-99-2-1-14--staccato--1,staccato,derive,mn-1-99-2-1-14
mn-1-99-5-2-2--slur--start--1,slur,stamp,mn-1-99-5-2-2
mn-1-99-5-2-2--staccato--1,staccato,derive,mn-1-99-5-2-2
mn-1-99-5-2-5--staccato--1,staccato,derive,mn-1-99-5-2-5
mn-1-99-5-2-8--staccato--1,staccato,derive,mn-1-99-5-2-8
mn-1-99-5-2-11--staccato--1,staccato,derive,mn-1-99-5-2-11
mn-1-99-5-2-14--slur--stop--1,slur,stamp,mn-1-99-5-2-14
mn-1-99-5-2-14--staccato--1,staccato,derive,mn-1-99-5-2-14
mn-1-99-5-2-17--slur--start--1,slur,stamp,mn-1-99-5-2-17
mn-1-99-5-2-17--staccato--1,staccato,derive,mn-1-99-5-2-17
mn-1-99-5-2-21--staccato--1,staccato,derive,mn-1-99-5-2-21
mn-1-99-5-2-25--staccato--1,staccato,derive,mn-1-99-5-2-25
mn-1-99-5-2-29--staccato--1,staccato,derive,mn-1-99-5-2-29
mn-1-99-5-2-33--staccato--1,staccato,derive,mn-1-99-5-2-33
mn-1-99-5-2-37--slur--stop--1,slur,stamp,mn-1-99-5-2-37
mn-1-99-5-2-37--staccato--1,staccato,derive,mn-1-99-5-2-37
mn-1-100-1-1-1--slur--start--1,slur,stamp,mn-1-100-1-1-1
mn-1-100-1-1-2--staccato--1,staccato,derive,mn-1-100-1-1-2
mn-1-100-1-1-3--staccato--1,staccato,derive,mn-1-100-1-1-3
mn-1-100-1-1-4--slur--stop--1,slur,stamp,mn-1-100-1-1-4
mn-1-100-1-1-4--staccato--1,staccato,derive,mn-1-100-1-1-4
mn-1-100-1-1-5--slur--start--1,slur,stamp,mn-1-100-1-1-5
mn-1-100-1-1-5--staccato--1,staccato,derive,mn-1-100-1-1-5
mn-1-100-1-1-6--staccato--1,staccato,derive,mn-1-100-1-1-6
mn-1-100-1-1-7--staccato--1,staccato,derive,mn-1-100-1-1-7
mn-1-100-1-1-8--staccato--1,staccato,derive,mn-1-100-1-1-8
mn-1-100-1-1-10--staccato--1,staccato,derive,mn-1-100-1-1-10
mn-1-100-1-1-11--slur--stop--1,slur,stamp,mn-1-100-1-1-11
mn-1-100-1-1-11--staccato--1,staccato,derive,mn-1-100-1-1-11
mn-1-100-5-2-2--slur--start--1,slur,stamp,mn-1-100-5-2-2
mn-1-100-5-2-2--staccato--1,staccato,derive,mn-1-100-5-2-2
mn-1-100-5-2-5--staccato--1,staccato,derive,mn-1-100-5-2-5
mn-1-100-5-2-8--staccato--1,staccato,derive,mn-1-100-5-2-8
mn-1-100-5-2-11--staccato--1,staccato,derive,mn-1-100-5-2-11
mn-1-100-5-2-14--slur--stop--1,slur,stamp,mn-1-100-5-2-14
mn-1-100-5-2-14--staccato--1,staccato,derive,mn-1-100-5-2-14
mn-1-100-5-2-17--slur--start--1,slur,stamp,mn-1-100-5-2-17
mn-1-100-5-2-17--staccato--1,staccato,derive,mn-1-100-5-2-17
mn-1-100-5-2-20--staccato--1,staccato,derive,mn-1-100-5-2-20
mn-1-100-5-2-23--staccato--1,staccato,derive,mn-1-100-5-2-23
mn-1-100-5-2-26--staccato--1,staccato,derive,mn-1-100-5-2-26
mn-1-100-5-2-29--staccato--1,staccato,derive,mn-1-100-5-2-29
mn-1-100-5-2-32--slur--stop--1,slur,stamp,mn-1-100-5-2-32
mn-1-100-5-2-32--staccato--1,staccato,derive,mn-1-100-5-2-32
md-1-100-1-1,wedge,md,1
md-1-100-1-2,wedge,md,1
md-1-100-1-3,wedge,md,1
md-1-100-1-4,wedge,md,1
mn-1-101-1-1-1--strong-accent--1,strong-accent,derive,mn-1-101-1-1-1
mn-1-101-1-1-2--accent--1,accent,derive,mn-1-101-1-1-2
md-1-101-1-1,words,md,1
md-1-101-1-2,bracket,md,1
mn-1-102-1-1-1--accent--1,accent,derive,mn-1-102-1-1-1
mn-1-102-1-1-2--accent--1,accent,derive,mn-1-102-1-1-2
mn-1-103-1-1-1--accent--1,accent,derive,mn-1-103-1-1-1
mn-1-103-1-1-2--tenuto--1,tenuto,derive,mn-1-103-1-1-2
mn-1-103-1-1-3--tenuto--1,tenuto,derive,mn-1-103-1-1-3
mn-1-103-1-1-4--tenuto--1,tenuto,derive,mn-1-103-1-1-4
mn-1-104-1-1-1--accent--1,accent,derive,mn-1-104-1-1-1
mn-1-104-5-2-1--slur--start--1,slur,stamp,mn-1-104-5-2-1
mn-1-104-5-2-17--slur--stop--1,slur,stamp,mn-1-104-5-2-17
md-1-104-1-1,wedge,md,1
md-1-104-1-2,wedge,md,1
mn-1-105-5-2-1--arpeggiate--1,arpeggiate,stamp,mn-1-105-5-2-1
mn-1-105-5-2-2--arpeggiate--1,arpeggiate,stamp,mn-1-105-5-2-2
mn-1-105-5-2-4--tuplet--start--1,tuplet,stamp,mn-1-105-5-2-4
mn-1-105-5-2-4--slur--start--1,slur,stamp,mn-1-105-5-2-4
mn-1-105-5-2-8--tuplet--stop--1,tuplet,stamp,mn-1-105-5-2-8
mn-1-105-5-2-10--slur--stop--1,slur,stamp,mn-1-105-5-2-10
mn-1-105-5-2-11--slur--start--1,slur,stamp,mn-1-105-5-2-11
mn-1-105-5-2-14--slur--stop--1,slur,stamp,mn-1-105-5-2-14
mn-1-105-6-2-1--arpeggiate--1,arpeggiate,stamp,mn-1-105-6-2-1
mn-1-105-6-2-2--arpeggiate--1,arpeggiate,stamp,mn-1-105-6-2-2
md-1-105-1-1,bracket,md,1
md-1-105-2-1,words,md,2
mn-1-106-1-1-3--tuplet--start--1,tuplet,stamp,mn-1-106-1-1-3
mn-1-106-1-1-4--slur--start--1,slur,stamp,mn-1-106-1-1-4
mn-1-106-1-2-2--tuplet--stop--1,tuplet,stamp,mn-1-106-1-2-2
mn-1-106-1-2-2--slur--stop--1,slur,stamp,mn-1-106-1-2-2
mn-1-106-5-2-1--tied--start--1,tied,stamp,mn-1-106-5-2-1
mn-1-106-5-2-2--tied--stop--1,tied,stamp,mn-1-106-5-2-2
md-1-106-1-1,words,md,1
mn-1-107-1-2-1--staccato--1,staccato,derive,mn-1-107-1-2-1
mn-1-107-5-2-7--tuplet--start--1,tuplet,stamp,mn-1-107-5-2-7
mn-1-107-5-2-11--tuplet--stop--1,tuplet,stamp,mn-1-107-5-2-11
mn-1-107-5-2-12--tuplet--start--1,tuplet,stamp,mn-1-107-5-2-12
mn-1-107-5-2-12--slur--start--1,slur,stamp,mn-1-107-5-2-12
mn-1-107-5-2-14--tuplet--stop--1,tuplet,stamp,mn-1-107-5-2-14
mn-1-107-5-2-14--slur--stop--1,slur,stamp,mn-1-107-5-2-14
mn-1-107-5-2-15--slur--start--1,slur,stamp,mn-1-107-5-2-15
mn-1-107-5-2-15--accent--1,accent,derive,mn-1-107-5-2-15
mn-1-107-5-2-18--slur--stop--1,slur,stamp,mn-1-107-5-2-18
mn-1-108-1-1-2--tuplet--start--1,tuplet,stamp,mn-1-108-1-1-2
mn-1-108-1-1-7--tuplet--stop--1,tuplet,stamp,mn-1-108-1-1-7
mn-1-108-1-1-8--tuplet--start--1,tuplet,stamp,mn-1-108-1-1-8
mn-1-108-1-1-14--tuplet--stop--1,tuplet,stamp,mn-1-108-1-1-14
mn-1-108-1-1-15--tuplet--start--1,tuplet,stamp,mn-1-108-1-1-15
mn-1-108-1-1-21--tuplet--stop--1,tuplet,stamp,mn-1-108-1-1-21
mn-1-108-1-1-22--tuplet--start--1,tuplet,stamp,mn-1-108-1-1-22
mn-1-108-1-1-28--tuplet--stop--1,tuplet,stamp,mn-1-108-1-1-28
mn-1-108-1-1-29--tuplet--start--1,tuplet,stamp,mn-1-108-1-1-29
mn-1-108-1-2-2--tuplet--stop--1,tuplet,stamp,mn-1-108-1-2-2
mn-1-108-5-2-1--tied--start--1,tied,stamp,mn-1-108-5-2-1
mn-1-108-5-2-1--accent--1,accent,derive,mn-1-108-5-2-1
mn-1-108-5-2-2--tied--stop--1,tied,stamp,mn-1-108-5-2-2
mn-1-108-5-2-2--slur--start--1,slur,stamp,mn-1-108-5-2-2
mn-1-108-5-2-7--slur--stop--1,slur,stamp,mn-1-108-5-2-7
md-1-108-1-1,octave-shift,md,1
md-1-108-1-2,octave-shift,md,1
md-1-108-2-1,wedge,md,2
md-1-108-2-2,wedge,md,2
md-1-108-2-3,wedge,md,2
md-1-108-2-4,wedge,md,2
mn-1-109-1-1-1--tuplet--start--1,tuplet,stamp,mn-1-109-1-1-1
mn-1-109-1-2-1--slur--start--1,slur,stamp,mn-1-109-1-2-1
mn-1-109-1-1-2--tuplet--stop--1,tuplet,stamp,mn-1-109-1-1-2
mn-1-109-1-1-3--tuplet--start--1,tuplet,stamp,mn-1-109-1-1-3
mn-1-109-1-1-7--tuplet--stop--1,tuplet,stamp,mn-1-109-1-1-7
mn-1-109-1-1-8--tuplet--start--1,tuplet,stamp,mn-1-109-1-1-8
mn-1-109-1-1-13--tuplet--stop--1,tuplet,stamp,mn-1-109-1-1-13
mn-1-109-1-1-14--tuplet--start--1,tuplet,stamp,mn-1-109-1-1-14
mn-1-109-1-1-19--tuplet--stop--1,tuplet,stamp,mn-1-109-1-1-19
mn-1-109-1-1-20--tuplet--start--1,tuplet,stamp,mn-1-109-1-1-20
mn-1-109-1-1-25--tuplet--stop--1,tuplet,stamp,mn-1-109-1-1-25
mn-1-109-1-1-26--tuplet--start--1,tuplet,stamp,mn-1-109-1-1-26
mn-1-109-1-2-7--tuplet--stop--1,tuplet,stamp,mn-1-109-1-2-7
mn-1-109-1-2-7--slur--stop--1,slur,stamp,mn-1-109-1-2-7
mn-1-109-5-2-1--tied--start--1,tied,stamp,mn-1-109-5-2-1
mn-1-109-5-2-2--tied--stop--1,tied,stamp,mn-1-109-5-2-2
mn-1-109-5-2-2--slur--start--1,slur,stamp,mn-1-109-5-2-2
mn-1-109-5-2-7--slur--stop--1,slur,stamp,mn-1-109-5-2-7
md-1-109-1-1,octave-shift,md,1
md-1-109-1-2,octave-shift,md,1
md-1-109-2-1,wedge,md,2
md-1-109-2-2,wedge,md,2
mn-1-110-1-1-1--tuplet--start--1,tuplet,stamp,mn-1-110-1-1-1
mn-1-110-1-2-1--slur--start--1,slur,stamp,mn-1-110-1-2-1
mn-1-110-1-2-4--tuplet--stop--1,tuplet,stamp,mn-1-110-1-2-4
mn-1-110-1-1-2--tuplet--start--1,tuplet,stamp,mn-1-110-1-1-2
mn-1-110-1-1-6--tuplet--stop--1,tuplet,stamp,mn-1-110-1-1-6
mn-1-110-1-1-7--tuplet--start--1,tuplet,stamp,mn-1-110-1-1-7
mn-1-110-1-1-12--tuplet--stop--1,tuplet,stamp,mn-1-110-1-1-12
mn-1-110-1-1-13--tuplet--start--1,tuplet,stamp,mn-1-110-1-1-13
mn-1-110-1-1-18--tuplet--stop--1,tuplet,stamp,mn-1-110-1-1-18
mn-1-110-1-1-19--tuplet--start--1,tuplet,stamp,mn-1-110-1-1-19
mn-1-110-1-1-24--tuplet--stop--1,tuplet,stamp,mn-1-110-1-1-24
mn-1-110-1-1-25--tuplet--start--1,tuplet,stamp,mn-1-110-1-1-25
mn-1-110-1-2-7--tuplet--stop--1,tuplet,stamp,mn-1-110-1-2-7
mn-1-110-1-2-7--slur--stop--1,slur,stamp,mn-1-110-1-2-7
mn-1-110-5-2-1--tied--start--1,tied,stamp,mn-1-110-5-2-1
mn-1-110-5-2-2--tied--stop--1,tied,stamp,mn-1-110-5-2-2
mn-1-110-5-2-6--tuplet--start--1,tuplet,stamp,mn-1-110-5-2-6
mn-1-110-5-2-8--tuplet--stop--1,tuplet,stamp,mn-1-110-5-2-8
md-1-110-1-1,wedge,md,1
md-1-110-1-2,octave-shift,md,1
md-1-110-1-3,wedge,md,1
md-1-110-1-4,wedge,md,1
md-1-110-1-5,octave-shift,md,1
md-1-110-1-6,wedge,md,1
mn-1-111-1-1-1--tuplet--start--1,tuplet,stamp,mn-1-111-1-1-1
mn-1-111-1-1-2--tuplet--stop--1,tuplet,stamp,mn-1-111-1-1-2
mn-1-111-6-2-2--slur--start--1,slur,stamp,mn-1-111-6-2-2
mn-1-111-6-2-2--staccato--1,staccato,derive,mn-1-111-6-2-2
mn-1-111-6-2-4--staccato--1,staccato,derive,mn-1-111-6-2-4
mn-1-111-6-2-6--staccato--1,staccato,derive,mn-1-111-6-2-6
mn-1-111-6-2-8--staccato--1,staccato,derive,mn-1-111-6-2-8
mn-1-111-6-2-10--slur--stop--1,slur,stamp,mn-1-111-6-2-10
mn-1-111-6-2-10--staccato--1,staccato,derive,mn-1-111-6-2-10
md-1-111-1-1,pedal,md,1
md-1-111-1-2,wedge,md,1
md-1-111-1-3,octave-shift,md,1
md-1-111-1-4,wedge,md,1
md-1-112-1-1,octave-shift,md,1
md-1-112-1-2,wedge,md,1
md-1-112-1-3,octave-shift,md,1
md-1-113-1-1,octave-shift,md,1
md-1-113-1-2,octave-shift,md,1
md-1-114-1-1,octave-shift,md,1
mn-1-115-1-1-1--tuplet--start--1,tuplet,stamp,mn-1-115-1-1-1
mn-1-115-1-1-5--tuplet--stop--1,tuplet,stamp,mn-1-115-1-1-5
mn-1-115-1-1-6--tuplet--start--1,tuplet,stamp,mn-1-115-1-1-6
mn-1-115-1-1-10--tuplet--stop--1,tuplet,stamp,mn-1-115-1-1-10
mn-1-115-1-1-14--slur--start--1,slur,stamp,mn-1-115-1-1-14
mn-1-115-1-1-17--slur--stop--1,slur,stamp,mn-1-115-1-1-17
mn-1-115-5-2-2--arpeggiate--1,arpeggiate,stamp,mn-1-115-5-2-2
mn-1-115-5-2-3--arpeggiate--1,arpeggiate,stamp,mn-1-115-5-2-3
mn-1-115-5-2-4--arpeggiate--1,arpeggiate,stamp,mn-1-115-5-2-4
md-1-115-1-1,wedge,md,1
md-1-115-1-2,dynamics,md,1
md-1-115-1-3,words,md,1
mn-1-116-1-1-1--slur--start--1,slur,stamp,mn-1-116-1-1-1
mn-1-116-1-1-1--staccato--1,staccato,derive,mn-1-116-1-1-1
mn-1-116-1-1-1--arpeggiate--1,arpeggiate,stamp,mn-1-116-1-1-1
mn-1-116-1-1-2--arpeggiate--1,arpeggiate,stamp,mn-1-116-1-1-2
mn-1-116-1-1-3--arpeggiate--1,arpeggiate,stamp,mn-1-116-1-1-3
mn-1-116-1-1-5--staccato--1,staccato,derive,mn-1-116-1-1-5
mn-1-116-1-1-5--arpeggiate--1,arpeggiate,stamp,mn-1-116-1-1-5
mn-1-116-1-1-6--arpeggiate--1,arpeggiate,stamp,mn-1-116-1-1-6
mn-1-116-1-1-7--arpeggiate--1,arpeggiate,stamp,mn-1-116-1-1-7
mn-1-116-1-1-8--slur--stop--1,slur,stamp,mn-1-116-1-1-8
mn-1-116-1-1-8--staccato--1,staccato,derive,mn-1-116-1-1-8
mn-1-116-1-1-8--arpeggiate--1,arpeggiate,stamp,mn-1-116-1-1-8
mn-1-116-1-1-9--arpeggiate--1,arpeggiate,stamp,mn-1-116-1-1-9
mn-1-116-1-1-10--arpeggiate--1,arpeggiate,stamp,mn-1-116-1-1-10
mn-1-116-1-1-11--fermata--upright--1,fermata,stamp,mn-1-116-1-1-11
mn-1-116-1-1-11--arpeggiate--1,arpeggiate,stamp,mn-1-116-1-1-11
mn-1-116-1-1-12--arpeggiate--1,arpeggiate,stamp,mn-1-116-1-1-12
mn-1-116-1-1-13--arpeggiate--1,arpeggiate,stamp,mn-1-116-1-1-13
mn-1-116-5-2-1--slur--start--1,slur,stamp,mn-1-116-5-2-1
mn-1-116-5-2-1--staccato--1,staccato,derive,mn-1-116-5-2-1
mn-1-116-5-2-1--arpeggiate--1,arpeggiate,stamp,mn-1-116-5-2-1
mn-1-116-5-2-2--arpeggiate--1,arpeggiate,stamp,mn-1-116-5-2-2
mn-1-116-5-2-3--arpeggiate--1,arpeggiate,stamp,mn-1-116-5-2-3
mn-1-116-5-2-5--staccato--1,staccato,derive,mn-1-116-5-2-5
mn-1-116-5-2-5--arpeggiate--1,arpeggiate,stamp,mn-1-116-5-2-5
mn-1-116-5-2-6--arpeggiate--1,arpeggiate,stamp,mn-1-116-5-2-6
mn-1-116-5-2-7--arpeggiate--1,arpeggiate,stamp,mn-1-116-5-2-7
mn-1-116-5-2-8--slur--stop--1,slur,stamp,mn-1-116-5-2-8
mn-1-116-5-2-8--staccato--1,staccato,derive,mn-1-116-5-2-8
mn-1-116-5-2-8--arpeggiate--1,arpeggiate,stamp,mn-1-116-5-2-8
mn-1-116-5-2-9--arpeggiate--1,arpeggiate,stamp,mn-1-116-5-2-9
mn-1-116-5-2-10--arpeggiate--1,arpeggiate,stamp,mn-1-116-5-2-10
mn-1-116-5-2-11--fermata--upright--1,fermata,stamp,mn-1-116-5-2-11
mn-1-116-5-2-11--arpeggiate--1,arpeggiate,stamp,mn-1-116-5-2-11
mn-1-116-5-2-12--arpeggiate--1,arpeggiate,stamp,mn-1-116-5-2-12
mn-1-116-5-2-13--arpeggiate--1,arpeggiate,stamp,mn-1-116-5-2-13
md-1-116-1-1,words,md,1
md-1-116-1-2,pedal,md,1
