note_id,original_id,part,bar,voice,staff,ordinal
n1,n1,1,1,1,1,1
n2,n2,1,1,1,1,2
n3,n3,1,1,1,1,3
n4,n4,1,1,1,1,4
n5,n5,1,1,1,1,5
n6,n6,1,1,5,2,1
n7,n7,1,1,5,2,2
n8,n8,1,1,5,2,3
n9,n9,1,1,5,2,4
n10,n10,1,1,5,2,5
n11,n11,1,2,1,1,1
n12,n12,1,2,1,1,2
n13,n13,1,2,1,1,3
n14,n14,1,2,1,1,4
n15,n15,1,2,1,1,5
n16,n16,1,2,1,1,6
n17,n17,1,2,1,1,7
n18,n18,1,2,1,1,8
n19,n19,1,2,5,2,1
n20,n20,1,2,5,2,2
n21,n21,1,2,5,2,3
n22,n22,1,2,5,2,4
n23,n23,1,2,5,2,5
n24,n24,1,2,5,2,6
n25,n25,1,2,5,2,7
n26,n26,1,2,5,2,8
n27,n27,1,3,1,1,1
n28,n28,1,3,1,1,2
n29,n29,1,3,1,1,3
n30,n30,1,3,1,1,4
n31,n31,1,3,1,1,5
n32,n32,1,3,1,1,6
n33,n33,1,3,1,1,7
n34,n34,1,3,5,2,1
n35,n35,1,3,5,2,2
n36,n36,1,3,5,2,3
n37,n37,1,3,5,2,4
n38,n38,1,3,5,2,5
n39,n39,1,3,5,2,6
n40,n40,1,3,5,2,7
n41,n41,1,4,1,1,1
n42,n42,1,4,1,1,2
n43,n43,1,4,1,1,3
n44,n44,1,4,1,1,4
n45,n45,1,4,1,1,5
n46,n46,1,4,1,1,6
n47,n47,1,4,1,1,7
n48,n48,1,4,1,1,8
n49,n49,1,4,1,1,9
n50,n50,1,4,5,2,1
n51,n51,1,4,5,2,2
n52,n52,1,4,5,2,3
n53,n53,1,4,5,2,4
n54,n54,1,4,5,2,5
n55,n55,1,4,5,2,6
n56,n56,1,4,5,2,7
n57,n57,1,4,5,2,8
n58,n58,1,4,5,2,9
n59,n59,1,5,1,1,1
n60,n60,1,5,1,1,2
n61,n61,1,5,1,1,3
n62,n62,1,5,1,1,4
n63,n63,1,5,1,1,5
n64,n64,1,5,1,1,6
n65,n65,1,5,1,1,7
n66,n66,1,5,5,2,1
n67,n67,1,5,5,2,2
n68,n68,1,5,5,2,3
n69,n69,1,5,5,2,4
n70,n70,1,5,5,2,5
n71,n71,1,5,5,2,6
n72,n72,1,5,5,2,7
n73,n73,1,6,1,1,1
n74,n74,1,6,1,1,2
n75,n75,1,6,1,1,3
n76,n76,1,6,5,2,1
n77,n77,1,6,5,2,2
n78,n78,1,6,5,2,3
n79,n79,1,6,5,2,4
n80,n80,1,7,1,1,1
n81,n81,1,7,5,2,1
n82,n82,1,7,5,2,2
n83,n83,1,7,5,2,3
n84,n84,1,8,1,1,1
r1,r1,1,8,1,1,2
n85,n85,1,8,1,1,3
n86,n86,1,8,1,1,4
n87,n87,1,8,1,1,5
n88,n88,1,8,1,1,6
n89,n89,1,8,1,1,7
n90,n90,1,8,2,1,1
n91,n91,1,8,2,1,2
n92,n92,1,8,3,1,1
n93,n93,1,8,4,1,1
n94,n94,1,8,5,2,1
n95,n95,1,8,5,2,2
n96,n96,1,8,5,2,3
n97,n97,1,8,5,2,4
n98,n98,1,9,1,1,1
n99,n99,1,9,1,1,2
r2,r2,1,9,2,1,1
n100,n100,1,9,2,1,2
n101,n101,1,9,2,1,3
n102,n102,1,9,2,1,4
n103,n103,1,9,2,1,5
r3,r3,1,9,2,1,6
n104,n104,1,9,2,1,7
n105,n105,1,9,2,1,8
n106,n106,1,9,2,1,9
n107,n107,1,9,2,1,10
n108,n108,1,9,5,2,1
n109,n109,1,9,5,2,2
n110,n110,1,9,5,2,3
n111,n111,1,9,5,2,4
n112,n112,1,9,5,2,5
n113,n113,1,9,5,2,6
n114,n114,1,10,1,1,1
r4,r4,1,10,1,1,2
n115,n115,1,10,1,1,3
n116,n116,1,10,1,1,4
n117,n117,1,10,1,1,5
n118,n118,1,10,1,1,6
n119,n119,1,10,1,1,7
r5,r5,1,10,2,1,1
n120,n120,1,10,2,1,2
n121,n121,1,10,2,1,3
n122,n122,1,10,2,1,4
n123,n123,1,10,2,1,5
n124,n124,1,10,2,1,6
n125,n125,1,10,2,1,7
n126,n126,1,10,3,1,1
n127,n127,1,10,4,1,1
n128,n128,1,10,5,2,1
n129,n129,1,10,5,2,2
n130,n130,1,10,5,2,3
n131,n131,1,10,5,2,4
n132,n132,1,10,5,2,5
n133,n133,1,10,5,2,6
n134,n134,1,10,5,2,7
n135,n135,1,10,5,2,8
n136,n136,1,11,1,1,1
n137,n137,1,11,1,1,2
r6,r6,1,11,2,1,1
n138,n138,1,11,2,1,2
n139,n139,1,11,2,1,3
n140,n140,1,11,2,1,4
n141,n141,1,11,2,1,5
r7,r7,1,11,2,1,6
n142,n142,1,11,2,1,7
n143,n143,1,11,2,1,8
n144,n144,1,11,2,1,9
n145,n145,1,11,2,1,10
n146,n146,1,11,2,1,11
n147,n147,1,11,2,1,12
n148,n148,1,11,5,2,1
n149,n149,1,11,5,2,2
n150,n150,1,11,5,2,3
n151,n151,1,11,5,2,4
n152,n152,1,11,5,2,5
n153,n153,1,11,5,2,6
n154,n154,1,12,1,1,1
r8,r8,1,12,1,1,2
n155,n155,1,12,1,1,3
n156,n156,1,12,1,1,4
n157,n157,1,12,1,1,5
n158,n158,1,12,1,1,6
n159,n159,1,12,1,1,7
r9,r9,1,12,2,1,1
n160,n160,1,12,2,1,2
n161,n161,1,12,2,1,3
n162,n162,1,12,2,1,4
n163,n163,1,12,2,1,5
n164,n164,1,12,2,1,6
n165,n165,1,12,2,1,7
n166,n166,1,12,2,1,8
n167,n167,1,12,2,1,9
n168,n168,1,12,3,1,1
n169,n169,1,12,4,1,1
n170,n170,1,12,5,2,1
n171,n171,1,12,5,2,2
n172,n172,1,12,5,2,3
n173,n173,1,12,5,2,4
n174,n174,1,12,5,2,5
n175,n175,1,12,5,2,6
n176,n176,1,13,1,1,1
n177,n177,1,13,1,1,2
r10,r10,1,13,2,1,1
n178,n178,1,13,2,1,2
n179,n179,1,13,2,1,3
n180,n180,1,13,2,1,4
n181,n181,1,13,2,1,5
r11,r11,1,13,2,1,6
n182,n182,1,13,2,1,7
n183,n183,1,13,2,1,8
n184,n184,1,13,2,1,9
n185,n185,1,13,2,1,10
n186,n186,1,13,2,1,11
n187,n187,1,13,2,1,12
n188,n188,1,13,5,2,1
n189,n189,1,13,5,2,2
n190,n190,1,13,5,2,3
n191,n191,1,13,5,2,4
n192,n192,1,13,5,2,5
n193,n193,1,13,5,2,6
n194,n194,1,14,1,1,1
n195,n195,1,14,1,1,2
n196,n196,1,14,1,1,3
n197,n197,1,14,1,1,4
n198,n198,1,14,1,1,5
n199,n199,1,14,1,1,6
n200,n200,1,14,1,1,7
n201,n201,1,14,1,1,8
r12,r12,1,14,2,1,1
n202,n202,1,14,2,1,2
n203,n203,1,14,2,1,3
n204,n204,1,14,2,1,4
n205,n205,1,14,2,1,5
n206,n206,1,14,2,1,6
n207,n207,1,14,4,1,1
n208,n208,1,14,5,2,1
n209,n209,1,14,5,2,2
n210,n210,1,14,5,2,3
n211,n211,1,14,5,2,4
n212,n212,1,14,5,2,5
n213,n213,1,14,5,2,6
n214,n214,1,15,1,1,1
n215,n215,1,15,1,1,2
r13,r13,1,15,2,1,1
n216,n216,1,15,2,1,2
n217,n217,1,15,2,1,3
n218,n218,1,15,2,1,4
n219,n219,1,15,2,1,5
n220,n220,1,15,2,1,6
n221,n221,1,15,2,1,7
r14,r14,1,15,2,1,8
n222,n222,1,15,2,1,9
n223,n223,1,15,2,1,10
n224,n224,1,15,2,1,11
n225,n225,1,15,2,1,12
n226,n226,1,15,2,1,13
n227,n227,1,15,2,1,14
n228,n228,1,15,5,2,1
n229,n229,1,15,5,2,2
n230,n230,1,15,5,2,3
n231,n231,1,15,5,2,4
n232,n232,1,15,5,2,5
n233,n233,1,15,5,2,6
n234,n234,1,16,1,1,1
r15,r15,1,16,1,1,2
n235,n235,1,16,1,1,3
n236,n236,1,16,1,1,4
n237,n237,1,16,1,1,5
n238,n238,1,16,1,1,6
n239,n239,1,16,1,1,7
r16,r16,1,16,2,1,1
n240,n240,1,16,2,1,2
n241,n241,1,16,2,1,3
n242,n242,1,16,2,1,4
n243,n243,1,16,2,1,5
n244,n244,1,16,2,1,6
n245,n245,1,16,2,1,7
n246,n246,1,16,3,1,1
n247,n247,1,16,4,1,1
n248,n248,1,16,5,2,1
n249,n249,1,16,5,2,2
n250,n250,1,16,5,2,3
n251,n251,1,16,5,2,4
n252,n252,1,16,5,2,5
n253,n253,1,16,5,2,6
n254,n254,1,17,1,1,1
n255,n255,1,17,1,1,2
r17,r17,1,17,2,1,1
n256,n256,1,17,2,1,2
n257,n257,1,17,2,1,3
n258,n258,1,17,2,1,4
n259,n259,1,17,2,1,5
r18,r18,1,17,2,1,6
n260,n260,1,17,2,1,7
n261,n261,1,17,2,1,8
n262,n262,1,17,2,1,9
n263,n263,1,17,2,1,10
n264,n264,1,17,5,2,1
n265,n265,1,17,5,2,2
n266,n266,1,17,5,2,3
n267,n267,1,17,5,2,4
n268,n268,1,17,5,2,5
n269,n269,1,17,5,2,6
n270,n270,1,18,1,1,1
r19,r19,1,18,1,1,2
n271,n271,1,18,1,1,3
n272,n272,1,18,1,1,4
n273,n273,1,18,1,1,5
n274,n274,1,18,1,1,6
n275,n275,1,18,1,1,7
r20,r20,1,18,2,1,1
n276,n276,1,18,2,1,2
n277,n277,1,18,2,1,3
n278,n278,1,18,2,1,4
n279,n279,1,18,2,1,5
n280,n280,1,18,2,1,6
n281,n281,1,18,2,1,7
n282,n282,1,18,3,1,1
n283,n283,1,18,4,1,1
n284,n284,1,18,5,2,1
n285,n285,1,18,5,2,2
n286,n286,1,18,5,2,3
n287,n287,1,18,5,2,4
n288,n288,1,18,5,2,5
n289,n289,1,18,5,2,6
n290,n290,1,18,5,2,7
n291,n291,1,18,5,2,8
n292,n292,1,19,1,1,1
n293,n293,1,19,1,1,2
r21,r21,1,19,2,1,1
n294,n294,1,19,2,1,2
n295,n295,1,19,2,1,3
n296,n296,1,19,2,1,4
n297,n297,1,19,2,1,5
r22,r22,1,19,2,1,6
n298,n298,1,19,2,1,7
n299,n299,1,19,2,1,8
n300,n300,1,19,2,1,9
n301,n301,1,19,2,1,10
n302,n302,1,19,2,1,11
n303,n303,1,19,2,1,12
n304,n304,1,19,5,2,1
n305,n305,1,19,5,2,2
n306,n306,1,19,5,2,3
n307,n307,1,19,5,2,4
n308,n308,1,19,5,2,5
n309,n309,1,19,5,2,6
n310,n310,1,20,1,1,1
r23,r23,1,20,1,1,2
n311,n311,1,20,1,1,3
n312,n312,1,20,1,1,4
n313,n313,1,20,1,1,5
n314,n314,1,20,1,1,6
n315,n315,1,20,1,1,7
r24,r24,1,20,2,1,1
n316,n316,1,20,2,1,2
n317,n317,1,20,2,1,3
n318,n318,1,20,2,1,4
n319,n319,1,20,2,1,5
n320,n320,1,20,2,1,6
n321,n321,1,20,2,1,7
n322,n322,1,20,2,1,8
n323,n323,1,20,2,1,9
n324,n324,1,20,3,1,1
n325,n325,1,20,4,1,1
n326,n326,1,20,5,2,1
n327,n327,1,20,5,2,2
n328,n328,1,20,5,2,3
n329,n329,1,20,5,2,4
n330,n330,1,20,5,2,5
n331,n331,1,20,5,2,6
n332,n332,1,21,1,1,1
n333,n333,1,21,1,1,2
r25,r25,1,21,2,1,1
n334,n334,1,21,2,1,2
n335,n335,1,21,2,1,3
n336,n336,1,21,2,1,4
n337,n337,1,21,2,1,5
n338,n338,1,21,2,1,6
n339,n339,1,21,2,1,7
r26,r26,1,21,2,1,8
n340,n340,1,21,2,1,9
n341,n341,1,21,2,1,10
n342,n342,1,21,2,1,11
n343,n343,1,21,2,1,12
n344,n344,1,21,2,1,13
n345,n345,1,21,2,1,14
n346,n346,1,21,2,1,15
n347,n347,1,21,2,1,16
n348,n348,1,21,5,2,1
n349,n349,1,21,5,2,2
n350,n350,1,21,5,2,3
n351,n351,1,21,5,2,4
n352,n352,1,21,5,2,5
n353,n353,1,21,5,2,6
n354,n354,1,22,1,1,1
n355,n355,1,22,1,1,2
r27,r27,1,22,2,1,1
n356,n356,1,22,2,1,2
n357,n357,1,22,2,1,3
n358,n358,1,22,2,1,4
n359,n359,1,22,2,1,5
n360,n360,1,22,2,1,6
n361,n361,1,22,2,1,7
r28,r28,1,22,2,1,8
n362,n362,1,22,2,1,9
n363,n363,1,22,2,1,10
n364,n364,1,22,2,1,11
n365,n365,1,22,2,1,12
r29,r29,1,22,5,2,1
n366,n366,1,22,5,2,2
r30,r30,1,22,5,2,3
n367,n367,1,22,5,2,4
r31,r31,1,22,6,2,1
n368,n368,1,22,6,2,2
n369,n369,1,22,6,2,3
r32,r32,1,22,6,2,4
n370,n370,1,22,6,2,5
n371,n371,1,22,6,2,6
n372,n372,1,23,1,1,1
n373,n373,1,23,1,1,2
r33,r33,1,23,2,1,1
n374,n374,1,23,2,1,2
n375,n375,1,23,2,1,3
n376,n376,1,23,2,1,4
n377,n377,1,23,2,1,5
r34,r34,1,23,2,1,6
n378,n378,1,23,2,1,7
n379,n379,1,23,2,1,8
n380,n380,1,23,2,1,9
n381,n381,1,23,2,1,10
r35,r35,1,23,5,2,1
n382,n382,1,23,5,2,2
r36,r36,1,23,5,2,3
n383,n383,1,23,5,2,4
r37,r37,1,23,6,2,1
n384,n384,1,23,6,2,2
n385,n385,1,23,6,2,3
r38,r38,1,23,6,2,4
n386,n386,1,23,6,2,5
n387,n387,1,23,6,2,6
n388,n388,1,24,1,1,1
n389,n389,1,24,1,1,2
r39,r39,1,24,2,1,1
n390,n390,1,24,2,1,2
n391,n391,1,24,2,1,3
n392,n392,1,24,2,1,4
n393,n393,1,24,2,1,5
n394,n394,1,24,2,1,6
n395,n395,1,24,2,1,7
r40,r40,1,24,2,1,8
n396,n396,1,24,2,1,9
n397,n397,1,24,2,1,10
n398,n398,1,24,2,1,11
n399,n399,1,24,2,1,12
n400,n400,1,24,5,2,1
n401,n401,1,24,5,2,2
n402,n402,1,24,5,2,3
n403,n403,1,24,5,2,4
n404,n404,1,24,5,2,5
n405,n405,1,24,5,2,6
n406,n406,1,24,5,2,7
n407,n407,1,24,5,2,8
n408,n408,1,24,5,2,9
n409,n409,1,24,5,2,10
n410,n410,1,25,1,1,1
n411,n411,1,25,1,1,2
r41,r41,1,25,2,1,1
n412,n412,1,25,2,1,2
n413,n413,1,25,2,1,3
n414,n414,1,25,2,1,4
n415,n415,1,25,2,1,5
r42,r42,1,25,2,1,6
n416,n416,1,25,2,1,7
n417,n417,1,25,2,1,8
n418,n418,1,25,2,1,9
n419,n419,1,25,2,1,10
n420,n420,1,25,5,2,1
n421,n421,1,25,5,2,2
n422,n422,1,25,5,2,3
n423,n423,1,25,5,2,4
n424,n424,1,25,5,2,5
n425,n425,1,25,5,2,6
n426,n426,1,25,5,2,7
n427,n427,1,25,5,2,8
n428,n428,1,26,1,1,1
n429,n429,1,26,1,1,2
r43,r43,1,26,2,1,1
n430,n430,1,26,2,1,2
n431,n431,1,26,2,1,3
n432,n432,1,26,2,1,4
n433,n433,1,26,2,1,5
r44,r44,1,26,2,1,6
n434,n434,1,26,2,1,7
n435,n435,1,26,2,1,8
n436,n436,1,26,2,1,9
n437,n437,1,26,2,1,10
n438,n438,1,26,2,1,11
n439,n439,1,26,2,1,12
n440,n440,1,26,5,2,1
n441,n441,1,26,5,2,2
n442,n442,1,26,5,2,3
n443,n443,1,26,5,2,4
n444,n444,1,26,5,2,5
n445,n445,1,26,5,2,6
n446,n446,1,27,1,1,1
n447,n447,1,27,1,1,2
n448,n448,1,27,1,1,3
n449,n449,1,27,1,1,4
n450,n450,1,27,1,1,5
n451,n451,1,27,1,1,6
n452,n452,1,27,1,1,7
n453,n453,1,27,2,1,1
n454,n454,1,27,2,1,2
n455,n455,1,27,2,1,3
n456,n456,1,27,2,1,4
n457,n457,1,27,2,1,5
n458,n458,1,27,2,1,6
n459,n459,1,27,2,1,7
n460,n460,1,27,2,1,8
n461,n461,1,27,2,1,9
n462,n462,1,27,2,1,10
n463,n463,1,27,2,1,11
n464,n464,1,27,2,1,12
n465,n465,1,27,5,2,1
n466,n466,1,27,5,2,2
n467,n467,1,27,5,2,3
n468,n468,1,27,5,2,4
n469,n469,1,27,5,2,5
n470,n470,1,27,5,2,6
n471,n471,1,27,5,2,7
n472,n472,1,27,5,2,8
n473,n473,1,28,1,1,1
n474,n474,1,28,1,1,2
r45,r45,1,28,2,1,1
n475,n475,1,28,2,1,2
n476,n476,1,28,2,1,3
n477,n477,1,28,2,1,4
n478,n478,1,28,2,1,5
n479,n479,1,28,2,1,6
n480,n480,1,28,2,1,7
n481,n481,1,28,2,1,8
n482,n482,1,28,2,1,9
n483,n483,1,28,2,1,10
n484,n484,1,28,2,1,11
n485,n485,1,28,5,2,1
n486,n486,1,28,5,2,2
r46,r46,1,29,1,1,1
n487,n487,1,29,1,1,2
n488,n488,1,29,1,1,3
n489,n489,1,29,1,1,4
n490,n490,1,29,1,1,5
n491,n491,1,29,1,1,6
n492,n492,1,29,1,1,7
n493,n493,1,29,2,1,1
n494,n494,1,29,2,1,2
n495,n495,1,29,2,1,3
n496,n496,1,29,2,1,4
n497,n497,1,29,2,1,5
n498,n498,1,29,2,1,6
n499,n499,1,29,2,1,7
n500,n500,1,29,2,1,8
n501,n501,1,29,2,1,9
n502,n502,1,29,2,1,10
n503,n503,1,29,2,1,11
n504,n504,1,29,2,1,12
n505,n505,1,29,5,2,1
n506,n506,1,29,5,2,2
n507,n507,1,30,1,1,1
n508,n508,1,30,1,1,2
r47,r47,1,30,2,1,1
n509,n509,1,30,2,1,2
n510,n510,1,30,2,1,3
n511,n511,1,30,2,1,4
n512,n512,1,30,2,1,5
n513,n513,1,30,2,1,6
n514,n514,1,30,2,1,7
n515,n515,1,30,2,1,8
n516,n516,1,30,2,1,9
n517,n517,1,30,2,1,10
n518,n518,1,30,2,1,11
n519,n519,1,30,5,2,1
n520,n520,1,30,5,2,2
n521,n521,1,31,1,1,1
n522,n522,1,31,1,1,2
n523,n523,1,31,1,1,3
n524,n524,1,31,1,1,4
n525,n525,1,31,2,1,1
n526,n526,1,31,2,1,2
n527,n527,1,31,2,1,3
n528,n528,1,31,2,1,4
n529,n529,1,31,2,1,5
n530,n530,1,31,2,1,6
n531,n531,1,31,2,1,7
n532,n532,1,31,2,1,8
n533,n533,1,31,2,1,9
n534,n534,1,31,2,1,10
n535,n535,1,31,2,1,11
n536,n536,1,31,2,1,12
n537,n537,1,31,5,2,1
n538,n538,1,31,5,2,2
n539,n539,1,31,5,2,3
n540,n540,1,31,5,2,4
n541,n541,1,32,1,1,1
n542,n542,1,32,1,1,2
n543,n543,1,32,1,1,3
n544,n544,1,32,2,1,1
n545,n545,1,32,2,1,2
n546,n546,1,32,2,1,3
n547,n547,1,32,5,2,1
n548,n548,1,32,5,2,2
n549,n549,1,32,5,2,3
n550,n550,1,32,5,2,4
n551,n551,1,32,5,2,5
n552,n552,1,32,5,2,6
n553,n553,1,32,5,2,7
n554,n554,1,32,5,2,8
n555,n555,1,32,5,2,9
n556,n556,1,32,5,2,10
n557,n557,1,32,5,2,11
n558,n558,1,32,5,2,12
n559,n559,1,32,5,2,13
n560,n560,1,32,5,2,14
n561,n561,1,32,5,2,15
n562,n562,1,32,5,2,16
n563,n563,1,32,5,2,17
n564,n564,1,33,1,1,1
n565,n565,1,33,1,1,2
n566,n566,1,33,1,1,3
n567,n567,1,33,1,1,4
n568,n568,1,33,1,1,5
n569,n569,1,33,1,1,6
n570,n570,1,33,1,1,7
n571,n571,1,33,1,1,8
n572,n572,1,33,1,1,9
n573,n573,1,33,1,1,10
n574,n574,1,33,1,1,11
n575,n575,1,33,1,1,12
n576,n576,1,33,1,1,13
n577,n577,1,33,1,1,14
n578,n578,1,33,1,1,15
n579,n579,1,33,1,1,16
n580,n580,1,33,1,1,17
n581,n581,1,33,1,1,18
n582,n582,1,33,1,1,19
n583,n583,1,33,1,1,20
n584,n584,1,33,1,1,21
n585,n585,1,33,1,1,22
n586,n586,1,33,1,1,23
n587,n587,1,33,1,1,24
n588,n588,1,33,1,1,25
n589,n589,1,33,1,1,26
n590,n590,1,33,1,1,27
n591,n591,1,33,1,1,28
n592,n592,1,33,1,1,29
n593,n593,1,33,1,1,30
n594,n594,1,33,5,2,1
n595,n595,1,33,5,2,2
n596,n596,1,33,5,2,3
n597,n597,1,33,5,2,4
n598,n598,1,33,5,2,5
n599,n599,1,33,5,2,6
n600,n600,1,33,5,2,7
n601,n601,1,33,5,2,8
n602,n602,1,33,5,2,9
n603,n603,1,33,5,2,10
n604,n604,1,33,5,2,11
n605,n605,1,33,5,2,12
n606,n606,1,33,5,2,13
n607,n607,1,33,5,2,14
n608,n608,1,33,5,2,15
n609,n609,1,33,5,2,16
n610,n610,1,33,5,2,17
n611,n611,1,33,5,2,18
n612,n612,1,33,5,2,19
n613,n613,1,33,5,2,20
n614,n614,1,33,5,2,21
n615,n615,1,33,5,2,22
n616,n616,1,34,1,1,1
n617,n617,1,34,1,1,2
n618,n618,1,34,1,1,3
n619,n619,1,34,1,1,4
n620,n620,1,34,1,1,5
n621,n621,1,34,1,1,6
n622,n622,1,34,5,2,1
n623,n623,1,34,5,2,2
n624,n624,1,34,5,2,3
n625,n625,1,34,5,2,4
n626,n626,1,34,5,2,5
n627,n627,1,34,5,2,6
n628,n628,1,34,5,2,7
n629,n629,1,34,5,2,8
n630,n630,1,34,5,2,9
n631,n631,1,34,5,2,10
n632,n632,1,34,5,2,11
n633,n633,1,34,5,2,12
n634,n634,1,34,5,2,13
n635,n635,1,34,5,2,14
n636,n636,1,34,5,2,15
n637,n637,1,35,1,1,1
n638,n638,1,35,1,1,2
n639,n639,1,35,5,2,1
n640,n640,1,35,5,2,2
n641,n641,1,35,5,2,3
n642,n642,1,35,5,2,4
n643,n643,1,35,5,2,5
n644,n644,1,35,5,2,6
n645,n645,1,35,5,2,7
n646,n646,1,35,5,2,8
n647,n647,1,35,5,2,9
n648,n648,1,35,6,2,1
n649,n649,1,35,6,2,2
n650,n650,1,36,1,1,1
n651,n651,1,36,1,1,2
n652,n652,1,36,1,1,3
n653,n653,1,36,2,1,1
n654,n654,1,36,2,1,2
n655,n655,1,36,2,1,3
n656,n656,1,36,2,1,4
n657,n657,1,36,2,1,5
n658,n658,1,36,2,1,6
n659,n659,1,36,2,1,7
n660,n660,1,36,2,1,8
n661,n661,1,36,2,1,9
n662,n662,1,36,5,2,1
n663,n663,1,36,5,2,2
n664,n664,1,36,5,2,3
n665,n665,1,36,5,2,4
n666,n666,1,36,5,2,5
n667,n667,1,36,5,2,6
n668,n668,1,36,6,2,1
n669,n669,1,36,6,2,2
n670,n670,1,36,6,2,3
n671,n671,1,36,6,2,4
n672,n672,1,37,1,1,1
n673,n673,1,37,1,1,2
n674,n674,1,37,2,1,1
n675,n675,1,37,2,1,2
n676,n676,1,37,2,1,3
n677,n677,1,37,2,1,4
n678,n678,1,37,2,1,5
n679,n679,1,37,2,1,6
n680,n680,1,37,2,1,7
n681,n681,1,37,2,1,8
n682,n682,1,37,2,1,9
n683,n683,1,37,2,1,10
n684,n684,1,37,5,2,1
n685,n685,1,37,5,2,2
n686,n686,1,37,5,2,3
n687,n687,1,37,5,2,4
n688,n688,1,37,5,2,5
n689,n689,1,37,5,2,6
n690,n690,1,37,6,2,1
n691,n691,1,37,6,2,2
n692,n692,1,37,6,2,3
n693,n693,1,37,6,2,4
n694,n694,1,37,6,2,5
n695,n695,1,38,1,1,1
n696,n696,1,38,1,1,2
n697,n697,1,38,2,1,1
n698,n698,1,38,2,1,2
n699,n699,1,38,2,1,3
n700,n700,1,38,2,1,4
n701,n701,1,38,2,1,5
n702,n702,1,38,2,1,6
n703,n703,1,38,2,1,7
n704,n704,1,38,2,1,8
n705,n705,1,38,2,1,9
n706,n706,1,38,2,1,10
n707,n707,1,38,5,2,1
n708,n708,1,38,5,2,2
n709,n709,1,38,5,2,3
n710,n710,1,38,5,2,4
n711,n711,1,38,5,2,5
n712,n712,1,38,5,2,6
n713,n713,1,38,6,2,1
n714,n714,1,38,6,2,2
n715,n715,1,38,6,2,3
n716,n716,1,39,1,1,1
n717,n717,1,39,1,1,2
n718,n718,1,39,1,1,3
n719,n719,1,39,1,1,4
n720,n720,1,39,2,1,1
n721,n721,1,39,2,1,2
n722,n722,1,39,2,1,3
n723,n723,1,39,2,1,4
n724,n724,1,39,2,1,5
n725,n725,1,39,2,1,6
n726,n726,1,39,2,1,7
n727,n727,1,39,2,1,8
n728,n728,1,39,2,1,9
n729,n729,1,39,2,1,10
n730,n730,1,39,5,2,1
n731,n731,1,39,5,2,2
n732,n732,1,39,5,2,3
n733,n733,1,39,5,2,4
n734,n734,1,39,5,2,5
n735,n735,1,39,5,2,6
n736,n736,1,39,6,2,1
n737,n737,1,39,6,2,2
n738,n738,1,40,1,1,1
n739,n739,1,40,1,1,2
n740,n740,1,40,1,1,3
n741,n741,1,40,1,1,4
r48,r48,1,40,1,1,5
n742,n742,1,40,1,1,6
n743,n743,1,40,1,1,7
n744,n744,1,40,2,1,1
n745,n745,1,40,2,1,2
n746,n746,1,40,2,1,3
n747,n747,1,40,2,1,4
n748,n748,1,40,2,1,5
n749,n749,1,40,2,1,6
n750,n750,1,40,2,1,7
n751,n751,1,40,2,1,8
n752,n752,1,40,2,1,9
n753,n753,1,40,5,2,1
n754,n754,1,40,5,2,2
n755,n755,1,40,5,2,3
n756,n756,1,40,5,2,4
n757,n757,1,40,5,2,5
n758,n758,1,40,5,2,6
n759,n759,1,40,5,2,7
n760,n760,1,40,5,2,8
n761,n761,1,40,5,2,9
n762,n762,1,40,5,2,10
n763,n763,1,40,6,2,1
n764,n764,1,40,6,2,2
r49,r49,1,41,1,1,1
n765,n765,1,41,1,1,2
n766,n766,1,41,1,1,3
r50,r50,1,41,1,1,4
n767,n767,1,41,1,1,5
n768,n768,1,41,1,1,6
n769,n769,1,41,2,1,1
n770,n770,1,41,2,1,2
n771,n771,1,41,2,1,3
n772,n772,1,41,2,1,4
n773,n773,1,41,2,1,5
n774,n774,1,41,2,1,6
n775,n775,1,41,2,1,7
n776,n776,1,41,2,1,8
n777,n777,1,41,5,2,1
n778,n778,1,41,5,2,2
n779,n779,1,41,5,2,3
n780,n780,1,41,5,2,4
n781,n781,1,41,5,2,5
n782,n782,1,41,5,2,6
n783,n783,1,41,5,2,7
n784,n784,1,41,5,2,8
n785,n785,1,41,5,2,9
n786,n786,1,41,5,2,10
n787,n787,1,41,5,2,11
n788,n788,1,41,6,2,1
n789,n789,1,41,6,2,2
r51,r51,1,42,1,1,1
n790,n790,1,42,1,1,2
n791,n791,1,42,1,1,3
r52,r52,1,42,1,1,4
n792,n792,1,42,1,1,5
n793,n793,1,42,1,1,6
n794,n794,1,42,2,1,1
n795,n795,1,42,2,1,2
n796,n796,1,42,2,1,3
n797,n797,1,42,2,1,4
n798,n798,1,42,2,1,5
n799,n799,1,42,2,1,6
n800,n800,1,42,2,1,7
n801,n801,1,42,2,1,8
n802,n802,1,42,5,2,1
n803,n803,1,42,5,2,2
n804,n804,1,42,5,2,3
n805,n805,1,42,5,2,4
n806,n806,1,42,5,2,5
n807,n807,1,42,5,2,6
n808,n808,1,42,5,2,7
n809,n809,1,42,5,2,8
n810,n810,1,42,5,2,9
n811,n811,1,42,5,2,10
n812,n812,1,42,6,2,1
n813,n813,1,42,6,2,2
r53,r53,1,43,1,1,1
n814,n814,1,43,1,1,2
n815,n815,1,43,1,1,3
r54,r54,1,43,1,1,4
n816,n816,1,43,1,1,5
n817,n817,1,43,1,1,6
n818,n818,1,43,2,1,1
n819,n819,1,43,2,1,2
n820,n820,1,43,2,1,3
n821,n821,1,43,2,1,4
n822,n822,1,43,2,1,5
n823,n823,1,43,2,1,6
n824,n824,1,43,2,1,7
n825,n825,1,43,2,1,8
n826,n826,1,43,5,2,1
n827,n827,1,43,5,2,2
n828,n828,1,43,5,2,3
n829,n829,1,43,5,2,4
n830,n830,1,43,5,2,5
n831,n831,1,43,5,2,6
n832,n832,1,43,5,2,7
n833,n833,1,43,5,2,8
n834,n834,1,43,5,2,9
n835,n835,1,43,5,2,10
n836,n836,1,44,1,1,1
n837,n837,1,44,1,1,2
n838,n838,1,44,1,1,3
n839,n839,1,44,1,1,4
n840,n840,1,44,1,1,5
n841,n841,1,44,1,1,6
n842,n842,1,44,1,1,7
n843,n843,1,44,1,1,8
n844,n844,1,44,1,1,9
n845,n845,1,44,1,1,10
n846,n846,1,44,2,1,1
n847,n847,1,44,2,1,2
n848,n848,1,44,2,1,3
n849,n849,1,44,2,1,4
n850,n850,1,44,5,2,1
n851,n851,1,44,5,2,2
n852,n852,1,44,5,2,3
n853,n853,1,44,5,2,4
n854,n854,1,44,5,2,5
n855,n855,1,44,5,2,6
n856,n856,1,44,5,2,7
r55,r55,1,44,5,2,8
n857,n857,1,44,6,2,1
n858,n858,1,44,6,2,2
n859,n859,1,45,1,1,1
n860,n860,1,45,1,1,2
n861,n861,1,45,1,1,3
n862,n862,1,45,1,1,4
n863,n863,1,45,1,1,5
n864,n864,1,45,1,1,6
n865,n865,1,45,1,1,7
n866,n866,1,45,1,1,8
n867,n867,1,45,1,1,9
n868,n868,1,45,1,1,10
n869,n869,1,45,1,1,11
n870,n870,1,45,1,1,12
r56,r56,1,45,5,2,1
n871,n871,1,45,5,2,2
n872,n872,1,45,5,2,3
n873,n873,1,45,5,2,4
n874,n874,1,45,5,2,5
n875,n875,1,45,5,2,6
n876,n876,1,45,5,2,7
n877,n877,1,45,6,2,1
n878,n878,1,45,6,2,2
n879,n879,1,45,6,2,3
n880,n880,1,45,6,2,4
n881,n881,1,45,6,2,5
n882,n882,1,45,6,2,6
n883,n883,1,46,1,1,1
n884,n884,1,46,1,1,2
n885,n885,1,46,1,1,3
n886,n886,1,46,1,1,4
n887,n887,1,46,1,1,5
n888,n888,1,46,1,1,6
n889,n889,1,46,1,1,7
n890,n890,1,46,1,1,8
n891,n891,1,46,1,1,9
n892,n892,1,46,1,1,10
n893,n893,1,46,2,1,1
n894,n894,1,46,2,1,2
n895,n895,1,46,2,1,3
n896,n896,1,46,2,1,4
n897,n897,1,46,5,2,1
n898,n898,1,46,5,2,2
n899,n899,1,46,5,2,3
n900,n900,1,46,5,2,4
n901,n901,1,46,5,2,5
n902,n902,1,46,5,2,6
n903,n903,1,46,5,2,7
n904,n904,1,46,5,2,8
r57,r57,1,46,5,2,9
n905,n905,1,46,6,2,1
n906,n906,1,47,1,1,1
n907,n907,1,47,1,1,2
n908,n908,1,47,1,1,3
n909,n909,1,47,1,1,4
n910,n910,1,47,1,1,5
n911,n911,1,47,1,1,6
n912,n912,1,47,1,1,7
n913,n913,1,47,1,1,8
n914,n914,1,47,1,1,9
n915,n915,1,47,1,1,10
n916,n916,1,47,1,1,11
n917,n917,1,47,1,1,12
r58,r58,1,47,5,2,1
n918,n918,1,47,5,2,2
n919,n919,1,47,5,2,3
n920,n920,1,47,5,2,4
n921,n921,1,47,5,2,5
n922,n922,1,47,5,2,6
n923,n923,1,47,5,2,7
n924,n924,1,47,6,2,1
n925,n925,1,47,6,2,2
n926,n926,1,47,6,2,3
n927,n927,1,47,6,2,4
n928,n928,1,47,6,2,5
n929,n929,1,47,6,2,6
n930,n930,1,48,1,1,1
n931,n931,1,48,1,1,2
n932,n932,1,48,1,1,3
n933,n933,1,48,1,1,4
n934,n934,1,48,1,1,5
n935,n935,1,48,1,1,6
n936,n936,1,48,1,1,7
n937,n937,1,48,1,1,8
n938,n938,1,48,1,1,9
n939,n939,1,48,1,1,10
n940,n940,1,48,1,1,11
n941,n941,1,48,1,1,12
n942,n942,1,48,1,1,13
n943,n943,1,48,1,1,14
n944,n944,1,48,1,1,15
n945,n945,1,48,5,2,1
n946,n946,1,48,5,2,2
r59,r59,1,48,5,2,3
r60,r60,1,48,5,2,4
n947,n947,1,48,5,2,5
n948,n948,1,48,5,2,6
n949,n949,1,48,5,2,7
n950,n950,1,48,6,2,1
n951,n951,1,48,6,2,2
n952,n952,1,48,6,2,3
n953,n953,1,49,1,1,1
n954,n954,1,49,1,1,2
n955,n955,1,49,1,1,3
n956,n956,1,49,1,1,4
n957,n957,1,49,1,1,5
n958,n958,1,49,1,1,6
n959,n959,1,49,1,1,7
n960,n960,1,49,1,1,8
n961,n961,1,49,1,1,9
n962,n962,1,49,1,1,10
n963,n963,1,49,1,1,11
n964,n964,1,49,1,1,12
n965,n965,1,49,1,1,13
n966,n966,1,49,1,1,14
n967,n967,1,49,1,1,15
n968,n968,1,49,1,1,16
n969,n969,1,49,5,2,1
n970,n970,1,49,5,2,2
n971,n971,1,49,5,2,3
n972,n972,1,49,5,2,4
n973,n973,1,49,5,2,5
n974,n974,1,49,5,2,6
n975,n975,1,49,6,2,1
n976,n976,1,49,6,2,2
n977,n977,1,49,6,2,3
n978,n978,1,49,6,2,4
n979,n979,1,50,1,1,1
n980,n980,1,50,1,1,2
n981,n981,1,50,1,1,3
n982,n982,1,50,1,1,4
n983,n983,1,50,1,1,5
n984,n984,1,50,1,1,6
n985,n985,1,50,1,1,7
n986,n986,1,50,1,1,8
n987,n987,1,50,1,1,9
n988,n988,1,50,1,1,10
n989,n989,1,50,1,1,11
n990,n990,1,50,1,1,12
n991,n991,1,50,1,1,13
n992,n992,1,50,1,1,14
n993,n993,1,50,1,1,15
n994,n994,1,50,1,1,16
n995,n995,1,50,5,2,1
r61,r61,1,50,5,2,2
n996,n996,1,50,5,2,3
n997,n997,1,50,5,2,4
n998,n998,1,50,5,2,5
n999,n999,1,50,5,2,6
n1000,n1000,1,50,6,2,1
n1001,n1001,1,50,6,2,2
n1002,n1002,1,50,6,2,3
n1003,n1003,1,51,1,1,1
n1004,n1004,1,51,1,1,2
n1005,n1005,1,51,1,1,3
n1006,n1006,1,51,1,1,4
n1007,n1007,1,51,1,1,5
n1008,n1008,1,51,1,1,6
n1009,n1009,1,51,1,1,7
n1010,n1010,1,51,1,1,8
n1011,n1011,1,51,1,1,9
n1012,n1012,1,51,1,1,10
n1013,n1013,1,51,1,1,11
n1014,n1014,1,51,1,1,12
n1015,n1015,1,51,1,1,13
n1016,n1016,1,51,1,1,14
n1017,n1017,1,51,1,1,15
n1018,n1018,1,51,1,1,16
n1019,n1019,1,51,5,2,1
n1020,n1020,1,51,5,2,2
n1021,n1021,1,51,5,2,3
n1022,n1022,1,51,5,2,4
n1023,n1023,1,51,5,2,5
n1024,n1024,1,51,5,2,6
n1025,n1025,1,51,6,2,1
n1026,n1026,1,51,6,2,2
n1027,n1027,1,51,6,2,3
n1028,n1028,1,51,6,2,4
n1029,n1029,1,52,1,1,1
n1030,n1030,1,52,1,1,2
n1031,n1031,1,52,1,1,3
n1032,n1032,1,52,1,1,4
n1033,n1033,1,52,1,1,5
n1034,n1034,1,52,1,1,6
n1035,n1035,1,52,1,1,7
n1036,n1036,1,52,1,1,8
n1037,n1037,1,52,1,1,9
n1038,n1038,1,52,1,1,10
n1039,n1039,1,52,1,1,11
n1040,n1040,1,52,1,1,12
n1041,n1041,1,52,1,1,13
n1042,n1042,1,52,1,1,14
n1043,n1043,1,52,1,1,15
n1044,n1044,1,52,1,1,16
n1045,n1045,1,52,5,2,1
n1046,n1046,1,52,5,2,2
n1047,n1047,1,52,5,2,3
r62,r62,1,52,5,2,4
n1048,n1048,1,52,5,2,5
n1049,n1049,1,52,5,2,6
n1050,n1050,1,52,5,2,7
n1051,n1051,1,52,5,2,8
r63,r63,1,52,5,2,9
n1052,n1052,1,52,6,2,1
n1053,n1053,1,53,1,1,1
n1054,n1054,1,53,1,1,2
n1055,n1055,1,53,1,1,3
n1056,n1056,1,53,1,1,4
n1057,n1057,1,53,1,1,5
n1058,n1058,1,53,1,1,6
n1059,n1059,1,53,1,1,7
n1060,n1060,1,53,1,1,8
n1061,n1061,1,53,1,1,9
n1062,n1062,1,53,1,1,10
n1063,n1063,1,53,1,1,11
n1064,n1064,1,53,1,1,12
n1065,n1065,1,53,1,1,13
n1066,n1066,1,53,1,1,14
n1067,n1067,1,53,1,1,15
n1068,n1068,1,53,1,1,16
n1069,n1069,1,53,5,2,1
n1070,n1070,1,53,5,2,2
n1071,n1071,1,53,5,2,3
n1072,n1072,1,53,5,2,4
n1073,n1073,1,53,5,2,5
n1074,n1074,1,53,5,2,6
n1075,n1075,1,53,5,2,7
n1076,n1076,1,54,1,1,1
n1077,n1077,1,54,1,1,2
n1078,n1078,1,54,1,1,3
n1079,n1079,1,54,1,1,4
n1080,n1080,1,54,1,1,5
n1081,n1081,1,54,1,1,6
n1082,n1082,1,54,1,1,7
n1083,n1083,1,54,1,1,8
n1084,n1084,1,54,1,1,9
n1085,n1085,1,54,1,1,10
n1086,n1086,1,54,1,1,11
n1087,n1087,1,54,1,1,12
n1088,n1088,1,54,1,1,13
n1089,n1089,1,54,1,1,14
n1090,n1090,1,54,1,1,15
n1091,n1091,1,54,1,1,16
n1092,n1092,1,54,5,2,1
n1093,n1093,1,54,5,2,2
n1094,n1094,1,54,5,2,3
n1095,n1095,1,54,5,2,4
n1096,n1096,1,54,5,2,5
n1097,n1097,1,54,5,2,6
n1098,n1098,1,54,5,2,7
n1099,n1099,1,54,5,2,8
n1100,n1100,1,55,1,1,1
n1101,n1101,1,55,1,1,2
n1102,n1102,1,55,1,1,3
n1103,n1103,1,55,1,1,4
n1104,n1104,1,55,1,1,5
n1105,n1105,1,55,1,1,6
n1106,n1106,1,55,1,1,7
n1107,n1107,1,55,1,1,8
n1108,n1108,1,55,1,1,9
n1109,n1109,1,55,1,1,10
n1110,n1110,1,55,1,1,11
n1111,n1111,1,55,1,1,12
n1112,n1112,1,55,1,1,13
n1113,n1113,1,55,1,1,14
n1114,n1114,1,55,1,1,15
n1115,n1115,1,55,1,1,16
n1116,n1116,1,55,5,2,1
n1117,n1117,1,55,5,2,2
n1118,n1118,1,55,5,2,3
n1119,n1119,1,55,5,2,4
n1120,n1120,1,55,5,2,5
n1121,n1121,1,55,5,2,6
n1122,n1122,1,55,5,2,7
n1123,n1123,1,55,5,2,8
n1124,n1124,1,56,1,1,1
n1125,n1125,1,56,1,1,2
n1126,n1126,1,56,1,1,3
n1127,n1127,1,56,1,1,4
n1128,n1128,1,56,1,1,5
n1129,n1129,1,56,1,1,6
n1130,n1130,1,56,1,1,7
n1131,n1131,1,56,1,1,8
n1132,n1132,1,56,1,1,9
n1133,n1133,1,56,1,1,10
n1134,n1134,1,56,1,1,11
n1135,n1135,1,56,1,1,12
n1136,n1136,1,56,5,2,1
n1137,n1137,1,56,5,2,2
n1138,n1138,1,56,5,2,3
n1139,n1139,1,56,5,2,4
n1140,n1140,1,56,5,2,5
n1141,n1141,1,56,5,2,6
n1142,n1142,1,56,5,2,7
n1143,n1143,1,57,1,1,1
n1144,n1144,1,57,1,1,2
n1145,n1145,1,57,1,1,3
n1146,n1146,1,57,1,1,4
n1147,n1147,1,57,1,1,5
n1148,n1148,1,57,1,1,6
n1149,n1149,1,57,1,1,7
n1150,n1150,1,57,1,1,8
n1151,n1151,1,57,1,1,9
n1152,n1152,1,57,1,1,10
n1153,n1153,1,57,1,1,11
n1154,n1154,1,57,1,1,12
n1155,n1155,1,57,5,2,1
n1156,n1156,1,57,5,2,2
n1157,n1157,1,57,5,2,3
n1158,n1158,1,57,5,2,4
n1159,n1159,1,57,5,2,5
n1160,n1160,1,57,5,2,6
n1161,n1161,1,58,1,1,1
n1162,n1162,1,58,1,1,2
n1163,n1163,1,58,1,1,3
n1164,n1164,1,58,1,1,4
n1165,n1165,1,58,1,1,5
n1166,n1166,1,58,1,1,6
n1167,n1167,1,58,1,1,7
n1168,n1168,1,58,1,1,8
n1169,n1169,1,58,1,1,9
n1170,n1170,1,58,1,1,10
n1171,n1171,1,58,1,1,11
n1172,n1172,1,58,1,1,12
n1173,n1173,1,58,5,2,1
n1174,n1174,1,58,5,2,2
n1175,n1175,1,58,5,2,3
n1176,n1176,1,58,5,2,4
n1177,n1177,1,58,5,2,5
n1178,n1178,1,59,1,1,1
n1179,n1179,1,59,1,1,2
n1180,n1180,1,59,1,1,3
n1181,n1181,1,59,1,1,4
n1182,n1182,1,59,1,1,5
n1183,n1183,1,59,1,1,6
n1184,n1184,1,59,1,1,7
n1185,n1185,1,59,1,1,8
n1186,n1186,1,59,1,1,9
n1187,n1187,1,59,1,1,10
n1188,n1188,1,59,1,1,11
n1189,n1189,1,59,1,1,12
n1190,n1190,1,59,5,2,1
n1191,n1191,1,59,5,2,2
n1192,n1192,1,59,5,2,3
n1193,n1193,1,59,5,2,4
n1194,n1194,1,59,5,2,5
n1195,n1195,1,60,1,1,1
n1196,n1196,1,60,1,1,2
n1197,n1197,1,60,1,1,3
n1198,n1198,1,60,1,1,4
n1199,n1199,1,60,1,1,5
n1200,n1200,1,60,1,1,6
n1201,n1201,1,60,1,1,7
n1202,n1202,1,60,1,1,8
n1203,n1203,1,60,1,1,9
n1204,n1204,1,60,1,1,10
n1205,n1205,1,60,1,1,11
n1206,n1206,1,60,1,1,12
n1207,n1207,1,60,5,2,1
n1208,n1208,1,60,5,2,2
n1209,n1209,1,60,5,2,3
n1210,n1210,1,60,5,2,4
n1211,n1211,1,60,5,2,5
n1212,n1212,1,60,5,2,6
n1213,n1213,1,60,5,2,7
n1214,n1214,1,61,1,1,1
n1215,n1215,1,61,1,1,2
n1216,n1216,1,61,1,1,3
n1217,n1217,1,61,1,1,4
n1218,n1218,1,61,1,1,5
n1219,n1219,1,61,1,1,6
n1220,n1220,1,61,1,1,7
n1221,n1221,1,61,1,1,8
n1222,n1222,1,61,1,1,9
n1223,n1223,1,61,1,1,10
n1224,n1224,1,61,1,1,11
n1225,n1225,1,61,1,1,12
n1226,n1226,1,61,5,2,1
n1227,n1227,1,61,5,2,2
n1228,n1228,1,61,5,2,3
n1229,n1229,1,61,5,2,4
n1230,n1230,1,61,5,2,5
n1231,n1231,1,61,5,2,6
n1232,n1232,1,62,1,1,1
n1233,n1233,1,62,1,1,2
n1234,n1234,1,62,1,1,3
n1235,n1235,1,62,1,1,4
n1236,n1236,1,62,1,1,5
n1237,n1237,1,62,1,1,6
n1238,n1238,1,62,1,1,7
n1239,n1239,1,62,1,1,8
n1240,n1240,1,62,1,1,9
n1241,n1241,1,62,1,1,10
n1242,n1242,1,62,1,1,11
n1243,n1243,1,62,1,1,12
n1244,n1244,1,62,5,2,1
n1245,n1245,1,62,5,2,2
n1246,n1246,1,62,5,2,3
n1247,n1247,1,62,5,2,4
n1248,n1248,1,62,5,2,5
n1249,n1249,1,63,1,1,1
n1250,n1250,1,63,1,1,2
n1251,n1251,1,63,1,1,3
n1252,n1252,1,63,1,1,4
n1253,n1253,1,63,1,1,5
n1254,n1254,1,63,1,1,6
n1255,n1255,1,63,1,1,7
n1256,n1256,1,63,1,1,8
n1257,n1257,1,63,1,1,9
n1258,n1258,1,63,1,1,10
n1259,n1259,1,63,1,1,11
n1260,n1260,1,63,1,1,12
n1261,n1261,1,63,5,2,1
n1262,n1262,1,63,5,2,2
n1263,n1263,1,63,5,2,3
n1264,n1264,1,63,6,2,1
n1265,n1265,1,64,1,1,1
n1266,n1266,1,64,1,1,2
n1267,n1267,1,64,1,1,3
n1268,n1268,1,64,1,1,4
n1269,n1269,1,64,1,1,5
n1270,n1270,1,64,1,1,6
n1271,n1271,1,64,1,1,7
n1272,n1272,1,64,1,1,8
n1273,n1273,1,64,1,1,9
n1274,n1274,1,64,1,1,10
n1275,n1275,1,64,1,1,11
n1276,n1276,1,64,1,1,12
n1277,n1277,1,64,5,2,1
r64,r64,1,64,5,2,2
r65,r65,1,64,5,2,3
n1278,n1278,1,64,5,2,4
n1279,n1279,1,64,5,2,5
n1280,n1280,1,64,5,2,6
n1281,n1281,1,64,5,2,7
n1282,n1282,1,64,6,2,1
n1283,n1283,1,65,1,1,1
n1284,n1284,1,65,1,1,2
n1285,n1285,1,65,1,1,3
n1286,n1286,1,65,1,1,4
n1287,n1287,1,65,1,1,5
n1288,n1288,1,65,5,2,1
n1289,n1289,1,65,5,2,2
n1290,n1290,1,65,5,2,3
n1291,n1291,1,65,5,2,4
n1292,n1292,1,65,5,2,5
n1293,n1293,1,65,5,2,6
n1294,n1294,1,66,1,1,1
n1295,n1295,1,66,5,2,1
n1296,n1296,1,66,5,2,2
n1297,n1297,1,66,5,2,3
n1298,n1298,1,66,5,2,4
n1299,n1299,1,66,5,2,5
n1300,n1300,1,66,5,2,6
r66,r66,1,67,1,1,1
r67,r67,1,67,1,1,2
r68,r68,1,67,1,1,3
r69,r69,1,67,1,1,4
n1301,n1301,1,67,1,1,5
n1302,n1302,1,67,2,1,1
n1303,n1303,1,67,5,2,1
n1304,n1304,1,67,5,2,2
n1305,n1305,1,67,5,2,3
n1306,n1306,1,67,5,2,4
n1307,n1307,1,67,5,2,5
n1308,n1308,1,67,5,2,6
n1309,n1309,1,67,5,2,7
n1310,n1310,1,67,5,2,8
n1311,n1311,1,67,5,2,9
n1312,n1312,1,68,1,1,1
n1313,n1313,1,68,1,1,2
n1314,n1314,1,68,1,1,3
n1315,n1315,1,68,2,1,1
n1316,n1316,1,68,2,1,2
n1317,n1317,1,68,5,2,1
n1318,n1318,1,68,5,2,2
n1319,n1319,1,68,5,2,3
n1320,n1320,1,68,5,2,4
n1321,n1321,1,68,5,2,5
n1322,n1322,1,68,5,2,6
n1323,n1323,1,69,1,1,1
n1324,n1324,1,69,1,1,2
n1325,n1325,1,69,1,1,3
n1326,n1326,1,69,1,1,4
n1327,n1327,1,69,2,1,1
n1328,n1328,1,69,5,2,1
n1329,n1329,1,69,5,2,2
n1330,n1330,1,69,5,2,3
n1331,n1331,1,69,5,2,4
n1332,n1332,1,69,5,2,5
n1333,n1333,1,69,5,2,6
n1334,n1334,1,70,1,1,1
n1335,n1335,1,70,1,1,2
n1336,n1336,1,70,1,1,3
n1337,n1337,1,70,2,1,1
n1338,n1338,1,70,2,1,2
n1339,n1339,1,70,5,2,1
n1340,n1340,1,70,5,2,2
n1341,n1341,1,70,5,2,3
n1342,n1342,1,70,5,2,4
n1343,n1343,1,70,5,2,5
n1344,n1344,1,70,5,2,6
n1345,n1345,1,71,1,1,1
n1346,n1346,1,71,1,1,2
n1347,n1347,1,71,1,1,3
n1348,n1348,1,71,2,1,1
n1349,n1349,1,71,5,2,1
n1350,n1350,1,71,5,2,2
n1351,n1351,1,71,5,2,3
n1352,n1352,1,71,5,2,4
n1353,n1353,1,71,5,2,5
n1354,n1354,1,71,5,2,6
n1355,n1355,1,72,1,1,1
n1356,n1356,1,72,1,1,2
n1357,n1357,1,72,1,1,3
n1358,n1358,1,72,1,1,4
n1359,n1359,1,72,1,1,5
n1360,n1360,1,72,5,2,1
n1361,n1361,1,72,5,2,2
n1362,n1362,1,72,5,2,3
n1363,n1363,1,72,5,2,4
n1364,n1364,1,72,5,2,5
n1365,n1365,1,72,5,2,6
n1366,n1366,1,73,1,1,1
n1367,n1367,1,73,1,1,2
n1368,n1368,1,73,1,1,3
n1369,n1369,1,73,1,1,4
n1370,n1370,1,73,5,2,1
n1371,n1371,1,73,5,2,2
n1372,n1372,1,73,5,2,3
n1373,n1373,1,73,5,2,4
n1374,n1374,1,73,5,2,5
n1375,n1375,1,73,5,2,6
n1376,n1376,1,74,1,1,1
n1377,n1377,1,74,1,1,2
n1378,n1378,1,74,1,1,3
n1379,n1379,1,74,1,1,4
n1380,n1380,1,74,5,2,1
n1381,n1381,1,74,5,2,2
n1382,n1382,1,74,5,2,3
n1383,n1383,1,74,5,2,4
n1384,n1384,1,74,5,2,5
n1385,n1385,1,74,5,2,6
n1386,n1386,1,75,1,1,1
n1387,n1387,1,75,1,1,2
n1388,n1388,1,75,1,1,3
n1389,n1389,1,75,1,1,4
n1390,n1390,1,75,1,1,5
n1391,n1391,1,75,1,1,6
n1392,n1392,1,75,1,1,7
n1393,n1393,1,75,1,1,8
n1394,n1394,1,75,1,1,9
n1395,n1395,1,75,1,1,10
n1396,n1396,1,75,5,2,1
n1397,n1397,1,75,5,2,2
n1398,n1398,1,75,5,2,3
n1399,n1399,1,75,5,2,4
n1400,n1400,1,75,5,2,5
n1401,n1401,1,75,5,2,6
n1402,n1402,1,76,1,1,1
n1403,n1403,1,76,1,1,2
n1404,n1404,1,76,1,1,3
n1405,n1405,1,76,2,1,1
n1406,n1406,1,76,2,1,2
n1407,n1407,1,76,5,2,1
n1408,n1408,1,76,5,2,2
n1409,n1409,1,76,5,2,3
n1410,n1410,1,76,5,2,4
n1411,n1411,1,76,5,2,5
n1412,n1412,1,76,5,2,6
n1413,n1413,1,77,1,1,1
n1414,n1414,1,77,1,1,2
n1415,n1415,1,77,1,1,3
n1416,n1416,1,77,1,1,4
n1417,n1417,1,77,2,1,1
n1418,n1418,1,77,5,2,1
n1419,n1419,1,77,5,2,2
n1420,n1420,1,77,5,2,3
n1421,n1421,1,77,5,2,4
n1422,n1422,1,77,5,2,5
n1423,n1423,1,77,5,2,6
n1424,n1424,1,78,1,1,1
n1425,n1425,1,78,1,1,2
n1426,n1426,1,78,1,1,3
n1427,n1427,1,78,2,1,1
n1428,n1428,1,78,2,1,2
n1429,n1429,1,78,5,2,1
n1430,n1430,1,78,5,2,2
n1431,n1431,1,78,5,2,3
n1432,n1432,1,78,5,2,4
n1433,n1433,1,78,5,2,5
n1434,n1434,1,78,5,2,6
n1435,n1435,1,79,1,1,1
n1436,n1436,1,79,1,1,2
n1437,n1437,1,79,1,1,3
n1438,n1438,1,79,2,1,1
n1439,n1439,1,79,5,2,1
n1440,n1440,1,79,5,2,2
n1441,n1441,1,79,5,2,3
n1442,n1442,1,79,5,2,4
n1443,n1443,1,79,5,2,5
n1444,n1444,1,79,5,2,6
n1445,n1445,1,80,1,1,1
n1446,n1446,1,80,1,1,2
n1447,n1447,1,80,1,1,3
n1448,n1448,1,80,5,2,1
n1449,n1449,1,80,5,2,2
n1450,n1450,1,80,5,2,3
n1451,n1451,1,80,5,2,4
n1452,n1452,1,80,5,2,5
n1453,n1453,1,80,5,2,6
n1454,n1454,1,80,6,2,1
n1455,n1455,1,81,1,1,1
n1456,n1456,1,81,1,1,2
n1457,n1457,1,81,1,1,3
n1458,n1458,1,81,1,1,4
n1459,n1459,1,81,1,1,5
n1460,n1460,1,81,1,1,6
n1461,n1461,1,81,1,1,7
n1462,n1462,1,81,1,1,8
n1463,n1463,1,81,1,1,9
n1464,n1464,1,81,1,1,10
n1465,n1465,1,81,5,2,1
n1466,n1466,1,81,5,2,2
n1467,n1467,1,81,5,2,3
n1468,n1468,1,81,5,2,4
n1469,n1469,1,81,5,2,5
n1470,n1470,1,81,5,2,6
n1471,n1471,1,81,6,2,1
n1472,n1472,1,81,6,2,2
n1473,n1473,1,82,1,1,1
n1474,n1474,1,82,1,1,2
n1475,n1475,1,82,1,1,3
n1476,n1476,1,82,1,1,4
n1477,n1477,1,82,1,1,5
n1478,n1478,1,82,1,1,6
n1479,n1479,1,82,1,1,7
n1480,n1480,1,82,5,2,1
n1481,n1481,1,82,5,2,2
n1482,n1482,1,82,5,2,3
n1483,n1483,1,82,5,2,4
n1484,n1484,1,82,5,2,5
n1485,n1485,1,82,5,2,6
n1486,n1486,1,82,5,2,7
n1487,n1487,1,82,5,2,8
n1488,n1488,1,82,5,2,9
n1489,n1489,1,83,1,1,1
n1490,n1490,1,83,1,1,2
n1491,n1491,1,83,1,1,3
n1492,n1492,1,83,1,1,4
n1493,n1493,1,83,1,1,5
n1494,n1494,1,83,1,1,6
n1495,n1495,1,83,1,1,7
n1496,n1496,1,83,5,2,1
n1497,n1497,1,83,5,2,2
n1498,n1498,1,83,5,2,3
n1499,n1499,1,83,5,2,4
n1500,n1500,1,83,5,2,5
n1501,n1501,1,83,5,2,6
n1502,n1502,1,83,5,2,7
n1503,n1503,1,83,5,2,8
n1504,n1504,1,83,5,2,9
n1505,n1505,1,84,1,1,1
n1506,n1506,1,84,1,1,2
n1507,n1507,1,84,1,1,3
n1508,n1508,1,84,1,1,4
n1509,n1509,1,84,1,1,5
n1510,n1510,1,84,1,1,6
n1511,n1511,1,84,1,1,7
n1512,n1512,1,84,5,2,1
n1513,n1513,1,84,5,2,2
n1514,n1514,1,84,5,2,3
n1515,n1515,1,84,5,2,4
n1516,n1516,1,84,5,2,5
n1517,n1517,1,84,5,2,6
n1518,n1518,1,84,5,2,7
n1519,n1519,1,84,5,2,8
n1520,n1520,1,84,5,2,9
n1521,n1521,1,85,1,1,1
n1522,n1522,1,85,1,1,2
n1523,n1523,1,85,1,1,3
n1524,n1524,1,85,1,1,4
n1525,n1525,1,85,1,1,5
n1526,n1526,1,85,1,1,6
n1527,n1527,1,85,1,1,7
n1528,n1528,1,85,1,1,8
n1529,n1529,1,85,1,1,9
n1530,n1530,1,85,1,1,10
n1531,n1531,1,85,1,1,11
n1532,n1532,1,85,1,1,12
r70,r70,1,85,2,1,1
n1533,n1533,1,85,2,1,2
n1534,n1534,1,85,2,1,3
n1535,n1535,1,85,5,2,1
n1536,n1536,1,85,5,2,2
n1537,n1537,1,85,5,2,3
n1538,n1538,1,85,5,2,4
n1539,n1539,1,85,5,2,5
n1540,n1540,1,85,5,2,6
n1541,n1541,1,85,5,2,7
n1542,n1542,1,85,5,2,8
n1543,n1543,1,86,1,1,1
n1544,n1544,1,86,1,1,2
n1545,n1545,1,86,1,1,3
n1546,n1546,1,86,1,1,4
n1547,n1547,1,86,1,1,5
n1548,n1548,1,86,1,1,6
n1549,n1549,1,86,1,1,7
n1550,n1550,1,86,1,1,8
n1551,n1551,1,86,5,2,1
n1552,n1552,1,86,5,2,2
n1553,n1553,1,86,5,2,3
n1554,n1554,1,86,5,2,4
n1555,n1555,1,86,5,2,5
n1556,n1556,1,86,5,2,6
n1557,n1557,1,86,5,2,7
r71,r71,1,86,5,2,8
r72,r72,1,86,5,2,9
n1558,n1558,1,86,6,2,1
n1559,n1559,1,87,1,1,1
n1560,n1560,1,87,1,1,2
n1561,n1561,1,87,1,1,3
n1562,n1562,1,87,1,1,4
n1563,n1563,1,87,1,1,5
n1564,n1564,1,87,1,1,6
n1565,n1565,1,87,1,1,7
n1566,n1566,1,87,1,1,8
n1567,n1567,1,87,5,2,1
n1568,n1568,1,87,5,2,2
n1569,n1569,1,87,5,2,3
n1570,n1570,1,87,5,2,4
n1571,n1571,1,87,5,2,5
n1572,n1572,1,87,5,2,6
n1573,n1573,1,87,5,2,7
n1574,n1574,1,87,5,2,8
n1575,n1575,1,87,5,2,9
n1576,n1576,1,88,1,1,1
n1577,n1577,1,88,1,1,2
n1578,n1578,1,88,1,1,3
n1579,n1579,1,88,1,1,4
n1580,n1580,1,88,1,1,5
n1581,n1581,1,88,1,1,6
n1582,n1582,1,88,1,1,7
n1583,n1583,1,88,1,1,8
n1584,n1584,1,88,5,2,1
n1585,n1585,1,88,5,2,2
n1586,n1586,1,88,5,2,3
n1587,n1587,1,88,5,2,4
n1588,n1588,1,88,5,2,5
n1589,n1589,1,88,5,2,6
n1590,n1590,1,88,5,2,7
n1591,n1591,1,88,5,2,8
n1592,n1592,1,88,5,2,9
n1593,n1593,1,89,1,1,1
n1594,n1594,1,89,1,1,2
n1595,n1595,1,89,1,1,3
n1596,n1596,1,89,1,1,4
n1597,n1597,1,89,1,1,5
n1598,n1598,1,89,1,1,6
n1599,n1599,1,89,1,1,7
n1600,n1600,1,89,1,1,8
n1601,n1601,1,89,1,1,9
n1602,n1602,1,89,1,1,10
n1603,n1603,1,89,1,1,11
n1604,n1604,1,89,1,1,12
r73,r73,1,89,2,1,1
n1605,n1605,1,89,2,1,2
n1606,n1606,1,89,2,1,3
n1607,n1607,1,89,5,2,1
n1608,n1608,1,89,5,2,2
n1609,n1609,1,89,5,2,3
n1610,n1610,1,89,5,2,4
n1611,n1611,1,89,5,2,5
n1612,n1612,1,89,5,2,6
n1613,n1613,1,89,5,2,7
n1614,n1614,1,89,5,2,8
n1615,n1615,1,90,1,1,1
n1616,n1616,1,90,1,1,2
n1617,n1617,1,90,1,1,3
n1618,n1618,1,90,1,1,4
n1619,n1619,1,90,1,1,5
n1620,n1620,1,90,1,1,6
n1621,n1621,1,90,1,1,7
n1622,n1622,1,90,5,2,1
n1623,n1623,1,90,5,2,2
n1624,n1624,1,90,5,2,3
n1625,n1625,1,90,5,2,4
n1626,n1626,1,90,5,2,5
n1627,n1627,1,90,5,2,6
n1628,n1628,1,90,5,2,7
r74,r74,1,90,5,2,8
r75,r75,1,90,5,2,9
n1629,n1629,1,90,6,2,1
n1630,n1630,1,91,1,1,1
n1631,n1631,1,91,1,1,2
n1632,n1632,1,91,1,1,3
n1633,n1633,1,91,1,1,4
n1634,n1634,1,91,1,1,5
n1635,n1635,1,91,1,1,6
n1636,n1636,1,91,1,1,7
n1637,n1637,1,91,5,2,1
n1638,n1638,1,91,5,2,2
n1639,n1639,1,91,5,2,3
n1640,n1640,1,91,5,2,4
n1641,n1641,1,91,5,2,5
n1642,n1642,1,91,5,2,6
n1643,n1643,1,91,5,2,7
n1644,n1644,1,91,5,2,8
n1645,n1645,1,91,5,2,9
n1646,n1646,1,92,1,1,1
n1647,n1647,1,92,1,1,2
n1648,n1648,1,92,1,1,3
n1649,n1649,1,92,1,1,4
n1650,n1650,1,92,1,1,5
n1651,n1651,1,92,1,1,6
n1652,n1652,1,92,1,1,7
n1653,n1653,1,92,1,1,8
n1654,n1654,1,92,5,2,1
n1655,n1655,1,92,5,2,2
n1656,n1656,1,92,5,2,3
n1657,n1657,1,92,5,2,4
n1658,n1658,1,92,5,2,5
n1659,n1659,1,92,5,2,6
n1660,n1660,1,92,5,2,7
n1661,n1661,1,92,5,2,8
n1662,n1662,1,92,5,2,9
n1663,n1663,1,93,1,1,1
n1664,n1664,1,93,1,1,2
n1665,n1665,1,93,1,1,3
n1666,n1666,1,93,1,1,4
n1667,n1667,1,93,1,1,5
n1668,n1668,1,93,1,1,6
n1669,n1669,1,93,1,2,1
n1670,n1670,1,93,1,1,7
n1671,n1671,1,93,1,1,8
n1672,n1672,1,93,1,1,9
n1673,n1673,1,93,1,1,10
n1674,n1674,1,93,1,1,11
n1675,n1675,1,93,1,1,12
n1676,n1676,1,93,5,2,1
n1677,n1677,1,93,5,2,2
n1678,n1678,1,93,5,2,3
n1679,n1679,1,93,5,2,4
n1680,n1680,1,93,5,2,5
n1681,n1681,1,93,5,2,6
n1682,n1682,1,93,5,2,7
n1683,n1683,1,93,5,2,8
n1684,n1684,1,93,5,2,9
n1685,n1685,1,94,1,1,1
r76,r76,1,94,1,1,2
n1686,n1686,1,94,1,1,3
n1687,n1687,1,94,1,1,4
n1688,n1688,1,94,1,1,5
n1689,n1689,1,94,1,1,6
n1690,n1690,1,94,1,1,7
n1691,n1691,1,94,2,1,1
n1692,n1692,1,94,2,1,2
n1693,n1693,1,94,3,1,1
n1694,n1694,1,94,4,1,1
n1695,n1695,1,94,5,2,1
n1696,n1696,1,94,5,2,2
n1697,n1697,1,94,5,2,3
n1698,n1698,1,94,5,2,4
n1699,n1699,1,94,5,2,5
n1700,n1700,1,94,5,2,6
n1701,n1701,1,95,1,1,1
n1702,n1702,1,95,1,1,2
r77,r77,1,95,2,1,1
n1703,n1703,1,95,2,1,2
n1704,n1704,1,95,2,1,3
n1705,n1705,1,95,2,1,4
n1706,n1706,1,95,2,1,5
r78,r78,1,95,2,1,6
n1707,n1707,1,95,2,1,7
n1708,n1708,1,95,2,1,8
r79,r79,1,95,5,2,1
n1709,n1709,1,95,5,2,2
n1710,n1710,1,95,5,2,3
n1711,n1711,1,95,5,2,4
r80,r80,1,95,6,2,1
n1712,n1712,1,95,6,2,2
n1713,n1713,1,95,6,2,3
n1714,n1714,1,95,6,2,4
n1715,n1715,1,95,6,2,5
n1716,n1716,1,96,1,1,1
r81,r81,1,96,1,1,2
n1717,n1717,1,96,1,1,3
n1718,n1718,1,96,1,1,4
n1719,n1719,1,96,1,1,5
n1720,n1720,1,96,1,1,6
n1721,n1721,1,96,1,1,7
r82,r82,1,96,2,1,1
n1722,n1722,1,96,2,1,2
n1723,n1723,1,96,2,1,3
n1724,n1724,1,96,2,1,4
n1725,n1725,1,96,2,1,5
n1726,n1726,1,96,2,1,6
n1727,n1727,1,96,2,1,7
n1728,n1728,1,96,3,1,1
n1729,n1729,1,96,4,1,1
n1730,n1730,1,96,5,2,1
r83,r83,1,96,5,2,2
r84,r84,1,96,6,2,1
n1731,n1731,1,96,6,2,2
n1732,n1732,1,96,6,2,3
n1733,n1733,1,96,6,2,4
n1734,n1734,1,96,6,2,5
r85,r85,1,96,6,2,6
n1735,n1735,1,96,6,2,7
n1736,n1736,1,96,6,2,8
n1737,n1737,1,97,1,1,1
n1738,n1738,1,97,1,1,2
r86,r86,1,97,2,1,1
n1739,n1739,1,97,2,1,2
n1740,n1740,1,97,2,1,3
n1741,n1741,1,97,2,1,4
n1742,n1742,1,97,2,1,5
r87,r87,1,97,2,1,6
n1743,n1743,1,97,2,1,7
n1744,n1744,1,97,2,1,8
n1745,n1745,1,97,2,1,9
n1746,n1746,1,97,2,1,10
n1747,n1747,1,97,2,1,11
n1748,n1748,1,97,2,1,12
r88,r88,1,97,5,2,1
n1749,n1749,1,97,5,2,2
r89,r89,1,97,6,2,1
n1750,n1750,1,97,6,2,2
n1751,n1751,1,97,6,2,3
r90,r90,1,97,6,2,4
n1752,n1752,1,97,6,2,5
n1753,n1753,1,97,6,2,6
n1754,n1754,1,98,1,1,1
r91,r91,1,98,1,1,2
n1755,n1755,1,98,1,1,3
n1756,n1756,1,98,1,1,4
n1757,n1757,1,98,1,1,5
n1758,n1758,1,98,1,1,6
n1759,n1759,1,98,1,1,7
r92,r92,1,98,2,1,1
n1760,n1760,1,98,2,1,2
n1761,n1761,1,98,2,1,3
n1762,n1762,1,98,2,1,4
n1763,n1763,1,98,2,1,5
n1764,n1764,1,98,2,1,6
n1765,n1765,1,98,2,1,7
n1766,n1766,1,98,3,1,1
n1767,n1767,1,98,4,1,1
n1768,n1768,1,98,5,2,1
r93,r93,1,98,5,2,2
r94,r94,1,98,6,2,1
n1769,n1769,1,98,6,2,2
n1770,n1770,1,98,6,2,3
r95,r95,1,98,6,2,4
n1771,n1771,1,98,6,2,5
n1772,n1772,1,98,6,2,6
n1773,n1773,1,99,1,1,1
n1774,n1774,1,99,1,1,2
r96,r96,1,99,2,1,1
n1775,n1775,1,99,2,1,2
n1776,n1776,1,99,2,1,3
n1777,n1777,1,99,2,1,4
n1778,n1778,1,99,2,1,5
r97,r97,1,99,2,1,6
n1779,n1779,1,99,2,1,7
n1780,n1780,1,99,2,1,8
n1781,n1781,1,99,2,1,9
n1782,n1782,1,99,2,1,10
r98,r98,1,99,5,2,1
n1783,n1783,1,99,5,2,2
r99,r99,1,99,6,2,1
n1784,n1784,1,99,6,2,2
n1785,n1785,1,99,6,2,3
r100,r100,1,99,6,2,4
n1786,n1786,1,99,6,2,5
n1787,n1787,1,99,6,2,6
n1788,n1788,1,99,6,2,7
n1789,n1789,1,99,6,2,8
n1790,n1790,1,99,6,2,9
n1791,n1791,1,99,6,2,10
n1792,n1792,1,100,1,1,1
r101,r101,1,100,1,1,2
n1793,n1793,1,100,1,1,3
n1794,n1794,1,100,1,1,4
n1795,n1795,1,100,1,1,5
n1796,n1796,1,100,1,1,6
n1797,n1797,1,100,1,1,7
r102,r102,1,100,2,1,1
n1798,n1798,1,100,2,1,2
n1799,n1799,1,100,2,1,3
n1800,n1800,1,100,2,1,4
n1801,n1801,1,100,2,1,5
n1802,n1802,1,100,2,1,6
n1803,n1803,1,100,2,1,7
n1804,n1804,1,100,2,1,8
n1805,n1805,1,100,3,1,1
n1806,n1806,1,100,4,1,1
n1807,n1807,1,100,5,2,1
r103,r103,1,100,5,2,2
r104,r104,1,100,6,2,1
n1808,n1808,1,100,6,2,2
n1809,n1809,1,100,6,2,3
n1810,n1810,1,100,6,2,4
n1811,n1811,1,100,6,2,5
n1812,n1812,1,100,6,2,6
n1813,n1813,1,100,6,2,7
r105,r105,1,100,6,2,8
n1814,n1814,1,100,6,2,9
n1815,n1815,1,100,6,2,10
n1816,n1816,1,101,1,1,1
n1817,n1817,1,101,1,1,2
r106,r106,1,101,2,1,1
n1818,n1818,1,101,2,1,2
n1819,n1819,1,101,2,1,3
n1820,n1820,1,101,2,1,4
n1821,n1821,1,101,2,1,5
r107,r107,1,101,2,1,6
n1822,n1822,1,101,2,1,7
n1823,n1823,1,101,2,1,8
n1824,n1824,1,101,2,1,9
n1825,n1825,1,101,2,1,10
n1826,n1826,1,101,2,1,11
n1827,n1827,1,101,2,1,12
r108,r108,1,101,5,2,1
n1828,n1828,1,101,5,2,2
r109,r109,1,101,6,2,1
n1829,n1829,1,101,6,2,2
n1830,n1830,1,101,6,2,3
r110,r110,1,101,6,2,4
n1831,n1831,1,101,6,2,5
n1832,n1832,1,101,6,2,6
n1833,n1833,1,101,6,2,7
n1834,n1834,1,101,6,2,8
n1835,n1835,1,101,6,2,9
n1836,n1836,1,101,6,2,10
n1837,n1837,1,102,1,1,1
n1838,n1838,1,102,1,1,2
r111,r111,1,102,1,1,3
n1839,n1839,1,102,1,1,4
r112,r112,1,102,2,1,1
n1840,n1840,1,102,2,1,2
n1841,n1841,1,102,2,1,3
n1842,n1842,1,102,2,1,4
n1843,n1843,1,102,2,1,5
n1844,n1844,1,102,2,1,6
n1845,n1845,1,102,2,1,7
r113,r113,1,102,2,1,8
n1846,n1846,1,102,2,1,9
n1847,n1847,1,102,2,1,10
n1848,n1848,1,102,2,1,11
r114,r114,1,102,2,1,12
n1849,n1849,1,102,5,2,1
n1850,n1850,1,102,5,2,2
r115,r115,1,102,5,2,3
n1851,n1851,1,102,5,2,4
r116,r116,1,102,6,2,1
n1852,n1852,1,102,6,2,2
n1853,n1853,1,102,6,2,3
n1854,n1854,1,102,6,2,4
n1855,n1855,1,102,6,2,5
n1856,n1856,1,102,6,2,6
n1857,n1857,1,102,6,2,7
r117,r117,1,102,6,2,8
n1858,n1858,1,102,6,2,9
n1859,n1859,1,102,6,2,10
n1860,n1860,1,102,6,2,11
r118,r118,1,102,6,2,12
n1861,n1861,1,103,1,1,1
n1862,n1862,1,103,1,1,2
r119,r119,1,103,1,1,3
n1863,n1863,1,103,1,1,4
r120,r120,1,103,2,1,1
n1864,n1864,1,103,2,1,2
n1865,n1865,1,103,2,1,3
n1866,n1866,1,103,2,1,4
n1867,n1867,1,103,2,1,5
n1868,n1868,1,103,2,1,6
n1869,n1869,1,103,2,1,7
r121,r121,1,103,2,1,8
n1870,n1870,1,103,2,1,9
n1871,n1871,1,103,2,1,10
n1872,n1872,1,103,2,1,11
r122,r122,1,103,2,1,12
n1873,n1873,1,103,5,2,1
n1874,n1874,1,103,5,2,2
r123,r123,1,103,5,2,3
n1875,n1875,1,103,5,2,4
r124,r124,1,103,6,2,1
n1876,n1876,1,103,6,2,2
n1877,n1877,1,103,6,2,3
n1878,n1878,1,103,6,2,4
n1879,n1879,1,103,6,2,5
n1880,n1880,1,103,6,2,6
n1881,n1881,1,103,6,2,7
r125,r125,1,103,6,2,8
n1882,n1882,1,103,6,2,9
n1883,n1883,1,103,6,2,10
n1884,n1884,1,103,6,2,11
r126,r126,1,103,6,2,12
n1885,n1885,1,104,1,1,1
n1886,n1886,1,104,1,1,2
r127,r127,1,104,1,1,3
n1887,n1887,1,104,1,1,4
r128,r128,1,104,2,1,1
n1888,n1888,1,104,2,1,2
n1889,n1889,1,104,2,1,3
n1890,n1890,1,104,2,1,4
n1891,n1891,1,104,2,1,5
n1892,n1892,1,104,2,1,6
n1893,n1893,1,104,2,1,7
r129,r129,1,104,2,1,8
n1894,n1894,1,104,2,1,9
n1895,n1895,1,104,2,1,10
n1896,n1896,1,104,2,1,11
r130,r130,1,104,2,1,12
n1897,n1897,1,104,5,2,1
n1898,n1898,1,104,5,2,2
r131,r131,1,104,5,2,3
n1899,n1899,1,104,5,2,4
r132,r132,1,104,6,2,1
n1900,n1900,1,104,6,2,2
n1901,n1901,1,104,6,2,3
n1902,n1902,1,104,6,2,4
n1903,n1903,1,104,6,2,5
n1904,n1904,1,104,6,2,6
n1905,n1905,1,104,6,2,7
r133,r133,1,104,6,2,8
n1906,n1906,1,104,6,2,9
n1907,n1907,1,104,6,2,10
n1908,n1908,1,104,6,2,11
r134,r134,1,104,6,2,12
n1909,n1909,1,105,1,1,1
n1910,n1910,1,105,1,1,2
n1911,n1911,1,105,1,1,3
r135,r135,1,105,2,1,1
n1912,n1912,1,105,2,1,2
n1913,n1913,1,105,2,1,3
n1914,n1914,1,105,2,1,4
n1915,n1915,1,105,2,1,5
n1916,n1916,1,105,2,1,6
n1917,n1917,1,105,2,1,7
r136,r136,1,105,2,1,8
n1918,n1918,1,105,2,1,9
n1919,n1919,1,105,2,1,10
n1920,n1920,1,105,2,1,11
n1921,n1921,1,105,2,1,12
n1922,n1922,1,105,2,1,13
n1923,n1923,1,105,2,1,14
n1924,n1924,1,105,5,2,1
n1925,n1925,1,105,5,2,2
n1926,n1926,1,105,5,2,3
r137,r137,1,105,6,2,1
n1927,n1927,1,105,6,2,2
n1928,n1928,1,105,6,2,3
n1929,n1929,1,105,6,2,4
n1930,n1930,1,105,6,2,5
n1931,n1931,1,105,6,2,6
n1932,n1932,1,105,6,2,7
r138,r138,1,105,6,2,8
n1933,n1933,1,105,6,2,9
n1934,n1934,1,105,6,2,10
n1935,n1935,1,105,6,2,11
n1936,n1936,1,105,6,2,12
n1937,n1937,1,105,6,2,13
n1938,n1938,1,105,6,2,14
n1939,n1939,1,106,1,1,1
n1940,n1940,1,106,1,1,2
n1941,n1941,1,106,1,1,3
n1942,n1942,1,106,1,1,4
n1943,n1943,1,106,1,1,5
n1944,n1944,1,106,1,1,6
n1945,n1945,1,106,1,1,7
n1946,n1946,1,106,1,1,8
n1947,n1947,1,106,1,1,9
n1948,n1948,1,106,1,1,10
n1949,n1949,1,106,1,1,11
n1950,n1950,1,106,1,1,12
n1951,n1951,1,106,1,1,13
n1952,n1952,1,106,5,2,1
n1953,n1953,1,106,5,2,2
n1954,n1954,1,106,5,2,3
n1955,n1955,1,106,5,2,4
n1956,n1956,1,106,5,2,5
n1957,n1957,1,106,5,2,6
n1958,n1958,1,106,5,2,7
n1959,n1959,1,106,5,2,8
n1960,n1960,1,106,5,2,9
n1961,n1961,1,106,5,2,10
n1962,n1962,1,106,5,2,11
n1963,n1963,1,106,5,2,12
n1964,n1964,1,106,5,2,13
n1965,n1965,1,106,5,2,14
n1966,n1966,1,106,5,2,15
n1967,n1967,1,106,5,2,16
n1968,n1968,1,106,5,2,17
n1969,n1969,1,107,1,1,1
n1970,n1970,1,107,1,1,2
n1971,n1971,1,107,1,1,3
n1972,n1972,1,107,1,1,4
n1973,n1973,1,107,1,1,5
n1974,n1974,1,107,1,1,6
n1975,n1975,1,107,1,1,7
n1976,n1976,1,107,1,1,8
n1977,n1977,1,107,1,1,9
n1978,n1978,1,107,5,2,1
n1979,n1979,1,107,5,2,2
n1980,n1980,1,107,5,2,3
n1981,n1981,1,107,5,2,4
n1982,n1982,1,107,5,2,5
n1983,n1983,1,107,5,2,6
n1984,n1984,1,107,5,2,7
n1985,n1985,1,107,5,2,8
n1986,n1986,1,107,5,2,9
n1987,n1987,1,107,5,2,10
n1988,n1988,1,107,5,2,11
n1989,n1989,1,107,5,2,12
n1990,n1990,1,108,1,1,1
n1991,n1991,1,108,1,1,2
n1992,n1992,1,108,1,1,3
n1993,n1993,1,108,1,1,4
n1994,n1994,1,108,1,1,5
n1995,n1995,1,108,1,1,6
n1996,n1996,1,108,1,1,7
n1997,n1997,1,108,1,1,8
n1998,n1998,1,108,1,1,9
n1999,n1999,1,108,5,2,1
n2000,n2000,1,108,5,2,2
n2001,n2001,1,108,5,2,3
n2002,n2002,1,108,5,2,4
n2003,n2003,1,108,5,2,5
n2004,n2004,1,108,5,2,6
n2005,n2005,1,108,5,2,7
n2006,n2006,1,108,5,2,8
n2007,n2007,1,108,5,2,9
n2008,n2008,1,108,5,2,10
n2009,n2009,1,108,5,2,11
n2010,n2010,1,108,5,2,12
n2011,n2011,1,109,1,1,1
n2012,n2012,1,109,1,1,2
n2013,n2013,1,109,1,1,3
n2014,n2014,1,109,1,1,4
n2015,n2015,1,109,1,1,5
n2016,n2016,1,109,1,1,6
n2017,n2017,1,109,1,1,7
n2018,n2018,1,109,5,2,1
n2019,n2019,1,109,5,2,2
n2020,n2020,1,109,5,2,3
n2021,n2021,1,109,5,2,4
n2022,n2022,1,109,5,2,5
n2023,n2023,1,109,5,2,6
n2024,n2024,1,109,5,2,7
n2025,n2025,1,109,5,2,8
n2026,n2026,1,109,5,2,9
n2027,n2027,1,109,5,2,10
n2028,n2028,1,109,5,2,11
n2029,n2029,1,109,5,2,12
n2030,n2030,1,110,1,1,1
n2031,n2031,1,110,1,1,2
n2032,n2032,1,110,1,1,3
n2033,n2033,1,110,1,1,4
n2034,n2034,1,110,1,1,5
n2035,n2035,1,110,1,1,6
n2036,n2036,1,110,1,1,7
n2037,n2037,1,110,1,1,8
n2038,n2038,1,110,1,1,9
n2039,n2039,1,110,1,1,10
n2040,n2040,1,110,1,1,11
n2041,n2041,1,110,1,1,12
n2042,n2042,1,110,1,1,13
n2043,n2043,1,110,1,1,14
n2044,n2044,1,110,1,1,15
n2045,n2045,1,110,1,1,16
n2046,n2046,1,110,1,1,17
n2047,n2047,1,110,1,1,18
n2048,n2048,1,110,3,1,1
n2049,n2049,1,110,5,2,1
n2050,n2050,1,110,5,2,2
n2051,n2051,1,110,5,2,3
n2052,n2052,1,110,5,2,4
n2053,n2053,1,110,5,2,5
n2054,n2054,1,110,5,2,6
n2055,n2055,1,110,5,2,7
n2056,n2056,1,110,5,2,8
n2057,n2057,1,110,5,2,9
n2058,n2058,1,110,5,2,10
n2059,n2059,1,110,5,2,11
n2060,n2060,1,110,5,2,12
n2061,n2061,1,110,5,2,13
n2062,n2062,1,111,1,1,1
n2063,n2063,1,111,1,1,2
n2064,n2064,1,111,1,1,3
n2065,n2065,1,111,1,1,4
n2066,n2066,1,111,1,1,5
n2067,n2067,1,111,1,1,6
n2068,n2068,1,111,1,1,7
n2069,n2069,1,111,1,1,8
n2070,n2070,1,111,1,1,9
n2071,n2071,1,111,1,1,10
n2072,n2072,1,111,1,1,11
n2073,n2073,1,111,1,1,12
n2074,n2074,1,111,1,1,13
n2075,n2075,1,111,1,1,14
n2076,n2076,1,111,1,1,15
n2077,n2077,1,111,1,1,16
n2078,n2078,1,111,1,1,17
n2079,n2079,1,111,1,1,18
n2080,n2080,1,111,3,1,1
n2081,n2081,1,111,5,2,1
n2082,n2082,1,111,5,2,2
n2083,n2083,1,111,5,2,3
n2084,n2084,1,111,5,2,4
n2085,n2085,1,111,5,2,5
n2086,n2086,1,111,5,2,6
n2087,n2087,1,111,5,2,7
n2088,n2088,1,111,5,2,8
n2089,n2089,1,111,5,2,9
n2090,n2090,1,111,5,2,10
n2091,n2091,1,111,5,2,11
n2092,n2092,1,111,5,2,12
n2093,n2093,1,111,5,2,13
n2094,n2094,1,112,1,1,1
n2095,n2095,1,112,1,1,2
n2096,n2096,1,112,1,1,3
n2097,n2097,1,112,1,1,4
n2098,n2098,1,112,1,1,5
n2099,n2099,1,112,1,1,6
n2100,n2100,1,112,1,1,7
n2101,n2101,1,112,1,1,8
n2102,n2102,1,112,1,1,9
n2103,n2103,1,112,1,1,10
n2104,n2104,1,112,1,1,11
n2105,n2105,1,112,1,1,12
n2106,n2106,1,112,1,1,13
n2107,n2107,1,112,1,1,14
n2108,n2108,1,112,3,1,1
n2109,n2109,1,112,3,1,2
n2110,n2110,1,112,5,2,1
n2111,n2111,1,112,5,2,2
n2112,n2112,1,112,5,2,3
n2113,n2113,1,112,5,2,4
n2114,n2114,1,112,5,2,5
n2115,n2115,1,112,5,2,6
n2116,n2116,1,112,5,2,7
n2117,n2117,1,112,5,2,8
n2118,n2118,1,112,5,2,9
n2119,n2119,1,112,5,2,10
n2120,n2120,1,112,5,2,11
n2121,n2121,1,112,5,2,12
n2122,n2122,1,113,1,1,1
n2123,n2123,1,113,1,1,2
n2124,n2124,1,113,1,1,3
n2125,n2125,1,113,1,1,4
n2126,n2126,1,113,1,1,5
n2127,n2127,1,113,1,1,6
n2128,n2128,1,113,1,1,7
n2129,n2129,1,113,1,1,8
n2130,n2130,1,113,1,1,9
n2131,n2131,1,113,1,1,10
n2132,n2132,1,113,1,1,11
n2133,n2133,1,113,2,1,1
n2134,n2134,1,113,2,1,2
n2135,n2135,1,113,2,1,3
n2136,n2136,1,113,2,1,4
n2137,n2137,1,113,2,1,5
n2138,n2138,1,113,2,1,6
n2139,n2139,1,113,2,1,7
n2140,n2140,1,113,2,1,8
n2141,n2141,1,113,2,1,9
n2142,n2142,1,113,2,1,10
n2143,n2143,1,113,2,1,11
n2144,n2144,1,113,2,1,12
n2145,n2145,1,113,2,1,13
n2146,n2146,1,113,2,1,14
n2147,n2147,1,113,2,1,15
n2148,n2148,1,113,2,1,16
n2149,n2149,1,113,2,1,17
n2150,n2150,1,113,4,1,1
n2151,n2151,1,113,5,2,1
n2152,n2152,1,113,5,2,2
n2153,n2153,1,113,5,2,3
n2154,n2154,1,113,5,2,4
n2155,n2155,1,113,5,2,5
n2156,n2156,1,113,5,2,6
n2157,n2157,1,113,5,2,7
n2158,n2158,1,113,5,2,8
n2159,n2159,1,113,5,2,9
n2160,n2160,1,113,5,2,10
n2161,n2161,1,113,6,2,1
n2162,n2162,1,113,6,2,2
n2163,n2163,1,114,1,1,1
n2164,n2164,1,114,1,1,2
n2165,n2165,1,114,1,1,3
n2166,n2166,1,114,1,1,4
n2167,n2167,1,114,1,1,5
n2168,n2168,1,114,1,1,6
n2169,n2169,1,114,1,1,7
n2170,n2170,1,114,1,1,8
n2171,n2171,1,114,1,1,9
n2172,n2172,1,114,1,1,10
n2173,n2173,1,114,1,1,11
n2174,n2174,1,114,1,1,12
n2175,n2175,1,114,1,1,13
n2176,n2176,1,114,5,2,1
n2177,n2177,1,114,5,2,2
n2178,n2178,1,114,5,2,3
n2179,n2179,1,114,5,2,4
n2180,n2180,1,114,5,2,5
n2181,n2181,1,114,5,2,6
n2182,n2182,1,114,5,2,7
n2183,n2183,1,114,5,2,8
n2184,n2184,1,114,5,2,9
n2185,n2185,1,114,5,2,10
n2186,n2186,1,114,5,2,11
n2187,n2187,1,114,5,2,12
n2188,n2188,1,115,1,1,1
n2189,n2189,1,115,1,1,2
n2190,n2190,1,115,1,1,3
n2191,n2191,1,115,1,1,4
n2192,n2192,1,115,1,1,5
n2193,n2193,1,115,1,1,6
n2194,n2194,1,115,1,1,7
n2195,n2195,1,115,1,1,8
n2196,n2196,1,115,1,1,9
n2197,n2197,1,115,1,1,10
n2198,n2198,1,115,1,1,11
n2199,n2199,1,115,1,1,12
n2200,n2200,1,115,1,1,13
n2201,n2201,1,115,5,2,1
n2202,n2202,1,115,5,2,2
n2203,n2203,1,115,5,2,3
n2204,n2204,1,115,5,2,4
n2205,n2205,1,115,5,2,5
n2206,n2206,1,115,5,2,6
n2207,n2207,1,115,5,2,7
n2208,n2208,1,115,5,2,8
n2209,n2209,1,115,5,2,9
n2210,n2210,1,115,5,2,10
n2211,n2211,1,115,5,2,11
n2212,n2212,1,115,5,2,12
n2213,n2213,1,116,1,1,1
n2214,n2214,1,116,1,1,2
n2215,n2215,1,116,1,1,3
n2216,n2216,1,116,1,1,4
n2217,n2217,1,116,1,1,5
n2218,n2218,1,116,1,1,6
n2219,n2219,1,116,1,1,7
n2220,n2220,1,116,1,1,8
n2221,n2221,1,116,1,1,9
n2222,n2222,1,116,5,2,1
n2223,n2223,1,116,5,2,2
n2224,n2224,1,116,5,2,3
n2225,n2225,1,116,5,2,4
n2226,n2226,1,116,5,2,5
n2227,n2227,1,116,5,2,6
n2228,n2228,1,116,5,2,7
n2229,n2229,1,116,5,2,8
n2230,n2230,1,116,5,2,9
n2231,n2231,1,116,5,2,10
n2232,n2232,1,116,5,2,11
n2233,n2233,1,116,5,2,12
n2234,n2234,1,117,1,1,1
n2235,n2235,1,117,1,1,2
n2236,n2236,1,117,1,1,3
n2237,n2237,1,117,1,1,4
n2238,n2238,1,117,1,1,5
n2239,n2239,1,117,1,1,6
n2240,n2240,1,117,1,1,7
n2241,n2241,1,117,1,1,8
n2242,n2242,1,117,1,1,9
n2243,n2243,1,117,1,1,10
n2244,n2244,1,117,5,2,1
n2245,n2245,1,117,5,2,2
n2246,n2246,1,117,5,2,3
n2247,n2247,1,117,5,2,4
n2248,n2248,1,117,5,2,5
n2249,n2249,1,117,5,2,6
n2250,n2250,1,117,5,2,7
n2251,n2251,1,117,5,2,8
n2252,n2252,1,117,5,2,9
n2253,n2253,1,117,5,2,10
n2254,n2254,1,117,5,2,11
n2255,n2255,1,117,5,2,12
n2256,n2256,1,118,1,1,1
n2257,n2257,1,118,1,1,2
n2258,n2258,1,118,1,1,3
n2259,n2259,1,118,1,1,4
n2260,n2260,1,118,1,1,5
n2261,n2261,1,118,1,1,6
n2262,n2262,1,118,5,2,1
n2263,n2263,1,118,5,2,2
n2264,n2264,1,118,5,2,3
n2265,n2265,1,118,5,2,4
n2266,n2266,1,118,5,2,5
n2267,n2267,1,118,5,2,6
n2268,n2268,1,118,5,2,7
n2269,n2269,1,118,5,2,8
n2270,n2270,1,118,5,2,9
n2271,n2271,1,118,5,2,10
n2272,n2272,1,118,5,2,11
n2273,n2273,1,118,5,2,12
n2274,n2274,1,119,1,1,1
n2275,n2275,1,119,1,1,2
n2276,n2276,1,119,1,1,3
n2277,n2277,1,119,1,1,4
n2278,n2278,1,119,1,1,5
n2279,n2279,1,119,1,1,6
n2280,n2280,1,119,1,1,7
n2281,n2281,1,119,1,1,8
n2282,n2282,1,119,1,1,9
n2283,n2283,1,119,1,1,10
n2284,n2284,1,119,1,1,11
n2285,n2285,1,119,1,1,12
n2286,n2286,1,119,1,1,13
n2287,n2287,1,119,1,1,14
n2288,n2288,1,119,1,1,15
n2289,n2289,1,119,1,1,16
n2290,n2290,1,119,1,1,17
n2291,n2291,1,119,1,1,18
n2292,n2292,1,119,1,1,19
n2293,n2293,1,119,1,1,20
n2294,n2294,1,119,2,1,1
n2295,n2295,1,119,2,1,2
n2296,n2296,1,119,2,1,3
n2297,n2297,1,119,2,1,4
n2298,n2298,1,119,2,1,5
n2299,n2299,1,119,5,2,1
n2300,n2300,1,119,5,2,2
n2301,n2301,1,119,5,2,3
n2302,n2302,1,119,5,2,4
n2303,n2303,1,119,5,2,5
n2304,n2304,1,119,5,2,6
n2305,n2305,1,119,5,2,7
n2306,n2306,1,119,5,2,8
n2307,n2307,1,119,5,2,9
n2308,n2308,1,119,5,2,10
n2309,n2309,1,119,5,2,11
n2310,n2310,1,119,5,2,12
n2311,n2311,1,120,1,1,1
n2312,n2312,1,120,1,1,2
n2313,n2313,1,120,1,1,3
n2314,n2314,1,120,1,1,4
n2315,n2315,1,120,1,1,5
n2316,n2316,1,120,1,1,6
n2317,n2317,1,120,1,1,7
n2318,n2318,1,120,1,1,8
n2319,n2319,1,120,5,2,1
n2320,n2320,1,120,5,2,2
n2321,n2321,1,120,5,2,3
n2322,n2322,1,120,5,2,4
n2323,n2323,1,120,5,2,5
n2324,n2324,1,120,5,2,6
n2325,n2325,1,120,5,2,7
n2326,n2326,1,120,5,2,8
n2327,n2327,1,120,5,2,9
n2328,n2328,1,120,5,2,10
n2329,n2329,1,120,5,2,11
n2330,n2330,1,120,5,2,12
n2331,n2331,1,121,1,1,1
n2332,n2332,1,121,1,1,2
n2333,n2333,1,121,1,1,3
n2334,n2334,1,121,1,1,4
n2335,n2335,1,121,1,1,5
n2336,n2336,1,121,1,1,6
n2337,n2337,1,121,1,1,7
n2338,n2338,1,121,1,1,8
n2339,n2339,1,121,1,1,9
n2340,n2340,1,121,1,1,10
n2341,n2341,1,121,1,1,11
n2342,n2342,1,121,1,1,12
n2343,n2343,1,121,1,1,13
n2344,n2344,1,121,1,1,14
n2345,n2345,1,121,1,1,15
n2346,n2346,1,121,1,1,16
n2347,n2347,1,121,1,1,17
n2348,n2348,1,121,1,1,18
n2349,n2349,1,121,1,1,19
n2350,n2350,1,121,1,1,20
n2351,n2351,1,121,3,1,1
n2352,n2352,1,121,5,2,1
n2353,n2353,1,121,5,2,2
n2354,n2354,1,121,5,2,3
n2355,n2355,1,121,5,2,4
n2356,n2356,1,121,5,2,5
n2357,n2357,1,121,5,2,6
n2358,n2358,1,121,5,2,7
n2359,n2359,1,121,5,2,8
n2360,n2360,1,121,5,2,9
n2361,n2361,1,121,5,2,10
n2362,n2362,1,121,5,2,11
n2363,n2363,1,121,5,2,12
n2364,n2364,1,122,1,1,1
n2365,n2365,1,122,1,1,2
n2366,n2366,1,122,1,1,3
n2367,n2367,1,122,1,1,4
n2368,n2368,1,122,1,1,5
n2369,n2369,1,122,1,1,6
n2370,n2370,1,122,1,1,7
n2371,n2371,1,122,1,1,8
n2372,n2372,1,122,5,2,1
n2373,n2373,1,122,5,2,2
n2374,n2374,1,122,5,2,3
n2375,n2375,1,122,5,2,4
n2376,n2376,1,122,5,2,5
n2377,n2377,1,122,5,2,6
n2378,n2378,1,122,5,2,7
n2379,n2379,1,122,5,2,8
n2380,n2380,1,122,5,2,9
n2381,n2381,1,122,5,2,10
n2382,n2382,1,122,5,2,11
n2383,n2383,1,122,5,2,12
n2384,n2384,1,123,1,1,1
n2385,n2385,1,123,1,1,2
n2386,n2386,1,123,1,1,3
n2387,n2387,1,123,1,1,4
n2388,n2388,1,123,1,1,5
n2389,n2389,1,123,1,1,6
n2390,n2390,1,123,1,1,7
n2391,n2391,1,123,1,1,8
n2392,n2392,1,123,1,1,9
n2393,n2393,1,123,1,1,10
n2394,n2394,1,123,1,1,11
n2395,n2395,1,123,1,1,12
n2396,n2396,1,123,1,1,13
n2397,n2397,1,123,1,1,14
n2398,n2398,1,123,1,1,15
n2399,n2399,1,123,1,1,16
n2400,n2400,1,123,1,1,17
n2401,n2401,1,123,1,1,18
n2402,n2402,1,123,1,1,19
n2403,n2403,1,123,1,1,20
n2404,n2404,1,123,1,1,21
n2405,n2405,1,123,1,1,22
n2406,n2406,1,123,2,1,1
n2407,n2407,1,123,2,1,2
n2408,n2408,1,123,2,1,3
n2409,n2409,1,123,2,1,4
n2410,n2410,1,123,2,1,5
n2411,n2411,1,123,5,2,1
n2412,n2412,1,123,5,2,2
n2413,n2413,1,123,5,2,3
n2414,n2414,1,123,5,2,4
n2415,n2415,1,123,5,2,5
n2416,n2416,1,123,5,2,6
n2417,n2417,1,123,5,2,7
n2418,n2418,1,123,5,2,8
n2419,n2419,1,123,5,2,9
n2420,n2420,1,123,5,2,10
n2421,n2421,1,123,5,2,11
n2422,n2422,1,123,5,2,12
n2423,n2423,1,124,1,1,1
n2424,n2424,1,124,1,1,2
n2425,n2425,1,124,1,1,3
n2426,n2426,1,124,1,1,4
n2427,n2427,1,124,1,1,5
n2428,n2428,1,124,1,1,6
n2429,n2429,1,124,1,1,7
n2430,n2430,1,124,1,1,8
n2431,n2431,1,124,1,1,9
n2432,n2432,1,124,1,1,10
n2433,n2433,1,124,1,1,11
n2434,n2434,1,124,1,1,12
n2435,n2435,1,124,1,1,13
n2436,n2436,1,124,1,1,14
n2437,n2437,1,124,1,1,15
n2438,n2438,1,124,5,2,1
n2439,n2439,1,124,5,2,2
n2440,n2440,1,124,5,2,3
n2441,n2441,1,124,5,2,4
n2442,n2442,1,124,5,2,5
n2443,n2443,1,124,5,2,6
n2444,n2444,1,124,5,2,7
n2445,n2445,1,124,5,2,8
n2446,n2446,1,124,5,2,9
n2447,n2447,1,125,1,1,1
n2448,n2448,1,125,1,1,2
n2449,n2449,1,125,1,1,3
n2450,n2450,1,125,1,1,4
n2451,n2451,1,125,1,1,5
n2452,n2452,1,125,1,1,6
n2453,n2453,1,125,1,1,7
n2454,n2454,1,125,1,1,8
n2455,n2455,1,125,1,1,9
n2456,n2456,1,125,1,1,10
n2457,n2457,1,125,1,1,11
n2458,n2458,1,125,1,1,12
n2459,n2459,1,125,1,1,13
n2460,n2460,1,125,1,1,14
n2461,n2461,1,125,2,1,1
n2462,n2462,1,125,5,2,1
n2463,n2463,1,126,1,1,1
n2464,n2464,1,126,1,1,2
n2465,n2465,1,126,1,1,3
n2466,n2466,1,126,1,1,4
n2467,n2467,1,126,1,1,5
n2468,n2468,1,126,1,1,6
n2469,n2469,1,126,1,1,7
n2470,n2470,1,126,1,1,8
n2471,n2471,1,126,1,1,9
n2472,n2472,1,126,1,1,10
n2473,n2473,1,126,1,1,11
n2474,n2474,1,126,1,1,12
n2475,n2475,1,126,5,2,1
n2476,n2476,1,126,5,2,2
n2477,n2477,1,126,5,2,3
n2478,n2478,1,126,5,2,4
n2479,n2479,1,126,5,2,5
n2480,n2480,1,126,5,2,6
n2481,n2481,1,127,1,1,1
n2482,n2482,1,127,1,1,2
n2483,n2483,1,127,1,1,3
n2484,n2484,1,127,1,1,4
n2485,n2485,1,127,1,1,5
n2486,n2486,1,127,1,1,6
n2487,n2487,1,127,1,1,7
n2488,n2488,1,127,1,1,8
n2489,n2489,1,127,1,1,9
n2490,n2490,1,127,1,1,10
n2491,n2491,1,127,1,1,11
n2492,n2492,1,127,1,1,12
n2493,n2493,1,127,5,2,1
n2494,n2494,1,127,5,2,2
n2495,n2495,1,127,5,2,3
n2496,n2496,1,127,5,2,4
n2497,n2497,1,127,5,2,5
n2498,n2498,1,127,5,2,6
n2499,n2499,1,128,1,1,1
n2500,n2500,1,128,1,1,2
n2501,n2501,1,128,1,1,3
n2502,n2502,1,128,1,1,4
n2503,n2503,1,128,1,1,5
n2504,n2504,1,128,1,1,6
n2505,n2505,1,128,1,1,7
n2506,n2506,1,128,1,1,8
n2507,n2507,1,128,1,1,9
n2508,n2508,1,128,1,1,10
n2509,n2509,1,128,1,1,11
n2510,n2510,1,128,1,1,12
n2511,n2511,1,128,5,2,1
n2512,n2512,1,128,5,2,2
n2513,n2513,1,128,5,2,3
n2514,n2514,1,128,5,2,4
n2515,n2515,1,128,5,2,5
n2516,n2516,1,128,5,2,6
n2517,n2517,1,129,1,1,1
n2518,n2518,1,129,1,1,2
n2519,n2519,1,129,1,1,3
n2520,n2520,1,129,1,1,4
n2521,n2521,1,129,1,1,5
n2522,n2522,1,129,1,1,6
n2523,n2523,1,129,1,1,7
n2524,n2524,1,129,1,1,8
n2525,n2525,1,129,1,1,9
n2526,n2526,1,129,1,1,10
n2527,n2527,1,129,1,1,11
n2528,n2528,1,129,1,1,12
n2529,n2529,1,129,5,2,1
n2530,n2530,1,129,5,2,2
n2531,n2531,1,129,5,2,3
n2532,n2532,1,129,5,2,4
n2533,n2533,1,129,5,2,5
n2534,n2534,1,129,5,2,6
n2535,n2535,1,130,1,1,1
n2536,n2536,1,130,1,1,2
n2537,n2537,1,130,1,1,3
n2538,n2538,1,130,1,1,4
n2539,n2539,1,130,1,1,5
n2540,n2540,1,130,1,1,6
n2541,n2541,1,130,1,1,7
n2542,n2542,1,130,1,1,8
n2543,n2543,1,130,1,1,9
n2544,n2544,1,130,1,1,10
n2545,n2545,1,130,1,1,11
n2546,n2546,1,130,5,2,1
n2547,n2547,1,130,5,2,2
n2548,n2548,1,130,5,2,3
n2549,n2549,1,130,5,2,4
n2550,n2550,1,130,5,2,5
n2551,n2551,1,130,5,2,6
n2552,n2552,1,130,5,2,7
n2553,n2553,1,130,5,2,8
n2554,n2554,1,131,1,1,1
n2555,n2555,1,131,1,1,2
n2556,n2556,1,131,1,1,3
n2557,n2557,1,131,1,1,4
n2558,n2558,1,131,1,1,5
n2559,n2559,1,131,1,1,6
n2560,n2560,1,131,1,1,7
n2561,n2561,1,131,1,1,8
n2562,n2562,1,131,1,1,9
n2563,n2563,1,131,1,1,10
n2564,n2564,1,131,1,1,11
n2565,n2565,1,131,1,1,12
n2566,n2566,1,131,5,2,1
n2567,n2567,1,131,5,2,2
n2568,n2568,1,131,5,2,3
n2569,n2569,1,131,5,2,4
n2570,n2570,1,131,5,2,5
n2571,n2571,1,131,5,2,6
n2572,n2572,1,131,5,2,7
n2573,n2573,1,131,5,2,8
n2574,n2574,1,131,5,2,9
n2575,n2575,1,131,5,2,10
n2576,n2576,1,132,1,1,1
n2577,n2577,1,132,1,1,2
n2578,n2578,1,132,1,1,3
n2579,n2579,1,132,1,1,4
n2580,n2580,1,132,1,1,5
n2581,n2581,1,132,1,1,6
n2582,n2582,1,132,1,1,7
n2583,n2583,1,132,1,1,8
n2584,n2584,1,132,1,1,9
n2585,n2585,1,132,1,1,10
n2586,n2586,1,132,1,1,11
n2587,n2587,1,132,1,1,12
n2588,n2588,1,132,5,2,1
n2589,n2589,1,132,5,2,2
n2590,n2590,1,132,5,2,3
n2591,n2591,1,132,5,2,4
n2592,n2592,1,132,5,2,5
n2593,n2593,1,132,5,2,6
n2594,n2594,1,132,5,2,7
n2595,n2595,1,132,5,2,8
n2596,n2596,1,132,5,2,9
n2597,n2597,1,132,5,2,10
n2598,n2598,1,133,1,1,1
n2599,n2599,1,133,1,1,2
n2600,n2600,1,133,1,1,3
n2601,n2601,1,133,1,1,4
n2602,n2602,1,133,1,1,5
n2603,n2603,1,133,1,1,6
n2604,n2604,1,133,1,1,7
n2605,n2605,1,133,1,1,8
n2606,n2606,1,133,1,1,9
n2607,n2607,1,133,1,1,10
n2608,n2608,1,133,1,1,11
n2609,n2609,1,133,1,1,12
n2610,n2610,1,133,5,2,1
n2611,n2611,1,133,5,2,2
n2612,n2612,1,133,5,2,3
n2613,n2613,1,133,5,2,4
n2614,n2614,1,133,5,2,5
n2615,n2615,1,133,5,2,6
n2616,n2616,1,133,5,2,7
n2617,n2617,1,133,5,2,8
n2618,n2618,1,133,5,2,9
n2619,n2619,1,133,5,2,10
n2620,n2620,1,134,1,1,1
n2621,n2621,1,134,1,1,2
n2622,n2622,1,134,1,1,3
n2623,n2623,1,134,1,1,4
n2624,n2624,1,134,1,1,5
n2625,n2625,1,134,1,1,6
n2626,n2626,1,134,1,1,7
n2627,n2627,1,134,1,1,8
n2628,n2628,1,134,1,1,9
n2629,n2629,1,134,1,1,10
n2630,n2630,1,134,1,1,11
n2631,n2631,1,134,1,1,12
n2632,n2632,1,134,5,2,1
n2633,n2633,1,134,5,2,2
n2634,n2634,1,134,5,2,3
n2635,n2635,1,135,1,1,1
n2636,n2636,1,135,1,1,2
n2637,n2637,1,135,1,1,3
n2638,n2638,1,135,1,1,4
n2639,n2639,1,135,1,1,5
n2640,n2640,1,135,1,1,6
n2641,n2641,1,135,1,1,7
n2642,n2642,1,135,1,1,8
n2643,n2643,1,135,1,1,9
n2644,n2644,1,135,1,1,10
n2645,n2645,1,135,1,1,11
n2646,n2646,1,135,1,1,12
n2647,n2647,1,135,5,2,1
n2648,n2648,1,135,5,2,2
n2649,n2649,1,135,5,2,3
n2650,n2650,1,135,5,2,4
n2651,n2651,1,135,5,2,5
n2652,n2652,1,135,5,2,6
n2653,n2653,1,136,1,1,1
n2654,n2654,1,136,1,1,2
n2655,n2655,1,136,1,1,3
n2656,n2656,1,136,1,1,4
n2657,n2657,1,136,1,1,5
n2658,n2658,1,136,1,1,6
n2659,n2659,1,136,1,1,7
n2660,n2660,1,136,1,1,8
n2661,n2661,1,136,1,1,9
n2662,n2662,1,136,1,1,10
n2663,n2663,1,136,1,1,11
n2664,n2664,1,136,1,1,12
n2665,n2665,1,136,5,2,1
n2666,n2666,1,136,5,2,2
n2667,n2667,1,136,5,2,3
n2668,n2668,1,136,5,2,4
n2669,n2669,1,136,5,2,5
n2670,n2670,1,136,5,2,6
n2671,n2671,1,136,5,2,7
n2672,n2672,1,136,5,2,8
n2673,n2673,1,137,1,1,1
n2674,n2674,1,137,1,1,2
n2675,n2675,1,137,1,1,3
n2676,n2676,1,137,1,1,4
n2677,n2677,1,137,1,1,5
n2678,n2678,1,137,1,1,6
n2679,n2679,1,137,1,1,7
n2680,n2680,1,137,1,1,8
n2681,n2681,1,137,1,1,9
n2682,n2682,1,137,1,1,10
n2683,n2683,1,137,1,1,11
n2684,n2684,1,137,1,1,12
n2685,n2685,1,137,2,1,1
n2686,n2686,1,137,2,1,2
n2687,n2687,1,137,5,2,1
n2688,n2688,1,138,1,1,1
n2689,n2689,1,138,1,1,2
n2690,n2690,1,138,1,1,3
n2691,n2691,1,138,1,1,4
n2692,n2692,1,138,1,1,5
n2693,n2693,1,138,1,1,6
n2694,n2694,1,138,1,1,7
n2695,n2695,1,138,1,1,8
n2696,n2696,1,138,1,1,9
n2697,n2697,1,138,1,1,10
n2698,n2698,1,138,1,1,11
n2699,n2699,1,138,1,1,12
n2700,n2700,1,138,5,2,1
n2701,n2701,1,138,5,2,2
n2702,n2702,1,138,5,2,3
n2703,n2703,1,138,5,2,4
n2704,n2704,1,138,5,2,5
n2705,n2705,1,138,5,2,6
n2706,n2706,1,138,6,2,1
n2707,n2707,1,138,6,2,2
n2708,n2708,1,138,6,2,3
n2709,n2709,1,138,6,2,4
n2710,n2710,1,139,1,1,1
n2711,n2711,1,139,1,1,2
n2712,n2712,1,139,1,1,3
n2713,n2713,1,139,1,1,4
n2714,n2714,1,139,1,1,5
n2715,n2715,1,139,1,1,6
n2716,n2716,1,139,1,1,7
n2717,n2717,1,139,1,1,8
n2718,n2718,1,139,1,1,9
n2719,n2719,1,139,1,1,10
n2720,n2720,1,139,1,1,11
n2721,n2721,1,139,1,1,12
n2722,n2722,1,139,5,2,1
n2723,n2723,1,139,5,2,2
n2724,n2724,1,139,5,2,3
n2725,n2725,1,139,5,2,4
n2726,n2726,1,139,5,2,5
n2727,n2727,1,139,5,2,6
n2728,n2728,1,139,6,2,1
n2729,n2729,1,139,6,2,2
n2730,n2730,1,139,6,2,3
n2731,n2731,1,139,6,2,4
n2732,n2732,1,140,1,1,1
n2733,n2733,1,140,1,1,2
n2734,n2734,1,140,1,1,3
n2735,n2735,1,140,1,1,4
n2736,n2736,1,140,1,1,5
n2737,n2737,1,140,1,1,6
n2738,n2738,1,140,1,1,7
n2739,n2739,1,140,1,1,8
n2740,n2740,1,140,1,1,9
n2741,n2741,1,140,1,1,10
n2742,n2742,1,140,1,1,11
n2743,n2743,1,140,1,1,12
n2744,n2744,1,140,5,2,1
n2745,n2745,1,140,5,2,2
n2746,n2746,1,140,5,2,3
n2747,n2747,1,140,5,2,4
n2748,n2748,1,140,5,2,5
n2749,n2749,1,140,5,2,6
n2750,n2750,1,140,6,2,1
n2751,n2751,1,140,6,2,2
n2752,n2752,1,140,6,2,3
n2753,n2753,1,140,6,2,4
n2754,n2754,1,141,1,1,1
n2755,n2755,1,141,1,1,2
n2756,n2756,1,141,1,1,3
n2757,n2757,1,141,1,1,4
n2758,n2758,1,141,1,1,5
n2759,n2759,1,141,1,1,6
n2760,n2760,1,141,1,1,7
n2761,n2761,1,141,1,1,8
n2762,n2762,1,141,1,1,9
n2763,n2763,1,141,1,1,10
n2764,n2764,1,141,1,1,11
n2765,n2765,1,141,1,1,12
n2766,n2766,1,141,3,1,1
n2767,n2767,1,141,3,1,2
n2768,n2768,1,141,3,1,3
n2769,n2769,1,141,3,1,4
n2770,n2770,1,141,5,2,1
n2771,n2771,1,141,5,2,2
n2772,n2772,1,141,5,2,3
n2773,n2773,1,141,5,2,4
n2774,n2774,1,141,5,2,5
n2775,n2775,1,141,5,2,6
n2776,n2776,1,141,6,2,1
n2777,n2777,1,141,6,2,2
n2778,n2778,1,141,6,2,3
n2779,n2779,1,141,6,2,4
n2780,n2780,1,142,1,1,1
n2781,n2781,1,142,1,1,2
n2782,n2782,1,142,1,1,3
n2783,n2783,1,142,1,1,4
n2784,n2784,1,142,1,1,5
n2785,n2785,1,142,1,1,6
n2786,n2786,1,142,1,1,7
n2787,n2787,1,142,1,1,8
n2788,n2788,1,142,1,1,9
n2789,n2789,1,142,1,1,10
n2790,n2790,1,142,1,1,11
n2791,n2791,1,142,1,1,12
n2792,n2792,1,142,5,2,1
n2793,n2793,1,142,5,2,2
n2794,n2794,1,142,5,2,3
n2795,n2795,1,142,5,2,4
n2796,n2796,1,142,5,2,5
n2797,n2797,1,142,5,2,6
n2798,n2798,1,142,6,2,1
n2799,n2799,1,142,6,2,2
n2800,n2800,1,142,6,2,3
n2801,n2801,1,142,6,2,4
n2802,n2802,1,143,1,1,1
n2803,n2803,1,143,1,1,2
n2804,n2804,1,143,1,1,3
n2805,n2805,1,143,1,1,4
n2806,n2806,1,143,1,1,5
n2807,n2807,1,143,1,1,6
n2808,n2808,1,143,1,1,7
n2809,n2809,1,143,1,1,8
n2810,n2810,1,143,1,1,9
n2811,n2811,1,143,1,1,10
n2812,n2812,1,143,1,1,11
n2813,n2813,1,143,1,1,12
n2814,n2814,1,143,5,2,1
n2815,n2815,1,143,5,2,2
n2816,n2816,1,143,5,2,3
n2817,n2817,1,143,5,2,4
n2818,n2818,1,143,5,2,5
n2819,n2819,1,143,5,2,6
n2820,n2820,1,143,6,2,1
n2821,n2821,1,143,6,2,2
n2822,n2822,1,143,6,2,3
n2823,n2823,1,143,6,2,4
n2824,n2824,1,144,1,1,1
n2825,n2825,1,144,1,1,2
n2826,n2826,1,144,1,1,3
n2827,n2827,1,144,1,1,4
n2828,n2828,1,144,1,1,5
n2829,n2829,1,144,1,1,6
n2830,n2830,1,144,1,1,7
n2831,n2831,1,144,1,1,8
n2832,n2832,1,144,1,1,9
n2833,n2833,1,144,1,1,10
n2834,n2834,1,144,1,1,11
n2835,n2835,1,144,1,1,12
n2836,n2836,1,144,5,2,1
n2837,n2837,1,144,5,2,2
n2838,n2838,1,144,5,2,3
n2839,n2839,1,144,5,2,4
n2840,n2840,1,144,5,2,5
n2841,n2841,1,144,5,2,6
n2842,n2842,1,144,6,2,1
n2843,n2843,1,144,6,2,2
n2844,n2844,1,144,6,2,3
n2845,n2845,1,144,6,2,4
n2846,n2846,1,145,1,1,1
n2847,n2847,1,145,1,1,2
n2848,n2848,1,145,1,1,3
n2849,n2849,1,145,1,1,4
n2850,n2850,1,145,1,1,5
n2851,n2851,1,145,1,1,6
n2852,n2852,1,145,1,1,7
n2853,n2853,1,145,1,1,8
n2854,n2854,1,145,1,1,9
n2855,n2855,1,145,1,1,10
n2856,n2856,1,145,1,1,11
n2857,n2857,1,145,1,1,12
n2858,n2858,1,145,5,2,1
n2859,n2859,1,145,5,2,2
n2860,n2860,1,145,5,2,3
n2861,n2861,1,145,5,2,4
n2862,n2862,1,145,5,2,5
n2863,n2863,1,145,5,2,6
n2864,n2864,1,145,5,2,7
n2865,n2865,1,145,5,2,8
n2866,n2866,1,145,5,2,9
n2867,n2867,1,145,5,2,10
n2868,n2868,1,145,5,2,11
n2869,n2869,1,145,5,2,12
n2870,n2870,1,145,5,2,13
n2871,n2871,1,145,5,2,14
n2872,n2872,1,146,1,1,1
n2873,n2873,1,146,1,1,2
n2874,n2874,1,146,1,1,3
n2875,n2875,1,146,1,1,4
n2876,n2876,1,146,1,1,5
n2877,n2877,1,146,1,1,6
n2878,n2878,1,146,1,1,7
n2879,n2879,1,146,1,1,8
n2880,n2880,1,146,1,1,9
n2881,n2881,1,146,1,1,10
n2882,n2882,1,146,1,1,11
n2883,n2883,1,146,1,1,12
n2884,n2884,1,146,5,2,1
n2885,n2885,1,146,5,2,2
n2886,n2886,1,146,5,2,3
n2887,n2887,1,146,5,2,4
n2888,n2888,1,146,5,2,5
n2889,n2889,1,146,5,2,6
n2890,n2890,1,146,5,2,7
n2891,n2891,1,146,5,2,8
n2892,n2892,1,146,5,2,9
n2893,n2893,1,146,5,2,10
n2894,n2894,1,146,5,2,11
n2895,n2895,1,146,5,2,12
n2896,n2896,1,146,5,2,13
n2897,n2897,1,146,5,2,14
n2898,n2898,1,147,1,1,1
n2899,n2899,1,147,1,1,2
n2900,n2900,1,147,1,1,3
n2901,n2901,1,147,1,1,4
n2902,n2902,1,147,1,1,5
n2903,n2903,1,147,1,1,6
n2904,n2904,1,147,1,1,7
n2905,n2905,1,147,1,1,8
n2906,n2906,1,147,1,1,9
n2907,n2907,1,147,1,1,10
n2908,n2908,1,147,1,1,11
n2909,n2909,1,147,1,1,12
n2910,n2910,1,147,5,2,1
n2911,n2911,1,147,5,2,2
n2912,n2912,1,147,5,2,3
n2913,n2913,1,147,5,2,4
n2914,n2914,1,147,5,2,5
n2915,n2915,1,147,5,2,6
n2916,n2916,1,147,5,2,7
n2917,n2917,1,147,5,2,8
n2918,n2918,1,147,5,2,9
n2919,n2919,1,147,5,2,10
n2920,n2920,1,147,5,2,11
n2921,n2921,1,147,5,2,12
n2922,n2922,1,147,5,2,13
n2923,n2923,1,148,1,1,1
n2924,n2924,1,148,1,1,2
n2925,n2925,1,148,1,1,3
n2926,n2926,1,148,1,1,4
n2927,n2927,1,148,1,1,5
n2928,n2928,1,148,1,1,6
n2929,n2929,1,148,1,1,7
n2930,n2930,1,148,1,1,8
n2931,n2931,1,148,1,1,9
n2932,n2932,1,148,1,1,10
n2933,n2933,1,148,1,1,11
n2934,n2934,1,148,1,1,12
n2935,n2935,1,148,5,2,1
n2936,n2936,1,148,5,2,2
n2937,n2937,1,148,5,2,3
n2938,n2938,1,148,5,2,4
n2939,n2939,1,148,5,2,5
n2940,n2940,1,148,5,2,6
n2941,n2941,1,148,5,2,7
n2942,n2942,1,148,5,2,8
n2943,n2943,1,148,5,2,9
n2944,n2944,1,148,5,2,10
n2945,n2945,1,148,5,2,11
n2946,n2946,1,148,5,2,12
n2947,n2947,1,149,1,1,1
n2948,n2948,1,149,1,1,2
n2949,n2949,1,149,1,1,3
n2950,n2950,1,149,1,1,4
n2951,n2951,1,149,1,1,5
n2952,n2952,1,149,1,1,6
n2953,n2953,1,149,1,1,7
n2954,n2954,1,149,1,1,8
n2955,n2955,1,149,1,1,9
n2956,n2956,1,149,1,1,10
n2957,n2957,1,149,1,1,11
n2958,n2958,1,149,1,1,12
n2959,n2959,1,149,5,2,1
n2960,n2960,1,149,5,2,2
n2961,n2961,1,149,5,2,3
n2962,n2962,1,149,5,2,4
n2963,n2963,1,149,5,2,5
n2964,n2964,1,149,5,2,6
n2965,n2965,1,149,5,2,7
n2966,n2966,1,149,5,2,8
n2967,n2967,1,150,1,1,1
n2968,n2968,1,150,1,1,2
n2969,n2969,1,150,1,1,3
n2970,n2970,1,150,1,1,4
n2971,n2971,1,150,1,1,5
n2972,n2972,1,150,1,1,6
n2973,n2973,1,150,1,1,7
n2974,n2974,1,150,1,1,8
n2975,n2975,1,150,1,1,9
n2976,n2976,1,150,1,1,10
n2977,n2977,1,150,1,1,11
n2978,n2978,1,150,2,1,1
n2979,n2979,1,150,2,1,2
n2980,n2980,1,150,2,1,3
n2981,n2981,1,150,2,1,4
n2982,n2982,1,150,5,2,1
n2983,n2983,1,150,5,2,2
n2984,n2984,1,150,5,2,3
n2985,n2985,1,150,5,2,4
n2986,n2986,1,150,5,2,5
n2987,n2987,1,150,5,2,6
n2988,n2988,1,150,5,2,7
n2989,n2989,1,150,5,2,8
n2990,n2990,1,150,5,2,9
n2991,n2991,1,150,5,2,10
n2992,n2992,1,150,5,2,11
n2993,n2993,1,150,5,2,12
n2994,n2994,1,151,1,1,1
n2995,n2995,1,151,1,1,2
n2996,n2996,1,151,1,1,3
n2997,n2997,1,151,1,1,4
n2998,n2998,1,151,1,1,5
n2999,n2999,1,151,1,1,6
n3000,n3000,1,151,1,1,7
n3001,n3001,1,151,1,1,8
n3002,n3002,1,151,1,1,9
n3003,n3003,1,151,1,1,10
n3004,n3004,1,151,1,1,11
n3005,n3005,1,151,1,1,12
n3006,n3006,1,151,2,1,1
n3007,n3007,1,151,2,1,2
n3008,n3008,1,151,2,1,3
n3009,n3009,1,151,2,1,4
n3010,n3010,1,151,2,1,5
n3011,n3011,1,151,2,1,6
n3012,n3012,1,151,5,2,1
n3013,n3013,1,151,5,2,2
n3014,n3014,1,151,5,2,3
n3015,n3015,1,151,5,2,4
n3016,n3016,1,151,5,2,5
n3017,n3017,1,151,5,2,6
n3018,n3018,1,151,5,2,7
n3019,n3019,1,151,5,2,8
n3020,n3020,1,151,5,2,9
n3021,n3021,1,151,5,2,10
n3022,n3022,1,151,5,2,11
n3023,n3023,1,151,5,2,12
n3024,n3024,1,152,1,1,1
n3025,n3025,1,152,1,1,2
n3026,n3026,1,152,1,1,3
n3027,n3027,1,152,1,1,4
n3028,n3028,1,152,1,1,5
n3029,n3029,1,152,1,1,6
n3030,n3030,1,152,1,1,7
n3031,n3031,1,152,1,1,8
n3032,n3032,1,152,1,1,9
n3033,n3033,1,152,1,1,10
n3034,n3034,1,152,1,1,11
n3035,n3035,1,152,1,1,12
n3036,n3036,1,152,2,1,1
n3037,n3037,1,152,2,1,2
n3038,n3038,1,152,2,1,3
n3039,n3039,1,152,2,1,4
n3040,n3040,1,152,2,1,5
n3041,n3041,1,152,2,1,6
n3042,n3042,1,152,5,2,1
n3043,n3043,1,152,5,2,2
n3044,n3044,1,152,5,2,3
n3045,n3045,1,152,5,2,4
n3046,n3046,1,152,5,2,5
n3047,n3047,1,152,5,2,6
n3048,n3048,1,152,5,2,7
n3049,n3049,1,152,5,2,8
n3050,n3050,1,152,5,2,9
n3051,n3051,1,152,5,2,10
n3052,n3052,1,152,5,2,11
n3053,n3053,1,152,5,2,12
n3054,n3054,1,153,1,1,1
n3055,n3055,1,153,1,1,2
n3056,n3056,1,153,1,1,3
n3057,n3057,1,153,1,1,4
n3058,n3058,1,153,1,1,5
n3059,n3059,1,153,1,1,6
n3060,n3060,1,153,1,1,7
n3061,n3061,1,153,1,1,8
n3062,n3062,1,153,1,1,9
n3063,n3063,1,153,1,1,10
n3064,n3064,1,153,1,1,11
n3065,n3065,1,153,1,1,12
n3066,n3066,1,153,2,1,1
n3067,n3067,1,153,2,1,2
n3068,n3068,1,153,2,1,3
n3069,n3069,1,153,2,1,4
n3070,n3070,1,153,2,1,5
n3071,n3071,1,153,2,1,6
n3072,n3072,1,153,5,2,1
n3073,n3073,1,153,5,2,2
n3074,n3074,1,153,5,2,3
n3075,n3075,1,153,5,2,4
n3076,n3076,1,153,5,2,5
n3077,n3077,1,153,5,2,6
n3078,n3078,1,153,5,2,7
n3079,n3079,1,153,5,2,8
n3080,n3080,1,153,5,2,9
n3081,n3081,1,153,5,2,10
n3082,n3082,1,153,5,2,11
n3083,n3083,1,153,5,2,12
n3084,n3084,1,154,1,1,1
n3085,n3085,1,154,1,1,2
n3086,n3086,1,154,1,1,3
n3087,n3087,1,154,1,1,4
n3088,n3088,1,154,1,1,5
n3089,n3089,1,154,1,1,6
n3090,n3090,1,154,1,1,7
n3091,n3091,1,154,1,1,8
n3092,n3092,1,154,1,1,9
n3093,n3093,1,154,1,1,10
n3094,n3094,1,154,1,1,11
n3095,n3095,1,154,1,1,12
n3096,n3096,1,154,1,1,13
n3097,n3097,1,154,1,1,14
n3098,n3098,1,154,5,2,1
n3099,n3099,1,154,5,2,2
n3100,n3100,1,154,5,2,3
n3101,n3101,1,154,5,2,4
n3102,n3102,1,154,5,2,5
n3103,n3103,1,154,5,2,6
n3104,n3104,1,154,5,2,7
n3105,n3105,1,154,5,2,8
n3106,n3106,1,154,5,2,9
n3107,n3107,1,154,5,2,10
n3108,n3108,1,154,5,2,11
n3109,n3109,1,154,5,2,12
n3110,n3110,1,154,5,2,13
n3111,n3111,1,154,5,2,14
n3112,n3112,1,154,5,2,15
n3113,n3113,1,154,5,2,16
n3114,n3114,1,154,5,2,17
n3115,n3115,1,154,5,2,18
n3116,n3116,1,154,5,2,19
n3117,n3117,1,154,5,2,20
n3118,n3118,1,154,5,2,21
n3119,n3119,1,154,5,2,22
n3120,n3120,1,154,5,2,23
n3121,n3121,1,155,1,1,1
n3122,n3122,1,155,1,1,2
n3123,n3123,1,155,1,1,3
n3124,n3124,1,155,1,1,4
n3125,n3125,1,155,1,1,5
n3126,n3126,1,155,1,1,6
n3127,n3127,1,155,1,1,7
n3128,n3128,1,155,1,1,8
n3129,n3129,1,155,1,1,9
n3130,n3130,1,155,1,1,10
n3131,n3131,1,155,1,1,11
n3132,n3132,1,155,1,1,12
n3133,n3133,1,155,5,2,1
n3134,n3134,1,155,5,2,2
n3135,n3135,1,155,5,2,3
n3136,n3136,1,155,5,2,4
n3137,n3137,1,155,5,2,5
n3138,n3138,1,155,5,2,6
n3139,n3139,1,155,5,2,7
n3140,n3140,1,155,5,2,8
n3141,n3141,1,156,1,1,1
n3142,n3142,1,156,1,1,2
n3143,n3143,1,156,1,1,3
n3144,n3144,1,156,1,1,4
n3145,n3145,1,156,1,1,5
n3146,n3146,1,156,1,1,6
n3147,n3147,1,156,1,1,7
n3148,n3148,1,156,1,1,8
n3149,n3149,1,156,1,1,9
n3150,n3150,1,156,1,1,10
n3151,n3151,1,156,1,1,11
n3152,n3152,1,156,1,1,12
n3153,n3153,1,156,5,2,1
n3154,n3154,1,156,5,2,2
n3155,n3155,1,156,5,2,3
n3156,n3156,1,156,5,2,4
n3157,n3157,1,156,5,2,5
n3158,n3158,1,156,5,2,6
n3159,n3159,1,156,5,2,7
n3160,n3160,1,156,5,2,8
n3161,n3161,1,156,5,2,9
n3162,n3162,1,156,5,2,10
n3163,n3163,1,156,5,2,11
n3164,n3164,1,156,5,2,12
n3165,n3165,1,156,5,2,13
n3166,n3166,1,156,5,2,14
n3167,n3167,1,156,5,2,15
n3168,n3168,1,157,1,1,1
n3169,n3169,1,157,1,1,2
n3170,n3170,1,157,1,1,3
n3171,n3171,1,157,1,1,4
n3172,n3172,1,157,1,1,5
n3173,n3173,1,157,1,1,6
n3174,n3174,1,157,1,1,7
n3175,n3175,1,157,1,1,8
n3176,n3176,1,157,1,1,9
n3177,n3177,1,157,1,1,10
n3178,n3178,1,157,1,1,11
n3179,n3179,1,157,1,1,12
n3180,n3180,1,157,5,2,1
n3181,n3181,1,157,5,2,2
n3182,n3182,1,157,5,2,3
n3183,n3183,1,157,5,2,4
n3184,n3184,1,157,5,2,5
n3185,n3185,1,157,5,2,6
n3186,n3186,1,157,5,2,7
n3187,n3187,1,157,5,2,8
n3188,n3188,1,157,5,2,9
n3189,n3189,1,157,5,2,10
n3190,n3190,1,157,5,2,11
n3191,n3191,1,157,5,2,12
n3192,n3192,1,157,5,2,13
n3193,n3193,1,157,5,2,14
n3194,n3194,1,157,5,2,15
n3195,n3195,1,158,1,1,1
n3196,n3196,1,158,1,1,2
n3197,n3197,1,158,1,1,3
n3198,n3198,1,158,1,1,4
n3199,n3199,1,158,1,1,5
n3200,n3200,1,158,1,1,6
n3201,n3201,1,158,1,1,7
n3202,n3202,1,158,1,1,8
n3203,n3203,1,158,1,1,9
n3204,n3204,1,158,1,1,10
n3205,n3205,1,158,1,1,11
n3206,n3206,1,158,1,1,12
n3207,n3207,1,158,1,1,13
n3208,n3208,1,158,1,1,14
n3209,n3209,1,158,5,2,1
n3210,n3210,1,158,5,2,2
n3211,n3211,1,158,5,2,3
n3212,n3212,1,158,5,2,4
n3213,n3213,1,158,5,2,5
n3214,n3214,1,158,5,2,6
n3215,n3215,1,158,5,2,7
n3216,n3216,1,158,5,2,8
n3217,n3217,1,158,5,2,9
n3218,n3218,1,158,5,2,10
n3219,n3219,1,158,5,2,11
n3220,n3220,1,159,1,1,1
n3221,n3221,1,159,1,1,2
n3222,n3222,1,159,1,1,3
n3223,n3223,1,159,1,1,4
n3224,n3224,1,159,1,1,5
n3225,n3225,1,159,1,1,6
n3226,n3226,1,159,1,1,7
n3227,n3227,1,159,1,1,8
n3228,n3228,1,159,1,1,9
n3229,n3229,1,159,1,1,10
n3230,n3230,1,159,1,1,11
n3231,n3231,1,159,1,1,12
n3232,n3232,1,159,5,2,1
n3233,n3233,1,159,5,2,2
n3234,n3234,1,159,5,2,3
n3235,n3235,1,159,5,2,4
n3236,n3236,1,159,5,2,5
n3237,n3237,1,159,5,2,6
n3238,n3238,1,159,5,2,7
n3239,n3239,1,159,5,2,8
n3240,n3240,1,159,5,2,9
n3241,n3241,1,159,5,2,10
n3242,n3242,1,159,5,2,11
n3243,n3243,1,159,5,2,12
n3244,n3244,1,160,1,1,1
n3245,n3245,1,160,1,1,2
n3246,n3246,1,160,1,1,3
n3247,n3247,1,160,1,1,4
n3248,n3248,1,160,1,1,5
n3249,n3249,1,160,1,1,6
n3250,n3250,1,160,1,1,7
n3251,n3251,1,160,1,1,8
n3252,n3252,1,160,1,1,9
n3253,n3253,1,160,1,1,10
n3254,n3254,1,160,1,1,11
n3255,n3255,1,160,1,1,12
n3256,n3256,1,160,5,2,1
n3257,n3257,1,160,5,2,2
n3258,n3258,1,160,5,2,3
n3259,n3259,1,160,5,2,4
n3260,n3260,1,160,5,2,5
n3261,n3261,1,160,5,2,6
n3262,n3262,1,160,5,2,7
n3263,n3263,1,160,5,2,8
n3264,n3264,1,160,5,2,9
n3265,n3265,1,160,5,2,10
n3266,n3266,1,160,5,2,11
n3267,n3267,1,160,5,2,12
n3268,n3268,1,161,1,1,1
n3269,n3269,1,161,1,1,2
n3270,n3270,1,161,1,1,3
n3271,n3271,1,161,1,1,4
n3272,n3272,1,161,1,1,5
n3273,n3273,1,161,1,1,6
n3274,n3274,1,161,1,1,7
n3275,n3275,1,161,1,1,8
n3276,n3276,1,161,1,1,9
n3277,n3277,1,161,1,1,10
n3278,n3278,1,161,1,1,11
n3279,n3279,1,161,5,2,1
n3280,n3280,1,161,5,2,2
n3281,n3281,1,161,5,2,3
n3282,n3282,1,161,5,2,4
n3283,n3283,1,161,5,2,5
n3284,n3284,1,161,5,2,6
n3285,n3285,1,161,5,2,7
n3286,n3286,1,161,5,2,8
n3287,n3287,1,161,5,2,9
n3288,n3288,1,161,5,2,10
n3289,n3289,1,161,5,2,11
n3290,n3290,1,161,5,2,12
n3291,n3291,1,162,1,1,1
n3292,n3292,1,162,1,1,2
n3293,n3293,1,162,1,1,3
n3294,n3294,1,162,1,1,4
n3295,n3295,1,162,1,1,5
n3296,n3296,1,162,1,1,6
n3297,n3297,1,162,1,1,7
n3298,n3298,1,162,1,1,8
n3299,n3299,1,162,1,1,9
n3300,n3300,1,162,1,1,10
n3301,n3301,1,162,5,2,1
n3302,n3302,1,162,5,2,2
n3303,n3303,1,162,5,2,3
n3304,n3304,1,162,5,2,4
n3305,n3305,1,162,5,2,5
n3306,n3306,1,162,5,2,6
n3307,n3307,1,162,5,2,7
n3308,n3308,1,162,5,2,8
n3309,n3309,1,162,5,2,9
n3310,n3310,1,162,5,2,10
n3311,n3311,1,162,5,2,11
n3312,n3312,1,163,1,1,1
n3313,n3313,1,163,1,1,2
n3314,n3314,1,163,1,1,3
n3315,n3315,1,163,1,1,4
n3316,n3316,1,163,1,1,5
n3317,n3317,1,163,1,1,6
n3318,n3318,1,163,1,1,7
n3319,n3319,1,163,1,1,8
n3320,n3320,1,163,1,1,9
n3321,n3321,1,163,1,1,10
n3322,n3322,1,163,1,1,11
n3323,n3323,1,163,1,1,12
n3324,n3324,1,163,5,2,1
n3325,n3325,1,164,1,1,1
n3326,n3326,1,164,1,1,2
n3327,n3327,1,164,1,1,3
n3328,n3328,1,164,1,1,4
n3329,n3329,1,164,1,1,5
n3330,n3330,1,164,1,1,6
n3331,n3331,1,164,1,1,7
n3332,n3332,1,164,1,1,8
n3333,n3333,1,164,1,1,9
n3334,n3334,1,164,1,1,10
n3335,n3335,1,164,1,1,11
n3336,n3336,1,164,1,2,1
n3337,n3337,1,164,5,2,1
n3338,n3338,1,164,5,2,2
n3339,n3339,1,164,5,2,3
n3340,n3340,1,164,5,2,4
n3341,n3341,1,164,5,2,5
n3342,n3342,1,164,5,2,6
n3343,n3343,1,164,5,2,7
n3344,n3344,1,165,1,2,1
n3345,n3345,1,165,1,2,2
n3346,n3346,1,165,1,2,3
n3347,n3347,1,165,1,2,4
n3348,n3348,1,165,1,2,5
n3349,n3349,1,165,1,2,6
n3350,n3350,1,165,1,2,7
n3351,n3351,1,165,1,2,8
n3352,n3352,1,165,1,2,9
n3353,n3353,1,165,1,2,10
n3354,n3354,1,165,1,2,11
n3355,n3355,1,165,1,2,12
n3356,n3356,1,165,5,2,1
r139,r139,1,165,5,2,2
r140,r140,1,165,5,2,3
r141,r141,1,165,5,2,4
n3357,n3357,1,166,1,1,1
n3358,n3358,1,166,1,1,2
n3359,n3359,1,166,1,1,3
n3360,n3360,1,166,1,1,4
n3361,n3361,1,166,1,1,5
n3362,n3362,1,166,1,1,6
n3363,n3363,1,166,1,1,7
n3364,n3364,1,166,5,2,1
n3365,n3365,1,166,5,2,2
n3366,n3366,1,166,5,2,3
n3367,n3367,1,166,5,2,4
n3368,n3368,1,166,5,2,5
n3369,n3369,1,166,5,2,6
n3370,n3370,1,166,5,2,7
n3371,n3371,1,166,5,2,8
n3372,n3372,1,166,5,2,9
n3373,n3373,1,166,5,2,10
n3374,n3374,1,166,5,2,11
n3375,n3375,1,166,5,2,12
n3376,n3376,1,167,1,1,1
n3377,n3377,1,167,1,1,2
n3378,n3378,1,167,1,1,3
n3379,n3379,1,167,1,1,4
n3380,n3380,1,167,1,1,5
n3381,n3381,1,167,1,1,6
n3382,n3382,1,167,1,1,7
n3383,n3383,1,167,1,1,8
n3384,n3384,1,167,1,1,9
n3385,n3385,1,167,1,1,10
n3386,n3386,1,167,1,1,11
n3387,n3387,1,167,1,1,12
n3388,n3388,1,167,5,2,1
n3389,n3389,1,167,5,2,2
n3390,n3390,1,167,5,2,3
n3391,n3391,1,167,5,2,4
n3392,n3392,1,167,5,2,5
n3393,n3393,1,167,5,2,6
n3394,n3394,1,167,5,2,7
n3395,n3395,1,167,5,2,8
n3396,n3396,1,167,5,2,9
n3397,n3397,1,167,5,2,10
n3398,n3398,1,167,5,2,11
n3399,n3399,1,167,5,2,12
n3400,n3400,1,168,1,1,1
n3401,n3401,1,168,1,1,2
n3402,n3402,1,168,1,1,3
n3403,n3403,1,168,1,1,4
n3404,n3404,1,168,1,1,5
n3405,n3405,1,168,1,1,6
n3406,n3406,1,168,1,1,7
n3407,n3407,1,168,1,1,8
n3408,n3408,1,168,1,1,9
n3409,n3409,1,168,5,2,1
n3410,n3410,1,168,5,2,2
n3411,n3411,1,168,5,2,3
n3412,n3412,1,168,5,2,4
n3413,n3413,1,168,5,2,5
n3414,n3414,1,168,5,2,6
n3415,n3415,1,168,5,2,7
n3416,n3416,1,168,5,2,8
n3417,n3417,1,168,5,2,9
n3418,n3418,1,168,5,2,10
n3419,n3419,1,168,5,2,11
n3420,n3420,1,168,5,2,12
n3421,n3421,1,169,1,1,1
n3422,n3422,1,169,1,1,2
n3423,n3423,1,169,1,1,3
n3424,n3424,1,169,1,1,4
n3425,n3425,1,169,1,1,5
n3426,n3426,1,169,1,1,6
n3427,n3427,1,169,1,1,7
n3428,n3428,1,169,1,1,8
n3429,n3429,1,169,5,2,1
n3430,n3430,1,169,5,2,2
n3431,n3431,1,169,5,2,3
n3432,n3432,1,169,5,2,4
n3433,n3433,1,169,5,2,5
n3434,n3434,1,169,5,2,6
n3435,n3435,1,169,5,2,7
n3436,n3436,1,169,5,2,8
n3437,n3437,1,169,5,2,9
n3438,n3438,1,169,5,2,10
n3439,n3439,1,169,5,2,11
n3440,n3440,1,169,5,2,12
n3441,n3441,1,170,1,1,1
n3442,n3442,1,170,1,1,2
n3443,n3443,1,170,1,1,3
n3444,n3444,1,170,1,1,4
n3445,n3445,1,170,1,1,5
n3446,n3446,1,170,1,1,6
n3447,n3447,1,170,1,1,7
n3448,n3448,1,170,1,1,8
n3449,n3449,1,170,1,1,9
n3450,n3450,1,170,1,1,10
n3451,n3451,1,170,1,1,11
n3452,n3452,1,170,1,1,12
n3453,n3453,1,170,1,1,13
n3454,n3454,1,170,1,1,14
n3455,n3455,1,170,1,1,15
n3456,n3456,1,170,1,1,16
n3457,n3457,1,170,1,1,17
n3458,n3458,1,170,1,1,18
n3459,n3459,1,170,5,2,1
n3460,n3460,1,170,5,2,2
n3461,n3461,1,170,5,2,3
n3462,n3462,1,170,5,2,4
n3463,n3463,1,170,5,2,5
n3464,n3464,1,170,5,2,6
n3465,n3465,1,170,5,2,7
n3466,n3466,1,170,5,2,8
n3467,n3467,1,170,5,2,9
n3468,n3468,1,170,5,2,10
n3469,n3469,1,170,5,2,11
n3470,n3470,1,170,5,2,12
n3471,n3471,1,171,1,1,1
n3472,n3472,1,171,1,1,2
n3473,n3473,1,171,1,1,3
n3474,n3474,1,171,1,1,4
n3475,n3475,1,171,1,1,5
n3476,n3476,1,171,1,1,6
n3477,n3477,1,171,1,1,7
n3478,n3478,1,171,1,1,8
n3479,n3479,1,171,1,1,9
n3480,n3480,1,171,1,1,10
n3481,n3481,1,171,1,1,11
n3482,n3482,1,171,1,1,12
n3483,n3483,1,171,1,1,13
n3484,n3484,1,171,1,1,14
n3485,n3485,1,171,1,1,15
n3486,n3486,1,171,1,1,16
n3487,n3487,1,171,1,1,17
n3488,n3488,1,171,1,1,18
n3489,n3489,1,171,5,2,1
n3490,n3490,1,171,5,2,2
n3491,n3491,1,171,5,2,3
n3492,n3492,1,171,5,2,4
n3493,n3493,1,171,5,2,5
n3494,n3494,1,171,5,2,6
n3495,n3495,1,171,5,2,7
n3496,n3496,1,171,5,2,8
n3497,n3497,1,171,5,2,9
n3498,n3498,1,171,5,2,10
n3499,n3499,1,171,5,2,11
n3500,n3500,1,171,5,2,12
n3501,n3501,1,172,1,1,1
n3502,n3502,1,172,1,1,2
n3503,n3503,1,172,1,1,3
n3504,n3504,1,172,1,1,4
n3505,n3505,1,172,1,1,5
n3506,n3506,1,172,1,1,6
n3507,n3507,1,172,1,1,7
n3508,n3508,1,172,1,1,8
n3509,n3509,1,172,1,1,9
n3510,n3510,1,172,1,1,10
n3511,n3511,1,172,1,1,11
n3512,n3512,1,172,1,1,12
n3513,n3513,1,172,1,1,13
n3514,n3514,1,172,1,1,14
n3515,n3515,1,172,1,1,15
n3516,n3516,1,172,1,1,16
n3517,n3517,1,172,1,1,17
n3518,n3518,1,172,5,2,1
n3519,n3519,1,172,5,2,2
n3520,n3520,1,172,5,2,3
n3521,n3521,1,172,5,2,4
n3522,n3522,1,172,5,2,5
n3523,n3523,1,172,5,2,6
n3524,n3524,1,172,5,2,7
n3525,n3525,1,172,5,2,8
n3526,n3526,1,172,5,2,9
n3527,n3527,1,172,5,2,10
n3528,n3528,1,172,5,2,11
n3529,n3529,1,172,5,2,12
n3530,n3530,1,173,1,1,1
n3531,n3531,1,173,1,1,2
n3532,n3532,1,173,1,1,3
n3533,n3533,1,173,1,1,4
n3534,n3534,1,173,1,1,5
n3535,n3535,1,173,1,1,6
n3536,n3536,1,173,1,1,7
n3537,n3537,1,173,1,1,8
n3538,n3538,1,173,1,1,9
n3539,n3539,1,173,1,1,10
n3540,n3540,1,173,1,1,11
n3541,n3541,1,173,1,1,12
n3542,n3542,1,173,1,1,13
n3543,n3543,1,173,5,2,1
n3544,n3544,1,173,5,2,2
n3545,n3545,1,173,5,2,3
n3546,n3546,1,173,5,2,4
n3547,n3547,1,173,5,2,5
n3548,n3548,1,173,5,2,6
n3549,n3549,1,173,5,2,7
n3550,n3550,1,173,5,2,8
n3551,n3551,1,173,5,2,9
n3552,n3552,1,173,5,2,10
n3553,n3553,1,173,5,2,11
n3554,n3554,1,173,5,2,12
n3555,n3555,1,174,1,1,1
n3556,n3556,1,174,1,1,2
n3557,n3557,1,174,1,1,3
n3558,n3558,1,174,2,1,1
n3559,n3559,1,174,2,1,2
n3560,n3560,1,174,2,1,3
n3561,n3561,1,174,2,1,4
n3562,n3562,1,174,2,1,5
n3563,n3563,1,174,2,1,6
n3564,n3564,1,174,2,1,7
n3565,n3565,1,174,2,1,8
n3566,n3566,1,174,2,1,9
n3567,n3567,1,174,2,1,10
n3568,n3568,1,174,2,1,11
n3569,n3569,1,174,5,2,1
n3570,n3570,1,174,5,2,2
n3571,n3571,1,174,5,2,3
n3572,n3572,1,174,5,2,4
n3573,n3573,1,174,5,2,5
n3574,n3574,1,174,5,2,6
n3575,n3575,1,174,5,2,7
n3576,n3576,1,174,5,2,8
n3577,n3577,1,174,5,2,9
n3578,n3578,1,174,5,2,10
n3579,n3579,1,174,5,2,11
n3580,n3580,1,174,5,2,12
n3581,n3581,1,175,1,1,1
r142,r142,1,175,1,1,2
r143,r143,1,175,1,1,3
n3582,n3582,1,175,1,1,4
n3583,n3583,1,175,1,1,5
n3584,n3584,1,175,1,1,6
n3585,n3585,1,175,1,1,7
n3586,n3586,1,175,1,1,8
n3587,n3587,1,175,1,1,9
n3588,n3588,1,175,2,1,1
n3589,n3589,1,175,5,2,1
n3590,n3590,1,175,5,2,2
n3591,n3591,1,175,5,2,3
n3592,n3592,1,175,5,2,4
n3593,n3593,1,175,5,2,5
n3594,n3594,1,175,5,2,6
n3595,n3595,1,175,5,2,7
n3596,n3596,1,175,5,2,8
n3597,n3597,1,175,5,2,9
n3598,n3598,1,175,5,2,10
n3599,n3599,1,175,5,2,11
n3600,n3600,1,175,5,2,12
n3601,n3601,1,176,1,1,1
n3602,n3602,1,176,1,1,2
n3603,n3603,1,176,1,1,3
n3604,n3604,1,176,1,1,4
n3605,n3605,1,176,1,1,5
n3606,n3606,1,176,1,1,6
n3607,n3607,1,176,1,1,7
n3608,n3608,1,176,1,1,8
n3609,n3609,1,176,1,1,9
n3610,n3610,1,176,5,2,1
n3611,n3611,1,176,5,2,2
n3612,n3612,1,176,5,2,3
n3613,n3613,1,176,5,2,4
n3614,n3614,1,176,5,2,5
n3615,n3615,1,176,5,2,6
n3616,n3616,1,176,5,2,7
n3617,n3617,1,176,5,2,8
n3618,n3618,1,176,5,2,9
n3619,n3619,1,176,5,2,10
n3620,n3620,1,176,5,2,11
n3621,n3621,1,176,5,2,12
n3622,n3622,1,177,1,1,1
n3623,n3623,1,177,1,1,2
n3624,n3624,1,177,1,1,3
n3625,n3625,1,177,1,1,4
n3626,n3626,1,177,1,1,5
n3627,n3627,1,177,1,1,6
n3628,n3628,1,177,1,1,7
n3629,n3629,1,177,1,1,8
n3630,n3630,1,177,1,1,9
n3631,n3631,1,177,5,2,1
n3632,n3632,1,177,5,2,2
n3633,n3633,1,177,5,2,3
n3634,n3634,1,177,5,2,4
n3635,n3635,1,177,5,2,5
n3636,n3636,1,177,5,2,6
n3637,n3637,1,177,5,2,7
n3638,n3638,1,177,5,2,8
n3639,n3639,1,177,5,2,9
n3640,n3640,1,177,5,2,10
n3641,n3641,1,177,5,2,11
n3642,n3642,1,177,5,2,12
n3643,n3643,1,178,1,1,1
n3644,n3644,1,178,1,1,2
r144,r144,1,178,1,1,3
n3645,n3645,1,178,1,1,4
n3646,n3646,1,178,1,1,5
n3647,n3647,1,178,2,1,1
r145,r145,1,178,2,1,2
n3648,n3648,1,178,2,1,3
n3649,n3649,1,178,5,2,1
n3650,n3650,1,178,5,2,2
n3651,n3651,1,178,5,2,3
n3652,n3652,1,178,5,2,4
n3653,n3653,1,178,5,2,5
n3654,n3654,1,178,5,2,6
n3655,n3655,1,178,5,2,7
n3656,n3656,1,178,5,2,8
n3657,n3657,1,178,5,2,9
n3658,n3658,1,178,5,2,10
n3659,n3659,1,178,5,2,11
n3660,n3660,1,178,5,2,12
n3661,n3661,1,179,1,1,1
n3662,n3662,1,179,1,1,2
n3663,n3663,1,179,1,1,3
n3664,n3664,1,179,1,1,4
n3665,n3665,1,179,1,1,5
n3666,n3666,1,179,1,1,6
n3667,n3667,1,179,1,1,7
n3668,n3668,1,179,1,1,8
n3669,n3669,1,179,1,1,9
n3670,n3670,1,179,2,1,1
n3671,n3671,1,179,2,1,2
n3672,n3672,1,179,2,1,3
n3673,n3673,1,179,2,1,4
n3674,n3674,1,179,2,1,5
n3675,n3675,1,179,2,1,6
n3676,n3676,1,179,2,1,7
n3677,n3677,1,179,5,2,1
n3678,n3678,1,179,5,2,2
n3679,n3679,1,179,5,2,3
n3680,n3680,1,179,5,2,4
n3681,n3681,1,179,5,2,5
n3682,n3682,1,179,5,2,6
n3683,n3683,1,179,5,2,7
n3684,n3684,1,179,5,2,8
n3685,n3685,1,179,5,2,9
n3686,n3686,1,179,5,2,10
n3687,n3687,1,179,5,2,11
n3688,n3688,1,179,5,2,12
n3689,n3689,1,180,1,1,1
r146,r146,1,180,1,1,2
r147,r147,1,180,1,1,3
r148,r148,1,180,1,1,4
n3690,n3690,1,180,1,1,5
n3691,n3691,1,180,1,1,6
n3692,n3692,1,180,1,1,7
n3693,n3693,1,180,1,1,8
n3694,n3694,1,180,1,1,9
n3695,n3695,1,180,2,1,1
r149,r149,1,180,2,1,2
r150,r150,1,180,2,1,3
r151,r151,1,180,2,1,4
r152,r152,1,180,2,1,5
n3696,n3696,1,180,5,2,1
n3697,n3697,1,180,5,2,2
n3698,n3698,1,180,5,2,3
n3699,n3699,1,180,5,2,4
n3700,n3700,1,180,5,2,5
n3701,n3701,1,180,5,2,6
n3702,n3702,1,180,5,2,7
n3703,n3703,1,180,5,2,8
n3704,n3704,1,180,5,2,9
n3705,n3705,1,180,5,2,10
n3706,n3706,1,180,5,2,11
n3707,n3707,1,180,5,2,12
n3708,n3708,1,181,1,1,1
n3709,n3709,1,181,1,1,2
n3710,n3710,1,181,1,1,3
n3711,n3711,1,181,1,1,4
n3712,n3712,1,181,1,1,5
n3713,n3713,1,181,1,1,6
n3714,n3714,1,181,1,1,7
n3715,n3715,1,181,1,1,8
n3716,n3716,1,181,5,2,1
n3717,n3717,1,181,5,2,2
n3718,n3718,1,181,5,2,3
n3719,n3719,1,181,5,2,4
n3720,n3720,1,181,5,2,5
n3721,n3721,1,181,5,2,6
n3722,n3722,1,181,5,2,7
n3723,n3723,1,181,5,2,8
n3724,n3724,1,181,5,2,9
n3725,n3725,1,181,5,2,10
n3726,n3726,1,181,5,2,11
n3727,n3727,1,181,5,2,12
n3728,n3728,1,182,1,1,1
n3729,n3729,1,182,1,1,2
n3730,n3730,1,182,1,1,3
n3731,n3731,1,182,1,1,4
n3732,n3732,1,182,1,1,5
n3733,n3733,1,182,1,1,6
n3734,n3734,1,182,1,1,7
n3735,n3735,1,182,1,1,8
n3736,n3736,1,182,5,2,1
n3737,n3737,1,182,5,2,2
n3738,n3738,1,182,5,2,3
n3739,n3739,1,182,5,2,4
n3740,n3740,1,182,5,2,5
n3741,n3741,1,182,5,2,6
n3742,n3742,1,182,5,2,7
n3743,n3743,1,182,5,2,8
n3744,n3744,1,182,5,2,9
n3745,n3745,1,182,5,2,10
n3746,n3746,1,182,5,2,11
n3747,n3747,1,182,5,2,12
n3748,n3748,1,183,1,1,1
r153,r153,1,183,1,1,2
n3749,n3749,1,183,1,1,3
n3750,n3750,1,183,1,1,4
n3751,n3751,1,183,1,1,5
n3752,n3752,1,183,1,1,6
n3753,n3753,1,183,1,1,7
n3754,n3754,1,183,1,1,8
n3755,n3755,1,183,1,1,9
n3756,n3756,1,183,1,1,10
n3757,n3757,1,183,1,1,11
r154,r154,1,183,2,1,1
n3758,n3758,1,183,2,1,2
n3759,n3759,1,183,2,1,3
n3760,n3760,1,183,5,2,1
n3761,n3761,1,183,5,2,2
n3762,n3762,1,183,5,2,3
n3763,n3763,1,183,5,2,4
n3764,n3764,1,183,5,2,5
n3765,n3765,1,183,5,2,6
n3766,n3766,1,183,5,2,7
n3767,n3767,1,183,5,2,8
n3768,n3768,1,183,5,2,9
n3769,n3769,1,183,5,2,10
n3770,n3770,1,183,5,2,11
n3771,n3771,1,183,5,2,12
n3772,n3772,1,184,1,1,1
n3773,n3773,1,184,1,1,2
n3774,n3774,1,184,1,1,3
n3775,n3775,1,184,1,1,4
n3776,n3776,1,184,1,1,5
n3777,n3777,1,184,1,1,6
n3778,n3778,1,184,1,1,7
n3779,n3779,1,184,1,1,8
n3780,n3780,1,184,1,1,9
n3781,n3781,1,184,1,1,10
n3782,n3782,1,184,5,2,1
n3783,n3783,1,184,5,2,2
n3784,n3784,1,184,5,2,3
n3785,n3785,1,184,5,2,4
n3786,n3786,1,184,5,2,5
n3787,n3787,1,184,5,2,6
n3788,n3788,1,184,5,2,7
n3789,n3789,1,184,5,2,8
n3790,n3790,1,184,5,2,9
n3791,n3791,1,184,5,2,10
n3792,n3792,1,184,5,2,11
n3793,n3793,1,184,5,2,12
n3794,n3794,1,185,1,1,1
n3795,n3795,1,185,1,1,2
n3796,n3796,1,185,1,1,3
n3797,n3797,1,185,1,1,4
n3798,n3798,1,185,1,1,5
n3799,n3799,1,185,1,1,6
n3800,n3800,1,185,1,1,7
n3801,n3801,1,185,1,1,8
n3802,n3802,1,185,1,1,9
n3803,n3803,1,185,1,1,10
n3804,n3804,1,185,1,1,11
n3805,n3805,1,185,5,2,1
n3806,n3806,1,185,5,2,2
n3807,n3807,1,185,5,2,3
n3808,n3808,1,185,5,2,4
n3809,n3809,1,185,5,2,5
n3810,n3810,1,185,5,2,6
n3811,n3811,1,185,5,2,7
n3812,n3812,1,185,5,2,8
n3813,n3813,1,185,5,2,9
n3814,n3814,1,185,5,2,10
n3815,n3815,1,185,5,2,11
n3816,n3816,1,185,5,2,12
n3817,n3817,1,186,1,1,1
n3818,n3818,1,186,1,1,2
n3819,n3819,1,186,1,1,3
n3820,n3820,1,186,1,1,4
n3821,n3821,1,186,1,1,5
n3822,n3822,1,186,1,1,6
n3823,n3823,1,186,1,1,7
n3824,n3824,1,186,1,1,8
n3825,n3825,1,186,1,1,9
n3826,n3826,1,186,1,1,10
n3827,n3827,1,186,1,1,11
n3828,n3828,1,186,5,2,1
n3829,n3829,1,186,5,2,2
n3830,n3830,1,186,5,2,3
n3831,n3831,1,186,5,2,4
n3832,n3832,1,186,5,2,5
n3833,n3833,1,186,5,2,6
n3834,n3834,1,186,5,2,7
n3835,n3835,1,186,5,2,8
n3836,n3836,1,186,5,2,9
n3837,n3837,1,186,5,2,10
n3838,n3838,1,186,5,2,11
n3839,n3839,1,186,5,2,12
n3840,n3840,1,187,1,1,1
r155,r155,1,187,1,1,2
n3841,n3841,1,187,1,1,3
n3842,n3842,1,187,1,1,4
n3843,n3843,1,187,1,1,5
n3844,n3844,1,187,1,1,6
n3845,n3845,1,187,1,1,7
n3846,n3846,1,187,1,1,8
n3847,n3847,1,187,1,1,9
n3848,n3848,1,187,1,1,10
n3849,n3849,1,187,1,1,11
r156,r156,1,187,2,1,1
n3850,n3850,1,187,2,1,2
n3851,n3851,1,187,2,1,3
n3852,n3852,1,187,5,2,1
n3853,n3853,1,187,5,2,2
n3854,n3854,1,187,5,2,3
n3855,n3855,1,187,5,2,4
n3856,n3856,1,187,5,2,5
n3857,n3857,1,187,5,2,6
n3858,n3858,1,187,5,2,7
n3859,n3859,1,187,5,2,8
n3860,n3860,1,187,5,2,9
n3861,n3861,1,187,5,2,10
n3862,n3862,1,187,5,2,11
n3863,n3863,1,187,5,2,12
n3864,n3864,1,188,1,1,1
n3865,n3865,1,188,1,1,2
n3866,n3866,1,188,1,1,3
n3867,n3867,1,188,1,1,4
n3868,n3868,1,188,1,1,5
n3869,n3869,1,188,1,1,6
n3870,n3870,1,188,1,1,7
n3871,n3871,1,188,5,2,1
n3872,n3872,1,188,5,2,2
n3873,n3873,1,188,5,2,3
n3874,n3874,1,188,5,2,4
n3875,n3875,1,188,5,2,5
n3876,n3876,1,188,5,2,6
n3877,n3877,1,188,5,2,7
n3878,n3878,1,188,5,2,8
n3879,n3879,1,188,5,2,9
n3880,n3880,1,188,5,2,10
n3881,n3881,1,188,5,2,11
n3882,n3882,1,188,5,2,12
n3883,n3883,1,189,1,1,1
n3884,n3884,1,189,1,1,2
n3885,n3885,1,189,1,1,3
n3886,n3886,1,189,1,1,4
n3887,n3887,1,189,1,1,5
n3888,n3888,1,189,1,1,6
n3889,n3889,1,189,1,1,7
n3890,n3890,1,189,5,2,1
n3891,n3891,1,189,5,2,2
n3892,n3892,1,189,5,2,3
n3893,n3893,1,189,5,2,4
n3894,n3894,1,189,5,2,5
n3895,n3895,1,189,5,2,6
n3896,n3896,1,189,5,2,7
n3897,n3897,1,189,5,2,8
n3898,n3898,1,189,5,2,9
n3899,n3899,1,189,5,2,10
n3900,n3900,1,189,5,2,11
n3901,n3901,1,189,5,2,12
n3902,n3902,1,190,1,1,1
n3903,n3903,1,190,1,1,2
n3904,n3904,1,190,1,1,3
n3905,n3905,1,190,1,1,4
n3906,n3906,1,190,1,1,5
n3907,n3907,1,190,1,1,6
n3908,n3908,1,190,1,1,7
n3909,n3909,1,190,5,2,1
n3910,n3910,1,190,5,2,2
n3911,n3911,1,190,5,2,3
n3912,n3912,1,190,5,2,4
n3913,n3913,1,190,5,2,5
n3914,n3914,1,190,5,2,6
n3915,n3915,1,190,5,2,7
n3916,n3916,1,190,5,2,8
n3917,n3917,1,190,5,2,9
n3918,n3918,1,190,5,2,10
n3919,n3919,1,190,5,2,11
n3920,n3920,1,190,5,2,12
n3921,n3921,1,191,1,1,1
n3922,n3922,1,191,1,1,2
n3923,n3923,1,191,1,1,3
n3924,n3924,1,191,1,1,4
n3925,n3925,1,191,1,1,5
n3926,n3926,1,191,1,1,6
n3927,n3927,1,191,1,1,7
n3928,n3928,1,191,5,2,1
n3929,n3929,1,191,5,2,2
n3930,n3930,1,191,5,2,3
n3931,n3931,1,191,5,2,4
n3932,n3932,1,191,5,2,5
n3933,n3933,1,191,5,2,6
n3934,n3934,1,191,5,2,7
n3935,n3935,1,191,5,2,8
n3936,n3936,1,191,5,2,9
n3937,n3937,1,191,5,2,10
n3938,n3938,1,191,5,2,11
n3939,n3939,1,191,5,2,12
n3940,n3940,1,192,1,1,1
n3941,n3941,1,192,1,1,2
n3942,n3942,1,192,1,1,3
n3943,n3943,1,192,1,1,4
n3944,n3944,1,192,1,1,5
n3945,n3945,1,192,1,1,6
n3946,n3946,1,192,1,1,7
n3947,n3947,1,192,1,1,8
n3948,n3948,1,192,1,1,9
n3949,n3949,1,192,1,1,10
n3950,n3950,1,192,1,1,11
n3951,n3951,1,192,1,1,12
n3952,n3952,1,192,5,2,1
n3953,n3953,1,192,5,2,2
n3954,n3954,1,192,5,2,3
n3955,n3955,1,192,5,2,4
n3956,n3956,1,192,5,2,5
n3957,n3957,1,193,1,1,1
n3958,n3958,1,193,1,1,2
n3959,n3959,1,193,1,1,3
n3960,n3960,1,193,1,1,4
n3961,n3961,1,193,1,1,5
n3962,n3962,1,193,1,1,6
n3963,n3963,1,193,1,1,7
n3964,n3964,1,193,1,1,8
n3965,n3965,1,193,1,1,9
n3966,n3966,1,193,1,1,10
n3967,n3967,1,193,1,1,11
n3968,n3968,1,193,1,1,12
n3969,n3969,1,193,5,2,1
n3970,n3970,1,194,1,1,1
r157,r157,1,194,1,1,2
n3971,n3971,1,194,1,1,3
n3972,n3972,1,194,1,1,4
n3973,n3973,1,194,1,1,5
n3974,n3974,1,194,1,1,6
n3975,n3975,1,194,1,1,7
n3976,n3976,1,194,2,1,1
n3977,n3977,1,194,2,1,2
n3978,n3978,1,194,3,1,1
n3979,n3979,1,194,4,1,1
n3980,n3980,1,194,5,2,1
n3981,n3981,1,194,5,2,2
n3982,n3982,1,194,5,2,3
n3983,n3983,1,194,5,2,4
n3984,n3984,1,194,5,2,5
n3985,n3985,1,194,5,2,6
n3986,n3986,1,195,1,1,1
n3987,n3987,1,195,1,1,2
r158,r158,1,195,2,1,1
n3988,n3988,1,195,2,1,2
n3989,n3989,1,195,2,1,3
n3990,n3990,1,195,2,1,4
n3991,n3991,1,195,2,1,5
r159,r159,1,195,2,1,6
n3992,n3992,1,195,2,1,7
n3993,n3993,1,195,2,1,8
r160,r160,1,195,5,2,1
n3994,n3994,1,195,5,2,2
n3995,n3995,1,195,5,2,3
n3996,n3996,1,195,5,2,4
r161,r161,1,195,6,2,1
n3997,n3997,1,195,6,2,2
n3998,n3998,1,195,6,2,3
n3999,n3999,1,195,6,2,4
n4000,n4000,1,195,6,2,5
n4001,n4001,1,196,1,1,1
r162,r162,1,196,1,1,2
n4002,n4002,1,196,1,1,3
n4003,n4003,1,196,1,1,4
n4004,n4004,1,196,1,1,5
n4005,n4005,1,196,1,1,6
n4006,n4006,1,196,1,1,7
r163,r163,1,196,2,1,1
n4007,n4007,1,196,2,1,2
n4008,n4008,1,196,2,1,3
n4009,n4009,1,196,2,1,4
n4010,n4010,1,196,2,1,5
n4011,n4011,1,196,2,1,6
n4012,n4012,1,196,2,1,7
n4013,n4013,1,196,3,1,1
n4014,n4014,1,196,4,1,1
n4015,n4015,1,196,5,2,1
r164,r164,1,196,5,2,2
n4016,n4016,1,196,5,2,3
n4017,n4017,1,196,5,2,4
r165,r165,1,196,6,2,1
n4018,n4018,1,196,6,2,2
n4019,n4019,1,196,6,2,3
n4020,n4020,1,196,6,2,4
n4021,n4021,1,196,6,2,5
n4022,n4022,1,197,1,1,1
n4023,n4023,1,197,1,1,2
r166,r166,1,197,2,1,1
n4024,n4024,1,197,2,1,2
n4025,n4025,1,197,2,1,3
n4026,n4026,1,197,2,1,4
n4027,n4027,1,197,2,1,5
r167,r167,1,197,2,1,6
n4028,n4028,1,197,2,1,7
n4029,n4029,1,197,2,1,8
n4030,n4030,1,197,2,1,9
n4031,n4031,1,197,2,1,10
n4032,n4032,1,197,2,1,11
n4033,n4033,1,197,2,1,12
n4034,n4034,1,197,5,2,1
n4035,n4035,1,197,5,2,2
n4036,n4036,1,197,5,2,3
n4037,n4037,1,197,5,2,4
n4038,n4038,1,197,5,2,5
n4039,n4039,1,197,5,2,6
n4040,n4040,1,198,1,1,1
r168,r168,1,198,1,1,2
n4041,n4041,1,198,1,1,3
n4042,n4042,1,198,1,1,4
n4043,n4043,1,198,1,1,5
n4044,n4044,1,198,1,1,6
n4045,n4045,1,198,1,1,7
r169,r169,1,198,2,1,1
n4046,n4046,1,198,2,1,2
n4047,n4047,1,198,2,1,3
n4048,n4048,1,198,2,1,4
n4049,n4049,1,198,2,1,5
n4050,n4050,1,198,2,1,6
n4051,n4051,1,198,2,1,7
n4052,n4052,1,198,2,1,8
n4053,n4053,1,198,2,1,9
n4054,n4054,1,198,3,1,1
n4055,n4055,1,198,4,1,1
n4056,n4056,1,198,5,2,1
n4057,n4057,1,198,5,2,2
n4058,n4058,1,198,5,2,3
n4059,n4059,1,198,5,2,4
n4060,n4060,1,198,5,2,5
n4061,n4061,1,198,5,2,6
n4062,n4062,1,199,1,1,1
n4063,n4063,1,199,1,1,2
r170,r170,1,199,2,1,1
n4064,n4064,1,199,2,1,2
n4065,n4065,1,199,2,1,3
n4066,n4066,1,199,2,1,4
n4067,n4067,1,199,2,1,5
r171,r171,1,199,2,1,6
n4068,n4068,1,199,2,1,7
n4069,n4069,1,199,2,1,8
n4070,n4070,1,199,2,1,9
n4071,n4071,1,199,2,1,10
r172,r172,1,199,5,2,1
n4072,n4072,1,199,5,2,2
n4073,n4073,1,199,5,2,3
n4074,n4074,1,199,5,2,4
r173,r173,1,199,6,2,1
n4075,n4075,1,199,6,2,2
n4076,n4076,1,199,6,2,3
n4077,n4077,1,199,6,2,4
n4078,n4078,1,199,6,2,5
n4079,n4079,1,199,6,2,6
n4080,n4080,1,199,6,2,7
n4081,n4081,1,200,1,1,1
r174,r174,1,200,1,1,2
n4082,n4082,1,200,1,1,3
n4083,n4083,1,200,1,1,4
n4084,n4084,1,200,1,1,5
n4085,n4085,1,200,1,1,6
n4086,n4086,1,200,1,1,7
r175,r175,1,200,2,1,1
n4087,n4087,1,200,2,1,2
n4088,n4088,1,200,2,1,3
n4089,n4089,1,200,2,1,4
n4090,n4090,1,200,2,1,5
n4091,n4091,1,200,2,1,6
n4092,n4092,1,200,4,1,1
n4093,n4093,1,200,5,2,1
r176,r176,1,200,5,2,2
r177,r177,1,200,6,2,1
n4094,n4094,1,200,6,2,2
n4095,n4095,1,200,6,2,3
n4096,n4096,1,200,6,2,4
n4097,n4097,1,200,6,2,5
n4098,n4098,1,200,6,2,6
n4099,n4099,1,200,6,2,7
r178,r178,1,200,6,2,8
n4100,n4100,1,200,6,2,9
n4101,n4101,1,200,6,2,10
n4102,n4102,1,201,1,1,1
n4103,n4103,1,201,1,1,2
r179,r179,1,201,2,1,1
n4104,n4104,1,201,2,1,2
n4105,n4105,1,201,2,1,3
n4106,n4106,1,201,2,1,4
n4107,n4107,1,201,2,1,5
n4108,n4108,1,201,2,1,6
n4109,n4109,1,201,2,1,7
r180,r180,1,201,2,1,8
n4110,n4110,1,201,2,1,9
n4111,n4111,1,201,2,1,10
n4112,n4112,1,201,2,1,11
n4113,n4113,1,201,2,1,12
n4114,n4114,1,201,2,1,13
n4115,n4115,1,201,2,1,14
r181,r181,1,201,5,2,1
n4116,n4116,1,201,5,2,2
r182,r182,1,201,6,2,1
n4117,n4117,1,201,6,2,2
n4118,n4118,1,201,6,2,3
r183,r183,1,201,6,2,4
n4119,n4119,1,201,6,2,5
n4120,n4120,1,201,6,2,6
n4121,n4121,1,201,6,2,7
n4122,n4122,1,201,6,2,8
n4123,n4123,1,201,6,2,9
n4124,n4124,1,201,6,2,10
n4125,n4125,1,202,1,1,1
n4126,n4126,1,202,1,1,2
r184,r184,1,202,1,1,3
n4127,n4127,1,202,1,1,4
r185,r185,1,202,2,1,1
n4128,n4128,1,202,2,1,2
n4129,n4129,1,202,2,1,3
n4130,n4130,1,202,2,1,4
n4131,n4131,1,202,2,1,5
n4132,n4132,1,202,2,1,6
n4133,n4133,1,202,2,1,7
r186,r186,1,202,2,1,8
n4134,n4134,1,202,2,1,9
n4135,n4135,1,202,2,1,10
n4136,n4136,1,202,2,1,11
r187,r187,1,202,2,1,12
n4137,n4137,1,202,5,2,1
n4138,n4138,1,202,5,2,2
r188,r188,1,202,5,2,3
n4139,n4139,1,202,5,2,4
r189,r189,1,202,6,2,1
n4140,n4140,1,202,6,2,2
n4141,n4141,1,202,6,2,3
n4142,n4142,1,202,6,2,4
n4143,n4143,1,202,6,2,5
n4144,n4144,1,202,6,2,6
n4145,n4145,1,202,6,2,7
r190,r190,1,202,6,2,8
n4146,n4146,1,202,6,2,9
n4147,n4147,1,202,6,2,10
n4148,n4148,1,202,6,2,11
r191,r191,1,202,6,2,12
n4149,n4149,1,203,1,1,1
n4150,n4150,1,203,1,1,2
r192,r192,1,203,1,1,3
n4151,n4151,1,203,1,1,4
r193,r193,1,203,2,1,1
n4152,n4152,1,203,2,1,2
n4153,n4153,1,203,2,1,3
n4154,n4154,1,203,2,1,4
n4155,n4155,1,203,2,1,5
n4156,n4156,1,203,2,1,6
n4157,n4157,1,203,2,1,7
r194,r194,1,203,2,1,8
n4158,n4158,1,203,2,1,9
n4159,n4159,1,203,2,1,10
n4160,n4160,1,203,2,1,11
r195,r195,1,203,2,1,12
n4161,n4161,1,203,5,2,1
n4162,n4162,1,203,5,2,2
r196,r196,1,203,5,2,3
n4163,n4163,1,203,5,2,4
r197,r197,1,203,6,2,1
n4164,n4164,1,203,6,2,2
n4165,n4165,1,203,6,2,3
n4166,n4166,1,203,6,2,4
n4167,n4167,1,203,6,2,5
n4168,n4168,1,203,6,2,6
n4169,n4169,1,203,6,2,7
r198,r198,1,203,6,2,8
n4170,n4170,1,203,6,2,9
n4171,n4171,1,203,6,2,10
n4172,n4172,1,203,6,2,11
r199,r199,1,203,6,2,12
n4173,n4173,1,204,1,1,1
n4174,n4174,1,204,1,1,2
r200,r200,1,204,1,1,3
n4175,n4175,1,204,1,1,4
r201,r201,1,204,2,1,1
n4176,n4176,1,204,2,1,2
n4177,n4177,1,204,2,1,3
n4178,n4178,1,204,2,1,4
n4179,n4179,1,204,2,1,5
n4180,n4180,1,204,2,1,6
n4181,n4181,1,204,2,1,7
r202,r202,1,204,2,1,8
n4182,n4182,1,204,2,1,9
n4183,n4183,1,204,2,1,10
n4184,n4184,1,204,2,1,11
r203,r203,1,204,2,1,12
n4185,n4185,1,204,5,2,1
n4186,n4186,1,204,5,2,2
r204,r204,1,204,5,2,3
n4187,n4187,1,204,5,2,4
r205,r205,1,204,6,2,1
n4188,n4188,1,204,6,2,2
n4189,n4189,1,204,6,2,3
n4190,n4190,1,204,6,2,4
n4191,n4191,1,204,6,2,5
n4192,n4192,1,204,6,2,6
n4193,n4193,1,204,6,2,7
r206,r206,1,204,6,2,8
n4194,n4194,1,204,6,2,9
n4195,n4195,1,204,6,2,10
n4196,n4196,1,204,6,2,11
r207,r207,1,204,6,2,12
n4197,n4197,1,205,1,1,1
n4198,n4198,1,205,1,1,2
n4199,n4199,1,205,1,1,3
r208,r208,1,205,2,1,1
n4200,n4200,1,205,2,1,2
n4201,n4201,1,205,2,1,3
n4202,n4202,1,205,2,1,4
n4203,n4203,1,205,2,1,5
n4204,n4204,1,205,2,1,6
n4205,n4205,1,205,2,1,7
r209,r209,1,205,2,1,8
n4206,n4206,1,205,2,1,9
n4207,n4207,1,205,2,1,10
n4208,n4208,1,205,2,1,11
r210,r210,1,205,2,1,12
n4209,n4209,1,205,5,2,1
n4210,n4210,1,205,5,2,2
n4211,n4211,1,205,5,1,1
r211,r211,1,205,6,2,1
n4212,n4212,1,205,6,2,2
n4213,n4213,1,205,6,2,3
n4214,n4214,1,205,6,2,4
n4215,n4215,1,205,6,2,5
n4216,n4216,1,205,6,2,6
n4217,n4217,1,205,6,2,7
r212,r212,1,205,6,2,8
n4218,n4218,1,205,6,2,9
n4219,n4219,1,205,6,2,10
n4220,n4220,1,205,6,2,11
r213,r213,1,205,6,2,12
n4221,n4221,1,206,1,1,1
n4222,n4222,1,206,1,1,2
n4223,n4223,1,206,1,1,3
n4224,n4224,1,206,1,1,4
n4225,n4225,1,206,1,1,5
n4226,n4226,1,206,1,1,6
n4227,n4227,1,206,1,1,7
n4228,n4228,1,206,1,1,8
n4229,n4229,1,206,1,1,9
n4230,n4230,1,206,1,1,10
n4231,n4231,1,206,1,1,11
n4232,n4232,1,206,1,1,12
n4233,n4233,1,206,1,1,13
n4234,n4234,1,206,1,1,14
n4235,n4235,1,206,1,1,15
n4236,n4236,1,206,1,1,16
n4237,n4237,1,206,1,1,17
n4238,n4238,1,206,1,1,18
n4239,n4239,1,206,1,1,19
n4240,n4240,1,206,1,1,20
r214,r214,1,206,1,1,21
n4241,n4241,1,206,1,1,22
n4242,n4242,1,206,1,1,23
n4243,n4243,1,206,5,2,1
n4244,n4244,1,206,5,2,2
n4245,n4245,1,206,5,2,3
n4246,n4246,1,206,5,2,4
n4247,n4247,1,206,5,2,5
n4248,n4248,1,206,5,2,6
n4249,n4249,1,206,5,2,7
n4250,n4250,1,206,5,2,8
n4251,n4251,1,206,5,2,9
n4252,n4252,1,206,5,2,10
n4253,n4253,1,206,5,2,11
n4254,n4254,1,206,5,2,12
n4255,n4255,1,207,1,1,1
n4256,n4256,1,207,1,1,2
n4257,n4257,1,207,1,1,3
n4258,n4258,1,207,1,1,4
n4259,n4259,1,207,1,1,5
n4260,n4260,1,207,1,1,6
n4261,n4261,1,207,1,1,7
n4262,n4262,1,207,1,1,8
n4263,n4263,1,207,1,1,9
n4264,n4264,1,207,1,1,10
n4265,n4265,1,207,1,1,11
n4266,n4266,1,207,1,1,12
n4267,n4267,1,207,1,1,13
n4268,n4268,1,207,1,1,14
n4269,n4269,1,207,1,1,15
n4270,n4270,1,207,1,1,16
n4271,n4271,1,207,1,1,17
n4272,n4272,1,207,1,1,18
n4273,n4273,1,207,1,1,19
n4274,n4274,1,207,1,1,20
n4275,n4275,1,207,1,1,21
n4276,n4276,1,207,1,1,22
n4277,n4277,1,207,1,1,23
n4278,n4278,1,207,1,1,24
n4279,n4279,1,207,1,1,25
n4280,n4280,1,207,1,1,26
n4281,n4281,1,207,1,1,27
n4282,n4282,1,207,1,1,28
n4283,n4283,1,207,1,1,29
n4284,n4284,1,207,1,1,30
n4285,n4285,1,207,1,1,31
n4286,n4286,1,207,1,1,32
n4287,n4287,1,207,1,1,33
n4288,n4288,1,207,1,1,34
n4289,n4289,1,207,1,1,35
n4290,n4290,1,207,1,1,36
n4291,n4291,1,207,5,2,1
n4292,n4292,1,207,5,2,2
n4293,n4293,1,207,5,2,3
n4294,n4294,1,207,5,2,4
n4295,n4295,1,207,5,2,5
n4296,n4296,1,207,5,2,6
n4297,n4297,1,207,5,2,7
n4298,n4298,1,207,5,2,8
n4299,n4299,1,207,5,2,9
n4300,n4300,1,207,5,2,10
n4301,n4301,1,207,5,2,11
n4302,n4302,1,207,5,2,12
n4303,n4303,1,207,5,2,13
n4304,n4304,1,207,5,2,14
n4305,n4305,1,207,5,2,15
n4306,n4306,1,207,5,2,16
n4307,n4307,1,207,5,2,17
n4308,n4308,1,208,1,1,1
n4309,n4309,1,208,1,1,2
n4310,n4310,1,208,1,1,3
n4311,n4311,1,208,1,1,4
n4312,n4312,1,208,1,1,5
n4313,n4313,1,208,1,1,6
n4314,n4314,1,208,1,1,7
n4315,n4315,1,208,1,1,8
n4316,n4316,1,208,1,1,9
n4317,n4317,1,208,1,1,10
n4318,n4318,1,208,1,1,11
n4319,n4319,1,208,1,1,12
n4320,n4320,1,208,1,1,13
n4321,n4321,1,208,1,1,14
n4322,n4322,1,208,1,1,15
n4323,n4323,1,208,5,2,1
n4324,n4324,1,208,5,2,2
n4325,n4325,1,208,5,2,3
n4326,n4326,1,208,5,2,4
n4327,n4327,1,208,5,2,5
n4328,n4328,1,208,5,2,6
n4329,n4329,1,208,5,2,7
n4330,n4330,1,209,1,1,1
n4331,n4331,1,209,1,1,2
n4332,n4332,1,209,1,1,3
n4333,n4333,1,209,1,1,4
n4334,n4334,1,209,1,1,5
n4335,n4335,1,209,1,1,6
n4336,n4336,1,209,1,1,7
n4337,n4337,1,209,1,1,8
n4338,n4338,1,209,1,1,9
n4339,n4339,1,209,1,1,10
n4340,n4340,1,209,1,1,11
n4341,n4341,1,209,1,1,12
n4342,n4342,1,209,1,1,13
n4343,n4343,1,209,1,1,14
n4344,n4344,1,209,1,1,15
n4345,n4345,1,209,1,1,16
n4346,n4346,1,209,5,2,1
n4347,n4347,1,209,5,2,2
n4348,n4348,1,209,5,2,3
n4349,n4349,1,209,5,2,4
n4350,n4350,1,209,5,2,5
n4351,n4351,1,209,5,2,6
n4352,n4352,1,209,5,2,7
n4353,n4353,1,209,5,2,8
n4354,n4354,1,210,1,1,1
n4355,n4355,1,210,1,1,2
n4356,n4356,1,210,1,1,3
n4357,n4357,1,210,1,1,4
n4358,n4358,1,210,1,1,5
n4359,n4359,1,210,1,1,6
n4360,n4360,1,210,1,1,7
n4361,n4361,1,210,1,1,8
n4362,n4362,1,210,1,1,9
n4363,n4363,1,210,1,1,10
n4364,n4364,1,210,1,1,11
n4365,n4365,1,210,1,1,12
n4366,n4366,1,210,1,1,13
n4367,n4367,1,210,1,1,14
n4368,n4368,1,210,5,2,1
n4369,n4369,1,210,5,2,2
n4370,n4370,1,210,5,2,3
n4371,n4371,1,210,5,2,4
n4372,n4372,1,210,5,2,5
n4373,n4373,1,210,5,2,6
n4374,n4374,1,210,5,2,7
n4375,n4375,1,210,5,2,8
n4376,n4376,1,211,1,1,1
n4377,n4377,1,211,1,1,2
n4378,n4378,1,211,1,1,3
n4379,n4379,1,211,1,1,4
n4380,n4380,1,211,1,1,5
n4381,n4381,1,211,1,1,6
n4382,n4382,1,211,1,1,7
n4383,n4383,1,211,1,1,8
n4384,n4384,1,211,1,1,9
n4385,n4385,1,211,1,1,10
n4386,n4386,1,211,1,1,11
n4387,n4387,1,211,1,1,12
n4388,n4388,1,211,5,2,1
n4389,n4389,1,211,5,2,2
n4390,n4390,1,211,5,2,3
n4391,n4391,1,211,5,2,4
n4392,n4392,1,211,5,2,5
n4393,n4393,1,211,5,2,6
n4394,n4394,1,211,5,2,7
n4395,n4395,1,211,5,2,8
n4396,n4396,1,212,1,1,1
n4397,n4397,1,212,1,1,2
n4398,n4398,1,212,1,1,3
n4399,n4399,1,212,1,1,4
n4400,n4400,1,212,1,1,5
n4401,n4401,1,212,1,1,6
n4402,n4402,1,212,1,1,7
n4403,n4403,1,212,1,1,8
n4404,n4404,1,212,1,1,9
n4405,n4405,1,212,1,1,10
n4406,n4406,1,212,1,1,11
n4407,n4407,1,212,1,1,12
n4408,n4408,1,212,1,1,13
n4409,n4409,1,212,1,1,14
n4410,n4410,1,212,1,1,15
n4411,n4411,1,212,1,1,16
n4412,n4412,1,212,5,2,1
n4413,n4413,1,212,5,2,2
n4414,n4414,1,212,5,2,3
n4415,n4415,1,212,5,2,4
n4416,n4416,1,212,5,2,5
n4417,n4417,1,212,5,2,6
n4418,n4418,1,212,5,2,7
n4419,n4419,1,212,5,2,8
n4420,n4420,1,213,1,1,1
n4421,n4421,1,213,1,1,2
n4422,n4422,1,213,1,1,3
n4423,n4423,1,213,1,1,4
n4424,n4424,1,213,1,1,5
n4425,n4425,1,213,1,1,6
n4426,n4426,1,213,1,1,7
n4427,n4427,1,213,1,1,8
n4428,n4428,1,213,1,1,9
n4429,n4429,1,213,1,1,10
n4430,n4430,1,213,1,1,11
n4431,n4431,1,213,1,1,12
n4432,n4432,1,213,1,1,13
n4433,n4433,1,213,1,1,14
n4434,n4434,1,213,1,1,15
n4435,n4435,1,213,1,1,16
n4436,n4436,1,213,5,2,1
n4437,n4437,1,213,5,2,2
n4438,n4438,1,213,5,2,3
n4439,n4439,1,213,5,2,4
n4440,n4440,1,213,5,2,5
n4441,n4441,1,213,5,2,6
n4442,n4442,1,213,5,2,7
n4443,n4443,1,213,5,2,8
n4444,n4444,1,214,1,1,1
n4445,n4445,1,214,1,1,2
n4446,n4446,1,214,1,1,3
n4447,n4447,1,214,1,1,4
n4448,n4448,1,214,1,1,5
n4449,n4449,1,214,1,1,6
n4450,n4450,1,214,1,1,7
n4451,n4451,1,214,1,1,8
n4452,n4452,1,214,1,1,9
n4453,n4453,1,214,1,1,10
n4454,n4454,1,214,1,1,11
n4455,n4455,1,214,1,1,12
n4456,n4456,1,214,1,1,13
n4457,n4457,1,214,1,1,14
n4458,n4458,1,214,5,2,1
n4459,n4459,1,214,5,2,2
n4460,n4460,1,214,5,2,3
n4461,n4461,1,214,5,2,4
n4462,n4462,1,214,5,2,5
n4463,n4463,1,214,5,2,6
n4464,n4464,1,214,5,2,7
n4465,n4465,1,214,5,2,8
n4466,n4466,1,215,1,1,1
n4467,n4467,1,215,1,1,2
n4468,n4468,1,215,1,1,3
n4469,n4469,1,215,1,1,4
n4470,n4470,1,215,1,1,5
n4471,n4471,1,215,1,1,6
n4472,n4472,1,215,1,1,7
n4473,n4473,1,215,1,1,8
n4474,n4474,1,215,1,1,9
n4475,n4475,1,215,1,1,10
n4476,n4476,1,215,1,1,11
n4477,n4477,1,215,1,1,12
n4478,n4478,1,215,5,2,1
n4479,n4479,1,215,5,2,2
n4480,n4480,1,215,5,2,3
n4481,n4481,1,215,5,2,4
n4482,n4482,1,215,5,2,5
n4483,n4483,1,215,5,2,6
n4484,n4484,1,215,5,2,7
n4485,n4485,1,215,5,2,8
n4486,n4486,1,216,1,1,1
n4487,n4487,1,216,1,1,2
n4488,n4488,1,216,1,1,3
n4489,n4489,1,216,1,1,4
n4490,n4490,1,216,1,1,5
n4491,n4491,1,216,1,1,6
n4492,n4492,1,216,1,1,7
n4493,n4493,1,216,1,1,8
n4494,n4494,1,216,1,1,9
n4495,n4495,1,216,1,1,10
n4496,n4496,1,216,2,1,1
n4497,n4497,1,216,2,1,2
n4498,n4498,1,216,2,1,3
n4499,n4499,1,216,2,1,4
n4500,n4500,1,216,2,1,5
n4501,n4501,1,216,5,2,1
n4502,n4502,1,216,5,2,2
n4503,n4503,1,216,5,2,3
n4504,n4504,1,216,5,2,4
n4505,n4505,1,216,6,2,1
n4506,n4506,1,216,6,2,2
n4507,n4507,1,217,1,1,1
n4508,n4508,1,217,1,1,2
n4509,n4509,1,217,1,1,3
n4510,n4510,1,217,1,1,4
n4511,n4511,1,217,1,1,5
n4512,n4512,1,217,1,1,6
n4513,n4513,1,217,1,1,7
n4514,n4514,1,217,1,1,8
n4515,n4515,1,217,1,1,9
n4516,n4516,1,217,1,1,10
n4517,n4517,1,217,1,1,11
n4518,n4518,1,217,1,1,12
n4519,n4519,1,217,2,1,1
n4520,n4520,1,217,2,1,2
n4521,n4521,1,217,5,2,1
n4522,n4522,1,217,5,2,2
n4523,n4523,1,217,5,2,3
n4524,n4524,1,217,5,2,4
n4525,n4525,1,217,5,2,5
n4526,n4526,1,217,5,2,6
n4527,n4527,1,217,5,2,7
n4528,n4528,1,217,5,2,8
n4529,n4529,1,218,1,1,1
n4530,n4530,1,218,1,1,2
n4531,n4531,1,218,1,1,3
n4532,n4532,1,218,1,1,4
n4533,n4533,1,218,1,1,5
n4534,n4534,1,218,1,1,6
n4535,n4535,1,218,1,1,7
n4536,n4536,1,218,1,1,8
n4537,n4537,1,218,1,1,9
n4538,n4538,1,218,1,1,10
n4539,n4539,1,218,1,1,11
n4540,n4540,1,218,1,1,12
n4541,n4541,1,218,3,1,1
n4542,n4542,1,218,3,1,2
n4543,n4543,1,218,3,1,3
r215,r215,1,218,5,2,1
n4544,n4544,1,218,5,2,2
n4545,n4545,1,218,5,2,3
n4546,n4546,1,218,5,2,4
n4547,n4547,1,218,5,2,5
n4548,n4548,1,218,6,2,1
n4549,n4549,1,219,1,1,1
n4550,n4550,1,219,1,1,2
n4551,n4551,1,219,1,1,3
n4552,n4552,1,219,1,1,4
n4553,n4553,1,219,1,1,5
n4554,n4554,1,219,1,1,6
n4555,n4555,1,219,1,1,7
n4556,n4556,1,219,1,1,8
n4557,n4557,1,219,1,1,9
n4558,n4558,1,219,1,1,10
n4559,n4559,1,219,1,1,11
n4560,n4560,1,219,1,1,12
n4561,n4561,1,219,2,1,1
n4562,n4562,1,219,2,1,2
n4563,n4563,1,219,5,2,1
n4564,n4564,1,219,5,2,2
n4565,n4565,1,219,5,2,3
n4566,n4566,1,219,5,2,4
n4567,n4567,1,219,5,2,5
n4568,n4568,1,219,5,2,6
n4569,n4569,1,219,5,2,7
n4570,n4570,1,219,5,2,8
n4571,n4571,1,220,1,1,1
n4572,n4572,1,220,1,1,2
n4573,n4573,1,220,1,1,3
n4574,n4574,1,220,1,1,4
n4575,n4575,1,220,1,1,5
n4576,n4576,1,220,1,1,6
n4577,n4577,1,220,1,1,7
n4578,n4578,1,220,1,1,8
n4579,n4579,1,220,1,1,9
n4580,n4580,1,220,1,1,10
n4581,n4581,1,220,1,1,11
n4582,n4582,1,220,1,1,12
n4583,n4583,1,220,3,1,1
n4584,n4584,1,220,3,1,2
n4585,n4585,1,220,5,2,1
n4586,n4586,1,220,5,2,2
n4587,n4587,1,220,7,2,1
n4588,n4588,1,220,7,2,2
n4589,n4589,1,220,7,2,3
n4590,n4590,1,220,7,2,4
n4591,n4591,1,220,7,2,5
n4592,n4592,1,220,7,2,6
n4593,n4593,1,221,1,1,1
n4594,n4594,1,221,1,1,2
n4595,n4595,1,221,1,1,3
n4596,n4596,1,221,1,1,4
n4597,n4597,1,221,1,1,5
n4598,n4598,1,221,1,1,6
n4599,n4599,1,221,1,1,7
n4600,n4600,1,221,1,1,8
n4601,n4601,1,221,1,1,9
n4602,n4602,1,221,1,1,10
n4603,n4603,1,221,1,1,11
n4604,n4604,1,221,1,1,12
n4605,n4605,1,221,3,1,1
n4606,n4606,1,221,3,1,2
n4607,n4607,1,221,3,1,3
n4608,n4608,1,221,5,2,1
n4609,n4609,1,221,5,2,2
n4610,n4610,1,221,7,2,1
n4611,n4611,1,221,7,2,2
n4612,n4612,1,221,7,2,3
n4613,n4613,1,221,7,2,4
n4614,n4614,1,222,1,1,1
n4615,n4615,1,222,1,1,2
n4616,n4616,1,222,1,1,3
n4617,n4617,1,222,1,1,4
n4618,n4618,1,222,1,1,5
n4619,n4619,1,222,1,1,6
n4620,n4620,1,222,1,1,7
n4621,n4621,1,222,1,1,8
n4622,n4622,1,222,1,1,9
n4623,n4623,1,222,1,1,10
n4624,n4624,1,222,1,1,11
n4625,n4625,1,222,1,1,12
n4626,n4626,1,222,3,1,1
n4627,n4627,1,222,3,1,2
n4628,n4628,1,222,3,1,3
n4629,n4629,1,222,5,2,1
n4630,n4630,1,222,5,2,2
n4631,n4631,1,222,5,2,3
n4632,n4632,1,222,5,2,4
n4633,n4633,1,222,5,2,5
n4634,n4634,1,222,5,2,6
n4635,n4635,1,222,5,2,7
n4636,n4636,1,222,5,2,8
n4637,n4637,1,223,1,1,1
n4638,n4638,1,223,1,1,2
n4639,n4639,1,223,1,1,3
n4640,n4640,1,223,1,1,4
n4641,n4641,1,223,1,1,5
n4642,n4642,1,223,1,1,6
n4643,n4643,1,223,1,1,7
n4644,n4644,1,223,1,1,8
n4645,n4645,1,223,1,1,9
n4646,n4646,1,223,1,1,10
n4647,n4647,1,223,1,1,11
n4648,n4648,1,223,1,1,12
n4649,n4649,1,223,3,1,1
n4650,n4650,1,223,3,1,2
n4651,n4651,1,223,3,1,3
n4652,n4652,1,223,3,1,4
n4653,n4653,1,223,5,2,1
n4654,n4654,1,223,5,2,2
n4655,n4655,1,223,5,2,3
n4656,n4656,1,223,5,2,4
n4657,n4657,1,223,5,2,5
n4658,n4658,1,223,7,2,1
n4659,n4659,1,223,7,2,2
n4660,n4660,1,224,1,1,1
n4661,n4661,1,224,1,1,2
n4662,n4662,1,224,1,1,3
n4663,n4663,1,224,1,1,4
n4664,n4664,1,224,1,1,5
n4665,n4665,1,224,1,1,6
n4666,n4666,1,224,1,1,7
n4667,n4667,1,224,1,1,8
n4668,n4668,1,224,1,1,9
n4669,n4669,1,224,2,1,1
n4670,n4670,1,224,2,1,2
n4671,n4671,1,224,2,1,3
n4672,n4672,1,224,2,1,4
n4673,n4673,1,224,2,1,5
n4674,n4674,1,224,5,2,1
n4675,n4675,1,224,5,2,2
n4676,n4676,1,224,7,2,1
n4677,n4677,1,224,7,2,2
n4678,n4678,1,224,7,2,3
n4679,n4679,1,224,7,2,4
n4680,n4680,1,225,1,1,1
n4681,n4681,1,225,1,1,2
n4682,n4682,1,225,1,1,3
n4683,n4683,1,225,1,1,4
n4684,n4684,1,225,1,1,5
n4685,n4685,1,225,1,1,6
n4686,n4686,1,225,1,1,7
n4687,n4687,1,225,1,1,8
n4688,n4688,1,225,1,1,9
n4689,n4689,1,225,1,1,10
n4690,n4690,1,225,1,1,11
n4691,n4691,1,225,1,1,12
n4692,n4692,1,225,2,1,1
n4693,n4693,1,225,2,1,2
n4694,n4694,1,225,5,2,1
n4695,n4695,1,225,5,2,2
n4696,n4696,1,225,5,2,3
n4697,n4697,1,225,5,2,4
n4698,n4698,1,225,5,2,5
n4699,n4699,1,225,5,2,6
n4700,n4700,1,225,5,2,7
n4701,n4701,1,225,5,2,8
n4702,n4702,1,226,1,1,1
n4703,n4703,1,226,1,1,2
n4704,n4704,1,226,1,1,3
n4705,n4705,1,226,1,1,4
n4706,n4706,1,226,1,1,5
n4707,n4707,1,226,1,1,6
n4708,n4708,1,226,1,1,7
n4709,n4709,1,226,1,1,8
n4710,n4710,1,226,1,1,9
n4711,n4711,1,226,1,1,10
n4712,n4712,1,226,1,1,11
n4713,n4713,1,226,1,1,12
n4714,n4714,1,226,3,1,1
n4715,n4715,1,226,3,1,2
n4716,n4716,1,226,3,1,3
r216,r216,1,226,5,2,1
n4717,n4717,1,226,5,2,2
n4718,n4718,1,226,5,2,3
n4719,n4719,1,226,6,2,1
n4720,n4720,1,226,6,2,2
n4721,n4721,1,226,6,2,3
n4722,n4722,1,227,1,1,1
n4723,n4723,1,227,1,1,2
n4724,n4724,1,227,1,1,3
n4725,n4725,1,227,1,1,4
n4726,n4726,1,227,1,1,5
n4727,n4727,1,227,1,1,6
n4728,n4728,1,227,1,1,7
n4729,n4729,1,227,1,1,8
n4730,n4730,1,227,1,1,9
n4731,n4731,1,227,1,1,10
n4732,n4732,1,227,1,1,11
n4733,n4733,1,227,1,1,12
n4734,n4734,1,227,2,1,1
n4735,n4735,1,227,2,1,2
n4736,n4736,1,227,5,2,1
n4737,n4737,1,227,5,2,2
n4738,n4738,1,227,5,2,3
n4739,n4739,1,227,5,2,4
n4740,n4740,1,227,5,2,5
n4741,n4741,1,227,5,2,6
n4742,n4742,1,227,5,2,7
n4743,n4743,1,227,5,2,8
n4744,n4744,1,228,1,1,1
n4745,n4745,1,228,1,1,2
n4746,n4746,1,228,1,1,3
n4747,n4747,1,228,1,1,4
n4748,n4748,1,228,1,1,5
n4749,n4749,1,228,1,1,6
n4750,n4750,1,228,1,1,7
n4751,n4751,1,228,1,1,8
n4752,n4752,1,228,1,1,9
n4753,n4753,1,228,1,1,10
n4754,n4754,1,228,1,1,11
n4755,n4755,1,228,1,1,12
n4756,n4756,1,228,3,1,1
n4757,n4757,1,228,3,1,2
n4758,n4758,1,228,5,2,1
n4759,n4759,1,228,5,2,2
n4760,n4760,1,228,5,2,3
n4761,n4761,1,228,5,2,4
n4762,n4762,1,228,5,2,5
n4763,n4763,1,228,5,2,6
n4764,n4764,1,228,5,2,7
n4765,n4765,1,228,5,2,8
n4766,n4766,1,228,5,2,9
n4767,n4767,1,228,5,2,10
n4768,n4768,1,229,1,1,1
n4769,n4769,1,229,1,1,2
n4770,n4770,1,229,1,1,3
n4771,n4771,1,229,1,1,4
n4772,n4772,1,229,1,1,5
n4773,n4773,1,229,1,1,6
n4774,n4774,1,229,1,1,7
n4775,n4775,1,229,1,1,8
n4776,n4776,1,229,1,1,9
n4777,n4777,1,229,1,1,10
n4778,n4778,1,229,1,1,11
n4779,n4779,1,229,1,1,12
n4780,n4780,1,229,3,1,1
n4781,n4781,1,229,3,1,2
n4782,n4782,1,229,5,2,1
n4783,n4783,1,229,5,2,2
n4784,n4784,1,229,5,2,3
n4785,n4785,1,229,5,2,4
n4786,n4786,1,229,5,2,5
n4787,n4787,1,229,5,2,6
n4788,n4788,1,229,5,2,7
n4789,n4789,1,229,5,2,8
n4790,n4790,1,230,1,1,1
n4791,n4791,1,230,1,1,2
n4792,n4792,1,230,1,1,3
n4793,n4793,1,230,1,1,4
n4794,n4794,1,230,1,1,5
n4795,n4795,1,230,1,1,6
n4796,n4796,1,230,1,1,7
n4797,n4797,1,230,1,1,8
n4798,n4798,1,230,1,1,9
n4799,n4799,1,230,1,1,10
n4800,n4800,1,230,1,1,11
n4801,n4801,1,230,1,1,12
n4802,n4802,1,230,3,1,1
n4803,n4803,1,230,3,1,2
n4804,n4804,1,230,3,1,3
n4805,n4805,1,230,3,1,4
n4806,n4806,1,230,5,2,1
n4807,n4807,1,230,5,2,2
n4808,n4808,1,230,5,2,3
n4809,n4809,1,230,5,2,4
n4810,n4810,1,230,5,2,5
n4811,n4811,1,230,5,2,6
n4812,n4812,1,230,5,2,7
n4813,n4813,1,230,5,2,8
n4814,n4814,1,230,5,2,9
n4815,n4815,1,230,5,2,10
n4816,n4816,1,231,1,1,1
n4817,n4817,1,231,1,1,2
n4818,n4818,1,231,1,1,3
n4819,n4819,1,231,1,1,4
n4820,n4820,1,231,1,1,5
n4821,n4821,1,231,1,1,6
n4822,n4822,1,231,1,1,7
n4823,n4823,1,231,1,1,8
n4824,n4824,1,231,1,1,9
n4825,n4825,1,231,1,1,10
n4826,n4826,1,231,1,1,11
n4827,n4827,1,231,1,1,12
n4828,n4828,1,231,3,1,1
n4829,n4829,1,231,3,1,2
n4830,n4830,1,231,3,1,3
n4831,n4831,1,231,3,1,4
n4832,n4832,1,231,5,2,1
n4833,n4833,1,231,5,2,2
n4834,n4834,1,231,5,2,3
n4835,n4835,1,231,5,2,4
n4836,n4836,1,231,5,2,5
n4837,n4837,1,231,5,2,6
n4838,n4838,1,231,5,2,7
n4839,n4839,1,231,5,2,8
n4840,n4840,1,231,5,2,9
n4841,n4841,1,231,5,2,10
n4842,n4842,1,232,1,1,1
n4843,n4843,1,232,1,1,2
n4844,n4844,1,232,1,1,3
n4845,n4845,1,232,1,1,4
n4846,n4846,1,232,1,1,5
n4847,n4847,1,232,1,1,6
n4848,n4848,1,232,1,1,7
n4849,n4849,1,232,1,1,8
n4850,n4850,1,232,1,1,9
n4851,n4851,1,232,1,1,10
n4852,n4852,1,232,1,1,11
n4853,n4853,1,232,1,1,12
n4854,n4854,1,232,3,1,1
n4855,n4855,1,232,3,1,2
n4856,n4856,1,232,3,1,3
n4857,n4857,1,232,3,1,4
n4858,n4858,1,232,5,2,1
n4859,n4859,1,232,5,2,2
n4860,n4860,1,232,5,2,3
n4861,n4861,1,232,5,2,4
n4862,n4862,1,232,5,2,5
n4863,n4863,1,232,5,2,6
n4864,n4864,1,232,5,2,7
n4865,n4865,1,232,5,2,8
n4866,n4866,1,232,5,2,9
n4867,n4867,1,232,5,2,10
n4868,n4868,1,233,1,1,1
n4869,n4869,1,233,1,1,2
n4870,n4870,1,233,1,1,3
n4871,n4871,1,233,1,1,4
n4872,n4872,1,233,1,1,5
n4873,n4873,1,233,1,1,6
n4874,n4874,1,233,1,1,7
n4875,n4875,1,233,1,1,8
n4876,n4876,1,233,1,1,9
n4877,n4877,1,233,1,1,10
n4878,n4878,1,233,1,1,11
n4879,n4879,1,233,1,1,12
n4880,n4880,1,233,3,1,1
n4881,n4881,1,233,3,1,2
n4882,n4882,1,233,3,1,3
n4883,n4883,1,233,3,1,4
n4884,n4884,1,233,5,2,1
n4885,n4885,1,233,5,2,2
n4886,n4886,1,233,5,2,3
n4887,n4887,1,233,5,2,4
n4888,n4888,1,233,5,2,5
n4889,n4889,1,233,5,2,6
n4890,n4890,1,233,5,2,7
n4891,n4891,1,233,5,2,8
n4892,n4892,1,233,5,2,9
n4893,n4893,1,233,5,2,10
n4894,n4894,1,234,1,1,1
n4895,n4895,1,234,1,1,2
n4896,n4896,1,234,1,1,3
n4897,n4897,1,234,1,1,4
n4898,n4898,1,234,1,1,5
n4899,n4899,1,234,1,1,6
n4900,n4900,1,234,1,1,7
n4901,n4901,1,234,1,1,8
n4902,n4902,1,234,1,1,9
n4903,n4903,1,234,1,1,10
n4904,n4904,1,234,1,1,11
n4905,n4905,1,234,1,1,12
n4906,n4906,1,234,3,1,1
n4907,n4907,1,234,3,1,2
n4908,n4908,1,234,3,1,3
n4909,n4909,1,234,3,1,4
n4910,n4910,1,234,5,2,1
n4911,n4911,1,234,5,2,2
n4912,n4912,1,234,5,2,3
n4913,n4913,1,234,5,2,4
n4914,n4914,1,234,5,2,5
n4915,n4915,1,234,5,2,6
n4916,n4916,1,234,5,2,7
n4917,n4917,1,234,5,2,8
n4918,n4918,1,234,5,2,9
n4919,n4919,1,234,5,2,10
n4920,n4920,1,235,1,1,1
n4921,n4921,1,235,1,1,2
n4922,n4922,1,235,1,1,3
n4923,n4923,1,235,1,1,4
n4924,n4924,1,235,1,1,5
n4925,n4925,1,235,1,1,6
n4926,n4926,1,235,1,1,7
n4927,n4927,1,235,1,1,8
n4928,n4928,1,235,1,1,9
n4929,n4929,1,235,1,1,10
n4930,n4930,1,235,1,1,11
n4931,n4931,1,235,1,1,12
n4932,n4932,1,235,3,1,1
n4933,n4933,1,235,3,1,2
n4934,n4934,1,235,3,1,3
n4935,n4935,1,235,3,1,4
n4936,n4936,1,235,5,2,1
n4937,n4937,1,235,5,2,2
n4938,n4938,1,235,5,2,3
n4939,n4939,1,235,5,2,4
n4940,n4940,1,235,5,2,5
n4941,n4941,1,235,5,2,6
n4942,n4942,1,235,5,2,7
n4943,n4943,1,235,5,2,8
n4944,n4944,1,235,5,2,9
n4945,n4945,1,235,5,2,10
n4946,n4946,1,235,5,2,11
n4947,n4947,1,236,1,1,1
n4948,n4948,1,236,1,1,2
n4949,n4949,1,236,1,1,3
n4950,n4950,1,236,1,1,4
n4951,n4951,1,236,1,1,5
n4952,n4952,1,236,1,1,6
n4953,n4953,1,236,1,1,7
n4954,n4954,1,236,1,1,8
n4955,n4955,1,236,1,1,9
n4956,n4956,1,236,1,1,10
n4957,n4957,1,236,1,1,11
n4958,n4958,1,236,5,2,1
n4959,n4959,1,236,5,2,2
n4960,n4960,1,236,5,2,3
n4961,n4961,1,236,5,2,4
n4962,n4962,1,236,5,2,5
n4963,n4963,1,236,5,2,6
n4964,n4964,1,236,5,2,7
n4965,n4965,1,236,5,2,8
n4966,n4966,1,236,5,2,9
n4967,n4967,1,236,5,2,10
n4968,n4968,1,237,1,1,1
n4969,n4969,1,237,1,1,2
n4970,n4970,1,237,1,1,3
n4971,n4971,1,237,1,1,4
n4972,n4972,1,237,1,1,5
n4973,n4973,1,237,1,1,6
n4974,n4974,1,237,1,1,7
n4975,n4975,1,237,1,1,8
n4976,n4976,1,237,1,1,9
n4977,n4977,1,237,1,1,10
n4978,n4978,1,237,1,1,11
n4979,n4979,1,237,1,1,12
n4980,n4980,1,237,5,2,1
n4981,n4981,1,237,5,2,2
n4982,n4982,1,237,5,2,3
n4983,n4983,1,237,5,2,4
n4984,n4984,1,237,5,2,5
n4985,n4985,1,237,5,2,6
n4986,n4986,1,237,5,2,7
n4987,n4987,1,237,5,2,8
n4988,n4988,1,237,5,2,9
n4989,n4989,1,237,5,2,10
n4990,n4990,1,237,5,2,11
n4991,n4991,1,238,1,1,1
n4992,n4992,1,238,1,1,2
n4993,n4993,1,238,1,1,3
n4994,n4994,1,238,1,1,4
n4995,n4995,1,238,1,1,5
n4996,n4996,1,238,1,1,6
n4997,n4997,1,238,1,1,7
n4998,n4998,1,238,1,1,8
n4999,n4999,1,238,1,1,9
n5000,n5000,1,238,1,1,10
n5001,n5001,1,238,5,2,1
n5002,n5002,1,238,5,2,2
n5003,n5003,1,238,5,2,3
n5004,n5004,1,238,5,1,1
n5005,n5005,1,238,5,1,2
n5006,n5006,1,238,5,1,3
n5007,n5007,1,238,5,1,4
n5008,n5008,1,239,1,1,1
n5009,n5009,1,239,1,1,2
n5010,n5010,1,239,1,1,3
n5011,n5011,1,239,1,1,4
n5012,n5012,1,239,1,2,1
n5013,n5013,1,239,1,2,2
n5014,n5014,1,239,1,2,3
n5015,n5015,1,239,1,2,4
n5016,n5016,1,239,5,1,1
n5017,n5017,1,239,5,1,2
n5018,n5018,1,239,5,1,3
n5019,n5019,1,239,5,1,4
n5020,n5020,1,239,5,2,1
n5021,n5021,1,239,5,2,2
n5022,n5022,1,239,5,2,3
n5023,n5023,1,239,5,2,4
n5024,n5024,1,240,1,2,1
n5025,n5025,1,240,1,2,2
n5026,n5026,1,240,1,2,3
n5027,n5027,1,240,1,2,4
n5028,n5028,1,240,1,2,5
n5029,n5029,1,240,1,2,6
n5030,n5030,1,240,1,2,7
n5031,n5031,1,240,1,2,8
n5032,n5032,1,240,5,2,1
n5033,n5033,1,240,5,2,2
n5034,n5034,1,240,5,2,3
n5035,n5035,1,240,5,2,4
n5036,n5036,1,240,5,2,5
n5037,n5037,1,240,5,2,6
n5038,n5038,1,240,5,2,7
n5039,n5039,1,240,5,2,8
n5040,n5040,1,241,1,2,1
n5041,n5041,1,241,1,2,2
n5042,n5042,1,241,1,2,3
n5043,n5043,1,241,1,2,4
n5044,n5044,1,241,1,2,5
n5045,n5045,1,241,1,2,6
n5046,n5046,1,241,1,2,7
n5047,n5047,1,241,1,2,8
n5048,n5048,1,241,5,2,1
n5049,n5049,1,241,5,2,2
n5050,n5050,1,241,5,2,3
n5051,n5051,1,241,5,2,4
n5052,n5052,1,241,5,2,5
n5053,n5053,1,241,5,2,6
n5054,n5054,1,241,5,2,7
n5055,n5055,1,241,5,2,8
n5056,n5056,1,242,1,1,1
n5057,n5057,1,242,1,1,2
n5058,n5058,1,242,1,1,3
n5059,n5059,1,242,1,1,4
n5060,n5060,1,242,1,1,5
n5061,n5061,1,242,1,1,6
n5062,n5062,1,242,1,1,7
n5063,n5063,1,242,5,2,1
n5064,n5064,1,242,5,2,2
n5065,n5065,1,242,5,2,3
n5066,n5066,1,243,1,1,1
n5067,n5067,1,243,1,1,2
n5068,n5068,1,243,1,1,3
n5069,n5069,1,243,1,1,4
n5070,n5070,1,243,1,1,5
n5071,n5071,1,243,1,1,6
n5072,n5072,1,243,1,1,7
n5073,n5073,1,243,1,1,8
n5074,n5074,1,243,1,1,9
n5075,n5075,1,243,1,1,10
n5076,n5076,1,243,1,1,11
n5077,n5077,1,243,1,1,12
n5078,n5078,1,243,5,2,1
n5079,n5079,1,243,5,2,2
n5080,n5080,1,243,5,2,3
n5081,n5081,1,243,5,2,4
n5082,n5082,1,243,5,2,5
n5083,n5083,1,243,5,2,6
n5084,n5084,1,243,5,2,7
n5085,n5085,1,243,5,2,8
n5086,n5086,1,243,5,2,9
n5087,n5087,1,244,1,1,1
n5088,n5088,1,244,1,1,2
n5089,n5089,1,244,1,1,3
n5090,n5090,1,244,1,1,4
n5091,n5091,1,244,1,1,5
n5092,n5092,1,244,1,1,6
n5093,n5093,1,244,1,1,7
n5094,n5094,1,244,1,1,8
n5095,n5095,1,244,1,1,9
n5096,n5096,1,244,1,1,10
n5097,n5097,1,244,1,1,11
n5098,n5098,1,244,1,1,12
n5099,n5099,1,244,5,2,1
n5100,n5100,1,244,5,2,2
n5101,n5101,1,244,5,2,3
n5102,n5102,1,244,5,2,4
n5103,n5103,1,244,5,2,5
n5104,n5104,1,244,5,2,6
n5105,n5105,1,244,5,2,7
n5106,n5106,1,244,5,2,8
n5107,n5107,1,244,5,2,9
n5108,n5108,1,244,5,2,10
n5109,n5109,1,244,5,2,11
n5110,n5110,1,244,5,2,12
n5111,n5111,1,245,1,1,1
n5112,n5112,1,245,1,1,2
n5113,n5113,1,245,1,1,3
n5114,n5114,1,245,1,1,4
n5115,n5115,1,245,1,1,5
n5116,n5116,1,245,1,1,6
n5117,n5117,1,245,1,1,7
n5118,n5118,1,245,1,1,8
n5119,n5119,1,245,1,1,9
n5120,n5120,1,245,1,1,10
n5121,n5121,1,245,1,1,11
n5122,n5122,1,245,1,1,12
n5123,n5123,1,245,5,2,1
n5124,n5124,1,245,5,2,2
n5125,n5125,1,245,5,2,3
n5126,n5126,1,245,5,2,4
n5127,n5127,1,245,5,2,5
n5128,n5128,1,245,5,2,6
n5129,n5129,1,245,5,2,7
n5130,n5130,1,245,5,2,8
n5131,n5131,1,246,1,1,1
n5132,n5132,1,246,1,1,2
n5133,n5133,1,246,1,1,3
n5134,n5134,1,246,1,1,4
n5135,n5135,1,246,1,1,5
n5136,n5136,1,246,1,1,6
n5137,n5137,1,246,1,1,7
n5138,n5138,1,246,1,1,8
n5139,n5139,1,246,1,1,9
n5140,n5140,1,246,1,1,10
n5141,n5141,1,246,1,1,11
n5142,n5142,1,246,1,1,12
n5143,n5143,1,246,1,1,13
n5144,n5144,1,246,5,2,1
n5145,n5145,1,246,5,2,2
n5146,n5146,1,246,5,2,3
n5147,n5147,1,246,5,2,4
n5148,n5148,1,247,1,1,1
n5149,n5149,1,247,1,1,2
n5150,n5150,1,247,1,1,3
n5151,n5151,1,247,1,1,4
n5152,n5152,1,247,1,1,5
n5153,n5153,1,247,1,1,6
n5154,n5154,1,247,1,1,7
n5155,n5155,1,247,1,1,8
n5156,n5156,1,247,1,1,9
n5157,n5157,1,247,1,1,10
n5158,n5158,1,247,1,1,11
n5159,n5159,1,247,1,1,12
n5160,n5160,1,247,1,1,13
n5161,n5161,1,247,1,1,14
n5162,n5162,1,247,1,1,15
n5163,n5163,1,247,1,1,16
n5164,n5164,1,247,5,2,1
n5165,n5165,1,247,5,2,2
n5166,n5166,1,247,5,2,3
n5167,n5167,1,247,5,2,4
n5168,n5168,1,248,1,1,1
n5169,n5169,1,248,1,1,2
n5170,n5170,1,248,1,1,3
n5171,n5171,1,248,1,1,4
n5172,n5172,1,248,1,1,5
n5173,n5173,1,248,1,1,6
n5174,n5174,1,248,1,1,7
n5175,n5175,1,248,1,1,8
n5176,n5176,1,248,1,1,9
n5177,n5177,1,248,1,1,10
n5178,n5178,1,248,1,1,11
n5179,n5179,1,248,1,1,12
n5180,n5180,1,248,1,1,13
n5181,n5181,1,248,1,1,14
n5182,n5182,1,248,1,1,15
n5183,n5183,1,248,1,1,16
n5184,n5184,1,248,1,1,17
n5185,n5185,1,248,1,1,18
n5186,n5186,1,248,1,1,19
n5187,n5187,1,248,5,2,1
n5188,n5188,1,248,5,2,2
n5189,n5189,1,248,5,2,3
n5190,n5190,1,248,5,2,4
n5191,n5191,1,249,1,1,1
n5192,n5192,1,249,1,1,2
n5193,n5193,1,249,1,1,3
n5194,n5194,1,249,1,2,1
n5195,n5195,1,249,1,2,2
n5196,n5196,1,249,1,2,3
n5197,n5197,1,249,1,2,4
n5198,n5198,1,249,1,2,5
n5199,n5199,1,249,1,2,6
n5200,n5200,1,249,1,2,7
n5201,n5201,1,249,1,2,8
n5202,n5202,1,249,1,2,9
n5203,n5203,1,249,1,2,10
n5204,n5204,1,249,1,2,11
n5205,n5205,1,249,1,2,12
n5206,n5206,1,249,1,2,13
n5207,n5207,1,249,1,2,14
n5208,n5208,1,249,1,2,15
n5209,n5209,1,249,1,2,16
n5210,n5210,1,249,1,2,17
r217,r217,1,249,5,2,1
n5211,n5211,1,250,1,1,1
n5212,n5212,1,250,5,2,1
r218,r218,1,251,1,1,1
n5213,n5213,1,251,1,2,1
n5214,n5214,1,251,1,2,2
n5215,n5215,1,251,1,2,3
n5216,n5216,1,251,1,2,4
n5217,n5217,1,251,1,2,5
n5218,n5218,1,251,1,2,6
n5219,n5219,1,251,1,2,7
n5220,n5220,1,251,1,2,8
n5221,n5221,1,251,1,2,9
n5222,n5222,1,251,1,2,10
n5223,n5223,1,251,1,1,2
n5224,n5224,1,251,1,1,3
n5225,n5225,1,251,1,1,4
n5226,n5226,1,251,1,1,5
n5227,n5227,1,251,1,1,6
n5228,n5228,1,251,1,1,7
n5229,n5229,1,251,1,1,8
n5230,n5230,1,251,1,1,9
n5231,n5231,1,251,1,1,10
n5232,n5232,1,251,1,1,11
n5233,n5233,1,251,5,2,1
n5234,n5234,1,251,5,2,2
n5235,n5235,1,251,5,2,3
n5236,n5236,1,251,5,2,4
n5237,n5237,1,251,5,2,5
n5238,n5238,1,251,5,2,6
n5239,n5239,1,251,5,2,7
n5240,n5240,1,251,5,2,8
n5241,n5241,1,251,5,2,9
n5242,n5242,1,251,5,2,10
n5243,n5243,1,251,5,2,11
n5244,n5244,1,251,5,2,12
n5245,n5245,1,251,5,2,13
n5246,n5246,1,251,5,2,14
n5247,n5247,1,251,5,2,15
n5248,n5248,1,251,5,2,16
n5249,n5249,1,251,5,2,17
n5250,n5250,1,251,5,2,18
n5251,n5251,1,251,5,2,19
n5252,n5252,1,251,5,2,20
n5253,n5253,1,251,5,2,21
n5254,n5254,1,252,1,1,1
n5255,n5255,1,252,1,1,2
n5256,n5256,1,252,1,1,3
n5257,n5257,1,252,1,1,4
n5258,n5258,1,252,1,1,5
n5259,n5259,1,252,1,1,6
n5260,n5260,1,252,1,1,7
n5261,n5261,1,252,1,1,8
n5262,n5262,1,252,1,1,9
n5263,n5263,1,252,5,2,1
n5264,n5264,1,252,5,2,2
n5265,n5265,1,252,5,2,3
n5266,n5266,1,252,5,2,4
n5267,n5267,1,252,5,2,5
n5268,n5268,1,252,5,2,6
n5269,n5269,1,252,5,2,7
n5270,n5270,1,253,1,1,1
n5271,n5271,1,253,1,1,2
n5272,n5272,1,253,1,1,3
n5273,n5273,1,253,1,1,4
n5274,n5274,1,253,1,1,5
n5275,n5275,1,253,1,1,6
n5276,n5276,1,253,1,1,7
n5277,n5277,1,253,1,1,8
n5278,n5278,1,253,1,1,9
n5279,n5279,1,253,5,2,1
n5280,n5280,1,253,5,2,2
n5281,n5281,1,253,5,2,3
n5282,n5282,1,253,5,2,4
n5283,n5283,1,253,5,2,5
n5284,n5284,1,253,5,2,6
n5285,n5285,1,253,5,2,7
n5286,n5286,1,253,5,2,8
n5287,n5287,1,254,1,1,1
n5288,n5288,1,254,1,1,2
n5289,n5289,1,254,1,1,3
n5290,n5290,1,254,1,1,4
n5291,n5291,1,254,5,2,1
n5292,n5292,1,254,5,2,2
n5293,n5293,1,254,5,2,3
n5294,n5294,1,254,5,2,4
n5295,n5295,1,255,1,1,1
n5296,n5296,1,255,1,1,2
n5297,n5297,1,255,1,1,3
n5298,n5298,1,255,1,1,4
n5299,n5299,1,255,1,1,5
n5300,n5300,1,255,1,1,6
n5301,n5301,1,255,1,1,7
n5302,n5302,1,255,1,1,8
n5303,n5303,1,255,1,1,9
n5304,n5304,1,255,1,1,10
n5305,n5305,1,255,1,1,11
n5306,n5306,1,255,1,1,12
n5307,n5307,1,255,1,1,13
n5308,n5308,1,255,1,1,14
n5309,n5309,1,255,1,1,15
n5310,n5310,1,255,1,1,16
n5311,n5311,1,255,1,1,17
n5312,n5312,1,255,1,1,18
n5313,n5313,1,255,1,1,19
n5314,n5314,1,255,1,1,20
n5315,n5315,1,255,1,1,21
n5316,n5316,1,255,1,1,22
n5317,n5317,1,255,1,1,23
n5318,n5318,1,255,1,1,24
n5319,n5319,1,255,1,1,25
n5320,n5320,1,255,1,1,26
n5321,n5321,1,255,1,1,27
n5322,n5322,1,255,5,2,1
n5323,n5323,1,255,5,2,2
n5324,n5324,1,255,5,2,3
n5325,n5325,1,255,5,2,4
n5326,n5326,1,255,5,2,5
n5327,n5327,1,255,5,2,6
n5328,n5328,1,255,5,2,7
n5329,n5329,1,255,5,2,8
n5330,n5330,1,255,5,2,9
n5331,n5331,1,255,5,2,10
n5332,n5332,1,255,5,2,11
n5333,n5333,1,255,5,2,12
n5334,n5334,1,255,5,2,13
n5335,n5335,1,255,5,2,14
n5336,n5336,1,255,5,2,15
n5337,n5337,1,255,5,2,16
n5338,n5338,1,255,5,2,17
n5339,n5339,1,255,5,2,18
n5340,n5340,1,255,5,2,19
n5341,n5341,1,255,5,2,20
n5342,n5342,1,255,5,2,21
n5343,n5343,1,255,5,2,22
n5344,n5344,1,255,5,2,23
n5345,n5345,1,255,5,2,24
n5346,n5346,1,255,5,2,25
n5347,n5347,1,255,5,2,26
n5348,n5348,1,255,5,2,27
n5349,n5349,1,256,1,1,1
n5350,n5350,1,256,1,1,2
n5351,n5351,1,256,1,1,3
n5352,n5352,1,256,1,1,4
n5353,n5353,1,256,1,1,5
n5354,n5354,1,256,1,1,6
n5355,n5355,1,256,1,1,7
n5356,n5356,1,256,1,1,8
n5357,n5357,1,256,1,1,9
n5358,n5358,1,256,5,2,1
n5359,n5359,1,256,5,2,2
n5360,n5360,1,256,5,2,3
n5361,n5361,1,256,5,2,4
n5362,n5362,1,256,5,2,5
n5363,n5363,1,256,5,2,6
n5364,n5364,1,256,5,2,7
n5365,n5365,1,257,1,1,1
n5366,n5366,1,257,1,1,2
n5367,n5367,1,257,1,1,3
n5368,n5368,1,257,1,1,4
n5369,n5369,1,257,1,1,5
n5370,n5370,1,257,1,1,6
n5371,n5371,1,257,1,1,7
n5372,n5372,1,257,1,1,8
n5373,n5373,1,257,1,1,9
n5374,n5374,1,257,5,2,1
n5375,n5375,1,257,5,2,2
n5376,n5376,1,257,5,2,3
n5377,n5377,1,257,5,2,4
n5378,n5378,1,257,5,2,5
n5379,n5379,1,257,5,2,6
n5380,n5380,1,257,5,2,7
n5381,n5381,1,257,5,2,8
n5382,n5382,1,258,1,1,1
n5383,n5383,1,258,1,1,2
n5384,n5384,1,258,1,1,3
n5385,n5385,1,258,1,1,4
n5386,n5386,1,258,1,1,5
n5387,n5387,1,258,1,1,6
n5388,n5388,1,258,1,1,7
n5389,n5389,1,258,1,1,8
n5390,n5390,1,258,1,1,9
n5391,n5391,1,258,1,1,10
n5392,n5392,1,258,1,1,11
n5393,n5393,1,258,1,1,12
n5394,n5394,1,258,5,2,1
n5395,n5395,1,258,5,2,2
n5396,n5396,1,258,5,2,3
n5397,n5397,1,258,5,2,4
n5398,n5398,1,258,5,2,5
n5399,n5399,1,258,5,2,6
n5400,n5400,1,258,5,2,7
n5401,n5401,1,258,5,2,8
n5402,n5402,1,258,5,2,9
n5403,n5403,1,258,5,2,10
n5404,n5404,1,258,5,2,11
n5405,n5405,1,258,5,2,12
n5406,n5406,1,259,1,1,1
n5407,n5407,1,259,1,1,2
n5408,n5408,1,259,1,1,3
n5409,n5409,1,259,1,1,4
n5410,n5410,1,259,1,1,5
n5411,n5411,1,259,1,1,6
n5412,n5412,1,259,1,1,7
n5413,n5413,1,259,1,1,8
n5414,n5414,1,259,1,1,9
n5415,n5415,1,259,1,1,10
n5416,n5416,1,259,1,1,11
n5417,n5417,1,259,1,1,12
n5418,n5418,1,259,1,1,13
n5419,n5419,1,259,1,1,14
n5420,n5420,1,259,1,1,15
n5421,n5421,1,259,1,1,16
n5422,n5422,1,259,5,2,1
n5423,n5423,1,259,5,2,2
n5424,n5424,1,259,5,2,3
n5425,n5425,1,259,5,2,4
n5426,n5426,1,259,5,2,5
n5427,n5427,1,259,5,2,6
n5428,n5428,1,259,5,2,7
n5429,n5429,1,259,5,2,8
n5430,n5430,1,259,5,2,9
n5431,n5431,1,259,5,2,10
n5432,n5432,1,259,5,2,11
n5433,n5433,1,259,5,2,12
n5434,n5434,1,259,5,2,13
n5435,n5435,1,259,5,2,14
n5436,n5436,1,259,5,2,15
n5437,n5437,1,259,5,2,16
n5438,n5438,1,260,1,1,1
n5439,n5439,1,260,1,1,2
n5440,n5440,1,260,1,1,3
n5441,n5441,1,260,1,1,4
n5442,n5442,1,260,1,1,5
n5443,n5443,1,260,1,1,6
n5444,n5444,1,260,1,1,7
n5445,n5445,1,260,1,1,8
n5446,n5446,1,260,1,1,9
n5447,n5447,1,260,1,1,10
n5448,n5448,1,260,1,1,11
n5449,n5449,1,260,1,1,12
n5450,n5450,1,260,5,2,1
n5451,n5451,1,260,5,2,2
n5452,n5452,1,260,5,2,3
n5453,n5453,1,260,5,2,4
n5454,n5454,1,260,5,2,5
n5455,n5455,1,260,5,2,6
n5456,n5456,1,260,5,2,7
n5457,n5457,1,260,5,2,8
n5458,n5458,1,260,5,2,9
n5459,n5459,1,260,5,2,10
n5460,n5460,1,260,5,2,11
n5461,n5461,1,260,5,2,12
n5462,n5462,1,261,1,1,1
n5463,n5463,1,261,1,1,2
n5464,n5464,1,261,1,1,3
n5465,n5465,1,261,1,1,4
n5466,n5466,1,261,1,1,5
n5467,n5467,1,261,1,1,6
n5468,n5468,1,261,1,1,7
n5469,n5469,1,261,1,1,8
n5470,n5470,1,261,1,1,9
n5471,n5471,1,261,1,1,10
n5472,n5472,1,261,1,1,11
n5473,n5473,1,261,1,1,12
n5474,n5474,1,261,5,2,1
n5475,n5475,1,261,5,2,2
n5476,n5476,1,261,5,2,3
n5477,n5477,1,261,5,2,4
n5478,n5478,1,261,5,2,5
n5479,n5479,1,261,5,2,6
n5480,n5480,1,261,5,2,7
n5481,n5481,1,261,5,2,8
n5482,n5482,1,261,5,2,9
n5483,n5483,1,261,5,2,10
n5484,n5484,1,261,5,2,11
n5485,n5485,1,261,5,2,12
n5486,n5486,1,262,1,1,1
n5487,n5487,1,262,1,1,2
n5488,n5488,1,262,1,1,3
n5489,n5489,1,262,5,2,1
n5490,n5490,1,262,5,2,2
n5491,n5491,1,262,5,2,3
n5492,n5492,1,263,1,1,1
n5493,n5493,1,263,1,1,2
n5494,n5494,1,263,1,1,3
n5495,n5495,1,263,1,1,4
n5496,n5496,1,263,5,2,1
n5497,n5497,1,263,5,2,2
n5498,n5498,1,263,5,2,3
n5499,n5499,1,264,1,1,1
n5500,n5500,1,264,5,2,1
n5501,n5501,1,264,5,2,2
