note_id,original_id,part,bar,voice,staff,ordinal
n1,n1,1,1,1,1,1
n2,n2,1,1,1,1,2
n3,n3,1,1,1,1,3
n4,n4,1,1,1,1,4
n5,n5,1,1,1,1,5
n6,n6,1,1,1,1,6
n7,n7,1,1,1,1,7
n8,n8,1,1,1,1,8
n9,n9,1,1,1,1,9
n10,n10,1,1,5,2,1
n11,n11,1,1,5,2,2
n12,n12,1,1,5,2,3
n13,n13,1,1,5,2,4
n14,n14,1,1,5,2,5
n15,n15,1,2,1,1,1
n16,n16,1,2,1,1,2
n17,n17,1,2,1,1,3
n18,n18,1,2,1,1,4
n19,n19,1,2,1,1,5
n20,n20,1,2,1,1,6
n21,n21,1,2,1,1,7
n22,n22,1,2,1,1,8
n23,n23,1,2,5,2,1
n24,n24,1,2,5,2,2
n25,n25,1,2,5,2,3
n26,n26,1,2,5,2,4
n27,n27,1,2,5,2,5
n28,n28,1,2,5,2,6
n29,n29,1,3,1,1,1
n30,n30,1,3,2,1,1
n31,n31,1,3,2,1,2
n32,n32,1,3,2,1,3
n33,n33,1,3,2,1,4
n34,n34,1,3,2,1,5
n35,n35,1,3,5,2,1
n36,n36,1,3,5,2,2
n37,n37,1,3,5,2,3
n38,n38,1,3,5,2,4
n39,n39,1,3,5,2,5
n40,n40,1,3,5,2,6
n41,n41,1,4,1,1,1
n42,n42,1,4,1,1,2
n43,n43,1,4,1,1,3
n44,n44,1,4,1,1,4
n45,n45,1,4,5,2,1
n46,n46,1,4,5,2,2
n47,n47,1,4,5,2,3
n48,n48,1,4,5,2,4
n49,n49,1,5,1,1,1
n50,n50,1,5,2,1,1
n51,n51,1,5,2,1,2
n52,n52,1,5,2,1,3
n53,n53,1,5,2,1,4
n54,n54,1,5,2,1,5
n55,n55,1,5,3,1,1
n56,n56,1,5,5,2,1
n57,n57,1,5,5,2,2
n58,n58,1,5,5,2,3
n59,n59,1,5,5,2,4
n60,n60,1,5,5,2,5
n61,n61,1,6,1,1,1
n62,n62,1,6,1,1,2
n63,n63,1,6,1,1,3
n64,n64,1,6,1,1,4
n65,n65,1,6,1,1,5
n66,n66,1,6,1,1,6
n67,n67,1,6,1,1,7
n68,n68,1,6,1,1,8
n69,n69,1,6,5,2,1
n70,n70,1,6,5,2,2
n71,n71,1,6,5,2,3
n72,n72,1,7,1,1,1
n73,n73,1,7,1,1,2
n74,n74,1,7,1,1,3
n75,n75,1,7,1,1,4
n76,n76,1,7,1,1,5
n77,n77,1,7,1,1,6
n78,n78,1,7,1,1,7
n79,n79,1,7,1,1,8
n80,n80,1,7,1,1,9
n81,n81,1,7,5,2,1
n82,n82,1,7,5,2,2
n83,n83,1,7,5,2,3
n84,n84,1,7,6,1,1
n85,n85,1,7,6,1,2
n86,n86,1,7,6,1,3
n87,n87,1,7,6,1,4
n88,n88,1,7,6,1,5
n89,n89,1,7,6,1,6
n90,n90,1,8,1,1,1
n91,n91,1,8,1,1,2
n92,n92,1,8,1,1,3
n93,n93,1,8,1,1,4
n94,n94,1,8,1,1,5
n95,n95,1,8,1,1,6
n96,n96,1,8,1,1,7
n97,n97,1,8,1,1,8
n98,n98,1,8,1,1,9
n99,n99,1,8,1,1,10
n100,n100,1,8,5,2,1
n101,n101,1,8,5,2,2
n102,n102,1,8,5,2,3
n103,n103,1,8,5,2,4
n104,n104,1,9,1,1,1
n105,n105,1,9,1,1,2
n106,n106,1,9,1,1,3
n107,n107,1,9,1,1,4
n108,n108,1,9,5,2,1
n109,n109,1,9,5,2,2
n110,n110,1,9,5,2,3
n111,n111,1,9,5,2,4
n112,n112,1,9,5,2,5
n113,n113,1,9,5,2,6
n114,n114,1,9,5,2,7
n115,n115,1,9,5,2,8
n116,n116,1,9,5,2,9
n117,n117,1,9,5,2,10
n118,n118,1,10,1,1,1
n119,n119,1,10,1,1,2
n120,n120,1,10,1,1,3
n121,n121,1,10,1,1,4
n122,n122,1,10,1,1,5
n123,n123,1,10,1,1,6
n124,n124,1,10,1,1,7
n125,n125,1,10,1,1,8
n126,n126,1,10,5,2,1
n127,n127,1,10,5,2,2
n128,n128,1,10,5,2,3
n129,n129,1,10,5,2,4
n130,n130,1,10,5,2,5
n131,n131,1,10,5,2,6
n132,n132,1,10,5,2,7
n133,n133,1,10,5,2,8
n134,n134,1,10,5,2,9
n135,n135,1,10,5,2,10
n136,n136,1,11,1,1,1
n137,n137,1,11,1,1,2
n138,n138,1,11,1,1,3
n139,n139,1,11,1,1,4
n140,n140,1,11,1,1,5
n141,n141,1,11,1,1,6
n142,n142,1,11,1,1,7
n143,n143,1,11,1,1,8
n144,n144,1,11,1,1,9
n145,n145,1,11,1,1,10
n146,n146,1,11,1,1,11
n147,n147,1,11,1,1,12
n148,n148,1,11,5,2,1
n149,n149,1,11,5,2,2
n150,n150,1,11,5,2,3
n151,n151,1,11,5,2,4
n152,n152,1,11,5,2,5
n153,n153,1,11,5,2,6
n154,n154,1,11,5,2,7
n155,n155,1,11,5,2,8
n156,n156,1,11,5,2,9
n157,n157,1,12,1,1,1
n158,n158,1,12,1,1,2
n159,n159,1,12,1,1,3
n160,n160,1,12,1,1,4
n161,n161,1,12,1,1,5
n162,n162,1,12,1,1,6
n163,n163,1,12,1,1,7
n164,n164,1,12,1,1,8
n165,n165,1,12,1,1,9
n166,n166,1,12,1,1,10
n167,n167,1,12,1,1,11
n168,n168,1,12,1,1,12
n169,n169,1,12,5,2,1
n170,n170,1,12,5,2,2
n171,n171,1,12,5,2,3
n172,n172,1,12,5,2,4
n173,n173,1,12,5,2,5
n174,n174,1,12,5,2,6
n175,n175,1,12,5,2,7
n176,n176,1,12,5,2,8
n177,n177,1,12,5,2,9
n178,n178,1,13,1,1,1
n179,n179,1,13,1,1,2
n180,n180,1,13,1,1,3
n181,n181,1,13,1,1,4
n182,n182,1,13,5,2,1
n183,n183,1,13,5,2,2
n184,n184,1,13,5,2,3
n185,n185,1,13,5,2,4
n186,n186,1,13,5,2,5
n187,n187,1,13,5,2,6
n188,n188,1,13,5,2,7
n189,n189,1,13,5,2,8
n190,n190,1,13,5,2,9
n191,n191,1,13,5,2,10
n192,n192,1,13,5,2,11
n193,n193,1,13,5,2,12
n194,n194,1,13,5,2,13
n195,n195,1,14,1,1,1
n196,n196,1,14,1,1,2
n197,n197,1,14,1,1,3
n198,n198,1,14,1,1,4
n199,n199,1,14,1,1,5
n200,n200,1,14,1,1,6
n201,n201,1,14,1,1,7
n202,n202,1,14,1,1,8
n203,n203,1,14,1,1,9
n204,n204,1,14,1,1,10
n205,n205,1,14,1,1,11
n206,n206,1,14,1,1,12
n207,n207,1,14,1,1,13
n208,n208,1,14,1,1,14
n209,n209,1,14,1,1,15
n210,n210,1,14,1,1,16
n211,n211,1,14,1,1,17
n212,n212,1,14,1,1,18
n213,n213,1,14,5,2,1
n214,n214,1,14,5,2,2
n215,n215,1,14,5,2,3
n216,n216,1,14,5,2,4
n217,n217,1,14,5,2,5
n218,n218,1,14,5,2,6
n219,n219,1,14,5,2,7
n220,n220,1,14,5,2,8
n221,n221,1,14,5,2,9
n222,n222,1,14,5,2,10
n223,n223,1,14,5,2,11
n224,n224,1,14,5,2,12
n225,n225,1,14,5,2,13
n226,n226,1,15,1,1,1
n227,n227,1,15,1,1,2
n228,n228,1,15,1,1,3
n229,n229,1,15,1,1,4
n230,n230,1,15,1,1,5
n231,n231,1,15,1,1,6
n232,n232,1,15,1,1,7
n233,n233,1,15,1,1,8
n234,n234,1,15,1,1,9
n235,n235,1,15,1,1,10
n236,n236,1,15,1,1,11
n237,n237,1,15,1,1,12
n238,n238,1,15,5,2,1
n239,n239,1,15,5,2,2
n240,n240,1,15,5,2,3
n241,n241,1,15,5,2,4
n242,n242,1,15,5,2,5
n243,n243,1,15,5,2,6
n244,n244,1,15,5,2,7
n245,n245,1,15,5,2,8
n246,n246,1,15,5,2,9
n247,n247,1,16,1,1,1
n248,n248,1,16,1,1,2
n249,n249,1,16,1,1,3
n250,n250,1,16,1,1,4
n251,n251,1,16,1,1,5
n252,n252,1,16,1,1,6
n253,n253,1,16,1,1,7
n254,n254,1,16,1,1,8
n255,n255,1,16,1,1,9
n256,n256,1,16,1,1,10
n257,n257,1,16,1,1,11
n258,n258,1,16,1,1,12
n259,n259,1,16,5,2,1
n260,n260,1,16,5,2,2
n261,n261,1,16,5,2,3
n262,n262,1,16,5,2,4
n263,n263,1,16,5,2,5
n264,n264,1,16,5,2,6
n265,n265,1,16,5,2,7
n266,n266,1,16,5,2,8
n267,n267,1,16,5,2,9
n268,n268,1,17,1,1,1
n269,n269,1,17,1,1,2
n270,n270,1,17,1,1,3
n271,n271,1,17,1,1,4
n272,n272,1,17,1,1,5
n273,n273,1,17,1,1,6
n274,n274,1,17,1,1,7
n275,n275,1,17,1,1,8
n276,n276,1,17,1,1,9
n277,n277,1,17,1,1,10
n278,n278,1,17,1,1,11
n279,n279,1,17,5,2,1
n280,n280,1,17,5,2,2
n281,n281,1,17,5,2,3
n282,n282,1,17,5,2,4
n283,n283,1,17,5,2,5
n284,n284,1,17,5,2,6
n285,n285,1,17,5,2,7
n286,n286,1,17,5,2,8
n287,n287,1,17,5,2,9
n288,n288,1,18,1,1,1
n289,n289,1,18,1,1,2
n290,n290,1,18,1,1,3
n291,n291,1,18,1,1,4
n292,n292,1,18,1,1,5
n293,n293,1,18,1,1,6
n294,n294,1,18,1,1,7
n295,n295,1,18,1,1,8
n296,n296,1,18,1,1,9
n297,n297,1,18,1,1,10
n298,n298,1,18,1,1,11
n299,n299,1,18,1,1,12
n300,n300,1,18,1,1,13
n301,n301,1,18,1,1,14
n302,n302,1,18,5,2,1
n303,n303,1,18,5,2,2
n304,n304,1,18,5,2,3
n305,n305,1,18,5,2,4
n306,n306,1,18,5,2,5
n307,n307,1,18,5,2,6
n308,n308,1,18,5,2,7
n309,n309,1,18,5,2,8
n310,n310,1,18,5,2,9
n311,n311,1,19,1,1,1
n312,n312,1,19,1,1,2
n313,n313,1,19,1,1,3
n314,n314,1,19,1,1,4
n315,n315,1,19,1,1,5
n316,n316,1,19,1,1,6
n317,n317,1,19,2,1,1
n318,n318,1,19,2,1,2
n319,n319,1,19,2,1,3
n320,n320,1,19,2,1,4
n321,n321,1,19,2,1,5
n322,n322,1,19,2,1,6
n323,n323,1,19,2,1,7
n324,n324,1,19,2,1,8
n325,n325,1,19,2,1,9
n326,n326,1,19,2,1,10
n327,n327,1,19,2,1,11
n328,n328,1,19,5,2,1
n329,n329,1,19,5,2,2
n330,n330,1,19,5,2,3
n331,n331,1,19,5,2,4
n332,n332,1,19,5,2,5
n333,n333,1,19,5,2,6
n334,n334,1,19,5,2,7
n335,n335,1,19,5,2,8
n336,n336,1,20,1,1,1
r1,r1,1,20,1,1,2
r2,r2,1,20,1,1,3
n337,n337,1,20,1,1,4
n338,n338,1,20,1,1,5
n339,n339,1,20,1,1,6
n340,n340,1,20,1,1,7
n341,n341,1,20,1,1,8
n342,n342,1,20,1,1,9
r3,r3,1,20,2,1,1
r4,r4,1,20,2,1,2
n343,n343,1,20,2,1,3
n344,n344,1,20,2,1,4
n345,n345,1,20,2,1,5
n346,n346,1,20,2,1,6
n347,n347,1,20,2,1,7
n348,n348,1,20,2,1,8
n349,n349,1,20,5,2,1
n350,n350,1,20,5,2,2
n351,n351,1,20,5,2,3
n352,n352,1,20,5,2,4
n353,n353,1,20,5,2,5
n354,n354,1,20,5,2,6
n355,n355,1,20,5,2,7
n356,n356,1,20,5,2,8
n357,n357,1,21,1,1,1
n358,n358,1,21,1,1,2
n359,n359,1,21,1,1,3
n360,n360,1,21,1,1,4
n361,n361,1,21,1,1,5
n362,n362,1,21,1,1,6
n363,n363,1,21,1,1,7
n364,n364,1,21,1,1,8
n365,n365,1,21,1,1,9
n366,n366,1,21,1,1,10
n367,n367,1,21,1,1,11
n368,n368,1,21,1,1,12
n369,n369,1,21,1,1,13
n370,n370,1,21,1,1,14
n371,n371,1,21,1,1,15
n372,n372,1,21,1,1,16
n373,n373,1,21,1,1,17
n374,n374,1,21,5,2,1
n375,n375,1,21,5,2,2
n376,n376,1,21,5,2,3
n377,n377,1,21,5,2,4
n378,n378,1,21,5,2,5
n379,n379,1,21,5,2,6
n380,n380,1,21,5,2,7
n381,n381,1,21,5,2,8
n382,n382,1,21,5,2,9
n383,n383,1,21,5,2,10
n384,n384,1,21,5,2,11
n385,n385,1,21,5,2,12
n386,n386,1,21,5,2,13
n387,n387,1,22,1,1,1
n388,n388,1,22,1,1,2
n389,n389,1,22,1,1,3
n390,n390,1,22,1,1,4
n391,n391,1,22,1,1,5
n392,n392,1,22,1,1,6
n393,n393,1,22,1,1,7
n394,n394,1,22,1,1,8
n395,n395,1,22,1,1,9
n396,n396,1,22,1,1,10
n397,n397,1,22,1,1,11
n398,n398,1,22,1,1,12
n399,n399,1,22,1,1,13
n400,n400,1,22,1,1,14
n401,n401,1,22,1,1,15
n402,n402,1,22,1,1,16
n403,n403,1,22,1,1,17
n404,n404,1,22,1,1,18
n405,n405,1,22,1,1,19
n406,n406,1,22,1,1,20
n407,n407,1,22,5,2,1
n408,n408,1,22,5,2,2
n409,n409,1,22,5,2,3
n410,n410,1,22,5,2,4
n411,n411,1,22,5,2,5
n412,n412,1,22,5,2,6
n413,n413,1,22,5,2,7
n414,n414,1,22,5,2,8
n415,n415,1,22,5,2,9
n416,n416,1,22,5,2,10
n417,n417,1,22,5,2,11
n418,n418,1,22,5,2,12
n419,n419,1,22,5,2,13
n420,n420,1,23,1,1,1
n421,n421,1,23,1,1,2
n422,n422,1,23,1,1,3
n423,n423,1,23,1,1,4
n424,n424,1,23,1,1,5
n425,n425,1,23,1,1,6
n426,n426,1,23,1,1,7
n427,n427,1,23,1,1,8
n428,n428,1,23,1,1,9
n429,n429,1,23,1,1,10
n430,n430,1,23,1,1,11
n431,n431,1,23,1,1,12
r5,r5,1,23,2,1,1
r6,r6,1,23,2,1,2
n432,n432,1,23,2,1,3
n433,n433,1,23,2,1,4
n434,n434,1,23,2,1,5
n435,n435,1,23,2,1,6
n436,n436,1,23,2,1,7
n437,n437,1,23,2,1,8
n438,n438,1,23,5,2,1
n439,n439,1,23,5,2,2
n440,n440,1,23,5,2,3
n441,n441,1,23,5,2,4
n442,n442,1,23,5,2,5
n443,n443,1,23,5,2,6
n444,n444,1,23,5,2,7
n445,n445,1,23,5,2,8
n446,n446,1,23,5,2,9
n447,n447,1,23,5,2,10
n448,n448,1,24,1,1,1
r7,r7,1,24,1,1,2
r8,r8,1,24,1,1,3
n449,n449,1,24,1,1,4
n450,n450,1,24,1,1,5
n451,n451,1,24,1,1,6
n452,n452,1,24,1,1,7
n453,n453,1,24,1,1,8
n454,n454,1,24,1,1,9
r9,r9,1,24,2,1,1
r10,r10,1,24,2,1,2
n455,n455,1,24,2,1,3
n456,n456,1,24,2,1,4
n457,n457,1,24,2,1,5
n458,n458,1,24,2,1,6
n459,n459,1,24,2,1,7
n460,n460,1,24,2,1,8
n461,n461,1,24,5,2,1
n462,n462,1,24,5,2,2
n463,n463,1,24,5,2,3
n464,n464,1,24,5,2,4
n465,n465,1,24,5,2,5
n466,n466,1,24,5,2,6
n467,n467,1,24,5,2,7
n468,n468,1,24,5,2,8
n469,n469,1,24,5,2,9
n470,n470,1,24,5,2,10
n471,n471,1,25,1,1,1
n472,n472,1,25,1,1,2
n473,n473,1,25,1,1,3
n474,n474,1,25,1,1,4
n475,n475,1,25,1,1,5
n476,n476,1,25,1,1,6
n477,n477,1,25,1,1,7
n478,n478,1,25,1,1,8
n479,n479,1,25,1,1,9
n480,n480,1,25,1,1,10
n481,n481,1,25,5,2,1
n482,n482,1,25,5,2,2
n483,n483,1,25,5,2,3
n484,n484,1,25,5,2,4
n485,n485,1,25,5,2,5
n486,n486,1,25,5,2,6
n487,n487,1,25,5,2,7
n488,n488,1,25,5,2,8
n489,n489,1,25,5,2,9
n490,n490,1,26,1,1,1
n491,n491,1,26,1,1,2
n492,n492,1,26,1,1,3
n493,n493,1,26,1,1,4
n494,n494,1,26,1,1,5
n495,n495,1,26,1,1,6
n496,n496,1,26,1,1,7
n497,n497,1,26,1,1,8
n498,n498,1,26,5,2,1
n499,n499,1,26,5,2,2
n500,n500,1,26,5,2,3
n501,n501,1,26,5,2,4
n502,n502,1,26,5,2,5
n503,n503,1,26,5,2,6
n504,n504,1,26,5,2,7
n505,n505,1,26,5,2,8
n506,n506,1,27,1,1,1
n507,n507,1,27,1,1,2
n508,n508,1,27,1,1,3
n509,n509,1,27,1,1,4
n510,n510,1,27,1,1,5
n511,n511,1,27,1,1,6
n512,n512,1,27,1,1,7
n513,n513,1,27,1,1,8
n514,n514,1,27,1,1,9
n515,n515,1,27,5,2,1
n516,n516,1,27,5,2,2
n517,n517,1,27,5,2,3
n518,n518,1,27,5,2,4
n519,n519,1,27,5,2,5
n520,n520,1,27,5,2,6
n521,n521,1,27,5,2,7
n522,n522,1,27,5,2,8
n523,n523,1,27,5,2,9
n524,n524,1,27,5,2,10
n525,n525,1,27,5,2,11
n526,n526,1,27,5,2,12
n527,n527,1,27,5,2,13
n528,n528,1,27,5,2,14
n529,n529,1,27,5,2,15
n530,n530,1,27,5,2,16
n531,n531,1,27,5,2,17
n532,n532,1,28,1,1,1
n533,n533,1,28,1,1,2
n534,n534,1,28,1,1,3
n535,n535,1,28,1,1,4
n536,n536,1,28,1,1,5
n537,n537,1,28,1,1,6
n538,n538,1,28,1,1,7
n539,n539,1,28,1,1,8
n540,n540,1,28,5,2,1
n541,n541,1,28,5,2,2
n542,n542,1,28,5,2,3
n543,n543,1,28,5,2,4
n544,n544,1,28,5,2,5
n545,n545,1,28,5,2,6
n546,n546,1,28,5,2,7
n547,n547,1,29,1,1,1
n548,n548,1,29,1,1,2
n549,n549,1,29,1,1,3
n550,n550,1,29,1,1,4
n551,n551,1,29,1,1,5
n552,n552,1,29,1,1,6
n553,n553,1,29,1,1,7
n554,n554,1,29,1,1,8
n555,n555,1,29,1,1,9
n556,n556,1,29,5,2,1
n557,n557,1,29,5,2,2
n558,n558,1,29,5,2,3
n559,n559,1,29,5,2,4
n560,n560,1,29,5,2,5
n561,n561,1,29,5,2,6
n562,n562,1,29,5,2,7
n563,n563,1,29,5,2,8
n564,n564,1,29,5,2,9
n565,n565,1,29,5,2,10
n566,n566,1,30,1,1,1
n567,n567,1,30,1,1,2
n568,n568,1,30,1,1,3
n569,n569,1,30,1,1,4
n570,n570,1,30,1,1,5
n571,n571,1,30,1,1,6
n572,n572,1,30,1,1,7
n573,n573,1,30,1,1,8
n574,n574,1,30,1,1,9
n575,n575,1,30,5,2,1
n576,n576,1,30,5,2,2
n577,n577,1,30,5,2,3
n578,n578,1,30,5,2,4
n579,n579,1,30,5,2,5
n580,n580,1,30,5,2,6
n581,n581,1,30,5,2,7
n582,n582,1,30,5,2,8
n583,n583,1,30,5,2,9
n584,n584,1,30,5,2,10
n585,n585,1,31,1,1,1
n586,n586,1,31,1,1,2
n587,n587,1,31,1,1,3
n588,n588,1,31,1,1,4
n593,n593,1,31,1,1,5
n594,n594,1,31,1,1,6
n595,n595,1,31,1,1,7
n596,n596,1,31,1,1,8
n597,n597,1,31,1,1,9
n598,n598,1,31,1,1,10
n599,n599,1,31,5,2,1
n600,n600,1,31,5,2,2
n601,n601,1,31,5,2,3
n602,n602,1,31,5,2,4
n603,n603,1,31,5,2,5
n604,n604,1,31,5,2,6
n605,n605,1,31,5,2,7
n606,n606,1,31,5,2,8
n607,n607,1,31,5,2,9
n608,n608,1,31,5,2,10
n609,n609,1,32,1,1,1
n610,n610,1,32,1,1,2
n611,n611,1,32,1,1,3
n612,n612,1,32,1,1,4
n617,n617,1,32,1,1,5
n618,n618,1,32,1,1,6
n619,n619,1,32,1,1,7
n620,n620,1,32,1,1,8
n621,n621,1,32,1,1,9
n622,n622,1,32,1,1,10
n623,n623,1,32,5,2,1
n624,n624,1,32,5,2,2
n625,n625,1,32,5,2,3
n626,n626,1,32,5,2,4
n627,n627,1,32,5,2,5
n628,n628,1,32,5,2,6
n629,n629,1,32,5,2,7
n630,n630,1,32,5,2,8
n631,n631,1,32,5,2,9
n632,n632,1,32,5,2,10
n633,n633,1,33,1,1,1
n634,n634,1,33,1,1,2
n635,n635,1,33,1,1,3
n636,n636,1,33,1,1,4
n637,n637,1,33,1,1,5
n638,n638,1,33,1,1,6
n639,n639,1,33,1,1,7
n640,n640,1,33,1,1,8
n641,n641,1,33,1,1,9
n642,n642,1,33,1,1,10
n643,n643,1,33,1,1,11
n644,n644,1,33,1,1,12
n645,n645,1,33,1,1,13
n646,n646,1,33,1,1,14
n647,n647,1,33,1,1,15
n648,n648,1,33,1,1,16
n649,n649,1,33,5,2,1
n650,n650,1,33,5,2,2
n651,n651,1,33,5,2,3
n652,n652,1,33,5,2,4
n653,n653,1,33,5,2,5
n654,n654,1,33,5,2,6
n655,n655,1,33,5,2,7
n656,n656,1,34,1,1,1
n657,n657,1,34,1,1,2
n658,n658,1,34,1,1,3
n659,n659,1,34,1,1,4
n660,n660,1,34,1,1,5
n661,n661,1,34,1,1,6
n662,n662,1,34,1,1,7
n663,n663,1,34,1,1,8
n664,n664,1,34,1,1,9
n665,n665,1,34,1,1,10
n666,n666,1,34,1,1,11
n667,n667,1,34,1,1,12
n668,n668,1,34,1,1,13
n669,n669,1,34,1,1,14
n670,n670,1,34,1,1,15
n671,n671,1,34,1,1,16
n672,n672,1,34,5,2,1
n673,n673,1,34,5,2,2
n674,n674,1,34,5,2,3
n675,n675,1,34,5,2,4
n676,n676,1,34,5,2,5
n677,n677,1,34,6,2,1
n678,n678,1,34,6,2,2
n679,n679,1,35,1,1,1
n680,n680,1,35,1,1,2
n681,n681,1,35,1,1,3
n682,n682,1,35,1,1,4
n683,n683,1,35,1,1,5
n684,n684,1,35,1,1,6
n685,n685,1,35,1,1,7
n686,n686,1,35,1,1,8
n687,n687,1,35,1,1,9
n688,n688,1,35,1,1,10
n689,n689,1,35,1,1,11
n690,n690,1,35,1,1,12
n691,n691,1,35,1,2,1
n692,n692,1,35,5,2,1
n693,n693,1,35,5,2,2
n694,n694,1,35,5,2,3
n695,n695,1,35,5,2,4
n696,n696,1,36,1,1,1
n697,n697,1,36,5,2,1
n698,n698,1,36,5,2,2
n699,n699,1,36,5,2,3
n700,n700,1,36,5,2,4
n701,n701,1,36,5,2,5
n702,n702,1,36,5,2,6
n703,n703,1,36,5,2,7
n704,n704,1,36,5,2,8
n705,n705,1,37,1,1,1
n706,n706,1,37,1,1,2
n707,n707,1,37,1,1,3
n708,n708,1,37,1,1,4
n709,n709,1,37,1,1,5
n710,n710,1,37,1,1,6
n711,n711,1,37,1,1,7
n712,n712,1,37,1,1,8
n713,n713,1,37,5,2,1
n714,n714,1,37,5,2,2
n715,n715,1,37,5,2,3
n716,n716,1,37,5,2,4
n717,n717,1,37,5,2,5
n718,n718,1,37,5,2,6
n719,n719,1,37,5,2,7
n720,n720,1,38,1,1,1
n721,n721,1,38,1,1,2
n722,n722,1,38,1,1,3
n723,n723,1,38,1,1,4
n724,n724,1,38,1,1,5
n725,n725,1,38,1,1,6
n726,n726,1,38,1,1,7
n727,n727,1,38,1,1,8
n728,n728,1,38,5,2,1
n729,n729,1,38,5,2,2
n730,n730,1,38,5,2,3
n731,n731,1,38,5,2,4
n732,n732,1,38,5,2,5
n733,n733,1,38,5,2,6
n734,n734,1,39,1,1,1
n735,n735,1,39,2,1,1
n736,n736,1,39,2,1,2
n737,n737,1,39,2,1,3
n738,n738,1,39,2,1,4
n739,n739,1,39,2,1,5
n740,n740,1,39,5,2,1
n741,n741,1,39,5,2,2
n742,n742,1,39,5,2,3
n743,n743,1,39,5,2,4
n744,n744,1,39,5,2,5
n745,n745,1,39,5,2,6
n746,n746,1,40,1,1,1
n747,n747,1,40,2,1,1
n748,n748,1,40,2,1,2
n749,n749,1,40,2,1,3
n750,n750,1,40,5,2,1
n751,n751,1,40,5,2,2
n752,n752,1,40,5,2,3
n753,n753,1,40,5,2,4
n754,n754,1,41,1,1,1
n755,n755,1,41,2,1,1
n756,n756,1,41,2,1,2
n757,n757,1,41,2,1,3
n758,n758,1,41,2,1,4
n759,n759,1,41,2,1,5
n760,n760,1,41,2,1,6
n761,n761,1,41,5,2,1
n762,n762,1,41,5,2,2
n763,n763,1,41,5,2,3
n764,n764,1,41,5,2,4
n765,n765,1,41,5,2,5
n766,n766,1,42,1,1,1
n767,n767,1,42,1,1,2
n768,n768,1,42,1,1,3
n769,n769,1,42,1,1,4
n770,n770,1,42,2,1,1
n771,n771,1,42,2,1,2
n772,n772,1,42,2,1,3
n773,n773,1,42,2,1,4
n774,n774,1,42,2,1,5
n775,n775,1,42,2,1,6
n776,n776,1,42,2,1,7
n777,n777,1,42,5,2,1
n778,n778,1,42,5,2,2
n779,n779,1,42,5,2,3
n780,n780,1,42,5,2,4
n781,n781,1,42,5,2,5
n782,n782,1,42,5,2,6
n783,n783,1,43,1,1,1
n784,n784,1,43,1,1,2
n785,n785,1,43,1,1,3
n786,n786,1,43,1,1,4
n787,n787,1,43,2,1,1
n788,n788,1,43,2,1,2
n789,n789,1,43,2,1,3
n790,n790,1,43,2,1,4
n791,n791,1,43,2,1,5
n792,n792,1,43,2,1,6
n793,n793,1,43,2,1,7
n794,n794,1,43,5,2,1
n795,n795,1,43,5,2,2
n796,n796,1,43,5,2,3
n797,n797,1,43,5,2,4
n798,n798,1,43,5,2,5
n799,n799,1,43,5,2,6
n800,n800,1,44,1,1,1
n801,n801,1,44,1,1,2
n802,n802,1,44,1,1,3
n803,n803,1,44,1,1,4
n804,n804,1,44,2,1,1
n805,n805,1,44,2,1,2
n806,n806,1,44,2,1,3
n807,n807,1,44,2,1,4
n808,n808,1,44,2,1,5
n809,n809,1,44,2,1,6
n810,n810,1,44,2,1,7
n811,n811,1,44,5,2,1
n812,n812,1,44,5,2,2
n813,n813,1,44,5,2,3
n814,n814,1,44,5,2,4
n815,n815,1,44,5,2,5
n816,n816,1,44,5,2,6
n817,n817,1,45,1,1,1
n818,n818,1,45,1,1,2
n819,n819,1,45,1,1,3
n820,n820,1,45,1,1,4
n821,n821,1,45,1,1,5
n822,n822,1,45,1,1,6
n823,n823,1,45,1,1,7
n824,n824,1,45,1,1,8
n825,n825,1,45,1,1,9
n826,n826,1,45,1,1,10
n827,n827,1,45,1,1,11
n828,n828,1,45,1,1,12
n829,n829,1,45,1,1,13
n830,n830,1,45,1,1,14
n831,n831,1,45,1,1,15
r11,r11,1,45,5,2,1
n832,n832,1,45,5,2,2
n833,n833,1,45,5,2,3
n834,n834,1,45,5,2,4
n835,n835,1,45,5,2,5
n836,n836,1,45,5,2,6
n837,n837,1,45,5,2,7
n838,n838,1,45,5,2,8
n839,n839,1,45,6,2,1
n840,n840,1,46,1,1,1
n841,n841,1,46,1,1,2
n842,n842,1,46,1,1,3
n843,n843,1,46,1,1,4
n844,n844,1,46,1,1,5
n845,n845,1,46,1,1,6
n846,n846,1,46,1,1,7
n847,n847,1,46,1,1,8
n848,n848,1,46,1,1,9
n849,n849,1,46,1,1,10
n850,n850,1,46,1,1,11
n851,n851,1,46,1,1,12
n852,n852,1,46,1,1,13
n853,n853,1,46,2,1,1
n854,n854,1,46,2,1,2
n855,n855,1,46,2,1,3
n856,n856,1,46,5,2,1
n857,n857,1,46,5,2,2
n858,n858,1,46,5,2,3
n859,n859,1,46,5,2,4
n860,n860,1,46,5,2,5
n861,n861,1,46,5,2,6
n862,n862,1,46,5,2,7
n863,n863,1,46,5,2,8
n864,n864,1,46,5,2,9
n865,n865,1,46,5,2,10
n866,n866,1,46,5,1,1
n867,n867,1,46,5,1,2
n868,n868,1,46,5,2,11
n869,n869,1,46,5,2,12
n870,n870,1,46,5,2,13
n871,n871,1,46,6,2,1
n872,n872,1,46,6,2,2
n873,n873,1,46,6,2,3
n874,n874,1,47,1,1,1
n875,n875,1,47,1,1,2
n876,n876,1,47,1,1,3
n877,n877,1,47,1,1,4
n878,n878,1,47,1,1,5
n879,n879,1,47,1,1,6
n880,n880,1,47,5,2,1
n881,n881,1,47,5,2,2
n882,n882,1,47,5,2,3
n883,n883,1,47,5,2,4
n884,n884,1,47,5,2,5
n885,n885,1,48,1,1,1
n886,n886,1,48,1,1,2
n887,n887,1,48,1,1,3
n888,n888,1,48,1,1,4
n889,n889,1,48,1,1,5
n890,n890,1,48,5,2,1
n891,n891,1,48,5,2,2
n892,n892,1,48,5,2,3
n893,n893,1,48,5,2,4
n894,n894,1,48,5,2,5
n895,n895,1,48,5,2,6
n896,n896,1,49,1,1,1
n897,n897,1,49,1,1,2
n898,n898,1,49,1,1,3
n899,n899,1,49,1,1,4
n900,n900,1,49,5,2,1
n901,n901,1,49,5,2,2
n902,n902,1,49,5,2,3
n903,n903,1,49,5,2,4
n904,n904,1,50,1,1,1
n905,n905,1,50,1,1,2
n906,n906,1,50,5,2,1
n907,n907,1,50,5,2,2
n908,n908,1,50,5,2,3
n909,n909,1,50,5,2,4
n910,n910,1,51,1,1,1
n911,n911,1,51,1,1,2
n912,n912,1,51,5,2,1
n913,n913,1,51,5,2,2
n914,n914,1,51,5,2,3
n915,n915,1,51,5,2,4
n916,n916,1,52,1,1,1
n917,n917,1,52,1,1,2
n918,n918,1,52,1,1,3
n919,n919,1,52,1,1,4
n920,n920,1,52,1,1,5
n921,n921,1,52,1,1,6
n922,n922,1,52,1,1,7
n923,n923,1,52,5,2,1
n924,n924,1,52,5,2,2
n925,n925,1,52,5,2,3
n926,n926,1,52,5,2,4
n927,n927,1,52,5,2,5
n928,n928,1,52,5,2,6
n929,n929,1,53,1,1,1
n930,n930,1,53,1,1,2
n931,n931,1,53,1,1,3
n932,n932,1,53,1,1,4
n933,n933,1,53,1,1,5
n934,n934,1,53,1,1,6
n935,n935,1,53,5,2,1
n936,n936,1,54,1,1,1
n937,n937,1,54,1,1,2
n938,n938,1,54,1,1,3
n939,n939,1,54,1,1,4
n940,n940,1,54,1,1,5
n941,n941,1,54,1,1,6
n942,n942,1,54,1,1,7
n943,n943,1,54,1,1,8
n944,n944,1,54,5,2,1
n945,n945,1,54,5,2,2
n946,n946,1,54,5,2,3
n947,n947,1,54,5,2,4
n948,n948,1,54,5,2,5
n949,n949,1,54,5,2,6
n950,n950,1,54,5,2,7
n951,n951,1,54,5,2,8
n952,n952,1,54,5,2,9
n953,n953,1,54,5,2,10
n954,n954,1,55,1,1,1
n955,n955,1,55,1,1,2
n956,n956,1,55,1,1,3
n957,n957,1,55,1,1,4
n958,n958,1,55,1,1,5
n959,n959,1,55,1,1,6
n960,n960,1,55,1,1,7
n961,n961,1,55,1,1,8
n962,n962,1,55,1,1,9
n963,n963,1,55,1,1,10
n964,n964,1,55,1,1,11
n965,n965,1,55,5,2,1
n966,n966,1,55,5,2,2
n967,n967,1,55,5,2,3
n968,n968,1,55,5,2,4
n969,n969,1,55,5,2,5
n970,n970,1,55,5,2,6
n971,n971,1,55,5,2,7
n972,n972,1,55,5,2,8
n973,n973,1,56,1,1,1
n974,n974,1,56,1,1,2
n975,n975,1,56,1,1,3
n976,n976,1,56,1,1,4
n977,n977,1,56,1,1,5
n978,n978,1,56,1,1,6
n979,n979,1,56,1,1,7
n980,n980,1,56,1,1,8
n981,n981,1,56,5,2,1
n982,n982,1,56,5,2,2
n983,n983,1,56,5,2,3
n984,n984,1,56,5,2,4
n985,n985,1,56,5,2,5
n986,n986,1,56,5,2,6
n987,n987,1,56,5,2,7
n988,n988,1,56,5,2,8
n989,n989,1,56,5,2,9
n990,n990,1,57,1,1,1
n991,n991,1,57,1,1,2
n992,n992,1,57,1,1,3
n993,n993,1,57,1,1,4
n994,n994,1,57,1,1,5
n995,n995,1,57,1,1,6
n996,n996,1,57,1,1,7
n997,n997,1,57,1,1,8
n998,n998,1,57,1,1,9
n999,n999,1,57,1,1,10
n1000,n1000,1,57,1,1,11
n1001,n1001,1,57,5,2,1
n1002,n1002,1,57,5,2,2
n1003,n1003,1,57,5,2,3
n1004,n1004,1,57,5,2,4
n1005,n1005,1,57,5,2,5
n1006,n1006,1,57,6,2,1
n1007,n1007,1,57,6,2,2
n1008,n1008,1,57,6,2,3
n1009,n1009,1,57,7,2,1
n1010,n1010,1,58,1,1,1
n1011,n1011,1,58,1,1,2
n1012,n1012,1,58,1,1,3
n1013,n1013,1,58,1,1,4
n1014,n1014,1,58,1,1,5
n1015,n1015,1,58,1,1,6
n1016,n1016,1,58,1,1,7
n1017,n1017,1,58,1,1,8
n1018,n1018,1,58,1,1,9
n1019,n1019,1,58,5,2,1
n1020,n1020,1,58,5,2,2
n1021,n1021,1,58,5,2,3
n1022,n1022,1,58,5,2,4
n1023,n1023,1,58,5,2,5
n1024,n1024,1,58,5,2,6
n1025,n1025,1,58,5,2,7
n1026,n1026,1,58,5,2,8
n1027,n1027,1,58,5,2,9
n1028,n1028,1,58,5,2,10
n1029,n1029,1,58,6,2,1
n1030,n1030,1,58,6,2,2
n1031,n1031,1,59,1,1,1
n1032,n1032,1,59,1,1,2
n1033,n1033,1,59,1,1,3
n1034,n1034,1,59,1,1,4
n1035,n1035,1,59,1,1,5
n1036,n1036,1,59,1,1,6
n1037,n1037,1,59,1,1,7
n1038,n1038,1,59,1,1,8
n1039,n1039,1,59,1,1,9
n1040,n1040,1,59,1,1,10
n1041,n1041,1,59,1,1,11
n1042,n1042,1,59,5,2,1
n1043,n1043,1,59,5,2,2
n1044,n1044,1,59,5,2,3
n1045,n1045,1,59,5,2,4
n1046,n1046,1,59,5,2,5
n1047,n1047,1,59,5,2,6
n1048,n1048,1,59,5,2,7
n1049,n1049,1,59,5,2,8
n1050,n1050,1,60,1,1,1
n1051,n1051,1,60,1,1,2
n1052,n1052,1,60,1,1,3
n1053,n1053,1,60,1,1,4
n1054,n1054,1,60,1,1,5
n1055,n1055,1,60,1,1,6
n1056,n1056,1,60,1,1,7
n1057,n1057,1,60,1,1,8
n1058,n1058,1,60,5,2,1
n1059,n1059,1,60,5,2,2
n1060,n1060,1,60,5,2,3
n1061,n1061,1,60,5,2,4
n1062,n1062,1,60,5,2,5
n1063,n1063,1,60,5,2,6
n1064,n1064,1,60,5,2,7
n1065,n1065,1,60,5,2,8
n1066,n1066,1,60,5,2,9
n1067,n1067,1,61,1,1,1
n1068,n1068,1,61,1,1,2
n1069,n1069,1,61,1,1,3
n1070,n1070,1,61,1,1,4
n1071,n1071,1,61,1,1,5
n1072,n1072,1,61,1,1,6
n1073,n1073,1,61,1,1,7
n1074,n1074,1,61,1,1,8
n1075,n1075,1,61,1,1,9
n1076,n1076,1,61,1,1,10
n1077,n1077,1,61,1,1,11
n1078,n1078,1,61,5,2,1
n1079,n1079,1,61,5,2,2
n1080,n1080,1,61,5,2,3
n1081,n1081,1,61,5,2,4
n1082,n1082,1,61,5,2,5
n1083,n1083,1,61,6,2,1
n1084,n1084,1,61,6,2,2
n1085,n1085,1,61,6,2,3
n1086,n1086,1,61,7,2,1
n1087,n1087,1,62,1,1,1
n1088,n1088,1,62,1,1,2
n1089,n1089,1,62,1,1,3
n1090,n1090,1,62,1,1,4
n1091,n1091,1,62,1,1,5
n1092,n1092,1,62,1,1,6
n1093,n1093,1,62,1,1,7
n1094,n1094,1,62,1,1,8
n1095,n1095,1,62,1,1,9
n1096,n1096,1,62,1,1,10
n1097,n1097,1,62,1,1,11
n1098,n1098,1,62,1,1,12
n1099,n1099,1,62,5,2,1
r12,r12,1,62,5,2,2
n1100,n1100,1,62,5,2,3
n1101,n1101,1,62,5,2,4
n1102,n1102,1,62,5,2,5
n1103,n1103,1,62,6,2,1
n1104,n1104,1,62,6,2,2
n1105,n1105,1,62,6,2,3
n1106,n1106,1,62,6,2,4
n1107,n1107,1,62,6,2,5
n1108,n1108,1,62,7,2,1
n1109,n1109,1,63,1,1,1
n1110,n1110,1,63,1,1,2
r13,r13,1,63,1,1,3
n1111,n1111,1,63,1,1,4
n1112,n1112,1,63,1,1,5
r14,r14,1,63,1,1,6
n1113,n1113,1,63,1,1,7
n1114,n1114,1,63,2,1,1
n1115,n1115,1,63,2,1,2
n1116,n1116,1,63,2,1,3
n1117,n1117,1,63,5,2,1
n1118,n1118,1,63,5,2,2
n1119,n1119,1,63,5,2,3
n1120,n1120,1,63,5,2,4
n1121,n1121,1,63,5,2,5
n1122,n1122,1,63,5,2,6
n1123,n1123,1,64,1,1,1
r15,r15,1,64,1,1,2
n1124,n1124,1,64,1,1,3
n1125,n1125,1,64,1,1,4
n1126,n1126,1,64,1,1,5
n1127,n1127,1,64,1,1,6
n1128,n1128,1,64,2,1,1
n1129,n1129,1,64,2,1,2
n1130,n1130,1,64,2,1,3
n1131,n1131,1,64,2,1,4
n1132,n1132,1,64,2,1,5
n1133,n1133,1,64,5,2,1
n1134,n1134,1,64,5,2,2
n1135,n1135,1,64,5,2,3
n1136,n1136,1,64,5,2,4
n1137,n1137,1,64,5,2,5
n1138,n1138,1,64,5,2,6
n1139,n1139,1,65,1,1,1
n1140,n1140,1,65,1,1,2
r16,r16,1,65,1,1,3
n1141,n1141,1,65,1,1,4
n1142,n1142,1,65,1,1,5
n1143,n1143,1,65,2,1,1
n1144,n1144,1,65,2,1,2
n1145,n1145,1,65,2,1,3
n1146,n1146,1,65,5,2,1
n1147,n1147,1,65,5,2,2
n1148,n1148,1,65,5,2,3
n1149,n1149,1,65,5,2,4
n1150,n1150,1,65,5,2,5
n1151,n1151,1,65,5,2,6
n1152,n1152,1,65,5,2,7
n1153,n1153,1,65,5,2,8
n1154,n1154,1,65,5,2,9
n1155,n1155,1,65,5,2,10
n1156,n1156,1,66,1,1,1
n1157,n1157,1,66,1,1,2
n1158,n1158,1,66,1,1,3
n1159,n1159,1,66,1,1,4
n1160,n1160,1,66,1,1,5
n1161,n1161,1,66,1,1,6
n1162,n1162,1,66,1,1,7
n1163,n1163,1,66,1,1,8
n1164,n1164,1,66,2,1,1
n1165,n1165,1,66,2,1,2
n1166,n1166,1,66,2,1,3
n1167,n1167,1,66,2,1,4
n1168,n1168,1,66,5,2,1
n1169,n1169,1,66,5,2,2
n1170,n1170,1,66,5,2,3
n1171,n1171,1,66,5,2,4
n1172,n1172,1,66,5,2,5
n1173,n1173,1,66,5,2,6
n1174,n1174,1,66,5,2,7
n1175,n1175,1,66,5,2,8
n1176,n1176,1,66,5,2,9
n1177,n1177,1,67,1,1,1
n1178,n1178,1,67,1,1,2
n1179,n1179,1,67,1,1,3
n1180,n1180,1,67,1,1,4
n1181,n1181,1,67,1,1,5
r17,r17,1,67,1,1,6
n1182,n1182,1,67,1,1,7
n1183,n1183,1,67,1,1,8
n1184,n1184,1,67,1,1,9
n1185,n1185,1,67,2,1,1
n1186,n1186,1,67,2,1,2
n1187,n1187,1,67,5,2,1
n1188,n1188,1,67,5,2,2
n1189,n1189,1,67,5,2,3
n1190,n1190,1,67,5,2,4
n1191,n1191,1,67,5,2,5
n1192,n1192,1,67,5,2,6
n1193,n1193,1,67,5,2,7
n1194,n1194,1,67,5,2,8
n1195,n1195,1,67,5,2,9
n1196,n1196,1,68,1,1,1
n1197,n1197,1,68,1,1,2
n1198,n1198,1,68,1,1,3
n1199,n1199,1,68,1,1,4
n1200,n1200,1,68,1,1,5
n1201,n1201,1,68,1,1,6
n1202,n1202,1,68,1,1,7
n1203,n1203,1,68,1,1,8
n1204,n1204,1,68,1,1,9
n1205,n1205,1,68,1,1,10
n1206,n1206,1,68,1,1,11
n1207,n1207,1,68,1,1,12
n1208,n1208,1,68,5,2,1
n1209,n1209,1,68,5,2,2
n1210,n1210,1,68,5,2,3
n1211,n1211,1,68,5,2,4
n1212,n1212,1,68,5,2,5
n1213,n1213,1,68,5,2,6
n1214,n1214,1,68,5,2,7
n1215,n1215,1,68,5,2,8
n1216,n1216,1,68,5,2,9
n1217,n1217,1,68,5,2,10
n1218,n1218,1,69,1,1,1
n1219,n1219,1,69,1,1,2
n1220,n1220,1,69,1,1,3
n1221,n1221,1,69,1,1,4
n1222,n1222,1,69,1,1,5
n1223,n1223,1,69,1,1,6
n1224,n1224,1,69,1,1,7
n1225,n1225,1,69,1,1,8
n1226,n1226,1,69,1,1,9
n1227,n1227,1,69,1,1,10
n1228,n1228,1,69,1,1,11
n1229,n1229,1,69,5,2,1
n1230,n1230,1,69,5,2,2
n1231,n1231,1,69,5,2,3
n1232,n1232,1,69,5,2,4
n1233,n1233,1,69,5,2,5
n1234,n1234,1,69,5,2,6
n1235,n1235,1,69,5,2,7
n1236,n1236,1,69,5,2,8
n1237,n1237,1,69,5,2,9
n1238,n1238,1,69,5,2,10
n1239,n1239,1,69,5,2,11
n1240,n1240,1,70,1,1,1
n1241,n1241,1,70,1,1,2
n1242,n1242,1,70,1,1,3
n1243,n1243,1,70,1,1,4
n1244,n1244,1,70,1,1,5
n1245,n1245,1,70,1,1,6
n1246,n1246,1,70,1,1,7
n1247,n1247,1,70,1,1,8
n1248,n1248,1,70,2,1,1
n1249,n1249,1,70,5,2,1
n1250,n1250,1,70,5,2,2
n1251,n1251,1,70,5,2,3
n1252,n1252,1,70,5,2,4
n1253,n1253,1,70,5,2,5
n1254,n1254,1,70,5,2,6
n1255,n1255,1,70,5,2,7
n1256,n1256,1,70,5,2,8
n1257,n1257,1,70,5,2,9
n1258,n1258,1,70,5,2,10
n1259,n1259,1,71,1,1,1
n1260,n1260,1,71,1,1,2
n1261,n1261,1,71,1,1,3
n1262,n1262,1,71,1,1,4
n1263,n1263,1,71,1,1,5
n1264,n1264,1,71,1,1,6
n1265,n1265,1,71,1,1,7
n1266,n1266,1,71,1,1,8
n1267,n1267,1,71,1,1,9
n1268,n1268,1,71,1,1,10
n1269,n1269,1,71,1,1,11
n1270,n1270,1,71,1,1,12
n1271,n1271,1,71,1,1,13
n1272,n1272,1,71,5,2,1
n1273,n1273,1,71,5,2,2
n1274,n1274,1,71,5,2,3
n1275,n1275,1,71,5,2,4
n1276,n1276,1,71,5,2,5
n1277,n1277,1,71,5,2,6
n1278,n1278,1,71,5,2,7
n1279,n1279,1,71,5,2,8
n1280,n1280,1,71,5,2,9
n1281,n1281,1,72,1,1,1
n1282,n1282,1,72,1,1,2
n1283,n1283,1,72,1,1,3
n1284,n1284,1,72,1,1,4
n1285,n1285,1,72,1,1,5
n1286,n1286,1,72,1,1,6
n1287,n1287,1,72,1,1,7
n1288,n1288,1,72,1,1,8
n1289,n1289,1,72,1,1,9
n1290,n1290,1,72,1,1,10
n1291,n1291,1,72,1,1,11
n1292,n1292,1,72,1,1,12
n1293,n1293,1,72,5,2,1
n1294,n1294,1,72,5,2,2
n1295,n1295,1,72,5,2,3
n1296,n1296,1,72,5,2,4
n1297,n1297,1,73,1,1,1
n1298,n1298,1,73,1,1,2
n1299,n1299,1,73,1,1,3
n1300,n1300,1,73,1,1,4
n1301,n1301,1,73,1,1,5
n1302,n1302,1,73,1,1,6
n1303,n1303,1,73,1,1,7
n1304,n1304,1,73,1,1,8
n1305,n1305,1,73,1,1,9
n1306,n1306,1,73,1,1,10
n1307,n1307,1,73,1,1,11
n1308,n1308,1,73,5,2,1
n1309,n1309,1,73,5,2,2
n1310,n1310,1,73,5,2,3
n1311,n1311,1,73,5,2,4
n1312,n1312,1,73,5,2,5
n1313,n1313,1,73,5,2,6
n1314,n1314,1,73,5,2,7
n1315,n1315,1,73,5,2,8
n1316,n1316,1,73,5,2,9
n1317,n1317,1,73,5,2,10
n1318,n1318,1,74,1,1,1
n1319,n1319,1,74,1,1,2
n1320,n1320,1,74,1,1,3
n1321,n1321,1,74,1,1,4
n1322,n1322,1,74,1,1,5
n1323,n1323,1,74,1,1,6
n1324,n1324,1,74,1,1,7
n1325,n1325,1,74,1,1,8
n1326,n1326,1,74,1,1,9
n1327,n1327,1,74,1,1,10
n1328,n1328,1,74,1,1,11
n1329,n1329,1,74,5,2,1
n1330,n1330,1,74,5,2,2
n1331,n1331,1,74,5,2,3
n1332,n1332,1,74,5,2,4
n1333,n1333,1,74,5,2,5
n1334,n1334,1,74,5,2,6
n1335,n1335,1,74,5,2,7
n1336,n1336,1,74,5,2,8
n1337,n1337,1,74,5,2,9
n1338,n1338,1,74,5,2,10
n1339,n1339,1,75,1,1,1
n1340,n1340,1,75,1,1,2
n1341,n1341,1,75,1,1,3
n1342,n1342,1,75,1,1,4
n1343,n1343,1,75,1,1,5
n1344,n1344,1,75,1,1,6
n1345,n1345,1,75,1,1,7
n1346,n1346,1,75,1,1,8
n1347,n1347,1,75,1,1,9
n1348,n1348,1,75,1,1,10
n1349,n1349,1,75,1,1,11
n1350,n1350,1,75,1,1,12
n1351,n1351,1,75,5,2,1
n1352,n1352,1,75,5,2,2
n1353,n1353,1,75,5,2,3
n1354,n1354,1,75,5,2,4
n1355,n1355,1,75,5,2,5
n1356,n1356,1,75,5,2,6
n1357,n1357,1,75,5,2,7
n1358,n1358,1,75,5,2,8
n1359,n1359,1,75,5,2,9
n1360,n1360,1,75,5,2,10
n1361,n1361,1,76,1,1,1
n1362,n1362,1,76,1,1,2
n1363,n1363,1,76,1,1,3
n1364,n1364,1,76,1,1,4
n1365,n1365,1,76,1,1,5
n1366,n1366,1,76,1,1,6
n1367,n1367,1,76,1,1,7
n1368,n1368,1,76,1,1,8
n1369,n1369,1,76,1,1,9
n1370,n1370,1,76,1,1,10
n1371,n1371,1,76,1,1,11
n1372,n1372,1,76,1,1,12
n1373,n1373,1,76,1,1,13
n1374,n1374,1,76,5,2,1
n1375,n1375,1,76,5,2,2
n1376,n1376,1,76,5,2,3
n1377,n1377,1,76,5,2,4
n1378,n1378,1,76,5,2,5
n1379,n1379,1,76,5,2,6
n1380,n1380,1,76,5,2,7
n1381,n1381,1,76,5,2,8
n1382,n1382,1,76,5,2,9
n1383,n1383,1,76,5,2,10
n1384,n1384,1,77,1,1,1
n1385,n1385,1,77,1,1,2
n1386,n1386,1,77,1,1,3
n1387,n1387,1,77,1,1,4
n1388,n1388,1,77,1,1,5
n1389,n1389,1,77,1,1,6
n1390,n1390,1,77,1,1,7
n1391,n1391,1,77,1,1,8
n1392,n1392,1,77,5,2,1
n1393,n1393,1,77,5,2,2
n1394,n1394,1,77,5,2,3
n1395,n1395,1,77,5,2,4
n1396,n1396,1,77,5,2,5
n1397,n1397,1,77,5,2,6
n1398,n1398,1,77,5,2,7
n1399,n1399,1,77,5,2,8
n1400,n1400,1,77,5,2,9
n1401,n1401,1,78,1,1,1
n1402,n1402,1,78,1,1,2
n1403,n1403,1,78,1,1,3
n1404,n1404,1,78,1,1,4
n1405,n1405,1,78,1,1,5
n1406,n1406,1,78,1,1,6
n1407,n1407,1,78,1,1,7
n1408,n1408,1,78,1,1,8
n1409,n1409,1,78,1,1,9
n1410,n1410,1,78,5,2,1
n1411,n1411,1,78,5,2,2
n1412,n1412,1,78,5,2,3
n1413,n1413,1,78,5,2,4
n1414,n1414,1,78,5,2,5
n1415,n1415,1,78,5,2,6
n1416,n1416,1,78,5,2,7
n1417,n1417,1,78,5,2,8
n1418,n1418,1,78,5,2,9
n1419,n1419,1,78,5,2,10
n1420,n1420,1,79,1,1,1
n1421,n1421,1,79,1,1,2
n1422,n1422,1,79,1,1,3
n1423,n1423,1,79,1,1,4
n1424,n1424,1,79,1,1,5
n1425,n1425,1,79,1,1,6
n1426,n1426,1,79,1,1,7
n1427,n1427,1,79,1,1,8
n1428,n1428,1,79,1,1,9
n1429,n1429,1,79,5,2,1
n1430,n1430,1,79,5,2,2
n1431,n1431,1,79,5,2,3
n1432,n1432,1,79,5,2,4
n1433,n1433,1,79,5,2,5
n1434,n1434,1,79,5,2,6
n1435,n1435,1,79,5,2,7
n1436,n1436,1,79,5,2,8
n1437,n1437,1,79,5,2,9
n1438,n1438,1,79,5,2,10
n1439,n1439,1,80,1,1,1
n1440,n1440,1,80,1,1,2
n1441,n1441,1,80,1,1,3
n1442,n1442,1,80,1,1,4
n1443,n1443,1,80,1,1,5
n1444,n1444,1,80,1,1,6
n1445,n1445,1,80,1,1,7
n1446,n1446,1,80,1,1,8
n1447,n1447,1,80,1,1,9
n1448,n1448,1,80,5,2,1
n1449,n1449,1,80,5,2,2
n1450,n1450,1,80,5,2,3
n1451,n1451,1,80,5,2,4
n1452,n1452,1,80,5,2,5
n1453,n1453,1,80,5,2,6
n1454,n1454,1,80,5,2,7
n1455,n1455,1,80,5,2,8
n1456,n1456,1,80,5,2,9
n1457,n1457,1,80,5,2,10
n1458,n1458,1,80,5,2,11
n1459,n1459,1,80,5,2,12
n1460,n1460,1,81,1,1,1
n1461,n1461,1,81,1,1,2
n1462,n1462,1,81,1,1,3
n1463,n1463,1,81,1,1,4
n1464,n1464,1,81,1,1,5
n1465,n1465,1,81,1,1,6
n1466,n1466,1,81,1,1,7
n1467,n1467,1,81,1,1,8
n1468,n1468,1,81,1,1,9
n1469,n1469,1,81,1,1,10
n1470,n1470,1,81,5,2,1
n1471,n1471,1,81,5,2,2
r18,r18,1,81,5,2,3
n1472,n1472,1,81,5,2,4
n1473,n1473,1,81,5,2,5
n1474,n1474,1,81,5,2,6
n1475,n1475,1,81,5,2,7
n1476,n1476,1,81,5,2,8
n1477,n1477,1,81,5,2,9
n1478,n1478,1,81,5,2,10
n1479,n1479,1,81,5,2,11
n1480,n1480,1,81,5,2,12
n1481,n1481,1,81,5,2,13
n1482,n1482,1,81,5,2,14
n1483,n1483,1,82,1,1,1
n1484,n1484,1,82,1,1,2
n1485,n1485,1,82,1,1,3
n1486,n1486,1,82,1,1,4
n1487,n1487,1,82,1,1,5
n1488,n1488,1,82,1,1,6
n1489,n1489,1,82,1,1,7
n1490,n1490,1,82,1,1,8
n1491,n1491,1,82,1,1,9
n1492,n1492,1,82,1,1,10
n1493,n1493,1,82,1,1,11
n1494,n1494,1,82,1,1,12
n1495,n1495,1,82,1,1,13
n1496,n1496,1,82,1,1,14
n1497,n1497,1,82,1,1,15
n1498,n1498,1,82,1,1,16
n1499,n1499,1,82,1,1,17
n1500,n1500,1,82,1,1,18
n1501,n1501,1,82,5,2,1
n1502,n1502,1,82,5,2,2
n1503,n1503,1,82,5,2,3
n1504,n1504,1,82,5,2,4
n1505,n1505,1,82,5,2,5
n1506,n1506,1,82,5,2,6
n1507,n1507,1,82,5,2,7
n1508,n1508,1,82,5,2,8
n1509,n1509,1,82,5,2,9
n1510,n1510,1,82,5,2,10
n1511,n1511,1,82,5,2,11
n1512,n1512,1,82,5,2,12
n1513,n1513,1,83,1,1,1
n1514,n1514,1,83,1,1,2
n1515,n1515,1,83,1,1,3
n1516,n1516,1,83,1,1,4
n1517,n1517,1,83,1,1,5
n1518,n1518,1,83,1,1,6
n1519,n1519,1,83,1,1,7
n1520,n1520,1,83,1,1,8
n1521,n1521,1,83,1,1,9
n1522,n1522,1,83,1,1,10
n1523,n1523,1,83,1,1,11
n1524,n1524,1,83,5,2,1
n1525,n1525,1,83,5,2,2
n1526,n1526,1,83,5,2,3
n1527,n1527,1,83,5,2,4
n1528,n1528,1,83,5,2,5
n1529,n1529,1,83,5,2,6
n1530,n1530,1,83,5,2,7
n1531,n1531,1,83,5,2,8
n1532,n1532,1,83,5,2,9
n1533,n1533,1,83,5,2,10
n1534,n1534,1,83,5,2,11
n1535,n1535,1,83,5,2,12
n1536,n1536,1,84,1,1,1
n1537,n1537,1,84,1,1,2
n1538,n1538,1,84,1,1,3
n1539,n1539,1,84,1,1,4
n1540,n1540,1,84,1,1,5
n1541,n1541,1,84,1,1,6
n1542,n1542,1,84,1,1,7
n1543,n1543,1,84,1,1,8
n1544,n1544,1,84,1,1,9
n1545,n1545,1,84,1,1,10
n1546,n1546,1,84,1,1,11
n1547,n1547,1,84,1,1,12
n1548,n1548,1,84,1,1,13
n1549,n1549,1,84,1,1,14
n1550,n1550,1,84,1,1,15
n1551,n1551,1,84,1,1,16
n1552,n1552,1,84,1,1,17
n1553,n1553,1,84,1,1,18
n1554,n1554,1,84,1,1,19
n1555,n1555,1,84,1,1,20
n1556,n1556,1,84,5,2,1
n1557,n1557,1,84,5,2,2
n1558,n1558,1,84,5,2,3
n1559,n1559,1,84,5,2,4
n1560,n1560,1,84,5,2,5
n1561,n1561,1,84,5,2,6
n1562,n1562,1,84,5,2,7
n1563,n1563,1,84,5,2,8
n1564,n1564,1,84,5,2,9
n1565,n1565,1,84,5,2,10
n1566,n1566,1,84,5,2,11
n1567,n1567,1,84,5,2,12
n1568,n1568,1,84,5,2,13
n1569,n1569,1,84,5,2,14
n1570,n1570,1,84,5,2,15
n1571,n1571,1,84,5,2,16
n1572,n1572,1,84,5,2,17
n1573,n1573,1,84,5,2,18
n1574,n1574,1,84,5,2,19
n1575,n1575,1,84,5,2,20
n1576,n1576,1,85,1,1,1
n1577,n1577,1,85,1,1,2
n1578,n1578,1,85,1,1,3
n1579,n1579,1,85,1,1,4
n1580,n1580,1,85,1,1,5
n1581,n1581,1,85,1,1,6
n1582,n1582,1,85,1,1,7
n1583,n1583,1,85,1,1,8
n1584,n1584,1,85,1,1,9
n1585,n1585,1,85,1,1,10
n1586,n1586,1,85,1,1,11
n1587,n1587,1,85,1,1,12
n1588,n1588,1,85,1,1,13
n1589,n1589,1,85,5,2,1
n1590,n1590,1,85,5,2,2
n1591,n1591,1,85,5,2,3
n1592,n1592,1,85,5,2,4
n1593,n1593,1,85,5,2,5
n1594,n1594,1,85,5,2,6
n1595,n1595,1,85,5,2,7
n1596,n1596,1,85,5,2,8
n1597,n1597,1,85,5,2,9
n1598,n1598,1,85,5,2,10
n1599,n1599,1,85,5,2,11
n1600,n1600,1,85,5,2,12
n1601,n1601,1,86,1,1,1
n1602,n1602,1,86,1,1,2
n1603,n1603,1,86,1,1,3
n1604,n1604,1,86,1,1,4
n1605,n1605,1,86,1,1,5
n1606,n1606,1,86,1,1,6
n1607,n1607,1,86,1,1,7
n1608,n1608,1,86,1,1,8
n1609,n1609,1,86,1,1,9
n1610,n1610,1,86,1,1,10
n1611,n1611,1,86,1,1,11
n1612,n1612,1,86,1,1,12
n1613,n1613,1,86,1,1,13
n1614,n1614,1,86,1,1,14
n1615,n1615,1,86,1,1,15
n1616,n1616,1,86,1,1,16
n1617,n1617,1,86,1,1,17
n1618,n1618,1,86,1,1,18
n1619,n1619,1,86,1,1,19
n1620,n1620,1,86,5,2,1
n1621,n1621,1,86,5,2,2
n1622,n1622,1,86,5,2,3
n1623,n1623,1,86,5,2,4
n1624,n1624,1,86,5,2,5
n1625,n1625,1,86,5,2,6
n1626,n1626,1,86,5,2,7
n1627,n1627,1,86,5,2,8
n1628,n1628,1,86,5,2,9
n1629,n1629,1,86,5,2,10
n1630,n1630,1,86,5,2,11
n1631,n1631,1,86,5,2,12
n1632,n1632,1,86,5,2,13
n1633,n1633,1,86,5,2,14
n1634,n1634,1,86,5,2,15
n1635,n1635,1,86,5,2,16
n1636,n1636,1,86,5,2,17
n1637,n1637,1,86,5,2,18
n1638,n1638,1,87,1,1,1
n1639,n1639,1,87,1,1,2
n1640,n1640,1,87,1,1,3
n1641,n1641,1,87,1,1,4
n1642,n1642,1,87,1,1,5
n1643,n1643,1,87,1,1,6
n1644,n1644,1,87,1,1,7
n1645,n1645,1,87,1,1,8
n1646,n1646,1,87,1,1,9
n1647,n1647,1,87,1,1,10
n1648,n1648,1,87,1,1,11
n1649,n1649,1,87,1,1,12
n1650,n1650,1,87,1,1,13
n1651,n1651,1,87,1,1,14
n1652,n1652,1,87,1,1,15
n1653,n1653,1,87,1,1,16
n1654,n1654,1,87,1,1,17
n1655,n1655,1,87,1,1,18
n1656,n1656,1,87,1,1,19
n1657,n1657,1,87,5,2,1
n1658,n1658,1,87,5,2,2
n1659,n1659,1,87,5,2,3
n1660,n1660,1,87,5,2,4
n1661,n1661,1,87,5,2,5
n1662,n1662,1,87,5,2,6
n1663,n1663,1,87,5,2,7
n1664,n1664,1,87,5,2,8
n1665,n1665,1,87,5,2,9
n1666,n1666,1,87,5,2,10
n1667,n1667,1,87,5,2,11
n1668,n1668,1,87,5,2,12
n1669,n1669,1,87,5,2,13
n1670,n1670,1,87,5,2,14
n1671,n1671,1,87,5,2,15
n1672,n1672,1,87,5,2,16
n1673,n1673,1,87,5,2,17
n1674,n1674,1,87,5,2,18
n1675,n1675,1,87,5,2,19
n1676,n1676,1,88,1,1,1
n1677,n1677,1,88,1,1,2
n1678,n1678,1,88,1,1,3
r19,r19,1,88,1,1,4
n1679,n1679,1,88,1,1,5
n1680,n1680,1,88,1,1,6
n1681,n1681,1,88,1,1,7
n1682,n1682,1,88,1,1,8
n1683,n1683,1,88,2,1,1
n1684,n1684,1,88,2,1,2
n1685,n1685,1,88,2,1,3
n1686,n1686,1,88,2,1,4
n1687,n1687,1,88,5,2,1
n1688,n1688,1,88,5,2,2
n1689,n1689,1,88,5,2,3
n1690,n1690,1,88,5,2,4
n1691,n1691,1,88,5,2,5
n1692,n1692,1,88,5,2,6
n1693,n1693,1,88,5,2,7
n1694,n1694,1,88,5,2,8
n1695,n1695,1,89,1,1,1
n1696,n1696,1,89,1,1,2
n1697,n1697,1,89,1,1,3
n1698,n1698,1,89,1,1,4
n1699,n1699,1,89,1,1,5
n1700,n1700,1,89,1,1,6
n1701,n1701,1,89,1,1,7
n1702,n1702,1,89,1,1,8
n1703,n1703,1,89,2,1,1
n1704,n1704,1,89,2,1,2
n1705,n1705,1,89,5,2,1
n1706,n1706,1,89,5,2,2
n1707,n1707,1,89,5,2,3
n1708,n1708,1,89,5,2,4
n1709,n1709,1,89,5,2,5
n1710,n1710,1,89,5,2,6
n1711,n1711,1,90,1,1,1
n1712,n1712,1,90,1,1,2
r20,r20,1,90,1,1,3
n1713,n1713,1,90,1,1,4
n1714,n1714,1,90,1,1,5
n1715,n1715,1,90,1,1,6
n1716,n1716,1,90,1,1,7
n1717,n1717,1,90,2,1,1
n1718,n1718,1,90,2,1,2
n1719,n1719,1,90,2,1,3
n1720,n1720,1,90,2,1,4
n1721,n1721,1,90,5,2,1
n1722,n1722,1,90,5,2,2
n1723,n1723,1,90,5,2,3
n1724,n1724,1,90,5,2,4
n1725,n1725,1,90,5,2,5
n1726,n1726,1,91,1,1,1
n1727,n1727,1,91,1,1,2
n1728,n1728,1,91,1,1,3
n1729,n1729,1,91,1,1,4
n1730,n1730,1,91,1,1,5
n1731,n1731,1,91,2,1,1
n1732,n1732,1,91,2,1,2
n1733,n1733,1,91,2,1,3
n1734,n1734,1,91,2,1,4
n1735,n1735,1,91,2,1,5
n1736,n1736,1,91,2,1,6
n1737,n1737,1,91,5,2,1
n1738,n1738,1,91,5,2,2
n1739,n1739,1,91,5,2,3
n1740,n1740,1,91,5,2,4
n1741,n1741,1,91,5,2,5
n1742,n1742,1,91,5,2,6
n1743,n1743,1,92,1,1,1
n1744,n1744,1,92,1,1,2
n1745,n1745,1,92,1,1,3
n1746,n1746,1,92,1,1,4
n1747,n1747,1,92,1,1,5
n1748,n1748,1,92,1,1,6
n1749,n1749,1,92,1,1,7
n1750,n1750,1,92,1,1,8
n1751,n1751,1,92,1,1,9
n1752,n1752,1,92,1,1,10
n1753,n1753,1,92,2,1,1
n1754,n1754,1,92,2,1,2
n1755,n1755,1,92,2,1,3
n1756,n1756,1,92,2,1,4
n1757,n1757,1,92,5,2,1
n1758,n1758,1,92,5,2,2
r21,r21,1,92,5,2,3
n1759,n1759,1,92,5,2,4
n1760,n1760,1,92,5,2,5
n1761,n1761,1,92,5,2,6
n1762,n1762,1,92,5,2,7
n1763,n1763,1,92,5,2,8
n1764,n1764,1,92,5,2,9
n1765,n1765,1,92,5,2,10
n1766,n1766,1,92,5,2,11
n1767,n1767,1,93,1,1,1
n1768,n1768,1,93,1,1,2
n1769,n1769,1,93,1,1,3
n1770,n1770,1,93,1,1,4
n1771,n1771,1,93,1,1,5
n1772,n1772,1,93,1,1,6
n1773,n1773,1,93,2,1,1
n1774,n1774,1,93,2,1,2
n1775,n1775,1,93,2,1,3
n1776,n1776,1,93,2,1,4
n1777,n1777,1,93,2,1,5
n1778,n1778,1,93,5,2,1
n1779,n1779,1,93,5,2,2
r22,r22,1,93,5,2,3
n1780,n1780,1,93,5,2,4
n1781,n1781,1,93,5,2,5
n1782,n1782,1,93,5,2,6
n1783,n1783,1,93,5,2,7
n1784,n1784,1,94,1,1,1
n1785,n1785,1,94,1,1,2
n1786,n1786,1,94,1,1,3
n1787,n1787,1,94,1,1,4
n1788,n1788,1,94,1,1,5
n1789,n1789,1,94,1,1,6
n1790,n1790,1,94,1,1,7
n1791,n1791,1,94,1,1,8
n1792,n1792,1,94,1,1,9
n1793,n1793,1,94,1,1,10
n1794,n1794,1,94,2,1,1
n1795,n1795,1,94,2,1,2
n1796,n1796,1,94,2,1,3
n1797,n1797,1,94,5,2,1
n1798,n1798,1,94,5,2,2
r23,r23,1,94,5,2,3
n1799,n1799,1,94,5,2,4
n1800,n1800,1,94,5,2,5
n1801,n1801,1,94,6,2,1
n1802,n1802,1,94,6,2,2
n1803,n1803,1,94,6,2,3
n1804,n1804,1,94,6,2,4
n1805,n1805,1,95,1,1,1
n1806,n1806,1,95,1,1,2
n1807,n1807,1,95,1,1,3
n1808,n1808,1,95,1,1,4
n1809,n1809,1,95,1,1,5
n1810,n1810,1,95,1,1,6
n1811,n1811,1,95,1,1,7
n1812,n1812,1,95,1,1,8
n1813,n1813,1,95,1,1,9
n1814,n1814,1,95,1,1,10
n1815,n1815,1,95,1,1,11
n1816,n1816,1,95,5,2,1
n1817,n1817,1,95,5,2,2
n1818,n1818,1,95,6,2,1
n1819,n1819,1,96,1,1,1
n1820,n1820,1,96,1,1,2
n1821,n1821,1,96,1,1,3
n1822,n1822,1,96,1,1,4
n1823,n1823,1,96,1,1,5
n1824,n1824,1,96,1,1,6
n1825,n1825,1,96,1,1,7
n1826,n1826,1,96,1,1,8
n1827,n1827,1,96,5,2,1
n1828,n1828,1,96,5,2,2
n1829,n1829,1,96,5,2,3
n1830,n1830,1,96,5,2,4
n1831,n1831,1,96,6,2,1
n1832,n1832,1,97,1,1,1
n1833,n1833,1,97,1,1,2
n1834,n1834,1,97,1,1,3
n1835,n1835,1,97,1,1,4
n1836,n1836,1,97,1,1,5
n1837,n1837,1,97,1,1,6
n1838,n1838,1,97,1,1,7
n1839,n1839,1,97,1,1,8
n1840,n1840,1,97,1,1,9
n1841,n1841,1,97,1,1,10
n1842,n1842,1,97,1,1,11
n1843,n1843,1,97,5,2,1
n1844,n1844,1,97,5,2,2
n1845,n1845,1,97,5,2,3
n1846,n1846,1,97,5,2,4
n1847,n1847,1,97,5,2,5
n1848,n1848,1,97,5,2,6
n1849,n1849,1,97,5,2,7
n1850,n1850,1,97,5,2,8
n1851,n1851,1,97,5,2,9
n1852,n1852,1,97,5,2,10
n1853,n1853,1,97,5,2,11
n1854,n1854,1,97,5,2,12
n1855,n1855,1,97,5,2,13
n1856,n1856,1,97,5,2,14
n1857,n1857,1,97,5,2,15
n1858,n1858,1,97,5,2,16
n1859,n1859,1,98,1,1,1
n1860,n1860,1,98,1,1,2
n1861,n1861,1,98,1,1,3
n1862,n1862,1,98,1,1,4
n1863,n1863,1,98,1,1,5
n1864,n1864,1,98,1,1,6
n1865,n1865,1,98,1,1,7
n1866,n1866,1,98,1,1,8
n1867,n1867,1,98,1,1,9
n1868,n1868,1,98,1,1,10
n1869,n1869,1,98,1,1,11
n1870,n1870,1,98,1,1,12
n1871,n1871,1,98,1,1,13
n1872,n1872,1,98,1,1,14
n1873,n1873,1,98,1,1,15
n1874,n1874,1,98,5,2,1
n1875,n1875,1,98,5,2,2
n1876,n1876,1,98,5,2,3
n1877,n1877,1,98,5,2,4
n1878,n1878,1,98,5,2,5
n1879,n1879,1,98,5,2,6
n1880,n1880,1,98,5,2,7
n1881,n1881,1,98,5,2,8
n1882,n1882,1,98,5,2,9
n1883,n1883,1,98,5,2,10
n1884,n1884,1,98,5,2,11
n1885,n1885,1,98,5,2,12
n1886,n1886,1,98,5,2,13
n1887,n1887,1,98,5,2,14
n1888,n1888,1,98,5,2,15
n1889,n1889,1,99,1,1,1
n1890,n1890,1,99,1,1,2
n1891,n1891,1,99,1,1,3
r24,r24,1,99,1,1,4
r25,r25,1,99,1,1,5
n1892,n1892,1,99,1,1,6
n1893,n1893,1,99,1,1,7
r26,r26,1,99,2,1,1
n1894,n1894,1,99,2,1,2
n1895,n1895,1,99,2,1,3
n1896,n1896,1,99,5,2,1
n1897,n1897,1,99,5,2,2
n1898,n1898,1,99,5,2,3
n1899,n1899,1,99,5,2,4
n1900,n1900,1,99,5,2,5
n1901,n1901,1,99,5,2,6
n1902,n1902,1,99,5,2,7
n1903,n1903,1,99,5,2,8
n1904,n1904,1,100,1,1,1
n1905,n1905,1,100,1,1,2
n1906,n1906,1,100,1,1,3
n1907,n1907,1,100,1,1,4
n1908,n1908,1,100,1,1,5
n1909,n1909,1,100,1,1,6
n1910,n1910,1,100,2,1,1
n1911,n1911,1,100,2,1,2
n1912,n1912,1,100,2,1,3
n1913,n1913,1,100,5,1,1
n1914,n1914,1,100,5,1,2
n1915,n1915,1,100,5,2,1
n1916,n1916,1,100,5,2,2
n1917,n1917,1,100,5,2,3
n1918,n1918,1,100,5,2,4
n1919,n1919,1,100,5,2,5
n1920,n1920,1,100,6,2,1
n1921,n1921,1,100,6,2,2
n1922,n1922,1,101,1,1,1
r27,r27,1,101,1,1,2
n1923,n1923,1,101,1,1,3
n1924,n1924,1,101,2,1,1
n1925,n1925,1,101,2,1,2
n1926,n1926,1,101,2,1,3
n1927,n1927,1,101,2,1,4
r28,r28,1,101,5,2,1
n1928,n1928,1,101,5,2,2
n1929,n1929,1,101,5,2,3
n1930,n1930,1,101,6,2,1
n1931,n1931,1,101,6,2,2
n1932,n1932,1,102,1,1,1
n1933,n1933,1,102,1,1,2
n1934,n1934,1,102,1,1,3
n1935,n1935,1,102,1,1,4
n1936,n1936,1,102,1,1,5
n1937,n1937,1,102,1,1,6
n1938,n1938,1,102,2,1,1
n1939,n1939,1,102,2,1,2
n1940,n1940,1,102,2,1,3
n1941,n1941,1,102,2,1,4
n1942,n1942,1,102,5,2,1
n1943,n1943,1,102,5,2,2
n1944,n1944,1,102,5,2,3
n1945,n1945,1,102,5,2,4
n1946,n1946,1,102,5,2,5
n1947,n1947,1,102,5,2,6
n1948,n1948,1,102,6,2,1
n1949,n1949,1,103,1,1,1
r29,r29,1,103,1,1,2
n1950,n1950,1,103,1,1,3
n1951,n1951,1,103,1,1,4
r30,r30,1,103,1,1,5
n1952,n1952,1,103,1,1,6
n1953,n1953,1,103,2,1,1
n1954,n1954,1,103,2,1,2
n1955,n1955,1,103,2,1,3
n1956,n1956,1,103,5,2,1
r31,r31,1,103,5,2,2
r32,r32,1,103,5,2,3
r33,r33,1,103,5,2,4
n1957,n1957,1,103,6,2,1
n1958,n1958,1,103,6,2,2
n1959,n1959,1,104,1,1,1
n1960,n1960,1,104,1,1,2
n1961,n1961,1,104,1,1,3
n1962,n1962,1,104,1,1,4
n1963,n1963,1,104,1,1,5
n1964,n1964,1,104,1,1,6
n1965,n1965,1,104,5,2,1
n1966,n1966,1,105,1,1,1
n1967,n1967,1,105,1,1,2
n1968,n1968,1,105,1,1,3
n1969,n1969,1,105,1,1,4
n1970,n1970,1,105,1,1,5
n1971,n1971,1,105,1,1,6
n1972,n1972,1,105,1,1,7
n1973,n1973,1,105,1,1,8
n1974,n1974,1,105,5,2,1
n1975,n1975,1,105,5,2,2
n1976,n1976,1,105,5,2,3
n1977,n1977,1,105,5,2,4
n1978,n1978,1,105,5,2,5
n1979,n1979,1,105,5,2,6
n1980,n1980,1,105,5,2,7
n1981,n1981,1,105,5,2,8
n1982,n1982,1,105,5,2,9
n1983,n1983,1,105,5,2,10
n1984,n1984,1,106,1,1,1
n1985,n1985,1,106,1,1,2
n1986,n1986,1,106,1,1,3
n1987,n1987,1,106,1,1,4
n1988,n1988,1,106,1,1,5
n1989,n1989,1,106,1,1,6
n1990,n1990,1,106,1,1,7
n1991,n1991,1,106,1,1,8
n1992,n1992,1,106,1,1,9
n1993,n1993,1,106,1,1,10
n1994,n1994,1,106,1,1,11
n1995,n1995,1,106,5,2,1
n1996,n1996,1,106,5,2,2
n1997,n1997,1,106,5,2,3
n1998,n1998,1,106,5,2,4
n1999,n1999,1,106,5,2,5
n2000,n2000,1,106,5,2,6
n2001,n2001,1,106,5,2,7
n2002,n2002,1,106,5,2,8
n2003,n2003,1,107,1,1,1
n2004,n2004,1,107,1,1,2
n2005,n2005,1,107,1,1,3
n2006,n2006,1,107,1,1,4
n2007,n2007,1,107,1,1,5
n2008,n2008,1,107,1,1,6
n2009,n2009,1,107,1,1,7
n2010,n2010,1,107,1,1,8
n2011,n2011,1,107,5,2,1
n2012,n2012,1,107,5,2,2
n2013,n2013,1,107,5,2,3
n2014,n2014,1,107,5,2,4
n2015,n2015,1,107,5,2,5
n2016,n2016,1,107,5,2,6
n2017,n2017,1,107,5,2,7
n2018,n2018,1,107,5,2,8
n2019,n2019,1,107,5,2,9
n2020,n2020,1,108,1,1,1
n2021,n2021,1,108,1,1,2
n2022,n2022,1,108,1,1,3
n2023,n2023,1,108,1,1,4
n2024,n2024,1,108,1,1,5
n2025,n2025,1,108,1,1,6
n2026,n2026,1,108,1,1,7
n2027,n2027,1,108,1,1,8
n2028,n2028,1,108,1,1,9
n2029,n2029,1,108,1,1,10
n2030,n2030,1,108,1,1,11
n2031,n2031,1,108,5,2,1
n2032,n2032,1,108,5,2,2
n2033,n2033,1,108,5,2,3
n2034,n2034,1,108,5,2,4
n2035,n2035,1,108,5,2,5
n2036,n2036,1,108,6,2,1
n2037,n2037,1,108,6,2,2
n2038,n2038,1,108,6,2,3
n2039,n2039,1,108,7,2,1
n2040,n2040,1,109,1,1,1
n2041,n2041,1,109,1,1,2
n2042,n2042,1,109,1,1,3
n2043,n2043,1,109,1,1,4
n2044,n2044,1,109,1,1,5
n2045,n2045,1,109,1,1,6
n2046,n2046,1,109,1,1,7
n2047,n2047,1,109,1,1,8
n2048,n2048,1,109,1,1,9
n2049,n2049,1,109,5,2,1
n2050,n2050,1,109,5,2,2
n2051,n2051,1,109,5,2,3
n2052,n2052,1,109,5,2,4
n2053,n2053,1,109,5,2,5
n2054,n2054,1,109,5,2,6
n2055,n2055,1,109,5,2,7
n2056,n2056,1,109,5,2,8
n2057,n2057,1,109,6,2,1
n2058,n2058,1,109,6,2,2
n2059,n2059,1,110,1,1,1
n2060,n2060,1,110,1,1,2
n2061,n2061,1,110,1,1,3
n2062,n2062,1,110,1,1,4
n2063,n2063,1,110,1,1,5
n2064,n2064,1,110,1,1,6
n2065,n2065,1,110,1,1,7
n2066,n2066,1,110,1,1,8
n2067,n2067,1,110,1,1,9
n2068,n2068,1,110,1,1,10
n2069,n2069,1,110,1,1,11
n2070,n2070,1,110,5,2,1
n2071,n2071,1,110,5,2,2
n2072,n2072,1,110,5,2,3
n2073,n2073,1,110,5,2,4
n2074,n2074,1,110,5,2,5
n2075,n2075,1,110,5,2,6
n2076,n2076,1,110,5,2,7
n2077,n2077,1,110,5,2,8
n2078,n2078,1,111,1,1,1
n2079,n2079,1,111,1,1,2
n2080,n2080,1,111,1,1,3
n2081,n2081,1,111,1,1,4
n2082,n2082,1,111,1,1,5
n2083,n2083,1,111,1,1,6
n2084,n2084,1,111,1,1,7
n2085,n2085,1,111,1,1,8
n2086,n2086,1,111,5,2,1
n2087,n2087,1,111,5,2,2
n2088,n2088,1,111,5,2,3
n2089,n2089,1,111,5,2,4
n2090,n2090,1,111,5,2,5
n2091,n2091,1,111,5,2,6
n2092,n2092,1,111,5,2,7
n2093,n2093,1,111,5,2,8
n2094,n2094,1,112,1,1,1
n2095,n2095,1,112,1,1,2
n2096,n2096,1,112,1,1,3
n2097,n2097,1,112,1,1,4
n2098,n2098,1,112,1,1,5
n2099,n2099,1,112,1,1,6
n2100,n2100,1,112,1,1,7
n2101,n2101,1,112,1,1,8
n2102,n2102,1,112,1,1,9
n2103,n2103,1,112,1,1,10
n2104,n2104,1,112,1,1,11
n2105,n2105,1,112,5,2,1
n2106,n2106,1,112,5,2,2
n2107,n2107,1,112,5,2,3
n2108,n2108,1,112,5,2,4
n2109,n2109,1,112,5,2,5
n2110,n2110,1,112,6,2,1
n2111,n2111,1,112,6,2,2
n2112,n2112,1,112,6,2,3
n2113,n2113,1,112,7,2,1
n2114,n2114,1,113,1,1,1
n2115,n2115,1,113,1,1,2
n2116,n2116,1,113,1,1,3
n2117,n2117,1,113,1,1,4
n2118,n2118,1,113,1,1,5
n2119,n2119,1,113,1,1,6
n2120,n2120,1,113,1,1,7
n2121,n2121,1,113,1,1,8
n2122,n2122,1,113,1,1,9
n2123,n2123,1,113,1,1,10
n2124,n2124,1,113,1,1,11
n2125,n2125,1,113,1,1,12
n2126,n2126,1,113,5,2,1
n2127,n2127,1,113,5,2,2
n2128,n2128,1,113,5,2,3
n2129,n2129,1,113,5,2,4
n2130,n2130,1,113,5,2,5
n2131,n2131,1,113,6,2,1
n2132,n2132,1,113,6,2,2
n2133,n2133,1,113,6,2,3
n2134,n2134,1,113,6,2,4
n2135,n2135,1,113,6,2,5
n2136,n2136,1,113,7,2,1
n2137,n2137,1,114,1,1,1
n2138,n2138,1,114,1,1,2
n2139,n2139,1,114,1,1,3
n2140,n2140,1,114,1,1,4
n2141,n2141,1,114,1,1,5
n2142,n2142,1,114,1,1,6
n2143,n2143,1,114,1,1,7
n2144,n2144,1,114,1,1,8
n2145,n2145,1,114,5,2,1
n2146,n2146,1,114,5,2,2
n2147,n2147,1,114,5,2,3
n2148,n2148,1,114,5,2,4
n2149,n2149,1,114,5,2,5
n2150,n2150,1,114,5,2,6
n2151,n2151,1,114,5,2,7
n2152,n2152,1,114,6,2,1
n2153,n2153,1,115,1,1,1
n2154,n2154,1,115,1,1,2
n2155,n2155,1,115,1,1,3
n2156,n2156,1,115,1,1,4
n2157,n2157,1,115,1,1,5
n2158,n2158,1,115,1,1,6
n2159,n2159,1,115,1,1,7
n2160,n2160,1,115,1,1,8
n2161,n2161,1,115,5,2,1
n2162,n2162,1,115,5,2,2
n2163,n2163,1,115,5,2,3
n2164,n2164,1,115,5,2,4
n2165,n2165,1,115,5,2,5
n2166,n2166,1,115,5,2,6
n2167,n2167,1,116,1,1,1
n2168,n2168,1,116,1,1,2
n2169,n2169,1,116,1,1,3
n2170,n2170,1,116,1,1,4
n2171,n2171,1,116,1,1,5
n2172,n2172,1,116,1,1,6
n2173,n2173,1,116,1,1,7
n2174,n2174,1,116,1,1,8
n2175,n2175,1,116,1,1,9
n2176,n2176,1,116,1,1,10
n2177,n2177,1,116,5,2,1
n2178,n2178,1,116,5,2,2
n2179,n2179,1,116,5,2,3
n2180,n2180,1,116,5,2,4
n2181,n2181,1,116,5,2,5
n2182,n2182,1,116,5,2,6
n2183,n2183,1,116,5,2,7
n2184,n2184,1,117,1,1,1
n2185,n2185,1,117,1,1,2
n2186,n2186,1,117,1,1,3
n2187,n2187,1,117,1,1,4
n2188,n2188,1,117,1,1,5
n2189,n2189,1,117,1,1,6
n2190,n2190,1,117,1,1,7
n2191,n2191,1,117,1,1,8
n2192,n2192,1,117,1,1,9
n2193,n2193,1,117,5,2,1
n2194,n2194,1,117,5,2,2
n2195,n2195,1,117,5,2,3
n2196,n2196,1,117,5,2,4
n2197,n2197,1,117,5,2,5
n2198,n2198,1,117,6,2,1
n2199,n2199,1,118,1,1,1
n2200,n2200,1,118,1,1,2
n2201,n2201,1,118,1,1,3
n2202,n2202,1,118,1,1,4
n2203,n2203,1,118,1,1,5
n2204,n2204,1,118,1,1,6
n2205,n2205,1,118,1,1,7
n2206,n2206,1,118,1,1,8
n2207,n2207,1,118,1,1,9
n2208,n2208,1,118,1,1,10
n2209,n2209,1,118,1,1,11
n2210,n2210,1,118,1,1,12
n2211,n2211,1,118,1,1,13
n2212,n2212,1,118,1,1,14
n2213,n2213,1,118,1,1,15
n2214,n2214,1,118,1,1,16
n2215,n2215,1,118,1,1,17
n2216,n2216,1,118,1,1,18
n2217,n2217,1,118,1,1,19
n2218,n2218,1,118,1,1,20
n2219,n2219,1,118,1,1,21
n2220,n2220,1,118,5,2,1
n2221,n2221,1,118,5,2,2
n2222,n2222,1,118,5,2,3
n2223,n2223,1,118,5,2,4
n2224,n2224,1,118,5,2,5
n2225,n2225,1,118,5,2,6
n2226,n2226,1,118,5,2,7
n2227,n2227,1,118,5,2,8
n2228,n2228,1,119,1,1,1
n2229,n2229,1,119,1,1,2
n2230,n2230,1,119,1,1,3
n2231,n2231,1,119,1,1,4
n2232,n2232,1,119,1,1,5
n2233,n2233,1,119,1,1,6
n2234,n2234,1,119,1,1,7
n2235,n2235,1,119,1,1,8
n2236,n2236,1,119,1,1,9
n2237,n2237,1,119,1,1,10
n2238,n2238,1,119,1,1,11
n2239,n2239,1,119,1,1,12
n2240,n2240,1,119,5,2,1
n2241,n2241,1,119,5,2,2
n2242,n2242,1,119,5,2,3
n2243,n2243,1,119,5,2,4
n2244,n2244,1,119,5,2,5
n2245,n2245,1,119,5,2,6
n2246,n2246,1,119,5,2,7
n2247,n2247,1,120,1,1,1
n2248,n2248,1,120,1,1,2
n2249,n2249,1,120,1,1,3
n2250,n2250,1,120,1,1,4
n2251,n2251,1,120,1,1,5
n2252,n2252,1,120,1,1,6
n2253,n2253,1,120,1,1,7
n2254,n2254,1,120,1,1,8
n2255,n2255,1,120,1,1,9
n2256,n2256,1,120,5,2,1
n2257,n2257,1,120,5,2,2
n2258,n2258,1,120,5,2,3
n2259,n2259,1,120,5,2,4
n2260,n2260,1,120,5,2,5
n2261,n2261,1,120,5,2,6
n2262,n2262,1,120,5,2,7
n2263,n2263,1,120,5,2,8
n2264,n2264,1,121,1,1,1
n2265,n2265,1,121,1,1,2
n2266,n2266,1,121,1,1,3
n2267,n2267,1,121,1,1,4
n2268,n2268,1,121,1,1,5
n2269,n2269,1,121,1,1,6
n2270,n2270,1,121,1,1,7
n2271,n2271,1,121,1,1,8
n2272,n2272,1,121,1,1,9
n2273,n2273,1,121,5,2,1
r34,r34,1,121,5,2,2
n2274,n2274,1,121,5,2,3
n2275,n2275,1,121,5,2,4
n2276,n2276,1,121,5,2,5
n2277,n2277,1,121,6,2,1
n2278,n2278,1,122,1,1,1
n2279,n2279,1,122,1,1,2
n2280,n2280,1,122,1,1,3
n2281,n2281,1,122,1,1,4
n2282,n2282,1,122,1,1,5
n2283,n2283,1,122,1,1,6
n2284,n2284,1,122,1,1,7
n2285,n2285,1,122,1,1,8
n2286,n2286,1,122,1,1,9
n2287,n2287,1,122,1,1,10
n2288,n2288,1,122,1,1,11
n2289,n2289,1,122,1,1,12
n2290,n2290,1,122,1,1,13
n2291,n2291,1,122,1,1,14
n2292,n2292,1,122,1,1,15
n2293,n2293,1,122,1,1,16
n2294,n2294,1,122,1,1,17
n2295,n2295,1,122,1,1,18
n2296,n2296,1,122,1,1,19
n2297,n2297,1,122,1,1,20
n2298,n2298,1,122,1,1,21
n2299,n2299,1,122,5,2,1
n2300,n2300,1,122,5,2,2
n2301,n2301,1,122,5,2,3
n2302,n2302,1,122,5,2,4
n2303,n2303,1,122,5,2,5
n2304,n2304,1,122,5,2,6
n2305,n2305,1,122,5,2,7
n2306,n2306,1,122,5,2,8
n2307,n2307,1,123,1,1,1
n2308,n2308,1,123,1,1,2
n2309,n2309,1,123,1,1,3
n2310,n2310,1,123,1,1,4
n2311,n2311,1,123,1,1,5
n2312,n2312,1,123,1,1,6
n2313,n2313,1,123,1,1,7
n2314,n2314,1,123,1,1,8
n2315,n2315,1,123,1,1,9
n2316,n2316,1,123,1,1,10
n2317,n2317,1,123,1,1,11
n2318,n2318,1,123,1,1,12
n2319,n2319,1,123,5,2,1
n2320,n2320,1,123,5,2,2
n2321,n2321,1,123,5,2,3
n2322,n2322,1,123,5,2,4
n2323,n2323,1,123,5,2,5
n2324,n2324,1,123,5,2,6
n2325,n2325,1,123,5,2,7
n2326,n2326,1,123,5,2,8
n2327,n2327,1,124,1,1,1
n2328,n2328,1,124,1,1,2
n2329,n2329,1,124,1,1,3
n2330,n2330,1,124,1,1,4
n2331,n2331,1,124,1,1,5
n2332,n2332,1,124,1,1,6
n2333,n2333,1,124,1,1,7
n2334,n2334,1,124,1,1,8
n2335,n2335,1,124,1,1,9
n2336,n2336,1,124,1,1,10
n2337,n2337,1,124,1,1,11
n2338,n2338,1,124,1,1,12
n2339,n2339,1,124,5,2,1
n2340,n2340,1,124,5,2,2
n2341,n2341,1,124,5,2,3
n2342,n2342,1,124,5,2,4
n2343,n2343,1,124,5,2,5
n2344,n2344,1,124,5,2,6
n2345,n2345,1,124,5,2,7
n2346,n2346,1,124,5,2,8
n2347,n2347,1,125,1,1,1
n2348,n2348,1,125,1,1,2
n2349,n2349,1,125,1,1,3
n2350,n2350,1,125,1,1,4
n2351,n2351,1,125,1,1,5
n2352,n2352,1,125,1,1,6
n2353,n2353,1,125,1,1,7
n2354,n2354,1,125,1,1,8
n2355,n2355,1,125,1,1,9
n2356,n2356,1,125,1,1,10
n2357,n2357,1,125,1,1,11
n2358,n2358,1,125,1,1,12
n2359,n2359,1,125,5,2,1
n2360,n2360,1,125,5,2,2
n2361,n2361,1,125,5,2,3
n2362,n2362,1,125,5,2,4
n2363,n2363,1,125,5,2,5
n2364,n2364,1,125,5,2,6
n2365,n2365,1,125,5,2,7
n2366,n2366,1,125,5,2,8
n2367,n2367,1,126,1,1,1
n2368,n2368,1,126,1,1,2
n2369,n2369,1,126,1,1,3
n2370,n2370,1,126,1,1,4
n2371,n2371,1,126,1,1,5
n2372,n2372,1,126,1,1,6
n2373,n2373,1,126,1,1,7
n2374,n2374,1,126,1,1,8
n2375,n2375,1,126,1,1,9
n2376,n2376,1,126,1,1,10
n2377,n2377,1,126,1,1,11
n2378,n2378,1,126,1,1,12
n2379,n2379,1,126,5,2,1
r35,r35,1,126,5,2,2
n2380,n2380,1,126,5,2,3
n2381,n2381,1,126,5,2,4
n2382,n2382,1,126,6,2,1
n2383,n2383,1,126,6,2,2
n2384,n2384,1,126,6,2,3
n2385,n2385,1,127,1,1,1
n2386,n2386,1,127,1,1,2
n2387,n2387,1,127,1,1,3
n2388,n2388,1,127,1,1,4
n2389,n2389,1,127,1,1,5
n2390,n2390,1,127,1,1,6
n2391,n2391,1,127,1,1,7
n2392,n2392,1,127,1,1,8
n2393,n2393,1,127,1,1,9
n2394,n2394,1,127,1,1,10
n2395,n2395,1,127,1,1,11
n2396,n2396,1,127,1,1,12
n2397,n2397,1,127,5,2,1
n2398,n2398,1,127,5,2,2
n2399,n2399,1,127,6,2,1
n2400,n2400,1,127,6,2,2
n2401,n2401,1,127,6,2,3
n2402,n2402,1,127,6,2,4
n2403,n2403,1,127,6,2,5
n2404,n2404,1,127,6,2,6
n2405,n2405,1,128,1,1,1
n2406,n2406,1,128,1,1,2
n2407,n2407,1,128,1,1,3
n2408,n2408,1,128,1,1,4
n2409,n2409,1,128,1,1,5
n2410,n2410,1,128,1,1,6
n2411,n2411,1,128,1,1,7
n2412,n2412,1,128,1,1,8
n2413,n2413,1,128,1,1,9
n2414,n2414,1,128,1,1,10
n2415,n2415,1,128,1,1,11
n2416,n2416,1,128,1,1,12
n2417,n2417,1,128,5,2,1
n2418,n2418,1,128,5,2,2
n2419,n2419,1,128,5,2,3
n2420,n2420,1,128,5,2,4
n2421,n2421,1,128,5,2,5
n2422,n2422,1,128,5,2,6
n2423,n2423,1,128,5,2,7
n2424,n2424,1,128,5,2,8
n2425,n2425,1,129,1,1,1
n2426,n2426,1,129,1,1,2
n2427,n2427,1,129,1,1,3
n2428,n2428,1,129,1,1,4
n2429,n2429,1,129,1,1,5
n2430,n2430,1,129,1,1,6
n2431,n2431,1,129,1,1,7
n2432,n2432,1,129,1,1,8
n2433,n2433,1,129,1,1,9
n2434,n2434,1,129,1,1,10
n2435,n2435,1,129,1,1,11
n2436,n2436,1,129,1,1,12
n2437,n2437,1,129,5,2,1
n2438,n2438,1,129,5,2,2
n2439,n2439,1,129,5,2,3
n2440,n2440,1,129,5,2,4
n2441,n2441,1,129,5,2,5
n2442,n2442,1,129,5,2,6
n2443,n2443,1,129,5,2,7
n2444,n2444,1,129,5,2,8
n2445,n2445,1,130,1,1,1
n2446,n2446,1,130,1,1,2
n2447,n2447,1,130,1,1,3
n2448,n2448,1,130,1,1,4
n2449,n2449,1,130,1,1,5
n2450,n2450,1,130,1,1,6
n2451,n2451,1,130,1,1,7
n2452,n2452,1,130,1,1,8
n2453,n2453,1,130,1,1,9
n2454,n2454,1,130,1,1,10
n2455,n2455,1,130,1,1,11
n2456,n2456,1,130,1,1,12
n2457,n2457,1,130,5,2,1
r36,r36,1,130,5,2,2
n2458,n2458,1,130,5,2,3
n2459,n2459,1,130,5,2,4
n2460,n2460,1,130,6,2,1
n2461,n2461,1,130,6,2,2
n2462,n2462,1,131,1,1,1
n2463,n2463,1,131,1,1,2
n2464,n2464,1,131,1,1,3
n2465,n2465,1,131,1,1,4
n2466,n2466,1,131,1,1,5
n2467,n2467,1,131,1,1,6
n2468,n2468,1,131,1,1,7
n2469,n2469,1,131,1,1,8
n2470,n2470,1,131,1,1,9
n2471,n2471,1,131,1,1,10
n2472,n2472,1,131,1,1,11
n2473,n2473,1,131,1,1,12
n2474,n2474,1,131,5,2,1
n2475,n2475,1,131,5,2,2
n2476,n2476,1,131,5,2,3
n2477,n2477,1,131,5,2,4
n2478,n2478,1,131,6,2,1
n2479,n2479,1,131,6,2,2
n2480,n2480,1,132,1,1,1
n2481,n2481,1,132,1,1,2
n2482,n2482,1,132,1,1,3
n2483,n2483,1,132,1,1,4
n2484,n2484,1,132,1,1,5
n2485,n2485,1,132,1,1,6
n2486,n2486,1,132,1,1,7
n2487,n2487,1,132,1,1,8
n2488,n2488,1,132,1,1,9
n2489,n2489,1,132,1,1,10
n2490,n2490,1,132,1,1,11
n2491,n2491,1,132,1,1,12
n2492,n2492,1,132,5,2,1
n2493,n2493,1,132,5,2,2
n2494,n2494,1,132,5,2,3
n2495,n2495,1,132,5,2,4
n2496,n2496,1,132,5,2,5
n2497,n2497,1,132,5,2,6
n2498,n2498,1,132,5,2,7
n2499,n2499,1,132,5,2,8
n2500,n2500,1,132,5,2,9
n2501,n2501,1,132,5,2,10
n2502,n2502,1,132,5,2,11
n2503,n2503,1,132,5,2,12
n2504,n2504,1,132,5,2,13
n2505,n2505,1,132,5,2,14
n2506,n2506,1,132,5,2,15
n2507,n2507,1,133,1,1,1
n2508,n2508,1,133,1,1,2
n2509,n2509,1,133,1,1,3
n2510,n2510,1,133,1,1,4
n2511,n2511,1,133,1,1,5
n2512,n2512,1,133,1,1,6
n2513,n2513,1,133,1,1,7
n2514,n2514,1,133,1,1,8
n2515,n2515,1,133,1,1,9
n2516,n2516,1,133,1,1,10
n2517,n2517,1,133,1,1,11
n2518,n2518,1,133,1,1,12
n2519,n2519,1,133,5,2,1
n2520,n2520,1,133,5,2,2
n2521,n2521,1,133,5,2,3
n2522,n2522,1,133,5,2,4
n2523,n2523,1,133,5,2,5
n2524,n2524,1,133,5,2,6
n2525,n2525,1,133,5,2,7
n2526,n2526,1,133,5,2,8
n2527,n2527,1,133,5,2,9
n2528,n2528,1,133,5,2,10
n2529,n2529,1,133,5,2,11
n2530,n2530,1,133,5,2,12
n2531,n2531,1,134,1,1,1
n2532,n2532,1,134,1,1,2
n2533,n2533,1,134,1,1,3
n2534,n2534,1,134,1,1,4
n2535,n2535,1,134,1,1,5
n2536,n2536,1,134,1,1,6
n2537,n2537,1,134,1,1,7
n2538,n2538,1,134,1,1,8
n2539,n2539,1,134,1,1,9
n2540,n2540,1,134,1,1,10
n2541,n2541,1,134,1,1,11
n2542,n2542,1,134,1,1,12
n2543,n2543,1,134,1,1,13
n2544,n2544,1,134,1,1,14
n2545,n2545,1,134,1,1,15
n2546,n2546,1,134,1,1,16
n2547,n2547,1,134,1,1,17
n2548,n2548,1,134,1,1,18
n2549,n2549,1,134,1,1,19
n2550,n2550,1,134,1,1,20
n2551,n2551,1,134,1,1,21
n2552,n2552,1,134,1,1,22
n2553,n2553,1,134,1,1,23
n2554,n2554,1,134,1,1,24
n2555,n2555,1,134,2,1,1
n2556,n2556,1,134,2,1,2
n2557,n2557,1,134,2,1,3
n2558,n2558,1,134,2,1,4
n2559,n2559,1,134,5,2,1
n2560,n2560,1,134,5,2,2
n2561,n2561,1,134,5,2,3
n2562,n2562,1,134,5,2,4
n2563,n2563,1,134,5,2,5
n2564,n2564,1,134,5,2,6
n2565,n2565,1,134,5,2,7
n2566,n2566,1,134,5,2,8
n2567,n2567,1,134,5,2,9
n2568,n2568,1,135,1,1,1
n2569,n2569,1,135,1,1,2
n2570,n2570,1,135,1,1,3
n2571,n2571,1,135,1,1,4
n2572,n2572,1,135,1,1,5
n2573,n2573,1,135,1,1,6
n2574,n2574,1,135,1,1,7
n2575,n2575,1,135,1,1,8
n2576,n2576,1,135,1,1,9
n2577,n2577,1,135,1,1,10
n2578,n2578,1,135,1,1,11
n2579,n2579,1,135,1,1,12
n2580,n2580,1,135,1,1,13
n2581,n2581,1,135,1,1,14
n2582,n2582,1,135,1,1,15
n2583,n2583,1,135,1,1,16
n2584,n2584,1,135,1,1,17
n2585,n2585,1,135,1,1,18
n2586,n2586,1,135,1,1,19
n2587,n2587,1,135,2,1,1
n2588,n2588,1,135,2,1,2
n2589,n2589,1,135,2,1,3
n2590,n2590,1,135,2,1,4
n2591,n2591,1,135,2,1,5
n2592,n2592,1,135,2,1,6
n2593,n2593,1,135,2,1,7
n2594,n2594,1,135,5,2,1
n2595,n2595,1,135,5,2,2
n2596,n2596,1,135,5,2,3
n2597,n2597,1,135,5,2,4
n2598,n2598,1,135,5,2,5
n2599,n2599,1,135,5,2,6
n2600,n2600,1,135,5,2,7
n2601,n2601,1,135,5,2,8
n2602,n2602,1,136,1,1,1
n2603,n2603,1,136,1,1,2
n2604,n2604,1,136,1,1,3
n2605,n2605,1,136,1,1,4
n2606,n2606,1,136,1,1,5
n2607,n2607,1,136,1,1,6
n2608,n2608,1,136,1,1,7
n2609,n2609,1,136,1,1,8
n2610,n2610,1,136,1,1,9
n2611,n2611,1,136,2,1,1
n2612,n2612,1,136,5,2,1
n2613,n2613,1,136,5,2,2
n2614,n2614,1,136,5,2,3
n2615,n2615,1,136,5,2,4
n2616,n2616,1,136,5,2,5
n2617,n2617,1,136,5,2,6
n2618,n2618,1,136,5,2,7
n2619,n2619,1,136,5,2,8
n2620,n2620,1,136,5,2,9
n2621,n2621,1,136,5,2,10
n2622,n2622,1,136,5,2,11
n2623,n2623,1,136,5,2,12
n2624,n2624,1,137,1,1,1
n2625,n2625,1,137,1,1,2
n2626,n2626,1,137,1,1,3
n2627,n2627,1,137,1,1,4
n2628,n2628,1,137,1,1,5
n2629,n2629,1,137,1,1,6
n2630,n2630,1,137,1,1,7
n2631,n2631,1,137,1,1,8
n2632,n2632,1,137,1,1,9
n2633,n2633,1,137,2,1,1
n2634,n2634,1,137,5,2,1
n2635,n2635,1,137,5,2,2
n2636,n2636,1,137,5,2,3
n2637,n2637,1,137,5,2,4
n2638,n2638,1,137,5,2,5
n2639,n2639,1,137,5,2,6
n2640,n2640,1,137,5,2,7
n2641,n2641,1,137,5,2,8
n2642,n2642,1,137,5,2,9
n2643,n2643,1,137,5,2,10
n2644,n2644,1,137,5,2,11
n2645,n2645,1,137,5,2,12
n2646,n2646,1,138,1,1,1
n2647,n2647,1,138,1,1,2
n2648,n2648,1,138,1,1,3
n2649,n2649,1,138,1,1,4
n2650,n2650,1,138,1,1,5
n2651,n2651,1,138,1,1,6
n2652,n2652,1,138,1,1,7
n2653,n2653,1,138,1,1,8
n2654,n2654,1,138,1,1,9
n2655,n2655,1,138,2,1,1
n2656,n2656,1,138,2,1,2
n2657,n2657,1,138,5,2,1
n2658,n2658,1,138,5,2,2
n2659,n2659,1,138,5,2,3
n2660,n2660,1,138,5,2,4
n2661,n2661,1,138,5,2,5
n2662,n2662,1,138,5,2,6
n2663,n2663,1,138,5,2,7
n2664,n2664,1,138,5,2,8
n2665,n2665,1,138,5,2,9
n2666,n2666,1,138,5,2,10
n2667,n2667,1,138,5,2,11
n2668,n2668,1,138,5,2,12
n2669,n2669,1,139,1,1,1
n2670,n2670,1,139,1,1,2
n2671,n2671,1,139,1,1,3
n2672,n2672,1,139,1,1,4
n2673,n2673,1,139,1,1,5
n2674,n2674,1,139,1,1,6
n2675,n2675,1,139,2,1,1
n2676,n2676,1,139,2,1,2
n2677,n2677,1,139,2,1,3
n2678,n2678,1,139,2,1,4
n2679,n2679,1,139,5,2,1
n2680,n2680,1,139,5,2,2
n2681,n2681,1,139,5,2,3
n2682,n2682,1,139,5,2,4
n2683,n2683,1,139,5,2,5
n2684,n2684,1,139,5,2,6
n2685,n2685,1,139,5,2,7
n2686,n2686,1,139,5,2,8
n2687,n2687,1,139,5,2,9
n2688,n2688,1,139,5,2,10
n2689,n2689,1,139,5,2,11
n2690,n2690,1,139,5,2,12
n2691,n2691,1,140,1,1,1
n2692,n2692,1,140,1,1,2
n2693,n2693,1,140,1,1,3
r37,r37,1,140,1,1,4
n2694,n2694,1,140,1,1,5
n2695,n2695,1,140,1,1,6
n2696,n2696,1,140,1,1,7
n2697,n2697,1,140,1,1,8
n2698,n2698,1,140,1,1,9
n2699,n2699,1,140,1,1,10
n2700,n2700,1,140,1,1,11
n2701,n2701,1,140,1,1,12
n2702,n2702,1,140,2,1,1
n2703,n2703,1,140,5,2,1
n2704,n2704,1,140,5,2,2
n2705,n2705,1,140,5,2,3
n2706,n2706,1,140,5,2,4
n2707,n2707,1,140,5,2,5
n2708,n2708,1,140,5,2,6
n2709,n2709,1,140,5,2,7
n2710,n2710,1,140,5,2,8
n2711,n2711,1,140,5,2,9
n2712,n2712,1,140,5,2,10
n2713,n2713,1,140,5,2,11
n2714,n2714,1,140,5,2,12
n2715,n2715,1,141,1,1,1
n2716,n2716,1,141,1,1,2
n2717,n2717,1,141,1,1,3
n2718,n2718,1,141,1,1,4
n2719,n2719,1,141,1,1,5
n2720,n2720,1,141,1,1,6
n2721,n2721,1,141,1,1,7
n2722,n2722,1,141,1,1,8
n2723,n2723,1,141,1,1,9
n2724,n2724,1,141,1,1,10
n2725,n2725,1,141,1,1,11
n2726,n2726,1,141,1,1,12
n2727,n2727,1,141,1,1,13
n2728,n2728,1,141,2,1,1
n2729,n2729,1,141,5,2,1
n2730,n2730,1,141,5,2,2
n2731,n2731,1,141,5,2,3
n2732,n2732,1,141,5,2,4
n2733,n2733,1,141,5,2,5
n2734,n2734,1,141,5,2,6
n2735,n2735,1,141,5,2,7
n2736,n2736,1,141,5,2,8
n2737,n2737,1,141,5,2,9
n2738,n2738,1,141,5,2,10
n2739,n2739,1,141,5,2,11
n2740,n2740,1,141,5,2,12
n2741,n2741,1,142,1,1,1
n2742,n2742,1,142,1,1,2
n2743,n2743,1,142,1,1,3
n2744,n2744,1,142,1,1,4
n2745,n2745,1,142,1,1,5
n2746,n2746,1,142,1,1,6
n2747,n2747,1,142,1,1,7
n2748,n2748,1,142,1,1,8
n2749,n2749,1,142,1,1,9
n2750,n2750,1,142,2,1,1
n2751,n2751,1,142,2,1,2
n2752,n2752,1,142,5,2,1
n2753,n2753,1,142,5,2,2
n2754,n2754,1,142,5,2,3
n2755,n2755,1,142,5,2,4
n2756,n2756,1,142,5,2,5
n2757,n2757,1,142,5,2,6
n2758,n2758,1,142,5,2,7
n2759,n2759,1,142,5,2,8
n2760,n2760,1,142,5,2,9
n2761,n2761,1,142,5,2,10
n2762,n2762,1,142,5,2,11
n2763,n2763,1,142,5,2,12
n2764,n2764,1,143,1,1,1
n2765,n2765,1,143,1,1,2
n2766,n2766,1,143,1,1,3
n2767,n2767,1,143,1,1,4
n2768,n2768,1,143,1,1,5
n2769,n2769,1,143,1,1,6
n2770,n2770,1,143,1,1,7
n2771,n2771,1,143,1,1,8
n2772,n2772,1,143,1,1,9
n2773,n2773,1,143,2,1,1
n2774,n2774,1,143,2,1,2
n2775,n2775,1,143,5,2,1
n2776,n2776,1,143,5,2,2
n2777,n2777,1,143,5,2,3
n2778,n2778,1,143,5,2,4
n2779,n2779,1,143,5,2,5
n2780,n2780,1,143,5,2,6
n2781,n2781,1,143,5,2,7
n2782,n2782,1,143,5,2,8
n2783,n2783,1,143,5,2,9
n2784,n2784,1,143,5,2,10
n2785,n2785,1,143,5,2,11
n2786,n2786,1,143,5,2,12
n2787,n2787,1,143,6,2,1
n2788,n2788,1,144,1,1,1
n2789,n2789,1,144,1,1,2
n2790,n2790,1,144,1,1,3
n2791,n2791,1,144,1,1,4
n2792,n2792,1,144,1,1,5
n2793,n2793,1,144,1,1,6
n2794,n2794,1,144,1,1,7
n2795,n2795,1,144,5,2,1
n2796,n2796,1,144,5,2,2
n2797,n2797,1,144,5,2,3
r38,r38,1,144,5,2,4
r39,r39,1,144,5,2,5
n2798,n2798,1,145,1,1,1
n2799,n2799,1,145,1,1,2
n2800,n2800,1,145,1,1,3
n2801,n2801,1,145,1,1,4
n2802,n2802,1,145,1,1,5
n2803,n2803,1,145,1,1,6
n2804,n2804,1,145,5,2,1
n2805,n2805,1,146,1,1,1
n2806,n2806,1,146,1,1,2
n2807,n2807,1,146,1,1,3
n2808,n2808,1,146,1,1,4
n2809,n2809,1,146,1,1,5
n2810,n2810,1,146,1,1,6
n2811,n2811,1,146,1,1,7
n2812,n2812,1,146,1,1,8
n2813,n2813,1,146,5,2,1
n2814,n2814,1,146,5,2,2
n2815,n2815,1,146,5,2,3
n2816,n2816,1,146,5,2,4
n2817,n2817,1,146,5,2,5
n2818,n2818,1,146,5,2,6
n2819,n2819,1,146,5,2,7
n2820,n2820,1,146,5,2,8
n2821,n2821,1,146,5,2,9
n2822,n2822,1,146,5,2,10
n2823,n2823,1,147,1,1,1
n2824,n2824,1,147,1,1,2
n2825,n2825,1,147,1,1,3
n2826,n2826,1,147,1,1,4
n2827,n2827,1,147,1,1,5
n2828,n2828,1,147,1,1,6
n2829,n2829,1,147,1,1,7
n2830,n2830,1,147,1,1,8
n2831,n2831,1,147,1,1,9
n2832,n2832,1,147,1,1,10
n2833,n2833,1,147,1,1,11
n2834,n2834,1,147,5,2,1
n2835,n2835,1,147,5,2,2
n2836,n2836,1,147,5,2,3
n2837,n2837,1,147,5,2,4
n2838,n2838,1,147,5,2,5
n2839,n2839,1,147,5,2,6
n2840,n2840,1,147,5,2,7
n2841,n2841,1,147,5,2,8
n2842,n2842,1,148,1,1,1
n2843,n2843,1,148,1,1,2
n2844,n2844,1,148,1,1,3
n2845,n2845,1,148,1,1,4
n2846,n2846,1,148,1,1,5
n2847,n2847,1,148,1,1,6
n2848,n2848,1,148,1,1,7
n2849,n2849,1,148,1,1,8
n2850,n2850,1,148,1,1,9
n2851,n2851,1,148,5,2,1
n2852,n2852,1,148,5,2,2
n2853,n2853,1,148,5,2,3
n2854,n2854,1,148,5,2,4
n2855,n2855,1,148,5,2,5
n2856,n2856,1,148,5,2,6
n2857,n2857,1,148,5,2,7
n2858,n2858,1,148,5,2,8
n2859,n2859,1,149,1,1,1
n2860,n2860,1,149,1,1,2
n2861,n2861,1,149,1,1,3
n2862,n2862,1,149,1,1,4
n2863,n2863,1,149,1,1,5
n2864,n2864,1,149,1,1,6
n2865,n2865,1,149,1,1,7
n2866,n2866,1,149,1,1,8
n2867,n2867,1,149,1,1,9
n2868,n2868,1,149,1,1,10
n2869,n2869,1,149,1,1,11
n2870,n2870,1,149,5,2,1
r40,r40,1,149,5,2,2
n2871,n2871,1,149,5,2,3
n2872,n2872,1,149,5,2,4
n2873,n2873,1,149,5,2,5
n2874,n2874,1,149,6,2,1
n2875,n2875,1,149,6,2,2
n2876,n2876,1,149,6,2,3
n2877,n2877,1,149,7,2,1
n2878,n2878,1,150,1,1,1
n2879,n2879,1,150,1,1,2
n2880,n2880,1,150,1,1,3
n2881,n2881,1,150,1,1,4
n2882,n2882,1,150,1,1,5
n2883,n2883,1,150,1,1,6
n2884,n2884,1,150,1,1,7
n2885,n2885,1,150,1,1,8
n2886,n2886,1,150,1,1,9
n2887,n2887,1,150,5,2,1
n2888,n2888,1,150,5,2,2
n2889,n2889,1,150,5,2,3
n2890,n2890,1,150,5,2,4
n2891,n2891,1,150,5,2,5
r41,r41,1,150,5,2,6
n2892,n2892,1,150,5,2,7
n2893,n2893,1,150,5,2,8
n2894,n2894,1,150,6,2,1
n2895,n2895,1,150,6,2,2
n2896,n2896,1,151,1,1,1
n2897,n2897,1,151,1,1,2
n2898,n2898,1,151,1,1,3
n2899,n2899,1,151,1,1,4
n2900,n2900,1,151,1,1,5
n2901,n2901,1,151,1,1,6
n2902,n2902,1,151,1,1,7
n2903,n2903,1,151,1,1,8
n2904,n2904,1,151,1,1,9
n2905,n2905,1,151,1,1,10
n2906,n2906,1,151,1,1,11
n2907,n2907,1,151,5,2,1
n2908,n2908,1,151,5,2,2
n2909,n2909,1,151,5,2,3
n2910,n2910,1,151,5,2,4
n2911,n2911,1,151,5,2,5
n2912,n2912,1,151,5,2,6
n2913,n2913,1,151,5,2,7
n2914,n2914,1,151,5,2,8
n2915,n2915,1,152,1,1,1
n2916,n2916,1,152,1,1,2
n2917,n2917,1,152,1,1,3
n2918,n2918,1,152,1,1,4
n2919,n2919,1,152,1,1,5
n2920,n2920,1,152,1,1,6
n2921,n2921,1,152,1,1,7
n2922,n2922,1,152,1,1,8
n2923,n2923,1,152,1,1,9
n2924,n2924,1,152,5,2,1
n2925,n2925,1,152,5,2,2
n2926,n2926,1,152,5,2,3
n2927,n2927,1,152,5,2,4
n2928,n2928,1,152,5,2,5
n2929,n2929,1,152,5,2,6
n2930,n2930,1,152,5,2,7
n2931,n2931,1,152,5,2,8
n2932,n2932,1,153,1,1,1
n2933,n2933,1,153,1,1,2
n2934,n2934,1,153,1,1,3
n2935,n2935,1,153,1,1,4
n2936,n2936,1,153,1,1,5
n2937,n2937,1,153,1,1,6
n2938,n2938,1,153,1,1,7
n2939,n2939,1,153,1,1,8
n2940,n2940,1,153,1,1,9
n2941,n2941,1,153,1,1,10
n2942,n2942,1,153,1,1,11
n2943,n2943,1,153,5,2,1
r42,r42,1,153,5,2,2
n2944,n2944,1,153,5,2,3
n2945,n2945,1,153,5,2,4
n2946,n2946,1,153,5,2,5
n2947,n2947,1,153,6,2,1
n2948,n2948,1,153,6,2,2
n2949,n2949,1,153,6,2,3
n2950,n2950,1,153,7,2,1
n2951,n2951,1,154,1,1,1
n2952,n2952,1,154,1,1,2
n2953,n2953,1,154,1,1,3
n2954,n2954,1,154,1,1,4
n2955,n2955,1,154,1,1,5
n2956,n2956,1,154,1,1,6
n2957,n2957,1,154,1,1,7
n2958,n2958,1,154,1,1,8
n2959,n2959,1,154,1,1,9
n2960,n2960,1,154,1,1,10
n2961,n2961,1,154,1,1,11
n2962,n2962,1,154,1,1,12
n2963,n2963,1,154,5,2,1
r43,r43,1,154,5,2,2
n2964,n2964,1,154,5,2,3
n2965,n2965,1,154,5,2,4
n2966,n2966,1,154,5,2,5
n2967,n2967,1,154,6,2,1
n2968,n2968,1,154,6,2,2
n2969,n2969,1,154,6,2,3
n2970,n2970,1,154,6,2,4
n2971,n2971,1,154,6,2,5
n2972,n2972,1,154,7,2,1
n2973,n2973,1,155,1,1,1
n2974,n2974,1,155,1,1,2
r44,r44,1,155,1,1,3
n2975,n2975,1,155,1,1,4
n2976,n2976,1,155,1,1,5
r45,r45,1,155,1,1,6
n2977,n2977,1,155,1,1,7
n2978,n2978,1,155,2,1,1
n2979,n2979,1,155,2,1,2
n2980,n2980,1,155,2,1,3
n2981,n2981,1,155,5,2,1
n2982,n2982,1,155,5,2,2
n2983,n2983,1,155,5,2,3
n2984,n2984,1,155,5,2,4
n2985,n2985,1,155,5,2,5
n2986,n2986,1,155,5,2,6
n2987,n2987,1,156,1,1,1
r46,r46,1,156,1,1,2
n2988,n2988,1,156,1,1,3
n2989,n2989,1,156,1,1,4
r47,r47,1,156,1,1,5
n2990,n2990,1,156,1,1,6
n2991,n2991,1,156,2,1,1
n2992,n2992,1,156,2,1,2
n2993,n2993,1,156,2,1,3
n2994,n2994,1,156,2,1,4
n2995,n2995,1,156,5,2,1
n2996,n2996,1,156,5,2,2
n2997,n2997,1,156,5,2,3
n2998,n2998,1,156,5,2,4
n2999,n2999,1,156,5,2,5
n3000,n3000,1,157,1,1,1
n3001,n3001,1,157,1,1,2
n3002,n3002,1,157,1,1,3
n3003,n3003,1,157,1,1,4
n3004,n3004,1,157,1,1,5
n3005,n3005,1,157,1,1,6
n3006,n3006,1,157,1,1,7
n3007,n3007,1,157,1,1,8
n3008,n3008,1,157,1,1,9
n3009,n3009,1,157,1,1,10
n3010,n3010,1,157,1,1,11
n3011,n3011,1,157,5,2,1
n3012,n3012,1,157,5,2,2
n3013,n3013,1,157,5,2,3
n3014,n3014,1,157,5,2,4
n3015,n3015,1,157,5,2,5
n3016,n3016,1,157,5,2,6
n3017,n3017,1,157,5,2,7
n3018,n3018,1,157,5,2,8
n3019,n3019,1,157,5,2,9
n3020,n3020,1,157,5,2,10
n3021,n3021,1,157,5,2,11
n3022,n3022,1,157,6,1,1
n3023,n3023,1,158,1,1,1
n3024,n3024,1,158,1,1,2
n3025,n3025,1,158,1,1,3
n3026,n3026,1,158,1,1,4
n3027,n3027,1,158,1,1,5
n3028,n3028,1,158,1,1,6
n3029,n3029,1,158,1,1,7
n3030,n3030,1,158,1,1,8
n3031,n3031,1,158,1,1,9
n3032,n3032,1,158,1,1,10
n3033,n3033,1,158,1,1,11
n3034,n3034,1,158,1,1,12
n3035,n3035,1,158,1,1,13
n3036,n3036,1,158,1,1,14
n3037,n3037,1,158,1,1,15
n3038,n3038,1,158,5,2,1
n3039,n3039,1,158,5,2,2
n3040,n3040,1,158,5,2,3
n3041,n3041,1,158,5,2,4
n3042,n3042,1,158,5,2,5
n3043,n3043,1,158,5,2,6
n3044,n3044,1,158,5,2,7
n3045,n3045,1,158,5,2,8
n3046,n3046,1,158,5,2,9
n3047,n3047,1,158,5,2,10
n3048,n3048,1,158,5,2,11
n3049,n3049,1,158,5,2,12
n3050,n3050,1,159,1,1,1
n3051,n3051,1,159,1,1,2
n3052,n3052,1,159,1,1,3
n3053,n3053,1,159,1,1,4
n3054,n3054,1,159,1,1,5
n3055,n3055,1,159,1,1,6
n3056,n3056,1,159,1,1,7
n3057,n3057,1,159,1,1,8
n3058,n3058,1,159,5,2,1
n3059,n3059,1,159,5,2,2
n3060,n3060,1,159,5,2,3
n3061,n3061,1,159,5,2,4
n3062,n3062,1,159,5,2,5
n3063,n3063,1,159,5,2,6
n3064,n3064,1,159,5,2,7
n3065,n3065,1,159,5,2,8
n3066,n3066,1,159,5,2,9
n3067,n3067,1,159,5,2,10
n3068,n3068,1,159,5,2,11
n3069,n3069,1,159,5,2,12
n3070,n3070,1,159,6,1,1
n3071,n3071,1,159,6,1,2
n3072,n3072,1,160,1,1,1
n3073,n3073,1,160,1,1,2
n3074,n3074,1,160,1,1,3
n3075,n3075,1,160,1,1,4
n3076,n3076,1,160,1,1,5
n3077,n3077,1,160,1,1,6
n3078,n3078,1,160,1,1,7
n3079,n3079,1,160,1,1,8
n3080,n3080,1,160,1,1,9
n3081,n3081,1,160,1,1,10
n3082,n3082,1,160,1,1,11
n3083,n3083,1,160,1,1,12
n3084,n3084,1,160,1,1,13
n3085,n3085,1,160,1,1,14
n3086,n3086,1,160,1,1,15
n3087,n3087,1,160,1,1,16
n3088,n3088,1,160,5,2,1
n3089,n3089,1,160,5,2,2
n3090,n3090,1,160,5,2,3
n3091,n3091,1,160,5,2,4
n3092,n3092,1,160,5,2,5
n3093,n3093,1,160,5,2,6
n3094,n3094,1,160,5,2,7
n3095,n3095,1,160,5,2,8
n3096,n3096,1,160,5,2,9
n3097,n3097,1,160,5,2,10
n3098,n3098,1,160,5,2,11
n3099,n3099,1,161,1,1,1
n3100,n3100,1,161,1,1,2
n3101,n3101,1,161,1,1,3
n3102,n3102,1,161,1,1,4
n3103,n3103,1,161,1,1,5
n3104,n3104,1,161,1,1,6
n3105,n3105,1,161,1,1,7
n3106,n3106,1,161,1,1,8
n3107,n3107,1,161,1,1,9
n3108,n3108,1,161,1,1,10
n3109,n3109,1,161,1,1,11
n3110,n3110,1,161,1,1,12
n3111,n3111,1,161,1,1,13
n3112,n3112,1,161,1,1,14
n3113,n3113,1,161,5,2,1
n3114,n3114,1,161,5,2,2
n3115,n3115,1,161,5,2,3
n3116,n3116,1,161,5,2,4
n3117,n3117,1,161,5,2,5
n3118,n3118,1,161,5,2,6
n3119,n3119,1,161,5,2,7
n3120,n3120,1,161,5,2,8
n3121,n3121,1,161,5,2,9
n3122,n3122,1,161,5,2,10
n3123,n3123,1,161,5,2,11
n3124,n3124,1,162,1,1,1
n3125,n3125,1,162,1,1,2
n3126,n3126,1,162,1,1,3
n3127,n3127,1,162,1,1,4
n3128,n3128,1,162,1,1,5
n3129,n3129,1,162,1,1,6
n3130,n3130,1,162,1,1,7
n3131,n3131,1,162,1,1,8
n3132,n3132,1,162,1,1,9
n3133,n3133,1,162,1,1,10
n3134,n3134,1,162,1,1,11
n3135,n3135,1,162,1,1,12
n3136,n3136,1,162,1,1,13
n3137,n3137,1,162,1,1,14
n3138,n3138,1,162,1,1,15
n3139,n3139,1,162,5,2,1
n3140,n3140,1,162,5,2,2
n3141,n3141,1,162,5,2,3
n3142,n3142,1,162,5,2,4
n3143,n3143,1,162,5,2,5
n3144,n3144,1,162,5,2,6
n3145,n3145,1,162,5,2,7
n3146,n3146,1,162,5,2,8
n3147,n3147,1,162,5,2,9
n3148,n3148,1,162,5,2,10
n3149,n3149,1,162,5,2,11
n3150,n3150,1,162,5,2,12
n3151,n3151,1,163,1,1,1
n3152,n3152,1,163,1,1,2
n3153,n3153,1,163,1,1,3
n3154,n3154,1,163,1,1,4
n3155,n3155,1,163,1,1,5
n3156,n3156,1,163,1,1,6
n3157,n3157,1,163,1,1,7
n3158,n3158,1,163,1,1,8
n3159,n3159,1,163,1,1,9
n3160,n3160,1,163,1,1,10
n3161,n3161,1,163,1,1,11
n3162,n3162,1,163,5,2,1
n3163,n3163,1,163,5,2,2
n3164,n3164,1,163,5,2,3
n3165,n3165,1,163,5,2,4
n3166,n3166,1,163,5,2,5
n3167,n3167,1,163,5,2,6
n3168,n3168,1,163,5,2,7
n3169,n3169,1,163,5,2,8
n3170,n3170,1,163,5,2,9
n3171,n3171,1,163,5,2,10
n3172,n3172,1,163,5,2,11
n3173,n3173,1,163,5,2,12
n3174,n3174,1,164,1,1,1
n3175,n3175,1,164,1,1,2
n3176,n3176,1,164,1,1,3
n3177,n3177,1,164,1,1,4
n3178,n3178,1,164,1,1,5
n3179,n3179,1,164,1,1,6
n3180,n3180,1,164,1,1,7
n3181,n3181,1,164,1,1,8
n3182,n3182,1,164,1,1,9
n3183,n3183,1,164,1,1,10
n3184,n3184,1,164,1,1,11
n3185,n3185,1,164,1,1,12
n3186,n3186,1,164,1,1,13
n3187,n3187,1,164,1,1,14
n3188,n3188,1,164,1,1,15
n3189,n3189,1,164,1,1,16
n3190,n3190,1,164,1,1,17
n3191,n3191,1,164,1,1,18
n3192,n3192,1,164,5,2,1
n3193,n3193,1,164,5,2,2
n3194,n3194,1,164,5,2,3
n3195,n3195,1,164,5,2,4
n3196,n3196,1,164,5,2,5
n3197,n3197,1,164,5,2,6
n3198,n3198,1,164,5,2,7
n3199,n3199,1,164,5,2,8
n3200,n3200,1,164,5,2,9
n3201,n3201,1,164,5,2,10
n3202,n3202,1,164,5,2,11
n3203,n3203,1,165,1,1,1
n3204,n3204,1,165,1,1,2
n3205,n3205,1,165,1,1,3
n3206,n3206,1,165,1,1,4
n3207,n3207,1,165,1,1,5
n3208,n3208,1,165,1,1,6
n3209,n3209,1,165,1,1,7
n3210,n3210,1,165,1,1,8
n3211,n3211,1,165,1,1,9
n3212,n3212,1,165,1,1,10
n3213,n3213,1,165,1,1,11
n3214,n3214,1,165,1,1,12
n3215,n3215,1,165,5,2,1
n3216,n3216,1,165,5,2,2
n3217,n3217,1,165,5,2,3
n3218,n3218,1,165,5,2,4
n3219,n3219,1,165,5,2,5
n3220,n3220,1,165,5,2,6
n3221,n3221,1,165,5,2,7
n3222,n3222,1,165,5,2,8
n3223,n3223,1,165,5,2,9
n3224,n3224,1,165,5,2,10
n3225,n3225,1,165,5,2,11
n3226,n3226,1,166,1,1,1
n3227,n3227,1,166,1,1,2
n3228,n3228,1,166,1,1,3
n3229,n3229,1,166,1,1,4
n3230,n3230,1,166,1,1,5
n3231,n3231,1,166,1,1,6
n3232,n3232,1,166,1,1,7
n3233,n3233,1,166,1,1,8
n3234,n3234,1,166,1,1,9
n3235,n3235,1,166,1,1,10
n3236,n3236,1,166,1,1,11
n3237,n3237,1,166,1,1,12
n3238,n3238,1,166,5,2,1
n3239,n3239,1,166,5,2,2
n3240,n3240,1,166,5,2,3
n3241,n3241,1,166,5,2,4
n3242,n3242,1,166,5,2,5
n3243,n3243,1,166,5,2,6
n3244,n3244,1,166,5,2,7
n3245,n3245,1,166,5,2,8
n3246,n3246,1,166,5,2,9
n3247,n3247,1,166,6,2,1
n3248,n3248,1,167,1,1,1
n3249,n3249,1,167,1,1,2
n3250,n3250,1,167,1,1,3
n3251,n3251,1,167,1,1,4
n3252,n3252,1,167,1,1,5
n3253,n3253,1,167,1,1,6
n3254,n3254,1,167,1,1,7
n3255,n3255,1,167,1,1,8
n3256,n3256,1,167,1,1,9
n3257,n3257,1,167,1,1,10
n3258,n3258,1,167,1,1,11
n3259,n3259,1,167,1,1,12
n3260,n3260,1,167,5,2,1
n3261,n3261,1,167,5,2,2
n3262,n3262,1,167,5,2,3
n3263,n3263,1,167,5,2,4
n3264,n3264,1,167,5,2,5
n3265,n3265,1,167,5,2,6
n3266,n3266,1,167,5,2,7
n3267,n3267,1,167,5,2,8
n3268,n3268,1,167,5,2,9
n3269,n3269,1,167,5,2,10
n3270,n3270,1,167,5,2,11
n3271,n3271,1,167,5,2,12
n3272,n3272,1,167,5,2,13
n3273,n3273,1,168,1,1,1
n3274,n3274,1,168,1,1,2
n3275,n3275,1,168,1,1,3
n3276,n3276,1,168,1,1,4
n3277,n3277,1,168,1,1,5
n3278,n3278,1,168,1,1,6
n3279,n3279,1,168,1,1,7
n3280,n3280,1,168,1,1,8
n3281,n3281,1,168,1,1,9
n3282,n3282,1,168,1,1,10
n3283,n3283,1,168,1,1,11
n3284,n3284,1,168,1,1,12
n3285,n3285,1,168,5,2,1
n3286,n3286,1,168,5,2,2
n3287,n3287,1,168,5,2,3
n3288,n3288,1,168,5,2,4
n3289,n3289,1,168,5,2,5
n3290,n3290,1,168,5,2,6
n3291,n3291,1,168,5,2,7
n3292,n3292,1,168,5,2,8
n3293,n3293,1,168,5,2,9
n3294,n3294,1,168,6,2,1
n3295,n3295,1,169,1,1,1
n3296,n3296,1,169,1,1,2
n3297,n3297,1,169,1,1,3
n3298,n3298,1,169,1,1,4
n3299,n3299,1,169,1,1,5
n3300,n3300,1,169,1,1,6
n3301,n3301,1,169,1,1,7
n3302,n3302,1,169,1,1,8
n3303,n3303,1,169,1,1,9
n3304,n3304,1,169,1,1,10
n3305,n3305,1,169,1,1,11
n3306,n3306,1,169,1,1,12
n3307,n3307,1,169,5,2,1
n3308,n3308,1,169,5,2,2
n3309,n3309,1,169,5,2,3
n3310,n3310,1,169,5,2,4
n3311,n3311,1,169,5,2,5
n3312,n3312,1,169,5,2,6
n3313,n3313,1,169,5,2,7
n3314,n3314,1,169,5,2,8
n3315,n3315,1,169,5,2,9
n3316,n3316,1,169,5,2,10
n3317,n3317,1,169,5,2,11
n3318,n3318,1,169,5,2,12
n3319,n3319,1,170,1,1,1
n3320,n3320,1,170,1,1,2
n3321,n3321,1,170,1,1,3
n3322,n3322,1,170,1,1,4
n3323,n3323,1,170,1,1,5
n3324,n3324,1,170,1,1,6
n3325,n3325,1,170,1,1,7
n3326,n3326,1,170,1,1,8
n3327,n3327,1,170,1,1,9
n3328,n3328,1,170,1,1,10
n3329,n3329,1,170,1,1,11
n3330,n3330,1,170,1,1,12
n3331,n3331,1,170,5,2,1
n3332,n3332,1,170,5,2,2
n3333,n3333,1,170,5,2,3
n3334,n3334,1,170,5,2,4
n3335,n3335,1,170,5,2,5
n3336,n3336,1,170,5,2,6
n3337,n3337,1,170,5,2,7
n3338,n3338,1,170,5,2,8
n3339,n3339,1,170,5,2,9
n3340,n3340,1,170,5,2,10
n3341,n3341,1,170,5,2,11
n3342,n3342,1,170,5,2,12
n3343,n3343,1,171,1,1,1
n3344,n3344,1,171,1,1,2
n3345,n3345,1,171,1,1,3
n3346,n3346,1,171,1,1,4
n3347,n3347,1,171,1,1,5
n3348,n3348,1,171,1,1,6
n3349,n3349,1,171,1,1,7
n3350,n3350,1,171,1,1,8
n3351,n3351,1,171,1,1,9
n3352,n3352,1,171,1,1,10
n3353,n3353,1,171,1,1,11
n3354,n3354,1,171,1,1,12
n3355,n3355,1,171,5,2,1
n3356,n3356,1,171,5,2,2
n3357,n3357,1,171,5,2,3
n3358,n3358,1,171,5,2,4
n3359,n3359,1,171,5,2,5
n3360,n3360,1,171,5,2,6
n3361,n3361,1,171,5,2,7
n3362,n3362,1,171,5,2,8
n3363,n3363,1,172,1,1,1
n3364,n3364,1,172,1,1,2
n3365,n3365,1,172,1,1,3
n3366,n3366,1,172,1,1,4
n3367,n3367,1,172,1,1,5
n3368,n3368,1,172,1,1,6
n3369,n3369,1,172,1,1,7
n3370,n3370,1,172,1,1,8
n3371,n3371,1,172,1,1,9
n3372,n3372,1,172,1,1,10
n3373,n3373,1,172,1,1,11
n3374,n3374,1,172,1,1,12
n3375,n3375,1,172,5,2,1
n3376,n3376,1,172,5,2,2
n3377,n3377,1,172,5,2,3
n3378,n3378,1,172,5,2,4
n3379,n3379,1,172,5,2,5
n3380,n3380,1,172,5,2,6
n3381,n3381,1,172,5,2,7
n3382,n3382,1,172,5,2,8
n3383,n3383,1,172,5,2,9
n3384,n3384,1,172,5,2,10
n3385,n3385,1,172,5,2,11
n3386,n3386,1,173,1,1,1
n3387,n3387,1,173,1,1,2
n3388,n3388,1,173,1,1,3
n3389,n3389,1,173,1,1,4
n3390,n3390,1,173,1,1,5
n3391,n3391,1,173,1,1,6
n3392,n3392,1,173,1,1,7
n3393,n3393,1,173,1,1,8
n3394,n3394,1,173,1,1,9
n3395,n3395,1,173,1,1,10
n3396,n3396,1,173,1,1,11
n3397,n3397,1,173,1,1,12
n3398,n3398,1,173,1,1,13
n3399,n3399,1,173,1,1,14
n3400,n3400,1,173,1,1,15
n3401,n3401,1,173,1,1,16
n3402,n3402,1,173,1,1,17
n3403,n3403,1,173,1,1,18
n3404,n3404,1,173,1,1,19
n3405,n3405,1,173,1,1,20
n3406,n3406,1,173,1,1,21
n3407,n3407,1,173,1,1,22
n3408,n3408,1,173,1,1,23
n3409,n3409,1,173,5,2,1
n3410,n3410,1,173,5,2,2
n3411,n3411,1,173,5,2,3
n3412,n3412,1,173,5,2,4
n3413,n3413,1,173,5,2,5
n3414,n3414,1,173,5,2,6
n3415,n3415,1,173,5,2,7
n3416,n3416,1,173,5,2,8
n3417,n3417,1,173,5,2,9
n3418,n3418,1,173,5,2,10
n3419,n3419,1,173,5,2,11
n3420,n3420,1,173,5,2,12
n3421,n3421,1,173,5,2,13
n3422,n3422,1,174,1,1,1
n3423,n3423,1,174,1,1,2
n3424,n3424,1,174,1,1,3
n3425,n3425,1,174,1,1,4
n3426,n3426,1,174,1,1,5
n3427,n3427,1,174,1,1,6
n3428,n3428,1,174,1,1,7
n3429,n3429,1,174,1,1,8
n3430,n3430,1,174,1,1,9
n3431,n3431,1,174,1,1,10
n3432,n3432,1,174,1,1,11
n3433,n3433,1,174,1,1,12
n3434,n3434,1,174,1,1,13
n3435,n3435,1,174,1,1,14
n3436,n3436,1,174,1,1,15
n3437,n3437,1,174,1,1,16
n3438,n3438,1,174,1,1,17
n3439,n3439,1,174,1,1,18
n3440,n3440,1,174,5,2,1
n3441,n3441,1,174,5,2,2
n3442,n3442,1,174,5,2,3
n3443,n3443,1,174,5,2,4
n3444,n3444,1,174,5,2,5
n3445,n3445,1,174,5,2,6
n3446,n3446,1,174,5,2,7
n3447,n3447,1,174,5,2,8
n3448,n3448,1,174,5,2,9
n3449,n3449,1,174,5,2,10
n3450,n3450,1,174,5,2,11
n3451,n3451,1,174,5,2,12
n3452,n3452,1,174,5,2,13
n3453,n3453,1,174,5,2,14
n3454,n3454,1,175,1,1,1
n3455,n3455,1,175,1,1,2
n3456,n3456,1,175,1,1,3
n3457,n3457,1,175,1,1,4
n3458,n3458,1,175,1,1,5
n3459,n3459,1,175,1,1,6
n3460,n3460,1,175,1,1,7
n3461,n3461,1,175,1,1,8
n3462,n3462,1,175,1,1,9
n3463,n3463,1,175,1,1,10
n3464,n3464,1,175,1,1,11
n3465,n3465,1,175,1,1,12
n3466,n3466,1,175,1,1,13
n3467,n3467,1,175,1,1,14
n3468,n3468,1,175,1,1,15
n3469,n3469,1,175,1,1,16
n3470,n3470,1,175,1,1,17
n3471,n3471,1,175,1,1,18
n3472,n3472,1,175,1,1,19
n3473,n3473,1,175,1,1,20
n3474,n3474,1,175,5,2,1
n3475,n3475,1,175,5,2,2
n3476,n3476,1,175,5,2,3
n3477,n3477,1,175,5,2,4
n3478,n3478,1,175,5,2,5
n3479,n3479,1,175,5,2,6
n3480,n3480,1,175,5,2,7
n3481,n3481,1,175,5,2,8
n3482,n3482,1,175,5,2,9
n3483,n3483,1,175,5,2,10
n3484,n3484,1,175,5,2,11
n3485,n3485,1,175,5,2,12
n3486,n3486,1,176,1,1,1
n3487,n3487,1,176,1,1,2
n3488,n3488,1,176,1,1,3
n3489,n3489,1,176,1,1,4
n3490,n3490,1,176,1,1,5
n3491,n3491,1,176,1,1,6
n3492,n3492,1,176,1,1,7
n3493,n3493,1,176,1,1,8
n3494,n3494,1,176,1,1,9
n3495,n3495,1,176,1,1,10
n3496,n3496,1,176,1,1,11
n3497,n3497,1,176,1,1,12
n3498,n3498,1,176,1,1,13
n3499,n3499,1,176,1,1,14
n3500,n3500,1,176,1,1,15
n3501,n3501,1,176,1,1,16
n3502,n3502,1,176,1,1,17
n3503,n3503,1,176,1,1,18
n3504,n3504,1,176,5,2,1
n3505,n3505,1,176,5,2,2
n3506,n3506,1,176,5,2,3
n3507,n3507,1,176,5,2,4
n3508,n3508,1,176,5,2,5
n3509,n3509,1,176,5,2,6
n3510,n3510,1,176,5,2,7
n3511,n3511,1,176,5,2,8
n3512,n3512,1,176,5,2,9
n3513,n3513,1,176,5,2,10
n3514,n3514,1,177,1,1,1
n3515,n3515,1,177,1,1,2
n3516,n3516,1,177,1,1,3
n3517,n3517,1,177,1,1,4
n3518,n3518,1,177,1,1,5
n3519,n3519,1,177,1,1,6
n3520,n3520,1,177,1,1,7
n3521,n3521,1,177,1,1,8
n3522,n3522,1,177,1,1,9
n3523,n3523,1,177,1,1,10
n3524,n3524,1,177,1,1,11
n3525,n3525,1,177,1,1,12
n3526,n3526,1,177,1,1,13
n3527,n3527,1,177,1,1,14
n3528,n3528,1,177,1,1,15
n3529,n3529,1,177,1,1,16
n3530,n3530,1,177,1,1,17
n3531,n3531,1,177,1,1,18
n3532,n3532,1,177,1,1,19
n3533,n3533,1,177,1,1,20
n3534,n3534,1,177,1,1,21
n3535,n3535,1,177,1,1,22
n3536,n3536,1,177,1,1,23
n3537,n3537,1,177,1,1,24
n3538,n3538,1,177,5,2,1
n3539,n3539,1,177,5,2,2
n3540,n3540,1,177,5,2,3
n3541,n3541,1,177,5,2,4
n3542,n3542,1,177,5,2,5
n3543,n3543,1,177,5,2,6
n3544,n3544,1,177,5,2,7
n3545,n3545,1,177,5,2,8
n3546,n3546,1,177,5,2,9
n3547,n3547,1,177,5,2,10
n3548,n3548,1,177,5,2,11
n3549,n3549,1,177,5,2,12
n3550,n3550,1,178,1,1,1
n3551,n3551,1,178,1,1,2
n3552,n3552,1,178,1,1,3
n3553,n3553,1,178,1,1,4
n3554,n3554,1,178,1,1,5
n3555,n3555,1,178,1,1,6
n3556,n3556,1,178,1,1,7
n3557,n3557,1,178,1,1,8
n3558,n3558,1,178,1,1,9
n3559,n3559,1,178,1,1,10
n3560,n3560,1,178,1,1,11
n3561,n3561,1,178,1,1,12
n3562,n3562,1,178,1,1,13
n3563,n3563,1,178,1,1,14
n3564,n3564,1,178,1,1,15
n3565,n3565,1,178,1,1,16
n3566,n3566,1,178,1,1,17
n3567,n3567,1,178,1,1,18
n3568,n3568,1,178,1,1,19
n3569,n3569,1,178,1,1,20
n3570,n3570,1,178,5,2,1
n3571,n3571,1,178,5,2,2
n3572,n3572,1,178,5,2,3
n3573,n3573,1,178,5,2,4
n3574,n3574,1,178,5,2,5
n3575,n3575,1,178,5,2,6
n3576,n3576,1,178,5,2,7
n3577,n3577,1,178,5,2,8
n3578,n3578,1,178,5,2,9
n3579,n3579,1,178,5,2,10
n3580,n3580,1,178,5,2,11
n3581,n3581,1,178,5,2,12
n3582,n3582,1,178,5,2,13
n3583,n3583,1,178,5,2,14
n3584,n3584,1,179,1,1,1
n3585,n3585,1,179,1,1,2
n3586,n3586,1,179,1,1,3
n3587,n3587,1,179,1,1,4
n3588,n3588,1,179,1,1,5
n3589,n3589,1,179,1,1,6
n3590,n3590,1,179,1,1,7
n3591,n3591,1,179,1,1,8
n3592,n3592,1,179,1,1,9
n3593,n3593,1,179,1,1,10
n3594,n3594,1,179,1,1,11
n3595,n3595,1,179,1,1,12
n3596,n3596,1,179,1,1,13
n3597,n3597,1,179,1,1,14
n3598,n3598,1,179,1,1,15
n3599,n3599,1,179,1,1,16
n3600,n3600,1,179,1,1,17
n3601,n3601,1,179,1,1,18
n3602,n3602,1,179,5,2,1
n3603,n3603,1,179,5,2,2
n3604,n3604,1,179,5,2,3
n3605,n3605,1,179,5,2,4
n3606,n3606,1,179,5,2,5
n3607,n3607,1,179,5,2,6
n3608,n3608,1,179,5,2,7
n3609,n3609,1,179,5,2,8
n3610,n3610,1,179,5,2,9
n3611,n3611,1,179,5,2,10
n3612,n3612,1,179,5,2,11
n3613,n3613,1,179,5,2,12
n3614,n3614,1,180,1,1,1
n3615,n3615,1,180,1,1,2
n3616,n3616,1,180,1,1,3
n3617,n3617,1,180,1,1,4
n3618,n3618,1,180,1,1,5
n3619,n3619,1,180,1,1,6
n3620,n3620,1,180,1,1,7
n3621,n3621,1,180,1,1,8
n3622,n3622,1,180,1,1,9
n3623,n3623,1,180,1,1,10
n3624,n3624,1,180,1,1,11
n3625,n3625,1,180,1,1,12
n3626,n3626,1,180,1,1,13
n3627,n3627,1,180,1,1,14
n3628,n3628,1,180,1,1,15
n3629,n3629,1,180,1,1,16
n3630,n3630,1,180,1,1,17
n3631,n3631,1,180,1,1,18
n3632,n3632,1,180,5,2,1
n3633,n3633,1,180,5,2,2
n3634,n3634,1,180,5,2,3
n3635,n3635,1,180,5,2,4
n3636,n3636,1,180,5,2,5
n3637,n3637,1,180,5,2,6
n3638,n3638,1,180,5,2,7
n3639,n3639,1,180,5,2,8
n3640,n3640,1,180,5,2,9
n3641,n3641,1,180,5,2,10
n3642,n3642,1,180,5,2,11
n3643,n3643,1,180,5,2,12
n3644,n3644,1,181,1,1,1
n3645,n3645,1,181,1,1,2
n3646,n3646,1,181,1,1,3
n3647,n3647,1,181,1,1,4
n3648,n3648,1,181,1,1,5
n3649,n3649,1,181,1,1,6
n3650,n3650,1,181,1,1,7
n3651,n3651,1,181,1,1,8
n3652,n3652,1,181,1,1,9
n3653,n3653,1,181,1,1,10
n3654,n3654,1,181,1,1,11
n3655,n3655,1,181,1,1,12
n3656,n3656,1,181,1,1,13
n3657,n3657,1,181,1,1,14
n3658,n3658,1,181,1,1,15
n3659,n3659,1,181,1,1,16
n3660,n3660,1,181,1,1,17
n3661,n3661,1,181,1,1,18
n3662,n3662,1,181,5,2,1
n3663,n3663,1,181,5,2,2
n3664,n3664,1,181,5,2,3
n3665,n3665,1,181,5,2,4
n3666,n3666,1,181,5,2,5
n3667,n3667,1,181,5,2,6
n3668,n3668,1,181,5,2,7
n3669,n3669,1,181,5,2,8
n3670,n3670,1,181,5,2,9
n3671,n3671,1,181,5,2,10
n3672,n3672,1,181,5,2,11
n3673,n3673,1,181,5,2,12
n3674,n3674,1,182,1,1,1
n3675,n3675,1,182,1,1,2
n3676,n3676,1,182,1,1,3
n3677,n3677,1,182,1,1,4
n3678,n3678,1,182,1,1,5
n3679,n3679,1,182,1,1,6
n3680,n3680,1,182,1,1,7
n3681,n3681,1,182,1,1,8
n3682,n3682,1,182,1,1,9
n3683,n3683,1,182,1,1,10
n3684,n3684,1,182,1,1,11
n3685,n3685,1,182,1,1,12
n3686,n3686,1,182,1,1,13
n3687,n3687,1,182,1,1,14
n3688,n3688,1,182,1,1,15
n3689,n3689,1,182,1,1,16
n3690,n3690,1,182,1,1,17
n3691,n3691,1,182,1,1,18
n3692,n3692,1,182,5,2,1
n3693,n3693,1,182,5,2,2
n3694,n3694,1,182,5,2,3
n3695,n3695,1,182,5,2,4
n3696,n3696,1,182,5,2,5
n3697,n3697,1,182,5,2,6
n3698,n3698,1,182,5,2,7
n3699,n3699,1,182,5,2,8
n3700,n3700,1,182,5,2,9
n3701,n3701,1,182,5,2,10
n3702,n3702,1,182,5,2,11
n3703,n3703,1,182,5,2,12
n3704,n3704,1,183,1,1,1
n3705,n3705,1,183,1,1,2
n3706,n3706,1,183,1,1,3
n3707,n3707,1,183,1,1,4
n3708,n3708,1,183,1,1,5
n3709,n3709,1,183,1,1,6
n3710,n3710,1,183,1,1,7
n3711,n3711,1,183,1,1,8
n3712,n3712,1,183,5,2,1
n3713,n3713,1,183,5,2,2
n3714,n3714,1,183,5,2,3
n3715,n3715,1,183,5,2,4
n3716,n3716,1,183,5,2,5
n3717,n3717,1,183,5,2,6
n3718,n3718,1,183,5,2,7
n3719,n3719,1,183,5,2,8
n3720,n3720,1,183,5,2,9
n3721,n3721,1,184,1,1,1
n3722,n3722,1,184,1,1,2
n3723,n3723,1,184,1,1,3
n3724,n3724,1,184,1,1,4
n3725,n3725,1,184,1,1,5
n3726,n3726,1,184,1,1,6
n3727,n3727,1,184,5,2,1
n3728,n3728,1,184,5,2,2
n3729,n3729,1,184,5,2,3
n3730,n3730,1,184,5,2,4
n3731,n3731,1,184,5,2,5
n3732,n3732,1,184,5,2,6
n3733,n3733,1,184,5,2,7
n3734,n3734,1,184,5,2,8
n3735,n3735,1,184,5,2,9
n3736,n3736,1,184,5,2,10
n3737,n3737,1,184,5,2,11
n3738,n3738,1,184,5,2,12
n3739,n3739,1,185,1,1,1
n3740,n3740,1,185,1,1,2
n3741,n3741,1,185,1,1,3
n3742,n3742,1,185,1,1,4
n3743,n3743,1,185,1,1,5
n3744,n3744,1,185,1,1,6
n3745,n3745,1,185,1,1,7
n3746,n3746,1,185,1,1,8
n3747,n3747,1,185,1,1,9
n3748,n3748,1,185,1,1,10
n3749,n3749,1,185,5,2,1
n3750,n3750,1,185,5,2,2
n3751,n3751,1,185,5,2,3
n3752,n3752,1,185,5,2,4
n3753,n3753,1,185,5,2,5
n3754,n3754,1,185,5,2,6
n3755,n3755,1,185,5,2,7
n3756,n3756,1,185,5,2,8
n3757,n3757,1,185,5,2,9
n3758,n3758,1,185,5,2,10
n3759,n3759,1,185,5,2,11
n3760,n3760,1,185,5,2,12
n3761,n3761,1,186,1,1,1
n3762,n3762,1,186,1,1,2
n3763,n3763,1,186,1,1,3
n3764,n3764,1,186,1,1,4
n3765,n3765,1,186,1,1,5
n3766,n3766,1,186,1,1,6
n3767,n3767,1,186,2,1,1
n3768,n3768,1,186,2,1,2
n3769,n3769,1,186,5,2,1
n3770,n3770,1,186,5,2,2
n3771,n3771,1,186,5,2,3
n3772,n3772,1,186,5,2,4
n3773,n3773,1,186,5,2,5
n3774,n3774,1,186,5,2,6
n3775,n3775,1,186,5,2,7
n3776,n3776,1,186,5,2,8
n3777,n3777,1,186,5,2,9
n3778,n3778,1,186,5,2,10
n3779,n3779,1,186,5,2,11
n3780,n3780,1,186,5,2,12
n3781,n3781,1,187,1,1,1
n3782,n3782,1,187,1,1,2
n3783,n3783,1,187,1,1,3
n3784,n3784,1,187,1,1,4
n3785,n3785,1,187,2,1,1
n3786,n3786,1,187,2,1,2
n3787,n3787,1,187,2,1,3
n3788,n3788,1,187,2,1,4
n3789,n3789,1,187,5,2,1
n3790,n3790,1,187,5,2,2
n3791,n3791,1,187,5,2,3
n3792,n3792,1,187,5,2,4
n3793,n3793,1,187,5,2,5
n3794,n3794,1,187,5,2,6
n3795,n3795,1,187,5,2,7
n3796,n3796,1,187,5,2,8
n3797,n3797,1,187,5,2,9
n3798,n3798,1,187,5,2,10
n3799,n3799,1,187,5,2,11
n3800,n3800,1,187,5,2,12
n3801,n3801,1,188,1,1,1
n3802,n3802,1,188,1,1,2
n3803,n3803,1,188,1,1,3
n3804,n3804,1,188,2,1,1
n3805,n3805,1,188,2,1,2
n3806,n3806,1,188,2,1,3
n3807,n3807,1,188,2,1,4
n3808,n3808,1,188,2,1,5
n3809,n3809,1,188,2,1,6
n3810,n3810,1,188,5,2,1
n3811,n3811,1,188,5,2,2
n3812,n3812,1,188,5,2,3
n3813,n3813,1,188,5,2,4
n3814,n3814,1,188,5,2,5
n3815,n3815,1,188,5,2,6
n3816,n3816,1,188,5,2,7
n3817,n3817,1,188,5,2,8
n3818,n3818,1,188,5,2,9
n3819,n3819,1,188,5,2,10
n3820,n3820,1,188,5,2,11
n3821,n3821,1,188,5,2,12
n3822,n3822,1,189,1,1,1
n3823,n3823,1,189,1,1,2
n3824,n3824,1,189,1,1,3
n3825,n3825,1,189,1,1,4
n3826,n3826,1,189,1,1,5
n3827,n3827,1,189,1,1,6
n3828,n3828,1,189,2,1,1
n3829,n3829,1,189,2,1,2
n3830,n3830,1,189,5,2,1
n3831,n3831,1,189,5,2,2
n3832,n3832,1,189,5,2,3
n3833,n3833,1,189,5,2,4
n3834,n3834,1,189,5,2,5
n3835,n3835,1,189,5,2,6
n3836,n3836,1,189,5,2,7
n3837,n3837,1,189,5,2,8
n3838,n3838,1,189,5,2,9
n3839,n3839,1,189,5,2,10
n3840,n3840,1,189,5,2,11
n3841,n3841,1,189,5,2,12
n3842,n3842,1,190,1,1,1
n3843,n3843,1,190,1,1,2
n3844,n3844,1,190,1,1,3
n3845,n3845,1,190,1,1,4
n3846,n3846,1,190,1,1,5
n3847,n3847,1,190,1,1,6
n3848,n3848,1,190,1,1,7
n3849,n3849,1,190,2,1,1
n3850,n3850,1,190,5,2,1
n3851,n3851,1,190,5,2,2
n3852,n3852,1,190,5,2,3
n3853,n3853,1,190,5,2,4
n3854,n3854,1,190,5,2,5
n3855,n3855,1,190,5,2,6
n3856,n3856,1,190,5,2,7
n3857,n3857,1,190,5,2,8
n3858,n3858,1,190,5,2,9
n3859,n3859,1,190,5,2,10
n3860,n3860,1,190,5,2,11
n3861,n3861,1,190,5,2,12
n3862,n3862,1,191,1,1,1
n3863,n3863,1,191,1,1,2
n3864,n3864,1,191,1,1,3
n3865,n3865,1,191,1,1,4
n3866,n3866,1,191,1,1,5
n3867,n3867,1,191,1,1,6
n3868,n3868,1,191,1,1,7
n3869,n3869,1,191,1,1,8
n3870,n3870,1,191,1,1,9
n3871,n3871,1,191,1,1,10
n3872,n3872,1,191,1,1,11
n3873,n3873,1,191,1,1,12
n3874,n3874,1,191,5,2,1
n3875,n3875,1,191,5,2,2
n3876,n3876,1,191,5,2,3
n3877,n3877,1,191,5,2,4
n3878,n3878,1,191,5,2,5
n3879,n3879,1,191,5,2,6
n3880,n3880,1,191,5,2,7
n3881,n3881,1,191,5,2,8
n3882,n3882,1,191,5,2,9
n3883,n3883,1,191,5,2,10
n3884,n3884,1,191,5,2,11
n3885,n3885,1,191,5,2,12
n3886,n3886,1,192,1,1,1
n3887,n3887,1,192,1,1,2
n3888,n3888,1,192,1,1,3
n3889,n3889,1,192,1,1,4
r48,r48,1,192,1,1,5
n3890,n3890,1,192,1,1,6
n3891,n3891,1,192,2,1,1
n3892,n3892,1,192,5,2,1
n3893,n3893,1,192,5,2,2
n3894,n3894,1,192,5,2,3
n3895,n3895,1,192,5,2,4
n3896,n3896,1,192,5,2,5
n3897,n3897,1,192,5,2,6
n3898,n3898,1,192,5,2,7
n3899,n3899,1,192,5,2,8
n3900,n3900,1,192,5,2,9
n3901,n3901,1,192,5,2,10
n3902,n3902,1,192,5,2,11
n3903,n3903,1,192,5,2,12
n3904,n3904,1,193,1,1,1
n3905,n3905,1,193,1,1,2
n3906,n3906,1,193,1,1,3
n3907,n3907,1,193,1,1,4
n3908,n3908,1,193,1,1,5
n3909,n3909,1,193,1,1,6
n3910,n3910,1,193,1,1,7
n3911,n3911,1,193,1,1,8
n3912,n3912,1,193,5,2,1
n3913,n3913,1,193,5,2,2
n3914,n3914,1,193,5,2,3
n3915,n3915,1,193,5,2,4
n3916,n3916,1,193,5,2,5
n3917,n3917,1,193,5,2,6
n3918,n3918,1,193,5,2,7
n3919,n3919,1,193,5,2,8
n3920,n3920,1,193,5,2,9
n3921,n3921,1,193,5,2,10
n3922,n3922,1,193,5,2,11
n3923,n3923,1,193,5,2,12
n3924,n3924,1,194,1,1,1
n3925,n3925,1,194,1,1,2
n3926,n3926,1,194,1,1,3
n3927,n3927,1,194,1,1,4
n3928,n3928,1,194,1,1,5
n3929,n3929,1,194,1,1,6
n3930,n3930,1,194,1,1,7
n3931,n3931,1,194,2,1,1
n3932,n3932,1,194,2,1,2
n3933,n3933,1,194,5,2,1
n3934,n3934,1,194,5,2,2
n3935,n3935,1,194,5,2,3
n3936,n3936,1,194,5,2,4
n3937,n3937,1,194,5,2,5
n3938,n3938,1,194,5,2,6
n3939,n3939,1,194,5,2,7
n3940,n3940,1,194,5,2,8
n3941,n3941,1,194,5,2,9
n3942,n3942,1,194,5,2,10
n3943,n3943,1,194,5,2,11
n3944,n3944,1,194,5,2,12
n3945,n3945,1,195,1,1,1
n3946,n3946,1,195,1,1,2
n3947,n3947,1,195,1,1,3
n3948,n3948,1,195,1,1,4
n3949,n3949,1,195,1,1,5
n3950,n3950,1,195,1,1,6
n3951,n3951,1,195,1,1,7
n3952,n3952,1,195,2,1,1
n3953,n3953,1,195,2,1,2
n3954,n3954,1,195,2,1,3
n3955,n3955,1,195,2,1,4
n3956,n3956,1,195,5,2,1
n3957,n3957,1,195,5,2,2
n3958,n3958,1,195,5,2,3
n3959,n3959,1,195,5,2,4
n3960,n3960,1,195,5,2,5
n3961,n3961,1,195,5,2,6
n3962,n3962,1,195,5,2,7
n3963,n3963,1,195,5,2,8
n3964,n3964,1,195,5,2,9
n3965,n3965,1,195,5,2,10
n3966,n3966,1,195,5,2,11
n3967,n3967,1,195,5,2,12
n3968,n3968,1,196,1,1,1
n3969,n3969,1,196,1,1,2
n3970,n3970,1,196,1,1,3
n3971,n3971,1,196,1,1,4
n3972,n3972,1,196,2,1,1
n3973,n3973,1,196,2,1,2
n3974,n3974,1,196,2,1,3
n3975,n3975,1,196,2,1,4
n3976,n3976,1,196,2,1,5
n3977,n3977,1,196,2,1,6
n3978,n3978,1,196,5,2,1
n3979,n3979,1,196,5,2,2
n3980,n3980,1,196,5,2,3
n3981,n3981,1,196,5,2,4
n3982,n3982,1,196,5,2,5
n3983,n3983,1,196,5,2,6
n3984,n3984,1,196,5,2,7
n3985,n3985,1,196,5,2,8
n3986,n3986,1,196,5,2,9
n3987,n3987,1,196,5,2,10
n3988,n3988,1,196,5,2,11
n3989,n3989,1,196,5,2,12
n3990,n3990,1,197,1,1,1
n3991,n3991,1,197,1,1,2
n3992,n3992,1,197,1,1,3
n3993,n3993,1,197,1,1,4
n3994,n3994,1,197,1,1,5
n3995,n3995,1,197,2,1,1
n3996,n3996,1,197,2,1,2
n3997,n3997,1,197,2,1,3
n3998,n3998,1,197,5,2,1
n3999,n3999,1,197,5,2,2
n4000,n4000,1,197,5,2,3
n4001,n4001,1,197,5,2,4
n4002,n4002,1,197,5,2,5
n4003,n4003,1,197,5,2,6
n4004,n4004,1,197,5,2,7
n4005,n4005,1,197,5,2,8
n4006,n4006,1,197,5,2,9
n4007,n4007,1,197,5,2,10
n4008,n4008,1,197,5,2,11
n4009,n4009,1,197,5,2,12
n4010,n4010,1,198,1,1,1
n4011,n4011,1,198,1,1,2
n4012,n4012,1,198,1,1,3
n4013,n4013,1,198,1,1,4
n4014,n4014,1,198,1,1,5
n4015,n4015,1,198,1,1,6
n4016,n4016,1,198,2,1,1
n4017,n4017,1,198,2,1,2
n4018,n4018,1,198,5,2,1
n4019,n4019,1,198,5,2,2
n4020,n4020,1,198,5,2,3
n4021,n4021,1,198,5,2,4
n4022,n4022,1,198,5,2,5
n4023,n4023,1,198,5,2,6
n4024,n4024,1,198,5,2,7
n4025,n4025,1,198,5,2,8
n4026,n4026,1,198,5,2,9
n4027,n4027,1,198,5,2,10
n4028,n4028,1,198,5,2,11
n4029,n4029,1,198,5,2,12
n4030,n4030,1,199,1,1,1
n4031,n4031,1,199,1,1,2
n4032,n4032,1,199,1,1,3
n4033,n4033,1,199,1,1,4
n4034,n4034,1,199,1,1,5
n4035,n4035,1,199,1,1,6
n4036,n4036,1,199,1,1,7
n4037,n4037,1,199,1,1,8
n4038,n4038,1,199,1,1,9
n4039,n4039,1,199,1,1,10
n4040,n4040,1,199,1,1,11
n4041,n4041,1,199,1,1,12
n4042,n4042,1,199,5,2,1
n4043,n4043,1,199,5,2,2
n4044,n4044,1,199,5,2,3
n4045,n4045,1,199,5,2,4
n4046,n4046,1,199,5,2,5
n4047,n4047,1,199,5,2,6
n4048,n4048,1,199,5,2,7
n4049,n4049,1,199,5,2,8
n4050,n4050,1,199,5,2,9
n4051,n4051,1,199,5,2,10
n4052,n4052,1,199,5,2,11
n4053,n4053,1,199,5,2,12
n4054,n4054,1,200,1,1,1
n4055,n4055,1,200,1,1,2
n4056,n4056,1,200,1,1,3
n4057,n4057,1,200,1,1,4
r49,r49,1,200,1,1,5
n4058,n4058,1,200,1,1,6
n4059,n4059,1,200,2,1,1
n4060,n4060,1,200,5,2,1
n4061,n4061,1,200,5,2,2
n4062,n4062,1,200,5,2,3
n4063,n4063,1,200,5,2,4
n4064,n4064,1,200,5,2,5
n4065,n4065,1,200,5,2,6
n4066,n4066,1,200,5,2,7
n4067,n4067,1,200,5,2,8
n4068,n4068,1,200,5,2,9
n4069,n4069,1,200,5,2,10
n4070,n4070,1,200,5,2,11
n4071,n4071,1,200,5,2,12
n4072,n4072,1,201,1,1,1
r50,r50,1,201,1,1,2
n4073,n4073,1,201,1,1,3
n4074,n4074,1,201,1,1,4
n4075,n4075,1,201,1,1,5
n4076,n4076,1,201,1,1,6
r51,r51,1,201,1,1,7
n4077,n4077,1,201,1,1,8
n4078,n4078,1,201,1,1,9
n4079,n4079,1,201,1,1,10
n4080,n4080,1,201,5,2,1
n4081,n4081,1,201,5,2,2
n4082,n4082,1,201,5,2,3
n4083,n4083,1,201,5,2,4
n4084,n4084,1,201,5,2,5
n4085,n4085,1,201,5,2,6
n4086,n4086,1,201,5,2,7
n4087,n4087,1,201,5,2,8
n4088,n4088,1,201,5,2,9
n4089,n4089,1,201,5,2,10
n4090,n4090,1,201,5,2,11
n4091,n4091,1,201,5,2,12
n4092,n4092,1,202,1,1,1
r52,r52,1,202,1,1,2
n4093,n4093,1,202,1,1,3
n4094,n4094,1,202,1,1,4
n4095,n4095,1,202,1,1,5
n4096,n4096,1,202,1,1,6
n4097,n4097,1,202,1,1,7
n4098,n4098,1,202,1,1,8
n4099,n4099,1,202,1,1,9
n4100,n4100,1,202,1,1,10
n4101,n4101,1,202,1,1,11
n4102,n4102,1,202,1,1,12
n4103,n4103,1,202,1,1,13
n4104,n4104,1,202,1,1,14
n4105,n4105,1,202,2,1,1
n4106,n4106,1,202,5,2,1
n4107,n4107,1,202,5,2,2
n4108,n4108,1,202,5,2,3
n4109,n4109,1,202,5,2,4
n4110,n4110,1,202,5,2,5
n4111,n4111,1,202,5,2,6
n4112,n4112,1,202,5,2,7
n4113,n4113,1,202,5,2,8
n4114,n4114,1,202,5,2,9
n4115,n4115,1,202,5,2,10
n4116,n4116,1,202,5,2,11
n4117,n4117,1,202,5,2,12
n4118,n4118,1,203,1,1,1
n4119,n4119,1,203,1,1,2
n4120,n4120,1,203,1,1,3
n4121,n4121,1,203,1,1,4
n4122,n4122,1,203,1,1,5
n4123,n4123,1,203,1,1,6
n4124,n4124,1,203,1,1,7
n4125,n4125,1,203,1,1,8
n4126,n4126,1,203,1,1,9
n4127,n4127,1,203,1,1,10
n4128,n4128,1,203,1,1,11
n4129,n4129,1,203,1,1,12
n4130,n4130,1,203,1,1,13
n4131,n4131,1,203,1,1,14
n4132,n4132,1,203,1,1,15
n4133,n4133,1,203,5,2,1
n4134,n4134,1,203,5,2,2
n4135,n4135,1,203,5,2,3
n4136,n4136,1,203,5,2,4
n4137,n4137,1,203,5,2,5
n4138,n4138,1,203,5,2,6
n4139,n4139,1,203,5,2,7
n4140,n4140,1,203,5,2,8
n4141,n4141,1,203,5,2,9
n4142,n4142,1,203,5,2,10
n4143,n4143,1,203,5,2,11
n4144,n4144,1,203,5,2,12
n4145,n4145,1,204,1,1,1
n4146,n4146,1,204,1,1,2
n4147,n4147,1,204,1,1,3
n4148,n4148,1,204,1,1,4
n4149,n4149,1,204,1,1,5
n4150,n4150,1,204,1,1,6
n4151,n4151,1,204,1,1,7
n4152,n4152,1,204,1,1,8
n4153,n4153,1,204,1,1,9
n4154,n4154,1,204,1,1,10
n4155,n4155,1,204,1,1,11
n4156,n4156,1,204,1,1,12
n4157,n4157,1,204,5,2,1
n4158,n4158,1,204,5,2,2
n4159,n4159,1,204,5,2,3
n4160,n4160,1,204,5,2,4
n4161,n4161,1,204,5,2,5
n4162,n4162,1,204,5,2,6
n4163,n4163,1,204,5,2,7
n4164,n4164,1,204,5,2,8
n4165,n4165,1,204,5,2,9
n4166,n4166,1,204,5,2,10
n4167,n4167,1,204,5,2,11
n4168,n4168,1,204,5,2,12
n4169,n4169,1,204,6,2,1
n4170,n4170,1,205,1,1,1
n4171,n4171,1,205,1,1,2
n4172,n4172,1,205,1,1,3
n4173,n4173,1,205,1,1,4
n4174,n4174,1,205,1,1,5
n4175,n4175,1,205,1,1,6
n4176,n4176,1,205,1,1,7
n4177,n4177,1,205,1,1,8
n4178,n4178,1,205,1,1,9
n4179,n4179,1,205,1,1,10
n4180,n4180,1,205,1,1,11
n4181,n4181,1,205,1,1,12
n4182,n4182,1,205,2,1,1
n4183,n4183,1,205,2,1,2
n4184,n4184,1,205,5,2,1
n4185,n4185,1,205,5,2,2
n4186,n4186,1,205,5,2,3
n4187,n4187,1,205,5,2,4
n4188,n4188,1,205,5,2,5
n4189,n4189,1,205,5,2,6
n4190,n4190,1,205,5,2,7
n4191,n4191,1,205,5,2,8
n4192,n4192,1,205,5,2,9
n4193,n4193,1,205,5,2,10
n4194,n4194,1,205,5,2,11
n4195,n4195,1,205,5,2,12
n4196,n4196,1,205,6,2,1
n4197,n4197,1,206,1,1,1
n4198,n4198,1,206,1,1,2
n4199,n4199,1,206,1,1,3
n4200,n4200,1,206,1,1,4
n4201,n4201,1,206,1,1,5
n4202,n4202,1,206,1,1,6
n4203,n4203,1,206,1,1,7
n4204,n4204,1,206,1,1,8
n4205,n4205,1,206,1,1,9
n4206,n4206,1,206,1,1,10
n4207,n4207,1,206,1,1,11
n4208,n4208,1,206,1,1,12
n4209,n4209,1,206,1,1,13
n4210,n4210,1,206,1,1,14
n4211,n4211,1,206,1,1,15
n4212,n4212,1,206,2,1,1
n4213,n4213,1,206,2,1,2
n4214,n4214,1,206,5,2,1
n4215,n4215,1,206,5,2,2
n4216,n4216,1,206,5,2,3
n4217,n4217,1,206,5,2,4
n4218,n4218,1,206,5,2,5
n4219,n4219,1,206,5,2,6
n4220,n4220,1,206,5,2,7
n4221,n4221,1,206,5,2,8
n4222,n4222,1,206,5,2,9
n4223,n4223,1,206,5,2,10
n4224,n4224,1,206,5,2,11
n4225,n4225,1,206,5,2,12
n4226,n4226,1,207,1,1,1
n4227,n4227,1,207,1,1,2
n4228,n4228,1,207,1,1,3
n4229,n4229,1,207,1,1,4
n4230,n4230,1,207,1,1,5
n4231,n4231,1,207,1,1,6
n4232,n4232,1,207,1,1,7
n4233,n4233,1,207,1,1,8
n4234,n4234,1,207,1,1,9
n4235,n4235,1,207,1,1,10
n4236,n4236,1,207,1,1,11
n4237,n4237,1,207,1,1,12
n4238,n4238,1,207,1,1,13
n4239,n4239,1,207,1,1,14
n4240,n4240,1,207,1,1,15
n4241,n4241,1,207,1,1,16
n4242,n4242,1,207,1,1,17
n4243,n4243,1,207,5,2,1
n4244,n4244,1,207,5,2,2
n4245,n4245,1,207,5,2,3
n4246,n4246,1,207,5,2,4
n4247,n4247,1,207,5,2,5
n4248,n4248,1,207,5,2,6
n4249,n4249,1,207,5,2,7
n4250,n4250,1,207,5,2,8
n4251,n4251,1,207,5,2,9
n4252,n4252,1,207,5,2,10
n4253,n4253,1,207,5,2,11
n4254,n4254,1,207,5,2,12
n4255,n4255,1,208,1,1,1
n4256,n4256,1,208,1,1,2
n4257,n4257,1,208,1,1,3
n4258,n4258,1,208,1,1,4
n4259,n4259,1,208,1,1,5
n4260,n4260,1,208,1,1,6
n4261,n4261,1,208,1,1,7
n4262,n4262,1,208,1,1,8
n4263,n4263,1,208,1,1,9
n4264,n4264,1,208,1,1,10
n4265,n4265,1,208,1,1,11
n4266,n4266,1,208,1,1,12
n4267,n4267,1,208,5,2,1
n4268,n4268,1,208,5,2,2
n4269,n4269,1,208,5,2,3
n4270,n4270,1,208,5,2,4
n4271,n4271,1,208,5,2,5
n4272,n4272,1,208,5,2,6
n4273,n4273,1,208,5,2,7
n4274,n4274,1,208,5,2,8
n4275,n4275,1,208,5,2,9
n4276,n4276,1,208,5,2,10
n4277,n4277,1,208,5,2,11
n4278,n4278,1,208,5,2,12
n4279,n4279,1,209,1,1,1
n4280,n4280,1,209,1,1,2
n4281,n4281,1,209,1,1,3
n4282,n4282,1,209,1,1,4
n4283,n4283,1,209,1,1,5
n4284,n4284,1,209,1,1,6
n4285,n4285,1,209,1,1,7
n4286,n4286,1,209,1,1,8
n4287,n4287,1,209,1,1,9
n4288,n4288,1,209,1,1,10
n4289,n4289,1,209,1,1,11
n4290,n4290,1,209,1,1,12
n4291,n4291,1,209,1,1,13
n4292,n4292,1,209,1,1,14
n4293,n4293,1,209,1,1,15
n4294,n4294,1,209,5,2,1
n4295,n4295,1,209,5,2,2
n4296,n4296,1,209,5,2,3
n4297,n4297,1,209,5,2,4
n4298,n4298,1,209,5,2,5
n4299,n4299,1,209,5,2,6
n4300,n4300,1,209,5,2,7
n4301,n4301,1,209,5,2,8
n4302,n4302,1,209,5,2,9
n4303,n4303,1,209,5,2,10
n4304,n4304,1,209,5,2,11
n4305,n4305,1,209,5,2,12
n4306,n4306,1,210,1,1,1
n4307,n4307,1,210,1,1,2
n4308,n4308,1,210,1,1,3
n4309,n4309,1,210,1,1,4
n4310,n4310,1,210,1,1,5
n4311,n4311,1,210,1,1,6
n4312,n4312,1,210,1,1,7
n4313,n4313,1,210,1,1,8
n4314,n4314,1,210,1,1,9
n4315,n4315,1,210,1,1,10
n4316,n4316,1,210,1,1,11
n4317,n4317,1,210,1,1,12
n4318,n4318,1,210,1,1,13
n4319,n4319,1,210,1,1,14
n4320,n4320,1,210,1,1,15
n4321,n4321,1,210,5,2,1
n4322,n4322,1,210,5,2,2
n4323,n4323,1,210,5,2,3
n4324,n4324,1,210,5,2,4
n4325,n4325,1,210,5,2,5
n4326,n4326,1,210,5,2,6
n4327,n4327,1,210,5,2,7
n4328,n4328,1,210,5,2,8
n4329,n4329,1,210,5,2,9
n4330,n4330,1,210,5,2,10
n4331,n4331,1,210,5,2,11
n4332,n4332,1,210,5,2,12
n4333,n4333,1,211,1,1,1
n4334,n4334,1,211,1,1,2
n4335,n4335,1,211,1,1,3
n4336,n4336,1,211,1,1,4
n4337,n4337,1,211,1,1,5
n4338,n4338,1,211,1,1,6
n4339,n4339,1,211,1,1,7
n4340,n4340,1,211,1,1,8
n4341,n4341,1,211,1,1,9
n4342,n4342,1,211,1,1,10
n4343,n4343,1,211,1,1,11
n4344,n4344,1,211,1,1,12
n4345,n4345,1,211,1,1,13
n4346,n4346,1,211,1,1,14
n4347,n4347,1,211,1,1,15
n4348,n4348,1,211,1,1,16
n4349,n4349,1,211,1,1,17
n4350,n4350,1,211,1,1,18
n4351,n4351,1,211,5,2,1
n4352,n4352,1,211,5,2,2
n4353,n4353,1,211,5,2,3
n4354,n4354,1,211,5,2,4
n4355,n4355,1,211,5,2,5
n4356,n4356,1,211,5,2,6
n4357,n4357,1,211,5,2,7
n4358,n4358,1,211,5,2,8
n4359,n4359,1,211,5,2,9
n4360,n4360,1,211,5,2,10
n4361,n4361,1,211,5,2,11
n4362,n4362,1,211,5,2,12
n4363,n4363,1,211,5,2,13
n4364,n4364,1,212,1,1,1
n4365,n4365,1,212,1,1,2
n4366,n4366,1,212,1,1,3
n4367,n4367,1,212,1,1,4
n4368,n4368,1,212,1,1,5
n4369,n4369,1,212,1,1,6
n4370,n4370,1,212,1,1,7
n4371,n4371,1,212,1,1,8
n4372,n4372,1,212,1,1,9
n4373,n4373,1,212,1,1,10
n4374,n4374,1,212,1,1,11
n4375,n4375,1,212,1,1,12
n4376,n4376,1,212,1,1,13
n4377,n4377,1,212,1,1,14
n4378,n4378,1,212,1,1,15
n4379,n4379,1,212,1,1,16
n4380,n4380,1,212,1,1,17
n4381,n4381,1,212,1,1,18
n4382,n4382,1,212,5,2,1
n4383,n4383,1,212,5,2,2
n4384,n4384,1,212,5,2,3
n4385,n4385,1,212,5,2,4
n4386,n4386,1,212,5,2,5
n4387,n4387,1,212,5,2,6
n4388,n4388,1,212,5,2,7
n4389,n4389,1,212,5,2,8
n4390,n4390,1,212,5,2,9
n4391,n4391,1,212,5,2,10
n4392,n4392,1,212,5,2,11
n4393,n4393,1,212,5,2,12
n4394,n4394,1,212,5,2,13
n4395,n4395,1,212,5,2,14
n4396,n4396,1,213,1,1,1
n4397,n4397,1,213,1,1,2
n4398,n4398,1,213,1,1,3
n4399,n4399,1,213,1,1,4
n4400,n4400,1,213,1,1,5
n4401,n4401,1,213,1,1,6
n4402,n4402,1,213,1,1,7
n4403,n4403,1,213,1,1,8
n4404,n4404,1,213,1,1,9
n4405,n4405,1,213,1,1,10
n4406,n4406,1,213,1,1,11
n4407,n4407,1,213,1,1,12
n4408,n4408,1,213,2,1,1
n4409,n4409,1,213,2,1,2
n4410,n4410,1,213,2,1,3
n4411,n4411,1,213,2,1,4
n4412,n4412,1,213,5,2,1
n4413,n4413,1,213,5,2,2
n4414,n4414,1,213,5,2,3
n4415,n4415,1,213,5,2,4
n4416,n4416,1,213,5,2,5
n4417,n4417,1,213,5,2,6
n4418,n4418,1,213,5,2,7
n4419,n4419,1,213,5,2,8
n4420,n4420,1,213,5,2,9
n4421,n4421,1,213,5,2,10
n4422,n4422,1,213,5,2,11
n4423,n4423,1,213,5,2,12
n4424,n4424,1,213,5,2,13
n4425,n4425,1,213,5,2,14
n4426,n4426,1,213,5,2,15
n4427,n4427,1,213,5,2,16
n4428,n4428,1,213,5,2,17
n4429,n4429,1,213,5,2,18
n4430,n4430,1,213,5,2,19
n4431,n4431,1,213,5,2,20
n4432,n4432,1,213,5,2,21
n4433,n4433,1,213,5,2,22
n4434,n4434,1,214,1,1,1
n4435,n4435,1,214,1,1,2
n4436,n4436,1,214,1,1,3
n4437,n4437,1,214,1,1,4
n4438,n4438,1,214,1,1,5
n4439,n4439,1,214,1,1,6
n4440,n4440,1,214,1,1,7
n4441,n4441,1,214,1,1,8
n4442,n4442,1,214,2,1,1
n4443,n4443,1,214,2,1,2
n4444,n4444,1,214,2,1,3
n4445,n4445,1,214,2,1,4
n4446,n4446,1,214,2,1,5
n4447,n4447,1,214,2,1,6
n4448,n4448,1,214,5,2,1
n4449,n4449,1,214,5,2,2
n4450,n4450,1,214,5,2,3
n4451,n4451,1,214,5,2,4
n4452,n4452,1,214,5,2,5
n4453,n4453,1,214,5,2,6
n4454,n4454,1,214,5,2,7
n4455,n4455,1,214,5,2,8
n4456,n4456,1,214,5,2,9
n4457,n4457,1,214,5,2,10
n4458,n4458,1,214,5,2,11
n4459,n4459,1,214,5,2,12
n4460,n4460,1,215,1,1,1
n4461,n4461,1,215,1,1,2
n4462,n4462,1,215,1,1,3
n4463,n4463,1,215,1,1,4
n4464,n4464,1,215,1,1,5
n4465,n4465,1,215,1,1,6
n4466,n4466,1,215,1,1,7
n4467,n4467,1,215,1,1,8
n4468,n4468,1,215,1,1,9
n4469,n4469,1,215,1,1,10
n4470,n4470,1,215,1,1,11
n4471,n4471,1,215,1,1,12
n4472,n4472,1,215,1,1,13
n4473,n4473,1,215,1,1,14
n4474,n4474,1,215,1,1,15
n4475,n4475,1,215,1,1,16
n4476,n4476,1,215,2,1,1
n4477,n4477,1,215,5,2,1
n4478,n4478,1,215,5,2,2
n4479,n4479,1,215,5,2,3
n4480,n4480,1,215,5,2,4
n4481,n4481,1,215,5,2,5
n4482,n4482,1,215,5,2,6
n4483,n4483,1,215,5,2,7
n4484,n4484,1,215,5,2,8
n4485,n4485,1,215,5,2,9
n4486,n4486,1,215,5,2,10
n4487,n4487,1,215,5,2,11
n4488,n4488,1,215,5,2,12
n4489,n4489,1,216,1,1,1
n4490,n4490,1,216,1,1,2
n4491,n4491,1,216,1,1,3
n4492,n4492,1,216,1,1,4
n4493,n4493,1,216,1,1,5
n4494,n4494,1,216,1,1,6
n4495,n4495,1,216,1,1,7
n4496,n4496,1,216,1,1,8
n4497,n4497,1,216,1,1,9
n4498,n4498,1,216,1,1,10
n4499,n4499,1,216,1,1,11
n4500,n4500,1,216,1,1,12
n4501,n4501,1,216,1,1,13
n4502,n4502,1,216,1,1,14
n4503,n4503,1,216,5,2,1
n4504,n4504,1,216,5,2,2
n4505,n4505,1,216,5,2,3
n4506,n4506,1,216,5,2,4
n4507,n4507,1,216,5,2,5
n4508,n4508,1,216,5,2,6
n4509,n4509,1,216,5,2,7
n4510,n4510,1,216,5,2,8
n4511,n4511,1,216,5,2,9
n4512,n4512,1,216,5,2,10
n4513,n4513,1,216,5,2,11
n4514,n4514,1,216,5,2,12
n4515,n4515,1,216,5,2,13
n4516,n4516,1,217,1,1,1
n4517,n4517,1,217,1,1,2
n4518,n4518,1,217,1,1,3
n4519,n4519,1,217,1,1,4
n4520,n4520,1,217,1,1,5
n4521,n4521,1,217,1,1,6
n4522,n4522,1,217,1,1,7
n4523,n4523,1,217,1,1,8
n4524,n4524,1,217,1,1,9
n4525,n4525,1,217,1,1,10
n4526,n4526,1,217,1,1,11
n4527,n4527,1,217,1,1,12
n4528,n4528,1,217,1,1,13
n4529,n4529,1,217,1,1,14
n4530,n4530,1,217,1,1,15
n4531,n4531,1,217,2,1,1
n4532,n4532,1,217,2,1,2
n4533,n4533,1,217,2,1,3
n4534,n4534,1,217,2,1,4
n4535,n4535,1,217,2,1,5
n4536,n4536,1,217,5,2,1
n4537,n4537,1,217,5,2,2
n4538,n4538,1,217,5,2,3
n4539,n4539,1,217,5,2,4
n4540,n4540,1,217,5,2,5
n4541,n4541,1,217,5,2,6
n4542,n4542,1,217,5,2,7
n4543,n4543,1,217,5,2,8
n4544,n4544,1,217,5,2,9
n4545,n4545,1,217,5,2,10
n4546,n4546,1,217,5,2,11
n4547,n4547,1,217,5,2,12
n4548,n4548,1,218,1,1,1
n4549,n4549,1,218,1,1,2
n4550,n4550,1,218,1,1,3
n4551,n4551,1,218,1,1,4
n4552,n4552,1,218,1,1,5
n4553,n4553,1,218,1,1,6
n4554,n4554,1,218,1,1,7
n4555,n4555,1,218,1,1,8
n4556,n4556,1,218,2,1,1
n4557,n4557,1,218,2,1,2
n4558,n4558,1,218,2,1,3
n4559,n4559,1,218,2,1,4
n4560,n4560,1,218,2,1,5
n4561,n4561,1,218,2,1,6
n4562,n4562,1,218,5,2,1
n4563,n4563,1,218,5,2,2
n4564,n4564,1,218,5,2,3
n4565,n4565,1,218,5,2,4
n4566,n4566,1,218,5,2,5
n4567,n4567,1,218,5,2,6
n4568,n4568,1,218,5,2,7
n4569,n4569,1,218,5,2,8
n4570,n4570,1,218,5,2,9
n4571,n4571,1,219,1,1,1
n4572,n4572,1,219,1,1,2
n4573,n4573,1,219,1,1,3
n4574,n4574,1,219,1,1,4
n4575,n4575,1,219,1,1,5
n4576,n4576,1,219,1,1,6
n4577,n4577,1,219,1,1,7
n4578,n4578,1,219,1,1,8
n4579,n4579,1,219,1,1,9
n4580,n4580,1,219,1,1,10
n4581,n4581,1,219,1,1,11
n4582,n4582,1,219,1,1,12
n4583,n4583,1,219,1,1,13
n4584,n4584,1,219,1,1,14
n4585,n4585,1,219,1,1,15
n4586,n4586,1,219,1,1,16
n4587,n4587,1,219,2,1,1
n4588,n4588,1,219,5,2,1
n4589,n4589,1,219,5,2,2
n4590,n4590,1,219,5,2,3
n4591,n4591,1,219,5,2,4
n4592,n4592,1,219,5,2,5
n4593,n4593,1,219,5,2,6
n4594,n4594,1,219,5,2,7
n4595,n4595,1,219,5,2,8
n4596,n4596,1,219,5,2,9
n4597,n4597,1,219,5,2,10
n4598,n4598,1,219,5,2,11
n4599,n4599,1,219,5,2,12
n4600,n4600,1,220,1,1,1
n4601,n4601,1,220,1,1,2
n4602,n4602,1,220,1,1,3
n4603,n4603,1,220,1,1,4
n4604,n4604,1,220,1,1,5
n4605,n4605,1,220,1,1,6
n4606,n4606,1,220,1,1,7
n4607,n4607,1,220,1,1,8
n4608,n4608,1,220,1,1,9
n4609,n4609,1,220,1,1,10
n4610,n4610,1,220,1,1,11
n4611,n4611,1,220,1,1,12
n4612,n4612,1,220,2,1,1
n4613,n4613,1,220,2,1,2
n4614,n4614,1,220,2,1,3
n4615,n4615,1,220,5,2,1
n4616,n4616,1,220,5,2,2
n4617,n4617,1,220,5,2,3
n4618,n4618,1,220,5,2,4
n4619,n4619,1,220,5,2,5
n4620,n4620,1,220,5,2,6
n4621,n4621,1,220,5,2,7
n4622,n4622,1,220,5,2,8
n4623,n4623,1,220,5,2,9
n4624,n4624,1,221,1,1,1
n4625,n4625,1,221,1,1,2
n4626,n4626,1,221,1,1,3
n4627,n4627,1,221,1,1,4
n4628,n4628,1,221,1,1,5
n4629,n4629,1,221,1,1,6
n4630,n4630,1,221,1,1,7
n4631,n4631,1,221,1,1,8
n4632,n4632,1,221,1,1,9
n4633,n4633,1,221,1,1,10
n4634,n4634,1,221,1,1,11
n4635,n4635,1,221,1,1,12
n4636,n4636,1,221,1,1,13
n4637,n4637,1,221,1,1,14
n4638,n4638,1,221,1,1,15
n4639,n4639,1,221,1,1,16
n4640,n4640,1,221,2,1,1
n4641,n4641,1,221,5,2,1
n4642,n4642,1,221,5,2,2
n4643,n4643,1,221,5,2,3
n4644,n4644,1,221,5,2,4
n4645,n4645,1,221,5,2,5
n4646,n4646,1,221,5,2,6
n4647,n4647,1,221,5,2,7
n4648,n4648,1,221,5,2,8
n4649,n4649,1,221,5,2,9
n4650,n4650,1,221,5,2,10
n4651,n4651,1,221,5,2,11
n4652,n4652,1,221,5,2,12
n4653,n4653,1,222,1,1,1
n4654,n4654,1,222,1,1,2
n4655,n4655,1,222,1,1,3
n4656,n4656,1,222,1,1,4
n4657,n4657,1,222,1,1,5
n4658,n4658,1,222,1,1,6
n4659,n4659,1,222,1,1,7
n4660,n4660,1,222,1,1,8
n4661,n4661,1,222,1,1,9
n4662,n4662,1,222,1,1,10
n4663,n4663,1,222,1,1,11
n4664,n4664,1,222,1,1,12
n4665,n4665,1,222,1,1,13
n4666,n4666,1,222,1,1,14
n4667,n4667,1,222,1,1,15
n4668,n4668,1,222,1,1,16
n4669,n4669,1,222,1,1,17
n4670,n4670,1,222,1,1,18
n4671,n4671,1,222,1,1,19
n4672,n4672,1,222,5,2,1
n4673,n4673,1,222,5,2,2
n4674,n4674,1,222,5,2,3
n4675,n4675,1,222,5,2,4
n4676,n4676,1,222,5,2,5
n4677,n4677,1,222,5,2,6
n4678,n4678,1,222,5,2,7
n4679,n4679,1,222,5,2,8
n4680,n4680,1,222,5,2,9
n4681,n4681,1,222,5,2,10
n4682,n4682,1,222,5,2,11
n4683,n4683,1,222,5,2,12
n4684,n4684,1,223,1,1,1
n4685,n4685,1,223,1,1,2
n4686,n4686,1,223,1,1,3
n4687,n4687,1,223,1,1,4
n4688,n4688,1,223,1,1,5
n4689,n4689,1,223,1,1,6
n4690,n4690,1,223,1,1,7
n4691,n4691,1,223,1,1,8
n4692,n4692,1,223,1,1,9
n4693,n4693,1,223,1,1,10
n4694,n4694,1,223,1,1,11
n4695,n4695,1,223,1,1,12
n4696,n4696,1,223,1,1,13
n4697,n4697,1,223,1,1,14
n4698,n4698,1,223,1,1,15
n4699,n4699,1,223,1,1,16
n4700,n4700,1,223,1,1,17
n4701,n4701,1,223,1,1,18
n4702,n4702,1,223,1,1,19
n4703,n4703,1,223,1,1,20
n4704,n4704,1,223,5,2,1
n4705,n4705,1,223,5,2,2
n4706,n4706,1,223,5,2,3
n4707,n4707,1,223,5,2,4
n4708,n4708,1,223,5,2,5
n4709,n4709,1,223,5,2,6
n4710,n4710,1,223,5,2,7
n4711,n4711,1,223,5,2,8
n4712,n4712,1,223,5,2,9
n4713,n4713,1,223,5,2,10
n4714,n4714,1,223,5,2,11
n4715,n4715,1,224,1,1,1
n4716,n4716,1,224,1,1,2
n4717,n4717,1,224,1,1,3
n4718,n4718,1,224,1,1,4
n4719,n4719,1,224,1,1,5
n4720,n4720,1,224,1,1,6
n4721,n4721,1,224,1,1,7
n4722,n4722,1,224,1,1,8
n4723,n4723,1,224,1,1,9
n4724,n4724,1,224,1,1,10
n4725,n4725,1,224,1,1,11
n4726,n4726,1,224,1,1,12
n4727,n4727,1,224,1,1,13
n4728,n4728,1,224,1,1,14
n4729,n4729,1,224,1,1,15
n4730,n4730,1,224,1,1,16
n4731,n4731,1,224,1,1,17
n4732,n4732,1,224,1,1,18
n4733,n4733,1,224,1,1,19
n4734,n4734,1,224,1,1,20
n4735,n4735,1,224,5,2,1
n4736,n4736,1,224,5,2,2
n4737,n4737,1,224,5,2,3
n4738,n4738,1,224,5,2,4
n4739,n4739,1,224,5,2,5
n4740,n4740,1,224,5,2,6
n4741,n4741,1,224,5,2,7
n4742,n4742,1,224,5,2,8
n4743,n4743,1,224,5,2,9
n4744,n4744,1,224,5,2,10
n4745,n4745,1,224,5,2,11
n4746,n4746,1,225,1,1,1
n4747,n4747,1,225,1,1,2
n4748,n4748,1,225,1,1,3
n4749,n4749,1,225,1,1,4
n4750,n4750,1,225,1,1,5
n4751,n4751,1,225,1,1,6
n4752,n4752,1,225,1,1,7
n4753,n4753,1,225,1,1,8
n4754,n4754,1,225,1,1,9
n4755,n4755,1,225,1,1,10
n4756,n4756,1,225,1,1,11
n4757,n4757,1,225,1,1,12
n4758,n4758,1,225,1,1,13
n4759,n4759,1,225,1,1,14
n4760,n4760,1,225,1,1,15
n4761,n4761,1,225,1,1,16
n4762,n4762,1,225,1,1,17
n4763,n4763,1,225,1,1,18
n4764,n4764,1,225,1,1,19
n4765,n4765,1,225,1,1,20
n4766,n4766,1,225,1,1,21
n4767,n4767,1,225,1,1,22
n4768,n4768,1,225,1,1,23
n4769,n4769,1,225,1,1,24
n4770,n4770,1,225,5,2,1
n4771,n4771,1,225,5,2,2
n4772,n4772,1,225,5,2,3
n4773,n4773,1,225,5,2,4
n4774,n4774,1,225,5,2,5
n4775,n4775,1,225,5,2,6
n4776,n4776,1,225,5,2,7
n4777,n4777,1,225,5,2,8
n4778,n4778,1,225,5,2,9
n4779,n4779,1,225,5,2,10
n4780,n4780,1,225,5,2,11
n4781,n4781,1,225,5,2,12
n4782,n4782,1,225,5,2,13
n4783,n4783,1,225,5,2,14
n4784,n4784,1,225,5,2,15
n4785,n4785,1,225,5,2,16
n4786,n4786,1,225,5,2,17
n4787,n4787,1,225,5,2,18
n4788,n4788,1,226,1,1,1
n4789,n4789,1,226,1,1,2
n4790,n4790,1,226,1,1,3
n4791,n4791,1,226,1,1,4
n4792,n4792,1,226,1,1,5
n4793,n4793,1,226,1,1,6
n4794,n4794,1,226,1,1,7
n4795,n4795,1,226,1,1,8
n4796,n4796,1,226,1,1,9
n4797,n4797,1,226,1,1,10
n4798,n4798,1,226,1,1,11
n4799,n4799,1,226,1,1,12
n4800,n4800,1,226,1,1,13
n4801,n4801,1,226,1,1,14
n4802,n4802,1,226,1,1,15
n4803,n4803,1,226,1,1,16
n4804,n4804,1,226,1,1,17
n4805,n4805,1,226,1,1,18
n4806,n4806,1,226,1,1,19
n4807,n4807,1,226,5,2,1
n4808,n4808,1,226,5,2,2
n4809,n4809,1,226,5,2,3
n4810,n4810,1,226,5,2,4
n4811,n4811,1,226,5,2,5
n4812,n4812,1,226,5,2,6
n4813,n4813,1,226,5,2,7
n4814,n4814,1,226,5,2,8
n4815,n4815,1,226,5,2,9
n4816,n4816,1,226,5,2,10
n4817,n4817,1,226,5,2,11
n4818,n4818,1,226,5,2,12
n4819,n4819,1,226,5,2,13
n4820,n4820,1,226,5,2,14
n4821,n4821,1,226,5,2,15
n4822,n4822,1,226,5,2,16
n4823,n4823,1,227,1,1,1
n4824,n4824,1,227,1,1,2
n4825,n4825,1,227,1,1,3
n4826,n4826,1,227,1,1,4
n4827,n4827,1,227,1,1,5
n4828,n4828,1,227,1,1,6
n4829,n4829,1,227,1,1,7
n4830,n4830,1,227,1,1,8
n4831,n4831,1,227,1,1,9
n4832,n4832,1,227,1,1,10
n4833,n4833,1,227,1,1,11
n4834,n4834,1,227,1,1,12
n4835,n4835,1,227,1,1,13
n4836,n4836,1,227,1,1,14
n4837,n4837,1,227,1,1,15
n4838,n4838,1,227,1,1,16
n4839,n4839,1,227,1,1,17
n4840,n4840,1,227,1,1,18
n4841,n4841,1,227,1,1,19
n4842,n4842,1,227,1,1,20
n4843,n4843,1,227,1,1,21
n4844,n4844,1,227,1,1,22
n4845,n4845,1,227,1,1,23
n4846,n4846,1,227,1,1,24
n4847,n4847,1,227,5,2,1
n4848,n4848,1,227,5,2,2
n4849,n4849,1,227,5,2,3
n4850,n4850,1,227,5,2,4
n4851,n4851,1,227,5,2,5
n4852,n4852,1,227,5,2,6
n4853,n4853,1,227,5,2,7
n4854,n4854,1,227,5,2,8
n4855,n4855,1,227,5,2,9
n4856,n4856,1,227,5,2,10
n4857,n4857,1,227,5,2,11
n4858,n4858,1,227,5,2,12
n4859,n4859,1,228,1,1,1
n4860,n4860,1,228,1,1,2
n4861,n4861,1,228,1,1,3
n4862,n4862,1,228,1,1,4
n4863,n4863,1,228,1,1,5
n4864,n4864,1,228,1,1,6
n4865,n4865,1,228,1,1,7
n4866,n4866,1,228,1,1,8
n4867,n4867,1,228,1,1,9
n4868,n4868,1,228,1,1,10
n4869,n4869,1,228,1,1,11
n4870,n4870,1,228,1,1,12
n4871,n4871,1,228,1,1,13
n4872,n4872,1,228,1,1,14
n4873,n4873,1,228,1,1,15
n4874,n4874,1,228,1,1,16
n4875,n4875,1,228,1,1,17
n4876,n4876,1,228,1,1,18
n4877,n4877,1,228,1,1,19
n4878,n4878,1,228,1,1,20
n4879,n4879,1,228,1,1,21
n4880,n4880,1,228,1,1,22
n4881,n4881,1,228,1,1,23
n4882,n4882,1,228,1,1,24
n4883,n4883,1,228,5,2,1
n4884,n4884,1,228,5,2,2
n4885,n4885,1,228,5,2,3
n4886,n4886,1,228,5,2,4
n4887,n4887,1,228,5,2,5
n4888,n4888,1,228,5,2,6
n4889,n4889,1,228,5,2,7
n4890,n4890,1,228,5,2,8
n4891,n4891,1,228,5,2,9
n4892,n4892,1,228,5,2,10
n4893,n4893,1,228,5,2,11
n4894,n4894,1,228,5,2,12
n4895,n4895,1,228,5,2,13
n4896,n4896,1,228,5,2,14
n4897,n4897,1,228,5,2,15
n4898,n4898,1,228,5,2,16
n4899,n4899,1,228,5,2,17
n4900,n4900,1,229,1,1,1
n4901,n4901,1,229,1,1,2
n4902,n4902,1,229,1,1,3
n4903,n4903,1,229,1,1,4
n4904,n4904,1,229,1,1,5
n4905,n4905,1,229,1,1,6
n4906,n4906,1,229,1,1,7
n4907,n4907,1,229,1,1,8
n4908,n4908,1,229,1,1,9
n4909,n4909,1,229,1,1,10
n4910,n4910,1,229,1,1,11
n4911,n4911,1,229,1,1,12
n4912,n4912,1,229,1,1,13
n4913,n4913,1,229,1,1,14
n4914,n4914,1,229,1,1,15
n4915,n4915,1,229,1,1,16
n4916,n4916,1,229,1,1,17
n4917,n4917,1,229,1,1,18
n4918,n4918,1,229,1,1,19
n4919,n4919,1,229,1,1,20
n4920,n4920,1,229,1,1,21
n4921,n4921,1,229,1,1,22
n4922,n4922,1,229,5,2,1
n4923,n4923,1,229,5,2,2
n4924,n4924,1,229,5,2,3
n4925,n4925,1,229,5,2,4
n4926,n4926,1,229,5,2,5
n4927,n4927,1,229,5,2,6
n4928,n4928,1,229,5,2,7
n4929,n4929,1,229,5,2,8
n4930,n4930,1,229,5,2,9
n4931,n4931,1,229,5,2,10
n4932,n4932,1,229,5,2,11
n4933,n4933,1,229,5,2,12
n4934,n4934,1,229,5,2,13
n4935,n4935,1,229,5,2,14
n4936,n4936,1,229,5,2,15
n4937,n4937,1,229,5,2,16
n4938,n4938,1,229,5,2,17
n4939,n4939,1,229,5,2,18
n4940,n4940,1,229,5,2,19
n4941,n4941,1,229,5,2,20
n4942,n4942,1,230,1,1,1
n4943,n4943,1,230,1,1,2
n4944,n4944,1,230,1,1,3
n4945,n4945,1,230,1,1,4
n4946,n4946,1,230,1,1,5
n4947,n4947,1,230,1,1,6
n4948,n4948,1,230,1,1,7
n4949,n4949,1,230,1,1,8
n4950,n4950,1,230,1,1,9
n4951,n4951,1,230,1,1,10
n4952,n4952,1,230,1,1,11
n4953,n4953,1,230,1,1,12
n4954,n4954,1,230,1,1,13
n4955,n4955,1,230,1,1,14
n4956,n4956,1,230,1,1,15
n4957,n4957,1,230,1,1,16
n4958,n4958,1,230,1,1,17
n4959,n4959,1,230,1,1,18
n4960,n4960,1,230,5,2,1
n4961,n4961,1,230,5,2,2
n4962,n4962,1,230,5,2,3
n4963,n4963,1,230,5,2,4
n4964,n4964,1,230,5,2,5
n4965,n4965,1,230,5,2,6
n4966,n4966,1,230,5,2,7
n4967,n4967,1,230,5,2,8
n4968,n4968,1,230,5,2,9
n4969,n4969,1,230,5,2,10
n4970,n4970,1,230,5,2,11
n4971,n4971,1,230,5,2,12
n4972,n4972,1,230,5,2,13
n4973,n4973,1,230,5,2,14
n4974,n4974,1,230,5,2,15
n4975,n4975,1,230,5,2,16
n4976,n4976,1,230,5,2,17
n4977,n4977,1,230,5,2,18
n4978,n4978,1,230,5,2,19
n4979,n4979,1,230,5,2,20
n4980,n4980,1,230,5,2,21
n4981,n4981,1,231,1,1,1
n4982,n4982,1,231,1,1,2
n4983,n4983,1,231,1,1,3
n4984,n4984,1,231,1,1,4
n4985,n4985,1,231,1,1,5
n4986,n4986,1,231,1,1,6
n4987,n4987,1,231,1,1,7
n4988,n4988,1,231,1,1,8
n4989,n4989,1,231,1,1,9
n4990,n4990,1,231,1,1,10
n4991,n4991,1,231,1,1,11
n4992,n4992,1,231,5,2,1
n4993,n4993,1,231,5,2,2
n4994,n4994,1,231,5,2,3
n4995,n4995,1,231,5,2,4
n4996,n4996,1,231,5,2,5
n4997,n4997,1,231,5,2,6
n4998,n4998,1,231,5,2,7
n4999,n4999,1,231,5,2,8
n5000,n5000,1,231,5,2,9
n5001,n5001,1,232,1,1,1
n5002,n5002,1,232,1,1,2
n5003,n5003,1,232,1,1,3
n5004,n5004,1,232,1,1,4
n5005,n5005,1,232,1,1,5
n5006,n5006,1,232,1,1,6
n5007,n5007,1,232,1,1,7
n5008,n5008,1,232,1,1,8
n5009,n5009,1,232,1,1,9
n5010,n5010,1,232,5,2,1
r53,r53,1,232,5,2,2
n5011,n5011,1,232,5,2,3
n5012,n5012,1,232,5,2,4
n5013,n5013,1,232,5,2,5
n5014,n5014,1,232,6,2,1
n5015,n5015,1,233,1,1,1
n5016,n5016,1,233,1,1,2
n5017,n5017,1,233,1,1,3
n5018,n5018,1,233,1,1,4
n5019,n5019,1,233,1,1,5
n5020,n5020,1,233,1,1,6
n5021,n5021,1,233,1,1,7
n5022,n5022,1,233,1,1,8
n5023,n5023,1,233,1,1,9
n5024,n5024,1,233,1,1,10
n5025,n5025,1,233,1,1,11
n5026,n5026,1,233,5,2,1
n5027,n5027,1,233,5,2,2
n5028,n5028,1,233,5,2,3
n5029,n5029,1,233,5,2,4
n5030,n5030,1,233,5,2,5
n5031,n5031,1,233,5,2,6
n5032,n5032,1,233,5,2,7
n5033,n5033,1,233,5,2,8
n5034,n5034,1,233,5,2,9
n5035,n5035,1,234,1,1,1
n5036,n5036,1,234,1,1,2
n5037,n5037,1,234,1,1,3
n5038,n5038,1,234,1,1,4
n5039,n5039,1,234,1,1,5
n5040,n5040,1,234,1,1,6
n5041,n5041,1,234,1,1,7
n5042,n5042,1,234,1,1,8
n5043,n5043,1,234,1,1,9
n5044,n5044,1,234,5,2,1
r54,r54,1,234,5,2,2
n5045,n5045,1,234,5,2,3
n5046,n5046,1,234,5,2,4
n5047,n5047,1,234,5,2,5
n5048,n5048,1,234,6,2,1
n5049,n5049,1,235,1,1,1
n5050,n5050,1,235,1,1,2
n5051,n5051,1,235,1,1,3
n5052,n5052,1,235,1,1,4
n5053,n5053,1,235,1,1,5
n5054,n5054,1,235,1,1,6
n5055,n5055,1,235,1,1,7
n5056,n5056,1,235,1,1,8
n5057,n5057,1,235,5,2,1
n5058,n5058,1,235,5,2,2
n5059,n5059,1,235,5,2,3
n5060,n5060,1,235,5,2,4
n5061,n5061,1,235,5,2,5
n5062,n5062,1,235,5,2,6
n5063,n5063,1,236,1,1,1
n5064,n5064,1,236,1,1,2
n5065,n5065,1,236,1,1,3
n5066,n5066,1,236,1,1,4
n5067,n5067,1,236,1,1,5
n5068,n5068,1,236,1,1,6
n5069,n5069,1,236,1,1,7
n5070,n5070,1,236,1,1,8
n5071,n5071,1,236,5,2,1
n5072,n5072,1,236,5,2,2
n5073,n5073,1,236,5,2,3
n5074,n5074,1,236,5,2,4
n5075,n5075,1,236,5,2,5
n5076,n5076,1,236,5,2,6
n5077,n5077,1,237,1,1,1
n5078,n5078,1,237,1,1,2
n5079,n5079,1,237,1,1,3
n5080,n5080,1,237,1,1,4
n5081,n5081,1,237,1,1,5
n5082,n5082,1,237,1,1,6
n5083,n5083,1,237,1,1,7
n5084,n5084,1,237,1,1,8
n5085,n5085,1,237,1,1,9
n5086,n5086,1,237,1,1,10
n5087,n5087,1,237,1,1,11
n5088,n5088,1,237,5,2,1
n5089,n5089,1,237,5,2,2
n5090,n5090,1,237,5,2,3
n5091,n5091,1,237,5,2,4
n5092,n5092,1,238,1,1,1
n5093,n5093,1,238,1,1,2
n5094,n5094,1,238,1,1,3
n5095,n5095,1,238,1,1,4
n5096,n5096,1,238,1,1,5
n5097,n5097,1,238,1,1,6
n5098,n5098,1,238,1,1,7
n5099,n5099,1,238,1,1,8
n5100,n5100,1,238,5,2,1
n5101,n5101,1,238,5,2,2
n5102,n5102,1,238,5,2,3
n5103,n5103,1,238,5,2,4
n5104,n5104,1,238,5,2,5
n5105,n5105,1,238,5,2,6
n5106,n5106,1,238,5,2,7
n5107,n5107,1,238,5,2,8
n5108,n5108,1,239,1,1,1
n5109,n5109,1,239,1,1,2
n5110,n5110,1,239,1,1,3
n5111,n5111,1,239,1,1,4
n5112,n5112,1,239,1,1,5
n5113,n5113,1,239,1,1,6
n5114,n5114,1,239,5,2,1
n5115,n5115,1,239,5,2,2
n5116,n5116,1,239,5,2,3
n5117,n5117,1,239,5,2,4
n5118,n5118,1,240,1,1,1
n5119,n5119,1,240,1,1,2
n5120,n5120,1,240,1,1,3
n5121,n5121,1,240,1,1,4
n5122,n5122,1,240,1,1,5
n5123,n5123,1,240,1,1,6
n5124,n5124,1,240,1,1,7
n5125,n5125,1,240,1,1,8
n5126,n5126,1,240,1,1,9
n5127,n5127,1,240,5,2,1
n5128,n5128,1,240,5,2,2
n5129,n5129,1,240,5,2,3
n5130,n5130,1,240,5,2,4
n5131,n5131,1,241,1,1,1
n5132,n5132,1,241,1,1,2
n5133,n5133,1,241,1,1,3
n5134,n5134,1,241,5,2,1
n5135,n5135,1,241,5,2,2
