element_id,original_id,tag,carrier,host_or_staff
ed7974e5bb14222e8,md-1-0-1-1,dynamics,md,1
e04f756dbaebda9ee,md-1-0-1-2,words,md,1
nd74ca5506dac56ab--slur--start--1,n3--slur--start--1,slur,stamp,nd74ca5506dac56ab
n72c5580e1551c237--slur--stop--1,n4--slur--stop--1,slur,stamp,n72c5580e1551c237
n8c0d6d5220e7d215--staccatissimo--1,,staccatissimo,derive,n8c0d6d5220e7d215
n8c0d6d5220e7d215--staccato--1,,staccato,derive,n8c0d6d5220e7d215
n1d41d64271c37c34--slur--start--1,n8--slur--start--1,slur,stamp,n1d41d64271c37c34
n47d876853f4486fd--slur--stop--1,n9--slur--stop--1,slur,stamp,n47d876853f4486fd
n5dd96603c90e8825--staccatissimo--1,,staccatissimo,derive,n5dd96603c90e8825
n5dd96603c90e8825--staccato--1,,staccato,derive,n5dd96603c90e8825
n27c04b84239fe65f--slur--start--1,n13--slur--start--1,slur,stamp,n27c04b84239fe65f
nacdd960bf9777d40--slur--stop--1,n14--slur--stop--1,slur,stamp,nacdd960bf9777d40
n048f1cfa3be964cc--slur--start--1,n15--slur--start--1,slur,stamp,n048f1cfa3be964cc
ne4c334855c1dc020--slur--stop--1,n18--slur--stop--1,slur,stamp,ne4c334855c1dc020
n9c158528cf79a573--slur--start--1,n21--slur--start--1,slur,stamp,n9c158528cf79a573
nd2dc8ed934177892--slur--stop--1,n22--slur--stop--1,slur,stamp,nd2dc8ed934177892
nf3cf96371f61a161--slur--start--1,n23--slur--start--1,slur,stamp,nf3cf96371f61a161
n54edd90e9535ee53--slur--stop--1,n26--slur--stop--1,slur,stamp,n54edd90e9535ee53
nf78dec21052a697b--slur--start--1,n29--slur--start--1,slur,stamp,nf78dec21052a697b
nad433949a7d46829--slur--stop--1,n30--slur--stop--1,slur,stamp,nad433949a7d46829
e3eddf56f8a42abdc,md-1-3-1-1,dynamics,md,1
nf95e19bc530371f9--slur--start--1,n38--slur--start--1,slur,stamp,nf95e19bc530371f9
n4805c486421739d9--slur--stop--1,n39--slur--stop--1,slur,stamp,n4805c486421739d9
nda783d6998bd382e--staccatissimo--1,,staccatissimo,derive,nda783d6998bd382e
nda783d6998bd382e--staccato--1,,staccato,derive,nda783d6998bd382e
n6e600362743113ab--slur--start--1,n41--slur--start--1,slur,stamp,n6e600362743113ab
n730945e5478040b5--slur--stop--1,n42--slur--stop--1,slur,stamp,n730945e5478040b5
n730945e5478040b5--slur--start--2,n42--slur--start--2,slur,stamp,n730945e5478040b5
n96e614d291ab2172--slur--stop--1,n45--slur--stop--1,slur,stamp,n96e614d291ab2172
e4ea54fd34af60724,md-1-4-1-1,dynamics,md,1
eed0b51c79d977e0c,md-1-4-1-2,wedge,md,1
e30fbc2c13d075b50,md-1-4-1-3,wedge,md,1
e35859287c04c9051,md-1-4-1-4,dynamics,md,1
ndaaaf5d58b447f22--slur--start--1,n57--slur--start--1,slur,stamp,ndaaaf5d58b447f22
n81bbb75c40972ffd--slur--start--1,n61--slur--start--1,slur,stamp,n81bbb75c40972ffd
e57f2958246d7cc49,md-1-5-1-1,dynamics,md,1
nf9f5e35d0ae553e5--slur--stop--1,n69--slur--stop--1,slur,stamp,nf9f5e35d0ae553e5
n60f531f5f4937551--slur--stop--1,n73--slur--stop--1,slur,stamp,n60f531f5f4937551
n72e3589e0fecafd0--slur--start--1,n74--slur--start--1,slur,stamp,n72e3589e0fecafd0
nc35d2902edee9f32--slur--start--1,n82--slur--start--1,slur,stamp,nc35d2902edee9f32
n71ddda8034f4f95b--slur--stop--1,n84--slur--stop--1,slur,stamp,n71ddda8034f4f95b
edc8686d16e319219,md-1-7-1-1,dynamics,md,1
n74cd890a225e374d--slur--stop--1,n87--slur--stop--1,slur,stamp,n74cd890a225e374d
eb2be0e327e3950fc,md-1-8-1-1,dynamics,md,1
nb569080fee785f8f--slur--start--1,n96--slur--start--1,slur,stamp,nb569080fee785f8f
nd407ff94e1e94e93--slur--stop--1,n97--slur--stop--1,slur,stamp,nd407ff94e1e94e93
n0741ea41f2886b40--staccatissimo--1,,staccatissimo,derive,n0741ea41f2886b40
n0741ea41f2886b40--staccato--1,,staccato,derive,n0741ea41f2886b40
n6b6d3ba8c470dec3--staccatissimo--1,,staccatissimo,derive,n6b6d3ba8c470dec3
n6b6d3ba8c470dec3--staccato--1,,staccato,derive,n6b6d3ba8c470dec3
n3b5e7d78a1a0cfc7--staccatissimo--1,,staccatissimo,derive,n3b5e7d78a1a0cfc7
n3b5e7d78a1a0cfc7--staccato--1,,staccato,derive,n3b5e7d78a1a0cfc7
n05d44e3c625aac11--staccatissimo--1,,staccatissimo,derive,n05d44e3c625aac11
n05d44e3c625aac11--staccato--1,,staccato,derive,n05d44e3c625aac11
n86afa207d8d75f21--slur--start--1,n104--slur--start--1,slur,stamp,n86afa207d8d75f21
na096a04eecbb55a0--slur--stop--1,n105--slur--stop--1,slur,stamp,na096a04eecbb55a0
n995b9d3e93f5506e--staccatissimo--1,,staccatissimo,derive,n995b9d3e93f5506e
n995b9d3e93f5506e--staccato--1,,staccato,derive,n995b9d3e93f5506e
nbb72611cefc684a4--staccatissimo--1,,staccatissimo,derive,nbb72611cefc684a4
nbb72611cefc684a4--staccato--1,,staccato,derive,nbb72611cefc684a4
nd5df40acffd57e23--staccatissimo--1,,staccatissimo,derive,nd5df40acffd57e23
nd5df40acffd57e23--staccato--1,,staccato,derive,nd5df40acffd57e23
n772065e41e0622b2--staccatissimo--1,,staccatissimo,derive,n772065e41e0622b2
n772065e41e0622b2--staccato--1,,staccato,derive,n772065e41e0622b2
n5793849a623878f8--slur--start--1,n112--slur--start--1,slur,stamp,n5793849a623878f8
n94cc84b87529526e--slur--stop--1,n113--slur--stop--1,slur,stamp,n94cc84b87529526e
nc9fdeb846671bf0b--slur--start--1,n114--slur--start--1,slur,stamp,nc9fdeb846671bf0b
n75827fe244b8b352--slur--stop--1,n117--slur--stop--1,slur,stamp,n75827fe244b8b352
n99ee9c7cde4c4b15--slur--start--1,n120--slur--start--1,slur,stamp,n99ee9c7cde4c4b15
n42bd4a5621e2ad98--slur--stop--1,n121--slur--stop--1,slur,stamp,n42bd4a5621e2ad98
n43b6326057ce6bb0--slur--start--1,n122--slur--start--1,slur,stamp,n43b6326057ce6bb0
ne0d7210b1d62eced--slur--stop--1,n125--slur--stop--1,slur,stamp,ne0d7210b1d62eced
nfb232fff7ab11086--slur--start--1,n128--slur--start--1,slur,stamp,nfb232fff7ab11086
n1f46f70bee47e7fb--slur--stop--1,n129--slur--stop--1,slur,stamp,n1f46f70bee47e7fb
e3ae5a1f8bac8e026,md-1-11-1-1,dynamics,md,1
nbccb263cbfb17aba--slur--start--1,n137--slur--start--1,slur,stamp,nbccb263cbfb17aba
nc36570c4d64f1e25--slur--stop--1,n138--slur--stop--1,slur,stamp,nc36570c4d64f1e25
ne0041e3999a6ba6a--staccatissimo--1,,staccatissimo,derive,ne0041e3999a6ba6a
ne0041e3999a6ba6a--staccato--1,,staccato,derive,ne0041e3999a6ba6a
nb565a2827c1c7041--slur--start--1,n140--slur--start--1,slur,stamp,nb565a2827c1c7041
n73be974360dc8d4a--slur--stop--1,n141--slur--stop--1,slur,stamp,n73be974360dc8d4a
n73be974360dc8d4a--slur--start--2,n141--slur--start--2,slur,stamp,n73be974360dc8d4a
na8494bb4ae1f6abf--slur--stop--1,n144--slur--stop--1,slur,stamp,na8494bb4ae1f6abf
ebec7e36bff4c995e,md-1-12-1-1,dynamics,md,1
e5112d45f81aa3cfe,md-1-12-1-2,wedge,md,1
e35d502c59fe76a59,md-1-12-1-3,wedge,md,1
eaa9240e6b85a6a3a,md-1-12-1-4,dynamics,md,1
nd0dbb6d565cf6a14--slur--start--1,n156--slur--start--1,slur,stamp,nd0dbb6d565cf6a14
n9fe4626074c6ef74--slur--start--1,n160--slur--start--1,slur,stamp,n9fe4626074c6ef74
e0c121669764d3ef1,md-1-13-1-1,dynamics,md,1
n796ab85921535ad9--slur--stop--1,n168--slur--stop--1,slur,stamp,n796ab85921535ad9
n6688a56716c7a053--slur--stop--1,n172--slur--stop--1,slur,stamp,n6688a56716c7a053
n4d27ee840312f9ef--slur--start--1,n173--slur--start--1,slur,stamp,n4d27ee840312f9ef
n4227940e5b3f2651--slur--stop--1,n174--slur--stop--1,slur,stamp,n4227940e5b3f2651
n4227940e5b3f2651--slur--start--2,n174--slur--start--2,slur,stamp,n4227940e5b3f2651
n734406737d86bde1--slur--stop--1,n177--slur--stop--1,slur,stamp,n734406737d86bde1
ne30a6605f908dec8--slur--start--1,n178--slur--start--1,slur,stamp,ne30a6605f908dec8
n5b7fa36b8e24421e--slur--stop--1,n181--slur--stop--1,slur,stamp,n5b7fa36b8e24421e
n642a12114cf618f1--slur--start--1,n185--slur--start--1,slur,stamp,n642a12114cf618f1
n5d6d2b6b9315ddef--slur--stop--1,n186--slur--stop--1,slur,stamp,n5d6d2b6b9315ddef
e57e1a93818c12eee,md-1-15-1-1,dynamics,md,1
n619806e44b4e6838--staccatissimo--1,,staccatissimo,derive,n619806e44b4e6838
n619806e44b4e6838--staccato--1,,staccato,derive,n619806e44b4e6838
n60c6e7e7e4dc7792--staccatissimo--1,,staccatissimo,derive,n60c6e7e7e4dc7792
n60c6e7e7e4dc7792--staccato--1,,staccato,derive,n60c6e7e7e4dc7792
na1f46f038a30d64a--tie--1,,tie,derive,na1f46f038a30d64a
na1f46f038a30d64a--tied--start--1,n193--tied--start--1,tied,stamp,na1f46f038a30d64a
e892678192474cfa2,md-1-16-2-1,dynamics,md,2
naf258f2d1c9bec86--slur--start--1,n194--slur--start--1,slur,stamp,naf258f2d1c9bec86
n1c16d621d3a3c2dd--tie--1,,tie,derive,n1c16d621d3a3c2dd
n1c16d621d3a3c2dd--tied--stop--1,n200--tied--stop--1,tied,stamp,n1c16d621d3a3c2dd
nd20bfd63a9087bca--slur--stop--1,n204--slur--stop--1,slur,stamp,nd20bfd63a9087bca
n646cf032c0f2323c--slur--start--1,n207--slur--start--1,slur,stamp,n646cf032c0f2323c
ncd6490fa874bdb32--slur--stop--1,n210--slur--stop--1,slur,stamp,ncd6490fa874bdb32
n5fc7ceb6402686e0--tie--1,,tie,derive,n5fc7ceb6402686e0
n5fc7ceb6402686e0--tied--start--1,n211--tied--start--1,tied,stamp,n5fc7ceb6402686e0
e5c2d24cbd179f870,md-1-18-2-1,dynamics,md,2
na4980cde17c30423--slur--start--1,n212--slur--start--1,slur,stamp,na4980cde17c30423
nfad283c03190ea0a--tie--1,,tie,derive,nfad283c03190ea0a
nfad283c03190ea0a--tied--stop--1,n218--tied--stop--1,tied,stamp,nfad283c03190ea0a
n5aa6ec5ec002293f--slur--stop--1,n222--slur--stop--1,slur,stamp,n5aa6ec5ec002293f
nf38e56646c0b9d9b--tie--1,,tie,derive,nf38e56646c0b9d9b
nf38e56646c0b9d9b--tied--start--1,n224--tied--start--1,tied,stamp,nf38e56646c0b9d9b
nf38e56646c0b9d9b--accent--1,,accent,derive,nf38e56646c0b9d9b
n5a4956ad85aa5072--tie--1,,tie,derive,n5a4956ad85aa5072
n5a4956ad85aa5072--tied--start--1,n225--tied--start--1,tied,stamp,n5a4956ad85aa5072
nead659ae6ebef026--slur--start--1,n226--slur--start--1,slur,stamp,nead659ae6ebef026
nac6e44b41f049de0--slur--stop--1,n229--slur--stop--1,slur,stamp,nac6e44b41f049de0
n6a155bea6865fcc9--tie--1,,tie,derive,n6a155bea6865fcc9
n6a155bea6865fcc9--tied--stop--1,n231--tied--stop--1,tied,stamp,n6a155bea6865fcc9
n6a155bea6865fcc9--slur--start--1,n231--slur--start--1,slur,stamp,n6a155bea6865fcc9
ndbff5f47bfb6f2a4--tie--1,,tie,derive,ndbff5f47bfb6f2a4
ndbff5f47bfb6f2a4--tied--stop--1,n232--tied--stop--1,tied,stamp,ndbff5f47bfb6f2a4
n7595b843b0fb9aa5--slur--start--1,n237--slur--start--1,slur,stamp,n7595b843b0fb9aa5
n55b07f15ff1bfd3f--slur--start--1,n241--slur--start--1,slur,stamp,n55b07f15ff1bfd3f
e410da1f6b412af40,md-1-21-1-1,dynamics,md,1
n2cba99d659da17f8--slur--stop--1,n245--slur--stop--1,slur,stamp,n2cba99d659da17f8
nea802ec72587b287--slur--start--1,n247--slur--start--1,slur,stamp,nea802ec72587b287
nc33690a4585c6911--slur--stop--1,n248--slur--stop--1,slur,stamp,nc33690a4585c6911
n1ee67afd639319c5--slur--stop--1,n250--slur--stop--1,slur,stamp,n1ee67afd639319c5
n094eb74be14a0949--slur--stop--1,n256--slur--stop--1,slur,stamp,n094eb74be14a0949
n5b0a0b001a22b361--slur--start--1,n257--slur--start--1,slur,stamp,n5b0a0b001a22b361
nef81193aa5ab9d5c--slur--stop--1,n258--slur--stop--1,slur,stamp,nef81193aa5ab9d5c
nef81193aa5ab9d5c--trill-mark--1,,trill-mark,derive,nef81193aa5ab9d5c
n7db059e04e3589b3--slur--start--1,n268--slur--start--1,slur,stamp,n7db059e04e3589b3
n86dd7a41ddf1d8e9--slur--stop--1,n269--slur--stop--1,slur,stamp,n86dd7a41ddf1d8e9
n1859fa7a1fc5c9a3--slur--start--1,n271--slur--start--1,slur,stamp,n1859fa7a1fc5c9a3
e70dbdfc84e63a92e,md-1-23-1-1,dynamics,md,1
n0585392836861027--slur--start--1,n275--slur--start--1,slur,stamp,n0585392836861027
nf5f5677efae805cd--slur--stop--1,n277--slur--stop--1,slur,stamp,nf5f5677efae805cd
nfd5eb71ec4a64451--slur--stop--1,n287--slur--stop--1,slur,stamp,nfd5eb71ec4a64451
e8988583ad733ce3e,md-1-24-1-1,dynamics,md,1
e878eb8417891fdd7,md-1-24-1-2,dynamics,md,1
nf4632148596fc32f--slur--start--1,n289--slur--start--1,slur,stamp,nf4632148596fc32f
nc3e18043611fe236--slur--stop--1,n290--slur--stop--1,slur,stamp,nc3e18043611fe236
nc3e18043611fe236--trill-mark--1,,trill-mark,derive,nc3e18043611fe236
e12acbd70f61539ab,md-1-25-1-1,dynamics,md,1
n1c3ede11f4790879--slur--start--1,n309--slur--start--1,slur,stamp,n1c3ede11f4790879
n1c3ede11f4790879--staccato--1,,staccato,derive,n1c3ede11f4790879
n06336abf5992bb5a--staccato--1,,staccato,derive,n06336abf5992bb5a
na6e9222919e59b31--slur--stop--1,n311--slur--stop--1,slur,stamp,na6e9222919e59b31
na6e9222919e59b31--staccato--1,,staccato,derive,na6e9222919e59b31
n0f5757d3c18570c1--slur--start--1,n321--slur--start--1,slur,stamp,n0f5757d3c18570c1
na8c7f25c7712d041--slur--stop--1,n323--slur--stop--1,slur,stamp,na8c7f25c7712d041
e70925b2a7537f8e8,md-1-26-1-1,dynamics,md,1
n2ba3f26f0f41698f--slur--start--1,n324--slur--start--1,slur,stamp,n2ba3f26f0f41698f
n55950eb030f4f0d1--slur--stop--1,n325--slur--stop--1,slur,stamp,n55950eb030f4f0d1
nadea57379b89236f--staccatissimo--1,,staccatissimo,derive,nadea57379b89236f
nadea57379b89236f--staccato--1,,staccato,derive,nadea57379b89236f
nec57dca578ada375--staccatissimo--1,,staccatissimo,derive,nec57dca578ada375
nec57dca578ada375--staccato--1,,staccato,derive,nec57dca578ada375
n0921857213352031--staccatissimo--1,,staccatissimo,derive,n0921857213352031
n0921857213352031--staccato--1,,staccato,derive,n0921857213352031
nd674b505678f2876--staccatissimo--1,,staccatissimo,derive,nd674b505678f2876
nd674b505678f2876--staccato--1,,staccato,derive,nd674b505678f2876
n6ecc65bcff222836--slur--start--1,n332--slur--start--1,slur,stamp,n6ecc65bcff222836
nf014511d1b2442b4--slur--stop--1,n333--slur--stop--1,slur,stamp,nf014511d1b2442b4
n4bfdd1c81b5557b6--staccatissimo--1,,staccatissimo,derive,n4bfdd1c81b5557b6
n4bfdd1c81b5557b6--staccato--1,,staccato,derive,n4bfdd1c81b5557b6
nf9d9c7d36efe0782--staccatissimo--1,,staccatissimo,derive,nf9d9c7d36efe0782
nf9d9c7d36efe0782--staccato--1,,staccato,derive,nf9d9c7d36efe0782
n991b3ce1d64f63bb--staccatissimo--1,,staccatissimo,derive,n991b3ce1d64f63bb
n991b3ce1d64f63bb--staccato--1,,staccato,derive,n991b3ce1d64f63bb
nf5bc0474b4689cf0--staccatissimo--1,,staccatissimo,derive,nf5bc0474b4689cf0
nf5bc0474b4689cf0--staccato--1,,staccato,derive,nf5bc0474b4689cf0
e6d4eec1c21d2102e,md-1-27-1-1,dynamics,md,1
n0c11fe4f70106e46--slur--start--1,n340--slur--start--1,slur,stamp,n0c11fe4f70106e46
n519b3dc0aa1312a8--slur--stop--1,n341--slur--stop--1,slur,stamp,n519b3dc0aa1312a8
n0819184b5a3688b2--slur--start--1,n342--slur--start--1,slur,stamp,n0819184b5a3688b2
n0a7962a6c192f0be--slur--stop--1,n345--slur--stop--1,slur,stamp,n0a7962a6c192f0be
n4ba06a8383a41209--slur--start--1,n348--slur--start--1,slur,stamp,n4ba06a8383a41209
n3add76852f474684--slur--stop--1,n349--slur--stop--1,slur,stamp,n3add76852f474684
n22d02358c6d0700d--slur--start--1,n350--slur--start--1,slur,stamp,n22d02358c6d0700d
n1a0b5e6f20377945--slur--stop--1,n353--slur--stop--1,slur,stamp,n1a0b5e6f20377945
n8558b5da080be3f0--slur--start--1,n356--slur--start--1,slur,stamp,n8558b5da080be3f0
n42b4a324c10654d3--slur--stop--1,n357--slur--stop--1,slur,stamp,n42b4a324c10654d3
ec4f42c1d9816b58b,md-1-29-1-1,dynamics,md,1
n44d44c4ada5b6fb0--slur--start--1,n365--slur--start--1,slur,stamp,n44d44c4ada5b6fb0
nd73202f55ca0ce2f--slur--stop--1,n366--slur--stop--1,slur,stamp,nd73202f55ca0ce2f
n23e338af70f7e545--staccatissimo--1,,staccatissimo,derive,n23e338af70f7e545
n23e338af70f7e545--staccato--1,,staccato,derive,n23e338af70f7e545
nb9f0c7c48c38039c--slur--start--1,n368--slur--start--1,slur,stamp,nb9f0c7c48c38039c
n2f532255e1eacf93--slur--stop--1,n369--slur--stop--1,slur,stamp,n2f532255e1eacf93
n2f532255e1eacf93--slur--start--2,n369--slur--start--2,slur,stamp,n2f532255e1eacf93
n052727c8e6e597d5--slur--stop--1,n372--slur--stop--1,slur,stamp,n052727c8e6e597d5
e00233c358be3ca6d,md-1-30-1-1,dynamics,md,1
e4625b0d6aeb793e3,md-1-30-1-2,wedge,md,1
e82484c9de7a9aff0,md-1-30-1-3,wedge,md,1
e6e4fffad8e8e2b2c,md-1-30-1-4,dynamics,md,1
n3ec03234b78ee1d9--slur--start--1,n384--slur--start--1,slur,stamp,n3ec03234b78ee1d9
na6e41cef5e7f3fd0--slur--start--1,n389--slur--start--1,slur,stamp,na6e41cef5e7f3fd0
ef4aab7fef625b3f8,md-1-31-1-1,dynamics,md,1
n3deb54b06192ecf5--slur--stop--1,n397--slur--stop--1,slur,stamp,n3deb54b06192ecf5
nffa26357dde09a65--slur--stop--1,n403--slur--stop--1,slur,stamp,nffa26357dde09a65
na03b83973cc07ec3--slur--start--1,n405--slur--start--1,slur,stamp,na03b83973cc07ec3
n3dbf2383c62d6fc1--slur--stop--1,n406--slur--stop--1,slur,stamp,n3dbf2383c62d6fc1
n3dbf2383c62d6fc1--slur--start--2,n406--slur--start--2,slur,stamp,n3dbf2383c62d6fc1
n2364764cb71faf94--slur--stop--1,n409--slur--stop--1,slur,stamp,n2364764cb71faf94
n4d341171fe0aad11--slur--start--1,n410--slur--start--1,slur,stamp,n4d341171fe0aad11
naddaaf154ce0cd18--slur--start--1,n417--slur--start--1,slur,stamp,naddaaf154ce0cd18
nea2a27ddd0265195--slur--stop--1,n418--slur--stop--1,slur,stamp,nea2a27ddd0265195
eef664969ad164908,md-1-33-1-1,dynamics,md,1
ndea87d233024fe54--slur--stop--1,n419--slur--stop--1,slur,stamp,ndea87d233024fe54
n646b1264d127ac54--staccatissimo--1,,staccatissimo,derive,n646b1264d127ac54
n646b1264d127ac54--staccato--1,,staccato,derive,n646b1264d127ac54
nc10c2498c403c3f1--staccatissimo--1,,staccatissimo,derive,nc10c2498c403c3f1
nc10c2498c403c3f1--staccato--1,,staccato,derive,nc10c2498c403c3f1
n22d488a89aa8e873--tie--1,,tie,derive,n22d488a89aa8e873
n22d488a89aa8e873--tied--start--1,n424--tied--start--1,tied,stamp,n22d488a89aa8e873
n22d488a89aa8e873--slur--start--1,n424--slur--start--1,slur,stamp,n22d488a89aa8e873
eee9ecfea4d088174,md-1-35-1-1,words,md,1
ed115a90f2d08fdd2,md-1-35-1-2,dynamics,md,1
n70d0c4663295fae9--tie--1,,tie,derive,n70d0c4663295fae9
n70d0c4663295fae9--tied--stop--1,n425--tied--stop--1,tied,stamp,n70d0c4663295fae9
n78b656ce45d632a8--accent--1,,accent,derive,n78b656ce45d632a8
n8eea603b003dd517--slur--stop--1,n434--slur--stop--1,slur,stamp,n8eea603b003dd517
n8eea603b003dd517--staccatissimo--1,,staccatissimo,derive,n8eea603b003dd517
n8eea603b003dd517--staccato--1,,staccato,derive,n8eea603b003dd517
n71ca2f733b68476a--slur--start--1,n435--slur--start--1,slur,stamp,n71ca2f733b68476a
nbeaefbc811d183ea--accent--1,,accent,derive,nbeaefbc811d183ea
n7e89f74f75f80935--slur--stop--1,n443--slur--stop--1,slur,stamp,n7e89f74f75f80935
n7e89f74f75f80935--staccatissimo--1,,staccatissimo,derive,n7e89f74f75f80935
n7e89f74f75f80935--staccato--1,,staccato,derive,n7e89f74f75f80935
n6da0bdbbb61101de--slur--start--1,n444--slur--start--1,slur,stamp,n6da0bdbbb61101de
n4d9f30cadcc0c11e--slur--stop--1,n446--slur--stop--1,slur,stamp,n4d9f30cadcc0c11e
n54b08625a772e448--slur--start--1,n460--slur--start--1,slur,stamp,n54b08625a772e448
nee150613a9f75bae--slur--stop--1,n461--slur--stop--1,slur,stamp,nee150613a9f75bae
nee150613a9f75bae--slur--start--2,n461--slur--start--2,slur,stamp,nee150613a9f75bae
n89e3da8473b61c8f--slur--stop--1,n464--slur--stop--1,slur,stamp,n89e3da8473b61c8f
nd6cfce60a7ea9b4c--slur--start--1,n465--slur--start--1,slur,stamp,nd6cfce60a7ea9b4c
na0eb5e1b1a036976--slur--stop--1,n466--slur--stop--1,slur,stamp,na0eb5e1b1a036976
ee3c83d0ab1a9e7ec,md-1-39-2-1,dynamics,md,2
nf59e37ef0e44535f--slur--start--1,n472--slur--start--1,slur,stamp,nf59e37ef0e44535f
nf59e37ef0e44535f--staccatissimo--1,,staccatissimo,derive,nf59e37ef0e44535f
nf59e37ef0e44535f--staccato--1,,staccato,derive,nf59e37ef0e44535f
nb028bcc4adc15d31--accent--1,,accent,derive,nb028bcc4adc15d31
n9a542a44b52cc425--slur--stop--1,n477--slur--stop--1,slur,stamp,n9a542a44b52cc425
n9a604c093f482694--slur--start--1,n480--slur--start--1,slur,stamp,n9a604c093f482694
na95c42df1a3ff9d9--slur--start--1,n485--slur--start--1,slur,stamp,na95c42df1a3ff9d9
n45ba32a62e5ac58d--slur--stop--1,n489--slur--stop--1,slur,stamp,n45ba32a62e5ac58d
ncf885b4c6aad3f3b--slur--stop--1,n495--slur--stop--1,slur,stamp,ncf885b4c6aad3f3b
e533b67c91559d267,md-1-41-1-1,dynamics,md,1
n202b2694d773736b--slur--start--1,n506--slur--start--1,slur,stamp,n202b2694d773736b
e0d2b0a0790799d76,md-1-42-1-1,dynamics,md,1
n2853d964718fb9e3--tie--1,,tie,derive,n2853d964718fb9e3
n2853d964718fb9e3--tied--start--1,n513--tied--start--1,tied,stamp,n2853d964718fb9e3
n2853d964718fb9e3--slur--start--1,n513--slur--start--1,slur,stamp,n2853d964718fb9e3
n6289770a3907dfe5--slur--stop--1,n515--slur--stop--1,slur,stamp,n6289770a3907dfe5
ec695620fdea833c5,md-1-43-1-1,dynamics,md,1
nd5e56b7845a9a5e3--tie--1,,tie,derive,nd5e56b7845a9a5e3
nd5e56b7845a9a5e3--tied--stop--1,n516--tied--stop--1,tied,stamp,nd5e56b7845a9a5e3
nd1488483d266eaf8--accent--1,,accent,derive,nd1488483d266eaf8
n4f83d27080a5e1e4--slur--stop--1,n525--slur--stop--1,slur,stamp,n4f83d27080a5e1e4
n4f83d27080a5e1e4--staccatissimo--1,,staccatissimo,derive,n4f83d27080a5e1e4
n4f83d27080a5e1e4--staccato--1,,staccato,derive,n4f83d27080a5e1e4
nafa72568cc6dcec7--slur--start--1,n526--slur--start--1,slur,stamp,nafa72568cc6dcec7
n4a30d2ca84e395ec--accent--1,,accent,derive,n4a30d2ca84e395ec
n5a82d65ad686c9f7--slur--stop--1,n534--slur--stop--1,slur,stamp,n5a82d65ad686c9f7
n5a82d65ad686c9f7--staccatissimo--1,,staccatissimo,derive,n5a82d65ad686c9f7
n5a82d65ad686c9f7--staccato--1,,staccato,derive,n5a82d65ad686c9f7
nc801241a5574ca74--staccatissimo--1,,staccatissimo,derive,nc801241a5574ca74
nc801241a5574ca74--staccato--1,,staccato,derive,nc801241a5574ca74
n6493b378b88d71dc--staccatissimo--1,,staccatissimo,derive,n6493b378b88d71dc
n6493b378b88d71dc--staccato--1,,staccato,derive,n6493b378b88d71dc
nf5835099cbf604f1--staccatissimo--1,,staccatissimo,derive,nf5835099cbf604f1
nf5835099cbf604f1--staccato--1,,staccato,derive,nf5835099cbf604f1
n23a7c7a0eb96407e--staccatissimo--1,,staccatissimo,derive,n23a7c7a0eb96407e
n23a7c7a0eb96407e--staccato--1,,staccato,derive,n23a7c7a0eb96407e
n7d7f1e8d9ea2b081--staccato--1,,staccato,derive,n7d7f1e8d9ea2b081
ne571c6bacab6b81c--staccato--1,,staccato,derive,ne571c6bacab6b81c
n591d93ad574236f1--staccato--1,,staccato,derive,n591d93ad574236f1
nc5a2b7fe5f24b11e--staccato--1,,staccato,derive,nc5a2b7fe5f24b11e
e6bc6b1d96c5086a8,md-1-46-1-1,dynamics,md,1
n6f40ac45000180a5--slur--start--1,n555--slur--start--1,slur,stamp,n6f40ac45000180a5
n10f98894255d0a07--slur--stop--1,n556--slur--stop--1,slur,stamp,n10f98894255d0a07
n10f98894255d0a07--slur--start--2,n556--slur--start--2,slur,stamp,n10f98894255d0a07
n5498461ed9fa9e35--slur--stop--1,n559--slur--stop--1,slur,stamp,n5498461ed9fa9e35
nf88ad4e0d6eef068--slur--start--1,n560--slur--start--1,slur,stamp,nf88ad4e0d6eef068
nbf5f8ff7187b00e5--slur--stop--1,n561--slur--stop--1,slur,stamp,nbf5f8ff7187b00e5
ed2ebd1c0849d56d8,md-1-47-1-1,dynamics,md,1
n1a5c6d899ede1872--staccatissimo--1,,staccatissimo,derive,n1a5c6d899ede1872
n1a5c6d899ede1872--staccato--1,,staccato,derive,n1a5c6d899ede1872
n103327e8f6aba94a--slur--start--1,n568--slur--start--1,slur,stamp,n103327e8f6aba94a
ne7a5cce18b839deb--accent--1,,accent,derive,ne7a5cce18b839deb
n4f6b910a526ecb33--slur--stop--1,n572--slur--stop--1,slur,stamp,n4f6b910a526ecb33
nb4e010ab8b80b933--slur--start--1,n575--slur--start--1,slur,stamp,nb4e010ab8b80b933
nd5cfd80d80e5c32a--slur--start--1,n580--slur--start--1,slur,stamp,nd5cfd80d80e5c32a
n3d87647648f2234e--slur--stop--1,n584--slur--stop--1,slur,stamp,n3d87647648f2234e
n70c081faecd770c2--slur--stop--1,n590--slur--stop--1,slur,stamp,n70c081faecd770c2
e7a325507fa73d48d,md-1-49-1-1,dynamics,md,1
na38abfe3113db2ef--slur--start--1,n593--slur--start--1,slur,stamp,na38abfe3113db2ef
nec34c2a10d751775--slur--stop--1,n597--slur--stop--1,slur,stamp,nec34c2a10d751775
n62a1ebfdbd2f0be7--tie--1,,tie,derive,n62a1ebfdbd2f0be7
n62a1ebfdbd2f0be7--tied--start--1,n598--tied--start--1,tied,stamp,n62a1ebfdbd2f0be7
n952f5805ce4271d5--tie--1,,tie,derive,n952f5805ce4271d5
n952f5805ce4271d5--tied--stop--1,n599--tied--stop--1,tied,stamp,n952f5805ce4271d5
n148fbf61c198a426--tie--1,,tie,derive,n148fbf61c198a426
n148fbf61c198a426--tied--start--1,n601--tied--start--1,tied,stamp,n148fbf61c198a426
nd2b54e6266f3302b--tie--1,,tie,derive,nd2b54e6266f3302b
nd2b54e6266f3302b--tied--stop--1,n602--tied--stop--1,tied,stamp,nd2b54e6266f3302b
n0d89b375d11918eb--slur--start--1,n605--slur--start--1,slur,stamp,n0d89b375d11918eb
e92b702e050cdc883,md-1-50-1-1,dynamics,md,1
nb6afd44b956c1c79--slur--stop--1,n610--slur--stop--1,slur,stamp,nb6afd44b956c1c79
nb6afd44b956c1c79--staccatissimo--1,,staccatissimo,derive,nb6afd44b956c1c79
nb6afd44b956c1c79--staccato--1,,staccato,derive,nb6afd44b956c1c79
nf0b4d6cd002dac26--staccatissimo--1,,staccatissimo,derive,nf0b4d6cd002dac26
nf0b4d6cd002dac26--staccato--1,,staccato,derive,nf0b4d6cd002dac26
na2f1c328bd04326a--tie--1,,tie,derive,na2f1c328bd04326a
na2f1c328bd04326a--tied--start--1,n612--tied--start--1,tied,stamp,na2f1c328bd04326a
ne3bfb7acd06a74cb--slur--start--1,n613--slur--start--1,slur,stamp,ne3bfb7acd06a74cb
n505b45317fef3b61--tie--1,,tie,derive,n505b45317fef3b61
n505b45317fef3b61--tied--stop--1,n619--tied--stop--1,tied,stamp,n505b45317fef3b61
nd473891c6740d1b8--slur--start--1,n623--slur--start--1,slur,stamp,nd473891c6740d1b8
n35b2b37b76a170b2--slur--stop--1,n624--slur--stop--1,slur,stamp,n35b2b37b76a170b2
e7f3c2b05dc919a7a,md-1-52-2-1,dynamics,md,2
n847e3c5b28a8414e--slur--stop--1,n627--slur--stop--1,slur,stamp,n847e3c5b28a8414e
n1895f551639514d8--slur--start--1,n630--slur--start--1,slur,stamp,n1895f551639514d8
n6ff5bf05e288e776--slur--stop--1,n632--slur--stop--1,slur,stamp,n6ff5bf05e288e776
n369243baddfb2b1b--slur--start--1,n643--slur--start--1,slur,stamp,n369243baddfb2b1b
n4f8ef189efde02a7--slur--start--1,n653--slur--start--1,slur,stamp,n4f8ef189efde02a7
n35ba09b7b85a9563--slur--stop--1,n654--slur--stop--1,slur,stamp,n35ba09b7b85a9563
e92f45a024e2a5056,md-1-54-2-1,dynamics,md,2
ncb74bbbeb8462c5d--slur--stop--1,n657--slur--stop--1,slur,stamp,ncb74bbbeb8462c5d
ndf7f258a8e813ead--tie--1,,tie,derive,ndf7f258a8e813ead
ndf7f258a8e813ead--tied--start--1,n660--tied--start--1,tied,stamp,ndf7f258a8e813ead
n436e1e7951d8c01b--tie--1,,tie,derive,n436e1e7951d8c01b
n436e1e7951d8c01b--tied--start--1,n661--tied--start--1,tied,stamp,n436e1e7951d8c01b
nd69d753960d9cbf4--slur--start--1,n662--slur--start--1,slur,stamp,nd69d753960d9cbf4
nd093ac4423ea3482--slur--stop--1,n670--slur--stop--1,slur,stamp,nd093ac4423ea3482
ea761b179d2e6d073,md-1-55-1-1,dynamics,md,1
nef26e876aa8433ad--tie--1,,tie,derive,nef26e876aa8433ad
nef26e876aa8433ad--tied--stop--1,n671--tied--stop--1,tied,stamp,nef26e876aa8433ad
n3082f6f594fc0383--tie--1,,tie,derive,n3082f6f594fc0383
n3082f6f594fc0383--tied--stop--1,n672--tied--stop--1,tied,stamp,n3082f6f594fc0383
n7766a333ce07c11b--slur--start--1,n673--slur--start--1,slur,stamp,n7766a333ce07c11b
n1265d3bec520e151--slur--stop--1,n675--slur--stop--1,slur,stamp,n1265d3bec520e151
nc6d059d4aadbc592--slur--start--1,n677--slur--start--1,slur,stamp,nc6d059d4aadbc592
nea554bf8cc24a141--slur--stop--1,n679--slur--stop--1,slur,stamp,nea554bf8cc24a141
n1bbbb183c9c1e249--slur--start--1,n681--slur--start--1,slur,stamp,n1bbbb183c9c1e249
n9acb6ff79fe67860--slur--stop--1,n683--slur--stop--1,slur,stamp,n9acb6ff79fe67860
n262e457271f2992d--slur--start--1,n684--slur--start--1,slur,stamp,n262e457271f2992d
ef7171246d54ddaf1,md-1-56-1-1,dynamics,md,1
e216f8ca81319e90d,md-1-56-1-2,dynamics,md,1
n35319b5c35edf6e8--slur--start--1,n692--slur--start--1,slur,stamp,n35319b5c35edf6e8
n0067506728941b13--slur--stop--1,n694--slur--stop--1,slur,stamp,n0067506728941b13
n9005f59bc9a5f3af--slur--start--1,n696--slur--start--1,slur,stamp,n9005f59bc9a5f3af
nf4a9276e86ad246b--slur--stop--1,n698--slur--stop--1,slur,stamp,nf4a9276e86ad246b
n549063798dab9f7d--slur--start--1,n700--slur--start--1,slur,stamp,n549063798dab9f7d
n7fbc95f1e3c830be--slur--stop--1,n702--slur--stop--1,slur,stamp,n7fbc95f1e3c830be
nee62f1559e4b5b47--slur--stop--1,n707--slur--stop--1,slur,stamp,nee62f1559e4b5b47
n572ac0848c9310ad--staccatissimo--1,,staccatissimo,derive,n572ac0848c9310ad
n572ac0848c9310ad--staccato--1,,staccato,derive,n572ac0848c9310ad
n23b068254a7e193a--staccatissimo--1,,staccatissimo,derive,n23b068254a7e193a
n23b068254a7e193a--staccato--1,,staccato,derive,n23b068254a7e193a
nca27022ee36f1044--staccatissimo--1,,staccatissimo,derive,nca27022ee36f1044
nca27022ee36f1044--staccato--1,,staccato,derive,nca27022ee36f1044
n34a93845a9fdca2c--staccatissimo--1,,staccatissimo,derive,n34a93845a9fdca2c
n34a93845a9fdca2c--staccato--1,,staccato,derive,n34a93845a9fdca2c
n1a5be932758041aa--staccatissimo--1,,staccatissimo,derive,n1a5be932758041aa
n1a5be932758041aa--staccato--1,,staccato,derive,n1a5be932758041aa
n093b51426ee13e24--staccatissimo--1,,staccatissimo,derive,n093b51426ee13e24
n093b51426ee13e24--staccato--1,,staccato,derive,n093b51426ee13e24
n79d6c2a391cc3249--staccatissimo--1,,staccatissimo,derive,n79d6c2a391cc3249
n79d6c2a391cc3249--staccato--1,,staccato,derive,n79d6c2a391cc3249
ecbd29bbc220ff9cf,md-1-58-1-1,dynamics,md,1
e0ce6bf5ea3cca228,md-1-58-1-2,dynamics,md,1
n5bf7f68589f44a6b--staccatissimo--1,,staccatissimo,derive,n5bf7f68589f44a6b
n5bf7f68589f44a6b--staccato--1,,staccato,derive,n5bf7f68589f44a6b
ne45a50f5f1a43e90--staccatissimo--1,,staccatissimo,derive,ne45a50f5f1a43e90
ne45a50f5f1a43e90--staccato--1,,staccato,derive,ne45a50f5f1a43e90
n788264c812f39e31--staccatissimo--1,,staccatissimo,derive,n788264c812f39e31
n788264c812f39e31--staccato--1,,staccato,derive,n788264c812f39e31
nbaa05097b3a5352c--staccatissimo--1,,staccatissimo,derive,nbaa05097b3a5352c
nbaa05097b3a5352c--staccato--1,,staccato,derive,nbaa05097b3a5352c
n5f730b7e307d8b26--staccatissimo--1,,staccatissimo,derive,n5f730b7e307d8b26
n5f730b7e307d8b26--staccato--1,,staccato,derive,n5f730b7e307d8b26
n54f6b521c28f8382--staccatissimo--1,,staccatissimo,derive,n54f6b521c28f8382
n54f6b521c28f8382--staccato--1,,staccato,derive,n54f6b521c28f8382
n202dcbdcf784fddf--staccatissimo--1,,staccatissimo,derive,n202dcbdcf784fddf
n202dcbdcf784fddf--staccato--1,,staccato,derive,n202dcbdcf784fddf
e171e81438e28059d,md-1-59-1-1,dynamics,md,1
n064447775a572986--trill-mark--1,,trill-mark,derive,n064447775a572986
n1758d94fc55a9260--trill-mark--1,,trill-mark,derive,n1758d94fc55a9260
n4bcbacb22de36b0d--staccatissimo--1,,staccatissimo,derive,n4bcbacb22de36b0d
n4bcbacb22de36b0d--staccato--1,,staccato,derive,n4bcbacb22de36b0d
n87a05ec88a0ee0f3--staccatissimo--1,,staccatissimo,derive,n87a05ec88a0ee0f3
n87a05ec88a0ee0f3--staccato--1,,staccato,derive,n87a05ec88a0ee0f3
nd661c87480f90227--staccatissimo--1,,staccatissimo,derive,nd661c87480f90227
nd661c87480f90227--staccato--1,,staccato,derive,nd661c87480f90227
n9ad09f89318eeaa5--staccatissimo--1,,staccatissimo,derive,n9ad09f89318eeaa5
n9ad09f89318eeaa5--staccato--1,,staccato,derive,n9ad09f89318eeaa5
nbce084c466e8cc83--staccatissimo--1,,staccatissimo,derive,nbce084c466e8cc83
nbce084c466e8cc83--staccato--1,,staccato,derive,nbce084c466e8cc83
n1161a4122a163e07--staccatissimo--1,,staccatissimo,derive,n1161a4122a163e07
n1161a4122a163e07--staccato--1,,staccato,derive,n1161a4122a163e07
nb3073807ce030545--staccatissimo--1,,staccatissimo,derive,nb3073807ce030545
nb3073807ce030545--staccato--1,,staccato,derive,nb3073807ce030545
e4131428315e39eb4,md-1-60-1-1,dynamics,md,1
efb7d188cc4030147,md-1-60-1-2,dynamics,md,1
n069dabc4cbbe79af--staccatissimo--1,,staccatissimo,derive,n069dabc4cbbe79af
n069dabc4cbbe79af--staccato--1,,staccato,derive,n069dabc4cbbe79af
n4689db611a4fb05b--slur--start--1,n767--slur--start--1,slur,stamp,n4689db611a4fb05b
n1291b4be909d567a--slur--stop--1,n769--slur--stop--1,slur,stamp,n1291b4be909d567a
ncc79bc3a036f1206--slur--start--1,n771--slur--start--1,slur,stamp,ncc79bc3a036f1206
nd35edf66c050be09--slur--stop--1,n773--slur--stop--1,slur,stamp,nd35edf66c050be09
n72f37454399c74a7--slur--start--1,n775--slur--start--1,slur,stamp,n72f37454399c74a7
n6fdb925985fb9241--slur--stop--1,n777--slur--stop--1,slur,stamp,n6fdb925985fb9241
nebeb56c4aa1bd6c0--slur--start--1,n778--slur--start--1,slur,stamp,nebeb56c4aa1bd6c0
neefb9252e6563722--slur--stop--1,n783--slur--stop--1,slur,stamp,neefb9252e6563722
e182235815bf939a9,md-1-61-1-1,dynamics,md,1
n1fa6a27ee77716e2--staccatissimo--1,,staccatissimo,derive,n1fa6a27ee77716e2
n1fa6a27ee77716e2--staccato--1,,staccato,derive,n1fa6a27ee77716e2
n8c89ba56a20d034f--slur--start--1,n785--slur--start--1,slur,stamp,n8c89ba56a20d034f
nddc89b585c815a9a--accent--1,,accent,derive,nddc89b585c815a9a
n43f033db0e968c43--slur--stop--1,n793--slur--stop--1,slur,stamp,n43f033db0e968c43
n43f033db0e968c43--staccatissimo--1,,staccatissimo,derive,n43f033db0e968c43
n43f033db0e968c43--staccato--1,,staccato,derive,n43f033db0e968c43
n0ee99b2c9a7fa160--slur--start--1,n794--slur--start--1,slur,stamp,n0ee99b2c9a7fa160
ne826e4f5fa664d12--accent--1,,accent,derive,ne826e4f5fa664d12
n6c20b5de032af3f7--slur--stop--1,n802--slur--stop--1,slur,stamp,n6c20b5de032af3f7
nf92839e839422706--slur--start--1,n803--slur--start--1,slur,stamp,nf92839e839422706
nb5c22481cf4b89e3--slur--stop--1,n805--slur--stop--1,slur,stamp,nb5c22481cf4b89e3
n3fdd0b43fe211055--staccatissimo--1,,staccatissimo,derive,n3fdd0b43fe211055
n3fdd0b43fe211055--staccato--1,,staccato,derive,n3fdd0b43fe211055
n74a30f9a5bc6f04c--staccatissimo--1,,staccatissimo,derive,n74a30f9a5bc6f04c
n74a30f9a5bc6f04c--staccato--1,,staccato,derive,n74a30f9a5bc6f04c
n30e55e7a879c6469--staccatissimo--1,,staccatissimo,derive,n30e55e7a879c6469
n30e55e7a879c6469--staccato--1,,staccato,derive,n30e55e7a879c6469
nb0c3cf3fcf45ad56--staccatissimo--1,,staccatissimo,derive,nb0c3cf3fcf45ad56
nb0c3cf3fcf45ad56--staccato--1,,staccato,derive,nb0c3cf3fcf45ad56
nad18dbd2ff842ee0--staccato--1,,staccato,derive,nad18dbd2ff842ee0
n09a3601de662e5c8--staccato--1,,staccato,derive,n09a3601de662e5c8
n0096e0c42eb4b076--staccato--1,,staccato,derive,n0096e0c42eb4b076
n9a0a0cfa3a7322f5--staccato--1,,staccato,derive,n9a0a0cfa3a7322f5
na9de864c0654d954--slur--start--1,n823--slur--start--1,slur,stamp,na9de864c0654d954
n313ba2899d9579f1--slur--stop--1,n824--slur--stop--1,slur,stamp,n313ba2899d9579f1
n313ba2899d9579f1--slur--start--2,n824--slur--start--2,slur,stamp,n313ba2899d9579f1
n948d2731fdd4725f--slur--stop--1,n827--slur--stop--1,slur,stamp,n948d2731fdd4725f
n71b00910257f73c7--slur--start--1,n828--slur--start--1,slur,stamp,n71b00910257f73c7
n82d20d58b1744524--slur--stop--1,n829--slur--stop--1,slur,stamp,n82d20d58b1744524
ee47fd2f1c138da23,md-1-65-1-1,dynamics,md,1
e2e5076ee4c472d21,md-1-65-1-2,dynamics,md,1
n79e0fc43534d3764--slur--start--1,n836--slur--start--1,slur,stamp,n79e0fc43534d3764
n5ac6968a36ad1873--accent--1,,accent,derive,n5ac6968a36ad1873
n77a78b595893e10f--slur--stop--1,n840--slur--stop--1,slur,stamp,n77a78b595893e10f
n142ddd8bed669e8a--slur--start--1,n843--slur--start--1,slur,stamp,n142ddd8bed669e8a
ncad1b47f101a4421--slur--start--1,n848--slur--start--1,slur,stamp,ncad1b47f101a4421
nea1ca71f8dd2eace--slur--stop--1,n852--slur--stop--1,slur,stamp,nea1ca71f8dd2eace
n1b0e0f2ba80f7851--slur--start--1,n854--slur--start--1,slur,stamp,n1b0e0f2ba80f7851
n2a28f76a66d8ef6b--slur--stop--1,n859--slur--stop--1,slur,stamp,n2a28f76a66d8ef6b
n2a28f76a66d8ef6b--slur--stop--2,n859--slur--stop--2,slur,stamp,n2a28f76a66d8ef6b
e3764baff7137642b,md-1-67-1-1,dynamics,md,1
n794c85391061f331--slur--start--1,n863--slur--start--1,slur,stamp,n794c85391061f331
nef26859656e08f42--slur--stop--1,n867--slur--stop--1,slur,stamp,nef26859656e08f42
n4916307390da6f6a--tie--1,,tie,derive,n4916307390da6f6a
n4916307390da6f6a--tied--start--1,n868--tied--start--1,tied,stamp,n4916307390da6f6a
n3f265fcac3431a93--tie--1,,tie,derive,n3f265fcac3431a93
n3f265fcac3431a93--tied--stop--1,n869--tied--stop--1,tied,stamp,n3f265fcac3431a93
n997e878b386626e7--tie--1,,tie,derive,n997e878b386626e7
n997e878b386626e7--tied--start--1,n871--tied--start--1,tied,stamp,n997e878b386626e7
nfb3e1c164255a3e0--tie--1,,tie,derive,nfb3e1c164255a3e0
nfb3e1c164255a3e0--tied--stop--1,n872--tied--stop--1,tied,stamp,nfb3e1c164255a3e0
ncef86d9f18e65328--slur--start--1,n875--slur--start--1,slur,stamp,ncef86d9f18e65328
n4e503d3113b01e22--slur--stop--1,n879--slur--stop--1,slur,stamp,n4e503d3113b01e22
n4e503d3113b01e22--staccatissimo--1,,staccatissimo,derive,n4e503d3113b01e22
n4e503d3113b01e22--staccato--1,,staccato,derive,n4e503d3113b01e22
n850becc2a65f2f62--staccatissimo--1,,staccatissimo,derive,n850becc2a65f2f62
n850becc2a65f2f62--staccato--1,,staccato,derive,n850becc2a65f2f62
ea1e8bc08a2cf9b36,md-1-70-1-1,words,md,1
eec28388f257b360a,md-1-70-1-2,dynamics,md,1
n45243a67ea6280af--slur--start--1,n911--slur--start--1,slur,stamp,n45243a67ea6280af
n818cae3b93519e2f--slur--stop--1,n913--slur--stop--1,slur,stamp,n818cae3b93519e2f
nc987b6f3eebed683--staccatissimo--1,,staccatissimo,derive,nc987b6f3eebed683
nc987b6f3eebed683--staccato--1,,staccato,derive,nc987b6f3eebed683
nc1821394b0fbfd90--staccatissimo--1,,staccatissimo,derive,nc1821394b0fbfd90
nc1821394b0fbfd90--staccato--1,,staccato,derive,nc1821394b0fbfd90
n13710ac4c8282d62--staccatissimo--1,,staccatissimo,derive,n13710ac4c8282d62
n13710ac4c8282d62--staccato--1,,staccato,derive,n13710ac4c8282d62
n21f619beea6b8d7a--staccatissimo--1,,staccatissimo,derive,n21f619beea6b8d7a
n21f619beea6b8d7a--staccato--1,,staccato,derive,n21f619beea6b8d7a
nf45664c40ad27480--slur--start--1,n948--slur--start--1,slur,stamp,nf45664c40ad27480
nd905ee053bc021cc--slur--stop--1,n950--slur--stop--1,slur,stamp,nd905ee053bc021cc
n92292bd46cc3e37a--staccatissimo--1,,staccatissimo,derive,n92292bd46cc3e37a
n92292bd46cc3e37a--staccato--1,,staccato,derive,n92292bd46cc3e37a
nd1840d49d83f1cad--staccatissimo--1,,staccatissimo,derive,nd1840d49d83f1cad
nd1840d49d83f1cad--staccato--1,,staccato,derive,nd1840d49d83f1cad
nac32f61aaefd2fc3--staccatissimo--1,,staccatissimo,derive,nac32f61aaefd2fc3
nac32f61aaefd2fc3--staccato--1,,staccato,derive,nac32f61aaefd2fc3
n9389295615fe08ce--staccatissimo--1,,staccatissimo,derive,n9389295615fe08ce
n9389295615fe08ce--staccato--1,,staccato,derive,n9389295615fe08ce
n1188b5e9d155dcad--staccatissimo--1,,staccatissimo,derive,n1188b5e9d155dcad
n1188b5e9d155dcad--staccato--1,,staccato,derive,n1188b5e9d155dcad
n6d0bad1a6e34d239--staccatissimo--1,,staccatissimo,derive,n6d0bad1a6e34d239
n6d0bad1a6e34d239--staccato--1,,staccato,derive,n6d0bad1a6e34d239
n481b9b7c360bc89c--staccatissimo--1,,staccatissimo,derive,n481b9b7c360bc89c
n481b9b7c360bc89c--staccato--1,,staccato,derive,n481b9b7c360bc89c
nd2dc63642e84dea7--staccatissimo--1,,staccatissimo,derive,nd2dc63642e84dea7
nd2dc63642e84dea7--staccato--1,,staccato,derive,nd2dc63642e84dea7
n17c520875e6eb5d6--staccatissimo--1,,staccatissimo,derive,n17c520875e6eb5d6
n17c520875e6eb5d6--staccato--1,,staccato,derive,n17c520875e6eb5d6
na36ac3d9d830f843--staccatissimo--1,,staccatissimo,derive,na36ac3d9d830f843
na36ac3d9d830f843--staccato--1,,staccato,derive,na36ac3d9d830f843
na6de7a10e23b8002--staccatissimo--1,,staccatissimo,derive,na6de7a10e23b8002
na6de7a10e23b8002--staccato--1,,staccato,derive,na6de7a10e23b8002
ne20cff4f3d78abbd--staccatissimo--1,,staccatissimo,derive,ne20cff4f3d78abbd
ne20cff4f3d78abbd--staccato--1,,staccato,derive,ne20cff4f3d78abbd
n9e4aecbbd24d2a4d--staccatissimo--1,,staccatissimo,derive,n9e4aecbbd24d2a4d
n9e4aecbbd24d2a4d--staccato--1,,staccato,derive,n9e4aecbbd24d2a4d
nf2a54529b81797a5--staccatissimo--1,,staccatissimo,derive,nf2a54529b81797a5
nf2a54529b81797a5--staccato--1,,staccato,derive,nf2a54529b81797a5
nbb11a2cecd51b410--slur--start--1,n1024--slur--start--1,slur,stamp,nbb11a2cecd51b410
naf1dcbfb2a0ac689--slur--stop--1,n1025--slur--stop--1,slur,stamp,naf1dcbfb2a0ac689
naf1dcbfb2a0ac689--slur--start--2,n1025--slur--start--2,slur,stamp,naf1dcbfb2a0ac689
ncf518b4dd643dd1d--slur--stop--1,n1028--slur--stop--1,slur,stamp,ncf518b4dd643dd1d
n600b92803822338b--staccatissimo--1,,staccatissimo,derive,n600b92803822338b
n600b92803822338b--staccato--1,,staccato,derive,n600b92803822338b
ne8de8e3500b68b33--staccatissimo--1,,staccatissimo,derive,ne8de8e3500b68b33
ne8de8e3500b68b33--staccato--1,,staccato,derive,ne8de8e3500b68b33
na08dd0bbbb1d3e02--staccatissimo--1,,staccatissimo,derive,na08dd0bbbb1d3e02
na08dd0bbbb1d3e02--staccato--1,,staccato,derive,na08dd0bbbb1d3e02
naf52dcf7957709f1--staccatissimo--1,,staccatissimo,derive,naf52dcf7957709f1
naf52dcf7957709f1--staccato--1,,staccato,derive,naf52dcf7957709f1
n28318aea3b46d6d5--staccatissimo--1,,staccatissimo,derive,n28318aea3b46d6d5
n28318aea3b46d6d5--staccato--1,,staccato,derive,n28318aea3b46d6d5
ne631b75345dcf85e--staccatissimo--1,,staccatissimo,derive,ne631b75345dcf85e
ne631b75345dcf85e--staccato--1,,staccato,derive,ne631b75345dcf85e
nbbd859e68ccef088--staccatissimo--1,,staccatissimo,derive,nbbd859e68ccef088
nbbd859e68ccef088--staccato--1,,staccato,derive,nbbd859e68ccef088
n3adeb929663a6b85--staccatissimo--1,,staccatissimo,derive,n3adeb929663a6b85
n3adeb929663a6b85--staccato--1,,staccato,derive,n3adeb929663a6b85
nd5e0c2d3abeb1dff--staccatissimo--1,,staccatissimo,derive,nd5e0c2d3abeb1dff
nd5e0c2d3abeb1dff--staccato--1,,staccato,derive,nd5e0c2d3abeb1dff
n78bfacb4761669d5--staccatissimo--1,,staccatissimo,derive,n78bfacb4761669d5
n78bfacb4761669d5--staccato--1,,staccato,derive,n78bfacb4761669d5
n71d96c7122e0e01b--staccatissimo--1,,staccatissimo,derive,n71d96c7122e0e01b
n71d96c7122e0e01b--staccato--1,,staccato,derive,n71d96c7122e0e01b
nc30e09144518fa01--staccatissimo--1,,staccatissimo,derive,nc30e09144518fa01
nc30e09144518fa01--staccato--1,,staccato,derive,nc30e09144518fa01
n6998084ec609df12--staccatissimo--1,,staccatissimo,derive,n6998084ec609df12
n6998084ec609df12--staccato--1,,staccato,derive,n6998084ec609df12
nf80abc207fb419b3--staccatissimo--1,,staccatissimo,derive,nf80abc207fb419b3
nf80abc207fb419b3--staccato--1,,staccato,derive,nf80abc207fb419b3
n43a8ae0984b27bd1--staccatissimo--1,,staccatissimo,derive,n43a8ae0984b27bd1
n43a8ae0984b27bd1--staccato--1,,staccato,derive,n43a8ae0984b27bd1
nf25f82124a9db095--staccatissimo--1,,staccatissimo,derive,nf25f82124a9db095
nf25f82124a9db095--staccato--1,,staccato,derive,nf25f82124a9db095
n098d556eddce718b--staccatissimo--1,,staccatissimo,derive,n098d556eddce718b
n098d556eddce718b--staccato--1,,staccato,derive,n098d556eddce718b
ndcfa193d4624daf1--staccatissimo--1,,staccatissimo,derive,ndcfa193d4624daf1
ndcfa193d4624daf1--staccato--1,,staccato,derive,ndcfa193d4624daf1
n9b495f7e6ebbfe91--staccatissimo--1,,staccatissimo,derive,n9b495f7e6ebbfe91
n9b495f7e6ebbfe91--staccato--1,,staccato,derive,n9b495f7e6ebbfe91
na6a14fbedd88b0fe--staccatissimo--1,,staccatissimo,derive,na6a14fbedd88b0fe
na6a14fbedd88b0fe--staccato--1,,staccato,derive,na6a14fbedd88b0fe
nec5ca966e2d8904c--staccatissimo--1,,staccatissimo,derive,nec5ca966e2d8904c
nec5ca966e2d8904c--staccato--1,,staccato,derive,nec5ca966e2d8904c
n0fa5bae9a4969cce--staccatissimo--1,,staccatissimo,derive,n0fa5bae9a4969cce
n0fa5bae9a4969cce--staccato--1,,staccato,derive,n0fa5bae9a4969cce
n132875366d8d47f4--slur--start--1,n1185--slur--start--1,slur,stamp,n132875366d8d47f4
n2718eebeb423e39b--slur--stop--1,n1187--slur--stop--1,slur,stamp,n2718eebeb423e39b
nc9c45f25e9d84d3b--staccatissimo--1,,staccatissimo,derive,nc9c45f25e9d84d3b
nc9c45f25e9d84d3b--staccato--1,,staccato,derive,nc9c45f25e9d84d3b
n7ba7942e3eeb6cba--staccatissimo--1,,staccatissimo,derive,n7ba7942e3eeb6cba
n7ba7942e3eeb6cba--staccato--1,,staccato,derive,n7ba7942e3eeb6cba
ncf8c72065a4b1154--staccatissimo--1,,staccatissimo,derive,ncf8c72065a4b1154
ncf8c72065a4b1154--staccato--1,,staccato,derive,ncf8c72065a4b1154
n32770df7697c04d1--staccatissimo--1,,staccatissimo,derive,n32770df7697c04d1
n32770df7697c04d1--staccato--1,,staccato,derive,n32770df7697c04d1
ne2d68881b47ef3f2--slur--start--1,n1227--slur--start--1,slur,stamp,ne2d68881b47ef3f2
nad8fb554bbebdee2--slur--stop--1,n1229--slur--stop--1,slur,stamp,nad8fb554bbebdee2
n59da3643e9089fc0--staccatissimo--1,,staccatissimo,derive,n59da3643e9089fc0
n59da3643e9089fc0--staccato--1,,staccato,derive,n59da3643e9089fc0
n5a6210f9fdc63500--staccatissimo--1,,staccatissimo,derive,n5a6210f9fdc63500
n5a6210f9fdc63500--staccato--1,,staccato,derive,n5a6210f9fdc63500
n4bd53a0f13d42c38--staccatissimo--1,,staccatissimo,derive,n4bd53a0f13d42c38
n4bd53a0f13d42c38--staccato--1,,staccato,derive,n4bd53a0f13d42c38
n7191fdca4479b259--staccatissimo--1,,staccatissimo,derive,n7191fdca4479b259
n7191fdca4479b259--staccato--1,,staccato,derive,n7191fdca4479b259
n298bffb9bcf61b9c--staccatissimo--1,,staccatissimo,derive,n298bffb9bcf61b9c
n298bffb9bcf61b9c--staccato--1,,staccato,derive,n298bffb9bcf61b9c
n5f511e663f53e6ae--staccatissimo--1,,staccatissimo,derive,n5f511e663f53e6ae
n5f511e663f53e6ae--staccato--1,,staccato,derive,n5f511e663f53e6ae
nf4bc29ee851450a3--staccatissimo--1,,staccatissimo,derive,nf4bc29ee851450a3
nf4bc29ee851450a3--staccato--1,,staccato,derive,nf4bc29ee851450a3
n8e732b6ed8735164--staccatissimo--1,,staccatissimo,derive,n8e732b6ed8735164
n8e732b6ed8735164--staccato--1,,staccato,derive,n8e732b6ed8735164
n82d65a7d9e120dd2--staccatissimo--1,,staccatissimo,derive,n82d65a7d9e120dd2
n82d65a7d9e120dd2--staccato--1,,staccato,derive,n82d65a7d9e120dd2
nc34f8e190d04dfe0--staccatissimo--1,,staccatissimo,derive,nc34f8e190d04dfe0
nc34f8e190d04dfe0--staccato--1,,staccato,derive,nc34f8e190d04dfe0
nb8131bccd42bba44--staccatissimo--1,,staccatissimo,derive,nb8131bccd42bba44
nb8131bccd42bba44--staccato--1,,staccato,derive,nb8131bccd42bba44
n13f152362d058996--staccatissimo--1,,staccatissimo,derive,n13f152362d058996
n13f152362d058996--staccato--1,,staccato,derive,n13f152362d058996
n12b17fc274e2b956--staccatissimo--1,,staccatissimo,derive,n12b17fc274e2b956
n12b17fc274e2b956--staccato--1,,staccato,derive,n12b17fc274e2b956
n799a178e90cdddea--staccatissimo--1,,staccatissimo,derive,n799a178e90cdddea
n799a178e90cdddea--staccato--1,,staccato,derive,n799a178e90cdddea
n33feb01f60ace4c9--slur--start--1,n1320--slur--start--1,slur,stamp,n33feb01f60ace4c9
n0c50e0d9a808e654--slur--stop--1,n1321--slur--stop--1,slur,stamp,n0c50e0d9a808e654
n0c50e0d9a808e654--slur--start--2,n1321--slur--start--2,slur,stamp,n0c50e0d9a808e654
n2e864db9774f4232--slur--stop--1,n1324--slur--stop--1,slur,stamp,n2e864db9774f4232
na289f101a0b195c9--staccatissimo--1,,staccatissimo,derive,na289f101a0b195c9
na289f101a0b195c9--staccato--1,,staccato,derive,na289f101a0b195c9
n3adc8413fbbe23cb--staccatissimo--1,,staccatissimo,derive,n3adc8413fbbe23cb
n3adc8413fbbe23cb--staccato--1,,staccato,derive,n3adc8413fbbe23cb
n0bfb28eb44db3cf0--staccatissimo--1,,staccatissimo,derive,n0bfb28eb44db3cf0
n0bfb28eb44db3cf0--staccato--1,,staccato,derive,n0bfb28eb44db3cf0
nd36ae9a70d8e0886--staccatissimo--1,,staccatissimo,derive,nd36ae9a70d8e0886
nd36ae9a70d8e0886--staccato--1,,staccato,derive,nd36ae9a70d8e0886
n932f784b38bfab54--staccatissimo--1,,staccatissimo,derive,n932f784b38bfab54
n932f784b38bfab54--staccato--1,,staccato,derive,n932f784b38bfab54
n3b37cc13f2edfb78--staccatissimo--1,,staccatissimo,derive,n3b37cc13f2edfb78
n3b37cc13f2edfb78--staccato--1,,staccato,derive,n3b37cc13f2edfb78
n923350ed58a7daba--staccatissimo--1,,staccatissimo,derive,n923350ed58a7daba
n923350ed58a7daba--staccato--1,,staccato,derive,n923350ed58a7daba
ne9fa6a71800a9b56--staccatissimo--1,,staccatissimo,derive,ne9fa6a71800a9b56
ne9fa6a71800a9b56--staccato--1,,staccato,derive,ne9fa6a71800a9b56
n47d101169cddf626--staccatissimo--1,,staccatissimo,derive,n47d101169cddf626
n47d101169cddf626--staccato--1,,staccato,derive,n47d101169cddf626
nd7c6bec62371e177--staccatissimo--1,,staccatissimo,derive,nd7c6bec62371e177
nd7c6bec62371e177--staccato--1,,staccato,derive,nd7c6bec62371e177
n2c93ca41514897dc--staccatissimo--1,,staccatissimo,derive,n2c93ca41514897dc
n2c93ca41514897dc--staccato--1,,staccato,derive,n2c93ca41514897dc
n4429f0291498715c--staccatissimo--1,,staccatissimo,derive,n4429f0291498715c
n4429f0291498715c--staccato--1,,staccato,derive,n4429f0291498715c
n4a139ee647160bf2--staccatissimo--1,,staccatissimo,derive,n4a139ee647160bf2
n4a139ee647160bf2--staccato--1,,staccato,derive,n4a139ee647160bf2
n5e082e1babbc3ec0--staccatissimo--1,,staccatissimo,derive,n5e082e1babbc3ec0
n5e082e1babbc3ec0--staccato--1,,staccato,derive,n5e082e1babbc3ec0
nf1ca5cde13478fa8--staccatissimo--1,,staccatissimo,derive,nf1ca5cde13478fa8
nf1ca5cde13478fa8--staccato--1,,staccato,derive,nf1ca5cde13478fa8
nb301362753c06672--staccatissimo--1,,staccatissimo,derive,nb301362753c06672
nb301362753c06672--staccato--1,,staccato,derive,nb301362753c06672
nd616d0828e2b4b4c--staccatissimo--1,,staccatissimo,derive,nd616d0828e2b4b4c
nd616d0828e2b4b4c--staccato--1,,staccato,derive,nd616d0828e2b4b4c
n06e02dda1d7a9ed5--staccatissimo--1,,staccatissimo,derive,n06e02dda1d7a9ed5
n06e02dda1d7a9ed5--staccato--1,,staccato,derive,n06e02dda1d7a9ed5
n48c477262db5b699--staccatissimo--1,,staccatissimo,derive,n48c477262db5b699
n48c477262db5b699--staccato--1,,staccato,derive,n48c477262db5b699
nff3dbd5e9169dfba--staccatissimo--1,,staccatissimo,derive,nff3dbd5e9169dfba
nff3dbd5e9169dfba--staccato--1,,staccato,derive,nff3dbd5e9169dfba
n8ed0a7ff44963b99--staccatissimo--1,,staccatissimo,derive,n8ed0a7ff44963b99
n8ed0a7ff44963b99--staccato--1,,staccato,derive,n8ed0a7ff44963b99
n7ea2248fcdd60245--staccatissimo--1,,staccatissimo,derive,n7ea2248fcdd60245
n7ea2248fcdd60245--staccato--1,,staccato,derive,n7ea2248fcdd60245
naf2c2dcd6ade551e--staccatissimo--1,,staccatissimo,derive,naf2c2dcd6ade551e
naf2c2dcd6ade551e--staccato--1,,staccato,derive,naf2c2dcd6ade551e
n9c9140e09e1d7b91--staccatissimo--1,,staccatissimo,derive,n9c9140e09e1d7b91
n9c9140e09e1d7b91--staccato--1,,staccato,derive,n9c9140e09e1d7b91
n3ef1f06bb820d018--staccatissimo--1,,staccatissimo,derive,n3ef1f06bb820d018
n3ef1f06bb820d018--staccato--1,,staccato,derive,n3ef1f06bb820d018
n2688d6ea64aaad36--staccatissimo--1,,staccatissimo,derive,n2688d6ea64aaad36
n2688d6ea64aaad36--staccato--1,,staccato,derive,n2688d6ea64aaad36
n812bd27a7a6b642e--staccatissimo--1,,staccatissimo,derive,n812bd27a7a6b642e
n812bd27a7a6b642e--staccato--1,,staccato,derive,n812bd27a7a6b642e
ned3523f8f1bb1b3d--staccatissimo--1,,staccatissimo,derive,ned3523f8f1bb1b3d
ned3523f8f1bb1b3d--staccato--1,,staccato,derive,ned3523f8f1bb1b3d
n4414cd9f7c4c9f97--staccatissimo--1,,staccatissimo,derive,n4414cd9f7c4c9f97
n4414cd9f7c4c9f97--staccato--1,,staccato,derive,n4414cd9f7c4c9f97
n855f7a4ee566fb45--staccatissimo--1,,staccatissimo,derive,n855f7a4ee566fb45
n855f7a4ee566fb45--staccato--1,,staccato,derive,n855f7a4ee566fb45
nf457532f16e5fc03--staccatissimo--1,,staccatissimo,derive,nf457532f16e5fc03
nf457532f16e5fc03--staccato--1,,staccato,derive,nf457532f16e5fc03
ncfcc95c1082fb531--staccatissimo--1,,staccatissimo,derive,ncfcc95c1082fb531
ncfcc95c1082fb531--staccato--1,,staccato,derive,ncfcc95c1082fb531
n0c4dbeea5c924506--slur--start--1,n1505--slur--start--1,slur,stamp,n0c4dbeea5c924506
e243fb1d3a52fd9d4,md-1-88-1-1,dynamics,md,1
nf84e19901f39702c--slur--stop--1,n1531--slur--stop--1,slur,stamp,nf84e19901f39702c
nf84e19901f39702c--staccatissimo--1,,staccatissimo,derive,nf84e19901f39702c
nf84e19901f39702c--staccato--1,,staccato,derive,nf84e19901f39702c
n298e96a4e3bdb23c--staccatissimo--1,,staccatissimo,derive,n298e96a4e3bdb23c
n298e96a4e3bdb23c--staccato--1,,staccato,derive,n298e96a4e3bdb23c
n947a1e1fb3ab8a4b--staccatissimo--1,,staccatissimo,derive,n947a1e1fb3ab8a4b
n947a1e1fb3ab8a4b--staccato--1,,staccato,derive,n947a1e1fb3ab8a4b
nccf73d12fa6ad9fc--staccatissimo--1,,staccatissimo,derive,nccf73d12fa6ad9fc
nccf73d12fa6ad9fc--staccato--1,,staccato,derive,nccf73d12fa6ad9fc
n1340776c7fe100e6--staccatissimo--1,,staccatissimo,derive,n1340776c7fe100e6
n1340776c7fe100e6--staccato--1,,staccato,derive,n1340776c7fe100e6
nfb471c4c6682dac7--staccatissimo--1,,staccatissimo,derive,nfb471c4c6682dac7
nfb471c4c6682dac7--staccato--1,,staccato,derive,nfb471c4c6682dac7
e5005c37f3e95e37c,md-1-89-1-1,dynamics,md,1
n75af04a776706d39--staccatissimo--1,,staccatissimo,derive,n75af04a776706d39
n75af04a776706d39--staccato--1,,staccato,derive,n75af04a776706d39
n0941318a7fedab8a--staccatissimo--1,,staccatissimo,derive,n0941318a7fedab8a
n0941318a7fedab8a--staccato--1,,staccato,derive,n0941318a7fedab8a
nf44bce42845914de--staccatissimo--1,,staccatissimo,derive,nf44bce42845914de
nf44bce42845914de--staccato--1,,staccato,derive,nf44bce42845914de
n2794d2b09f28fbfd--staccatissimo--1,,staccatissimo,derive,n2794d2b09f28fbfd
n2794d2b09f28fbfd--staccato--1,,staccato,derive,n2794d2b09f28fbfd
ndc45da870b7f2572--staccatissimo--1,,staccatissimo,derive,ndc45da870b7f2572
ndc45da870b7f2572--staccato--1,,staccato,derive,ndc45da870b7f2572
n5aa8bed016910afe--staccatissimo--1,,staccatissimo,derive,n5aa8bed016910afe
n5aa8bed016910afe--staccato--1,,staccato,derive,n5aa8bed016910afe
e4d153210d3394f53,md-1-90-1-1,dynamics,md,1
nb53182a8770894fa--staccatissimo--1,,staccatissimo,derive,nb53182a8770894fa
nb53182a8770894fa--staccato--1,,staccato,derive,nb53182a8770894fa
n0b4de4616ba5481a--staccatissimo--1,,staccatissimo,derive,n0b4de4616ba5481a
n0b4de4616ba5481a--staccato--1,,staccato,derive,n0b4de4616ba5481a
n47269a8e08b7c954--staccatissimo--1,,staccatissimo,derive,n47269a8e08b7c954
n47269a8e08b7c954--staccato--1,,staccato,derive,n47269a8e08b7c954
n2038afd5f4585f93--staccatissimo--1,,staccatissimo,derive,n2038afd5f4585f93
n2038afd5f4585f93--staccato--1,,staccato,derive,n2038afd5f4585f93
n681896086ef4723b--staccatissimo--1,,staccatissimo,derive,n681896086ef4723b
n681896086ef4723b--staccato--1,,staccato,derive,n681896086ef4723b
n2ee0536abe572bb1--staccatissimo--1,,staccatissimo,derive,n2ee0536abe572bb1
n2ee0536abe572bb1--staccato--1,,staccato,derive,n2ee0536abe572bb1
n19f74faf73a622ae--staccatissimo--1,,staccatissimo,derive,n19f74faf73a622ae
n19f74faf73a622ae--staccato--1,,staccato,derive,n19f74faf73a622ae
n463706dde2e27253--staccatissimo--1,,staccatissimo,derive,n463706dde2e27253
n463706dde2e27253--staccato--1,,staccato,derive,n463706dde2e27253
n6da9c24d630c760c--staccatissimo--1,,staccatissimo,derive,n6da9c24d630c760c
n6da9c24d630c760c--staccato--1,,staccato,derive,n6da9c24d630c760c
n955028f924dc8ab2--staccatissimo--1,,staccatissimo,derive,n955028f924dc8ab2
n955028f924dc8ab2--staccato--1,,staccato,derive,n955028f924dc8ab2
n8b50ba9fdf875cb1--staccatissimo--1,,staccatissimo,derive,n8b50ba9fdf875cb1
n8b50ba9fdf875cb1--staccato--1,,staccato,derive,n8b50ba9fdf875cb1
n02d78f09b8296419--slur--start--1,n1631--slur--start--1,slur,stamp,n02d78f09b8296419
ne5c0a11dd06a5288--slur--stop--1,n1632--slur--stop--1,slur,stamp,ne5c0a11dd06a5288
n0ab684ddf9556d5e--staccatissimo--1,,staccatissimo,derive,n0ab684ddf9556d5e
n0ab684ddf9556d5e--staccato--1,,staccato,derive,n0ab684ddf9556d5e
n15102524daad525e--staccatissimo--1,,staccatissimo,derive,n15102524daad525e
n15102524daad525e--staccato--1,,staccato,derive,n15102524daad525e
nf7b07b3252e8ac6a--staccatissimo--1,,staccatissimo,derive,nf7b07b3252e8ac6a
nf7b07b3252e8ac6a--staccato--1,,staccato,derive,nf7b07b3252e8ac6a
nf863488bc15cc031--staccatissimo--1,,staccatissimo,derive,nf863488bc15cc031
nf863488bc15cc031--staccato--1,,staccato,derive,nf863488bc15cc031
n8965ca1a44acaf88--staccatissimo--1,,staccatissimo,derive,n8965ca1a44acaf88
n8965ca1a44acaf88--staccato--1,,staccato,derive,n8965ca1a44acaf88
n0918e2217b3ee9f9--staccatissimo--1,,staccatissimo,derive,n0918e2217b3ee9f9
n0918e2217b3ee9f9--staccato--1,,staccato,derive,n0918e2217b3ee9f9
ec7fb1f6a98b413df,md-1-93-2-1,dynamics,md,2
n50dddd17fc688772--staccatissimo--1,,staccatissimo,derive,n50dddd17fc688772
n50dddd17fc688772--staccato--1,,staccato,derive,n50dddd17fc688772
n9fdd6073c088b643--staccatissimo--1,,staccatissimo,derive,n9fdd6073c088b643
n9fdd6073c088b643--staccato--1,,staccato,derive,n9fdd6073c088b643
n997b3fc8adc996e8--staccatissimo--1,,staccatissimo,derive,n997b3fc8adc996e8
n997b3fc8adc996e8--staccato--1,,staccato,derive,n997b3fc8adc996e8
n04e2413a7b4480c4--staccatissimo--1,,staccatissimo,derive,n04e2413a7b4480c4
n04e2413a7b4480c4--staccato--1,,staccato,derive,n04e2413a7b4480c4
n7393dd3566abb81c--staccatissimo--1,,staccatissimo,derive,n7393dd3566abb81c
n7393dd3566abb81c--staccato--1,,staccato,derive,n7393dd3566abb81c
n507d86b5e85ad573--slur--start--1,n1700--slur--start--1,slur,stamp,n507d86b5e85ad573
nf70aa7153609e2f6--slur--stop--1,n1701--slur--stop--1,slur,stamp,nf70aa7153609e2f6
ebe169998083ec9ec,md-1-94-1-1,dynamics,md,1
nca6d1c8cd5ecce26--staccatissimo--1,,staccatissimo,derive,nca6d1c8cd5ecce26
nca6d1c8cd5ecce26--staccato--1,,staccato,derive,nca6d1c8cd5ecce26
n28602ffcc3f315cb--staccatissimo--1,,staccatissimo,derive,n28602ffcc3f315cb
n28602ffcc3f315cb--staccato--1,,staccato,derive,n28602ffcc3f315cb
n209b9a286054e6db--staccatissimo--1,,staccatissimo,derive,n209b9a286054e6db
n209b9a286054e6db--staccato--1,,staccato,derive,n209b9a286054e6db
n66eadc92e894c3b0--staccatissimo--1,,staccatissimo,derive,n66eadc92e894c3b0
n66eadc92e894c3b0--staccato--1,,staccato,derive,n66eadc92e894c3b0
nae86ff68d5ca0d90--staccatissimo--1,,staccatissimo,derive,nae86ff68d5ca0d90
nae86ff68d5ca0d90--staccato--1,,staccato,derive,nae86ff68d5ca0d90
n1790186c202b05a0--staccatissimo--1,,staccatissimo,derive,n1790186c202b05a0
n1790186c202b05a0--staccato--1,,staccato,derive,n1790186c202b05a0
naef0b6c256881290--staccatissimo--1,,staccatissimo,derive,naef0b6c256881290
naef0b6c256881290--staccato--1,,staccato,derive,naef0b6c256881290
n85826fdee00172d2--staccatissimo--1,,staccatissimo,derive,n85826fdee00172d2
n85826fdee00172d2--staccato--1,,staccato,derive,n85826fdee00172d2
n24cc6e59656d03f0--staccatissimo--1,,staccatissimo,derive,n24cc6e59656d03f0
n24cc6e59656d03f0--staccato--1,,staccato,derive,n24cc6e59656d03f0
n847fac53e69609c7--staccatissimo--1,,staccatissimo,derive,n847fac53e69609c7
n847fac53e69609c7--staccato--1,,staccato,derive,n847fac53e69609c7
n1e919f96af189708--staccatissimo--1,,staccatissimo,derive,n1e919f96af189708
n1e919f96af189708--staccato--1,,staccato,derive,n1e919f96af189708
n8706168648f2a411--staccatissimo--1,,staccatissimo,derive,n8706168648f2a411
n8706168648f2a411--staccato--1,,staccato,derive,n8706168648f2a411
nfffc49bf207425d2--slur--start--1,n1811--slur--start--1,slur,stamp,nfffc49bf207425d2
n2799330a2c1fd61a--slur--stop--1,n1813--slur--stop--1,slur,stamp,n2799330a2c1fd61a
nae02737086bee906--staccatissimo--1,,staccatissimo,derive,nae02737086bee906
nae02737086bee906--staccato--1,,staccato,derive,nae02737086bee906
n883ccb28220182f7--staccatissimo--1,,staccatissimo,derive,n883ccb28220182f7
n883ccb28220182f7--staccato--1,,staccato,derive,n883ccb28220182f7
n2e193eca19a7261f--staccatissimo--1,,staccatissimo,derive,n2e193eca19a7261f
n2e193eca19a7261f--staccato--1,,staccato,derive,n2e193eca19a7261f
nff575211e4992441--staccatissimo--1,,staccatissimo,derive,nff575211e4992441
nff575211e4992441--staccato--1,,staccato,derive,nff575211e4992441
e856f352e8b08eb66,md-1-97-1-1,dynamics,md,1
n58b56cf13b6d6592--slur--start--1,n1859--slur--start--1,slur,stamp,n58b56cf13b6d6592
n8f81169348e0d76c--slur--stop--1,n1861--slur--stop--1,slur,stamp,n8f81169348e0d76c
nb2bf9a5bf1f0d999--staccatissimo--1,,staccatissimo,derive,nb2bf9a5bf1f0d999
nb2bf9a5bf1f0d999--staccato--1,,staccato,derive,nb2bf9a5bf1f0d999
n6d74aba2a18c0c35--staccatissimo--1,,staccatissimo,derive,n6d74aba2a18c0c35
n6d74aba2a18c0c35--staccato--1,,staccato,derive,n6d74aba2a18c0c35
n821396aafcd3cb24--staccatissimo--1,,staccatissimo,derive,n821396aafcd3cb24
n821396aafcd3cb24--staccato--1,,staccato,derive,n821396aafcd3cb24
nb56779a75baf7a6b--staccatissimo--1,,staccatissimo,derive,nb56779a75baf7a6b
nb56779a75baf7a6b--staccato--1,,staccato,derive,nb56779a75baf7a6b
n84679c802a92880b--staccatissimo--1,,staccatissimo,derive,n84679c802a92880b
n84679c802a92880b--staccato--1,,staccato,derive,n84679c802a92880b
na46d1121961fc456--staccatissimo--1,,staccatissimo,derive,na46d1121961fc456
na46d1121961fc456--staccato--1,,staccato,derive,na46d1121961fc456
n6da86ca6c28e9429--staccatissimo--1,,staccatissimo,derive,n6da86ca6c28e9429
n6da86ca6c28e9429--staccato--1,,staccato,derive,n6da86ca6c28e9429
n05063352e02159da--staccatissimo--1,,staccatissimo,derive,n05063352e02159da
n05063352e02159da--staccato--1,,staccato,derive,n05063352e02159da
n79131993e11245e9--staccatissimo--1,,staccatissimo,derive,n79131993e11245e9
n79131993e11245e9--staccato--1,,staccato,derive,n79131993e11245e9
neebb9d01fc03fb42--staccatissimo--1,,staccatissimo,derive,neebb9d01fc03fb42
neebb9d01fc03fb42--staccato--1,,staccato,derive,neebb9d01fc03fb42
n27572918d2bc3402--staccatissimo--1,,staccatissimo,derive,n27572918d2bc3402
n27572918d2bc3402--staccato--1,,staccato,derive,n27572918d2bc3402
n5f7b3a0964b85e27--staccatissimo--1,,staccatissimo,derive,n5f7b3a0964b85e27
n5f7b3a0964b85e27--staccato--1,,staccato,derive,n5f7b3a0964b85e27
nad37be03b9212a9f--staccatissimo--1,,staccatissimo,derive,nad37be03b9212a9f
nad37be03b9212a9f--staccato--1,,staccato,derive,nad37be03b9212a9f
n58a8003a33f42da7--staccatissimo--1,,staccatissimo,derive,n58a8003a33f42da7
n58a8003a33f42da7--staccato--1,,staccato,derive,n58a8003a33f42da7
n3a362f59563169a2--slur--start--1,n1958--slur--start--1,slur,stamp,n3a362f59563169a2
nab8a5d56f211a098--slur--stop--1,n1959--slur--stop--1,slur,stamp,nab8a5d56f211a098
nab8a5d56f211a098--slur--start--2,n1959--slur--start--2,slur,stamp,nab8a5d56f211a098
n05e64000253d72c8--slur--stop--1,n1962--slur--stop--1,slur,stamp,n05e64000253d72c8
ndfea666ee3c315aa--staccatissimo--1,,staccatissimo,derive,ndfea666ee3c315aa
ndfea666ee3c315aa--staccato--1,,staccato,derive,ndfea666ee3c315aa
n96f1e9226f29a7cd--staccatissimo--1,,staccatissimo,derive,n96f1e9226f29a7cd
n96f1e9226f29a7cd--staccato--1,,staccato,derive,n96f1e9226f29a7cd
ne5fbcd61bd610b0f--staccatissimo--1,,staccatissimo,derive,ne5fbcd61bd610b0f
ne5fbcd61bd610b0f--staccato--1,,staccato,derive,ne5fbcd61bd610b0f
n23870497a3ef46a8--staccatissimo--1,,staccatissimo,derive,n23870497a3ef46a8
n23870497a3ef46a8--staccato--1,,staccato,derive,n23870497a3ef46a8
naaef6305238cbfd1--staccatissimo--1,,staccatissimo,derive,naaef6305238cbfd1
naaef6305238cbfd1--staccato--1,,staccato,derive,naaef6305238cbfd1
n2eccfc4fc1e85fce--staccatissimo--1,,staccatissimo,derive,n2eccfc4fc1e85fce
n2eccfc4fc1e85fce--staccato--1,,staccato,derive,n2eccfc4fc1e85fce
nfbf3005688c21c6e--staccatissimo--1,,staccatissimo,derive,nfbf3005688c21c6e
nfbf3005688c21c6e--staccato--1,,staccato,derive,nfbf3005688c21c6e
n5a2f3b48975750ca--staccatissimo--1,,staccatissimo,derive,n5a2f3b48975750ca
n5a2f3b48975750ca--staccato--1,,staccato,derive,n5a2f3b48975750ca
nded9abdac0e6a124--staccatissimo--1,,staccatissimo,derive,nded9abdac0e6a124
nded9abdac0e6a124--staccato--1,,staccato,derive,nded9abdac0e6a124
n0ceaca3a0569a552--staccatissimo--1,,staccatissimo,derive,n0ceaca3a0569a552
n0ceaca3a0569a552--staccato--1,,staccato,derive,n0ceaca3a0569a552
n35c558c233b0e321--staccatissimo--1,,staccatissimo,derive,n35c558c233b0e321
n35c558c233b0e321--staccato--1,,staccato,derive,n35c558c233b0e321
neddae183a9360b59--staccatissimo--1,,staccatissimo,derive,neddae183a9360b59
neddae183a9360b59--staccato--1,,staccato,derive,neddae183a9360b59
n54749398e417abd6--staccatissimo--1,,staccatissimo,derive,n54749398e417abd6
n54749398e417abd6--staccato--1,,staccato,derive,n54749398e417abd6
n10976563da5ba9bd--staccatissimo--1,,staccatissimo,derive,n10976563da5ba9bd
n10976563da5ba9bd--staccato--1,,staccato,derive,n10976563da5ba9bd
n074e09402a7e3e93--staccatissimo--1,,staccatissimo,derive,n074e09402a7e3e93
n074e09402a7e3e93--staccato--1,,staccato,derive,n074e09402a7e3e93
nbe6fc52f42b2695f--staccatissimo--1,,staccatissimo,derive,nbe6fc52f42b2695f
nbe6fc52f42b2695f--staccato--1,,staccato,derive,nbe6fc52f42b2695f
n18eed1bb42e45531--staccatissimo--1,,staccatissimo,derive,n18eed1bb42e45531
n18eed1bb42e45531--staccato--1,,staccato,derive,n18eed1bb42e45531
n32011f9fdf6cea79--staccatissimo--1,,staccatissimo,derive,n32011f9fdf6cea79
n32011f9fdf6cea79--staccato--1,,staccato,derive,n32011f9fdf6cea79
ebda37901adf05546,md-1-103-1-1,dynamics,md,1
n992c1079ff3710d6--staccatissimo--1,,staccatissimo,derive,n992c1079ff3710d6
n992c1079ff3710d6--staccato--1,,staccato,derive,n992c1079ff3710d6
n436803adce6fdb81--staccatissimo--1,,staccatissimo,derive,n436803adce6fdb81
n436803adce6fdb81--staccato--1,,staccato,derive,n436803adce6fdb81
n36903f152d90eebf--tie--1,,tie,derive,n36903f152d90eebf
n36903f152d90eebf--tied--start--1,n2075--tied--start--1,tied,stamp,n36903f152d90eebf
e92af0c92729427df,md-1-105-1-1,words,md,1
ee064b4b17e0fb50c,md-1-105-1-2,dynamics,md,1
n927834c347d0f9ca--tie--1,,tie,derive,n927834c347d0f9ca
n927834c347d0f9ca--tied--stop--1,n2076--tied--stop--1,tied,stamp,n927834c347d0f9ca
n7e60f0f0c26940b8--tie--1,,tie,derive,n7e60f0f0c26940b8
n7e60f0f0c26940b8--tied--start--1,n2079--tied--start--1,tied,stamp,n7e60f0f0c26940b8
ned3be6b8c4523d14--staccatissimo--1,,staccatissimo,derive,ned3be6b8c4523d14
ned3be6b8c4523d14--staccato--1,,staccato,derive,ned3be6b8c4523d14
n75ca44ef824eb04c--staccatissimo--1,,staccatissimo,derive,n75ca44ef824eb04c
n75ca44ef824eb04c--staccato--1,,staccato,derive,n75ca44ef824eb04c
nc68c08c02ed268c9--staccatissimo--1,,staccatissimo,derive,nc68c08c02ed268c9
nc68c08c02ed268c9--staccato--1,,staccato,derive,nc68c08c02ed268c9
nf16cfe036d285b9c--tie--1,,tie,derive,nf16cfe036d285b9c
nf16cfe036d285b9c--tied--stop--1,n2086--tied--stop--1,tied,stamp,nf16cfe036d285b9c
ndafe98f419061a3c--tie--1,,tie,derive,ndafe98f419061a3c
ndafe98f419061a3c--tied--start--1,n2089--tied--start--1,tied,stamp,ndafe98f419061a3c
n66df219aa132b83d--staccatissimo--1,,staccatissimo,derive,n66df219aa132b83d
n66df219aa132b83d--staccato--1,,staccato,derive,n66df219aa132b83d
n09c2494207a77934--staccatissimo--1,,staccatissimo,derive,n09c2494207a77934
n09c2494207a77934--staccato--1,,staccato,derive,n09c2494207a77934
n1387f5c638cc9ec5--staccatissimo--1,,staccatissimo,derive,n1387f5c638cc9ec5
n1387f5c638cc9ec5--staccato--1,,staccato,derive,n1387f5c638cc9ec5
n87761c1b52b93683--tie--1,,tie,derive,n87761c1b52b93683
n87761c1b52b93683--tied--stop--1,n2096--tied--stop--1,tied,stamp,n87761c1b52b93683
naa76d526f91239ba--tie--1,,tie,derive,naa76d526f91239ba
naa76d526f91239ba--tied--start--1,n2099--tied--start--1,tied,stamp,naa76d526f91239ba
n193da633054bb872--staccatissimo--1,,staccatissimo,derive,n193da633054bb872
n193da633054bb872--staccato--1,,staccato,derive,n193da633054bb872
nc49be91f49fcd229--staccatissimo--1,,staccatissimo,derive,nc49be91f49fcd229
nc49be91f49fcd229--staccato--1,,staccato,derive,nc49be91f49fcd229
n454a3e40d27417a0--staccatissimo--1,,staccatissimo,derive,n454a3e40d27417a0
n454a3e40d27417a0--staccato--1,,staccato,derive,n454a3e40d27417a0
n581f626009a6ad71--tie--1,,tie,derive,n581f626009a6ad71
n581f626009a6ad71--tied--stop--1,n2106--tied--stop--1,tied,stamp,n581f626009a6ad71
na4a98d32826fa32f--tie--1,,tie,derive,na4a98d32826fa32f
na4a98d32826fa32f--tied--start--1,n2109--tied--start--1,tied,stamp,na4a98d32826fa32f
nc4bcbeeaed62d2c5--staccato--1,,staccato,derive,nc4bcbeeaed62d2c5
n35df6a88432eeb23--staccato--1,,staccato,derive,n35df6a88432eeb23
n036c8563ea99b308--staccato--1,,staccato,derive,n036c8563ea99b308
n7b55e77e1763b723--tie--1,,tie,derive,n7b55e77e1763b723
n7b55e77e1763b723--tied--stop--1,n2116--tied--stop--1,tied,stamp,n7b55e77e1763b723
n8f8113c9bdaac780--tie--1,,tie,derive,n8f8113c9bdaac780
n8f8113c9bdaac780--tied--start--1,n2119--tied--start--1,tied,stamp,n8f8113c9bdaac780
n52234dffa7756565--staccato--1,,staccato,derive,n52234dffa7756565
ndcf22cf02c1ef503--staccato--1,,staccato,derive,ndcf22cf02c1ef503
nf33c479d416909fa--staccato--1,,staccato,derive,nf33c479d416909fa
e0ac1ec4c99b14501,md-1-110-1-1,dynamics,md,1
n43bb0dd2bc64e487--tie--1,,tie,derive,n43bb0dd2bc64e487
n43bb0dd2bc64e487--tied--stop--1,n2128--tied--stop--1,tied,stamp,n43bb0dd2bc64e487
n36dd9051ce05e60d--tie--1,,tie,derive,n36dd9051ce05e60d
n36dd9051ce05e60d--tied--start--1,n2131--tied--start--1,tied,stamp,n36dd9051ce05e60d
n6a1fbfd962ea29ba--staccato--1,,staccato,derive,n6a1fbfd962ea29ba
n08044e673c91ceac--staccato--1,,staccato,derive,n08044e673c91ceac
n87f3a7a5689dbeb4--staccato--1,,staccato,derive,n87f3a7a5689dbeb4
nb5fa161c6c9e91a3--tie--1,,tie,derive,nb5fa161c6c9e91a3
nb5fa161c6c9e91a3--tied--stop--1,n2138--tied--stop--1,tied,stamp,nb5fa161c6c9e91a3
nc896ce57ef5bed5a--tie--1,,tie,derive,nc896ce57ef5bed5a
nc896ce57ef5bed5a--tied--start--1,n2141--tied--start--1,tied,stamp,nc896ce57ef5bed5a
n0ff966de52be88c7--staccato--1,,staccato,derive,n0ff966de52be88c7
n5f19c92748a23efb--staccato--1,,staccato,derive,n5f19c92748a23efb
nd1c8f4ff91033557--staccato--1,,staccato,derive,nd1c8f4ff91033557
ebad38430efb648f0,md-1-112-1-1,dynamics,md,1
n7bc7ae89afb532e1--tie--1,,tie,derive,n7bc7ae89afb532e1
n7bc7ae89afb532e1--tied--stop--1,n2148--tied--stop--1,tied,stamp,n7bc7ae89afb532e1
n40ab58062dd78545--tie--1,,tie,derive,n40ab58062dd78545
n40ab58062dd78545--tied--start--1,n2151--tied--start--1,tied,stamp,n40ab58062dd78545
n61d698768f0f532b--tie--1,,tie,derive,n61d698768f0f532b
n61d698768f0f532b--tied--start--1,n2153--tied--start--1,tied,stamp,n61d698768f0f532b
e408a7e93866d642c,md-1-113-1-1,wedge,md,1
e8187f3827a187f64,md-1-113-1-2,wedge,md,1
e8caa765ce97ba89e,md-1-113-1-3,dynamics,md,1
ed5fd4f8fe023baf9,md-1-113-2-1,dynamics,md,2
n1babf6dd92ac4b25--tie--1,,tie,derive,n1babf6dd92ac4b25
n1babf6dd92ac4b25--tied--stop--1,n2158--tied--stop--1,tied,stamp,n1babf6dd92ac4b25
ne2b2d89e5e75ab69--tie--1,,tie,derive,ne2b2d89e5e75ab69
ne2b2d89e5e75ab69--tied--start--1,n2161--tied--start--1,tied,stamp,ne2b2d89e5e75ab69
nf455b739722d6e9c--tie--1,,tie,derive,nf455b739722d6e9c
nf455b739722d6e9c--tied--stop--1,n2162--tied--stop--1,tied,stamp,nf455b739722d6e9c
nf773eacaeec0f870--tie--1,,tie,derive,nf773eacaeec0f870
nf773eacaeec0f870--tied--start--1,n2165--tied--start--1,tied,stamp,nf773eacaeec0f870
n14bd6c57fcd765fe--staccatissimo--1,,staccatissimo,derive,n14bd6c57fcd765fe
n14bd6c57fcd765fe--staccato--1,,staccato,derive,n14bd6c57fcd765fe
n498a90cb0d417124--staccatissimo--1,,staccatissimo,derive,n498a90cb0d417124
n498a90cb0d417124--staccato--1,,staccato,derive,n498a90cb0d417124
nf47c433a4bec6015--staccatissimo--1,,staccatissimo,derive,nf47c433a4bec6015
nf47c433a4bec6015--staccato--1,,staccato,derive,nf47c433a4bec6015
ed7e0ef70dd9eda23,md-1-114-2-1,dynamics,md,2
n4841feade6672358--tie--1,,tie,derive,n4841feade6672358
n4841feade6672358--tied--stop--1,n2171--tied--stop--1,tied,stamp,n4841feade6672358
ne29b5eeb8f246cd0--tie--1,,tie,derive,ne29b5eeb8f246cd0
ne29b5eeb8f246cd0--tied--start--1,n2174--tied--start--1,tied,stamp,ne29b5eeb8f246cd0
n2b96875daa683e48--tie--1,,tie,derive,n2b96875daa683e48
n2b96875daa683e48--tied--stop--1,n2175--tied--stop--1,tied,stamp,n2b96875daa683e48
n12352a05f888b18b--tie--1,,tie,derive,n12352a05f888b18b
n12352a05f888b18b--tied--start--1,n2178--tied--start--1,tied,stamp,n12352a05f888b18b
n4e01a8c7a551984a--staccatissimo--1,,staccatissimo,derive,n4e01a8c7a551984a
n4e01a8c7a551984a--staccato--1,,staccato,derive,n4e01a8c7a551984a
n697d329c9117f692--staccatissimo--1,,staccatissimo,derive,n697d329c9117f692
n697d329c9117f692--staccato--1,,staccato,derive,n697d329c9117f692
n2fccbd1b108bc2c0--staccatissimo--1,,staccatissimo,derive,n2fccbd1b108bc2c0
n2fccbd1b108bc2c0--staccato--1,,staccato,derive,n2fccbd1b108bc2c0
ef15b93115746c039,md-1-115-2-1,dynamics,md,2
n5497d829d915c8b3--tie--1,,tie,derive,n5497d829d915c8b3
n5497d829d915c8b3--tied--stop--1,n2184--tied--stop--1,tied,stamp,n5497d829d915c8b3
n0c725e856628f6fe--tie--1,,tie,derive,n0c725e856628f6fe
n0c725e856628f6fe--tied--start--1,n2187--tied--start--1,tied,stamp,n0c725e856628f6fe
n128ab09a25a48a69--tie--1,,tie,derive,n128ab09a25a48a69
n128ab09a25a48a69--tied--stop--1,n2188--tied--stop--1,tied,stamp,n128ab09a25a48a69
n42e986c430b19ec5--tie--1,,tie,derive,n42e986c430b19ec5
n42e986c430b19ec5--tied--start--1,n2191--tied--start--1,tied,stamp,n42e986c430b19ec5
ncba1d17212524aed--staccatissimo--1,,staccatissimo,derive,ncba1d17212524aed
ncba1d17212524aed--staccato--1,,staccato,derive,ncba1d17212524aed
n8fca24c8a1d5911f--staccatissimo--1,,staccatissimo,derive,n8fca24c8a1d5911f
n8fca24c8a1d5911f--staccato--1,,staccato,derive,n8fca24c8a1d5911f
ne2a71e026272b7ec--staccatissimo--1,,staccatissimo,derive,ne2a71e026272b7ec
ne2a71e026272b7ec--staccato--1,,staccato,derive,ne2a71e026272b7ec
e2ea4729b0d806a98,md-1-116-2-1,dynamics,md,2
n73931548ac1ae4bf--tie--1,,tie,derive,n73931548ac1ae4bf
n73931548ac1ae4bf--tied--stop--1,n2197--tied--stop--1,tied,stamp,n73931548ac1ae4bf
n6283b379032cc4cc--tie--1,,tie,derive,n6283b379032cc4cc
n6283b379032cc4cc--tied--start--1,n2200--tied--start--1,tied,stamp,n6283b379032cc4cc
n66c29e0997a0d9ed--tie--1,,tie,derive,n66c29e0997a0d9ed
n66c29e0997a0d9ed--tied--stop--1,n2201--tied--stop--1,tied,stamp,n66c29e0997a0d9ed
n78180dff4f2c6872--tie--1,,tie,derive,n78180dff4f2c6872
n78180dff4f2c6872--tied--start--1,n2204--tied--start--1,tied,stamp,n78180dff4f2c6872
ndc673034b0900b3a--staccatissimo--1,,staccatissimo,derive,ndc673034b0900b3a
ndc673034b0900b3a--staccato--1,,staccato,derive,ndc673034b0900b3a
n848f01bff2256f3b--staccatissimo--1,,staccatissimo,derive,n848f01bff2256f3b
n848f01bff2256f3b--staccato--1,,staccato,derive,n848f01bff2256f3b
n27f3fca9e0a62078--staccatissimo--1,,staccatissimo,derive,n27f3fca9e0a62078
n27f3fca9e0a62078--staccato--1,,staccato,derive,n27f3fca9e0a62078
e40f8fe07b089bd7f,md-1-117-2-1,dynamics,md,2
ne4569bad444c0391--tie--1,,tie,derive,ne4569bad444c0391
ne4569bad444c0391--tied--stop--1,n2210--tied--stop--1,tied,stamp,ne4569bad444c0391
nafeb3d26806a708e--tie--1,,tie,derive,nafeb3d26806a708e
nafeb3d26806a708e--tied--start--1,n2213--tied--start--1,tied,stamp,nafeb3d26806a708e
n1e8ad65f719bb931--tie--1,,tie,derive,n1e8ad65f719bb931
n1e8ad65f719bb931--tied--stop--1,n2214--tied--stop--1,tied,stamp,n1e8ad65f719bb931
n49e4b13386b14093--tie--1,,tie,derive,n49e4b13386b14093
n49e4b13386b14093--tied--start--1,n2217--tied--start--1,tied,stamp,n49e4b13386b14093
n10d1ce2f861de217--staccatissimo--1,,staccatissimo,derive,n10d1ce2f861de217
n10d1ce2f861de217--staccato--1,,staccato,derive,n10d1ce2f861de217
nb09da3f7da4142af--staccatissimo--1,,staccatissimo,derive,nb09da3f7da4142af
nb09da3f7da4142af--staccato--1,,staccato,derive,nb09da3f7da4142af
ne1f63bcf8011d265--staccatissimo--1,,staccatissimo,derive,ne1f63bcf8011d265
ne1f63bcf8011d265--staccato--1,,staccato,derive,ne1f63bcf8011d265
e634844ec9ba2ee20,md-1-118-1-1,dynamics,md,1
e226ca4d852195380,md-1-118-2-1,dynamics,md,2
n507da352f8c149f1--tie--1,,tie,derive,n507da352f8c149f1
n507da352f8c149f1--tied--stop--1,n2225--tied--stop--1,tied,stamp,n507da352f8c149f1
n61f239056a20cac8--tie--1,,tie,derive,n61f239056a20cac8
n61f239056a20cac8--tied--start--1,n2228--tied--start--1,tied,stamp,n61f239056a20cac8
n43e479207b5b4462--tie--1,,tie,derive,n43e479207b5b4462
n43e479207b5b4462--tied--stop--1,n2229--tied--stop--1,tied,stamp,n43e479207b5b4462
na39f7fc8c0110001--tie--1,,tie,derive,na39f7fc8c0110001
na39f7fc8c0110001--tied--start--1,n2232--tied--start--1,tied,stamp,na39f7fc8c0110001
n95ca4c36539bd618--staccatissimo--1,,staccatissimo,derive,n95ca4c36539bd618
n95ca4c36539bd618--staccato--1,,staccato,derive,n95ca4c36539bd618
nc35586e4196c9dd5--staccatissimo--1,,staccatissimo,derive,nc35586e4196c9dd5
nc35586e4196c9dd5--staccato--1,,staccato,derive,nc35586e4196c9dd5
n509180bf42ff2796--staccatissimo--1,,staccatissimo,derive,n509180bf42ff2796
n509180bf42ff2796--staccato--1,,staccato,derive,n509180bf42ff2796
e4f50b32c2cd1a5a3,md-1-119-2-1,dynamics,md,2
nfce6dfc0d7102512--tie--1,,tie,derive,nfce6dfc0d7102512
nfce6dfc0d7102512--tied--stop--1,n2239--tied--stop--1,tied,stamp,nfce6dfc0d7102512
ncbd861f40005e28b--tie--1,,tie,derive,ncbd861f40005e28b
ncbd861f40005e28b--tied--stop--1,n2243--tied--stop--1,tied,stamp,ncbd861f40005e28b
n58781049b4076879--staccatissimo--1,,staccatissimo,derive,n58781049b4076879
n58781049b4076879--staccato--1,,staccato,derive,n58781049b4076879
ne6cea6a93d885e8c--staccatissimo--1,,staccatissimo,derive,ne6cea6a93d885e8c
ne6cea6a93d885e8c--staccato--1,,staccato,derive,ne6cea6a93d885e8c
n6874e3e7abb1c332--staccatissimo--1,,staccatissimo,derive,n6874e3e7abb1c332
n6874e3e7abb1c332--staccato--1,,staccato,derive,n6874e3e7abb1c332
ee7acd9eef8b825d1,md-1-120-1-1,dynamics,md,1
eabac9c7d185fa91d,md-1-120-1-2,wedge,md,1
ef6b74c3841e5127e,md-1-120-1-3,wedge,md,1
n74e00cd1f31f8171--tie--1,,tie,derive,n74e00cd1f31f8171
n74e00cd1f31f8171--tied--start--1,n2260--tied--start--1,tied,stamp,n74e00cd1f31f8171
ndea5190dad0c0a9f--staccatissimo--1,,staccatissimo,derive,ndea5190dad0c0a9f
ndea5190dad0c0a9f--staccato--1,,staccato,derive,ndea5190dad0c0a9f
na4a1cae28a1ba82f--staccatissimo--1,,staccatissimo,derive,na4a1cae28a1ba82f
na4a1cae28a1ba82f--staccato--1,,staccato,derive,na4a1cae28a1ba82f
ee3b9da96d8361a05,md-1-121-1-1,dynamics,md,1
eb8889c6120648b6d,md-1-121-1-2,dynamics,md,1
n68e82026e037e55e--tie--1,,tie,derive,n68e82026e037e55e
n68e82026e037e55e--tied--stop--1,n2265--tied--stop--1,tied,stamp,n68e82026e037e55e
n2f0d918ca8f7f1b3--tie--1,,tie,derive,n2f0d918ca8f7f1b3
n2f0d918ca8f7f1b3--tied--start--1,n2268--tied--start--1,tied,stamp,n2f0d918ca8f7f1b3
n18fd63942a08dfaf--tie--1,,tie,derive,n18fd63942a08dfaf
n18fd63942a08dfaf--tied--start--1,n2270--tied--start--1,tied,stamp,n18fd63942a08dfaf
n93040de1c736f231--slur--start--1,n2272--slur--start--1,slur,stamp,n93040de1c736f231
e48036886ca60b81f,md-1-122-1-1,dynamics,md,1
nad85d820451ceb76--tie--1,,tie,derive,nad85d820451ceb76
nad85d820451ceb76--tied--start--1,n2275--tied--start--1,tied,stamp,nad85d820451ceb76
n7107f05b0d5f218f--tie--1,,tie,derive,n7107f05b0d5f218f
n7107f05b0d5f218f--tied--stop--1,n2276--tied--stop--1,tied,stamp,n7107f05b0d5f218f
ne0faba28e563ad8b--tie--1,,tie,derive,ne0faba28e563ad8b
ne0faba28e563ad8b--tied--stop--1,n2277--tied--stop--1,tied,stamp,ne0faba28e563ad8b
ne0faba28e563ad8b--slur--start--1,n2277--slur--start--1,slur,stamp,ne0faba28e563ad8b
n512db6abd29fd3b6--slur--stop--1,n2278--slur--stop--1,slur,stamp,n512db6abd29fd3b6
nd1ce4f66e96c866f--slur--stop--1,n2281--slur--stop--1,slur,stamp,nd1ce4f66e96c866f
e2cee36850800193f,md-1-123-1-1,dynamics,md,1
n610d6782ac1eee53--tie--1,,tie,derive,n610d6782ac1eee53
n610d6782ac1eee53--tied--stop--1,n2283--tied--stop--1,tied,stamp,n610d6782ac1eee53
ne596bca673e3a962--tie--1,,tie,derive,ne596bca673e3a962
ne596bca673e3a962--tied--start--1,n2286--tied--start--1,tied,stamp,ne596bca673e3a962
n00cdaa3c22122f62--tie--1,,tie,derive,n00cdaa3c22122f62
n00cdaa3c22122f62--tied--start--1,n2288--tied--start--1,tied,stamp,n00cdaa3c22122f62
n714189068926c7e6--slur--start--1,n2290--slur--start--1,slur,stamp,n714189068926c7e6
e8bf91f4079626fc5,md-1-124-1-1,dynamics,md,1
ne0f18c4adfc080fb--staccatissimo--1,,staccatissimo,derive,ne0f18c4adfc080fb
ne0f18c4adfc080fb--staccato--1,,staccato,derive,ne0f18c4adfc080fb
n779bc5a5ea1c5106--tie--1,,tie,derive,n779bc5a5ea1c5106
n779bc5a5ea1c5106--tied--start--1,n2295--tied--start--1,tied,stamp,n779bc5a5ea1c5106
n2b259f838e4a4691--tie--1,,tie,derive,n2b259f838e4a4691
n2b259f838e4a4691--tied--start--1,n2296--tied--start--1,tied,stamp,n2b259f838e4a4691
nb658867400a875b8--tie--1,,tie,derive,nb658867400a875b8
nb658867400a875b8--tied--stop--1,n2297--tied--stop--1,tied,stamp,nb658867400a875b8
n693701cb5133f3ea--tie--1,,tie,derive,n693701cb5133f3ea
n693701cb5133f3ea--tied--stop--1,n2298--tied--stop--1,tied,stamp,n693701cb5133f3ea
n693701cb5133f3ea--slur--start--1,n2298--slur--start--1,slur,stamp,n693701cb5133f3ea
n95badf9a9e92c2ef--slur--stop--1,n2299--slur--stop--1,slur,stamp,n95badf9a9e92c2ef
n8edc85c8f3fcb64a--slur--stop--1,n2301--slur--stop--1,slur,stamp,n8edc85c8f3fcb64a
e306613a58f00c73d,md-1-125-1-1,dynamics,md,1
n5f9ba2487f663a8b--tie--1,,tie,derive,n5f9ba2487f663a8b
n5f9ba2487f663a8b--tied--stop--1,n2303--tied--stop--1,tied,stamp,n5f9ba2487f663a8b
n8e286fd8123ef96b--tie--1,,tie,derive,n8e286fd8123ef96b
n8e286fd8123ef96b--tied--stop--1,n2304--tied--stop--1,tied,stamp,n8e286fd8123ef96b
n710b20dd053bc0ba--staccatissimo--1,,staccatissimo,derive,n710b20dd053bc0ba
n710b20dd053bc0ba--staccato--1,,staccato,derive,n710b20dd053bc0ba
n2928a77c4e010f58--tie--1,,tie,derive,n2928a77c4e010f58
n2928a77c4e010f58--tied--start--1,n2311--tied--start--1,tied,stamp,n2928a77c4e010f58
n027a89e896f90dcb--tie--1,,tie,derive,n027a89e896f90dcb
n027a89e896f90dcb--tied--start--1,n2312--tied--start--1,tied,stamp,n027a89e896f90dcb
n571ce9e5a0f06538--staccatissimo--1,,staccatissimo,derive,n571ce9e5a0f06538
n571ce9e5a0f06538--staccato--1,,staccato,derive,n571ce9e5a0f06538
n4d7ccac0ca849b3c--staccatissimo--1,,staccatissimo,derive,n4d7ccac0ca849b3c
n4d7ccac0ca849b3c--staccato--1,,staccato,derive,n4d7ccac0ca849b3c
n2cf2610db9aaa096--staccatissimo--1,,staccatissimo,derive,n2cf2610db9aaa096
n2cf2610db9aaa096--staccato--1,,staccato,derive,n2cf2610db9aaa096
e9d27eafa42b15fc4,md-1-126-1-1,dynamics,md,1
nc3aa52a5042b0122--tie--1,,tie,derive,nc3aa52a5042b0122
nc3aa52a5042b0122--tied--stop--1,n2318--tied--stop--1,tied,stamp,nc3aa52a5042b0122
n4a767c9dbf837e65--tie--1,,tie,derive,n4a767c9dbf837e65
n4a767c9dbf837e65--tied--stop--1,n2319--tied--stop--1,tied,stamp,n4a767c9dbf837e65
n0b983990e83de6f7--staccatissimo--1,,staccatissimo,derive,n0b983990e83de6f7
n0b983990e83de6f7--staccato--1,,staccato,derive,n0b983990e83de6f7
nac424e18ef72f28a--tie--1,,tie,derive,nac424e18ef72f28a
nac424e18ef72f28a--tied--start--1,n2326--tied--start--1,tied,stamp,nac424e18ef72f28a
n512eeb1466c7e6fc--tie--1,,tie,derive,n512eeb1466c7e6fc
n512eeb1466c7e6fc--tied--start--1,n2327--tied--start--1,tied,stamp,n512eeb1466c7e6fc
n5f72359835e1eb9f--staccatissimo--1,,staccatissimo,derive,n5f72359835e1eb9f
n5f72359835e1eb9f--staccato--1,,staccato,derive,n5f72359835e1eb9f
n5f8ffbeaac01f377--staccatissimo--1,,staccatissimo,derive,n5f8ffbeaac01f377
n5f8ffbeaac01f377--staccato--1,,staccato,derive,n5f8ffbeaac01f377
n251e7c31808c9d72--staccatissimo--1,,staccatissimo,derive,n251e7c31808c9d72
n251e7c31808c9d72--staccato--1,,staccato,derive,n251e7c31808c9d72
e78aac28af1d53b91,md-1-127-1-1,dynamics,md,1
ne12e6567f479e7df--tie--1,,tie,derive,ne12e6567f479e7df
ne12e6567f479e7df--tied--stop--1,n2333--tied--stop--1,tied,stamp,ne12e6567f479e7df
n95391b8933e0e770--tie--1,,tie,derive,n95391b8933e0e770
n95391b8933e0e770--tied--stop--1,n2334--tied--stop--1,tied,stamp,n95391b8933e0e770
n39a3c359cb2aaa8a--staccatissimo--1,,staccatissimo,derive,n39a3c359cb2aaa8a
n39a3c359cb2aaa8a--staccato--1,,staccato,derive,n39a3c359cb2aaa8a
nbaa9c61f0e0ba1c3--tie--1,,tie,derive,nbaa9c61f0e0ba1c3
nbaa9c61f0e0ba1c3--tied--start--1,n2341--tied--start--1,tied,stamp,nbaa9c61f0e0ba1c3
nc79f028618536936--tie--1,,tie,derive,nc79f028618536936
nc79f028618536936--tied--start--1,n2342--tied--start--1,tied,stamp,nc79f028618536936
ne5b516a40598367c--staccatissimo--1,,staccatissimo,derive,ne5b516a40598367c
ne5b516a40598367c--staccato--1,,staccato,derive,ne5b516a40598367c
n07255018a513bb32--staccatissimo--1,,staccatissimo,derive,n07255018a513bb32
n07255018a513bb32--staccato--1,,staccato,derive,n07255018a513bb32
ndcc4d90895a62297--staccatissimo--1,,staccatissimo,derive,ndcc4d90895a62297
ndcc4d90895a62297--staccato--1,,staccato,derive,ndcc4d90895a62297
e4e20a0beb73b3a78,md-1-128-1-1,dynamics,md,1
nf0ab005305ff13d7--tie--1,,tie,derive,nf0ab005305ff13d7
nf0ab005305ff13d7--tied--stop--1,n2348--tied--stop--1,tied,stamp,nf0ab005305ff13d7
n849c4bd037615f03--tie--1,,tie,derive,n849c4bd037615f03
n849c4bd037615f03--tied--stop--1,n2349--tied--stop--1,tied,stamp,n849c4bd037615f03
n5eed32d8cc60f39f--staccatissimo--1,,staccatissimo,derive,n5eed32d8cc60f39f
n5eed32d8cc60f39f--staccato--1,,staccato,derive,n5eed32d8cc60f39f
n9b6028af68140f5e--tie--1,,tie,derive,n9b6028af68140f5e
n9b6028af68140f5e--tied--start--1,n2356--tied--start--1,tied,stamp,n9b6028af68140f5e
nd092207748b77c94--tie--1,,tie,derive,nd092207748b77c94
nd092207748b77c94--tied--start--1,n2357--tied--start--1,tied,stamp,nd092207748b77c94
n45ef9f74a5a58059--staccatissimo--1,,staccatissimo,derive,n45ef9f74a5a58059
n45ef9f74a5a58059--staccato--1,,staccato,derive,n45ef9f74a5a58059
nda8e924f9d19f9cf--staccatissimo--1,,staccatissimo,derive,nda8e924f9d19f9cf
nda8e924f9d19f9cf--staccato--1,,staccato,derive,nda8e924f9d19f9cf
n5fed64159d0ae811--staccatissimo--1,,staccatissimo,derive,n5fed64159d0ae811
n5fed64159d0ae811--staccato--1,,staccato,derive,n5fed64159d0ae811
e5448eafbe6874b2d,md-1-129-1-1,dynamics,md,1
n632e801ae6342906--tie--1,,tie,derive,n632e801ae6342906
n632e801ae6342906--tied--stop--1,n2364--tied--stop--1,tied,stamp,n632e801ae6342906
n4055cd6d927b8c1b--tie--1,,tie,derive,n4055cd6d927b8c1b
n4055cd6d927b8c1b--tied--stop--1,n2365--tied--stop--1,tied,stamp,n4055cd6d927b8c1b
nc0dcac93403f193d--staccatissimo--1,,staccatissimo,derive,nc0dcac93403f193d
nc0dcac93403f193d--staccato--1,,staccato,derive,nc0dcac93403f193d
nd090ab7fba2cc734--tie--1,,tie,derive,nd090ab7fba2cc734
nd090ab7fba2cc734--tied--start--1,n2372--tied--start--1,tied,stamp,nd090ab7fba2cc734
n10e402f093d0e8d2--tie--1,,tie,derive,n10e402f093d0e8d2
n10e402f093d0e8d2--tied--start--1,n2373--tied--start--1,tied,stamp,n10e402f093d0e8d2
nf03439c028730a99--staccatissimo--1,,staccatissimo,derive,nf03439c028730a99
nf03439c028730a99--staccato--1,,staccato,derive,nf03439c028730a99
ne1ca77ede1044f7c--staccatissimo--1,,staccatissimo,derive,ne1ca77ede1044f7c
ne1ca77ede1044f7c--staccato--1,,staccato,derive,ne1ca77ede1044f7c
n38efb10214103a23--staccatissimo--1,,staccatissimo,derive,n38efb10214103a23
n38efb10214103a23--staccato--1,,staccato,derive,n38efb10214103a23
e94955aa972679509,md-1-130-1-1,dynamics,md,1
nd87b427c0c7ae202--tie--1,,tie,derive,nd87b427c0c7ae202
nd87b427c0c7ae202--tied--stop--1,n2381--tied--stop--1,tied,stamp,nd87b427c0c7ae202
n7485feb1f212b468--tie--1,,tie,derive,n7485feb1f212b468
n7485feb1f212b468--tied--stop--1,n2382--tied--stop--1,tied,stamp,n7485feb1f212b468
n94c9b9f5f75f0dec--tie--1,,tie,derive,n94c9b9f5f75f0dec
n94c9b9f5f75f0dec--tied--start--1,n2385--tied--start--1,tied,stamp,n94c9b9f5f75f0dec
n7827f8464f06e561--tie--1,,tie,derive,n7827f8464f06e561
n7827f8464f06e561--tied--stop--1,n2386--tied--stop--1,tied,stamp,n7827f8464f06e561
nc1e754e1fe5086c0--tie--1,,tie,derive,nc1e754e1fe5086c0
nc1e754e1fe5086c0--tied--start--1,n2388--tied--start--1,tied,stamp,nc1e754e1fe5086c0
n18f6a08e527fcd89--tie--1,,tie,derive,n18f6a08e527fcd89
n18f6a08e527fcd89--tied--stop--1,n2389--tied--stop--1,tied,stamp,n18f6a08e527fcd89
na2c2202eefccea8c--slur--start--1,n2391--slur--start--1,slur,stamp,na2c2202eefccea8c
n044785c93b93b2b6--slur--stop--1,n2395--slur--stop--1,slur,stamp,n044785c93b93b2b6
ea0fbabf157545c6b,md-1-131-1-1,wedge,md,1
e40108ab07047d8bc,md-1-131-1-2,wedge,md,1
nd084f411288c5ebf--tie--1,,tie,derive,nd084f411288c5ebf
nd084f411288c5ebf--tied--start--1,n2400--tied--start--1,tied,stamp,nd084f411288c5ebf
nc927fb1194ea73e0--tie--1,,tie,derive,nc927fb1194ea73e0
nc927fb1194ea73e0--tied--start--1,n2404--tied--start--1,tied,stamp,nc927fb1194ea73e0
nada5a5fde83c2a9c--staccatissimo--1,,staccatissimo,derive,nada5a5fde83c2a9c
nada5a5fde83c2a9c--staccato--1,,staccato,derive,nada5a5fde83c2a9c
na4561b3f222b92d1--staccatissimo--1,,staccatissimo,derive,na4561b3f222b92d1
na4561b3f222b92d1--staccato--1,,staccato,derive,na4561b3f222b92d1
nfd32a9078b8e1044--staccatissimo--1,,staccatissimo,derive,nfd32a9078b8e1044
nfd32a9078b8e1044--staccato--1,,staccato,derive,nfd32a9078b8e1044
e037e09da8e452f79,md-1-132-1-1,dynamics,md,1
e19d59a3a5790c064,md-1-132-2-1,dynamics,md,2
n886f940ab532b7e8--tie--1,,tie,derive,n886f940ab532b7e8
n886f940ab532b7e8--tied--stop--1,n2410--tied--stop--1,tied,stamp,n886f940ab532b7e8
ne09ace45a4b94fb6--tie--1,,tie,derive,ne09ace45a4b94fb6
ne09ace45a4b94fb6--tied--start--1,n2413--tied--start--1,tied,stamp,ne09ace45a4b94fb6
nb199e220202d9992--tie--1,,tie,derive,nb199e220202d9992
nb199e220202d9992--tied--stop--1,n2414--tied--stop--1,tied,stamp,nb199e220202d9992
ndfc3c6513a05b911--tie--1,,tie,derive,ndfc3c6513a05b911
ndfc3c6513a05b911--tied--start--1,n2417--tied--start--1,tied,stamp,ndfc3c6513a05b911
na8ac55e38a62523b--staccatissimo--1,,staccatissimo,derive,na8ac55e38a62523b
na8ac55e38a62523b--staccato--1,,staccato,derive,na8ac55e38a62523b
n32dfbec1bd69c21a--staccatissimo--1,,staccatissimo,derive,n32dfbec1bd69c21a
n32dfbec1bd69c21a--staccato--1,,staccato,derive,n32dfbec1bd69c21a
n460a79baf0e97607--staccatissimo--1,,staccatissimo,derive,n460a79baf0e97607
n460a79baf0e97607--staccato--1,,staccato,derive,n460a79baf0e97607
e8c9ff40cbcb4cc28,md-1-133-2-1,dynamics,md,2
n88b470bbc019328e--tie--1,,tie,derive,n88b470bbc019328e
n88b470bbc019328e--tied--stop--1,n2423--tied--stop--1,tied,stamp,n88b470bbc019328e
nb0315025b17620e6--tie--1,,tie,derive,nb0315025b17620e6
nb0315025b17620e6--tied--start--1,n2426--tied--start--1,tied,stamp,nb0315025b17620e6
n2f08e43d3ac982da--tie--1,,tie,derive,n2f08e43d3ac982da
n2f08e43d3ac982da--tied--stop--1,n2427--tied--stop--1,tied,stamp,n2f08e43d3ac982da
nf4a9f861f0f141f1--tie--1,,tie,derive,nf4a9f861f0f141f1
nf4a9f861f0f141f1--tied--start--1,n2430--tied--start--1,tied,stamp,nf4a9f861f0f141f1
n25d64c44608dc47f--staccatissimo--1,,staccatissimo,derive,n25d64c44608dc47f
n25d64c44608dc47f--staccato--1,,staccato,derive,n25d64c44608dc47f
n0e5dfd8663838caf--staccatissimo--1,,staccatissimo,derive,n0e5dfd8663838caf
n0e5dfd8663838caf--staccato--1,,staccato,derive,n0e5dfd8663838caf
n5e52ec45125661f6--staccatissimo--1,,staccatissimo,derive,n5e52ec45125661f6
n5e52ec45125661f6--staccato--1,,staccato,derive,n5e52ec45125661f6
e304d49325bb53e1e,md-1-134-2-1,dynamics,md,2
n9f697c1be6a42a40--tie--1,,tie,derive,n9f697c1be6a42a40
n9f697c1be6a42a40--tied--stop--1,n2436--tied--stop--1,tied,stamp,n9f697c1be6a42a40
n345196596839c7eb--tie--1,,tie,derive,n345196596839c7eb
n345196596839c7eb--tied--start--1,n2439--tied--start--1,tied,stamp,n345196596839c7eb
nf7743676a5ba66a3--tie--1,,tie,derive,nf7743676a5ba66a3
nf7743676a5ba66a3--tied--stop--1,n2440--tied--stop--1,tied,stamp,nf7743676a5ba66a3
n25073d235c825a5b--tie--1,,tie,derive,n25073d235c825a5b
n25073d235c825a5b--tied--start--1,n2443--tied--start--1,tied,stamp,n25073d235c825a5b
nbe5bc6c38cf65a24--staccatissimo--1,,staccatissimo,derive,nbe5bc6c38cf65a24
nbe5bc6c38cf65a24--staccato--1,,staccato,derive,nbe5bc6c38cf65a24
n3a1f32a61781ba48--staccatissimo--1,,staccatissimo,derive,n3a1f32a61781ba48
n3a1f32a61781ba48--staccato--1,,staccato,derive,n3a1f32a61781ba48
n3bb2922a9ea3257f--staccatissimo--1,,staccatissimo,derive,n3bb2922a9ea3257f
n3bb2922a9ea3257f--staccato--1,,staccato,derive,n3bb2922a9ea3257f
e2b484686946dd8b3,md-1-135-2-1,dynamics,md,2
n97299d01ebc0a5a4--tie--1,,tie,derive,n97299d01ebc0a5a4
n97299d01ebc0a5a4--tied--stop--1,n2449--tied--stop--1,tied,stamp,n97299d01ebc0a5a4
n6bca6110839dbf55--tie--1,,tie,derive,n6bca6110839dbf55
n6bca6110839dbf55--tied--start--1,n2454--tied--start--1,tied,stamp,n6bca6110839dbf55
n2a26c6e6c34321a7--tie--1,,tie,derive,n2a26c6e6c34321a7
n2a26c6e6c34321a7--tied--start--1,n2455--tied--start--1,tied,stamp,n2a26c6e6c34321a7
nc4d40572be263675--tie--1,,tie,derive,nc4d40572be263675
nc4d40572be263675--tied--stop--1,n2456--tied--stop--1,tied,stamp,nc4d40572be263675
ne711d5118662cc20--staccatissimo--1,,staccatissimo,derive,ne711d5118662cc20
ne711d5118662cc20--staccato--1,,staccato,derive,ne711d5118662cc20
n9fe3a526f4fb441d--staccatissimo--1,,staccatissimo,derive,n9fe3a526f4fb441d
n9fe3a526f4fb441d--staccato--1,,staccato,derive,n9fe3a526f4fb441d
nad313bf490687554--staccatissimo--1,,staccatissimo,derive,nad313bf490687554
nad313bf490687554--staccato--1,,staccato,derive,nad313bf490687554
e8fb891691a51a62a,md-1-136-1-1,dynamics,md,1
n8bfd58e1eba9f916--tie--1,,tie,derive,n8bfd58e1eba9f916
n8bfd58e1eba9f916--tied--stop--1,n2464--tied--stop--1,tied,stamp,n8bfd58e1eba9f916
n943ffa205d3e0777--tie--1,,tie,derive,n943ffa205d3e0777
n943ffa205d3e0777--tied--stop--1,n2465--tied--stop--1,tied,stamp,n943ffa205d3e0777
n78638ddd66fdd295--tie--1,,tie,derive,n78638ddd66fdd295
n78638ddd66fdd295--tied--start--1,n2470--tied--start--1,tied,stamp,n78638ddd66fdd295
n1fa8e1982c223d9c--tie--1,,tie,derive,n1fa8e1982c223d9c
n1fa8e1982c223d9c--tied--start--1,n2471--tied--start--1,tied,stamp,n1fa8e1982c223d9c
na7fadfdaf9303d54--staccatissimo--1,,staccatissimo,derive,na7fadfdaf9303d54
na7fadfdaf9303d54--staccato--1,,staccato,derive,na7fadfdaf9303d54
n4994562ed55d547d--staccatissimo--1,,staccatissimo,derive,n4994562ed55d547d
n4994562ed55d547d--staccato--1,,staccato,derive,n4994562ed55d547d
nc116490eb71e0b37--staccatissimo--1,,staccatissimo,derive,nc116490eb71e0b37
nc116490eb71e0b37--staccato--1,,staccato,derive,nc116490eb71e0b37
n43d9322524ac823c--tie--1,,tie,derive,n43d9322524ac823c
n43d9322524ac823c--tied--stop--1,n2478--tied--stop--1,tied,stamp,n43d9322524ac823c
n22fd98268c8ddb12--tie--1,,tie,derive,n22fd98268c8ddb12
n22fd98268c8ddb12--tied--stop--1,n2479--tied--stop--1,tied,stamp,n22fd98268c8ddb12
n52efffa6a3d19874--staccatissimo--1,,staccatissimo,derive,n52efffa6a3d19874
n52efffa6a3d19874--staccato--1,,staccato,derive,n52efffa6a3d19874
n36cee7155c00e38a--staccatissimo--1,,staccatissimo,derive,n36cee7155c00e38a
n36cee7155c00e38a--staccato--1,,staccato,derive,n36cee7155c00e38a
ndbf69696a79e1f87--staccatissimo--1,,staccatissimo,derive,ndbf69696a79e1f87
ndbf69696a79e1f87--staccato--1,,staccato,derive,ndbf69696a79e1f87
e3e5d6aee44aa8fcd,md-1-138-1-1,dynamics,md,1
e21d0c8e37c36a59a,md-1-138-1-2,wedge,md,1
e6c584c2e9a73e4c1,md-1-138-1-3,wedge,md,1
na9f08fd38a896e2d--staccatissimo--1,,staccatissimo,derive,na9f08fd38a896e2d
na9f08fd38a896e2d--staccato--1,,staccato,derive,na9f08fd38a896e2d
n2536ad20cd66a842--staccatissimo--1,,staccatissimo,derive,n2536ad20cd66a842
n2536ad20cd66a842--staccato--1,,staccato,derive,n2536ad20cd66a842
e8799bb73093b4665,md-1-139-1-1,dynamics,md,1
n5f1f11240879c6ac--tie--1,,tie,derive,n5f1f11240879c6ac
n5f1f11240879c6ac--tied--start--1,n2502--tied--start--1,tied,stamp,n5f1f11240879c6ac
ebe2eb634916ed6ba,md-1-140-1-1,words,md,1
efe36f47bb5a31579,md-1-140-1-2,dynamics,md,1
nc70cd74246222858--tie--1,,tie,derive,nc70cd74246222858
nc70cd74246222858--tied--stop--1,n2504--tied--stop--1,tied,stamp,nc70cd74246222858
nc70cd74246222858--slur--start--1,n2504--slur--start--1,slur,stamp,nc70cd74246222858
n3e90ed1cb9ed1f0e--slur--stop--1,n2505--slur--stop--1,slur,stamp,n3e90ed1cb9ed1f0e
n3e90ed1cb9ed1f0e--staccatissimo--1,,staccatissimo,derive,n3e90ed1cb9ed1f0e
n3e90ed1cb9ed1f0e--staccato--1,,staccato,derive,n3e90ed1cb9ed1f0e
n2df7e9d3c7c18c66--tie--1,,tie,derive,n2df7e9d3c7c18c66
n2df7e9d3c7c18c66--tied--start--1,n2506--tied--start--1,tied,stamp,n2df7e9d3c7c18c66
n29dffa9eeeba716b--staccatissimo--1,,staccatissimo,derive,n29dffa9eeeba716b
n29dffa9eeeba716b--staccato--1,,staccato,derive,n29dffa9eeeba716b
n8563da02860f067f--staccatissimo--1,,staccatissimo,derive,n8563da02860f067f
n8563da02860f067f--staccato--1,,staccato,derive,n8563da02860f067f
e3f383404ea34fe1e,md-1-141-2-1,words,md,2
nede31da3a225915a--tie--1,,tie,derive,nede31da3a225915a
nede31da3a225915a--tied--stop--1,n2512--tied--stop--1,tied,stamp,nede31da3a225915a
nede31da3a225915a--slur--start--1,n2512--slur--start--1,slur,stamp,nede31da3a225915a
n336fa2af473a0ddc--slur--stop--1,n2513--slur--stop--1,slur,stamp,n336fa2af473a0ddc
n336fa2af473a0ddc--staccatissimo--1,,staccatissimo,derive,n336fa2af473a0ddc
n336fa2af473a0ddc--staccato--1,,staccato,derive,n336fa2af473a0ddc
nf435419bb0c5eed9--tie--1,,tie,derive,nf435419bb0c5eed9
nf435419bb0c5eed9--tied--start--1,n2514--tied--start--1,tied,stamp,nf435419bb0c5eed9
n9505ed4d43ebbccd--staccatissimo--1,,staccatissimo,derive,n9505ed4d43ebbccd
n9505ed4d43ebbccd--staccato--1,,staccato,derive,n9505ed4d43ebbccd
n3cd8d4f96a855c79--staccatissimo--1,,staccatissimo,derive,n3cd8d4f96a855c79
n3cd8d4f96a855c79--staccato--1,,staccato,derive,n3cd8d4f96a855c79
n304f303c064ba74f--tie--1,,tie,derive,n304f303c064ba74f
n304f303c064ba74f--tied--stop--1,n2520--tied--stop--1,tied,stamp,n304f303c064ba74f
n304f303c064ba74f--slur--start--1,n2520--slur--start--1,slur,stamp,n304f303c064ba74f
nd34a0aa08b24e32c--slur--stop--1,n2521--slur--stop--1,slur,stamp,nd34a0aa08b24e32c
nd34a0aa08b24e32c--staccatissimo--1,,staccatissimo,derive,nd34a0aa08b24e32c
nd34a0aa08b24e32c--staccato--1,,staccato,derive,nd34a0aa08b24e32c
n2577f9ca6fd87021--tie--1,,tie,derive,n2577f9ca6fd87021
n2577f9ca6fd87021--tied--start--1,n2522--tied--start--1,tied,stamp,n2577f9ca6fd87021
n8bc3c751eda8d389--tie--1,,tie,derive,n8bc3c751eda8d389
n8bc3c751eda8d389--tied--start--1,n2523--tied--start--1,tied,stamp,n8bc3c751eda8d389
n1e2073e1af6777a1--staccatissimo--1,,staccatissimo,derive,n1e2073e1af6777a1
n1e2073e1af6777a1--staccato--1,,staccato,derive,n1e2073e1af6777a1
n291d47d1a1cb1192--staccatissimo--1,,staccatissimo,derive,n291d47d1a1cb1192
n291d47d1a1cb1192--staccato--1,,staccato,derive,n291d47d1a1cb1192
nb76e51407114b257--tie--1,,tie,derive,nb76e51407114b257
nb76e51407114b257--tied--stop--1,n2529--tied--stop--1,tied,stamp,nb76e51407114b257
n877744a2f4614a2f--tie--1,,tie,derive,n877744a2f4614a2f
n877744a2f4614a2f--tied--stop--1,n2530--tied--stop--1,tied,stamp,n877744a2f4614a2f
n2b9e2e6fbe5497cd--staccatissimo--1,,staccatissimo,derive,n2b9e2e6fbe5497cd
n2b9e2e6fbe5497cd--staccato--1,,staccato,derive,n2b9e2e6fbe5497cd
n898438cb611b1357--tie--1,,tie,derive,n898438cb611b1357
n898438cb611b1357--tied--start--1,n2533--tied--start--1,tied,stamp,n898438cb611b1357
n898438cb611b1357--slur--start--1,n2533--slur--start--1,slur,stamp,n898438cb611b1357
n1b6fa6917ef9ff9a--slur--start--1,n2534--slur--start--1,slur,stamp,n1b6fa6917ef9ff9a
n51a2af65809f1d3a--staccatissimo--1,,staccatissimo,derive,n51a2af65809f1d3a
n51a2af65809f1d3a--staccato--1,,staccato,derive,n51a2af65809f1d3a
n5cee480c53be96f4--staccatissimo--1,,staccatissimo,derive,n5cee480c53be96f4
n5cee480c53be96f4--staccato--1,,staccato,derive,n5cee480c53be96f4
neb70ea12f8492b18--staccatissimo--1,,staccatissimo,derive,neb70ea12f8492b18
neb70ea12f8492b18--staccato--1,,staccato,derive,neb70ea12f8492b18
ne7f78577c80f798f--tie--1,,tie,derive,ne7f78577c80f798f
ne7f78577c80f798f--tied--stop--1,n2541--tied--stop--1,tied,stamp,ne7f78577c80f798f
n3b4e6786e7a235da--slur--stop--1,n2542--slur--stop--1,slur,stamp,n3b4e6786e7a235da
n3b4e6786e7a235da--staccatissimo--1,,staccatissimo,derive,n3b4e6786e7a235da
n3b4e6786e7a235da--staccato--1,,staccato,derive,n3b4e6786e7a235da
n567c535b86578026--tie--1,,tie,derive,n567c535b86578026
n567c535b86578026--tied--start--1,n2543--tied--start--1,tied,stamp,n567c535b86578026
ndea91c00a81a618c--tie--1,,tie,derive,ndea91c00a81a618c
ndea91c00a81a618c--tied--start--1,n2544--tied--start--1,tied,stamp,ndea91c00a81a618c
nd28c7ec1f3e9edfc--slur--stop--1,n2546--slur--stop--1,slur,stamp,nd28c7ec1f3e9edfc
nd28c7ec1f3e9edfc--staccato--1,,staccato,derive,nd28c7ec1f3e9edfc
n5445d703dc43bb6f--staccatissimo--1,,staccatissimo,derive,n5445d703dc43bb6f
n5445d703dc43bb6f--staccato--1,,staccato,derive,n5445d703dc43bb6f
nff34bb188011dfb8--staccatissimo--1,,staccatissimo,derive,nff34bb188011dfb8
nff34bb188011dfb8--staccato--1,,staccato,derive,nff34bb188011dfb8
ncb5ec98f9f172a91--staccatissimo--1,,staccatissimo,derive,ncb5ec98f9f172a91
ncb5ec98f9f172a91--staccato--1,,staccato,derive,ncb5ec98f9f172a91
e0935d80954d7334f,md-1-145-1-1,wedge,md,1
e51c6b8c499a48d69,md-1-145-1-2,wedge,md,1
nf81b1aa4c13d17cb--tie--1,,tie,derive,nf81b1aa4c13d17cb
nf81b1aa4c13d17cb--tied--stop--1,n2553--tied--stop--1,tied,stamp,nf81b1aa4c13d17cb
n19311ebe04bcc73e--tie--1,,tie,derive,n19311ebe04bcc73e
n19311ebe04bcc73e--tied--stop--1,n2554--tied--stop--1,tied,stamp,n19311ebe04bcc73e
n43b37d4d17792377--slur--start--1,n2557--slur--start--1,slur,stamp,n43b37d4d17792377
n3533f5c231c878a1--staccatissimo--1,,staccatissimo,derive,n3533f5c231c878a1
n3533f5c231c878a1--staccato--1,,staccato,derive,n3533f5c231c878a1
na4f071787a3b36dc--staccatissimo--1,,staccatissimo,derive,na4f071787a3b36dc
na4f071787a3b36dc--staccato--1,,staccato,derive,na4f071787a3b36dc
nec79c8f9ca7ccc91--slur--start--1,n2566--slur--start--1,slur,stamp,nec79c8f9ca7ccc91
e2649f7b7d32c2db1,md-1-146-1-1,wedge,md,1
e8e78dd01ef6620fe,md-1-146-1-2,wedge,md,1
ed1c0eea6bd1eac76,md-1-146-1-3,dynamics,md,1
n3dedb15dc27b52a5--tie--1,,tie,derive,n3dedb15dc27b52a5
n3dedb15dc27b52a5--tied--start--1,n2573--tied--start--1,tied,stamp,n3dedb15dc27b52a5
n2c37a2c60927e173--tie--1,,tie,derive,n2c37a2c60927e173
n2c37a2c60927e173--tied--start--1,n2574--tied--start--1,tied,stamp,n2c37a2c60927e173
n89af55af023413cd--tie--1,,tie,derive,n89af55af023413cd
n89af55af023413cd--tied--start--1,n2575--tied--start--1,tied,stamp,n89af55af023413cd
e6c7ef23eb0cd526a,md-1-147-1-1,dynamics,md,1
n573e0e7a357425eb--tie--1,,tie,derive,n573e0e7a357425eb
n573e0e7a357425eb--tied--stop--1,n2579--tied--stop--1,tied,stamp,n573e0e7a357425eb
n610d3dd956e8e0b5--tie--1,,tie,derive,n610d3dd956e8e0b5
n610d3dd956e8e0b5--tied--stop--1,n2580--tied--stop--1,tied,stamp,n610d3dd956e8e0b5
nd7e76298b0511709--tie--1,,tie,derive,nd7e76298b0511709
nd7e76298b0511709--tied--stop--1,n2581--tied--stop--1,tied,stamp,nd7e76298b0511709
na7f2afd7c73f0eff--slur--stop--1,n2582--slur--stop--1,slur,stamp,na7f2afd7c73f0eff
nd30b7b4286f56ddd--tie--1,,tie,derive,nd30b7b4286f56ddd
nd30b7b4286f56ddd--tied--start--1,n2584--tied--start--1,tied,stamp,nd30b7b4286f56ddd
n233e62e9ec02635d--tie--1,,tie,derive,n233e62e9ec02635d
n233e62e9ec02635d--tied--start--1,n2585--tied--start--1,tied,stamp,n233e62e9ec02635d
nac579d4187c59955--slur--stop--1,n2587--slur--stop--1,slur,stamp,nac579d4187c59955
eb7b0b7b1de011604,md-1-148-1-1,dynamics,md,1
n1cdcf76e55c5c76a--tie--1,,tie,derive,n1cdcf76e55c5c76a
n1cdcf76e55c5c76a--tied--stop--1,n2589--tied--stop--1,tied,stamp,n1cdcf76e55c5c76a
n1cdcf76e55c5c76a--slur--start--1,n2589--slur--start--1,slur,stamp,n1cdcf76e55c5c76a
n60ac8afe6e578623--tie--1,,tie,derive,n60ac8afe6e578623
n60ac8afe6e578623--tied--stop--1,n2590--tied--stop--1,tied,stamp,n60ac8afe6e578623
n2119cd8a0189bb25--slur--stop--1,n2591--slur--stop--1,slur,stamp,n2119cd8a0189bb25
ne0a2900bfc9bbc36--tie--1,,tie,derive,ne0a2900bfc9bbc36
ne0a2900bfc9bbc36--tied--start--1,n2593--tied--start--1,tied,stamp,ne0a2900bfc9bbc36
nd86f247dca81a16f--tie--1,,tie,derive,nd86f247dca81a16f
nd86f247dca81a16f--tied--start--1,n2594--tied--start--1,tied,stamp,nd86f247dca81a16f
nd937135300bdfbd9--staccatissimo--1,,staccatissimo,derive,nd937135300bdfbd9
nd937135300bdfbd9--staccato--1,,staccato,derive,nd937135300bdfbd9
n79a008549fe01dc9--staccatissimo--1,,staccatissimo,derive,n79a008549fe01dc9
n79a008549fe01dc9--staccato--1,,staccato,derive,n79a008549fe01dc9
n8ccfafb2df75cbde--staccatissimo--1,,staccatissimo,derive,n8ccfafb2df75cbde
n8ccfafb2df75cbde--staccato--1,,staccato,derive,n8ccfafb2df75cbde
ne81a90391d9f45dd--tie--1,,tie,derive,ne81a90391d9f45dd
ne81a90391d9f45dd--tied--stop--1,n2602--tied--stop--1,tied,stamp,ne81a90391d9f45dd
ne81a90391d9f45dd--slur--start--1,n2602--slur--start--1,slur,stamp,ne81a90391d9f45dd
nc90eadaf2e54c63a--tie--1,,tie,derive,nc90eadaf2e54c63a
nc90eadaf2e54c63a--tied--stop--1,n2603--tied--stop--1,tied,stamp,nc90eadaf2e54c63a
n19a9684e1487c7eb--slur--stop--1,n2604--slur--stop--1,slur,stamp,n19a9684e1487c7eb
n46af6ea7279d50b4--tie--1,,tie,derive,n46af6ea7279d50b4
n46af6ea7279d50b4--tied--start--1,n2606--tied--start--1,tied,stamp,n46af6ea7279d50b4
n5d26ead75c9b4463--tie--1,,tie,derive,n5d26ead75c9b4463
n5d26ead75c9b4463--tied--start--1,n2607--tied--start--1,tied,stamp,n5d26ead75c9b4463
ncf481de6a9f2b6c8--staccatissimo--1,,staccatissimo,derive,ncf481de6a9f2b6c8
ncf481de6a9f2b6c8--staccato--1,,staccato,derive,ncf481de6a9f2b6c8
n20633fb67e0a60fa--staccatissimo--1,,staccatissimo,derive,n20633fb67e0a60fa
n20633fb67e0a60fa--staccato--1,,staccato,derive,n20633fb67e0a60fa
n9a13cdbed010fba3--staccatissimo--1,,staccatissimo,derive,n9a13cdbed010fba3
n9a13cdbed010fba3--staccato--1,,staccato,derive,n9a13cdbed010fba3
n6d30875485e55406--tie--1,,tie,derive,n6d30875485e55406
n6d30875485e55406--tied--stop--1,n2615--tied--stop--1,tied,stamp,n6d30875485e55406
n6d30875485e55406--slur--start--1,n2615--slur--start--1,slur,stamp,n6d30875485e55406
n4fd16472e057d9a7--tie--1,,tie,derive,n4fd16472e057d9a7
n4fd16472e057d9a7--tied--stop--1,n2616--tied--stop--1,tied,stamp,n4fd16472e057d9a7
ncdb80ad42aa2fd83--slur--stop--1,n2617--slur--stop--1,slur,stamp,ncdb80ad42aa2fd83
n83ad017df9058314--tie--1,,tie,derive,n83ad017df9058314
n83ad017df9058314--tied--start--1,n2619--tied--start--1,tied,stamp,n83ad017df9058314
n41a3b0e1bc91e0ce--tie--1,,tie,derive,n41a3b0e1bc91e0ce
n41a3b0e1bc91e0ce--tied--start--1,n2620--tied--start--1,tied,stamp,n41a3b0e1bc91e0ce
nc0ad071a5a536f67--staccatissimo--1,,staccatissimo,derive,nc0ad071a5a536f67
nc0ad071a5a536f67--staccato--1,,staccato,derive,nc0ad071a5a536f67
n47d38cf405eef645--staccatissimo--1,,staccatissimo,derive,n47d38cf405eef645
n47d38cf405eef645--staccato--1,,staccato,derive,n47d38cf405eef645
nb88c822867d6f9ef--tie--1,,tie,derive,nb88c822867d6f9ef
nb88c822867d6f9ef--tied--stop--1,n2628--tied--stop--1,tied,stamp,nb88c822867d6f9ef
nb88c822867d6f9ef--slur--start--1,n2628--slur--start--1,slur,stamp,nb88c822867d6f9ef
n1555e7006dbc0cff--tie--1,,tie,derive,n1555e7006dbc0cff
n1555e7006dbc0cff--tied--stop--1,n2629--tied--stop--1,tied,stamp,n1555e7006dbc0cff
n7d75f459f1bbe877--slur--stop--1,n2630--slur--stop--1,slur,stamp,n7d75f459f1bbe877
n1c9408ce7f4a9ef5--tie--1,,tie,derive,n1c9408ce7f4a9ef5
n1c9408ce7f4a9ef5--tied--start--1,n2632--tied--start--1,tied,stamp,n1c9408ce7f4a9ef5
n1c9408ce7f4a9ef5--slur--start--1,n2632--slur--start--1,slur,stamp,n1c9408ce7f4a9ef5
n57684267b194200a--slur--start--1,n2633--slur--start--1,slur,stamp,n57684267b194200a
n74b31c1385adf973--staccatissimo--1,,staccatissimo,derive,n74b31c1385adf973
n74b31c1385adf973--staccato--1,,staccato,derive,n74b31c1385adf973
n27a5dc11a27322bb--staccatissimo--1,,staccatissimo,derive,n27a5dc11a27322bb
n27a5dc11a27322bb--staccato--1,,staccato,derive,n27a5dc11a27322bb
n50cff4b28f2d9956--staccatissimo--1,,staccatissimo,derive,n50cff4b28f2d9956
n50cff4b28f2d9956--staccato--1,,staccato,derive,n50cff4b28f2d9956
nb48147c8ada29772--staccatissimo--1,,staccatissimo,derive,nb48147c8ada29772
nb48147c8ada29772--staccato--1,,staccato,derive,nb48147c8ada29772
n4729454f3a83d420--staccatissimo--1,,staccatissimo,derive,n4729454f3a83d420
n4729454f3a83d420--staccato--1,,staccato,derive,n4729454f3a83d420
n6280d8d192a72b73--tie--1,,tie,derive,n6280d8d192a72b73
n6280d8d192a72b73--tied--stop--1,n2644--tied--stop--1,tied,stamp,n6280d8d192a72b73
nce0862a0ef8e40f9--slur--stop--1,n2645--slur--stop--1,slur,stamp,nce0862a0ef8e40f9
nad4a047a747044f0--tie--1,,tie,derive,nad4a047a747044f0
nad4a047a747044f0--tied--start--1,n2646--tied--start--1,tied,stamp,nad4a047a747044f0
n595973ec6733c0a7--tie--1,,tie,derive,n595973ec6733c0a7
n595973ec6733c0a7--tied--start--1,n2647--tied--start--1,tied,stamp,n595973ec6733c0a7
n8e81de156d2843a5--slur--stop--1,n2649--slur--stop--1,slur,stamp,n8e81de156d2843a5
nb9bcd8366097a2a2--staccatissimo--1,,staccatissimo,derive,nb9bcd8366097a2a2
nb9bcd8366097a2a2--staccato--1,,staccato,derive,nb9bcd8366097a2a2
n0e6de040b3e23da2--staccatissimo--1,,staccatissimo,derive,n0e6de040b3e23da2
n0e6de040b3e23da2--staccato--1,,staccato,derive,n0e6de040b3e23da2
n9e5575ce5b830539--staccatissimo--1,,staccatissimo,derive,n9e5575ce5b830539
n9e5575ce5b830539--staccato--1,,staccato,derive,n9e5575ce5b830539
nccefcf1518aaaeba--staccatissimo--1,,staccatissimo,derive,nccefcf1518aaaeba
nccefcf1518aaaeba--staccato--1,,staccato,derive,nccefcf1518aaaeba
na8e9347347a7e531--staccatissimo--1,,staccatissimo,derive,na8e9347347a7e531
na8e9347347a7e531--staccato--1,,staccato,derive,na8e9347347a7e531
e31174f0af7fe0df3,md-1-153-1-1,wedge,md,1
ec24ae85c6ae2d55b,md-1-153-1-2,wedge,md,1
n8cefee868b74380f--tie--1,,tie,derive,n8cefee868b74380f
n8cefee868b74380f--tied--stop--1,n2660--tied--stop--1,tied,stamp,n8cefee868b74380f
n8cefee868b74380f--slur--start--1,n2660--slur--start--1,slur,stamp,n8cefee868b74380f
n32c12ab60cd7cfd4--tie--1,,tie,derive,n32c12ab60cd7cfd4
n32c12ab60cd7cfd4--tied--stop--1,n2661--tied--stop--1,tied,stamp,n32c12ab60cd7cfd4
n93e7da6af87b2ce8--slur--stop--1,n2662--slur--stop--1,slur,stamp,n93e7da6af87b2ce8
n8504b5a3dc6de335--tie--1,,tie,derive,n8504b5a3dc6de335
n8504b5a3dc6de335--tied--start--1,n2664--tied--start--1,tied,stamp,n8504b5a3dc6de335
n72f71bafb721fcab--tie--1,,tie,derive,n72f71bafb721fcab
n72f71bafb721fcab--tied--start--1,n2665--tied--start--1,tied,stamp,n72f71bafb721fcab
neaf1e2771939faf7--tie--1,,tie,derive,neaf1e2771939faf7
neaf1e2771939faf7--tied--start--1,n2666--tied--start--1,tied,stamp,neaf1e2771939faf7
ne20919b9b8e74c6d--staccatissimo--1,,staccatissimo,derive,ne20919b9b8e74c6d
ne20919b9b8e74c6d--staccato--1,,staccato,derive,ne20919b9b8e74c6d
n5f705e9c343afad7--staccatissimo--1,,staccatissimo,derive,n5f705e9c343afad7
n5f705e9c343afad7--staccato--1,,staccato,derive,n5f705e9c343afad7
n1dcb8524969485e4--staccatissimo--1,,staccatissimo,derive,n1dcb8524969485e4
n1dcb8524969485e4--staccato--1,,staccato,derive,n1dcb8524969485e4
n6081745f8442ddc4--staccatissimo--1,,staccatissimo,derive,n6081745f8442ddc4
n6081745f8442ddc4--staccato--1,,staccato,derive,n6081745f8442ddc4
n28cf42649de19986--staccatissimo--1,,staccatissimo,derive,n28cf42649de19986
n28cf42649de19986--staccato--1,,staccato,derive,n28cf42649de19986
e06cb628a6463a8b8,md-1-154-1-1,wedge,md,1
e2e4943ec6838632b,md-1-154-1-2,wedge,md,1
n890a15d9916561a7--tie--1,,tie,derive,n890a15d9916561a7
n890a15d9916561a7--tied--stop--1,n2678--tied--stop--1,tied,stamp,n890a15d9916561a7
n890a15d9916561a7--slur--start--1,n2678--slur--start--1,slur,stamp,n890a15d9916561a7
na79020678fa67591--tie--1,,tie,derive,na79020678fa67591
na79020678fa67591--tied--stop--1,n2680--tied--stop--1,tied,stamp,na79020678fa67591
na79020678fa67591--slur--start--1,n2680--slur--start--1,slur,stamp,na79020678fa67591
n10a6d4121ebfda44--tie--1,,tie,derive,n10a6d4121ebfda44
n10a6d4121ebfda44--tied--stop--1,n2681--tied--stop--1,tied,stamp,n10a6d4121ebfda44
n6b253712ef300812--staccatissimo--1,,staccatissimo,derive,n6b253712ef300812
n6b253712ef300812--staccato--1,,staccato,derive,n6b253712ef300812
n11c880f00b789a8e--staccatissimo--1,,staccatissimo,derive,n11c880f00b789a8e
n11c880f00b789a8e--staccato--1,,staccato,derive,n11c880f00b789a8e
nfab4d7059b24531f--staccatissimo--1,,staccatissimo,derive,nfab4d7059b24531f
nfab4d7059b24531f--staccato--1,,staccato,derive,nfab4d7059b24531f
ec85c26f7cb99bca8,md-1-155-1-1,wedge,md,1
e8f9c66b32d46576e,md-1-155-1-2,wedge,md,1
nc285b0f88284fd08--slur--stop--1,n2690--slur--stop--1,slur,stamp,nc285b0f88284fd08
na703bd98c74e4a28--tie--1,,tie,derive,na703bd98c74e4a28
na703bd98c74e4a28--tied--start--1,n2692--tied--start--1,tied,stamp,na703bd98c74e4a28
n39b803ba3e7e746d--tie--1,,tie,derive,n39b803ba3e7e746d
n39b803ba3e7e746d--tied--start--1,n2693--tied--start--1,tied,stamp,n39b803ba3e7e746d
n5e013ed4d44d0412--slur--stop--1,n2694--slur--stop--1,slur,stamp,n5e013ed4d44d0412
na680f5675578051c--staccatissimo--1,,staccatissimo,derive,na680f5675578051c
na680f5675578051c--staccato--1,,staccato,derive,na680f5675578051c
n56f991b7011d4bd9--staccatissimo--1,,staccatissimo,derive,n56f991b7011d4bd9
n56f991b7011d4bd9--staccato--1,,staccato,derive,n56f991b7011d4bd9
n34b015c4b252cd70--staccatissimo--1,,staccatissimo,derive,n34b015c4b252cd70
n34b015c4b252cd70--staccato--1,,staccato,derive,n34b015c4b252cd70
n0aa0bce6467d06cc--tie--1,,tie,derive,n0aa0bce6467d06cc
n0aa0bce6467d06cc--tied--stop--1,n2700--tied--stop--1,tied,stamp,n0aa0bce6467d06cc
n0aa0bce6467d06cc--slur--start--1,n2700--slur--start--1,slur,stamp,n0aa0bce6467d06cc
n2324d240dcff547f--tie--1,,tie,derive,n2324d240dcff547f
n2324d240dcff547f--tied--stop--1,n2701--tied--stop--1,tied,stamp,n2324d240dcff547f
n4dadd816f566f845--slur--stop--1,n2702--slur--stop--1,slur,stamp,n4dadd816f566f845
nbfa48e492da1a640--tie--1,,tie,derive,nbfa48e492da1a640
nbfa48e492da1a640--tied--start--1,n2704--tied--start--1,tied,stamp,nbfa48e492da1a640
na28bc6eb22eb585f--tie--1,,tie,derive,na28bc6eb22eb585f
na28bc6eb22eb585f--tied--start--1,n2705--tied--start--1,tied,stamp,na28bc6eb22eb585f
n081362474987226d--staccatissimo--1,,staccatissimo,derive,n081362474987226d
n081362474987226d--staccato--1,,staccato,derive,n081362474987226d
n842c4e492ef5255e--staccatissimo--1,,staccatissimo,derive,n842c4e492ef5255e
n842c4e492ef5255e--staccato--1,,staccato,derive,n842c4e492ef5255e
n32b3ca76b1681a8a--tie--1,,tie,derive,n32b3ca76b1681a8a
n32b3ca76b1681a8a--tied--stop--1,n2711--tied--stop--1,tied,stamp,n32b3ca76b1681a8a
n32b3ca76b1681a8a--slur--start--1,n2711--slur--start--1,slur,stamp,n32b3ca76b1681a8a
n7a1931991d81cfef--tie--1,,tie,derive,n7a1931991d81cfef
n7a1931991d81cfef--tied--stop--1,n2712--tied--stop--1,tied,stamp,n7a1931991d81cfef
n09158612e599e6f8--slur--stop--1,n2713--slur--stop--1,slur,stamp,n09158612e599e6f8
n0ab8d7de9457385f--tie--1,,tie,derive,n0ab8d7de9457385f
n0ab8d7de9457385f--tied--start--1,n2715--tied--start--1,tied,stamp,n0ab8d7de9457385f
ndc2872e881be0f85--tie--1,,tie,derive,ndc2872e881be0f85
ndc2872e881be0f85--tied--start--1,n2716--tied--start--1,tied,stamp,ndc2872e881be0f85
ndf676cac4132986c--staccatissimo--1,,staccatissimo,derive,ndf676cac4132986c
ndf676cac4132986c--staccato--1,,staccato,derive,ndf676cac4132986c
n8c7e67507984dcc8--staccatissimo--1,,staccatissimo,derive,n8c7e67507984dcc8
n8c7e67507984dcc8--staccato--1,,staccato,derive,n8c7e67507984dcc8
n035d71b8c334dfb5--tie--1,,tie,derive,n035d71b8c334dfb5
n035d71b8c334dfb5--tied--stop--1,n2722--tied--stop--1,tied,stamp,n035d71b8c334dfb5
n035d71b8c334dfb5--slur--start--1,n2722--slur--start--1,slur,stamp,n035d71b8c334dfb5
n56bfbd1f419f981f--tie--1,,tie,derive,n56bfbd1f419f981f
n56bfbd1f419f981f--tied--stop--1,n2723--tied--stop--1,tied,stamp,n56bfbd1f419f981f
n2fac0764110b44be--slur--stop--1,n2724--slur--stop--1,slur,stamp,n2fac0764110b44be
nf18316f2485a3bc8--tie--1,,tie,derive,nf18316f2485a3bc8
nf18316f2485a3bc8--tied--start--1,n2726--tied--start--1,tied,stamp,nf18316f2485a3bc8
n2c6afe7f8193bf2e--tie--1,,tie,derive,n2c6afe7f8193bf2e
n2c6afe7f8193bf2e--tied--start--1,n2727--tied--start--1,tied,stamp,n2c6afe7f8193bf2e
n572983234d725cba--staccatissimo--1,,staccatissimo,derive,n572983234d725cba
n572983234d725cba--staccato--1,,staccato,derive,n572983234d725cba
n376ec53cfb5342ba--staccatissimo--1,,staccatissimo,derive,n376ec53cfb5342ba
n376ec53cfb5342ba--staccato--1,,staccato,derive,n376ec53cfb5342ba
neafdfbb654d496ef--tie--1,,tie,derive,neafdfbb654d496ef
neafdfbb654d496ef--tied--stop--1,n2733--tied--stop--1,tied,stamp,neafdfbb654d496ef
neafdfbb654d496ef--slur--start--1,n2733--slur--start--1,slur,stamp,neafdfbb654d496ef
n135cedb780f59835--tie--1,,tie,derive,n135cedb780f59835
n135cedb780f59835--tied--stop--1,n2734--tied--stop--1,tied,stamp,n135cedb780f59835
n6b0278899062e2e6--slur--stop--1,n2735--slur--stop--1,slur,stamp,n6b0278899062e2e6
n305b7b8a48aba531--tie--1,,tie,derive,n305b7b8a48aba531
n305b7b8a48aba531--tied--start--1,n2737--tied--start--1,tied,stamp,n305b7b8a48aba531
ndd3a0945b71bd67f--staccatissimo--1,,staccatissimo,derive,ndd3a0945b71bd67f
ndd3a0945b71bd67f--staccato--1,,staccato,derive,ndd3a0945b71bd67f
n369b5833ef700281--staccatissimo--1,,staccatissimo,derive,n369b5833ef700281
n369b5833ef700281--staccato--1,,staccato,derive,n369b5833ef700281
e7b4f35c34734570d,md-1-160-1-1,dynamics,md,1
n8bea97cb8e7fdbae--tie--1,,tie,derive,n8bea97cb8e7fdbae
n8bea97cb8e7fdbae--tied--stop--1,n2744--tied--stop--1,tied,stamp,n8bea97cb8e7fdbae
n8bea97cb8e7fdbae--slur--start--1,n2744--slur--start--1,slur,stamp,n8bea97cb8e7fdbae
nd9e0e04350284a88--slur--stop--1,n2745--slur--stop--1,slur,stamp,nd9e0e04350284a88
nfd3df31b610e383a--tie--1,,tie,derive,nfd3df31b610e383a
nfd3df31b610e383a--tied--start--1,n2746--tied--start--1,tied,stamp,nfd3df31b610e383a
nda8b3c29180801d9--tie--1,,tie,derive,nda8b3c29180801d9
nda8b3c29180801d9--tied--start--1,n2747--tied--start--1,tied,stamp,nda8b3c29180801d9
n69cd76dc1565526f--tie--1,,tie,derive,n69cd76dc1565526f
n69cd76dc1565526f--tied--start--1,n2748--tied--start--1,tied,stamp,n69cd76dc1565526f
n0aaf8bab3f3dea5c--tie--1,,tie,derive,n0aaf8bab3f3dea5c
n0aaf8bab3f3dea5c--tied--start--1,n2749--tied--start--1,tied,stamp,n0aaf8bab3f3dea5c
nd94c87e70b84977f--staccatissimo--1,,staccatissimo,derive,nd94c87e70b84977f
nd94c87e70b84977f--staccato--1,,staccato,derive,nd94c87e70b84977f
n7302402ab5b5ca71--staccatissimo--1,,staccatissimo,derive,n7302402ab5b5ca71
n7302402ab5b5ca71--staccato--1,,staccato,derive,n7302402ab5b5ca71
n9728a1aefdf8b1ea--staccatissimo--1,,staccatissimo,derive,n9728a1aefdf8b1ea
n9728a1aefdf8b1ea--staccato--1,,staccato,derive,n9728a1aefdf8b1ea
e52cdc326a23dcf0b,md-1-161-1-1,dynamics,md,1
n307373dd71ff1a1f--tie--1,,tie,derive,n307373dd71ff1a1f
n307373dd71ff1a1f--tied--stop--1,n2755--tied--stop--1,tied,stamp,n307373dd71ff1a1f
n307373dd71ff1a1f--slur--start--1,n2755--slur--start--1,slur,stamp,n307373dd71ff1a1f
n959f60883c3d53ac--slur--stop--1,n2756--slur--stop--1,slur,stamp,n959f60883c3d53ac
n97c5039a358b63cf--tie--1,,tie,derive,n97c5039a358b63cf
n97c5039a358b63cf--tied--start--1,n2757--tied--start--1,tied,stamp,n97c5039a358b63cf
n9189ec3f16f031de--tie--1,,tie,derive,n9189ec3f16f031de
n9189ec3f16f031de--tied--stop--1,n2758--tied--stop--1,tied,stamp,n9189ec3f16f031de
n73c205d226644797--tie--1,,tie,derive,n73c205d226644797
n73c205d226644797--tied--stop--1,n2759--tied--stop--1,tied,stamp,n73c205d226644797
n0b4ad859cb08f53c--tie--1,,tie,derive,n0b4ad859cb08f53c
n0b4ad859cb08f53c--tied--stop--1,n2760--tied--stop--1,tied,stamp,n0b4ad859cb08f53c
n34b9a3a0aecc3313--slur--start--1,n2763--slur--start--1,slur,stamp,n34b9a3a0aecc3313
n34b9a3a0aecc3313--slur--start--2,n2763--slur--start--2,slur,stamp,n34b9a3a0aecc3313
nb3a96eec9a8966df--staccatissimo--1,,staccatissimo,derive,nb3a96eec9a8966df
nb3a96eec9a8966df--staccato--1,,staccato,derive,nb3a96eec9a8966df
n2790960945ad1ba3--staccatissimo--1,,staccatissimo,derive,n2790960945ad1ba3
n2790960945ad1ba3--staccato--1,,staccato,derive,n2790960945ad1ba3
nfd1a6cac4b384830--staccatissimo--1,,staccatissimo,derive,nfd1a6cac4b384830
nfd1a6cac4b384830--staccato--1,,staccato,derive,nfd1a6cac4b384830
e14d5c113b8340309,md-1-162-1-1,dynamics,md,1
ne71266e6129a9786--tie--1,,tie,derive,ne71266e6129a9786
ne71266e6129a9786--tied--stop--1,n2768--tied--stop--1,tied,stamp,ne71266e6129a9786
ne71266e6129a9786--slur--start--1,n2768--slur--start--1,slur,stamp,ne71266e6129a9786
n51bebca52c05e42e--slur--stop--1,n2769--slur--stop--1,slur,stamp,n51bebca52c05e42e
na5b4faaf02690ace--tie--1,,tie,derive,na5b4faaf02690ace
na5b4faaf02690ace--tied--start--1,n2770--tied--start--1,tied,stamp,na5b4faaf02690ace
n3593d9e5f98749ba--slur--stop--1,n2771--slur--stop--1,slur,stamp,n3593d9e5f98749ba
n3593d9e5f98749ba--slur--stop--2,n2771--slur--stop--2,slur,stamp,n3593d9e5f98749ba
n407579fa918bf918--tie--1,,tie,derive,n407579fa918bf918
n407579fa918bf918--tied--start--1,n2773--tied--start--1,tied,stamp,n407579fa918bf918
n5b8a465081792518--tie--1,,tie,derive,n5b8a465081792518
n5b8a465081792518--tied--start--1,n2774--tied--start--1,tied,stamp,n5b8a465081792518
n5f7fe81627a48097--staccatissimo--1,,staccatissimo,derive,n5f7fe81627a48097
n5f7fe81627a48097--staccato--1,,staccato,derive,n5f7fe81627a48097
n443cc5708ec8e1d8--staccatissimo--1,,staccatissimo,derive,n443cc5708ec8e1d8
n443cc5708ec8e1d8--staccato--1,,staccato,derive,n443cc5708ec8e1d8
n04bf93445a2b8995--staccatissimo--1,,staccatissimo,derive,n04bf93445a2b8995
n04bf93445a2b8995--staccato--1,,staccato,derive,n04bf93445a2b8995
ef5debc544f356284,md-1-163-1-1,dynamics,md,1
n789807384d286b33--tie--1,,tie,derive,n789807384d286b33
n789807384d286b33--tied--stop--1,n2778--tied--stop--1,tied,stamp,n789807384d286b33
n789807384d286b33--slur--start--1,n2778--slur--start--1,slur,stamp,n789807384d286b33
n61809d160bfe262e--slur--stop--1,n2779--slur--stop--1,slur,stamp,n61809d160bfe262e
n0860832065b5dfdb--tie--1,,tie,derive,n0860832065b5dfdb
n0860832065b5dfdb--tied--start--1,n2780--tied--start--1,tied,stamp,n0860832065b5dfdb
n2dace1cd262cfb6a--tie--1,,tie,derive,n2dace1cd262cfb6a
n2dace1cd262cfb6a--tied--stop--1,n2781--tied--stop--1,tied,stamp,n2dace1cd262cfb6a
nacd378fb255727db--tie--1,,tie,derive,nacd378fb255727db
nacd378fb255727db--tied--stop--1,n2782--tied--stop--1,tied,stamp,nacd378fb255727db
n3cef98127e7caba5--slur--start--1,n2785--slur--start--1,slur,stamp,n3cef98127e7caba5
n3cef98127e7caba5--slur--start--2,n2785--slur--start--2,slur,stamp,n3cef98127e7caba5
n3d67ecbacf2976b5--staccatissimo--1,,staccatissimo,derive,n3d67ecbacf2976b5
n3d67ecbacf2976b5--staccato--1,,staccato,derive,n3d67ecbacf2976b5
ne5126b0f557903c9--staccatissimo--1,,staccatissimo,derive,ne5126b0f557903c9
ne5126b0f557903c9--staccato--1,,staccato,derive,ne5126b0f557903c9
n5e6c99160300abe2--staccatissimo--1,,staccatissimo,derive,n5e6c99160300abe2
n5e6c99160300abe2--staccato--1,,staccato,derive,n5e6c99160300abe2
nd212cc86e62d18a4--tie--1,,tie,derive,nd212cc86e62d18a4
nd212cc86e62d18a4--tied--stop--1,n2790--tied--stop--1,tied,stamp,nd212cc86e62d18a4
nd212cc86e62d18a4--slur--start--1,n2790--slur--start--1,slur,stamp,nd212cc86e62d18a4
n33d8b435f7dbe8dd--slur--stop--1,n2791--slur--stop--1,slur,stamp,n33d8b435f7dbe8dd
n8454c82801061da3--slur--stop--1,n2793--slur--stop--1,slur,stamp,n8454c82801061da3
n8454c82801061da3--slur--stop--2,n2793--slur--stop--2,slur,stamp,n8454c82801061da3
nc8fc952f9a80d288--staccatissimo--1,,staccatissimo,derive,nc8fc952f9a80d288
nc8fc952f9a80d288--staccato--1,,staccato,derive,nc8fc952f9a80d288
nbee88597dab2040a--staccatissimo--1,,staccatissimo,derive,nbee88597dab2040a
nbee88597dab2040a--staccato--1,,staccato,derive,nbee88597dab2040a
nceebe0d66741c6ba--staccatissimo--1,,staccatissimo,derive,nceebe0d66741c6ba
nceebe0d66741c6ba--staccato--1,,staccato,derive,nceebe0d66741c6ba
e0729d2ed2964979f,md-1-165-1-1,dynamics,md,1
n11e37c5bf06c7da6--tie--1,,tie,derive,n11e37c5bf06c7da6
n11e37c5bf06c7da6--tied--start--1,n2802--tied--start--1,tied,stamp,n11e37c5bf06c7da6
n264fb7f8d482994e--staccatissimo--1,,staccatissimo,derive,n264fb7f8d482994e
n264fb7f8d482994e--staccato--1,,staccato,derive,n264fb7f8d482994e
e47898ae3fe9ff3fe,md-1-166-1-1,dynamics,md,1
nd257a02534ad41e1--tie--1,,tie,derive,nd257a02534ad41e1
nd257a02534ad41e1--tied--stop--1,n2820--tied--stop--1,tied,stamp,nd257a02534ad41e1
nd257a02534ad41e1--slur--start--1,n2820--slur--start--1,slur,stamp,nd257a02534ad41e1
nb1a08d4c1d980b2d--slur--stop--1,n2821--slur--stop--1,slur,stamp,nb1a08d4c1d980b2d
n5357e120ad0c29f3--tie--1,,tie,derive,n5357e120ad0c29f3
n5357e120ad0c29f3--tied--start--1,n2822--tied--start--1,tied,stamp,n5357e120ad0c29f3
n492341ce24f5a039--tie--1,,tie,derive,n492341ce24f5a039
n492341ce24f5a039--tied--start--1,n2823--tied--start--1,tied,stamp,n492341ce24f5a039
n119d1fb8b02c213f--staccatissimo--1,,staccatissimo,derive,n119d1fb8b02c213f
n119d1fb8b02c213f--staccato--1,,staccato,derive,n119d1fb8b02c213f
n8bb131aeb447c871--staccatissimo--1,,staccatissimo,derive,n8bb131aeb447c871
n8bb131aeb447c871--staccato--1,,staccato,derive,n8bb131aeb447c871
nde58c693471d351f--staccatissimo--1,,staccatissimo,derive,nde58c693471d351f
nde58c693471d351f--staccato--1,,staccato,derive,nde58c693471d351f
e5dceb123fe6648fe,md-1-167-1-1,dynamics,md,1
n7fd8f37ceb53eeee--tie--1,,tie,derive,n7fd8f37ceb53eeee
n7fd8f37ceb53eeee--tied--stop--1,n2833--tied--stop--1,tied,stamp,n7fd8f37ceb53eeee
n7fd8f37ceb53eeee--slur--start--1,n2833--slur--start--1,slur,stamp,n7fd8f37ceb53eeee
n5696f564dd19be0e--tie--1,,tie,derive,n5696f564dd19be0e
n5696f564dd19be0e--tied--stop--1,n2834--tied--stop--1,tied,stamp,n5696f564dd19be0e
n65a75dcd8107af80--slur--stop--1,n2835--slur--stop--1,slur,stamp,n65a75dcd8107af80
n9bff075d60147ada--tie--1,,tie,derive,n9bff075d60147ada
n9bff075d60147ada--tied--start--1,n2837--tied--start--1,tied,stamp,n9bff075d60147ada
na7fc708cfe750e90--tie--1,,tie,derive,na7fc708cfe750e90
na7fc708cfe750e90--tied--start--1,n2838--tied--start--1,tied,stamp,na7fc708cfe750e90
n635538821c661ef8--staccatissimo--1,,staccatissimo,derive,n635538821c661ef8
n635538821c661ef8--staccato--1,,staccato,derive,n635538821c661ef8
nb1a907827e3d04ba--staccatissimo--1,,staccatissimo,derive,nb1a907827e3d04ba
nb1a907827e3d04ba--staccato--1,,staccato,derive,nb1a907827e3d04ba
n0496dea362f9b78d--staccatissimo--1,,staccatissimo,derive,n0496dea362f9b78d
n0496dea362f9b78d--staccato--1,,staccato,derive,n0496dea362f9b78d
n0ca457bb08a61dde--tie--1,,tie,derive,n0ca457bb08a61dde
n0ca457bb08a61dde--tied--stop--1,n2846--tied--stop--1,tied,stamp,n0ca457bb08a61dde
n0ca457bb08a61dde--slur--start--1,n2846--slur--start--1,slur,stamp,n0ca457bb08a61dde
n1d9c7a136997866f--tie--1,,tie,derive,n1d9c7a136997866f
n1d9c7a136997866f--tied--stop--1,n2847--tied--stop--1,tied,stamp,n1d9c7a136997866f
n0670e2913f83d494--slur--stop--1,n2848--slur--stop--1,slur,stamp,n0670e2913f83d494
nb57910ecd7c2b20b--tie--1,,tie,derive,nb57910ecd7c2b20b
nb57910ecd7c2b20b--tied--start--1,n2850--tied--start--1,tied,stamp,nb57910ecd7c2b20b
n15328ad98d7c54cd--tie--1,,tie,derive,n15328ad98d7c54cd
n15328ad98d7c54cd--tied--start--1,n2851--tied--start--1,tied,stamp,n15328ad98d7c54cd
n3fb39f6c81a3e8d7--staccatissimo--1,,staccatissimo,derive,n3fb39f6c81a3e8d7
n3fb39f6c81a3e8d7--staccato--1,,staccato,derive,n3fb39f6c81a3e8d7
nbca11f5dc4b9466c--staccatissimo--1,,staccatissimo,derive,nbca11f5dc4b9466c
nbca11f5dc4b9466c--staccato--1,,staccato,derive,nbca11f5dc4b9466c
n275cde6d708b968d--staccatissimo--1,,staccatissimo,derive,n275cde6d708b968d
n275cde6d708b968d--staccato--1,,staccato,derive,n275cde6d708b968d
n94e17cd34f699e15--tie--1,,tie,derive,n94e17cd34f699e15
n94e17cd34f699e15--tied--stop--1,n2859--tied--stop--1,tied,stamp,n94e17cd34f699e15
n94e17cd34f699e15--slur--start--1,n2859--slur--start--1,slur,stamp,n94e17cd34f699e15
n3fafd34667d29285--tie--1,,tie,derive,n3fafd34667d29285
n3fafd34667d29285--tied--stop--1,n2860--tied--stop--1,tied,stamp,n3fafd34667d29285
n86948a453e61588c--slur--stop--1,n2861--slur--stop--1,slur,stamp,n86948a453e61588c
n089b54630e0c31b6--tie--1,,tie,derive,n089b54630e0c31b6
n089b54630e0c31b6--tied--start--1,n2863--tied--start--1,tied,stamp,n089b54630e0c31b6
n089b54630e0c31b6--slur--start--1,n2863--slur--start--1,slur,stamp,n089b54630e0c31b6
n914f450ba04d7809--slur--start--1,n2864--slur--start--1,slur,stamp,n914f450ba04d7809
na7e5d3a6ac4656d0--staccatissimo--1,,staccatissimo,derive,na7e5d3a6ac4656d0
na7e5d3a6ac4656d0--staccato--1,,staccato,derive,na7e5d3a6ac4656d0
n86d4552a8ab21b5a--staccatissimo--1,,staccatissimo,derive,n86d4552a8ab21b5a
n86d4552a8ab21b5a--staccato--1,,staccato,derive,n86d4552a8ab21b5a
nd99134ea0ce007db--staccatissimo--1,,staccatissimo,derive,nd99134ea0ce007db
nd99134ea0ce007db--staccato--1,,staccato,derive,nd99134ea0ce007db
ne401619c493ea12d--staccatissimo--1,,staccatissimo,derive,ne401619c493ea12d
ne401619c493ea12d--staccato--1,,staccato,derive,ne401619c493ea12d
naf8964a48cc6e861--staccatissimo--1,,staccatissimo,derive,naf8964a48cc6e861
naf8964a48cc6e861--staccato--1,,staccato,derive,naf8964a48cc6e861
n2e7c08b7924d3783--tie--1,,tie,derive,n2e7c08b7924d3783
n2e7c08b7924d3783--tied--stop--1,n2875--tied--stop--1,tied,stamp,n2e7c08b7924d3783
nd06dc756a93bccd8--slur--stop--1,n2876--slur--stop--1,slur,stamp,nd06dc756a93bccd8
n7a81d7a0816f7c3d--tie--1,,tie,derive,n7a81d7a0816f7c3d
n7a81d7a0816f7c3d--tied--start--1,n2877--tied--start--1,tied,stamp,n7a81d7a0816f7c3d
n261cae9625eaaa33--tie--1,,tie,derive,n261cae9625eaaa33
n261cae9625eaaa33--tied--start--1,n2878--tied--start--1,tied,stamp,n261cae9625eaaa33
nec9552bada1adf51--slur--stop--1,n2880--slur--stop--1,slur,stamp,nec9552bada1adf51
nb2ea3a7acc3e6d24--staccatissimo--1,,staccatissimo,derive,nb2ea3a7acc3e6d24
nb2ea3a7acc3e6d24--staccato--1,,staccato,derive,nb2ea3a7acc3e6d24
n593367f491808290--staccatissimo--1,,staccatissimo,derive,n593367f491808290
n593367f491808290--staccato--1,,staccato,derive,n593367f491808290
n2b7f7e266251dc6a--staccatissimo--1,,staccatissimo,derive,n2b7f7e266251dc6a
n2b7f7e266251dc6a--staccato--1,,staccato,derive,n2b7f7e266251dc6a
n531161c0ea002b7c--staccatissimo--1,,staccatissimo,derive,n531161c0ea002b7c
n531161c0ea002b7c--staccato--1,,staccato,derive,n531161c0ea002b7c
n0b5a586463f1d0da--staccatissimo--1,,staccatissimo,derive,n0b5a586463f1d0da
n0b5a586463f1d0da--staccato--1,,staccato,derive,n0b5a586463f1d0da
ec2e0d5b8839d55e7,md-1-171-1-1,wedge,md,1
ee0fcdf938f02c48f,md-1-171-1-2,wedge,md,1
n463007ff22ae4c34--tie--1,,tie,derive,n463007ff22ae4c34
n463007ff22ae4c34--tied--stop--1,n2891--tied--stop--1,tied,stamp,n463007ff22ae4c34
n463007ff22ae4c34--slur--start--1,n2891--slur--start--1,slur,stamp,n463007ff22ae4c34
n1bff6b731b5e3ae4--tie--1,,tie,derive,n1bff6b731b5e3ae4
n1bff6b731b5e3ae4--tied--stop--1,n2892--tied--stop--1,tied,stamp,n1bff6b731b5e3ae4
n168b0c5030d6feea--slur--stop--1,n2893--slur--stop--1,slur,stamp,n168b0c5030d6feea
n593b62ba3ec2ad1f--tie--1,,tie,derive,n593b62ba3ec2ad1f
n593b62ba3ec2ad1f--tied--start--1,n2895--tied--start--1,tied,stamp,n593b62ba3ec2ad1f
n7ad5d256f6ad3afd--tie--1,,tie,derive,n7ad5d256f6ad3afd
n7ad5d256f6ad3afd--tied--start--1,n2896--tied--start--1,tied,stamp,n7ad5d256f6ad3afd
n805ee8d06fa91e45--tie--1,,tie,derive,n805ee8d06fa91e45
n805ee8d06fa91e45--tied--start--1,n2897--tied--start--1,tied,stamp,n805ee8d06fa91e45
n4ea54a9075a489e5--staccatissimo--1,,staccatissimo,derive,n4ea54a9075a489e5
n4ea54a9075a489e5--staccato--1,,staccato,derive,n4ea54a9075a489e5
n7743167cd9097620--staccatissimo--1,,staccatissimo,derive,n7743167cd9097620
n7743167cd9097620--staccato--1,,staccato,derive,n7743167cd9097620
n7260aab7cb01d5d7--staccatissimo--1,,staccatissimo,derive,n7260aab7cb01d5d7
n7260aab7cb01d5d7--staccato--1,,staccato,derive,n7260aab7cb01d5d7
n57d9d8940d910fc2--staccatissimo--1,,staccatissimo,derive,n57d9d8940d910fc2
n57d9d8940d910fc2--staccato--1,,staccato,derive,n57d9d8940d910fc2
n05abb9cdb579fd4d--staccatissimo--1,,staccatissimo,derive,n05abb9cdb579fd4d
n05abb9cdb579fd4d--staccato--1,,staccato,derive,n05abb9cdb579fd4d
eee35039ab1f82a61,md-1-172-1-1,wedge,md,1
ed2ab763a3b8e31e0,md-1-172-1-2,wedge,md,1
e256c75766420cf2b,md-1-172-1-3,dynamics,md,1
n03ff83c0ce69ab7b--tie--1,,tie,derive,n03ff83c0ce69ab7b
n03ff83c0ce69ab7b--tied--stop--1,n2909--tied--stop--1,tied,stamp,n03ff83c0ce69ab7b
n03ff83c0ce69ab7b--slur--start--1,n2909--slur--start--1,slur,stamp,n03ff83c0ce69ab7b
n3272080d5bdc4a53--tie--1,,tie,derive,n3272080d5bdc4a53
n3272080d5bdc4a53--tied--stop--1,n2911--tied--stop--1,tied,stamp,n3272080d5bdc4a53
n3272080d5bdc4a53--slur--start--1,n2911--slur--start--1,slur,stamp,n3272080d5bdc4a53
nb3cf81b5742c524d--tie--1,,tie,derive,nb3cf81b5742c524d
nb3cf81b5742c524d--tied--stop--1,n2912--tied--stop--1,tied,stamp,nb3cf81b5742c524d
n044071aa6b710dc2--staccatissimo--1,,staccatissimo,derive,n044071aa6b710dc2
n044071aa6b710dc2--staccato--1,,staccato,derive,n044071aa6b710dc2
na817dc7da966bb10--staccatissimo--1,,staccatissimo,derive,na817dc7da966bb10
na817dc7da966bb10--staccato--1,,staccato,derive,na817dc7da966bb10
n2135dbbc41908bc8--staccatissimo--1,,staccatissimo,derive,n2135dbbc41908bc8
n2135dbbc41908bc8--staccato--1,,staccato,derive,n2135dbbc41908bc8
e119eb1aa914e6011,md-1-173-1-1,wedge,md,1
eee5f701bab913e75,md-1-173-1-2,wedge,md,1
n57f2f916351511d4--slur--stop--1,n2921--slur--stop--1,slur,stamp,n57f2f916351511d4
n72ee94fe85570a79--slur--stop--1,n2923--slur--stop--1,slur,stamp,n72ee94fe85570a79
n37eae2b06e495508--staccatissimo--1,,staccatissimo,derive,n37eae2b06e495508
n37eae2b06e495508--staccato--1,,staccato,derive,n37eae2b06e495508
n0f5ec0bcd7567d25--staccatissimo--1,,staccatissimo,derive,n0f5ec0bcd7567d25
n0f5ec0bcd7567d25--staccato--1,,staccato,derive,n0f5ec0bcd7567d25
nbea8368ac440029e--tuplet--start--1,n2927--tuplet--start--1,tuplet,stamp,nbea8368ac440029e
nbea8368ac440029e--slur--start--1,n2927--slur--start--1,slur,stamp,nbea8368ac440029e
n4139137b0395f12f--tuplet--stop--1,n2929--tuplet--stop--1,tuplet,stamp,n4139137b0395f12f
n4139137b0395f12f--slur--stop--1,n2929--slur--stop--1,slur,stamp,n4139137b0395f12f
e4897926bc5d82c2f,md-1-175-1-1,words,md,1
e34b565402448119e,md-1-175-1-2,dynamics,md,1
na2a21881456fdc47--tuplet--start--1,n2931--tuplet--start--1,tuplet,stamp,na2a21881456fdc47
na2a21881456fdc47--slur--start--1,n2931--slur--start--1,slur,stamp,na2a21881456fdc47
n33bf8340d00113f7--tuplet--stop--1,n2933--tuplet--stop--1,tuplet,stamp,n33bf8340d00113f7
n8bf94b6827078544--tuplet--start--1,n2934--tuplet--start--1,tuplet,stamp,n8bf94b6827078544
n2f2f26be5f7a95e8--tuplet--stop--1,n2936--tuplet--stop--1,tuplet,stamp,n2f2f26be5f7a95e8
n88eb4c12f249150a--tuplet--start--1,n2937--tuplet--start--1,tuplet,stamp,n88eb4c12f249150a
nc2c17d274c59fa00--tuplet--stop--1,n2939--tuplet--stop--1,tuplet,stamp,nc2c17d274c59fa00
nc2c17d274c59fa00--slur--stop--1,n2939--slur--stop--1,slur,stamp,nc2c17d274c59fa00
n567c2a85958df913--tuplet--start--1,n2940--tuplet--start--1,tuplet,stamp,n567c2a85958df913
n567c2a85958df913--slur--start--1,n2940--slur--start--1,slur,stamp,n567c2a85958df913
nc2974b353c1ab619--tuplet--stop--1,n2942--tuplet--stop--1,tuplet,stamp,nc2974b353c1ab619
n1d01e3831a70bcd4--tuplet--start--1,n2943--tuplet--start--1,tuplet,stamp,n1d01e3831a70bcd4
n6622629fbfe87c70--tuplet--stop--1,n2945--tuplet--stop--1,tuplet,stamp,n6622629fbfe87c70
nc763636fb8313f49--tuplet--start--1,n2946--tuplet--start--1,tuplet,stamp,nc763636fb8313f49
n7e0cea56bc47af12--tuplet--stop--1,n2948--tuplet--stop--1,tuplet,stamp,n7e0cea56bc47af12
n7e0cea56bc47af12--slur--stop--1,n2948--slur--stop--1,slur,stamp,n7e0cea56bc47af12
n7b60ac9cc0307bea--tuplet--start--1,n2949--tuplet--start--1,tuplet,stamp,n7b60ac9cc0307bea
n7b60ac9cc0307bea--slur--start--1,n2949--slur--start--1,slur,stamp,n7b60ac9cc0307bea
nea0f2ee401e59ef4--tuplet--stop--1,n2951--tuplet--stop--1,tuplet,stamp,nea0f2ee401e59ef4
n303eee346144c6e5--tuplet--start--1,n2952--tuplet--start--1,tuplet,stamp,n303eee346144c6e5
n79356c366164b8a6--tuplet--stop--1,n2954--tuplet--stop--1,tuplet,stamp,n79356c366164b8a6
n0dfd604fb317f91a--tuplet--start--1,n2955--tuplet--start--1,tuplet,stamp,n0dfd604fb317f91a
na4e272c6046f7a11--tuplet--stop--1,n2957--tuplet--stop--1,tuplet,stamp,na4e272c6046f7a11
na4e272c6046f7a11--slur--stop--1,n2957--slur--stop--1,slur,stamp,na4e272c6046f7a11
nc09f825bd4818a31--tuplet--start--1,n2958--tuplet--start--1,tuplet,stamp,nc09f825bd4818a31
nc09f825bd4818a31--slur--start--1,n2958--slur--start--1,slur,stamp,nc09f825bd4818a31
nae3cf981f742e9cc--tuplet--stop--1,n2960--tuplet--stop--1,tuplet,stamp,nae3cf981f742e9cc
n9cbd891e5f0c0947--tuplet--start--1,n2961--tuplet--start--1,tuplet,stamp,n9cbd891e5f0c0947
n124f03a69743b1c4--tuplet--stop--1,n2963--tuplet--stop--1,tuplet,stamp,n124f03a69743b1c4
ndff05a770167a60e--tuplet--start--1,n2964--tuplet--start--1,tuplet,stamp,ndff05a770167a60e
n2574e89bd6a9cd0c--tuplet--stop--1,n2966--tuplet--stop--1,tuplet,stamp,n2574e89bd6a9cd0c
n2574e89bd6a9cd0c--slur--stop--1,n2966--slur--stop--1,slur,stamp,n2574e89bd6a9cd0c
na568e0370458265f--tuplet--start--1,n2967--tuplet--start--1,tuplet,stamp,na568e0370458265f
na568e0370458265f--slur--start--1,n2967--slur--start--1,slur,stamp,na568e0370458265f
n76af14c82ed257a1--tuplet--stop--1,n2969--tuplet--stop--1,tuplet,stamp,n76af14c82ed257a1
n392645a9ce2d96ce--tuplet--start--1,n2970--tuplet--start--1,tuplet,stamp,n392645a9ce2d96ce
n9a80a17aba05ac31--tuplet--stop--1,n2972--tuplet--stop--1,tuplet,stamp,n9a80a17aba05ac31
n9498549c8b13944d--tuplet--start--1,n2973--tuplet--start--1,tuplet,stamp,n9498549c8b13944d
n82a2f7cdd8bc3fb1--tuplet--stop--1,n2975--tuplet--stop--1,tuplet,stamp,n82a2f7cdd8bc3fb1
n82a2f7cdd8bc3fb1--slur--stop--1,n2975--slur--stop--1,slur,stamp,n82a2f7cdd8bc3fb1
na9d4d16f4c007ec5--tuplet--start--1,n2976--tuplet--start--1,tuplet,stamp,na9d4d16f4c007ec5
na9d4d16f4c007ec5--slur--start--1,n2976--slur--start--1,slur,stamp,na9d4d16f4c007ec5
nd922716c18365062--tuplet--stop--1,n2978--tuplet--stop--1,tuplet,stamp,nd922716c18365062
nbf8a63ba0659ecbf--tuplet--start--1,n2979--tuplet--start--1,tuplet,stamp,nbf8a63ba0659ecbf
n30a79c82b1a47708--tuplet--stop--1,n2981--tuplet--stop--1,tuplet,stamp,n30a79c82b1a47708
n93eacbd3a977aa91--tuplet--start--1,n2982--tuplet--start--1,tuplet,stamp,n93eacbd3a977aa91
n002f3ffe140bae7f--tuplet--stop--1,n2984--tuplet--stop--1,tuplet,stamp,n002f3ffe140bae7f
n002f3ffe140bae7f--slur--stop--1,n2984--slur--stop--1,slur,stamp,n002f3ffe140bae7f
naa0515bc35c122e1--tuplet--start--1,n2985--tuplet--start--1,tuplet,stamp,naa0515bc35c122e1
naa0515bc35c122e1--slur--start--1,n2985--slur--start--1,slur,stamp,naa0515bc35c122e1
nb63b247e92f23cb8--tuplet--stop--1,n2988--tuplet--stop--1,tuplet,stamp,nb63b247e92f23cb8
n2be5c2522de52a5b--tuplet--start--1,n2990--tuplet--start--1,tuplet,stamp,n2be5c2522de52a5b
n03158d7a5671da2d--tuplet--stop--1,n2993--tuplet--stop--1,tuplet,stamp,n03158d7a5671da2d
n03158d7a5671da2d--slur--stop--1,n2993--slur--stop--1,slur,stamp,n03158d7a5671da2d
n556c5b5d70513cf3--slur--start--1,n2995--slur--start--1,slur,stamp,n556c5b5d70513cf3
nd0e256e4048d7de9--slur--stop--1,n2996--slur--stop--1,slur,stamp,nd0e256e4048d7de9
nd0e256e4048d7de9--slur--start--2,n2996--slur--start--2,slur,stamp,nd0e256e4048d7de9
n9330e06fea4325b5--slur--stop--1,n2999--slur--stop--1,slur,stamp,n9330e06fea4325b5
n342f4c490892a31b--tuplet--start--1,n3000--tuplet--start--1,tuplet,stamp,n342f4c490892a31b
n342f4c490892a31b--slur--start--1,n3000--slur--start--1,slur,stamp,n342f4c490892a31b
n03ae25495f18c85f--tuplet--stop--1,n3002--tuplet--stop--1,tuplet,stamp,n03ae25495f18c85f
n038cff4b09d48c07--tuplet--start--1,n3003--tuplet--start--1,tuplet,stamp,n038cff4b09d48c07
nea64d1e7c91b644d--tuplet--stop--1,n3005--tuplet--stop--1,tuplet,stamp,nea64d1e7c91b644d
naec0acfb26dc30db--tuplet--start--1,n3006--tuplet--start--1,tuplet,stamp,naec0acfb26dc30db
n8431f3edd9a090ff--tuplet--stop--1,n3008--tuplet--stop--1,tuplet,stamp,n8431f3edd9a090ff
n8431f3edd9a090ff--slur--stop--1,n3008--slur--stop--1,slur,stamp,n8431f3edd9a090ff
n79e0c26909b1f2fc--tuplet--start--1,n3009--tuplet--start--1,tuplet,stamp,n79e0c26909b1f2fc
n732e734350681ca7--tuplet--stop--1,n3011--tuplet--stop--1,tuplet,stamp,n732e734350681ca7
nea63ee75208050f0--tuplet--start--1,n3012--tuplet--start--1,tuplet,stamp,nea63ee75208050f0
n0810843f4b69812b--tuplet--stop--1,n3014--tuplet--stop--1,tuplet,stamp,n0810843f4b69812b
n205c9c4351a8f03c--tuplet--start--1,n3015--tuplet--start--1,tuplet,stamp,n205c9c4351a8f03c
n232558b3acd26bf6--tuplet--stop--1,n3017--tuplet--stop--1,tuplet,stamp,n232558b3acd26bf6
na7612355c3835ed0--tuplet--start--1,n3018--tuplet--start--1,tuplet,stamp,na7612355c3835ed0
na7612355c3835ed0--slur--start--1,n3018--slur--start--1,slur,stamp,na7612355c3835ed0
nbc0aad615496f3e8--tuplet--stop--1,n3020--tuplet--stop--1,tuplet,stamp,nbc0aad615496f3e8
nbc0aad615496f3e8--slur--stop--1,n3020--slur--stop--1,slur,stamp,nbc0aad615496f3e8
n0b3bf195561d2a46--tuplet--start--1,n3021--tuplet--start--1,tuplet,stamp,n0b3bf195561d2a46
n0b3bf195561d2a46--slur--start--1,n3021--slur--start--1,slur,stamp,n0b3bf195561d2a46
nf1b84fe68f57a83c--tuplet--stop--1,n3023--tuplet--stop--1,tuplet,stamp,nf1b84fe68f57a83c
n155135c900c70eac--tuplet--start--1,n3024--tuplet--start--1,tuplet,stamp,n155135c900c70eac
n36358ff5385f7032--tuplet--stop--1,n3026--tuplet--stop--1,tuplet,stamp,n36358ff5385f7032
ncd388bee5902bfa4--tuplet--start--1,n3027--tuplet--start--1,tuplet,stamp,ncd388bee5902bfa4
n6c6ec87ae80f9cfb--tuplet--stop--1,n3029--tuplet--stop--1,tuplet,stamp,n6c6ec87ae80f9cfb
n231066fe483a4a99--tuplet--start--1,n3030--tuplet--start--1,tuplet,stamp,n231066fe483a4a99
n6fa568f9bc1687e8--tuplet--stop--1,n3032--tuplet--stop--1,tuplet,stamp,n6fa568f9bc1687e8
n217dde84c866bed0--tuplet--start--1,n3033--tuplet--start--1,tuplet,stamp,n217dde84c866bed0
nc664806463b0bd63--tuplet--stop--1,n3035--tuplet--stop--1,tuplet,stamp,nc664806463b0bd63
n03f025aeb5b97361--tuplet--start--1,n3036--tuplet--start--1,tuplet,stamp,n03f025aeb5b97361
nbf3c36e51967b093--tuplet--stop--1,n3038--tuplet--stop--1,tuplet,stamp,nbf3c36e51967b093
nd36a1cd02a472dad--tuplet--start--1,n3039--tuplet--start--1,tuplet,stamp,nd36a1cd02a472dad
nc97c7bc6fbb4f222--tuplet--stop--1,n3041--tuplet--stop--1,tuplet,stamp,nc97c7bc6fbb4f222
n696b7e6c5bed267f--tuplet--start--1,n3042--tuplet--start--1,tuplet,stamp,n696b7e6c5bed267f
n74b09a44f56143f1--tuplet--stop--1,n3044--tuplet--stop--1,tuplet,stamp,n74b09a44f56143f1
n74b09a44f56143f1--slur--stop--1,n3044--slur--stop--1,slur,stamp,n74b09a44f56143f1
e213c8005e88b0a89,md-1-181-1-1,dynamics,md,1
n3b3fe2197c34a78c--tuplet--start--1,n3045--tuplet--start--1,tuplet,stamp,n3b3fe2197c34a78c
n3b3fe2197c34a78c--slur--start--1,n3045--slur--start--1,slur,stamp,n3b3fe2197c34a78c
n65ca51877208b92e--tuplet--stop--1,n3047--tuplet--stop--1,tuplet,stamp,n65ca51877208b92e
ne16314fc9e33efab--tuplet--start--1,n3048--tuplet--start--1,tuplet,stamp,ne16314fc9e33efab
n5e5ee3ee704aa035--tuplet--stop--1,n3051--tuplet--stop--1,tuplet,stamp,n5e5ee3ee704aa035
n5614efd9c7b92438--tuplet--start--1,n3053--tuplet--start--1,tuplet,stamp,n5614efd9c7b92438
na7c6798336341537--tuplet--stop--1,n3056--tuplet--stop--1,tuplet,stamp,na7c6798336341537
na7c6798336341537--slur--stop--1,n3056--slur--stop--1,slur,stamp,na7c6798336341537
n631b6e16e7dbd9d9--tuplet--start--1,n3058--tuplet--start--1,tuplet,stamp,n631b6e16e7dbd9d9
n631b6e16e7dbd9d9--slur--start--1,n3058--slur--start--1,slur,stamp,n631b6e16e7dbd9d9
nd3becd870ab0f08a--tuplet--stop--1,n3060--tuplet--stop--1,tuplet,stamp,nd3becd870ab0f08a
n70222e7f7203e2e8--tuplet--start--1,n3061--tuplet--start--1,tuplet,stamp,n70222e7f7203e2e8
n416c5c11caac9da1--tuplet--stop--1,n3063--tuplet--stop--1,tuplet,stamp,n416c5c11caac9da1
nbbcd5f2a40117412--tuplet--start--1,n3064--tuplet--start--1,tuplet,stamp,nbbcd5f2a40117412
n251cb977327b8ecf--tuplet--stop--1,n3066--tuplet--stop--1,tuplet,stamp,n251cb977327b8ecf
n251cb977327b8ecf--slur--stop--1,n3066--slur--stop--1,slur,stamp,n251cb977327b8ecf
nac45d0d09322a5d0--slur--start--1,n3067--slur--start--1,slur,stamp,nac45d0d09322a5d0
n3473a0b8ed596fd0--slur--stop--1,n3069--slur--stop--1,slur,stamp,n3473a0b8ed596fd0
n1265952e4385be08--slur--start--1,n3071--slur--start--1,slur,stamp,n1265952e4385be08
neb2f2358331c52bd--slur--stop--1,n3072--slur--stop--1,slur,stamp,neb2f2358331c52bd
nf845a65c0fe763c8--slur--start--1,n3073--slur--start--1,slur,stamp,nf845a65c0fe763c8
n860599563f4f9cb5--slur--stop--1,n3074--slur--stop--1,slur,stamp,n860599563f4f9cb5
ne3dec66222cd31ed--tuplet--start--1,n3075--tuplet--start--1,tuplet,stamp,ne3dec66222cd31ed
ne3dec66222cd31ed--slur--start--1,n3075--slur--start--1,slur,stamp,ne3dec66222cd31ed
ne3f51a9b2d0e0eaf--tuplet--stop--1,n3077--tuplet--stop--1,tuplet,stamp,ne3f51a9b2d0e0eaf
n416b3d2784fe0172--tuplet--start--1,n3078--tuplet--start--1,tuplet,stamp,n416b3d2784fe0172
nd4e610d33988c538--tuplet--stop--1,n3080--tuplet--stop--1,tuplet,stamp,nd4e610d33988c538
n062d925e464fe304--tuplet--start--1,n3081--tuplet--start--1,tuplet,stamp,n062d925e464fe304
n58f45b8ac9ce9272--tuplet--stop--1,n3083--tuplet--stop--1,tuplet,stamp,n58f45b8ac9ce9272
n58f45b8ac9ce9272--slur--stop--1,n3083--slur--stop--1,slur,stamp,n58f45b8ac9ce9272
e0e67459ee351a092,md-1-183-1-1,dynamics,md,1
n9ff86be0e877f6e9--slur--start--1,n3084--slur--start--1,slur,stamp,n9ff86be0e877f6e9
na5906a57621531f0--slur--stop--1,n3095--slur--stop--1,slur,stamp,na5906a57621531f0
n87d3c11373539c7c--slur--start--1,n3096--slur--start--1,slur,stamp,n87d3c11373539c7c
n98c3aabf467b7858--slur--stop--1,n3097--slur--stop--1,slur,stamp,n98c3aabf467b7858
n56e8c7f14fc87070--slur--start--1,n3099--slur--start--1,slur,stamp,n56e8c7f14fc87070
n70245f1064899afc--slur--stop--1,n3110--slur--stop--1,slur,stamp,n70245f1064899afc
nb8229c54dd4e1454--slur--start--1,n3111--slur--start--1,slur,stamp,nb8229c54dd4e1454
nebb7e6c36580fd50--slur--stop--1,n3122--slur--stop--1,slur,stamp,nebb7e6c36580fd50
n7df48c4bca432b96--slur--start--1,n3123--slur--start--1,slur,stamp,n7df48c4bca432b96
n26e94ca770405dc8--slur--stop--1,n3124--slur--stop--1,slur,stamp,n26e94ca770405dc8
nb44fa92b186ad10c--slur--start--1,n3125--slur--start--1,slur,stamp,nb44fa92b186ad10c
n138c48af4b1f5fc2--slur--stop--1,n3128--slur--stop--1,slur,stamp,n138c48af4b1f5fc2
n30613e2c986524df--slur--start--1,n3129--slur--start--1,slur,stamp,n30613e2c986524df
n90625c34ed47503c--slur--stop--1,n3140--slur--stop--1,slur,stamp,n90625c34ed47503c
n654471606dca280b--slur--start--1,n3141--slur--start--1,slur,stamp,n654471606dca280b
na1aa27bf61ece1c7--slur--stop--1,n3152--slur--stop--1,slur,stamp,na1aa27bf61ece1c7
n7e4944fc2bdb3d3c--slur--start--1,n3154--slur--start--1,slur,stamp,n7e4944fc2bdb3d3c
n33f2e5c0d87c4078--slur--stop--1,n3155--slur--stop--1,slur,stamp,n33f2e5c0d87c4078
n29de47e2951f68de--slur--start--1,n3156--slur--start--1,slur,stamp,n29de47e2951f68de
nf7b43a0434bbff13--slur--stop--1,n3167--slur--stop--1,slur,stamp,nf7b43a0434bbff13
nd59da3fcd7f51cfd--slur--start--1,n3168--slur--start--1,slur,stamp,nd59da3fcd7f51cfd
n25e92e068a061c43--slur--stop--1,n3175--slur--stop--1,slur,stamp,n25e92e068a061c43
nd43658da990e8eb2--slur--start--1,n3176--slur--start--1,slur,stamp,nd43658da990e8eb2
n3325e545196bc547--slur--stop--1,n3177--slur--stop--1,slur,stamp,n3325e545196bc547
n3325e545196bc547--slur--start--2,n3177--slur--start--2,slur,stamp,n3325e545196bc547
na35f4ae13764c104--slur--stop--1,n3180--slur--stop--1,slur,stamp,na35f4ae13764c104
nce8da2a46eee776e--slur--start--1,n3185--slur--start--1,slur,stamp,nce8da2a46eee776e
ne9ed31eeaa3dcc65--slur--stop--1,n3196--slur--stop--1,slur,stamp,ne9ed31eeaa3dcc65
n57e7ce4c9f806985--slur--start--1,n3197--slur--start--1,slur,stamp,n57e7ce4c9f806985
n2b5f9287a2feb9f5--slur--start--1,n3212--slur--start--1,slur,stamp,n2b5f9287a2feb9f5
n23429aaaf756ab69--slur--stop--1,n3215--slur--stop--1,slur,stamp,n23429aaaf756ab69
n914fa719ed53ef48--slur--start--1,n3216--slur--start--1,slur,stamp,n914fa719ed53ef48
ec0a8f59400ff24d0,md-1-188-1-1,dynamics,md,1
n9927a2c21fa33540--slur--stop--1,n3235--slur--stop--1,slur,stamp,n9927a2c21fa33540
n4e98fa5328baa64b--slur--stop--1,n3250--slur--stop--1,slur,stamp,n4e98fa5328baa64b
ne0f0a3e675075ae6--slur--start--1,n3251--slur--start--1,slur,stamp,ne0f0a3e675075ae6
nbb82e6aae3ead9f8--slur--stop--1,n3262--slur--stop--1,slur,stamp,nbb82e6aae3ead9f8
n4a7716928e60715c--slur--start--1,n3264--slur--start--1,slur,stamp,n4a7716928e60715c
nd4ae849c782667df--slur--start--1,n3268--slur--start--1,slur,stamp,nd4ae849c782667df
nd680538391bad8d6--slur--stop--1,n3279--slur--stop--1,slur,stamp,nd680538391bad8d6
eb9776951be42d5fe,md-1-190-1-1,dynamics,md,1
na04b348535a8d938--slur--start--1,n3282--slur--start--1,slur,stamp,na04b348535a8d938
n67d4ccf77e2749d9--slur--stop--1,n3283--slur--stop--1,slur,stamp,n67d4ccf77e2749d9
n8ea45459adcb288a--slur--start--1,n3284--slur--start--1,slur,stamp,n8ea45459adcb288a
nd8bf5dea4e12b643--slur--stop--1,n3285--slur--stop--1,slur,stamp,nd8bf5dea4e12b643
nb99eb7ca131bd35c--slur--stop--1,n3286--slur--stop--1,slur,stamp,nb99eb7ca131bd35c
nb636d86bd7b08233--slur--start--1,n3287--slur--start--1,slur,stamp,nb636d86bd7b08233
n54d81c5ed7c2335f--slur--stop--1,n3290--slur--stop--1,slur,stamp,n54d81c5ed7c2335f
nfa4a62c4ba15f5c7--accent--1,,accent,derive,nfa4a62c4ba15f5c7
n2d6b9fd315cc295e--accent--1,,accent,derive,n2d6b9fd315cc295e
nfc919b413d8ff48f--tie--1,,tie,derive,nfc919b413d8ff48f
nfc919b413d8ff48f--tied--start--1,n3296--tied--start--1,tied,stamp,nfc919b413d8ff48f
nfc919b413d8ff48f--accent--1,,accent,derive,nfc919b413d8ff48f
n6a253316893c6f29--tie--1,,tie,derive,n6a253316893c6f29
n6a253316893c6f29--tied--stop--1,n3309--tied--stop--1,tied,stamp,n6a253316893c6f29
n6a253316893c6f29--slur--start--1,n3309--slur--start--1,slur,stamp,n6a253316893c6f29
n461f753db7e26161--slur--stop--1,n3320--slur--stop--1,slur,stamp,n461f753db7e26161
n3072de1225a27c94--accent--1,,accent,derive,n3072de1225a27c94
n0e7a25a3e63c4a73--accent--1,,accent,derive,n0e7a25a3e63c4a73
n93a302f4fddf2433--tie--1,,tie,derive,n93a302f4fddf2433
n93a302f4fddf2433--tied--start--1,n3330--tied--start--1,tied,stamp,n93a302f4fddf2433
n93a302f4fddf2433--accent--1,,accent,derive,n93a302f4fddf2433
n42a25ddc35bfa026--tie--1,,tie,derive,n42a25ddc35bfa026
n42a25ddc35bfa026--tied--stop--1,n3343--tied--stop--1,tied,stamp,n42a25ddc35bfa026
n42a25ddc35bfa026--slur--start--1,n3343--slur--start--1,slur,stamp,n42a25ddc35bfa026
n77e50e91e36875e0--slur--stop--1,n3354--slur--stop--1,slur,stamp,n77e50e91e36875e0
n8dca6ccdfdf9dcb1--slur--start--1,n3361--slur--start--1,slur,stamp,n8dca6ccdfdf9dcb1
nc434d57d5fc8d99d--slur--start--1,n3364--slur--start--1,slur,stamp,nc434d57d5fc8d99d
nd956618e8e019502--slur--stop--1,n3366--slur--stop--1,slur,stamp,nd956618e8e019502
n6c666d84703aa927--slur--start--1,n3367--slur--start--1,slur,stamp,n6c666d84703aa927
ncbc88f9030ad3d97--slur--stop--1,n3369--slur--stop--1,slur,stamp,ncbc88f9030ad3d97
n3a9828d8ee2f16ce--slur--start--1,n3370--slur--start--1,slur,stamp,n3a9828d8ee2f16ce
nd09f247b05fd4a79--slur--stop--1,n3372--slur--stop--1,slur,stamp,nd09f247b05fd4a79
ne1248ca87c8773dc--slur--start--1,n3373--slur--start--1,slur,stamp,ne1248ca87c8773dc
n5429d8c089113e6d--slur--stop--1,n3378--slur--stop--1,slur,stamp,n5429d8c089113e6d
e2696063906c9b81f,md-1-196-1-1,dynamics,md,1
n3524f632b837fb30--slur--stop--1,n3381--slur--stop--1,slur,stamp,n3524f632b837fb30
nbaf85d9254011a0f--slur--start--1,n3382--slur--start--1,slur,stamp,nbaf85d9254011a0f
nff1cdf4492d5d80c--slur--stop--1,n3384--slur--stop--1,slur,stamp,nff1cdf4492d5d80c
n8b1baec62a15b00c--slur--start--1,n3385--slur--start--1,slur,stamp,n8b1baec62a15b00c
ne343756fe1bd192f--slur--stop--1,n3387--slur--stop--1,slur,stamp,ne343756fe1bd192f
ndd510cc965509870--slur--start--1,n3388--slur--start--1,slur,stamp,ndd510cc965509870
nd7e2f3134449727e--slur--stop--1,n3390--slur--stop--1,slur,stamp,nd7e2f3134449727e
n1a409501e8e890ce--slur--start--1,n3391--slur--start--1,slur,stamp,n1a409501e8e890ce
n1d67fa021476d722--slur--stop--1,n3396--slur--stop--1,slur,stamp,n1d67fa021476d722
nfc3b043dfe6cad4e--slur--start--1,n3397--slur--start--1,slur,stamp,nfc3b043dfe6cad4e
nc271c0c69021802b--slur--stop--1,n3398--slur--stop--1,slur,stamp,nc271c0c69021802b
ne2656fe81648c41b--slur--start--1,n3399--slur--start--1,slur,stamp,ne2656fe81648c41b
n05ad78f3a4f7efc2--slur--stop--1,n3410--slur--stop--1,slur,stamp,n05ad78f3a4f7efc2
n7f7058e6bea9cdce--slur--start--1,n3411--slur--start--1,slur,stamp,n7f7058e6bea9cdce
n8ea0c71db9b88e3a--slur--stop--1,n3416--slur--stop--1,slur,stamp,n8ea0c71db9b88e3a
e8866399d13b7e153,md-1-198-1-1,dynamics,md,1
e0d642a022f27ae0e,md-1-198-1-2,dynamics,md,1
n9229f1bb211f5302--slur--start--1,n3417--slur--start--1,slur,stamp,n9229f1bb211f5302
nb3aa514456816c45--slur--stop--1,n3418--slur--stop--1,slur,stamp,nb3aa514456816c45
n27e1b0f9b02a8d89--slur--start--1,n3419--slur--start--1,slur,stamp,n27e1b0f9b02a8d89
n63a903d6921cdc00--slur--stop--1,n3430--slur--stop--1,slur,stamp,n63a903d6921cdc00
n8d76f0da6e1427d9--slur--start--1,n3431--slur--start--1,slur,stamp,n8d76f0da6e1427d9
n7b5723a386c6bbe2--slur--stop--1,n3436--slur--stop--1,slur,stamp,n7b5723a386c6bbe2
e235f88d4f473539a,md-1-199-1-1,dynamics,md,1
n08bcec131a43eb3c--slur--start--1,n3437--slur--start--1,slur,stamp,n08bcec131a43eb3c
nd3a677c176813d9b--slur--stop--1,n3438--slur--stop--1,slur,stamp,nd3a677c176813d9b
n03ce2f9471dc6cd2--slur--start--1,n3439--slur--start--1,slur,stamp,n03ce2f9471dc6cd2
n24d587673d8beae3--slur--stop--1,n3450--slur--stop--1,slur,stamp,n24d587673d8beae3
n853d109ef7486db4--slur--start--1,n3451--slur--start--1,slur,stamp,n853d109ef7486db4
ne26576b88d618704--slur--stop--1,n3456--slur--stop--1,slur,stamp,ne26576b88d618704
ea9785aa6835c0cea,md-1-200-1-1,dynamics,md,1
n1822a16fe2560a68--slur--start--1,n3457--slur--start--1,slur,stamp,n1822a16fe2560a68
ne7d7789b876de15a--slur--stop--1,n3459--slur--stop--1,slur,stamp,ne7d7789b876de15a
n51c70d135187f202--slur--start--1,n3460--slur--start--1,slur,stamp,n51c70d135187f202
nf980512234c06027--slur--stop--1,n3462--slur--stop--1,slur,stamp,nf980512234c06027
n996985c6cec79f49--slur--start--1,n3463--slur--start--1,slur,stamp,n996985c6cec79f49
n8c0b1418b1b24cfd--slur--stop--1,n3465--slur--stop--1,slur,stamp,n8c0b1418b1b24cfd
na20008e1f0e0b26e--slur--start--1,n3466--slur--start--1,slur,stamp,na20008e1f0e0b26e
n22e324ea8b25c854--slur--stop--1,n3468--slur--stop--1,slur,stamp,n22e324ea8b25c854
n1506175c0c7a6cbd--slur--start--1,n3469--slur--start--1,slur,stamp,n1506175c0c7a6cbd
n9a6a3b5df3680e97--slur--stop--1,n3474--slur--stop--1,slur,stamp,n9a6a3b5df3680e97
e122c30e669174fdd,md-1-201-1-1,dynamics,md,1
n7f5e1d7b38d9abff--slur--start--1,n3475--slur--start--1,slur,stamp,n7f5e1d7b38d9abff
nbed39aa87e26df0e--slur--stop--1,n3486--slur--stop--1,slur,stamp,nbed39aa87e26df0e
n79518abd939820f9--slur--start--1,n3487--slur--start--1,slur,stamp,n79518abd939820f9
nffa68afc7b2aa021--slur--stop--1,n3488--slur--stop--1,slur,stamp,nffa68afc7b2aa021
n50f7ceb99ba3b1af--slur--start--1,n3493--slur--start--1,slur,stamp,n50f7ceb99ba3b1af
n310436cd82d408cb--slur--stop--1,n3504--slur--stop--1,slur,stamp,n310436cd82d408cb
e2c28c82dbc3beef2,md-1-202-1-1,dynamics,md,1
n30d0c435e1a9ae30--slur--start--1,n3505--slur--start--1,slur,stamp,n30d0c435e1a9ae30
nf58fdcd093efb4e2--slur--stop--1,n3516--slur--stop--1,slur,stamp,nf58fdcd093efb4e2
n8a283a82e3c3b10b--slur--start--1,n3517--slur--start--1,slur,stamp,n8a283a82e3c3b10b
ndfb43907a5886692--slur--stop--1,n3518--slur--stop--1,slur,stamp,ndfb43907a5886692
n869f660ca8bf9468--slur--start--1,n3519--slur--start--1,slur,stamp,n869f660ca8bf9468
nea4d86da2fe60b75--slur--stop--1,n3522--slur--stop--1,slur,stamp,nea4d86da2fe60b75
n69bbcb6c9ec72699--slur--start--1,n3523--slur--start--1,slur,stamp,n69bbcb6c9ec72699
n131a18b85243638f--slur--stop--1,n3534--slur--stop--1,slur,stamp,n131a18b85243638f
n99d28dd1a9f9b11f--slur--start--1,n3535--slur--start--1,slur,stamp,n99d28dd1a9f9b11f
ndab8faa0f26450c2--slur--start--1,n3550--slur--start--1,slur,stamp,ndab8faa0f26450c2
n5e22e1f4e4146301--slur--stop--1,n3561--slur--stop--1,slur,stamp,n5e22e1f4e4146301
e6c89aa23698e4a17,md-1-204-1-1,dynamics,md,1
n02b227a5a370a400--slur--stop--1,n3569--slur--stop--1,slur,stamp,n02b227a5a370a400
nf269fc81edf8029a--slur--start--1,n3570--slur--start--1,slur,stamp,nf269fc81edf8029a
n7c3dc67ee957d4c0--slur--stop--1,n3571--slur--stop--1,slur,stamp,n7c3dc67ee957d4c0
n7c3dc67ee957d4c0--slur--start--2,n3571--slur--start--2,slur,stamp,n7c3dc67ee957d4c0
nb2f03d662264f249--slur--stop--1,n3574--slur--stop--1,slur,stamp,nb2f03d662264f249
n9fb6405efc32221d--slur--start--1,n3575--slur--start--1,slur,stamp,n9fb6405efc32221d
n2156c0d4e958b023--slur--stop--1,n3577--slur--stop--1,slur,stamp,n2156c0d4e958b023
nce9f3a4a9f82f683--slur--start--1,n3579--slur--start--1,slur,stamp,nce9f3a4a9f82f683
n865bc867668c541a--slur--stop--1,n3590--slur--stop--1,slur,stamp,n865bc867668c541a
nf6ca3547f2789436--slur--start--1,n3591--slur--start--1,slur,stamp,nf6ca3547f2789436
n215ceaa7affa18bf--slur--start--1,n3604--slur--start--1,slur,stamp,n215ceaa7affa18bf
n0062f3a4c40491c5--slur--start--1,n3606--slur--start--1,slur,stamp,n0062f3a4c40491c5
nd626d5d981524625--slur--stop--1,n3609--slur--stop--1,slur,stamp,nd626d5d981524625
n0f7ebe2036f25445--slur--start--1,n3610--slur--start--1,slur,stamp,n0f7ebe2036f25445
n3102cce79289b2b4--slur--stop--1,n3629--slur--stop--1,slur,stamp,n3102cce79289b2b4
nd39e0d57e69bb032--slur--stop--1,n3632--slur--stop--1,slur,stamp,nd39e0d57e69bb032
n32bf41f03a53c415--slur--stop--1,n3644--slur--stop--1,slur,stamp,n32bf41f03a53c415
n21ef092ecbc0951f--slur--start--1,n3645--slur--start--1,slur,stamp,n21ef092ecbc0951f
nb6e5331d9fc2d23e--slur--stop--1,n3656--slur--stop--1,slur,stamp,nb6e5331d9fc2d23e
nc9e2f61600d40b34--slur--start--1,n3658--slur--start--1,slur,stamp,nc9e2f61600d40b34
n5b43e2fab17fa610--slur--start--1,n3662--slur--start--1,slur,stamp,n5b43e2fab17fa610
nf0b4c749fabf0f78--slur--stop--1,n3665--slur--stop--1,slur,stamp,nf0b4c749fabf0f78
ndcb6a62320a7f986--slur--start--1,n3666--slur--start--1,slur,stamp,ndcb6a62320a7f986
na88746ca028d32cf--slur--stop--1,n3669--slur--stop--1,slur,stamp,na88746ca028d32cf
n67a792e7a3e5cdfe--slur--start--1,n3670--slur--start--1,slur,stamp,n67a792e7a3e5cdfe
n0f3e7e492b405546--slur--stop--1,n3673--slur--stop--1,slur,stamp,n0f3e7e492b405546
e90ddd70cb81b3d9b,md-1-208-1-1,dynamics,md,1
na804ba2e6d06e87c--slur--stop--1,n3674--slur--stop--1,slur,stamp,na804ba2e6d06e87c
eca41b6cbcf9fa45c,md-1-209-1-1,dynamics,md,1
n53165ff0d5db6ed0--slur--start--1,n3686--slur--start--1,slur,stamp,n53165ff0d5db6ed0
n534ad0024fcfb9e2--slur--stop--1,n3688--slur--stop--1,slur,stamp,n534ad0024fcfb9e2
nc9c8ff275b31f962--staccatissimo--1,,staccatissimo,derive,nc9c8ff275b31f962
nc9c8ff275b31f962--staccato--1,,staccato,derive,nc9c8ff275b31f962
n9ab2b6122386ff1b--staccatissimo--1,,staccatissimo,derive,n9ab2b6122386ff1b
n9ab2b6122386ff1b--staccato--1,,staccato,derive,n9ab2b6122386ff1b
n71a168b68d1852a5--slur--start--1,n3706--slur--start--1,slur,stamp,n71a168b68d1852a5
ne1fcd73afd6d8e8f--slur--stop--1,n3707--slur--stop--1,slur,stamp,ne1fcd73afd6d8e8f
na2d46f59ee71a0d7--slur--start--1,n3708--slur--start--1,slur,stamp,na2d46f59ee71a0d7
n04bbbd6c502cec49--slur--stop--1,n3709--slur--stop--1,slur,stamp,n04bbbd6c502cec49
na7c6a286b432e1d5--staccatissimo--1,,staccatissimo,derive,na7c6a286b432e1d5
na7c6a286b432e1d5--staccato--1,,staccato,derive,na7c6a286b432e1d5
n7dc29ef48e42c6fe--staccatissimo--1,,staccatissimo,derive,n7dc29ef48e42c6fe
n7dc29ef48e42c6fe--staccato--1,,staccato,derive,n7dc29ef48e42c6fe
ne6e159e3b9445a2d--slur--start--1,n3729--slur--start--1,slur,stamp,ne6e159e3b9445a2d
n2d813b498a2ea44b--slur--stop--1,n3730--slur--stop--1,slur,stamp,n2d813b498a2ea44b
n339baf032e118213--staccatissimo--1,,staccatissimo,derive,n339baf032e118213
n339baf032e118213--staccato--1,,staccato,derive,n339baf032e118213
n85e48e7795ba6301--staccatissimo--1,,staccatissimo,derive,n85e48e7795ba6301
n85e48e7795ba6301--staccato--1,,staccato,derive,n85e48e7795ba6301
n95a76f7948358dea--staccatissimo--1,,staccatissimo,derive,n95a76f7948358dea
n95a76f7948358dea--staccato--1,,staccato,derive,n95a76f7948358dea
naf75ee76e8020976--staccatissimo--1,,staccatissimo,derive,naf75ee76e8020976
naf75ee76e8020976--staccato--1,,staccato,derive,naf75ee76e8020976
n28e45a4fda6c2cec--slur--start--1,n3766--slur--start--1,slur,stamp,n28e45a4fda6c2cec
n28e45a4fda6c2cec--staccato--1,,staccato,derive,n28e45a4fda6c2cec
nc6de492000b8e6b8--staccato--1,,staccato,derive,nc6de492000b8e6b8
n801a97617749b5f6--staccato--1,,staccato,derive,n801a97617749b5f6
n01dc1c48d5a56ce5--staccato--1,,staccato,derive,n01dc1c48d5a56ce5
n44a213b04d9dbbb1--staccato--1,,staccato,derive,n44a213b04d9dbbb1
ncc9dbe335fb08c2f--slur--stop--1,n3771--slur--stop--1,slur,stamp,ncc9dbe335fb08c2f
ncc9dbe335fb08c2f--staccato--1,,staccato,derive,ncc9dbe335fb08c2f
n22efe9cfa470810b--staccatissimo--1,,staccatissimo,derive,n22efe9cfa470810b
n22efe9cfa470810b--staccato--1,,staccato,derive,n22efe9cfa470810b
n6e127b20f20d4a0d--staccatissimo--1,,staccatissimo,derive,n6e127b20f20d4a0d
n6e127b20f20d4a0d--staccato--1,,staccato,derive,n6e127b20f20d4a0d
n2a7914546d610d88--slur--start--1,n3789--slur--start--1,slur,stamp,n2a7914546d610d88
n2a7914546d610d88--staccato--1,,staccato,derive,n2a7914546d610d88
n2117c3a87bd7a0eb--staccato--1,,staccato,derive,n2117c3a87bd7a0eb
n96e25134a220c08d--staccato--1,,staccato,derive,n96e25134a220c08d
n664a6896f9556cbe--staccato--1,,staccato,derive,n664a6896f9556cbe
n184dc3ee7a0b7de5--staccato--1,,staccato,derive,n184dc3ee7a0b7de5
nb5d24a3fd6c58318--slur--stop--1,n3794--slur--stop--1,slur,stamp,nb5d24a3fd6c58318
nb5d24a3fd6c58318--staccato--1,,staccato,derive,nb5d24a3fd6c58318
n96cd02ac32f4bf16--staccatissimo--1,,staccatissimo,derive,n96cd02ac32f4bf16
n96cd02ac32f4bf16--staccato--1,,staccato,derive,n96cd02ac32f4bf16
n000f72dc4e0d9718--staccatissimo--1,,staccatissimo,derive,n000f72dc4e0d9718
n000f72dc4e0d9718--staccato--1,,staccato,derive,n000f72dc4e0d9718
nc5f7018fbc33183a--slur--start--1,n3812--slur--start--1,slur,stamp,nc5f7018fbc33183a
nc5f7018fbc33183a--staccato--1,,staccato,derive,nc5f7018fbc33183a
nc5335c9a3a14bfe7--staccato--1,,staccato,derive,nc5335c9a3a14bfe7
nffb2ab8eae0608ae--staccato--1,,staccato,derive,nffb2ab8eae0608ae
n6932f18bb62403ac--staccato--1,,staccato,derive,n6932f18bb62403ac
n9232655269af3274--staccato--1,,staccato,derive,n9232655269af3274
n9453710516591611--slur--stop--1,n3817--slur--stop--1,slur,stamp,n9453710516591611
n9453710516591611--staccato--1,,staccato,derive,n9453710516591611
n7d06490a57160ecc--staccatissimo--1,,staccatissimo,derive,n7d06490a57160ecc
n7d06490a57160ecc--staccato--1,,staccato,derive,n7d06490a57160ecc
n75d06959398ee2e5--staccatissimo--1,,staccatissimo,derive,n75d06959398ee2e5
n75d06959398ee2e5--staccato--1,,staccato,derive,n75d06959398ee2e5
na04807d2d5f0c948--slur--start--1,n3850--slur--start--1,slur,stamp,na04807d2d5f0c948
n56bdf66e552433a1--slur--stop--1,n3851--slur--stop--1,slur,stamp,n56bdf66e552433a1
nb7c14a84835716d3--slur--start--1,n3867--slur--start--1,slur,stamp,nb7c14a84835716d3
n1983ccc41ec271c7--slur--stop--1,n3868--slur--stop--1,slur,stamp,n1983ccc41ec271c7
efab47c954112f45b,md-1-218-2-1,dynamics,md,2
nb0ccd5267800224f--slur--start--1,n3884--slur--start--1,slur,stamp,nb0ccd5267800224f
n53a52a614d8832dc--slur--stop--1,n3885--slur--stop--1,slur,stamp,n53a52a614d8832dc
edd052a7298c4de6b,md-1-219-1-1,dynamics,md,1
ne8c2cd2b33cdb087--slur--start--1,n3901--slur--start--1,slur,stamp,ne8c2cd2b33cdb087
n3317123e7cb367a1--slur--stop--1,n3902--slur--stop--1,slur,stamp,n3317123e7cb367a1
nc1fdc105259b9f16--tie--1,,tie,derive,nc1fdc105259b9f16
nc1fdc105259b9f16--tied--start--1,n3903--tied--start--1,tied,stamp,nc1fdc105259b9f16
nba272e1a77ab93c5--tie--1,,tie,derive,nba272e1a77ab93c5
nba272e1a77ab93c5--tied--start--1,n3917--tied--start--1,tied,stamp,nba272e1a77ab93c5
n6f288be7dd5f7f97--slur--start--1,n3918--slur--start--1,slur,stamp,n6f288be7dd5f7f97
e691f779131fd707d,md-1-221-1-1,words,md,1
e218f2d327ee5ade4,md-1-221-1-2,dynamics,md,1
e46a13a63020f7a3c,md-1-221-1-3,dynamics,md,1
nd00f71b96aef3d23--tie--1,,tie,derive,nd00f71b96aef3d23
nd00f71b96aef3d23--tied--stop--1,n3920--tied--stop--1,tied,stamp,nd00f71b96aef3d23
n111333439f366c40--tie--1,,tie,derive,n111333439f366c40
n111333439f366c40--tied--stop--1,n3935--tied--stop--1,tied,stamp,n111333439f366c40
nd5a9b8c1e2e1e762--slur--stop--1,n3940--slur--stop--1,slur,stamp,nd5a9b8c1e2e1e762
n19c0c397834a8b03--tie--1,,tie,derive,n19c0c397834a8b03
n19c0c397834a8b03--tied--start--1,n3941--tied--start--1,tied,stamp,n19c0c397834a8b03
n30438466435e81ae--tie--1,,tie,derive,n30438466435e81ae
n30438466435e81ae--tied--start--1,n3942--tied--start--1,tied,stamp,n30438466435e81ae
naa2f2823e318fcaf--tie--1,,tie,derive,naa2f2823e318fcaf
naa2f2823e318fcaf--tied--start--1,n3943--tied--start--1,tied,stamp,naa2f2823e318fcaf
nf0572e4d23bf5939--tie--1,,tie,derive,nf0572e4d23bf5939
nf0572e4d23bf5939--tied--start--1,n3944--tied--start--1,tied,stamp,nf0572e4d23bf5939
n0340fd7219b267f2--tie--1,,tie,derive,n0340fd7219b267f2
n0340fd7219b267f2--tied--start--1,n3945--tied--start--1,tied,stamp,n0340fd7219b267f2
e03ad1282b5c552c1,md-1-223-1-1,dynamics,md,1
n91beeb22d1e19819--tie--1,,tie,derive,n91beeb22d1e19819
n91beeb22d1e19819--tied--stop--1,n3946--tied--stop--1,tied,stamp,n91beeb22d1e19819
n91beeb22d1e19819--fermata--upright--1,n3946--fermata--upright--1,fermata,stamp,n91beeb22d1e19819
nfd8ecc354cd41389--tie--1,,tie,derive,nfd8ecc354cd41389
nfd8ecc354cd41389--tied--stop--1,n3947--tied--stop--1,tied,stamp,nfd8ecc354cd41389
nd1f544eb67a0c88c--tie--1,,tie,derive,nd1f544eb67a0c88c
nd1f544eb67a0c88c--tied--stop--1,n3948--tied--stop--1,tied,stamp,nd1f544eb67a0c88c
n4566d48074aad0dc--tie--1,,tie,derive,n4566d48074aad0dc
n4566d48074aad0dc--tied--stop--1,n3949--tied--stop--1,tied,stamp,n4566d48074aad0dc
n4566d48074aad0dc--fermata--upright--1,n3949--fermata--upright--1,fermata,stamp,n4566d48074aad0dc
n4dba0fcac66ad013--tie--1,,tie,derive,n4dba0fcac66ad013
n4dba0fcac66ad013--tied--stop--1,n3950--tied--stop--1,tied,stamp,n4dba0fcac66ad013
n4dba0fcac66ad013--fermata--inverted--1,n3950--fermata--inverted--1,fermata,stamp,n4dba0fcac66ad013
