element_id,original_id,tag,carrier,host_or_staff
n79eb97df82bd3229--slur--start--1,n1--slur--start--1,slur,stamp,n79eb97df82bd3229
nbd1b2e04fc66823c--slur--start--1,n3--slur--start--1,slur,stamp,nbd1b2e04fc66823c
eec41e916ca9b3ac7,md-1-0-1-1,dynamics,md,1
ea9d90b3c291a5f54,md-1-0-1-2,words,md,1
n92c0258566825443--slur--stop--1,n4--slur--stop--1,slur,stamp,n92c0258566825443
n92c0258566825443--staccatissimo--1,,staccatissimo,derive,n92c0258566825443
n92c0258566825443--staccato--1,,staccato,derive,n92c0258566825443
n8e305e2f92edd28f--staccatissimo--1,,staccatissimo,derive,n8e305e2f92edd28f
n8e305e2f92edd28f--staccato--1,,staccato,derive,n8e305e2f92edd28f
n746986e4a389200c--staccatissimo--1,,staccatissimo,derive,n746986e4a389200c
n746986e4a389200c--staccato--1,,staccato,derive,n746986e4a389200c
nb2af2fa6e58f47df--staccatissimo--1,,staccatissimo,derive,nb2af2fa6e58f47df
nb2af2fa6e58f47df--staccato--1,,staccato,derive,nb2af2fa6e58f47df
na5d53073d1a8a37c--slur--stop--1,n8--slur--stop--1,slur,stamp,na5d53073d1a8a37c
na5d53073d1a8a37c--staccatissimo--1,,staccatissimo,derive,na5d53073d1a8a37c
na5d53073d1a8a37c--staccato--1,,staccato,derive,na5d53073d1a8a37c
n8e5df558802068ed--staccatissimo--1,,staccatissimo,derive,n8e5df558802068ed
n8e5df558802068ed--staccato--1,,staccato,derive,n8e5df558802068ed
n431034f97e33d720--staccatissimo--1,,staccatissimo,derive,n431034f97e33d720
n431034f97e33d720--staccato--1,,staccato,derive,n431034f97e33d720
nffc7ddaa64f74bda--staccatissimo--1,,staccatissimo,derive,nffc7ddaa64f74bda
nffc7ddaa64f74bda--staccato--1,,staccato,derive,nffc7ddaa64f74bda
n822d4bb3da240334--staccatissimo--1,,staccatissimo,derive,n822d4bb3da240334
n822d4bb3da240334--staccato--1,,staccato,derive,n822d4bb3da240334
n103e6f49076b0eda--staccatissimo--1,,staccatissimo,derive,n103e6f49076b0eda
n103e6f49076b0eda--staccato--1,,staccato,derive,n103e6f49076b0eda
nb59faf9e8b1d5af8--staccatissimo--1,,staccatissimo,derive,nb59faf9e8b1d5af8
nb59faf9e8b1d5af8--staccato--1,,staccato,derive,nb59faf9e8b1d5af8
na558cbc38f169e18--staccatissimo--1,,staccatissimo,derive,na558cbc38f169e18
na558cbc38f169e18--staccato--1,,staccato,derive,na558cbc38f169e18
n401f350b5368ed12--staccatissimo--1,,staccatissimo,derive,n401f350b5368ed12
n401f350b5368ed12--staccato--1,,staccato,derive,n401f350b5368ed12
n6398fb08a349edb4--staccatissimo--1,,staccatissimo,derive,n6398fb08a349edb4
n6398fb08a349edb4--staccato--1,,staccato,derive,n6398fb08a349edb4
n8987e3eaf7390544--staccatissimo--1,,staccatissimo,derive,n8987e3eaf7390544
n8987e3eaf7390544--staccato--1,,staccato,derive,n8987e3eaf7390544
n7c1b49ea97395d23--staccatissimo--1,,staccatissimo,derive,n7c1b49ea97395d23
n7c1b49ea97395d23--staccato--1,,staccato,derive,n7c1b49ea97395d23
n9b9358cfd758a3bf--staccatissimo--1,,staccatissimo,derive,n9b9358cfd758a3bf
n9b9358cfd758a3bf--staccato--1,,staccato,derive,n9b9358cfd758a3bf
na4bc3623f055a209--staccatissimo--1,,staccatissimo,derive,na4bc3623f055a209
na4bc3623f055a209--staccato--1,,staccato,derive,na4bc3623f055a209
nb6f09784ded52ad5--staccatissimo--1,,staccatissimo,derive,nb6f09784ded52ad5
nb6f09784ded52ad5--staccato--1,,staccato,derive,nb6f09784ded52ad5
nf28be27658133faa--staccatissimo--1,,staccatissimo,derive,nf28be27658133faa
nf28be27658133faa--staccato--1,,staccato,derive,nf28be27658133faa
ne5603c97fe156f91--staccatissimo--1,,staccatissimo,derive,ne5603c97fe156f91
ne5603c97fe156f91--staccato--1,,staccato,derive,ne5603c97fe156f91
n9f1dfec89de441bb--staccatissimo--1,,staccatissimo,derive,n9f1dfec89de441bb
n9f1dfec89de441bb--staccato--1,,staccato,derive,n9f1dfec89de441bb
n860ec3ecce60e23c--staccatissimo--1,,staccatissimo,derive,n860ec3ecce60e23c
n860ec3ecce60e23c--staccato--1,,staccato,derive,n860ec3ecce60e23c
nb773ce18c10fa2c5--staccatissimo--1,,staccatissimo,derive,nb773ce18c10fa2c5
nb773ce18c10fa2c5--staccato--1,,staccato,derive,nb773ce18c10fa2c5
n32dde578213581d2--fermata--inverted--1,n40--fermata--inverted--1,fermata,stamp,n32dde578213581d2
n8e12319089a052e8--slur--start--1,n42--slur--start--1,slur,stamp,n8e12319089a052e8
nab8366a692c9e189--fermata--upright--1,n43--fermata--upright--1,fermata,stamp,nab8366a692c9e189
n1c74d15b870b6113--slur--start--1,n45--slur--start--1,slur,stamp,n1c74d15b870b6113
e3cc95da0b484de71,md-1-4-1-1,dynamics,md,1
ee8709f3d2b3835aa,md-1-4-1-2,dynamics,md,1
n4c3d4ccfc9853b78--slur--start--1,n86--slur--start--1,slur,stamp,n4c3d4ccfc9853b78
nc035bd06a11cd3d5--slur--stop--1,n90--slur--stop--1,slur,stamp,nc035bd06a11cd3d5
nc035bd06a11cd3d5--slur--stop--2,n90--slur--stop--2,slur,stamp,nc035bd06a11cd3d5
ne1d1a833ce87f3bb--tie--1,,tie,derive,ne1d1a833ce87f3bb
ne1d1a833ce87f3bb--tied--start--1,n92--tied--start--1,tied,stamp,ne1d1a833ce87f3bb
nab0190be3897da70--tie--1,,tie,derive,nab0190be3897da70
nab0190be3897da70--tied--start--1,n93--tied--start--1,tied,stamp,nab0190be3897da70
n0a76c01cc412733b--slur--stop--1,n98--slur--stop--1,slur,stamp,n0a76c01cc412733b
n6e1eccfbd058604a--tie--1,,tie,derive,n6e1eccfbd058604a
n6e1eccfbd058604a--tied--stop--1,n101--tied--stop--1,tied,stamp,n6e1eccfbd058604a
n6e1eccfbd058604a--slur--start--1,n101--slur--start--1,slur,stamp,n6e1eccfbd058604a
n6e1eccfbd058604a--slur--start--2,n101--slur--start--2,slur,stamp,n6e1eccfbd058604a
na152b68c7b70e341--tie--1,,tie,derive,na152b68c7b70e341
na152b68c7b70e341--tied--stop--1,n102--tied--stop--1,tied,stamp,na152b68c7b70e341
n748547be097710e5--slur--stop--1,n103--slur--stop--1,slur,stamp,n748547be097710e5
n748547be097710e5--slur--stop--2,n103--slur--stop--2,slur,stamp,n748547be097710e5
nd64725f16a3a5af9--staccatissimo--1,,staccatissimo,derive,nd64725f16a3a5af9
nd64725f16a3a5af9--staccato--1,,staccato,derive,nd64725f16a3a5af9
n114abae8a45a6844--staccatissimo--1,,staccatissimo,derive,n114abae8a45a6844
n114abae8a45a6844--staccato--1,,staccato,derive,n114abae8a45a6844
e219c10a624836994,md-1-10-1-1,dynamics,md,1
n5005e481f5aa6548--staccatissimo--1,,staccatissimo,derive,n5005e481f5aa6548
n5005e481f5aa6548--staccato--1,,staccato,derive,n5005e481f5aa6548
nc8fa5c8b2caeced7--tie--1,,tie,derive,nc8fa5c8b2caeced7
nc8fa5c8b2caeced7--tied--start--1,n142--tied--start--1,tied,stamp,nc8fa5c8b2caeced7
n8da0ed71d1ce4fbc--tie--1,,tie,derive,n8da0ed71d1ce4fbc
n8da0ed71d1ce4fbc--tied--start--1,n143--tied--start--1,tied,stamp,n8da0ed71d1ce4fbc
e2efc185819d22efd,md-1-12-2-1,dynamics,md,2
n7857585e0e81b5de--tie--1,,tie,derive,n7857585e0e81b5de
n7857585e0e81b5de--tied--stop--1,n152--tied--stop--1,tied,stamp,n7857585e0e81b5de
n6018f594827a5597--tie--1,,tie,derive,n6018f594827a5597
n6018f594827a5597--tied--stop--1,n153--tied--stop--1,tied,stamp,n6018f594827a5597
n21c8f5292df1d8b4--staccatissimo--1,,staccatissimo,derive,n21c8f5292df1d8b4
n21c8f5292df1d8b4--staccato--1,,staccato,derive,n21c8f5292df1d8b4
n9c48482e84d47308--staccatissimo--1,,staccatissimo,derive,n9c48482e84d47308
n9c48482e84d47308--staccato--1,,staccato,derive,n9c48482e84d47308
n44712f9f694dbf4c--staccatissimo--1,,staccatissimo,derive,n44712f9f694dbf4c
n44712f9f694dbf4c--staccato--1,,staccato,derive,n44712f9f694dbf4c
n79ba645483a7ed77--staccatissimo--1,,staccatissimo,derive,n79ba645483a7ed77
n79ba645483a7ed77--staccato--1,,staccato,derive,n79ba645483a7ed77
n0c94e8392a452a62--staccatissimo--1,,staccatissimo,derive,n0c94e8392a452a62
n0c94e8392a452a62--staccato--1,,staccato,derive,n0c94e8392a452a62
nf6fdf3b8219ded5c--staccatissimo--1,,staccatissimo,derive,nf6fdf3b8219ded5c
nf6fdf3b8219ded5c--staccato--1,,staccato,derive,nf6fdf3b8219ded5c
nda4ca94c413bd9ac--staccatissimo--1,,staccatissimo,derive,nda4ca94c413bd9ac
nda4ca94c413bd9ac--staccato--1,,staccato,derive,nda4ca94c413bd9ac
n53f7da631c0fe9b7--staccatissimo--1,,staccatissimo,derive,n53f7da631c0fe9b7
n53f7da631c0fe9b7--staccato--1,,staccato,derive,n53f7da631c0fe9b7
e5c1b0f4cf3b7f3a2,md-1-16-1-1,dynamics,md,1
nd745bc1d5cbc944c--staccatissimo--1,,staccatissimo,derive,nd745bc1d5cbc944c
nd745bc1d5cbc944c--staccato--1,,staccato,derive,nd745bc1d5cbc944c
ne25594855e0ea715--staccatissimo--1,,staccatissimo,derive,ne25594855e0ea715
ne25594855e0ea715--staccato--1,,staccato,derive,ne25594855e0ea715
n93cd9b8e7833f529--staccatissimo--1,,staccatissimo,derive,n93cd9b8e7833f529
n93cd9b8e7833f529--staccato--1,,staccato,derive,n93cd9b8e7833f529
n2e6f374acddaa60a--staccatissimo--1,,staccatissimo,derive,n2e6f374acddaa60a
n2e6f374acddaa60a--staccato--1,,staccato,derive,n2e6f374acddaa60a
n4a8ccfcfc306f3cc--staccatissimo--1,,staccatissimo,derive,n4a8ccfcfc306f3cc
n4a8ccfcfc306f3cc--staccato--1,,staccato,derive,n4a8ccfcfc306f3cc
n94707dcef7c19f95--staccatissimo--1,,staccatissimo,derive,n94707dcef7c19f95
n94707dcef7c19f95--staccato--1,,staccato,derive,n94707dcef7c19f95
nd2530426bedb82f9--staccatissimo--1,,staccatissimo,derive,nd2530426bedb82f9
nd2530426bedb82f9--staccato--1,,staccato,derive,nd2530426bedb82f9
nf2e97dc63e723113--staccatissimo--1,,staccatissimo,derive,nf2e97dc63e723113
nf2e97dc63e723113--staccato--1,,staccato,derive,nf2e97dc63e723113
n93bacb97eacb906d--staccatissimo--1,,staccatissimo,derive,n93bacb97eacb906d
n93bacb97eacb906d--staccato--1,,staccato,derive,n93bacb97eacb906d
n3e928a928e23b8ea--staccatissimo--1,,staccatissimo,derive,n3e928a928e23b8ea
n3e928a928e23b8ea--staccato--1,,staccato,derive,n3e928a928e23b8ea
n6c4b250e8119a2ce--staccatissimo--1,,staccatissimo,derive,n6c4b250e8119a2ce
n6c4b250e8119a2ce--staccato--1,,staccato,derive,n6c4b250e8119a2ce
nbc312006071ee94f--staccatissimo--1,,staccatissimo,derive,nbc312006071ee94f
nbc312006071ee94f--staccato--1,,staccato,derive,nbc312006071ee94f
n26fcc43743002301--staccatissimo--1,,staccatissimo,derive,n26fcc43743002301
n26fcc43743002301--staccato--1,,staccato,derive,n26fcc43743002301
n7956f181fb8baa58--staccatissimo--1,,staccatissimo,derive,n7956f181fb8baa58
n7956f181fb8baa58--staccato--1,,staccato,derive,n7956f181fb8baa58
n60b5cf0d6264ddff--staccatissimo--1,,staccatissimo,derive,n60b5cf0d6264ddff
n60b5cf0d6264ddff--staccato--1,,staccato,derive,n60b5cf0d6264ddff
n6facbe7648fc58f0--staccatissimo--1,,staccatissimo,derive,n6facbe7648fc58f0
n6facbe7648fc58f0--staccato--1,,staccato,derive,n6facbe7648fc58f0
ncca657a1bc58f6cd--staccatissimo--1,,staccatissimo,derive,ncca657a1bc58f6cd
ncca657a1bc58f6cd--staccato--1,,staccato,derive,ncca657a1bc58f6cd
n9676d40b7e6949d5--staccatissimo--1,,staccatissimo,derive,n9676d40b7e6949d5
n9676d40b7e6949d5--staccato--1,,staccato,derive,n9676d40b7e6949d5
n549f55d3b2a6761b--staccatissimo--1,,staccatissimo,derive,n549f55d3b2a6761b
n549f55d3b2a6761b--staccato--1,,staccato,derive,n549f55d3b2a6761b
nbe65e89294665b24--staccatissimo--1,,staccatissimo,derive,nbe65e89294665b24
nbe65e89294665b24--staccato--1,,staccato,derive,nbe65e89294665b24
ef53bda382056dde6,md-1-21-1-1,dynamics,md,1
e8e9e433d607c658b,md-1-21-1-2,dynamics,md,1
nfdcee6d6822f21a6--fermata--upright--1,n282--fermata--upright--1,fermata,stamp,nfdcee6d6822f21a6
nc98c462cf7ef2383--fermata--upright--1,n285--fermata--upright--1,fermata,stamp,nc98c462cf7ef2383
e466beea0412c3a1c,md-1-22-1-1,dynamics,md,1
e82ee48ecd1a28183,md-1-22-1-2,dynamics,md,1
n4ca6beab462028a4--slur--start--1,n288--slur--start--1,slur,stamp,n4ca6beab462028a4
nafd7a34772faca36--slur--stop--1,n289--slur--stop--1,slur,stamp,nafd7a34772faca36
nacee0151cf5e09cb--slur--start--1,n298--slur--start--1,slur,stamp,nacee0151cf5e09cb
n79fde176ae0f857e--slur--stop--1,n302--slur--stop--1,slur,stamp,n79fde176ae0f857e
n1a5cfb2289daa8fc--staccatissimo--1,,staccatissimo,derive,n1a5cfb2289daa8fc
n1a5cfb2289daa8fc--staccato--1,,staccato,derive,n1a5cfb2289daa8fc
nf879d5eb95ac9c1c--staccatissimo--1,,staccatissimo,derive,nf879d5eb95ac9c1c
nf879d5eb95ac9c1c--staccato--1,,staccato,derive,nf879d5eb95ac9c1c
nd99092b7f0517e99--slur--start--1,n313--slur--start--1,slur,stamp,nd99092b7f0517e99
n76373d137fae02c6--slur--stop--1,n316--slur--stop--1,slur,stamp,n76373d137fae02c6
n8b9738c921450bed--slur--start--1,n325--slur--start--1,slur,stamp,n8b9738c921450bed
n20b6275bc8054d8b--slur--stop--1,n326--slur--stop--1,slur,stamp,n20b6275bc8054d8b
n20b6275bc8054d8b--staccatissimo--1,,staccatissimo,derive,n20b6275bc8054d8b
n20b6275bc8054d8b--staccato--1,,staccato,derive,n20b6275bc8054d8b
n0e1cf277a38aadd7--staccatissimo--1,,staccatissimo,derive,n0e1cf277a38aadd7
n0e1cf277a38aadd7--staccato--1,,staccato,derive,n0e1cf277a38aadd7
n47b39c19660882cb--slur--start--1,n336--slur--start--1,slur,stamp,n47b39c19660882cb
n2c5a7ddbdf7e41b7--slur--stop--1,n337--slur--stop--1,slur,stamp,n2c5a7ddbdf7e41b7
nc7c24f881ebdf763--slur--start--1,n346--slur--start--1,slur,stamp,nc7c24f881ebdf763
n80a99f33c70b1427--slur--stop--1,n350--slur--stop--1,slur,stamp,n80a99f33c70b1427
n8558b5da080be3f0--staccatissimo--1,,staccatissimo,derive,n8558b5da080be3f0
n8558b5da080be3f0--staccato--1,,staccato,derive,n8558b5da080be3f0
n86b0dddd71ba6c02--staccatissimo--1,,staccatissimo,derive,n86b0dddd71ba6c02
n86b0dddd71ba6c02--staccato--1,,staccato,derive,n86b0dddd71ba6c02
nae98165b258b0860--slur--start--1,n361--slur--start--1,slur,stamp,nae98165b258b0860
nac76b6e0aa69ec9a--slur--stop--1,n364--slur--stop--1,slur,stamp,nac76b6e0aa69ec9a
n350c4c2b22c0f1d4--slur--start--1,n391--slur--start--1,slur,stamp,n350c4c2b22c0f1d4
n93c2580714834a60--tie--1,,tie,derive,n93c2580714834a60
n93c2580714834a60--tied--start--1,n395--tied--start--1,tied,stamp,n93c2580714834a60
e1ea8b64196ac72bd,md-1-31-2-1,dynamics,md,2
n5e5b382ed8194b98--slur--stop--1,n404--slur--stop--1,slur,stamp,n5e5b382ed8194b98
n8168cff66b414542--tie--1,,tie,derive,n8168cff66b414542
n8168cff66b414542--tied--stop--1,n406--tied--stop--1,tied,stamp,n8168cff66b414542
n9f996e35131cac47--staccatissimo--1,,staccatissimo,derive,n9f996e35131cac47
n9f996e35131cac47--staccato--1,,staccato,derive,n9f996e35131cac47
n8d87ac2299cc2ae9--staccatissimo--1,,staccatissimo,derive,n8d87ac2299cc2ae9
n8d87ac2299cc2ae9--staccato--1,,staccato,derive,n8d87ac2299cc2ae9
n8b0f4b9b2d72eeb6--staccatissimo--1,,staccatissimo,derive,n8b0f4b9b2d72eeb6
n8b0f4b9b2d72eeb6--staccato--1,,staccato,derive,n8b0f4b9b2d72eeb6
n18ee6d1edfa99054--staccatissimo--1,,staccatissimo,derive,n18ee6d1edfa99054
n18ee6d1edfa99054--staccato--1,,staccato,derive,n18ee6d1edfa99054
n91386a7ca85c8347--staccato--1,,staccato,derive,n91386a7ca85c8347
n84074b1e1a93f3f6--slur--start--1,n443--slur--start--1,slur,stamp,n84074b1e1a93f3f6
n920c0478a48885c3--tie--1,,tie,derive,n920c0478a48885c3
n920c0478a48885c3--tied--start--1,n447--tied--start--1,tied,stamp,n920c0478a48885c3
e5b3cfe90324b5389,md-1-35-2-1,dynamics,md,2
nc008c66e0655d0bd--slur--stop--1,n456--slur--stop--1,slur,stamp,nc008c66e0655d0bd
nc1487a0676a2f421--tie--1,,tie,derive,nc1487a0676a2f421
nc1487a0676a2f421--tied--stop--1,n458--tied--stop--1,tied,stamp,nc1487a0676a2f421
n41d9beaeeabfe323--staccatissimo--1,,staccatissimo,derive,n41d9beaeeabfe323
n41d9beaeeabfe323--staccato--1,,staccato,derive,n41d9beaeeabfe323
n2d4d4a82aa9be763--staccatissimo--1,,staccatissimo,derive,n2d4d4a82aa9be763
n2d4d4a82aa9be763--staccato--1,,staccato,derive,n2d4d4a82aa9be763
neabc35fceae46a75--staccatissimo--1,,staccatissimo,derive,neabc35fceae46a75
neabc35fceae46a75--staccato--1,,staccato,derive,neabc35fceae46a75
n725f967cc070ac48--staccatissimo--1,,staccatissimo,derive,n725f967cc070ac48
n725f967cc070ac48--staccato--1,,staccato,derive,n725f967cc070ac48
n3b997925084ae409--staccato--1,,staccato,derive,n3b997925084ae409
n6bba6316abd88491--tie--1,,tie,derive,n6bba6316abd88491
n6bba6316abd88491--tied--start--1,n487--tied--start--1,tied,stamp,n6bba6316abd88491
n18ae4aff23d07bc0--tie--1,,tie,derive,n18ae4aff23d07bc0
n18ae4aff23d07bc0--tied--stop--1,n496--tied--stop--1,tied,stamp,n18ae4aff23d07bc0
n28bc4ef09857d736--tie--1,,tie,derive,n28bc4ef09857d736
n28bc4ef09857d736--tied--start--1,n504--tied--start--1,tied,stamp,n28bc4ef09857d736
n6b036ee47e3de339--tie--1,,tie,derive,n6b036ee47e3de339
n6b036ee47e3de339--tied--start--1,n505--tied--start--1,tied,stamp,n6b036ee47e3de339
n316f6a2ac27d57de--tie--1,,tie,derive,n316f6a2ac27d57de
n316f6a2ac27d57de--tied--stop--1,n508--tied--stop--1,tied,stamp,n316f6a2ac27d57de
na7d384d7d107fbd6--tie--1,,tie,derive,na7d384d7d107fbd6
na7d384d7d107fbd6--tied--stop--1,n516--tied--stop--1,tied,stamp,na7d384d7d107fbd6
e169361a9c45e6986,md-1-43-1-1,dynamics,md,1
e0c77c16a12d345ca,md-1-44-1-1,dynamics,md,1
ee31eed69ad0a1e38,md-1-45-1-1,dynamics,md,1
ebad97bcdad473dfa,md-1-45-1-2,wedge,md,1
eacb58276a946d934,md-1-46-1-1,wedge,md,1
e2a3f2b0795f17b2c,md-1-47-1-1,dynamics,md,1
n424a62b1724d38b6--tuplet--start--1,n647--tuplet--start--1,tuplet,stamp,n424a62b1724d38b6
n424a62b1724d38b6--slur--start--1,n647--slur--start--1,slur,stamp,n424a62b1724d38b6
nc1e4f7c65f668f23--tuplet--stop--1,n649--tuplet--stop--1,tuplet,stamp,nc1e4f7c65f668f23
nc1e4f7c65f668f23--slur--stop--1,n649--slur--stop--1,slur,stamp,nc1e4f7c65f668f23
nef25a30f4e8a2b11--staccatissimo--1,,staccatissimo,derive,nef25a30f4e8a2b11
nef25a30f4e8a2b11--staccato--1,,staccato,derive,nef25a30f4e8a2b11
nb373b06ff2ccf899--staccatissimo--1,,staccatissimo,derive,nb373b06ff2ccf899
nb373b06ff2ccf899--staccato--1,,staccato,derive,nb373b06ff2ccf899
ebee87f2f001bdb87,md-1-51-1-1,dynamics,md,1
nad5b4ff7f4cf8c74--trill-mark--1,,trill-mark,derive,nad5b4ff7f4cf8c74
nad5b4ff7f4cf8c74--wavy-line--1,,wavy-line,derive,nad5b4ff7f4cf8c74
nad5b4ff7f4cf8c74--wavy-line--2,,wavy-line,derive,nad5b4ff7f4cf8c74
nab7ac455ff5e314d--slur--start--1,n670--slur--start--1,slur,stamp,nab7ac455ff5e314d
n06c2c9779ff54e0c--slur--stop--1,n671--slur--stop--1,slur,stamp,n06c2c9779ff54e0c
n3f842d9e25fe4f6f--slur--start--1,n682--slur--start--1,slur,stamp,n3f842d9e25fe4f6f
n102f2ac9aa0e7efd--slur--stop--1,n683--slur--stop--1,slur,stamp,n102f2ac9aa0e7efd
n102f2ac9aa0e7efd--slur--start--2,n683--slur--start--2,slur,stamp,n102f2ac9aa0e7efd
n413ab16637b8e20a--slur--stop--1,n685--slur--stop--1,slur,stamp,n413ab16637b8e20a
n918b42415f0fce59--staccatissimo--1,,staccatissimo,derive,n918b42415f0fce59
n918b42415f0fce59--staccato--1,,staccato,derive,n918b42415f0fce59
n69b1b51569e25714--staccatissimo--1,,staccatissimo,derive,n69b1b51569e25714
n69b1b51569e25714--staccato--1,,staccato,derive,n69b1b51569e25714
ne97128cf782bdcf4--slur--start--1,n689--slur--start--1,slur,stamp,ne97128cf782bdcf4
e0a2cd969ed69fc1c,md-1-53-1-1,dynamics,md,1
n67418336dae5feb8--slur--start--1,n691--slur--start--1,slur,stamp,n67418336dae5feb8
n4d0284861546c98d--slur--stop--1,n692--slur--stop--1,slur,stamp,n4d0284861546c98d
n676c7833de5c02e0--slur--start--1,n693--slur--start--1,slur,stamp,n676c7833de5c02e0
nfa1137d4f1be4e18--slur--stop--1,n694--slur--stop--1,slur,stamp,nfa1137d4f1be4e18
nfa1137d4f1be4e18--slur--start--2,n694--slur--start--2,slur,stamp,nfa1137d4f1be4e18
nddac3d5c0d3ffdb7--slur--stop--1,n696--slur--stop--1,slur,stamp,nddac3d5c0d3ffdb7
nf1d2b9240458108b--slur--stop--1,n699--slur--stop--1,slur,stamp,nf1d2b9240458108b
n5434bd96f49cc056--slur--start--1,n701--slur--start--1,slur,stamp,n5434bd96f49cc056
na4c17511cad704bd--slur--start--1,n703--slur--start--1,slur,stamp,na4c17511cad704bd
nf42a4a7b64c192b7--slur--stop--1,n704--slur--stop--1,slur,stamp,nf42a4a7b64c192b7
n1fe027b67e15bc3b--slur--start--1,n705--slur--start--1,slur,stamp,n1fe027b67e15bc3b
nc75cbe5fb1f9ffa7--slur--stop--1,n706--slur--stop--1,slur,stamp,nc75cbe5fb1f9ffa7
nc75cbe5fb1f9ffa7--slur--start--2,n706--slur--start--2,slur,stamp,nc75cbe5fb1f9ffa7
n1d52f616f1070bc2--slur--stop--1,n708--slur--stop--1,slur,stamp,n1d52f616f1070bc2
n3b9d6384a4d16d45--slur--stop--1,n711--slur--stop--1,slur,stamp,n3b9d6384a4d16d45
n3c79a1bfb0877e84--slur--start--1,n713--slur--start--1,slur,stamp,n3c79a1bfb0877e84
n84e7d184a34cebe7--slur--start--1,n715--slur--start--1,slur,stamp,n84e7d184a34cebe7
n79a9277ce682fbe3--slur--stop--1,n716--slur--stop--1,slur,stamp,n79a9277ce682fbe3
n9e9851d72857a4b1--staccatissimo--1,,staccatissimo,derive,n9e9851d72857a4b1
n9e9851d72857a4b1--staccato--1,,staccato,derive,n9e9851d72857a4b1
nfb3748695a77c08c--staccatissimo--1,,staccatissimo,derive,nfb3748695a77c08c
nfb3748695a77c08c--staccato--1,,staccato,derive,nfb3748695a77c08c
n1ca41eed03f57252--slur--stop--1,n721--slur--stop--1,slur,stamp,n1ca41eed03f57252
nad6a2d619e61a6a0--staccatissimo--1,,staccatissimo,derive,nad6a2d619e61a6a0
nad6a2d619e61a6a0--staccato--1,,staccato,derive,nad6a2d619e61a6a0
nec781ac6f141a04a--staccatissimo--1,,staccatissimo,derive,nec781ac6f141a04a
nec781ac6f141a04a--staccato--1,,staccato,derive,nec781ac6f141a04a
n976ba47484cb129b--staccatissimo--1,,staccatissimo,derive,n976ba47484cb129b
n976ba47484cb129b--staccato--1,,staccato,derive,n976ba47484cb129b
ne04922cb60da2704--staccatissimo--1,,staccatissimo,derive,ne04922cb60da2704
ne04922cb60da2704--staccato--1,,staccato,derive,ne04922cb60da2704
n6a14eb4b1be152b4--staccatissimo--1,,staccatissimo,derive,n6a14eb4b1be152b4
n6a14eb4b1be152b4--staccato--1,,staccato,derive,n6a14eb4b1be152b4
n679c7094988fe8ab--staccatissimo--1,,staccatissimo,derive,n679c7094988fe8ab
n679c7094988fe8ab--staccato--1,,staccato,derive,n679c7094988fe8ab
n786aa1a3023abd3e--staccatissimo--1,,staccatissimo,derive,n786aa1a3023abd3e
n786aa1a3023abd3e--staccato--1,,staccato,derive,n786aa1a3023abd3e
n44472c0cbe74b9f8--staccatissimo--1,,staccatissimo,derive,n44472c0cbe74b9f8
n44472c0cbe74b9f8--staccato--1,,staccato,derive,n44472c0cbe74b9f8
n0bdd837699f66824--staccatissimo--1,,staccatissimo,derive,n0bdd837699f66824
n0bdd837699f66824--staccato--1,,staccato,derive,n0bdd837699f66824
n8c3d6f6b676ccce2--staccatissimo--1,,staccatissimo,derive,n8c3d6f6b676ccce2
n8c3d6f6b676ccce2--staccato--1,,staccato,derive,n8c3d6f6b676ccce2
n463ac4a1c37a3dc4--staccatissimo--1,,staccatissimo,derive,n463ac4a1c37a3dc4
n463ac4a1c37a3dc4--staccato--1,,staccato,derive,n463ac4a1c37a3dc4
nad3f6d61f32175bc--staccatissimo--1,,staccatissimo,derive,nad3f6d61f32175bc
nad3f6d61f32175bc--staccato--1,,staccato,derive,nad3f6d61f32175bc
n053e78c1d7fb2875--staccatissimo--1,,staccatissimo,derive,n053e78c1d7fb2875
n053e78c1d7fb2875--staccato--1,,staccato,derive,n053e78c1d7fb2875
ndbec2e8596f8a1c1--staccatissimo--1,,staccatissimo,derive,ndbec2e8596f8a1c1
ndbec2e8596f8a1c1--staccato--1,,staccato,derive,ndbec2e8596f8a1c1
nb4dfdd7670fff126--staccatissimo--1,,staccatissimo,derive,nb4dfdd7670fff126
nb4dfdd7670fff126--staccato--1,,staccato,derive,nb4dfdd7670fff126
n25763f5f675c4107--staccatissimo--1,,staccatissimo,derive,n25763f5f675c4107
n25763f5f675c4107--staccato--1,,staccato,derive,n25763f5f675c4107
n271a7d9b8523a1d1--staccatissimo--1,,staccatissimo,derive,n271a7d9b8523a1d1
n271a7d9b8523a1d1--staccato--1,,staccato,derive,n271a7d9b8523a1d1
nd4eae71f3bb58300--staccatissimo--1,,staccatissimo,derive,nd4eae71f3bb58300
nd4eae71f3bb58300--staccato--1,,staccato,derive,nd4eae71f3bb58300
nf851150e92020093--staccatissimo--1,,staccatissimo,derive,nf851150e92020093
nf851150e92020093--staccato--1,,staccato,derive,nf851150e92020093
n6a47a8ae544fe008--staccatissimo--1,,staccatissimo,derive,n6a47a8ae544fe008
n6a47a8ae544fe008--staccato--1,,staccato,derive,n6a47a8ae544fe008
n6056e019f6d12107--slur--start--1,n750--slur--start--1,slur,stamp,n6056e019f6d12107
n8bf0e5d7dfac6c13--slur--stop--1,n751--slur--stop--1,slur,stamp,n8bf0e5d7dfac6c13
n8bf0e5d7dfac6c13--slur--start--2,n751--slur--start--2,slur,stamp,n8bf0e5d7dfac6c13
n2d9aba821901c59f--slur--stop--1,n753--slur--stop--1,slur,stamp,n2d9aba821901c59f
nee9195d5c684e055--staccatissimo--1,,staccatissimo,derive,nee9195d5c684e055
nee9195d5c684e055--staccato--1,,staccato,derive,nee9195d5c684e055
n1d2ba9e8385f9f51--staccatissimo--1,,staccatissimo,derive,n1d2ba9e8385f9f51
n1d2ba9e8385f9f51--staccato--1,,staccato,derive,n1d2ba9e8385f9f51
nd2455dfc0a4bead3--slur--start--1,n756--slur--start--1,slur,stamp,nd2455dfc0a4bead3
e36bb749faa814455,md-1-60-1-1,dynamics,md,1
n081ea32a25bcdf19--slur--start--1,n758--slur--start--1,slur,stamp,n081ea32a25bcdf19
na1ccb465c45e33b0--slur--stop--1,n759--slur--stop--1,slur,stamp,na1ccb465c45e33b0
n2b31cb6958d55146--slur--start--1,n760--slur--start--1,slur,stamp,n2b31cb6958d55146
n79fbcf2aa425090f--slur--stop--1,n761--slur--stop--1,slur,stamp,n79fbcf2aa425090f
n79fbcf2aa425090f--slur--start--2,n761--slur--start--2,slur,stamp,n79fbcf2aa425090f
n6509a7079bd2276f--slur--stop--1,n763--slur--stop--1,slur,stamp,n6509a7079bd2276f
n0694d9a44a80301c--slur--stop--1,n766--slur--stop--1,slur,stamp,n0694d9a44a80301c
n581a0da00278cc1b--slur--start--1,n768--slur--start--1,slur,stamp,n581a0da00278cc1b
n67bbad0bdadabb58--slur--start--1,n770--slur--start--1,slur,stamp,n67bbad0bdadabb58
nf49333008aeba4a6--slur--stop--1,n771--slur--stop--1,slur,stamp,nf49333008aeba4a6
n3b5f17314d360e58--slur--start--1,n772--slur--start--1,slur,stamp,n3b5f17314d360e58
nb1557d82d702bb8c--slur--stop--1,n773--slur--stop--1,slur,stamp,nb1557d82d702bb8c
nb1557d82d702bb8c--slur--start--2,n773--slur--start--2,slur,stamp,nb1557d82d702bb8c
n4ca34087956955c6--slur--stop--1,n775--slur--stop--1,slur,stamp,n4ca34087956955c6
n945395165d78463b--slur--stop--1,n778--slur--stop--1,slur,stamp,n945395165d78463b
n762a2b275a74b0a4--slur--start--1,n780--slur--start--1,slur,stamp,n762a2b275a74b0a4
n65b8ce4d56ddf593--slur--start--1,n782--slur--start--1,slur,stamp,n65b8ce4d56ddf593
n0b18bda4392bd746--slur--stop--1,n783--slur--stop--1,slur,stamp,n0b18bda4392bd746
n5b1c28d0f0993413--staccatissimo--1,,staccatissimo,derive,n5b1c28d0f0993413
n5b1c28d0f0993413--staccato--1,,staccato,derive,n5b1c28d0f0993413
na3dd8024c514e4cb--staccatissimo--1,,staccatissimo,derive,na3dd8024c514e4cb
na3dd8024c514e4cb--staccato--1,,staccato,derive,na3dd8024c514e4cb
nac28962ed4a4725d--slur--stop--1,n788--slur--stop--1,slur,stamp,nac28962ed4a4725d
nd40f7fcb53275981--staccatissimo--1,,staccatissimo,derive,nd40f7fcb53275981
nd40f7fcb53275981--staccato--1,,staccato,derive,nd40f7fcb53275981
ne57ef80168c9af3f--staccatissimo--1,,staccatissimo,derive,ne57ef80168c9af3f
ne57ef80168c9af3f--staccato--1,,staccato,derive,ne57ef80168c9af3f
na566747162559186--staccatissimo--1,,staccatissimo,derive,na566747162559186
na566747162559186--staccato--1,,staccato,derive,na566747162559186
n5e87d56e7a5b0f2b--staccatissimo--1,,staccatissimo,derive,n5e87d56e7a5b0f2b
n5e87d56e7a5b0f2b--staccato--1,,staccato,derive,n5e87d56e7a5b0f2b
n97cb2a9529ff9fde--staccatissimo--1,,staccatissimo,derive,n97cb2a9529ff9fde
n97cb2a9529ff9fde--staccato--1,,staccato,derive,n97cb2a9529ff9fde
n3daf80894a31b3f0--staccatissimo--1,,staccatissimo,derive,n3daf80894a31b3f0
n3daf80894a31b3f0--staccato--1,,staccato,derive,n3daf80894a31b3f0
n762e679a81a325f2--staccatissimo--1,,staccatissimo,derive,n762e679a81a325f2
n762e679a81a325f2--staccato--1,,staccato,derive,n762e679a81a325f2
nc5d99716fe59205c--staccatissimo--1,,staccatissimo,derive,nc5d99716fe59205c
nc5d99716fe59205c--staccato--1,,staccato,derive,nc5d99716fe59205c
n957f45ddbddcec7a--staccatissimo--1,,staccatissimo,derive,n957f45ddbddcec7a
n957f45ddbddcec7a--staccato--1,,staccato,derive,n957f45ddbddcec7a
n78f8c0c62973f1aa--staccatissimo--1,,staccatissimo,derive,n78f8c0c62973f1aa
n78f8c0c62973f1aa--staccato--1,,staccato,derive,n78f8c0c62973f1aa
n4c3037a95435c14d--tie--1,,tie,derive,n4c3037a95435c14d
n4c3037a95435c14d--tied--start--1,n805--tied--start--1,tied,stamp,n4c3037a95435c14d
n8f3cb96f405f8a92--slur--start--1,n809--slur--start--1,slur,stamp,n8f3cb96f405f8a92
e2611700e50c8a8ec,md-1-66-1-1,dynamics,md,1
ndd5694be035d3813--tie--1,,tie,derive,ndd5694be035d3813
ndd5694be035d3813--tied--stop--1,n810--tied--stop--1,tied,stamp,ndd5694be035d3813
ndd5694be035d3813--slur--start--1,n810--slur--start--1,slur,stamp,ndd5694be035d3813
n701c00d93d0ec8ef--slur--stop--1,n812--slur--stop--1,slur,stamp,n701c00d93d0ec8ef
n4540e02dbce956c1--slur--stop--1,n817--slur--stop--1,slur,stamp,n4540e02dbce956c1
n6ec5b3e35982f8a7--slur--start--1,n818--slur--start--1,slur,stamp,n6ec5b3e35982f8a7
e31de54d610e0250c,md-1-67-1-1,dynamics,md,1
nc875cc6d557dba6e--slur--start--1,n819--slur--start--1,slur,stamp,nc875cc6d557dba6e
n6547154a671c7104--slur--stop--1,n821--slur--stop--1,slur,stamp,n6547154a671c7104
nf03861af43acd6ab--slur--stop--1,n826--slur--stop--1,slur,stamp,nf03861af43acd6ab
nbd4e023137d35d4b--slur--start--1,n827--slur--start--1,slur,stamp,nbd4e023137d35d4b
ee522258ed041e4b9,md-1-68-1-1,dynamics,md,1
n8834838daf6d2eda--slur--stop--1,n837--slur--stop--1,slur,stamp,n8834838daf6d2eda
n0136204203be68f4--slur--start--1,n838--slur--start--1,slur,stamp,n0136204203be68f4
n4b53273d88631f88--slur--stop--1,n842--slur--stop--1,slur,stamp,n4b53273d88631f88
n58b1b9d7dec91e2b--tie--1,,tie,derive,n58b1b9d7dec91e2b
n58b1b9d7dec91e2b--tied--start--1,n843--tied--start--1,tied,stamp,n58b1b9d7dec91e2b
nc8e3e202874c7d07--slur--start--1,n845--slur--start--1,slur,stamp,nc8e3e202874c7d07
n324d63a2692f709c--slur--start--1,n847--slur--start--1,slur,stamp,n324d63a2692f709c
n39f9c28756eb5d13--slur--stop--1,n849--slur--stop--1,slur,stamp,n39f9c28756eb5d13
nfd3eabe970962025--slur--start--1,n850--slur--start--1,slur,stamp,nfd3eabe970962025
eee2bf7314d54ae32,md-1-70-1-1,dynamics,md,1
na647863564928bca--tie--1,,tie,derive,na647863564928bca
na647863564928bca--tied--stop--1,n851--tied--stop--1,tied,stamp,na647863564928bca
nc975701548f44143--tie--1,,tie,derive,nc975701548f44143
nc975701548f44143--tied--start--1,n852--tied--start--1,tied,stamp,nc975701548f44143
ne07ef055c065fa86--slur--stop--1,n853--slur--stop--1,slur,stamp,ne07ef055c065fa86
nb0ce60849527e845--slur--start--1,n855--slur--start--1,slur,stamp,nb0ce60849527e845
nfdef464cd6beb796--slur--stop--1,n859--slur--stop--1,slur,stamp,nfdef464cd6beb796
n1d50f8c9f053f57f--slur--start--1,n860--slur--start--1,slur,stamp,n1d50f8c9f053f57f
n41c92e46742d9668--tie--1,,tie,derive,n41c92e46742d9668
n41c92e46742d9668--tied--stop--1,n861--tied--stop--1,tied,stamp,n41c92e46742d9668
nf06c50390a109127--tie--1,,tie,derive,nf06c50390a109127
nf06c50390a109127--tied--start--1,n862--tied--start--1,tied,stamp,nf06c50390a109127
nf06c50390a109127--slur--start--1,n862--slur--start--1,slur,stamp,nf06c50390a109127
nb6e5d8b6de729acf--slur--stop--1,n864--slur--stop--1,slur,stamp,nb6e5d8b6de729acf
nb201accd0816f9f9--slur--stop--1,n868--slur--stop--1,slur,stamp,nb201accd0816f9f9
nfa55f844fcda7f6f--slur--start--1,n869--slur--start--1,slur,stamp,nfa55f844fcda7f6f
n0264e78a4e0b4129--tie--1,,tie,derive,n0264e78a4e0b4129
n0264e78a4e0b4129--tied--stop--1,n870--tied--stop--1,tied,stamp,n0264e78a4e0b4129
n0264e78a4e0b4129--slur--stop--1,n870--slur--stop--1,slur,stamp,n0264e78a4e0b4129
n671e3b39634312ba--tie--1,,tie,derive,n671e3b39634312ba
n671e3b39634312ba--tied--start--1,n872--tied--start--1,tied,stamp,n671e3b39634312ba
n671e3b39634312ba--slur--start--1,n872--slur--start--1,slur,stamp,n671e3b39634312ba
n434ebe208de5276b--slur--stop--1,n876--slur--stop--1,slur,stamp,n434ebe208de5276b
n5e220929058cd311--slur--start--1,n877--slur--start--1,slur,stamp,n5e220929058cd311
nad6dffcca6255f9c--tie--1,,tie,derive,nad6dffcca6255f9c
nad6dffcca6255f9c--tied--stop--1,n878--tied--stop--1,tied,stamp,nad6dffcca6255f9c
nad6dffcca6255f9c--slur--stop--1,n878--slur--stop--1,slur,stamp,nad6dffcca6255f9c
n22b58c5ceeb1b45e--tie--1,,tie,derive,n22b58c5ceeb1b45e
n22b58c5ceeb1b45e--tied--start--1,n881--tied--start--1,tied,stamp,n22b58c5ceeb1b45e
n1142c2c5b1c88974--slur--stop--1,n884--slur--stop--1,slur,stamp,n1142c2c5b1c88974
n61edb5699f4262f4--slur--start--1,n885--slur--start--1,slur,stamp,n61edb5699f4262f4
nf17f09f754eff5ae--tie--1,,tie,derive,nf17f09f754eff5ae
nf17f09f754eff5ae--tied--start--1,n889--tied--start--1,tied,stamp,nf17f09f754eff5ae
n20c78dd5ec20488d--tie--1,,tie,derive,n20c78dd5ec20488d
n20c78dd5ec20488d--tied--stop--1,n890--tied--stop--1,tied,stamp,n20c78dd5ec20488d
ne84a535af6476601--slur--start--1,n891--slur--start--1,slur,stamp,ne84a535af6476601
nbb382ce1cc858243--slur--stop--1,n894--slur--stop--1,slur,stamp,nbb382ce1cc858243
n60f3ec3843886ac5--tie--1,,tie,derive,n60f3ec3843886ac5
n60f3ec3843886ac5--tied--start--1,n895--tied--start--1,tied,stamp,n60f3ec3843886ac5
n2f8adade412ad593--slur--start--1,n896--slur--start--1,slur,stamp,n2f8adade412ad593
e91625e5233c698cb,md-1-75-1-1,dynamics,md,1
n02b10aa6336bcbe2--tie--1,,tie,derive,n02b10aa6336bcbe2
n02b10aa6336bcbe2--tied--stop--1,n897--tied--stop--1,tied,stamp,n02b10aa6336bcbe2
n8381fc760065097a--slur--start--1,n898--slur--start--1,slur,stamp,n8381fc760065097a
n9953ca327cf65928--slur--stop--1,n901--slur--stop--1,slur,stamp,n9953ca327cf65928
n7c7e51b6d6634e52--tie--1,,tie,derive,n7c7e51b6d6634e52
n7c7e51b6d6634e52--tied--start--1,n902--tied--start--1,tied,stamp,n7c7e51b6d6634e52
n0ad7259bfd4add21--tie--1,,tie,derive,n0ad7259bfd4add21
n0ad7259bfd4add21--tied--stop--1,n903--tied--stop--1,tied,stamp,n0ad7259bfd4add21
n4534919cc3d5e563--slur--start--1,n904--slur--start--1,slur,stamp,n4534919cc3d5e563
n299cb3af1955692e--slur--stop--1,n907--slur--stop--1,slur,stamp,n299cb3af1955692e
e88cbf47221028f11,md-1-76-1-1,dynamics,md,1
n8928a2deff15e3c4--slur--stop--1,n910--slur--stop--1,slur,stamp,n8928a2deff15e3c4
nf42cbdb70f79686a--tie--1,,tie,derive,nf42cbdb70f79686a
nf42cbdb70f79686a--tied--start--1,n911--tied--start--1,tied,stamp,nf42cbdb70f79686a
n3eeeeb803fdc949b--tie--1,,tie,derive,n3eeeeb803fdc949b
n3eeeeb803fdc949b--tied--stop--1,n912--tied--stop--1,tied,stamp,n3eeeeb803fdc949b
nc4850b2fd6c54cb7--slur--start--1,n913--slur--start--1,slur,stamp,nc4850b2fd6c54cb7
n034a8e234fb39539--slur--stop--1,n916--slur--stop--1,slur,stamp,n034a8e234fb39539
n26cf91a029ca68b5--tie--1,,tie,derive,n26cf91a029ca68b5
n26cf91a029ca68b5--tied--start--1,n917--tied--start--1,tied,stamp,n26cf91a029ca68b5
nc208ff79e5e74438--slur--start--1,n918--slur--start--1,slur,stamp,nc208ff79e5e74438
e4ed735f667f8778c,md-1-77-1-1,dynamics,md,1
n71316d4e854ab992--tie--1,,tie,derive,n71316d4e854ab992
n71316d4e854ab992--tied--stop--1,n919--tied--stop--1,tied,stamp,n71316d4e854ab992
n031a621b5eb9269a--slur--start--1,n920--slur--start--1,slur,stamp,n031a621b5eb9269a
n50d68885b9bdf8a5--slur--stop--1,n923--slur--stop--1,slur,stamp,n50d68885b9bdf8a5
nec27dda48e81a1a4--tie--1,,tie,derive,nec27dda48e81a1a4
nec27dda48e81a1a4--tied--start--1,n924--tied--start--1,tied,stamp,nec27dda48e81a1a4
n067d588bb3656f07--tie--1,,tie,derive,n067d588bb3656f07
n067d588bb3656f07--tied--stop--1,n925--tied--stop--1,tied,stamp,n067d588bb3656f07
n2159c0567f38afbb--tie--1,,tie,derive,n2159c0567f38afbb
n2159c0567f38afbb--tied--start--1,n926--tied--start--1,tied,stamp,n2159c0567f38afbb
n806ec2db667911eb--slur--stop--1,n929--slur--stop--1,slur,stamp,n806ec2db667911eb
n7275626f4dff6686--slur--start--1,n930--slur--start--1,slur,stamp,n7275626f4dff6686
e01bb2cda0594b199,md-1-78-1-1,dynamics,md,1
n806db95567504f7b--slur--stop--1,n933--slur--stop--1,slur,stamp,n806db95567504f7b
na48b1fd117b15ee6--tie--1,,tie,derive,na48b1fd117b15ee6
na48b1fd117b15ee6--tied--start--1,n934--tied--start--1,tied,stamp,na48b1fd117b15ee6
n8df7772bc5b30dbc--tie--1,,tie,derive,n8df7772bc5b30dbc
n8df7772bc5b30dbc--tied--stop--1,n935--tied--stop--1,tied,stamp,n8df7772bc5b30dbc
naeb3bf6ba8a3c05f--slur--start--1,n936--slur--start--1,slur,stamp,naeb3bf6ba8a3c05f
n4f5090b5fd090e76--tie--1,,tie,derive,n4f5090b5fd090e76
n4f5090b5fd090e76--tied--stop--1,n937--tied--stop--1,tied,stamp,n4f5090b5fd090e76
nf13c79044bc30104--tie--1,,tie,derive,nf13c79044bc30104
nf13c79044bc30104--tied--start--1,n938--tied--start--1,tied,stamp,nf13c79044bc30104
n0f51e017e4240b16--slur--stop--1,n941--slur--stop--1,slur,stamp,n0f51e017e4240b16
nc1f8ce281a02baaf--slur--start--1,n942--slur--start--1,slur,stamp,nc1f8ce281a02baaf
ee30688a6eb18c8f5,md-1-79-1-1,dynamics,md,1
nf5e63d7f99bda24b--tie--1,,tie,derive,nf5e63d7f99bda24b
nf5e63d7f99bda24b--tied--stop--1,n943--tied--stop--1,tied,stamp,nf5e63d7f99bda24b
ne77822a4c34fc49d--slur--start--1,n944--slur--start--1,slur,stamp,ne77822a4c34fc49d
ne70eb12162845db8--slur--stop--1,n947--slur--stop--1,slur,stamp,ne70eb12162845db8
n99058ea1f266944d--tie--1,,tie,derive,n99058ea1f266944d
n99058ea1f266944d--tied--start--1,n948--tied--start--1,tied,stamp,n99058ea1f266944d
n454e5018568a4468--tie--1,,tie,derive,n454e5018568a4468
n454e5018568a4468--tied--stop--1,n949--tied--stop--1,tied,stamp,n454e5018568a4468
n2e54ca0a217d635c--slur--start--1,n950--slur--start--1,slur,stamp,n2e54ca0a217d635c
n88edbe1f1aa510e8--slur--stop--1,n953--slur--stop--1,slur,stamp,n88edbe1f1aa510e8
e8f3059dc1d5b5c3d,md-1-80-1-1,dynamics,md,1
nff74f31cc73f061e--slur--stop--1,n956--slur--stop--1,slur,stamp,nff74f31cc73f061e
nbc64805977dc8ee7--tie--1,,tie,derive,nbc64805977dc8ee7
nbc64805977dc8ee7--tied--start--1,n957--tied--start--1,tied,stamp,nbc64805977dc8ee7
n54cb0297b48f8848--tie--1,,tie,derive,n54cb0297b48f8848
n54cb0297b48f8848--tied--stop--1,n958--tied--stop--1,tied,stamp,n54cb0297b48f8848
n3c987d1d03d52bf2--slur--start--1,n959--slur--start--1,slur,stamp,n3c987d1d03d52bf2
n5dac49b4bb9ffe31--slur--stop--1,n962--slur--stop--1,slur,stamp,n5dac49b4bb9ffe31
n6f71709643da9dc7--tie--1,,tie,derive,n6f71709643da9dc7
n6f71709643da9dc7--tied--start--1,n963--tied--start--1,tied,stamp,n6f71709643da9dc7
nbda13651a14e66cd--slur--start--1,n964--slur--start--1,slur,stamp,nbda13651a14e66cd
e20879594c00db5d9,md-1-81-1-1,dynamics,md,1
n1d2e3a4a958612a2--tie--1,,tie,derive,n1d2e3a4a958612a2
n1d2e3a4a958612a2--tied--stop--1,n965--tied--stop--1,tied,stamp,n1d2e3a4a958612a2
nc8c605d31bb328d6--tie--1,,tie,derive,nc8c605d31bb328d6
nc8c605d31bb328d6--tied--start--1,n966--tied--start--1,tied,stamp,nc8c605d31bb328d6
nca87f40910b4a89e--slur--stop--1,n969--slur--stop--1,slur,stamp,nca87f40910b4a89e
n9341916b2da2f213--slur--start--1,n970--slur--start--1,slur,stamp,n9341916b2da2f213
n4b27fa9837ff2a1c--tie--1,,tie,derive,n4b27fa9837ff2a1c
n4b27fa9837ff2a1c--tied--stop--1,n971--tied--stop--1,tied,stamp,n4b27fa9837ff2a1c
n1a3149603e6d7ee9--tie--1,,tie,derive,n1a3149603e6d7ee9
n1a3149603e6d7ee9--tied--start--1,n972--tied--start--1,tied,stamp,n1a3149603e6d7ee9
n2183804b845235d2--slur--stop--1,n975--slur--stop--1,slur,stamp,n2183804b845235d2
n4e14ca14f14217fd--slur--start--1,n976--slur--start--1,slur,stamp,n4e14ca14f14217fd
e9d2cc7d3ab913274,md-1-82-1-1,dynamics,md,1
nb9d51cbd9623b5d0--tie--1,,tie,derive,nb9d51cbd9623b5d0
nb9d51cbd9623b5d0--tied--stop--1,n977--tied--stop--1,tied,stamp,nb9d51cbd9623b5d0
n3f372c5172e7bf66--tie--1,,tie,derive,n3f372c5172e7bf66
n3f372c5172e7bf66--tied--start--1,n978--tied--start--1,tied,stamp,n3f372c5172e7bf66
n4b538d515a69b82f--slur--stop--1,n981--slur--stop--1,slur,stamp,n4b538d515a69b82f
nfcee18f49b25b75f--slur--start--1,n982--slur--start--1,slur,stamp,nfcee18f49b25b75f
nd72b37b34bcd4029--tie--1,,tie,derive,nd72b37b34bcd4029
nd72b37b34bcd4029--tied--stop--1,n983--tied--stop--1,tied,stamp,nd72b37b34bcd4029
nc7c7e371779d0971--tie--1,,tie,derive,nc7c7e371779d0971
nc7c7e371779d0971--tied--start--1,n984--tied--start--1,tied,stamp,nc7c7e371779d0971
n461a307b7085ad3c--slur--stop--1,n987--slur--stop--1,slur,stamp,n461a307b7085ad3c
n0bab3c0f79c196df--slur--start--1,n988--slur--start--1,slur,stamp,n0bab3c0f79c196df
e873dc8d4529f3eed,md-1-83-1-1,dynamics,md,1
na37f6dc3cdb6b7f5--tie--1,,tie,derive,na37f6dc3cdb6b7f5
na37f6dc3cdb6b7f5--tied--stop--1,n989--tied--stop--1,tied,stamp,na37f6dc3cdb6b7f5
n5ce1621b9a727dfd--slur--start--1,n990--slur--start--1,slur,stamp,n5ce1621b9a727dfd
n6e4a40cf55886050--slur--stop--1,n993--slur--stop--1,slur,stamp,n6e4a40cf55886050
n78a2526ee507bb68--tie--1,,tie,derive,n78a2526ee507bb68
n78a2526ee507bb68--tied--start--1,n994--tied--start--1,tied,stamp,n78a2526ee507bb68
n6402338cc2fa4d0e--tie--1,,tie,derive,n6402338cc2fa4d0e
n6402338cc2fa4d0e--tied--stop--1,n995--tied--stop--1,tied,stamp,n6402338cc2fa4d0e
n0f4f666d2bd14812--slur--start--1,n996--slur--start--1,slur,stamp,n0f4f666d2bd14812
n02af2f1cfe85c870--slur--stop--1,n999--slur--stop--1,slur,stamp,n02af2f1cfe85c870
ec777b1ba2ee1cc60,md-1-84-1-1,dynamics,md,1
n8e2b48e7e621d181--slur--stop--1,n1001--slur--stop--1,slur,stamp,n8e2b48e7e621d181
n1bffd7332170c677--tie--1,,tie,derive,n1bffd7332170c677
n1bffd7332170c677--tied--start--1,n1002--tied--start--1,tied,stamp,n1bffd7332170c677
n4a6907268e0529ac--tie--1,,tie,derive,n4a6907268e0529ac
n4a6907268e0529ac--tied--stop--1,n1003--tied--stop--1,tied,stamp,n4a6907268e0529ac
n30ec7a4af92a10dc--staccatissimo--1,,staccatissimo,derive,n30ec7a4af92a10dc
n30ec7a4af92a10dc--staccato--1,,staccato,derive,n30ec7a4af92a10dc
n7cfc8e4cd5a7464b--staccatissimo--1,,staccatissimo,derive,n7cfc8e4cd5a7464b
n7cfc8e4cd5a7464b--staccato--1,,staccato,derive,n7cfc8e4cd5a7464b
ndc5165731931470c--slur--stop--1,n1008--slur--stop--1,slur,stamp,ndc5165731931470c
ndc5165731931470c--staccatissimo--1,,staccatissimo,derive,ndc5165731931470c
ndc5165731931470c--staccato--1,,staccato,derive,ndc5165731931470c
n4b1a6b7ce4e7a5b7--staccatissimo--1,,staccatissimo,derive,n4b1a6b7ce4e7a5b7
n4b1a6b7ce4e7a5b7--staccato--1,,staccato,derive,n4b1a6b7ce4e7a5b7
e927584736afad726,md-1-85-1-1,dynamics,md,1
n88ece26a32422bdf--tie--1,,tie,derive,n88ece26a32422bdf
n88ece26a32422bdf--tied--stop--1,n1010--tied--stop--1,tied,stamp,n88ece26a32422bdf
n5bde21a31414d77d--staccatissimo--1,,staccatissimo,derive,n5bde21a31414d77d
n5bde21a31414d77d--staccato--1,,staccato,derive,n5bde21a31414d77d
n458a594dbf8ba36b--staccatissimo--1,,staccatissimo,derive,n458a594dbf8ba36b
n458a594dbf8ba36b--staccato--1,,staccato,derive,n458a594dbf8ba36b
nb7d65b503c2ead1d--staccatissimo--1,,staccatissimo,derive,nb7d65b503c2ead1d
nb7d65b503c2ead1d--staccato--1,,staccato,derive,nb7d65b503c2ead1d
nbbe7e03a2a03288e--staccatissimo--1,,staccatissimo,derive,nbbe7e03a2a03288e
nbbe7e03a2a03288e--staccato--1,,staccato,derive,nbbe7e03a2a03288e
nb861d105d4086063--staccatissimo--1,,staccatissimo,derive,nb861d105d4086063
nb861d105d4086063--staccato--1,,staccato,derive,nb861d105d4086063
ne2a4c7f523f50b5b--staccatissimo--1,,staccatissimo,derive,ne2a4c7f523f50b5b
ne2a4c7f523f50b5b--staccato--1,,staccato,derive,ne2a4c7f523f50b5b
ne270445eae28b314--staccatissimo--1,,staccatissimo,derive,ne270445eae28b314
ne270445eae28b314--staccato--1,,staccato,derive,ne270445eae28b314
n86054e36e716ff6e--staccatissimo--1,,staccatissimo,derive,n86054e36e716ff6e
n86054e36e716ff6e--staccato--1,,staccato,derive,n86054e36e716ff6e
n9152a55900372c8e--staccatissimo--1,,staccatissimo,derive,n9152a55900372c8e
n9152a55900372c8e--staccato--1,,staccato,derive,n9152a55900372c8e
nc63ef16af628174f--staccatissimo--1,,staccatissimo,derive,nc63ef16af628174f
nc63ef16af628174f--staccato--1,,staccato,derive,nc63ef16af628174f
nf4c19f44e098dbcf--staccatissimo--1,,staccatissimo,derive,nf4c19f44e098dbcf
nf4c19f44e098dbcf--staccato--1,,staccato,derive,nf4c19f44e098dbcf
n40f9eefd7ee323de--staccatissimo--1,,staccatissimo,derive,n40f9eefd7ee323de
n40f9eefd7ee323de--staccato--1,,staccato,derive,n40f9eefd7ee323de
e0b99606b7530e4fc,md-1-87-1-1,dynamics,md,1
ne12832a056382e68--staccatissimo--1,,staccatissimo,derive,ne12832a056382e68
ne12832a056382e68--staccato--1,,staccato,derive,ne12832a056382e68
nd2ca980c29762427--staccatissimo--1,,staccatissimo,derive,nd2ca980c29762427
nd2ca980c29762427--staccato--1,,staccato,derive,nd2ca980c29762427
nf53feba666a0ac53--staccatissimo--1,,staccatissimo,derive,nf53feba666a0ac53
nf53feba666a0ac53--staccato--1,,staccato,derive,nf53feba666a0ac53
n2774a05c9f919cb5--staccatissimo--1,,staccatissimo,derive,n2774a05c9f919cb5
n2774a05c9f919cb5--staccato--1,,staccato,derive,n2774a05c9f919cb5
e9c90789b0de3ee5f,md-1-88-1-1,dynamics,md,1
n145a29cc16a99acd--staccatissimo--1,,staccatissimo,derive,n145a29cc16a99acd
n145a29cc16a99acd--staccato--1,,staccato,derive,n145a29cc16a99acd
ndaa3a5c03f4c46e3--staccatissimo--1,,staccatissimo,derive,ndaa3a5c03f4c46e3
ndaa3a5c03f4c46e3--staccato--1,,staccato,derive,ndaa3a5c03f4c46e3
ndcbffabb5ef866ca--staccatissimo--1,,staccatissimo,derive,ndcbffabb5ef866ca
ndcbffabb5ef866ca--staccato--1,,staccato,derive,ndcbffabb5ef866ca
ned6cdfcc21bfea0a--staccatissimo--1,,staccatissimo,derive,ned6cdfcc21bfea0a
ned6cdfcc21bfea0a--staccato--1,,staccato,derive,ned6cdfcc21bfea0a
e3a129e2682f4310d,md-1-89-1-1,dynamics,md,1
n2d71e05977057753--staccatissimo--1,,staccatissimo,derive,n2d71e05977057753
n2d71e05977057753--staccato--1,,staccato,derive,n2d71e05977057753
n08eeab20eb98be72--staccatissimo--1,,staccatissimo,derive,n08eeab20eb98be72
n08eeab20eb98be72--staccato--1,,staccato,derive,n08eeab20eb98be72
ne4583b0e4c26ba72--staccatissimo--1,,staccatissimo,derive,ne4583b0e4c26ba72
ne4583b0e4c26ba72--staccato--1,,staccato,derive,ne4583b0e4c26ba72
n1649c69477a52fcd--staccatissimo--1,,staccatissimo,derive,n1649c69477a52fcd
n1649c69477a52fcd--staccato--1,,staccato,derive,n1649c69477a52fcd
ea39763a0e7db9645,md-1-90-1-1,dynamics,md,1
na4a5167cd141761a--tie--1,,tie,derive,na4a5167cd141761a
na4a5167cd141761a--tied--start--1,n1073--tied--start--1,tied,stamp,na4a5167cd141761a
n6c5ba6f7d7f59495--tie--1,,tie,derive,n6c5ba6f7d7f59495
n6c5ba6f7d7f59495--tied--start--1,n1074--tied--start--1,tied,stamp,n6c5ba6f7d7f59495
n159affcf2c6fd2fd--tie--1,,tie,derive,n159affcf2c6fd2fd
n159affcf2c6fd2fd--tied--start--1,n1075--tied--start--1,tied,stamp,n159affcf2c6fd2fd
n431e30897741b0ac--tie--1,,tie,derive,n431e30897741b0ac
n431e30897741b0ac--tied--start--1,n1076--tied--start--1,tied,stamp,n431e30897741b0ac
n65580c6fb2b0091c--staccatissimo--1,,staccatissimo,derive,n65580c6fb2b0091c
n65580c6fb2b0091c--staccato--1,,staccato,derive,n65580c6fb2b0091c
n005dba6a0e140183--staccatissimo--1,,staccatissimo,derive,n005dba6a0e140183
n005dba6a0e140183--staccato--1,,staccato,derive,n005dba6a0e140183
nb5a27e8a6861efaa--staccatissimo--1,,staccatissimo,derive,nb5a27e8a6861efaa
nb5a27e8a6861efaa--staccato--1,,staccato,derive,nb5a27e8a6861efaa
n0cd7a28296bdcdf7--staccatissimo--1,,staccatissimo,derive,n0cd7a28296bdcdf7
n0cd7a28296bdcdf7--staccato--1,,staccato,derive,n0cd7a28296bdcdf7
e5b9894f0d3407231,md-1-91-1-1,dynamics,md,1
n95bcbb98ec3c647c--tie--1,,tie,derive,n95bcbb98ec3c647c
n95bcbb98ec3c647c--tied--stop--1,n1085--tied--stop--1,tied,stamp,n95bcbb98ec3c647c
n937c379cf34f7553--tie--1,,tie,derive,n937c379cf34f7553
n937c379cf34f7553--tied--stop--1,n1086--tied--stop--1,tied,stamp,n937c379cf34f7553
ne9e74ef75fc56621--tie--1,,tie,derive,ne9e74ef75fc56621
ne9e74ef75fc56621--tied--stop--1,n1087--tied--stop--1,tied,stamp,ne9e74ef75fc56621
n892b7ad2135ce293--tie--1,,tie,derive,n892b7ad2135ce293
n892b7ad2135ce293--tied--stop--1,n1088--tied--stop--1,tied,stamp,n892b7ad2135ce293
n9e7e45faa659a08e--staccatissimo--1,,staccatissimo,derive,n9e7e45faa659a08e
n9e7e45faa659a08e--staccato--1,,staccato,derive,n9e7e45faa659a08e
n691fb29a7b5fd08b--staccatissimo--1,,staccatissimo,derive,n691fb29a7b5fd08b
n691fb29a7b5fd08b--staccato--1,,staccato,derive,n691fb29a7b5fd08b
n79f53d401919a7dd--slur--start--1,n1109--slur--start--1,slur,stamp,n79f53d401919a7dd
n79f53d401919a7dd--slur--start--2,n1109--slur--start--2,slur,stamp,n79f53d401919a7dd
ea48d8b11e05eaafe,md-1-93-1-1,dynamics,md,1
na889b723b55ff13a--slur--stop--1,n1119--slur--stop--1,slur,stamp,na889b723b55ff13a
na889b723b55ff13a--slur--stop--2,n1119--slur--stop--2,slur,stamp,na889b723b55ff13a
na889b723b55ff13a--staccatissimo--1,,staccatissimo,derive,na889b723b55ff13a
na889b723b55ff13a--staccato--1,,staccato,derive,na889b723b55ff13a
n14449cd61e811065--staccatissimo--1,,staccatissimo,derive,n14449cd61e811065
n14449cd61e811065--staccato--1,,staccato,derive,n14449cd61e811065
n652d1a0fa189f823--staccatissimo--1,,staccatissimo,derive,n652d1a0fa189f823
n652d1a0fa189f823--staccato--1,,staccato,derive,n652d1a0fa189f823
n64b94428b1a3c9ef--staccatissimo--1,,staccatissimo,derive,n64b94428b1a3c9ef
n64b94428b1a3c9ef--staccato--1,,staccato,derive,n64b94428b1a3c9ef
nb24f55988f5370e0--staccatissimo--1,,staccatissimo,derive,nb24f55988f5370e0
nb24f55988f5370e0--staccato--1,,staccato,derive,nb24f55988f5370e0
n7b249b184bd61ea2--staccatissimo--1,,staccatissimo,derive,n7b249b184bd61ea2
n7b249b184bd61ea2--staccato--1,,staccato,derive,n7b249b184bd61ea2
n724b353cdbdc99ea--staccatissimo--1,,staccatissimo,derive,n724b353cdbdc99ea
n724b353cdbdc99ea--staccato--1,,staccato,derive,n724b353cdbdc99ea
nfb698a8ffaceb2f7--staccatissimo--1,,staccatissimo,derive,nfb698a8ffaceb2f7
nfb698a8ffaceb2f7--staccato--1,,staccato,derive,nfb698a8ffaceb2f7
nf0514946ab44a399--staccatissimo--1,,staccatissimo,derive,nf0514946ab44a399
nf0514946ab44a399--staccato--1,,staccato,derive,nf0514946ab44a399
n954fe737fd4204c0--staccatissimo--1,,staccatissimo,derive,n954fe737fd4204c0
n954fe737fd4204c0--staccato--1,,staccato,derive,n954fe737fd4204c0
n1183e89992f36149--staccatissimo--1,,staccatissimo,derive,n1183e89992f36149
n1183e89992f36149--staccato--1,,staccato,derive,n1183e89992f36149
n962fb1f9c8574a16--staccatissimo--1,,staccatissimo,derive,n962fb1f9c8574a16
n962fb1f9c8574a16--staccato--1,,staccato,derive,n962fb1f9c8574a16
nfd75f221b8b17589--slur--start--1,n1176--slur--start--1,slur,stamp,nfd75f221b8b17589
n9addd61b381c9811--tie--1,,tie,derive,n9addd61b381c9811
n9addd61b381c9811--tied--start--1,n1177--tied--start--1,tied,stamp,n9addd61b381c9811
n9addd61b381c9811--slur--stop--1,n1177--slur--stop--1,slur,stamp,n9addd61b381c9811
nf8f5c314283d2657--slur--start--1,n1178--slur--start--1,slur,stamp,nf8f5c314283d2657
e631c108fd6ad5fa5,md-1-97-1-1,dynamics,md,1
n87b698d8a0e0b0f9--tie--1,,tie,derive,n87b698d8a0e0b0f9
n87b698d8a0e0b0f9--tie--2,,tie,derive,n87b698d8a0e0b0f9
n87b698d8a0e0b0f9--tied--stop--1,n1187--tied--stop--1,tied,stamp,n87b698d8a0e0b0f9
n87b698d8a0e0b0f9--tied--start--2,n1187--tied--start--2,tied,stamp,n87b698d8a0e0b0f9
nd4ccfc5b48fa302c--slur--stop--1,n1188--slur--stop--1,slur,stamp,nd4ccfc5b48fa302c
nd4ccfc5b48fa302c--staccatissimo--1,,staccatissimo,derive,nd4ccfc5b48fa302c
nd4ccfc5b48fa302c--staccato--1,,staccato,derive,nd4ccfc5b48fa302c
nabcf3b4fc08a2d20--staccatissimo--1,,staccatissimo,derive,nabcf3b4fc08a2d20
nabcf3b4fc08a2d20--staccato--1,,staccato,derive,nabcf3b4fc08a2d20
n8653a90bc1fda4c0--staccatissimo--1,,staccatissimo,derive,n8653a90bc1fda4c0
n8653a90bc1fda4c0--staccato--1,,staccato,derive,n8653a90bc1fda4c0
n877b110364b55a99--staccatissimo--1,,staccatissimo,derive,n877b110364b55a99
n877b110364b55a99--staccato--1,,staccato,derive,n877b110364b55a99
na4504315458f5a71--tie--1,,tie,derive,na4504315458f5a71
na4504315458f5a71--tie--2,,tie,derive,na4504315458f5a71
na4504315458f5a71--tied--stop--1,n1200--tied--stop--1,tied,stamp,na4504315458f5a71
na4504315458f5a71--tied--start--2,n1200--tied--start--2,tied,stamp,na4504315458f5a71
n8fe865eefcd3e5cc--staccatissimo--1,,staccatissimo,derive,n8fe865eefcd3e5cc
n8fe865eefcd3e5cc--staccato--1,,staccato,derive,n8fe865eefcd3e5cc
nb9706fc722c6165a--staccatissimo--1,,staccatissimo,derive,nb9706fc722c6165a
nb9706fc722c6165a--staccato--1,,staccato,derive,nb9706fc722c6165a
n842c2810305c8c2e--staccatissimo--1,,staccatissimo,derive,n842c2810305c8c2e
n842c2810305c8c2e--staccato--1,,staccato,derive,n842c2810305c8c2e
nb8397061323468a5--staccatissimo--1,,staccatissimo,derive,nb8397061323468a5
nb8397061323468a5--staccato--1,,staccato,derive,nb8397061323468a5
nfca1d635354143bc--tie--1,,tie,derive,nfca1d635354143bc
nfca1d635354143bc--tied--stop--1,n1213--tied--stop--1,tied,stamp,nfca1d635354143bc
nf7881a0cf3c3f648--staccatissimo--1,,staccatissimo,derive,nf7881a0cf3c3f648
nf7881a0cf3c3f648--staccato--1,,staccato,derive,nf7881a0cf3c3f648
n603fee5212b3b563--staccatissimo--1,,staccatissimo,derive,n603fee5212b3b563
n603fee5212b3b563--staccato--1,,staccato,derive,n603fee5212b3b563
n8e1857b1e9113347--staccatissimo--1,,staccatissimo,derive,n8e1857b1e9113347
n8e1857b1e9113347--staccato--1,,staccato,derive,n8e1857b1e9113347
naf932ed3af01f4a0--staccatissimo--1,,staccatissimo,derive,naf932ed3af01f4a0
naf932ed3af01f4a0--staccato--1,,staccato,derive,naf932ed3af01f4a0
n439e4511176cccd1--slur--start--1,n1226--slur--start--1,slur,stamp,n439e4511176cccd1
n0a2d84a64e9a69c5--tie--1,,tie,derive,n0a2d84a64e9a69c5
n0a2d84a64e9a69c5--tied--start--1,n1227--tied--start--1,tied,stamp,n0a2d84a64e9a69c5
e9179586e441e661c,md-1-101-1-1,dynamics,md,1
nc7f2170d9e1de7a5--slur--stop--1,n1236--slur--stop--1,slur,stamp,nc7f2170d9e1de7a5
nc7f2170d9e1de7a5--staccatissimo--1,,staccatissimo,derive,nc7f2170d9e1de7a5
nc7f2170d9e1de7a5--staccato--1,,staccato,derive,nc7f2170d9e1de7a5
n38a5b9e748882512--staccatissimo--1,,staccatissimo,derive,n38a5b9e748882512
n38a5b9e748882512--staccato--1,,staccato,derive,n38a5b9e748882512
nb4a121e7cb1af8c6--staccatissimo--1,,staccatissimo,derive,nb4a121e7cb1af8c6
nb4a121e7cb1af8c6--staccato--1,,staccato,derive,nb4a121e7cb1af8c6
nb566ba2fb79dc238--staccatissimo--1,,staccatissimo,derive,nb566ba2fb79dc238
nb566ba2fb79dc238--staccato--1,,staccato,derive,nb566ba2fb79dc238
n5dca4c58b23e0df3--tie--1,,tie,derive,n5dca4c58b23e0df3
n5dca4c58b23e0df3--tie--2,,tie,derive,n5dca4c58b23e0df3
n5dca4c58b23e0df3--tied--stop--1,n1240--tied--stop--1,tied,stamp,n5dca4c58b23e0df3
n5dca4c58b23e0df3--tied--start--2,n1240--tied--start--2,tied,stamp,n5dca4c58b23e0df3
n0bb1a1355ae60040--staccatissimo--1,,staccatissimo,derive,n0bb1a1355ae60040
n0bb1a1355ae60040--staccato--1,,staccato,derive,n0bb1a1355ae60040
nee5747c53cb0308f--staccatissimo--1,,staccatissimo,derive,nee5747c53cb0308f
nee5747c53cb0308f--staccato--1,,staccato,derive,nee5747c53cb0308f
nb673d7e88693a6eb--staccatissimo--1,,staccatissimo,derive,nb673d7e88693a6eb
nb673d7e88693a6eb--staccato--1,,staccato,derive,nb673d7e88693a6eb
n2dfd0009a9940216--staccatissimo--1,,staccatissimo,derive,n2dfd0009a9940216
n2dfd0009a9940216--staccato--1,,staccato,derive,n2dfd0009a9940216
n0a9fb58d2f0da85c--tie--1,,tie,derive,n0a9fb58d2f0da85c
n0a9fb58d2f0da85c--tie--2,,tie,derive,n0a9fb58d2f0da85c
n0a9fb58d2f0da85c--tied--stop--1,n1253--tied--stop--1,tied,stamp,n0a9fb58d2f0da85c
n0a9fb58d2f0da85c--tied--start--2,n1253--tied--start--2,tied,stamp,n0a9fb58d2f0da85c
nbb329990c9b53549--staccatissimo--1,,staccatissimo,derive,nbb329990c9b53549
nbb329990c9b53549--staccato--1,,staccato,derive,nbb329990c9b53549
n537ec69b592fe2a4--staccatissimo--1,,staccatissimo,derive,n537ec69b592fe2a4
n537ec69b592fe2a4--staccato--1,,staccato,derive,n537ec69b592fe2a4
n981a8462615b171a--staccatissimo--1,,staccatissimo,derive,n981a8462615b171a
n981a8462615b171a--staccato--1,,staccato,derive,n981a8462615b171a
nd5a07b2cc2de37dd--staccatissimo--1,,staccatissimo,derive,nd5a07b2cc2de37dd
nd5a07b2cc2de37dd--staccato--1,,staccato,derive,nd5a07b2cc2de37dd
n0d030006844a10dd--tie--1,,tie,derive,n0d030006844a10dd
n0d030006844a10dd--tied--stop--1,n1266--tied--stop--1,tied,stamp,n0d030006844a10dd
ncbb5a7eb665f596f--slur--start--1,n1269--slur--start--1,slur,stamp,ncbb5a7eb665f596f
n27f1651c708b6f20--slur--start--1,n1271--slur--start--1,slur,stamp,n27f1651c708b6f20
e6477bb0600c74e52,md-1-105-1-1,dynamics,md,1
n085cc460aaf08cea--tie--1,,tie,derive,n085cc460aaf08cea
n085cc460aaf08cea--tied--start--1,n1278--tied--start--1,tied,stamp,n085cc460aaf08cea
n3a1ece9724676300--tie--1,,tie,derive,n3a1ece9724676300
n3a1ece9724676300--tied--stop--1,n1283--tied--stop--1,tied,stamp,n3a1ece9724676300
nc05ba0743e15e34b--tie--1,,tie,derive,nc05ba0743e15e34b
nc05ba0743e15e34b--tied--start--1,n1287--tied--start--1,tied,stamp,nc05ba0743e15e34b
n9e8455af3da4424d--tie--1,,tie,derive,n9e8455af3da4424d
n9e8455af3da4424d--tied--stop--1,n1288--tied--stop--1,tied,stamp,n9e8455af3da4424d
n68d3005d5ede71fa--slur--stop--1,n1291--slur--stop--1,slur,stamp,n68d3005d5ede71fa
n1a218a36b9c5eecb--slur--start--1,n1293--slur--start--1,slur,stamp,n1a218a36b9c5eecb
nfaa3c22d6a4b1619--slur--stop--1,n1294--slur--stop--1,slur,stamp,nfaa3c22d6a4b1619
n7b41bcb9a61044d1--slur--start--1,n1296--slur--start--1,slur,stamp,n7b41bcb9a61044d1
n0c3b1d5539c2a1ae--tie--1,,tie,derive,n0c3b1d5539c2a1ae
n0c3b1d5539c2a1ae--tied--start--1,n1302--tied--start--1,tied,stamp,n0c3b1d5539c2a1ae
n48bf3274678d5040--tie--1,,tie,derive,n48bf3274678d5040
n48bf3274678d5040--tied--stop--1,n1308--tied--stop--1,tied,stamp,n48bf3274678d5040
n00517d97b04aa6e7--slur--stop--1,n1316--slur--stop--1,slur,stamp,n00517d97b04aa6e7
n46b6c9f2c3f7a371--slur--start--1,n1318--slur--start--1,slur,stamp,n46b6c9f2c3f7a371
n5f97fd45f60fbb2d--tie--1,,tie,derive,n5f97fd45f60fbb2d
n5f97fd45f60fbb2d--tied--start--1,n1319--tied--start--1,tied,stamp,n5f97fd45f60fbb2d
n5f97fd45f60fbb2d--slur--stop--1,n1319--slur--stop--1,slur,stamp,n5f97fd45f60fbb2d
e39ac5ef3213c7a33,md-1-113-2-1,dynamics,md,2
n15e09d9fde3b0d37--tie--1,,tie,derive,n15e09d9fde3b0d37
n15e09d9fde3b0d37--tied--start--1,n1322--tied--start--1,tied,stamp,n15e09d9fde3b0d37
n15e09d9fde3b0d37--slur--start--1,n1322--slur--start--1,slur,stamp,n15e09d9fde3b0d37
n6b1f9ab3bdcf4b51--slur--stop--1,n1326--slur--stop--1,slur,stamp,n6b1f9ab3bdcf4b51
n3b6f664609dc17bd--tie--1,,tie,derive,n3b6f664609dc17bd
n3b6f664609dc17bd--tied--stop--1,n1327--tied--stop--1,tied,stamp,n3b6f664609dc17bd
e5e422557be402fdb,md-1-114-1-1,dynamics,md,1
n2ad1e8998ada0091--tie--1,,tie,derive,n2ad1e8998ada0091
n2ad1e8998ada0091--tied--stop--1,n1328--tied--stop--1,tied,stamp,n2ad1e8998ada0091
n8c6a659609532084--slur--stop--1,n1332--slur--stop--1,slur,stamp,n8c6a659609532084
n64cb0156fc80d8ad--slur--start--1,n1335--slur--start--1,slur,stamp,n64cb0156fc80d8ad
n66e8188d9613eb39--tie--1,,tie,derive,n66e8188d9613eb39
n66e8188d9613eb39--tied--start--1,n1336--tied--start--1,tied,stamp,n66e8188d9613eb39
ndc06926945be4c01--slur--start--1,n1339--slur--start--1,slur,stamp,ndc06926945be4c01
n94f04b6c26125f3b--slur--stop--1,n1343--slur--stop--1,slur,stamp,n94f04b6c26125f3b
n9df826c2daef42cb--tie--1,,tie,derive,n9df826c2daef42cb
n9df826c2daef42cb--tied--stop--1,n1344--tied--stop--1,tied,stamp,n9df826c2daef42cb
n43f954be2f45eefc--slur--stop--1,n1349--slur--stop--1,slur,stamp,n43f954be2f45eefc
ne438a785a24df0a8--slur--start--1,n1352--slur--start--1,slur,stamp,ne438a785a24df0a8
n0576e2174dc63817--tie--1,,tie,derive,n0576e2174dc63817
n0576e2174dc63817--tied--start--1,n1353--tied--start--1,tied,stamp,n0576e2174dc63817
n35c9d7d4018c900d--tie--1,,tie,derive,n35c9d7d4018c900d
n35c9d7d4018c900d--tied--start--1,n1356--tied--start--1,tied,stamp,n35c9d7d4018c900d
n35c9d7d4018c900d--slur--start--1,n1356--slur--start--1,slur,stamp,n35c9d7d4018c900d
n5c4dcfc08e6c1815--slur--stop--1,n1360--slur--stop--1,slur,stamp,n5c4dcfc08e6c1815
nd361a3bba2832d8f--tie--1,,tie,derive,nd361a3bba2832d8f
nd361a3bba2832d8f--tied--stop--1,n1361--tied--stop--1,tied,stamp,nd361a3bba2832d8f
ndef1508d03da58c4--tie--1,,tie,derive,ndef1508d03da58c4
ndef1508d03da58c4--tied--stop--1,n1362--tied--stop--1,tied,stamp,ndef1508d03da58c4
n99f670d6c50aaf82--slur--stop--1,n1366--slur--stop--1,slur,stamp,n99f670d6c50aaf82
n73fb179978bbfa02--tie--1,,tie,derive,n73fb179978bbfa02
n73fb179978bbfa02--tied--start--1,n1370--tied--start--1,tied,stamp,n73fb179978bbfa02
e0ae15e2f349a3f6f,md-1-119-2-1,dynamics,md,2
n256797582b3981cb--slur--start--1,n1373--slur--start--1,slur,stamp,n256797582b3981cb
n508c18dbfdf0bbfc--tie--1,,tie,derive,n508c18dbfdf0bbfc
n508c18dbfdf0bbfc--tied--stop--1,n1377--tied--stop--1,tied,stamp,n508c18dbfdf0bbfc
ee23e1ebfc56a82ec,md-1-120-1-1,dynamics,md,1
n4f17dd7aa2e6e0cf--slur--stop--1,n1380--slur--stop--1,slur,stamp,n4f17dd7aa2e6e0cf
n7c9979a14e96536c--slur--start--1,n1384--slur--start--1,slur,stamp,n7c9979a14e96536c
ne4150aca49b1475e--slur--start--1,n1387--slur--start--1,slur,stamp,ne4150aca49b1475e
n04219aa202da9a68--slur--stop--1,n1390--slur--stop--1,slur,stamp,n04219aa202da9a68
n23cb3e54353064e4--slur--stop--1,n1394--slur--stop--1,slur,stamp,n23cb3e54353064e4
n7aa1734f31b131cb--slur--start--1,n1401--slur--start--1,slur,stamp,n7aa1734f31b131cb
e9fb83fd8f8ce7d33,md-1-125-1-1,dynamics,md,1
n3045a3643848902c--slur--stop--1,n1405--slur--stop--1,slur,stamp,n3045a3643848902c
nd329c332270dbb48--slur--start--1,n1409--slur--start--1,slur,stamp,nd329c332270dbb48
ef42dec761e04da03,md-1-126-2-1,dynamics,md,2
ne4bb0820030f0b0b--slur--start--1,n1412--slur--start--1,slur,stamp,ne4bb0820030f0b0b
nbec39381188975b9--slur--stop--1,n1415--slur--stop--1,slur,stamp,nbec39381188975b9
n3ffae6c252dfcdea--slur--stop--1,n1419--slur--stop--1,slur,stamp,n3ffae6c252dfcdea
n466e6b2b4812b0ba--slur--start--1,n1423--slur--start--1,slur,stamp,n466e6b2b4812b0ba
nbf48f6c4ecf634e9--slur--start--1,n1426--slur--start--1,slur,stamp,nbf48f6c4ecf634e9
nebea56eb09838ef4--slur--stop--1,n1430--slur--stop--1,slur,stamp,nebea56eb09838ef4
n0aa5413635d3ae0d--slur--start--1,n1431--slur--start--1,slur,stamp,n0aa5413635d3ae0d
e70b53a234b84fa02,md-1-129-1-1,dynamics,md,1
n818a328a88cccad7--slur--stop--1,n1432--slur--stop--1,slur,stamp,n818a328a88cccad7
n818a328a88cccad7--staccatissimo--1,,staccatissimo,derive,n818a328a88cccad7
n818a328a88cccad7--staccato--1,,staccato,derive,n818a328a88cccad7
n72579ba58df9f4ff--staccatissimo--1,,staccatissimo,derive,n72579ba58df9f4ff
n72579ba58df9f4ff--staccato--1,,staccato,derive,n72579ba58df9f4ff
n55d03bccd0e6ea7b--staccatissimo--1,,staccatissimo,derive,n55d03bccd0e6ea7b
n55d03bccd0e6ea7b--staccato--1,,staccato,derive,n55d03bccd0e6ea7b
n3f5f7e2d7feb3d40--staccatissimo--1,,staccatissimo,derive,n3f5f7e2d7feb3d40
n3f5f7e2d7feb3d40--staccato--1,,staccato,derive,n3f5f7e2d7feb3d40
naf65c5cb183c0763--slur--stop--1,n1436--slur--stop--1,slur,stamp,naf65c5cb183c0763
naf65c5cb183c0763--staccatissimo--1,,staccatissimo,derive,naf65c5cb183c0763
naf65c5cb183c0763--staccato--1,,staccato,derive,naf65c5cb183c0763
n60e3c56122551311--staccatissimo--1,,staccatissimo,derive,n60e3c56122551311
n60e3c56122551311--staccato--1,,staccato,derive,n60e3c56122551311
n388b4d4179ba4892--staccatissimo--1,,staccatissimo,derive,n388b4d4179ba4892
n388b4d4179ba4892--staccato--1,,staccato,derive,n388b4d4179ba4892
nf72b3c473b0df687--staccatissimo--1,,staccatissimo,derive,nf72b3c473b0df687
nf72b3c473b0df687--staccato--1,,staccato,derive,nf72b3c473b0df687
n7b9120fe8d736249--staccatissimo--1,,staccatissimo,derive,n7b9120fe8d736249
n7b9120fe8d736249--staccato--1,,staccato,derive,n7b9120fe8d736249
nbcee9d4a54128d47--staccatissimo--1,,staccatissimo,derive,nbcee9d4a54128d47
nbcee9d4a54128d47--staccato--1,,staccato,derive,nbcee9d4a54128d47
ne4d4ecef5888a1f5--staccatissimo--1,,staccatissimo,derive,ne4d4ecef5888a1f5
ne4d4ecef5888a1f5--staccato--1,,staccato,derive,ne4d4ecef5888a1f5
n1d459810af51e627--staccatissimo--1,,staccatissimo,derive,n1d459810af51e627
n1d459810af51e627--staccato--1,,staccato,derive,n1d459810af51e627
n693baadcaf8a188d--staccatissimo--1,,staccatissimo,derive,n693baadcaf8a188d
n693baadcaf8a188d--staccato--1,,staccato,derive,n693baadcaf8a188d
nf8ae000588b3974a--staccatissimo--1,,staccatissimo,derive,nf8ae000588b3974a
nf8ae000588b3974a--staccato--1,,staccato,derive,nf8ae000588b3974a
n7d0b23fe17cf8b79--staccatissimo--1,,staccatissimo,derive,n7d0b23fe17cf8b79
n7d0b23fe17cf8b79--staccato--1,,staccato,derive,n7d0b23fe17cf8b79
n5dd9bc7da466fa94--staccatissimo--1,,staccatissimo,derive,n5dd9bc7da466fa94
n5dd9bc7da466fa94--staccato--1,,staccato,derive,n5dd9bc7da466fa94
n2c886a7768dc0229--staccatissimo--1,,staccatissimo,derive,n2c886a7768dc0229
n2c886a7768dc0229--staccato--1,,staccato,derive,n2c886a7768dc0229
n28ec68905d0cf9b7--staccatissimo--1,,staccatissimo,derive,n28ec68905d0cf9b7
n28ec68905d0cf9b7--staccato--1,,staccato,derive,n28ec68905d0cf9b7
na61cfcbc0eaf3abd--staccatissimo--1,,staccatissimo,derive,na61cfcbc0eaf3abd
na61cfcbc0eaf3abd--staccato--1,,staccato,derive,na61cfcbc0eaf3abd
n8c8822f468687ebf--staccatissimo--1,,staccatissimo,derive,n8c8822f468687ebf
n8c8822f468687ebf--staccato--1,,staccato,derive,n8c8822f468687ebf
n3421f0787220ad9b--staccatissimo--1,,staccatissimo,derive,n3421f0787220ad9b
n3421f0787220ad9b--staccato--1,,staccato,derive,n3421f0787220ad9b
nfafa70677c00da30--staccatissimo--1,,staccatissimo,derive,nfafa70677c00da30
nfafa70677c00da30--staccato--1,,staccato,derive,nfafa70677c00da30
n5bd3d5143b8ae4c1--staccatissimo--1,,staccatissimo,derive,n5bd3d5143b8ae4c1
n5bd3d5143b8ae4c1--staccato--1,,staccato,derive,n5bd3d5143b8ae4c1
n6bf8c2c0b1ff5fd4--staccatissimo--1,,staccatissimo,derive,n6bf8c2c0b1ff5fd4
n6bf8c2c0b1ff5fd4--staccato--1,,staccato,derive,n6bf8c2c0b1ff5fd4
n9eb2411becf2697d--fermata--upright--1,n1468--fermata--upright--1,fermata,stamp,n9eb2411becf2697d
n28fea77e68656b96--fermata--upright--1,n1470--fermata--upright--1,fermata,stamp,n28fea77e68656b96
ed437100853f19373,md-1-133-1-1,dynamics,md,1
n1c186e2962c1785e--staccatissimo--1,,staccatissimo,derive,n1c186e2962c1785e
n1c186e2962c1785e--staccato--1,,staccato,derive,n1c186e2962c1785e
n8de7736b82e0242b--staccatissimo--1,,staccatissimo,derive,n8de7736b82e0242b
n8de7736b82e0242b--staccato--1,,staccato,derive,n8de7736b82e0242b
n1ef863c6571f73df--staccatissimo--1,,staccatissimo,derive,n1ef863c6571f73df
n1ef863c6571f73df--staccato--1,,staccato,derive,n1ef863c6571f73df
nc6c1d7dda895506e--staccatissimo--1,,staccatissimo,derive,nc6c1d7dda895506e
nc6c1d7dda895506e--staccato--1,,staccato,derive,nc6c1d7dda895506e
n87b45db7e94b43f3--staccatissimo--1,,staccatissimo,derive,n87b45db7e94b43f3
n87b45db7e94b43f3--staccato--1,,staccato,derive,n87b45db7e94b43f3
n291dfbbb051a4c41--staccatissimo--1,,staccatissimo,derive,n291dfbbb051a4c41
n291dfbbb051a4c41--staccato--1,,staccato,derive,n291dfbbb051a4c41
nd039399aa068563a--staccatissimo--1,,staccatissimo,derive,nd039399aa068563a
nd039399aa068563a--staccato--1,,staccato,derive,nd039399aa068563a
nc68764233e532af1--staccatissimo--1,,staccatissimo,derive,nc68764233e532af1
nc68764233e532af1--staccato--1,,staccato,derive,nc68764233e532af1
n4f4bb5e5a5904af6--staccatissimo--1,,staccatissimo,derive,n4f4bb5e5a5904af6
n4f4bb5e5a5904af6--staccato--1,,staccato,derive,n4f4bb5e5a5904af6
nf8c24f6ad96f6141--staccatissimo--1,,staccatissimo,derive,nf8c24f6ad96f6141
nf8c24f6ad96f6141--staccato--1,,staccato,derive,nf8c24f6ad96f6141
n4799cbe94033661e--staccatissimo--1,,staccatissimo,derive,n4799cbe94033661e
n4799cbe94033661e--staccato--1,,staccato,derive,n4799cbe94033661e
naad4ee3b0b6ecadc--staccatissimo--1,,staccatissimo,derive,naad4ee3b0b6ecadc
naad4ee3b0b6ecadc--staccato--1,,staccato,derive,naad4ee3b0b6ecadc
n201f4ea4e9c52cdf--staccatissimo--1,,staccatissimo,derive,n201f4ea4e9c52cdf
n201f4ea4e9c52cdf--staccato--1,,staccato,derive,n201f4ea4e9c52cdf
n882966fdba17640c--staccatissimo--1,,staccatissimo,derive,n882966fdba17640c
n882966fdba17640c--staccato--1,,staccato,derive,n882966fdba17640c
nf907b66ca009aec7--staccatissimo--1,,staccatissimo,derive,nf907b66ca009aec7
nf907b66ca009aec7--staccato--1,,staccato,derive,nf907b66ca009aec7
nce3506414a70945f--staccatissimo--1,,staccatissimo,derive,nce3506414a70945f
nce3506414a70945f--staccato--1,,staccato,derive,nce3506414a70945f
nda1c03d9e660a17d--staccatissimo--1,,staccatissimo,derive,nda1c03d9e660a17d
nda1c03d9e660a17d--staccato--1,,staccato,derive,nda1c03d9e660a17d
nfa16c67c46c7e219--staccatissimo--1,,staccatissimo,derive,nfa16c67c46c7e219
nfa16c67c46c7e219--staccato--1,,staccato,derive,nfa16c67c46c7e219
n80388d266c8b110a--staccatissimo--1,,staccatissimo,derive,n80388d266c8b110a
n80388d266c8b110a--staccato--1,,staccato,derive,n80388d266c8b110a
n2a7592bae5c67c3e--staccatissimo--1,,staccatissimo,derive,n2a7592bae5c67c3e
n2a7592bae5c67c3e--staccato--1,,staccato,derive,n2a7592bae5c67c3e
n607d63380cb29587--staccatissimo--1,,staccatissimo,derive,n607d63380cb29587
n607d63380cb29587--staccato--1,,staccato,derive,n607d63380cb29587
neb85d8fa1234aa93--staccatissimo--1,,staccatissimo,derive,neb85d8fa1234aa93
neb85d8fa1234aa93--staccato--1,,staccato,derive,neb85d8fa1234aa93
n9f32161d4d968035--staccato--1,,staccato,derive,n9f32161d4d968035
n50b8fcec1e7a5108--staccato--1,,staccato,derive,n50b8fcec1e7a5108
neeea4bcd0b354d5b--staccato--1,,staccato,derive,neeea4bcd0b354d5b
n004cabc9096fb038--staccato--1,,staccato,derive,n004cabc9096fb038
n4bd89e499eb1e316--staccatissimo--1,,staccatissimo,derive,n4bd89e499eb1e316
n4bd89e499eb1e316--staccato--1,,staccato,derive,n4bd89e499eb1e316
ncc33ed368113284f--staccatissimo--1,,staccatissimo,derive,ncc33ed368113284f
ncc33ed368113284f--staccato--1,,staccato,derive,ncc33ed368113284f
n8d4522f63a04b690--staccatissimo--1,,staccatissimo,derive,n8d4522f63a04b690
n8d4522f63a04b690--staccato--1,,staccato,derive,n8d4522f63a04b690
n81b00cbde16ef912--staccatissimo--1,,staccatissimo,derive,n81b00cbde16ef912
n81b00cbde16ef912--staccato--1,,staccato,derive,n81b00cbde16ef912
n069bbb98dcad6fae--staccato--1,,staccato,derive,n069bbb98dcad6fae
n076d84ccdd0c071a--staccatissimo--1,,staccatissimo,derive,n076d84ccdd0c071a
n076d84ccdd0c071a--staccato--1,,staccato,derive,n076d84ccdd0c071a
e4e9392b58a633b1e,md-1-142-1-1,dynamics,md,1
n96f9f58a8c8d16d9--staccatissimo--1,,staccatissimo,derive,n96f9f58a8c8d16d9
n96f9f58a8c8d16d9--staccato--1,,staccato,derive,n96f9f58a8c8d16d9
nb51c87114d788ecd--staccatissimo--1,,staccatissimo,derive,nb51c87114d788ecd
nb51c87114d788ecd--staccato--1,,staccato,derive,nb51c87114d788ecd
ndbe8d75d6d861803--staccatissimo--1,,staccatissimo,derive,ndbe8d75d6d861803
ndbe8d75d6d861803--staccato--1,,staccato,derive,ndbe8d75d6d861803
n267512c9b62a364c--staccatissimo--1,,staccatissimo,derive,n267512c9b62a364c
n267512c9b62a364c--staccato--1,,staccato,derive,n267512c9b62a364c
n047b2d88dd5dde1e--staccatissimo--1,,staccatissimo,derive,n047b2d88dd5dde1e
n047b2d88dd5dde1e--staccato--1,,staccato,derive,n047b2d88dd5dde1e
n6d03ce5024d3341c--staccatissimo--1,,staccatissimo,derive,n6d03ce5024d3341c
n6d03ce5024d3341c--staccato--1,,staccato,derive,n6d03ce5024d3341c
n2db4e073f4d26a51--staccatissimo--1,,staccatissimo,derive,n2db4e073f4d26a51
n2db4e073f4d26a51--staccato--1,,staccato,derive,n2db4e073f4d26a51
n1de15a2eda9cd276--staccatissimo--1,,staccatissimo,derive,n1de15a2eda9cd276
n1de15a2eda9cd276--staccato--1,,staccato,derive,n1de15a2eda9cd276
n91a9e47515ac6d17--staccatissimo--1,,staccatissimo,derive,n91a9e47515ac6d17
n91a9e47515ac6d17--staccato--1,,staccato,derive,n91a9e47515ac6d17
nb5f0c944a6a93f65--staccatissimo--1,,staccatissimo,derive,nb5f0c944a6a93f65
nb5f0c944a6a93f65--staccato--1,,staccato,derive,nb5f0c944a6a93f65
n2ce4a501d258f6b2--staccatissimo--1,,staccatissimo,derive,n2ce4a501d258f6b2
n2ce4a501d258f6b2--staccato--1,,staccato,derive,n2ce4a501d258f6b2
ncd95eed1bdea9a1c--staccatissimo--1,,staccatissimo,derive,ncd95eed1bdea9a1c
ncd95eed1bdea9a1c--staccato--1,,staccato,derive,ncd95eed1bdea9a1c
e1fc2931bdfed3275,md-1-146-1-1,dynamics,md,1
e6bf430f5c4810af7,md-1-147-1-1,dynamics,md,1
nb3d98fee76466686--tie--1,,tie,derive,nb3d98fee76466686
nb3d98fee76466686--tied--start--1,n1668--tied--start--1,tied,stamp,nb3d98fee76466686
e06e92af2316d60fc,md-1-148-1-1,dynamics,md,1
nc42510b542f4cf45--tie--1,,tie,derive,nc42510b542f4cf45
nc42510b542f4cf45--tied--stop--1,n1677--tied--stop--1,tied,stamp,nc42510b542f4cf45
nc42510b542f4cf45--slur--start--1,n1677--slur--start--1,slur,stamp,nc42510b542f4cf45
n9a3419f66ef18934--slur--stop--1,n1684--slur--stop--1,slur,stamp,n9a3419f66ef18934
n5c3e3c030204dc6f--staccatissimo--1,,staccatissimo,derive,n5c3e3c030204dc6f
n5c3e3c030204dc6f--staccato--1,,staccato,derive,n5c3e3c030204dc6f
ee88f9d93a9213eb2,md-1-150-1-1,dynamics,md,1
e7ab2a17b5f7d086f,md-1-150-2-1,dynamics,md,2
n1e5c331effafdb57--staccatissimo--1,,staccatissimo,derive,n1e5c331effafdb57
n1e5c331effafdb57--staccato--1,,staccato,derive,n1e5c331effafdb57
n5e51cf6fb546908b--staccatissimo--1,,staccatissimo,derive,n5e51cf6fb546908b
n5e51cf6fb546908b--staccato--1,,staccato,derive,n5e51cf6fb546908b
n67b412d70a27f93f--staccatissimo--1,,staccatissimo,derive,n67b412d70a27f93f
n67b412d70a27f93f--staccato--1,,staccato,derive,n67b412d70a27f93f
n1d6a7df63a9930a2--staccatissimo--1,,staccatissimo,derive,n1d6a7df63a9930a2
n1d6a7df63a9930a2--staccato--1,,staccato,derive,n1d6a7df63a9930a2
nd98bca765fa37a3b--staccatissimo--1,,staccatissimo,derive,nd98bca765fa37a3b
nd98bca765fa37a3b--staccato--1,,staccato,derive,nd98bca765fa37a3b
n485a7a4f44232378--staccatissimo--1,,staccatissimo,derive,n485a7a4f44232378
n485a7a4f44232378--staccato--1,,staccato,derive,n485a7a4f44232378
ncec496c59d735330--staccatissimo--1,,staccatissimo,derive,ncec496c59d735330
ncec496c59d735330--staccato--1,,staccato,derive,ncec496c59d735330
n802cb7f077313e08--staccatissimo--1,,staccatissimo,derive,n802cb7f077313e08
n802cb7f077313e08--staccato--1,,staccato,derive,n802cb7f077313e08
n472f0b9f2ff7059b--staccatissimo--1,,staccatissimo,derive,n472f0b9f2ff7059b
n472f0b9f2ff7059b--staccato--1,,staccato,derive,n472f0b9f2ff7059b
n6033ac9e810ced3a--staccatissimo--1,,staccatissimo,derive,n6033ac9e810ced3a
n6033ac9e810ced3a--staccato--1,,staccato,derive,n6033ac9e810ced3a
n492aeca77d25c3c8--staccatissimo--1,,staccatissimo,derive,n492aeca77d25c3c8
n492aeca77d25c3c8--staccato--1,,staccato,derive,n492aeca77d25c3c8
n940eecee8db9d398--staccatissimo--1,,staccatissimo,derive,n940eecee8db9d398
n940eecee8db9d398--staccato--1,,staccato,derive,n940eecee8db9d398
n62b94f59fc4d560b--staccatissimo--1,,staccatissimo,derive,n62b94f59fc4d560b
n62b94f59fc4d560b--staccato--1,,staccato,derive,n62b94f59fc4d560b
ef6622ea4de0c8c79,md-1-154-1-1,dynamics,md,1
nbd17d0ecc7833f08--staccatissimo--1,,staccatissimo,derive,nbd17d0ecc7833f08
nbd17d0ecc7833f08--staccato--1,,staccato,derive,nbd17d0ecc7833f08
e15764aa42c21afcc,md-1-155-1-1,dynamics,md,1
n907a29225f8f1c13--tie--1,,tie,derive,n907a29225f8f1c13
n907a29225f8f1c13--tied--start--1,n1766--tied--start--1,tied,stamp,n907a29225f8f1c13
e5af5d01490823697,md-1-156-1-1,dynamics,md,1
nd8018cd84cb15d2f--tie--1,,tie,derive,nd8018cd84cb15d2f
nd8018cd84cb15d2f--tied--stop--1,n1775--tied--stop--1,tied,stamp,nd8018cd84cb15d2f
nd8018cd84cb15d2f--slur--start--1,n1775--slur--start--1,slur,stamp,nd8018cd84cb15d2f
n0a94a5d8ba6b15ab--slur--stop--1,n1782--slur--stop--1,slur,stamp,n0a94a5d8ba6b15ab
n4b4b8eea0afb97d3--staccatissimo--1,,staccatissimo,derive,n4b4b8eea0afb97d3
n4b4b8eea0afb97d3--staccato--1,,staccato,derive,n4b4b8eea0afb97d3
e482974e4e8381e11,md-1-158-1-1,dynamics,md,1
ecff2a0d5947b0ea0,md-1-158-2-1,dynamics,md,2
naf446333626fdcbb--staccatissimo--1,,staccatissimo,derive,naf446333626fdcbb
naf446333626fdcbb--staccato--1,,staccato,derive,naf446333626fdcbb
n09ee5e210ab8c348--staccatissimo--1,,staccatissimo,derive,n09ee5e210ab8c348
n09ee5e210ab8c348--staccato--1,,staccato,derive,n09ee5e210ab8c348
n10aff5e236839099--staccatissimo--1,,staccatissimo,derive,n10aff5e236839099
n10aff5e236839099--staccato--1,,staccato,derive,n10aff5e236839099
nc5ee397abaf6acb9--staccatissimo--1,,staccatissimo,derive,nc5ee397abaf6acb9
nc5ee397abaf6acb9--staccato--1,,staccato,derive,nc5ee397abaf6acb9
nb5e3a76e056ec7cf--staccatissimo--1,,staccatissimo,derive,nb5e3a76e056ec7cf
nb5e3a76e056ec7cf--staccato--1,,staccato,derive,nb5e3a76e056ec7cf
neceaf8649452c9e5--staccatissimo--1,,staccatissimo,derive,neceaf8649452c9e5
neceaf8649452c9e5--staccato--1,,staccato,derive,neceaf8649452c9e5
n49b3993790444862--staccatissimo--1,,staccatissimo,derive,n49b3993790444862
n49b3993790444862--staccato--1,,staccato,derive,n49b3993790444862
nf22028afe119e6b9--staccatissimo--1,,staccatissimo,derive,nf22028afe119e6b9
nf22028afe119e6b9--staccato--1,,staccato,derive,nf22028afe119e6b9
n3d1f12c78a7ac044--staccatissimo--1,,staccatissimo,derive,n3d1f12c78a7ac044
n3d1f12c78a7ac044--staccato--1,,staccato,derive,n3d1f12c78a7ac044
ne8d4b351cfdc5bf0--staccatissimo--1,,staccatissimo,derive,ne8d4b351cfdc5bf0
ne8d4b351cfdc5bf0--staccato--1,,staccato,derive,ne8d4b351cfdc5bf0
nada99723e77fbc6a--staccatissimo--1,,staccatissimo,derive,nada99723e77fbc6a
nada99723e77fbc6a--staccato--1,,staccato,derive,nada99723e77fbc6a
nf66edc5b976cea03--staccatissimo--1,,staccatissimo,derive,nf66edc5b976cea03
nf66edc5b976cea03--staccato--1,,staccato,derive,nf66edc5b976cea03
n535e6d464e28cf50--staccatissimo--1,,staccatissimo,derive,n535e6d464e28cf50
n535e6d464e28cf50--staccato--1,,staccato,derive,n535e6d464e28cf50
n4fe7cb7ecbe6c105--staccatissimo--1,,staccatissimo,derive,n4fe7cb7ecbe6c105
n4fe7cb7ecbe6c105--staccato--1,,staccato,derive,n4fe7cb7ecbe6c105
n21d366245f3d414e--slur--start--1,n1859--slur--start--1,slur,stamp,n21d366245f3d414e
nd4461fbcbe64b49b--slur--stop--1,n1863--slur--stop--1,slur,stamp,nd4461fbcbe64b49b
n41069f6725ff0b63--staccatissimo--1,,staccatissimo,derive,n41069f6725ff0b63
n41069f6725ff0b63--staccato--1,,staccato,derive,n41069f6725ff0b63
n3f97e0f7a3ea84ff--staccatissimo--1,,staccatissimo,derive,n3f97e0f7a3ea84ff
n3f97e0f7a3ea84ff--staccato--1,,staccato,derive,n3f97e0f7a3ea84ff
n8eb8a76466542b9c--slur--start--1,n1886--slur--start--1,slur,stamp,n8eb8a76466542b9c
ne0e9d5c2ec6359f2--slur--stop--1,n1890--slur--stop--1,slur,stamp,ne0e9d5c2ec6359f2
ncc901a4b5193afb7--staccatissimo--1,,staccatissimo,derive,ncc901a4b5193afb7
ncc901a4b5193afb7--staccato--1,,staccato,derive,ncc901a4b5193afb7
n3f4c2ae819778ebc--staccatissimo--1,,staccatissimo,derive,n3f4c2ae819778ebc
n3f4c2ae819778ebc--staccato--1,,staccato,derive,n3f4c2ae819778ebc
n10056061b88efc77--slur--start--1,n1913--slur--start--1,slur,stamp,n10056061b88efc77
ndad77d3afdcd060b--slur--stop--1,n1917--slur--stop--1,slur,stamp,ndad77d3afdcd060b
n22e8174e838cbdb7--staccatissimo--1,,staccatissimo,derive,n22e8174e838cbdb7
n22e8174e838cbdb7--staccato--1,,staccato,derive,n22e8174e838cbdb7
n132a591e3a453c39--staccatissimo--1,,staccatissimo,derive,n132a591e3a453c39
n132a591e3a453c39--staccato--1,,staccato,derive,n132a591e3a453c39
n1b39f80f4b515e72--staccatissimo--1,,staccatissimo,derive,n1b39f80f4b515e72
n1b39f80f4b515e72--staccato--1,,staccato,derive,n1b39f80f4b515e72
eae5f9f5c65fca9a3,md-1-168-2-1,dynamics,md,2
n5ac4e606d0d8b5d8--staccatissimo--1,,staccatissimo,derive,n5ac4e606d0d8b5d8
n5ac4e606d0d8b5d8--staccato--1,,staccato,derive,n5ac4e606d0d8b5d8
ne0e8cb7a4d68d3f1--staccatissimo--1,,staccatissimo,derive,ne0e8cb7a4d68d3f1
ne0e8cb7a4d68d3f1--staccato--1,,staccato,derive,ne0e8cb7a4d68d3f1
ne1c36a15f235b0f8--staccatissimo--1,,staccatissimo,derive,ne1c36a15f235b0f8
ne1c36a15f235b0f8--staccato--1,,staccato,derive,ne1c36a15f235b0f8
n78767234f5dd931d--staccatissimo--1,,staccatissimo,derive,n78767234f5dd931d
n78767234f5dd931d--staccato--1,,staccato,derive,n78767234f5dd931d
nd6ce1ecb703cf275--staccatissimo--1,,staccatissimo,derive,nd6ce1ecb703cf275
nd6ce1ecb703cf275--staccato--1,,staccato,derive,nd6ce1ecb703cf275
naa61ec5c378e7c47--staccatissimo--1,,staccatissimo,derive,naa61ec5c378e7c47
naa61ec5c378e7c47--staccato--1,,staccato,derive,naa61ec5c378e7c47
n762171dc7be5bace--staccatissimo--1,,staccatissimo,derive,n762171dc7be5bace
n762171dc7be5bace--staccato--1,,staccato,derive,n762171dc7be5bace
n2fb406343df1c7bc--staccatissimo--1,,staccatissimo,derive,n2fb406343df1c7bc
n2fb406343df1c7bc--staccato--1,,staccato,derive,n2fb406343df1c7bc
nad8182de0b155496--staccatissimo--1,,staccatissimo,derive,nad8182de0b155496
nad8182de0b155496--staccato--1,,staccato,derive,nad8182de0b155496
ncecd8f7a518a58de--staccatissimo--1,,staccatissimo,derive,ncecd8f7a518a58de
ncecd8f7a518a58de--staccato--1,,staccato,derive,ncecd8f7a518a58de
n9ee2d8d286e51626--staccatissimo--1,,staccatissimo,derive,n9ee2d8d286e51626
n9ee2d8d286e51626--staccato--1,,staccato,derive,n9ee2d8d286e51626
n52f52b6e511d828c--staccatissimo--1,,staccatissimo,derive,n52f52b6e511d828c
n52f52b6e511d828c--staccato--1,,staccato,derive,n52f52b6e511d828c
nf98582b5a74e421a--staccatissimo--1,,staccatissimo,derive,nf98582b5a74e421a
nf98582b5a74e421a--staccato--1,,staccato,derive,nf98582b5a74e421a
n6d02d24b532746a4--staccatissimo--1,,staccatissimo,derive,n6d02d24b532746a4
n6d02d24b532746a4--staccato--1,,staccato,derive,n6d02d24b532746a4
n6308e663e1827c01--staccatissimo--1,,staccatissimo,derive,n6308e663e1827c01
n6308e663e1827c01--staccato--1,,staccato,derive,n6308e663e1827c01
n3410782672d2e05a--staccatissimo--1,,staccatissimo,derive,n3410782672d2e05a
n3410782672d2e05a--staccato--1,,staccato,derive,n3410782672d2e05a
e78691f22415a1781,md-1-172-2-1,dynamics,md,2
nce959b286895731e--staccatissimo--1,,staccatissimo,derive,nce959b286895731e
nce959b286895731e--staccato--1,,staccato,derive,nce959b286895731e
n493567c8856a57ef--staccatissimo--1,,staccatissimo,derive,n493567c8856a57ef
n493567c8856a57ef--staccato--1,,staccato,derive,n493567c8856a57ef
n1b036db6c6de8729--staccatissimo--1,,staccatissimo,derive,n1b036db6c6de8729
n1b036db6c6de8729--staccato--1,,staccato,derive,n1b036db6c6de8729
nce09da9b99eb7055--staccatissimo--1,,staccatissimo,derive,nce09da9b99eb7055
nce09da9b99eb7055--staccato--1,,staccato,derive,nce09da9b99eb7055
n1e06ebb04934ca56--staccatissimo--1,,staccatissimo,derive,n1e06ebb04934ca56
n1e06ebb04934ca56--staccato--1,,staccato,derive,n1e06ebb04934ca56
n58af9bd251140b27--staccatissimo--1,,staccatissimo,derive,n58af9bd251140b27
n58af9bd251140b27--staccato--1,,staccato,derive,n58af9bd251140b27
n265b7f4964957458--staccatissimo--1,,staccatissimo,derive,n265b7f4964957458
n265b7f4964957458--staccato--1,,staccato,derive,n265b7f4964957458
n0d84c9f80c046527--staccatissimo--1,,staccatissimo,derive,n0d84c9f80c046527
n0d84c9f80c046527--staccato--1,,staccato,derive,n0d84c9f80c046527
n36b4e0f2430ea4b6--staccatissimo--1,,staccatissimo,derive,n36b4e0f2430ea4b6
n36b4e0f2430ea4b6--staccato--1,,staccato,derive,n36b4e0f2430ea4b6
n6e08fc1ca85d994c--staccatissimo--1,,staccatissimo,derive,n6e08fc1ca85d994c
n6e08fc1ca85d994c--staccato--1,,staccato,derive,n6e08fc1ca85d994c
nb2ee2b04444badb8--staccatissimo--1,,staccatissimo,derive,nb2ee2b04444badb8
nb2ee2b04444badb8--staccato--1,,staccato,derive,nb2ee2b04444badb8
n96c0f1d850281324--staccatissimo--1,,staccatissimo,derive,n96c0f1d850281324
n96c0f1d850281324--staccato--1,,staccato,derive,n96c0f1d850281324
n58add61faeab01b7--staccatissimo--1,,staccatissimo,derive,n58add61faeab01b7
n58add61faeab01b7--staccato--1,,staccato,derive,n58add61faeab01b7
e116add875991c722,md-1-177-2-1,dynamics,md,2
nd0cdb60d9efb5800--staccato--1,,staccato,derive,nd0cdb60d9efb5800
nd0cdb60d9efb5800--staccatissimo--1,,staccatissimo,derive,nd0cdb60d9efb5800
nf2dafb0020049c30--staccatissimo--1,,staccatissimo,derive,nf2dafb0020049c30
nf2dafb0020049c30--staccato--1,,staccato,derive,nf2dafb0020049c30
e62cc102bb0e7c1df,md-1-179-2-1,dynamics,md,2
n5194d4785c81b7fe--staccatissimo--1,,staccatissimo,derive,n5194d4785c81b7fe
n5194d4785c81b7fe--staccato--1,,staccato,derive,n5194d4785c81b7fe
n78ee82ccb0c2a605--staccatissimo--1,,staccatissimo,derive,n78ee82ccb0c2a605
n78ee82ccb0c2a605--staccato--1,,staccato,derive,n78ee82ccb0c2a605
e644273ab82a0a598,md-1-180-2-1,dynamics,md,2
n7475b964a386f85a--staccatissimo--1,,staccatissimo,derive,n7475b964a386f85a
n7475b964a386f85a--staccato--1,,staccato,derive,n7475b964a386f85a
e469b412ad0b7381f,md-1-181-2-1,dynamics,md,2
n5b0aabf941579e58--staccatissimo--1,,staccatissimo,derive,n5b0aabf941579e58
n5b0aabf941579e58--staccato--1,,staccato,derive,n5b0aabf941579e58
e391ac73a296d1865,md-1-182-1-1,dynamics,md,1
ea1c98291d1fe8981,md-1-182-2-1,dynamics,md,2
ncbae781701725ab9--staccatissimo--1,,staccatissimo,derive,ncbae781701725ab9
ncbae781701725ab9--staccato--1,,staccato,derive,ncbae781701725ab9
e8a9bc1f2d9d11d26,md-1-183-2-1,dynamics,md,2
n72d5a50d3bee85d7--fermata--upright--1,n2103--fermata--upright--1,fermata,stamp,n72d5a50d3bee85d7
n48fecadac2a29c45--fermata--inverted--1,n2106--fermata--inverted--1,fermata,stamp,n48fecadac2a29c45
ea5a8a071a9d7ee26,md-1-184-1-1,dynamics,md,1
nda05cf6a5d9e33f1--slur--start--1,n2109--slur--start--1,slur,stamp,nda05cf6a5d9e33f1
n4288dad23bdc8d8e--slur--start--1,n2111--slur--start--1,slur,stamp,n4288dad23bdc8d8e
ec8c509d179d93d8b,md-1-185-1-1,dynamics,md,1
ndf32f1f17fe6577d--slur--stop--1,n2112--slur--stop--1,slur,stamp,ndf32f1f17fe6577d
ndf32f1f17fe6577d--staccatissimo--1,,staccatissimo,derive,ndf32f1f17fe6577d
ndf32f1f17fe6577d--staccato--1,,staccato,derive,ndf32f1f17fe6577d
n87e01f049b0a49e7--staccatissimo--1,,staccatissimo,derive,n87e01f049b0a49e7
n87e01f049b0a49e7--staccato--1,,staccato,derive,n87e01f049b0a49e7
ncbdf52e581b463db--staccatissimo--1,,staccatissimo,derive,ncbdf52e581b463db
ncbdf52e581b463db--staccato--1,,staccato,derive,ncbdf52e581b463db
nab6476ffffd1158a--staccatissimo--1,,staccatissimo,derive,nab6476ffffd1158a
nab6476ffffd1158a--staccato--1,,staccato,derive,nab6476ffffd1158a
n0392f3474b96c9fb--slur--stop--1,n2116--slur--stop--1,slur,stamp,n0392f3474b96c9fb
n0392f3474b96c9fb--staccatissimo--1,,staccatissimo,derive,n0392f3474b96c9fb
n0392f3474b96c9fb--staccato--1,,staccato,derive,n0392f3474b96c9fb
na79cab8069e69837--staccatissimo--1,,staccatissimo,derive,na79cab8069e69837
na79cab8069e69837--staccato--1,,staccato,derive,na79cab8069e69837
n2e2db4e7c881d47c--staccatissimo--1,,staccatissimo,derive,n2e2db4e7c881d47c
n2e2db4e7c881d47c--staccato--1,,staccato,derive,n2e2db4e7c881d47c
n1acc85a5b518598f--staccatissimo--1,,staccatissimo,derive,n1acc85a5b518598f
n1acc85a5b518598f--staccato--1,,staccato,derive,n1acc85a5b518598f
n72b3a6d40dbd85fc--staccatissimo--1,,staccatissimo,derive,n72b3a6d40dbd85fc
n72b3a6d40dbd85fc--staccato--1,,staccato,derive,n72b3a6d40dbd85fc
n599a23836b75a961--staccatissimo--1,,staccatissimo,derive,n599a23836b75a961
n599a23836b75a961--staccato--1,,staccato,derive,n599a23836b75a961
n025040b832de631f--staccatissimo--1,,staccatissimo,derive,n025040b832de631f
n025040b832de631f--staccato--1,,staccato,derive,n025040b832de631f
ndcb8f77e708a0cfa--staccatissimo--1,,staccatissimo,derive,ndcb8f77e708a0cfa
ndcb8f77e708a0cfa--staccato--1,,staccato,derive,ndcb8f77e708a0cfa
n8daefa7a533b421a--staccatissimo--1,,staccatissimo,derive,n8daefa7a533b421a
n8daefa7a533b421a--staccato--1,,staccato,derive,n8daefa7a533b421a
n377ddc2ef04cbb21--staccatissimo--1,,staccatissimo,derive,n377ddc2ef04cbb21
n377ddc2ef04cbb21--staccato--1,,staccato,derive,n377ddc2ef04cbb21
n14a44965dda48ca8--staccatissimo--1,,staccatissimo,derive,n14a44965dda48ca8
n14a44965dda48ca8--staccato--1,,staccato,derive,n14a44965dda48ca8
n6a4cc8f867e5c668--staccatissimo--1,,staccatissimo,derive,n6a4cc8f867e5c668
n6a4cc8f867e5c668--staccato--1,,staccato,derive,n6a4cc8f867e5c668
n0025cee98796a518--staccatissimo--1,,staccatissimo,derive,n0025cee98796a518
n0025cee98796a518--staccato--1,,staccato,derive,n0025cee98796a518
n1a3042bb72a17ec7--staccatissimo--1,,staccatissimo,derive,n1a3042bb72a17ec7
n1a3042bb72a17ec7--staccato--1,,staccato,derive,n1a3042bb72a17ec7
n3540bf5ad0b5c44c--staccatissimo--1,,staccatissimo,derive,n3540bf5ad0b5c44c
n3540bf5ad0b5c44c--staccato--1,,staccato,derive,n3540bf5ad0b5c44c
n4421866ff59be156--staccatissimo--1,,staccatissimo,derive,n4421866ff59be156
n4421866ff59be156--staccato--1,,staccato,derive,n4421866ff59be156
nc9ac7b772f4bdb40--staccatissimo--1,,staccatissimo,derive,nc9ac7b772f4bdb40
nc9ac7b772f4bdb40--staccato--1,,staccato,derive,nc9ac7b772f4bdb40
na2b0baffc361db3a--staccatissimo--1,,staccatissimo,derive,na2b0baffc361db3a
na2b0baffc361db3a--staccato--1,,staccato,derive,na2b0baffc361db3a
n88414c23dc069988--staccatissimo--1,,staccatissimo,derive,n88414c23dc069988
n88414c23dc069988--staccato--1,,staccato,derive,n88414c23dc069988
n6f6d6ab1f63d1856--staccatissimo--1,,staccatissimo,derive,n6f6d6ab1f63d1856
n6f6d6ab1f63d1856--staccato--1,,staccato,derive,n6f6d6ab1f63d1856
n167dc8abb7a369c8--fermata--inverted--1,n2148--fermata--inverted--1,fermata,stamp,n167dc8abb7a369c8
n8a88219cdb4432bc--slur--start--1,n2150--slur--start--1,slur,stamp,n8a88219cdb4432bc
n4c892258a97a9d00--fermata--upright--1,n2151--fermata--upright--1,fermata,stamp,n4c892258a97a9d00
nb344330bdf33b688--slur--start--1,n2153--slur--start--1,slur,stamp,nb344330bdf33b688
e3baa2f3cb3675ec7,md-1-189-1-1,dynamics,md,1
eccb3feb47ab0ad1e,md-1-189-1-2,dynamics,md,1
n80084694cc598936--slur--start--1,n2194--slur--start--1,slur,stamp,n80084694cc598936
n98855c7fe49429cd--slur--stop--1,n2198--slur--stop--1,slur,stamp,n98855c7fe49429cd
n98855c7fe49429cd--slur--stop--2,n2198--slur--stop--2,slur,stamp,n98855c7fe49429cd
n2c3a0d1fb78d0293--tie--1,,tie,derive,n2c3a0d1fb78d0293
n2c3a0d1fb78d0293--tied--start--1,n2200--tied--start--1,tied,stamp,n2c3a0d1fb78d0293
n6eae995962e4e007--tie--1,,tie,derive,n6eae995962e4e007
n6eae995962e4e007--tied--start--1,n2201--tied--start--1,tied,stamp,n6eae995962e4e007
n1d6bbe4039d84ccc--slur--stop--1,n2206--slur--stop--1,slur,stamp,n1d6bbe4039d84ccc
na4cc23f8d4b2c52b--tie--1,,tie,derive,na4cc23f8d4b2c52b
na4cc23f8d4b2c52b--tied--stop--1,n2209--tied--stop--1,tied,stamp,na4cc23f8d4b2c52b
na4cc23f8d4b2c52b--slur--start--1,n2209--slur--start--1,slur,stamp,na4cc23f8d4b2c52b
na4cc23f8d4b2c52b--slur--start--2,n2209--slur--start--2,slur,stamp,na4cc23f8d4b2c52b
na4865dc0ef9a63b0--tie--1,,tie,derive,na4865dc0ef9a63b0
na4865dc0ef9a63b0--tied--stop--1,n2210--tied--stop--1,tied,stamp,na4865dc0ef9a63b0
n6a393e51bf0f0167--slur--stop--1,n2211--slur--stop--1,slur,stamp,n6a393e51bf0f0167
n6a393e51bf0f0167--slur--stop--2,n2211--slur--stop--2,slur,stamp,n6a393e51bf0f0167
n3006da7434ef6e38--staccatissimo--1,,staccatissimo,derive,n3006da7434ef6e38
n3006da7434ef6e38--staccato--1,,staccato,derive,n3006da7434ef6e38
ndf27f3803e9e71a9--staccatissimo--1,,staccatissimo,derive,ndf27f3803e9e71a9
ndf27f3803e9e71a9--staccato--1,,staccato,derive,ndf27f3803e9e71a9
nffc85f676637264c--staccatissimo--1,,staccatissimo,derive,nffc85f676637264c
nffc85f676637264c--staccato--1,,staccato,derive,nffc85f676637264c
n941e2ab9960821d3--tie--1,,tie,derive,n941e2ab9960821d3
n941e2ab9960821d3--tied--start--1,n2250--tied--start--1,tied,stamp,n941e2ab9960821d3
n73c67ab136861a7c--tie--1,,tie,derive,n73c67ab136861a7c
n73c67ab136861a7c--tied--start--1,n2251--tied--start--1,tied,stamp,n73c67ab136861a7c
e90dc815fc345d311,md-1-197-2-1,dynamics,md,2
n477af51960f92faf--tie--1,,tie,derive,n477af51960f92faf
n477af51960f92faf--tied--stop--1,n2260--tied--stop--1,tied,stamp,n477af51960f92faf
nc0ea4df997037d71--tie--1,,tie,derive,nc0ea4df997037d71
nc0ea4df997037d71--tied--stop--1,n2261--tied--stop--1,tied,stamp,nc0ea4df997037d71
nc78cf8097a29471f--staccatissimo--1,,staccatissimo,derive,nc78cf8097a29471f
nc78cf8097a29471f--staccato--1,,staccato,derive,nc78cf8097a29471f
n55716046f4483bd9--staccatissimo--1,,staccatissimo,derive,n55716046f4483bd9
n55716046f4483bd9--staccato--1,,staccato,derive,n55716046f4483bd9
e22c10b523d80a9f9,md-1-199-2-1,dynamics,md,2
n1ad0e8eab159f551--staccatissimo--1,,staccatissimo,derive,n1ad0e8eab159f551
n1ad0e8eab159f551--staccato--1,,staccato,derive,n1ad0e8eab159f551
ead6694665c721dab,md-1-200-2-1,dynamics,md,2
n93aeb9b44ed212f3--staccatissimo--1,,staccatissimo,derive,n93aeb9b44ed212f3
n93aeb9b44ed212f3--staccato--1,,staccato,derive,n93aeb9b44ed212f3
e4deb42bc92efa569,md-1-201-2-1,dynamics,md,2
n3210a310b3b475cd--staccatissimo--1,,staccatissimo,derive,n3210a310b3b475cd
n3210a310b3b475cd--staccato--1,,staccato,derive,n3210a310b3b475cd
ecb897b8059881367,md-1-202-2-1,dynamics,md,2
n9ef7fed570ad8018--staccatissimo--1,,staccatissimo,derive,n9ef7fed570ad8018
n9ef7fed570ad8018--staccato--1,,staccato,derive,n9ef7fed570ad8018
n3418394228627864--tuplet--start--1,n2355--tuplet--start--1,tuplet,stamp,n3418394228627864
n1a15fd3ac3fbed0c--tuplet--stop--1,n2357--tuplet--stop--1,tuplet,stamp,n1a15fd3ac3fbed0c
eda01b5e456deac56,md-1-206-1-1,dynamics,md,1
nc87b0d454cb5efe8--slur--start--1,n2364--slur--start--1,slur,stamp,nc87b0d454cb5efe8
ncb3db722f399b2f0--slur--stop--1,n2365--slur--stop--1,slur,stamp,ncb3db722f399b2f0
n2ee5b8feba6e85db--slur--start--1,n2374--slur--start--1,slur,stamp,n2ee5b8feba6e85db
n4b4137a5bb8e143f--slur--stop--1,n2378--slur--stop--1,slur,stamp,n4b4137a5bb8e143f
n58ea8e28733ae6e0--staccatissimo--1,,staccatissimo,derive,n58ea8e28733ae6e0
n58ea8e28733ae6e0--staccato--1,,staccato,derive,n58ea8e28733ae6e0
n07d5b03bab75e6b6--staccatissimo--1,,staccatissimo,derive,n07d5b03bab75e6b6
n07d5b03bab75e6b6--staccato--1,,staccato,derive,n07d5b03bab75e6b6
nf1fe2cea36a8b82e--slur--start--1,n2389--slur--start--1,slur,stamp,nf1fe2cea36a8b82e
nd009795984b3015b--slur--stop--1,n2392--slur--stop--1,slur,stamp,nd009795984b3015b
n34af7603185b308b--slur--start--1,n2401--slur--start--1,slur,stamp,n34af7603185b308b
n905d5e4ddd3dcb93--slur--stop--1,n2402--slur--stop--1,slur,stamp,n905d5e4ddd3dcb93
n905d5e4ddd3dcb93--staccatissimo--1,,staccatissimo,derive,n905d5e4ddd3dcb93
n905d5e4ddd3dcb93--staccato--1,,staccato,derive,n905d5e4ddd3dcb93
n8cd5961b424af9d2--staccatissimo--1,,staccatissimo,derive,n8cd5961b424af9d2
n8cd5961b424af9d2--staccato--1,,staccato,derive,n8cd5961b424af9d2
n223b14a613fcb8f5--slur--start--1,n2412--slur--start--1,slur,stamp,n223b14a613fcb8f5
n765d2016d14fca66--slur--stop--1,n2413--slur--stop--1,slur,stamp,n765d2016d14fca66
n48b586d7082257c9--slur--start--1,n2426--slur--start--1,slur,stamp,n48b586d7082257c9
n2cc086d23a5877f9--slur--stop--1,n2430--slur--stop--1,slur,stamp,n2cc086d23a5877f9
na8578421bbab2bdf--slur--start--1,n2445--slur--start--1,slur,stamp,na8578421bbab2bdf
n5aeb9c904b7a554b--slur--stop--1,n2448--slur--stop--1,slur,stamp,n5aeb9c904b7a554b
n40b4b3f429aa47f6--slur--start--1,n2475--slur--start--1,slur,stamp,n40b4b3f429aa47f6
ne66fb3d2326ec066--tie--1,,tie,derive,ne66fb3d2326ec066
ne66fb3d2326ec066--tied--start--1,n2479--tied--start--1,tied,stamp,ne66fb3d2326ec066
e472ca6c62b4b97b1,md-1-215-2-1,dynamics,md,2
ndd9366401c798534--slur--stop--1,n2488--slur--stop--1,slur,stamp,ndd9366401c798534
n3b790e44d1e7b863--tie--1,,tie,derive,n3b790e44d1e7b863
n3b790e44d1e7b863--tied--stop--1,n2490--tied--stop--1,tied,stamp,n3b790e44d1e7b863
n6c487e016f5afd90--staccatissimo--1,,staccatissimo,derive,n6c487e016f5afd90
n6c487e016f5afd90--staccato--1,,staccato,derive,n6c487e016f5afd90
n9814217ff4f2469a--staccatissimo--1,,staccatissimo,derive,n9814217ff4f2469a
n9814217ff4f2469a--staccato--1,,staccato,derive,n9814217ff4f2469a
n22874749e23b96c0--staccatissimo--1,,staccatissimo,derive,n22874749e23b96c0
n22874749e23b96c0--staccato--1,,staccato,derive,n22874749e23b96c0
nffcba441cbb2a355--staccatissimo--1,,staccatissimo,derive,nffcba441cbb2a355
nffcba441cbb2a355--staccato--1,,staccato,derive,nffcba441cbb2a355
n8aa806583136eade--staccatissimo--1,,staccatissimo,derive,n8aa806583136eade
n8aa806583136eade--staccato--1,,staccato,derive,n8aa806583136eade
ne5f3c1379725302c--slur--start--1,n2527--slur--start--1,slur,stamp,ne5f3c1379725302c
n76beb3c184402c91--tie--1,,tie,derive,n76beb3c184402c91
n76beb3c184402c91--tied--start--1,n2531--tied--start--1,tied,stamp,n76beb3c184402c91
e53feccc25bc3ea86,md-1-219-2-1,dynamics,md,2
ne3698b6a21647517--slur--stop--1,n2540--slur--stop--1,slur,stamp,ne3698b6a21647517
n763c903c30618418--tie--1,,tie,derive,n763c903c30618418
n763c903c30618418--tied--stop--1,n2542--tied--stop--1,tied,stamp,n763c903c30618418
n7efc7bbb33daad0a--staccatissimo--1,,staccatissimo,derive,n7efc7bbb33daad0a
n7efc7bbb33daad0a--staccato--1,,staccato,derive,n7efc7bbb33daad0a
n12e7a288580fbd6d--staccatissimo--1,,staccatissimo,derive,n12e7a288580fbd6d
n12e7a288580fbd6d--staccato--1,,staccato,derive,n12e7a288580fbd6d
n36ff46961c01f78c--staccatissimo--1,,staccatissimo,derive,n36ff46961c01f78c
n36ff46961c01f78c--staccato--1,,staccato,derive,n36ff46961c01f78c
n168199b4bac4c5b5--staccatissimo--1,,staccatissimo,derive,n168199b4bac4c5b5
n168199b4bac4c5b5--staccato--1,,staccato,derive,n168199b4bac4c5b5
na790f69149a5246d--staccatissimo--1,,staccatissimo,derive,na790f69149a5246d
na790f69149a5246d--staccato--1,,staccato,derive,na790f69149a5246d
n418a199df97f1e64--tie--1,,tie,derive,n418a199df97f1e64
n418a199df97f1e64--tied--start--1,n2572--tied--start--1,tied,stamp,n418a199df97f1e64
n0ebc83e871ed745a--tie--1,,tie,derive,n0ebc83e871ed745a
n0ebc83e871ed745a--tied--stop--1,n2581--tied--stop--1,tied,stamp,n0ebc83e871ed745a
n3c0250ceab01c0fa--slur--start--1,n2601--slur--start--1,slur,stamp,n3c0250ceab01c0fa
nf5a6a4825ad2e8d8--tie--1,,tie,derive,nf5a6a4825ad2e8d8
nf5a6a4825ad2e8d8--tied--start--1,n2602--tied--start--1,tied,stamp,nf5a6a4825ad2e8d8
n7356f1452fad4bed--slur--stop--1,n2611--slur--stop--1,slur,stamp,n7356f1452fad4bed
n645a4302aff47b0e--tie--1,,tie,derive,n645a4302aff47b0e
n645a4302aff47b0e--tied--stop--1,n2612--tied--stop--1,tied,stamp,n645a4302aff47b0e
e2db3af3c0f779b9a,md-1-227-1-1,dynamics,md,1
e8d5f154736928746,md-1-227-1-2,wedge,md,1
ec6ca4b0f29cf5c36,md-1-228-1-1,wedge,md,1
n2c4cf7a0506ae4d6--tie--1,,tie,derive,n2c4cf7a0506ae4d6
n2c4cf7a0506ae4d6--tied--start--1,n2639--tied--start--1,tied,stamp,n2c4cf7a0506ae4d6
n5354de769ecf6a27--tie--1,,tie,derive,n5354de769ecf6a27
n5354de769ecf6a27--tied--start--1,n2640--tied--start--1,tied,stamp,n5354de769ecf6a27
e76424890ca6885f6,md-1-229-1-1,dynamics,md,1
e1b6bddb808482e8f,md-1-229-2-1,dynamics,md,2
n36ea30d2ae61963d--tie--1,,tie,derive,n36ea30d2ae61963d
n36ea30d2ae61963d--tied--stop--1,n2649--tied--stop--1,tied,stamp,n36ea30d2ae61963d
n545b26128c0197f3--tie--1,,tie,derive,n545b26128c0197f3
n545b26128c0197f3--tied--stop--1,n2651--tied--stop--1,tied,stamp,n545b26128c0197f3
n545b26128c0197f3--slur--start--1,n2651--slur--start--1,slur,stamp,n545b26128c0197f3
na47da69a90c1f911--slur--stop--1,n2652--slur--stop--1,slur,stamp,na47da69a90c1f911
e3d909edd044b373a,md-1-233-1-1,dynamics,md,1
n18853aa6b48ffafe--tuplet--start--1,n2692--tuplet--start--1,tuplet,stamp,n18853aa6b48ffafe
n18853aa6b48ffafe--tuplet--stop--2,n2692--tuplet--stop--2,tuplet,stamp,n18853aa6b48ffafe
na5a6e7424551442d--tuplet--start--1,n2693--tuplet--start--1,tuplet,stamp,na5a6e7424551442d
na5a6e7424551442d--trill-mark--1,,trill-mark,derive,na5a6e7424551442d
na5a6e7424551442d--wavy-line--1,,wavy-line,derive,na5a6e7424551442d
n5f85d8157b2bd11d--wavy-line--1,,wavy-line,derive,n5f85d8157b2bd11d
n9defb6b2935998e7--tuplet--start--1,n2695--tuplet--start--1,tuplet,stamp,n9defb6b2935998e7
n9defb6b2935998e7--slur--start--1,n2695--slur--start--1,slur,stamp,n9defb6b2935998e7
n96bb0e53f84cd815--tuplet--stop--1,n2696--tuplet--stop--1,tuplet,stamp,n96bb0e53f84cd815
n96bb0e53f84cd815--tuplet--stop--2,n2696--tuplet--stop--2,tuplet,stamp,n96bb0e53f84cd815
n96bb0e53f84cd815--slur--stop--1,n2696--slur--stop--1,slur,stamp,n96bb0e53f84cd815
n7d10b913a1cdcbd0--slur--start--1,n2707--slur--start--1,slur,stamp,n7d10b913a1cdcbd0
na11e08d57bd49a12--slur--stop--1,n2708--slur--stop--1,slur,stamp,na11e08d57bd49a12
na11e08d57bd49a12--slur--start--2,n2708--slur--start--2,slur,stamp,na11e08d57bd49a12
ne62e0884dcc10422--slur--stop--1,n2710--slur--stop--1,slur,stamp,ne62e0884dcc10422
nd1088c580f05fcc7--staccatissimo--1,,staccatissimo,derive,nd1088c580f05fcc7
nd1088c580f05fcc7--staccato--1,,staccato,derive,nd1088c580f05fcc7
naabed2be611cc053--staccatissimo--1,,staccatissimo,derive,naabed2be611cc053
naabed2be611cc053--staccato--1,,staccato,derive,naabed2be611cc053
ne567a86395634391--slur--start--1,n2714--slur--start--1,slur,stamp,ne567a86395634391
e4bcfec8f60cb26ec,md-1-235-1-1,dynamics,md,1
nf832353dee35c826--slur--start--1,n2716--slur--start--1,slur,stamp,nf832353dee35c826
n1cfb822cef4dece0--slur--stop--1,n2717--slur--stop--1,slur,stamp,n1cfb822cef4dece0
nced951a96a7f94e2--slur--start--1,n2718--slur--start--1,slur,stamp,nced951a96a7f94e2
n1b828f5236f6a93a--slur--stop--1,n2719--slur--stop--1,slur,stamp,n1b828f5236f6a93a
n1b828f5236f6a93a--slur--start--2,n2719--slur--start--2,slur,stamp,n1b828f5236f6a93a
n54615e2a901469da--slur--stop--1,n2721--slur--stop--1,slur,stamp,n54615e2a901469da
n3137180f42952a34--slur--stop--1,n2724--slur--stop--1,slur,stamp,n3137180f42952a34
n4fe21beebdaf4ea2--slur--start--1,n2726--slur--start--1,slur,stamp,n4fe21beebdaf4ea2
nf7093fd6ca0b29f1--slur--start--1,n2730--slur--start--1,slur,stamp,nf7093fd6ca0b29f1
nfe2cc308b5296ff6--slur--stop--1,n2731--slur--stop--1,slur,stamp,nfe2cc308b5296ff6
nfe2cc308b5296ff6--slur--start--2,n2731--slur--start--2,slur,stamp,nfe2cc308b5296ff6
n92058b8b5a8ecf8c--slur--stop--1,n2733--slur--stop--1,slur,stamp,n92058b8b5a8ecf8c
n829d9c21a755973c--slur--stop--1,n2736--slur--stop--1,slur,stamp,n829d9c21a755973c
nf760773475774ff5--slur--start--1,n2738--slur--start--1,slur,stamp,nf760773475774ff5
n9b149ef4a1157c5e--slur--start--1,n2740--slur--start--1,slur,stamp,n9b149ef4a1157c5e
nb6089feb621b37dc--slur--stop--1,n2741--slur--stop--1,slur,stamp,nb6089feb621b37dc
n180c8869bda838e1--staccatissimo--1,,staccatissimo,derive,n180c8869bda838e1
n180c8869bda838e1--staccato--1,,staccato,derive,n180c8869bda838e1
n781d137e9d4f97da--staccatissimo--1,,staccatissimo,derive,n781d137e9d4f97da
n781d137e9d4f97da--staccato--1,,staccato,derive,n781d137e9d4f97da
n69ef3b3cb7dbc66b--slur--stop--1,n2746--slur--stop--1,slur,stamp,n69ef3b3cb7dbc66b
n2286c362412d1638--staccatissimo--1,,staccatissimo,derive,n2286c362412d1638
n2286c362412d1638--staccato--1,,staccato,derive,n2286c362412d1638
n53532004064982ef--staccatissimo--1,,staccatissimo,derive,n53532004064982ef
n53532004064982ef--staccato--1,,staccato,derive,n53532004064982ef
nb723a8127cde34aa--staccatissimo--1,,staccatissimo,derive,nb723a8127cde34aa
nb723a8127cde34aa--staccato--1,,staccato,derive,nb723a8127cde34aa
nf96f9a6398a223d0--staccatissimo--1,,staccatissimo,derive,nf96f9a6398a223d0
nf96f9a6398a223d0--staccato--1,,staccato,derive,nf96f9a6398a223d0
ncc83d6a6269290b9--staccatissimo--1,,staccatissimo,derive,ncc83d6a6269290b9
ncc83d6a6269290b9--staccato--1,,staccato,derive,ncc83d6a6269290b9
n0acec1f7e48776b5--staccatissimo--1,,staccatissimo,derive,n0acec1f7e48776b5
n0acec1f7e48776b5--staccato--1,,staccato,derive,n0acec1f7e48776b5
n0defc5692401e40b--staccatissimo--1,,staccatissimo,derive,n0defc5692401e40b
n0defc5692401e40b--staccato--1,,staccato,derive,n0defc5692401e40b
n37e341bae2522c7b--staccatissimo--1,,staccatissimo,derive,n37e341bae2522c7b
n37e341bae2522c7b--staccato--1,,staccato,derive,n37e341bae2522c7b
n878dfb8f6a34bca0--staccatissimo--1,,staccatissimo,derive,n878dfb8f6a34bca0
n878dfb8f6a34bca0--staccato--1,,staccato,derive,n878dfb8f6a34bca0
n81d6a068f585dcb2--staccatissimo--1,,staccatissimo,derive,n81d6a068f585dcb2
n81d6a068f585dcb2--staccato--1,,staccato,derive,n81d6a068f585dcb2
n8ecd22ab06e9ee86--staccatissimo--1,,staccatissimo,derive,n8ecd22ab06e9ee86
n8ecd22ab06e9ee86--staccato--1,,staccato,derive,n8ecd22ab06e9ee86
nd79388c1b9673371--staccatissimo--1,,staccatissimo,derive,nd79388c1b9673371
nd79388c1b9673371--staccato--1,,staccato,derive,nd79388c1b9673371
n6a1d81419aa6551c--staccatissimo--1,,staccatissimo,derive,n6a1d81419aa6551c
n6a1d81419aa6551c--staccato--1,,staccato,derive,n6a1d81419aa6551c
n456937c62000ebe7--staccatissimo--1,,staccatissimo,derive,n456937c62000ebe7
n456937c62000ebe7--staccato--1,,staccato,derive,n456937c62000ebe7
n94f2bcf7f4019d10--staccatissimo--1,,staccatissimo,derive,n94f2bcf7f4019d10
n94f2bcf7f4019d10--staccato--1,,staccato,derive,n94f2bcf7f4019d10
nd2262dbd8b1fbec6--staccatissimo--1,,staccatissimo,derive,nd2262dbd8b1fbec6
nd2262dbd8b1fbec6--staccato--1,,staccato,derive,nd2262dbd8b1fbec6
nffd273f08e575b94--staccatissimo--1,,staccatissimo,derive,nffd273f08e575b94
nfbfbb0e6a621bbe0--staccatissimo--1,,staccatissimo,derive,nfbfbb0e6a621bbe0
nfbfbb0e6a621bbe0--staccato--1,,staccato,derive,nfbfbb0e6a621bbe0
n1d5fdfb3eeedc5d0--staccatissimo--1,,staccatissimo,derive,n1d5fdfb3eeedc5d0
n1d5fdfb3eeedc5d0--staccato--1,,staccato,derive,n1d5fdfb3eeedc5d0
n5a4263191cc6423e--slur--start--1,n2775--slur--start--1,slur,stamp,n5a4263191cc6423e
nef47d02a53cfd2ec--slur--stop--1,n2776--slur--stop--1,slur,stamp,nef47d02a53cfd2ec
nef47d02a53cfd2ec--slur--start--2,n2776--slur--start--2,slur,stamp,nef47d02a53cfd2ec
n51942df6d9f26285--slur--stop--1,n2778--slur--stop--1,slur,stamp,n51942df6d9f26285
n0dd8e089672ad1b8--staccatissimo--1,,staccatissimo,derive,n0dd8e089672ad1b8
n0dd8e089672ad1b8--staccato--1,,staccato,derive,n0dd8e089672ad1b8
n73c3b93c84d72757--slur--start--1,n2781--slur--start--1,slur,stamp,n73c3b93c84d72757
n649a061b47abc702--slur--start--1,n2783--slur--start--1,slur,stamp,n649a061b47abc702
nc842633635223eca--slur--stop--1,n2784--slur--stop--1,slur,stamp,nc842633635223eca
nb89135d6c8c8315f--slur--start--1,n2785--slur--start--1,slur,stamp,nb89135d6c8c8315f
n89573e68df4db8d8--slur--stop--1,n2786--slur--stop--1,slur,stamp,n89573e68df4db8d8
n89573e68df4db8d8--slur--start--2,n2786--slur--start--2,slur,stamp,n89573e68df4db8d8
nbadaec882c0189fa--slur--stop--1,n2788--slur--stop--1,slur,stamp,nbadaec882c0189fa
nf4e638be5d127d64--slur--stop--1,n2791--slur--stop--1,slur,stamp,nf4e638be5d127d64
n35b5091174a1f09a--slur--start--1,n2793--slur--start--1,slur,stamp,n35b5091174a1f09a
n05746080f0eefe15--slur--start--1,n2795--slur--start--1,slur,stamp,n05746080f0eefe15
nb83443a103b9afcb--slur--stop--1,n2796--slur--stop--1,slur,stamp,nb83443a103b9afcb
n88d261a1b867021f--slur--start--1,n2797--slur--start--1,slur,stamp,n88d261a1b867021f
n961832faf3f99252--slur--stop--1,n2798--slur--stop--1,slur,stamp,n961832faf3f99252
n961832faf3f99252--slur--start--2,n2798--slur--start--2,slur,stamp,n961832faf3f99252
na9c51f71bcc838f0--slur--stop--1,n2800--slur--stop--1,slur,stamp,na9c51f71bcc838f0
n7bbce1e386db24a8--slur--stop--1,n2803--slur--stop--1,slur,stamp,n7bbce1e386db24a8
n90503865f85b8126--slur--start--1,n2805--slur--start--1,slur,stamp,n90503865f85b8126
n9fe0e2ab2ee50ad3--slur--start--1,n2807--slur--start--1,slur,stamp,n9fe0e2ab2ee50ad3
nddc771154cabcee3--slur--stop--1,n2808--slur--stop--1,slur,stamp,nddc771154cabcee3
na56149be585904fa--staccatissimo--1,,staccatissimo,derive,na56149be585904fa
na56149be585904fa--staccato--1,,staccato,derive,na56149be585904fa
nf177514c9beb1727--staccatissimo--1,,staccatissimo,derive,nf177514c9beb1727
nf177514c9beb1727--staccato--1,,staccato,derive,nf177514c9beb1727
n15c528699dd21eb2--slur--stop--1,n2813--slur--stop--1,slur,stamp,n15c528699dd21eb2
n31b70dbf9599b3f8--staccatissimo--1,,staccatissimo,derive,n31b70dbf9599b3f8
n31b70dbf9599b3f8--staccato--1,,staccato,derive,n31b70dbf9599b3f8
nb812d8073d8034ce--staccatissimo--1,,staccatissimo,derive,nb812d8073d8034ce
nb812d8073d8034ce--staccato--1,,staccato,derive,nb812d8073d8034ce
ncdfcf00b9849efec--staccatissimo--1,,staccatissimo,derive,ncdfcf00b9849efec
ncdfcf00b9849efec--staccato--1,,staccato,derive,ncdfcf00b9849efec
nf004462b0cc6dcd8--staccatissimo--1,,staccatissimo,derive,nf004462b0cc6dcd8
nf004462b0cc6dcd8--staccato--1,,staccato,derive,nf004462b0cc6dcd8
nfa5f0674174f614b--staccatissimo--1,,staccatissimo,derive,nfa5f0674174f614b
nfa5f0674174f614b--staccato--1,,staccato,derive,nfa5f0674174f614b
n717901d9b0e7f1fb--staccatissimo--1,,staccatissimo,derive,n717901d9b0e7f1fb
n717901d9b0e7f1fb--staccato--1,,staccato,derive,n717901d9b0e7f1fb
n6252b4d938048fed--staccatissimo--1,,staccatissimo,derive,n6252b4d938048fed
n6252b4d938048fed--staccato--1,,staccato,derive,n6252b4d938048fed
n9625c1c9f6d452f5--staccatissimo--1,,staccatissimo,derive,n9625c1c9f6d452f5
n9625c1c9f6d452f5--staccato--1,,staccato,derive,n9625c1c9f6d452f5
nbce0bebe071d8459--staccatissimo--1,,staccatissimo,derive,nbce0bebe071d8459
nbce0bebe071d8459--staccato--1,,staccato,derive,nbce0bebe071d8459
ndf38e3ee2d697c99--staccatissimo--1,,staccatissimo,derive,ndf38e3ee2d697c99
ndf38e3ee2d697c99--staccato--1,,staccato,derive,ndf38e3ee2d697c99
n98aa1842b1b882e5--staccatissimo--1,,staccatissimo,derive,n98aa1842b1b882e5
n98aa1842b1b882e5--staccato--1,,staccato,derive,n98aa1842b1b882e5
n417e5020d5fe2b03--staccatissimo--1,,staccatissimo,derive,n417e5020d5fe2b03
n417e5020d5fe2b03--staccato--1,,staccato,derive,n417e5020d5fe2b03
na6aad88b681c4399--staccatissimo--1,,staccatissimo,derive,na6aad88b681c4399
na6aad88b681c4399--staccato--1,,staccato,derive,na6aad88b681c4399
n6c3d973eb91172d4--staccatissimo--1,,staccatissimo,derive,n6c3d973eb91172d4
n6c3d973eb91172d4--staccato--1,,staccato,derive,n6c3d973eb91172d4
n5dca44bff1e9a104--staccatissimo--1,,staccatissimo,derive,n5dca44bff1e9a104
n5dca44bff1e9a104--staccato--1,,staccato,derive,n5dca44bff1e9a104
n84465c629bf3dab1--staccatissimo--1,,staccatissimo,derive,n84465c629bf3dab1
n84465c629bf3dab1--staccato--1,,staccato,derive,n84465c629bf3dab1
n754f5c86bbbeb6cd--tie--1,,tie,derive,n754f5c86bbbeb6cd
n754f5c86bbbeb6cd--tied--start--1,n2838--tied--start--1,tied,stamp,n754f5c86bbbeb6cd
n7160bf9bddb0ac09--slur--start--1,n2842--slur--start--1,slur,stamp,n7160bf9bddb0ac09
ef1cc029bee4310a4,md-1-249-1-1,dynamics,md,1
n9b739ff42c8299ef--tie--1,,tie,derive,n9b739ff42c8299ef
n9b739ff42c8299ef--tied--stop--1,n2843--tied--stop--1,tied,stamp,n9b739ff42c8299ef
n9b739ff42c8299ef--slur--start--1,n2843--slur--start--1,slur,stamp,n9b739ff42c8299ef
nb7863c1be3055e21--slur--stop--1,n2845--slur--stop--1,slur,stamp,nb7863c1be3055e21
n1a1d1eb6ea8a651b--slur--stop--1,n2850--slur--stop--1,slur,stamp,n1a1d1eb6ea8a651b
nf28011bc73739837--slur--start--1,n2851--slur--start--1,slur,stamp,nf28011bc73739837
ec470cfb7443234bb,md-1-250-1-1,dynamics,md,1
n79a107130f81e08e--slur--start--1,n2852--slur--start--1,slur,stamp,n79a107130f81e08e
n956ac68700161ed9--slur--stop--1,n2854--slur--stop--1,slur,stamp,n956ac68700161ed9
n4b5e6b69161c1fb4--slur--stop--1,n2859--slur--stop--1,slur,stamp,n4b5e6b69161c1fb4
n8e8c52de419e5920--slur--start--1,n2860--slur--start--1,slur,stamp,n8e8c52de419e5920
efd95952ce69eafb1,md-1-251-1-1,dynamics,md,1
n94b07b9cc490cbef--slur--stop--1,n2870--slur--stop--1,slur,stamp,n94b07b9cc490cbef
n2deb1584f9d4dbe2--slur--start--1,n2871--slur--start--1,slur,stamp,n2deb1584f9d4dbe2
n8b6f960a014b7bb9--slur--stop--1,n2875--slur--stop--1,slur,stamp,n8b6f960a014b7bb9
n6dbd2963bb54a5de--tie--1,,tie,derive,n6dbd2963bb54a5de
n6dbd2963bb54a5de--tied--start--1,n2876--tied--start--1,tied,stamp,n6dbd2963bb54a5de
n1599b7eb4aa40ea5--slur--start--1,n2878--slur--start--1,slur,stamp,n1599b7eb4aa40ea5
na9ec2f3f87f212a2--slur--start--1,n2880--slur--start--1,slur,stamp,na9ec2f3f87f212a2
n3c7ad6cda6fafee6--slur--stop--1,n2882--slur--stop--1,slur,stamp,n3c7ad6cda6fafee6
nea5a5c8eeff9c679--slur--start--1,n2883--slur--start--1,slur,stamp,nea5a5c8eeff9c679
eeb6f50476f8a5a4e,md-1-253-1-1,dynamics,md,1
nddc39935b700a392--tie--1,,tie,derive,nddc39935b700a392
nddc39935b700a392--tied--stop--1,n2884--tied--stop--1,tied,stamp,nddc39935b700a392
nceb92b440f4eac5d--tie--1,,tie,derive,nceb92b440f4eac5d
nceb92b440f4eac5d--tied--start--1,n2885--tied--start--1,tied,stamp,nceb92b440f4eac5d
nb1b82d3367137a31--slur--stop--1,n2886--slur--stop--1,slur,stamp,nb1b82d3367137a31
n31d2113a8a27c2f4--slur--start--1,n2888--slur--start--1,slur,stamp,n31d2113a8a27c2f4
nf675809ad166e051--slur--stop--1,n2892--slur--stop--1,slur,stamp,nf675809ad166e051
nd8a23e359c31a441--slur--start--1,n2893--slur--start--1,slur,stamp,nd8a23e359c31a441
nd7969fef07882513--tie--1,,tie,derive,nd7969fef07882513
nd7969fef07882513--tied--stop--1,n2894--tied--stop--1,tied,stamp,nd7969fef07882513
ne2dd8254fac3523a--slur--start--1,n2895--slur--start--1,slur,stamp,ne2dd8254fac3523a
nf1e523a4f39c7dd0--slur--stop--1,n2896--slur--stop--1,slur,stamp,nf1e523a4f39c7dd0
n8a57ac8a38722b2c--tie--1,,tie,derive,n8a57ac8a38722b2c
n8a57ac8a38722b2c--tied--start--1,n2898--tied--start--1,tied,stamp,n8a57ac8a38722b2c
n62ce2841ea8990ce--slur--stop--1,n2901--slur--stop--1,slur,stamp,n62ce2841ea8990ce
n58ae5eab1785efa2--slur--start--1,n2902--slur--start--1,slur,stamp,n58ae5eab1785efa2
n4a284798f263fed4--slur--stop--1,n2903--slur--stop--1,slur,stamp,n4a284798f263fed4
n15e5a3ffe13a30c9--slur--start--1,n2904--slur--start--1,slur,stamp,n15e5a3ffe13a30c9
nb140ae0bed18d1a3--tie--1,,tie,derive,nb140ae0bed18d1a3
nb140ae0bed18d1a3--tied--stop--1,n2905--tied--stop--1,tied,stamp,nb140ae0bed18d1a3
n27f4959b001c98d5--tie--1,,tie,derive,n27f4959b001c98d5
n27f4959b001c98d5--tied--start--1,n2906--tied--start--1,tied,stamp,n27f4959b001c98d5
n30471344003ceafd--slur--stop--1,n2909--slur--stop--1,slur,stamp,n30471344003ceafd
n00c577bcb17d29c1--slur--start--1,n2910--slur--start--1,slur,stamp,n00c577bcb17d29c1
n345b5200d3506c69--slur--stop--1,n2911--slur--stop--1,slur,stamp,n345b5200d3506c69
n6d68ce3e81b9027f--slur--start--1,n2912--slur--start--1,slur,stamp,n6d68ce3e81b9027f
n5d142ebd4cd69fe8--tie--1,,tie,derive,n5d142ebd4cd69fe8
n5d142ebd4cd69fe8--tied--stop--1,n2913--tied--stop--1,tied,stamp,n5d142ebd4cd69fe8
na2d3659dabbc3350--tie--1,,tie,derive,na2d3659dabbc3350
na2d3659dabbc3350--tied--start--1,n2914--tied--start--1,tied,stamp,na2d3659dabbc3350
nfa62d1ec21e8906e--slur--stop--1,n2917--slur--stop--1,slur,stamp,nfa62d1ec21e8906e
n3c9d30f76166704a--slur--start--1,n2918--slur--start--1,slur,stamp,n3c9d30f76166704a
nb57582d2beba048a--slur--stop--1,n2921--slur--stop--1,slur,stamp,nb57582d2beba048a
nb253ecad1ee5b556--tie--1,,tie,derive,nb253ecad1ee5b556
nb253ecad1ee5b556--tied--start--1,n2922--tied--start--1,tied,stamp,nb253ecad1ee5b556
na691c8d3605c3595--tie--1,,tie,derive,na691c8d3605c3595
na691c8d3605c3595--tied--stop--1,n2923--tied--stop--1,tied,stamp,na691c8d3605c3595
na1fec789fb03eb53--slur--start--1,n2924--slur--start--1,slur,stamp,na1fec789fb03eb53
n14f25f8c1757c42d--slur--stop--1,n2927--slur--stop--1,slur,stamp,n14f25f8c1757c42d
n7d4bb5036fd9fcbf--tie--1,,tie,derive,n7d4bb5036fd9fcbf
n7d4bb5036fd9fcbf--tied--start--1,n2928--tied--start--1,tied,stamp,n7d4bb5036fd9fcbf
n053b5427371a575c--slur--start--1,n2929--slur--start--1,slur,stamp,n053b5427371a575c
eab4c62da1b0b3f90,md-1-258-1-1,dynamics,md,1
n7d13beaca44c4577--tie--1,,tie,derive,n7d13beaca44c4577
n7d13beaca44c4577--tied--stop--1,n2930--tied--stop--1,tied,stamp,n7d13beaca44c4577
nd96d92e4d0398c06--slur--start--1,n2931--slur--start--1,slur,stamp,nd96d92e4d0398c06
nd9683f4a1f7d99ab--slur--stop--1,n2934--slur--stop--1,slur,stamp,nd9683f4a1f7d99ab
n42255f0f7232fd8c--tie--1,,tie,derive,n42255f0f7232fd8c
n42255f0f7232fd8c--tied--start--1,n2935--tied--start--1,tied,stamp,n42255f0f7232fd8c
nd998a0394d504731--tie--1,,tie,derive,nd998a0394d504731
nd998a0394d504731--tied--stop--1,n2936--tied--stop--1,tied,stamp,nd998a0394d504731
n4ef85a4d1ae51d36--slur--start--1,n2937--slur--start--1,slur,stamp,n4ef85a4d1ae51d36
n935897ad58d08459--slur--stop--1,n2940--slur--stop--1,slur,stamp,n935897ad58d08459
e0fc7be1e188ec911,md-1-259-1-1,dynamics,md,1
nc7ddbe846c98929b--slur--stop--1,n2943--slur--stop--1,slur,stamp,nc7ddbe846c98929b
n8c8252547212481f--tie--1,,tie,derive,n8c8252547212481f
n8c8252547212481f--tied--start--1,n2944--tied--start--1,tied,stamp,n8c8252547212481f
nd55d4977924feb26--tie--1,,tie,derive,nd55d4977924feb26
nd55d4977924feb26--tied--stop--1,n2945--tied--stop--1,tied,stamp,nd55d4977924feb26
n034bff1b9a7c2c0b--slur--start--1,n2946--slur--start--1,slur,stamp,n034bff1b9a7c2c0b
nd5647b429de55d3f--slur--stop--1,n2949--slur--stop--1,slur,stamp,nd5647b429de55d3f
ne0fda8ef91fb8f18--tie--1,,tie,derive,ne0fda8ef91fb8f18
ne0fda8ef91fb8f18--tied--start--1,n2950--tied--start--1,tied,stamp,ne0fda8ef91fb8f18
nedc162e574767ef3--slur--start--1,n2951--slur--start--1,slur,stamp,nedc162e574767ef3
e086d6bbc3834f89d,md-1-260-1-1,dynamics,md,1
n981f9444e693ff31--tie--1,,tie,derive,n981f9444e693ff31
n981f9444e693ff31--tied--stop--1,n2952--tied--stop--1,tied,stamp,n981f9444e693ff31
ne59d434478e8a6ef--slur--start--1,n2953--slur--start--1,slur,stamp,ne59d434478e8a6ef
n15f51709c82d577f--slur--stop--1,n2956--slur--stop--1,slur,stamp,n15f51709c82d577f
n4327260f2541d4e7--tie--1,,tie,derive,n4327260f2541d4e7
n4327260f2541d4e7--tied--start--1,n2957--tied--start--1,tied,stamp,n4327260f2541d4e7
n37124834fa10b844--tie--1,,tie,derive,n37124834fa10b844
n37124834fa10b844--tied--stop--1,n2958--tied--stop--1,tied,stamp,n37124834fa10b844
nf2d17a15f2212018--tie--1,,tie,derive,nf2d17a15f2212018
nf2d17a15f2212018--tied--start--1,n2959--tied--start--1,tied,stamp,nf2d17a15f2212018
n277e6dfb4582a3c3--slur--stop--1,n2962--slur--stop--1,slur,stamp,n277e6dfb4582a3c3
n082dfea3175e040e--slur--start--1,n2963--slur--start--1,slur,stamp,n082dfea3175e040e
e7b3193162c7ace46,md-1-261-1-1,dynamics,md,1
n3523d18c65a3a853--slur--stop--1,n2966--slur--stop--1,slur,stamp,n3523d18c65a3a853
n70dd12e826bf34e7--tie--1,,tie,derive,n70dd12e826bf34e7
n70dd12e826bf34e7--tied--start--1,n2967--tied--start--1,tied,stamp,n70dd12e826bf34e7
nc6190e561cfac906--tie--1,,tie,derive,nc6190e561cfac906
nc6190e561cfac906--tied--stop--1,n2968--tied--stop--1,tied,stamp,nc6190e561cfac906
ndb6f9b03425bcd9e--slur--start--1,n2969--slur--start--1,slur,stamp,ndb6f9b03425bcd9e
nb9785866e5b450fe--tie--1,,tie,derive,nb9785866e5b450fe
nb9785866e5b450fe--tied--stop--1,n2970--tied--stop--1,tied,stamp,nb9785866e5b450fe
n73f0e5a00b672e11--tie--1,,tie,derive,n73f0e5a00b672e11
n73f0e5a00b672e11--tied--start--1,n2971--tied--start--1,tied,stamp,n73f0e5a00b672e11
n221e602c63a93111--slur--stop--1,n2974--slur--stop--1,slur,stamp,n221e602c63a93111
eed2162715a58bed1,md-1-262-1-1,dynamics,md,1
nd37a22677f3b8919--tie--1,,tie,derive,nd37a22677f3b8919
nd37a22677f3b8919--tied--stop--1,n2976--tied--stop--1,tied,stamp,nd37a22677f3b8919
nc4ba85913c471cf8--slur--start--1,n2977--slur--start--1,slur,stamp,nc4ba85913c471cf8
nf68db8a135b2caa5--slur--stop--1,n2980--slur--stop--1,slur,stamp,nf68db8a135b2caa5
n00b6c9342a6d9c39--tie--1,,tie,derive,n00b6c9342a6d9c39
n00b6c9342a6d9c39--tied--start--1,n2981--tied--start--1,tied,stamp,n00b6c9342a6d9c39
n9075d9d74aa4be6b--tie--1,,tie,derive,n9075d9d74aa4be6b
n9075d9d74aa4be6b--tied--stop--1,n2982--tied--stop--1,tied,stamp,n9075d9d74aa4be6b
ne4a294e34d304e37--slur--start--1,n2983--slur--start--1,slur,stamp,ne4a294e34d304e37
e6b1e8401e6167566,md-1-263-1-1,dynamics,md,1
n58b47c5dba7595b7--slur--stop--1,n2989--slur--stop--1,slur,stamp,n58b47c5dba7595b7
ne66f4ab20a9e46fb--tie--1,,tie,derive,ne66f4ab20a9e46fb
ne66f4ab20a9e46fb--tied--start--1,n2990--tied--start--1,tied,stamp,ne66f4ab20a9e46fb
nca0ce324000a372c--tie--1,,tie,derive,nca0ce324000a372c
nca0ce324000a372c--tied--stop--1,n2991--tied--stop--1,tied,stamp,nca0ce324000a372c
nf471de19f10d4e41--slur--start--1,n2992--slur--start--1,slur,stamp,nf471de19f10d4e41
n532184aff109dde5--slur--stop--1,n2995--slur--stop--1,slur,stamp,n532184aff109dde5
n313fc810376d273b--tie--1,,tie,derive,n313fc810376d273b
n313fc810376d273b--tied--start--1,n2996--tied--start--1,tied,stamp,n313fc810376d273b
n49e4f18ca4cfcbe0--slur--start--1,n2997--slur--start--1,slur,stamp,n49e4f18ca4cfcbe0
e9dabdc57ec6517b4,md-1-264-1-1,dynamics,md,1
n735d651b481ffed2--tie--1,,tie,derive,n735d651b481ffed2
n735d651b481ffed2--tied--stop--1,n2998--tied--stop--1,tied,stamp,n735d651b481ffed2
nfad36d2dec8d0d39--slur--start--1,n2999--slur--start--1,slur,stamp,nfad36d2dec8d0d39
n0d5fbea2fe36a198--slur--stop--1,n3002--slur--stop--1,slur,stamp,n0d5fbea2fe36a198
n1a1d8fbde86f43dd--tie--1,,tie,derive,n1a1d8fbde86f43dd
n1a1d8fbde86f43dd--tied--start--1,n3003--tied--start--1,tied,stamp,n1a1d8fbde86f43dd
nb6a6b74174e46745--tie--1,,tie,derive,nb6a6b74174e46745
nb6a6b74174e46745--tied--stop--1,n3004--tied--stop--1,tied,stamp,nb6a6b74174e46745
n1829fc07bcf82a34--tie--1,,tie,derive,n1829fc07bcf82a34
n1829fc07bcf82a34--tied--start--1,n3005--tied--start--1,tied,stamp,n1829fc07bcf82a34
nb28cb96059f2e20e--slur--stop--1,n3008--slur--stop--1,slur,stamp,nb28cb96059f2e20e
ne011fdf607ef0ece--slur--start--1,n3009--slur--start--1,slur,stamp,ne011fdf607ef0ece
ee1c3774f1324f393,md-1-265-1-1,dynamics,md,1
n6d1b81d048f199ea--slur--stop--1,n3012--slur--stop--1,slur,stamp,n6d1b81d048f199ea
n08e9b827b3720aaa--slur--start--1,n3013--slur--start--1,slur,stamp,n08e9b827b3720aaa
na0c7787c3f0cbc91--tie--1,,tie,derive,na0c7787c3f0cbc91
na0c7787c3f0cbc91--tied--stop--1,n3014--tied--stop--1,tied,stamp,na0c7787c3f0cbc91
n06d7cb5239181f23--tie--1,,tie,derive,n06d7cb5239181f23
n06d7cb5239181f23--tied--start--1,n3015--tied--start--1,tied,stamp,n06d7cb5239181f23
nfd4d9b8ee44f3218--tie--1,,tie,derive,nfd4d9b8ee44f3218
nfd4d9b8ee44f3218--tied--stop--1,n3016--tied--stop--1,tied,stamp,nfd4d9b8ee44f3218
n0e41ba64e943584f--tie--1,,tie,derive,n0e41ba64e943584f
n0e41ba64e943584f--tied--start--1,n3017--tied--start--1,tied,stamp,n0e41ba64e943584f
nab019144b90a9b71--slur--stop--1,n3020--slur--stop--1,slur,stamp,nab019144b90a9b71
e693ddd06717e4c52,md-1-266-1-1,dynamics,md,1
n9ceb5c2c3e07ca3e--slur--stop--1,n3024--slur--stop--1,slur,stamp,n9ceb5c2c3e07ca3e
nb5b7ba9e59140efa--slur--start--1,n3025--slur--start--1,slur,stamp,nb5b7ba9e59140efa
nf9e9702dcdab3f6c--tie--1,,tie,derive,nf9e9702dcdab3f6c
nf9e9702dcdab3f6c--tied--stop--1,n3026--tied--stop--1,tied,stamp,nf9e9702dcdab3f6c
n9479d4b16bbe44b5--tie--1,,tie,derive,n9479d4b16bbe44b5
n9479d4b16bbe44b5--tied--start--1,n3027--tied--start--1,tied,stamp,n9479d4b16bbe44b5
nddbf0542db78ec4a--tie--1,,tie,derive,nddbf0542db78ec4a
nddbf0542db78ec4a--tied--stop--1,n3028--tied--stop--1,tied,stamp,nddbf0542db78ec4a
n15518c46efa5a5b9--slur--start--1,n3029--slur--start--1,slur,stamp,n15518c46efa5a5b9
e52b1bdcb358df535,md-1-267-1-1,dynamics,md,1
nf7a2456d5646b151--tie--1,,tie,derive,nf7a2456d5646b151
nf7a2456d5646b151--tied--start--1,n3035--tied--start--1,tied,stamp,nf7a2456d5646b151
nf7a2456d5646b151--slur--stop--1,n3035--slur--stop--1,slur,stamp,nf7a2456d5646b151
n311b30fb5d24f0d3--tie--1,,tie,derive,n311b30fb5d24f0d3
n311b30fb5d24f0d3--tied--stop--1,n3036--tied--stop--1,tied,stamp,n311b30fb5d24f0d3
nd0f050215857cab1--staccatissimo--1,,staccatissimo,derive,nd0f050215857cab1
nd0f050215857cab1--staccato--1,,staccato,derive,nd0f050215857cab1
n100ead79282f6a68--staccatissimo--1,,staccatissimo,derive,n100ead79282f6a68
n100ead79282f6a68--staccato--1,,staccato,derive,n100ead79282f6a68
nfb1b9d9384ca59b6--slur--stop--1,n3041--slur--stop--1,slur,stamp,nfb1b9d9384ca59b6
nfb1b9d9384ca59b6--staccatissimo--1,,staccatissimo,derive,nfb1b9d9384ca59b6
nfb1b9d9384ca59b6--staccato--1,,staccato,derive,nfb1b9d9384ca59b6
nd3765c9af996477d--staccatissimo--1,,staccatissimo,derive,nd3765c9af996477d
nd3765c9af996477d--staccato--1,,staccato,derive,nd3765c9af996477d
edc6cec828da96225,md-1-268-1-1,dynamics,md,1
nd0e0a2b3930e8352--tie--1,,tie,derive,nd0e0a2b3930e8352
nd0e0a2b3930e8352--tied--stop--1,n3043--tied--stop--1,tied,stamp,nd0e0a2b3930e8352
ne9ff5b8ed7b83acf--staccatissimo--1,,staccatissimo,derive,ne9ff5b8ed7b83acf
ne9ff5b8ed7b83acf--staccato--1,,staccato,derive,ne9ff5b8ed7b83acf
n32ec631948154e92--staccatissimo--1,,staccatissimo,derive,n32ec631948154e92
n32ec631948154e92--staccato--1,,staccato,derive,n32ec631948154e92
nbfb4f5b2bc4fed18--staccatissimo--1,,staccatissimo,derive,nbfb4f5b2bc4fed18
nbfb4f5b2bc4fed18--staccato--1,,staccato,derive,nbfb4f5b2bc4fed18
nf4a371cfe5e5b470--staccatissimo--1,,staccatissimo,derive,nf4a371cfe5e5b470
nf4a371cfe5e5b470--staccato--1,,staccato,derive,nf4a371cfe5e5b470
n81fa16cd4407a5e9--staccatissimo--1,,staccatissimo,derive,n81fa16cd4407a5e9
n81fa16cd4407a5e9--staccato--1,,staccato,derive,n81fa16cd4407a5e9
nef081355be2a8dba--staccatissimo--1,,staccatissimo,derive,nef081355be2a8dba
nef081355be2a8dba--staccato--1,,staccato,derive,nef081355be2a8dba
n621364fbcb06b8fb--staccatissimo--1,,staccatissimo,derive,n621364fbcb06b8fb
n621364fbcb06b8fb--staccato--1,,staccato,derive,n621364fbcb06b8fb
n5a89d6fc7e666f99--staccatissimo--1,,staccatissimo,derive,n5a89d6fc7e666f99
n5a89d6fc7e666f99--staccato--1,,staccato,derive,n5a89d6fc7e666f99
nec89f7219b302818--staccatissimo--1,,staccatissimo,derive,nec89f7219b302818
nec89f7219b302818--staccato--1,,staccato,derive,nec89f7219b302818
ncf7c3357d97945df--staccatissimo--1,,staccatissimo,derive,ncf7c3357d97945df
ncf7c3357d97945df--staccato--1,,staccato,derive,ncf7c3357d97945df
n950fd7a6c5ef6649--staccatissimo--1,,staccatissimo,derive,n950fd7a6c5ef6649
n950fd7a6c5ef6649--staccato--1,,staccato,derive,n950fd7a6c5ef6649
nb5d9d981c836b549--staccatissimo--1,,staccatissimo,derive,nb5d9d981c836b549
nb5d9d981c836b549--staccato--1,,staccato,derive,nb5d9d981c836b549
ef2474e0bd83557d6,md-1-270-1-1,dynamics,md,1
n1ce70ca3bf7b3237--staccatissimo--1,,staccatissimo,derive,n1ce70ca3bf7b3237
n1ce70ca3bf7b3237--staccato--1,,staccato,derive,n1ce70ca3bf7b3237
n37adf4b3ccbe410c--staccatissimo--1,,staccatissimo,derive,n37adf4b3ccbe410c
n37adf4b3ccbe410c--staccato--1,,staccato,derive,n37adf4b3ccbe410c
nb85ba8a328ef09c7--staccatissimo--1,,staccatissimo,derive,nb85ba8a328ef09c7
nb85ba8a328ef09c7--staccato--1,,staccato,derive,nb85ba8a328ef09c7
n1e69c26d1174554e--staccatissimo--1,,staccatissimo,derive,n1e69c26d1174554e
n1e69c26d1174554e--staccato--1,,staccato,derive,n1e69c26d1174554e
e486831aa83383f47,md-1-271-1-1,dynamics,md,1
ne515255e42c616a6--staccatissimo--1,,staccatissimo,derive,ne515255e42c616a6
ne515255e42c616a6--staccato--1,,staccato,derive,ne515255e42c616a6
nc57364461505e62d--staccatissimo--1,,staccatissimo,derive,nc57364461505e62d
nc57364461505e62d--staccato--1,,staccato,derive,nc57364461505e62d
n00f4836d2d77186c--staccatissimo--1,,staccatissimo,derive,n00f4836d2d77186c
n00f4836d2d77186c--staccato--1,,staccato,derive,n00f4836d2d77186c
n903ab14a248a24c3--staccatissimo--1,,staccatissimo,derive,n903ab14a248a24c3
n903ab14a248a24c3--staccato--1,,staccato,derive,n903ab14a248a24c3
e1e442a772462bd12,md-1-272-1-1,dynamics,md,1
nee5329a6264b1411--staccatissimo--1,,staccatissimo,derive,nee5329a6264b1411
nee5329a6264b1411--staccato--1,,staccato,derive,nee5329a6264b1411
n7a9c4ac62a7574d0--staccatissimo--1,,staccatissimo,derive,n7a9c4ac62a7574d0
n7a9c4ac62a7574d0--staccato--1,,staccato,derive,n7a9c4ac62a7574d0
ne0c1d685561b84e6--staccatissimo--1,,staccatissimo,derive,ne0c1d685561b84e6
ne0c1d685561b84e6--staccato--1,,staccato,derive,ne0c1d685561b84e6
n2494db4f8a21025b--staccatissimo--1,,staccatissimo,derive,n2494db4f8a21025b
n2494db4f8a21025b--staccato--1,,staccato,derive,n2494db4f8a21025b
e9a5dda63315dc631,md-1-273-1-1,dynamics,md,1
nc93d8b323e4335cd--tie--1,,tie,derive,nc93d8b323e4335cd
nc93d8b323e4335cd--tied--start--1,n3106--tied--start--1,tied,stamp,nc93d8b323e4335cd
n813bfd726371cc61--tie--1,,tie,derive,n813bfd726371cc61
n813bfd726371cc61--tied--start--1,n3107--tied--start--1,tied,stamp,n813bfd726371cc61
nd30a7d5fc98b08aa--tie--1,,tie,derive,nd30a7d5fc98b08aa
nd30a7d5fc98b08aa--tied--start--1,n3108--tied--start--1,tied,stamp,nd30a7d5fc98b08aa
nebd3a03b108b55bd--tie--1,,tie,derive,nebd3a03b108b55bd
nebd3a03b108b55bd--tied--start--1,n3109--tied--start--1,tied,stamp,nebd3a03b108b55bd
nee57869ecf77ddc3--staccatissimo--1,,staccatissimo,derive,nee57869ecf77ddc3
nee57869ecf77ddc3--staccato--1,,staccato,derive,nee57869ecf77ddc3
n7377b9381a0a65e1--staccatissimo--1,,staccatissimo,derive,n7377b9381a0a65e1
n7377b9381a0a65e1--staccato--1,,staccato,derive,n7377b9381a0a65e1
n1e354f53e452fa56--staccatissimo--1,,staccatissimo,derive,n1e354f53e452fa56
n1e354f53e452fa56--staccato--1,,staccato,derive,n1e354f53e452fa56
n8552b861ee89da24--staccatissimo--1,,staccatissimo,derive,n8552b861ee89da24
n8552b861ee89da24--staccato--1,,staccato,derive,n8552b861ee89da24
e9747d37f59a7737c,md-1-274-1-1,dynamics,md,1
nce70615f60705589--tie--1,,tie,derive,nce70615f60705589
nce70615f60705589--tied--stop--1,n3118--tied--stop--1,tied,stamp,nce70615f60705589
n43ec4938d56b4e60--tie--1,,tie,derive,n43ec4938d56b4e60
n43ec4938d56b4e60--tied--stop--1,n3119--tied--stop--1,tied,stamp,n43ec4938d56b4e60
n2ccda5b1edc5f816--tie--1,,tie,derive,n2ccda5b1edc5f816
n2ccda5b1edc5f816--tied--stop--1,n3120--tied--stop--1,tied,stamp,n2ccda5b1edc5f816
nd82c905828a20490--tie--1,,tie,derive,nd82c905828a20490
nd82c905828a20490--tied--stop--1,n3121--tied--stop--1,tied,stamp,nd82c905828a20490
ncd10f73ee002a56c--staccatissimo--1,,staccatissimo,derive,ncd10f73ee002a56c
ncd10f73ee002a56c--staccato--1,,staccato,derive,ncd10f73ee002a56c
n43643bdd2e160d30--staccatissimo--1,,staccatissimo,derive,n43643bdd2e160d30
n43643bdd2e160d30--staccato--1,,staccato,derive,n43643bdd2e160d30
ndefff43cc0fd0ca5--slur--start--1,n3141--slur--start--1,slur,stamp,ndefff43cc0fd0ca5
ndefff43cc0fd0ca5--slur--start--2,n3141--slur--start--2,slur,stamp,ndefff43cc0fd0ca5
e36d5cc21300bc816,md-1-276-1-1,dynamics,md,1
n05c7b74c3cc8cdf4--slur--stop--1,n3151--slur--stop--1,slur,stamp,n05c7b74c3cc8cdf4
n05c7b74c3cc8cdf4--slur--stop--2,n3151--slur--stop--2,slur,stamp,n05c7b74c3cc8cdf4
n05c7b74c3cc8cdf4--staccatissimo--1,,staccatissimo,derive,n05c7b74c3cc8cdf4
n05c7b74c3cc8cdf4--staccato--1,,staccato,derive,n05c7b74c3cc8cdf4
nd8e618c6ff2c0834--staccatissimo--1,,staccatissimo,derive,nd8e618c6ff2c0834
nd8e618c6ff2c0834--staccato--1,,staccato,derive,nd8e618c6ff2c0834
nc1addf130ae86111--staccatissimo--1,,staccatissimo,derive,nc1addf130ae86111
nc1addf130ae86111--staccato--1,,staccato,derive,nc1addf130ae86111
n332445b45b6bc559--staccatissimo--1,,staccatissimo,derive,n332445b45b6bc559
n332445b45b6bc559--staccato--1,,staccato,derive,n332445b45b6bc559
na5099cda6aef6129--staccatissimo--1,,staccatissimo,derive,na5099cda6aef6129
na5099cda6aef6129--staccato--1,,staccato,derive,na5099cda6aef6129
nf4fca108f796f594--staccatissimo--1,,staccatissimo,derive,nf4fca108f796f594
nf4fca108f796f594--staccato--1,,staccato,derive,nf4fca108f796f594
n3e19f1601079460f--staccatissimo--1,,staccatissimo,derive,n3e19f1601079460f
n3e19f1601079460f--staccato--1,,staccato,derive,n3e19f1601079460f
nb013b3ff04192e59--staccatissimo--1,,staccatissimo,derive,nb013b3ff04192e59
nb013b3ff04192e59--staccato--1,,staccato,derive,nb013b3ff04192e59
n6b0a8636573def5d--staccatissimo--1,,staccatissimo,derive,n6b0a8636573def5d
n6b0a8636573def5d--staccato--1,,staccato,derive,n6b0a8636573def5d
na8e37623558eed60--staccatissimo--1,,staccatissimo,derive,na8e37623558eed60
na8e37623558eed60--staccato--1,,staccato,derive,na8e37623558eed60
nb7f1b2bbeeaccece--staccatissimo--1,,staccatissimo,derive,nb7f1b2bbeeaccece
nb7f1b2bbeeaccece--staccato--1,,staccato,derive,nb7f1b2bbeeaccece
n244751321e8fffe5--staccatissimo--1,,staccatissimo,derive,n244751321e8fffe5
n244751321e8fffe5--staccato--1,,staccato,derive,n244751321e8fffe5
n11407905d307c540--slur--start--1,n3201--slur--start--1,slur,stamp,n11407905d307c540
n67b37fce5a625c7e--slur--stop--1,n3207--slur--stop--1,slur,stamp,n67b37fce5a625c7e
n1372375348dcedd0--slur--start--1,n3209--slur--start--1,slur,stamp,n1372375348dcedd0
n8d30e36c3466d6c2--tie--1,,tie,derive,n8d30e36c3466d6c2
n8d30e36c3466d6c2--tied--start--1,n3210--tied--start--1,tied,stamp,n8d30e36c3466d6c2
eccab78d3fe4ba614,md-1-280-1-1,dynamics,md,1
n9856357ff282fe94--slur--stop--1,n3219--slur--stop--1,slur,stamp,n9856357ff282fe94
n9856357ff282fe94--staccatissimo--1,,staccatissimo,derive,n9856357ff282fe94
n9856357ff282fe94--staccato--1,,staccato,derive,n9856357ff282fe94
n5edf3f16ad6595c5--staccatissimo--1,,staccatissimo,derive,n5edf3f16ad6595c5
n5edf3f16ad6595c5--staccato--1,,staccato,derive,n5edf3f16ad6595c5
n165b7ec0b9d4f68e--staccatissimo--1,,staccatissimo,derive,n165b7ec0b9d4f68e
n165b7ec0b9d4f68e--staccato--1,,staccato,derive,n165b7ec0b9d4f68e
n53e7eb6cc9ff56fd--staccatissimo--1,,staccatissimo,derive,n53e7eb6cc9ff56fd
n53e7eb6cc9ff56fd--staccato--1,,staccato,derive,n53e7eb6cc9ff56fd
ncacd7252c0f6d91e--tie--1,,tie,derive,ncacd7252c0f6d91e
ncacd7252c0f6d91e--tie--2,,tie,derive,ncacd7252c0f6d91e
ncacd7252c0f6d91e--tied--stop--1,n3223--tied--stop--1,tied,stamp,ncacd7252c0f6d91e
ncacd7252c0f6d91e--tied--start--2,n3223--tied--start--2,tied,stamp,ncacd7252c0f6d91e
n63d33e9cc9f1646a--staccatissimo--1,,staccatissimo,derive,n63d33e9cc9f1646a
n63d33e9cc9f1646a--staccato--1,,staccato,derive,n63d33e9cc9f1646a
nd153156738ffb4b4--staccatissimo--1,,staccatissimo,derive,nd153156738ffb4b4
nd153156738ffb4b4--staccato--1,,staccato,derive,nd153156738ffb4b4
na1e1402b0d67d4a6--staccatissimo--1,,staccatissimo,derive,na1e1402b0d67d4a6
na1e1402b0d67d4a6--staccato--1,,staccato,derive,na1e1402b0d67d4a6
n47d3e4a283be39cb--staccatissimo--1,,staccatissimo,derive,n47d3e4a283be39cb
n47d3e4a283be39cb--staccato--1,,staccato,derive,n47d3e4a283be39cb
n444e35946f5c2b18--tie--1,,tie,derive,n444e35946f5c2b18
n444e35946f5c2b18--tie--2,,tie,derive,n444e35946f5c2b18
n444e35946f5c2b18--tied--stop--1,n3236--tied--stop--1,tied,stamp,n444e35946f5c2b18
n444e35946f5c2b18--tied--start--2,n3236--tied--start--2,tied,stamp,n444e35946f5c2b18
n9cc817f9b2178f2a--staccatissimo--1,,staccatissimo,derive,n9cc817f9b2178f2a
n9cc817f9b2178f2a--staccato--1,,staccato,derive,n9cc817f9b2178f2a
nbd602d13d1ed4692--staccatissimo--1,,staccatissimo,derive,nbd602d13d1ed4692
nbd602d13d1ed4692--staccato--1,,staccato,derive,nbd602d13d1ed4692
n046ebf0e50824be3--staccatissimo--1,,staccatissimo,derive,n046ebf0e50824be3
n046ebf0e50824be3--staccato--1,,staccato,derive,n046ebf0e50824be3
nddd8be0ed7c46c18--staccatissimo--1,,staccatissimo,derive,nddd8be0ed7c46c18
nddd8be0ed7c46c18--staccato--1,,staccato,derive,nddd8be0ed7c46c18
nda9f7e7dc2978658--tie--1,,tie,derive,nda9f7e7dc2978658
nda9f7e7dc2978658--tie--2,,tie,derive,nda9f7e7dc2978658
nda9f7e7dc2978658--tied--stop--1,n3249--tied--stop--1,tied,stamp,nda9f7e7dc2978658
nda9f7e7dc2978658--tied--start--2,n3249--tied--start--2,tied,stamp,nda9f7e7dc2978658
na9967895aacef672--slur--start--1,n3260--slur--start--1,slur,stamp,na9967895aacef672
n31c88cc80ec01494--tie--1,,tie,derive,n31c88cc80ec01494
n31c88cc80ec01494--tied--stop--1,n3261--tied--stop--1,tied,stamp,n31c88cc80ec01494
nfaa2ee3d201009de--tie--1,,tie,derive,nfaa2ee3d201009de
nfaa2ee3d201009de--tied--start--1,n3262--tied--start--1,tied,stamp,nfaa2ee3d201009de
e6ff88da19e32ae6a,md-1-284-2-1,dynamics,md,2
n6cb59de5d6db0dae--slur--stop--1,n3271--slur--stop--1,slur,stamp,n6cb59de5d6db0dae
n6cb59de5d6db0dae--staccatissimo--1,,staccatissimo,derive,n6cb59de5d6db0dae
n6cb59de5d6db0dae--staccato--1,,staccato,derive,n6cb59de5d6db0dae
n1e3cab06d697f5f0--staccatissimo--1,,staccatissimo,derive,n1e3cab06d697f5f0
n1e3cab06d697f5f0--staccato--1,,staccato,derive,n1e3cab06d697f5f0
n63b7cc864944054e--staccatissimo--1,,staccatissimo,derive,n63b7cc864944054e
n63b7cc864944054e--staccato--1,,staccato,derive,n63b7cc864944054e
n54edd8a8b9525d96--staccatissimo--1,,staccatissimo,derive,n54edd8a8b9525d96
n54edd8a8b9525d96--staccato--1,,staccato,derive,n54edd8a8b9525d96
nf94a3b8166ac8f77--tie--1,,tie,derive,nf94a3b8166ac8f77
nf94a3b8166ac8f77--tie--2,,tie,derive,nf94a3b8166ac8f77
nf94a3b8166ac8f77--tied--stop--1,n3275--tied--stop--1,tied,stamp,nf94a3b8166ac8f77
nf94a3b8166ac8f77--tied--start--2,n3275--tied--start--2,tied,stamp,nf94a3b8166ac8f77
na7313225b9318ee1--staccatissimo--1,,staccatissimo,derive,na7313225b9318ee1
na7313225b9318ee1--staccato--1,,staccato,derive,na7313225b9318ee1
n0b9de6f3ef3f1235--staccatissimo--1,,staccatissimo,derive,n0b9de6f3ef3f1235
n0b9de6f3ef3f1235--staccato--1,,staccato,derive,n0b9de6f3ef3f1235
n34249c6896bb6a69--staccatissimo--1,,staccatissimo,derive,n34249c6896bb6a69
n34249c6896bb6a69--staccato--1,,staccato,derive,n34249c6896bb6a69
n092b31b75648e6cd--staccatissimo--1,,staccatissimo,derive,n092b31b75648e6cd
n092b31b75648e6cd--staccato--1,,staccato,derive,n092b31b75648e6cd
n82864282664c201c--tie--1,,tie,derive,n82864282664c201c
n82864282664c201c--tie--2,,tie,derive,n82864282664c201c
n82864282664c201c--tied--stop--1,n3288--tied--stop--1,tied,stamp,n82864282664c201c
n82864282664c201c--tied--start--2,n3288--tied--start--2,tied,stamp,n82864282664c201c
ed8f1a34b24a7b983,md-1-286-1-1,dynamics,md,1
na04016523b394b92--staccatissimo--1,,staccatissimo,derive,na04016523b394b92
na04016523b394b92--staccato--1,,staccato,derive,na04016523b394b92
n49ce3fb64b9dd1ce--staccatissimo--1,,staccatissimo,derive,n49ce3fb64b9dd1ce
n49ce3fb64b9dd1ce--staccato--1,,staccato,derive,n49ce3fb64b9dd1ce
n88b989ea2e86ffbe--staccatissimo--1,,staccatissimo,derive,n88b989ea2e86ffbe
n88b989ea2e86ffbe--staccato--1,,staccato,derive,n88b989ea2e86ffbe
ncc4f88d5d0787979--staccatissimo--1,,staccatissimo,derive,ncc4f88d5d0787979
ncc4f88d5d0787979--staccato--1,,staccato,derive,ncc4f88d5d0787979
n22f347cc0d060069--tie--1,,tie,derive,n22f347cc0d060069
n22f347cc0d060069--tied--stop--1,n3301--tied--stop--1,tied,stamp,n22f347cc0d060069
nd73f5e5ac8c631b5--slur--start--1,n3305--slur--start--1,slur,stamp,nd73f5e5ac8c631b5
nb24216982e71fccb--slur--start--1,n3307--slur--start--1,slur,stamp,nb24216982e71fccb
eb0996dc8b4cde12d,md-1-288-1-1,dynamics,md,1
ncb808ae6f9643f4b--tie--1,,tie,derive,ncb808ae6f9643f4b
ncb808ae6f9643f4b--tied--start--1,n3314--tied--start--1,tied,stamp,ncb808ae6f9643f4b
ne3301ab559d5d702--tie--1,,tie,derive,ne3301ab559d5d702
ne3301ab559d5d702--tied--stop--1,n3319--tied--stop--1,tied,stamp,ne3301ab559d5d702
n44e0b51c75465cb5--slur--stop--1,n3326--slur--stop--1,slur,stamp,n44e0b51c75465cb5
n9f2d913e9ef398e6--slur--start--1,n3328--slur--start--1,slur,stamp,n9f2d913e9ef398e6
n6d80f967776ac5c5--slur--stop--1,n3329--slur--stop--1,slur,stamp,n6d80f967776ac5c5
nac08c79b3a295507--slur--start--1,n3331--slur--start--1,slur,stamp,nac08c79b3a295507
n802a7161d9a6f746--tie--1,,tie,derive,n802a7161d9a6f746
n802a7161d9a6f746--tied--start--1,n3337--tied--start--1,tied,stamp,n802a7161d9a6f746
n9a1a1b6b1c3c405f--tie--1,,tie,derive,n9a1a1b6b1c3c405f
n9a1a1b6b1c3c405f--tied--stop--1,n3343--tied--stop--1,tied,stamp,n9a1a1b6b1c3c405f
ndc770beb0e5ed248--slur--stop--1,n3373--slur--stop--1,slur,stamp,ndc770beb0e5ed248
n2c359cdd621ed7ce--slur--stop--1,n3377--slur--stop--1,slur,stamp,n2c359cdd621ed7ce
n5f8c8d8664d17212--slur--start--1,n3383--slur--start--1,slur,stamp,n5f8c8d8664d17212
n98c3bf050c501097--tie--1,,tie,derive,n98c3bf050c501097
n98c3bf050c501097--tied--start--1,n3384--tied--start--1,tied,stamp,n98c3bf050c501097
e658f57d73bcc8e07,md-1-300-1-1,dynamics,md,1
ebc518eb2e2b43b00,md-1-300-2-1,dynamics,md,2
e625a65c114540eb9,md-1-300-2-2,dynamics,md,2
ncdfd853e22464e4a--tie--1,,tie,derive,ncdfd853e22464e4a
ncdfd853e22464e4a--tied--start--1,n3387--tied--start--1,tied,stamp,ncdfd853e22464e4a
ncdfd853e22464e4a--slur--start--1,n3387--slur--start--1,slur,stamp,ncdfd853e22464e4a
na9c482c06c539baf--slur--stop--1,n3391--slur--stop--1,slur,stamp,na9c482c06c539baf
nba090ddb482a2875--tie--1,,tie,derive,nba090ddb482a2875
nba090ddb482a2875--tied--stop--1,n3392--tied--stop--1,tied,stamp,nba090ddb482a2875
e41cbb31cf7c9b505,md-1-301-1-1,dynamics,md,1
n51a532273822656f--tie--1,,tie,derive,n51a532273822656f
n51a532273822656f--tied--stop--1,n3393--tied--stop--1,tied,stamp,n51a532273822656f
n2cc47509267da8f1--slur--stop--1,n3397--slur--stop--1,slur,stamp,n2cc47509267da8f1
ne3e340e989012003--slur--start--1,n3400--slur--start--1,slur,stamp,ne3e340e989012003
n1e0ae46dcc377259--tie--1,,tie,derive,n1e0ae46dcc377259
n1e0ae46dcc377259--tied--start--1,n3401--tied--start--1,tied,stamp,n1e0ae46dcc377259
na0287d27c40444f9--slur--start--1,n3404--slur--start--1,slur,stamp,na0287d27c40444f9
n7854f54219c0b80e--slur--stop--1,n3408--slur--stop--1,slur,stamp,n7854f54219c0b80e
n9b7393ec6316e31c--tie--1,,tie,derive,n9b7393ec6316e31c
n9b7393ec6316e31c--tied--stop--1,n3409--tied--stop--1,tied,stamp,n9b7393ec6316e31c
n3e62aaa6940e7de5--slur--stop--1,n3414--slur--stop--1,slur,stamp,n3e62aaa6940e7de5
ne02178e631e73368--slur--start--1,n3417--slur--start--1,slur,stamp,ne02178e631e73368
ndac6a53f4cb667e6--tie--1,,tie,derive,ndac6a53f4cb667e6
ndac6a53f4cb667e6--tied--start--1,n3418--tied--start--1,tied,stamp,ndac6a53f4cb667e6
na3f48b44e168311f--tie--1,,tie,derive,na3f48b44e168311f
na3f48b44e168311f--tied--start--1,n3421--tied--start--1,tied,stamp,na3f48b44e168311f
na3f48b44e168311f--slur--start--1,n3421--slur--start--1,slur,stamp,na3f48b44e168311f
n74670c567efe3fb8--slur--stop--1,n3425--slur--stop--1,slur,stamp,n74670c567efe3fb8
n8bcb587e007072df--tie--1,,tie,derive,n8bcb587e007072df
n8bcb587e007072df--tied--stop--1,n3426--tied--stop--1,tied,stamp,n8bcb587e007072df
ndef3597da5e07ab7--tie--1,,tie,derive,ndef3597da5e07ab7
ndef3597da5e07ab7--tied--stop--1,n3427--tied--stop--1,tied,stamp,ndef3597da5e07ab7
nb0ba3f9af770a4a7--slur--stop--1,n3431--slur--stop--1,slur,stamp,nb0ba3f9af770a4a7
n6fefb3b55d1751d0--slur--start--1,n3434--slur--start--1,slur,stamp,n6fefb3b55d1751d0
nf0ed616f92571d0e--tie--1,,tie,derive,nf0ed616f92571d0e
nf0ed616f92571d0e--tied--start--1,n3435--tied--start--1,tied,stamp,nf0ed616f92571d0e
n33c68b0a20ebb476--slur--start--1,n3438--slur--start--1,slur,stamp,n33c68b0a20ebb476
n5288c498c136114a--slur--stop--1,n3441--slur--stop--1,slur,stamp,n5288c498c136114a
nb4aec15c953a0744--tie--1,,tie,derive,nb4aec15c953a0744
nb4aec15c953a0744--tied--stop--1,n3442--tied--stop--1,tied,stamp,nb4aec15c953a0744
n6d8dde83dcb69daf--slur--stop--1,n3445--slur--stop--1,slur,stamp,n6d8dde83dcb69daf
n95fb9b4aab08f9e5--slur--start--1,n3449--slur--start--1,slur,stamp,n95fb9b4aab08f9e5
n9c6565241d85ddec--slur--start--1,n3452--slur--start--1,slur,stamp,n9c6565241d85ddec
n646ea29a0a3a3225--slur--stop--1,n3455--slur--stop--1,slur,stamp,n646ea29a0a3a3225
n27417bb15aaf0788--slur--stop--1,n3459--slur--stop--1,slur,stamp,n27417bb15aaf0788
n38e6bb6aff739fdd--slur--start--1,n3463--slur--start--1,slur,stamp,n38e6bb6aff739fdd
n2b7e4c2e3e3c30ab--slur--start--1,n3466--slur--start--1,slur,stamp,n2b7e4c2e3e3c30ab
n984deac01d216c15--slur--stop--1,n3469--slur--stop--1,slur,stamp,n984deac01d216c15
e3647da5c5fd73a8b,md-1-311-1-1,dynamics,md,1
n77cb419279f718ff--slur--stop--1,n3473--slur--stop--1,slur,stamp,n77cb419279f718ff
nc9841d00afaf6874--slur--start--1,n3477--slur--start--1,slur,stamp,nc9841d00afaf6874
nf694f70e0fc60a88--slur--start--1,n3480--slur--start--1,slur,stamp,nf694f70e0fc60a88
n12596e9bce46358e--slur--stop--1,n3483--slur--stop--1,slur,stamp,n12596e9bce46358e
n7d13261ad5a0d385--slur--stop--1,n3487--slur--stop--1,slur,stamp,n7d13261ad5a0d385
n9574b1d73a5167fe--slur--start--1,n3491--slur--start--1,slur,stamp,n9574b1d73a5167fe
nf97fd2fcecbec133--slur--start--1,n3494--slur--start--1,slur,stamp,nf97fd2fcecbec133
na373373b08172854--slur--stop--1,n3497--slur--stop--1,slur,stamp,na373373b08172854
n7acf93ef6c2d490e--slur--stop--1,n3501--slur--stop--1,slur,stamp,n7acf93ef6c2d490e
n70b3cf165fa95500--slur--start--1,n3505--slur--start--1,slur,stamp,n70b3cf165fa95500
n8d0d11df648a08a8--slur--start--1,n3508--slur--start--1,slur,stamp,n8d0d11df648a08a8
n4727839d693c9868--slur--stop--1,n3511--slur--stop--1,slur,stamp,n4727839d693c9868
n5178c792f2c5fa5d--slur--stop--1,n3515--slur--stop--1,slur,stamp,n5178c792f2c5fa5d
na3dd7260fc74cf1d--slur--start--1,n3517--slur--start--1,slur,stamp,na3dd7260fc74cf1d
n77da4085d33645c3--tie--1,,tie,derive,n77da4085d33645c3
n77da4085d33645c3--tied--start--1,n3518--tied--start--1,tied,stamp,n77da4085d33645c3
eacc8d659e8c88c8b,md-1-318-2-1,dynamics,md,2
n2d5782e8b7837fd9--tie--1,,tie,derive,n2d5782e8b7837fd9
n2d5782e8b7837fd9--tied--start--1,n3519--tied--start--1,tied,stamp,n2d5782e8b7837fd9
nc7048180b862c388--tie--1,,tie,derive,nc7048180b862c388
nc7048180b862c388--tied--start--1,n3520--tied--start--1,tied,stamp,nc7048180b862c388
na590643bba178ed3--tie--1,,tie,derive,na590643bba178ed3
na590643bba178ed3--tied--start--1,n3524--tied--start--1,tied,stamp,na590643bba178ed3
na590643bba178ed3--slur--stop--1,n3524--slur--stop--1,slur,stamp,na590643bba178ed3
n8baa86c27c020e5c--tie--1,,tie,derive,n8baa86c27c020e5c
n8baa86c27c020e5c--tie--2,,tie,derive,n8baa86c27c020e5c
n8baa86c27c020e5c--tied--stop--1,n3525--tied--stop--1,tied,stamp,n8baa86c27c020e5c
n8baa86c27c020e5c--tied--start--2,n3525--tied--start--2,tied,stamp,n8baa86c27c020e5c
e8107579761216f3c,md-1-319-1-1,dynamics,md,1
n08b15d07c9f72dbb--tie--1,,tie,derive,n08b15d07c9f72dbb
n08b15d07c9f72dbb--tied--stop--1,n3526--tied--stop--1,tied,stamp,n08b15d07c9f72dbb
ne5bdc2a2a6731ae0--tie--1,,tie,derive,ne5bdc2a2a6731ae0
ne5bdc2a2a6731ae0--tied--stop--1,n3527--tied--stop--1,tied,stamp,ne5bdc2a2a6731ae0
n235b1ee57c2c344d--tie--1,,tie,derive,n235b1ee57c2c344d
n235b1ee57c2c344d--tied--stop--1,n3531--tied--stop--1,tied,stamp,n235b1ee57c2c344d
n235b1ee57c2c344d--slur--start--1,n3531--slur--start--1,slur,stamp,n235b1ee57c2c344d
n8a61bab2ae8a3e5f--slur--stop--1,n3533--slur--stop--1,slur,stamp,n8a61bab2ae8a3e5f
nf15b28d22be5db39--slur--start--1,n3534--slur--start--1,slur,stamp,nf15b28d22be5db39
n7aad6391e03799f9--tie--1,,tie,derive,n7aad6391e03799f9
n7aad6391e03799f9--tied--stop--1,n3535--tied--stop--1,tied,stamp,n7aad6391e03799f9
nd5e28ad8238a81a0--tie--1,,tie,derive,nd5e28ad8238a81a0
nd5e28ad8238a81a0--tied--start--1,n3536--tied--start--1,tied,stamp,nd5e28ad8238a81a0
e2d52050c08efc699,md-1-320-2-1,dynamics,md,2
nb22360ac2ac67d19--tie--1,,tie,derive,nb22360ac2ac67d19
nb22360ac2ac67d19--tied--start--1,n3537--tied--start--1,tied,stamp,nb22360ac2ac67d19
nb18c1c3b6977acd8--tie--1,,tie,derive,nb18c1c3b6977acd8
nb18c1c3b6977acd8--tied--start--1,n3538--tied--start--1,tied,stamp,nb18c1c3b6977acd8
n0e33f8a6f24ba285--tie--1,,tie,derive,n0e33f8a6f24ba285
n0e33f8a6f24ba285--tied--start--1,n3542--tied--start--1,tied,stamp,n0e33f8a6f24ba285
n0e33f8a6f24ba285--slur--stop--1,n3542--slur--stop--1,slur,stamp,n0e33f8a6f24ba285
n02ef1b0fe5b531a6--tie--1,,tie,derive,n02ef1b0fe5b531a6
n02ef1b0fe5b531a6--tie--2,,tie,derive,n02ef1b0fe5b531a6
n02ef1b0fe5b531a6--tied--stop--1,n3543--tied--stop--1,tied,stamp,n02ef1b0fe5b531a6
n02ef1b0fe5b531a6--tied--start--2,n3543--tied--start--2,tied,stamp,n02ef1b0fe5b531a6
ef1880d9579a6bc7b,md-1-321-1-1,dynamics,md,1
nede3991a76a56a3f--tie--1,,tie,derive,nede3991a76a56a3f
nede3991a76a56a3f--tied--stop--1,n3544--tied--stop--1,tied,stamp,nede3991a76a56a3f
n0de9872e2e4aa860--tie--1,,tie,derive,n0de9872e2e4aa860
n0de9872e2e4aa860--tied--start--1,n3545--tied--start--1,tied,stamp,n0de9872e2e4aa860
nee2c62ecd863e3f7--tie--1,,tie,derive,nee2c62ecd863e3f7
nee2c62ecd863e3f7--tied--stop--1,n3546--tied--stop--1,tied,stamp,nee2c62ecd863e3f7
n3155cc007cc875b7--tie--1,,tie,derive,n3155cc007cc875b7
n3155cc007cc875b7--tied--start--1,n3547--tied--start--1,tied,stamp,n3155cc007cc875b7
n7fdd903a1b218939--tie--1,,tie,derive,n7fdd903a1b218939
n7fdd903a1b218939--tied--stop--1,n3552--tied--stop--1,tied,stamp,n7fdd903a1b218939
n7fdd903a1b218939--slur--start--1,n3552--slur--start--1,slur,stamp,n7fdd903a1b218939
n107d3ce34e4a592a--slur--stop--1,n3554--slur--stop--1,slur,stamp,n107d3ce34e4a592a
n2b22dc8f94360ae0--tie--1,,tie,derive,n2b22dc8f94360ae0
n2b22dc8f94360ae0--tied--stop--1,n3556--tied--stop--1,tied,stamp,n2b22dc8f94360ae0
n74e88ec98adc4d47--tie--1,,tie,derive,n74e88ec98adc4d47
n74e88ec98adc4d47--tied--start--1,n3557--tied--start--1,tied,stamp,n74e88ec98adc4d47
ebe01ea52b526cc19,md-1-322-1-1,dynamics,md,1
e8bb47dd63bf4403f,md-1-322-2-1,dynamics,md,2
n0a440218e13f51ae--tie--1,,tie,derive,n0a440218e13f51ae
n0a440218e13f51ae--tied--stop--1,n3558--tied--stop--1,tied,stamp,n0a440218e13f51ae
nd612fc1fda9eed98--tie--1,,tie,derive,nd612fc1fda9eed98
nd612fc1fda9eed98--tied--start--1,n3559--tied--start--1,tied,stamp,nd612fc1fda9eed98
n6499a8dbcbe3ad8e--tie--1,,tie,derive,n6499a8dbcbe3ad8e
n6499a8dbcbe3ad8e--tied--stop--1,n3560--tied--stop--1,tied,stamp,n6499a8dbcbe3ad8e
nd0125ffd2cdb6c9f--tie--1,,tie,derive,nd0125ffd2cdb6c9f
nd0125ffd2cdb6c9f--tied--start--1,n3561--tied--start--1,tied,stamp,nd0125ffd2cdb6c9f
needcab74f31fb8d2--slur--start--1,n3566--slur--start--1,slur,stamp,needcab74f31fb8d2
n69ed74556d19d613--slur--stop--1,n3568--slur--stop--1,slur,stamp,n69ed74556d19d613
n037803ddce4328bb--tie--1,,tie,derive,n037803ddce4328bb
n037803ddce4328bb--tied--stop--1,n3570--tied--stop--1,tied,stamp,n037803ddce4328bb
na68aa8e5a30a1022--tie--1,,tie,derive,na68aa8e5a30a1022
na68aa8e5a30a1022--tied--start--1,n3571--tied--start--1,tied,stamp,na68aa8e5a30a1022
e97cf17d876f83ef4,md-1-323-1-1,dynamics,md,1
ea785c9b3942811e4,md-1-323-2-1,dynamics,md,2
n74d5fc3b2f390791--tie--1,,tie,derive,n74d5fc3b2f390791
n74d5fc3b2f390791--tied--stop--1,n3572--tied--stop--1,tied,stamp,n74d5fc3b2f390791
ncfe63ff851565af7--tie--1,,tie,derive,ncfe63ff851565af7
ncfe63ff851565af7--tied--start--1,n3573--tied--start--1,tied,stamp,ncfe63ff851565af7
n555527f1a0fca319--tie--1,,tie,derive,n555527f1a0fca319
n555527f1a0fca319--tied--stop--1,n3574--tied--stop--1,tied,stamp,n555527f1a0fca319
n07d3155b9451342b--tie--1,,tie,derive,n07d3155b9451342b
n07d3155b9451342b--tied--start--1,n3575--tied--start--1,tied,stamp,n07d3155b9451342b
ncb51da0ec708530d--slur--start--1,n3580--slur--start--1,slur,stamp,ncb51da0ec708530d
n5d63794e5c318f77--slur--stop--1,n3582--slur--stop--1,slur,stamp,n5d63794e5c318f77
n15268ffb7041abc7--tie--1,,tie,derive,n15268ffb7041abc7
n15268ffb7041abc7--tied--stop--1,n3584--tied--stop--1,tied,stamp,n15268ffb7041abc7
naafaa288a8621b76--tie--1,,tie,derive,naafaa288a8621b76
naafaa288a8621b76--tied--start--1,n3585--tied--start--1,tied,stamp,naafaa288a8621b76
e8c754aa71af26b78,md-1-324-1-1,dynamics,md,1
e95c7fa7683a2f625,md-1-324-2-1,dynamics,md,2
n4dc417859a432204--tie--1,,tie,derive,n4dc417859a432204
n4dc417859a432204--tied--stop--1,n3586--tied--stop--1,tied,stamp,n4dc417859a432204
nfbe8d62922ade238--tie--1,,tie,derive,nfbe8d62922ade238
nfbe8d62922ade238--tied--start--1,n3587--tied--start--1,tied,stamp,nfbe8d62922ade238
ndad20276b2086458--tie--1,,tie,derive,ndad20276b2086458
ndad20276b2086458--tied--stop--1,n3588--tied--stop--1,tied,stamp,ndad20276b2086458
nea95f2f73f860add--tie--1,,tie,derive,nea95f2f73f860add
nea95f2f73f860add--tied--start--1,n3589--tied--start--1,tied,stamp,nea95f2f73f860add
n4e93eacba3423e14--slur--start--1,n3596--slur--start--1,slur,stamp,n4e93eacba3423e14
nb09f7c0d9fa76b7a--tie--1,,tie,derive,nb09f7c0d9fa76b7a
nb09f7c0d9fa76b7a--tied--stop--1,n3597--tied--stop--1,tied,stamp,nb09f7c0d9fa76b7a
e54225a60549eb5f8,md-1-325-1-1,dynamics,md,1
e48cdee8024c1d4fa,md-1-325-2-1,dynamics,md,2
nba9f01a2553e3e66--tie--1,,tie,derive,nba9f01a2553e3e66
nba9f01a2553e3e66--tied--stop--1,n3598--tied--stop--1,tied,stamp,nba9f01a2553e3e66
n2bacbe6041be6eae--tie--1,,tie,derive,n2bacbe6041be6eae
n2bacbe6041be6eae--tied--start--1,n3599--tied--start--1,tied,stamp,n2bacbe6041be6eae
nc424cf255ffa98ac--tie--1,,tie,derive,nc424cf255ffa98ac
nc424cf255ffa98ac--tied--stop--1,n3603--tied--stop--1,tied,stamp,nc424cf255ffa98ac
naa5ad19ea26fb32b--tie--1,,tie,derive,naa5ad19ea26fb32b
naa5ad19ea26fb32b--tied--start--1,n3604--tied--start--1,tied,stamp,naa5ad19ea26fb32b
n97d33a3325e34c97--slur--stop--1,n3607--slur--stop--1,slur,stamp,n97d33a3325e34c97
n9df7e88f2900f04b--slur--start--1,n3608--slur--start--1,slur,stamp,n9df7e88f2900f04b
e4e3da0427e8759fa,md-1-326-1-1,dynamics,md,1
ea4a45c454040a26d,md-1-326-2-1,dynamics,md,2
nf9dd4f8606c36333--tie--1,,tie,derive,nf9dd4f8606c36333
nf9dd4f8606c36333--tied--stop--1,n3609--tied--stop--1,tied,stamp,nf9dd4f8606c36333
nb79158bd117112cb--tie--1,,tie,derive,nb79158bd117112cb
nb79158bd117112cb--tied--start--1,n3610--tied--start--1,tied,stamp,nb79158bd117112cb
n2090c73d1489442e--tie--1,,tie,derive,n2090c73d1489442e
n2090c73d1489442e--tied--stop--1,n3614--tied--stop--1,tied,stamp,n2090c73d1489442e
n51f7c4e11f3f307e--tie--1,,tie,derive,n51f7c4e11f3f307e
n51f7c4e11f3f307e--tied--start--1,n3615--tied--start--1,tied,stamp,n51f7c4e11f3f307e
n4d41f89d7e88605f--slur--stop--1,n3618--slur--stop--1,slur,stamp,n4d41f89d7e88605f
n8b63c9c547165b55--tie--1,,tie,derive,n8b63c9c547165b55
n8b63c9c547165b55--tied--start--1,n3619--tied--start--1,tied,stamp,n8b63c9c547165b55
e63fa6984d2a01d63,md-1-327-1-1,dynamics,md,1
ec535c86fb11b366c,md-1-327-2-1,dynamics,md,2
n72dc6dddd2208052--tie--1,,tie,derive,n72dc6dddd2208052
n72dc6dddd2208052--tied--stop--1,n3620--tied--stop--1,tied,stamp,n72dc6dddd2208052
n173414a9d856af67--tie--1,,tie,derive,n173414a9d856af67
n173414a9d856af67--tied--stop--1,n3622--tied--stop--1,tied,stamp,n173414a9d856af67
n3294e135f8c898db--tie--1,,tie,derive,n3294e135f8c898db
n3294e135f8c898db--tied--stop--1,n3627--tied--stop--1,tied,stamp,n3294e135f8c898db
nf0c28ec7aa4a2e85--slur--start--1,n3628--slur--start--1,slur,stamp,nf0c28ec7aa4a2e85
n5a24932e430d6ed3--slur--stop--1,n3631--slur--stop--1,slur,stamp,n5a24932e430d6ed3
n85f1ef1b4f440a25--slur--start--1,n3635--slur--start--1,slur,stamp,n85f1ef1b4f440a25
e2dab944c18699253,md-1-329-1-1,dynamics,md,1
e87012c0e3cd5f6cf,md-1-329-1-2,dynamics,md,1
n14e51d7539cf72ce--slur--stop--1,n3648--slur--stop--1,slur,stamp,n14e51d7539cf72ce
n5f6661fe129ef008--tie--1,,tie,derive,n5f6661fe129ef008
n5f6661fe129ef008--tied--start--1,n3649--tied--start--1,tied,stamp,n5f6661fe129ef008
n33b8431fc6199c67--slur--start--1,n3651--slur--start--1,slur,stamp,n33b8431fc6199c67
n0e4712c8a6d42fbf--tie--1,,tie,derive,n0e4712c8a6d42fbf
n0e4712c8a6d42fbf--tied--stop--1,n3660--tied--stop--1,tied,stamp,n0e4712c8a6d42fbf
n708eacf7d158bfcb--slur--start--1,n3661--slur--start--1,slur,stamp,n708eacf7d158bfcb
n93bdcf531781555f--slur--stop--1,n3664--slur--stop--1,slur,stamp,n93bdcf531781555f
n85227c99e969f6fe--slur--stop--1,n3676--slur--stop--1,slur,stamp,n85227c99e969f6fe
nfc8b20c0b57e7c3f--tie--1,,tie,derive,nfc8b20c0b57e7c3f
nfc8b20c0b57e7c3f--tied--start--1,n3677--tied--start--1,tied,stamp,nfc8b20c0b57e7c3f
ne02452f2a8786194--slur--start--1,n3679--slur--start--1,slur,stamp,ne02452f2a8786194
n8e6893e0df9e64d8--tie--1,,tie,derive,n8e6893e0df9e64d8
n8e6893e0df9e64d8--tied--stop--1,n3688--tied--stop--1,tied,stamp,n8e6893e0df9e64d8
n41ec3fe87c38d038--slur--start--1,n3689--slur--start--1,slur,stamp,n41ec3fe87c38d038
naaf2e1d40a02bc4a--slur--stop--1,n3692--slur--stop--1,slur,stamp,naaf2e1d40a02bc4a
n558a0cbdf18e8667--slur--stop--1,n3704--slur--stop--1,slur,stamp,n558a0cbdf18e8667
e639b8ddfcfb61899,md-1-335-1-1,dynamics,md,1
e56381d922492e05b,md-1-343-1-1,dynamics,md,1
ed47ba1834e4dbba9,md-1-344-1-1,dynamics,md,1
eb16b2c57b0fabbca,md-1-345-1-1,dynamics,md,1
eb97649f84b64f385,md-1-345-1-2,dynamics,md,1
n5ff334f82cd15170--fermata--upright--1,n3898--fermata--upright--1,fermata,stamp,n5ff334f82cd15170
n32ac76682bb8dfb0--fermata--upright--1,n3900--fermata--upright--1,fermata,stamp,n32ac76682bb8dfb0
