note_id,original_id,part,bar,voice,staff,ordinal
n1,n1,1,1,1,1,1
n2,n2,1,1,1,1,2
n3,n3,1,1,1,1,3
n4,n4,1,1,1,1,4
n5,n5,1,1,1,1,5
n6,n6,1,1,1,1,6
n7,n7,1,1,1,1,7
n8,n8,1,1,2,1,1
n9,n9,1,1,2,1,2
n10,n10,1,1,2,1,3
n11,n11,1,1,2,1,4
n12,n12,1,1,2,1,5
n13,n13,1,1,2,1,6
n14,n14,1,1,5,2,1
n15,n15,1,1,5,2,2
n16,n16,1,1,5,2,3
n17,n17,1,1,5,2,4
n18,n18,1,1,5,2,5
n19,n19,1,1,5,2,6
n20,n20,1,1,5,2,7
n21,n21,1,1,5,2,8
n22,n22,1,1,5,2,9
n23,n23,1,1,5,2,10
n24,n24,1,2,1,1,1
n25,n25,1,2,1,1,2
n26,n26,1,2,1,1,3
n27,n27,1,2,1,1,4
n28,n28,1,2,1,1,5
n29,n29,1,2,1,1,6
n30,n30,1,2,1,1,7
n31,n31,1,2,1,1,8
n32,n32,1,2,1,1,9
n33,n33,1,2,1,1,10
n34,n34,1,2,1,1,11
n35,n35,1,2,2,1,1
n36,n36,1,2,2,1,2
n37,n37,1,2,2,1,3
n38,n38,1,2,2,1,4
n39,n39,1,2,2,1,5
n40,n40,1,2,2,1,6
n41,n41,1,2,2,1,7
n42,n42,1,2,2,1,8
n43,n43,1,2,2,1,9
n44,n44,1,2,2,1,10
n45,n45,1,2,2,1,11
n46,n46,1,2,2,1,12
n47,n47,1,2,5,2,1
n48,n48,1,2,5,2,2
n49,n49,1,2,5,2,3
n50,n50,1,2,5,2,4
n51,n51,1,2,5,2,5
n52,n52,1,2,5,2,6
n53,n53,1,2,5,2,7
n54,n54,1,2,5,2,8
n55,n55,1,2,5,2,9
n56,n56,1,2,5,2,10
n57,n57,1,2,5,2,11
n58,n58,1,2,5,2,12
n59,n59,1,3,1,1,1
n60,n60,1,3,1,1,2
n61,n61,1,3,1,1,3
n62,n62,1,3,1,1,4
n63,n63,1,3,1,1,5
n64,n64,1,3,1,1,6
n65,n65,1,3,1,1,7
n66,n66,1,3,2,1,1
n67,n67,1,3,2,1,2
n68,n68,1,3,2,1,3
n69,n69,1,3,2,1,4
n70,n70,1,3,2,1,5
n71,n71,1,3,2,1,6
n72,n72,1,3,5,2,1
n73,n73,1,3,5,2,2
n74,n74,1,3,5,2,3
n75,n75,1,3,5,2,4
n76,n76,1,3,5,2,5
n77,n77,1,3,5,2,6
n78,n78,1,3,5,2,7
n79,n79,1,4,1,1,1
n80,n80,1,4,5,2,1
n81,n81,1,4,5,2,2
n82,n82,1,4,5,2,3
n83,n83,1,4,5,2,4
n84,n84,1,4,5,2,5
n85,n85,1,4,5,2,6
n86,n86,1,4,5,2,7
n87,n87,1,4,5,2,8
n88,n88,1,4,5,2,9
n89,n89,1,4,5,2,10
n90,n90,1,4,5,2,11
n91,n91,1,4,5,2,12
n92,n92,1,4,5,2,13
n93,n93,1,4,5,2,14
n94,n94,1,5,1,1,1
n95,n95,1,5,5,2,1
n96,n96,1,5,5,2,2
n97,n97,1,5,5,2,3
n98,n98,1,5,5,2,4
n99,n99,1,5,5,2,5
n100,n100,1,5,5,2,6
n101,n101,1,5,5,2,7
n102,n102,1,5,5,2,8
n103,n103,1,5,5,2,9
n104,n104,1,5,5,2,10
n105,n105,1,5,5,2,11
n106,n106,1,5,5,2,12
n107,n107,1,5,5,2,13
n108,n108,1,5,5,2,14
n109,n109,1,6,1,1,1
n110,n110,1,6,1,1,2
n111,n111,1,6,1,1,3
n112,n112,1,6,1,1,4
n113,n113,1,6,1,1,5
n114,n114,1,6,1,1,6
n115,n115,1,6,1,1,7
n116,n116,1,6,1,1,8
n117,n117,1,6,1,1,9
n118,n118,1,6,1,1,10
n119,n119,1,6,1,1,11
n120,n120,1,6,1,1,12
n121,n121,1,6,1,1,13
n122,n122,1,6,1,1,14
n123,n123,1,6,1,1,15
n124,n124,1,6,1,1,16
n125,n125,1,6,1,1,17
n126,n126,1,6,5,2,1
n127,n127,1,6,5,2,2
n128,n128,1,6,5,2,3
n129,n129,1,6,5,2,4
n130,n130,1,6,5,2,5
n131,n131,1,6,5,2,6
n132,n132,1,6,5,2,7
n133,n133,1,6,5,2,8
n134,n134,1,6,5,2,9
n135,n135,1,6,5,2,10
n136,n136,1,6,5,2,11
n137,n137,1,6,5,2,12
n138,n138,1,6,5,2,13
n139,n139,1,6,5,2,14
n140,n140,1,7,1,1,1
n141,n141,1,7,1,1,2
n142,n142,1,7,1,1,3
n143,n143,1,7,1,1,4
n144,n144,1,7,1,1,5
n145,n145,1,7,1,1,6
n146,n146,1,7,1,1,7
n147,n147,1,7,1,1,8
n148,n148,1,7,1,1,9
n149,n149,1,7,1,1,10
n150,n150,1,7,1,1,11
n151,n151,1,7,1,1,12
n152,n152,1,7,1,1,13
n153,n153,1,7,2,1,1
n154,n154,1,7,2,1,2
n155,n155,1,7,5,2,1
n156,n156,1,7,5,2,2
n157,n157,1,7,5,2,3
n158,n158,1,7,5,2,4
n159,n159,1,7,5,2,5
n160,n160,1,7,5,2,6
n161,n161,1,7,5,2,7
n162,n162,1,7,5,2,8
n163,n163,1,7,5,2,9
n164,n164,1,7,5,2,10
n165,n165,1,7,5,2,11
n166,n166,1,7,5,2,12
n167,n167,1,7,5,2,13
n168,n168,1,7,5,2,14
n169,n169,1,8,1,1,1
n170,n170,1,8,1,1,2
n171,n171,1,8,1,1,3
n172,n172,1,8,1,1,4
n173,n173,1,8,1,1,5
n174,n174,1,8,1,1,6
n175,n175,1,8,1,1,7
n176,n176,1,8,1,1,8
n177,n177,1,8,1,1,9
n178,n178,1,8,1,1,10
n179,n179,1,8,1,1,11
n180,n180,1,8,1,1,12
n181,n181,1,8,1,1,13
n182,n182,1,8,1,1,14
n183,n183,1,8,1,1,15
n184,n184,1,8,1,1,16
n185,n185,1,8,1,1,17
n186,n186,1,8,1,1,18
n187,n187,1,8,1,1,19
n188,n188,1,8,1,1,20
n189,n189,1,8,1,1,21
n190,n190,1,8,5,2,1
n191,n191,1,8,5,2,2
n192,n192,1,8,5,2,3
n193,n193,1,8,5,2,4
n194,n194,1,8,5,2,5
n195,n195,1,8,5,2,6
n196,n196,1,8,5,2,7
n197,n197,1,8,5,2,8
n198,n198,1,8,5,2,9
n199,n199,1,8,5,2,10
n200,n200,1,8,5,2,11
n201,n201,1,8,5,2,12
n202,n202,1,8,5,2,13
n203,n203,1,8,5,2,14
n204,n204,1,9,1,1,1
n205,n205,1,9,1,1,2
n206,n206,1,9,1,1,3
n207,n207,1,9,1,1,4
n208,n208,1,9,1,1,5
n209,n209,1,9,1,1,6
n210,n210,1,9,1,1,7
n211,n211,1,9,1,1,8
n212,n212,1,9,1,1,9
n213,n213,1,9,1,1,10
n214,n214,1,9,1,1,11
n215,n215,1,9,1,1,12
n216,n216,1,9,1,1,13
n217,n217,1,9,1,1,14
n218,n218,1,9,1,1,15
n219,n219,1,9,2,1,1
n220,n220,1,9,2,1,2
n221,n221,1,9,2,1,3
n222,n222,1,9,2,1,4
n223,n223,1,9,2,1,5
n224,n224,1,9,2,1,6
n225,n225,1,9,5,2,1
n226,n226,1,9,5,2,2
n227,n227,1,9,5,2,3
n228,n228,1,9,5,2,4
n229,n229,1,9,5,2,5
n230,n230,1,9,5,2,6
n231,n231,1,9,5,2,7
n232,n232,1,9,5,2,8
n233,n233,1,9,5,2,9
n234,n234,1,9,5,2,10
n235,n235,1,9,5,2,11
n236,n236,1,9,5,2,12
n237,n237,1,9,5,2,13
n238,n238,1,9,5,2,14
n239,n239,1,10,1,1,1
n240,n240,1,10,1,1,2
n241,n241,1,10,1,1,3
n242,n242,1,10,1,1,4
n243,n243,1,10,1,1,5
n244,n244,1,10,1,1,6
n245,n245,1,10,1,1,7
n246,n246,1,10,1,1,8
n247,n247,1,10,1,1,9
n248,n248,1,10,1,1,10
n249,n249,1,10,1,1,11
n250,n250,1,10,1,1,12
n251,n251,1,10,1,1,13
n252,n252,1,10,1,1,14
n253,n253,1,10,1,1,15
n254,n254,1,10,1,1,16
n255,n255,1,10,1,1,17
n256,n256,1,10,1,1,18
n257,n257,1,10,1,1,19
n258,n258,1,10,1,1,20
n259,n259,1,10,1,1,21
n260,n260,1,10,1,1,22
n261,n261,1,10,1,1,23
n262,n262,1,10,1,1,24
n263,n263,1,10,5,2,1
n264,n264,1,10,5,2,2
n265,n265,1,10,5,2,3
n266,n266,1,10,5,2,4
n267,n267,1,10,5,2,5
n268,n268,1,10,5,2,6
n269,n269,1,10,5,2,7
n270,n270,1,10,5,2,8
n271,n271,1,10,5,2,9
n272,n272,1,10,5,2,10
n273,n273,1,10,5,2,11
n274,n274,1,10,5,2,12
n275,n275,1,10,5,2,13
n276,n276,1,10,5,2,14
n277,n277,1,11,1,1,1
n278,n278,1,11,1,1,2
n279,n279,1,11,1,1,3
n280,n280,1,11,1,1,4
n281,n281,1,11,1,1,5
n282,n282,1,11,1,1,6
n283,n283,1,11,1,1,7
n284,n284,1,11,2,1,1
n285,n285,1,11,2,1,2
n286,n286,1,11,2,1,3
n287,n287,1,11,2,1,4
n288,n288,1,11,2,1,5
n289,n289,1,11,2,1,6
n290,n290,1,11,2,1,7
n291,n291,1,11,3,1,1
n292,n292,1,11,3,1,2
n293,n293,1,11,3,1,3
n294,n294,1,11,3,1,4
n295,n295,1,11,3,1,5
n296,n296,1,11,5,2,1
n297,n297,1,11,5,2,2
n298,n298,1,11,5,2,3
n299,n299,1,11,5,2,4
n300,n300,1,11,5,2,5
n301,n301,1,11,5,2,6
n302,n302,1,11,5,2,7
n303,n303,1,11,5,2,8
n304,n304,1,11,5,2,9
n305,n305,1,11,5,2,10
n306,n306,1,11,5,2,11
n307,n307,1,11,5,2,12
n308,n308,1,11,5,2,13
n309,n309,1,12,1,1,1
n310,n310,1,12,1,1,2
n311,n311,1,12,1,1,3
n312,n312,1,12,1,1,4
n313,n313,1,12,1,1,5
n314,n314,1,12,1,1,6
n315,n315,1,12,1,1,7
n316,n316,1,12,1,1,8
n317,n317,1,12,1,1,9
n318,n318,1,12,1,1,10
n319,n319,1,12,1,1,11
n320,n320,1,12,2,1,1
n321,n321,1,12,2,1,2
n322,n322,1,12,2,1,3
n323,n323,1,12,2,1,4
n324,n324,1,12,3,1,1
n325,n325,1,12,3,1,2
n326,n326,1,12,3,1,3
n327,n327,1,12,3,1,4
n328,n328,1,12,3,1,5
n329,n329,1,12,5,2,1
n330,n330,1,12,5,2,2
n331,n331,1,12,5,2,3
n332,n332,1,12,5,2,4
n333,n333,1,12,5,2,5
n334,n334,1,12,5,2,6
n335,n335,1,12,5,2,7
n336,n336,1,12,5,2,8
n337,n337,1,12,5,2,9
n338,n338,1,12,5,2,10
n339,n339,1,12,5,2,11
n340,n340,1,12,5,2,12
n341,n341,1,13,1,1,1
n342,n342,1,13,1,1,2
n343,n343,1,13,1,1,3
n344,n344,1,13,1,1,4
n345,n345,1,13,1,1,5
n346,n346,1,13,1,1,6
n347,n347,1,13,1,1,7
n348,n348,1,13,1,1,8
n349,n349,1,13,1,1,9
n350,n350,1,13,1,1,10
n351,n351,1,13,1,1,11
n352,n352,1,13,1,1,12
n353,n353,1,13,1,1,13
n354,n354,1,13,1,1,14
n355,n355,1,13,2,1,1
n356,n356,1,13,2,1,2
n357,n357,1,13,2,1,3
n358,n358,1,13,2,1,4
n359,n359,1,13,3,1,1
n360,n360,1,13,3,1,2
n361,n361,1,13,3,1,3
n362,n362,1,13,5,2,1
n363,n363,1,13,5,2,2
n364,n364,1,13,5,2,3
n365,n365,1,13,5,2,4
n366,n366,1,13,5,2,5
n367,n367,1,13,5,2,6
n368,n368,1,13,5,2,7
n369,n369,1,13,5,2,8
n370,n370,1,13,5,2,9
n371,n371,1,13,5,2,10
n372,n372,1,13,5,2,11
n373,n373,1,13,5,2,12
n374,n374,1,14,1,1,1
n375,n375,1,14,1,1,2
n376,n376,1,14,1,1,3
n377,n377,1,14,1,1,4
n378,n378,1,14,1,1,5
n379,n379,1,14,1,1,6
n380,n380,1,14,1,1,7
n381,n381,1,14,1,1,8
n382,n382,1,14,1,1,9
n383,n383,1,14,1,1,10
n384,n384,1,14,1,1,11
n385,n385,1,14,1,1,12
n386,n386,1,14,1,1,13
n387,n387,1,14,1,1,14
n388,n388,1,14,1,1,15
n389,n389,1,14,1,1,16
n390,n390,1,14,1,1,17
n391,n391,1,14,1,1,18
n392,n392,1,14,1,1,19
n393,n393,1,14,1,1,20
n394,n394,1,14,1,1,21
n395,n395,1,14,1,1,22
n396,n396,1,14,1,1,23
n397,n397,1,14,1,1,24
n398,n398,1,14,1,1,25
n399,n399,1,14,1,1,26
n400,n400,1,14,1,1,27
n401,n401,1,14,1,1,28
n402,n402,1,14,1,1,29
n403,n403,1,14,1,1,30
n404,n404,1,14,1,1,31
n405,n405,1,14,5,2,1
n406,n406,1,14,5,2,2
n407,n407,1,14,5,2,3
n408,n408,1,14,5,2,4
n409,n409,1,14,5,2,5
n410,n410,1,14,5,2,6
n411,n411,1,14,5,2,7
n412,n412,1,14,5,2,8
n413,n413,1,14,5,2,9
n414,n414,1,14,5,2,10
n415,n415,1,14,5,2,11
n416,n416,1,14,5,2,12
n417,n417,1,15,1,1,1
n418,n418,1,15,1,1,2
n419,n419,1,15,1,1,3
n420,n420,1,15,1,1,4
n421,n421,1,15,1,1,5
n422,n422,1,15,1,1,6
n423,n423,1,15,1,1,7
n424,n424,1,15,1,1,8
n425,n425,1,15,1,1,9
n426,n426,1,15,1,1,10
n427,n427,1,15,1,1,11
n428,n428,1,15,1,1,12
n429,n429,1,15,1,1,13
n430,n430,1,15,1,1,14
n431,n431,1,15,1,1,15
n432,n432,1,15,1,1,16
n433,n433,1,15,1,1,17
n434,n434,1,15,1,1,18
n435,n435,1,15,1,1,19
n436,n436,1,15,1,1,20
n437,n437,1,15,1,1,21
n438,n438,1,15,1,1,22
n439,n439,1,15,1,1,23
n440,n440,1,15,1,1,24
n441,n441,1,15,1,1,25
n442,n442,1,15,1,1,26
n443,n443,1,15,1,1,27
n444,n444,1,15,1,1,28
n445,n445,1,15,1,1,29
n446,n446,1,15,1,1,30
n447,n447,1,15,5,2,1
n448,n448,1,15,5,2,2
n449,n449,1,15,5,2,3
n450,n450,1,15,5,2,4
n451,n451,1,15,5,2,5
n452,n452,1,15,5,2,6
n453,n453,1,15,5,2,7
n454,n454,1,15,5,2,8
n455,n455,1,15,5,2,9
n456,n456,1,15,5,2,10
n457,n457,1,16,1,1,1
n458,n458,1,16,1,1,2
n459,n459,1,16,1,1,3
n460,n460,1,16,1,1,4
n461,n461,1,16,1,1,5
n462,n462,1,16,1,1,6
n463,n463,1,16,1,1,7
n464,n464,1,16,1,1,8
n465,n465,1,16,1,1,9
n466,n466,1,16,1,1,10
n467,n467,1,16,1,1,11
n468,n468,1,16,1,1,12
n469,n469,1,16,1,1,13
n470,n470,1,16,1,1,14
n471,n471,1,16,1,1,15
n472,n472,1,16,5,2,1
n473,n473,1,16,5,2,2
n474,n474,1,16,5,2,3
n475,n475,1,16,5,2,4
n476,n476,1,16,5,2,5
n477,n477,1,16,5,2,6
n478,n478,1,16,5,2,7
n479,n479,1,16,5,2,8
n480,n480,1,16,5,2,9
n481,n481,1,16,5,2,10
n482,n482,1,16,5,2,11
n483,n483,1,16,5,2,12
n484,n484,1,17,1,1,1
n485,n485,1,17,1,1,2
n486,n486,1,17,1,1,3
n487,n487,1,17,1,1,4
n488,n488,1,17,1,1,5
n489,n489,1,17,1,1,6
n490,n490,1,17,1,1,7
n491,n491,1,17,1,1,8
n492,n492,1,17,1,1,9
n493,n493,1,17,1,1,10
n494,n494,1,17,1,1,11
n495,n495,1,17,1,1,12
n496,n496,1,17,1,1,13
n497,n497,1,17,1,1,14
n498,n498,1,17,1,1,15
n499,n499,1,17,1,1,16
n500,n500,1,17,1,1,17
n501,n501,1,17,1,1,18
n502,n502,1,17,2,1,1
n503,n503,1,17,2,1,2
n504,n504,1,17,2,1,3
n505,n505,1,17,2,1,4
n506,n506,1,17,2,1,5
n507,n507,1,17,2,1,6
n508,n508,1,17,2,1,7
n509,n509,1,17,2,1,8
n510,n510,1,17,2,1,9
n511,n511,1,17,2,1,10
n512,n512,1,17,2,1,11
n513,n513,1,17,2,1,12
n514,n514,1,17,2,1,13
n515,n515,1,17,5,2,1
n516,n516,1,17,5,2,2
n517,n517,1,17,5,2,3
n518,n518,1,17,5,2,4
n519,n519,1,17,5,2,5
n520,n520,1,17,5,2,6
n521,n521,1,17,5,2,7
n522,n522,1,17,5,2,8
n523,n523,1,17,5,2,9
n524,n524,1,17,5,2,10
n525,n525,1,17,5,2,11
n526,n526,1,17,5,2,12
n527,n527,1,18,1,1,1
n528,n528,1,18,1,1,2
n529,n529,1,18,1,1,3
n530,n530,1,18,1,1,4
n531,n531,1,18,1,1,5
n532,n532,1,18,1,1,6
n533,n533,1,18,1,1,7
n534,n534,1,18,1,1,8
n535,n535,1,18,1,1,9
n536,n536,1,18,1,1,10
n537,n537,1,18,1,1,11
n538,n538,1,18,1,1,12
n539,n539,1,18,1,1,13
n540,n540,1,18,1,1,14
n541,n541,1,18,1,1,15
n542,n542,1,18,1,1,16
n543,n543,1,18,1,1,17
n544,n544,1,18,1,1,18
n545,n545,1,18,1,1,19
n546,n546,1,18,1,1,20
n547,n547,1,18,1,1,21
n548,n548,1,18,1,1,22
n549,n549,1,18,1,1,23
n550,n550,1,18,1,1,24
n551,n551,1,18,1,1,25
n552,n552,1,18,1,1,26
n553,n553,1,18,1,1,27
n554,n554,1,18,1,1,28
n555,n555,1,18,1,1,29
n556,n556,1,18,1,1,30
n557,n557,1,18,5,2,1
n558,n558,1,18,5,2,2
n559,n559,1,18,5,2,3
n560,n560,1,18,5,2,4
n561,n561,1,18,5,2,5
n562,n562,1,18,5,2,6
n563,n563,1,18,5,2,7
n564,n564,1,18,5,2,8
n565,n565,1,18,5,2,9
n566,n566,1,18,5,2,10
n567,n567,1,19,1,1,1
n568,n568,1,19,1,1,2
n569,n569,1,19,1,1,3
n570,n570,1,19,1,1,4
n571,n571,1,19,1,1,5
n572,n572,1,19,1,1,6
n573,n573,1,19,1,1,7
n574,n574,1,19,2,1,1
n575,n575,1,19,2,1,2
n576,n576,1,19,2,1,3
n577,n577,1,19,4,1,1
n578,n578,1,19,4,1,2
n579,n579,1,19,4,1,3
n580,n580,1,19,4,1,4
n581,n581,1,19,4,1,5
n582,n582,1,19,4,1,6
n583,n583,1,19,4,1,7
n584,n584,1,19,4,1,8
n585,n585,1,19,4,1,9
n586,n586,1,19,4,1,10
n587,n587,1,19,4,1,11
n588,n588,1,19,4,1,12
n589,n589,1,19,4,1,13
n590,n590,1,19,4,1,14
n591,n591,1,19,4,1,15
n592,n592,1,19,4,1,16
n593,n593,1,19,4,1,17
n594,n594,1,19,4,1,18
n595,n595,1,19,4,1,19
n596,n596,1,19,4,1,20
n597,n597,1,19,4,1,21
n598,n598,1,19,4,1,22
n599,n599,1,19,4,1,23
n600,n600,1,19,4,1,24
n601,n601,1,19,4,1,25
n602,n602,1,19,5,2,1
n603,n603,1,19,5,2,2
n604,n604,1,19,5,2,3
n605,n605,1,19,5,2,4
n606,n606,1,19,5,2,5
n607,n607,1,19,5,2,6
n608,n608,1,19,5,2,7
n609,n609,1,19,5,2,8
n610,n610,1,19,5,2,9
n611,n611,1,19,5,2,10
n612,n612,1,19,5,2,11
n613,n613,1,19,5,2,12
n614,n614,1,20,1,1,1
n615,n615,1,20,1,1,2
n616,n616,1,20,1,1,3
n617,n617,1,20,1,1,4
n618,n618,1,20,1,1,5
n619,n619,1,20,1,1,6
n620,n620,1,20,1,1,7
n621,n621,1,20,1,1,8
n622,n622,1,20,1,1,9
n623,n623,1,20,1,1,10
n624,n624,1,20,1,1,11
n625,n625,1,20,1,1,12
n626,n626,1,20,1,1,13
n627,n627,1,20,1,1,14
n628,n628,1,20,1,1,15
n629,n629,1,20,1,1,16
n630,n630,1,20,1,1,17
n631,n631,1,20,1,1,18
n632,n632,1,20,1,1,19
n633,n633,1,20,1,1,20
n634,n634,1,20,1,1,21
n635,n635,1,20,1,1,22
n636,n636,1,20,1,1,23
n637,n637,1,20,1,1,24
n638,n638,1,20,1,1,25
n639,n639,1,20,3,1,1
n640,n640,1,20,3,1,2
n641,n641,1,20,3,1,3
n642,n642,1,20,3,1,4
n643,n643,1,20,4,1,1
n644,n644,1,20,4,1,2
n645,n645,1,20,4,1,3
n646,n646,1,20,4,1,4
n647,n647,1,20,4,1,5
n648,n648,1,20,4,1,6
n649,n649,1,20,4,1,7
n650,n650,1,20,4,1,8
n651,n651,1,20,4,1,9
n652,n652,1,20,4,1,10
n653,n653,1,20,5,2,1
n654,n654,1,20,5,2,2
n655,n655,1,20,5,2,3
n656,n656,1,20,5,2,4
n657,n657,1,20,5,2,5
n658,n658,1,20,5,2,6
n659,n659,1,20,5,2,7
n660,n660,1,20,5,2,8
n661,n661,1,20,5,2,9
n662,n662,1,20,5,2,10
n663,n663,1,20,5,2,11
n664,n664,1,20,5,2,12
n665,n665,1,20,5,2,13
n666,n666,1,20,5,2,14
n667,n667,1,20,5,2,15
n668,n668,1,20,5,2,16
n669,n669,1,20,5,2,17
n670,n670,1,20,5,2,18
n671,n671,1,20,5,2,19
n672,n672,1,20,5,2,20
n673,n673,1,20,5,2,21
n674,n674,1,20,5,2,22
n675,n675,1,20,5,2,23
n676,n676,1,20,5,2,24
n677,n677,1,20,5,2,25
n678,n678,1,20,5,2,26
n679,n679,1,20,5,2,27
n680,n680,1,21,1,1,1
n681,n681,1,21,1,1,2
n682,n682,1,21,1,1,3
n683,n683,1,21,1,1,4
n684,n684,1,21,1,1,5
n685,n685,1,21,1,1,6
n686,n686,1,21,1,1,7
n687,n687,1,21,1,1,8
n688,n688,1,21,1,1,9
n689,n689,1,21,1,1,10
n690,n690,1,21,1,1,11
n691,n691,1,21,1,1,12
n692,n692,1,21,1,1,13
n693,n693,1,21,1,1,14
n694,n694,1,21,1,1,15
n695,n695,1,21,1,1,16
n696,n696,1,21,1,1,17
n697,n697,1,21,1,1,18
n698,n698,1,21,1,1,19
n699,n699,1,21,1,1,20
n700,n700,1,21,1,1,21
n701,n701,1,21,1,1,22
n702,n702,1,21,1,1,23
n703,n703,1,21,1,1,24
n704,n704,1,21,1,1,25
n705,n705,1,21,1,1,26
n706,n706,1,21,3,1,1
n707,n707,1,21,3,1,2
n708,n708,1,21,3,1,3
n709,n709,1,21,3,1,4
n710,n710,1,21,4,1,1
n711,n711,1,21,4,1,2
n712,n712,1,21,4,1,3
n713,n713,1,21,4,1,4
n714,n714,1,21,4,1,5
n715,n715,1,21,4,1,6
n716,n716,1,21,4,1,7
n717,n717,1,21,4,1,8
n718,n718,1,21,4,1,9
n719,n719,1,21,4,1,10
n720,n720,1,21,5,2,1
n721,n721,1,21,5,2,2
n722,n722,1,21,5,2,3
n723,n723,1,21,5,2,4
n724,n724,1,21,5,2,5
n725,n725,1,21,5,2,6
n726,n726,1,21,5,2,7
n727,n727,1,21,5,2,8
n728,n728,1,21,5,2,9
n729,n729,1,21,5,2,10
n730,n730,1,21,5,2,11
n731,n731,1,21,5,2,12
n732,n732,1,21,5,2,13
n733,n733,1,21,5,2,14
n734,n734,1,21,5,2,15
n735,n735,1,21,5,2,16
n736,n736,1,21,5,2,17
n737,n737,1,21,6,2,1
n738,n738,1,21,6,2,2
n739,n739,1,21,6,2,3
n740,n740,1,21,6,2,4
n741,n741,1,21,6,2,5
n742,n742,1,21,6,2,6
n743,n743,1,21,6,2,7
n744,n744,1,21,6,2,8
n745,n745,1,22,1,1,1
n746,n746,1,22,1,1,2
n747,n747,1,22,1,1,3
n748,n748,1,22,1,1,4
n749,n749,1,22,1,1,5
n750,n750,1,22,1,1,6
n751,n751,1,22,1,1,7
n752,n752,1,22,1,1,8
n753,n753,1,22,1,1,9
n754,n754,1,22,1,1,10
n755,n755,1,22,1,1,11
n756,n756,1,22,1,1,12
n757,n757,1,22,1,1,13
n758,n758,1,22,1,1,14
n759,n759,1,22,1,1,15
n760,n760,1,22,1,1,16
n761,n761,1,22,1,1,17
n762,n762,1,22,1,1,18
n763,n763,1,22,1,1,19
n764,n764,1,22,1,1,20
n765,n765,1,22,1,1,21
n766,n766,1,22,1,1,22
n767,n767,1,22,1,1,23
n768,n768,1,22,1,1,24
n769,n769,1,22,1,1,25
n770,n770,1,22,1,1,26
n771,n771,1,22,1,1,27
n772,n772,1,22,1,1,28
n773,n773,1,22,1,1,29
n774,n774,1,22,1,1,30
n775,n775,1,22,1,1,31
n776,n776,1,22,1,1,32
n777,n777,1,22,1,1,33
n778,n778,1,22,1,1,34
n779,n779,1,22,1,1,35
n780,n780,1,22,5,2,1
n781,n781,1,22,5,2,2
n782,n782,1,22,5,2,3
n783,n783,1,22,5,2,4
n784,n784,1,22,5,2,5
n785,n785,1,22,5,2,6
n786,n786,1,22,5,2,7
n787,n787,1,22,5,2,8
n788,n788,1,22,5,2,9
n789,n789,1,22,5,2,10
n790,n790,1,22,5,2,11
n791,n791,1,22,5,2,12
n792,n792,1,22,5,2,13
n793,n793,1,22,5,2,14
n794,n794,1,22,5,2,15
n795,n795,1,22,5,2,16
n796,n796,1,22,5,2,17
n797,n797,1,22,5,2,18
n798,n798,1,23,1,1,1
n799,n799,1,23,1,1,2
n800,n800,1,23,1,1,3
n801,n801,1,23,1,1,4
n802,n802,1,23,1,1,5
n803,n803,1,23,1,1,6
n804,n804,1,23,3,1,1
n805,n805,1,23,3,1,2
n806,n806,1,23,3,1,3
n807,n807,1,23,3,1,4
n808,n808,1,23,3,1,5
n809,n809,1,23,3,1,6
n810,n810,1,23,3,1,7
n811,n811,1,23,3,1,8
n812,n812,1,23,3,1,9
n813,n813,1,23,3,1,10
n814,n814,1,23,3,1,11
n815,n815,1,23,3,1,12
n816,n816,1,23,3,1,13
n817,n817,1,23,3,1,14
n818,n818,1,23,3,1,15
n819,n819,1,23,3,1,16
n820,n820,1,23,3,1,17
n821,n821,1,23,3,1,18
n822,n822,1,23,3,1,19
n823,n823,1,23,3,1,20
n824,n824,1,23,3,1,21
n825,n825,1,23,3,1,22
n826,n826,1,23,3,1,23
n827,n827,1,23,3,1,24
n828,n828,1,23,3,1,25
n829,n829,1,23,3,1,26
n830,n830,1,23,3,1,27
n831,n831,1,23,3,1,28
n832,n832,1,23,3,1,29
n833,n833,1,23,3,1,30
n834,n834,1,23,3,1,31
n835,n835,1,23,3,1,32
n836,n836,1,23,3,1,33
n837,n837,1,23,3,1,34
n838,n838,1,23,3,1,35
n839,n839,1,23,3,1,36
n840,n840,1,23,3,1,37
n841,n841,1,23,3,1,38
n842,n842,1,23,3,1,39
n843,n843,1,23,3,1,40
n844,n844,1,23,3,1,41
n845,n845,1,23,3,1,42
n846,n846,1,23,3,1,43
n847,n847,1,23,3,1,44
n848,n848,1,23,3,1,45
n849,n849,1,23,3,1,46
n850,n850,1,23,3,1,47
n851,n851,1,23,3,1,48
n852,n852,1,23,3,1,49
n853,n853,1,23,3,1,50
n854,n854,1,23,3,1,51
n855,n855,1,23,3,1,52
n856,n856,1,23,3,1,53
n857,n857,1,23,3,1,54
n858,n858,1,23,3,1,55
n859,n859,1,23,3,1,56
n860,n860,1,23,3,1,57
n861,n861,1,23,3,1,58
n862,n862,1,23,3,1,59
n863,n863,1,23,3,1,60
n864,n864,1,23,3,1,61
n865,n865,1,23,3,1,62
n866,n866,1,23,3,1,63
n867,n867,1,23,3,1,64
n868,n868,1,23,3,1,65
n869,n869,1,23,3,1,66
n870,n870,1,23,3,1,67
n871,n871,1,23,3,1,68
n872,n872,1,23,3,1,69
n873,n873,1,23,3,1,70
n874,n874,1,23,3,1,71
n875,n875,1,23,3,1,72
n876,n876,1,23,5,2,1
n877,n877,1,23,5,2,2
n878,n878,1,23,5,2,3
n879,n879,1,23,5,2,4
n880,n880,1,23,5,2,5
n881,n881,1,23,5,2,6
n882,n882,1,23,5,2,7
n883,n883,1,23,5,2,8
n884,n884,1,23,5,2,9
n885,n885,1,23,5,2,10
n886,n886,1,23,5,2,11
n887,n887,1,23,5,2,12
n888,n888,1,23,5,2,13
n889,n889,1,23,5,2,14
n890,n890,1,23,5,2,15
n891,n891,1,23,5,2,16
n892,n892,1,23,5,2,17
n893,n893,1,23,5,2,18
n894,n894,1,23,5,2,19
n895,n895,1,23,5,2,20
n896,n896,1,23,5,2,21
n897,n897,1,23,5,2,22
n898,n898,1,23,5,2,23
n899,n899,1,23,5,2,24
n900,n900,1,23,5,2,25
n901,n901,1,23,5,2,26
n902,n902,1,24,1,1,1
n903,n903,1,24,1,1,2
n904,n904,1,24,1,1,3
n905,n905,1,24,1,1,4
n906,n906,1,24,1,1,5
n907,n907,1,24,1,1,6
n908,n908,1,24,1,1,7
n909,n909,1,24,1,1,8
n910,n910,1,24,1,1,9
n911,n911,1,24,1,1,10
n912,n912,1,24,1,1,11
n913,n913,1,24,1,1,12
n914,n914,1,24,1,1,13
n915,n915,1,24,1,1,14
n916,n916,1,24,1,1,15
n917,n917,1,24,1,1,16
n918,n918,1,24,1,1,17
n919,n919,1,24,1,1,18
n920,n920,1,24,1,1,19
n921,n921,1,24,1,1,20
n922,n922,1,24,3,1,1
n923,n923,1,24,3,1,2
n924,n924,1,24,3,1,3
n925,n925,1,24,3,1,4
n926,n926,1,24,3,1,5
n927,n927,1,24,3,1,6
n928,n928,1,24,3,1,7
n929,n929,1,24,3,1,8
n930,n930,1,24,3,1,9
n931,n931,1,24,3,1,10
n932,n932,1,24,3,1,11
n933,n933,1,24,3,1,12
n934,n934,1,24,3,1,13
n935,n935,1,24,3,1,14
n936,n936,1,24,3,1,15
n937,n937,1,24,3,1,16
n938,n938,1,24,3,1,17
n939,n939,1,24,3,1,18
n940,n940,1,24,3,1,19
n941,n941,1,24,3,1,20
n942,n942,1,24,3,1,21
n943,n943,1,24,3,1,22
n944,n944,1,24,3,1,23
n945,n945,1,24,3,1,24
n946,n946,1,24,3,1,25
n947,n947,1,24,3,1,26
n948,n948,1,24,3,1,27
n949,n949,1,24,3,1,28
n950,n950,1,24,3,1,29
n951,n951,1,24,3,1,30
n952,n952,1,24,3,1,31
n953,n953,1,24,3,1,32
n954,n954,1,24,3,1,33
n955,n955,1,24,3,1,34
n956,n956,1,24,3,1,35
n957,n957,1,24,3,1,36
n958,n958,1,24,3,1,37
n959,n959,1,24,3,1,38
n960,n960,1,24,3,1,39
n961,n961,1,24,3,1,40
n962,n962,1,24,3,1,41
n963,n963,1,24,3,1,42
n964,n964,1,24,3,1,43
n965,n965,1,24,3,1,44
n966,n966,1,24,3,1,45
n967,n967,1,24,3,1,46
n968,n968,1,24,3,1,47
n969,n969,1,24,3,1,48
n970,n970,1,24,3,1,49
n971,n971,1,24,3,1,50
n972,n972,1,24,3,1,51
n973,n973,1,24,3,1,52
n974,n974,1,24,5,2,1
n975,n975,1,24,5,2,2
n976,n976,1,24,5,2,3
n977,n977,1,24,5,2,4
n978,n978,1,24,5,2,5
n979,n979,1,24,5,2,6
n980,n980,1,24,5,2,7
n981,n981,1,24,5,2,8
n982,n982,1,24,5,2,9
n983,n983,1,24,5,2,10
n984,n984,1,24,5,2,11
n985,n985,1,24,5,2,12
n986,n986,1,24,5,2,13
n987,n987,1,24,5,2,14
n988,n988,1,24,5,2,15
n989,n989,1,24,5,2,16
n990,n990,1,25,1,1,1
n991,n991,1,25,1,1,2
n992,n992,1,25,1,1,3
n993,n993,1,25,1,1,4
n994,n994,1,25,1,1,5
n995,n995,1,25,1,1,6
n996,n996,1,25,1,1,7
n997,n997,1,25,1,1,8
n998,n998,1,25,1,1,9
n999,n999,1,25,1,1,10
n1000,n1000,1,25,1,1,11
n1001,n1001,1,25,1,1,12
n1002,n1002,1,25,1,1,13
n1003,n1003,1,25,1,1,14
n1004,n1004,1,25,1,1,15
n1005,n1005,1,25,1,1,16
n1006,n1006,1,25,1,1,17
n1007,n1007,1,25,1,1,18
n1008,n1008,1,25,1,1,19
n1009,n1009,1,25,1,1,20
n1010,n1010,1,25,1,1,21
n1011,n1011,1,25,2,1,1
n1012,n1012,1,25,2,1,2
n1013,n1013,1,25,2,1,3
n1014,n1014,1,25,2,1,4
n1015,n1015,1,25,2,1,5
n1016,n1016,1,25,2,1,6
n1017,n1017,1,25,2,1,7
n1018,n1018,1,25,5,2,1
n1019,n1019,1,25,5,2,2
n1020,n1020,1,25,5,2,3
n1021,n1021,1,25,5,2,4
n1022,n1022,1,25,5,2,5
n1023,n1023,1,25,5,2,6
n1024,n1024,1,25,5,2,7
n1025,n1025,1,25,5,2,8
n1026,n1026,1,25,5,2,9
n1027,n1027,1,25,5,2,10
n1028,n1028,1,25,5,2,11
n1029,n1029,1,25,5,2,12
n1030,n1030,1,25,5,2,13
n1031,n1031,1,25,5,2,14
n1032,n1032,1,26,1,1,1
n1033,n1033,1,26,1,1,2
n1034,n1034,1,26,1,1,3
n1035,n1035,1,26,1,1,4
n1036,n1036,1,26,1,1,5
n1037,n1037,1,26,1,1,6
n1038,n1038,1,26,1,1,7
n1039,n1039,1,26,1,1,8
n1040,n1040,1,26,1,1,9
n1041,n1041,1,26,2,1,1
n1042,n1042,1,26,2,1,2
n1043,n1043,1,26,2,1,3
n1044,n1044,1,26,2,1,4
n1045,n1045,1,26,2,1,5
n1046,n1046,1,26,2,1,6
n1047,n1047,1,26,2,1,7
n1048,n1048,1,26,2,1,8
n1049,n1049,1,26,2,1,9
n1050,n1050,1,26,2,1,10
n1051,n1051,1,26,2,1,11
n1052,n1052,1,26,2,1,12
n1053,n1053,1,26,2,1,13
n1054,n1054,1,26,2,1,14
n1055,n1055,1,26,2,1,15
n1056,n1056,1,26,2,1,16
n1057,n1057,1,26,2,1,17
n1058,n1058,1,26,2,1,18
n1059,n1059,1,26,2,1,19
n1060,n1060,1,26,2,1,20
n1061,n1061,1,26,2,1,21
n1062,n1062,1,26,2,1,22
n1063,n1063,1,26,2,1,23
n1064,n1064,1,26,2,1,24
n1065,n1065,1,26,2,1,25
n1066,n1066,1,26,2,1,26
n1067,n1067,1,26,2,1,27
n1068,n1068,1,26,2,1,28
n1069,n1069,1,26,2,1,29
n1070,n1070,1,26,2,1,30
n1071,n1071,1,26,2,1,31
n1072,n1072,1,26,2,1,32
n1073,n1073,1,26,2,1,33
n1074,n1074,1,26,2,1,34
n1075,n1075,1,26,2,1,35
n1076,n1076,1,26,2,1,36
n1077,n1077,1,26,2,1,37
n1078,n1078,1,26,2,1,38
n1079,n1079,1,26,2,1,39
n1080,n1080,1,26,2,1,40
n1081,n1081,1,26,2,1,41
n1082,n1082,1,26,2,1,42
n1083,n1083,1,26,2,1,43
n1084,n1084,1,26,2,1,44
n1085,n1085,1,26,2,1,45
n1086,n1086,1,26,2,1,46
n1087,n1087,1,26,2,1,47
n1088,n1088,1,26,2,1,48
n1089,n1089,1,26,2,1,49
n1090,n1090,1,26,2,1,50
n1091,n1091,1,26,2,1,51
n1092,n1092,1,26,2,1,52
n1093,n1093,1,26,2,1,53
n1094,n1094,1,26,2,1,54
n1095,n1095,1,26,2,1,55
n1096,n1096,1,26,2,1,56
n1097,n1097,1,26,2,1,57
n1098,n1098,1,26,2,1,58
n1099,n1099,1,26,2,1,59
n1100,n1100,1,26,2,1,60
n1101,n1101,1,26,2,1,61
n1102,n1102,1,26,2,1,62
n1103,n1103,1,26,2,1,63
n1104,n1104,1,26,2,1,64
n1105,n1105,1,26,2,1,65
n1106,n1106,1,26,2,1,66
n1107,n1107,1,26,5,2,1
n1108,n1108,1,26,5,2,2
n1109,n1109,1,26,5,2,3
n1110,n1110,1,26,5,2,4
n1111,n1111,1,26,5,2,5
n1112,n1112,1,26,5,2,6
n1113,n1113,1,26,5,2,7
n1114,n1114,1,26,5,2,8
n1115,n1115,1,26,5,2,9
n1116,n1116,1,26,5,2,10
n1117,n1117,1,26,5,2,11
n1118,n1118,1,26,5,2,12
n1119,n1119,1,26,5,2,13
n1120,n1120,1,26,5,2,14
n1121,n1121,1,27,1,1,1
n1122,n1122,1,27,1,1,2
n1123,n1123,1,27,1,1,3
n1124,n1124,1,27,1,1,4
n1125,n1125,1,27,1,1,5
n1126,n1126,1,27,1,1,6
n1127,n1127,1,27,1,1,7
n1128,n1128,1,27,1,1,8
n1129,n1129,1,27,1,1,9
n1130,n1130,1,27,1,1,10
n1131,n1131,1,27,1,1,11
n1132,n1132,1,27,1,1,12
n1133,n1133,1,27,1,1,13
n1134,n1134,1,27,1,1,14
n1135,n1135,1,27,1,1,15
n1136,n1136,1,27,1,1,16
n1137,n1137,1,27,1,1,17
n1138,n1138,1,27,1,1,18
n1139,n1139,1,27,1,1,19
n1140,n1140,1,27,1,1,20
n1141,n1141,1,27,1,1,21
n1142,n1142,1,27,1,1,22
n1143,n1143,1,27,1,1,23
n1144,n1144,1,27,1,1,24
n1145,n1145,1,27,1,1,25
n1146,n1146,1,27,1,1,26
n1147,n1147,1,27,1,1,27
n1148,n1148,1,27,1,1,28
n1149,n1149,1,27,5,2,1
n1150,n1150,1,27,5,2,2
n1151,n1151,1,27,5,2,3
n1152,n1152,1,27,5,2,4
n1153,n1153,1,27,5,2,5
n1154,n1154,1,27,5,2,6
n1155,n1155,1,27,5,2,7
n1156,n1156,1,27,5,2,8
n1157,n1157,1,27,5,2,9
n1158,n1158,1,27,5,2,10
n1159,n1159,1,27,5,2,11
n1160,n1160,1,27,5,2,12
n1161,n1161,1,27,5,2,13
n1162,n1162,1,27,5,2,14
n1163,n1163,1,28,1,1,1
n1164,n1164,1,28,1,1,2
n1165,n1165,1,28,1,1,3
n1166,n1166,1,28,1,1,4
n1167,n1167,1,28,1,1,5
n1168,n1168,1,28,1,1,6
n1169,n1169,1,28,1,1,7
n1170,n1170,1,28,1,1,8
n1171,n1171,1,28,1,1,9
n1172,n1172,1,28,1,1,10
n1173,n1173,1,28,1,1,11
n1174,n1174,1,28,1,1,12
n1175,n1175,1,28,1,1,13
n1176,n1176,1,28,1,1,14
n1177,n1177,1,28,1,1,15
n1178,n1178,1,28,1,1,16
n1179,n1179,1,28,1,1,17
n1180,n1180,1,28,1,1,18
n1181,n1181,1,28,1,1,19
n1182,n1182,1,28,1,1,20
n1183,n1183,1,28,1,1,21
n1184,n1184,1,28,1,1,22
n1185,n1185,1,28,1,1,23
n1186,n1186,1,28,1,1,24
n1187,n1187,1,28,1,1,25
n1188,n1188,1,28,1,1,26
n1189,n1189,1,28,1,1,27
n1190,n1190,1,28,5,2,1
n1191,n1191,1,28,5,2,2
n1192,n1192,1,28,5,2,3
n1193,n1193,1,28,5,2,4
n1194,n1194,1,28,5,2,5
n1195,n1195,1,28,5,2,6
n1196,n1196,1,28,5,2,7
n1197,n1197,1,28,5,2,8
n1198,n1198,1,28,5,2,9
n1199,n1199,1,28,5,2,10
n1200,n1200,1,28,5,2,11
n1201,n1201,1,28,5,2,12
n1202,n1202,1,28,5,2,13
n1203,n1203,1,28,5,2,14
n1204,n1204,1,29,1,1,1
n1205,n1205,1,29,1,1,2
n1206,n1206,1,29,1,1,3
n1207,n1207,1,29,1,1,4
n1208,n1208,1,29,1,1,5
n1209,n1209,1,29,1,1,6
n1210,n1210,1,29,1,1,7
n1211,n1211,1,29,1,1,8
n1212,n1212,1,29,1,1,9
n1213,n1213,1,29,1,1,10
n1214,n1214,1,29,1,1,11
n1215,n1215,1,29,1,1,12
n1216,n1216,1,29,1,1,13
n1217,n1217,1,29,1,1,14
n1218,n1218,1,29,1,1,15
n1219,n1219,1,29,1,1,16
n1220,n1220,1,29,1,1,17
n1221,n1221,1,29,1,1,18
n1222,n1222,1,29,1,1,19
n1223,n1223,1,29,1,1,20
n1224,n1224,1,29,1,1,21
n1225,n1225,1,29,1,1,22
n1226,n1226,1,29,1,1,23
n1227,n1227,1,29,1,1,24
n1228,n1228,1,29,1,1,25
n1229,n1229,1,29,1,1,26
n1230,n1230,1,29,1,1,27
n1231,n1231,1,29,1,1,28
n1232,n1232,1,29,1,1,29
n1233,n1233,1,29,5,2,1
n1234,n1234,1,29,5,2,2
n1235,n1235,1,29,5,2,3
n1236,n1236,1,29,5,2,4
n1237,n1237,1,29,5,2,5
n1238,n1238,1,29,5,2,6
n1239,n1239,1,29,5,2,7
n1240,n1240,1,29,5,2,8
n1241,n1241,1,29,5,2,9
n1242,n1242,1,29,5,2,10
n1243,n1243,1,29,5,2,11
n1244,n1244,1,29,5,2,12
n1245,n1245,1,29,5,2,13
n1246,n1246,1,29,5,2,14
n1247,n1247,1,29,5,2,15
n1248,n1248,1,30,1,1,1
n1249,n1249,1,30,1,1,2
n1250,n1250,1,30,1,1,3
n1251,n1251,1,30,1,1,4
n1252,n1252,1,30,1,1,5
n1253,n1253,1,30,1,1,6
n1254,n1254,1,30,1,1,7
n1255,n1255,1,30,1,1,8
n1256,n1256,1,30,1,1,9
n1257,n1257,1,30,1,1,10
n1258,n1258,1,30,1,1,11
n1259,n1259,1,30,1,1,12
n1260,n1260,1,30,1,1,13
n1261,n1261,1,30,1,1,14
n1262,n1262,1,30,1,1,15
n1263,n1263,1,30,1,1,16
n1264,n1264,1,30,1,1,17
n1265,n1265,1,30,1,1,18
n1266,n1266,1,30,1,1,19
n1267,n1267,1,30,1,1,20
n1268,n1268,1,30,1,1,21
n1269,n1269,1,30,1,1,22
n1270,n1270,1,30,1,1,23
n1271,n1271,1,30,1,1,24
n1272,n1272,1,30,1,1,25
n1273,n1273,1,30,1,1,26
n1274,n1274,1,30,1,1,27
n1275,n1275,1,30,1,1,28
n1276,n1276,1,30,5,2,1
n1277,n1277,1,30,5,2,2
n1278,n1278,1,30,5,2,3
n1279,n1279,1,30,5,2,4
n1280,n1280,1,30,5,2,5
n1281,n1281,1,30,5,2,6
n1282,n1282,1,30,5,2,7
n1283,n1283,1,30,5,2,8
n1284,n1284,1,30,5,2,9
n1285,n1285,1,30,5,2,10
n1286,n1286,1,30,5,2,11
n1287,n1287,1,30,5,2,12
n1288,n1288,1,30,5,2,13
n1289,n1289,1,30,5,2,14
n1290,n1290,1,31,1,1,1
n1291,n1291,1,31,1,1,2
n1292,n1292,1,31,1,1,3
n1293,n1293,1,31,1,1,4
n1294,n1294,1,31,1,1,5
n1295,n1295,1,31,1,1,6
n1296,n1296,1,31,1,1,7
n1297,n1297,1,31,1,1,8
n1298,n1298,1,31,1,1,9
n1299,n1299,1,31,1,1,10
n1300,n1300,1,31,1,1,11
n1301,n1301,1,31,1,1,12
n1302,n1302,1,31,1,1,13
n1303,n1303,1,31,2,1,1
n1304,n1304,1,31,2,1,2
n1305,n1305,1,31,2,1,3
n1306,n1306,1,31,2,1,4
n1307,n1307,1,31,2,1,5
n1308,n1308,1,31,2,1,6
n1309,n1309,1,31,2,1,7
n1310,n1310,1,31,2,1,8
n1311,n1311,1,31,2,1,9
n1312,n1312,1,31,2,1,10
n1313,n1313,1,31,2,1,11
n1314,n1314,1,31,2,1,12
n1315,n1315,1,31,2,1,13
n1316,n1316,1,31,3,1,1
n1317,n1317,1,31,3,1,2
n1318,n1318,1,31,3,1,3
n1319,n1319,1,31,3,1,4
n1320,n1320,1,31,3,1,5
n1321,n1321,1,31,5,2,1
n1322,n1322,1,31,5,2,2
n1323,n1323,1,31,5,2,3
n1324,n1324,1,31,5,2,4
n1325,n1325,1,31,5,2,5
n1326,n1326,1,31,5,2,6
n1327,n1327,1,31,5,2,7
n1328,n1328,1,31,5,2,8
n1329,n1329,1,31,5,2,9
n1330,n1330,1,31,5,2,10
n1331,n1331,1,31,5,2,11
n1332,n1332,1,31,5,2,12
n1333,n1333,1,31,5,2,13
n1334,n1334,1,31,5,2,14
n1335,n1335,1,31,5,2,15
n1336,n1336,1,31,5,2,16
n1337,n1337,1,32,1,1,1
n1338,n1338,1,32,1,1,2
n1339,n1339,1,32,1,1,3
n1340,n1340,1,32,1,1,4
n1341,n1341,1,32,1,1,5
n1342,n1342,1,32,1,1,6
n1343,n1343,1,32,1,1,7
n1344,n1344,1,32,1,1,8
n1345,n1345,1,32,1,1,9
n1346,n1346,1,32,1,1,10
n1347,n1347,1,32,1,1,11
n1348,n1348,1,32,1,1,12
n1349,n1349,1,32,1,1,13
n1350,n1350,1,32,1,1,14
n1351,n1351,1,32,1,1,15
n1352,n1352,1,32,1,1,16
n1353,n1353,1,32,1,1,17
n1354,n1354,1,32,1,1,18
n1355,n1355,1,32,1,1,19
n1356,n1356,1,32,1,1,20
n1357,n1357,1,32,1,1,21
n1358,n1358,1,32,1,1,22
n1359,n1359,1,32,1,1,23
n1360,n1360,1,32,1,1,24
n1361,n1361,1,32,1,1,25
n1362,n1362,1,32,1,1,26
n1363,n1363,1,32,1,1,27
n1364,n1364,1,32,1,1,28
n1365,n1365,1,32,1,1,29
n1366,n1366,1,32,1,1,30
n1367,n1367,1,32,1,1,31
n1368,n1368,1,32,1,1,32
n1369,n1369,1,32,1,1,33
n1370,n1370,1,32,1,1,34
n1371,n1371,1,32,1,1,35
n1372,n1372,1,32,1,1,36
n1373,n1373,1,32,1,1,37
n1374,n1374,1,32,1,1,38
n1375,n1375,1,32,1,1,39
n1376,n1376,1,32,1,1,40
n1377,n1377,1,32,1,1,41
n1378,n1378,1,32,1,1,42
n1379,n1379,1,32,1,1,43
n1380,n1380,1,32,1,1,44
n1381,n1381,1,32,1,1,45
n1382,n1382,1,32,1,1,46
n1383,n1383,1,32,5,2,1
n1384,n1384,1,32,5,2,2
n1385,n1385,1,32,5,2,3
n1386,n1386,1,32,5,2,4
n1387,n1387,1,32,5,2,5
n1388,n1388,1,32,5,2,6
n1389,n1389,1,32,5,2,7
n1390,n1390,1,32,5,2,8
n1391,n1391,1,32,5,2,9
n1392,n1392,1,32,5,2,10
n1393,n1393,1,32,5,2,11
n1394,n1394,1,32,5,2,12
n1395,n1395,1,32,5,2,13
n1396,n1396,1,32,5,2,14
n1397,n1397,1,32,5,2,15
n1398,n1398,1,32,5,2,16
n1399,n1399,1,32,5,2,17
n1400,n1400,1,32,5,2,18
n1401,n1401,1,32,5,2,19
n1402,n1402,1,32,5,2,20
n1403,n1403,1,32,5,2,21
n1404,n1404,1,32,5,2,22
n1405,n1405,1,32,5,2,23
n1406,n1406,1,32,5,2,24
n1407,n1407,1,32,5,2,25
n1408,n1408,1,32,5,2,26
n1409,n1409,1,32,5,2,27
n1410,n1410,1,32,5,2,28
n1411,n1411,1,32,5,2,29
n1412,n1412,1,32,5,2,30
n1413,n1413,1,32,5,2,31
n1414,n1414,1,32,5,2,32
n1415,n1415,1,32,5,2,33
n1416,n1416,1,32,5,2,34
n1417,n1417,1,32,5,2,35
n1418,n1418,1,32,5,2,36
n1419,n1419,1,32,5,2,37
n1420,n1420,1,32,5,2,38
n1421,n1421,1,32,5,2,39
n1422,n1422,1,32,5,2,40
n1423,n1423,1,32,5,2,41
n1424,n1424,1,33,1,1,1
n1425,n1425,1,33,1,1,2
n1426,n1426,1,33,1,1,3
n1427,n1427,1,33,1,1,4
n1428,n1428,1,33,1,1,5
n1429,n1429,1,33,1,1,6
n1430,n1430,1,33,1,1,7
n1431,n1431,1,33,1,1,8
n1432,n1432,1,33,1,1,9
n1433,n1433,1,33,1,1,10
n1434,n1434,1,33,1,1,11
n1435,n1435,1,33,1,1,12
n1436,n1436,1,33,1,1,13
n1437,n1437,1,33,1,1,14
n1438,n1438,1,33,1,1,15
n1439,n1439,1,33,1,1,16
n1440,n1440,1,33,1,1,17
n1441,n1441,1,33,1,1,18
n1442,n1442,1,33,1,1,19
n1443,n1443,1,33,1,1,20
n1444,n1444,1,33,1,1,21
n1445,n1445,1,33,1,1,22
n1446,n1446,1,33,1,1,23
n1447,n1447,1,33,1,1,24
n1448,n1448,1,33,1,1,25
n1449,n1449,1,33,1,1,26
n1450,n1450,1,33,1,1,27
n1451,n1451,1,33,1,1,28
n1452,n1452,1,33,1,1,29
n1453,n1453,1,33,1,1,30
n1454,n1454,1,33,1,1,31
n1455,n1455,1,33,1,1,32
n1456,n1456,1,33,1,1,33
n1457,n1457,1,33,5,2,1
n1458,n1458,1,33,5,2,2
n1459,n1459,1,33,5,2,3
n1460,n1460,1,33,5,2,4
n1461,n1461,1,33,5,2,5
n1462,n1462,1,33,5,2,6
n1463,n1463,1,33,5,2,7
n1464,n1464,1,33,5,2,8
n1465,n1465,1,33,5,2,9
n1466,n1466,1,33,5,2,10
n1467,n1467,1,33,5,2,11
n1468,n1468,1,34,1,1,1
n1469,n1469,1,34,1,1,2
n1470,n1470,1,34,1,1,3
n1471,n1471,1,34,1,1,4
n1472,n1472,1,34,1,1,5
n1473,n1473,1,34,1,1,6
n1474,n1474,1,34,1,1,7
n1475,n1475,1,34,1,1,8
n1476,n1476,1,34,1,1,9
n1477,n1477,1,34,1,1,10
n1478,n1478,1,34,1,1,11
n1479,n1479,1,34,1,1,12
n1480,n1480,1,34,1,1,13
n1481,n1481,1,34,1,1,14
n1482,n1482,1,34,1,1,15
n1483,n1483,1,34,1,1,16
n1484,n1484,1,34,5,2,1
n1485,n1485,1,34,5,2,2
n1486,n1486,1,34,5,2,3
n1487,n1487,1,34,5,2,4
n1488,n1488,1,34,5,2,5
n1489,n1489,1,34,5,2,6
n1490,n1490,1,34,5,2,7
n1491,n1491,1,34,5,2,8
n1492,n1492,1,34,5,2,9
n1493,n1493,1,34,5,2,10
n1494,n1494,1,34,5,2,11
n1495,n1495,1,34,5,2,12
n1496,n1496,1,34,5,2,13
n1497,n1497,1,34,5,2,14
n1498,n1498,1,35,1,1,1
n1499,n1499,1,35,1,1,2
n1500,n1500,1,35,1,1,3
n1501,n1501,1,35,1,1,4
n1502,n1502,1,35,1,1,5
n1503,n1503,1,35,1,1,6
n1504,n1504,1,35,1,1,7
n1505,n1505,1,35,1,1,8
n1506,n1506,1,35,1,1,9
n1507,n1507,1,35,1,1,10
n1508,n1508,1,35,1,1,11
n1509,n1509,1,35,1,1,12
n1510,n1510,1,35,5,2,1
n1511,n1511,1,35,5,2,2
n1512,n1512,1,35,5,2,3
n1513,n1513,1,35,5,2,4
n1514,n1514,1,35,5,2,5
n1515,n1515,1,35,5,2,6
n1516,n1516,1,35,5,2,7
n1517,n1517,1,36,1,1,1
n1518,n1518,1,36,1,1,2
n1519,n1519,1,36,1,1,3
n1520,n1520,1,36,1,1,4
n1521,n1521,1,36,1,1,5
n1522,n1522,1,36,1,1,6
n1523,n1523,1,36,1,1,7
n1524,n1524,1,36,1,1,8
n1525,n1525,1,36,1,1,9
n1526,n1526,1,36,1,1,10
n1527,n1527,1,36,1,1,11
n1528,n1528,1,36,1,1,12
n1529,n1529,1,36,5,2,1
n1530,n1530,1,37,1,1,1
n1531,n1531,1,37,1,1,2
n1532,n1532,1,37,1,1,3
n1533,n1533,1,37,1,1,4
n1534,n1534,1,37,1,1,5
n1535,n1535,1,37,1,1,6
n1536,n1536,1,37,1,1,7
n1537,n1537,1,37,1,1,8
n1538,n1538,1,37,1,1,9
n1539,n1539,1,37,1,1,10
n1540,n1540,1,37,1,1,11
n1541,n1541,1,37,1,1,12
n1542,n1542,1,37,5,2,1
n1543,n1543,1,38,1,1,1
n1544,n1544,1,38,1,1,2
n1545,n1545,1,38,1,1,3
n1546,n1546,1,38,1,1,4
n1547,n1547,1,38,1,1,5
n1548,n1548,1,38,1,1,6
n1549,n1549,1,38,1,1,7
n1550,n1550,1,38,1,1,8
n1551,n1551,1,38,1,1,9
n1552,n1552,1,38,1,1,10
n1553,n1553,1,38,1,1,11
n1554,n1554,1,38,1,1,12
n1555,n1555,1,38,2,1,1
n1556,n1556,1,38,2,1,2
n1557,n1557,1,38,2,1,3
n1558,n1558,1,38,2,1,4
n1559,n1559,1,38,2,1,5
n1560,n1560,1,38,2,1,6
n1561,n1561,1,38,2,1,7
n1562,n1562,1,38,5,2,1
n1563,n1563,1,38,5,2,2
n1564,n1564,1,38,5,2,3
n1565,n1565,1,38,5,2,4
n1566,n1566,1,38,5,2,5
n1567,n1567,1,38,5,2,6
n1568,n1568,1,38,5,2,7
n1569,n1569,1,38,5,2,8
n1570,n1570,1,38,6,2,1
n1571,n1571,1,38,6,2,2
n1572,n1572,1,38,6,2,3
n1573,n1573,1,38,6,2,4
n1574,n1574,1,38,6,2,5
n1575,n1575,1,38,6,2,6
n1576,n1576,1,38,6,2,7
n1577,n1577,1,38,6,2,8
n1578,n1578,1,38,6,2,9
n1579,n1579,1,39,1,1,1
n1580,n1580,1,39,1,1,2
n1581,n1581,1,39,5,2,1
n1582,n1582,1,39,5,2,2
n1583,n1583,1,39,5,2,3
n1584,n1584,1,39,5,2,4
n1585,n1585,1,39,5,2,5
n1586,n1586,1,39,5,2,6
n1587,n1587,1,39,5,2,7
n1588,n1588,1,39,5,2,8
n1589,n1589,1,39,5,2,9
n1590,n1590,1,39,5,2,10
n1591,n1591,1,39,5,2,11
n1592,n1592,1,39,5,2,12
n1593,n1593,1,40,1,1,1
n1594,n1594,1,40,1,1,2
n1595,n1595,1,40,1,1,3
n1596,n1596,1,40,1,1,4
n1597,n1597,1,40,1,1,5
n1598,n1598,1,40,1,1,6
n1599,n1599,1,40,1,1,7
n1600,n1600,1,40,2,1,1
n1601,n1601,1,40,2,1,2
n1602,n1602,1,40,2,1,3
n1603,n1603,1,40,2,1,4
n1604,n1604,1,40,2,1,5
n1605,n1605,1,40,2,1,6
n1606,n1606,1,40,2,1,7
n1607,n1607,1,40,2,1,8
n1608,n1608,1,40,2,1,9
n1609,n1609,1,40,2,1,10
n1610,n1610,1,40,2,1,11
n1611,n1611,1,40,2,1,12
n1612,n1612,1,40,5,2,1
n1613,n1613,1,40,5,2,2
n1614,n1614,1,40,5,2,3
n1615,n1615,1,40,5,2,4
n1616,n1616,1,40,5,2,5
n1617,n1617,1,40,5,2,6
n1618,n1618,1,40,5,2,7
n1619,n1619,1,40,5,2,8
n1620,n1620,1,40,5,2,9
n1621,n1621,1,40,5,2,10
n1622,n1622,1,40,5,2,11
n1623,n1623,1,40,5,2,12
n1624,n1624,1,41,1,1,1
n1625,n1625,1,41,1,1,2
n1626,n1626,1,41,1,1,3
n1627,n1627,1,41,1,1,4
n1628,n1628,1,41,1,1,5
n1629,n1629,1,41,1,1,6
n1630,n1630,1,41,1,1,7
n1631,n1631,1,41,2,1,1
n1632,n1632,1,41,2,1,2
n1633,n1633,1,41,2,1,3
n1634,n1634,1,41,2,1,4
n1635,n1635,1,41,2,1,5
n1636,n1636,1,41,2,1,6
n1637,n1637,1,41,2,1,7
n1638,n1638,1,41,2,1,8
n1639,n1639,1,41,2,1,9
n1640,n1640,1,41,2,1,10
n1641,n1641,1,41,2,1,11
n1642,n1642,1,41,2,1,12
n1643,n1643,1,41,5,2,1
n1644,n1644,1,41,5,2,2
n1645,n1645,1,41,5,2,3
n1646,n1646,1,41,5,2,4
n1647,n1647,1,41,5,2,5
n1648,n1648,1,41,5,2,6
n1649,n1649,1,41,5,2,7
n1650,n1650,1,41,5,2,8
n1651,n1651,1,41,5,2,9
n1652,n1652,1,41,5,2,10
n1653,n1653,1,41,5,2,11
n1654,n1654,1,41,5,2,12
n1655,n1655,1,42,1,1,1
n1656,n1656,1,42,1,1,2
n1657,n1657,1,42,1,1,3
n1658,n1658,1,42,1,1,4
n1659,n1659,1,42,1,1,5
n1660,n1660,1,42,2,1,1
n1661,n1661,1,42,2,1,2
n1662,n1662,1,42,2,1,3
n1663,n1663,1,42,2,1,4
n1664,n1664,1,42,2,1,5
n1665,n1665,1,42,2,1,6
n1666,n1666,1,42,2,1,7
n1667,n1667,1,42,2,1,8
n1668,n1668,1,42,2,1,9
n1669,n1669,1,42,2,1,10
n1670,n1670,1,42,2,1,11
n1671,n1671,1,42,2,1,12
n1672,n1672,1,42,3,1,1
n1673,n1673,1,42,3,1,2
n1674,n1674,1,42,5,2,1
n1675,n1675,1,42,5,2,2
n1676,n1676,1,42,5,2,3
n1677,n1677,1,42,5,2,4
n1678,n1678,1,42,5,2,5
n1679,n1679,1,42,5,2,6
n1680,n1680,1,42,5,2,7
n1681,n1681,1,42,5,2,8
n1682,n1682,1,42,5,2,9
n1683,n1683,1,42,5,2,10
n1684,n1684,1,42,5,2,11
n1685,n1685,1,42,5,2,12
n1686,n1686,1,43,1,1,1
n1687,n1687,1,43,1,1,2
n1688,n1688,1,43,1,1,3
n1689,n1689,1,43,1,1,4
n1690,n1690,1,43,1,1,5
n1691,n1691,1,43,1,1,6
n1692,n1692,1,43,1,1,7
n1693,n1693,1,43,1,1,8
n1694,n1694,1,43,1,1,9
n1695,n1695,1,43,1,1,10
n1696,n1696,1,43,1,1,11
n1697,n1697,1,43,1,1,12
n1698,n1698,1,43,1,1,13
n1699,n1699,1,43,1,1,14
n1700,n1700,1,43,1,1,15
n1701,n1701,1,43,1,1,16
n1702,n1702,1,43,5,2,1
n1703,n1703,1,43,5,2,2
n1704,n1704,1,43,5,2,3
n1705,n1705,1,43,5,2,4
n1706,n1706,1,43,5,2,5
n1707,n1707,1,43,5,2,6
n1708,n1708,1,43,5,2,7
n1709,n1709,1,43,5,2,8
n1710,n1710,1,43,5,2,9
n1711,n1711,1,43,5,2,10
n1712,n1712,1,43,5,2,11
n1713,n1713,1,43,5,2,12
n1714,n1714,1,43,5,2,13
n1715,n1715,1,43,5,2,14
n1716,n1716,1,44,1,1,1
n1717,n1717,1,44,1,1,2
n1718,n1718,1,44,1,1,3
n1719,n1719,1,44,1,1,4
n1720,n1720,1,44,1,1,5
n1721,n1721,1,44,1,1,6
n1722,n1722,1,44,1,1,7
n1723,n1723,1,44,1,1,8
n1724,n1724,1,44,1,1,9
n1725,n1725,1,44,1,1,10
n1726,n1726,1,44,2,1,1
n1727,n1727,1,44,2,1,2
n1728,n1728,1,44,2,1,3
n1729,n1729,1,44,2,1,4
n1730,n1730,1,44,2,1,5
n1731,n1731,1,44,2,1,6
n1732,n1732,1,44,2,1,7
n1733,n1733,1,44,2,1,8
n1734,n1734,1,44,2,1,9
n1735,n1735,1,44,2,1,10
n1736,n1736,1,44,2,1,11
n1737,n1737,1,44,2,1,12
n1738,n1738,1,44,5,2,1
n1739,n1739,1,44,5,2,2
n1740,n1740,1,44,5,2,3
n1741,n1741,1,44,5,2,4
n1742,n1742,1,44,5,2,5
n1743,n1743,1,44,5,2,6
n1744,n1744,1,44,5,2,7
n1745,n1745,1,44,5,2,8
n1746,n1746,1,44,5,2,9
n1747,n1747,1,44,5,2,10
n1748,n1748,1,44,5,2,11
n1749,n1749,1,44,5,2,12
n1750,n1750,1,44,5,2,13
n1751,n1751,1,45,1,1,1
n1752,n1752,1,45,1,1,2
n1753,n1753,1,45,1,1,3
n1754,n1754,1,45,1,1,4
n1755,n1755,1,45,1,1,5
n1756,n1756,1,45,1,1,6
n1757,n1757,1,45,1,1,7
n1758,n1758,1,45,2,1,1
n1759,n1759,1,45,2,1,2
n1760,n1760,1,45,2,1,3
n1761,n1761,1,45,2,1,4
n1762,n1762,1,45,2,1,5
n1763,n1763,1,45,2,1,6
n1764,n1764,1,45,2,1,7
n1765,n1765,1,45,2,1,8
n1766,n1766,1,45,2,1,9
n1767,n1767,1,45,2,1,10
n1768,n1768,1,45,2,1,11
n1769,n1769,1,45,2,1,12
n1770,n1770,1,45,5,2,1
n1771,n1771,1,45,5,2,2
n1772,n1772,1,45,5,2,3
n1773,n1773,1,45,5,2,4
n1774,n1774,1,45,5,2,5
n1775,n1775,1,45,5,2,6
n1776,n1776,1,45,5,2,7
n1777,n1777,1,45,5,2,8
n1778,n1778,1,45,5,2,9
n1779,n1779,1,45,5,2,10
n1780,n1780,1,45,5,2,11
n1781,n1781,1,45,5,2,12
n1782,n1782,1,46,1,1,1
n1783,n1783,1,46,1,1,2
n1784,n1784,1,46,1,1,3
n1785,n1785,1,46,1,1,4
n1786,n1786,1,46,1,1,5
n1787,n1787,1,46,2,1,1
n1788,n1788,1,46,2,1,2
n1789,n1789,1,46,2,1,3
n1790,n1790,1,46,2,1,4
n1791,n1791,1,46,2,1,5
n1792,n1792,1,46,2,1,6
n1793,n1793,1,46,2,1,7
n1794,n1794,1,46,2,1,8
n1795,n1795,1,46,2,1,9
n1796,n1796,1,46,2,1,10
n1797,n1797,1,46,2,1,11
n1798,n1798,1,46,2,1,12
n1799,n1799,1,46,5,2,1
n1800,n1800,1,46,5,2,2
n1801,n1801,1,46,5,2,3
n1802,n1802,1,46,5,2,4
n1803,n1803,1,46,5,2,5
n1804,n1804,1,46,5,2,6
n1805,n1805,1,46,5,2,7
n1806,n1806,1,46,5,2,8
n1807,n1807,1,46,5,2,9
n1808,n1808,1,46,5,2,10
n1809,n1809,1,46,5,2,11
n1810,n1810,1,46,5,2,12
n1811,n1811,1,46,5,2,13
n1812,n1812,1,46,5,2,14
n1813,n1813,1,47,1,1,1
n1814,n1814,1,47,1,1,2
n1815,n1815,1,47,1,1,3
n1816,n1816,1,47,1,1,4
n1817,n1817,1,47,1,1,5
n1818,n1818,1,47,1,1,6
n1819,n1819,1,47,1,1,7
n1820,n1820,1,47,1,1,8
n1821,n1821,1,47,1,1,9
n1822,n1822,1,47,1,1,10
n1823,n1823,1,47,1,1,11
n1824,n1824,1,47,1,1,12
n1825,n1825,1,47,1,1,13
n1826,n1826,1,47,1,1,14
n1827,n1827,1,47,1,1,15
n1828,n1828,1,47,2,1,1
n1829,n1829,1,47,2,1,2
n1830,n1830,1,47,2,1,3
n1831,n1831,1,47,2,1,4
n1832,n1832,1,47,5,2,1
n1833,n1833,1,47,5,2,2
n1834,n1834,1,47,5,2,3
n1835,n1835,1,47,5,2,4
n1836,n1836,1,47,5,2,5
n1837,n1837,1,47,5,2,6
n1838,n1838,1,47,5,2,7
n1839,n1839,1,47,5,2,8
n1840,n1840,1,47,5,2,9
n1841,n1841,1,47,5,2,10
n1842,n1842,1,47,5,2,11
n1843,n1843,1,47,5,2,12
n1844,n1844,1,47,5,2,13
n1845,n1845,1,47,5,2,14
n1846,n1846,1,48,1,1,1
n1847,n1847,1,48,1,1,2
n1848,n1848,1,48,1,1,3
n1849,n1849,1,48,1,1,4
n1850,n1850,1,48,1,1,5
n1851,n1851,1,48,2,1,1
n1852,n1852,1,48,2,1,2
n1853,n1853,1,48,2,1,3
n1854,n1854,1,48,2,1,4
n1855,n1855,1,48,2,1,5
n1856,n1856,1,48,2,1,6
n1857,n1857,1,48,2,1,7
n1858,n1858,1,48,2,1,8
n1859,n1859,1,48,2,1,9
n1860,n1860,1,48,2,1,10
n1861,n1861,1,48,2,1,11
n1862,n1862,1,48,2,1,12
n1863,n1863,1,48,5,2,1
n1864,n1864,1,48,5,2,2
n1865,n1865,1,48,5,2,3
n1866,n1866,1,48,5,2,4
n1867,n1867,1,48,5,2,5
n1868,n1868,1,48,5,2,6
n1869,n1869,1,48,5,2,7
n1870,n1870,1,48,5,2,8
n1871,n1871,1,48,5,2,9
n1872,n1872,1,48,5,2,10
n1873,n1873,1,48,5,2,11
n1874,n1874,1,48,5,2,12
n1875,n1875,1,49,1,1,1
n1876,n1876,1,49,2,1,1
n1877,n1877,1,49,2,1,2
n1878,n1878,1,49,2,1,3
n1879,n1879,1,49,2,1,4
n1880,n1880,1,49,2,1,5
n1881,n1881,1,49,2,1,6
n1882,n1882,1,49,2,1,7
n1883,n1883,1,49,2,1,8
n1884,n1884,1,49,2,1,9
n1885,n1885,1,49,2,1,10
n1886,n1886,1,49,2,1,11
n1887,n1887,1,49,2,1,12
n1888,n1888,1,49,5,2,1
n1889,n1889,1,49,5,2,2
n1890,n1890,1,49,5,2,3
n1891,n1891,1,49,5,2,4
n1892,n1892,1,49,5,2,5
n1893,n1893,1,49,5,2,6
n1894,n1894,1,49,5,2,7
n1895,n1895,1,49,5,2,8
n1896,n1896,1,49,5,2,9
n1897,n1897,1,49,5,2,10
n1898,n1898,1,49,5,2,11
n1899,n1899,1,49,5,2,12
n1900,n1900,1,50,1,1,1
n1901,n1901,1,50,1,1,2
n1902,n1902,1,50,1,1,3
n1903,n1903,1,50,1,1,4
n1904,n1904,1,50,1,1,5
n1905,n1905,1,50,1,1,6
n1906,n1906,1,50,1,1,7
n1907,n1907,1,50,1,1,8
n1908,n1908,1,50,1,1,9
n1909,n1909,1,50,1,1,10
n1910,n1910,1,50,1,1,11
n1911,n1911,1,50,1,1,12
n1912,n1912,1,50,1,1,13
n1913,n1913,1,50,1,1,14
n1914,n1914,1,50,1,1,15
n1915,n1915,1,50,1,1,16
n1916,n1916,1,50,1,1,17
n1917,n1917,1,50,1,1,18
n1918,n1918,1,50,1,1,19
n1919,n1919,1,50,1,1,20
n1920,n1920,1,50,1,1,21
n1921,n1921,1,50,1,1,22
n1922,n1922,1,50,1,1,23
n1923,n1923,1,50,1,1,24
n1924,n1924,1,50,2,1,1
n1925,n1925,1,50,4,1,1
n1926,n1926,1,50,5,2,1
n1927,n1927,1,50,5,2,2
n1928,n1928,1,50,5,2,3
n1929,n1929,1,50,5,2,4
n1930,n1930,1,50,5,2,5
n1931,n1931,1,50,5,2,6
n1932,n1932,1,50,5,2,7
n1933,n1933,1,50,5,2,8
n1934,n1934,1,50,5,2,9
n1935,n1935,1,50,5,2,10
n1936,n1936,1,50,5,2,11
n1937,n1937,1,50,5,2,12
n1938,n1938,1,51,1,1,1
n1939,n1939,1,51,1,1,2
n1940,n1940,1,51,1,1,3
n1941,n1941,1,51,1,1,4
n1942,n1942,1,51,1,1,5
n1943,n1943,1,51,1,1,6
n1944,n1944,1,51,1,1,7
n1945,n1945,1,51,1,1,8
n1946,n1946,1,51,1,1,9
n1947,n1947,1,51,1,1,10
n1948,n1948,1,51,1,1,11
n1949,n1949,1,51,1,1,12
n1950,n1950,1,51,1,1,13
n1951,n1951,1,51,1,1,14
n1952,n1952,1,51,1,1,15
n1953,n1953,1,51,1,1,16
n1954,n1954,1,51,1,1,17
n1955,n1955,1,51,1,1,18
n1956,n1956,1,51,1,1,19
n1957,n1957,1,51,1,1,20
n1958,n1958,1,51,1,1,21
n1959,n1959,1,51,1,1,22
n1960,n1960,1,51,1,1,23
n1961,n1961,1,51,1,1,24
n1962,n1962,1,51,3,1,1
n1963,n1963,1,51,3,1,2
n1964,n1964,1,51,3,1,3
n1965,n1965,1,51,3,1,4
n1966,n1966,1,51,3,1,5
n1967,n1967,1,51,3,1,6
n1968,n1968,1,51,3,1,7
n1969,n1969,1,51,3,1,8
n1970,n1970,1,51,3,1,9
n1971,n1971,1,51,3,1,10
n1972,n1972,1,51,3,1,11
n1973,n1973,1,51,3,1,12
n1974,n1974,1,51,3,1,13
n1975,n1975,1,51,3,1,14
n1976,n1976,1,51,3,1,15
n1977,n1977,1,51,3,1,16
n1978,n1978,1,51,3,1,17
n1979,n1979,1,51,3,1,18
n1980,n1980,1,51,5,2,1
n1981,n1981,1,51,5,2,2
n1982,n1982,1,51,5,2,3
n1983,n1983,1,51,5,2,4
n1984,n1984,1,51,5,2,5
n1985,n1985,1,51,5,2,6
n1986,n1986,1,51,5,2,7
n1987,n1987,1,51,5,2,8
n1988,n1988,1,51,5,2,9
n1989,n1989,1,51,5,2,10
n1990,n1990,1,51,5,2,11
n1991,n1991,1,51,5,2,12
n1992,n1992,1,52,1,1,1
n1993,n1993,1,52,1,1,2
n1994,n1994,1,52,1,1,3
n1995,n1995,1,52,1,1,4
n1996,n1996,1,52,1,1,5
n1997,n1997,1,52,1,1,6
n1998,n1998,1,52,1,1,7
n1999,n1999,1,52,1,1,8
n2000,n2000,1,52,1,1,9
n2001,n2001,1,52,1,1,10
n2002,n2002,1,52,1,1,11
n2003,n2003,1,52,1,1,12
n2004,n2004,1,52,2,1,1
n2005,n2005,1,52,2,1,2
n2006,n2006,1,52,2,1,3
n2007,n2007,1,52,2,1,4
n2008,n2008,1,52,2,1,5
n2009,n2009,1,52,2,1,6
n2010,n2010,1,52,2,1,7
n2011,n2011,1,52,2,1,8
n2012,n2012,1,52,2,1,9
n2013,n2013,1,52,2,1,10
n2014,n2014,1,52,2,1,11
n2015,n2015,1,52,2,1,12
n2016,n2016,1,52,5,2,1
n2017,n2017,1,52,5,2,2
n2018,n2018,1,52,5,2,3
n2019,n2019,1,52,5,2,4
n2020,n2020,1,52,5,2,5
n2021,n2021,1,52,5,2,6
n2022,n2022,1,52,5,2,7
n2023,n2023,1,52,5,2,8
n2024,n2024,1,52,5,2,9
n2025,n2025,1,52,5,2,10
n2026,n2026,1,52,5,2,11
n2027,n2027,1,52,5,2,12
n2028,n2028,1,52,5,2,13
n2029,n2029,1,52,5,2,14
n2030,n2030,1,53,1,1,1
n2031,n2031,1,53,1,1,2
n2032,n2032,1,53,1,1,3
n2033,n2033,1,53,1,1,4
n2034,n2034,1,53,1,1,5
n2035,n2035,1,53,1,1,6
n2036,n2036,1,53,1,1,7
n2037,n2037,1,53,1,1,8
n2038,n2038,1,53,1,1,9
n2039,n2039,1,53,1,1,10
n2040,n2040,1,53,1,1,11
n2041,n2041,1,53,2,1,1
n2042,n2042,1,53,2,1,2
n2043,n2043,1,53,2,1,3
n2044,n2044,1,53,2,1,4
n2045,n2045,1,53,2,1,5
n2046,n2046,1,53,2,1,6
n2047,n2047,1,53,2,1,7
n2048,n2048,1,53,2,1,8
n2049,n2049,1,53,2,1,9
n2050,n2050,1,53,2,1,10
n2051,n2051,1,53,2,1,11
n2052,n2052,1,53,2,1,12
n2053,n2053,1,53,2,1,13
n2054,n2054,1,53,2,1,14
n2055,n2055,1,53,5,2,1
n2056,n2056,1,53,5,2,2
n2057,n2057,1,53,5,2,3
n2058,n2058,1,53,5,2,4
n2059,n2059,1,53,5,2,5
n2060,n2060,1,53,5,2,6
n2061,n2061,1,53,5,2,7
n2062,n2062,1,53,5,2,8
n2063,n2063,1,53,5,2,9
n2064,n2064,1,53,5,2,10
n2065,n2065,1,53,5,2,11
n2066,n2066,1,53,5,2,12
n2067,n2067,1,53,5,2,13
n2068,n2068,1,54,1,1,1
n2069,n2069,1,54,1,1,2
n2070,n2070,1,54,1,1,3
n2071,n2071,1,54,1,1,4
n2072,n2072,1,54,1,1,5
n2073,n2073,1,54,1,1,6
n2074,n2074,1,54,1,1,7
n2075,n2075,1,54,1,1,8
n2076,n2076,1,54,1,1,9
n2077,n2077,1,54,1,1,10
n2078,n2078,1,54,1,1,11
n2079,n2079,1,54,1,1,12
n2080,n2080,1,54,1,1,13
n2081,n2081,1,54,1,1,14
n2082,n2082,1,54,1,1,15
n2083,n2083,1,54,1,1,16
n2084,n2084,1,54,1,1,17
n2085,n2085,1,54,1,1,18
n2086,n2086,1,54,1,1,19
n2087,n2087,1,54,1,1,20
n2088,n2088,1,54,5,2,1
n2089,n2089,1,54,5,2,2
n2090,n2090,1,54,5,2,3
n2091,n2091,1,54,5,2,4
n2092,n2092,1,54,5,2,5
n2093,n2093,1,54,5,2,6
n2094,n2094,1,54,5,2,7
n2095,n2095,1,54,5,2,8
n2096,n2096,1,54,5,2,9
n2097,n2097,1,54,5,2,10
n2098,n2098,1,54,5,2,11
n2099,n2099,1,54,5,2,12
n2100,n2100,1,54,5,2,13
n2101,n2101,1,55,1,1,1
n2102,n2102,1,55,1,1,2
n2103,n2103,1,55,1,1,3
n2104,n2104,1,55,1,1,4
n2105,n2105,1,55,1,1,5
n2106,n2106,1,55,1,1,6
n2107,n2107,1,55,1,1,7
n2108,n2108,1,55,1,1,8
n2109,n2109,1,55,1,1,9
n2110,n2110,1,55,1,1,10
n2111,n2111,1,55,1,1,11
n2112,n2112,1,55,1,1,12
n2113,n2113,1,55,1,1,13
n2114,n2114,1,55,1,1,14
n2115,n2115,1,55,1,1,15
n2116,n2116,1,55,1,1,16
n2117,n2117,1,55,1,1,17
n2118,n2118,1,55,1,1,18
n2119,n2119,1,55,1,1,19
n2120,n2120,1,55,1,1,20
n2121,n2121,1,55,1,1,21
n2122,n2122,1,55,1,1,22
n2123,n2123,1,55,1,1,23
n2124,n2124,1,55,3,1,1
n2125,n2125,1,55,3,1,2
n2126,n2126,1,55,3,1,3
n2127,n2127,1,55,3,1,4
n2128,n2128,1,55,3,1,5
n2129,n2129,1,55,3,1,6
n2130,n2130,1,55,3,1,7
n2131,n2131,1,55,3,1,8
n2132,n2132,1,55,3,1,9
n2133,n2133,1,55,3,1,10
n2134,n2134,1,55,3,1,11
n2135,n2135,1,55,3,1,12
n2136,n2136,1,55,3,1,13
n2137,n2137,1,55,3,1,14
n2138,n2138,1,55,3,1,15
n2139,n2139,1,55,3,1,16
n2140,n2140,1,55,3,1,17
n2141,n2141,1,55,3,1,18
n2142,n2142,1,55,5,2,1
n2143,n2143,1,55,5,2,2
n2144,n2144,1,55,5,2,3
n2145,n2145,1,55,5,2,4
n2146,n2146,1,55,5,2,5
n2147,n2147,1,55,5,2,6
n2148,n2148,1,55,5,2,7
n2149,n2149,1,55,5,2,8
n2150,n2150,1,55,5,2,9
n2151,n2151,1,55,5,2,10
n2152,n2152,1,55,5,2,11
n2153,n2153,1,55,5,2,12
n2154,n2154,1,55,5,2,13
n2155,n2155,1,56,1,1,1
n2156,n2156,1,56,1,1,2
n2157,n2157,1,56,1,1,3
n2158,n2158,1,56,1,1,4
n2159,n2159,1,56,1,1,5
n2160,n2160,1,56,1,1,6
n2161,n2161,1,56,1,1,7
n2162,n2162,1,56,1,1,8
n2163,n2163,1,56,1,1,9
n2164,n2164,1,56,1,1,10
n2165,n2165,1,56,1,1,11
n2166,n2166,1,56,1,1,12
n2167,n2167,1,56,2,1,1
n2168,n2168,1,56,2,1,2
n2169,n2169,1,56,2,1,3
n2170,n2170,1,56,2,1,4
n2171,n2171,1,56,2,1,5
n2172,n2172,1,56,2,1,6
n2173,n2173,1,56,2,1,7
n2174,n2174,1,56,2,1,8
n2175,n2175,1,56,2,1,9
n2176,n2176,1,56,2,1,10
n2177,n2177,1,56,2,1,11
n2178,n2178,1,56,2,1,12
n2179,n2179,1,56,5,2,1
n2180,n2180,1,56,5,2,2
n2181,n2181,1,56,5,2,3
n2182,n2182,1,56,5,2,4
n2183,n2183,1,56,5,2,5
n2184,n2184,1,56,5,2,6
n2185,n2185,1,56,5,2,7
n2186,n2186,1,56,5,2,8
n2187,n2187,1,56,5,2,9
n2188,n2188,1,56,5,2,10
n2189,n2189,1,56,5,2,11
n2190,n2190,1,56,5,2,12
n2191,n2191,1,56,5,2,13
n2192,n2192,1,57,1,1,1
n2193,n2193,1,57,1,1,2
n2194,n2194,1,57,1,1,3
n2195,n2195,1,57,1,1,4
n2196,n2196,1,57,1,1,5
n2197,n2197,1,57,1,1,6
n2198,n2198,1,57,1,1,7
n2199,n2199,1,57,1,1,8
n2200,n2200,1,57,1,1,9
n2201,n2201,1,57,1,1,10
n2202,n2202,1,57,1,1,11
n2203,n2203,1,57,2,1,1
n2204,n2204,1,57,2,1,2
n2205,n2205,1,57,2,1,3
n2206,n2206,1,57,2,1,4
n2207,n2207,1,57,2,1,5
n2208,n2208,1,57,2,1,6
n2209,n2209,1,57,2,1,7
n2210,n2210,1,57,2,1,8
n2211,n2211,1,57,2,1,9
n2212,n2212,1,57,2,1,10
n2213,n2213,1,57,2,1,11
n2214,n2214,1,57,2,1,12
n2215,n2215,1,57,2,1,13
n2216,n2216,1,57,2,1,14
n2217,n2217,1,57,5,2,1
n2218,n2218,1,57,5,2,2
n2219,n2219,1,57,5,2,3
n2220,n2220,1,57,5,2,4
n2221,n2221,1,57,5,2,5
n2222,n2222,1,57,5,2,6
n2223,n2223,1,57,5,2,7
n2224,n2224,1,57,5,2,8
n2225,n2225,1,57,5,2,9
n2226,n2226,1,57,5,2,10
n2227,n2227,1,57,5,2,11
n2228,n2228,1,57,5,2,12
n2229,n2229,1,57,5,2,13
n2230,n2230,1,58,1,1,1
n2231,n2231,1,58,1,1,2
n2232,n2232,1,58,1,1,3
n2233,n2233,1,58,1,1,4
n2234,n2234,1,58,1,1,5
n2235,n2235,1,58,1,1,6
n2236,n2236,1,58,1,1,7
n2237,n2237,1,58,1,1,8
n2238,n2238,1,58,1,1,9
n2239,n2239,1,58,1,1,10
n2240,n2240,1,58,1,1,11
n2241,n2241,1,58,1,1,12
n2242,n2242,1,58,1,1,13
n2243,n2243,1,58,1,1,14
n2244,n2244,1,58,1,1,15
n2245,n2245,1,58,1,1,16
n2246,n2246,1,58,2,1,1
n2247,n2247,1,58,2,1,2
n2248,n2248,1,58,2,1,3
n2249,n2249,1,58,2,1,4
n2250,n2250,1,58,5,2,1
n2251,n2251,1,58,5,2,2
n2252,n2252,1,58,5,2,3
n2253,n2253,1,58,5,2,4
n2254,n2254,1,58,5,2,5
n2255,n2255,1,58,5,2,6
n2256,n2256,1,58,5,2,7
n2257,n2257,1,58,5,2,8
n2258,n2258,1,58,5,2,9
n2259,n2259,1,58,5,2,10
n2260,n2260,1,58,5,2,11
n2261,n2261,1,58,5,2,12
n2262,n2262,1,58,5,2,13
n2263,n2263,1,59,1,1,1
n2264,n2264,1,59,1,1,2
n2265,n2265,1,59,1,1,3
n2266,n2266,1,59,1,1,4
n2267,n2267,1,59,1,1,5
n2268,n2268,1,59,1,1,6
n2269,n2269,1,59,1,1,7
n2270,n2270,1,59,1,1,8
n2271,n2271,1,59,1,1,9
n2272,n2272,1,59,1,1,10
n2273,n2273,1,59,2,1,1
n2274,n2274,1,59,2,1,2
n2275,n2275,1,59,2,1,3
n2276,n2276,1,59,2,1,4
n2277,n2277,1,59,2,1,5
n2278,n2278,1,59,2,1,6
n2279,n2279,1,59,2,1,7
n2280,n2280,1,59,2,1,8
n2281,n2281,1,59,2,1,9
n2282,n2282,1,59,5,2,1
n2283,n2283,1,59,5,2,2
n2284,n2284,1,59,5,2,3
n2285,n2285,1,59,5,2,4
n2286,n2286,1,59,5,2,5
n2287,n2287,1,59,5,2,6
n2288,n2288,1,59,5,2,7
n2289,n2289,1,59,5,2,8
n2290,n2290,1,59,5,2,9
n2291,n2291,1,59,5,2,10
n2292,n2292,1,59,5,2,11
n2293,n2293,1,59,5,2,12
n2294,n2294,1,59,6,2,1
n2295,n2295,1,60,1,1,1
n2296,n2296,1,60,1,1,2
n2297,n2297,1,60,1,1,3
n2298,n2298,1,60,1,1,4
n2299,n2299,1,60,1,1,5
n2300,n2300,1,60,1,1,6
n2301,n2301,1,60,1,1,7
n2302,n2302,1,60,1,1,8
n2303,n2303,1,60,1,1,9
n2304,n2304,1,60,1,1,10
n2305,n2305,1,60,1,1,11
n2306,n2306,1,60,1,1,12
n2307,n2307,1,60,1,1,13
n2308,n2308,1,60,1,1,14
n2309,n2309,1,60,2,1,1
n2310,n2310,1,60,2,1,2
n2311,n2311,1,60,2,1,3
n2312,n2312,1,60,2,1,4
n2313,n2313,1,60,2,1,5
n2314,n2314,1,60,2,1,6
n2315,n2315,1,60,5,2,1
n2316,n2316,1,60,5,2,2
n2317,n2317,1,60,5,2,3
n2318,n2318,1,60,5,2,4
n2319,n2319,1,60,5,2,5
n2320,n2320,1,60,5,2,6
n2321,n2321,1,60,5,2,7
n2322,n2322,1,60,5,2,8
n2323,n2323,1,60,5,2,9
n2324,n2324,1,60,5,2,10
n2325,n2325,1,60,5,2,11
n2326,n2326,1,60,5,2,12
n2327,n2327,1,61,1,1,1
n2328,n2328,1,61,1,1,2
n2329,n2329,1,61,1,1,3
n2330,n2330,1,61,1,1,4
n2331,n2331,1,61,1,1,5
n2332,n2332,1,61,1,1,6
n2333,n2333,1,61,1,1,7
n2334,n2334,1,61,1,1,8
n2335,n2335,1,61,1,1,9
n2336,n2336,1,61,1,1,10
n2337,n2337,1,61,1,1,11
n2338,n2338,1,61,1,1,12
n2339,n2339,1,61,1,1,13
n2340,n2340,1,61,1,1,14
n2341,n2341,1,61,1,1,15
n2342,n2342,1,61,1,1,16
n2343,n2343,1,61,1,1,17
n2344,n2344,1,61,1,1,18
n2345,n2345,1,61,1,1,19
n2346,n2346,1,61,2,1,1
n2347,n2347,1,61,2,1,2
n2348,n2348,1,61,2,1,3
n2349,n2349,1,61,2,1,4
n2350,n2350,1,61,2,1,5
n2351,n2351,1,61,2,1,6
n2352,n2352,1,61,2,1,7
n2353,n2353,1,61,2,1,8
n2354,n2354,1,61,2,1,9
n2355,n2355,1,61,3,1,1
n2356,n2356,1,61,3,1,2
n2357,n2357,1,61,4,1,1
n2358,n2358,1,61,4,1,2
n2359,n2359,1,61,5,2,1
n2360,n2360,1,61,5,2,2
n2361,n2361,1,61,5,2,3
n2362,n2362,1,61,5,2,4
n2363,n2363,1,61,5,2,5
n2364,n2364,1,61,5,2,6
n2365,n2365,1,61,5,2,7
n2366,n2366,1,61,5,2,8
n2367,n2367,1,61,5,2,9
n2368,n2368,1,61,5,2,10
n2369,n2369,1,61,5,2,11
n2370,n2370,1,61,5,2,12
n2371,n2371,1,61,5,2,13
n2372,n2372,1,62,1,1,1
n2373,n2373,1,62,1,1,2
n2374,n2374,1,62,1,1,3
n2375,n2375,1,62,1,1,4
n2376,n2376,1,62,1,1,5
n2377,n2377,1,62,1,1,6
n2378,n2378,1,62,1,1,7
n2379,n2379,1,62,1,1,8
n2380,n2380,1,62,1,1,9
n2381,n2381,1,62,1,1,10
n2382,n2382,1,62,1,1,11
n2383,n2383,1,62,1,1,12
n2384,n2384,1,62,1,1,13
n2385,n2385,1,62,1,1,14
n2386,n2386,1,62,1,1,15
n2387,n2387,1,62,1,1,16
n2388,n2388,1,62,1,1,17
n2389,n2389,1,62,1,1,18
n2390,n2390,1,62,1,1,19
n2391,n2391,1,62,1,1,20
n2392,n2392,1,62,1,1,21
n2393,n2393,1,62,1,1,22
n2394,n2394,1,62,1,1,23
n2395,n2395,1,62,5,2,1
n2396,n2396,1,62,5,2,2
n2397,n2397,1,62,5,2,3
n2398,n2398,1,62,5,2,4
n2399,n2399,1,62,5,2,5
n2400,n2400,1,62,5,2,6
n2401,n2401,1,62,5,2,7
n2402,n2402,1,62,5,2,8
n2403,n2403,1,62,5,2,9
n2404,n2404,1,62,5,2,10
n2405,n2405,1,62,5,2,11
n2406,n2406,1,62,5,2,12
n2407,n2407,1,62,5,2,13
n2408,n2408,1,63,1,1,1
n2409,n2409,1,63,1,1,2
n2410,n2410,1,63,1,1,3
n2411,n2411,1,63,1,1,4
n2412,n2412,1,63,1,1,5
n2413,n2413,1,63,1,1,6
n2414,n2414,1,63,1,1,7
n2415,n2415,1,63,1,1,8
n2416,n2416,1,63,1,1,9
n2417,n2417,1,63,1,1,10
n2418,n2418,1,63,1,1,11
n2419,n2419,1,63,1,1,12
n2420,n2420,1,63,1,1,13
n2421,n2421,1,63,1,1,14
n2422,n2422,1,63,1,1,15
n2423,n2423,1,63,1,1,16
n2424,n2424,1,63,1,1,17
n2425,n2425,1,63,1,1,18
n2426,n2426,1,63,1,1,19
n2427,n2427,1,63,1,1,20
n2428,n2428,1,63,5,2,1
n2429,n2429,1,63,5,2,2
n2430,n2430,1,63,5,2,3
n2431,n2431,1,63,5,2,4
n2432,n2432,1,63,5,2,5
n2433,n2433,1,63,5,2,6
n2434,n2434,1,63,5,2,7
n2435,n2435,1,63,5,2,8
n2436,n2436,1,63,5,2,9
n2437,n2437,1,63,5,2,10
n2438,n2438,1,63,5,2,11
n2439,n2439,1,63,5,2,12
n2440,n2440,1,64,1,1,1
n2441,n2441,1,64,1,1,2
n2442,n2442,1,64,1,1,3
n2443,n2443,1,64,1,1,4
n2444,n2444,1,64,1,1,5
n2445,n2445,1,64,1,1,6
n2446,n2446,1,64,1,1,7
n2447,n2447,1,64,1,1,8
n2448,n2448,1,64,1,1,9
n2449,n2449,1,64,1,1,10
n2450,n2450,1,64,1,1,11
n2451,n2451,1,64,1,1,12
n2452,n2452,1,64,1,1,13
n2453,n2453,1,64,1,1,14
n2454,n2454,1,64,1,1,15
n2455,n2455,1,64,1,1,16
n2456,n2456,1,64,1,1,17
n2457,n2457,1,64,1,1,18
n2458,n2458,1,64,1,1,19
n2459,n2459,1,64,1,1,20
n2460,n2460,1,64,1,1,21
n2461,n2461,1,64,1,1,22
n2462,n2462,1,64,1,1,23
n2463,n2463,1,64,1,1,24
n2464,n2464,1,64,1,1,25
n2465,n2465,1,64,1,1,26
n2466,n2466,1,64,1,1,27
n2467,n2467,1,64,1,1,28
n2468,n2468,1,64,1,1,29
n2469,n2469,1,64,5,2,1
n2470,n2470,1,64,5,2,2
n2471,n2471,1,64,5,2,3
n2472,n2472,1,64,5,2,4
n2473,n2473,1,64,5,2,5
n2474,n2474,1,64,5,2,6
n2475,n2475,1,64,5,2,7
n2476,n2476,1,64,5,2,8
n2477,n2477,1,64,5,2,9
n2478,n2478,1,64,5,2,10
n2479,n2479,1,64,5,2,11
n2480,n2480,1,64,5,2,12
n2481,n2481,1,65,1,1,1
n2482,n2482,1,65,1,1,2
n2483,n2483,1,65,1,1,3
n2484,n2484,1,65,1,1,4
n2485,n2485,1,65,1,1,5
n2486,n2486,1,65,1,1,6
n2487,n2487,1,65,1,1,7
n2488,n2488,1,65,1,1,8
n2489,n2489,1,65,1,1,9
n2490,n2490,1,65,1,1,10
n2491,n2491,1,65,1,1,11
n2492,n2492,1,65,1,1,12
n2493,n2493,1,65,1,1,13
n2494,n2494,1,65,1,1,14
n2495,n2495,1,65,1,1,15
n2496,n2496,1,65,1,1,16
n2497,n2497,1,65,1,1,17
n2498,n2498,1,65,1,1,18
n2499,n2499,1,65,1,1,19
n2500,n2500,1,65,1,1,20
n2501,n2501,1,65,5,2,1
n2502,n2502,1,65,5,2,2
n2503,n2503,1,65,5,2,3
n2504,n2504,1,65,5,2,4
n2505,n2505,1,65,5,2,5
n2506,n2506,1,65,5,2,6
n2507,n2507,1,65,5,2,7
n2508,n2508,1,65,5,2,8
n2509,n2509,1,65,5,2,9
n2510,n2510,1,65,5,2,10
n2511,n2511,1,65,5,2,11
n2512,n2512,1,65,5,2,12
n2513,n2513,1,66,1,1,1
n2514,n2514,1,66,1,1,2
n2515,n2515,1,66,1,1,3
n2516,n2516,1,66,1,1,4
n2517,n2517,1,66,1,1,5
n2518,n2518,1,66,1,1,6
n2519,n2519,1,66,1,1,7
n2520,n2520,1,66,1,1,8
n2521,n2521,1,66,1,1,9
n2522,n2522,1,66,1,1,10
n2523,n2523,1,66,1,1,11
n2524,n2524,1,66,1,1,12
n2525,n2525,1,66,1,1,13
n2526,n2526,1,66,1,1,14
n2527,n2527,1,66,1,1,15
n2528,n2528,1,66,1,1,16
n2529,n2529,1,66,1,1,17
n2530,n2530,1,66,1,1,18
n2531,n2531,1,66,1,1,19
n2532,n2532,1,66,1,1,20
n2533,n2533,1,66,1,1,21
n2534,n2534,1,66,1,1,22
n2535,n2535,1,66,1,1,23
n2536,n2536,1,66,1,1,24
n2537,n2537,1,66,1,1,25
n2538,n2538,1,66,1,1,26
n2539,n2539,1,66,1,1,27
n2540,n2540,1,66,5,2,1
n2541,n2541,1,66,5,2,2
n2542,n2542,1,66,5,2,3
n2543,n2543,1,66,5,2,4
n2544,n2544,1,66,5,2,5
n2545,n2545,1,66,5,2,6
n2546,n2546,1,66,5,2,7
n2547,n2547,1,66,5,2,8
n2548,n2548,1,66,5,2,9
n2549,n2549,1,66,5,2,10
n2550,n2550,1,66,5,2,11
n2551,n2551,1,66,5,2,12
n2552,n2552,1,67,1,1,1
n2553,n2553,1,67,1,1,2
n2554,n2554,1,67,1,1,3
n2555,n2555,1,67,1,1,4
n2556,n2556,1,67,1,1,5
n2557,n2557,1,67,1,1,6
n2558,n2558,1,67,1,1,7
n2559,n2559,1,67,1,1,8
n2560,n2560,1,67,1,1,9
n2561,n2561,1,67,1,1,10
n2562,n2562,1,67,1,1,11
n2563,n2563,1,67,1,1,12
n2564,n2564,1,67,1,1,13
n2565,n2565,1,67,1,1,14
n2566,n2566,1,67,1,1,15
n2567,n2567,1,67,1,1,16
n2568,n2568,1,67,1,1,17
n2569,n2569,1,67,1,1,18
n2570,n2570,1,67,1,1,19
n2571,n2571,1,67,1,1,20
n2572,n2572,1,67,1,1,21
n2573,n2573,1,67,1,1,22
n2574,n2574,1,67,1,1,23
n2575,n2575,1,67,1,1,24
n2576,n2576,1,67,1,1,25
n2577,n2577,1,67,1,1,26
n2578,n2578,1,67,1,1,27
n2579,n2579,1,67,1,1,28
n2580,n2580,1,67,1,1,29
n2581,n2581,1,67,1,1,30
n2582,n2582,1,67,1,1,31
n2583,n2583,1,67,1,1,32
n2584,n2584,1,67,1,1,33
n2585,n2585,1,67,1,1,34
n2586,n2586,1,67,2,1,1
n2587,n2587,1,67,5,2,1
n2588,n2588,1,67,5,2,2
n2589,n2589,1,67,5,2,3
n2590,n2590,1,67,5,2,4
n2591,n2591,1,67,5,2,5
n2592,n2592,1,67,5,2,6
n2593,n2593,1,67,5,2,7
n2594,n2594,1,67,5,2,8
n2595,n2595,1,67,5,2,9
n2596,n2596,1,67,5,2,10
n2597,n2597,1,67,5,2,11
n2598,n2598,1,67,5,2,12
n2599,n2599,1,68,1,1,1
n2600,n2600,1,68,1,1,2
n2601,n2601,1,68,1,1,3
n2602,n2602,1,68,1,1,4
n2603,n2603,1,68,1,1,5
n2604,n2604,1,68,1,1,6
n2605,n2605,1,68,1,1,7
n2606,n2606,1,68,1,1,8
n2607,n2607,1,68,1,1,9
n2608,n2608,1,68,1,1,10
n2609,n2609,1,68,1,1,11
n2610,n2610,1,68,1,1,12
n2611,n2611,1,68,1,1,13
n2612,n2612,1,68,1,1,14
n2613,n2613,1,68,1,1,15
n2614,n2614,1,68,1,1,16
n2615,n2615,1,68,1,1,17
n2616,n2616,1,68,1,1,18
n2617,n2617,1,68,1,1,19
n2618,n2618,1,68,1,1,20
n2619,n2619,1,68,1,1,21
n2620,n2620,1,68,1,1,22
n2621,n2621,1,68,1,1,23
n2622,n2622,1,68,1,1,24
n2623,n2623,1,68,1,1,25
n2624,n2624,1,68,1,1,26
n2625,n2625,1,68,5,2,1
n2626,n2626,1,68,5,2,2
n2627,n2627,1,68,5,2,3
n2628,n2628,1,68,5,2,4
n2629,n2629,1,68,5,2,5
n2630,n2630,1,68,5,2,6
n2631,n2631,1,68,5,2,7
n2632,n2632,1,68,5,2,8
n2633,n2633,1,68,5,2,9
n2634,n2634,1,68,5,2,10
n2635,n2635,1,68,5,2,11
n2636,n2636,1,68,5,2,12
n2637,n2637,1,69,1,1,1
n2638,n2638,1,69,1,1,2
n2639,n2639,1,69,1,1,3
n2640,n2640,1,69,1,1,4
n2641,n2641,1,69,1,1,5
n2642,n2642,1,69,1,1,6
n2643,n2643,1,69,1,1,7
n2644,n2644,1,69,1,1,8
n2645,n2645,1,69,1,1,9
n2646,n2646,1,69,1,1,10
n2647,n2647,1,69,1,1,11
n2648,n2648,1,69,1,1,12
n2649,n2649,1,69,1,1,13
n2650,n2650,1,69,1,1,14
n2651,n2651,1,69,1,1,15
n2652,n2652,1,69,1,1,16
n2653,n2653,1,69,1,1,17
n2654,n2654,1,69,1,1,18
n2655,n2655,1,69,1,1,19
n2656,n2656,1,69,1,1,20
n2657,n2657,1,69,1,1,21
n2658,n2658,1,69,1,1,22
n2659,n2659,1,69,1,1,23
n2660,n2660,1,69,1,1,24
n2661,n2661,1,69,5,2,1
n2662,n2662,1,69,5,2,2
n2663,n2663,1,69,5,2,3
n2664,n2664,1,69,5,2,4
n2665,n2665,1,69,5,2,5
n2666,n2666,1,69,5,2,6
n2667,n2667,1,69,5,2,7
n2668,n2668,1,69,5,2,8
n2669,n2669,1,69,5,2,9
n2670,n2670,1,69,5,2,10
n2671,n2671,1,69,5,2,11
n2672,n2672,1,69,5,2,12
n2673,n2673,1,70,1,1,1
n2674,n2674,1,70,1,1,2
n2675,n2675,1,70,1,1,3
n2676,n2676,1,70,1,1,4
n2677,n2677,1,70,1,1,5
n2678,n2678,1,70,1,1,6
n2679,n2679,1,70,1,1,7
n2680,n2680,1,70,1,1,8
n2681,n2681,1,70,1,1,9
n2682,n2682,1,70,1,1,10
n2683,n2683,1,70,1,1,11
n2684,n2684,1,70,1,1,12
n2685,n2685,1,70,1,1,13
n2686,n2686,1,70,1,1,14
n2687,n2687,1,70,1,1,15
n2688,n2688,1,70,1,1,16
n2689,n2689,1,70,1,1,17
n2690,n2690,1,70,1,1,18
n2691,n2691,1,70,1,1,19
n2692,n2692,1,70,1,1,20
n2693,n2693,1,70,1,1,21
n2694,n2694,1,70,1,1,22
n2695,n2695,1,70,1,1,23
n2696,n2696,1,70,1,1,24
n2697,n2697,1,70,1,1,25
n2698,n2698,1,70,1,1,26
n2699,n2699,1,70,1,1,27
n2700,n2700,1,70,1,1,28
n2701,n2701,1,70,1,1,29
n2702,n2702,1,70,1,1,30
n2703,n2703,1,70,1,1,31
n2704,n2704,1,70,1,1,32
n2705,n2705,1,70,5,2,1
n2706,n2706,1,70,5,2,2
n2707,n2707,1,70,5,2,3
n2708,n2708,1,70,5,2,4
n2709,n2709,1,70,5,2,5
n2710,n2710,1,70,5,2,6
n2711,n2711,1,70,5,2,7
n2712,n2712,1,70,5,2,8
n2713,n2713,1,70,5,2,9
n2714,n2714,1,70,5,2,10
n2715,n2715,1,70,5,2,11
n2716,n2716,1,70,5,2,12
n2717,n2717,1,70,5,2,13
n2718,n2718,1,71,1,1,1
n2719,n2719,1,71,1,1,2
n2720,n2720,1,71,2,1,1
n2721,n2721,1,71,2,1,2
n2722,n2722,1,71,2,1,3
n2723,n2723,1,71,2,1,4
n2724,n2724,1,71,2,1,5
n2725,n2725,1,71,2,1,6
n2726,n2726,1,71,2,1,7
n2727,n2727,1,71,2,1,8
n2728,n2728,1,71,2,1,9
n2729,n2729,1,71,2,1,10
n2730,n2730,1,71,2,1,11
n2731,n2731,1,71,2,1,12
n2732,n2732,1,71,2,1,13
n2733,n2733,1,71,2,1,14
n2734,n2734,1,71,2,1,15
n2735,n2735,1,71,2,1,16
n2736,n2736,1,71,2,1,17
n2737,n2737,1,71,2,1,18
n2738,n2738,1,71,2,1,19
n2739,n2739,1,71,2,1,20
n2740,n2740,1,71,2,1,21
n2741,n2741,1,71,2,1,22
n2742,n2742,1,71,2,1,23
n2743,n2743,1,71,2,1,24
n2744,n2744,1,71,2,1,25
n2745,n2745,1,71,2,1,26
n2746,n2746,1,71,2,1,27
n2747,n2747,1,71,2,1,28
n2748,n2748,1,71,2,1,29
n2749,n2749,1,71,2,1,30
n2750,n2750,1,71,2,1,31
n2751,n2751,1,71,2,1,32
n2752,n2752,1,71,2,1,33
n2753,n2753,1,71,2,1,34
n2754,n2754,1,71,2,1,35
n2755,n2755,1,71,2,1,36
n2756,n2756,1,71,2,1,37
n2757,n2757,1,71,2,1,38
n2758,n2758,1,71,2,1,39
n2759,n2759,1,71,2,1,40
n2760,n2760,1,71,2,1,41
n2761,n2761,1,71,2,1,42
n2762,n2762,1,71,2,1,43
n2763,n2763,1,71,2,1,44
n2764,n2764,1,71,2,1,45
n2765,n2765,1,71,2,1,46
n2766,n2766,1,71,5,2,1
n2767,n2767,1,71,5,2,2
n2768,n2768,1,72,1,1,1
n2769,n2769,1,72,1,1,2
n2770,n2770,1,72,1,1,3
n2771,n2771,1,72,1,1,4
n2772,n2772,1,72,1,1,5
n2773,n2773,1,72,1,1,6
n2774,n2774,1,72,1,1,7
r1,r1,1,72,2,1,1
n2775,n2775,1,72,2,1,2
n2776,n2776,1,72,2,1,3
n2777,n2777,1,72,2,1,4
n2778,n2778,1,72,2,1,5
n2779,n2779,1,72,2,1,6
n2780,n2780,1,72,2,1,7
n2781,n2781,1,72,2,1,8
n2782,n2782,1,72,2,1,9
n2783,n2783,1,72,2,1,10
n2784,n2784,1,72,2,1,11
n2785,n2785,1,72,2,1,12
n2786,n2786,1,72,2,1,13
n2787,n2787,1,72,2,1,14
n2788,n2788,1,72,2,1,15
n2789,n2789,1,72,5,2,1
n2790,n2790,1,72,5,2,2
n2791,n2791,1,72,5,2,3
n2792,n2792,1,72,5,2,4
n2793,n2793,1,72,5,2,5
n2794,n2794,1,72,5,2,6
n2795,n2795,1,72,5,2,7
n2796,n2796,1,72,5,2,8
n2797,n2797,1,72,5,2,9
n2798,n2798,1,72,5,2,10
n2799,n2799,1,72,5,2,11
n2800,n2800,1,72,5,2,12
n2801,n2801,1,72,5,2,13
n2802,n2802,1,72,5,2,14
n2803,n2803,1,72,5,2,15
n2804,n2804,1,72,5,2,16
n2805,n2805,1,73,1,1,1
n2806,n2806,1,73,1,1,2
n2807,n2807,1,73,1,1,3
n2808,n2808,1,73,1,1,4
n2809,n2809,1,73,1,1,5
n2810,n2810,1,73,1,1,6
n2811,n2811,1,73,1,1,7
n2812,n2812,1,73,1,1,8
n2813,n2813,1,73,1,1,9
n2814,n2814,1,73,1,1,10
n2815,n2815,1,73,2,1,1
n2816,n2816,1,73,2,1,2
n2817,n2817,1,73,2,1,3
n2818,n2818,1,73,2,1,4
n2819,n2819,1,73,2,1,5
n2820,n2820,1,73,2,1,6
n2821,n2821,1,73,2,1,7
n2822,n2822,1,73,2,1,8
n2823,n2823,1,73,2,1,9
n2824,n2824,1,73,2,1,10
n2825,n2825,1,73,2,1,11
n2826,n2826,1,73,2,1,12
n2827,n2827,1,73,2,1,13
n2828,n2828,1,73,2,1,14
n2829,n2829,1,73,2,1,15
n2830,n2830,1,73,2,1,16
n2831,n2831,1,73,5,2,1
n2832,n2832,1,73,5,2,2
n2833,n2833,1,73,5,2,3
n2834,n2834,1,73,5,2,4
n2835,n2835,1,73,5,2,5
n2836,n2836,1,73,5,2,6
n2837,n2837,1,73,5,2,7
n2838,n2838,1,73,5,2,8
n2839,n2839,1,73,5,2,9
n2840,n2840,1,73,5,2,10
n2841,n2841,1,73,5,2,11
n2842,n2842,1,73,5,2,12
n2843,n2843,1,73,5,2,13
n2844,n2844,1,73,5,2,14
n2845,n2845,1,73,5,2,15
n2846,n2846,1,73,5,2,16
n2847,n2847,1,73,5,2,17
n2848,n2848,1,73,5,2,18
n2849,n2849,1,74,1,1,1
n2850,n2850,1,74,1,1,2
n2851,n2851,1,74,1,1,3
n2852,n2852,1,74,1,1,4
n2853,n2853,1,74,1,1,5
n2854,n2854,1,74,1,1,6
n2855,n2855,1,74,1,1,7
n2856,n2856,1,74,2,1,1
n2857,n2857,1,74,2,1,2
n2858,n2858,1,74,2,1,3
n2859,n2859,1,74,2,1,4
n2860,n2860,1,74,2,1,5
n2861,n2861,1,74,2,1,6
n2862,n2862,1,74,2,1,7
n2863,n2863,1,74,2,1,8
n2864,n2864,1,74,2,1,9
n2865,n2865,1,74,2,1,10
n2866,n2866,1,74,2,1,11
n2867,n2867,1,74,2,1,12
n2868,n2868,1,74,2,1,13
n2869,n2869,1,74,2,1,14
n2870,n2870,1,74,2,1,15
n2871,n2871,1,74,2,1,16
n2872,n2872,1,74,5,2,1
n2873,n2873,1,74,5,2,2
n2874,n2874,1,74,5,2,3
n2875,n2875,1,74,5,2,4
n2876,n2876,1,74,5,2,5
n2877,n2877,1,74,5,2,6
n2878,n2878,1,74,5,2,7
n2879,n2879,1,74,5,2,8
n2880,n2880,1,74,5,2,9
n2881,n2881,1,74,5,2,10
n2882,n2882,1,74,5,2,11
n2883,n2883,1,74,5,2,12
n2884,n2884,1,74,5,2,13
n2885,n2885,1,74,5,2,14
n2886,n2886,1,74,5,2,15
n2887,n2887,1,74,5,2,16
n2888,n2888,1,74,5,2,17
n2889,n2889,1,75,1,1,1
n2890,n2890,1,75,1,1,2
n2891,n2891,1,75,1,1,3
n2892,n2892,1,75,1,1,4
n2893,n2893,1,75,1,1,5
n2894,n2894,1,75,2,1,1
n2895,n2895,1,75,2,1,2
n2896,n2896,1,75,2,1,3
n2897,n2897,1,75,2,1,4
n2898,n2898,1,75,2,1,5
n2899,n2899,1,75,2,1,6
n2900,n2900,1,75,2,1,7
n2901,n2901,1,75,2,1,8
n2902,n2902,1,75,2,1,9
n2903,n2903,1,75,2,1,10
n2904,n2904,1,75,2,1,11
n2905,n2905,1,75,2,1,12
n2906,n2906,1,75,2,1,13
n2907,n2907,1,75,2,1,14
n2908,n2908,1,75,2,1,15
n2909,n2909,1,75,2,1,16
n2910,n2910,1,75,5,2,1
n2911,n2911,1,75,5,2,2
n2912,n2912,1,75,5,2,3
n2913,n2913,1,75,5,2,4
n2914,n2914,1,75,5,2,5
n2915,n2915,1,75,5,2,6
n2916,n2916,1,75,5,2,7
n2917,n2917,1,75,5,2,8
n2918,n2918,1,75,5,2,9
n2919,n2919,1,75,5,2,10
n2920,n2920,1,75,5,2,11
n2921,n2921,1,75,5,2,12
n2922,n2922,1,75,5,2,13
n2923,n2923,1,75,5,2,14
n2924,n2924,1,75,5,2,15
n2925,n2925,1,75,5,2,16
n2926,n2926,1,76,1,1,1
n2927,n2927,1,76,1,1,2
n2928,n2928,1,76,1,1,3
n2929,n2929,1,76,1,1,4
n2930,n2930,1,76,1,1,5
n2931,n2931,1,76,1,1,6
n2932,n2932,1,76,1,1,7
n2933,n2933,1,76,1,1,8
n2934,n2934,1,76,1,1,9
n2935,n2935,1,76,1,1,10
n2936,n2936,1,76,1,1,11
n2937,n2937,1,76,1,1,12
n2938,n2938,1,76,1,1,13
n2939,n2939,1,76,1,1,14
n2940,n2940,1,76,1,1,15
n2941,n2941,1,76,1,1,16
n2942,n2942,1,76,1,1,17
n2943,n2943,1,76,2,1,1
n2944,n2944,1,76,2,1,2
n2945,n2945,1,76,2,1,3
n2946,n2946,1,76,2,1,4
n2947,n2947,1,76,2,1,5
n2948,n2948,1,76,5,2,1
n2949,n2949,1,76,5,2,2
n2950,n2950,1,76,5,2,3
n2951,n2951,1,76,5,2,4
n2952,n2952,1,76,5,2,5
n2953,n2953,1,76,5,2,6
n2954,n2954,1,76,5,2,7
n2955,n2955,1,76,5,2,8
n2956,n2956,1,76,5,2,9
n2957,n2957,1,76,5,2,10
n2958,n2958,1,76,5,2,11
n2959,n2959,1,76,5,2,12
n2960,n2960,1,77,1,1,1
n2961,n2961,1,77,1,1,2
n2962,n2962,1,77,1,1,3
n2963,n2963,1,77,1,1,4
n2964,n2964,1,77,1,1,5
n2965,n2965,1,77,1,1,6
n2966,n2966,1,77,1,1,7
n2967,n2967,1,77,1,1,8
n2968,n2968,1,77,1,1,9
n2969,n2969,1,77,1,1,10
n2970,n2970,1,77,1,1,11
n2971,n2971,1,77,1,1,12
n2972,n2972,1,77,1,1,13
n2973,n2973,1,77,1,1,14
n2974,n2974,1,77,1,1,15
n2975,n2975,1,77,1,1,16
n2976,n2976,1,77,1,1,17
n2977,n2977,1,77,1,1,18
n2978,n2978,1,77,1,1,19
n2979,n2979,1,77,1,1,20
n2980,n2980,1,77,1,1,21
n2981,n2981,1,77,1,1,22
n2982,n2982,1,77,1,1,23
n2983,n2983,1,77,1,1,24
n2984,n2984,1,77,5,2,1
n2985,n2985,1,77,5,2,2
n2986,n2986,1,77,5,2,3
n2987,n2987,1,77,5,2,4
n2988,n2988,1,77,5,2,5
n2989,n2989,1,77,5,2,6
n2990,n2990,1,77,5,2,7
n2991,n2991,1,77,5,2,8
n2992,n2992,1,77,5,2,9
n2993,n2993,1,78,1,1,1
n2994,n2994,1,78,1,1,2
n2995,n2995,1,78,1,1,3
n2996,n2996,1,78,1,1,4
n2997,n2997,1,78,1,1,5
n2998,n2998,1,78,1,1,6
n2999,n2999,1,78,1,1,7
n3000,n3000,1,78,1,1,8
n3001,n3001,1,78,1,1,9
n3002,n3002,1,78,1,1,10
n3003,n3003,1,78,1,1,11
n3004,n3004,1,78,1,1,12
n3005,n3005,1,78,1,1,13
n3006,n3006,1,78,1,1,14
n3007,n3007,1,78,1,1,15
n3008,n3008,1,78,5,2,1
n3009,n3009,1,78,5,2,2
n3010,n3010,1,78,5,2,3
n3011,n3011,1,78,5,2,4
n3012,n3012,1,78,5,2,5
n3013,n3013,1,78,5,2,6
n3014,n3014,1,78,5,2,7
n3015,n3015,1,78,5,2,8
n3016,n3016,1,78,5,2,9
n3017,n3017,1,78,5,2,10
n3018,n3018,1,79,1,1,1
n3019,n3019,1,79,1,1,2
n3020,n3020,1,79,1,1,3
n3021,n3021,1,79,1,1,4
n3022,n3022,1,79,1,1,5
n3023,n3023,1,79,1,1,6
n3024,n3024,1,79,1,1,7
n3025,n3025,1,79,1,1,8
n3026,n3026,1,79,1,1,9
n3027,n3027,1,79,1,1,10
n3028,n3028,1,79,1,1,11
n3029,n3029,1,79,1,1,12
n3030,n3030,1,79,5,2,1
n3031,n3031,1,79,5,2,2
n3032,n3032,1,79,5,2,3
n3033,n3033,1,79,5,2,4
n3034,n3034,1,79,5,2,5
n3035,n3035,1,79,5,2,6
n3036,n3036,1,79,5,2,7
n3037,n3037,1,79,5,2,8
n3038,n3038,1,79,5,2,9
n3039,n3039,1,79,5,2,10
n3040,n3040,1,80,1,1,1
n3041,n3041,1,80,1,1,2
n3042,n3042,1,80,1,1,3
n3043,n3043,1,80,1,1,4
n3044,n3044,1,80,1,1,5
n3045,n3045,1,80,1,1,6
n3046,n3046,1,80,1,1,7
n3047,n3047,1,80,1,1,8
n3048,n3048,1,80,1,1,9
n3049,n3049,1,80,1,1,10
n3050,n3050,1,80,1,1,11
n3051,n3051,1,80,1,1,12
n3052,n3052,1,80,1,1,13
n3053,n3053,1,80,1,1,14
n3054,n3054,1,80,1,1,15
n3055,n3055,1,80,1,1,16
n3056,n3056,1,80,1,1,17
n3057,n3057,1,80,1,1,18
n3058,n3058,1,80,1,1,19
n3059,n3059,1,80,1,1,20
n3060,n3060,1,80,5,2,1
n3061,n3061,1,80,5,2,2
n3062,n3062,1,80,5,2,3
n3063,n3063,1,80,5,2,4
n3064,n3064,1,80,5,2,5
n3065,n3065,1,80,5,2,6
n3066,n3066,1,80,5,2,7
n3067,n3067,1,80,5,2,8
n3068,n3068,1,80,5,2,9
n3069,n3069,1,80,5,2,10
n3070,n3070,1,80,5,2,11
n3071,n3071,1,81,1,1,1
n3072,n3072,1,81,1,1,2
n3073,n3073,1,81,1,1,3
n3074,n3074,1,81,1,1,4
n3075,n3075,1,81,1,1,5
n3076,n3076,1,81,1,1,6
n3077,n3077,1,81,1,1,7
n3078,n3078,1,81,1,1,8
n3079,n3079,1,81,1,1,9
n3080,n3080,1,81,1,1,10
n3081,n3081,1,81,1,1,11
n3082,n3082,1,81,1,1,12
n3083,n3083,1,81,1,1,13
n3084,n3084,1,81,1,1,14
n3085,n3085,1,81,1,1,15
n3086,n3086,1,81,1,1,16
n3087,n3087,1,81,1,1,17
n3088,n3088,1,81,1,1,18
n3089,n3089,1,81,1,1,19
n3090,n3090,1,81,1,1,20
n3091,n3091,1,81,1,1,21
n3092,n3092,1,81,1,1,22
n3093,n3093,1,81,1,1,23
n3094,n3094,1,81,1,1,24
n3095,n3095,1,81,5,2,1
n3096,n3096,1,81,5,2,2
n3097,n3097,1,81,5,2,3
n3098,n3098,1,81,5,2,4
n3099,n3099,1,81,5,2,5
n3100,n3100,1,81,5,2,6
n3101,n3101,1,81,5,2,7
n3102,n3102,1,81,5,2,8
n3103,n3103,1,81,5,2,9
n3104,n3104,1,82,1,1,1
n3105,n3105,1,82,1,1,2
n3106,n3106,1,82,1,1,3
n3107,n3107,1,82,1,1,4
n3108,n3108,1,82,1,1,5
n3109,n3109,1,82,1,1,6
n3110,n3110,1,82,1,1,7
n3111,n3111,1,82,1,1,8
n3112,n3112,1,82,1,1,9
n3113,n3113,1,82,1,1,10
n3114,n3114,1,82,1,1,11
n3115,n3115,1,82,1,1,12
n3116,n3116,1,82,1,1,13
n3117,n3117,1,82,1,1,14
n3118,n3118,1,82,1,1,15
n3119,n3119,1,82,1,1,16
n3120,n3120,1,82,1,1,17
n3121,n3121,1,82,1,1,18
n3122,n3122,1,82,1,1,19
n3123,n3123,1,82,1,1,20
n3124,n3124,1,82,1,1,21
n3125,n3125,1,82,2,1,1
n3126,n3126,1,82,2,1,2
n3127,n3127,1,82,2,1,3
n3128,n3128,1,82,2,1,4
n3129,n3129,1,82,2,1,5
n3130,n3130,1,82,2,1,6
n3131,n3131,1,82,2,1,7
n3132,n3132,1,82,2,1,8
n3133,n3133,1,82,2,1,9
n3134,n3134,1,82,2,1,10
n3135,n3135,1,82,2,1,11
n3136,n3136,1,82,2,1,12
n3137,n3137,1,82,2,1,13
n3138,n3138,1,82,2,1,14
n3139,n3139,1,82,2,1,15
n3140,n3140,1,82,2,1,16
n3141,n3141,1,82,5,2,1
n3142,n3142,1,82,5,2,2
n3143,n3143,1,82,5,2,3
n3144,n3144,1,82,5,2,4
n3145,n3145,1,82,5,2,5
n3146,n3146,1,82,5,2,6
n3147,n3147,1,82,5,2,7
n3148,n3148,1,82,5,2,8
n3149,n3149,1,82,5,2,9
n3150,n3150,1,82,5,2,10
n3151,n3151,1,82,5,2,11
n3152,n3152,1,82,5,2,12
n3153,n3153,1,82,5,2,13
n3154,n3154,1,82,5,2,14
n3155,n3155,1,83,1,1,1
n3156,n3156,1,83,1,1,2
n3157,n3157,1,83,1,1,3
n3158,n3158,1,83,1,1,4
n3159,n3159,1,83,1,1,5
n3160,n3160,1,83,1,1,6
n3161,n3161,1,83,1,1,7
n3162,n3162,1,83,1,1,8
n3163,n3163,1,83,1,1,9
n3164,n3164,1,83,1,1,10
n3165,n3165,1,83,1,1,11
n3166,n3166,1,83,1,1,12
n3167,n3167,1,83,1,1,13
n3168,n3168,1,83,1,1,14
n3169,n3169,1,83,1,1,15
n3170,n3170,1,83,1,1,16
n3171,n3171,1,83,1,1,17
n3172,n3172,1,83,1,1,18
n3173,n3173,1,83,1,1,19
n3174,n3174,1,83,2,1,1
n3175,n3175,1,83,2,1,2
n3176,n3176,1,83,2,1,3
n3177,n3177,1,83,4,1,1
n3178,n3178,1,83,4,1,2
n3179,n3179,1,83,4,1,3
n3180,n3180,1,83,4,1,4
n3181,n3181,1,83,4,1,5
n3182,n3182,1,83,4,1,6
n3183,n3183,1,83,4,1,7
n3184,n3184,1,83,4,1,8
n3185,n3185,1,83,4,1,9
n3186,n3186,1,83,4,1,10
n3187,n3187,1,83,4,1,11
n3188,n3188,1,83,4,1,12
n3189,n3189,1,83,4,1,13
n3190,n3190,1,83,4,1,14
n3191,n3191,1,83,4,1,15
n3192,n3192,1,83,4,1,16
n3193,n3193,1,83,4,1,17
n3194,n3194,1,83,4,1,18
n3195,n3195,1,83,4,1,19
n3196,n3196,1,83,4,1,20
n3197,n3197,1,83,4,1,21
n3198,n3198,1,83,4,1,22
n3199,n3199,1,83,4,1,23
n3200,n3200,1,83,5,2,1
n3201,n3201,1,83,5,2,2
n3202,n3202,1,83,5,2,3
n3203,n3203,1,83,5,2,4
n3204,n3204,1,83,5,2,5
n3205,n3205,1,83,5,2,6
n3206,n3206,1,83,5,2,7
n3207,n3207,1,83,5,2,8
n3208,n3208,1,83,5,2,9
n3209,n3209,1,83,5,2,10
n3210,n3210,1,83,5,2,11
n3211,n3211,1,83,5,2,12
n3212,n3212,1,83,5,2,13
n3213,n3213,1,84,1,1,1
n3214,n3214,1,84,1,1,2
n3215,n3215,1,84,1,1,3
n3216,n3216,1,84,1,1,4
n3217,n3217,1,84,1,1,5
n3218,n3218,1,84,1,1,6
n3219,n3219,1,84,1,1,7
n3220,n3220,1,84,1,1,8
n3221,n3221,1,84,1,1,9
n3222,n3222,1,84,1,1,10
n3223,n3223,1,84,1,1,11
n3224,n3224,1,84,1,1,12
n3225,n3225,1,84,1,1,13
n3226,n3226,1,84,1,1,14
n3227,n3227,1,84,1,1,15
n3228,n3228,1,84,1,1,16
n3229,n3229,1,84,1,1,17
n3230,n3230,1,84,1,1,18
n3231,n3231,1,84,1,1,19
n3232,n3232,1,84,1,1,20
n3233,n3233,1,84,3,1,1
n3234,n3234,1,84,3,1,2
n3235,n3235,1,84,3,1,3
n3236,n3236,1,84,3,1,4
n3237,n3237,1,84,3,1,5
n3238,n3238,1,84,3,1,6
n3239,n3239,1,84,3,1,7
n3240,n3240,1,84,3,1,8
n3241,n3241,1,84,3,1,9
n3242,n3242,1,84,3,1,10
n3243,n3243,1,84,3,1,11
n3244,n3244,1,84,3,1,12
n3245,n3245,1,84,3,1,13
n3246,n3246,1,84,3,1,14
n3247,n3247,1,84,3,1,15
n3248,n3248,1,84,3,1,16
n3249,n3249,1,84,3,1,17
n3250,n3250,1,84,3,1,18
n3251,n3251,1,84,3,1,19
n3252,n3252,1,84,3,1,20
n3253,n3253,1,84,3,1,21
n3254,n3254,1,84,3,1,22
n3255,n3255,1,84,3,1,23
n3256,n3256,1,84,3,1,24
n3257,n3257,1,84,3,1,25
n3258,n3258,1,84,3,1,26
n3259,n3259,1,84,3,1,27
n3260,n3260,1,84,3,1,28
n3261,n3261,1,84,3,1,29
n3262,n3262,1,84,3,1,30
n3263,n3263,1,84,3,1,31
n3264,n3264,1,84,3,1,32
n3265,n3265,1,84,3,1,33
n3266,n3266,1,84,3,1,34
n3267,n3267,1,84,3,1,35
n3268,n3268,1,84,3,1,36
n3269,n3269,1,84,3,1,37
n3270,n3270,1,84,3,1,38
n3271,n3271,1,84,3,1,39
n3272,n3272,1,84,3,1,40
n3273,n3273,1,84,3,1,41
n3274,n3274,1,84,3,1,42
n3275,n3275,1,84,3,1,43
n3276,n3276,1,84,3,1,44
n3277,n3277,1,84,3,1,45
n3278,n3278,1,84,3,1,46
n3279,n3279,1,84,3,1,47
n3280,n3280,1,84,3,1,48
n3281,n3281,1,84,3,1,49
n3282,n3282,1,84,3,1,50
n3283,n3283,1,84,3,1,51
n3284,n3284,1,84,3,1,52
n3285,n3285,1,84,5,2,1
n3286,n3286,1,84,5,2,2
n3287,n3287,1,84,5,2,3
n3288,n3288,1,84,5,2,4
n3289,n3289,1,84,5,2,5
n3290,n3290,1,84,5,2,6
n3291,n3291,1,84,5,2,7
n3292,n3292,1,84,5,2,8
n3293,n3293,1,84,5,2,9
n3294,n3294,1,84,5,2,10
n3295,n3295,1,84,5,2,11
n3296,n3296,1,84,5,2,12
n3297,n3297,1,84,5,2,13
n3298,n3298,1,84,5,2,14
n3299,n3299,1,84,5,2,15
n3300,n3300,1,84,5,2,16
n3301,n3301,1,84,5,2,17
n3302,n3302,1,84,5,2,18
n3303,n3303,1,84,5,2,19
n3304,n3304,1,84,5,2,20
n3305,n3305,1,84,5,2,21
n3306,n3306,1,84,5,2,22
n3307,n3307,1,84,5,2,23
n3308,n3308,1,84,5,2,24
n3309,n3309,1,84,5,2,25
n3310,n3310,1,84,5,2,26
n3311,n3311,1,84,5,2,27
n3312,n3312,1,84,5,2,28
n3313,n3313,1,84,5,2,29
n3314,n3314,1,85,1,1,1
n3315,n3315,1,85,1,1,2
n3316,n3316,1,85,1,1,3
n3317,n3317,1,85,1,1,4
n3318,n3318,1,85,1,1,5
n3319,n3319,1,85,1,1,6
n3320,n3320,1,85,1,1,7
n3321,n3321,1,85,1,1,8
n3322,n3322,1,85,1,1,9
n3323,n3323,1,85,1,1,10
n3324,n3324,1,85,1,1,11
n3325,n3325,1,85,1,1,12
n3326,n3326,1,85,1,1,13
n3327,n3327,1,85,2,1,1
n3328,n3328,1,85,2,1,2
n3329,n3329,1,85,5,2,1
n3330,n3330,1,85,5,2,2
n3331,n3331,1,85,5,2,3
n3332,n3332,1,85,5,2,4
n3333,n3333,1,85,5,2,5
n3334,n3334,1,85,5,2,6
n3335,n3335,1,85,5,2,7
n3336,n3336,1,85,5,2,8
n3337,n3337,1,85,5,2,9
n3338,n3338,1,85,5,2,10
n3339,n3339,1,85,5,2,11
n3340,n3340,1,85,5,2,12
n3341,n3341,1,85,5,2,13
n3342,n3342,1,85,5,2,14
n3343,n3343,1,85,5,2,15
n3344,n3344,1,85,5,2,16
n3345,n3345,1,85,5,2,17
n3346,n3346,1,85,5,2,18
n3347,n3347,1,85,5,2,19
n3348,n3348,1,85,5,2,20
n3349,n3349,1,85,5,2,21
n3350,n3350,1,85,5,2,22
n3351,n3351,1,85,5,2,23
n3352,n3352,1,85,5,2,24
n3353,n3353,1,85,5,2,25
n3354,n3354,1,85,5,2,26
n3355,n3355,1,85,5,2,27
n3356,n3356,1,85,5,2,28
n3357,n3357,1,86,1,1,1
n3358,n3358,1,86,1,1,2
n3359,n3359,1,86,1,1,3
n3360,n3360,1,86,1,1,4
n3361,n3361,1,86,1,1,5
n3362,n3362,1,86,1,1,6
n3363,n3363,1,86,1,1,7
n3364,n3364,1,86,1,1,8
n3365,n3365,1,86,1,1,9
n3366,n3366,1,86,1,1,10
n3367,n3367,1,86,1,1,11
n3368,n3368,1,86,1,1,12
n3369,n3369,1,86,1,1,13
n3370,n3370,1,86,1,1,14
n3371,n3371,1,86,1,1,15
n3372,n3372,1,86,1,1,16
n3373,n3373,1,86,1,1,17
n3374,n3374,1,86,1,1,18
n3375,n3375,1,86,1,1,19
n3376,n3376,1,86,1,1,20
n3377,n3377,1,86,1,1,21
n3378,n3378,1,86,1,1,22
n3379,n3379,1,86,1,1,23
n3380,n3380,1,86,1,1,24
n3381,n3381,1,86,1,1,25
n3382,n3382,1,86,1,1,26
n3383,n3383,1,86,5,2,1
n3384,n3384,1,86,5,2,2
n3385,n3385,1,86,5,2,3
n3386,n3386,1,86,5,2,4
n3387,n3387,1,86,5,2,5
n3388,n3388,1,86,5,2,6
n3389,n3389,1,86,5,2,7
n3390,n3390,1,86,5,2,8
n3391,n3391,1,86,5,2,9
n3392,n3392,1,86,5,2,10
n3393,n3393,1,86,5,2,11
n3394,n3394,1,86,5,2,12
n3395,n3395,1,86,5,2,13
n3396,n3396,1,86,5,2,14
n3397,n3397,1,86,5,2,15
n3398,n3398,1,86,5,2,16
n3399,n3399,1,86,5,2,17
n3400,n3400,1,86,5,2,18
n3401,n3401,1,86,5,2,19
n3402,n3402,1,86,5,2,20
n3403,n3403,1,86,5,2,21
n3404,n3404,1,86,5,2,22
n3405,n3405,1,86,5,2,23
n3406,n3406,1,86,5,2,24
n3407,n3407,1,86,5,2,25
n3408,n3408,1,86,5,2,26
n3409,n3409,1,86,5,2,27
n3410,n3410,1,86,5,2,28
n3411,n3411,1,87,1,1,1
n3412,n3412,1,87,1,1,2
n3413,n3413,1,87,1,1,3
n3414,n3414,1,87,1,1,4
n3415,n3415,1,87,1,1,5
n3416,n3416,1,87,1,1,6
n3417,n3417,1,87,1,1,7
n3418,n3418,1,87,1,1,8
n3419,n3419,1,87,1,1,9
n3420,n3420,1,87,1,1,10
n3421,n3421,1,87,1,1,11
n3422,n3422,1,87,1,1,12
n3423,n3423,1,87,1,1,13
n3424,n3424,1,87,1,1,14
n3425,n3425,1,87,1,1,15
n3426,n3426,1,87,1,1,16
n3427,n3427,1,87,1,1,17
n3428,n3428,1,87,1,1,18
n3429,n3429,1,87,1,1,19
n3430,n3430,1,87,1,1,20
n3431,n3431,1,87,1,1,21
n3432,n3432,1,87,1,1,22
n3433,n3433,1,87,1,1,23
n3434,n3434,1,87,1,1,24
n3435,n3435,1,87,1,1,25
n3436,n3436,1,87,1,1,26
n3437,n3437,1,87,1,1,27
n3438,n3438,1,87,1,1,28
n3439,n3439,1,87,2,1,1
n3440,n3440,1,87,2,1,2
n3441,n3441,1,87,5,2,1
n3442,n3442,1,87,5,2,2
n3443,n3443,1,87,5,2,3
n3444,n3444,1,87,5,2,4
n3445,n3445,1,87,5,2,5
n3446,n3446,1,87,5,2,6
n3447,n3447,1,87,5,2,7
n3448,n3448,1,87,5,2,8
n3449,n3449,1,87,5,2,9
n3450,n3450,1,87,5,2,10
n3451,n3451,1,87,5,2,11
n3452,n3452,1,87,5,2,12
n3453,n3453,1,87,5,2,13
n3454,n3454,1,87,5,2,14
n3455,n3455,1,87,5,2,15
n3456,n3456,1,87,5,2,16
n3457,n3457,1,87,5,2,17
n3458,n3458,1,87,5,2,18
n3459,n3459,1,87,5,2,19
n3460,n3460,1,87,5,2,20
n3461,n3461,1,87,5,2,21
n3462,n3462,1,87,5,2,22
n3463,n3463,1,87,5,2,23
n3464,n3464,1,87,5,2,24
n3465,n3465,1,87,5,2,25
n3466,n3466,1,87,5,2,26
n3467,n3467,1,87,5,2,27
n3468,n3468,1,87,5,2,28
n3469,n3469,1,88,1,1,1
n3470,n3470,1,88,1,1,2
n3471,n3471,1,88,1,1,3
n3472,n3472,1,88,1,1,4
n3473,n3473,1,88,1,1,5
n3474,n3474,1,88,1,1,6
n3475,n3475,1,88,1,1,7
n3476,n3476,1,88,1,1,8
n3477,n3477,1,88,1,1,9
n3478,n3478,1,88,1,1,10
n3479,n3479,1,88,1,1,11
n3480,n3480,1,88,1,1,12
n3481,n3481,1,88,1,1,13
n3482,n3482,1,88,1,1,14
n3483,n3483,1,88,1,1,15
n3484,n3484,1,88,1,1,16
n3485,n3485,1,88,1,1,17
n3486,n3486,1,88,1,1,18
n3487,n3487,1,88,1,1,19
n3488,n3488,1,88,1,1,20
n3489,n3489,1,88,1,1,21
n3490,n3490,1,88,1,1,22
n3491,n3491,1,88,1,1,23
n3492,n3492,1,88,1,1,24
n3493,n3493,1,88,1,1,25
n3494,n3494,1,88,1,1,26
n3495,n3495,1,88,1,1,27
n3496,n3496,1,88,5,2,1
n3497,n3497,1,88,5,2,2
n3498,n3498,1,88,5,2,3
n3499,n3499,1,88,5,2,4
n3500,n3500,1,88,5,2,5
n3501,n3501,1,88,5,2,6
n3502,n3502,1,88,5,2,7
n3503,n3503,1,88,5,2,8
n3504,n3504,1,88,5,2,9
n3505,n3505,1,88,5,2,10
n3506,n3506,1,88,5,2,11
n3507,n3507,1,88,5,2,12
n3508,n3508,1,88,5,2,13
n3509,n3509,1,88,5,2,14
n3510,n3510,1,88,5,2,15
n3511,n3511,1,88,5,2,16
n3512,n3512,1,88,5,2,17
n3513,n3513,1,88,5,2,18
n3514,n3514,1,88,5,2,19
n3515,n3515,1,88,5,2,20
n3516,n3516,1,88,5,2,21
n3517,n3517,1,88,5,2,22
n3518,n3518,1,88,5,2,23
n3519,n3519,1,88,5,2,24
n3520,n3520,1,88,5,2,25
n3521,n3521,1,88,5,2,26
n3522,n3522,1,89,1,1,1
n3523,n3523,1,89,1,1,2
n3524,n3524,1,89,1,1,3
n3525,n3525,1,89,1,1,4
n3526,n3526,1,89,1,1,5
n3527,n3527,1,89,1,1,6
n3528,n3528,1,89,1,1,7
n3529,n3529,1,89,1,1,8
n3530,n3530,1,89,1,1,9
n3531,n3531,1,89,1,1,10
n3532,n3532,1,89,1,1,11
n3533,n3533,1,89,1,1,12
n3534,n3534,1,89,1,1,13
n3535,n3535,1,89,1,1,14
n3536,n3536,1,89,1,1,15
n3537,n3537,1,89,1,1,16
n3538,n3538,1,89,1,1,17
n3539,n3539,1,89,1,1,18
n3540,n3540,1,89,1,1,19
n3541,n3541,1,89,1,1,20
n3542,n3542,1,89,1,1,21
n3543,n3543,1,89,1,1,22
n3544,n3544,1,89,1,1,23
n3545,n3545,1,89,1,1,24
n3546,n3546,1,89,1,1,25
n3547,n3547,1,89,1,1,26
n3548,n3548,1,89,1,1,27
n3549,n3549,1,89,1,1,28
n3550,n3550,1,89,1,1,29
n3551,n3551,1,89,5,2,1
n3552,n3552,1,89,5,2,2
n3553,n3553,1,89,5,2,3
n3554,n3554,1,89,5,2,4
n3555,n3555,1,89,5,2,5
n3556,n3556,1,89,5,2,6
n3557,n3557,1,89,5,2,7
n3558,n3558,1,89,5,2,8
n3559,n3559,1,89,5,2,9
n3560,n3560,1,89,5,2,10
n3561,n3561,1,89,5,2,11
n3562,n3562,1,89,5,2,12
n3563,n3563,1,89,5,2,13
n3564,n3564,1,89,5,2,14
n3565,n3565,1,89,5,2,15
n3566,n3566,1,89,5,2,16
n3567,n3567,1,89,5,2,17
n3568,n3568,1,89,5,2,18
n3569,n3569,1,89,5,2,19
n3570,n3570,1,89,5,2,20
n3571,n3571,1,89,5,2,21
n3572,n3572,1,89,5,2,22
n3573,n3573,1,89,5,2,23
n3574,n3574,1,89,5,2,24
n3575,n3575,1,89,5,2,25
n3576,n3576,1,89,5,2,26
n3577,n3577,1,90,1,1,1
n3578,n3578,1,90,1,1,2
n3579,n3579,1,90,1,1,3
n3580,n3580,1,90,1,1,4
n3581,n3581,1,90,1,1,5
n3582,n3582,1,90,1,1,6
n3583,n3583,1,90,1,1,7
n3584,n3584,1,90,1,1,8
n3585,n3585,1,90,1,1,9
n3586,n3586,1,90,1,1,10
n3587,n3587,1,90,1,1,11
n3588,n3588,1,90,1,1,12
n3589,n3589,1,90,1,1,13
n3590,n3590,1,90,1,1,14
n3591,n3591,1,90,1,1,15
n3592,n3592,1,90,1,1,16
n3593,n3593,1,90,1,1,17
n3594,n3594,1,90,1,1,18
n3595,n3595,1,90,1,1,19
n3596,n3596,1,90,1,1,20
n3597,n3597,1,90,1,1,21
n3598,n3598,1,90,1,1,22
n3599,n3599,1,90,1,1,23
n3600,n3600,1,90,1,1,24
n3601,n3601,1,90,1,1,25
n3602,n3602,1,90,1,1,26
n3603,n3603,1,90,5,2,1
n3604,n3604,1,90,5,2,2
n3605,n3605,1,90,5,2,3
n3606,n3606,1,90,5,2,4
n3607,n3607,1,90,5,2,5
n3608,n3608,1,90,5,2,6
n3609,n3609,1,90,5,2,7
n3610,n3610,1,90,5,2,8
n3611,n3611,1,90,5,2,9
n3612,n3612,1,90,5,2,10
n3613,n3613,1,90,5,2,11
n3614,n3614,1,90,5,2,12
n3615,n3615,1,90,5,2,13
n3616,n3616,1,90,5,2,14
n3617,n3617,1,90,5,2,15
n3618,n3618,1,90,5,2,16
n3619,n3619,1,90,5,2,17
n3620,n3620,1,90,5,2,18
n3621,n3621,1,90,5,2,19
n3622,n3622,1,90,5,2,20
n3623,n3623,1,90,5,2,21
n3624,n3624,1,90,5,2,22
n3625,n3625,1,90,5,2,23
n3626,n3626,1,90,5,2,24
n3627,n3627,1,90,5,2,25
n3628,n3628,1,90,5,2,26
n3629,n3629,1,90,5,2,27
n3630,n3630,1,91,1,1,1
n3631,n3631,1,91,1,1,2
n3632,n3632,1,91,1,1,3
n3633,n3633,1,91,1,1,4
n3634,n3634,1,91,1,1,5
n3635,n3635,1,91,1,1,6
n3636,n3636,1,91,1,1,7
n3637,n3637,1,91,1,1,8
n3638,n3638,1,91,1,1,9
n3639,n3639,1,91,1,1,10
n3640,n3640,1,91,1,1,11
n3641,n3641,1,91,1,1,12
n3642,n3642,1,91,1,1,13
n3643,n3643,1,91,1,1,14
n3644,n3644,1,91,1,1,15
n3645,n3645,1,91,1,1,16
n3646,n3646,1,91,1,1,17
n3647,n3647,1,91,1,1,18
n3648,n3648,1,91,1,1,19
n3649,n3649,1,91,1,1,20
n3650,n3650,1,91,1,1,21
n3651,n3651,1,91,1,1,22
n3652,n3652,1,91,2,1,1
n3653,n3653,1,91,2,1,2
n3654,n3654,1,91,2,1,3
n3655,n3655,1,91,2,1,4
n3656,n3656,1,91,2,1,5
n3657,n3657,1,91,2,1,6
n3658,n3658,1,91,2,1,7
n3659,n3659,1,91,2,1,8
n3660,n3660,1,91,2,1,9
n3661,n3661,1,91,2,1,10
n3662,n3662,1,91,2,1,11
n3663,n3663,1,91,2,1,12
n3664,n3664,1,91,2,1,13
n3665,n3665,1,91,2,1,14
n3666,n3666,1,91,2,1,15
n3667,n3667,1,91,5,2,1
n3668,n3668,1,91,5,2,2
n3669,n3669,1,91,5,2,3
n3670,n3670,1,91,5,2,4
n3671,n3671,1,91,5,2,5
n3672,n3672,1,91,5,2,6
n3673,n3673,1,91,5,2,7
n3674,n3674,1,91,5,2,8
n3675,n3675,1,91,5,2,9
n3676,n3676,1,91,5,2,10
n3677,n3677,1,91,5,2,11
n3678,n3678,1,91,5,2,12
n3679,n3679,1,91,5,2,13
n3680,n3680,1,91,5,2,14
n3681,n3681,1,91,5,2,15
n3682,n3682,1,91,5,2,16
n3683,n3683,1,91,5,2,17
n3684,n3684,1,91,5,2,18
n3685,n3685,1,91,5,2,19
n3686,n3686,1,91,5,2,20
n3687,n3687,1,91,5,2,21
n3688,n3688,1,91,5,2,22
n3689,n3689,1,91,5,2,23
n3690,n3690,1,91,5,2,24
n3691,n3691,1,91,5,2,25
n3692,n3692,1,91,5,2,26
n3693,n3693,1,91,5,2,27
n3694,n3694,1,91,5,2,28
n3695,n3695,1,91,5,2,29
n3696,n3696,1,91,5,2,30
n3697,n3697,1,91,5,2,31
n3698,n3698,1,91,5,2,32
n3699,n3699,1,92,1,1,1
n3700,n3700,1,92,1,1,2
n3701,n3701,1,92,1,1,3
n3702,n3702,1,92,1,1,4
n3703,n3703,1,92,1,1,5
n3704,n3704,1,92,1,1,6
n3705,n3705,1,92,1,1,7
n3706,n3706,1,92,1,1,8
n3707,n3707,1,92,1,1,9
n3708,n3708,1,92,1,1,10
n3709,n3709,1,92,1,1,11
n3710,n3710,1,92,1,1,12
n3711,n3711,1,92,1,1,13
n3712,n3712,1,92,1,1,14
n3713,n3713,1,92,1,1,15
n3714,n3714,1,92,1,1,16
n3715,n3715,1,92,1,1,17
n3716,n3716,1,92,1,1,18
n3717,n3717,1,92,1,1,19
n3718,n3718,1,92,1,1,20
n3719,n3719,1,92,1,1,21
n3720,n3720,1,92,1,1,22
n3721,n3721,1,92,1,1,23
n3722,n3722,1,92,1,1,24
n3723,n3723,1,92,1,1,25
n3724,n3724,1,92,1,1,26
n3725,n3725,1,92,1,1,27
n3726,n3726,1,92,1,1,28
n3727,n3727,1,92,1,1,29
n3728,n3728,1,92,1,1,30
n3729,n3729,1,92,1,1,31
n3730,n3730,1,92,1,1,32
n3731,n3731,1,92,1,1,33
n3732,n3732,1,92,1,1,34
n3733,n3733,1,92,1,1,35
n3734,n3734,1,92,1,1,36
n3735,n3735,1,92,1,1,37
n3736,n3736,1,92,1,1,38
n3737,n3737,1,92,1,1,39
n3738,n3738,1,92,1,1,40
n3739,n3739,1,92,1,1,41
n3740,n3740,1,92,1,1,42
n3741,n3741,1,92,1,1,43
n3742,n3742,1,92,1,1,44
n3743,n3743,1,92,1,1,45
n3744,n3744,1,92,1,1,46
n3745,n3745,1,92,1,1,47
n3746,n3746,1,92,1,1,48
n3747,n3747,1,92,1,1,49
n3748,n3748,1,92,5,2,1
n3749,n3749,1,92,5,2,2
n3750,n3750,1,92,5,2,3
n3751,n3751,1,92,5,2,4
n3752,n3752,1,92,5,2,5
n3753,n3753,1,92,5,2,6
n3754,n3754,1,92,5,2,7
n3755,n3755,1,92,5,2,8
n3756,n3756,1,92,5,2,9
n3757,n3757,1,92,5,2,10
n3758,n3758,1,92,5,2,11
n3759,n3759,1,92,5,2,12
n3760,n3760,1,92,5,2,13
n3761,n3761,1,92,5,2,14
n3762,n3762,1,92,5,2,15
n3763,n3763,1,92,5,2,16
n3764,n3764,1,92,5,2,17
n3765,n3765,1,92,5,2,18
n3766,n3766,1,92,5,2,19
n3767,n3767,1,92,5,2,20
n3768,n3768,1,92,5,2,21
n3769,n3769,1,92,5,2,22
n3770,n3770,1,92,5,2,23
n3771,n3771,1,92,5,2,24
n3772,n3772,1,92,5,2,25
n3773,n3773,1,92,5,2,26
n3774,n3774,1,92,5,2,27
n3775,n3775,1,92,5,2,28
n3776,n3776,1,92,5,2,29
n3777,n3777,1,92,5,2,30
n3778,n3778,1,92,5,2,31
n3779,n3779,1,92,5,2,32
n3780,n3780,1,92,5,2,33
n3781,n3781,1,92,5,2,34
n3782,n3782,1,92,5,2,35
n3783,n3783,1,92,5,2,36
n3784,n3784,1,92,5,2,37
n3785,n3785,1,92,5,2,38
n3786,n3786,1,92,5,2,39
n3787,n3787,1,92,5,2,40
n3788,n3788,1,92,5,2,41
n3789,n3789,1,92,5,2,42
n3790,n3790,1,93,1,1,1
n3791,n3791,1,93,1,1,2
n3792,n3792,1,93,1,1,3
n3793,n3793,1,93,1,1,4
n3794,n3794,1,93,1,1,5
n3795,n3795,1,93,1,1,6
n3796,n3796,1,93,1,1,7
n3797,n3797,1,93,1,1,8
n3798,n3798,1,93,1,1,9
n3799,n3799,1,93,1,1,10
n3800,n3800,1,93,1,1,11
n3801,n3801,1,93,1,1,12
n3802,n3802,1,93,1,1,13
n3803,n3803,1,93,1,1,14
n3804,n3804,1,93,1,1,15
n3805,n3805,1,93,1,1,16
n3806,n3806,1,93,1,1,17
n3807,n3807,1,93,1,1,18
n3808,n3808,1,93,1,1,19
n3809,n3809,1,93,1,1,20
n3810,n3810,1,93,1,1,21
n3811,n3811,1,93,1,1,22
n3812,n3812,1,93,1,1,23
n3813,n3813,1,93,1,1,24
n3814,n3814,1,93,1,1,25
n3815,n3815,1,93,5,2,1
n3816,n3816,1,93,5,2,2
n3817,n3817,1,93,5,2,3
n3818,n3818,1,93,5,2,4
n3819,n3819,1,93,5,2,5
n3820,n3820,1,93,5,2,6
n3821,n3821,1,93,5,2,7
n3822,n3822,1,93,5,2,8
n3823,n3823,1,93,5,2,9
n3824,n3824,1,93,5,2,10
n3825,n3825,1,93,5,2,11
n3826,n3826,1,93,5,2,12
n3827,n3827,1,93,5,2,13
n3828,n3828,1,93,5,2,14
n3829,n3829,1,93,5,2,15
n3830,n3830,1,93,5,2,16
n3831,n3831,1,93,5,2,17
n3832,n3832,1,93,5,2,18
n3833,n3833,1,93,5,2,19
n3834,n3834,1,93,5,2,20
n3835,n3835,1,93,5,2,21
n3836,n3836,1,93,5,2,22
n3837,n3837,1,93,5,2,23
n3838,n3838,1,93,5,2,24
n3839,n3839,1,93,5,2,25
n3840,n3840,1,93,5,2,26
n3841,n3841,1,93,5,2,27
n3842,n3842,1,93,5,2,28
n3843,n3843,1,93,5,2,29
n3844,n3844,1,93,5,2,30
n3845,n3845,1,93,5,2,31
n3846,n3846,1,93,5,2,32
n3847,n3847,1,94,1,1,1
n3848,n3848,1,94,1,1,2
n3849,n3849,1,94,1,1,3
n3850,n3850,1,94,1,1,4
n3851,n3851,1,94,1,1,5
n3852,n3852,1,94,1,1,6
n3853,n3853,1,94,1,1,7
n3854,n3854,1,94,1,1,8
n3855,n3855,1,94,1,1,9
n3856,n3856,1,94,1,1,10
n3857,n3857,1,94,1,1,11
n3858,n3858,1,94,1,1,12
n3859,n3859,1,94,1,1,13
n3860,n3860,1,94,1,1,14
n3861,n3861,1,94,1,1,15
n3862,n3862,1,94,1,1,16
n3863,n3863,1,94,1,1,17
n3864,n3864,1,94,1,1,18
n3865,n3865,1,94,1,1,19
n3866,n3866,1,94,1,1,20
n3867,n3867,1,94,1,1,21
n3868,n3868,1,94,5,2,1
n3869,n3869,1,94,5,2,2
n3870,n3870,1,94,5,2,3
n3871,n3871,1,94,5,2,4
n3872,n3872,1,94,5,2,5
n3873,n3873,1,94,5,2,6
n3874,n3874,1,94,5,2,7
n3875,n3875,1,94,5,2,8
n3876,n3876,1,94,5,2,9
n3877,n3877,1,94,5,2,10
n3878,n3878,1,94,5,2,11
n3879,n3879,1,94,5,2,12
n3880,n3880,1,94,5,2,13
n3881,n3881,1,94,5,2,14
n3882,n3882,1,94,5,2,15
n3883,n3883,1,94,5,2,16
n3884,n3884,1,94,5,2,17
n3885,n3885,1,94,5,2,18
n3886,n3886,1,94,5,2,19
n3887,n3887,1,94,5,2,20
n3888,n3888,1,94,5,2,21
n3889,n3889,1,94,5,2,22
n3890,n3890,1,94,5,2,23
n3891,n3891,1,94,5,2,24
n3892,n3892,1,94,5,2,25
n3893,n3893,1,94,5,2,26
n3894,n3894,1,94,5,2,27
n3895,n3895,1,94,5,2,28
n3896,n3896,1,94,5,2,29
n3897,n3897,1,94,5,2,30
n3898,n3898,1,94,5,2,31
n3899,n3899,1,94,5,2,32
n3900,n3900,1,94,5,2,33
n3901,n3901,1,94,5,2,34
n3902,n3902,1,94,5,2,35
n3903,n3903,1,95,1,1,1
n3904,n3904,1,95,1,1,2
n3905,n3905,1,95,1,1,3
n3906,n3906,1,95,1,1,4
n3907,n3907,1,95,1,1,5
n3908,n3908,1,95,1,1,6
n3909,n3909,1,95,1,1,7
n3910,n3910,1,95,1,1,8
n3911,n3911,1,95,1,1,9
n3912,n3912,1,95,1,1,10
n3913,n3913,1,95,1,1,11
n3914,n3914,1,95,1,1,12
n3915,n3915,1,95,1,1,13
n3916,n3916,1,95,1,1,14
n3917,n3917,1,95,1,1,15
n3918,n3918,1,95,1,1,16
n3919,n3919,1,95,1,1,17
n3920,n3920,1,95,1,1,18
n3921,n3921,1,95,1,1,19
n3922,n3922,1,95,1,1,20
n3923,n3923,1,95,1,1,21
n3924,n3924,1,95,1,1,22
n3925,n3925,1,95,1,1,23
n3926,n3926,1,95,1,1,24
n3927,n3927,1,95,1,1,25
n3928,n3928,1,95,1,1,26
n3929,n3929,1,95,1,1,27
n3930,n3930,1,95,1,1,28
n3931,n3931,1,95,1,1,29
n3932,n3932,1,95,1,1,30
n3933,n3933,1,95,5,2,1
n3934,n3934,1,95,5,2,2
n3935,n3935,1,95,5,2,3
n3936,n3936,1,95,5,2,4
n3937,n3937,1,95,5,2,5
n3938,n3938,1,95,5,2,6
n3939,n3939,1,95,5,2,7
n3940,n3940,1,95,5,2,8
n3941,n3941,1,95,5,2,9
n3942,n3942,1,95,5,2,10
n3943,n3943,1,95,5,2,11
n3944,n3944,1,95,5,2,12
n3945,n3945,1,95,5,2,13
n3946,n3946,1,95,5,2,14
n3947,n3947,1,95,5,2,15
n3948,n3948,1,95,5,2,16
n3949,n3949,1,95,5,2,17
n3950,n3950,1,95,5,2,18
n3951,n3951,1,95,5,2,19
n3952,n3952,1,95,5,2,20
n3953,n3953,1,95,5,2,21
n3954,n3954,1,95,5,2,22
n3955,n3955,1,95,5,2,23
n3956,n3956,1,95,5,2,24
n3957,n3957,1,95,5,2,25
n3958,n3958,1,95,5,2,26
n3959,n3959,1,95,5,2,27
n3960,n3960,1,95,5,2,28
n3961,n3961,1,95,5,2,29
n3962,n3962,1,95,5,2,30
n3963,n3963,1,95,5,2,31
n3964,n3964,1,96,1,1,1
n3965,n3965,1,96,1,1,2
n3966,n3966,1,96,1,1,3
n3967,n3967,1,96,1,1,4
n3968,n3968,1,96,1,1,5
n3969,n3969,1,96,1,1,6
n3970,n3970,1,96,1,1,7
n3971,n3971,1,96,1,1,8
n3972,n3972,1,96,1,1,9
n3973,n3973,1,96,1,1,10
n3974,n3974,1,96,1,1,11
n3975,n3975,1,96,1,1,12
n3976,n3976,1,96,1,1,13
n3977,n3977,1,96,1,1,14
n3978,n3978,1,96,1,1,15
n3979,n3979,1,96,1,1,16
n3980,n3980,1,96,1,1,17
n3981,n3981,1,96,1,1,18
n3982,n3982,1,96,1,1,19
n3983,n3983,1,96,1,1,20
n3984,n3984,1,96,1,1,21
n3985,n3985,1,96,5,2,1
n3986,n3986,1,96,5,2,2
n3987,n3987,1,96,5,2,3
n3988,n3988,1,96,5,2,4
n3989,n3989,1,96,5,2,5
n3990,n3990,1,96,5,2,6
n3991,n3991,1,96,5,2,7
n3992,n3992,1,96,5,2,8
n3993,n3993,1,96,5,2,9
n3994,n3994,1,96,5,2,10
n3995,n3995,1,96,5,2,11
n3996,n3996,1,96,5,2,12
n3997,n3997,1,96,5,2,13
n3998,n3998,1,96,5,2,14
n3999,n3999,1,96,5,2,15
n4000,n4000,1,96,5,2,16
n4001,n4001,1,96,5,2,17
n4002,n4002,1,96,5,2,18
n4003,n4003,1,96,5,2,19
n4004,n4004,1,96,5,2,20
n4005,n4005,1,96,5,2,21
n4006,n4006,1,96,5,2,22
n4007,n4007,1,96,5,2,23
n4008,n4008,1,96,5,2,24
n4009,n4009,1,96,5,2,25
n4010,n4010,1,96,5,2,26
n4011,n4011,1,96,5,2,27
n4012,n4012,1,96,5,2,28
n4013,n4013,1,96,5,2,29
n4014,n4014,1,96,5,2,30
n4015,n4015,1,96,5,2,31
n4016,n4016,1,96,5,2,32
n4017,n4017,1,97,1,1,1
n4018,n4018,1,97,1,1,2
n4019,n4019,1,97,1,1,3
n4020,n4020,1,97,1,1,4
n4021,n4021,1,97,1,1,5
n4022,n4022,1,97,1,1,6
n4023,n4023,1,97,1,1,7
n4024,n4024,1,97,1,1,8
n4025,n4025,1,97,1,1,9
n4026,n4026,1,97,1,1,10
n4027,n4027,1,97,1,1,11
n4028,n4028,1,97,1,1,12
n4029,n4029,1,97,1,1,13
n4030,n4030,1,97,1,1,14
n4031,n4031,1,97,1,1,15
n4032,n4032,1,97,1,1,16
n4033,n4033,1,97,1,1,17
n4034,n4034,1,97,1,1,18
n4035,n4035,1,97,1,1,19
n4036,n4036,1,97,1,1,20
n4037,n4037,1,97,1,1,21
n4038,n4038,1,97,1,1,22
n4039,n4039,1,97,1,1,23
n4040,n4040,1,97,1,1,24
n4041,n4041,1,97,3,1,1
n4042,n4042,1,97,5,2,1
n4043,n4043,1,97,5,2,2
n4044,n4044,1,97,5,2,3
n4045,n4045,1,97,5,2,4
n4046,n4046,1,97,5,2,5
n4047,n4047,1,97,5,2,6
n4048,n4048,1,97,5,2,7
n4049,n4049,1,97,5,2,8
n4050,n4050,1,97,5,2,9
n4051,n4051,1,97,5,2,10
n4052,n4052,1,97,5,2,11
n4053,n4053,1,97,5,2,12
n4054,n4054,1,97,5,2,13
n4055,n4055,1,97,5,2,14
n4056,n4056,1,97,5,2,15
n4057,n4057,1,97,5,2,16
n4058,n4058,1,97,5,2,17
n4059,n4059,1,97,5,2,18
n4060,n4060,1,97,5,2,19
n4061,n4061,1,97,5,2,20
n4062,n4062,1,97,5,2,21
n4063,n4063,1,97,5,2,22
n4064,n4064,1,97,5,2,23
n4065,n4065,1,97,5,2,24
n4066,n4066,1,97,5,2,25
n4067,n4067,1,97,5,2,26
n4068,n4068,1,97,5,2,27
n4069,n4069,1,97,5,2,28
n4070,n4070,1,97,5,2,29
n4071,n4071,1,97,5,2,30
n4072,n4072,1,97,5,2,31
n4073,n4073,1,98,1,1,1
n4074,n4074,1,98,1,1,2
n4075,n4075,1,98,1,1,3
n4076,n4076,1,98,1,1,4
n4077,n4077,1,98,1,1,5
n4078,n4078,1,98,1,1,6
n4079,n4079,1,98,1,1,7
n4080,n4080,1,98,1,1,8
n4081,n4081,1,98,1,1,9
n4082,n4082,1,98,1,1,10
n4083,n4083,1,98,1,1,11
n4084,n4084,1,98,1,1,12
n4085,n4085,1,98,1,1,13
n4086,n4086,1,98,1,1,14
n4087,n4087,1,98,1,1,15
n4088,n4088,1,98,1,1,16
n4089,n4089,1,98,1,1,17
n4090,n4090,1,98,3,1,1
n4091,n4091,1,98,3,1,2
n4092,n4092,1,98,3,1,3
n4093,n4093,1,98,3,1,4
n4094,n4094,1,98,3,1,5
n4095,n4095,1,98,3,1,6
n4096,n4096,1,98,3,1,7
n4097,n4097,1,98,3,1,8
n4098,n4098,1,98,3,1,9
n4099,n4099,1,98,3,1,10
n4100,n4100,1,98,3,1,11
n4101,n4101,1,98,3,1,12
n4102,n4102,1,98,3,1,13
n4103,n4103,1,98,3,1,14
n4104,n4104,1,98,3,1,15
n4105,n4105,1,98,3,1,16
n4106,n4106,1,98,3,1,17
n4107,n4107,1,98,3,1,18
n4108,n4108,1,98,3,1,19
n4109,n4109,1,98,3,1,20
n4110,n4110,1,98,3,1,21
n4111,n4111,1,98,5,2,1
n4112,n4112,1,98,5,2,2
n4113,n4113,1,98,5,2,3
n4114,n4114,1,98,5,2,4
n4115,n4115,1,98,5,2,5
n4116,n4116,1,98,5,2,6
n4117,n4117,1,98,5,2,7
n4118,n4118,1,98,5,2,8
n4119,n4119,1,98,5,2,9
n4120,n4120,1,98,5,2,10
n4121,n4121,1,98,5,2,11
n4122,n4122,1,98,5,2,12
n4123,n4123,1,98,5,2,13
n4124,n4124,1,98,5,2,14
n4125,n4125,1,98,5,2,15
n4126,n4126,1,98,5,2,16
n4127,n4127,1,98,5,2,17
n4128,n4128,1,98,5,2,18
n4129,n4129,1,98,5,2,19
n4130,n4130,1,98,5,2,20
n4131,n4131,1,98,5,2,21
n4132,n4132,1,98,5,2,22
n4133,n4133,1,98,5,2,23
n4134,n4134,1,98,5,2,24
n4135,n4135,1,98,5,2,25
n4136,n4136,1,98,5,2,26
n4137,n4137,1,98,5,2,27
n4138,n4138,1,98,5,2,28
n4139,n4139,1,98,5,2,29
n4140,n4140,1,98,5,2,30
n4141,n4141,1,98,5,2,31
n4142,n4142,1,98,5,2,32
n4143,n4143,1,98,5,2,33
n4144,n4144,1,99,1,1,1
n4145,n4145,1,99,1,1,2
n4146,n4146,1,99,1,1,3
n4147,n4147,1,99,1,1,4
n4148,n4148,1,99,1,1,5
n4149,n4149,1,99,1,1,6
n4150,n4150,1,99,1,1,7
n4151,n4151,1,99,1,1,8
n4152,n4152,1,99,1,1,9
n4153,n4153,1,99,1,1,10
n4154,n4154,1,99,1,1,11
n4155,n4155,1,99,1,1,12
n4156,n4156,1,99,1,1,13
n4157,n4157,1,99,1,1,14
n4158,n4158,1,99,1,1,15
n4159,n4159,1,99,1,1,16
n4160,n4160,1,99,1,1,17
n4161,n4161,1,99,1,1,18
n4162,n4162,1,99,1,1,19
n4163,n4163,1,99,1,1,20
n4164,n4164,1,99,1,1,21
n4165,n4165,1,99,1,1,22
n4166,n4166,1,99,1,1,23
n4167,n4167,1,99,1,1,24
n4168,n4168,1,99,1,1,25
n4169,n4169,1,99,1,1,26
n4170,n4170,1,99,1,1,27
n4171,n4171,1,99,5,2,1
n4172,n4172,1,99,5,2,2
n4173,n4173,1,99,5,2,3
n4174,n4174,1,99,5,2,4
n4175,n4175,1,99,5,2,5
n4176,n4176,1,99,5,2,6
n4177,n4177,1,99,5,2,7
n4178,n4178,1,99,5,2,8
n4179,n4179,1,99,5,2,9
n4180,n4180,1,99,5,2,10
n4181,n4181,1,99,5,2,11
n4182,n4182,1,99,5,2,12
n4183,n4183,1,99,5,2,13
n4184,n4184,1,99,5,2,14
n4185,n4185,1,99,5,2,15
n4186,n4186,1,99,5,2,16
n4187,n4187,1,99,5,2,17
n4188,n4188,1,99,5,2,18
n4189,n4189,1,99,5,2,19
n4190,n4190,1,99,5,2,20
n4191,n4191,1,99,5,2,21
n4192,n4192,1,99,5,2,22
n4193,n4193,1,99,5,2,23
n4194,n4194,1,99,5,2,24
n4195,n4195,1,99,5,2,25
n4196,n4196,1,99,5,2,26
n4197,n4197,1,99,5,2,27
n4198,n4198,1,99,5,2,28
n4199,n4199,1,99,5,2,29
n4200,n4200,1,99,5,2,30
n4201,n4201,1,99,5,2,31
n4202,n4202,1,99,5,2,32
n4203,n4203,1,100,1,1,1
n4204,n4204,1,100,1,1,2
n4205,n4205,1,100,1,1,3
n4206,n4206,1,100,1,1,4
n4207,n4207,1,100,1,1,5
n4208,n4208,1,100,1,1,6
n4209,n4209,1,100,1,1,7
n4210,n4210,1,100,1,1,8
n4211,n4211,1,100,1,1,9
n4212,n4212,1,100,1,1,10
n4213,n4213,1,100,1,1,11
n4214,n4214,1,100,1,1,12
n4215,n4215,1,100,1,1,13
n4216,n4216,1,100,1,1,14
n4217,n4217,1,100,1,1,15
n4218,n4218,1,100,1,1,16
n4219,n4219,1,100,1,1,17
n4220,n4220,1,100,1,1,18
n4221,n4221,1,100,1,1,19
n4222,n4222,1,100,1,1,20
n4223,n4223,1,100,3,1,1
n4224,n4224,1,100,5,2,1
n4225,n4225,1,100,5,2,2
n4226,n4226,1,100,5,2,3
n4227,n4227,1,100,5,2,4
n4228,n4228,1,100,5,2,5
n4229,n4229,1,100,5,2,6
n4230,n4230,1,100,5,2,7
n4231,n4231,1,100,5,2,8
n4232,n4232,1,100,5,2,9
n4233,n4233,1,100,5,2,10
n4234,n4234,1,100,5,2,11
n4235,n4235,1,100,5,2,12
n4236,n4236,1,100,5,2,13
n4237,n4237,1,100,5,2,14
n4238,n4238,1,100,5,2,15
n4239,n4239,1,100,5,2,16
n4240,n4240,1,100,5,2,17
n4241,n4241,1,100,5,2,18
n4242,n4242,1,100,5,2,19
n4243,n4243,1,100,5,2,20
n4244,n4244,1,100,5,2,21
n4245,n4245,1,100,5,2,22
n4246,n4246,1,100,5,2,23
n4247,n4247,1,100,5,2,24
n4248,n4248,1,100,5,2,25
n4249,n4249,1,100,5,2,26
n4250,n4250,1,100,5,2,27
n4251,n4251,1,100,5,2,28
n4252,n4252,1,100,5,2,29
n4253,n4253,1,100,5,2,30
n4254,n4254,1,100,5,2,31
n4255,n4255,1,100,5,2,32
n4256,n4256,1,101,1,1,1
n4257,n4257,1,101,1,1,2
n4258,n4258,1,101,1,1,3
n4259,n4259,1,101,1,1,4
n4260,n4260,1,101,1,1,5
n4261,n4261,1,101,1,1,6
n4262,n4262,1,101,1,1,7
n4263,n4263,1,101,1,1,8
n4264,n4264,1,101,1,1,9
n4265,n4265,1,101,1,1,10
n4266,n4266,1,101,1,1,11
n4267,n4267,1,101,1,1,12
n4268,n4268,1,101,1,1,13
n4269,n4269,1,101,1,1,14
n4270,n4270,1,101,1,1,15
n4271,n4271,1,101,1,1,16
n4272,n4272,1,101,1,1,17
n4273,n4273,1,101,1,1,18
n4274,n4274,1,101,1,1,19
n4275,n4275,1,101,1,1,20
n4276,n4276,1,101,1,1,21
n4277,n4277,1,101,1,1,22
n4278,n4278,1,101,1,1,23
n4279,n4279,1,101,1,1,24
n4280,n4280,1,101,1,1,25
n4281,n4281,1,101,1,1,26
n4282,n4282,1,101,1,1,27
n4283,n4283,1,101,1,1,28
n4284,n4284,1,101,1,1,29
n4285,n4285,1,101,3,1,1
n4286,n4286,1,101,5,2,1
n4287,n4287,1,101,5,2,2
n4288,n4288,1,101,5,2,3
n4289,n4289,1,101,5,2,4
n4290,n4290,1,101,5,2,5
n4291,n4291,1,101,5,2,6
n4292,n4292,1,101,5,2,7
n4293,n4293,1,101,5,2,8
n4294,n4294,1,101,5,2,9
n4295,n4295,1,101,5,2,10
n4296,n4296,1,101,5,2,11
n4297,n4297,1,101,5,2,12
n4298,n4298,1,101,5,2,13
n4299,n4299,1,101,5,2,14
n4300,n4300,1,101,5,2,15
n4301,n4301,1,101,5,2,16
n4302,n4302,1,101,5,2,17
n4303,n4303,1,101,5,2,18
n4304,n4304,1,101,5,2,19
n4305,n4305,1,101,5,2,20
n4306,n4306,1,101,5,2,21
n4307,n4307,1,101,5,2,22
n4308,n4308,1,101,5,2,23
n4309,n4309,1,101,5,2,24
n4310,n4310,1,101,5,2,25
n4311,n4311,1,101,5,2,26
n4312,n4312,1,101,5,2,27
n4313,n4313,1,101,5,2,28
n4314,n4314,1,102,1,1,1
n4315,n4315,1,102,1,1,2
n4316,n4316,1,102,1,1,3
n4317,n4317,1,102,1,1,4
n4318,n4318,1,102,1,1,5
n4319,n4319,1,102,1,1,6
n4320,n4320,1,102,1,1,7
n4321,n4321,1,102,1,1,8
n4322,n4322,1,102,1,1,9
n4323,n4323,1,102,1,1,10
n4324,n4324,1,102,1,1,11
n4325,n4325,1,102,1,1,12
n4326,n4326,1,102,1,1,13
n4327,n4327,1,102,1,1,14
n4328,n4328,1,102,1,1,15
n4329,n4329,1,102,1,1,16
n4330,n4330,1,102,1,1,17
n4331,n4331,1,102,1,1,18
n4332,n4332,1,102,1,1,19
n4333,n4333,1,102,1,1,20
n4334,n4334,1,102,1,1,21
n4335,n4335,1,102,1,1,22
n4336,n4336,1,102,1,1,23
n4337,n4337,1,102,2,1,1
n4338,n4338,1,102,2,1,2
n4339,n4339,1,102,2,1,3
n4340,n4340,1,102,2,1,4
n4341,n4341,1,102,2,1,5
n4342,n4342,1,102,2,1,6
n4343,n4343,1,102,2,1,7
n4344,n4344,1,102,2,1,8
n4345,n4345,1,102,2,1,9
n4346,n4346,1,102,2,1,10
n4347,n4347,1,102,2,1,11
n4348,n4348,1,102,2,1,12
n4349,n4349,1,102,2,1,13
n4350,n4350,1,102,2,1,14
n4351,n4351,1,102,2,1,15
n4352,n4352,1,102,2,1,16
n4353,n4353,1,102,2,1,17
n4354,n4354,1,102,2,1,18
n4355,n4355,1,102,2,1,19
n4356,n4356,1,102,5,2,1
n4357,n4357,1,102,5,2,2
n4358,n4358,1,102,5,2,3
n4359,n4359,1,102,5,2,4
n4360,n4360,1,102,5,2,5
n4361,n4361,1,102,5,2,6
n4362,n4362,1,102,5,2,7
n4363,n4363,1,102,5,2,8
n4364,n4364,1,102,5,2,9
n4365,n4365,1,102,5,2,10
n4366,n4366,1,102,5,2,11
n4367,n4367,1,102,5,2,12
n4368,n4368,1,102,5,2,13
n4369,n4369,1,102,5,2,14
n4370,n4370,1,102,5,2,15
n4371,n4371,1,102,5,2,16
n4372,n4372,1,102,5,2,17
n4373,n4373,1,102,5,2,18
n4374,n4374,1,102,5,2,19
n4375,n4375,1,102,5,2,20
n4376,n4376,1,102,5,2,21
n4377,n4377,1,102,5,2,22
n4378,n4378,1,102,5,2,23
n4379,n4379,1,102,5,2,24
n4380,n4380,1,103,1,1,1
n4381,n4381,1,103,1,1,2
n4382,n4382,1,103,1,1,3
n4383,n4383,1,103,1,1,4
n4384,n4384,1,103,1,1,5
n4385,n4385,1,103,1,1,6
n4386,n4386,1,103,1,1,7
n4387,n4387,1,103,1,1,8
n4388,n4388,1,103,1,1,9
n4389,n4389,1,103,1,1,10
n4390,n4390,1,103,1,1,11
n4391,n4391,1,103,2,1,1
n4392,n4392,1,103,2,1,2
n4393,n4393,1,103,2,1,3
n4394,n4394,1,103,2,1,4
n4395,n4395,1,103,2,1,5
n4396,n4396,1,103,2,1,6
n4397,n4397,1,103,3,1,1
n4398,n4398,1,103,3,1,2
n4399,n4399,1,103,3,1,3
n4400,n4400,1,103,5,2,1
n4401,n4401,1,103,5,2,2
n4402,n4402,1,103,5,2,3
n4403,n4403,1,103,5,2,4
n4404,n4404,1,103,5,2,5
n4405,n4405,1,103,5,2,6
n4406,n4406,1,103,5,2,7
n4407,n4407,1,103,5,2,8
n4408,n4408,1,103,5,2,9
n4409,n4409,1,103,5,2,10
n4410,n4410,1,103,5,2,11
n4411,n4411,1,103,5,2,12
n4412,n4412,1,103,5,2,13
n4413,n4413,1,103,5,2,14
n4414,n4414,1,103,5,2,15
n4415,n4415,1,103,5,2,16
n4416,n4416,1,103,5,2,17
n4417,n4417,1,103,5,2,18
n4418,n4418,1,103,7,2,1
n4419,n4419,1,103,7,2,2
n4420,n4420,1,104,1,1,1
n4421,n4421,1,104,1,1,2
n4422,n4422,1,104,1,1,3
n4423,n4423,1,104,1,1,4
n4424,n4424,1,104,1,1,5
n4425,n4425,1,104,1,1,6
n4426,n4426,1,104,1,1,7
n4427,n4427,1,104,1,1,8
n4428,n4428,1,104,1,1,9
n4429,n4429,1,104,2,1,1
n4430,n4430,1,104,2,1,2
n4431,n4431,1,104,2,1,3
n4432,n4432,1,104,2,1,4
n4433,n4433,1,104,2,1,5
n4434,n4434,1,104,2,1,6
n4435,n4435,1,104,2,1,7
n4436,n4436,1,104,2,1,8
n4437,n4437,1,104,2,1,9
n4438,n4438,1,104,3,1,1
n4439,n4439,1,104,3,1,2
n4440,n4440,1,104,3,1,3
n4441,n4441,1,104,3,1,4
n4442,n4442,1,104,3,1,5
n4443,n4443,1,104,3,1,6
n4444,n4444,1,104,5,2,1
n4445,n4445,1,104,5,2,2
n4446,n4446,1,104,5,2,3
n4447,n4447,1,104,5,2,4
n4448,n4448,1,104,5,2,5
n4449,n4449,1,104,5,2,6
n4450,n4450,1,104,5,2,7
n4451,n4451,1,104,5,2,8
n4452,n4452,1,104,5,2,9
n4453,n4453,1,104,5,2,10
n4454,n4454,1,104,5,2,11
n4455,n4455,1,104,5,2,12
n4456,n4456,1,104,5,2,13
n4457,n4457,1,104,5,2,14
n4458,n4458,1,104,5,2,15
n4459,n4459,1,104,5,2,16
n4460,n4460,1,104,5,2,17
n4461,n4461,1,104,5,2,18
n4462,n4462,1,104,7,2,1
n4463,n4463,1,104,7,2,2
n4464,n4464,1,105,1,1,1
n4465,n4465,1,105,1,1,2
n4466,n4466,1,105,1,1,3
n4467,n4467,1,105,1,1,4
n4468,n4468,1,105,1,1,5
n4469,n4469,1,105,1,1,6
n4470,n4470,1,105,1,1,7
n4471,n4471,1,105,1,1,8
n4472,n4472,1,105,1,1,9
n4473,n4473,1,105,1,1,10
n4474,n4474,1,105,1,1,11
n4475,n4475,1,105,1,1,12
n4476,n4476,1,105,1,1,13
n4477,n4477,1,105,1,1,14
n4478,n4478,1,105,1,1,15
n4479,n4479,1,105,1,1,16
n4480,n4480,1,105,1,1,17
n4481,n4481,1,105,2,1,1
n4482,n4482,1,105,2,1,2
n4483,n4483,1,105,2,1,3
n4484,n4484,1,105,2,1,4
n4485,n4485,1,105,2,1,5
n4486,n4486,1,105,2,1,6
n4487,n4487,1,105,5,2,1
n4488,n4488,1,105,5,2,2
n4489,n4489,1,105,5,2,3
n4490,n4490,1,105,5,2,4
n4491,n4491,1,105,5,2,5
n4492,n4492,1,105,5,2,6
n4493,n4493,1,105,5,2,7
n4494,n4494,1,105,5,2,8
n4495,n4495,1,105,5,2,9
n4496,n4496,1,105,5,2,10
n4497,n4497,1,105,5,2,11
n4498,n4498,1,105,5,2,12
n4499,n4499,1,105,5,2,13
n4500,n4500,1,105,5,2,14
n4501,n4501,1,105,5,2,15
n4502,n4502,1,105,5,2,16
n4503,n4503,1,105,5,2,17
n4504,n4504,1,105,5,2,18
n4505,n4505,1,105,7,2,1
n4506,n4506,1,105,7,2,2
n4507,n4507,1,105,7,2,3
n4508,n4508,1,106,1,1,1
n4509,n4509,1,106,1,1,2
n4510,n4510,1,106,1,1,3
n4511,n4511,1,106,1,1,4
n4512,n4512,1,106,1,1,5
n4513,n4513,1,106,1,1,6
n4514,n4514,1,106,1,1,7
n4515,n4515,1,106,1,1,8
n4516,n4516,1,106,2,1,1
n4517,n4517,1,106,2,1,2
n4518,n4518,1,106,2,1,3
n4519,n4519,1,106,2,1,4
n4520,n4520,1,106,2,1,5
n4521,n4521,1,106,2,1,6
n4522,n4522,1,106,2,1,7
n4523,n4523,1,106,2,1,8
n4524,n4524,1,106,2,1,9
n4525,n4525,1,106,2,1,10
n4526,n4526,1,106,2,1,11
n4527,n4527,1,106,2,1,12
n4528,n4528,1,106,2,1,13
n4529,n4529,1,106,2,1,14
n4530,n4530,1,106,2,1,15
n4531,n4531,1,106,2,1,16
n4532,n4532,1,106,2,1,17
n4533,n4533,1,106,2,1,18
n4534,n4534,1,106,2,1,19
n4535,n4535,1,106,2,1,20
n4536,n4536,1,106,2,1,21
n4537,n4537,1,106,2,1,22
n4538,n4538,1,106,2,1,23
n4539,n4539,1,106,2,1,24
n4540,n4540,1,106,2,1,25
n4541,n4541,1,106,2,1,26
n4542,n4542,1,106,2,1,27
n4543,n4543,1,106,2,1,28
n4544,n4544,1,106,2,1,29
n4545,n4545,1,106,2,1,30
n4546,n4546,1,106,2,1,31
n4547,n4547,1,106,2,1,32
n4548,n4548,1,106,2,1,33
n4549,n4549,1,106,2,1,34
n4550,n4550,1,106,2,1,35
n4551,n4551,1,106,2,1,36
n4552,n4552,1,106,2,1,37
n4553,n4553,1,106,2,1,38
n4554,n4554,1,106,2,1,39
n4555,n4555,1,106,2,1,40
n4556,n4556,1,106,2,1,41
n4557,n4557,1,106,2,1,42
n4558,n4558,1,106,2,1,43
n4559,n4559,1,106,2,1,44
n4560,n4560,1,106,2,1,45
n4561,n4561,1,106,2,1,46
n4562,n4562,1,106,2,1,47
n4563,n4563,1,106,2,1,48
n4564,n4564,1,106,2,1,49
n4565,n4565,1,106,2,1,50
n4566,n4566,1,106,2,1,51
n4567,n4567,1,106,5,2,1
n4568,n4568,1,106,5,2,2
n4569,n4569,1,106,5,2,3
n4570,n4570,1,106,5,2,4
n4571,n4571,1,106,5,2,5
n4572,n4572,1,106,5,2,6
n4573,n4573,1,106,5,2,7
n4574,n4574,1,106,5,2,8
n4575,n4575,1,106,5,2,9
n4576,n4576,1,106,5,2,10
n4577,n4577,1,106,5,2,11
n4578,n4578,1,106,5,2,12
n4579,n4579,1,106,5,2,13
n4580,n4580,1,106,5,2,14
n4581,n4581,1,106,5,2,15
n4582,n4582,1,106,5,2,16
n4583,n4583,1,106,5,2,17
n4584,n4584,1,106,5,2,18
n4585,n4585,1,106,5,2,19
n4586,n4586,1,106,5,2,20
n4587,n4587,1,107,1,1,1
n4588,n4588,1,107,1,1,2
n4589,n4589,1,107,1,1,3
n4590,n4590,1,107,1,1,4
n4591,n4591,1,107,1,1,5
n4592,n4592,1,107,1,1,6
n4593,n4593,1,107,1,1,7
n4594,n4594,1,107,1,1,8
n4595,n4595,1,107,1,1,9
n4596,n4596,1,107,1,1,10
n4597,n4597,1,107,1,1,11
n4598,n4598,1,107,1,1,12
n4599,n4599,1,107,1,1,13
n4600,n4600,1,107,1,1,14
n4601,n4601,1,107,1,1,15
n4602,n4602,1,107,2,1,1
n4603,n4603,1,107,3,1,1
n4604,n4604,1,107,3,1,2
n4605,n4605,1,107,3,1,3
n4606,n4606,1,107,3,1,4
n4607,n4607,1,107,3,1,5
n4608,n4608,1,107,3,1,6
n4609,n4609,1,107,3,1,7
n4610,n4610,1,107,3,1,8
n4611,n4611,1,107,3,1,9
n4612,n4612,1,107,3,1,10
n4613,n4613,1,107,3,1,11
n4614,n4614,1,107,3,1,12
n4615,n4615,1,107,3,1,13
n4616,n4616,1,107,3,1,14
n4617,n4617,1,107,5,2,1
n4618,n4618,1,107,5,2,2
n4619,n4619,1,107,5,2,3
n4620,n4620,1,107,5,2,4
n4621,n4621,1,107,5,2,5
n4622,n4622,1,107,5,2,6
n4623,n4623,1,107,5,2,7
n4624,n4624,1,107,5,2,8
n4625,n4625,1,107,5,2,9
n4626,n4626,1,107,5,2,10
n4627,n4627,1,107,5,2,11
n4628,n4628,1,107,5,2,12
n4629,n4629,1,107,5,2,13
n4630,n4630,1,107,5,2,14
n4631,n4631,1,107,5,2,15
n4632,n4632,1,107,5,2,16
n4633,n4633,1,107,5,2,17
n4634,n4634,1,107,5,2,18
n4635,n4635,1,107,5,2,19
n4636,n4636,1,107,5,2,20
n4637,n4637,1,107,5,2,21
n4638,n4638,1,107,5,2,22
n4639,n4639,1,107,7,2,1
n4640,n4640,1,107,7,2,2
n4641,n4641,1,108,1,1,1
n4642,n4642,1,108,1,1,2
n4643,n4643,1,108,1,1,3
n4644,n4644,1,108,1,1,4
n4645,n4645,1,108,1,1,5
n4646,n4646,1,108,1,1,6
n4647,n4647,1,108,1,1,7
n4648,n4648,1,108,1,1,8
n4649,n4649,1,108,1,1,9
n4650,n4650,1,108,1,1,10
n4651,n4651,1,108,1,1,11
n4652,n4652,1,108,2,1,1
n4653,n4653,1,108,2,1,2
n4654,n4654,1,108,2,1,3
n4655,n4655,1,108,2,1,4
n4656,n4656,1,108,2,1,5
n4657,n4657,1,108,2,1,6
n4658,n4658,1,108,2,1,7
n4659,n4659,1,108,2,1,8
n4660,n4660,1,108,2,1,9
n4661,n4661,1,108,3,1,1
n4662,n4662,1,108,3,1,2
n4663,n4663,1,108,3,1,3
n4664,n4664,1,108,3,1,4
n4665,n4665,1,108,3,1,5
n4666,n4666,1,108,3,1,6
n4667,n4667,1,108,3,1,7
n4668,n4668,1,108,3,1,8
n4669,n4669,1,108,3,1,9
n4670,n4670,1,108,3,1,10
n4671,n4671,1,108,5,2,1
n4672,n4672,1,108,5,2,2
n4673,n4673,1,108,5,2,3
n4674,n4674,1,108,5,2,4
n4675,n4675,1,108,5,2,5
n4676,n4676,1,108,5,2,6
n4677,n4677,1,108,5,2,7
n4678,n4678,1,108,5,2,8
n4679,n4679,1,108,5,2,9
n4680,n4680,1,108,5,2,10
n4681,n4681,1,108,5,2,11
n4682,n4682,1,108,5,2,12
n4683,n4683,1,108,5,2,13
n4684,n4684,1,108,5,2,14
n4685,n4685,1,108,5,2,15
n4686,n4686,1,108,5,2,16
n4687,n4687,1,108,5,2,17
n4688,n4688,1,108,5,2,18
n4689,n4689,1,108,5,2,19
n4690,n4690,1,108,5,2,20
n4691,n4691,1,108,5,2,21
n4692,n4692,1,108,5,2,22
n4693,n4693,1,108,7,2,1
n4694,n4694,1,108,7,2,2
n4695,n4695,1,109,1,1,1
n4696,n4696,1,109,1,1,2
n4697,n4697,1,109,1,1,3
n4698,n4698,1,109,1,1,4
n4699,n4699,1,109,1,1,5
n4700,n4700,1,109,1,1,6
n4701,n4701,1,109,1,1,7
n4702,n4702,1,109,1,1,8
n4703,n4703,1,109,1,1,9
n4704,n4704,1,109,1,1,10
n4705,n4705,1,109,1,1,11
n4706,n4706,1,109,1,1,12
n4707,n4707,1,109,1,1,13
n4708,n4708,1,109,1,1,14
n4709,n4709,1,109,1,1,15
n4710,n4710,1,109,1,1,16
n4711,n4711,1,109,1,1,17
n4712,n4712,1,109,2,1,1
n4713,n4713,1,109,2,1,2
n4714,n4714,1,109,2,1,3
n4715,n4715,1,109,2,1,4
n4716,n4716,1,109,2,1,5
n4717,n4717,1,109,2,1,6
n4718,n4718,1,109,5,2,1
n4719,n4719,1,109,5,2,2
n4720,n4720,1,109,5,2,3
n4721,n4721,1,109,5,2,4
n4722,n4722,1,109,5,2,5
n4723,n4723,1,109,5,2,6
n4724,n4724,1,109,5,2,7
n4725,n4725,1,109,5,2,8
n4726,n4726,1,109,5,2,9
n4727,n4727,1,109,5,2,10
n4728,n4728,1,109,5,2,11
n4729,n4729,1,109,5,2,12
n4730,n4730,1,109,5,2,13
n4731,n4731,1,109,5,2,14
n4732,n4732,1,109,5,2,15
n4733,n4733,1,109,5,2,16
n4734,n4734,1,109,5,2,17
n4735,n4735,1,109,5,2,18
n4736,n4736,1,109,7,2,1
n4737,n4737,1,109,7,2,2
n4738,n4738,1,109,7,2,3
n4739,n4739,1,110,1,1,1
n4740,n4740,1,110,1,1,2
n4741,n4741,1,110,1,1,3
n4742,n4742,1,110,1,1,4
n4743,n4743,1,110,1,1,5
n4744,n4744,1,110,1,1,6
n4745,n4745,1,110,1,1,7
n4746,n4746,1,110,1,1,8
n4747,n4747,1,110,1,1,9
n4748,n4748,1,110,1,1,10
n4749,n4749,1,110,1,1,11
n4750,n4750,1,110,1,1,12
n4751,n4751,1,110,1,1,13
n4752,n4752,1,110,1,1,14
n4753,n4753,1,110,1,1,15
n4754,n4754,1,110,1,1,16
n4755,n4755,1,110,1,1,17
n4756,n4756,1,110,1,1,18
n4757,n4757,1,110,1,1,19
n4758,n4758,1,110,1,1,20
n4759,n4759,1,110,1,1,21
n4760,n4760,1,110,1,1,22
n4761,n4761,1,110,1,1,23
n4762,n4762,1,110,1,1,24
n4763,n4763,1,110,1,1,25
n4764,n4764,1,110,1,1,26
n4765,n4765,1,110,1,1,27
n4766,n4766,1,110,1,1,28
n4767,n4767,1,110,1,1,29
n4768,n4768,1,110,1,1,30
n4769,n4769,1,110,1,1,31
n4770,n4770,1,110,1,1,32
n4771,n4771,1,110,1,1,33
n4772,n4772,1,110,1,1,34
n4773,n4773,1,110,1,1,35
n4774,n4774,1,110,1,1,36
n4775,n4775,1,110,1,1,37
n4776,n4776,1,110,1,1,38
n4777,n4777,1,110,1,1,39
n4778,n4778,1,110,1,1,40
n4779,n4779,1,110,1,1,41
n4780,n4780,1,110,1,1,42
n4781,n4781,1,110,1,1,43
n4782,n4782,1,110,1,1,44
n4783,n4783,1,110,1,1,45
n4784,n4784,1,110,1,1,46
n4785,n4785,1,110,1,1,47
n4786,n4786,1,110,1,1,48
n4787,n4787,1,110,1,1,49
n4788,n4788,1,110,5,2,1
n4789,n4789,1,110,5,2,2
n4790,n4790,1,110,5,2,3
n4791,n4791,1,110,5,2,4
n4792,n4792,1,110,5,2,5
n4793,n4793,1,110,5,2,6
n4794,n4794,1,110,5,2,7
n4795,n4795,1,110,5,2,8
n4796,n4796,1,110,5,2,9
n4797,n4797,1,110,5,2,10
n4798,n4798,1,111,1,1,1
n4799,n4799,1,111,1,1,2
n4800,n4800,1,111,1,1,3
n4801,n4801,1,111,1,1,4
n4802,n4802,1,111,1,1,5
n4803,n4803,1,111,1,1,6
n4804,n4804,1,111,1,1,7
n4805,n4805,1,111,1,1,8
n4806,n4806,1,111,1,1,9
n4807,n4807,1,111,1,1,10
n4808,n4808,1,111,1,1,11
n4809,n4809,1,111,1,1,12
n4810,n4810,1,111,1,1,13
n4811,n4811,1,111,1,1,14
n4812,n4812,1,111,1,1,15
n4813,n4813,1,111,1,1,16
n4814,n4814,1,111,1,1,17
n4815,n4815,1,111,1,1,18
n4816,n4816,1,111,1,1,19
n4817,n4817,1,111,1,1,20
n4818,n4818,1,111,1,1,21
n4819,n4819,1,111,1,1,22
n4820,n4820,1,111,1,1,23
n4821,n4821,1,111,1,1,24
n4822,n4822,1,111,1,1,25
n4823,n4823,1,111,1,1,26
n4824,n4824,1,111,1,1,27
n4825,n4825,1,111,1,1,28
n4826,n4826,1,111,1,1,29
n4827,n4827,1,111,5,2,1
n4828,n4828,1,111,5,2,2
n4829,n4829,1,111,5,2,3
n4830,n4830,1,111,5,2,4
n4831,n4831,1,111,5,2,5
n4832,n4832,1,111,5,2,6
n4833,n4833,1,111,5,2,7
n4834,n4834,1,111,5,2,8
n4835,n4835,1,111,5,2,9
n4836,n4836,1,111,5,2,10
n4837,n4837,1,111,5,2,11
n4838,n4838,1,111,5,2,12
n4839,n4839,1,111,5,2,13
n4840,n4840,1,111,5,2,14
n4841,n4841,1,112,1,1,1
n4842,n4842,1,112,1,1,2
n4843,n4843,1,112,1,1,3
n4844,n4844,1,112,1,1,4
n4845,n4845,1,112,1,1,5
n4846,n4846,1,112,1,1,6
n4847,n4847,1,112,1,1,7
n4848,n4848,1,112,1,1,8
n4849,n4849,1,112,1,1,9
n4850,n4850,1,112,1,1,10
n4851,n4851,1,112,1,1,11
n4852,n4852,1,112,1,1,12
n4853,n4853,1,112,1,1,13
n4854,n4854,1,112,1,1,14
n4855,n4855,1,112,1,1,15
n4856,n4856,1,112,1,1,16
n4857,n4857,1,112,1,1,17
n4858,n4858,1,112,1,1,18
n4859,n4859,1,112,1,1,19
n4860,n4860,1,112,1,1,20
n4861,n4861,1,112,1,1,21
n4862,n4862,1,112,1,1,22
n4863,n4863,1,112,1,1,23
n4864,n4864,1,112,1,1,24
n4865,n4865,1,112,1,1,25
n4866,n4866,1,112,1,1,26
n4867,n4867,1,112,1,1,27
n4868,n4868,1,112,1,1,28
n4869,n4869,1,112,1,1,29
n4870,n4870,1,112,1,1,30
n4871,n4871,1,112,5,2,1
n4872,n4872,1,112,5,2,2
n4873,n4873,1,112,5,2,3
n4874,n4874,1,112,5,2,4
n4875,n4875,1,112,5,2,5
n4876,n4876,1,112,5,2,6
n4877,n4877,1,112,5,2,7
n4878,n4878,1,112,5,2,8
n4879,n4879,1,112,6,2,1
n4880,n4880,1,112,6,2,2
n4881,n4881,1,112,6,2,3
n4882,n4882,1,112,6,2,4
n4883,n4883,1,113,1,1,1
n4884,n4884,1,113,1,1,2
n4885,n4885,1,113,1,1,3
n4886,n4886,1,113,1,1,4
n4887,n4887,1,113,1,1,5
n4888,n4888,1,113,1,1,6
n4889,n4889,1,113,1,1,7
n4890,n4890,1,113,1,1,8
n4891,n4891,1,113,1,1,9
n4892,n4892,1,113,1,1,10
n4893,n4893,1,113,1,1,11
n4894,n4894,1,113,1,1,12
n4895,n4895,1,113,1,1,13
n4896,n4896,1,113,1,1,14
n4897,n4897,1,113,1,1,15
n4898,n4898,1,113,1,1,16
n4899,n4899,1,113,1,1,17
n4900,n4900,1,113,1,1,18
n4901,n4901,1,113,1,1,19
n4902,n4902,1,113,1,1,20
n4903,n4903,1,113,1,1,21
n4904,n4904,1,113,1,1,22
n4905,n4905,1,113,1,1,23
n4906,n4906,1,113,1,1,24
n4907,n4907,1,113,1,1,25
n4908,n4908,1,113,1,1,26
n4909,n4909,1,113,1,1,27
n4910,n4910,1,113,1,1,28
n4911,n4911,1,113,1,1,29
n4912,n4912,1,113,1,1,30
n4913,n4913,1,113,1,1,31
n4914,n4914,1,113,1,1,32
n4915,n4915,1,113,1,1,33
n4916,n4916,1,113,1,1,34
n4917,n4917,1,113,1,1,35
n4918,n4918,1,113,1,1,36
n4919,n4919,1,113,1,1,37
n4920,n4920,1,113,1,1,38
n4921,n4921,1,113,5,2,1
n4922,n4922,1,113,5,2,2
n4923,n4923,1,113,5,2,3
n4924,n4924,1,113,5,2,4
n4925,n4925,1,113,5,2,5
n4926,n4926,1,113,5,2,6
n4927,n4927,1,113,5,2,7
n4928,n4928,1,113,5,2,8
n4929,n4929,1,113,5,2,9
n4930,n4930,1,113,5,2,10
n4931,n4931,1,113,5,2,11
n4932,n4932,1,113,5,2,12
n4933,n4933,1,113,5,2,13
n4934,n4934,1,113,5,2,14
n4935,n4935,1,113,5,2,15
n4936,n4936,1,113,5,2,16
n4937,n4937,1,113,5,2,17
n4938,n4938,1,113,5,2,18
n4939,n4939,1,113,5,2,19
n4940,n4940,1,113,5,2,20
n4941,n4941,1,113,5,2,21
n4942,n4942,1,113,5,2,22
n4943,n4943,1,113,5,2,23
n4944,n4944,1,113,5,2,24
n4945,n4945,1,114,1,1,1
n4946,n4946,1,114,1,1,2
n4947,n4947,1,114,1,1,3
n4948,n4948,1,114,1,1,4
n4949,n4949,1,114,1,1,5
n4950,n4950,1,114,1,1,6
n4951,n4951,1,114,1,1,7
n4952,n4952,1,114,1,1,8
n4953,n4953,1,114,1,1,9
n4954,n4954,1,114,1,1,10
n4955,n4955,1,114,1,1,11
n4956,n4956,1,114,1,1,12
n4957,n4957,1,114,1,1,13
n4958,n4958,1,114,1,1,14
n4959,n4959,1,114,1,1,15
n4960,n4960,1,114,1,1,16
n4961,n4961,1,114,1,1,17
n4962,n4962,1,114,1,1,18
n4963,n4963,1,114,1,1,19
n4964,n4964,1,114,1,1,20
n4965,n4965,1,114,1,1,21
n4966,n4966,1,114,1,1,22
n4967,n4967,1,114,1,1,23
n4968,n4968,1,114,1,1,24
n4969,n4969,1,114,1,1,25
n4970,n4970,1,114,1,1,26
n4971,n4971,1,114,1,1,27
n4972,n4972,1,114,1,1,28
n4973,n4973,1,114,1,1,29
n4974,n4974,1,114,1,1,30
n4975,n4975,1,114,1,1,31
n4976,n4976,1,114,1,1,32
n4977,n4977,1,114,1,1,33
n4978,n4978,1,114,1,1,34
n4979,n4979,1,114,1,1,35
n4980,n4980,1,114,1,1,36
n4981,n4981,1,114,1,1,37
n4982,n4982,1,114,1,1,38
n4983,n4983,1,114,1,1,39
n4984,n4984,1,114,1,1,40
n4985,n4985,1,114,1,1,41
n4986,n4986,1,114,1,1,42
n4987,n4987,1,114,1,1,43
n4988,n4988,1,114,1,1,44
n4989,n4989,1,114,1,1,45
n4990,n4990,1,114,1,1,46
n4991,n4991,1,114,1,1,47
n4992,n4992,1,114,1,1,48
n4993,n4993,1,114,5,2,1
n4994,n4994,1,114,5,2,2
n4995,n4995,1,114,5,2,3
n4996,n4996,1,114,5,2,4
n4997,n4997,1,114,5,2,5
n4998,n4998,1,114,5,2,6
n4999,n4999,1,114,5,2,7
n5000,n5000,1,114,5,2,8
n5001,n5001,1,114,5,2,9
n5002,n5002,1,114,5,2,10
n5003,n5003,1,114,5,2,11
n5004,n5004,1,114,5,2,12
n5005,n5005,1,114,5,2,13
n5006,n5006,1,114,5,2,14
n5007,n5007,1,114,5,2,15
n5008,n5008,1,114,5,2,16
n5009,n5009,1,114,5,2,17
n5010,n5010,1,114,5,2,18
n5011,n5011,1,114,5,2,19
n5012,n5012,1,114,5,2,20
n5013,n5013,1,114,5,2,21
n5014,n5014,1,114,5,2,22
n5015,n5015,1,115,1,1,1
n5016,n5016,1,115,1,1,2
n5017,n5017,1,115,1,1,3
n5018,n5018,1,115,1,1,4
n5019,n5019,1,115,1,1,5
n5020,n5020,1,115,1,1,6
n5021,n5021,1,115,1,1,7
n5022,n5022,1,115,1,1,8
n5023,n5023,1,115,1,1,9
n5024,n5024,1,115,1,1,10
n5025,n5025,1,115,1,1,11
n5026,n5026,1,115,1,1,12
n5027,n5027,1,115,1,1,13
n5028,n5028,1,115,1,1,14
n5029,n5029,1,115,1,1,15
n5030,n5030,1,115,1,1,16
n5031,n5031,1,115,1,1,17
n5032,n5032,1,115,1,1,18
n5033,n5033,1,115,1,1,19
n5034,n5034,1,115,1,1,20
n5035,n5035,1,115,1,1,21
n5036,n5036,1,115,1,1,22
n5037,n5037,1,115,1,1,23
n5038,n5038,1,115,1,1,24
n5039,n5039,1,115,1,1,25
n5040,n5040,1,115,1,1,26
n5041,n5041,1,115,1,1,27
n5042,n5042,1,115,1,1,28
n5043,n5043,1,115,1,1,29
n5044,n5044,1,115,1,1,30
n5045,n5045,1,115,1,1,31
n5046,n5046,1,115,1,1,32
n5047,n5047,1,115,1,1,33
n5048,n5048,1,115,1,1,34
n5049,n5049,1,115,1,1,35
n5050,n5050,1,115,1,1,36
n5051,n5051,1,115,1,1,37
n5052,n5052,1,115,1,1,38
n5053,n5053,1,115,1,2,1
n5054,n5054,1,115,1,2,2
n5055,n5055,1,115,1,2,3
n5056,n5056,1,115,1,2,4
n5057,n5057,1,115,1,2,5
n5058,n5058,1,115,1,2,6
n5059,n5059,1,115,1,2,7
n5060,n5060,1,115,1,2,8
n5061,n5061,1,115,1,2,9
n5062,n5062,1,115,1,2,10
n5063,n5063,1,115,1,2,11
n5064,n5064,1,115,1,2,12
n5065,n5065,1,115,1,2,13
n5066,n5066,1,115,1,2,14
n5067,n5067,1,115,1,2,15
n5068,n5068,1,115,1,2,16
n5069,n5069,1,115,1,2,17
n5070,n5070,1,115,1,2,18
n5071,n5071,1,115,1,2,19
n5072,n5072,1,115,5,2,1
n5073,n5073,1,115,5,2,2
n5074,n5074,1,115,5,2,3
n5075,n5075,1,115,5,2,4
n5076,n5076,1,115,5,2,5
n5077,n5077,1,115,5,2,6
n5078,n5078,1,115,5,2,7
n5079,n5079,1,116,1,1,1
n5080,n5080,1,116,1,1,2
n5081,n5081,1,116,1,1,3
n5082,n5082,1,116,1,1,4
n5083,n5083,1,116,1,1,5
n5084,n5084,1,116,1,1,6
n5085,n5085,1,116,1,1,7
n5086,n5086,1,116,1,1,8
n5087,n5087,1,116,1,1,9
n5088,n5088,1,116,1,1,10
n5089,n5089,1,116,1,1,11
n5090,n5090,1,116,1,1,12
n5091,n5091,1,116,1,1,13
n5092,n5092,1,116,5,2,1
n5093,n5093,1,116,5,2,2
n5094,n5094,1,116,5,2,3
n5095,n5095,1,116,5,2,4
n5096,n5096,1,116,5,2,5
n5097,n5097,1,116,5,2,6
n5098,n5098,1,116,5,2,7
n5099,n5099,1,116,5,2,8
n5100,n5100,1,116,5,2,9
n5101,n5101,1,116,5,2,10
n5102,n5102,1,116,5,2,11
n5103,n5103,1,116,5,2,12
n5104,n5104,1,116,5,2,13
n5105,n5105,1,116,5,2,14
