element_id,original_id,tag,carrier,host_or_staff
n80d5680117afd097--staccato--1,,staccato,derive,n80d5680117afd097
n653c1f3d378ca1e7--staccato--1,,staccato,derive,n653c1f3d378ca1e7
e26ee95e64e889674,md-1-0-1-1,words,md,1
ed7974e5bb14222e8,md-1-0-2-1,dynamics,md,2
n204ffca1799ccb56--staccato--1,,staccato,derive,n204ffca1799ccb56
n7066c76ae32c197b--slur--start--1,n7--slur--start--1,slur,stamp,n7066c76ae32c197b
n982dab624257e122--staccato--1,,staccato,derive,n982dab624257e122
n2b13405484d367bf--slur--start--1,n13--slur--start--1,slur,stamp,n2b13405484d367bf
nb59faf9e8b1d5af8--slur--stop--1,n17--slur--stop--1,slur,stamp,nb59faf9e8b1d5af8
nb5109c2dc92b023e--staccato--1,,staccato,derive,nb5109c2dc92b023e
n0182c8a22c9875c2--slur--stop--1,n21--slur--stop--1,slur,stamp,n0182c8a22c9875c2
neeb833b18b1c691f--staccato--1,,staccato,derive,neeb833b18b1c691f
nb6f09784ded52ad5--staccato--1,,staccato,derive,nb6f09784ded52ad5
nb074043d2d1e16f2--slur--start--1,n27--slur--start--1,slur,stamp,nb074043d2d1e16f2
n0c0eb142dfaaecc6--staccato--1,,staccato,derive,n0c0eb142dfaaecc6
n80d8e452fabef527--slur--start--1,n33--slur--start--1,slur,stamp,n80d8e452fabef527
nd8efe6abf29a1569--slur--stop--1,n37--slur--stop--1,slur,stamp,nd8efe6abf29a1569
n3bacde8a2a370ce8--staccato--1,,staccato,derive,n3bacde8a2a370ce8
n6f7d7de1bee7bfb5--slur--stop--1,n41--slur--stop--1,slur,stamp,n6f7d7de1bee7bfb5
n5e780c9d2f80e481--staccato--1,,staccato,derive,n5e780c9d2f80e481
nb51bd01290f66f43--staccato--1,,staccato,derive,nb51bd01290f66f43
nf31c5ecc00e2438a--staccato--1,,staccato,derive,nf31c5ecc00e2438a
nce86f7b6de3f771f--staccato--1,,staccato,derive,nce86f7b6de3f771f
ne946dcd28d13dd6c--staccato--1,,staccato,derive,ne946dcd28d13dd6c
n469f44b5326c870c--staccato--1,,staccato,derive,n469f44b5326c870c
nf19162ed99296158--staccato--1,,staccato,derive,nf19162ed99296158
n229de04720379e2d--staccato--1,,staccato,derive,n229de04720379e2d
na4d9415387e4e50e--staccato--1,,staccato,derive,na4d9415387e4e50e
n1c1430cb4db935bd--staccato--1,,staccato,derive,n1c1430cb4db935bd
n6413143317d118a0--staccato--1,,staccato,derive,n6413143317d118a0
ncaa3995f7a21fb10--staccato--1,,staccato,derive,ncaa3995f7a21fb10
n3135a18641fbae9c--staccato--1,,staccato,derive,n3135a18641fbae9c
n588063ae152a6ed1--staccato--1,,staccato,derive,n588063ae152a6ed1
n17ae5486e22ccfa8--staccato--1,,staccato,derive,n17ae5486e22ccfa8
n6bf02ca7abd4b63f--tuplet--start--1,n64--tuplet--start--1,tuplet,stamp,n6bf02ca7abd4b63f
n6bf02ca7abd4b63f--slur--start--1,n64--slur--start--1,slur,stamp,n6bf02ca7abd4b63f
n34f393242cd7d696--tuplet--stop--1,n66--tuplet--stop--1,tuplet,stamp,n34f393242cd7d696
n281badb6934177c6--staccato--1,,staccato,derive,n281badb6934177c6
n4041ec68d57d6fdf--staccato--1,,staccato,derive,n4041ec68d57d6fdf
ncfb245f8b7cba23f--slur--stop--1,n70--slur--stop--1,slur,stamp,ncfb245f8b7cba23f
ncfb245f8b7cba23f--staccato--1,,staccato,derive,ncfb245f8b7cba23f
ncdcb68630f7dae26--staccato--1,,staccato,derive,ncdcb68630f7dae26
n9b7172758b7fadc4--staccato--1,,staccato,derive,n9b7172758b7fadc4
n36c0029ef58c2518--staccato--1,,staccato,derive,n36c0029ef58c2518
n6f16cbc5317dd83c--arpeggiate--1,n74--arpeggiate--1,arpeggiate,stamp,n6f16cbc5317dd83c
n64222b34a5e7b7dd--arpeggiate--1,n75--arpeggiate--1,arpeggiate,stamp,n64222b34a5e7b7dd
na7875061ec545462--arpeggiate--1,n76--arpeggiate--1,arpeggiate,stamp,na7875061ec545462
nf69f4b6b24d37c30--arpeggiate--1,n77--arpeggiate--1,arpeggiate,stamp,nf69f4b6b24d37c30
ee955c86b7d703e67,md-1-9-1-1,dynamics,md,1
n21ce2da961b8feb6--staccato--1,,staccato,derive,n21ce2da961b8feb6
nd002f852d04419d5--staccato--1,,staccato,derive,nd002f852d04419d5
ndee29c52a8d06875--staccato--1,,staccato,derive,ndee29c52a8d06875
nef3bd43410fcc7c4--staccato--1,,staccato,derive,nef3bd43410fcc7c4
n9f52c58ee22588a6--slur--start--1,n84--slur--start--1,slur,stamp,n9f52c58ee22588a6
n7ebb6850319813c4--slur--start--1,n86--slur--start--1,slur,stamp,n7ebb6850319813c4
n1db55a06d34248a4--slur--start--1,n90--slur--start--1,slur,stamp,n1db55a06d34248a4
n28c19fc773782f3b--slur--stop--1,n93--slur--stop--1,slur,stamp,n28c19fc773782f3b
n75a39bfa66343a8b--slur--stop--1,n96--slur--stop--1,slur,stamp,n75a39bfa66343a8b
nbbf99a6054ea7914--slur--stop--1,n97--slur--stop--1,slur,stamp,nbbf99a6054ea7914
n92bb659168173237--slur--start--1,n98--slur--start--1,slur,stamp,n92bb659168173237
n2622709cfea5ce2f--slur--stop--1,n100--slur--stop--1,slur,stamp,n2622709cfea5ce2f
n195da761a6d8139d--slur--start--1,n102--slur--start--1,slur,stamp,n195da761a6d8139d
n8f4f1de0c1b19dfb--slur--start--1,n108--slur--start--1,slur,stamp,n8f4f1de0c1b19dfb
n3934593784e2b7eb--slur--stop--1,n132--slur--stop--1,slur,stamp,n3934593784e2b7eb
nc6d1f226a038e5e4--slur--stop--1,n138--slur--stop--1,slur,stamp,nc6d1f226a038e5e4
n34ab583b605a5c40--slur--start--1,n139--slur--start--1,slur,stamp,n34ab583b605a5c40
n89e74d5caf9ffb24--slur--start--1,n146--slur--start--1,slur,stamp,n89e74d5caf9ffb24
naa483673195fb928--slur--stop--1,n149--slur--stop--1,slur,stamp,naa483673195fb928
e5301241e7ffef943,md-1-17-1-1,dynamics,md,1
n6a18bb8437a44970--slur--stop--1,n154--slur--stop--1,slur,stamp,n6a18bb8437a44970
n57716e412e7a1008--slur--start--1,n158--slur--start--1,slur,stamp,n57716e412e7a1008
nc49a26284313e8d6--slur--stop--1,n161--slur--stop--1,slur,stamp,nc49a26284313e8d6
n392c5a1d64975995--staccato--1,,staccato,derive,n392c5a1d64975995
n019bbe23b582c517--staccato--1,,staccato,derive,n019bbe23b582c517
efea8e20d72b0ba61,md-1-20-1-1,dynamics,md,1
ndf88cddee390ffce--staccato--1,,staccato,derive,ndf88cddee390ffce
n4c9d41f5b787363e--slur--start--1,n184--slur--start--1,slur,stamp,n4c9d41f5b787363e
nbe65e89294665b24--staccato--1,,staccato,derive,nbe65e89294665b24
nb7b6622ab095004d--slur--start--1,n190--slur--start--1,slur,stamp,nb7b6622ab095004d
n1ca777f6e8248f62--slur--stop--1,n194--slur--stop--1,slur,stamp,n1ca777f6e8248f62
naa03404fb9b392fa--slur--stop--1,n196--slur--stop--1,slur,stamp,naa03404fb9b392fa
n2856f24820686fbb--tuplet--start--1,n198--tuplet--start--1,tuplet,stamp,n2856f24820686fbb
n2856f24820686fbb--slur--start--1,n198--slur--start--1,slur,stamp,n2856f24820686fbb
n9ecf15efa677d298--tuplet--stop--1,n200--tuplet--stop--1,tuplet,stamp,n9ecf15efa677d298
n9d7ee8884cfdbd84--slur--stop--1,n202--slur--stop--1,slur,stamp,n9d7ee8884cfdbd84
n9d7ee8884cfdbd84--staccato--1,,staccato,derive,n9d7ee8884cfdbd84
naabd55b05cefa3e6--staccato--1,,staccato,derive,naabd55b05cefa3e6
n88f2520eb665f8a5--staccato--1,,staccato,derive,n88f2520eb665f8a5
n468c321dc2335f24--staccato--1,,staccato,derive,n468c321dc2335f24
n6f88922b37feebc1--staccato--1,,staccato,derive,n6f88922b37feebc1
n4911bd230bc9637f--staccato--1,,staccato,derive,n4911bd230bc9637f
n98612de883cbb737--staccato--1,,staccato,derive,n98612de883cbb737
n8be580d5af68cb02--staccato--1,,staccato,derive,n8be580d5af68cb02
n325bacf413292693--slur--start--1,n212--slur--start--1,slur,stamp,n325bacf413292693
n49ac7528be13f170--slur--start--1,n218--slur--start--1,slur,stamp,n49ac7528be13f170
e12acbd70f61539ab,md-1-25-1-1,dynamics,md,1
eb893b1a388e2197f,md-1-25-2-1,dynamics,md,2
e40fedefa848f7f49,md-1-27-1-1,dynamics,md,1
n507dd8ef973703fe--slur--stop--1,n239--slur--stop--1,slur,stamp,n507dd8ef973703fe
n8b38e04304029c5d--slur--stop--1,n245--slur--stop--1,slur,stamp,n8b38e04304029c5d
nade6999184f3d5c8--slur--start--1,n247--slur--start--1,slur,stamp,nade6999184f3d5c8
na49ff7d1938859db--slur--start--1,n254--slur--start--1,slur,stamp,na49ff7d1938859db
e9e689c750cffd9f1,md-1-29-2-1,dynamics,md,2
n0af256ff708a3c23--slur--stop--1,n259--slur--stop--1,slur,stamp,n0af256ff708a3c23
n9d0a722872a1b935--slur--stop--1,n266--slur--stop--1,slur,stamp,n9d0a722872a1b935
n27d90f0ba5cd95be--staccato--1,,staccato,derive,n27d90f0ba5cd95be
n9e33651def8bb39d--staccato--1,,staccato,derive,n9e33651def8bb39d
n4a544fde747ba30e--staccato--1,,staccato,derive,n4a544fde747ba30e
nbd9834854ac752e1--staccato--1,,staccato,derive,nbd9834854ac752e1
ncb7022e014b274ef--staccato--1,,staccato,derive,ncb7022e014b274ef
nff44fd5fc5574308--tuplet--start--1,n279--tuplet--start--1,tuplet,stamp,nff44fd5fc5574308
n32c2059fd68f4882--tuplet--stop--1,n281--tuplet--stop--1,tuplet,stamp,n32c2059fd68f4882
n50e814008255bb58--tuplet--start--1,n282--tuplet--start--1,tuplet,stamp,n50e814008255bb58
n61e4599b2d07a4c5--tuplet--stop--1,n284--tuplet--stop--1,tuplet,stamp,n61e4599b2d07a4c5
n03d73f6838f26471--tuplet--start--1,n285--tuplet--start--1,tuplet,stamp,n03d73f6838f26471
n7646b7b9a2a1d2f9--tuplet--stop--1,n287--tuplet--stop--1,tuplet,stamp,n7646b7b9a2a1d2f9
n1e134d385ef1994e--tuplet--start--1,n288--tuplet--start--1,tuplet,stamp,n1e134d385ef1994e
n7595cd7796236c08--tuplet--stop--1,n290--tuplet--stop--1,tuplet,stamp,n7595cd7796236c08
e802f5c0527d96360,md-1-32-2-1,dynamics,md,2
n2342a9220aa8902c--staccato--1,,staccato,derive,n2342a9220aa8902c
n78644baf66279af9--staccato--1,,staccato,derive,n78644baf66279af9
nf7d424dd6554f6b3--staccato--1,,staccato,derive,nf7d424dd6554f6b3
n4d341171fe0aad11--staccato--1,,staccato,derive,n4d341171fe0aad11
nff8b98e75f171e31--tuplet--start--1,n295--tuplet--start--1,tuplet,stamp,nff8b98e75f171e31
nc248e1cb4a532d1e--tuplet--stop--1,n297--tuplet--stop--1,tuplet,stamp,nc248e1cb4a532d1e
nda9384c6603b344c--tuplet--start--1,n298--tuplet--start--1,tuplet,stamp,nda9384c6603b344c
nc569c7d36329b2e0--tuplet--stop--1,n300--tuplet--stop--1,tuplet,stamp,nc569c7d36329b2e0
n7a592ae8528d4f7e--tuplet--start--1,n301--tuplet--start--1,tuplet,stamp,n7a592ae8528d4f7e
ncc6a350434cab6df--tuplet--stop--1,n303--tuplet--stop--1,tuplet,stamp,ncc6a350434cab6df
n358513df43676266--tuplet--start--1,n304--tuplet--start--1,tuplet,stamp,n358513df43676266
nfb9270cf12931dca--tuplet--stop--1,n306--tuplet--stop--1,tuplet,stamp,nfb9270cf12931dca
n9df84c9b2a75efa3--staccato--1,,staccato,derive,n9df84c9b2a75efa3
ndea87d233024fe54--staccato--1,,staccato,derive,ndea87d233024fe54
nad6a0b72c9c37fc4--staccato--1,,staccato,derive,nad6a0b72c9c37fc4
nb7c90ab5ecbe1010--staccato--1,,staccato,derive,nb7c90ab5ecbe1010
e70db494fc36ed4d0,md-1-34-1-1,dynamics,md,1
nf9296d31d73d7fb4--staccato--1,,staccato,derive,nf9296d31d73d7fb4
n86ded941022b0b70--staccato--1,,staccato,derive,n86ded941022b0b70
n5fbc54b2b19b8678--staccato--1,,staccato,derive,n5fbc54b2b19b8678
ne723396263b4fc0d--staccato--1,,staccato,derive,ne723396263b4fc0d
ne946d6737c0547be--staccato--1,,staccato,derive,ne946d6737c0547be
n5756327a96320ad4--staccato--1,,staccato,derive,n5756327a96320ad4
n22d488a89aa8e873--staccato--1,,staccato,derive,n22d488a89aa8e873
n260e6cc280a23da3--staccato--1,,staccato,derive,n260e6cc280a23da3
nc95fd39fd53cafb4--tuplet--start--1,n321--tuplet--start--1,tuplet,stamp,nc95fd39fd53cafb4
n9fbef8c78469b1ce--tuplet--stop--1,n323--tuplet--stop--1,tuplet,stamp,n9fbef8c78469b1ce
na689c35230341244--tuplet--start--1,n324--tuplet--start--1,tuplet,stamp,na689c35230341244
n3a7ca8373ea661a1--tuplet--stop--1,n326--tuplet--stop--1,tuplet,stamp,n3a7ca8373ea661a1
n677cc01076abd6c7--tuplet--start--1,n327--tuplet--start--1,tuplet,stamp,n677cc01076abd6c7
n6c03e26ef4aec73f--tuplet--stop--1,n329--tuplet--stop--1,tuplet,stamp,n6c03e26ef4aec73f
n7a2765eae4f19d6f--tuplet--start--1,n330--tuplet--start--1,tuplet,stamp,n7a2765eae4f19d6f
n751b236f90d72a77--tuplet--stop--1,n332--tuplet--stop--1,tuplet,stamp,n751b236f90d72a77
n2b4885af55de386b--staccato--1,,staccato,derive,n2b4885af55de386b
nf3af8556468df6c6--staccato--1,,staccato,derive,nf3af8556468df6c6
n4f9854a6bab935c5--staccato--1,,staccato,derive,n4f9854a6bab935c5
nba969b9a0854c988--staccato--1,,staccato,derive,nba969b9a0854c988
n81e8bb69b34b5b5f--tuplet--start--1,r4--tuplet--start--1,tuplet,stamp,n81e8bb69b34b5b5f
nc5c38d4481fd7257--tuplet--stop--1,n338--tuplet--stop--1,tuplet,stamp,nc5c38d4481fd7257
nc609e39205de62a4--tuplet--start--1,n339--tuplet--start--1,tuplet,stamp,nc609e39205de62a4
n21617bcd46b9637e--tuplet--stop--1,n341--tuplet--stop--1,tuplet,stamp,n21617bcd46b9637e
n02ff5a96dc08a817--tuplet--start--1,n342--tuplet--start--1,tuplet,stamp,n02ff5a96dc08a817
n81dd61b5d41082c0--tuplet--stop--1,n344--tuplet--stop--1,tuplet,stamp,n81dd61b5d41082c0
n0a1c74304162a604--tuplet--start--1,n345--tuplet--start--1,tuplet,stamp,n0a1c74304162a604
na5e6645fa714f1aa--tuplet--stop--1,n347--tuplet--stop--1,tuplet,stamp,na5e6645fa714f1aa
nd13fe53153625812--staccato--1,,staccato,derive,nd13fe53153625812
ne443f772defa3379--staccato--1,,staccato,derive,ne443f772defa3379
nb3225f794a1f724f--staccato--1,,staccato,derive,nb3225f794a1f724f
n57ef6247ccd95473--staccato--1,,staccato,derive,n57ef6247ccd95473
n9d45df4bf7379990--staccatissimo--1,,staccatissimo,derive,n9d45df4bf7379990
n9d45df4bf7379990--staccato--1,,staccato,derive,n9d45df4bf7379990
n57f9f6622b937903--staccatissimo--1,,staccatissimo,derive,n57f9f6622b937903
n57f9f6622b937903--staccato--1,,staccato,derive,n57f9f6622b937903
nca9cf371fd0c65b8--staccatissimo--1,,staccatissimo,derive,nca9cf371fd0c65b8
nca9cf371fd0c65b8--staccato--1,,staccato,derive,nca9cf371fd0c65b8
n8fb536afebc894a8--staccatissimo--1,,staccatissimo,derive,n8fb536afebc894a8
n8fb536afebc894a8--staccato--1,,staccato,derive,n8fb536afebc894a8
naf33ccc03e9fc34c--staccatissimo--1,,staccatissimo,derive,naf33ccc03e9fc34c
naf33ccc03e9fc34c--staccato--1,,staccato,derive,naf33ccc03e9fc34c
n89a8f17b404b49d0--staccatissimo--1,,staccatissimo,derive,n89a8f17b404b49d0
n89a8f17b404b49d0--staccato--1,,staccato,derive,n89a8f17b404b49d0
n04677698cbd00b5a--staccatissimo--1,,staccatissimo,derive,n04677698cbd00b5a
n04677698cbd00b5a--staccato--1,,staccato,derive,n04677698cbd00b5a
nf75e910a2ff86cff--staccatissimo--1,,staccatissimo,derive,nf75e910a2ff86cff
nf75e910a2ff86cff--staccato--1,,staccato,derive,nf75e910a2ff86cff
ec2c5c8665b445d1a,md-1-39-1-1,dynamics,md,1
n3e039380276940c9--staccatissimo--1,,staccatissimo,derive,n3e039380276940c9
n3e039380276940c9--staccato--1,,staccato,derive,n3e039380276940c9
nf81f086cc4214bec--staccatissimo--1,,staccatissimo,derive,nf81f086cc4214bec
nf81f086cc4214bec--staccato--1,,staccato,derive,nf81f086cc4214bec
nf7eb74d5e79dc227--staccatissimo--1,,staccatissimo,derive,nf7eb74d5e79dc227
nf7eb74d5e79dc227--staccato--1,,staccato,derive,nf7eb74d5e79dc227
ndce071646f045725--staccatissimo--1,,staccatissimo,derive,ndce071646f045725
ndce071646f045725--staccato--1,,staccato,derive,ndce071646f045725
n3df1594adbe18ad8--staccatissimo--1,,staccatissimo,derive,n3df1594adbe18ad8
n3df1594adbe18ad8--staccato--1,,staccato,derive,n3df1594adbe18ad8
n9a604c093f482694--staccatissimo--1,,staccatissimo,derive,n9a604c093f482694
n9a604c093f482694--staccato--1,,staccato,derive,n9a604c093f482694
nf8cc3a38f1a40f29--staccatissimo--1,,staccatissimo,derive,nf8cc3a38f1a40f29
nf8cc3a38f1a40f29--staccato--1,,staccato,derive,nf8cc3a38f1a40f29
n4782fddc1e8cc6de--staccatissimo--1,,staccatissimo,derive,n4782fddc1e8cc6de
n4782fddc1e8cc6de--staccato--1,,staccato,derive,n4782fddc1e8cc6de
nf2bff2c8072db375--staccatissimo--1,,staccatissimo,derive,nf2bff2c8072db375
nf2bff2c8072db375--staccato--1,,staccato,derive,nf2bff2c8072db375
nf0d0655a469b780f--staccatissimo--1,,staccatissimo,derive,nf0d0655a469b780f
nf0d0655a469b780f--staccato--1,,staccato,derive,nf0d0655a469b780f
nfb55c2142542ad05--staccatissimo--1,,staccatissimo,derive,nfb55c2142542ad05
nfb55c2142542ad05--staccato--1,,staccato,derive,nfb55c2142542ad05
na6b3b7fd47025935--staccatissimo--1,,staccatissimo,derive,na6b3b7fd47025935
na6b3b7fd47025935--staccato--1,,staccato,derive,na6b3b7fd47025935
ncf885b4c6aad3f3b--staccatissimo--1,,staccatissimo,derive,ncf885b4c6aad3f3b
ncf885b4c6aad3f3b--staccato--1,,staccato,derive,ncf885b4c6aad3f3b
na9652bcf9951275a--staccatissimo--1,,staccatissimo,derive,na9652bcf9951275a
na9652bcf9951275a--staccato--1,,staccato,derive,na9652bcf9951275a
n26555939e825c72a--staccatissimo--1,,staccatissimo,derive,n26555939e825c72a
n26555939e825c72a--staccato--1,,staccato,derive,n26555939e825c72a
n4d58a0746380aa76--staccatissimo--1,,staccatissimo,derive,n4d58a0746380aa76
n4d58a0746380aa76--staccato--1,,staccato,derive,n4d58a0746380aa76
n0f9f196a13539f12--tie--1,,tie,derive,n0f9f196a13539f12
n0f9f196a13539f12--tied--start--1,n382--tied--start--1,tied,stamp,n0f9f196a13539f12
e86cd8ae49523796f,md-1-42-1-1,dynamics,md,1
ne932af3c9e7f3f46--slur--start--1,n383--slur--start--1,slur,stamp,ne932af3c9e7f3f46
n9d989e5ac95b3dab--tie--1,,tie,derive,n9d989e5ac95b3dab
n9d989e5ac95b3dab--tied--stop--1,n389--tied--stop--1,tied,stamp,n9d989e5ac95b3dab
n8100522a6d7bc6d3--tie--1,,tie,derive,n8100522a6d7bc6d3
n8100522a6d7bc6d3--tied--start--1,n396--tied--start--1,tied,stamp,n8100522a6d7bc6d3
n7dc48c2d83df44c7--tie--1,,tie,derive,n7dc48c2d83df44c7
n7dc48c2d83df44c7--tie--2,,tie,derive,n7dc48c2d83df44c7
n7dc48c2d83df44c7--tied--stop--1,n403--tied--stop--1,tied,stamp,n7dc48c2d83df44c7
n7dc48c2d83df44c7--tied--start--2,n403--tied--start--2,tied,stamp,n7dc48c2d83df44c7
na5dad2a81ed2f3da--slur--stop--1,n404--slur--stop--1,slur,stamp,na5dad2a81ed2f3da
n968899facafd667b--tie--1,,tie,derive,n968899facafd667b
n968899facafd667b--tied--stop--1,n408--tied--stop--1,tied,stamp,n968899facafd667b
n968899facafd667b--slur--start--1,n408--slur--start--1,slur,stamp,n968899facafd667b
nb499b343cb6b318b--slur--start--1,n419--slur--start--1,slur,stamp,nb499b343cb6b318b
na29917dda99d32cf--slur--stop--1,n422--slur--stop--1,slur,stamp,na29917dda99d32cf
ec1c7d22fb90603cd,md-1-48-1-1,dynamics,md,1
n7138c9db309342b0--slur--stop--1,n427--slur--stop--1,slur,stamp,n7138c9db309342b0
nc85c733da8f05012--slur--start--1,n431--slur--start--1,slur,stamp,nc85c733da8f05012
nadcc32484985f20d--slur--start--1,n432--slur--start--1,slur,stamp,nadcc32484985f20d
n1dd441ecdd3df02c--slur--stop--1,n434--slur--stop--1,slur,stamp,n1dd441ecdd3df02c
n340fe25d8c3a2aec--slur--stop--1,n439--slur--stop--1,slur,stamp,n340fe25d8c3a2aec
nf9c93ffa4cdd68d2--slur--start--1,n443--slur--start--1,slur,stamp,nf9c93ffa4cdd68d2
na0a7ff890d65b770--slur--start--1,n444--slur--start--1,slur,stamp,na0a7ff890d65b770
n093d51de1de587c6--slur--stop--1,n446--slur--stop--1,slur,stamp,n093d51de1de587c6
n8fd41a5fb0f99de7--slur--stop--1,n451--slur--stop--1,slur,stamp,n8fd41a5fb0f99de7
nb3d7f55a376a1f0b--tie--1,,tie,derive,nb3d7f55a376a1f0b
nb3d7f55a376a1f0b--tied--start--1,n455--tied--start--1,tied,stamp,nb3d7f55a376a1f0b
naec258ad0fd5999f--tie--1,,tie,derive,naec258ad0fd5999f
naec258ad0fd5999f--tied--start--1,n456--tied--start--1,tied,stamp,naec258ad0fd5999f
n5434bd96f49cc056--tie--1,,tie,derive,n5434bd96f49cc056
n5434bd96f49cc056--tied--start--1,n457--tied--start--1,tied,stamp,n5434bd96f49cc056
n93a3a887714ef626--slur--start--1,n459--slur--start--1,slur,stamp,n93a3a887714ef626
n2a970d78ce138140--tie--1,,tie,derive,n2a970d78ce138140
n2a970d78ce138140--tie--2,,tie,derive,n2a970d78ce138140
n2a970d78ce138140--tied--stop--1,n463--tied--stop--1,tied,stamp,n2a970d78ce138140
n2a970d78ce138140--tied--start--2,n463--tied--start--2,tied,stamp,n2a970d78ce138140
n05dfa3e296db4f8b--tie--1,,tie,derive,n05dfa3e296db4f8b
n05dfa3e296db4f8b--tie--2,,tie,derive,n05dfa3e296db4f8b
n05dfa3e296db4f8b--tied--stop--1,n464--tied--stop--1,tied,stamp,n05dfa3e296db4f8b
n05dfa3e296db4f8b--tied--start--2,n464--tied--start--2,tied,stamp,n05dfa3e296db4f8b
n696dd7d383d71e72--tie--1,,tie,derive,n696dd7d383d71e72
n696dd7d383d71e72--tie--2,,tie,derive,n696dd7d383d71e72
n696dd7d383d71e72--tied--stop--1,n465--tied--stop--1,tied,stamp,n696dd7d383d71e72
n696dd7d383d71e72--tied--start--2,n465--tied--start--2,tied,stamp,n696dd7d383d71e72
n0dd9e4cc05b41398--tie--1,,tie,derive,n0dd9e4cc05b41398
n0dd9e4cc05b41398--tied--start--1,n466--tied--start--1,tied,stamp,n0dd9e4cc05b41398
ec354084e5ba40f39,md-1-55-2-1,dynamics,md,2
nac4f4265efe6e84b--tie--1,,tie,derive,nac4f4265efe6e84b
nac4f4265efe6e84b--tie--2,,tie,derive,nac4f4265efe6e84b
nac4f4265efe6e84b--tied--stop--1,n471--tied--stop--1,tied,stamp,nac4f4265efe6e84b
nac4f4265efe6e84b--tied--start--2,n471--tied--start--2,tied,stamp,nac4f4265efe6e84b
nbedc67229d387f74--tie--1,,tie,derive,nbedc67229d387f74
nbedc67229d387f74--tie--2,,tie,derive,nbedc67229d387f74
nbedc67229d387f74--tied--stop--1,n472--tied--stop--1,tied,stamp,nbedc67229d387f74
nbedc67229d387f74--tied--start--2,n472--tied--start--2,tied,stamp,nbedc67229d387f74
n28ba860c7c1c9e4a--tie--1,,tie,derive,n28ba860c7c1c9e4a
n28ba860c7c1c9e4a--tied--stop--1,n473--tied--stop--1,tied,stamp,n28ba860c7c1c9e4a
n839df5230c199f08--tie--1,,tie,derive,n839df5230c199f08
n839df5230c199f08--tied--stop--1,n474--tied--stop--1,tied,stamp,n839df5230c199f08
n839df5230c199f08--slur--start--1,n474--slur--start--1,slur,stamp,n839df5230c199f08
na6b069288e100a12--tie--1,,tie,derive,na6b069288e100a12
na6b069288e100a12--tied--stop--1,n479--tied--stop--1,tied,stamp,na6b069288e100a12
n8c860603e738eb37--tie--1,,tie,derive,n8c860603e738eb37
n8c860603e738eb37--tied--stop--1,n480--tied--stop--1,tied,stamp,n8c860603e738eb37
nd115ae28541bf009--slur--stop--1,n482--slur--stop--1,slur,stamp,nd115ae28541bf009
ncc633b8cc4b4f8a2--slur--stop--1,n483--slur--stop--1,slur,stamp,ncc633b8cc4b4f8a2
n51100c9ff5be4e10--slur--start--1,n485--slur--start--1,slur,stamp,n51100c9ff5be4e10
ebef4195e29afa88e,md-1-58-1-1,dynamics,md,1
nb2172edff48ad22b--slur--stop--1,n501--slur--stop--1,slur,stamp,nb2172edff48ad22b
n4dc7a1fc0bcca6f2--tie--1,,tie,derive,n4dc7a1fc0bcca6f2
n4dc7a1fc0bcca6f2--tied--start--1,n517--tied--start--1,tied,stamp,n4dc7a1fc0bcca6f2
efb7d188cc4030147,md-1-60-1-1,dynamics,md,1
na7ac2b4f78c6fdad--tie--1,,tie,derive,na7ac2b4f78c6fdad
na7ac2b4f78c6fdad--tied--stop--1,n530--tied--stop--1,tied,stamp,na7ac2b4f78c6fdad
na7ac2b4f78c6fdad--slur--start--1,n530--slur--start--1,slur,stamp,na7ac2b4f78c6fdad
na6f6251ac9392610--slur--stop--1,n531--slur--stop--1,slur,stamp,na6f6251ac9392610
nb00215366b2ebcfe--slur--start--1,n545--slur--start--1,slur,stamp,nb00215366b2ebcfe
nb6997577836ceab9--slur--stop--1,n561--slur--stop--1,slur,stamp,nb6997577836ceab9
n133f629aa2b1af7f--tie--1,,tie,derive,n133f629aa2b1af7f
n133f629aa2b1af7f--tied--start--1,n577--tied--start--1,tied,stamp,n133f629aa2b1af7f
ebb7a2ebbe89c8a7a,md-1-64-1-1,dynamics,md,1
n52701fe844cafd6e--tie--1,,tie,derive,n52701fe844cafd6e
n52701fe844cafd6e--tied--stop--1,n590--tied--stop--1,tied,stamp,n52701fe844cafd6e
n52701fe844cafd6e--slur--start--1,n590--slur--start--1,slur,stamp,n52701fe844cafd6e
n4f97bfb7f58e314b--slur--stop--1,n591--slur--stop--1,slur,stamp,n4f97bfb7f58e314b
n7f91af7dc286cacc--slur--start--1,n605--slur--start--1,slur,stamp,n7f91af7dc286cacc
nc601242bc1a465da--slur--stop--1,n621--slur--stop--1,slur,stamp,nc601242bc1a465da
n6547154a671c7104--tie--1,,tie,derive,n6547154a671c7104
n6547154a671c7104--tied--start--1,n637--tied--start--1,tied,stamp,n6547154a671c7104
e0411e87771e10dcf,md-1-68-1-1,dynamics,md,1
n237fa12ac45ddd14--tie--1,,tie,derive,n237fa12ac45ddd14
n237fa12ac45ddd14--tied--stop--1,n650--tied--stop--1,tied,stamp,n237fa12ac45ddd14
n5ec1a9f0e237dcd0--turn--1,,turn,derive,n5ec1a9f0e237dcd0
n28bf41d2479be336--tie--1,,tie,derive,n28bf41d2479be336
n28bf41d2479be336--tied--start--1,n665--tied--start--1,tied,stamp,n28bf41d2479be336
n694df3f4f8ee02ce--tie--1,,tie,derive,n694df3f4f8ee02ce
n694df3f4f8ee02ce--tied--start--1,n666--tied--start--1,tied,stamp,n694df3f4f8ee02ce
e7e1d1d981587bd09,md-1-70-1-1,dynamics,md,1
n957c9e6f73da1183--tie--1,,tie,derive,n957c9e6f73da1183
n957c9e6f73da1183--tied--stop--1,n685--tied--stop--1,tied,stamp,n957c9e6f73da1183
n957c9e6f73da1183--slur--start--1,n685--slur--start--1,slur,stamp,n957c9e6f73da1183
n957c9e6f73da1183--slur--start--2,n685--slur--start--2,slur,stamp,n957c9e6f73da1183
n243912363e767179--tie--1,,tie,derive,n243912363e767179
n243912363e767179--tied--stop--1,n686--tied--stop--1,tied,stamp,n243912363e767179
na035da65f1b4ae43--slur--stop--1,n687--slur--stop--1,slur,stamp,na035da65f1b4ae43
na035da65f1b4ae43--slur--stop--2,n687--slur--stop--2,slur,stamp,na035da65f1b4ae43
n931708e6e5f82aae--turn--1,,turn,derive,n931708e6e5f82aae
nceeea46fd5cfa418--tie--1,,tie,derive,nceeea46fd5cfa418
nceeea46fd5cfa418--tied--start--1,n702--tied--start--1,tied,stamp,nceeea46fd5cfa418
n8f91a7c9dec2582f--tie--1,,tie,derive,n8f91a7c9dec2582f
n8f91a7c9dec2582f--tied--start--1,n703--tied--start--1,tied,stamp,n8f91a7c9dec2582f
e66cd4c282925dd49,md-1-72-1-1,dynamics,md,1
nebdd871f4811e65f--tie--1,,tie,derive,nebdd871f4811e65f
nebdd871f4811e65f--tied--stop--1,n722--tied--stop--1,tied,stamp,nebdd871f4811e65f
nebdd871f4811e65f--slur--start--1,n722--slur--start--1,slur,stamp,nebdd871f4811e65f
nebdd871f4811e65f--slur--start--2,n722--slur--start--2,slur,stamp,nebdd871f4811e65f
n22a71c5dbe8e9c28--tie--1,,tie,derive,n22a71c5dbe8e9c28
n22a71c5dbe8e9c28--tied--stop--1,n723--tied--stop--1,tied,stamp,n22a71c5dbe8e9c28
n5ad4f21a0b490414--slur--stop--1,n724--slur--stop--1,slur,stamp,n5ad4f21a0b490414
n5ad4f21a0b490414--slur--stop--2,n724--slur--stop--2,slur,stamp,n5ad4f21a0b490414
n61e2b490631d3810--turn--1,,turn,derive,n61e2b490631d3810
n7dcaa7f5bf70bc9b--tie--1,,tie,derive,n7dcaa7f5bf70bc9b
n7dcaa7f5bf70bc9b--tied--start--1,n739--tied--start--1,tied,stamp,n7dcaa7f5bf70bc9b
n32dcadaad9a701ca--tie--1,,tie,derive,n32dcadaad9a701ca
n32dcadaad9a701ca--tied--start--1,n740--tied--start--1,tied,stamp,n32dcadaad9a701ca
e6ccbd73f4942210e,md-1-74-1-1,dynamics,md,1
nbe5220de8c1c00c3--tie--1,,tie,derive,nbe5220de8c1c00c3
nbe5220de8c1c00c3--tied--stop--1,n759--tied--stop--1,tied,stamp,nbe5220de8c1c00c3
nbe5220de8c1c00c3--slur--start--1,n759--slur--start--1,slur,stamp,nbe5220de8c1c00c3
nbe5220de8c1c00c3--slur--start--2,n759--slur--start--2,slur,stamp,nbe5220de8c1c00c3
n3d3e08a01c8ef1dc--tie--1,,tie,derive,n3d3e08a01c8ef1dc
n3d3e08a01c8ef1dc--tied--stop--1,n760--tied--stop--1,tied,stamp,n3d3e08a01c8ef1dc
n953f4cfd5b9badce--slur--stop--1,n761--slur--stop--1,slur,stamp,n953f4cfd5b9badce
n953f4cfd5b9badce--slur--stop--2,n761--slur--stop--2,slur,stamp,n953f4cfd5b9badce
nf91823c6d175be7d--slur--start--1,n778--slur--start--1,slur,stamp,nf91823c6d175be7d
n2485da88a31131cb--slur--start--1,n785--slur--start--1,slur,stamp,n2485da88a31131cb
e9e1cecc01b5ca9ba,md-1-76-1-1,dynamics,md,1
n38b2f915d8496190--slur--stop--1,n789--slur--stop--1,slur,stamp,n38b2f915d8496190
n854f072205221065--slur--start--1,n791--slur--start--1,slur,stamp,n854f072205221065
n854f072205221065--slur--start--2,n791--slur--start--2,slur,stamp,n854f072205221065
nf803adeb603e2ce0--slur--stop--1,n793--slur--stop--1,slur,stamp,nf803adeb603e2ce0
e5e3e3d510f6bddcd,md-1-77-1-1,dynamics,md,1
n6fee79ae0a55fd81--slur--stop--1,n795--slur--stop--1,slur,stamp,n6fee79ae0a55fd81
n6fee79ae0a55fd81--slur--stop--2,n795--slur--stop--2,slur,stamp,n6fee79ae0a55fd81
nc2b8104ece8d942a--slur--start--1,n798--slur--start--1,slur,stamp,nc2b8104ece8d942a
n0dce64cc6e0baa6c--slur--start--1,n804--slur--start--1,slur,stamp,n0dce64cc6e0baa6c
e8432c140181a575a,md-1-78-1-1,dynamics,md,1
n6bd3390f8e85f17a--slur--stop--1,n808--slur--stop--1,slur,stamp,n6bd3390f8e85f17a
n663cc7d18bd4ba96--slur--start--1,n810--slur--start--1,slur,stamp,n663cc7d18bd4ba96
n7e65bd46e933e7a7--slur--stop--1,n811--slur--stop--1,slur,stamp,n7e65bd46e933e7a7
e7f7f8a8fdb6e31b1,md-1-79-1-1,dynamics,md,1
ndf61116587eda398--slur--stop--1,n813--slur--stop--1,slur,stamp,ndf61116587eda398
nf46bb75400b5a072--slur--start--1,n815--slur--start--1,slur,stamp,nf46bb75400b5a072
n171b9508f6611215--slur--stop--1,n820--slur--stop--1,slur,stamp,n171b9508f6611215
n94c6aa308951da1c--slur--start--1,n822--slur--start--1,slur,stamp,n94c6aa308951da1c
naefc8cd3a661484e--slur--stop--1,n827--slur--stop--1,slur,stamp,naefc8cd3a661484e
n03fdb754ab9024f4--tuplet--start--1,n838--tuplet--start--1,tuplet,stamp,n03fdb754ab9024f4
n80f091bd98f874f0--tuplet--stop--1,n840--tuplet--stop--1,tuplet,stamp,n80f091bd98f874f0
nbd2490b11b4af34c--tuplet--start--1,n841--tuplet--start--1,tuplet,stamp,nbd2490b11b4af34c
na27af41dadc123f3--tuplet--stop--1,n843--tuplet--stop--1,tuplet,stamp,na27af41dadc123f3
nbae0f2c0db8cc91a--tuplet--start--1,n844--tuplet--start--1,tuplet,stamp,nbae0f2c0db8cc91a
nb465c67d71d0d1af--tuplet--stop--1,n846--tuplet--stop--1,tuplet,stamp,nb465c67d71d0d1af
ea0cbc9596f8de5d8,md-1-84-1-1,dynamics,md,1
n1472b489fbdaf152--tuplet--start--1,n851--tuplet--start--1,tuplet,stamp,n1472b489fbdaf152
n39a5d9b6c141774f--tuplet--stop--1,n853--tuplet--stop--1,tuplet,stamp,n39a5d9b6c141774f
n06e02dda1d7a9ed5--tuplet--start--1,n854--tuplet--start--1,tuplet,stamp,n06e02dda1d7a9ed5
ncb5f698a24b638aa--tuplet--stop--1,n856--tuplet--stop--1,tuplet,stamp,ncb5f698a24b638aa
n85c741233b2acfbe--tuplet--start--1,n857--tuplet--start--1,tuplet,stamp,n85c741233b2acfbe
n6d20aad310bdea2d--tuplet--stop--1,n859--tuplet--stop--1,tuplet,stamp,n6d20aad310bdea2d
n4a139ee647160bf2--tuplet--start--1,n860--tuplet--start--1,tuplet,stamp,n4a139ee647160bf2
nf59f7223b43411e5--tuplet--stop--1,n862--tuplet--stop--1,tuplet,stamp,nf59f7223b43411e5
ea4789533425a9697,md-1-86-1-1,dynamics,md,1
e17f59131b90924df,md-1-87-1-1,dynamics,md,1
ne90ef3c87ca4944b--tuplet--start--1,n871--tuplet--start--1,tuplet,stamp,ne90ef3c87ca4944b
n69e5c24da835d2ed--tuplet--stop--1,n873--tuplet--stop--1,tuplet,stamp,n69e5c24da835d2ed
nb72d0c78966ee1bc--tuplet--start--1,n874--tuplet--start--1,tuplet,stamp,nb72d0c78966ee1bc
na76985f07da6236e--tuplet--stop--1,n876--tuplet--stop--1,tuplet,stamp,na76985f07da6236e
n9122fa35dcdb4431--tuplet--start--1,n877--tuplet--start--1,tuplet,stamp,n9122fa35dcdb4431
n40621ec6ae772cfb--tuplet--stop--1,n879--tuplet--stop--1,tuplet,stamp,n40621ec6ae772cfb
n7671b600a6080512--tuplet--start--1,n882--tuplet--start--1,tuplet,stamp,n7671b600a6080512
naab41e2af5cb0d9f--tuplet--stop--1,n884--tuplet--stop--1,tuplet,stamp,naab41e2af5cb0d9f
ndbc2460d2d688890--tuplet--start--1,n885--tuplet--start--1,tuplet,stamp,ndbc2460d2d688890
nc8bed34b88f8fc16--tuplet--stop--1,n887--tuplet--stop--1,tuplet,stamp,nc8bed34b88f8fc16
nc4a8eb98b4c1d477--tuplet--start--1,n888--tuplet--start--1,tuplet,stamp,nc4a8eb98b4c1d477
nb3e9147c87c8070c--tuplet--stop--1,n890--tuplet--stop--1,tuplet,stamp,nb3e9147c87c8070c
nb7e19175ccd7dd48--tuplet--start--1,n891--tuplet--start--1,tuplet,stamp,nb7e19175ccd7dd48
n87f25f93909c7ecd--tuplet--stop--1,n893--tuplet--stop--1,tuplet,stamp,n87f25f93909c7ecd
e01a881016b735e86,md-1-90-1-1,dynamics,md,1
e41d408fc56473a32,md-1-91-1-1,dynamics,md,1
ndfd787ab689aa6c5--tuplet--start--1,n904--tuplet--start--1,tuplet,stamp,ndfd787ab689aa6c5
n2d3484d1b5fc0341--tuplet--stop--1,n906--tuplet--stop--1,tuplet,stamp,n2d3484d1b5fc0341
n620c2c0f681a4d38--tuplet--start--1,n907--tuplet--start--1,tuplet,stamp,n620c2c0f681a4d38
nb654d51f200c3e4b--tuplet--stop--1,n909--tuplet--stop--1,tuplet,stamp,nb654d51f200c3e4b
nb1b55a7e8cffd8ae--tuplet--start--1,n910--tuplet--start--1,tuplet,stamp,nb1b55a7e8cffd8ae
n334ece844d5c1a4d--tuplet--stop--1,n912--tuplet--stop--1,tuplet,stamp,n334ece844d5c1a4d
nfa417749f38a65c6--tuplet--start--1,n913--tuplet--start--1,tuplet,stamp,nfa417749f38a65c6
n96306ad68204fb2b--tuplet--stop--1,n915--tuplet--stop--1,tuplet,stamp,n96306ad68204fb2b
n399651ace3cfab5a--staccato--1,,staccato,derive,n399651ace3cfab5a
n46bc2203678724fc--staccato--1,,staccato,derive,n46bc2203678724fc
n5d0b9d265822cef5--staccato--1,,staccato,derive,n5d0b9d265822cef5
n1f678345ce264989--staccato--1,,staccato,derive,n1f678345ce264989
ec7fb1f6a98b413df,md-1-93-1-1,dynamics,md,1
nd34ffca5a0acda15--staccato--1,,staccato,derive,nd34ffca5a0acda15
n6b3569b0937ebfce--staccato--1,,staccato,derive,n6b3569b0937ebfce
n788a9b35a4f50703--staccato--1,,staccato,derive,n788a9b35a4f50703
nda44164582eeaa6a--staccato--1,,staccato,derive,nda44164582eeaa6a
nbde400f39850d871--tuplet--start--1,n927--tuplet--start--1,tuplet,stamp,nbde400f39850d871
n9fdd6073c088b643--tuplet--stop--1,n929--tuplet--stop--1,tuplet,stamp,n9fdd6073c088b643
nc0a39c4e7dfaae60--tuplet--start--1,n930--tuplet--start--1,tuplet,stamp,nc0a39c4e7dfaae60
n91c9cf56b155a5ca--tuplet--stop--1,n932--tuplet--stop--1,tuplet,stamp,n91c9cf56b155a5ca
n497749a8cdfff119--tuplet--start--1,n933--tuplet--start--1,tuplet,stamp,n497749a8cdfff119
n7cd6aea12b09052b--tuplet--stop--1,n935--tuplet--stop--1,tuplet,stamp,n7cd6aea12b09052b
nff9ff84c3c00f408--tuplet--start--1,n936--tuplet--start--1,tuplet,stamp,nff9ff84c3c00f408
n5c32776fe0a49834--tuplet--stop--1,n938--tuplet--stop--1,tuplet,stamp,n5c32776fe0a49834
n5565467c6c4ac606--staccato--1,,staccato,derive,n5565467c6c4ac606
n4cb35885048629da--staccato--1,,staccato,derive,n4cb35885048629da
n44531f47222d616b--staccato--1,,staccato,derive,n44531f47222d616b
nee1807ab34310a5d--staccato--1,,staccato,derive,nee1807ab34310a5d
e417e22d981b04be4,md-1-95-1-1,dynamics,md,1
naef0b6c256881290--tuplet--start--1,n946--tuplet--start--1,tuplet,stamp,naef0b6c256881290
n223e07c5789bf447--tuplet--stop--1,n948--tuplet--stop--1,tuplet,stamp,n223e07c5789bf447
n0bff33420b2554eb--tuplet--start--1,n949--tuplet--start--1,tuplet,stamp,n0bff33420b2554eb
n73b7072943546eb1--tuplet--stop--1,n951--tuplet--stop--1,tuplet,stamp,n73b7072943546eb1
n85826fdee00172d2--tuplet--start--1,n952--tuplet--start--1,tuplet,stamp,n85826fdee00172d2
nc6b8f503128e6d3e--tuplet--stop--1,n954--tuplet--stop--1,tuplet,stamp,nc6b8f503128e6d3e
nfda5ae9e820e19e0--tuplet--start--1,n955--tuplet--start--1,tuplet,stamp,nfda5ae9e820e19e0
n5070344d1592ebfd--tuplet--stop--1,n957--tuplet--stop--1,tuplet,stamp,n5070344d1592ebfd
n6f226fca70afac5e--staccato--1,,staccato,derive,n6f226fca70afac5e
ne0a28b59fc42834b--staccato--1,,staccato,derive,ne0a28b59fc42834b
n40d920a8ee261136--staccato--1,,staccato,derive,n40d920a8ee261136
n251692bda65ae8f7--staccato--1,,staccato,derive,n251692bda65ae8f7
e44492a95329e31a1,md-1-97-2-1,dynamics,md,2
n519fbb140886c126--tuplet--start--1,n963--tuplet--start--1,tuplet,stamp,n519fbb140886c126
nc0c1d2bc3a6e2c8d--tuplet--stop--1,n965--tuplet--stop--1,tuplet,stamp,nc0c1d2bc3a6e2c8d
nacccbc99af95a344--tuplet--start--1,n966--tuplet--start--1,tuplet,stamp,nacccbc99af95a344
nb0fb4d6a28da116c--tuplet--stop--1,n968--tuplet--stop--1,tuplet,stamp,nb0fb4d6a28da116c
n8bd3128249a64413--tuplet--start--1,n969--tuplet--start--1,tuplet,stamp,n8bd3128249a64413
ndad6a5ddf9cfb544--tuplet--stop--1,n971--tuplet--stop--1,tuplet,stamp,ndad6a5ddf9cfb544
n27ce71c653f7e0bb--tuplet--start--1,n972--tuplet--start--1,tuplet,stamp,n27ce71c653f7e0bb
n902ac7fbf8fad373--tuplet--stop--1,n974--tuplet--stop--1,tuplet,stamp,n902ac7fbf8fad373
nde953449ae598a5a--staccato--1,,staccato,derive,nde953449ae598a5a
ne5cef83ad3d3b047--staccato--1,,staccato,derive,ne5cef83ad3d3b047
nb83e4a236b89b19a--staccato--1,,staccato,derive,nb83e4a236b89b19a
n88c9ec5e1b504666--staccato--1,,staccato,derive,n88c9ec5e1b504666
nfff6118ee4968de1--staccato--1,,staccato,derive,nfff6118ee4968de1
n6653e282d368161d--staccato--1,,staccato,derive,n6653e282d368161d
ned06cad60457a8fe--staccato--1,,staccato,derive,ned06cad60457a8fe
n369b85309d6e82b2--staccato--1,,staccato,derive,n369b85309d6e82b2
n94bd6aa7aa9b63e4--staccato--1,,staccato,derive,n94bd6aa7aa9b63e4
nb67c0e50681204b4--staccato--1,,staccato,derive,nb67c0e50681204b4
ncc2b326ae73c8099--staccato--1,,staccato,derive,ncc2b326ae73c8099
n94849a5d89e356b9--staccato--1,,staccato,derive,n94849a5d89e356b9
e9dfe20cb11c387cb,md-1-99-1-1,dynamics,md,1
n1c413d9c40b66017--staccato--1,,staccato,derive,n1c413d9c40b66017
nac040f716184eac0--staccato--1,,staccato,derive,nac040f716184eac0
n982f8c83f0fe5f90--staccato--1,,staccato,derive,n982f8c83f0fe5f90
n2cd18a9e0378c44c--staccato--1,,staccato,derive,n2cd18a9e0378c44c
n325434a9e58dafdd--staccato--1,,staccato,derive,n325434a9e58dafdd
na1c03f7915036b20--staccato--1,,staccato,derive,na1c03f7915036b20
n4060203ef433e61f--staccato--1,,staccato,derive,n4060203ef433e61f
n726cc7731e24c76a--staccato--1,,staccato,derive,n726cc7731e24c76a
n1c1bef7c16d7d0bb--staccato--1,,staccato,derive,n1c1bef7c16d7d0bb
nd5cf16dc34450e59--staccato--1,,staccato,derive,nd5cf16dc34450e59
n71d85ab9b4ed5322--staccato--1,,staccato,derive,n71d85ab9b4ed5322
n39e26a2113f3597a--staccato--1,,staccato,derive,n39e26a2113f3597a
n82f1138ad7c547fb--staccato--1,,staccato,derive,n82f1138ad7c547fb
n9744453720d7ab53--staccato--1,,staccato,derive,n9744453720d7ab53
n131f44c292806be6--staccato--1,,staccato,derive,n131f44c292806be6
n95ad65353c34a0cd--staccato--1,,staccato,derive,n95ad65353c34a0cd
n47a70cd6a3e426f6--staccato--1,,staccato,derive,n47a70cd6a3e426f6
ne19aeb5eb92792e2--staccato--1,,staccato,derive,ne19aeb5eb92792e2
n72b29e3f75e58f39--staccato--1,,staccato,derive,n72b29e3f75e58f39
nfb02bc220f81ebf9--staccato--1,,staccato,derive,nfb02bc220f81ebf9
ecaf0d248154aecfb,md-1-102-2-1,dynamics,md,2
n30b7654f4f0e19bd--staccato--1,,staccato,derive,n30b7654f4f0e19bd
n4bea3a7dcacc4c8a--staccato--1,,staccato,derive,n4bea3a7dcacc4c8a
n2ccbfd22e592e4ee--staccato--1,,staccato,derive,n2ccbfd22e592e4ee
nd94dc8300199cc19--staccato--1,,staccato,derive,nd94dc8300199cc19
e96aba7baeea85633,md-1-103-2-1,dynamics,md,2
n1a84417e1f789524--slur--start--1,n1013--slur--start--1,slur,stamp,n1a84417e1f789524
n3d203b18df2cd400--tie--1,,tie,derive,n3d203b18df2cd400
n3d203b18df2cd400--tied--start--1,n1017--tied--start--1,tied,stamp,n3d203b18df2cd400
e53c5f20c0ae57baf,md-1-104-2-1,dynamics,md,2
n9be06b14fc282b9d--slur--stop--1,n1021--slur--stop--1,slur,stamp,n9be06b14fc282b9d
n3a16987f6a8e86d1--slur--start--1,n1022--slur--start--1,slur,stamp,n3a16987f6a8e86d1
n4457e7439b72552d--tie--1,,tie,derive,n4457e7439b72552d
n4457e7439b72552d--tied--stop--1,n1023--tied--stop--1,tied,stamp,n4457e7439b72552d
n26ac4e44085f8f49--slur--start--1,n1027--slur--start--1,slur,stamp,n26ac4e44085f8f49
n2de5e558305b6a78--tie--1,,tie,derive,n2de5e558305b6a78
n2de5e558305b6a78--tied--start--1,n1031--tied--start--1,tied,stamp,n2de5e558305b6a78
n010be6dbb3ee75e9--slur--stop--1,n1038--slur--stop--1,slur,stamp,n010be6dbb3ee75e9
n5eb47796525855d0--tie--1,,tie,derive,n5eb47796525855d0
n5eb47796525855d0--tie--2,,tie,derive,n5eb47796525855d0
n5eb47796525855d0--tied--stop--1,n1039--tied--stop--1,tied,stamp,n5eb47796525855d0
n5eb47796525855d0--tied--start--2,n1039--tied--start--2,tied,stamp,n5eb47796525855d0
n41533361c3654b84--slur--start--1,n1041--slur--start--1,slur,stamp,n41533361c3654b84
n22fe298a70182941--tie--1,,tie,derive,n22fe298a70182941
n22fe298a70182941--tie--2,,tie,derive,n22fe298a70182941
n22fe298a70182941--tied--stop--1,n1045--tied--stop--1,tied,stamp,n22fe298a70182941
n22fe298a70182941--tied--start--2,n1045--tied--start--2,tied,stamp,n22fe298a70182941
ea0974ddb7d4ea926,md-1-108-1-1,dynamics,md,1
ncbdd403b53df6951--slur--stop--1,n1051--slur--stop--1,slur,stamp,ncbdd403b53df6951
n7f1fd2e56b4adc87--tie--1,,tie,derive,n7f1fd2e56b4adc87
n7f1fd2e56b4adc87--tied--stop--1,n1052--tied--stop--1,tied,stamp,n7f1fd2e56b4adc87
n32b4e65a2f0ba320--slur--start--1,n1058--slur--start--1,slur,stamp,n32b4e65a2f0ba320
n2fd3f8aade6555b3--tie--1,,tie,derive,n2fd3f8aade6555b3
n2fd3f8aade6555b3--tied--start--1,n1062--tied--start--1,tied,stamp,n2fd3f8aade6555b3
n05eaec8649105fce--slur--stop--1,n1069--slur--stop--1,slur,stamp,n05eaec8649105fce
n746e07c4d5c09a8e--tie--1,,tie,derive,n746e07c4d5c09a8e
n746e07c4d5c09a8e--tied--stop--1,n1070--tied--stop--1,tied,stamp,n746e07c4d5c09a8e
n1cbbdda8d2666818--slur--stop--1,n1071--slur--stop--1,slur,stamp,n1cbbdda8d2666818
n181bc6d603a2affb--staccato--1,,staccato,derive,n181bc6d603a2affb
n7bdd821c703a5219--staccato--1,,staccato,derive,n7bdd821c703a5219
n227b97f6e60e57e0--staccato--1,,staccato,derive,n227b97f6e60e57e0
n45c62aa850fd2730--staccato--1,,staccato,derive,n45c62aa850fd2730
ee8d628e71a93ef4b,md-1-112-1-1,dynamics,md,1
n7ee4b25fb9805106--staccato--1,,staccato,derive,n7ee4b25fb9805106
n7649d1b08a07392f--staccato--1,,staccato,derive,n7649d1b08a07392f
nc3d98e5babb39509--staccato--1,,staccato,derive,nc3d98e5babb39509
n7e73fcaf96ff9467--staccato--1,,staccato,derive,n7e73fcaf96ff9467
ec8532d515e41c389,md-1-118-1-1,dynamics,md,1
nf1afdd17652ffeb7--staccato--1,,staccato,derive,nf1afdd17652ffeb7
n3bd8cb6c88006ee5--staccato--1,,staccato,derive,n3bd8cb6c88006ee5
ebe4b907dfd4b5d1a,md-1-122-1-1,dynamics,md,1
ne6e15f0049ad1a32--staccato--1,,staccato,derive,ne6e15f0049ad1a32
nba74bd2e2b58cb8b--slur--start--1,n1130--slur--start--1,slur,stamp,nba74bd2e2b58cb8b
na68c9e3aa19245f4--staccato--1,,staccato,derive,na68c9e3aa19245f4
n1c704b7f63789b25--slur--start--1,n1136--slur--start--1,slur,stamp,n1c704b7f63789b25
n164b26e47d16fb2c--slur--stop--1,n1140--slur--stop--1,slur,stamp,n164b26e47d16fb2c
nf6cb9f7e986300f9--staccato--1,,staccato,derive,nf6cb9f7e986300f9
ndc53e744372ad075--slur--stop--1,n1144--slur--stop--1,slur,stamp,ndc53e744372ad075
n1d49344fc6564114--staccato--1,,staccato,derive,n1d49344fc6564114
n0b3835be2bd5e7f3--staccato--1,,staccato,derive,n0b3835be2bd5e7f3
n9b69fa14257478e8--slur--start--1,n1150--slur--start--1,slur,stamp,n9b69fa14257478e8
n2200e2abd884ecda--staccato--1,,staccato,derive,n2200e2abd884ecda
ne736835288f1be8c--slur--start--1,n1156--slur--start--1,slur,stamp,ne736835288f1be8c
n1cffa793e4464f99--slur--stop--1,n1160--slur--stop--1,slur,stamp,n1cffa793e4464f99
n84122db18cf3ef69--staccato--1,,staccato,derive,n84122db18cf3ef69
nd631ae2435c6d697--slur--stop--1,n1164--slur--stop--1,slur,stamp,nd631ae2435c6d697
n53480f85e7f560ea--staccato--1,,staccato,derive,n53480f85e7f560ea
na58094071ff9f1da--staccato--1,,staccato,derive,na58094071ff9f1da
nbead756c4c981f18--staccato--1,,staccato,derive,nbead756c4c981f18
n9f34e787c5d6ffcb--staccato--1,,staccato,derive,n9f34e787c5d6ffcb
nf8bd61aad92ba8c1--staccato--1,,staccato,derive,nf8bd61aad92ba8c1
n259c4a9b23e1cc12--staccato--1,,staccato,derive,n259c4a9b23e1cc12
n5b73c537291ff5a1--staccato--1,,staccato,derive,n5b73c537291ff5a1
n6eeef7b0cd16196c--staccato--1,,staccato,derive,n6eeef7b0cd16196c
n5f43892d5f534950--staccato--1,,staccato,derive,n5f43892d5f534950
nbf48f6c4ecf634e9--staccato--1,,staccato,derive,nbf48f6c4ecf634e9
n1cffc7b52742ac17--staccato--1,,staccato,derive,n1cffc7b52742ac17
n3d8a26de508e38a1--staccato--1,,staccato,derive,n3d8a26de508e38a1
nc8d4b28c2488d838--staccato--1,,staccato,derive,nc8d4b28c2488d838
n16e0ceced77ec6bb--staccato--1,,staccato,derive,n16e0ceced77ec6bb
n8665b396f8bae16d--staccato--1,,staccato,derive,n8665b396f8bae16d
e0b6f39f3672cd65a,md-1-130-1-1,dynamics,md,1
na36e9a3a7204be95--staccato--1,,staccato,derive,na36e9a3a7204be95
n59125d52730ed933--slur--start--1,n1223--slur--start--1,slur,stamp,n59125d52730ed933
n539b56b8cf879759--slur--stop--1,n1239--slur--stop--1,slur,stamp,n539b56b8cf879759
nb31993e79fabf868--staccato--1,,staccato,derive,nb31993e79fabf868
n52240db813c38d42--staccato--1,,staccato,derive,n52240db813c38d42
n8de7736b82e0242b--staccato--1,,staccato,derive,n8de7736b82e0242b
n1ef863c6571f73df--staccato--1,,staccato,derive,n1ef863c6571f73df
n10bfc8d07f4c1661--staccato--1,,staccato,derive,n10bfc8d07f4c1661
nbff767d406618d04--staccato--1,,staccato,derive,nbff767d406618d04
n06093a1b90b24877--staccato--1,,staccato,derive,n06093a1b90b24877
e9b60bf936eaa0829,md-1-137-2-1,dynamics,md,2
n781bb038f4eaf9cc--staccato--1,,staccato,derive,n781bb038f4eaf9cc
n02d3bf25af4a6df4--staccato--1,,staccato,derive,n02d3bf25af4a6df4
n204e9063e9300e6d--staccato--1,,staccato,derive,n204e9063e9300e6d
n8c2a62bd8ba0ecc8--staccato--1,,staccato,derive,n8c2a62bd8ba0ecc8
nfb88d841d435b24d--staccato--1,,staccato,derive,nfb88d841d435b24d
n913e17d7df6ef9a9--staccato--1,,staccato,derive,n913e17d7df6ef9a9
n7a3881e18303a38e--staccato--1,,staccato,derive,n7a3881e18303a38e
nef16e5fbbfe251d6--staccato--1,,staccato,derive,nef16e5fbbfe251d6
n1e2073e1af6777a1--staccato--1,,staccato,derive,n1e2073e1af6777a1
e71ae2d9ac991c4c0,md-1-143-2-1,dynamics,md,2
n6dd2a1fedbd0d449--staccato--1,,staccato,derive,n6dd2a1fedbd0d449
n87f28f6ff3c3a72d--slur--start--1,n1418--slur--start--1,slur,stamp,n87f28f6ff3c3a72d
ne59d95ef01b0d676--slur--stop--1,n1434--slur--stop--1,slur,stamp,ne59d95ef01b0d676
na357a27b58ec4a76--staccato--1,,staccato,derive,na357a27b58ec4a76
ndfdfbb2f966cb767--staccato--1,,staccato,derive,ndfdfbb2f966cb767
n533e87ab97411244--staccato--1,,staccato,derive,n533e87ab97411244
nf909002dd7528d43--staccato--1,,staccato,derive,nf909002dd7528d43
n5732766889406029--staccato--1,,staccato,derive,n5732766889406029
naa731e8753f651fd--staccato--1,,staccato,derive,naa731e8753f651fd
n42399e8304b3a155--staccato--1,,staccato,derive,n42399e8304b3a155
n4f6f0df3552ab3ae--arpeggiate--1,n1490--arpeggiate--1,arpeggiate,stamp,n4f6f0df3552ab3ae
n568dbfc50ce7e072--arpeggiate--1,n1491--arpeggiate--1,arpeggiate,stamp,n568dbfc50ce7e072
n01407e9abcd0614a--arpeggiate--1,n1492--arpeggiate--1,arpeggiate,stamp,n01407e9abcd0614a
n6a2c70852311e10d--arpeggiate--1,n1493--arpeggiate--1,arpeggiate,stamp,n6a2c70852311e10d
nc42510b542f4cf45--staccato--1,,staccato,derive,nc42510b542f4cf45
e59dfac0d20f56376,md-1-149-2-1,dynamics,md,2
n323b23b35b62889c--staccato--1,,staccato,derive,n323b23b35b62889c
n01ad7a2d2a58846e--staccato--1,,staccato,derive,n01ad7a2d2a58846e
n3e3b2cdf669a84d0--staccato--1,,staccato,derive,n3e3b2cdf669a84d0
n0a44a4b508eb1d4b--staccato--1,,staccato,derive,n0a44a4b508eb1d4b
n67e4d0f979f29c7d--staccato--1,,staccato,derive,n67e4d0f979f29c7d
n00e9edf3ddffddb4--staccato--1,,staccato,derive,n00e9edf3ddffddb4
n1aa9d6f8cd51bfff--arpeggiate--1,n1553--arpeggiate--1,arpeggiate,stamp,n1aa9d6f8cd51bfff
n8a87bca24688377f--arpeggiate--1,n1554--arpeggiate--1,arpeggiate,stamp,n8a87bca24688377f
n61210da791cd8883--arpeggiate--1,n1555--arpeggiate--1,arpeggiate,stamp,n61210da791cd8883
n6c7e12d769963691--arpeggiate--1,n1556--arpeggiate--1,arpeggiate,stamp,n6c7e12d769963691
necce7d6d42c34362--staccato--1,,staccato,derive,necce7d6d42c34362
eeba994f3d61e589f,md-1-153-2-1,dynamics,md,2
nf6cfb35795ccaebc--staccato--1,,staccato,derive,nf6cfb35795ccaebc
n28dc9d54376320b7--staccato--1,,staccato,derive,n28dc9d54376320b7
n056828ec8be72242--staccato--1,,staccato,derive,n056828ec8be72242
n44fb6dacc45f6dab--staccato--1,,staccato,derive,n44fb6dacc45f6dab
n5ea4191699a20e76--staccato--1,,staccato,derive,n5ea4191699a20e76
nbf7cb02ad56dbc2d--staccato--1,,staccato,derive,nbf7cb02ad56dbc2d
n2a5b528afbc6fb8b--staccato--1,,staccato,derive,n2a5b528afbc6fb8b
ede0742a69f3c8824,md-1-157-2-1,dynamics,md,2
e71d2f7eccc57d9a2,md-1-159-1-1,dynamics,md,1
e61c3617d5fb410fb,md-1-159-2-1,dynamics,md,2
e8adcf3ebd90a3107,md-1-160-1-1,dynamics,md,1
e178e235624abb23a,md-1-160-2-1,dynamics,md,2
na7b9c9a15e5de8ee--fermata--upright--1,n1652--fermata--upright--1,fermata,stamp,na7b9c9a15e5de8ee
n108e89cb125ce385--tuplet--start--1,n1655--tuplet--start--1,tuplet,stamp,n108e89cb125ce385
n108e89cb125ce385--slur--start--1,n1655--slur--start--1,slur,stamp,n108e89cb125ce385
nf1fdafede1161c5f--tuplet--stop--1,n1657--tuplet--stop--1,tuplet,stamp,nf1fdafede1161c5f
ne9a3b710b7b0b90f--fermata--inverted--1,n1658--fermata--inverted--1,fermata,stamp,ne9a3b710b7b0b90f
e9475bd6bd0db36cb,md-1-161-1-2,words,md,1
nf5e48b1d234dacc3--slur--stop--1,n1662--slur--stop--1,slur,stamp,nf5e48b1d234dacc3
nf5e48b1d234dacc3--staccato--1,,staccato,derive,nf5e48b1d234dacc3
n0b4ad859cb08f53c--staccato--1,,staccato,derive,n0b4ad859cb08f53c
nb9f5c665f9482d16--staccato--1,,staccato,derive,nb9f5c665f9482d16
n307373dd71ff1a1f--staccato--1,,staccato,derive,n307373dd71ff1a1f
eb5db5d4b60a154e1,md-1-162-1-1,dynamics,md,1
n8324adea000e8bcf--staccato--1,,staccato,derive,n8324adea000e8bcf
n288af6c55a40cd4b--staccato--1,,staccato,derive,n288af6c55a40cd4b
n51bebca52c05e42e--staccato--1,,staccato,derive,n51bebca52c05e42e
ne71266e6129a9786--staccato--1,,staccato,derive,ne71266e6129a9786
n09a942f73e3f9361--slur--start--1,n1676--slur--start--1,slur,stamp,n09a942f73e3f9361
n61809d160bfe262e--slur--start--1,n1679--slur--start--1,slur,stamp,n61809d160bfe262e
n3d67ecbacf2976b5--slur--start--1,n1683--slur--start--1,slur,stamp,n3d67ecbacf2976b5
nd66cffd799e13ac3--slur--stop--1,n1686--slur--stop--1,slur,stamp,nd66cffd799e13ac3
n9047313547619e32--slur--stop--1,n1688--slur--stop--1,slur,stamp,n9047313547619e32
nf04309512f73ebc8--slur--stop--1,n1689--slur--stop--1,slur,stamp,nf04309512f73ebc8
n7cb53fa6ac202f04--slur--start--1,n1690--slur--start--1,slur,stamp,n7cb53fa6ac202f04
nf00ea6b664118d1b--slur--start--1,n1694--slur--start--1,slur,stamp,nf00ea6b664118d1b
n0e015c10d9ac395f--slur--stop--1,n1702--slur--stop--1,slur,stamp,n0e015c10d9ac395f
n0e015c10d9ac395f--staccato--1,,staccato,derive,n0e015c10d9ac395f
n01aeb24e172e148b--slur--start--1,n1704--slur--start--1,slur,stamp,n01aeb24e172e148b
n9514c2d25689e5da--slur--stop--1,n1707--slur--stop--1,slur,stamp,n9514c2d25689e5da
n9514c2d25689e5da--staccato--1,,staccato,derive,n9514c2d25689e5da
n6ffb9ba9665116b3--slur--start--1,n1708--slur--start--1,slur,stamp,n6ffb9ba9665116b3
nd3d0777c2d647cee--slur--stop--1,n1721--slur--stop--1,slur,stamp,nd3d0777c2d647cee
nde28d245ee17fd39--slur--stop--1,n1728--slur--stop--1,slur,stamp,nde28d245ee17fd39
nde28d245ee17fd39--staccato--1,,staccato,derive,nde28d245ee17fd39
nbde664b37f272ac0--staccato--1,,staccato,derive,nbde664b37f272ac0
n066170d94940fc9d--staccato--1,,staccato,derive,n066170d94940fc9d
ne69712f53ea429f4--staccato--1,,staccato,derive,ne69712f53ea429f4
n0b9b803a9a53c4c6--staccato--1,,staccato,derive,n0b9b803a9a53c4c6
nec6a53b20872d148--staccato--1,,staccato,derive,nec6a53b20872d148
n8f2839225b16c751--staccato--1,,staccato,derive,n8f2839225b16c751
n560621aa12acf3dd--tuplet--start--1,n1743--tuplet--start--1,tuplet,stamp,n560621aa12acf3dd
n560621aa12acf3dd--slur--start--1,n1743--slur--start--1,slur,stamp,n560621aa12acf3dd
n99d7bd3226f044d6--tuplet--stop--1,n1745--tuplet--stop--1,tuplet,stamp,n99d7bd3226f044d6
n1d7a16cdf7c48625--slur--stop--1,n1750--slur--stop--1,slur,stamp,n1d7a16cdf7c48625
n1d7a16cdf7c48625--staccato--1,,staccato,derive,n1d7a16cdf7c48625
n60a11d3c348be643--staccato--1,,staccato,derive,n60a11d3c348be643
n2b7f7e266251dc6a--staccato--1,,staccato,derive,n2b7f7e266251dc6a
n7cd2d12e7406395c--staccato--1,,staccato,derive,n7cd2d12e7406395c
e731a9e14c38a455d,md-1-171-2-1,dynamics,md,2
n7260aab7cb01d5d7--staccato--1,,staccato,derive,n7260aab7cb01d5d7
ncee1a25d0fecb594--staccato--1,,staccato,derive,ncee1a25d0fecb594
n3492878577c4f5bc--staccato--1,,staccato,derive,n3492878577c4f5bc
nbbf175a29ff91272--staccato--1,,staccato,derive,nbbf175a29ff91272
n9f868c00f7d4d769--slur--start--1,n1760--slur--start--1,slur,stamp,n9f868c00f7d4d769
nd0cd9890fe7697c3--slur--start--1,n1766--slur--start--1,slur,stamp,nd0cd9890fe7697c3
edb43242cf17f2fa5,md-1-173-2-1,dynamics,md,2
n57f2f916351511d4--slur--stop--1,n1768--slur--stop--1,slur,stamp,n57f2f916351511d4
n57f2f916351511d4--staccato--1,,staccato,derive,n57f2f916351511d4
n586fa1da0626d357--slur--start--1,n1770--slur--start--1,slur,stamp,n586fa1da0626d357
n72ee94fe85570a79--slur--stop--1,n1773--slur--stop--1,slur,stamp,n72ee94fe85570a79
n72ee94fe85570a79--staccato--1,,staccato,derive,n72ee94fe85570a79
n5d573503352adddf--slur--start--1,n1774--slur--start--1,slur,stamp,n5d573503352adddf
eef484ca0721ab636,md-1-175-1-1,dynamics,md,1
n96c0f1d850281324--slur--stop--1,n1787--slur--stop--1,slur,stamp,n96c0f1d850281324
n723e91b8a0564307--slur--stop--1,n1790--slur--stop--1,slur,stamp,n723e91b8a0564307
n723e91b8a0564307--staccato--1,,staccato,derive,n723e91b8a0564307
n441572d081bf8db6--slur--start--1,n1791--slur--start--1,slur,stamp,n441572d081bf8db6
n62d93a886b4e77c4--slur--stop--1,n1793--slur--stop--1,slur,stamp,n62d93a886b4e77c4
n58c1caeb60855a43--slur--start--1,n1795--slur--start--1,slur,stamp,n58c1caeb60855a43
ne503cf0fd3cf0a5b--slur--start--1,n1801--slur--start--1,slur,stamp,ne503cf0fd3cf0a5b
e816b913b7defa8ef,md-1-177-2-1,dynamics,md,2
n494dcb8d8fe6ce63--slur--stop--1,n1803--slur--stop--1,slur,stamp,n494dcb8d8fe6ce63
n494dcb8d8fe6ce63--staccato--1,,staccato,derive,n494dcb8d8fe6ce63
n55dba6106735f787--slur--start--1,n1805--slur--start--1,slur,stamp,n55dba6106735f787
n205b9bc4d5ad9041--slur--stop--1,n1808--slur--stop--1,slur,stamp,n205b9bc4d5ad9041
n205b9bc4d5ad9041--staccato--1,,staccato,derive,n205b9bc4d5ad9041
n426c4e6fa5facc07--slur--start--1,n1809--slur--start--1,slur,stamp,n426c4e6fa5facc07
ef991c32a17ab59d9,md-1-179-1-1,dynamics,md,1
n00318b9446b50e01--slur--stop--1,n1822--slur--stop--1,slur,stamp,n00318b9446b50e01
n450c2871e08d8e0f--slur--stop--1,n1829--slur--stop--1,slur,stamp,n450c2871e08d8e0f
n450c2871e08d8e0f--staccato--1,,staccato,derive,n450c2871e08d8e0f
n1b82f0f11a109a5a--staccato--1,,staccato,derive,n1b82f0f11a109a5a
ne19b2588392de50f--staccato--1,,staccato,derive,ne19b2588392de50f
n8b78578ff24fba14--staccato--1,,staccato,derive,n8b78578ff24fba14
ndac90ed084ea555d--tuplet--start--1,n1840--tuplet--start--1,tuplet,stamp,ndac90ed084ea555d
ncd388bee5902bfa4--tuplet--stop--1,n1842--tuplet--stop--1,tuplet,stamp,ncd388bee5902bfa4
n4837a44b24d13bd5--staccato--1,,staccato,derive,n4837a44b24d13bd5
n81916b14f4c7ba55--staccato--1,,staccato,derive,n81916b14f4c7ba55
n80f492faf942eada--staccato--1,,staccato,derive,n80f492faf942eada
e34cb0e0a9afe178a,md-1-181-1-1,dynamics,md,1
nf50c57734dbc3657--staccato--1,,staccato,derive,nf50c57734dbc3657
n25b00f80af44fabe--staccato--1,,staccato,derive,n25b00f80af44fabe
na4496f4441774804--staccato--1,,staccato,derive,na4496f4441774804
n8a93e52dffff5d46--slur--start--1,n1850--slur--start--1,slur,stamp,n8a93e52dffff5d46
n8fae2af57f187710--slur--stop--1,n1851--slur--stop--1,slur,stamp,n8fae2af57f187710
n8fae2af57f187710--staccato--1,,staccato,derive,n8fae2af57f187710
n2291faf70212b922--tuplet--start--1,n1853--tuplet--start--1,tuplet,stamp,n2291faf70212b922
n2291faf70212b922--slur--start--1,n1853--slur--start--1,slur,stamp,n2291faf70212b922
nd3becd870ab0f08a--tuplet--stop--1,n1855--tuplet--stop--1,tuplet,stamp,nd3becd870ab0f08a
n1659a50804ed9bf3--slur--stop--1,n1856--slur--stop--1,slur,stamp,n1659a50804ed9bf3
n10baf1e8620e3aff--tuplet--start--1,n1858--tuplet--start--1,tuplet,stamp,n10baf1e8620e3aff
n10baf1e8620e3aff--slur--start--1,n1858--slur--start--1,slur,stamp,n10baf1e8620e3aff
nbbcd5f2a40117412--tuplet--stop--1,n1860--tuplet--stop--1,tuplet,stamp,nbbcd5f2a40117412
neb758d85863cb788--slur--start--1,n1861--slur--start--1,slur,stamp,neb758d85863cb788
n734a1ba3bf515cbc--slur--stop--1,n1862--slur--stop--1,slur,stamp,n734a1ba3bf515cbc
n734a1ba3bf515cbc--staccato--1,,staccato,derive,n734a1ba3bf515cbc
n36c8416600b637db--tuplet--start--1,n1864--tuplet--start--1,tuplet,stamp,n36c8416600b637db
n2cb31b4844c03f1b--tuplet--stop--1,n1866--tuplet--stop--1,tuplet,stamp,n2cb31b4844c03f1b
n3473a0b8ed596fd0--staccato--1,,staccato,derive,n3473a0b8ed596fd0
nadca3ddc0fbe5ca9--staccato--1,,staccato,derive,nadca3ddc0fbe5ca9
nc3c3c44c5235ba9e--slur--stop--1,n1869--slur--stop--1,slur,stamp,nc3c3c44c5235ba9e
nc3c3c44c5235ba9e--staccato--1,,staccato,derive,nc3c3c44c5235ba9e
n4a1deaa11349914b--staccato--1,,staccato,derive,n4a1deaa11349914b
n41cc0ec2d90aa189--staccato--1,,staccato,derive,n41cc0ec2d90aa189
ne0435abb04f14bfd--staccato--1,,staccato,derive,ne0435abb04f14bfd
nb329d781dec4af7b--staccato--1,,staccato,derive,nb329d781dec4af7b
nbe9a50fe6cb34d32--staccato--1,,staccato,derive,nbe9a50fe6cb34d32
nc04f88c7190f7cf6--staccato--1,,staccato,derive,nc04f88c7190f7cf6
n929996b8f72225df--tuplet--start--1,n1879--tuplet--start--1,tuplet,stamp,n929996b8f72225df
n929996b8f72225df--slur--start--1,n1879--slur--start--1,slur,stamp,n929996b8f72225df
n89e2cdb6f7bfa02f--tuplet--stop--1,n1881--tuplet--stop--1,tuplet,stamp,n89e2cdb6f7bfa02f
n6dc727a7b76979d3--slur--stop--1,n1882--slur--stop--1,slur,stamp,n6dc727a7b76979d3
n95116fdacc5ce8e0--tuplet--start--1,n1884--tuplet--start--1,tuplet,stamp,n95116fdacc5ce8e0
n95116fdacc5ce8e0--slur--start--1,n1884--slur--start--1,slur,stamp,n95116fdacc5ce8e0
n3e03c300360de9c7--tuplet--stop--1,n1886--tuplet--stop--1,tuplet,stamp,n3e03c300360de9c7
na2c7fc22a332ec55--staccato--1,,staccato,derive,na2c7fc22a332ec55
n80af9fdd124fcc95--tuplet--start--1,n1889--tuplet--start--1,tuplet,stamp,n80af9fdd124fcc95
n80af9fdd124fcc95--slur--start--1,n1889--slur--start--1,slur,stamp,n80af9fdd124fcc95
n26e94ca770405dc8--tuplet--stop--1,n1891--tuplet--stop--1,tuplet,stamp,n26e94ca770405dc8
nff4b4535fa0dd0fe--staccato--1,,staccato,derive,nff4b4535fa0dd0fe
n0ff8b1c90b9e4eb7--staccato--1,,staccato,derive,n0ff8b1c90b9e4eb7
nfa85f41e8ecb8448--slur--stop--1,n1894--slur--stop--1,slur,stamp,nfa85f41e8ecb8448
nfa85f41e8ecb8448--staccato--1,,staccato,derive,nfa85f41e8ecb8448
n368412226c8b50c2--staccato--1,,staccato,derive,n368412226c8b50c2
n774b80d6cbfc55ab--staccato--1,,staccato,derive,n774b80d6cbfc55ab
n098ed4afb76b6794--slur--stop--1,n1898--slur--stop--1,slur,stamp,n098ed4afb76b6794
n098ed4afb76b6794--staccato--1,,staccato,derive,n098ed4afb76b6794
nc53a762fcde0b9fb--staccato--1,,staccato,derive,nc53a762fcde0b9fb
nd20ed826c70ff1b6--staccato--1,,staccato,derive,nd20ed826c70ff1b6
n80924158b0bb743c--staccato--1,,staccato,derive,n80924158b0bb743c
n7408e72c6b91df44--tuplet--start--1,n1904--tuplet--start--1,tuplet,stamp,n7408e72c6b91df44
n7408e72c6b91df44--slur--start--1,n1904--slur--start--1,slur,stamp,n7408e72c6b91df44
n15564d69e5540eef--tuplet--stop--1,n1906--tuplet--stop--1,tuplet,stamp,n15564d69e5540eef
n4c0df0761bd58afb--slur--stop--1,n1907--slur--stop--1,slur,stamp,n4c0df0761bd58afb
n4cdc6fa9b986044f--tuplet--start--1,n1909--tuplet--start--1,tuplet,stamp,n4cdc6fa9b986044f
n4cdc6fa9b986044f--slur--start--1,n1909--slur--start--1,slur,stamp,n4cdc6fa9b986044f
ncba8e23571c8a22e--tuplet--stop--1,n1911--tuplet--stop--1,tuplet,stamp,ncba8e23571c8a22e
n3fed11080e19e3cd--staccato--1,,staccato,derive,n3fed11080e19e3cd
n04ede42c55ac2adb--tuplet--start--1,n1915--tuplet--start--1,tuplet,stamp,n04ede42c55ac2adb
na481b6075e342c4e--tuplet--stop--1,n1917--tuplet--stop--1,tuplet,stamp,na481b6075e342c4e
n299d20832952ecfe--staccato--1,,staccato,derive,n299d20832952ecfe
n0cdcbf43631f8251--staccato--1,,staccato,derive,n0cdcbf43631f8251
ndee6130813c01f6d--slur--stop--1,n1920--slur--stop--1,slur,stamp,ndee6130813c01f6d
ndee6130813c01f6d--staccato--1,,staccato,derive,ndee6130813c01f6d
nc9e7dfa850d5152d--staccato--1,,staccato,derive,nc9e7dfa850d5152d
n9a90552bfd35b044--staccato--1,,staccato,derive,n9a90552bfd35b044
n65e5ea35b60f4aa9--staccato--1,,staccato,derive,n65e5ea35b60f4aa9
n39afc3f72989dcb7--staccato--1,,staccato,derive,n39afc3f72989dcb7
nc53061f72e4d0522--staccato--1,,staccato,derive,nc53061f72e4d0522
nfa92f1923b5e67be--staccato--1,,staccato,derive,nfa92f1923b5e67be
n43a46c442d3a556c--tuplet--start--1,n1930--tuplet--start--1,tuplet,stamp,n43a46c442d3a556c
n43a46c442d3a556c--slur--start--1,n1930--slur--start--1,slur,stamp,n43a46c442d3a556c
nf0306c7fadc6a6bd--tuplet--stop--1,n1932--tuplet--stop--1,tuplet,stamp,nf0306c7fadc6a6bd
n519c5b6c2cbb4f68--slur--stop--1,n1933--slur--stop--1,slur,stamp,n519c5b6c2cbb4f68
nf5c2be7fcce88acc--tuplet--start--1,n1935--tuplet--start--1,tuplet,stamp,nf5c2be7fcce88acc
nf5c2be7fcce88acc--slur--start--1,n1935--slur--start--1,slur,stamp,nf5c2be7fcce88acc
n0bcfe5e18f92b721--tuplet--stop--1,n1937--tuplet--stop--1,tuplet,stamp,n0bcfe5e18f92b721
n8d7bdbdb7a38bee5--staccato--1,,staccato,derive,n8d7bdbdb7a38bee5
nfa4215b9d1947876--staccato--1,,staccato,derive,nfa4215b9d1947876
nc6edb9bcc322d3db--staccato--1,,staccato,derive,nc6edb9bcc322d3db
n99f5e583a5582b33--slur--stop--1,n1943--slur--stop--1,slur,stamp,n99f5e583a5582b33
n99f5e583a5582b33--staccato--1,,staccato,derive,n99f5e583a5582b33
n7a76b79b39f39eb9--staccato--1,,staccato,derive,n7a76b79b39f39eb9
na07c1b69160b8dc9--staccato--1,,staccato,derive,na07c1b69160b8dc9
e3845581fe58b15fc,md-1-189-1-1,dynamics,md,1
n2f5a1fd6627f3da4--staccato--1,,staccato,derive,n2f5a1fd6627f3da4
n439363972c0e5d33--staccato--1,,staccato,derive,n439363972c0e5d33
n965a61ca6cdc14fa--staccato--1,,staccato,derive,n965a61ca6cdc14fa
nf256e1307d0de32c--staccato--1,,staccato,derive,nf256e1307d0de32c
n08cd6ae35686340f--staccato--1,,staccato,derive,n08cd6ae35686340f
nd62fc81c720288a5--staccato--1,,staccato,derive,nd62fc81c720288a5
n34fbcf700afd35b1--staccato--1,,staccato,derive,n34fbcf700afd35b1
n9defd29d388d6943--staccato--1,,staccato,derive,n9defd29d388d6943
n5209f5389623e8ae--staccato--1,,staccato,derive,n5209f5389623e8ae
nf2d91603fa9de85d--staccato--1,,staccato,derive,nf2d91603fa9de85d
n625e4ed676dc0a8c--staccato--1,,staccato,derive,n625e4ed676dc0a8c
nb99eb7ca131bd35c--staccato--1,,staccato,derive,nb99eb7ca131bd35c
n30544e596a1c7b8c--staccato--1,,staccato,derive,n30544e596a1c7b8c
n2deb298ba9f7e91c--staccato--1,,staccato,derive,n2deb298ba9f7e91c
n53fd3e05911a3311--tuplet--start--1,n1967--tuplet--start--1,tuplet,stamp,n53fd3e05911a3311
n53fd3e05911a3311--slur--start--1,n1967--slur--start--1,slur,stamp,n53fd3e05911a3311
n9d11b7c4a901c374--tuplet--stop--1,n1969--tuplet--stop--1,tuplet,stamp,n9d11b7c4a901c374
n4e6acb682bcd16cb--staccato--1,,staccato,derive,n4e6acb682bcd16cb
n506e80b93533f258--staccato--1,,staccato,derive,n506e80b93533f258
n3df8b1da57742fa9--staccato--1,,staccato,derive,n3df8b1da57742fa9
n5157a07d6b4dfa9b--staccato--1,,staccato,derive,n5157a07d6b4dfa9b
ne377765a03ddc9f0--staccato--1,,staccato,derive,ne377765a03ddc9f0
n688867f70315b70a--staccato--1,,staccato,derive,n688867f70315b70a
ea18d04ec63f517c4,md-1-192-1-1,dynamics,md,1
n6daeae8bbdf9ebc8--slur--stop--1,n1977--slur--stop--1,slur,stamp,n6daeae8bbdf9ebc8
n6daeae8bbdf9ebc8--staccato--1,,staccato,derive,n6daeae8bbdf9ebc8
nf2bb10154f4cc094--staccato--1,,staccato,derive,nf2bb10154f4cc094
needde56e23c8cfa0--staccato--1,,staccato,derive,needde56e23c8cfa0
ne98ad60fcfe7cf61--staccato--1,,staccato,derive,ne98ad60fcfe7cf61
n4adf16f5d1203284--tuplet--start--1,n1983--tuplet--start--1,tuplet,stamp,n4adf16f5d1203284
n4adf16f5d1203284--slur--start--1,n1983--slur--start--1,slur,stamp,n4adf16f5d1203284
n120adc71bc77c5b1--tuplet--stop--1,n1985--tuplet--stop--1,tuplet,stamp,n120adc71bc77c5b1
n320120890917f4dc--slur--stop--1,n1986--slur--stop--1,slur,stamp,n320120890917f4dc
nddac8cf98e89cbc7--tuplet--start--1,n1989--tuplet--start--1,tuplet,stamp,nddac8cf98e89cbc7
nddac8cf98e89cbc7--slur--start--1,n1989--slur--start--1,slur,stamp,nddac8cf98e89cbc7
n8a6bb23af0c8e183--tuplet--stop--1,n1991--tuplet--stop--1,tuplet,stamp,n8a6bb23af0c8e183
n59261dfff65398f8--staccato--1,,staccato,derive,n59261dfff65398f8
n60effb47d025b24b--staccato--1,,staccato,derive,n60effb47d025b24b
n6b0dc72e305be57c--staccato--1,,staccato,derive,n6b0dc72e305be57c
n02836f77c0bc8d37--slur--stop--1,n1997--slur--stop--1,slur,stamp,n02836f77c0bc8d37
n02836f77c0bc8d37--staccato--1,,staccato,derive,n02836f77c0bc8d37
ne80ef89ce6550d10--staccato--1,,staccato,derive,ne80ef89ce6550d10
n19c74beeb75278b6--staccato--1,,staccato,derive,n19c74beeb75278b6
efe7b2aa769329c54,md-1-194-1-1,dynamics,md,1
nc422bd79240735c4--staccato--1,,staccato,derive,nc422bd79240735c4
n0740d3b814845dce--staccato--1,,staccato,derive,n0740d3b814845dce
n94f6acb218e8ca4a--staccato--1,,staccato,derive,n94f6acb218e8ca4a
n9d26b09aad24979b--staccato--1,,staccato,derive,n9d26b09aad24979b
n45278d93ee6ea28b--staccato--1,,staccato,derive,n45278d93ee6ea28b
n0fe7d891ce41a34c--staccato--1,,staccato,derive,n0fe7d891ce41a34c
n8f2d8395781fb8c1--staccato--1,,staccato,derive,n8f2d8395781fb8c1
n8755239ab471b451--staccato--1,,staccato,derive,n8755239ab471b451
n9d8495a6afa47073--staccato--1,,staccato,derive,n9d8495a6afa47073
nb8d2ec4fcc64a67a--staccato--1,,staccato,derive,nb8d2ec4fcc64a67a
nd7a1a12774afbc5a--staccato--1,,staccato,derive,nd7a1a12774afbc5a
n4f2b4da40b210b3c--staccato--1,,staccato,derive,n4f2b4da40b210b3c
n66bb1f4f5fcfa924--staccato--1,,staccato,derive,n66bb1f4f5fcfa924
n75bbae2ffe8b682b--staccato--1,,staccato,derive,n75bbae2ffe8b682b
nbcf9bf91827f25af--tuplet--start--1,n2022--tuplet--start--1,tuplet,stamp,nbcf9bf91827f25af
nbcf9bf91827f25af--slur--start--1,n2022--slur--start--1,slur,stamp,nbcf9bf91827f25af
nafe638510aac5735--tuplet--stop--1,n2024--tuplet--stop--1,tuplet,stamp,nafe638510aac5735
n52b64664e8523ea0--staccato--1,,staccato,derive,n52b64664e8523ea0
n5f732ec2340ae9f7--staccato--1,,staccato,derive,n5f732ec2340ae9f7
n3a98c721936b83d2--staccato--1,,staccato,derive,n3a98c721936b83d2
n6870f60c69fb7e2e--staccato--1,,staccato,derive,n6870f60c69fb7e2e
n36fca9d6d95ab40a--staccato--1,,staccato,derive,n36fca9d6d95ab40a
nec1f22ed20ae84e4--staccato--1,,staccato,derive,nec1f22ed20ae84e4
e42caf5feadaec210,md-1-197-1-1,dynamics,md,1
n099e17f9ede0b1ea--slur--stop--1,n2032--slur--stop--1,slur,stamp,n099e17f9ede0b1ea
n099e17f9ede0b1ea--staccato--1,,staccato,derive,n099e17f9ede0b1ea
n72b75e4ea3552913--staccato--1,,staccato,derive,n72b75e4ea3552913
na9137e930c51d9f1--staccato--1,,staccato,derive,na9137e930c51d9f1
n625bb34dd7386230--staccato--1,,staccato,derive,n625bb34dd7386230
n186ba566f1b3d135--tuplet--start--1,n2038--tuplet--start--1,tuplet,stamp,n186ba566f1b3d135
n186ba566f1b3d135--slur--start--1,n2038--slur--start--1,slur,stamp,n186ba566f1b3d135
n859ca99ca120fa59--tuplet--stop--1,n2040--tuplet--stop--1,tuplet,stamp,n859ca99ca120fa59
n20aaa684e8c3c065--slur--stop--1,n2041--slur--stop--1,slur,stamp,n20aaa684e8c3c065
nceba1f97f704f867--tuplet--start--1,n2044--tuplet--start--1,tuplet,stamp,nceba1f97f704f867
nceba1f97f704f867--slur--start--1,n2044--slur--start--1,slur,stamp,nceba1f97f704f867
n159ded8471b40a8a--tuplet--stop--1,n2046--tuplet--stop--1,tuplet,stamp,n159ded8471b40a8a
n06552ff0f3529cc1--staccato--1,,staccato,derive,n06552ff0f3529cc1
nd1659da49acccaf8--staccato--1,,staccato,derive,nd1659da49acccaf8
n1c3d48f6c7ae8224--staccato--1,,staccato,derive,n1c3d48f6c7ae8224
nc416821e3f42eef9--slur--stop--1,n2052--slur--stop--1,slur,stamp,nc416821e3f42eef9
nc416821e3f42eef9--staccato--1,,staccato,derive,nc416821e3f42eef9
n444c034afb0c89e9--staccato--1,,staccato,derive,n444c034afb0c89e9
nd43de9998e67fd68--staccato--1,,staccato,derive,nd43de9998e67fd68
e13fa33ad92caa60f,md-1-199-1-1,dynamics,md,1
ne88611a14372ac51--staccato--1,,staccato,derive,ne88611a14372ac51
n467923c1529ddd57--staccato--1,,staccato,derive,n467923c1529ddd57
nf2b74f3f48af2b35--staccato--1,,staccato,derive,nf2b74f3f48af2b35
n7cb04405dd9802a6--staccato--1,,staccato,derive,n7cb04405dd9802a6
n5856b0362a8f79fa--staccato--1,,staccato,derive,n5856b0362a8f79fa
n29ee7c67f06849aa--staccato--1,,staccato,derive,n29ee7c67f06849aa
n5c64f6c0c7b2030d--staccato--1,,staccato,derive,n5c64f6c0c7b2030d
n5f01c002046cf0c0--staccato--1,,staccato,derive,n5f01c002046cf0c0
na6b323c0dd62a937--staccato--1,,staccato,derive,na6b323c0dd62a937
ne489841a2838e7b7--staccato--1,,staccato,derive,ne489841a2838e7b7
n4de4b99f3b020c81--staccato--1,,staccato,derive,n4de4b99f3b020c81
nb8175fc85676e8a4--staccato--1,,staccato,derive,nb8175fc85676e8a4
na3a21bca6fdbab3e--staccato--1,,staccato,derive,na3a21bca6fdbab3e
n46286720bdf3b293--staccato--1,,staccato,derive,n46286720bdf3b293
n303b65bfe74494e8--staccato--1,,staccato,derive,n303b65bfe74494e8
n4fd9c62e7f3b28d0--staccato--1,,staccato,derive,n4fd9c62e7f3b28d0
nbb6e5c1844bd80f6--staccato--1,,staccato,derive,nbb6e5c1844bd80f6
n055a61e44924459e--staccato--1,,staccato,derive,n055a61e44924459e
n16bd4593c474e826--staccato--1,,staccato,derive,n16bd4593c474e826
nbe9bed654d400b91--staccato--1,,staccato,derive,nbe9bed654d400b91
ne399f1ceb9d671f6--staccato--1,,staccato,derive,ne399f1ceb9d671f6
n2031b8f0fd1a075c--tuplet--start--1,n2090--tuplet--start--1,tuplet,stamp,n2031b8f0fd1a075c
n2031b8f0fd1a075c--slur--start--1,n2090--slur--start--1,slur,stamp,n2031b8f0fd1a075c
n30181c1110baa20b--tuplet--stop--1,n2092--tuplet--stop--1,tuplet,stamp,n30181c1110baa20b
nca3cef0ddcef9b73--tie--1,,tie,derive,nca3cef0ddcef9b73
nca3cef0ddcef9b73--tied--start--1,n2093--tied--start--1,tied,stamp,nca3cef0ddcef9b73
nca3cef0ddcef9b73--slur--stop--1,n2093--slur--stop--1,slur,stamp,nca3cef0ddcef9b73
edb81a2b3cac5e266,md-1-203-1-1,dynamics,md,1
e932f1321ca0c2dc7,md-1-203-2-1,dynamics,md,2
n041a93e66408f679--staccato--1,,staccato,derive,n041a93e66408f679
n74020859efa1c5ef--staccato--1,,staccato,derive,n74020859efa1c5ef
n5d177062fa106c34--staccato--1,,staccato,derive,n5d177062fa106c34
n4fad2138731a15db--staccato--1,,staccato,derive,n4fad2138731a15db
n4d9273107ccbaa91--tie--1,,tie,derive,n4d9273107ccbaa91
n4d9273107ccbaa91--tied--stop--1,n2106--tied--stop--1,tied,stamp,n4d9273107ccbaa91
e33b9baf55b0ccb34,md-1-204-1-1,dynamics,md,1
nfbf5642f8c437e98--staccato--1,,staccato,derive,nfbf5642f8c437e98
n90825dcfcfc2604b--tuplet--start--1,n2114--tuplet--start--1,tuplet,stamp,n90825dcfcfc2604b
n90825dcfcfc2604b--slur--start--1,n2114--slur--start--1,slur,stamp,n90825dcfcfc2604b
nd0c4d52ea286f167--tuplet--stop--1,n2116--tuplet--stop--1,tuplet,stamp,nd0c4d52ea286f167
n281e6bc3021b59ec--tie--1,,tie,derive,n281e6bc3021b59ec
n281e6bc3021b59ec--tied--start--1,n2117--tied--start--1,tied,stamp,n281e6bc3021b59ec
n281e6bc3021b59ec--slur--stop--1,n2117--slur--stop--1,slur,stamp,n281e6bc3021b59ec
e097f14559f38242c,md-1-205-1-1,dynamics,md,1
e5e62b51748afe286,md-1-205-2-1,dynamics,md,2
n46fb92467666d060--staccato--1,,staccato,derive,n46fb92467666d060
n2e7c0f5a604f1d4f--staccato--1,,staccato,derive,n2e7c0f5a604f1d4f
n5b70cdd6c1c951ea--staccato--1,,staccato,derive,n5b70cdd6c1c951ea
nac4df8713a4ae53c--staccato--1,,staccato,derive,nac4df8713a4ae53c
n3e805106a88288ad--tie--1,,tie,derive,n3e805106a88288ad
n3e805106a88288ad--tied--stop--1,n2130--tied--stop--1,tied,stamp,n3e805106a88288ad
n991bcc856eb3578a--staccato--1,,staccato,derive,n991bcc856eb3578a
nc73078def1bd695b--tuplet--start--1,n2138--tuplet--start--1,tuplet,stamp,nc73078def1bd695b
nc73078def1bd695b--slur--start--1,n2138--slur--start--1,slur,stamp,nc73078def1bd695b
nf08c1f312dcbcdba--tuplet--stop--1,n2140--tuplet--stop--1,tuplet,stamp,nf08c1f312dcbcdba
n89c8dd8795b45c09--tie--1,,tie,derive,n89c8dd8795b45c09
n89c8dd8795b45c09--tied--start--1,n2141--tied--start--1,tied,stamp,n89c8dd8795b45c09
n89c8dd8795b45c09--slur--stop--1,n2141--slur--stop--1,slur,stamp,n89c8dd8795b45c09
e31726d903ad981d1,md-1-207-1-1,dynamics,md,1
e6b40005956970d11,md-1-207-2-1,dynamics,md,2
nc431dacb4683f832--staccato--1,,staccato,derive,nc431dacb4683f832
ndcc7ce789d2e2cd4--staccato--1,,staccato,derive,ndcc7ce789d2e2cd4
n88705c511b0fbc15--staccato--1,,staccato,derive,n88705c511b0fbc15
n62032f7c98d4f3da--staccato--1,,staccato,derive,n62032f7c98d4f3da
nb9aa4fc5b9bbb586--tie--1,,tie,derive,nb9aa4fc5b9bbb586
nb9aa4fc5b9bbb586--tied--stop--1,n2154--tied--stop--1,tied,stamp,nb9aa4fc5b9bbb586
na7796bc8248c802b--staccato--1,,staccato,derive,na7796bc8248c802b
n3d96d30116d90629--tuplet--start--1,n2162--tuplet--start--1,tuplet,stamp,n3d96d30116d90629
n3d96d30116d90629--slur--start--1,n2162--slur--start--1,slur,stamp,n3d96d30116d90629
n61248372f545ee82--tuplet--stop--1,n2164--tuplet--stop--1,tuplet,stamp,n61248372f545ee82
na576865747f80c60--tie--1,,tie,derive,na576865747f80c60
na576865747f80c60--tied--start--1,n2165--tied--start--1,tied,stamp,na576865747f80c60
na576865747f80c60--slur--stop--1,n2165--slur--stop--1,slur,stamp,na576865747f80c60
e792ded96b9e83e50,md-1-209-1-1,dynamics,md,1
e11d611f9120d34a6,md-1-209-2-1,dynamics,md,2
naad8b857f9c11403--staccato--1,,staccato,derive,naad8b857f9c11403
n48d8d00938134d95--staccato--1,,staccato,derive,n48d8d00938134d95
nf1e3c8e8a970d806--staccato--1,,staccato,derive,nf1e3c8e8a970d806
n5498bfea9dcaebaf--staccato--1,,staccato,derive,n5498bfea9dcaebaf
n52d3f520c1fc1ba1--tie--1,,tie,derive,n52d3f520c1fc1ba1
n52d3f520c1fc1ba1--tied--stop--1,n2178--tied--stop--1,tied,stamp,n52d3f520c1fc1ba1
n2292f3ca7cf693f9--tie--1,,tie,derive,n2292f3ca7cf693f9
n2292f3ca7cf693f9--tied--start--1,n2179--tied--start--1,tied,stamp,n2292f3ca7cf693f9
naf6b603d900ff03e--tie--1,,tie,derive,naf6b603d900ff03e
naf6b603d900ff03e--tied--start--1,n2180--tied--start--1,tied,stamp,naf6b603d900ff03e
nc98f0ed287d92f75--tie--1,,tie,derive,nc98f0ed287d92f75
nc98f0ed287d92f75--tied--start--1,n2181--tied--start--1,tied,stamp,nc98f0ed287d92f75
na7c6a286b432e1d5--staccato--1,,staccato,derive,na7c6a286b432e1d5
n5a8b7d50e113f1aa--staccato--1,,staccato,derive,n5a8b7d50e113f1aa
n7dc29ef48e42c6fe--staccato--1,,staccato,derive,n7dc29ef48e42c6fe
e431623e4124092db,md-1-211-1-1,dynamics,md,1
e32da8cd11a9df8d9,md-1-211-2-1,dynamics,md,2
n5c60c54154c31172--tie--1,,tie,derive,n5c60c54154c31172
n5c60c54154c31172--tied--stop--1,n2186--tied--stop--1,tied,stamp,n5c60c54154c31172
n3494fce0ba7df34c--tie--1,,tie,derive,n3494fce0ba7df34c
n3494fce0ba7df34c--tied--stop--1,n2187--tied--stop--1,tied,stamp,n3494fce0ba7df34c
n965bd42e56530c95--tie--1,,tie,derive,n965bd42e56530c95
n965bd42e56530c95--tied--stop--1,n2188--tied--stop--1,tied,stamp,n965bd42e56530c95
nfe664668d7b28766--staccato--1,,staccato,derive,nfe664668d7b28766
n08f4f13ebaa3397f--staccato--1,,staccato,derive,n08f4f13ebaa3397f
n28efe4656119ab4f--staccato--1,,staccato,derive,n28efe4656119ab4f
n339baf032e118213--staccato--1,,staccato,derive,n339baf032e118213
n792bf47fecef02eb--tie--1,,tie,derive,n792bf47fecef02eb
n792bf47fecef02eb--tied--start--1,n2193--tied--start--1,tied,stamp,n792bf47fecef02eb
n9b694447ce184bb6--tie--1,,tie,derive,n9b694447ce184bb6
n9b694447ce184bb6--tied--start--1,n2194--tied--start--1,tied,stamp,n9b694447ce184bb6
nbcfdfa1229873ac5--tie--1,,tie,derive,nbcfdfa1229873ac5
nbcfdfa1229873ac5--tied--start--1,n2195--tied--start--1,tied,stamp,nbcfdfa1229873ac5
nc39770774712be4d--tie--1,,tie,derive,nc39770774712be4d
nc39770774712be4d--tied--start--1,n2196--tied--start--1,tied,stamp,nc39770774712be4d
nfd27e464faf7502d--staccato--1,,staccato,derive,nfd27e464faf7502d
naf75ee76e8020976--staccato--1,,staccato,derive,naf75ee76e8020976
n401bdf930791da70--staccato--1,,staccato,derive,n401bdf930791da70
ecf1f0963ca2ddcf4,md-1-213-1-1,dynamics,md,1
eeb92174098ab2e6f,md-1-213-2-1,dynamics,md,2
n7f5c447dd49a4d4b--tie--1,,tie,derive,n7f5c447dd49a4d4b
n7f5c447dd49a4d4b--tied--stop--1,n2201--tied--stop--1,tied,stamp,n7f5c447dd49a4d4b
n7e62cf1f70321bd1--tie--1,,tie,derive,n7e62cf1f70321bd1
n7e62cf1f70321bd1--tied--stop--1,n2202--tied--stop--1,tied,stamp,n7e62cf1f70321bd1
n6ab312ba33a161cd--tie--1,,tie,derive,n6ab312ba33a161cd
n6ab312ba33a161cd--tied--stop--1,n2203--tied--stop--1,tied,stamp,n6ab312ba33a161cd
n258bbc2da94eeb1f--tie--1,,tie,derive,n258bbc2da94eeb1f
n258bbc2da94eeb1f--tied--stop--1,n2204--tied--stop--1,tied,stamp,n258bbc2da94eeb1f
n5708f5c73a71b9ff--staccato--1,,staccato,derive,n5708f5c73a71b9ff
n3e2712798dfa1b3d--staccato--1,,staccato,derive,n3e2712798dfa1b3d
n1d4b10de8b73ab29--staccato--1,,staccato,derive,n1d4b10de8b73ab29
na8fe6e521b53548b--staccato--1,,staccato,derive,na8fe6e521b53548b
n9f6c01fc2b988329--tie--1,,tie,derive,n9f6c01fc2b988329
n9f6c01fc2b988329--tied--start--1,n2209--tied--start--1,tied,stamp,n9f6c01fc2b988329
n1feb2b6c128ba871--tie--1,,tie,derive,n1feb2b6c128ba871
n1feb2b6c128ba871--tied--start--1,n2210--tied--start--1,tied,stamp,n1feb2b6c128ba871
n5198a20e0efc4717--tie--1,,tie,derive,n5198a20e0efc4717
n5198a20e0efc4717--tied--start--1,n2211--tied--start--1,tied,stamp,n5198a20e0efc4717
n54ad615d058c90ca--tie--1,,tie,derive,n54ad615d058c90ca
n54ad615d058c90ca--tied--start--1,n2212--tied--start--1,tied,stamp,n54ad615d058c90ca
n335f2d8a78b27c80--tie--1,,tie,derive,n335f2d8a78b27c80
n335f2d8a78b27c80--tied--start--1,n2213--tied--start--1,tied,stamp,n335f2d8a78b27c80
ncd0717b2b7eb4262--staccato--1,,staccato,derive,ncd0717b2b7eb4262
n000f72dc4e0d9718--staccato--1,,staccato,derive,n000f72dc4e0d9718
n2edf0899422582ce--staccato--1,,staccato,derive,n2edf0899422582ce
eed05e15f91f66564,md-1-215-2-1,dynamics,md,2
e34f41ca7614e1fd1,md-1-215-2-2,dynamics,md,2
nf7b893a99949e2e6--tie--1,,tie,derive,nf7b893a99949e2e6
nf7b893a99949e2e6--tied--stop--1,n2218--tied--stop--1,tied,stamp,nf7b893a99949e2e6
n7ed2d8c9d3f47695--tie--1,,tie,derive,n7ed2d8c9d3f47695
n7ed2d8c9d3f47695--tied--stop--1,n2219--tied--stop--1,tied,stamp,n7ed2d8c9d3f47695
n4435e744d71c49dc--tie--1,,tie,derive,n4435e744d71c49dc
n4435e744d71c49dc--tied--stop--1,n2220--tied--stop--1,tied,stamp,n4435e744d71c49dc
n53c9b1cda13661c6--tie--1,,tie,derive,n53c9b1cda13661c6
n53c9b1cda13661c6--tied--stop--1,n2221--tied--stop--1,tied,stamp,n53c9b1cda13661c6
ncd4c4c606750a532--tie--1,,tie,derive,ncd4c4c606750a532
ncd4c4c606750a532--tied--stop--1,n2222--tied--stop--1,tied,stamp,ncd4c4c606750a532
n268887eb05121ab6--staccato--1,,staccato,derive,n268887eb05121ab6
ncca7acbfa387679a--staccato--1,,staccato,derive,ncca7acbfa387679a
nf50c92a34cbb0cd9--staccato--1,,staccato,derive,nf50c92a34cbb0cd9
n0d7ab69025e503ed--staccato--1,,staccato,derive,n0d7ab69025e503ed
n4208a50a04ddd55c--staccato--1,,staccato,derive,n4208a50a04ddd55c
n56bdf66e552433a1--staccato--1,,staccato,derive,n56bdf66e552433a1
n882ee20cddec346d--staccato--1,,staccato,derive,n882ee20cddec346d
ndce35ee1df011a82--staccato--1,,staccato,derive,ndce35ee1df011a82
nefda0e581049dd34--staccato--1,,staccato,derive,nefda0e581049dd34
nf89ec4d82e4fc206--staccato--1,,staccato,derive,nf89ec4d82e4fc206
n3da5c7b45662d6a3--staccato--1,,staccato,derive,n3da5c7b45662d6a3
na4cc9e57dc3809a3--staccato--1,,staccato,derive,na4cc9e57dc3809a3
e48eb27d18cb0c086,md-1-218-1-1,dynamics,md,1
nb0ccd5267800224f--staccato--1,,staccato,derive,nb0ccd5267800224f
n8d8ce3b7284ac7b7--staccato--1,,staccato,derive,n8d8ce3b7284ac7b7
n11e4bb12e09a9626--staccato--1,,staccato,derive,n11e4bb12e09a9626
n53a52a614d8832dc--staccato--1,,staccato,derive,n53a52a614d8832dc
n4396e6a019a40c1c--staccato--1,,staccato,derive,n4396e6a019a40c1c
nba44838db196c904--staccato--1,,staccato,derive,nba44838db196c904
na9aa21daf6666aa2--staccato--1,,staccato,derive,na9aa21daf6666aa2
n642bcd6fccabec1e--staccato--1,,staccato,derive,n642bcd6fccabec1e
n5a4441908765d16a--slur--start--1,n2282--slur--start--1,slur,stamp,n5a4441908765d16a
e72f081f3105ad6d5,md-1-221-1-1,dynamics,md,1
n8ddc071d8f2454c4--slur--stop--1,n2310--slur--stop--1,slur,stamp,n8ddc071d8f2454c4
nf4b3699964a8a1c3--fermata--upright--1,n2318--fermata--upright--1,fermata,stamp,nf4b3699964a8a1c3
n17117de0e30f6b87--staccato--1,,staccato,derive,n17117de0e30f6b87
n60ad70b8324df662--fermata--upright--1,n2322--fermata--upright--1,fermata,stamp,n60ad70b8324df662
n0c4eec80c4e5e0d9--staccato--1,,staccato,derive,n0c4eec80c4e5e0d9
ef7fb1c9abd6c9f81,md-1-225-1-1,dynamics,md,1
n72671c9bc6705a8e--staccato--1,,staccato,derive,n72671c9bc6705a8e
n59891f7d4c28d7bf--slur--start--1,n2328--slur--start--1,slur,stamp,n59891f7d4c28d7bf
n4af88b55f6c639a1--staccato--1,,staccato,derive,n4af88b55f6c639a1
n4bde0ecc804a7c4c--slur--start--1,n2334--slur--start--1,slur,stamp,n4bde0ecc804a7c4c
n241faff003fdef33--slur--stop--1,n2338--slur--stop--1,slur,stamp,n241faff003fdef33
n1fd7fb73293c5b25--staccato--1,,staccato,derive,n1fd7fb73293c5b25
n8df1962a46c73201--slur--stop--1,n2342--slur--stop--1,slur,stamp,n8df1962a46c73201
n97ba31dde39754f0--staccato--1,,staccato,derive,n97ba31dde39754f0
n2b170f56ef35a95c--staccato--1,,staccato,derive,n2b170f56ef35a95c
n7f46a1bf57efe873--slur--start--1,n2348--slur--start--1,slur,stamp,n7f46a1bf57efe873
n299e91d265fa9d7b--staccato--1,,staccato,derive,n299e91d265fa9d7b
n7760b8603402b533--slur--start--1,n2354--slur--start--1,slur,stamp,n7760b8603402b533
n63a1fa1cfe0b9a6d--slur--stop--1,n2358--slur--stop--1,slur,stamp,n63a1fa1cfe0b9a6d
n48ae35827e7c2ac3--staccato--1,,staccato,derive,n48ae35827e7c2ac3
ne21cb93617b3890e--slur--stop--1,n2362--slur--stop--1,slur,stamp,ne21cb93617b3890e
n485bfdee9d0cb890--staccato--1,,staccato,derive,n485bfdee9d0cb890
e06ffdb661d91949c,md-1-229-1-1,dynamics,md,1
nbffc43a0779b718b--staccato--1,,staccato,derive,nbffc43a0779b718b
n704fcc37e26f7889--staccato--1,,staccato,derive,n704fcc37e26f7889
n53249f00d15fe4d9--staccato--1,,staccato,derive,n53249f00d15fe4d9
n8e656b32b8700d73--staccato--1,,staccato,derive,n8e656b32b8700d73
nf9db66a0865ae12c--staccato--1,,staccato,derive,nf9db66a0865ae12c
n03a6984191d843d1--staccato--1,,staccato,derive,n03a6984191d843d1
nf6a9609b73d9f694--staccato--1,,staccato,derive,nf6a9609b73d9f694
n29b3b03e1fb332e2--staccato--1,,staccato,derive,n29b3b03e1fb332e2
e1015c256df35dd51,md-1-231-2-1,dynamics,md,2
n8a49079973f0a916--staccato--1,,staccato,derive,n8a49079973f0a916
ndd3ae9268a01a13f--staccato--1,,staccato,derive,ndd3ae9268a01a13f
n838a991fc4817cae--staccato--1,,staccato,derive,n838a991fc4817cae
ndf3a28fc68a5722e--staccato--1,,staccato,derive,ndf3a28fc68a5722e
n0f53317cfc0c417e--staccato--1,,staccato,derive,n0f53317cfc0c417e
n24da4bf7608f74eb--staccato--1,,staccato,derive,n24da4bf7608f74eb
n843e61fdb2e13c59--tuplet--start--1,n2385--tuplet--start--1,tuplet,stamp,n843e61fdb2e13c59
n843e61fdb2e13c59--slur--start--1,n2385--slur--start--1,slur,stamp,n843e61fdb2e13c59
n3a5e4bfc2605bfd4--tuplet--stop--1,n2387--tuplet--stop--1,tuplet,stamp,n3a5e4bfc2605bfd4
ne84544efe26fabc6--staccato--1,,staccato,derive,ne84544efe26fabc6
ncccac63953c1f88d--staccato--1,,staccato,derive,ncccac63953c1f88d
nebf729f6e48236aa--slur--stop--1,n2391--slur--stop--1,slur,stamp,nebf729f6e48236aa
nebf729f6e48236aa--staccato--1,,staccato,derive,nebf729f6e48236aa
n72138e057ea487f1--staccato--1,,staccato,derive,n72138e057ea487f1
n9d1e4d6d95a89157--staccato--1,,staccato,derive,n9d1e4d6d95a89157
n01d2dff222263ea7--staccato--1,,staccato,derive,n01d2dff222263ea7
n94ff6c89cd4f8d57--arpeggiate--1,n2395--arpeggiate--1,arpeggiate,stamp,n94ff6c89cd4f8d57
n840c5b6034657923--arpeggiate--1,n2396--arpeggiate--1,arpeggiate,stamp,n840c5b6034657923
nf6d66d8d42e181fd--arpeggiate--1,n2397--arpeggiate--1,arpeggiate,stamp,nf6d66d8d42e181fd
nad8adf71da383320--arpeggiate--1,n2398--arpeggiate--1,arpeggiate,stamp,nad8adf71da383320
e6403d91eff61c6b1,md-1-234-1-1,dynamics,md,1
n0e1066fe9887e9b0--staccato--1,,staccato,derive,n0e1066fe9887e9b0
n22b5a4d6f0785cb2--staccato--1,,staccato,derive,n22b5a4d6f0785cb2
nc842d1ae0ded8c58--staccato--1,,staccato,derive,nc842d1ae0ded8c58
ncfac476502a893ce--staccato--1,,staccato,derive,ncfac476502a893ce
n5f76c55306d44c9b--slur--start--1,n2405--slur--start--1,slur,stamp,n5f76c55306d44c9b
n7b5a41340c947072--slur--start--1,n2407--slur--start--1,slur,stamp,n7b5a41340c947072
nec687b8f3928f123--slur--start--1,n2411--slur--start--1,slur,stamp,nec687b8f3928f123
n871d18df17077746--slur--stop--1,n2414--slur--stop--1,slur,stamp,n871d18df17077746
n28ad3aa50bcb6cb0--slur--stop--1,n2416--slur--stop--1,slur,stamp,n28ad3aa50bcb6cb0
ncc14251bcd2a487f--slur--stop--1,n2417--slur--stop--1,slur,stamp,ncc14251bcd2a487f
n9c6a84bb89120f2d--slur--start--1,n2418--slur--start--1,slur,stamp,n9c6a84bb89120f2d
ne06ad90944865b7b--slur--start--1,n2422--slur--start--1,slur,stamp,ne06ad90944865b7b
n509ee744d358f351--slur--stop--1,n2458--slur--stop--1,slur,stamp,n509ee744d358f351
n61f94582a4548fbb--slur--start--1,n2466--slur--start--1,slur,stamp,n61f94582a4548fbb
e6c73f093adab9edd,md-1-242-1-1,dynamics,md,1
n1dda2f12b078a50c--slur--stop--1,n2474--slur--stop--1,slur,stamp,n1dda2f12b078a50c
na60295f9e9194865--slur--stop--1,n2481--slur--stop--1,slur,stamp,na60295f9e9194865
n7b7d0d56030eb2b7--slur--start--1,n2491--slur--start--1,slur,stamp,n7b7d0d56030eb2b7
n45f79a9e7cc3d940--slur--start--1,n2497--slur--start--1,slur,stamp,n45f79a9e7cc3d940
e01fdd750b14f694f,md-1-245-1-1,dynamics,md,1
nb57c48ebfce2ed3a--slur--stop--1,n2515--slur--stop--1,slur,stamp,nb57c48ebfce2ed3a
n5dd3e99dcaa00961--slur--stop--1,n2522--slur--stop--1,slur,stamp,n5dd3e99dcaa00961
nf852631d07fee0ab--slur--start--1,n2532--slur--start--1,slur,stamp,nf852631d07fee0ab
n743c96f245dd03e6--slur--start--1,n2538--slur--start--1,slur,stamp,n743c96f245dd03e6
e4accccdaa9966763,md-1-249-1-1,dynamics,md,1
n9445a6987a6168b3--slur--stop--1,n2557--slur--stop--1,slur,stamp,n9445a6987a6168b3
n1d84c058cb46ea00--slur--stop--1,n2564--slur--stop--1,slur,stamp,n1d84c058cb46ea00
n8644aaec199d979a--tuplet--start--1,n2571--tuplet--start--1,tuplet,stamp,n8644aaec199d979a
n83ad61d7e8a49d58--tuplet--stop--1,n2573--tuplet--stop--1,tuplet,stamp,n83ad61d7e8a49d58
ne1ec0ab0ef6fa4a0--tuplet--start--1,n2574--tuplet--start--1,tuplet,stamp,ne1ec0ab0ef6fa4a0
nbeccb609911ce77e--tuplet--stop--1,n2576--tuplet--stop--1,tuplet,stamp,nbeccb609911ce77e
ne19c083f935625c3--tuplet--start--1,n2577--tuplet--start--1,tuplet,stamp,ne19c083f935625c3
n1399b0897e7fb91d--tuplet--stop--1,n2579--tuplet--stop--1,tuplet,stamp,n1399b0897e7fb91d
n63c25c9212a555b2--tuplet--start--1,n2580--tuplet--start--1,tuplet,stamp,n63c25c9212a555b2
nb59d21f9d03083e9--tuplet--stop--1,n2582--tuplet--stop--1,tuplet,stamp,nb59d21f9d03083e9
n542447092c5e314b--staccato--1,,staccato,derive,n542447092c5e314b
n607fceb2b121b77d--staccato--1,,staccato,derive,n607fceb2b121b77d
n99886f564612de27--staccato--1,,staccato,derive,n99886f564612de27
n6e46f650b3512710--staccato--1,,staccato,derive,n6e46f650b3512710
e35e363d27bc5ee2d,md-1-253-2-1,dynamics,md,2
n7fad38e36a0ad31f--tuplet--start--1,n2587--tuplet--start--1,tuplet,stamp,n7fad38e36a0ad31f
n9603fc200142da71--tuplet--stop--1,n2589--tuplet--stop--1,tuplet,stamp,n9603fc200142da71
n872d7c7326c23a7f--tuplet--start--1,n2590--tuplet--start--1,tuplet,stamp,n872d7c7326c23a7f
n814e4b801517aa4b--tuplet--stop--1,n2592--tuplet--stop--1,tuplet,stamp,n814e4b801517aa4b
ne0befb27844a5ee5--tuplet--start--1,n2593--tuplet--start--1,tuplet,stamp,ne0befb27844a5ee5
n91a76bb324fa5cb8--tuplet--stop--1,n2595--tuplet--stop--1,tuplet,stamp,n91a76bb324fa5cb8
n61c26988b2f8e5c5--tuplet--start--1,n2596--tuplet--start--1,tuplet,stamp,n61c26988b2f8e5c5
na7ff7c3a15bc3ec1--tuplet--stop--1,n2598--tuplet--stop--1,tuplet,stamp,na7ff7c3a15bc3ec1
nf04ff0eb5e3bc552--staccato--1,,staccato,derive,nf04ff0eb5e3bc552
n88a55a2e547ef59b--staccato--1,,staccato,derive,n88a55a2e547ef59b
n21beca3652553b71--staccato--1,,staccato,derive,n21beca3652553b71
ned552b1e99029955--staccato--1,,staccato,derive,ned552b1e99029955
nd265727ff9fbec1f--staccato--1,,staccato,derive,nd265727ff9fbec1f
nacc6bf3f3b111816--staccato--1,,staccato,derive,nacc6bf3f3b111816
n071fa7df5fa2f115--staccato--1,,staccato,derive,n071fa7df5fa2f115
nbf7d64803b67ef60--staccato--1,,staccato,derive,nbf7d64803b67ef60
n10aa39f7859b50fe--staccato--1,,staccato,derive,n10aa39f7859b50fe
na3b0bdf4fef7ac26--staccato--1,,staccato,derive,na3b0bdf4fef7ac26
n255328fcc2c65d6d--staccato--1,,staccato,derive,n255328fcc2c65d6d
n2acaa0e7739e45d0--staccato--1,,staccato,derive,n2acaa0e7739e45d0
e85e3dd08c109007f,md-1-255-1-1,dynamics,md,1
nbcffea0eb1552906--tuplet--start--1,n2613--tuplet--start--1,tuplet,stamp,nbcffea0eb1552906
nc1040629332c0ee4--tuplet--stop--1,n2615--tuplet--stop--1,tuplet,stamp,nc1040629332c0ee4
nc44d768561a54696--tuplet--start--1,n2616--tuplet--start--1,tuplet,stamp,nc44d768561a54696
n8c907568efeee85d--tuplet--stop--1,n2618--tuplet--stop--1,tuplet,stamp,n8c907568efeee85d
n3a4d1ff5c5e4d7ef--tuplet--start--1,n2619--tuplet--start--1,tuplet,stamp,n3a4d1ff5c5e4d7ef
nccdf7566946112d1--tuplet--stop--1,n2621--tuplet--stop--1,tuplet,stamp,nccdf7566946112d1
n2868dbec7f559230--tuplet--start--1,n2622--tuplet--start--1,tuplet,stamp,n2868dbec7f559230
naec07a2b710914f6--tuplet--stop--1,n2624--tuplet--stop--1,tuplet,stamp,naec07a2b710914f6
n0a08ebc129df1bc4--staccato--1,,staccato,derive,n0a08ebc129df1bc4
nbd970370bab0835a--staccato--1,,staccato,derive,nbd970370bab0835a
n9e05219df0326bea--staccato--1,,staccato,derive,n9e05219df0326bea
ne723d89622e67d8e--staccato--1,,staccato,derive,ne723d89622e67d8e
ee7875a5ba85fe157,md-1-257-1-1,dynamics,md,1
nff0667954a60cbf5--tuplet--start--1,n2629--tuplet--start--1,tuplet,stamp,nff0667954a60cbf5
nab5a849e1431d7ff--tuplet--stop--1,n2631--tuplet--stop--1,tuplet,stamp,nab5a849e1431d7ff
nc91b5a37c935c2b5--tuplet--start--1,n2632--tuplet--start--1,tuplet,stamp,nc91b5a37c935c2b5
n1effdb013540338e--tuplet--stop--1,n2634--tuplet--stop--1,tuplet,stamp,n1effdb013540338e
n9d8c9d67a97ed4e2--tuplet--start--1,n2635--tuplet--start--1,tuplet,stamp,n9d8c9d67a97ed4e2
ndfc74029c2efad9a--tuplet--stop--1,n2637--tuplet--stop--1,tuplet,stamp,ndfc74029c2efad9a
n078252ce8f29203e--tuplet--start--1,n2638--tuplet--start--1,tuplet,stamp,n078252ce8f29203e
n96166c76948913c1--tuplet--stop--1,n2640--tuplet--stop--1,tuplet,stamp,n96166c76948913c1
n32351fcd2eed42cc--staccato--1,,staccato,derive,n32351fcd2eed42cc
nf899db6150f20d8b--staccato--1,,staccato,derive,nf899db6150f20d8b
nd374e54100ce4d3c--staccato--1,,staccato,derive,nd374e54100ce4d3c
n5abdf1cb15200001--staccato--1,,staccato,derive,n5abdf1cb15200001
n031e72c24f085f2c--staccato--1,,staccato,derive,n031e72c24f085f2c
n28f94ec56a38861d--staccato--1,,staccato,derive,n28f94ec56a38861d
nb3ec6dbe389ae8b2--staccato--1,,staccato,derive,nb3ec6dbe389ae8b2
n2cede5cf820e9dca--staccato--1,,staccato,derive,n2cede5cf820e9dca
ncf6b27cddacad1b4--staccato--1,,staccato,derive,ncf6b27cddacad1b4
nce2d89c5149bd6af--staccato--1,,staccato,derive,nce2d89c5149bd6af
n17782e33086b16bf--staccato--1,,staccato,derive,n17782e33086b16bf
n20653c134838b6f3--staccato--1,,staccato,derive,n20653c134838b6f3
ef8e574fa02f78a52,md-1-259-1-1,dynamics,md,1
n44a3aa115ee6387e--staccato--1,,staccato,derive,n44a3aa115ee6387e
n5e6d15578af6ef35--staccato--1,,staccato,derive,n5e6d15578af6ef35
nba071238439eac89--staccato--1,,staccato,derive,nba071238439eac89
n998f3ec543aebfa2--staccato--1,,staccato,derive,n998f3ec543aebfa2
ndeb08e0897de5487--staccato--1,,staccato,derive,ndeb08e0897de5487
nffac529876ce2e06--staccato--1,,staccato,derive,nffac529876ce2e06
n807104aaa0d283cd--staccato--1,,staccato,derive,n807104aaa0d283cd
n1b76fb9f0a8b9dc2--staccato--1,,staccato,derive,n1b76fb9f0a8b9dc2
n80ad199e966a97a8--staccato--1,,staccato,derive,n80ad199e966a97a8
n5d62d17981a50f8a--staccato--1,,staccato,derive,n5d62d17981a50f8a
n26817e5b069efaf0--staccato--1,,staccato,derive,n26817e5b069efaf0
n6bbbca5a006f1a40--staccato--1,,staccato,derive,n6bbbca5a006f1a40
nf398b951d7526ed6--staccato--1,,staccato,derive,nf398b951d7526ed6
nce3e00ea1698723a--staccato--1,,staccato,derive,nce3e00ea1698723a
n9169f4fd578ff272--staccato--1,,staccato,derive,n9169f4fd578ff272
nf3b24d888e575537--staccato--1,,staccato,derive,nf3b24d888e575537
n5371abb19eb39756--slur--start--1,n2669--slur--start--1,slur,stamp,n5371abb19eb39756
n77b86eaa7a967acf--tie--1,,tie,derive,n77b86eaa7a967acf
n77b86eaa7a967acf--tied--start--1,n2671--tied--start--1,tied,stamp,n77b86eaa7a967acf
e9d660ce8887f4a43,md-1-262-1-1,dynamics,md,1
n1a683f334cfc9a23--tie--1,,tie,derive,n1a683f334cfc9a23
n1a683f334cfc9a23--tied--stop--1,n2678--tied--stop--1,tied,stamp,n1a683f334cfc9a23
n2e5522d7a445c3fb--tie--1,,tie,derive,n2e5522d7a445c3fb
n2e5522d7a445c3fb--tied--start--1,n2689--tied--start--1,tied,stamp,n2e5522d7a445c3fb
nba1741bfd57d220d--tie--1,,tie,derive,nba1741bfd57d220d
nba1741bfd57d220d--tie--2,,tie,derive,nba1741bfd57d220d
nba1741bfd57d220d--tied--stop--1,n2696--tied--stop--1,tied,stamp,nba1741bfd57d220d
nba1741bfd57d220d--tied--start--2,n2696--tied--start--2,tied,stamp,nba1741bfd57d220d
n05b8525bcea45575--slur--stop--1,n2697--slur--stop--1,slur,stamp,n05b8525bcea45575
n2b9b03b9fb53e4cc--tie--1,,tie,derive,n2b9b03b9fb53e4cc
n2b9b03b9fb53e4cc--tied--stop--1,n2700--tied--stop--1,tied,stamp,n2b9b03b9fb53e4cc
n2b9b03b9fb53e4cc--slur--start--1,n2700--slur--start--1,slur,stamp,n2b9b03b9fb53e4cc
nf9f8aea66ae8cebd--slur--start--1,n2711--slur--start--1,slur,stamp,nf9f8aea66ae8cebd
n88c537aa84b62392--slur--stop--1,n2714--slur--stop--1,slur,stamp,n88c537aa84b62392
e68268a75257e2e7c,md-1-268-1-1,words,md,1
n5ac33b6ae04c3fa7--slur--stop--1,n2719--slur--stop--1,slur,stamp,n5ac33b6ae04c3fa7
nda3c20dd091f07c1--slur--start--1,n2723--slur--start--1,slur,stamp,nda3c20dd091f07c1
ndd6a357588cb9caa--slur--start--1,n2724--slur--start--1,slur,stamp,ndd6a357588cb9caa
n407cebf73d6ffdb5--slur--stop--1,n2726--slur--stop--1,slur,stamp,n407cebf73d6ffdb5
ne01cd2191d550703--slur--stop--1,n2731--slur--stop--1,slur,stamp,ne01cd2191d550703
na919830ad5de99d8--slur--start--1,n2735--slur--start--1,slur,stamp,na919830ad5de99d8
n77ba1b7ab153f15e--slur--start--1,n2736--slur--start--1,slur,stamp,n77ba1b7ab153f15e
n2fb83e9546847e82--slur--stop--1,n2738--slur--stop--1,slur,stamp,n2fb83e9546847e82
n294395ceabc51938--slur--stop--1,n2743--slur--stop--1,slur,stamp,n294395ceabc51938
ne5c1df7522499e11--tie--1,,tie,derive,ne5c1df7522499e11
ne5c1df7522499e11--tied--start--1,n2746--tied--start--1,tied,stamp,ne5c1df7522499e11
nf081b13a319eaa6b--tie--1,,tie,derive,nf081b13a319eaa6b
nf081b13a319eaa6b--tied--start--1,n2747--tied--start--1,tied,stamp,nf081b13a319eaa6b
n39ff614abd2e6861--tie--1,,tie,derive,n39ff614abd2e6861
n39ff614abd2e6861--tied--start--1,n2748--tied--start--1,tied,stamp,n39ff614abd2e6861
n06418cd2a1f4b53f--slur--start--1,n2750--slur--start--1,slur,stamp,n06418cd2a1f4b53f
n9a56608216e46836--tie--1,,tie,derive,n9a56608216e46836
n9a56608216e46836--tie--2,,tie,derive,n9a56608216e46836
n9a56608216e46836--tied--stop--1,n2754--tied--stop--1,tied,stamp,n9a56608216e46836
n9a56608216e46836--tied--start--2,n2754--tied--start--2,tied,stamp,n9a56608216e46836
n78691616299a191e--tie--1,,tie,derive,n78691616299a191e
n78691616299a191e--tie--2,,tie,derive,n78691616299a191e
n78691616299a191e--tied--stop--1,n2755--tied--stop--1,tied,stamp,n78691616299a191e
n78691616299a191e--tied--start--2,n2755--tied--start--2,tied,stamp,n78691616299a191e
n581d4bca2c5b286c--tie--1,,tie,derive,n581d4bca2c5b286c
n581d4bca2c5b286c--tie--2,,tie,derive,n581d4bca2c5b286c
n581d4bca2c5b286c--tied--stop--1,n2756--tied--stop--1,tied,stamp,n581d4bca2c5b286c
n581d4bca2c5b286c--tied--start--2,n2756--tied--start--2,tied,stamp,n581d4bca2c5b286c
n6035c13de38475cd--tie--1,,tie,derive,n6035c13de38475cd
n6035c13de38475cd--tied--start--1,n2757--tied--start--1,tied,stamp,n6035c13de38475cd
e942cb28e3cf1851e,md-1-275-1-1,dynamics,md,1
nec9de6207eed783a--tie--1,,tie,derive,nec9de6207eed783a
nec9de6207eed783a--tie--2,,tie,derive,nec9de6207eed783a
nec9de6207eed783a--tied--stop--1,n2762--tied--stop--1,tied,stamp,nec9de6207eed783a
nec9de6207eed783a--tied--start--2,n2762--tied--start--2,tied,stamp,nec9de6207eed783a
nb43f1c2de8ff3905--tie--1,,tie,derive,nb43f1c2de8ff3905
nb43f1c2de8ff3905--tie--2,,tie,derive,nb43f1c2de8ff3905
nb43f1c2de8ff3905--tied--stop--1,n2763--tied--stop--1,tied,stamp,nb43f1c2de8ff3905
nb43f1c2de8ff3905--tied--start--2,n2763--tied--start--2,tied,stamp,nb43f1c2de8ff3905
n28d82103a8a6fdbb--tie--1,,tie,derive,n28d82103a8a6fdbb
n28d82103a8a6fdbb--tied--stop--1,n2764--tied--stop--1,tied,stamp,n28d82103a8a6fdbb
nd6fb4c5f6ef38517--tie--1,,tie,derive,nd6fb4c5f6ef38517
nd6fb4c5f6ef38517--tied--stop--1,n2765--tied--stop--1,tied,stamp,nd6fb4c5f6ef38517
nc46f7cb680ac0997--slur--stop--1,n2769--slur--stop--1,slur,stamp,nc46f7cb680ac0997
ne1f415056a050953--tie--1,,tie,derive,ne1f415056a050953
ne1f415056a050953--tied--stop--1,n2770--tied--stop--1,tied,stamp,ne1f415056a050953
nd758a0941f89b31c--tie--1,,tie,derive,nd758a0941f89b31c
nd758a0941f89b31c--tied--stop--1,n2771--tied--stop--1,tied,stamp,nd758a0941f89b31c
nc4a02955ff7b0dc4--slur--start--1,n2776--slur--start--1,slur,stamp,nc4a02955ff7b0dc4
e9088d8cab6d176e4,md-1-278-1-1,dynamics,md,1
ne1b0035215136cdd--slur--stop--1,n2792--slur--stop--1,slur,stamp,ne1b0035215136cdd
n699924d32e55fbd4--tie--1,,tie,derive,n699924d32e55fbd4
n699924d32e55fbd4--tied--start--1,n2808--tied--start--1,tied,stamp,n699924d32e55fbd4
e17960a690d4bc750,md-1-280-1-1,dynamics,md,1
n16d96a7732bcc52c--tie--1,,tie,derive,n16d96a7732bcc52c
n16d96a7732bcc52c--tied--stop--1,n2821--tied--stop--1,tied,stamp,n16d96a7732bcc52c
n16d96a7732bcc52c--slur--start--1,n2821--slur--start--1,slur,stamp,n16d96a7732bcc52c
n07fb165a3c5f77ef--slur--stop--1,n2822--slur--stop--1,slur,stamp,n07fb165a3c5f77ef
n133810384f8e1934--slur--start--1,n2837--slur--start--1,slur,stamp,n133810384f8e1934
n06f844a3cfb5949b--slur--stop--1,n2853--slur--stop--1,slur,stamp,n06f844a3cfb5949b
nce9518316c7e9931--slur--start--1,n2866--slur--start--1,slur,stamp,nce9518316c7e9931
ndf0414ad4d83175e--slur--stop--1,n2868--slur--stop--1,slur,stamp,ndf0414ad4d83175e
n586eb42e1db81773--tie--1,,tie,derive,n586eb42e1db81773
n586eb42e1db81773--tied--start--1,n2869--tied--start--1,tied,stamp,n586eb42e1db81773
ee26305395f24c187,md-1-284-1-1,dynamics,md,1
n7f96178aa648963d--tie--1,,tie,derive,n7f96178aa648963d
n7f96178aa648963d--tied--stop--1,n2882--tied--stop--1,tied,stamp,n7f96178aa648963d
n7f96178aa648963d--slur--start--1,n2882--slur--start--1,slur,stamp,n7f96178aa648963d
nc6bf2894c17cb8ae--slur--stop--1,n2883--slur--stop--1,slur,stamp,nc6bf2894c17cb8ae
ndaf62d47f175859c--slur--start--1,n2898--slur--start--1,slur,stamp,ndaf62d47f175859c
n024e1032621b9982--slur--stop--1,n2913--slur--stop--1,slur,stamp,n024e1032621b9982
neb05cfc076984fe2--slur--start--1,n2926--slur--start--1,slur,stamp,neb05cfc076984fe2
n9b8273375a35d80c--slur--stop--1,n2928--slur--stop--1,slur,stamp,n9b8273375a35d80c
nd4824fc92a63d00b--tie--1,,tie,derive,nd4824fc92a63d00b
nd4824fc92a63d00b--tied--start--1,n2929--tied--start--1,tied,stamp,nd4824fc92a63d00b
n8fda7699690ab6c5--tie--1,,tie,derive,n8fda7699690ab6c5
n8fda7699690ab6c5--tied--start--1,n2930--tied--start--1,tied,stamp,n8fda7699690ab6c5
e56a1ca127f80c7c8,md-1-288-1-1,dynamics,md,1
n1e3f565504b55fe8--tie--1,,tie,derive,n1e3f565504b55fe8
n1e3f565504b55fe8--tied--stop--1,n2943--tied--stop--1,tied,stamp,n1e3f565504b55fe8
nd5c699f8a3b45181--tie--1,,tie,derive,nd5c699f8a3b45181
nd5c699f8a3b45181--tied--stop--1,n2944--tied--stop--1,tied,stamp,nd5c699f8a3b45181
n732febe21e53a9f9--turn--1,,turn,derive,n732febe21e53a9f9
n1c907e108f507b3a--tie--1,,tie,derive,n1c907e108f507b3a
n1c907e108f507b3a--tied--start--1,n2959--tied--start--1,tied,stamp,n1c907e108f507b3a
naa7cd2564b0c59f6--tie--1,,tie,derive,naa7cd2564b0c59f6
naa7cd2564b0c59f6--tied--start--1,n2960--tied--start--1,tied,stamp,naa7cd2564b0c59f6
ec6d119e251432736,md-1-290-1-1,dynamics,md,1
n9931078f78225f58--tie--1,,tie,derive,n9931078f78225f58
n9931078f78225f58--tied--stop--1,n2979--tied--stop--1,tied,stamp,n9931078f78225f58
n9931078f78225f58--slur--start--1,n2979--slur--start--1,slur,stamp,n9931078f78225f58
n9931078f78225f58--slur--start--2,n2979--slur--start--2,slur,stamp,n9931078f78225f58
ncde544db7173549d--tie--1,,tie,derive,ncde544db7173549d
ncde544db7173549d--tied--stop--1,n2980--tied--stop--1,tied,stamp,ncde544db7173549d
n31d698e65d9e798c--slur--stop--1,n2981--slur--stop--1,slur,stamp,n31d698e65d9e798c
n31d698e65d9e798c--slur--stop--2,n2981--slur--stop--2,slur,stamp,n31d698e65d9e798c
ne57aa08ae41afbff--turn--1,,turn,derive,ne57aa08ae41afbff
n72ffa8df58b1fd93--tie--1,,tie,derive,n72ffa8df58b1fd93
n72ffa8df58b1fd93--tied--start--1,n2996--tied--start--1,tied,stamp,n72ffa8df58b1fd93
n19d3afc36cd0a625--tie--1,,tie,derive,n19d3afc36cd0a625
n19d3afc36cd0a625--tied--start--1,n2997--tied--start--1,tied,stamp,n19d3afc36cd0a625
ead3e9a7f9f29ba07,md-1-292-1-1,dynamics,md,1
n7b285a9fd9a58630--tie--1,,tie,derive,n7b285a9fd9a58630
n7b285a9fd9a58630--tied--stop--1,n3016--tied--stop--1,tied,stamp,n7b285a9fd9a58630
n7b285a9fd9a58630--slur--start--1,n3016--slur--start--1,slur,stamp,n7b285a9fd9a58630
n7b285a9fd9a58630--slur--start--2,n3016--slur--start--2,slur,stamp,n7b285a9fd9a58630
n9f1b88b302acce23--tie--1,,tie,derive,n9f1b88b302acce23
n9f1b88b302acce23--tied--stop--1,n3017--tied--stop--1,tied,stamp,n9f1b88b302acce23
n68dacf2326d89609--slur--stop--1,n3018--slur--stop--1,slur,stamp,n68dacf2326d89609
n68dacf2326d89609--slur--stop--2,n3018--slur--stop--2,slur,stamp,n68dacf2326d89609
n0c7abaff44e1d2ca--turn--1,,turn,derive,n0c7abaff44e1d2ca
nb41c8ccda3a921aa--tie--1,,tie,derive,nb41c8ccda3a921aa
nb41c8ccda3a921aa--tied--start--1,n3033--tied--start--1,tied,stamp,nb41c8ccda3a921aa
n327cf69bb5bc0365--tie--1,,tie,derive,n327cf69bb5bc0365
n327cf69bb5bc0365--tied--start--1,n3034--tied--start--1,tied,stamp,n327cf69bb5bc0365
e3a541d2c9bee21ed,md-1-294-1-1,dynamics,md,1
n81b762fbb195d451--tie--1,,tie,derive,n81b762fbb195d451
n81b762fbb195d451--tied--stop--1,n3053--tied--stop--1,tied,stamp,n81b762fbb195d451
n81b762fbb195d451--slur--start--1,n3053--slur--start--1,slur,stamp,n81b762fbb195d451
n81b762fbb195d451--slur--start--2,n3053--slur--start--2,slur,stamp,n81b762fbb195d451
n5cd288466e575343--tie--1,,tie,derive,n5cd288466e575343
n5cd288466e575343--tied--stop--1,n3054--tied--stop--1,tied,stamp,n5cd288466e575343
n6a941d790f288567--slur--stop--1,n3055--slur--stop--1,slur,stamp,n6a941d790f288567
n6a941d790f288567--slur--stop--2,n3055--slur--stop--2,slur,stamp,n6a941d790f288567
n180250226bc84d45--slur--start--1,n3072--slur--start--1,slur,stamp,n180250226bc84d45
nb34915099ddf4290--slur--start--1,n3079--slur--start--1,slur,stamp,nb34915099ddf4290
e64232e4d050af279,md-1-296-1-1,dynamics,md,1
n6386859c81c85594--slur--stop--1,n3083--slur--stop--1,slur,stamp,n6386859c81c85594
n2c0f33cc20140f16--slur--start--1,n3085--slur--start--1,slur,stamp,n2c0f33cc20140f16
n2c0f33cc20140f16--slur--start--2,n3085--slur--start--2,slur,stamp,n2c0f33cc20140f16
n59858ef91337582c--slur--stop--1,n3087--slur--stop--1,slur,stamp,n59858ef91337582c
eb5832fdbf0fcd528,md-1-297-1-1,dynamics,md,1
n1fc6d8356d6bf3fb--slur--stop--1,n3089--slur--stop--1,slur,stamp,n1fc6d8356d6bf3fb
n1fc6d8356d6bf3fb--slur--stop--2,n3089--slur--stop--2,slur,stamp,n1fc6d8356d6bf3fb
nee5987bf56a30cd9--slur--start--1,n3092--slur--start--1,slur,stamp,nee5987bf56a30cd9
n0b5261fea51970e5--slur--start--1,n3098--slur--start--1,slur,stamp,n0b5261fea51970e5
eadce8e5ebf2cd488,md-1-298-1-1,dynamics,md,1
nc744f39fc44cf0da--slur--stop--1,n3102--slur--stop--1,slur,stamp,nc744f39fc44cf0da
n1a138a782723f3b0--slur--start--1,n3104--slur--start--1,slur,stamp,n1a138a782723f3b0
n1a921113ac425ba4--slur--stop--1,n3105--slur--stop--1,slur,stamp,n1a921113ac425ba4
ecf5bc6745a5c9e60,md-1-299-1-1,dynamics,md,1
n5e718e4495be04f2--slur--stop--1,n3107--slur--stop--1,slur,stamp,n5e718e4495be04f2
n77cd075b46f0e2d3--slur--start--1,n3109--slur--start--1,slur,stamp,n77cd075b46f0e2d3
nb943f15fa5e7724a--slur--stop--1,n3114--slur--stop--1,slur,stamp,nb943f15fa5e7724a
nf7ed55f411f56e06--slur--start--1,n3116--slur--start--1,slur,stamp,nf7ed55f411f56e06
nb17cd17c9f9459f0--slur--stop--1,n3121--slur--stop--1,slur,stamp,nb17cd17c9f9459f0
n3b075a81fc292d90--tuplet--start--1,n3132--tuplet--start--1,tuplet,stamp,n3b075a81fc292d90
nd7b6564d2e798046--tuplet--stop--1,n3134--tuplet--stop--1,tuplet,stamp,nd7b6564d2e798046
n3a4358f51ef3e6f4--tuplet--start--1,n3135--tuplet--start--1,tuplet,stamp,n3a4358f51ef3e6f4
n5c9f3c5073eb25ec--tuplet--stop--1,n3137--tuplet--stop--1,tuplet,stamp,n5c9f3c5073eb25ec
n4c75311791229b97--tuplet--start--1,n3138--tuplet--start--1,tuplet,stamp,n4c75311791229b97
n222bdaf077b08803--tuplet--stop--1,n3140--tuplet--stop--1,tuplet,stamp,n222bdaf077b08803
e3f4f543a797687e6,md-1-304-1-1,dynamics,md,1
nf5884ab5a31dc1c2--tuplet--start--1,n3146--tuplet--start--1,tuplet,stamp,nf5884ab5a31dc1c2
nf8c572151a80f1ab--tuplet--stop--1,n3148--tuplet--stop--1,tuplet,stamp,nf8c572151a80f1ab
nda42d3083b73fc4c--tuplet--start--1,n3149--tuplet--start--1,tuplet,stamp,nda42d3083b73fc4c
n66a7b01e522319c9--tuplet--stop--1,n3151--tuplet--stop--1,tuplet,stamp,n66a7b01e522319c9
nfb2beba39669c855--tuplet--start--1,n3152--tuplet--start--1,tuplet,stamp,nfb2beba39669c855
nf9aa462e6474d2a3--tuplet--stop--1,n3154--tuplet--stop--1,tuplet,stamp,nf9aa462e6474d2a3
n03961f278375fd83--tuplet--start--1,n3155--tuplet--start--1,tuplet,stamp,n03961f278375fd83
n58195ea88be8e847--tuplet--stop--1,n3157--tuplet--stop--1,tuplet,stamp,n58195ea88be8e847
e77d25a436920dda8,md-1-306-1-1,dynamics,md,1
e2244c8c9d3e1a17a,md-1-307-2-1,dynamics,md,2
n3dee8c1331f838f2--tuplet--start--1,n3167--tuplet--start--1,tuplet,stamp,n3dee8c1331f838f2
nba7ed2cababb1566--tuplet--stop--1,n3169--tuplet--stop--1,tuplet,stamp,nba7ed2cababb1566
n6b02216fbd5b2242--tuplet--start--1,n3170--tuplet--start--1,tuplet,stamp,n6b02216fbd5b2242
nba904a36bc17eed0--tuplet--stop--1,n3172--tuplet--stop--1,tuplet,stamp,nba904a36bc17eed0
ndfc8395f85f092df--tuplet--start--1,n3173--tuplet--start--1,tuplet,stamp,ndfc8395f85f092df
nb2f33f918a297b32--tuplet--stop--1,n3175--tuplet--stop--1,tuplet,stamp,nb2f33f918a297b32
n920ab2b8f14900a5--tuplet--start--1,n3178--tuplet--start--1,tuplet,stamp,n920ab2b8f14900a5
n4f2967aab136c969--tuplet--stop--1,n3180--tuplet--stop--1,tuplet,stamp,n4f2967aab136c969
ndfb1187d0b9a7d50--tuplet--start--1,n3181--tuplet--start--1,tuplet,stamp,ndfb1187d0b9a7d50
nf5b8bc77f2f12703--tuplet--stop--1,n3183--tuplet--stop--1,tuplet,stamp,nf5b8bc77f2f12703
ndfa1adcf91f4b3d4--tuplet--start--1,n3184--tuplet--start--1,tuplet,stamp,ndfa1adcf91f4b3d4
n54d8e41e8c4f6695--tuplet--stop--1,n3186--tuplet--stop--1,tuplet,stamp,n54d8e41e8c4f6695
nd8f41c159e51a45e--tuplet--start--1,n3187--tuplet--start--1,tuplet,stamp,nd8f41c159e51a45e
n514641767929ee0d--tuplet--stop--1,n3189--tuplet--stop--1,tuplet,stamp,n514641767929ee0d
e4ef6245589496dd2,md-1-310-1-1,dynamics,md,1
eeb883d970cf4f8d5,md-1-311-1-1,dynamics,md,1
n98fbb7fbf815e00b--tuplet--start--1,r70--tuplet--start--1,tuplet,stamp,n98fbb7fbf815e00b
na18fefdb48f381e3--tuplet--stop--1,n3207--tuplet--stop--1,tuplet,stamp,na18fefdb48f381e3
n93113fc942cde095--tuplet--start--1,n3208--tuplet--start--1,tuplet,stamp,n93113fc942cde095
nafee15f3355d7c9f--tuplet--stop--1,n3210--tuplet--stop--1,tuplet,stamp,nafee15f3355d7c9f
n25aa691552bbeed4--tuplet--start--1,n3211--tuplet--start--1,tuplet,stamp,n25aa691552bbeed4
nabf79e30994c99ee--tuplet--stop--1,n3213--tuplet--stop--1,tuplet,stamp,nabf79e30994c99ee
n82fb065f16a835f8--tuplet--start--1,n3214--tuplet--start--1,tuplet,stamp,n82fb065f16a835f8
n508edfd2766c900a--tuplet--stop--1,n3216--tuplet--stop--1,tuplet,stamp,n508edfd2766c900a
n2f303660555b39df--staccato--1,,staccato,derive,n2f303660555b39df
n96c4f68522c08c67--staccato--1,,staccato,derive,n96c4f68522c08c67
nf6cd0f3de91b7efc--staccato--1,,staccato,derive,nf6cd0f3de91b7efc
n7fa5fa3dd9382795--staccato--1,,staccato,derive,n7fa5fa3dd9382795
ef821801658984c7e,md-1-313-1-1,dynamics,md,1
n88a811fe7dc3d6f1--staccato--1,,staccato,derive,n88a811fe7dc3d6f1
nb3022d3effaec414--staccato--1,,staccato,derive,nb3022d3effaec414
n5c0745c7751464e7--staccato--1,,staccato,derive,n5c0745c7751464e7
ne1ffa1926ff34931--staccato--1,,staccato,derive,ne1ffa1926ff34931
n8d4548c01d13dd77--tuplet--start--1,n3227--tuplet--start--1,tuplet,stamp,n8d4548c01d13dd77
n5c3def0c818ee301--tuplet--stop--1,n3229--tuplet--stop--1,tuplet,stamp,n5c3def0c818ee301
n5c04ac464f4da33a--tuplet--start--1,n3230--tuplet--start--1,tuplet,stamp,n5c04ac464f4da33a
n5ff63d4abcf08159--tuplet--stop--1,n3232--tuplet--stop--1,tuplet,stamp,n5ff63d4abcf08159
n45aed0af3ad1a9ee--tuplet--start--1,n3233--tuplet--start--1,tuplet,stamp,n45aed0af3ad1a9ee
n75ba2d029d38f954--tuplet--stop--1,n3235--tuplet--stop--1,tuplet,stamp,n75ba2d029d38f954
n9679d78a634df5ef--tuplet--start--1,n3236--tuplet--start--1,tuplet,stamp,n9679d78a634df5ef
n53d921cde87dfbd0--tuplet--stop--1,n3238--tuplet--stop--1,tuplet,stamp,n53d921cde87dfbd0
n28c67bb41a3334db--staccato--1,,staccato,derive,n28c67bb41a3334db
n298c007d44b2d229--staccato--1,,staccato,derive,n298c007d44b2d229
n71861a35dcff033f--staccato--1,,staccato,derive,n71861a35dcff033f
n1e5dbb8882cf9309--staccato--1,,staccato,derive,n1e5dbb8882cf9309
e057724a54bdd9283,md-1-315-2-1,dynamics,md,2
n65d0a05a8e7fa4f6--tuplet--start--1,n3247--tuplet--start--1,tuplet,stamp,n65d0a05a8e7fa4f6
n7509675adca479bc--tuplet--stop--1,n3249--tuplet--stop--1,tuplet,stamp,n7509675adca479bc
ne7f73a30f7534d27--tuplet--start--1,n3250--tuplet--start--1,tuplet,stamp,ne7f73a30f7534d27
n7731dbdc99118903--tuplet--stop--1,n3252--tuplet--stop--1,tuplet,stamp,n7731dbdc99118903
n6e1e2071b5ceb1df--tuplet--start--1,n3253--tuplet--start--1,tuplet,stamp,n6e1e2071b5ceb1df
n48c6f890d79106b8--tuplet--stop--1,n3255--tuplet--stop--1,tuplet,stamp,n48c6f890d79106b8
nee82a5bdd06b6893--tuplet--start--1,n3256--tuplet--start--1,tuplet,stamp,nee82a5bdd06b6893
n250a46e1fefc4cd2--tuplet--stop--1,n3258--tuplet--stop--1,tuplet,stamp,n250a46e1fefc4cd2
n58c9c4f324b7a473--staccato--1,,staccato,derive,n58c9c4f324b7a473
n7b3a3a0a00148c04--staccato--1,,staccato,derive,n7b3a3a0a00148c04
n73cd43aba88e4839--staccato--1,,staccato,derive,n73cd43aba88e4839
n7a80fc813d62920a--staccato--1,,staccato,derive,n7a80fc813d62920a
e28b89dedd7ce2b9f,md-1-317-2-1,dynamics,md,2
n8ad50157154c0638--tuplet--start--1,n3264--tuplet--start--1,tuplet,stamp,n8ad50157154c0638
ne739bc490a1b775a--tuplet--stop--1,n3266--tuplet--stop--1,tuplet,stamp,ne739bc490a1b775a
n32e8c3fab7f1a705--tuplet--start--1,n3267--tuplet--start--1,tuplet,stamp,n32e8c3fab7f1a705
n1a411766d5720e54--tuplet--stop--1,n3269--tuplet--stop--1,tuplet,stamp,n1a411766d5720e54
nd50cddf69a2c457c--tuplet--start--1,n3270--tuplet--start--1,tuplet,stamp,nd50cddf69a2c457c
n40766775dfc8bde9--tuplet--stop--1,n3272--tuplet--stop--1,tuplet,stamp,n40766775dfc8bde9
n20b195a609be31bd--tuplet--start--1,n3273--tuplet--start--1,tuplet,stamp,n20b195a609be31bd
ncad45158d319b222--tuplet--stop--1,n3275--tuplet--stop--1,tuplet,stamp,ncad45158d319b222
n734a676656a17b64--staccato--1,,staccato,derive,n734a676656a17b64
n62c6ed947c166d20--staccato--1,,staccato,derive,n62c6ed947c166d20
ndf90669c408f17da--staccato--1,,staccato,derive,ndf90669c408f17da
n6199d0daad701056--staccato--1,,staccato,derive,n6199d0daad701056
n32acc4bc04713591--staccato--1,,staccato,derive,n32acc4bc04713591
n21d879265876574f--staccato--1,,staccato,derive,n21d879265876574f
n872cb48f85a3838d--staccato--1,,staccato,derive,n872cb48f85a3838d
na79fd025cb41e6c0--staccato--1,,staccato,derive,na79fd025cb41e6c0
n4e2071889447d743--staccato--1,,staccato,derive,n4e2071889447d743
n55d646b9ac8f2cfe--staccato--1,,staccato,derive,n55d646b9ac8f2cfe
nc04474c38b3ae4f7--staccato--1,,staccato,derive,nc04474c38b3ae4f7
n8bb9e0e59ea84ed1--staccato--1,,staccato,derive,n8bb9e0e59ea84ed1
e2a1a07a98b1df7c3,md-1-319-1-1,dynamics,md,1
n373f69c6df158e2d--staccato--1,,staccato,derive,n373f69c6df158e2d
ne008c3e426a089f3--staccato--1,,staccato,derive,ne008c3e426a089f3
n75ad360b5531178d--staccato--1,,staccato,derive,n75ad360b5531178d
n218ae21ee0db0a33--staccato--1,,staccato,derive,n218ae21ee0db0a33
n728f4d1037a29df2--tie--1,,tie,derive,n728f4d1037a29df2
n728f4d1037a29df2--tied--start--1,n3292--tied--start--1,tied,stamp,n728f4d1037a29df2
ec6759fef73fcad64,md-1-320-2-1,dynamics,md,2
n0ca345b370dbea6c--staccato--1,,staccato,derive,n0ca345b370dbea6c
nf8395d067c84214c--staccato--1,,staccato,derive,nf8395d067c84214c
nfeaebfbaf3d1ea0c--staccato--1,,staccato,derive,nfeaebfbaf3d1ea0c
n4e4499adb362a774--staccato--1,,staccato,derive,n4e4499adb362a774
nfb3c265edf10128d--tie--1,,tie,derive,nfb3c265edf10128d
nfb3c265edf10128d--tied--stop--1,n3297--tied--stop--1,tied,stamp,nfb3c265edf10128d
nfcacf84c7377f256--staccato--1,,staccato,derive,nfcacf84c7377f256
n083cff963ec56d55--staccato--1,,staccato,derive,n083cff963ec56d55
n26b60a563ec72ade--staccato--1,,staccato,derive,n26b60a563ec72ade
n5c747799815ed9c3--staccato--1,,staccato,derive,n5c747799815ed9c3
e93dd827b288a5412,md-1-322-2-1,dynamics,md,2
nb6d88a850c5b9404--staccato--1,,staccato,derive,nb6d88a850c5b9404
na52300ec5f4c85dc--staccato--1,,staccato,derive,na52300ec5f4c85dc
n533d77a96675542e--staccato--1,,staccato,derive,n533d77a96675542e
nbcf14d064ab64783--staccato--1,,staccato,derive,nbcf14d064ab64783
e48a9393e6f29506e,md-1-323-2-1,dynamics,md,2
nb0391c7818e6d962--slur--start--1,n3308--slur--start--1,slur,stamp,nb0391c7818e6d962
nb1d0112607bc748c--slur--start--1,n3309--slur--start--1,slur,stamp,nb1d0112607bc748c
n5effa46570c75257--tie--1,,tie,derive,n5effa46570c75257
n5effa46570c75257--tied--start--1,n3313--tied--start--1,tied,stamp,n5effa46570c75257
e636332ac2fc8b7bb,md-1-324-1-1,dynamics,md,1
nf77f154e33a1a2a5--slur--stop--1,n3318--slur--stop--1,slur,stamp,nf77f154e33a1a2a5
ned60ee56914539fe--tie--1,,tie,derive,ned60ee56914539fe
ned60ee56914539fe--tied--stop--1,n3319--tied--stop--1,tied,stamp,ned60ee56914539fe
n90ab017701d7df48--slur--start--1,n3323--slur--start--1,slur,stamp,n90ab017701d7df48
n246ccb290d5c57b7--tie--1,,tie,derive,n246ccb290d5c57b7
n246ccb290d5c57b7--tied--start--1,n3327--tied--start--1,tied,stamp,n246ccb290d5c57b7
n81eb19ec871c5100--slur--stop--1,n3334--slur--stop--1,slur,stamp,n81eb19ec871c5100
nb5ef80ea87f831aa--tie--1,,tie,derive,nb5ef80ea87f831aa
nb5ef80ea87f831aa--tied--stop--1,n3335--tied--stop--1,tied,stamp,nb5ef80ea87f831aa
na141b4b31067e871--slur--start--1,n3337--slur--start--1,slur,stamp,na141b4b31067e871
n42cf37fda5a18c53--tie--1,,tie,derive,n42cf37fda5a18c53
n42cf37fda5a18c53--tied--start--1,n3338--tied--start--1,tied,stamp,n42cf37fda5a18c53
n9981c83c1bfe5ee8--slur--stop--1,n3341--slur--stop--1,slur,stamp,n9981c83c1bfe5ee8
ne5d5215d6e169007--tie--1,,tie,derive,ne5d5215d6e169007
ne5d5215d6e169007--tied--stop--1,n3342--tied--stop--1,tied,stamp,ne5d5215d6e169007
n8d6e00748cb3548a--slur--start--1,n3346--slur--start--1,slur,stamp,n8d6e00748cb3548a
nd4633371ebe8ad39--tie--1,,tie,derive,nd4633371ebe8ad39
nd4633371ebe8ad39--tied--start--1,n3350--tied--start--1,tied,stamp,nd4633371ebe8ad39
nf254d8ac2c757dee--slur--stop--1,n3357--slur--stop--1,slur,stamp,nf254d8ac2c757dee
n0fd9ad5b738c7041--tie--1,,tie,derive,n0fd9ad5b738c7041
n0fd9ad5b738c7041--tied--stop--1,n3358--tied--stop--1,tied,stamp,n0fd9ad5b738c7041
n94fbd126f9683318--slur--stop--1,n3359--slur--stop--1,slur,stamp,n94fbd126f9683318
n9433dbcebcc36cb4--staccato--1,,staccato,derive,n9433dbcebcc36cb4
n8e6e7a8cb37cb83b--staccato--1,,staccato,derive,n8e6e7a8cb37cb83b
n2b989b15fc7166e5--staccato--1,,staccato,derive,n2b989b15fc7166e5
ea69411b9a550a2e7,md-1-332-2-1,dynamics,md,2
n2b6c1b86b9b910d6--staccato--1,,staccato,derive,n2b6c1b86b9b910d6
na19ae3d5efad2e42--staccato--1,,staccato,derive,na19ae3d5efad2e42
na88a6ecf9bba9e6f--staccato--1,,staccato,derive,na88a6ecf9bba9e6f
n08055405d5a76463--staccato--1,,staccato,derive,n08055405d5a76463
edbeaeea826bc2ff5,md-1-335-1-1,dynamics,md,1
n4c03367ebeae4d83--fermata--upright--1,n3394--fermata--upright--1,fermata,stamp,n4c03367ebeae4d83
n48bc5f5b8351edc3--fermata--upright--1,n3396--fermata--upright--1,fermata,stamp,n48bc5f5b8351edc3
