note_id,original_id,part,bar,voice,staff,ordinal
mn-1-0-1-1-1,mn-0-1-1-1,1,0,1,1,1
mn-1-0-1-1-2,mn-0-1-1-2,1,0,1,1,2
mn-1-0-5-2-1,mn-0-5-2-1,1,0,5,2,1
mn-1-1-1-1-1,mn-1-1-1-1,1,1,1,1,1
mn-1-1-1-1-2,mn-1-1-1-2,1,1,1,1,2
mn-1-1-1-1-3,mn-1-1-1-3,1,1,1,1,3
mn-1-1-1-1-4,mn-1-1-1-4,1,1,1,1,4
mn-1-1-1-1-5,mn-1-1-1-5,1,1,1,1,5
mn-1-1-1-1-6,mn-1-1-1-6,1,1,1,1,6
mn-1-1-1-1-7,mn-1-1-1-7,1,1,1,1,7
mn-1-1-5-2-1,mn-1-5-2-1,1,1,5,2,1
mn-1-1-5-2-2,mn-1-5-2-2,1,1,5,2,2
mn-1-1-5-2-3,mn-1-5-2-3,1,1,5,2,3
mn-1-1-5-2-4,mn-1-5-2-4,1,1,5,2,4
mn-1-1-5-2-5,mn-1-5-2-5,1,1,5,2,5
mn-1-1-5-2-6,mn-1-5-2-6,1,1,5,2,6
mn-1-2-1-1-1,mn-2-1-1-1,1,2,1,1,1
mn-1-2-1-1-2,mn-2-1-1-2,1,2,1,1,2
mn-1-2-1-1-3,mn-2-1-1-3,1,2,1,1,3
mn-1-2-1-1-4,mn-2-1-1-4,1,2,1,1,4
mn-1-2-5-2-1,mn-2-5-2-1,1,2,5,2,1
mn-1-2-5-2-2,mn-2-5-2-2,1,2,5,2,2
mn-1-2-5-2-3,mn-2-5-2-3,1,2,5,2,3
mn-1-3-1-1-1,mn-3-1-1-1,1,3,1,1,1
mn-1-3-1-1-2,mn-3-1-1-2,1,3,1,1,2
mn-1-3-1-1-3,mn-3-1-1-3,1,3,1,1,3
mn-1-3-1-1-4,mn-3-1-1-4,1,3,1,1,4
mn-1-3-1-1-5,mn-3-1-1-5,1,3,1,1,5
mn-1-3-1-1-6,mn-3-1-1-6,1,3,1,1,6
mn-1-3-1-1-7,mn-3-1-1-7,1,3,1,1,7
mn-1-3-5-2-1,mn-3-5-2-1,1,3,5,2,1
mn-1-3-5-2-2,mn-3-5-2-2,1,3,5,2,2
mn-1-3-5-2-3,mn-3-5-2-3,1,3,5,2,3
mn-1-3-5-2-4,mn-3-5-2-4,1,3,5,2,4
mn-1-3-5-2-5,mn-3-5-2-5,1,3,5,2,5
mn-1-3-5-2-6,mn-3-5-2-6,1,3,5,2,6
mn-1-4-1-1-1,mn-4-1-1-1,1,4,1,1,1
mn-1-4-1-1-2,mn-4-1-1-2,1,4,1,1,2
mn-1-4-1-1-3,mn-4-1-1-3,1,4,1,1,3
mn-1-4-1-1-4,mn-4-1-1-4,1,4,1,1,4
mn-1-4-5-2-1,mn-4-5-2-1,1,4,5,2,1
mn-1-4-5-2-2,mn-4-5-2-2,1,4,5,2,2
mn-1-4-5-2-3,mn-4-5-2-3,1,4,5,2,3
mn-1-5-1-1-1,mn-5-1-1-1,1,5,1,1,1
mn-1-5-1-1-2,mn-5-1-1-2,1,5,1,1,2
mn-1-5-1-1-3,mn-5-1-1-3,1,5,1,1,3
mn-1-5-1-1-4,mn-5-1-1-4,1,5,1,1,4
mn-1-5-5-2-1,mn-5-5-2-1,1,5,5,2,1
mn-1-5-5-2-2,mn-5-5-2-2,1,5,5,2,2
mn-1-6-1-1-1,mn-6-1-1-1,1,6,1,1,1
mn-1-6-1-1-2,mn-6-1-1-2,1,6,1,1,2
mn-1-6-1-1-3,mn-6-1-1-3,1,6,1,1,3
mn-1-6-1-1-4,mn-6-1-1-4,1,6,1,1,4
mn-1-6-5-2-1,mn-6-5-2-1,1,6,5,2,1
mn-1-6-5-2-2,mn-6-5-2-2,1,6,5,2,2
mn-1-7-1-1-1,mn-7-1-1-1,1,7,1,1,1
mn-1-7-1-1-2,mn-7-1-1-2,1,7,1,1,2
mn-1-7-1-1-3,mn-7-1-1-3,1,7,1,1,3
mn-1-7-2-2-1,mn-7-2-2-1,1,7,2,2,1
mn-1-7-5-2-1,mn-7-5-2-1,1,7,5,2,1
mn-1-7-5-2-2,mn-7-5-2-2,1,7,5,2,2
mn-1-8-1-1-1,mn-8-1-1-1,1,8,1,1,1
mn-1-8-1-1-2,mn-8-1-1-2,1,8,1,1,2
mn-1-8-1-1-3,mn-8-1-1-3,1,8,1,1,3
mn-1-8-1-1-4,mn-8-1-1-4,1,8,1,1,4
mn-1-8-1-1-5,mn-8-1-1-5,1,8,1,1,5
mn-1-8-2-2-1,mn-8-2-2-1,1,8,2,2,1
mn-1-8-5-2-1,mn-8-5-2-1,1,8,5,2,1
mn-1-8-5-2-2,mn-8-5-2-2,1,8,5,2,2
mn-1-9-1-1-1,mn-9-1-1-1,1,9,1,1,1
mn-1-9-1-1-2,mn-9-1-1-2,1,9,1,1,2
mn-1-9-1-1-3,mn-9-1-1-3,1,9,1,1,3
mn-1-9-1-1-4,mn-9-1-1-4,1,9,1,1,4
mn-1-9-5-2-1,mn-9-5-2-1,1,9,5,2,1
mn-1-9-5-2-2,mn-9-5-2-2,1,9,5,2,2
mn-1-9-5-2-3,mn-9-5-2-3,1,9,5,2,3
mn-1-9-5-2-4,mn-9-5-2-4,1,9,5,2,4
mn-1-9-5-2-5,mn-9-5-2-5,1,9,5,2,5
mn-1-10-1-1-1,mn-10-1-1-1,1,10,1,1,1
mn-1-10-1-1-2,mn-10-1-1-2,1,10,1,1,2
mn-1-10-1-1-3,mn-10-1-1-3,1,10,1,1,3
mn-1-10-1-1-4,mn-10-1-1-4,1,10,1,1,4
mn-1-10-5-2-1,mn-10-5-2-1,1,10,5,2,1
mn-1-11-1-1-1,mn-11-1-1-1,1,11,1,1,1
mn-1-11-1-1-2,mn-11-1-1-2,1,11,1,1,2
mn-1-11-2-1-1,mn-11-2-1-1,1,11,2,1,1
mn-1-11-2-1-2,mn-11-2-1-2,1,11,2,1,2
mn-1-11-2-1-3,mn-11-2-1-3,1,11,2,1,3
mn-1-11-2-1-4,mn-11-2-1-4,1,11,2,1,4
mn-1-11-5-2-1,mn-11-5-2-1,1,11,5,2,1
mn-1-11-5-2-2,mn-11-5-2-2,1,11,5,2,2
mn-1-11-5-2-3,mn-11-5-2-3,1,11,5,2,3
mn-1-11-5-2-4,mn-11-5-2-4,1,11,5,2,4
mn-1-12-1-1-1,mn-12-1-1-1,1,12,1,1,1
mn-1-12-1-1-2,mn-12-1-1-2,1,12,1,1,2
mn-1-12-1-1-3,mn-12-1-1-3,1,12,1,1,3
mn-1-12-2-1-1,mn-12-2-1-1,1,12,2,1,1
mn-1-12-5-2-1,mn-12-5-2-1,1,12,5,2,1
mn-1-12-5-2-2,mn-12-5-2-2,1,12,5,2,2
mn-1-12-5-2-3,mn-12-5-2-3,1,12,5,2,3
mn-1-12-5-2-4,mn-12-5-2-4,1,12,5,2,4
mn-1-13-1-1-1,mn-13-1-1-1,1,13,1,1,1
mn-1-13-1-1-2,mn-13-1-1-2,1,13,1,1,2
mn-1-13-1-1-3,mn-13-1-1-3,1,13,1,1,3
mn-1-13-1-1-4,mn-13-1-1-4,1,13,1,1,4
mn-1-13-1-1-5,mn-13-1-1-5,1,13,1,1,5
mn-1-13-1-1-6,mn-13-1-1-6,1,13,1,1,6
mn-1-13-1-1-7,mn-13-1-1-7,1,13,1,1,7
mn-1-13-5-2-1,mn-13-5-2-1,1,13,5,2,1
mn-1-13-5-2-2,mn-13-5-2-2,1,13,5,2,2
mn-1-14-1-1-1,mn-14-1-1-1,1,14,1,1,1
mn-1-14-1-1-2,mn-14-1-1-2,1,14,1,1,2
mn-1-14-1-1-3,mn-14-1-1-3,1,14,1,1,3
mn-1-14-1-1-4,mn-14-1-1-4,1,14,1,1,4
mn-1-14-1-1-5,mn-14-1-1-5,1,14,1,1,5
mn-1-14-5-2-1,mn-14-5-2-1,1,14,5,2,1
mn-1-14-5-2-2,mn-14-5-2-2,1,14,5,2,2
mn-1-14-5-2-3,mn-14-5-2-3,1,14,5,2,3
mn-1-14-5-2-4,mn-14-5-2-4,1,14,5,2,4
mn-1-15-1-1-1,mn-15-1-1-1,1,15,1,1,1
mn-1-15-1-1-2,mn-15-1-1-2,1,15,1,1,2
mn-1-15-2-1-1,mn-15-2-1-1,1,15,2,1,1
mn-1-15-2-1-2,mn-15-2-1-2,1,15,2,1,2
mn-1-15-2-1-3,mn-15-2-1-3,1,15,2,1,3
mn-1-15-2-1-4,mn-15-2-1-4,1,15,2,1,4
mn-1-15-5-2-1,mn-15-5-2-1,1,15,5,2,1
mn-1-15-5-2-2,mn-15-5-2-2,1,15,5,2,2
mn-1-15-5-2-3,mn-15-5-2-3,1,15,5,2,3
mn-1-15-5-2-4,mn-15-5-2-4,1,15,5,2,4
mn-1-16-1-1-1,mn-16-1-1-1,1,16,1,1,1
mn-1-16-1-1-2,mn-16-1-1-2,1,16,1,1,2
mn-1-16-1-1-3,mn-16-1-1-3,1,16,1,1,3
mn-1-16-1-1-4,mn-16-1-1-4,1,16,1,1,4
mn-1-16-2-1-1,mn-16-2-1-1,1,16,2,1,1
mn-1-16-2-1-2,mn-16-2-1-2,1,16,2,1,2
mn-1-16-5-2-1,mn-16-5-2-1,1,16,5,2,1
mn-1-16-5-2-2,mn-16-5-2-2,1,16,5,2,2
mn-1-16-5-2-3,mn-16-5-2-3,1,16,5,2,3
mn-1-16-5-2-4,mn-16-5-2-4,1,16,5,2,4
mn-1-17-1-1-1,mn-17-1-1-1,1,17,1,1,1
mn-1-17-1-1-2,mn-17-1-1-2,1,17,1,1,2
mn-1-17-1-1-3,mn-17-1-1-3,1,17,1,1,3
mn-1-17-1-1-4,mn-17-1-1-4,1,17,1,1,4
mn-1-17-2-1-1,mn-17-2-1-1,1,17,2,1,1
mn-1-17-2-1-2,mn-17-2-1-2,1,17,2,1,2
mn-1-17-2-1-3,mn-17-2-1-3,1,17,2,1,3
mn-1-17-5-2-1,mn-17-5-2-1,1,17,5,2,1
mn-1-17-5-2-2,mn-17-5-2-2,1,17,5,2,2
mn-1-17-5-2-3,mn-17-5-2-3,1,17,5,2,3
mn-1-17-5-2-4,mn-17-5-2-4,1,17,5,2,4
mn-1-17-6-2-1,mn-17-6-2-1,1,17,6,2,1
mn-1-18-1-1-1,mn-18-1-1-1,1,18,1,1,1
mn-1-18-1-1-2,mn-18-1-1-2,1,18,1,1,2
mn-1-18-1-1-3,mn-18-1-1-3,1,18,1,1,3
mn-1-18-1-1-4,mn-18-1-1-4,1,18,1,1,4
mn-1-18-2-1-1,mn-18-2-1-1,1,18,2,1,1
mn-1-18-2-1-2,mn-18-2-1-2,1,18,2,1,2
mn-1-18-2-1-3,mn-18-2-1-3,1,18,2,1,3
mn-1-18-5-2-1,mn-18-5-2-1,1,18,5,2,1
mn-1-18-5-2-2,mn-18-5-2-2,1,18,5,2,2
mn-1-18-5-2-3,mn-18-5-2-3,1,18,5,2,3
mn-1-18-5-2-4,mn-18-5-2-4,1,18,5,2,4
mn-1-18-6-2-1,mn-18-6-2-1,1,18,6,2,1
mn-1-19-1-1-1,mn-19-1-1-1,1,19,1,1,1
mn-1-19-1-1-2,mn-19-1-1-2,1,19,1,1,2
mn-1-19-1-1-3,mn-19-1-1-3,1,19,1,1,3
mn-1-19-1-1-4,mn-19-1-1-4,1,19,1,1,4
mn-1-19-1-1-5,mn-19-1-1-5,1,19,1,1,5
mn-1-19-1-1-6,mn-19-1-1-6,1,19,1,1,6
mn-1-19-5-2-1,mn-19-5-2-1,1,19,5,2,1
mn-1-19-5-2-2,mn-19-5-2-2,1,19,5,2,2
mn-1-19-5-2-3,mn-19-5-2-3,1,19,5,2,3
mn-1-20-1-1-1,mn-20-1-1-1,1,20,1,1,1
mn-1-20-1-1-2,mn-20-1-1-2,1,20,1,1,2
mn-1-20-1-1-3,mn-20-1-1-3,1,20,1,1,3
mn-1-20-1-1-4,mn-20-1-1-4,1,20,1,1,4
mn-1-20-1-1-5,mn-20-1-1-5,1,20,1,1,5
mn-1-20-1-1-6,mn-20-1-1-6,1,20,1,1,6
mn-1-20-5-2-1,mn-20-5-2-1,1,20,5,2,1
mn-1-20-5-2-2,mn-20-5-2-2,1,20,5,2,2
mn-1-20-5-2-3,mn-20-5-2-3,1,20,5,2,3
mn-1-21-1-1-1,mn-21-1-1-1,1,21,1,1,1
mn-1-21-1-1-2,mn-21-1-1-2,1,21,1,1,2
mn-1-21-1-1-3,mn-21-1-1-3,1,21,1,1,3
mn-1-21-1-1-4,mn-21-1-1-4,1,21,1,1,4
mn-1-21-1-1-5,mn-21-1-1-5,1,21,1,1,5
mn-1-21-1-1-6,mn-21-1-1-6,1,21,1,1,6
mn-1-21-1-1-7,mn-21-1-1-7,1,21,1,1,7
mn-1-21-5-2-1,mn-21-5-2-1,1,21,5,2,1
mn-1-21-5-2-2,mn-21-5-2-2,1,21,5,2,2
mn-1-21-5-2-3,mn-21-5-2-3,1,21,5,2,3
mn-1-21-5-2-4,mn-21-5-2-4,1,21,5,2,4
mn-1-21-5-2-5,mn-21-5-2-5,1,21,5,2,5
mn-1-21-5-2-6,mn-21-5-2-6,1,21,5,2,6
mn-1-22-1-1-1,mn-22-1-1-1,1,22,1,1,1
mn-1-22-1-1-2,mn-22-1-1-2,1,22,1,1,2
mn-1-22-5-2-1,mn-22-5-2-1,1,22,5,2,1
mn-1-22-5-2-2,mn-22-5-2-2,1,22,5,2,2
mn-1-22-5-2-3,mn-22-5-2-3,1,22,5,2,3
mn-1-22-5-2-4,mn-22-5-2-4,1,22,5,2,4
mn-1-22-5-2-5,mn-22-5-2-5,1,22,5,2,5
mn-1-23-1-1-1,mn-23-1-1-1,1,23,1,1,1
mn-1-23-5-2-1,mn-23-5-2-1,1,23,5,2,1
mn-1-23-5-2-2,mn-23-5-2-2,1,23,5,2,2
mn-1-23-5-2-3,mn-23-5-2-3,1,23,5,2,3
mn-1-23-5-2-4,mn-23-5-2-4,1,23,5,2,4
mn-1-24-1-1-1,mn-24-1-1-1,1,24,1,1,1
mn-1-24-5-2-1,mn-24-5-2-1,1,24,5,2,1
mn-1-24-5-2-2,mn-24-5-2-2,1,24,5,2,2
mn-1-24-5-2-3,mn-24-5-2-3,1,24,5,2,3
mn-1-24-5-2-4,mn-24-5-2-4,1,24,5,2,4
mn-1-25-1-1-1,mn-25-1-1-1,1,25,1,1,1
mn-1-25-1-1-2,mn-25-1-1-2,1,25,1,1,2
mn-1-25-1-1-3,mn-25-1-1-3,1,25,1,1,3
mn-1-25-1-1-4,mn-25-1-1-4,1,25,1,1,4
mn-1-25-1-1-5,mn-25-1-1-5,1,25,1,1,5
mn-1-25-1-1-6,mn-25-1-1-6,1,25,1,1,6
mn-1-25-1-1-7,mn-25-1-1-7,1,25,1,1,7
mn-1-25-5-2-1,mn-25-5-2-1,1,25,5,2,1
mn-1-25-5-2-2,mn-25-5-2-2,1,25,5,2,2
mn-1-26-1-1-1,mn-26-1-1-1,1,26,1,1,1
mn-1-26-1-1-2,mn-26-1-1-2,1,26,1,1,2
mn-1-26-1-1-3,mn-26-1-1-3,1,26,1,1,3
mn-1-26-1-1-4,mn-26-1-1-4,1,26,1,1,4
mn-1-26-1-1-5,mn-26-1-1-5,1,26,1,1,5
mn-1-26-5-2-1,mn-26-5-2-1,1,26,5,2,1
mn-1-26-5-2-2,mn-26-5-2-2,1,26,5,2,2
mn-1-26-5-2-3,mn-26-5-2-3,1,26,5,2,3
mn-1-26-5-2-4,mn-26-5-2-4,1,26,5,2,4
mn-1-27-1-1-1,mn-27-1-1-1,1,27,1,1,1
mn-1-27-1-1-2,mn-27-1-1-2,1,27,1,1,2
mn-1-27-2-1-1,mn-27-2-1-1,1,27,2,1,1
mn-1-27-2-1-2,mn-27-2-1-2,1,27,2,1,2
mn-1-27-2-1-3,mn-27-2-1-3,1,27,2,1,3
mn-1-27-2-1-4,mn-27-2-1-4,1,27,2,1,4
mn-1-27-5-2-1,mn-27-5-2-1,1,27,5,2,1
mn-1-27-5-2-2,mn-27-5-2-2,1,27,5,2,2
mn-1-27-5-2-3,mn-27-5-2-3,1,27,5,2,3
mn-1-27-5-2-4,mn-27-5-2-4,1,27,5,2,4
mn-1-28-1-1-1,mn-28-1-1-1,1,28,1,1,1
mn-1-28-1-1-2,mn-28-1-1-2,1,28,1,1,2
mn-1-28-2-1-1,mn-28-2-1-1,1,28,2,1,1
mn-1-28-5-2-1,mn-28-5-2-1,1,28,5,2,1
mn-1-28-5-2-2,mn-28-5-2-2,1,28,5,2,2
mn-1-28-5-2-3,mn-28-5-2-3,1,28,5,2,3
mn-1-28-5-2-4,mn-28-5-2-4,1,28,5,2,4
mn-1-29-1-1-1,mn-29-1-1-1,1,29,1,1,1
mn-1-29-1-1-2,mn-29-1-1-2,1,29,1,1,2
mn-1-29-1-1-3,mn-29-1-1-3,1,29,1,1,3
mn-1-29-1-1-4,mn-29-1-1-4,1,29,1,1,4
mn-1-29-2-1-1,mn-29-2-1-1,1,29,2,1,1
mn-1-29-2-1-2,mn-29-2-1-2,1,29,2,1,2
mn-1-29-2-1-3,mn-29-2-1-3,1,29,2,1,3
mn-1-29-2-1-4,mn-29-2-1-4,1,29,2,1,4
mn-1-29-5-2-1,mn-29-5-2-1,1,29,5,2,1
mn-1-29-5-2-2,mn-29-5-2-2,1,29,5,2,2
mn-1-30-1-1-1,mn-30-1-1-1,1,30,1,1,1
mn-1-30-1-1-2,mn-30-1-1-2,1,30,1,1,2
mn-1-30-1-1-3,mn-30-1-1-3,1,30,1,1,3
mn-1-30-1-1-4,mn-30-1-1-4,1,30,1,1,4
mn-1-30-2-1-1,mn-30-2-1-1,1,30,2,1,1
mn-1-30-2-1-2,mn-30-2-1-2,1,30,2,1,2
mn-1-30-2-1-3,mn-30-2-1-3,1,30,2,1,3
mn-1-30-5-2-1,mn-30-5-2-1,1,30,5,2,1
mn-1-30-5-2-2,mn-30-5-2-2,1,30,5,2,2
mn-1-30-5-2-3,mn-30-5-2-3,1,30,5,2,3
mn-1-30-5-2-4,mn-30-5-2-4,1,30,5,2,4
mn-1-31-1-1-1,mn-31-1-1-1,1,31,1,1,1
mn-1-31-1-1-2,mn-31-1-1-2,1,31,1,1,2
mn-1-31-1-1-3,mn-31-1-1-3,1,31,1,1,3
mn-1-31-1-1-4,mn-31-1-1-4,1,31,1,1,4
mn-1-31-1-1-5,mn-31-1-1-5,1,31,1,1,5
mn-1-31-1-1-6,mn-31-1-1-6,1,31,1,1,6
mn-1-31-5-2-1,mn-31-5-2-1,1,31,5,2,1
mn-1-31-5-2-2,mn-31-5-2-2,1,31,5,2,2
mn-1-32-1-1-1,mn-32-1-1-1,1,32,1,1,1
mn-1-32-1-1-2,mn-32-1-1-2,1,32,1,1,2
mn-1-32-1-1-3,mn-32-1-1-3,1,32,1,1,3
mn-1-32-1-1-4,mn-32-1-1-4,1,32,1,1,4
mn-1-32-5-2-1,mn-32-5-2-1,1,32,5,2,1
mn-1-32-5-2-2,mn-32-5-2-2,1,32,5,2,2
mn-1-32-5-2-3,mn-32-5-2-3,1,32,5,2,3
mn-1-32-5-2-4,mn-32-5-2-4,1,32,5,2,4
mn-1-32-5-2-5,mn-32-5-2-5,1,32,5,2,5
mn-1-32-5-2-6,mn-32-5-2-6,1,32,5,2,6
mn-1-32-5-2-7,mn-32-5-2-7,1,32,5,2,7
mn-1-32-5-2-8,mn-32-5-2-8,1,32,5,2,8
mn-1-32-5-1-1,mn-32-5-1-1,1,32,5,1,1
mn-1-32-5-1-2,mn-32-5-1-2,1,32,5,1,2
mn-1-32-5-1-3,mn-32-5-1-3,1,32,5,1,3
mn-1-32-5-1-4,mn-32-5-1-4,1,32,5,1,4
mn-1-33-1-1-1,mn-33-1-1-1,1,33,1,1,1
mn-1-33-5-1-1,mn-33-5-1-1,1,33,5,1,1
mn-1-33-5-1-2,mn-33-5-1-2,1,33,5,1,2
mn-1-33-5-1-3,mn-33-5-1-3,1,33,5,1,3
mn-1-33-5-1-4,mn-33-5-1-4,1,33,5,1,4
mn-1-34-1-1-1,mn-34-1-1-1,1,34,1,1,1
mn-1-34-1-1-2,mn-34-1-1-2,1,34,1,1,2
mn-1-34-1-1-3,mn-34-1-1-3,1,34,1,1,3
mn-1-34-1-1-4,mn-34-1-1-4,1,34,1,1,4
mn-1-34-1-1-5,mn-34-1-1-5,1,34,1,1,5
mn-1-34-1-1-6,mn-34-1-1-6,1,34,1,1,6
mn-1-34-1-1-7,mn-34-1-1-7,1,34,1,1,7
mn-1-34-1-1-8,mn-34-1-1-8,1,34,1,1,8
mn-1-34-1-1-9,mn-34-1-1-9,1,34,1,1,9
mn-1-34-1-1-10,mn-34-1-1-10,1,34,1,1,10
mn-1-34-1-1-11,mn-34-1-1-11,1,34,1,1,11
mn-1-34-1-1-12,mn-34-1-1-12,1,34,1,1,12
mn-1-34-5-2-1,mn-34-5-2-1,1,34,5,2,1
mn-1-34-5-2-2,mn-34-5-2-2,1,34,5,2,2
mn-1-34-5-2-3,mn-34-5-2-3,1,34,5,2,3
mn-1-34-5-2-4,mn-34-5-2-4,1,34,5,2,4
mn-1-35-1-1-1,mn-35-1-1-1,1,35,1,1,1
mn-1-35-1-1-2,mn-35-1-1-2,1,35,1,1,2
mn-1-35-1-1-3,mn-35-1-1-3,1,35,1,1,3
mn-1-35-1-1-4,mn-35-1-1-4,1,35,1,1,4
mn-1-35-5-2-1,mn-35-5-2-1,1,35,5,2,1
mn-1-35-5-2-2,mn-35-5-2-2,1,35,5,2,2
mn-1-35-5-2-3,mn-35-5-2-3,1,35,5,2,3
mn-1-35-5-2-4,mn-35-5-2-4,1,35,5,2,4
mn-1-36-1-1-1,mn-36-1-1-1,1,36,1,1,1
mn-1-36-1-1-2,mn-36-1-1-2,1,36,1,1,2
mn-1-36-5-2-1,mn-36-5-2-1,1,36,5,2,1
mn-1-36-5-2-2,mn-36-5-2-2,1,36,5,2,2
mn-1-36-5-2-3,mn-36-5-2-3,1,36,5,2,3
mn-1-36-5-2-4,mn-36-5-2-4,1,36,5,2,4
mn-1-36-5-2-5,mn-36-5-2-5,1,36,5,2,5
mn-1-36-5-2-6,mn-36-5-2-6,1,36,5,2,6
mn-1-36-5-2-7,mn-36-5-2-7,1,36,5,2,7
mn-1-36-5-1-1,mn-36-5-1-1,1,36,5,1,1
mn-1-36-5-1-2,mn-36-5-1-2,1,36,5,1,2
mn-1-36-5-1-3,mn-36-5-1-3,1,36,5,1,3
mn-1-36-5-1-4,mn-36-5-1-4,1,36,5,1,4
mn-1-36-5-1-5,mn-36-5-1-5,1,36,5,1,5
mn-1-37-1-1-1,mn-37-1-1-1,1,37,1,1,1
mn-1-37-5-1-1,mn-37-5-1-1,1,37,5,1,1
mn-1-37-5-1-2,mn-37-5-1-2,1,37,5,1,2
mn-1-37-5-1-3,mn-37-5-1-3,1,37,5,1,3
mn-1-37-5-1-4,mn-37-5-1-4,1,37,5,1,4
mn-1-38-1-1-1,mn-38-1-1-1,1,38,1,1,1
mn-1-38-1-1-2,mn-38-1-1-2,1,38,1,1,2
mn-1-38-1-1-3,mn-38-1-1-3,1,38,1,1,3
mn-1-38-1-1-4,mn-38-1-1-4,1,38,1,1,4
mn-1-38-1-1-5,mn-38-1-1-5,1,38,1,1,5
mn-1-38-1-1-6,mn-38-1-1-6,1,38,1,1,6
mn-1-38-1-1-7,mn-38-1-1-7,1,38,1,1,7
mn-1-38-1-1-8,mn-38-1-1-8,1,38,1,1,8
mn-1-38-1-1-9,mn-38-1-1-9,1,38,1,1,9
mn-1-38-1-1-10,mn-38-1-1-10,1,38,1,1,10
mn-1-38-1-1-11,mn-38-1-1-11,1,38,1,1,11
mn-1-38-1-1-12,mn-38-1-1-12,1,38,1,1,12
mn-1-38-5-1-1,mn-38-5-1-1,1,38,5,1,1
mn-1-38-5-1-2,mn-38-5-1-2,1,38,5,1,2
mn-1-38-5-1-3,mn-38-5-1-3,1,38,5,1,3
mn-1-38-5-1-4,mn-38-5-1-4,1,38,5,1,4
mn-1-39-1-1-1,mn-39-1-1-1,1,39,1,1,1
mn-1-39-1-1-2,mn-39-1-1-2,1,39,1,1,2
mn-1-39-1-1-3,mn-39-1-1-3,1,39,1,1,3
mn-1-39-1-1-4,mn-39-1-1-4,1,39,1,1,4
mn-1-39-5-2-1,mn-39-5-2-1,1,39,5,2,1
mn-1-39-5-2-2,mn-39-5-2-2,1,39,5,2,2
mn-1-39-5-2-3,mn-39-5-2-3,1,39,5,2,3
mn-1-39-5-2-4,mn-39-5-2-4,1,39,5,2,4
mn-1-40-1-1-1,mn-40-1-1-1,1,40,1,1,1
mn-1-40-1-1-2,mn-40-1-1-2,1,40,1,1,2
mn-1-40-1-1-3,mn-40-1-1-3,1,40,1,1,3
mn-1-40-1-1-4,mn-40-1-1-4,1,40,1,1,4
mn-1-40-5-2-1,mn-40-5-2-1,1,40,5,2,1
mn-1-40-5-2-2,mn-40-5-2-2,1,40,5,2,2
mn-1-40-5-2-3,mn-40-5-2-3,1,40,5,2,3
mn-1-40-5-2-4,mn-40-5-2-4,1,40,5,2,4
mn-1-41-1-1-1,mn-41-1-1-1,1,41,1,1,1
mn-1-41-1-1-2,mn-41-1-1-2,1,41,1,1,2
mn-1-41-1-1-3,mn-41-1-1-3,1,41,1,1,3
mn-1-41-1-1-4,mn-41-1-1-4,1,41,1,1,4
mn-1-41-5-2-1,mn-41-5-2-1,1,41,5,2,1
mn-1-41-5-2-2,mn-41-5-2-2,1,41,5,2,2
mn-1-41-5-2-3,mn-41-5-2-3,1,41,5,2,3
mn-1-41-5-2-4,mn-41-5-2-4,1,41,5,2,4
mn-1-42-1-1-1,mn-42-1-1-1,1,42,1,1,1
mn-1-42-1-1-2,mn-42-1-1-2,1,42,1,1,2
mn-1-42-5-1-1,mn-42-5-1-1,1,42,5,1,1
mn-1-42-5-1-2,mn-42-5-1-2,1,42,5,1,2
mn-1-42-5-1-3,mn-42-5-1-3,1,42,5,1,3
mn-1-42-5-1-4,mn-42-5-1-4,1,42,5,1,4
mn-1-42-6-2-1,mn-42-6-2-1,1,42,6,2,1
mn-1-43-1-1-1,mn-43-1-1-1,1,43,1,1,1
mn-1-43-1-2-1,mn-43-1-2-1,1,43,1,2,1
mn-1-43-5-2-1,mn-43-5-2-1,1,43,5,2,1
mn-1-43-5-2-2,mn-43-5-2-2,1,43,5,2,2
mn-1-43-5-2-3,mn-43-5-2-3,1,43,5,2,3
mn-1-43-5-2-4,mn-43-5-2-4,1,43,5,2,4
mn-1-43-6-2-1,mn-43-6-2-1,1,43,6,2,1
mn-1-44-1-2-1,mn-44-1-2-1,1,44,1,2,1
mn-1-44-1-2-2,mn-44-1-2-2,1,44,1,2,2
mn-1-44-5-2-1,mn-44-5-2-1,1,44,5,2,1
mn-1-44-5-2-2,mn-44-5-2-2,1,44,5,2,2
mn-1-44-5-2-3,mn-44-5-2-3,1,44,5,2,3
mn-1-44-5-2-4,mn-44-5-2-4,1,44,5,2,4
mn-1-44-6-2-1,mn-44-6-2-1,1,44,6,2,1
mn-1-45-1-2-1,mn-45-1-2-1,1,45,1,2,1
mn-1-45-1-2-2,mn-45-1-2-2,1,45,1,2,2
mn-1-45-5-2-1,mn-45-5-2-1,1,45,5,2,1
mn-1-45-5-2-2,mn-45-5-2-2,1,45,5,2,2
mn-1-45-5-2-3,mn-45-5-2-3,1,45,5,2,3
mn-1-45-5-2-4,mn-45-5-2-4,1,45,5,2,4
mn-1-45-6-2-1,mn-45-6-2-1,1,45,6,2,1
mn-1-46-1-2-1,mn-46-1-2-1,1,46,1,2,1
mn-1-46-1-2-2,mn-46-1-2-2,1,46,1,2,2
mn-1-46-1-1-1,mn-46-1-1-1,1,46,1,1,1
mn-1-46-5-2-1,mn-46-5-2-1,1,46,5,2,1
mn-1-46-6-2-1,mn-46-6-2-1,1,46,6,2,1
mn-1-46-6-2-2,mn-46-6-2-2,1,46,6,2,2
mn-1-46-6-2-3,mn-46-6-2-3,1,46,6,2,3
mn-1-46-6-2-4,mn-46-6-2-4,1,46,6,2,4
mn-1-47-1-1-1,mn-47-1-1-1,1,47,1,1,1
mn-1-47-5-2-1,mn-47-5-2-1,1,47,5,2,1
mn-1-47-5-2-2,mn-47-5-2-2,1,47,5,2,2
mn-1-47-5-2-3,mn-47-5-2-3,1,47,5,2,3
mn-1-47-5-2-4,mn-47-5-2-4,1,47,5,2,4
mn-1-48-1-1-1,mn-48-1-1-1,1,48,1,1,1
mn-1-48-1-1-2,mn-48-1-1-2,1,48,1,1,2
mn-1-48-1-1-3,mn-48-1-1-3,1,48,1,1,3
mn-1-48-5-2-1,mn-48-5-2-1,1,48,5,2,1
mn-1-48-5-2-2,mn-48-5-2-2,1,48,5,2,2
mn-1-48-5-2-3,mn-48-5-2-3,1,48,5,2,3
mn-1-48-5-2-4,mn-48-5-2-4,1,48,5,2,4
mn-1-49-1-1-1,mn-49-1-1-1,1,49,1,1,1
mn-1-49-1-1-2,mn-49-1-1-2,1,49,1,1,2
mn-1-49-1-1-3,mn-49-1-1-3,1,49,1,1,3
mn-1-49-1-1-4,mn-49-1-1-4,1,49,1,1,4
mn-1-49-5-2-1,mn-49-5-2-1,1,49,5,2,1
mn-1-50-1-1-1,mn-50-1-1-1,1,50,1,1,1
mn-1-50-1-1-2,mn-50-1-1-2,1,50,1,1,2
mn-1-50-1-1-3,mn-50-1-1-3,1,50,1,1,3
mn-1-50-5-2-1,mn-50-5-2-1,1,50,5,2,1
mn-1-50-5-2-2,mn-50-5-2-2,1,50,5,2,2
mn-1-50-5-2-3,mn-50-5-2-3,1,50,5,2,3
mn-1-50-5-2-4,mn-50-5-2-4,1,50,5,2,4
mn-1-51-1-1-1,mn-51-1-1-1,1,51,1,1,1
mn-1-51-1-1-2,mn-51-1-1-2,1,51,1,1,2
mn-1-51-1-1-3,mn-51-1-1-3,1,51,1,1,3
mn-1-51-1-1-4,mn-51-1-1-4,1,51,1,1,4
mn-1-51-5-2-1,mn-51-5-2-1,1,51,5,2,1
mn-1-52-1-1-1,mn-52-1-1-1,1,52,1,1,1
mn-1-52-1-1-2,mn-52-1-1-2,1,52,1,1,2
mn-1-52-1-1-3,mn-52-1-1-3,1,52,1,1,3
mn-1-52-5-2-1,mn-52-5-2-1,1,52,5,2,1
mn-1-52-5-2-2,mn-52-5-2-2,1,52,5,2,2
mn-1-52-5-2-3,mn-52-5-2-3,1,52,5,2,3
mn-1-52-5-2-4,mn-52-5-2-4,1,52,5,2,4
mn-1-53-1-1-1,mn-53-1-1-1,1,53,1,1,1
mn-1-53-1-1-2,mn-53-1-1-2,1,53,1,1,2
mn-1-53-1-1-3,mn-53-1-1-3,1,53,1,1,3
mn-1-53-1-1-4,mn-53-1-1-4,1,53,1,1,4
mn-1-53-5-2-1,mn-53-5-2-1,1,53,5,2,1
mn-1-54-1-1-1,mn-54-1-1-1,1,54,1,1,1
mn-1-54-5-2-1,mn-54-5-2-1,1,54,5,2,1
mn-1-54-5-2-2,mn-54-5-2-2,1,54,5,2,2
mn-1-54-6-2-1,mn-54-6-2-1,1,54,6,2,1
mn-1-54-7-2-1,mn-54-7-2-1,1,54,7,2,1
mn-1-54-7-2-2,mn-54-7-2-2,1,54,7,2,2
mn-1-54-8-2-1,mn-54-8-2-1,1,54,8,2,1
mn-1-54-8-2-2,mn-54-8-2-2,1,54,8,2,2
mn-1-54-8-2-3,mn-54-8-2-3,1,54,8,2,3
mn-1-55-1-1-1,mn-55-1-1-1,1,55,1,1,1
mn-1-55-1-1-2,mn-55-1-1-2,1,55,1,1,2
mn-1-55-1-1-3,mn-55-1-1-3,1,55,1,1,3
mn-1-55-1-1-4,mn-55-1-1-4,1,55,1,1,4
mn-1-55-5-2-1,mn-55-5-2-1,1,55,5,2,1
mn-1-55-6-2-1,mn-55-6-2-1,1,55,6,2,1
mn-1-55-7-2-1,mn-55-7-2-1,1,55,7,2,1
mn-1-55-8-2-1,mn-55-8-2-1,1,55,8,2,1
mn-1-56-1-1-1,mn-56-1-1-1,1,56,1,1,1
mn-1-56-1-1-2,mn-56-1-1-2,1,56,1,1,2
mn-1-56-1-1-3,mn-56-1-1-3,1,56,1,1,3
mn-1-56-1-1-4,mn-56-1-1-4,1,56,1,1,4
mn-1-56-5-2-1,mn-56-5-2-1,1,56,5,2,1
mn-1-56-6-2-1,mn-56-6-2-1,1,56,6,2,1
mn-1-56-7-2-1,mn-56-7-2-1,1,56,7,2,1
mn-1-56-8-2-1,mn-56-8-2-1,1,56,8,2,1
mn-1-57-1-1-1,mn-57-1-1-1,1,57,1,1,1
mn-1-57-1-1-2,mn-57-1-1-2,1,57,1,1,2
mn-1-57-1-1-3,mn-57-1-1-3,1,57,1,1,3
mn-1-57-1-1-4,mn-57-1-1-4,1,57,1,1,4
mn-1-57-5-2-1,mn-57-5-2-1,1,57,5,2,1
mn-1-57-6-2-1,mn-57-6-2-1,1,57,6,2,1
mn-1-57-8-2-1,mn-57-8-2-1,1,57,8,2,1
mn-1-57-8-2-2,mn-57-8-2-2,1,57,8,2,2
mn-1-58-1-1-1,mn-58-1-1-1,1,58,1,1,1
mn-1-58-1-1-2,mn-58-1-1-2,1,58,1,1,2
mn-1-58-1-1-3,mn-58-1-1-3,1,58,1,1,3
mn-1-58-5-2-1,mn-58-5-2-1,1,58,5,2,1
mn-1-58-5-2-2,mn-58-5-2-2,1,58,5,2,2
mn-1-58-5-2-3,mn-58-5-2-3,1,58,5,2,3
mn-1-58-5-2-4,mn-58-5-2-4,1,58,5,2,4
mn-1-58-5-2-5,mn-58-5-2-5,1,58,5,2,5
mn-1-58-5-2-6,mn-58-5-2-6,1,58,5,2,6
mn-1-58-5-2-7,mn-58-5-2-7,1,58,5,2,7
mn-1-58-5-2-8,mn-58-5-2-8,1,58,5,2,8
mn-1-58-5-2-9,mn-58-5-2-9,1,58,5,2,9
mn-1-58-5-2-10,mn-58-5-2-10,1,58,5,2,10
mn-1-58-5-2-11,mn-58-5-2-11,1,58,5,2,11
mn-1-58-5-2-12,mn-58-5-2-12,1,58,5,2,12
mn-1-59-1-1-1,mn-59-1-1-1,1,59,1,1,1
mn-1-59-1-1-2,mn-59-1-1-2,1,59,1,1,2
mn-1-59-1-1-3,mn-59-1-1-3,1,59,1,1,3
mn-1-59-1-1-4,mn-59-1-1-4,1,59,1,1,4
mn-1-59-5-2-1,mn-59-5-2-1,1,59,5,2,1
mn-1-59-5-2-2,mn-59-5-2-2,1,59,5,2,2
mn-1-59-5-2-3,mn-59-5-2-3,1,59,5,2,3
mn-1-59-5-2-4,mn-59-5-2-4,1,59,5,2,4
mn-1-59-5-2-5,mn-59-5-2-5,1,59,5,2,5
mn-1-59-5-2-6,mn-59-5-2-6,1,59,5,2,6
mn-1-59-5-2-7,mn-59-5-2-7,1,59,5,2,7
mn-1-59-5-2-8,mn-59-5-2-8,1,59,5,2,8
mn-1-59-5-2-9,mn-59-5-2-9,1,59,5,2,9
mn-1-59-5-2-10,mn-59-5-2-10,1,59,5,2,10
mn-1-59-5-2-11,mn-59-5-2-11,1,59,5,2,11
mn-1-59-5-2-12,mn-59-5-2-12,1,59,5,2,12
mn-1-60-1-1-1,mn-60-1-1-1,1,60,1,1,1
mn-1-60-1-1-2,mn-60-1-1-2,1,60,1,1,2
mn-1-60-1-1-3,mn-60-1-1-3,1,60,1,1,3
mn-1-60-1-1-4,mn-60-1-1-4,1,60,1,1,4
mn-1-60-5-2-1,mn-60-5-2-1,1,60,5,2,1
mn-1-60-5-2-2,mn-60-5-2-2,1,60,5,2,2
mn-1-60-5-2-3,mn-60-5-2-3,1,60,5,2,3
mn-1-60-5-2-4,mn-60-5-2-4,1,60,5,2,4
mn-1-60-5-2-5,mn-60-5-2-5,1,60,5,2,5
mn-1-60-5-2-6,mn-60-5-2-6,1,60,5,2,6
mn-1-60-5-2-7,mn-60-5-2-7,1,60,5,2,7
mn-1-60-5-2-8,mn-60-5-2-8,1,60,5,2,8
mn-1-60-5-2-9,mn-60-5-2-9,1,60,5,2,9
mn-1-60-5-2-10,mn-60-5-2-10,1,60,5,2,10
mn-1-60-5-2-11,mn-60-5-2-11,1,60,5,2,11
mn-1-60-5-2-12,mn-60-5-2-12,1,60,5,2,12
mn-1-61-1-1-1,mn-61-1-1-1,1,61,1,1,1
mn-1-61-1-1-2,mn-61-1-1-2,1,61,1,1,2
mn-1-61-5-2-1,mn-61-5-2-1,1,61,5,2,1
mn-1-61-5-2-2,mn-61-5-2-2,1,61,5,2,2
mn-1-61-5-2-3,mn-61-5-2-3,1,61,5,2,3
mn-1-61-5-2-4,mn-61-5-2-4,1,61,5,2,4
mn-1-61-5-2-5,mn-61-5-2-5,1,61,5,2,5
mn-1-61-5-2-6,mn-61-5-2-6,1,61,5,2,6
mn-1-61-5-2-7,mn-61-5-2-7,1,61,5,2,7
mn-1-61-5-2-8,mn-61-5-2-8,1,61,5,2,8
mn-1-61-5-2-9,mn-61-5-2-9,1,61,5,2,9
mn-1-61-5-2-10,mn-61-5-2-10,1,61,5,2,10
mn-1-61-5-2-11,mn-61-5-2-11,1,61,5,2,11
mn-1-61-5-2-12,mn-61-5-2-12,1,61,5,2,12
mn-1-62-1-1-1,mn-62-1-1-1,1,62,1,1,1
mn-1-62-1-1-2,mn-62-1-1-2,1,62,1,1,2
mn-1-62-5-2-1,mn-62-5-2-1,1,62,5,2,1
mn-1-62-5-2-2,mn-62-5-2-2,1,62,5,2,2
mn-1-62-5-2-3,mn-62-5-2-3,1,62,5,2,3
mn-1-62-5-2-4,mn-62-5-2-4,1,62,5,2,4
mn-1-62-5-2-5,mn-62-5-2-5,1,62,5,2,5
mn-1-62-5-2-6,mn-62-5-2-6,1,62,5,2,6
mn-1-62-5-2-7,mn-62-5-2-7,1,62,5,2,7
mn-1-62-5-2-8,mn-62-5-2-8,1,62,5,2,8
mn-1-62-5-2-9,mn-62-5-2-9,1,62,5,2,9
mn-1-62-5-2-10,mn-62-5-2-10,1,62,5,2,10
mn-1-62-5-2-11,mn-62-5-2-11,1,62,5,2,11
mn-1-62-5-2-12,mn-62-5-2-12,1,62,5,2,12
mn-1-63-1-1-1,mn-63-1-1-1,1,63,1,1,1
mn-1-63-1-1-2,mn-63-1-1-2,1,63,1,1,2
mn-1-63-1-1-3,mn-63-1-1-3,1,63,1,1,3
mn-1-63-1-1-4,mn-63-1-1-4,1,63,1,1,4
mn-1-63-5-2-1,mn-63-5-2-1,1,63,5,2,1
mn-1-63-5-2-2,mn-63-5-2-2,1,63,5,2,2
mn-1-63-5-2-3,mn-63-5-2-3,1,63,5,2,3
mn-1-63-5-2-4,mn-63-5-2-4,1,63,5,2,4
mn-1-63-5-2-5,mn-63-5-2-5,1,63,5,2,5
mn-1-63-5-2-6,mn-63-5-2-6,1,63,5,2,6
mn-1-63-5-2-7,mn-63-5-2-7,1,63,5,2,7
mn-1-63-5-2-8,mn-63-5-2-8,1,63,5,2,8
mn-1-63-5-2-9,mn-63-5-2-9,1,63,5,2,9
mn-1-63-5-2-10,mn-63-5-2-10,1,63,5,2,10
mn-1-63-5-2-11,mn-63-5-2-11,1,63,5,2,11
mn-1-63-5-2-12,mn-63-5-2-12,1,63,5,2,12
mn-1-64-1-1-1,mn-64-1-1-1,1,64,1,1,1
mn-1-64-1-1-2,mn-64-1-1-2,1,64,1,1,2
mn-1-64-1-1-3,mn-64-1-1-3,1,64,1,1,3
mn-1-64-1-1-4,mn-64-1-1-4,1,64,1,1,4
mn-1-64-5-2-1,mn-64-5-2-1,1,64,5,2,1
mn-1-64-5-2-2,mn-64-5-2-2,1,64,5,2,2
mn-1-64-5-2-3,mn-64-5-2-3,1,64,5,2,3
mn-1-64-5-2-4,mn-64-5-2-4,1,64,5,2,4
mn-1-64-5-2-5,mn-64-5-2-5,1,64,5,2,5
mn-1-64-5-2-6,mn-64-5-2-6,1,64,5,2,6
mn-1-64-5-2-7,mn-64-5-2-7,1,64,5,2,7
mn-1-64-5-2-8,mn-64-5-2-8,1,64,5,2,8
mn-1-64-5-2-9,mn-64-5-2-9,1,64,5,2,9
mn-1-64-5-2-10,mn-64-5-2-10,1,64,5,2,10
mn-1-64-5-2-11,mn-64-5-2-11,1,64,5,2,11
mn-1-64-5-2-12,mn-64-5-2-12,1,64,5,2,12
mn-1-65-1-1-1,mn-65-1-1-1,1,65,1,1,1
mn-1-65-1-1-2,mn-65-1-1-2,1,65,1,1,2
mn-1-65-5-2-1,mn-65-5-2-1,1,65,5,2,1
mn-1-65-5-2-2,mn-65-5-2-2,1,65,5,2,2
mn-1-65-5-2-3,mn-65-5-2-3,1,65,5,2,3
mn-1-65-5-2-4,mn-65-5-2-4,1,65,5,2,4
mn-1-65-5-2-5,mn-65-5-2-5,1,65,5,2,5
mn-1-65-5-2-6,mn-65-5-2-6,1,65,5,2,6
mn-1-65-5-2-7,mn-65-5-2-7,1,65,5,2,7
mn-1-65-5-2-8,mn-65-5-2-8,1,65,5,2,8
mn-1-65-5-2-9,mn-65-5-2-9,1,65,5,2,9
mn-1-65-5-2-10,mn-65-5-2-10,1,65,5,2,10
mn-1-65-5-2-11,mn-65-5-2-11,1,65,5,2,11
mn-1-65-5-2-12,mn-65-5-2-12,1,65,5,2,12
mn-1-66-1-1-1,mn-66-1-1-1,1,66,1,1,1
mn-1-66-1-1-2,mn-66-1-1-2,1,66,1,1,2
mn-1-66-5-2-1,mn-66-5-2-1,1,66,5,2,1
mn-1-66-5-2-2,mn-66-5-2-2,1,66,5,2,2
mn-1-66-5-2-3,mn-66-5-2-3,1,66,5,2,3
mn-1-66-5-2-4,mn-66-5-2-4,1,66,5,2,4
mn-1-66-5-2-5,mn-66-5-2-5,1,66,5,2,5
mn-1-66-5-2-6,mn-66-5-2-6,1,66,5,2,6
mn-1-66-5-2-7,mn-66-5-2-7,1,66,5,2,7
mn-1-66-5-2-8,mn-66-5-2-8,1,66,5,2,8
mn-1-66-5-2-9,mn-66-5-2-9,1,66,5,2,9
mn-1-66-5-2-10,mn-66-5-2-10,1,66,5,2,10
mn-1-66-5-2-11,mn-66-5-2-11,1,66,5,2,11
mn-1-66-5-2-12,mn-66-5-2-12,1,66,5,2,12
mn-1-67-1-1-1,mn-67-1-1-1,1,67,1,1,1
mn-1-67-1-1-2,mn-67-1-1-2,1,67,1,1,2
mn-1-67-1-1-3,mn-67-1-1-3,1,67,1,1,3
mn-1-67-1-1-4,mn-67-1-1-4,1,67,1,1,4
mn-1-67-5-2-1,mn-67-5-2-1,1,67,5,2,1
mn-1-67-5-2-2,mn-67-5-2-2,1,67,5,2,2
mn-1-67-5-2-3,mn-67-5-2-3,1,67,5,2,3
mn-1-67-5-2-4,mn-67-5-2-4,1,67,5,2,4
mn-1-67-5-2-5,mn-67-5-2-5,1,67,5,2,5
mn-1-67-5-2-6,mn-67-5-2-6,1,67,5,2,6
mn-1-67-5-2-7,mn-67-5-2-7,1,67,5,2,7
mn-1-67-5-2-8,mn-67-5-2-8,1,67,5,2,8
mn-1-67-5-2-9,mn-67-5-2-9,1,67,5,2,9
mn-1-67-5-2-10,mn-67-5-2-10,1,67,5,2,10
mn-1-67-5-2-11,mn-67-5-2-11,1,67,5,2,11
mn-1-67-5-2-12,mn-67-5-2-12,1,67,5,2,12
mn-1-68-1-1-1,mn-68-1-1-1,1,68,1,1,1
mn-1-68-1-1-2,mn-68-1-1-2,1,68,1,1,2
mn-1-68-1-1-3,mn-68-1-1-3,1,68,1,1,3
mn-1-68-1-1-4,mn-68-1-1-4,1,68,1,1,4
mn-1-68-5-2-1,mn-68-5-2-1,1,68,5,2,1
mn-1-68-5-2-2,mn-68-5-2-2,1,68,5,2,2
mn-1-68-5-2-3,mn-68-5-2-3,1,68,5,2,3
mn-1-68-5-2-4,mn-68-5-2-4,1,68,5,2,4
mn-1-68-5-2-5,mn-68-5-2-5,1,68,5,2,5
mn-1-68-5-2-6,mn-68-5-2-6,1,68,5,2,6
mn-1-68-5-2-7,mn-68-5-2-7,1,68,5,2,7
mn-1-68-5-2-8,mn-68-5-2-8,1,68,5,2,8
mn-1-68-5-2-9,mn-68-5-2-9,1,68,5,2,9
mn-1-68-5-2-10,mn-68-5-2-10,1,68,5,2,10
mn-1-68-5-2-11,mn-68-5-2-11,1,68,5,2,11
mn-1-68-5-2-12,mn-68-5-2-12,1,68,5,2,12
mn-1-69-1-1-1,mn-69-1-1-1,1,69,1,1,1
mn-1-69-1-1-2,mn-69-1-1-2,1,69,1,1,2
mn-1-69-5-2-1,mn-69-5-2-1,1,69,5,2,1
mn-1-69-5-2-2,mn-69-5-2-2,1,69,5,2,2
mn-1-69-5-2-3,mn-69-5-2-3,1,69,5,2,3
mn-1-69-5-2-4,mn-69-5-2-4,1,69,5,2,4
mn-1-69-5-2-5,mn-69-5-2-5,1,69,5,2,5
mn-1-69-5-2-6,mn-69-5-2-6,1,69,5,2,6
mn-1-69-5-2-7,mn-69-5-2-7,1,69,5,2,7
mn-1-69-5-2-8,mn-69-5-2-8,1,69,5,2,8
mn-1-69-5-2-9,mn-69-5-2-9,1,69,5,2,9
mn-1-69-5-2-10,mn-69-5-2-10,1,69,5,2,10
mn-1-69-5-2-11,mn-69-5-2-11,1,69,5,2,11
mn-1-69-5-2-12,mn-69-5-2-12,1,69,5,2,12
mn-1-70-1-1-1,mn-70-1-1-1,1,70,1,1,1
mn-1-70-1-1-2,mn-70-1-1-2,1,70,1,1,2
mn-1-70-1-1-3,mn-70-1-1-3,1,70,1,1,3
mn-1-70-2-1-1,mn-70-2-1-1,1,70,2,1,1
mn-1-70-2-1-2,mn-70-2-1-2,1,70,2,1,2
mn-1-70-2-1-3,mn-70-2-1-3,1,70,2,1,3
mn-1-70-2-1-4,mn-70-2-1-4,1,70,2,1,4
mn-1-70-2-1-5,mn-70-2-1-5,1,70,2,1,5
mn-1-70-2-1-6,mn-70-2-1-6,1,70,2,1,6
mn-1-70-5-2-1,mn-70-5-2-1,1,70,5,2,1
mn-1-70-5-2-2,mn-70-5-2-2,1,70,5,2,2
mn-1-70-5-2-3,mn-70-5-2-3,1,70,5,2,3
mn-1-70-5-2-4,mn-70-5-2-4,1,70,5,2,4
mn-1-70-5-2-5,mn-70-5-2-5,1,70,5,2,5
mn-1-70-5-2-6,mn-70-5-2-6,1,70,5,2,6
mn-1-70-5-2-7,mn-70-5-2-7,1,70,5,2,7
mn-1-70-5-2-8,mn-70-5-2-8,1,70,5,2,8
mn-1-70-5-2-9,mn-70-5-2-9,1,70,5,2,9
mn-1-70-5-2-10,mn-70-5-2-10,1,70,5,2,10
mn-1-70-5-2-11,mn-70-5-2-11,1,70,5,2,11
mn-1-70-5-2-12,mn-70-5-2-12,1,70,5,2,12
mn-1-71-1-1-1,mn-71-1-1-1,1,71,1,1,1
mn-1-71-1-1-2,mn-71-1-1-2,1,71,1,1,2
mn-1-71-1-1-3,mn-71-1-1-3,1,71,1,1,3
mn-1-71-1-1-4,mn-71-1-1-4,1,71,1,1,4
mn-1-71-5-2-1,mn-71-5-2-1,1,71,5,2,1
mn-1-71-5-2-2,mn-71-5-2-2,1,71,5,2,2
mn-1-71-5-2-3,mn-71-5-2-3,1,71,5,2,3
mn-1-71-5-2-4,mn-71-5-2-4,1,71,5,2,4
mn-1-71-5-2-5,mn-71-5-2-5,1,71,5,2,5
mn-1-71-5-2-6,mn-71-5-2-6,1,71,5,2,6
mn-1-71-5-2-7,mn-71-5-2-7,1,71,5,2,7
mn-1-71-5-2-8,mn-71-5-2-8,1,71,5,2,8
mn-1-71-5-2-9,mn-71-5-2-9,1,71,5,2,9
mn-1-71-5-2-10,mn-71-5-2-10,1,71,5,2,10
mn-1-71-5-2-11,mn-71-5-2-11,1,71,5,2,11
mn-1-71-5-2-12,mn-71-5-2-12,1,71,5,2,12
mn-1-72-1-1-1,mn-72-1-1-1,1,72,1,1,1
mn-1-72-1-1-2,mn-72-1-1-2,1,72,1,1,2
mn-1-72-1-1-3,mn-72-1-1-3,1,72,1,1,3
mn-1-72-2-1-1,mn-72-2-1-1,1,72,2,1,1
mn-1-72-2-1-2,mn-72-2-1-2,1,72,2,1,2
mn-1-72-2-1-3,mn-72-2-1-3,1,72,2,1,3
mn-1-72-2-1-4,mn-72-2-1-4,1,72,2,1,4
mn-1-72-2-1-5,mn-72-2-1-5,1,72,2,1,5
mn-1-72-2-1-6,mn-72-2-1-6,1,72,2,1,6
mn-1-72-5-2-1,mn-72-5-2-1,1,72,5,2,1
mn-1-72-5-2-2,mn-72-5-2-2,1,72,5,2,2
mn-1-72-5-2-3,mn-72-5-2-3,1,72,5,2,3
mn-1-72-5-2-4,mn-72-5-2-4,1,72,5,2,4
mn-1-72-5-2-5,mn-72-5-2-5,1,72,5,2,5
mn-1-72-5-2-6,mn-72-5-2-6,1,72,5,2,6
mn-1-72-5-2-7,mn-72-5-2-7,1,72,5,2,7
mn-1-72-5-2-8,mn-72-5-2-8,1,72,5,2,8
mn-1-72-5-2-9,mn-72-5-2-9,1,72,5,2,9
mn-1-72-5-2-10,mn-72-5-2-10,1,72,5,2,10
mn-1-72-5-2-11,mn-72-5-2-11,1,72,5,2,11
mn-1-72-5-2-12,mn-72-5-2-12,1,72,5,2,12
mn-1-73-1-1-1,mn-73-1-1-1,1,73,1,1,1
mn-1-73-1-1-2,mn-73-1-1-2,1,73,1,1,2
mn-1-73-1-1-3,mn-73-1-1-3,1,73,1,1,3
mn-1-73-1-1-4,mn-73-1-1-4,1,73,1,1,4
mn-1-73-5-2-1,mn-73-5-2-1,1,73,5,2,1
mn-1-73-5-2-2,mn-73-5-2-2,1,73,5,2,2
mn-1-73-5-2-3,mn-73-5-2-3,1,73,5,2,3
mn-1-73-5-2-4,mn-73-5-2-4,1,73,5,2,4
mn-1-73-5-2-5,mn-73-5-2-5,1,73,5,2,5
mn-1-73-5-2-6,mn-73-5-2-6,1,73,5,2,6
mn-1-73-5-2-7,mn-73-5-2-7,1,73,5,2,7
mn-1-73-5-2-8,mn-73-5-2-8,1,73,5,2,8
mn-1-73-5-2-9,mn-73-5-2-9,1,73,5,2,9
mn-1-73-5-2-10,mn-73-5-2-10,1,73,5,2,10
mn-1-73-5-2-11,mn-73-5-2-11,1,73,5,2,11
mn-1-73-5-2-12,mn-73-5-2-12,1,73,5,2,12
mn-1-74-1-1-1,mn-74-1-1-1,1,74,1,1,1
mn-1-74-1-1-2,mn-74-1-1-2,1,74,1,1,2
mn-1-74-1-1-3,mn-74-1-1-3,1,74,1,1,3
mn-1-74-2-1-1,mn-74-2-1-1,1,74,2,1,1
mn-1-74-2-1-2,mn-74-2-1-2,1,74,2,1,2
mn-1-74-2-1-3,mn-74-2-1-3,1,74,2,1,3
mn-1-74-2-1-4,mn-74-2-1-4,1,74,2,1,4
mn-1-74-2-1-5,mn-74-2-1-5,1,74,2,1,5
mn-1-74-2-1-6,mn-74-2-1-6,1,74,2,1,6
mn-1-74-5-2-1,mn-74-5-2-1,1,74,5,2,1
mn-1-74-5-2-2,mn-74-5-2-2,1,74,5,2,2
mn-1-74-5-2-3,mn-74-5-2-3,1,74,5,2,3
mn-1-74-5-2-4,mn-74-5-2-4,1,74,5,2,4
mn-1-74-5-2-5,mn-74-5-2-5,1,74,5,2,5
mn-1-74-5-2-6,mn-74-5-2-6,1,74,5,2,6
mn-1-74-5-2-7,mn-74-5-2-7,1,74,5,2,7
mn-1-74-5-2-8,mn-74-5-2-8,1,74,5,2,8
mn-1-74-5-2-9,mn-74-5-2-9,1,74,5,2,9
mn-1-74-5-2-10,mn-74-5-2-10,1,74,5,2,10
mn-1-74-5-2-11,mn-74-5-2-11,1,74,5,2,11
mn-1-74-5-2-12,mn-74-5-2-12,1,74,5,2,12
mn-1-75-1-1-1,mn-75-1-1-1,1,75,1,1,1
mn-1-75-1-1-2,mn-75-1-1-2,1,75,1,1,2
mn-1-75-1-1-3,mn-75-1-1-3,1,75,1,1,3
mn-1-75-1-1-4,mn-75-1-1-4,1,75,1,1,4
mn-1-75-5-2-1,mn-75-5-2-1,1,75,5,2,1
mn-1-75-5-2-2,mn-75-5-2-2,1,75,5,2,2
mn-1-75-5-2-3,mn-75-5-2-3,1,75,5,2,3
mn-1-75-5-2-4,mn-75-5-2-4,1,75,5,2,4
mn-1-75-5-2-5,mn-75-5-2-5,1,75,5,2,5
mn-1-75-5-2-6,mn-75-5-2-6,1,75,5,2,6
mn-1-75-5-2-7,mn-75-5-2-7,1,75,5,2,7
mn-1-75-5-2-8,mn-75-5-2-8,1,75,5,2,8
mn-1-75-5-2-9,mn-75-5-2-9,1,75,5,2,9
mn-1-75-5-2-10,mn-75-5-2-10,1,75,5,2,10
mn-1-75-5-2-11,mn-75-5-2-11,1,75,5,2,11
mn-1-75-5-2-12,mn-75-5-2-12,1,75,5,2,12
mn-1-76-1-1-1,mn-76-1-1-1,1,76,1,1,1
mn-1-76-1-1-2,mn-76-1-1-2,1,76,1,1,2
mn-1-76-1-1-3,mn-76-1-1-3,1,76,1,1,3
mn-1-76-1-2-1,mn-76-1-2-1,1,76,1,2,1
mn-1-76-1-2-2,mn-76-1-2-2,1,76,1,2,2
mn-1-76-1-2-3,mn-76-1-2-3,1,76,1,2,3
mn-1-76-1-2-4,mn-76-1-2-4,1,76,1,2,4
mn-1-76-5-2-1,mn-76-5-2-1,1,76,5,2,1
mn-1-76-5-2-2,mn-76-5-2-2,1,76,5,2,2
mn-1-76-5-2-3,mn-76-5-2-3,1,76,5,2,3
mn-1-76-5-2-4,mn-76-5-2-4,1,76,5,2,4
mn-1-76-5-2-5,mn-76-5-2-5,1,76,5,2,5
mn-1-76-5-2-6,mn-76-5-2-6,1,76,5,2,6
mn-1-76-5-2-7,mn-76-5-2-7,1,76,5,2,7
mn-1-77-1-2-1,mn-77-1-2-1,1,77,1,2,1
mn-1-77-1-1-1,mn-77-1-1-1,1,77,1,1,1
mn-1-77-1-1-2,mn-77-1-1-2,1,77,1,1,2
mn-1-77-1-1-3,mn-77-1-1-3,1,77,1,1,3
mn-1-77-5-2-1,mn-77-5-2-1,1,77,5,2,1
mn-1-77-5-2-2,mn-77-5-2-2,1,77,5,2,2
mn-1-78-1-1-1,mn-78-1-1-1,1,78,1,1,1
mn-1-78-1-1-2,mn-78-1-1-2,1,78,1,1,2
mn-1-78-1-1-3,mn-78-1-1-3,1,78,1,1,3
mn-1-78-1-2-1,mn-78-1-2-1,1,78,1,2,1
mn-1-78-1-2-2,mn-78-1-2-2,1,78,1,2,2
mn-1-78-1-2-3,mn-78-1-2-3,1,78,1,2,3
mn-1-78-1-2-4,mn-78-1-2-4,1,78,1,2,4
mn-1-78-5-2-1,mn-78-5-2-1,1,78,5,2,1
mn-1-78-5-2-2,mn-78-5-2-2,1,78,5,2,2
mn-1-78-5-2-3,mn-78-5-2-3,1,78,5,2,3
mn-1-78-5-2-4,mn-78-5-2-4,1,78,5,2,4
mn-1-78-5-2-5,mn-78-5-2-5,1,78,5,2,5
mn-1-78-5-2-6,mn-78-5-2-6,1,78,5,2,6
mn-1-79-1-2-1,mn-79-1-2-1,1,79,1,2,1
mn-1-79-1-1-1,mn-79-1-1-1,1,79,1,1,1
mn-1-79-1-1-2,mn-79-1-1-2,1,79,1,1,2
mn-1-79-5-2-1,mn-79-5-2-1,1,79,5,2,1
mn-1-79-5-2-2,mn-79-5-2-2,1,79,5,2,2
mn-1-80-1-1-1,mn-80-1-1-1,1,80,1,1,1
mn-1-80-1-1-2,mn-80-1-1-2,1,80,1,1,2
mn-1-80-1-1-3,mn-80-1-1-3,1,80,1,1,3
mn-1-80-5-2-1,mn-80-5-2-1,1,80,5,2,1
mn-1-80-5-2-2,mn-80-5-2-2,1,80,5,2,2
mn-1-80-6-2-1,mn-80-6-2-1,1,80,6,2,1
mn-1-80-6-2-2,mn-80-6-2-2,1,80,6,2,2
mn-1-81-1-1-1,mn-81-1-1-1,1,81,1,1,1
mn-1-81-1-1-2,mn-81-1-1-2,1,81,1,1,2
mn-1-81-1-1-3,mn-81-1-1-3,1,81,1,1,3
mn-1-81-5-2-1,mn-81-5-2-1,1,81,5,2,1
mn-1-81-5-2-2,mn-81-5-2-2,1,81,5,2,2
mn-1-81-6-2-1,mn-81-6-2-1,1,81,6,2,1
mn-1-81-6-2-2,mn-81-6-2-2,1,81,6,2,2
mn-1-82-1-1-1,mn-82-1-1-1,1,82,1,1,1
mn-1-82-1-1-2,mn-82-1-1-2,1,82,1,1,2
mn-1-82-5-2-1,mn-82-5-2-1,1,82,5,2,1
mn-1-82-5-2-2,mn-82-5-2-2,1,82,5,2,2
mn-1-82-6-2-1,mn-82-6-2-1,1,82,6,2,1
mn-1-82-6-2-2,mn-82-6-2-2,1,82,6,2,2
mn-1-83-1-1-1,mn-83-1-1-1,1,83,1,1,1
mn-1-83-1-1-2,mn-83-1-1-2,1,83,1,1,2
mn-1-83-1-1-3,mn-83-1-1-3,1,83,1,1,3
mn-1-83-5-2-1,mn-83-5-2-1,1,83,5,2,1
mn-1-84-1-1-1,mn-84-1-1-1,1,84,1,1,1
mn-1-84-1-1-2,mn-84-1-1-2,1,84,1,1,2
mn-1-84-1-1-3,mn-84-1-1-3,1,84,1,1,3
mn-1-84-1-1-4,mn-84-1-1-4,1,84,1,1,4
mn-1-84-1-1-5,mn-84-1-1-5,1,84,1,1,5
mn-1-84-1-1-6,mn-84-1-1-6,1,84,1,1,6
mn-1-84-1-1-7,mn-84-1-1-7,1,84,1,1,7
mn-1-84-1-1-8,mn-84-1-1-8,1,84,1,1,8
mn-1-84-1-1-9,mn-84-1-1-9,1,84,1,1,9
mn-1-84-1-1-10,mn-84-1-1-10,1,84,1,1,10
mn-1-84-5-2-1,mn-84-5-2-1,1,84,5,2,1
mn-1-84-5-2-2,mn-84-5-2-2,1,84,5,2,2
mn-1-84-5-2-3,mn-84-5-2-3,1,84,5,2,3
mn-1-84-5-2-4,mn-84-5-2-4,1,84,5,2,4
mn-1-85-1-1-1,mn-85-1-1-1,1,85,1,1,1
mn-1-85-1-1-2,mn-85-1-1-2,1,85,1,1,2
mn-1-85-1-1-3,mn-85-1-1-3,1,85,1,1,3
mn-1-85-1-1-4,mn-85-1-1-4,1,85,1,1,4
mn-1-85-1-1-5,mn-85-1-1-5,1,85,1,1,5
mn-1-85-1-1-6,mn-85-1-1-6,1,85,1,1,6
mn-1-85-1-2-1,mn-85-1-2-1,1,85,1,2,1
mn-1-85-1-1-7,mn-85-1-1-7,1,85,1,1,7
mn-1-85-1-2-2,mn-85-1-2-2,1,85,1,2,2
mn-1-85-1-2-3,mn-85-1-2-3,1,85,1,2,3
mn-1-85-1-1-8,mn-85-1-1-8,1,85,1,1,8
mn-1-85-1-2-4,mn-85-1-2-4,1,85,1,2,4
mn-1-85-5-2-1,mn-85-5-2-1,1,85,5,2,1
mn-1-86-1-2-1,mn-86-1-2-1,1,86,1,2,1
mn-1-86-1-2-2,mn-86-1-2-2,1,86,1,2,2
mn-1-86-5-2-1,mn-86-5-2-1,1,86,5,2,1
mn-1-87-1-2-1,mn-87-1-2-1,1,87,1,2,1
mn-1-87-1-2-2,mn-87-1-2-2,1,87,1,2,2
mn-1-87-5-2-1,mn-87-5-2-1,1,87,5,2,1
mn-1-87-5-2-2,mn-87-5-2-2,1,87,5,2,2
mn-1-88-1-1-1,mn-88-1-1-1,1,88,1,1,1
mn-1-88-1-2-1,mn-88-1-2-1,1,88,1,2,1
mn-1-88-1-1-2,mn-88-1-1-2,1,88,1,1,2
mn-1-88-1-2-2,mn-88-1-2-2,1,88,1,2,2
mn-1-88-1-2-3,mn-88-1-2-3,1,88,1,2,3
mn-1-88-1-1-3,mn-88-1-1-3,1,88,1,1,3
mn-1-88-1-2-4,mn-88-1-2-4,1,88,1,2,4
mn-1-88-1-2-5,mn-88-1-2-5,1,88,1,2,5
mn-1-88-1-1-4,mn-88-1-1-4,1,88,1,1,4
mn-1-88-1-2-6,mn-88-1-2-6,1,88,1,2,6
mn-1-88-5-2-1,mn-88-5-2-1,1,88,5,2,1
mn-1-88-5-2-2,mn-88-5-2-2,1,88,5,2,2
mn-1-88-5-2-3,mn-88-5-2-3,1,88,5,2,3
mn-1-89-1-1-1,mn-89-1-1-1,1,89,1,1,1
mn-1-89-1-1-2,mn-89-1-1-2,1,89,1,1,2
mn-1-89-1-1-3,mn-89-1-1-3,1,89,1,1,3
mn-1-89-1-1-4,mn-89-1-1-4,1,89,1,1,4
mn-1-89-1-1-5,mn-89-1-1-5,1,89,1,1,5
mn-1-89-1-1-6,mn-89-1-1-6,1,89,1,1,6
mn-1-89-1-1-7,mn-89-1-1-7,1,89,1,1,7
mn-1-89-1-1-8,mn-89-1-1-8,1,89,1,1,8
mn-1-89-1-1-9,mn-89-1-1-9,1,89,1,1,9
mn-1-89-1-1-10,mn-89-1-1-10,1,89,1,1,10
mn-1-89-1-1-11,mn-89-1-1-11,1,89,1,1,11
mn-1-89-1-1-12,mn-89-1-1-12,1,89,1,1,12
mn-1-89-5-2-1,mn-89-5-2-1,1,89,5,2,1
mn-1-90-1-1-1,mn-90-1-1-1,1,90,1,1,1
mn-1-90-2-1-1,mn-90-2-1-1,1,90,2,1,1
mn-1-90-5-2-1,mn-90-5-2-1,1,90,5,2,1
mn-1-91-1-1-1,mn-91-1-1-1,1,91,1,1,1
mn-1-91-2-1-1,mn-91-2-1-1,1,91,2,1,1
mn-1-91-5-2-1,mn-91-5-2-1,1,91,5,2,1
mn-1-91-5-2-2,mn-91-5-2-2,1,91,5,2,2
mn-1-92-1-1-1,mn-92-1-1-1,1,92,1,1,1
mn-1-92-1-1-2,mn-92-1-1-2,1,92,1,1,2
mn-1-92-1-1-3,mn-92-1-1-3,1,92,1,1,3
mn-1-92-1-1-4,mn-92-1-1-4,1,92,1,1,4
mn-1-92-1-1-5,mn-92-1-1-5,1,92,1,1,5
mn-1-92-1-1-6,mn-92-1-1-6,1,92,1,1,6
mn-1-92-1-1-7,mn-92-1-1-7,1,92,1,1,7
mn-1-92-1-1-8,mn-92-1-1-8,1,92,1,1,8
mn-1-92-5-2-1,mn-92-5-2-1,1,92,5,2,1
mn-1-92-5-2-2,mn-92-5-2-2,1,92,5,2,2
mn-1-92-5-2-3,mn-92-5-2-3,1,92,5,2,3
mn-1-92-5-2-4,mn-92-5-2-4,1,92,5,2,4
mn-1-92-5-2-5,mn-92-5-2-5,1,92,5,2,5
mn-1-92-5-2-6,mn-92-5-2-6,1,92,5,2,6
mn-1-92-5-2-7,mn-92-5-2-7,1,92,5,2,7
mn-1-92-5-2-8,mn-92-5-2-8,1,92,5,2,8
mn-1-93-1-1-1,mn-93-1-1-1,1,93,1,1,1
mn-1-93-1-1-2,mn-93-1-1-2,1,93,1,1,2
mn-1-93-1-1-3,mn-93-1-1-3,1,93,1,1,3
mn-1-93-1-1-4,mn-93-1-1-4,1,93,1,1,4
mn-1-93-5-2-1,mn-93-5-2-1,1,93,5,2,1
mn-1-94-1-1-1,mn-94-1-1-1,1,94,1,1,1
mn-1-94-1-1-2,mn-94-1-1-2,1,94,1,1,2
mn-1-94-1-1-3,mn-94-1-1-3,1,94,1,1,3
mn-1-94-1-1-4,mn-94-1-1-4,1,94,1,1,4
mn-1-94-5-2-1,mn-94-5-2-1,1,94,5,2,1
mn-1-94-5-2-2,mn-94-5-2-2,1,94,5,2,2
mn-1-94-5-2-3,mn-94-5-2-3,1,94,5,2,3
mn-1-94-5-2-4,mn-94-5-2-4,1,94,5,2,4
mn-1-94-5-2-5,mn-94-5-2-5,1,94,5,2,5
mn-1-94-5-2-6,mn-94-5-2-6,1,94,5,2,6
mn-1-94-5-2-7,mn-94-5-2-7,1,94,5,2,7
mn-1-94-5-1-1,mn-94-5-1-1,1,94,5,1,1
mn-1-94-5-1-2,mn-94-5-1-2,1,94,5,1,2
mn-1-94-5-1-3,mn-94-5-1-3,1,94,5,1,3
mn-1-94-5-1-4,mn-94-5-1-4,1,94,5,1,4
mn-1-94-5-1-5,mn-94-5-1-5,1,94,5,1,5
mn-1-95-1-1-1,mn-95-1-1-1,1,95,1,1,1
mn-1-95-1-1-2,mn-95-1-1-2,1,95,1,1,2
mn-1-95-1-1-3,mn-95-1-1-3,1,95,1,1,3
mn-1-95-5-1-1,mn-95-5-1-1,1,95,5,1,1
mn-1-95-5-1-2,mn-95-5-1-2,1,95,5,1,2
mn-1-95-5-1-3,mn-95-5-1-3,1,95,5,1,3
mn-1-95-5-1-4,mn-95-5-1-4,1,95,5,1,4
mn-1-96-1-1-1,mn-96-1-1-1,1,96,1,1,1
mn-1-96-1-1-2,mn-96-1-1-2,1,96,1,1,2
mn-1-96-5-2-1,mn-96-5-2-1,1,96,5,2,1
mn-1-96-5-2-2,mn-96-5-2-2,1,96,5,2,2
mn-1-96-5-2-3,mn-96-5-2-3,1,96,5,2,3
mn-1-96-5-2-4,mn-96-5-2-4,1,96,5,2,4
mn-1-96-5-2-5,mn-96-5-2-5,1,96,5,2,5
mn-1-96-5-2-6,mn-96-5-2-6,1,96,5,2,6
mn-1-96-5-2-7,mn-96-5-2-7,1,96,5,2,7
mn-1-96-5-2-8,mn-96-5-2-8,1,96,5,2,8
mn-1-96-5-2-9,mn-96-5-2-9,1,96,5,2,9
mn-1-96-5-2-10,mn-96-5-2-10,1,96,5,2,10
mn-1-96-5-2-11,mn-96-5-2-11,1,96,5,2,11
mn-1-96-5-2-12,mn-96-5-2-12,1,96,5,2,12
mn-1-97-1-1-1,mn-97-1-1-1,1,97,1,1,1
mn-1-97-5-2-1,mn-97-5-2-1,1,97,5,2,1
mn-1-97-5-2-2,mn-97-5-2-2,1,97,5,2,2
mn-1-97-5-2-3,mn-97-5-2-3,1,97,5,2,3
mn-1-97-5-2-4,mn-97-5-2-4,1,97,5,2,4
mn-1-98-1-1-1,mn-98-1-1-1,1,98,1,1,1
mn-1-98-1-1-2,mn-98-1-1-2,1,98,1,1,2
mn-1-98-1-1-3,mn-98-1-1-3,1,98,1,1,3
mn-1-98-1-1-4,mn-98-1-1-4,1,98,1,1,4
mn-1-98-1-1-5,mn-98-1-1-5,1,98,1,1,5
mn-1-98-1-1-6,mn-98-1-1-6,1,98,1,1,6
mn-1-98-1-1-7,mn-98-1-1-7,1,98,1,1,7
mn-1-98-1-1-8,mn-98-1-1-8,1,98,1,1,8
mn-1-98-1-1-9,mn-98-1-1-9,1,98,1,1,9
mn-1-98-1-1-10,mn-98-1-1-10,1,98,1,1,10
mn-1-98-1-1-11,mn-98-1-1-11,1,98,1,1,11
mn-1-98-1-1-12,mn-98-1-1-12,1,98,1,1,12
mn-1-98-5-2-1,mn-98-5-2-1,1,98,5,2,1
mn-1-98-5-2-2,mn-98-5-2-2,1,98,5,2,2
mn-1-98-5-2-3,mn-98-5-2-3,1,98,5,2,3
mn-1-98-5-2-4,mn-98-5-2-4,1,98,5,2,4
mn-1-99-1-1-1,mn-99-1-1-1,1,99,1,1,1
mn-1-99-1-1-2,mn-99-1-1-2,1,99,1,1,2
mn-1-99-1-1-3,mn-99-1-1-3,1,99,1,1,3
mn-1-99-1-1-4,mn-99-1-1-4,1,99,1,1,4
mn-1-99-5-2-1,mn-99-5-2-1,1,99,5,2,1
mn-1-99-5-2-2,mn-99-5-2-2,1,99,5,2,2
mn-1-99-5-2-3,mn-99-5-2-3,1,99,5,2,3
mn-1-99-5-2-4,mn-99-5-2-4,1,99,5,2,4
mn-1-100-1-1-1,mn-100-1-1-1,1,100,1,1,1
mn-1-100-1-1-2,mn-100-1-1-2,1,100,1,1,2
mn-1-100-1-1-3,mn-100-1-1-3,1,100,1,1,3
mn-1-100-1-1-4,mn-100-1-1-4,1,100,1,1,4
mn-1-100-5-2-1,mn-100-5-2-1,1,100,5,2,1
mn-1-100-5-2-2,mn-100-5-2-2,1,100,5,2,2
mn-1-100-5-2-3,mn-100-5-2-3,1,100,5,2,3
mn-1-100-5-2-4,mn-100-5-2-4,1,100,5,2,4
mn-1-101-1-1-1,mn-101-1-1-1,1,101,1,1,1
mn-1-101-1-1-2,mn-101-1-1-2,1,101,1,1,2
mn-1-101-1-1-3,mn-101-1-1-3,1,101,1,1,3
mn-1-101-1-1-4,mn-101-1-1-4,1,101,1,1,4
mn-1-101-5-2-1,mn-101-5-2-1,1,101,5,2,1
mn-1-101-5-2-2,mn-101-5-2-2,1,101,5,2,2
mn-1-101-5-2-3,mn-101-5-2-3,1,101,5,2,3
mn-1-101-5-2-4,mn-101-5-2-4,1,101,5,2,4
mn-1-102-1-1-1,mn-102-1-1-1,1,102,1,1,1
mn-1-102-1-1-2,mn-102-1-1-2,1,102,1,1,2
mn-1-102-1-2-1,mn-102-1-2-1,1,102,1,2,1
mn-1-102-1-2-2,mn-102-1-2-2,1,102,1,2,2
mn-1-102-5-2-1,mn-102-5-2-1,1,102,5,2,1
mn-1-103-1-2-1,mn-103-1-2-1,1,103,1,2,1
mn-1-103-1-2-2,mn-103-1-2-2,1,103,1,2,2
mn-1-103-1-2-3,mn-103-1-2-3,1,103,1,2,3
mn-1-103-1-2-4,mn-103-1-2-4,1,103,1,2,4
mn-1-103-5-2-1,mn-103-5-2-1,1,103,5,2,1
mn-1-104-1-2-1,mn-104-1-2-1,1,104,1,2,1
mn-1-104-1-2-2,mn-104-1-2-2,1,104,1,2,2
mn-1-104-1-2-3,mn-104-1-2-3,1,104,1,2,3
mn-1-104-1-2-4,mn-104-1-2-4,1,104,1,2,4
mn-1-104-5-2-1,mn-104-5-2-1,1,104,5,2,1
mn-1-105-1-2-1,mn-105-1-2-1,1,105,1,2,1
mn-1-105-1-2-2,mn-105-1-2-2,1,105,1,2,2
mn-1-105-1-2-3,mn-105-1-2-3,1,105,1,2,3
mn-1-105-1-2-4,mn-105-1-2-4,1,105,1,2,4
mn-1-105-2-1-1,mn-105-2-1-1,1,105,2,1,1
mn-1-105-5-2-1,mn-105-5-2-1,1,105,5,2,1
mn-1-106-1-1-1,mn-106-1-1-1,1,106,1,1,1
mn-1-106-1-1-2,mn-106-1-1-2,1,106,1,1,2
mn-1-106-1-1-3,mn-106-1-1-3,1,106,1,1,3
mn-1-106-5-2-1,mn-106-5-2-1,1,106,5,2,1
mn-1-106-5-2-2,mn-106-5-2-2,1,106,5,2,2
mn-1-106-5-2-3,mn-106-5-2-3,1,106,5,2,3
mn-1-106-5-2-4,mn-106-5-2-4,1,106,5,2,4
mn-1-106-6-2-1,mn-106-6-2-1,1,106,6,2,1
mn-1-107-1-1-1,mn-107-1-1-1,1,107,1,1,1
mn-1-107-1-1-2,mn-107-1-1-2,1,107,1,1,2
mn-1-107-1-1-3,mn-107-1-1-3,1,107,1,1,3
mn-1-107-5-2-1,mn-107-5-2-1,1,107,5,2,1
mn-1-107-5-2-2,mn-107-5-2-2,1,107,5,2,2
mn-1-107-5-2-3,mn-107-5-2-3,1,107,5,2,3
mn-1-107-5-2-4,mn-107-5-2-4,1,107,5,2,4
mn-1-107-6-2-1,mn-107-6-2-1,1,107,6,2,1
mn-1-108-1-1-1,mn-108-1-1-1,1,108,1,1,1
mn-1-108-5-2-1,mn-108-5-2-1,1,108,5,2,1
mn-1-108-5-2-2,mn-108-5-2-2,1,108,5,2,2
mn-1-108-5-2-3,mn-108-5-2-3,1,108,5,2,3
mn-1-108-5-2-4,mn-108-5-2-4,1,108,5,2,4
mn-1-108-6-2-1,mn-108-6-2-1,1,108,6,2,1
mn-1-108-6-2-2,mn-108-6-2-2,1,108,6,2,2
mn-1-109-1-1-1,mn-109-1-1-1,1,109,1,1,1
mn-1-109-5-2-1,mn-109-5-2-1,1,109,5,2,1
mn-1-109-5-2-2,mn-109-5-2-2,1,109,5,2,2
mn-1-109-5-2-3,mn-109-5-2-3,1,109,5,2,3
mn-1-109-5-2-4,mn-109-5-2-4,1,109,5,2,4
mn-1-109-6-2-1,mn-109-6-2-1,1,109,6,2,1
mn-1-109-8-2-1,mn-109-8-2-1,1,109,8,2,1
mn-1-109-8-2-2,mn-109-8-2-2,1,109,8,2,2
mn-1-110-1-1-1,mn-110-1-1-1,1,110,1,1,1
mn-1-110-1-1-2,mn-110-1-1-2,1,110,1,1,2
mn-1-110-1-1-3,mn-110-1-1-3,1,110,1,1,3
mn-1-110-5-2-1,mn-110-5-2-1,1,110,5,2,1
mn-1-110-5-2-2,mn-110-5-2-2,1,110,5,2,2
mn-1-110-5-2-3,mn-110-5-2-3,1,110,5,2,3
mn-1-110-5-2-4,mn-110-5-2-4,1,110,5,2,4
mn-1-110-6-2-1,mn-110-6-2-1,1,110,6,2,1
mn-1-111-1-1-1,mn-111-1-1-1,1,111,1,1,1
mn-1-111-1-1-2,mn-111-1-1-2,1,111,1,1,2
mn-1-111-1-1-3,mn-111-1-1-3,1,111,1,1,3
mn-1-111-5-2-1,mn-111-5-2-1,1,111,5,2,1
mn-1-111-5-2-2,mn-111-5-2-2,1,111,5,2,2
mn-1-111-5-2-3,mn-111-5-2-3,1,111,5,2,3
mn-1-111-5-2-4,mn-111-5-2-4,1,111,5,2,4
mn-1-111-6-2-1,mn-111-6-2-1,1,111,6,2,1
mn-1-112-1-1-1,mn-112-1-1-1,1,112,1,1,1
mn-1-112-1-1-2,mn-112-1-1-2,1,112,1,1,2
mn-1-112-1-1-3,mn-112-1-1-3,1,112,1,1,3
mn-1-112-1-1-4,mn-112-1-1-4,1,112,1,1,4
mn-1-112-5-2-1,mn-112-5-2-1,1,112,5,2,1
mn-1-112-5-2-2,mn-112-5-2-2,1,112,5,2,2
mn-1-112-5-2-3,mn-112-5-2-3,1,112,5,2,3
mn-1-112-5-2-4,mn-112-5-2-4,1,112,5,2,4
mn-1-112-5-2-5,mn-112-5-2-5,1,112,5,2,5
mn-1-113-1-1-1,mn-113-1-1-1,1,113,1,1,1
mn-1-113-1-1-2,mn-113-1-1-2,1,113,1,1,2
mn-1-113-1-1-3,mn-113-1-1-3,1,113,1,1,3
mn-1-113-1-1-4,mn-113-1-1-4,1,113,1,1,4
mn-1-113-1-1-5,mn-113-1-1-5,1,113,1,1,5
mn-1-113-1-1-6,mn-113-1-1-6,1,113,1,1,6
mn-1-113-5-2-1,mn-113-5-2-1,1,113,5,2,1
mn-1-113-5-2-2,mn-113-5-2-2,1,113,5,2,2
mn-1-113-5-2-3,mn-113-5-2-3,1,113,5,2,3
mn-1-113-5-2-4,mn-113-5-2-4,1,113,5,2,4
mn-1-114-1-1-1,mn-114-1-1-1,1,114,1,1,1
mn-1-114-1-1-2,mn-114-1-1-2,1,114,1,1,2
mn-1-114-2-2-1,mn-114-2-2-1,1,114,2,2,1
mn-1-114-2-2-2,mn-114-2-2-2,1,114,2,2,2
mn-1-114-5-2-1,mn-114-5-2-1,1,114,5,2,1
mn-1-114-5-2-2,mn-114-5-2-2,1,114,5,2,2
mn-1-115-1-2-1,mn-115-1-2-1,1,115,1,2,1
mn-1-115-1-2-2,mn-115-1-2-2,1,115,1,2,2
mn-1-115-1-1-1,mn-115-1-1-1,1,115,1,1,1
mn-1-115-5-2-1,mn-115-5-2-1,1,115,5,2,1
mn-1-115-5-2-2,mn-115-5-2-2,1,115,5,2,2
mn-1-116-1-2-1,mn-116-1-2-1,1,116,1,2,1
mn-1-116-1-2-2,mn-116-1-2-2,1,116,1,2,2
mn-1-116-1-1-1,mn-116-1-1-1,1,116,1,1,1
mn-1-116-5-2-1,mn-116-5-2-1,1,116,5,2,1
mn-1-116-5-2-2,mn-116-5-2-2,1,116,5,2,2
mn-1-117-1-1-1,mn-117-1-1-1,1,117,1,1,1
mn-1-117-5-2-1,mn-117-5-2-1,1,117,5,2,1
mn-1-118-1-1-1,mn-118-1-1-1,1,118,1,1,1
mn-1-118-5-2-1,mn-118-5-2-1,1,118,5,2,1
mn-1-118-5-2-2,mn-118-5-2-2,1,118,5,2,2
mn-1-119-1-1-1,mn-119-1-1-1,1,119,1,1,1
mn-1-119-1-1-2,mn-119-1-1-2,1,119,1,1,2
mn-1-119-1-1-3,mn-119-1-1-3,1,119,1,1,3
mn-1-119-5-2-1,mn-119-5-2-1,1,119,5,2,1
mn-1-119-5-2-2,mn-119-5-2-2,1,119,5,2,2
mn-1-120-1-1-1,mn-120-1-1-1,1,120,1,1,1
mn-1-120-1-1-2,mn-120-1-1-2,1,120,1,1,2
mn-1-120-5-2-1,mn-120-5-2-1,1,120,5,2,1
mn-1-120-5-2-2,mn-120-5-2-2,1,120,5,2,2
mn-1-121-1-1-1,mn-121-1-1-1,1,121,1,1,1
mn-1-121-1-1-2,mn-121-1-1-2,1,121,1,1,2
mn-1-121-5-2-1,mn-121-5-2-1,1,121,5,2,1
mn-1-121-5-2-2,mn-121-5-2-2,1,121,5,2,2
mn-1-122-1-1-1,mn-122-1-1-1,1,122,1,1,1
mn-1-122-1-1-2,mn-122-1-1-2,1,122,1,1,2
mn-1-122-5-2-1,mn-122-5-2-1,1,122,5,2,1
mn-1-123-1-1-1,mn-123-1-1-1,1,123,1,1,1
mn-1-123-1-1-2,mn-123-1-1-2,1,123,1,1,2
mn-1-123-1-1-3,mn-123-1-1-3,1,123,1,1,3
mn-1-123-1-1-4,mn-123-1-1-4,1,123,1,1,4
mn-1-123-1-1-5,mn-123-1-1-5,1,123,1,1,5
mn-1-123-1-1-6,mn-123-1-1-6,1,123,1,1,6
mn-1-123-1-1-7,mn-123-1-1-7,1,123,1,1,7
mn-1-123-5-2-1,mn-123-5-2-1,1,123,5,2,1
mn-1-123-5-2-2,mn-123-5-2-2,1,123,5,2,2
mn-1-123-5-2-3,mn-123-5-2-3,1,123,5,2,3
mn-1-123-5-2-4,mn-123-5-2-4,1,123,5,2,4
mn-1-123-5-2-5,mn-123-5-2-5,1,123,5,2,5
mn-1-123-5-2-6,mn-123-5-2-6,1,123,5,2,6
mn-1-124-1-1-1,mn-124-1-1-1,1,124,1,1,1
mn-1-124-1-1-2,mn-124-1-1-2,1,124,1,1,2
mn-1-124-1-1-3,mn-124-1-1-3,1,124,1,1,3
mn-1-124-1-1-4,mn-124-1-1-4,1,124,1,1,4
mn-1-124-5-2-1,mn-124-5-2-1,1,124,5,2,1
mn-1-124-5-2-2,mn-124-5-2-2,1,124,5,2,2
mn-1-124-5-2-3,mn-124-5-2-3,1,124,5,2,3
mn-1-125-1-1-1,mn-125-1-1-1,1,125,1,1,1
mn-1-125-1-1-2,mn-125-1-1-2,1,125,1,1,2
mn-1-125-1-1-3,mn-125-1-1-3,1,125,1,1,3
mn-1-125-1-1-4,mn-125-1-1-4,1,125,1,1,4
mn-1-125-1-1-5,mn-125-1-1-5,1,125,1,1,5
mn-1-125-1-1-6,mn-125-1-1-6,1,125,1,1,6
mn-1-125-1-1-7,mn-125-1-1-7,1,125,1,1,7
mn-1-125-5-2-1,mn-125-5-2-1,1,125,5,2,1
mn-1-125-5-2-2,mn-125-5-2-2,1,125,5,2,2
mn-1-125-5-2-3,mn-125-5-2-3,1,125,5,2,3
mn-1-125-5-2-4,mn-125-5-2-4,1,125,5,2,4
mn-1-125-5-2-5,mn-125-5-2-5,1,125,5,2,5
mn-1-125-5-2-6,mn-125-5-2-6,1,125,5,2,6
mn-1-126-1-1-1,mn-126-1-1-1,1,126,1,1,1
mn-1-126-1-1-2,mn-126-1-1-2,1,126,1,1,2
mn-1-126-1-1-3,mn-126-1-1-3,1,126,1,1,3
mn-1-126-1-1-4,mn-126-1-1-4,1,126,1,1,4
mn-1-126-5-2-1,mn-126-5-2-1,1,126,5,2,1
mn-1-126-5-2-2,mn-126-5-2-2,1,126,5,2,2
mn-1-126-5-2-3,mn-126-5-2-3,1,126,5,2,3
mn-1-127-1-1-1,mn-127-1-1-1,1,127,1,1,1
mn-1-127-1-1-2,mn-127-1-1-2,1,127,1,1,2
mn-1-127-1-1-3,mn-127-1-1-3,1,127,1,1,3
mn-1-127-1-1-4,mn-127-1-1-4,1,127,1,1,4
mn-1-127-5-2-1,mn-127-5-2-1,1,127,5,2,1
mn-1-127-5-2-2,mn-127-5-2-2,1,127,5,2,2
mn-1-128-1-1-1,mn-128-1-1-1,1,128,1,1,1
mn-1-128-1-1-2,mn-128-1-1-2,1,128,1,1,2
mn-1-128-1-1-3,mn-128-1-1-3,1,128,1,1,3
mn-1-128-1-1-4,mn-128-1-1-4,1,128,1,1,4
mn-1-128-5-2-1,mn-128-5-2-1,1,128,5,2,1
mn-1-128-5-2-2,mn-128-5-2-2,1,128,5,2,2
mn-1-129-1-1-1,mn-129-1-1-1,1,129,1,1,1
mn-1-129-1-1-2,mn-129-1-1-2,1,129,1,1,2
mn-1-129-1-1-3,mn-129-1-1-3,1,129,1,1,3
mn-1-129-1-1-4,mn-129-1-1-4,1,129,1,1,4
mn-1-129-5-2-1,mn-129-5-2-1,1,129,5,2,1
mn-1-129-5-2-2,mn-129-5-2-2,1,129,5,2,2
mn-1-130-1-1-1,mn-130-1-1-1,1,130,1,1,1
mn-1-130-1-1-2,mn-130-1-1-2,1,130,1,1,2
mn-1-130-2-2-1,mn-130-2-2-1,1,130,2,2,1
mn-1-130-2-2-2,mn-130-2-2-2,1,130,2,2,2
mn-1-130-5-2-1,mn-130-5-2-1,1,130,5,2,1
mn-1-130-5-2-2,mn-130-5-2-2,1,130,5,2,2
mn-1-130-5-2-3,mn-130-5-2-3,1,130,5,2,3
mn-1-131-1-2-1,mn-131-1-2-1,1,131,1,2,1
mn-1-131-1-1-1,mn-131-1-1-1,1,131,1,1,1
mn-1-131-1-2-2,mn-131-1-2-2,1,131,1,2,2
mn-1-131-1-2-3,mn-131-1-2-3,1,131,1,2,3
mn-1-131-1-1-2,mn-131-1-1-2,1,131,1,1,2
mn-1-131-1-2-4,mn-131-1-2-4,1,131,1,2,4
mn-1-131-1-2-5,mn-131-1-2-5,1,131,1,2,5
mn-1-131-1-1-3,mn-131-1-1-3,1,131,1,1,3
mn-1-131-1-2-6,mn-131-1-2-6,1,131,1,2,6
mn-1-131-1-2-7,mn-131-1-2-7,1,131,1,2,7
mn-1-131-1-1-4,mn-131-1-1-4,1,131,1,1,4
mn-1-131-2-1-1,mn-131-2-1-1,1,131,2,1,1
mn-1-131-2-1-2,mn-131-2-1-2,1,131,2,1,2
mn-1-131-2-2-1,mn-131-2-2-1,1,131,2,2,1
mn-1-131-2-2-2,mn-131-2-2-2,1,131,2,2,2
mn-1-131-5-2-1,mn-131-5-2-1,1,131,5,2,1
mn-1-131-5-2-2,mn-131-5-2-2,1,131,5,2,2
mn-1-131-5-2-3,mn-131-5-2-3,1,131,5,2,3
mn-1-131-5-2-4,mn-131-5-2-4,1,131,5,2,4
mn-1-132-1-2-1,mn-132-1-2-1,1,132,1,2,1
mn-1-132-1-2-2,mn-132-1-2-2,1,132,1,2,2
mn-1-132-1-1-1,mn-132-1-1-1,1,132,1,1,1
mn-1-132-1-2-3,mn-132-1-2-3,1,132,1,2,3
mn-1-132-1-2-4,mn-132-1-2-4,1,132,1,2,4
mn-1-132-1-1-2,mn-132-1-1-2,1,132,1,1,2
mn-1-132-1-2-5,mn-132-1-2-5,1,132,1,2,5
mn-1-132-1-2-6,mn-132-1-2-6,1,132,1,2,6
mn-1-132-1-1-3,mn-132-1-1-3,1,132,1,1,3
mn-1-132-1-2-7,mn-132-1-2-7,1,132,1,2,7
mn-1-132-1-2-8,mn-132-1-2-8,1,132,1,2,8
mn-1-132-1-1-4,mn-132-1-1-4,1,132,1,1,4
mn-1-132-5-2-1,mn-132-5-2-1,1,132,5,2,1
mn-1-132-5-2-2,mn-132-5-2-2,1,132,5,2,2
mn-1-132-5-2-3,mn-132-5-2-3,1,132,5,2,3
mn-1-132-5-2-4,mn-132-5-2-4,1,132,5,2,4
mn-1-132-5-2-5,mn-132-5-2-5,1,132,5,2,5
mn-1-132-5-2-6,mn-132-5-2-6,1,132,5,2,6
mn-1-133-1-2-1,mn-133-1-2-1,1,133,1,2,1
mn-1-133-1-2-2,mn-133-1-2-2,1,133,1,2,2
mn-1-133-1-1-1,mn-133-1-1-1,1,133,1,1,1
mn-1-133-1-2-3,mn-133-1-2-3,1,133,1,2,3
mn-1-133-1-2-4,mn-133-1-2-4,1,133,1,2,4
mn-1-133-1-1-2,mn-133-1-1-2,1,133,1,1,2
mn-1-133-1-2-5,mn-133-1-2-5,1,133,1,2,5
mn-1-133-1-2-6,mn-133-1-2-6,1,133,1,2,6
mn-1-133-1-1-3,mn-133-1-1-3,1,133,1,1,3
mn-1-133-1-2-7,mn-133-1-2-7,1,133,1,2,7
mn-1-133-1-2-8,mn-133-1-2-8,1,133,1,2,8
mn-1-133-1-1-4,mn-133-1-1-4,1,133,1,1,4
mn-1-133-5-2-1,mn-133-5-2-1,1,133,5,2,1
mn-1-133-5-2-2,mn-133-5-2-2,1,133,5,2,2
mn-1-133-5-1-1,mn-133-5-1-1,1,133,5,1,1
mn-1-134-1-2-1,mn-134-1-2-1,1,134,1,2,1
mn-1-134-1-2-2,mn-134-1-2-2,1,134,1,2,2
mn-1-134-1-1-1,mn-134-1-1-1,1,134,1,1,1
mn-1-134-1-2-3,mn-134-1-2-3,1,134,1,2,3
mn-1-134-1-2-4,mn-134-1-2-4,1,134,1,2,4
mn-1-134-1-1-2,mn-134-1-1-2,1,134,1,1,2
mn-1-134-1-2-5,mn-134-1-2-5,1,134,1,2,5
mn-1-134-1-2-6,mn-134-1-2-6,1,134,1,2,6
mn-1-134-1-1-3,mn-134-1-1-3,1,134,1,1,3
mn-1-134-1-2-7,mn-134-1-2-7,1,134,1,2,7
mn-1-134-1-2-8,mn-134-1-2-8,1,134,1,2,8
mn-1-134-1-1-4,mn-134-1-1-4,1,134,1,1,4
mn-1-134-5-1-1,mn-134-5-1-1,1,134,5,1,1
mn-1-134-5-1-2,mn-134-5-1-2,1,134,5,1,2
mn-1-135-1-2-1,mn-135-1-2-1,1,135,1,2,1
mn-1-135-1-2-2,mn-135-1-2-2,1,135,1,2,2
mn-1-135-1-1-1,mn-135-1-1-1,1,135,1,1,1
mn-1-135-1-2-3,mn-135-1-2-3,1,135,1,2,3
mn-1-135-1-2-4,mn-135-1-2-4,1,135,1,2,4
mn-1-135-1-1-2,mn-135-1-1-2,1,135,1,1,2
mn-1-135-1-2-5,mn-135-1-2-5,1,135,1,2,5
mn-1-135-1-2-6,mn-135-1-2-6,1,135,1,2,6
mn-1-135-1-1-3,mn-135-1-1-3,1,135,1,1,3
mn-1-135-1-2-7,mn-135-1-2-7,1,135,1,2,7
mn-1-135-1-2-8,mn-135-1-2-8,1,135,1,2,8
mn-1-135-1-1-4,mn-135-1-1-4,1,135,1,1,4
mn-1-135-5-1-1,mn-135-5-1-1,1,135,5,1,1
mn-1-135-5-1-2,mn-135-5-1-2,1,135,5,1,2
mn-1-136-1-2-1,mn-136-1-2-1,1,136,1,2,1
mn-1-136-1-2-2,mn-136-1-2-2,1,136,1,2,2
mn-1-136-1-1-1,mn-136-1-1-1,1,136,1,1,1
mn-1-136-1-2-3,mn-136-1-2-3,1,136,1,2,3
mn-1-136-1-2-4,mn-136-1-2-4,1,136,1,2,4
mn-1-136-1-1-2,mn-136-1-1-2,1,136,1,1,2
mn-1-136-1-2-5,mn-136-1-2-5,1,136,1,2,5
mn-1-136-1-2-6,mn-136-1-2-6,1,136,1,2,6
mn-1-136-1-1-3,mn-136-1-1-3,1,136,1,1,3
mn-1-136-1-2-7,mn-136-1-2-7,1,136,1,2,7
mn-1-136-1-2-8,mn-136-1-2-8,1,136,1,2,8
mn-1-136-1-1-4,mn-136-1-1-4,1,136,1,1,4
mn-1-136-5-1-1,mn-136-5-1-1,1,136,5,1,1
mn-1-136-5-1-2,mn-136-5-1-2,1,136,5,1,2
mn-1-137-1-2-1,mn-137-1-2-1,1,137,1,2,1
mn-1-137-1-2-2,mn-137-1-2-2,1,137,1,2,2
mn-1-137-1-1-1,mn-137-1-1-1,1,137,1,1,1
mn-1-137-1-2-3,mn-137-1-2-3,1,137,1,2,3
mn-1-137-1-2-4,mn-137-1-2-4,1,137,1,2,4
mn-1-137-1-2-5,mn-137-1-2-5,1,137,1,2,5
mn-1-137-1-1-2,mn-137-1-1-2,1,137,1,1,2
mn-1-137-1-2-6,mn-137-1-2-6,1,137,1,2,6
mn-1-137-1-2-7,mn-137-1-2-7,1,137,1,2,7
mn-1-137-1-2-8,mn-137-1-2-8,1,137,1,2,8
mn-1-137-1-1-3,mn-137-1-1-3,1,137,1,1,3
mn-1-137-1-2-9,mn-137-1-2-9,1,137,1,2,9
mn-1-137-1-2-10,mn-137-1-2-10,1,137,1,2,10
mn-1-137-1-2-11,mn-137-1-2-11,1,137,1,2,11
mn-1-137-1-1-4,mn-137-1-1-4,1,137,1,1,4
mn-1-137-5-1-1,mn-137-5-1-1,1,137,5,1,1
mn-1-137-5-2-1,mn-137-5-2-1,1,137,5,2,1
mn-1-137-5-2-2,mn-137-5-2-2,1,137,5,2,2
mn-1-138-1-2-1,mn-138-1-2-1,1,138,1,2,1
mn-1-138-1-2-2,mn-138-1-2-2,1,138,1,2,2
mn-1-138-1-2-3,mn-138-1-2-3,1,138,1,2,3
mn-1-138-1-1-1,mn-138-1-1-1,1,138,1,1,1
mn-1-138-1-2-4,mn-138-1-2-4,1,138,1,2,4
mn-1-138-1-2-5,mn-138-1-2-5,1,138,1,2,5
mn-1-138-1-2-6,mn-138-1-2-6,1,138,1,2,6
mn-1-138-1-1-2,mn-138-1-1-2,1,138,1,1,2
mn-1-138-1-2-7,mn-138-1-2-7,1,138,1,2,7
mn-1-138-1-2-8,mn-138-1-2-8,1,138,1,2,8
mn-1-138-1-2-9,mn-138-1-2-9,1,138,1,2,9
mn-1-138-1-1-3,mn-138-1-1-3,1,138,1,1,3
mn-1-138-1-2-10,mn-138-1-2-10,1,138,1,2,10
mn-1-138-1-2-11,mn-138-1-2-11,1,138,1,2,11
mn-1-138-1-2-12,mn-138-1-2-12,1,138,1,2,12
mn-1-138-1-1-4,mn-138-1-1-4,1,138,1,1,4
mn-1-138-5-2-1,mn-138-5-2-1,1,138,5,2,1
mn-1-138-5-2-2,mn-138-5-2-2,1,138,5,2,2
mn-1-138-5-2-3,mn-138-5-2-3,1,138,5,2,3
mn-1-138-5-2-4,mn-138-5-2-4,1,138,5,2,4
mn-1-138-5-2-5,mn-138-5-2-5,1,138,5,2,5
mn-1-138-5-2-6,mn-138-5-2-6,1,138,5,2,6
mn-1-139-1-2-1,mn-139-1-2-1,1,139,1,2,1
mn-1-139-1-2-2,mn-139-1-2-2,1,139,1,2,2
mn-1-139-1-2-3,mn-139-1-2-3,1,139,1,2,3
mn-1-139-1-1-1,mn-139-1-1-1,1,139,1,1,1
mn-1-139-1-2-4,mn-139-1-2-4,1,139,1,2,4
mn-1-139-1-2-5,mn-139-1-2-5,1,139,1,2,5
mn-1-139-1-2-6,mn-139-1-2-6,1,139,1,2,6
mn-1-139-1-1-2,mn-139-1-1-2,1,139,1,1,2
mn-1-139-1-2-7,mn-139-1-2-7,1,139,1,2,7
mn-1-139-1-2-8,mn-139-1-2-8,1,139,1,2,8
mn-1-139-1-2-9,mn-139-1-2-9,1,139,1,2,9
mn-1-139-1-1-3,mn-139-1-1-3,1,139,1,1,3
mn-1-139-1-2-10,mn-139-1-2-10,1,139,1,2,10
mn-1-139-1-2-11,mn-139-1-2-11,1,139,1,2,11
mn-1-139-1-2-12,mn-139-1-2-12,1,139,1,2,12
mn-1-139-1-1-4,mn-139-1-1-4,1,139,1,1,4
mn-1-139-5-2-1,mn-139-5-2-1,1,139,5,2,1
mn-1-139-5-2-2,mn-139-5-2-2,1,139,5,2,2
mn-1-139-5-1-1,mn-139-5-1-1,1,139,5,1,1
mn-1-140-1-2-1,mn-140-1-2-1,1,140,1,2,1
mn-1-140-1-2-2,mn-140-1-2-2,1,140,1,2,2
mn-1-140-1-2-3,mn-140-1-2-3,1,140,1,2,3
mn-1-140-1-1-1,mn-140-1-1-1,1,140,1,1,1
mn-1-140-1-2-4,mn-140-1-2-4,1,140,1,2,4
mn-1-140-1-2-5,mn-140-1-2-5,1,140,1,2,5
mn-1-140-1-2-6,mn-140-1-2-6,1,140,1,2,6
mn-1-140-1-1-2,mn-140-1-1-2,1,140,1,1,2
mn-1-140-1-2-7,mn-140-1-2-7,1,140,1,2,7
mn-1-140-1-2-8,mn-140-1-2-8,1,140,1,2,8
mn-1-140-1-2-9,mn-140-1-2-9,1,140,1,2,9
mn-1-140-1-1-3,mn-140-1-1-3,1,140,1,1,3
mn-1-140-1-2-10,mn-140-1-2-10,1,140,1,2,10
mn-1-140-1-2-11,mn-140-1-2-11,1,140,1,2,11
mn-1-140-1-2-12,mn-140-1-2-12,1,140,1,2,12
mn-1-140-1-1-4,mn-140-1-1-4,1,140,1,1,4
mn-1-140-5-1-1,mn-140-5-1-1,1,140,5,1,1
mn-1-140-5-1-2,mn-140-5-1-2,1,140,5,1,2
mn-1-141-1-2-1,mn-141-1-2-1,1,141,1,2,1
mn-1-141-1-2-2,mn-141-1-2-2,1,141,1,2,2
mn-1-141-1-2-3,mn-141-1-2-3,1,141,1,2,3
mn-1-141-1-1-1,mn-141-1-1-1,1,141,1,1,1
mn-1-141-1-2-4,mn-141-1-2-4,1,141,1,2,4
mn-1-141-1-2-5,mn-141-1-2-5,1,141,1,2,5
mn-1-141-1-2-6,mn-141-1-2-6,1,141,1,2,6
mn-1-141-1-1-2,mn-141-1-1-2,1,141,1,1,2
mn-1-141-1-2-7,mn-141-1-2-7,1,141,1,2,7
mn-1-141-1-2-8,mn-141-1-2-8,1,141,1,2,8
mn-1-141-1-2-9,mn-141-1-2-9,1,141,1,2,9
mn-1-141-1-1-3,mn-141-1-1-3,1,141,1,1,3
mn-1-141-1-2-10,mn-141-1-2-10,1,141,1,2,10
mn-1-141-1-2-11,mn-141-1-2-11,1,141,1,2,11
mn-1-141-1-2-12,mn-141-1-2-12,1,141,1,2,12
mn-1-141-1-1-4,mn-141-1-1-4,1,141,1,1,4
mn-1-141-5-1-1,mn-141-5-1-1,1,141,5,1,1
mn-1-141-5-1-2,mn-141-5-1-2,1,141,5,1,2
mn-1-142-1-2-1,mn-142-1-2-1,1,142,1,2,1
mn-1-142-1-2-2,mn-142-1-2-2,1,142,1,2,2
mn-1-142-1-2-3,mn-142-1-2-3,1,142,1,2,3
mn-1-142-1-2-4,mn-142-1-2-4,1,142,1,2,4
mn-1-142-1-2-5,mn-142-1-2-5,1,142,1,2,5
mn-1-142-1-2-6,mn-142-1-2-6,1,142,1,2,6
mn-1-142-1-2-7,mn-142-1-2-7,1,142,1,2,7
mn-1-142-1-2-8,mn-142-1-2-8,1,142,1,2,8
mn-1-142-1-2-9,mn-142-1-2-9,1,142,1,2,9
mn-1-142-1-2-10,mn-142-1-2-10,1,142,1,2,10
mn-1-142-1-2-11,mn-142-1-2-11,1,142,1,2,11
mn-1-142-1-2-12,mn-142-1-2-12,1,142,1,2,12
mn-1-142-5-1-1,mn-142-5-1-1,1,142,5,1,1
mn-1-142-5-1-2,mn-142-5-1-2,1,142,5,1,2
mn-1-143-1-2-1,mn-143-1-2-1,1,143,1,2,1
mn-1-143-1-2-2,mn-143-1-2-2,1,143,1,2,2
mn-1-143-1-2-3,mn-143-1-2-3,1,143,1,2,3
mn-1-143-1-2-4,mn-143-1-2-4,1,143,1,2,4
mn-1-143-1-2-5,mn-143-1-2-5,1,143,1,2,5
mn-1-143-1-2-6,mn-143-1-2-6,1,143,1,2,6
mn-1-143-1-2-7,mn-143-1-2-7,1,143,1,2,7
mn-1-143-1-2-8,mn-143-1-2-8,1,143,1,2,8
mn-1-143-1-2-9,mn-143-1-2-9,1,143,1,2,9
mn-1-143-1-2-10,mn-143-1-2-10,1,143,1,2,10
mn-1-143-1-2-11,mn-143-1-2-11,1,143,1,2,11
mn-1-143-1-2-12,mn-143-1-2-12,1,143,1,2,12
mn-1-143-5-1-1,mn-143-5-1-1,1,143,5,1,1
mn-1-143-5-2-1,mn-143-5-2-1,1,143,5,2,1
mn-1-143-5-2-2,mn-143-5-2-2,1,143,5,2,2
mn-1-144-1-2-1,mn-144-1-2-1,1,144,1,2,1
mn-1-144-1-2-2,mn-144-1-2-2,1,144,1,2,2
mn-1-144-1-2-3,mn-144-1-2-3,1,144,1,2,3
mn-1-144-1-2-4,mn-144-1-2-4,1,144,1,2,4
mn-1-144-1-2-5,mn-144-1-2-5,1,144,1,2,5
mn-1-144-1-2-6,mn-144-1-2-6,1,144,1,2,6
mn-1-144-1-2-7,mn-144-1-2-7,1,144,1,2,7
mn-1-144-1-2-8,mn-144-1-2-8,1,144,1,2,8
mn-1-144-1-2-9,mn-144-1-2-9,1,144,1,2,9
mn-1-144-1-2-10,mn-144-1-2-10,1,144,1,2,10
mn-1-144-1-2-11,mn-144-1-2-11,1,144,1,2,11
mn-1-144-1-2-12,mn-144-1-2-12,1,144,1,2,12
mn-1-144-5-2-1,mn-144-5-2-1,1,144,5,2,1
mn-1-144-5-2-2,mn-144-5-2-2,1,144,5,2,2
mn-1-144-5-2-3,mn-144-5-2-3,1,144,5,2,3
mn-1-144-5-2-4,mn-144-5-2-4,1,144,5,2,4
mn-1-144-5-2-5,mn-144-5-2-5,1,144,5,2,5
mn-1-144-5-2-6,mn-144-5-2-6,1,144,5,2,6
mn-1-145-1-2-1,mn-145-1-2-1,1,145,1,2,1
mn-1-145-1-2-2,mn-145-1-2-2,1,145,1,2,2
mn-1-145-1-2-3,mn-145-1-2-3,1,145,1,2,3
mn-1-145-1-2-4,mn-145-1-2-4,1,145,1,2,4
mn-1-145-1-2-5,mn-145-1-2-5,1,145,1,2,5
mn-1-145-1-2-6,mn-145-1-2-6,1,145,1,2,6
mn-1-145-1-2-7,mn-145-1-2-7,1,145,1,2,7
mn-1-145-1-2-8,mn-145-1-2-8,1,145,1,2,8
mn-1-145-1-2-9,mn-145-1-2-9,1,145,1,2,9
mn-1-145-1-2-10,mn-145-1-2-10,1,145,1,2,10
mn-1-145-1-2-11,mn-145-1-2-11,1,145,1,2,11
mn-1-145-1-2-12,mn-145-1-2-12,1,145,1,2,12
mn-1-145-5-2-1,mn-145-5-2-1,1,145,5,2,1
mn-1-145-5-2-2,mn-145-5-2-2,1,145,5,2,2
mn-1-145-5-1-1,mn-145-5-1-1,1,145,5,1,1
mn-1-146-1-2-1,mn-146-1-2-1,1,146,1,2,1
mn-1-146-1-2-2,mn-146-1-2-2,1,146,1,2,2
mn-1-146-1-2-3,mn-146-1-2-3,1,146,1,2,3
mn-1-146-1-2-4,mn-146-1-2-4,1,146,1,2,4
mn-1-146-1-2-5,mn-146-1-2-5,1,146,1,2,5
mn-1-146-1-2-6,mn-146-1-2-6,1,146,1,2,6
mn-1-146-1-2-7,mn-146-1-2-7,1,146,1,2,7
mn-1-146-1-2-8,mn-146-1-2-8,1,146,1,2,8
mn-1-146-1-2-9,mn-146-1-2-9,1,146,1,2,9
mn-1-146-1-2-10,mn-146-1-2-10,1,146,1,2,10
mn-1-146-1-2-11,mn-146-1-2-11,1,146,1,2,11
mn-1-146-1-2-12,mn-146-1-2-12,1,146,1,2,12
mn-1-146-5-1-1,mn-146-5-1-1,1,146,5,1,1
mn-1-146-5-1-2,mn-146-5-1-2,1,146,5,1,2
mn-1-147-1-2-1,mn-147-1-2-1,1,147,1,2,1
mn-1-147-1-2-2,mn-147-1-2-2,1,147,1,2,2
mn-1-147-1-2-3,mn-147-1-2-3,1,147,1,2,3
mn-1-147-1-2-4,mn-147-1-2-4,1,147,1,2,4
mn-1-147-1-2-5,mn-147-1-2-5,1,147,1,2,5
mn-1-147-1-2-6,mn-147-1-2-6,1,147,1,2,6
mn-1-147-1-2-7,mn-147-1-2-7,1,147,1,2,7
mn-1-147-1-2-8,mn-147-1-2-8,1,147,1,2,8
mn-1-147-1-2-9,mn-147-1-2-9,1,147,1,2,9
mn-1-147-1-2-10,mn-147-1-2-10,1,147,1,2,10
mn-1-147-1-2-11,mn-147-1-2-11,1,147,1,2,11
mn-1-147-1-2-12,mn-147-1-2-12,1,147,1,2,12
mn-1-147-5-1-1,mn-147-5-1-1,1,147,5,1,1
mn-1-147-5-1-2,mn-147-5-1-2,1,147,5,1,2
mn-1-148-1-2-1,mn-148-1-2-1,1,148,1,2,1
mn-1-148-1-2-2,mn-148-1-2-2,1,148,1,2,2
mn-1-148-1-2-3,mn-148-1-2-3,1,148,1,2,3
mn-1-148-1-2-4,mn-148-1-2-4,1,148,1,2,4
mn-1-148-1-2-5,mn-148-1-2-5,1,148,1,2,5
mn-1-148-1-2-6,mn-148-1-2-6,1,148,1,2,6
mn-1-148-1-2-7,mn-148-1-2-7,1,148,1,2,7
mn-1-148-1-2-8,mn-148-1-2-8,1,148,1,2,8
mn-1-148-1-2-9,mn-148-1-2-9,1,148,1,2,9
mn-1-148-1-2-10,mn-148-1-2-10,1,148,1,2,10
mn-1-148-1-2-11,mn-148-1-2-11,1,148,1,2,11
mn-1-148-1-2-12,mn-148-1-2-12,1,148,1,2,12
mn-1-148-5-1-1,mn-148-5-1-1,1,148,5,1,1
mn-1-148-5-1-2,mn-148-5-1-2,1,148,5,1,2
mn-1-149-1-2-1,mn-149-1-2-1,1,149,1,2,1
mn-1-149-1-2-2,mn-149-1-2-2,1,149,1,2,2
mn-1-149-1-2-3,mn-149-1-2-3,1,149,1,2,3
mn-1-149-1-2-4,mn-149-1-2-4,1,149,1,2,4
mn-1-149-1-2-5,mn-149-1-2-5,1,149,1,2,5
mn-1-149-1-2-6,mn-149-1-2-6,1,149,1,2,6
mn-1-149-1-2-7,mn-149-1-2-7,1,149,1,2,7
mn-1-149-1-2-8,mn-149-1-2-8,1,149,1,2,8
mn-1-149-1-2-9,mn-149-1-2-9,1,149,1,2,9
mn-1-149-1-2-10,mn-149-1-2-10,1,149,1,2,10
mn-1-149-1-2-11,mn-149-1-2-11,1,149,1,2,11
mn-1-149-1-2-12,mn-149-1-2-12,1,149,1,2,12
mn-1-149-5-2-1,mn-149-5-2-1,1,149,5,2,1
mn-1-149-5-2-2,mn-149-5-2-2,1,149,5,2,2
mn-1-149-5-2-3,mn-149-5-2-3,1,149,5,2,3
mn-1-149-5-2-4,mn-149-5-2-4,1,149,5,2,4
mn-1-149-5-2-5,mn-149-5-2-5,1,149,5,2,5
mn-1-149-5-1-1,mn-149-5-1-1,1,149,5,1,1
mn-1-150-1-2-1,mn-150-1-2-1,1,150,1,2,1
mn-1-150-1-2-2,mn-150-1-2-2,1,150,1,2,2
mn-1-150-1-2-3,mn-150-1-2-3,1,150,1,2,3
mn-1-150-1-2-4,mn-150-1-2-4,1,150,1,2,4
mn-1-150-1-2-5,mn-150-1-2-5,1,150,1,2,5
mn-1-150-1-2-6,mn-150-1-2-6,1,150,1,2,6
mn-1-150-1-2-7,mn-150-1-2-7,1,150,1,2,7
mn-1-150-1-2-8,mn-150-1-2-8,1,150,1,2,8
mn-1-150-1-2-9,mn-150-1-2-9,1,150,1,2,9
mn-1-150-1-2-10,mn-150-1-2-10,1,150,1,2,10
mn-1-150-1-2-11,mn-150-1-2-11,1,150,1,2,11
mn-1-150-1-2-12,mn-150-1-2-12,1,150,1,2,12
mn-1-150-5-1-1,mn-150-5-1-1,1,150,5,1,1
mn-1-150-5-1-2,mn-150-5-1-2,1,150,5,1,2
mn-1-151-1-2-1,mn-151-1-2-1,1,151,1,2,1
mn-1-151-1-2-2,mn-151-1-2-2,1,151,1,2,2
mn-1-151-1-2-3,mn-151-1-2-3,1,151,1,2,3
mn-1-151-1-2-4,mn-151-1-2-4,1,151,1,2,4
mn-1-151-1-2-5,mn-151-1-2-5,1,151,1,2,5
mn-1-151-1-2-6,mn-151-1-2-6,1,151,1,2,6
mn-1-151-1-2-7,mn-151-1-2-7,1,151,1,2,7
mn-1-151-1-2-8,mn-151-1-2-8,1,151,1,2,8
mn-1-151-1-2-9,mn-151-1-2-9,1,151,1,2,9
mn-1-151-1-2-10,mn-151-1-2-10,1,151,1,2,10
mn-1-151-1-2-11,mn-151-1-2-11,1,151,1,2,11
mn-1-151-1-2-12,mn-151-1-2-12,1,151,1,2,12
mn-1-151-5-1-1,mn-151-5-1-1,1,151,5,1,1
mn-1-151-5-1-2,mn-151-5-1-2,1,151,5,1,2
mn-1-152-1-2-1,mn-152-1-2-1,1,152,1,2,1
mn-1-152-1-2-2,mn-152-1-2-2,1,152,1,2,2
mn-1-152-1-2-3,mn-152-1-2-3,1,152,1,2,3
mn-1-152-1-2-4,mn-152-1-2-4,1,152,1,2,4
mn-1-152-1-2-5,mn-152-1-2-5,1,152,1,2,5
mn-1-152-1-2-6,mn-152-1-2-6,1,152,1,2,6
mn-1-152-1-2-7,mn-152-1-2-7,1,152,1,2,7
mn-1-152-1-2-8,mn-152-1-2-8,1,152,1,2,8
mn-1-152-1-2-9,mn-152-1-2-9,1,152,1,2,9
mn-1-152-1-2-10,mn-152-1-2-10,1,152,1,2,10
mn-1-152-1-2-11,mn-152-1-2-11,1,152,1,2,11
mn-1-152-1-2-12,mn-152-1-2-12,1,152,1,2,12
mn-1-152-5-1-1,mn-152-5-1-1,1,152,5,1,1
mn-1-152-5-1-2,mn-152-5-1-2,1,152,5,1,2
mn-1-153-1-2-1,mn-153-1-2-1,1,153,1,2,1
mn-1-153-1-2-2,mn-153-1-2-2,1,153,1,2,2
mn-1-153-1-2-3,mn-153-1-2-3,1,153,1,2,3
mn-1-153-1-2-4,mn-153-1-2-4,1,153,1,2,4
mn-1-153-1-2-5,mn-153-1-2-5,1,153,1,2,5
mn-1-153-1-2-6,mn-153-1-2-6,1,153,1,2,6
mn-1-153-1-2-7,mn-153-1-2-7,1,153,1,2,7
mn-1-153-1-2-8,mn-153-1-2-8,1,153,1,2,8
mn-1-153-1-2-9,mn-153-1-2-9,1,153,1,2,9
mn-1-153-1-2-10,mn-153-1-2-10,1,153,1,2,10
mn-1-153-1-2-11,mn-153-1-2-11,1,153,1,2,11
mn-1-153-1-2-12,mn-153-1-2-12,1,153,1,2,12
mn-1-153-1-2-13,mn-153-1-2-13,1,153,1,2,13
mn-1-153-1-2-14,mn-153-1-2-14,1,153,1,2,14
mn-1-153-1-2-15,mn-153-1-2-15,1,153,1,2,15
mn-1-153-1-2-16,mn-153-1-2-16,1,153,1,2,16
mn-1-153-5-2-1,mn-153-5-2-1,1,153,5,2,1
mn-1-153-5-2-2,mn-153-5-2-2,1,153,5,2,2
mn-1-153-5-2-3,mn-153-5-2-3,1,153,5,2,3
mn-1-153-5-2-4,mn-153-5-2-4,1,153,5,2,4
mn-1-153-5-2-5,mn-153-5-2-5,1,153,5,2,5
mn-1-153-5-1-1,mn-153-5-1-1,1,153,5,1,1
mn-1-154-1-2-1,mn-154-1-2-1,1,154,1,2,1
mn-1-154-1-2-2,mn-154-1-2-2,1,154,1,2,2
mn-1-154-1-2-3,mn-154-1-2-3,1,154,1,2,3
mn-1-154-1-2-4,mn-154-1-2-4,1,154,1,2,4
mn-1-154-1-2-5,mn-154-1-2-5,1,154,1,2,5
mn-1-154-1-2-6,mn-154-1-2-6,1,154,1,2,6
mn-1-154-1-2-7,mn-154-1-2-7,1,154,1,2,7
mn-1-154-1-2-8,mn-154-1-2-8,1,154,1,2,8
mn-1-154-1-2-9,mn-154-1-2-9,1,154,1,2,9
mn-1-154-1-2-10,mn-154-1-2-10,1,154,1,2,10
mn-1-154-1-2-11,mn-154-1-2-11,1,154,1,2,11
mn-1-154-1-2-12,mn-154-1-2-12,1,154,1,2,12
mn-1-154-1-2-13,mn-154-1-2-13,1,154,1,2,13
mn-1-154-1-2-14,mn-154-1-2-14,1,154,1,2,14
mn-1-154-1-2-15,mn-154-1-2-15,1,154,1,2,15
mn-1-154-1-2-16,mn-154-1-2-16,1,154,1,2,16
mn-1-154-5-1-1,mn-154-5-1-1,1,154,5,1,1
mn-1-154-5-1-2,mn-154-5-1-2,1,154,5,1,2
mn-1-155-1-2-1,mn-155-1-2-1,1,155,1,2,1
mn-1-155-1-2-2,mn-155-1-2-2,1,155,1,2,2
mn-1-155-1-2-3,mn-155-1-2-3,1,155,1,2,3
mn-1-155-1-2-4,mn-155-1-2-4,1,155,1,2,4
mn-1-155-1-2-5,mn-155-1-2-5,1,155,1,2,5
mn-1-155-1-2-6,mn-155-1-2-6,1,155,1,2,6
mn-1-155-1-2-7,mn-155-1-2-7,1,155,1,2,7
mn-1-155-1-2-8,mn-155-1-2-8,1,155,1,2,8
mn-1-155-1-2-9,mn-155-1-2-9,1,155,1,2,9
mn-1-155-1-2-10,mn-155-1-2-10,1,155,1,2,10
mn-1-155-1-2-11,mn-155-1-2-11,1,155,1,2,11
mn-1-155-1-2-12,mn-155-1-2-12,1,155,1,2,12
mn-1-155-1-2-13,mn-155-1-2-13,1,155,1,2,13
mn-1-155-1-2-14,mn-155-1-2-14,1,155,1,2,14
mn-1-155-1-2-15,mn-155-1-2-15,1,155,1,2,15
mn-1-155-1-2-16,mn-155-1-2-16,1,155,1,2,16
mn-1-155-5-1-1,mn-155-5-1-1,1,155,5,1,1
mn-1-155-5-1-2,mn-155-5-1-2,1,155,5,1,2
mn-1-156-1-2-1,mn-156-1-2-1,1,156,1,2,1
mn-1-156-1-2-2,mn-156-1-2-2,1,156,1,2,2
mn-1-156-1-2-3,mn-156-1-2-3,1,156,1,2,3
mn-1-156-1-2-4,mn-156-1-2-4,1,156,1,2,4
mn-1-156-1-2-5,mn-156-1-2-5,1,156,1,2,5
mn-1-156-1-2-6,mn-156-1-2-6,1,156,1,2,6
mn-1-156-1-2-7,mn-156-1-2-7,1,156,1,2,7
mn-1-156-1-2-8,mn-156-1-2-8,1,156,1,2,8
mn-1-156-1-2-9,mn-156-1-2-9,1,156,1,2,9
mn-1-156-1-2-10,mn-156-1-2-10,1,156,1,2,10
mn-1-156-1-2-11,mn-156-1-2-11,1,156,1,2,11
mn-1-156-1-2-12,mn-156-1-2-12,1,156,1,2,12
mn-1-156-1-2-13,mn-156-1-2-13,1,156,1,2,13
mn-1-156-1-2-14,mn-156-1-2-14,1,156,1,2,14
mn-1-156-1-2-15,mn-156-1-2-15,1,156,1,2,15
mn-1-156-1-2-16,mn-156-1-2-16,1,156,1,2,16
mn-1-156-5-1-1,mn-156-5-1-1,1,156,5,1,1
mn-1-156-5-1-2,mn-156-5-1-2,1,156,5,1,2
mn-1-157-1-2-1,mn-157-1-2-1,1,157,1,2,1
mn-1-157-1-2-2,mn-157-1-2-2,1,157,1,2,2
mn-1-157-1-2-3,mn-157-1-2-3,1,157,1,2,3
mn-1-157-1-2-4,mn-157-1-2-4,1,157,1,2,4
mn-1-157-1-2-5,mn-157-1-2-5,1,157,1,2,5
mn-1-157-1-2-6,mn-157-1-2-6,1,157,1,2,6
mn-1-157-1-2-7,mn-157-1-2-7,1,157,1,2,7
mn-1-157-1-2-8,mn-157-1-2-8,1,157,1,2,8
mn-1-157-1-2-9,mn-157-1-2-9,1,157,1,2,9
mn-1-157-1-2-10,mn-157-1-2-10,1,157,1,2,10
mn-1-157-1-2-11,mn-157-1-2-11,1,157,1,2,11
mn-1-157-1-2-12,mn-157-1-2-12,1,157,1,2,12
mn-1-157-5-1-1,mn-157-5-1-1,1,157,5,1,1
mn-1-157-5-2-1,mn-157-5-2-1,1,157,5,2,1
mn-1-158-1-2-1,mn-158-1-2-1,1,158,1,2,1
mn-1-158-1-2-2,mn-158-1-2-2,1,158,1,2,2
mn-1-158-1-2-3,mn-158-1-2-3,1,158,1,2,3
mn-1-158-1-2-4,mn-158-1-2-4,1,158,1,2,4
mn-1-158-1-2-5,mn-158-1-2-5,1,158,1,2,5
mn-1-158-1-2-6,mn-158-1-2-6,1,158,1,2,6
mn-1-158-1-2-7,mn-158-1-2-7,1,158,1,2,7
mn-1-158-1-2-8,mn-158-1-2-8,1,158,1,2,8
mn-1-158-1-2-9,mn-158-1-2-9,1,158,1,2,9
mn-1-158-1-2-10,mn-158-1-2-10,1,158,1,2,10
mn-1-158-1-2-11,mn-158-1-2-11,1,158,1,2,11
mn-1-158-1-2-12,mn-158-1-2-12,1,158,1,2,12
mn-1-158-5-2-1,mn-158-5-2-1,1,158,5,2,1
mn-1-158-5-2-2,mn-158-5-2-2,1,158,5,2,2
mn-1-159-1-2-1,mn-159-1-2-1,1,159,1,2,1
mn-1-159-1-2-2,mn-159-1-2-2,1,159,1,2,2
mn-1-159-1-2-3,mn-159-1-2-3,1,159,1,2,3
mn-1-159-1-1-1,mn-159-1-1-1,1,159,1,1,1
mn-1-159-5-2-1,mn-159-5-2-1,1,159,5,2,1
mn-1-159-5-2-2,mn-159-5-2-2,1,159,5,2,2
mn-1-159-5-2-3,mn-159-5-2-3,1,159,5,2,3
mn-1-160-1-2-1,mn-160-1-2-1,1,160,1,2,1
mn-1-160-1-2-2,mn-160-1-2-2,1,160,1,2,2
mn-1-160-1-2-3,mn-160-1-2-3,1,160,1,2,3
mn-1-160-1-1-1,mn-160-1-1-1,1,160,1,1,1
mn-1-160-5-2-1,mn-160-5-2-1,1,160,5,2,1
mn-1-160-5-2-2,mn-160-5-2-2,1,160,5,2,2
mn-1-160-5-2-3,mn-160-5-2-3,1,160,5,2,3
mn-1-160-5-2-4,mn-160-5-2-4,1,160,5,2,4
mn-1-160-5-2-5,mn-160-5-2-5,1,160,5,2,5
mn-1-161-1-2-1,mn-161-1-2-1,1,161,1,2,1
mn-1-161-1-2-2,mn-161-1-2-2,1,161,1,2,2
mn-1-161-1-2-3,mn-161-1-2-3,1,161,1,2,3
mn-1-161-1-2-4,mn-161-1-2-4,1,161,1,2,4
mn-1-161-1-2-5,mn-161-1-2-5,1,161,1,2,5
mn-1-161-1-2-6,mn-161-1-2-6,1,161,1,2,6
mn-1-161-5-2-1,mn-161-5-2-1,1,161,5,2,1
mn-1-161-5-2-2,mn-161-5-2-2,1,161,5,2,2
mn-1-161-5-2-3,mn-161-5-2-3,1,161,5,2,3
mn-1-161-5-2-4,mn-161-5-2-4,1,161,5,2,4
mn-1-161-5-2-5,mn-161-5-2-5,1,161,5,2,5
mn-1-162-1-1-1,mn-162-1-1-1,1,162,1,1,1
mn-1-162-1-1-2,mn-162-1-1-2,1,162,1,1,2
mn-1-162-1-1-3,mn-162-1-1-3,1,162,1,1,3
mn-1-162-1-1-4,mn-162-1-1-4,1,162,1,1,4
mn-1-162-5-2-1,mn-162-5-2-1,1,162,5,2,1
mn-1-162-5-2-2,mn-162-5-2-2,1,162,5,2,2
mn-1-162-5-2-3,mn-162-5-2-3,1,162,5,2,3
mn-1-162-5-2-4,mn-162-5-2-4,1,162,5,2,4
mn-1-162-5-2-5,mn-162-5-2-5,1,162,5,2,5
mn-1-163-1-1-1,mn-163-1-1-1,1,163,1,1,1
mn-1-163-1-1-2,mn-163-1-1-2,1,163,1,1,2
mn-1-163-1-1-3,mn-163-1-1-3,1,163,1,1,3
mn-1-163-1-1-4,mn-163-1-1-4,1,163,1,1,4
mn-1-163-5-2-1,mn-163-5-2-1,1,163,5,2,1
mn-1-164-1-1-1,mn-164-1-1-1,1,164,1,1,1
mn-1-164-1-1-2,mn-164-1-1-2,1,164,1,1,2
mn-1-164-2-1-1,mn-164-2-1-1,1,164,2,1,1
mn-1-164-2-1-2,mn-164-2-1-2,1,164,2,1,2
mn-1-164-2-1-3,mn-164-2-1-3,1,164,2,1,3
mn-1-164-2-1-4,mn-164-2-1-4,1,164,2,1,4
mn-1-164-5-2-1,mn-164-5-2-1,1,164,5,2,1
mn-1-164-5-2-2,mn-164-5-2-2,1,164,5,2,2
mn-1-164-5-2-3,mn-164-5-2-3,1,164,5,2,3
mn-1-164-5-2-4,mn-164-5-2-4,1,164,5,2,4
mn-1-165-1-1-1,mn-165-1-1-1,1,165,1,1,1
mn-1-165-1-1-2,mn-165-1-1-2,1,165,1,1,2
mn-1-165-2-1-1,mn-165-2-1-1,1,165,2,1,1
mn-1-165-5-2-1,mn-165-5-2-1,1,165,5,2,1
mn-1-165-5-2-2,mn-165-5-2-2,1,165,5,2,2
mn-1-165-5-2-3,mn-165-5-2-3,1,165,5,2,3
mn-1-165-5-2-4,mn-165-5-2-4,1,165,5,2,4
mn-1-166-1-1-1,mn-166-1-1-1,1,166,1,1,1
mn-1-166-1-2-1,mn-166-1-2-1,1,166,1,2,1
mn-1-166-1-2-2,mn-166-1-2-2,1,166,1,2,2
mn-1-166-1-2-3,mn-166-1-2-3,1,166,1,2,3
mn-1-166-1-2-4,mn-166-1-2-4,1,166,1,2,4
mn-1-166-1-2-5,mn-166-1-2-5,1,166,1,2,5
mn-1-166-1-2-6,mn-166-1-2-6,1,166,1,2,6
mn-1-166-5-2-1,mn-166-5-2-1,1,166,5,2,1
mn-1-166-5-2-2,mn-166-5-2-2,1,166,5,2,2
mn-1-167-1-2-1,mn-167-1-2-1,1,167,1,2,1
mn-1-167-1-2-2,mn-167-1-2-2,1,167,1,2,2
mn-1-167-1-1-1,mn-167-1-1-1,1,167,1,1,1
mn-1-167-1-1-2,mn-167-1-1-2,1,167,1,1,2
mn-1-167-1-1-3,mn-167-1-1-3,1,167,1,1,3
mn-1-167-5-2-1,mn-167-5-2-1,1,167,5,2,1
mn-1-167-5-2-2,mn-167-5-2-2,1,167,5,2,2
mn-1-167-5-2-3,mn-167-5-2-3,1,167,5,2,3
mn-1-167-5-2-4,mn-167-5-2-4,1,167,5,2,4
mn-1-168-1-1-1,mn-168-1-1-1,1,168,1,1,1
mn-1-168-1-1-2,mn-168-1-1-2,1,168,1,1,2
mn-1-168-2-1-1,mn-168-2-1-1,1,168,2,1,1
mn-1-168-2-1-2,mn-168-2-1-2,1,168,2,1,2
mn-1-168-2-1-3,mn-168-2-1-3,1,168,2,1,3
mn-1-168-2-1-4,mn-168-2-1-4,1,168,2,1,4
mn-1-168-5-2-1,mn-168-5-2-1,1,168,5,2,1
mn-1-168-5-2-2,mn-168-5-2-2,1,168,5,2,2
mn-1-168-5-2-3,mn-168-5-2-3,1,168,5,2,3
mn-1-168-5-2-4,mn-168-5-2-4,1,168,5,2,4
mn-1-169-1-1-1,mn-169-1-1-1,1,169,1,1,1
mn-1-169-1-1-2,mn-169-1-1-2,1,169,1,1,2
mn-1-169-1-1-3,mn-169-1-1-3,1,169,1,1,3
mn-1-169-1-1-4,mn-169-1-1-4,1,169,1,1,4
mn-1-169-1-1-5,mn-169-1-1-5,1,169,1,1,5
mn-1-169-1-1-6,mn-169-1-1-6,1,169,1,1,6
mn-1-169-1-1-7,mn-169-1-1-7,1,169,1,1,7
mn-1-169-5-2-1,mn-169-5-2-1,1,169,5,2,1
mn-1-169-5-2-2,mn-169-5-2-2,1,169,5,2,2
mn-1-169-5-2-3,mn-169-5-2-3,1,169,5,2,3
mn-1-169-5-2-4,mn-169-5-2-4,1,169,5,2,4
mn-1-170-1-1-1,mn-170-1-1-1,1,170,1,1,1
mn-1-170-1-1-2,mn-170-1-1-2,1,170,1,1,2
mn-1-170-1-1-3,mn-170-1-1-3,1,170,1,1,3
mn-1-170-1-1-4,mn-170-1-1-4,1,170,1,1,4
mn-1-170-1-1-5,mn-170-1-1-5,1,170,1,1,5
mn-1-170-1-1-6,mn-170-1-1-6,1,170,1,1,6
mn-1-170-1-1-7,mn-170-1-1-7,1,170,1,1,7
mn-1-170-1-1-8,mn-170-1-1-8,1,170,1,1,8
mn-1-170-5-2-1,mn-170-5-2-1,1,170,5,2,1
mn-1-170-5-2-2,mn-170-5-2-2,1,170,5,2,2
mn-1-170-5-2-3,mn-170-5-2-3,1,170,5,2,3
mn-1-170-5-2-4,mn-170-5-2-4,1,170,5,2,4
mn-1-170-5-2-5,mn-170-5-2-5,1,170,5,2,5
mn-1-170-5-2-6,mn-170-5-2-6,1,170,5,2,6
mn-1-171-1-1-1,mn-171-1-1-1,1,171,1,1,1
mn-1-171-1-1-2,mn-171-1-1-2,1,171,1,1,2
mn-1-171-1-1-3,mn-171-1-1-3,1,171,1,1,3
mn-1-171-1-1-4,mn-171-1-1-4,1,171,1,1,4
mn-1-171-5-2-1,mn-171-5-2-1,1,171,5,2,1
mn-1-171-5-2-2,mn-171-5-2-2,1,171,5,2,2
mn-1-171-5-2-3,mn-171-5-2-3,1,171,5,2,3
mn-1-171-5-2-4,mn-171-5-2-4,1,171,5,2,4
mn-1-172-1-1-1,mn-172-1-1-1,1,172,1,1,1
mn-1-172-5-2-1,mn-172-5-2-1,1,172,5,2,1
mn-1-172-5-2-2,mn-172-5-2-2,1,172,5,2,2
mn-1-172-5-2-3,mn-172-5-2-3,1,172,5,2,3
mn-1-172-5-2-4,mn-172-5-2-4,1,172,5,2,4
mn-1-173-1-1-1,mn-173-1-1-1,1,173,1,1,1
mn-1-173-1-1-2,mn-173-1-1-2,1,173,1,1,2
mn-1-173-1-1-3,mn-173-1-1-3,1,173,1,1,3
mn-1-173-1-1-4,mn-173-1-1-4,1,173,1,1,4
mn-1-173-1-1-5,mn-173-1-1-5,1,173,1,1,5
mn-1-173-1-1-6,mn-173-1-1-6,1,173,1,1,6
mn-1-173-1-1-7,mn-173-1-1-7,1,173,1,1,7
mn-1-173-5-2-1,mn-173-5-2-1,1,173,5,2,1
mn-1-173-5-2-2,mn-173-5-2-2,1,173,5,2,2
mn-1-174-1-1-1,mn-174-1-1-1,1,174,1,1,1
mn-1-174-1-1-2,mn-174-1-1-2,1,174,1,1,2
mn-1-174-1-1-3,mn-174-1-1-3,1,174,1,1,3
mn-1-174-1-1-4,mn-174-1-1-4,1,174,1,1,4
mn-1-174-1-1-5,mn-174-1-1-5,1,174,1,1,5
mn-1-174-5-2-1,mn-174-5-2-1,1,174,5,2,1
mn-1-174-5-2-2,mn-174-5-2-2,1,174,5,2,2
mn-1-174-5-2-3,mn-174-5-2-3,1,174,5,2,3
mn-1-174-5-2-4,mn-174-5-2-4,1,174,5,2,4
mn-1-175-1-1-1,mn-175-1-1-1,1,175,1,1,1
mn-1-175-1-1-2,mn-175-1-1-2,1,175,1,1,2
mn-1-175-2-1-1,mn-175-2-1-1,1,175,2,1,1
mn-1-175-2-1-2,mn-175-2-1-2,1,175,2,1,2
mn-1-175-2-1-3,mn-175-2-1-3,1,175,2,1,3
mn-1-175-2-1-4,mn-175-2-1-4,1,175,2,1,4
mn-1-175-5-2-1,mn-175-5-2-1,1,175,5,2,1
mn-1-175-5-2-2,mn-175-5-2-2,1,175,5,2,2
mn-1-175-5-2-3,mn-175-5-2-3,1,175,5,2,3
mn-1-175-5-2-4,mn-175-5-2-4,1,175,5,2,4
mn-1-176-1-1-1,mn-176-1-1-1,1,176,1,1,1
mn-1-176-1-1-2,mn-176-1-1-2,1,176,1,1,2
mn-1-176-2-1-1,mn-176-2-1-1,1,176,2,1,1
mn-1-176-5-2-1,mn-176-5-2-1,1,176,5,2,1
mn-1-176-5-2-2,mn-176-5-2-2,1,176,5,2,2
mn-1-176-5-2-3,mn-176-5-2-3,1,176,5,2,3
mn-1-176-5-2-4,mn-176-5-2-4,1,176,5,2,4
mn-1-177-1-1-1,mn-177-1-1-1,1,177,1,1,1
mn-1-177-1-1-2,mn-177-1-1-2,1,177,1,1,2
mn-1-177-1-1-3,mn-177-1-1-3,1,177,1,1,3
mn-1-177-1-1-4,mn-177-1-1-4,1,177,1,1,4
mn-1-177-1-1-5,mn-177-1-1-5,1,177,1,1,5
mn-1-177-1-1-6,mn-177-1-1-6,1,177,1,1,6
mn-1-177-1-1-7,mn-177-1-1-7,1,177,1,1,7
mn-1-177-5-2-1,mn-177-5-2-1,1,177,5,2,1
mn-1-177-5-2-2,mn-177-5-2-2,1,177,5,2,2
mn-1-178-1-1-1,mn-178-1-1-1,1,178,1,1,1
mn-1-178-1-1-2,mn-178-1-1-2,1,178,1,1,2
mn-1-178-1-1-3,mn-178-1-1-3,1,178,1,1,3
mn-1-178-1-1-4,mn-178-1-1-4,1,178,1,1,4
mn-1-178-1-1-5,mn-178-1-1-5,1,178,1,1,5
mn-1-178-5-2-1,mn-178-5-2-1,1,178,5,2,1
mn-1-178-5-2-2,mn-178-5-2-2,1,178,5,2,2
mn-1-178-5-2-3,mn-178-5-2-3,1,178,5,2,3
mn-1-178-5-2-4,mn-178-5-2-4,1,178,5,2,4
mn-1-179-1-1-1,mn-179-1-1-1,1,179,1,1,1
mn-1-179-1-1-2,mn-179-1-1-2,1,179,1,1,2
mn-1-179-2-1-1,mn-179-2-1-1,1,179,2,1,1
mn-1-179-2-1-2,mn-179-2-1-2,1,179,2,1,2
mn-1-179-2-1-3,mn-179-2-1-3,1,179,2,1,3
mn-1-179-2-1-4,mn-179-2-1-4,1,179,2,1,4
mn-1-179-5-2-1,mn-179-5-2-1,1,179,5,2,1
mn-1-179-5-2-2,mn-179-5-2-2,1,179,5,2,2
mn-1-179-5-2-3,mn-179-5-2-3,1,179,5,2,3
mn-1-179-5-2-4,mn-179-5-2-4,1,179,5,2,4
mn-1-180-1-1-1,mn-180-1-1-1,1,180,1,1,1
mn-1-180-1-1-2,mn-180-1-1-2,1,180,1,1,2
mn-1-180-1-1-3,mn-180-1-1-3,1,180,1,1,3
mn-1-180-1-1-4,mn-180-1-1-4,1,180,1,1,4
mn-1-180-1-1-5,mn-180-1-1-5,1,180,1,1,5
mn-1-180-1-1-6,mn-180-1-1-6,1,180,1,1,6
mn-1-180-1-1-7,mn-180-1-1-7,1,180,1,1,7
mn-1-180-5-2-1,mn-180-5-2-1,1,180,5,2,1
mn-1-180-5-2-2,mn-180-5-2-2,1,180,5,2,2
mn-1-180-5-2-3,mn-180-5-2-3,1,180,5,2,3
mn-1-180-5-2-4,mn-180-5-2-4,1,180,5,2,4
mn-1-181-1-1-1,mn-181-1-1-1,1,181,1,1,1
mn-1-181-1-1-2,mn-181-1-1-2,1,181,1,1,2
mn-1-181-1-1-3,mn-181-1-1-3,1,181,1,1,3
mn-1-181-1-1-4,mn-181-1-1-4,1,181,1,1,4
mn-1-181-1-1-5,mn-181-1-1-5,1,181,1,1,5
mn-1-181-1-1-6,mn-181-1-1-6,1,181,1,1,6
mn-1-181-1-1-7,mn-181-1-1-7,1,181,1,1,7
mn-1-181-1-1-8,mn-181-1-1-8,1,181,1,1,8
mn-1-181-1-1-9,mn-181-1-1-9,1,181,1,1,9
mn-1-181-1-1-10,mn-181-1-1-10,1,181,1,1,10
mn-1-181-5-2-1,mn-181-5-2-1,1,181,5,2,1
mn-1-181-5-2-2,mn-181-5-2-2,1,181,5,2,2
mn-1-181-5-2-3,mn-181-5-2-3,1,181,5,2,3
mn-1-181-5-2-4,mn-181-5-2-4,1,181,5,2,4
mn-1-182-1-1-1,mn-182-1-1-1,1,182,1,1,1
mn-1-182-1-1-2,mn-182-1-1-2,1,182,1,1,2
mn-1-182-1-1-3,mn-182-1-1-3,1,182,1,1,3
mn-1-182-1-1-4,mn-182-1-1-4,1,182,1,1,4
mn-1-182-1-1-5,mn-182-1-1-5,1,182,1,1,5
mn-1-182-5-2-1,mn-182-5-2-1,1,182,5,2,1
mn-1-182-5-2-2,mn-182-5-2-2,1,182,5,2,2
mn-1-182-5-2-3,mn-182-5-2-3,1,182,5,2,3
mn-1-182-5-2-4,mn-182-5-2-4,1,182,5,2,4
mn-1-182-5-2-5,mn-182-5-2-5,1,182,5,2,5
mn-1-182-5-2-6,mn-182-5-2-6,1,182,5,2,6
mn-1-182-6-2-1,mn-182-6-2-1,1,182,6,2,1
mn-1-182-6-2-2,mn-182-6-2-2,1,182,6,2,2
mn-1-182-6-2-3,mn-182-6-2-3,1,182,6,2,3
mn-1-182-6-2-4,mn-182-6-2-4,1,182,6,2,4
mn-1-182-6-2-5,mn-182-6-2-5,1,182,6,2,5
mn-1-183-1-1-1,mn-183-1-1-1,1,183,1,1,1
mn-1-183-1-1-2,mn-183-1-1-2,1,183,1,1,2
mn-1-183-1-1-3,mn-183-1-1-3,1,183,1,1,3
mn-1-183-1-1-4,mn-183-1-1-4,1,183,1,1,4
mn-1-183-1-1-5,mn-183-1-1-5,1,183,1,1,5
mn-1-183-1-1-6,mn-183-1-1-6,1,183,1,1,6
mn-1-183-2-1-1,mn-183-2-1-1,1,183,2,1,1
mn-1-183-2-1-2,mn-183-2-1-2,1,183,2,1,2
mn-1-183-2-1-3,mn-183-2-1-3,1,183,2,1,3
mn-1-183-5-2-1,mn-183-5-2-1,1,183,5,2,1
mn-1-183-5-2-2,mn-183-5-2-2,1,183,5,2,2
mn-1-183-5-2-3,mn-183-5-2-3,1,183,5,2,3
mn-1-183-5-2-4,mn-183-5-2-4,1,183,5,2,4
mn-1-184-1-1-1,mn-184-1-1-1,1,184,1,1,1
mn-1-184-1-1-2,mn-184-1-1-2,1,184,1,1,2
mn-1-184-1-1-3,mn-184-1-1-3,1,184,1,1,3
mn-1-184-1-1-4,mn-184-1-1-4,1,184,1,1,4
mn-1-184-1-1-5,mn-184-1-1-5,1,184,1,1,5
mn-1-184-5-2-1,mn-184-5-2-1,1,184,5,2,1
mn-1-184-5-2-2,mn-184-5-2-2,1,184,5,2,2
mn-1-184-5-2-3,mn-184-5-2-3,1,184,5,2,3
mn-1-184-5-2-4,mn-184-5-2-4,1,184,5,2,4
mn-1-184-5-2-5,mn-184-5-2-5,1,184,5,2,5
mn-1-184-5-2-6,mn-184-5-2-6,1,184,5,2,6
mn-1-184-6-2-1,mn-184-6-2-1,1,184,6,2,1
mn-1-184-6-2-2,mn-184-6-2-2,1,184,6,2,2
mn-1-184-6-2-3,mn-184-6-2-3,1,184,6,2,3
mn-1-184-6-2-4,mn-184-6-2-4,1,184,6,2,4
mn-1-184-6-2-5,mn-184-6-2-5,1,184,6,2,5
mn-1-185-1-1-1,mn-185-1-1-1,1,185,1,1,1
mn-1-185-1-1-2,mn-185-1-1-2,1,185,1,1,2
mn-1-185-1-1-3,mn-185-1-1-3,1,185,1,1,3
mn-1-185-1-1-4,mn-185-1-1-4,1,185,1,1,4
mn-1-185-1-1-5,mn-185-1-1-5,1,185,1,1,5
mn-1-185-1-1-6,mn-185-1-1-6,1,185,1,1,6
mn-1-185-2-1-1,mn-185-2-1-1,1,185,2,1,1
mn-1-185-2-1-2,mn-185-2-1-2,1,185,2,1,2
mn-1-185-2-1-3,mn-185-2-1-3,1,185,2,1,3
mn-1-185-5-2-1,mn-185-5-2-1,1,185,5,2,1
mn-1-185-5-2-2,mn-185-5-2-2,1,185,5,2,2
mn-1-185-5-2-3,mn-185-5-2-3,1,185,5,2,3
mn-1-185-5-2-4,mn-185-5-2-4,1,185,5,2,4
mn-1-186-1-1-1,mn-186-1-1-1,1,186,1,1,1
mn-1-186-1-1-2,mn-186-1-1-2,1,186,1,1,2
mn-1-186-1-1-3,mn-186-1-1-3,1,186,1,1,3
mn-1-186-1-1-4,mn-186-1-1-4,1,186,1,1,4
mn-1-186-1-1-5,mn-186-1-1-5,1,186,1,1,5
mn-1-186-5-2-1,mn-186-5-2-1,1,186,5,2,1
mn-1-186-5-2-2,mn-186-5-2-2,1,186,5,2,2
mn-1-186-5-2-3,mn-186-5-2-3,1,186,5,2,3
mn-1-186-5-2-4,mn-186-5-2-4,1,186,5,2,4
mn-1-186-5-2-5,mn-186-5-2-5,1,186,5,2,5
mn-1-186-5-2-6,mn-186-5-2-6,1,186,5,2,6
mn-1-186-6-2-1,mn-186-6-2-1,1,186,6,2,1
mn-1-186-6-2-2,mn-186-6-2-2,1,186,6,2,2
mn-1-186-6-2-3,mn-186-6-2-3,1,186,6,2,3
mn-1-186-6-2-4,mn-186-6-2-4,1,186,6,2,4
mn-1-186-6-2-5,mn-186-6-2-5,1,186,6,2,5
mn-1-187-1-1-1,mn-187-1-1-1,1,187,1,1,1
mn-1-187-1-1-2,mn-187-1-1-2,1,187,1,1,2
mn-1-187-1-1-3,mn-187-1-1-3,1,187,1,1,3
mn-1-187-1-1-4,mn-187-1-1-4,1,187,1,1,4
mn-1-187-1-1-5,mn-187-1-1-5,1,187,1,1,5
mn-1-187-1-1-6,mn-187-1-1-6,1,187,1,1,6
mn-1-187-2-1-1,mn-187-2-1-1,1,187,2,1,1
mn-1-187-2-1-2,mn-187-2-1-2,1,187,2,1,2
mn-1-187-2-1-3,mn-187-2-1-3,1,187,2,1,3
mn-1-187-5-2-1,mn-187-5-2-1,1,187,5,2,1
mn-1-187-5-2-2,mn-187-5-2-2,1,187,5,2,2
mn-1-187-5-2-3,mn-187-5-2-3,1,187,5,2,3
mn-1-187-5-2-4,mn-187-5-2-4,1,187,5,2,4
mn-1-188-1-1-1,mn-188-1-1-1,1,188,1,1,1
mn-1-188-1-1-2,mn-188-1-1-2,1,188,1,1,2
mn-1-188-1-1-3,mn-188-1-1-3,1,188,1,1,3
mn-1-188-1-1-4,mn-188-1-1-4,1,188,1,1,4
mn-1-188-1-1-5,mn-188-1-1-5,1,188,1,1,5
mn-1-188-5-2-1,mn-188-5-2-1,1,188,5,2,1
mn-1-188-5-2-2,mn-188-5-2-2,1,188,5,2,2
mn-1-188-5-2-3,mn-188-5-2-3,1,188,5,2,3
mn-1-188-5-2-4,mn-188-5-2-4,1,188,5,2,4
mn-1-188-5-2-5,mn-188-5-2-5,1,188,5,2,5
mn-1-188-5-2-6,mn-188-5-2-6,1,188,5,2,6
mn-1-188-6-2-1,mn-188-6-2-1,1,188,6,2,1
mn-1-188-6-2-2,mn-188-6-2-2,1,188,6,2,2
mn-1-188-6-2-3,mn-188-6-2-3,1,188,6,2,3
mn-1-188-6-2-4,mn-188-6-2-4,1,188,6,2,4
mn-1-188-6-2-5,mn-188-6-2-5,1,188,6,2,5
mn-1-189-1-1-1,mn-189-1-1-1,1,189,1,1,1
mn-1-189-1-1-2,mn-189-1-1-2,1,189,1,1,2
mn-1-189-1-1-3,mn-189-1-1-3,1,189,1,1,3
mn-1-189-1-1-4,mn-189-1-1-4,1,189,1,1,4
mn-1-189-2-1-1,mn-189-2-1-1,1,189,2,1,1
mn-1-189-2-1-2,mn-189-2-1-2,1,189,2,1,2
mn-1-189-2-1-3,mn-189-2-1-3,1,189,2,1,3
mn-1-189-5-2-1,mn-189-5-2-1,1,189,5,2,1
mn-1-189-5-2-2,mn-189-5-2-2,1,189,5,2,2
mn-1-189-5-2-3,mn-189-5-2-3,1,189,5,2,3
mn-1-189-5-2-4,mn-189-5-2-4,1,189,5,2,4
mn-1-190-1-1-1,mn-190-1-1-1,1,190,1,1,1
mn-1-190-1-1-2,mn-190-1-1-2,1,190,1,1,2
mn-1-190-1-1-3,mn-190-1-1-3,1,190,1,1,3
mn-1-190-2-1-1,mn-190-2-1-1,1,190,2,1,1
mn-1-190-2-1-2,mn-190-2-1-2,1,190,2,1,2
mn-1-190-2-1-3,mn-190-2-1-3,1,190,2,1,3
mn-1-190-2-1-4,mn-190-2-1-4,1,190,2,1,4
mn-1-190-5-2-1,mn-190-5-2-1,1,190,5,2,1
mn-1-190-5-2-2,mn-190-5-2-2,1,190,5,2,2
mn-1-190-5-2-3,mn-190-5-2-3,1,190,5,2,3
mn-1-190-5-2-4,mn-190-5-2-4,1,190,5,2,4
mn-1-191-1-1-1,mn-191-1-1-1,1,191,1,1,1
mn-1-191-1-1-2,mn-191-1-1-2,1,191,1,1,2
mn-1-191-1-1-3,mn-191-1-1-3,1,191,1,1,3
mn-1-191-2-1-1,mn-191-2-1-1,1,191,2,1,1
mn-1-191-2-1-2,mn-191-2-1-2,1,191,2,1,2
mn-1-191-2-1-3,mn-191-2-1-3,1,191,2,1,3
mn-1-191-2-1-4,mn-191-2-1-4,1,191,2,1,4
mn-1-191-5-2-1,mn-191-5-2-1,1,191,5,2,1
mn-1-191-5-2-2,mn-191-5-2-2,1,191,5,2,2
mn-1-191-5-2-3,mn-191-5-2-3,1,191,5,2,3
mn-1-191-5-2-4,mn-191-5-2-4,1,191,5,2,4
mn-1-192-1-1-1,mn-192-1-1-1,1,192,1,1,1
mn-1-192-1-1-2,mn-192-1-1-2,1,192,1,1,2
mn-1-192-1-1-3,mn-192-1-1-3,1,192,1,1,3
mn-1-192-1-1-4,mn-192-1-1-4,1,192,1,1,4
mn-1-192-1-1-5,mn-192-1-1-5,1,192,1,1,5
mn-1-192-2-1-1,mn-192-2-1-1,1,192,2,1,1
mn-1-192-2-1-2,mn-192-2-1-2,1,192,2,1,2
mn-1-192-2-1-3,mn-192-2-1-3,1,192,2,1,3
mn-1-192-5-2-1,mn-192-5-2-1,1,192,5,2,1
mn-1-192-5-2-2,mn-192-5-2-2,1,192,5,2,2
mn-1-192-5-2-3,mn-192-5-2-3,1,192,5,2,3
mn-1-192-5-2-4,mn-192-5-2-4,1,192,5,2,4
mn-1-193-1-1-1,mn-193-1-1-1,1,193,1,1,1
mn-1-193-1-1-2,mn-193-1-1-2,1,193,1,1,2
mn-1-193-1-1-3,mn-193-1-1-3,1,193,1,1,3
mn-1-193-1-1-4,mn-193-1-1-4,1,193,1,1,4
mn-1-193-1-1-5,mn-193-1-1-5,1,193,1,1,5
mn-1-193-5-2-1,mn-193-5-2-1,1,193,5,2,1
mn-1-193-5-2-2,mn-193-5-2-2,1,193,5,2,2
mn-1-193-5-2-3,mn-193-5-2-3,1,193,5,2,3
mn-1-193-5-2-4,mn-193-5-2-4,1,193,5,2,4
mn-1-193-5-2-5,mn-193-5-2-5,1,193,5,2,5
mn-1-193-5-2-6,mn-193-5-2-6,1,193,5,2,6
mn-1-193-6-2-1,mn-193-6-2-1,1,193,6,2,1
mn-1-193-6-2-2,mn-193-6-2-2,1,193,6,2,2
mn-1-193-6-2-3,mn-193-6-2-3,1,193,6,2,3
mn-1-193-6-2-4,mn-193-6-2-4,1,193,6,2,4
mn-1-193-6-2-5,mn-193-6-2-5,1,193,6,2,5
mn-1-194-1-1-1,mn-194-1-1-1,1,194,1,1,1
mn-1-194-1-1-2,mn-194-1-1-2,1,194,1,1,2
mn-1-194-1-1-3,mn-194-1-1-3,1,194,1,1,3
mn-1-194-1-1-4,mn-194-1-1-4,1,194,1,1,4
mn-1-194-2-1-1,mn-194-2-1-1,1,194,2,1,1
mn-1-194-2-1-2,mn-194-2-1-2,1,194,2,1,2
mn-1-194-2-1-3,mn-194-2-1-3,1,194,2,1,3
mn-1-194-5-2-1,mn-194-5-2-1,1,194,5,2,1
mn-1-194-5-2-2,mn-194-5-2-2,1,194,5,2,2
mn-1-194-5-2-3,mn-194-5-2-3,1,194,5,2,3
mn-1-194-5-2-4,mn-194-5-2-4,1,194,5,2,4
mn-1-195-1-1-1,mn-195-1-1-1,1,195,1,1,1
mn-1-195-1-1-2,mn-195-1-1-2,1,195,1,1,2
mn-1-195-1-1-3,mn-195-1-1-3,1,195,1,1,3
mn-1-195-2-1-1,mn-195-2-1-1,1,195,2,1,1
mn-1-195-2-1-2,mn-195-2-1-2,1,195,2,1,2
mn-1-195-2-1-3,mn-195-2-1-3,1,195,2,1,3
mn-1-195-2-1-4,mn-195-2-1-4,1,195,2,1,4
mn-1-195-5-2-1,mn-195-5-2-1,1,195,5,2,1
mn-1-195-5-2-2,mn-195-5-2-2,1,195,5,2,2
mn-1-195-5-2-3,mn-195-5-2-3,1,195,5,2,3
mn-1-195-5-2-4,mn-195-5-2-4,1,195,5,2,4
mn-1-196-1-1-1,mn-196-1-1-1,1,196,1,1,1
mn-1-196-1-1-2,mn-196-1-1-2,1,196,1,1,2
mn-1-196-1-1-3,mn-196-1-1-3,1,196,1,1,3
mn-1-196-2-1-1,mn-196-2-1-1,1,196,2,1,1
mn-1-196-2-1-2,mn-196-2-1-2,1,196,2,1,2
mn-1-196-2-1-3,mn-196-2-1-3,1,196,2,1,3
mn-1-196-2-1-4,mn-196-2-1-4,1,196,2,1,4
mn-1-196-5-2-1,mn-196-5-2-1,1,196,5,2,1
mn-1-196-5-2-2,mn-196-5-2-2,1,196,5,2,2
mn-1-196-5-2-3,mn-196-5-2-3,1,196,5,2,3
mn-1-196-5-2-4,mn-196-5-2-4,1,196,5,2,4
mn-1-197-1-1-1,mn-197-1-1-1,1,197,1,1,1
mn-1-197-1-1-2,mn-197-1-1-2,1,197,1,1,2
mn-1-197-1-1-3,mn-197-1-1-3,1,197,1,1,3
mn-1-197-1-1-4,mn-197-1-1-4,1,197,1,1,4
mn-1-197-1-1-5,mn-197-1-1-5,1,197,1,1,5
mn-1-197-2-1-1,mn-197-2-1-1,1,197,2,1,1
mn-1-197-2-1-2,mn-197-2-1-2,1,197,2,1,2
mn-1-197-2-1-3,mn-197-2-1-3,1,197,2,1,3
mn-1-197-5-2-1,mn-197-5-2-1,1,197,5,2,1
mn-1-197-5-2-2,mn-197-5-2-2,1,197,5,2,2
mn-1-197-5-2-3,mn-197-5-2-3,1,197,5,2,3
mn-1-197-5-2-4,mn-197-5-2-4,1,197,5,2,4
mn-1-198-1-1-1,mn-198-1-1-1,1,198,1,1,1
mn-1-198-1-1-2,mn-198-1-1-2,1,198,1,1,2
mn-1-198-1-1-3,mn-198-1-1-3,1,198,1,1,3
mn-1-198-1-1-4,mn-198-1-1-4,1,198,1,1,4
mn-1-198-1-1-5,mn-198-1-1-5,1,198,1,1,5
mn-1-198-5-2-1,mn-198-5-2-1,1,198,5,2,1
mn-1-198-5-2-2,mn-198-5-2-2,1,198,5,2,2
mn-1-198-5-2-3,mn-198-5-2-3,1,198,5,2,3
mn-1-198-5-2-4,mn-198-5-2-4,1,198,5,2,4
mn-1-198-5-2-5,mn-198-5-2-5,1,198,5,2,5
mn-1-198-5-2-6,mn-198-5-2-6,1,198,5,2,6
mn-1-198-6-2-1,mn-198-6-2-1,1,198,6,2,1
mn-1-198-6-2-2,mn-198-6-2-2,1,198,6,2,2
mn-1-198-6-2-3,mn-198-6-2-3,1,198,6,2,3
mn-1-198-6-2-4,mn-198-6-2-4,1,198,6,2,4
mn-1-198-6-2-5,mn-198-6-2-5,1,198,6,2,5
mn-1-199-1-1-1,mn-199-1-1-1,1,199,1,1,1
mn-1-199-1-1-2,mn-199-1-1-2,1,199,1,1,2
mn-1-199-1-1-3,mn-199-1-1-3,1,199,1,1,3
mn-1-199-1-1-4,mn-199-1-1-4,1,199,1,1,4
mn-1-199-2-1-1,mn-199-2-1-1,1,199,2,1,1
mn-1-199-2-1-2,mn-199-2-1-2,1,199,2,1,2
mn-1-199-2-1-3,mn-199-2-1-3,1,199,2,1,3
mn-1-199-5-2-1,mn-199-5-2-1,1,199,5,2,1
mn-1-199-5-2-2,mn-199-5-2-2,1,199,5,2,2
mn-1-199-5-2-3,mn-199-5-2-3,1,199,5,2,3
mn-1-199-5-2-4,mn-199-5-2-4,1,199,5,2,4
mn-1-200-1-1-1,mn-200-1-1-1,1,200,1,1,1
mn-1-200-1-1-2,mn-200-1-1-2,1,200,1,1,2
mn-1-200-1-1-3,mn-200-1-1-3,1,200,1,1,3
mn-1-200-2-1-1,mn-200-2-1-1,1,200,2,1,1
mn-1-200-2-1-2,mn-200-2-1-2,1,200,2,1,2
mn-1-200-2-1-3,mn-200-2-1-3,1,200,2,1,3
mn-1-200-2-1-4,mn-200-2-1-4,1,200,2,1,4
mn-1-200-5-2-1,mn-200-5-2-1,1,200,5,2,1
mn-1-200-5-2-2,mn-200-5-2-2,1,200,5,2,2
mn-1-200-5-2-3,mn-200-5-2-3,1,200,5,2,3
mn-1-200-5-2-4,mn-200-5-2-4,1,200,5,2,4
mn-1-201-1-1-1,mn-201-1-1-1,1,201,1,1,1
mn-1-201-1-1-2,mn-201-1-1-2,1,201,1,1,2
mn-1-201-1-1-3,mn-201-1-1-3,1,201,1,1,3
mn-1-201-2-1-1,mn-201-2-1-1,1,201,2,1,1
mn-1-201-2-1-2,mn-201-2-1-2,1,201,2,1,2
mn-1-201-2-1-3,mn-201-2-1-3,1,201,2,1,3
mn-1-201-2-1-4,mn-201-2-1-4,1,201,2,1,4
mn-1-201-5-2-1,mn-201-5-2-1,1,201,5,2,1
mn-1-201-5-2-2,mn-201-5-2-2,1,201,5,2,2
mn-1-201-5-2-3,mn-201-5-2-3,1,201,5,2,3
mn-1-201-5-2-4,mn-201-5-2-4,1,201,5,2,4
mn-1-202-1-1-1,mn-202-1-1-1,1,202,1,1,1
mn-1-202-1-1-2,mn-202-1-1-2,1,202,1,1,2
mn-1-202-1-1-3,mn-202-1-1-3,1,202,1,1,3
mn-1-202-2-1-1,mn-202-2-1-1,1,202,2,1,1
mn-1-202-2-1-2,mn-202-2-1-2,1,202,2,1,2
mn-1-202-2-1-3,mn-202-2-1-3,1,202,2,1,3
mn-1-202-2-1-4,mn-202-2-1-4,1,202,2,1,4
mn-1-202-5-2-1,mn-202-5-2-1,1,202,5,2,1
mn-1-202-5-2-2,mn-202-5-2-2,1,202,5,2,2
mn-1-202-5-2-3,mn-202-5-2-3,1,202,5,2,3
mn-1-202-5-2-4,mn-202-5-2-4,1,202,5,2,4
mn-1-203-1-1-1,mn-203-1-1-1,1,203,1,1,1
mn-1-203-1-1-2,mn-203-1-1-2,1,203,1,1,2
mn-1-203-1-1-3,mn-203-1-1-3,1,203,1,1,3
mn-1-203-2-2-1,mn-203-2-2-1,1,203,2,2,1
mn-1-203-2-2-2,mn-203-2-2-2,1,203,2,2,2
mn-1-203-5-2-1,mn-203-5-2-1,1,203,5,2,1
mn-1-203-5-2-2,mn-203-5-2-2,1,203,5,2,2
mn-1-203-5-2-3,mn-203-5-2-3,1,203,5,2,3
mn-1-203-5-2-4,mn-203-5-2-4,1,203,5,2,4
mn-1-203-5-2-5,mn-203-5-2-5,1,203,5,2,5
mn-1-204-1-1-1,mn-204-1-1-1,1,204,1,1,1
mn-1-204-1-1-2,mn-204-1-1-2,1,204,1,1,2
mn-1-204-1-1-3,mn-204-1-1-3,1,204,1,1,3
mn-1-204-1-1-4,mn-204-1-1-4,1,204,1,1,4
mn-1-204-1-1-5,mn-204-1-1-5,1,204,1,1,5
mn-1-204-1-1-6,mn-204-1-1-6,1,204,1,1,6
mn-1-204-1-1-7,mn-204-1-1-7,1,204,1,1,7
mn-1-204-1-1-8,mn-204-1-1-8,1,204,1,1,8
mn-1-204-1-1-9,mn-204-1-1-9,1,204,1,1,9
mn-1-204-1-1-10,mn-204-1-1-10,1,204,1,1,10
mn-1-204-1-1-11,mn-204-1-1-11,1,204,1,1,11
mn-1-204-1-1-12,mn-204-1-1-12,1,204,1,1,12
mn-1-204-5-2-1,mn-204-5-2-1,1,204,5,2,1
mn-1-205-1-1-1,mn-205-1-1-1,1,205,1,1,1
mn-1-205-1-1-2,mn-205-1-1-2,1,205,1,1,2
mn-1-205-1-1-3,mn-205-1-1-3,1,205,1,1,3
mn-1-205-1-1-4,mn-205-1-1-4,1,205,1,1,4
mn-1-205-1-1-5,mn-205-1-1-5,1,205,1,1,5
mn-1-205-1-1-6,mn-205-1-1-6,1,205,1,1,6
mn-1-205-5-2-1,mn-205-5-2-1,1,205,5,2,1
mn-1-205-5-2-2,mn-205-5-2-2,1,205,5,2,2
mn-1-205-5-2-3,mn-205-5-2-3,1,205,5,2,3
mn-1-205-5-2-4,mn-205-5-2-4,1,205,5,2,4
mn-1-205-5-2-5,mn-205-5-2-5,1,205,5,2,5
mn-1-206-1-1-1,mn-206-1-1-1,1,206,1,1,1
mn-1-206-1-1-2,mn-206-1-1-2,1,206,1,1,2
mn-1-206-1-1-3,mn-206-1-1-3,1,206,1,1,3
mn-1-206-1-1-4,mn-206-1-1-4,1,206,1,1,4
mn-1-206-1-1-5,mn-206-1-1-5,1,206,1,1,5
mn-1-206-1-1-6,mn-206-1-1-6,1,206,1,1,6
mn-1-206-1-1-7,mn-206-1-1-7,1,206,1,1,7
mn-1-206-1-1-8,mn-206-1-1-8,1,206,1,1,8
mn-1-206-1-1-9,mn-206-1-1-9,1,206,1,1,9
mn-1-206-1-1-10,mn-206-1-1-10,1,206,1,1,10
mn-1-206-1-1-11,mn-206-1-1-11,1,206,1,1,11
mn-1-206-1-1-12,mn-206-1-1-12,1,206,1,1,12
mn-1-206-5-2-1,mn-206-5-2-1,1,206,5,2,1
mn-1-207-1-1-1,mn-207-1-1-1,1,207,1,1,1
mn-1-207-1-1-2,mn-207-1-1-2,1,207,1,1,2
mn-1-207-1-1-3,mn-207-1-1-3,1,207,1,1,3
mn-1-207-1-1-4,mn-207-1-1-4,1,207,1,1,4
mn-1-207-1-1-5,mn-207-1-1-5,1,207,1,1,5
mn-1-207-1-1-6,mn-207-1-1-6,1,207,1,1,6
mn-1-207-5-2-1,mn-207-5-2-1,1,207,5,2,1
mn-1-207-5-2-2,mn-207-5-2-2,1,207,5,2,2
mn-1-207-5-2-3,mn-207-5-2-3,1,207,5,2,3
mn-1-207-5-2-4,mn-207-5-2-4,1,207,5,2,4
mn-1-207-5-2-5,mn-207-5-2-5,1,207,5,2,5
mn-1-208-1-1-1,mn-208-1-1-1,1,208,1,1,1
mn-1-208-1-1-2,mn-208-1-1-2,1,208,1,1,2
mn-1-208-1-1-3,mn-208-1-1-3,1,208,1,1,3
mn-1-208-1-1-4,mn-208-1-1-4,1,208,1,1,4
mn-1-208-1-1-5,mn-208-1-1-5,1,208,1,1,5
mn-1-208-1-1-6,mn-208-1-1-6,1,208,1,1,6
mn-1-208-1-1-7,mn-208-1-1-7,1,208,1,1,7
mn-1-208-1-1-8,mn-208-1-1-8,1,208,1,1,8
mn-1-208-1-1-9,mn-208-1-1-9,1,208,1,1,9
mn-1-208-1-1-10,mn-208-1-1-10,1,208,1,1,10
mn-1-208-1-1-11,mn-208-1-1-11,1,208,1,1,11
mn-1-208-1-1-12,mn-208-1-1-12,1,208,1,1,12
mn-1-208-5-2-1,mn-208-5-2-1,1,208,5,2,1
mn-1-209-1-1-1,mn-209-1-1-1,1,209,1,1,1
mn-1-209-1-1-2,mn-209-1-1-2,1,209,1,1,2
mn-1-209-1-1-3,mn-209-1-1-3,1,209,1,1,3
mn-1-209-1-1-4,mn-209-1-1-4,1,209,1,1,4
mn-1-209-1-1-5,mn-209-1-1-5,1,209,1,1,5
mn-1-209-1-1-6,mn-209-1-1-6,1,209,1,1,6
mn-1-209-5-2-1,mn-209-5-2-1,1,209,5,2,1
mn-1-209-5-2-2,mn-209-5-2-2,1,209,5,2,2
mn-1-209-5-2-3,mn-209-5-2-3,1,209,5,2,3
mn-1-209-5-2-4,mn-209-5-2-4,1,209,5,2,4
mn-1-209-5-2-5,mn-209-5-2-5,1,209,5,2,5
mn-1-210-1-1-1,mn-210-1-1-1,1,210,1,1,1
mn-1-210-1-1-2,mn-210-1-1-2,1,210,1,1,2
mn-1-210-1-1-3,mn-210-1-1-3,1,210,1,1,3
mn-1-210-1-1-4,mn-210-1-1-4,1,210,1,1,4
mn-1-210-1-1-5,mn-210-1-1-5,1,210,1,1,5
mn-1-210-1-1-6,mn-210-1-1-6,1,210,1,1,6
mn-1-210-1-1-7,mn-210-1-1-7,1,210,1,1,7
mn-1-210-1-1-8,mn-210-1-1-8,1,210,1,1,8
mn-1-210-1-1-9,mn-210-1-1-9,1,210,1,1,9
mn-1-210-1-1-10,mn-210-1-1-10,1,210,1,1,10
mn-1-210-1-1-11,mn-210-1-1-11,1,210,1,1,11
mn-1-210-1-1-12,mn-210-1-1-12,1,210,1,1,12
mn-1-210-5-2-1,mn-210-5-2-1,1,210,5,2,1
mn-1-211-1-1-1,mn-211-1-1-1,1,211,1,1,1
mn-1-211-1-1-2,mn-211-1-1-2,1,211,1,1,2
mn-1-211-1-1-3,mn-211-1-1-3,1,211,1,1,3
mn-1-211-5-2-1,mn-211-5-2-1,1,211,5,2,1
mn-1-211-5-2-2,mn-211-5-2-2,1,211,5,2,2
mn-1-211-5-2-3,mn-211-5-2-3,1,211,5,2,3
mn-1-211-5-2-4,mn-211-5-2-4,1,211,5,2,4
mn-1-212-1-1-1,mn-212-1-1-1,1,212,1,1,1
mn-1-212-1-1-2,mn-212-1-1-2,1,212,1,1,2
mn-1-212-1-1-3,mn-212-1-1-3,1,212,1,1,3
mn-1-212-5-2-1,mn-212-5-2-1,1,212,5,2,1
mn-1-212-5-2-2,mn-212-5-2-2,1,212,5,2,2
mn-1-212-5-2-3,mn-212-5-2-3,1,212,5,2,3
mn-1-212-5-2-4,mn-212-5-2-4,1,212,5,2,4
mn-1-213-1-1-1,mn-213-1-1-1,1,213,1,1,1
mn-1-213-1-1-2,mn-213-1-1-2,1,213,1,1,2
mn-1-213-1-1-3,mn-213-1-1-3,1,213,1,1,3
mn-1-213-1-1-4,mn-213-1-1-4,1,213,1,1,4
mn-1-213-5-2-1,mn-213-5-2-1,1,213,5,2,1
mn-1-213-5-2-2,mn-213-5-2-2,1,213,5,2,2
mn-1-213-5-2-3,mn-213-5-2-3,1,213,5,2,3
mn-1-213-5-2-4,mn-213-5-2-4,1,213,5,2,4
mn-1-214-1-1-1,mn-214-1-1-1,1,214,1,1,1
mn-1-214-1-1-2,mn-214-1-1-2,1,214,1,1,2
mn-1-214-1-1-3,mn-214-1-1-3,1,214,1,1,3
mn-1-214-1-1-4,mn-214-1-1-4,1,214,1,1,4
mn-1-214-5-2-1,mn-214-5-2-1,1,214,5,2,1
mn-1-214-5-2-2,mn-214-5-2-2,1,214,5,2,2
mn-1-214-5-2-3,mn-214-5-2-3,1,214,5,2,3
mn-1-214-5-2-4,mn-214-5-2-4,1,214,5,2,4
mn-1-215-1-1-1,mn-215-1-1-1,1,215,1,1,1
mn-1-215-1-1-2,mn-215-1-1-2,1,215,1,1,2
mn-1-215-1-1-3,mn-215-1-1-3,1,215,1,1,3
mn-1-215-1-1-4,mn-215-1-1-4,1,215,1,1,4
mn-1-215-1-1-5,mn-215-1-1-5,1,215,1,1,5
mn-1-215-5-2-1,mn-215-5-2-1,1,215,5,2,1
mn-1-215-5-2-2,mn-215-5-2-2,1,215,5,2,2
mn-1-215-5-2-3,mn-215-5-2-3,1,215,5,2,3
mn-1-215-5-2-4,mn-215-5-2-4,1,215,5,2,4
mn-1-216-1-1-1,mn-216-1-1-1,1,216,1,1,1
mn-1-216-1-1-2,mn-216-1-1-2,1,216,1,1,2
mn-1-216-1-1-3,mn-216-1-1-3,1,216,1,1,3
mn-1-216-1-1-4,mn-216-1-1-4,1,216,1,1,4
mn-1-216-1-1-5,mn-216-1-1-5,1,216,1,1,5
mn-1-216-5-2-1,mn-216-5-2-1,1,216,5,2,1
mn-1-216-5-2-2,mn-216-5-2-2,1,216,5,2,2
mn-1-216-5-2-3,mn-216-5-2-3,1,216,5,2,3
mn-1-216-5-2-4,mn-216-5-2-4,1,216,5,2,4
mn-1-217-1-1-1,mn-217-1-1-1,1,217,1,1,1
mn-1-217-2-1-1,mn-217-2-1-1,1,217,2,1,1
mn-1-217-2-1-2,mn-217-2-1-2,1,217,2,1,2
mn-1-217-2-1-3,mn-217-2-1-3,1,217,2,1,3
mn-1-217-2-1-4,mn-217-2-1-4,1,217,2,1,4
mn-1-217-2-1-5,mn-217-2-1-5,1,217,2,1,5
mn-1-217-2-1-6,mn-217-2-1-6,1,217,2,1,6
mn-1-217-2-1-7,mn-217-2-1-7,1,217,2,1,7
mn-1-217-2-1-8,mn-217-2-1-8,1,217,2,1,8
mn-1-217-5-2-1,mn-217-5-2-1,1,217,5,2,1
mn-1-217-5-2-2,mn-217-5-2-2,1,217,5,2,2
mn-1-217-5-2-3,mn-217-5-2-3,1,217,5,2,3
mn-1-217-5-2-4,mn-217-5-2-4,1,217,5,2,4
mn-1-218-1-1-1,mn-218-1-1-1,1,218,1,1,1
mn-1-218-1-1-2,mn-218-1-1-2,1,218,1,1,2
mn-1-218-1-1-3,mn-218-1-1-3,1,218,1,1,3
mn-1-218-1-1-4,mn-218-1-1-4,1,218,1,1,4
mn-1-218-2-1-1,mn-218-2-1-1,1,218,2,1,1
mn-1-218-2-1-2,mn-218-2-1-2,1,218,2,1,2
mn-1-218-2-1-3,mn-218-2-1-3,1,218,2,1,3
mn-1-218-2-1-4,mn-218-2-1-4,1,218,2,1,4
mn-1-218-2-1-5,mn-218-2-1-5,1,218,2,1,5
mn-1-218-2-1-6,mn-218-2-1-6,1,218,2,1,6
mn-1-218-2-1-7,mn-218-2-1-7,1,218,2,1,7
mn-1-218-2-1-8,mn-218-2-1-8,1,218,2,1,8
mn-1-218-5-2-1,mn-218-5-2-1,1,218,5,2,1
mn-1-218-5-2-2,mn-218-5-2-2,1,218,5,2,2
mn-1-219-1-1-1,mn-219-1-1-1,1,219,1,1,1
mn-1-219-1-1-2,mn-219-1-1-2,1,219,1,1,2
mn-1-219-2-1-1,mn-219-2-1-1,1,219,2,1,1
mn-1-219-2-1-2,mn-219-2-1-2,1,219,2,1,2
mn-1-219-2-1-3,mn-219-2-1-3,1,219,2,1,3
mn-1-219-2-1-4,mn-219-2-1-4,1,219,2,1,4
mn-1-219-2-1-5,mn-219-2-1-5,1,219,2,1,5
mn-1-219-2-1-6,mn-219-2-1-6,1,219,2,1,6
mn-1-219-2-1-7,mn-219-2-1-7,1,219,2,1,7
mn-1-219-2-1-8,mn-219-2-1-8,1,219,2,1,8
mn-1-219-5-2-1,mn-219-5-2-1,1,219,5,2,1
mn-1-219-5-2-2,mn-219-5-2-2,1,219,5,2,2
mn-1-219-5-2-3,mn-219-5-2-3,1,219,5,2,3
mn-1-219-5-2-4,mn-219-5-2-4,1,219,5,2,4
mn-1-220-1-1-1,mn-220-1-1-1,1,220,1,1,1
mn-1-220-1-1-2,mn-220-1-1-2,1,220,1,1,2
mn-1-220-1-1-3,mn-220-1-1-3,1,220,1,1,3
mn-1-220-1-1-4,mn-220-1-1-4,1,220,1,1,4
mn-1-220-2-1-1,mn-220-2-1-1,1,220,2,1,1
mn-1-220-2-1-2,mn-220-2-1-2,1,220,2,1,2
mn-1-220-2-1-3,mn-220-2-1-3,1,220,2,1,3
mn-1-220-2-1-4,mn-220-2-1-4,1,220,2,1,4
mn-1-220-2-1-5,mn-220-2-1-5,1,220,2,1,5
mn-1-220-2-1-6,mn-220-2-1-6,1,220,2,1,6
mn-1-220-2-1-7,mn-220-2-1-7,1,220,2,1,7
mn-1-220-2-1-8,mn-220-2-1-8,1,220,2,1,8
mn-1-220-5-2-1,mn-220-5-2-1,1,220,5,2,1
mn-1-220-5-2-2,mn-220-5-2-2,1,220,5,2,2
mn-1-221-1-1-1,mn-221-1-1-1,1,221,1,1,1
mn-1-221-1-1-2,mn-221-1-1-2,1,221,1,1,2
mn-1-221-1-1-3,mn-221-1-1-3,1,221,1,1,3
mn-1-221-1-1-4,mn-221-1-1-4,1,221,1,1,4
mn-1-221-1-1-5,mn-221-1-1-5,1,221,1,1,5
mn-1-221-1-1-6,mn-221-1-1-6,1,221,1,1,6
mn-1-221-5-2-1,mn-221-5-2-1,1,221,5,2,1
mn-1-221-5-2-2,mn-221-5-2-2,1,221,5,2,2
mn-1-221-5-2-3,mn-221-5-2-3,1,221,5,2,3
mn-1-221-5-2-4,mn-221-5-2-4,1,221,5,2,4
mn-1-222-1-1-1,mn-222-1-1-1,1,222,1,1,1
mn-1-222-1-1-2,mn-222-1-1-2,1,222,1,1,2
mn-1-222-1-1-3,mn-222-1-1-3,1,222,1,1,3
mn-1-222-1-1-4,mn-222-1-1-4,1,222,1,1,4
mn-1-222-1-1-5,mn-222-1-1-5,1,222,1,1,5
mn-1-222-5-2-1,mn-222-5-2-1,1,222,5,2,1
mn-1-222-5-2-2,mn-222-5-2-2,1,222,5,2,2
mn-1-222-5-2-3,mn-222-5-2-3,1,222,5,2,3
mn-1-222-5-2-4,mn-222-5-2-4,1,222,5,2,4
mn-1-223-1-1-1,mn-223-1-1-1,1,223,1,1,1
mn-1-223-1-1-2,mn-223-1-1-2,1,223,1,1,2
mn-1-223-1-1-3,mn-223-1-1-3,1,223,1,1,3
mn-1-223-1-1-4,mn-223-1-1-4,1,223,1,1,4
mn-1-223-1-1-5,mn-223-1-1-5,1,223,1,1,5
mn-1-223-5-2-1,mn-223-5-2-1,1,223,5,2,1
mn-1-223-5-2-2,mn-223-5-2-2,1,223,5,2,2
mn-1-223-5-2-3,mn-223-5-2-3,1,223,5,2,3
mn-1-223-5-2-4,mn-223-5-2-4,1,223,5,2,4
mn-1-224-1-1-1,mn-224-1-1-1,1,224,1,1,1
mn-1-224-1-1-2,mn-224-1-1-2,1,224,1,1,2
mn-1-224-1-1-3,mn-224-1-1-3,1,224,1,1,3
mn-1-224-1-1-4,mn-224-1-1-4,1,224,1,1,4
mn-1-224-5-2-1,mn-224-5-2-1,1,224,5,2,1
mn-1-224-5-2-2,mn-224-5-2-2,1,224,5,2,2
mn-1-224-5-2-3,mn-224-5-2-3,1,224,5,2,3
mn-1-224-5-2-4,mn-224-5-2-4,1,224,5,2,4
mn-1-225-1-1-1,mn-225-1-1-1,1,225,1,1,1
mn-1-225-1-1-2,mn-225-1-1-2,1,225,1,1,2
mn-1-225-1-1-3,mn-225-1-1-3,1,225,1,1,3
mn-1-225-1-1-4,mn-225-1-1-4,1,225,1,1,4
mn-1-225-5-2-1,mn-225-5-2-1,1,225,5,2,1
mn-1-225-5-2-2,mn-225-5-2-2,1,225,5,2,2
mn-1-225-5-2-3,mn-225-5-2-3,1,225,5,2,3
mn-1-226-1-1-1,mn-226-1-1-1,1,226,1,1,1
mn-1-226-1-1-2,mn-226-1-1-2,1,226,1,1,2
mn-1-226-1-1-3,mn-226-1-1-3,1,226,1,1,3
mn-1-226-1-1-4,mn-226-1-1-4,1,226,1,1,4
mn-1-226-1-1-5,mn-226-1-1-5,1,226,1,1,5
mn-1-226-1-1-6,mn-226-1-1-6,1,226,1,1,6
mn-1-226-1-1-7,mn-226-1-1-7,1,226,1,1,7
mn-1-226-5-2-1,mn-226-5-2-1,1,226,5,2,1
mn-1-226-5-2-2,mn-226-5-2-2,1,226,5,2,2
mn-1-226-5-2-3,mn-226-5-2-3,1,226,5,2,3
mn-1-226-5-2-4,mn-226-5-2-4,1,226,5,2,4
mn-1-226-5-2-5,mn-226-5-2-5,1,226,5,2,5
mn-1-226-5-2-6,mn-226-5-2-6,1,226,5,2,6
mn-1-227-1-1-1,mn-227-1-1-1,1,227,1,1,1
mn-1-227-1-1-2,mn-227-1-1-2,1,227,1,1,2
mn-1-227-1-1-3,mn-227-1-1-3,1,227,1,1,3
mn-1-227-1-1-4,mn-227-1-1-4,1,227,1,1,4
mn-1-227-5-2-1,mn-227-5-2-1,1,227,5,2,1
mn-1-227-5-2-2,mn-227-5-2-2,1,227,5,2,2
mn-1-227-5-2-3,mn-227-5-2-3,1,227,5,2,3
mn-1-228-1-1-1,mn-228-1-1-1,1,228,1,1,1
mn-1-228-1-1-2,mn-228-1-1-2,1,228,1,1,2
mn-1-228-1-1-3,mn-228-1-1-3,1,228,1,1,3
mn-1-228-1-1-4,mn-228-1-1-4,1,228,1,1,4
mn-1-228-1-1-5,mn-228-1-1-5,1,228,1,1,5
mn-1-228-1-1-6,mn-228-1-1-6,1,228,1,1,6
mn-1-228-1-1-7,mn-228-1-1-7,1,228,1,1,7
mn-1-228-5-2-1,mn-228-5-2-1,1,228,5,2,1
mn-1-228-5-2-2,mn-228-5-2-2,1,228,5,2,2
mn-1-228-5-2-3,mn-228-5-2-3,1,228,5,2,3
mn-1-228-5-2-4,mn-228-5-2-4,1,228,5,2,4
mn-1-228-5-2-5,mn-228-5-2-5,1,228,5,2,5
mn-1-228-5-2-6,mn-228-5-2-6,1,228,5,2,6
mn-1-229-1-1-1,mn-229-1-1-1,1,229,1,1,1
mn-1-229-1-1-2,mn-229-1-1-2,1,229,1,1,2
mn-1-229-1-1-3,mn-229-1-1-3,1,229,1,1,3
mn-1-229-1-1-4,mn-229-1-1-4,1,229,1,1,4
mn-1-229-5-2-1,mn-229-5-2-1,1,229,5,2,1
mn-1-229-5-2-2,mn-229-5-2-2,1,229,5,2,2
mn-1-229-5-2-3,mn-229-5-2-3,1,229,5,2,3
mn-1-230-1-1-1,mn-230-1-1-1,1,230,1,1,1
mn-1-230-1-1-2,mn-230-1-1-2,1,230,1,1,2
mn-1-230-1-1-3,mn-230-1-1-3,1,230,1,1,3
mn-1-230-1-1-4,mn-230-1-1-4,1,230,1,1,4
mn-1-230-5-2-1,mn-230-5-2-1,1,230,5,2,1
mn-1-230-5-2-2,mn-230-5-2-2,1,230,5,2,2
mn-1-231-1-1-1,mn-231-1-1-1,1,231,1,1,1
mn-1-231-1-1-2,mn-231-1-1-2,1,231,1,1,2
mn-1-231-1-1-3,mn-231-1-1-3,1,231,1,1,3
mn-1-231-1-1-4,mn-231-1-1-4,1,231,1,1,4
mn-1-231-5-2-1,mn-231-5-2-1,1,231,5,2,1
mn-1-231-5-2-2,mn-231-5-2-2,1,231,5,2,2
mn-1-232-1-1-1,mn-232-1-1-1,1,232,1,1,1
mn-1-232-1-1-2,mn-232-1-1-2,1,232,1,1,2
mn-1-232-1-1-3,mn-232-1-1-3,1,232,1,1,3
mn-1-232-2-2-1,mn-232-2-2-1,1,232,2,2,1
mn-1-232-5-2-1,mn-232-5-2-1,1,232,5,2,1
mn-1-232-5-2-2,mn-232-5-2-2,1,232,5,2,2
mn-1-233-1-1-1,mn-233-1-1-1,1,233,1,1,1
mn-1-233-1-1-2,mn-233-1-1-2,1,233,1,1,2
mn-1-233-1-1-3,mn-233-1-1-3,1,233,1,1,3
mn-1-233-1-1-4,mn-233-1-1-4,1,233,1,1,4
mn-1-233-1-1-5,mn-233-1-1-5,1,233,1,1,5
mn-1-233-2-2-1,mn-233-2-2-1,1,233,2,2,1
mn-1-233-5-2-1,mn-233-5-2-1,1,233,5,2,1
mn-1-233-5-2-2,mn-233-5-2-2,1,233,5,2,2
mn-1-234-1-1-1,mn-234-1-1-1,1,234,1,1,1
mn-1-234-1-1-2,mn-234-1-1-2,1,234,1,1,2
mn-1-234-1-1-3,mn-234-1-1-3,1,234,1,1,3
mn-1-234-1-1-4,mn-234-1-1-4,1,234,1,1,4
mn-1-234-5-2-1,mn-234-5-2-1,1,234,5,2,1
mn-1-234-5-2-2,mn-234-5-2-2,1,234,5,2,2
mn-1-234-5-2-3,mn-234-5-2-3,1,234,5,2,3
mn-1-234-5-2-4,mn-234-5-2-4,1,234,5,2,4
mn-1-234-5-2-5,mn-234-5-2-5,1,234,5,2,5
mn-1-235-1-1-1,mn-235-1-1-1,1,235,1,1,1
mn-1-235-1-1-2,mn-235-1-1-2,1,235,1,1,2
mn-1-235-1-1-3,mn-235-1-1-3,1,235,1,1,3
mn-1-235-1-1-4,mn-235-1-1-4,1,235,1,1,4
mn-1-235-5-2-1,mn-235-5-2-1,1,235,5,2,1
mn-1-236-1-1-1,mn-236-1-1-1,1,236,1,1,1
mn-1-236-1-1-2,mn-236-1-1-2,1,236,1,1,2
mn-1-236-2-1-1,mn-236-2-1-1,1,236,2,1,1
mn-1-236-2-1-2,mn-236-2-1-2,1,236,2,1,2
mn-1-236-2-1-3,mn-236-2-1-3,1,236,2,1,3
mn-1-236-2-1-4,mn-236-2-1-4,1,236,2,1,4
mn-1-236-5-2-1,mn-236-5-2-1,1,236,5,2,1
mn-1-236-5-2-2,mn-236-5-2-2,1,236,5,2,2
mn-1-236-5-2-3,mn-236-5-2-3,1,236,5,2,3
mn-1-236-5-2-4,mn-236-5-2-4,1,236,5,2,4
mn-1-237-1-1-1,mn-237-1-1-1,1,237,1,1,1
mn-1-237-1-1-2,mn-237-1-1-2,1,237,1,1,2
mn-1-237-2-1-1,mn-237-2-1-1,1,237,2,1,1
mn-1-237-5-2-1,mn-237-5-2-1,1,237,5,2,1
mn-1-237-5-2-2,mn-237-5-2-2,1,237,5,2,2
mn-1-237-5-2-3,mn-237-5-2-3,1,237,5,2,3
mn-1-237-5-2-4,mn-237-5-2-4,1,237,5,2,4
mn-1-238-1-1-1,mn-238-1-1-1,1,238,1,1,1
mn-1-238-1-1-2,mn-238-1-1-2,1,238,1,1,2
mn-1-238-1-1-3,mn-238-1-1-3,1,238,1,1,3
mn-1-238-1-1-4,mn-238-1-1-4,1,238,1,1,4
mn-1-238-2-2-1,mn-238-2-2-1,1,238,2,2,1
mn-1-238-2-2-2,mn-238-2-2-2,1,238,2,2,2
mn-1-238-2-2-3,mn-238-2-2-3,1,238,2,2,3
mn-1-238-5-2-1,mn-238-5-2-1,1,238,5,2,1
mn-1-238-5-2-2,mn-238-5-2-2,1,238,5,2,2
mn-1-239-1-1-1,mn-239-1-1-1,1,239,1,1,1
mn-1-239-1-1-2,mn-239-1-1-2,1,239,1,1,2
mn-1-239-1-1-3,mn-239-1-1-3,1,239,1,1,3
mn-1-239-1-1-4,mn-239-1-1-4,1,239,1,1,4
mn-1-239-2-2-1,mn-239-2-2-1,1,239,2,2,1
mn-1-239-5-2-1,mn-239-5-2-1,1,239,5,2,1
mn-1-239-5-2-2,mn-239-5-2-2,1,239,5,2,2
mn-1-239-5-2-3,mn-239-5-2-3,1,239,5,2,3
mn-1-239-5-2-4,mn-239-5-2-4,1,239,5,2,4
mn-1-240-1-1-1,mn-240-1-1-1,1,240,1,1,1
mn-1-240-1-1-2,mn-240-1-1-2,1,240,1,1,2
mn-1-240-2-1-1,mn-240-2-1-1,1,240,2,1,1
mn-1-240-2-1-2,mn-240-2-1-2,1,240,2,1,2
mn-1-240-2-1-3,mn-240-2-1-3,1,240,2,1,3
mn-1-240-2-1-4,mn-240-2-1-4,1,240,2,1,4
mn-1-240-5-2-1,mn-240-5-2-1,1,240,5,2,1
mn-1-240-5-2-2,mn-240-5-2-2,1,240,5,2,2
mn-1-240-5-2-3,mn-240-5-2-3,1,240,5,2,3
mn-1-240-5-2-4,mn-240-5-2-4,1,240,5,2,4
mn-1-241-1-1-1,mn-241-1-1-1,1,241,1,1,1
mn-1-241-1-1-2,mn-241-1-1-2,1,241,1,1,2
mn-1-241-1-1-3,mn-241-1-1-3,1,241,1,1,3
mn-1-241-1-1-4,mn-241-1-1-4,1,241,1,1,4
mn-1-241-2-1-1,mn-241-2-1-1,1,241,2,1,1
mn-1-241-2-1-2,mn-241-2-1-2,1,241,2,1,2
mn-1-241-5-2-1,mn-241-5-2-1,1,241,5,2,1
mn-1-241-5-2-2,mn-241-5-2-2,1,241,5,2,2
mn-1-241-5-2-3,mn-241-5-2-3,1,241,5,2,3
mn-1-241-5-2-4,mn-241-5-2-4,1,241,5,2,4
mn-1-242-1-1-1,mn-242-1-1-1,1,242,1,1,1
mn-1-242-1-1-2,mn-242-1-1-2,1,242,1,1,2
mn-1-242-1-1-3,mn-242-1-1-3,1,242,1,1,3
mn-1-242-1-1-4,mn-242-1-1-4,1,242,1,1,4
mn-1-242-2-1-1,mn-242-2-1-1,1,242,2,1,1
mn-1-242-2-1-2,mn-242-2-1-2,1,242,2,1,2
mn-1-242-2-1-3,mn-242-2-1-3,1,242,2,1,3
mn-1-242-5-2-1,mn-242-5-2-1,1,242,5,2,1
mn-1-242-5-2-2,mn-242-5-2-2,1,242,5,2,2
mn-1-242-5-2-3,mn-242-5-2-3,1,242,5,2,3
mn-1-242-5-2-4,mn-242-5-2-4,1,242,5,2,4
mn-1-242-6-2-1,mn-242-6-2-1,1,242,6,2,1
mn-1-243-1-1-1,mn-243-1-1-1,1,243,1,1,1
mn-1-243-1-1-2,mn-243-1-1-2,1,243,1,1,2
mn-1-243-1-1-3,mn-243-1-1-3,1,243,1,1,3
mn-1-243-1-1-4,mn-243-1-1-4,1,243,1,1,4
mn-1-243-2-1-1,mn-243-2-1-1,1,243,2,1,1
mn-1-243-2-1-2,mn-243-2-1-2,1,243,2,1,2
mn-1-243-2-1-3,mn-243-2-1-3,1,243,2,1,3
mn-1-243-5-2-1,mn-243-5-2-1,1,243,5,2,1
mn-1-243-5-2-2,mn-243-5-2-2,1,243,5,2,2
mn-1-243-5-2-3,mn-243-5-2-3,1,243,5,2,3
mn-1-243-5-2-4,mn-243-5-2-4,1,243,5,2,4
mn-1-243-6-2-1,mn-243-6-2-1,1,243,6,2,1
mn-1-244-1-1-1,mn-244-1-1-1,1,244,1,1,1
mn-1-244-1-1-2,mn-244-1-1-2,1,244,1,1,2
mn-1-244-1-1-3,mn-244-1-1-3,1,244,1,1,3
mn-1-244-1-1-4,mn-244-1-1-4,1,244,1,1,4
mn-1-244-5-2-1,mn-244-5-2-1,1,244,5,2,1
mn-1-244-5-2-2,mn-244-5-2-2,1,244,5,2,2
mn-1-244-6-2-1,mn-244-6-2-1,1,244,6,2,1
mn-1-245-1-1-1,mn-245-1-1-1,1,245,1,1,1
mn-1-245-1-1-2,mn-245-1-1-2,1,245,1,1,2
mn-1-245-1-1-3,mn-245-1-1-3,1,245,1,1,3
mn-1-245-1-1-4,mn-245-1-1-4,1,245,1,1,4
mn-1-245-2-1-1,mn-245-2-1-1,1,245,2,1,1
mn-1-245-2-1-2,mn-245-2-1-2,1,245,2,1,2
mn-1-245-2-1-3,mn-245-2-1-3,1,245,2,1,3
mn-1-245-5-2-1,mn-245-5-2-1,1,245,5,2,1
mn-1-245-5-2-2,mn-245-5-2-2,1,245,5,2,2
mn-1-245-5-2-3,mn-245-5-2-3,1,245,5,2,3
mn-1-245-6-2-1,mn-245-6-2-1,1,245,6,2,1
mn-1-246-1-1-1,mn-246-1-1-1,1,246,1,1,1
mn-1-246-1-1-2,mn-246-1-1-2,1,246,1,1,2
mn-1-246-1-1-3,mn-246-1-1-3,1,246,1,1,3
mn-1-246-1-1-4,mn-246-1-1-4,1,246,1,1,4
mn-1-246-2-1-1,mn-246-2-1-1,1,246,2,1,1
mn-1-246-2-1-2,mn-246-2-1-2,1,246,2,1,2
mn-1-246-2-1-3,mn-246-2-1-3,1,246,2,1,3
mn-1-246-5-2-1,mn-246-5-2-1,1,246,5,2,1
mn-1-246-5-2-2,mn-246-5-2-2,1,246,5,2,2
mn-1-246-5-2-3,mn-246-5-2-3,1,246,5,2,3
mn-1-246-5-2-4,mn-246-5-2-4,1,246,5,2,4
mn-1-246-6-2-1,mn-246-6-2-1,1,246,6,2,1
mn-1-247-1-1-1,mn-247-1-1-1,1,247,1,1,1
mn-1-247-1-1-2,mn-247-1-1-2,1,247,1,1,2
mn-1-247-1-1-3,mn-247-1-1-3,1,247,1,1,3
mn-1-247-1-1-4,mn-247-1-1-4,1,247,1,1,4
mn-1-247-2-1-1,mn-247-2-1-1,1,247,2,1,1
mn-1-247-2-1-2,mn-247-2-1-2,1,247,2,1,2
mn-1-247-2-1-3,mn-247-2-1-3,1,247,2,1,3
mn-1-247-5-2-1,mn-247-5-2-1,1,247,5,2,1
mn-1-247-5-2-2,mn-247-5-2-2,1,247,5,2,2
mn-1-247-5-2-3,mn-247-5-2-3,1,247,5,2,3
mn-1-247-5-2-4,mn-247-5-2-4,1,247,5,2,4
mn-1-247-6-2-1,mn-247-6-2-1,1,247,6,2,1
mn-1-248-1-1-1,mn-248-1-1-1,1,248,1,1,1
mn-1-248-1-1-2,mn-248-1-1-2,1,248,1,1,2
mn-1-248-1-1-3,mn-248-1-1-3,1,248,1,1,3
mn-1-248-1-1-4,mn-248-1-1-4,1,248,1,1,4
mn-1-248-5-2-1,mn-248-5-2-1,1,248,5,2,1
mn-1-248-5-2-2,mn-248-5-2-2,1,248,5,2,2
mn-1-248-5-2-3,mn-248-5-2-3,1,248,5,2,3
mn-1-249-1-1-1,mn-249-1-1-1,1,249,1,1,1
mn-1-249-1-1-2,mn-249-1-1-2,1,249,1,1,2
mn-1-249-1-1-3,mn-249-1-1-3,1,249,1,1,3
mn-1-249-1-1-4,mn-249-1-1-4,1,249,1,1,4
mn-1-249-2-1-1,mn-249-2-1-1,1,249,2,1,1
mn-1-249-2-1-2,mn-249-2-1-2,1,249,2,1,2
mn-1-249-2-1-3,mn-249-2-1-3,1,249,2,1,3
mn-1-249-5-2-1,mn-249-5-2-1,1,249,5,2,1
mn-1-249-5-2-2,mn-249-5-2-2,1,249,5,2,2
mn-1-249-5-2-3,mn-249-5-2-3,1,249,5,2,3
mn-1-249-6-2-1,mn-249-6-2-1,1,249,6,2,1
mn-1-250-1-1-1,mn-250-1-1-1,1,250,1,1,1
mn-1-250-1-1-2,mn-250-1-1-2,1,250,1,1,2
mn-1-250-1-1-3,mn-250-1-1-3,1,250,1,1,3
mn-1-250-1-1-4,mn-250-1-1-4,1,250,1,1,4
mn-1-250-2-1-1,mn-250-2-1-1,1,250,2,1,1
mn-1-250-2-1-2,mn-250-2-1-2,1,250,2,1,2
mn-1-250-2-1-3,mn-250-2-1-3,1,250,2,1,3
mn-1-250-5-2-1,mn-250-5-2-1,1,250,5,2,1
mn-1-250-5-2-2,mn-250-5-2-2,1,250,5,2,2
mn-1-250-5-2-3,mn-250-5-2-3,1,250,5,2,3
mn-1-250-5-2-4,mn-250-5-2-4,1,250,5,2,4
mn-1-250-6-2-1,mn-250-6-2-1,1,250,6,2,1
mn-1-250-6-2-2,mn-250-6-2-2,1,250,6,2,2
mn-1-251-1-1-1,mn-251-1-1-1,1,251,1,1,1
mn-1-251-1-1-2,mn-251-1-1-2,1,251,1,1,2
mn-1-251-1-1-3,mn-251-1-1-3,1,251,1,1,3
mn-1-251-1-1-4,mn-251-1-1-4,1,251,1,1,4
mn-1-251-2-1-1,mn-251-2-1-1,1,251,2,1,1
mn-1-251-2-1-2,mn-251-2-1-2,1,251,2,1,2
mn-1-251-2-1-3,mn-251-2-1-3,1,251,2,1,3
mn-1-251-5-2-1,mn-251-5-2-1,1,251,5,2,1
mn-1-251-5-2-2,mn-251-5-2-2,1,251,5,2,2
mn-1-251-5-2-3,mn-251-5-2-3,1,251,5,2,3
mn-1-251-5-2-4,mn-251-5-2-4,1,251,5,2,4
mn-1-251-6-2-1,mn-251-6-2-1,1,251,6,2,1
mn-1-251-6-2-2,mn-251-6-2-2,1,251,6,2,2
mn-1-252-1-1-1,mn-252-1-1-1,1,252,1,1,1
mn-1-252-1-1-2,mn-252-1-1-2,1,252,1,1,2
mn-1-252-1-1-3,mn-252-1-1-3,1,252,1,1,3
mn-1-252-1-1-4,mn-252-1-1-4,1,252,1,1,4
mn-1-252-5-2-1,mn-252-5-2-1,1,252,5,2,1
mn-1-252-5-2-2,mn-252-5-2-2,1,252,5,2,2
mn-1-252-5-2-3,mn-252-5-2-3,1,252,5,2,3
mn-1-252-5-2-4,mn-252-5-2-4,1,252,5,2,4
mn-1-252-5-2-5,mn-252-5-2-5,1,252,5,2,5
mn-1-252-5-2-6,mn-252-5-2-6,1,252,5,2,6
mn-1-252-5-2-7,mn-252-5-2-7,1,252,5,2,7
mn-1-252-5-2-8,mn-252-5-2-8,1,252,5,2,8
mn-1-252-5-1-1,mn-252-5-1-1,1,252,5,1,1
mn-1-252-5-1-2,mn-252-5-1-2,1,252,5,1,2
mn-1-252-5-1-3,mn-252-5-1-3,1,252,5,1,3
mn-1-252-5-1-4,mn-252-5-1-4,1,252,5,1,4
mn-1-253-1-1-1,mn-253-1-1-1,1,253,1,1,1
mn-1-253-5-1-1,mn-253-5-1-1,1,253,5,1,1
mn-1-253-5-1-2,mn-253-5-1-2,1,253,5,1,2
mn-1-253-5-1-3,mn-253-5-1-3,1,253,5,1,3
mn-1-253-5-1-4,mn-253-5-1-4,1,253,5,1,4
mn-1-254-1-1-1,mn-254-1-1-1,1,254,1,1,1
mn-1-254-1-1-2,mn-254-1-1-2,1,254,1,1,2
mn-1-254-1-1-3,mn-254-1-1-3,1,254,1,1,3
mn-1-254-1-1-4,mn-254-1-1-4,1,254,1,1,4
mn-1-254-1-1-5,mn-254-1-1-5,1,254,1,1,5
mn-1-254-1-1-6,mn-254-1-1-6,1,254,1,1,6
mn-1-254-1-1-7,mn-254-1-1-7,1,254,1,1,7
mn-1-254-1-1-8,mn-254-1-1-8,1,254,1,1,8
mn-1-254-1-1-9,mn-254-1-1-9,1,254,1,1,9
mn-1-254-1-1-10,mn-254-1-1-10,1,254,1,1,10
mn-1-254-1-1-11,mn-254-1-1-11,1,254,1,1,11
mn-1-254-1-1-12,mn-254-1-1-12,1,254,1,1,12
mn-1-254-5-2-1,mn-254-5-2-1,1,254,5,2,1
mn-1-254-5-2-2,mn-254-5-2-2,1,254,5,2,2
mn-1-254-5-2-3,mn-254-5-2-3,1,254,5,2,3
mn-1-254-5-2-4,mn-254-5-2-4,1,254,5,2,4
mn-1-255-1-1-1,mn-255-1-1-1,1,255,1,1,1
mn-1-255-1-1-2,mn-255-1-1-2,1,255,1,1,2
mn-1-255-1-1-3,mn-255-1-1-3,1,255,1,1,3
mn-1-255-1-1-4,mn-255-1-1-4,1,255,1,1,4
mn-1-255-5-2-1,mn-255-5-2-1,1,255,5,2,1
mn-1-255-5-2-2,mn-255-5-2-2,1,255,5,2,2
mn-1-255-5-2-3,mn-255-5-2-3,1,255,5,2,3
mn-1-255-5-2-4,mn-255-5-2-4,1,255,5,2,4
mn-1-256-1-1-1,mn-256-1-1-1,1,256,1,1,1
mn-1-256-1-1-2,mn-256-1-1-2,1,256,1,1,2
mn-1-256-5-2-1,mn-256-5-2-1,1,256,5,2,1
mn-1-256-5-2-2,mn-256-5-2-2,1,256,5,2,2
mn-1-256-5-2-3,mn-256-5-2-3,1,256,5,2,3
mn-1-256-5-2-4,mn-256-5-2-4,1,256,5,2,4
mn-1-256-5-2-5,mn-256-5-2-5,1,256,5,2,5
mn-1-256-5-2-6,mn-256-5-2-6,1,256,5,2,6
mn-1-256-5-2-7,mn-256-5-2-7,1,256,5,2,7
mn-1-256-5-2-8,mn-256-5-2-8,1,256,5,2,8
mn-1-256-5-1-1,mn-256-5-1-1,1,256,5,1,1
mn-1-256-5-1-2,mn-256-5-1-2,1,256,5,1,2
mn-1-256-5-1-3,mn-256-5-1-3,1,256,5,1,3
mn-1-256-5-1-4,mn-256-5-1-4,1,256,5,1,4
mn-1-257-1-1-1,mn-257-1-1-1,1,257,1,1,1
mn-1-257-5-1-1,mn-257-5-1-1,1,257,5,1,1
mn-1-257-5-1-2,mn-257-5-1-2,1,257,5,1,2
mn-1-257-5-1-3,mn-257-5-1-3,1,257,5,1,3
mn-1-257-5-1-4,mn-257-5-1-4,1,257,5,1,4
mn-1-258-1-1-1,mn-258-1-1-1,1,258,1,1,1
mn-1-258-1-1-2,mn-258-1-1-2,1,258,1,1,2
mn-1-258-1-1-3,mn-258-1-1-3,1,258,1,1,3
mn-1-258-1-1-4,mn-258-1-1-4,1,258,1,1,4
mn-1-258-1-1-5,mn-258-1-1-5,1,258,1,1,5
mn-1-258-1-1-6,mn-258-1-1-6,1,258,1,1,6
mn-1-258-1-1-7,mn-258-1-1-7,1,258,1,1,7
mn-1-258-1-1-8,mn-258-1-1-8,1,258,1,1,8
mn-1-258-1-1-9,mn-258-1-1-9,1,258,1,1,9
mn-1-258-1-1-10,mn-258-1-1-10,1,258,1,1,10
mn-1-258-1-1-11,mn-258-1-1-11,1,258,1,1,11
mn-1-258-1-1-12,mn-258-1-1-12,1,258,1,1,12
mn-1-258-5-2-1,mn-258-5-2-1,1,258,5,2,1
mn-1-258-5-2-2,mn-258-5-2-2,1,258,5,2,2
mn-1-258-5-2-3,mn-258-5-2-3,1,258,5,2,3
mn-1-258-5-2-4,mn-258-5-2-4,1,258,5,2,4
mn-1-259-1-1-1,mn-259-1-1-1,1,259,1,1,1
mn-1-259-1-1-2,mn-259-1-1-2,1,259,1,1,2
mn-1-259-1-1-3,mn-259-1-1-3,1,259,1,1,3
mn-1-259-1-1-4,mn-259-1-1-4,1,259,1,1,4
mn-1-259-5-2-1,mn-259-5-2-1,1,259,5,2,1
mn-1-259-5-2-2,mn-259-5-2-2,1,259,5,2,2
mn-1-259-5-2-3,mn-259-5-2-3,1,259,5,2,3
mn-1-259-5-2-4,mn-259-5-2-4,1,259,5,2,4
mn-1-260-1-1-1,mn-260-1-1-1,1,260,1,1,1
mn-1-260-1-1-2,mn-260-1-1-2,1,260,1,1,2
mn-1-260-1-1-3,mn-260-1-1-3,1,260,1,1,3
mn-1-260-1-1-4,mn-260-1-1-4,1,260,1,1,4
mn-1-260-5-2-1,mn-260-5-2-1,1,260,5,2,1
mn-1-260-5-2-2,mn-260-5-2-2,1,260,5,2,2
mn-1-260-5-2-3,mn-260-5-2-3,1,260,5,2,3
mn-1-260-5-2-4,mn-260-5-2-4,1,260,5,2,4
mn-1-261-1-1-1,mn-261-1-1-1,1,261,1,1,1
mn-1-261-1-1-2,mn-261-1-1-2,1,261,1,1,2
mn-1-261-1-1-3,mn-261-1-1-3,1,261,1,1,3
mn-1-261-1-1-4,mn-261-1-1-4,1,261,1,1,4
mn-1-261-5-2-1,mn-261-5-2-1,1,261,5,2,1
mn-1-261-5-2-2,mn-261-5-2-2,1,261,5,2,2
mn-1-261-5-2-3,mn-261-5-2-3,1,261,5,2,3
mn-1-261-5-2-4,mn-261-5-2-4,1,261,5,2,4
mn-1-262-1-1-1,mn-262-1-1-1,1,262,1,1,1
mn-1-262-1-1-2,mn-262-1-1-2,1,262,1,1,2
mn-1-262-5-2-1,mn-262-5-2-1,1,262,5,2,1
mn-1-262-6-1-1,mn-262-6-1-1,1,262,6,1,1
mn-1-262-6-1-2,mn-262-6-1-2,1,262,6,1,2
mn-1-262-6-1-3,mn-262-6-1-3,1,262,6,1,3
mn-1-262-6-1-4,mn-262-6-1-4,1,262,6,1,4
mn-1-263-1-1-1,mn-263-1-1-1,1,263,1,1,1
mn-1-263-1-1-2,mn-263-1-1-2,1,263,1,1,2
mn-1-263-5-2-1,mn-263-5-2-1,1,263,5,2,1
mn-1-263-6-1-1,mn-263-6-1-1,1,263,6,1,1
mn-1-263-6-1-2,mn-263-6-1-2,1,263,6,1,2
mn-1-263-6-1-3,mn-263-6-1-3,1,263,6,1,3
mn-1-263-6-1-4,mn-263-6-1-4,1,263,6,1,4
mn-1-264-1-1-1,mn-264-1-1-1,1,264,1,1,1
mn-1-264-1-2-1,mn-264-1-2-1,1,264,1,2,1
mn-1-264-5-2-1,mn-264-5-2-1,1,264,5,2,1
mn-1-264-5-2-2,mn-264-5-2-2,1,264,5,2,2
mn-1-264-5-2-3,mn-264-5-2-3,1,264,5,2,3
mn-1-264-5-2-4,mn-264-5-2-4,1,264,5,2,4
mn-1-264-6-2-1,mn-264-6-2-1,1,264,6,2,1
mn-1-265-1-2-1,mn-265-1-2-1,1,265,1,2,1
mn-1-265-1-2-2,mn-265-1-2-2,1,265,1,2,2
mn-1-265-5-2-1,mn-265-5-2-1,1,265,5,2,1
mn-1-265-5-2-2,mn-265-5-2-2,1,265,5,2,2
mn-1-265-5-2-3,mn-265-5-2-3,1,265,5,2,3
mn-1-265-5-2-4,mn-265-5-2-4,1,265,5,2,4
mn-1-265-6-2-1,mn-265-6-2-1,1,265,6,2,1
mn-1-266-1-2-1,mn-266-1-2-1,1,266,1,2,1
mn-1-266-1-2-2,mn-266-1-2-2,1,266,1,2,2
mn-1-266-1-1-1,mn-266-1-1-1,1,266,1,1,1
mn-1-266-5-2-1,mn-266-5-2-1,1,266,5,2,1
mn-1-266-6-2-1,mn-266-6-2-1,1,266,6,2,1
mn-1-266-6-2-2,mn-266-6-2-2,1,266,6,2,2
mn-1-266-6-2-3,mn-266-6-2-3,1,266,6,2,3
mn-1-266-6-2-4,mn-266-6-2-4,1,266,6,2,4
mn-1-267-1-1-1,mn-267-1-1-1,1,267,1,1,1
mn-1-267-5-2-1,mn-267-5-2-1,1,267,5,2,1
mn-1-267-5-2-2,mn-267-5-2-2,1,267,5,2,2
mn-1-267-5-2-3,mn-267-5-2-3,1,267,5,2,3
mn-1-267-5-2-4,mn-267-5-2-4,1,267,5,2,4
mn-1-268-1-1-1,mn-268-1-1-1,1,268,1,1,1
mn-1-268-1-1-2,mn-268-1-1-2,1,268,1,1,2
mn-1-268-1-1-3,mn-268-1-1-3,1,268,1,1,3
mn-1-268-5-2-1,mn-268-5-2-1,1,268,5,2,1
mn-1-268-5-2-2,mn-268-5-2-2,1,268,5,2,2
mn-1-268-5-2-3,mn-268-5-2-3,1,268,5,2,3
mn-1-268-5-2-4,mn-268-5-2-4,1,268,5,2,4
mn-1-269-1-1-1,mn-269-1-1-1,1,269,1,1,1
mn-1-269-1-1-2,mn-269-1-1-2,1,269,1,1,2
mn-1-269-1-1-3,mn-269-1-1-3,1,269,1,1,3
mn-1-269-1-1-4,mn-269-1-1-4,1,269,1,1,4
mn-1-269-5-2-1,mn-269-5-2-1,1,269,5,2,1
mn-1-270-1-1-1,mn-270-1-1-1,1,270,1,1,1
mn-1-270-1-1-2,mn-270-1-1-2,1,270,1,1,2
mn-1-270-1-1-3,mn-270-1-1-3,1,270,1,1,3
mn-1-270-5-2-1,mn-270-5-2-1,1,270,5,2,1
mn-1-270-5-2-2,mn-270-5-2-2,1,270,5,2,2
mn-1-270-5-2-3,mn-270-5-2-3,1,270,5,2,3
mn-1-270-5-2-4,mn-270-5-2-4,1,270,5,2,4
mn-1-271-1-1-1,mn-271-1-1-1,1,271,1,1,1
mn-1-271-1-1-2,mn-271-1-1-2,1,271,1,1,2
mn-1-271-1-1-3,mn-271-1-1-3,1,271,1,1,3
mn-1-271-1-1-4,mn-271-1-1-4,1,271,1,1,4
mn-1-271-5-2-1,mn-271-5-2-1,1,271,5,2,1
mn-1-272-1-1-1,mn-272-1-1-1,1,272,1,1,1
mn-1-272-1-1-2,mn-272-1-1-2,1,272,1,1,2
mn-1-272-1-1-3,mn-272-1-1-3,1,272,1,1,3
mn-1-272-5-2-1,mn-272-5-2-1,1,272,5,2,1
mn-1-272-5-2-2,mn-272-5-2-2,1,272,5,2,2
mn-1-272-5-2-3,mn-272-5-2-3,1,272,5,2,3
mn-1-272-5-2-4,mn-272-5-2-4,1,272,5,2,4
mn-1-273-1-1-1,mn-273-1-1-1,1,273,1,1,1
mn-1-273-1-1-2,mn-273-1-1-2,1,273,1,1,2
mn-1-273-1-1-3,mn-273-1-1-3,1,273,1,1,3
mn-1-273-1-1-4,mn-273-1-1-4,1,273,1,1,4
mn-1-273-5-2-1,mn-273-5-2-1,1,273,5,2,1
mn-1-274-1-1-1,mn-274-1-1-1,1,274,1,1,1
mn-1-274-5-2-1,mn-274-5-2-1,1,274,5,2,1
mn-1-274-5-2-2,mn-274-5-2-2,1,274,5,2,2
mn-1-274-6-2-1,mn-274-6-2-1,1,274,6,2,1
mn-1-274-7-2-1,mn-274-7-2-1,1,274,7,2,1
mn-1-274-7-2-2,mn-274-7-2-2,1,274,7,2,2
mn-1-274-8-2-1,mn-274-8-2-1,1,274,8,2,1
mn-1-274-8-2-2,mn-274-8-2-2,1,274,8,2,2
mn-1-274-8-2-3,mn-274-8-2-3,1,274,8,2,3
mn-1-275-1-1-1,mn-275-1-1-1,1,275,1,1,1
mn-1-275-1-1-2,mn-275-1-1-2,1,275,1,1,2
mn-1-275-1-1-3,mn-275-1-1-3,1,275,1,1,3
mn-1-275-1-1-4,mn-275-1-1-4,1,275,1,1,4
mn-1-275-5-2-1,mn-275-5-2-1,1,275,5,2,1
mn-1-275-6-2-1,mn-275-6-2-1,1,275,6,2,1
mn-1-275-7-2-1,mn-275-7-2-1,1,275,7,2,1
mn-1-275-8-1-1,mn-275-8-1-1,1,275,8,1,1
mn-1-276-1-1-1,mn-276-1-1-1,1,276,1,1,1
mn-1-276-1-1-2,mn-276-1-1-2,1,276,1,1,2
mn-1-276-1-1-3,mn-276-1-1-3,1,276,1,1,3
mn-1-276-1-1-4,mn-276-1-1-4,1,276,1,1,4
mn-1-276-5-2-1,mn-276-5-2-1,1,276,5,2,1
mn-1-276-6-2-1,mn-276-6-2-1,1,276,6,2,1
mn-1-276-7-2-1,mn-276-7-2-1,1,276,7,2,1
mn-1-276-8-1-1,mn-276-8-1-1,1,276,8,1,1
mn-1-277-1-1-1,mn-277-1-1-1,1,277,1,1,1
mn-1-277-1-1-2,mn-277-1-1-2,1,277,1,1,2
mn-1-277-1-1-3,mn-277-1-1-3,1,277,1,1,3
mn-1-277-1-1-4,mn-277-1-1-4,1,277,1,1,4
mn-1-277-5-2-1,mn-277-5-2-1,1,277,5,2,1
mn-1-277-6-2-1,mn-277-6-2-1,1,277,6,2,1
mn-1-277-8-1-1,mn-277-8-1-1,1,277,8,1,1
mn-1-277-8-1-2,mn-277-8-1-2,1,277,8,1,2
mn-1-278-1-1-1,mn-278-1-1-1,1,278,1,1,1
mn-1-278-1-1-2,mn-278-1-1-2,1,278,1,1,2
mn-1-278-1-1-3,mn-278-1-1-3,1,278,1,1,3
mn-1-278-5-2-1,mn-278-5-2-1,1,278,5,2,1
mn-1-278-5-2-2,mn-278-5-2-2,1,278,5,2,2
mn-1-278-5-2-3,mn-278-5-2-3,1,278,5,2,3
mn-1-278-5-2-4,mn-278-5-2-4,1,278,5,2,4
mn-1-278-5-2-5,mn-278-5-2-5,1,278,5,2,5
mn-1-278-5-2-6,mn-278-5-2-6,1,278,5,2,6
mn-1-278-5-2-7,mn-278-5-2-7,1,278,5,2,7
mn-1-278-5-2-8,mn-278-5-2-8,1,278,5,2,8
mn-1-278-5-2-9,mn-278-5-2-9,1,278,5,2,9
mn-1-278-5-2-10,mn-278-5-2-10,1,278,5,2,10
mn-1-278-5-2-11,mn-278-5-2-11,1,278,5,2,11
mn-1-278-5-2-12,mn-278-5-2-12,1,278,5,2,12
mn-1-279-1-1-1,mn-279-1-1-1,1,279,1,1,1
mn-1-279-1-1-2,mn-279-1-1-2,1,279,1,1,2
mn-1-279-1-1-3,mn-279-1-1-3,1,279,1,1,3
mn-1-279-1-1-4,mn-279-1-1-4,1,279,1,1,4
mn-1-279-5-2-1,mn-279-5-2-1,1,279,5,2,1
mn-1-279-5-2-2,mn-279-5-2-2,1,279,5,2,2
mn-1-279-5-2-3,mn-279-5-2-3,1,279,5,2,3
mn-1-279-5-2-4,mn-279-5-2-4,1,279,5,2,4
mn-1-279-5-2-5,mn-279-5-2-5,1,279,5,2,5
mn-1-279-5-2-6,mn-279-5-2-6,1,279,5,2,6
mn-1-279-5-2-7,mn-279-5-2-7,1,279,5,2,7
mn-1-279-5-2-8,mn-279-5-2-8,1,279,5,2,8
mn-1-279-5-2-9,mn-279-5-2-9,1,279,5,2,9
mn-1-279-5-2-10,mn-279-5-2-10,1,279,5,2,10
mn-1-279-5-2-11,mn-279-5-2-11,1,279,5,2,11
mn-1-279-5-2-12,mn-279-5-2-12,1,279,5,2,12
mn-1-280-1-1-1,mn-280-1-1-1,1,280,1,1,1
mn-1-280-1-1-2,mn-280-1-1-2,1,280,1,1,2
mn-1-280-1-1-3,mn-280-1-1-3,1,280,1,1,3
mn-1-280-1-1-4,mn-280-1-1-4,1,280,1,1,4
mn-1-280-5-2-1,mn-280-5-2-1,1,280,5,2,1
mn-1-280-5-2-2,mn-280-5-2-2,1,280,5,2,2
mn-1-280-5-2-3,mn-280-5-2-3,1,280,5,2,3
mn-1-280-5-2-4,mn-280-5-2-4,1,280,5,2,4
mn-1-280-5-2-5,mn-280-5-2-5,1,280,5,2,5
mn-1-280-5-2-6,mn-280-5-2-6,1,280,5,2,6
mn-1-280-5-2-7,mn-280-5-2-7,1,280,5,2,7
mn-1-280-5-2-8,mn-280-5-2-8,1,280,5,2,8
mn-1-280-5-2-9,mn-280-5-2-9,1,280,5,2,9
mn-1-280-5-2-10,mn-280-5-2-10,1,280,5,2,10
mn-1-280-5-2-11,mn-280-5-2-11,1,280,5,2,11
mn-1-280-5-2-12,mn-280-5-2-12,1,280,5,2,12
mn-1-281-1-1-1,mn-281-1-1-1,1,281,1,1,1
mn-1-281-1-1-2,mn-281-1-1-2,1,281,1,1,2
mn-1-281-5-2-1,mn-281-5-2-1,1,281,5,2,1
mn-1-281-5-2-2,mn-281-5-2-2,1,281,5,2,2
mn-1-281-5-2-3,mn-281-5-2-3,1,281,5,2,3
mn-1-281-5-2-4,mn-281-5-2-4,1,281,5,2,4
mn-1-281-5-2-5,mn-281-5-2-5,1,281,5,2,5
mn-1-281-5-2-6,mn-281-5-2-6,1,281,5,2,6
mn-1-281-5-2-7,mn-281-5-2-7,1,281,5,2,7
mn-1-281-5-2-8,mn-281-5-2-8,1,281,5,2,8
mn-1-281-5-2-9,mn-281-5-2-9,1,281,5,2,9
mn-1-281-5-2-10,mn-281-5-2-10,1,281,5,2,10
mn-1-281-5-2-11,mn-281-5-2-11,1,281,5,2,11
mn-1-281-5-2-12,mn-281-5-2-12,1,281,5,2,12
mn-1-282-1-1-1,mn-282-1-1-1,1,282,1,1,1
mn-1-282-1-1-2,mn-282-1-1-2,1,282,1,1,2
mn-1-282-1-1-3,mn-282-1-1-3,1,282,1,1,3
mn-1-282-5-2-1,mn-282-5-2-1,1,282,5,2,1
mn-1-282-5-2-2,mn-282-5-2-2,1,282,5,2,2
mn-1-282-5-2-3,mn-282-5-2-3,1,282,5,2,3
mn-1-282-5-2-4,mn-282-5-2-4,1,282,5,2,4
mn-1-282-5-2-5,mn-282-5-2-5,1,282,5,2,5
mn-1-282-5-2-6,mn-282-5-2-6,1,282,5,2,6
mn-1-282-5-2-7,mn-282-5-2-7,1,282,5,2,7
mn-1-282-5-2-8,mn-282-5-2-8,1,282,5,2,8
mn-1-282-5-2-9,mn-282-5-2-9,1,282,5,2,9
mn-1-282-5-2-10,mn-282-5-2-10,1,282,5,2,10
mn-1-282-5-2-11,mn-282-5-2-11,1,282,5,2,11
mn-1-282-5-2-12,mn-282-5-2-12,1,282,5,2,12
mn-1-283-1-1-1,mn-283-1-1-1,1,283,1,1,1
mn-1-283-1-1-2,mn-283-1-1-2,1,283,1,1,2
mn-1-283-1-1-3,mn-283-1-1-3,1,283,1,1,3
mn-1-283-1-1-4,mn-283-1-1-4,1,283,1,1,4
mn-1-283-5-2-1,mn-283-5-2-1,1,283,5,2,1
mn-1-283-5-2-2,mn-283-5-2-2,1,283,5,2,2
mn-1-283-5-2-3,mn-283-5-2-3,1,283,5,2,3
mn-1-283-5-2-4,mn-283-5-2-4,1,283,5,2,4
mn-1-283-5-2-5,mn-283-5-2-5,1,283,5,2,5
mn-1-283-5-2-6,mn-283-5-2-6,1,283,5,2,6
mn-1-283-5-2-7,mn-283-5-2-7,1,283,5,2,7
mn-1-283-5-2-8,mn-283-5-2-8,1,283,5,2,8
mn-1-283-5-2-9,mn-283-5-2-9,1,283,5,2,9
mn-1-283-5-2-10,mn-283-5-2-10,1,283,5,2,10
mn-1-283-5-2-11,mn-283-5-2-11,1,283,5,2,11
mn-1-283-5-2-12,mn-283-5-2-12,1,283,5,2,12
mn-1-284-1-1-1,mn-284-1-1-1,1,284,1,1,1
mn-1-284-1-1-2,mn-284-1-1-2,1,284,1,1,2
mn-1-284-1-1-3,mn-284-1-1-3,1,284,1,1,3
mn-1-284-1-1-4,mn-284-1-1-4,1,284,1,1,4
mn-1-284-5-2-1,mn-284-5-2-1,1,284,5,2,1
mn-1-284-5-2-2,mn-284-5-2-2,1,284,5,2,2
mn-1-284-5-2-3,mn-284-5-2-3,1,284,5,2,3
mn-1-284-5-2-4,mn-284-5-2-4,1,284,5,2,4
mn-1-284-5-2-5,mn-284-5-2-5,1,284,5,2,5
mn-1-284-5-2-6,mn-284-5-2-6,1,284,5,2,6
mn-1-284-5-2-7,mn-284-5-2-7,1,284,5,2,7
mn-1-284-5-2-8,mn-284-5-2-8,1,284,5,2,8
mn-1-284-5-2-9,mn-284-5-2-9,1,284,5,2,9
mn-1-284-5-2-10,mn-284-5-2-10,1,284,5,2,10
mn-1-284-5-2-11,mn-284-5-2-11,1,284,5,2,11
mn-1-284-5-2-12,mn-284-5-2-12,1,284,5,2,12
mn-1-285-1-1-1,mn-285-1-1-1,1,285,1,1,1
mn-1-285-1-1-2,mn-285-1-1-2,1,285,1,1,2
mn-1-285-5-2-1,mn-285-5-2-1,1,285,5,2,1
mn-1-285-5-2-2,mn-285-5-2-2,1,285,5,2,2
mn-1-285-5-2-3,mn-285-5-2-3,1,285,5,2,3
mn-1-285-5-2-4,mn-285-5-2-4,1,285,5,2,4
mn-1-285-5-2-5,mn-285-5-2-5,1,285,5,2,5
mn-1-285-5-2-6,mn-285-5-2-6,1,285,5,2,6
mn-1-285-5-2-7,mn-285-5-2-7,1,285,5,2,7
mn-1-285-5-2-8,mn-285-5-2-8,1,285,5,2,8
mn-1-285-5-2-9,mn-285-5-2-9,1,285,5,2,9
mn-1-285-5-2-10,mn-285-5-2-10,1,285,5,2,10
mn-1-285-5-2-11,mn-285-5-2-11,1,285,5,2,11
mn-1-285-5-2-12,mn-285-5-2-12,1,285,5,2,12
mn-1-286-1-1-1,mn-286-1-1-1,1,286,1,1,1
mn-1-286-1-1-2,mn-286-1-1-2,1,286,1,1,2
mn-1-286-1-1-3,mn-286-1-1-3,1,286,1,1,3
mn-1-286-5-2-1,mn-286-5-2-1,1,286,5,2,1
mn-1-286-5-2-2,mn-286-5-2-2,1,286,5,2,2
mn-1-286-5-2-3,mn-286-5-2-3,1,286,5,2,3
mn-1-286-5-2-4,mn-286-5-2-4,1,286,5,2,4
mn-1-286-5-2-5,mn-286-5-2-5,1,286,5,2,5
mn-1-286-5-2-6,mn-286-5-2-6,1,286,5,2,6
mn-1-286-5-2-7,mn-286-5-2-7,1,286,5,2,7
mn-1-286-5-2-8,mn-286-5-2-8,1,286,5,2,8
mn-1-286-5-2-9,mn-286-5-2-9,1,286,5,2,9
mn-1-286-5-2-10,mn-286-5-2-10,1,286,5,2,10
mn-1-286-5-2-11,mn-286-5-2-11,1,286,5,2,11
mn-1-287-1-1-1,mn-287-1-1-1,1,287,1,1,1
mn-1-287-1-1-2,mn-287-1-1-2,1,287,1,1,2
mn-1-287-1-1-3,mn-287-1-1-3,1,287,1,1,3
mn-1-287-1-1-4,mn-287-1-1-4,1,287,1,1,4
mn-1-287-5-2-1,mn-287-5-2-1,1,287,5,2,1
mn-1-287-5-2-2,mn-287-5-2-2,1,287,5,2,2
mn-1-287-5-2-3,mn-287-5-2-3,1,287,5,2,3
mn-1-287-5-2-4,mn-287-5-2-4,1,287,5,2,4
mn-1-287-5-2-5,mn-287-5-2-5,1,287,5,2,5
mn-1-287-5-2-6,mn-287-5-2-6,1,287,5,2,6
mn-1-287-5-2-7,mn-287-5-2-7,1,287,5,2,7
mn-1-287-5-2-8,mn-287-5-2-8,1,287,5,2,8
mn-1-287-5-2-9,mn-287-5-2-9,1,287,5,2,9
mn-1-287-5-2-10,mn-287-5-2-10,1,287,5,2,10
mn-1-287-5-2-11,mn-287-5-2-11,1,287,5,2,11
mn-1-287-5-2-12,mn-287-5-2-12,1,287,5,2,12
mn-1-288-1-1-1,mn-288-1-1-1,1,288,1,1,1
mn-1-288-1-1-2,mn-288-1-1-2,1,288,1,1,2
mn-1-288-1-1-3,mn-288-1-1-3,1,288,1,1,3
mn-1-288-1-1-4,mn-288-1-1-4,1,288,1,1,4
mn-1-288-1-1-5,mn-288-1-1-5,1,288,1,1,5
mn-1-288-5-2-1,mn-288-5-2-1,1,288,5,2,1
mn-1-288-5-2-2,mn-288-5-2-2,1,288,5,2,2
mn-1-288-5-2-3,mn-288-5-2-3,1,288,5,2,3
mn-1-288-5-2-4,mn-288-5-2-4,1,288,5,2,4
mn-1-288-5-2-5,mn-288-5-2-5,1,288,5,2,5
mn-1-288-5-2-6,mn-288-5-2-6,1,288,5,2,6
mn-1-288-5-2-7,mn-288-5-2-7,1,288,5,2,7
mn-1-288-5-2-8,mn-288-5-2-8,1,288,5,2,8
mn-1-288-5-2-9,mn-288-5-2-9,1,288,5,2,9
mn-1-288-5-2-10,mn-288-5-2-10,1,288,5,2,10
mn-1-288-5-2-11,mn-288-5-2-11,1,288,5,2,11
mn-1-288-5-2-12,mn-288-5-2-12,1,288,5,2,12
mn-1-289-1-1-1,mn-289-1-1-1,1,289,1,1,1
mn-1-289-1-1-2,mn-289-1-1-2,1,289,1,1,2
mn-1-289-1-1-3,mn-289-1-1-3,1,289,1,1,3
mn-1-289-5-2-1,mn-289-5-2-1,1,289,5,2,1
mn-1-289-5-2-2,mn-289-5-2-2,1,289,5,2,2
mn-1-289-5-2-3,mn-289-5-2-3,1,289,5,2,3
mn-1-289-5-2-4,mn-289-5-2-4,1,289,5,2,4
mn-1-289-5-2-5,mn-289-5-2-5,1,289,5,2,5
mn-1-289-5-2-6,mn-289-5-2-6,1,289,5,2,6
mn-1-289-5-2-7,mn-289-5-2-7,1,289,5,2,7
mn-1-289-5-2-8,mn-289-5-2-8,1,289,5,2,8
mn-1-289-5-2-9,mn-289-5-2-9,1,289,5,2,9
mn-1-289-5-2-10,mn-289-5-2-10,1,289,5,2,10
mn-1-289-5-2-11,mn-289-5-2-11,1,289,5,2,11
mn-1-289-5-2-12,mn-289-5-2-12,1,289,5,2,12
mn-1-290-1-1-1,mn-290-1-1-1,1,290,1,1,1
mn-1-290-1-1-2,mn-290-1-1-2,1,290,1,1,2
mn-1-290-1-1-3,mn-290-1-1-3,1,290,1,1,3
mn-1-290-2-1-1,mn-290-2-1-1,1,290,2,1,1
mn-1-290-2-1-2,mn-290-2-1-2,1,290,2,1,2
mn-1-290-2-1-3,mn-290-2-1-3,1,290,2,1,3
mn-1-290-2-1-4,mn-290-2-1-4,1,290,2,1,4
mn-1-290-2-1-5,mn-290-2-1-5,1,290,2,1,5
mn-1-290-2-1-6,mn-290-2-1-6,1,290,2,1,6
mn-1-290-5-2-1,mn-290-5-2-1,1,290,5,2,1
mn-1-290-5-2-2,mn-290-5-2-2,1,290,5,2,2
mn-1-290-5-2-3,mn-290-5-2-3,1,290,5,2,3
mn-1-290-5-2-4,mn-290-5-2-4,1,290,5,2,4
mn-1-290-5-2-5,mn-290-5-2-5,1,290,5,2,5
mn-1-290-5-2-6,mn-290-5-2-6,1,290,5,2,6
mn-1-290-5-2-7,mn-290-5-2-7,1,290,5,2,7
mn-1-290-5-2-8,mn-290-5-2-8,1,290,5,2,8
mn-1-290-5-2-9,mn-290-5-2-9,1,290,5,2,9
mn-1-290-5-2-10,mn-290-5-2-10,1,290,5,2,10
mn-1-290-5-2-11,mn-290-5-2-11,1,290,5,2,11
mn-1-290-5-2-12,mn-290-5-2-12,1,290,5,2,12
mn-1-291-1-1-1,mn-291-1-1-1,1,291,1,1,1
mn-1-291-1-1-2,mn-291-1-1-2,1,291,1,1,2
mn-1-291-1-1-3,mn-291-1-1-3,1,291,1,1,3
mn-1-291-1-1-4,mn-291-1-1-4,1,291,1,1,4
mn-1-291-5-2-1,mn-291-5-2-1,1,291,5,2,1
mn-1-291-5-2-2,mn-291-5-2-2,1,291,5,2,2
mn-1-291-5-2-3,mn-291-5-2-3,1,291,5,2,3
mn-1-291-5-2-4,mn-291-5-2-4,1,291,5,2,4
mn-1-291-5-2-5,mn-291-5-2-5,1,291,5,2,5
mn-1-291-5-2-6,mn-291-5-2-6,1,291,5,2,6
mn-1-291-5-2-7,mn-291-5-2-7,1,291,5,2,7
mn-1-291-5-2-8,mn-291-5-2-8,1,291,5,2,8
mn-1-291-5-2-9,mn-291-5-2-9,1,291,5,2,9
mn-1-291-5-2-10,mn-291-5-2-10,1,291,5,2,10
mn-1-291-5-2-11,mn-291-5-2-11,1,291,5,2,11
mn-1-291-5-2-12,mn-291-5-2-12,1,291,5,2,12
mn-1-292-1-1-1,mn-292-1-1-1,1,292,1,1,1
mn-1-292-1-1-2,mn-292-1-1-2,1,292,1,1,2
mn-1-292-1-1-3,mn-292-1-1-3,1,292,1,1,3
mn-1-292-2-1-1,mn-292-2-1-1,1,292,2,1,1
mn-1-292-2-1-2,mn-292-2-1-2,1,292,2,1,2
mn-1-292-2-1-3,mn-292-2-1-3,1,292,2,1,3
mn-1-292-2-1-4,mn-292-2-1-4,1,292,2,1,4
mn-1-292-2-1-5,mn-292-2-1-5,1,292,2,1,5
mn-1-292-2-1-6,mn-292-2-1-6,1,292,2,1,6
mn-1-292-5-2-1,mn-292-5-2-1,1,292,5,2,1
mn-1-292-5-2-2,mn-292-5-2-2,1,292,5,2,2
mn-1-292-5-2-3,mn-292-5-2-3,1,292,5,2,3
mn-1-292-5-2-4,mn-292-5-2-4,1,292,5,2,4
mn-1-292-5-2-5,mn-292-5-2-5,1,292,5,2,5
mn-1-292-5-2-6,mn-292-5-2-6,1,292,5,2,6
mn-1-292-5-2-7,mn-292-5-2-7,1,292,5,2,7
mn-1-292-5-2-8,mn-292-5-2-8,1,292,5,2,8
mn-1-292-5-2-9,mn-292-5-2-9,1,292,5,2,9
mn-1-292-5-2-10,mn-292-5-2-10,1,292,5,2,10
mn-1-292-5-2-11,mn-292-5-2-11,1,292,5,2,11
mn-1-292-5-2-12,mn-292-5-2-12,1,292,5,2,12
mn-1-293-1-1-1,mn-293-1-1-1,1,293,1,1,1
mn-1-293-1-1-2,mn-293-1-1-2,1,293,1,1,2
mn-1-293-1-1-3,mn-293-1-1-3,1,293,1,1,3
mn-1-293-1-1-4,mn-293-1-1-4,1,293,1,1,4
mn-1-293-5-2-1,mn-293-5-2-1,1,293,5,2,1
mn-1-293-5-2-2,mn-293-5-2-2,1,293,5,2,2
mn-1-293-5-2-3,mn-293-5-2-3,1,293,5,2,3
mn-1-293-5-2-4,mn-293-5-2-4,1,293,5,2,4
mn-1-293-5-2-5,mn-293-5-2-5,1,293,5,2,5
mn-1-293-5-2-6,mn-293-5-2-6,1,293,5,2,6
mn-1-293-5-2-7,mn-293-5-2-7,1,293,5,2,7
mn-1-293-5-2-8,mn-293-5-2-8,1,293,5,2,8
mn-1-293-5-2-9,mn-293-5-2-9,1,293,5,2,9
mn-1-293-5-2-10,mn-293-5-2-10,1,293,5,2,10
mn-1-293-5-2-11,mn-293-5-2-11,1,293,5,2,11
mn-1-293-5-2-12,mn-293-5-2-12,1,293,5,2,12
mn-1-294-1-1-1,mn-294-1-1-1,1,294,1,1,1
mn-1-294-1-1-2,mn-294-1-1-2,1,294,1,1,2
mn-1-294-1-1-3,mn-294-1-1-3,1,294,1,1,3
mn-1-294-2-1-1,mn-294-2-1-1,1,294,2,1,1
mn-1-294-2-1-2,mn-294-2-1-2,1,294,2,1,2
mn-1-294-2-1-3,mn-294-2-1-3,1,294,2,1,3
mn-1-294-2-1-4,mn-294-2-1-4,1,294,2,1,4
mn-1-294-2-1-5,mn-294-2-1-5,1,294,2,1,5
mn-1-294-2-1-6,mn-294-2-1-6,1,294,2,1,6
mn-1-294-5-2-1,mn-294-5-2-1,1,294,5,2,1
mn-1-294-5-2-2,mn-294-5-2-2,1,294,5,2,2
mn-1-294-5-2-3,mn-294-5-2-3,1,294,5,2,3
mn-1-294-5-2-4,mn-294-5-2-4,1,294,5,2,4
mn-1-294-5-2-5,mn-294-5-2-5,1,294,5,2,5
mn-1-294-5-2-6,mn-294-5-2-6,1,294,5,2,6
mn-1-294-5-2-7,mn-294-5-2-7,1,294,5,2,7
mn-1-294-5-2-8,mn-294-5-2-8,1,294,5,2,8
mn-1-294-5-2-9,mn-294-5-2-9,1,294,5,2,9
mn-1-294-5-2-10,mn-294-5-2-10,1,294,5,2,10
mn-1-294-5-2-11,mn-294-5-2-11,1,294,5,2,11
mn-1-294-5-2-12,mn-294-5-2-12,1,294,5,2,12
mn-1-295-1-1-1,mn-295-1-1-1,1,295,1,1,1
mn-1-295-1-1-2,mn-295-1-1-2,1,295,1,1,2
mn-1-295-1-1-3,mn-295-1-1-3,1,295,1,1,3
mn-1-295-1-1-4,mn-295-1-1-4,1,295,1,1,4
mn-1-295-5-2-1,mn-295-5-2-1,1,295,5,2,1
mn-1-295-5-2-2,mn-295-5-2-2,1,295,5,2,2
mn-1-295-5-2-3,mn-295-5-2-3,1,295,5,2,3
mn-1-295-5-2-4,mn-295-5-2-4,1,295,5,2,4
mn-1-295-5-2-5,mn-295-5-2-5,1,295,5,2,5
mn-1-295-5-2-6,mn-295-5-2-6,1,295,5,2,6
mn-1-295-5-2-7,mn-295-5-2-7,1,295,5,2,7
mn-1-295-5-2-8,mn-295-5-2-8,1,295,5,2,8
mn-1-295-5-2-9,mn-295-5-2-9,1,295,5,2,9
mn-1-295-5-2-10,mn-295-5-2-10,1,295,5,2,10
mn-1-295-5-2-11,mn-295-5-2-11,1,295,5,2,11
mn-1-295-5-2-12,mn-295-5-2-12,1,295,5,2,12
mn-1-296-1-1-1,mn-296-1-1-1,1,296,1,1,1
mn-1-296-1-1-2,mn-296-1-1-2,1,296,1,1,2
mn-1-296-1-1-3,mn-296-1-1-3,1,296,1,1,3
mn-1-296-1-1-4,mn-296-1-1-4,1,296,1,1,4
mn-1-296-1-1-5,mn-296-1-1-5,1,296,1,1,5
mn-1-296-1-1-6,mn-296-1-1-6,1,296,1,1,6
mn-1-296-1-1-7,mn-296-1-1-7,1,296,1,1,7
mn-1-296-5-2-1,mn-296-5-2-1,1,296,5,2,1
mn-1-296-5-2-2,mn-296-5-2-2,1,296,5,2,2
mn-1-296-5-2-3,mn-296-5-2-3,1,296,5,2,3
mn-1-296-5-2-4,mn-296-5-2-4,1,296,5,2,4
mn-1-296-5-2-5,mn-296-5-2-5,1,296,5,2,5
mn-1-296-5-2-6,mn-296-5-2-6,1,296,5,2,6
mn-1-296-5-2-7,mn-296-5-2-7,1,296,5,2,7
mn-1-297-1-1-1,mn-297-1-1-1,1,297,1,1,1
mn-1-297-1-1-2,mn-297-1-1-2,1,297,1,1,2
mn-1-297-1-1-3,mn-297-1-1-3,1,297,1,1,3
mn-1-297-1-1-4,mn-297-1-1-4,1,297,1,1,4
mn-1-297-5-2-1,mn-297-5-2-1,1,297,5,2,1
mn-1-297-5-2-2,mn-297-5-2-2,1,297,5,2,2
mn-1-298-1-1-1,mn-298-1-1-1,1,298,1,1,1
mn-1-298-1-1-2,mn-298-1-1-2,1,298,1,1,2
mn-1-298-1-1-3,mn-298-1-1-3,1,298,1,1,3
mn-1-298-1-1-4,mn-298-1-1-4,1,298,1,1,4
mn-1-298-1-1-5,mn-298-1-1-5,1,298,1,1,5
mn-1-298-1-1-6,mn-298-1-1-6,1,298,1,1,6
mn-1-298-1-1-7,mn-298-1-1-7,1,298,1,1,7
mn-1-298-5-2-1,mn-298-5-2-1,1,298,5,2,1
mn-1-298-5-2-2,mn-298-5-2-2,1,298,5,2,2
mn-1-298-5-2-3,mn-298-5-2-3,1,298,5,2,3
mn-1-298-5-2-4,mn-298-5-2-4,1,298,5,2,4
mn-1-298-5-2-5,mn-298-5-2-5,1,298,5,2,5
mn-1-298-5-2-6,mn-298-5-2-6,1,298,5,2,6
mn-1-299-1-1-1,mn-299-1-1-1,1,299,1,1,1
mn-1-299-1-1-2,mn-299-1-1-2,1,299,1,1,2
mn-1-299-1-1-3,mn-299-1-1-3,1,299,1,1,3
mn-1-299-5-2-1,mn-299-5-2-1,1,299,5,2,1
mn-1-299-5-2-2,mn-299-5-2-2,1,299,5,2,2
mn-1-300-1-1-1,mn-300-1-1-1,1,300,1,1,1
mn-1-300-1-1-2,mn-300-1-1-2,1,300,1,1,2
mn-1-300-1-1-3,mn-300-1-1-3,1,300,1,1,3
mn-1-300-5-2-1,mn-300-5-2-1,1,300,5,2,1
mn-1-300-5-2-2,mn-300-5-2-2,1,300,5,2,2
mn-1-300-6-2-1,mn-300-6-2-1,1,300,6,2,1
mn-1-300-6-2-2,mn-300-6-2-2,1,300,6,2,2
mn-1-301-1-1-1,mn-301-1-1-1,1,301,1,1,1
mn-1-301-1-1-2,mn-301-1-1-2,1,301,1,1,2
mn-1-301-1-1-3,mn-301-1-1-3,1,301,1,1,3
mn-1-301-5-2-1,mn-301-5-2-1,1,301,5,2,1
mn-1-301-5-2-2,mn-301-5-2-2,1,301,5,2,2
mn-1-301-6-2-1,mn-301-6-2-1,1,301,6,2,1
mn-1-301-6-2-2,mn-301-6-2-2,1,301,6,2,2
mn-1-302-1-1-1,mn-302-1-1-1,1,302,1,1,1
mn-1-302-1-1-2,mn-302-1-1-2,1,302,1,1,2
mn-1-302-5-2-1,mn-302-5-2-1,1,302,5,2,1
mn-1-302-5-2-2,mn-302-5-2-2,1,302,5,2,2
mn-1-302-6-2-1,mn-302-6-2-1,1,302,6,2,1
mn-1-302-6-2-2,mn-302-6-2-2,1,302,6,2,2
mn-1-303-1-1-1,mn-303-1-1-1,1,303,1,1,1
mn-1-303-1-1-2,mn-303-1-1-2,1,303,1,1,2
mn-1-303-1-1-3,mn-303-1-1-3,1,303,1,1,3
mn-1-303-5-2-1,mn-303-5-2-1,1,303,5,2,1
mn-1-304-1-1-1,mn-304-1-1-1,1,304,1,1,1
mn-1-304-1-1-2,mn-304-1-1-2,1,304,1,1,2
mn-1-304-1-1-3,mn-304-1-1-3,1,304,1,1,3
mn-1-304-1-1-4,mn-304-1-1-4,1,304,1,1,4
mn-1-304-1-1-5,mn-304-1-1-5,1,304,1,1,5
mn-1-304-1-1-6,mn-304-1-1-6,1,304,1,1,6
mn-1-304-1-1-7,mn-304-1-1-7,1,304,1,1,7
mn-1-304-1-1-8,mn-304-1-1-8,1,304,1,1,8
mn-1-304-1-1-9,mn-304-1-1-9,1,304,1,1,9
mn-1-304-1-1-10,mn-304-1-1-10,1,304,1,1,10
mn-1-304-5-2-1,mn-304-5-2-1,1,304,5,2,1
mn-1-304-5-2-2,mn-304-5-2-2,1,304,5,2,2
mn-1-304-5-2-3,mn-304-5-2-3,1,304,5,2,3
mn-1-304-5-2-4,mn-304-5-2-4,1,304,5,2,4
mn-1-304-5-2-5,mn-304-5-2-5,1,304,5,2,5
mn-1-305-1-2-1,mn-305-1-2-1,1,305,1,2,1
mn-1-305-1-1-1,mn-305-1-1-1,1,305,1,1,1
mn-1-305-1-2-2,mn-305-1-2-2,1,305,1,2,2
mn-1-305-1-2-3,mn-305-1-2-3,1,305,1,2,3
mn-1-305-1-1-2,mn-305-1-1-2,1,305,1,1,2
mn-1-305-1-2-4,mn-305-1-2-4,1,305,1,2,4
mn-1-305-1-2-5,mn-305-1-2-5,1,305,1,2,5
mn-1-305-1-1-3,mn-305-1-1-3,1,305,1,1,3
mn-1-305-1-2-6,mn-305-1-2-6,1,305,1,2,6
mn-1-305-1-2-7,mn-305-1-2-7,1,305,1,2,7
mn-1-305-1-2-8,mn-305-1-2-8,1,305,1,2,8
mn-1-305-1-2-9,mn-305-1-2-9,1,305,1,2,9
mn-1-305-5-2-1,mn-305-5-2-1,1,305,5,2,1
mn-1-306-1-2-1,mn-306-1-2-1,1,306,1,2,1
mn-1-306-1-2-2,mn-306-1-2-2,1,306,1,2,2
mn-1-306-5-2-1,mn-306-5-2-1,1,306,5,2,1
mn-1-306-5-2-2,mn-306-5-2-2,1,306,5,2,2
mn-1-307-1-1-1,mn-307-1-1-1,1,307,1,1,1
mn-1-307-2-2-1,mn-307-2-2-1,1,307,2,2,1
mn-1-307-5-2-1,mn-307-5-2-1,1,307,5,2,1
mn-1-307-5-2-2,mn-307-5-2-2,1,307,5,2,2
mn-1-308-1-1-1,mn-308-1-1-1,1,308,1,1,1
mn-1-308-1-2-1,mn-308-1-2-1,1,308,1,2,1
mn-1-308-1-1-2,mn-308-1-1-2,1,308,1,1,2
mn-1-308-1-2-2,mn-308-1-2-2,1,308,1,2,2
mn-1-308-1-2-3,mn-308-1-2-3,1,308,1,2,3
mn-1-308-1-1-3,mn-308-1-1-3,1,308,1,1,3
mn-1-308-1-2-4,mn-308-1-2-4,1,308,1,2,4
mn-1-308-1-2-5,mn-308-1-2-5,1,308,1,2,5
mn-1-308-1-1-4,mn-308-1-1-4,1,308,1,1,4
mn-1-308-1-2-6,mn-308-1-2-6,1,308,1,2,6
mn-1-308-5-2-1,mn-308-5-2-1,1,308,5,2,1
mn-1-308-5-2-2,mn-308-5-2-2,1,308,5,2,2
mn-1-308-5-2-3,mn-308-5-2-3,1,308,5,2,3
mn-1-309-1-1-1,mn-309-1-1-1,1,309,1,1,1
mn-1-309-1-1-2,mn-309-1-1-2,1,309,1,1,2
mn-1-309-1-1-3,mn-309-1-1-3,1,309,1,1,3
mn-1-309-1-1-4,mn-309-1-1-4,1,309,1,1,4
mn-1-309-1-1-5,mn-309-1-1-5,1,309,1,1,5
mn-1-309-1-1-6,mn-309-1-1-6,1,309,1,1,6
mn-1-309-1-1-7,mn-309-1-1-7,1,309,1,1,7
mn-1-309-1-1-8,mn-309-1-1-8,1,309,1,1,8
mn-1-309-1-1-9,mn-309-1-1-9,1,309,1,1,9
mn-1-309-1-1-10,mn-309-1-1-10,1,309,1,1,10
mn-1-309-1-1-11,mn-309-1-1-11,1,309,1,1,11
mn-1-309-1-1-12,mn-309-1-1-12,1,309,1,1,12
mn-1-309-5-2-1,mn-309-5-2-1,1,309,5,2,1
mn-1-310-1-1-1,mn-310-1-1-1,1,310,1,1,1
mn-1-310-1-1-2,mn-310-1-1-2,1,310,1,1,2
mn-1-310-1-1-3,mn-310-1-1-3,1,310,1,1,3
mn-1-310-1-1-4,mn-310-1-1-4,1,310,1,1,4
mn-1-310-5-2-1,mn-310-5-2-1,1,310,5,2,1
mn-1-310-5-2-2,mn-310-5-2-2,1,310,5,2,2
mn-1-311-1-1-1,mn-311-1-1-1,1,311,1,1,1
mn-1-311-1-1-2,mn-311-1-1-2,1,311,1,1,2
mn-1-311-1-1-3,mn-311-1-1-3,1,311,1,1,3
mn-1-311-1-1-4,mn-311-1-1-4,1,311,1,1,4
mn-1-311-5-2-1,mn-311-5-2-1,1,311,5,2,1
mn-1-311-5-2-2,mn-311-5-2-2,1,311,5,2,2
mn-1-311-5-2-3,mn-311-5-2-3,1,311,5,2,3
mn-1-312-1-1-1,mn-312-1-1-1,1,312,1,1,1
mn-1-312-1-1-2,mn-312-1-1-2,1,312,1,1,2
mn-1-312-1-1-3,mn-312-1-1-3,1,312,1,1,3
mn-1-312-1-1-4,mn-312-1-1-4,1,312,1,1,4
mn-1-312-1-1-5,mn-312-1-1-5,1,312,1,1,5
mn-1-312-1-1-6,mn-312-1-1-6,1,312,1,1,6
mn-1-312-1-1-7,mn-312-1-1-7,1,312,1,1,7
mn-1-312-1-1-8,mn-312-1-1-8,1,312,1,1,8
mn-1-312-5-2-1,mn-312-5-2-1,1,312,5,2,1
mn-1-312-5-2-2,mn-312-5-2-2,1,312,5,2,2
mn-1-312-5-1-1,mn-312-5-1-1,1,312,5,1,1
mn-1-312-5-1-2,mn-312-5-1-2,1,312,5,1,2
mn-1-312-5-1-3,mn-312-5-1-3,1,312,5,1,3
mn-1-312-5-1-4,mn-312-5-1-4,1,312,5,1,4
mn-1-312-5-1-5,mn-312-5-1-5,1,312,5,1,5
mn-1-312-5-2-3,mn-312-5-2-3,1,312,5,2,3
mn-1-313-1-1-1,mn-313-1-1-1,1,313,1,1,1
mn-1-313-1-1-2,mn-313-1-1-2,1,313,1,1,2
mn-1-313-1-1-3,mn-313-1-1-3,1,313,1,1,3
mn-1-313-1-1-4,mn-313-1-1-4,1,313,1,1,4
mn-1-313-5-2-1,mn-313-5-2-1,1,313,5,2,1
mn-1-314-1-1-1,mn-314-1-1-1,1,314,1,1,1
mn-1-314-1-1-2,mn-314-1-1-2,1,314,1,1,2
mn-1-314-1-1-3,mn-314-1-1-3,1,314,1,1,3
mn-1-314-1-1-4,mn-314-1-1-4,1,314,1,1,4
mn-1-314-5-2-1,mn-314-5-2-1,1,314,5,2,1
mn-1-314-5-2-2,mn-314-5-2-2,1,314,5,2,2
mn-1-314-5-2-3,mn-314-5-2-3,1,314,5,2,3
mn-1-314-5-2-4,mn-314-5-2-4,1,314,5,2,4
mn-1-314-5-2-5,mn-314-5-2-5,1,314,5,2,5
mn-1-314-5-2-6,mn-314-5-2-6,1,314,5,2,6
mn-1-314-5-2-7,mn-314-5-2-7,1,314,5,2,7
mn-1-314-5-2-8,mn-314-5-2-8,1,314,5,2,8
mn-1-314-5-2-9,mn-314-5-2-9,1,314,5,2,9
mn-1-314-5-2-10,mn-314-5-2-10,1,314,5,2,10
mn-1-314-5-2-11,mn-314-5-2-11,1,314,5,2,11
mn-1-314-5-2-12,mn-314-5-2-12,1,314,5,2,12
mn-1-315-1-1-1,mn-315-1-1-1,1,315,1,1,1
mn-1-315-1-1-2,mn-315-1-1-2,1,315,1,1,2
mn-1-315-1-1-3,mn-315-1-1-3,1,315,1,1,3
mn-1-315-5-2-1,mn-315-5-2-1,1,315,5,2,1
mn-1-315-6-2-1,mn-315-6-2-1,1,315,6,2,1
mn-1-315-6-2-2,mn-315-6-2-2,1,315,6,2,2
mn-1-315-6-2-3,mn-315-6-2-3,1,315,6,2,3
mn-1-315-6-2-4,mn-315-6-2-4,1,315,6,2,4
mn-1-316-1-2-1,mn-316-1-2-1,1,316,1,2,1
mn-1-316-1-1-1,mn-316-1-1-1,1,316,1,1,1
mn-1-316-1-1-2,mn-316-1-1-2,1,316,1,1,2
mn-1-316-5-2-1,mn-316-5-2-1,1,316,5,2,1
mn-1-316-5-2-2,mn-316-5-2-2,1,316,5,2,2
mn-1-316-5-2-3,mn-316-5-2-3,1,316,5,2,3
mn-1-316-5-2-4,mn-316-5-2-4,1,316,5,2,4
mn-1-316-5-2-5,mn-316-5-2-5,1,316,5,2,5
mn-1-316-5-2-6,mn-316-5-2-6,1,316,5,2,6
mn-1-316-5-2-7,mn-316-5-2-7,1,316,5,2,7
mn-1-316-5-2-8,mn-316-5-2-8,1,316,5,2,8
mn-1-316-5-2-9,mn-316-5-2-9,1,316,5,2,9
mn-1-316-5-2-10,mn-316-5-2-10,1,316,5,2,10
mn-1-316-5-2-11,mn-316-5-2-11,1,316,5,2,11
mn-1-316-5-2-12,mn-316-5-2-12,1,316,5,2,12
mn-1-317-1-1-1,mn-317-1-1-1,1,317,1,1,1
mn-1-317-5-2-1,mn-317-5-2-1,1,317,5,2,1
mn-1-317-5-2-2,mn-317-5-2-2,1,317,5,2,2
mn-1-317-5-2-3,mn-317-5-2-3,1,317,5,2,3
mn-1-317-5-2-4,mn-317-5-2-4,1,317,5,2,4
mn-1-318-1-1-1,mn-318-1-1-1,1,318,1,1,1
mn-1-318-1-1-2,mn-318-1-1-2,1,318,1,1,2
mn-1-318-1-1-3,mn-318-1-1-3,1,318,1,1,3
mn-1-318-1-1-4,mn-318-1-1-4,1,318,1,1,4
mn-1-318-1-1-5,mn-318-1-1-5,1,318,1,1,5
mn-1-318-1-1-6,mn-318-1-1-6,1,318,1,1,6
mn-1-318-1-1-7,mn-318-1-1-7,1,318,1,1,7
mn-1-318-1-1-8,mn-318-1-1-8,1,318,1,1,8
mn-1-318-1-1-9,mn-318-1-1-9,1,318,1,1,9
mn-1-318-1-1-10,mn-318-1-1-10,1,318,1,1,10
mn-1-318-1-1-11,mn-318-1-1-11,1,318,1,1,11
mn-1-318-1-1-12,mn-318-1-1-12,1,318,1,1,12
mn-1-318-5-2-1,mn-318-5-2-1,1,318,5,2,1
mn-1-318-5-2-2,mn-318-5-2-2,1,318,5,2,2
mn-1-318-5-2-3,mn-318-5-2-3,1,318,5,2,3
mn-1-318-5-2-4,mn-318-5-2-4,1,318,5,2,4
mn-1-319-1-1-1,mn-319-1-1-1,1,319,1,1,1
mn-1-319-1-1-2,mn-319-1-1-2,1,319,1,1,2
mn-1-319-1-1-3,mn-319-1-1-3,1,319,1,1,3
mn-1-319-1-1-4,mn-319-1-1-4,1,319,1,1,4
mn-1-319-5-2-1,mn-319-5-2-1,1,319,5,2,1
mn-1-319-5-2-2,mn-319-5-2-2,1,319,5,2,2
mn-1-319-5-2-3,mn-319-5-2-3,1,319,5,2,3
mn-1-319-5-2-4,mn-319-5-2-4,1,319,5,2,4
mn-1-320-1-1-1,mn-320-1-1-1,1,320,1,1,1
mn-1-320-1-1-2,mn-320-1-1-2,1,320,1,1,2
mn-1-320-1-1-3,mn-320-1-1-3,1,320,1,1,3
mn-1-320-1-1-4,mn-320-1-1-4,1,320,1,1,4
mn-1-320-5-2-1,mn-320-5-2-1,1,320,5,2,1
mn-1-321-1-1-1,mn-321-1-1-1,1,321,1,1,1
mn-1-321-1-1-2,mn-321-1-1-2,1,321,1,1,2
mn-1-321-1-1-3,mn-321-1-1-3,1,321,1,1,3
mn-1-321-1-1-4,mn-321-1-1-4,1,321,1,1,4
mn-1-321-5-2-1,mn-321-5-2-1,1,321,5,2,1
mn-1-322-1-1-1,mn-322-1-1-1,1,322,1,1,1
mn-1-322-1-1-2,mn-322-1-1-2,1,322,1,1,2
mn-1-322-1-1-3,mn-322-1-1-3,1,322,1,1,3
mn-1-322-1-1-4,mn-322-1-1-4,1,322,1,1,4
mn-1-322-5-2-1,mn-322-5-2-1,1,322,5,2,1
mn-1-323-1-1-1,mn-323-1-1-1,1,323,1,1,1
mn-1-323-1-1-2,mn-323-1-1-2,1,323,1,1,2
mn-1-323-1-1-3,mn-323-1-1-3,1,323,1,1,3
mn-1-323-1-1-4,mn-323-1-1-4,1,323,1,1,4
mn-1-323-5-2-1,mn-323-5-2-1,1,323,5,2,1
mn-1-324-1-1-1,mn-324-1-1-1,1,324,1,1,1
mn-1-324-2-2-1,mn-324-2-2-1,1,324,2,2,1
mn-1-324-2-1-1,mn-324-2-1-1,1,324,2,1,1
mn-1-324-2-1-2,mn-324-2-1-2,1,324,2,1,2
mn-1-324-2-1-3,mn-324-2-1-3,1,324,2,1,3
mn-1-324-5-2-1,mn-324-5-2-1,1,324,5,2,1
mn-1-325-1-1-1,mn-325-1-1-1,1,325,1,1,1
mn-1-325-2-1-1,mn-325-2-1-1,1,325,2,1,1
mn-1-325-2-1-2,mn-325-2-1-2,1,325,2,1,2
mn-1-325-2-1-3,mn-325-2-1-3,1,325,2,1,3
mn-1-325-2-1-4,mn-325-2-1-4,1,325,2,1,4
mn-1-325-5-2-1,mn-325-5-2-1,1,325,5,2,1
mn-1-326-1-1-1,mn-326-1-1-1,1,326,1,1,1
mn-1-326-1-1-2,mn-326-1-1-2,1,326,1,1,2
mn-1-326-1-1-3,mn-326-1-1-3,1,326,1,1,3
mn-1-326-5-2-1,mn-326-5-2-1,1,326,5,2,1
mn-1-326-5-2-2,mn-326-5-2-2,1,326,5,2,2
mn-1-326-5-2-3,mn-326-5-2-3,1,326,5,2,3
mn-1-326-5-2-4,mn-326-5-2-4,1,326,5,2,4
mn-1-326-6-2-1,mn-326-6-2-1,1,326,6,2,1
mn-1-327-1-1-1,mn-327-1-1-1,1,327,1,1,1
mn-1-327-1-1-2,mn-327-1-1-2,1,327,1,1,2
mn-1-327-1-1-3,mn-327-1-1-3,1,327,1,1,3
mn-1-327-5-2-1,mn-327-5-2-1,1,327,5,2,1
mn-1-327-5-2-2,mn-327-5-2-2,1,327,5,2,2
mn-1-327-5-2-3,mn-327-5-2-3,1,327,5,2,3
mn-1-327-5-2-4,mn-327-5-2-4,1,327,5,2,4
mn-1-327-6-2-1,mn-327-6-2-1,1,327,6,2,1
mn-1-328-1-1-1,mn-328-1-1-1,1,328,1,1,1
mn-1-328-5-2-1,mn-328-5-2-1,1,328,5,2,1
mn-1-328-6-2-1,mn-328-6-2-1,1,328,6,2,1
mn-1-329-1-1-1,mn-329-1-1-1,1,329,1,1,1
mn-1-329-5-2-1,mn-329-5-2-1,1,329,5,2,1
mn-1-329-5-2-2,mn-329-5-2-2,1,329,5,2,2
mn-1-329-6-2-1,mn-329-6-2-1,1,329,6,2,1
mn-1-330-1-1-1,mn-330-1-1-1,1,330,1,1,1
mn-1-330-1-1-2,mn-330-1-1-2,1,330,1,1,2
mn-1-330-1-1-3,mn-330-1-1-3,1,330,1,1,3
mn-1-330-5-2-1,mn-330-5-2-1,1,330,5,2,1
mn-1-330-5-2-2,mn-330-5-2-2,1,330,5,2,2
mn-1-330-5-2-3,mn-330-5-2-3,1,330,5,2,3
mn-1-330-5-2-4,mn-330-5-2-4,1,330,5,2,4
mn-1-330-6-2-1,mn-330-6-2-1,1,330,6,2,1
mn-1-331-1-1-1,mn-331-1-1-1,1,331,1,1,1
mn-1-331-1-1-2,mn-331-1-1-2,1,331,1,1,2
mn-1-331-1-1-3,mn-331-1-1-3,1,331,1,1,3
mn-1-331-5-2-1,mn-331-5-2-1,1,331,5,2,1
mn-1-331-5-2-2,mn-331-5-2-2,1,331,5,2,2
mn-1-331-5-2-3,mn-331-5-2-3,1,331,5,2,3
mn-1-331-5-2-4,mn-331-5-2-4,1,331,5,2,4
mn-1-331-6-2-1,mn-331-6-2-1,1,331,6,2,1
mn-1-332-1-1-1,mn-332-1-1-1,1,332,1,1,1
mn-1-332-1-1-2,mn-332-1-1-2,1,332,1,1,2
mn-1-332-1-1-3,mn-332-1-1-3,1,332,1,1,3
mn-1-332-1-1-4,mn-332-1-1-4,1,332,1,1,4
mn-1-332-5-2-1,mn-332-5-2-1,1,332,5,2,1
mn-1-332-5-2-2,mn-332-5-2-2,1,332,5,2,2
mn-1-332-5-2-3,mn-332-5-2-3,1,332,5,2,3
mn-1-332-5-2-4,mn-332-5-2-4,1,332,5,2,4
mn-1-332-5-2-5,mn-332-5-2-5,1,332,5,2,5
mn-1-333-1-1-1,mn-333-1-1-1,1,333,1,1,1
mn-1-333-1-1-2,mn-333-1-1-2,1,333,1,1,2
mn-1-333-1-1-3,mn-333-1-1-3,1,333,1,1,3
mn-1-333-1-1-4,mn-333-1-1-4,1,333,1,1,4
mn-1-333-1-1-5,mn-333-1-1-5,1,333,1,1,5
mn-1-333-1-1-6,mn-333-1-1-6,1,333,1,1,6
mn-1-333-5-2-1,mn-333-5-2-1,1,333,5,2,1
mn-1-333-5-2-2,mn-333-5-2-2,1,333,5,2,2
mn-1-333-5-2-3,mn-333-5-2-3,1,333,5,2,3
mn-1-333-5-2-4,mn-333-5-2-4,1,333,5,2,4
mn-1-334-1-1-1,mn-334-1-1-1,1,334,1,1,1
mn-1-334-1-1-2,mn-334-1-1-2,1,334,1,1,2
mn-1-334-1-1-3,mn-334-1-1-3,1,334,1,1,3
mn-1-334-1-1-4,mn-334-1-1-4,1,334,1,1,4
mn-1-334-5-2-1,mn-334-5-2-1,1,334,5,2,1
mn-1-334-5-2-2,mn-334-5-2-2,1,334,5,2,2
mn-1-335-1-1-1,mn-335-1-1-1,1,335,1,1,1
mn-1-335-1-1-2,mn-335-1-1-2,1,335,1,1,2
mn-1-335-1-1-3,mn-335-1-1-3,1,335,1,1,3
mn-1-335-5-2-1,mn-335-5-2-1,1,335,5,2,1
mn-1-335-5-2-2,mn-335-5-2-2,1,335,5,2,2
mn-1-336-1-1-1,mn-336-1-1-1,1,336,1,1,1
mn-1-336-1-1-2,mn-336-1-1-2,1,336,1,1,2
mn-1-336-1-1-3,mn-336-1-1-3,1,336,1,1,3
mn-1-336-5-2-1,mn-336-5-2-1,1,336,5,2,1
mn-1-336-5-2-2,mn-336-5-2-2,1,336,5,2,2
mn-1-337-1-1-1,mn-337-1-1-1,1,337,1,1,1
mn-1-337-1-1-2,mn-337-1-1-2,1,337,1,1,2
mn-1-337-5-2-1,mn-337-5-2-1,1,337,5,2,1
mn-1-337-5-2-2,mn-337-5-2-2,1,337,5,2,2
