element_id,original_id,tag,carrier,host_or_staff
e41b33ea2da109a4f,md-1-0-1-1,words,md,1
e91777b62b19007c9,md-1-0-1-3,dynamics,md,1
n973d92234f983051--slur--start--1,n3--slur--start--1,slur,stamp,n973d92234f983051
n1473609d1ccff6eb--slur--stop--1,n5--slur--stop--1,slur,stamp,n1473609d1ccff6eb
nba939162274dc902--slur--start--1,n6--slur--start--1,slur,stamp,nba939162274dc902
n1cc1e2f46f6b3394--slur--stop--1,n8--slur--stop--1,slur,stamp,n1cc1e2f46f6b3394
n6d5185f63fb1ce34--slur--start--1,n9--slur--start--1,slur,stamp,n6d5185f63fb1ce34
n374ea476296bd280--slur--stop--1,n11--slur--stop--1,slur,stamp,n374ea476296bd280
n86ffbf1a95e52ca4--arpeggiate--1,n12--arpeggiate--1,arpeggiate,stamp,n86ffbf1a95e52ca4
n97ddaf964b0bae37--arpeggiate--1,n13--arpeggiate--1,arpeggiate,stamp,n97ddaf964b0bae37
n87ccd8dc9a610c87--arpeggiate--1,n14--arpeggiate--1,arpeggiate,stamp,n87ccd8dc9a610c87
n51a5f380c6321cb0--arpeggiate--1,n16--arpeggiate--1,arpeggiate,stamp,n51a5f380c6321cb0
n982dab624257e122--arpeggiate--1,n17--arpeggiate--1,arpeggiate,stamp,n982dab624257e122
n8e305e2f92edd28f--arpeggiate--1,n18--arpeggiate--1,arpeggiate,stamp,n8e305e2f92edd28f
e5a9fb2b24e7e9b6e,md-1-1-1-1,dynamics,md,1
n0e110b1c079fbf0a--slur--start--1,n19--slur--start--1,slur,stamp,n0e110b1c079fbf0a
n666ae60a79b05818--slur--stop--1,n21--slur--stop--1,slur,stamp,n666ae60a79b05818
nc87f4935c6db3f0f--slur--start--1,n22--slur--start--1,slur,stamp,nc87f4935c6db3f0f
na72df0c06d0337c9--slur--stop--1,n24--slur--stop--1,slur,stamp,na72df0c06d0337c9
nb8a90b900dcccff1--slur--start--1,n25--slur--start--1,slur,stamp,nb8a90b900dcccff1
ne82ca505d3accc70--slur--stop--1,n27--slur--stop--1,slur,stamp,ne82ca505d3accc70
n0182c8a22c9875c2--arpeggiate--1,n28--arpeggiate--1,arpeggiate,stamp,n0182c8a22c9875c2
nfe41444b0661bbde--arpeggiate--1,n29--arpeggiate--1,arpeggiate,stamp,nfe41444b0661bbde
na558cbc38f169e18--arpeggiate--1,n30--arpeggiate--1,arpeggiate,stamp,na558cbc38f169e18
n53a6e0d317d9757f--arpeggiate--1,n32--arpeggiate--1,arpeggiate,stamp,n53a6e0d317d9757f
nb59faf9e8b1d5af8--arpeggiate--1,n33--arpeggiate--1,arpeggiate,stamp,nb59faf9e8b1d5af8
n3c11ba575f9dcf09--arpeggiate--1,n34--arpeggiate--1,arpeggiate,stamp,n3c11ba575f9dcf09
nf4ec4b119a810114--slur--start--1,n35--slur--start--1,slur,stamp,nf4ec4b119a810114
n2497f25741809f4e--slur--stop--1,n37--slur--stop--1,slur,stamp,n2497f25741809f4e
n2ab941d13239f0f6--slur--start--1,n38--slur--start--1,slur,stamp,n2ab941d13239f0f6
nd7213ddd3d7a1349--slur--stop--1,n40--slur--stop--1,slur,stamp,nd7213ddd3d7a1349
n02a96d80aed075e4--slur--start--1,n41--slur--start--1,slur,stamp,n02a96d80aed075e4
n240ad65c1b0c31bd--slur--stop--1,n43--slur--stop--1,slur,stamp,n240ad65c1b0c31bd
ndd3e672281dbe3e1--arpeggiate--1,n44--arpeggiate--1,arpeggiate,stamp,ndd3e672281dbe3e1
nc8afaba8cf7b54c6--arpeggiate--1,n45--arpeggiate--1,arpeggiate,stamp,nc8afaba8cf7b54c6
nfe778ba83338e9a8--arpeggiate--1,n46--arpeggiate--1,arpeggiate,stamp,nfe778ba83338e9a8
nc154d40b58dc677a--arpeggiate--1,n48--arpeggiate--1,arpeggiate,stamp,nc154d40b58dc677a
ne4b01da5c186e55e--arpeggiate--1,n49--arpeggiate--1,arpeggiate,stamp,ne4b01da5c186e55e
n712147236f8adfd5--slur--start--1,n50--slur--start--1,slur,stamp,n712147236f8adfd5
na80605ca4d59e1a8--slur--stop--1,n52--slur--stop--1,slur,stamp,na80605ca4d59e1a8
n72c861994f171bba--slur--start--1,n53--slur--start--1,slur,stamp,n72c861994f171bba
nff2a5543a9a80bf7--slur--stop--1,n55--slur--stop--1,slur,stamp,nff2a5543a9a80bf7
n93cc1564a4093d86--slur--start--1,n56--slur--start--1,slur,stamp,n93cc1564a4093d86
n0761b07e0861b35b--slur--stop--1,n58--slur--stop--1,slur,stamp,n0761b07e0861b35b
na9e58889fd1bceac--arpeggiate--1,n59--arpeggiate--1,arpeggiate,stamp,na9e58889fd1bceac
n6f7d7de1bee7bfb5--arpeggiate--1,n60--arpeggiate--1,arpeggiate,stamp,n6f7d7de1bee7bfb5
n092a3c3944b3ff60--arpeggiate--1,n61--arpeggiate--1,arpeggiate,stamp,n092a3c3944b3ff60
n0fc1cb9704b4c7c0--arpeggiate--1,n63--arpeggiate--1,arpeggiate,stamp,n0fc1cb9704b4c7c0
n01c0b987680bc96d--arpeggiate--1,n64--arpeggiate--1,arpeggiate,stamp,n01c0b987680bc96d
n586156aa61a8e9ee--arpeggiate--1,n65--arpeggiate--1,arpeggiate,stamp,n586156aa61a8e9ee
n2395f923c740d2a1--slur--start--1,n66--slur--start--1,slur,stamp,n2395f923c740d2a1
na9e24d5c7a2f99ae--slur--stop--1,n68--slur--stop--1,slur,stamp,na9e24d5c7a2f99ae
n688c456e68f59c53--slur--start--1,n69--slur--start--1,slur,stamp,n688c456e68f59c53
n598e4ca3d83e4e3d--slur--stop--1,n71--slur--stop--1,slur,stamp,n598e4ca3d83e4e3d
ne205a30d6ca1978e--slur--start--1,n72--slur--start--1,slur,stamp,ne205a30d6ca1978e
nb20e8400bc955275--slur--stop--1,n74--slur--stop--1,slur,stamp,nb20e8400bc955275
n1cadde2e3b05aba9--arpeggiate--1,n75--arpeggiate--1,arpeggiate,stamp,n1cadde2e3b05aba9
n33a45a783856ba1d--arpeggiate--1,n76--arpeggiate--1,arpeggiate,stamp,n33a45a783856ba1d
nce86f7b6de3f771f--arpeggiate--1,n77--arpeggiate--1,arpeggiate,stamp,nce86f7b6de3f771f
n84c18a044279c2f6--arpeggiate--1,n79--arpeggiate--1,arpeggiate,stamp,n84c18a044279c2f6
ne946dcd28d13dd6c--arpeggiate--1,n80--arpeggiate--1,arpeggiate,stamp,ne946dcd28d13dd6c
nc02f9efbe2510d1c--arpeggiate--1,n81--arpeggiate--1,arpeggiate,stamp,nc02f9efbe2510d1c
n6c1f21fcd3a83574--slur--start--1,n82--slur--start--1,slur,stamp,n6c1f21fcd3a83574
n43505aff0d03c277--slur--stop--1,n84--slur--stop--1,slur,stamp,n43505aff0d03c277
naf16390f728fc916--slur--start--1,n85--slur--start--1,slur,stamp,naf16390f728fc916
n610cf5febbcc0131--slur--stop--1,n87--slur--stop--1,slur,stamp,n610cf5febbcc0131
n5b39b5cbf35ce4af--slur--start--1,n88--slur--start--1,slur,stamp,n5b39b5cbf35ce4af
nd3279233e363e446--slur--stop--1,n90--slur--stop--1,slur,stamp,nd3279233e363e446
n59152f20a7a54c54--arpeggiate--1,n91--arpeggiate--1,arpeggiate,stamp,n59152f20a7a54c54
n7f0e8f9b70317432--arpeggiate--1,n92--arpeggiate--1,arpeggiate,stamp,n7f0e8f9b70317432
n469f44b5326c870c--arpeggiate--1,n93--arpeggiate--1,arpeggiate,stamp,n469f44b5326c870c
n229de04720379e2d--arpeggiate--1,n95--arpeggiate--1,arpeggiate,stamp,n229de04720379e2d
n0c10c2439fa314f0--arpeggiate--1,n96--arpeggiate--1,arpeggiate,stamp,n0c10c2439fa314f0
ne9525272c27e5c43--arpeggiate--1,n97--arpeggiate--1,arpeggiate,stamp,ne9525272c27e5c43
n160776091aac3d5d--slur--start--1,n98--slur--start--1,slur,stamp,n160776091aac3d5d
n270f818a2449da02--slur--stop--1,n100--slur--stop--1,slur,stamp,n270f818a2449da02
n3de5862511a9ef3b--slur--start--1,n101--slur--start--1,slur,stamp,n3de5862511a9ef3b
n00e4a6e051563653--slur--stop--1,n103--slur--stop--1,slur,stamp,n00e4a6e051563653
ncad9a2c128c8a7bf--slur--start--1,n104--slur--start--1,slur,stamp,ncad9a2c128c8a7bf
n56f6adb60eb8aaf8--slur--stop--1,n106--slur--stop--1,slur,stamp,n56f6adb60eb8aaf8
n8355a503a2d146a7--arpeggiate--1,n107--arpeggiate--1,arpeggiate,stamp,n8355a503a2d146a7
n570e5fa2519be992--arpeggiate--1,n108--arpeggiate--1,arpeggiate,stamp,n570e5fa2519be992
n4cba255f4a3121ac--arpeggiate--1,n109--arpeggiate--1,arpeggiate,stamp,n4cba255f4a3121ac
n588063ae152a6ed1--arpeggiate--1,n110--arpeggiate--1,arpeggiate,stamp,n588063ae152a6ed1
nb04187637ca6dc4f--arpeggiate--1,n111--arpeggiate--1,arpeggiate,stamp,nb04187637ca6dc4f
n1c1430cb4db935bd--arpeggiate--1,n112--arpeggiate--1,arpeggiate,stamp,n1c1430cb4db935bd
necb682d6a697ed41--arpeggiate--1,n113--arpeggiate--1,arpeggiate,stamp,necb682d6a697ed41
ncaa3995f7a21fb10--arpeggiate--1,n114--arpeggiate--1,arpeggiate,stamp,ncaa3995f7a21fb10
n261bb283e5e102ca--arpeggiate--1,n115--arpeggiate--1,arpeggiate,stamp,n261bb283e5e102ca
n3f0b15ecd046bd9a--slur--start--1,n116--slur--start--1,slur,stamp,n3f0b15ecd046bd9a
n5cd13c1e84c24eef--slur--stop--1,n118--slur--stop--1,slur,stamp,n5cd13c1e84c24eef
n5d1f491e6d359100--slur--start--1,n119--slur--start--1,slur,stamp,n5d1f491e6d359100
n37b1fe989a6e944f--slur--stop--1,n121--slur--stop--1,slur,stamp,n37b1fe989a6e944f
n54ed0542d789946e--slur--start--1,n122--slur--start--1,slur,stamp,n54ed0542d789946e
nf4cde62a098ab64f--slur--stop--1,n124--slur--stop--1,slur,stamp,nf4cde62a098ab64f
n6cff7d809b9d7ba9--arpeggiate--1,n125--arpeggiate--1,arpeggiate,stamp,n6cff7d809b9d7ba9
n3e6000db0b4f5b32--arpeggiate--1,n126--arpeggiate--1,arpeggiate,stamp,n3e6000db0b4f5b32
nfd2fbaf84dd87183--arpeggiate--1,n127--arpeggiate--1,arpeggiate,stamp,nfd2fbaf84dd87183
n48491fbf47f9b5ff--arpeggiate--1,n129--arpeggiate--1,arpeggiate,stamp,n48491fbf47f9b5ff
n2c8486663711e287--arpeggiate--1,n130--arpeggiate--1,arpeggiate,stamp,n2c8486663711e287
ne1d1a833ce87f3bb--arpeggiate--1,n131--arpeggiate--1,arpeggiate,stamp,ne1d1a833ce87f3bb
ne2470426734db190--slur--start--1,n132--slur--start--1,slur,stamp,ne2470426734db190
nc49c2cefb1a0f232--slur--stop--1,n134--slur--stop--1,slur,stamp,nc49c2cefb1a0f232
n893ca967398c7141--slur--start--1,n135--slur--start--1,slur,stamp,n893ca967398c7141
n6902d96a6f5b11ea--slur--stop--1,n137--slur--stop--1,slur,stamp,n6902d96a6f5b11ea
nef6e416361317dcf--slur--start--1,n138--slur--start--1,slur,stamp,nef6e416361317dcf
n67bb83b1b2985d41--slur--stop--1,n140--slur--stop--1,slur,stamp,n67bb83b1b2985d41
nc0890bff427c76b3--slur--start--1,n142--slur--start--1,slur,stamp,nc0890bff427c76b3
ncdfac227e439c901--slur--stop--1,n147--slur--stop--1,slur,stamp,ncdfac227e439c901
n3dd9563b4deda845--slur--start--1,n148--slur--start--1,slur,stamp,n3dd9563b4deda845
nf75714f8d1bc6b33--slur--stop--1,n150--slur--stop--1,slur,stamp,nf75714f8d1bc6b33
n21c288c12eb937f0--slur--start--1,n151--slur--start--1,slur,stamp,n21c288c12eb937f0
n68415f8b277e2ecd--slur--stop--1,n153--slur--stop--1,slur,stamp,n68415f8b277e2ecd
nbb2c1a435bee790d--slur--start--1,n154--slur--start--1,slur,stamp,nbb2c1a435bee790d
n65c8175d5afd8d35--slur--stop--1,n156--slur--stop--1,slur,stamp,n65c8175d5afd8d35
n951b01a03961b03a--slur--start--1,n157--slur--start--1,slur,stamp,n951b01a03961b03a
n151de138a1b6ce46--slur--stop--1,n162--slur--stop--1,slur,stamp,n151de138a1b6ce46
nf79b14da43b32583--slur--start--1,n163--slur--start--1,slur,stamp,nf79b14da43b32583
na1d1ffb4ef4b6fd6--slur--stop--1,n165--slur--stop--1,slur,stamp,na1d1ffb4ef4b6fd6
nb15a5db652c8dfa7--slur--start--1,n166--slur--start--1,slur,stamp,nb15a5db652c8dfa7
n91cffdd8fe620fe9--slur--stop--1,n168--slur--stop--1,slur,stamp,n91cffdd8fe620fe9
n298ae62fd7351bed--slur--start--1,n169--slur--start--1,slur,stamp,n298ae62fd7351bed
n0b7f446033f88a20--slur--stop--1,n171--slur--stop--1,slur,stamp,n0b7f446033f88a20
nff10f29e195b9a21--slur--start--1,n172--slur--start--1,slur,stamp,nff10f29e195b9a21
n5ba4bad201bc1079--slur--stop--1,n177--slur--stop--1,slur,stamp,n5ba4bad201bc1079
n6cc053762f7f31b5--slur--start--1,n178--slur--start--1,slur,stamp,n6cc053762f7f31b5
nad599ea0e5950a58--slur--stop--1,n180--slur--stop--1,slur,stamp,nad599ea0e5950a58
n4bfbbdd8469871f7--slur--start--1,n181--slur--start--1,slur,stamp,n4bfbbdd8469871f7
nc0b4e0fb37142f49--slur--stop--1,n183--slur--stop--1,slur,stamp,nc0b4e0fb37142f49
n3695341dd39402ab--slur--start--1,n184--slur--start--1,slur,stamp,n3695341dd39402ab
n63b8b337d57c2f90--slur--stop--1,n186--slur--stop--1,slur,stamp,n63b8b337d57c2f90
n4fc0c7d4114497e5--slur--start--1,n187--slur--start--1,slur,stamp,n4fc0c7d4114497e5
n0d97a1d87783b936--slur--stop--1,n190--slur--stop--1,slur,stamp,n0d97a1d87783b936
n6ee6121a7484eda0--slur--start--1,n191--slur--start--1,slur,stamp,n6ee6121a7484eda0
nbabf181693568b97--slur--stop--1,n192--slur--stop--1,slur,stamp,nbabf181693568b97
efe1f30272bdaa13f,md-1-12-1-1,wedge,md,1
ne2c9d0ed86abf9af--slur--start--1,n193--slur--start--1,slur,stamp,ne2c9d0ed86abf9af
n56186857ce76b5c6--slur--stop--1,n195--slur--stop--1,slur,stamp,n56186857ce76b5c6
n83625a3f539c6540--slur--start--1,n196--slur--start--1,slur,stamp,n83625a3f539c6540
n531688880897173e--slur--stop--1,n198--slur--stop--1,slur,stamp,n531688880897173e
nf2d4af8deab8f78e--slur--start--1,n199--slur--start--1,slur,stamp,nf2d4af8deab8f78e
nf5bdecf6348d5b70--slur--stop--1,n201--slur--stop--1,slur,stamp,nf5bdecf6348d5b70
n4ad9961696843570--slur--start--1,n202--slur--start--1,slur,stamp,n4ad9961696843570
n7922d6ee47007767--slur--stop--1,n203--slur--stop--1,slur,stamp,n7922d6ee47007767
nde42687b68a9329d--slur--start--1,n204--slur--start--1,slur,stamp,nde42687b68a9329d
nd672746f5deca896--slur--stop--1,n205--slur--stop--1,slur,stamp,nd672746f5deca896
n90a8bd26b5d53bff--slur--start--1,n206--slur--start--1,slur,stamp,n90a8bd26b5d53bff
nfb187cfaf3bf3270--slur--stop--1,n207--slur--stop--1,slur,stamp,nfb187cfaf3bf3270
e4601548a83f5e218,md-1-13-1-1,wedge,md,1
nca1d5de1da3284a8--slur--start--1,n208--slur--start--1,slur,stamp,nca1d5de1da3284a8
n4165c908d0766630--slur--stop--1,n210--slur--stop--1,slur,stamp,n4165c908d0766630
n8da503cb811a0b3c--slur--start--1,n211--slur--start--1,slur,stamp,n8da503cb811a0b3c
n6d0ef771b3bf1de8--slur--stop--1,n213--slur--stop--1,slur,stamp,n6d0ef771b3bf1de8
nd308d5068c9e1580--slur--start--1,n214--slur--start--1,slur,stamp,nd308d5068c9e1580
n603505d6ff0013f6--slur--stop--1,n216--slur--stop--1,slur,stamp,n603505d6ff0013f6
n0578ab8f6f095446--arpeggiate--1,n217--arpeggiate--1,arpeggiate,stamp,n0578ab8f6f095446
ned6bbe5d6d4c4033--arpeggiate--1,n218--arpeggiate--1,arpeggiate,stamp,ned6bbe5d6d4c4033
n1ff13e143f3b9e62--arpeggiate--1,n219--arpeggiate--1,arpeggiate,stamp,n1ff13e143f3b9e62
n0ca59c135905ce4d--arpeggiate--1,n220--arpeggiate--1,arpeggiate,stamp,n0ca59c135905ce4d
na429f23be63bd0f2--arpeggiate--1,n221--arpeggiate--1,arpeggiate,stamp,na429f23be63bd0f2
n4f3651ed1f0b7cdb--arpeggiate--1,n222--arpeggiate--1,arpeggiate,stamp,n4f3651ed1f0b7cdb
nc6a7977dc8d1d603--arpeggiate--1,n223--arpeggiate--1,arpeggiate,stamp,nc6a7977dc8d1d603
n76c4c81844c0e34f--arpeggiate--1,n224--arpeggiate--1,arpeggiate,stamp,n76c4c81844c0e34f
eaa7577f45153fdf6,md-1-14-1-1,dynamics,md,1
ecbfa591bf74fa10e,md-1-14-1-2,pedal,md,1
ef317b75009e7f221,md-1-14-2-1,pedal,md,2
ea647901c46d66636,md-1-14-2-2,pedal,md,2
e3365d95c84b3101a,md-1-14-2-3,pedal,md,2
n724f983447139996--slur--start--1,n226--slur--start--1,slur,stamp,n724f983447139996
neece7364f6d375e8--slur--stop--1,n228--slur--stop--1,slur,stamp,neece7364f6d375e8
n3599cd5fad6d7f9d--slur--start--1,n229--slur--start--1,slur,stamp,n3599cd5fad6d7f9d
n4d7b573f4aa7b257--slur--stop--1,n231--slur--stop--1,slur,stamp,n4d7b573f4aa7b257
n056f680aba2214e9--slur--start--1,n232--slur--start--1,slur,stamp,n056f680aba2214e9
n3543c00112f09ec6--slur--stop--1,n234--slur--stop--1,slur,stamp,n3543c00112f09ec6
n551567540ae50ac3--staccato--1,,staccato,derive,n551567540ae50ac3
n4f94d4022b265c42--tie--1,,tie,derive,n4f94d4022b265c42
n4f94d4022b265c42--tied--start--1,n236--tied--start--1,tied,stamp,n4f94d4022b265c42
e0e9173387ba96d02,md-1-15-1-1,pedal,md,1
e44e96caa8cb2e71c,md-1-15-1-2,wedge,md,1
e6e7fcd5e71809cf9,md-1-15-1-3,pedal,md,1
n04ea12f9c8027efa--slur--start--1,n239--slur--start--1,slur,stamp,n04ea12f9c8027efa
n1102d4a1d017a34b--slur--stop--1,n241--slur--stop--1,slur,stamp,n1102d4a1d017a34b
n106460e533c1007e--slur--start--1,n242--slur--start--1,slur,stamp,n106460e533c1007e
n4e3bddf0a35bb6aa--slur--stop--1,n244--slur--stop--1,slur,stamp,n4e3bddf0a35bb6aa
n868aa168a33e6beb--slur--start--1,n245--slur--start--1,slur,stamp,n868aa168a33e6beb
na80722ffbda21455--slur--stop--1,n247--slur--stop--1,slur,stamp,na80722ffbda21455
nb80806b2482a69d3--tie--1,,tie,derive,nb80806b2482a69d3
nb80806b2482a69d3--tied--stop--1,n248--tied--stop--1,tied,stamp,nb80806b2482a69d3
e1ec74ad3a589644a,md-1-16-1-1,wedge,md,1
nb2e962ca1d099b95--slur--start--1,n253--slur--start--1,slur,stamp,nb2e962ca1d099b95
n6942c7c2d1fec8df--slur--stop--1,n255--slur--stop--1,slur,stamp,n6942c7c2d1fec8df
n0686ce1a82709d72--slur--start--1,n256--slur--start--1,slur,stamp,n0686ce1a82709d72
n785af39e44a0d24f--slur--stop--1,n258--slur--stop--1,slur,stamp,n785af39e44a0d24f
n4d199cc42111ea5a--slur--start--1,n259--slur--start--1,slur,stamp,n4d199cc42111ea5a
n1e95b19084683d90--slur--stop--1,n261--slur--stop--1,slur,stamp,n1e95b19084683d90
n17e034f5261f3796--staccato--1,,staccato,derive,n17e034f5261f3796
n1c36bd2361a82c44--accent--1,,accent,derive,n1c36bd2361a82c44
n0f1e8c732ceaf9d4--slur--start--1,n265--slur--start--1,slur,stamp,n0f1e8c732ceaf9d4
ea42707df2ce56e5e,md-1-17-1-1,dynamics,md,1
efec9086a37485774,md-1-17-1-2,pedal,md,1
efa4f13a4688121fb,md-1-17-1-3,wedge,md,1
e334d2fbe3c8d9e8c,md-1-17-2-1,pedal,md,2
n3307cec2850f351e--slur--start--1,n266--slur--start--1,slur,stamp,n3307cec2850f351e
na54af140dac30542--slur--stop--1,n268--slur--stop--1,slur,stamp,na54af140dac30542
nd05a2b5ddfb2e900--slur--start--1,n269--slur--start--1,slur,stamp,nd05a2b5ddfb2e900
n6a612371c5df62d2--slur--stop--1,n271--slur--stop--1,slur,stamp,n6a612371c5df62d2
n3c6bfcb609afd5d5--slur--start--1,n272--slur--start--1,slur,stamp,n3c6bfcb609afd5d5
n856d533a34892412--slur--stop--1,n274--slur--stop--1,slur,stamp,n856d533a34892412
nf2f0e1ac25047df8--slur--stop--1,n275--slur--stop--1,slur,stamp,nf2f0e1ac25047df8
nf2f0e1ac25047df8--staccato--1,,staccato,derive,nf2f0e1ac25047df8
nef1918a950b685f7--accent--1,,accent,derive,nef1918a950b685f7
nd8d41cb268e76b93--slur--start--1,n278--slur--start--1,slur,stamp,nd8d41cb268e76b93
e0b425d54579942ec,md-1-18-1-1,pedal,md,1
e1891e35a4265a9e6,md-1-18-1-2,wedge,md,1
e7b0859dc3df0a8bb,md-1-18-1-3,pedal,md,1
e1e5752550d0be2b9,md-1-18-1-4,wedge,md,1
n1beeb8faab7b07ad--slur--start--1,n279--slur--start--1,slur,stamp,n1beeb8faab7b07ad
nb47d7d296c591685--slur--stop--1,n281--slur--stop--1,slur,stamp,nb47d7d296c591685
naec6a59ce00a9d4e--slur--start--1,n282--slur--start--1,slur,stamp,naec6a59ce00a9d4e
n8c9ba0e95bde6f45--slur--stop--1,n284--slur--stop--1,slur,stamp,n8c9ba0e95bde6f45
nb68afff15a33b859--slur--start--1,n285--slur--start--1,slur,stamp,nb68afff15a33b859
ncddefe7b55823c2d--slur--stop--1,n287--slur--stop--1,slur,stamp,ncddefe7b55823c2d
nd9a65190d232ef06--slur--stop--1,n288--slur--stop--1,slur,stamp,nd9a65190d232ef06
nd9a65190d232ef06--staccato--1,,staccato,derive,nd9a65190d232ef06
n84052fe91d72bc72--accent--1,,accent,derive,n84052fe91d72bc72
e9a85c041c6a8e4f8,md-1-19-1-1,pedal,md,1
eb1b227786fb101b7,md-1-19-1-2,pedal,md,1
ee1e23ba588906224,md-1-19-1-3,wedge,md,1
n0823584ca3d18305--slur--start--1,n294--slur--start--1,slur,stamp,n0823584ca3d18305
n16522b3381f5cf77--slur--stop--1,n296--slur--stop--1,slur,stamp,n16522b3381f5cf77
ne45074c6d8152d60--slur--start--1,n297--slur--start--1,slur,stamp,ne45074c6d8152d60
nede285f24f8bd7b7--slur--stop--1,n299--slur--stop--1,slur,stamp,nede285f24f8bd7b7
n4b4740cf24599d16--slur--start--1,n300--slur--start--1,slur,stamp,n4b4740cf24599d16
nf942abf8514a7c92--slur--stop--1,n302--slur--stop--1,slur,stamp,nf942abf8514a7c92
nda5771d825f6d10d--staccato--1,,staccato,derive,nda5771d825f6d10d
n14e288a43f24b8a2--accent--1,,accent,derive,n14e288a43f24b8a2
e090c06921fb7c997,md-1-20-1-1,pedal,md,1
e9ba3f36a6f11a0e6,md-1-20-2-1,pedal,md,2
nfc84b27ece8cadeb--slur--start--1,n309--slur--start--1,slur,stamp,nfc84b27ece8cadeb
n6c4d27cdfba347db--slur--stop--1,n311--slur--stop--1,slur,stamp,n6c4d27cdfba347db
n2a7b9f2891dd2bb3--slur--start--1,n312--slur--start--1,slur,stamp,n2a7b9f2891dd2bb3
na14adfa46d449f6c--slur--stop--1,n314--slur--stop--1,slur,stamp,na14adfa46d449f6c
n1ec24e1142b85241--slur--start--1,n315--slur--start--1,slur,stamp,n1ec24e1142b85241
n3af9810e37289865--slur--stop--1,n317--slur--stop--1,slur,stamp,n3af9810e37289865
nca24fe1802fd9d97--staccato--1,,staccato,derive,nca24fe1802fd9d97
n4b04f35ea90c2ba8--slur--start--1,n319--slur--start--1,slur,stamp,n4b04f35ea90c2ba8
neeeb66c3c2c8c080--slur--stop--1,n320--slur--stop--1,slur,stamp,neeeb66c3c2c8c080
neeeb66c3c2c8c080--accent--1,,accent,derive,neeeb66c3c2c8c080
n549f55d3b2a6761b--slur--start--1,n322--slur--start--1,slur,stamp,n549f55d3b2a6761b
e7a99251a1f9d2e91,md-1-21-1-1,pedal,md,1
e92f5ecf2b5237fd2,md-1-21-1-2,pedal,md,1
n9098c25ed502abfd--slur--start--1,n323--slur--start--1,slur,stamp,n9098c25ed502abfd
ne26b6e8f16fdb03c--slur--stop--1,n325--slur--stop--1,slur,stamp,ne26b6e8f16fdb03c
n4cfb73a9622c1a79--slur--start--1,n326--slur--start--1,slur,stamp,n4cfb73a9622c1a79
n4069f78f6c7e864f--slur--stop--1,n328--slur--stop--1,slur,stamp,n4069f78f6c7e864f
n8b375be4a4839fc5--slur--start--1,n329--slur--start--1,slur,stamp,n8b375be4a4839fc5
na6eeea462dab685a--slur--stop--1,n331--slur--stop--1,slur,stamp,na6eeea462dab685a
n5b4ba771a53a4279--slur--stop--1,n332--slur--stop--1,slur,stamp,n5b4ba771a53a4279
n5b4ba771a53a4279--staccato--1,,staccato,derive,n5b4ba771a53a4279
nd46fa4f5dabdd517--slur--start--1,n333--slur--start--1,slur,stamp,nd46fa4f5dabdd517
naf5f322aa6ea4186--slur--stop--1,n334--slur--stop--1,slur,stamp,naf5f322aa6ea4186
naf5f322aa6ea4186--accent--1,,accent,derive,naf5f322aa6ea4186
n6469680296bb45e0--slur--start--1,n336--slur--start--1,slur,stamp,n6469680296bb45e0
eaf30596c85456845,md-1-22-1-1,pedal,md,1
e524c962e0ecf462f,md-1-22-1-2,pedal,md,1
n6819cbb95620116e--slur--start--1,n337--slur--start--1,slur,stamp,n6819cbb95620116e
nef81193aa5ab9d5c--slur--stop--1,n339--slur--stop--1,slur,stamp,nef81193aa5ab9d5c
n2cd53a566cb8bc9e--slur--start--1,n340--slur--start--1,slur,stamp,n2cd53a566cb8bc9e
n1507fcf1af4ad410--slur--stop--1,n342--slur--stop--1,slur,stamp,n1507fcf1af4ad410
nce9c296e703feb0a--slur--start--1,n343--slur--start--1,slur,stamp,nce9c296e703feb0a
n7e8c22cc269120d2--slur--stop--1,n345--slur--stop--1,slur,stamp,n7e8c22cc269120d2
ne9819c8fb5b57f3c--slur--stop--1,n346--slur--stop--1,slur,stamp,ne9819c8fb5b57f3c
ne9819c8fb5b57f3c--staccato--1,,staccato,derive,ne9819c8fb5b57f3c
nbfaa18dc6bc778ce--slur--start--1,n347--slur--start--1,slur,stamp,nbfaa18dc6bc778ce
nb2c00b81bc7761a2--slur--stop--1,n348--slur--stop--1,slur,stamp,nb2c00b81bc7761a2
nb2c00b81bc7761a2--accent--1,,accent,derive,nb2c00b81bc7761a2
e1a5badca3ddb16d5,md-1-23-1-1,pedal,md,1
e83c8e4bee8d3b0e0,md-1-23-2-1,pedal,md,2
nb0cf4d4c11ff8ec8--slur--start--1,n353--slur--start--1,slur,stamp,nb0cf4d4c11ff8ec8
nf57ae885833a0e63--slur--stop--1,n355--slur--stop--1,slur,stamp,nf57ae885833a0e63
n04dcbc1d2f74542d--slur--start--1,n356--slur--start--1,slur,stamp,n04dcbc1d2f74542d
n79fde176ae0f857e--slur--stop--1,n358--slur--stop--1,slur,stamp,n79fde176ae0f857e
n0f2aaedbc41ac1dc--slur--start--1,n359--slur--start--1,slur,stamp,n0f2aaedbc41ac1dc
nd88e2a89ebab8896--slur--stop--1,n361--slur--stop--1,slur,stamp,nd88e2a89ebab8896
nb0a6d8acb17cac0a--staccato--1,,staccato,derive,nb0a6d8acb17cac0a
n74ccb767be84aa3e--slur--start--1,n363--slur--start--1,slur,stamp,n74ccb767be84aa3e
n8db01b9092f1571e--slur--stop--1,n364--slur--stop--1,slur,stamp,n8db01b9092f1571e
n8db01b9092f1571e--accent--1,,accent,derive,n8db01b9092f1571e
e8f1a3df1f872a4dd,md-1-24-1-1,pedal,md,1
ed6a03cd98744fd97,md-1-24-1-2,pedal,md,1
n40f8a57536698377--slur--start--1,n369--slur--start--1,slur,stamp,n40f8a57536698377
n7ff158ab531c0fba--slur--stop--1,n371--slur--stop--1,slur,stamp,n7ff158ab531c0fba
n001df8c72de39744--slur--start--1,n372--slur--start--1,slur,stamp,n001df8c72de39744
n76373d137fae02c6--slur--stop--1,n374--slur--stop--1,slur,stamp,n76373d137fae02c6
nde361498f70ca47e--slur--start--1,n375--slur--start--1,slur,stamp,nde361498f70ca47e
nb9258300540c2d6b--slur--stop--1,n377--slur--stop--1,slur,stamp,nb9258300540c2d6b
e99eba5fa904b82d0,md-1-25-1-1,pedal,md,1
eed1aa2480c736c0c,md-1-25-1-2,wedge,md,1
n87e52bb7f8d43d03--slur--start--1,n383--slur--start--1,slur,stamp,n87e52bb7f8d43d03
nd24a6cdd998a7062--slur--stop--1,n385--slur--stop--1,slur,stamp,nd24a6cdd998a7062
ncb40475433f83d37--slur--start--1,n386--slur--start--1,slur,stamp,ncb40475433f83d37
neb1079c650d25bbe--slur--stop--1,n388--slur--stop--1,slur,stamp,neb1079c650d25bbe
n9c47bf3e0ee3e8ec--slur--start--1,n389--slur--start--1,slur,stamp,n9c47bf3e0ee3e8ec
nfc9e116f767f1cf9--slur--stop--1,n391--slur--stop--1,slur,stamp,nfc9e116f767f1cf9
ef41ac6b7905c8110,md-1-26-1-1,wedge,md,1
nfb92bee94ade5fa9--slur--start--1,n398--slur--start--1,slur,stamp,nfb92bee94ade5fa9
n9315566b0a2d9f3a--slur--stop--1,n400--slur--stop--1,slur,stamp,n9315566b0a2d9f3a
n460008e9e1e10cdd--slur--start--1,n401--slur--start--1,slur,stamp,n460008e9e1e10cdd
n325e8f6b9ad9c7ad--slur--stop--1,n403--slur--stop--1,slur,stamp,n325e8f6b9ad9c7ad
n49564ed3a5079e5a--slur--start--1,n404--slur--start--1,slur,stamp,n49564ed3a5079e5a
na3ab2d1cbab9084d--slur--stop--1,n406--slur--stop--1,slur,stamp,na3ab2d1cbab9084d
eaed5b39fa8c514d0,md-1-27-1-1,wedge,md,1
n05b0022a16381e46--slur--start--1,n411--slur--start--1,slur,stamp,n05b0022a16381e46
n922b6adf1d71d7f2--slur--stop--1,n413--slur--stop--1,slur,stamp,n922b6adf1d71d7f2
n3d39b63bff1049f0--slur--start--1,n414--slur--start--1,slur,stamp,n3d39b63bff1049f0
na6f9627c152bbf57--slur--stop--1,n416--slur--stop--1,slur,stamp,na6f9627c152bbf57
n8bceb542f9b5e507--slur--start--1,n417--slur--start--1,slur,stamp,n8bceb542f9b5e507
n80a99f33c70b1427--slur--stop--1,n419--slur--stop--1,slur,stamp,n80a99f33c70b1427
ee06862741f7a23d2,md-1-28-1-1,wedge,md,1
e1f30fc808e728ecf,md-1-28-2-1,pedal,md,2
nd3df18e6e1582b6d--slur--start--1,n421--slur--start--1,slur,stamp,nd3df18e6e1582b6d
n0747752edbbdac02--slur--start--1,n424--slur--start--1,slur,stamp,n0747752edbbdac02
n69773030bc0fadd5--slur--stop--1,n425--slur--stop--1,slur,stamp,n69773030bc0fadd5
n0336398202a8180d--slur--start--1,n426--slur--start--1,slur,stamp,n0336398202a8180d
n97dfd6a3a65d7338--slur--stop--1,n427--slur--stop--1,slur,stamp,n97dfd6a3a65d7338
n91873d3476f4766a--slur--start--1,n428--slur--start--1,slur,stamp,n91873d3476f4766a
n1d0d63b0865964b5--slur--stop--1,n429--slur--stop--1,slur,stamp,n1d0d63b0865964b5
n9463c1bd02aa9796--arpeggiate--1,n430--arpeggiate--1,arpeggiate,stamp,n9463c1bd02aa9796
n9ff3a9e5ea588eda--arpeggiate--1,n431--arpeggiate--1,arpeggiate,stamp,n9ff3a9e5ea588eda
n2b1871ec2d3ed078--arpeggiate--1,n432--arpeggiate--1,arpeggiate,stamp,n2b1871ec2d3ed078
n7a417b14789b3ddf--arpeggiate--1,n434--arpeggiate--1,arpeggiate,stamp,n7a417b14789b3ddf
n70fb09cee7613c32--arpeggiate--1,n435--arpeggiate--1,arpeggiate,stamp,n70fb09cee7613c32
nac3be1b5ad64bcf6--arpeggiate--1,n436--arpeggiate--1,arpeggiate,stamp,nac3be1b5ad64bcf6
e528cc99cda3dc058,md-1-29-1-1,dynamics,md,1
neb801559fd0398e1--slur--start--1,n440--slur--start--1,slur,stamp,neb801559fd0398e1
n990eef9ee6a0f9f9--slur--stop--1,n441--slur--stop--1,slur,stamp,n990eef9ee6a0f9f9
n9aca53cb4f1ef3ef--slur--start--1,n442--slur--start--1,slur,stamp,n9aca53cb4f1ef3ef
n5137072beffdb26b--slur--stop--1,n443--slur--stop--1,slur,stamp,n5137072beffdb26b
nb9f0c7c48c38039c--slur--start--1,n444--slur--start--1,slur,stamp,nb9f0c7c48c38039c
nf134bddffbe22440--slur--stop--1,n445--slur--stop--1,slur,stamp,nf134bddffbe22440
n6d4caa732a121ef4--arpeggiate--1,n446--arpeggiate--1,arpeggiate,stamp,n6d4caa732a121ef4
n81cdbdfa955fced6--arpeggiate--1,n447--arpeggiate--1,arpeggiate,stamp,n81cdbdfa955fced6
nefc6c86ac6407542--arpeggiate--1,n448--arpeggiate--1,arpeggiate,stamp,nefc6c86ac6407542
n0d3515d031601126--arpeggiate--1,n450--arpeggiate--1,arpeggiate,stamp,n0d3515d031601126
nb34e256deed74ffd--arpeggiate--1,n451--arpeggiate--1,arpeggiate,stamp,nb34e256deed74ffd
n2b28b2441fa23dde--arpeggiate--1,n452--arpeggiate--1,arpeggiate,stamp,n2b28b2441fa23dde
ncabaa7d224c1faa3--slur--start--1,n456--slur--start--1,slur,stamp,ncabaa7d224c1faa3
n243ee0c460310b74--slur--stop--1,n457--slur--stop--1,slur,stamp,n243ee0c460310b74
n7ddcda65cfc41764--slur--start--1,n458--slur--start--1,slur,stamp,n7ddcda65cfc41764
n077403b4189e24c6--slur--stop--1,n459--slur--stop--1,slur,stamp,n077403b4189e24c6
n081ebffed35853c0--slur--start--1,n460--slur--start--1,slur,stamp,n081ebffed35853c0
nf12206c6fdbeed1c--slur--stop--1,n461--slur--stop--1,slur,stamp,nf12206c6fdbeed1c
nf6ed97556e64cb43--arpeggiate--1,n462--arpeggiate--1,arpeggiate,stamp,nf6ed97556e64cb43
n576457486d8f022a--arpeggiate--1,n463--arpeggiate--1,arpeggiate,stamp,n576457486d8f022a
ne92a459fa8285454--arpeggiate--1,n464--arpeggiate--1,arpeggiate,stamp,ne92a459fa8285454
n414e3145322310c3--arpeggiate--1,n466--arpeggiate--1,arpeggiate,stamp,n414e3145322310c3
nc9ad370fc211e25e--arpeggiate--1,n467--arpeggiate--1,arpeggiate,stamp,nc9ad370fc211e25e
n29e0f4061b942ebe--slur--stop--1,n469--slur--stop--1,slur,stamp,n29e0f4061b942ebe
n6564c370413306d1--slur--start--1,n470--slur--start--1,slur,stamp,n6564c370413306d1
n8f47de8b263c9cb7--slur--start--1,n471--slur--start--1,slur,stamp,n8f47de8b263c9cb7
n20087442ab8f9e52--slur--stop--1,n472--slur--stop--1,slur,stamp,n20087442ab8f9e52
n3c910e4119459922--slur--start--1,n473--slur--start--1,slur,stamp,n3c910e4119459922
nc411cf200898b5f8--slur--stop--1,n474--slur--stop--1,slur,stamp,nc411cf200898b5f8
n3886be3452d92294--slur--start--1,n475--slur--start--1,slur,stamp,n3886be3452d92294
n614eeaf1e6eaa0de--slur--stop--1,n476--slur--stop--1,slur,stamp,n614eeaf1e6eaa0de
nd208819a2358dc0a--arpeggiate--1,n477--arpeggiate--1,arpeggiate,stamp,nd208819a2358dc0a
na6ff42b2245c6920--arpeggiate--1,n478--arpeggiate--1,arpeggiate,stamp,na6ff42b2245c6920
n29245b29068398af--arpeggiate--1,n479--arpeggiate--1,arpeggiate,stamp,n29245b29068398af
nbef15471a1e91c79--arpeggiate--1,n481--arpeggiate--1,arpeggiate,stamp,nbef15471a1e91c79
n3757609a8e55e423--arpeggiate--1,n482--arpeggiate--1,arpeggiate,stamp,n3757609a8e55e423
n7f75717caaa65e28--arpeggiate--1,n483--arpeggiate--1,arpeggiate,stamp,n7f75717caaa65e28
n3fd365ef64cde4c6--slur--start--1,n487--slur--start--1,slur,stamp,n3fd365ef64cde4c6
n423ca109d446ffb2--slur--stop--1,n488--slur--stop--1,slur,stamp,n423ca109d446ffb2
n06118000292c6a90--slur--start--1,n489--slur--start--1,slur,stamp,n06118000292c6a90
n22a394d6c0e20583--slur--stop--1,n490--slur--stop--1,slur,stamp,n22a394d6c0e20583
nacbf1eacf37ccb19--slur--start--1,n491--slur--start--1,slur,stamp,nacbf1eacf37ccb19
n11d3ea846032dce6--slur--stop--1,n492--slur--stop--1,slur,stamp,n11d3ea846032dce6
n7cf908682c1adc0d--arpeggiate--1,n493--arpeggiate--1,arpeggiate,stamp,n7cf908682c1adc0d
n05f4617b8169e46b--arpeggiate--1,n494--arpeggiate--1,arpeggiate,stamp,n05f4617b8169e46b
na1cf61fa6107697d--arpeggiate--1,n495--arpeggiate--1,arpeggiate,stamp,na1cf61fa6107697d
nd3cb54c3e8b90aa8--arpeggiate--1,n497--arpeggiate--1,arpeggiate,stamp,nd3cb54c3e8b90aa8
n18ee6d1edfa99054--arpeggiate--1,n498--arpeggiate--1,arpeggiate,stamp,n18ee6d1edfa99054
n19fa80718b04c6f3--arpeggiate--1,n499--arpeggiate--1,arpeggiate,stamp,n19fa80718b04c6f3
n8c80f9c96eab79d8--slur--start--1,n503--slur--start--1,slur,stamp,n8c80f9c96eab79d8
n98fbca2fe5e6c4fa--slur--stop--1,n504--slur--stop--1,slur,stamp,n98fbca2fe5e6c4fa
n5c460222c59104f7--slur--start--1,n505--slur--start--1,slur,stamp,n5c460222c59104f7
n86cbe8e9a3160d4b--slur--stop--1,n506--slur--stop--1,slur,stamp,n86cbe8e9a3160d4b
n9634ea0121345f9b--slur--start--1,n507--slur--start--1,slur,stamp,n9634ea0121345f9b
n0543378fa0cdd66b--slur--stop--1,n508--slur--stop--1,slur,stamp,n0543378fa0cdd66b
n6733d26c06e8d123--arpeggiate--1,n509--arpeggiate--1,arpeggiate,stamp,n6733d26c06e8d123
n5cfa82e164e9efa0--arpeggiate--1,n510--arpeggiate--1,arpeggiate,stamp,n5cfa82e164e9efa0
n62086700071ddeda--arpeggiate--1,n511--arpeggiate--1,arpeggiate,stamp,n62086700071ddeda
neaf7322adbe9fee8--arpeggiate--1,n513--arpeggiate--1,arpeggiate,stamp,neaf7322adbe9fee8
nedbf10949e90f4fc--arpeggiate--1,n514--arpeggiate--1,arpeggiate,stamp,nedbf10949e90f4fc
n3ad647a25f37a350--arpeggiate--1,n515--arpeggiate--1,arpeggiate,stamp,n3ad647a25f37a350
n959e44d51b22f967--slur--start--1,n519--slur--start--1,slur,stamp,n959e44d51b22f967
nb61f859817eda506--slur--stop--1,n520--slur--stop--1,slur,stamp,nb61f859817eda506
n0f57efd87ccecd7b--slur--start--1,n521--slur--start--1,slur,stamp,n0f57efd87ccecd7b
n07ca04679c68fab7--slur--stop--1,n522--slur--stop--1,slur,stamp,n07ca04679c68fab7
n2d3a9b5f4cfb4038--slur--start--1,n523--slur--start--1,slur,stamp,n2d3a9b5f4cfb4038
n4b5f077010d1f030--slur--stop--1,n524--slur--stop--1,slur,stamp,n4b5f077010d1f030
n32603512613b8136--tie--1,,tie,derive,n32603512613b8136
n32603512613b8136--tied--start--1,n528--tied--start--1,tied,stamp,n32603512613b8136
n32603512613b8136--arpeggiate--1,n528--arpeggiate--1,arpeggiate,stamp,n32603512613b8136
necea30b53611fab7--arpeggiate--1,n529--arpeggiate--1,arpeggiate,stamp,necea30b53611fab7
n872dca3c21e11d65--arpeggiate--1,n530--arpeggiate--1,arpeggiate,stamp,n872dca3c21e11d65
ne08cedf19bc3ef41--arpeggiate--1,n531--arpeggiate--1,arpeggiate,stamp,ne08cedf19bc3ef41
n8080e1115b08b7c0--arpeggiate--1,n532--arpeggiate--1,arpeggiate,stamp,n8080e1115b08b7c0
n703b6ed68c68d6aa--arpeggiate--1,n533--arpeggiate--1,arpeggiate,stamp,n703b6ed68c68d6aa
n804f72141dde7bb4--arpeggiate--1,n534--arpeggiate--1,arpeggiate,stamp,n804f72141dde7bb4
nded30cfb1dbf5208--arpeggiate--1,n535--arpeggiate--1,arpeggiate,stamp,nded30cfb1dbf5208
n864d7fa72ab478bc--slur--stop--1,n538--slur--stop--1,slur,stamp,n864d7fa72ab478bc
n81cef0514bac3ddf--slur--start--1,n539--slur--start--1,slur,stamp,n81cef0514bac3ddf
nbb4ebc6db407bd88--slur--stop--1,n540--slur--stop--1,slur,stamp,nbb4ebc6db407bd88
ne42e34204e6e303e--slur--start--1,n541--slur--start--1,slur,stamp,ne42e34204e6e303e
nfa01c471415473ec--slur--stop--1,n542--slur--stop--1,slur,stamp,nfa01c471415473ec
n197b27f4ae665fc8--slur--start--1,n543--slur--start--1,slur,stamp,n197b27f4ae665fc8
n1223764989501160--slur--stop--1,n544--slur--stop--1,slur,stamp,n1223764989501160
nd84e13ef2e3d4562--tie--1,,tie,derive,nd84e13ef2e3d4562
nd84e13ef2e3d4562--tied--stop--1,n545--tied--stop--1,tied,stamp,nd84e13ef2e3d4562
n6d9edd12a475fb9a--accent--1,,accent,derive,n6d9edd12a475fb9a
n6d9edd12a475fb9a--arpeggiate--1,n547--arpeggiate--1,arpeggiate,stamp,n6d9edd12a475fb9a
n32883db56c1b5eb8--arpeggiate--1,n548--arpeggiate--1,arpeggiate,stamp,n32883db56c1b5eb8
n4cebda1d0816a81c--arpeggiate--1,n549--arpeggiate--1,arpeggiate,stamp,n4cebda1d0816a81c
n008fe8461f6fddce--arpeggiate--1,n550--arpeggiate--1,arpeggiate,stamp,n008fe8461f6fddce
n565196fc1a73c45e--arpeggiate--1,n551--arpeggiate--1,arpeggiate,stamp,n565196fc1a73c45e
n4ab03a843e793e09--arpeggiate--1,n552--arpeggiate--1,arpeggiate,stamp,n4ab03a843e793e09
n6cb2a9a8ac63f96e--slur--start--1,n553--slur--start--1,slur,stamp,n6cb2a9a8ac63f96e
na3006cc8b07091a3--slur--start--1,n562--slur--start--1,slur,stamp,na3006cc8b07091a3
n38a46a6bee9670d8--slur--stop--1,n567--slur--stop--1,slur,stamp,n38a46a6bee9670d8
e7735bb9327b9f46b,md-1-37-1-1,dynamics,md,1
n44bbe10ab46df1c6--tuplet--start--1,n568--tuplet--start--1,tuplet,stamp,n44bbe10ab46df1c6
n363cc6ab40bb0210--tuplet--stop--1,n576--tuplet--stop--1,tuplet,stamp,n363cc6ab40bb0210
nd09873bb1ad7df67--tuplet--start--1,n577--tuplet--start--1,tuplet,stamp,nd09873bb1ad7df67
nd09873bb1ad7df67--slur--start--1,n577--slur--start--1,slur,stamp,nd09873bb1ad7df67
ncac58fa4b42b6a09--tuplet--stop--1,n582--tuplet--stop--1,tuplet,stamp,ncac58fa4b42b6a09
ncac58fa4b42b6a09--slur--stop--1,n582--slur--stop--1,slur,stamp,ncac58fa4b42b6a09
ed5b7fcba09d51edd,md-1-38-1-1,dynamics,md,1
n136cd3d1a4f31812--tuplet--start--1,n583--tuplet--start--1,tuplet,stamp,n136cd3d1a4f31812
n4c114e6604394e26--tuplet--stop--1,n591--tuplet--stop--1,tuplet,stamp,n4c114e6604394e26
n33efd84e4d67f325--tuplet--start--1,n592--tuplet--start--1,tuplet,stamp,n33efd84e4d67f325
n33efd84e4d67f325--slur--start--1,n592--slur--start--1,slur,stamp,n33efd84e4d67f325
n9fb8ecb829046e54--tuplet--stop--1,n597--tuplet--stop--1,tuplet,stamp,n9fb8ecb829046e54
n9fb8ecb829046e54--slur--stop--1,n597--slur--stop--1,slur,stamp,n9fb8ecb829046e54
nef1ce87e4c4e26c3--tuplet--start--1,n598--tuplet--start--1,tuplet,stamp,nef1ce87e4c4e26c3
n85d63274d6055156--slur--stop--1,n603--slur--stop--1,slur,stamp,n85d63274d6055156
n924a2c81b4befa54--slur--start--1,n604--slur--start--1,slur,stamp,n924a2c81b4befa54
na20e161c34005db1--tuplet--stop--1,n606--tuplet--stop--1,tuplet,stamp,na20e161c34005db1
nf8cc3a38f1a40f29--tuplet--start--1,n607--tuplet--start--1,tuplet,stamp,nf8cc3a38f1a40f29
nf8cc3a38f1a40f29--slur--start--1,n607--slur--start--1,slur,stamp,nf8cc3a38f1a40f29
nbfd35425dcdffc1c--slur--stop--1,n610--slur--stop--1,slur,stamp,nbfd35425dcdffc1c
n9a1c38cf69f62134--slur--start--1,n611--slur--start--1,slur,stamp,n9a1c38cf69f62134
n58f9d0d9d3171253--tuplet--stop--1,n612--tuplet--stop--1,tuplet,stamp,n58f9d0d9d3171253
nf2bff2c8072db375--tuplet--start--1,n613--tuplet--start--1,tuplet,stamp,nf2bff2c8072db375
n451e35108885e013--tuplet--stop--1,n621--tuplet--stop--1,tuplet,stamp,n451e35108885e013
n451e35108885e013--slur--stop--1,n621--slur--stop--1,slur,stamp,n451e35108885e013
n5fbda07c81323c66--tuplet--start--1,n622--tuplet--start--1,tuplet,stamp,n5fbda07c81323c66
ndb5ed1ac24f49e14--tuplet--stop--1,n627--tuplet--stop--1,tuplet,stamp,ndb5ed1ac24f49e14
ndb5ed1ac24f49e14--slur--stop--1,n627--slur--stop--1,slur,stamp,ndb5ed1ac24f49e14
ne1f92780c69a338f--slur--start--1,n628--slur--start--1,slur,stamp,ne1f92780c69a338f
nbdeefefbd87536d0--slur--stop--1,n631--slur--stop--1,slur,stamp,nbdeefefbd87536d0
nbdeefefbd87536d0--staccato--1,,staccato,derive,nbdeefefbd87536d0
nbdeefefbd87536d0--accent--1,,accent,derive,nbdeefefbd87536d0
na0e2a1d92e893c5f--slur--start--1,n634--slur--start--1,slur,stamp,na0e2a1d92e893c5f
na0e2a1d92e893c5f--arpeggiate--1,n634--arpeggiate--1,arpeggiate,stamp,na0e2a1d92e893c5f
n6bee027a1c76c726--arpeggiate--1,n635--arpeggiate--1,arpeggiate,stamp,n6bee027a1c76c726
n43f28fde0a1d99ac--arpeggiate--1,n636--arpeggiate--1,arpeggiate,stamp,n43f28fde0a1d99ac
nb18d9f5f929a2458--slur--stop--1,n637--slur--stop--1,slur,stamp,nb18d9f5f929a2458
nb18d9f5f929a2458--staccato--1,,staccato,derive,nb18d9f5f929a2458
e0aeaf0897c3bcf18,md-1-42-1-1,dynamics,md,1
ebddabe2a0b7c7fb2,md-1-42-1-2,octave-shift,md,1
ed233de08fe30d9e0,md-1-42-1-3,octave-shift,md,1
eb3dad292e006c5e6,md-1-42-1-4,pedal,md,1
e76b598670ff20925,md-1-42-2-1,pedal,md,2
n406f7f1c1c7debd9--slur--start--1,n640--slur--start--1,slur,stamp,n406f7f1c1c7debd9
ne5b3e8e4057d452f--slur--stop--1,n643--slur--stop--1,slur,stamp,ne5b3e8e4057d452f
ne5b3e8e4057d452f--staccato--1,,staccato,derive,ne5b3e8e4057d452f
ne5b3e8e4057d452f--accent--1,,accent,derive,ne5b3e8e4057d452f
n965f27363a342127--fermata--upright--1,n645--fermata--upright--1,fermata,stamp,n965f27363a342127
n72e3b2e85dbfdeae--arpeggiate--1,n646--arpeggiate--1,arpeggiate,stamp,n72e3b2e85dbfdeae
n50fed20119b6a65c--arpeggiate--1,n647--arpeggiate--1,arpeggiate,stamp,n50fed20119b6a65c
ncf86a895498cd46d--arpeggiate--1,n648--arpeggiate--1,arpeggiate,stamp,ncf86a895498cd46d
n8382ef24cea0732a--staccato--1,,staccato,derive,n8382ef24cea0732a
n75017fa61c9709a3--fermata--upright--1,n651--fermata--upright--1,fermata,stamp,n75017fa61c9709a3
eff3709160b021688,md-1-43-1-1,pedal,md,1
e95b31c15f05cd3dd,md-1-43-1-2,pedal,md,1
n1db47d154fc632ed--slur--start--1,n652--slur--start--1,slur,stamp,n1db47d154fc632ed
n8a376ee33169f52e--slur--stop--1,n655--slur--stop--1,slur,stamp,n8a376ee33169f52e
n8a376ee33169f52e--staccato--1,,staccato,derive,n8a376ee33169f52e
n8a376ee33169f52e--accent--1,,accent,derive,n8a376ee33169f52e
n907becf9ad092630--fermata--upright--1,n657--fermata--upright--1,fermata,stamp,n907becf9ad092630
ne11ddaebec8bdc75--arpeggiate--1,n658--arpeggiate--1,arpeggiate,stamp,ne11ddaebec8bdc75
n73026e5d0415023d--arpeggiate--1,n659--arpeggiate--1,arpeggiate,stamp,n73026e5d0415023d
nb3fb25a6fa639fe2--arpeggiate--1,n660--arpeggiate--1,arpeggiate,stamp,nb3fb25a6fa639fe2
ne9f60e49f5ba41c6--staccato--1,,staccato,derive,ne9f60e49f5ba41c6
n9fb8a5891505debc--fermata--upright--1,n663--fermata--upright--1,fermata,stamp,n9fb8a5891505debc
e1d2dc07bbd53b8b5,md-1-44-1-1,pedal,md,1
e14ab44c4f98423cc,md-1-44-1-2,pedal,md,1
n5f767b8958b82838--tuplet--start--1,n664--tuplet--start--1,tuplet,stamp,n5f767b8958b82838
n5f767b8958b82838--slur--start--1,n664--slur--start--1,slur,stamp,n5f767b8958b82838
n99ed3ee7f8ed255f--tuplet--stop--1,n667--tuplet--stop--1,tuplet,stamp,n99ed3ee7f8ed255f
na3c3447f8abdf33a--tuplet--start--1,n668--tuplet--start--1,tuplet,stamp,na3c3447f8abdf33a
nf10bf0267b896fc8--tuplet--stop--1,n671--tuplet--stop--1,tuplet,stamp,nf10bf0267b896fc8
nb021f8b39200e746--tuplet--start--1,n672--tuplet--start--1,tuplet,stamp,nb021f8b39200e746
n48a843cdf953998e--tuplet--stop--1,n675--tuplet--stop--1,tuplet,stamp,n48a843cdf953998e
nf72324942a388403--slur--start--1,n676--slur--start--1,slur,stamp,nf72324942a388403
e8f20ece8d445e611,md-1-45-1-1,words,md,1
e62571289c6264ec1,md-1-45-1-3,dynamics,md,1
e0111df004fdced32,md-1-45-2-1,dynamics,md,2
e5b24cbbe28899199,md-1-45-2-2,pedal,md,2
ef27797eb3e293f61,md-1-45-2-3,pedal,md,2
n9a470cc4626a54c2--tuplet--start--1,n679--tuplet--start--1,tuplet,stamp,n9a470cc4626a54c2
n0812277549d1d293--tuplet--stop--1,n682--tuplet--stop--1,tuplet,stamp,n0812277549d1d293
nf5242d51ec55294c--tuplet--start--1,n683--tuplet--start--1,tuplet,stamp,nf5242d51ec55294c
nd39090cb97325d1c--tuplet--stop--1,n686--tuplet--stop--1,tuplet,stamp,nd39090cb97325d1c
n6a7196d02f63fe71--tuplet--start--1,n687--tuplet--start--1,tuplet,stamp,n6a7196d02f63fe71
n5068deab1171e197--tuplet--stop--1,n690--tuplet--stop--1,tuplet,stamp,n5068deab1171e197
n5068deab1171e197--slur--stop--1,n690--slur--stop--1,slur,stamp,n5068deab1171e197
nc5494131ff2efe3c--slur--stop--1,n692--slur--stop--1,slur,stamp,nc5494131ff2efe3c
eef1aba8c8709cd8b,md-1-46-2-1,pedal,md,2
ed166d59062dd76cc,md-1-46-2-2,pedal,md,2
n5919ff57cb729126--tuplet--start--1,n695--tuplet--start--1,tuplet,stamp,n5919ff57cb729126
ncea65805d25abec6--tuplet--stop--1,n698--tuplet--stop--1,tuplet,stamp,ncea65805d25abec6
n73f306ed49810b87--tuplet--start--1,n699--tuplet--start--1,tuplet,stamp,n73f306ed49810b87
nd2607a540c836311--tuplet--stop--1,n702--tuplet--stop--1,tuplet,stamp,nd2607a540c836311
n2b65206b85322210--tuplet--start--1,n703--tuplet--start--1,tuplet,stamp,n2b65206b85322210
n85ea0adf01cfbd77--tuplet--stop--1,n706--tuplet--stop--1,tuplet,stamp,n85ea0adf01cfbd77
na5d02d05035f9c6a--slur--start--1,n707--slur--start--1,slur,stamp,na5d02d05035f9c6a
ne2717dec36d76a9e--slur--start--1,n708--slur--start--1,slur,stamp,ne2717dec36d76a9e
e122afafbf9f90ecd,md-1-47-1-1,pedal,md,1
e8fbfc46a882e05cd,md-1-47-2-1,pedal,md,2
neb387906333edff9--tuplet--start--1,n712--tuplet--start--1,tuplet,stamp,neb387906333edff9
nffd45d8cd7271876--tuplet--stop--1,n715--tuplet--stop--1,tuplet,stamp,nffd45d8cd7271876
nc27d6bb609479390--tuplet--start--1,n716--tuplet--start--1,tuplet,stamp,nc27d6bb609479390
ne7a5cce18b839deb--tuplet--stop--1,n719--tuplet--stop--1,tuplet,stamp,ne7a5cce18b839deb
nd80ea60faf9ba1f8--tuplet--start--1,n720--tuplet--start--1,tuplet,stamp,nd80ea60faf9ba1f8
nb9ce0b2d15458426--tuplet--stop--1,n723--tuplet--stop--1,tuplet,stamp,nb9ce0b2d15458426
nb9ce0b2d15458426--slur--stop--1,n723--slur--stop--1,slur,stamp,nb9ce0b2d15458426
nf3db1dde1e580e45--slur--stop--1,n725--slur--stop--1,slur,stamp,nf3db1dde1e580e45
e93740ad830577df9,md-1-48-1-1,pedal,md,1
ed6be6c02484a23a3,md-1-48-2-1,pedal,md,2
n6522573b4a807fd4--tuplet--start--1,n727--tuplet--start--1,tuplet,stamp,n6522573b4a807fd4
n6522573b4a807fd4--slur--start--1,n727--slur--start--1,slur,stamp,n6522573b4a807fd4
nfb71db60a63778da--tuplet--stop--1,n730--tuplet--stop--1,tuplet,stamp,nfb71db60a63778da
n9a8faed629d19d22--tuplet--start--1,n731--tuplet--start--1,tuplet,stamp,n9a8faed629d19d22
n2ea5a540d08bbc9f--tuplet--stop--1,n734--tuplet--stop--1,tuplet,stamp,n2ea5a540d08bbc9f
na2cb08fc7b6eb981--tuplet--start--1,n735--tuplet--start--1,tuplet,stamp,na2cb08fc7b6eb981
n0b408ad8f0820906--tuplet--stop--1,n738--tuplet--stop--1,tuplet,stamp,n0b408ad8f0820906
na8dff71237251322--slur--start--1,n739--slur--start--1,slur,stamp,na8dff71237251322
n5d858ef2a51a938b--tuplet--start--1,n743--tuplet--start--1,tuplet,stamp,n5d858ef2a51a938b
nf1e57fdb032fc2ab--tuplet--stop--1,n746--tuplet--stop--1,tuplet,stamp,nf1e57fdb032fc2ab
n3462836e86bb5192--tuplet--start--1,n747--tuplet--start--1,tuplet,stamp,n3462836e86bb5192
n5ccc20a281fc045b--tuplet--stop--1,n750--tuplet--stop--1,tuplet,stamp,n5ccc20a281fc045b
n56de14f51b72e6e5--tuplet--start--1,n751--tuplet--start--1,tuplet,stamp,n56de14f51b72e6e5
n34e26a1174296bc7--tuplet--stop--1,n754--tuplet--stop--1,tuplet,stamp,n34e26a1174296bc7
ed74094d7054f39ef,md-1-50-1-1,pedal,md,1
e4987c9c430c52fde,md-1-50-1-2,octave-shift,md,1
e57f5692d3a7cc61e,md-1-50-1-3,pedal,md,1
e018f06d0c8626625,md-1-50-1-4,octave-shift,md,1
n96c232632c7ae7e9--tuplet--start--1,n760--tuplet--start--1,tuplet,stamp,n96c232632c7ae7e9
n60d1df56d20b52c5--tuplet--stop--1,n763--tuplet--stop--1,tuplet,stamp,n60d1df56d20b52c5
nebe6d70e171922c5--tuplet--start--1,n764--tuplet--start--1,tuplet,stamp,nebe6d70e171922c5
ndd4677d85d1afeed--tuplet--stop--1,n767--tuplet--stop--1,tuplet,stamp,ndd4677d85d1afeed
nbe09bdddc79eecae--tuplet--start--1,n768--tuplet--start--1,tuplet,stamp,nbe09bdddc79eecae
n4e5b82d2cf586792--tuplet--stop--1,n771--tuplet--stop--1,tuplet,stamp,n4e5b82d2cf586792
ef602537d7946c94d,md-1-51-1-1,pedal,md,1
e8c48d99da6a4e1d2,md-1-51-1-2,pedal,md,1
n349cc1a6842ec34e--tuplet--start--1,n777--tuplet--start--1,tuplet,stamp,n349cc1a6842ec34e
na505085ddf677bc5--tuplet--stop--1,n780--tuplet--stop--1,tuplet,stamp,na505085ddf677bc5
nacb3e5cf5c06fb87--tuplet--start--1,n781--tuplet--start--1,tuplet,stamp,nacb3e5cf5c06fb87
nb36b98e9af20ffa6--tuplet--stop--1,n784--tuplet--stop--1,tuplet,stamp,nb36b98e9af20ffa6
nf9c93ffa4cdd68d2--tuplet--start--1,n785--tuplet--start--1,tuplet,stamp,nf9c93ffa4cdd68d2
nd7437fe368c8df21--tuplet--stop--1,n788--tuplet--stop--1,tuplet,stamp,nd7437fe368c8df21
nd7437fe368c8df21--slur--stop--1,n788--slur--stop--1,slur,stamp,nd7437fe368c8df21
nc7280d8120af0380--arpeggiate--1,n789--arpeggiate--1,arpeggiate,stamp,nc7280d8120af0380
n1990b643ae98ef35--slur--stop--1,n791--slur--stop--1,slur,stamp,n1990b643ae98ef35
n0286946b670f824c--tie--1,,tie,derive,n0286946b670f824c
n0286946b670f824c--tied--start--1,n794--tied--start--1,tied,stamp,n0286946b670f824c
e2ee8999c0230786a,md-1-52-1-1,pedal,md,1
ed32f9360087aea9f,md-1-52-1-2,pedal,md,1
n051d7798ebf1af60--tuplet--start--1,n795--tuplet--start--1,tuplet,stamp,n051d7798ebf1af60
n051d7798ebf1af60--slur--start--1,n795--slur--start--1,slur,stamp,n051d7798ebf1af60
n726142c48a02e67e--tuplet--stop--1,n798--tuplet--stop--1,tuplet,stamp,n726142c48a02e67e
n05308ff1f2a09c4d--tuplet--start--1,n799--tuplet--start--1,tuplet,stamp,n05308ff1f2a09c4d
nb765eccaff840c1a--tuplet--stop--1,n802--tuplet--stop--1,tuplet,stamp,nb765eccaff840c1a
n20bf9ea9eb841864--tuplet--start--1,n803--tuplet--start--1,tuplet,stamp,n20bf9ea9eb841864
n426608ba40305432--tuplet--stop--1,n806--tuplet--stop--1,tuplet,stamp,n426608ba40305432
n861f17ee6894575b--slur--start--1,n808--slur--start--1,slur,stamp,n861f17ee6894575b
neffa5da0fb5634c8--arpeggiate--1,n811--arpeggiate--1,arpeggiate,stamp,neffa5da0fb5634c8
nc1788c633f81e015--tie--1,,tie,derive,nc1788c633f81e015
nc1788c633f81e015--tied--stop--1,n812--tied--stop--1,tied,stamp,nc1788c633f81e015
nc1788c633f81e015--arpeggiate--1,n812--arpeggiate--1,arpeggiate,stamp,nc1788c633f81e015
e26c3cf9750157c73,md-1-53-2-1,pedal,md,2
n56aad7c420672538--tuplet--start--1,n815--tuplet--start--1,tuplet,stamp,n56aad7c420672538
ncba5339d5ec7e8ad--tuplet--stop--1,n818--tuplet--stop--1,tuplet,stamp,ncba5339d5ec7e8ad
n16651076c236d331--tuplet--start--1,n819--tuplet--start--1,tuplet,stamp,n16651076c236d331
nb57b0a6cc1e6159f--tuplet--stop--1,n822--tuplet--stop--1,tuplet,stamp,nb57b0a6cc1e6159f
nec53550ce9686877--tuplet--start--1,n823--tuplet--start--1,tuplet,stamp,nec53550ce9686877
na4825208e641a905--tuplet--stop--1,n826--tuplet--stop--1,tuplet,stamp,na4825208e641a905
na4825208e641a905--slur--stop--1,n826--slur--stop--1,slur,stamp,na4825208e641a905
n361da2dfdc26ccd4--slur--stop--1,n828--slur--stop--1,slur,stamp,n361da2dfdc26ccd4
ed61fd810027a3d08,md-1-54-1-1,pedal,md,1
e211656b7e57d3150,md-1-54-2-1,pedal,md,2
n4f016d526f035689--tuplet--start--1,n831--tuplet--start--1,tuplet,stamp,n4f016d526f035689
n348306378e408827--tuplet--stop--1,n834--tuplet--stop--1,tuplet,stamp,n348306378e408827
nb0f77806653fd9cf--tuplet--start--1,n835--tuplet--start--1,tuplet,stamp,nb0f77806653fd9cf
n1656d8fdca8b7d8e--tuplet--stop--1,n838--tuplet--stop--1,tuplet,stamp,n1656d8fdca8b7d8e
nd86d95456ddccb1b--tuplet--start--1,n839--tuplet--start--1,tuplet,stamp,nd86d95456ddccb1b
n35775e78a5b6ab1f--tuplet--stop--1,n842--tuplet--stop--1,tuplet,stamp,n35775e78a5b6ab1f
n7d7c92becbef3e2b--slur--start--1,n843--slur--start--1,slur,stamp,n7d7c92becbef3e2b
nd345e4a885cb7fa4--slur--start--1,n844--slur--start--1,slur,stamp,nd345e4a885cb7fa4
ea1a0e42d68b46656,md-1-55-1-1,pedal,md,1
nde462b0fae952417--tuplet--start--1,n848--tuplet--start--1,tuplet,stamp,nde462b0fae952417
n4d97ee8ca697c59b--tuplet--stop--1,n851--tuplet--stop--1,tuplet,stamp,n4d97ee8ca697c59b
n993f9c6047624a55--tuplet--start--1,n852--tuplet--start--1,tuplet,stamp,n993f9c6047624a55
n0af18c065e0fe054--tuplet--stop--1,n855--tuplet--stop--1,tuplet,stamp,n0af18c065e0fe054
nd97b64df378beef2--tuplet--start--1,n856--tuplet--start--1,tuplet,stamp,nd97b64df378beef2
n3741aa9248739100--tuplet--stop--1,n859--tuplet--stop--1,tuplet,stamp,n3741aa9248739100
n3741aa9248739100--slur--stop--1,n859--slur--stop--1,slur,stamp,n3741aa9248739100
n9585997f26931938--slur--stop--1,n861--slur--stop--1,slur,stamp,n9585997f26931938
ea8b897d293685e21,md-1-56-1-1,pedal,md,1
e9e49a2253c73acb3,md-1-56-2-1,pedal,md,2
n22f748ff531849e3--tuplet--start--1,n863--tuplet--start--1,tuplet,stamp,n22f748ff531849e3
n22f748ff531849e3--slur--start--1,n863--slur--start--1,slur,stamp,n22f748ff531849e3
ndbe92b31d6a98ffb--tuplet--stop--1,n866--tuplet--stop--1,tuplet,stamp,ndbe92b31d6a98ffb
n0765d305dc2fbf37--tuplet--start--1,n867--tuplet--start--1,tuplet,stamp,n0765d305dc2fbf37
nd96103d5b6514c99--tuplet--stop--1,n870--tuplet--stop--1,tuplet,stamp,nd96103d5b6514c99
n2cdb5634250da3aa--tuplet--start--1,n871--tuplet--start--1,tuplet,stamp,n2cdb5634250da3aa
nc07b889f8d751cf4--tuplet--stop--1,n874--tuplet--stop--1,tuplet,stamp,nc07b889f8d751cf4
nc29ea7e54083c852--slur--start--1,n875--slur--start--1,slur,stamp,nc29ea7e54083c852
nc167d22696ee6cae--arpeggiate--1,n878--arpeggiate--1,arpeggiate,stamp,nc167d22696ee6cae
n07fa33e23fa4bd94--tuplet--start--1,n879--tuplet--start--1,tuplet,stamp,n07fa33e23fa4bd94
n49ac39fbb06cc036--tuplet--stop--1,n882--tuplet--stop--1,tuplet,stamp,n49ac39fbb06cc036
n23da519388dc2421--tuplet--start--1,n883--tuplet--start--1,tuplet,stamp,n23da519388dc2421
n404aa48c0788a173--tuplet--stop--1,n886--tuplet--stop--1,tuplet,stamp,n404aa48c0788a173
ne045fe352de9a7e2--tuplet--start--1,n887--tuplet--start--1,tuplet,stamp,ne045fe352de9a7e2
neb6cda26c90e562d--tuplet--stop--1,n890--tuplet--stop--1,tuplet,stamp,neb6cda26c90e562d
n82d2ba9adad50597--tuplet--start--1,n891--tuplet--start--1,tuplet,stamp,n82d2ba9adad50597
ncc633b8cc4b4f8a2--tuplet--stop--1,n892--tuplet--stop--1,tuplet,stamp,ncc633b8cc4b4f8a2
n649760fdffb6647a--tuplet--start--1,n897--tuplet--start--1,tuplet,stamp,n649760fdffb6647a
nd90b03513ee0cfb7--tuplet--stop--1,n900--tuplet--stop--1,tuplet,stamp,nd90b03513ee0cfb7
nc4ece3d1ca0bafea--tuplet--start--1,n901--tuplet--start--1,tuplet,stamp,nc4ece3d1ca0bafea
n3b8e234738ad1440--tuplet--stop--1,n904--tuplet--stop--1,tuplet,stamp,n3b8e234738ad1440
n752d15f3b2103134--tuplet--start--1,n905--tuplet--start--1,tuplet,stamp,n752d15f3b2103134
nea8dd335c4af77ef--tuplet--stop--1,n908--tuplet--stop--1,tuplet,stamp,nea8dd335c4af77ef
n9feba86439483dd7--tuplet--start--1,n909--tuplet--start--1,tuplet,stamp,n9feba86439483dd7
ndbec2e8596f8a1c1--tuplet--stop--1,n910--tuplet--stop--1,tuplet,stamp,ndbec2e8596f8a1c1
n11a6bbbde64ba4e1--tuplet--start--1,n911--tuplet--start--1,tuplet,stamp,n11a6bbbde64ba4e1
nb926dad282ecbda2--tuplet--stop--1,n912--tuplet--stop--1,tuplet,stamp,nb926dad282ecbda2
na5708c2ba1684af1--tuplet--start--1,n913--tuplet--start--1,tuplet,stamp,na5708c2ba1684af1
n93b5d9b9c29d37b0--tuplet--stop--1,n914--tuplet--stop--1,tuplet,stamp,n93b5d9b9c29d37b0
nfe32429ab83e64c5--tuplet--start--1,n919--tuplet--start--1,tuplet,stamp,nfe32429ab83e64c5
nc6263d5c7f853a41--tuplet--stop--1,n922--tuplet--stop--1,tuplet,stamp,nc6263d5c7f853a41
n0fa6383d0a85b702--tuplet--start--1,n923--tuplet--start--1,tuplet,stamp,n0fa6383d0a85b702
nbf9af6233ce98572--tuplet--stop--1,n926--tuplet--stop--1,tuplet,stamp,nbf9af6233ce98572
ne4b537bcf9a7a4fe--tuplet--start--1,n927--tuplet--start--1,tuplet,stamp,ne4b537bcf9a7a4fe
nb7522b9a88489f70--tuplet--stop--1,n930--tuplet--stop--1,tuplet,stamp,nb7522b9a88489f70
nb7522b9a88489f70--slur--stop--1,n930--slur--stop--1,slur,stamp,nb7522b9a88489f70
nce0d60a971da25a6--tuplet--start--1,n931--tuplet--start--1,tuplet,stamp,nce0d60a971da25a6
n282bdcb54dce82c4--tuplet--stop--1,n932--tuplet--stop--1,tuplet,stamp,n282bdcb54dce82c4
n20fe9058cd8b0733--tuplet--start--1,n933--tuplet--start--1,tuplet,stamp,n20fe9058cd8b0733
n2d9e2aa30cc25152--tuplet--stop--1,n934--tuplet--stop--1,tuplet,stamp,n2d9e2aa30cc25152
n135c3b4408e4e442--tuplet--start--1,n935--tuplet--start--1,tuplet,stamp,n135c3b4408e4e442
n605feea2308e60e6--tuplet--stop--1,n936--tuplet--stop--1,tuplet,stamp,n605feea2308e60e6
na8f975d310159db1--slur--stop--1,n937--slur--stop--1,slur,stamp,na8f975d310159db1
n0b72b61dca1be282--tuplet--start--1,n939--tuplet--start--1,tuplet,stamp,n0b72b61dca1be282
n0b72b61dca1be282--slur--start--1,n939--slur--start--1,slur,stamp,n0b72b61dca1be282
n1657c1b6c8c61b2a--tuplet--stop--1,n942--tuplet--stop--1,tuplet,stamp,n1657c1b6c8c61b2a
n4d9c6b6740bee2aa--tuplet--start--1,n943--tuplet--start--1,tuplet,stamp,n4d9c6b6740bee2aa
n272e18a322d149d8--tuplet--stop--1,n946--tuplet--stop--1,tuplet,stamp,n272e18a322d149d8
n742453f6fe86597d--tuplet--start--1,n947--tuplet--start--1,tuplet,stamp,n742453f6fe86597d
nde1a1a724d66c43f--tuplet--stop--1,n950--tuplet--stop--1,tuplet,stamp,nde1a1a724d66c43f
n5dfcfeaa1a1ebaa6--slur--start--1,n951--slur--start--1,slur,stamp,n5dfcfeaa1a1ebaa6
e766e686f762c7529,md-1-61-1-1,pedal,md,1
e9dfc4e935df62d4f,md-1-61-1-2,pedal,md,1
n7c5293825b124a24--tuplet--start--1,n953--tuplet--start--1,tuplet,stamp,n7c5293825b124a24
n760e755dbac6edb8--tuplet--stop--1,n956--tuplet--stop--1,tuplet,stamp,n760e755dbac6edb8
n25f23e06e045c75b--tuplet--start--1,n957--tuplet--start--1,tuplet,stamp,n25f23e06e045c75b
n8d137ffd07d5d975--tuplet--stop--1,n960--tuplet--stop--1,tuplet,stamp,n8d137ffd07d5d975
n1be40eb5fd3fba2d--tuplet--start--1,n961--tuplet--start--1,tuplet,stamp,n1be40eb5fd3fba2d
n4ab0abf03e56764a--tuplet--stop--1,n964--tuplet--stop--1,tuplet,stamp,n4ab0abf03e56764a
n149c790cab568324--tuplet--start--1,n971--tuplet--start--1,tuplet,stamp,n149c790cab568324
n2a05fe3ef082ac82--tuplet--stop--1,n974--tuplet--stop--1,tuplet,stamp,n2a05fe3ef082ac82
n851b9aabd1b84c9a--tuplet--start--1,n975--tuplet--start--1,tuplet,stamp,n851b9aabd1b84c9a
n48380f1f8c8ff222--tuplet--stop--1,n978--tuplet--stop--1,tuplet,stamp,n48380f1f8c8ff222
nce7c105a6213dbef--tuplet--start--1,n979--tuplet--start--1,tuplet,stamp,nce7c105a6213dbef
n52ad37c75683f077--tuplet--stop--1,n982--tuplet--stop--1,tuplet,stamp,n52ad37c75683f077
e4a9247a3961d07a7,md-1-63-1-1,pedal,md,1
e786e97bfab5195a4,md-1-63-1-2,pedal,md,1
n23aad0358b713904--tuplet--start--1,n986--tuplet--start--1,tuplet,stamp,n23aad0358b713904
nedbd34e613bc3757--tuplet--stop--1,n989--tuplet--stop--1,tuplet,stamp,nedbd34e613bc3757
n83874b30a2431411--tuplet--start--1,n990--tuplet--start--1,tuplet,stamp,n83874b30a2431411
n08f3301a7fa69228--tuplet--stop--1,n993--tuplet--stop--1,tuplet,stamp,n08f3301a7fa69228
n367fbdf6a80a10a3--tuplet--start--1,n994--tuplet--start--1,tuplet,stamp,n367fbdf6a80a10a3
n11c039d3c122351f--tuplet--stop--1,n997--tuplet--stop--1,tuplet,stamp,n11c039d3c122351f
n11c039d3c122351f--slur--stop--1,n997--slur--stop--1,slur,stamp,n11c039d3c122351f
n15dfad20eb12dd08--slur--stop--1,n998--slur--stop--1,slur,stamp,n15dfad20eb12dd08
ne365a605f0d9d265--tuplet--start--1,n1001--tuplet--start--1,tuplet,stamp,ne365a605f0d9d265
ne365a605f0d9d265--slur--start--1,n1001--slur--start--1,slur,stamp,ne365a605f0d9d265
ndaca7a7e594c3d99--tuplet--stop--1,n1004--tuplet--stop--1,tuplet,stamp,ndaca7a7e594c3d99
nd77ecebc65ab3f9c--tuplet--start--1,n1005--tuplet--start--1,tuplet,stamp,nd77ecebc65ab3f9c
n66ebd3808e6ea6f1--tuplet--stop--1,n1008--tuplet--stop--1,tuplet,stamp,n66ebd3808e6ea6f1
n96422c2b307b968e--tuplet--start--1,n1009--tuplet--start--1,tuplet,stamp,n96422c2b307b968e
n4df9f2c7293d45da--tuplet--stop--1,n1012--tuplet--stop--1,tuplet,stamp,n4df9f2c7293d45da
nefce52e024f7ecf3--slur--start--1,n1013--slur--start--1,slur,stamp,nefce52e024f7ecf3
eed8bcd1d24be4335,md-1-65-1-1,pedal,md,1
e5f32369183a70f8f,md-1-65-1-2,pedal,md,1
ebfbf06b1df32e8ad,md-1-65-1-3,octave-shift,md,1
n9f4bbf8b97267795--tuplet--start--1,n1015--tuplet--start--1,tuplet,stamp,n9f4bbf8b97267795
nf5a3ce43ce17e347--tuplet--stop--1,n1018--tuplet--stop--1,tuplet,stamp,nf5a3ce43ce17e347
nbfed1a3f5723cee1--tuplet--start--1,n1019--tuplet--start--1,tuplet,stamp,nbfed1a3f5723cee1
n37fe24fdd0782d0e--tuplet--stop--1,n1022--tuplet--stop--1,tuplet,stamp,n37fe24fdd0782d0e
n37b9f1c150f2e92c--tuplet--start--1,n1023--tuplet--start--1,tuplet,stamp,n37b9f1c150f2e92c
n3ce803f5649f08b1--tuplet--stop--1,n1026--tuplet--stop--1,tuplet,stamp,n3ce803f5649f08b1
e26e17c7ab63b4c9f,md-1-66-1-1,octave-shift,md,1
nb752c8bace6e9502--tuplet--start--1,n1033--tuplet--start--1,tuplet,stamp,nb752c8bace6e9502
n6f1105a37e4edad2--tuplet--stop--1,n1036--tuplet--stop--1,tuplet,stamp,n6f1105a37e4edad2
nf42e4b2a999c56b9--tuplet--start--1,n1037--tuplet--start--1,tuplet,stamp,nf42e4b2a999c56b9
n2c62cd9862fd2b0b--tuplet--stop--1,n1040--tuplet--stop--1,tuplet,stamp,n2c62cd9862fd2b0b
n3b8f69ed8e0f674f--tuplet--start--1,n1041--tuplet--start--1,tuplet,stamp,n3b8f69ed8e0f674f
n95e0f998a74021fd--tuplet--stop--1,n1044--tuplet--stop--1,tuplet,stamp,n95e0f998a74021fd
e110bc73769a168b0,md-1-67-1-1,pedal,md,1
ec315c6ce3d13d2dc,md-1-67-2-1,pedal,md,2
n2c87f762ebff1036--tuplet--start--1,n1048--tuplet--start--1,tuplet,stamp,n2c87f762ebff1036
nf261a4e31eb6bb18--tuplet--stop--1,n1051--tuplet--stop--1,tuplet,stamp,nf261a4e31eb6bb18
nee1eed748fb55655--tuplet--start--1,n1052--tuplet--start--1,tuplet,stamp,nee1eed748fb55655
ndf7a1349f8e9392d--tuplet--stop--1,n1055--tuplet--stop--1,tuplet,stamp,ndf7a1349f8e9392d
n1d4faa9235d15519--tuplet--start--1,n1056--tuplet--start--1,tuplet,stamp,n1d4faa9235d15519
ne6ed74ed6b975fe7--tuplet--stop--1,n1059--tuplet--stop--1,tuplet,stamp,ne6ed74ed6b975fe7
ne6ed74ed6b975fe7--slur--stop--1,n1059--slur--stop--1,slur,stamp,ne6ed74ed6b975fe7
n58ddfb7684b181df--slur--stop--1,n1060--slur--stop--1,slur,stamp,n58ddfb7684b181df
n2c8e4fa01fd114c3--tuplet--start--1,n1063--tuplet--start--1,tuplet,stamp,n2c8e4fa01fd114c3
n2c8e4fa01fd114c3--slur--start--1,n1063--slur--start--1,slur,stamp,n2c8e4fa01fd114c3
nb8c5fde2e2d9be42--tuplet--stop--1,n1066--tuplet--stop--1,tuplet,stamp,nb8c5fde2e2d9be42
n4c9ed2078efff19a--tuplet--start--1,n1067--tuplet--start--1,tuplet,stamp,n4c9ed2078efff19a
na544df1383760e35--tuplet--stop--1,n1070--tuplet--stop--1,tuplet,stamp,na544df1383760e35
n12152ad233753ede--tuplet--start--1,n1071--tuplet--start--1,tuplet,stamp,n12152ad233753ede
nc4cf246a8f8c2ebe--tuplet--stop--1,n1074--tuplet--stop--1,tuplet,stamp,nc4cf246a8f8c2ebe
nc4cf246a8f8c2ebe--slur--stop--1,n1074--slur--stop--1,slur,stamp,nc4cf246a8f8c2ebe
nf772b8ccbe34e45b--slur--start--1,n1078--slur--start--1,slur,stamp,nf772b8ccbe34e45b
n9b9b37aea9413595--slur--stop--1,n1082--slur--stop--1,slur,stamp,n9b9b37aea9413595
ed12baaf919966e62,md-1-69-1-1,dynamics,md,1
n0e294f7b2f42ddd6--tuplet--start--1,n1084--tuplet--start--1,tuplet,stamp,n0e294f7b2f42ddd6
n0e294f7b2f42ddd6--slur--start--1,n1084--slur--start--1,slur,stamp,n0e294f7b2f42ddd6
naa3ffbec9c769a33--tuplet--stop--1,n1087--tuplet--stop--1,tuplet,stamp,naa3ffbec9c769a33
n92dcfdefbf920ccc--tuplet--start--1,n1088--tuplet--start--1,tuplet,stamp,n92dcfdefbf920ccc
nc1a1e1d209ee746b--tuplet--stop--1,n1091--tuplet--stop--1,tuplet,stamp,nc1a1e1d209ee746b
n8567748a1416d1ed--tuplet--start--1,n1092--tuplet--start--1,tuplet,stamp,n8567748a1416d1ed
n4ec6cd992e3fb814--tuplet--stop--1,n1095--tuplet--stop--1,tuplet,stamp,n4ec6cd992e3fb814
n4ec6cd992e3fb814--slur--stop--1,n1095--slur--stop--1,slur,stamp,n4ec6cd992e3fb814
nfd3eabe970962025--slur--start--1,n1099--slur--start--1,slur,stamp,nfd3eabe970962025
n655ed4b051560499--tuplet--start--1,n1105--tuplet--start--1,tuplet,stamp,n655ed4b051560499
n655ed4b051560499--slur--start--1,n1105--slur--start--1,slur,stamp,n655ed4b051560499
n5ebe42d2e4a334b3--tuplet--stop--1,n1108--tuplet--stop--1,tuplet,stamp,n5ebe42d2e4a334b3
n38b35847135885d4--tuplet--start--1,n1109--tuplet--start--1,tuplet,stamp,n38b35847135885d4
n86193a878aa3d7da--tuplet--stop--1,n1112--tuplet--stop--1,tuplet,stamp,n86193a878aa3d7da
nd18b216e18e64f5d--tuplet--start--1,n1113--tuplet--start--1,tuplet,stamp,nd18b216e18e64f5d
nd193f008621c6196--tuplet--stop--1,n1116--tuplet--stop--1,tuplet,stamp,nd193f008621c6196
e4303bbc9a9557b81,md-1-71-1-1,octave-shift,md,1
ee8c7f8d2eb986025,md-1-71-1-2,pedal,md,1
ef12820b23dca7f68,md-1-71-2-1,pedal,md,2
n0bed383343fe3cad--tuplet--start--1,n1121--tuplet--start--1,tuplet,stamp,n0bed383343fe3cad
n7ad3b0b7d457aff2--tuplet--stop--1,n1124--tuplet--stop--1,tuplet,stamp,n7ad3b0b7d457aff2
n6895a116284ee830--tuplet--start--1,n1125--tuplet--start--1,tuplet,stamp,n6895a116284ee830
nffef3cf34e556989--tuplet--stop--1,n1128--tuplet--stop--1,tuplet,stamp,nffef3cf34e556989
n5615b3931a3bf916--tuplet--start--1,n1129--tuplet--start--1,tuplet,stamp,n5615b3931a3bf916
n1af12dbaa6a431f5--tuplet--stop--1,n1132--tuplet--stop--1,tuplet,stamp,n1af12dbaa6a431f5
n1af12dbaa6a431f5--slur--stop--1,n1132--slur--stop--1,slur,stamp,n1af12dbaa6a431f5
n873247408879ea99--slur--stop--1,n1133--slur--stop--1,slur,stamp,n873247408879ea99
e77a1212313d36f72,md-1-72-1-1,octave-shift,md,1
e8a08d8fb69068f6f,md-1-72-2-1,pedal,md,2
e68e2e8c5b6e232ac,md-1-72-2-2,pedal,md,2
n25e4f230f37e0020--tuplet--start--1,n1136--tuplet--start--1,tuplet,stamp,n25e4f230f37e0020
n25e4f230f37e0020--slur--start--1,n1136--slur--start--1,slur,stamp,n25e4f230f37e0020
n081f67950cd41768--tuplet--stop--1,n1139--tuplet--stop--1,tuplet,stamp,n081f67950cd41768
n081f67950cd41768--slur--stop--1,n1139--slur--stop--1,slur,stamp,n081f67950cd41768
na357e162844a44e6--tuplet--start--1,n1140--tuplet--start--1,tuplet,stamp,na357e162844a44e6
na357e162844a44e6--slur--start--1,n1140--slur--start--1,slur,stamp,na357e162844a44e6
na357e162844a44e6--accent--1,,accent,derive,na357e162844a44e6
ndafd54ccc1ad0a3b--tuplet--stop--1,n1143--tuplet--stop--1,tuplet,stamp,ndafd54ccc1ad0a3b
n5468a49b09955f22--tuplet--start--1,n1144--tuplet--start--1,tuplet,stamp,n5468a49b09955f22
n5468a49b09955f22--accent--1,,accent,derive,n5468a49b09955f22
naf88428b9d289028--tuplet--stop--1,n1147--tuplet--stop--1,tuplet,stamp,naf88428b9d289028
nf06211197ef5a401--accent--1,,accent,derive,nf06211197ef5a401
nf06211197ef5a401--arpeggiate--1,n1150--arpeggiate--1,arpeggiate,stamp,nf06211197ef5a401
n95782da345b41643--arpeggiate--1,n1151--arpeggiate--1,arpeggiate,stamp,n95782da345b41643
n687c94e58b5410e4--arpeggiate--1,n1152--arpeggiate--1,arpeggiate,stamp,n687c94e58b5410e4
ncf758c78b1750de0--arpeggiate--1,n1153--arpeggiate--1,arpeggiate,stamp,ncf758c78b1750de0
n34e474b3ab2698fb--accent--1,,accent,derive,n34e474b3ab2698fb
n34e474b3ab2698fb--arpeggiate--1,n1154--arpeggiate--1,arpeggiate,stamp,n34e474b3ab2698fb
n07de9f1950286ddf--arpeggiate--1,n1155--arpeggiate--1,arpeggiate,stamp,n07de9f1950286ddf
n646f5c94204bdbc7--arpeggiate--1,n1156--arpeggiate--1,arpeggiate,stamp,n646f5c94204bdbc7
n6f674d9494c9f858--arpeggiate--1,n1157--arpeggiate--1,arpeggiate,stamp,n6f674d9494c9f858
edeba0bbd326a22e3,md-1-73-1-1,pedal,md,1
eac11245c1d2a1de7,md-1-73-1-2,pedal,md,1
e0d1b11622b3109e3,md-1-73-2-1,dynamics,md,2
na25ef670a3458634--tuplet--start--1,n1158--tuplet--start--1,tuplet,stamp,na25ef670a3458634
nc39bba0f5237e11e--tuplet--stop--1,n1161--tuplet--stop--1,tuplet,stamp,nc39bba0f5237e11e
nc39bba0f5237e11e--slur--stop--1,n1161--slur--stop--1,slur,stamp,nc39bba0f5237e11e
n9aad48dbd53deca7--tuplet--start--1,n1162--tuplet--start--1,tuplet,stamp,n9aad48dbd53deca7
n9aad48dbd53deca7--slur--start--1,n1162--slur--start--1,slur,stamp,n9aad48dbd53deca7
nf4f0e775540e0b1d--tuplet--stop--1,n1165--tuplet--stop--1,tuplet,stamp,nf4f0e775540e0b1d
n491cc8192ddb1859--tuplet--start--1,n1166--tuplet--start--1,tuplet,stamp,n491cc8192ddb1859
n078afb5eb3791345--tuplet--stop--1,n1169--tuplet--stop--1,tuplet,stamp,n078afb5eb3791345
n637e62fb10887a6a--slur--start--1,n1170--slur--start--1,slur,stamp,n637e62fb10887a6a
n40e08ad4615f6e90--slur--stop--1,n1174--slur--stop--1,slur,stamp,n40e08ad4615f6e90
e577afdb5533eb113,md-1-74-2-1,pedal,md,2
ee9b0de1ca689f03f,md-1-74-2-2,pedal,md,2
ne6bb09e00551c03c--tuplet--start--1,n1177--tuplet--start--1,tuplet,stamp,ne6bb09e00551c03c
n7479b254415fbadb--tuplet--stop--1,n1180--tuplet--stop--1,tuplet,stamp,n7479b254415fbadb
n7479b254415fbadb--slur--stop--1,n1180--slur--stop--1,slur,stamp,n7479b254415fbadb
n68c6349edbba0919--tuplet--start--1,n1181--tuplet--start--1,tuplet,stamp,n68c6349edbba0919
n68c6349edbba0919--slur--start--1,n1181--slur--start--1,slur,stamp,n68c6349edbba0919
n68c6349edbba0919--accent--1,,accent,derive,n68c6349edbba0919
nded9c45a2b3994fc--tuplet--stop--1,n1184--tuplet--stop--1,tuplet,stamp,nded9c45a2b3994fc
n438a5d9839bac951--tuplet--start--1,n1185--tuplet--start--1,tuplet,stamp,n438a5d9839bac951
n438a5d9839bac951--accent--1,,accent,derive,n438a5d9839bac951
n2b39cc7a5f80baa4--tuplet--stop--1,n1188--tuplet--stop--1,tuplet,stamp,n2b39cc7a5f80baa4
n00635597aea0ab28--accent--1,,accent,derive,n00635597aea0ab28
n00635597aea0ab28--arpeggiate--1,n1191--arpeggiate--1,arpeggiate,stamp,n00635597aea0ab28
ne2abb44792f5b8cc--arpeggiate--1,n1192--arpeggiate--1,arpeggiate,stamp,ne2abb44792f5b8cc
n0062209da906203a--arpeggiate--1,n1193--arpeggiate--1,arpeggiate,stamp,n0062209da906203a
n618f6e5441fe04ae--arpeggiate--1,n1194--arpeggiate--1,arpeggiate,stamp,n618f6e5441fe04ae
n2f8adade412ad593--accent--1,,accent,derive,n2f8adade412ad593
n2f8adade412ad593--arpeggiate--1,n1195--arpeggiate--1,arpeggiate,stamp,n2f8adade412ad593
ne84a535af6476601--arpeggiate--1,n1196--arpeggiate--1,arpeggiate,stamp,ne84a535af6476601
n7549b52d582a6662--arpeggiate--1,n1197--arpeggiate--1,arpeggiate,stamp,n7549b52d582a6662
n95c4836acd3b5ea4--arpeggiate--1,n1198--arpeggiate--1,arpeggiate,stamp,n95c4836acd3b5ea4
ee266ae2efc8e8956,md-1-75-1-1,pedal,md,1
e395ee8c3dbd45dfa,md-1-75-1-2,pedal,md,1
ne031e59404844289--tuplet--start--1,n1199--tuplet--start--1,tuplet,stamp,ne031e59404844289
n24ffc0d2b1fc8c87--tuplet--stop--1,n1202--tuplet--stop--1,tuplet,stamp,n24ffc0d2b1fc8c87
n24ffc0d2b1fc8c87--slur--stop--1,n1202--slur--stop--1,slur,stamp,n24ffc0d2b1fc8c87
n4cd99142b5619e57--tuplet--start--1,n1203--tuplet--start--1,tuplet,stamp,n4cd99142b5619e57
n4cd99142b5619e57--slur--start--1,n1203--slur--start--1,slur,stamp,n4cd99142b5619e57
ne5a108d8f44f30d6--tuplet--stop--1,n1206--tuplet--stop--1,tuplet,stamp,ne5a108d8f44f30d6
nde46019be87082a8--tuplet--start--1,n1207--tuplet--start--1,tuplet,stamp,nde46019be87082a8
n1036ade5ed40bec8--tuplet--stop--1,n1210--tuplet--stop--1,tuplet,stamp,n1036ade5ed40bec8
n1036ade5ed40bec8--slur--stop--1,n1210--slur--stop--1,slur,stamp,n1036ade5ed40bec8
naf081a0b35c9bd4c--slur--start--1,n1211--slur--start--1,slur,stamp,naf081a0b35c9bd4c
ne6c82377275dff19--slur--stop--1,n1215--slur--stop--1,slur,stamp,ne6c82377275dff19
eb185ff831fd14623,md-1-76-1-1,pedal,md,1
eb5d6ae382cece72e,md-1-76-2-1,pedal,md,2
n8aebdc1f47f9ae9a--tuplet--start--1,n1218--tuplet--start--1,tuplet,stamp,n8aebdc1f47f9ae9a
n8aebdc1f47f9ae9a--slur--start--1,n1218--slur--start--1,slur,stamp,n8aebdc1f47f9ae9a
n8d822f22d553f87d--tuplet--stop--1,n1221--tuplet--stop--1,tuplet,stamp,n8d822f22d553f87d
ncfd05223386e0fcb--tuplet--start--1,n1222--tuplet--start--1,tuplet,stamp,ncfd05223386e0fcb
ne3d070e679a87835--tuplet--stop--1,n1225--tuplet--stop--1,tuplet,stamp,ne3d070e679a87835
n10abbfa043db2825--tuplet--start--1,n1226--tuplet--start--1,tuplet,stamp,n10abbfa043db2825
nc08d4f320e2967f8--tuplet--stop--1,n1229--tuplet--stop--1,tuplet,stamp,nc08d4f320e2967f8
n925c1e401ff572e5--slur--start--1,n1233--slur--start--1,slur,stamp,n925c1e401ff572e5
n48a48d55511e0858--tie--1,,tie,derive,n48a48d55511e0858
n48a48d55511e0858--tied--start--1,n1236--tied--start--1,tied,stamp,n48a48d55511e0858
ne12a6670ae0c0157--tuplet--start--1,n1237--tuplet--start--1,tuplet,stamp,ne12a6670ae0c0157
n2c7d64cd11790d9a--tuplet--stop--1,n1240--tuplet--stop--1,tuplet,stamp,n2c7d64cd11790d9a
n62fded67acf61dc9--tuplet--start--1,n1241--tuplet--start--1,tuplet,stamp,n62fded67acf61dc9
nc886f4733102031e--tuplet--stop--1,n1244--tuplet--stop--1,tuplet,stamp,nc886f4733102031e
n4281de5e61dc03c6--tuplet--start--1,n1245--tuplet--start--1,tuplet,stamp,n4281de5e61dc03c6
n5cee63f8f8e5362e--tuplet--stop--1,n1248--tuplet--stop--1,tuplet,stamp,n5cee63f8f8e5362e
nd2f39e867a837b2b--tie--1,,tie,derive,nd2f39e867a837b2b
nd2f39e867a837b2b--tie--2,,tie,derive,nd2f39e867a837b2b
nd2f39e867a837b2b--tied--stop--1,n1255--tied--stop--1,tied,stamp,nd2f39e867a837b2b
nd2f39e867a837b2b--tied--start--2,n1255--tied--start--2,tied,stamp,nd2f39e867a837b2b
nb6fcafc1f6a51dfb--tuplet--start--1,n1256--tuplet--start--1,tuplet,stamp,nb6fcafc1f6a51dfb
n550129ce2d5d97a5--tuplet--stop--1,n1259--tuplet--stop--1,tuplet,stamp,n550129ce2d5d97a5
n15e237b0a5205ee9--tuplet--start--1,n1260--tuplet--start--1,tuplet,stamp,n15e237b0a5205ee9
n3f47e6f301005fb2--tuplet--stop--1,n1263--tuplet--stop--1,tuplet,stamp,n3f47e6f301005fb2
na85a953da5cd8837--tuplet--start--1,n1264--tuplet--start--1,tuplet,stamp,na85a953da5cd8837
n8260c68910e065b6--tuplet--stop--1,n1267--tuplet--stop--1,tuplet,stamp,n8260c68910e065b6
na9c5b828d0fa5cfd--tie--1,,tie,derive,na9c5b828d0fa5cfd
na9c5b828d0fa5cfd--tie--2,,tie,derive,na9c5b828d0fa5cfd
na9c5b828d0fa5cfd--tied--stop--1,n1272--tied--stop--1,tied,stamp,na9c5b828d0fa5cfd
na9c5b828d0fa5cfd--tied--start--2,n1272--tied--start--2,tied,stamp,na9c5b828d0fa5cfd
ea76a0fd6d84e5060,md-1-79-1-1,wedge,md,1
n4ac67d876a1e5ae5--tuplet--start--1,n1273--tuplet--start--1,tuplet,stamp,n4ac67d876a1e5ae5
n1862c03291074813--tuplet--stop--1,n1276--tuplet--stop--1,tuplet,stamp,n1862c03291074813
n478f72973210fc49--tuplet--start--1,n1277--tuplet--start--1,tuplet,stamp,n478f72973210fc49
n01fd28a0e3feed8f--tuplet--stop--1,n1280--tuplet--stop--1,tuplet,stamp,n01fd28a0e3feed8f
n07d314c358acc20d--tuplet--start--1,n1281--tuplet--start--1,tuplet,stamp,n07d314c358acc20d
n76184a45e7c98ff0--tuplet--stop--1,n1284--tuplet--stop--1,tuplet,stamp,n76184a45e7c98ff0
n76184a45e7c98ff0--slur--stop--1,n1284--slur--stop--1,slur,stamp,n76184a45e7c98ff0
n1cb1efea5226bf73--slur--stop--1,n1288--slur--stop--1,slur,stamp,n1cb1efea5226bf73
n265ff14f82ec6a12--tie--1,,tie,derive,n265ff14f82ec6a12
n265ff14f82ec6a12--tied--stop--1,n1290--tied--stop--1,tied,stamp,n265ff14f82ec6a12
ee0926bbdc4865a07,md-1-80-1-1,words,md,1
e4c5c51edf7996089,md-1-80-1-2,wedge,md,1
nc34f8e190d04dfe0--slur--start--1,n1291--slur--start--1,slur,stamp,nc34f8e190d04dfe0
nbbbc49827d017a10--slur--start--1,n1307--slur--start--1,slur,stamp,nbbbc49827d017a10
ea0e44965a2f7581e,md-1-81-1-1,words,md,1
e2e6db868a8084b03,md-1-81-1-2,dynamics,md,1
e236d0aaa05a21da0,md-1-81-1-3,dynamics,md,1
e7d04048dfa6a093c,md-1-81-1-4,pedal,md,1
e0bf23f035945d1ea,md-1-81-1-5,pedal,md,1
n86e0ef5a5665d464--slur--stop--1,n1327--slur--stop--1,slur,stamp,n86e0ef5a5665d464
n8a5b6de439aff708--slur--stop--1,n1328--slur--stop--1,slur,stamp,n8a5b6de439aff708
eefa03c9464322081,md-1-82-1-1,pedal,md,1
eb67e93fbe9d8a5a5,md-1-82-1-2,pedal,md,1
n94a49d02fede9236--slur--start--1,n1334--slur--start--1,slur,stamp,n94a49d02fede9236
n58cf2a195d2bf5af--slur--start--1,n1350--slur--start--1,slur,stamp,n58cf2a195d2bf5af
e2ee97e773937082b,md-1-83-1-1,pedal,md,1
e8220eb6db687a1c2,md-1-83-1-2,pedal,md,1
nd3010a2e5cf85d8a--slur--stop--1,n1371--slur--stop--1,slur,stamp,nd3010a2e5cf85d8a
n7f670c4887b193bd--slur--stop--1,n1372--slur--stop--1,slur,stamp,n7f670c4887b193bd
ea7f94a6b4ba377a3,md-1-84-1-1,pedal,md,1
e1d78f0b7507a84d7,md-1-84-1-2,pedal,md,1
n85c741233b2acfbe--slur--start--1,n1376--slur--start--1,slur,stamp,n85c741233b2acfbe
n43895dda18f8144a--slur--start--1,n1392--slur--start--1,slur,stamp,n43895dda18f8144a
e261738f9cbf7a006,md-1-85-1-1,octave-shift,md,1
ed53b47f6c22bb29a,md-1-86-1-1,pedal,md,1
e4ffc19b511667b82,md-1-86-1-2,pedal,md,1
e94c0b6667006b661,md-1-86-1-3,octave-shift,md,1
nf8d2108eace4b940--tie--1,,tie,derive,nf8d2108eace4b940
nf8d2108eace4b940--tied--start--1,n1440--tied--start--1,tied,stamp,nf8d2108eace4b940
ebd735b17e446e997,md-1-87-1-1,pedal,md,1
e8465bc38175e5b62,md-1-87-2-1,pedal,md,2
n5b1df95eeaaeae59--slur--stop--1,n1460--slur--stop--1,slur,stamp,n5b1df95eeaaeae59
nabcee05942e892ee--slur--stop--1,n1463--slur--stop--1,slur,stamp,nabcee05942e892ee
nd827e820fe37c085--arpeggiate--1,n1464--arpeggiate--1,arpeggiate,stamp,nd827e820fe37c085
nf53feba666a0ac53--tie--1,,tie,derive,nf53feba666a0ac53
nf53feba666a0ac53--tied--stop--1,n1465--tied--stop--1,tied,stamp,nf53feba666a0ac53
nf53feba666a0ac53--arpeggiate--1,n1465--arpeggiate--1,arpeggiate,stamp,nf53feba666a0ac53
n63719b0d21faf7eb--tie--1,,tie,derive,n63719b0d21faf7eb
n63719b0d21faf7eb--tied--start--1,n1467--tied--start--1,tied,stamp,n63719b0d21faf7eb
e7f55882cc55d39cc,md-1-88-1-1,pedal,md,1
e4c770dffb365483f,md-1-88-1-2,words,md,1
e94f1914e8e6543a6,md-1-88-1-3,pedal,md,1
n298e96a4e3bdb23c--slur--start--1,n1468--slur--start--1,slur,stamp,n298e96a4e3bdb23c
n27f112b34177ab18--slur--start--1,n1485--slur--start--1,slur,stamp,n27f112b34177ab18
n21a9f807c12ba2aa--slur--stop--1,n1488--slur--stop--1,slur,stamp,n21a9f807c12ba2aa
naa9194607229c334--arpeggiate--1,n1489--arpeggiate--1,arpeggiate,stamp,naa9194607229c334
n145a29cc16a99acd--tie--1,,tie,derive,n145a29cc16a99acd
n145a29cc16a99acd--tied--stop--1,n1490--tied--stop--1,tied,stamp,n145a29cc16a99acd
n145a29cc16a99acd--arpeggiate--1,n1490--arpeggiate--1,arpeggiate,stamp,n145a29cc16a99acd
ee2c703b40ada4066,md-1-89-1-1,words,md,1
e5005c37f3e95e37c,md-1-89-1-2,dynamics,md,1
e38294f681c410893,md-1-89-1-3,pedal,md,1
ea50926395d69c786,md-1-89-1-4,pedal,md,1
n1c7d3a941b3b5156--slur--stop--1,n1508--slur--stop--1,slur,stamp,n1c7d3a941b3b5156
n997b58eab3a52aa0--slur--stop--1,n1509--slur--stop--1,slur,stamp,n997b58eab3a52aa0
n12d6d7b2e33480b2--slur--start--1,n1510--slur--start--1,slur,stamp,n12d6d7b2e33480b2
e92f2dfe4442ace0c,md-1-90-2-1,pedal,md,2
ece36b7abfde9ca98,md-1-90-2-2,pedal,md,2
n6ede7d442f6abd69--slur--start--1,n1514--slur--start--1,slur,stamp,n6ede7d442f6abd69
nf58e694773ac0134--slur--start--1,n1530--slur--start--1,slur,stamp,nf58e694773ac0134
ef44e5d4f6e9556f3,md-1-91-1-1,pedal,md,1
ee46dbab43c9ef068,md-1-91-1-2,pedal,md,1
ne25cd11461e62124--slur--stop--1,n1551--slur--stop--1,slur,stamp,ne25cd11461e62124
nc8f0d428546c89c5--slur--stop--1,n1552--slur--stop--1,slur,stamp,nc8f0d428546c89c5
e373cb9989726d684,md-1-92-1-1,pedal,md,1
e2cd914a58b14b561,md-1-92-2-1,pedal,md,2
nd8bba62b49fa5c6c--slur--start--1,n1556--slur--start--1,slur,stamp,nd8bba62b49fa5c6c
nb18923a91c8b4406--slur--start--1,n1572--slur--start--1,slur,stamp,nb18923a91c8b4406
eb753b109b55f312e,md-1-93-1-1,octave-shift,md,1
ec9ae47dd5da8bab9,md-1-94-1-1,pedal,md,1
eb62f624d77bbc79d,md-1-94-1-2,octave-shift,md,1
e48703caab0590c0e,md-1-95-1-1,pedal,md,1
nf85feb3ab02d4ef7--tie--1,,tie,derive,nf85feb3ab02d4ef7
nf85feb3ab02d4ef7--tied--start--1,n1631--tied--start--1,tied,stamp,nf85feb3ab02d4ef7
nf85feb3ab02d4ef7--slur--stop--1,n1631--slur--stop--1,slur,stamp,nf85feb3ab02d4ef7
n33711342e714503d--slur--stop--1,n1647--slur--stop--1,slur,stamp,n33711342e714503d
n92fdfcfa2a71d498--tie--1,,tie,derive,n92fdfcfa2a71d498
n92fdfcfa2a71d498--tied--stop--1,n1648--tied--stop--1,tied,stamp,n92fdfcfa2a71d498
e9c000a97dc4ec58a,md-1-97-1-1,words,md,1
n5e02e4f754985209--slur--start--1,n1649--slur--start--1,slur,stamp,n5e02e4f754985209
nfa416d2533596d82--slur--stop--1,n1652--slur--stop--1,slur,stamp,nfa416d2533596d82
nacccbc99af95a344--slur--start--1,n1653--slur--start--1,slur,stamp,nacccbc99af95a344
n5974f57c1bef18ef--slur--stop--1,n1656--slur--stop--1,slur,stamp,n5974f57c1bef18ef
ne7afd5a77ec0a996--slur--start--1,n1657--slur--start--1,slur,stamp,ne7afd5a77ec0a996
nea15ffe7418ab8db--slur--stop--1,n1660--slur--stop--1,slur,stamp,nea15ffe7418ab8db
n4266c4a62830eafe--arpeggiate--1,n1661--arpeggiate--1,arpeggiate,stamp,n4266c4a62830eafe
n17cac26228673128--arpeggiate--1,n1662--arpeggiate--1,arpeggiate,stamp,n17cac26228673128
nd4ccfc5b48fa302c--arpeggiate--1,n1663--arpeggiate--1,arpeggiate,stamp,nd4ccfc5b48fa302c
n889d1e5b8db4228b--arpeggiate--1,n1665--arpeggiate--1,arpeggiate,stamp,n889d1e5b8db4228b
nabcf3b4fc08a2d20--arpeggiate--1,n1666--arpeggiate--1,arpeggiate,stamp,nabcf3b4fc08a2d20
n8e1051768e2e60dc--arpeggiate--1,n1667--arpeggiate--1,arpeggiate,stamp,n8e1051768e2e60dc
ec4fb31fceebf9246,md-1-98-1-1,words,md,1
e514196ac2d32272e,md-1-98-1-2,dynamics,md,1
n1e7486cbb367f31c--slur--start--1,n1668--slur--start--1,slur,stamp,n1e7486cbb367f31c
n04e7bdbe7108086f--slur--stop--1,n1671--slur--stop--1,slur,stamp,n04e7bdbe7108086f
n5daf0b2e5a621d57--slur--start--1,n1672--slur--start--1,slur,stamp,n5daf0b2e5a621d57
n654380adc4ed091c--slur--stop--1,n1675--slur--stop--1,slur,stamp,n654380adc4ed091c
n0305a1e67c9e2eab--slur--start--1,n1676--slur--start--1,slur,stamp,n0305a1e67c9e2eab
n848bfcff14223752--slur--stop--1,n1679--slur--stop--1,slur,stamp,n848bfcff14223752
n3f59a7fba4d22787--arpeggiate--1,n1680--arpeggiate--1,arpeggiate,stamp,n3f59a7fba4d22787
nb9706fc722c6165a--arpeggiate--1,n1681--arpeggiate--1,arpeggiate,stamp,nb9706fc722c6165a
nb7d989cceafac12c--arpeggiate--1,n1682--arpeggiate--1,arpeggiate,stamp,nb7d989cceafac12c
nb8397061323468a5--arpeggiate--1,n1684--arpeggiate--1,arpeggiate,stamp,nb8397061323468a5
nd3755c3c2825c819--arpeggiate--1,n1685--arpeggiate--1,arpeggiate,stamp,nd3755c3c2825c819
n0541f54b1831fa39--arpeggiate--1,n1686--arpeggiate--1,arpeggiate,stamp,n0541f54b1831fa39
n70a49ef0c8e6dd5d--slur--start--1,n1687--slur--start--1,slur,stamp,n70a49ef0c8e6dd5d
n991e5f6fb13dec44--slur--stop--1,n1690--slur--stop--1,slur,stamp,n991e5f6fb13dec44
ne361faf906e1b50d--slur--start--1,n1691--slur--start--1,slur,stamp,ne361faf906e1b50d
nd13a332707cd86c9--slur--stop--1,n1694--slur--stop--1,slur,stamp,nd13a332707cd86c9
n45dbeac354fbebf5--slur--start--1,n1695--slur--start--1,slur,stamp,n45dbeac354fbebf5
nb65efecc710577d7--slur--stop--1,n1698--slur--stop--1,slur,stamp,nb65efecc710577d7
n603fee5212b3b563--arpeggiate--1,n1699--arpeggiate--1,arpeggiate,stamp,n603fee5212b3b563
n3ffe8d7dfa35be9a--arpeggiate--1,n1700--arpeggiate--1,arpeggiate,stamp,n3ffe8d7dfa35be9a
n665133f29be17b41--arpeggiate--1,n1701--arpeggiate--1,arpeggiate,stamp,n665133f29be17b41
n1287514830945ade--arpeggiate--1,n1703--arpeggiate--1,arpeggiate,stamp,n1287514830945ade
nee3d62ae2d2ef5b5--arpeggiate--1,n1704--arpeggiate--1,arpeggiate,stamp,nee3d62ae2d2ef5b5
n1a10b2d7f841abf9--slur--start--1,n1705--slur--start--1,slur,stamp,n1a10b2d7f841abf9
nba357f197de6901c--slur--stop--1,n1708--slur--stop--1,slur,stamp,nba357f197de6901c
n5f835916f4d9312a--slur--start--1,n1709--slur--start--1,slur,stamp,n5f835916f4d9312a
n8dead407c501a0f4--slur--stop--1,n1712--slur--stop--1,slur,stamp,n8dead407c501a0f4
ne999bbf2635b4fbb--slur--start--1,n1713--slur--start--1,slur,stamp,ne999bbf2635b4fbb
n9a5ef00b4fe851ae--slur--stop--1,n1716--slur--stop--1,slur,stamp,n9a5ef00b4fe851ae
n4bd77085568d92c5--arpeggiate--1,n1717--arpeggiate--1,arpeggiate,stamp,n4bd77085568d92c5
nb9b2f659dd5e1ce7--arpeggiate--1,n1718--arpeggiate--1,arpeggiate,stamp,nb9b2f659dd5e1ce7
nbd75bd26ce89f8cd--arpeggiate--1,n1719--arpeggiate--1,arpeggiate,stamp,nbd75bd26ce89f8cd
na49fb8e86993f3c5--arpeggiate--1,n1721--arpeggiate--1,arpeggiate,stamp,na49fb8e86993f3c5
n738ae0480a8603f9--arpeggiate--1,n1722--arpeggiate--1,arpeggiate,stamp,n738ae0480a8603f9
ndd96fa96ac327660--arpeggiate--1,n1723--arpeggiate--1,arpeggiate,stamp,ndd96fa96ac327660
n5a2f3b48975750ca--slur--start--1,n1724--slur--start--1,slur,stamp,n5a2f3b48975750ca
nbb873d319711a80b--slur--stop--1,n1727--slur--stop--1,slur,stamp,nbb873d319711a80b
ne1a37230a8d17ca2--slur--start--1,n1728--slur--start--1,slur,stamp,ne1a37230a8d17ca2
nadcc7f6350d4fc51--slur--stop--1,n1731--slur--stop--1,slur,stamp,nadcc7f6350d4fc51
n9a18a6c6e6f6c12c--slur--start--1,n1732--slur--start--1,slur,stamp,n9a18a6c6e6f6c12c
n8bf4ab50e01cab86--slur--stop--1,n1735--slur--stop--1,slur,stamp,n8bf4ab50e01cab86
nb566ba2fb79dc238--arpeggiate--1,n1736--arpeggiate--1,arpeggiate,stamp,nb566ba2fb79dc238
n37cf79e8fcb950a0--arpeggiate--1,n1737--arpeggiate--1,arpeggiate,stamp,n37cf79e8fcb950a0
na1a661fba49cb77f--arpeggiate--1,n1738--arpeggiate--1,arpeggiate,stamp,na1a661fba49cb77f
nf1285ea2335a43f1--arpeggiate--1,n1740--arpeggiate--1,arpeggiate,stamp,nf1285ea2335a43f1
n3ee1cba5d3d5210e--arpeggiate--1,n1741--arpeggiate--1,arpeggiate,stamp,n3ee1cba5d3d5210e
ne161904e349a41e2--arpeggiate--1,n1742--arpeggiate--1,arpeggiate,stamp,ne161904e349a41e2
n7e62d3050df6140d--slur--start--1,n1743--slur--start--1,slur,stamp,n7e62d3050df6140d
nf17de13167fec381--slur--stop--1,n1746--slur--stop--1,slur,stamp,nf17de13167fec381
n8e9c77cef4a3eb5a--slur--start--1,n1747--slur--start--1,slur,stamp,n8e9c77cef4a3eb5a
nca116ee4017ab81d--slur--stop--1,n1750--slur--stop--1,slur,stamp,nca116ee4017ab81d
nf950fdcf5a1311d2--slur--start--1,n1751--slur--start--1,slur,stamp,nf950fdcf5a1311d2
nbf36e6261ce72113--slur--stop--1,n1754--slur--stop--1,slur,stamp,nbf36e6261ce72113
n0608cb35ceb3fb82--arpeggiate--1,n1755--arpeggiate--1,arpeggiate,stamp,n0608cb35ceb3fb82
n375ae33701ed091d--arpeggiate--1,n1756--arpeggiate--1,arpeggiate,stamp,n375ae33701ed091d
ndda689219acb9acc--arpeggiate--1,n1757--arpeggiate--1,arpeggiate,stamp,ndda689219acb9acc
n3d06a33c20a23750--arpeggiate--1,n1759--arpeggiate--1,arpeggiate,stamp,n3d06a33c20a23750
n9688065c86c3c659--arpeggiate--1,n1760--arpeggiate--1,arpeggiate,stamp,n9688065c86c3c659
n3685e64ec5cf9b84--arpeggiate--1,n1761--arpeggiate--1,arpeggiate,stamp,n3685e64ec5cf9b84
n298e6e87c8e6d2e5--slur--start--1,n1762--slur--start--1,slur,stamp,n298e6e87c8e6d2e5
nae717fc32c5b7e7a--slur--stop--1,n1765--slur--stop--1,slur,stamp,nae717fc32c5b7e7a
n9ba7442b777cb93b--slur--start--1,n1766--slur--start--1,slur,stamp,n9ba7442b777cb93b
nc46d817ec91d5bb8--slur--stop--1,n1769--slur--stop--1,slur,stamp,nc46d817ec91d5bb8
nb6c80c0b98e45661--slur--start--1,n1770--slur--start--1,slur,stamp,nb6c80c0b98e45661
ne863212a1143473a--slur--stop--1,n1773--slur--stop--1,slur,stamp,ne863212a1143473a
neefd1ac01ff8647f--arpeggiate--1,n1774--arpeggiate--1,arpeggiate,stamp,neefd1ac01ff8647f
n0d590113235b4949--arpeggiate--1,n1775--arpeggiate--1,arpeggiate,stamp,n0d590113235b4949
na60af2f6c112fac7--arpeggiate--1,n1776--arpeggiate--1,arpeggiate,stamp,na60af2f6c112fac7
n75030d9b862d6754--arpeggiate--1,n1777--arpeggiate--1,arpeggiate,stamp,n75030d9b862d6754
n8ba1cbe76323d033--arpeggiate--1,n1778--arpeggiate--1,arpeggiate,stamp,n8ba1cbe76323d033
nb22311a36b992ada--arpeggiate--1,n1779--arpeggiate--1,arpeggiate,stamp,nb22311a36b992ada
nb15a62ce40327ca1--arpeggiate--1,n1780--arpeggiate--1,arpeggiate,stamp,nb15a62ce40327ca1
n395e8103c26a7260--arpeggiate--1,n1781--arpeggiate--1,arpeggiate,stamp,n395e8103c26a7260
nc9c6853f475d8d81--arpeggiate--1,n1782--arpeggiate--1,arpeggiate,stamp,nc9c6853f475d8d81
na917c3989cb25598--slur--start--1,n1783--slur--start--1,slur,stamp,na917c3989cb25598
n3f886685a2115642--slur--stop--1,n1786--slur--stop--1,slur,stamp,n3f886685a2115642
ne6574e0868e40871--slur--start--1,n1787--slur--start--1,slur,stamp,ne6574e0868e40871
n7b9921e6d822e880--slur--stop--1,n1790--slur--stop--1,slur,stamp,n7b9921e6d822e880
nde635a34c8027cf8--slur--start--1,n1791--slur--start--1,slur,stamp,nde635a34c8027cf8
n0285d8d54bb9182f--slur--stop--1,n1794--slur--stop--1,slur,stamp,n0285d8d54bb9182f
nf3212b38f9291ae1--arpeggiate--1,n1795--arpeggiate--1,arpeggiate,stamp,nf3212b38f9291ae1
n240094daa58c368e--arpeggiate--1,n1796--arpeggiate--1,arpeggiate,stamp,n240094daa58c368e
naf8875376fba42d1--arpeggiate--1,n1797--arpeggiate--1,arpeggiate,stamp,naf8875376fba42d1
n0181c6d0df647de2--arpeggiate--1,n1799--arpeggiate--1,arpeggiate,stamp,n0181c6d0df647de2
na5140a5c5076ee49--arpeggiate--1,n1800--arpeggiate--1,arpeggiate,stamp,na5140a5c5076ee49
ne1e702845948e187--arpeggiate--1,n1801--arpeggiate--1,arpeggiate,stamp,ne1e702845948e187
na0afc0499f717cd0--slur--start--1,n1802--slur--start--1,slur,stamp,na0afc0499f717cd0
n52d990ffc879d69c--slur--stop--1,n1805--slur--stop--1,slur,stamp,n52d990ffc879d69c
n02feda9c3d319775--slur--start--1,n1806--slur--start--1,slur,stamp,n02feda9c3d319775
ne686e55e7272db6b--slur--stop--1,n1809--slur--stop--1,slur,stamp,ne686e55e7272db6b
na36c2d922d62d140--slur--start--1,n1810--slur--start--1,slur,stamp,na36c2d922d62d140
neb9278aa0d5b8104--slur--stop--1,n1813--slur--stop--1,slur,stamp,neb9278aa0d5b8104
na6ecfd4601dfa216--slur--start--1,n1814--slur--start--1,slur,stamp,na6ecfd4601dfa216
na371fee48fcebdc5--slur--stop--1,n1819--slur--stop--1,slur,stamp,na371fee48fcebdc5
eba66395e449b37c9,md-1-106-1-1,dynamics,md,1
n331b4d61a09ce31e--slur--start--1,n1820--slur--start--1,slur,stamp,n331b4d61a09ce31e
neaae1a7ab4384e9f--slur--stop--1,n1823--slur--stop--1,slur,stamp,neaae1a7ab4384e9f
n07626aa0cb02fb26--slur--start--1,n1824--slur--start--1,slur,stamp,n07626aa0cb02fb26
n7c63ce41b5ad58e5--slur--stop--1,n1827--slur--stop--1,slur,stamp,n7c63ce41b5ad58e5
n95b9e7692ee35257--slur--start--1,n1828--slur--start--1,slur,stamp,n95b9e7692ee35257
nc26e5edf2ebeca54--slur--stop--1,n1831--slur--stop--1,slur,stamp,nc26e5edf2ebeca54
n31195fd58690cbdb--slur--start--1,n1832--slur--start--1,slur,stamp,n31195fd58690cbdb
n7ac0687bac36ea02--slur--stop--1,n1837--slur--stop--1,slur,stamp,n7ac0687bac36ea02
ncb77396148e51a37--slur--start--1,n1838--slur--start--1,slur,stamp,ncb77396148e51a37
n9fdf6e71f854ba7c--slur--stop--1,n1841--slur--stop--1,slur,stamp,n9fdf6e71f854ba7c
n2118005d325e4c2b--slur--start--1,n1842--slur--start--1,slur,stamp,n2118005d325e4c2b
ne91a519c18a7d6d4--slur--stop--1,n1845--slur--stop--1,slur,stamp,ne91a519c18a7d6d4
n82fff1beba4a2e53--slur--start--1,n1846--slur--start--1,slur,stamp,n82fff1beba4a2e53
nc4f07a9933347133--slur--stop--1,n1849--slur--stop--1,slur,stamp,nc4f07a9933347133
nc5c0821ab4ee560c--slur--start--1,n1850--slur--start--1,slur,stamp,nc5c0821ab4ee560c
n0f1c01f0750ab82d--slur--stop--1,n1855--slur--stop--1,slur,stamp,n0f1c01f0750ab82d
n2483e8ea361bf930--slur--start--1,n1856--slur--start--1,slur,stamp,n2483e8ea361bf930
nd7acaa378f4aa26c--slur--stop--1,n1859--slur--stop--1,slur,stamp,nd7acaa378f4aa26c
nb86111495b41adc9--slur--start--1,n1860--slur--start--1,slur,stamp,nb86111495b41adc9
nd3ecb2ffdb6da36f--slur--stop--1,n1863--slur--stop--1,slur,stamp,nd3ecb2ffdb6da36f
nf6881e89ac308508--slur--start--1,n1864--slur--start--1,slur,stamp,nf6881e89ac308508
n909bbba89342798a--slur--stop--1,n1867--slur--stop--1,slur,stamp,n909bbba89342798a
nb031812df2c4088e--slur--start--1,n1868--slur--start--1,slur,stamp,nb031812df2c4088e
nbf77e2a627b56f7f--slur--stop--1,n1871--slur--stop--1,slur,stamp,nbf77e2a627b56f7f
n593b2155fd0e4e67--slur--start--1,n1872--slur--start--1,slur,stamp,n593b2155fd0e4e67
na7d8412da8844dbb--slur--stop--1,n1873--slur--stop--1,slur,stamp,na7d8412da8844dbb
n274acd94ce17ad4a--slur--start--1,n1874--slur--start--1,slur,stamp,n274acd94ce17ad4a
n8aa02391861bc6cd--slur--stop--1,n1877--slur--stop--1,slur,stamp,n8aa02391861bc6cd
n0643a778ffdf0abf--slur--start--1,n1878--slur--start--1,slur,stamp,n0643a778ffdf0abf
n3578cbc9daf8f50a--slur--stop--1,n1881--slur--stop--1,slur,stamp,n3578cbc9daf8f50a
n6b7158be46930918--slur--start--1,n1882--slur--start--1,slur,stamp,n6b7158be46930918
nb37aacd8d1b795b3--slur--stop--1,n1885--slur--stop--1,slur,stamp,nb37aacd8d1b795b3
n1bcda51f7f449faa--slur--start--1,n1886--slur--start--1,slur,stamp,n1bcda51f7f449faa
na5c05ace427a5882--slur--stop--1,n1887--slur--stop--1,slur,stamp,na5c05ace427a5882
n1210158184931747--slur--start--1,n1888--slur--start--1,slur,stamp,n1210158184931747
na06b1e052f99e490--slur--stop--1,n1889--slur--stop--1,slur,stamp,na06b1e052f99e490
ne416a6b1b24fc7b3--slur--start--1,n1890--slur--start--1,slur,stamp,ne416a6b1b24fc7b3
nc155fb9ebe520750--slur--stop--1,n1891--slur--stop--1,slur,stamp,nc155fb9ebe520750
ee276fa0704bf1710,md-1-110-1-1,wedge,md,1
e1103718ea2fe2c83,md-1-110-1-2,wedge,md,1
nf511c9d090aadf08--slur--start--1,n1892--slur--start--1,slur,stamp,nf511c9d090aadf08
n149ec71a2d6fd00e--slur--stop--1,n1895--slur--stop--1,slur,stamp,n149ec71a2d6fd00e
nbac0f38e87b199a6--slur--start--1,n1896--slur--start--1,slur,stamp,nbac0f38e87b199a6
n21f9c2b87b459d8c--slur--stop--1,n1899--slur--stop--1,slur,stamp,n21f9c2b87b459d8c
n3e5d705fb4929a21--slur--start--1,n1900--slur--start--1,slur,stamp,n3e5d705fb4929a21
n0ed84dacab6ca911--slur--stop--1,n1903--slur--stop--1,slur,stamp,n0ed84dacab6ca911
nd9c0c23949874976--slur--start--1,n1904--slur--start--1,slur,stamp,nd9c0c23949874976
nd9c0c23949874976--arpeggiate--1,n1904--arpeggiate--1,arpeggiate,stamp,nd9c0c23949874976
n83cdc8cbef900d61--arpeggiate--1,n1905--arpeggiate--1,arpeggiate,stamp,n83cdc8cbef900d61
n3ccb9435c3875cd5--arpeggiate--1,n1906--arpeggiate--1,arpeggiate,stamp,n3ccb9435c3875cd5
nfc6b07458796be79--arpeggiate--1,n1907--arpeggiate--1,arpeggiate,stamp,nfc6b07458796be79
ea65c3c5a2d90f28d,md-1-111-1-1,dynamics,md,1
ed4f0e923b36164c5,md-1-111-1-2,wedge,md,1
e3680df722cf05b50,md-1-111-1-3,wedge,md,1
n00e00401335f89b0--slur--start--1,n1915--slur--start--1,slur,stamp,n00e00401335f89b0
n40a466019b5ce2e8--slur--stop--1,n1918--slur--stop--1,slur,stamp,n40a466019b5ce2e8
nfebc53d3a60781a5--slur--start--1,n1919--slur--start--1,slur,stamp,nfebc53d3a60781a5
n1dbcee24accefd4c--slur--stop--1,n1922--slur--stop--1,slur,stamp,n1dbcee24accefd4c
ned3abfcf3f82b63f--slur--start--1,n1923--slur--start--1,slur,stamp,ned3abfcf3f82b63f
nafe1c72d3715d248--slur--stop--1,n1926--slur--stop--1,slur,stamp,nafe1c72d3715d248
e2ec8264b5950b3ef,md-1-112-1-1,wedge,md,1
e748d2d9792d7ee0c,md-1-112-1-2,wedge,md,1
n8c78ec0bb2cea1ce--slur--start--1,n1936--slur--start--1,slur,stamp,n8c78ec0bb2cea1ce
n4389cd21f805a344--slur--stop--1,n1939--slur--stop--1,slur,stamp,n4389cd21f805a344
nddde0eee19714a2b--slur--start--1,n1940--slur--start--1,slur,stamp,nddde0eee19714a2b
n41b896041e9fe8f9--slur--stop--1,n1943--slur--stop--1,slur,stamp,n41b896041e9fe8f9
ne175ec88f73ddae2--slur--start--1,n1944--slur--start--1,slur,stamp,ne175ec88f73ddae2
n504f4419f4523004--slur--stop--1,n1947--slur--stop--1,slur,stamp,n504f4419f4523004
nc0d0c2c7b287c972--slur--stop--1,n1948--slur--stop--1,slur,stamp,nc0d0c2c7b287c972
e408a7e93866d642c,md-1-113-1-1,wedge,md,1
e8187f3827a187f64,md-1-113-1-2,wedge,md,1
n906fc2168d5a6e9c--slur--start--1,n1955--slur--start--1,slur,stamp,n906fc2168d5a6e9c
n0091c7c53344c0ac--slur--stop--1,n1958--slur--stop--1,slur,stamp,n0091c7c53344c0ac
n1f3970eeed7d7feb--slur--start--1,n1959--slur--start--1,slur,stamp,n1f3970eeed7d7feb
n7cf5a390d86010bc--slur--stop--1,n1962--slur--stop--1,slur,stamp,n7cf5a390d86010bc
ne2b2d89e5e75ab69--slur--start--1,n1963--slur--start--1,slur,stamp,ne2b2d89e5e75ab69
n6fd347558ffffd49--slur--stop--1,n1966--slur--stop--1,slur,stamp,n6fd347558ffffd49
n6b1f9ab3bdcf4b51--staccato--1,,staccato,derive,n6b1f9ab3bdcf4b51
n1db4fc4a096a39dd--accent--1,,accent,derive,n1db4fc4a096a39dd
n7a854cf4475fce07--slur--start--1,n1970--slur--start--1,slur,stamp,n7a854cf4475fce07
e34086ba82b4fef14,md-1-114-1-1,dynamics,md,1
ed6a262ce40306be1,md-1-114-1-2,pedal,md,1
eba11bc75627e8b14,md-1-114-1-3,pedal,md,1
na7192583604a4df6--slur--start--1,n1971--slur--start--1,slur,stamp,na7192583604a4df6
n45fd41e2286a9d54--slur--stop--1,n1974--slur--stop--1,slur,stamp,n45fd41e2286a9d54
n5655ff824e67ceca--slur--start--1,n1975--slur--start--1,slur,stamp,n5655ff824e67ceca
nb0e944845b66cf37--slur--stop--1,n1978--slur--stop--1,slur,stamp,nb0e944845b66cf37
nea14faee0b192626--slur--start--1,n1979--slur--start--1,slur,stamp,nea14faee0b192626
ne541c08e8c67d32f--slur--stop--1,n1982--slur--stop--1,slur,stamp,ne541c08e8c67d32f
n523fe89cfd4e7840--slur--stop--1,n1983--slur--stop--1,slur,stamp,n523fe89cfd4e7840
n523fe89cfd4e7840--staccato--1,,staccato,derive,n523fe89cfd4e7840
n0ace86c509106821--accent--1,,accent,derive,n0ace86c509106821
n5c7f8ad7b3ecf832--slur--start--1,n1986--slur--start--1,slur,stamp,n5c7f8ad7b3ecf832
ed3b233130937e8d6,md-1-115-1-1,pedal,md,1
e293c0a8850f0543d,md-1-115-1-2,pedal,md,1
n4d7bae0e5f75f29d--slur--start--1,n1987--slur--start--1,slur,stamp,n4d7bae0e5f75f29d
n9e176987e63eb5df--slur--stop--1,n1989--slur--stop--1,slur,stamp,n9e176987e63eb5df
n2caf836822bdb016--slur--start--1,n1990--slur--start--1,slur,stamp,n2caf836822bdb016
n1f98f3e7b09f5563--slur--stop--1,n1993--slur--stop--1,slur,stamp,n1f98f3e7b09f5563
nb35abf753b84c7f6--slur--start--1,n1994--slur--start--1,slur,stamp,nb35abf753b84c7f6
n0bec7f0924c956ef--slur--stop--1,n1997--slur--stop--1,slur,stamp,n0bec7f0924c956ef
n8a25608306ce8503--slur--stop--1,n1998--slur--stop--1,slur,stamp,n8a25608306ce8503
n8a25608306ce8503--staccato--1,,staccato,derive,n8a25608306ce8503
ndc04aee22be9dd50--accent--1,,accent,derive,ndc04aee22be9dd50
n62fd6f3bd99a250b--slur--start--1,n2001--slur--start--1,slur,stamp,n62fd6f3bd99a250b
e1b422f757dd62859,md-1-116-1-1,pedal,md,1
e6c34dc73fbb235e1,md-1-116-1-2,pedal,md,1
n3584bce93842e06c--slur--start--1,n2002--slur--start--1,slur,stamp,n3584bce93842e06c
n4c091b54efd0f320--slur--stop--1,n2005--slur--stop--1,slur,stamp,n4c091b54efd0f320
n03d0afa6501b4f3f--slur--start--1,n2006--slur--start--1,slur,stamp,n03d0afa6501b4f3f
n72cd2d288cc35672--slur--stop--1,n2009--slur--stop--1,slur,stamp,n72cd2d288cc35672
n97dc2917aab61f73--slur--start--1,n2010--slur--start--1,slur,stamp,n97dc2917aab61f73
n5ad739e5cc8ec983--slur--stop--1,n2013--slur--stop--1,slur,stamp,n5ad739e5cc8ec983
n23df4ce20f968972--slur--stop--1,n2014--slur--stop--1,slur,stamp,n23df4ce20f968972
n23df4ce20f968972--staccato--1,,staccato,derive,n23df4ce20f968972
nafad292e64a50e88--accent--1,,accent,derive,nafad292e64a50e88
n4ad4e52baedcc059--slur--start--1,n2017--slur--start--1,slur,stamp,n4ad4e52baedcc059
e35180ce8307b6fe8,md-1-117-1-1,pedal,md,1
e38db909ff3c581c2,md-1-117-1-2,pedal,md,1
nef470c8ba0f130fc--slur--start--1,n2018--slur--start--1,slur,stamp,nef470c8ba0f130fc
n87b224a984988c77--slur--stop--1,n2021--slur--stop--1,slur,stamp,n87b224a984988c77
n5f7d2f8847ccaf2b--slur--start--1,n2022--slur--start--1,slur,stamp,n5f7d2f8847ccaf2b
n9111543f4bf925a9--slur--stop--1,n2025--slur--stop--1,slur,stamp,n9111543f4bf925a9
n5de9dbcf94f16672--slur--start--1,n2026--slur--start--1,slur,stamp,n5de9dbcf94f16672
n526c701a5307d224--slur--stop--1,n2029--slur--stop--1,slur,stamp,n526c701a5307d224
n5c4dcfc08e6c1815--slur--stop--1,n2030--slur--stop--1,slur,stamp,n5c4dcfc08e6c1815
n5c4dcfc08e6c1815--staccato--1,,staccato,derive,n5c4dcfc08e6c1815
n4bd9f76edc68e2de--slur--start--1,n2031--slur--start--1,slur,stamp,n4bd9f76edc68e2de
n7aa8a523ebc625b0--slur--stop--1,n2032--slur--stop--1,slur,stamp,n7aa8a523ebc625b0
n7aa8a523ebc625b0--accent--1,,accent,derive,n7aa8a523ebc625b0
n1dfb205310b81f86--slur--start--1,n2034--slur--start--1,slur,stamp,n1dfb205310b81f86
ee13e4a48d6dc4cf6,md-1-118-1-1,pedal,md,1
e277ff8fedefabaf7,md-1-118-1-2,pedal,md,1
nad6c936319e6aeba--slur--start--1,n2035--slur--start--1,slur,stamp,nad6c936319e6aeba
n961ceb6713deb41d--slur--stop--1,n2038--slur--stop--1,slur,stamp,n961ceb6713deb41d
n1a1cb3f86fcdfd50--slur--start--1,n2039--slur--start--1,slur,stamp,n1a1cb3f86fcdfd50
nf178bbc0a306c841--slur--stop--1,n2042--slur--stop--1,slur,stamp,nf178bbc0a306c841
nb9b90536fe194b18--slur--start--1,n2043--slur--start--1,slur,stamp,nb9b90536fe194b18
n8f247502cce91e4c--slur--stop--1,n2046--slur--stop--1,slur,stamp,n8f247502cce91e4c
n82722d2d079e43b3--slur--stop--1,n2047--slur--stop--1,slur,stamp,n82722d2d079e43b3
n82722d2d079e43b3--staccato--1,,staccato,derive,n82722d2d079e43b3
nc2fc950faf523e2d--slur--start--1,n2048--slur--start--1,slur,stamp,nc2fc950faf523e2d
n41aec17ee203ac71--slur--stop--1,n2049--slur--stop--1,slur,stamp,n41aec17ee203ac71
n41aec17ee203ac71--accent--1,,accent,derive,n41aec17ee203ac71
ne6722698ba33057f--slur--start--1,n2051--slur--start--1,slur,stamp,ne6722698ba33057f
ea87118cc5e85373c,md-1-119-1-1,pedal,md,1
e914c2d564d7049b2,md-1-119-1-2,pedal,md,1
nf103c8db997cfd88--slur--start--1,n2052--slur--start--1,slur,stamp,nf103c8db997cfd88
n599edf325b18fdda--slur--stop--1,n2054--slur--stop--1,slur,stamp,n599edf325b18fdda
n9c35f17e39163853--slur--start--1,n2055--slur--start--1,slur,stamp,n9c35f17e39163853
n62b415549853908c--slur--stop--1,n2058--slur--stop--1,slur,stamp,n62b415549853908c
n91a4af28cf464514--slur--start--1,n2059--slur--start--1,slur,stamp,n91a4af28cf464514
ncfb588b896038556--slur--stop--1,n2062--slur--stop--1,slur,stamp,ncfb588b896038556
n5557e3eb65412903--slur--stop--1,n2063--slur--stop--1,slur,stamp,n5557e3eb65412903
n5557e3eb65412903--staccato--1,,staccato,derive,n5557e3eb65412903
n61ae0bece6e7a6f7--slur--start--1,n2064--slur--start--1,slur,stamp,n61ae0bece6e7a6f7
na44c428449cd0f1d--slur--stop--1,n2065--slur--stop--1,slur,stamp,na44c428449cd0f1d
na44c428449cd0f1d--accent--1,,accent,derive,na44c428449cd0f1d
n67542f5e9e18a00a--slur--start--1,n2067--slur--start--1,slur,stamp,n67542f5e9e18a00a
e0799fe35cef5cfd8,md-1-120-1-1,pedal,md,1
ea1367917e6fef8e3,md-1-120-1-2,pedal,md,1
ncad9f93857a30b54--slur--start--1,n2068--slur--start--1,slur,stamp,ncad9f93857a30b54
n264f18d5bbc7be79--slur--stop--1,n2071--slur--stop--1,slur,stamp,n264f18d5bbc7be79
n633306a26d43bc89--slur--start--1,n2072--slur--start--1,slur,stamp,n633306a26d43bc89
n6ff444144defd72e--slur--stop--1,n2075--slur--stop--1,slur,stamp,n6ff444144defd72e
nb78091438438426e--slur--start--1,n2076--slur--start--1,slur,stamp,nb78091438438426e
n43af99b9ca4be7d3--slur--stop--1,n2079--slur--stop--1,slur,stamp,n43af99b9ca4be7d3
n3a253047af855c28--slur--stop--1,n2080--slur--stop--1,slur,stamp,n3a253047af855c28
n3a253047af855c28--staccato--1,,staccato,derive,n3a253047af855c28
n55debb2c53b68426--slur--start--1,n2081--slur--start--1,slur,stamp,n55debb2c53b68426
ne375b38a187e8a1f--slur--stop--1,n2082--slur--stop--1,slur,stamp,ne375b38a187e8a1f
ne375b38a187e8a1f--accent--1,,accent,derive,ne375b38a187e8a1f
efcee6cf96fac6590,md-1-121-1-1,pedal,md,1
e93ca66c1d54d9360,md-1-121-1-2,pedal,md,1
nf81fec75fdf32f11--accent--1,,accent,derive,nf81fec75fdf32f11
nca67137568c39bb3--accent--1,,accent,derive,nca67137568c39bb3
ne39bdc27323b49a5--accent--1,,accent,derive,ne39bdc27323b49a5
n9a8d4779468ef439--slur--start--1,n2097--slur--start--1,slur,stamp,n9a8d4779468ef439
n9a8d4779468ef439--accent--1,,accent,derive,n9a8d4779468ef439
n1d38b3a5241f84e0--accent--1,,accent,derive,n1d38b3a5241f84e0
n20d30d8e19b07e90--accent--1,,accent,derive,n20d30d8e19b07e90
ebcae07ffa8ced331,md-1-122-1-1,dynamics,md,1
e93ada025d4315cf3,md-1-122-2-1,pedal,md,2
e4c4763bde7509d5e,md-1-122-2-2,pedal,md,2
n404286bbc6abed60--accent--1,,accent,derive,n404286bbc6abed60
n3de43854a28e77c1--accent--1,,accent,derive,n3de43854a28e77c1
n8599ed6d59e75632--accent--1,,accent,derive,n8599ed6d59e75632
nc9c4553e83aa0180--accent--1,,accent,derive,nc9c4553e83aa0180
n009fa93b253dcde0--accent--1,,accent,derive,n009fa93b253dcde0
n0a966b6e254dda7c--slur--stop--1,n2122--slur--stop--1,slur,stamp,n0a966b6e254dda7c
n0a966b6e254dda7c--accent--1,,accent,derive,n0a966b6e254dda7c
n7acf26a4008aebef--slur--start--1,n2125--slur--start--1,slur,stamp,n7acf26a4008aebef
nf435ce8f38e4a66e--slur--stop--1,n2128--slur--stop--1,slur,stamp,nf435ce8f38e4a66e
n319fa5358a84121a--slur--start--1,n2131--slur--start--1,slur,stamp,n319fa5358a84121a
n319fa5358a84121a--arpeggiate--1,n2131--arpeggiate--1,arpeggiate,stamp,n319fa5358a84121a
n3ec6008c8d49081a--arpeggiate--1,n2132--arpeggiate--1,arpeggiate,stamp,n3ec6008c8d49081a
nf2313d5f0cf86349--arpeggiate--1,n2133--arpeggiate--1,arpeggiate,stamp,nf2313d5f0cf86349
nae2d67054c28b1db--slur--stop--1,n2134--slur--stop--1,slur,stamp,nae2d67054c28b1db
ea22f401901090c64,md-1-124-1-1,dynamics,md,1
ed705b661dde0dff0,md-1-124-1-2,octave-shift,md,1
e8b03f0a9c5dbac8c,md-1-124-1-3,octave-shift,md,1
e7764f178c479257b,md-1-124-2-1,pedal,md,2
e1a370f8b7b04cd0f,md-1-125-2-1,pedal,md,2
n0c533c5070a78f6c--slur--start--1,n2139--slur--start--1,slur,stamp,n0c533c5070a78f6c
n006e7f00762bc7b4--slur--stop--1,n2142--slur--stop--1,slur,stamp,n006e7f00762bc7b4
n813aeb39ec886b5e--slur--start--1,n2148--slur--start--1,slur,stamp,n813aeb39ec886b5e
n37b069380de628d0--arpeggiate--1,n2150--arpeggiate--1,arpeggiate,stamp,n37b069380de628d0
e5f2a57cefd06592a,md-1-126-1-1,dynamics,md,1
e3f28d9d776a0c90d,md-1-126-2-1,pedal,md,2
ee7612757832c871d,md-1-126-2-2,pedal,md,2
n88c7aad42a435206--slur--stop--1,n2154--slur--stop--1,slur,stamp,n88c7aad42a435206
n5cdc08f8d6f6d54d--slur--start--1,n2156--slur--start--1,slur,stamp,n5cdc08f8d6f6d54d
n530636178d21aead--slur--stop--1,n2159--slur--stop--1,slur,stamp,n530636178d21aead
ncdd666acdb16d885--slur--start--1,n2162--slur--start--1,slur,stamp,ncdd666acdb16d885
ncdd666acdb16d885--arpeggiate--1,n2162--arpeggiate--1,arpeggiate,stamp,ncdd666acdb16d885
e959aad5d20323363,md-1-128-2-1,pedal,md,2
e1db7230f6afdacba,md-1-128-2-2,pedal,md,2
n44069195bbf50337--slur--stop--1,n2166--slur--stop--1,slur,stamp,n44069195bbf50337
n10637f07a33e8fb6--tie--1,,tie,derive,n10637f07a33e8fb6
n10637f07a33e8fb6--tied--start--1,n2168--tied--start--1,tied,stamp,n10637f07a33e8fb6
nb770f16d5d83e32e--tie--1,,tie,derive,nb770f16d5d83e32e
nb770f16d5d83e32e--tied--start--1,n2169--tied--start--1,tied,stamp,nb770f16d5d83e32e
n0030786822976879--slur--start--1,n2170--slur--start--1,slur,stamp,n0030786822976879
n1088628aef953c92--slur--stop--1,n2171--slur--stop--1,slur,stamp,n1088628aef953c92
n21f55104fad49370--slur--start--1,n2172--slur--start--1,slur,stamp,n21f55104fad49370
n992aea1931c919fb--slur--stop--1,n2173--slur--stop--1,slur,stamp,n992aea1931c919fb
nfcf37327885e9449--tie--1,,tie,derive,nfcf37327885e9449
nfcf37327885e9449--tied--start--1,n2174--tied--start--1,tied,stamp,nfcf37327885e9449
e6db0a04a17ef3b98,md-1-130-1-1,dynamics,md,1
n96011cd46ecdb043--tie--1,,tie,derive,n96011cd46ecdb043
n96011cd46ecdb043--tie--2,,tie,derive,n96011cd46ecdb043
n96011cd46ecdb043--tied--stop--1,n2175--tied--stop--1,tied,stamp,n96011cd46ecdb043
n96011cd46ecdb043--tied--start--2,n2175--tied--start--2,tied,stamp,n96011cd46ecdb043
n492f9e8a599b0bc4--tie--1,,tie,derive,n492f9e8a599b0bc4
n492f9e8a599b0bc4--tie--2,,tie,derive,n492f9e8a599b0bc4
n492f9e8a599b0bc4--tied--stop--1,n2176--tied--stop--1,tied,stamp,n492f9e8a599b0bc4
n492f9e8a599b0bc4--tied--start--2,n2176--tied--start--2,tied,stamp,n492f9e8a599b0bc4
n0b34ea957c46bc8c--slur--start--1,n2177--slur--start--1,slur,stamp,n0b34ea957c46bc8c
nc73f70a1734c7463--slur--stop--1,n2178--slur--stop--1,slur,stamp,nc73f70a1734c7463
n79b1667387d5dee2--slur--start--1,n2179--slur--start--1,slur,stamp,n79b1667387d5dee2
n5e47af7f411cab81--slur--stop--1,n2180--slur--stop--1,slur,stamp,n5e47af7f411cab81
n5387c820e4bf61c3--tie--1,,tie,derive,n5387c820e4bf61c3
n5387c820e4bf61c3--tie--2,,tie,derive,n5387c820e4bf61c3
n5387c820e4bf61c3--tied--stop--1,n2181--tied--stop--1,tied,stamp,n5387c820e4bf61c3
n5387c820e4bf61c3--tied--start--2,n2181--tied--start--2,tied,stamp,n5387c820e4bf61c3
n1891f0bf3540b2d3--tie--1,,tie,derive,n1891f0bf3540b2d3
n1891f0bf3540b2d3--tie--2,,tie,derive,n1891f0bf3540b2d3
n1891f0bf3540b2d3--tied--stop--1,n2182--tied--stop--1,tied,stamp,n1891f0bf3540b2d3
n1891f0bf3540b2d3--tied--start--2,n2182--tied--start--2,tied,stamp,n1891f0bf3540b2d3
n1319c79d7edfa04c--tie--1,,tie,derive,n1319c79d7edfa04c
n1319c79d7edfa04c--tie--2,,tie,derive,n1319c79d7edfa04c
n1319c79d7edfa04c--tied--stop--1,n2183--tied--stop--1,tied,stamp,n1319c79d7edfa04c
n1319c79d7edfa04c--tied--start--2,n2183--tied--start--2,tied,stamp,n1319c79d7edfa04c
nd268832adbec1603--slur--start--1,n2184--slur--start--1,slur,stamp,nd268832adbec1603
ne6c4646e511108af--slur--stop--1,n2185--slur--stop--1,slur,stamp,ne6c4646e511108af
nff9e29d71927d765--slur--start--1,n2186--slur--start--1,slur,stamp,nff9e29d71927d765
n6dfce587c683d416--slur--stop--1,n2187--slur--stop--1,slur,stamp,n6dfce587c683d416
n9940e8d0023747ac--slur--start--1,n2188--slur--start--1,slur,stamp,n9940e8d0023747ac
nebb1bd373fe05780--slur--stop--1,n2189--slur--stop--1,slur,stamp,nebb1bd373fe05780
ndd4952a64c3014f7--slur--start--1,n2190--slur--start--1,slur,stamp,ndd4952a64c3014f7
n2581daa6d6d089e8--slur--stop--1,n2191--slur--stop--1,slur,stamp,n2581daa6d6d089e8
ndc8055ab5e10c767--tie--1,,tie,derive,ndc8055ab5e10c767
ndc8055ab5e10c767--tie--2,,tie,derive,ndc8055ab5e10c767
ndc8055ab5e10c767--tied--stop--1,n2192--tied--stop--1,tied,stamp,ndc8055ab5e10c767
ndc8055ab5e10c767--tied--start--2,n2192--tied--start--2,tied,stamp,ndc8055ab5e10c767
n355dc5a84a44ddaf--tie--1,,tie,derive,n355dc5a84a44ddaf
n355dc5a84a44ddaf--tie--2,,tie,derive,n355dc5a84a44ddaf
n355dc5a84a44ddaf--tied--stop--1,n2193--tied--stop--1,tied,stamp,n355dc5a84a44ddaf
n355dc5a84a44ddaf--tied--start--2,n2193--tied--start--2,tied,stamp,n355dc5a84a44ddaf
n6302c18834edfdf2--tie--1,,tie,derive,n6302c18834edfdf2
n6302c18834edfdf2--tie--2,,tie,derive,n6302c18834edfdf2
n6302c18834edfdf2--tied--stop--1,n2194--tied--stop--1,tied,stamp,n6302c18834edfdf2
n6302c18834edfdf2--tied--start--2,n2194--tied--start--2,tied,stamp,n6302c18834edfdf2
n744db2c356a9b51c--slur--start--1,n2195--slur--start--1,slur,stamp,n744db2c356a9b51c
nc9848aa6eb357301--slur--stop--1,n2196--slur--stop--1,slur,stamp,nc9848aa6eb357301
n57db4e184818932d--slur--start--1,n2197--slur--start--1,slur,stamp,n57db4e184818932d
n16263bf48994d7b1--slur--stop--1,n2198--slur--stop--1,slur,stamp,n16263bf48994d7b1
n127ac827dce6d94e--slur--start--1,n2199--slur--start--1,slur,stamp,n127ac827dce6d94e
ne8cdebbb05182871--slur--stop--1,n2200--slur--stop--1,slur,stamp,ne8cdebbb05182871
nee7f73c2da2ae4e1--slur--start--1,n2201--slur--start--1,slur,stamp,nee7f73c2da2ae4e1
nf6fd1f4f483623df--slur--stop--1,n2202--slur--stop--1,slur,stamp,nf6fd1f4f483623df
nb819b571b50a0c53--tie--1,,tie,derive,nb819b571b50a0c53
nb819b571b50a0c53--tie--2,,tie,derive,nb819b571b50a0c53
nb819b571b50a0c53--tied--stop--1,n2203--tied--stop--1,tied,stamp,nb819b571b50a0c53
nb819b571b50a0c53--tied--start--2,n2203--tied--start--2,tied,stamp,nb819b571b50a0c53
nbc26ec74450a3fbd--tie--1,,tie,derive,nbc26ec74450a3fbd
nbc26ec74450a3fbd--tie--2,,tie,derive,nbc26ec74450a3fbd
nbc26ec74450a3fbd--tied--stop--1,n2204--tied--stop--1,tied,stamp,nbc26ec74450a3fbd
nbc26ec74450a3fbd--tied--start--2,n2204--tied--start--2,tied,stamp,nbc26ec74450a3fbd
ne3ec71f7caf82fc8--tie--1,,tie,derive,ne3ec71f7caf82fc8
ne3ec71f7caf82fc8--tie--2,,tie,derive,ne3ec71f7caf82fc8
ne3ec71f7caf82fc8--tied--stop--1,n2205--tied--stop--1,tied,stamp,ne3ec71f7caf82fc8
ne3ec71f7caf82fc8--tied--start--2,n2205--tied--start--2,tied,stamp,ne3ec71f7caf82fc8
nee6965331147ba98--slur--start--1,n2206--slur--start--1,slur,stamp,nee6965331147ba98
n47607ef0bd555ff4--slur--stop--1,n2207--slur--stop--1,slur,stamp,n47607ef0bd555ff4
nb0315025b17620e6--tuplet--start--1,n2208--tuplet--start--1,tuplet,stamp,nb0315025b17620e6
nb0315025b17620e6--trill-mark--1,,trill-mark,derive,nb0315025b17620e6
nb0315025b17620e6--wavy-line--1,,wavy-line,derive,nb0315025b17620e6
n8057d7dd14e76f21--tuplet--stop--1,n2219--tuplet--stop--1,tuplet,stamp,n8057d7dd14e76f21
n4aa1099808569fb0--slur--start--1,n2220--slur--start--1,slur,stamp,n4aa1099808569fb0
ncc0e1a69aad8b4c5--slur--stop--1,n2221--slur--stop--1,slur,stamp,ncc0e1a69aad8b4c5
n31a5896f620743c6--tie--1,,tie,derive,n31a5896f620743c6
n31a5896f620743c6--tie--2,,tie,derive,n31a5896f620743c6
n31a5896f620743c6--tied--stop--1,n2222--tied--stop--1,tied,stamp,n31a5896f620743c6
n31a5896f620743c6--tied--start--2,n2222--tied--start--2,tied,stamp,n31a5896f620743c6
n3ed1406c2ba76d2a--tuplet--start--1,n2223--tuplet--start--1,tuplet,stamp,n3ed1406c2ba76d2a
n3ed1406c2ba76d2a--trill-mark--1,,trill-mark,derive,n3ed1406c2ba76d2a
n3ed1406c2ba76d2a--wavy-line--1,,wavy-line,derive,n3ed1406c2ba76d2a
n76264d35af8bfe8b--tuplet--stop--1,n2234--tuplet--stop--1,tuplet,stamp,n76264d35af8bfe8b
e783774681383219a,md-1-134-1-1,wedge,md,1
n04251fa25253bc73--tie--1,,tie,derive,n04251fa25253bc73
n04251fa25253bc73--tie--2,,tie,derive,n04251fa25253bc73
n04251fa25253bc73--tied--stop--1,n2235--tied--stop--1,tied,stamp,n04251fa25253bc73
n04251fa25253bc73--tied--start--2,n2235--tied--start--2,tied,stamp,n04251fa25253bc73
ndc16dcbfc493b78d--tie--1,,tie,derive,ndc16dcbfc493b78d
ndc16dcbfc493b78d--tie--2,,tie,derive,ndc16dcbfc493b78d
ndc16dcbfc493b78d--tied--stop--1,n2236--tied--stop--1,tied,stamp,ndc16dcbfc493b78d
ndc16dcbfc493b78d--tied--start--2,n2236--tied--start--2,tied,stamp,ndc16dcbfc493b78d
n9f697c1be6a42a40--tuplet--start--1,n2238--tuplet--start--1,tuplet,stamp,n9f697c1be6a42a40
nb2fb369c71bb3ad1--tuplet--stop--1,n2249--tuplet--stop--1,tuplet,stamp,nb2fb369c71bb3ad1
n514c689b15095109--tie--1,,tie,derive,n514c689b15095109
n514c689b15095109--tie--2,,tie,derive,n514c689b15095109
n514c689b15095109--tied--stop--1,n2251--tied--stop--1,tied,stamp,n514c689b15095109
n514c689b15095109--tied--start--2,n2251--tied--start--2,tied,stamp,n514c689b15095109
n88ac72605e17549f--tuplet--start--1,n2252--tuplet--start--1,tuplet,stamp,n88ac72605e17549f
n33c6bd3a793d0e79--tuplet--stop--1,n2263--tuplet--stop--1,tuplet,stamp,n33c6bd3a793d0e79
ne32fd87ae354491e--tie--1,,tie,derive,ne32fd87ae354491e
ne32fd87ae354491e--tie--2,,tie,derive,ne32fd87ae354491e
ne32fd87ae354491e--tied--stop--1,n2264--tied--stop--1,tied,stamp,ne32fd87ae354491e
ne32fd87ae354491e--tied--start--2,n2264--tied--start--2,tied,stamp,ne32fd87ae354491e
n248f672f19bb8c14--tie--1,,tie,derive,n248f672f19bb8c14
n248f672f19bb8c14--tie--2,,tie,derive,n248f672f19bb8c14
n248f672f19bb8c14--tied--stop--1,n2265--tied--stop--1,tied,stamp,n248f672f19bb8c14
n248f672f19bb8c14--tied--start--2,n2265--tied--start--2,tied,stamp,n248f672f19bb8c14
nc1a513674cc8825a--tuplet--start--1,n2267--tuplet--start--1,tuplet,stamp,nc1a513674cc8825a
ne6f5cc38e32cdf0e--tuplet--stop--1,n2278--tuplet--stop--1,tuplet,stamp,ne6f5cc38e32cdf0e
n6c7c433a758470a3--tie--1,,tie,derive,n6c7c433a758470a3
n6c7c433a758470a3--tie--2,,tie,derive,n6c7c433a758470a3
n6c7c433a758470a3--tied--stop--1,n2280--tied--stop--1,tied,stamp,n6c7c433a758470a3
n6c7c433a758470a3--tied--start--2,n2280--tied--start--2,tied,stamp,n6c7c433a758470a3
n73c10e812a53fe21--tuplet--start--1,n2281--tuplet--start--1,tuplet,stamp,n73c10e812a53fe21
n860c01e22af40f4b--tuplet--stop--1,n2292--tuplet--stop--1,tuplet,stamp,n860c01e22af40f4b
n034bf563a220a6af--tie--1,,tie,derive,n034bf563a220a6af
n034bf563a220a6af--tie--2,,tie,derive,n034bf563a220a6af
n034bf563a220a6af--tied--stop--1,n2293--tied--stop--1,tied,stamp,n034bf563a220a6af
n034bf563a220a6af--tied--start--2,n2293--tied--start--2,tied,stamp,n034bf563a220a6af
n78ce03ca92f26805--tie--1,,tie,derive,n78ce03ca92f26805
n78ce03ca92f26805--tie--2,,tie,derive,n78ce03ca92f26805
n78ce03ca92f26805--tied--stop--1,n2294--tied--stop--1,tied,stamp,n78ce03ca92f26805
n78ce03ca92f26805--tied--start--2,n2294--tied--start--2,tied,stamp,n78ce03ca92f26805
n944192f69ddd8758--wavy-line--1,,wavy-line,derive,n944192f69ddd8758
n48994d1f422690bc--tuplet--start--1,n2302--tuplet--start--1,tuplet,stamp,n48994d1f422690bc
n8c504cb8eb5b7f3f--tuplet--stop--1,n2306--tuplet--stop--1,tuplet,stamp,n8c504cb8eb5b7f3f
n3a031c4aeb4d6aff--tie--1,,tie,derive,n3a031c4aeb4d6aff
n3a031c4aeb4d6aff--tied--stop--1,n2308--tied--stop--1,tied,stamp,n3a031c4aeb4d6aff
n4d27b961e263f906--wavy-line--1,,wavy-line,derive,n4d27b961e263f906
n43845ec38d85669c--tuplet--start--1,n2315--tuplet--start--1,tuplet,stamp,n43845ec38d85669c
n296201d217bf1870--tuplet--stop--1,n2319--tuplet--stop--1,tuplet,stamp,n296201d217bf1870
e0381f313929b066a,md-1-137-1-1,wedge,md,1
ee6505ef37a5e6c5d,md-1-137-1-2,words,md,1
e6df23ec89f16c381,md-1-137-1-3,dynamics,md,1
nc2986cad7f356d48--tie--1,,tie,derive,nc2986cad7f356d48
nc2986cad7f356d48--tied--stop--1,n2320--tied--stop--1,tied,stamp,nc2986cad7f356d48
nc2986cad7f356d48--fermata--upright--1,n2320--fermata--upright--1,fermata,stamp,nc2986cad7f356d48
nd5f829c94b5de4cf--tie--1,,tie,derive,nd5f829c94b5de4cf
nd5f829c94b5de4cf--tied--stop--1,n2321--tied--stop--1,tied,stamp,nd5f829c94b5de4cf
nb205382c9e9c729a--fermata--inverted--1,n2335--fermata--inverted--1,fermata,stamp,nb205382c9e9c729a
ne2c81779e3b1f2f1--tuplet--start--1,n2342--tuplet--start--1,tuplet,stamp,ne2c81779e3b1f2f1
na77f25a7597299c1--tuplet--stop--1,n2345--tuplet--stop--1,tuplet,stamp,na77f25a7597299c1
ed7407135210a8b7a,md-1-138-1-1,dynamics,md,1
e3b7e4d487318da84,md-1-138-1-2,pedal,md,1
