element_id,tag,carrier,host_or_staff
mn-1-1-5-2-2--slur--start--1,slur,stamp,mn-1-1-5-2-2
mn-1-1-5-2-3--tied--start--1,tied,stamp,mn-1-1-5-2-3
md-1-1-1-1,words,md,1
md-1-1-2-1,words,md,2
mn-1-2-1-1-1--fermata--upright--1,fermata,stamp,mn-1-2-1-1-1
mn-1-2-1-1-2--slur--start--1,slur,stamp,mn-1-2-1-1-2
mn-1-2-5-2-1--tied--stop--1,tied,stamp,mn-1-2-5-2-1
mn-1-2-5-2-1--tied--start--2,tied,stamp,mn-1-2-5-2-1
mn-1-2-5-2-1--slur--stop--1,slur,stamp,mn-1-2-5-2-1
mn-1-2-5-2-1--fermata--upright--1,fermata,stamp,mn-1-2-5-2-1
mn-1-2-5-2-2--tied--start--1,tied,stamp,mn-1-2-5-2-2
md-1-2-1-1,dynamics,md,1
mn-1-3-1-1-1--slur--stop--1,slur,stamp,mn-1-3-1-1-1
mn-1-3-1-1-1--fermata--upright--1,fermata,stamp,mn-1-3-1-1-1
mn-1-3-5-2-1--tied--stop--1,tied,stamp,mn-1-3-5-2-1
mn-1-3-5-2-1--fermata--upright--1,fermata,stamp,mn-1-3-5-2-1
mn-1-3-5-2-2--tied--stop--1,tied,stamp,mn-1-3-5-2-2
mn-1-3-5-2-4--tied--start--1,tied,stamp,mn-1-3-5-2-4
mn-1-4-1-1-1--fermata--upright--1,fermata,stamp,mn-1-4-1-1-1
mn-1-4-1-1-2--slur--start--1,slur,stamp,mn-1-4-1-1-2
mn-1-4-5-2-1--tied--stop--1,tied,stamp,mn-1-4-5-2-1
mn-1-4-5-2-1--tied--start--2,tied,stamp,mn-1-4-5-2-1
mn-1-4-5-2-1--fermata--upright--1,fermata,stamp,mn-1-4-5-2-1
mn-1-4-5-2-2--tied--start--1,tied,stamp,mn-1-4-5-2-2
mn-1-5-1-1-1--slur--stop--1,slur,stamp,mn-1-5-1-1-1
mn-1-5-1-1-1--arpeggiate--1,arpeggiate,stamp,mn-1-5-1-1-1
mn-1-5-1-1-2--arpeggiate--1,arpeggiate,stamp,mn-1-5-1-1-2
mn-1-5-1-1-3--arpeggiate--1,arpeggiate,stamp,mn-1-5-1-1-3
mn-1-5-1-1-4--arpeggiate--1,arpeggiate,stamp,mn-1-5-1-1-4
mn-1-5-1-1-5--arpeggiate--1,arpeggiate,stamp,mn-1-5-1-1-5
mn-1-5-1-1-6--arpeggiate--1,arpeggiate,stamp,mn-1-5-1-1-6
mn-1-5-1-1-7--arpeggiate--1,arpeggiate,stamp,mn-1-5-1-1-7
mn-1-5-1-1-8--arpeggiate--1,arpeggiate,stamp,mn-1-5-1-1-8
mn-1-5-5-2-1--tied--stop--1,tied,stamp,mn-1-5-5-2-1
mn-1-5-5-2-2--tied--stop--1,tied,stamp,mn-1-5-5-2-2
mn-1-5-5-2-4--tied--start--1,tied,stamp,mn-1-5-5-2-4
mn-1-6-1-1-1--arpeggiate--1,arpeggiate,stamp,mn-1-6-1-1-1
mn-1-6-1-1-2--arpeggiate--1,arpeggiate,stamp,mn-1-6-1-1-2
mn-1-6-1-1-3--arpeggiate--1,arpeggiate,stamp,mn-1-6-1-1-3
mn-1-6-1-1-4--arpeggiate--1,arpeggiate,stamp,mn-1-6-1-1-4
mn-1-6-5-2-1--tied--stop--1,tied,stamp,mn-1-6-5-2-1
mn-1-6-5-2-2--slur--start--1,slur,stamp,mn-1-6-5-2-2
mn-1-7-1-1-2--tied--stop--1,tied,stamp,mn-1-7-1-1-2
mn-1-7-1-1-3--tied--stop--1,tied,stamp,mn-1-7-1-1-3
mn-1-7-5-2-1--tied--start--1,tied,stamp,mn-1-7-5-2-1
mn-1-7-5-2-1--tuplet--start--1,tuplet,stamp,mn-1-7-5-2-1
mn-1-7-5-2-2--tied--start--1,tied,stamp,mn-1-7-5-2-2
mn-1-7-5-2-3--tied--start--1,tied,stamp,mn-1-7-5-2-3
mn-1-7-5-1-1--tied--start--1,tied,stamp,mn-1-7-5-1-1
mn-1-7-5-1-2--tied--start--1,tied,stamp,mn-1-7-5-1-2
mn-1-7-5-1-2--tuplet--stop--1,tuplet,stamp,mn-1-7-5-1-2
mn-1-7-5-1-2--slur--stop--1,slur,stamp,mn-1-7-5-1-2
mn-1-7-5-2-4--tied--stop--1,tied,stamp,mn-1-7-5-2-4
mn-1-7-6-2-1--tied--stop--1,tied,stamp,mn-1-7-6-2-1
mn-1-7-6-2-2--tied--stop--1,tied,stamp,mn-1-7-6-2-2
mn-1-8-1-1-2--tied--stop--1,tied,stamp,mn-1-8-1-1-2
mn-1-8-1-1-3--tied--stop--1,tied,stamp,mn-1-8-1-1-3
mn-1-8-1-1-4--tied--stop--1,tied,stamp,mn-1-8-1-1-4
mn-1-8-1-1-6--arpeggiate--1,arpeggiate,stamp,mn-1-8-1-1-6
mn-1-8-1-1-7--arpeggiate--1,arpeggiate,stamp,mn-1-8-1-1-7
mn-1-8-1-1-8--arpeggiate--1,arpeggiate,stamp,mn-1-8-1-1-8
mn-1-8-1-1-9--arpeggiate--1,arpeggiate,stamp,mn-1-8-1-1-9
mn-1-8-1-1-10--arpeggiate--1,arpeggiate,stamp,mn-1-8-1-1-10
mn-1-8-1-1-11--arpeggiate--1,arpeggiate,stamp,mn-1-8-1-1-11
mn-1-8-1-1-12--arpeggiate--1,arpeggiate,stamp,mn-1-8-1-1-12
mn-1-8-1-1-13--arpeggiate--1,arpeggiate,stamp,mn-1-8-1-1-13
mn-1-8-5-2-1--tied--start--1,tied,stamp,mn-1-8-5-2-1
mn-1-8-5-2-1--tuplet--start--1,tuplet,stamp,mn-1-8-5-2-1
mn-1-8-5-2-2--tied--start--1,tied,stamp,mn-1-8-5-2-2
mn-1-8-5-2-3--tied--start--1,tied,stamp,mn-1-8-5-2-3
mn-1-8-5-2-4--tied--start--1,tied,stamp,mn-1-8-5-2-4
mn-1-8-5-1-1--tied--start--1,tied,stamp,mn-1-8-5-1-1
mn-1-8-5-1-2--tied--start--1,tied,stamp,mn-1-8-5-1-2
mn-1-8-5-1-3--tied--start--1,tied,stamp,mn-1-8-5-1-3
mn-1-8-5-1-3--tuplet--stop--1,tuplet,stamp,mn-1-8-5-1-3
mn-1-8-5-2-5--tied--stop--1,tied,stamp,mn-1-8-5-2-5
mn-1-8-5-2-6--tied--stop--1,tied,stamp,mn-1-8-5-2-6
mn-1-8-5-2-7--tied--stop--1,tied,stamp,mn-1-8-5-2-7
mn-1-8-5-2-8--tied--stop--1,tied,stamp,mn-1-8-5-2-8
mn-1-8-5-2-9--arpeggiate--1,arpeggiate,stamp,mn-1-8-5-2-9
mn-1-8-5-2-10--arpeggiate--1,arpeggiate,stamp,mn-1-8-5-2-10
mn-1-8-5-2-11--arpeggiate--1,arpeggiate,stamp,mn-1-8-5-2-11
mn-1-8-5-2-12--arpeggiate--1,arpeggiate,stamp,mn-1-8-5-2-12
mn-1-8-5-2-13--arpeggiate--1,arpeggiate,stamp,mn-1-8-5-2-13
mn-1-8-5-2-14--arpeggiate--1,arpeggiate,stamp,mn-1-8-5-2-14
mn-1-8-5-2-15--arpeggiate--1,arpeggiate,stamp,mn-1-8-5-2-15
mn-1-8-5-2-16--arpeggiate--1,arpeggiate,stamp,mn-1-8-5-2-16
md-1-8-1-1,words,md,1
md-1-8-1-2,bracket,md,1
mn-1-9-1-1-3--tuplet--start--1,tuplet,stamp,mn-1-9-1-1-3
mn-1-9-1-1-3--slur--start--1,slur,stamp,mn-1-9-1-1-3
mn-1-9-1-1-5--tuplet--stop--1,tuplet,stamp,mn-1-9-1-1-5
mn-1-9-1-1-6--slur--stop--1,slur,stamp,mn-1-9-1-1-6
mn-1-9-1-1-6--fermata--upright--1,fermata,stamp,mn-1-9-1-1-6
mn-1-9-1-1-7--fermata--upright--1,fermata,stamp,mn-1-9-1-1-7
mn-1-9-5-2-1--tuplet--start--1,tuplet,stamp,mn-1-9-5-2-1
mn-1-9-5-2-3--tied--start--1,tied,stamp,mn-1-9-5-2-3
mn-1-9-5-2-4--tied--start--1,tied,stamp,mn-1-9-5-2-4
mn-1-9-5-2-5--tied--start--1,tied,stamp,mn-1-9-5-2-5
mn-1-9-5-2-5--tuplet--stop--1,tuplet,stamp,mn-1-9-5-2-5
mn-1-9-5-2-6--tied--stop--1,tied,stamp,mn-1-9-5-2-6
mn-1-9-5-2-6--fermata--upright--1,fermata,stamp,mn-1-9-5-2-6
mn-1-9-5-2-7--tied--stop--1,tied,stamp,mn-1-9-5-2-7
mn-1-9-5-2-8--tied--stop--1,tied,stamp,mn-1-9-5-2-8
mn-1-9-5-2-10--fermata--upright--1,fermata,stamp,mn-1-9-5-2-10
md-1-9-1-1,bracket,md,1
mn-1-10-5-2-1--slur--start--1,slur,stamp,mn-1-10-5-2-1
mn-1-10-5-2-1--arpeggiate--1,arpeggiate,stamp,mn-1-10-5-2-1
mn-1-10-5-2-2--arpeggiate--1,arpeggiate,stamp,mn-1-10-5-2-2
mn-1-10-5-2-3--arpeggiate--1,arpeggiate,stamp,mn-1-10-5-2-3
md-1-10-2-1,words,md,2
mn-1-11-1-1-1--arpeggiate--1,arpeggiate,stamp,mn-1-11-1-1-1
mn-1-11-1-1-2--arpeggiate--1,arpeggiate,stamp,mn-1-11-1-1-2
mn-1-11-2-1-2--slur--start--1,slur,stamp,mn-1-11-2-1-2
mn-1-11-2-1-2--staccato--1,staccato,derive,mn-1-11-2-1-2
mn-1-11-2-1-4--slur--stop--1,slur,stamp,mn-1-11-2-1-4
mn-1-11-2-1-4--staccato--1,staccato,derive,mn-1-11-2-1-4
mn-1-11-5-2-22--slur--stop--1,slur,stamp,mn-1-11-5-2-22
mn-1-12-1-1-1--staccato--1,staccato,derive,mn-1-12-1-1-1
mn-1-12-1-1-1--arpeggiate--1,arpeggiate,stamp,mn-1-12-1-1-1
mn-1-12-1-1-2--arpeggiate--1,arpeggiate,stamp,mn-1-12-1-1-2
mn-1-12-5-2-1--slur--start--1,slur,stamp,mn-1-12-5-2-1
md-1-12-1-1,wedge,md,1
md-1-12-1-2,wedge,md,1
md-1-12-2-1,wedge,md,2
mn-1-13-1-1-1--arpeggiate--1,arpeggiate,stamp,mn-1-13-1-1-1
mn-1-13-1-1-2--arpeggiate--1,arpeggiate,stamp,mn-1-13-1-1-2
mn-1-13-2-1-2--slur--start--1,slur,stamp,mn-1-13-2-1-2
mn-1-13-2-1-2--staccato--1,staccato,derive,mn-1-13-2-1-2
mn-1-13-2-1-4--slur--stop--1,slur,stamp,mn-1-13-2-1-4
mn-1-13-2-1-4--staccato--1,staccato,derive,mn-1-13-2-1-4
mn-1-13-5-2-22--slur--stop--1,slur,stamp,mn-1-13-5-2-22
md-1-13-2-1,wedge,md,2
mn-1-14-1-1-4--tenuto--1,tenuto,derive,mn-1-14-1-1-4
mn-1-14-1-1-4--arpeggiate--1,arpeggiate,stamp,mn-1-14-1-1-4
mn-1-14-1-1-5--arpeggiate--1,arpeggiate,stamp,mn-1-14-1-1-5
mn-1-14-1-1-6--arpeggiate--1,arpeggiate,stamp,mn-1-14-1-1-6
mn-1-14-1-1-7--arpeggiate--1,arpeggiate,stamp,mn-1-14-1-1-7
mn-1-14-1-1-8--arpeggiate--1,arpeggiate,stamp,mn-1-14-1-1-8
mn-1-14-1-1-9--arpeggiate--1,arpeggiate,stamp,mn-1-14-1-1-9
mn-1-14-5-2-1--arpeggiate--1,arpeggiate,stamp,mn-1-14-5-2-1
mn-1-14-5-2-2--arpeggiate--1,arpeggiate,stamp,mn-1-14-5-2-2
mn-1-14-5-2-3--arpeggiate--1,arpeggiate,stamp,mn-1-14-5-2-3
mn-1-14-5-2-4--slur--start--1,slur,stamp,mn-1-14-5-2-4
mn-1-14-5-2-10--slur--stop--1,slur,stamp,mn-1-14-5-2-10
mn-1-14-5-2-13--slur--start--1,slur,stamp,mn-1-14-5-2-13
md-1-14-1-1,words,md,1
mn-1-15-1-1-1--arpeggiate--1,arpeggiate,stamp,mn-1-15-1-1-1
mn-1-15-1-1-2--arpeggiate--1,arpeggiate,stamp,mn-1-15-1-1-2
mn-1-15-1-1-3--arpeggiate--1,arpeggiate,stamp,mn-1-15-1-1-3
mn-1-15-5-2-1--slur--stop--1,slur,stamp,mn-1-15-5-2-1
mn-1-15-5-2-3--slur--start--1,slur,stamp,mn-1-15-5-2-3
mn-1-15-5-2-9--slur--stop--1,slur,stamp,mn-1-15-5-2-9
mn-1-15-5-2-12--slur--start--1,slur,stamp,mn-1-15-5-2-12
mn-1-15-5-2-12--staccato--1,staccato,derive,mn-1-15-5-2-12
mn-1-15-5-2-16--staccato--1,staccato,derive,mn-1-15-5-2-16
mn-1-15-5-2-19--slur--stop--1,slur,stamp,mn-1-15-5-2-19
mn-1-15-5-2-19--staccato--1,staccato,derive,mn-1-15-5-2-19
md-1-15-1-1,octave-shift,md,1
md-1-15-1-2,octave-shift,md,1
md-1-15-1-3,words,md,1
md-1-15-1-4,wedge,md,1
md-1-15-1-5,wedge,md,1
md-1-15-2-1,wedge,md,2
md-1-15-2-2,wedge,md,2
mn-1-16-1-1-2--slur--start--1,slur,stamp,mn-1-16-1-1-2
mn-1-16-1-2-1--slur--stop--1,slur,stamp,mn-1-16-1-2-1
mn-1-16-1-1-6--slur--start--1,slur,stamp,mn-1-16-1-1-6
mn-1-16-1-2-4--slur--stop--1,slur,stamp,mn-1-16-1-2-4
mn-1-16-1-1-10--slur--start--1,slur,stamp,mn-1-16-1-1-10
mn-1-16-1-2-7--slur--stop--1,slur,stamp,mn-1-16-1-2-7
md-1-16-1-1,words,md,1
mn-1-17-1-1-2--arpeggiate--1,arpeggiate,stamp,mn-1-17-1-1-2
mn-1-17-1-1-3--arpeggiate--1,arpeggiate,stamp,mn-1-17-1-1-3
mn-1-17-1-1-4--arpeggiate--1,arpeggiate,stamp,mn-1-17-1-1-4
mn-1-17-1-1-5--arpeggiate--1,arpeggiate,stamp,mn-1-17-1-1-5
mn-1-17-1-1-6--arpeggiate--1,arpeggiate,stamp,mn-1-17-1-1-6
mn-1-17-1-1-7--arpeggiate--1,arpeggiate,stamp,mn-1-17-1-1-7
mn-1-17-1-1-8--arpeggiate--1,arpeggiate,stamp,mn-1-17-1-1-8
mn-1-17-1-1-9--arpeggiate--1,arpeggiate,stamp,mn-1-17-1-1-9
mn-1-17-1-1-10--arpeggiate--1,arpeggiate,stamp,mn-1-17-1-1-10
mn-1-17-1-1-11--arpeggiate--1,arpeggiate,stamp,mn-1-17-1-1-11
mn-1-17-1-1-12--arpeggiate--1,arpeggiate,stamp,mn-1-17-1-1-12
mn-1-17-1-1-13--arpeggiate--1,arpeggiate,stamp,mn-1-17-1-1-13
mn-1-17-1-1-14--arpeggiate--1,arpeggiate,stamp,mn-1-17-1-1-14
mn-1-17-1-1-15--arpeggiate--1,arpeggiate,stamp,mn-1-17-1-1-15
mn-1-17-1-1-16--arpeggiate--1,arpeggiate,stamp,mn-1-17-1-1-16
mn-1-17-1-1-17--arpeggiate--1,arpeggiate,stamp,mn-1-17-1-1-17
mn-1-17-1-1-18--arpeggiate--1,arpeggiate,stamp,mn-1-17-1-1-18
mn-1-17-1-1-19--arpeggiate--1,arpeggiate,stamp,mn-1-17-1-1-19
mn-1-17-1-1-20--arpeggiate--1,arpeggiate,stamp,mn-1-17-1-1-20
mn-1-17-1-1-21--arpeggiate--1,arpeggiate,stamp,mn-1-17-1-1-21
mn-1-17-1-1-22--arpeggiate--1,arpeggiate,stamp,mn-1-17-1-1-22
mn-1-17-1-1-23--arpeggiate--1,arpeggiate,stamp,mn-1-17-1-1-23
mn-1-17-1-1-24--arpeggiate--1,arpeggiate,stamp,mn-1-17-1-1-24
mn-1-17-1-1-25--arpeggiate--1,arpeggiate,stamp,mn-1-17-1-1-25
mn-1-17-1-1-26--arpeggiate--1,arpeggiate,stamp,mn-1-17-1-1-26
mn-1-17-1-1-27--arpeggiate--1,arpeggiate,stamp,mn-1-17-1-1-27
mn-1-17-1-1-28--arpeggiate--1,arpeggiate,stamp,mn-1-17-1-1-28
mn-1-17-1-1-29--arpeggiate--1,arpeggiate,stamp,mn-1-17-1-1-29
mn-1-17-5-2-6--arpeggiate--1,arpeggiate,stamp,mn-1-17-5-2-6
mn-1-17-5-2-7--arpeggiate--1,arpeggiate,stamp,mn-1-17-5-2-7
mn-1-17-5-2-8--arpeggiate--1,arpeggiate,stamp,mn-1-17-5-2-8
mn-1-17-5-2-9--arpeggiate--1,arpeggiate,stamp,mn-1-17-5-2-9
mn-1-17-5-2-10--arpeggiate--1,arpeggiate,stamp,mn-1-17-5-2-10
mn-1-17-5-2-11--arpeggiate--1,arpeggiate,stamp,mn-1-17-5-2-11
mn-1-17-5-2-12--arpeggiate--1,arpeggiate,stamp,mn-1-17-5-2-12
mn-1-17-5-2-13--arpeggiate--1,arpeggiate,stamp,mn-1-17-5-2-13
md-1-17-1-1,pedal,md,1
md-1-17-1-2,pedal,md,1
mn-1-18-1-1-1--arpeggiate--1,arpeggiate,stamp,mn-1-18-1-1-1
mn-1-18-1-1-2--arpeggiate--1,arpeggiate,stamp,mn-1-18-1-1-2
mn-1-18-1-1-3--arpeggiate--1,arpeggiate,stamp,mn-1-18-1-1-3
mn-1-18-5-2-1--arpeggiate--1,arpeggiate,stamp,mn-1-18-5-2-1
mn-1-18-5-2-2--arpeggiate--1,arpeggiate,stamp,mn-1-18-5-2-2
mn-1-18-5-2-3--arpeggiate--1,arpeggiate,stamp,mn-1-18-5-2-3
mn-1-18-5-2-4--arpeggiate--1,arpeggiate,stamp,mn-1-18-5-2-4
mn-1-18-5-2-5--arpeggiate--1,arpeggiate,stamp,mn-1-18-5-2-5
mn-1-18-5-2-6--slur--start--1,slur,stamp,mn-1-18-5-2-6
mn-1-18-5-1-1--slur--stop--1,slur,stamp,mn-1-18-5-1-1
mn-1-18-5-2-9--slur--start--1,slur,stamp,mn-1-18-5-2-9
mn-1-18-5-1-4--slur--stop--1,slur,stamp,mn-1-18-5-1-4
mn-1-18-5-2-12--slur--start--1,slur,stamp,mn-1-18-5-2-12
mn-1-18-5-1-7--slur--stop--1,slur,stamp,mn-1-18-5-1-7
mn-1-18-5-2-15--slur--start--1,slur,stamp,mn-1-18-5-2-15
mn-1-19-1-1-2--slur--start--1,slur,stamp,mn-1-19-1-1-2
mn-1-19-1-1-20--slur--stop--1,slur,stamp,mn-1-19-1-1-20
mn-1-19-5-2-1--slur--stop--1,slur,stamp,mn-1-19-5-2-1
mn-1-19-5-2-5--arpeggiate--1,arpeggiate,stamp,mn-1-19-5-2-5
mn-1-19-5-2-6--arpeggiate--1,arpeggiate,stamp,mn-1-19-5-2-6
mn-1-19-5-2-7--arpeggiate--1,arpeggiate,stamp,mn-1-19-5-2-7
mn-1-19-5-2-8--arpeggiate--1,arpeggiate,stamp,mn-1-19-5-2-8
mn-1-19-5-2-9--arpeggiate--1,arpeggiate,stamp,mn-1-19-5-2-9
mn-1-19-5-2-10--arpeggiate--1,arpeggiate,stamp,mn-1-19-5-2-10
mn-1-19-5-2-11--arpeggiate--1,arpeggiate,stamp,mn-1-19-5-2-11
mn-1-19-5-2-12--arpeggiate--1,arpeggiate,stamp,mn-1-19-5-2-12
md-1-19-1-1,pedal,md,1
md-1-19-1-2,pedal,md,1
mn-1-20-1-1-1--slur--start--1,slur,stamp,mn-1-20-1-1-1
mn-1-20-1-1-10--slur--stop--1,slur,stamp,mn-1-20-1-1-10
mn-1-20-1-1-12--slur--start--1,slur,stamp,mn-1-20-1-1-12
mn-1-20-1-1-20--slur--stop--1,slur,stamp,mn-1-20-1-1-20
mn-1-20-5-2-2--arpeggiate--1,arpeggiate,stamp,mn-1-20-5-2-2
mn-1-20-5-2-3--arpeggiate--1,arpeggiate,stamp,mn-1-20-5-2-3
mn-1-20-5-2-4--arpeggiate--1,arpeggiate,stamp,mn-1-20-5-2-4
mn-1-20-5-2-5--arpeggiate--1,arpeggiate,stamp,mn-1-20-5-2-5
mn-1-20-5-2-7--arpeggiate--1,arpeggiate,stamp,mn-1-20-5-2-7
mn-1-20-5-2-8--arpeggiate--1,arpeggiate,stamp,mn-1-20-5-2-8
mn-1-20-5-2-9--arpeggiate--1,arpeggiate,stamp,mn-1-20-5-2-9
mn-1-20-5-2-10--arpeggiate--1,arpeggiate,stamp,mn-1-20-5-2-10
md-1-20-1-1,pedal,md,1
md-1-20-1-2,pedal,md,1
md-1-20-1-3,pedal,md,1
md-1-20-1-4,pedal,md,1
mn-1-21-5-2-2--slur--start--1,slur,stamp,mn-1-21-5-2-2
md-1-21-1-1,pedal,md,1
md-1-21-1-2,pedal,md,1
md-1-21-2-1,wedge,md,2
mn-1-22-5-2-1--slur--stop--1,slur,stamp,mn-1-22-5-2-1
mn-1-22-5-2-3--slur--start--1,slur,stamp,mn-1-22-5-2-3
md-1-22-2-1,wedge,md,2
mn-1-23-5-2-1--slur--stop--1,slur,stamp,mn-1-23-5-2-1
md-1-23-2-1,wedge,md,2
md-1-23-2-2,wedge,md,2
mn-1-24-1-1-1--staccatissimo--1,staccatissimo,derive,mn-1-24-1-1-1
mn-1-24-1-1-1--arpeggiate--1,arpeggiate,stamp,mn-1-24-1-1-1
mn-1-24-1-1-2--arpeggiate--1,arpeggiate,stamp,mn-1-24-1-1-2
mn-1-24-1-1-3--arpeggiate--1,arpeggiate,stamp,mn-1-24-1-1-3
mn-1-24-1-1-4--arpeggiate--1,arpeggiate,stamp,mn-1-24-1-1-4
mn-1-24-1-1-6--arpeggiate--1,arpeggiate,stamp,mn-1-24-1-1-6
mn-1-24-1-1-7--arpeggiate--1,arpeggiate,stamp,mn-1-24-1-1-7
mn-1-24-1-1-8--arpeggiate--1,arpeggiate,stamp,mn-1-24-1-1-8
mn-1-24-1-1-9--arpeggiate--1,arpeggiate,stamp,mn-1-24-1-1-9
mn-1-24-1-1-10--arpeggiate--1,arpeggiate,stamp,mn-1-24-1-1-10
mn-1-24-1-1-11--arpeggiate--1,arpeggiate,stamp,mn-1-24-1-1-11
mn-1-24-1-1-12--arpeggiate--1,arpeggiate,stamp,mn-1-24-1-1-12
mn-1-24-1-1-13--arpeggiate--1,arpeggiate,stamp,mn-1-24-1-1-13
mn-1-24-1-1-14--arpeggiate--1,arpeggiate,stamp,mn-1-24-1-1-14
mn-1-24-1-1-15--arpeggiate--1,arpeggiate,stamp,mn-1-24-1-1-15
mn-1-24-1-1-16--arpeggiate--1,arpeggiate,stamp,mn-1-24-1-1-16
mn-1-24-1-1-17--arpeggiate--1,arpeggiate,stamp,mn-1-24-1-1-17
mn-1-24-1-1-18--arpeggiate--1,arpeggiate,stamp,mn-1-24-1-1-18
mn-1-24-1-1-19--arpeggiate--1,arpeggiate,stamp,mn-1-24-1-1-19
mn-1-24-1-1-20--arpeggiate--1,arpeggiate,stamp,mn-1-24-1-1-20
mn-1-24-1-1-21--arpeggiate--1,arpeggiate,stamp,mn-1-24-1-1-21
mn-1-24-1-1-22--arpeggiate--1,arpeggiate,stamp,mn-1-24-1-1-22
mn-1-24-1-1-23--arpeggiate--1,arpeggiate,stamp,mn-1-24-1-1-23
mn-1-24-1-1-24--tied--start--1,tied,stamp,mn-1-24-1-1-24
mn-1-24-1-1-24--arpeggiate--1,arpeggiate,stamp,mn-1-24-1-1-24
mn-1-24-1-1-25--tied--start--1,tied,stamp,mn-1-24-1-1-25
mn-1-24-1-1-25--arpeggiate--1,arpeggiate,stamp,mn-1-24-1-1-25
mn-1-24-1-1-26--tied--start--1,tied,stamp,mn-1-24-1-1-26
mn-1-24-1-1-26--arpeggiate--1,arpeggiate,stamp,mn-1-24-1-1-26
mn-1-24-5-2-1--staccatissimo--1,staccatissimo,derive,mn-1-24-5-2-1
mn-1-24-5-2-1--arpeggiate--1,arpeggiate,stamp,mn-1-24-5-2-1
mn-1-24-5-2-2--arpeggiate--1,arpeggiate,stamp,mn-1-24-5-2-2
mn-1-24-5-2-3--arpeggiate--1,arpeggiate,stamp,mn-1-24-5-2-3
mn-1-24-5-2-4--arpeggiate--1,arpeggiate,stamp,mn-1-24-5-2-4
mn-1-24-5-2-5--arpeggiate--1,arpeggiate,stamp,mn-1-24-5-2-5
mn-1-24-5-2-6--arpeggiate--1,arpeggiate,stamp,mn-1-24-5-2-6
mn-1-24-5-2-7--arpeggiate--1,arpeggiate,stamp,mn-1-24-5-2-7
mn-1-24-5-2-8--arpeggiate--1,arpeggiate,stamp,mn-1-24-5-2-8
mn-1-24-5-2-9--arpeggiate--1,arpeggiate,stamp,mn-1-24-5-2-9
mn-1-24-5-2-10--arpeggiate--1,arpeggiate,stamp,mn-1-24-5-2-10
mn-1-24-5-2-11--arpeggiate--1,arpeggiate,stamp,mn-1-24-5-2-11
mn-1-24-5-2-12--arpeggiate--1,arpeggiate,stamp,mn-1-24-5-2-12
mn-1-24-5-2-13--arpeggiate--1,arpeggiate,stamp,mn-1-24-5-2-13
mn-1-24-5-2-14--arpeggiate--1,arpeggiate,stamp,mn-1-24-5-2-14
mn-1-24-5-2-15--arpeggiate--1,arpeggiate,stamp,mn-1-24-5-2-15
mn-1-24-5-2-16--arpeggiate--1,arpeggiate,stamp,mn-1-24-5-2-16
mn-1-24-5-2-17--arpeggiate--1,arpeggiate,stamp,mn-1-24-5-2-17
mn-1-24-5-2-18--arpeggiate--1,arpeggiate,stamp,mn-1-24-5-2-18
mn-1-24-5-2-19--arpeggiate--1,arpeggiate,stamp,mn-1-24-5-2-19
mn-1-24-5-2-20--arpeggiate--1,arpeggiate,stamp,mn-1-24-5-2-20
mn-1-24-5-2-21--arpeggiate--1,arpeggiate,stamp,mn-1-24-5-2-21
mn-1-24-5-2-22--arpeggiate--1,arpeggiate,stamp,mn-1-24-5-2-22
mn-1-24-5-2-23--arpeggiate--1,arpeggiate,stamp,mn-1-24-5-2-23
mn-1-24-5-2-24--arpeggiate--1,arpeggiate,stamp,mn-1-24-5-2-24
mn-1-24-5-2-25--arpeggiate--1,arpeggiate,stamp,mn-1-24-5-2-25
md-1-24-1-1,dynamics,md,1
md-1-24-1-2,dynamics,md,1
md-1-24-1-3,words,md,1
md-1-24-2-1,words,md,2
mn-1-25-1-1-1--tied--stop--1,tied,stamp,mn-1-25-1-1-1
mn-1-25-1-1-1--arpeggiate--1,arpeggiate,stamp,mn-1-25-1-1-1
mn-1-25-1-1-2--tied--stop--1,tied,stamp,mn-1-25-1-1-2
mn-1-25-1-1-2--arpeggiate--1,arpeggiate,stamp,mn-1-25-1-1-2
mn-1-25-1-1-3--tied--stop--1,tied,stamp,mn-1-25-1-1-3
mn-1-25-1-1-3--arpeggiate--1,arpeggiate,stamp,mn-1-25-1-1-3
mn-1-25-1-1-4--arpeggiate--1,arpeggiate,stamp,mn-1-25-1-1-4
mn-1-25-1-1-5--arpeggiate--1,arpeggiate,stamp,mn-1-25-1-1-5
mn-1-25-1-1-6--arpeggiate--1,arpeggiate,stamp,mn-1-25-1-1-6
mn-1-25-1-1-7--arpeggiate--1,arpeggiate,stamp,mn-1-25-1-1-7
mn-1-25-1-1-8--arpeggiate--1,arpeggiate,stamp,mn-1-25-1-1-8
mn-1-25-1-1-9--arpeggiate--1,arpeggiate,stamp,mn-1-25-1-1-9
mn-1-25-1-1-10--arpeggiate--1,arpeggiate,stamp,mn-1-25-1-1-10
mn-1-25-1-1-11--arpeggiate--1,arpeggiate,stamp,mn-1-25-1-1-11
mn-1-25-1-1-12--arpeggiate--1,arpeggiate,stamp,mn-1-25-1-1-12
mn-1-25-1-1-13--arpeggiate--1,arpeggiate,stamp,mn-1-25-1-1-13
mn-1-25-1-1-14--arpeggiate--1,arpeggiate,stamp,mn-1-25-1-1-14
mn-1-25-1-1-15--arpeggiate--1,arpeggiate,stamp,mn-1-25-1-1-15
mn-1-25-1-1-16--arpeggiate--1,arpeggiate,stamp,mn-1-25-1-1-16
mn-1-25-1-1-17--arpeggiate--1,arpeggiate,stamp,mn-1-25-1-1-17
mn-1-25-1-1-18--arpeggiate--1,arpeggiate,stamp,mn-1-25-1-1-18
mn-1-25-1-1-19--arpeggiate--1,arpeggiate,stamp,mn-1-25-1-1-19
mn-1-25-1-1-20--arpeggiate--1,arpeggiate,stamp,mn-1-25-1-1-20
mn-1-25-1-1-21--arpeggiate--1,arpeggiate,stamp,mn-1-25-1-1-21
mn-1-25-1-1-22--arpeggiate--1,arpeggiate,stamp,mn-1-25-1-1-22
mn-1-25-1-1-23--arpeggiate--1,arpeggiate,stamp,mn-1-25-1-1-23
mn-1-25-1-1-24--arpeggiate--1,arpeggiate,stamp,mn-1-25-1-1-24
mn-1-25-1-1-25--arpeggiate--1,arpeggiate,stamp,mn-1-25-1-1-25
mn-1-25-1-1-26--arpeggiate--1,arpeggiate,stamp,mn-1-25-1-1-26
mn-1-25-1-1-27--arpeggiate--1,arpeggiate,stamp,mn-1-25-1-1-27
mn-1-25-1-1-28--arpeggiate--1,arpeggiate,stamp,mn-1-25-1-1-28
mn-1-25-1-1-29--arpeggiate--1,arpeggiate,stamp,mn-1-25-1-1-29
mn-1-25-1-1-30--arpeggiate--1,arpeggiate,stamp,mn-1-25-1-1-30
mn-1-25-1-1-31--tenuto--1,tenuto,derive,mn-1-25-1-1-31
mn-1-25-1-1-31--arpeggiate--1,arpeggiate,stamp,mn-1-25-1-1-31
mn-1-25-1-1-32--arpeggiate--1,arpeggiate,stamp,mn-1-25-1-1-32
mn-1-25-1-1-33--arpeggiate--1,arpeggiate,stamp,mn-1-25-1-1-33
mn-1-25-1-1-34--arpeggiate--1,arpeggiate,stamp,mn-1-25-1-1-34
mn-1-25-5-2-1--arpeggiate--1,arpeggiate,stamp,mn-1-25-5-2-1
mn-1-25-5-2-2--arpeggiate--1,arpeggiate,stamp,mn-1-25-5-2-2
mn-1-25-5-2-3--arpeggiate--1,arpeggiate,stamp,mn-1-25-5-2-3
mn-1-25-5-2-4--arpeggiate--1,arpeggiate,stamp,mn-1-25-5-2-4
mn-1-25-5-2-5--arpeggiate--1,arpeggiate,stamp,mn-1-25-5-2-5
mn-1-25-5-2-6--arpeggiate--1,arpeggiate,stamp,mn-1-25-5-2-6
mn-1-25-5-2-7--arpeggiate--1,arpeggiate,stamp,mn-1-25-5-2-7
mn-1-25-5-2-8--arpeggiate--1,arpeggiate,stamp,mn-1-25-5-2-8
mn-1-25-5-2-9--arpeggiate--1,arpeggiate,stamp,mn-1-25-5-2-9
mn-1-25-5-2-10--arpeggiate--1,arpeggiate,stamp,mn-1-25-5-2-10
mn-1-25-5-2-11--arpeggiate--1,arpeggiate,stamp,mn-1-25-5-2-11
mn-1-25-5-2-12--arpeggiate--1,arpeggiate,stamp,mn-1-25-5-2-12
mn-1-25-5-2-13--arpeggiate--1,arpeggiate,stamp,mn-1-25-5-2-13
mn-1-25-5-2-14--arpeggiate--1,arpeggiate,stamp,mn-1-25-5-2-14
mn-1-25-5-2-15--arpeggiate--1,arpeggiate,stamp,mn-1-25-5-2-15
mn-1-25-5-2-16--arpeggiate--1,arpeggiate,stamp,mn-1-25-5-2-16
mn-1-25-5-2-17--arpeggiate--1,arpeggiate,stamp,mn-1-25-5-2-17
mn-1-25-5-2-18--arpeggiate--1,arpeggiate,stamp,mn-1-25-5-2-18
mn-1-25-5-2-19--arpeggiate--1,arpeggiate,stamp,mn-1-25-5-2-19
mn-1-25-5-2-20--arpeggiate--1,arpeggiate,stamp,mn-1-25-5-2-20
mn-1-25-5-2-21--arpeggiate--1,arpeggiate,stamp,mn-1-25-5-2-21
mn-1-25-5-2-22--arpeggiate--1,arpeggiate,stamp,mn-1-25-5-2-22
mn-1-25-5-2-23--arpeggiate--1,arpeggiate,stamp,mn-1-25-5-2-23
mn-1-25-5-2-24--arpeggiate--1,arpeggiate,stamp,mn-1-25-5-2-24
mn-1-25-5-2-25--arpeggiate--1,arpeggiate,stamp,mn-1-25-5-2-25
mn-1-25-5-2-26--arpeggiate--1,arpeggiate,stamp,mn-1-25-5-2-26
mn-1-25-5-2-27--arpeggiate--1,arpeggiate,stamp,mn-1-25-5-2-27
mn-1-25-5-2-28--arpeggiate--1,arpeggiate,stamp,mn-1-25-5-2-28
mn-1-25-5-2-29--arpeggiate--1,arpeggiate,stamp,mn-1-25-5-2-29
mn-1-25-5-2-30--arpeggiate--1,arpeggiate,stamp,mn-1-25-5-2-30
mn-1-25-5-2-31--arpeggiate--1,arpeggiate,stamp,mn-1-25-5-2-31
md-1-25-1-1,wedge,md,1
md-1-25-1-2,wedge,md,1
mn-1-26-1-1-1--staccatissimo--1,staccatissimo,derive,mn-1-26-1-1-1
mn-1-26-1-1-1--arpeggiate--1,arpeggiate,stamp,mn-1-26-1-1-1
mn-1-26-1-1-2--arpeggiate--1,arpeggiate,stamp,mn-1-26-1-1-2
mn-1-26-1-1-3--arpeggiate--1,arpeggiate,stamp,mn-1-26-1-1-3
mn-1-26-1-1-4--arpeggiate--1,arpeggiate,stamp,mn-1-26-1-1-4
mn-1-26-1-1-6--arpeggiate--1,arpeggiate,stamp,mn-1-26-1-1-6
mn-1-26-1-1-7--arpeggiate--1,arpeggiate,stamp,mn-1-26-1-1-7
mn-1-26-1-1-8--arpeggiate--1,arpeggiate,stamp,mn-1-26-1-1-8
mn-1-26-1-1-9--arpeggiate--1,arpeggiate,stamp,mn-1-26-1-1-9
mn-1-26-1-1-10--arpeggiate--1,arpeggiate,stamp,mn-1-26-1-1-10
mn-1-26-1-1-11--arpeggiate--1,arpeggiate,stamp,mn-1-26-1-1-11
mn-1-26-1-1-12--arpeggiate--1,arpeggiate,stamp,mn-1-26-1-1-12
mn-1-26-1-1-13--arpeggiate--1,arpeggiate,stamp,mn-1-26-1-1-13
mn-1-26-1-1-14--arpeggiate--1,arpeggiate,stamp,mn-1-26-1-1-14
mn-1-26-1-1-15--arpeggiate--1,arpeggiate,stamp,mn-1-26-1-1-15
mn-1-26-1-1-16--arpeggiate--1,arpeggiate,stamp,mn-1-26-1-1-16
mn-1-26-1-1-17--arpeggiate--1,arpeggiate,stamp,mn-1-26-1-1-17
mn-1-26-1-1-18--arpeggiate--1,arpeggiate,stamp,mn-1-26-1-1-18
mn-1-26-1-1-19--arpeggiate--1,arpeggiate,stamp,mn-1-26-1-1-19
mn-1-26-1-1-20--arpeggiate--1,arpeggiate,stamp,mn-1-26-1-1-20
mn-1-26-1-1-21--arpeggiate--1,arpeggiate,stamp,mn-1-26-1-1-21
mn-1-26-1-1-22--arpeggiate--1,arpeggiate,stamp,mn-1-26-1-1-22
mn-1-26-1-1-23--arpeggiate--1,arpeggiate,stamp,mn-1-26-1-1-23
mn-1-26-1-1-24--tied--start--1,tied,stamp,mn-1-26-1-1-24
mn-1-26-1-1-24--arpeggiate--1,arpeggiate,stamp,mn-1-26-1-1-24
mn-1-26-1-1-25--tied--start--1,tied,stamp,mn-1-26-1-1-25
mn-1-26-1-1-25--arpeggiate--1,arpeggiate,stamp,mn-1-26-1-1-25
mn-1-26-1-1-26--tied--start--1,tied,stamp,mn-1-26-1-1-26
mn-1-26-1-1-26--arpeggiate--1,arpeggiate,stamp,mn-1-26-1-1-26
mn-1-26-5-2-1--staccatissimo--1,staccatissimo,derive,mn-1-26-5-2-1
mn-1-26-5-2-1--arpeggiate--1,arpeggiate,stamp,mn-1-26-5-2-1
mn-1-26-5-2-2--arpeggiate--1,arpeggiate,stamp,mn-1-26-5-2-2
mn-1-26-5-2-3--arpeggiate--1,arpeggiate,stamp,mn-1-26-5-2-3
mn-1-26-5-2-4--arpeggiate--1,arpeggiate,stamp,mn-1-26-5-2-4
mn-1-26-5-2-5--arpeggiate--1,arpeggiate,stamp,mn-1-26-5-2-5
mn-1-26-5-2-6--arpeggiate--1,arpeggiate,stamp,mn-1-26-5-2-6
mn-1-26-5-2-7--arpeggiate--1,arpeggiate,stamp,mn-1-26-5-2-7
mn-1-26-5-2-8--arpeggiate--1,arpeggiate,stamp,mn-1-26-5-2-8
mn-1-26-5-2-9--arpeggiate--1,arpeggiate,stamp,mn-1-26-5-2-9
mn-1-26-5-2-10--arpeggiate--1,arpeggiate,stamp,mn-1-26-5-2-10
mn-1-26-5-2-11--arpeggiate--1,arpeggiate,stamp,mn-1-26-5-2-11
mn-1-26-5-2-12--arpeggiate--1,arpeggiate,stamp,mn-1-26-5-2-12
mn-1-26-5-2-13--arpeggiate--1,arpeggiate,stamp,mn-1-26-5-2-13
mn-1-26-5-2-14--arpeggiate--1,arpeggiate,stamp,mn-1-26-5-2-14
mn-1-26-5-2-15--arpeggiate--1,arpeggiate,stamp,mn-1-26-5-2-15
mn-1-26-5-2-16--arpeggiate--1,arpeggiate,stamp,mn-1-26-5-2-16
mn-1-26-5-2-17--arpeggiate--1,arpeggiate,stamp,mn-1-26-5-2-17
mn-1-26-5-2-18--arpeggiate--1,arpeggiate,stamp,mn-1-26-5-2-18
mn-1-26-5-2-19--arpeggiate--1,arpeggiate,stamp,mn-1-26-5-2-19
mn-1-26-5-2-20--arpeggiate--1,arpeggiate,stamp,mn-1-26-5-2-20
mn-1-26-5-2-21--arpeggiate--1,arpeggiate,stamp,mn-1-26-5-2-21
mn-1-26-5-2-22--arpeggiate--1,arpeggiate,stamp,mn-1-26-5-2-22
mn-1-26-5-2-23--arpeggiate--1,arpeggiate,stamp,mn-1-26-5-2-23
mn-1-26-5-2-24--arpeggiate--1,arpeggiate,stamp,mn-1-26-5-2-24
mn-1-26-5-2-25--arpeggiate--1,arpeggiate,stamp,mn-1-26-5-2-25
md-1-26-1-1,wedge,md,1
mn-1-27-1-1-1--tied--stop--1,tied,stamp,mn-1-27-1-1-1
mn-1-27-1-1-1--arpeggiate--1,arpeggiate,stamp,mn-1-27-1-1-1
mn-1-27-1-1-2--tied--stop--1,tied,stamp,mn-1-27-1-1-2
mn-1-27-1-1-2--arpeggiate--1,arpeggiate,stamp,mn-1-27-1-1-2
mn-1-27-1-1-3--tied--stop--1,tied,stamp,mn-1-27-1-1-3
mn-1-27-1-1-3--arpeggiate--1,arpeggiate,stamp,mn-1-27-1-1-3
mn-1-27-1-1-4--arpeggiate--1,arpeggiate,stamp,mn-1-27-1-1-4
mn-1-27-1-1-5--arpeggiate--1,arpeggiate,stamp,mn-1-27-1-1-5
mn-1-27-1-1-6--arpeggiate--1,arpeggiate,stamp,mn-1-27-1-1-6
mn-1-27-1-1-7--arpeggiate--1,arpeggiate,stamp,mn-1-27-1-1-7
mn-1-27-1-1-8--arpeggiate--1,arpeggiate,stamp,mn-1-27-1-1-8
mn-1-27-1-1-9--arpeggiate--1,arpeggiate,stamp,mn-1-27-1-1-9
mn-1-27-1-1-10--arpeggiate--1,arpeggiate,stamp,mn-1-27-1-1-10
mn-1-27-1-1-11--arpeggiate--1,arpeggiate,stamp,mn-1-27-1-1-11
mn-1-27-1-1-12--arpeggiate--1,arpeggiate,stamp,mn-1-27-1-1-12
mn-1-27-1-1-13--arpeggiate--1,arpeggiate,stamp,mn-1-27-1-1-13
mn-1-27-1-1-14--arpeggiate--1,arpeggiate,stamp,mn-1-27-1-1-14
mn-1-27-1-1-15--arpeggiate--1,arpeggiate,stamp,mn-1-27-1-1-15
mn-1-27-1-1-16--arpeggiate--1,arpeggiate,stamp,mn-1-27-1-1-16
mn-1-27-1-1-17--arpeggiate--1,arpeggiate,stamp,mn-1-27-1-1-17
mn-1-27-1-1-18--arpeggiate--1,arpeggiate,stamp,mn-1-27-1-1-18
mn-1-27-1-1-19--arpeggiate--1,arpeggiate,stamp,mn-1-27-1-1-19
mn-1-27-1-1-20--arpeggiate--1,arpeggiate,stamp,mn-1-27-1-1-20
mn-1-27-1-1-21--arpeggiate--1,arpeggiate,stamp,mn-1-27-1-1-21
mn-1-27-1-1-22--arpeggiate--1,arpeggiate,stamp,mn-1-27-1-1-22
mn-1-27-1-1-23--arpeggiate--1,arpeggiate,stamp,mn-1-27-1-1-23
mn-1-27-1-1-24--arpeggiate--1,arpeggiate,stamp,mn-1-27-1-1-24
mn-1-27-1-1-25--arpeggiate--1,arpeggiate,stamp,mn-1-27-1-1-25
mn-1-27-1-1-26--arpeggiate--1,arpeggiate,stamp,mn-1-27-1-1-26
mn-1-27-1-1-27--arpeggiate--1,arpeggiate,stamp,mn-1-27-1-1-27
mn-1-27-1-1-28--arpeggiate--1,arpeggiate,stamp,mn-1-27-1-1-28
mn-1-27-1-1-29--arpeggiate--1,arpeggiate,stamp,mn-1-27-1-1-29
mn-1-27-1-1-30--arpeggiate--1,arpeggiate,stamp,mn-1-27-1-1-30
mn-1-27-1-1-31--tenuto--1,tenuto,derive,mn-1-27-1-1-31
mn-1-27-1-1-31--arpeggiate--1,arpeggiate,stamp,mn-1-27-1-1-31
mn-1-27-1-1-32--arpeggiate--1,arpeggiate,stamp,mn-1-27-1-1-32
mn-1-27-1-1-33--arpeggiate--1,arpeggiate,stamp,mn-1-27-1-1-33
mn-1-27-1-1-34--arpeggiate--1,arpeggiate,stamp,mn-1-27-1-1-34
mn-1-27-5-2-1--arpeggiate--1,arpeggiate,stamp,mn-1-27-5-2-1
mn-1-27-5-2-2--arpeggiate--1,arpeggiate,stamp,mn-1-27-5-2-2
mn-1-27-5-2-3--arpeggiate--1,arpeggiate,stamp,mn-1-27-5-2-3
mn-1-27-5-2-4--arpeggiate--1,arpeggiate,stamp,mn-1-27-5-2-4
mn-1-27-5-2-5--arpeggiate--1,arpeggiate,stamp,mn-1-27-5-2-5
mn-1-27-5-2-6--arpeggiate--1,arpeggiate,stamp,mn-1-27-5-2-6
mn-1-27-5-2-7--arpeggiate--1,arpeggiate,stamp,mn-1-27-5-2-7
mn-1-27-5-2-8--arpeggiate--1,arpeggiate,stamp,mn-1-27-5-2-8
mn-1-27-5-2-9--arpeggiate--1,arpeggiate,stamp,mn-1-27-5-2-9
mn-1-27-5-2-10--arpeggiate--1,arpeggiate,stamp,mn-1-27-5-2-10
mn-1-27-5-2-11--arpeggiate--1,arpeggiate,stamp,mn-1-27-5-2-11
mn-1-27-5-2-12--arpeggiate--1,arpeggiate,stamp,mn-1-27-5-2-12
mn-1-27-5-2-13--arpeggiate--1,arpeggiate,stamp,mn-1-27-5-2-13
mn-1-27-5-2-14--arpeggiate--1,arpeggiate,stamp,mn-1-27-5-2-14
mn-1-27-5-2-15--arpeggiate--1,arpeggiate,stamp,mn-1-27-5-2-15
mn-1-27-5-2-16--arpeggiate--1,arpeggiate,stamp,mn-1-27-5-2-16
mn-1-27-5-2-17--arpeggiate--1,arpeggiate,stamp,mn-1-27-5-2-17
mn-1-27-5-2-18--arpeggiate--1,arpeggiate,stamp,mn-1-27-5-2-18
mn-1-27-5-2-19--arpeggiate--1,arpeggiate,stamp,mn-1-27-5-2-19
mn-1-27-5-2-20--arpeggiate--1,arpeggiate,stamp,mn-1-27-5-2-20
mn-1-27-5-2-21--arpeggiate--1,arpeggiate,stamp,mn-1-27-5-2-21
mn-1-27-5-2-22--arpeggiate--1,arpeggiate,stamp,mn-1-27-5-2-22
mn-1-27-5-2-23--arpeggiate--1,arpeggiate,stamp,mn-1-27-5-2-23
mn-1-27-5-2-24--arpeggiate--1,arpeggiate,stamp,mn-1-27-5-2-24
mn-1-27-5-2-25--arpeggiate--1,arpeggiate,stamp,mn-1-27-5-2-25
mn-1-27-5-2-26--arpeggiate--1,arpeggiate,stamp,mn-1-27-5-2-26
mn-1-27-5-2-27--arpeggiate--1,arpeggiate,stamp,mn-1-27-5-2-27
mn-1-27-5-2-28--arpeggiate--1,arpeggiate,stamp,mn-1-27-5-2-28
mn-1-27-5-2-29--arpeggiate--1,arpeggiate,stamp,mn-1-27-5-2-29
mn-1-27-5-2-30--arpeggiate--1,arpeggiate,stamp,mn-1-27-5-2-30
mn-1-27-5-2-31--arpeggiate--1,arpeggiate,stamp,mn-1-27-5-2-31
md-1-27-1-1,wedge,md,1
mn-1-28-1-1-1--staccatissimo--1,staccatissimo,derive,mn-1-28-1-1-1
mn-1-28-1-1-1--arpeggiate--1,arpeggiate,stamp,mn-1-28-1-1-1
mn-1-28-1-1-2--arpeggiate--1,arpeggiate,stamp,mn-1-28-1-1-2
mn-1-28-1-1-3--arpeggiate--1,arpeggiate,stamp,mn-1-28-1-1-3
mn-1-28-1-1-4--arpeggiate--1,arpeggiate,stamp,mn-1-28-1-1-4
mn-1-28-1-1-6--arpeggiate--1,arpeggiate,stamp,mn-1-28-1-1-6
mn-1-28-1-1-7--arpeggiate--1,arpeggiate,stamp,mn-1-28-1-1-7
mn-1-28-1-1-8--arpeggiate--1,arpeggiate,stamp,mn-1-28-1-1-8
mn-1-28-1-1-9--arpeggiate--1,arpeggiate,stamp,mn-1-28-1-1-9
mn-1-28-1-1-10--arpeggiate--1,arpeggiate,stamp,mn-1-28-1-1-10
mn-1-28-1-1-11--arpeggiate--1,arpeggiate,stamp,mn-1-28-1-1-11
mn-1-28-1-1-12--arpeggiate--1,arpeggiate,stamp,mn-1-28-1-1-12
mn-1-28-1-1-13--arpeggiate--1,arpeggiate,stamp,mn-1-28-1-1-13
mn-1-28-1-1-14--arpeggiate--1,arpeggiate,stamp,mn-1-28-1-1-14
mn-1-28-1-1-15--arpeggiate--1,arpeggiate,stamp,mn-1-28-1-1-15
mn-1-28-1-1-16--arpeggiate--1,arpeggiate,stamp,mn-1-28-1-1-16
mn-1-28-1-1-17--arpeggiate--1,arpeggiate,stamp,mn-1-28-1-1-17
mn-1-28-1-1-18--arpeggiate--1,arpeggiate,stamp,mn-1-28-1-1-18
mn-1-28-1-1-19--arpeggiate--1,arpeggiate,stamp,mn-1-28-1-1-19
mn-1-28-1-1-20--arpeggiate--1,arpeggiate,stamp,mn-1-28-1-1-20
mn-1-28-1-1-21--arpeggiate--1,arpeggiate,stamp,mn-1-28-1-1-21
mn-1-28-1-1-22--arpeggiate--1,arpeggiate,stamp,mn-1-28-1-1-22
mn-1-28-1-1-23--arpeggiate--1,arpeggiate,stamp,mn-1-28-1-1-23
mn-1-28-1-1-24--tied--start--1,tied,stamp,mn-1-28-1-1-24
mn-1-28-1-1-24--arpeggiate--1,arpeggiate,stamp,mn-1-28-1-1-24
mn-1-28-1-1-25--tied--start--1,tied,stamp,mn-1-28-1-1-25
mn-1-28-1-1-25--arpeggiate--1,arpeggiate,stamp,mn-1-28-1-1-25
mn-1-28-1-1-26--tied--start--1,tied,stamp,mn-1-28-1-1-26
mn-1-28-1-1-26--arpeggiate--1,arpeggiate,stamp,mn-1-28-1-1-26
mn-1-28-5-2-1--staccatissimo--1,staccatissimo,derive,mn-1-28-5-2-1
mn-1-28-5-2-1--arpeggiate--1,arpeggiate,stamp,mn-1-28-5-2-1
mn-1-28-5-2-2--arpeggiate--1,arpeggiate,stamp,mn-1-28-5-2-2
mn-1-28-5-2-3--arpeggiate--1,arpeggiate,stamp,mn-1-28-5-2-3
mn-1-28-5-2-4--arpeggiate--1,arpeggiate,stamp,mn-1-28-5-2-4
mn-1-28-5-2-5--arpeggiate--1,arpeggiate,stamp,mn-1-28-5-2-5
mn-1-28-5-2-6--arpeggiate--1,arpeggiate,stamp,mn-1-28-5-2-6
mn-1-28-5-2-7--arpeggiate--1,arpeggiate,stamp,mn-1-28-5-2-7
mn-1-28-5-2-8--arpeggiate--1,arpeggiate,stamp,mn-1-28-5-2-8
mn-1-28-5-2-9--arpeggiate--1,arpeggiate,stamp,mn-1-28-5-2-9
mn-1-28-5-2-10--arpeggiate--1,arpeggiate,stamp,mn-1-28-5-2-10
mn-1-28-5-2-11--arpeggiate--1,arpeggiate,stamp,mn-1-28-5-2-11
mn-1-28-5-2-12--arpeggiate--1,arpeggiate,stamp,mn-1-28-5-2-12
mn-1-28-5-2-13--arpeggiate--1,arpeggiate,stamp,mn-1-28-5-2-13
mn-1-28-5-2-14--arpeggiate--1,arpeggiate,stamp,mn-1-28-5-2-14
mn-1-28-5-2-15--arpeggiate--1,arpeggiate,stamp,mn-1-28-5-2-15
mn-1-28-5-2-16--arpeggiate--1,arpeggiate,stamp,mn-1-28-5-2-16
mn-1-28-5-2-17--arpeggiate--1,arpeggiate,stamp,mn-1-28-5-2-17
mn-1-28-5-2-18--arpeggiate--1,arpeggiate,stamp,mn-1-28-5-2-18
mn-1-28-5-2-19--arpeggiate--1,arpeggiate,stamp,mn-1-28-5-2-19
mn-1-28-5-2-20--arpeggiate--1,arpeggiate,stamp,mn-1-28-5-2-20
mn-1-28-5-2-21--arpeggiate--1,arpeggiate,stamp,mn-1-28-5-2-21
mn-1-28-5-2-22--arpeggiate--1,arpeggiate,stamp,mn-1-28-5-2-22
mn-1-28-5-2-23--arpeggiate--1,arpeggiate,stamp,mn-1-28-5-2-23
mn-1-28-5-2-24--arpeggiate--1,arpeggiate,stamp,mn-1-28-5-2-24
mn-1-28-5-2-25--arpeggiate--1,arpeggiate,stamp,mn-1-28-5-2-25
mn-1-29-1-1-1--tied--stop--1,tied,stamp,mn-1-29-1-1-1
mn-1-29-1-1-1--arpeggiate--1,arpeggiate,stamp,mn-1-29-1-1-1
mn-1-29-1-1-2--tied--stop--1,tied,stamp,mn-1-29-1-1-2
mn-1-29-1-1-2--arpeggiate--1,arpeggiate,stamp,mn-1-29-1-1-2
mn-1-29-1-1-3--tied--stop--1,tied,stamp,mn-1-29-1-1-3
mn-1-29-1-1-3--arpeggiate--1,arpeggiate,stamp,mn-1-29-1-1-3
mn-1-29-1-1-4--arpeggiate--1,arpeggiate,stamp,mn-1-29-1-1-4
mn-1-29-1-1-5--arpeggiate--1,arpeggiate,stamp,mn-1-29-1-1-5
mn-1-29-1-1-6--arpeggiate--1,arpeggiate,stamp,mn-1-29-1-1-6
mn-1-29-1-1-7--arpeggiate--1,arpeggiate,stamp,mn-1-29-1-1-7
mn-1-29-1-1-8--arpeggiate--1,arpeggiate,stamp,mn-1-29-1-1-8
mn-1-29-1-1-9--arpeggiate--1,arpeggiate,stamp,mn-1-29-1-1-9
mn-1-29-1-1-10--arpeggiate--1,arpeggiate,stamp,mn-1-29-1-1-10
mn-1-29-1-1-11--arpeggiate--1,arpeggiate,stamp,mn-1-29-1-1-11
mn-1-29-1-1-12--arpeggiate--1,arpeggiate,stamp,mn-1-29-1-1-12
mn-1-29-1-1-13--arpeggiate--1,arpeggiate,stamp,mn-1-29-1-1-13
mn-1-29-1-1-14--arpeggiate--1,arpeggiate,stamp,mn-1-29-1-1-14
mn-1-29-1-1-15--arpeggiate--1,arpeggiate,stamp,mn-1-29-1-1-15
mn-1-29-1-1-16--arpeggiate--1,arpeggiate,stamp,mn-1-29-1-1-16
mn-1-29-1-1-17--arpeggiate--1,arpeggiate,stamp,mn-1-29-1-1-17
mn-1-29-1-1-18--arpeggiate--1,arpeggiate,stamp,mn-1-29-1-1-18
mn-1-29-1-1-19--arpeggiate--1,arpeggiate,stamp,mn-1-29-1-1-19
mn-1-29-1-1-20--arpeggiate--1,arpeggiate,stamp,mn-1-29-1-1-20
mn-1-29-1-1-21--arpeggiate--1,arpeggiate,stamp,mn-1-29-1-1-21
mn-1-29-1-1-22--arpeggiate--1,arpeggiate,stamp,mn-1-29-1-1-22
mn-1-29-1-1-23--arpeggiate--1,arpeggiate,stamp,mn-1-29-1-1-23
mn-1-29-1-1-24--arpeggiate--1,arpeggiate,stamp,mn-1-29-1-1-24
mn-1-29-1-1-25--tenuto--1,tenuto,derive,mn-1-29-1-1-25
mn-1-29-1-1-25--arpeggiate--1,arpeggiate,stamp,mn-1-29-1-1-25
mn-1-29-1-1-26--arpeggiate--1,arpeggiate,stamp,mn-1-29-1-1-26
mn-1-29-1-1-27--arpeggiate--1,arpeggiate,stamp,mn-1-29-1-1-27
mn-1-29-5-2-1--arpeggiate--1,arpeggiate,stamp,mn-1-29-5-2-1
mn-1-29-5-2-2--arpeggiate--1,arpeggiate,stamp,mn-1-29-5-2-2
mn-1-29-5-2-3--arpeggiate--1,arpeggiate,stamp,mn-1-29-5-2-3
mn-1-29-5-2-4--arpeggiate--1,arpeggiate,stamp,mn-1-29-5-2-4
mn-1-29-5-2-5--arpeggiate--1,arpeggiate,stamp,mn-1-29-5-2-5
mn-1-29-5-2-6--arpeggiate--1,arpeggiate,stamp,mn-1-29-5-2-6
mn-1-29-5-2-7--arpeggiate--1,arpeggiate,stamp,mn-1-29-5-2-7
mn-1-29-5-2-8--arpeggiate--1,arpeggiate,stamp,mn-1-29-5-2-8
mn-1-29-5-2-9--arpeggiate--1,arpeggiate,stamp,mn-1-29-5-2-9
mn-1-29-5-2-10--arpeggiate--1,arpeggiate,stamp,mn-1-29-5-2-10
mn-1-29-5-2-11--arpeggiate--1,arpeggiate,stamp,mn-1-29-5-2-11
mn-1-29-5-2-12--arpeggiate--1,arpeggiate,stamp,mn-1-29-5-2-12
mn-1-29-5-2-13--arpeggiate--1,arpeggiate,stamp,mn-1-29-5-2-13
mn-1-29-5-2-14--arpeggiate--1,arpeggiate,stamp,mn-1-29-5-2-14
mn-1-29-5-2-15--arpeggiate--1,arpeggiate,stamp,mn-1-29-5-2-15
mn-1-29-5-2-16--arpeggiate--1,arpeggiate,stamp,mn-1-29-5-2-16
mn-1-29-5-2-17--arpeggiate--1,arpeggiate,stamp,mn-1-29-5-2-17
mn-1-29-5-2-18--arpeggiate--1,arpeggiate,stamp,mn-1-29-5-2-18
mn-1-29-5-2-19--arpeggiate--1,arpeggiate,stamp,mn-1-29-5-2-19
mn-1-29-5-2-20--arpeggiate--1,arpeggiate,stamp,mn-1-29-5-2-20
mn-1-29-5-2-21--arpeggiate--1,arpeggiate,stamp,mn-1-29-5-2-21
mn-1-29-5-2-22--arpeggiate--1,arpeggiate,stamp,mn-1-29-5-2-22
mn-1-29-5-2-23--arpeggiate--1,arpeggiate,stamp,mn-1-29-5-2-23
mn-1-29-5-2-24--arpeggiate--1,arpeggiate,stamp,mn-1-29-5-2-24
mn-1-29-5-2-25--arpeggiate--1,arpeggiate,stamp,mn-1-29-5-2-25
mn-1-29-5-2-26--arpeggiate--1,arpeggiate,stamp,mn-1-29-5-2-26
md-1-29-1-1,wedge,md,1
md-1-29-1-2,wedge,md,1
mn-1-30-1-1-1--staccatissimo--1,staccatissimo,derive,mn-1-30-1-1-1
mn-1-30-1-1-1--arpeggiate--1,arpeggiate,stamp,mn-1-30-1-1-1
mn-1-30-1-1-2--arpeggiate--1,arpeggiate,stamp,mn-1-30-1-1-2
mn-1-30-1-1-3--arpeggiate--1,arpeggiate,stamp,mn-1-30-1-1-3
mn-1-30-5-2-1--staccatissimo--1,staccatissimo,derive,mn-1-30-5-2-1
mn-1-30-5-2-1--arpeggiate--1,arpeggiate,stamp,mn-1-30-5-2-1
mn-1-30-5-2-2--arpeggiate--1,arpeggiate,stamp,mn-1-30-5-2-2
mn-1-30-5-2-3--arpeggiate--1,arpeggiate,stamp,mn-1-30-5-2-3
mn-1-31-5-2-1--slur--start--1,slur,stamp,mn-1-31-5-2-1
mn-1-31-5-1-1--slur--stop--1,slur,stamp,mn-1-31-5-1-1
mn-1-31-5-2-5--slur--start--1,slur,stamp,mn-1-31-5-2-5
mn-1-31-5-1-4--slur--stop--1,slur,stamp,mn-1-31-5-1-4
mn-1-31-5-2-9--slur--start--1,slur,stamp,mn-1-31-5-2-9
mn-1-31-5-1-7--slur--stop--1,slur,stamp,mn-1-31-5-1-7
mn-1-31-5-2-13--slur--start--1,slur,stamp,mn-1-31-5-2-13
mn-1-32-1-1-2--slur--start--1,slur,stamp,mn-1-32-1-1-2
mn-1-32-1-1-26--slur--stop--1,slur,stamp,mn-1-32-1-1-26
mn-1-32-5-2-1--slur--stop--1,slur,stamp,mn-1-32-5-2-1
mn-1-32-5-2-5--arpeggiate--1,arpeggiate,stamp,mn-1-32-5-2-5
mn-1-32-5-2-6--arpeggiate--1,arpeggiate,stamp,mn-1-32-5-2-6
mn-1-32-5-2-7--arpeggiate--1,arpeggiate,stamp,mn-1-32-5-2-7
mn-1-32-5-2-8--arpeggiate--1,arpeggiate,stamp,mn-1-32-5-2-8
md-1-32-1-1,pedal,md,1
mn-1-33-5-2-1--arpeggiate--1,arpeggiate,stamp,mn-1-33-5-2-1
mn-1-33-5-2-2--arpeggiate--1,arpeggiate,stamp,mn-1-33-5-2-2
mn-1-33-5-2-3--slur--start--1,slur,stamp,mn-1-33-5-2-3
mn-1-33-5-1-1--slur--stop--1,slur,stamp,mn-1-33-5-1-1
mn-1-33-5-2-7--slur--start--1,slur,stamp,mn-1-33-5-2-7
mn-1-33-5-1-4--slur--stop--1,slur,stamp,mn-1-33-5-1-4
mn-1-33-5-2-10--slur--start--1,slur,stamp,mn-1-33-5-2-10
mn-1-33-5-1-7--slur--stop--1,slur,stamp,mn-1-33-5-1-7
mn-1-33-5-2-14--slur--start--1,slur,stamp,mn-1-33-5-2-14
md-1-33-1-1,pedal,md,1
mn-1-34-1-1-2--slur--start--1,slur,stamp,mn-1-34-1-1-2
mn-1-34-1-1-20--slur--stop--1,slur,stamp,mn-1-34-1-1-20
mn-1-34-5-2-1--slur--stop--1,slur,stamp,mn-1-34-5-2-1
mn-1-34-5-2-5--arpeggiate--1,arpeggiate,stamp,mn-1-34-5-2-5
mn-1-34-5-2-6--arpeggiate--1,arpeggiate,stamp,mn-1-34-5-2-6
mn-1-34-5-2-7--arpeggiate--1,arpeggiate,stamp,mn-1-34-5-2-7
mn-1-34-5-2-8--arpeggiate--1,arpeggiate,stamp,mn-1-34-5-2-8
mn-1-34-5-2-9--arpeggiate--1,arpeggiate,stamp,mn-1-34-5-2-9
mn-1-34-5-2-10--arpeggiate--1,arpeggiate,stamp,mn-1-34-5-2-10
mn-1-34-5-2-11--arpeggiate--1,arpeggiate,stamp,mn-1-34-5-2-11
mn-1-34-5-2-12--arpeggiate--1,arpeggiate,stamp,mn-1-34-5-2-12
md-1-34-1-1,pedal,md,1
md-1-34-1-2,pedal,md,1
mn-1-35-1-1-1--slur--start--1,slur,stamp,mn-1-35-1-1-1
mn-1-35-1-2-1--slur--stop--1,slur,stamp,mn-1-35-1-2-1
mn-1-35-1-2-4--slur--start--1,slur,stamp,mn-1-35-1-2-4
mn-1-35-1-2-13--slur--stop--1,slur,stamp,mn-1-35-1-2-13
md-1-35-1-1,pedal,md,1
md-1-35-1-2,pedal,md,1
mn-1-36-1-2-4--slur--start--1,slur,stamp,mn-1-36-1-2-4
mn-1-36-1-2-10--tied--start--1,tied,stamp,mn-1-36-1-2-10
md-1-36-1-1,wedge,md,1
md-1-36-1-2,wedge,md,1
mn-1-37-1-2-1--tied--stop--1,tied,stamp,mn-1-37-1-2-1
mn-1-37-1-2-9--tied--start--1,tied,stamp,mn-1-37-1-2-9
md-1-37-1-1,wedge,md,1
md-1-37-1-2,wedge,md,1
mn-1-38-1-2-1--tied--stop--1,tied,stamp,mn-1-38-1-2-1
mn-1-38-1-2-9--slur--stop--1,slur,stamp,mn-1-38-1-2-9
md-1-38-1-1,wedge,md,1
md-1-38-1-2,wedge,md,1
mn-1-39-1-1-2--slur--start--1,slur,stamp,mn-1-39-1-1-2
mn-1-39-1-1-2--staccato--1,staccato,derive,mn-1-39-1-1-2
mn-1-39-1-1-5--staccato--1,staccato,derive,mn-1-39-1-1-5
mn-1-39-1-1-8--staccato--1,staccato,derive,mn-1-39-1-1-8
mn-1-39-1-1-11--staccato--1,staccato,derive,mn-1-39-1-1-11
mn-1-39-1-1-14--staccato--1,staccato,derive,mn-1-39-1-1-14
mn-1-39-1-1-17--staccato--1,staccato,derive,mn-1-39-1-1-17
mn-1-39-1-1-20--staccato--1,staccato,derive,mn-1-39-1-1-20
mn-1-39-5-2-4--tied--start--1,tied,stamp,mn-1-39-5-2-4
mn-1-39-5-2-5--tied--stop--1,tied,stamp,mn-1-39-5-2-5
mn-1-39-5-2-8--tied--start--1,tied,stamp,mn-1-39-5-2-8
mn-1-39-5-2-9--tied--stop--1,tied,stamp,mn-1-39-5-2-9
mn-1-39-5-2-12--tied--start--1,tied,stamp,mn-1-39-5-2-12
mn-1-39-5-2-13--tied--stop--1,tied,stamp,mn-1-39-5-2-13
mn-1-39-5-2-16--tied--start--1,tied,stamp,mn-1-39-5-2-16
md-1-39-1-1,words,md,1
md-1-39-1-2,dynamics,md,1
md-1-39-1-3,words,md,1
md-1-39-1-4,words,md,1
mn-1-40-1-1-1--staccato--1,staccato,derive,mn-1-40-1-1-1
mn-1-40-1-1-4--staccato--1,staccato,derive,mn-1-40-1-1-4
mn-1-40-1-1-7--staccato--1,staccato,derive,mn-1-40-1-1-7
mn-1-40-1-1-10--staccato--1,staccato,derive,mn-1-40-1-1-10
mn-1-40-1-1-13--staccato--1,staccato,derive,mn-1-40-1-1-13
mn-1-40-1-1-16--staccato--1,staccato,derive,mn-1-40-1-1-16
mn-1-40-1-1-19--staccato--1,staccato,derive,mn-1-40-1-1-19
mn-1-40-1-1-22--slur--stop--1,slur,stamp,mn-1-40-1-1-22
mn-1-40-1-1-22--staccato--1,staccato,derive,mn-1-40-1-1-22
mn-1-40-5-2-1--tied--stop--1,tied,stamp,mn-1-40-5-2-1
mn-1-40-5-2-4--tied--start--1,tied,stamp,mn-1-40-5-2-4
mn-1-40-5-2-5--tied--stop--1,tied,stamp,mn-1-40-5-2-5
mn-1-40-5-2-8--tied--start--1,tied,stamp,mn-1-40-5-2-8
mn-1-40-5-2-9--tied--stop--1,tied,stamp,mn-1-40-5-2-9
mn-1-40-5-2-12--tied--start--1,tied,stamp,mn-1-40-5-2-12
mn-1-40-5-2-13--tied--stop--1,tied,stamp,mn-1-40-5-2-13
mn-1-41-1-1-1--slur--start--1,slur,stamp,mn-1-41-1-1-1
mn-1-41-1-1-4--slur--stop--1,slur,stamp,mn-1-41-1-1-4
mn-1-41-1-1-4--staccato--1,staccato,derive,mn-1-41-1-1-4
mn-1-41-5-2-4--tied--start--1,tied,stamp,mn-1-41-5-2-4
mn-1-41-5-2-5--tied--stop--1,tied,stamp,mn-1-41-5-2-5
mn-1-41-5-2-8--tied--start--1,tied,stamp,mn-1-41-5-2-8
mn-1-41-5-2-9--tied--stop--1,tied,stamp,mn-1-41-5-2-9
mn-1-41-5-2-12--tied--start--1,tied,stamp,mn-1-41-5-2-12
mn-1-41-5-2-13--tied--stop--1,tied,stamp,mn-1-41-5-2-13
mn-1-41-5-2-16--tied--start--1,tied,stamp,mn-1-41-5-2-16
md-1-41-1-1,octave-shift,md,1
md-1-41-1-2,octave-shift,md,1
mn-1-42-5-2-1--tied--stop--1,tied,stamp,mn-1-42-5-2-1
mn-1-42-5-2-4--tied--start--1,tied,stamp,mn-1-42-5-2-4
mn-1-42-5-2-5--tied--stop--1,tied,stamp,mn-1-42-5-2-5
mn-1-42-5-2-8--tied--start--1,tied,stamp,mn-1-42-5-2-8
mn-1-42-5-2-9--tied--stop--1,tied,stamp,mn-1-42-5-2-9
mn-1-42-5-2-12--tied--start--1,tied,stamp,mn-1-42-5-2-12
mn-1-42-5-2-13--tied--stop--1,tied,stamp,mn-1-42-5-2-13
mn-1-43-1-1-2--slur--start--1,slur,stamp,mn-1-43-1-1-2
mn-1-43-1-1-2--staccato--1,staccato,derive,mn-1-43-1-1-2
mn-1-43-1-1-5--staccato--1,staccato,derive,mn-1-43-1-1-5
mn-1-43-1-1-8--staccato--1,staccato,derive,mn-1-43-1-1-8
mn-1-43-1-1-11--staccato--1,staccato,derive,mn-1-43-1-1-11
mn-1-43-1-1-14--staccato--1,staccato,derive,mn-1-43-1-1-14
mn-1-43-1-1-17--staccato--1,staccato,derive,mn-1-43-1-1-17
mn-1-43-1-1-20--staccato--1,staccato,derive,mn-1-43-1-1-20
mn-1-43-5-2-4--tied--start--1,tied,stamp,mn-1-43-5-2-4
mn-1-43-5-2-5--tied--stop--1,tied,stamp,mn-1-43-5-2-5
mn-1-43-5-2-8--tied--start--1,tied,stamp,mn-1-43-5-2-8
mn-1-43-5-2-9--tied--stop--1,tied,stamp,mn-1-43-5-2-9
mn-1-43-5-2-12--tied--start--1,tied,stamp,mn-1-43-5-2-12
mn-1-43-5-2-13--tied--stop--1,tied,stamp,mn-1-43-5-2-13
mn-1-43-5-2-16--tied--start--1,tied,stamp,mn-1-43-5-2-16
md-1-43-1-1,dynamics,md,1
md-1-43-1-2,words,md,1
mn-1-44-1-1-1--staccato--1,staccato,derive,mn-1-44-1-1-1
mn-1-44-1-1-4--staccato--1,staccato,derive,mn-1-44-1-1-4
mn-1-44-1-1-7--staccato--1,staccato,derive,mn-1-44-1-1-7
mn-1-44-1-1-10--staccato--1,staccato,derive,mn-1-44-1-1-10
mn-1-44-1-1-13--staccato--1,staccato,derive,mn-1-44-1-1-13
mn-1-44-1-1-16--staccato--1,staccato,derive,mn-1-44-1-1-16
mn-1-44-1-1-19--staccato--1,staccato,derive,mn-1-44-1-1-19
mn-1-44-1-1-22--slur--stop--1,slur,stamp,mn-1-44-1-1-22
mn-1-44-1-1-22--staccato--1,staccato,derive,mn-1-44-1-1-22
mn-1-44-5-2-1--tied--stop--1,tied,stamp,mn-1-44-5-2-1
mn-1-44-5-2-4--tied--start--1,tied,stamp,mn-1-44-5-2-4
mn-1-44-5-2-5--tied--stop--1,tied,stamp,mn-1-44-5-2-5
mn-1-44-5-2-8--tied--start--1,tied,stamp,mn-1-44-5-2-8
mn-1-44-5-2-9--tied--stop--1,tied,stamp,mn-1-44-5-2-9
mn-1-44-5-2-12--tied--start--1,tied,stamp,mn-1-44-5-2-12
mn-1-44-5-2-13--tied--stop--1,tied,stamp,mn-1-44-5-2-13
mn-1-45-1-1-1--slur--start--1,slur,stamp,mn-1-45-1-1-1
mn-1-45-1-1-4--slur--stop--1,slur,stamp,mn-1-45-1-1-4
mn-1-45-1-1-4--staccato--1,staccato,derive,mn-1-45-1-1-4
mn-1-45-5-2-4--tied--start--1,tied,stamp,mn-1-45-5-2-4
mn-1-45-5-2-5--tied--stop--1,tied,stamp,mn-1-45-5-2-5
mn-1-45-5-2-8--tied--start--1,tied,stamp,mn-1-45-5-2-8
mn-1-45-5-2-9--tied--stop--1,tied,stamp,mn-1-45-5-2-9
mn-1-45-5-2-12--tied--start--1,tied,stamp,mn-1-45-5-2-12
mn-1-45-5-2-13--tied--stop--1,tied,stamp,mn-1-45-5-2-13
mn-1-45-5-2-16--tied--start--1,tied,stamp,mn-1-45-5-2-16
md-1-45-1-1,octave-shift,md,1
mn-1-46-5-2-1--tied--stop--1,tied,stamp,mn-1-46-5-2-1
mn-1-46-5-2-4--tied--start--1,tied,stamp,mn-1-46-5-2-4
mn-1-46-5-2-5--tied--stop--1,tied,stamp,mn-1-46-5-2-5
mn-1-46-5-2-8--tied--start--1,tied,stamp,mn-1-46-5-2-8
mn-1-46-5-2-9--tied--stop--1,tied,stamp,mn-1-46-5-2-9
mn-1-46-5-2-12--tied--start--1,tied,stamp,mn-1-46-5-2-12
mn-1-46-5-2-13--tied--stop--1,tied,stamp,mn-1-46-5-2-13
mn-1-47-5-2-4--tied--start--1,tied,stamp,mn-1-47-5-2-4
mn-1-47-5-2-5--tied--stop--1,tied,stamp,mn-1-47-5-2-5
mn-1-47-5-2-8--tied--start--1,tied,stamp,mn-1-47-5-2-8
mn-1-47-5-2-9--tied--stop--1,tied,stamp,mn-1-47-5-2-9
mn-1-47-5-2-12--tied--start--1,tied,stamp,mn-1-47-5-2-12
mn-1-47-5-2-13--tied--stop--1,tied,stamp,mn-1-47-5-2-13
mn-1-47-5-2-16--tied--start--1,tied,stamp,mn-1-47-5-2-16
md-1-47-1-1,wedge,md,1
mn-1-48-5-2-1--tied--stop--1,tied,stamp,mn-1-48-5-2-1
mn-1-48-5-2-4--tied--start--1,tied,stamp,mn-1-48-5-2-4
mn-1-48-5-2-5--tied--stop--1,tied,stamp,mn-1-48-5-2-5
mn-1-48-5-2-8--tied--start--1,tied,stamp,mn-1-48-5-2-8
mn-1-48-5-2-9--tied--stop--1,tied,stamp,mn-1-48-5-2-9
mn-1-48-5-2-12--tied--start--1,tied,stamp,mn-1-48-5-2-12
mn-1-48-5-2-13--tied--stop--1,tied,stamp,mn-1-48-5-2-13
md-1-48-1-1,wedge,md,1
md-1-48-1-2,octave-shift,md,1
md-1-48-1-3,wedge,md,1
md-1-48-1-4,wedge,md,1
md-1-48-2-1,words,md,2
mn-1-49-1-1-1--strong-accent--1,strong-accent,derive,mn-1-49-1-1-1
mn-1-49-1-1-5--strong-accent--1,strong-accent,derive,mn-1-49-1-1-5
mn-1-49-5-2-4--tied--start--1,tied,stamp,mn-1-49-5-2-4
mn-1-49-5-2-5--tied--stop--1,tied,stamp,mn-1-49-5-2-5
mn-1-49-5-2-12--tied--start--1,tied,stamp,mn-1-49-5-2-12
mn-1-49-5-2-13--tied--stop--1,tied,stamp,mn-1-49-5-2-13
md-1-49-1-1,dynamics,md,1
mn-1-50-1-1-1--strong-accent--1,strong-accent,derive,mn-1-50-1-1-1
md-1-50-1-1,dynamics,md,1
md-1-51-1-1,words,md,1
mn-1-52-1-1-14--slur--start--1,slur,stamp,mn-1-52-1-1-14
mn-1-52-1-1-17--slur--stop--1,slur,stamp,mn-1-52-1-1-17
md-1-52-1-1,octave-shift,md,1
md-1-52-1-2,wedge,md,1
md-1-52-1-3,wedge,md,1
mn-1-54-5-2-13--tied--start--1,tied,stamp,mn-1-54-5-2-13
mn-1-54-5-2-14--tied--stop--1,tied,stamp,mn-1-54-5-2-14
mn-1-54-5-2-17--tied--start--1,tied,stamp,mn-1-54-5-2-17
md-1-54-1-1,wedge,md,1
md-1-54-1-2,wedge,md,1
mn-1-55-5-2-1--tied--stop--1,tied,stamp,mn-1-55-5-2-1
mn-1-55-5-2-4--tied--start--1,tied,stamp,mn-1-55-5-2-4
mn-1-55-5-2-5--tied--stop--1,tied,stamp,mn-1-55-5-2-5
mn-1-55-5-2-8--tied--start--1,tied,stamp,mn-1-55-5-2-8
mn-1-55-5-2-9--tied--stop--1,tied,stamp,mn-1-55-5-2-9
mn-1-55-5-2-12--tied--start--1,tied,stamp,mn-1-55-5-2-12
mn-1-55-5-2-13--tied--stop--1,tied,stamp,mn-1-55-5-2-13
mn-1-55-5-2-16--tied--start--1,tied,stamp,mn-1-55-5-2-16
md-1-55-1-1,wedge,md,1
mn-1-56-5-2-1--tied--stop--1,tied,stamp,mn-1-56-5-2-1
mn-1-56-5-2-4--tied--start--1,tied,stamp,mn-1-56-5-2-4
mn-1-56-5-2-5--tied--stop--1,tied,stamp,mn-1-56-5-2-5
mn-1-56-5-2-8--tied--start--1,tied,stamp,mn-1-56-5-2-8
mn-1-56-5-2-9--tied--stop--1,tied,stamp,mn-1-56-5-2-9
mn-1-56-5-2-12--tied--start--1,tied,stamp,mn-1-56-5-2-12
mn-1-56-5-2-13--tied--stop--1,tied,stamp,mn-1-56-5-2-13
mn-1-56-5-2-16--tied--start--1,tied,stamp,mn-1-56-5-2-16
md-1-56-1-1,wedge,md,1
mn-1-57-5-2-1--tied--stop--1,tied,stamp,mn-1-57-5-2-1
mn-1-57-5-2-4--tied--start--1,tied,stamp,mn-1-57-5-2-4
mn-1-57-5-2-5--tied--stop--1,tied,stamp,mn-1-57-5-2-5
mn-1-57-5-2-8--tied--start--1,tied,stamp,mn-1-57-5-2-8
mn-1-57-5-2-9--tied--stop--1,tied,stamp,mn-1-57-5-2-9
mn-1-57-5-2-12--tied--start--1,tied,stamp,mn-1-57-5-2-12
mn-1-57-5-2-13--tied--stop--1,tied,stamp,mn-1-57-5-2-13
mn-1-57-5-2-16--tied--start--1,tied,stamp,mn-1-57-5-2-16
md-1-57-2-1,dynamics,md,2
mn-1-58-1-1-3--staccato--1,staccato,derive,mn-1-58-1-1-3
mn-1-58-1-1-4--staccato--1,staccato,derive,mn-1-58-1-1-4
mn-1-58-1-1-5--staccato--1,staccato,derive,mn-1-58-1-1-5
mn-1-58-5-2-1--tied--stop--1,tied,stamp,mn-1-58-5-2-1
mn-1-58-5-2-1--slur--start--1,slur,stamp,mn-1-58-5-2-1
mn-1-58-5-2-2--staccato--1,staccato,derive,mn-1-58-5-2-2
mn-1-58-5-2-3--slur--stop--1,slur,stamp,mn-1-58-5-2-3
mn-1-58-5-2-3--staccato--1,staccato,derive,mn-1-58-5-2-3
md-1-58-2-1,dynamics,md,2
mn-1-59-1-1-1--fermata--upright--1,fermata,stamp,mn-1-59-1-1-1
mn-1-59-1-2-1--slur--start--1,slur,stamp,mn-1-59-1-2-1
mn-1-59-1-2-8--slur--stop--1,slur,stamp,mn-1-59-1-2-8
mn-1-59-5-2-1--fermata--upright--1,fermata,stamp,mn-1-59-5-2-1
md-1-59-1-1,words,md,1
md-1-59-1-2,wedge,md,1
md-1-59-1-3,wedge,md,1
mn-1-60-1-1-1--tenuto--1,tenuto,derive,mn-1-60-1-1-1
mn-1-60-1-1-2--tenuto--1,tenuto,derive,mn-1-60-1-1-2
mn-1-60-5-2-2--arpeggiate--1,arpeggiate,stamp,mn-1-60-5-2-2
mn-1-60-5-2-3--arpeggiate--1,arpeggiate,stamp,mn-1-60-5-2-3
mn-1-60-5-2-4--arpeggiate--1,arpeggiate,stamp,mn-1-60-5-2-4
mn-1-60-5-1-1--arpeggiate--1,arpeggiate,stamp,mn-1-60-5-1-1
mn-1-60-5-1-2--arpeggiate--1,arpeggiate,stamp,mn-1-60-5-1-2
mn-1-60-5-1-3--arpeggiate--1,arpeggiate,stamp,mn-1-60-5-1-3
mn-1-60-5-2-7--arpeggiate--1,arpeggiate,stamp,mn-1-60-5-2-7
mn-1-60-5-2-8--arpeggiate--1,arpeggiate,stamp,mn-1-60-5-2-8
mn-1-60-5-2-9--arpeggiate--1,arpeggiate,stamp,mn-1-60-5-2-9
mn-1-60-5-1-4--arpeggiate--1,arpeggiate,stamp,mn-1-60-5-1-4
mn-1-60-5-1-5--arpeggiate--1,arpeggiate,stamp,mn-1-60-5-1-5
mn-1-60-5-1-6--arpeggiate--1,arpeggiate,stamp,mn-1-60-5-1-6
md-1-60-1-1,words,md,1
md-1-60-2-1,words,md,2
mn-1-61-1-1-1--tenuto--1,tenuto,derive,mn-1-61-1-1-1
mn-1-61-2-1-1--arpeggiate--1,arpeggiate,stamp,mn-1-61-2-1-1
mn-1-61-2-1-2--arpeggiate--1,arpeggiate,stamp,mn-1-61-2-1-2
mn-1-61-2-1-3--arpeggiate--1,arpeggiate,stamp,mn-1-61-2-1-3
mn-1-61-5-2-2--arpeggiate--1,arpeggiate,stamp,mn-1-61-5-2-2
mn-1-61-5-2-3--arpeggiate--1,arpeggiate,stamp,mn-1-61-5-2-3
mn-1-61-5-2-4--arpeggiate--1,arpeggiate,stamp,mn-1-61-5-2-4
mn-1-61-5-1-1--arpeggiate--1,arpeggiate,stamp,mn-1-61-5-1-1
mn-1-61-5-1-2--arpeggiate--1,arpeggiate,stamp,mn-1-61-5-1-2
mn-1-61-5-1-3--arpeggiate--1,arpeggiate,stamp,mn-1-61-5-1-3
mn-1-61-5-2-7--arpeggiate--1,arpeggiate,stamp,mn-1-61-5-2-7
mn-1-61-5-2-8--arpeggiate--1,arpeggiate,stamp,mn-1-61-5-2-8
mn-1-61-5-2-9--arpeggiate--1,arpeggiate,stamp,mn-1-61-5-2-9
mn-1-62-1-1-4--accent--1,accent,derive,mn-1-62-1-1-4
mn-1-62-5-2-2--arpeggiate--1,arpeggiate,stamp,mn-1-62-5-2-2
mn-1-62-5-2-3--arpeggiate--1,arpeggiate,stamp,mn-1-62-5-2-3
mn-1-62-5-2-4--arpeggiate--1,arpeggiate,stamp,mn-1-62-5-2-4
mn-1-62-5-1-1--arpeggiate--1,arpeggiate,stamp,mn-1-62-5-1-1
mn-1-62-5-1-2--arpeggiate--1,arpeggiate,stamp,mn-1-62-5-1-2
mn-1-62-5-1-3--arpeggiate--1,arpeggiate,stamp,mn-1-62-5-1-3
mn-1-62-5-2-7--arpeggiate--1,arpeggiate,stamp,mn-1-62-5-2-7
mn-1-62-5-2-8--arpeggiate--1,arpeggiate,stamp,mn-1-62-5-2-8
mn-1-62-5-2-9--arpeggiate--1,arpeggiate,stamp,mn-1-62-5-2-9
mn-1-62-5-1-4--arpeggiate--1,arpeggiate,stamp,mn-1-62-5-1-4
mn-1-62-5-1-5--arpeggiate--1,arpeggiate,stamp,mn-1-62-5-1-5
mn-1-62-5-1-6--arpeggiate--1,arpeggiate,stamp,mn-1-62-5-1-6
mn-1-63-5-2-2--arpeggiate--1,arpeggiate,stamp,mn-1-63-5-2-2
mn-1-63-5-2-3--arpeggiate--1,arpeggiate,stamp,mn-1-63-5-2-3
mn-1-63-5-2-4--arpeggiate--1,arpeggiate,stamp,mn-1-63-5-2-4
mn-1-63-5-1-1--arpeggiate--1,arpeggiate,stamp,mn-1-63-5-1-1
mn-1-63-5-1-2--arpeggiate--1,arpeggiate,stamp,mn-1-63-5-1-2
mn-1-63-5-1-3--arpeggiate--1,arpeggiate,stamp,mn-1-63-5-1-3
mn-1-64-5-2-2--arpeggiate--1,arpeggiate,stamp,mn-1-64-5-2-2
mn-1-64-5-2-3--arpeggiate--1,arpeggiate,stamp,mn-1-64-5-2-3
mn-1-64-5-2-4--arpeggiate--1,arpeggiate,stamp,mn-1-64-5-2-4
mn-1-64-5-1-1--arpeggiate--1,arpeggiate,stamp,mn-1-64-5-1-1
mn-1-64-5-1-2--arpeggiate--1,arpeggiate,stamp,mn-1-64-5-1-2
mn-1-64-5-1-3--arpeggiate--1,arpeggiate,stamp,mn-1-64-5-1-3
mn-1-64-5-2-7--arpeggiate--1,arpeggiate,stamp,mn-1-64-5-2-7
mn-1-64-5-2-8--arpeggiate--1,arpeggiate,stamp,mn-1-64-5-2-8
mn-1-64-5-2-9--arpeggiate--1,arpeggiate,stamp,mn-1-64-5-2-9
mn-1-64-5-1-4--arpeggiate--1,arpeggiate,stamp,mn-1-64-5-1-4
mn-1-64-5-1-5--arpeggiate--1,arpeggiate,stamp,mn-1-64-5-1-5
md-1-64-1-1,wedge,md,1
md-1-64-1-2,wedge,md,1
mn-1-65-5-2-2--arpeggiate--1,arpeggiate,stamp,mn-1-65-5-2-2
mn-1-65-5-2-3--arpeggiate--1,arpeggiate,stamp,mn-1-65-5-2-3
mn-1-65-5-2-4--arpeggiate--1,arpeggiate,stamp,mn-1-65-5-2-4
mn-1-65-5-2-5--arpeggiate--1,arpeggiate,stamp,mn-1-65-5-2-5
mn-1-65-5-1-1--arpeggiate--1,arpeggiate,stamp,mn-1-65-5-1-1
mn-1-65-5-1-2--arpeggiate--1,arpeggiate,stamp,mn-1-65-5-1-2
mn-1-66-5-2-2--arpeggiate--1,arpeggiate,stamp,mn-1-66-5-2-2
mn-1-66-5-2-3--arpeggiate--1,arpeggiate,stamp,mn-1-66-5-2-3
mn-1-66-5-2-4--arpeggiate--1,arpeggiate,stamp,mn-1-66-5-2-4
mn-1-66-5-1-1--arpeggiate--1,arpeggiate,stamp,mn-1-66-5-1-1
mn-1-66-5-1-2--arpeggiate--1,arpeggiate,stamp,mn-1-66-5-1-2
mn-1-66-5-1-3--arpeggiate--1,arpeggiate,stamp,mn-1-66-5-1-3
mn-1-66-5-2-7--arpeggiate--1,arpeggiate,stamp,mn-1-66-5-2-7
mn-1-66-5-2-8--arpeggiate--1,arpeggiate,stamp,mn-1-66-5-2-8
mn-1-66-5-2-9--arpeggiate--1,arpeggiate,stamp,mn-1-66-5-2-9
mn-1-66-5-2-10--arpeggiate--1,arpeggiate,stamp,mn-1-66-5-2-10
mn-1-66-5-1-4--arpeggiate--1,arpeggiate,stamp,mn-1-66-5-1-4
mn-1-66-5-1-5--arpeggiate--1,arpeggiate,stamp,mn-1-66-5-1-5
md-1-66-1-1,wedge,md,1
md-1-66-1-2,wedge,md,1
md-1-66-2-1,words,md,2
mn-1-67-1-1-2--slur--start--1,slur,stamp,mn-1-67-1-1-2
mn-1-67-1-1-3--slur--stop--1,slur,stamp,mn-1-67-1-1-3
mn-1-67-5-2-2--arpeggiate--1,arpeggiate,stamp,mn-1-67-5-2-2
mn-1-67-5-2-3--arpeggiate--1,arpeggiate,stamp,mn-1-67-5-2-3
mn-1-67-5-2-4--arpeggiate--1,arpeggiate,stamp,mn-1-67-5-2-4
mn-1-67-5-2-5--arpeggiate--1,arpeggiate,stamp,mn-1-67-5-2-5
mn-1-67-5-1-1--arpeggiate--1,arpeggiate,stamp,mn-1-67-5-1-1
mn-1-67-5-1-2--arpeggiate--1,arpeggiate,stamp,mn-1-67-5-1-2
md-1-67-1-1,wedge,md,1
md-1-67-1-2,wedge,md,1
mn-1-68-5-2-2--arpeggiate--1,arpeggiate,stamp,mn-1-68-5-2-2
mn-1-68-5-2-3--arpeggiate--1,arpeggiate,stamp,mn-1-68-5-2-3
mn-1-68-5-2-4--arpeggiate--1,arpeggiate,stamp,mn-1-68-5-2-4
mn-1-68-5-1-1--arpeggiate--1,arpeggiate,stamp,mn-1-68-5-1-1
mn-1-68-5-1-2--arpeggiate--1,arpeggiate,stamp,mn-1-68-5-1-2
mn-1-68-5-2-7--arpeggiate--1,arpeggiate,stamp,mn-1-68-5-2-7
mn-1-68-5-2-8--arpeggiate--1,arpeggiate,stamp,mn-1-68-5-2-8
mn-1-68-5-2-9--arpeggiate--1,arpeggiate,stamp,mn-1-68-5-2-9
mn-1-68-5-1-3--arpeggiate--1,arpeggiate,stamp,mn-1-68-5-1-3
mn-1-68-5-1-4--arpeggiate--1,arpeggiate,stamp,mn-1-68-5-1-4
mn-1-68-5-1-5--arpeggiate--1,arpeggiate,stamp,mn-1-68-5-1-5
md-1-68-1-1,dynamics,md,1
mn-1-69-1-1-1--tied--start--1,tied,stamp,mn-1-69-1-1-1
mn-1-69-1-1-1--accent--1,accent,derive,mn-1-69-1-1-1
mn-1-69-1-1-2--tied--stop--1,tied,stamp,mn-1-69-1-1-2
mn-1-69-1-1-2--slur--start--1,slur,stamp,mn-1-69-1-1-2
mn-1-69-1-1-5--slur--stop--1,slur,stamp,mn-1-69-1-1-5
mn-1-69-5-2-2--arpeggiate--1,arpeggiate,stamp,mn-1-69-5-2-2
mn-1-69-5-2-3--arpeggiate--1,arpeggiate,stamp,mn-1-69-5-2-3
mn-1-69-5-1-1--arpeggiate--1,arpeggiate,stamp,mn-1-69-5-1-1
mn-1-69-5-1-2--arpeggiate--1,arpeggiate,stamp,mn-1-69-5-1-2
mn-1-70-1-1-1--strong-accent--1,strong-accent,derive,mn-1-70-1-1-1
mn-1-70-1-1-3--slur--start--1,slur,stamp,mn-1-70-1-1-3
mn-1-70-1-1-4--slur--stop--1,slur,stamp,mn-1-70-1-1-4
mn-1-70-5-2-2--arpeggiate--1,arpeggiate,stamp,mn-1-70-5-2-2
mn-1-70-5-2-3--arpeggiate--1,arpeggiate,stamp,mn-1-70-5-2-3
mn-1-70-5-2-4--arpeggiate--1,arpeggiate,stamp,mn-1-70-5-2-4
mn-1-70-5-1-1--arpeggiate--1,arpeggiate,stamp,mn-1-70-5-1-1
mn-1-70-5-1-2--arpeggiate--1,arpeggiate,stamp,mn-1-70-5-1-2
md-1-70-1-1,wedge,md,1
md-1-70-1-2,wedge,md,1
mn-1-71-1-1-1--tied--start--1,tied,stamp,mn-1-71-1-1-1
mn-1-71-1-1-2--tied--stop--1,tied,stamp,mn-1-71-1-1-2
mn-1-71-1-1-2--slur--start--1,slur,stamp,mn-1-71-1-1-2
mn-1-71-1-1-5--slur--stop--1,slur,stamp,mn-1-71-1-1-5
mn-1-71-5-2-2--arpeggiate--1,arpeggiate,stamp,mn-1-71-5-2-2
mn-1-71-5-2-3--arpeggiate--1,arpeggiate,stamp,mn-1-71-5-2-3
mn-1-71-5-1-1--arpeggiate--1,arpeggiate,stamp,mn-1-71-5-1-1
mn-1-71-5-1-2--arpeggiate--1,arpeggiate,stamp,mn-1-71-5-1-2
md-1-71-1-1,wedge,md,1
md-1-71-1-2,wedge,md,1
mn-1-72-5-2-2--arpeggiate--1,arpeggiate,stamp,mn-1-72-5-2-2
mn-1-72-5-2-3--arpeggiate--1,arpeggiate,stamp,mn-1-72-5-2-3
mn-1-72-5-2-4--arpeggiate--1,arpeggiate,stamp,mn-1-72-5-2-4
mn-1-72-5-2-5--arpeggiate--1,arpeggiate,stamp,mn-1-72-5-2-5
mn-1-72-5-2-8--arpeggiate--1,arpeggiate,stamp,mn-1-72-5-2-8
mn-1-72-5-2-9--arpeggiate--1,arpeggiate,stamp,mn-1-72-5-2-9
mn-1-72-5-2-10--arpeggiate--1,arpeggiate,stamp,mn-1-72-5-2-10
mn-1-72-5-2-11--arpeggiate--1,arpeggiate,stamp,mn-1-72-5-2-11
md-1-72-1-1,dynamics,md,1
mn-1-73-1-1-1--accent--1,accent,derive,mn-1-73-1-1-1
mn-1-73-2-1-2--arpeggiate--1,arpeggiate,stamp,mn-1-73-2-1-2
mn-1-73-2-1-3--arpeggiate--1,arpeggiate,stamp,mn-1-73-2-1-3
mn-1-73-5-2-2--arpeggiate--1,arpeggiate,stamp,mn-1-73-5-2-2
mn-1-73-5-2-3--arpeggiate--1,arpeggiate,stamp,mn-1-73-5-2-3
mn-1-73-5-2-4--arpeggiate--1,arpeggiate,stamp,mn-1-73-5-2-4
mn-1-73-5-2-5--arpeggiate--1,arpeggiate,stamp,mn-1-73-5-2-5
mn-1-74-1-1-1--slur--start--1,slur,stamp,mn-1-74-1-1-1
mn-1-74-1-1-5--slur--stop--1,slur,stamp,mn-1-74-1-1-5
mn-1-74-5-2-2--arpeggiate--1,arpeggiate,stamp,mn-1-74-5-2-2
mn-1-74-5-2-3--arpeggiate--1,arpeggiate,stamp,mn-1-74-5-2-3
mn-1-74-5-2-4--arpeggiate--1,arpeggiate,stamp,mn-1-74-5-2-4
mn-1-74-5-1-1--arpeggiate--1,arpeggiate,stamp,mn-1-74-5-1-1
mn-1-74-5-1-2--arpeggiate--1,arpeggiate,stamp,mn-1-74-5-1-2
mn-1-74-5-2-7--arpeggiate--1,arpeggiate,stamp,mn-1-74-5-2-7
mn-1-74-5-2-8--arpeggiate--1,arpeggiate,stamp,mn-1-74-5-2-8
mn-1-74-5-1-3--arpeggiate--1,arpeggiate,stamp,mn-1-74-5-1-3
mn-1-74-5-1-4--arpeggiate--1,arpeggiate,stamp,mn-1-74-5-1-4
md-1-74-1-1,wedge,md,1
md-1-74-1-2,wedge,md,1
mn-1-75-1-1-1--slur--start--1,slur,stamp,mn-1-75-1-1-1
mn-1-75-1-1-4--slur--stop--1,slur,stamp,mn-1-75-1-1-4
mn-1-75-5-2-2--arpeggiate--1,arpeggiate,stamp,mn-1-75-5-2-2
mn-1-75-5-2-3--arpeggiate--1,arpeggiate,stamp,mn-1-75-5-2-3
mn-1-75-5-1-1--arpeggiate--1,arpeggiate,stamp,mn-1-75-5-1-1
mn-1-75-5-1-2--arpeggiate--1,arpeggiate,stamp,mn-1-75-5-1-2
mn-1-76-1-1-1--strong-accent--1,strong-accent,derive,mn-1-76-1-1-1
mn-1-76-1-1-2--slur--start--1,slur,stamp,mn-1-76-1-1-2
mn-1-76-1-1-2--accent--1,accent,derive,mn-1-76-1-1-2
mn-1-76-1-1-3--slur--stop--1,slur,stamp,mn-1-76-1-1-3
mn-1-76-2-1-2--arpeggiate--1,arpeggiate,stamp,mn-1-76-2-1-2
mn-1-76-2-1-3--arpeggiate--1,arpeggiate,stamp,mn-1-76-2-1-3
mn-1-76-5-2-2--tuplet--start--1,tuplet,stamp,mn-1-76-5-2-2
mn-1-76-5-2-4--tuplet--stop--1,tuplet,stamp,mn-1-76-5-2-4
mn-1-76-5-2-5--arpeggiate--1,arpeggiate,stamp,mn-1-76-5-2-5
mn-1-76-5-2-6--arpeggiate--1,arpeggiate,stamp,mn-1-76-5-2-6
mn-1-77-1-1-1--strong-accent--1,strong-accent,derive,mn-1-77-1-1-1
mn-1-77-1-1-2--slur--start--1,slur,stamp,mn-1-77-1-1-2
mn-1-77-1-1-2--accent--1,accent,derive,mn-1-77-1-1-2
mn-1-77-1-1-3--slur--stop--1,slur,stamp,mn-1-77-1-1-3
mn-1-77-2-1-2--arpeggiate--1,arpeggiate,stamp,mn-1-77-2-1-2
mn-1-77-2-1-3--arpeggiate--1,arpeggiate,stamp,mn-1-77-2-1-3
mn-1-77-5-2-2--tuplet--start--1,tuplet,stamp,mn-1-77-5-2-2
mn-1-77-5-2-4--tuplet--stop--1,tuplet,stamp,mn-1-77-5-2-4
mn-1-77-5-2-5--arpeggiate--1,arpeggiate,stamp,mn-1-77-5-2-5
mn-1-77-5-2-6--arpeggiate--1,arpeggiate,stamp,mn-1-77-5-2-6
mn-1-78-1-1-2--slur--start--1,slur,stamp,mn-1-78-1-1-2
mn-1-78-1-1-2--accent--1,accent,derive,mn-1-78-1-1-2
mn-1-78-2-1-2--arpeggiate--1,arpeggiate,stamp,mn-1-78-2-1-2
mn-1-78-2-1-3--arpeggiate--1,arpeggiate,stamp,mn-1-78-2-1-3
mn-1-78-5-2-2--tuplet--start--1,tuplet,stamp,mn-1-78-5-2-2
mn-1-78-5-2-4--tuplet--stop--1,tuplet,stamp,mn-1-78-5-2-4
mn-1-78-5-2-5--arpeggiate--1,arpeggiate,stamp,mn-1-78-5-2-5
mn-1-78-5-2-6--arpeggiate--1,arpeggiate,stamp,mn-1-78-5-2-6
mn-1-79-1-1-5--tuplet--start--1,tuplet,stamp,mn-1-79-1-1-5
mn-1-79-1-1-7--tuplet--stop--1,tuplet,stamp,mn-1-79-1-1-7
mn-1-79-1-1-8--tuplet--start--1,tuplet,stamp,mn-1-79-1-1-8
mn-1-79-1-1-10--tuplet--stop--1,tuplet,stamp,mn-1-79-1-1-10
mn-1-79-1-1-10--slur--stop--1,slur,stamp,mn-1-79-1-1-10
mn-1-79-2-1-1--tuplet--start--1,tuplet,stamp,mn-1-79-2-1-1
mn-1-79-2-1-3--tuplet--stop--1,tuplet,stamp,mn-1-79-2-1-3
mn-1-79-5-2-3--tuplet--start--1,tuplet,stamp,mn-1-79-5-2-3
mn-1-79-5-2-4--slur--start--1,slur,stamp,mn-1-79-5-2-4
mn-1-79-5-2-6--tuplet--stop--1,tuplet,stamp,mn-1-79-5-2-6
mn-1-79-5-2-6--slur--stop--1,slur,stamp,mn-1-79-5-2-6
mn-1-80-1-1-1--detached-legato--1,detached-legato,derive,mn-1-80-1-1-1
mn-1-80-1-1-10--arpeggiate--1,arpeggiate,stamp,mn-1-80-1-1-10
mn-1-80-1-1-11--arpeggiate--1,arpeggiate,stamp,mn-1-80-1-1-11
mn-1-80-1-1-12--arpeggiate--1,arpeggiate,stamp,mn-1-80-1-1-12
mn-1-80-5-2-1--detached-legato--1,detached-legato,derive,mn-1-80-5-2-1
mn-1-80-5-2-7--strong-accent--1,strong-accent,derive,mn-1-80-5-2-7
md-1-80-2-1,dynamics,md,2
mn-1-81-5-2-1--staccatissimo--1,staccatissimo,derive,mn-1-81-5-2-1
mn-1-81-5-2-1--strong-accent--1,strong-accent,derive,mn-1-81-5-2-1
mn-1-81-5-2-4--tuplet--start--1,tuplet,stamp,mn-1-81-5-2-4
mn-1-81-5-2-24--tuplet--stop--1,tuplet,stamp,mn-1-81-5-2-24
mn-1-81-5-2-28--staccatissimo--1,staccatissimo,derive,mn-1-81-5-2-28
md-1-81-1-1,dynamics,md,1
md-1-81-1-2,words,md,1
md-1-81-1-3,words,md,1
mn-1-82-5-2-1--staccatissimo--1,staccatissimo,derive,mn-1-82-5-2-1
mn-1-82-5-2-1--strong-accent--1,strong-accent,derive,mn-1-82-5-2-1
mn-1-82-5-2-4--tuplet--start--1,tuplet,stamp,mn-1-82-5-2-4
mn-1-82-5-2-24--tuplet--stop--1,tuplet,stamp,mn-1-82-5-2-24
mn-1-82-5-2-28--staccatissimo--1,staccatissimo,derive,mn-1-82-5-2-28
md-1-82-1-1,wedge,md,1
md-1-82-1-2,octave-shift,md,1
md-1-82-1-3,wedge,md,1
mn-1-83-1-1-1--strong-accent--1,strong-accent,derive,mn-1-83-1-1-1
mn-1-83-1-1-5--staccatissimo--1,staccatissimo,derive,mn-1-83-1-1-5
mn-1-83-5-2-1--tuplet--start--1,tuplet,stamp,mn-1-83-5-2-1
mn-1-83-5-2-6--tuplet--stop--1,tuplet,stamp,mn-1-83-5-2-6
mn-1-83-5-2-7--tuplet--start--1,tuplet,stamp,mn-1-83-5-2-7
mn-1-83-5-2-12--tuplet--stop--1,tuplet,stamp,mn-1-83-5-2-12
mn-1-83-6-2-1--tuplet--start--1,tuplet,stamp,mn-1-83-6-2-1
mn-1-83-6-2-6--tuplet--stop--1,tuplet,stamp,mn-1-83-6-2-6
md-1-83-1-1,wedge,md,1
md-1-83-1-2,wedge,md,1
md-1-83-1-3,octave-shift,md,1
md-1-83-2-1,dynamics,md,2
mn-1-84-1-1-1--slur--start--1,slur,stamp,mn-1-84-1-1-1
mn-1-84-1-1-1--strong-accent--1,strong-accent,derive,mn-1-84-1-1-1
mn-1-84-1-1-5--slur--stop--1,slur,stamp,mn-1-84-1-1-5
mn-1-84-1-1-5--staccatissimo--1,staccatissimo,derive,mn-1-84-1-1-5
mn-1-84-5-2-1--tuplet--start--1,tuplet,stamp,mn-1-84-5-2-1
mn-1-84-5-2-6--tuplet--stop--1,tuplet,stamp,mn-1-84-5-2-6
mn-1-84-5-2-8--staccatissimo--1,staccatissimo,derive,mn-1-84-5-2-8
mn-1-84-5-2-10--staccatissimo--1,staccatissimo,derive,mn-1-84-5-2-10
mn-1-84-5-2-12--staccatissimo--1,staccatissimo,derive,mn-1-84-5-2-12
mn-1-84-6-2-1--tuplet--start--1,tuplet,stamp,mn-1-84-6-2-1
mn-1-84-6-2-3--tuplet--stop--1,tuplet,stamp,mn-1-84-6-2-3
mn-1-85-5-2-1--staccatissimo--1,staccatissimo,derive,mn-1-85-5-2-1
mn-1-85-5-2-1--strong-accent--1,strong-accent,derive,mn-1-85-5-2-1
mn-1-85-5-2-4--tuplet--start--1,tuplet,stamp,mn-1-85-5-2-4
mn-1-85-5-2-24--tuplet--stop--1,tuplet,stamp,mn-1-85-5-2-24
mn-1-86-5-2-1--staccatissimo--1,staccatissimo,derive,mn-1-86-5-2-1
mn-1-86-5-2-1--strong-accent--1,strong-accent,derive,mn-1-86-5-2-1
mn-1-86-5-2-4--tuplet--start--1,tuplet,stamp,mn-1-86-5-2-4
mn-1-86-5-2-24--tuplet--stop--1,tuplet,stamp,mn-1-86-5-2-24
md-1-86-1-1,wedge,md,1
md-1-86-1-2,octave-shift,md,1
md-1-86-1-3,wedge,md,1
mn-1-87-1-1-1--strong-accent--1,strong-accent,derive,mn-1-87-1-1-1
mn-1-87-1-1-5--staccato--1,staccato,derive,mn-1-87-1-1-5
mn-1-87-5-2-1--tuplet--start--1,tuplet,stamp,mn-1-87-5-2-1
mn-1-87-5-2-6--tuplet--stop--1,tuplet,stamp,mn-1-87-5-2-6
mn-1-87-5-2-7--tuplet--start--1,tuplet,stamp,mn-1-87-5-2-7
mn-1-87-5-2-12--tuplet--stop--1,tuplet,stamp,mn-1-87-5-2-12
mn-1-87-6-2-1--tuplet--start--1,tuplet,stamp,mn-1-87-6-2-1
mn-1-87-6-2-6--tuplet--stop--1,tuplet,stamp,mn-1-87-6-2-6
md-1-87-1-1,dynamics,md,1
md-1-87-1-2,wedge,md,1
md-1-87-1-3,wedge,md,1
md-1-87-1-4,octave-shift,md,1
mn-1-88-1-1-1--slur--start--1,slur,stamp,mn-1-88-1-1-1
mn-1-88-1-1-1--strong-accent--1,strong-accent,derive,mn-1-88-1-1-1
mn-1-88-1-1-5--slur--stop--1,slur,stamp,mn-1-88-1-1-5
mn-1-88-1-1-5--staccato--1,staccato,derive,mn-1-88-1-1-5
mn-1-88-5-2-1--tuplet--start--1,tuplet,stamp,mn-1-88-5-2-1
mn-1-88-5-2-6--tuplet--stop--1,tuplet,stamp,mn-1-88-5-2-6
mn-1-88-5-2-8--staccatissimo--1,staccatissimo,derive,mn-1-88-5-2-8
mn-1-88-5-2-10--staccatissimo--1,staccatissimo,derive,mn-1-88-5-2-10
mn-1-88-5-2-12--staccatissimo--1,staccatissimo,derive,mn-1-88-5-2-12
mn-1-88-6-2-1--tuplet--start--1,tuplet,stamp,mn-1-88-6-2-1
mn-1-88-6-2-3--tuplet--stop--1,tuplet,stamp,mn-1-88-6-2-3
md-1-88-2-1,wedge,md,2
md-1-88-2-2,wedge,md,2
mn-1-89-5-2-1--staccatissimo--1,staccatissimo,derive,mn-1-89-5-2-1
mn-1-89-5-2-1--strong-accent--1,strong-accent,derive,mn-1-89-5-2-1
mn-1-89-5-2-4--tuplet--start--1,tuplet,stamp,mn-1-89-5-2-4
mn-1-89-5-2-24--tuplet--stop--1,tuplet,stamp,mn-1-89-5-2-24
mn-1-90-5-2-1--staccatissimo--1,staccatissimo,derive,mn-1-90-5-2-1
mn-1-90-5-2-1--strong-accent--1,strong-accent,derive,mn-1-90-5-2-1
mn-1-90-5-2-4--tuplet--start--1,tuplet,stamp,mn-1-90-5-2-4
mn-1-90-5-2-24--tuplet--stop--1,tuplet,stamp,mn-1-90-5-2-24
md-1-90-1-1,wedge,md,1
md-1-90-1-2,octave-shift,md,1
md-1-90-1-3,wedge,md,1
mn-1-91-1-1-1--strong-accent--1,strong-accent,derive,mn-1-91-1-1-1
mn-1-91-1-1-5--staccato--1,staccato,derive,mn-1-91-1-1-5
mn-1-91-5-2-1--tuplet--start--1,tuplet,stamp,mn-1-91-5-2-1
mn-1-91-5-2-6--tuplet--stop--1,tuplet,stamp,mn-1-91-5-2-6
mn-1-91-5-2-7--tuplet--start--1,tuplet,stamp,mn-1-91-5-2-7
mn-1-91-5-2-12--tuplet--stop--1,tuplet,stamp,mn-1-91-5-2-12
mn-1-91-6-2-1--tuplet--start--1,tuplet,stamp,mn-1-91-6-2-1
mn-1-91-6-2-6--tuplet--stop--1,tuplet,stamp,mn-1-91-6-2-6
md-1-91-1-1,dynamics,md,1
md-1-91-1-2,octave-shift,md,1
md-1-91-2-1,wedge,md,2
md-1-91-2-2,wedge,md,2
mn-1-92-1-1-1--slur--start--1,slur,stamp,mn-1-92-1-1-1
mn-1-92-1-1-1--strong-accent--1,strong-accent,derive,mn-1-92-1-1-1
mn-1-92-1-1-5--slur--stop--1,slur,stamp,mn-1-92-1-1-5
mn-1-92-1-1-5--staccato--1,staccato,derive,mn-1-92-1-1-5
mn-1-92-5-2-1--slur--start--1,slur,stamp,mn-1-92-5-2-1
mn-1-92-5-2-16--slur--stop--1,slur,stamp,mn-1-92-5-2-16
md-1-92-2-1,wedge,md,2
md-1-92-2-2,wedge,md,2
md-1-92-2-3,wedge,md,2
md-1-92-2-4,wedge,md,2
mn-1-93-1-1-1--slur--start--1,slur,stamp,mn-1-93-1-1-1
mn-1-93-1-1-1--strong-accent--1,strong-accent,derive,mn-1-93-1-1-1
mn-1-93-1-1-5--slur--stop--1,slur,stamp,mn-1-93-1-1-5
mn-1-93-1-1-5--staccato--1,staccato,derive,mn-1-93-1-1-5
mn-1-93-5-2-1--tuplet--start--1,tuplet,stamp,mn-1-93-5-2-1
mn-1-93-5-2-6--tuplet--stop--1,tuplet,stamp,mn-1-93-5-2-6
mn-1-93-5-2-7--tuplet--start--1,tuplet,stamp,mn-1-93-5-2-7
mn-1-93-5-2-12--tuplet--stop--1,tuplet,stamp,mn-1-93-5-2-12
mn-1-93-6-2-1--tuplet--start--1,tuplet,stamp,mn-1-93-6-2-1
mn-1-93-6-2-6--tuplet--stop--1,tuplet,stamp,mn-1-93-6-2-6
md-1-93-1-1,octave-shift,md,1
mn-1-94-1-1-1--slur--start--1,slur,stamp,mn-1-94-1-1-1
mn-1-94-1-1-1--strong-accent--1,strong-accent,derive,mn-1-94-1-1-1
mn-1-94-1-1-5--slur--stop--1,slur,stamp,mn-1-94-1-1-5
mn-1-94-1-1-5--staccato--1,staccato,derive,mn-1-94-1-1-5
mn-1-94-5-2-1--slur--start--1,slur,stamp,mn-1-94-5-2-1
mn-1-94-5-2-16--slur--stop--1,slur,stamp,mn-1-94-5-2-16
md-1-94-2-1,wedge,md,2
md-1-94-2-2,wedge,md,2
md-1-94-2-3,wedge,md,2
md-1-94-2-4,wedge,md,2
mn-1-95-1-1-1--strong-accent--1,strong-accent,derive,mn-1-95-1-1-1
mn-1-95-1-1-6--strong-accent--1,strong-accent,derive,mn-1-95-1-1-6
mn-1-95-5-2-1--slur--start--1,slur,stamp,mn-1-95-5-2-1
mn-1-95-5-2-16--slur--stop--1,slur,stamp,mn-1-95-5-2-16
md-1-95-2-1,wedge,md,2
md-1-95-2-2,wedge,md,2
md-1-95-2-3,wedge,md,2
md-1-95-2-4,wedge,md,2
mn-1-96-5-2-1--slur--start--1,slur,stamp,mn-1-96-5-2-1
mn-1-96-5-2-16--slur--stop--1,slur,stamp,mn-1-96-5-2-16
md-1-96-1-1,dynamics,md,1
md-1-98-1-1,words,md,1
md-1-98-1-2,bracket,md,1
md-1-98-1-3,bracket,md,1
mn-1-99-1-1-1--tuplet--start--1,tuplet,stamp,mn-1-99-1-1-1
mn-1-99-1-1-3--strong-accent--1,strong-accent,derive,mn-1-99-1-1-3
mn-1-99-1-1-7--strong-accent--1,strong-accent,derive,mn-1-99-1-1-7
mn-1-99-1-1-19--tuplet--stop--1,tuplet,stamp,mn-1-99-1-1-19
mn-1-99-1-1-23--tuplet--start--1,tuplet,stamp,mn-1-99-1-1-23
mn-1-99-1-1-25--strong-accent--1,strong-accent,derive,mn-1-99-1-1-25
mn-1-99-1-1-29--strong-accent--1,strong-accent,derive,mn-1-99-1-1-29
mn-1-99-1-1-41--tuplet--stop--1,tuplet,stamp,mn-1-99-1-1-41
mn-1-99-5-2-1--tuplet--start--1,tuplet,stamp,mn-1-99-5-2-1
mn-1-99-5-2-3--strong-accent--1,strong-accent,derive,mn-1-99-5-2-3
mn-1-99-5-2-6--strong-accent--1,strong-accent,derive,mn-1-99-5-2-6
mn-1-99-5-2-15--tuplet--stop--1,tuplet,stamp,mn-1-99-5-2-15
mn-1-99-5-2-18--tuplet--start--1,tuplet,stamp,mn-1-99-5-2-18
mn-1-99-5-2-20--strong-accent--1,strong-accent,derive,mn-1-99-5-2-20
mn-1-99-5-2-23--strong-accent--1,strong-accent,derive,mn-1-99-5-2-23
mn-1-99-5-2-32--tuplet--stop--1,tuplet,stamp,mn-1-99-5-2-32
md-1-99-1-1,dynamics,md,1
mn-1-100-1-1-1--tuplet--start--1,tuplet,stamp,mn-1-100-1-1-1
mn-1-100-1-1-3--strong-accent--1,strong-accent,derive,mn-1-100-1-1-3
mn-1-100-1-1-7--strong-accent--1,strong-accent,derive,mn-1-100-1-1-7
mn-1-100-1-1-19--tuplet--stop--1,tuplet,stamp,mn-1-100-1-1-19
mn-1-100-1-1-23--tuplet--start--1,tuplet,stamp,mn-1-100-1-1-23
mn-1-100-1-1-37--strong-accent--1,strong-accent,derive,mn-1-100-1-1-37
mn-1-100-1-1-41--tuplet--stop--1,tuplet,stamp,mn-1-100-1-1-41
mn-1-100-1-1-41--strong-accent--1,strong-accent,derive,mn-1-100-1-1-41
mn-1-100-5-2-1--tuplet--start--1,tuplet,stamp,mn-1-100-5-2-1
mn-1-100-5-2-3--strong-accent--1,strong-accent,derive,mn-1-100-5-2-3
mn-1-100-5-2-6--strong-accent--1,strong-accent,derive,mn-1-100-5-2-6
mn-1-100-5-2-15--tuplet--stop--1,tuplet,stamp,mn-1-100-5-2-15
mn-1-100-5-2-18--tuplet--start--1,tuplet,stamp,mn-1-100-5-2-18
mn-1-100-5-2-29--strong-accent--1,strong-accent,derive,mn-1-100-5-2-29
mn-1-100-5-2-32--tuplet--stop--1,tuplet,stamp,mn-1-100-5-2-32
mn-1-100-5-2-32--strong-accent--1,strong-accent,derive,mn-1-100-5-2-32
mn-1-101-1-1-1--tuplet--start--1,tuplet,stamp,mn-1-101-1-1-1
mn-1-101-1-1-3--strong-accent--1,strong-accent,derive,mn-1-101-1-1-3
mn-1-101-1-1-7--strong-accent--1,strong-accent,derive,mn-1-101-1-1-7
mn-1-101-1-1-19--tuplet--stop--1,tuplet,stamp,mn-1-101-1-1-19
mn-1-101-1-1-23--tuplet--start--1,tuplet,stamp,mn-1-101-1-1-23
mn-1-101-1-1-25--strong-accent--1,strong-accent,derive,mn-1-101-1-1-25
mn-1-101-1-1-29--strong-accent--1,strong-accent,derive,mn-1-101-1-1-29
mn-1-101-1-1-41--tuplet--stop--1,tuplet,stamp,mn-1-101-1-1-41
mn-1-101-2-1-1--tuplet--start--1,tuplet,stamp,mn-1-101-2-1-1
mn-1-101-2-1-3--tuplet--stop--1,tuplet,stamp,mn-1-101-2-1-3
mn-1-101-5-2-1--tuplet--start--1,tuplet,stamp,mn-1-101-5-2-1
mn-1-101-5-2-3--strong-accent--1,strong-accent,derive,mn-1-101-5-2-3
mn-1-101-5-2-6--strong-accent--1,strong-accent,derive,mn-1-101-5-2-6
mn-1-101-5-2-15--tuplet--stop--1,tuplet,stamp,mn-1-101-5-2-15
mn-1-101-5-2-18--tuplet--start--1,tuplet,stamp,mn-1-101-5-2-18
mn-1-101-5-2-20--strong-accent--1,strong-accent,derive,mn-1-101-5-2-20
mn-1-101-5-2-24--strong-accent--1,strong-accent,derive,mn-1-101-5-2-24
mn-1-101-5-2-36--tuplet--stop--1,tuplet,stamp,mn-1-101-5-2-36
mn-1-101-6-2-1--tuplet--start--1,tuplet,stamp,mn-1-101-6-2-1
mn-1-101-6-2-3--tuplet--stop--1,tuplet,stamp,mn-1-101-6-2-3
mn-1-102-1-1-1--tuplet--start--1,tuplet,stamp,mn-1-102-1-1-1
mn-1-102-1-1-1--strong-accent--1,strong-accent,derive,mn-1-102-1-1-1
mn-1-102-1-1-19--tuplet--stop--1,tuplet,stamp,mn-1-102-1-1-19
mn-1-102-1-1-23--tuplet--start--1,tuplet,stamp,mn-1-102-1-1-23
mn-1-102-1-1-35--strong-accent--1,strong-accent,derive,mn-1-102-1-1-35
mn-1-102-1-1-41--tuplet--stop--1,tuplet,stamp,mn-1-102-1-1-41
mn-1-102-5-2-1--tuplet--start--1,tuplet,stamp,mn-1-102-5-2-1
mn-1-102-5-2-15--tuplet--stop--1,tuplet,stamp,mn-1-102-5-2-15
mn-1-102-5-2-18--tuplet--start--1,tuplet,stamp,mn-1-102-5-2-18
mn-1-102-5-2-27--strong-accent--1,strong-accent,derive,mn-1-102-5-2-27
mn-1-102-5-2-33--tuplet--stop--1,tuplet,stamp,mn-1-102-5-2-33
mn-1-103-1-1-1--tuplet--start--1,tuplet,stamp,mn-1-103-1-1-1
mn-1-103-1-1-1--strong-accent--1,strong-accent,derive,mn-1-103-1-1-1
mn-1-103-1-1-10--strong-accent--1,strong-accent,derive,mn-1-103-1-1-10
mn-1-103-1-1-16--tuplet--stop--1,tuplet,stamp,mn-1-103-1-1-16
mn-1-103-1-1-19--tuplet--start--1,tuplet,stamp,mn-1-103-1-1-19
mn-1-103-1-1-19--strong-accent--1,strong-accent,derive,mn-1-103-1-1-19
mn-1-103-1-1-28--strong-accent--1,strong-accent,derive,mn-1-103-1-1-28
mn-1-103-1-1-34--tuplet--stop--1,tuplet,stamp,mn-1-103-1-1-34
mn-1-103-5-2-1--tuplet--start--1,tuplet,stamp,mn-1-103-5-2-1
mn-1-103-5-2-1--strong-accent--1,strong-accent,derive,mn-1-103-5-2-1
mn-1-103-5-2-10--strong-accent--1,strong-accent,derive,mn-1-103-5-2-10
mn-1-103-5-2-16--tuplet--stop--1,tuplet,stamp,mn-1-103-5-2-16
mn-1-103-5-2-19--tuplet--start--1,tuplet,stamp,mn-1-103-5-2-19
mn-1-103-5-2-19--strong-accent--1,strong-accent,derive,mn-1-103-5-2-19
mn-1-103-5-2-28--strong-accent--1,strong-accent,derive,mn-1-103-5-2-28
mn-1-103-5-2-34--tuplet--stop--1,tuplet,stamp,mn-1-103-5-2-34
mn-1-104-1-1-1--tuplet--start--1,tuplet,stamp,mn-1-104-1-1-1
mn-1-104-1-1-1--strong-accent--1,strong-accent,derive,mn-1-104-1-1-1
mn-1-104-1-1-16--tuplet--stop--1,tuplet,stamp,mn-1-104-1-1-16
mn-1-104-1-1-19--tuplet--start--1,tuplet,stamp,mn-1-104-1-1-19
mn-1-104-1-1-34--tuplet--stop--1,tuplet,stamp,mn-1-104-1-1-34
mn-1-104-5-2-1--tuplet--start--1,tuplet,stamp,mn-1-104-5-2-1
mn-1-104-5-2-1--strong-accent--1,strong-accent,derive,mn-1-104-5-2-1
mn-1-104-5-2-17--tuplet--stop--1,tuplet,stamp,mn-1-104-5-2-17
mn-1-104-5-2-20--tuplet--start--1,tuplet,stamp,mn-1-104-5-2-20
mn-1-104-5-2-35--tuplet--stop--1,tuplet,stamp,mn-1-104-5-2-35
md-1-104-1-1,wedge,md,1
md-1-104-1-2,wedge,md,1
mn-1-105-1-1-1--tuplet--start--1,tuplet,stamp,mn-1-105-1-1-1
mn-1-105-1-1-1--staccato--1,staccato,derive,mn-1-105-1-1-1
mn-1-105-1-1-1--strong-accent--1,strong-accent,derive,mn-1-105-1-1-1
mn-1-105-1-1-10--staccato--1,staccato,derive,mn-1-105-1-1-10
mn-1-105-1-1-10--strong-accent--1,strong-accent,derive,mn-1-105-1-1-10
mn-1-105-1-1-16--tuplet--stop--1,tuplet,stamp,mn-1-105-1-1-16
mn-1-105-1-1-19--tuplet--start--1,tuplet,stamp,mn-1-105-1-1-19
mn-1-105-1-1-19--staccato--1,staccato,derive,mn-1-105-1-1-19
mn-1-105-1-1-19--strong-accent--1,strong-accent,derive,mn-1-105-1-1-19
mn-1-105-1-1-28--staccato--1,staccato,derive,mn-1-105-1-1-28
mn-1-105-1-1-28--strong-accent--1,strong-accent,derive,mn-1-105-1-1-28
mn-1-105-1-1-34--tuplet--stop--1,tuplet,stamp,mn-1-105-1-1-34
mn-1-105-5-2-1--tuplet--start--1,tuplet,stamp,mn-1-105-5-2-1
mn-1-105-5-2-1--staccato--1,staccato,derive,mn-1-105-5-2-1
mn-1-105-5-2-1--strong-accent--1,strong-accent,derive,mn-1-105-5-2-1
mn-1-105-5-2-10--staccato--1,staccato,derive,mn-1-105-5-2-10
mn-1-105-5-2-10--strong-accent--1,strong-accent,derive,mn-1-105-5-2-10
mn-1-105-5-2-16--tuplet--stop--1,tuplet,stamp,mn-1-105-5-2-16
mn-1-105-5-2-19--tuplet--start--1,tuplet,stamp,mn-1-105-5-2-19
mn-1-105-5-2-19--staccato--1,staccato,derive,mn-1-105-5-2-19
mn-1-105-5-2-19--strong-accent--1,strong-accent,derive,mn-1-105-5-2-19
mn-1-105-5-2-28--staccato--1,staccato,derive,mn-1-105-5-2-28
mn-1-105-5-2-28--strong-accent--1,strong-accent,derive,mn-1-105-5-2-28
mn-1-105-5-2-34--tuplet--stop--1,tuplet,stamp,mn-1-105-5-2-34
mn-1-106-1-1-1--tuplet--start--1,tuplet,stamp,mn-1-106-1-1-1
mn-1-106-1-1-1--staccato--1,staccato,derive,mn-1-106-1-1-1
mn-1-106-1-1-1--strong-accent--1,strong-accent,derive,mn-1-106-1-1-1
mn-1-106-1-1-16--tuplet--stop--1,tuplet,stamp,mn-1-106-1-1-16
mn-1-106-1-1-19--tuplet--start--1,tuplet,stamp,mn-1-106-1-1-19
mn-1-106-1-1-34--tuplet--stop--1,tuplet,stamp,mn-1-106-1-1-34
mn-1-106-5-2-1--tuplet--start--1,tuplet,stamp,mn-1-106-5-2-1
mn-1-106-5-2-1--staccato--1,staccato,derive,mn-1-106-5-2-1
mn-1-106-5-2-1--strong-accent--1,strong-accent,derive,mn-1-106-5-2-1
mn-1-106-5-2-16--tuplet--stop--1,tuplet,stamp,mn-1-106-5-2-16
mn-1-106-5-2-19--tuplet--start--1,tuplet,stamp,mn-1-106-5-2-19
mn-1-106-5-2-34--tuplet--stop--1,tuplet,stamp,mn-1-106-5-2-34
md-1-106-1-1,wedge,md,1
md-1-106-1-2,wedge,md,1
mn-1-107-1-1-1--tuplet--start--1,tuplet,stamp,mn-1-107-1-1-1
mn-1-107-1-1-1--strong-accent--1,strong-accent,derive,mn-1-107-1-1-1
mn-1-107-1-1-21--tuplet--stop--1,tuplet,stamp,mn-1-107-1-1-21
mn-1-107-1-1-25--tuplet--start--1,tuplet,stamp,mn-1-107-1-1-25
mn-1-107-1-1-25--strong-accent--1,strong-accent,derive,mn-1-107-1-1-25
mn-1-107-1-1-45--tuplet--stop--1,tuplet,stamp,mn-1-107-1-1-45
mn-1-107-1-1-45--strong-accent--1,strong-accent,derive,mn-1-107-1-1-45
mn-1-107-5-2-1--tuplet--start--1,tuplet,stamp,mn-1-107-5-2-1
mn-1-107-5-2-1--strong-accent--1,strong-accent,derive,mn-1-107-5-2-1
mn-1-107-5-2-21--tuplet--stop--1,tuplet,stamp,mn-1-107-5-2-21
mn-1-107-5-2-25--tuplet--start--1,tuplet,stamp,mn-1-107-5-2-25
mn-1-107-5-2-25--strong-accent--1,strong-accent,derive,mn-1-107-5-2-25
mn-1-107-5-2-45--tuplet--stop--1,tuplet,stamp,mn-1-107-5-2-45
mn-1-107-5-2-45--strong-accent--1,strong-accent,derive,mn-1-107-5-2-45
md-1-107-1-1,dynamics,md,1
md-1-107-1-2,octave-shift,md,1
mn-1-108-1-1-1--tuplet--start--1,tuplet,stamp,mn-1-108-1-1-1
mn-1-108-1-1-1--staccato--1,staccato,derive,mn-1-108-1-1-1
mn-1-108-1-1-1--strong-accent--1,strong-accent,derive,mn-1-108-1-1-1
mn-1-108-1-1-12--tuplet--stop--1,tuplet,stamp,mn-1-108-1-1-12
mn-1-108-1-1-14--tuplet--start--1,tuplet,stamp,mn-1-108-1-1-14
mn-1-108-1-1-24--tuplet--stop--1,tuplet,stamp,mn-1-108-1-1-24
mn-1-108-5-2-1--tuplet--start--1,tuplet,stamp,mn-1-108-5-2-1
mn-1-108-5-2-1--staccato--1,staccato,derive,mn-1-108-5-2-1
mn-1-108-5-2-1--strong-accent--1,strong-accent,derive,mn-1-108-5-2-1
mn-1-108-5-2-12--tuplet--stop--1,tuplet,stamp,mn-1-108-5-2-12
mn-1-108-5-2-14--tuplet--start--1,tuplet,stamp,mn-1-108-5-2-14
mn-1-108-5-2-24--tuplet--stop--1,tuplet,stamp,mn-1-108-5-2-24
md-1-108-1-1,octave-shift,md,1
md-1-108-1-2,wedge,md,1
md-1-108-1-3,wedge,md,1
mn-1-109-1-1-1--tuplet--start--1,tuplet,stamp,mn-1-109-1-1-1
mn-1-109-1-1-1--strong-accent--1,strong-accent,derive,mn-1-109-1-1-1
mn-1-109-1-1-21--tuplet--stop--1,tuplet,stamp,mn-1-109-1-1-21
mn-1-109-1-1-25--tuplet--start--1,tuplet,stamp,mn-1-109-1-1-25
mn-1-109-1-1-25--strong-accent--1,strong-accent,derive,mn-1-109-1-1-25
mn-1-109-1-1-45--tuplet--stop--1,tuplet,stamp,mn-1-109-1-1-45
mn-1-109-1-1-45--strong-accent--1,strong-accent,derive,mn-1-109-1-1-45
mn-1-109-5-2-1--tuplet--start--1,tuplet,stamp,mn-1-109-5-2-1
mn-1-109-5-2-1--strong-accent--1,strong-accent,derive,mn-1-109-5-2-1
mn-1-109-5-2-21--tuplet--stop--1,tuplet,stamp,mn-1-109-5-2-21
mn-1-109-5-2-25--tuplet--start--1,tuplet,stamp,mn-1-109-5-2-25
mn-1-109-5-2-25--strong-accent--1,strong-accent,derive,mn-1-109-5-2-25
mn-1-109-5-2-45--tuplet--stop--1,tuplet,stamp,mn-1-109-5-2-45
mn-1-109-5-2-45--strong-accent--1,strong-accent,derive,mn-1-109-5-2-45
md-1-109-1-1,octave-shift,md,1
mn-1-110-1-1-1--tuplet--start--1,tuplet,stamp,mn-1-110-1-1-1
mn-1-110-1-1-1--staccato--1,staccato,derive,mn-1-110-1-1-1
mn-1-110-1-1-1--strong-accent--1,strong-accent,derive,mn-1-110-1-1-1
mn-1-110-1-1-12--tuplet--stop--1,tuplet,stamp,mn-1-110-1-1-12
mn-1-110-1-1-14--tuplet--start--1,tuplet,stamp,mn-1-110-1-1-14
mn-1-110-1-1-24--tuplet--stop--1,tuplet,stamp,mn-1-110-1-1-24
mn-1-110-2-1-1--tuplet--start--1,tuplet,stamp,mn-1-110-2-1-1
mn-1-110-2-1-3--tuplet--stop--1,tuplet,stamp,mn-1-110-2-1-3
mn-1-110-2-1-3--strong-accent--1,strong-accent,derive,mn-1-110-2-1-3
mn-1-110-5-2-1--tuplet--start--1,tuplet,stamp,mn-1-110-5-2-1
mn-1-110-5-2-1--staccato--1,staccato,derive,mn-1-110-5-2-1
mn-1-110-5-2-1--strong-accent--1,strong-accent,derive,mn-1-110-5-2-1
mn-1-110-5-2-12--tuplet--stop--1,tuplet,stamp,mn-1-110-5-2-12
mn-1-110-5-2-14--tuplet--start--1,tuplet,stamp,mn-1-110-5-2-14
mn-1-110-5-2-24--tuplet--stop--1,tuplet,stamp,mn-1-110-5-2-24
mn-1-110-6-2-2--tuplet--start--1,tuplet,stamp,mn-1-110-6-2-2
mn-1-110-6-2-4--tuplet--stop--1,tuplet,stamp,mn-1-110-6-2-4
mn-1-110-6-2-4--strong-accent--1,strong-accent,derive,mn-1-110-6-2-4
md-1-110-1-1,octave-shift,md,1
md-1-110-1-2,wedge,md,1
md-1-110-1-3,wedge,md,1
mn-1-111-1-1-1--tuplet--start--1,tuplet,stamp,mn-1-111-1-1-1
mn-1-111-1-1-1--strong-accent--1,strong-accent,derive,mn-1-111-1-1-1
mn-1-111-1-1-16--tuplet--stop--1,tuplet,stamp,mn-1-111-1-1-16
mn-1-111-1-1-19--tuplet--start--1,tuplet,stamp,mn-1-111-1-1-19
mn-1-111-1-1-19--strong-accent--1,strong-accent,derive,mn-1-111-1-1-19
mn-1-111-1-1-28--strong-accent--1,strong-accent,derive,mn-1-111-1-1-28
mn-1-111-1-1-34--tuplet--stop--1,tuplet,stamp,mn-1-111-1-1-34
mn-1-111-5-2-1--tuplet--start--1,tuplet,stamp,mn-1-111-5-2-1
mn-1-111-5-2-1--strong-accent--1,strong-accent,derive,mn-1-111-5-2-1
mn-1-111-5-2-15--tuplet--stop--1,tuplet,stamp,mn-1-111-5-2-15
mn-1-111-5-2-18--tuplet--start--1,tuplet,stamp,mn-1-111-5-2-18
mn-1-111-5-2-18--strong-accent--1,strong-accent,derive,mn-1-111-5-2-18
mn-1-111-5-2-27--strong-accent--1,strong-accent,derive,mn-1-111-5-2-27
mn-1-111-5-2-33--tuplet--stop--1,tuplet,stamp,mn-1-111-5-2-33
md-1-111-1-1,octave-shift,md,1
md-1-111-1-2,octave-shift,md,1
mn-1-112-1-1-1--tuplet--start--1,tuplet,stamp,mn-1-112-1-1-1
mn-1-112-1-1-1--strong-accent--1,strong-accent,derive,mn-1-112-1-1-1
mn-1-112-1-1-16--tuplet--stop--1,tuplet,stamp,mn-1-112-1-1-16
mn-1-112-1-1-19--tuplet--start--1,tuplet,stamp,mn-1-112-1-1-19
mn-1-112-1-1-19--strong-accent--1,strong-accent,derive,mn-1-112-1-1-19
mn-1-112-1-1-34--tuplet--stop--1,tuplet,stamp,mn-1-112-1-1-34
mn-1-112-1-1-34--strong-accent--1,strong-accent,derive,mn-1-112-1-1-34
mn-1-112-5-2-1--tuplet--start--1,tuplet,stamp,mn-1-112-5-2-1
mn-1-112-5-2-1--strong-accent--1,strong-accent,derive,mn-1-112-5-2-1
mn-1-112-5-2-16--tuplet--stop--1,tuplet,stamp,mn-1-112-5-2-16
mn-1-112-5-2-19--tuplet--start--1,tuplet,stamp,mn-1-112-5-2-19
mn-1-112-5-2-19--strong-accent--1,strong-accent,derive,mn-1-112-5-2-19
mn-1-112-5-2-34--tuplet--stop--1,tuplet,stamp,mn-1-112-5-2-34
mn-1-112-5-2-34--strong-accent--1,strong-accent,derive,mn-1-112-5-2-34
mn-1-113-1-1-1--tuplet--start--1,tuplet,stamp,mn-1-113-1-1-1
mn-1-113-1-1-1--strong-accent--1,strong-accent,derive,mn-1-113-1-1-1
mn-1-113-1-1-8--strong-accent--1,strong-accent,derive,mn-1-113-1-1-8
mn-1-113-1-1-13--tuplet--stop--1,tuplet,stamp,mn-1-113-1-1-13
mn-1-113-1-1-15--tuplet--start--1,tuplet,stamp,mn-1-113-1-1-15
mn-1-113-1-1-15--strong-accent--1,strong-accent,derive,mn-1-113-1-1-15
mn-1-113-1-1-22--strong-accent--1,strong-accent,derive,mn-1-113-1-1-22
mn-1-113-1-1-27--tuplet--stop--1,tuplet,stamp,mn-1-113-1-1-27
mn-1-113-5-2-1--tuplet--start--1,tuplet,stamp,mn-1-113-5-2-1
mn-1-113-5-2-1--strong-accent--1,strong-accent,derive,mn-1-113-5-2-1
mn-1-113-5-2-8--strong-accent--1,strong-accent,derive,mn-1-113-5-2-8
mn-1-113-5-2-13--tuplet--stop--1,tuplet,stamp,mn-1-113-5-2-13
mn-1-113-5-2-15--tuplet--start--1,tuplet,stamp,mn-1-113-5-2-15
mn-1-113-5-2-15--strong-accent--1,strong-accent,derive,mn-1-113-5-2-15
mn-1-113-5-2-22--strong-accent--1,strong-accent,derive,mn-1-113-5-2-22
mn-1-113-5-2-27--tuplet--stop--1,tuplet,stamp,mn-1-113-5-2-27
mn-1-114-1-1-1--tuplet--start--1,tuplet,stamp,mn-1-114-1-1-1
mn-1-114-1-1-1--strong-accent--1,strong-accent,derive,mn-1-114-1-1-1
mn-1-114-1-1-15--tuplet--stop--1,tuplet,stamp,mn-1-114-1-1-15
mn-1-114-1-1-18--tuplet--start--1,tuplet,stamp,mn-1-114-1-1-18
mn-1-114-1-1-27--accent--1,accent,derive,mn-1-114-1-1-27
mn-1-114-1-1-33--tuplet--stop--1,tuplet,stamp,mn-1-114-1-1-33
mn-1-114-5-2-1--tuplet--start--1,tuplet,stamp,mn-1-114-5-2-1
mn-1-114-5-2-1--strong-accent--1,strong-accent,derive,mn-1-114-5-2-1
mn-1-114-5-2-15--tuplet--stop--1,tuplet,stamp,mn-1-114-5-2-15
mn-1-114-5-2-18--tuplet--start--1,tuplet,stamp,mn-1-114-5-2-18
mn-1-114-5-2-26--accent--1,accent,derive,mn-1-114-5-2-26
mn-1-114-5-2-30--tuplet--stop--1,tuplet,stamp,mn-1-114-5-2-30
mn-1-115-5-2-1--tuplet--start--1,tuplet,stamp,mn-1-115-5-2-1
mn-1-115-5-2-11--tuplet--stop--1,tuplet,stamp,mn-1-115-5-2-11
mn-1-115-5-2-13--tuplet--start--1,tuplet,stamp,mn-1-115-5-2-13
mn-1-115-5-2-23--tuplet--stop--1,tuplet,stamp,mn-1-115-5-2-23
md-1-115-1-1,dynamics,md,1
md-1-115-1-2,octave-shift,md,1
md-1-115-1-3,wedge,md,1
md-1-115-1-4,wedge,md,1
md-1-115-2-1,wedge,md,2
md-1-115-2-2,wedge,md,2
md-1-115-2-3,wedge,md,2
md-1-115-2-4,wedge,md,2
mn-1-116-5-2-1--tuplet--start--1,tuplet,stamp,mn-1-116-5-2-1
mn-1-116-5-2-11--tuplet--stop--1,tuplet,stamp,mn-1-116-5-2-11
mn-1-116-5-2-13--tuplet--start--1,tuplet,stamp,mn-1-116-5-2-13
mn-1-116-5-2-23--tuplet--stop--1,tuplet,stamp,mn-1-116-5-2-23
md-1-116-1-1,dynamics,md,1
md-1-116-1-2,octave-shift,md,1
md-1-116-1-3,octave-shift,md,1
md-1-116-1-4,wedge,md,1
md-1-116-1-5,wedge,md,1
md-1-116-2-1,wedge,md,2
md-1-116-2-2,wedge,md,2
md-1-116-2-3,wedge,md,2
md-1-116-2-4,wedge,md,2
mn-1-117-1-1-1--tuplet--start--1,tuplet,stamp,mn-1-117-1-1-1
mn-1-117-1-1-18--tuplet--stop--1,tuplet,stamp,mn-1-117-1-1-18
mn-1-117-1-1-22--tuplet--start--1,tuplet,stamp,mn-1-117-1-1-22
mn-1-117-1-1-40--tuplet--stop--1,tuplet,stamp,mn-1-117-1-1-40
mn-1-117-5-2-1--tuplet--start--1,tuplet,stamp,mn-1-117-5-2-1
mn-1-117-5-2-17--tuplet--stop--1,tuplet,stamp,mn-1-117-5-2-17
mn-1-117-5-2-21--tuplet--start--1,tuplet,stamp,mn-1-117-5-2-21
mn-1-117-5-2-39--tuplet--stop--1,tuplet,stamp,mn-1-117-5-2-39
md-1-117-1-1,octave-shift,md,1
md-1-117-1-2,octave-shift,md,1
mn-1-118-1-1-1--tuplet--start--1,tuplet,stamp,mn-1-118-1-1-1
mn-1-118-1-1-1--accent--1,accent,derive,mn-1-118-1-1-1
mn-1-118-1-1-12--accent--1,accent,derive,mn-1-118-1-1-12
mn-1-118-1-1-19--tuplet--stop--1,tuplet,stamp,mn-1-118-1-1-19
mn-1-118-1-1-23--tuplet--start--1,tuplet,stamp,mn-1-118-1-1-23
mn-1-118-1-1-23--accent--1,accent,derive,mn-1-118-1-1-23
mn-1-118-1-1-34--accent--1,accent,derive,mn-1-118-1-1-34
mn-1-118-1-1-42--tuplet--stop--1,tuplet,stamp,mn-1-118-1-1-42
mn-1-118-5-2-1--tuplet--start--1,tuplet,stamp,mn-1-118-5-2-1
mn-1-118-5-2-1--accent--1,accent,derive,mn-1-118-5-2-1
mn-1-118-5-2-12--accent--1,accent,derive,mn-1-118-5-2-12
mn-1-118-5-2-19--tuplet--stop--1,tuplet,stamp,mn-1-118-5-2-19
mn-1-118-5-2-23--tuplet--start--1,tuplet,stamp,mn-1-118-5-2-23
mn-1-118-5-2-23--accent--1,accent,derive,mn-1-118-5-2-23
mn-1-118-5-2-34--accent--1,accent,derive,mn-1-118-5-2-34
mn-1-118-5-2-42--tuplet--stop--1,tuplet,stamp,mn-1-118-5-2-42
mn-1-119-1-1-1--tuplet--start--1,tuplet,stamp,mn-1-119-1-1-1
mn-1-119-1-1-1--strong-accent--1,strong-accent,derive,mn-1-119-1-1-1
mn-1-119-1-1-11--tuplet--stop--1,tuplet,stamp,mn-1-119-1-1-11
mn-1-119-1-1-13--tuplet--start--1,tuplet,stamp,mn-1-119-1-1-13
mn-1-119-1-1-13--strong-accent--1,strong-accent,derive,mn-1-119-1-1-13
mn-1-119-1-1-23--tuplet--stop--1,tuplet,stamp,mn-1-119-1-1-23
mn-1-119-5-2-1--tuplet--start--1,tuplet,stamp,mn-1-119-5-2-1
mn-1-119-5-2-1--arpeggiate--1,arpeggiate,stamp,mn-1-119-5-2-1
mn-1-119-5-2-2--arpeggiate--1,arpeggiate,stamp,mn-1-119-5-2-2
mn-1-119-5-2-3--arpeggiate--1,arpeggiate,stamp,mn-1-119-5-2-3
mn-1-119-5-2-4--arpeggiate--1,arpeggiate,stamp,mn-1-119-5-2-4
mn-1-119-5-2-13--tuplet--stop--1,tuplet,stamp,mn-1-119-5-2-13
mn-1-119-5-2-15--tuplet--start--1,tuplet,stamp,mn-1-119-5-2-15
mn-1-119-5-2-25--tuplet--stop--1,tuplet,stamp,mn-1-119-5-2-25
mn-1-119-6-2-1--tuplet--start--1,tuplet,stamp,mn-1-119-6-2-1
mn-1-119-6-2-11--tuplet--stop--1,tuplet,stamp,mn-1-119-6-2-11
mn-1-119-6-2-13--tuplet--start--1,tuplet,stamp,mn-1-119-6-2-13
mn-1-119-6-2-28--tuplet--stop--1,tuplet,stamp,mn-1-119-6-2-28
md-1-119-1-1,dynamics,md,1
md-1-119-1-2,words,md,1
md-1-119-1-3,bracket,md,1
mn-1-120-1-1-1--tuplet--start--1,tuplet,stamp,mn-1-120-1-1-1
mn-1-120-1-1-1--strong-accent--1,strong-accent,derive,mn-1-120-1-1-1
mn-1-120-1-1-11--tuplet--stop--1,tuplet,stamp,mn-1-120-1-1-11
mn-1-120-1-1-13--tuplet--start--1,tuplet,stamp,mn-1-120-1-1-13
mn-1-120-1-1-13--strong-accent--1,strong-accent,derive,mn-1-120-1-1-13
mn-1-120-1-1-23--tuplet--stop--1,tuplet,stamp,mn-1-120-1-1-23
mn-1-120-5-2-1--tuplet--start--1,tuplet,stamp,mn-1-120-5-2-1
mn-1-120-5-2-11--tuplet--stop--1,tuplet,stamp,mn-1-120-5-2-11
mn-1-120-5-2-13--tuplet--start--1,tuplet,stamp,mn-1-120-5-2-13
mn-1-120-5-2-33--tuplet--stop--1,tuplet,stamp,mn-1-120-5-2-33
mn-1-120-6-2-1--tuplet--start--1,tuplet,stamp,mn-1-120-6-2-1
mn-1-120-6-2-11--tuplet--stop--1,tuplet,stamp,mn-1-120-6-2-11
mn-1-120-6-2-13--tuplet--start--1,tuplet,stamp,mn-1-120-6-2-13
mn-1-120-6-2-23--tuplet--stop--1,tuplet,stamp,mn-1-120-6-2-23
md-1-120-1-1,bracket,md,1
mn-1-121-1-1-1--staccatissimo--1,staccatissimo,derive,mn-1-121-1-1-1
mn-1-121-5-2-1--staccatissimo--1,staccatissimo,derive,mn-1-121-5-2-1
mn-1-121-5-2-4--tuplet--start--1,tuplet,stamp,mn-1-121-5-2-4
mn-1-121-5-2-24--tuplet--stop--1,tuplet,stamp,mn-1-121-5-2-24
mn-1-121-6-2-1--staccatissimo--1,staccatissimo,derive,mn-1-121-6-2-1
md-1-121-1-1,words,md,1
md-1-121-2-1,dynamics,md,2
md-1-121-2-2,words,md,2
mn-1-122-5-2-1--staccatissimo--1,staccatissimo,derive,mn-1-122-5-2-1
mn-1-122-5-2-4--tuplet--start--1,tuplet,stamp,mn-1-122-5-2-4
mn-1-122-5-2-24--tuplet--stop--1,tuplet,stamp,mn-1-122-5-2-24
md-1-122-1-1,wedge,md,1
md-1-122-1-2,octave-shift,md,1
md-1-122-1-3,wedge,md,1
mn-1-123-1-1-1--slur--start--1,slur,stamp,mn-1-123-1-1-1
mn-1-123-1-1-1--strong-accent--1,strong-accent,derive,mn-1-123-1-1-1
mn-1-123-1-1-5--slur--stop--1,slur,stamp,mn-1-123-1-1-5
mn-1-123-1-1-5--staccato--1,staccato,derive,mn-1-123-1-1-5
mn-1-123-5-2-1--tuplet--start--1,tuplet,stamp,mn-1-123-5-2-1
mn-1-123-5-2-6--tuplet--stop--1,tuplet,stamp,mn-1-123-5-2-6
mn-1-123-5-2-7--tuplet--start--1,tuplet,stamp,mn-1-123-5-2-7
mn-1-123-5-2-12--tuplet--stop--1,tuplet,stamp,mn-1-123-5-2-12
mn-1-123-6-2-1--tuplet--start--1,tuplet,stamp,mn-1-123-6-2-1
mn-1-123-6-2-6--tuplet--stop--1,tuplet,stamp,mn-1-123-6-2-6
md-1-123-1-1,wedge,md,1
md-1-123-1-2,octave-shift,md,1
md-1-123-1-3,wedge,md,1
mn-1-124-1-1-1--slur--start--1,slur,stamp,mn-1-124-1-1-1
mn-1-124-1-1-1--strong-accent--1,strong-accent,derive,mn-1-124-1-1-1
mn-1-124-1-1-5--slur--stop--1,slur,stamp,mn-1-124-1-1-5
mn-1-124-1-1-5--staccato--1,staccato,derive,mn-1-124-1-1-5
mn-1-124-5-2-1--tuplet--start--1,tuplet,stamp,mn-1-124-5-2-1
mn-1-124-5-2-6--tuplet--stop--1,tuplet,stamp,mn-1-124-5-2-6
mn-1-124-5-2-8--staccato--1,staccato,derive,mn-1-124-5-2-8
mn-1-124-5-2-10--staccato--1,staccato,derive,mn-1-124-5-2-10
mn-1-124-5-2-12--staccato--1,staccato,derive,mn-1-124-5-2-12
mn-1-124-6-2-1--tuplet--start--1,tuplet,stamp,mn-1-124-6-2-1
mn-1-124-6-2-3--tuplet--stop--1,tuplet,stamp,mn-1-124-6-2-3
md-1-124-2-1,wedge,md,2
md-1-124-2-2,wedge,md,2
mn-1-125-5-2-1--staccatissimo--1,staccatissimo,derive,mn-1-125-5-2-1
mn-1-125-5-2-4--tuplet--start--1,tuplet,stamp,mn-1-125-5-2-4
mn-1-125-5-2-24--tuplet--stop--1,tuplet,stamp,mn-1-125-5-2-24
mn-1-126-5-2-1--staccatissimo--1,staccatissimo,derive,mn-1-126-5-2-1
mn-1-126-5-2-4--tuplet--start--1,tuplet,stamp,mn-1-126-5-2-4
mn-1-126-5-2-24--tuplet--stop--1,tuplet,stamp,mn-1-126-5-2-24
md-1-126-1-1,wedge,md,1
md-1-126-1-2,octave-shift,md,1
md-1-126-1-3,wedge,md,1
mn-1-127-1-1-1--slur--start--1,slur,stamp,mn-1-127-1-1-1
mn-1-127-1-1-1--strong-accent--1,strong-accent,derive,mn-1-127-1-1-1
mn-1-127-1-1-5--slur--stop--1,slur,stamp,mn-1-127-1-1-5
mn-1-127-1-1-5--staccato--1,staccato,derive,mn-1-127-1-1-5
mn-1-127-5-2-1--tuplet--start--1,tuplet,stamp,mn-1-127-5-2-1
mn-1-127-5-2-6--tuplet--stop--1,tuplet,stamp,mn-1-127-5-2-6
mn-1-127-5-2-7--tuplet--start--1,tuplet,stamp,mn-1-127-5-2-7
mn-1-127-5-2-12--tuplet--stop--1,tuplet,stamp,mn-1-127-5-2-12
mn-1-127-6-2-1--tuplet--start--1,tuplet,stamp,mn-1-127-6-2-1
mn-1-127-6-2-6--tuplet--stop--1,tuplet,stamp,mn-1-127-6-2-6
md-1-127-1-1,wedge,md,1
md-1-127-1-2,octave-shift,md,1
md-1-127-1-3,wedge,md,1
mn-1-128-1-1-1--slur--start--1,slur,stamp,mn-1-128-1-1-1
mn-1-128-1-1-1--strong-accent--1,strong-accent,derive,mn-1-128-1-1-1
mn-1-128-1-1-5--slur--stop--1,slur,stamp,mn-1-128-1-1-5
mn-1-128-1-1-5--staccato--1,staccato,derive,mn-1-128-1-1-5
mn-1-128-5-2-1--tuplet--start--1,tuplet,stamp,mn-1-128-5-2-1
mn-1-128-5-2-6--tuplet--stop--1,tuplet,stamp,mn-1-128-5-2-6
mn-1-128-5-2-8--staccato--1,staccato,derive,mn-1-128-5-2-8
mn-1-128-5-2-10--staccato--1,staccato,derive,mn-1-128-5-2-10
mn-1-128-5-2-12--staccato--1,staccato,derive,mn-1-128-5-2-12
mn-1-128-6-2-1--tuplet--start--1,tuplet,stamp,mn-1-128-6-2-1
mn-1-128-6-2-3--tuplet--stop--1,tuplet,stamp,mn-1-128-6-2-3
md-1-128-2-1,wedge,md,2
md-1-128-2-2,wedge,md,2
mn-1-129-5-2-1--staccatissimo--1,staccatissimo,derive,mn-1-129-5-2-1
mn-1-129-5-2-4--tuplet--start--1,tuplet,stamp,mn-1-129-5-2-4
mn-1-129-5-2-24--tuplet--stop--1,tuplet,stamp,mn-1-129-5-2-24
mn-1-130-5-2-1--staccatissimo--1,staccatissimo,derive,mn-1-130-5-2-1
mn-1-130-5-2-4--tuplet--start--1,tuplet,stamp,mn-1-130-5-2-4
mn-1-130-5-2-24--tuplet--stop--1,tuplet,stamp,mn-1-130-5-2-24
md-1-130-1-1,wedge,md,1
md-1-130-1-2,octave-shift,md,1
md-1-130-1-3,wedge,md,1
mn-1-131-1-1-1--staccato--1,staccato,derive,mn-1-131-1-1-1
mn-1-131-1-1-5--staccato--1,staccato,derive,mn-1-131-1-1-5
mn-1-131-1-1-8--staccato--1,staccato,derive,mn-1-131-1-1-8
mn-1-131-1-1-11--staccato--1,staccato,derive,mn-1-131-1-1-11
mn-1-131-1-1-14--staccato--1,staccato,derive,mn-1-131-1-1-14
mn-1-131-1-1-17--staccato--1,staccato,derive,mn-1-131-1-1-17
mn-1-131-1-1-20--staccato--1,staccato,derive,mn-1-131-1-1-20
mn-1-131-1-1-23--staccato--1,staccato,derive,mn-1-131-1-1-23
mn-1-131-5-2-4--tied--start--1,tied,stamp,mn-1-131-5-2-4
mn-1-131-5-2-5--tied--stop--1,tied,stamp,mn-1-131-5-2-5
mn-1-131-5-2-8--tied--start--1,tied,stamp,mn-1-131-5-2-8
mn-1-131-5-2-9--tied--stop--1,tied,stamp,mn-1-131-5-2-9
mn-1-131-5-2-12--tied--start--1,tied,stamp,mn-1-131-5-2-12
mn-1-131-5-2-13--tied--stop--1,tied,stamp,mn-1-131-5-2-13
mn-1-131-5-2-16--tied--start--1,tied,stamp,mn-1-131-5-2-16
md-1-131-1-1,wedge,md,1
md-1-131-1-2,octave-shift,md,1
mn-1-132-1-1-1--staccato--1,staccato,derive,mn-1-132-1-1-1
mn-1-132-1-1-4--staccato--1,staccato,derive,mn-1-132-1-1-4
mn-1-132-1-1-7--staccato--1,staccato,derive,mn-1-132-1-1-7
mn-1-132-1-1-10--staccato--1,staccato,derive,mn-1-132-1-1-10
mn-1-132-1-1-13--staccato--1,staccato,derive,mn-1-132-1-1-13
mn-1-132-1-1-16--staccato--1,staccato,derive,mn-1-132-1-1-16
mn-1-132-1-1-19--staccato--1,staccato,derive,mn-1-132-1-1-19
mn-1-132-1-1-22--staccato--1,staccato,derive,mn-1-132-1-1-22
mn-1-132-5-2-1--tied--stop--1,tied,stamp,mn-1-132-5-2-1
mn-1-132-5-2-4--tied--start--1,tied,stamp,mn-1-132-5-2-4
mn-1-132-5-2-5--tied--stop--1,tied,stamp,mn-1-132-5-2-5
mn-1-132-5-2-8--tied--start--1,tied,stamp,mn-1-132-5-2-8
mn-1-132-5-2-9--tied--stop--1,tied,stamp,mn-1-132-5-2-9
mn-1-132-5-2-12--tied--start--1,tied,stamp,mn-1-132-5-2-12
mn-1-132-5-2-13--tied--stop--1,tied,stamp,mn-1-132-5-2-13
md-1-132-1-1,wedge,md,1
mn-1-133-5-2-4--tied--start--1,tied,stamp,mn-1-133-5-2-4
mn-1-133-5-2-5--tied--stop--1,tied,stamp,mn-1-133-5-2-5
mn-1-133-5-2-8--tied--start--1,tied,stamp,mn-1-133-5-2-8
mn-1-133-5-2-9--tied--stop--1,tied,stamp,mn-1-133-5-2-9
mn-1-133-5-2-12--tied--start--1,tied,stamp,mn-1-133-5-2-12
mn-1-133-5-2-13--tied--stop--1,tied,stamp,mn-1-133-5-2-13
mn-1-133-5-2-16--tied--start--1,tied,stamp,mn-1-133-5-2-16
md-1-133-1-1,dynamics,md,1
md-1-133-1-2,words,md,1
mn-1-134-5-2-1--tied--stop--1,tied,stamp,mn-1-134-5-2-1
mn-1-134-5-2-4--tied--start--1,tied,stamp,mn-1-134-5-2-4
mn-1-134-5-2-5--tied--stop--1,tied,stamp,mn-1-134-5-2-5
mn-1-134-5-2-8--tied--start--1,tied,stamp,mn-1-134-5-2-8
mn-1-134-5-2-9--tied--stop--1,tied,stamp,mn-1-134-5-2-9
mn-1-135-2-1-1--slur--start--1,slur,stamp,mn-1-135-2-1-1
mn-1-135-2-1-2--slur--stop--1,slur,stamp,mn-1-135-2-1-2
mn-1-135-5-2-4--tied--start--1,tied,stamp,mn-1-135-5-2-4
mn-1-135-5-2-5--tied--stop--1,tied,stamp,mn-1-135-5-2-5
mn-1-135-5-2-8--tied--start--1,tied,stamp,mn-1-135-5-2-8
mn-1-135-5-2-9--tied--stop--1,tied,stamp,mn-1-135-5-2-9
mn-1-135-5-2-12--tied--start--1,tied,stamp,mn-1-135-5-2-12
mn-1-135-5-2-13--tied--stop--1,tied,stamp,mn-1-135-5-2-13
mn-1-135-5-2-16--tied--start--1,tied,stamp,mn-1-135-5-2-16
mn-1-136-1-1-1--slur--start--1,slur,stamp,mn-1-136-1-1-1
mn-1-136-1-1-1--accent--1,accent,derive,mn-1-136-1-1-1
mn-1-136-1-1-6--tied--start--1,tied,stamp,mn-1-136-1-1-6
mn-1-136-1-1-7--tied--stop--1,tied,stamp,mn-1-136-1-1-7
mn-1-136-1-1-9--tied--start--1,tied,stamp,mn-1-136-1-1-9
mn-1-136-5-2-1--tied--stop--1,tied,stamp,mn-1-136-5-2-1
mn-1-136-5-2-4--tied--start--1,tied,stamp,mn-1-136-5-2-4
mn-1-136-5-2-5--tied--stop--1,tied,stamp,mn-1-136-5-2-5
mn-1-136-5-2-8--tied--start--1,tied,stamp,mn-1-136-5-2-8
mn-1-136-5-2-9--tied--stop--1,tied,stamp,mn-1-136-5-2-9
mn-1-136-5-2-12--tied--start--1,tied,stamp,mn-1-136-5-2-12
mn-1-136-5-2-13--tied--stop--1,tied,stamp,mn-1-136-5-2-13
mn-1-136-5-2-16--tied--start--1,tied,stamp,mn-1-136-5-2-16
mn-1-136-6-2-5--tied--start--1,tied,stamp,mn-1-136-6-2-5
mn-1-136-6-2-6--tied--stop--1,tied,stamp,mn-1-136-6-2-6
mn-1-136-6-2-7--tied--start--1,tied,stamp,mn-1-136-6-2-7
mn-1-136-6-2-8--tied--stop--1,tied,stamp,mn-1-136-6-2-8
mn-1-136-6-2-9--tied--start--1,tied,stamp,mn-1-136-6-2-9
mn-1-136-6-2-10--tied--start--1,tied,stamp,mn-1-136-6-2-10
md-1-136-1-1,words,md,1
mn-1-137-1-1-1--tied--stop--1,tied,stamp,mn-1-137-1-1-1
mn-1-137-1-1-9--slur--stop--1,slur,stamp,mn-1-137-1-1-9
mn-1-137-5-2-1--tied--stop--1,tied,stamp,mn-1-137-5-2-1
mn-1-137-5-2-4--tied--start--1,tied,stamp,mn-1-137-5-2-4
mn-1-137-5-2-5--tied--stop--1,tied,stamp,mn-1-137-5-2-5
mn-1-137-5-2-8--tied--start--1,tied,stamp,mn-1-137-5-2-8
mn-1-137-5-2-9--tied--stop--1,tied,stamp,mn-1-137-5-2-9
mn-1-137-5-2-12--tied--start--1,tied,stamp,mn-1-137-5-2-12
mn-1-137-5-2-13--tied--stop--1,tied,stamp,mn-1-137-5-2-13
mn-1-137-5-2-16--tied--start--1,tied,stamp,mn-1-137-5-2-16
mn-1-137-6-2-1--tied--stop--1,tied,stamp,mn-1-137-6-2-1
mn-1-137-6-2-2--tied--stop--1,tied,stamp,mn-1-137-6-2-2
mn-1-137-6-2-3--tied--start--1,tied,stamp,mn-1-137-6-2-3
mn-1-137-6-2-4--tied--start--1,tied,stamp,mn-1-137-6-2-4
mn-1-137-6-2-5--tied--start--1,tied,stamp,mn-1-137-6-2-5
mn-1-137-6-2-6--tied--stop--1,tied,stamp,mn-1-137-6-2-6
mn-1-137-6-2-7--tied--stop--1,tied,stamp,mn-1-137-6-2-7
mn-1-137-6-2-8--tied--stop--1,tied,stamp,mn-1-137-6-2-8
mn-1-138-1-1-1--slur--start--1,slur,stamp,mn-1-138-1-1-1
mn-1-138-1-1-8--tied--start--1,tied,stamp,mn-1-138-1-1-8
mn-1-138-1-1-9--tied--stop--1,tied,stamp,mn-1-138-1-1-9
mn-1-138-1-1-11--tied--start--1,tied,stamp,mn-1-138-1-1-11
mn-1-138-1-1-12--tied--start--1,tied,stamp,mn-1-138-1-1-12
mn-1-138-5-2-1--tied--stop--1,tied,stamp,mn-1-138-5-2-1
mn-1-138-5-2-4--tied--start--1,tied,stamp,mn-1-138-5-2-4
mn-1-138-5-2-5--tied--stop--1,tied,stamp,mn-1-138-5-2-5
mn-1-138-5-2-8--tied--start--1,tied,stamp,mn-1-138-5-2-8
mn-1-138-5-2-9--tied--stop--1,tied,stamp,mn-1-138-5-2-9
mn-1-138-5-2-12--tied--start--1,tied,stamp,mn-1-138-5-2-12
mn-1-138-5-2-13--tied--stop--1,tied,stamp,mn-1-138-5-2-13
mn-1-138-5-2-16--tied--start--1,tied,stamp,mn-1-138-5-2-16
mn-1-138-6-2-1--tied--start--1,tied,stamp,mn-1-138-6-2-1
mn-1-138-6-2-2--tied--stop--1,tied,stamp,mn-1-138-6-2-2
mn-1-138-6-2-3--tied--start--1,tied,stamp,mn-1-138-6-2-3
mn-1-138-6-2-4--tied--stop--1,tied,stamp,mn-1-138-6-2-4
mn-1-139-1-1-1--tied--stop--1,tied,stamp,mn-1-139-1-1-1
mn-1-139-1-1-2--tied--stop--1,tied,stamp,mn-1-139-1-1-2
mn-1-139-1-1-4--tied--start--1,tied,stamp,mn-1-139-1-1-4
mn-1-139-1-1-5--tied--start--1,tied,stamp,mn-1-139-1-1-5
mn-1-139-1-1-7--tied--stop--1,tied,stamp,mn-1-139-1-1-7
mn-1-139-1-1-8--tied--stop--1,tied,stamp,mn-1-139-1-1-8
mn-1-139-1-1-14--slur--stop--1,slur,stamp,mn-1-139-1-1-14
mn-1-139-5-2-1--tied--stop--1,tied,stamp,mn-1-139-5-2-1
mn-1-139-5-2-4--tied--start--1,tied,stamp,mn-1-139-5-2-4
mn-1-139-5-2-5--tied--stop--1,tied,stamp,mn-1-139-5-2-5
mn-1-139-5-2-8--tied--start--1,tied,stamp,mn-1-139-5-2-8
mn-1-139-5-2-9--tied--stop--1,tied,stamp,mn-1-139-5-2-9
mn-1-139-5-2-12--tied--start--1,tied,stamp,mn-1-139-5-2-12
mn-1-139-5-2-13--tied--stop--1,tied,stamp,mn-1-139-5-2-13
mn-1-139-5-2-16--tied--start--1,tied,stamp,mn-1-139-5-2-16
md-1-139-1-1,wedge,md,1
md-1-139-1-2,wedge,md,1
mn-1-140-1-1-1--slur--start--1,slur,stamp,mn-1-140-1-1-1
mn-1-140-1-1-6--tied--start--1,tied,stamp,mn-1-140-1-1-6
mn-1-140-1-1-8--tied--stop--1,tied,stamp,mn-1-140-1-1-8
mn-1-140-1-1-10--tied--start--1,tied,stamp,mn-1-140-1-1-10
mn-1-140-1-1-11--tied--start--1,tied,stamp,mn-1-140-1-1-11
mn-1-140-1-1-12--tied--stop--1,tied,stamp,mn-1-140-1-1-12
mn-1-140-1-1-13--tied--stop--1,tied,stamp,mn-1-140-1-1-13
mn-1-140-1-1-15--tied--start--1,tied,stamp,mn-1-140-1-1-15
mn-1-140-1-1-16--tied--start--1,tied,stamp,mn-1-140-1-1-16
mn-1-140-5-2-1--tied--stop--1,tied,stamp,mn-1-140-5-2-1
mn-1-140-5-2-4--tied--start--1,tied,stamp,mn-1-140-5-2-4
mn-1-140-5-2-5--tied--stop--1,tied,stamp,mn-1-140-5-2-5
mn-1-140-5-2-8--tied--start--1,tied,stamp,mn-1-140-5-2-8
mn-1-140-5-2-9--tied--stop--1,tied,stamp,mn-1-140-5-2-9
mn-1-140-5-2-12--tied--start--1,tied,stamp,mn-1-140-5-2-12
mn-1-140-5-2-13--tied--stop--1,tied,stamp,mn-1-140-5-2-13
mn-1-141-1-1-1--tied--stop--1,tied,stamp,mn-1-141-1-1-1
mn-1-141-1-1-2--tied--stop--1,tied,stamp,mn-1-141-1-1-2
mn-1-141-1-1-4--tied--start--1,tied,stamp,mn-1-141-1-1-4
mn-1-141-1-1-5--tied--start--1,tied,stamp,mn-1-141-1-1-5
mn-1-141-1-1-7--tied--stop--1,tied,stamp,mn-1-141-1-1-7
mn-1-141-1-1-8--tied--stop--1,tied,stamp,mn-1-141-1-1-8
mn-1-141-1-1-10--staccato--1,staccato,derive,mn-1-141-1-1-10
mn-1-141-1-1-11--staccato--1,staccato,derive,mn-1-141-1-1-11
mn-1-141-1-1-12--staccato--1,staccato,derive,mn-1-141-1-1-12
mn-1-141-1-1-13--staccato--1,staccato,derive,mn-1-141-1-1-13
mn-1-141-1-1-14--slur--stop--1,slur,stamp,mn-1-141-1-1-14
mn-1-141-1-1-14--staccato--1,staccato,derive,mn-1-141-1-1-14
mn-1-141-5-2-4--tied--start--1,tied,stamp,mn-1-141-5-2-4
mn-1-141-5-2-5--tied--stop--1,tied,stamp,mn-1-141-5-2-5
mn-1-141-5-2-8--tied--start--1,tied,stamp,mn-1-141-5-2-8
mn-1-141-5-2-9--tied--stop--1,tied,stamp,mn-1-141-5-2-9
mn-1-141-5-2-12--tied--start--1,tied,stamp,mn-1-141-5-2-12
mn-1-141-5-2-13--tied--stop--1,tied,stamp,mn-1-141-5-2-13
mn-1-141-5-2-16--tied--start--1,tied,stamp,mn-1-141-5-2-16
mn-1-142-5-2-1--tied--stop--1,tied,stamp,mn-1-142-5-2-1
mn-1-142-5-2-4--tied--start--1,tied,stamp,mn-1-142-5-2-4
mn-1-142-5-2-5--tied--stop--1,tied,stamp,mn-1-142-5-2-5
mn-1-142-5-2-8--tied--start--1,tied,stamp,mn-1-142-5-2-8
mn-1-142-5-2-9--tied--stop--1,tied,stamp,mn-1-142-5-2-9
mn-1-142-5-2-12--tied--start--1,tied,stamp,mn-1-142-5-2-12
mn-1-142-5-2-13--tied--stop--1,tied,stamp,mn-1-142-5-2-13
mn-1-142-5-2-16--tied--start--1,tied,stamp,mn-1-142-5-2-16
mn-1-143-5-2-1--tied--stop--1,tied,stamp,mn-1-143-5-2-1
mn-1-143-5-2-4--tied--start--1,tied,stamp,mn-1-143-5-2-4
mn-1-143-5-2-5--tied--stop--1,tied,stamp,mn-1-143-5-2-5
mn-1-143-5-2-8--tied--start--1,tied,stamp,mn-1-143-5-2-8
mn-1-143-5-2-9--tied--stop--1,tied,stamp,mn-1-143-5-2-9
mn-1-143-5-2-12--tied--start--1,tied,stamp,mn-1-143-5-2-12
mn-1-143-5-2-13--tied--stop--1,tied,stamp,mn-1-143-5-2-13
mn-1-144-1-1-1--arpeggiate--1,arpeggiate,stamp,mn-1-144-1-1-1
mn-1-144-1-1-2--arpeggiate--1,arpeggiate,stamp,mn-1-144-1-1-2
mn-1-144-1-1-3--arpeggiate--1,arpeggiate,stamp,mn-1-144-1-1-3
mn-1-144-1-1-4--arpeggiate--1,arpeggiate,stamp,mn-1-144-1-1-4
mn-1-144-1-1-5--arpeggiate--1,arpeggiate,stamp,mn-1-144-1-1-5
mn-1-144-1-1-6--arpeggiate--1,arpeggiate,stamp,mn-1-144-1-1-6
mn-1-144-1-1-7--arpeggiate--1,arpeggiate,stamp,mn-1-144-1-1-7
mn-1-144-1-1-8--arpeggiate--1,arpeggiate,stamp,mn-1-144-1-1-8
mn-1-144-1-1-9--arpeggiate--1,arpeggiate,stamp,mn-1-144-1-1-9
mn-1-144-1-1-10--arpeggiate--1,arpeggiate,stamp,mn-1-144-1-1-10
mn-1-144-1-1-11--arpeggiate--1,arpeggiate,stamp,mn-1-144-1-1-11
mn-1-144-1-1-12--arpeggiate--1,arpeggiate,stamp,mn-1-144-1-1-12
mn-1-144-5-2-1--arpeggiate--1,arpeggiate,stamp,mn-1-144-5-2-1
mn-1-144-5-2-2--arpeggiate--1,arpeggiate,stamp,mn-1-144-5-2-2
mn-1-144-5-2-3--arpeggiate--1,arpeggiate,stamp,mn-1-144-5-2-3
mn-1-144-5-2-4--arpeggiate--1,arpeggiate,stamp,mn-1-144-5-2-4
mn-1-144-5-2-5--arpeggiate--1,arpeggiate,stamp,mn-1-144-5-2-5
mn-1-144-5-2-6--arpeggiate--1,arpeggiate,stamp,mn-1-144-5-2-6
mn-1-144-5-2-7--arpeggiate--1,arpeggiate,stamp,mn-1-144-5-2-7
mn-1-144-5-2-8--arpeggiate--1,arpeggiate,stamp,mn-1-144-5-2-8
mn-1-144-5-2-9--arpeggiate--1,arpeggiate,stamp,mn-1-144-5-2-9
mn-1-144-5-2-10--arpeggiate--1,arpeggiate,stamp,mn-1-144-5-2-10
mn-1-144-5-2-11--arpeggiate--1,arpeggiate,stamp,mn-1-144-5-2-11
mn-1-144-5-2-12--arpeggiate--1,arpeggiate,stamp,mn-1-144-5-2-12
md-1-144-1-1,words,md,1
mn-1-145-1-1-1--arpeggiate--1,arpeggiate,stamp,mn-1-145-1-1-1
mn-1-145-1-1-2--arpeggiate--1,arpeggiate,stamp,mn-1-145-1-1-2
mn-1-145-1-1-3--arpeggiate--1,arpeggiate,stamp,mn-1-145-1-1-3
mn-1-145-1-1-4--arpeggiate--1,arpeggiate,stamp,mn-1-145-1-1-4
mn-1-145-1-1-5--arpeggiate--1,arpeggiate,stamp,mn-1-145-1-1-5
mn-1-145-1-1-6--arpeggiate--1,arpeggiate,stamp,mn-1-145-1-1-6
mn-1-145-1-1-7--arpeggiate--1,arpeggiate,stamp,mn-1-145-1-1-7
mn-1-145-1-1-8--arpeggiate--1,arpeggiate,stamp,mn-1-145-1-1-8
mn-1-145-1-1-9--arpeggiate--1,arpeggiate,stamp,mn-1-145-1-1-9
mn-1-145-1-1-10--arpeggiate--1,arpeggiate,stamp,mn-1-145-1-1-10
mn-1-145-1-1-11--arpeggiate--1,arpeggiate,stamp,mn-1-145-1-1-11
mn-1-145-1-1-12--arpeggiate--1,arpeggiate,stamp,mn-1-145-1-1-12
mn-1-145-5-2-1--arpeggiate--1,arpeggiate,stamp,mn-1-145-5-2-1
mn-1-145-5-2-2--arpeggiate--1,arpeggiate,stamp,mn-1-145-5-2-2
mn-1-145-5-2-3--arpeggiate--1,arpeggiate,stamp,mn-1-145-5-2-3
mn-1-145-5-2-4--arpeggiate--1,arpeggiate,stamp,mn-1-145-5-2-4
mn-1-145-5-2-5--arpeggiate--1,arpeggiate,stamp,mn-1-145-5-2-5
mn-1-145-5-2-6--arpeggiate--1,arpeggiate,stamp,mn-1-145-5-2-6
mn-1-145-5-2-7--arpeggiate--1,arpeggiate,stamp,mn-1-145-5-2-7
mn-1-145-5-2-8--arpeggiate--1,arpeggiate,stamp,mn-1-145-5-2-8
mn-1-145-5-2-9--arpeggiate--1,arpeggiate,stamp,mn-1-145-5-2-9
mn-1-145-5-2-10--arpeggiate--1,arpeggiate,stamp,mn-1-145-5-2-10
mn-1-145-5-2-11--arpeggiate--1,arpeggiate,stamp,mn-1-145-5-2-11
mn-1-145-5-2-12--arpeggiate--1,arpeggiate,stamp,mn-1-145-5-2-12
mn-1-146-1-1-1--arpeggiate--1,arpeggiate,stamp,mn-1-146-1-1-1
mn-1-146-1-1-2--arpeggiate--1,arpeggiate,stamp,mn-1-146-1-1-2
mn-1-146-1-1-3--arpeggiate--1,arpeggiate,stamp,mn-1-146-1-1-3
mn-1-146-1-1-4--arpeggiate--1,arpeggiate,stamp,mn-1-146-1-1-4
mn-1-146-1-1-5--arpeggiate--1,arpeggiate,stamp,mn-1-146-1-1-5
mn-1-146-1-1-6--arpeggiate--1,arpeggiate,stamp,mn-1-146-1-1-6
mn-1-146-1-1-7--arpeggiate--1,arpeggiate,stamp,mn-1-146-1-1-7
mn-1-146-1-1-8--arpeggiate--1,arpeggiate,stamp,mn-1-146-1-1-8
mn-1-146-1-1-9--arpeggiate--1,arpeggiate,stamp,mn-1-146-1-1-9
mn-1-146-1-1-10--arpeggiate--1,arpeggiate,stamp,mn-1-146-1-1-10
mn-1-146-1-1-11--arpeggiate--1,arpeggiate,stamp,mn-1-146-1-1-11
mn-1-146-1-1-12--arpeggiate--1,arpeggiate,stamp,mn-1-146-1-1-12
mn-1-146-1-1-13--arpeggiate--1,arpeggiate,stamp,mn-1-146-1-1-13
mn-1-146-1-1-14--arpeggiate--1,arpeggiate,stamp,mn-1-146-1-1-14
mn-1-146-1-1-15--arpeggiate--1,arpeggiate,stamp,mn-1-146-1-1-15
mn-1-146-5-2-1--arpeggiate--1,arpeggiate,stamp,mn-1-146-5-2-1
mn-1-146-5-2-2--arpeggiate--1,arpeggiate,stamp,mn-1-146-5-2-2
mn-1-146-5-2-3--arpeggiate--1,arpeggiate,stamp,mn-1-146-5-2-3
mn-1-146-5-2-4--arpeggiate--1,arpeggiate,stamp,mn-1-146-5-2-4
mn-1-146-5-2-5--arpeggiate--1,arpeggiate,stamp,mn-1-146-5-2-5
mn-1-146-5-2-6--arpeggiate--1,arpeggiate,stamp,mn-1-146-5-2-6
mn-1-146-5-2-7--arpeggiate--1,arpeggiate,stamp,mn-1-146-5-2-7
mn-1-146-5-2-8--arpeggiate--1,arpeggiate,stamp,mn-1-146-5-2-8
mn-1-146-5-2-9--arpeggiate--1,arpeggiate,stamp,mn-1-146-5-2-9
mn-1-146-5-2-10--arpeggiate--1,arpeggiate,stamp,mn-1-146-5-2-10
mn-1-146-5-2-11--arpeggiate--1,arpeggiate,stamp,mn-1-146-5-2-11
mn-1-146-5-2-12--arpeggiate--1,arpeggiate,stamp,mn-1-146-5-2-12
mn-1-146-5-2-13--arpeggiate--1,arpeggiate,stamp,mn-1-146-5-2-13
mn-1-146-5-2-14--arpeggiate--1,arpeggiate,stamp,mn-1-146-5-2-14
mn-1-146-5-2-15--arpeggiate--1,arpeggiate,stamp,mn-1-146-5-2-15
md-1-146-1-1,words,md,1
mn-1-147-1-1-1--arpeggiate--1,arpeggiate,stamp,mn-1-147-1-1-1
mn-1-147-1-1-2--arpeggiate--1,arpeggiate,stamp,mn-1-147-1-1-2
mn-1-147-1-1-3--arpeggiate--1,arpeggiate,stamp,mn-1-147-1-1-3
mn-1-147-1-1-4--arpeggiate--1,arpeggiate,stamp,mn-1-147-1-1-4
mn-1-147-1-1-5--arpeggiate--1,arpeggiate,stamp,mn-1-147-1-1-5
mn-1-147-1-1-6--arpeggiate--1,arpeggiate,stamp,mn-1-147-1-1-6
mn-1-147-1-1-7--arpeggiate--1,arpeggiate,stamp,mn-1-147-1-1-7
mn-1-147-1-1-8--arpeggiate--1,arpeggiate,stamp,mn-1-147-1-1-8
mn-1-147-1-1-9--arpeggiate--1,arpeggiate,stamp,mn-1-147-1-1-9
mn-1-147-1-1-10--arpeggiate--1,arpeggiate,stamp,mn-1-147-1-1-10
mn-1-147-1-1-11--arpeggiate--1,arpeggiate,stamp,mn-1-147-1-1-11
mn-1-147-1-1-12--arpeggiate--1,arpeggiate,stamp,mn-1-147-1-1-12
mn-1-147-1-1-13--arpeggiate--1,arpeggiate,stamp,mn-1-147-1-1-13
mn-1-147-1-1-14--arpeggiate--1,arpeggiate,stamp,mn-1-147-1-1-14
mn-1-147-1-1-15--arpeggiate--1,arpeggiate,stamp,mn-1-147-1-1-15
mn-1-147-1-1-16--arpeggiate--1,arpeggiate,stamp,mn-1-147-1-1-16
mn-1-147-5-2-1--arpeggiate--1,arpeggiate,stamp,mn-1-147-5-2-1
mn-1-147-5-2-2--arpeggiate--1,arpeggiate,stamp,mn-1-147-5-2-2
mn-1-147-5-2-3--arpeggiate--1,arpeggiate,stamp,mn-1-147-5-2-3
mn-1-147-5-2-4--arpeggiate--1,arpeggiate,stamp,mn-1-147-5-2-4
mn-1-147-5-2-5--arpeggiate--1,arpeggiate,stamp,mn-1-147-5-2-5
mn-1-147-5-2-6--arpeggiate--1,arpeggiate,stamp,mn-1-147-5-2-6
mn-1-147-5-2-7--arpeggiate--1,arpeggiate,stamp,mn-1-147-5-2-7
mn-1-147-5-2-8--arpeggiate--1,arpeggiate,stamp,mn-1-147-5-2-8
mn-1-147-5-2-9--arpeggiate--1,arpeggiate,stamp,mn-1-147-5-2-9
mn-1-147-5-2-10--arpeggiate--1,arpeggiate,stamp,mn-1-147-5-2-10
mn-1-147-5-2-11--arpeggiate--1,arpeggiate,stamp,mn-1-147-5-2-11
mn-1-147-5-2-12--arpeggiate--1,arpeggiate,stamp,mn-1-147-5-2-12
mn-1-147-5-2-13--arpeggiate--1,arpeggiate,stamp,mn-1-147-5-2-13
mn-1-147-5-2-14--arpeggiate--1,arpeggiate,stamp,mn-1-147-5-2-14
mn-1-147-5-2-15--arpeggiate--1,arpeggiate,stamp,mn-1-147-5-2-15
mn-1-147-5-2-16--arpeggiate--1,arpeggiate,stamp,mn-1-147-5-2-16
mn-1-148-1-1-1--arpeggiate--1,arpeggiate,stamp,mn-1-148-1-1-1
mn-1-148-1-1-2--arpeggiate--1,arpeggiate,stamp,mn-1-148-1-1-2
mn-1-148-1-1-3--arpeggiate--1,arpeggiate,stamp,mn-1-148-1-1-3
mn-1-148-1-1-4--arpeggiate--1,arpeggiate,stamp,mn-1-148-1-1-4
mn-1-148-1-1-5--arpeggiate--1,arpeggiate,stamp,mn-1-148-1-1-5
mn-1-148-1-1-6--arpeggiate--1,arpeggiate,stamp,mn-1-148-1-1-6
mn-1-148-1-1-7--arpeggiate--1,arpeggiate,stamp,mn-1-148-1-1-7
mn-1-148-1-1-8--arpeggiate--1,arpeggiate,stamp,mn-1-148-1-1-8
mn-1-148-1-1-9--arpeggiate--1,arpeggiate,stamp,mn-1-148-1-1-9
mn-1-148-1-1-10--arpeggiate--1,arpeggiate,stamp,mn-1-148-1-1-10
mn-1-148-1-1-11--arpeggiate--1,arpeggiate,stamp,mn-1-148-1-1-11
mn-1-148-1-1-12--arpeggiate--1,arpeggiate,stamp,mn-1-148-1-1-12
mn-1-148-5-2-1--arpeggiate--1,arpeggiate,stamp,mn-1-148-5-2-1
mn-1-148-5-2-2--arpeggiate--1,arpeggiate,stamp,mn-1-148-5-2-2
mn-1-148-5-2-3--arpeggiate--1,arpeggiate,stamp,mn-1-148-5-2-3
mn-1-148-5-2-4--arpeggiate--1,arpeggiate,stamp,mn-1-148-5-2-4
mn-1-148-5-2-5--arpeggiate--1,arpeggiate,stamp,mn-1-148-5-2-5
mn-1-148-5-2-6--arpeggiate--1,arpeggiate,stamp,mn-1-148-5-2-6
mn-1-148-5-2-7--arpeggiate--1,arpeggiate,stamp,mn-1-148-5-2-7
mn-1-148-5-2-8--arpeggiate--1,arpeggiate,stamp,mn-1-148-5-2-8
mn-1-148-5-2-9--arpeggiate--1,arpeggiate,stamp,mn-1-148-5-2-9
mn-1-148-5-2-10--arpeggiate--1,arpeggiate,stamp,mn-1-148-5-2-10
mn-1-148-5-2-11--arpeggiate--1,arpeggiate,stamp,mn-1-148-5-2-11
mn-1-148-5-2-12--arpeggiate--1,arpeggiate,stamp,mn-1-148-5-2-12
mn-1-149-1-1-1--arpeggiate--1,arpeggiate,stamp,mn-1-149-1-1-1
mn-1-149-1-1-2--arpeggiate--1,arpeggiate,stamp,mn-1-149-1-1-2
mn-1-149-1-1-3--arpeggiate--1,arpeggiate,stamp,mn-1-149-1-1-3
mn-1-149-1-1-4--arpeggiate--1,arpeggiate,stamp,mn-1-149-1-1-4
mn-1-149-1-1-5--arpeggiate--1,arpeggiate,stamp,mn-1-149-1-1-5
mn-1-149-1-1-6--arpeggiate--1,arpeggiate,stamp,mn-1-149-1-1-6
mn-1-149-1-1-7--arpeggiate--1,arpeggiate,stamp,mn-1-149-1-1-7
mn-1-149-1-1-8--arpeggiate--1,arpeggiate,stamp,mn-1-149-1-1-8
mn-1-149-1-1-9--arpeggiate--1,arpeggiate,stamp,mn-1-149-1-1-9
mn-1-149-1-1-10--arpeggiate--1,arpeggiate,stamp,mn-1-149-1-1-10
mn-1-149-1-1-11--arpeggiate--1,arpeggiate,stamp,mn-1-149-1-1-11
mn-1-149-1-1-12--arpeggiate--1,arpeggiate,stamp,mn-1-149-1-1-12
mn-1-149-5-2-1--arpeggiate--1,arpeggiate,stamp,mn-1-149-5-2-1
mn-1-149-5-2-2--arpeggiate--1,arpeggiate,stamp,mn-1-149-5-2-2
mn-1-149-5-2-3--arpeggiate--1,arpeggiate,stamp,mn-1-149-5-2-3
mn-1-149-5-2-4--arpeggiate--1,arpeggiate,stamp,mn-1-149-5-2-4
mn-1-149-5-2-5--arpeggiate--1,arpeggiate,stamp,mn-1-149-5-2-5
mn-1-149-5-2-6--arpeggiate--1,arpeggiate,stamp,mn-1-149-5-2-6
mn-1-149-5-2-7--arpeggiate--1,arpeggiate,stamp,mn-1-149-5-2-7
mn-1-149-5-2-8--arpeggiate--1,arpeggiate,stamp,mn-1-149-5-2-8
mn-1-149-5-2-9--arpeggiate--1,arpeggiate,stamp,mn-1-149-5-2-9
mn-1-149-5-2-10--arpeggiate--1,arpeggiate,stamp,mn-1-149-5-2-10
mn-1-149-5-2-11--arpeggiate--1,arpeggiate,stamp,mn-1-149-5-2-11
mn-1-149-5-2-12--arpeggiate--1,arpeggiate,stamp,mn-1-149-5-2-12
mn-1-150-1-1-1--arpeggiate--1,arpeggiate,stamp,mn-1-150-1-1-1
mn-1-150-1-1-2--arpeggiate--1,arpeggiate,stamp,mn-1-150-1-1-2
mn-1-150-1-1-3--arpeggiate--1,arpeggiate,stamp,mn-1-150-1-1-3
mn-1-150-5-2-1--arpeggiate--1,arpeggiate,stamp,mn-1-150-5-2-1
mn-1-150-5-2-2--arpeggiate--1,arpeggiate,stamp,mn-1-150-5-2-2
mn-1-150-5-2-3--arpeggiate--1,arpeggiate,stamp,mn-1-150-5-2-3
mn-1-151-1-1-1--arpeggiate--1,arpeggiate,stamp,mn-1-151-1-1-1
mn-1-151-1-1-2--arpeggiate--1,arpeggiate,stamp,mn-1-151-1-1-2
mn-1-151-1-1-3--arpeggiate--1,arpeggiate,stamp,mn-1-151-1-1-3
mn-1-151-5-2-1--arpeggiate--1,arpeggiate,stamp,mn-1-151-5-2-1
mn-1-151-5-2-2--arpeggiate--1,arpeggiate,stamp,mn-1-151-5-2-2
mn-1-151-5-2-3--arpeggiate--1,arpeggiate,stamp,mn-1-151-5-2-3
mn-1-152-1-1-1--arpeggiate--1,arpeggiate,stamp,mn-1-152-1-1-1
mn-1-152-1-1-2--arpeggiate--1,arpeggiate,stamp,mn-1-152-1-1-2
mn-1-152-1-1-3--arpeggiate--1,arpeggiate,stamp,mn-1-152-1-1-3
mn-1-152-1-1-4--arpeggiate--1,arpeggiate,stamp,mn-1-152-1-1-4
mn-1-152-5-2-1--arpeggiate--1,arpeggiate,stamp,mn-1-152-5-2-1
mn-1-152-5-2-2--arpeggiate--1,arpeggiate,stamp,mn-1-152-5-2-2
mn-1-152-5-2-3--arpeggiate--1,arpeggiate,stamp,mn-1-152-5-2-3
mn-1-152-5-2-4--arpeggiate--1,arpeggiate,stamp,mn-1-152-5-2-4
mn-1-153-1-1-3--fermata--upright--1,fermata,stamp,mn-1-153-1-1-3
mn-1-153-5-2-9--fermata--upright--1,fermata,stamp,mn-1-153-5-2-9
md-1-153-2-1,words,md,2
md-1-153-2-2,words,md,2
mn-1-154-1-1-2--fermata--upright--1,fermata,stamp,mn-1-154-1-1-2
mn-1-154-1-1-2--arpeggiate--1,arpeggiate,stamp,mn-1-154-1-1-2
mn-1-154-1-1-3--arpeggiate--1,arpeggiate,stamp,mn-1-154-1-1-3
mn-1-154-1-1-4--arpeggiate--1,arpeggiate,stamp,mn-1-154-1-1-4
mn-1-154-1-1-5--arpeggiate--1,arpeggiate,stamp,mn-1-154-1-1-5
mn-1-154-5-2-1--arpeggiate--1,arpeggiate,stamp,mn-1-154-5-2-1
mn-1-154-5-2-2--arpeggiate--1,arpeggiate,stamp,mn-1-154-5-2-2
mn-1-154-5-2-8--fermata--upright--1,fermata,stamp,mn-1-154-5-2-8
md-1-154-1-1,octave-shift,md,1
mn-1-155-1-2-1--tenuto--1,tenuto,derive,mn-1-155-1-2-1
mn-1-155-1-2-3--tenuto--1,tenuto,derive,mn-1-155-1-2-3
md-1-155-1-1,words,md,1
md-1-155-1-2,words,md,1
mn-1-156-1-2-1--fermata--upright--1,fermata,stamp,mn-1-156-1-2-1
mn-1-156-5-2-1--fermata--inverted--1,fermata,stamp,mn-1-156-5-2-1
