note_id,original_id,bar,voice,staff,ordinal
mn-1-1-1-1,n1,1,1,1,1
mn-1-1-1-2,n2,1,1,1,2
mn-1-1-1-3,n3,1,1,1,3
mn-1-1-1-4,n4,1,1,1,4
mn-1-1-1-5,n5,1,1,1,5
mn-1-1-1-6,n6,1,1,1,6
mn-1-1-1-7,n7,1,1,1,7
mn-1-1-1-8,n8,1,1,1,8
mn-1-1-1-9,n9,1,1,1,9
mn-1-1-1-10,n10,1,1,1,10
mn-1-1-1-11,n11,1,1,1,11
mn-1-1-1-12,n12,1,1,1,12
mn-1-1-1-13,n13,1,1,1,13
mn-1-1-1-14,n14,1,1,1,14
mn-1-1-1-15,n15,1,1,1,15
mn-1-5-2-1,n16,1,5,2,1
mn-1-5-2-2,n17,1,5,2,2
mn-1-5-2-3,n18,1,5,2,3
mn-1-5-2-4,n19,1,5,2,4
mn-1-5-2-5,n20,1,5,2,5
mn-1-5-2-6,n21,1,5,2,6
mn-1-5-2-7,n22,1,5,2,7
mn-1-5-2-8,n23,1,5,2,8
mn-1-5-2-9,n24,1,5,2,9
mn-2-1-1-1,n25,2,1,1,1
mn-2-1-1-2,n26,2,1,1,2
mn-2-1-1-3,n27,2,1,1,3
mn-2-1-1-4,n28,2,1,1,4
mn-2-1-1-5,n29,2,1,1,5
mn-2-1-1-6,n30,2,1,1,6
mn-2-1-1-7,n31,2,1,1,7
mn-2-1-1-8,n32,2,1,1,8
mn-2-1-1-9,n33,2,1,1,9
mn-2-5-2-1,n34,2,5,2,1
mn-2-5-2-2,n35,2,5,2,2
mn-2-5-2-3,n36,2,5,2,3
mn-2-5-2-4,n37,2,5,2,4
mn-2-5-2-5,n38,2,5,2,5
mn-2-5-2-6,n39,2,5,2,6
mn-2-5-2-7,n40,2,5,2,7
mn-3-1-1-1,n41,3,1,1,1
mn-3-1-1-2,n42,3,1,1,2
mn-3-1-1-3,n43,3,1,1,3
mn-3-1-1-4,n44,3,1,1,4
mn-3-1-1-5,n45,3,1,1,5
mn-3-1-1-6,n46,3,1,1,6
mn-3-1-1-7,n47,3,1,1,7
mn-3-1-1-8,n48,3,1,1,8
mn-3-1-1-9,n49,3,1,1,9
mn-3-1-1-10,n50,3,1,1,10
mn-3-1-1-11,n51,3,1,1,11
mn-3-1-1-12,n52,3,1,1,12
mn-3-5-2-1,n53,3,5,2,1
mn-3-5-2-2,n54,3,5,2,2
mn-3-5-2-3,n55,3,5,2,3
mn-3-5-2-4,n56,3,5,2,4
mn-3-5-2-5,n57,3,5,2,5
mn-3-5-2-6,n58,3,5,2,6
mn-3-5-2-7,n59,3,5,2,7
mn-3-5-2-8,n60,3,5,2,8
mn-3-5-2-9,n61,3,5,2,9
mn-3-5-2-10,n62,3,5,2,10
mn-3-5-2-11,n63,3,5,2,11
mn-4-1-1-1,n64,4,1,1,1
mn-4-1-1-2,n65,4,1,1,2
mn-4-1-1-3,n66,4,1,1,3
mn-4-1-1-4,n67,4,1,1,4
mn-4-1-1-5,n68,4,1,1,5
mn-4-1-1-6,n69,4,1,1,6
mn-4-1-1-7,n70,4,1,1,7
mn-4-1-1-8,n71,4,1,1,8
mn-4-1-1-9,n72,4,1,1,9
mn-4-1-1-10,n73,4,1,1,10
mn-4-1-1-11,n74,4,1,1,11
mn-4-1-1-12,n75,4,1,1,12
mn-4-5-2-1,n76,4,5,2,1
mn-4-5-2-2,n77,4,5,2,2
mn-4-5-2-3,n78,4,5,2,3
mn-4-5-2-4,n79,4,5,2,4
mn-4-5-2-5,n80,4,5,2,5
mn-4-5-2-6,n81,4,5,2,6
mn-4-5-2-7,n82,4,5,2,7
mn-4-5-2-8,n83,4,5,2,8
mn-4-5-2-9,n84,4,5,2,9
mn-4-5-2-10,n85,4,5,2,10
mn-4-5-2-11,n86,4,5,2,11
mn-4-5-2-12,n87,4,5,2,12
mn-5-1-1-1,n88,5,1,1,1
mn-5-1-1-2,n89,5,1,1,2
mn-5-1-1-3,n90,5,1,1,3
mn-5-1-1-4,n91,5,1,1,4
mn-5-1-1-5,n92,5,1,1,5
mn-5-1-1-6,n93,5,1,1,6
mn-5-1-1-7,n94,5,1,1,7
mn-5-1-1-8,n95,5,1,1,8
mn-5-1-1-9,n96,5,1,1,9
mn-5-1-1-10,n97,5,1,1,10
mn-5-1-1-11,n98,5,1,1,11
mn-5-1-1-12,n99,5,1,1,12
mn-5-1-1-13,n100,5,1,1,13
mn-5-1-1-14,n101,5,1,1,14
mn-5-1-1-15,n102,5,1,1,15
mn-5-1-1-16,n103,5,1,1,16
mn-5-1-1-17,n104,5,1,1,17
mn-5-5-2-1,n105,5,5,2,1
mn-5-5-2-2,n106,5,5,2,2
mn-5-5-2-3,n107,5,5,2,3
mn-5-5-2-4,n108,5,5,2,4
mn-5-5-2-5,n109,5,5,2,5
mn-5-5-2-6,n110,5,5,2,6
mn-5-5-2-7,n111,5,5,2,7
mn-5-5-2-8,n112,5,5,2,8
mn-5-5-2-9,n113,5,5,2,9
mn-5-5-2-10,n114,5,5,2,10
mn-6-1-1-1,n115,6,1,1,1
mn-6-1-1-2,n116,6,1,1,2
mn-6-1-1-3,n117,6,1,1,3
mn-6-1-1-4,n118,6,1,1,4
mn-6-1-1-5,n119,6,1,1,5
mn-6-1-1-6,n120,6,1,1,6
mn-6-1-1-7,n121,6,1,1,7
mn-6-1-1-8,n122,6,1,1,8
mn-6-1-1-9,n123,6,1,1,9
mn-6-1-1-10,n124,6,1,1,10
mn-6-5-2-1,n125,6,5,2,1
mn-6-5-2-2,n126,6,5,2,2
mn-6-5-2-3,n127,6,5,2,3
mn-6-5-2-4,n128,6,5,2,4
mn-6-5-2-5,n129,6,5,2,5
mn-6-5-2-6,n130,6,5,2,6
mn-6-5-2-7,n131,6,5,2,7
mn-6-5-2-8,n132,6,5,2,8
mn-7-1-1-1,n133,7,1,1,1
mn-7-1-1-2,n134,7,1,1,2
mn-7-1-1-3,n135,7,1,1,3
mn-7-1-1-4,n136,7,1,1,4
mn-7-1-1-5,n137,7,1,1,5
mn-7-1-1-6,n138,7,1,1,6
mn-7-1-1-7,n139,7,1,1,7
mn-7-1-1-8,n140,7,1,1,8
mn-7-1-1-9,n141,7,1,1,9
mn-7-1-1-10,n142,7,1,1,10
mn-7-1-1-11,n143,7,1,1,11
mn-7-1-1-12,n144,7,1,1,12
mn-7-5-2-1,n145,7,5,2,1
mn-7-5-2-2,n146,7,5,2,2
mn-7-5-2-3,n147,7,5,2,3
mn-7-5-2-4,n148,7,5,2,4
mn-7-5-2-5,n149,7,5,2,5
mn-7-5-2-6,n150,7,5,2,6
mn-7-5-2-7,n151,7,5,2,7
mn-7-5-2-8,n152,7,5,2,8
mn-7-5-2-9,n153,7,5,2,9
mn-7-5-2-10,n154,7,5,2,10
mn-7-5-2-11,n155,7,5,2,11
mn-8-1-1-1,n156,8,1,1,1
mn-8-1-1-2,n157,8,1,1,2
mn-8-1-1-3,n158,8,1,1,3
mn-8-1-1-4,n159,8,1,1,4
mn-8-1-1-5,n160,8,1,1,5
mn-8-1-1-6,n161,8,1,1,6
mn-8-1-1-7,n162,8,1,1,7
mn-8-1-1-8,n163,8,1,1,8
mn-8-1-1-9,n164,8,1,1,9
mn-8-1-1-10,n165,8,1,1,10
mn-8-1-1-11,n166,8,1,1,11
mn-8-1-1-12,n167,8,1,1,12
mn-8-5-2-1,n168,8,5,2,1
mn-8-5-2-2,n169,8,5,2,2
mn-8-5-2-3,n170,8,5,2,3
mn-8-5-2-4,n171,8,5,2,4
mn-8-5-2-5,n172,8,5,2,5
mn-8-5-2-6,n173,8,5,2,6
mn-8-5-2-7,n174,8,5,2,7
mn-8-5-2-8,n175,8,5,2,8
mn-8-5-2-9,n176,8,5,2,9
mn-8-5-2-10,n177,8,5,2,10
mn-8-5-2-11,n178,8,5,2,11
mn-8-5-2-12,n179,8,5,2,12
mn-9-1-1-1,n180,9,1,1,1
mn-9-1-1-2,n181,9,1,1,2
mn-9-1-1-3,n182,9,1,1,3
mn-9-1-1-4,n183,9,1,1,4
mn-9-1-1-5,n184,9,1,1,5
mn-9-1-1-6,n185,9,1,1,6
mn-9-1-1-7,n186,9,1,1,7
mn-9-1-1-8,n187,9,1,1,8
mn-9-1-1-9,n188,9,1,1,9
mn-9-1-1-10,n189,9,1,1,10
mn-9-1-1-11,n190,9,1,1,11
mn-9-1-1-12,n191,9,1,1,12
mn-9-1-1-13,n192,9,1,1,13
mn-9-1-1-14,n193,9,1,1,14
mn-9-1-1-15,n194,9,1,1,15
mn-9-1-1-16,n195,9,1,1,16
mn-9-1-1-17,n196,9,1,1,17
mn-9-5-2-1,n197,9,5,2,1
mn-9-5-2-2,n198,9,5,2,2
mn-9-5-2-3,n199,9,5,2,3
mn-9-5-2-4,n200,9,5,2,4
mn-9-5-2-5,n201,9,5,2,5
mn-9-5-2-6,n202,9,5,2,6
mn-9-5-2-7,n203,9,5,2,7
mn-9-5-2-8,n204,9,5,2,8
mn-9-5-2-9,n205,9,5,2,9
mn-9-5-2-10,n206,9,5,2,10
mn-10-1-1-1,n207,10,1,1,1
mn-10-1-1-2,n208,10,1,1,2
mn-10-1-1-3,n209,10,1,1,3
mn-10-1-1-4,n210,10,1,1,4
mn-10-1-1-5,n211,10,1,1,5
mn-10-1-1-6,n212,10,1,1,6
mn-10-1-1-7,n213,10,1,1,7
mn-10-1-1-8,n214,10,1,1,8
mn-10-1-1-9,n215,10,1,1,9
mn-10-1-1-10,n216,10,1,1,10
mn-10-1-1-11,n217,10,1,1,11
mn-10-5-2-1,n218,10,5,2,1
mn-10-5-2-2,n219,10,5,2,2
mn-10-5-2-3,n220,10,5,2,3
mn-10-5-2-4,n221,10,5,2,4
mn-10-5-2-5,n222,10,5,2,5
mn-10-5-2-6,n223,10,5,2,6
mn-10-5-2-7,n224,10,5,2,7
mn-10-5-2-8,n225,10,5,2,8
mn-11-1-1-1,n226,11,1,1,1
mn-11-1-1-2,n227,11,1,1,2
mn-11-1-1-3,n228,11,1,1,3
mn-11-1-1-4,n229,11,1,1,4
mn-11-1-1-5,n230,11,1,1,5
mn-11-1-1-6,n231,11,1,1,6
mn-11-1-1-7,n232,11,1,1,7
mn-11-1-1-8,n233,11,1,1,8
mn-11-1-1-9,n234,11,1,1,9
mn-11-1-1-10,n235,11,1,1,10
mn-11-1-1-11,n236,11,1,1,11
mn-11-1-1-12,n237,11,1,1,12
mn-11-1-1-13,n238,11,1,1,13
mn-11-1-1-14,n239,11,1,1,14
mn-11-1-1-15,n240,11,1,1,15
mn-11-1-1-16,n241,11,1,1,16
mn-11-1-1-17,n242,11,1,1,17
mn-11-1-1-18,n243,11,1,1,18
mn-11-5-2-1,n244,11,5,2,1
mn-11-5-2-2,n245,11,5,2,2
mn-11-5-2-3,n246,11,5,2,3
mn-11-5-2-4,n247,11,5,2,4
mn-11-5-2-5,n248,11,5,2,5
mn-11-5-2-6,n249,11,5,2,6
mn-11-5-2-7,n250,11,5,2,7
mn-11-5-2-8,n251,11,5,2,8
mn-11-5-2-9,n252,11,5,2,9
mn-12-1-1-1,n253,12,1,1,1
mn-12-1-1-2,n254,12,1,1,2
mn-12-1-1-3,n255,12,1,1,3
mn-12-1-1-4,n256,12,1,1,4
mn-12-1-1-5,n257,12,1,1,5
mn-12-1-1-6,n258,12,1,1,6
mn-12-1-1-7,n259,12,1,1,7
mn-12-1-1-8,n260,12,1,1,8
mn-12-1-1-9,n261,12,1,1,9
mn-12-1-1-10,n262,12,1,1,10
mn-12-1-1-11,n263,12,1,1,11
mn-12-5-2-1,n264,12,5,2,1
mn-12-5-2-2,n265,12,5,2,2
mn-12-5-2-3,n266,12,5,2,3
mn-12-5-2-4,n267,12,5,2,4
mn-12-5-2-5,n268,12,5,2,5
mn-12-5-2-6,n269,12,5,2,6
mn-12-5-2-7,n270,12,5,2,7
mn-12-5-2-8,n271,12,5,2,8
mn-12-5-2-9,n272,12,5,2,9
mn-13-1-1-1,n273,13,1,1,1
mn-13-1-1-2,n274,13,1,1,2
mn-13-1-1-3,n275,13,1,1,3
mn-13-1-1-4,n276,13,1,1,4
mn-13-1-1-5,n277,13,1,1,5
mn-13-1-1-6,n278,13,1,1,6
mn-13-1-1-7,n279,13,1,1,7
mn-13-1-1-8,n280,13,1,1,8
mn-13-1-1-9,n281,13,1,1,9
mn-13-1-1-10,n282,13,1,1,10
mn-13-1-1-11,n283,13,1,1,11
mn-13-1-1-12,n284,13,1,1,12
mn-13-1-1-13,n285,13,1,1,13
mn-13-1-1-14,n286,13,1,1,14
mn-13-1-1-15,n287,13,1,1,15
mn-13-1-1-16,n288,13,1,1,16
mn-13-5-2-1,n289,13,5,2,1
mn-13-5-2-2,n290,13,5,2,2
mn-13-5-2-3,n291,13,5,2,3
mn-13-5-2-4,n292,13,5,2,4
mn-13-5-2-5,n293,13,5,2,5
mn-13-5-2-6,n294,13,5,2,6
mn-13-5-2-7,n295,13,5,2,7
mn-13-5-2-8,n296,13,5,2,8
mn-13-5-2-9,n297,13,5,2,9
mn-13-5-2-10,n298,13,5,2,10
mn-13-5-2-11,n299,13,5,2,11
mn-13-5-2-12,n300,13,5,2,12
mn-13-5-2-13,n301,13,5,2,13
mn-13-5-2-14,n302,13,5,2,14
mn-13-5-2-15,n303,13,5,2,15
mn-13-5-2-16,n304,13,5,2,16
mn-13-5-2-17,n305,13,5,2,17
mn-14-1-1-1,n306,14,1,1,1
mn-14-1-1-2,n307,14,1,1,2
mn-14-1-1-3,n308,14,1,1,3
mn-14-1-1-4,n309,14,1,1,4
mn-14-1-1-5,n310,14,1,1,5
mn-14-1-1-6,n311,14,1,1,6
mn-14-1-1-7,n312,14,1,1,7
mn-14-1-1-8,n313,14,1,1,8
mn-14-1-1-9,n314,14,1,1,9
mn-14-1-1-10,n315,14,1,1,10
mn-14-1-1-11,n316,14,1,1,11
mn-14-1-1-12,n317,14,1,1,12
mn-14-2-1-1,n318,14,2,1,1
mn-14-2-1-2,n319,14,2,1,2
mn-14-2-1-3,n320,14,2,1,3
mn-14-5-2-1,n321,14,5,2,1
mn-14-5-2-2,n322,14,5,2,2
mn-14-5-2-3,n323,14,5,2,3
mn-14-5-2-4,n324,14,5,2,4
mn-14-5-2-5,n325,14,5,2,5
mn-14-5-2-6,n326,14,5,2,6
mn-14-5-2-7,n327,14,5,2,7
mn-14-5-2-8,n328,14,5,2,8
mn-15-1-1-1,n329,15,1,1,1
mn-15-1-1-2,n330,15,1,1,2
mn-15-1-1-3,n331,15,1,1,3
mn-15-1-1-4,n332,15,1,1,4
mn-15-1-1-5,n333,15,1,1,5
mn-15-1-1-6,n334,15,1,1,6
mn-15-1-1-7,n335,15,1,1,7
mn-15-1-1-8,n336,15,1,1,8
mn-15-1-1-9,n337,15,1,1,9
mn-15-1-1-10,n338,15,1,1,10
mn-15-1-1-11,n339,15,1,1,11
mn-15-1-1-12,n340,15,1,1,12
mn-15-1-1-13,n341,15,1,1,13
mn-15-1-1-14,n342,15,1,1,14
mn-15-2-1-1,n343,15,2,1,1
mn-15-5-2-1,n344,15,5,2,1
mn-15-5-2-2,n345,15,5,2,2
mn-15-5-2-3,n346,15,5,2,3
mn-15-5-2-4,n347,15,5,2,4
mn-15-5-2-5,n348,15,5,2,5
mn-15-5-2-6,n349,15,5,2,6
mn-15-5-2-7,n350,15,5,2,7
mn-15-5-2-8,n351,15,5,2,8
mn-15-5-2-9,n352,15,5,2,9
mn-15-5-2-10,n353,15,5,2,10
mn-15-5-2-11,n354,15,5,2,11
mn-15-5-2-12,n355,15,5,2,12
mn-15-5-2-13,n356,15,5,2,13
mn-16-1-1-1,n357,16,1,1,1
mn-16-1-1-2,n358,16,1,1,2
mn-16-1-1-3,n359,16,1,1,3
mn-16-1-1-4,n360,16,1,1,4
mn-16-1-1-5,n361,16,1,1,5
mn-16-1-1-6,n362,16,1,1,6
mn-16-1-1-7,n363,16,1,1,7
mn-16-1-1-8,n364,16,1,1,8
mn-16-1-1-9,n365,16,1,1,9
mn-16-1-1-10,n366,16,1,1,10
mn-16-1-1-11,n367,16,1,1,11
mn-16-1-1-12,n368,16,1,1,12
mn-16-1-1-13,n369,16,1,1,13
mn-16-1-1-14,n370,16,1,1,14
mn-16-1-1-15,n371,16,1,1,15
mn-16-5-2-1,n372,16,5,2,1
mn-16-5-2-2,n373,16,5,2,2
mn-16-5-2-3,n374,16,5,2,3
mn-16-5-2-4,n375,16,5,2,4
mn-16-5-2-5,n376,16,5,2,5
mn-16-5-2-6,n377,16,5,2,6
mn-16-5-2-7,n378,16,5,2,7
mn-16-5-2-8,n379,16,5,2,8
mn-16-5-2-9,n380,16,5,2,9
mn-16-5-2-10,n381,16,5,2,10
mn-16-5-2-11,n382,16,5,2,11
mn-16-5-2-12,n383,16,5,2,12
mn-17-1-1-1,n384,17,1,1,1
mn-17-1-1-2,n385,17,1,1,2
mn-17-1-1-3,n386,17,1,1,3
mn-17-1-1-4,n387,17,1,1,4
mn-17-1-1-5,n388,17,1,1,5
mn-17-1-1-6,n389,17,1,1,6
mn-17-1-1-7,n390,17,1,1,7
mn-17-1-1-8,n391,17,1,1,8
mn-17-1-1-9,n392,17,1,1,9
mn-17-1-1-10,n393,17,1,1,10
mn-17-1-1-11,n394,17,1,1,11
mn-17-5-2-1,n395,17,5,2,1
mn-17-5-2-2,n396,17,5,2,2
mn-17-5-2-3,n397,17,5,2,3
mn-17-5-2-4,n398,17,5,2,4
mn-17-5-2-5,n399,17,5,2,5
mn-17-5-2-6,n400,17,5,2,6
mn-17-5-2-7,n401,17,5,2,7
mn-17-5-2-8,n402,17,5,2,8
mn-17-5-2-9,n403,17,5,2,9
mn-17-5-2-10,n404,17,5,2,10
mn-17-5-2-11,n405,17,5,2,11
mn-17-5-2-12,n406,17,5,2,12
mn-17-5-2-13,n407,17,5,2,13
mn-18-1-1-1,n408,18,1,1,1
mn-18-1-1-2,n409,18,1,1,2
mn-18-1-1-3,n410,18,1,1,3
mn-18-1-1-4,n411,18,1,1,4
mn-18-1-1-5,n412,18,1,1,5
mn-18-1-1-6,n413,18,1,1,6
mn-18-1-1-7,n414,18,1,1,7
mn-18-1-1-8,n415,18,1,1,8
mn-18-1-1-9,n416,18,1,1,9
mn-18-1-1-10,n417,18,1,1,10
mn-18-1-1-11,n418,18,1,1,11
mn-18-1-1-12,n419,18,1,1,12
mn-18-1-1-13,n420,18,1,1,13
mn-18-1-1-14,n421,18,1,1,14
mn-18-1-1-15,n422,18,1,1,15
mn-18-1-1-16,n423,18,1,1,16
mn-18-5-2-1,n424,18,5,2,1
mn-18-5-2-2,n425,18,5,2,2
mn-18-5-2-3,n426,18,5,2,3
mn-18-5-2-4,n427,18,5,2,4
mn-18-5-2-5,n428,18,5,2,5
mn-18-5-2-6,n429,18,5,2,6
mn-18-5-2-7,n430,18,5,2,7
mn-18-5-2-8,n431,18,5,2,8
mn-18-5-2-9,n432,18,5,2,9
mn-18-5-2-10,n433,18,5,2,10
mn-18-5-2-11,n434,18,5,2,11
mn-18-5-2-12,n435,18,5,2,12
mn-18-5-2-13,n436,18,5,2,13
mn-19-1-1-1,n437,19,1,1,1
mn-19-1-1-2,n438,19,1,1,2
mn-19-1-1-3,n439,19,1,1,3
mn-19-1-1-4,n440,19,1,1,4
mn-19-1-1-5,n441,19,1,1,5
mn-19-1-1-6,n442,19,1,1,6
mn-19-1-1-7,n443,19,1,1,7
mn-19-1-1-8,n444,19,1,1,8
mn-19-1-1-9,n445,19,1,1,9
mn-19-1-1-10,n446,19,1,1,10
mn-19-1-1-11,n447,19,1,1,11
mn-19-1-1-12,n448,19,1,1,12
mn-19-1-1-13,n449,19,1,1,13
mn-19-1-1-14,n450,19,1,1,14
mn-19-1-1-15,n451,19,1,1,15
mn-19-1-1-16,n452,19,1,1,16
mn-19-1-1-17,n453,19,1,1,17
mn-19-1-1-18,n454,19,1,1,18
mn-19-1-1-19,n455,19,1,1,19
mn-19-1-1-20,n456,19,1,1,20
mn-19-1-1-21,n457,19,1,1,21
mn-19-1-1-22,n458,19,1,1,22
mn-19-1-1-23,n459,19,1,1,23
mn-19-5-2-1,n460,19,5,2,1
mn-19-5-2-2,n461,19,5,2,2
mn-19-5-2-3,n462,19,5,2,3
mn-19-5-2-4,n463,19,5,2,4
mn-19-5-2-5,n464,19,5,2,5
mn-19-5-2-6,n465,19,5,2,6
mn-19-5-2-7,n466,19,5,2,7
mn-19-5-2-8,n467,19,5,2,8
mn-19-5-2-9,n468,19,5,2,9
mn-19-5-2-10,n469,19,5,2,10
mn-19-5-2-11,n470,19,5,2,11
mn-19-5-2-12,n471,19,5,2,12
mn-19-5-2-13,n472,19,5,2,13
mn-19-5-2-14,n473,19,5,2,14
mn-20-1-1-1,n474,20,1,1,1
mn-20-1-1-2,n475,20,1,1,2
mn-20-1-1-3,n476,20,1,1,3
mn-20-1-1-4,n477,20,1,1,4
mn-20-1-1-5,n478,20,1,1,5
mn-20-1-1-6,n479,20,1,1,6
mn-20-1-1-7,n480,20,1,1,7
mn-20-1-1-8,n481,20,1,1,8
mn-20-1-1-9,n482,20,1,1,9
mn-20-1-1-10,n483,20,1,1,10
mn-20-1-1-11,n484,20,1,1,11
mn-20-1-1-12,n485,20,1,1,12
mn-20-1-1-13,n486,20,1,1,13
mn-20-1-1-14,n487,20,1,1,14
mn-20-1-1-15,n488,20,1,1,15
mn-20-5-2-1,n489,20,5,2,1
mn-20-5-2-2,n490,20,5,2,2
mn-20-5-2-3,n491,20,5,2,3
mn-20-5-2-4,n492,20,5,2,4
mn-20-5-2-5,n493,20,5,2,5
mn-20-5-2-6,n494,20,5,2,6
mn-20-5-2-7,n495,20,5,2,7
mn-20-5-2-8,n496,20,5,2,8
mn-20-5-2-9,n497,20,5,2,9
mn-20-5-2-10,n498,20,5,2,10
mn-20-5-2-11,n499,20,5,2,11
mn-20-5-2-12,n500,20,5,2,12
mn-20-5-2-13,n501,20,5,2,13
mn-20-5-2-14,n502,20,5,2,14
mn-20-5-2-15,n503,20,5,2,15
mn-20-5-2-16,n504,20,5,2,16
mn-20-5-2-17,n505,20,5,2,17
mn-20-5-2-18,n506,20,5,2,18
mn-21-1-1-1,n507,21,1,1,1
mn-21-1-1-2,n508,21,1,1,2
mn-21-1-1-3,n509,21,1,1,3
mn-21-1-1-4,n510,21,1,1,4
mn-21-1-1-5,n511,21,1,1,5
mn-21-1-1-6,n512,21,1,1,6
mn-21-1-1-7,n513,21,1,1,7
mn-21-1-1-8,n514,21,1,1,8
mn-21-1-1-9,n515,21,1,1,9
mn-21-1-1-10,n516,21,1,1,10
mn-21-1-1-11,n517,21,1,1,11
mn-21-1-1-12,n518,21,1,1,12
mn-21-5-2-1,n519,21,5,2,1
mn-21-5-2-2,n520,21,5,2,2
mn-21-5-2-3,n521,21,5,2,3
mn-21-5-2-4,n522,21,5,2,4
mn-21-5-2-5,n523,21,5,2,5
mn-21-5-2-6,n524,21,5,2,6
mn-21-5-2-7,n525,21,5,2,7
mn-21-5-2-8,n526,21,5,2,8
mn-21-5-2-9,n527,21,5,2,9
mn-21-5-2-10,n528,21,5,2,10
mn-21-5-2-11,n529,21,5,2,11
mn-21-5-2-12,n530,21,5,2,12
mn-21-5-2-13,n531,21,5,2,13
mn-22-1-1-1,n532,22,1,1,1
mn-22-1-1-2,n533,22,1,1,2
mn-22-1-1-3,n534,22,1,1,3
mn-22-1-1-4,n535,22,1,1,4
mn-22-1-1-5,n536,22,1,1,5
mn-22-1-1-6,n537,22,1,1,6
mn-22-1-1-7,n538,22,1,1,7
mn-22-1-1-8,n539,22,1,1,8
mn-22-1-1-9,n540,22,1,1,9
mn-22-1-1-10,n541,22,1,1,10
mn-22-1-1-11,n542,22,1,1,11
mn-22-1-1-12,n543,22,1,1,12
mn-22-1-1-13,n544,22,1,1,13
mn-22-2-1-1,n545,22,2,1,1
mn-22-2-1-2,n546,22,2,1,2
mn-22-2-1-3,n547,22,2,1,3
mn-22-2-1-4,n548,22,2,1,4
mn-22-5-2-1,n549,22,5,2,1
mn-22-5-2-2,n550,22,5,2,2
mn-22-5-2-3,n551,22,5,2,3
mn-22-5-2-4,n552,22,5,2,4
mn-22-5-2-5,n553,22,5,2,5
mn-22-5-2-6,n554,22,5,2,6
mn-22-5-2-7,n555,22,5,2,7
mn-22-5-2-8,n556,22,5,2,8
mn-22-5-2-9,n557,22,5,2,9
mn-22-5-2-10,n558,22,5,2,10
mn-22-5-2-11,n559,22,5,2,11
mn-22-5-2-12,n560,22,5,2,12
mn-22-5-2-13,n561,22,5,2,13
mn-23-1-1-1,n562,23,1,1,1
mn-23-1-1-2,r1,23,1,1,2
mn-23-1-1-3,n563,23,1,1,3
mn-23-1-1-4,n564,23,1,1,4
mn-23-1-1-5,r2,23,1,1,5
mn-23-1-1-6,n565,23,1,1,6
mn-23-1-1-7,n566,23,1,1,7
mn-23-1-1-8,r3,23,1,1,8
mn-23-1-1-9,n567,23,1,1,9
mn-23-2-1-1,n568,23,2,1,1
mn-23-2-1-2,n569,23,2,1,2
mn-23-2-1-3,n570,23,2,1,3
mn-23-2-1-4,n571,23,2,1,4
mn-23-2-1-5,n572,23,2,1,5
mn-23-2-1-6,n573,23,2,1,6
mn-23-2-1-7,n574,23,2,1,7
mn-23-2-1-8,n575,23,2,1,8
mn-23-2-1-9,n576,23,2,1,9
mn-23-2-1-10,n577,23,2,1,10
mn-23-2-1-11,n578,23,2,1,11
mn-23-2-1-12,n579,23,2,1,12
mn-23-2-1-13,n580,23,2,1,13
mn-23-2-1-14,n581,23,2,1,14
mn-23-2-1-15,n582,23,2,1,15
mn-23-2-1-16,n583,23,2,1,16
mn-23-2-1-17,n584,23,2,1,17
mn-23-2-1-18,n585,23,2,1,18
mn-23-2-1-19,n586,23,2,1,19
mn-23-2-1-20,n587,23,2,1,20
mn-23-2-1-21,n588,23,2,1,21
mn-23-2-1-22,n589,23,2,1,22
mn-23-2-1-23,n590,23,2,1,23
mn-23-2-1-24,n591,23,2,1,24
mn-23-5-2-1,n592,23,5,2,1
mn-23-5-2-2,n593,23,5,2,2
mn-23-5-2-3,n594,23,5,2,3
mn-23-5-2-4,n595,23,5,2,4
mn-23-5-2-5,n596,23,5,2,5
mn-23-5-2-6,n597,23,5,2,6
mn-23-5-2-7,n598,23,5,2,7
mn-23-5-2-8,n599,23,5,2,8
mn-23-5-2-9,n600,23,5,2,9
mn-23-5-2-10,n601,23,5,2,10
mn-23-5-2-11,n602,23,5,2,11
mn-23-5-2-12,n603,23,5,2,12
mn-23-5-2-13,n604,23,5,2,13
mn-24-1-1-1,n605,24,1,1,1
mn-24-1-1-2,n606,24,1,1,2
mn-24-1-1-3,n607,24,1,1,3
mn-24-1-1-4,n608,24,1,1,4
mn-24-1-1-5,n609,24,1,1,5
mn-24-1-1-6,n610,24,1,1,6
mn-24-1-1-7,n611,24,1,1,7
mn-24-1-1-8,n612,24,1,1,8
mn-24-1-1-9,n613,24,1,1,9
mn-24-2-1-1,n614,24,2,1,1
mn-24-2-1-2,n615,24,2,1,2
mn-24-2-1-3,n616,24,2,1,3
mn-24-2-1-4,n617,24,2,1,4
mn-24-2-1-5,n618,24,2,1,5
mn-24-2-1-6,n619,24,2,1,6
mn-24-2-1-7,n620,24,2,1,7
mn-24-2-1-8,n621,24,2,1,8
mn-24-2-1-9,n622,24,2,1,9
mn-24-2-1-10,n623,24,2,1,10
mn-24-2-1-11,n624,24,2,1,11
mn-24-2-1-12,n625,24,2,1,12
mn-24-2-1-13,n626,24,2,1,13
mn-24-2-1-14,n627,24,2,1,14
mn-24-2-1-15,n628,24,2,1,15
mn-24-2-1-16,n629,24,2,1,16
mn-24-2-1-17,n630,24,2,1,17
mn-24-2-1-18,n631,24,2,1,18
mn-24-2-1-19,n632,24,2,1,19
mn-24-2-1-20,n633,24,2,1,20
mn-24-2-1-21,n634,24,2,1,21
mn-24-2-1-22,n635,24,2,1,22
mn-24-2-1-23,n636,24,2,1,23
mn-24-2-1-24,n637,24,2,1,24
mn-24-5-2-1,n638,24,5,2,1
mn-24-5-2-2,n639,24,5,2,2
mn-24-5-2-3,n640,24,5,2,3
mn-24-5-2-4,n641,24,5,2,4
mn-24-5-2-5,n642,24,5,2,5
mn-24-5-2-6,n643,24,5,2,6
mn-24-5-2-7,n644,24,5,2,7
mn-24-5-2-8,n645,24,5,2,8
mn-24-5-2-9,n646,24,5,2,9
mn-24-5-2-10,n647,24,5,2,10
mn-24-5-2-11,n648,24,5,2,11
mn-24-5-2-12,n649,24,5,2,12
mn-24-6-2-1,n650,24,6,2,1
mn-25-1-1-1,n651,25,1,1,1
mn-25-1-1-2,n652,25,1,1,2
mn-25-1-1-3,n653,25,1,1,3
mn-25-1-1-4,n654,25,1,1,4
mn-25-1-1-5,n655,25,1,1,5
mn-25-1-1-6,n656,25,1,1,6
mn-25-1-1-7,n657,25,1,1,7
mn-25-2-1-1,n658,25,2,1,1
mn-25-2-1-2,n659,25,2,1,2
mn-25-2-1-3,n660,25,2,1,3
mn-25-2-1-4,n661,25,2,1,4
mn-25-2-1-5,n662,25,2,1,5
mn-25-2-1-6,n663,25,2,1,6
mn-25-2-1-7,n664,25,2,1,7
mn-25-2-1-8,n665,25,2,1,8
mn-25-5-2-1,n666,25,5,2,1
mn-25-5-2-2,n667,25,5,2,2
mn-25-5-2-3,n668,25,5,2,3
mn-25-5-2-4,n669,25,5,2,4
mn-25-5-2-5,n670,25,5,2,5
mn-25-5-2-6,n671,25,5,2,6
mn-25-5-2-7,n672,25,5,2,7
mn-25-5-2-8,n673,25,5,2,8
mn-25-5-2-9,n674,25,5,2,9
mn-25-5-2-10,n675,25,5,2,10
mn-25-5-2-11,n676,25,5,2,11
mn-25-5-2-12,n677,25,5,2,12
mn-25-5-2-13,n678,25,5,2,13
mn-25-5-2-14,n679,25,5,2,14
mn-26-1-1-1,n680,26,1,1,1
mn-26-1-1-2,n681,26,1,1,2
mn-26-1-1-3,n682,26,1,1,3
mn-26-1-1-4,n683,26,1,1,4
mn-26-1-1-5,n684,26,1,1,5
mn-26-1-1-6,n685,26,1,1,6
mn-26-1-1-7,n686,26,1,1,7
mn-26-1-1-8,n687,26,1,1,8
mn-26-1-1-9,n688,26,1,1,9
mn-26-1-1-10,n689,26,1,1,10
mn-26-1-1-11,n690,26,1,1,11
mn-26-1-1-12,n691,26,1,1,12
mn-26-1-1-13,n692,26,1,1,13
mn-26-1-1-14,n693,26,1,1,14
mn-26-1-1-15,n694,26,1,1,15
mn-26-1-1-16,n695,26,1,1,16
mn-26-1-1-17,n696,26,1,1,17
mn-26-2-1-1,n697,26,2,1,1
mn-26-2-1-2,n698,26,2,1,2
mn-26-2-1-3,n699,26,2,1,3
mn-26-2-1-4,n700,26,2,1,4
mn-26-2-1-5,n701,26,2,1,5
mn-26-2-1-6,n702,26,2,1,6
mn-26-2-1-7,n703,26,2,1,7
mn-26-2-1-8,n704,26,2,1,8
mn-26-2-1-9,n705,26,2,1,9
mn-26-5-2-1,n706,26,5,2,1
mn-26-5-2-2,n707,26,5,2,2
mn-26-5-2-3,n708,26,5,2,3
mn-26-5-2-4,n709,26,5,2,4
mn-26-5-2-5,n710,26,5,2,5
mn-26-5-2-6,n711,26,5,2,6
mn-26-5-2-7,n712,26,5,2,7
mn-26-5-2-8,n713,26,5,2,8
mn-26-5-2-9,n714,26,5,2,9
mn-26-5-2-10,n715,26,5,2,10
mn-26-5-2-11,n716,26,5,2,11
mn-26-5-2-12,n717,26,5,2,12
mn-26-5-2-13,n718,26,5,2,13
mn-26-5-2-14,n719,26,5,2,14
mn-26-5-2-15,n720,26,5,2,15
mn-26-5-2-16,n721,26,5,2,16
mn-26-5-2-17,n722,26,5,2,17
mn-27-1-1-1,n723,27,1,1,1
mn-27-1-1-2,n724,27,1,1,2
mn-27-1-1-3,n725,27,1,1,3
mn-27-1-1-4,n726,27,1,1,4
mn-27-1-1-5,n727,27,1,1,5
mn-27-1-1-6,n728,27,1,1,6
mn-27-1-1-7,n729,27,1,1,7
mn-27-1-1-8,n730,27,1,1,8
mn-27-2-1-1,n731,27,2,1,1
mn-27-2-1-2,n732,27,2,1,2
mn-27-2-1-3,n733,27,2,1,3
mn-27-2-1-4,n734,27,2,1,4
mn-27-2-1-5,n735,27,2,1,5
mn-27-2-1-6,n736,27,2,1,6
mn-27-2-1-7,n737,27,2,1,7
mn-27-2-1-8,n738,27,2,1,8
mn-27-2-1-9,n739,27,2,1,9
mn-27-2-1-10,n740,27,2,1,10
mn-27-2-1-11,n741,27,2,1,11
mn-27-2-1-12,n742,27,2,1,12
mn-27-3-1-1,n743,27,3,1,1
mn-27-3-1-2,n744,27,3,1,2
mn-27-3-1-3,n745,27,3,1,3
mn-27-3-1-4,n746,27,3,1,4
mn-27-3-1-5,n747,27,3,1,5
mn-27-3-1-6,n748,27,3,1,6
mn-27-3-1-7,n749,27,3,1,7
mn-27-3-1-8,n750,27,3,1,8
mn-27-5-2-1,n751,27,5,2,1
mn-27-5-2-2,n752,27,5,2,2
mn-27-5-2-3,n753,27,5,2,3
mn-27-5-2-4,n754,27,5,2,4
mn-27-5-2-5,n755,27,5,2,5
mn-27-5-2-6,n756,27,5,2,6
mn-27-5-2-7,n757,27,5,2,7
mn-27-5-2-8,n758,27,5,2,8
mn-27-5-2-9,n759,27,5,2,9
mn-27-5-2-10,n760,27,5,2,10
mn-27-5-2-11,n761,27,5,2,11
mn-27-5-2-12,n762,27,5,2,12
mn-27-5-2-13,n763,27,5,2,13
mn-27-5-2-14,n764,27,5,2,14
mn-28-1-1-1,n765,28,1,1,1
mn-28-1-1-2,n766,28,1,1,2
mn-28-1-1-3,n767,28,1,1,3
mn-28-1-1-4,r4,28,1,1,4
mn-28-1-1-5,n768,28,1,1,5
mn-28-1-1-6,n769,28,1,1,6
mn-28-1-1-7,n770,28,1,1,7
mn-28-2-1-1,n771,28,2,1,1
mn-28-2-1-2,n772,28,2,1,2
mn-28-2-1-3,n773,28,2,1,3
mn-28-2-1-4,n774,28,2,1,4
mn-28-2-1-5,n775,28,2,1,5
mn-28-2-1-6,n776,28,2,1,6
mn-28-2-1-7,n777,28,2,1,7
mn-28-2-1-8,n778,28,2,1,8
mn-28-2-1-9,n779,28,2,1,9
mn-28-2-1-10,n780,28,2,1,10
mn-28-2-1-11,n781,28,2,1,11
mn-28-2-1-12,n782,28,2,1,12
mn-28-2-1-13,n783,28,2,1,13
mn-28-2-1-14,n784,28,2,1,14
mn-28-2-1-15,n785,28,2,1,15
mn-28-2-1-16,n786,28,2,1,16
mn-28-2-1-17,n787,28,2,1,17
mn-28-2-1-18,n788,28,2,1,18
mn-28-2-1-19,n789,28,2,1,19
mn-28-2-1-20,n790,28,2,1,20
mn-28-2-1-21,n791,28,2,1,21
mn-28-2-1-22,n792,28,2,1,22
mn-28-2-1-23,n793,28,2,1,23
mn-28-2-1-24,n794,28,2,1,24
mn-28-2-1-25,n795,28,2,1,25
mn-28-2-1-26,n796,28,2,1,26
mn-28-2-1-27,n797,28,2,1,27
mn-28-2-1-28,n798,28,2,1,28
mn-28-5-2-1,n799,28,5,2,1
mn-28-5-2-2,n800,28,5,2,2
mn-28-5-2-3,n801,28,5,2,3
mn-28-5-2-4,n802,28,5,2,4
mn-28-5-2-5,n803,28,5,2,5
mn-28-6-2-1,n804,28,6,2,1
mn-28-6-2-2,n805,28,6,2,2
mn-28-6-2-3,n806,28,6,2,3
mn-28-6-2-4,n807,28,6,2,4
mn-28-6-2-5,n808,28,6,2,5
mn-28-6-2-6,n809,28,6,2,6
mn-28-6-2-7,n810,28,6,2,7
mn-28-6-2-8,n811,28,6,2,8
mn-28-6-2-9,n812,28,6,2,9
mn-28-6-2-10,n813,28,6,2,10
mn-28-6-2-11,n814,28,6,2,11
mn-28-6-2-12,n815,28,6,2,12
mn-28-6-2-13,n816,28,6,2,13
mn-28-6-2-14,n817,28,6,2,14
mn-28-6-2-15,n818,28,6,2,15
mn-28-6-2-16,n819,28,6,2,16
mn-28-6-2-17,n820,28,6,2,17
mn-28-6-2-18,n821,28,6,2,18
mn-28-6-2-19,n822,28,6,2,19
mn-28-6-2-20,n823,28,6,2,20
mn-28-6-2-21,n824,28,6,2,21
mn-28-6-2-22,n825,28,6,2,22
mn-28-6-2-23,n826,28,6,2,23
mn-28-6-2-24,n827,28,6,2,24
mn-29-1-1-1,n828,29,1,1,1
mn-29-1-1-2,n829,29,1,1,2
mn-29-1-1-3,n830,29,1,1,3
mn-29-1-1-4,n831,29,1,1,4
mn-29-1-1-5,n832,29,1,1,5
mn-29-1-1-6,n833,29,1,1,6
mn-29-1-1-7,n834,29,1,1,7
mn-29-1-1-8,n835,29,1,1,8
mn-29-1-1-9,n836,29,1,1,9
mn-29-1-1-10,n837,29,1,1,10
mn-29-1-1-11,n838,29,1,1,11
mn-29-1-1-12,n839,29,1,1,12
mn-29-1-1-13,n840,29,1,1,13
mn-29-1-1-14,n841,29,1,1,14
mn-29-1-1-15,n842,29,1,1,15
mn-29-1-1-16,n843,29,1,1,16
mn-29-1-1-17,n844,29,1,1,17
mn-29-1-1-18,n845,29,1,1,18
mn-29-2-1-1,n846,29,2,1,1
mn-29-2-1-2,n847,29,2,1,2
mn-29-2-1-3,n848,29,2,1,3
mn-29-2-1-4,n849,29,2,1,4
mn-29-2-1-5,n850,29,2,1,5
mn-29-5-2-1,n851,29,5,2,1
mn-29-5-2-2,n852,29,5,2,2
mn-29-5-2-3,n853,29,5,2,3
mn-29-5-2-4,n854,29,5,2,4
mn-29-5-2-5,n855,29,5,2,5
mn-29-5-2-6,n856,29,5,2,6
mn-29-5-2-7,n857,29,5,2,7
mn-29-5-2-8,n858,29,5,2,8
mn-29-5-2-9,n859,29,5,2,9
mn-29-5-2-10,n860,29,5,2,10
mn-29-5-2-11,n861,29,5,2,11
mn-29-5-2-12,n862,29,5,2,12
mn-29-5-2-13,n863,29,5,2,13
mn-29-5-2-14,n864,29,5,2,14
mn-29-5-2-15,n865,29,5,2,15
mn-29-5-2-16,n866,29,5,2,16
mn-29-5-2-17,n867,29,5,2,17
mn-30-1-1-1,n868,30,1,1,1
mn-30-1-1-2,n869,30,1,1,2
mn-30-1-1-3,n870,30,1,1,3
mn-30-1-2-1,n871,30,1,2,1
mn-30-1-2-2,n872,30,1,2,2
mn-30-1-2-3,n873,30,1,2,3
mn-30-1-2-4,n874,30,1,2,4
mn-30-1-2-5,n875,30,1,2,5
mn-30-1-2-6,n876,30,1,2,6
mn-30-1-2-7,n877,30,1,2,7
mn-30-1-2-8,n878,30,1,2,8
mn-30-1-2-9,n879,30,1,2,9
mn-30-1-1-4,n880,30,1,1,4
mn-30-1-1-5,n881,30,1,1,5
mn-30-1-1-6,n882,30,1,1,6
mn-30-1-1-7,n883,30,1,1,7
mn-30-1-1-8,n884,30,1,1,8
mn-30-1-1-9,n885,30,1,1,9
mn-30-1-1-10,n886,30,1,1,10
mn-30-1-1-11,n887,30,1,1,11
mn-30-1-1-12,n888,30,1,1,12
mn-30-1-1-13,n889,30,1,1,13
mn-30-1-1-14,n890,30,1,1,14
mn-30-1-1-15,n891,30,1,1,15
mn-30-1-1-16,n892,30,1,1,16
mn-30-5-2-1,n893,30,5,2,1
mn-30-5-2-2,n894,30,5,2,2
mn-30-5-2-3,n895,30,5,2,3
mn-30-5-2-4,n896,30,5,2,4
mn-30-5-2-5,n897,30,5,2,5
mn-30-5-2-6,n898,30,5,2,6
mn-30-5-2-7,n899,30,5,2,7
mn-30-5-2-8,n900,30,5,2,8
mn-30-5-2-9,n901,30,5,2,9
mn-30-5-2-10,n902,30,5,2,10
mn-30-5-2-11,n903,30,5,2,11
mn-30-5-2-12,n904,30,5,2,12
mn-30-5-2-13,n905,30,5,2,13
mn-30-5-2-14,n906,30,5,2,14
mn-30-5-2-15,n907,30,5,2,15
mn-30-5-2-16,n908,30,5,2,16
mn-30-5-2-17,n909,30,5,2,17
mn-30-5-2-18,n910,30,5,2,18
mn-30-5-2-19,n911,30,5,2,19
mn-30-5-1-1,n912,30,5,1,1
mn-30-5-1-2,n913,30,5,1,2
mn-30-5-1-3,n914,30,5,1,3
mn-30-5-1-4,n915,30,5,1,4
mn-30-5-1-5,n916,30,5,1,5
mn-30-5-1-6,n917,30,5,1,6
mn-31-1-1-1,n918,31,1,1,1
mn-31-1-1-2,n919,31,1,1,2
mn-31-1-1-3,n920,31,1,1,3
mn-31-1-1-4,n921,31,1,1,4
mn-31-1-1-5,n922,31,1,1,5
mn-31-1-1-6,n923,31,1,1,6
mn-31-1-1-7,n924,31,1,1,7
mn-31-1-1-8,n925,31,1,1,8
mn-31-1-1-9,n926,31,1,1,9
mn-31-1-1-10,n927,31,1,1,10
mn-31-1-1-11,n928,31,1,1,11
mn-31-1-1-12,n929,31,1,1,12
mn-31-1-1-13,n930,31,1,1,13
mn-31-1-1-14,n931,31,1,1,14
mn-31-1-1-15,n932,31,1,1,15
mn-31-1-1-16,n933,31,1,1,16
mn-31-1-1-17,n934,31,1,1,17
mn-31-1-1-18,n935,31,1,1,18
mn-31-1-1-19,n936,31,1,1,19
mn-31-1-1-20,n937,31,1,1,20
mn-31-5-1-1,n938,31,5,1,1
mn-31-5-2-1,n939,31,5,2,1
mn-31-5-2-2,n940,31,5,2,2
mn-31-5-2-3,n941,31,5,2,3
mn-31-5-2-4,n942,31,5,2,4
mn-31-5-2-5,n943,31,5,2,5
mn-31-5-2-6,n944,31,5,2,6
mn-31-5-2-7,n945,31,5,2,7
mn-31-5-2-8,n946,31,5,2,8
mn-31-5-2-9,n947,31,5,2,9
mn-31-5-2-10,n948,31,5,2,10
mn-31-5-2-11,n949,31,5,2,11
mn-31-5-2-12,n950,31,5,2,12
mn-32-1-1-1,n951,32,1,1,1
mn-32-1-1-2,n952,32,1,1,2
mn-32-1-1-3,n953,32,1,1,3
mn-32-1-1-4,n954,32,1,1,4
mn-32-1-1-5,n955,32,1,1,5
mn-32-1-1-6,n956,32,1,1,6
mn-32-1-1-7,n957,32,1,1,7
mn-32-1-1-8,n958,32,1,1,8
mn-32-1-1-9,n959,32,1,1,9
mn-32-1-1-10,n960,32,1,1,10
mn-32-1-1-11,n961,32,1,1,11
mn-32-1-1-12,n962,32,1,1,12
mn-32-1-1-13,n963,32,1,1,13
mn-32-1-1-14,n964,32,1,1,14
mn-32-1-1-15,n965,32,1,1,15
mn-32-1-1-16,n966,32,1,1,16
mn-32-1-1-17,n967,32,1,1,17
mn-32-1-1-18,n968,32,1,1,18
mn-32-1-1-19,n969,32,1,1,19
mn-32-1-1-20,n970,32,1,1,20
mn-32-1-1-21,n971,32,1,1,21
mn-32-1-1-22,n972,32,1,1,22
mn-32-1-1-23,n973,32,1,1,23
mn-32-5-2-1,n974,32,5,2,1
mn-32-5-2-2,n975,32,5,2,2
mn-32-5-2-3,n976,32,5,2,3
mn-32-5-2-4,n977,32,5,2,4
mn-32-5-2-5,n978,32,5,2,5
mn-32-5-2-6,n979,32,5,2,6
mn-32-5-2-7,n980,32,5,2,7
mn-32-5-2-8,n981,32,5,2,8
mn-32-5-2-9,n982,32,5,2,9
mn-32-5-2-10,n983,32,5,2,10
mn-32-5-2-11,n984,32,5,2,11
mn-32-5-2-12,n985,32,5,2,12
mn-32-5-2-13,n986,32,5,2,13
mn-32-5-2-14,n987,32,5,2,14
mn-33-1-1-1,n988,33,1,1,1
mn-33-1-1-2,n989,33,1,1,2
mn-33-1-1-3,n990,33,1,1,3
mn-33-1-1-4,n991,33,1,1,4
mn-33-1-1-5,n992,33,1,1,5
mn-33-1-1-6,n993,33,1,1,6
mn-33-1-1-7,n994,33,1,1,7
mn-33-1-1-8,n995,33,1,1,8
mn-33-1-1-9,n996,33,1,1,9
mn-33-1-1-10,n997,33,1,1,10
mn-33-1-1-11,n998,33,1,1,11
mn-33-1-1-12,n999,33,1,1,12
mn-33-1-1-13,n1000,33,1,1,13
mn-33-1-1-14,n1001,33,1,1,14
mn-33-1-1-15,n1002,33,1,1,15
mn-33-1-1-16,n1003,33,1,1,16
mn-33-1-1-17,n1004,33,1,1,17
mn-33-1-1-18,n1005,33,1,1,18
mn-33-1-1-19,n1006,33,1,1,19
mn-33-1-1-20,n1007,33,1,1,20
mn-33-2-1-1,n1008,33,2,1,1
mn-33-2-1-2,n1009,33,2,1,2
mn-33-2-1-3,n1010,33,2,1,3
mn-33-2-1-4,n1011,33,2,1,4
mn-33-5-2-1,n1012,33,5,2,1
mn-33-5-2-2,n1013,33,5,2,2
mn-33-5-2-3,n1014,33,5,2,3
mn-33-5-2-4,n1015,33,5,2,4
mn-33-5-2-5,n1016,33,5,2,5
mn-33-5-2-6,n1017,33,5,2,6
mn-33-5-2-7,n1018,33,5,2,7
mn-33-5-2-8,n1019,33,5,2,8
mn-33-5-2-9,n1020,33,5,2,9
mn-33-5-2-10,n1021,33,5,2,10
mn-33-5-2-11,n1022,33,5,2,11
mn-33-5-2-12,n1023,33,5,2,12
mn-33-5-2-13,n1024,33,5,2,13
mn-33-5-2-14,n1025,33,5,2,14
mn-34-1-1-1,n1026,34,1,1,1
mn-34-1-1-2,r5,34,1,1,2
mn-34-1-1-3,n1027,34,1,1,3
mn-34-1-1-4,n1028,34,1,1,4
mn-34-1-1-5,n1029,34,1,1,5
mn-34-1-1-6,n1030,34,1,1,6
mn-34-1-1-7,n1031,34,1,1,7
mn-34-1-1-8,n1032,34,1,1,8
mn-34-1-1-9,n1033,34,1,1,9
mn-34-1-1-10,n1034,34,1,1,10
mn-34-1-1-11,n1035,34,1,1,11
mn-34-1-1-12,n1036,34,1,1,12
mn-34-1-1-13,n1037,34,1,1,13
mn-34-1-1-14,n1038,34,1,1,14
mn-34-1-1-15,n1039,34,1,1,15
mn-34-1-1-16,n1040,34,1,1,16
mn-34-2-1-1,n1041,34,2,1,1
mn-34-2-1-2,n1042,34,2,1,2
mn-34-2-1-3,n1043,34,2,1,3
mn-34-2-1-4,n1044,34,2,1,4
mn-34-2-1-5,n1045,34,2,1,5
mn-34-2-1-6,n1046,34,2,1,6
mn-34-2-1-7,n1047,34,2,1,7
mn-34-2-1-8,n1048,34,2,1,8
mn-34-2-1-9,n1049,34,2,1,9
mn-34-2-1-10,n1050,34,2,1,10
mn-34-2-1-11,n1051,34,2,1,11
mn-34-2-1-12,n1052,34,2,1,12
mn-34-2-1-13,n1053,34,2,1,13
mn-34-2-1-14,n1054,34,2,1,14
mn-34-2-1-15,n1055,34,2,1,15
mn-34-2-1-16,n1056,34,2,1,16
mn-34-2-1-17,n1057,34,2,1,17
mn-34-2-1-18,n1058,34,2,1,18
mn-34-2-1-19,n1059,34,2,1,19
mn-34-5-2-1,n1060,34,5,2,1
mn-34-5-2-2,n1061,34,5,2,2
mn-34-5-2-3,n1062,34,5,2,3
mn-34-5-2-4,n1063,34,5,2,4
mn-34-5-2-5,n1064,34,5,2,5
mn-34-5-2-6,n1065,34,5,2,6
mn-34-5-2-7,n1066,34,5,2,7
mn-34-5-2-8,n1067,34,5,2,8
mn-34-5-2-9,n1068,34,5,2,9
mn-34-5-2-10,n1069,34,5,2,10
mn-34-5-2-11,n1070,34,5,2,11
mn-34-5-2-12,n1071,34,5,2,12
mn-34-5-2-13,n1072,34,5,2,13
mn-34-5-2-14,n1073,34,5,2,14
mn-35-1-1-1,n1074,35,1,1,1
mn-35-1-1-2,n1075,35,1,1,2
mn-35-1-1-3,n1076,35,1,1,3
mn-35-1-1-4,n1077,35,1,1,4
mn-35-1-1-5,n1078,35,1,1,5
mn-35-1-1-6,n1079,35,1,1,6
mn-35-1-1-7,n1080,35,1,1,7
mn-35-1-1-8,n1081,35,1,1,8
mn-35-1-1-9,n1082,35,1,1,9
mn-35-1-1-10,n1083,35,1,1,10
mn-35-1-1-11,n1084,35,1,1,11
mn-35-1-1-12,n1085,35,1,1,12
mn-35-1-1-13,n1086,35,1,1,13
mn-35-1-1-14,n1087,35,1,1,14
mn-35-1-1-15,n1088,35,1,1,15
mn-35-1-1-16,n1089,35,1,1,16
mn-35-1-1-17,n1090,35,1,1,17
mn-35-1-1-18,n1091,35,1,1,18
mn-35-1-1-19,n1092,35,1,1,19
mn-35-1-1-20,n1093,35,1,1,20
mn-35-1-1-21,n1094,35,1,1,21
mn-35-1-1-22,n1095,35,1,1,22
mn-35-1-1-23,n1096,35,1,1,23
mn-35-1-1-24,n1097,35,1,1,24
mn-35-1-1-25,n1098,35,1,1,25
mn-35-1-1-26,n1099,35,1,1,26
mn-35-1-1-27,n1100,35,1,1,27
mn-35-1-1-28,n1101,35,1,1,28
mn-35-1-1-29,n1102,35,1,1,29
mn-35-1-1-30,n1103,35,1,1,30
mn-35-1-1-31,n1104,35,1,1,31
mn-35-1-1-32,n1105,35,1,1,32
mn-35-5-2-1,n1106,35,5,2,1
mn-35-5-2-2,n1107,35,5,2,2
mn-35-5-2-3,n1108,35,5,2,3
mn-35-5-2-4,n1109,35,5,2,4
mn-35-5-2-5,n1110,35,5,2,5
mn-35-5-2-6,n1111,35,5,2,6
mn-35-5-2-7,n1112,35,5,2,7
mn-35-5-2-8,n1113,35,5,2,8
mn-35-5-2-9,n1114,35,5,2,9
mn-35-5-2-10,n1115,35,5,2,10
mn-35-5-2-11,n1116,35,5,2,11
mn-35-5-2-12,n1117,35,5,2,12
mn-35-5-2-13,n1118,35,5,2,13
mn-35-5-2-14,n1119,35,5,2,14
mn-35-5-2-15,n1120,35,5,2,15
mn-36-1-1-1,n1121,36,1,1,1
mn-36-1-1-2,n1122,36,1,1,2
mn-36-1-1-3,n1123,36,1,1,3
mn-36-1-1-4,n1124,36,1,1,4
mn-36-1-1-5,n1125,36,1,1,5
mn-36-1-1-6,n1126,36,1,1,6
mn-36-1-1-7,n1127,36,1,1,7
mn-36-1-1-8,n1128,36,1,1,8
mn-36-1-1-9,n1129,36,1,1,9
mn-36-1-1-10,n1130,36,1,1,10
mn-36-1-1-11,n1131,36,1,1,11
mn-36-1-1-12,n1132,36,1,1,12
mn-36-1-1-13,n1133,36,1,1,13
mn-36-1-1-14,n1134,36,1,1,14
mn-36-1-1-15,n1135,36,1,1,15
mn-36-1-1-16,n1136,36,1,1,16
mn-36-1-1-17,n1137,36,1,1,17
mn-36-5-2-1,n1138,36,5,2,1
mn-36-5-2-2,n1139,36,5,2,2
mn-36-5-2-3,n1140,36,5,2,3
mn-36-5-2-4,n1141,36,5,2,4
mn-36-5-2-5,n1142,36,5,2,5
mn-36-5-2-6,n1143,36,5,2,6
mn-36-5-2-7,n1144,36,5,2,7
mn-36-5-2-8,n1145,36,5,2,8
mn-36-5-2-9,n1146,36,5,2,9
mn-36-5-2-10,n1147,36,5,2,10
mn-36-5-2-11,n1148,36,5,2,11
mn-36-5-2-12,n1149,36,5,2,12
mn-36-5-2-13,n1150,36,5,2,13
mn-36-5-2-14,n1151,36,5,2,14
mn-36-5-2-15,n1152,36,5,2,15
mn-36-5-2-16,n1153,36,5,2,16
mn-36-5-2-17,n1154,36,5,2,17
mn-37-1-1-1,n1155,37,1,1,1
mn-37-1-1-2,n1156,37,1,1,2
mn-37-1-1-3,n1157,37,1,1,3
mn-37-1-1-4,n1158,37,1,1,4
mn-37-1-1-5,n1159,37,1,1,5
mn-37-1-1-6,n1160,37,1,1,6
mn-37-1-1-7,n1161,37,1,1,7
mn-37-1-1-8,n1162,37,1,1,8
mn-37-1-1-9,n1163,37,1,1,9
mn-37-1-1-10,n1164,37,1,1,10
mn-37-1-1-11,n1165,37,1,1,11
mn-37-1-1-12,n1166,37,1,1,12
mn-37-1-1-13,n1167,37,1,1,13
mn-37-1-1-14,n1168,37,1,1,14
mn-37-1-1-15,n1169,37,1,1,15
mn-37-1-1-16,n1170,37,1,1,16
mn-37-1-1-17,n1171,37,1,1,17
mn-37-1-1-18,n1172,37,1,1,18
mn-37-1-1-19,n1173,37,1,1,19
mn-37-1-1-20,n1174,37,1,1,20
mn-37-2-1-1,n1175,37,2,1,1
mn-37-2-1-2,n1176,37,2,1,2
mn-37-2-1-3,n1177,37,2,1,3
mn-37-2-1-4,n1178,37,2,1,4
mn-37-5-2-1,n1179,37,5,2,1
mn-37-5-2-2,n1180,37,5,2,2
mn-37-5-2-3,n1181,37,5,2,3
mn-37-5-2-4,n1182,37,5,2,4
mn-37-5-2-5,n1183,37,5,2,5
mn-37-5-2-6,n1184,37,5,2,6
mn-37-5-2-7,n1185,37,5,2,7
mn-37-5-2-8,n1186,37,5,2,8
mn-37-5-2-9,n1187,37,5,2,9
mn-37-5-2-10,n1188,37,5,2,10
mn-37-5-2-11,n1189,37,5,2,11
mn-37-5-2-12,n1190,37,5,2,12
mn-37-5-2-13,n1191,37,5,2,13
mn-37-5-2-14,n1192,37,5,2,14
mn-38-1-1-1,n1193,38,1,1,1
mn-38-1-1-2,r6,38,1,1,2
mn-38-1-1-3,n1194,38,1,1,3
mn-38-1-1-4,n1195,38,1,1,4
mn-38-1-1-5,n1196,38,1,1,5
mn-38-1-1-6,n1197,38,1,1,6
mn-38-1-1-7,n1198,38,1,1,7
mn-38-1-1-8,n1199,38,1,1,8
mn-38-1-1-9,n1200,38,1,1,9
mn-38-1-1-10,n1201,38,1,1,10
mn-38-1-1-11,n1202,38,1,1,11
mn-38-2-1-1,n1203,38,2,1,1
mn-38-2-1-2,n1204,38,2,1,2
mn-38-2-1-3,n1205,38,2,1,3
mn-38-2-1-4,n1206,38,2,1,4
mn-38-2-1-5,n1207,38,2,1,5
mn-38-2-1-6,n1208,38,2,1,6
mn-38-2-1-7,n1209,38,2,1,7
mn-38-2-1-8,n1210,38,2,1,8
mn-38-2-1-9,n1211,38,2,1,9
mn-38-2-1-10,n1212,38,2,1,10
mn-38-2-1-11,n1213,38,2,1,11
mn-38-2-1-12,n1214,38,2,1,12
mn-38-2-1-13,n1215,38,2,1,13
mn-38-2-1-14,n1216,38,2,1,14
mn-38-2-1-15,n1217,38,2,1,15
mn-38-2-1-16,n1218,38,2,1,16
mn-38-2-1-17,n1219,38,2,1,17
mn-38-2-1-18,n1220,38,2,1,18
mn-38-2-1-19,n1221,38,2,1,19
mn-38-2-1-20,n1222,38,2,1,20
mn-38-2-1-21,n1223,38,2,1,21
mn-38-2-1-22,n1224,38,2,1,22
mn-38-2-1-23,n1225,38,2,1,23
mn-38-2-1-24,n1226,38,2,1,24
mn-38-5-2-1,n1227,38,5,2,1
mn-38-5-2-2,n1228,38,5,2,2
mn-38-5-2-3,n1229,38,5,2,3
mn-38-5-2-4,n1230,38,5,2,4
mn-38-5-2-5,n1231,38,5,2,5
mn-38-5-2-6,n1232,38,5,2,6
mn-38-5-2-7,n1233,38,5,2,7
mn-38-5-2-8,n1234,38,5,2,8
mn-38-5-2-9,n1235,38,5,2,9
mn-38-5-2-10,n1236,38,5,2,10
mn-38-5-2-11,n1237,38,5,2,11
mn-38-5-2-12,n1238,38,5,2,12
mn-38-5-2-13,n1239,38,5,2,13
mn-38-5-2-14,n1240,38,5,2,14
mn-39-1-1-1,n1241,39,1,1,1
mn-39-1-1-2,n1242,39,1,1,2
mn-39-1-1-3,n1243,39,1,1,3
mn-39-1-1-4,n1244,39,1,1,4
mn-39-1-1-5,n1245,39,1,1,5
mn-39-1-1-6,n1246,39,1,1,6
mn-39-1-1-7,n1247,39,1,1,7
mn-39-1-1-8,r7,39,1,1,8
mn-39-1-1-9,n1248,39,1,1,9
mn-39-2-1-1,n1249,39,2,1,1
mn-39-2-1-2,n1250,39,2,1,2
mn-39-2-1-3,n1251,39,2,1,3
mn-39-2-1-4,n1252,39,2,1,4
mn-39-2-1-5,n1253,39,2,1,5
mn-39-2-1-6,n1254,39,2,1,6
mn-39-2-1-7,n1255,39,2,1,7
mn-39-2-1-8,n1256,39,2,1,8
mn-39-2-1-9,n1257,39,2,1,9
mn-39-2-1-10,n1258,39,2,1,10
mn-39-2-1-11,n1259,39,2,1,11
mn-39-2-1-12,n1260,39,2,1,12
mn-39-2-1-13,n1261,39,2,1,13
mn-39-2-1-14,n1262,39,2,1,14
mn-39-2-1-15,n1263,39,2,1,15
mn-39-2-1-16,n1264,39,2,1,16
mn-39-2-1-17,n1265,39,2,1,17
mn-39-2-1-18,n1266,39,2,1,18
mn-39-2-1-19,n1267,39,2,1,19
mn-39-2-1-20,n1268,39,2,1,20
mn-39-2-1-21,n1269,39,2,1,21
mn-39-2-1-22,n1270,39,2,1,22
mn-39-2-1-23,n1271,39,2,1,23
mn-39-2-1-24,n1272,39,2,1,24
mn-39-5-2-1,n1273,39,5,2,1
mn-39-5-2-2,n1274,39,5,2,2
mn-39-5-2-3,n1275,39,5,2,3
mn-39-5-2-4,n1276,39,5,2,4
mn-39-5-2-5,n1277,39,5,2,5
mn-39-5-2-6,n1278,39,5,2,6
mn-39-5-2-7,n1279,39,5,2,7
mn-39-5-2-8,n1280,39,5,2,8
mn-39-5-2-9,n1281,39,5,2,9
mn-39-5-2-10,n1282,39,5,2,10
mn-39-5-2-11,n1283,39,5,2,11
mn-39-6-2-1,n1284,39,6,2,1
mn-39-6-2-2,n1285,39,6,2,2
mn-39-6-2-3,n1286,39,6,2,3
mn-39-6-2-4,n1287,39,6,2,4
mn-39-6-2-5,n1288,39,6,2,5
mn-39-6-2-6,n1289,39,6,2,6
mn-40-1-1-1,n1290,40,1,1,1
mn-40-1-1-2,n1291,40,1,1,2
mn-40-1-1-3,n1292,40,1,1,3
mn-40-1-1-4,n1293,40,1,1,4
mn-40-1-1-5,n1294,40,1,1,5
mn-40-1-1-6,n1295,40,1,1,6
mn-40-1-1-7,n1296,40,1,1,7
mn-40-1-1-8,r8,40,1,1,8
mn-40-1-1-9,n1297,40,1,1,9
mn-40-2-1-1,n1298,40,2,1,1
mn-40-2-1-2,n1299,40,2,1,2
mn-40-2-1-3,n1300,40,2,1,3
mn-40-2-1-4,n1301,40,2,1,4
mn-40-2-1-5,n1302,40,2,1,5
mn-40-2-1-6,n1303,40,2,1,6
mn-40-2-1-7,n1304,40,2,1,7
mn-40-2-1-8,n1305,40,2,1,8
mn-40-2-1-9,n1306,40,2,1,9
mn-40-2-1-10,n1307,40,2,1,10
mn-40-2-1-11,n1308,40,2,1,11
mn-40-2-1-12,n1309,40,2,1,12
mn-40-2-1-13,n1310,40,2,1,13
mn-40-2-1-14,n1311,40,2,1,14
mn-40-2-1-15,n1312,40,2,1,15
mn-40-2-1-16,n1313,40,2,1,16
mn-40-2-1-17,n1314,40,2,1,17
mn-40-2-1-18,n1315,40,2,1,18
mn-40-2-1-19,n1316,40,2,1,19
mn-40-2-1-20,n1317,40,2,1,20
mn-40-2-1-21,n1318,40,2,1,21
mn-40-2-1-22,n1319,40,2,1,22
mn-40-2-1-23,n1320,40,2,1,23
mn-40-2-1-24,n1321,40,2,1,24
mn-40-5-2-1,n1322,40,5,2,1
mn-40-5-2-2,n1323,40,5,2,2
mn-40-5-2-3,n1324,40,5,2,3
mn-40-5-2-4,n1325,40,5,2,4
mn-40-5-2-5,n1326,40,5,2,5
mn-40-5-2-6,n1327,40,5,2,6
mn-40-5-2-7,n1328,40,5,2,7
mn-40-5-2-8,n1329,40,5,2,8
mn-40-5-2-9,n1330,40,5,2,9
mn-40-5-2-10,n1331,40,5,2,10
mn-40-6-2-1,n1332,40,6,2,1
mn-40-6-2-2,n1333,40,6,2,2
mn-40-6-2-3,n1334,40,6,2,3
mn-40-6-2-4,n1335,40,6,2,4
mn-40-6-2-5,n1336,40,6,2,5
mn-40-6-2-6,n1337,40,6,2,6
mn-40-7-2-1,n1338,40,7,2,1
mn-41-1-1-1,n1339,41,1,1,1
mn-41-1-1-2,n1340,41,1,1,2
mn-41-1-1-3,n1341,41,1,1,3
mn-41-1-1-4,n1342,41,1,1,4
mn-41-1-1-5,n1343,41,1,1,5
mn-41-1-1-6,n1344,41,1,1,6
mn-41-1-1-7,n1345,41,1,1,7
mn-41-2-1-1,n1346,41,2,1,1
mn-41-2-1-2,n1347,41,2,1,2
mn-41-2-1-3,n1348,41,2,1,3
mn-41-2-1-4,n1349,41,2,1,4
mn-41-2-1-5,n1350,41,2,1,5
mn-41-2-1-6,n1351,41,2,1,6
mn-41-2-1-7,n1352,41,2,1,7
mn-41-2-1-8,n1353,41,2,1,8
mn-41-5-2-1,n1354,41,5,2,1
mn-41-5-2-2,n1355,41,5,2,2
mn-41-5-2-3,n1356,41,5,2,3
mn-41-5-2-4,n1357,41,5,2,4
mn-41-5-2-5,n1358,41,5,2,5
mn-41-5-2-6,n1359,41,5,2,6
mn-41-5-2-7,n1360,41,5,2,7
mn-41-5-2-8,n1361,41,5,2,8
mn-41-5-2-9,n1362,41,5,2,9
mn-41-5-2-10,n1363,41,5,2,10
mn-41-5-2-11,n1364,41,5,2,11
mn-41-5-2-12,n1365,41,5,2,12
mn-41-5-2-13,n1366,41,5,2,13
mn-41-5-2-14,n1367,41,5,2,14
mn-42-1-1-1,n1368,42,1,1,1
mn-42-1-1-2,n1369,42,1,1,2
mn-42-1-1-3,n1370,42,1,1,3
mn-42-1-1-4,n1371,42,1,1,4
mn-42-1-1-5,n1372,42,1,1,5
mn-42-1-1-6,n1373,42,1,1,6
mn-42-1-1-7,n1374,42,1,1,7
mn-42-1-1-8,n1375,42,1,1,8
mn-42-1-1-9,n1376,42,1,1,9
mn-42-1-1-10,n1377,42,1,1,10
mn-42-1-1-11,n1378,42,1,1,11
mn-42-2-1-1,n1379,42,2,1,1
mn-42-2-1-2,n1380,42,2,1,2
mn-42-2-1-3,n1381,42,2,1,3
mn-42-2-1-4,n1382,42,2,1,4
mn-42-2-1-5,n1383,42,2,1,5
mn-42-2-1-6,n1384,42,2,1,6
mn-42-2-1-7,n1385,42,2,1,7
mn-42-2-1-8,n1386,42,2,1,8
mn-42-2-1-9,n1387,42,2,1,9
mn-42-2-1-10,n1388,42,2,1,10
mn-42-2-1-11,n1389,42,2,1,11
mn-42-2-1-12,n1390,42,2,1,12
mn-42-2-1-13,n1391,42,2,1,13
mn-42-2-1-14,n1392,42,2,1,14
mn-42-5-2-1,n1393,42,5,2,1
mn-42-5-2-2,n1394,42,5,2,2
mn-42-5-2-3,n1395,42,5,2,3
mn-42-5-2-4,n1396,42,5,2,4
mn-42-5-2-5,n1397,42,5,2,5
mn-42-5-2-6,n1398,42,5,2,6
mn-42-5-2-7,n1399,42,5,2,7
mn-42-5-2-8,n1400,42,5,2,8
mn-42-5-2-9,n1401,42,5,2,9
mn-42-5-2-10,n1402,42,5,2,10
mn-42-5-2-11,n1403,42,5,2,11
mn-42-5-2-12,n1404,42,5,2,12
mn-42-5-2-13,n1405,42,5,2,13
mn-42-5-2-14,n1406,42,5,2,14
mn-42-5-2-15,n1407,42,5,2,15
mn-42-5-2-16,n1408,42,5,2,16
mn-42-5-2-17,n1409,42,5,2,17
mn-43-1-1-1,n1410,43,1,1,1
mn-43-1-1-2,n1411,43,1,1,2
mn-43-1-1-3,n1412,43,1,1,3
mn-43-1-1-4,n1413,43,1,1,4
mn-43-1-1-5,n1414,43,1,1,5
mn-43-1-1-6,n1415,43,1,1,6
mn-43-1-1-7,n1416,43,1,1,7
mn-43-1-1-8,n1417,43,1,1,8
mn-43-1-1-9,n1418,43,1,1,9
mn-43-1-1-10,n1419,43,1,1,10
mn-43-1-1-11,n1420,43,1,1,11
mn-43-1-1-12,n1421,43,1,1,12
mn-43-1-1-13,n1422,43,1,1,13
mn-43-1-1-14,n1423,43,1,1,14
mn-43-2-1-1,n1424,43,2,1,1
mn-43-2-1-2,n1425,43,2,1,2
mn-43-3-1-1,n1426,43,3,1,1
mn-43-3-1-2,n1427,43,3,1,2
mn-43-3-1-3,n1428,43,3,1,3
mn-43-3-1-4,n1429,43,3,1,4
mn-43-3-1-5,n1430,43,3,1,5
mn-43-3-1-6,n1431,43,3,1,6
mn-43-3-1-7,n1432,43,3,1,7
mn-43-3-1-8,n1433,43,3,1,8
mn-43-5-2-1,n1434,43,5,2,1
mn-43-5-2-2,n1435,43,5,2,2
mn-43-5-2-3,n1436,43,5,2,3
mn-43-5-2-4,n1437,43,5,2,4
mn-43-5-2-5,n1438,43,5,2,5
mn-43-5-2-6,n1439,43,5,2,6
mn-43-5-2-7,n1440,43,5,2,7
mn-43-5-2-8,n1441,43,5,2,8
mn-43-5-2-9,n1442,43,5,2,9
mn-43-5-2-10,n1443,43,5,2,10
mn-43-5-2-11,n1444,43,5,2,11
mn-43-5-2-12,n1445,43,5,2,12
mn-43-5-2-13,n1446,43,5,2,13
mn-43-5-2-14,n1447,43,5,2,14
mn-44-1-1-1,n1448,44,1,1,1
mn-44-1-1-2,n1449,44,1,1,2
mn-44-1-1-3,n1450,44,1,1,3
mn-44-1-1-4,r9,44,1,1,4
mn-44-1-1-5,n1451,44,1,1,5
mn-44-1-1-6,n1452,44,1,1,6
mn-44-1-1-7,n1453,44,1,1,7
mn-44-2-1-1,n1454,44,2,1,1
mn-44-2-1-2,n1455,44,2,1,2
mn-44-2-1-3,n1456,44,2,1,3
mn-44-2-1-4,n1457,44,2,1,4
mn-44-2-1-5,n1458,44,2,1,5
mn-44-2-1-6,n1459,44,2,1,6
mn-44-2-1-7,n1460,44,2,1,7
mn-44-2-1-8,n1461,44,2,1,8
mn-44-2-1-9,n1462,44,2,1,9
mn-44-2-1-10,n1463,44,2,1,10
mn-44-2-1-11,n1464,44,2,1,11
mn-44-2-1-12,n1465,44,2,1,12
mn-44-2-1-13,n1466,44,2,1,13
mn-44-2-1-14,n1467,44,2,1,14
mn-44-2-1-15,n1468,44,2,1,15
mn-44-2-1-16,n1469,44,2,1,16
mn-44-2-1-17,n1470,44,2,1,17
mn-44-2-1-18,n1471,44,2,1,18
mn-44-2-1-19,n1472,44,2,1,19
mn-44-2-1-20,n1473,44,2,1,20
mn-44-2-1-21,n1474,44,2,1,21
mn-44-2-1-22,n1475,44,2,1,22
mn-44-2-1-23,n1476,44,2,1,23
mn-44-2-1-24,n1477,44,2,1,24
mn-44-2-1-25,n1478,44,2,1,25
mn-44-2-1-26,n1479,44,2,1,26
mn-44-2-1-27,n1480,44,2,1,27
mn-44-2-1-28,n1481,44,2,1,28
mn-44-5-2-1,n1482,44,5,2,1
mn-44-5-2-2,n1483,44,5,2,2
mn-44-5-2-3,n1484,44,5,2,3
mn-44-5-2-4,n1485,44,5,2,4
mn-44-5-2-5,n1486,44,5,2,5
mn-44-6-2-1,n1487,44,6,2,1
mn-44-6-2-2,n1488,44,6,2,2
mn-44-6-2-3,n1489,44,6,2,3
mn-44-6-2-4,n1490,44,6,2,4
mn-44-6-2-5,n1491,44,6,2,5
mn-44-6-2-6,n1492,44,6,2,6
mn-44-6-2-7,n1493,44,6,2,7
mn-44-6-2-8,n1494,44,6,2,8
mn-44-6-2-9,n1495,44,6,2,9
mn-44-6-2-10,n1496,44,6,2,10
mn-44-6-2-11,n1497,44,6,2,11
mn-44-6-2-12,n1498,44,6,2,12
mn-44-6-2-13,n1499,44,6,2,13
mn-44-6-2-14,n1500,44,6,2,14
mn-44-6-2-15,n1501,44,6,2,15
mn-44-6-2-16,n1502,44,6,2,16
mn-44-6-2-17,n1503,44,6,2,17
mn-44-6-2-18,n1504,44,6,2,18
mn-44-6-2-19,n1505,44,6,2,19
mn-44-6-2-20,n1506,44,6,2,20
mn-44-6-2-21,n1507,44,6,2,21
mn-44-6-2-22,n1508,44,6,2,22
mn-44-6-2-23,n1509,44,6,2,23
mn-44-6-2-24,n1510,44,6,2,24
mn-45-1-1-1,n1511,45,1,1,1
mn-45-1-1-2,n1512,45,1,1,2
mn-45-1-1-3,n1513,45,1,1,3
mn-45-1-1-4,n1514,45,1,1,4
mn-45-1-1-5,n1515,45,1,1,5
mn-45-1-1-6,n1516,45,1,1,6
mn-45-1-1-7,n1517,45,1,1,7
mn-45-1-1-8,n1518,45,1,1,8
mn-45-1-1-9,n1519,45,1,1,9
mn-45-1-1-10,n1520,45,1,1,10
mn-45-1-1-11,n1521,45,1,1,11
mn-45-1-1-12,n1522,45,1,1,12
mn-45-1-1-13,n1523,45,1,1,13
mn-45-1-1-14,n1524,45,1,1,14
mn-45-1-1-15,n1525,45,1,1,15
mn-45-1-1-16,n1526,45,1,1,16
mn-45-1-1-17,n1527,45,1,1,17
mn-45-1-1-18,n1528,45,1,1,18
mn-45-1-1-19,n1529,45,1,1,19
mn-45-1-1-20,n1530,45,1,1,20
mn-45-1-1-21,n1531,45,1,1,21
mn-45-1-1-22,n1532,45,1,1,22
mn-45-1-1-23,n1533,45,1,1,23
mn-45-1-1-24,n1534,45,1,1,24
mn-45-1-1-25,n1535,45,1,1,25
mn-45-2-1-1,n1536,45,2,1,1
mn-45-5-2-1,n1537,45,5,2,1
mn-45-5-2-2,n1538,45,5,2,2
mn-45-5-2-3,n1539,45,5,2,3
mn-45-5-2-4,n1540,45,5,2,4
mn-45-5-2-5,n1541,45,5,2,5
mn-45-5-2-6,n1542,45,5,2,6
mn-45-5-2-7,n1543,45,5,2,7
mn-45-5-2-8,n1544,45,5,2,8
mn-45-5-2-9,n1545,45,5,2,9
mn-45-5-2-10,n1546,45,5,2,10
mn-45-5-2-11,n1547,45,5,2,11
mn-45-5-2-12,n1548,45,5,2,12
mn-45-5-2-13,n1549,45,5,2,13
mn-45-5-2-14,n1550,45,5,2,14
mn-45-5-2-15,n1551,45,5,2,15
mn-45-5-2-16,n1552,45,5,2,16
mn-45-5-2-17,n1553,45,5,2,17
mn-45-5-2-18,n1554,45,5,2,18
mn-46-1-1-1,n1555,46,1,1,1
mn-46-1-1-2,n1556,46,1,1,2
mn-46-1-1-3,n1557,46,1,1,3
mn-46-1-2-1,n1558,46,1,2,1
mn-46-1-2-2,n1559,46,1,2,2
mn-46-1-2-3,n1560,46,1,2,3
mn-46-1-2-4,n1561,46,1,2,4
mn-46-1-2-5,n1562,46,1,2,5
mn-46-1-2-6,n1563,46,1,2,6
mn-46-1-2-7,n1564,46,1,2,7
mn-46-1-2-8,n1565,46,1,2,8
mn-46-1-2-9,n1566,46,1,2,9
mn-46-1-1-4,n1567,46,1,1,4
mn-46-1-1-5,n1568,46,1,1,5
mn-46-1-1-6,n1569,46,1,1,6
mn-46-1-1-7,n1570,46,1,1,7
mn-46-1-1-8,n1571,46,1,1,8
mn-46-1-1-9,n1572,46,1,1,9
mn-46-1-1-10,n1573,46,1,1,10
mn-46-1-1-11,n1574,46,1,1,11
mn-46-1-1-12,n1575,46,1,1,12
mn-46-1-1-13,n1576,46,1,1,13
mn-46-1-1-14,n1577,46,1,1,14
mn-46-1-1-15,n1578,46,1,1,15
mn-46-1-1-16,n1579,46,1,1,16
mn-46-1-1-17,n1580,46,1,1,17
mn-46-1-1-18,n1581,46,1,1,18
mn-46-1-1-19,n1582,46,1,1,19
mn-46-1-1-20,n1583,46,1,1,20
mn-46-1-1-21,n1584,46,1,1,21
mn-46-1-1-22,n1585,46,1,1,22
mn-46-1-1-23,n1586,46,1,1,23
mn-46-5-2-1,n1587,46,5,2,1
mn-46-5-2-2,n1588,46,5,2,2
mn-46-5-2-3,n1589,46,5,2,3
mn-46-5-2-4,n1590,46,5,2,4
mn-46-5-2-5,n1591,46,5,2,5
mn-46-5-2-6,n1592,46,5,2,6
mn-46-5-2-7,n1593,46,5,2,7
mn-46-5-2-8,n1594,46,5,2,8
mn-46-5-2-9,n1595,46,5,2,9
mn-46-5-2-10,n1596,46,5,2,10
mn-46-5-2-11,n1597,46,5,2,11
mn-46-5-2-12,n1598,46,5,2,12
mn-46-5-2-13,n1599,46,5,2,13
mn-46-5-2-14,n1600,46,5,2,14
mn-46-5-2-15,n1601,46,5,2,15
mn-46-5-2-16,n1602,46,5,2,16
mn-46-5-2-17,n1603,46,5,2,17
mn-46-5-2-18,n1604,46,5,2,18
mn-46-5-2-19,n1605,46,5,2,19
mn-46-5-1-1,n1606,46,5,1,1
mn-46-5-1-2,n1607,46,5,1,2
mn-46-5-1-3,n1608,46,5,1,3
mn-46-5-1-4,n1609,46,5,1,4
mn-46-5-1-5,n1610,46,5,1,5
mn-46-5-1-6,n1611,46,5,1,6
mn-46-5-1-7,n1612,46,5,1,7
mn-46-5-1-8,n1613,46,5,1,8
mn-46-5-1-9,n1614,46,5,1,9
mn-46-5-1-10,n1615,46,5,1,10
mn-46-5-1-11,n1616,46,5,1,11
mn-46-5-1-12,n1617,46,5,1,12
mn-46-5-1-13,n1618,46,5,1,13
mn-47-1-1-1,n1619,47,1,1,1
mn-47-1-1-2,n1620,47,1,1,2
mn-47-1-1-3,n1621,47,1,1,3
mn-47-1-1-4,n1622,47,1,1,4
mn-47-1-1-5,n1623,47,1,1,5
mn-47-1-1-6,n1624,47,1,1,6
mn-47-1-1-7,n1625,47,1,1,7
mn-47-1-1-8,n1626,47,1,1,8
mn-47-1-1-9,n1627,47,1,1,9
mn-47-1-1-10,n1628,47,1,1,10
mn-47-1-1-11,n1629,47,1,1,11
mn-47-1-1-12,n1630,47,1,1,12
mn-47-1-1-13,n1631,47,1,1,13
mn-47-1-1-14,n1632,47,1,1,14
mn-47-1-1-15,n1633,47,1,1,15
mn-47-1-1-16,n1634,47,1,1,16
mn-47-1-1-17,n1635,47,1,1,17
mn-47-1-1-18,n1636,47,1,1,18
mn-47-1-1-19,n1637,47,1,1,19
mn-47-1-1-20,n1638,47,1,1,20
mn-47-5-1-1,n1639,47,5,1,1
mn-47-5-2-1,n1640,47,5,2,1
mn-47-5-2-2,n1641,47,5,2,2
mn-47-5-2-3,n1642,47,5,2,3
mn-47-5-2-4,n1643,47,5,2,4
mn-47-5-2-5,n1644,47,5,2,5
mn-47-5-2-6,n1645,47,5,2,6
mn-47-5-2-7,n1646,47,5,2,7
mn-47-5-2-8,n1647,47,5,2,8
mn-47-5-2-9,n1648,47,5,2,9
mn-47-5-2-10,n1649,47,5,2,10
mn-47-5-2-11,n1650,47,5,2,11
mn-47-5-2-12,n1651,47,5,2,12
mn-47-5-2-13,n1652,47,5,2,13
mn-47-5-2-14,n1653,47,5,2,14
mn-47-5-2-15,n1654,47,5,2,15
mn-48-1-1-1,n1655,48,1,1,1
mn-48-1-1-2,n1656,48,1,1,2
mn-48-1-1-3,n1657,48,1,1,3
mn-48-1-1-4,n1658,48,1,1,4
mn-48-1-1-5,n1659,48,1,1,5
mn-48-1-1-6,n1660,48,1,1,6
mn-48-1-1-7,n1661,48,1,1,7
mn-48-1-1-8,n1662,48,1,1,8
mn-48-1-1-9,n1663,48,1,1,9
mn-48-1-1-10,n1664,48,1,1,10
mn-48-2-1-1,n1665,48,2,1,1
mn-48-2-1-2,n1666,48,2,1,2
mn-48-2-1-3,n1667,48,2,1,3
mn-48-2-1-4,n1668,48,2,1,4
mn-48-2-1-5,n1669,48,2,1,5
mn-48-2-1-6,n1670,48,2,1,6
mn-48-2-1-7,n1671,48,2,1,7
mn-48-5-2-1,n1672,48,5,2,1
mn-48-5-2-2,n1673,48,5,2,2
mn-48-5-2-3,n1674,48,5,2,3
mn-48-5-2-4,n1675,48,5,2,4
mn-48-5-2-5,n1676,48,5,2,5
mn-48-5-2-6,n1677,48,5,2,6
mn-48-5-2-7,n1678,48,5,2,7
mn-48-5-2-8,n1679,48,5,2,8
mn-48-5-2-9,n1680,48,5,2,9
mn-48-5-2-10,n1681,48,5,2,10
mn-49-1-1-1,n1682,49,1,1,1
mn-49-1-1-2,n1683,49,1,1,2
mn-49-1-1-3,n1684,49,1,1,3
mn-49-1-1-4,n1685,49,1,1,4
mn-49-1-1-5,n1686,49,1,1,5
mn-49-1-1-6,n1687,49,1,1,6
mn-49-1-1-7,n1688,49,1,1,7
mn-49-1-1-8,n1689,49,1,1,8
mn-49-1-1-9,n1690,49,1,1,9
mn-49-2-1-1,n1691,49,2,1,1
mn-49-2-1-2,n1692,49,2,1,2
mn-49-2-1-3,n1693,49,2,1,3
mn-49-2-1-4,n1694,49,2,1,4
mn-49-2-1-5,n1695,49,2,1,5
mn-49-2-1-6,n1696,49,2,1,6
mn-49-2-1-7,n1697,49,2,1,7
mn-49-2-1-8,n1698,49,2,1,8
mn-49-2-1-9,n1699,49,2,1,9
mn-49-2-1-10,n1700,49,2,1,10
mn-49-2-1-11,n1701,49,2,1,11
mn-49-2-1-12,n1702,49,2,1,12
mn-49-2-1-13,n1703,49,2,1,13
mn-49-2-1-14,n1704,49,2,1,14
mn-49-2-1-15,n1705,49,2,1,15
mn-49-2-1-16,n1706,49,2,1,16
mn-49-2-1-17,n1707,49,2,1,17
mn-49-2-1-18,n1708,49,2,1,18
mn-49-4-1-1,n1709,49,4,1,1
mn-49-4-1-2,n1710,49,4,1,2
mn-49-5-2-1,n1711,49,5,2,1
mn-49-5-2-2,n1712,49,5,2,2
mn-49-5-2-3,r10,49,5,2,3
mn-49-5-2-4,n1713,49,5,2,4
mn-49-5-2-5,n1714,49,5,2,5
mn-49-5-2-6,n1715,49,5,2,6
mn-49-5-2-7,r11,49,5,2,7
mn-49-5-2-8,n1716,49,5,2,8
mn-49-5-2-9,n1717,49,5,2,9
mn-49-5-2-10,n1718,49,5,2,10
mn-49-5-2-11,r12,49,5,2,11
mn-49-5-2-12,n1719,49,5,2,12
mn-49-6-2-1,n1720,49,6,2,1
mn-49-6-2-2,n1721,49,6,2,2
mn-49-7-2-1,n1722,49,7,2,1
mn-49-7-2-2,n1723,49,7,2,2
mn-49-7-2-3,n1724,49,7,2,3
mn-49-7-2-4,n1725,49,7,2,4
mn-49-7-2-5,n1726,49,7,2,5
mn-49-7-2-6,n1727,49,7,2,6
mn-49-7-2-7,n1728,49,7,2,7
mn-49-7-2-8,n1729,49,7,2,8
mn-49-7-2-9,n1730,49,7,2,9
mn-49-7-2-10,n1731,49,7,2,10
mn-49-7-2-11,n1732,49,7,2,11
mn-49-7-2-12,n1733,49,7,2,12
mn-49-7-2-13,n1734,49,7,2,13
mn-49-7-2-14,n1735,49,7,2,14
mn-49-7-2-15,n1736,49,7,2,15
mn-49-7-2-16,n1737,49,7,2,16
mn-50-1-1-1,n1738,50,1,1,1
mn-50-1-1-2,n1739,50,1,1,2
mn-50-1-1-3,n1740,50,1,1,3
mn-50-1-1-4,n1741,50,1,1,4
mn-50-1-1-5,n1742,50,1,1,5
mn-50-1-1-6,n1743,50,1,1,6
mn-50-1-1-7,n1744,50,1,1,7
mn-50-1-1-8,n1745,50,1,1,8
mn-50-1-1-9,n1746,50,1,1,9
mn-50-2-1-1,n1747,50,2,1,1
mn-50-2-1-2,n1748,50,2,1,2
mn-50-2-1-3,n1749,50,2,1,3
mn-50-2-1-4,n1750,50,2,1,4
mn-50-2-1-5,n1751,50,2,1,5
mn-50-2-1-6,n1752,50,2,1,6
mn-50-2-1-7,n1753,50,2,1,7
mn-50-2-1-8,n1754,50,2,1,8
mn-50-2-1-9,n1755,50,2,1,9
mn-50-2-1-10,n1756,50,2,1,10
mn-50-2-1-11,n1757,50,2,1,11
mn-50-2-1-12,n1758,50,2,1,12
mn-50-2-1-13,n1759,50,2,1,13
mn-50-2-1-14,n1760,50,2,1,14
mn-50-2-1-15,n1761,50,2,1,15
mn-50-2-1-16,n1762,50,2,1,16
mn-50-2-1-17,n1763,50,2,1,17
mn-50-2-1-18,n1764,50,2,1,18
mn-50-3-1-1,n1765,50,3,1,1
mn-50-3-1-2,n1766,50,3,1,2
mn-50-3-1-3,n1767,50,3,1,3
mn-50-5-2-1,n1768,50,5,2,1
mn-50-5-2-2,n1769,50,5,2,2
mn-50-5-2-3,n1770,50,5,2,3
mn-50-5-2-4,n1771,50,5,2,4
mn-50-5-2-5,n1772,50,5,2,5
mn-50-5-2-6,n1773,50,5,2,6
mn-50-5-2-7,n1774,50,5,2,7
mn-50-5-2-8,n1775,50,5,2,8
mn-50-5-2-9,n1776,50,5,2,9
mn-50-5-2-10,n1777,50,5,2,10
mn-50-5-2-11,n1778,50,5,2,11
mn-50-5-2-12,n1779,50,5,2,12
mn-50-7-2-1,n1780,50,7,2,1
mn-50-7-2-2,n1781,50,7,2,2
mn-50-7-2-3,n1782,50,7,2,3
mn-50-7-2-4,n1783,50,7,2,4
mn-50-7-2-5,n1784,50,7,2,5
mn-50-7-2-6,n1785,50,7,2,6
mn-50-7-2-7,n1786,50,7,2,7
mn-50-7-2-8,n1787,50,7,2,8
mn-50-7-2-9,n1788,50,7,2,9
mn-50-7-2-10,n1789,50,7,2,10
mn-50-7-2-11,n1790,50,7,2,11
mn-50-7-2-12,n1791,50,7,2,12
mn-50-7-2-13,n1792,50,7,2,13
mn-50-7-2-14,n1793,50,7,2,14
mn-50-7-2-15,n1794,50,7,2,15
mn-50-8-2-1,n1795,50,8,2,1
mn-50-8-2-2,n1796,50,8,2,2
mn-50-8-2-3,n1797,50,8,2,3
mn-51-1-1-1,n1798,51,1,1,1
mn-51-1-1-2,n1799,51,1,1,2
mn-51-1-1-3,n1800,51,1,1,3
mn-51-1-1-4,n1801,51,1,1,4
mn-51-1-1-5,n1802,51,1,1,5
mn-51-1-1-6,n1803,51,1,1,6
mn-51-1-1-7,n1804,51,1,1,7
mn-51-1-1-8,n1805,51,1,1,8
mn-51-1-1-9,n1806,51,1,1,9
mn-51-1-1-10,n1807,51,1,1,10
mn-51-1-1-11,n1808,51,1,1,11
mn-51-1-1-12,n1809,51,1,1,12
mn-51-1-1-13,n1810,51,1,1,13
mn-51-1-1-14,n1811,51,1,1,14
mn-51-1-1-15,n1812,51,1,1,15
mn-51-1-1-16,n1813,51,1,1,16
mn-51-1-1-17,n1814,51,1,1,17
mn-51-1-1-18,n1815,51,1,1,18
mn-51-1-1-19,n1816,51,1,1,19
mn-51-1-1-20,n1817,51,1,1,20
mn-51-1-1-21,n1818,51,1,1,21
mn-51-5-2-1,n1819,51,5,2,1
mn-51-5-2-2,n1820,51,5,2,2
mn-51-5-2-3,n1821,51,5,2,3
mn-51-5-2-4,n1822,51,5,2,4
mn-51-5-2-5,n1823,51,5,2,5
mn-51-5-2-6,n1824,51,5,2,6
mn-51-5-2-7,n1825,51,5,2,7
mn-51-5-2-8,n1826,51,5,2,8
mn-51-5-2-9,n1827,51,5,2,9
mn-51-5-2-10,n1828,51,5,2,10
mn-51-5-2-11,n1829,51,5,2,11
mn-51-5-2-12,n1830,51,5,2,12
mn-51-5-2-13,n1831,51,5,2,13
mn-51-5-2-14,n1832,51,5,2,14
mn-51-5-2-15,n1833,51,5,2,15
mn-51-5-2-16,n1834,51,5,2,16
mn-51-5-2-17,n1835,51,5,2,17
mn-51-5-2-18,n1836,51,5,2,18
mn-51-5-2-19,n1837,51,5,2,19
mn-51-5-2-20,n1838,51,5,2,20
mn-52-1-1-1,n1839,52,1,1,1
mn-52-1-1-2,n1840,52,1,1,2
mn-52-1-1-3,n1841,52,1,1,3
mn-52-1-1-4,n1842,52,1,1,4
mn-52-1-1-5,n1843,52,1,1,5
mn-52-1-1-6,n1844,52,1,1,6
mn-52-1-1-7,n1845,52,1,1,7
mn-52-1-1-8,n1846,52,1,1,8
mn-52-1-1-9,n1847,52,1,1,9
mn-52-1-1-10,n1848,52,1,1,10
mn-52-1-1-11,n1849,52,1,1,11
mn-52-1-1-12,n1850,52,1,1,12
mn-52-1-1-13,n1851,52,1,1,13
mn-52-1-1-14,n1852,52,1,1,14
mn-52-1-1-15,n1853,52,1,1,15
mn-52-1-1-16,n1854,52,1,1,16
mn-52-1-1-17,n1855,52,1,1,17
mn-52-1-1-18,n1856,52,1,1,18
mn-52-1-1-19,n1857,52,1,1,19
mn-52-3-1-1,n1858,52,3,1,1
mn-52-5-2-1,n1859,52,5,2,1
mn-52-5-2-2,n1860,52,5,2,2
mn-52-5-2-3,n1861,52,5,2,3
mn-52-5-2-4,n1862,52,5,2,4
mn-52-5-2-5,n1863,52,5,2,5
mn-52-5-2-6,n1864,52,5,2,6
mn-52-5-2-7,n1865,52,5,2,7
mn-52-5-2-8,n1866,52,5,2,8
mn-52-5-2-9,n1867,52,5,2,9
mn-52-5-2-10,n1868,52,5,2,10
mn-52-5-2-11,n1869,52,5,2,11
mn-52-5-2-12,n1870,52,5,2,12
mn-52-5-2-13,n1871,52,5,2,13
mn-52-5-2-14,n1872,52,5,2,14
mn-52-5-2-15,n1873,52,5,2,15
mn-52-5-2-16,n1874,52,5,2,16
mn-52-5-2-17,n1875,52,5,2,17
mn-52-7-2-1,n1876,52,7,2,1
mn-53-1-1-1,n1877,53,1,1,1
mn-53-1-1-2,n1878,53,1,1,2
mn-53-1-1-3,n1879,53,1,1,3
mn-53-1-1-4,n1880,53,1,1,4
mn-53-1-1-5,n1881,53,1,1,5
mn-53-1-1-6,n1882,53,1,1,6
mn-53-1-1-7,n1883,53,1,1,7
mn-53-1-1-8,n1884,53,1,1,8
mn-53-1-1-9,n1885,53,1,1,9
mn-53-1-1-10,n1886,53,1,1,10
mn-53-2-1-1,n1887,53,2,1,1
mn-53-2-1-2,n1888,53,2,1,2
mn-53-2-1-3,n1889,53,2,1,3
mn-53-2-1-4,n1890,53,2,1,4
mn-53-2-1-5,n1891,53,2,1,5
mn-53-2-1-6,n1892,53,2,1,6
mn-53-2-1-7,n1893,53,2,1,7
mn-53-2-1-8,n1894,53,2,1,8
mn-53-2-1-9,n1895,53,2,1,9
mn-53-2-1-10,n1896,53,2,1,10
mn-53-2-1-11,n1897,53,2,1,11
mn-53-2-1-12,n1898,53,2,1,12
mn-53-2-1-13,n1899,53,2,1,13
mn-53-2-1-14,n1900,53,2,1,14
mn-53-2-1-15,n1901,53,2,1,15
mn-53-2-1-16,n1902,53,2,1,16
mn-53-4-1-1,n1903,53,4,1,1
mn-53-4-1-2,n1904,53,4,1,2
mn-53-5-2-1,n1905,53,5,2,1
mn-53-5-2-2,n1906,53,5,2,2
mn-53-5-2-3,n1907,53,5,2,3
mn-53-5-2-4,r13,53,5,2,4
mn-53-5-2-5,n1908,53,5,2,5
mn-53-5-2-6,n1909,53,5,2,6
mn-53-5-2-7,n1910,53,5,2,7
mn-53-5-2-8,r14,53,5,2,8
mn-53-5-2-9,n1911,53,5,2,9
mn-53-5-2-10,n1912,53,5,2,10
mn-53-5-2-11,n1913,53,5,2,11
mn-53-5-2-12,r15,53,5,2,12
mn-53-5-2-13,n1914,53,5,2,13
mn-53-6-2-1,n1915,53,6,2,1
mn-53-6-2-2,n1916,53,6,2,2
mn-53-7-2-1,n1917,53,7,2,1
mn-53-7-2-2,n1918,53,7,2,2
mn-53-7-2-3,n1919,53,7,2,3
mn-53-7-2-4,n1920,53,7,2,4
mn-53-7-2-5,n1921,53,7,2,5
mn-53-7-2-6,n1922,53,7,2,6
mn-53-7-2-7,n1923,53,7,2,7
mn-53-7-2-8,n1924,53,7,2,8
mn-53-7-2-9,n1925,53,7,2,9
mn-53-7-2-10,n1926,53,7,2,10
mn-53-7-2-11,n1927,53,7,2,11
mn-53-7-2-12,n1928,53,7,2,12
mn-53-7-2-13,n1929,53,7,2,13
mn-53-7-2-14,n1930,53,7,2,14
mn-54-1-1-1,n1931,54,1,1,1
mn-54-1-1-2,n1932,54,1,1,2
mn-54-1-1-3,n1933,54,1,1,3
mn-54-1-1-4,n1934,54,1,1,4
mn-54-1-1-5,n1935,54,1,1,5
mn-54-1-1-6,n1936,54,1,1,6
mn-54-1-1-7,n1937,54,1,1,7
mn-54-1-1-8,n1938,54,1,1,8
mn-54-1-1-9,n1939,54,1,1,9
mn-54-2-1-1,n1940,54,2,1,1
mn-54-2-1-2,n1941,54,2,1,2
mn-54-2-1-3,n1942,54,2,1,3
mn-54-2-1-4,n1943,54,2,1,4
mn-54-2-1-5,n1944,54,2,1,5
mn-54-2-1-6,n1945,54,2,1,6
mn-54-2-1-7,n1946,54,2,1,7
mn-54-2-1-8,n1947,54,2,1,8
mn-54-2-1-9,n1948,54,2,1,9
mn-54-2-1-10,n1949,54,2,1,10
mn-54-2-1-11,n1950,54,2,1,11
mn-54-2-1-12,n1951,54,2,1,12
mn-54-2-1-13,n1952,54,2,1,13
mn-54-2-1-14,n1953,54,2,1,14
mn-54-2-1-15,n1954,54,2,1,15
mn-54-2-1-16,n1955,54,2,1,16
mn-54-2-1-17,n1956,54,2,1,17
mn-54-2-1-18,n1957,54,2,1,18
mn-54-3-1-1,n1958,54,3,1,1
mn-54-3-1-2,n1959,54,3,1,2
mn-54-3-1-3,n1960,54,3,1,3
mn-54-5-2-1,n1961,54,5,2,1
mn-54-5-2-2,n1962,54,5,2,2
mn-54-5-2-3,n1963,54,5,2,3
mn-54-5-2-4,n1964,54,5,2,4
mn-54-5-2-5,n1965,54,5,2,5
mn-54-5-2-6,n1966,54,5,2,6
mn-54-5-2-7,n1967,54,5,2,7
mn-54-5-2-8,n1968,54,5,2,8
mn-54-5-2-9,n1969,54,5,2,9
mn-54-5-2-10,n1970,54,5,2,10
mn-54-5-2-11,n1971,54,5,2,11
mn-54-5-2-12,n1972,54,5,2,12
mn-54-7-2-1,n1973,54,7,2,1
mn-54-7-2-2,n1974,54,7,2,2
mn-54-7-2-3,n1975,54,7,2,3
mn-54-7-2-4,n1976,54,7,2,4
mn-54-7-2-5,n1977,54,7,2,5
mn-54-7-2-6,n1978,54,7,2,6
mn-54-7-2-7,n1979,54,7,2,7
mn-54-7-2-8,n1980,54,7,2,8
mn-54-7-2-9,n1981,54,7,2,9
mn-54-7-2-10,n1982,54,7,2,10
mn-54-7-2-11,n1983,54,7,2,11
mn-54-7-2-12,n1984,54,7,2,12
mn-54-7-2-13,n1985,54,7,2,13
mn-54-7-2-14,n1986,54,7,2,14
mn-54-7-2-15,n1987,54,7,2,15
mn-54-8-2-1,n1988,54,8,2,1
mn-54-8-2-2,n1989,54,8,2,2
mn-54-8-2-3,n1990,54,8,2,3
mn-55-1-1-1,n1991,55,1,1,1
mn-55-1-1-2,n1992,55,1,1,2
mn-55-1-1-3,n1993,55,1,1,3
mn-55-1-1-4,n1994,55,1,1,4
mn-55-1-1-5,n1995,55,1,1,5
mn-55-1-1-6,n1996,55,1,1,6
mn-55-1-1-7,n1997,55,1,1,7
mn-55-1-1-8,n1998,55,1,1,8
mn-55-1-1-9,n1999,55,1,1,9
mn-55-1-1-10,n2000,55,1,1,10
mn-55-1-1-11,n2001,55,1,1,11
mn-55-1-1-12,n2002,55,1,1,12
mn-55-1-1-13,n2003,55,1,1,13
mn-55-1-1-14,n2004,55,1,1,14
mn-55-1-1-15,n2005,55,1,1,15
mn-55-1-1-16,n2006,55,1,1,16
mn-55-1-1-17,n2007,55,1,1,17
mn-55-1-1-18,n2008,55,1,1,18
mn-55-1-1-19,n2009,55,1,1,19
mn-55-1-1-20,n2010,55,1,1,20
mn-55-1-1-21,n2011,55,1,1,21
mn-55-5-2-1,n2012,55,5,2,1
mn-55-5-2-2,n2013,55,5,2,2
mn-55-5-2-3,n2014,55,5,2,3
mn-55-5-2-4,n2015,55,5,2,4
mn-55-5-2-5,n2016,55,5,2,5
mn-55-5-2-6,n2017,55,5,2,6
mn-55-5-2-7,n2018,55,5,2,7
mn-55-5-2-8,n2019,55,5,2,8
mn-55-5-2-9,n2020,55,5,2,9
mn-55-5-2-10,n2021,55,5,2,10
mn-55-5-2-11,n2022,55,5,2,11
mn-55-5-2-12,n2023,55,5,2,12
mn-55-5-2-13,n2024,55,5,2,13
mn-55-5-2-14,n2025,55,5,2,14
mn-55-5-2-15,n2026,55,5,2,15
mn-55-5-2-16,n2027,55,5,2,16
mn-55-5-2-17,n2028,55,5,2,17
mn-55-5-2-18,n2029,55,5,2,18
mn-55-5-2-19,n2030,55,5,2,19
mn-55-5-2-20,n2031,55,5,2,20
mn-56-1-1-1,n2032,56,1,1,1
mn-56-1-1-2,n2033,56,1,1,2
mn-56-1-1-3,n2034,56,1,1,3
mn-56-1-1-4,n2035,56,1,1,4
mn-56-1-1-5,n2036,56,1,1,5
mn-56-1-1-6,n2037,56,1,1,6
mn-56-1-1-7,n2038,56,1,1,7
mn-56-1-1-8,n2039,56,1,1,8
mn-56-1-1-9,n2040,56,1,1,9
mn-56-1-1-10,n2041,56,1,1,10
mn-56-2-1-1,n2042,56,2,1,1
mn-56-2-1-2,n2043,56,2,1,2
mn-56-2-1-3,n2044,56,2,1,3
mn-56-2-1-4,n2045,56,2,1,4
mn-56-2-1-5,n2046,56,2,1,5
mn-56-5-2-1,n2047,56,5,2,1
mn-56-5-2-2,n2048,56,5,2,2
mn-56-5-2-3,n2049,56,5,2,3
mn-56-5-2-4,n2050,56,5,2,4
mn-56-5-2-5,n2051,56,5,2,5
mn-56-5-2-6,n2052,56,5,2,6
mn-56-5-2-7,n2053,56,5,2,7
mn-56-5-2-8,n2054,56,5,2,8
mn-56-5-2-9,n2055,56,5,2,9
mn-56-5-2-10,n2056,56,5,2,10
mn-56-5-2-11,n2057,56,5,2,11
mn-56-5-2-12,n2058,56,5,2,12
mn-56-5-2-13,n2059,56,5,2,13
mn-56-5-2-14,n2060,56,5,2,14
mn-56-5-2-15,n2061,56,5,2,15
mn-56-5-2-16,n2062,56,5,2,16
mn-56-5-2-17,n2063,56,5,2,17
mn-57-1-1-1,n2064,57,1,1,1
mn-57-1-1-2,n2065,57,1,1,2
mn-57-5-2-1,n2066,57,5,2,1
mn-57-5-2-2,n2067,57,5,2,2
mn-57-5-2-3,n2068,57,5,2,3
mn-57-5-2-4,n2069,57,5,2,4
mn-57-5-2-5,n2070,57,5,2,5
mn-57-5-2-6,n2071,57,5,2,6
mn-57-5-2-7,n2072,57,5,2,7
mn-57-5-2-8,n2073,57,5,2,8
mn-57-5-2-9,n2074,57,5,2,9
mn-57-5-2-10,n2075,57,5,2,10
mn-57-5-2-11,n2076,57,5,2,11
mn-57-5-2-12,n2077,57,5,2,12
mn-57-5-2-13,n2078,57,5,2,13
mn-57-5-2-14,n2079,57,5,2,14
mn-58-1-1-1,n2080,58,1,1,1
mn-58-1-1-2,n2081,58,1,1,2
mn-58-1-1-3,n2082,58,1,1,3
mn-58-1-1-4,n2083,58,1,1,4
mn-58-1-1-5,n2084,58,1,1,5
mn-58-2-1-1,n2085,58,2,1,1
mn-58-2-1-2,n2086,58,2,1,2
mn-58-2-1-3,n2087,58,2,1,3
mn-58-2-1-4,n2088,58,2,1,4
mn-58-2-1-5,n2089,58,2,1,5
mn-58-2-1-6,n2090,58,2,1,6
mn-58-2-1-7,n2091,58,2,1,7
mn-58-2-1-8,n2092,58,2,1,8
mn-58-5-2-1,n2093,58,5,2,1
mn-58-5-2-2,n2094,58,5,2,2
mn-58-5-2-3,n2095,58,5,2,3
mn-58-5-2-4,n2096,58,5,2,4
mn-58-5-2-5,n2097,58,5,2,5
mn-58-5-2-6,n2098,58,5,2,6
mn-58-5-2-7,n2099,58,5,2,7
mn-58-5-2-8,n2100,58,5,2,8
mn-58-5-2-9,n2101,58,5,2,9
mn-58-5-2-10,n2102,58,5,2,10
mn-58-5-2-11,n2103,58,5,2,11
mn-58-5-2-12,n2104,58,5,2,12
mn-58-5-2-13,n2105,58,5,2,13
mn-58-5-2-14,n2106,58,5,2,14
mn-59-1-1-1,n2107,59,1,1,1
mn-59-1-1-2,n2108,59,1,1,2
mn-59-1-1-3,n2109,59,1,1,3
mn-59-1-1-4,n2110,59,1,1,4
mn-59-1-1-5,n2111,59,1,1,5
mn-59-2-1-1,n2112,59,2,1,1
mn-59-2-1-2,n2113,59,2,1,2
mn-59-2-1-3,n2114,59,2,1,3
mn-59-2-1-4,n2115,59,2,1,4
mn-59-2-1-5,n2116,59,2,1,5
mn-59-2-1-6,n2117,59,2,1,6
mn-59-2-1-7,n2118,59,2,1,7
mn-59-2-1-8,n2119,59,2,1,8
mn-59-5-2-1,n2120,59,5,2,1
mn-59-5-2-2,n2121,59,5,2,2
mn-59-5-2-3,n2122,59,5,2,3
mn-59-5-2-4,n2123,59,5,2,4
mn-59-5-2-5,n2124,59,5,2,5
mn-59-5-2-6,n2125,59,5,2,6
mn-59-5-2-7,n2126,59,5,2,7
mn-59-5-2-8,n2127,59,5,2,8
mn-59-5-2-9,n2128,59,5,2,9
mn-59-5-2-10,n2129,59,5,2,10
mn-59-5-2-11,n2130,59,5,2,11
mn-59-5-2-12,n2131,59,5,2,12
mn-59-5-2-13,n2132,59,5,2,13
mn-59-5-2-14,n2133,59,5,2,14
mn-60-1-1-1,n2134,60,1,1,1
mn-60-1-1-2,n2135,60,1,1,2
mn-60-1-1-3,n2136,60,1,1,3
mn-60-1-1-4,n2137,60,1,1,4
mn-60-1-1-5,n2138,60,1,1,5
mn-60-1-1-6,n2139,60,1,1,6
mn-60-1-1-7,n2140,60,1,1,7
mn-60-1-1-8,n2141,60,1,1,8
mn-60-1-1-9,n2142,60,1,1,9
mn-60-5-2-1,n2143,60,5,2,1
mn-60-5-2-2,n2144,60,5,2,2
mn-60-5-2-3,n2145,60,5,2,3
mn-60-5-2-4,n2146,60,5,2,4
mn-60-5-2-5,n2147,60,5,2,5
mn-60-5-2-6,n2148,60,5,2,6
mn-60-5-2-7,n2149,60,5,2,7
mn-60-5-2-8,n2150,60,5,2,8
mn-60-5-2-9,n2151,60,5,2,9
mn-60-5-2-10,n2152,60,5,2,10
mn-60-5-2-11,n2153,60,5,2,11
mn-60-5-2-12,n2154,60,5,2,12
mn-60-5-2-13,n2155,60,5,2,13
mn-60-5-2-14,n2156,60,5,2,14
mn-60-5-2-15,n2157,60,5,2,15
mn-60-5-2-16,n2158,60,5,2,16
mn-60-5-2-17,n2159,60,5,2,17
mn-60-5-2-18,n2160,60,5,2,18
mn-61-1-1-1,n2161,61,1,1,1
mn-61-1-1-2,n2162,61,1,1,2
mn-61-1-1-3,n2163,61,1,1,3
mn-61-1-1-4,n2164,61,1,1,4
mn-61-1-1-5,n2165,61,1,1,5
mn-61-5-2-1,n2166,61,5,2,1
mn-61-5-2-2,n2167,61,5,2,2
mn-61-5-2-3,n2168,61,5,2,3
mn-61-5-2-4,n2169,61,5,2,4
mn-61-5-2-5,n2170,61,5,2,5
mn-61-5-2-6,n2171,61,5,2,6
mn-61-5-2-7,n2172,61,5,2,7
mn-61-5-2-8,n2173,61,5,2,8
mn-61-5-2-9,n2174,61,5,2,9
mn-61-5-2-10,n2175,61,5,2,10
mn-61-5-2-11,n2176,61,5,2,11
mn-61-5-2-12,n2177,61,5,2,12
mn-61-5-2-13,n2178,61,5,2,13
mn-61-5-2-14,n2179,61,5,2,14
mn-61-5-2-15,n2180,61,5,2,15
mn-61-5-2-16,n2181,61,5,2,16
mn-61-5-2-17,n2182,61,5,2,17
mn-61-5-2-18,n2183,61,5,2,18
mn-62-1-1-1,n2184,62,1,1,1
mn-62-1-1-2,n2185,62,1,1,2
mn-62-1-1-3,n2186,62,1,1,3
mn-62-1-1-4,n2187,62,1,1,4
mn-62-1-1-5,n2188,62,1,1,5
mn-62-1-1-6,n2189,62,1,1,6
mn-62-2-1-1,n2190,62,2,1,1
mn-62-2-1-2,n2191,62,2,1,2
mn-62-2-1-3,n2192,62,2,1,3
mn-62-2-1-4,n2193,62,2,1,4
mn-62-2-1-5,n2194,62,2,1,5
mn-62-2-1-6,n2195,62,2,1,6
mn-62-2-1-7,n2196,62,2,1,7
mn-62-2-1-8,n2197,62,2,1,8
mn-62-5-2-1,n2198,62,5,2,1
mn-62-5-2-2,n2199,62,5,2,2
mn-62-5-2-3,n2200,62,5,2,3
mn-62-5-2-4,n2201,62,5,2,4
mn-62-5-2-5,n2202,62,5,2,5
mn-62-5-2-6,n2203,62,5,2,6
mn-62-5-2-7,n2204,62,5,2,7
mn-62-5-2-8,n2205,62,5,2,8
mn-62-5-2-9,n2206,62,5,2,9
mn-62-5-2-10,n2207,62,5,2,10
mn-62-5-2-11,n2208,62,5,2,11
mn-62-5-2-12,n2209,62,5,2,12
mn-62-5-2-13,n2210,62,5,2,13
mn-62-5-2-14,n2211,62,5,2,14
mn-62-5-2-15,n2212,62,5,2,15
mn-63-1-1-1,n2213,63,1,1,1
mn-63-1-1-2,n2214,63,1,1,2
mn-63-1-1-3,n2215,63,1,1,3
mn-63-1-1-4,n2216,63,1,1,4
mn-63-1-1-5,n2217,63,1,1,5
mn-63-1-1-6,n2218,63,1,1,6
mn-63-2-1-1,n2219,63,2,1,1
mn-63-2-1-2,n2220,63,2,1,2
mn-63-2-1-3,n2221,63,2,1,3
mn-63-2-1-4,n2222,63,2,1,4
mn-63-2-1-5,n2223,63,2,1,5
mn-63-2-1-6,n2224,63,2,1,6
mn-63-2-1-7,n2225,63,2,1,7
mn-63-2-1-8,n2226,63,2,1,8
mn-63-5-2-1,n2227,63,5,2,1
mn-63-5-2-2,n2228,63,5,2,2
mn-63-5-2-3,n2229,63,5,2,3
mn-63-5-2-4,n2230,63,5,2,4
mn-63-5-2-5,n2231,63,5,2,5
mn-63-5-2-6,n2232,63,5,2,6
mn-63-5-2-7,n2233,63,5,2,7
mn-63-5-2-8,n2234,63,5,2,8
mn-63-5-2-9,n2235,63,5,2,9
mn-63-5-2-10,n2236,63,5,2,10
mn-63-5-2-11,n2237,63,5,2,11
mn-63-5-2-12,n2238,63,5,2,12
mn-63-5-2-13,n2239,63,5,2,13
mn-63-5-2-14,n2240,63,5,2,14
mn-63-5-2-15,n2241,63,5,2,15
mn-64-1-1-1,n2242,64,1,1,1
mn-64-1-1-2,n2243,64,1,1,2
mn-64-1-1-3,n2244,64,1,1,3
mn-64-1-1-4,n2245,64,1,1,4
mn-64-1-1-5,n2246,64,1,1,5
mn-64-1-1-6,n2247,64,1,1,6
mn-64-1-1-7,n2248,64,1,1,7
mn-64-1-1-8,n2249,64,1,1,8
mn-64-1-1-9,n2250,64,1,1,9
mn-64-1-1-10,n2251,64,1,1,10
mn-64-1-1-11,n2252,64,1,1,11
mn-64-1-1-12,n2253,64,1,1,12
mn-64-1-1-13,n2254,64,1,1,13
mn-64-1-1-14,n2255,64,1,1,14
mn-64-1-1-15,n2256,64,1,1,15
mn-64-1-1-16,n2257,64,1,1,16
mn-64-1-1-17,n2258,64,1,1,17
mn-64-1-1-18,n2259,64,1,1,18
mn-64-1-1-19,n2260,64,1,1,19
mn-64-1-1-20,n2261,64,1,1,20
mn-64-1-1-21,n2262,64,1,1,21
mn-64-1-1-22,n2263,64,1,1,22
mn-64-1-1-23,n2264,64,1,1,23
mn-64-1-1-24,n2265,64,1,1,24
mn-64-1-1-25,n2266,64,1,1,25
mn-64-1-1-26,n2267,64,1,1,26
mn-64-2-1-1,n2268,64,2,1,1
mn-64-2-1-2,n2269,64,2,1,2
mn-64-2-1-3,n2270,64,2,1,3
mn-64-2-1-4,n2271,64,2,1,4
mn-64-2-1-5,n2272,64,2,1,5
mn-64-2-1-6,n2273,64,2,1,6
mn-64-5-2-1,n2274,64,5,2,1
mn-64-5-2-2,n2275,64,5,2,2
mn-64-5-2-3,n2276,64,5,2,3
mn-64-5-2-4,n2277,64,5,2,4
mn-64-5-2-5,n2278,64,5,2,5
mn-64-5-2-6,n2279,64,5,2,6
mn-64-5-2-7,n2280,64,5,2,7
mn-64-5-2-8,n2281,64,5,2,8
mn-64-5-2-9,n2282,64,5,2,9
mn-64-5-2-10,n2283,64,5,2,10
mn-64-5-2-11,n2284,64,5,2,11
mn-64-5-2-12,n2285,64,5,2,12
mn-64-5-2-13,n2286,64,5,2,13
mn-64-5-2-14,n2287,64,5,2,14
mn-64-5-2-15,n2288,64,5,2,15
mn-64-5-2-16,n2289,64,5,2,16
mn-64-5-2-17,n2290,64,5,2,17
mn-64-5-2-18,n2291,64,5,2,18
mn-64-5-2-19,n2292,64,5,2,19
mn-64-5-2-20,n2293,64,5,2,20
mn-64-5-2-21,n2294,64,5,2,21
mn-64-5-2-22,n2295,64,5,2,22
mn-64-5-2-23,n2296,64,5,2,23
mn-64-5-2-24,n2297,64,5,2,24
mn-65-1-1-1,n2298,65,1,1,1
mn-65-1-1-2,n2299,65,1,1,2
mn-65-1-1-3,n2300,65,1,1,3
mn-65-1-1-4,n2301,65,1,1,4
mn-65-1-1-5,n2302,65,1,1,5
mn-65-1-1-6,n2303,65,1,1,6
mn-65-1-1-7,n2304,65,1,1,7
mn-65-1-1-8,n2305,65,1,1,8
mn-65-1-1-9,n2306,65,1,1,9
mn-65-1-1-10,n2307,65,1,1,10
mn-65-1-1-11,n2308,65,1,1,11
mn-65-1-1-12,n2309,65,1,1,12
mn-65-1-1-13,n2310,65,1,1,13
mn-65-1-1-14,n2311,65,1,1,14
mn-65-1-1-15,n2312,65,1,1,15
mn-65-1-1-16,n2313,65,1,1,16
mn-65-1-1-17,n2314,65,1,1,17
mn-65-1-1-18,n2315,65,1,1,18
mn-65-1-1-19,n2316,65,1,1,19
mn-65-1-1-20,n2317,65,1,1,20
mn-65-2-1-1,n2318,65,2,1,1
mn-65-2-1-2,n2319,65,2,1,2
mn-65-2-1-3,n2320,65,2,1,3
mn-65-2-1-4,n2321,65,2,1,4
mn-65-2-1-5,n2322,65,2,1,5
mn-65-5-2-1,n2323,65,5,2,1
mn-65-5-2-2,n2324,65,5,2,2
mn-65-5-2-3,n2325,65,5,2,3
mn-65-5-2-4,n2326,65,5,2,4
mn-65-5-2-5,n2327,65,5,2,5
mn-65-5-2-6,n2328,65,5,2,6
mn-65-5-2-7,n2329,65,5,2,7
mn-65-5-2-8,n2330,65,5,2,8
mn-65-5-2-9,n2331,65,5,2,9
mn-65-5-2-10,n2332,65,5,2,10
mn-65-5-2-11,n2333,65,5,2,11
mn-65-5-2-12,n2334,65,5,2,12
mn-65-5-2-13,n2335,65,5,2,13
mn-65-5-2-14,n2336,65,5,2,14
mn-66-1-1-1,n2337,66,1,1,1
mn-66-1-1-2,r16,66,1,1,2
mn-66-1-1-3,n2338,66,1,1,3
mn-66-1-1-4,n2339,66,1,1,4
mn-66-1-1-5,n2340,66,1,1,5
mn-66-1-1-6,n2341,66,1,1,6
mn-66-1-1-7,n2342,66,1,1,7
mn-66-1-1-8,n2343,66,1,1,8
mn-66-1-1-9,n2344,66,1,1,9
mn-66-1-1-10,n2345,66,1,1,10
mn-66-1-1-11,n2346,66,1,1,11
mn-66-1-1-12,n2347,66,1,1,12
mn-66-1-1-13,n2348,66,1,1,13
mn-66-1-1-14,n2349,66,1,1,14
mn-66-1-1-15,n2350,66,1,1,15
mn-66-1-1-16,n2351,66,1,1,16
mn-66-2-1-1,n2352,66,2,1,1
mn-66-2-1-2,n2353,66,2,1,2
mn-66-2-1-3,n2354,66,2,1,3
mn-66-2-1-4,n2355,66,2,1,4
mn-66-2-1-5,n2356,66,2,1,5
mn-66-2-1-6,n2357,66,2,1,6
mn-66-2-1-7,n2358,66,2,1,7
mn-66-2-1-8,n2359,66,2,1,8
mn-66-2-1-9,n2360,66,2,1,9
mn-66-2-1-10,n2361,66,2,1,10
mn-66-2-1-11,n2362,66,2,1,11
mn-66-2-1-12,n2363,66,2,1,12
mn-66-2-1-13,n2364,66,2,1,13
mn-66-2-1-14,n2365,66,2,1,14
mn-66-2-1-15,n2366,66,2,1,15
mn-66-2-1-16,n2367,66,2,1,16
mn-66-2-1-17,n2368,66,2,1,17
mn-66-2-1-18,n2369,66,2,1,18
mn-66-2-1-19,n2370,66,2,1,19
mn-66-5-2-1,n2371,66,5,2,1
mn-66-5-2-2,n2372,66,5,2,2
mn-66-5-2-3,n2373,66,5,2,3
mn-66-5-2-4,n2374,66,5,2,4
mn-66-5-2-5,n2375,66,5,2,5
mn-66-5-2-6,n2376,66,5,2,6
mn-66-5-2-7,n2377,66,5,2,7
mn-66-5-2-8,n2378,66,5,2,8
mn-66-5-2-9,n2379,66,5,2,9
mn-66-5-2-10,n2380,66,5,2,10
mn-66-5-2-11,n2381,66,5,2,11
mn-66-5-2-12,n2382,66,5,2,12
mn-66-5-2-13,n2383,66,5,2,13
mn-66-5-2-14,n2384,66,5,2,14
mn-67-1-1-1,n2385,67,1,1,1
mn-67-1-1-2,n2386,67,1,1,2
mn-67-1-1-3,n2387,67,1,1,3
mn-67-1-1-4,n2388,67,1,1,4
mn-67-1-1-5,n2389,67,1,1,5
mn-67-1-1-6,n2390,67,1,1,6
mn-67-1-1-7,n2391,67,1,1,7
mn-67-1-1-8,n2392,67,1,1,8
mn-67-1-1-9,n2393,67,1,1,9
mn-67-1-1-10,n2394,67,1,1,10
mn-67-1-1-11,n2395,67,1,1,11
mn-67-1-1-12,n2396,67,1,1,12
mn-67-1-1-13,n2397,67,1,1,13
mn-67-1-1-14,n2398,67,1,1,14
mn-67-1-1-15,n2399,67,1,1,15
mn-67-1-1-16,n2400,67,1,1,16
mn-67-1-1-17,n2401,67,1,1,17
mn-67-1-1-18,n2402,67,1,1,18
mn-67-1-1-19,n2403,67,1,1,19
mn-67-1-1-20,n2404,67,1,1,20
mn-67-1-1-21,n2405,67,1,1,21
mn-67-1-1-22,n2406,67,1,1,22
mn-67-1-1-23,n2407,67,1,1,23
mn-67-1-1-24,n2408,67,1,1,24
mn-67-1-1-25,n2409,67,1,1,25
mn-67-1-1-26,n2410,67,1,1,26
mn-67-1-1-27,n2411,67,1,1,27
mn-67-1-1-28,n2412,67,1,1,28
mn-67-1-1-29,n2413,67,1,1,29
mn-67-1-1-30,n2414,67,1,1,30
mn-67-1-1-31,n2415,67,1,1,31
mn-67-1-1-32,n2416,67,1,1,32
mn-67-5-2-1,n2417,67,5,2,1
mn-67-5-2-2,n2418,67,5,2,2
mn-67-5-2-3,n2419,67,5,2,3
mn-67-5-2-4,n2420,67,5,2,4
mn-67-5-2-5,n2421,67,5,2,5
mn-67-5-2-6,n2422,67,5,2,6
mn-67-5-2-7,n2423,67,5,2,7
mn-67-5-2-8,n2424,67,5,2,8
mn-67-5-2-9,n2425,67,5,2,9
mn-67-5-2-10,n2426,67,5,2,10
mn-67-5-2-11,n2427,67,5,2,11
mn-67-5-2-12,n2428,67,5,2,12
mn-67-5-2-13,n2429,67,5,2,13
mn-67-5-2-14,n2430,67,5,2,14
mn-67-5-2-15,n2431,67,5,2,15
mn-68-1-1-1,n2432,68,1,1,1
mn-68-1-1-2,n2433,68,1,1,2
mn-68-1-1-3,n2434,68,1,1,3
mn-68-1-1-4,n2435,68,1,1,4
mn-68-1-1-5,n2436,68,1,1,5
mn-68-1-1-6,n2437,68,1,1,6
mn-68-1-1-7,n2438,68,1,1,7
mn-68-1-1-8,n2439,68,1,1,8
mn-68-1-1-9,n2440,68,1,1,9
mn-68-1-1-10,n2441,68,1,1,10
mn-68-1-1-11,n2442,68,1,1,11
mn-68-1-1-12,n2443,68,1,1,12
mn-68-1-1-13,n2444,68,1,1,13
mn-68-1-1-14,n2445,68,1,1,14
mn-68-1-1-15,n2446,68,1,1,15
mn-68-1-1-16,n2447,68,1,1,16
mn-68-1-1-17,n2448,68,1,1,17
mn-68-5-2-1,n2449,68,5,2,1
mn-68-5-2-2,n2450,68,5,2,2
mn-68-5-2-3,n2451,68,5,2,3
mn-68-5-2-4,n2452,68,5,2,4
mn-68-5-2-5,n2453,68,5,2,5
mn-68-5-2-6,n2454,68,5,2,6
mn-68-5-2-7,n2455,68,5,2,7
mn-68-5-2-8,n2456,68,5,2,8
mn-68-5-2-9,n2457,68,5,2,9
mn-68-5-2-10,n2458,68,5,2,10
mn-68-5-2-11,n2459,68,5,2,11
mn-68-5-2-12,n2460,68,5,2,12
mn-68-5-2-13,n2461,68,5,2,13
mn-68-5-2-14,n2462,68,5,2,14
mn-68-5-2-15,n2463,68,5,2,15
mn-68-5-2-16,n2464,68,5,2,16
mn-68-5-2-17,n2465,68,5,2,17
mn-69-1-1-1,n2466,69,1,1,1
mn-69-1-1-2,n2467,69,1,1,2
mn-69-1-1-3,n2468,69,1,1,3
mn-69-1-1-4,n2469,69,1,1,4
mn-69-1-1-5,n2470,69,1,1,5
mn-69-1-1-6,n2471,69,1,1,6
mn-69-1-1-7,n2472,69,1,1,7
mn-69-1-1-8,n2473,69,1,1,8
mn-69-1-1-9,n2474,69,1,1,9
mn-69-1-1-10,n2475,69,1,1,10
mn-69-1-1-11,n2476,69,1,1,11
mn-69-1-1-12,n2477,69,1,1,12
mn-69-1-1-13,n2478,69,1,1,13
mn-69-1-1-14,n2479,69,1,1,14
mn-69-1-1-15,n2480,69,1,1,15
mn-69-1-1-16,n2481,69,1,1,16
mn-69-1-1-17,n2482,69,1,1,17
mn-69-1-1-18,n2483,69,1,1,18
mn-69-1-1-19,n2484,69,1,1,19
mn-69-1-1-20,n2485,69,1,1,20
mn-69-2-1-1,n2486,69,2,1,1
mn-69-2-1-2,n2487,69,2,1,2
mn-69-2-1-3,n2488,69,2,1,3
mn-69-2-1-4,n2489,69,2,1,4
mn-69-5-2-1,n2490,69,5,2,1
mn-69-5-2-2,n2491,69,5,2,2
mn-69-5-2-3,n2492,69,5,2,3
mn-69-5-2-4,n2493,69,5,2,4
mn-69-5-2-5,n2494,69,5,2,5
mn-69-5-2-6,n2495,69,5,2,6
mn-69-5-2-7,n2496,69,5,2,7
mn-69-5-2-8,n2497,69,5,2,8
mn-69-5-2-9,n2498,69,5,2,9
mn-69-5-2-10,n2499,69,5,2,10
mn-69-5-2-11,n2500,69,5,2,11
mn-69-5-2-12,n2501,69,5,2,12
mn-69-5-2-13,n2502,69,5,2,13
mn-69-5-2-14,n2503,69,5,2,14
mn-70-1-1-1,n2504,70,1,1,1
mn-70-1-1-2,r17,70,1,1,2
mn-70-1-1-3,n2505,70,1,1,3
mn-70-1-1-4,n2506,70,1,1,4
mn-70-1-1-5,n2507,70,1,1,5
mn-70-1-1-6,n2508,70,1,1,6
mn-70-1-1-7,n2509,70,1,1,7
mn-70-1-1-8,n2510,70,1,1,8
mn-70-1-1-9,n2511,70,1,1,9
mn-70-1-1-10,n2512,70,1,1,10
mn-70-1-1-11,n2513,70,1,1,11
mn-70-2-1-1,n2514,70,2,1,1
mn-70-2-1-2,n2515,70,2,1,2
mn-70-2-1-3,n2516,70,2,1,3
mn-70-2-1-4,n2517,70,2,1,4
mn-70-2-1-5,n2518,70,2,1,5
mn-70-2-1-6,n2519,70,2,1,6
mn-70-2-1-7,n2520,70,2,1,7
mn-70-2-1-8,n2521,70,2,1,8
mn-70-2-1-9,n2522,70,2,1,9
mn-70-2-1-10,n2523,70,2,1,10
mn-70-2-1-11,n2524,70,2,1,11
mn-70-2-1-12,n2525,70,2,1,12
mn-70-2-1-13,n2526,70,2,1,13
mn-70-2-1-14,n2527,70,2,1,14
mn-70-2-1-15,n2528,70,2,1,15
mn-70-2-1-16,n2529,70,2,1,16
mn-70-2-1-17,n2530,70,2,1,17
mn-70-2-1-18,n2531,70,2,1,18
mn-70-2-1-19,n2532,70,2,1,19
mn-70-2-1-20,n2533,70,2,1,20
mn-70-2-1-21,n2534,70,2,1,21
mn-70-2-1-22,n2535,70,2,1,22
mn-70-2-1-23,n2536,70,2,1,23
mn-70-2-1-24,n2537,70,2,1,24
mn-70-5-2-1,n2538,70,5,2,1
mn-70-5-2-2,n2539,70,5,2,2
mn-70-5-2-3,n2540,70,5,2,3
mn-70-5-2-4,n2541,70,5,2,4
mn-70-5-2-5,n2542,70,5,2,5
mn-70-5-2-6,n2543,70,5,2,6
mn-70-5-2-7,n2544,70,5,2,7
mn-70-5-2-8,n2545,70,5,2,8
mn-70-5-2-9,n2546,70,5,2,9
mn-70-5-2-10,n2547,70,5,2,10
mn-70-5-2-11,n2548,70,5,2,11
mn-70-5-2-12,n2549,70,5,2,12
mn-70-5-2-13,n2550,70,5,2,13
mn-70-5-2-14,n2551,70,5,2,14
mn-71-1-1-1,n2552,71,1,1,1
mn-71-1-1-2,n2553,71,1,1,2
mn-71-1-1-3,n2554,71,1,1,3
mn-71-1-1-4,n2555,71,1,1,4
mn-71-1-1-5,n2556,71,1,1,5
mn-71-1-1-6,n2557,71,1,1,6
mn-71-1-1-7,n2558,71,1,1,7
mn-71-1-1-8,r18,71,1,1,8
mn-71-1-1-9,n2559,71,1,1,9
mn-71-2-1-1,n2560,71,2,1,1
mn-71-2-1-2,n2561,71,2,1,2
mn-71-2-1-3,n2562,71,2,1,3
mn-71-2-1-4,n2563,71,2,1,4
mn-71-2-1-5,n2564,71,2,1,5
mn-71-2-1-6,n2565,71,2,1,6
mn-71-2-1-7,n2566,71,2,1,7
mn-71-2-1-8,n2567,71,2,1,8
mn-71-2-1-9,n2568,71,2,1,9
mn-71-2-1-10,n2569,71,2,1,10
mn-71-2-1-11,n2570,71,2,1,11
mn-71-2-1-12,n2571,71,2,1,12
mn-71-2-1-13,n2572,71,2,1,13
mn-71-2-1-14,n2573,71,2,1,14
mn-71-2-1-15,n2574,71,2,1,15
mn-71-2-1-16,n2575,71,2,1,16
mn-71-2-1-17,n2576,71,2,1,17
mn-71-2-1-18,n2577,71,2,1,18
mn-71-2-1-19,n2578,71,2,1,19
mn-71-2-1-20,n2579,71,2,1,20
mn-71-2-1-21,n2580,71,2,1,21
mn-71-2-1-22,n2581,71,2,1,22
mn-71-2-1-23,n2582,71,2,1,23
mn-71-2-1-24,n2583,71,2,1,24
mn-71-5-2-1,n2584,71,5,2,1
mn-71-5-2-2,n2585,71,5,2,2
mn-71-5-2-3,n2586,71,5,2,3
mn-71-5-2-4,n2587,71,5,2,4
mn-71-5-2-5,n2588,71,5,2,5
mn-71-5-2-6,n2589,71,5,2,6
mn-71-5-2-7,n2590,71,5,2,7
mn-71-5-2-8,n2591,71,5,2,8
mn-71-5-2-9,n2592,71,5,2,9
mn-71-5-2-10,n2593,71,5,2,10
mn-71-5-2-11,n2594,71,5,2,11
mn-71-6-2-1,n2595,71,6,2,1
mn-71-6-2-2,n2596,71,6,2,2
mn-71-6-2-3,n2597,71,6,2,3
mn-71-6-2-4,n2598,71,6,2,4
mn-71-6-2-5,n2599,71,6,2,5
mn-71-6-2-6,n2600,71,6,2,6
mn-72-1-1-1,n2601,72,1,1,1
mn-72-1-1-2,n2602,72,1,1,2
mn-72-1-1-3,n2603,72,1,1,3
mn-72-1-1-4,n2604,72,1,1,4
mn-72-1-1-5,n2605,72,1,1,5
mn-72-1-1-6,n2606,72,1,1,6
mn-72-1-1-7,n2607,72,1,1,7
mn-72-1-1-8,r19,72,1,1,8
mn-72-1-1-9,n2608,72,1,1,9
mn-72-2-1-1,n2609,72,2,1,1
mn-72-2-1-2,n2610,72,2,1,2
mn-72-2-1-3,n2611,72,2,1,3
mn-72-2-1-4,n2612,72,2,1,4
mn-72-2-1-5,n2613,72,2,1,5
mn-72-2-1-6,n2614,72,2,1,6
mn-72-2-1-7,n2615,72,2,1,7
mn-72-2-1-8,n2616,72,2,1,8
mn-72-2-1-9,n2617,72,2,1,9
mn-72-2-1-10,n2618,72,2,1,10
mn-72-2-1-11,n2619,72,2,1,11
mn-72-2-1-12,n2620,72,2,1,12
mn-72-2-1-13,n2621,72,2,1,13
mn-72-2-1-14,n2622,72,2,1,14
mn-72-2-1-15,n2623,72,2,1,15
mn-72-2-1-16,n2624,72,2,1,16
mn-72-2-1-17,n2625,72,2,1,17
mn-72-2-1-18,n2626,72,2,1,18
mn-72-2-1-19,n2627,72,2,1,19
mn-72-2-1-20,n2628,72,2,1,20
mn-72-2-1-21,n2629,72,2,1,21
mn-72-2-1-22,n2630,72,2,1,22
mn-72-2-1-23,n2631,72,2,1,23
mn-72-2-1-24,n2632,72,2,1,24
mn-72-5-2-1,n2633,72,5,2,1
mn-72-5-2-2,n2634,72,5,2,2
mn-72-5-2-3,n2635,72,5,2,3
mn-72-5-2-4,n2636,72,5,2,4
mn-72-5-2-5,n2637,72,5,2,5
mn-72-5-2-6,n2638,72,5,2,6
mn-72-5-2-7,n2639,72,5,2,7
mn-72-5-2-8,n2640,72,5,2,8
mn-72-5-2-9,n2641,72,5,2,9
mn-72-5-2-10,n2642,72,5,2,10
mn-72-6-2-1,n2643,72,6,2,1
mn-72-6-2-2,n2644,72,6,2,2
mn-72-6-2-3,n2645,72,6,2,3
mn-72-6-2-4,n2646,72,6,2,4
mn-72-6-2-5,n2647,72,6,2,5
mn-72-6-2-6,n2648,72,6,2,6
mn-72-7-2-1,n2649,72,7,2,1
mn-73-1-1-1,n2650,73,1,1,1
mn-73-1-1-2,n2651,73,1,1,2
mn-73-1-1-3,n2652,73,1,1,3
mn-73-1-1-4,n2653,73,1,1,4
mn-73-1-1-5,n2654,73,1,1,5
mn-73-1-1-6,n2655,73,1,1,6
mn-73-1-1-7,n2656,73,1,1,7
mn-73-2-1-1,n2657,73,2,1,1
mn-73-2-1-2,n2658,73,2,1,2
mn-73-2-1-3,n2659,73,2,1,3
mn-73-2-1-4,n2660,73,2,1,4
mn-73-2-1-5,n2661,73,2,1,5
mn-73-2-1-6,n2662,73,2,1,6
mn-73-2-1-7,n2663,73,2,1,7
mn-73-2-1-8,n2664,73,2,1,8
mn-73-5-2-1,n2665,73,5,2,1
mn-73-5-2-2,n2666,73,5,2,2
mn-73-5-2-3,n2667,73,5,2,3
mn-73-5-2-4,n2668,73,5,2,4
mn-73-5-2-5,n2669,73,5,2,5
mn-73-5-2-6,n2670,73,5,2,6
mn-73-5-2-7,n2671,73,5,2,7
mn-73-5-2-8,n2672,73,5,2,8
mn-73-5-2-9,n2673,73,5,2,9
mn-73-5-2-10,n2674,73,5,2,10
mn-73-5-2-11,n2675,73,5,2,11
mn-73-5-2-12,n2676,73,5,2,12
mn-73-5-2-13,n2677,73,5,2,13
mn-73-5-2-14,n2678,73,5,2,14
mn-74-1-1-1,n2679,74,1,1,1
mn-74-1-1-2,n2680,74,1,1,2
mn-74-1-1-3,n2681,74,1,1,3
mn-74-1-1-4,n2682,74,1,1,4
mn-74-1-1-5,n2683,74,1,1,5
mn-74-1-1-6,n2684,74,1,1,6
mn-74-1-1-7,n2685,74,1,1,7
mn-74-1-1-8,n2686,74,1,1,8
mn-74-1-1-9,n2687,74,1,1,9
mn-74-1-1-10,n2688,74,1,1,10
mn-74-1-1-11,n2689,74,1,1,11
mn-74-2-1-1,n2690,74,2,1,1
mn-74-2-1-2,n2691,74,2,1,2
mn-74-2-1-3,n2692,74,2,1,3
mn-74-2-1-4,n2693,74,2,1,4
mn-74-2-1-5,n2694,74,2,1,5
mn-74-2-1-6,n2695,74,2,1,6
mn-74-2-1-7,n2696,74,2,1,7
mn-74-2-1-8,n2697,74,2,1,8
mn-74-2-1-9,n2698,74,2,1,9
mn-74-2-1-10,n2699,74,2,1,10
mn-74-2-1-11,n2700,74,2,1,11
mn-74-2-1-12,n2701,74,2,1,12
mn-74-2-1-13,n2702,74,2,1,13
mn-74-2-1-14,n2703,74,2,1,14
mn-74-5-2-1,n2704,74,5,2,1
mn-74-5-2-2,n2705,74,5,2,2
mn-74-5-2-3,n2706,74,5,2,3
mn-74-5-2-4,n2707,74,5,2,4
mn-74-5-2-5,n2708,74,5,2,5
mn-74-5-2-6,n2709,74,5,2,6
mn-74-5-2-7,n2710,74,5,2,7
mn-74-5-2-8,n2711,74,5,2,8
mn-74-5-2-9,n2712,74,5,2,9
mn-74-5-2-10,n2713,74,5,2,10
mn-74-5-2-11,n2714,74,5,2,11
mn-74-5-2-12,n2715,74,5,2,12
mn-74-5-2-13,n2716,74,5,2,13
mn-74-5-2-14,n2717,74,5,2,14
mn-74-5-2-15,n2718,74,5,2,15
mn-74-5-2-16,n2719,74,5,2,16
mn-74-5-2-17,n2720,74,5,2,17
mn-75-1-1-1,n2721,75,1,1,1
mn-75-1-1-2,n2722,75,1,1,2
mn-75-1-1-3,n2723,75,1,1,3
mn-75-1-1-4,n2724,75,1,1,4
mn-75-1-1-5,n2725,75,1,1,5
mn-75-1-1-6,n2726,75,1,1,6
mn-75-1-1-7,n2727,75,1,1,7
mn-75-1-1-8,n2728,75,1,1,8
mn-75-1-1-9,n2729,75,1,1,9
mn-75-1-1-10,n2730,75,1,1,10
mn-75-1-1-11,n2731,75,1,1,11
mn-75-1-1-12,n2732,75,1,1,12
mn-75-1-1-13,n2733,75,1,1,13
mn-75-1-1-14,n2734,75,1,1,14
mn-75-2-1-1,n2735,75,2,1,1
mn-75-2-1-2,n2736,75,2,1,2
mn-75-3-1-1,n2737,75,3,1,1
mn-75-3-1-2,n2738,75,3,1,2
mn-75-3-1-3,n2739,75,3,1,3
mn-75-3-1-4,n2740,75,3,1,4
mn-75-3-1-5,n2741,75,3,1,5
mn-75-3-1-6,n2742,75,3,1,6
mn-75-3-1-7,n2743,75,3,1,7
mn-75-3-1-8,n2744,75,3,1,8
mn-75-5-2-1,n2745,75,5,2,1
mn-75-5-2-2,n2746,75,5,2,2
mn-75-5-2-3,n2747,75,5,2,3
mn-75-5-2-4,n2748,75,5,2,4
mn-75-5-2-5,n2749,75,5,2,5
mn-75-5-2-6,n2750,75,5,2,6
mn-75-5-2-7,n2751,75,5,2,7
mn-75-5-2-8,n2752,75,5,2,8
mn-75-5-2-9,n2753,75,5,2,9
mn-75-5-2-10,n2754,75,5,2,10
mn-75-5-2-11,n2755,75,5,2,11
mn-75-5-2-12,n2756,75,5,2,12
mn-75-5-2-13,n2757,75,5,2,13
mn-75-5-2-14,n2758,75,5,2,14
mn-76-1-1-1,n2759,76,1,1,1
mn-76-1-1-2,n2760,76,1,1,2
mn-76-1-1-3,n2761,76,1,1,3
mn-76-1-1-4,r20,76,1,1,4
mn-76-1-1-5,n2762,76,1,1,5
mn-76-1-1-6,n2763,76,1,1,6
mn-76-1-1-7,n2764,76,1,1,7
mn-76-2-1-1,n2765,76,2,1,1
mn-76-2-1-2,n2766,76,2,1,2
mn-76-2-1-3,n2767,76,2,1,3
mn-76-2-1-4,n2768,76,2,1,4
mn-76-2-1-5,n2769,76,2,1,5
mn-76-2-1-6,n2770,76,2,1,6
mn-76-2-1-7,n2771,76,2,1,7
mn-76-2-1-8,n2772,76,2,1,8
mn-76-2-1-9,n2773,76,2,1,9
mn-76-2-1-10,n2774,76,2,1,10
mn-76-2-1-11,n2775,76,2,1,11
mn-76-2-1-12,n2776,76,2,1,12
mn-76-2-1-13,n2777,76,2,1,13
mn-76-2-1-14,n2778,76,2,1,14
mn-76-2-1-15,n2779,76,2,1,15
mn-76-2-1-16,n2780,76,2,1,16
mn-76-2-1-17,n2781,76,2,1,17
mn-76-2-1-18,n2782,76,2,1,18
mn-76-2-1-19,n2783,76,2,1,19
mn-76-2-1-20,n2784,76,2,1,20
mn-76-2-1-21,n2785,76,2,1,21
mn-76-2-1-22,n2786,76,2,1,22
mn-76-2-1-23,n2787,76,2,1,23
mn-76-2-1-24,n2788,76,2,1,24
mn-76-2-1-25,n2789,76,2,1,25
mn-76-2-1-26,n2790,76,2,1,26
mn-76-2-1-27,n2791,76,2,1,27
mn-76-2-1-28,n2792,76,2,1,28
mn-76-5-2-1,n2793,76,5,2,1
mn-76-5-2-2,n2794,76,5,2,2
mn-76-5-2-3,n2795,76,5,2,3
mn-76-5-2-4,n2796,76,5,2,4
mn-76-5-2-5,n2797,76,5,2,5
mn-76-6-2-1,n2798,76,6,2,1
mn-76-6-2-2,n2799,76,6,2,2
mn-76-6-2-3,n2800,76,6,2,3
mn-76-6-2-4,n2801,76,6,2,4
mn-76-6-2-5,n2802,76,6,2,5
mn-76-6-2-6,n2803,76,6,2,6
mn-76-6-2-7,n2804,76,6,2,7
mn-76-6-2-8,n2805,76,6,2,8
mn-76-6-2-9,n2806,76,6,2,9
mn-76-6-2-10,n2807,76,6,2,10
mn-76-6-2-11,n2808,76,6,2,11
mn-76-6-2-12,n2809,76,6,2,12
mn-76-6-2-13,n2810,76,6,2,13
mn-76-6-2-14,n2811,76,6,2,14
mn-76-6-2-15,n2812,76,6,2,15
mn-76-6-2-16,n2813,76,6,2,16
mn-76-6-2-17,n2814,76,6,2,17
mn-76-6-2-18,n2815,76,6,2,18
mn-76-6-2-19,n2816,76,6,2,19
mn-76-6-2-20,n2817,76,6,2,20
mn-76-6-2-21,n2818,76,6,2,21
mn-76-6-2-22,n2819,76,6,2,22
mn-76-6-2-23,n2820,76,6,2,23
mn-76-6-2-24,n2821,76,6,2,24
mn-77-1-1-1,n2822,77,1,1,1
mn-77-1-1-2,n2823,77,1,1,2
mn-77-1-1-3,n2824,77,1,1,3
mn-77-1-1-4,n2825,77,1,1,4
mn-77-1-1-5,n2826,77,1,1,5
mn-77-1-1-6,n2827,77,1,1,6
mn-77-1-1-7,n2828,77,1,1,7
mn-77-1-1-8,n2829,77,1,1,8
mn-77-1-1-9,n2830,77,1,1,9
mn-77-1-1-10,n2831,77,1,1,10
mn-77-1-1-11,n2832,77,1,1,11
mn-77-1-1-12,n2833,77,1,1,12
mn-77-1-1-13,n2834,77,1,1,13
mn-77-1-1-14,n2835,77,1,1,14
mn-77-1-1-15,n2836,77,1,1,15
mn-77-1-1-16,n2837,77,1,1,16
mn-77-1-1-17,n2838,77,1,1,17
mn-77-1-1-18,n2839,77,1,1,18
mn-77-1-1-19,n2840,77,1,1,19
mn-77-1-1-20,n2841,77,1,1,20
mn-77-1-1-21,n2842,77,1,1,21
mn-77-1-1-22,n2843,77,1,1,22
mn-77-1-1-23,n2844,77,1,1,23
mn-77-1-1-24,n2845,77,1,1,24
mn-77-1-1-25,n2846,77,1,1,25
mn-77-2-1-1,n2847,77,2,1,1
mn-77-5-2-1,n2848,77,5,2,1
mn-77-5-2-2,n2849,77,5,2,2
mn-77-5-2-3,n2850,77,5,2,3
mn-77-5-2-4,n2851,77,5,2,4
mn-77-5-2-5,n2852,77,5,2,5
mn-77-5-2-6,n2853,77,5,2,6
mn-77-5-2-7,n2854,77,5,2,7
mn-77-5-2-8,n2855,77,5,2,8
mn-77-5-2-9,n2856,77,5,2,9
mn-77-5-2-10,n2857,77,5,2,10
mn-77-5-2-11,n2858,77,5,2,11
mn-77-5-2-12,n2859,77,5,2,12
mn-77-5-2-13,n2860,77,5,2,13
mn-77-5-2-14,n2861,77,5,2,14
mn-77-5-2-15,n2862,77,5,2,15
mn-77-5-2-16,n2863,77,5,2,16
mn-77-5-2-17,n2864,77,5,2,17
mn-77-5-2-18,n2865,77,5,2,18
mn-78-1-1-1,n2866,78,1,1,1
mn-78-1-1-2,n2867,78,1,1,2
mn-78-1-1-3,n2868,78,1,1,3
mn-78-1-2-1,n2869,78,1,2,1
mn-78-1-2-2,n2870,78,1,2,2
mn-78-1-2-3,n2871,78,1,2,3
mn-78-1-2-4,n2872,78,1,2,4
mn-78-1-2-5,n2873,78,1,2,5
mn-78-1-2-6,n2874,78,1,2,6
mn-78-1-2-7,n2875,78,1,2,7
mn-78-1-2-8,n2876,78,1,2,8
mn-78-1-2-9,n2877,78,1,2,9
mn-78-1-1-4,n2878,78,1,1,4
mn-78-1-1-5,n2879,78,1,1,5
mn-78-1-1-6,n2880,78,1,1,6
mn-78-1-1-7,n2881,78,1,1,7
mn-78-1-1-8,n2882,78,1,1,8
mn-78-1-1-9,n2883,78,1,1,9
mn-78-1-1-10,n2884,78,1,1,10
mn-78-1-1-11,n2885,78,1,1,11
mn-78-1-1-12,n2886,78,1,1,12
mn-78-1-1-13,n2887,78,1,1,13
mn-78-1-1-14,n2888,78,1,1,14
mn-78-1-1-15,n2889,78,1,1,15
mn-78-1-1-16,n2890,78,1,1,16
mn-78-1-1-17,n2891,78,1,1,17
mn-78-1-1-18,n2892,78,1,1,18
mn-78-1-1-19,n2893,78,1,1,19
mn-78-1-1-20,n2894,78,1,1,20
mn-78-1-1-21,n2895,78,1,1,21
mn-78-1-1-22,n2896,78,1,1,22
mn-78-1-1-23,n2897,78,1,1,23
mn-78-5-2-1,n2898,78,5,2,1
mn-78-5-2-2,n2899,78,5,2,2
mn-78-5-2-3,n2900,78,5,2,3
mn-78-5-2-4,n2901,78,5,2,4
mn-78-5-2-5,n2902,78,5,2,5
mn-78-5-2-6,n2903,78,5,2,6
mn-78-5-2-7,n2904,78,5,2,7
mn-78-5-2-8,n2905,78,5,2,8
mn-78-5-2-9,n2906,78,5,2,9
mn-78-5-2-10,n2907,78,5,2,10
mn-78-5-2-11,n2908,78,5,2,11
mn-78-5-2-12,n2909,78,5,2,12
mn-78-5-2-13,n2910,78,5,2,13
mn-78-5-2-14,n2911,78,5,2,14
mn-78-5-2-15,n2912,78,5,2,15
mn-78-5-2-16,n2913,78,5,2,16
mn-78-5-2-17,n2914,78,5,2,17
mn-78-5-2-18,n2915,78,5,2,18
mn-78-5-2-19,n2916,78,5,2,19
mn-78-5-1-1,n2917,78,5,1,1
mn-78-5-1-2,n2918,78,5,1,2
mn-78-5-1-3,n2919,78,5,1,3
mn-78-5-1-4,n2920,78,5,1,4
mn-78-5-1-5,n2921,78,5,1,5
mn-78-5-1-6,n2922,78,5,1,6
mn-78-5-1-7,n2923,78,5,1,7
mn-78-5-1-8,n2924,78,5,1,8
mn-78-5-1-9,n2925,78,5,1,9
mn-78-5-1-10,n2926,78,5,1,10
mn-78-5-1-11,n2927,78,5,1,11
mn-78-5-1-12,n2928,78,5,1,12
mn-78-5-1-13,n2929,78,5,1,13
mn-79-1-1-1,n2930,79,1,1,1
mn-79-1-1-2,n2931,79,1,1,2
mn-79-1-1-3,n2932,79,1,1,3
mn-79-1-1-4,n2933,79,1,1,4
mn-79-1-1-5,n2934,79,1,1,5
mn-79-1-1-6,n2935,79,1,1,6
mn-79-1-1-7,n2936,79,1,1,7
mn-79-1-1-8,n2937,79,1,1,8
mn-79-1-1-9,n2938,79,1,1,9
mn-79-1-1-10,n2939,79,1,1,10
mn-79-1-1-11,n2940,79,1,1,11
mn-79-1-1-12,n2941,79,1,1,12
mn-79-1-1-13,n2942,79,1,1,13
mn-79-1-1-14,n2943,79,1,1,14
mn-79-1-1-15,n2944,79,1,1,15
mn-79-1-1-16,n2945,79,1,1,16
mn-79-1-1-17,n2946,79,1,1,17
mn-79-1-1-18,n2947,79,1,1,18
mn-79-1-1-19,n2948,79,1,1,19
mn-79-1-1-20,n2949,79,1,1,20
mn-79-5-1-1,n2950,79,5,1,1
mn-79-5-2-1,n2951,79,5,2,1
mn-79-5-2-2,n2952,79,5,2,2
mn-79-5-2-3,n2953,79,5,2,3
mn-79-5-2-4,n2954,79,5,2,4
mn-79-5-2-5,n2955,79,5,2,5
mn-79-5-2-6,n2956,79,5,2,6
mn-79-5-2-7,n2957,79,5,2,7
mn-79-5-2-8,n2958,79,5,2,8
mn-79-5-2-9,n2959,79,5,2,9
mn-79-5-2-10,n2960,79,5,2,10
mn-79-5-2-11,n2961,79,5,2,11
mn-79-5-2-12,n2962,79,5,2,12
mn-79-5-2-13,n2963,79,5,2,13
mn-79-5-2-14,n2964,79,5,2,14
mn-79-5-2-15,n2965,79,5,2,15
mn-80-1-1-1,n2966,80,1,1,1
mn-80-1-1-2,n2967,80,1,1,2
mn-80-1-1-3,n2968,80,1,1,3
mn-80-1-1-4,n2969,80,1,1,4
mn-80-1-1-5,n2970,80,1,1,5
mn-80-1-1-6,n2971,80,1,1,6
mn-80-1-1-7,n2972,80,1,1,7
mn-80-1-1-8,n2973,80,1,1,8
mn-80-1-1-9,n2974,80,1,1,9
mn-80-1-1-10,n2975,80,1,1,10
mn-80-2-1-1,n2976,80,2,1,1
mn-80-2-1-2,n2977,80,2,1,2
mn-80-2-1-3,n2978,80,2,1,3
mn-80-2-1-4,n2979,80,2,1,4
mn-80-2-1-5,n2980,80,2,1,5
mn-80-2-1-6,n2981,80,2,1,6
mn-80-2-1-7,n2982,80,2,1,7
mn-80-5-2-1,n2983,80,5,2,1
mn-80-5-2-2,n2984,80,5,2,2
mn-80-5-2-3,n2985,80,5,2,3
mn-80-5-2-4,n2986,80,5,2,4
mn-80-5-2-5,n2987,80,5,2,5
mn-80-5-2-6,n2988,80,5,2,6
mn-80-5-2-7,n2989,80,5,2,7
mn-80-5-2-8,n2990,80,5,2,8
mn-80-5-2-9,n2991,80,5,2,9
mn-80-5-2-10,n2992,80,5,2,10
mn-81-1-1-1,n2993,81,1,1,1
mn-81-1-1-2,n2994,81,1,1,2
mn-81-1-1-3,n2995,81,1,1,3
mn-81-1-1-4,n2996,81,1,1,4
mn-81-1-1-5,n2997,81,1,1,5
mn-81-1-1-6,n2998,81,1,1,6
mn-81-1-1-7,n2999,81,1,1,7
mn-81-1-1-8,n3000,81,1,1,8
mn-81-1-1-9,n3001,81,1,1,9
mn-81-1-1-10,n3002,81,1,1,10
mn-81-1-1-11,n3003,81,1,1,11
mn-81-1-1-12,n3004,81,1,1,12
mn-81-5-2-1,n3005,81,5,2,1
mn-81-5-2-2,n3006,81,5,2,2
mn-81-5-2-3,n3007,81,5,2,3
mn-81-5-2-4,n3008,81,5,2,4
mn-81-5-2-5,n3009,81,5,2,5
mn-81-5-2-6,n3010,81,5,2,6
mn-81-5-2-7,n3011,81,5,2,7
mn-81-5-2-8,n3012,81,5,2,8
mn-81-5-2-9,n3013,81,5,2,9
mn-82-1-1-1,n3014,82,1,1,1
mn-82-1-1-2,n3015,82,1,1,2
mn-82-1-1-3,n3016,82,1,1,3
mn-82-1-1-4,n3017,82,1,1,4
mn-82-1-1-5,n3018,82,1,1,5
mn-82-1-1-6,n3019,82,1,1,6
mn-82-1-1-7,n3020,82,1,1,7
mn-82-1-1-8,n3021,82,1,1,8
mn-82-1-1-9,n3022,82,1,1,9
mn-82-1-1-10,n3023,82,1,1,10
mn-82-1-1-11,n3024,82,1,1,11
mn-82-1-1-12,n3025,82,1,1,12
mn-82-5-2-1,n3026,82,5,2,1
mn-82-5-2-2,n3027,82,5,2,2
mn-82-5-2-3,n3028,82,5,2,3
mn-82-5-2-4,n3029,82,5,2,4
mn-82-5-2-5,n3030,82,5,2,5
mn-82-5-2-6,n3031,82,5,2,6
mn-82-5-2-7,n3032,82,5,2,7
mn-82-5-2-8,n3033,82,5,2,8
mn-82-5-2-9,n3034,82,5,2,9
mn-83-1-1-1,n3035,83,1,1,1
mn-83-1-1-2,n3036,83,1,1,2
mn-83-1-1-3,n3037,83,1,1,3
mn-83-1-1-4,n3038,83,1,1,4
mn-83-1-2-1,n3039,83,1,2,1
mn-83-1-2-2,n3040,83,1,2,2
mn-83-1-2-3,n3041,83,1,2,3
mn-83-1-2-4,n3042,83,1,2,4
mn-83-1-2-5,n3043,83,1,2,5
mn-83-1-2-6,n3044,83,1,2,6
mn-83-1-2-7,n3045,83,1,2,7
mn-83-1-2-8,n3046,83,1,2,8
mn-83-1-2-9,n3047,83,1,2,9
mn-83-1-2-10,n3048,83,1,2,10
mn-83-1-2-11,n3049,83,1,2,11
mn-83-5-2-1,n3050,83,5,2,1
mn-83-5-2-2,n3051,83,5,2,2
mn-83-5-2-3,n3052,83,5,2,3
mn-83-5-2-4,n3053,83,5,2,4
mn-83-5-2-5,n3054,83,5,2,5
mn-83-5-2-6,n3055,83,5,2,6
mn-83-5-2-7,n3056,83,5,2,7
mn-83-5-2-8,n3057,83,5,2,8
mn-83-5-2-9,n3058,83,5,2,9
mn-83-5-2-10,n3059,83,5,2,10
mn-83-5-2-11,n3060,83,5,2,11
mn-83-5-2-12,n3061,83,5,2,12
mn-83-5-2-13,n3062,83,5,2,13
mn-83-5-2-14,n3063,83,5,2,14
mn-84-1-2-1,n3064,84,1,2,1
mn-84-1-2-2,n3065,84,1,2,2
mn-84-1-2-3,n3066,84,1,2,3
mn-84-1-2-4,n3067,84,1,2,4
mn-84-1-2-5,n3068,84,1,2,5
mn-84-1-2-6,n3069,84,1,2,6
mn-84-1-2-7,n3070,84,1,2,7
mn-84-1-2-8,n3071,84,1,2,8
mn-84-1-2-9,n3072,84,1,2,9
mn-84-1-2-10,n3073,84,1,2,10
mn-84-1-2-11,n3074,84,1,2,11
mn-84-1-1-1,n3075,84,1,1,1
mn-84-5-2-1,n3076,84,5,2,1
mn-84-5-2-2,n3077,84,5,2,2
mn-84-5-2-3,n3078,84,5,2,3
mn-84-5-2-4,n3079,84,5,2,4
mn-84-5-2-5,n3080,84,5,2,5
mn-84-5-2-6,n3081,84,5,2,6
mn-84-5-2-7,n3082,84,5,2,7
mn-84-5-2-8,n3083,84,5,2,8
mn-84-5-2-9,n3084,84,5,2,9
mn-84-5-2-10,n3085,84,5,2,10
mn-84-5-2-11,n3086,84,5,2,11
mn-84-5-2-12,n3087,84,5,2,12
mn-84-5-2-13,n3088,84,5,2,13
mn-85-1-1-1,n3089,85,1,1,1
mn-85-1-1-2,n3090,85,1,1,2
mn-85-1-1-3,n3091,85,1,1,3
mn-85-1-1-4,n3092,85,1,1,4
mn-85-1-1-5,n3093,85,1,1,5
mn-85-1-1-6,n3094,85,1,1,6
mn-85-5-2-1,n3095,85,5,2,1
mn-85-5-2-2,n3096,85,5,2,2
mn-85-5-2-3,n3097,85,5,2,3
mn-85-5-2-4,n3098,85,5,2,4
mn-85-5-2-5,n3099,85,5,2,5
mn-85-5-2-6,n3100,85,5,2,6
mn-85-5-2-7,n3101,85,5,2,7
mn-85-5-2-8,n3102,85,5,2,8
mn-85-5-2-9,n3103,85,5,2,9
mn-85-5-2-10,n3104,85,5,2,10
mn-85-5-2-11,n3105,85,5,2,11
mn-85-5-2-12,n3106,85,5,2,12
mn-85-5-2-13,n3107,85,5,2,13
mn-85-5-2-14,n3108,85,5,2,14
mn-85-5-2-15,n3109,85,5,2,15
mn-85-5-2-16,n3110,85,5,2,16
mn-85-5-2-17,n3111,85,5,2,17
mn-85-5-2-18,n3112,85,5,2,18
mn-85-5-2-19,n3113,85,5,2,19
mn-85-5-2-20,n3114,85,5,2,20
mn-85-5-2-21,n3115,85,5,2,21
mn-85-5-2-22,n3116,85,5,2,22
mn-85-5-2-23,n3117,85,5,2,23
mn-85-5-2-24,n3118,85,5,2,24
mn-86-1-1-1,n3119,86,1,1,1
mn-86-1-1-2,n3120,86,1,1,2
mn-86-1-1-3,n3121,86,1,1,3
mn-86-1-1-4,n3122,86,1,1,4
mn-86-1-1-5,n3123,86,1,1,5
mn-86-1-1-6,n3124,86,1,1,6
mn-86-1-1-7,n3125,86,1,1,7
mn-86-1-1-8,n3126,86,1,1,8
mn-86-1-1-9,n3127,86,1,1,9
mn-86-1-1-10,n3128,86,1,1,10
mn-86-5-2-1,n3129,86,5,2,1
mn-86-5-2-2,n3130,86,5,2,2
mn-86-5-2-3,n3131,86,5,2,3
mn-86-5-2-4,n3132,86,5,2,4
mn-86-5-2-5,n3133,86,5,2,5
mn-86-5-2-6,n3134,86,5,2,6
mn-86-5-2-7,n3135,86,5,2,7
mn-86-5-2-8,n3136,86,5,2,8
mn-86-5-2-9,n3137,86,5,2,9
mn-86-5-2-10,n3138,86,5,2,10
mn-86-5-2-11,n3139,86,5,2,11
mn-86-5-2-12,n3140,86,5,2,12
mn-86-5-2-13,n3141,86,5,2,13
mn-86-5-2-14,n3142,86,5,2,14
mn-86-5-2-15,n3143,86,5,2,15
mn-86-5-2-16,n3144,86,5,2,16
mn-86-5-2-17,n3145,86,5,2,17
mn-86-5-2-18,n3146,86,5,2,18
mn-86-5-2-19,n3147,86,5,2,19
mn-86-5-2-20,n3148,86,5,2,20
mn-86-5-2-21,n3149,86,5,2,21
mn-86-5-2-22,n3150,86,5,2,22
mn-86-5-2-23,n3151,86,5,2,23
mn-86-5-2-24,n3152,86,5,2,24
mn-87-1-1-1,n3153,87,1,1,1
mn-87-1-1-2,n3154,87,1,1,2
mn-87-1-1-3,n3155,87,1,1,3
mn-87-1-1-4,n3156,87,1,1,4
mn-87-1-1-5,n3157,87,1,1,5
mn-87-1-1-6,n3158,87,1,1,6
mn-87-1-1-7,n3159,87,1,1,7
mn-87-1-1-8,n3160,87,1,1,8
mn-87-1-1-9,n3161,87,1,1,9
mn-87-1-1-10,n3162,87,1,1,10
mn-87-1-1-11,n3163,87,1,1,11
mn-87-1-1-12,n3164,87,1,1,12
mn-87-1-1-13,n3165,87,1,1,13
mn-87-1-1-14,n3166,87,1,1,14
mn-87-1-1-15,n3167,87,1,1,15
mn-87-5-2-1,n3168,87,5,2,1
mn-87-5-2-2,n3169,87,5,2,2
mn-87-5-2-3,n3170,87,5,2,3
mn-87-5-2-4,n3171,87,5,2,4
mn-87-5-2-5,n3172,87,5,2,5
mn-87-5-2-6,n3173,87,5,2,6
mn-87-5-2-7,n3174,87,5,2,7
mn-87-5-2-8,n3175,87,5,2,8
mn-87-5-2-9,n3176,87,5,2,9
mn-87-5-2-10,n3177,87,5,2,10
mn-87-5-2-11,n3178,87,5,2,11
mn-87-5-2-12,n3179,87,5,2,12
mn-87-5-2-13,n3180,87,5,2,13
mn-87-5-2-14,n3181,87,5,2,14
mn-87-5-2-15,n3182,87,5,2,15
mn-87-5-2-16,n3183,87,5,2,16
mn-87-5-2-17,n3184,87,5,2,17
mn-87-5-2-18,n3185,87,5,2,18
mn-87-5-2-19,n3186,87,5,2,19
mn-87-5-2-20,n3187,87,5,2,20
mn-87-5-2-21,n3188,87,5,2,21
mn-87-5-2-22,n3189,87,5,2,22
mn-87-5-2-23,n3190,87,5,2,23
mn-87-5-2-24,n3191,87,5,2,24
mn-88-1-1-1,n3192,88,1,1,1
mn-88-1-1-2,n3193,88,1,1,2
mn-88-1-1-3,n3194,88,1,1,3
mn-88-1-1-4,n3195,88,1,1,4
mn-88-1-1-5,n3196,88,1,1,5
mn-88-1-1-6,n3197,88,1,1,6
mn-88-1-1-7,n3198,88,1,1,7
mn-88-1-1-8,n3199,88,1,1,8
mn-88-1-1-9,n3200,88,1,1,9
mn-88-1-1-10,n3201,88,1,1,10
mn-88-1-1-11,n3202,88,1,1,11
mn-88-1-1-12,n3203,88,1,1,12
mn-88-1-1-13,n3204,88,1,1,13
mn-88-1-1-14,n3205,88,1,1,14
mn-88-1-1-15,n3206,88,1,1,15
mn-88-1-1-16,n3207,88,1,1,16
mn-88-1-1-17,n3208,88,1,1,17
mn-88-1-1-18,n3209,88,1,1,18
mn-88-5-2-1,n3210,88,5,2,1
mn-88-5-2-2,n3211,88,5,2,2
mn-88-5-2-3,n3212,88,5,2,3
mn-88-5-2-4,n3213,88,5,2,4
mn-88-5-2-5,n3214,88,5,2,5
mn-88-5-2-6,n3215,88,5,2,6
mn-88-5-2-7,n3216,88,5,2,7
mn-88-5-2-8,n3217,88,5,2,8
mn-88-5-2-9,n3218,88,5,2,9
mn-88-5-2-10,n3219,88,5,2,10
mn-88-5-2-11,n3220,88,5,2,11
mn-88-5-2-12,n3221,88,5,2,12
mn-88-5-2-13,n3222,88,5,2,13
mn-88-5-2-14,n3223,88,5,2,14
mn-88-5-2-15,n3224,88,5,2,15
mn-88-5-2-16,n3225,88,5,2,16
mn-88-5-2-17,n3226,88,5,2,17
mn-88-5-2-18,n3227,88,5,2,18
mn-88-5-2-19,n3228,88,5,2,19
mn-88-5-2-20,n3229,88,5,2,20
mn-88-5-2-21,n3230,88,5,2,21
mn-88-5-2-22,n3231,88,5,2,22
mn-88-5-2-23,n3232,88,5,2,23
mn-88-5-2-24,n3233,88,5,2,24
mn-89-1-1-1,n3234,89,1,1,1
mn-89-1-1-2,n3235,89,1,1,2
mn-89-1-1-3,n3236,89,1,1,3
mn-89-1-1-4,n3237,89,1,1,4
mn-89-1-1-5,n3238,89,1,1,5
mn-89-1-1-6,n3239,89,1,1,6
mn-89-1-1-7,n3240,89,1,1,7
mn-89-1-1-8,n3241,89,1,1,8
mn-89-1-1-9,n3242,89,1,1,9
mn-89-1-1-10,n3243,89,1,1,10
mn-89-1-1-11,n3244,89,1,1,11
mn-89-1-1-12,n3245,89,1,1,12
mn-89-1-1-13,n3246,89,1,1,13
mn-89-1-1-14,n3247,89,1,1,14
mn-89-1-1-15,n3248,89,1,1,15
mn-89-1-1-16,n3249,89,1,1,16
mn-89-5-2-1,n3250,89,5,2,1
mn-89-5-2-2,n3251,89,5,2,2
mn-89-5-2-3,n3252,89,5,2,3
mn-89-5-2-4,n3253,89,5,2,4
mn-89-5-2-5,n3254,89,5,2,5
mn-89-5-2-6,n3255,89,5,2,6
mn-89-5-2-7,n3256,89,5,2,7
mn-89-5-2-8,n3257,89,5,2,8
mn-89-5-2-9,n3258,89,5,2,9
mn-89-5-2-10,n3259,89,5,2,10
mn-89-5-2-11,n3260,89,5,2,11
mn-89-5-2-12,n3261,89,5,2,12
mn-89-5-2-13,n3262,89,5,2,13
mn-89-5-2-14,n3263,89,5,2,14
mn-89-5-2-15,n3264,89,5,2,15
mn-89-5-2-16,n3265,89,5,2,16
mn-89-5-2-17,n3266,89,5,2,17
mn-89-5-2-18,n3267,89,5,2,18
mn-89-5-2-19,n3268,89,5,2,19
mn-89-5-2-20,n3269,89,5,2,20
mn-89-5-2-21,n3270,89,5,2,21
mn-89-5-2-22,n3271,89,5,2,22
mn-89-5-2-23,n3272,89,5,2,23
mn-89-5-2-24,n3273,89,5,2,24
mn-90-1-1-1,n3274,90,1,1,1
mn-90-1-1-2,n3275,90,1,1,2
mn-90-1-1-3,n3276,90,1,1,3
mn-90-1-1-4,n3277,90,1,1,4
mn-90-1-1-5,n3278,90,1,1,5
mn-90-1-1-6,n3279,90,1,1,6
mn-90-1-1-7,n3280,90,1,1,7
mn-90-1-1-8,n3281,90,1,1,8
mn-90-1-1-9,n3282,90,1,1,9
mn-90-1-1-10,n3283,90,1,1,10
mn-90-1-1-11,n3284,90,1,1,11
mn-90-1-1-12,n3285,90,1,1,12
mn-90-5-2-1,n3286,90,5,2,1
mn-90-5-2-2,n3287,90,5,2,2
mn-90-5-2-3,n3288,90,5,2,3
mn-90-5-2-4,n3289,90,5,2,4
mn-90-5-2-5,n3290,90,5,2,5
mn-90-5-2-6,n3291,90,5,2,6
mn-90-5-2-7,n3292,90,5,2,7
mn-90-5-2-8,n3293,90,5,2,8
mn-90-5-2-9,n3294,90,5,2,9
mn-90-5-2-10,n3295,90,5,2,10
mn-90-5-2-11,n3296,90,5,2,11
mn-90-5-2-12,n3297,90,5,2,12
mn-90-5-2-13,n3298,90,5,2,13
mn-90-5-2-14,n3299,90,5,2,14
mn-90-5-2-15,n3300,90,5,2,15
mn-90-5-2-16,n3301,90,5,2,16
mn-90-5-2-17,n3302,90,5,2,17
mn-90-5-2-18,n3303,90,5,2,18
mn-90-5-2-19,n3304,90,5,2,19
mn-90-5-2-20,n3305,90,5,2,20
mn-90-5-2-21,n3306,90,5,2,21
mn-90-5-2-22,n3307,90,5,2,22
mn-90-5-2-23,n3308,90,5,2,23
mn-90-5-2-24,n3309,90,5,2,24
mn-91-1-1-1,n3310,91,1,1,1
mn-91-1-1-2,n3311,91,1,1,2
mn-91-1-1-3,n3312,91,1,1,3
mn-91-1-1-4,n3313,91,1,1,4
mn-91-1-1-5,n3314,91,1,1,5
mn-91-1-1-6,n3315,91,1,1,6
mn-91-1-1-7,n3316,91,1,1,7
mn-91-1-1-8,n3317,91,1,1,8
mn-91-1-1-9,n3318,91,1,1,9
mn-91-1-1-10,n3319,91,1,1,10
mn-91-1-1-11,n3320,91,1,1,11
mn-91-1-1-12,n3321,91,1,1,12
mn-91-1-1-13,n3322,91,1,1,13
mn-91-1-1-14,n3323,91,1,1,14
mn-91-1-1-15,n3324,91,1,1,15
mn-91-1-1-16,n3325,91,1,1,16
mn-91-1-1-17,n3326,91,1,1,17
mn-91-2-1-1,n3327,91,2,1,1
mn-91-2-1-2,n3328,91,2,1,2
mn-91-2-1-3,n3329,91,2,1,3
mn-91-2-1-4,n3330,91,2,1,4
mn-91-2-1-5,n3331,91,2,1,5
mn-91-2-1-6,n3332,91,2,1,6
mn-91-2-1-7,n3333,91,2,1,7
mn-91-2-1-8,n3334,91,2,1,8
mn-91-5-2-1,n3335,91,5,2,1
mn-91-5-2-2,n3336,91,5,2,2
mn-91-5-2-3,n3337,91,5,2,3
mn-91-5-2-4,n3338,91,5,2,4
mn-91-5-2-5,n3339,91,5,2,5
mn-91-5-2-6,n3340,91,5,2,6
mn-91-5-2-7,n3341,91,5,2,7
mn-91-5-2-8,n3342,91,5,2,8
mn-91-5-2-9,n3343,91,5,2,9
mn-91-5-2-10,n3344,91,5,2,10
mn-91-5-2-11,n3345,91,5,2,11
mn-91-5-2-12,n3346,91,5,2,12
mn-91-5-2-13,n3347,91,5,2,13
mn-91-5-2-14,n3348,91,5,2,14
mn-91-5-2-15,n3349,91,5,2,15
mn-91-5-2-16,n3350,91,5,2,16
mn-91-5-2-17,n3351,91,5,2,17
mn-91-5-2-18,n3352,91,5,2,18
mn-91-5-2-19,n3353,91,5,2,19
mn-91-5-2-20,n3354,91,5,2,20
mn-91-5-2-21,n3355,91,5,2,21
mn-91-5-2-22,n3356,91,5,2,22
mn-91-5-2-23,n3357,91,5,2,23
mn-91-5-2-24,n3358,91,5,2,24
mn-92-1-1-1,n3359,92,1,1,1
mn-92-1-1-2,n3360,92,1,1,2
mn-92-1-1-3,n3361,92,1,1,3
mn-92-1-1-4,n3362,92,1,1,4
mn-92-1-1-5,n3363,92,1,1,5
mn-92-1-1-6,n3364,92,1,1,6
mn-92-1-1-7,n3365,92,1,1,7
mn-92-1-1-8,n3366,92,1,1,8
mn-92-2-1-1,n3367,92,2,1,1
mn-92-2-1-2,n3368,92,2,1,2
mn-92-2-1-3,n3369,92,2,1,3
mn-92-5-2-1,n3370,92,5,2,1
mn-92-5-2-2,n3371,92,5,2,2
mn-92-5-2-3,n3372,92,5,2,3
mn-92-5-2-4,n3373,92,5,2,4
mn-92-5-2-5,n3374,92,5,2,5
mn-92-5-2-6,n3375,92,5,2,6
mn-92-5-2-7,n3376,92,5,2,7
mn-92-5-2-8,n3377,92,5,2,8
mn-92-5-2-9,n3378,92,5,2,9
mn-92-5-2-10,n3379,92,5,2,10
mn-92-5-2-11,n3380,92,5,2,11
mn-92-5-2-12,n3381,92,5,2,12
mn-92-5-2-13,n3382,92,5,2,13
mn-92-5-2-14,n3383,92,5,2,14
mn-92-5-2-15,n3384,92,5,2,15
mn-92-5-2-16,n3385,92,5,2,16
mn-92-5-2-17,n3386,92,5,2,17
mn-92-5-2-18,n3387,92,5,2,18
mn-92-5-2-19,n3388,92,5,2,19
mn-92-5-2-20,n3389,92,5,2,20
mn-92-5-2-21,n3390,92,5,2,21
mn-92-5-2-22,n3391,92,5,2,22
mn-92-5-2-23,n3392,92,5,2,23
mn-92-5-2-24,n3393,92,5,2,24
mn-93-1-1-1,n3394,93,1,1,1
mn-93-1-1-2,n3395,93,1,1,2
mn-93-1-1-3,n3396,93,1,1,3
mn-93-1-1-4,n3397,93,1,1,4
mn-93-1-1-5,n3398,93,1,1,5
mn-93-1-1-6,n3399,93,1,1,6
mn-93-1-1-7,n3400,93,1,1,7
mn-93-1-1-8,n3401,93,1,1,8
mn-93-1-1-9,n3402,93,1,1,9
mn-93-1-1-10,n3403,93,1,1,10
mn-93-1-1-11,n3404,93,1,1,11
mn-93-1-1-12,n3405,93,1,1,12
mn-93-5-2-1,n3406,93,5,2,1
mn-93-5-2-2,n3407,93,5,2,2
mn-93-5-2-3,n3408,93,5,2,3
mn-93-5-2-4,n3409,93,5,2,4
mn-93-5-2-5,n3410,93,5,2,5
mn-93-5-2-6,n3411,93,5,2,6
mn-93-5-2-7,n3412,93,5,2,7
mn-93-5-2-8,n3413,93,5,2,8
mn-93-5-2-9,n3414,93,5,2,9
mn-93-5-2-10,n3415,93,5,2,10
mn-93-5-2-11,n3416,93,5,2,11
mn-93-5-2-12,n3417,93,5,2,12
mn-93-5-2-13,n3418,93,5,2,13
mn-93-5-2-14,n3419,93,5,2,14
mn-93-5-2-15,n3420,93,5,2,15
mn-93-5-2-16,n3421,93,5,2,16
mn-93-5-2-17,n3422,93,5,2,17
mn-93-5-2-18,n3423,93,5,2,18
mn-93-5-2-19,n3424,93,5,2,19
mn-93-5-2-20,n3425,93,5,2,20
mn-93-5-2-21,n3426,93,5,2,21
mn-93-5-2-22,n3427,93,5,2,22
mn-93-5-2-23,n3428,93,5,2,23
mn-93-5-2-24,n3429,93,5,2,24
mn-94-1-1-1,n3430,94,1,1,1
mn-94-1-1-2,n3431,94,1,1,2
mn-94-1-1-3,n3432,94,1,1,3
mn-94-1-1-4,n3433,94,1,1,4
mn-94-1-1-5,n3434,94,1,1,5
mn-94-1-1-6,n3435,94,1,1,6
mn-94-1-1-7,n3436,94,1,1,7
mn-94-1-1-8,n3437,94,1,1,8
mn-94-1-1-9,n3438,94,1,1,9
mn-94-1-1-10,n3439,94,1,1,10
mn-94-5-2-1,n3440,94,5,2,1
mn-94-5-2-2,n3441,94,5,2,2
mn-94-5-2-3,n3442,94,5,2,3
mn-94-5-2-4,n3443,94,5,2,4
mn-94-5-2-5,n3444,94,5,2,5
mn-94-5-2-6,n3445,94,5,2,6
mn-94-5-2-7,n3446,94,5,2,7
mn-94-5-2-8,n3447,94,5,2,8
mn-94-5-2-9,n3448,94,5,2,9
mn-94-5-2-10,n3449,94,5,2,10
mn-94-5-2-11,n3450,94,5,2,11
mn-94-5-2-12,n3451,94,5,2,12
mn-94-5-2-13,n3452,94,5,2,13
mn-94-5-2-14,n3453,94,5,2,14
mn-94-5-2-15,n3454,94,5,2,15
mn-94-5-2-16,n3455,94,5,2,16
mn-94-5-2-17,n3456,94,5,2,17
mn-94-5-2-18,n3457,94,5,2,18
mn-94-5-2-19,n3458,94,5,2,19
mn-94-5-2-20,n3459,94,5,2,20
mn-94-5-2-21,n3460,94,5,2,21
mn-94-5-2-22,n3461,94,5,2,22
mn-94-5-2-23,n3462,94,5,2,23
mn-94-5-2-24,n3463,94,5,2,24
mn-95-1-1-1,n3464,95,1,1,1
mn-95-1-1-2,n3465,95,1,1,2
mn-95-1-1-3,n3466,95,1,1,3
mn-95-1-1-4,n3467,95,1,1,4
mn-95-1-1-5,n3468,95,1,1,5
mn-95-1-1-6,n3469,95,1,1,6
mn-95-1-1-7,n3470,95,1,1,7
mn-95-1-1-8,n3471,95,1,1,8
mn-95-1-1-9,n3472,95,1,1,9
mn-95-1-1-10,n3473,95,1,1,10
mn-95-1-1-11,n3474,95,1,1,11
mn-95-1-1-12,n3475,95,1,1,12
mn-95-1-1-13,n3476,95,1,1,13
mn-95-1-1-14,n3477,95,1,1,14
mn-95-1-1-15,n3478,95,1,1,15
mn-95-5-2-1,n3479,95,5,2,1
mn-95-5-2-2,n3480,95,5,2,2
mn-95-5-2-3,n3481,95,5,2,3
mn-95-5-2-4,n3482,95,5,2,4
mn-95-5-2-5,n3483,95,5,2,5
mn-95-5-2-6,n3484,95,5,2,6
mn-95-5-2-7,n3485,95,5,2,7
mn-95-5-2-8,n3486,95,5,2,8
mn-95-5-2-9,n3487,95,5,2,9
mn-95-5-2-10,n3488,95,5,2,10
mn-95-5-2-11,n3489,95,5,2,11
mn-95-5-2-12,n3490,95,5,2,12
mn-95-5-2-13,n3491,95,5,2,13
mn-95-5-2-14,n3492,95,5,2,14
mn-95-5-2-15,n3493,95,5,2,15
mn-95-5-2-16,n3494,95,5,2,16
mn-95-5-2-17,n3495,95,5,2,17
mn-95-5-2-18,n3496,95,5,2,18
mn-95-5-2-19,n3497,95,5,2,19
mn-95-5-2-20,n3498,95,5,2,20
mn-95-5-2-21,n3499,95,5,2,21
mn-95-5-2-22,n3500,95,5,2,22
mn-95-5-2-23,n3501,95,5,2,23
mn-95-5-2-24,n3502,95,5,2,24
mn-96-1-1-1,n3503,96,1,1,1
mn-96-1-1-2,n3504,96,1,1,2
mn-96-1-1-3,n3505,96,1,1,3
mn-96-1-1-4,n3506,96,1,1,4
mn-96-1-1-5,n3507,96,1,1,5
mn-96-1-1-6,n3508,96,1,1,6
mn-96-1-1-7,n3509,96,1,1,7
mn-96-1-1-8,n3510,96,1,1,8
mn-96-1-1-9,n3511,96,1,1,9
mn-96-1-1-10,n3512,96,1,1,10
mn-96-1-1-11,n3513,96,1,1,11
mn-96-1-1-12,n3514,96,1,1,12
mn-96-1-1-13,n3515,96,1,1,13
mn-96-1-1-14,n3516,96,1,1,14
mn-96-1-1-15,n3517,96,1,1,15
mn-96-1-1-16,n3518,96,1,1,16
mn-96-1-1-17,n3519,96,1,1,17
mn-96-1-1-18,n3520,96,1,1,18
mn-96-2-1-1,n3521,96,2,1,1
mn-96-2-1-2,n3522,96,2,1,2
mn-96-5-2-1,n3523,96,5,2,1
mn-96-5-2-2,n3524,96,5,2,2
mn-96-5-2-3,n3525,96,5,2,3
mn-96-5-2-4,n3526,96,5,2,4
mn-96-5-2-5,n3527,96,5,2,5
mn-96-5-2-6,n3528,96,5,2,6
mn-96-5-2-7,n3529,96,5,2,7
mn-96-5-2-8,n3530,96,5,2,8
mn-96-5-2-9,n3531,96,5,2,9
mn-96-5-2-10,n3532,96,5,2,10
mn-96-5-2-11,n3533,96,5,2,11
mn-96-5-2-12,n3534,96,5,2,12
mn-96-5-2-13,n3535,96,5,2,13
mn-96-5-2-14,n3536,96,5,2,14
mn-96-5-2-15,n3537,96,5,2,15
mn-96-5-2-16,n3538,96,5,2,16
mn-96-5-2-17,n3539,96,5,2,17
mn-96-5-2-18,n3540,96,5,2,18
mn-96-5-2-19,n3541,96,5,2,19
mn-96-5-2-20,n3542,96,5,2,20
mn-96-5-2-21,n3543,96,5,2,21
mn-96-5-2-22,n3544,96,5,2,22
mn-96-5-2-23,n3545,96,5,2,23
mn-96-5-2-24,n3546,96,5,2,24
mn-97-1-1-1,n3547,97,1,1,1
mn-97-1-1-2,n3548,97,1,1,2
mn-97-1-1-3,n3549,97,1,1,3
mn-97-1-1-4,n3550,97,1,1,4
mn-97-1-1-5,n3551,97,1,1,5
mn-97-1-1-6,n3552,97,1,1,6
mn-97-1-1-7,n3553,97,1,1,7
mn-97-1-1-8,n3554,97,1,1,8
mn-97-1-1-9,n3555,97,1,1,9
mn-97-1-1-10,n3556,97,1,1,10
mn-97-1-1-11,n3557,97,1,1,11
mn-97-1-1-12,n3558,97,1,1,12
mn-97-1-1-13,n3559,97,1,1,13
mn-97-5-2-1,n3560,97,5,2,1
mn-97-5-2-2,n3561,97,5,2,2
mn-97-5-2-3,n3562,97,5,2,3
mn-97-5-2-4,n3563,97,5,2,4
mn-97-5-2-5,n3564,97,5,2,5
mn-97-5-2-6,n3565,97,5,2,6
mn-97-5-2-7,n3566,97,5,2,7
mn-97-5-2-8,n3567,97,5,2,8
mn-97-5-2-9,n3568,97,5,2,9
mn-97-5-2-10,n3569,97,5,2,10
mn-97-5-2-11,n3570,97,5,2,11
mn-97-5-2-12,n3571,97,5,2,12
mn-97-5-2-13,n3572,97,5,2,13
mn-97-5-2-14,n3573,97,5,2,14
mn-97-5-2-15,n3574,97,5,2,15
mn-97-5-2-16,n3575,97,5,2,16
mn-97-5-2-17,n3576,97,5,2,17
mn-97-5-2-18,n3577,97,5,2,18
mn-97-5-2-19,n3578,97,5,2,19
mn-97-5-2-20,n3579,97,5,2,20
mn-97-5-2-21,n3580,97,5,2,21
mn-97-5-2-22,n3581,97,5,2,22
mn-97-5-2-23,n3582,97,5,2,23
mn-97-5-2-24,n3583,97,5,2,24
mn-98-1-1-1,n3584,98,1,1,1
mn-98-1-1-2,n3585,98,1,1,2
mn-98-1-1-3,n3586,98,1,1,3
mn-98-1-1-4,n3587,98,1,1,4
mn-98-1-1-5,n3588,98,1,1,5
mn-98-1-1-6,n3589,98,1,1,6
mn-98-1-1-7,n3590,98,1,1,7
mn-98-1-1-8,n3591,98,1,1,8
mn-98-1-1-9,n3592,98,1,1,9
mn-98-1-1-10,n3593,98,1,1,10
mn-98-1-1-11,n3594,98,1,1,11
mn-98-1-1-12,n3595,98,1,1,12
mn-98-1-1-13,n3596,98,1,1,13
mn-98-1-1-14,n3597,98,1,1,14
mn-98-1-1-15,n3598,98,1,1,15
mn-98-1-1-16,n3599,98,1,1,16
mn-98-1-1-17,n3600,98,1,1,17
mn-98-1-1-18,n3601,98,1,1,18
mn-98-5-2-1,n3602,98,5,2,1
mn-98-5-2-2,n3603,98,5,2,2
mn-98-5-2-3,n3604,98,5,2,3
mn-98-5-2-4,n3605,98,5,2,4
mn-98-5-2-5,n3606,98,5,2,5
mn-98-5-2-6,n3607,98,5,2,6
mn-98-5-2-7,n3608,98,5,2,7
mn-98-5-2-8,n3609,98,5,2,8
mn-98-5-2-9,n3610,98,5,2,9
mn-98-5-2-10,n3611,98,5,2,10
mn-98-5-2-11,n3612,98,5,2,11
mn-98-5-2-12,n3613,98,5,2,12
mn-98-5-2-13,n3614,98,5,2,13
mn-98-5-2-14,n3615,98,5,2,14
mn-98-5-2-15,n3616,98,5,2,15
mn-98-5-2-16,n3617,98,5,2,16
mn-98-5-2-17,n3618,98,5,2,17
mn-98-5-2-18,n3619,98,5,2,18
mn-98-5-2-19,n3620,98,5,2,19
mn-98-5-2-20,n3621,98,5,2,20
mn-98-5-2-21,n3622,98,5,2,21
mn-98-5-2-22,n3623,98,5,2,22
mn-98-5-2-23,n3624,98,5,2,23
mn-98-5-2-24,n3625,98,5,2,24
mn-99-1-1-1,n3626,99,1,1,1
mn-99-1-1-2,n3627,99,1,1,2
mn-99-1-1-3,n3628,99,1,1,3
mn-99-1-1-4,n3629,99,1,1,4
mn-99-1-1-5,n3630,99,1,1,5
mn-99-1-1-6,n3631,99,1,1,6
mn-99-1-1-7,n3632,99,1,1,7
mn-99-1-1-8,n3633,99,1,1,8
mn-99-1-1-9,n3634,99,1,1,9
mn-99-1-1-10,n3635,99,1,1,10
mn-99-1-1-11,n3636,99,1,1,11
mn-99-1-1-12,n3637,99,1,1,12
mn-99-1-1-13,n3638,99,1,1,13
mn-99-1-1-14,n3639,99,1,1,14
mn-99-1-1-15,n3640,99,1,1,15
mn-99-5-2-1,n3641,99,5,2,1
mn-99-5-2-2,n3642,99,5,2,2
mn-99-5-2-3,n3643,99,5,2,3
mn-99-5-2-4,n3644,99,5,2,4
mn-99-5-2-5,n3645,99,5,2,5
mn-99-5-2-6,n3646,99,5,2,6
mn-99-5-2-7,n3647,99,5,2,7
mn-99-5-2-8,n3648,99,5,2,8
mn-99-5-2-9,n3649,99,5,2,9
mn-99-5-2-10,n3650,99,5,2,10
mn-99-5-2-11,n3651,99,5,2,11
mn-99-5-2-12,n3652,99,5,2,12
mn-99-5-2-13,n3653,99,5,2,13
mn-99-5-2-14,n3654,99,5,2,14
mn-99-5-2-15,n3655,99,5,2,15
mn-99-5-2-16,n3656,99,5,2,16
mn-99-5-2-17,n3657,99,5,2,17
mn-99-5-2-18,n3658,99,5,2,18
mn-99-5-2-19,n3659,99,5,2,19
mn-99-5-2-20,n3660,99,5,2,20
mn-99-5-2-21,n3661,99,5,2,21
mn-99-5-2-22,n3662,99,5,2,22
mn-99-5-2-23,n3663,99,5,2,23
mn-99-5-2-24,n3664,99,5,2,24
mn-100-1-1-1,n3665,100,1,1,1
mn-100-1-1-2,n3666,100,1,1,2
mn-100-1-1-3,n3667,100,1,1,3
mn-100-1-1-4,n3668,100,1,1,4
mn-100-1-1-5,n3669,100,1,1,5
mn-100-1-1-6,n3670,100,1,1,6
mn-100-1-1-7,n3671,100,1,1,7
mn-100-1-1-8,n3672,100,1,1,8
mn-100-1-1-9,n3673,100,1,1,9
mn-100-1-1-10,n3674,100,1,1,10
mn-100-1-1-11,n3675,100,1,1,11
mn-100-1-1-12,n3676,100,1,1,12
mn-100-1-1-13,n3677,100,1,1,13
mn-100-1-1-14,n3678,100,1,1,14
mn-100-1-1-15,n3679,100,1,1,15
mn-100-1-1-16,n3680,100,1,1,16
mn-100-1-1-17,n3681,100,1,1,17
mn-100-1-1-18,n3682,100,1,1,18
mn-100-1-1-19,n3683,100,1,1,19
mn-100-1-1-20,n3684,100,1,1,20
mn-100-1-1-21,n3685,100,1,1,21
mn-100-1-1-22,n3686,100,1,1,22
mn-100-1-1-23,n3687,100,1,1,23
mn-100-5-2-1,n3688,100,5,2,1
mn-100-5-2-2,n3689,100,5,2,2
mn-100-5-2-3,n3690,100,5,2,3
mn-100-5-2-4,n3691,100,5,2,4
mn-100-5-2-5,n3692,100,5,2,5
mn-100-5-2-6,n3693,100,5,2,6
mn-100-5-2-7,n3694,100,5,2,7
mn-100-5-2-8,n3695,100,5,2,8
mn-100-5-2-9,n3696,100,5,2,9
mn-100-5-2-10,n3697,100,5,2,10
mn-100-5-2-11,n3698,100,5,2,11
mn-100-5-2-12,n3699,100,5,2,12
mn-100-5-2-13,n3700,100,5,2,13
mn-100-5-2-14,n3701,100,5,2,14
mn-100-5-2-15,n3702,100,5,2,15
mn-100-5-2-16,n3703,100,5,2,16
mn-100-5-2-17,n3704,100,5,2,17
mn-101-1-1-1,n3705,101,1,1,1
mn-101-1-1-2,n3706,101,1,1,2
mn-101-1-1-3,n3707,101,1,1,3
mn-101-1-1-4,n3708,101,1,1,4
mn-101-1-1-5,n3709,101,1,1,5
mn-101-1-1-6,n3710,101,1,1,6
mn-101-1-1-7,n3711,101,1,1,7
mn-101-1-1-8,n3712,101,1,1,8
mn-101-1-1-9,n3713,101,1,1,9
mn-101-1-1-10,n3714,101,1,1,10
mn-101-1-1-11,n3715,101,1,1,11
mn-101-1-1-12,n3716,101,1,1,12
mn-101-5-2-1,n3717,101,5,2,1
mn-101-5-2-2,n3718,101,5,2,2
mn-101-5-2-3,n3719,101,5,2,3
mn-101-5-2-4,n3720,101,5,2,4
mn-101-5-2-5,n3721,101,5,2,5
mn-101-5-2-6,n3722,101,5,2,6
mn-101-5-2-7,n3723,101,5,2,7
mn-101-5-2-8,n3724,101,5,2,8
mn-101-5-2-9,n3725,101,5,2,9
mn-102-1-1-1,n3726,102,1,1,1
mn-102-1-1-2,n3727,102,1,1,2
mn-102-1-1-3,n3728,102,1,1,3
mn-102-1-1-4,n3729,102,1,1,4
mn-102-1-1-5,n3730,102,1,1,5
mn-102-1-1-6,n3731,102,1,1,6
mn-102-1-1-7,n3732,102,1,1,7
mn-102-1-1-8,n3733,102,1,1,8
mn-102-1-1-9,n3734,102,1,1,9
mn-102-1-1-10,n3735,102,1,1,10
mn-102-1-1-11,n3736,102,1,1,11
mn-102-1-1-12,n3737,102,1,1,12
mn-102-5-2-1,n3738,102,5,2,1
mn-102-5-2-2,n3739,102,5,2,2
mn-102-5-2-3,n3740,102,5,2,3
mn-102-5-2-4,n3741,102,5,2,4
mn-102-5-2-5,n3742,102,5,2,5
mn-102-5-2-6,n3743,102,5,2,6
mn-102-5-2-7,n3744,102,5,2,7
mn-102-5-2-8,n3745,102,5,2,8
mn-102-5-2-9,n3746,102,5,2,9
mn-103-1-1-1,n3747,103,1,1,1
mn-103-1-1-2,n3748,103,1,1,2
mn-103-1-1-3,n3749,103,1,1,3
mn-103-1-1-4,n3750,103,1,1,4
mn-103-1-2-1,n3751,103,1,2,1
mn-103-1-2-2,n3752,103,1,2,2
mn-103-1-2-3,n3753,103,1,2,3
mn-103-1-2-4,n3754,103,1,2,4
mn-103-1-2-5,n3755,103,1,2,5
mn-103-1-2-6,n3756,103,1,2,6
mn-103-1-2-7,n3757,103,1,2,7
mn-103-1-2-8,n3758,103,1,2,8
mn-103-1-2-9,n3759,103,1,2,9
mn-103-1-2-10,n3760,103,1,2,10
mn-103-1-2-11,n3761,103,1,2,11
mn-103-5-2-1,n3762,103,5,2,1
mn-103-5-2-2,n3763,103,5,2,2
mn-103-5-2-3,n3764,103,5,2,3
mn-103-5-2-4,n3765,103,5,2,4
mn-103-5-2-5,n3766,103,5,2,5
mn-103-5-2-6,n3767,103,5,2,6
mn-103-5-2-7,n3768,103,5,2,7
mn-103-5-2-8,n3769,103,5,2,8
mn-103-5-2-9,n3770,103,5,2,9
mn-103-5-2-10,n3771,103,5,2,10
mn-103-5-2-11,n3772,103,5,2,11
mn-103-5-2-12,n3773,103,5,2,12
mn-103-5-2-13,n3774,103,5,2,13
mn-103-5-2-14,n3775,103,5,2,14
mn-104-1-2-1,n3776,104,1,2,1
mn-104-1-2-2,n3777,104,1,2,2
mn-104-1-2-3,n3778,104,1,2,3
mn-104-1-2-4,n3779,104,1,2,4
mn-104-1-2-5,n3780,104,1,2,5
mn-104-1-2-6,n3781,104,1,2,6
mn-104-1-2-7,n3782,104,1,2,7
mn-104-1-2-8,n3783,104,1,2,8
mn-104-1-2-9,n3784,104,1,2,9
mn-104-1-2-10,n3785,104,1,2,10
mn-104-1-2-11,n3786,104,1,2,11
mn-104-1-1-1,n3787,104,1,1,1
mn-104-5-2-1,n3788,104,5,2,1
mn-104-5-2-2,n3789,104,5,2,2
mn-104-5-2-3,n3790,104,5,2,3
mn-104-5-2-4,n3791,104,5,2,4
mn-104-5-2-5,n3792,104,5,2,5
mn-104-5-2-6,n3793,104,5,2,6
mn-104-5-2-7,n3794,104,5,2,7
mn-104-5-2-8,n3795,104,5,2,8
mn-104-5-2-9,n3796,104,5,2,9
mn-104-5-2-10,n3797,104,5,2,10
mn-104-5-2-11,n3798,104,5,2,11
mn-104-5-2-12,n3799,104,5,2,12
mn-104-5-2-13,n3800,104,5,2,13
mn-105-1-1-1,n3801,105,1,1,1
mn-105-1-1-2,n3802,105,1,1,2
mn-105-1-1-3,n3803,105,1,1,3
mn-105-1-1-4,n3804,105,1,1,4
mn-105-1-1-5,n3805,105,1,1,5
mn-105-1-1-6,n3806,105,1,1,6
mn-105-5-2-1,n3807,105,5,2,1
mn-105-5-2-2,n3808,105,5,2,2
mn-105-5-2-3,n3809,105,5,2,3
mn-105-5-2-4,n3810,105,5,2,4
mn-105-5-2-5,n3811,105,5,2,5
mn-105-5-2-6,n3812,105,5,2,6
mn-105-5-2-7,n3813,105,5,2,7
mn-105-5-2-8,n3814,105,5,2,8
mn-105-5-2-9,n3815,105,5,2,9
mn-105-5-2-10,n3816,105,5,2,10
mn-105-5-2-11,n3817,105,5,2,11
mn-105-5-2-12,n3818,105,5,2,12
mn-105-5-2-13,n3819,105,5,2,13
mn-105-5-2-14,n3820,105,5,2,14
mn-105-5-2-15,n3821,105,5,2,15
mn-105-5-2-16,n3822,105,5,2,16
mn-105-5-2-17,n3823,105,5,2,17
mn-105-5-2-18,n3824,105,5,2,18
mn-105-5-2-19,n3825,105,5,2,19
mn-105-5-2-20,n3826,105,5,2,20
mn-105-5-2-21,n3827,105,5,2,21
mn-105-5-2-22,n3828,105,5,2,22
mn-105-5-2-23,n3829,105,5,2,23
mn-105-5-2-24,n3830,105,5,2,24
mn-106-1-1-1,n3831,106,1,1,1
mn-106-1-1-2,n3832,106,1,1,2
mn-106-1-1-3,n3833,106,1,1,3
mn-106-1-1-4,n3834,106,1,1,4
mn-106-1-1-5,n3835,106,1,1,5
mn-106-1-1-6,n3836,106,1,1,6
mn-106-1-1-7,n3837,106,1,1,7
mn-106-1-1-8,n3838,106,1,1,8
mn-106-1-1-9,n3839,106,1,1,9
mn-106-1-1-10,n3840,106,1,1,10
mn-106-5-2-1,n3841,106,5,2,1
mn-106-5-2-2,n3842,106,5,2,2
mn-106-5-2-3,n3843,106,5,2,3
mn-106-5-2-4,n3844,106,5,2,4
mn-106-5-2-5,n3845,106,5,2,5
mn-106-5-2-6,n3846,106,5,2,6
mn-106-5-2-7,n3847,106,5,2,7
mn-106-5-2-8,n3848,106,5,2,8
mn-106-5-2-9,n3849,106,5,2,9
mn-106-5-2-10,n3850,106,5,2,10
mn-106-5-2-11,n3851,106,5,2,11
mn-106-5-2-12,n3852,106,5,2,12
mn-106-5-2-13,n3853,106,5,2,13
mn-106-5-2-14,n3854,106,5,2,14
mn-106-5-2-15,n3855,106,5,2,15
mn-106-5-2-16,n3856,106,5,2,16
mn-106-5-2-17,n3857,106,5,2,17
mn-106-5-2-18,n3858,106,5,2,18
mn-106-5-2-19,n3859,106,5,2,19
mn-106-5-2-20,n3860,106,5,2,20
mn-106-5-2-21,n3861,106,5,2,21
mn-106-5-2-22,n3862,106,5,2,22
mn-106-5-2-23,n3863,106,5,2,23
mn-106-5-2-24,n3864,106,5,2,24
mn-107-1-1-1,n3865,107,1,1,1
mn-107-1-1-2,n3866,107,1,1,2
mn-107-1-1-3,n3867,107,1,1,3
mn-107-1-1-4,n3868,107,1,1,4
mn-107-1-1-5,n3869,107,1,1,5
mn-107-1-1-6,n3870,107,1,1,6
mn-107-1-1-7,n3871,107,1,1,7
mn-107-1-1-8,n3872,107,1,1,8
mn-107-1-1-9,n3873,107,1,1,9
mn-107-1-1-10,n3874,107,1,1,10
mn-107-1-1-11,n3875,107,1,1,11
mn-107-1-1-12,n3876,107,1,1,12
mn-107-1-1-13,n3877,107,1,1,13
mn-107-1-1-14,n3878,107,1,1,14
mn-107-1-1-15,n3879,107,1,1,15
mn-107-5-2-1,n3880,107,5,2,1
mn-107-5-2-2,n3881,107,5,2,2
mn-107-5-2-3,n3882,107,5,2,3
mn-107-5-2-4,n3883,107,5,2,4
mn-107-5-2-5,n3884,107,5,2,5
mn-107-5-2-6,n3885,107,5,2,6
mn-107-5-2-7,n3886,107,5,2,7
mn-107-5-2-8,n3887,107,5,2,8
mn-107-5-2-9,n3888,107,5,2,9
mn-107-5-2-10,n3889,107,5,2,10
mn-107-5-2-11,n3890,107,5,2,11
mn-107-5-2-12,n3891,107,5,2,12
mn-107-5-2-13,n3892,107,5,2,13
mn-107-5-2-14,n3893,107,5,2,14
mn-107-5-2-15,n3894,107,5,2,15
mn-107-5-2-16,n3895,107,5,2,16
mn-107-5-2-17,n3896,107,5,2,17
mn-107-5-2-18,n3897,107,5,2,18
mn-107-5-2-19,n3898,107,5,2,19
mn-107-5-2-20,n3899,107,5,2,20
mn-107-5-2-21,n3900,107,5,2,21
mn-107-5-2-22,n3901,107,5,2,22
mn-107-5-2-23,n3902,107,5,2,23
mn-107-5-2-24,n3903,107,5,2,24
mn-108-1-1-1,n3904,108,1,1,1
mn-108-1-1-2,n3905,108,1,1,2
mn-108-1-1-3,n3906,108,1,1,3
mn-108-1-1-4,n3907,108,1,1,4
mn-108-1-1-5,n3908,108,1,1,5
mn-108-1-1-6,n3909,108,1,1,6
mn-108-1-1-7,n3910,108,1,1,7
mn-108-1-1-8,n3911,108,1,1,8
mn-108-1-1-9,n3912,108,1,1,9
mn-108-1-1-10,n3913,108,1,1,10
mn-108-1-1-11,n3914,108,1,1,11
mn-108-1-1-12,n3915,108,1,1,12
mn-108-1-1-13,n3916,108,1,1,13
mn-108-1-1-14,n3917,108,1,1,14
mn-108-1-1-15,n3918,108,1,1,15
mn-108-1-1-16,n3919,108,1,1,16
mn-108-1-1-17,n3920,108,1,1,17
mn-108-1-1-18,n3921,108,1,1,18
mn-108-5-2-1,n3922,108,5,2,1
mn-108-5-2-2,n3923,108,5,2,2
mn-108-5-2-3,n3924,108,5,2,3
mn-108-5-2-4,n3925,108,5,2,4
mn-108-5-2-5,n3926,108,5,2,5
mn-108-5-2-6,n3927,108,5,2,6
mn-108-5-2-7,n3928,108,5,2,7
mn-108-5-2-8,n3929,108,5,2,8
mn-108-5-2-9,n3930,108,5,2,9
mn-108-5-2-10,n3931,108,5,2,10
mn-108-5-2-11,n3932,108,5,2,11
mn-108-5-2-12,n3933,108,5,2,12
mn-108-5-2-13,n3934,108,5,2,13
mn-108-5-2-14,n3935,108,5,2,14
mn-108-5-2-15,n3936,108,5,2,15
mn-108-5-2-16,n3937,108,5,2,16
mn-108-5-2-17,n3938,108,5,2,17
mn-108-5-2-18,n3939,108,5,2,18
mn-108-5-2-19,n3940,108,5,2,19
mn-108-5-2-20,n3941,108,5,2,20
mn-108-5-2-21,n3942,108,5,2,21
mn-108-5-2-22,n3943,108,5,2,22
mn-108-5-2-23,n3944,108,5,2,23
mn-108-5-2-24,n3945,108,5,2,24
mn-109-1-1-1,n3946,109,1,1,1
mn-109-1-1-2,n3947,109,1,1,2
mn-109-1-1-3,n3948,109,1,1,3
mn-109-1-1-4,n3949,109,1,1,4
mn-109-1-1-5,n3950,109,1,1,5
mn-109-1-1-6,n3951,109,1,1,6
mn-109-1-1-7,n3952,109,1,1,7
mn-109-1-1-8,n3953,109,1,1,8
mn-109-1-1-9,n3954,109,1,1,9
mn-109-1-1-10,n3955,109,1,1,10
mn-109-1-1-11,n3956,109,1,1,11
mn-109-1-1-12,n3957,109,1,1,12
mn-109-1-1-13,n3958,109,1,1,13
mn-109-1-1-14,n3959,109,1,1,14
mn-109-1-1-15,n3960,109,1,1,15
mn-109-1-1-16,n3961,109,1,1,16
mn-109-5-2-1,n3962,109,5,2,1
mn-109-5-2-2,n3963,109,5,2,2
mn-109-5-2-3,n3964,109,5,2,3
mn-109-5-2-4,n3965,109,5,2,4
mn-109-5-2-5,n3966,109,5,2,5
mn-109-5-2-6,n3967,109,5,2,6
mn-109-5-2-7,n3968,109,5,2,7
mn-109-5-2-8,n3969,109,5,2,8
mn-109-5-2-9,n3970,109,5,2,9
mn-109-5-2-10,n3971,109,5,2,10
mn-109-5-2-11,n3972,109,5,2,11
mn-109-5-2-12,n3973,109,5,2,12
mn-109-5-2-13,n3974,109,5,2,13
mn-109-5-2-14,n3975,109,5,2,14
mn-109-5-2-15,n3976,109,5,2,15
mn-109-5-2-16,n3977,109,5,2,16
mn-109-5-2-17,n3978,109,5,2,17
mn-109-5-2-18,n3979,109,5,2,18
mn-109-5-2-19,n3980,109,5,2,19
mn-109-5-2-20,n3981,109,5,2,20
mn-109-5-2-21,n3982,109,5,2,21
mn-109-5-2-22,n3983,109,5,2,22
mn-109-5-2-23,n3984,109,5,2,23
mn-109-5-2-24,n3985,109,5,2,24
mn-110-1-1-1,n3986,110,1,1,1
mn-110-1-1-2,n3987,110,1,1,2
mn-110-1-1-3,n3988,110,1,1,3
mn-110-1-1-4,n3989,110,1,1,4
mn-110-1-1-5,n3990,110,1,1,5
mn-110-1-1-6,n3991,110,1,1,6
mn-110-1-1-7,n3992,110,1,1,7
mn-110-1-1-8,n3993,110,1,1,8
mn-110-1-1-9,n3994,110,1,1,9
mn-110-1-1-10,n3995,110,1,1,10
mn-110-1-1-11,n3996,110,1,1,11
mn-110-1-1-12,n3997,110,1,1,12
mn-110-5-2-1,n3998,110,5,2,1
mn-110-5-2-2,n3999,110,5,2,2
mn-110-5-2-3,n4000,110,5,2,3
mn-110-5-2-4,n4001,110,5,2,4
mn-110-5-2-5,n4002,110,5,2,5
mn-110-5-2-6,n4003,110,5,2,6
mn-110-5-2-7,n4004,110,5,2,7
mn-110-5-2-8,n4005,110,5,2,8
mn-110-5-2-9,n4006,110,5,2,9
mn-110-5-2-10,n4007,110,5,2,10
mn-110-5-2-11,n4008,110,5,2,11
mn-110-5-2-12,n4009,110,5,2,12
mn-110-5-2-13,n4010,110,5,2,13
mn-110-5-2-14,n4011,110,5,2,14
mn-110-5-2-15,n4012,110,5,2,15
mn-110-5-2-16,n4013,110,5,2,16
mn-110-5-2-17,n4014,110,5,2,17
mn-110-5-2-18,n4015,110,5,2,18
mn-110-5-2-19,n4016,110,5,2,19
mn-110-5-2-20,n4017,110,5,2,20
mn-110-5-2-21,n4018,110,5,2,21
mn-110-5-2-22,n4019,110,5,2,22
mn-110-5-2-23,n4020,110,5,2,23
mn-110-5-2-24,n4021,110,5,2,24
mn-111-1-1-1,n4022,111,1,1,1
mn-111-1-1-2,n4023,111,1,1,2
mn-111-1-1-3,n4024,111,1,1,3
mn-111-1-1-4,n4025,111,1,1,4
mn-111-1-1-5,n4026,111,1,1,5
mn-111-1-1-6,n4027,111,1,1,6
mn-111-1-1-7,n4028,111,1,1,7
mn-111-1-1-8,n4029,111,1,1,8
mn-111-1-1-9,n4030,111,1,1,9
mn-111-1-1-10,n4031,111,1,1,10
mn-111-1-1-11,n4032,111,1,1,11
mn-111-1-1-12,n4033,111,1,1,12
mn-111-1-1-13,n4034,111,1,1,13
mn-111-1-1-14,n4035,111,1,1,14
mn-111-1-1-15,n4036,111,1,1,15
mn-111-1-1-16,n4037,111,1,1,16
mn-111-1-1-17,n4038,111,1,1,17
mn-111-2-1-1,n4039,111,2,1,1
mn-111-2-1-2,n4040,111,2,1,2
mn-111-2-1-3,n4041,111,2,1,3
mn-111-2-1-4,n4042,111,2,1,4
mn-111-2-1-5,n4043,111,2,1,5
mn-111-2-1-6,n4044,111,2,1,6
mn-111-2-1-7,n4045,111,2,1,7
mn-111-2-1-8,n4046,111,2,1,8
mn-111-5-2-1,n4047,111,5,2,1
mn-111-5-2-2,n4048,111,5,2,2
mn-111-5-2-3,n4049,111,5,2,3
mn-111-5-2-4,n4050,111,5,2,4
mn-111-5-2-5,n4051,111,5,2,5
mn-111-5-2-6,n4052,111,5,2,6
mn-111-5-2-7,n4053,111,5,2,7
mn-111-5-2-8,n4054,111,5,2,8
mn-111-5-2-9,n4055,111,5,2,9
mn-111-5-2-10,n4056,111,5,2,10
mn-111-5-2-11,n4057,111,5,2,11
mn-111-5-2-12,n4058,111,5,2,12
mn-111-5-2-13,n4059,111,5,2,13
mn-111-5-2-14,n4060,111,5,2,14
mn-111-5-2-15,n4061,111,5,2,15
mn-111-5-2-16,n4062,111,5,2,16
mn-111-5-2-17,n4063,111,5,2,17
mn-111-5-2-18,n4064,111,5,2,18
mn-111-5-2-19,n4065,111,5,2,19
mn-111-5-2-20,n4066,111,5,2,20
mn-111-5-2-21,n4067,111,5,2,21
mn-111-5-2-22,n4068,111,5,2,22
mn-111-5-2-23,n4069,111,5,2,23
mn-111-5-2-24,n4070,111,5,2,24
mn-112-1-1-1,n4071,112,1,1,1
mn-112-1-1-2,n4072,112,1,1,2
mn-112-1-1-3,n4073,112,1,1,3
mn-112-1-1-4,n4074,112,1,1,4
mn-112-1-1-5,n4075,112,1,1,5
mn-112-1-1-6,n4076,112,1,1,6
mn-112-1-1-7,n4077,112,1,1,7
mn-112-1-1-8,n4078,112,1,1,8
mn-112-2-1-1,n4079,112,2,1,1
mn-112-2-1-2,n4080,112,2,1,2
mn-112-2-1-3,n4081,112,2,1,3
mn-112-5-2-1,n4082,112,5,2,1
mn-112-5-2-2,n4083,112,5,2,2
mn-112-5-2-3,n4084,112,5,2,3
mn-112-5-2-4,n4085,112,5,2,4
mn-112-5-2-5,n4086,112,5,2,5
mn-112-5-2-6,n4087,112,5,2,6
mn-112-5-2-7,n4088,112,5,2,7
mn-112-5-2-8,n4089,112,5,2,8
mn-112-5-2-9,n4090,112,5,2,9
mn-112-5-2-10,n4091,112,5,2,10
mn-112-5-2-11,n4092,112,5,2,11
mn-112-5-2-12,n4093,112,5,2,12
mn-112-5-2-13,n4094,112,5,2,13
mn-112-5-2-14,n4095,112,5,2,14
mn-112-5-2-15,n4096,112,5,2,15
mn-112-5-2-16,n4097,112,5,2,16
mn-112-5-2-17,n4098,112,5,2,17
mn-112-5-2-18,n4099,112,5,2,18
mn-112-5-2-19,n4100,112,5,2,19
mn-112-5-2-20,n4101,112,5,2,20
mn-112-5-2-21,n4102,112,5,2,21
mn-112-5-2-22,n4103,112,5,2,22
mn-112-5-2-23,n4104,112,5,2,23
mn-112-5-2-24,n4105,112,5,2,24
mn-113-1-1-1,n4106,113,1,1,1
mn-113-1-1-2,n4107,113,1,1,2
mn-113-1-1-3,n4108,113,1,1,3
mn-113-1-1-4,n4109,113,1,1,4
mn-113-1-1-5,n4110,113,1,1,5
mn-113-1-1-6,n4111,113,1,1,6
mn-113-1-1-7,n4112,113,1,1,7
mn-113-1-1-8,n4113,113,1,1,8
mn-113-1-1-9,n4114,113,1,1,9
mn-113-1-1-10,n4115,113,1,1,10
mn-113-1-1-11,n4116,113,1,1,11
mn-113-1-1-12,n4117,113,1,1,12
mn-113-5-2-1,n4118,113,5,2,1
mn-113-5-2-2,n4119,113,5,2,2
mn-113-5-2-3,n4120,113,5,2,3
mn-113-5-2-4,n4121,113,5,2,4
mn-113-5-2-5,n4122,113,5,2,5
mn-113-5-2-6,n4123,113,5,2,6
mn-113-5-2-7,n4124,113,5,2,7
mn-113-5-2-8,n4125,113,5,2,8
mn-113-5-2-9,n4126,113,5,2,9
mn-113-5-2-10,n4127,113,5,2,10
mn-113-5-2-11,n4128,113,5,2,11
mn-113-5-2-12,n4129,113,5,2,12
mn-113-5-2-13,n4130,113,5,2,13
mn-113-5-2-14,n4131,113,5,2,14
mn-113-5-2-15,n4132,113,5,2,15
mn-113-5-2-16,n4133,113,5,2,16
mn-113-5-2-17,n4134,113,5,2,17
mn-113-5-2-18,n4135,113,5,2,18
mn-113-5-2-19,n4136,113,5,2,19
mn-113-5-2-20,n4137,113,5,2,20
mn-113-5-2-21,n4138,113,5,2,21
mn-113-5-2-22,n4139,113,5,2,22
mn-113-5-2-23,n4140,113,5,2,23
mn-113-5-2-24,n4141,113,5,2,24
mn-114-1-1-1,n4142,114,1,1,1
mn-114-1-1-2,n4143,114,1,1,2
mn-114-1-1-3,n4144,114,1,1,3
mn-114-1-1-4,n4145,114,1,1,4
mn-114-1-1-5,n4146,114,1,1,5
mn-114-1-1-6,n4147,114,1,1,6
mn-114-1-1-7,n4148,114,1,1,7
mn-114-1-1-8,n4149,114,1,1,8
mn-114-1-1-9,n4150,114,1,1,9
mn-114-1-1-10,n4151,114,1,1,10
mn-114-5-2-1,n4152,114,5,2,1
mn-114-5-2-2,n4153,114,5,2,2
mn-114-5-2-3,n4154,114,5,2,3
mn-114-5-2-4,n4155,114,5,2,4
mn-114-5-2-5,n4156,114,5,2,5
mn-114-5-2-6,n4157,114,5,2,6
mn-114-5-2-7,n4158,114,5,2,7
mn-114-5-2-8,n4159,114,5,2,8
mn-114-5-2-9,n4160,114,5,2,9
mn-114-5-2-10,n4161,114,5,2,10
mn-114-5-2-11,n4162,114,5,2,11
mn-114-5-2-12,n4163,114,5,2,12
mn-114-5-2-13,n4164,114,5,2,13
mn-114-5-2-14,n4165,114,5,2,14
mn-114-5-2-15,n4166,114,5,2,15
mn-114-5-2-16,n4167,114,5,2,16
mn-114-5-2-17,n4168,114,5,2,17
mn-114-5-2-18,n4169,114,5,2,18
mn-114-5-2-19,n4170,114,5,2,19
mn-114-5-2-20,n4171,114,5,2,20
mn-114-5-2-21,n4172,114,5,2,21
mn-114-5-2-22,n4173,114,5,2,22
mn-114-5-2-23,n4174,114,5,2,23
mn-114-5-2-24,n4175,114,5,2,24
mn-115-1-1-1,n4176,115,1,1,1
mn-115-1-1-2,n4177,115,1,1,2
mn-115-1-1-3,n4178,115,1,1,3
mn-115-1-1-4,n4179,115,1,1,4
mn-115-1-1-5,n4180,115,1,1,5
mn-115-1-1-6,n4181,115,1,1,6
mn-115-1-1-7,n4182,115,1,1,7
mn-115-1-1-8,n4183,115,1,1,8
mn-115-1-1-9,n4184,115,1,1,9
mn-115-1-1-10,n4185,115,1,1,10
mn-115-1-1-11,n4186,115,1,1,11
mn-115-1-1-12,n4187,115,1,1,12
mn-115-1-1-13,n4188,115,1,1,13
mn-115-1-1-14,n4189,115,1,1,14
mn-115-1-1-15,n4190,115,1,1,15
mn-115-5-2-1,n4191,115,5,2,1
mn-115-5-2-2,n4192,115,5,2,2
mn-115-5-2-3,n4193,115,5,2,3
mn-115-5-2-4,n4194,115,5,2,4
mn-115-5-2-5,n4195,115,5,2,5
mn-115-5-2-6,n4196,115,5,2,6
mn-115-5-2-7,n4197,115,5,2,7
mn-115-5-2-8,n4198,115,5,2,8
mn-115-5-2-9,n4199,115,5,2,9
mn-115-5-2-10,n4200,115,5,2,10
mn-115-5-2-11,n4201,115,5,2,11
mn-115-5-2-12,n4202,115,5,2,12
mn-115-5-2-13,n4203,115,5,2,13
mn-115-5-2-14,n4204,115,5,2,14
mn-115-5-2-15,n4205,115,5,2,15
mn-115-5-2-16,n4206,115,5,2,16
mn-115-5-2-17,n4207,115,5,2,17
mn-115-5-2-18,n4208,115,5,2,18
mn-115-5-2-19,n4209,115,5,2,19
mn-115-5-2-20,n4210,115,5,2,20
mn-115-5-2-21,n4211,115,5,2,21
mn-115-5-2-22,n4212,115,5,2,22
mn-115-5-2-23,n4213,115,5,2,23
mn-115-5-2-24,n4214,115,5,2,24
mn-116-1-1-1,n4215,116,1,1,1
mn-116-1-1-2,n4216,116,1,1,2
mn-116-1-1-3,n4217,116,1,1,3
mn-116-1-1-4,n4218,116,1,1,4
mn-116-1-1-5,n4219,116,1,1,5
mn-116-1-1-6,n4220,116,1,1,6
mn-116-1-1-7,n4221,116,1,1,7
mn-116-1-1-8,n4222,116,1,1,8
mn-116-1-1-9,n4223,116,1,1,9
mn-116-1-1-10,n4224,116,1,1,10
mn-116-1-1-11,n4225,116,1,1,11
mn-116-1-1-12,n4226,116,1,1,12
mn-116-1-1-13,n4227,116,1,1,13
mn-116-1-1-14,n4228,116,1,1,14
mn-116-1-1-15,n4229,116,1,1,15
mn-116-1-1-16,n4230,116,1,1,16
mn-116-1-1-17,n4231,116,1,1,17
mn-116-1-1-18,n4232,116,1,1,18
mn-116-2-1-1,n4233,116,2,1,1
mn-116-2-1-2,n4234,116,2,1,2
mn-116-5-2-1,n4235,116,5,2,1
mn-116-5-2-2,n4236,116,5,2,2
mn-116-5-2-3,n4237,116,5,2,3
mn-116-5-2-4,n4238,116,5,2,4
mn-116-5-2-5,n4239,116,5,2,5
mn-116-5-2-6,n4240,116,5,2,6
mn-116-5-2-7,n4241,116,5,2,7
mn-116-5-2-8,n4242,116,5,2,8
mn-116-5-2-9,n4243,116,5,2,9
mn-116-5-2-10,n4244,116,5,2,10
mn-116-5-2-11,n4245,116,5,2,11
mn-116-5-2-12,n4246,116,5,2,12
mn-116-5-2-13,n4247,116,5,2,13
mn-116-5-2-14,n4248,116,5,2,14
mn-116-5-2-15,n4249,116,5,2,15
mn-116-5-2-16,n4250,116,5,2,16
mn-116-5-2-17,n4251,116,5,2,17
mn-116-5-2-18,n4252,116,5,2,18
mn-116-5-2-19,n4253,116,5,2,19
mn-116-5-2-20,n4254,116,5,2,20
mn-116-5-2-21,n4255,116,5,2,21
mn-116-5-2-22,n4256,116,5,2,22
mn-116-5-2-23,n4257,116,5,2,23
mn-116-5-2-24,n4258,116,5,2,24
mn-117-1-1-1,n4259,117,1,1,1
mn-117-1-1-2,n4260,117,1,1,2
mn-117-1-1-3,n4261,117,1,1,3
mn-117-1-1-4,n4262,117,1,1,4
mn-117-1-1-5,n4263,117,1,1,5
mn-117-1-1-6,n4264,117,1,1,6
mn-117-1-1-7,n4265,117,1,1,7
mn-117-1-1-8,n4266,117,1,1,8
mn-117-1-1-9,n4267,117,1,1,9
mn-117-1-1-10,n4268,117,1,1,10
mn-117-1-1-11,n4269,117,1,1,11
mn-117-1-1-12,n4270,117,1,1,12
mn-117-1-1-13,n4271,117,1,1,13
mn-117-5-2-1,n4272,117,5,2,1
mn-117-5-2-2,n4273,117,5,2,2
mn-117-5-2-3,n4274,117,5,2,3
mn-117-5-2-4,n4275,117,5,2,4
mn-117-5-2-5,n4276,117,5,2,5
mn-117-5-2-6,n4277,117,5,2,6
mn-117-5-2-7,n4278,117,5,2,7
mn-117-5-2-8,n4279,117,5,2,8
mn-117-5-2-9,n4280,117,5,2,9
mn-117-5-2-10,n4281,117,5,2,10
mn-117-5-2-11,n4282,117,5,2,11
mn-117-5-2-12,n4283,117,5,2,12
mn-117-5-2-13,n4284,117,5,2,13
mn-117-5-2-14,n4285,117,5,2,14
mn-117-5-2-15,n4286,117,5,2,15
mn-117-5-2-16,n4287,117,5,2,16
mn-117-5-2-17,n4288,117,5,2,17
mn-117-5-2-18,n4289,117,5,2,18
mn-117-5-2-19,n4290,117,5,2,19
mn-117-5-2-20,n4291,117,5,2,20
mn-117-5-2-21,n4292,117,5,2,21
mn-117-5-2-22,n4293,117,5,2,22
mn-117-5-2-23,n4294,117,5,2,23
mn-117-5-2-24,n4295,117,5,2,24
mn-118-1-1-1,n4296,118,1,1,1
mn-118-1-1-2,n4297,118,1,1,2
mn-118-1-1-3,n4298,118,1,1,3
mn-118-1-1-4,n4299,118,1,1,4
mn-118-1-1-5,n4300,118,1,1,5
mn-118-1-1-6,n4301,118,1,1,6
mn-118-1-1-7,n4302,118,1,1,7
mn-118-1-1-8,n4303,118,1,1,8
mn-118-1-1-9,n4304,118,1,1,9
mn-118-1-1-10,n4305,118,1,1,10
mn-118-1-1-11,n4306,118,1,1,11
mn-118-1-1-12,n4307,118,1,1,12
mn-118-1-1-13,n4308,118,1,1,13
mn-118-1-1-14,n4309,118,1,1,14
mn-118-1-1-15,n4310,118,1,1,15
mn-118-1-1-16,n4311,118,1,1,16
mn-118-1-1-17,n4312,118,1,1,17
mn-118-1-1-18,n4313,118,1,1,18
mn-118-5-2-1,n4314,118,5,2,1
mn-118-5-2-2,n4315,118,5,2,2
mn-118-5-2-3,n4316,118,5,2,3
mn-118-5-2-4,n4317,118,5,2,4
mn-118-5-2-5,n4318,118,5,2,5
mn-118-5-2-6,n4319,118,5,2,6
mn-118-5-2-7,n4320,118,5,2,7
mn-118-5-2-8,n4321,118,5,2,8
mn-118-5-2-9,n4322,118,5,2,9
mn-118-5-2-10,n4323,118,5,2,10
mn-118-5-2-11,n4324,118,5,2,11
mn-118-5-2-12,n4325,118,5,2,12
mn-118-5-2-13,n4326,118,5,2,13
mn-118-5-2-14,n4327,118,5,2,14
mn-118-5-2-15,n4328,118,5,2,15
mn-118-5-2-16,n4329,118,5,2,16
mn-118-5-2-17,n4330,118,5,2,17
mn-118-5-2-18,n4331,118,5,2,18
mn-118-5-2-19,n4332,118,5,2,19
mn-118-5-2-20,n4333,118,5,2,20
mn-118-5-2-21,n4334,118,5,2,21
mn-118-5-2-22,n4335,118,5,2,22
mn-118-5-2-23,n4336,118,5,2,23
mn-118-5-2-24,n4337,118,5,2,24
mn-119-1-1-1,n4338,119,1,1,1
mn-119-1-1-2,n4339,119,1,1,2
mn-119-1-1-3,n4340,119,1,1,3
mn-119-1-1-4,n4341,119,1,1,4
mn-119-1-1-5,n4342,119,1,1,5
mn-119-1-1-6,n4343,119,1,1,6
mn-119-1-1-7,n4344,119,1,1,7
mn-119-1-1-8,n4345,119,1,1,8
mn-119-1-1-9,n4346,119,1,1,9
mn-119-1-1-10,n4347,119,1,1,10
mn-119-1-1-11,n4348,119,1,1,11
mn-119-1-1-12,n4349,119,1,1,12
mn-119-1-1-13,n4350,119,1,1,13
mn-119-1-1-14,n4351,119,1,1,14
mn-119-1-1-15,n4352,119,1,1,15
mn-119-5-2-1,n4353,119,5,2,1
mn-119-5-2-2,n4354,119,5,2,2
mn-119-5-2-3,n4355,119,5,2,3
mn-119-5-2-4,n4356,119,5,2,4
mn-119-5-2-5,n4357,119,5,2,5
mn-119-5-2-6,n4358,119,5,2,6
mn-119-5-2-7,n4359,119,5,2,7
mn-119-5-2-8,n4360,119,5,2,8
mn-119-5-2-9,n4361,119,5,2,9
mn-119-5-2-10,n4362,119,5,2,10
mn-119-5-2-11,n4363,119,5,2,11
mn-119-5-2-12,n4364,119,5,2,12
mn-119-5-2-13,n4365,119,5,2,13
mn-119-5-2-14,n4366,119,5,2,14
mn-119-5-2-15,n4367,119,5,2,15
mn-119-5-2-16,n4368,119,5,2,16
mn-119-5-2-17,n4369,119,5,2,17
mn-119-5-2-18,n4370,119,5,2,18
mn-119-5-2-19,n4371,119,5,2,19
mn-119-5-2-20,n4372,119,5,2,20
mn-119-5-2-21,n4373,119,5,2,21
mn-119-5-2-22,n4374,119,5,2,22
mn-119-5-2-23,n4375,119,5,2,23
mn-119-5-2-24,n4376,119,5,2,24
mn-120-1-1-1,n4377,120,1,1,1
mn-120-1-1-2,n4378,120,1,1,2
mn-120-1-1-3,n4379,120,1,1,3
mn-120-1-1-4,n4380,120,1,1,4
mn-120-1-1-5,n4381,120,1,1,5
mn-120-1-1-6,n4382,120,1,1,6
mn-120-1-1-7,n4383,120,1,1,7
mn-120-1-1-8,n4384,120,1,1,8
mn-120-1-1-9,n4385,120,1,1,9
mn-120-1-1-10,n4386,120,1,1,10
mn-120-1-1-11,n4387,120,1,1,11
mn-120-1-1-12,n4388,120,1,1,12
mn-120-1-1-13,n4389,120,1,1,13
mn-120-1-1-14,n4390,120,1,1,14
mn-120-1-1-15,n4391,120,1,1,15
mn-120-1-1-16,n4392,120,1,1,16
mn-120-1-1-17,n4393,120,1,1,17
mn-120-1-1-18,n4394,120,1,1,18
mn-120-1-1-19,n4395,120,1,1,19
mn-120-5-2-1,n4396,120,5,2,1
mn-120-5-2-2,n4397,120,5,2,2
mn-120-5-2-3,n4398,120,5,2,3
mn-120-5-2-4,n4399,120,5,2,4
mn-120-5-2-5,n4400,120,5,2,5
mn-120-5-2-6,n4401,120,5,2,6
mn-120-5-2-7,n4402,120,5,2,7
mn-120-5-2-8,n4403,120,5,2,8
mn-120-5-2-9,n4404,120,5,2,9
mn-120-5-2-10,n4405,120,5,2,10
mn-120-5-2-11,n4406,120,5,2,11
mn-120-5-2-12,n4407,120,5,2,12
mn-120-5-2-13,n4408,120,5,2,13
mn-120-5-2-14,n4409,120,5,2,14
mn-120-5-2-15,n4410,120,5,2,15
mn-120-5-2-16,n4411,120,5,2,16
mn-120-5-2-17,n4412,120,5,2,17
mn-120-5-2-18,n4413,120,5,2,18
mn-121-1-1-1,n4414,121,1,1,1
mn-121-1-1-2,n4415,121,1,1,2
mn-121-1-1-3,n4416,121,1,1,3
mn-121-1-1-4,n4417,121,1,1,4
mn-121-1-1-5,n4418,121,1,1,5
mn-121-2-1-1,n4419,121,2,1,1
mn-121-2-1-2,n4420,121,2,1,2
mn-121-2-1-3,n4421,121,2,1,3
mn-121-2-1-4,n4422,121,2,1,4
mn-121-2-1-5,n4423,121,2,1,5
mn-121-2-1-6,n4424,121,2,1,6
mn-121-2-1-7,n4425,121,2,1,7
mn-121-2-1-8,n4426,121,2,1,8
mn-121-2-1-9,n4427,121,2,1,9
mn-121-2-1-10,n4428,121,2,1,10
mn-121-5-2-1,n4429,121,5,2,1
mn-121-5-2-2,n4430,121,5,2,2
mn-121-5-2-3,n4431,121,5,2,3
mn-121-5-2-4,n4432,121,5,2,4
mn-121-5-2-5,n4433,121,5,2,5
mn-121-5-2-6,n4434,121,5,2,6
mn-121-5-2-7,n4435,121,5,2,7
mn-121-5-2-8,n4436,121,5,2,8
mn-121-5-2-9,n4437,121,5,2,9
mn-121-5-2-10,n4438,121,5,2,10
mn-121-5-2-11,n4439,121,5,2,11
mn-121-5-2-12,n4440,121,5,2,12
mn-121-5-2-13,n4441,121,5,2,13
mn-121-5-2-14,n4442,121,5,2,14
mn-121-5-2-15,n4443,121,5,2,15
mn-121-5-2-16,n4444,121,5,2,16
mn-121-5-2-17,n4445,121,5,2,17
mn-121-5-2-18,n4446,121,5,2,18
mn-121-5-2-19,n4447,121,5,2,19
mn-121-5-2-20,n4448,121,5,2,20
mn-121-5-2-21,n4449,121,5,2,21
mn-122-1-1-1,n4450,122,1,1,1
mn-122-1-1-2,n4451,122,1,1,2
mn-122-1-1-3,n4452,122,1,1,3
mn-122-1-1-4,n4453,122,1,1,4
mn-122-1-1-5,n4454,122,1,1,5
mn-122-1-1-6,n4455,122,1,1,6
mn-122-2-1-1,n4456,122,2,1,1
mn-122-2-1-2,n4457,122,2,1,2
mn-122-2-1-3,n4458,122,2,1,3
mn-122-2-1-4,n4459,122,2,1,4
mn-122-2-1-5,n4460,122,2,1,5
mn-122-2-1-6,n4461,122,2,1,6
mn-122-2-1-7,n4462,122,2,1,7
mn-122-2-1-8,n4463,122,2,1,8
mn-122-2-1-9,n4464,122,2,1,9
mn-122-2-1-10,n4465,122,2,1,10
mn-122-2-1-11,n4466,122,2,1,11
mn-122-2-1-12,n4467,122,2,1,12
mn-122-5-2-1,n4468,122,5,2,1
mn-122-5-2-2,n4469,122,5,2,2
mn-122-5-2-3,n4470,122,5,2,3
mn-122-5-2-4,n4471,122,5,2,4
mn-122-5-2-5,n4472,122,5,2,5
mn-122-5-2-6,n4473,122,5,2,6
mn-122-5-2-7,n4474,122,5,2,7
mn-122-5-2-8,n4475,122,5,2,8
mn-122-5-2-9,n4476,122,5,2,9
mn-122-5-2-10,n4477,122,5,2,10
mn-122-5-2-11,n4478,122,5,2,11
mn-122-5-2-12,n4479,122,5,2,12
mn-122-5-2-13,n4480,122,5,2,13
mn-122-5-2-14,n4481,122,5,2,14
mn-122-5-2-15,n4482,122,5,2,15
mn-122-5-2-16,n4483,122,5,2,16
mn-122-5-2-17,n4484,122,5,2,17
mn-122-5-2-18,n4485,122,5,2,18
mn-122-5-2-19,n4486,122,5,2,19
mn-122-5-2-20,n4487,122,5,2,20
mn-122-5-2-21,n4488,122,5,2,21
mn-122-5-2-22,n4489,122,5,2,22
mn-122-5-2-23,n4490,122,5,2,23
mn-122-5-2-24,n4491,122,5,2,24
mn-122-5-2-25,n4492,122,5,2,25
mn-122-5-2-26,n4493,122,5,2,26
mn-122-5-2-27,n4494,122,5,2,27
mn-123-1-1-1,n4495,123,1,1,1
mn-123-1-1-2,n4496,123,1,1,2
mn-123-1-1-3,n4497,123,1,1,3
mn-123-1-1-4,n4498,123,1,1,4
mn-123-1-1-5,n4499,123,1,1,5
mn-123-1-1-6,n4500,123,1,1,6
mn-123-2-1-1,n4501,123,2,1,1
mn-123-2-1-2,n4502,123,2,1,2
mn-123-2-1-3,n4503,123,2,1,3
mn-123-2-1-4,n4504,123,2,1,4
mn-123-2-1-5,n4505,123,2,1,5
mn-123-2-1-6,n4506,123,2,1,6
mn-123-2-1-7,n4507,123,2,1,7
mn-123-2-1-8,n4508,123,2,1,8
mn-123-2-1-9,n4509,123,2,1,9
mn-123-2-1-10,n4510,123,2,1,10
mn-123-2-1-11,n4511,123,2,1,11
mn-123-2-1-12,n4512,123,2,1,12
mn-123-2-1-13,n4513,123,2,1,13
mn-123-2-1-14,n4514,123,2,1,14
mn-123-2-1-15,n4515,123,2,1,15
mn-123-5-2-1,n4516,123,5,2,1
mn-123-5-2-2,n4517,123,5,2,2
mn-123-5-2-3,n4518,123,5,2,3
mn-123-5-2-4,n4519,123,5,2,4
mn-123-5-2-5,n4520,123,5,2,5
mn-123-5-2-6,n4521,123,5,2,6
mn-123-5-2-7,n4522,123,5,2,7
mn-123-5-2-8,n4523,123,5,2,8
mn-123-5-2-9,n4524,123,5,2,9
mn-123-5-2-10,n4525,123,5,2,10
mn-123-5-2-11,n4526,123,5,2,11
mn-123-5-2-12,n4527,123,5,2,12
mn-123-5-2-13,n4528,123,5,2,13
mn-123-5-2-14,n4529,123,5,2,14
mn-123-5-2-15,n4530,123,5,2,15
mn-123-5-2-16,n4531,123,5,2,16
mn-123-5-2-17,n4532,123,5,2,17
mn-123-5-2-18,n4533,123,5,2,18
mn-123-5-2-19,n4534,123,5,2,19
mn-123-5-2-20,n4535,123,5,2,20
mn-123-5-2-21,n4536,123,5,2,21
mn-124-1-1-1,n4537,124,1,1,1
mn-124-1-1-2,n4538,124,1,1,2
mn-124-1-1-3,n4539,124,1,1,3
mn-124-1-1-4,n4540,124,1,1,4
mn-124-1-1-5,n4541,124,1,1,5
mn-124-1-1-6,n4542,124,1,1,6
mn-124-1-1-7,n4543,124,1,1,7
mn-124-2-1-1,n4544,124,2,1,1
mn-124-2-1-2,n4545,124,2,1,2
mn-124-2-1-3,n4546,124,2,1,3
mn-124-2-1-4,n4547,124,2,1,4
mn-124-2-1-5,n4548,124,2,1,5
mn-124-2-1-6,n4549,124,2,1,6
mn-124-2-1-7,n4550,124,2,1,7
mn-124-2-1-8,n4551,124,2,1,8
mn-124-2-1-9,n4552,124,2,1,9
mn-124-2-1-10,n4553,124,2,1,10
mn-124-2-1-11,n4554,124,2,1,11
mn-124-2-1-12,n4555,124,2,1,12
mn-124-3-1-1,n4556,124,3,1,1
mn-124-3-1-2,n4557,124,3,1,2
mn-124-3-1-3,n4558,124,3,1,3
mn-124-3-1-4,n4559,124,3,1,4
mn-124-3-1-5,n4560,124,3,1,5
mn-124-3-1-6,n4561,124,3,1,6
mn-124-3-1-7,n4562,124,3,1,7
mn-124-3-1-8,n4563,124,3,1,8
mn-124-5-2-1,n4564,124,5,2,1
mn-124-5-2-2,n4565,124,5,2,2
mn-124-5-2-3,n4566,124,5,2,3
mn-124-5-2-4,n4567,124,5,2,4
mn-124-5-2-5,n4568,124,5,2,5
mn-124-5-2-6,n4569,124,5,2,6
mn-124-5-2-7,n4570,124,5,2,7
mn-124-5-2-8,n4571,124,5,2,8
mn-124-5-2-9,n4572,124,5,2,9
mn-124-5-2-10,n4573,124,5,2,10
mn-124-5-2-11,n4574,124,5,2,11
mn-124-5-2-12,n4575,124,5,2,12
mn-124-5-2-13,n4576,124,5,2,13
mn-124-5-2-14,n4577,124,5,2,14
mn-124-5-2-15,n4578,124,5,2,15
mn-124-5-2-16,n4579,124,5,2,16
mn-124-5-2-17,n4580,124,5,2,17
mn-124-5-2-18,n4581,124,5,2,18
mn-124-5-2-19,n4582,124,5,2,19
mn-124-5-2-20,n4583,124,5,2,20
mn-124-5-2-21,n4584,124,5,2,21
mn-125-1-1-1,n4585,125,1,1,1
mn-125-1-1-2,n4586,125,1,1,2
mn-125-1-1-3,n4587,125,1,1,3
mn-125-2-1-1,n4588,125,2,1,1
mn-125-2-1-2,n4589,125,2,1,2
mn-125-2-1-3,n4590,125,2,1,3
mn-125-2-1-4,n4591,125,2,1,4
mn-125-2-1-5,n4592,125,2,1,5
mn-125-2-1-6,n4593,125,2,1,6
mn-125-2-1-7,n4594,125,2,1,7
mn-125-2-1-8,n4595,125,2,1,8
mn-125-2-1-9,n4596,125,2,1,9
mn-125-2-1-10,n4597,125,2,1,10
mn-125-2-1-11,n4598,125,2,1,11
mn-125-2-1-12,n4599,125,2,1,12
mn-125-2-1-13,n4600,125,2,1,13
mn-125-2-1-14,n4601,125,2,1,14
mn-125-2-1-15,n4602,125,2,1,15
mn-125-2-1-16,n4603,125,2,1,16
mn-125-2-1-17,n4604,125,2,1,17
mn-125-2-1-18,n4605,125,2,1,18
mn-125-2-1-19,n4606,125,2,1,19
mn-125-2-1-20,n4607,125,2,1,20
mn-125-2-1-21,n4608,125,2,1,21
mn-125-2-1-22,n4609,125,2,1,22
mn-125-5-2-1,n4610,125,5,2,1
mn-125-5-2-2,n4611,125,5,2,2
mn-125-5-2-3,n4612,125,5,2,3
mn-125-5-2-4,n4613,125,5,2,4
mn-125-5-2-5,n4614,125,5,2,5
mn-125-5-2-6,n4615,125,5,2,6
mn-125-5-2-7,n4616,125,5,2,7
mn-125-5-2-8,n4617,125,5,2,8
mn-125-5-2-9,n4618,125,5,2,9
mn-125-5-2-10,n4619,125,5,2,10
mn-125-5-2-11,n4620,125,5,2,11
mn-125-5-2-12,n4621,125,5,2,12
mn-125-5-2-13,n4622,125,5,2,13
mn-125-5-2-14,n4623,125,5,2,14
mn-125-5-2-15,n4624,125,5,2,15
mn-125-5-2-16,n4625,125,5,2,16
mn-125-5-2-17,n4626,125,5,2,17
mn-125-5-2-18,n4627,125,5,2,18
mn-125-5-2-19,n4628,125,5,2,19
mn-125-5-2-20,n4629,125,5,2,20
mn-125-5-2-21,n4630,125,5,2,21
mn-125-5-2-22,n4631,125,5,2,22
mn-125-5-2-23,n4632,125,5,2,23
mn-125-5-2-24,n4633,125,5,2,24
mn-126-1-1-1,n4634,126,1,1,1
mn-126-1-1-2,n4635,126,1,1,2
mn-126-1-1-3,n4636,126,1,1,3
mn-126-1-1-4,n4637,126,1,1,4
mn-126-1-1-5,n4638,126,1,1,5
mn-126-1-1-6,n4639,126,1,1,6
mn-126-2-1-1,n4640,126,2,1,1
mn-126-2-1-2,n4641,126,2,1,2
mn-126-2-1-3,n4642,126,2,1,3
mn-126-2-1-4,n4643,126,2,1,4
mn-126-2-1-5,n4644,126,2,1,5
mn-126-2-1-6,n4645,126,2,1,6
mn-126-2-1-7,n4646,126,2,1,7
mn-126-2-1-8,n4647,126,2,1,8
mn-126-2-1-9,n4648,126,2,1,9
mn-126-2-1-10,n4649,126,2,1,10
mn-126-2-1-11,n4650,126,2,1,11
mn-126-2-1-12,n4651,126,2,1,12
mn-126-2-1-13,n4652,126,2,1,13
mn-126-2-1-14,n4653,126,2,1,14
mn-126-2-1-15,n4654,126,2,1,15
mn-126-2-1-16,n4655,126,2,1,16
mn-126-2-1-17,n4656,126,2,1,17
mn-126-2-1-18,n4657,126,2,1,18
mn-126-2-1-19,n4658,126,2,1,19
mn-126-2-1-20,n4659,126,2,1,20
mn-126-2-1-21,n4660,126,2,1,21
mn-126-2-1-22,n4661,126,2,1,22
mn-126-5-2-1,n4662,126,5,2,1
mn-126-5-2-2,n4663,126,5,2,2
mn-126-5-2-3,n4664,126,5,2,3
mn-126-5-2-4,n4665,126,5,2,4
mn-126-5-2-5,n4666,126,5,2,5
mn-126-5-2-6,n4667,126,5,2,6
mn-126-5-2-7,n4668,126,5,2,7
mn-126-5-2-8,n4669,126,5,2,8
mn-126-5-2-9,n4670,126,5,2,9
mn-126-5-2-10,n4671,126,5,2,10
mn-126-5-2-11,n4672,126,5,2,11
mn-126-5-2-12,n4673,126,5,2,12
mn-126-5-2-13,n4674,126,5,2,13
mn-126-5-2-14,n4675,126,5,2,14
mn-126-5-2-15,n4676,126,5,2,15
mn-126-5-2-16,n4677,126,5,2,16
mn-126-5-2-17,n4678,126,5,2,17
mn-126-5-2-18,n4679,126,5,2,18
mn-126-5-2-19,n4680,126,5,2,19
mn-126-5-2-20,n4681,126,5,2,20
mn-126-5-2-21,n4682,126,5,2,21
mn-126-5-2-22,n4683,126,5,2,22
mn-126-5-2-23,n4684,126,5,2,23
mn-126-5-2-24,n4685,126,5,2,24
mn-126-5-2-25,n4686,126,5,2,25
mn-126-5-2-26,n4687,126,5,2,26
mn-127-1-1-1,n4688,127,1,1,1
mn-127-1-1-2,n4689,127,1,1,2
mn-127-1-1-3,n4690,127,1,1,3
mn-127-1-1-4,n4691,127,1,1,4
mn-127-1-1-5,n4692,127,1,1,5
mn-127-1-1-6,n4693,127,1,1,6
mn-127-1-1-7,n4694,127,1,1,7
mn-127-1-1-8,n4695,127,1,1,8
mn-127-1-1-9,n4696,127,1,1,9
mn-127-1-1-10,n4697,127,1,1,10
mn-127-1-1-11,n4698,127,1,1,11
mn-127-1-1-12,n4699,127,1,1,12
mn-127-2-1-1,n4700,127,2,1,1
mn-127-2-1-2,n4701,127,2,1,2
mn-127-2-1-3,n4702,127,2,1,3
mn-127-2-1-4,n4703,127,2,1,4
mn-127-2-1-5,n4704,127,2,1,5
mn-127-2-1-6,n4705,127,2,1,6
mn-127-2-1-7,n4706,127,2,1,7
mn-127-2-1-8,n4707,127,2,1,8
mn-127-2-1-9,n4708,127,2,1,9
mn-127-2-1-10,n4709,127,2,1,10
mn-127-2-1-11,n4710,127,2,1,11
mn-127-2-1-12,n4711,127,2,1,12
mn-127-2-1-13,n4712,127,2,1,13
mn-127-2-1-14,n4713,127,2,1,14
mn-127-2-1-15,n4714,127,2,1,15
mn-127-2-1-16,n4715,127,2,1,16
mn-127-5-2-1,n4716,127,5,2,1
mn-127-5-2-2,n4717,127,5,2,2
mn-127-5-2-3,n4718,127,5,2,3
mn-127-5-2-4,n4719,127,5,2,4
mn-127-5-2-5,n4720,127,5,2,5
mn-127-5-2-6,n4721,127,5,2,6
mn-127-5-2-7,n4722,127,5,2,7
mn-127-5-2-8,n4723,127,5,2,8
mn-127-5-2-9,n4724,127,5,2,9
mn-127-5-2-10,n4725,127,5,2,10
mn-127-5-2-11,n4726,127,5,2,11
mn-127-5-2-12,n4727,127,5,2,12
mn-127-5-2-13,n4728,127,5,2,13
mn-127-5-2-14,n4729,127,5,2,14
mn-127-5-2-15,n4730,127,5,2,15
mn-127-5-2-16,n4731,127,5,2,16
mn-127-5-2-17,n4732,127,5,2,17
mn-127-5-2-18,n4733,127,5,2,18
mn-127-5-2-19,n4734,127,5,2,19
mn-127-5-2-20,n4735,127,5,2,20
mn-127-5-2-21,n4736,127,5,2,21
mn-127-5-2-22,n4737,127,5,2,22
mn-127-5-2-23,n4738,127,5,2,23
mn-127-5-2-24,n4739,127,5,2,24
mn-127-5-2-25,n4740,127,5,2,25
mn-128-1-1-1,n4741,128,1,1,1
mn-128-1-1-2,n4742,128,1,1,2
mn-128-1-1-3,n4743,128,1,1,3
mn-128-1-1-4,n4744,128,1,1,4
mn-128-1-1-5,n4745,128,1,1,5
mn-128-1-1-6,n4746,128,1,1,6
mn-128-1-1-7,n4747,128,1,1,7
mn-128-1-1-8,n4748,128,1,1,8
mn-128-2-1-1,n4749,128,2,1,1
mn-128-2-1-2,n4750,128,2,1,2
mn-128-2-1-3,n4751,128,2,1,3
mn-128-2-1-4,n4752,128,2,1,4
mn-128-2-1-5,n4753,128,2,1,5
mn-128-2-1-6,n4754,128,2,1,6
mn-128-2-1-7,n4755,128,2,1,7
mn-128-2-1-8,n4756,128,2,1,8
mn-128-2-1-9,n4757,128,2,1,9
mn-128-2-1-10,n4758,128,2,1,10
mn-128-2-1-11,n4759,128,2,1,11
mn-128-2-1-12,n4760,128,2,1,12
mn-128-2-1-13,n4761,128,2,1,13
mn-128-2-1-14,n4762,128,2,1,14
mn-128-5-2-1,n4763,128,5,2,1
mn-128-5-2-2,n4764,128,5,2,2
mn-128-5-2-3,n4765,128,5,2,3
mn-128-5-2-4,n4766,128,5,2,4
mn-128-5-2-5,n4767,128,5,2,5
mn-128-5-2-6,n4768,128,5,2,6
mn-128-5-2-7,n4769,128,5,2,7
mn-128-5-2-8,n4770,128,5,2,8
mn-128-5-2-9,n4771,128,5,2,9
mn-128-5-2-10,n4772,128,5,2,10
mn-128-5-2-11,n4773,128,5,2,11
mn-128-5-2-12,n4774,128,5,2,12
mn-128-5-2-13,n4775,128,5,2,13
mn-128-5-2-14,n4776,128,5,2,14
mn-128-5-2-15,n4777,128,5,2,15
mn-128-5-2-16,n4778,128,5,2,16
mn-128-5-2-17,n4779,128,5,2,17
mn-128-5-2-18,n4780,128,5,2,18
mn-128-5-2-19,n4781,128,5,2,19
mn-128-5-2-20,n4782,128,5,2,20
mn-128-5-2-21,n4783,128,5,2,21
mn-128-5-2-22,n4784,128,5,2,22
mn-129-1-1-1,n4785,129,1,1,1
mn-129-1-1-2,n4786,129,1,1,2
mn-129-1-1-3,n4787,129,1,1,3
mn-129-1-1-4,n4788,129,1,1,4
mn-129-1-1-5,n4789,129,1,1,5
mn-129-1-1-6,n4790,129,1,1,6
mn-129-1-1-7,n4791,129,1,1,7
mn-129-1-1-8,n4792,129,1,1,8
mn-129-1-1-9,n4793,129,1,1,9
mn-129-1-1-10,n4794,129,1,1,10
mn-129-1-1-11,n4795,129,1,1,11
mn-129-1-1-12,n4796,129,1,1,12
mn-129-5-2-1,n4797,129,5,2,1
mn-129-5-2-2,n4798,129,5,2,2
mn-129-5-2-3,n4799,129,5,2,3
mn-129-5-2-4,n4800,129,5,2,4
mn-129-5-2-5,n4801,129,5,2,5
mn-129-5-2-6,n4802,129,5,2,6
mn-129-5-2-7,n4803,129,5,2,7
mn-129-6-2-1,n4804,129,6,2,1
mn-129-6-2-2,n4805,129,6,2,2
mn-129-6-2-3,n4806,129,6,2,3
mn-129-6-2-4,n4807,129,6,2,4
mn-129-7-2-1,n4808,129,7,2,1
mn-129-7-2-2,n4809,129,7,2,2
mn-130-1-1-1,n4810,130,1,1,1
mn-130-1-1-2,n4811,130,1,1,2
mn-130-1-1-3,n4812,130,1,1,3
mn-130-1-1-4,n4813,130,1,1,4
mn-130-1-1-5,n4814,130,1,1,5
mn-130-1-1-6,n4815,130,1,1,6
mn-130-1-1-7,n4816,130,1,1,7
mn-130-1-1-8,n4817,130,1,1,8
mn-130-1-1-9,n4818,130,1,1,9
mn-130-1-1-10,n4819,130,1,1,10
mn-130-1-1-11,n4820,130,1,1,11
mn-130-1-1-12,n4821,130,1,1,12
mn-130-2-1-1,n4822,130,2,1,1
mn-130-2-1-2,n4823,130,2,1,2
mn-130-2-1-3,n4824,130,2,1,3
mn-130-2-1-4,n4825,130,2,1,4
mn-130-5-2-1,n4826,130,5,2,1
mn-130-5-2-2,n4827,130,5,2,2
mn-130-5-2-3,n4828,130,5,2,3
mn-130-5-2-4,n4829,130,5,2,4
mn-130-5-2-5,n4830,130,5,2,5
mn-130-5-2-6,n4831,130,5,2,6
mn-130-6-2-1,n4832,130,6,2,1
mn-130-6-2-2,n4833,130,6,2,2
mn-130-6-2-3,n4834,130,6,2,3
mn-130-6-2-4,n4835,130,6,2,4
mn-130-7-2-1,n4836,130,7,2,1
mn-130-7-2-2,n4837,130,7,2,2
mn-130-7-2-3,n4838,130,7,2,3
mn-130-7-2-4,n4839,130,7,2,4
mn-131-1-1-1,n4840,131,1,1,1
mn-131-1-1-2,n4841,131,1,1,2
mn-131-1-1-3,n4842,131,1,1,3
mn-131-1-1-4,n4843,131,1,1,4
mn-131-1-1-5,n4844,131,1,1,5
mn-131-1-1-6,n4845,131,1,1,6
mn-131-1-1-7,n4846,131,1,1,7
mn-131-1-1-8,n4847,131,1,1,8
mn-131-1-1-9,n4848,131,1,1,9
mn-131-1-1-10,n4849,131,1,1,10
mn-131-1-1-11,n4850,131,1,1,11
mn-131-1-1-12,n4851,131,1,1,12
mn-131-5-2-1,n4852,131,5,2,1
mn-131-5-2-2,n4853,131,5,2,2
mn-131-5-2-3,n4854,131,5,2,3
mn-131-5-2-4,n4855,131,5,2,4
mn-131-5-2-5,n4856,131,5,2,5
mn-131-5-2-6,n4857,131,5,2,6
mn-131-6-2-1,n4858,131,6,2,1
mn-131-6-2-2,n4859,131,6,2,2
mn-131-6-2-3,n4860,131,6,2,3
mn-131-6-2-4,n4861,131,6,2,4
mn-131-7-2-1,n4862,131,7,2,1
mn-131-7-2-2,n4863,131,7,2,2
mn-131-7-2-3,n4864,131,7,2,3
mn-131-7-2-4,n4865,131,7,2,4
mn-132-1-1-1,n4866,132,1,1,1
mn-132-1-1-2,n4867,132,1,1,2
mn-132-1-1-3,n4868,132,1,1,3
mn-132-1-1-4,n4869,132,1,1,4
mn-132-1-1-5,n4870,132,1,1,5
mn-132-1-1-6,n4871,132,1,1,6
mn-132-1-1-7,n4872,132,1,1,7
mn-132-1-1-8,n4873,132,1,1,8
mn-132-1-1-9,n4874,132,1,1,9
mn-132-1-1-10,n4875,132,1,1,10
mn-132-1-1-11,n4876,132,1,1,11
mn-132-1-1-12,n4877,132,1,1,12
mn-132-5-2-1,n4878,132,5,2,1
mn-132-5-2-2,n4879,132,5,2,2
mn-132-5-2-3,n4880,132,5,2,3
mn-132-5-2-4,n4881,132,5,2,4
mn-132-5-2-5,n4882,132,5,2,5
mn-132-5-2-6,n4883,132,5,2,6
mn-132-5-2-7,n4884,132,5,2,7
mn-132-5-2-8,n4885,132,5,2,8
mn-132-5-2-9,n4886,132,5,2,9
mn-132-5-2-10,n4887,132,5,2,10
mn-132-5-2-11,n4888,132,5,2,11
mn-132-5-2-12,n4889,132,5,2,12
mn-132-6-2-1,n4890,132,6,2,1
mn-132-6-2-2,n4891,132,6,2,2
mn-132-6-2-3,n4892,132,6,2,3
mn-132-6-2-4,n4893,132,6,2,4
mn-132-6-2-5,n4894,132,6,2,5
mn-132-6-2-6,n4895,132,6,2,6
mn-132-7-2-1,n4896,132,7,2,1
mn-132-7-2-2,n4897,132,7,2,2
mn-132-7-2-3,n4898,132,7,2,3
mn-132-7-2-4,n4899,132,7,2,4
mn-133-1-1-1,n4900,133,1,1,1
mn-133-1-1-2,n4901,133,1,1,2
mn-133-1-1-3,n4902,133,1,1,3
mn-133-1-1-4,n4903,133,1,1,4
mn-133-1-1-5,n4904,133,1,1,5
mn-133-1-1-6,n4905,133,1,1,6
mn-133-1-1-7,n4906,133,1,1,7
mn-133-1-1-8,n4907,133,1,1,8
mn-133-1-1-9,n4908,133,1,1,9
mn-133-1-1-10,n4909,133,1,1,10
mn-133-1-1-11,n4910,133,1,1,11
mn-133-1-1-12,r21,133,1,1,12
mn-133-1-1-13,n4911,133,1,1,13
mn-133-2-1-1,n4912,133,2,1,1
mn-133-2-1-2,n4913,133,2,1,2
mn-133-2-1-3,n4914,133,2,1,3
mn-133-2-1-4,n4915,133,2,1,4
mn-133-5-2-1,n4916,133,5,2,1
mn-133-5-2-2,n4917,133,5,2,2
mn-133-5-2-3,n4918,133,5,2,3
mn-133-5-2-4,n4919,133,5,2,4
mn-133-6-2-1,n4920,133,6,2,1
mn-133-6-2-2,n4921,133,6,2,2
mn-133-6-2-3,n4922,133,6,2,3
mn-133-6-2-4,n4923,133,6,2,4
mn-133-6-2-5,n4924,133,6,2,5
mn-133-7-2-1,n4925,133,7,2,1
mn-133-7-2-2,n4926,133,7,2,2
mn-133-7-2-3,n4927,133,7,2,3
mn-133-7-2-4,n4928,133,7,2,4
mn-133-7-2-5,n4929,133,7,2,5
mn-133-7-2-6,n4930,133,7,2,6
mn-134-1-1-1,n4931,134,1,1,1
mn-134-1-1-2,n4932,134,1,1,2
mn-134-1-1-3,n4933,134,1,1,3
mn-134-1-1-4,n4934,134,1,1,4
mn-134-1-1-5,n4935,134,1,1,5
mn-134-1-1-6,n4936,134,1,1,6
mn-134-1-1-7,n4937,134,1,1,7
mn-134-1-1-8,n4938,134,1,1,8
mn-134-1-1-9,n4939,134,1,1,9
mn-134-1-1-10,n4940,134,1,1,10
mn-134-1-1-11,n4941,134,1,1,11
mn-134-1-1-12,n4942,134,1,1,12
mn-134-2-1-1,n4943,134,2,1,1
mn-134-2-1-2,n4944,134,2,1,2
mn-134-2-1-3,n4945,134,2,1,3
mn-134-2-1-4,n4946,134,2,1,4
mn-134-5-2-1,n4947,134,5,2,1
mn-134-5-2-2,n4948,134,5,2,2
mn-134-5-2-3,n4949,134,5,2,3
mn-134-5-2-4,n4950,134,5,2,4
mn-134-5-2-5,n4951,134,5,2,5
mn-134-5-2-6,n4952,134,5,2,6
mn-134-5-2-7,n4953,134,5,2,7
mn-134-5-2-8,n4954,134,5,2,8
mn-134-5-2-9,n4955,134,5,2,9
mn-134-5-2-10,n4956,134,5,2,10
mn-134-5-2-11,n4957,134,5,2,11
mn-134-6-2-1,n4958,134,6,2,1
mn-134-6-2-2,n4959,134,6,2,2
mn-134-6-2-3,n4960,134,6,2,3
mn-134-6-2-4,n4961,134,6,2,4
mn-134-7-2-1,n4962,134,7,2,1
mn-134-7-2-2,n4963,134,7,2,2
mn-134-7-2-3,n4964,134,7,2,3
mn-134-7-2-4,n4965,134,7,2,4
mn-135-1-1-1,n4966,135,1,1,1
mn-135-1-1-2,n4967,135,1,1,2
mn-135-1-1-3,n4968,135,1,1,3
mn-135-1-1-4,n4969,135,1,1,4
mn-135-1-1-5,n4970,135,1,1,5
mn-135-1-1-6,n4971,135,1,1,6
mn-135-1-1-7,n4972,135,1,1,7
mn-135-1-1-8,n4973,135,1,1,8
mn-135-1-1-9,n4974,135,1,1,9
mn-135-1-1-10,n4975,135,1,1,10
mn-135-1-1-11,n4976,135,1,1,11
mn-135-1-1-12,n4977,135,1,1,12
mn-135-5-2-1,n4978,135,5,2,1
mn-135-5-2-2,n4979,135,5,2,2
mn-135-5-2-3,n4980,135,5,2,3
mn-135-5-2-4,n4981,135,5,2,4
mn-135-6-2-1,r22,135,6,2,1
mn-135-6-2-2,n4982,135,6,2,2
mn-135-6-2-3,n4983,135,6,2,3
mn-135-6-2-4,n4984,135,6,2,4
mn-135-6-2-5,n4985,135,6,2,5
mn-135-7-2-1,n4986,135,7,2,1
mn-135-7-2-2,n4987,135,7,2,2
mn-135-7-2-3,n4988,135,7,2,3
mn-135-7-2-4,n4989,135,7,2,4
mn-135-7-2-5,n4990,135,7,2,5
mn-135-7-2-6,n4991,135,7,2,6
mn-136-1-1-1,n4992,136,1,1,1
mn-136-1-1-2,n4993,136,1,1,2
mn-136-1-1-3,n4994,136,1,1,3
mn-136-1-1-4,n4995,136,1,1,4
mn-136-1-1-5,n4996,136,1,1,5
mn-136-1-1-6,n4997,136,1,1,6
mn-136-1-1-7,n4998,136,1,1,7
mn-136-2-1-1,n4999,136,2,1,1
mn-136-2-1-2,n5000,136,2,1,2
mn-136-2-1-3,n5001,136,2,1,3
mn-136-2-1-4,n5002,136,2,1,4
mn-136-2-1-5,n5003,136,2,1,5
mn-136-2-1-6,n5004,136,2,1,6
mn-136-2-1-7,n5005,136,2,1,7
mn-136-2-1-8,n5006,136,2,1,8
mn-136-2-1-9,n5007,136,2,1,9
mn-136-2-1-10,n5008,136,2,1,10
mn-136-2-1-11,n5009,136,2,1,11
mn-136-2-1-12,n5010,136,2,1,12
mn-136-2-1-13,n5011,136,2,1,13
mn-136-2-1-14,n5012,136,2,1,14
mn-136-2-1-15,n5013,136,2,1,15
mn-136-2-1-16,n5014,136,2,1,16
mn-136-2-1-17,n5015,136,2,1,17
mn-136-2-1-18,n5016,136,2,1,18
mn-136-2-1-19,n5017,136,2,1,19
mn-136-2-1-20,n5018,136,2,1,20
mn-136-2-1-21,n5019,136,2,1,21
mn-136-2-1-22,n5020,136,2,1,22
mn-136-2-1-23,n5021,136,2,1,23
mn-136-2-1-24,n5022,136,2,1,24
mn-136-5-2-1,n5023,136,5,2,1
mn-136-5-2-2,n5024,136,5,2,2
mn-136-5-2-3,n5025,136,5,2,3
mn-136-5-2-4,n5026,136,5,2,4
mn-136-6-2-1,n5027,136,6,2,1
mn-136-6-2-2,n5028,136,6,2,2
mn-136-6-2-3,n5029,136,6,2,3
mn-136-6-2-4,n5030,136,6,2,4
mn-136-6-2-5,n5031,136,6,2,5
mn-136-6-2-6,n5032,136,6,2,6
mn-136-6-2-7,n5033,136,6,2,7
mn-136-6-2-8,n5034,136,6,2,8
mn-136-6-2-9,n5035,136,6,2,9
mn-136-6-2-10,n5036,136,6,2,10
mn-136-6-2-11,n5037,136,6,2,11
mn-136-6-2-12,n5038,136,6,2,12
mn-136-7-2-1,n5039,136,7,2,1
mn-136-7-2-2,n5040,136,7,2,2
mn-136-7-2-3,n5041,136,7,2,3
mn-136-7-2-4,n5042,136,7,2,4
mn-136-7-2-5,n5043,136,7,2,5
mn-136-7-2-6,n5044,136,7,2,6
mn-136-7-2-7,n5045,136,7,2,7
mn-136-7-2-8,n5046,136,7,2,8
mn-136-7-2-9,n5047,136,7,2,9
mn-137-1-1-1,n5048,137,1,1,1
mn-137-1-1-2,n5049,137,1,1,2
mn-137-1-1-3,n5050,137,1,1,3
mn-137-1-1-4,n5051,137,1,1,4
mn-137-1-1-5,n5052,137,1,1,5
mn-137-1-1-6,n5053,137,1,1,6
mn-137-1-1-7,n5054,137,1,1,7
mn-137-1-1-8,n5055,137,1,1,8
mn-137-1-1-9,n5056,137,1,1,9
mn-137-1-1-10,n5057,137,1,1,10
mn-137-1-1-11,n5058,137,1,1,11
mn-137-1-1-12,n5059,137,1,1,12
mn-137-5-2-1,n5060,137,5,2,1
mn-137-5-2-2,n5061,137,5,2,2
mn-137-5-2-3,n5062,137,5,2,3
mn-137-5-2-4,n5063,137,5,2,4
mn-137-5-2-5,n5064,137,5,2,5
mn-137-5-2-6,n5065,137,5,2,6
mn-137-5-2-7,n5066,137,5,2,7
mn-137-5-2-8,n5067,137,5,2,8
mn-137-5-2-9,n5068,137,5,2,9
mn-137-6-2-1,n5069,137,6,2,1
mn-137-6-2-2,n5070,137,6,2,2
mn-137-7-2-1,n5071,137,7,2,1
mn-137-7-2-2,n5072,137,7,2,2
mn-138-1-1-1,n5073,138,1,1,1
mn-138-1-1-2,n5074,138,1,1,2
mn-138-1-1-3,n5075,138,1,1,3
mn-138-1-1-4,n5076,138,1,1,4
mn-138-1-1-5,n5077,138,1,1,5
mn-138-1-1-6,n5078,138,1,1,6
mn-138-1-1-7,n5079,138,1,1,7
mn-138-1-1-8,n5080,138,1,1,8
mn-138-1-1-9,n5081,138,1,1,9
mn-138-1-1-10,n5082,138,1,1,10
mn-138-1-1-11,n5083,138,1,1,11
mn-138-1-1-12,n5084,138,1,1,12
mn-138-2-1-1,n5085,138,2,1,1
mn-138-2-1-2,n5086,138,2,1,2
mn-138-2-1-3,n5087,138,2,1,3
mn-138-2-1-4,n5088,138,2,1,4
mn-138-5-2-1,n5089,138,5,2,1
mn-138-5-2-2,n5090,138,5,2,2
mn-138-5-2-3,n5091,138,5,2,3
mn-138-5-2-4,n5092,138,5,2,4
mn-138-5-2-5,n5093,138,5,2,5
mn-138-5-2-6,n5094,138,5,2,6
mn-138-5-2-7,n5095,138,5,2,7
mn-138-5-2-8,n5096,138,5,2,8
mn-138-5-2-9,n5097,138,5,2,9
mn-138-5-2-10,n5098,138,5,2,10
mn-138-5-2-11,n5099,138,5,2,11
mn-138-6-2-1,n5100,138,6,2,1
mn-138-6-2-2,n5101,138,6,2,2
mn-138-6-2-3,n5102,138,6,2,3
mn-138-6-2-4,n5103,138,6,2,4
mn-138-7-2-1,n5104,138,7,2,1
mn-138-7-2-2,n5105,138,7,2,2
mn-138-7-2-3,n5106,138,7,2,3
mn-138-7-2-4,n5107,138,7,2,4
mn-139-1-1-1,n5108,139,1,1,1
mn-139-1-1-2,n5109,139,1,1,2
mn-139-1-1-3,n5110,139,1,1,3
mn-139-1-1-4,n5111,139,1,1,4
mn-139-1-1-5,n5112,139,1,1,5
mn-139-1-1-6,n5113,139,1,1,6
mn-139-1-1-7,n5114,139,1,1,7
mn-139-1-1-8,n5115,139,1,1,8
mn-139-1-1-9,n5116,139,1,1,9
mn-139-1-1-10,n5117,139,1,1,10
mn-139-1-1-11,n5118,139,1,1,11
mn-139-1-1-12,n5119,139,1,1,12
mn-139-5-2-1,n5120,139,5,2,1
mn-139-5-2-2,n5121,139,5,2,2
mn-139-5-2-3,n5122,139,5,2,3
mn-139-5-2-4,n5123,139,5,2,4
mn-139-6-2-1,r23,139,6,2,1
mn-139-6-2-2,n5124,139,6,2,2
mn-139-6-2-3,n5125,139,6,2,3
mn-139-6-2-4,n5126,139,6,2,4
mn-139-6-2-5,n5127,139,6,2,5
mn-139-7-2-1,n5128,139,7,2,1
mn-139-7-2-2,n5129,139,7,2,2
mn-139-7-2-3,n5130,139,7,2,3
mn-139-7-2-4,n5131,139,7,2,4
mn-139-7-2-5,n5132,139,7,2,5
mn-139-7-2-6,n5133,139,7,2,6
mn-140-1-1-1,n5134,140,1,1,1
mn-140-1-1-2,n5135,140,1,1,2
mn-140-1-1-3,n5136,140,1,1,3
mn-140-1-1-4,n5137,140,1,1,4
mn-140-1-1-5,n5138,140,1,1,5
mn-140-1-1-6,n5139,140,1,1,6
mn-140-1-1-7,n5140,140,1,1,7
mn-140-1-1-8,n5141,140,1,1,8
mn-140-1-1-9,n5142,140,1,1,9
mn-140-1-1-10,n5143,140,1,1,10
mn-140-1-1-11,n5144,140,1,1,11
mn-140-1-1-12,n5145,140,1,1,12
mn-140-1-1-13,n5146,140,1,1,13
mn-140-1-1-14,n5147,140,1,1,14
mn-140-1-1-15,n5148,140,1,1,15
mn-140-1-1-16,n5149,140,1,1,16
mn-140-1-1-17,n5150,140,1,1,17
mn-140-1-1-18,n5151,140,1,1,18
mn-140-5-2-1,n5152,140,5,2,1
mn-140-5-2-2,n5153,140,5,2,2
mn-140-5-2-3,n5154,140,5,2,3
mn-140-5-2-4,n5155,140,5,2,4
mn-140-5-2-5,n5156,140,5,2,5
mn-140-5-2-6,n5157,140,5,2,6
mn-140-5-2-7,n5158,140,5,2,7
mn-140-5-2-8,n5159,140,5,2,8
mn-140-5-2-9,n5160,140,5,2,9
mn-140-5-2-10,n5161,140,5,2,10
mn-140-5-2-11,n5162,140,5,2,11
mn-140-5-2-12,n5163,140,5,2,12
mn-140-6-2-1,n5164,140,6,2,1
mn-140-6-2-2,n5165,140,6,2,2
mn-140-6-2-3,n5166,140,6,2,3
mn-140-6-2-4,n5167,140,6,2,4
mn-140-6-2-5,n5168,140,6,2,5
mn-140-6-2-6,n5169,140,6,2,6
mn-140-7-2-1,n5170,140,7,2,1
mn-140-7-2-2,n5171,140,7,2,2
mn-140-7-2-3,n5172,140,7,2,3
mn-140-7-2-4,n5173,140,7,2,4
mn-141-1-1-1,n5174,141,1,1,1
mn-141-1-1-2,n5175,141,1,1,2
mn-141-1-1-3,n5176,141,1,1,3
mn-141-1-1-4,n5177,141,1,1,4
mn-141-1-1-5,n5178,141,1,1,5
mn-141-1-1-6,n5179,141,1,1,6
mn-141-1-1-7,n5180,141,1,1,7
mn-141-1-1-8,n5181,141,1,1,8
mn-141-1-1-9,n5182,141,1,1,9
mn-141-1-1-10,n5183,141,1,1,10
mn-141-1-1-11,r24,141,1,1,11
mn-141-1-1-12,n5184,141,1,1,12
mn-141-2-1-1,n5185,141,2,1,1
mn-141-2-1-2,n5186,141,2,1,2
mn-141-2-1-3,n5187,141,2,1,3
mn-141-2-1-4,n5188,141,2,1,4
mn-141-5-2-1,n5189,141,5,2,1
mn-141-5-2-2,n5190,141,5,2,2
mn-141-5-2-3,n5191,141,5,2,3
mn-141-5-2-4,n5192,141,5,2,4
mn-141-6-2-1,r25,141,6,2,1
mn-141-6-2-2,n5193,141,6,2,2
mn-141-6-2-3,n5194,141,6,2,3
mn-141-6-2-4,n5195,141,6,2,4
mn-141-6-2-5,n5196,141,6,2,5
mn-141-7-2-1,n5197,141,7,2,1
mn-141-7-2-2,n5198,141,7,2,2
mn-141-7-2-3,n5199,141,7,2,3
mn-141-7-2-4,n5200,141,7,2,4
mn-141-7-2-5,n5201,141,7,2,5
mn-141-7-2-6,n5202,141,7,2,6
mn-142-1-1-1,n5203,142,1,1,1
mn-142-1-1-2,n5204,142,1,1,2
mn-142-1-1-3,n5205,142,1,1,3
mn-142-1-1-4,n5206,142,1,1,4
mn-142-1-1-5,n5207,142,1,1,5
mn-142-1-1-6,n5208,142,1,1,6
mn-142-1-1-7,n5209,142,1,1,7
mn-142-1-1-8,n5210,142,1,1,8
mn-142-1-1-9,n5211,142,1,1,9
mn-142-1-1-10,n5212,142,1,1,10
mn-142-1-1-11,n5213,142,1,1,11
mn-142-1-1-12,n5214,142,1,1,12
mn-142-2-1-1,n5215,142,2,1,1
mn-142-2-1-2,n5216,142,2,1,2
mn-142-2-1-3,n5217,142,2,1,3
mn-142-2-1-4,n5218,142,2,1,4
mn-142-5-2-1,n5219,142,5,2,1
mn-142-5-2-2,n5220,142,5,2,2
mn-142-5-2-3,n5221,142,5,2,3
mn-142-5-2-4,n5222,142,5,2,4
mn-142-5-2-5,n5223,142,5,2,5
mn-142-5-2-6,n5224,142,5,2,6
mn-142-5-2-7,n5225,142,5,2,7
mn-142-5-2-8,n5226,142,5,2,8
mn-142-5-2-9,n5227,142,5,2,9
mn-142-5-2-10,n5228,142,5,2,10
mn-142-5-2-11,n5229,142,5,2,11
mn-142-6-2-1,n5230,142,6,2,1
mn-142-6-2-2,n5231,142,6,2,2
mn-142-6-2-3,n5232,142,6,2,3
mn-142-6-2-4,n5233,142,6,2,4
mn-142-7-2-1,n5234,142,7,2,1
mn-142-7-2-2,n5235,142,7,2,2
mn-142-7-2-3,n5236,142,7,2,3
mn-142-7-2-4,n5237,142,7,2,4
mn-143-1-1-1,n5238,143,1,1,1
mn-143-1-1-2,n5239,143,1,1,2
mn-143-1-1-3,n5240,143,1,1,3
mn-143-2-1-1,n5241,143,2,1,1
mn-143-2-1-2,n5242,143,2,1,2
mn-143-2-1-3,n5243,143,2,1,3
mn-143-2-1-4,n5244,143,2,1,4
mn-143-2-1-5,n5245,143,2,1,5
mn-143-2-1-6,n5246,143,2,1,6
mn-143-2-1-7,n5247,143,2,1,7
mn-143-2-1-8,n5248,143,2,1,8
mn-143-2-1-9,n5249,143,2,1,9
mn-143-2-1-10,n5250,143,2,1,10
mn-143-2-1-11,n5251,143,2,1,11
mn-143-2-1-12,n5252,143,2,1,12
mn-143-5-2-1,n5253,143,5,2,1
mn-143-5-2-2,n5254,143,5,2,2
mn-143-5-2-3,n5255,143,5,2,3
mn-143-5-2-4,n5256,143,5,2,4
mn-143-5-2-5,n5257,143,5,2,5
mn-143-5-2-6,n5258,143,5,2,6
mn-143-5-2-7,n5259,143,5,2,7
mn-143-5-2-8,n5260,143,5,2,8
mn-143-5-2-9,n5261,143,5,2,9
mn-143-6-2-1,n5262,143,6,2,1
mn-143-6-2-2,n5263,143,6,2,2
mn-143-7-2-1,n5264,143,7,2,1
mn-143-7-2-2,n5265,143,7,2,2
mn-144-1-1-1,n5266,144,1,1,1
mn-144-1-1-2,n5267,144,1,1,2
mn-144-2-1-1,n5268,144,2,1,1
mn-144-2-1-2,n5269,144,2,1,2
mn-144-2-1-3,n5270,144,2,1,3
mn-144-2-1-4,n5271,144,2,1,4
mn-144-2-1-5,n5272,144,2,1,5
mn-144-2-1-6,n5273,144,2,1,6
mn-144-2-1-7,n5274,144,2,1,7
mn-144-2-1-8,n5275,144,2,1,8
mn-144-2-1-9,n5276,144,2,1,9
mn-144-2-1-10,n5277,144,2,1,10
mn-144-2-1-11,n5278,144,2,1,11
mn-144-2-1-12,n5279,144,2,1,12
mn-144-2-1-13,n5280,144,2,1,13
mn-144-5-2-1,n5281,144,5,2,1
mn-144-5-2-2,n5282,144,5,2,2
mn-144-5-2-3,n5283,144,5,2,3
mn-144-5-2-4,n5284,144,5,2,4
mn-144-5-2-5,n5285,144,5,2,5
mn-144-5-2-6,n5286,144,5,2,6
mn-144-5-2-7,n5287,144,5,2,7
mn-144-5-2-8,n5288,144,5,2,8
mn-144-6-2-1,n5289,144,6,2,1
mn-144-6-2-2,n5290,144,6,2,2
mn-145-1-1-1,n5291,145,1,1,1
mn-145-1-1-2,n5292,145,1,1,2
mn-145-1-1-3,n5293,145,1,1,3
mn-145-2-1-1,n5294,145,2,1,1
mn-145-2-1-2,n5295,145,2,1,2
mn-145-2-1-3,n5296,145,2,1,3
mn-145-2-1-4,n5297,145,2,1,4
mn-145-2-1-5,n5298,145,2,1,5
mn-145-2-1-6,n5299,145,2,1,6
mn-145-2-1-7,n5300,145,2,1,7
mn-145-2-1-8,n5301,145,2,1,8
mn-145-2-1-9,n5302,145,2,1,9
mn-145-2-1-10,n5303,145,2,1,10
mn-145-2-1-11,n5304,145,2,1,11
mn-145-2-1-12,n5305,145,2,1,12
mn-145-5-2-1,n5306,145,5,2,1
mn-145-5-2-2,n5307,145,5,2,2
mn-145-5-2-3,n5308,145,5,2,3
mn-145-5-2-4,n5309,145,5,2,4
mn-145-5-2-5,n5310,145,5,2,5
mn-145-5-2-6,n5311,145,5,2,6
mn-145-5-2-7,n5312,145,5,2,7
mn-145-5-2-8,n5313,145,5,2,8
mn-145-5-2-9,n5314,145,5,2,9
mn-145-6-2-1,n5315,145,6,2,1
mn-145-6-2-2,n5316,145,6,2,2
mn-145-7-2-1,n5317,145,7,2,1
mn-145-7-2-2,n5318,145,7,2,2
mn-146-1-1-1,n5319,146,1,1,1
mn-146-1-1-2,n5320,146,1,1,2
mn-146-2-1-1,n5321,146,2,1,1
mn-146-2-1-2,n5322,146,2,1,2
mn-146-2-1-3,n5323,146,2,1,3
mn-146-2-1-4,n5324,146,2,1,4
mn-146-2-1-5,n5325,146,2,1,5
mn-146-2-1-6,n5326,146,2,1,6
mn-146-2-1-7,n5327,146,2,1,7
mn-146-2-1-8,n5328,146,2,1,8
mn-146-2-1-9,n5329,146,2,1,9
mn-146-2-1-10,n5330,146,2,1,10
mn-146-2-1-11,n5331,146,2,1,11
mn-146-2-1-12,n5332,146,2,1,12
mn-146-5-2-1,n5333,146,5,2,1
mn-146-5-2-2,n5334,146,5,2,2
mn-146-5-2-3,n5335,146,5,2,3
mn-146-5-2-4,n5336,146,5,2,4
mn-146-5-2-5,n5337,146,5,2,5
mn-146-5-2-6,n5338,146,5,2,6
mn-146-5-2-7,n5339,146,5,2,7
mn-146-5-2-8,n5340,146,5,2,8
mn-146-6-2-1,n5341,146,6,2,1
mn-146-6-2-2,n5342,146,6,2,2
mn-147-1-1-1,n5343,147,1,1,1
mn-147-1-1-2,n5344,147,1,1,2
mn-147-1-1-3,n5345,147,1,1,3
mn-147-2-1-1,n5346,147,2,1,1
mn-147-2-1-2,n5347,147,2,1,2
mn-147-2-1-3,n5348,147,2,1,3
mn-147-2-1-4,n5349,147,2,1,4
mn-147-2-1-5,n5350,147,2,1,5
mn-147-2-1-6,n5351,147,2,1,6
mn-147-2-1-7,n5352,147,2,1,7
mn-147-2-1-8,n5353,147,2,1,8
mn-147-2-1-9,n5354,147,2,1,9
mn-147-2-1-10,n5355,147,2,1,10
mn-147-2-1-11,n5356,147,2,1,11
mn-147-2-1-12,n5357,147,2,1,12
mn-147-5-2-1,n5358,147,5,2,1
mn-147-5-2-2,n5359,147,5,2,2
mn-147-5-2-3,n5360,147,5,2,3
mn-147-5-2-4,n5361,147,5,2,4
mn-147-5-2-5,n5362,147,5,2,5
mn-147-5-2-6,n5363,147,5,2,6
mn-147-5-2-7,n5364,147,5,2,7
mn-147-5-2-8,n5365,147,5,2,8
mn-147-5-2-9,n5366,147,5,2,9
mn-147-6-2-1,n5367,147,6,2,1
mn-147-6-2-2,n5368,147,6,2,2
mn-147-7-2-1,n5369,147,7,2,1
mn-147-7-2-2,n5370,147,7,2,2
mn-148-1-1-1,n5371,148,1,1,1
mn-148-1-1-2,n5372,148,1,1,2
mn-148-1-1-3,n5373,148,1,1,3
mn-148-2-1-1,n5374,148,2,1,1
mn-148-2-1-2,n5375,148,2,1,2
mn-148-2-1-3,n5376,148,2,1,3
mn-148-2-1-4,n5377,148,2,1,4
mn-148-2-1-5,n5378,148,2,1,5
mn-148-2-1-6,n5379,148,2,1,6
mn-148-2-1-7,n5380,148,2,1,7
mn-148-2-1-8,n5381,148,2,1,8
mn-148-2-1-9,n5382,148,2,1,9
mn-148-2-1-10,n5383,148,2,1,10
mn-148-2-1-11,n5384,148,2,1,11
mn-148-2-1-12,n5385,148,2,1,12
mn-148-5-2-1,n5386,148,5,2,1
mn-148-5-2-2,n5387,148,5,2,2
mn-148-5-2-3,n5388,148,5,2,3
mn-148-5-2-4,n5389,148,5,2,4
mn-148-6-2-1,r26,148,6,2,1
mn-148-6-2-2,n5390,148,6,2,2
mn-148-6-2-3,n5391,148,6,2,3
mn-148-6-2-4,n5392,148,6,2,4
mn-148-6-2-5,n5393,148,6,2,5
mn-148-7-2-1,n5394,148,7,2,1
mn-148-7-2-2,n5395,148,7,2,2
mn-148-7-2-3,n5396,148,7,2,3
mn-148-7-2-4,n5397,148,7,2,4
mn-148-7-2-5,n5398,148,7,2,5
mn-148-7-2-6,n5399,148,7,2,6
mn-149-1-1-1,n5400,149,1,1,1
mn-149-1-1-2,n5401,149,1,1,2
mn-149-1-1-3,n5402,149,1,1,3
mn-149-2-1-1,n5403,149,2,1,1
mn-149-2-1-2,n5404,149,2,1,2
mn-149-2-1-3,n5405,149,2,1,3
mn-149-2-1-4,n5406,149,2,1,4
mn-149-2-1-5,n5407,149,2,1,5
mn-149-2-1-6,n5408,149,2,1,6
mn-149-2-1-7,n5409,149,2,1,7
mn-149-2-1-8,n5410,149,2,1,8
mn-149-2-1-9,n5411,149,2,1,9
mn-149-2-1-10,n5412,149,2,1,10
mn-149-2-1-11,n5413,149,2,1,11
mn-149-2-1-12,n5414,149,2,1,12
mn-149-5-2-1,n5415,149,5,2,1
mn-149-5-2-2,n5416,149,5,2,2
mn-149-5-2-3,n5417,149,5,2,3
mn-149-6-2-1,r27,149,6,2,1
mn-149-6-2-2,n5418,149,6,2,2
mn-149-6-2-3,n5419,149,6,2,3
mn-149-6-2-4,n5420,149,6,2,4
mn-149-6-2-5,n5421,149,6,2,5
mn-149-7-2-1,n5422,149,7,2,1
mn-149-7-2-2,n5423,149,7,2,2
mn-149-7-2-3,n5424,149,7,2,3
mn-149-7-2-4,n5425,149,7,2,4
mn-149-7-2-5,n5426,149,7,2,5
mn-149-7-2-6,n5427,149,7,2,6
mn-150-1-1-1,n5428,150,1,1,1
mn-150-1-1-2,n5429,150,1,1,2
mn-150-1-1-3,n5430,150,1,1,3
mn-150-2-1-1,n5431,150,2,1,1
mn-150-2-1-2,n5432,150,2,1,2
mn-150-2-1-3,n5433,150,2,1,3
mn-150-2-1-4,n5434,150,2,1,4
mn-150-2-1-5,n5435,150,2,1,5
mn-150-2-1-6,n5436,150,2,1,6
mn-150-2-1-7,n5437,150,2,1,7
mn-150-2-1-8,n5438,150,2,1,8
mn-150-2-1-9,n5439,150,2,1,9
mn-150-2-1-10,n5440,150,2,1,10
mn-150-2-1-11,n5441,150,2,1,11
mn-150-2-1-12,n5442,150,2,1,12
mn-150-5-2-1,n5443,150,5,2,1
mn-150-5-2-2,n5444,150,5,2,2
mn-150-5-2-3,n5445,150,5,2,3
mn-150-5-2-4,n5446,150,5,2,4
mn-150-6-2-1,r28,150,6,2,1
mn-150-6-2-2,n5447,150,6,2,2
mn-150-6-2-3,n5448,150,6,2,3
mn-150-6-2-4,n5449,150,6,2,4
mn-150-6-2-5,n5450,150,6,2,5
mn-150-7-2-1,n5451,150,7,2,1
mn-150-7-2-2,n5452,150,7,2,2
mn-150-7-2-3,n5453,150,7,2,3
mn-150-7-2-4,n5454,150,7,2,4
mn-150-7-2-5,n5455,150,7,2,5
mn-150-7-2-6,n5456,150,7,2,6
mn-151-1-1-1,n5457,151,1,1,1
mn-151-1-1-2,n5458,151,1,1,2
mn-151-2-1-1,n5459,151,2,1,1
mn-151-2-1-2,n5460,151,2,1,2
mn-151-2-1-3,n5461,151,2,1,3
mn-151-2-1-4,n5462,151,2,1,4
mn-151-2-1-5,n5463,151,2,1,5
mn-151-2-1-6,n5464,151,2,1,6
mn-151-2-1-7,n5465,151,2,1,7
mn-151-2-1-8,n5466,151,2,1,8
mn-151-2-1-9,n5467,151,2,1,9
mn-151-2-1-10,n5468,151,2,1,10
mn-151-2-1-11,n5469,151,2,1,11
mn-151-2-1-12,n5470,151,2,1,12
mn-151-5-2-1,n5471,151,5,2,1
mn-151-5-2-2,n5472,151,5,2,2
mn-151-5-2-3,n5473,151,5,2,3
mn-151-5-2-4,n5474,151,5,2,4
mn-151-5-2-5,n5475,151,5,2,5
mn-151-5-2-6,n5476,151,5,2,6
mn-151-5-2-7,n5477,151,5,2,7
mn-151-5-2-8,n5478,151,5,2,8
mn-151-5-2-9,n5479,151,5,2,9
mn-151-5-2-10,n5480,151,5,2,10
mn-151-7-2-1,n5481,151,7,2,1
mn-151-7-2-2,n5482,151,7,2,2
mn-151-7-2-3,n5483,151,7,2,3
mn-152-1-1-1,n5484,152,1,1,1
mn-152-1-1-2,n5485,152,1,1,2
mn-152-1-1-3,n5486,152,1,1,3
mn-152-1-1-4,n5487,152,1,1,4
mn-152-1-1-5,r29,152,1,1,5
mn-152-1-1-6,n5488,152,1,1,6
mn-152-1-1-7,n5489,152,1,1,7
mn-152-1-1-8,n5490,152,1,1,8
mn-152-2-1-1,n5491,152,2,1,1
mn-152-2-1-2,n5492,152,2,1,2
mn-152-2-1-3,n5493,152,2,1,3
mn-152-2-1-4,n5494,152,2,1,4
mn-152-2-1-5,n5495,152,2,1,5
mn-152-2-1-6,n5496,152,2,1,6
mn-152-5-2-1,n5497,152,5,2,1
mn-152-5-2-2,n5498,152,5,2,2
mn-152-5-2-3,n5499,152,5,2,3
mn-152-5-2-4,n5500,152,5,2,4
mn-152-5-2-5,n5501,152,5,2,5
mn-152-5-2-6,n5502,152,5,2,6
mn-152-5-2-7,n5503,152,5,2,7
mn-152-5-2-8,n5504,152,5,2,8
mn-152-6-2-1,n5505,152,6,2,1
mn-152-6-2-2,n5506,152,6,2,2
mn-152-6-2-3,n5507,152,6,2,3
mn-152-6-2-4,n5508,152,6,2,4
mn-152-6-2-5,n5509,152,6,2,5
mn-152-6-2-6,n5510,152,6,2,6
mn-153-1-1-1,n5511,153,1,1,1
mn-153-1-1-2,n5512,153,1,1,2
mn-153-1-1-3,n5513,153,1,1,3
mn-153-1-1-4,n5514,153,1,1,4
mn-153-1-1-5,n5515,153,1,1,5
mn-153-1-1-6,n5516,153,1,1,6
mn-153-1-1-7,n5517,153,1,1,7
mn-153-1-1-8,n5518,153,1,1,8
mn-153-1-1-9,n5519,153,1,1,9
mn-153-1-1-10,n5520,153,1,1,10
mn-153-1-1-11,n5521,153,1,1,11
mn-153-1-1-12,n5522,153,1,1,12
mn-153-2-1-1,n5523,153,2,1,1
mn-153-2-1-2,n5524,153,2,1,2
mn-153-2-1-3,n5525,153,2,1,3
mn-153-2-1-4,n5526,153,2,1,4
mn-153-4-1-1,n5527,153,4,1,1
mn-153-4-1-2,n5528,153,4,1,2
mn-153-4-1-3,n5529,153,4,1,3
mn-153-4-1-4,n5530,153,4,1,4
mn-153-5-2-1,n5531,153,5,2,1
mn-153-5-2-2,n5532,153,5,2,2
mn-153-5-2-3,n5533,153,5,2,3
mn-153-5-2-4,n5534,153,5,2,4
mn-153-5-2-5,n5535,153,5,2,5
mn-153-5-2-6,n5536,153,5,2,6
mn-153-5-2-7,n5537,153,5,2,7
mn-153-5-2-8,n5538,153,5,2,8
mn-153-5-2-9,n5539,153,5,2,9
mn-153-5-2-10,n5540,153,5,2,10
mn-153-5-2-11,n5541,153,5,2,11
mn-153-5-2-12,n5542,153,5,2,12
mn-153-6-2-1,n5543,153,6,2,1
mn-153-6-2-2,n5544,153,6,2,2
mn-153-6-2-3,n5545,153,6,2,3
mn-153-6-2-4,n5546,153,6,2,4
mn-153-7-2-1,n5547,153,7,2,1
mn-153-7-2-2,n5548,153,7,2,2
mn-153-7-2-3,n5549,153,7,2,3
mn-153-7-2-4,n5550,153,7,2,4
mn-154-1-1-1,n5551,154,1,1,1
mn-154-1-1-2,n5552,154,1,1,2
mn-154-1-1-3,n5553,154,1,1,3
mn-154-1-1-4,n5554,154,1,1,4
mn-154-1-1-5,n5555,154,1,1,5
mn-154-1-1-6,n5556,154,1,1,6
mn-154-1-1-7,n5557,154,1,1,7
mn-154-1-1-8,n5558,154,1,1,8
mn-154-1-1-9,n5559,154,1,1,9
mn-154-1-1-10,n5560,154,1,1,10
mn-154-1-1-11,n5561,154,1,1,11
mn-154-1-1-12,n5562,154,1,1,12
mn-154-2-1-1,n5563,154,2,1,1
mn-154-2-1-2,n5564,154,2,1,2
mn-154-2-1-3,n5565,154,2,1,3
mn-154-2-1-4,n5566,154,2,1,4
mn-154-2-1-5,n5567,154,2,1,5
mn-154-2-1-6,n5568,154,2,1,6
mn-154-4-1-1,n5569,154,4,1,1
mn-154-4-1-2,n5570,154,4,1,2
mn-154-4-1-3,n5571,154,4,1,3
mn-154-4-1-4,n5572,154,4,1,4
mn-154-4-1-5,n5573,154,4,1,5
mn-154-4-1-6,n5574,154,4,1,6
mn-154-5-2-1,n5575,154,5,2,1
mn-154-5-2-2,n5576,154,5,2,2
mn-154-5-2-3,n5577,154,5,2,3
mn-154-5-2-4,n5578,154,5,2,4
mn-154-5-2-5,n5579,154,5,2,5
mn-154-5-2-6,n5580,154,5,2,6
mn-154-5-2-7,n5581,154,5,2,7
mn-154-5-2-8,n5582,154,5,2,8
mn-154-5-2-9,n5583,154,5,2,9
mn-154-5-2-10,n5584,154,5,2,10
mn-154-5-2-11,n5585,154,5,2,11
mn-154-5-2-12,n5586,154,5,2,12
mn-154-7-2-1,n5587,154,7,2,1
mn-154-7-2-2,n5588,154,7,2,2
mn-154-7-2-3,n5589,154,7,2,3
mn-154-7-2-4,n5590,154,7,2,4
mn-154-7-2-5,n5591,154,7,2,5
mn-154-7-2-6,n5592,154,7,2,6
mn-154-8-2-1,n5593,154,8,2,1
mn-154-8-2-2,n5594,154,8,2,2
mn-154-8-2-3,n5595,154,8,2,3
mn-154-8-2-4,n5596,154,8,2,4
mn-154-8-2-5,n5597,154,8,2,5
mn-154-8-2-6,n5598,154,8,2,6
mn-155-1-1-1,n5599,155,1,1,1
mn-155-1-1-2,n5600,155,1,1,2
mn-155-1-1-3,n5601,155,1,1,3
mn-155-1-1-4,n5602,155,1,1,4
mn-155-1-1-5,n5603,155,1,1,5
mn-155-1-1-6,n5604,155,1,1,6
mn-155-1-1-7,n5605,155,1,1,7
mn-155-1-1-8,n5606,155,1,1,8
mn-155-1-1-9,n5607,155,1,1,9
mn-155-1-1-10,n5608,155,1,1,10
mn-155-1-1-11,n5609,155,1,1,11
mn-155-1-1-12,n5610,155,1,1,12
mn-155-1-1-13,n5611,155,1,1,13
mn-155-1-1-14,n5612,155,1,1,14
mn-155-1-1-15,n5613,155,1,1,15
mn-155-1-1-16,n5614,155,1,1,16
mn-155-1-1-17,n5615,155,1,1,17
mn-155-1-1-18,n5616,155,1,1,18
mn-155-1-1-19,n5617,155,1,1,19
mn-155-1-1-20,n5618,155,1,1,20
mn-155-2-1-1,n5619,155,2,1,1
mn-155-2-1-2,n5620,155,2,1,2
mn-155-2-1-3,n5621,155,2,1,3
mn-155-2-1-4,n5622,155,2,1,4
mn-155-5-2-1,n5623,155,5,2,1
mn-155-5-2-2,n5624,155,5,2,2
mn-155-5-2-3,n5625,155,5,2,3
mn-155-5-2-4,n5626,155,5,2,4
mn-155-5-2-5,n5627,155,5,2,5
mn-155-5-2-6,n5628,155,5,2,6
mn-155-5-2-7,n5629,155,5,2,7
mn-155-5-2-8,n5630,155,5,2,8
mn-155-5-2-9,n5631,155,5,2,9
mn-155-5-2-10,n5632,155,5,2,10
mn-155-5-2-11,n5633,155,5,2,11
mn-155-5-2-12,n5634,155,5,2,12
mn-155-5-2-13,n5635,155,5,2,13
mn-155-5-2-14,n5636,155,5,2,14
mn-156-1-1-1,n5637,156,1,1,1
mn-156-1-1-2,r30,156,1,1,2
mn-156-1-1-3,n5638,156,1,1,3
mn-156-1-1-4,n5639,156,1,1,4
mn-156-1-1-5,n5640,156,1,1,5
mn-156-1-1-6,n5641,156,1,1,6
mn-156-1-1-7,n5642,156,1,1,7
mn-156-1-1-8,n5643,156,1,1,8
mn-156-1-1-9,n5644,156,1,1,9
mn-156-1-1-10,n5645,156,1,1,10
mn-156-1-1-11,n5646,156,1,1,11
mn-156-1-1-12,n5647,156,1,1,12
mn-156-1-1-13,n5648,156,1,1,13
mn-156-1-1-14,n5649,156,1,1,14
mn-156-1-1-15,n5650,156,1,1,15
mn-156-1-1-16,n5651,156,1,1,16
mn-156-2-1-1,n5652,156,2,1,1
mn-156-2-1-2,n5653,156,2,1,2
mn-156-2-1-3,n5654,156,2,1,3
mn-156-2-1-4,n5655,156,2,1,4
mn-156-2-1-5,n5656,156,2,1,5
mn-156-2-1-6,n5657,156,2,1,6
mn-156-2-1-7,n5658,156,2,1,7
mn-156-2-1-8,n5659,156,2,1,8
mn-156-2-1-9,n5660,156,2,1,9
mn-156-2-1-10,n5661,156,2,1,10
mn-156-2-1-11,n5662,156,2,1,11
mn-156-2-1-12,n5663,156,2,1,12
mn-156-2-1-13,n5664,156,2,1,13
mn-156-2-1-14,n5665,156,2,1,14
mn-156-2-1-15,n5666,156,2,1,15
mn-156-2-1-16,n5667,156,2,1,16
mn-156-2-1-17,n5668,156,2,1,17
mn-156-2-1-18,n5669,156,2,1,18
mn-156-2-1-19,n5670,156,2,1,19
mn-156-5-2-1,n5671,156,5,2,1
mn-156-5-2-2,n5672,156,5,2,2
mn-156-5-2-3,n5673,156,5,2,3
mn-156-5-2-4,n5674,156,5,2,4
mn-156-5-2-5,n5675,156,5,2,5
mn-156-5-2-6,n5676,156,5,2,6
mn-156-5-2-7,n5677,156,5,2,7
mn-156-5-2-8,n5678,156,5,2,8
mn-156-5-2-9,n5679,156,5,2,9
mn-156-5-2-10,n5680,156,5,2,10
mn-156-5-2-11,n5681,156,5,2,11
mn-156-5-2-12,n5682,156,5,2,12
mn-156-5-2-13,n5683,156,5,2,13
mn-156-5-2-14,n5684,156,5,2,14
mn-157-1-1-1,n5685,157,1,1,1
mn-157-1-1-2,n5686,157,1,1,2
mn-157-1-1-3,n5687,157,1,1,3
mn-157-1-1-4,n5688,157,1,1,4
mn-157-1-1-5,n5689,157,1,1,5
mn-157-1-1-6,n5690,157,1,1,6
mn-157-1-1-7,n5691,157,1,1,7
mn-157-1-1-8,n5692,157,1,1,8
mn-157-1-1-9,n5693,157,1,1,9
mn-157-1-1-10,n5694,157,1,1,10
mn-157-1-1-11,n5695,157,1,1,11
mn-157-1-1-12,n5696,157,1,1,12
mn-157-1-1-13,n5697,157,1,1,13
mn-157-1-1-14,n5698,157,1,1,14
mn-157-1-1-15,n5699,157,1,1,15
mn-157-1-1-16,n5700,157,1,1,16
mn-157-1-1-17,n5701,157,1,1,17
mn-157-1-1-18,n5702,157,1,1,18
mn-157-1-1-19,n5703,157,1,1,19
mn-157-1-1-20,n5704,157,1,1,20
mn-157-1-1-21,n5705,157,1,1,21
mn-157-1-1-22,n5706,157,1,1,22
mn-157-1-1-23,n5707,157,1,1,23
mn-157-1-1-24,n5708,157,1,1,24
mn-157-1-1-25,n5709,157,1,1,25
mn-157-1-1-26,n5710,157,1,1,26
mn-157-1-1-27,n5711,157,1,1,27
mn-157-1-1-28,n5712,157,1,1,28
mn-157-1-1-29,n5713,157,1,1,29
mn-157-1-1-30,n5714,157,1,1,30
mn-157-1-1-31,n5715,157,1,1,31
mn-157-1-1-32,n5716,157,1,1,32
mn-157-5-2-1,n5717,157,5,2,1
mn-157-5-2-2,n5718,157,5,2,2
mn-157-5-2-3,n5719,157,5,2,3
mn-157-5-2-4,n5720,157,5,2,4
mn-157-5-2-5,n5721,157,5,2,5
mn-157-5-2-6,n5722,157,5,2,6
mn-157-5-2-7,n5723,157,5,2,7
mn-157-5-2-8,n5724,157,5,2,8
mn-157-5-2-9,n5725,157,5,2,9
mn-157-5-2-10,n5726,157,5,2,10
mn-157-5-2-11,n5727,157,5,2,11
mn-157-5-2-12,n5728,157,5,2,12
mn-157-5-2-13,n5729,157,5,2,13
mn-157-5-2-14,n5730,157,5,2,14
mn-157-5-2-15,n5731,157,5,2,15
mn-158-1-1-1,n5732,158,1,1,1
mn-158-1-1-2,n5733,158,1,1,2
mn-158-1-1-3,n5734,158,1,1,3
mn-158-1-1-4,n5735,158,1,1,4
mn-158-1-1-5,n5736,158,1,1,5
mn-158-1-1-6,n5737,158,1,1,6
mn-158-1-1-7,n5738,158,1,1,7
mn-158-1-1-8,n5739,158,1,1,8
mn-158-1-1-9,n5740,158,1,1,9
mn-158-1-1-10,n5741,158,1,1,10
mn-158-1-1-11,n5742,158,1,1,11
mn-158-1-1-12,n5743,158,1,1,12
mn-158-1-1-13,n5744,158,1,1,13
mn-158-1-1-14,n5745,158,1,1,14
mn-158-1-1-15,n5746,158,1,1,15
mn-158-1-1-16,n5747,158,1,1,16
mn-158-1-1-17,n5748,158,1,1,17
mn-158-5-2-1,n5749,158,5,2,1
mn-158-5-2-2,n5750,158,5,2,2
mn-158-5-2-3,n5751,158,5,2,3
mn-158-5-2-4,n5752,158,5,2,4
mn-158-5-2-5,n5753,158,5,2,5
mn-158-5-2-6,n5754,158,5,2,6
mn-158-5-2-7,n5755,158,5,2,7
mn-158-5-2-8,n5756,158,5,2,8
mn-158-5-2-9,n5757,158,5,2,9
mn-158-5-2-10,n5758,158,5,2,10
mn-158-5-2-11,n5759,158,5,2,11
mn-158-5-2-12,n5760,158,5,2,12
mn-158-5-2-13,n5761,158,5,2,13
mn-158-5-2-14,n5762,158,5,2,14
mn-158-5-2-15,n5763,158,5,2,15
mn-158-5-2-16,n5764,158,5,2,16
mn-158-5-2-17,n5765,158,5,2,17
mn-159-1-1-1,n5766,159,1,1,1
mn-159-1-1-2,n5767,159,1,1,2
mn-159-1-1-3,n5768,159,1,1,3
mn-159-1-1-4,n5769,159,1,1,4
mn-159-1-1-5,n5770,159,1,1,5
mn-159-1-1-6,n5771,159,1,1,6
mn-159-1-1-7,n5772,159,1,1,7
mn-159-1-1-8,n5773,159,1,1,8
mn-159-1-1-9,n5774,159,1,1,9
mn-159-1-1-10,n5775,159,1,1,10
mn-159-1-1-11,n5776,159,1,1,11
mn-159-1-1-12,n5777,159,1,1,12
mn-159-1-1-13,n5778,159,1,1,13
mn-159-1-1-14,n5779,159,1,1,14
mn-159-1-1-15,n5780,159,1,1,15
mn-159-1-1-16,n5781,159,1,1,16
mn-159-1-1-17,n5782,159,1,1,17
mn-159-1-1-18,n5783,159,1,1,18
mn-159-1-1-19,n5784,159,1,1,19
mn-159-1-1-20,n5785,159,1,1,20
mn-159-2-1-1,n5786,159,2,1,1
mn-159-2-1-2,n5787,159,2,1,2
mn-159-2-1-3,n5788,159,2,1,3
mn-159-2-1-4,n5789,159,2,1,4
mn-159-5-2-1,n5790,159,5,2,1
mn-159-5-2-2,n5791,159,5,2,2
mn-159-5-2-3,n5792,159,5,2,3
mn-159-5-2-4,n5793,159,5,2,4
mn-159-5-2-5,n5794,159,5,2,5
mn-159-5-2-6,n5795,159,5,2,6
mn-159-5-2-7,n5796,159,5,2,7
mn-159-5-2-8,n5797,159,5,2,8
mn-159-5-2-9,n5798,159,5,2,9
mn-159-5-2-10,n5799,159,5,2,10
mn-159-5-2-11,n5800,159,5,2,11
mn-159-5-2-12,n5801,159,5,2,12
mn-159-5-2-13,n5802,159,5,2,13
mn-159-5-2-14,n5803,159,5,2,14
mn-160-1-1-1,n5804,160,1,1,1
mn-160-1-1-2,r31,160,1,1,2
mn-160-1-1-3,n5805,160,1,1,3
mn-160-1-1-4,n5806,160,1,1,4
mn-160-1-1-5,n5807,160,1,1,5
mn-160-1-1-6,n5808,160,1,1,6
mn-160-1-1-7,n5809,160,1,1,7
mn-160-1-1-8,n5810,160,1,1,8
mn-160-1-1-9,n5811,160,1,1,9
mn-160-1-1-10,n5812,160,1,1,10
mn-160-1-1-11,n5813,160,1,1,11
mn-160-2-1-1,n5814,160,2,1,1
mn-160-2-1-2,n5815,160,2,1,2
mn-160-2-1-3,n5816,160,2,1,3
mn-160-2-1-4,n5817,160,2,1,4
mn-160-2-1-5,n5818,160,2,1,5
mn-160-2-1-6,n5819,160,2,1,6
mn-160-2-1-7,n5820,160,2,1,7
mn-160-2-1-8,n5821,160,2,1,8
mn-160-2-1-9,n5822,160,2,1,9
mn-160-2-1-10,n5823,160,2,1,10
mn-160-2-1-11,n5824,160,2,1,11
mn-160-2-1-12,n5825,160,2,1,12
mn-160-2-1-13,n5826,160,2,1,13
mn-160-2-1-14,n5827,160,2,1,14
mn-160-2-1-15,n5828,160,2,1,15
mn-160-2-1-16,n5829,160,2,1,16
mn-160-2-1-17,n5830,160,2,1,17
mn-160-2-1-18,n5831,160,2,1,18
mn-160-2-1-19,n5832,160,2,1,19
mn-160-2-1-20,n5833,160,2,1,20
mn-160-2-1-21,n5834,160,2,1,21
mn-160-2-1-22,n5835,160,2,1,22
mn-160-2-1-23,n5836,160,2,1,23
mn-160-2-1-24,n5837,160,2,1,24
mn-160-5-2-1,n5838,160,5,2,1
mn-160-5-2-2,n5839,160,5,2,2
mn-160-5-2-3,n5840,160,5,2,3
mn-160-5-2-4,n5841,160,5,2,4
mn-160-5-2-5,n5842,160,5,2,5
mn-160-5-2-6,n5843,160,5,2,6
mn-160-5-2-7,n5844,160,5,2,7
mn-160-5-2-8,n5845,160,5,2,8
mn-160-5-2-9,n5846,160,5,2,9
mn-160-5-2-10,n5847,160,5,2,10
mn-160-5-2-11,n5848,160,5,2,11
mn-160-5-2-12,n5849,160,5,2,12
mn-160-5-2-13,n5850,160,5,2,13
mn-160-5-2-14,n5851,160,5,2,14
mn-161-1-1-1,n5852,161,1,1,1
mn-161-1-1-2,n5853,161,1,1,2
mn-161-1-1-3,n5854,161,1,1,3
mn-161-1-1-4,n5855,161,1,1,4
mn-161-1-1-5,n5856,161,1,1,5
mn-161-1-1-6,n5857,161,1,1,6
mn-161-1-1-7,n5858,161,1,1,7
mn-161-1-1-8,r32,161,1,1,8
mn-161-1-1-9,n5859,161,1,1,9
mn-161-2-1-1,n5860,161,2,1,1
mn-161-2-1-2,n5861,161,2,1,2
mn-161-2-1-3,n5862,161,2,1,3
mn-161-2-1-4,n5863,161,2,1,4
mn-161-2-1-5,n5864,161,2,1,5
mn-161-2-1-6,n5865,161,2,1,6
mn-161-2-1-7,n5866,161,2,1,7
mn-161-2-1-8,n5867,161,2,1,8
mn-161-2-1-9,n5868,161,2,1,9
mn-161-2-1-10,n5869,161,2,1,10
mn-161-2-1-11,n5870,161,2,1,11
mn-161-2-1-12,n5871,161,2,1,12
mn-161-2-1-13,n5872,161,2,1,13
mn-161-2-1-14,n5873,161,2,1,14
mn-161-2-1-15,n5874,161,2,1,15
mn-161-2-1-16,n5875,161,2,1,16
mn-161-2-1-17,n5876,161,2,1,17
mn-161-2-1-18,n5877,161,2,1,18
mn-161-2-1-19,n5878,161,2,1,19
mn-161-2-1-20,n5879,161,2,1,20
mn-161-2-1-21,n5880,161,2,1,21
mn-161-2-1-22,n5881,161,2,1,22
mn-161-2-1-23,n5882,161,2,1,23
mn-161-2-1-24,n5883,161,2,1,24
mn-161-5-2-1,n5884,161,5,2,1
mn-161-5-2-2,n5885,161,5,2,2
mn-161-5-2-3,n5886,161,5,2,3
mn-161-5-2-4,n5887,161,5,2,4
mn-161-5-2-5,n5888,161,5,2,5
mn-161-5-2-6,n5889,161,5,2,6
mn-161-5-2-7,n5890,161,5,2,7
mn-161-5-2-8,n5891,161,5,2,8
mn-161-5-2-9,n5892,161,5,2,9
mn-161-5-2-10,n5893,161,5,2,10
mn-161-5-2-11,n5894,161,5,2,11
mn-161-6-2-1,n5895,161,6,2,1
mn-161-6-2-2,n5896,161,6,2,2
mn-161-6-2-3,n5897,161,6,2,3
mn-161-6-2-4,n5898,161,6,2,4
mn-161-6-2-5,n5899,161,6,2,5
mn-161-6-2-6,n5900,161,6,2,6
mn-162-1-1-1,n5901,162,1,1,1
mn-162-1-1-2,n5902,162,1,1,2
mn-162-1-1-3,n5903,162,1,1,3
mn-162-1-1-4,n5904,162,1,1,4
mn-162-1-1-5,n5905,162,1,1,5
mn-162-1-1-6,n5906,162,1,1,6
mn-162-1-1-7,n5907,162,1,1,7
mn-162-1-1-8,r33,162,1,1,8
mn-162-1-1-9,n5908,162,1,1,9
mn-162-2-1-1,n5909,162,2,1,1
mn-162-2-1-2,n5910,162,2,1,2
mn-162-2-1-3,n5911,162,2,1,3
mn-162-2-1-4,n5912,162,2,1,4
mn-162-2-1-5,n5913,162,2,1,5
mn-162-2-1-6,n5914,162,2,1,6
mn-162-2-1-7,n5915,162,2,1,7
mn-162-2-1-8,n5916,162,2,1,8
mn-162-2-1-9,n5917,162,2,1,9
mn-162-2-1-10,n5918,162,2,1,10
mn-162-2-1-11,n5919,162,2,1,11
mn-162-2-1-12,n5920,162,2,1,12
mn-162-2-1-13,n5921,162,2,1,13
mn-162-2-1-14,n5922,162,2,1,14
mn-162-2-1-15,n5923,162,2,1,15
mn-162-2-1-16,n5924,162,2,1,16
mn-162-2-1-17,n5925,162,2,1,17
mn-162-2-1-18,n5926,162,2,1,18
mn-162-2-1-19,n5927,162,2,1,19
mn-162-2-1-20,n5928,162,2,1,20
mn-162-2-1-21,n5929,162,2,1,21
mn-162-2-1-22,n5930,162,2,1,22
mn-162-2-1-23,n5931,162,2,1,23
mn-162-2-1-24,n5932,162,2,1,24
mn-162-5-2-1,n5933,162,5,2,1
mn-162-5-2-2,n5934,162,5,2,2
mn-162-5-2-3,n5935,162,5,2,3
mn-162-5-2-4,n5936,162,5,2,4
mn-162-5-2-5,n5937,162,5,2,5
mn-162-5-2-6,n5938,162,5,2,6
mn-162-5-2-7,n5939,162,5,2,7
mn-162-5-2-8,n5940,162,5,2,8
mn-162-5-2-9,n5941,162,5,2,9
mn-162-5-2-10,n5942,162,5,2,10
mn-162-6-2-1,n5943,162,6,2,1
mn-162-6-2-2,n5944,162,6,2,2
mn-162-6-2-3,n5945,162,6,2,3
mn-162-6-2-4,n5946,162,6,2,4
mn-162-6-2-5,n5947,162,6,2,5
mn-162-6-2-6,n5948,162,6,2,6
mn-162-7-2-1,n5949,162,7,2,1
mn-163-1-1-1,n5950,163,1,1,1
mn-163-1-1-2,n5951,163,1,1,2
mn-163-1-1-3,n5952,163,1,1,3
mn-163-1-1-4,n5953,163,1,1,4
mn-163-1-1-5,n5954,163,1,1,5
mn-163-1-1-6,n5955,163,1,1,6
mn-163-1-1-7,n5956,163,1,1,7
mn-163-2-1-1,n5957,163,2,1,1
mn-163-2-1-2,n5958,163,2,1,2
mn-163-2-1-3,n5959,163,2,1,3
mn-163-2-1-4,n5960,163,2,1,4
mn-163-2-1-5,n5961,163,2,1,5
mn-163-2-1-6,n5962,163,2,1,6
mn-163-2-1-7,n5963,163,2,1,7
mn-163-2-1-8,n5964,163,2,1,8
mn-163-5-2-1,n5965,163,5,2,1
mn-163-5-2-2,n5966,163,5,2,2
mn-163-5-2-3,n5967,163,5,2,3
mn-163-5-2-4,n5968,163,5,2,4
mn-163-5-2-5,n5969,163,5,2,5
mn-163-5-2-6,n5970,163,5,2,6
mn-163-5-2-7,n5971,163,5,2,7
mn-163-5-2-8,n5972,163,5,2,8
mn-163-5-2-9,n5973,163,5,2,9
mn-163-5-2-10,n5974,163,5,2,10
mn-163-5-2-11,n5975,163,5,2,11
mn-163-5-2-12,n5976,163,5,2,12
mn-163-5-2-13,n5977,163,5,2,13
mn-163-5-2-14,n5978,163,5,2,14
mn-164-1-1-1,n5979,164,1,1,1
mn-164-1-1-2,n5980,164,1,1,2
mn-164-1-1-3,n5981,164,1,1,3
mn-164-1-1-4,n5982,164,1,1,4
mn-164-1-1-5,n5983,164,1,1,5
mn-164-1-1-6,n5984,164,1,1,6
mn-164-1-1-7,n5985,164,1,1,7
mn-164-1-1-8,n5986,164,1,1,8
mn-164-1-1-9,n5987,164,1,1,9
mn-164-1-1-10,n5988,164,1,1,10
mn-164-1-1-11,n5989,164,1,1,11
mn-164-2-1-1,n5990,164,2,1,1
mn-164-2-1-2,n5991,164,2,1,2
mn-164-2-1-3,n5992,164,2,1,3
mn-164-2-1-4,n5993,164,2,1,4
mn-164-2-1-5,n5994,164,2,1,5
mn-164-2-1-6,n5995,164,2,1,6
mn-164-2-1-7,n5996,164,2,1,7
mn-164-2-1-8,n5997,164,2,1,8
mn-164-2-1-9,n5998,164,2,1,9
mn-164-2-1-10,n5999,164,2,1,10
mn-164-2-1-11,n6000,164,2,1,11
mn-164-2-1-12,n6001,164,2,1,12
mn-164-2-1-13,n6002,164,2,1,13
mn-164-2-1-14,n6003,164,2,1,14
mn-164-5-2-1,n6004,164,5,2,1
mn-164-5-2-2,n6005,164,5,2,2
mn-164-5-2-3,n6006,164,5,2,3
mn-164-5-2-4,n6007,164,5,2,4
mn-164-5-2-5,n6008,164,5,2,5
mn-164-5-2-6,n6009,164,5,2,6
mn-164-5-2-7,n6010,164,5,2,7
mn-164-5-2-8,n6011,164,5,2,8
mn-164-5-2-9,n6012,164,5,2,9
mn-164-5-2-10,n6013,164,5,2,10
mn-164-5-2-11,n6014,164,5,2,11
mn-164-5-2-12,n6015,164,5,2,12
mn-164-5-2-13,n6016,164,5,2,13
mn-164-5-2-14,n6017,164,5,2,14
mn-164-5-2-15,n6018,164,5,2,15
mn-164-5-2-16,n6019,164,5,2,16
mn-164-5-2-17,n6020,164,5,2,17
mn-165-1-1-1,n6021,165,1,1,1
mn-165-1-1-2,n6022,165,1,1,2
mn-165-1-1-3,n6023,165,1,1,3
mn-165-1-1-4,n6024,165,1,1,4
mn-165-1-1-5,n6025,165,1,1,5
mn-165-1-1-6,n6026,165,1,1,6
mn-165-1-1-7,n6027,165,1,1,7
mn-165-1-1-8,n6028,165,1,1,8
mn-165-1-1-9,n6029,165,1,1,9
mn-165-1-1-10,n6030,165,1,1,10
mn-165-1-1-11,n6031,165,1,1,11
mn-165-1-1-12,n6032,165,1,1,12
mn-165-1-1-13,n6033,165,1,1,13
mn-165-1-1-14,n6034,165,1,1,14
mn-165-2-1-1,n6035,165,2,1,1
mn-165-2-1-2,n6036,165,2,1,2
mn-165-3-1-1,n6037,165,3,1,1
mn-165-3-1-2,n6038,165,3,1,2
mn-165-3-1-3,n6039,165,3,1,3
mn-165-3-1-4,n6040,165,3,1,4
mn-165-3-1-5,n6041,165,3,1,5
mn-165-3-1-6,n6042,165,3,1,6
mn-165-3-1-7,n6043,165,3,1,7
mn-165-3-1-8,n6044,165,3,1,8
mn-165-5-2-1,n6045,165,5,2,1
mn-165-5-2-2,n6046,165,5,2,2
mn-165-5-2-3,n6047,165,5,2,3
mn-165-5-2-4,n6048,165,5,2,4
mn-165-5-2-5,n6049,165,5,2,5
mn-165-5-2-6,n6050,165,5,2,6
mn-165-5-2-7,n6051,165,5,2,7
mn-165-5-2-8,n6052,165,5,2,8
mn-165-5-2-9,n6053,165,5,2,9
mn-165-5-2-10,n6054,165,5,2,10
mn-165-5-2-11,n6055,165,5,2,11
mn-165-5-2-12,n6056,165,5,2,12
mn-165-5-2-13,n6057,165,5,2,13
mn-165-5-2-14,n6058,165,5,2,14
mn-166-1-1-1,n6059,166,1,1,1
mn-166-1-1-2,n6060,166,1,1,2
mn-166-1-1-3,n6061,166,1,1,3
mn-166-1-1-4,r34,166,1,1,4
mn-166-1-1-5,n6062,166,1,1,5
mn-166-1-1-6,n6063,166,1,1,6
mn-166-1-1-7,n6064,166,1,1,7
mn-166-2-1-1,n6065,166,2,1,1
mn-166-2-1-2,n6066,166,2,1,2
mn-166-2-1-3,n6067,166,2,1,3
mn-166-2-1-4,n6068,166,2,1,4
mn-166-2-1-5,n6069,166,2,1,5
mn-166-2-1-6,n6070,166,2,1,6
mn-166-2-1-7,n6071,166,2,1,7
mn-166-2-1-8,n6072,166,2,1,8
mn-166-2-1-9,n6073,166,2,1,9
mn-166-2-1-10,n6074,166,2,1,10
mn-166-2-1-11,n6075,166,2,1,11
mn-166-2-1-12,n6076,166,2,1,12
mn-166-2-1-13,n6077,166,2,1,13
mn-166-2-1-14,n6078,166,2,1,14
mn-166-2-1-15,n6079,166,2,1,15
mn-166-2-1-16,n6080,166,2,1,16
mn-166-2-1-17,n6081,166,2,1,17
mn-166-2-1-18,n6082,166,2,1,18
mn-166-2-1-19,n6083,166,2,1,19
mn-166-2-1-20,n6084,166,2,1,20
mn-166-2-1-21,n6085,166,2,1,21
mn-166-2-1-22,n6086,166,2,1,22
mn-166-2-1-23,n6087,166,2,1,23
mn-166-2-1-24,n6088,166,2,1,24
mn-166-2-1-25,n6089,166,2,1,25
mn-166-2-1-26,n6090,166,2,1,26
mn-166-2-1-27,n6091,166,2,1,27
mn-166-2-1-28,n6092,166,2,1,28
mn-166-5-2-1,n6093,166,5,2,1
mn-166-5-2-2,n6094,166,5,2,2
mn-166-5-2-3,n6095,166,5,2,3
mn-166-5-2-4,n6096,166,5,2,4
mn-166-5-2-5,n6097,166,5,2,5
mn-166-6-2-1,n6098,166,6,2,1
mn-166-6-2-2,n6099,166,6,2,2
mn-166-6-2-3,n6100,166,6,2,3
mn-166-6-2-4,n6101,166,6,2,4
mn-166-6-2-5,n6102,166,6,2,5
mn-166-6-2-6,n6103,166,6,2,6
mn-166-6-2-7,n6104,166,6,2,7
mn-166-6-2-8,n6105,166,6,2,8
mn-166-6-2-9,n6106,166,6,2,9
mn-166-6-2-10,n6107,166,6,2,10
mn-166-6-2-11,n6108,166,6,2,11
mn-166-6-2-12,n6109,166,6,2,12
mn-166-6-2-13,n6110,166,6,2,13
mn-166-6-2-14,n6111,166,6,2,14
mn-166-6-2-15,n6112,166,6,2,15
mn-166-6-2-16,n6113,166,6,2,16
mn-166-6-2-17,n6114,166,6,2,17
mn-166-6-2-18,n6115,166,6,2,18
mn-166-6-2-19,n6116,166,6,2,19
mn-166-6-2-20,n6117,166,6,2,20
mn-166-6-2-21,n6118,166,6,2,21
mn-166-6-2-22,n6119,166,6,2,22
mn-166-6-2-23,n6120,166,6,2,23
mn-166-6-2-24,n6121,166,6,2,24
mn-167-1-1-1,n6122,167,1,1,1
mn-167-1-1-2,n6123,167,1,1,2
mn-167-1-1-3,n6124,167,1,1,3
mn-167-1-1-4,n6125,167,1,1,4
mn-167-1-1-5,n6126,167,1,1,5
mn-167-1-1-6,n6127,167,1,1,6
mn-167-1-1-7,n6128,167,1,1,7
mn-167-1-1-8,n6129,167,1,1,8
mn-167-1-1-9,n6130,167,1,1,9
mn-167-1-1-10,n6131,167,1,1,10
mn-167-1-1-11,n6132,167,1,1,11
mn-167-1-1-12,n6133,167,1,1,12
mn-167-1-1-13,n6134,167,1,1,13
mn-167-1-1-14,n6135,167,1,1,14
mn-167-1-1-15,n6136,167,1,1,15
mn-167-1-1-16,n6137,167,1,1,16
mn-167-1-1-17,n6138,167,1,1,17
mn-167-1-1-18,n6139,167,1,1,18
mn-167-1-1-19,n6140,167,1,1,19
mn-167-1-1-20,n6141,167,1,1,20
mn-167-1-1-21,n6142,167,1,1,21
mn-167-1-1-22,n6143,167,1,1,22
mn-167-1-1-23,n6144,167,1,1,23
mn-167-1-1-24,n6145,167,1,1,24
mn-167-1-1-25,n6146,167,1,1,25
mn-167-2-1-1,n6147,167,2,1,1
mn-167-5-2-1,n6148,167,5,2,1
mn-167-5-2-2,n6149,167,5,2,2
mn-167-5-2-3,n6150,167,5,2,3
mn-167-5-2-4,n6151,167,5,2,4
mn-167-5-2-5,n6152,167,5,2,5
mn-167-5-2-6,n6153,167,5,2,6
mn-167-5-2-7,n6154,167,5,2,7
mn-167-5-2-8,n6155,167,5,2,8
mn-167-5-2-9,n6156,167,5,2,9
mn-167-5-2-10,n6157,167,5,2,10
mn-167-5-2-11,n6158,167,5,2,11
mn-167-5-2-12,n6159,167,5,2,12
mn-167-5-2-13,n6160,167,5,2,13
mn-167-5-2-14,n6161,167,5,2,14
mn-167-5-2-15,n6162,167,5,2,15
mn-167-5-2-16,n6163,167,5,2,16
mn-167-5-2-17,n6164,167,5,2,17
mn-167-5-2-18,n6165,167,5,2,18
mn-168-1-1-1,n6166,168,1,1,1
mn-168-1-1-2,n6167,168,1,1,2
mn-168-1-1-3,n6168,168,1,1,3
mn-168-1-2-1,n6169,168,1,2,1
mn-168-1-2-2,n6170,168,1,2,2
mn-168-1-2-3,n6171,168,1,2,3
mn-168-1-2-4,n6172,168,1,2,4
mn-168-1-2-5,n6173,168,1,2,5
mn-168-1-2-6,n6174,168,1,2,6
mn-168-1-2-7,n6175,168,1,2,7
mn-168-1-2-8,n6176,168,1,2,8
mn-168-1-2-9,n6177,168,1,2,9
mn-168-1-1-4,n6178,168,1,1,4
mn-168-1-1-5,n6179,168,1,1,5
mn-168-1-1-6,n6180,168,1,1,6
mn-168-1-1-7,n6181,168,1,1,7
mn-168-1-1-8,n6182,168,1,1,8
mn-168-1-1-9,n6183,168,1,1,9
mn-168-1-1-10,n6184,168,1,1,10
mn-168-1-1-11,n6185,168,1,1,11
mn-168-1-1-12,n6186,168,1,1,12
mn-168-1-1-13,n6187,168,1,1,13
mn-168-1-1-14,n6188,168,1,1,14
mn-168-1-1-15,n6189,168,1,1,15
mn-168-1-1-16,n6190,168,1,1,16
mn-168-1-1-17,n6191,168,1,1,17
mn-168-1-1-18,n6192,168,1,1,18
mn-168-1-1-19,n6193,168,1,1,19
mn-168-1-1-20,n6194,168,1,1,20
mn-168-1-1-21,n6195,168,1,1,21
mn-168-1-1-22,n6196,168,1,1,22
mn-168-1-1-23,n6197,168,1,1,23
mn-168-5-2-1,n6198,168,5,2,1
mn-168-5-2-2,n6199,168,5,2,2
mn-168-5-2-3,n6200,168,5,2,3
mn-168-5-2-4,n6201,168,5,2,4
mn-168-5-2-5,n6202,168,5,2,5
mn-168-5-2-6,n6203,168,5,2,6
mn-168-5-2-7,n6204,168,5,2,7
mn-168-5-2-8,n6205,168,5,2,8
mn-168-5-2-9,n6206,168,5,2,9
mn-168-5-2-10,n6207,168,5,2,10
mn-168-5-2-11,n6208,168,5,2,11
mn-168-5-2-12,n6209,168,5,2,12
mn-168-5-2-13,n6210,168,5,2,13
mn-168-5-2-14,n6211,168,5,2,14
mn-168-5-2-15,n6212,168,5,2,15
mn-168-5-2-16,n6213,168,5,2,16
mn-168-5-2-17,n6214,168,5,2,17
mn-168-5-2-18,n6215,168,5,2,18
mn-168-5-2-19,n6216,168,5,2,19
mn-168-5-1-1,n6217,168,5,1,1
mn-168-5-1-2,n6218,168,5,1,2
mn-168-5-1-3,n6219,168,5,1,3
mn-168-5-1-4,n6220,168,5,1,4
mn-168-5-1-5,n6221,168,5,1,5
mn-168-5-1-6,n6222,168,5,1,6
mn-168-5-1-7,n6223,168,5,1,7
mn-168-5-1-8,n6224,168,5,1,8
mn-168-5-1-9,n6225,168,5,1,9
mn-168-5-1-10,n6226,168,5,1,10
mn-168-5-1-11,n6227,168,5,1,11
mn-168-5-1-12,n6228,168,5,1,12
mn-168-5-1-13,n6229,168,5,1,13
mn-169-1-1-1,n6230,169,1,1,1
mn-169-1-1-2,n6231,169,1,1,2
mn-169-1-1-3,n6232,169,1,1,3
mn-169-1-1-4,n6233,169,1,1,4
mn-169-1-1-5,n6234,169,1,1,5
mn-169-1-1-6,n6235,169,1,1,6
mn-169-1-1-7,n6236,169,1,1,7
mn-169-1-1-8,n6237,169,1,1,8
mn-169-1-1-9,n6238,169,1,1,9
mn-169-1-1-10,n6239,169,1,1,10
mn-169-1-1-11,n6240,169,1,1,11
mn-169-1-1-12,n6241,169,1,1,12
mn-169-1-1-13,n6242,169,1,1,13
mn-169-1-1-14,n6243,169,1,1,14
mn-169-1-1-15,n6244,169,1,1,15
mn-169-1-1-16,n6245,169,1,1,16
mn-169-1-1-17,n6246,169,1,1,17
mn-169-1-1-18,n6247,169,1,1,18
mn-169-1-1-19,n6248,169,1,1,19
mn-169-1-1-20,n6249,169,1,1,20
mn-169-5-1-1,n6250,169,5,1,1
mn-169-5-2-1,n6251,169,5,2,1
mn-169-5-2-2,n6252,169,5,2,2
mn-169-5-2-3,n6253,169,5,2,3
mn-169-5-2-4,n6254,169,5,2,4
mn-169-5-2-5,n6255,169,5,2,5
mn-169-5-2-6,n6256,169,5,2,6
mn-169-5-2-7,n6257,169,5,2,7
mn-169-5-2-8,n6258,169,5,2,8
mn-169-5-2-9,n6259,169,5,2,9
mn-169-5-2-10,n6260,169,5,2,10
mn-169-5-2-11,n6261,169,5,2,11
mn-169-5-2-12,n6262,169,5,2,12
mn-169-5-2-13,n6263,169,5,2,13
mn-169-5-2-14,n6264,169,5,2,14
mn-169-5-2-15,n6265,169,5,2,15
mn-170-1-1-1,n6266,170,1,1,1
mn-170-1-1-2,n6267,170,1,1,2
mn-170-1-1-3,n6268,170,1,1,3
mn-170-1-1-4,n6269,170,1,1,4
mn-170-1-1-5,n6270,170,1,1,5
mn-170-1-1-6,n6271,170,1,1,6
mn-170-1-1-7,n6272,170,1,1,7
mn-170-1-1-8,n6273,170,1,1,8
mn-170-1-1-9,n6274,170,1,1,9
mn-170-1-1-10,n6275,170,1,1,10
mn-170-1-1-11,n6276,170,1,1,11
mn-170-1-1-12,n6277,170,1,1,12
mn-170-1-1-13,n6278,170,1,1,13
mn-170-1-1-14,n6279,170,1,1,14
mn-170-1-1-15,n6280,170,1,1,15
mn-170-1-1-16,n6281,170,1,1,16
mn-170-1-1-17,n6282,170,1,1,17
mn-170-1-1-18,n6283,170,1,1,18
mn-170-5-2-1,n6284,170,5,2,1
mn-170-5-2-2,n6285,170,5,2,2
mn-170-5-2-3,n6286,170,5,2,3
mn-170-5-2-4,n6287,170,5,2,4
mn-170-5-2-5,n6288,170,5,2,5
mn-170-5-2-6,n6289,170,5,2,6
mn-170-5-2-7,n6290,170,5,2,7
mn-170-5-2-8,n6291,170,5,2,8
mn-170-5-2-9,n6292,170,5,2,9
mn-170-5-2-10,n6293,170,5,2,10
mn-170-5-2-11,n6294,170,5,2,11
mn-170-5-2-12,n6295,170,5,2,12
mn-170-5-2-13,n6296,170,5,2,13
mn-170-5-2-14,n6297,170,5,2,14
mn-170-5-2-15,n6298,170,5,2,15
mn-170-5-2-16,n6299,170,5,2,16
mn-170-5-2-17,n6300,170,5,2,17
mn-170-5-2-18,n6301,170,5,2,18
mn-171-1-1-1,n6302,171,1,1,1
mn-171-1-1-2,n6303,171,1,1,2
mn-171-1-1-3,n6304,171,1,1,3
mn-171-1-1-4,n6305,171,1,1,4
mn-171-1-1-5,n6306,171,1,1,5
mn-171-1-1-6,n6307,171,1,1,6
mn-171-1-1-7,n6308,171,1,1,7
mn-171-1-1-8,n6309,171,1,1,8
mn-171-1-1-9,n6310,171,1,1,9
mn-171-1-1-10,n6311,171,1,1,10
mn-171-1-1-11,n6312,171,1,1,11
mn-171-1-1-12,n6313,171,1,1,12
mn-171-1-1-13,n6314,171,1,1,13
mn-171-1-1-14,n6315,171,1,1,14
mn-171-2-1-1,n6316,171,2,1,1
mn-171-2-1-2,n6317,171,2,1,2
mn-171-2-1-3,n6318,171,2,1,3
mn-171-2-1-4,n6319,171,2,1,4
mn-171-2-1-5,n6320,171,2,1,5
mn-171-2-1-6,n6321,171,2,1,6
mn-171-2-1-7,n6322,171,2,1,7
mn-171-2-1-8,n6323,171,2,1,8
mn-171-2-1-9,n6324,171,2,1,9
mn-171-5-2-1,n6325,171,5,2,1
mn-171-5-2-2,n6326,171,5,2,2
mn-171-5-2-3,n6327,171,5,2,3
mn-171-5-2-4,r35,171,5,2,4
mn-171-5-2-5,n6328,171,5,2,5
mn-171-5-2-6,n6329,171,5,2,6
mn-171-5-2-7,n6330,171,5,2,7
mn-171-5-2-8,n6331,171,5,2,8
mn-171-5-2-9,n6332,171,5,2,9
mn-171-5-2-10,n6333,171,5,2,10
mn-171-6-2-1,n6334,171,6,2,1
mn-171-6-2-2,n6335,171,6,2,2
mn-171-6-2-3,n6336,171,6,2,3
mn-171-6-2-4,n6337,171,6,2,4
mn-171-6-2-5,n6338,171,6,2,5
mn-171-6-2-6,n6339,171,6,2,6
mn-172-1-1-1,n6340,172,1,1,1
mn-172-1-1-2,n6341,172,1,1,2
mn-172-1-1-3,n6342,172,1,1,3
mn-172-1-1-4,n6343,172,1,1,4
mn-172-1-1-5,n6344,172,1,1,5
mn-172-1-1-6,n6345,172,1,1,6
mn-172-1-1-7,n6346,172,1,1,7
mn-172-1-1-8,n6347,172,1,1,8
mn-172-1-1-9,n6348,172,1,1,9
mn-172-1-1-10,n6349,172,1,1,10
mn-172-1-1-11,n6350,172,1,1,11
mn-172-1-1-12,n6351,172,1,1,12
mn-172-1-1-13,n6352,172,1,1,13
mn-172-1-1-14,n6353,172,1,1,14
mn-172-1-1-15,n6354,172,1,1,15
mn-172-1-1-16,n6355,172,1,1,16
mn-172-1-1-17,n6356,172,1,1,17
mn-172-1-1-18,n6357,172,1,1,18
mn-172-1-1-19,n6358,172,1,1,19
mn-172-1-1-20,n6359,172,1,1,20
mn-172-1-1-21,n6360,172,1,1,21
mn-172-1-1-22,n6361,172,1,1,22
mn-172-1-1-23,n6362,172,1,1,23
mn-172-1-1-24,n6363,172,1,1,24
mn-172-5-2-1,n6364,172,5,2,1
mn-172-5-2-2,n6365,172,5,2,2
mn-172-5-2-3,n6366,172,5,2,3
mn-172-5-2-4,n6367,172,5,2,4
mn-172-5-2-5,n6368,172,5,2,5
mn-172-5-2-6,n6369,172,5,2,6
mn-172-5-2-7,n6370,172,5,2,7
mn-172-5-2-8,n6371,172,5,2,8
mn-172-5-2-9,n6372,172,5,2,9
mn-172-5-2-10,n6373,172,5,2,10
mn-172-5-2-11,n6374,172,5,2,11
mn-172-5-2-12,n6375,172,5,2,12
mn-172-5-2-13,n6376,172,5,2,13
mn-172-5-2-14,n6377,172,5,2,14
mn-172-5-2-15,n6378,172,5,2,15
mn-172-5-2-16,n6379,172,5,2,16
mn-172-5-2-17,n6380,172,5,2,17
mn-172-5-2-18,n6381,172,5,2,18
mn-172-5-2-19,n6382,172,5,2,19
mn-172-5-2-20,n6383,172,5,2,20
mn-172-5-2-21,n6384,172,5,2,21
mn-172-5-2-22,n6385,172,5,2,22
mn-172-5-2-23,n6386,172,5,2,23
mn-172-5-2-24,n6387,172,5,2,24
mn-172-5-2-25,n6388,172,5,2,25
mn-172-5-2-26,n6389,172,5,2,26
mn-172-5-2-27,n6390,172,5,2,27
mn-172-5-2-28,n6391,172,5,2,28
mn-172-5-2-29,n6392,172,5,2,29
mn-172-5-2-30,n6393,172,5,2,30
mn-173-1-1-1,n6394,173,1,1,1
mn-173-1-1-2,n6395,173,1,1,2
mn-173-1-1-3,n6396,173,1,1,3
mn-173-1-1-4,n6397,173,1,1,4
mn-173-1-1-5,n6398,173,1,1,5
mn-173-1-1-6,n6399,173,1,1,6
mn-173-1-1-7,n6400,173,1,1,7
mn-173-1-1-8,n6401,173,1,1,8
mn-173-1-1-9,n6402,173,1,1,9
mn-173-1-1-10,n6403,173,1,1,10
mn-173-1-1-11,n6404,173,1,1,11
mn-173-1-1-12,n6405,173,1,1,12
mn-173-1-1-13,n6406,173,1,1,13
mn-173-1-1-14,n6407,173,1,1,14
mn-173-2-1-1,n6408,173,2,1,1
mn-173-2-1-2,n6409,173,2,1,2
mn-173-2-1-3,n6410,173,2,1,3
mn-173-2-1-4,n6411,173,2,1,4
mn-173-2-1-5,n6412,173,2,1,5
mn-173-2-1-6,n6413,173,2,1,6
mn-173-2-1-7,n6414,173,2,1,7
mn-173-2-1-8,n6415,173,2,1,8
mn-173-2-1-9,n6416,173,2,1,9
mn-173-5-2-1,n6417,173,5,2,1
mn-173-5-2-2,n6418,173,5,2,2
mn-173-5-2-3,n6419,173,5,2,3
mn-173-5-2-4,r36,173,5,2,4
mn-173-5-2-5,n6420,173,5,2,5
mn-173-5-2-6,n6421,173,5,2,6
mn-173-5-2-7,n6422,173,5,2,7
mn-173-5-2-8,n6423,173,5,2,8
mn-173-5-2-9,n6424,173,5,2,9
mn-173-5-2-10,n6425,173,5,2,10
mn-173-6-2-1,n6426,173,6,2,1
mn-173-6-2-2,n6427,173,6,2,2
mn-173-6-2-3,n6428,173,6,2,3
mn-173-6-2-4,n6429,173,6,2,4
mn-173-6-2-5,n6430,173,6,2,5
mn-173-6-2-6,n6431,173,6,2,6
mn-174-1-1-1,n6432,174,1,1,1
mn-174-1-1-2,n6433,174,1,1,2
mn-174-1-1-3,n6434,174,1,1,3
mn-174-1-1-4,n6435,174,1,1,4
mn-174-1-1-5,n6436,174,1,1,5
mn-174-1-1-6,n6437,174,1,1,6
mn-174-1-1-7,n6438,174,1,1,7
mn-174-1-1-8,n6439,174,1,1,8
mn-174-1-1-9,n6440,174,1,1,9
mn-174-1-1-10,n6441,174,1,1,10
mn-174-1-1-11,n6442,174,1,1,11
mn-174-1-1-12,n6443,174,1,1,12
mn-174-1-1-13,n6444,174,1,1,13
mn-174-1-1-14,n6445,174,1,1,14
mn-174-1-1-15,n6446,174,1,1,15
mn-174-1-1-16,n6447,174,1,1,16
mn-174-1-1-17,n6448,174,1,1,17
mn-174-1-1-18,n6449,174,1,1,18
mn-174-1-1-19,n6450,174,1,1,19
mn-174-1-1-20,n6451,174,1,1,20
mn-174-1-1-21,n6452,174,1,1,21
mn-174-1-1-22,n6453,174,1,1,22
mn-174-1-1-23,n6454,174,1,1,23
mn-174-1-1-24,n6455,174,1,1,24
mn-174-1-1-25,n6456,174,1,1,25
mn-174-1-1-26,n6457,174,1,1,26
mn-174-2-1-1,n6458,174,2,1,1
mn-174-5-2-1,n6459,174,5,2,1
mn-174-5-2-2,n6460,174,5,2,2
mn-174-5-2-3,n6461,174,5,2,3
mn-174-5-2-4,n6462,174,5,2,4
mn-174-5-2-5,n6463,174,5,2,5
mn-174-5-2-6,n6464,174,5,2,6
mn-174-5-2-7,n6465,174,5,2,7
mn-174-5-2-8,n6466,174,5,2,8
mn-174-5-2-9,n6467,174,5,2,9
mn-174-5-2-10,n6468,174,5,2,10
mn-174-5-2-11,n6469,174,5,2,11
mn-174-5-2-12,n6470,174,5,2,12
mn-174-5-2-13,n6471,174,5,2,13
mn-174-5-2-14,n6472,174,5,2,14
mn-174-5-2-15,n6473,174,5,2,15
mn-174-5-2-16,n6474,174,5,2,16
mn-174-5-2-17,n6475,174,5,2,17
mn-174-5-2-18,n6476,174,5,2,18
mn-174-5-2-19,n6477,174,5,2,19
mn-174-5-2-20,n6478,174,5,2,20
mn-174-5-2-21,n6479,174,5,2,21
mn-174-5-2-22,n6480,174,5,2,22
mn-174-5-2-23,n6481,174,5,2,23
mn-174-5-2-24,n6482,174,5,2,24
mn-174-5-2-25,n6483,174,5,2,25
mn-174-5-2-26,n6484,174,5,2,26
mn-174-5-2-27,n6485,174,5,2,27
mn-174-5-2-28,n6486,174,5,2,28
mn-174-5-2-29,n6487,174,5,2,29
mn-174-5-2-30,n6488,174,5,2,30
mn-174-5-2-31,n6489,174,5,2,31
mn-174-5-2-32,n6490,174,5,2,32
mn-174-5-2-33,n6491,174,5,2,33
mn-174-5-2-34,n6492,174,5,2,34
mn-175-1-1-1,n6493,175,1,1,1
mn-175-1-1-2,n6494,175,1,1,2
mn-175-1-1-3,n6495,175,1,1,3
mn-175-1-1-4,n6496,175,1,1,4
mn-175-1-1-5,n6497,175,1,1,5
mn-175-1-1-6,n6498,175,1,1,6
mn-175-1-1-7,n6499,175,1,1,7
mn-175-1-1-8,n6500,175,1,1,8
mn-175-1-1-9,n6501,175,1,1,9
mn-175-1-1-10,n6502,175,1,1,10
mn-175-2-1-1,n6503,175,2,1,1
mn-175-2-1-2,n6504,175,2,1,2
mn-175-2-1-3,n6505,175,2,1,3
mn-175-2-1-4,n6506,175,2,1,4
mn-175-3-1-1,n6507,175,3,1,1
mn-175-5-2-1,n6508,175,5,2,1
mn-175-5-2-2,n6509,175,5,2,2
mn-175-5-2-3,n6510,175,5,2,3
mn-175-5-2-4,n6511,175,5,2,4
mn-175-5-2-5,n6512,175,5,2,5
mn-175-5-2-6,n6513,175,5,2,6
mn-175-5-2-7,n6514,175,5,2,7
mn-175-5-2-8,n6515,175,5,2,8
mn-175-5-2-9,n6516,175,5,2,9
mn-175-5-2-10,n6517,175,5,2,10
mn-175-5-2-11,n6518,175,5,2,11
mn-175-5-2-12,n6519,175,5,2,12
mn-176-1-1-1,n6520,176,1,1,1
mn-176-1-1-2,n6521,176,1,1,2
mn-176-1-1-3,n6522,176,1,1,3
mn-176-1-1-4,n6523,176,1,1,4
mn-176-1-1-5,n6524,176,1,1,5
mn-176-1-1-6,n6525,176,1,1,6
mn-176-1-1-7,n6526,176,1,1,7
mn-176-1-1-8,n6527,176,1,1,8
mn-176-1-1-9,n6528,176,1,1,9
mn-176-1-1-10,n6529,176,1,1,10
mn-176-1-1-11,n6530,176,1,1,11
mn-176-1-1-12,n6531,176,1,1,12
mn-176-1-1-13,n6532,176,1,1,13
mn-176-1-1-14,n6533,176,1,1,14
mn-176-1-1-15,n6534,176,1,1,15
mn-176-1-1-16,n6535,176,1,1,16
mn-176-5-2-1,n6536,176,5,2,1
mn-176-5-2-2,n6537,176,5,2,2
mn-176-5-2-3,n6538,176,5,2,3
mn-176-5-2-4,n6539,176,5,2,4
mn-176-5-2-5,n6540,176,5,2,5
mn-176-5-2-6,n6541,176,5,2,6
mn-176-5-2-7,n6542,176,5,2,7
mn-176-5-2-8,n6543,176,5,2,8
mn-176-5-2-9,n6544,176,5,2,9
mn-176-5-2-10,n6545,176,5,2,10
mn-176-5-2-11,n6546,176,5,2,11
mn-176-5-2-12,n6547,176,5,2,12
mn-177-1-1-1,n6548,177,1,1,1
mn-177-1-1-2,n6549,177,1,1,2
mn-177-1-1-3,n6550,177,1,1,3
mn-177-1-1-4,n6551,177,1,1,4
mn-177-1-1-5,n6552,177,1,1,5
mn-177-1-1-6,n6553,177,1,1,6
mn-177-1-1-7,n6554,177,1,1,7
mn-177-1-1-8,n6555,177,1,1,8
mn-177-1-1-9,n6556,177,1,1,9
mn-177-1-1-10,n6557,177,1,1,10
mn-177-1-1-11,n6558,177,1,1,11
mn-177-1-1-12,n6559,177,1,1,12
mn-177-1-1-13,n6560,177,1,1,13
mn-177-1-1-14,n6561,177,1,1,14
mn-177-1-1-15,n6562,177,1,1,15
mn-177-1-1-16,n6563,177,1,1,16
mn-177-1-1-17,n6564,177,1,1,17
mn-177-1-1-18,n6565,177,1,1,18
mn-177-5-2-1,n6566,177,5,2,1
mn-177-5-2-2,n6567,177,5,2,2
mn-177-5-2-3,n6568,177,5,2,3
mn-177-5-2-4,n6569,177,5,2,4
mn-177-5-2-5,n6570,177,5,2,5
mn-177-5-2-6,n6571,177,5,2,6
mn-177-5-2-7,n6572,177,5,2,7
mn-177-5-2-8,n6573,177,5,2,8
mn-177-5-2-9,n6574,177,5,2,9
mn-177-5-2-10,n6575,177,5,2,10
mn-177-5-2-11,n6576,177,5,2,11
mn-177-5-2-12,n6577,177,5,2,12
mn-178-1-1-1,n6578,178,1,1,1
mn-178-1-1-2,n6579,178,1,1,2
mn-178-1-1-3,n6580,178,1,1,3
mn-178-1-1-4,n6581,178,1,1,4
mn-178-1-1-5,n6582,178,1,1,5
mn-178-1-1-6,n6583,178,1,1,6
mn-178-1-1-7,n6584,178,1,1,7
mn-178-1-1-8,n6585,178,1,1,8
mn-178-1-1-9,n6586,178,1,1,9
mn-178-1-1-10,n6587,178,1,1,10
mn-178-1-1-11,r37,178,1,1,11
mn-178-1-1-12,n6588,178,1,1,12
mn-178-1-1-13,n6589,178,1,1,13
mn-178-1-1-14,n6590,178,1,1,14
mn-178-2-1-1,n6591,178,2,1,1
mn-178-2-1-2,n6592,178,2,1,2
mn-178-2-1-3,n6593,178,2,1,3
mn-178-2-1-4,n6594,178,2,1,4
mn-178-2-1-5,n6595,178,2,1,5
mn-178-2-1-6,n6596,178,2,1,6
mn-178-2-1-7,n6597,178,2,1,7
mn-178-2-1-8,n6598,178,2,1,8
mn-178-2-1-9,n6599,178,2,1,9
mn-178-2-1-10,n6600,178,2,1,10
mn-178-2-1-11,n6601,178,2,1,11
mn-178-2-1-12,n6602,178,2,1,12
mn-178-5-2-1,n6603,178,5,2,1
mn-178-5-2-2,n6604,178,5,2,2
mn-178-5-2-3,n6605,178,5,2,3
mn-178-5-2-4,n6606,178,5,2,4
mn-178-5-2-5,n6607,178,5,2,5
mn-178-5-2-6,n6608,178,5,2,6
mn-178-5-2-7,n6609,178,5,2,7
mn-178-5-2-8,n6610,178,5,2,8
mn-178-5-2-9,n6611,178,5,2,9
mn-178-5-2-10,n6612,178,5,2,10
mn-178-5-2-11,n6613,178,5,2,11
mn-178-5-2-12,n6614,178,5,2,12
mn-178-5-2-13,n6615,178,5,2,13
mn-178-5-2-14,n6616,178,5,2,14
mn-178-5-2-15,n6617,178,5,2,15
mn-178-5-2-16,n6618,178,5,2,16
mn-178-5-2-17,n6619,178,5,2,17
mn-178-5-2-18,n6620,178,5,2,18
mn-178-5-2-19,n6621,178,5,2,19
mn-178-5-2-20,n6622,178,5,2,20
mn-179-1-1-1,n6623,179,1,1,1
mn-179-1-1-2,n6624,179,1,1,2
mn-179-1-1-3,n6625,179,1,1,3
mn-179-1-1-4,n6626,179,1,1,4
mn-179-1-1-5,n6627,179,1,1,5
mn-179-1-1-6,n6628,179,1,1,6
mn-179-1-1-7,n6629,179,1,1,7
mn-179-1-1-8,n6630,179,1,1,8
mn-179-1-1-9,n6631,179,1,1,9
mn-179-1-1-10,n6632,179,1,1,10
mn-179-1-1-11,n6633,179,1,1,11
mn-179-1-1-12,n6634,179,1,1,12
mn-179-1-1-13,n6635,179,1,1,13
mn-179-1-1-14,n6636,179,1,1,14
mn-179-1-1-15,n6637,179,1,1,15
mn-179-1-1-16,n6638,179,1,1,16
mn-179-1-1-17,n6639,179,1,1,17
mn-179-1-1-18,n6640,179,1,1,18
mn-179-1-1-19,n6641,179,1,1,19
mn-179-1-1-20,n6642,179,1,1,20
mn-179-1-1-21,n6643,179,1,1,21
mn-179-5-2-1,n6644,179,5,2,1
mn-179-5-2-2,n6645,179,5,2,2
mn-179-5-2-3,n6646,179,5,2,3
mn-179-5-2-4,n6647,179,5,2,4
mn-179-5-2-5,n6648,179,5,2,5
mn-179-5-2-6,n6649,179,5,2,6
mn-179-5-2-7,n6650,179,5,2,7
mn-179-5-2-8,n6651,179,5,2,8
mn-179-5-2-9,n6652,179,5,2,9
mn-179-5-2-10,n6653,179,5,2,10
mn-179-5-2-11,n6654,179,5,2,11
mn-179-5-2-12,n6655,179,5,2,12
mn-179-5-2-13,n6656,179,5,2,13
mn-179-5-2-14,n6657,179,5,2,14
mn-179-5-2-15,n6658,179,5,2,15
mn-180-1-1-1,n6659,180,1,1,1
mn-180-1-1-2,n6660,180,1,1,2
mn-180-1-1-3,n6661,180,1,1,3
mn-180-1-1-4,n6662,180,1,1,4
mn-180-1-1-5,n6663,180,1,1,5
mn-180-1-1-6,n6664,180,1,1,6
mn-180-1-1-7,n6665,180,1,1,7
mn-180-1-1-8,n6666,180,1,1,8
mn-180-1-1-9,n6667,180,1,1,9
mn-180-1-1-10,n6668,180,1,1,10
mn-180-1-1-11,n6669,180,1,1,11
mn-180-1-1-12,n6670,180,1,1,12
mn-180-1-1-13,n6671,180,1,1,13
mn-180-1-1-14,n6672,180,1,1,14
mn-180-1-1-15,n6673,180,1,1,15
mn-180-5-2-1,n6674,180,5,2,1
mn-180-5-2-2,n6675,180,5,2,2
mn-180-5-2-3,n6676,180,5,2,3
mn-180-5-2-4,n6677,180,5,2,4
mn-180-5-2-5,n6678,180,5,2,5
mn-180-5-2-6,n6679,180,5,2,6
mn-180-5-2-7,n6680,180,5,2,7
mn-180-5-2-8,n6681,180,5,2,8
mn-180-5-2-9,n6682,180,5,2,9
mn-180-5-2-10,n6683,180,5,2,10
mn-180-5-2-11,n6684,180,5,2,11
mn-181-1-1-1,n6685,181,1,1,1
mn-181-1-1-2,n6686,181,1,1,2
mn-181-1-1-3,n6687,181,1,1,3
mn-181-1-1-4,n6688,181,1,1,4
mn-181-1-1-5,n6689,181,1,1,5
mn-181-5-2-1,n6690,181,5,2,1
mn-181-5-2-2,n6691,181,5,2,2
mn-181-5-2-3,n6692,181,5,2,3
mn-181-5-2-4,n6693,181,5,2,4
