note_id,original_id,bar,voice,staff,ordinal
mn-0-1-1-1,n1,0,1,1,1
mn-0-1-1-2,n2,0,1,1,2
mn-0-1-1-3,n3,0,1,1,3
mn-0-5-2-1,n4,0,5,2,1
mn-0-5-2-2,n5,0,5,2,2
mn-0-5-2-3,n6,0,5,2,3
mn-1-1-1-1,n7,1,1,1,1
mn-1-1-1-2,n8,1,1,1,2
mn-1-1-1-3,n9,1,1,1,3
mn-1-1-1-4,n10,1,1,1,4
mn-1-1-1-5,n11,1,1,1,5
mn-1-5-2-1,n12,1,5,2,1
mn-1-5-2-2,n13,1,5,2,2
mn-1-5-2-3,n14,1,5,2,3
mn-1-5-2-4,n15,1,5,2,4
mn-1-5-2-5,n16,1,5,2,5
mn-2-1-1-1,n17,2,1,1,1
mn-2-1-1-2,n18,2,1,1,2
mn-2-1-1-3,n19,2,1,1,3
mn-2-1-1-4,n20,2,1,1,4
mn-2-1-1-5,n21,2,1,1,5
mn-2-1-1-6,n22,2,1,1,6
mn-2-5-2-1,n23,2,5,2,1
mn-2-5-2-2,n24,2,5,2,2
mn-2-5-2-3,n25,2,5,2,3
mn-2-5-2-4,n26,2,5,2,4
mn-2-5-2-5,n27,2,5,2,5
mn-2-5-2-6,n28,2,5,2,6
mn-3-1-1-1,n29,3,1,1,1
mn-3-1-1-2,n30,3,1,1,2
mn-3-1-1-3,n31,3,1,1,3
mn-3-1-1-4,n32,3,1,1,4
mn-3-1-1-5,n33,3,1,1,5
mn-3-1-1-6,n34,3,1,1,6
mn-3-1-1-7,n35,3,1,1,7
mn-3-1-1-8,n36,3,1,1,8
mn-3-1-1-9,n37,3,1,1,9
mn-3-2-1-1,n38,3,2,1,1
mn-3-2-1-2,n39,3,2,1,2
mn-3-2-1-3,n40,3,2,1,3
mn-3-2-1-4,n41,3,2,1,4
mn-3-2-1-5,n42,3,2,1,5
mn-3-2-1-6,n43,3,2,1,6
mn-3-2-1-7,n44,3,2,1,7
mn-3-2-1-8,n45,3,2,1,8
mn-3-2-1-9,n46,3,2,1,9
mn-3-2-1-10,n47,3,2,1,10
mn-3-2-1-11,n48,3,2,1,11
mn-3-2-1-12,n49,3,2,1,12
mn-3-2-1-13,n50,3,2,1,13
mn-3-2-1-14,n51,3,2,1,14
mn-3-2-1-15,n52,3,2,1,15
mn-3-2-1-16,n53,3,2,1,16
mn-3-5-2-1,n54,3,5,2,1
mn-3-5-2-2,n55,3,5,2,2
mn-3-5-2-3,n56,3,5,2,3
mn-3-5-2-4,n57,3,5,2,4
mn-3-5-2-5,n58,3,5,2,5
mn-3-5-2-6,n59,3,5,2,6
mn-4-1-1-1,n60,4,1,1,1
mn-4-1-1-2,n61,4,1,1,2
mn-4-1-1-3,n62,4,1,1,3
mn-4-1-1-4,n63,4,1,1,4
mn-4-1-1-5,n64,4,1,1,5
mn-4-1-1-6,n65,4,1,1,6
mn-4-1-1-7,n66,4,1,1,7
mn-4-1-1-8,n67,4,1,1,8
mn-4-1-1-9,n68,4,1,1,9
mn-4-5-2-1,n69,4,5,2,1
mn-4-5-2-2,n70,4,5,2,2
mn-4-5-2-3,n71,4,5,2,3
mn-4-5-2-4,n72,4,5,2,4
mn-4-5-2-5,n73,4,5,2,5
mn-4-5-2-6,n74,4,5,2,6
mn-4-5-2-7,n75,4,5,2,7
mn-4-5-2-8,n76,4,5,2,8
mn-4-5-2-9,n77,4,5,2,9
mn-4-5-2-10,n78,4,5,2,10
mn-4-5-2-11,n79,4,5,2,11
mn-5-1-1-1,n80,5,1,1,1
mn-5-1-1-2,n81,5,1,1,2
mn-5-1-1-3,n82,5,1,1,3
mn-5-1-1-4,n83,5,1,1,4
mn-5-1-1-5,n84,5,1,1,5
mn-5-5-2-1,n85,5,5,2,1
mn-5-5-2-2,n86,5,5,2,2
mn-5-5-2-3,n87,5,5,2,3
mn-5-5-2-4,n88,5,5,2,4
mn-5-5-2-5,n89,5,5,2,5
mn-6-1-1-1,n90,6,1,1,1
mn-6-1-1-2,n91,6,1,1,2
mn-6-1-1-3,n92,6,1,1,3
mn-6-1-1-4,n93,6,1,1,4
mn-6-1-1-5,n94,6,1,1,5
mn-6-1-1-6,n95,6,1,1,6
mn-6-5-2-1,n96,6,5,2,1
mn-6-5-2-2,n97,6,5,2,2
mn-6-5-2-3,n98,6,5,2,3
mn-6-5-2-4,n99,6,5,2,4
mn-6-5-2-5,n100,6,5,2,5
mn-6-5-2-6,n101,6,5,2,6
mn-7-1-1-1,n102,7,1,1,1
mn-7-1-1-2,n103,7,1,1,2
mn-7-1-1-3,n104,7,1,1,3
mn-7-1-1-4,n105,7,1,1,4
mn-7-1-1-5,n106,7,1,1,5
mn-7-1-1-6,n107,7,1,1,6
mn-7-1-1-7,n108,7,1,1,7
mn-7-1-1-8,n109,7,1,1,8
mn-7-1-1-9,n110,7,1,1,9
mn-7-2-1-1,n111,7,2,1,1
mn-7-2-1-2,n112,7,2,1,2
mn-7-2-1-3,n113,7,2,1,3
mn-7-2-1-4,n114,7,2,1,4
mn-7-2-1-5,n115,7,2,1,5
mn-7-2-1-6,n116,7,2,1,6
mn-7-2-1-7,n117,7,2,1,7
mn-7-2-1-8,n118,7,2,1,8
mn-7-2-1-9,n119,7,2,1,9
mn-7-2-1-10,n120,7,2,1,10
mn-7-2-1-11,n121,7,2,1,11
mn-7-2-1-12,n122,7,2,1,12
mn-7-2-1-13,n123,7,2,1,13
mn-7-2-1-14,n124,7,2,1,14
mn-7-2-1-15,n125,7,2,1,15
mn-7-2-1-16,n126,7,2,1,16
mn-7-5-2-1,n127,7,5,2,1
mn-7-5-2-2,n128,7,5,2,2
mn-7-5-2-3,n129,7,5,2,3
mn-7-5-2-4,n130,7,5,2,4
mn-7-5-2-5,n131,7,5,2,5
mn-7-5-2-6,n132,7,5,2,6
mn-8-1-1-1,n133,8,1,1,1
mn-8-1-1-2,n134,8,1,1,2
mn-8-1-1-3,n135,8,1,1,3
mn-8-1-1-4,n136,8,1,1,4
mn-8-1-1-5,n137,8,1,1,5
mn-8-5-2-1,n138,8,5,2,1
mn-8-5-2-2,n139,8,5,2,2
mn-8-5-2-3,n140,8,5,2,3
mn-8-5-2-4,n141,8,5,2,4
mn-8-5-2-5,n142,8,5,2,5
mn-8-5-2-6,n143,8,5,2,6
mn-8-5-2-7,n144,8,5,2,7
mn-9-1-1-1,n145,9,1,1,1
mn-9-1-1-2,n146,9,1,1,2
mn-9-1-1-3,n147,9,1,1,3
mn-9-1-1-4,n148,9,1,1,4
mn-9-1-1-5,n149,9,1,1,5
mn-9-1-1-6,n150,9,1,1,6
mn-9-1-1-7,n151,9,1,1,7
mn-9-1-1-8,n152,9,1,1,8
mn-9-1-1-9,n153,9,1,1,9
mn-9-2-1-1,n154,9,2,1,1
mn-9-2-1-2,n155,9,2,1,2
mn-9-2-1-3,n156,9,2,1,3
mn-9-2-1-4,n157,9,2,1,4
mn-9-2-1-5,n158,9,2,1,5
mn-9-2-1-6,n159,9,2,1,6
mn-9-2-1-7,n160,9,2,1,7
mn-9-2-1-8,n161,9,2,1,8
mn-9-2-1-9,n162,9,2,1,9
mn-9-2-1-10,n163,9,2,1,10
mn-9-2-1-11,n164,9,2,1,11
mn-9-2-1-12,n165,9,2,1,12
mn-9-2-1-13,n166,9,2,1,13
mn-9-2-1-14,n167,9,2,1,14
mn-9-2-1-15,n168,9,2,1,15
mn-9-2-1-16,n169,9,2,1,16
mn-9-5-2-1,n170,9,5,2,1
mn-9-5-2-2,n171,9,5,2,2
mn-9-5-2-3,n172,9,5,2,3
mn-9-5-2-4,n173,9,5,2,4
mn-9-5-2-5,n174,9,5,2,5
mn-10-1-1-1,n175,10,1,1,1
mn-10-1-1-2,n176,10,1,1,2
mn-10-1-1-3,n177,10,1,1,3
mn-10-1-1-4,n178,10,1,1,4
mn-10-1-1-5,n179,10,1,1,5
mn-10-5-2-1,n180,10,5,2,1
mn-10-5-2-2,n181,10,5,2,2
mn-10-5-2-3,n182,10,5,2,3
mn-10-5-2-4,n183,10,5,2,4
mn-10-5-2-5,n184,10,5,2,5
mn-10-5-2-6,n185,10,5,2,6
mn-10-5-2-7,n186,10,5,2,7
mn-10-5-2-8,n187,10,5,2,8
mn-10-5-2-9,n188,10,5,2,9
mn-10-5-2-10,n189,10,5,2,10
mn-11-1-1-1,n190,11,1,1,1
mn-11-1-1-2,n191,11,1,1,2
mn-11-1-1-3,n192,11,1,1,3
mn-11-1-1-4,n193,11,1,1,4
mn-11-1-1-5,n194,11,1,1,5
mn-11-1-1-6,n195,11,1,1,6
mn-11-1-1-7,n196,11,1,1,7
mn-11-1-1-8,n197,11,1,1,8
mn-11-1-1-9,n198,11,1,1,9
mn-11-2-1-1,n199,11,2,1,1
mn-11-2-1-2,n200,11,2,1,2
mn-11-2-1-3,n201,11,2,1,3
mn-11-2-1-4,n202,11,2,1,4
mn-11-2-1-5,n203,11,2,1,5
mn-11-2-1-6,n204,11,2,1,6
mn-11-2-1-7,n205,11,2,1,7
mn-11-2-1-8,n206,11,2,1,8
mn-11-2-1-9,n207,11,2,1,9
mn-11-2-1-10,n208,11,2,1,10
mn-11-2-1-11,n209,11,2,1,11
mn-11-2-1-12,n210,11,2,1,12
mn-11-2-1-13,n211,11,2,1,13
mn-11-2-1-14,n212,11,2,1,14
mn-11-2-1-15,n213,11,2,1,15
mn-11-2-1-16,n214,11,2,1,16
mn-11-5-2-1,n215,11,5,2,1
mn-11-5-2-2,n216,11,5,2,2
mn-11-5-2-3,n217,11,5,2,3
mn-11-5-2-4,n218,11,5,2,4
mn-11-5-2-5,n219,11,5,2,5
mn-11-5-2-6,n220,11,5,2,6
mn-12-1-1-1,n221,12,1,1,1
mn-12-1-1-2,n222,12,1,1,2
mn-12-1-1-3,n223,12,1,1,3
mn-12-1-1-4,n224,12,1,1,4
mn-12-1-1-5,n225,12,1,1,5
mn-12-1-1-6,n226,12,1,1,6
mn-12-1-1-7,n227,12,1,1,7
mn-12-1-1-8,n228,12,1,1,8
mn-12-1-1-9,n229,12,1,1,9
mn-12-1-1-10,n230,12,1,1,10
mn-12-1-1-11,n231,12,1,1,11
mn-12-1-1-12,n232,12,1,1,12
mn-12-5-2-1,n233,12,5,2,1
mn-12-5-2-2,n234,12,5,2,2
mn-12-5-2-3,n235,12,5,2,3
mn-12-5-2-4,n236,12,5,2,4
mn-12-5-2-5,n237,12,5,2,5
mn-12-5-2-6,n238,12,5,2,6
mn-12-5-2-7,n239,12,5,2,7
mn-12-5-2-8,n240,12,5,2,8
mn-12-5-2-9,n241,12,5,2,9
mn-12-5-2-10,n242,12,5,2,10
mn-12-5-2-11,n243,12,5,2,11
mn-13-1-1-1,n244,13,1,1,1
mn-13-1-1-2,n245,13,1,1,2
mn-13-1-1-3,n246,13,1,1,3
mn-13-1-1-4,n247,13,1,1,4
mn-13-1-1-5,n248,13,1,1,5
mn-13-1-1-6,n249,13,1,1,6
mn-13-1-1-7,n250,13,1,1,7
mn-13-1-1-8,n251,13,1,1,8
mn-13-1-1-9,n252,13,1,1,9
mn-13-1-1-10,n253,13,1,1,10
mn-13-1-1-11,n254,13,1,1,11
mn-13-1-1-12,n255,13,1,1,12
mn-13-1-1-13,n256,13,1,1,13
mn-13-5-2-1,n257,13,5,2,1
mn-13-5-2-2,n258,13,5,2,2
mn-13-5-2-3,n259,13,5,2,3
mn-13-5-2-4,n260,13,5,2,4
mn-13-5-2-5,n261,13,5,2,5
mn-13-5-2-6,n262,13,5,2,6
mn-13-5-2-7,n263,13,5,2,7
mn-13-5-2-8,n264,13,5,2,8
mn-13-5-2-9,n265,13,5,2,9
mn-14-1-1-1,n266,14,1,1,1
mn-14-1-1-2,n267,14,1,1,2
mn-14-1-1-3,n268,14,1,1,3
mn-14-1-1-4,n269,14,1,1,4
mn-14-1-1-5,n270,14,1,1,5
mn-14-1-1-6,n271,14,1,1,6
mn-14-1-1-7,n272,14,1,1,7
mn-14-1-1-8,n273,14,1,1,8
mn-14-1-1-9,n274,14,1,1,9
mn-14-1-1-10,n275,14,1,1,10
mn-14-1-1-11,n276,14,1,1,11
mn-14-1-1-12,n277,14,1,1,12
mn-14-1-1-13,n278,14,1,1,13
mn-14-1-1-14,n279,14,1,1,14
mn-14-1-1-15,n280,14,1,1,15
mn-14-1-1-16,n281,14,1,1,16
mn-14-1-1-17,n282,14,1,1,17
mn-14-1-1-18,n283,14,1,1,18
mn-14-1-1-19,n284,14,1,1,19
mn-14-1-1-20,n285,14,1,1,20
mn-14-1-1-21,n286,14,1,1,21
mn-14-1-1-22,n287,14,1,1,22
mn-14-1-2-1,n288,14,1,2,1
mn-14-1-2-2,n289,14,1,2,2
mn-14-5-2-1,n290,14,5,2,1
mn-15-1-2-1,n291,15,1,2,1
mn-15-1-2-2,n292,15,1,2,2
mn-15-1-2-3,n293,15,1,2,3
mn-15-1-2-4,n294,15,1,2,4
mn-15-1-1-1,r1,15,1,1,1
mn-15-1-1-2,r2,15,1,1,2
mn-15-1-1-3,r3,15,1,1,3
mn-15-1-2-5,n295,15,1,2,5
mn-15-1-2-6,n296,15,1,2,6
mn-15-1-2-7,n297,15,1,2,7
mn-15-1-1-4,r4,15,1,1,4
mn-15-1-1-5,r5,15,1,1,5
mn-15-1-2-8,n298,15,1,2,8
mn-15-1-2-9,n299,15,1,2,9
mn-15-1-2-10,n300,15,1,2,10
mn-15-1-1-6,r6,15,1,1,6
mn-15-1-1-7,r7,15,1,1,7
mn-15-5-2-1,r8,15,5,2,1
mn-15-5-2-2,r9,15,5,2,2
mn-15-5-2-3,n301,15,5,2,3
mn-15-5-2-4,n302,15,5,2,4
mn-15-5-2-5,n303,15,5,2,5
mn-15-5-2-6,n304,15,5,2,6
mn-15-5-2-7,n305,15,5,2,7
mn-15-5-2-8,n306,15,5,2,8
mn-15-5-2-9,r10,15,5,2,9
mn-15-5-2-10,r11,15,5,2,10
mn-15-5-2-11,r12,15,5,2,11
mn-15-5-2-12,n307,15,5,2,12
mn-15-5-2-13,n308,15,5,2,13
mn-15-5-2-14,r13,15,5,2,14
mn-15-5-2-15,r14,15,5,2,15
mn-16-1-2-1,n309,16,1,2,1
mn-16-1-2-2,n310,16,1,2,2
mn-16-1-2-3,n311,16,1,2,3
mn-16-1-2-4,n312,16,1,2,4
mn-16-1-2-5,n313,16,1,2,5
mn-16-1-2-6,n314,16,1,2,6
mn-16-1-1-1,n315,16,1,1,1
mn-16-1-1-2,n316,16,1,1,2
mn-16-1-1-3,n317,16,1,1,3
mn-16-5-2-1,n318,16,5,2,1
mn-16-5-2-2,n319,16,5,2,2
mn-16-5-2-3,n320,16,5,2,3
mn-16-5-2-4,n321,16,5,2,4
mn-16-5-2-5,n322,16,5,2,5
mn-16-5-2-6,n323,16,5,2,6
mn-16-5-2-7,n324,16,5,2,7
mn-17-1-1-1,n325,17,1,1,1
mn-17-1-1-2,n326,17,1,1,2
mn-17-1-1-3,n327,17,1,1,3
mn-17-1-1-4,n328,17,1,1,4
mn-17-1-1-5,n329,17,1,1,5
mn-17-1-1-6,n330,17,1,1,6
mn-17-1-1-7,n331,17,1,1,7
mn-17-1-1-8,n332,17,1,1,8
mn-17-1-1-9,n333,17,1,1,9
mn-17-1-1-10,n334,17,1,1,10
mn-17-1-1-11,n335,17,1,1,11
mn-17-1-1-12,n336,17,1,1,12
mn-17-1-1-13,n337,17,1,1,13
mn-17-1-1-14,n338,17,1,1,14
mn-17-1-1-15,n339,17,1,1,15
mn-17-1-1-16,n340,17,1,1,16
mn-17-1-1-17,n341,17,1,1,17
mn-17-1-1-18,n342,17,1,1,18
mn-17-1-1-19,n343,17,1,1,19
mn-17-1-1-20,n344,17,1,1,20
mn-17-1-1-21,n345,17,1,1,21
mn-17-1-1-22,n346,17,1,1,22
mn-17-1-1-23,n347,17,1,1,23
mn-17-1-1-24,n348,17,1,1,24
mn-17-1-1-25,n349,17,1,1,25
mn-17-5-2-1,n350,17,5,2,1
mn-17-5-2-2,n351,17,5,2,2
mn-17-5-2-3,n352,17,5,2,3
mn-17-5-2-4,n353,17,5,2,4
mn-17-5-2-5,n354,17,5,2,5
mn-17-5-2-6,n355,17,5,2,6
mn-17-5-2-7,n356,17,5,2,7
mn-17-5-2-8,n357,17,5,2,8
mn-17-5-2-9,n358,17,5,2,9
mn-17-5-2-10,n359,17,5,2,10
mn-17-5-2-11,n360,17,5,2,11
mn-17-5-2-12,n361,17,5,2,12
mn-17-5-2-13,n362,17,5,2,13
mn-17-5-2-14,n363,17,5,2,14
mn-17-5-2-15,n364,17,5,2,15
mn-17-5-2-16,n365,17,5,2,16
mn-17-5-2-17,n366,17,5,2,17
mn-17-5-2-18,n367,17,5,2,18
mn-17-5-2-19,n368,17,5,2,19
mn-17-5-2-20,n369,17,5,2,20
mn-17-5-2-21,n370,17,5,2,21
mn-17-5-2-22,n371,17,5,2,22
mn-17-5-2-23,n372,17,5,2,23
mn-17-5-2-24,n373,17,5,2,24
mn-17-5-2-25,n374,17,5,2,25
mn-17-5-2-26,n375,17,5,2,26
mn-17-5-2-27,n376,17,5,2,27
mn-17-5-2-28,n377,17,5,2,28
mn-17-5-2-29,n378,17,5,2,29
mn-17-5-2-30,n379,17,5,2,30
mn-18-1-1-1,n380,18,1,1,1
mn-18-1-1-2,n381,18,1,1,2
mn-18-1-1-3,n382,18,1,1,3
mn-18-1-1-4,n383,18,1,1,4
mn-18-1-1-5,n384,18,1,1,5
mn-18-1-1-6,n385,18,1,1,6
mn-18-1-1-7,n386,18,1,1,7
mn-18-1-1-8,n387,18,1,1,8
mn-18-1-1-9,n388,18,1,1,9
mn-18-1-1-10,n389,18,1,1,10
mn-18-1-1-11,n390,18,1,1,11
mn-18-5-2-1,n391,18,5,2,1
mn-18-5-2-2,n392,18,5,2,2
mn-18-5-2-3,n393,18,5,2,3
mn-18-5-2-4,n394,18,5,2,4
mn-18-5-2-5,n395,18,5,2,5
mn-18-5-2-6,n396,18,5,2,6
mn-18-5-2-7,n397,18,5,2,7
mn-18-5-2-8,n398,18,5,2,8
mn-18-5-2-9,n399,18,5,2,9
mn-18-5-2-10,n400,18,5,2,10
mn-18-5-2-11,n401,18,5,2,11
mn-19-1-1-1,n402,19,1,1,1
mn-19-1-1-2,n403,19,1,1,2
mn-19-1-1-3,n404,19,1,1,3
mn-19-1-1-4,n405,19,1,1,4
mn-19-1-1-5,n406,19,1,1,5
mn-19-1-1-6,n407,19,1,1,6
mn-19-5-2-1,n408,19,5,2,1
mn-19-5-2-2,n409,19,5,2,2
mn-19-5-2-3,n410,19,5,2,3
mn-19-5-2-4,n411,19,5,2,4
mn-19-5-2-5,n412,19,5,2,5
mn-19-5-2-6,n413,19,5,2,6
mn-20-1-2-1,n414,20,1,2,1
mn-20-1-2-2,n415,20,1,2,2
mn-20-1-2-3,n416,20,1,2,3
mn-20-1-1-1,n417,20,1,1,1
mn-20-1-1-2,n418,20,1,1,2
mn-20-1-1-3,n419,20,1,1,3
mn-20-1-1-4,n420,20,1,1,4
mn-20-1-1-5,n421,20,1,1,5
mn-20-1-1-6,n422,20,1,1,6
mn-20-1-1-7,n423,20,1,1,7
mn-20-1-1-8,n424,20,1,1,8
mn-20-1-1-9,n425,20,1,1,9
mn-20-1-1-10,n426,20,1,1,10
mn-20-1-1-11,n427,20,1,1,11
mn-20-1-1-12,n428,20,1,1,12
mn-20-1-1-13,n429,20,1,1,13
mn-20-1-1-14,n430,20,1,1,14
mn-20-1-1-15,n431,20,1,1,15
mn-20-1-1-16,n432,20,1,1,16
mn-20-1-1-17,n433,20,1,1,17
mn-20-1-1-18,n434,20,1,1,18
mn-20-5-2-1,r15,20,5,2,1
mn-20-5-2-2,r16,20,5,2,2
mn-20-5-2-3,n435,20,5,2,3
mn-20-5-2-4,n436,20,5,2,4
mn-20-5-2-5,n437,20,5,2,5
mn-20-5-2-6,n438,20,5,2,6
mn-20-5-2-7,n439,20,5,2,7
mn-20-5-2-8,n440,20,5,2,8
mn-20-5-2-9,n441,20,5,2,9
mn-20-5-2-10,n442,20,5,2,10
mn-20-5-2-11,n443,20,5,2,11
mn-20-5-2-12,n444,20,5,2,12
mn-20-5-2-13,n445,20,5,2,13
mn-20-5-2-14,n446,20,5,2,14
mn-20-5-2-15,n447,20,5,2,15
mn-20-5-2-16,n448,20,5,2,16
mn-20-5-2-17,n449,20,5,2,17
mn-20-5-2-18,n450,20,5,2,18
mn-20-5-2-19,n451,20,5,2,19
mn-20-5-2-20,n452,20,5,2,20
mn-20-5-2-21,n453,20,5,2,21
mn-20-5-2-22,n454,20,5,2,22
mn-20-5-2-23,n455,20,5,2,23
mn-21-1-1-1,n456,21,1,1,1
mn-21-1-1-2,n457,21,1,1,2
mn-21-1-1-3,n458,21,1,1,3
mn-21-1-1-4,n459,21,1,1,4
mn-21-1-1-5,n460,21,1,1,5
mn-21-1-1-6,n461,21,1,1,6
mn-21-1-1-7,n462,21,1,1,7
mn-21-1-1-8,n463,21,1,1,8
mn-21-2-1-1,n464,21,2,1,1
mn-21-2-1-2,n465,21,2,1,2
mn-21-2-1-3,n466,21,2,1,3
mn-21-2-1-4,n467,21,2,1,4
mn-21-2-1-5,n468,21,2,1,5
mn-21-2-1-6,n469,21,2,1,6
mn-21-2-1-7,n470,21,2,1,7
mn-21-2-1-8,n471,21,2,1,8
mn-21-2-1-9,n472,21,2,1,9
mn-21-2-1-10,n473,21,2,1,10
mn-21-2-1-11,n474,21,2,1,11
mn-21-2-1-12,n475,21,2,1,12
mn-21-2-1-13,n476,21,2,1,13
mn-21-2-1-14,n477,21,2,1,14
mn-21-2-1-15,n478,21,2,1,15
mn-21-2-1-16,n479,21,2,1,16
mn-21-4-1-1,n480,21,4,1,1
mn-21-5-2-1,n481,21,5,2,1
mn-21-5-2-2,n482,21,5,2,2
mn-21-5-2-3,n483,21,5,2,3
mn-21-5-2-4,n484,21,5,2,4
mn-22-1-2-1,n485,22,1,2,1
mn-22-1-2-2,n486,22,1,2,2
mn-22-1-2-3,n487,22,1,2,3
mn-22-1-1-1,n488,22,1,1,1
mn-22-1-1-2,n489,22,1,1,2
mn-22-1-1-3,n490,22,1,1,3
mn-22-1-1-4,n491,22,1,1,4
mn-22-1-1-5,n492,22,1,1,5
mn-22-1-1-6,n493,22,1,1,6
mn-22-1-1-7,n494,22,1,1,7
mn-22-1-1-8,n495,22,1,1,8
mn-22-1-1-9,n496,22,1,1,9
mn-22-1-1-10,n497,22,1,1,10
mn-22-1-1-11,n498,22,1,1,11
mn-22-1-1-12,n499,22,1,1,12
mn-22-1-1-13,n500,22,1,1,13
mn-22-1-1-14,n501,22,1,1,14
mn-22-1-1-15,n502,22,1,1,15
mn-22-1-1-16,n503,22,1,1,16
mn-22-1-1-17,n504,22,1,1,17
mn-22-1-1-18,n505,22,1,1,18
mn-22-5-2-1,r17,22,5,2,1
mn-22-5-2-2,r18,22,5,2,2
mn-22-5-2-3,n506,22,5,2,3
mn-22-5-2-4,n507,22,5,2,4
mn-22-5-2-5,n508,22,5,2,5
mn-22-5-2-6,n509,22,5,2,6
mn-22-5-2-7,n510,22,5,2,7
mn-22-5-2-8,n511,22,5,2,8
mn-22-5-2-9,n512,22,5,2,9
mn-22-5-2-10,n513,22,5,2,10
mn-22-5-2-11,n514,22,5,2,11
mn-22-5-2-12,n515,22,5,2,12
mn-22-5-2-13,n516,22,5,2,13
mn-22-5-2-14,n517,22,5,2,14
mn-22-5-2-15,n518,22,5,2,15
mn-22-5-2-16,n519,22,5,2,16
mn-22-5-2-17,n520,22,5,2,17
mn-22-5-2-18,n521,22,5,2,18
mn-22-5-2-19,n522,22,5,2,19
mn-22-5-2-20,n523,22,5,2,20
mn-22-5-2-21,n524,22,5,2,21
mn-22-5-2-22,n525,22,5,2,22
mn-22-5-2-23,n526,22,5,2,23
mn-23-1-1-1,n527,23,1,1,1
mn-23-1-1-2,n528,23,1,1,2
mn-23-1-1-3,n529,23,1,1,3
mn-23-1-1-4,n530,23,1,1,4
mn-23-1-1-5,n531,23,1,1,5
mn-23-1-1-6,n532,23,1,1,6
mn-23-1-1-7,n533,23,1,1,7
mn-23-1-1-8,n534,23,1,1,8
mn-23-2-1-1,n535,23,2,1,1
mn-23-2-1-2,n536,23,2,1,2
mn-23-2-1-3,n537,23,2,1,3
mn-23-2-1-4,n538,23,2,1,4
mn-23-2-1-5,n539,23,2,1,5
mn-23-2-1-6,n540,23,2,1,6
mn-23-2-1-7,n541,23,2,1,7
mn-23-2-1-8,n542,23,2,1,8
mn-23-2-1-9,n543,23,2,1,9
mn-23-2-1-10,n544,23,2,1,10
mn-23-2-1-11,n545,23,2,1,11
mn-23-2-1-12,n546,23,2,1,12
mn-23-2-1-13,n547,23,2,1,13
mn-23-2-1-14,n548,23,2,1,14
mn-23-2-1-15,n549,23,2,1,15
mn-23-2-1-16,n550,23,2,1,16
mn-23-5-2-1,n551,23,5,2,1
mn-23-5-2-2,n552,23,5,2,2
mn-23-5-2-3,n553,23,5,2,3
mn-23-5-2-4,n554,23,5,2,4
mn-24-1-1-1,n555,24,1,1,1
mn-24-1-1-2,n556,24,1,1,2
mn-24-1-1-3,n557,24,1,1,3
mn-24-1-1-4,n558,24,1,1,4
mn-24-1-1-5,n559,24,1,1,5
mn-24-5-2-1,n560,24,5,2,1
mn-24-5-2-2,n561,24,5,2,2
mn-24-5-2-3,n562,24,5,2,3
mn-24-5-2-4,n563,24,5,2,4
mn-24-5-2-5,n564,24,5,2,5
mn-24-5-2-6,n565,24,5,2,6
mn-24-5-2-7,n566,24,5,2,7
mn-24-5-2-8,n567,24,5,2,8
mn-24-5-2-9,n568,24,5,2,9
mn-24-5-2-10,n569,24,5,2,10
mn-24-5-2-11,n570,24,5,2,11
mn-24-5-2-12,n571,24,5,2,12
mn-24-5-2-13,n572,24,5,2,13
mn-25-1-1-1,n573,25,1,1,1
mn-25-1-1-2,n574,25,1,1,2
mn-25-1-1-3,n575,25,1,1,3
mn-25-1-1-4,n576,25,1,1,4
mn-25-1-1-5,n577,25,1,1,5
mn-25-5-2-1,n578,25,5,2,1
mn-25-5-2-2,n579,25,5,2,2
mn-25-5-2-3,n580,25,5,2,3
mn-25-5-2-4,n581,25,5,2,4
mn-25-5-2-5,n582,25,5,2,5
mn-25-5-2-6,n583,25,5,2,6
mn-25-5-2-7,n584,25,5,2,7
mn-25-5-2-8,n585,25,5,2,8
mn-25-5-2-9,n586,25,5,2,9
mn-25-5-2-10,n587,25,5,2,10
mn-25-5-2-11,n588,25,5,2,11
mn-25-5-2-12,n589,25,5,2,12
mn-25-5-2-13,n590,25,5,2,13
mn-26-1-1-1,n591,26,1,1,1
mn-26-1-1-2,n592,26,1,1,2
mn-26-1-1-3,n593,26,1,1,3
mn-26-5-2-1,n594,26,5,2,1
mn-26-5-2-2,n595,26,5,2,2
mn-26-5-2-3,n596,26,5,2,3
mn-26-5-2-4,n597,26,5,2,4
mn-26-5-2-5,n598,26,5,2,5
mn-26-5-2-6,n599,26,5,2,6
mn-26-5-2-7,n600,26,5,2,7
mn-26-5-2-8,n601,26,5,2,8
mn-26-5-2-9,n602,26,5,2,9
mn-26-5-2-10,n603,26,5,2,10
mn-26-5-2-11,n604,26,5,2,11
mn-26-5-2-12,n605,26,5,2,12
mn-26-5-2-13,n606,26,5,2,13
mn-26-5-2-14,n607,26,5,2,14
mn-26-5-2-15,n608,26,5,2,15
mn-27-1-1-1,n609,27,1,1,1
mn-27-1-1-2,n610,27,1,1,2
mn-27-1-1-3,n611,27,1,1,3
mn-27-1-1-4,n612,27,1,1,4
mn-27-1-1-5,n613,27,1,1,5
mn-27-1-1-6,n614,27,1,1,6
mn-27-1-1-7,n615,27,1,1,7
mn-27-1-1-8,n616,27,1,1,8
mn-27-1-1-9,n617,27,1,1,9
mn-27-1-1-10,n618,27,1,1,10
mn-27-1-1-11,n619,27,1,1,11
mn-27-1-1-12,n620,27,1,1,12
mn-27-1-1-13,n621,27,1,1,13
mn-27-1-1-14,n622,27,1,1,14
mn-27-5-2-1,n623,27,5,2,1
mn-27-5-2-2,n624,27,5,2,2
mn-27-5-2-3,n625,27,5,2,3
mn-27-5-2-4,n626,27,5,2,4
mn-27-5-2-5,n627,27,5,2,5
mn-27-5-2-6,n628,27,5,2,6
mn-27-5-2-7,n629,27,5,2,7
mn-27-5-2-8,n630,27,5,2,8
mn-27-5-2-9,n631,27,5,2,9
mn-27-5-2-10,n632,27,5,2,10
mn-27-5-2-11,n633,27,5,2,11
mn-27-5-2-12,n634,27,5,2,12
mn-27-5-2-13,n635,27,5,2,13
mn-28-1-1-1,n636,28,1,1,1
mn-28-1-1-2,n637,28,1,1,2
mn-28-1-1-3,n638,28,1,1,3
mn-28-1-1-4,n639,28,1,1,4
mn-28-1-1-5,n640,28,1,1,5
mn-28-1-1-6,n641,28,1,1,6
mn-28-1-1-7,n642,28,1,1,7
mn-28-1-1-8,n643,28,1,1,8
mn-28-1-1-9,n644,28,1,1,9
mn-28-1-1-10,n645,28,1,1,10
mn-28-1-1-11,n646,28,1,1,11
mn-28-1-1-12,n647,28,1,1,12
mn-28-1-1-13,n648,28,1,1,13
mn-28-1-1-14,n649,28,1,1,14
mn-28-1-1-15,n650,28,1,1,15
mn-28-1-1-16,n651,28,1,1,16
mn-28-5-2-1,n652,28,5,2,1
mn-28-5-2-2,n653,28,5,2,2
mn-28-5-2-3,n654,28,5,2,3
mn-28-5-2-4,n655,28,5,2,4
mn-28-5-2-5,n656,28,5,2,5
mn-28-5-2-6,n657,28,5,2,6
mn-28-5-2-7,n658,28,5,2,7
mn-28-5-2-8,n659,28,5,2,8
mn-28-5-2-9,n660,28,5,2,9
mn-28-5-2-10,n661,28,5,2,10
mn-28-5-2-11,n662,28,5,2,11
mn-28-5-2-12,n663,28,5,2,12
mn-28-5-2-13,n664,28,5,2,13
mn-29-1-1-1,n665,29,1,1,1
mn-29-1-1-2,n666,29,1,1,2
mn-29-1-1-3,n667,29,1,1,3
mn-29-1-1-4,n668,29,1,1,4
mn-29-1-1-5,n669,29,1,1,5
mn-29-1-1-6,n670,29,1,1,6
mn-29-1-1-7,n671,29,1,1,7
mn-29-1-1-8,n672,29,1,1,8
mn-29-1-1-9,n673,29,1,1,9
mn-29-1-1-10,n674,29,1,1,10
mn-29-1-1-11,n675,29,1,1,11
mn-29-1-1-12,n676,29,1,1,12
mn-29-1-1-13,n677,29,1,1,13
mn-29-1-1-14,n678,29,1,1,14
mn-29-1-1-15,n679,29,1,1,15
mn-29-1-1-16,n680,29,1,1,16
mn-29-5-2-1,n681,29,5,2,1
mn-29-5-2-2,n682,29,5,2,2
mn-29-5-2-3,n683,29,5,2,3
mn-29-5-2-4,n684,29,5,2,4
mn-29-5-2-5,n685,29,5,2,5
mn-29-5-2-6,n686,29,5,2,6
mn-29-5-2-7,n687,29,5,2,7
mn-29-5-2-8,n688,29,5,2,8
mn-29-5-2-9,n689,29,5,2,9
mn-29-5-2-10,n690,29,5,2,10
mn-29-5-2-11,n691,29,5,2,11
mn-29-5-2-12,n692,29,5,2,12
mn-29-5-2-13,n693,29,5,2,13
mn-30-1-1-1,n694,30,1,1,1
mn-30-1-1-2,n695,30,1,1,2
mn-30-1-1-3,n696,30,1,1,3
mn-30-5-2-1,n697,30,5,2,1
mn-30-5-2-2,n698,30,5,2,2
mn-30-5-2-3,n699,30,5,2,3
mn-30-5-2-4,n700,30,5,2,4
mn-30-5-2-5,n701,30,5,2,5
mn-30-5-2-6,n702,30,5,2,6
mn-30-5-2-7,n703,30,5,2,7
mn-30-5-2-8,n704,30,5,2,8
mn-30-5-2-9,n705,30,5,2,9
mn-30-5-2-10,n706,30,5,2,10
mn-30-5-2-11,n707,30,5,2,11
mn-30-5-2-12,n708,30,5,2,12
mn-30-5-2-13,n709,30,5,2,13
mn-30-5-2-14,n710,30,5,2,14
mn-30-5-2-15,n711,30,5,2,15
mn-31-1-1-1,n712,31,1,1,1
mn-31-1-1-2,n713,31,1,1,2
mn-31-1-1-3,n714,31,1,1,3
mn-31-1-1-4,n715,31,1,1,4
mn-31-1-1-5,n716,31,1,1,5
mn-31-1-1-6,n717,31,1,1,6
mn-31-1-1-7,n718,31,1,1,7
mn-31-1-1-8,n719,31,1,1,8
mn-31-1-1-9,n720,31,1,1,9
mn-31-5-2-1,n721,31,5,2,1
mn-31-5-2-2,n722,31,5,2,2
mn-31-5-2-3,n723,31,5,2,3
mn-31-5-2-4,n724,31,5,2,4
mn-31-5-2-5,n725,31,5,2,5
mn-31-5-2-6,n726,31,5,2,6
mn-31-5-2-7,n727,31,5,2,7
mn-31-5-2-8,n728,31,5,2,8
mn-31-5-2-9,n729,31,5,2,9
mn-31-5-2-10,n730,31,5,2,10
mn-31-5-2-11,n731,31,5,2,11
mn-31-5-2-12,n732,31,5,2,12
mn-31-5-2-13,n733,31,5,2,13
mn-31-5-2-14,n734,31,5,2,14
mn-32-1-1-1,n735,32,1,1,1
mn-32-1-1-2,n736,32,1,1,2
mn-32-1-1-3,n737,32,1,1,3
mn-32-1-1-4,n738,32,1,1,4
mn-32-1-1-5,n739,32,1,1,5
mn-32-1-1-6,n740,32,1,1,6
mn-32-1-1-7,n741,32,1,1,7
mn-32-1-1-8,n742,32,1,1,8
mn-32-1-1-9,n743,32,1,1,9
mn-32-1-1-10,n744,32,1,1,10
mn-32-1-1-11,n745,32,1,1,11
mn-32-5-2-1,n746,32,5,2,1
mn-32-5-2-2,n747,32,5,2,2
mn-32-5-2-3,n748,32,5,2,3
mn-32-5-2-4,n749,32,5,2,4
mn-32-5-2-5,n750,32,5,2,5
mn-32-5-2-6,n751,32,5,2,6
mn-32-5-2-7,n752,32,5,2,7
mn-32-5-2-8,n753,32,5,2,8
mn-32-5-2-9,n754,32,5,2,9
mn-32-5-2-10,n755,32,5,2,10
mn-32-5-2-11,n756,32,5,2,11
mn-32-5-2-12,n757,32,5,2,12
mn-32-5-2-13,n758,32,5,2,13
mn-32-5-2-14,n759,32,5,2,14
mn-33-1-1-1,n760,33,1,1,1
mn-33-1-1-2,n761,33,1,1,2
mn-33-1-1-3,n762,33,1,1,3
mn-33-1-1-4,n763,33,1,1,4
mn-33-1-1-5,n764,33,1,1,5
mn-33-1-1-6,n765,33,1,1,6
mn-33-5-2-1,n766,33,5,2,1
mn-33-5-2-2,n767,33,5,2,2
mn-33-5-2-3,n768,33,5,2,3
mn-33-5-2-4,n769,33,5,2,4
mn-33-5-2-5,n770,33,5,2,5
mn-33-5-2-6,n771,33,5,2,6
mn-33-5-2-7,n772,33,5,2,7
mn-33-5-2-8,n773,33,5,2,8
mn-33-5-2-9,n774,33,5,2,9
mn-33-5-2-10,n775,33,5,2,10
mn-33-5-2-11,n776,33,5,2,11
mn-33-5-2-12,n777,33,5,2,12
mn-34-1-2-1,n778,34,1,2,1
mn-34-1-2-2,n779,34,1,2,2
mn-34-1-2-3,n780,34,1,2,3
mn-34-1-1-1,n781,34,1,1,1
mn-34-1-1-2,n782,34,1,1,2
mn-34-1-1-3,n783,34,1,1,3
mn-34-5-2-1,r19,34,5,2,1
mn-34-5-2-2,n784,34,5,2,2
mn-34-5-2-3,n785,34,5,2,3
mn-34-5-2-4,n786,34,5,2,4
mn-34-5-2-5,n787,34,5,2,5
mn-34-5-2-6,n788,34,5,2,6
mn-34-5-2-7,n789,34,5,2,7
mn-34-5-2-8,n790,34,5,2,8
mn-34-5-2-9,n791,34,5,2,9
mn-34-5-2-10,n792,34,5,2,10
mn-34-5-2-11,n793,34,5,2,11
mn-34-5-2-12,n794,34,5,2,12
mn-35-1-1-1,n795,35,1,1,1
mn-35-1-1-2,n796,35,1,1,2
mn-35-1-1-3,n797,35,1,1,3
mn-35-1-2-1,n798,35,1,2,1
mn-35-1-2-2,n799,35,1,2,2
mn-35-1-2-3,n800,35,1,2,3
mn-35-1-2-4,n801,35,1,2,4
mn-35-1-2-5,n802,35,1,2,5
mn-35-1-2-6,n803,35,1,2,6
mn-35-5-2-1,n804,35,5,2,1
mn-35-5-2-2,n805,35,5,2,2
mn-35-5-2-3,n806,35,5,2,3
mn-35-5-2-4,n807,35,5,2,4
mn-35-5-2-5,n808,35,5,2,5
mn-35-5-2-6,n809,35,5,2,6
mn-35-5-2-7,n810,35,5,2,7
mn-35-5-2-8,n811,35,5,2,8
mn-35-5-2-9,n812,35,5,2,9
mn-35-5-2-10,n813,35,5,2,10
mn-35-5-2-11,n814,35,5,2,11
mn-35-5-2-12,n815,35,5,2,12
mn-35-5-2-13,n816,35,5,2,13
mn-35-5-2-14,n817,35,5,2,14
mn-35-5-2-15,n818,35,5,2,15
mn-35-5-2-16,n819,35,5,2,16
mn-35-5-2-17,n820,35,5,2,17
mn-35-5-2-18,n821,35,5,2,18
mn-35-5-2-19,n822,35,5,2,19
mn-35-5-2-20,n823,35,5,2,20
mn-35-5-2-21,n824,35,5,2,21
mn-35-5-2-22,n825,35,5,2,22
mn-35-5-2-23,n826,35,5,2,23
mn-35-5-2-24,n827,35,5,2,24
mn-36-1-1-1,n828,36,1,1,1
mn-36-1-1-2,n829,36,1,1,2
mn-36-1-1-3,n830,36,1,1,3
mn-36-1-1-4,n831,36,1,1,4
mn-36-1-1-5,n832,36,1,1,5
mn-36-1-1-6,n833,36,1,1,6
mn-36-1-1-7,n834,36,1,1,7
mn-36-1-1-8,n835,36,1,1,8
mn-36-1-1-9,n836,36,1,1,9
mn-36-1-1-10,n837,36,1,1,10
mn-36-1-1-11,n838,36,1,1,11
mn-36-1-1-12,n839,36,1,1,12
mn-36-1-1-13,n840,36,1,1,13
mn-36-1-1-14,n841,36,1,1,14
mn-36-1-1-15,n842,36,1,1,15
mn-36-1-1-16,n843,36,1,1,16
mn-36-5-2-1,n844,36,5,2,1
mn-36-5-2-2,n845,36,5,2,2
mn-36-5-2-3,n846,36,5,2,3
mn-36-5-2-4,n847,36,5,2,4
mn-36-5-2-5,n848,36,5,2,5
mn-36-5-2-6,n849,36,5,2,6
mn-36-5-2-7,n850,36,5,2,7
mn-36-5-2-8,n851,36,5,2,8
mn-36-5-2-9,n852,36,5,2,9
mn-36-5-2-10,n853,36,5,2,10
mn-36-5-2-11,n854,36,5,2,11
mn-36-5-2-12,n855,36,5,2,12
mn-36-5-2-13,n856,36,5,2,13
mn-36-5-2-14,n857,36,5,2,14
mn-36-5-2-15,n858,36,5,2,15
mn-36-5-2-16,n859,36,5,2,16
mn-36-5-2-17,n860,36,5,2,17
mn-36-5-2-18,n861,36,5,2,18
mn-36-5-2-19,n862,36,5,2,19
mn-36-5-2-20,n863,36,5,2,20
mn-36-5-2-21,n864,36,5,2,21
mn-36-5-2-22,n865,36,5,2,22
mn-36-5-2-23,n866,36,5,2,23
mn-36-5-2-24,n867,36,5,2,24
mn-37-1-1-1,n868,37,1,1,1
mn-37-1-1-2,n869,37,1,1,2
mn-37-1-1-3,n870,37,1,1,3
mn-37-1-1-4,n871,37,1,1,4
mn-37-1-1-5,n872,37,1,1,5
mn-37-1-1-6,n873,37,1,1,6
mn-37-1-1-7,n874,37,1,1,7
mn-37-1-1-8,n875,37,1,1,8
mn-37-1-1-9,n876,37,1,1,9
mn-37-1-1-10,n877,37,1,1,10
mn-37-5-2-1,n878,37,5,2,1
mn-37-5-2-2,n879,37,5,2,2
mn-37-5-2-3,n880,37,5,2,3
mn-37-5-2-4,n881,37,5,2,4
mn-37-5-2-5,n882,37,5,2,5
mn-37-5-2-6,n883,37,5,2,6
mn-37-5-2-7,n884,37,5,2,7
mn-37-5-2-8,n885,37,5,2,8
mn-37-5-2-9,n886,37,5,2,9
mn-37-5-2-10,n887,37,5,2,10
mn-37-5-2-11,n888,37,5,2,11
mn-37-5-2-12,n889,37,5,2,12
mn-37-5-2-13,n890,37,5,2,13
mn-37-5-2-14,n891,37,5,2,14
mn-37-5-2-15,n892,37,5,2,15
mn-37-5-2-16,n893,37,5,2,16
mn-37-5-2-17,n894,37,5,2,17
mn-37-5-2-18,n895,37,5,2,18
mn-37-5-2-19,n896,37,5,2,19
mn-37-5-2-20,n897,37,5,2,20
mn-38-1-1-1,n898,38,1,1,1
mn-38-1-1-2,n899,38,1,1,2
mn-38-1-1-3,n900,38,1,1,3
mn-38-1-1-4,n901,38,1,1,4
mn-38-1-1-5,n902,38,1,1,5
mn-38-1-1-6,n903,38,1,1,6
mn-38-1-1-7,n904,38,1,1,7
mn-38-1-1-8,n905,38,1,1,8
mn-38-2-2-1,n906,38,2,2,1
mn-38-2-2-2,n907,38,2,2,2
mn-38-2-2-3,n908,38,2,2,3
mn-38-2-2-4,n909,38,2,2,4
mn-38-2-2-5,n910,38,2,2,5
mn-38-2-2-6,n911,38,2,2,6
mn-38-2-2-7,n912,38,2,2,7
mn-38-2-2-8,n913,38,2,2,8
mn-38-5-2-1,n914,38,5,2,1
mn-38-5-2-2,n915,38,5,2,2
mn-38-5-2-3,n916,38,5,2,3
mn-38-5-2-4,n917,38,5,2,4
mn-38-5-2-5,n918,38,5,2,5
mn-38-5-2-6,n919,38,5,2,6
mn-38-5-2-7,n920,38,5,2,7
mn-38-5-2-8,n921,38,5,2,8
mn-38-5-2-9,n922,38,5,2,9
mn-38-5-2-10,n923,38,5,2,10
mn-38-5-2-11,n924,38,5,2,11
mn-38-5-2-12,n925,38,5,2,12
mn-39-1-1-1,n926,39,1,1,1
mn-39-1-1-2,n927,39,1,1,2
mn-39-1-1-3,n928,39,1,1,3
mn-39-1-1-4,n929,39,1,1,4
mn-39-1-1-5,n930,39,1,1,5
mn-39-1-1-6,n931,39,1,1,6
mn-39-1-1-7,n932,39,1,1,7
mn-39-1-1-8,n933,39,1,1,8
mn-39-5-2-1,n934,39,5,2,1
mn-39-5-2-2,n935,39,5,2,2
mn-39-5-2-3,n936,39,5,2,3
mn-39-5-2-4,n937,39,5,2,4
mn-39-5-2-5,n938,39,5,2,5
mn-39-5-2-6,n939,39,5,2,6
mn-39-5-2-7,n940,39,5,2,7
mn-39-5-2-8,n941,39,5,2,8
mn-39-5-2-9,n942,39,5,2,9
mn-39-5-2-10,n943,39,5,2,10
mn-39-5-2-11,n944,39,5,2,11
mn-39-5-2-12,n945,39,5,2,12
mn-39-5-2-13,n946,39,5,2,13
mn-39-5-2-14,n947,39,5,2,14
mn-39-5-2-15,n948,39,5,2,15
mn-39-5-2-16,n949,39,5,2,16
mn-39-5-2-17,n950,39,5,2,17
mn-39-5-2-18,n951,39,5,2,18
mn-39-5-2-19,n952,39,5,2,19
mn-39-5-2-20,n953,39,5,2,20
mn-39-5-2-21,n954,39,5,2,21
mn-39-5-2-22,n955,39,5,2,22
mn-39-5-2-23,n956,39,5,2,23
mn-39-5-2-24,n957,39,5,2,24
mn-40-1-1-1,n958,40,1,1,1
mn-40-1-1-2,n959,40,1,1,2
mn-40-1-1-3,n960,40,1,1,3
mn-40-1-1-4,n961,40,1,1,4
mn-40-1-1-5,n962,40,1,1,5
mn-40-1-1-6,n963,40,1,1,6
mn-40-1-1-7,n964,40,1,1,7
mn-40-1-1-8,n965,40,1,1,8
mn-40-1-1-9,n966,40,1,1,9
mn-40-1-1-10,n967,40,1,1,10
mn-40-1-1-11,n968,40,1,1,11
mn-40-1-1-12,n969,40,1,1,12
mn-40-1-1-13,n970,40,1,1,13
mn-40-1-1-14,n971,40,1,1,14
mn-40-1-1-15,n972,40,1,1,15
mn-40-1-1-16,n973,40,1,1,16
mn-40-5-2-1,n974,40,5,2,1
mn-40-5-2-2,n975,40,5,2,2
mn-40-5-2-3,n976,40,5,2,3
mn-40-5-2-4,n977,40,5,2,4
mn-40-5-2-5,n978,40,5,2,5
mn-40-5-2-6,n979,40,5,2,6
mn-40-5-2-7,n980,40,5,2,7
mn-40-5-2-8,n981,40,5,2,8
mn-40-5-2-9,n982,40,5,2,9
mn-40-5-2-10,n983,40,5,2,10
mn-40-5-2-11,n984,40,5,2,11
mn-40-5-2-12,n985,40,5,2,12
mn-40-5-2-13,n986,40,5,2,13
mn-40-5-2-14,n987,40,5,2,14
mn-40-5-2-15,n988,40,5,2,15
mn-40-5-2-16,n989,40,5,2,16
mn-40-5-2-17,n990,40,5,2,17
mn-40-5-2-18,n991,40,5,2,18
mn-40-5-2-19,n992,40,5,2,19
mn-40-5-2-20,n993,40,5,2,20
mn-40-5-2-21,n994,40,5,2,21
mn-40-5-2-22,n995,40,5,2,22
mn-40-5-2-23,n996,40,5,2,23
mn-40-5-2-24,n997,40,5,2,24
mn-41-1-1-1,n998,41,1,1,1
mn-41-1-1-2,n999,41,1,1,2
mn-41-1-1-3,n1000,41,1,1,3
mn-41-1-1-4,n1001,41,1,1,4
mn-41-1-1-5,n1002,41,1,1,5
mn-41-1-1-6,n1003,41,1,1,6
mn-41-5-2-1,n1004,41,5,2,1
mn-41-5-2-2,n1005,41,5,2,2
mn-41-5-2-3,n1006,41,5,2,3
mn-41-5-2-4,n1007,41,5,2,4
mn-42-1-1-1,n1008,42,1,1,1
mn-42-1-1-2,n1009,42,1,1,2
mn-42-1-1-3,n1010,42,1,1,3
mn-42-1-1-4,n1011,42,1,1,4
mn-42-1-1-5,n1012,42,1,1,5
mn-42-1-1-6,n1013,42,1,1,6
mn-42-5-2-1,n1014,42,5,2,1
mn-42-5-2-2,n1015,42,5,2,2
mn-42-5-2-3,n1016,42,5,2,3
mn-42-6-2-1,n1017,42,6,2,1
mn-42-6-2-2,n1018,42,6,2,2
mn-43-1-1-1,n1019,43,1,1,1
mn-43-1-1-2,n1020,43,1,1,2
mn-43-1-1-3,n1021,43,1,1,3
mn-43-1-1-4,n1022,43,1,1,4
mn-43-5-2-1,n1023,43,5,2,1
mn-43-5-2-2,n1024,43,5,2,2
mn-43-5-2-3,n1025,43,5,2,3
mn-44-1-1-1,n1026,44,1,1,1
mn-44-1-1-2,n1027,44,1,1,2
mn-44-2-1-1,n1028,44,2,1,1
mn-44-2-1-2,n1029,44,2,1,2
mn-44-2-1-3,n1030,44,2,1,3
mn-44-2-1-4,n1031,44,2,1,4
mn-44-2-1-5,n1032,44,2,1,5
mn-44-2-1-6,n1033,44,2,1,6
mn-44-2-1-7,n1034,44,2,1,7
mn-44-2-1-8,n1035,44,2,1,8
mn-44-2-1-9,n1036,44,2,1,9
mn-44-2-1-10,n1037,44,2,1,10
mn-44-2-1-11,n1038,44,2,1,11
mn-44-2-1-12,n1039,44,2,1,12
mn-44-2-1-13,n1040,44,2,1,13
mn-44-2-1-14,n1041,44,2,1,14
mn-44-2-1-15,n1042,44,2,1,15
mn-44-2-1-16,n1043,44,2,1,16
mn-44-2-1-17,n1044,44,2,1,17
mn-44-2-1-18,n1045,44,2,1,18
mn-44-2-1-19,n1046,44,2,1,19
mn-44-2-1-20,n1047,44,2,1,20
mn-44-2-1-21,n1048,44,2,1,21
mn-44-2-1-22,n1049,44,2,1,22
mn-44-2-1-23,n1050,44,2,1,23
mn-44-2-1-24,n1051,44,2,1,24
mn-44-5-2-1,n1052,44,5,2,1
mn-44-5-2-2,n1053,44,5,2,2
mn-44-5-2-3,n1054,44,5,2,3
mn-45-1-1-1,n1055,45,1,1,1
mn-45-1-1-2,n1056,45,1,1,2
mn-45-2-1-1,n1057,45,2,1,1
mn-45-2-1-2,n1058,45,2,1,2
mn-45-2-1-3,n1059,45,2,1,3
mn-45-2-1-4,n1060,45,2,1,4
mn-45-2-1-5,n1061,45,2,1,5
mn-45-2-1-6,n1062,45,2,1,6
mn-45-2-1-7,n1063,45,2,1,7
mn-45-2-1-8,n1064,45,2,1,8
mn-45-2-1-9,n1065,45,2,1,9
mn-45-2-1-10,n1066,45,2,1,10
mn-45-2-1-11,n1067,45,2,1,11
mn-45-2-1-12,n1068,45,2,1,12
mn-45-2-1-13,n1069,45,2,1,13
mn-45-2-1-14,n1070,45,2,1,14
mn-45-2-1-15,n1071,45,2,1,15
mn-45-2-1-16,n1072,45,2,1,16
mn-45-2-1-17,n1073,45,2,1,17
mn-45-2-1-18,n1074,45,2,1,18
mn-45-2-1-19,n1075,45,2,1,19
mn-45-2-1-20,n1076,45,2,1,20
mn-45-2-1-21,n1077,45,2,1,21
mn-45-2-1-22,n1078,45,2,1,22
mn-45-2-1-23,n1079,45,2,1,23
mn-45-2-1-24,n1080,45,2,1,24
mn-45-5-2-1,n1081,45,5,2,1
mn-46-1-1-1,n1082,46,1,1,1
mn-46-1-1-2,n1083,46,1,1,2
mn-46-2-1-1,n1084,46,2,1,1
mn-46-2-1-2,n1085,46,2,1,2
mn-46-2-1-3,n1086,46,2,1,3
mn-46-2-1-4,n1087,46,2,1,4
mn-46-2-1-5,n1088,46,2,1,5
mn-46-2-1-6,n1089,46,2,1,6
mn-46-2-1-7,n1090,46,2,1,7
mn-46-2-1-8,n1091,46,2,1,8
mn-46-2-1-9,n1092,46,2,1,9
mn-46-2-1-10,n1093,46,2,1,10
mn-46-2-1-11,n1094,46,2,1,11
mn-46-2-1-12,n1095,46,2,1,12
mn-46-2-1-13,n1096,46,2,1,13
mn-46-2-1-14,n1097,46,2,1,14
mn-46-2-1-15,n1098,46,2,1,15
mn-46-2-1-16,n1099,46,2,1,16
mn-46-2-1-17,n1100,46,2,1,17
mn-46-2-1-18,n1101,46,2,1,18
mn-46-2-1-19,n1102,46,2,1,19
mn-46-2-1-20,n1103,46,2,1,20
mn-46-2-1-21,n1104,46,2,1,21
mn-46-2-1-22,n1105,46,2,1,22
mn-46-2-1-23,n1106,46,2,1,23
mn-46-2-1-24,n1107,46,2,1,24
mn-46-5-2-1,n1108,46,5,2,1
mn-47-1-1-1,n1109,47,1,1,1
mn-47-1-1-2,n1110,47,1,1,2
mn-47-1-1-3,n1111,47,1,1,3
mn-47-1-1-4,n1112,47,1,1,4
mn-47-1-1-5,n1113,47,1,1,5
mn-47-1-1-6,n1114,47,1,1,6
mn-47-1-1-7,n1115,47,1,1,7
mn-47-1-1-8,n1116,47,1,1,8
mn-47-1-1-9,n1117,47,1,1,9
mn-47-1-1-10,n1118,47,1,1,10
mn-47-1-1-11,n1119,47,1,1,11
mn-47-1-1-12,n1120,47,1,1,12
mn-47-5-2-1,n1121,47,5,2,1
mn-48-1-1-1,n1122,48,1,1,1
mn-48-1-1-2,n1123,48,1,1,2
mn-48-1-1-3,n1124,48,1,1,3
mn-48-1-1-4,n1125,48,1,1,4
mn-48-1-1-5,n1126,48,1,1,5
mn-48-1-1-6,n1127,48,1,1,6
mn-48-1-2-1,n1128,48,1,2,1
mn-48-1-2-2,n1129,48,1,2,2
mn-48-1-2-3,n1130,48,1,2,3
mn-48-1-2-4,n1131,48,1,2,4
mn-48-1-2-5,n1132,48,1,2,5
mn-48-1-2-6,n1133,48,1,2,6
mn-48-5-2-1,r20,48,5,2,1
mn-49-1-2-1,n1134,49,1,2,1
mn-49-1-2-2,n1135,49,1,2,2
mn-49-1-2-3,n1136,49,1,2,3
mn-49-1-2-4,n1137,49,1,2,4
mn-49-1-2-5,n1138,49,1,2,5
mn-49-1-2-6,n1139,49,1,2,6
mn-49-1-2-7,n1140,49,1,2,7
mn-49-1-2-8,n1141,49,1,2,8
mn-49-1-2-9,n1142,49,1,2,9
mn-49-1-1-1,r21,49,1,1,1
mn-49-1-1-2,r22,49,1,1,2
mn-49-5-2-1,r23,49,5,2,1
mn-49-5-2-2,r24,49,5,2,2
mn-49-5-2-3,r25,49,5,2,3
mn-49-5-2-4,n1143,49,5,2,4
mn-49-5-2-5,n1144,49,5,2,5
mn-49-5-2-6,n1145,49,5,2,6
mn-50-1-1-1,n1146,50,1,1,1
mn-50-5-2-1,n1147,50,5,2,1
mn-50-5-2-2,n1148,50,5,2,2
mn-50-5-2-3,n1149,50,5,2,3
mn-50-5-2-4,n1150,50,5,2,4
mn-50-5-2-5,n1151,50,5,2,5
mn-50-5-2-6,n1152,50,5,2,6
mn-50-5-2-7,n1153,50,5,2,7
mn-50-5-2-8,n1154,50,5,2,8
mn-50-5-2-9,n1155,50,5,2,9
mn-50-5-2-10,n1156,50,5,2,10
mn-50-5-2-11,n1157,50,5,2,11
mn-50-5-2-12,n1158,50,5,2,12
mn-51-1-2-1,n1159,51,1,2,1
mn-51-1-2-2,n1160,51,1,2,2
mn-51-1-2-3,n1161,51,1,2,3
mn-51-1-2-4,n1162,51,1,2,4
mn-51-1-2-5,n1163,51,1,2,5
mn-51-1-2-6,n1164,51,1,2,6
mn-51-1-2-7,n1165,51,1,2,7
mn-51-1-2-8,n1166,51,1,2,8
mn-51-1-2-9,n1167,51,1,2,9
mn-51-1-2-10,n1168,51,1,2,10
mn-51-1-2-11,n1169,51,1,2,11
mn-51-1-2-12,n1170,51,1,2,12
mn-51-1-2-13,n1171,51,1,2,13
mn-51-1-2-14,n1172,51,1,2,14
mn-51-1-2-15,n1173,51,1,2,15
mn-51-1-2-16,n1174,51,1,2,16
mn-51-1-2-17,n1175,51,1,2,17
mn-51-1-2-18,n1176,51,1,2,18
mn-51-1-2-19,n1177,51,1,2,19
mn-51-1-2-20,n1178,51,1,2,20
mn-51-1-2-21,n1179,51,1,2,21
mn-51-1-2-22,n1180,51,1,2,22
mn-51-1-2-23,n1181,51,1,2,23
mn-51-1-2-24,n1182,51,1,2,24
mn-51-5-2-1,n1183,51,5,2,1
mn-51-5-2-2,n1184,51,5,2,2
mn-51-5-2-3,n1185,51,5,2,3
mn-51-5-2-4,n1186,51,5,2,4
mn-51-5-2-5,n1187,51,5,2,5
mn-51-5-2-6,n1188,51,5,2,6
mn-51-5-2-7,n1189,51,5,2,7
mn-51-5-2-8,n1190,51,5,2,8
mn-51-5-2-9,n1191,51,5,2,9
mn-51-5-2-10,n1192,51,5,2,10
mn-51-5-2-11,n1193,51,5,2,11
mn-51-5-2-12,n1194,51,5,2,12
mn-51-5-2-13,n1195,51,5,2,13
mn-51-5-2-14,n1196,51,5,2,14
mn-51-5-2-15,n1197,51,5,2,15
mn-51-5-2-16,n1198,51,5,2,16
mn-51-5-2-17,n1199,51,5,2,17
mn-51-5-2-18,n1200,51,5,2,18
mn-51-5-2-19,n1201,51,5,2,19
mn-51-5-2-20,n1202,51,5,2,20
mn-51-5-2-21,n1203,51,5,2,21
mn-51-5-2-22,n1204,51,5,2,22
mn-51-5-2-23,n1205,51,5,2,23
mn-51-5-2-24,n1206,51,5,2,24
mn-52-1-1-1,n1207,52,1,1,1
mn-52-1-1-2,n1208,52,1,1,2
mn-52-1-1-3,n1209,52,1,1,3
mn-52-1-1-4,n1210,52,1,1,4
mn-52-1-1-5,n1211,52,1,1,5
mn-52-1-1-6,n1212,52,1,1,6
mn-52-1-1-7,n1213,52,1,1,7
mn-52-1-1-8,n1214,52,1,1,8
mn-52-1-1-9,n1215,52,1,1,9
mn-52-1-1-10,n1216,52,1,1,10
mn-52-1-1-11,n1217,52,1,1,11
mn-52-1-1-12,n1218,52,1,1,12
mn-52-1-1-13,n1219,52,1,1,13
mn-52-1-1-14,n1220,52,1,1,14
mn-52-1-1-15,n1221,52,1,1,15
mn-52-1-1-16,n1222,52,1,1,16
mn-52-1-1-17,n1223,52,1,1,17
mn-52-1-1-18,n1224,52,1,1,18
mn-52-1-1-19,n1225,52,1,1,19
mn-52-1-1-20,n1226,52,1,1,20
mn-52-1-1-21,n1227,52,1,1,21
mn-52-1-1-22,n1228,52,1,1,22
mn-52-1-1-23,n1229,52,1,1,23
mn-52-1-1-24,n1230,52,1,1,24
mn-52-5-2-1,n1231,52,5,2,1
mn-52-5-2-2,n1232,52,5,2,2
mn-52-5-2-3,n1233,52,5,2,3
mn-52-5-2-4,n1234,52,5,2,4
mn-52-5-2-5,n1235,52,5,2,5
mn-52-5-2-6,n1236,52,5,2,6
mn-52-5-2-7,n1237,52,5,2,7
mn-52-5-2-8,n1238,52,5,2,8
mn-52-5-2-9,n1239,52,5,2,9
mn-52-5-2-10,n1240,52,5,2,10
mn-52-5-2-11,n1241,52,5,2,11
mn-52-5-2-12,n1242,52,5,2,12
mn-52-5-2-13,n1243,52,5,2,13
mn-52-5-2-14,n1244,52,5,2,14
mn-52-5-2-15,n1245,52,5,2,15
mn-52-5-2-16,n1246,52,5,2,16
mn-52-5-2-17,n1247,52,5,2,17
mn-52-5-2-18,n1248,52,5,2,18
mn-52-5-2-19,n1249,52,5,2,19
mn-52-5-2-20,n1250,52,5,2,20
mn-52-5-2-21,n1251,52,5,2,21
mn-52-5-2-22,n1252,52,5,2,22
mn-52-5-2-23,n1253,52,5,2,23
mn-52-5-2-24,n1254,52,5,2,24
mn-53-1-1-1,n1255,53,1,1,1
mn-53-1-1-2,n1256,53,1,1,2
mn-53-1-1-3,n1257,53,1,1,3
mn-53-1-1-4,n1258,53,1,1,4
mn-53-1-1-5,n1259,53,1,1,5
mn-53-1-1-6,n1260,53,1,1,6
mn-53-1-1-7,n1261,53,1,1,7
mn-53-1-1-8,n1262,53,1,1,8
mn-53-1-1-9,n1263,53,1,1,9
mn-53-1-1-10,n1264,53,1,1,10
mn-53-1-1-11,n1265,53,1,1,11
mn-53-1-1-12,n1266,53,1,1,12
mn-53-1-1-13,n1267,53,1,1,13
mn-53-1-1-14,n1268,53,1,1,14
mn-53-1-1-15,n1269,53,1,1,15
mn-53-1-1-16,n1270,53,1,1,16
mn-53-1-1-17,n1271,53,1,1,17
mn-53-1-1-18,n1272,53,1,1,18
mn-53-1-1-19,n1273,53,1,1,19
mn-53-1-1-20,n1274,53,1,1,20
mn-53-1-1-21,n1275,53,1,1,21
mn-53-1-1-22,n1276,53,1,1,22
mn-53-1-1-23,n1277,53,1,1,23
mn-53-1-1-24,n1278,53,1,1,24
mn-53-5-2-1,n1279,53,5,2,1
mn-53-5-2-2,n1280,53,5,2,2
mn-53-5-2-3,n1281,53,5,2,3
mn-53-5-2-4,n1282,53,5,2,4
mn-53-5-2-5,n1283,53,5,2,5
mn-53-5-2-6,n1284,53,5,2,6
mn-53-5-2-7,n1285,53,5,2,7
mn-53-5-2-8,n1286,53,5,2,8
mn-54-1-1-1,n1287,54,1,1,1
mn-54-1-1-2,n1288,54,1,1,2
mn-54-1-1-3,n1289,54,1,1,3
mn-54-1-1-4,n1290,54,1,1,4
mn-54-1-1-5,n1291,54,1,1,5
mn-54-1-1-6,n1292,54,1,1,6
mn-54-1-2-1,n1293,54,1,2,1
mn-54-1-2-2,n1294,54,1,2,2
mn-54-1-2-3,n1295,54,1,2,3
mn-54-1-2-4,n1296,54,1,2,4
mn-54-1-2-5,n1297,54,1,2,5
mn-54-1-2-6,n1298,54,1,2,6
mn-54-1-1-7,r26,54,1,1,7
mn-54-1-2-7,n1299,54,1,2,7
mn-54-1-2-8,n1300,54,1,2,8
mn-54-1-2-9,n1301,54,1,2,9
mn-54-1-2-10,n1302,54,1,2,10
mn-54-1-2-11,n1303,54,1,2,11
mn-54-1-1-8,r27,54,1,1,8
mn-54-1-2-12,n1304,54,1,2,12
mn-54-1-2-13,n1305,54,1,2,13
mn-54-1-2-14,n1306,54,1,2,14
mn-54-1-2-15,n1307,54,1,2,15
mn-54-1-2-16,n1308,54,1,2,16
mn-54-5-2-1,n1309,54,5,2,1
mn-54-5-2-2,n1310,54,5,2,2
mn-54-5-2-3,n1311,54,5,2,3
mn-54-5-2-4,n1312,54,5,2,4
mn-54-5-2-5,n1313,54,5,2,5
mn-54-5-2-6,n1314,54,5,2,6
mn-54-5-2-7,n1315,54,5,2,7
mn-54-5-2-8,n1316,54,5,2,8
mn-55-1-1-1,n1317,55,1,1,1
mn-55-1-1-2,n1318,55,1,1,2
mn-55-1-1-3,n1319,55,1,1,3
mn-55-1-1-4,n1320,55,1,1,4
mn-55-1-1-5,n1321,55,1,1,5
mn-55-1-1-6,n1322,55,1,1,6
mn-55-1-1-7,n1323,55,1,1,7
mn-55-1-1-8,n1324,55,1,1,8
mn-55-1-1-9,n1325,55,1,1,9
mn-55-1-1-10,n1326,55,1,1,10
mn-55-1-1-11,n1327,55,1,1,11
mn-55-1-1-12,n1328,55,1,1,12
mn-55-1-1-13,n1329,55,1,1,13
mn-55-1-1-14,n1330,55,1,1,14
mn-55-1-1-15,n1331,55,1,1,15
mn-55-1-1-16,n1332,55,1,1,16
mn-55-1-1-17,n1333,55,1,1,17
mn-55-1-1-18,n1334,55,1,1,18
mn-55-1-1-19,n1335,55,1,1,19
mn-55-1-1-20,n1336,55,1,1,20
mn-55-1-1-21,n1337,55,1,1,21
mn-55-1-1-22,n1338,55,1,1,22
mn-55-1-1-23,n1339,55,1,1,23
mn-55-1-1-24,n1340,55,1,1,24
mn-55-5-2-1,n1341,55,5,2,1
mn-55-5-2-2,n1342,55,5,2,2
mn-55-5-2-3,n1343,55,5,2,3
mn-55-5-2-4,n1344,55,5,2,4
mn-55-5-2-5,n1345,55,5,2,5
mn-55-5-2-6,n1346,55,5,2,6
mn-55-5-2-7,n1347,55,5,2,7
mn-55-5-2-8,n1348,55,5,2,8
mn-55-5-2-9,n1349,55,5,2,9
mn-55-5-2-10,n1350,55,5,2,10
mn-55-5-2-11,n1351,55,5,2,11
mn-55-5-2-12,n1352,55,5,2,12
mn-55-5-2-13,n1353,55,5,2,13
mn-55-5-2-14,n1354,55,5,2,14
mn-55-5-2-15,n1355,55,5,2,15
mn-55-5-2-16,n1356,55,5,2,16
mn-55-5-2-17,n1357,55,5,2,17
mn-55-5-2-18,n1358,55,5,2,18
mn-55-5-2-19,n1359,55,5,2,19
mn-55-5-2-20,n1360,55,5,2,20
mn-55-5-2-21,n1361,55,5,2,21
mn-55-5-2-22,n1362,55,5,2,22
mn-55-5-2-23,n1363,55,5,2,23
mn-55-5-2-24,n1364,55,5,2,24
mn-56-1-1-1,n1365,56,1,1,1
mn-56-1-1-2,n1366,56,1,1,2
mn-56-1-1-3,n1367,56,1,1,3
mn-56-1-1-4,n1368,56,1,1,4
mn-56-1-1-5,n1369,56,1,1,5
mn-56-1-1-6,n1370,56,1,1,6
mn-56-1-1-7,n1371,56,1,1,7
mn-56-1-1-8,n1372,56,1,1,8
mn-56-1-1-9,n1373,56,1,1,9
mn-56-1-1-10,n1374,56,1,1,10
mn-56-1-1-11,n1375,56,1,1,11
mn-56-1-1-12,n1376,56,1,1,12
mn-56-1-1-13,n1377,56,1,1,13
mn-56-1-1-14,n1378,56,1,1,14
mn-56-1-1-15,n1379,56,1,1,15
mn-56-1-1-16,n1380,56,1,1,16
mn-56-1-1-17,n1381,56,1,1,17
mn-56-1-1-18,n1382,56,1,1,18
mn-56-1-1-19,n1383,56,1,1,19
mn-56-1-1-20,n1384,56,1,1,20
mn-56-1-1-21,n1385,56,1,1,21
mn-56-1-1-22,n1386,56,1,1,22
mn-56-1-1-23,n1387,56,1,1,23
mn-56-1-1-24,n1388,56,1,1,24
mn-56-5-2-1,n1389,56,5,2,1
mn-56-5-2-2,n1390,56,5,2,2
mn-56-5-2-3,n1391,56,5,2,3
mn-56-5-2-4,n1392,56,5,2,4
mn-56-5-2-5,n1393,56,5,2,5
mn-56-5-2-6,n1394,56,5,2,6
mn-56-5-2-7,n1395,56,5,2,7
mn-56-5-2-8,n1396,56,5,2,8
mn-56-5-2-9,n1397,56,5,2,9
mn-56-5-2-10,n1398,56,5,2,10
mn-56-5-2-11,n1399,56,5,2,11
mn-56-5-2-12,n1400,56,5,2,12
mn-56-5-2-13,n1401,56,5,2,13
mn-56-5-2-14,n1402,56,5,2,14
mn-56-5-2-15,n1403,56,5,2,15
mn-56-5-2-16,n1404,56,5,2,16
mn-56-5-2-17,n1405,56,5,2,17
mn-56-5-2-18,n1406,56,5,2,18
mn-56-5-2-19,n1407,56,5,2,19
mn-56-5-2-20,n1408,56,5,2,20
mn-56-5-2-21,n1409,56,5,2,21
mn-56-5-2-22,n1410,56,5,2,22
mn-56-5-2-23,n1411,56,5,2,23
mn-56-5-2-24,n1412,56,5,2,24
mn-57-1-1-1,n1413,57,1,1,1
mn-57-1-1-2,n1414,57,1,1,2
mn-57-1-1-3,n1415,57,1,1,3
mn-57-1-1-4,n1416,57,1,1,4
mn-57-1-1-5,n1417,57,1,1,5
mn-57-1-1-6,n1418,57,1,1,6
mn-57-1-1-7,n1419,57,1,1,7
mn-57-1-1-8,n1420,57,1,1,8
mn-57-1-1-9,n1421,57,1,1,9
mn-57-1-1-10,n1422,57,1,1,10
mn-57-1-1-11,n1423,57,1,1,11
mn-57-1-1-12,n1424,57,1,1,12
mn-57-1-1-13,n1425,57,1,1,13
mn-57-1-1-14,n1426,57,1,1,14
mn-57-1-1-15,n1427,57,1,1,15
mn-57-1-1-16,n1428,57,1,1,16
mn-57-1-1-17,n1429,57,1,1,17
mn-57-1-1-18,n1430,57,1,1,18
mn-57-1-1-19,n1431,57,1,1,19
mn-57-1-1-20,n1432,57,1,1,20
mn-57-1-1-21,n1433,57,1,1,21
mn-57-1-1-22,n1434,57,1,1,22
mn-57-1-1-23,n1435,57,1,1,23
mn-57-1-1-24,n1436,57,1,1,24
mn-57-5-2-1,n1437,57,5,2,1
mn-57-5-2-2,n1438,57,5,2,2
mn-57-5-2-3,n1439,57,5,2,3
mn-57-5-2-4,n1440,57,5,2,4
mn-57-5-2-5,n1441,57,5,2,5
mn-57-5-2-6,n1442,57,5,2,6
mn-57-5-2-7,n1443,57,5,2,7
mn-57-5-2-8,n1444,57,5,2,8
mn-57-5-2-9,n1445,57,5,2,9
mn-57-5-2-10,n1446,57,5,2,10
mn-58-1-1-1,n1447,58,1,1,1
mn-58-1-1-2,n1448,58,1,1,2
mn-58-1-1-3,n1449,58,1,1,3
mn-58-1-1-4,n1450,58,1,1,4
mn-58-1-1-5,n1451,58,1,1,5
mn-58-1-1-6,n1452,58,1,1,6
mn-58-1-1-7,n1453,58,1,1,7
mn-58-1-1-8,n1454,58,1,1,8
mn-58-1-1-9,n1455,58,1,1,9
mn-58-1-1-10,n1456,58,1,1,10
mn-58-1-1-11,n1457,58,1,1,11
mn-58-1-1-12,n1458,58,1,1,12
mn-58-1-1-13,n1459,58,1,1,13
mn-58-1-1-14,n1460,58,1,1,14
mn-58-1-1-15,n1461,58,1,1,15
mn-58-1-1-16,n1462,58,1,1,16
mn-58-1-1-17,n1463,58,1,1,17
mn-58-1-1-18,n1464,58,1,1,18
mn-58-1-1-19,n1465,58,1,1,19
mn-58-1-1-20,n1466,58,1,1,20
mn-58-1-1-21,n1467,58,1,1,21
mn-58-1-1-22,n1468,58,1,1,22
mn-58-1-1-23,n1469,58,1,1,23
mn-58-1-1-24,n1470,58,1,1,24
mn-58-5-2-1,n1471,58,5,2,1
mn-58-5-2-2,n1472,58,5,2,2
mn-58-5-2-3,n1473,58,5,2,3
mn-58-5-2-4,n1474,58,5,2,4
mn-58-5-2-5,n1475,58,5,2,5
mn-58-5-2-6,n1476,58,5,2,6
mn-58-5-2-7,n1477,58,5,2,7
mn-58-5-2-8,n1478,58,5,2,8
mn-58-5-2-9,n1479,58,5,2,9
mn-58-5-2-10,n1480,58,5,2,10
mn-58-5-2-11,n1481,58,5,2,11
mn-58-5-2-12,n1482,58,5,2,12
mn-58-5-2-13,n1483,58,5,2,13
mn-58-5-2-14,n1484,58,5,2,14
mn-58-5-2-15,n1485,58,5,2,15
mn-58-5-2-16,n1486,58,5,2,16
mn-59-1-1-1,n1487,59,1,1,1
mn-59-1-1-2,n1488,59,1,1,2
mn-59-1-1-3,n1489,59,1,1,3
mn-59-1-1-4,n1490,59,1,1,4
mn-59-1-1-5,n1491,59,1,1,5
mn-59-1-1-6,n1492,59,1,1,6
mn-59-1-1-7,n1493,59,1,1,7
mn-59-1-1-8,n1494,59,1,1,8
mn-59-1-1-9,n1495,59,1,1,9
mn-59-1-1-10,n1496,59,1,1,10
mn-59-1-1-11,n1497,59,1,1,11
mn-59-1-1-12,n1498,59,1,1,12
mn-59-1-1-13,n1499,59,1,1,13
mn-59-1-1-14,n1500,59,1,1,14
mn-59-1-1-15,n1501,59,1,1,15
mn-59-1-1-16,n1502,59,1,1,16
mn-59-1-1-17,n1503,59,1,1,17
mn-59-1-1-18,n1504,59,1,1,18
mn-59-1-1-19,n1505,59,1,1,19
mn-59-1-1-20,n1506,59,1,1,20
mn-59-1-1-21,n1507,59,1,1,21
mn-59-1-1-22,n1508,59,1,1,22
mn-59-1-1-23,n1509,59,1,1,23
mn-59-1-1-24,n1510,59,1,1,24
mn-59-5-2-1,n1511,59,5,2,1
mn-59-5-2-2,n1512,59,5,2,2
mn-59-5-2-3,n1513,59,5,2,3
mn-59-5-2-4,n1514,59,5,2,4
mn-60-1-1-1,n1515,60,1,1,1
mn-60-1-1-2,n1516,60,1,1,2
mn-60-1-1-3,n1517,60,1,1,3
mn-60-1-1-4,n1518,60,1,1,4
mn-60-1-1-5,n1519,60,1,1,5
mn-60-1-1-6,n1520,60,1,1,6
mn-60-1-1-7,n1521,60,1,1,7
mn-60-1-1-8,n1522,60,1,1,8
mn-60-1-1-9,n1523,60,1,1,9
mn-60-1-1-10,n1524,60,1,1,10
mn-60-1-1-11,n1525,60,1,1,11
mn-60-1-1-12,n1526,60,1,1,12
mn-60-1-1-13,n1527,60,1,1,13
mn-60-1-1-14,n1528,60,1,1,14
mn-60-1-1-15,n1529,60,1,1,15
mn-60-1-1-16,n1530,60,1,1,16
mn-60-1-1-17,n1531,60,1,1,17
mn-60-1-1-18,n1532,60,1,1,18
mn-60-1-1-19,n1533,60,1,1,19
mn-60-1-1-20,n1534,60,1,1,20
mn-60-1-1-21,n1535,60,1,1,21
mn-60-1-1-22,n1536,60,1,1,22
mn-60-1-1-23,n1537,60,1,1,23
mn-60-5-2-1,n1538,60,5,2,1
mn-60-5-2-2,n1539,60,5,2,2
mn-60-5-2-3,n1540,60,5,2,3
mn-60-5-2-4,n1541,60,5,2,4
mn-60-5-2-5,n1542,60,5,2,5
mn-60-5-2-6,n1543,60,5,2,6
mn-60-5-2-7,n1544,60,5,2,7
mn-60-5-2-8,n1545,60,5,2,8
mn-60-6-2-1,n1546,60,6,2,1
mn-60-6-2-2,n1547,60,6,2,2
mn-60-6-2-3,n1548,60,6,2,3
mn-60-8-2-1,n1549,60,8,2,1
mn-60-8-2-2,n1550,60,8,2,2
mn-60-8-2-3,n1551,60,8,2,3
mn-61-1-1-1,n1552,61,1,1,1
mn-61-1-1-2,n1553,61,1,1,2
mn-61-1-1-3,n1554,61,1,1,3
mn-61-1-1-4,n1555,61,1,1,4
mn-61-1-1-5,n1556,61,1,1,5
mn-61-1-1-6,n1557,61,1,1,6
mn-61-1-1-7,n1558,61,1,1,7
mn-61-1-1-8,n1559,61,1,1,8
mn-61-1-1-9,n1560,61,1,1,9
mn-61-1-1-10,n1561,61,1,1,10
mn-61-1-1-11,n1562,61,1,1,11
mn-61-1-1-12,n1563,61,1,1,12
mn-61-1-1-13,n1564,61,1,1,13
mn-61-1-1-14,n1565,61,1,1,14
mn-61-1-1-15,n1566,61,1,1,15
mn-61-1-1-16,n1567,61,1,1,16
mn-61-1-1-17,n1568,61,1,1,17
mn-61-1-1-18,n1569,61,1,1,18
mn-61-1-1-19,n1570,61,1,1,19
mn-61-1-1-20,n1571,61,1,1,20
mn-61-1-1-21,n1572,61,1,1,21
mn-61-5-2-1,n1573,61,5,2,1
mn-61-5-2-2,n1574,61,5,2,2
mn-61-5-2-3,n1575,61,5,2,3
mn-61-5-2-4,n1576,61,5,2,4
mn-61-5-2-5,n1577,61,5,2,5
mn-61-5-2-6,n1578,61,5,2,6
mn-61-5-2-7,n1579,61,5,2,7
mn-61-5-2-8,n1580,61,5,2,8
mn-61-5-2-9,n1581,61,5,2,9
mn-62-1-1-1,n1582,62,1,1,1
mn-62-1-1-2,n1583,62,1,1,2
mn-62-1-1-3,n1584,62,1,1,3
mn-62-1-1-4,n1585,62,1,1,4
mn-62-1-1-5,n1586,62,1,1,5
mn-62-1-1-6,n1587,62,1,1,6
mn-62-1-1-7,n1588,62,1,1,7
mn-62-1-1-8,n1589,62,1,1,8
mn-62-1-1-9,n1590,62,1,1,9
mn-62-1-1-10,n1591,62,1,1,10
mn-62-1-1-11,n1592,62,1,1,11
mn-62-1-1-12,n1593,62,1,1,12
mn-62-1-1-13,n1594,62,1,1,13
mn-62-1-1-14,n1595,62,1,1,14
mn-62-1-1-15,n1596,62,1,1,15
mn-62-1-1-16,n1597,62,1,1,16
mn-62-1-1-17,n1598,62,1,1,17
mn-62-1-1-18,n1599,62,1,1,18
mn-62-1-1-19,n1600,62,1,1,19
mn-62-1-1-20,n1601,62,1,1,20
mn-62-1-1-21,n1602,62,1,1,21
mn-62-5-2-1,n1603,62,5,2,1
mn-62-5-2-2,n1604,62,5,2,2
mn-62-5-2-3,n1605,62,5,2,3
mn-62-5-2-4,n1606,62,5,2,4
mn-62-5-2-5,n1607,62,5,2,5
mn-62-5-2-6,n1608,62,5,2,6
mn-62-5-2-7,n1609,62,5,2,7
mn-62-5-2-8,n1610,62,5,2,8
mn-62-5-2-9,n1611,62,5,2,9
mn-63-1-1-1,n1612,63,1,1,1
mn-63-1-1-2,n1613,63,1,1,2
mn-63-1-1-3,n1614,63,1,1,3
mn-63-1-1-4,n1615,63,1,1,4
mn-63-1-1-5,n1616,63,1,1,5
mn-63-1-1-6,n1617,63,1,1,6
mn-63-1-1-7,n1618,63,1,1,7
mn-63-1-1-8,n1619,63,1,1,8
mn-63-1-1-9,n1620,63,1,1,9
mn-63-1-1-10,n1621,63,1,1,10
mn-63-1-1-11,n1622,63,1,1,11
mn-63-1-1-12,n1623,63,1,1,12
mn-63-1-1-13,n1624,63,1,1,13
mn-63-1-1-14,n1625,63,1,1,14
mn-63-1-1-15,n1626,63,1,1,15
mn-63-1-1-16,n1627,63,1,1,16
mn-63-1-1-17,n1628,63,1,1,17
mn-63-1-1-18,n1629,63,1,1,18
mn-63-1-1-19,n1630,63,1,1,19
mn-63-1-1-20,n1631,63,1,1,20
mn-63-1-1-21,n1632,63,1,1,21
mn-63-5-2-1,n1633,63,5,2,1
mn-63-5-2-2,n1634,63,5,2,2
mn-63-5-2-3,n1635,63,5,2,3
mn-63-5-2-4,n1636,63,5,2,4
mn-63-5-2-5,n1637,63,5,2,5
mn-63-5-2-6,n1638,63,5,2,6
mn-63-5-2-7,n1639,63,5,2,7
mn-63-5-2-8,n1640,63,5,2,8
mn-63-5-2-9,n1641,63,5,2,9
mn-64-1-1-1,n1642,64,1,1,1
mn-64-1-1-2,n1643,64,1,1,2
mn-64-1-1-3,n1644,64,1,1,3
mn-64-1-1-4,n1645,64,1,1,4
mn-64-1-1-5,n1646,64,1,1,5
mn-64-1-1-6,n1647,64,1,1,6
mn-64-1-1-7,n1648,64,1,1,7
mn-64-1-1-8,n1649,64,1,1,8
mn-64-1-1-9,n1650,64,1,1,9
mn-64-1-1-10,n1651,64,1,1,10
mn-64-1-1-11,n1652,64,1,1,11
mn-64-1-1-12,n1653,64,1,1,12
mn-64-1-1-13,n1654,64,1,1,13
mn-64-1-1-14,n1655,64,1,1,14
mn-64-1-1-15,n1656,64,1,1,15
mn-64-1-1-16,n1657,64,1,1,16
mn-64-1-1-17,n1658,64,1,1,17
mn-64-1-1-18,n1659,64,1,1,18
mn-64-1-1-19,n1660,64,1,1,19
mn-64-1-1-20,n1661,64,1,1,20
mn-64-1-1-21,n1662,64,1,1,21
mn-64-1-1-22,n1663,64,1,1,22
mn-64-1-1-23,n1664,64,1,1,23
mn-64-1-1-24,n1665,64,1,1,24
mn-64-5-2-1,n1666,64,5,2,1
mn-64-5-2-2,n1667,64,5,2,2
mn-64-5-2-3,n1668,64,5,2,3
mn-65-1-1-1,n1669,65,1,1,1
mn-65-1-1-2,n1670,65,1,1,2
mn-65-1-2-1,n1671,65,1,2,1
mn-65-1-2-2,n1672,65,1,2,2
mn-65-1-2-3,n1673,65,1,2,3
mn-65-5-2-1,n1674,65,5,2,1
mn-65-5-2-2,n1675,65,5,2,2
mn-65-5-2-3,n1676,65,5,2,3
mn-65-5-2-4,n1677,65,5,2,4
mn-65-5-2-5,n1678,65,5,2,5
mn-66-1-2-1,n1679,66,1,2,1
mn-66-1-2-2,n1680,66,1,2,2
mn-66-1-2-3,n1681,66,1,2,3
mn-66-1-2-4,n1682,66,1,2,4
mn-66-1-2-5,n1683,66,1,2,5
mn-66-5-2-1,n1684,66,5,2,1
mn-66-5-2-2,n1685,66,5,2,2
mn-66-5-2-3,n1686,66,5,2,3
mn-66-5-2-4,n1687,66,5,2,4
mn-66-5-2-5,n1688,66,5,2,5
mn-67-1-2-1,n1689,67,1,2,1
mn-67-1-2-2,n1690,67,1,2,2
mn-67-1-2-3,n1691,67,1,2,3
mn-67-1-2-4,n1692,67,1,2,4
mn-67-1-2-5,n1693,67,1,2,5
mn-67-5-2-1,n1694,67,5,2,1
mn-67-5-2-2,n1695,67,5,2,2
mn-67-5-2-3,n1696,67,5,2,3
mn-67-5-2-4,n1697,67,5,2,4
mn-67-5-2-5,n1698,67,5,2,5
mn-68-1-1-1,n1699,68,1,1,1
mn-68-1-1-2,n1700,68,1,1,2
mn-68-1-1-3,n1701,68,1,1,3
mn-68-1-1-4,n1702,68,1,1,4
mn-68-1-1-5,n1703,68,1,1,5
mn-68-1-1-6,n1704,68,1,1,6
mn-68-5-2-1,n1705,68,5,2,1
mn-68-5-2-2,n1706,68,5,2,2
mn-68-5-2-3,n1707,68,5,2,3
mn-68-5-2-4,n1708,68,5,2,4
mn-68-5-2-5,n1709,68,5,2,5
mn-68-5-2-6,n1710,68,5,2,6
mn-69-1-1-1,n1711,69,1,1,1
mn-69-1-1-2,n1712,69,1,1,2
mn-69-1-1-3,n1713,69,1,1,3
mn-69-1-1-4,n1714,69,1,1,4
mn-69-1-1-5,n1715,69,1,1,5
mn-69-1-1-6,n1716,69,1,1,6
mn-69-1-1-7,n1717,69,1,1,7
mn-69-1-1-8,n1718,69,1,1,8
mn-69-1-1-9,n1719,69,1,1,9
mn-69-2-1-1,n1720,69,2,1,1
mn-69-2-1-2,n1721,69,2,1,2
mn-69-2-1-3,n1722,69,2,1,3
mn-69-2-1-4,n1723,69,2,1,4
mn-69-2-1-5,n1724,69,2,1,5
mn-69-2-1-6,n1725,69,2,1,6
mn-69-2-1-7,n1726,69,2,1,7
mn-69-2-1-8,n1727,69,2,1,8
mn-69-2-1-9,n1728,69,2,1,9
mn-69-2-1-10,n1729,69,2,1,10
mn-69-2-1-11,n1730,69,2,1,11
mn-69-2-1-12,n1731,69,2,1,12
mn-69-2-1-13,n1732,69,2,1,13
mn-69-2-1-14,n1733,69,2,1,14
mn-69-2-1-15,n1734,69,2,1,15
mn-69-2-1-16,n1735,69,2,1,16
mn-69-5-2-1,n1736,69,5,2,1
mn-69-5-2-2,n1737,69,5,2,2
mn-69-5-2-3,n1738,69,5,2,3
mn-69-5-2-4,n1739,69,5,2,4
mn-69-5-2-5,n1740,69,5,2,5
mn-69-5-2-6,n1741,69,5,2,6
mn-70-1-1-1,n1742,70,1,1,1
mn-70-1-1-2,n1743,70,1,1,2
mn-70-1-1-3,n1744,70,1,1,3
mn-70-1-1-4,n1745,70,1,1,4
mn-70-1-1-5,n1746,70,1,1,5
mn-70-5-2-1,n1747,70,5,2,1
mn-70-5-2-2,n1748,70,5,2,2
mn-70-5-2-3,n1749,70,5,2,3
mn-70-5-2-4,n1750,70,5,2,4
mn-70-5-2-5,n1751,70,5,2,5
mn-70-5-2-6,n1752,70,5,2,6
mn-70-5-2-7,n1753,70,5,2,7
mn-71-1-1-1,n1754,71,1,1,1
mn-71-1-1-2,n1755,71,1,1,2
mn-71-1-1-3,n1756,71,1,1,3
mn-71-1-1-4,n1757,71,1,1,4
mn-71-1-1-5,n1758,71,1,1,5
mn-71-1-1-6,n1759,71,1,1,6
mn-71-1-1-7,n1760,71,1,1,7
mn-71-1-1-8,n1761,71,1,1,8
mn-71-2-1-1,n1762,71,2,1,1
mn-71-2-1-2,n1763,71,2,1,2
mn-71-2-1-3,n1764,71,2,1,3
mn-71-2-1-4,n1765,71,2,1,4
mn-71-2-1-5,n1766,71,2,1,5
mn-71-2-1-6,n1767,71,2,1,6
mn-71-2-1-7,n1768,71,2,1,7
mn-71-2-1-8,n1769,71,2,1,8
mn-71-2-1-9,n1770,71,2,1,9
mn-71-2-1-10,n1771,71,2,1,10
mn-71-2-1-11,n1772,71,2,1,11
mn-71-2-1-12,n1773,71,2,1,12
mn-71-2-1-13,n1774,71,2,1,13
mn-71-2-1-14,n1775,71,2,1,14
mn-71-2-1-15,n1776,71,2,1,15
mn-71-2-1-16,n1777,71,2,1,16
mn-71-4-1-1,n1778,71,4,1,1
mn-71-5-2-1,n1779,71,5,2,1
mn-71-5-2-2,n1780,71,5,2,2
mn-71-5-2-3,n1781,71,5,2,3
mn-71-5-2-4,n1782,71,5,2,4
mn-72-1-1-1,n1783,72,1,1,1
mn-72-1-1-2,n1784,72,1,1,2
mn-72-1-1-3,n1785,72,1,1,3
mn-72-1-1-4,n1786,72,1,1,4
mn-72-1-1-5,n1787,72,1,1,5
mn-72-2-1-1,n1788,72,2,1,1
mn-72-5-2-1,n1789,72,5,2,1
mn-72-5-2-2,n1790,72,5,2,2
mn-72-5-2-3,n1791,72,5,2,3
mn-72-5-2-4,n1792,72,5,2,4
mn-72-5-2-5,n1793,72,5,2,5
mn-72-5-2-6,n1794,72,5,2,6
mn-73-1-1-1,n1795,73,1,1,1
mn-73-1-1-2,n1796,73,1,1,2
mn-73-1-1-3,n1797,73,1,1,3
mn-73-1-1-4,n1798,73,1,1,4
mn-73-1-1-5,n1799,73,1,1,5
mn-73-1-1-6,n1800,73,1,1,6
mn-73-1-1-7,n1801,73,1,1,7
mn-73-1-1-8,n1802,73,1,1,8
mn-73-2-1-1,n1803,73,2,1,1
mn-73-2-1-2,n1804,73,2,1,2
mn-73-2-1-3,n1805,73,2,1,3
mn-73-2-1-4,n1806,73,2,1,4
mn-73-2-1-5,n1807,73,2,1,5
mn-73-2-1-6,n1808,73,2,1,6
mn-73-2-1-7,n1809,73,2,1,7
mn-73-2-1-8,n1810,73,2,1,8
mn-73-2-1-9,n1811,73,2,1,9
mn-73-2-1-10,n1812,73,2,1,10
mn-73-2-1-11,n1813,73,2,1,11
mn-73-2-1-12,n1814,73,2,1,12
mn-73-2-1-13,n1815,73,2,1,13
mn-73-2-1-14,n1816,73,2,1,14
mn-73-2-1-15,n1817,73,2,1,15
mn-73-2-1-16,n1818,73,2,1,16
mn-73-4-1-1,n1819,73,4,1,1
mn-73-5-2-1,n1820,73,5,2,1
mn-73-5-2-2,n1821,73,5,2,2
mn-73-5-2-3,n1822,73,5,2,3
mn-73-5-2-4,n1823,73,5,2,4
mn-74-1-1-1,n1824,74,1,1,1
mn-74-1-1-2,n1825,74,1,1,2
mn-74-1-1-3,n1826,74,1,1,3
mn-74-1-1-4,n1827,74,1,1,4
mn-74-1-1-5,n1828,74,1,1,5
mn-74-2-1-1,n1829,74,2,1,1
mn-74-2-1-2,n1830,74,2,1,2
mn-74-2-1-3,n1831,74,2,1,3
mn-74-2-1-4,n1832,74,2,1,4
mn-74-2-1-5,n1833,74,2,1,5
mn-74-5-2-1,n1834,74,5,2,1
mn-74-5-2-2,n1835,74,5,2,2
mn-74-5-2-3,n1836,74,5,2,3
mn-74-5-2-4,n1837,74,5,2,4
mn-75-1-1-1,n1838,75,1,1,1
mn-75-1-1-2,n1839,75,1,1,2
mn-75-3-2-1,n1840,75,3,2,1
mn-75-3-2-2,n1841,75,3,2,2
mn-75-3-2-3,n1842,75,3,2,3
mn-75-3-2-4,n1843,75,3,2,4
mn-75-5-2-1,n1844,75,5,2,1
mn-75-5-2-2,n1845,75,5,2,2
mn-76-1-1-1,n1846,76,1,1,1
mn-76-1-1-2,n1847,76,1,1,2
mn-76-1-1-3,n1848,76,1,1,3
mn-76-1-1-4,n1849,76,1,1,4
mn-76-1-1-5,n1850,76,1,1,5
mn-76-1-1-6,n1851,76,1,1,6
mn-76-1-1-7,n1852,76,1,1,7
mn-76-1-1-8,n1853,76,1,1,8
mn-76-2-1-1,n1854,76,2,1,1
mn-76-2-1-2,n1855,76,2,1,2
mn-76-2-1-3,n1856,76,2,1,3
mn-76-2-1-4,n1857,76,2,1,4
mn-76-2-1-5,n1858,76,2,1,5
mn-76-2-1-6,n1859,76,2,1,6
mn-76-2-1-7,n1860,76,2,1,7
mn-76-2-1-8,n1861,76,2,1,8
mn-76-2-1-9,n1862,76,2,1,9
mn-76-2-1-10,n1863,76,2,1,10
mn-76-2-1-11,n1864,76,2,1,11
mn-76-2-1-12,n1865,76,2,1,12
mn-76-2-1-13,n1866,76,2,1,13
mn-76-2-1-14,n1867,76,2,1,14
mn-76-2-1-15,n1868,76,2,1,15
mn-76-2-1-16,n1869,76,2,1,16
mn-76-4-1-1,n1870,76,4,1,1
mn-76-5-2-1,n1871,76,5,2,1
mn-76-5-2-2,n1872,76,5,2,2
mn-76-5-2-3,n1873,76,5,2,3
mn-76-5-2-4,n1874,76,5,2,4
mn-77-1-1-1,n1875,77,1,1,1
mn-77-1-1-2,n1876,77,1,1,2
mn-77-1-1-3,n1877,77,1,1,3
mn-77-1-1-4,n1878,77,1,1,4
mn-77-1-1-5,n1879,77,1,1,5
mn-77-2-1-1,n1880,77,2,1,1
mn-77-2-1-2,n1881,77,2,1,2
mn-77-2-1-3,n1882,77,2,1,3
mn-77-2-1-4,n1883,77,2,1,4
mn-77-2-1-5,n1884,77,2,1,5
mn-77-5-2-1,n1885,77,5,2,1
mn-77-5-2-2,n1886,77,5,2,2
mn-77-5-2-3,n1887,77,5,2,3
mn-77-5-2-4,n1888,77,5,2,4
mn-77-5-2-5,n1889,77,5,2,5
mn-78-1-1-1,n1890,78,1,1,1
mn-78-1-1-2,n1891,78,1,1,2
mn-78-1-1-3,n1892,78,1,1,3
mn-78-1-1-4,n1893,78,1,1,4
mn-78-1-1-5,n1894,78,1,1,5
mn-78-1-1-6,n1895,78,1,1,6
mn-78-1-1-7,n1896,78,1,1,7
mn-78-1-1-8,n1897,78,1,1,8
mn-78-1-1-9,n1898,78,1,1,9
mn-78-5-2-1,n1899,78,5,2,1
mn-78-5-2-2,n1900,78,5,2,2
mn-78-5-2-3,n1901,78,5,2,3
mn-78-5-2-4,n1902,78,5,2,4
mn-78-5-2-5,n1903,78,5,2,5
mn-78-5-2-6,n1904,78,5,2,6
mn-79-1-1-1,n1905,79,1,1,1
mn-79-1-1-2,n1906,79,1,1,2
mn-79-1-1-3,n1907,79,1,1,3
mn-79-1-1-4,n1908,79,1,1,4
mn-79-1-1-5,n1909,79,1,1,5
mn-79-1-1-6,n1910,79,1,1,6
mn-79-1-1-7,n1911,79,1,1,7
mn-79-1-1-8,n1912,79,1,1,8
mn-79-1-1-9,n1913,79,1,1,9
mn-79-1-1-10,n1914,79,1,1,10
mn-79-1-1-11,n1915,79,1,1,11
mn-79-1-1-12,n1916,79,1,1,12
mn-79-1-1-13,n1917,79,1,1,13
mn-79-1-1-14,n1918,79,1,1,14
mn-79-1-1-15,n1919,79,1,1,15
mn-79-1-1-16,n1920,79,1,1,16
mn-79-1-1-17,n1921,79,1,1,17
mn-79-1-1-18,n1922,79,1,1,18
mn-79-1-1-19,n1923,79,1,1,19
mn-79-1-1-20,n1924,79,1,1,20
mn-79-1-1-21,n1925,79,1,1,21
mn-79-1-1-22,n1926,79,1,1,22
mn-79-1-1-23,n1927,79,1,1,23
mn-79-1-1-24,n1928,79,1,1,24
mn-79-5-2-1,n1929,79,5,2,1
mn-79-5-2-2,n1930,79,5,2,2
mn-79-5-2-3,n1931,79,5,2,3
mn-79-5-2-4,n1932,79,5,2,4
mn-79-5-2-5,n1933,79,5,2,5
mn-80-1-1-1,n1934,80,1,1,1
mn-80-1-1-2,n1935,80,1,1,2
mn-80-1-1-3,n1936,80,1,1,3
mn-80-1-1-4,n1937,80,1,1,4
mn-80-1-1-5,n1938,80,1,1,5
mn-80-1-1-6,n1939,80,1,1,6
mn-80-1-1-7,n1940,80,1,1,7
mn-80-1-1-8,n1941,80,1,1,8
mn-80-1-1-9,n1942,80,1,1,9
mn-80-1-1-10,n1943,80,1,1,10
mn-80-1-1-11,n1944,80,1,1,11
mn-80-1-1-12,n1945,80,1,1,12
mn-80-1-1-13,n1946,80,1,1,13
mn-80-1-1-14,n1947,80,1,1,14
mn-80-1-1-15,n1948,80,1,1,15
mn-80-1-1-16,n1949,80,1,1,16
mn-80-1-1-17,n1950,80,1,1,17
mn-80-1-1-18,n1951,80,1,1,18
mn-80-1-1-19,n1952,80,1,1,19
mn-80-1-1-20,n1953,80,1,1,20
mn-80-1-1-21,n1954,80,1,1,21
mn-80-1-1-22,n1955,80,1,1,22
mn-80-1-1-23,n1956,80,1,1,23
mn-80-1-1-24,n1957,80,1,1,24
mn-80-5-2-1,n1958,80,5,2,1
mn-80-5-2-2,n1959,80,5,2,2
mn-80-5-2-3,n1960,80,5,2,3
mn-80-5-2-4,n1961,80,5,2,4
mn-80-5-2-5,n1962,80,5,2,5
mn-80-5-2-6,n1963,80,5,2,6
mn-81-1-1-1,n1964,81,1,1,1
mn-81-1-1-2,n1965,81,1,1,2
mn-81-1-1-3,n1966,81,1,1,3
mn-81-1-1-4,n1967,81,1,1,4
mn-81-1-1-5,n1968,81,1,1,5
mn-81-1-1-6,n1969,81,1,1,6
mn-81-5-2-1,n1970,81,5,2,1
mn-81-5-2-2,n1971,81,5,2,2
mn-81-5-2-3,n1972,81,5,2,3
mn-81-5-2-4,n1973,81,5,2,4
mn-81-5-2-5,n1974,81,5,2,5
mn-81-5-2-6,n1975,81,5,2,6
mn-81-5-2-7,n1976,81,5,2,7
mn-81-5-2-8,n1977,81,5,2,8
mn-81-5-2-9,n1978,81,5,2,9
mn-81-5-2-10,n1979,81,5,2,10
mn-81-5-2-11,n1980,81,5,2,11
mn-81-5-2-12,n1981,81,5,2,12
mn-81-5-2-13,n1982,81,5,2,13
mn-81-5-2-14,n1983,81,5,2,14
mn-81-5-2-15,n1984,81,5,2,15
mn-81-5-2-16,n1985,81,5,2,16
mn-81-5-2-17,n1986,81,5,2,17
mn-81-5-2-18,n1987,81,5,2,18
mn-81-5-2-19,n1988,81,5,2,19
mn-81-5-2-20,n1989,81,5,2,20
mn-82-1-1-1,n1990,82,1,1,1
mn-82-1-1-2,n1991,82,1,1,2
mn-82-1-1-3,n1992,82,1,1,3
mn-82-1-1-4,n1993,82,1,1,4
mn-82-1-1-5,n1994,82,1,1,5
mn-82-1-1-6,n1995,82,1,1,6
mn-82-1-1-7,n1996,82,1,1,7
mn-82-1-1-8,n1997,82,1,1,8
mn-82-5-2-1,n1998,82,5,2,1
mn-82-5-2-2,n1999,82,5,2,2
mn-82-5-2-3,n2000,82,5,2,3
mn-82-5-2-4,n2001,82,5,2,4
mn-82-5-2-5,n2002,82,5,2,5
mn-82-5-2-6,n2003,82,5,2,6
mn-82-5-2-7,n2004,82,5,2,7
mn-82-5-2-8,n2005,82,5,2,8
mn-82-5-2-9,n2006,82,5,2,9
mn-82-5-2-10,n2007,82,5,2,10
mn-82-5-2-11,n2008,82,5,2,11
mn-82-5-2-12,n2009,82,5,2,12
mn-82-5-2-13,n2010,82,5,2,13
mn-82-5-2-14,n2011,82,5,2,14
mn-82-5-2-15,n2012,82,5,2,15
mn-82-5-2-16,n2013,82,5,2,16
mn-82-5-2-17,n2014,82,5,2,17
mn-82-5-2-18,n2015,82,5,2,18
mn-82-5-2-19,n2016,82,5,2,19
mn-82-5-2-20,n2017,82,5,2,20
mn-82-5-2-21,n2018,82,5,2,21
mn-82-5-2-22,n2019,82,5,2,22
mn-83-1-1-1,n2020,83,1,1,1
mn-83-1-1-2,n2021,83,1,1,2
mn-83-1-1-3,n2022,83,1,1,3
mn-83-1-1-4,n2023,83,1,1,4
mn-83-1-1-5,n2024,83,1,1,5
mn-83-1-1-6,n2025,83,1,1,6
mn-83-1-1-7,n2026,83,1,1,7
mn-83-1-1-8,n2027,83,1,1,8
mn-83-1-1-9,n2028,83,1,1,9
mn-83-1-1-10,n2029,83,1,1,10
mn-83-1-1-11,n2030,83,1,1,11
mn-83-1-1-12,n2031,83,1,1,12
mn-83-1-1-13,n2032,83,1,1,13
mn-83-1-1-14,n2033,83,1,1,14
mn-83-1-1-15,n2034,83,1,1,15
mn-83-1-1-16,n2035,83,1,1,16
mn-83-1-1-17,n2036,83,1,1,17
mn-83-1-1-18,n2037,83,1,1,18
mn-83-1-1-19,n2038,83,1,1,19
mn-83-1-1-20,n2039,83,1,1,20
mn-83-1-1-21,n2040,83,1,1,21
mn-83-5-2-1,n2041,83,5,2,1
mn-83-5-2-2,n2042,83,5,2,2
mn-83-5-2-3,n2043,83,5,2,3
mn-83-5-2-4,n2044,83,5,2,4
mn-83-5-2-5,n2045,83,5,2,5
mn-84-1-1-1,n2046,84,1,1,1
mn-84-1-1-2,n2047,84,1,1,2
mn-84-1-1-3,n2048,84,1,1,3
mn-84-1-1-4,n2049,84,1,1,4
mn-84-1-1-5,n2050,84,1,1,5
mn-84-1-1-6,n2051,84,1,1,6
mn-84-1-1-7,n2052,84,1,1,7
mn-84-1-1-8,n2053,84,1,1,8
mn-84-1-1-9,n2054,84,1,1,9
mn-84-1-1-10,n2055,84,1,1,10
mn-84-1-1-11,n2056,84,1,1,11
mn-84-1-1-12,n2057,84,1,1,12
mn-84-1-1-13,n2058,84,1,1,13
mn-84-1-1-14,n2059,84,1,1,14
mn-84-1-1-15,n2060,84,1,1,15
mn-84-1-1-16,n2061,84,1,1,16
mn-84-1-1-17,n2062,84,1,1,17
mn-84-1-1-18,n2063,84,1,1,18
mn-84-1-1-19,n2064,84,1,1,19
mn-84-1-1-20,n2065,84,1,1,20
mn-84-5-2-1,n2066,84,5,2,1
mn-84-5-2-2,n2067,84,5,2,2
mn-84-5-2-3,n2068,84,5,2,3
mn-84-5-2-4,n2069,84,5,2,4
mn-84-5-2-5,n2070,84,5,2,5
mn-84-5-2-6,n2071,84,5,2,6
mn-85-1-1-1,n2072,85,1,1,1
mn-85-1-1-2,n2073,85,1,1,2
mn-85-1-1-3,n2074,85,1,1,3
mn-85-1-1-4,n2075,85,1,1,4
mn-85-1-1-5,n2076,85,1,1,5
mn-85-1-1-6,n2077,85,1,1,6
mn-85-5-2-1,n2078,85,5,2,1
mn-85-5-2-2,n2079,85,5,2,2
mn-85-5-2-3,n2080,85,5,2,3
mn-85-5-2-4,n2081,85,5,2,4
mn-85-5-2-5,n2082,85,5,2,5
mn-85-5-2-6,n2083,85,5,2,6
mn-85-5-2-7,n2084,85,5,2,7
mn-85-5-2-8,n2085,85,5,2,8
mn-85-5-2-9,n2086,85,5,2,9
mn-85-5-2-10,n2087,85,5,2,10
mn-85-5-2-11,n2088,85,5,2,11
mn-85-5-2-12,n2089,85,5,2,12
mn-85-5-2-13,n2090,85,5,2,13
mn-85-5-2-14,n2091,85,5,2,14
mn-85-5-2-15,n2092,85,5,2,15
mn-85-5-2-16,n2093,85,5,2,16
mn-85-5-2-17,n2094,85,5,2,17
mn-85-5-2-18,n2095,85,5,2,18
mn-85-5-2-19,n2096,85,5,2,19
mn-85-5-2-20,n2097,85,5,2,20
mn-86-1-1-1,n2098,86,1,1,1
mn-86-1-1-2,n2099,86,1,1,2
mn-86-1-1-3,n2100,86,1,1,3
mn-86-1-1-4,n2101,86,1,1,4
mn-86-1-1-5,n2102,86,1,1,5
mn-86-1-1-6,n2103,86,1,1,6
mn-86-1-1-7,n2104,86,1,1,7
mn-86-1-1-8,n2105,86,1,1,8
mn-86-5-2-1,n2106,86,5,2,1
mn-86-5-2-2,n2107,86,5,2,2
mn-86-5-2-3,n2108,86,5,2,3
mn-86-5-2-4,n2109,86,5,2,4
mn-86-5-2-5,n2110,86,5,2,5
mn-86-5-2-6,n2111,86,5,2,6
mn-86-5-2-7,n2112,86,5,2,7
mn-86-5-2-8,n2113,86,5,2,8
mn-86-5-2-9,n2114,86,5,2,9
mn-86-5-2-10,n2115,86,5,2,10
mn-86-5-2-11,n2116,86,5,2,11
mn-86-5-2-12,n2117,86,5,2,12
mn-86-5-2-13,n2118,86,5,2,13
mn-86-5-2-14,n2119,86,5,2,14
mn-86-5-2-15,n2120,86,5,2,15
mn-86-5-2-16,n2121,86,5,2,16
mn-86-5-2-17,n2122,86,5,2,17
mn-86-5-2-18,n2123,86,5,2,18
mn-86-5-2-19,n2124,86,5,2,19
mn-86-5-2-20,n2125,86,5,2,20
mn-86-5-2-21,n2126,86,5,2,21
mn-86-5-2-22,n2127,86,5,2,22
mn-87-1-1-1,n2128,87,1,1,1
mn-87-1-1-2,n2129,87,1,1,2
mn-87-1-1-3,n2130,87,1,1,3
mn-87-1-1-4,n2131,87,1,1,4
mn-87-1-1-5,n2132,87,1,1,5
mn-87-1-1-6,n2133,87,1,1,6
mn-87-1-1-7,n2134,87,1,1,7
mn-87-1-1-8,n2135,87,1,1,8
mn-87-1-1-9,n2136,87,1,1,9
mn-87-1-1-10,n2137,87,1,1,10
mn-87-1-1-11,n2138,87,1,1,11
mn-87-1-1-12,n2139,87,1,1,12
mn-87-1-1-13,n2140,87,1,1,13
mn-87-1-1-14,n2141,87,1,1,14
mn-87-1-1-15,n2142,87,1,1,15
mn-87-1-1-16,n2143,87,1,1,16
mn-87-1-1-17,n2144,87,1,1,17
mn-87-1-1-18,n2145,87,1,1,18
mn-87-1-1-19,n2146,87,1,1,19
mn-87-1-1-20,n2147,87,1,1,20
mn-87-5-2-1,n2148,87,5,2,1
mn-87-5-2-2,n2149,87,5,2,2
mn-87-5-2-3,n2150,87,5,2,3
mn-87-5-2-4,n2151,87,5,2,4
mn-87-5-2-5,n2152,87,5,2,5
mn-88-1-1-1,n2153,88,1,1,1
mn-88-1-1-2,n2154,88,1,1,2
mn-88-1-1-3,n2155,88,1,1,3
mn-88-1-1-4,n2156,88,1,1,4
mn-88-1-1-5,n2157,88,1,1,5
mn-88-1-1-6,n2158,88,1,1,6
mn-88-1-1-7,n2159,88,1,1,7
mn-88-1-1-8,n2160,88,1,1,8
mn-88-1-1-9,n2161,88,1,1,9
mn-88-1-1-10,n2162,88,1,1,10
mn-88-1-1-11,n2163,88,1,1,11
mn-88-1-1-12,n2164,88,1,1,12
mn-88-1-1-13,n2165,88,1,1,13
mn-88-1-1-14,n2166,88,1,1,14
mn-88-1-1-15,n2167,88,1,1,15
mn-88-1-1-16,n2168,88,1,1,16
mn-88-1-1-17,n2169,88,1,1,17
mn-88-1-1-18,n2170,88,1,1,18
mn-88-1-1-19,n2171,88,1,1,19
mn-88-1-1-20,n2172,88,1,1,20
mn-88-5-2-1,n2173,88,5,2,1
mn-88-5-2-2,n2174,88,5,2,2
mn-88-5-2-3,n2175,88,5,2,3
mn-88-5-2-4,n2176,88,5,2,4
mn-88-5-2-5,n2177,88,5,2,5
mn-88-5-2-6,n2178,88,5,2,6
mn-89-1-1-1,n2179,89,1,1,1
mn-89-1-1-2,n2180,89,1,1,2
mn-89-1-1-3,n2181,89,1,1,3
mn-89-1-1-4,n2182,89,1,1,4
mn-89-1-1-5,n2183,89,1,1,5
mn-89-5-2-1,n2184,89,5,2,1
mn-89-5-2-2,n2185,89,5,2,2
mn-89-5-2-3,n2186,89,5,2,3
mn-89-5-2-4,n2187,89,5,2,4
mn-89-5-2-5,n2188,89,5,2,5
mn-89-5-2-6,n2189,89,5,2,6
mn-89-5-2-7,n2190,89,5,2,7
mn-89-5-2-8,n2191,89,5,2,8
mn-89-5-2-9,n2192,89,5,2,9
mn-89-5-2-10,n2193,89,5,2,10
mn-89-5-2-11,n2194,89,5,2,11
mn-89-5-2-12,n2195,89,5,2,12
mn-89-5-2-13,n2196,89,5,2,13
mn-89-5-2-14,n2197,89,5,2,14
mn-89-5-2-15,n2198,89,5,2,15
mn-89-5-2-16,n2199,89,5,2,16
mn-89-5-2-17,n2200,89,5,2,17
mn-89-5-2-18,n2201,89,5,2,18
mn-89-5-2-19,n2202,89,5,2,19
mn-89-5-2-20,n2203,89,5,2,20
mn-90-1-1-1,n2204,90,1,1,1
mn-90-1-1-2,n2205,90,1,1,2
mn-90-1-1-3,n2206,90,1,1,3
mn-90-1-1-4,n2207,90,1,1,4
mn-90-1-1-5,n2208,90,1,1,5
mn-90-1-1-6,n2209,90,1,1,6
mn-90-5-2-1,n2210,90,5,2,1
mn-90-5-2-2,n2211,90,5,2,2
mn-90-5-2-3,n2212,90,5,2,3
mn-90-5-2-4,n2213,90,5,2,4
mn-90-5-2-5,n2214,90,5,2,5
mn-90-5-2-6,n2215,90,5,2,6
mn-90-5-2-7,n2216,90,5,2,7
mn-90-5-2-8,n2217,90,5,2,8
mn-90-5-2-9,n2218,90,5,2,9
mn-90-5-2-10,n2219,90,5,2,10
mn-90-5-2-11,n2220,90,5,2,11
mn-90-5-2-12,n2221,90,5,2,12
mn-90-5-2-13,n2222,90,5,2,13
mn-90-5-2-14,n2223,90,5,2,14
mn-90-5-2-15,n2224,90,5,2,15
mn-90-5-2-16,n2225,90,5,2,16
mn-90-5-2-17,n2226,90,5,2,17
mn-90-5-2-18,n2227,90,5,2,18
mn-90-5-2-19,n2228,90,5,2,19
mn-90-5-2-20,n2229,90,5,2,20
mn-90-5-2-21,n2230,90,5,2,21
mn-90-5-2-22,n2231,90,5,2,22
mn-91-1-1-1,n2232,91,1,1,1
mn-91-1-1-2,n2233,91,1,1,2
mn-91-1-1-3,n2234,91,1,1,3
mn-91-1-1-4,n2235,91,1,1,4
mn-91-1-1-5,n2236,91,1,1,5
mn-91-1-1-6,n2237,91,1,1,6
mn-91-1-1-7,n2238,91,1,1,7
mn-91-1-1-8,n2239,91,1,1,8
mn-91-1-1-9,n2240,91,1,1,9
mn-91-1-1-10,n2241,91,1,1,10
mn-91-1-1-11,n2242,91,1,1,11
mn-91-1-1-12,n2243,91,1,1,12
mn-91-5-2-1,n2244,91,5,2,1
mn-91-5-2-2,n2245,91,5,2,2
mn-91-5-2-3,n2246,91,5,2,3
mn-91-5-2-4,n2247,91,5,2,4
mn-91-5-2-5,n2248,91,5,2,5
mn-91-5-2-6,n2249,91,5,2,6
mn-91-5-2-7,n2250,91,5,2,7
mn-91-5-2-8,n2251,91,5,2,8
mn-91-5-2-9,n2252,91,5,2,9
mn-91-5-2-10,n2253,91,5,2,10
mn-91-5-2-11,n2254,91,5,2,11
mn-91-5-2-12,n2255,91,5,2,12
mn-91-5-2-13,n2256,91,5,2,13
mn-91-5-2-14,n2257,91,5,2,14
mn-91-5-2-15,n2258,91,5,2,15
mn-91-5-2-16,n2259,91,5,2,16
mn-91-5-2-17,n2260,91,5,2,17
mn-91-5-2-18,n2261,91,5,2,18
mn-91-5-2-19,n2262,91,5,2,19
mn-91-5-2-20,n2263,91,5,2,20
mn-91-5-2-21,n2264,91,5,2,21
mn-91-5-2-22,n2265,91,5,2,22
mn-91-5-2-23,n2266,91,5,2,23
mn-91-5-2-24,n2267,91,5,2,24
mn-92-1-1-1,n2268,92,1,1,1
mn-92-1-1-2,n2269,92,1,1,2
mn-92-1-1-3,n2270,92,1,1,3
mn-92-1-1-4,n2271,92,1,1,4
mn-92-1-1-5,n2272,92,1,1,5
mn-92-1-1-6,n2273,92,1,1,6
mn-92-1-1-7,n2274,92,1,1,7
mn-92-1-1-8,n2275,92,1,1,8
mn-92-1-1-9,n2276,92,1,1,9
mn-92-1-1-10,n2277,92,1,1,10
mn-92-1-1-11,n2278,92,1,1,11
mn-92-1-1-12,n2279,92,1,1,12
mn-92-1-1-13,n2280,92,1,1,13
mn-92-1-1-14,n2281,92,1,1,14
mn-92-1-1-15,n2282,92,1,1,15
mn-92-1-1-16,n2283,92,1,1,16
mn-92-5-2-1,n2284,92,5,2,1
mn-92-5-2-2,n2285,92,5,2,2
mn-92-5-2-3,n2286,92,5,2,3
mn-92-5-2-4,n2287,92,5,2,4
mn-92-5-2-5,n2288,92,5,2,5
mn-92-5-2-6,n2289,92,5,2,6
mn-92-5-2-7,n2290,92,5,2,7
mn-92-5-2-8,n2291,92,5,2,8
mn-92-5-2-9,n2292,92,5,2,9
mn-92-5-2-10,n2293,92,5,2,10
mn-92-5-2-11,n2294,92,5,2,11
mn-92-5-2-12,n2295,92,5,2,12
mn-92-5-2-13,n2296,92,5,2,13
mn-92-5-2-14,n2297,92,5,2,14
mn-92-5-2-15,n2298,92,5,2,15
mn-92-5-2-16,n2299,92,5,2,16
mn-92-5-2-17,n2300,92,5,2,17
mn-92-5-2-18,n2301,92,5,2,18
mn-92-5-2-19,n2302,92,5,2,19
mn-92-5-2-20,n2303,92,5,2,20
mn-92-5-2-21,n2304,92,5,2,21
mn-92-5-2-22,n2305,92,5,2,22
mn-92-5-2-23,n2306,92,5,2,23
mn-92-5-2-24,n2307,92,5,2,24
mn-93-1-1-1,n2308,93,1,1,1
mn-93-1-1-2,n2309,93,1,1,2
mn-93-1-1-3,n2310,93,1,1,3
mn-93-1-1-4,n2311,93,1,1,4
mn-93-1-1-5,n2312,93,1,1,5
mn-93-5-2-1,n2313,93,5,2,1
mn-93-5-2-2,n2314,93,5,2,2
mn-93-5-2-3,n2315,93,5,2,3
mn-93-5-2-4,n2316,93,5,2,4
mn-93-5-2-5,n2317,93,5,2,5
mn-93-5-2-6,n2318,93,5,2,6
mn-93-5-2-7,n2319,93,5,2,7
mn-93-5-2-8,n2320,93,5,2,8
mn-93-5-2-9,n2321,93,5,2,9
mn-93-5-2-10,n2322,93,5,2,10
mn-93-5-2-11,n2323,93,5,2,11
mn-93-5-2-12,n2324,93,5,2,12
mn-93-5-2-13,n2325,93,5,2,13
mn-94-1-1-1,n2326,94,1,1,1
mn-94-1-1-2,n2327,94,1,1,2
mn-94-1-1-3,n2328,94,1,1,3
mn-94-1-1-4,n2329,94,1,1,4
mn-94-1-1-5,n2330,94,1,1,5
mn-94-1-1-6,n2331,94,1,1,6
mn-94-1-1-7,n2332,94,1,1,7
mn-94-1-1-8,n2333,94,1,1,8
mn-94-5-2-1,n2334,94,5,2,1
mn-94-5-2-2,n2335,94,5,2,2
mn-94-5-2-3,n2336,94,5,2,3
mn-94-5-2-4,n2337,94,5,2,4
mn-94-5-2-5,n2338,94,5,2,5
mn-94-5-2-6,n2339,94,5,2,6
mn-94-5-2-7,n2340,94,5,2,7
mn-94-5-2-8,n2341,94,5,2,8
mn-94-5-2-9,n2342,94,5,2,9
mn-94-5-2-10,n2343,94,5,2,10
mn-94-5-2-11,n2344,94,5,2,11
mn-94-5-2-12,n2345,94,5,2,12
mn-95-1-1-1,n2346,95,1,1,1
mn-95-1-1-2,n2347,95,1,1,2
mn-95-1-1-3,n2348,95,1,1,3
mn-95-1-1-4,n2349,95,1,1,4
mn-95-1-1-5,n2350,95,1,1,5
mn-95-1-1-6,n2351,95,1,1,6
mn-95-1-1-7,n2352,95,1,1,7
mn-95-1-1-8,n2353,95,1,1,8
mn-95-5-2-1,n2354,95,5,2,1
mn-95-5-2-2,n2355,95,5,2,2
mn-95-5-2-3,n2356,95,5,2,3
mn-95-5-2-4,n2357,95,5,2,4
mn-95-5-2-5,n2358,95,5,2,5
mn-95-5-2-6,n2359,95,5,2,6
mn-95-5-2-7,n2360,95,5,2,7
mn-95-5-2-8,n2361,95,5,2,8
mn-95-5-2-9,n2362,95,5,2,9
mn-95-5-2-10,n2363,95,5,2,10
mn-95-5-2-11,n2364,95,5,2,11
mn-95-5-2-12,n2365,95,5,2,12
mn-96-1-1-1,n2366,96,1,1,1
mn-96-1-1-2,n2367,96,1,1,2
mn-96-1-1-3,n2368,96,1,1,3
mn-96-5-2-1,n2369,96,5,2,1
mn-96-5-2-2,n2370,96,5,2,2
mn-96-5-2-3,n2371,96,5,2,3
mn-96-5-2-4,n2372,96,5,2,4
mn-96-5-2-5,n2373,96,5,2,5
mn-96-5-2-6,n2374,96,5,2,6
mn-96-5-2-7,n2375,96,5,2,7
mn-96-5-2-8,n2376,96,5,2,8
mn-96-5-2-9,n2377,96,5,2,9
mn-96-5-2-10,n2378,96,5,2,10
mn-96-5-2-11,n2379,96,5,2,11
mn-96-5-2-12,n2380,96,5,2,12
mn-96-5-2-13,n2381,96,5,2,13
mn-96-5-2-14,n2382,96,5,2,14
mn-96-5-2-15,n2383,96,5,2,15
mn-97-1-1-1,n2384,97,1,1,1
mn-97-1-1-2,n2385,97,1,1,2
mn-97-1-1-3,n2386,97,1,1,3
mn-97-1-1-4,n2387,97,1,1,4
mn-97-1-1-5,n2388,97,1,1,5
mn-97-1-1-6,n2389,97,1,1,6
mn-97-1-1-7,n2390,97,1,1,7
mn-97-1-1-8,n2391,97,1,1,8
mn-97-1-1-9,n2392,97,1,1,9
mn-97-1-1-10,n2393,97,1,1,10
mn-97-1-1-11,n2394,97,1,1,11
mn-97-1-1-12,n2395,97,1,1,12
mn-97-1-1-13,n2396,97,1,1,13
mn-97-1-1-14,n2397,97,1,1,14
mn-97-5-2-1,n2398,97,5,2,1
mn-97-5-2-2,n2399,97,5,2,2
mn-97-5-2-3,n2400,97,5,2,3
mn-97-5-2-4,n2401,97,5,2,4
mn-97-5-2-5,n2402,97,5,2,5
mn-97-5-2-6,n2403,97,5,2,6
mn-97-5-2-7,n2404,97,5,2,7
mn-97-5-2-8,n2405,97,5,2,8
mn-97-5-2-9,n2406,97,5,2,9
mn-97-5-2-10,n2407,97,5,2,10
mn-97-5-2-11,n2408,97,5,2,11
mn-97-5-2-12,n2409,97,5,2,12
mn-97-5-2-13,n2410,97,5,2,13
mn-98-1-1-1,n2411,98,1,1,1
mn-98-1-1-2,n2412,98,1,1,2
mn-98-1-1-3,n2413,98,1,1,3
mn-98-1-1-4,n2414,98,1,1,4
mn-98-1-1-5,n2415,98,1,1,5
mn-98-1-1-6,n2416,98,1,1,6
mn-98-1-1-7,n2417,98,1,1,7
mn-98-1-1-8,n2418,98,1,1,8
mn-98-1-1-9,n2419,98,1,1,9
mn-98-1-1-10,n2420,98,1,1,10
mn-98-1-1-11,n2421,98,1,1,11
mn-98-1-1-12,n2422,98,1,1,12
mn-98-1-1-13,n2423,98,1,1,13
mn-98-1-1-14,n2424,98,1,1,14
mn-98-1-1-15,n2425,98,1,1,15
mn-98-1-1-16,n2426,98,1,1,16
mn-98-5-2-1,n2427,98,5,2,1
mn-98-5-2-2,n2428,98,5,2,2
mn-98-5-2-3,n2429,98,5,2,3
mn-98-5-2-4,n2430,98,5,2,4
mn-98-5-2-5,n2431,98,5,2,5
mn-98-5-2-6,n2432,98,5,2,6
mn-98-5-2-7,n2433,98,5,2,7
mn-98-5-2-8,n2434,98,5,2,8
mn-98-5-2-9,n2435,98,5,2,9
mn-98-5-2-10,n2436,98,5,2,10
mn-98-5-2-11,n2437,98,5,2,11
mn-98-5-2-12,n2438,98,5,2,12
mn-98-5-2-13,n2439,98,5,2,13
mn-99-1-1-1,n2440,99,1,1,1
mn-99-1-1-2,n2441,99,1,1,2
mn-99-1-1-3,n2442,99,1,1,3
mn-99-1-1-4,n2443,99,1,1,4
mn-99-1-1-5,n2444,99,1,1,5
mn-99-1-1-6,n2445,99,1,1,6
mn-99-1-1-7,n2446,99,1,1,7
mn-99-1-1-8,n2447,99,1,1,8
mn-99-1-1-9,n2448,99,1,1,9
mn-99-1-1-10,n2449,99,1,1,10
mn-99-1-1-11,n2450,99,1,1,11
mn-99-1-1-12,n2451,99,1,1,12
mn-99-1-1-13,n2452,99,1,1,13
mn-99-1-1-14,n2453,99,1,1,14
mn-99-1-1-15,n2454,99,1,1,15
mn-99-1-1-16,n2455,99,1,1,16
mn-99-5-2-1,n2456,99,5,2,1
mn-99-5-2-2,n2457,99,5,2,2
mn-99-5-2-3,n2458,99,5,2,3
mn-99-5-2-4,n2459,99,5,2,4
mn-99-5-2-5,n2460,99,5,2,5
mn-99-5-2-6,n2461,99,5,2,6
mn-99-5-2-7,n2462,99,5,2,7
mn-99-5-2-8,n2463,99,5,2,8
mn-99-5-2-9,n2464,99,5,2,9
mn-99-5-2-10,n2465,99,5,2,10
mn-99-5-2-11,n2466,99,5,2,11
mn-99-5-2-12,n2467,99,5,2,12
mn-99-5-2-13,n2468,99,5,2,13
mn-100-1-1-1,n2469,100,1,1,1
mn-100-1-1-2,n2470,100,1,1,2
mn-100-1-1-3,n2471,100,1,1,3
mn-100-5-2-1,n2472,100,5,2,1
mn-100-5-2-2,n2473,100,5,2,2
mn-100-5-2-3,n2474,100,5,2,3
mn-100-5-2-4,n2475,100,5,2,4
mn-100-5-2-5,n2476,100,5,2,5
mn-100-5-2-6,n2477,100,5,2,6
mn-100-5-2-7,n2478,100,5,2,7
mn-100-5-2-8,n2479,100,5,2,8
mn-100-5-2-9,n2480,100,5,2,9
mn-100-5-2-10,n2481,100,5,2,10
mn-100-5-2-11,n2482,100,5,2,11
mn-100-5-2-12,n2483,100,5,2,12
mn-100-5-2-13,n2484,100,5,2,13
mn-100-5-2-14,n2485,100,5,2,14
mn-100-5-2-15,n2486,100,5,2,15
mn-101-1-1-1,n2487,101,1,1,1
mn-101-1-1-2,n2488,101,1,1,2
mn-101-1-1-3,n2489,101,1,1,3
mn-101-1-1-4,n2490,101,1,1,4
mn-101-1-1-5,n2491,101,1,1,5
mn-101-1-1-6,n2492,101,1,1,6
mn-101-1-1-7,n2493,101,1,1,7
mn-101-1-1-8,n2494,101,1,1,8
mn-101-1-1-9,n2495,101,1,1,9
mn-101-5-2-1,n2496,101,5,2,1
mn-101-5-2-2,n2497,101,5,2,2
mn-101-5-2-3,n2498,101,5,2,3
mn-101-5-2-4,n2499,101,5,2,4
mn-101-5-2-5,n2500,101,5,2,5
mn-101-5-2-6,n2501,101,5,2,6
mn-101-5-2-7,n2502,101,5,2,7
mn-101-5-2-8,n2503,101,5,2,8
mn-101-5-2-9,n2504,101,5,2,9
mn-101-5-2-10,n2505,101,5,2,10
mn-101-5-2-11,n2506,101,5,2,11
mn-101-5-2-12,n2507,101,5,2,12
mn-101-5-2-13,n2508,101,5,2,13
mn-101-5-2-14,n2509,101,5,2,14
mn-102-1-1-1,n2510,102,1,1,1
mn-102-1-1-2,n2511,102,1,1,2
mn-102-1-1-3,n2512,102,1,1,3
mn-102-1-1-4,n2513,102,1,1,4
mn-102-1-1-5,n2514,102,1,1,5
mn-102-1-1-6,n2515,102,1,1,6
mn-102-1-1-7,n2516,102,1,1,7
mn-102-1-1-8,n2517,102,1,1,8
mn-102-1-1-9,n2518,102,1,1,9
mn-102-5-2-1,n2519,102,5,2,1
mn-102-5-2-2,n2520,102,5,2,2
mn-102-5-2-3,n2521,102,5,2,3
mn-102-5-2-4,n2522,102,5,2,4
mn-102-5-2-5,n2523,102,5,2,5
mn-102-5-2-6,n2524,102,5,2,6
mn-102-5-2-7,n2525,102,5,2,7
mn-102-5-2-8,n2526,102,5,2,8
mn-102-5-2-9,n2527,102,5,2,9
mn-102-5-2-10,n2528,102,5,2,10
mn-102-5-2-11,n2529,102,5,2,11
mn-102-5-2-12,n2530,102,5,2,12
mn-102-5-2-13,n2531,102,5,2,13
mn-102-5-2-14,n2532,102,5,2,14
mn-103-1-1-1,n2533,103,1,1,1
mn-103-1-1-2,n2534,103,1,1,2
mn-103-1-1-3,n2535,103,1,1,3
mn-103-1-1-4,n2536,103,1,1,4
mn-103-1-1-5,n2537,103,1,1,5
mn-103-1-1-6,n2538,103,1,1,6
mn-103-1-1-7,n2539,103,1,1,7
mn-103-1-1-8,n2540,103,1,1,8
mn-103-1-1-9,n2541,103,1,1,9
mn-103-1-1-10,n2542,103,1,1,10
mn-103-1-1-11,n2543,103,1,1,11
mn-103-5-2-1,n2544,103,5,2,1
mn-103-5-2-2,n2545,103,5,2,2
mn-103-5-2-3,n2546,103,5,2,3
mn-103-5-2-4,n2547,103,5,2,4
mn-103-5-2-5,n2548,103,5,2,5
mn-103-5-2-6,n2549,103,5,2,6
mn-103-5-2-7,n2550,103,5,2,7
mn-103-5-2-8,n2551,103,5,2,8
mn-103-5-2-9,n2552,103,5,2,9
mn-103-5-2-10,n2553,103,5,2,10
mn-103-5-2-11,n2554,103,5,2,11
mn-103-5-2-12,n2555,103,5,2,12
mn-103-5-2-13,n2556,103,5,2,13
mn-103-5-2-14,n2557,103,5,2,14
mn-104-1-1-1,n2558,104,1,1,1
mn-104-1-1-2,n2559,104,1,1,2
mn-104-1-1-3,n2560,104,1,1,3
mn-104-1-1-4,n2561,104,1,1,4
mn-104-1-1-5,n2562,104,1,1,5
mn-104-1-1-6,n2563,104,1,1,6
mn-104-1-1-7,n2564,104,1,1,7
mn-104-1-1-8,n2565,104,1,1,8
mn-104-1-1-9,n2566,104,1,1,9
mn-104-1-1-10,n2567,104,1,1,10
mn-104-5-2-1,n2568,104,5,2,1
mn-104-5-2-2,n2569,104,5,2,2
mn-104-5-2-3,n2570,104,5,2,3
mn-104-5-2-4,n2571,104,5,2,4
mn-104-5-2-5,n2572,104,5,2,5
mn-104-5-2-6,n2573,104,5,2,6
mn-104-5-2-7,n2574,104,5,2,7
mn-104-5-2-8,n2575,104,5,2,8
mn-104-5-2-9,n2576,104,5,2,9
mn-104-5-2-10,n2577,104,5,2,10
mn-104-5-2-11,n2578,104,5,2,11
mn-104-5-2-12,n2579,104,5,2,12
mn-104-5-2-13,n2580,104,5,2,13
mn-104-5-2-14,n2581,104,5,2,14
mn-105-1-1-1,n2582,105,1,1,1
mn-105-1-1-2,n2583,105,1,1,2
mn-105-1-1-3,n2584,105,1,1,3
mn-105-1-1-4,n2585,105,1,1,4
mn-105-1-1-5,n2586,105,1,1,5
mn-105-1-1-6,n2587,105,1,1,6
mn-105-1-1-7,n2588,105,1,1,7
mn-105-1-1-8,n2589,105,1,1,8
mn-105-1-1-9,n2590,105,1,1,9
mn-105-1-1-10,n2591,105,1,1,10
mn-105-1-1-11,n2592,105,1,1,11
mn-105-1-1-12,n2593,105,1,1,12
mn-105-5-2-1,n2594,105,5,2,1
mn-105-5-2-2,n2595,105,5,2,2
mn-105-5-2-3,n2596,105,5,2,3
mn-105-5-2-4,n2597,105,5,2,4
mn-105-5-2-5,n2598,105,5,2,5
mn-105-6-2-1,n2599,105,6,2,1
mn-105-6-2-2,n2600,105,6,2,2
mn-105-6-2-3,n2601,105,6,2,3
mn-105-6-2-4,n2602,105,6,2,4
mn-105-6-2-5,n2603,105,6,2,5
mn-105-6-2-6,n2604,105,6,2,6
mn-105-6-2-7,n2605,105,6,2,7
mn-105-6-2-8,n2606,105,6,2,8
mn-105-6-2-9,n2607,105,6,2,9
mn-105-6-2-10,n2608,105,6,2,10
mn-105-6-2-11,n2609,105,6,2,11
mn-106-1-1-1,n2610,106,1,1,1
mn-106-1-1-2,n2611,106,1,1,2
mn-106-1-1-3,n2612,106,1,1,3
mn-106-1-1-4,n2613,106,1,1,4
mn-106-1-1-5,n2614,106,1,1,5
mn-106-1-1-6,n2615,106,1,1,6
mn-106-1-1-7,n2616,106,1,1,7
mn-106-1-1-8,n2617,106,1,1,8
mn-106-1-1-9,n2618,106,1,1,9
mn-106-1-1-10,n2619,106,1,1,10
mn-106-1-1-11,n2620,106,1,1,11
mn-106-5-2-1,n2621,106,5,2,1
mn-106-5-2-2,n2622,106,5,2,2
mn-106-5-2-3,n2623,106,5,2,3
mn-106-5-2-4,n2624,106,5,2,4
mn-106-5-2-5,n2625,106,5,2,5
mn-106-6-2-1,n2626,106,6,2,1
mn-106-6-2-2,n2627,106,6,2,2
mn-106-6-2-3,n2628,106,6,2,3
mn-106-6-2-4,n2629,106,6,2,4
mn-106-6-2-5,n2630,106,6,2,5
mn-106-6-2-6,n2631,106,6,2,6
mn-106-6-2-7,n2632,106,6,2,7
mn-106-6-2-8,n2633,106,6,2,8
mn-106-6-2-9,n2634,106,6,2,9
mn-106-6-2-10,n2635,106,6,2,10
mn-106-6-2-11,n2636,106,6,2,11
mn-106-6-2-12,n2637,106,6,2,12
mn-107-1-1-1,n2638,107,1,1,1
mn-107-1-1-2,n2639,107,1,1,2
mn-107-1-1-3,n2640,107,1,1,3
mn-107-1-1-4,n2641,107,1,1,4
mn-107-1-1-5,n2642,107,1,1,5
mn-107-1-1-6,n2643,107,1,1,6
mn-107-1-1-7,n2644,107,1,1,7
mn-107-1-1-8,n2645,107,1,1,8
mn-107-1-1-9,n2646,107,1,1,9
mn-107-1-1-10,n2647,107,1,1,10
mn-107-1-1-11,n2648,107,1,1,11
mn-107-5-2-1,n2649,107,5,2,1
mn-107-5-2-2,n2650,107,5,2,2
mn-107-5-2-3,n2651,107,5,2,3
mn-107-5-2-4,n2652,107,5,2,4
mn-107-5-2-5,n2653,107,5,2,5
mn-107-6-2-1,n2654,107,6,2,1
mn-107-6-2-2,n2655,107,6,2,2
mn-107-6-2-3,n2656,107,6,2,3
mn-107-6-2-4,n2657,107,6,2,4
mn-107-6-2-5,n2658,107,6,2,5
mn-107-6-2-6,n2659,107,6,2,6
mn-107-6-2-7,n2660,107,6,2,7
mn-107-6-2-8,n2661,107,6,2,8
mn-107-6-2-9,n2662,107,6,2,9
mn-107-6-2-10,n2663,107,6,2,10
mn-107-6-2-11,n2664,107,6,2,11
mn-107-6-2-12,n2665,107,6,2,12
mn-108-1-1-1,n2666,108,1,1,1
mn-108-1-1-2,n2667,108,1,1,2
mn-108-1-1-3,n2668,108,1,1,3
mn-108-1-1-4,n2669,108,1,1,4
mn-108-1-1-5,n2670,108,1,1,5
mn-108-1-1-6,n2671,108,1,1,6
mn-108-1-1-7,n2672,108,1,1,7
mn-108-1-1-8,n2673,108,1,1,8
mn-108-1-1-9,n2674,108,1,1,9
mn-108-1-1-10,n2675,108,1,1,10
mn-108-1-1-11,n2676,108,1,1,11
mn-108-1-1-12,n2677,108,1,1,12
mn-108-5-2-1,n2678,108,5,2,1
mn-108-5-2-2,n2679,108,5,2,2
mn-108-5-2-3,n2680,108,5,2,3
mn-108-5-2-4,n2681,108,5,2,4
mn-108-5-2-5,n2682,108,5,2,5
mn-108-5-2-6,n2683,108,5,2,6
mn-108-5-2-7,n2684,108,5,2,7
mn-108-5-2-8,n2685,108,5,2,8
mn-108-5-2-9,n2686,108,5,2,9
mn-108-5-2-10,n2687,108,5,2,10
mn-108-5-2-11,n2688,108,5,2,11
mn-108-5-2-12,n2689,108,5,2,12
mn-109-1-1-1,n2690,109,1,1,1
mn-109-1-1-2,n2691,109,1,1,2
mn-109-1-1-3,n2692,109,1,1,3
mn-109-1-1-4,n2693,109,1,1,4
mn-109-1-1-5,n2694,109,1,1,5
mn-109-1-1-6,n2695,109,1,1,6
mn-109-1-1-7,n2696,109,1,1,7
mn-109-1-1-8,n2697,109,1,1,8
mn-109-1-1-9,n2698,109,1,1,9
mn-109-1-1-10,n2699,109,1,1,10
mn-109-1-1-11,n2700,109,1,1,11
mn-109-1-1-12,n2701,109,1,1,12
mn-109-5-2-1,n2702,109,5,2,1
mn-109-5-2-2,n2703,109,5,2,2
mn-109-5-2-3,n2704,109,5,2,3
mn-109-5-2-4,n2705,109,5,2,4
mn-109-5-2-5,n2706,109,5,2,5
mn-109-5-2-6,n2707,109,5,2,6
mn-109-5-2-7,n2708,109,5,2,7
mn-109-5-2-8,n2709,109,5,2,8
mn-109-5-2-9,n2710,109,5,2,9
mn-109-5-2-10,n2711,109,5,2,10
mn-109-5-2-11,n2712,109,5,2,11
mn-109-5-2-12,n2713,109,5,2,12
mn-109-5-2-13,n2714,109,5,2,13
mn-109-5-2-14,n2715,109,5,2,14
mn-109-5-2-15,n2716,109,5,2,15
mn-109-5-2-16,n2717,109,5,2,16
mn-109-5-2-17,n2718,109,5,2,17
mn-109-5-2-18,n2719,109,5,2,18
mn-109-5-2-19,n2720,109,5,2,19
mn-109-5-2-20,n2721,109,5,2,20
mn-109-5-2-21,n2722,109,5,2,21
mn-109-5-2-22,n2723,109,5,2,22
mn-109-5-2-23,n2724,109,5,2,23
mn-109-5-2-24,n2725,109,5,2,24
mn-110-1-1-1,n2726,110,1,1,1
mn-110-1-1-2,n2727,110,1,1,2
mn-110-1-1-3,n2728,110,1,1,3
mn-110-1-1-4,n2729,110,1,1,4
mn-110-1-1-5,n2730,110,1,1,5
mn-110-1-1-6,n2731,110,1,1,6
mn-110-1-1-7,n2732,110,1,1,7
mn-110-1-1-8,n2733,110,1,1,8
mn-110-1-1-9,n2734,110,1,1,9
mn-110-1-1-10,n2735,110,1,1,10
mn-110-1-1-11,n2736,110,1,1,11
mn-110-1-1-12,n2737,110,1,1,12
mn-110-1-1-13,n2738,110,1,1,13
mn-110-1-1-14,n2739,110,1,1,14
mn-110-1-1-15,n2740,110,1,1,15
mn-110-1-1-16,n2741,110,1,1,16
mn-110-5-2-1,n2742,110,5,2,1
mn-110-5-2-2,n2743,110,5,2,2
mn-110-5-2-3,n2744,110,5,2,3
mn-110-5-2-4,n2745,110,5,2,4
mn-110-5-2-5,n2746,110,5,2,5
mn-110-5-2-6,n2747,110,5,2,6
mn-110-5-2-7,n2748,110,5,2,7
mn-110-5-2-8,n2749,110,5,2,8
mn-110-5-2-9,n2750,110,5,2,9
mn-110-5-2-10,n2751,110,5,2,10
mn-110-5-2-11,n2752,110,5,2,11
mn-110-5-2-12,n2753,110,5,2,12
mn-110-5-2-13,n2754,110,5,2,13
mn-110-5-2-14,n2755,110,5,2,14
mn-110-5-2-15,n2756,110,5,2,15
mn-110-5-2-16,n2757,110,5,2,16
mn-110-5-2-17,n2758,110,5,2,17
mn-110-5-2-18,n2759,110,5,2,18
mn-110-5-2-19,n2760,110,5,2,19
mn-110-5-2-20,n2761,110,5,2,20
mn-110-5-2-21,n2762,110,5,2,21
mn-110-5-2-22,n2763,110,5,2,22
mn-110-5-2-23,n2764,110,5,2,23
mn-110-5-2-24,n2765,110,5,2,24
mn-111-1-1-1,n2766,111,1,1,1
mn-111-1-1-2,n2767,111,1,1,2
mn-111-1-1-3,n2768,111,1,1,3
mn-111-1-1-4,n2769,111,1,1,4
mn-111-1-1-5,n2770,111,1,1,5
mn-111-1-1-6,n2771,111,1,1,6
mn-111-1-1-7,n2772,111,1,1,7
mn-111-2-1-1,n2773,111,2,1,1
mn-111-5-2-1,n2774,111,5,2,1
mn-111-5-2-2,n2775,111,5,2,2
mn-111-5-2-3,n2776,111,5,2,3
mn-111-5-2-4,n2777,111,5,2,4
mn-111-5-2-5,n2778,111,5,2,5
mn-111-5-2-6,n2779,111,5,2,6
mn-111-5-2-7,n2780,111,5,2,7
mn-111-5-2-8,n2781,111,5,2,8
mn-111-5-2-9,n2782,111,5,2,9
mn-111-5-2-10,n2783,111,5,2,10
mn-111-5-2-11,n2784,111,5,2,11
mn-111-5-2-12,n2785,111,5,2,12
mn-111-5-2-13,n2786,111,5,2,13
mn-111-5-2-14,n2787,111,5,2,14
mn-111-5-2-15,n2788,111,5,2,15
mn-111-5-2-16,n2789,111,5,2,16
mn-111-5-2-17,n2790,111,5,2,17
mn-111-5-2-18,n2791,111,5,2,18
mn-111-5-2-19,n2792,111,5,2,19
mn-111-5-2-20,n2793,111,5,2,20
mn-111-5-2-21,n2794,111,5,2,21
mn-111-5-2-22,n2795,111,5,2,22
mn-111-5-2-23,n2796,111,5,2,23
mn-111-5-2-24,n2797,111,5,2,24
mn-112-1-1-1,n2798,112,1,1,1
mn-112-1-1-2,n2799,112,1,1,2
mn-112-1-1-3,n2800,112,1,1,3
mn-112-1-1-4,n2801,112,1,1,4
mn-112-1-1-5,n2802,112,1,1,5
mn-112-1-1-6,n2803,112,1,1,6
mn-112-1-1-7,n2804,112,1,1,7
mn-112-1-1-8,n2805,112,1,1,8
mn-112-5-2-1,n2806,112,5,2,1
mn-112-5-2-2,n2807,112,5,2,2
mn-112-5-2-3,n2808,112,5,2,3
mn-112-5-2-4,n2809,112,5,2,4
mn-112-5-2-5,n2810,112,5,2,5
mn-112-5-2-6,n2811,112,5,2,6
mn-112-5-2-7,n2812,112,5,2,7
mn-112-5-2-8,n2813,112,5,2,8
mn-112-5-2-9,n2814,112,5,2,9
mn-112-5-2-10,n2815,112,5,2,10
mn-112-5-2-11,n2816,112,5,2,11
mn-112-5-2-12,n2817,112,5,2,12
mn-112-5-2-13,n2818,112,5,2,13
mn-112-5-2-14,n2819,112,5,2,14
mn-112-5-2-15,n2820,112,5,2,15
mn-112-5-2-16,n2821,112,5,2,16
mn-112-5-2-17,n2822,112,5,2,17
mn-112-5-2-18,n2823,112,5,2,18
mn-112-5-2-19,n2824,112,5,2,19
mn-112-5-2-20,n2825,112,5,2,20
mn-112-5-2-21,n2826,112,5,2,21
mn-112-5-2-22,n2827,112,5,2,22
mn-112-5-2-23,n2828,112,5,2,23
mn-112-5-2-24,n2829,112,5,2,24
mn-113-1-1-1,n2830,113,1,1,1
mn-113-1-1-2,n2831,113,1,1,2
mn-113-1-1-3,n2832,113,1,1,3
mn-113-1-1-4,n2833,113,1,1,4
mn-113-1-1-5,n2834,113,1,1,5
mn-113-1-1-6,n2835,113,1,1,6
mn-113-1-1-7,n2836,113,1,1,7
mn-113-1-1-8,n2837,113,1,1,8
mn-113-5-2-1,n2838,113,5,2,1
mn-113-5-2-2,n2839,113,5,2,2
mn-113-5-2-3,n2840,113,5,2,3
mn-113-5-2-4,n2841,113,5,2,4
mn-113-5-2-5,n2842,113,5,2,5
mn-113-5-2-6,n2843,113,5,2,6
mn-113-5-2-7,n2844,113,5,2,7
mn-113-5-2-8,n2845,113,5,2,8
mn-113-5-2-9,n2846,113,5,2,9
mn-113-5-2-10,n2847,113,5,2,10
mn-113-5-2-11,n2848,113,5,2,11
mn-113-5-2-12,n2849,113,5,2,12
mn-113-5-2-13,n2850,113,5,2,13
mn-113-5-2-14,n2851,113,5,2,14
mn-113-5-2-15,n2852,113,5,2,15
mn-113-5-2-16,n2853,113,5,2,16
mn-113-5-2-17,n2854,113,5,2,17
mn-113-5-2-18,n2855,113,5,2,18
mn-113-5-2-19,n2856,113,5,2,19
mn-113-5-2-20,n2857,113,5,2,20
mn-113-5-2-21,n2858,113,5,2,21
mn-113-5-2-22,n2859,113,5,2,22
mn-113-5-2-23,n2860,113,5,2,23
mn-113-5-2-24,n2861,113,5,2,24
mn-114-1-1-1,n2862,114,1,1,1
mn-114-1-1-2,n2863,114,1,1,2
mn-114-1-1-3,n2864,114,1,1,3
mn-114-1-1-4,n2865,114,1,1,4
mn-114-1-1-5,n2866,114,1,1,5
mn-114-1-1-6,n2867,114,1,1,6
mn-114-1-1-7,n2868,114,1,1,7
mn-114-1-1-8,n2869,114,1,1,8
mn-114-1-1-9,n2870,114,1,1,9
mn-114-1-1-10,n2871,114,1,1,10
mn-114-1-1-11,n2872,114,1,1,11
mn-114-1-1-12,n2873,114,1,1,12
mn-114-1-1-13,n2874,114,1,1,13
mn-114-1-1-14,n2875,114,1,1,14
mn-114-1-1-15,n2876,114,1,1,15
mn-114-1-1-16,n2877,114,1,1,16
mn-114-5-2-1,n2878,114,5,2,1
mn-114-5-2-2,n2879,114,5,2,2
mn-114-5-2-3,n2880,114,5,2,3
mn-114-5-2-4,n2881,114,5,2,4
mn-114-5-2-5,n2882,114,5,2,5
mn-114-5-2-6,n2883,114,5,2,6
mn-114-5-2-7,n2884,114,5,2,7
mn-114-5-2-8,n2885,114,5,2,8
mn-114-5-2-9,n2886,114,5,2,9
mn-114-5-2-10,n2887,114,5,2,10
mn-114-5-2-11,n2888,114,5,2,11
mn-114-5-2-12,n2889,114,5,2,12
mn-114-5-2-13,n2890,114,5,2,13
mn-114-5-2-14,n2891,114,5,2,14
mn-114-5-2-15,n2892,114,5,2,15
mn-114-5-2-16,n2893,114,5,2,16
mn-114-5-2-17,n2894,114,5,2,17
mn-114-5-2-18,n2895,114,5,2,18
mn-114-5-2-19,n2896,114,5,2,19
mn-114-5-2-20,n2897,114,5,2,20
mn-114-5-2-21,n2898,114,5,2,21
mn-114-5-2-22,n2899,114,5,2,22
mn-114-5-2-23,n2900,114,5,2,23
mn-114-5-2-24,n2901,114,5,2,24
mn-115-1-1-1,n2902,115,1,1,1
mn-115-1-1-2,n2903,115,1,1,2
mn-115-1-1-3,n2904,115,1,1,3
mn-115-1-1-4,n2905,115,1,1,4
mn-115-1-1-5,n2906,115,1,1,5
mn-115-1-1-6,n2907,115,1,1,6
mn-115-1-1-7,n2908,115,1,1,7
mn-115-2-1-1,n2909,115,2,1,1
mn-115-5-2-1,n2910,115,5,2,1
mn-115-5-2-2,n2911,115,5,2,2
mn-115-5-2-3,n2912,115,5,2,3
mn-115-5-2-4,n2913,115,5,2,4
mn-115-5-2-5,n2914,115,5,2,5
mn-115-5-2-6,n2915,115,5,2,6
mn-115-5-2-7,n2916,115,5,2,7
mn-115-5-2-8,n2917,115,5,2,8
mn-115-5-2-9,n2918,115,5,2,9
mn-115-5-2-10,n2919,115,5,2,10
mn-115-5-2-11,n2920,115,5,2,11
mn-115-5-2-12,n2921,115,5,2,12
mn-115-5-2-13,n2922,115,5,2,13
mn-115-5-2-14,n2923,115,5,2,14
mn-115-5-2-15,n2924,115,5,2,15
mn-115-5-2-16,n2925,115,5,2,16
mn-115-5-2-17,n2926,115,5,2,17
mn-115-5-2-18,n2927,115,5,2,18
mn-115-5-2-19,n2928,115,5,2,19
mn-115-5-2-20,n2929,115,5,2,20
mn-115-5-2-21,n2930,115,5,2,21
mn-115-5-2-22,n2931,115,5,2,22
mn-115-5-2-23,n2932,115,5,2,23
mn-115-5-2-24,n2933,115,5,2,24
mn-116-1-1-1,n2934,116,1,1,1
mn-116-1-1-2,n2935,116,1,1,2
mn-116-1-1-3,n2936,116,1,1,3
mn-116-1-1-4,n2937,116,1,1,4
mn-116-1-1-5,n2938,116,1,1,5
mn-116-1-1-6,n2939,116,1,1,6
mn-116-1-1-7,n2940,116,1,1,7
mn-116-1-1-8,n2941,116,1,1,8
mn-116-5-2-1,n2942,116,5,2,1
mn-116-5-2-2,n2943,116,5,2,2
mn-116-5-2-3,n2944,116,5,2,3
mn-116-5-2-4,n2945,116,5,2,4
mn-116-5-2-5,n2946,116,5,2,5
mn-116-5-2-6,n2947,116,5,2,6
mn-116-5-2-7,n2948,116,5,2,7
mn-116-5-2-8,n2949,116,5,2,8
mn-116-5-2-9,n2950,116,5,2,9
mn-116-5-2-10,n2951,116,5,2,10
mn-116-5-2-11,n2952,116,5,2,11
mn-116-5-2-12,n2953,116,5,2,12
mn-116-5-2-13,n2954,116,5,2,13
mn-116-5-2-14,n2955,116,5,2,14
mn-116-5-2-15,n2956,116,5,2,15
mn-116-5-2-16,n2957,116,5,2,16
mn-116-5-2-17,n2958,116,5,2,17
mn-116-5-2-18,n2959,116,5,2,18
mn-116-5-2-19,n2960,116,5,2,19
mn-116-5-2-20,n2961,116,5,2,20
mn-116-5-2-21,n2962,116,5,2,21
mn-116-5-2-22,n2963,116,5,2,22
mn-116-5-2-23,n2964,116,5,2,23
mn-116-5-2-24,n2965,116,5,2,24
mn-117-1-1-1,n2966,117,1,1,1
mn-117-1-1-2,n2967,117,1,1,2
mn-117-1-1-3,n2968,117,1,1,3
mn-117-1-1-4,n2969,117,1,1,4
mn-117-1-1-5,n2970,117,1,1,5
mn-117-1-1-6,n2971,117,1,1,6
mn-117-1-1-7,n2972,117,1,1,7
mn-117-1-1-8,n2973,117,1,1,8
mn-117-5-2-1,n2974,117,5,2,1
mn-117-5-2-2,n2975,117,5,2,2
mn-117-5-2-3,n2976,117,5,2,3
mn-117-5-2-4,n2977,117,5,2,4
mn-117-5-2-5,n2978,117,5,2,5
mn-117-5-2-6,n2979,117,5,2,6
mn-117-5-2-7,n2980,117,5,2,7
mn-117-5-2-8,n2981,117,5,2,8
mn-117-5-2-9,n2982,117,5,2,9
mn-117-5-2-10,n2983,117,5,2,10
mn-117-5-2-11,n2984,117,5,2,11
mn-117-5-2-12,n2985,117,5,2,12
mn-117-5-2-13,n2986,117,5,2,13
mn-117-5-2-14,n2987,117,5,2,14
mn-117-5-2-15,n2988,117,5,2,15
mn-117-5-2-16,n2989,117,5,2,16
mn-117-5-2-17,n2990,117,5,2,17
mn-117-5-2-18,n2991,117,5,2,18
mn-117-5-2-19,n2992,117,5,2,19
mn-117-5-2-20,n2993,117,5,2,20
mn-117-5-2-21,n2994,117,5,2,21
mn-117-5-2-22,n2995,117,5,2,22
mn-117-5-2-23,n2996,117,5,2,23
mn-117-5-2-24,n2997,117,5,2,24
mn-118-1-1-1,n2998,118,1,1,1
mn-118-1-1-2,n2999,118,1,1,2
mn-118-1-1-3,n3000,118,1,1,3
mn-118-1-1-4,n3001,118,1,1,4
mn-118-1-1-5,n3002,118,1,1,5
mn-118-1-1-6,n3003,118,1,1,6
mn-118-1-1-7,n3004,118,1,1,7
mn-118-1-1-8,n3005,118,1,1,8
mn-118-1-1-9,n3006,118,1,1,9
mn-118-1-1-10,n3007,118,1,1,10
mn-118-1-1-11,n3008,118,1,1,11
mn-118-1-1-12,n3009,118,1,1,12
mn-118-1-1-13,n3010,118,1,1,13
mn-118-1-1-14,n3011,118,1,1,14
mn-118-1-1-15,n3012,118,1,1,15
mn-118-1-1-16,n3013,118,1,1,16
mn-118-5-2-1,n3014,118,5,2,1
mn-118-5-2-2,n3015,118,5,2,2
mn-118-5-2-3,n3016,118,5,2,3
mn-118-5-2-4,n3017,118,5,2,4
mn-118-5-2-5,n3018,118,5,2,5
mn-118-5-2-6,n3019,118,5,2,6
mn-118-5-2-7,n3020,118,5,2,7
mn-118-5-2-8,n3021,118,5,2,8
mn-118-5-2-9,n3022,118,5,2,9
mn-118-5-2-10,n3023,118,5,2,10
mn-118-5-2-11,n3024,118,5,2,11
mn-118-5-2-12,n3025,118,5,2,12
mn-118-5-2-13,n3026,118,5,2,13
mn-118-5-2-14,n3027,118,5,2,14
mn-118-5-2-15,n3028,118,5,2,15
mn-118-5-2-16,n3029,118,5,2,16
mn-118-5-2-17,n3030,118,5,2,17
mn-118-5-2-18,n3031,118,5,2,18
mn-118-5-2-19,n3032,118,5,2,19
mn-118-5-2-20,n3033,118,5,2,20
mn-118-5-2-21,n3034,118,5,2,21
mn-118-5-2-22,n3035,118,5,2,22
mn-118-5-2-23,n3036,118,5,2,23
mn-118-5-2-24,n3037,118,5,2,24
mn-119-1-1-1,n3038,119,1,1,1
mn-119-1-1-2,n3039,119,1,1,2
mn-119-1-1-3,n3040,119,1,1,3
mn-119-1-1-4,n3041,119,1,1,4
mn-119-1-1-5,n3042,119,1,1,5
mn-119-1-1-6,n3043,119,1,1,6
mn-119-5-2-1,n3044,119,5,2,1
mn-119-5-2-2,n3045,119,5,2,2
mn-119-5-2-3,n3046,119,5,2,3
mn-119-5-2-4,n3047,119,5,2,4
mn-119-5-2-5,n3048,119,5,2,5
mn-119-5-2-6,n3049,119,5,2,6
mn-119-5-2-7,n3050,119,5,2,7
mn-119-5-2-8,n3051,119,5,2,8
mn-119-5-2-9,n3052,119,5,2,9
mn-119-5-2-10,n3053,119,5,2,10
mn-119-5-2-11,n3054,119,5,2,11
mn-119-5-2-12,n3055,119,5,2,12
mn-119-5-2-13,n3056,119,5,2,13
mn-119-5-2-14,n3057,119,5,2,14
mn-119-5-2-15,n3058,119,5,2,15
mn-119-5-2-16,n3059,119,5,2,16
mn-119-5-2-17,n3060,119,5,2,17
mn-119-5-2-18,n3061,119,5,2,18
mn-119-5-2-19,n3062,119,5,2,19
mn-119-5-2-20,n3063,119,5,2,20
mn-119-5-2-21,n3064,119,5,2,21
mn-119-5-2-22,n3065,119,5,2,22
mn-119-5-2-23,n3066,119,5,2,23
mn-119-5-2-24,n3067,119,5,2,24
mn-120-1-1-1,n3068,120,1,1,1
mn-120-1-1-2,n3069,120,1,1,2
mn-120-1-1-3,n3070,120,1,1,3
mn-120-1-1-4,n3071,120,1,1,4
mn-120-1-1-5,n3072,120,1,1,5
mn-120-1-1-6,n3073,120,1,1,6
mn-120-5-2-1,n3074,120,5,2,1
mn-120-5-2-2,n3075,120,5,2,2
mn-120-5-2-3,n3076,120,5,2,3
mn-120-5-2-4,n3077,120,5,2,4
mn-120-5-2-5,n3078,120,5,2,5
mn-120-5-2-6,n3079,120,5,2,6
mn-120-5-2-7,n3080,120,5,2,7
mn-120-5-2-8,n3081,120,5,2,8
mn-120-5-2-9,n3082,120,5,2,9
mn-120-5-2-10,n3083,120,5,2,10
mn-120-5-2-11,n3084,120,5,2,11
mn-120-5-2-12,n3085,120,5,2,12
mn-120-5-2-13,n3086,120,5,2,13
mn-120-5-2-14,n3087,120,5,2,14
mn-120-5-2-15,n3088,120,5,2,15
mn-120-5-2-16,n3089,120,5,2,16
mn-120-5-2-17,n3090,120,5,2,17
mn-120-5-2-18,n3091,120,5,2,18
mn-120-5-2-19,n3092,120,5,2,19
mn-120-5-2-20,n3093,120,5,2,20
mn-120-5-2-21,n3094,120,5,2,21
mn-120-5-2-22,n3095,120,5,2,22
mn-120-5-2-23,n3096,120,5,2,23
mn-120-5-2-24,n3097,120,5,2,24
mn-121-1-1-1,n3098,121,1,1,1
mn-121-1-1-2,n3099,121,1,1,2
mn-121-1-1-3,n3100,121,1,1,3
mn-121-1-1-4,n3101,121,1,1,4
mn-121-1-1-5,n3102,121,1,1,5
mn-121-1-1-6,n3103,121,1,1,6
mn-121-5-2-1,n3104,121,5,2,1
mn-121-5-2-2,n3105,121,5,2,2
mn-121-5-2-3,n3106,121,5,2,3
mn-121-5-2-4,n3107,121,5,2,4
mn-121-5-2-5,n3108,121,5,2,5
mn-121-5-2-6,n3109,121,5,2,6
mn-121-5-2-7,n3110,121,5,2,7
mn-121-5-2-8,n3111,121,5,2,8
mn-121-5-2-9,n3112,121,5,2,9
mn-121-5-2-10,n3113,121,5,2,10
mn-121-5-2-11,n3114,121,5,2,11
mn-121-5-2-12,n3115,121,5,2,12
mn-121-5-2-13,n3116,121,5,2,13
mn-121-5-2-14,n3117,121,5,2,14
mn-121-5-2-15,n3118,121,5,2,15
mn-121-5-2-16,n3119,121,5,2,16
mn-121-5-2-17,n3120,121,5,2,17
mn-121-5-2-18,n3121,121,5,2,18
mn-121-5-2-19,n3122,121,5,2,19
mn-121-5-2-20,n3123,121,5,2,20
mn-121-5-2-21,n3124,121,5,2,21
mn-121-5-2-22,n3125,121,5,2,22
mn-121-5-2-23,n3126,121,5,2,23
mn-121-5-2-24,n3127,121,5,2,24
mn-122-1-1-1,n3128,122,1,1,1
mn-122-1-1-2,n3129,122,1,1,2
mn-122-1-1-3,n3130,122,1,1,3
mn-122-1-1-4,n3131,122,1,1,4
mn-122-1-1-5,n3132,122,1,1,5
mn-122-1-1-6,n3133,122,1,1,6
mn-122-5-2-1,n3134,122,5,2,1
mn-122-5-2-2,n3135,122,5,2,2
mn-122-5-2-3,n3136,122,5,2,3
mn-122-5-2-4,n3137,122,5,2,4
mn-122-5-2-5,n3138,122,5,2,5
mn-122-5-2-6,n3139,122,5,2,6
mn-122-5-2-7,n3140,122,5,2,7
mn-122-5-2-8,n3141,122,5,2,8
mn-122-5-2-9,n3142,122,5,2,9
mn-122-5-2-10,n3143,122,5,2,10
mn-122-5-2-11,n3144,122,5,2,11
mn-122-5-2-12,n3145,122,5,2,12
mn-122-5-2-13,n3146,122,5,2,13
mn-122-5-2-14,n3147,122,5,2,14
mn-122-5-2-15,n3148,122,5,2,15
mn-122-5-2-16,n3149,122,5,2,16
mn-122-5-2-17,n3150,122,5,2,17
mn-122-5-2-18,n3151,122,5,2,18
mn-122-5-2-19,n3152,122,5,2,19
mn-122-5-2-20,n3153,122,5,2,20
mn-122-5-2-21,n3154,122,5,2,21
mn-122-5-2-22,n3155,122,5,2,22
mn-122-5-2-23,n3156,122,5,2,23
mn-122-5-2-24,n3157,122,5,2,24
mn-123-1-1-1,n3158,123,1,1,1
mn-123-1-1-2,n3159,123,1,1,2
mn-123-1-1-3,n3160,123,1,1,3
mn-123-1-1-4,n3161,123,1,1,4
mn-123-1-1-5,n3162,123,1,1,5
mn-123-1-1-6,n3163,123,1,1,6
mn-123-1-1-7,n3164,123,1,1,7
mn-123-1-1-8,n3165,123,1,1,8
mn-123-1-1-9,n3166,123,1,1,9
mn-123-1-1-10,n3167,123,1,1,10
mn-123-1-1-11,n3168,123,1,1,11
mn-123-1-1-12,n3169,123,1,1,12
mn-123-1-1-13,n3170,123,1,1,13
mn-123-1-1-14,n3171,123,1,1,14
mn-123-1-1-15,n3172,123,1,1,15
mn-123-1-1-16,n3173,123,1,1,16
mn-123-2-1-1,n3174,123,2,1,1
mn-123-2-1-2,n3175,123,2,1,2
mn-123-2-1-3,n3176,123,2,1,3
mn-123-2-1-4,n3177,123,2,1,4
mn-123-2-1-5,n3178,123,2,1,5
mn-123-2-1-6,n3179,123,2,1,6
mn-123-3-1-1,n3180,123,3,1,1
mn-123-3-1-2,n3181,123,3,1,2
mn-123-3-1-3,n3182,123,3,1,3
mn-123-3-1-4,n3183,123,3,1,4
mn-123-3-1-5,n3184,123,3,1,5
mn-123-3-1-6,n3185,123,3,1,6
mn-123-4-1-1,n3186,123,4,1,1
mn-123-4-1-2,n3187,123,4,1,2
mn-123-5-2-1,n3188,123,5,2,1
mn-123-5-2-2,n3189,123,5,2,2
mn-123-5-2-3,n3190,123,5,2,3
mn-123-5-2-4,n3191,123,5,2,4
mn-123-5-2-5,n3192,123,5,2,5
mn-123-5-2-6,n3193,123,5,2,6
mn-123-5-2-7,n3194,123,5,2,7
mn-123-5-2-8,n3195,123,5,2,8
mn-123-5-2-9,n3196,123,5,2,9
mn-123-5-2-10,n3197,123,5,2,10
mn-123-5-2-11,n3198,123,5,2,11
mn-123-5-2-12,n3199,123,5,2,12
mn-123-6-2-1,n3200,123,6,2,1
mn-123-6-2-2,n3201,123,6,2,2
mn-123-6-2-3,n3202,123,6,2,3
mn-123-6-2-4,n3203,123,6,2,4
mn-123-7-2-1,n3204,123,7,2,1
mn-123-7-2-2,n3205,123,7,2,2
mn-123-7-2-3,n3206,123,7,2,3
mn-123-7-2-4,n3207,123,7,2,4
mn-123-7-2-5,n3208,123,7,2,5
mn-123-7-2-6,n3209,123,7,2,6
mn-123-7-2-7,n3210,123,7,2,7
mn-123-7-2-8,n3211,123,7,2,8
mn-123-7-2-9,n3212,123,7,2,9
mn-123-7-2-10,n3213,123,7,2,10
mn-123-8-2-1,n3214,123,8,2,1
mn-123-8-2-2,n3215,123,8,2,2
mn-123-8-2-3,n3216,123,8,2,3
mn-123-8-2-4,n3217,123,8,2,4
mn-123-8-2-5,n3218,123,8,2,5
mn-123-8-2-6,n3219,123,8,2,6
mn-124-1-1-1,n3220,124,1,1,1
mn-124-1-1-2,n3221,124,1,1,2
mn-124-1-1-3,n3222,124,1,1,3
mn-124-1-1-4,n3223,124,1,1,4
mn-124-1-1-5,n3224,124,1,1,5
mn-124-1-1-6,n3225,124,1,1,6
mn-124-1-1-7,n3226,124,1,1,7
mn-124-1-1-8,n3227,124,1,1,8
mn-124-1-1-9,n3228,124,1,1,9
mn-124-1-1-10,n3229,124,1,1,10
mn-124-1-1-11,n3230,124,1,1,11
mn-124-1-1-12,n3231,124,1,1,12
mn-124-1-1-13,n3232,124,1,1,13
mn-124-1-1-14,n3233,124,1,1,14
mn-124-1-1-15,n3234,124,1,1,15
mn-124-1-1-16,n3235,124,1,1,16
mn-124-2-1-1,n3236,124,2,1,1
mn-124-2-1-2,n3237,124,2,1,2
mn-124-2-1-3,n3238,124,2,1,3
mn-124-2-1-4,n3239,124,2,1,4
mn-124-2-1-5,n3240,124,2,1,5
mn-124-2-1-6,n3241,124,2,1,6
mn-124-3-1-1,n3242,124,3,1,1
mn-124-3-1-2,n3243,124,3,1,2
mn-124-3-1-3,n3244,124,3,1,3
mn-124-3-1-4,n3245,124,3,1,4
mn-124-3-1-5,n3246,124,3,1,5
mn-124-3-1-6,n3247,124,3,1,6
mn-124-4-1-1,n3248,124,4,1,1
mn-124-4-1-2,n3249,124,4,1,2
mn-124-5-2-1,n3250,124,5,2,1
mn-124-5-2-2,n3251,124,5,2,2
mn-124-5-2-3,n3252,124,5,2,3
mn-124-5-2-4,n3253,124,5,2,4
mn-124-5-2-5,n3254,124,5,2,5
mn-124-5-2-6,n3255,124,5,2,6
mn-124-5-2-7,n3256,124,5,2,7
mn-124-5-2-8,n3257,124,5,2,8
mn-124-5-2-9,n3258,124,5,2,9
mn-124-5-2-10,n3259,124,5,2,10
mn-124-6-2-1,n3260,124,6,2,1
mn-124-6-2-2,n3261,124,6,2,2
mn-124-6-2-3,n3262,124,6,2,3
mn-124-6-2-4,n3263,124,6,2,4
mn-124-7-2-1,n3264,124,7,2,1
mn-124-7-2-2,n3265,124,7,2,2
mn-124-7-2-3,n3266,124,7,2,3
mn-124-7-2-4,n3267,124,7,2,4
mn-124-7-2-5,n3268,124,7,2,5
mn-124-7-2-6,n3269,124,7,2,6
mn-124-7-2-7,n3270,124,7,2,7
mn-124-7-2-8,n3271,124,7,2,8
mn-125-1-1-1,n3272,125,1,1,1
mn-125-1-1-2,n3273,125,1,1,2
mn-125-1-1-3,n3274,125,1,1,3
mn-125-1-1-4,n3275,125,1,1,4
mn-125-1-1-5,n3276,125,1,1,5
mn-125-1-1-6,n3277,125,1,1,6
mn-125-1-1-7,n3278,125,1,1,7
mn-125-1-1-8,n3279,125,1,1,8
mn-125-1-1-9,n3280,125,1,1,9
mn-125-1-1-10,n3281,125,1,1,10
mn-125-1-1-11,n3282,125,1,1,11
mn-125-1-1-12,n3283,125,1,1,12
mn-125-1-1-13,n3284,125,1,1,13
mn-125-1-1-14,n3285,125,1,1,14
mn-125-1-1-15,n3286,125,1,1,15
mn-125-1-1-16,n3287,125,1,1,16
mn-125-1-1-17,n3288,125,1,1,17
mn-125-1-1-18,n3289,125,1,1,18
mn-125-2-1-1,n3290,125,2,1,1
mn-125-2-1-2,n3291,125,2,1,2
mn-125-3-1-1,n3292,125,3,1,1
mn-125-3-1-2,n3293,125,3,1,2
mn-125-3-1-3,n3294,125,3,1,3
mn-125-3-1-4,n3295,125,3,1,4
mn-125-5-2-1,n3296,125,5,2,1
mn-125-5-2-2,n3297,125,5,2,2
mn-125-5-2-3,n3298,125,5,2,3
mn-125-5-2-4,n3299,125,5,2,4
mn-125-5-2-5,n3300,125,5,2,5
mn-125-5-2-6,n3301,125,5,2,6
mn-125-5-2-7,n3302,125,5,2,7
mn-125-5-2-8,n3303,125,5,2,8
mn-125-5-2-9,n3304,125,5,2,9
mn-125-5-2-10,n3305,125,5,2,10
mn-125-5-2-11,n3306,125,5,2,11
mn-125-5-2-12,n3307,125,5,2,12
mn-125-5-2-13,n3308,125,5,2,13
mn-125-5-2-14,n3309,125,5,2,14
mn-125-5-2-15,n3310,125,5,2,15
mn-125-5-2-16,n3311,125,5,2,16
mn-125-6-2-1,n3312,125,6,2,1
mn-125-6-2-2,n3313,125,6,2,2
mn-125-7-2-1,n3314,125,7,2,1
mn-125-7-2-2,n3315,125,7,2,2
mn-125-7-2-3,n3316,125,7,2,3
mn-125-7-2-4,n3317,125,7,2,4
mn-126-1-1-1,n3318,126,1,1,1
mn-126-1-1-2,n3319,126,1,1,2
mn-126-1-1-3,n3320,126,1,1,3
mn-126-1-1-4,n3321,126,1,1,4
mn-126-1-1-5,n3322,126,1,1,5
mn-126-1-1-6,n3323,126,1,1,6
mn-126-1-1-7,n3324,126,1,1,7
mn-126-1-1-8,n3325,126,1,1,8
mn-126-1-1-9,n3326,126,1,1,9
mn-126-1-1-10,n3327,126,1,1,10
mn-126-1-1-11,n3328,126,1,1,11
mn-126-1-1-12,n3329,126,1,1,12
mn-126-1-1-13,n3330,126,1,1,13
mn-126-1-1-14,n3331,126,1,1,14
mn-126-1-1-15,n3332,126,1,1,15
mn-126-1-1-16,n3333,126,1,1,16
mn-126-5-2-1,n3334,126,5,2,1
mn-126-5-2-2,n3335,126,5,2,2
mn-126-5-2-3,n3336,126,5,2,3
mn-126-5-2-4,n3337,126,5,2,4
mn-126-5-2-5,n3338,126,5,2,5
mn-126-5-2-6,n3339,126,5,2,6
mn-126-5-2-7,n3340,126,5,2,7
mn-126-5-2-8,n3341,126,5,2,8
mn-126-5-2-9,n3342,126,5,2,9
mn-126-5-2-10,n3343,126,5,2,10
mn-126-5-2-11,n3344,126,5,2,11
mn-126-5-2-12,n3345,126,5,2,12
mn-126-5-2-13,n3346,126,5,2,13
mn-126-5-2-14,n3347,126,5,2,14
mn-126-5-2-15,n3348,126,5,2,15
mn-126-5-2-16,n3349,126,5,2,16
mn-127-1-1-1,n3350,127,1,1,1
mn-127-1-1-2,n3351,127,1,1,2
mn-127-1-1-3,n3352,127,1,1,3
mn-127-1-1-4,n3353,127,1,1,4
mn-127-1-1-5,n3354,127,1,1,5
mn-127-1-1-6,n3355,127,1,1,6
mn-127-1-1-7,n3356,127,1,1,7
mn-127-1-1-8,n3357,127,1,1,8
mn-127-1-1-9,n3358,127,1,1,9
mn-127-1-1-10,n3359,127,1,1,10
mn-127-1-1-11,n3360,127,1,1,11
mn-127-1-1-12,n3361,127,1,1,12
mn-127-1-1-13,n3362,127,1,1,13
mn-127-1-1-14,n3363,127,1,1,14
mn-127-1-1-15,n3364,127,1,1,15
mn-127-1-1-16,n3365,127,1,1,16
mn-127-5-2-1,n3366,127,5,2,1
mn-127-5-2-2,n3367,127,5,2,2
mn-127-5-2-3,n3368,127,5,2,3
mn-127-5-2-4,n3369,127,5,2,4
mn-127-5-2-5,n3370,127,5,2,5
mn-127-5-2-6,n3371,127,5,2,6
mn-127-5-2-7,n3372,127,5,2,7
mn-127-5-2-8,n3373,127,5,2,8
mn-127-5-2-9,n3374,127,5,2,9
mn-127-5-2-10,n3375,127,5,2,10
mn-127-5-2-11,n3376,127,5,2,11
mn-127-5-2-12,n3377,127,5,2,12
mn-127-5-2-13,n3378,127,5,2,13
mn-127-5-2-14,n3379,127,5,2,14
mn-127-5-2-15,n3380,127,5,2,15
mn-127-5-2-16,n3381,127,5,2,16
mn-128-1-1-1,n3382,128,1,1,1
mn-128-1-1-2,n3383,128,1,1,2
mn-128-1-1-3,n3384,128,1,1,3
mn-128-1-1-4,n3385,128,1,1,4
mn-128-1-1-5,n3386,128,1,1,5
mn-128-1-1-6,n3387,128,1,1,6
mn-128-1-1-7,n3388,128,1,1,7
mn-128-1-1-8,n3389,128,1,1,8
mn-128-1-1-9,n3390,128,1,1,9
mn-128-1-1-10,n3391,128,1,1,10
mn-128-1-1-11,n3392,128,1,1,11
mn-128-1-1-12,n3393,128,1,1,12
mn-128-1-1-13,n3394,128,1,1,13
mn-128-1-2-1,n3395,128,1,2,1
mn-128-1-2-2,n3396,128,1,2,2
mn-128-1-2-3,n3397,128,1,2,3
mn-128-5-2-1,n3398,128,5,2,1
mn-128-5-2-2,n3399,128,5,2,2
mn-128-5-2-3,n3400,128,5,2,3
mn-128-5-2-4,n3401,128,5,2,4
mn-128-5-2-5,n3402,128,5,2,5
mn-128-5-2-6,n3403,128,5,2,6
mn-128-5-2-7,n3404,128,5,2,7
mn-128-5-2-8,n3405,128,5,2,8
mn-128-5-2-9,n3406,128,5,2,9
mn-128-5-2-10,n3407,128,5,2,10
mn-128-5-2-11,n3408,128,5,2,11
mn-128-5-2-12,n3409,128,5,2,12
mn-128-5-2-13,n3410,128,5,2,13
mn-128-5-2-14,n3411,128,5,2,14
mn-128-5-2-15,r28,128,5,2,15
mn-128-5-2-16,r29,128,5,2,16
mn-129-1-1-1,r30,129,1,1,1
mn-129-1-2-1,n3412,129,1,2,1
mn-129-1-2-2,n3413,129,1,2,2
mn-129-1-2-3,n3414,129,1,2,3
mn-129-1-1-2,r31,129,1,1,2
mn-129-1-2-4,n3415,129,1,2,4
mn-129-1-2-5,n3416,129,1,2,5
mn-129-1-2-6,n3417,129,1,2,6
mn-129-1-1-3,r32,129,1,1,3
mn-129-1-2-7,n3418,129,1,2,7
mn-129-1-2-8,n3419,129,1,2,8
mn-129-1-2-9,n3420,129,1,2,9
mn-129-1-1-4,r33,129,1,1,4
mn-129-1-2-10,n3421,129,1,2,10
mn-129-1-2-11,n3422,129,1,2,11
mn-129-1-2-12,n3423,129,1,2,12
mn-129-5-2-1,n3424,129,5,2,1
mn-129-5-2-2,n3425,129,5,2,2
mn-129-5-2-3,r34,129,5,2,3
mn-129-5-2-4,r35,129,5,2,4
mn-129-5-2-5,n3426,129,5,2,5
mn-129-5-2-6,n3427,129,5,2,6
mn-129-5-2-7,r36,129,5,2,7
mn-129-5-2-8,r37,129,5,2,8
mn-129-5-2-9,n3428,129,5,2,9
mn-129-5-2-10,n3429,129,5,2,10
mn-129-5-2-11,r38,129,5,2,11
mn-129-5-2-12,r39,129,5,2,12
mn-129-5-2-13,n3430,129,5,2,13
mn-129-5-2-14,n3431,129,5,2,14
mn-129-5-2-15,r40,129,5,2,15
mn-129-5-2-16,r41,129,5,2,16
mn-130-1-1-1,n3432,130,1,1,1
mn-130-1-1-2,n3433,130,1,1,2
mn-130-1-1-3,n3434,130,1,1,3
mn-130-1-1-4,n3435,130,1,1,4
mn-130-1-1-5,n3436,130,1,1,5
mn-130-1-1-6,n3437,130,1,1,6
mn-130-1-1-7,n3438,130,1,1,7
mn-130-1-1-8,n3439,130,1,1,8
mn-130-1-1-9,n3440,130,1,1,9
mn-130-1-1-10,n3441,130,1,1,10
mn-130-1-1-11,n3442,130,1,1,11
mn-130-1-1-12,n3443,130,1,1,12
mn-130-1-1-13,n3444,130,1,1,13
mn-130-1-1-14,n3445,130,1,1,14
mn-130-1-1-15,n3446,130,1,1,15
mn-130-1-1-16,n3447,130,1,1,16
mn-130-1-1-17,n3448,130,1,1,17
mn-130-1-1-18,n3449,130,1,1,18
mn-130-1-1-19,n3450,130,1,1,19
mn-130-1-1-20,n3451,130,1,1,20
mn-130-1-1-21,n3452,130,1,1,21
mn-130-1-1-22,n3453,130,1,1,22
mn-130-1-1-23,n3454,130,1,1,23
mn-130-1-1-24,n3455,130,1,1,24
mn-130-1-1-25,n3456,130,1,1,25
mn-130-1-1-26,n3457,130,1,1,26
mn-130-1-1-27,n3458,130,1,1,27
mn-130-1-1-28,n3459,130,1,1,28
mn-130-1-1-29,n3460,130,1,1,29
mn-130-1-1-30,n3461,130,1,1,30
mn-130-1-1-31,n3462,130,1,1,31
mn-130-1-1-32,n3463,130,1,1,32
mn-130-1-1-33,n3464,130,1,1,33
mn-130-1-1-34,n3465,130,1,1,34
mn-130-1-1-35,n3466,130,1,1,35
mn-130-1-1-36,n3467,130,1,1,36
mn-130-5-2-1,n3468,130,5,2,1
mn-130-5-2-2,n3469,130,5,2,2
mn-130-5-2-3,n3470,130,5,2,3
mn-130-5-2-4,n3471,130,5,2,4
mn-130-5-2-5,n3472,130,5,2,5
mn-130-5-2-6,n3473,130,5,2,6
mn-130-5-2-7,n3474,130,5,2,7
mn-130-5-2-8,n3475,130,5,2,8
mn-130-5-2-9,n3476,130,5,2,9
mn-130-5-2-10,n3477,130,5,2,10
mn-131-1-1-1,n3478,131,1,1,1
mn-131-1-1-2,n3479,131,1,1,2
mn-131-1-1-3,n3480,131,1,1,3
mn-131-1-1-4,n3481,131,1,1,4
mn-131-1-1-5,n3482,131,1,1,5
mn-131-1-1-6,n3483,131,1,1,6
mn-131-1-1-7,n3484,131,1,1,7
mn-131-1-1-8,n3485,131,1,1,8
mn-131-1-1-9,n3486,131,1,1,9
mn-131-1-1-10,n3487,131,1,1,10
mn-131-1-1-11,n3488,131,1,1,11
mn-131-1-1-12,n3489,131,1,1,12
mn-131-1-1-13,n3490,131,1,1,13
mn-131-1-1-14,n3491,131,1,1,14
mn-131-1-1-15,n3492,131,1,1,15
mn-131-1-1-16,n3493,131,1,1,16
mn-131-1-1-17,n3494,131,1,1,17
mn-131-1-1-18,n3495,131,1,1,18
mn-131-1-1-19,n3496,131,1,1,19
mn-131-1-1-20,n3497,131,1,1,20
mn-131-1-1-21,n3498,131,1,1,21
mn-131-1-1-22,n3499,131,1,1,22
mn-131-1-1-23,n3500,131,1,1,23
mn-131-1-1-24,n3501,131,1,1,24
mn-131-1-1-25,n3502,131,1,1,25
mn-131-1-1-26,n3503,131,1,1,26
mn-131-1-1-27,n3504,131,1,1,27
mn-131-1-1-28,n3505,131,1,1,28
mn-131-1-1-29,n3506,131,1,1,29
mn-131-1-1-30,n3507,131,1,1,30
mn-131-1-1-31,n3508,131,1,1,31
mn-131-1-1-32,n3509,131,1,1,32
mn-131-1-1-33,n3510,131,1,1,33
mn-131-1-1-34,n3511,131,1,1,34
mn-131-1-1-35,n3512,131,1,1,35
mn-131-1-1-36,n3513,131,1,1,36
mn-131-5-2-1,n3514,131,5,2,1
mn-131-5-2-2,n3515,131,5,2,2
mn-131-5-2-3,n3516,131,5,2,3
mn-131-5-2-4,n3517,131,5,2,4
mn-131-5-2-5,n3518,131,5,2,5
mn-131-5-2-6,n3519,131,5,2,6
mn-131-5-2-7,n3520,131,5,2,7
mn-131-5-2-8,n3521,131,5,2,8
mn-131-5-2-9,n3522,131,5,2,9
mn-131-5-2-10,n3523,131,5,2,10
mn-132-1-1-1,n3524,132,1,1,1
mn-132-1-1-2,n3525,132,1,1,2
mn-132-1-1-3,n3526,132,1,1,3
mn-132-1-1-4,n3527,132,1,1,4
mn-132-1-1-5,n3528,132,1,1,5
mn-132-1-1-6,n3529,132,1,1,6
mn-132-1-1-7,n3530,132,1,1,7
mn-132-1-1-8,n3531,132,1,1,8
mn-132-1-1-9,n3532,132,1,1,9
mn-132-1-1-10,n3533,132,1,1,10
mn-132-1-1-11,n3534,132,1,1,11
mn-132-1-1-12,n3535,132,1,1,12
mn-132-1-1-13,n3536,132,1,1,13
mn-132-1-1-14,n3537,132,1,1,14
mn-132-1-1-15,n3538,132,1,1,15
mn-132-1-1-16,n3539,132,1,1,16
mn-132-1-1-17,n3540,132,1,1,17
mn-132-1-1-18,n3541,132,1,1,18
mn-132-1-1-19,n3542,132,1,1,19
mn-132-1-1-20,n3543,132,1,1,20
mn-132-1-1-21,n3544,132,1,1,21
mn-132-1-1-22,n3545,132,1,1,22
mn-132-1-1-23,n3546,132,1,1,23
mn-132-1-1-24,n3547,132,1,1,24
mn-132-1-1-25,n3548,132,1,1,25
mn-132-1-1-26,n3549,132,1,1,26
mn-132-1-1-27,n3550,132,1,1,27
mn-132-1-1-28,n3551,132,1,1,28
mn-132-1-1-29,n3552,132,1,1,29
mn-132-1-1-30,n3553,132,1,1,30
mn-132-1-1-31,n3554,132,1,1,31
mn-132-1-1-32,n3555,132,1,1,32
mn-132-1-1-33,n3556,132,1,1,33
mn-132-1-1-34,n3557,132,1,1,34
mn-132-1-1-35,n3558,132,1,1,35
mn-132-1-1-36,n3559,132,1,1,36
mn-132-5-2-1,n3560,132,5,2,1
mn-132-5-2-2,n3561,132,5,2,2
mn-132-5-2-3,n3562,132,5,2,3
mn-132-5-2-4,n3563,132,5,2,4
mn-132-5-2-5,n3564,132,5,2,5
mn-132-5-2-6,n3565,132,5,2,6
mn-132-5-2-7,n3566,132,5,2,7
mn-132-5-2-8,n3567,132,5,2,8
mn-132-5-2-9,n3568,132,5,2,9
mn-132-5-2-10,n3569,132,5,2,10
mn-133-1-1-1,n3570,133,1,1,1
mn-133-1-1-2,n3571,133,1,1,2
mn-133-1-1-3,n3572,133,1,1,3
mn-133-1-1-4,n3573,133,1,1,4
mn-133-1-1-5,n3574,133,1,1,5
mn-133-1-1-6,n3575,133,1,1,6
mn-133-1-1-7,n3576,133,1,1,7
mn-133-1-1-8,n3577,133,1,1,8
mn-133-1-1-9,n3578,133,1,1,9
mn-133-1-1-10,n3579,133,1,1,10
mn-133-1-1-11,n3580,133,1,1,11
mn-133-1-1-12,n3581,133,1,1,12
mn-133-1-1-13,n3582,133,1,1,13
mn-133-1-1-14,n3583,133,1,1,14
mn-133-1-1-15,n3584,133,1,1,15
mn-133-1-1-16,n3585,133,1,1,16
mn-133-1-1-17,n3586,133,1,1,17
mn-133-1-1-18,n3587,133,1,1,18
mn-133-1-1-19,n3588,133,1,1,19
mn-133-1-1-20,n3589,133,1,1,20
mn-133-1-1-21,n3590,133,1,1,21
mn-133-1-1-22,n3591,133,1,1,22
mn-133-1-1-23,n3592,133,1,1,23
mn-133-1-1-24,n3593,133,1,1,24
mn-133-1-1-25,n3594,133,1,1,25
mn-133-1-1-26,n3595,133,1,1,26
mn-133-1-1-27,n3596,133,1,1,27
mn-133-1-1-28,n3597,133,1,1,28
mn-133-1-1-29,n3598,133,1,1,29
mn-133-1-1-30,n3599,133,1,1,30
mn-133-1-1-31,n3600,133,1,1,31
mn-133-1-1-32,n3601,133,1,1,32
mn-133-1-1-33,n3602,133,1,1,33
mn-133-1-1-34,n3603,133,1,1,34
mn-133-1-1-35,n3604,133,1,1,35
mn-133-1-1-36,n3605,133,1,1,36
mn-133-5-2-1,n3606,133,5,2,1
mn-133-5-2-2,n3607,133,5,2,2
mn-133-5-2-3,n3608,133,5,2,3
mn-133-5-2-4,n3609,133,5,2,4
mn-133-5-2-5,n3610,133,5,2,5
mn-133-5-2-6,n3611,133,5,2,6
mn-133-5-2-7,n3612,133,5,2,7
mn-133-5-2-8,n3613,133,5,2,8
mn-133-5-2-9,n3614,133,5,2,9
mn-133-5-2-10,n3615,133,5,2,10
mn-134-1-1-1,n3616,134,1,1,1
mn-134-1-1-2,n3617,134,1,1,2
mn-134-1-1-3,n3618,134,1,1,3
mn-134-1-1-4,n3619,134,1,1,4
mn-134-1-1-5,n3620,134,1,1,5
mn-134-1-1-6,n3621,134,1,1,6
mn-134-1-1-7,n3622,134,1,1,7
mn-134-5-2-1,n3623,134,5,2,1
mn-134-5-2-2,n3624,134,5,2,2
mn-134-5-2-3,n3625,134,5,2,3
mn-134-5-2-4,n3626,134,5,2,4
mn-134-5-2-5,n3627,134,5,2,5
mn-134-5-2-6,n3628,134,5,2,6
mn-134-5-2-7,n3629,134,5,2,7
mn-134-5-2-8,n3630,134,5,2,8
mn-134-5-2-9,n3631,134,5,2,9
mn-134-5-2-10,n3632,134,5,2,10
mn-134-5-2-11,n3633,134,5,2,11
mn-134-5-2-12,n3634,134,5,2,12
mn-135-1-1-1,n3635,135,1,1,1
mn-135-1-1-2,n3636,135,1,1,2
mn-135-1-1-3,n3637,135,1,1,3
mn-135-1-1-4,n3638,135,1,1,4
mn-135-1-1-5,n3639,135,1,1,5
mn-135-1-1-6,n3640,135,1,1,6
mn-135-1-1-7,n3641,135,1,1,7
mn-135-1-1-8,n3642,135,1,1,8
mn-135-1-1-9,n3643,135,1,1,9
mn-135-5-2-1,n3644,135,5,2,1
mn-135-5-2-2,n3645,135,5,2,2
mn-135-5-2-3,n3646,135,5,2,3
mn-135-5-2-4,n3647,135,5,2,4
mn-135-5-2-5,n3648,135,5,2,5
mn-135-5-2-6,n3649,135,5,2,6
mn-135-5-2-7,n3650,135,5,2,7
mn-135-5-2-8,n3651,135,5,2,8
mn-135-5-2-9,n3652,135,5,2,9
mn-135-5-2-10,n3653,135,5,2,10
mn-135-5-2-11,n3654,135,5,2,11
mn-135-5-2-12,n3655,135,5,2,12
mn-136-1-1-1,n3656,136,1,1,1
mn-136-1-1-2,n3657,136,1,1,2
mn-136-1-1-3,n3658,136,1,1,3
mn-136-1-1-4,n3659,136,1,1,4
mn-136-1-1-5,n3660,136,1,1,5
mn-136-1-1-6,n3661,136,1,1,6
mn-136-1-1-7,n3662,136,1,1,7
mn-136-1-1-8,n3663,136,1,1,8
mn-136-1-1-9,n3664,136,1,1,9
mn-136-1-1-10,n3665,136,1,1,10
mn-136-5-2-1,n3666,136,5,2,1
mn-136-5-2-2,n3667,136,5,2,2
mn-136-5-2-3,n3668,136,5,2,3
mn-136-5-2-4,n3669,136,5,2,4
mn-136-5-2-5,n3670,136,5,2,5
mn-136-5-2-6,n3671,136,5,2,6
mn-136-5-2-7,n3672,136,5,2,7
mn-136-5-2-8,n3673,136,5,2,8
mn-136-5-2-9,n3674,136,5,2,9
mn-136-5-2-10,n3675,136,5,2,10
mn-136-5-2-11,n3676,136,5,2,11
mn-136-5-2-12,n3677,136,5,2,12
mn-137-1-1-1,n3678,137,1,1,1
mn-137-1-1-2,n3679,137,1,1,2
mn-137-1-1-3,n3680,137,1,1,3
mn-137-1-1-4,n3681,137,1,1,4
mn-137-1-1-5,n3682,137,1,1,5
mn-137-1-1-6,n3683,137,1,1,6
mn-137-1-1-7,n3684,137,1,1,7
mn-137-1-1-8,n3685,137,1,1,8
mn-137-1-1-9,n3686,137,1,1,9
mn-137-1-1-10,n3687,137,1,1,10
mn-137-1-1-11,n3688,137,1,1,11
mn-137-1-1-12,n3689,137,1,1,12
mn-137-5-2-1,n3690,137,5,2,1
mn-137-5-2-2,n3691,137,5,2,2
mn-137-5-2-3,n3692,137,5,2,3
mn-137-5-2-4,n3693,137,5,2,4
mn-137-5-2-5,n3694,137,5,2,5
mn-137-5-2-6,n3695,137,5,2,6
mn-137-5-2-7,n3696,137,5,2,7
mn-137-5-2-8,n3697,137,5,2,8
mn-137-5-2-9,n3698,137,5,2,9
mn-137-5-2-10,n3699,137,5,2,10
mn-137-5-2-11,n3700,137,5,2,11
mn-137-5-2-12,n3701,137,5,2,12
mn-138-1-1-1,n3702,138,1,1,1
mn-138-1-1-2,n3703,138,1,1,2
mn-138-1-1-3,n3704,138,1,1,3
mn-138-1-1-4,n3705,138,1,1,4
mn-138-1-1-5,n3706,138,1,1,5
mn-138-1-1-6,n3707,138,1,1,6
mn-138-1-1-7,n3708,138,1,1,7
mn-138-1-1-8,n3709,138,1,1,8
mn-138-2-1-1,n3710,138,2,1,1
mn-138-2-1-2,n3711,138,2,1,2
mn-138-2-1-3,n3712,138,2,1,3
mn-138-2-1-4,n3713,138,2,1,4
mn-138-2-1-5,n3714,138,2,1,5
mn-138-2-1-6,n3715,138,2,1,6
mn-138-2-1-7,n3716,138,2,1,7
mn-138-2-1-8,n3717,138,2,1,8
mn-138-2-1-9,n3718,138,2,1,9
mn-138-2-1-10,n3719,138,2,1,10
mn-138-2-1-11,n3720,138,2,1,11
mn-138-2-1-12,n3721,138,2,1,12
mn-138-2-1-13,n3722,138,2,1,13
mn-138-2-1-14,n3723,138,2,1,14
mn-138-2-1-15,n3724,138,2,1,15
mn-138-2-1-16,n3725,138,2,1,16
mn-138-4-1-1,n3726,138,4,1,1
mn-138-4-1-2,n3727,138,4,1,2
mn-138-4-1-3,n3728,138,4,1,3
mn-138-4-1-4,n3729,138,4,1,4
mn-138-5-2-1,n3730,138,5,2,1
mn-138-5-2-2,n3731,138,5,2,2
mn-138-5-2-3,n3732,138,5,2,3
mn-138-5-2-4,n3733,138,5,2,4
mn-138-5-2-5,n3734,138,5,2,5
mn-138-5-2-6,n3735,138,5,2,6
mn-138-5-2-7,n3736,138,5,2,7
mn-138-5-2-8,n3737,138,5,2,8
mn-138-5-2-9,n3738,138,5,2,9
mn-138-5-2-10,n3739,138,5,2,10
mn-138-5-2-11,n3740,138,5,2,11
mn-138-5-2-12,n3741,138,5,2,12
mn-139-1-1-1,n3742,139,1,1,1
mn-139-1-1-2,n3743,139,1,1,2
mn-139-1-1-3,n3744,139,1,1,3
mn-139-1-1-4,n3745,139,1,1,4
mn-139-1-1-5,n3746,139,1,1,5
mn-139-1-1-6,n3747,139,1,1,6
mn-139-1-1-7,n3748,139,1,1,7
mn-139-1-1-8,n3749,139,1,1,8
mn-139-1-1-9,n3750,139,1,1,9
mn-139-1-1-10,n3751,139,1,1,10
mn-139-1-1-11,n3752,139,1,1,11
mn-139-1-1-12,n3753,139,1,1,12
mn-139-2-1-1,n3754,139,2,1,1
mn-139-2-1-2,n3755,139,2,1,2
mn-139-5-2-1,n3756,139,5,2,1
mn-139-5-2-2,n3757,139,5,2,2
mn-139-5-2-3,n3758,139,5,2,3
mn-139-5-2-4,n3759,139,5,2,4
mn-139-5-2-5,n3760,139,5,2,5
mn-139-5-2-6,n3761,139,5,2,6
mn-139-5-2-7,n3762,139,5,2,7
mn-139-5-2-8,n3763,139,5,2,8
mn-139-5-2-9,n3764,139,5,2,9
mn-139-5-2-10,n3765,139,5,2,10
mn-139-5-2-11,n3766,139,5,2,11
mn-139-5-2-12,n3767,139,5,2,12
mn-140-1-1-1,n3768,140,1,1,1
mn-140-1-1-2,n3769,140,1,1,2
mn-140-1-1-3,n3770,140,1,1,3
mn-140-1-1-4,n3771,140,1,1,4
mn-140-1-1-5,n3772,140,1,1,5
mn-140-1-1-6,n3773,140,1,1,6
mn-140-1-1-7,n3774,140,1,1,7
mn-140-1-1-8,n3775,140,1,1,8
mn-140-1-1-9,n3776,140,1,1,9
mn-140-1-1-10,n3777,140,1,1,10
mn-140-5-2-1,n3778,140,5,2,1
mn-140-5-2-2,n3779,140,5,2,2
mn-140-5-2-3,n3780,140,5,2,3
mn-140-5-2-4,n3781,140,5,2,4
mn-140-5-2-5,n3782,140,5,2,5
mn-140-5-2-6,n3783,140,5,2,6
mn-140-5-2-7,n3784,140,5,2,7
mn-140-5-2-8,n3785,140,5,2,8
mn-140-5-2-9,n3786,140,5,2,9
mn-140-5-2-10,n3787,140,5,2,10
mn-140-5-2-11,n3788,140,5,2,11
mn-140-5-2-12,n3789,140,5,2,12
mn-141-1-1-1,n3790,141,1,1,1
mn-141-1-1-2,n3791,141,1,1,2
mn-141-1-1-3,n3792,141,1,1,3
mn-141-1-1-4,n3793,141,1,1,4
mn-141-1-1-5,n3794,141,1,1,5
mn-141-1-1-6,n3795,141,1,1,6
mn-141-1-1-7,n3796,141,1,1,7
mn-141-1-1-8,n3797,141,1,1,8
mn-141-1-1-9,n3798,141,1,1,9
mn-141-1-1-10,n3799,141,1,1,10
mn-141-1-1-11,n3800,141,1,1,11
mn-141-1-1-12,n3801,141,1,1,12
mn-141-5-2-1,n3802,141,5,2,1
mn-141-5-2-2,n3803,141,5,2,2
mn-141-5-2-3,n3804,141,5,2,3
mn-141-5-2-4,n3805,141,5,2,4
mn-141-5-2-5,n3806,141,5,2,5
mn-141-5-2-6,n3807,141,5,2,6
mn-141-5-2-7,n3808,141,5,2,7
mn-141-5-2-8,n3809,141,5,2,8
mn-141-5-2-9,n3810,141,5,2,9
mn-141-5-2-10,n3811,141,5,2,10
mn-141-5-2-11,n3812,141,5,2,11
mn-141-5-2-12,n3813,141,5,2,12
mn-142-1-1-1,n3814,142,1,1,1
mn-142-1-1-2,n3815,142,1,1,2
mn-142-1-1-3,n3816,142,1,1,3
mn-142-1-1-4,n3817,142,1,1,4
mn-142-1-1-5,n3818,142,1,1,5
mn-142-1-1-6,n3819,142,1,1,6
mn-142-1-1-7,n3820,142,1,1,7
mn-142-1-1-8,n3821,142,1,1,8
mn-142-2-1-1,n3822,142,2,1,1
mn-142-2-1-2,n3823,142,2,1,2
mn-142-2-1-3,n3824,142,2,1,3
mn-142-2-1-4,n3825,142,2,1,4
mn-142-2-1-5,n3826,142,2,1,5
mn-142-2-1-6,n3827,142,2,1,6
mn-142-2-1-7,n3828,142,2,1,7
mn-142-2-1-8,n3829,142,2,1,8
mn-142-2-1-9,n3830,142,2,1,9
mn-142-2-1-10,n3831,142,2,1,10
mn-142-2-1-11,n3832,142,2,1,11
mn-142-2-1-12,n3833,142,2,1,12
mn-142-2-1-13,n3834,142,2,1,13
mn-142-2-1-14,n3835,142,2,1,14
mn-142-2-1-15,n3836,142,2,1,15
mn-142-2-1-16,n3837,142,2,1,16
mn-142-4-1-1,n3838,142,4,1,1
mn-142-4-1-2,n3839,142,4,1,2
mn-142-4-1-3,n3840,142,4,1,3
mn-142-4-1-4,n3841,142,4,1,4
mn-142-5-2-1,n3842,142,5,2,1
mn-142-5-2-2,n3843,142,5,2,2
mn-142-5-2-3,n3844,142,5,2,3
mn-142-5-2-4,n3845,142,5,2,4
mn-142-5-2-5,n3846,142,5,2,5
mn-142-5-2-6,n3847,142,5,2,6
mn-142-5-2-7,n3848,142,5,2,7
mn-142-5-2-8,n3849,142,5,2,8
mn-142-5-2-9,n3850,142,5,2,9
mn-142-5-2-10,n3851,142,5,2,10
mn-142-5-2-11,n3852,142,5,2,11
mn-142-5-2-12,n3853,142,5,2,12
mn-143-1-1-1,n3854,143,1,1,1
mn-143-1-1-2,n3855,143,1,1,2
mn-143-1-1-3,n3856,143,1,1,3
mn-143-1-1-4,n3857,143,1,1,4
mn-143-1-1-5,n3858,143,1,1,5
mn-143-2-1-1,n3859,143,2,1,1
mn-143-2-1-2,n3860,143,2,1,2
mn-143-5-2-1,n3861,143,5,2,1
mn-143-5-2-2,n3862,143,5,2,2
mn-143-5-2-3,n3863,143,5,2,3
mn-143-5-2-4,n3864,143,5,2,4
mn-143-5-2-5,n3865,143,5,2,5
mn-143-5-2-6,n3866,143,5,2,6
mn-143-5-2-7,n3867,143,5,2,7
mn-143-5-2-8,n3868,143,5,2,8
mn-143-5-2-9,n3869,143,5,2,9
mn-143-5-2-10,n3870,143,5,2,10
mn-143-5-2-11,n3871,143,5,2,11
mn-143-5-2-12,n3872,143,5,2,12
mn-143-5-2-13,n3873,143,5,2,13
mn-143-5-2-14,n3874,143,5,2,14
mn-143-5-2-15,n3875,143,5,2,15
mn-143-5-2-16,n3876,143,5,2,16
mn-143-5-2-17,n3877,143,5,2,17
mn-143-5-2-18,n3878,143,5,2,18
mn-143-5-2-19,n3879,143,5,2,19
mn-143-5-2-20,n3880,143,5,2,20
mn-143-5-2-21,n3881,143,5,2,21
mn-143-5-2-22,n3882,143,5,2,22
mn-143-5-2-23,n3883,143,5,2,23
mn-144-1-1-1,n3884,144,1,1,1
mn-144-1-1-2,n3885,144,1,1,2
mn-144-1-1-3,n3886,144,1,1,3
mn-144-1-1-4,n3887,144,1,1,4
mn-144-1-1-5,n3888,144,1,1,5
mn-144-1-1-6,n3889,144,1,1,6
mn-144-1-1-7,n3890,144,1,1,7
mn-144-1-1-8,n3891,144,1,1,8
mn-144-1-1-9,n3892,144,1,1,9
mn-144-2-1-1,n3893,144,2,1,1
mn-144-2-1-2,n3894,144,2,1,2
mn-144-2-1-3,n3895,144,2,1,3
mn-144-2-1-4,n3896,144,2,1,4
mn-144-2-1-5,n3897,144,2,1,5
mn-144-2-1-6,n3898,144,2,1,6
mn-144-2-1-7,n3899,144,2,1,7
mn-144-2-1-8,n3900,144,2,1,8
mn-144-2-1-9,n3901,144,2,1,9
mn-144-2-1-10,n3902,144,2,1,10
mn-144-2-1-11,n3903,144,2,1,11
mn-144-2-1-12,n3904,144,2,1,12
mn-144-2-1-13,n3905,144,2,1,13
mn-144-2-1-14,n3906,144,2,1,14
mn-144-2-1-15,n3907,144,2,1,15
mn-144-2-1-16,n3908,144,2,1,16
mn-144-5-2-1,n3909,144,5,2,1
mn-144-5-2-2,n3910,144,5,2,2
mn-144-6-2-1,n3911,144,6,2,1
mn-144-6-2-2,n3912,144,6,2,2
mn-144-6-2-3,n3913,144,6,2,3
mn-144-6-2-4,n3914,144,6,2,4
mn-144-6-2-5,n3915,144,6,2,5
mn-144-6-2-6,n3916,144,6,2,6
mn-144-6-2-7,n3917,144,6,2,7
mn-144-6-2-8,n3918,144,6,2,8
mn-144-6-2-9,n3919,144,6,2,9
mn-144-6-2-10,n3920,144,6,2,10
mn-144-6-2-11,n3921,144,6,2,11
mn-144-6-2-12,n3922,144,6,2,12
mn-145-1-1-1,n3923,145,1,1,1
mn-145-1-1-2,n3924,145,1,1,2
mn-145-1-2-1,n3925,145,1,2,1
mn-145-1-2-2,n3926,145,1,2,2
mn-145-1-2-3,n3927,145,1,2,3
mn-145-1-2-4,n3928,145,1,2,4
mn-145-1-1-3,r42,145,1,1,3
mn-145-1-1-4,r43,145,1,1,4
mn-145-1-1-5,r44,145,1,1,5
mn-145-5-2-1,n3929,145,5,2,1
mn-145-5-2-2,n3930,145,5,2,2
mn-145-5-2-3,n3931,145,5,2,3
mn-145-5-2-4,n3932,145,5,2,4
mn-145-5-2-5,n3933,145,5,2,5
mn-145-5-2-6,n3934,145,5,2,6
mn-145-5-2-7,n3935,145,5,2,7
mn-145-5-2-8,n3936,145,5,2,8
mn-145-5-2-9,n3937,145,5,2,9
mn-145-5-2-10,n3938,145,5,2,10
mn-145-5-2-11,n3939,145,5,2,11
mn-145-5-2-12,n3940,145,5,2,12
mn-146-1-1-1,n3941,146,1,1,1
mn-146-1-1-2,n3942,146,1,1,2
mn-146-1-1-3,n3943,146,1,1,3
mn-146-1-1-4,n3944,146,1,1,4
mn-146-1-1-5,n3945,146,1,1,5
mn-146-1-1-6,n3946,146,1,1,6
mn-146-1-1-7,n3947,146,1,1,7
mn-146-1-1-8,n3948,146,1,1,8
mn-146-1-1-9,n3949,146,1,1,9
mn-146-2-1-1,n3950,146,2,1,1
mn-146-2-1-2,n3951,146,2,1,2
mn-146-2-1-3,n3952,146,2,1,3
mn-146-2-1-4,n3953,146,2,1,4
mn-146-2-1-5,n3954,146,2,1,5
mn-146-2-1-6,n3955,146,2,1,6
mn-146-2-1-7,n3956,146,2,1,7
mn-146-2-1-8,n3957,146,2,1,8
mn-146-2-1-9,n3958,146,2,1,9
mn-146-2-1-10,n3959,146,2,1,10
mn-146-2-1-11,n3960,146,2,1,11
mn-146-2-1-12,n3961,146,2,1,12
mn-146-2-1-13,n3962,146,2,1,13
mn-146-2-1-14,n3963,146,2,1,14
mn-146-2-1-15,n3964,146,2,1,15
mn-146-2-1-16,n3965,146,2,1,16
mn-146-5-2-1,n3966,146,5,2,1
mn-146-5-2-2,n3967,146,5,2,2
mn-146-6-2-1,n3968,146,6,2,1
mn-146-6-2-2,n3969,146,6,2,2
mn-146-6-2-3,n3970,146,6,2,3
mn-146-6-2-4,n3971,146,6,2,4
mn-146-6-2-5,n3972,146,6,2,5
mn-146-6-2-6,n3973,146,6,2,6
mn-146-6-2-7,n3974,146,6,2,7
mn-146-6-2-8,n3975,146,6,2,8
mn-146-6-2-9,n3976,146,6,2,9
mn-146-6-2-10,n3977,146,6,2,10
mn-146-6-2-11,n3978,146,6,2,11
mn-146-6-2-12,n3979,146,6,2,12
mn-147-1-1-1,n3980,147,1,1,1
mn-147-1-1-2,n3981,147,1,1,2
mn-147-1-2-1,n3982,147,1,2,1
mn-147-1-2-2,n3983,147,1,2,2
mn-147-1-2-3,n3984,147,1,2,3
mn-147-1-2-4,n3985,147,1,2,4
mn-147-1-1-3,r45,147,1,1,3
mn-147-1-1-4,n3986,147,1,1,4
mn-147-1-1-5,n3987,147,1,1,5
mn-147-1-1-6,n3988,147,1,1,6
mn-147-1-1-7,n3989,147,1,1,7
mn-147-1-1-8,n3990,147,1,1,8
mn-147-1-1-9,n3991,147,1,1,9
mn-147-5-2-1,n3992,147,5,2,1
mn-147-5-2-2,n3993,147,5,2,2
mn-147-5-2-3,n3994,147,5,2,3
mn-147-5-2-4,n3995,147,5,2,4
mn-147-5-2-5,n3996,147,5,2,5
mn-147-5-2-6,n3997,147,5,2,6
mn-147-5-2-7,n3998,147,5,2,7
mn-147-5-2-8,n3999,147,5,2,8
mn-147-5-2-9,n4000,147,5,2,9
mn-147-5-2-10,n4001,147,5,2,10
mn-147-5-2-11,n4002,147,5,2,11
mn-147-5-2-12,n4003,147,5,2,12
mn-148-1-1-1,n4004,148,1,1,1
mn-148-1-1-2,n4005,148,1,1,2
mn-148-1-1-3,n4006,148,1,1,3
mn-148-1-2-1,n4007,148,1,2,1
mn-148-1-2-2,n4008,148,1,2,2
mn-148-1-2-3,n4009,148,1,2,3
mn-148-1-2-4,n4010,148,1,2,4
mn-148-1-1-4,r46,148,1,1,4
mn-148-1-1-5,n4011,148,1,1,5
mn-148-1-1-6,n4012,148,1,1,6
mn-148-1-1-7,n4013,148,1,1,7
mn-148-1-1-8,n4014,148,1,1,8
mn-148-1-1-9,n4015,148,1,1,9
mn-148-1-1-10,n4016,148,1,1,10
mn-148-5-2-1,n4017,148,5,2,1
mn-148-5-2-2,n4018,148,5,2,2
mn-148-5-2-3,n4019,148,5,2,3
mn-148-5-2-4,n4020,148,5,2,4
mn-148-5-2-5,n4021,148,5,2,5
mn-148-5-2-6,n4022,148,5,2,6
mn-148-5-2-7,n4023,148,5,2,7
mn-148-5-2-8,n4024,148,5,2,8
mn-148-5-2-9,n4025,148,5,2,9
mn-148-5-2-10,n4026,148,5,2,10
mn-148-5-2-11,n4027,148,5,2,11
mn-148-5-2-12,n4028,148,5,2,12
mn-149-1-1-1,n4029,149,1,1,1
mn-149-1-1-2,n4030,149,1,1,2
mn-149-1-1-3,n4031,149,1,1,3
mn-149-1-1-4,n4032,149,1,1,4
mn-149-1-1-5,n4033,149,1,1,5
mn-149-1-1-6,n4034,149,1,1,6
mn-149-1-1-7,n4035,149,1,1,7
mn-149-1-1-8,n4036,149,1,1,8
mn-149-1-1-9,n4037,149,1,1,9
mn-149-1-1-10,n4038,149,1,1,10
mn-149-1-1-11,n4039,149,1,1,11
mn-149-1-1-12,n4040,149,1,1,12
mn-149-1-1-13,n4041,149,1,1,13
mn-149-1-1-14,n4042,149,1,1,14
mn-149-1-1-15,n4043,149,1,1,15
mn-149-1-1-16,n4044,149,1,1,16
mn-149-1-1-17,n4045,149,1,1,17
mn-149-1-1-18,n4046,149,1,1,18
mn-149-1-1-19,n4047,149,1,1,19
mn-149-1-1-20,n4048,149,1,1,20
mn-149-1-1-21,n4049,149,1,1,21
mn-149-1-1-22,n4050,149,1,1,22
mn-149-1-2-1,n4051,149,1,2,1
mn-149-1-2-2,n4052,149,1,2,2
mn-149-5-2-1,n4053,149,5,2,1
mn-149-5-2-2,n4054,149,5,2,2
mn-149-5-2-3,n4055,149,5,2,3
mn-149-5-2-4,n4056,149,5,2,4
mn-149-5-2-5,n4057,149,5,2,5
mn-149-5-2-6,n4058,149,5,2,6
mn-149-5-2-7,n4059,149,5,2,7
mn-149-5-2-8,n4060,149,5,2,8
mn-149-5-2-9,n4061,149,5,2,9
mn-149-5-2-10,n4062,149,5,2,10
mn-149-5-2-11,n4063,149,5,2,11
mn-149-5-2-12,n4064,149,5,2,12
mn-150-1-2-1,n4065,150,1,2,1
mn-150-1-2-2,n4066,150,1,2,2
mn-150-1-2-3,n4067,150,1,2,3
mn-150-1-2-4,n4068,150,1,2,4
mn-150-1-2-5,n4069,150,1,2,5
mn-150-1-2-6,n4070,150,1,2,6
mn-150-1-2-7,n4071,150,1,2,7
mn-150-1-2-8,n4072,150,1,2,8
mn-150-1-2-9,n4073,150,1,2,9
mn-150-1-2-10,n4074,150,1,2,10
mn-150-1-2-11,n4075,150,1,2,11
mn-150-1-2-12,n4076,150,1,2,12
mn-150-1-2-13,n4077,150,1,2,13
mn-150-1-1-1,r47,150,1,1,1
mn-150-1-1-2,r48,150,1,1,2
mn-150-1-2-14,n4078,150,1,2,14
mn-150-1-2-15,n4079,150,1,2,15
mn-150-1-2-16,n4080,150,1,2,16
mn-150-1-1-3,r49,150,1,1,3
mn-150-1-1-4,r50,150,1,1,4
mn-150-5-2-1,n4081,150,5,2,1
mn-150-5-2-2,n4082,150,5,2,2
mn-150-5-2-3,n4083,150,5,2,3
mn-150-5-2-4,n4084,150,5,2,4
mn-150-5-2-5,n4085,150,5,2,5
mn-150-5-2-6,n4086,150,5,2,6
mn-150-5-2-7,n4087,150,5,2,7
mn-150-5-2-8,n4088,150,5,2,8
mn-150-5-2-9,n4089,150,5,2,9
mn-150-5-2-10,n4090,150,5,2,10
mn-150-5-2-11,n4091,150,5,2,11
mn-150-5-2-12,n4092,150,5,2,12
mn-150-5-2-13,n4093,150,5,2,13
mn-150-5-2-14,n4094,150,5,2,14
mn-151-1-2-1,n4095,151,1,2,1
mn-151-1-2-2,n4096,151,1,2,2
mn-151-1-2-3,n4097,151,1,2,3
mn-151-1-2-4,n4098,151,1,2,4
mn-151-1-2-5,n4099,151,1,2,5
mn-151-1-2-6,n4100,151,1,2,6
mn-151-1-1-1,n4101,151,1,1,1
mn-151-1-1-2,n4102,151,1,1,2
mn-151-1-1-3,n4103,151,1,1,3
mn-151-5-2-1,n4104,151,5,2,1
mn-151-5-2-2,n4105,151,5,2,2
mn-151-5-2-3,n4106,151,5,2,3
mn-151-5-2-4,n4107,151,5,2,4
mn-151-5-2-5,n4108,151,5,2,5
mn-151-5-2-6,n4109,151,5,2,6
mn-151-5-2-7,n4110,151,5,2,7
mn-152-1-1-1,n4111,152,1,1,1
mn-152-1-1-2,n4112,152,1,1,2
mn-152-1-1-3,n4113,152,1,1,3
mn-152-1-1-4,n4114,152,1,1,4
mn-152-1-1-5,n4115,152,1,1,5
mn-152-1-1-6,n4116,152,1,1,6
mn-152-1-1-7,n4117,152,1,1,7
mn-152-1-1-8,n4118,152,1,1,8
mn-152-1-1-9,n4119,152,1,1,9
mn-152-1-1-10,n4120,152,1,1,10
mn-152-1-1-11,n4121,152,1,1,11
mn-152-1-1-12,n4122,152,1,1,12
mn-152-1-1-13,n4123,152,1,1,13
mn-152-1-1-14,n4124,152,1,1,14
mn-152-1-1-15,n4125,152,1,1,15
mn-152-1-1-16,n4126,152,1,1,16
mn-152-1-1-17,n4127,152,1,1,17
mn-152-1-1-18,n4128,152,1,1,18
mn-152-1-1-19,n4129,152,1,1,19
mn-152-1-1-20,n4130,152,1,1,20
mn-152-1-1-21,n4131,152,1,1,21
mn-152-1-1-22,n4132,152,1,1,22
mn-152-1-1-23,n4133,152,1,1,23
mn-152-1-1-24,n4134,152,1,1,24
mn-152-1-1-25,n4135,152,1,1,25
mn-152-5-2-1,n4136,152,5,2,1
mn-152-5-2-2,n4137,152,5,2,2
mn-152-5-2-3,n4138,152,5,2,3
mn-152-5-2-4,n4139,152,5,2,4
mn-152-5-2-5,n4140,152,5,2,5
mn-152-5-2-6,n4141,152,5,2,6
mn-152-5-2-7,n4142,152,5,2,7
mn-152-5-2-8,n4143,152,5,2,8
mn-152-5-2-9,n4144,152,5,2,9
mn-152-5-2-10,n4145,152,5,2,10
mn-152-5-2-11,n4146,152,5,2,11
mn-152-5-2-12,n4147,152,5,2,12
mn-152-5-2-13,n4148,152,5,2,13
mn-152-5-2-14,n4149,152,5,2,14
mn-152-5-2-15,n4150,152,5,2,15
mn-152-5-2-16,n4151,152,5,2,16
mn-152-5-2-17,n4152,152,5,2,17
mn-152-5-2-18,n4153,152,5,2,18
mn-152-5-2-19,n4154,152,5,2,19
mn-152-5-2-20,n4155,152,5,2,20
mn-152-5-2-21,n4156,152,5,2,21
mn-152-5-2-22,n4157,152,5,2,22
mn-152-5-2-23,n4158,152,5,2,23
mn-152-5-2-24,n4159,152,5,2,24
mn-152-5-2-25,n4160,152,5,2,25
mn-152-5-2-26,n4161,152,5,2,26
mn-152-5-2-27,n4162,152,5,2,27
mn-152-5-2-28,n4163,152,5,2,28
mn-152-5-2-29,n4164,152,5,2,29
mn-152-5-2-30,n4165,152,5,2,30
mn-153-1-1-1,n4166,153,1,1,1
mn-153-1-1-2,n4167,153,1,1,2
mn-153-1-1-3,n4168,153,1,1,3
mn-153-1-1-4,n4169,153,1,1,4
mn-153-1-1-5,n4170,153,1,1,5
mn-153-1-1-6,n4171,153,1,1,6
mn-153-1-1-7,n4172,153,1,1,7
mn-153-1-1-8,n4173,153,1,1,8
mn-153-1-1-9,n4174,153,1,1,9
mn-153-1-1-10,n4175,153,1,1,10
mn-153-1-1-11,n4176,153,1,1,11
mn-153-5-2-1,n4177,153,5,2,1
mn-153-5-2-2,n4178,153,5,2,2
mn-153-5-2-3,n4179,153,5,2,3
mn-153-5-2-4,n4180,153,5,2,4
mn-153-5-2-5,n4181,153,5,2,5
mn-153-5-2-6,n4182,153,5,2,6
mn-153-5-2-7,n4183,153,5,2,7
mn-153-5-2-8,n4184,153,5,2,8
mn-153-5-2-9,n4185,153,5,2,9
mn-153-5-2-10,n4186,153,5,2,10
mn-153-5-2-11,n4187,153,5,2,11
mn-154-1-1-1,n4188,154,1,1,1
mn-154-1-1-2,n4189,154,1,1,2
mn-154-1-1-3,n4190,154,1,1,3
mn-154-1-1-4,n4191,154,1,1,4
mn-154-1-1-5,n4192,154,1,1,5
mn-154-1-1-6,n4193,154,1,1,6
mn-154-5-2-1,n4194,154,5,2,1
mn-154-5-2-2,n4195,154,5,2,2
mn-154-5-2-3,n4196,154,5,2,3
mn-154-5-2-4,n4197,154,5,2,4
mn-154-5-2-5,n4198,154,5,2,5
mn-154-5-2-6,n4199,154,5,2,6
mn-155-1-2-1,n4200,155,1,2,1
mn-155-1-2-2,n4201,155,1,2,2
mn-155-1-2-3,n4202,155,1,2,3
mn-155-1-1-1,n4203,155,1,1,1
mn-155-1-1-2,n4204,155,1,1,2
mn-155-1-1-3,n4205,155,1,1,3
mn-155-1-1-4,n4206,155,1,1,4
mn-155-1-1-5,n4207,155,1,1,5
mn-155-1-1-6,n4208,155,1,1,6
mn-155-1-1-7,n4209,155,1,1,7
mn-155-1-1-8,n4210,155,1,1,8
mn-155-1-1-9,n4211,155,1,1,9
mn-155-1-1-10,n4212,155,1,1,10
mn-155-1-1-11,n4213,155,1,1,11
mn-155-1-1-12,n4214,155,1,1,12
mn-155-1-1-13,n4215,155,1,1,13
mn-155-1-1-14,n4216,155,1,1,14
mn-155-1-1-15,n4217,155,1,1,15
mn-155-1-1-16,n4218,155,1,1,16
mn-155-1-1-17,n4219,155,1,1,17
mn-155-1-1-18,n4220,155,1,1,18
mn-155-5-2-1,r51,155,5,2,1
mn-155-5-2-2,r52,155,5,2,2
mn-155-5-2-3,n4221,155,5,2,3
mn-155-5-2-4,n4222,155,5,2,4
mn-155-5-2-5,n4223,155,5,2,5
mn-155-5-2-6,n4224,155,5,2,6
mn-155-5-2-7,n4225,155,5,2,7
mn-155-5-2-8,n4226,155,5,2,8
mn-155-5-2-9,n4227,155,5,2,9
mn-155-5-2-10,n4228,155,5,2,10
mn-155-5-2-11,n4229,155,5,2,11
mn-155-5-2-12,n4230,155,5,2,12
mn-155-5-2-13,n4231,155,5,2,13
mn-155-5-2-14,n4232,155,5,2,14
mn-155-5-2-15,n4233,155,5,2,15
mn-155-5-2-16,n4234,155,5,2,16
mn-155-5-2-17,n4235,155,5,2,17
mn-155-5-2-18,n4236,155,5,2,18
mn-155-5-2-19,n4237,155,5,2,19
mn-155-5-2-20,n4238,155,5,2,20
mn-155-5-2-21,n4239,155,5,2,21
mn-155-5-2-22,n4240,155,5,2,22
mn-155-5-2-23,n4241,155,5,2,23
mn-156-1-1-1,n4242,156,1,1,1
mn-156-1-1-2,n4243,156,1,1,2
mn-156-1-1-3,n4244,156,1,1,3
mn-156-1-1-4,n4245,156,1,1,4
mn-156-1-1-5,n4246,156,1,1,5
mn-156-1-1-6,n4247,156,1,1,6
mn-156-1-1-7,n4248,156,1,1,7
mn-156-1-1-8,n4249,156,1,1,8
mn-156-2-1-1,n4250,156,2,1,1
mn-156-2-1-2,n4251,156,2,1,2
mn-156-2-1-3,n4252,156,2,1,3
mn-156-2-1-4,n4253,156,2,1,4
mn-156-2-1-5,n4254,156,2,1,5
mn-156-2-1-6,n4255,156,2,1,6
mn-156-2-1-7,n4256,156,2,1,7
mn-156-2-1-8,n4257,156,2,1,8
mn-156-2-1-9,n4258,156,2,1,9
mn-156-2-1-10,n4259,156,2,1,10
mn-156-2-1-11,n4260,156,2,1,11
mn-156-2-1-12,n4261,156,2,1,12
mn-156-2-1-13,n4262,156,2,1,13
mn-156-2-1-14,n4263,156,2,1,14
mn-156-2-1-15,n4264,156,2,1,15
mn-156-2-1-16,n4265,156,2,1,16
mn-156-4-1-1,n4266,156,4,1,1
mn-156-5-2-1,n4267,156,5,2,1
mn-156-5-2-2,n4268,156,5,2,2
mn-156-5-2-3,n4269,156,5,2,3
mn-156-5-2-4,n4270,156,5,2,4
mn-157-1-2-1,n4271,157,1,2,1
mn-157-1-2-2,n4272,157,1,2,2
mn-157-1-2-3,n4273,157,1,2,3
mn-157-1-1-1,n4274,157,1,1,1
mn-157-1-1-2,n4275,157,1,1,2
mn-157-1-1-3,n4276,157,1,1,3
mn-157-1-1-4,n4277,157,1,1,4
mn-157-1-1-5,n4278,157,1,1,5
mn-157-1-1-6,n4279,157,1,1,6
mn-157-1-1-7,n4280,157,1,1,7
mn-157-1-1-8,n4281,157,1,1,8
mn-157-1-1-9,n4282,157,1,1,9
mn-157-1-1-10,n4283,157,1,1,10
mn-157-1-1-11,n4284,157,1,1,11
mn-157-1-1-12,n4285,157,1,1,12
mn-157-1-1-13,n4286,157,1,1,13
mn-157-1-1-14,n4287,157,1,1,14
mn-157-1-1-15,n4288,157,1,1,15
mn-157-1-1-16,n4289,157,1,1,16
mn-157-1-1-17,n4290,157,1,1,17
mn-157-1-1-18,n4291,157,1,1,18
mn-157-5-2-1,r53,157,5,2,1
mn-157-5-2-2,r54,157,5,2,2
mn-157-5-2-3,n4292,157,5,2,3
mn-157-5-2-4,n4293,157,5,2,4
mn-157-5-2-5,n4294,157,5,2,5
mn-157-5-2-6,n4295,157,5,2,6
mn-157-5-2-7,n4296,157,5,2,7
mn-157-5-2-8,n4297,157,5,2,8
mn-157-5-2-9,n4298,157,5,2,9
mn-157-5-2-10,n4299,157,5,2,10
mn-157-5-2-11,n4300,157,5,2,11
mn-157-5-2-12,n4301,157,5,2,12
mn-157-5-2-13,n4302,157,5,2,13
mn-157-5-2-14,n4303,157,5,2,14
mn-157-5-2-15,n4304,157,5,2,15
mn-157-5-2-16,n4305,157,5,2,16
mn-157-5-2-17,n4306,157,5,2,17
mn-157-5-2-18,n4307,157,5,2,18
mn-157-5-2-19,n4308,157,5,2,19
mn-157-5-2-20,n4309,157,5,2,20
mn-157-5-2-21,n4310,157,5,2,21
mn-157-5-2-22,n4311,157,5,2,22
mn-157-5-2-23,n4312,157,5,2,23
mn-158-1-1-1,n4313,158,1,1,1
mn-158-1-1-2,n4314,158,1,1,2
mn-158-1-1-3,n4315,158,1,1,3
mn-158-1-1-4,n4316,158,1,1,4
mn-158-1-1-5,n4317,158,1,1,5
mn-158-1-1-6,n4318,158,1,1,6
mn-158-1-1-7,n4319,158,1,1,7
mn-158-2-1-1,n4320,158,2,1,1
mn-158-2-1-2,n4321,158,2,1,2
mn-158-2-1-3,n4322,158,2,1,3
mn-158-2-1-4,n4323,158,2,1,4
mn-158-2-1-5,n4324,158,2,1,5
mn-158-2-1-6,n4325,158,2,1,6
mn-158-2-1-7,n4326,158,2,1,7
mn-158-2-1-8,n4327,158,2,1,8
mn-158-2-1-9,n4328,158,2,1,9
mn-158-2-1-10,n4329,158,2,1,10
mn-158-2-1-11,n4330,158,2,1,11
mn-158-2-1-12,n4331,158,2,1,12
mn-158-2-1-13,n4332,158,2,1,13
mn-158-2-1-14,n4333,158,2,1,14
mn-158-2-1-15,n4334,158,2,1,15
mn-158-2-1-16,n4335,158,2,1,16
mn-158-5-2-1,n4336,158,5,2,1
mn-158-5-2-2,n4337,158,5,2,2
mn-158-5-2-3,n4338,158,5,2,3
mn-158-5-2-4,n4339,158,5,2,4
mn-159-1-2-1,n4340,159,1,2,1
mn-159-1-2-2,n4341,159,1,2,2
mn-159-1-2-3,n4342,159,1,2,3
mn-159-1-1-1,n4343,159,1,1,1
mn-159-1-1-2,n4344,159,1,1,2
mn-159-1-1-3,n4345,159,1,1,3
mn-159-1-1-4,n4346,159,1,1,4
mn-159-1-1-5,n4347,159,1,1,5
mn-159-1-1-6,n4348,159,1,1,6
mn-159-1-1-7,n4349,159,1,1,7
mn-159-1-1-8,n4350,159,1,1,8
mn-159-1-1-9,n4351,159,1,1,9
mn-159-1-1-10,n4352,159,1,1,10
mn-159-1-1-11,n4353,159,1,1,11
mn-159-1-1-12,n4354,159,1,1,12
mn-159-1-1-13,n4355,159,1,1,13
mn-159-1-1-14,n4356,159,1,1,14
mn-159-1-1-15,n4357,159,1,1,15
mn-159-1-1-16,n4358,159,1,1,16
mn-159-1-1-17,n4359,159,1,1,17
mn-159-1-1-18,n4360,159,1,1,18
mn-159-5-2-1,r55,159,5,2,1
mn-159-5-2-2,r56,159,5,2,2
mn-159-5-2-3,n4361,159,5,2,3
mn-159-5-2-4,n4362,159,5,2,4
mn-159-5-2-5,n4363,159,5,2,5
mn-159-5-2-6,n4364,159,5,2,6
mn-159-5-2-7,n4365,159,5,2,7
mn-159-5-2-8,n4366,159,5,2,8
mn-159-5-2-9,n4367,159,5,2,9
mn-159-5-2-10,n4368,159,5,2,10
mn-159-5-2-11,n4369,159,5,2,11
mn-159-5-2-12,n4370,159,5,2,12
mn-159-5-2-13,n4371,159,5,2,13
mn-159-5-2-14,n4372,159,5,2,14
mn-159-5-2-15,n4373,159,5,2,15
mn-159-5-2-16,n4374,159,5,2,16
mn-159-5-2-17,n4375,159,5,2,17
mn-159-5-2-18,n4376,159,5,2,18
mn-159-5-2-19,n4377,159,5,2,19
mn-159-5-2-20,n4378,159,5,2,20
mn-159-5-2-21,n4379,159,5,2,21
mn-159-5-2-22,n4380,159,5,2,22
mn-159-5-2-23,n4381,159,5,2,23
mn-160-1-1-1,n4382,160,1,1,1
mn-160-1-1-2,n4383,160,1,1,2
mn-160-1-1-3,n4384,160,1,1,3
mn-160-1-1-4,n4385,160,1,1,4
mn-160-1-1-5,n4386,160,1,1,5
mn-160-1-1-6,n4387,160,1,1,6
mn-160-1-1-7,n4388,160,1,1,7
mn-160-2-1-1,n4389,160,2,1,1
mn-160-2-1-2,n4390,160,2,1,2
mn-160-2-1-3,n4391,160,2,1,3
mn-160-2-1-4,n4392,160,2,1,4
mn-160-2-1-5,n4393,160,2,1,5
mn-160-2-1-6,n4394,160,2,1,6
mn-160-2-1-7,n4395,160,2,1,7
mn-160-2-1-8,n4396,160,2,1,8
mn-160-2-1-9,n4397,160,2,1,9
mn-160-2-1-10,n4398,160,2,1,10
mn-160-2-1-11,n4399,160,2,1,11
mn-160-2-1-12,n4400,160,2,1,12
mn-160-2-1-13,n4401,160,2,1,13
mn-160-2-1-14,n4402,160,2,1,14
mn-160-2-1-15,n4403,160,2,1,15
mn-160-2-1-16,n4404,160,2,1,16
mn-160-5-2-1,n4405,160,5,2,1
mn-160-5-2-2,n4406,160,5,2,2
mn-160-5-2-3,n4407,160,5,2,3
mn-160-5-2-4,n4408,160,5,2,4
mn-161-1-1-1,n4409,161,1,1,1
mn-161-1-1-2,n4410,161,1,1,2
mn-161-1-1-3,n4411,161,1,1,3
mn-161-1-1-4,n4412,161,1,1,4
mn-161-1-1-5,n4413,161,1,1,5
mn-161-1-1-6,n4414,161,1,1,6
mn-161-1-1-7,n4415,161,1,1,7
mn-161-1-1-8,n4416,161,1,1,8
mn-161-1-1-9,n4417,161,1,1,9
mn-161-1-1-10,n4418,161,1,1,10
mn-161-1-1-11,n4419,161,1,1,11
mn-161-1-1-12,n4420,161,1,1,12
mn-161-1-1-13,n4421,161,1,1,13
mn-161-1-1-14,n4422,161,1,1,14
mn-161-5-2-1,n4423,161,5,2,1
mn-161-5-2-2,n4424,161,5,2,2
mn-161-5-2-3,n4425,161,5,2,3
mn-161-5-2-4,n4426,161,5,2,4
mn-161-5-2-5,n4427,161,5,2,5
mn-161-5-2-6,n4428,161,5,2,6
mn-161-5-2-7,n4429,161,5,2,7
mn-161-5-2-8,n4430,161,5,2,8
mn-161-5-2-9,n4431,161,5,2,9
mn-161-5-2-10,n4432,161,5,2,10
mn-161-5-2-11,n4433,161,5,2,11
mn-161-5-2-12,n4434,161,5,2,12
mn-161-5-2-13,n4435,161,5,2,13
mn-161-5-2-14,n4436,161,5,2,14
mn-161-5-2-15,n4437,161,5,2,15
mn-161-5-2-16,n4438,161,5,2,16
mn-161-5-2-17,n4439,161,5,2,17
mn-161-5-2-18,n4440,161,5,2,18
mn-161-5-2-19,n4441,161,5,2,19
mn-161-5-2-20,n4442,161,5,2,20
mn-161-5-2-21,n4443,161,5,2,21
mn-161-5-2-22,n4444,161,5,2,22
mn-161-5-2-23,n4445,161,5,2,23
mn-161-5-2-24,n4446,161,5,2,24
mn-161-5-2-25,n4447,161,5,2,25
mn-161-5-2-26,n4448,161,5,2,26
mn-161-5-2-27,n4449,161,5,2,27
mn-161-5-2-28,n4450,161,5,2,28
mn-161-5-2-29,n4451,161,5,2,29
mn-161-5-2-30,n4452,161,5,2,30
mn-162-1-1-1,n4453,162,1,1,1
mn-162-1-1-2,n4454,162,1,1,2
mn-162-1-1-3,n4455,162,1,1,3
mn-162-1-1-4,n4456,162,1,1,4
mn-162-1-1-5,n4457,162,1,1,5
mn-162-1-1-6,n4458,162,1,1,6
mn-162-1-1-7,n4459,162,1,1,7
mn-162-1-1-8,n4460,162,1,1,8
mn-162-2-1-1,n4461,162,2,1,1
mn-162-2-1-2,n4462,162,2,1,2
mn-162-2-1-3,n4463,162,2,1,3
mn-162-2-1-4,n4464,162,2,1,4
mn-162-2-1-5,n4465,162,2,1,5
mn-162-2-1-6,n4466,162,2,1,6
mn-162-2-1-7,n4467,162,2,1,7
mn-162-2-1-8,n4468,162,2,1,8
mn-162-2-1-9,n4469,162,2,1,9
mn-162-2-1-10,n4470,162,2,1,10
mn-162-2-1-11,n4471,162,2,1,11
mn-162-2-1-12,n4472,162,2,1,12
mn-162-2-1-13,n4473,162,2,1,13
mn-162-2-1-14,n4474,162,2,1,14
mn-162-2-1-15,n4475,162,2,1,15
mn-162-2-1-16,n4476,162,2,1,16
mn-162-4-1-1,n4477,162,4,1,1
mn-162-4-1-2,n4478,162,4,1,2
mn-162-5-2-1,n4479,162,5,2,1
mn-162-5-2-2,n4480,162,5,2,2
mn-162-5-2-3,n4481,162,5,2,3
mn-162-5-2-4,n4482,162,5,2,4
mn-163-1-1-1,n4483,163,1,1,1
mn-163-1-1-2,n4484,163,1,1,2
mn-163-1-1-3,n4485,163,1,1,3
mn-163-1-1-4,n4486,163,1,1,4
mn-163-1-1-5,n4487,163,1,1,5
mn-163-5-2-1,n4488,163,5,2,1
mn-163-5-2-2,n4489,163,5,2,2
mn-163-5-2-3,n4490,163,5,2,3
mn-163-5-2-4,n4491,163,5,2,4
mn-163-5-2-5,n4492,163,5,2,5
mn-163-5-2-6,n4493,163,5,2,6
mn-163-5-2-7,n4494,163,5,2,7
mn-163-5-2-8,n4495,163,5,2,8
mn-163-5-2-9,n4496,163,5,2,9
mn-163-5-2-10,n4497,163,5,2,10
mn-163-5-2-11,n4498,163,5,2,11
mn-163-5-2-12,n4499,163,5,2,12
mn-164-1-1-1,n4500,164,1,1,1
mn-164-1-1-2,n4501,164,1,1,2
mn-164-1-1-3,n4502,164,1,1,3
mn-164-1-1-4,n4503,164,1,1,4
mn-164-1-1-5,n4504,164,1,1,5
mn-164-5-2-1,n4505,164,5,2,1
mn-164-5-2-2,n4506,164,5,2,2
mn-164-5-2-3,n4507,164,5,2,3
mn-164-5-2-4,n4508,164,5,2,4
mn-164-5-2-5,n4509,164,5,2,5
mn-164-5-2-6,n4510,164,5,2,6
mn-164-5-2-7,n4511,164,5,2,7
mn-164-5-2-8,n4512,164,5,2,8
mn-164-5-2-9,n4513,164,5,2,9
mn-164-5-2-10,n4514,164,5,2,10
mn-164-5-2-11,n4515,164,5,2,11
mn-164-5-2-12,n4516,164,5,2,12
mn-164-5-2-13,n4517,164,5,2,13
mn-165-1-1-1,n4518,165,1,1,1
mn-165-1-1-2,n4519,165,1,1,2
mn-165-1-1-3,n4520,165,1,1,3
mn-165-5-2-1,n4521,165,5,2,1
mn-165-5-2-2,n4522,165,5,2,2
mn-165-5-2-3,n4523,165,5,2,3
mn-165-5-2-4,n4524,165,5,2,4
mn-165-5-2-5,n4525,165,5,2,5
mn-165-5-2-6,n4526,165,5,2,6
mn-165-5-2-7,n4527,165,5,2,7
mn-165-5-2-8,n4528,165,5,2,8
mn-165-5-2-9,n4529,165,5,2,9
mn-165-5-2-10,n4530,165,5,2,10
mn-165-5-2-11,n4531,165,5,2,11
mn-165-5-2-12,n4532,165,5,2,12
mn-165-5-2-13,n4533,165,5,2,13
mn-165-5-2-14,n4534,165,5,2,14
mn-165-5-2-15,n4535,165,5,2,15
mn-166-1-1-1,n4536,166,1,1,1
mn-166-1-1-2,n4537,166,1,1,2
mn-166-1-1-3,n4538,166,1,1,3
mn-166-1-1-4,n4539,166,1,1,4
mn-166-1-1-5,n4540,166,1,1,5
mn-166-1-1-6,n4541,166,1,1,6
mn-166-1-1-7,n4542,166,1,1,7
mn-166-1-1-8,n4543,166,1,1,8
mn-166-1-1-9,n4544,166,1,1,9
mn-166-1-1-10,n4545,166,1,1,10
mn-166-1-1-11,n4546,166,1,1,11
mn-166-1-1-12,n4547,166,1,1,12
mn-166-1-1-13,n4548,166,1,1,13
mn-166-1-1-14,n4549,166,1,1,14
mn-166-5-2-1,n4550,166,5,2,1
mn-166-5-2-2,n4551,166,5,2,2
mn-166-5-2-3,n4552,166,5,2,3
mn-166-5-2-4,n4553,166,5,2,4
mn-166-5-2-5,n4554,166,5,2,5
mn-166-5-2-6,n4555,166,5,2,6
mn-166-5-2-7,n4556,166,5,2,7
mn-166-5-2-8,n4557,166,5,2,8
mn-166-5-2-9,n4558,166,5,2,9
mn-166-5-2-10,n4559,166,5,2,10
mn-166-5-2-11,n4560,166,5,2,11
mn-166-5-2-12,n4561,166,5,2,12
mn-166-5-2-13,n4562,166,5,2,13
mn-167-1-1-1,n4563,167,1,1,1
mn-167-1-1-2,n4564,167,1,1,2
mn-167-1-1-3,n4565,167,1,1,3
mn-167-1-1-4,n4566,167,1,1,4
mn-167-1-1-5,n4567,167,1,1,5
mn-167-1-1-6,n4568,167,1,1,6
mn-167-1-1-7,n4569,167,1,1,7
mn-167-1-1-8,n4570,167,1,1,8
mn-167-1-1-9,n4571,167,1,1,9
mn-167-1-1-10,n4572,167,1,1,10
mn-167-1-1-11,n4573,167,1,1,11
mn-167-1-1-12,n4574,167,1,1,12
mn-167-1-1-13,n4575,167,1,1,13
mn-167-1-1-14,n4576,167,1,1,14
mn-167-1-1-15,n4577,167,1,1,15
mn-167-1-1-16,n4578,167,1,1,16
mn-167-5-2-1,n4579,167,5,2,1
mn-167-5-2-2,n4580,167,5,2,2
mn-167-5-2-3,n4581,167,5,2,3
mn-167-5-2-4,n4582,167,5,2,4
mn-167-5-2-5,n4583,167,5,2,5
mn-167-5-2-6,n4584,167,5,2,6
mn-167-5-2-7,n4585,167,5,2,7
mn-167-5-2-8,n4586,167,5,2,8
mn-167-5-2-9,n4587,167,5,2,9
mn-167-5-2-10,n4588,167,5,2,10
mn-167-5-2-11,n4589,167,5,2,11
mn-167-5-2-12,n4590,167,5,2,12
mn-167-5-2-13,n4591,167,5,2,13
mn-168-1-1-1,n4592,168,1,1,1
mn-168-1-1-2,n4593,168,1,1,2
mn-168-1-1-3,n4594,168,1,1,3
mn-168-1-1-4,n4595,168,1,1,4
mn-168-1-1-5,n4596,168,1,1,5
mn-168-1-1-6,n4597,168,1,1,6
mn-168-1-1-7,n4598,168,1,1,7
mn-168-1-1-8,n4599,168,1,1,8
mn-168-1-1-9,n4600,168,1,1,9
mn-168-1-1-10,n4601,168,1,1,10
mn-168-1-1-11,n4602,168,1,1,11
mn-168-1-1-12,n4603,168,1,1,12
mn-168-1-1-13,n4604,168,1,1,13
mn-168-1-1-14,n4605,168,1,1,14
mn-168-1-1-15,n4606,168,1,1,15
mn-168-1-1-16,n4607,168,1,1,16
mn-168-5-2-1,n4608,168,5,2,1
mn-168-5-2-2,n4609,168,5,2,2
mn-168-5-2-3,n4610,168,5,2,3
mn-168-5-2-4,n4611,168,5,2,4
mn-168-5-2-5,n4612,168,5,2,5
mn-168-5-2-6,n4613,168,5,2,6
mn-168-5-2-7,n4614,168,5,2,7
mn-168-5-2-8,n4615,168,5,2,8
mn-168-5-2-9,n4616,168,5,2,9
mn-168-5-2-10,n4617,168,5,2,10
mn-168-5-2-11,n4618,168,5,2,11
mn-168-5-2-12,n4619,168,5,2,12
mn-168-5-2-13,n4620,168,5,2,13
mn-169-1-1-1,n4621,169,1,1,1
mn-169-1-1-2,n4622,169,1,1,2
mn-169-1-1-3,n4623,169,1,1,3
mn-169-5-2-1,n4624,169,5,2,1
mn-169-5-2-2,n4625,169,5,2,2
mn-169-5-2-3,n4626,169,5,2,3
mn-169-5-2-4,n4627,169,5,2,4
mn-169-5-2-5,n4628,169,5,2,5
mn-169-5-2-6,n4629,169,5,2,6
mn-169-5-2-7,n4630,169,5,2,7
mn-169-5-2-8,n4631,169,5,2,8
mn-169-5-2-9,n4632,169,5,2,9
mn-169-5-2-10,n4633,169,5,2,10
mn-169-5-2-11,n4634,169,5,2,11
mn-169-5-2-12,n4635,169,5,2,12
mn-169-5-2-13,n4636,169,5,2,13
mn-169-5-2-14,n4637,169,5,2,14
mn-169-5-2-15,n4638,169,5,2,15
mn-170-1-1-1,n4639,170,1,1,1
mn-170-1-1-2,n4640,170,1,1,2
mn-170-1-1-3,n4641,170,1,1,3
mn-170-1-1-4,n4642,170,1,1,4
mn-170-1-1-5,n4643,170,1,1,5
mn-170-1-1-6,n4644,170,1,1,6
mn-170-1-1-7,n4645,170,1,1,7
mn-170-1-1-8,n4646,170,1,1,8
mn-170-1-1-9,n4647,170,1,1,9
mn-170-5-2-1,n4648,170,5,2,1
mn-170-5-2-2,n4649,170,5,2,2
mn-170-5-2-3,n4650,170,5,2,3
mn-170-5-2-4,n4651,170,5,2,4
mn-170-5-2-5,n4652,170,5,2,5
mn-170-5-2-6,n4653,170,5,2,6
mn-170-5-2-7,n4654,170,5,2,7
mn-170-5-2-8,n4655,170,5,2,8
mn-170-5-2-9,n4656,170,5,2,9
mn-170-5-2-10,n4657,170,5,2,10
mn-170-5-2-11,n4658,170,5,2,11
mn-170-5-2-12,n4659,170,5,2,12
mn-170-5-2-13,n4660,170,5,2,13
mn-170-5-2-14,n4661,170,5,2,14
mn-171-1-1-1,n4662,171,1,1,1
mn-171-1-1-2,n4663,171,1,1,2
mn-171-1-1-3,n4664,171,1,1,3
mn-171-1-1-4,n4665,171,1,1,4
mn-171-1-1-5,n4666,171,1,1,5
mn-171-1-1-6,n4667,171,1,1,6
mn-171-1-1-7,n4668,171,1,1,7
mn-171-1-1-8,n4669,171,1,1,8
mn-171-1-1-9,n4670,171,1,1,9
mn-171-1-1-10,n4671,171,1,1,10
mn-171-1-1-11,n4672,171,1,1,11
mn-171-5-2-1,n4673,171,5,2,1
mn-171-5-2-2,n4674,171,5,2,2
mn-171-5-2-3,n4675,171,5,2,3
mn-171-5-2-4,n4676,171,5,2,4
mn-171-5-2-5,n4677,171,5,2,5
mn-171-5-2-6,n4678,171,5,2,6
mn-171-5-2-7,n4679,171,5,2,7
mn-171-5-2-8,n4680,171,5,2,8
mn-171-5-2-9,n4681,171,5,2,9
mn-171-5-2-10,n4682,171,5,2,10
mn-171-5-2-11,n4683,171,5,2,11
mn-171-5-2-12,n4684,171,5,2,12
mn-171-5-2-13,n4685,171,5,2,13
mn-171-5-2-14,n4686,171,5,2,14
mn-172-1-1-1,n4687,172,1,1,1
mn-172-1-1-2,n4688,172,1,1,2
mn-172-1-1-3,n4689,172,1,1,3
mn-172-1-1-4,n4690,172,1,1,4
mn-172-1-1-5,n4691,172,1,1,5
mn-172-1-1-6,n4692,172,1,1,6
mn-172-5-2-1,n4693,172,5,2,1
mn-172-5-2-2,n4694,172,5,2,2
mn-172-5-2-3,n4695,172,5,2,3
mn-172-5-2-4,n4696,172,5,2,4
mn-172-5-2-5,n4697,172,5,2,5
mn-172-5-2-6,n4698,172,5,2,6
mn-172-5-2-7,n4699,172,5,2,7
mn-172-5-2-8,n4700,172,5,2,8
mn-172-5-2-9,n4701,172,5,2,9
mn-172-5-2-10,n4702,172,5,2,10
mn-172-5-2-11,n4703,172,5,2,11
mn-172-5-2-12,n4704,172,5,2,12
mn-173-1-2-1,n4705,173,1,2,1
mn-173-1-2-2,n4706,173,1,2,2
mn-173-1-2-3,n4707,173,1,2,3
mn-173-1-2-4,n4708,173,1,2,4
mn-173-1-1-1,r57,173,1,1,1
mn-173-1-1-2,r58,173,1,1,2
mn-173-1-1-3,r59,173,1,1,3
mn-173-5-2-1,r60,173,5,2,1
mn-173-5-2-2,n4709,173,5,2,2
mn-173-5-2-3,n4710,173,5,2,3
mn-173-5-2-4,n4711,173,5,2,4
mn-173-5-2-5,n4712,173,5,2,5
mn-173-5-2-6,n4713,173,5,2,6
mn-173-5-2-7,n4714,173,5,2,7
mn-173-5-2-8,n4715,173,5,2,8
mn-173-5-2-9,n4716,173,5,2,9
mn-173-5-2-10,n4717,173,5,2,10
mn-173-5-2-11,n4718,173,5,2,11
mn-173-5-2-12,n4719,173,5,2,12
mn-174-1-1-1,n4720,174,1,1,1
mn-174-1-1-2,n4721,174,1,1,2
mn-174-1-1-3,n4722,174,1,1,3
mn-174-1-2-1,n4723,174,1,2,1
mn-174-1-2-2,n4724,174,1,2,2
mn-174-1-2-3,n4725,174,1,2,3
mn-174-1-2-4,n4726,174,1,2,4
mn-174-1-2-5,n4727,174,1,2,5
mn-174-1-2-6,n4728,174,1,2,6
mn-174-5-2-1,n4729,174,5,2,1
mn-174-5-2-2,n4730,174,5,2,2
mn-174-5-2-3,n4731,174,5,2,3
mn-174-5-2-4,n4732,174,5,2,4
mn-174-5-2-5,n4733,174,5,2,5
mn-174-5-2-6,n4734,174,5,2,6
mn-174-5-2-7,n4735,174,5,2,7
mn-174-5-2-8,n4736,174,5,2,8
mn-174-5-2-9,n4737,174,5,2,9
mn-174-5-2-10,n4738,174,5,2,10
mn-174-5-2-11,n4739,174,5,2,11
mn-174-5-2-12,n4740,174,5,2,12
mn-174-5-2-13,n4741,174,5,2,13
mn-174-5-2-14,n4742,174,5,2,14
mn-174-5-2-15,n4743,174,5,2,15
mn-174-5-2-16,n4744,174,5,2,16
mn-174-5-2-17,n4745,174,5,2,17
mn-174-5-2-18,n4746,174,5,2,18
mn-174-5-2-19,n4747,174,5,2,19
mn-174-5-2-20,n4748,174,5,2,20
mn-174-5-2-21,n4749,174,5,2,21
mn-174-5-2-22,n4750,174,5,2,22
mn-174-5-2-23,n4751,174,5,2,23
mn-174-5-2-24,n4752,174,5,2,24
mn-175-1-1-1,n4753,175,1,1,1
mn-175-1-1-2,n4754,175,1,1,2
mn-175-1-1-3,n4755,175,1,1,3
mn-175-1-1-4,n4756,175,1,1,4
mn-175-1-1-5,n4757,175,1,1,5
mn-175-1-1-6,n4758,175,1,1,6
mn-175-1-1-7,n4759,175,1,1,7
mn-175-1-1-8,n4760,175,1,1,8
mn-175-2-2-1,n4761,175,2,2,1
mn-175-2-2-2,n4762,175,2,2,2
mn-175-2-2-3,n4763,175,2,2,3
mn-175-2-2-4,n4764,175,2,2,4
mn-175-2-2-5,n4765,175,2,2,5
mn-175-2-2-6,n4766,175,2,2,6
mn-175-2-2-7,n4767,175,2,2,7
mn-175-2-2-8,n4768,175,2,2,8
mn-175-5-2-1,n4769,175,5,2,1
mn-175-5-2-2,n4770,175,5,2,2
mn-175-5-2-3,n4771,175,5,2,3
mn-175-5-2-4,n4772,175,5,2,4
mn-175-5-2-5,n4773,175,5,2,5
mn-175-5-2-6,n4774,175,5,2,6
mn-175-5-2-7,n4775,175,5,2,7
mn-175-5-2-8,n4776,175,5,2,8
mn-175-5-2-9,n4777,175,5,2,9
mn-175-5-2-10,n4778,175,5,2,10
mn-175-5-2-11,n4779,175,5,2,11
mn-175-5-2-12,n4780,175,5,2,12
mn-175-5-2-13,n4781,175,5,2,13
mn-175-5-2-14,n4782,175,5,2,14
mn-175-5-2-15,n4783,175,5,2,15
mn-175-5-2-16,n4784,175,5,2,16
mn-175-5-2-17,n4785,175,5,2,17
mn-175-5-2-18,n4786,175,5,2,18
mn-175-5-2-19,n4787,175,5,2,19
mn-175-5-2-20,n4788,175,5,2,20
mn-175-5-2-21,n4789,175,5,2,21
mn-175-5-2-22,n4790,175,5,2,22
mn-175-5-2-23,n4791,175,5,2,23
mn-175-5-2-24,n4792,175,5,2,24
mn-176-1-1-1,n4793,176,1,1,1
mn-176-1-1-2,n4794,176,1,1,2
mn-176-1-1-3,n4795,176,1,1,3
mn-176-1-1-4,n4796,176,1,1,4
mn-176-1-1-5,n4797,176,1,1,5
mn-176-2-2-1,n4798,176,2,2,1
mn-176-2-2-2,n4799,176,2,2,2
mn-176-2-2-3,n4800,176,2,2,3
mn-176-2-2-4,n4801,176,2,2,4
mn-176-2-2-5,n4802,176,2,2,5
mn-176-5-2-1,n4803,176,5,2,1
mn-176-5-2-2,n4804,176,5,2,2
mn-176-5-2-3,n4805,176,5,2,3
mn-176-5-2-4,n4806,176,5,2,4
mn-176-5-2-5,n4807,176,5,2,5
mn-176-5-2-6,n4808,176,5,2,6
mn-176-5-2-7,n4809,176,5,2,7
mn-176-5-2-8,n4810,176,5,2,8
mn-176-5-2-9,n4811,176,5,2,9
mn-176-5-2-10,n4812,176,5,2,10
mn-176-5-2-11,n4813,176,5,2,11
mn-176-5-2-12,n4814,176,5,2,12
mn-176-5-2-13,n4815,176,5,2,13
mn-176-5-2-14,n4816,176,5,2,14
mn-176-5-2-15,n4817,176,5,2,15
mn-176-5-2-16,n4818,176,5,2,16
mn-176-5-2-17,n4819,176,5,2,17
mn-176-5-2-18,n4820,176,5,2,18
mn-176-5-2-19,n4821,176,5,2,19
mn-176-5-2-20,n4822,176,5,2,20
mn-177-1-1-1,n4823,177,1,1,1
mn-177-1-1-2,n4824,177,1,1,2
mn-177-1-1-3,n4825,177,1,1,3
mn-177-1-1-4,n4826,177,1,1,4
mn-177-1-1-5,n4827,177,1,1,5
mn-177-1-1-6,n4828,177,1,1,6
mn-177-1-1-7,n4829,177,1,1,7
mn-177-1-1-8,n4830,177,1,1,8
mn-177-2-2-1,n4831,177,2,2,1
mn-177-2-2-2,n4832,177,2,2,2
mn-177-2-2-3,n4833,177,2,2,3
mn-177-2-2-4,n4834,177,2,2,4
mn-177-2-2-5,n4835,177,2,2,5
mn-177-2-2-6,n4836,177,2,2,6
mn-177-2-2-7,n4837,177,2,2,7
mn-177-2-2-8,n4838,177,2,2,8
mn-177-5-2-1,n4839,177,5,2,1
mn-177-5-2-2,n4840,177,5,2,2
mn-177-5-2-3,n4841,177,5,2,3
mn-177-5-2-4,n4842,177,5,2,4
mn-177-5-2-5,n4843,177,5,2,5
mn-177-5-2-6,n4844,177,5,2,6
mn-177-5-2-7,n4845,177,5,2,7
mn-177-5-2-8,n4846,177,5,2,8
mn-177-5-2-9,n4847,177,5,2,9
mn-177-5-2-10,n4848,177,5,2,10
mn-177-5-2-11,n4849,177,5,2,11
mn-177-5-2-12,n4850,177,5,2,12
mn-178-1-1-1,n4851,178,1,1,1
mn-178-1-1-2,n4852,178,1,1,2
mn-178-1-1-3,n4853,178,1,1,3
mn-178-1-1-4,n4854,178,1,1,4
mn-178-1-1-5,n4855,178,1,1,5
mn-178-1-1-6,n4856,178,1,1,6
mn-178-1-1-7,n4857,178,1,1,7
mn-178-1-1-8,n4858,178,1,1,8
mn-178-5-2-1,n4859,178,5,2,1
mn-178-5-2-2,n4860,178,5,2,2
mn-178-5-2-3,n4861,178,5,2,3
mn-178-5-2-4,n4862,178,5,2,4
mn-178-5-2-5,n4863,178,5,2,5
mn-178-5-2-6,n4864,178,5,2,6
mn-178-5-2-7,n4865,178,5,2,7
mn-178-5-2-8,n4866,178,5,2,8
mn-178-5-2-9,n4867,178,5,2,9
mn-178-5-2-10,n4868,178,5,2,10
mn-178-5-2-11,n4869,178,5,2,11
mn-178-5-2-12,n4870,178,5,2,12
mn-178-5-2-13,n4871,178,5,2,13
mn-178-5-2-14,n4872,178,5,2,14
mn-178-5-2-15,n4873,178,5,2,15
mn-178-5-2-16,n4874,178,5,2,16
mn-178-5-2-17,n4875,178,5,2,17
mn-178-5-2-18,n4876,178,5,2,18
mn-178-5-2-19,n4877,178,5,2,19
mn-178-5-2-20,n4878,178,5,2,20
mn-178-5-2-21,n4879,178,5,2,21
mn-178-5-2-22,n4880,178,5,2,22
mn-178-5-2-23,n4881,178,5,2,23
mn-178-5-2-24,n4882,178,5,2,24
mn-179-1-1-1,n4883,179,1,1,1
mn-179-1-1-2,n4884,179,1,1,2
mn-179-1-1-3,n4885,179,1,1,3
mn-179-1-1-4,n4886,179,1,1,4
mn-179-1-1-5,n4887,179,1,1,5
mn-179-1-1-6,n4888,179,1,1,6
mn-179-1-1-7,n4889,179,1,1,7
mn-179-1-1-8,n4890,179,1,1,8
mn-179-1-1-9,n4891,179,1,1,9
mn-179-1-1-10,n4892,179,1,1,10
mn-179-1-1-11,n4893,179,1,1,11
mn-179-1-1-12,n4894,179,1,1,12
mn-179-1-1-13,n4895,179,1,1,13
mn-179-1-1-14,n4896,179,1,1,14
mn-179-1-1-15,n4897,179,1,1,15
mn-179-1-1-16,n4898,179,1,1,16
mn-179-5-2-1,n4899,179,5,2,1
mn-179-5-2-2,n4900,179,5,2,2
mn-179-5-2-3,n4901,179,5,2,3
mn-179-5-2-4,n4902,179,5,2,4
mn-179-5-2-5,n4903,179,5,2,5
mn-179-5-2-6,n4904,179,5,2,6
mn-179-5-2-7,n4905,179,5,2,7
mn-179-5-2-8,n4906,179,5,2,8
mn-179-5-2-9,n4907,179,5,2,9
mn-179-5-2-10,n4908,179,5,2,10
mn-179-5-2-11,n4909,179,5,2,11
mn-179-5-2-12,n4910,179,5,2,12
mn-179-5-2-13,n4911,179,5,2,13
mn-179-5-2-14,n4912,179,5,2,14
mn-179-5-2-15,n4913,179,5,2,15
mn-179-5-2-16,n4914,179,5,2,16
mn-179-5-2-17,n4915,179,5,2,17
mn-179-5-2-18,n4916,179,5,2,18
mn-179-5-2-19,n4917,179,5,2,19
mn-179-5-2-20,n4918,179,5,2,20
mn-179-5-2-21,n4919,179,5,2,21
mn-179-5-2-22,n4920,179,5,2,22
mn-179-5-2-23,n4921,179,5,2,23
mn-179-5-2-24,n4922,179,5,2,24
mn-180-1-1-1,n4923,180,1,1,1
mn-180-1-1-2,n4924,180,1,1,2
mn-180-1-1-3,n4925,180,1,1,3
mn-180-1-1-4,n4926,180,1,1,4
mn-180-1-1-5,n4927,180,1,1,5
mn-180-1-1-6,n4928,180,1,1,6
mn-180-5-2-1,n4929,180,5,2,1
mn-180-5-2-2,n4930,180,5,2,2
mn-180-5-2-3,n4931,180,5,2,3
mn-180-5-2-4,n4932,180,5,2,4
mn-181-1-1-1,n4933,181,1,1,1
mn-181-1-1-2,n4934,181,1,1,2
mn-181-1-1-3,n4935,181,1,1,3
mn-181-1-1-4,n4936,181,1,1,4
mn-181-1-1-5,n4937,181,1,1,5
mn-181-1-1-6,n4938,181,1,1,6
mn-181-5-2-1,n4939,181,5,2,1
mn-181-5-2-2,n4940,181,5,2,2
mn-181-5-2-3,n4941,181,5,2,3
mn-181-6-2-1,n4942,181,6,2,1
mn-181-6-2-2,n4943,181,6,2,2
mn-182-1-1-1,n4944,182,1,1,1
mn-182-1-1-2,n4945,182,1,1,2
mn-182-1-1-3,n4946,182,1,1,3
mn-182-1-1-4,n4947,182,1,1,4
mn-182-5-2-1,n4948,182,5,2,1
mn-182-5-2-2,n4949,182,5,2,2
mn-182-5-2-3,n4950,182,5,2,3
mn-183-1-1-1,n4951,183,1,1,1
mn-183-2-1-1,n4952,183,2,1,1
mn-183-2-1-2,n4953,183,2,1,2
mn-183-2-1-3,n4954,183,2,1,3
mn-183-2-1-4,n4955,183,2,1,4
mn-183-2-1-5,n4956,183,2,1,5
mn-183-2-1-6,n4957,183,2,1,6
mn-183-2-1-7,n4958,183,2,1,7
mn-183-2-1-8,n4959,183,2,1,8
mn-183-2-1-9,n4960,183,2,1,9
mn-183-2-1-10,n4961,183,2,1,10
mn-183-2-1-11,n4962,183,2,1,11
mn-183-2-1-12,n4963,183,2,1,12
mn-183-2-1-13,n4964,183,2,1,13
mn-183-2-1-14,n4965,183,2,1,14
mn-183-2-1-15,n4966,183,2,1,15
mn-183-2-1-16,n4967,183,2,1,16
mn-183-2-1-17,n4968,183,2,1,17
mn-183-2-1-18,n4969,183,2,1,18
mn-183-2-1-19,n4970,183,2,1,19
mn-183-2-1-20,n4971,183,2,1,20
mn-183-2-1-21,n4972,183,2,1,21
mn-183-2-1-22,n4973,183,2,1,22
mn-183-2-1-23,n4974,183,2,1,23
mn-183-2-1-24,n4975,183,2,1,24
mn-183-5-2-1,n4976,183,5,2,1
mn-183-5-2-2,n4977,183,5,2,2
mn-183-5-2-3,n4978,183,5,2,3
mn-184-1-1-1,n4979,184,1,1,1
mn-184-1-1-2,n4980,184,1,1,2
mn-184-2-1-1,n4981,184,2,1,1
mn-184-2-1-2,n4982,184,2,1,2
mn-184-2-1-3,n4983,184,2,1,3
mn-184-2-1-4,n4984,184,2,1,4
mn-184-2-1-5,n4985,184,2,1,5
mn-184-2-1-6,n4986,184,2,1,6
mn-184-2-1-7,n4987,184,2,1,7
mn-184-2-1-8,n4988,184,2,1,8
mn-184-2-1-9,n4989,184,2,1,9
mn-184-2-1-10,n4990,184,2,1,10
mn-184-2-1-11,n4991,184,2,1,11
mn-184-2-1-12,n4992,184,2,1,12
mn-184-2-1-13,n4993,184,2,1,13
mn-184-2-1-14,n4994,184,2,1,14
mn-184-2-1-15,n4995,184,2,1,15
mn-184-2-1-16,n4996,184,2,1,16
mn-184-2-1-17,n4997,184,2,1,17
mn-184-2-1-18,n4998,184,2,1,18
mn-184-2-1-19,n4999,184,2,1,19
mn-184-2-1-20,n5000,184,2,1,20
mn-184-2-1-21,n5001,184,2,1,21
mn-184-2-1-22,n5002,184,2,1,22
mn-184-2-1-23,n5003,184,2,1,23
mn-184-2-1-24,n5004,184,2,1,24
mn-184-5-2-1,n5005,184,5,2,1
mn-185-1-1-1,n5006,185,1,1,1
mn-185-1-1-2,n5007,185,1,1,2
mn-185-2-1-1,n5008,185,2,1,1
mn-185-2-1-2,n5009,185,2,1,2
mn-185-2-1-3,n5010,185,2,1,3
mn-185-2-1-4,n5011,185,2,1,4
mn-185-2-1-5,n5012,185,2,1,5
mn-185-2-1-6,n5013,185,2,1,6
mn-185-2-1-7,n5014,185,2,1,7
mn-185-2-1-8,n5015,185,2,1,8
mn-185-2-1-9,n5016,185,2,1,9
mn-185-2-1-10,n5017,185,2,1,10
mn-185-2-1-11,n5018,185,2,1,11
mn-185-2-1-12,n5019,185,2,1,12
mn-185-2-1-13,n5020,185,2,1,13
mn-185-2-1-14,n5021,185,2,1,14
mn-185-2-1-15,n5022,185,2,1,15
mn-185-2-1-16,n5023,185,2,1,16
mn-185-2-1-17,n5024,185,2,1,17
mn-185-2-1-18,n5025,185,2,1,18
mn-185-2-1-19,n5026,185,2,1,19
mn-185-2-1-20,n5027,185,2,1,20
mn-185-2-1-21,n5028,185,2,1,21
mn-185-2-1-22,n5029,185,2,1,22
mn-185-2-1-23,n5030,185,2,1,23
mn-185-2-1-24,n5031,185,2,1,24
mn-185-5-2-1,n5032,185,5,2,1
mn-186-1-1-1,n5033,186,1,1,1
mn-186-1-1-2,n5034,186,1,1,2
mn-186-1-1-3,n5035,186,1,1,3
mn-186-1-1-4,n5036,186,1,1,4
mn-186-1-1-5,n5037,186,1,1,5
mn-186-1-1-6,n5038,186,1,1,6
mn-186-1-1-7,n5039,186,1,1,7
mn-186-1-1-8,n5040,186,1,1,8
mn-186-1-1-9,n5041,186,1,1,9
mn-186-1-1-10,n5042,186,1,1,10
mn-186-1-1-11,n5043,186,1,1,11
mn-186-1-1-12,n5044,186,1,1,12
mn-186-5-2-1,n5045,186,5,2,1
mn-187-1-1-1,n5046,187,1,1,1
mn-187-1-1-2,n5047,187,1,1,2
mn-187-1-1-3,n5048,187,1,1,3
mn-187-1-1-4,n5049,187,1,1,4
mn-187-1-1-5,n5050,187,1,1,5
mn-187-1-1-6,n5051,187,1,1,6
mn-187-1-1-7,n5052,187,1,1,7
mn-187-1-1-8,n5053,187,1,1,8
mn-187-1-1-9,n5054,187,1,1,9
mn-187-1-2-1,n5055,187,1,2,1
mn-187-1-2-2,n5056,187,1,2,2
mn-187-1-2-3,n5057,187,1,2,3
mn-187-5-2-1,n5058,187,5,2,1
mn-188-1-2-1,n5059,188,1,2,1
mn-188-1-2-2,n5060,188,1,2,2
mn-188-1-2-3,n5061,188,1,2,3
mn-188-1-2-4,n5062,188,1,2,4
mn-188-1-2-5,n5063,188,1,2,5
mn-188-1-2-6,n5064,188,1,2,6
mn-188-1-2-7,n5065,188,1,2,7
mn-188-1-2-8,n5066,188,1,2,8
mn-188-1-2-9,n5067,188,1,2,9
mn-188-1-1-1,r61,188,1,1,1
mn-188-1-1-2,r62,188,1,1,2
mn-188-5-2-1,r63,188,5,2,1
mn-188-5-2-2,r64,188,5,2,2
mn-188-5-2-3,r65,188,5,2,3
mn-188-5-2-4,n5068,188,5,2,4
mn-188-5-2-5,n5069,188,5,2,5
mn-188-5-2-6,n5070,188,5,2,6
mn-189-1-1-1,n5071,189,1,1,1
mn-189-5-2-1,n5072,189,5,2,1
mn-189-5-2-2,n5073,189,5,2,2
mn-189-5-2-3,n5074,189,5,2,3
mn-189-5-2-4,n5075,189,5,2,4
mn-189-5-2-5,n5076,189,5,2,5
mn-189-5-2-6,n5077,189,5,2,6
mn-189-5-2-7,n5078,189,5,2,7
mn-189-5-2-8,n5079,189,5,2,8
mn-189-5-2-9,n5080,189,5,2,9
mn-189-5-2-10,n5081,189,5,2,10
mn-189-5-2-11,n5082,189,5,2,11
mn-189-5-2-12,n5083,189,5,2,12
mn-190-1-1-1,n5084,190,1,1,1
mn-190-1-1-2,n5085,190,1,1,2
mn-190-1-1-3,n5086,190,1,1,3
mn-190-1-1-4,n5087,190,1,1,4
mn-190-1-1-5,n5088,190,1,1,5
mn-190-1-1-6,n5089,190,1,1,6
mn-190-1-1-7,n5090,190,1,1,7
mn-190-1-1-8,n5091,190,1,1,8
mn-190-1-1-9,n5092,190,1,1,9
mn-190-1-1-10,n5093,190,1,1,10
mn-190-1-1-11,n5094,190,1,1,11
mn-190-1-1-12,n5095,190,1,1,12
mn-190-1-1-13,n5096,190,1,1,13
mn-190-1-1-14,n5097,190,1,1,14
mn-190-1-1-15,n5098,190,1,1,15
mn-190-1-1-16,n5099,190,1,1,16
mn-190-1-1-17,n5100,190,1,1,17
mn-190-1-1-18,n5101,190,1,1,18
mn-190-1-1-19,n5102,190,1,1,19
mn-190-1-1-20,n5103,190,1,1,20
mn-190-1-1-21,n5104,190,1,1,21
mn-190-1-1-22,n5105,190,1,1,22
mn-190-1-1-23,n5106,190,1,1,23
mn-190-1-1-24,n5107,190,1,1,24
mn-190-5-2-1,n5108,190,5,2,1
mn-190-5-2-2,n5109,190,5,2,2
mn-190-5-2-3,n5110,190,5,2,3
mn-190-5-2-4,n5111,190,5,2,4
mn-190-5-2-5,n5112,190,5,2,5
mn-190-5-2-6,n5113,190,5,2,6
mn-190-5-2-7,n5114,190,5,2,7
mn-190-5-2-8,n5115,190,5,2,8
mn-190-5-2-9,n5116,190,5,2,9
mn-190-5-2-10,n5117,190,5,2,10
mn-190-5-2-11,n5118,190,5,2,11
mn-190-5-2-12,n5119,190,5,2,12
mn-190-5-2-13,n5120,190,5,2,13
mn-190-5-2-14,n5121,190,5,2,14
mn-190-5-2-15,n5122,190,5,2,15
mn-190-5-2-16,n5123,190,5,2,16
mn-190-5-2-17,n5124,190,5,2,17
mn-190-5-2-18,n5125,190,5,2,18
mn-190-5-2-19,n5126,190,5,2,19
mn-190-5-2-20,n5127,190,5,2,20
mn-190-5-2-21,n5128,190,5,2,21
mn-190-5-2-22,n5129,190,5,2,22
mn-190-5-2-23,n5130,190,5,2,23
mn-190-5-2-24,n5131,190,5,2,24
mn-191-1-1-1,n5132,191,1,1,1
mn-191-1-1-2,n5133,191,1,1,2
mn-191-1-1-3,n5134,191,1,1,3
mn-191-1-1-4,n5135,191,1,1,4
mn-191-1-1-5,n5136,191,1,1,5
mn-191-1-1-6,n5137,191,1,1,6
mn-191-1-1-7,n5138,191,1,1,7
mn-191-1-1-8,n5139,191,1,1,8
mn-191-1-1-9,n5140,191,1,1,9
mn-191-1-1-10,n5141,191,1,1,10
mn-191-1-1-11,n5142,191,1,1,11
mn-191-1-1-12,n5143,191,1,1,12
mn-191-1-1-13,n5144,191,1,1,13
mn-191-1-1-14,n5145,191,1,1,14
mn-191-1-1-15,n5146,191,1,1,15
mn-191-1-1-16,n5147,191,1,1,16
mn-191-1-1-17,n5148,191,1,1,17
mn-191-1-1-18,n5149,191,1,1,18
mn-191-1-1-19,n5150,191,1,1,19
mn-191-1-1-20,n5151,191,1,1,20
mn-191-1-1-21,n5152,191,1,1,21
mn-191-1-1-22,n5153,191,1,1,22
mn-191-1-1-23,n5154,191,1,1,23
mn-191-1-1-24,n5155,191,1,1,24
mn-191-5-2-1,n5156,191,5,2,1
mn-191-5-2-2,n5157,191,5,2,2
mn-191-5-2-3,n5158,191,5,2,3
mn-191-5-2-4,n5159,191,5,2,4
mn-191-5-2-5,n5160,191,5,2,5
mn-191-5-2-6,n5161,191,5,2,6
mn-191-5-2-7,n5162,191,5,2,7
mn-191-5-2-8,n5163,191,5,2,8
mn-191-5-2-9,n5164,191,5,2,9
mn-191-5-2-10,n5165,191,5,2,10
mn-191-5-2-11,n5166,191,5,2,11
mn-191-5-2-12,n5167,191,5,2,12
mn-191-5-2-13,n5168,191,5,2,13
mn-191-5-2-14,n5169,191,5,2,14
mn-191-5-2-15,n5170,191,5,2,15
mn-191-5-2-16,n5171,191,5,2,16
mn-191-5-2-17,n5172,191,5,2,17
mn-191-5-2-18,n5173,191,5,2,18
mn-191-5-2-19,n5174,191,5,2,19
mn-191-5-2-20,n5175,191,5,2,20
mn-191-5-2-21,n5176,191,5,2,21
mn-191-5-2-22,n5177,191,5,2,22
mn-191-5-2-23,n5178,191,5,2,23
mn-191-5-2-24,n5179,191,5,2,24
mn-192-1-1-1,n5180,192,1,1,1
mn-192-1-1-2,n5181,192,1,1,2
mn-192-1-1-3,n5182,192,1,1,3
mn-192-1-1-4,n5183,192,1,1,4
mn-192-1-1-5,n5184,192,1,1,5
mn-192-1-1-6,n5185,192,1,1,6
mn-192-1-1-7,n5186,192,1,1,7
mn-192-1-1-8,n5187,192,1,1,8
mn-192-1-1-9,n5188,192,1,1,9
mn-192-1-1-10,n5189,192,1,1,10
mn-192-1-1-11,n5190,192,1,1,11
mn-192-1-1-12,n5191,192,1,1,12
mn-192-1-1-13,n5192,192,1,1,13
mn-192-1-1-14,n5193,192,1,1,14
mn-192-1-1-15,n5194,192,1,1,15
mn-192-1-1-16,n5195,192,1,1,16
mn-192-1-1-17,n5196,192,1,1,17
mn-192-1-1-18,n5197,192,1,1,18
mn-192-1-1-19,n5198,192,1,1,19
mn-192-1-1-20,n5199,192,1,1,20
mn-192-1-1-21,n5200,192,1,1,21
mn-192-1-1-22,n5201,192,1,1,22
mn-192-1-1-23,n5202,192,1,1,23
mn-192-1-1-24,n5203,192,1,1,24
mn-192-5-2-1,n5204,192,5,2,1
mn-192-5-2-2,n5205,192,5,2,2
mn-192-5-2-3,n5206,192,5,2,3
mn-192-5-2-4,n5207,192,5,2,4
mn-192-5-2-5,n5208,192,5,2,5
mn-192-5-2-6,n5209,192,5,2,6
mn-192-5-2-7,n5210,192,5,2,7
mn-192-5-2-8,n5211,192,5,2,8
mn-193-1-2-1,n5212,193,1,2,1
mn-193-1-2-2,n5213,193,1,2,2
mn-193-1-2-3,n5214,193,1,2,3
mn-193-1-2-4,n5215,193,1,2,4
mn-193-1-2-5,n5216,193,1,2,5
mn-193-1-2-6,n5217,193,1,2,6
mn-193-1-2-7,n5218,193,1,2,7
mn-193-1-2-8,n5219,193,1,2,8
mn-193-1-2-9,n5220,193,1,2,9
mn-193-1-2-10,n5221,193,1,2,10
mn-193-1-2-11,n5222,193,1,2,11
mn-193-1-2-12,n5223,193,1,2,12
mn-193-1-1-1,r66,193,1,1,1
mn-193-1-2-13,n5224,193,1,2,13
mn-193-1-2-14,n5225,193,1,2,14
mn-193-1-2-15,n5226,193,1,2,15
mn-193-1-2-16,n5227,193,1,2,16
mn-193-1-2-17,n5228,193,1,2,17
mn-193-1-1-2,r67,193,1,1,2
mn-193-1-2-18,n5229,193,1,2,18
mn-193-1-2-19,n5230,193,1,2,19
mn-193-1-2-20,n5231,193,1,2,20
mn-193-1-2-21,n5232,193,1,2,21
mn-193-1-2-22,n5233,193,1,2,22
mn-193-5-2-1,n5234,193,5,2,1
mn-193-5-2-2,n5235,193,5,2,2
mn-193-5-2-3,n5236,193,5,2,3
mn-193-5-2-4,n5237,193,5,2,4
mn-193-5-2-5,n5238,193,5,2,5
mn-193-5-2-6,n5239,193,5,2,6
mn-193-5-2-7,n5240,193,5,2,7
mn-193-5-2-8,n5241,193,5,2,8
mn-194-1-1-1,n5242,194,1,1,1
mn-194-1-1-2,n5243,194,1,1,2
mn-194-1-1-3,n5244,194,1,1,3
mn-194-1-1-4,n5245,194,1,1,4
mn-194-1-1-5,n5246,194,1,1,5
mn-194-1-1-6,n5247,194,1,1,6
mn-194-1-1-7,n5248,194,1,1,7
mn-194-1-1-8,n5249,194,1,1,8
mn-194-1-1-9,n5250,194,1,1,9
mn-194-1-1-10,n5251,194,1,1,10
mn-194-1-1-11,n5252,194,1,1,11
mn-194-1-1-12,n5253,194,1,1,12
mn-194-1-1-13,n5254,194,1,1,13
mn-194-1-1-14,n5255,194,1,1,14
mn-194-1-1-15,n5256,194,1,1,15
mn-194-1-1-16,n5257,194,1,1,16
mn-194-1-1-17,n5258,194,1,1,17
mn-194-1-1-18,n5259,194,1,1,18
mn-194-1-1-19,n5260,194,1,1,19
mn-194-1-1-20,n5261,194,1,1,20
mn-194-1-1-21,n5262,194,1,1,21
mn-194-1-1-22,n5263,194,1,1,22
mn-194-1-1-23,n5264,194,1,1,23
mn-194-1-1-24,n5265,194,1,1,24
mn-194-5-2-1,n5266,194,5,2,1
mn-194-5-2-2,n5267,194,5,2,2
mn-194-5-2-3,n5268,194,5,2,3
mn-194-5-2-4,n5269,194,5,2,4
mn-194-5-2-5,n5270,194,5,2,5
mn-194-5-2-6,n5271,194,5,2,6
mn-194-5-2-7,n5272,194,5,2,7
mn-194-5-2-8,n5273,194,5,2,8
mn-194-5-2-9,n5274,194,5,2,9
mn-194-5-2-10,n5275,194,5,2,10
mn-194-5-2-11,n5276,194,5,2,11
mn-194-5-2-12,n5277,194,5,2,12
mn-194-5-2-13,n5278,194,5,2,13
mn-194-5-2-14,n5279,194,5,2,14
mn-194-5-2-15,n5280,194,5,2,15
mn-194-5-2-16,n5281,194,5,2,16
mn-194-5-2-17,n5282,194,5,2,17
mn-194-5-2-18,n5283,194,5,2,18
mn-194-5-2-19,n5284,194,5,2,19
mn-194-5-2-20,n5285,194,5,2,20
mn-194-5-2-21,n5286,194,5,2,21
mn-194-5-2-22,n5287,194,5,2,22
mn-194-5-2-23,n5288,194,5,2,23
mn-194-5-2-24,n5289,194,5,2,24
mn-195-1-1-1,n5290,195,1,1,1
mn-195-1-1-2,n5291,195,1,1,2
mn-195-1-1-3,n5292,195,1,1,3
mn-195-1-1-4,n5293,195,1,1,4
mn-195-1-1-5,n5294,195,1,1,5
mn-195-1-1-6,n5295,195,1,1,6
mn-195-1-1-7,n5296,195,1,1,7
mn-195-1-1-8,n5297,195,1,1,8
mn-195-1-1-9,n5298,195,1,1,9
mn-195-1-1-10,n5299,195,1,1,10
mn-195-1-1-11,n5300,195,1,1,11
mn-195-1-1-12,n5301,195,1,1,12
mn-195-1-1-13,n5302,195,1,1,13
mn-195-1-1-14,n5303,195,1,1,14
mn-195-1-1-15,n5304,195,1,1,15
mn-195-1-1-16,n5305,195,1,1,16
mn-195-1-1-17,n5306,195,1,1,17
mn-195-1-1-18,n5307,195,1,1,18
mn-195-1-1-19,n5308,195,1,1,19
mn-195-1-1-20,n5309,195,1,1,20
mn-195-1-1-21,n5310,195,1,1,21
mn-195-1-1-22,n5311,195,1,1,22
mn-195-1-1-23,n5312,195,1,1,23
mn-195-1-1-24,n5313,195,1,1,24
mn-195-5-2-1,n5314,195,5,2,1
mn-195-5-2-2,n5315,195,5,2,2
mn-195-5-2-3,n5316,195,5,2,3
mn-195-5-2-4,n5317,195,5,2,4
mn-195-5-2-5,n5318,195,5,2,5
mn-195-5-2-6,n5319,195,5,2,6
mn-195-5-2-7,n5320,195,5,2,7
mn-195-5-2-8,n5321,195,5,2,8
mn-195-5-2-9,n5322,195,5,2,9
mn-195-5-2-10,n5323,195,5,2,10
mn-195-5-2-11,n5324,195,5,2,11
mn-195-5-2-12,n5325,195,5,2,12
mn-195-5-2-13,n5326,195,5,2,13
mn-195-5-2-14,n5327,195,5,2,14
mn-195-5-2-15,n5328,195,5,2,15
mn-195-5-2-16,n5329,195,5,2,16
mn-195-5-2-17,n5330,195,5,2,17
mn-195-5-2-18,n5331,195,5,2,18
mn-195-5-2-19,n5332,195,5,2,19
mn-195-5-2-20,n5333,195,5,2,20
mn-195-5-2-21,n5334,195,5,2,21
mn-195-5-2-22,n5335,195,5,2,22
mn-195-5-2-23,n5336,195,5,2,23
mn-195-5-2-24,n5337,195,5,2,24
mn-196-1-1-1,n5338,196,1,1,1
mn-196-1-1-2,n5339,196,1,1,2
mn-196-1-1-3,n5340,196,1,1,3
mn-196-1-1-4,n5341,196,1,1,4
mn-196-1-1-5,n5342,196,1,1,5
mn-196-1-1-6,n5343,196,1,1,6
mn-196-1-1-7,n5344,196,1,1,7
mn-196-1-1-8,n5345,196,1,1,8
mn-196-1-1-9,n5346,196,1,1,9
mn-196-1-1-10,n5347,196,1,1,10
mn-196-1-1-11,n5348,196,1,1,11
mn-196-1-1-12,n5349,196,1,1,12
mn-196-1-1-13,n5350,196,1,1,13
mn-196-1-1-14,n5351,196,1,1,14
mn-196-1-1-15,n5352,196,1,1,15
mn-196-1-1-16,n5353,196,1,1,16
mn-196-1-1-17,n5354,196,1,1,17
mn-196-1-1-18,n5355,196,1,1,18
mn-196-1-1-19,n5356,196,1,1,19
mn-196-1-1-20,n5357,196,1,1,20
mn-196-1-1-21,n5358,196,1,1,21
mn-196-1-1-22,n5359,196,1,1,22
mn-196-1-1-23,n5360,196,1,1,23
mn-196-1-1-24,n5361,196,1,1,24
mn-196-5-2-1,n5362,196,5,2,1
mn-196-5-2-2,n5363,196,5,2,2
mn-196-5-2-3,n5364,196,5,2,3
mn-196-5-2-4,n5365,196,5,2,4
mn-196-5-2-5,n5366,196,5,2,5
mn-196-5-2-6,n5367,196,5,2,6
mn-196-5-2-7,n5368,196,5,2,7
mn-196-5-2-8,n5369,196,5,2,8
mn-196-5-2-9,n5370,196,5,2,9
mn-196-5-2-10,n5371,196,5,2,10
mn-197-1-1-1,n5372,197,1,1,1
mn-197-1-1-2,n5373,197,1,1,2
mn-197-1-1-3,n5374,197,1,1,3
mn-197-1-1-4,n5375,197,1,1,4
mn-197-1-1-5,n5376,197,1,1,5
mn-197-1-1-6,n5377,197,1,1,6
mn-197-1-1-7,n5378,197,1,1,7
mn-197-1-1-8,n5379,197,1,1,8
mn-197-1-1-9,n5380,197,1,1,9
mn-197-1-1-10,n5381,197,1,1,10
mn-197-1-1-11,n5382,197,1,1,11
mn-197-1-1-12,n5383,197,1,1,12
mn-197-1-1-13,n5384,197,1,1,13
mn-197-1-1-14,n5385,197,1,1,14
mn-197-1-1-15,n5386,197,1,1,15
mn-197-1-1-16,n5387,197,1,1,16
mn-197-1-1-17,n5388,197,1,1,17
mn-197-1-1-18,n5389,197,1,1,18
mn-197-1-1-19,n5390,197,1,1,19
mn-197-1-1-20,n5391,197,1,1,20
mn-197-1-1-21,n5392,197,1,1,21
mn-197-1-1-22,n5393,197,1,1,22
mn-197-1-1-23,n5394,197,1,1,23
mn-197-1-1-24,n5395,197,1,1,24
mn-197-5-2-1,n5396,197,5,2,1
mn-197-5-2-2,n5397,197,5,2,2
mn-197-5-2-3,n5398,197,5,2,3
mn-197-5-2-4,n5399,197,5,2,4
mn-197-5-2-5,n5400,197,5,2,5
mn-197-5-2-6,n5401,197,5,2,6
mn-197-5-2-7,n5402,197,5,2,7
mn-197-5-2-8,n5403,197,5,2,8
mn-197-5-2-9,n5404,197,5,2,9
mn-197-5-2-10,n5405,197,5,2,10
mn-197-5-2-11,n5406,197,5,2,11
mn-197-5-2-12,n5407,197,5,2,12
mn-197-5-2-13,n5408,197,5,2,13
mn-197-5-2-14,n5409,197,5,2,14
mn-197-5-2-15,n5410,197,5,2,15
mn-197-5-2-16,n5411,197,5,2,16
mn-198-1-1-1,n5412,198,1,1,1
mn-198-1-1-2,n5413,198,1,1,2
mn-198-1-1-3,n5414,198,1,1,3
mn-198-1-1-4,n5415,198,1,1,4
mn-198-1-1-5,n5416,198,1,1,5
mn-198-1-1-6,n5417,198,1,1,6
mn-198-1-1-7,n5418,198,1,1,7
mn-198-1-1-8,n5419,198,1,1,8
mn-198-1-1-9,n5420,198,1,1,9
mn-198-1-1-10,n5421,198,1,1,10
mn-198-1-1-11,n5422,198,1,1,11
mn-198-1-1-12,n5423,198,1,1,12
mn-198-1-1-13,n5424,198,1,1,13
mn-198-1-1-14,n5425,198,1,1,14
mn-198-1-1-15,n5426,198,1,1,15
mn-198-1-1-16,n5427,198,1,1,16
mn-198-1-1-17,n5428,198,1,1,17
mn-198-1-1-18,n5429,198,1,1,18
mn-198-1-1-19,n5430,198,1,1,19
mn-198-1-1-20,n5431,198,1,1,20
mn-198-1-1-21,n5432,198,1,1,21
mn-198-1-1-22,n5433,198,1,1,22
mn-198-1-1-23,n5434,198,1,1,23
mn-198-1-1-24,n5435,198,1,1,24
mn-198-5-2-1,n5436,198,5,2,1
mn-198-5-2-2,n5437,198,5,2,2
mn-198-5-2-3,n5438,198,5,2,3
mn-198-5-2-4,n5439,198,5,2,4
mn-199-1-1-1,n5440,199,1,1,1
mn-199-1-1-2,n5441,199,1,1,2
mn-199-1-1-3,n5442,199,1,1,3
mn-199-1-1-4,n5443,199,1,1,4
mn-199-1-1-5,n5444,199,1,1,5
mn-199-1-1-6,n5445,199,1,1,6
mn-199-1-1-7,n5446,199,1,1,7
mn-199-1-1-8,n5447,199,1,1,8
mn-199-1-1-9,n5448,199,1,1,9
mn-199-1-1-10,n5449,199,1,1,10
mn-199-1-1-11,n5450,199,1,1,11
mn-199-1-1-12,n5451,199,1,1,12
mn-199-1-1-13,n5452,199,1,1,13
mn-199-1-1-14,n5453,199,1,1,14
mn-199-1-1-15,n5454,199,1,1,15
mn-199-1-1-16,n5455,199,1,1,16
mn-199-1-1-17,n5456,199,1,1,17
mn-199-1-1-18,n5457,199,1,1,18
mn-199-1-1-19,n5458,199,1,1,19
mn-199-1-1-20,n5459,199,1,1,20
mn-199-1-1-21,n5460,199,1,1,21
mn-199-1-1-22,n5461,199,1,1,22
mn-199-5-2-1,n5462,199,5,2,1
mn-199-5-2-2,n5463,199,5,2,2
mn-199-5-2-3,n5464,199,5,2,3
mn-199-5-2-4,n5465,199,5,2,4
mn-199-5-2-5,n5466,199,5,2,5
mn-199-5-2-6,n5467,199,5,2,6
mn-199-5-2-7,n5468,199,5,2,7
mn-199-5-2-8,n5469,199,5,2,8
mn-199-5-2-9,n5470,199,5,2,9
mn-199-5-2-10,n5471,199,5,2,10
mn-199-5-2-11,n5472,199,5,2,11
mn-199-5-2-12,n5473,199,5,2,12
mn-199-6-2-1,n5474,199,6,2,1
mn-199-6-2-2,n5475,199,6,2,2
mn-199-6-2-3,n5476,199,6,2,3
mn-199-7-2-1,n5477,199,7,2,1
mn-199-7-2-2,n5478,199,7,2,2
mn-199-7-2-3,n5479,199,7,2,3
mn-199-8-2-1,n5480,199,8,2,1
mn-199-8-2-2,n5481,199,8,2,2
mn-199-8-2-3,n5482,199,8,2,3
mn-200-1-1-1,n5483,200,1,1,1
mn-200-1-1-2,n5484,200,1,1,2
mn-200-1-1-3,n5485,200,1,1,3
mn-200-1-1-4,n5486,200,1,1,4
mn-200-1-1-5,n5487,200,1,1,5
mn-200-1-1-6,n5488,200,1,1,6
mn-200-1-1-7,n5489,200,1,1,7
mn-200-1-1-8,n5490,200,1,1,8
mn-200-1-1-9,n5491,200,1,1,9
mn-200-1-1-10,n5492,200,1,1,10
mn-200-1-1-11,n5493,200,1,1,11
mn-200-1-1-12,n5494,200,1,1,12
mn-200-1-1-13,n5495,200,1,1,13
mn-200-1-1-14,n5496,200,1,1,14
mn-200-1-1-15,n5497,200,1,1,15
mn-200-1-1-16,n5498,200,1,1,16
mn-200-1-1-17,n5499,200,1,1,17
mn-200-1-1-18,n5500,200,1,1,18
mn-200-1-1-19,n5501,200,1,1,19
mn-200-1-1-20,n5502,200,1,1,20
mn-200-1-1-21,n5503,200,1,1,21
mn-200-5-2-1,n5504,200,5,2,1
mn-200-5-2-2,n5505,200,5,2,2
mn-200-5-2-3,n5506,200,5,2,3
mn-200-5-2-4,n5507,200,5,2,4
mn-200-5-2-5,n5508,200,5,2,5
mn-200-5-2-6,n5509,200,5,2,6
mn-200-5-2-7,n5510,200,5,2,7
mn-200-5-2-8,n5511,200,5,2,8
mn-200-5-2-9,n5512,200,5,2,9
mn-201-1-1-1,n5513,201,1,1,1
mn-201-1-1-2,n5514,201,1,1,2
mn-201-1-1-3,n5515,201,1,1,3
mn-201-1-1-4,n5516,201,1,1,4
mn-201-1-1-5,n5517,201,1,1,5
mn-201-1-1-6,n5518,201,1,1,6
mn-201-1-1-7,n5519,201,1,1,7
mn-201-1-1-8,n5520,201,1,1,8
mn-201-1-1-9,n5521,201,1,1,9
mn-201-1-1-10,n5522,201,1,1,10
mn-201-1-1-11,n5523,201,1,1,11
mn-201-1-1-12,n5524,201,1,1,12
mn-201-1-1-13,n5525,201,1,1,13
mn-201-1-1-14,n5526,201,1,1,14
mn-201-1-1-15,n5527,201,1,1,15
mn-201-1-1-16,n5528,201,1,1,16
mn-201-1-1-17,n5529,201,1,1,17
mn-201-1-1-18,n5530,201,1,1,18
mn-201-1-1-19,n5531,201,1,1,19
mn-201-1-1-20,n5532,201,1,1,20
mn-201-1-1-21,n5533,201,1,1,21
mn-201-5-2-1,n5534,201,5,2,1
mn-201-5-2-2,n5535,201,5,2,2
mn-201-5-2-3,n5536,201,5,2,3
mn-201-5-2-4,n5537,201,5,2,4
mn-201-5-2-5,n5538,201,5,2,5
mn-201-5-2-6,n5539,201,5,2,6
mn-201-5-2-7,n5540,201,5,2,7
mn-201-5-2-8,n5541,201,5,2,8
mn-201-5-2-9,n5542,201,5,2,9
mn-202-1-1-1,n5543,202,1,1,1
mn-202-1-1-2,n5544,202,1,1,2
mn-202-1-1-3,n5545,202,1,1,3
mn-202-1-1-4,n5546,202,1,1,4
mn-202-1-1-5,n5547,202,1,1,5
mn-202-1-1-6,n5548,202,1,1,6
mn-202-1-1-7,n5549,202,1,1,7
mn-202-1-1-8,n5550,202,1,1,8
mn-202-1-1-9,n5551,202,1,1,9
mn-202-1-1-10,n5552,202,1,1,10
mn-202-1-1-11,n5553,202,1,1,11
mn-202-1-1-12,n5554,202,1,1,12
mn-202-1-1-13,n5555,202,1,1,13
mn-202-1-1-14,n5556,202,1,1,14
mn-202-1-1-15,n5557,202,1,1,15
mn-202-1-1-16,n5558,202,1,1,16
mn-202-1-1-17,n5559,202,1,1,17
mn-202-1-1-18,n5560,202,1,1,18
mn-202-1-1-19,n5561,202,1,1,19
mn-202-1-1-20,n5562,202,1,1,20
mn-202-1-1-21,n5563,202,1,1,21
mn-202-5-2-1,n5564,202,5,2,1
mn-202-5-2-2,n5565,202,5,2,2
mn-202-5-2-3,n5566,202,5,2,3
mn-202-5-2-4,n5567,202,5,2,4
mn-202-5-2-5,n5568,202,5,2,5
mn-202-5-2-6,n5569,202,5,2,6
mn-202-5-2-7,n5570,202,5,2,7
mn-202-5-2-8,n5571,202,5,2,8
mn-202-5-2-9,n5572,202,5,2,9
mn-203-1-1-1,n5573,203,1,1,1
mn-203-1-1-2,n5574,203,1,1,2
mn-203-1-1-3,n5575,203,1,1,3
mn-203-1-1-4,n5576,203,1,1,4
mn-203-1-1-5,n5577,203,1,1,5
mn-203-1-1-6,n5578,203,1,1,6
mn-203-1-1-7,n5579,203,1,1,7
mn-203-1-1-8,n5580,203,1,1,8
mn-203-1-1-9,n5581,203,1,1,9
mn-203-1-1-10,n5582,203,1,1,10
mn-203-1-1-11,n5583,203,1,1,11
mn-203-1-1-12,n5584,203,1,1,12
mn-203-1-1-13,n5585,203,1,1,13
mn-203-1-1-14,n5586,203,1,1,14
mn-203-1-1-15,n5587,203,1,1,15
mn-203-1-1-16,n5588,203,1,1,16
mn-203-1-1-17,n5589,203,1,1,17
mn-203-1-1-18,n5590,203,1,1,18
mn-203-1-1-19,n5591,203,1,1,19
mn-203-1-1-20,n5592,203,1,1,20
mn-203-1-1-21,n5593,203,1,1,21
mn-203-1-1-22,n5594,203,1,1,22
mn-203-1-1-23,n5595,203,1,1,23
mn-203-1-1-24,n5596,203,1,1,24
mn-203-5-2-1,n5597,203,5,2,1
mn-203-5-2-2,n5598,203,5,2,2
mn-203-5-2-3,n5599,203,5,2,3
mn-204-1-1-1,n5600,204,1,1,1
mn-204-1-1-2,n5601,204,1,1,2
mn-204-1-1-3,n5602,204,1,1,3
mn-204-1-1-4,n5603,204,1,1,4
mn-204-1-1-5,n5604,204,1,1,5
mn-204-1-1-6,n5605,204,1,1,6
mn-204-1-1-7,n5606,204,1,1,7
mn-204-1-1-8,n5607,204,1,1,8
mn-204-1-1-9,n5608,204,1,1,9
mn-204-1-1-10,n5609,204,1,1,10
mn-204-1-1-11,n5610,204,1,1,11
mn-204-1-1-12,n5611,204,1,1,12
mn-204-1-1-13,n5612,204,1,1,13
mn-204-1-1-14,n5613,204,1,1,14
mn-204-1-1-15,n5614,204,1,1,15
mn-204-1-1-16,n5615,204,1,1,16
mn-204-1-1-17,n5616,204,1,1,17
mn-204-1-1-18,n5617,204,1,1,18
mn-204-1-1-19,n5618,204,1,1,19
mn-204-1-1-20,n5619,204,1,1,20
mn-204-1-1-21,n5620,204,1,1,21
mn-204-1-1-22,n5621,204,1,1,22
mn-204-1-1-23,n5622,204,1,1,23
mn-204-1-1-24,n5623,204,1,1,24
mn-204-5-2-1,n5624,204,5,2,1
mn-204-5-2-2,n5625,204,5,2,2
mn-204-5-2-3,n5626,204,5,2,3
mn-204-5-2-4,n5627,204,5,2,4
mn-204-5-2-5,n5628,204,5,2,5
mn-205-1-1-1,n5629,205,1,1,1
mn-205-1-1-2,n5630,205,1,1,2
mn-205-1-1-3,n5631,205,1,1,3
mn-205-1-1-4,n5632,205,1,1,4
mn-205-1-1-5,n5633,205,1,1,5
mn-205-1-1-6,n5634,205,1,1,6
mn-205-1-1-7,n5635,205,1,1,7
mn-205-1-1-8,n5636,205,1,1,8
mn-205-1-1-9,n5637,205,1,1,9
mn-205-1-1-10,n5638,205,1,1,10
mn-205-1-1-11,n5639,205,1,1,11
mn-205-1-1-12,n5640,205,1,1,12
mn-205-1-1-13,n5641,205,1,1,13
mn-205-1-1-14,n5642,205,1,1,14
mn-205-1-1-15,n5643,205,1,1,15
mn-205-1-1-16,n5644,205,1,1,16
mn-205-1-1-17,n5645,205,1,1,17
mn-205-1-1-18,n5646,205,1,1,18
mn-205-1-1-19,n5647,205,1,1,19
mn-205-1-1-20,n5648,205,1,1,20
mn-205-1-1-21,n5649,205,1,1,21
mn-205-1-1-22,n5650,205,1,1,22
mn-205-1-1-23,n5651,205,1,1,23
mn-205-1-1-24,n5652,205,1,1,24
mn-205-5-2-1,n5653,205,5,2,1
mn-205-5-2-2,n5654,205,5,2,2
mn-205-5-2-3,n5655,205,5,2,3
mn-205-5-2-4,n5656,205,5,2,4
mn-205-5-2-5,n5657,205,5,2,5
mn-205-5-2-6,n5658,205,5,2,6
mn-206-1-1-1,n5659,206,1,1,1
mn-206-1-1-2,n5660,206,1,1,2
mn-206-1-1-3,n5661,206,1,1,3
mn-206-1-1-4,n5662,206,1,1,4
mn-206-1-1-5,n5663,206,1,1,5
mn-206-1-1-6,n5664,206,1,1,6
mn-206-1-1-7,n5665,206,1,1,7
mn-206-1-1-8,n5666,206,1,1,8
mn-206-1-1-9,n5667,206,1,1,9
mn-206-1-1-10,n5668,206,1,1,10
mn-206-1-1-11,n5669,206,1,1,11
mn-206-1-1-12,n5670,206,1,1,12
mn-206-1-1-13,n5671,206,1,1,13
mn-206-1-1-14,n5672,206,1,1,14
mn-206-1-1-15,n5673,206,1,1,15
mn-206-1-1-16,n5674,206,1,1,16
mn-206-1-1-17,n5675,206,1,1,17
mn-206-1-1-18,n5676,206,1,1,18
mn-206-1-1-19,n5677,206,1,1,19
mn-206-1-1-20,n5678,206,1,1,20
mn-206-1-1-21,n5679,206,1,1,21
mn-206-1-1-22,n5680,206,1,1,22
mn-206-1-1-23,n5681,206,1,1,23
mn-206-1-1-24,n5682,206,1,1,24
mn-206-5-2-1,n5683,206,5,2,1
mn-206-5-2-2,n5684,206,5,2,2
mn-206-5-2-3,n5685,206,5,2,3
mn-206-5-2-4,n5686,206,5,2,4
mn-206-5-2-5,n5687,206,5,2,5
mn-207-1-1-1,n5688,207,1,1,1
mn-207-1-1-2,n5689,207,1,1,2
mn-207-1-1-3,n5690,207,1,1,3
mn-207-1-1-4,n5691,207,1,1,4
mn-207-1-1-5,n5692,207,1,1,5
mn-207-1-1-6,n5693,207,1,1,6
mn-207-1-1-7,n5694,207,1,1,7
mn-207-1-1-8,n5695,207,1,1,8
mn-207-1-1-9,n5696,207,1,1,9
mn-207-1-1-10,n5697,207,1,1,10
mn-207-1-1-11,n5698,207,1,1,11
mn-207-1-1-12,n5699,207,1,1,12
mn-207-1-1-13,n5700,207,1,1,13
mn-207-1-1-14,n5701,207,1,1,14
mn-207-1-1-15,n5702,207,1,1,15
mn-207-1-1-16,n5703,207,1,1,16
mn-207-1-1-17,n5704,207,1,1,17
mn-207-1-1-18,n5705,207,1,1,18
mn-207-1-1-19,n5706,207,1,1,19
mn-207-1-1-20,n5707,207,1,1,20
mn-207-1-1-21,n5708,207,1,1,21
mn-207-1-1-22,n5709,207,1,1,22
mn-207-1-1-23,n5710,207,1,1,23
mn-207-1-1-24,n5711,207,1,1,24
mn-207-5-2-1,n5712,207,5,2,1
mn-207-5-2-2,n5713,207,5,2,2
mn-207-5-2-3,n5714,207,5,2,3
mn-207-5-2-4,n5715,207,5,2,4
mn-207-5-2-5,n5716,207,5,2,5
mn-207-5-2-6,n5717,207,5,2,6
mn-208-1-1-1,n5718,208,1,1,1
mn-208-1-1-2,n5719,208,1,1,2
mn-208-1-1-3,n5720,208,1,1,3
mn-208-1-1-4,n5721,208,1,1,4
mn-208-1-1-5,n5722,208,1,1,5
mn-208-1-1-6,n5723,208,1,1,6
mn-208-1-1-7,n5724,208,1,1,7
mn-208-1-1-8,n5725,208,1,1,8
mn-208-1-1-9,n5726,208,1,1,9
mn-208-1-1-10,n5727,208,1,1,10
mn-208-1-1-11,n5728,208,1,1,11
mn-208-1-1-12,n5729,208,1,1,12
mn-208-1-1-13,n5730,208,1,1,13
mn-208-1-1-14,n5731,208,1,1,14
mn-208-1-1-15,n5732,208,1,1,15
mn-208-1-1-16,n5733,208,1,1,16
mn-208-1-1-17,n5734,208,1,1,17
mn-208-1-1-18,n5735,208,1,1,18
mn-208-1-1-19,n5736,208,1,1,19
mn-208-1-1-20,n5737,208,1,1,20
mn-208-1-1-21,n5738,208,1,1,21
mn-208-1-1-22,n5739,208,1,1,22
mn-208-1-1-23,n5740,208,1,1,23
mn-208-1-1-24,n5741,208,1,1,24
mn-208-5-2-1,n5742,208,5,2,1
mn-208-5-2-2,n5743,208,5,2,2
mn-208-5-2-3,n5744,208,5,2,3
mn-208-5-2-4,n5745,208,5,2,4
mn-208-5-2-5,n5746,208,5,2,5
mn-208-5-2-6,n5747,208,5,2,6
mn-209-1-1-1,n5748,209,1,1,1
mn-209-1-1-2,n5749,209,1,1,2
mn-209-1-1-3,n5750,209,1,1,3
mn-209-1-1-4,n5751,209,1,1,4
mn-209-1-1-5,n5752,209,1,1,5
mn-209-1-1-6,n5753,209,1,1,6
mn-209-1-1-7,n5754,209,1,1,7
mn-209-1-1-8,n5755,209,1,1,8
mn-209-1-1-9,n5756,209,1,1,9
mn-209-1-1-10,n5757,209,1,1,10
mn-209-1-1-11,n5758,209,1,1,11
mn-209-1-1-12,n5759,209,1,1,12
mn-209-1-1-13,n5760,209,1,1,13
mn-209-1-1-14,n5761,209,1,1,14
mn-209-1-1-15,n5762,209,1,1,15
mn-209-1-1-16,n5763,209,1,1,16
mn-209-1-1-17,n5764,209,1,1,17
mn-209-1-1-18,n5765,209,1,1,18
mn-209-1-1-19,n5766,209,1,1,19
mn-209-1-1-20,n5767,209,1,1,20
mn-209-1-1-21,n5768,209,1,1,21
mn-209-1-1-22,n5769,209,1,1,22
mn-209-1-1-23,n5770,209,1,1,23
mn-209-1-1-24,n5771,209,1,1,24
mn-209-5-2-1,n5772,209,5,2,1
mn-209-5-2-2,n5773,209,5,2,2
mn-209-5-2-3,n5774,209,5,2,3
mn-209-5-2-4,n5775,209,5,2,4
mn-209-5-2-5,n5776,209,5,2,5
mn-209-5-2-6,n5777,209,5,2,6
mn-209-5-2-7,n5778,209,5,2,7
mn-209-5-2-8,n5779,209,5,2,8
mn-209-5-2-9,n5780,209,5,2,9
mn-209-5-2-10,n5781,209,5,2,10
mn-209-5-2-11,n5782,209,5,2,11
mn-209-5-2-12,n5783,209,5,2,12
mn-210-1-1-1,n5784,210,1,1,1
mn-210-1-1-2,n5785,210,1,1,2
mn-210-1-1-3,n5786,210,1,1,3
mn-210-1-1-4,n5787,210,1,1,4
mn-210-1-1-5,n5788,210,1,1,5
mn-210-1-1-6,n5789,210,1,1,6
mn-210-1-1-7,n5790,210,1,1,7
mn-210-1-1-8,n5791,210,1,1,8
mn-210-1-1-9,n5792,210,1,1,9
mn-210-5-2-1,n5793,210,5,2,1
mn-210-5-2-2,n5794,210,5,2,2
mn-210-5-2-3,n5795,210,5,2,3
mn-210-5-2-4,n5796,210,5,2,4
mn-210-5-2-5,n5797,210,5,2,5
mn-210-5-2-6,n5798,210,5,2,6
mn-210-5-2-7,n5799,210,5,2,7
mn-210-5-2-8,n5800,210,5,2,8
mn-210-5-2-9,n5801,210,5,2,9
mn-210-5-2-10,n5802,210,5,2,10
mn-210-5-2-11,n5803,210,5,2,11
mn-210-5-2-12,n5804,210,5,2,12
mn-210-5-2-13,n5805,210,5,2,13
mn-210-5-2-14,n5806,210,5,2,14
mn-210-5-2-15,n5807,210,5,2,15
mn-210-5-2-16,n5808,210,5,2,16
mn-210-5-2-17,n5809,210,5,2,17
mn-210-5-2-18,n5810,210,5,2,18
mn-210-5-2-19,n5811,210,5,2,19
mn-210-5-2-20,n5812,210,5,2,20
mn-210-5-2-21,n5813,210,5,2,21
mn-210-5-2-22,n5814,210,5,2,22
mn-210-5-2-23,n5815,210,5,2,23
mn-210-5-2-24,n5816,210,5,2,24
mn-211-1-1-1,n5817,211,1,1,1
mn-211-1-1-2,n5818,211,1,1,2
mn-211-1-1-3,n5819,211,1,1,3
mn-211-1-1-4,n5820,211,1,1,4
mn-211-1-1-5,n5821,211,1,1,5
mn-211-1-1-6,n5822,211,1,1,6
mn-211-1-1-7,n5823,211,1,1,7
mn-211-1-1-8,n5824,211,1,1,8
mn-211-5-2-1,n5825,211,5,2,1
mn-211-5-2-2,n5826,211,5,2,2
mn-211-5-2-3,n5827,211,5,2,3
mn-211-5-2-4,n5828,211,5,2,4
mn-211-5-2-5,n5829,211,5,2,5
mn-211-5-2-6,n5830,211,5,2,6
mn-211-5-2-7,n5831,211,5,2,7
mn-211-5-2-8,n5832,211,5,2,8
mn-211-5-2-9,n5833,211,5,2,9
mn-211-5-2-10,n5834,211,5,2,10
mn-211-5-2-11,n5835,211,5,2,11
mn-211-5-2-12,n5836,211,5,2,12
mn-211-5-2-13,n5837,211,5,2,13
mn-211-5-2-14,n5838,211,5,2,14
mn-211-5-2-15,n5839,211,5,2,15
mn-211-5-2-16,n5840,211,5,2,16
mn-211-5-2-17,n5841,211,5,2,17
mn-211-5-2-18,n5842,211,5,2,18
mn-211-5-2-19,n5843,211,5,2,19
mn-211-5-2-20,n5844,211,5,2,20
mn-211-5-2-21,n5845,211,5,2,21
mn-211-5-2-22,n5846,211,5,2,22
mn-211-5-2-23,n5847,211,5,2,23
mn-211-5-2-24,n5848,211,5,2,24
mn-212-1-1-1,n5849,212,1,1,1
mn-212-1-1-2,n5850,212,1,1,2
mn-212-1-1-3,n5851,212,1,1,3
mn-212-1-1-4,n5852,212,1,1,4
mn-212-1-1-5,n5853,212,1,1,5
mn-212-5-2-1,n5854,212,5,2,1
mn-212-5-2-2,n5855,212,5,2,2
mn-212-5-2-3,n5856,212,5,2,3
mn-212-5-2-4,n5857,212,5,2,4
mn-212-5-2-5,n5858,212,5,2,5
mn-212-5-2-6,n5859,212,5,2,6
mn-212-5-2-7,n5860,212,5,2,7
mn-212-5-2-8,n5861,212,5,2,8
mn-212-5-2-9,n5862,212,5,2,9
mn-212-5-2-10,n5863,212,5,2,10
mn-212-5-2-11,n5864,212,5,2,11
mn-212-5-2-12,n5865,212,5,2,12
mn-212-5-2-13,n5866,212,5,2,13
mn-212-5-2-14,n5867,212,5,2,14
mn-212-5-2-15,n5868,212,5,2,15
mn-212-5-2-16,n5869,212,5,2,16
mn-212-5-2-17,n5870,212,5,2,17
mn-212-5-2-18,n5871,212,5,2,18
mn-212-5-2-19,n5872,212,5,2,19
mn-212-5-2-20,n5873,212,5,2,20
mn-212-5-2-21,n5874,212,5,2,21
mn-212-5-2-22,n5875,212,5,2,22
mn-213-1-1-1,n5876,213,1,1,1
mn-213-1-1-2,n5877,213,1,1,2
mn-213-1-1-3,n5878,213,1,1,3
mn-213-1-1-4,n5879,213,1,1,4
mn-213-1-1-5,n5880,213,1,1,5
mn-213-1-1-6,n5881,213,1,1,6
mn-213-1-1-7,n5882,213,1,1,7
mn-213-1-1-8,n5883,213,1,1,8
mn-213-5-2-1,n5884,213,5,2,1
mn-213-5-2-2,n5885,213,5,2,2
mn-213-5-2-3,n5886,213,5,2,3
mn-213-5-2-4,n5887,213,5,2,4
mn-213-5-2-5,n5888,213,5,2,5
mn-213-5-2-6,n5889,213,5,2,6
mn-213-5-2-7,n5890,213,5,2,7
mn-213-5-2-8,n5891,213,5,2,8
mn-213-5-2-9,n5892,213,5,2,9
mn-213-5-2-10,n5893,213,5,2,10
mn-213-5-2-11,n5894,213,5,2,11
mn-213-5-2-12,n5895,213,5,2,12
mn-213-5-2-13,n5896,213,5,2,13
mn-213-5-2-14,n5897,213,5,2,14
mn-213-5-2-15,n5898,213,5,2,15
mn-213-5-2-16,n5899,213,5,2,16
mn-213-5-2-17,n5900,213,5,2,17
mn-213-5-2-18,n5901,213,5,2,18
mn-213-5-2-19,n5902,213,5,2,19
mn-213-5-2-20,n5903,213,5,2,20
mn-213-5-2-21,n5904,213,5,2,21
mn-213-5-2-22,n5905,213,5,2,22
mn-213-5-2-23,n5906,213,5,2,23
mn-213-5-2-24,n5907,213,5,2,24
mn-214-1-1-1,n5908,214,1,1,1
mn-214-1-1-2,n5909,214,1,1,2
mn-214-1-1-3,n5910,214,1,1,3
mn-214-1-1-4,n5911,214,1,1,4
mn-214-1-1-5,n5912,214,1,1,5
mn-214-5-2-1,n5913,214,5,2,1
mn-214-5-2-2,n5914,214,5,2,2
mn-214-5-2-3,n5915,214,5,2,3
mn-214-5-2-4,n5916,214,5,2,4
mn-214-5-2-5,n5917,214,5,2,5
mn-214-5-2-6,n5918,214,5,2,6
mn-214-5-2-7,n5919,214,5,2,7
mn-214-5-2-8,n5920,214,5,2,8
mn-214-5-2-9,n5921,214,5,2,9
mn-214-5-2-10,n5922,214,5,2,10
mn-214-5-2-11,n5923,214,5,2,11
mn-214-5-2-12,n5924,214,5,2,12
mn-214-5-2-13,n5925,214,5,2,13
mn-214-5-2-14,n5926,214,5,2,14
mn-214-5-2-15,n5927,214,5,2,15
mn-214-5-2-16,n5928,214,5,2,16
mn-214-5-2-17,n5929,214,5,2,17
mn-214-5-2-18,n5930,214,5,2,18
mn-214-5-2-19,n5931,214,5,2,19
mn-214-5-2-20,n5932,214,5,2,20
mn-214-5-2-21,n5933,214,5,2,21
mn-214-5-2-22,n5934,214,5,2,22
mn-214-5-2-23,n5935,214,5,2,23
mn-214-5-2-24,n5936,214,5,2,24
mn-215-1-1-1,n5937,215,1,1,1
mn-215-1-1-2,n5938,215,1,1,2
mn-215-1-1-3,n5939,215,1,1,3
mn-215-1-1-4,n5940,215,1,1,4
mn-215-1-1-5,n5941,215,1,1,5
mn-215-1-1-6,n5942,215,1,1,6
mn-215-1-1-7,n5943,215,1,1,7
mn-215-1-1-8,n5944,215,1,1,8
mn-215-5-2-1,n5945,215,5,2,1
mn-215-5-2-2,n5946,215,5,2,2
mn-215-5-2-3,n5947,215,5,2,3
mn-215-5-2-4,n5948,215,5,2,4
mn-215-5-2-5,n5949,215,5,2,5
mn-215-5-2-6,n5950,215,5,2,6
mn-215-5-2-7,n5951,215,5,2,7
mn-215-5-2-8,n5952,215,5,2,8
mn-215-5-2-9,n5953,215,5,2,9
mn-215-5-2-10,n5954,215,5,2,10
mn-215-5-2-11,n5955,215,5,2,11
mn-215-5-2-12,n5956,215,5,2,12
mn-215-5-2-13,n5957,215,5,2,13
mn-215-5-2-14,n5958,215,5,2,14
mn-215-5-2-15,n5959,215,5,2,15
mn-215-5-2-16,n5960,215,5,2,16
mn-215-5-2-17,n5961,215,5,2,17
mn-215-5-2-18,n5962,215,5,2,18
mn-215-5-2-19,n5963,215,5,2,19
mn-215-5-2-20,n5964,215,5,2,20
mn-215-5-2-21,n5965,215,5,2,21
mn-215-5-2-22,n5966,215,5,2,22
mn-215-5-2-23,n5967,215,5,2,23
mn-215-5-2-24,n5968,215,5,2,24
mn-216-1-1-1,n5969,216,1,1,1
mn-216-1-1-2,n5970,216,1,1,2
mn-216-1-1-3,n5971,216,1,1,3
mn-216-1-1-4,n5972,216,1,1,4
mn-216-1-1-5,n5973,216,1,1,5
mn-216-1-1-6,n5974,216,1,1,6
mn-216-1-1-7,n5975,216,1,1,7
mn-216-1-1-8,n5976,216,1,1,8
mn-216-1-1-9,n5977,216,1,1,9
mn-216-1-1-10,n5978,216,1,1,10
mn-216-5-2-1,n5979,216,5,2,1
mn-216-5-2-2,n5980,216,5,2,2
mn-216-5-2-3,n5981,216,5,2,3
mn-216-5-2-4,n5982,216,5,2,4
mn-216-5-2-5,n5983,216,5,2,5
mn-216-5-2-6,n5984,216,5,2,6
mn-216-5-2-7,n5985,216,5,2,7
mn-216-5-2-8,n5986,216,5,2,8
mn-216-5-2-9,n5987,216,5,2,9
mn-216-5-2-10,n5988,216,5,2,10
mn-216-5-2-11,n5989,216,5,2,11
mn-216-5-2-12,n5990,216,5,2,12
mn-216-5-2-13,n5991,216,5,2,13
mn-216-5-2-14,n5992,216,5,2,14
mn-216-5-2-15,n5993,216,5,2,15
mn-216-5-2-16,n5994,216,5,2,16
mn-216-5-2-17,n5995,216,5,2,17
mn-216-5-2-18,n5996,216,5,2,18
mn-216-5-2-19,n5997,216,5,2,19
mn-216-5-2-20,n5998,216,5,2,20
mn-216-5-2-21,n5999,216,5,2,21
mn-216-5-2-22,n6000,216,5,2,22
mn-216-5-2-23,n6001,216,5,2,23
mn-216-5-2-24,n6002,216,5,2,24
mn-217-1-1-1,n6003,217,1,1,1
mn-217-1-1-2,n6004,217,1,1,2
mn-217-1-1-3,n6005,217,1,1,3
mn-217-1-1-4,n6006,217,1,1,4
mn-217-1-1-5,n6007,217,1,1,5
mn-217-1-1-6,n6008,217,1,1,6
mn-217-1-1-7,n6009,217,1,1,7
mn-217-1-1-8,n6010,217,1,1,8
mn-217-1-1-9,n6011,217,1,1,9
mn-217-1-1-10,n6012,217,1,1,10
mn-217-5-2-1,n6013,217,5,2,1
mn-217-5-2-2,n6014,217,5,2,2
mn-217-5-2-3,n6015,217,5,2,3
mn-217-5-2-4,n6016,217,5,2,4
mn-217-5-2-5,n6017,217,5,2,5
mn-217-5-2-6,n6018,217,5,2,6
mn-217-5-2-7,n6019,217,5,2,7
mn-217-5-2-8,n6020,217,5,2,8
mn-217-5-2-9,n6021,217,5,2,9
mn-217-5-2-10,n6022,217,5,2,10
mn-217-5-2-11,n6023,217,5,2,11
mn-217-5-2-12,n6024,217,5,2,12
mn-217-5-2-13,n6025,217,5,2,13
mn-217-5-2-14,n6026,217,5,2,14
mn-217-5-2-15,n6027,217,5,2,15
mn-217-5-2-16,n6028,217,5,2,16
mn-217-5-2-17,n6029,217,5,2,17
mn-217-5-2-18,n6030,217,5,2,18
mn-217-5-2-19,n6031,217,5,2,19
mn-217-5-2-20,n6032,217,5,2,20
mn-217-5-2-21,n6033,217,5,2,21
mn-217-5-2-22,n6034,217,5,2,22
mn-217-5-2-23,n6035,217,5,2,23
mn-217-5-2-24,n6036,217,5,2,24
mn-218-1-1-1,n6037,218,1,1,1
mn-218-1-1-2,n6038,218,1,1,2
mn-218-1-1-3,n6039,218,1,1,3
mn-218-1-1-4,n6040,218,1,1,4
mn-218-1-1-5,n6041,218,1,1,5
mn-218-1-1-6,n6042,218,1,1,6
mn-218-1-1-7,n6043,218,1,1,7
mn-218-1-1-8,n6044,218,1,1,8
mn-218-1-1-9,n6045,218,1,1,9
mn-218-1-1-10,n6046,218,1,1,10
mn-218-1-1-11,n6047,218,1,1,11
mn-218-1-1-12,n6048,218,1,1,12
mn-218-1-1-13,n6049,218,1,1,13
mn-218-1-1-14,n6050,218,1,1,14
mn-218-1-1-15,n6051,218,1,1,15
mn-218-1-1-16,n6052,218,1,1,16
mn-218-1-1-17,n6053,218,1,1,17
mn-218-1-1-18,n6054,218,1,1,18
mn-218-1-1-19,n6055,218,1,1,19
mn-218-1-1-20,n6056,218,1,1,20
mn-218-5-2-1,n6057,218,5,2,1
mn-218-5-2-2,n6058,218,5,2,2
mn-218-5-2-3,n6059,218,5,2,3
mn-218-5-2-4,n6060,218,5,2,4
mn-218-5-2-5,n6061,218,5,2,5
mn-218-5-2-6,n6062,218,5,2,6
mn-218-5-2-7,n6063,218,5,2,7
mn-218-5-2-8,n6064,218,5,2,8
mn-218-5-2-9,n6065,218,5,2,9
mn-218-5-2-10,n6066,218,5,2,10
mn-218-5-2-11,n6067,218,5,2,11
mn-218-5-2-12,n6068,218,5,2,12
mn-218-5-2-13,n6069,218,5,2,13
mn-218-5-2-14,n6070,218,5,2,14
mn-218-5-2-15,n6071,218,5,2,15
mn-218-5-2-16,n6072,218,5,2,16
mn-218-5-2-17,n6073,218,5,2,17
mn-219-1-1-1,n6074,219,1,1,1
mn-219-1-1-2,n6075,219,1,1,2
mn-219-1-1-3,n6076,219,1,1,3
mn-219-1-1-4,n6077,219,1,1,4
mn-219-1-1-5,n6078,219,1,1,5
mn-219-1-1-6,n6079,219,1,1,6
mn-219-1-1-7,n6080,219,1,1,7
mn-219-1-1-8,n6081,219,1,1,8
mn-219-1-1-9,n6082,219,1,1,9
mn-219-1-1-10,n6083,219,1,1,10
mn-219-1-1-11,n6084,219,1,1,11
mn-219-1-1-12,n6085,219,1,1,12
mn-219-1-1-13,n6086,219,1,1,13
mn-219-1-1-14,n6087,219,1,1,14
mn-219-1-1-15,n6088,219,1,1,15
mn-219-1-1-16,n6089,219,1,1,16
mn-219-1-1-17,n6090,219,1,1,17
mn-219-1-1-18,n6091,219,1,1,18
mn-219-1-1-19,n6092,219,1,1,19
mn-219-5-2-1,n6093,219,5,2,1
mn-219-5-2-2,n6094,219,5,2,2
mn-219-5-2-3,n6095,219,5,2,3
mn-219-5-2-4,n6096,219,5,2,4
mn-219-5-2-5,n6097,219,5,2,5
mn-219-5-2-6,n6098,219,5,2,6
mn-219-5-2-7,n6099,219,5,2,7
mn-219-5-2-8,n6100,219,5,2,8
mn-219-5-2-9,n6101,219,5,2,9
mn-219-5-2-10,n6102,219,5,2,10
mn-219-5-2-11,n6103,219,5,2,11
mn-219-5-2-12,n6104,219,5,2,12
mn-219-5-2-13,n6105,219,5,2,13
mn-219-5-2-14,n6106,219,5,2,14
mn-219-5-2-15,n6107,219,5,2,15
mn-220-1-1-1,n6108,220,1,1,1
mn-220-1-1-2,n6109,220,1,1,2
mn-220-1-1-3,n6110,220,1,1,3
mn-220-1-1-4,n6111,220,1,1,4
mn-220-1-1-5,n6112,220,1,1,5
mn-220-1-1-6,n6113,220,1,1,6
mn-220-1-1-7,n6114,220,1,1,7
mn-220-1-1-8,n6115,220,1,1,8
mn-220-1-1-9,n6116,220,1,1,9
mn-220-1-1-10,n6117,220,1,1,10
mn-220-1-1-11,n6118,220,1,1,11
mn-220-1-1-12,n6119,220,1,1,12
mn-220-1-1-13,n6120,220,1,1,13
mn-220-1-1-14,n6121,220,1,1,14
mn-220-1-1-15,n6122,220,1,1,15
mn-220-1-1-16,n6123,220,1,1,16
mn-220-1-1-17,n6124,220,1,1,17
mn-220-1-1-18,n6125,220,1,1,18
mn-220-1-1-19,n6126,220,1,1,19
mn-220-1-1-20,n6127,220,1,1,20
mn-220-5-2-1,n6128,220,5,2,1
mn-220-5-2-2,n6129,220,5,2,2
mn-220-5-2-3,n6130,220,5,2,3
mn-220-5-2-4,n6131,220,5,2,4
mn-220-5-2-5,n6132,220,5,2,5
mn-220-5-2-6,n6133,220,5,2,6
mn-220-5-2-7,n6134,220,5,2,7
mn-220-5-2-8,n6135,220,5,2,8
mn-220-5-2-9,n6136,220,5,2,9
mn-220-5-2-10,n6137,220,5,2,10
mn-220-5-2-11,n6138,220,5,2,11
mn-220-5-2-12,n6139,220,5,2,12
mn-220-5-2-13,n6140,220,5,2,13
mn-220-5-2-14,n6141,220,5,2,14
mn-220-5-2-15,n6142,220,5,2,15
mn-220-5-2-16,n6143,220,5,2,16
mn-220-5-2-17,n6144,220,5,2,17
mn-221-1-1-1,n6145,221,1,1,1
mn-221-1-1-2,n6146,221,1,1,2
mn-221-1-1-3,n6147,221,1,1,3
mn-221-1-1-4,n6148,221,1,1,4
mn-221-1-1-5,n6149,221,1,1,5
mn-221-1-1-6,n6150,221,1,1,6
mn-221-1-1-7,n6151,221,1,1,7
mn-221-1-1-8,n6152,221,1,1,8
mn-221-1-1-9,n6153,221,1,1,9
mn-221-1-1-10,n6154,221,1,1,10
mn-221-1-1-11,n6155,221,1,1,11
mn-221-1-1-12,n6156,221,1,1,12
mn-221-1-1-13,n6157,221,1,1,13
mn-221-1-1-14,n6158,221,1,1,14
mn-221-1-1-15,n6159,221,1,1,15
mn-221-1-1-16,n6160,221,1,1,16
mn-221-1-1-17,n6161,221,1,1,17
mn-221-1-1-18,n6162,221,1,1,18
mn-221-1-1-19,n6163,221,1,1,19
mn-221-5-2-1,n6164,221,5,2,1
mn-221-5-2-2,n6165,221,5,2,2
mn-221-5-2-3,n6166,221,5,2,3
mn-221-5-2-4,n6167,221,5,2,4
mn-221-5-2-5,n6168,221,5,2,5
mn-221-5-2-6,n6169,221,5,2,6
mn-221-5-2-7,n6170,221,5,2,7
mn-221-5-2-8,n6171,221,5,2,8
mn-221-5-2-9,n6172,221,5,2,9
mn-221-5-2-10,n6173,221,5,2,10
mn-221-5-2-11,n6174,221,5,2,11
mn-221-5-2-12,n6175,221,5,2,12
mn-221-5-2-13,n6176,221,5,2,13
mn-221-5-2-14,n6177,221,5,2,14
mn-221-5-2-15,n6178,221,5,2,15
mn-222-1-1-1,n6179,222,1,1,1
mn-222-1-1-2,n6180,222,1,1,2
mn-222-1-1-3,n6181,222,1,1,3
mn-222-1-1-4,n6182,222,1,1,4
mn-222-1-1-5,n6183,222,1,1,5
mn-222-1-1-6,n6184,222,1,1,6
mn-222-1-1-7,n6185,222,1,1,7
mn-222-1-1-8,n6186,222,1,1,8
mn-222-1-1-9,n6187,222,1,1,9
mn-222-1-1-10,n6188,222,1,1,10
mn-222-1-1-11,n6189,222,1,1,11
mn-222-1-1-12,n6190,222,1,1,12
mn-222-1-1-13,n6191,222,1,1,13
mn-222-1-1-14,n6192,222,1,1,14
mn-222-1-1-15,n6193,222,1,1,15
mn-222-1-1-16,n6194,222,1,1,16
mn-222-1-1-17,n6195,222,1,1,17
mn-222-1-1-18,n6196,222,1,1,18
mn-222-5-2-1,n6197,222,5,2,1
mn-222-5-2-2,n6198,222,5,2,2
mn-222-5-2-3,n6199,222,5,2,3
mn-222-5-2-4,n6200,222,5,2,4
mn-222-5-2-5,n6201,222,5,2,5
mn-222-5-2-6,n6202,222,5,2,6
mn-222-5-2-7,n6203,222,5,2,7
mn-222-5-2-8,n6204,222,5,2,8
mn-222-5-2-9,n6205,222,5,2,9
mn-222-5-2-10,n6206,222,5,2,10
mn-222-5-2-11,n6207,222,5,2,11
mn-222-5-2-12,n6208,222,5,2,12
mn-222-5-2-13,n6209,222,5,2,13
mn-222-5-2-14,n6210,222,5,2,14
mn-222-5-2-15,n6211,222,5,2,15
mn-222-5-2-16,n6212,222,5,2,16
mn-223-1-1-1,n6213,223,1,1,1
mn-223-1-1-2,n6214,223,1,1,2
mn-223-1-1-3,n6215,223,1,1,3
mn-223-1-1-4,n6216,223,1,1,4
mn-223-1-1-5,n6217,223,1,1,5
mn-223-1-1-6,n6218,223,1,1,6
mn-223-1-1-7,n6219,223,1,1,7
mn-223-1-1-8,n6220,223,1,1,8
mn-223-1-1-9,n6221,223,1,1,9
mn-223-1-1-10,n6222,223,1,1,10
mn-223-1-1-11,n6223,223,1,1,11
mn-223-1-1-12,n6224,223,1,1,12
mn-223-1-1-13,n6225,223,1,1,13
mn-223-1-1-14,n6226,223,1,1,14
mn-223-1-1-15,n6227,223,1,1,15
mn-223-1-1-16,n6228,223,1,1,16
mn-223-1-1-17,n6229,223,1,1,17
mn-223-1-1-18,n6230,223,1,1,18
mn-223-5-2-1,n6231,223,5,2,1
mn-223-5-2-2,n6232,223,5,2,2
mn-223-5-2-3,n6233,223,5,2,3
mn-223-5-2-4,n6234,223,5,2,4
mn-223-5-2-5,n6235,223,5,2,5
mn-223-5-2-6,n6236,223,5,2,6
mn-223-5-2-7,n6237,223,5,2,7
mn-223-5-2-8,n6238,223,5,2,8
mn-223-5-2-9,n6239,223,5,2,9
mn-223-5-2-10,n6240,223,5,2,10
mn-223-5-2-11,n6241,223,5,2,11
mn-223-5-2-12,n6242,223,5,2,12
mn-223-5-2-13,n6243,223,5,2,13
mn-223-5-2-14,n6244,223,5,2,14
mn-223-5-2-15,n6245,223,5,2,15
mn-223-5-2-16,n6246,223,5,2,16
mn-224-1-1-1,n6247,224,1,1,1
mn-224-1-1-2,n6248,224,1,1,2
mn-224-1-1-3,n6249,224,1,1,3
mn-224-1-1-4,n6250,224,1,1,4
mn-224-1-1-5,n6251,224,1,1,5
mn-224-1-1-6,n6252,224,1,1,6
mn-224-1-1-7,n6253,224,1,1,7
mn-224-1-1-8,n6254,224,1,1,8
mn-224-1-1-9,n6255,224,1,1,9
mn-224-1-1-10,n6256,224,1,1,10
mn-224-1-1-11,n6257,224,1,1,11
mn-224-1-1-12,n6258,224,1,1,12
mn-224-1-1-13,n6259,224,1,1,13
mn-224-1-1-14,n6260,224,1,1,14
mn-224-1-1-15,n6261,224,1,1,15
mn-224-1-1-16,n6262,224,1,1,16
mn-224-1-1-17,n6263,224,1,1,17
mn-224-1-1-18,n6264,224,1,1,18
mn-224-1-1-19,n6265,224,1,1,19
mn-224-1-1-20,n6266,224,1,1,20
mn-224-5-2-1,n6267,224,5,2,1
mn-224-5-2-2,n6268,224,5,2,2
mn-224-5-2-3,n6269,224,5,2,3
mn-224-5-2-4,n6270,224,5,2,4
mn-224-5-2-5,n6271,224,5,2,5
mn-224-5-2-6,n6272,224,5,2,6
mn-224-5-2-7,n6273,224,5,2,7
mn-224-5-2-8,n6274,224,5,2,8
mn-224-5-2-9,n6275,224,5,2,9
mn-224-5-2-10,n6276,224,5,2,10
mn-224-5-2-11,n6277,224,5,2,11
mn-224-5-2-12,n6278,224,5,2,12
mn-224-5-2-13,n6279,224,5,2,13
mn-224-5-2-14,n6280,224,5,2,14
mn-224-5-2-15,n6281,224,5,2,15
mn-224-5-2-16,n6282,224,5,2,16
mn-225-1-1-1,n6283,225,1,1,1
mn-225-1-1-2,n6284,225,1,1,2
mn-225-1-1-3,n6285,225,1,1,3
mn-225-1-1-4,n6286,225,1,1,4
mn-225-1-1-5,n6287,225,1,1,5
mn-225-1-1-6,n6288,225,1,1,6
mn-225-1-1-7,n6289,225,1,1,7
mn-225-1-1-8,n6290,225,1,1,8
mn-225-1-1-9,n6291,225,1,1,9
mn-225-1-1-10,n6292,225,1,1,10
mn-225-1-1-11,n6293,225,1,1,11
mn-225-1-1-12,n6294,225,1,1,12
mn-225-1-1-13,n6295,225,1,1,13
mn-225-1-1-14,n6296,225,1,1,14
mn-225-1-1-15,n6297,225,1,1,15
mn-225-1-1-16,n6298,225,1,1,16
mn-225-1-1-17,n6299,225,1,1,17
mn-225-1-1-18,n6300,225,1,1,18
mn-225-1-1-19,n6301,225,1,1,19
mn-225-1-1-20,n6302,225,1,1,20
mn-225-5-2-1,n6303,225,5,2,1
mn-225-5-2-2,n6304,225,5,2,2
mn-225-5-2-3,n6305,225,5,2,3
mn-225-5-2-4,n6306,225,5,2,4
mn-225-5-2-5,n6307,225,5,2,5
mn-225-5-2-6,n6308,225,5,2,6
mn-225-5-2-7,n6309,225,5,2,7
mn-225-5-2-8,n6310,225,5,2,8
mn-225-5-2-9,n6311,225,5,2,9
mn-225-5-2-10,n6312,225,5,2,10
mn-225-5-2-11,n6313,225,5,2,11
mn-225-5-2-12,n6314,225,5,2,12
mn-225-5-2-13,n6315,225,5,2,13
mn-225-5-2-14,n6316,225,5,2,14
mn-225-5-2-15,n6317,225,5,2,15
mn-225-5-2-16,n6318,225,5,2,16
mn-226-1-1-1,n6319,226,1,1,1
mn-226-1-1-2,n6320,226,1,1,2
mn-226-1-1-3,n6321,226,1,1,3
mn-226-1-1-4,n6322,226,1,1,4
mn-226-1-1-5,n6323,226,1,1,5
mn-226-1-1-6,n6324,226,1,1,6
mn-226-1-1-7,n6325,226,1,1,7
mn-226-1-1-8,n6326,226,1,1,8
mn-226-1-1-9,n6327,226,1,1,9
mn-226-1-1-10,n6328,226,1,1,10
mn-226-1-1-11,n6329,226,1,1,11
mn-226-1-1-12,n6330,226,1,1,12
mn-226-1-1-13,n6331,226,1,1,13
mn-226-1-1-14,n6332,226,1,1,14
mn-226-1-1-15,n6333,226,1,1,15
mn-226-1-1-16,n6334,226,1,1,16
mn-226-1-1-17,n6335,226,1,1,17
mn-226-1-1-18,n6336,226,1,1,18
mn-226-1-1-19,n6337,226,1,1,19
mn-226-1-1-20,n6338,226,1,1,20
mn-226-5-2-1,n6339,226,5,2,1
mn-226-5-2-2,n6340,226,5,2,2
mn-226-5-2-3,n6341,226,5,2,3
mn-226-5-2-4,n6342,226,5,2,4
mn-226-5-2-5,n6343,226,5,2,5
mn-226-5-2-6,n6344,226,5,2,6
mn-226-5-2-7,n6345,226,5,2,7
mn-226-5-2-8,n6346,226,5,2,8
mn-226-5-2-9,n6347,226,5,2,9
mn-226-5-2-10,n6348,226,5,2,10
mn-226-5-2-11,n6349,226,5,2,11
mn-226-5-2-12,n6350,226,5,2,12
mn-226-5-2-13,n6351,226,5,2,13
mn-226-5-2-14,n6352,226,5,2,14
mn-226-5-2-15,n6353,226,5,2,15
mn-226-5-2-16,n6354,226,5,2,16
mn-227-1-1-1,n6355,227,1,1,1
mn-227-1-1-2,n6356,227,1,1,2
mn-227-1-1-3,n6357,227,1,1,3
mn-227-1-1-4,n6358,227,1,1,4
mn-227-1-1-5,n6359,227,1,1,5
mn-227-1-1-6,n6360,227,1,1,6
mn-227-1-1-7,n6361,227,1,1,7
mn-227-1-1-8,n6362,227,1,1,8
mn-227-1-1-9,n6363,227,1,1,9
mn-227-1-1-10,n6364,227,1,1,10
mn-227-1-1-11,n6365,227,1,1,11
mn-227-1-1-12,n6366,227,1,1,12
mn-227-1-1-13,n6367,227,1,1,13
mn-227-1-1-14,n6368,227,1,1,14
mn-227-1-1-15,n6369,227,1,1,15
mn-227-1-1-16,n6370,227,1,1,16
mn-227-1-1-17,n6371,227,1,1,17
mn-227-1-1-18,n6372,227,1,1,18
mn-227-1-1-19,n6373,227,1,1,19
mn-227-1-2-1,n6374,227,1,2,1
mn-227-1-2-2,n6375,227,1,2,2
mn-227-1-2-3,n6376,227,1,2,3
mn-227-1-2-4,n6377,227,1,2,4
mn-227-5-2-1,n6378,227,5,2,1
mn-227-5-2-2,n6379,227,5,2,2
mn-227-5-2-3,n6380,227,5,2,3
mn-227-5-2-4,n6381,227,5,2,4
mn-227-5-2-5,n6382,227,5,2,5
mn-227-5-2-6,n6383,227,5,2,6
mn-227-5-2-7,n6384,227,5,2,7
mn-227-5-2-8,n6385,227,5,2,8
mn-228-1-2-1,n6386,228,1,2,1
mn-228-1-2-2,n6387,228,1,2,2
mn-228-1-2-3,n6388,228,1,2,3
mn-228-1-2-4,n6389,228,1,2,4
mn-228-1-2-5,n6390,228,1,2,5
mn-228-1-2-6,n6391,228,1,2,6
mn-228-1-1-1,n6392,228,1,1,1
mn-228-1-1-2,n6393,228,1,1,2
mn-228-1-1-3,n6394,228,1,1,3
mn-228-1-1-4,n6395,228,1,1,4
mn-228-1-1-5,n6396,228,1,1,5
mn-228-1-1-6,n6397,228,1,1,6
mn-228-1-1-7,n6398,228,1,1,7
mn-228-1-1-8,n6399,228,1,1,8
mn-228-1-1-9,n6400,228,1,1,9
mn-228-1-1-10,n6401,228,1,1,10
mn-228-1-1-11,n6402,228,1,1,11
mn-228-1-1-12,n6403,228,1,1,12
mn-228-1-1-13,n6404,228,1,1,13
mn-228-1-1-14,n6405,228,1,1,14
mn-228-1-1-15,n6406,228,1,1,15
mn-228-1-1-16,n6407,228,1,1,16
mn-228-1-1-17,n6408,228,1,1,17
mn-228-1-1-18,n6409,228,1,1,18
mn-228-5-2-1,r68,228,5,2,1
mn-229-1-1-1,n6410,229,1,1,1
mn-229-1-1-2,n6411,229,1,1,2
mn-229-1-1-3,n6412,229,1,1,3
mn-229-1-1-4,n6413,229,1,1,4
mn-229-1-1-5,n6414,229,1,1,5
mn-229-1-1-6,n6415,229,1,1,6
mn-229-1-1-7,n6416,229,1,1,7
mn-229-1-1-8,n6417,229,1,1,8
mn-229-1-1-9,n6418,229,1,1,9
mn-229-1-1-10,n6419,229,1,1,10
mn-229-1-1-11,n6420,229,1,1,11
mn-229-1-1-12,n6421,229,1,1,12
mn-229-1-1-13,n6422,229,1,1,13
mn-229-1-1-14,n6423,229,1,1,14
mn-229-1-1-15,n6424,229,1,1,15
mn-229-1-1-16,n6425,229,1,1,16
mn-229-1-1-17,n6426,229,1,1,17
mn-229-1-1-18,n6427,229,1,1,18
mn-229-1-1-19,n6428,229,1,1,19
mn-229-1-1-20,n6429,229,1,1,20
mn-229-1-1-21,n6430,229,1,1,21
mn-229-1-1-22,n6431,229,1,1,22
mn-229-1-1-23,n6432,229,1,1,23
mn-229-5-2-1,n6433,229,5,2,1
mn-229-5-2-2,n6434,229,5,2,2
mn-229-5-2-3,n6435,229,5,2,3
mn-229-5-2-4,n6436,229,5,2,4
mn-229-5-2-5,n6437,229,5,2,5
mn-229-5-2-6,n6438,229,5,2,6
mn-229-5-2-7,n6439,229,5,2,7
mn-229-5-2-8,n6440,229,5,2,8
mn-230-1-1-1,n6441,230,1,1,1
mn-230-1-1-2,n6442,230,1,1,2
mn-230-1-1-3,n6443,230,1,1,3
mn-230-1-2-1,n6444,230,1,2,1
mn-230-1-2-2,n6445,230,1,2,2
mn-230-1-2-3,n6446,230,1,2,3
mn-230-1-2-4,n6447,230,1,2,4
mn-230-1-2-5,n6448,230,1,2,5
mn-230-1-2-6,n6449,230,1,2,6
mn-230-1-2-7,n6450,230,1,2,7
mn-230-1-2-8,n6451,230,1,2,8
mn-230-1-2-9,n6452,230,1,2,9
mn-230-1-1-4,n6453,230,1,1,4
mn-230-1-1-5,n6454,230,1,1,5
mn-230-1-1-6,n6455,230,1,1,6
mn-230-1-1-7,n6456,230,1,1,7
mn-230-1-1-8,n6457,230,1,1,8
mn-230-1-1-9,n6458,230,1,1,9
mn-230-1-1-10,n6459,230,1,1,10
mn-230-1-1-11,n6460,230,1,1,11
mn-230-1-1-12,n6461,230,1,1,12
mn-230-1-1-13,n6462,230,1,1,13
mn-230-1-1-14,n6463,230,1,1,14
mn-230-1-1-15,n6464,230,1,1,15
mn-230-5-2-1,r69,230,5,2,1
mn-231-1-1-1,n6465,231,1,1,1
mn-231-1-1-2,n6466,231,1,1,2
mn-231-1-1-3,n6467,231,1,1,3
mn-231-1-1-4,n6468,231,1,1,4
mn-231-1-1-5,n6469,231,1,1,5
mn-231-1-1-6,n6470,231,1,1,6
mn-231-1-1-7,n6471,231,1,1,7
mn-231-1-1-8,n6472,231,1,1,8
mn-231-1-1-9,n6473,231,1,1,9
mn-231-1-1-10,n6474,231,1,1,10
mn-231-1-1-11,n6475,231,1,1,11
mn-231-1-1-12,n6476,231,1,1,12
mn-231-1-1-13,n6477,231,1,1,13
mn-231-1-1-14,n6478,231,1,1,14
mn-231-1-1-15,n6479,231,1,1,15
mn-231-1-1-16,n6480,231,1,1,16
mn-231-1-1-17,n6481,231,1,1,17
mn-231-1-1-18,n6482,231,1,1,18
mn-231-1-1-19,n6483,231,1,1,19
mn-231-1-2-1,n6484,231,1,2,1
mn-231-1-2-2,n6485,231,1,2,2
mn-231-1-2-3,n6486,231,1,2,3
mn-231-1-2-4,n6487,231,1,2,4
mn-231-5-2-1,n6488,231,5,2,1
mn-231-5-2-2,n6489,231,5,2,2
mn-231-5-2-3,n6490,231,5,2,3
mn-231-5-2-4,n6491,231,5,2,4
mn-231-5-2-5,n6492,231,5,2,5
mn-231-5-2-6,n6493,231,5,2,6
mn-232-1-2-1,n6494,232,1,2,1
mn-232-1-2-2,n6495,232,1,2,2
mn-232-1-2-3,n6496,232,1,2,3
mn-232-1-2-4,n6497,232,1,2,4
mn-232-1-2-5,n6498,232,1,2,5
mn-232-1-2-6,n6499,232,1,2,6
mn-232-1-2-7,n6500,232,1,2,7
mn-232-1-2-8,n6501,232,1,2,8
mn-232-1-2-9,n6502,232,1,2,9
mn-232-1-2-10,n6503,232,1,2,10
mn-232-1-2-11,n6504,232,1,2,11
mn-232-1-2-12,n6505,232,1,2,12
mn-232-1-1-1,n6506,232,1,1,1
mn-232-1-1-2,n6507,232,1,1,2
mn-232-1-1-3,n6508,232,1,1,3
mn-232-1-1-4,n6509,232,1,1,4
mn-232-1-1-5,n6510,232,1,1,5
mn-232-1-1-6,n6511,232,1,1,6
mn-232-1-1-7,n6512,232,1,1,7
mn-232-1-1-8,n6513,232,1,1,8
mn-232-1-1-9,n6514,232,1,1,9
mn-232-1-1-10,n6515,232,1,1,10
mn-232-1-1-11,n6516,232,1,1,11
mn-232-1-1-12,n6517,232,1,1,12
mn-232-5-2-1,r70,232,5,2,1
mn-233-1-1-1,n6518,233,1,1,1
mn-233-1-1-2,n6519,233,1,1,2
mn-233-1-1-3,n6520,233,1,1,3
mn-233-1-1-4,n6521,233,1,1,4
mn-233-1-1-5,n6522,233,1,1,5
mn-233-1-1-6,n6523,233,1,1,6
mn-233-1-1-7,n6524,233,1,1,7
mn-233-1-1-8,n6525,233,1,1,8
mn-233-1-1-9,n6526,233,1,1,9
mn-233-1-1-10,n6527,233,1,1,10
mn-233-1-1-11,n6528,233,1,1,11
mn-233-1-1-12,n6529,233,1,1,12
mn-233-1-1-13,n6530,233,1,1,13
mn-233-1-1-14,n6531,233,1,1,14
mn-233-1-1-15,n6532,233,1,1,15
mn-233-1-2-1,n6533,233,1,2,1
mn-233-1-2-2,n6534,233,1,2,2
mn-233-1-2-3,n6535,233,1,2,3
mn-233-1-2-4,n6536,233,1,2,4
mn-233-1-2-5,n6537,233,1,2,5
mn-233-1-2-6,n6538,233,1,2,6
mn-233-1-2-7,n6539,233,1,2,7
mn-233-1-2-8,n6540,233,1,2,8
mn-233-5-2-1,n6541,233,5,2,1
mn-233-5-2-2,n6542,233,5,2,2
mn-233-5-2-3,n6543,233,5,2,3
mn-233-5-2-4,n6544,233,5,2,4
mn-233-5-2-5,n6545,233,5,2,5
mn-233-5-2-6,n6546,233,5,2,6
mn-233-5-2-7,n6547,233,5,2,7
mn-233-5-2-8,n6548,233,5,2,8
mn-234-1-2-1,n6549,234,1,2,1
mn-234-1-2-2,n6550,234,1,2,2
mn-234-1-2-3,n6551,234,1,2,3
mn-234-1-2-4,n6552,234,1,2,4
mn-234-1-2-5,n6553,234,1,2,5
mn-234-1-2-6,n6554,234,1,2,6
mn-234-1-2-7,n6555,234,1,2,7
mn-234-1-2-8,n6556,234,1,2,8
mn-234-1-1-1,n6557,234,1,1,1
mn-234-1-1-2,n6558,234,1,1,2
mn-234-1-1-3,n6559,234,1,1,3
mn-234-1-1-4,n6560,234,1,1,4
mn-234-1-1-5,n6561,234,1,1,5
mn-234-1-1-6,n6562,234,1,1,6
mn-234-1-1-7,n6563,234,1,1,7
mn-234-1-1-8,n6564,234,1,1,8
mn-234-1-1-9,n6565,234,1,1,9
mn-234-1-1-10,n6566,234,1,1,10
mn-234-1-1-11,n6567,234,1,1,11
mn-234-1-1-12,n6568,234,1,1,12
mn-234-1-1-13,n6569,234,1,1,13
mn-234-1-1-14,n6570,234,1,1,14
mn-234-1-1-15,n6571,234,1,1,15
mn-234-1-1-16,n6572,234,1,1,16
mn-234-5-2-1,r71,234,5,2,1
mn-235-1-1-1,n6573,235,1,1,1
mn-235-1-1-2,n6574,235,1,1,2
mn-235-1-1-3,n6575,235,1,1,3
mn-235-1-1-4,n6576,235,1,1,4
mn-235-1-1-5,n6577,235,1,1,5
mn-235-1-1-6,n6578,235,1,1,6
mn-235-1-1-7,n6579,235,1,1,7
mn-235-1-1-8,n6580,235,1,1,8
mn-235-1-1-9,n6581,235,1,1,9
mn-235-1-1-10,n6582,235,1,1,10
mn-235-1-1-11,n6583,235,1,1,11
mn-235-1-1-12,n6584,235,1,1,12
mn-235-5-2-1,n6585,235,5,2,1
mn-235-5-2-2,n6586,235,5,2,2
mn-235-5-2-3,n6587,235,5,2,3
mn-235-5-2-4,n6588,235,5,2,4
mn-235-5-2-5,n6589,235,5,2,5
mn-235-5-2-6,n6590,235,5,2,6
mn-235-5-2-7,n6591,235,5,2,7
mn-235-5-2-8,n6592,235,5,2,8
mn-235-5-2-9,n6593,235,5,2,9
mn-236-1-1-1,n6594,236,1,1,1
mn-236-1-1-2,n6595,236,1,1,2
mn-236-1-1-3,n6596,236,1,1,3
mn-236-1-1-4,n6597,236,1,1,4
mn-236-1-1-5,n6598,236,1,1,5
mn-236-1-1-6,n6599,236,1,1,6
mn-236-1-1-7,n6600,236,1,1,7
mn-236-1-1-8,n6601,236,1,1,8
mn-236-1-1-9,n6602,236,1,1,9
mn-236-1-1-10,n6603,236,1,1,10
mn-236-1-1-11,n6604,236,1,1,11
mn-236-1-1-12,n6605,236,1,1,12
mn-236-1-1-13,n6606,236,1,1,13
mn-236-5-2-1,n6607,236,5,2,1
mn-236-5-2-2,n6608,236,5,2,2
mn-236-5-2-3,n6609,236,5,2,3
mn-236-5-2-4,n6610,236,5,2,4
mn-236-5-2-5,n6611,236,5,2,5
mn-236-5-2-6,n6612,236,5,2,6
mn-236-5-2-7,n6613,236,5,2,7
mn-236-5-2-8,n6614,236,5,2,8
mn-236-5-2-9,n6615,236,5,2,9
mn-237-1-1-1,n6616,237,1,1,1
mn-237-1-1-2,n6617,237,1,1,2
mn-237-1-1-3,n6618,237,1,1,3
mn-237-1-1-4,n6619,237,1,1,4
mn-237-1-1-5,n6620,237,1,1,5
mn-237-1-1-6,n6621,237,1,1,6
mn-237-5-2-1,n6622,237,5,2,1
mn-237-5-2-2,n6623,237,5,2,2
mn-237-5-2-3,n6624,237,5,2,3
mn-237-5-2-4,n6625,237,5,2,4
mn-237-5-2-5,n6626,237,5,2,5
mn-237-5-2-6,n6627,237,5,2,6
mn-237-5-2-7,n6628,237,5,2,7
mn-237-5-2-8,n6629,237,5,2,8
mn-237-5-2-9,n6630,237,5,2,9
mn-238-1-1-1,n6631,238,1,1,1
mn-238-1-1-2,n6632,238,1,1,2
mn-238-1-1-3,n6633,238,1,1,3
mn-238-1-1-4,n6634,238,1,1,4
mn-238-1-1-5,n6635,238,1,1,5
mn-238-1-1-6,n6636,238,1,1,6
mn-238-1-1-7,n6637,238,1,1,7
mn-238-1-1-8,n6638,238,1,1,8
mn-238-1-1-9,n6639,238,1,1,9
mn-238-1-1-10,n6640,238,1,1,10
mn-238-1-1-11,n6641,238,1,1,11
mn-238-1-1-12,n6642,238,1,1,12
mn-238-1-1-13,n6643,238,1,1,13
mn-238-1-1-14,n6644,238,1,1,14
mn-238-5-2-1,n6645,238,5,2,1
mn-238-5-2-2,n6646,238,5,2,2
mn-238-5-2-3,n6647,238,5,2,3
mn-238-5-2-4,n6648,238,5,2,4
mn-238-5-2-5,n6649,238,5,2,5
mn-239-1-1-1,n6650,239,1,1,1
mn-239-1-1-2,n6651,239,1,1,2
mn-239-1-1-3,n6652,239,1,1,3
mn-239-1-1-4,n6653,239,1,1,4
mn-239-1-1-5,n6654,239,1,1,5
mn-239-1-1-6,n6655,239,1,1,6
mn-239-1-1-7,n6656,239,1,1,7
mn-239-1-1-8,n6657,239,1,1,8
mn-239-1-1-9,n6658,239,1,1,9
mn-239-1-1-10,n6659,239,1,1,10
mn-239-1-1-11,n6660,239,1,1,11
mn-239-1-1-12,n6661,239,1,1,12
mn-239-1-1-13,n6662,239,1,1,13
mn-239-1-1-14,n6663,239,1,1,14
mn-239-1-1-15,n6664,239,1,1,15
mn-239-5-2-1,n6665,239,5,2,1
mn-239-5-2-2,n6666,239,5,2,2
mn-239-5-2-3,n6667,239,5,2,3
mn-239-5-2-4,n6668,239,5,2,4
mn-239-5-2-5,n6669,239,5,2,5
mn-239-5-2-6,n6670,239,5,2,6
mn-240-1-1-1,n6671,240,1,1,1
mn-240-1-1-2,n6672,240,1,1,2
mn-240-1-1-3,n6673,240,1,1,3
mn-240-1-1-4,n6674,240,1,1,4
mn-240-1-1-5,n6675,240,1,1,5
mn-240-1-1-6,n6676,240,1,1,6
mn-240-1-1-7,n6677,240,1,1,7
mn-240-1-1-8,n6678,240,1,1,8
mn-240-1-1-9,n6679,240,1,1,9
mn-240-1-1-10,n6680,240,1,1,10
mn-240-1-1-11,n6681,240,1,1,11
mn-240-1-1-12,n6682,240,1,1,12
mn-240-5-2-1,n6683,240,5,2,1
mn-240-5-2-2,n6684,240,5,2,2
mn-240-5-2-3,n6685,240,5,2,3
mn-240-5-2-4,n6686,240,5,2,4
mn-240-5-2-5,n6687,240,5,2,5
mn-240-5-2-6,n6688,240,5,2,6
mn-240-5-2-7,n6689,240,5,2,7
mn-240-5-2-8,n6690,240,5,2,8
mn-240-5-2-9,n6691,240,5,2,9
mn-240-5-2-10,n6692,240,5,2,10
mn-240-5-2-11,n6693,240,5,2,11
mn-240-5-2-12,n6694,240,5,2,12
mn-240-5-2-13,n6695,240,5,2,13
mn-240-5-2-14,n6696,240,5,2,14
mn-240-5-2-15,n6697,240,5,2,15
mn-240-5-2-16,n6698,240,5,2,16
mn-240-5-2-17,n6699,240,5,2,17
mn-240-5-2-18,n6700,240,5,2,18
mn-240-5-2-19,n6701,240,5,2,19
mn-241-1-1-1,n6702,241,1,1,1
mn-241-1-1-2,n6703,241,1,1,2
mn-241-1-1-3,n6704,241,1,1,3
mn-241-1-1-4,n6705,241,1,1,4
mn-241-1-1-5,n6706,241,1,1,5
mn-241-1-1-6,n6707,241,1,1,6
mn-241-1-1-7,n6708,241,1,1,7
mn-241-1-1-8,n6709,241,1,1,8
mn-241-5-2-1,n6710,241,5,2,1
mn-241-5-2-2,n6711,241,5,2,2
mn-241-5-2-3,n6712,241,5,2,3
mn-241-5-2-4,n6713,241,5,2,4
mn-241-5-2-5,n6714,241,5,2,5
mn-241-5-2-6,n6715,241,5,2,6
mn-241-5-2-7,n6716,241,5,2,7
mn-241-5-2-8,n6717,241,5,2,8
mn-241-5-2-9,n6718,241,5,2,9
mn-241-5-2-10,n6719,241,5,2,10
mn-241-5-2-11,n6720,241,5,2,11
mn-241-5-2-12,n6721,241,5,2,12
mn-241-5-2-13,n6722,241,5,2,13
mn-241-5-2-14,n6723,241,5,2,14
mn-241-5-2-15,n6724,241,5,2,15
mn-241-5-2-16,n6725,241,5,2,16
mn-241-5-2-17,n6726,241,5,2,17
mn-241-5-2-18,n6727,241,5,2,18
mn-242-1-1-1,n6728,242,1,1,1
mn-242-1-1-2,n6729,242,1,1,2
mn-242-1-1-3,n6730,242,1,1,3
mn-242-1-1-4,n6731,242,1,1,4
mn-242-1-1-5,n6732,242,1,1,5
mn-242-1-1-6,n6733,242,1,1,6
mn-242-1-1-7,n6734,242,1,1,7
mn-242-1-1-8,n6735,242,1,1,8
mn-242-5-2-1,n6736,242,5,2,1
mn-242-5-2-2,n6737,242,5,2,2
mn-242-5-2-3,n6738,242,5,2,3
mn-242-5-2-4,n6739,242,5,2,4
mn-242-5-2-5,n6740,242,5,2,5
mn-242-5-2-6,n6741,242,5,2,6
mn-242-5-2-7,n6742,242,5,2,7
mn-242-5-2-8,n6743,242,5,2,8
mn-242-5-2-9,n6744,242,5,2,9
mn-242-5-2-10,n6745,242,5,2,10
mn-242-5-2-11,n6746,242,5,2,11
mn-242-5-2-12,n6747,242,5,2,12
mn-242-5-2-13,n6748,242,5,2,13
mn-242-5-2-14,n6749,242,5,2,14
mn-242-5-2-15,n6750,242,5,2,15
mn-242-5-2-16,n6751,242,5,2,16
mn-242-5-2-17,n6752,242,5,2,17
mn-242-5-2-18,n6753,242,5,2,18
mn-243-1-1-1,n6754,243,1,1,1
mn-243-1-1-2,n6755,243,1,1,2
mn-243-1-1-3,n6756,243,1,1,3
mn-243-1-1-4,n6757,243,1,1,4
mn-243-1-1-5,n6758,243,1,1,5
mn-243-1-1-6,n6759,243,1,1,6
mn-243-1-1-7,n6760,243,1,1,7
mn-243-1-1-8,n6761,243,1,1,8
mn-243-1-1-9,n6762,243,1,1,9
mn-243-1-1-10,n6763,243,1,1,10
mn-243-1-1-11,n6764,243,1,1,11
mn-243-1-1-12,n6765,243,1,1,12
mn-243-1-1-13,n6766,243,1,1,13
mn-243-1-1-14,n6767,243,1,1,14
mn-243-1-1-15,n6768,243,1,1,15
mn-243-1-1-16,n6769,243,1,1,16
mn-243-5-2-1,n6770,243,5,2,1
mn-243-5-2-2,n6771,243,5,2,2
mn-243-5-2-3,n6772,243,5,2,3
mn-243-5-2-4,n6773,243,5,2,4
mn-243-5-2-5,n6774,243,5,2,5
mn-243-5-2-6,n6775,243,5,2,6
mn-243-5-2-7,n6776,243,5,2,7
mn-243-5-2-8,n6777,243,5,2,8
mn-243-5-2-9,n6778,243,5,2,9
mn-243-5-2-10,n6779,243,5,2,10
mn-243-5-2-11,n6780,243,5,2,11
mn-243-5-2-12,n6781,243,5,2,12
mn-243-5-2-13,n6782,243,5,2,13
mn-243-5-2-14,n6783,243,5,2,14
mn-243-5-2-15,n6784,243,5,2,15
mn-243-5-2-16,n6785,243,5,2,16
mn-243-5-2-17,n6786,243,5,2,17
mn-243-5-2-18,n6787,243,5,2,18
mn-243-5-2-19,n6788,243,5,2,19
mn-243-5-2-20,n6789,243,5,2,20
mn-243-5-2-21,n6790,243,5,2,21
mn-243-5-2-22,n6791,243,5,2,22
mn-243-5-2-23,n6792,243,5,2,23
mn-243-5-2-24,n6793,243,5,2,24
mn-244-1-1-1,n6794,244,1,1,1
mn-244-1-1-2,n6795,244,1,1,2
mn-244-1-1-3,n6796,244,1,1,3
mn-244-1-1-4,n6797,244,1,1,4
mn-244-1-1-5,n6798,244,1,1,5
mn-244-1-1-6,n6799,244,1,1,6
mn-244-1-1-7,n6800,244,1,1,7
mn-244-1-1-8,n6801,244,1,1,8
mn-244-1-1-9,n6802,244,1,1,9
mn-244-1-1-10,n6803,244,1,1,10
mn-244-5-2-1,n6804,244,5,2,1
mn-244-5-2-2,n6805,244,5,2,2
mn-244-5-2-3,n6806,244,5,2,3
mn-244-5-2-4,n6807,244,5,2,4
mn-244-5-2-5,n6808,244,5,2,5
mn-244-5-2-6,n6809,244,5,2,6
mn-244-5-2-7,n6810,244,5,2,7
mn-244-5-2-8,n6811,244,5,2,8
mn-244-5-2-9,n6812,244,5,2,9
mn-244-5-2-10,n6813,244,5,2,10
mn-244-5-2-11,n6814,244,5,2,11
mn-244-5-2-12,n6815,244,5,2,12
mn-244-5-2-13,n6816,244,5,2,13
mn-244-5-2-14,n6817,244,5,2,14
mn-244-5-2-15,n6818,244,5,2,15
mn-244-5-2-16,n6819,244,5,2,16
mn-244-5-2-17,n6820,244,5,2,17
mn-244-5-2-18,n6821,244,5,2,18
mn-244-5-2-19,n6822,244,5,2,19
mn-244-5-2-20,n6823,244,5,2,20
mn-244-5-2-21,n6824,244,5,2,21
mn-244-5-2-22,n6825,244,5,2,22
mn-244-5-2-23,n6826,244,5,2,23
mn-244-5-2-24,n6827,244,5,2,24
mn-245-1-1-1,n6828,245,1,1,1
mn-245-1-1-2,n6829,245,1,1,2
mn-245-1-1-3,n6830,245,1,1,3
mn-245-1-1-4,n6831,245,1,1,4
mn-245-1-1-5,n6832,245,1,1,5
mn-245-1-1-6,n6833,245,1,1,6
mn-245-1-1-7,n6834,245,1,1,7
mn-245-1-1-8,n6835,245,1,1,8
mn-245-1-1-9,n6836,245,1,1,9
mn-245-1-1-10,n6837,245,1,1,10
mn-245-5-2-1,n6838,245,5,2,1
mn-245-5-2-2,n6839,245,5,2,2
mn-245-5-2-3,n6840,245,5,2,3
mn-245-5-2-4,n6841,245,5,2,4
mn-245-5-2-5,n6842,245,5,2,5
mn-245-5-2-6,n6843,245,5,2,6
mn-245-5-2-7,n6844,245,5,2,7
mn-245-5-2-8,n6845,245,5,2,8
mn-245-5-2-9,n6846,245,5,2,9
mn-245-5-2-10,n6847,245,5,2,10
mn-245-5-2-11,n6848,245,5,2,11
mn-245-5-2-12,n6849,245,5,2,12
mn-245-5-2-13,n6850,245,5,2,13
mn-245-5-2-14,n6851,245,5,2,14
mn-245-5-2-15,n6852,245,5,2,15
mn-245-5-2-16,n6853,245,5,2,16
mn-245-5-2-17,n6854,245,5,2,17
mn-245-5-2-18,n6855,245,5,2,18
mn-245-5-2-19,n6856,245,5,2,19
mn-246-1-1-1,n6857,246,1,1,1
mn-246-1-1-2,n6858,246,1,1,2
mn-246-1-1-3,n6859,246,1,1,3
mn-246-1-1-4,n6860,246,1,1,4
mn-246-1-1-5,n6861,246,1,1,5
mn-246-1-1-6,n6862,246,1,1,6
mn-246-1-1-7,n6863,246,1,1,7
mn-246-1-1-8,n6864,246,1,1,8
mn-246-1-1-9,n6865,246,1,1,9
mn-246-1-1-10,n6866,246,1,1,10
mn-246-1-1-11,n6867,246,1,1,11
mn-246-1-1-12,n6868,246,1,1,12
mn-246-1-1-13,n6869,246,1,1,13
mn-246-1-1-14,n6870,246,1,1,14
mn-246-1-1-15,n6871,246,1,1,15
mn-246-1-1-16,n6872,246,1,1,16
mn-246-5-2-1,n6873,246,5,2,1
mn-246-5-2-2,n6874,246,5,2,2
mn-246-5-2-3,n6875,246,5,2,3
mn-246-5-2-4,n6876,246,5,2,4
mn-246-5-2-5,n6877,246,5,2,5
mn-246-5-2-6,n6878,246,5,2,6
mn-246-5-2-7,n6879,246,5,2,7
mn-246-5-2-8,n6880,246,5,2,8
mn-246-5-2-9,n6881,246,5,2,9
mn-246-5-2-10,n6882,246,5,2,10
mn-246-5-2-11,n6883,246,5,2,11
mn-246-5-2-12,n6884,246,5,2,12
mn-246-5-2-13,n6885,246,5,2,13
mn-246-5-2-14,n6886,246,5,2,14
mn-246-5-2-15,n6887,246,5,2,15
mn-246-5-2-16,n6888,246,5,2,16
mn-246-5-2-17,n6889,246,5,2,17
mn-246-5-2-18,n6890,246,5,2,18
mn-246-5-2-19,n6891,246,5,2,19
mn-246-5-2-20,n6892,246,5,2,20
mn-246-5-2-21,n6893,246,5,2,21
mn-246-5-2-22,n6894,246,5,2,22
mn-246-5-2-23,n6895,246,5,2,23
mn-246-5-2-24,n6896,246,5,2,24
mn-247-1-1-1,n6897,247,1,1,1
mn-247-1-1-2,n6898,247,1,1,2
mn-247-1-1-3,n6899,247,1,1,3
mn-247-1-1-4,n6900,247,1,1,4
mn-247-1-1-5,n6901,247,1,1,5
mn-247-1-1-6,n6902,247,1,1,6
mn-247-1-1-7,n6903,247,1,1,7
mn-247-1-1-8,n6904,247,1,1,8
mn-247-1-1-9,n6905,247,1,1,9
mn-247-1-1-10,n6906,247,1,1,10
mn-247-5-2-1,n6907,247,5,2,1
mn-247-5-2-2,n6908,247,5,2,2
mn-247-5-2-3,n6909,247,5,2,3
mn-247-5-2-4,n6910,247,5,2,4
mn-247-5-2-5,n6911,247,5,2,5
mn-247-5-2-6,n6912,247,5,2,6
mn-247-5-2-7,n6913,247,5,2,7
mn-247-5-2-8,n6914,247,5,2,8
mn-247-5-2-9,n6915,247,5,2,9
mn-247-5-2-10,n6916,247,5,2,10
mn-247-5-2-11,n6917,247,5,2,11
mn-247-5-2-12,n6918,247,5,2,12
mn-247-5-2-13,n6919,247,5,2,13
mn-247-5-2-14,n6920,247,5,2,14
mn-247-5-2-15,n6921,247,5,2,15
mn-247-5-2-16,n6922,247,5,2,16
mn-247-5-2-17,n6923,247,5,2,17
mn-247-5-2-18,n6924,247,5,2,18
mn-247-5-2-19,n6925,247,5,2,19
mn-247-5-2-20,n6926,247,5,2,20
mn-247-5-2-21,n6927,247,5,2,21
mn-247-5-2-22,n6928,247,5,2,22
mn-247-5-2-23,n6929,247,5,2,23
mn-247-5-2-24,n6930,247,5,2,24
mn-248-1-1-1,n6931,248,1,1,1
mn-248-1-1-2,n6932,248,1,1,2
mn-248-1-1-3,n6933,248,1,1,3
mn-248-1-1-4,n6934,248,1,1,4
mn-248-1-1-5,n6935,248,1,1,5
mn-248-1-1-6,n6936,248,1,1,6
mn-248-1-1-7,n6937,248,1,1,7
mn-248-1-1-8,n6938,248,1,1,8
mn-248-1-1-9,n6939,248,1,1,9
mn-248-1-1-10,n6940,248,1,1,10
mn-248-5-2-1,n6941,248,5,2,1
mn-248-5-2-2,n6942,248,5,2,2
mn-248-5-2-3,n6943,248,5,2,3
mn-248-5-2-4,n6944,248,5,2,4
mn-248-5-2-5,n6945,248,5,2,5
mn-248-5-2-6,n6946,248,5,2,6
mn-248-5-2-7,n6947,248,5,2,7
mn-248-5-2-8,n6948,248,5,2,8
mn-248-5-2-9,n6949,248,5,2,9
mn-248-5-2-10,n6950,248,5,2,10
mn-248-5-2-11,n6951,248,5,2,11
mn-248-5-2-12,n6952,248,5,2,12
mn-248-5-2-13,n6953,248,5,2,13
mn-248-5-2-14,n6954,248,5,2,14
mn-248-5-2-15,n6955,248,5,2,15
mn-248-5-2-16,n6956,248,5,2,16
mn-248-5-2-17,n6957,248,5,2,17
mn-248-5-2-18,n6958,248,5,2,18
mn-248-5-2-19,n6959,248,5,2,19
mn-248-5-2-20,n6960,248,5,2,20
mn-248-5-2-21,n6961,248,5,2,21
mn-248-5-2-22,n6962,248,5,2,22
mn-248-5-2-23,n6963,248,5,2,23
mn-248-5-2-24,n6964,248,5,2,24
mn-249-1-1-1,n6965,249,1,1,1
mn-249-1-1-2,n6966,249,1,1,2
mn-249-1-1-3,n6967,249,1,1,3
mn-249-1-1-4,n6968,249,1,1,4
mn-249-1-1-5,n6969,249,1,1,5
mn-249-1-1-6,n6970,249,1,1,6
mn-249-1-1-7,n6971,249,1,1,7
mn-249-1-1-8,n6972,249,1,1,8
mn-249-1-1-9,n6973,249,1,1,9
mn-249-1-1-10,n6974,249,1,1,10
mn-249-1-1-11,n6975,249,1,1,11
mn-249-1-1-12,n6976,249,1,1,12
mn-249-1-1-13,n6977,249,1,1,13
mn-249-1-1-14,n6978,249,1,1,14
mn-249-5-2-1,n6979,249,5,2,1
mn-249-5-2-2,n6980,249,5,2,2
mn-249-5-2-3,n6981,249,5,2,3
mn-249-5-2-4,n6982,249,5,2,4
mn-249-5-2-5,n6983,249,5,2,5
mn-249-5-2-6,n6984,249,5,2,6
mn-249-5-2-7,n6985,249,5,2,7
mn-249-5-2-8,n6986,249,5,2,8
mn-249-5-2-9,n6987,249,5,2,9
mn-249-5-2-10,n6988,249,5,2,10
mn-249-5-2-11,n6989,249,5,2,11
mn-249-5-2-12,n6990,249,5,2,12
mn-249-5-2-13,n6991,249,5,2,13
mn-249-5-2-14,n6992,249,5,2,14
mn-249-5-2-15,n6993,249,5,2,15
mn-249-5-2-16,n6994,249,5,2,16
mn-249-5-2-17,n6995,249,5,2,17
mn-249-5-2-18,n6996,249,5,2,18
mn-249-5-2-19,n6997,249,5,2,19
mn-249-5-2-20,n6998,249,5,2,20
mn-249-5-2-21,n6999,249,5,2,21
mn-249-5-2-22,n7000,249,5,2,22
mn-249-5-2-23,n7001,249,5,2,23
mn-249-5-2-24,n7002,249,5,2,24
mn-250-1-1-1,n7003,250,1,1,1
mn-250-1-1-2,n7004,250,1,1,2
mn-250-1-1-3,n7005,250,1,1,3
mn-250-1-1-4,n7006,250,1,1,4
mn-250-1-1-5,n7007,250,1,1,5
mn-250-1-1-6,n7008,250,1,1,6
mn-250-1-1-7,n7009,250,1,1,7
mn-250-1-1-8,n7010,250,1,1,8
mn-250-1-1-9,n7011,250,1,1,9
mn-250-1-1-10,n7012,250,1,1,10
mn-250-1-1-11,n7013,250,1,1,11
mn-250-1-1-12,n7014,250,1,1,12
mn-250-1-1-13,n7015,250,1,1,13
mn-250-1-1-14,n7016,250,1,1,14
mn-250-1-1-15,n7017,250,1,1,15
mn-250-1-1-16,n7018,250,1,1,16
mn-250-1-1-17,n7019,250,1,1,17
mn-250-1-1-18,n7020,250,1,1,18
mn-250-1-1-19,n7021,250,1,1,19
mn-250-1-1-20,n7022,250,1,1,20
mn-250-1-1-21,n7023,250,1,1,21
mn-250-1-1-22,n7024,250,1,1,22
mn-250-1-1-23,n7025,250,1,1,23
mn-250-1-1-24,n7026,250,1,1,24
mn-250-1-1-25,n7027,250,1,1,25
mn-250-1-1-26,n7028,250,1,1,26
mn-250-1-1-27,n7029,250,1,1,27
mn-250-5-2-1,n7030,250,5,2,1
mn-250-5-2-2,n7031,250,5,2,2
mn-250-5-2-3,n7032,250,5,2,3
mn-250-5-2-4,n7033,250,5,2,4
mn-250-5-2-5,n7034,250,5,2,5
mn-250-5-2-6,n7035,250,5,2,6
mn-250-5-2-7,n7036,250,5,2,7
mn-250-5-2-8,n7037,250,5,2,8
mn-250-5-2-9,n7038,250,5,2,9
mn-250-5-2-10,n7039,250,5,2,10
mn-250-5-2-11,n7040,250,5,2,11
mn-250-5-2-12,n7041,250,5,2,12
mn-250-5-2-13,n7042,250,5,2,13
mn-250-5-2-14,n7043,250,5,2,14
mn-250-5-2-15,n7044,250,5,2,15
mn-250-5-2-16,n7045,250,5,2,16
mn-250-5-2-17,n7046,250,5,2,17
mn-250-5-2-18,n7047,250,5,2,18
mn-251-1-1-1,n7048,251,1,1,1
mn-251-1-1-2,n7049,251,1,1,2
mn-251-1-1-3,n7050,251,1,1,3
mn-251-1-1-4,n7051,251,1,1,4
mn-251-1-1-5,n7052,251,1,1,5
mn-251-1-1-6,n7053,251,1,1,6
mn-251-1-1-7,n7054,251,1,1,7
mn-251-1-1-8,n7055,251,1,1,8
mn-251-1-1-9,n7056,251,1,1,9
mn-251-1-1-10,n7057,251,1,1,10
mn-251-1-1-11,n7058,251,1,1,11
mn-251-1-1-12,n7059,251,1,1,12
mn-251-1-1-13,n7060,251,1,1,13
mn-251-1-1-14,n7061,251,1,1,14
mn-251-1-1-15,n7062,251,1,1,15
mn-251-1-1-16,n7063,251,1,1,16
mn-251-1-1-17,n7064,251,1,1,17
mn-251-1-1-18,n7065,251,1,1,18
mn-251-1-1-19,n7066,251,1,1,19
mn-251-1-1-20,n7067,251,1,1,20
mn-251-1-1-21,n7068,251,1,1,21
mn-251-1-1-22,n7069,251,1,1,22
mn-251-1-1-23,n7070,251,1,1,23
mn-251-1-1-24,n7071,251,1,1,24
mn-251-1-1-25,n7072,251,1,1,25
mn-251-5-2-1,n7073,251,5,2,1
mn-251-5-2-2,n7074,251,5,2,2
mn-251-5-2-3,n7075,251,5,2,3
mn-251-5-2-4,n7076,251,5,2,4
mn-251-5-2-5,n7077,251,5,2,5
mn-251-5-2-6,n7078,251,5,2,6
mn-251-5-2-7,n7079,251,5,2,7
mn-251-5-2-8,n7080,251,5,2,8
mn-251-5-2-9,n7081,251,5,2,9
mn-251-5-2-10,n7082,251,5,2,10
mn-251-5-2-11,n7083,251,5,2,11
mn-251-5-2-12,n7084,251,5,2,12
mn-251-5-2-13,n7085,251,5,2,13
mn-251-5-2-14,n7086,251,5,2,14
mn-251-5-2-15,n7087,251,5,2,15
mn-251-5-2-16,n7088,251,5,2,16
mn-252-1-1-1,n7089,252,1,1,1
mn-252-1-1-2,n7090,252,1,1,2
mn-252-1-1-3,n7091,252,1,1,3
mn-252-1-1-4,n7092,252,1,1,4
mn-252-1-1-5,n7093,252,1,1,5
mn-252-1-1-6,n7094,252,1,1,6
mn-252-1-1-7,n7095,252,1,1,7
mn-252-1-1-8,n7096,252,1,1,8
mn-252-1-1-9,n7097,252,1,1,9
mn-252-1-1-10,n7098,252,1,1,10
mn-252-1-1-11,n7099,252,1,1,11
mn-252-1-1-12,n7100,252,1,1,12
mn-252-1-1-13,n7101,252,1,1,13
mn-252-1-1-14,n7102,252,1,1,14
mn-252-1-1-15,n7103,252,1,1,15
mn-252-1-1-16,n7104,252,1,1,16
mn-252-1-1-17,n7105,252,1,1,17
mn-252-1-1-18,n7106,252,1,1,18
mn-252-1-1-19,n7107,252,1,1,19
mn-252-1-1-20,n7108,252,1,1,20
mn-252-1-1-21,n7109,252,1,1,21
mn-252-1-1-22,n7110,252,1,1,22
mn-252-1-1-23,n7111,252,1,1,23
mn-252-1-1-24,n7112,252,1,1,24
mn-252-1-1-25,n7113,252,1,1,25
mn-252-1-1-26,n7114,252,1,1,26
mn-252-1-1-27,n7115,252,1,1,27
mn-252-1-1-28,n7116,252,1,1,28
mn-252-1-1-29,n7117,252,1,1,29
mn-252-1-1-30,n7118,252,1,1,30
mn-252-5-2-1,n7119,252,5,2,1
mn-252-5-2-2,n7120,252,5,2,2
mn-252-5-2-3,n7121,252,5,2,3
mn-252-5-2-4,n7122,252,5,2,4
mn-252-5-2-5,n7123,252,5,2,5
mn-252-5-2-6,n7124,252,5,2,6
mn-252-5-2-7,n7125,252,5,2,7
mn-252-5-2-8,n7126,252,5,2,8
mn-252-5-2-9,n7127,252,5,2,9
mn-252-5-2-10,n7128,252,5,2,10
mn-252-5-2-11,n7129,252,5,2,11
mn-252-5-2-12,n7130,252,5,2,12
mn-252-5-2-13,n7131,252,5,2,13
mn-252-5-2-14,n7132,252,5,2,14
mn-252-5-2-15,n7133,252,5,2,15
mn-252-5-2-16,n7134,252,5,2,16
mn-252-5-2-17,n7135,252,5,2,17
mn-252-5-2-18,n7136,252,5,2,18
mn-252-5-2-19,n7137,252,5,2,19
mn-252-5-2-20,n7138,252,5,2,20
mn-252-5-2-21,n7139,252,5,2,21
mn-252-5-2-22,n7140,252,5,2,22
mn-253-1-1-1,n7141,253,1,1,1
mn-253-1-1-2,n7142,253,1,1,2
mn-253-1-1-3,n7143,253,1,1,3
mn-253-1-1-4,n7144,253,1,1,4
mn-253-1-1-5,n7145,253,1,1,5
mn-253-1-1-6,n7146,253,1,1,6
mn-253-1-1-7,n7147,253,1,1,7
mn-253-1-1-8,n7148,253,1,1,8
mn-253-1-1-9,n7149,253,1,1,9
mn-253-1-1-10,n7150,253,1,1,10
mn-253-1-1-11,n7151,253,1,1,11
mn-253-1-1-12,n7152,253,1,1,12
mn-253-1-1-13,n7153,253,1,1,13
mn-253-1-1-14,n7154,253,1,1,14
mn-253-1-1-15,n7155,253,1,1,15
mn-253-1-1-16,n7156,253,1,1,16
mn-253-1-1-17,n7157,253,1,1,17
mn-253-1-1-18,n7158,253,1,1,18
mn-253-1-1-19,n7159,253,1,1,19
mn-253-1-1-20,n7160,253,1,1,20
mn-253-1-1-21,n7161,253,1,1,21
mn-253-1-1-22,n7162,253,1,1,22
mn-253-1-1-23,n7163,253,1,1,23
mn-253-1-1-24,n7164,253,1,1,24
mn-253-1-1-25,n7165,253,1,1,25
mn-253-1-1-26,n7166,253,1,1,26
mn-253-1-1-27,n7167,253,1,1,27
mn-253-1-1-28,n7168,253,1,1,28
mn-253-1-1-29,n7169,253,1,1,29
mn-253-5-2-1,n7170,253,5,2,1
mn-253-5-2-2,n7171,253,5,2,2
mn-253-5-2-3,n7172,253,5,2,3
mn-253-5-2-4,n7173,253,5,2,4
mn-253-5-2-5,n7174,253,5,2,5
mn-253-5-2-6,n7175,253,5,2,6
mn-253-5-2-7,n7176,253,5,2,7
mn-253-5-2-8,n7177,253,5,2,8
mn-253-5-2-9,n7178,253,5,2,9
mn-253-5-2-10,n7179,253,5,2,10
mn-253-5-2-11,n7180,253,5,2,11
mn-253-5-2-12,n7181,253,5,2,12
mn-253-5-2-13,n7182,253,5,2,13
mn-253-5-2-14,n7183,253,5,2,14
mn-253-5-2-15,n7184,253,5,2,15
mn-253-5-2-16,n7185,253,5,2,16
mn-253-5-2-17,n7186,253,5,2,17
mn-253-5-2-18,n7187,253,5,2,18
mn-253-5-2-19,n7188,253,5,2,19
mn-254-1-1-1,n7189,254,1,1,1
mn-254-1-1-2,n7190,254,1,1,2
mn-254-1-1-3,n7191,254,1,1,3
mn-254-1-1-4,n7192,254,1,1,4
mn-254-1-1-5,n7193,254,1,1,5
mn-254-1-1-6,n7194,254,1,1,6
mn-254-1-1-7,n7195,254,1,1,7
mn-254-1-1-8,n7196,254,1,1,8
mn-254-1-1-9,n7197,254,1,1,9
mn-254-1-1-10,n7198,254,1,1,10
mn-254-1-1-11,n7199,254,1,1,11
mn-254-1-1-12,n7200,254,1,1,12
mn-254-1-1-13,n7201,254,1,1,13
mn-254-1-1-14,n7202,254,1,1,14
mn-254-1-1-15,n7203,254,1,1,15
mn-254-1-1-16,n7204,254,1,1,16
mn-254-1-1-17,n7205,254,1,1,17
mn-254-1-1-18,n7206,254,1,1,18
mn-254-1-1-19,n7207,254,1,1,19
mn-254-1-1-20,n7208,254,1,1,20
mn-254-1-1-21,n7209,254,1,1,21
mn-254-1-1-22,n7210,254,1,1,22
mn-254-1-1-23,n7211,254,1,1,23
mn-254-1-1-24,n7212,254,1,1,24
mn-254-1-1-25,n7213,254,1,1,25
mn-254-1-1-26,n7214,254,1,1,26
mn-254-5-2-1,n7215,254,5,2,1
mn-254-5-2-2,n7216,254,5,2,2
mn-254-5-2-3,n7217,254,5,2,3
mn-254-5-2-4,n7218,254,5,2,4
mn-254-5-2-5,n7219,254,5,2,5
mn-254-5-2-6,n7220,254,5,2,6
mn-254-5-2-7,n7221,254,5,2,7
mn-254-5-2-8,n7222,254,5,2,8
mn-254-5-2-9,n7223,254,5,2,9
mn-254-5-2-10,n7224,254,5,2,10
mn-254-5-2-11,n7225,254,5,2,11
mn-254-5-2-12,n7226,254,5,2,12
mn-254-5-2-13,n7227,254,5,2,13
mn-254-5-2-14,n7228,254,5,2,14
mn-254-5-2-15,n7229,254,5,2,15
mn-254-5-2-16,n7230,254,5,2,16
mn-255-1-1-1,n7231,255,1,1,1
mn-255-1-1-2,n7232,255,1,1,2
mn-255-1-1-3,n7233,255,1,1,3
mn-255-1-1-4,n7234,255,1,1,4
mn-255-1-1-5,n7235,255,1,1,5
mn-255-1-1-6,n7236,255,1,1,6
mn-255-1-1-7,n7237,255,1,1,7
mn-255-1-1-8,n7238,255,1,1,8
mn-255-1-1-9,n7239,255,1,1,9
mn-255-1-1-10,n7240,255,1,1,10
mn-255-1-1-11,n7241,255,1,1,11
mn-255-1-1-12,n7242,255,1,1,12
mn-255-1-1-13,n7243,255,1,1,13
mn-255-1-1-14,n7244,255,1,1,14
mn-255-1-1-15,n7245,255,1,1,15
mn-255-1-1-16,n7246,255,1,1,16
mn-255-1-1-17,n7247,255,1,1,17
mn-255-1-1-18,n7248,255,1,1,18
mn-255-1-1-19,n7249,255,1,1,19
mn-255-1-1-20,n7250,255,1,1,20
mn-255-1-1-21,n7251,255,1,1,21
mn-255-1-1-22,n7252,255,1,1,22
mn-255-1-1-23,n7253,255,1,1,23
mn-255-1-1-24,n7254,255,1,1,24
mn-255-1-1-25,n7255,255,1,1,25
mn-255-1-1-26,n7256,255,1,1,26
mn-255-1-1-27,n7257,255,1,1,27
mn-255-1-1-28,n7258,255,1,1,28
mn-255-1-1-29,n7259,255,1,1,29
mn-255-1-1-30,n7260,255,1,1,30
mn-255-5-2-1,n7261,255,5,2,1
mn-255-5-2-2,n7262,255,5,2,2
mn-255-5-2-3,n7263,255,5,2,3
mn-255-5-2-4,n7264,255,5,2,4
mn-255-5-2-5,n7265,255,5,2,5
mn-255-5-2-6,n7266,255,5,2,6
mn-255-5-2-7,n7267,255,5,2,7
mn-255-5-2-8,n7268,255,5,2,8
mn-255-5-2-9,n7269,255,5,2,9
mn-255-5-2-10,n7270,255,5,2,10
mn-255-5-2-11,n7271,255,5,2,11
mn-255-5-2-12,n7272,255,5,2,12
mn-255-5-2-13,n7273,255,5,2,13
mn-255-5-2-14,n7274,255,5,2,14
mn-255-5-2-15,n7275,255,5,2,15
mn-255-5-2-16,n7276,255,5,2,16
mn-255-5-2-17,n7277,255,5,2,17
mn-255-5-2-18,n7278,255,5,2,18
mn-255-5-2-19,n7279,255,5,2,19
mn-255-5-2-20,n7280,255,5,2,20
mn-255-5-2-21,n7281,255,5,2,21
mn-255-5-2-22,n7282,255,5,2,22
mn-256-1-1-1,n7283,256,1,1,1
mn-256-1-1-2,n7284,256,1,1,2
mn-256-1-1-3,n7285,256,1,1,3
mn-256-1-1-4,n7286,256,1,1,4
mn-256-1-1-5,n7287,256,1,1,5
mn-256-1-1-6,n7288,256,1,1,6
mn-256-1-1-7,n7289,256,1,1,7
mn-256-1-1-8,n7290,256,1,1,8
mn-256-1-1-9,n7291,256,1,1,9
mn-256-1-1-10,n7292,256,1,1,10
mn-256-1-1-11,n7293,256,1,1,11
mn-256-1-1-12,n7294,256,1,1,12
mn-256-1-1-13,n7295,256,1,1,13
mn-256-1-1-14,n7296,256,1,1,14
mn-256-1-1-15,n7297,256,1,1,15
mn-256-1-1-16,n7298,256,1,1,16
mn-256-1-1-17,n7299,256,1,1,17
mn-256-1-1-18,n7300,256,1,1,18
mn-256-1-1-19,n7301,256,1,1,19
mn-256-1-1-20,n7302,256,1,1,20
mn-256-1-1-21,n7303,256,1,1,21
mn-256-1-1-22,n7304,256,1,1,22
mn-256-1-1-23,n7305,256,1,1,23
mn-256-1-1-24,n7306,256,1,1,24
mn-256-1-1-25,n7307,256,1,1,25
mn-256-1-1-26,n7308,256,1,1,26
mn-256-1-1-27,n7309,256,1,1,27
mn-256-1-1-28,n7310,256,1,1,28
mn-256-1-1-29,n7311,256,1,1,29
mn-256-1-1-30,n7312,256,1,1,30
mn-256-5-2-1,n7313,256,5,2,1
mn-256-5-2-2,n7314,256,5,2,2
mn-256-5-2-3,n7315,256,5,2,3
mn-256-5-2-4,n7316,256,5,2,4
mn-256-5-2-5,n7317,256,5,2,5
mn-256-5-2-6,n7318,256,5,2,6
mn-256-5-2-7,n7319,256,5,2,7
mn-256-5-2-8,n7320,256,5,2,8
mn-256-5-2-9,n7321,256,5,2,9
mn-256-5-2-10,n7322,256,5,2,10
mn-256-5-2-11,n7323,256,5,2,11
mn-256-5-2-12,n7324,256,5,2,12
mn-256-5-2-13,n7325,256,5,2,13
mn-256-5-2-14,n7326,256,5,2,14
mn-256-5-2-15,n7327,256,5,2,15
mn-256-5-2-16,n7328,256,5,2,16
mn-256-5-2-17,n7329,256,5,2,17
mn-256-5-2-18,n7330,256,5,2,18
mn-256-5-2-19,n7331,256,5,2,19
mn-256-5-2-20,n7332,256,5,2,20
mn-256-5-2-21,n7333,256,5,2,21
mn-256-5-2-22,n7334,256,5,2,22
mn-256-5-2-23,n7335,256,5,2,23
mn-256-5-2-24,n7336,256,5,2,24
mn-256-5-2-25,n7337,256,5,2,25
mn-256-5-2-26,n7338,256,5,2,26
mn-256-5-2-27,n7339,256,5,2,27
mn-256-5-2-28,n7340,256,5,2,28
mn-256-5-2-29,n7341,256,5,2,29
mn-256-5-2-30,n7342,256,5,2,30
mn-257-1-1-1,n7343,257,1,1,1
mn-257-1-1-2,n7344,257,1,1,2
mn-257-1-1-3,n7345,257,1,1,3
mn-257-1-1-4,n7346,257,1,1,4
mn-257-1-1-5,n7347,257,1,1,5
mn-257-1-1-6,n7348,257,1,1,6
mn-257-1-1-7,n7349,257,1,1,7
mn-257-1-1-8,n7350,257,1,1,8
mn-257-1-1-9,n7351,257,1,1,9
mn-257-1-1-10,n7352,257,1,1,10
mn-257-1-1-11,n7353,257,1,1,11
mn-257-1-1-12,n7354,257,1,1,12
mn-257-1-1-13,n7355,257,1,1,13
mn-257-1-1-14,n7356,257,1,1,14
mn-257-1-1-15,n7357,257,1,1,15
mn-257-1-1-16,n7358,257,1,1,16
mn-257-1-1-17,n7359,257,1,1,17
mn-257-1-1-18,n7360,257,1,1,18
mn-257-1-1-19,n7361,257,1,1,19
mn-257-1-1-20,n7362,257,1,1,20
mn-257-1-1-21,n7363,257,1,1,21
mn-257-1-1-22,n7364,257,1,1,22
mn-257-1-1-23,n7365,257,1,1,23
mn-257-1-1-24,n7366,257,1,1,24
mn-257-1-1-25,n7367,257,1,1,25
mn-257-1-1-26,n7368,257,1,1,26
mn-257-1-1-27,n7369,257,1,1,27
mn-257-1-1-28,n7370,257,1,1,28
mn-257-1-1-29,n7371,257,1,1,29
mn-257-1-1-30,n7372,257,1,1,30
mn-257-5-2-1,n7373,257,5,2,1
mn-257-5-2-2,n7374,257,5,2,2
mn-257-5-2-3,n7375,257,5,2,3
mn-257-5-2-4,n7376,257,5,2,4
mn-257-5-2-5,n7377,257,5,2,5
mn-257-5-2-6,n7378,257,5,2,6
mn-257-5-2-7,n7379,257,5,2,7
mn-257-5-2-8,n7380,257,5,2,8
mn-257-5-2-9,n7381,257,5,2,9
mn-257-5-2-10,n7382,257,5,2,10
mn-257-5-2-11,n7383,257,5,2,11
mn-257-5-2-12,n7384,257,5,2,12
mn-257-5-2-13,n7385,257,5,2,13
mn-257-5-2-14,n7386,257,5,2,14
mn-257-5-2-15,n7387,257,5,2,15
mn-257-5-2-16,n7388,257,5,2,16
mn-257-5-2-17,n7389,257,5,2,17
mn-257-5-2-18,n7390,257,5,2,18
mn-257-5-2-19,n7391,257,5,2,19
mn-257-5-2-20,n7392,257,5,2,20
mn-257-5-2-21,n7393,257,5,2,21
mn-257-5-2-22,n7394,257,5,2,22
mn-257-5-2-23,n7395,257,5,2,23
mn-257-5-2-24,n7396,257,5,2,24
mn-257-5-2-25,n7397,257,5,2,25
mn-257-5-2-26,n7398,257,5,2,26
mn-257-5-2-27,n7399,257,5,2,27
mn-257-5-2-28,n7400,257,5,2,28
mn-257-5-2-29,n7401,257,5,2,29
mn-257-5-2-30,n7402,257,5,2,30
mn-258-1-1-1,n7403,258,1,1,1
mn-258-1-1-2,n7404,258,1,1,2
mn-258-1-1-3,n7405,258,1,1,3
mn-258-1-1-4,n7406,258,1,1,4
mn-258-1-1-5,n7407,258,1,1,5
mn-258-1-1-6,n7408,258,1,1,6
mn-258-1-1-7,n7409,258,1,1,7
mn-258-1-1-8,n7410,258,1,1,8
mn-258-1-1-9,n7411,258,1,1,9
mn-258-1-1-10,n7412,258,1,1,10
mn-258-1-1-11,n7413,258,1,1,11
mn-258-1-1-12,n7414,258,1,1,12
mn-258-1-1-13,n7415,258,1,1,13
mn-258-1-1-14,n7416,258,1,1,14
mn-258-1-1-15,n7417,258,1,1,15
mn-258-1-1-16,n7418,258,1,1,16
mn-258-1-1-17,n7419,258,1,1,17
mn-258-1-1-18,n7420,258,1,1,18
mn-258-1-1-19,n7421,258,1,1,19
mn-258-1-1-20,n7422,258,1,1,20
mn-258-1-1-21,n7423,258,1,1,21
mn-258-1-1-22,n7424,258,1,1,22
mn-258-1-1-23,n7425,258,1,1,23
mn-258-1-1-24,n7426,258,1,1,24
mn-258-5-2-1,n7427,258,5,2,1
mn-258-5-2-2,n7428,258,5,2,2
mn-258-5-2-3,n7429,258,5,2,3
mn-258-5-2-4,n7430,258,5,2,4
mn-258-5-2-5,n7431,258,5,2,5
mn-258-5-2-6,n7432,258,5,2,6
mn-258-5-2-7,n7433,258,5,2,7
mn-258-5-2-8,n7434,258,5,2,8
mn-258-5-2-9,n7435,258,5,2,9
mn-258-5-2-10,n7436,258,5,2,10
mn-259-1-1-1,n7437,259,1,1,1
mn-259-1-1-2,n7438,259,1,1,2
mn-259-1-1-3,n7439,259,1,1,3
mn-259-1-1-4,n7440,259,1,1,4
mn-259-1-1-5,n7441,259,1,1,5
mn-259-1-1-6,n7442,259,1,1,6
mn-259-1-1-7,n7443,259,1,1,7
mn-259-1-1-8,n7444,259,1,1,8
mn-259-1-1-9,n7445,259,1,1,9
mn-259-1-1-10,n7446,259,1,1,10
mn-259-1-1-11,n7447,259,1,1,11
mn-259-1-1-12,n7448,259,1,1,12
mn-259-1-1-13,n7449,259,1,1,13
mn-259-1-1-14,n7450,259,1,1,14
mn-259-1-1-15,n7451,259,1,1,15
mn-259-1-1-16,n7452,259,1,1,16
mn-259-1-1-17,n7453,259,1,1,17
mn-259-1-1-18,n7454,259,1,1,18
mn-259-1-1-19,n7455,259,1,1,19
mn-259-1-1-20,n7456,259,1,1,20
mn-259-1-1-21,n7457,259,1,1,21
mn-259-1-1-22,n7458,259,1,1,22
mn-259-1-1-23,n7459,259,1,1,23
mn-259-1-1-24,n7460,259,1,1,24
mn-259-5-2-1,n7461,259,5,2,1
mn-259-5-2-2,n7462,259,5,2,2
mn-259-5-2-3,n7463,259,5,2,3
mn-259-5-2-4,n7464,259,5,2,4
mn-259-5-2-5,n7465,259,5,2,5
mn-259-5-2-6,n7466,259,5,2,6
mn-259-5-2-7,n7467,259,5,2,7
mn-259-5-2-8,n7468,259,5,2,8
mn-260-1-1-1,n7469,260,1,1,1
mn-260-1-1-2,n7470,260,1,1,2
mn-260-1-1-3,n7471,260,1,1,3
mn-260-1-1-4,n7472,260,1,1,4
mn-260-1-1-5,n7473,260,1,1,5
mn-260-1-1-6,n7474,260,1,1,6
mn-260-1-1-7,n7475,260,1,1,7
mn-260-1-1-8,n7476,260,1,1,8
mn-260-1-1-9,n7477,260,1,1,9
mn-260-1-1-10,n7478,260,1,1,10
mn-260-1-1-11,n7479,260,1,1,11
mn-260-1-1-12,n7480,260,1,1,12
mn-260-1-1-13,n7481,260,1,1,13
mn-260-1-1-14,n7482,260,1,1,14
mn-260-1-1-15,n7483,260,1,1,15
mn-260-1-1-16,n7484,260,1,1,16
mn-260-1-1-17,n7485,260,1,1,17
mn-260-1-1-18,n7486,260,1,1,18
mn-260-1-1-19,n7487,260,1,1,19
mn-260-1-1-20,n7488,260,1,1,20
mn-260-1-1-21,n7489,260,1,1,21
mn-260-1-1-22,n7490,260,1,1,22
mn-260-1-1-23,n7491,260,1,1,23
mn-260-1-1-24,n7492,260,1,1,24
mn-260-5-2-1,n7493,260,5,2,1
mn-260-5-2-2,n7494,260,5,2,2
mn-260-5-2-3,n7495,260,5,2,3
mn-260-5-2-4,n7496,260,5,2,4
mn-260-5-2-5,n7497,260,5,2,5
mn-260-5-2-6,n7498,260,5,2,6
mn-260-5-2-7,n7499,260,5,2,7
mn-260-5-2-8,n7500,260,5,2,8
mn-261-1-1-1,n7501,261,1,1,1
mn-261-1-1-2,n7502,261,1,1,2
mn-261-1-1-3,n7503,261,1,1,3
mn-261-1-1-4,n7504,261,1,1,4
mn-261-1-1-5,n7505,261,1,1,5
mn-261-1-1-6,n7506,261,1,1,6
mn-261-1-1-7,n7507,261,1,1,7
mn-261-1-1-8,n7508,261,1,1,8
mn-261-1-1-9,n7509,261,1,1,9
mn-261-1-1-10,n7510,261,1,1,10
mn-261-1-1-11,n7511,261,1,1,11
mn-261-1-1-12,n7512,261,1,1,12
mn-261-1-1-13,n7513,261,1,1,13
mn-261-1-1-14,n7514,261,1,1,14
mn-261-1-1-15,n7515,261,1,1,15
mn-261-1-1-16,n7516,261,1,1,16
mn-261-1-1-17,n7517,261,1,1,17
mn-261-1-1-18,n7518,261,1,1,18
mn-261-1-1-19,n7519,261,1,1,19
mn-261-1-1-20,n7520,261,1,1,20
mn-261-1-1-21,n7521,261,1,1,21
mn-261-1-1-22,n7522,261,1,1,22
mn-261-1-1-23,n7523,261,1,1,23
mn-261-1-1-24,n7524,261,1,1,24
mn-261-5-2-1,n7525,261,5,2,1
mn-261-5-2-2,n7526,261,5,2,2
mn-261-5-2-3,n7527,261,5,2,3
mn-261-5-2-4,n7528,261,5,2,4
mn-261-5-2-5,n7529,261,5,2,5
mn-261-5-2-6,n7530,261,5,2,6
mn-262-1-1-1,n7531,262,1,1,1
mn-262-1-1-2,n7532,262,1,1,2
mn-262-1-1-3,n7533,262,1,1,3
mn-262-1-1-4,n7534,262,1,1,4
mn-262-1-1-5,n7535,262,1,1,5
mn-262-1-1-6,n7536,262,1,1,6
mn-262-1-1-7,n7537,262,1,1,7
mn-262-1-1-8,n7538,262,1,1,8
mn-262-1-1-9,n7539,262,1,1,9
mn-262-1-1-10,n7540,262,1,1,10
mn-262-1-1-11,n7541,262,1,1,11
mn-262-1-1-12,n7542,262,1,1,12
mn-262-1-1-13,n7543,262,1,1,13
mn-262-1-1-14,n7544,262,1,1,14
mn-262-1-1-15,n7545,262,1,1,15
mn-262-1-1-16,n7546,262,1,1,16
mn-262-1-1-17,n7547,262,1,1,17
mn-262-1-1-18,n7548,262,1,1,18
mn-262-1-1-19,n7549,262,1,1,19
mn-262-1-1-20,n7550,262,1,1,20
mn-262-1-1-21,n7551,262,1,1,21
mn-262-1-1-22,n7552,262,1,1,22
mn-262-1-1-23,n7553,262,1,1,23
mn-262-1-1-24,n7554,262,1,1,24
mn-262-5-2-1,n7555,262,5,2,1
mn-262-5-2-2,n7556,262,5,2,2
mn-263-1-1-1,n7557,263,1,1,1
mn-263-1-1-2,n7558,263,1,1,2
mn-263-5-2-1,n7559,263,5,2,1
