note_id,original_id,bar,voice,staff,ordinal
mn-1-1-1-1,n1,1,1,1,1
mn-1-5-2-1,n2,1,5,2,1
mn-1-9-3-1,n3,1,9,3,1
mn-1-13-4-1,r1,1,13,4,1
mn-1-13-4-2,n4,1,13,4,2
mn-1-13-4-3,n5,1,13,4,3
mn-1-13-4-4,n6,1,13,4,4
mn-1-13-4-5,n7,1,13,4,5
mn-1-13-4-6,n8,1,13,4,6
mn-1-14-4-1,n9,1,14,4,1
mn-1-14-4-2,n10,1,14,4,2
mn-2-1-1-1,n11,2,1,1,1
mn-2-5-2-1,n12,2,5,2,1
mn-2-9-3-1,n13,2,9,3,1
mn-2-9-3-2,n14,2,9,3,2
mn-2-9-3-3,n15,2,9,3,3
mn-2-9-3-4,n16,2,9,3,4
mn-2-9-3-5,n17,2,9,3,5
mn-2-9-3-6,n18,2,9,3,6
mn-2-9-3-7,n19,2,9,3,7
mn-2-13-4-1,n20,2,13,4,1
mn-2-13-4-2,n21,2,13,4,2
mn-2-13-4-3,n22,2,13,4,3
mn-2-13-4-4,n23,2,13,4,4
mn-2-13-4-5,n24,2,13,4,5
mn-2-13-4-6,n25,2,13,4,6
mn-3-1-1-1,n26,3,1,1,1
mn-3-5-2-1,n27,3,5,2,1
mn-3-9-3-1,n28,3,9,3,1
mn-3-9-3-2,n29,3,9,3,2
mn-3-9-3-3,n30,3,9,3,3
mn-3-9-3-4,n31,3,9,3,4
mn-3-9-3-5,n32,3,9,3,5
mn-3-9-3-6,n33,3,9,3,6
mn-3-9-3-7,n34,3,9,3,7
mn-3-9-3-8,n35,3,9,3,8
mn-3-9-3-9,n36,3,9,3,9
mn-3-9-3-10,n37,3,9,3,10
mn-3-9-3-11,n38,3,9,3,11
mn-3-9-3-12,n39,3,9,3,12
mn-3-13-4-1,n40,3,13,4,1
mn-3-13-4-2,n41,3,13,4,2
mn-3-13-4-3,n42,3,13,4,3
mn-3-13-4-4,n43,3,13,4,4
mn-3-13-4-5,n44,3,13,4,5
mn-3-13-4-6,n45,3,13,4,6
mn-4-1-1-1,n46,4,1,1,1
mn-4-5-2-1,n47,4,5,2,1
mn-4-9-3-1,n48,4,9,3,1
mn-4-9-3-2,n49,4,9,3,2
mn-4-9-3-3,n50,4,9,3,3
mn-4-9-3-4,n51,4,9,3,4
mn-4-9-3-5,n52,4,9,3,5
mn-4-9-3-6,n53,4,9,3,6
mn-4-9-3-7,n54,4,9,3,7
mn-4-9-3-8,n55,4,9,3,8
mn-4-13-4-1,n56,4,13,4,1
mn-4-13-4-2,n57,4,13,4,2
mn-4-13-4-3,n58,4,13,4,3
mn-4-13-4-4,n59,4,13,4,4
mn-4-13-4-5,n60,4,13,4,5
mn-4-13-4-6,n61,4,13,4,6
mn-5-1-1-1,n62,5,1,1,1
mn-5-5-2-1,n63,5,5,2,1
mn-5-9-3-1,n64,5,9,3,1
mn-5-13-4-1,n65,5,13,4,1
mn-5-13-4-2,n66,5,13,4,2
mn-5-13-4-3,n67,5,13,4,3
mn-5-13-4-4,n68,5,13,4,4
mn-5-13-4-5,n69,5,13,4,5
mn-5-13-4-6,n70,5,13,4,6
mn-5-14-4-1,n71,5,14,4,1
mn-5-14-4-2,n72,5,14,4,2
mn-6-1-1-1,n73,6,1,1,1
mn-6-5-2-1,n74,6,5,2,1
mn-6-9-3-1,n75,6,9,3,1
mn-6-9-3-2,n76,6,9,3,2
mn-6-9-3-3,n77,6,9,3,3
mn-6-9-3-4,n78,6,9,3,4
mn-6-9-3-5,n79,6,9,3,5
mn-6-9-3-6,n80,6,9,3,6
mn-6-9-3-7,n81,6,9,3,7
mn-6-13-4-1,n82,6,13,4,1
mn-6-13-4-2,n83,6,13,4,2
mn-6-13-4-3,n84,6,13,4,3
mn-6-13-4-4,n85,6,13,4,4
mn-6-13-4-5,n86,6,13,4,5
mn-6-13-4-6,n87,6,13,4,6
mn-7-1-1-1,n88,7,1,1,1
mn-7-5-2-1,n89,7,5,2,1
mn-7-9-3-1,n90,7,9,3,1
mn-7-9-3-2,n91,7,9,3,2
mn-7-9-3-3,n92,7,9,3,3
mn-7-9-3-4,n93,7,9,3,4
mn-7-9-3-5,n94,7,9,3,5
mn-7-9-3-6,n95,7,9,3,6
mn-7-9-3-7,n96,7,9,3,7
mn-7-9-3-8,n97,7,9,3,8
mn-7-9-3-9,n98,7,9,3,9
mn-7-9-3-10,n99,7,9,3,10
mn-7-9-3-11,n100,7,9,3,11
mn-7-9-3-12,n101,7,9,3,12
mn-7-13-4-1,n102,7,13,4,1
mn-7-13-4-2,n103,7,13,4,2
mn-7-13-4-3,n104,7,13,4,3
mn-7-13-4-4,n105,7,13,4,4
mn-7-13-4-5,n106,7,13,4,5
mn-7-13-4-6,n107,7,13,4,6
mn-8-1-1-1,n108,8,1,1,1
mn-8-5-2-1,n109,8,5,2,1
mn-8-9-3-1,n110,8,9,3,1
mn-8-9-3-2,n111,8,9,3,2
mn-8-9-3-3,n112,8,9,3,3
mn-8-9-3-4,n113,8,9,3,4
mn-8-9-3-5,n114,8,9,3,5
mn-8-9-3-6,n115,8,9,3,6
mn-8-9-3-7,n116,8,9,3,7
mn-8-9-3-8,n117,8,9,3,8
mn-8-13-4-1,n118,8,13,4,1
mn-8-13-4-2,n119,8,13,4,2
mn-8-13-4-3,n120,8,13,4,3
mn-8-13-4-4,n121,8,13,4,4
mn-8-13-4-5,n122,8,13,4,5
mn-8-13-4-6,n123,8,13,4,6
mn-9-1-1-1,n124,9,1,1,1
mn-9-5-2-1,n125,9,5,2,1
mn-9-9-3-1,n126,9,9,3,1
mn-9-13-4-1,n127,9,13,4,1
mn-9-13-4-2,n128,9,13,4,2
mn-9-13-4-3,n129,9,13,4,3
mn-9-13-4-4,n130,9,13,4,4
mn-9-13-4-5,n131,9,13,4,5
mn-9-13-4-6,n132,9,13,4,6
mn-9-14-4-1,n133,9,14,4,1
mn-9-14-4-2,n134,9,14,4,2
mn-10-1-1-1,n135,10,1,1,1
mn-10-5-2-1,n136,10,5,2,1
mn-10-9-3-1,n137,10,9,3,1
mn-10-9-3-2,n138,10,9,3,2
mn-10-9-3-3,n139,10,9,3,3
mn-10-9-3-4,n140,10,9,3,4
mn-10-9-3-5,n141,10,9,3,5
mn-10-9-3-6,n142,10,9,3,6
mn-10-9-3-7,n143,10,9,3,7
mn-10-13-4-1,n144,10,13,4,1
mn-10-13-4-2,n145,10,13,4,2
mn-10-13-4-3,n146,10,13,4,3
mn-10-13-4-4,n147,10,13,4,4
mn-10-13-4-5,n148,10,13,4,5
mn-10-13-4-6,n149,10,13,4,6
mn-11-1-1-1,n150,11,1,1,1
mn-11-5-2-1,n151,11,5,2,1
mn-11-9-3-1,n152,11,9,3,1
mn-11-9-3-2,n153,11,9,3,2
mn-11-9-3-3,n154,11,9,3,3
mn-11-9-3-4,n155,11,9,3,4
mn-11-9-3-5,n156,11,9,3,5
mn-11-9-3-6,n157,11,9,3,6
mn-11-9-3-7,n158,11,9,3,7
mn-11-9-3-8,n159,11,9,3,8
mn-11-9-3-9,n160,11,9,3,9
mn-11-9-3-10,n161,11,9,3,10
mn-11-9-3-11,n162,11,9,3,11
mn-11-9-3-12,n163,11,9,3,12
mn-11-13-4-1,n164,11,13,4,1
mn-11-13-4-2,n165,11,13,4,2
mn-11-13-4-3,n166,11,13,4,3
mn-11-13-4-4,n167,11,13,4,4
mn-11-13-4-5,n168,11,13,4,5
mn-11-13-4-6,n169,11,13,4,6
mn-12-1-1-1,n170,12,1,1,1
mn-12-5-2-1,n171,12,5,2,1
mn-12-9-3-1,n172,12,9,3,1
mn-12-9-3-2,n173,12,9,3,2
mn-12-9-3-3,n174,12,9,3,3
mn-12-9-3-4,n175,12,9,3,4
mn-12-9-3-5,n176,12,9,3,5
mn-12-9-3-6,n177,12,9,3,6
mn-12-9-3-7,n178,12,9,3,7
mn-12-9-3-8,n179,12,9,3,8
mn-12-13-4-1,n180,12,13,4,1
mn-12-13-4-2,n181,12,13,4,2
mn-12-13-4-3,n182,12,13,4,3
mn-12-13-4-4,n183,12,13,4,4
mn-12-13-4-5,n184,12,13,4,5
mn-12-13-4-6,n185,12,13,4,6
mn-13-1-1-1,n186,13,1,1,1
mn-13-5-2-1,n187,13,5,2,1
mn-13-9-3-1,n188,13,9,3,1
mn-13-9-3-2,n189,13,9,3,2
mn-13-9-3-3,n190,13,9,3,3
mn-13-9-3-4,n191,13,9,3,4
mn-13-9-3-5,n192,13,9,3,5
mn-13-13-4-1,n193,13,13,4,1
mn-13-13-4-2,n194,13,13,4,2
mn-13-13-4-3,n195,13,13,4,3
mn-13-13-4-4,n196,13,13,4,4
mn-13-13-4-5,n197,13,13,4,5
mn-13-13-4-6,n198,13,13,4,6
mn-14-1-1-1,n199,14,1,1,1
mn-14-5-2-1,n200,14,5,2,1
mn-14-9-3-1,n201,14,9,3,1
mn-14-9-3-2,n202,14,9,3,2
mn-14-9-3-3,n203,14,9,3,3
mn-14-9-3-4,n204,14,9,3,4
mn-14-9-3-5,n205,14,9,3,5
mn-14-9-3-6,n206,14,9,3,6
mn-14-9-3-7,n207,14,9,3,7
mn-14-13-4-1,n208,14,13,4,1
mn-14-13-4-2,n209,14,13,4,2
mn-14-13-4-3,n210,14,13,4,3
mn-14-13-4-4,n211,14,13,4,4
mn-14-13-4-5,n212,14,13,4,5
mn-15-1-1-1,n213,15,1,1,1
mn-15-5-2-1,n214,15,5,2,1
mn-15-9-3-1,n215,15,9,3,1
mn-15-9-3-2,n216,15,9,3,2
mn-15-9-3-3,n217,15,9,3,3
mn-15-9-3-4,n218,15,9,3,4
mn-15-9-3-5,n219,15,9,3,5
mn-15-13-4-1,n220,15,13,4,1
mn-16-1-1-1,n221,16,1,1,1
mn-16-1-1-2,n222,16,1,1,2
mn-16-5-2-1,n223,16,5,2,1
mn-16-5-2-2,n224,16,5,2,2
mn-16-9-3-1,n225,16,9,3,1
mn-16-9-3-2,n226,16,9,3,2
mn-16-13-4-1,n227,16,13,4,1
mn-16-13-4-2,n228,16,13,4,2
mn-17-1-1-1,n229,17,1,1,1
mn-17-1-1-2,n230,17,1,1,2
mn-17-5-2-1,n231,17,5,2,1
mn-17-5-2-2,n232,17,5,2,2
mn-17-9-3-1,n233,17,9,3,1
mn-17-9-3-2,n234,17,9,3,2
mn-17-9-3-3,n235,17,9,3,3
mn-17-9-3-4,n236,17,9,3,4
mn-17-9-3-5,n237,17,9,3,5
mn-17-13-4-1,n238,17,13,4,1
mn-17-13-4-2,n239,17,13,4,2
mn-18-1-1-1,n240,18,1,1,1
mn-18-5-2-1,n241,18,5,2,1
mn-18-9-3-1,n242,18,9,3,1
mn-18-9-3-2,n243,18,9,3,2
mn-18-9-3-3,n244,18,9,3,3
mn-18-9-3-4,n245,18,9,3,4
mn-18-9-3-5,n246,18,9,3,5
mn-18-9-3-6,n247,18,9,3,6
mn-18-9-3-7,n248,18,9,3,7
mn-18-9-3-8,n249,18,9,3,8
mn-18-10-3-1,n250,18,10,3,1
mn-18-10-3-2,n251,18,10,3,2
mn-18-10-3-3,n252,18,10,3,3
mn-18-10-3-4,n253,18,10,3,4
mn-18-13-4-1,n254,18,13,4,1
mn-18-13-4-2,n255,18,13,4,2
mn-18-13-4-3,n256,18,13,4,3
mn-18-13-4-4,n257,18,13,4,4
mn-18-13-4-5,n258,18,13,4,5
mn-18-13-4-6,n259,18,13,4,6
mn-19-1-1-1,n260,19,1,1,1
mn-19-5-2-1,n261,19,5,2,1
mn-19-9-3-1,n262,19,9,3,1
mn-19-9-3-2,n263,19,9,3,2
mn-19-9-3-3,n264,19,9,3,3
mn-19-9-3-4,n265,19,9,3,4
mn-19-9-3-5,n266,19,9,3,5
mn-19-9-3-6,n267,19,9,3,6
mn-19-9-3-7,n268,19,9,3,7
mn-19-9-3-8,n269,19,9,3,8
mn-19-9-3-9,n270,19,9,3,9
mn-19-13-4-1,n271,19,13,4,1
mn-19-13-4-2,n272,19,13,4,2
mn-19-13-4-3,n273,19,13,4,3
mn-19-13-4-4,n274,19,13,4,4
mn-19-13-4-5,n275,19,13,4,5
mn-19-13-4-6,n276,19,13,4,6
mn-20-1-1-1,n277,20,1,1,1
mn-20-5-2-1,n278,20,5,2,1
mn-20-9-3-1,n279,20,9,3,1
mn-20-9-3-2,n280,20,9,3,2
mn-20-9-3-3,n281,20,9,3,3
mn-20-9-3-4,n282,20,9,3,4
mn-20-9-3-5,n283,20,9,3,5
mn-20-9-3-6,n284,20,9,3,6
mn-20-9-3-7,n285,20,9,3,7
mn-20-9-3-8,n286,20,9,3,8
mn-20-9-3-9,n287,20,9,3,9
mn-20-9-3-10,n288,20,9,3,10
mn-20-9-3-11,n289,20,9,3,11
mn-20-9-3-12,n290,20,9,3,12
mn-20-10-3-1,n291,20,10,3,1
mn-20-10-3-2,n292,20,10,3,2
mn-20-10-3-3,n293,20,10,3,3
mn-20-10-3-4,n294,20,10,3,4
mn-20-13-4-1,n295,20,13,4,1
mn-20-13-4-2,n296,20,13,4,2
mn-20-13-4-3,n297,20,13,4,3
mn-20-13-4-4,n298,20,13,4,4
mn-20-13-4-5,n299,20,13,4,5
mn-20-13-4-6,n300,20,13,4,6
mn-21-1-1-1,n301,21,1,1,1
mn-21-5-2-1,n302,21,5,2,1
mn-21-9-3-1,n303,21,9,3,1
mn-21-9-3-2,n304,21,9,3,2
mn-21-9-3-3,n305,21,9,3,3
mn-21-9-3-4,n306,21,9,3,4
mn-21-9-3-5,n307,21,9,3,5
mn-21-9-3-6,n308,21,9,3,6
mn-21-9-3-7,n309,21,9,3,7
mn-21-9-3-8,n310,21,9,3,8
mn-21-9-3-9,n311,21,9,3,9
mn-21-13-4-1,n312,21,13,4,1
mn-21-13-4-2,n313,21,13,4,2
mn-21-13-4-3,n314,21,13,4,3
mn-21-13-4-4,n315,21,13,4,4
mn-21-13-4-5,n316,21,13,4,5
mn-21-13-4-6,n317,21,13,4,6
mn-22-1-1-1,n318,22,1,1,1
mn-22-5-2-1,n319,22,5,2,1
mn-22-9-3-1,n320,22,9,3,1
mn-22-9-3-2,n321,22,9,3,2
mn-22-9-3-3,n322,22,9,3,3
mn-22-9-3-4,n323,22,9,3,4
mn-22-9-3-5,n324,22,9,3,5
mn-22-9-3-6,n325,22,9,3,6
mn-22-9-3-7,n326,22,9,3,7
mn-22-9-3-8,n327,22,9,3,8
mn-22-10-3-1,n328,22,10,3,1
mn-22-10-3-2,n329,22,10,3,2
mn-22-10-3-3,n330,22,10,3,3
mn-22-10-3-4,n331,22,10,3,4
mn-22-13-4-1,n332,22,13,4,1
mn-22-13-4-2,n333,22,13,4,2
mn-22-13-4-3,n334,22,13,4,3
mn-22-13-4-4,n335,22,13,4,4
mn-22-13-4-5,n336,22,13,4,5
mn-22-13-4-6,n337,22,13,4,6
mn-23-1-1-1,n338,23,1,1,1
mn-23-5-2-1,n339,23,5,2,1
mn-23-9-3-1,n340,23,9,3,1
mn-23-9-3-2,n341,23,9,3,2
mn-23-9-3-3,n342,23,9,3,3
mn-23-9-3-4,n343,23,9,3,4
mn-23-9-3-5,n344,23,9,3,5
mn-23-9-3-6,n345,23,9,3,6
mn-23-9-3-7,n346,23,9,3,7
mn-23-9-3-8,n347,23,9,3,8
mn-23-9-3-9,n348,23,9,3,9
mn-23-13-4-1,n349,23,13,4,1
mn-23-13-4-2,n350,23,13,4,2
mn-23-13-4-3,n351,23,13,4,3
mn-23-13-4-4,n352,23,13,4,4
mn-23-13-4-5,n353,23,13,4,5
mn-23-13-4-6,n354,23,13,4,6
mn-24-1-1-1,n355,24,1,1,1
mn-24-5-2-1,n356,24,5,2,1
mn-24-9-3-1,n357,24,9,3,1
mn-24-9-3-2,n358,24,9,3,2
mn-24-9-3-3,n359,24,9,3,3
mn-24-9-3-4,n360,24,9,3,4
mn-24-9-3-5,n361,24,9,3,5
mn-24-9-3-6,n362,24,9,3,6
mn-24-9-3-7,n363,24,9,3,7
mn-24-9-3-8,n364,24,9,3,8
mn-24-9-3-9,n365,24,9,3,9
mn-24-9-3-10,n366,24,9,3,10
mn-24-9-3-11,n367,24,9,3,11
mn-24-9-3-12,n368,24,9,3,12
mn-24-10-3-1,n369,24,10,3,1
mn-24-10-3-2,n370,24,10,3,2
mn-24-10-3-3,n371,24,10,3,3
mn-24-10-3-4,n372,24,10,3,4
mn-24-13-4-1,n373,24,13,4,1
mn-24-13-4-2,n374,24,13,4,2
mn-24-13-4-3,n375,24,13,4,3
mn-24-13-4-4,n376,24,13,4,4
mn-24-13-4-5,n377,24,13,4,5
mn-24-13-4-6,n378,24,13,4,6
mn-25-1-1-1,n379,25,1,1,1
mn-25-5-2-1,n380,25,5,2,1
mn-25-9-3-1,n381,25,9,3,1
mn-25-9-3-2,n382,25,9,3,2
mn-25-9-3-3,n383,25,9,3,3
mn-25-9-3-4,n384,25,9,3,4
mn-25-9-3-5,n385,25,9,3,5
mn-25-9-3-6,n386,25,9,3,6
mn-25-9-3-7,n387,25,9,3,7
mn-25-9-3-8,n388,25,9,3,8
mn-25-9-3-9,n389,25,9,3,9
mn-25-9-3-10,n390,25,9,3,10
mn-25-13-4-1,n391,25,13,4,1
mn-25-13-4-2,n392,25,13,4,2
mn-25-13-4-3,n393,25,13,4,3
mn-25-13-4-4,n394,25,13,4,4
mn-25-13-4-5,n395,25,13,4,5
mn-25-13-4-6,n396,25,13,4,6
mn-26-1-1-1,n397,26,1,1,1
mn-26-5-2-1,n398,26,5,2,1
mn-26-9-3-1,n399,26,9,3,1
mn-26-9-3-2,n400,26,9,3,2
mn-26-9-3-3,n401,26,9,3,3
mn-26-9-3-4,n402,26,9,3,4
mn-26-9-3-5,n403,26,9,3,5
mn-26-9-3-6,n404,26,9,3,6
mn-26-9-3-7,n405,26,9,3,7
mn-26-9-3-8,n406,26,9,3,8
mn-26-9-3-9,n407,26,9,3,9
mn-26-9-3-10,n408,26,9,3,10
mn-26-9-3-11,n409,26,9,3,11
mn-26-9-3-12,n410,26,9,3,12
mn-26-13-4-1,n411,26,13,4,1
mn-26-13-4-2,n412,26,13,4,2
mn-26-13-4-3,n413,26,13,4,3
mn-26-13-4-4,n414,26,13,4,4
mn-26-13-4-5,n415,26,13,4,5
mn-26-13-4-6,n416,26,13,4,6
mn-26-13-4-7,n417,26,13,4,7
mn-26-13-4-8,n418,26,13,4,8
mn-26-13-4-9,n419,26,13,4,9
mn-26-13-4-10,n420,26,13,4,10
mn-26-13-4-11,n421,26,13,4,11
mn-27-1-1-1,n422,27,1,1,1
mn-27-5-2-1,n423,27,5,2,1
mn-27-9-3-1,n424,27,9,3,1
mn-27-9-3-2,n425,27,9,3,2
mn-27-9-3-3,n426,27,9,3,3
mn-27-9-3-4,n427,27,9,3,4
mn-27-9-3-5,n428,27,9,3,5
mn-27-9-3-6,n429,27,9,3,6
mn-27-9-3-7,n430,27,9,3,7
mn-27-9-3-8,n431,27,9,3,8
mn-27-9-3-9,n432,27,9,3,9
mn-27-9-3-10,n433,27,9,3,10
mn-27-9-3-11,n434,27,9,3,11
mn-27-9-3-12,n435,27,9,3,12
mn-27-9-3-13,n436,27,9,3,13
mn-27-13-4-1,n437,27,13,4,1
mn-27-13-4-2,n438,27,13,4,2
mn-27-13-4-3,n439,27,13,4,3
mn-27-13-4-4,n440,27,13,4,4
mn-27-13-4-5,n441,27,13,4,5
mn-27-13-4-6,n442,27,13,4,6
mn-27-13-4-7,n443,27,13,4,7
mn-27-13-4-8,n444,27,13,4,8
mn-27-13-4-9,n445,27,13,4,9
mn-27-13-4-10,n446,27,13,4,10
mn-27-13-4-11,n447,27,13,4,11
mn-28-1-1-1,n448,28,1,1,1
mn-28-5-2-1,n449,28,5,2,1
mn-28-9-3-1,n450,28,9,3,1
mn-28-9-3-2,n451,28,9,3,2
mn-28-9-3-3,n452,28,9,3,3
mn-28-9-3-4,n453,28,9,3,4
mn-28-9-3-5,n454,28,9,3,5
mn-28-9-3-6,n455,28,9,3,6
mn-28-9-3-7,n456,28,9,3,7
mn-28-9-3-8,n457,28,9,3,8
mn-28-9-3-9,n458,28,9,3,9
mn-28-9-3-10,n459,28,9,3,10
mn-28-9-3-11,n460,28,9,3,11
mn-28-9-3-12,n461,28,9,3,12
mn-28-9-3-13,n462,28,9,3,13
mn-28-9-3-14,n463,28,9,3,14
mn-28-9-3-15,n464,28,9,3,15
mn-28-9-3-16,n465,28,9,3,16
mn-28-9-3-17,n466,28,9,3,17
mn-28-9-3-18,n467,28,9,3,18
mn-28-9-3-19,n468,28,9,3,19
mn-28-9-3-20,n469,28,9,3,20
mn-28-9-3-21,n470,28,9,3,21
mn-28-9-3-22,n471,28,9,3,22
mn-28-9-3-23,n472,28,9,3,23
mn-28-13-4-1,n473,28,13,4,1
mn-28-13-4-2,n474,28,13,4,2
mn-28-13-4-3,n475,28,13,4,3
mn-28-13-4-4,n476,28,13,4,4
mn-28-13-4-5,n477,28,13,4,5
mn-28-13-4-6,n478,28,13,4,6
mn-28-13-4-7,n479,28,13,4,7
mn-28-13-4-8,n480,28,13,4,8
mn-28-13-4-9,n481,28,13,4,9
mn-28-13-4-10,n482,28,13,4,10
mn-28-13-4-11,n483,28,13,4,11
mn-29-1-1-1,n484,29,1,1,1
mn-29-5-2-1,n485,29,5,2,1
mn-29-9-3-1,n486,29,9,3,1
mn-29-9-3-2,n487,29,9,3,2
mn-29-9-3-3,n488,29,9,3,3
mn-29-9-3-4,n489,29,9,3,4
mn-29-9-3-5,n490,29,9,3,5
mn-29-9-3-6,n491,29,9,3,6
mn-29-9-3-7,n492,29,9,3,7
mn-29-9-3-8,n493,29,9,3,8
mn-29-9-3-9,n494,29,9,3,9
mn-29-9-3-10,n495,29,9,3,10
mn-29-9-3-11,n496,29,9,3,11
mn-29-9-3-12,n497,29,9,3,12
mn-29-9-3-13,n498,29,9,3,13
mn-29-13-4-1,n499,29,13,4,1
mn-29-13-4-2,n500,29,13,4,2
mn-29-13-4-3,n501,29,13,4,3
mn-29-13-4-4,n502,29,13,4,4
mn-29-13-4-5,n503,29,13,4,5
mn-29-13-4-6,n504,29,13,4,6
mn-29-13-4-7,n505,29,13,4,7
mn-29-13-4-8,n506,29,13,4,8
mn-29-13-4-9,n507,29,13,4,9
mn-29-13-4-10,n508,29,13,4,10
mn-29-13-4-11,n509,29,13,4,11
mn-30-1-1-1,n510,30,1,1,1
mn-30-5-2-1,n511,30,5,2,1
mn-30-9-3-1,n512,30,9,3,1
mn-30-9-3-2,n513,30,9,3,2
mn-30-9-3-3,n514,30,9,3,3
mn-30-9-3-4,n515,30,9,3,4
mn-30-9-3-5,n516,30,9,3,5
mn-30-9-3-6,n517,30,9,3,6
mn-30-9-3-7,n518,30,9,3,7
mn-30-9-3-8,n519,30,9,3,8
mn-30-9-3-9,n520,30,9,3,9
mn-30-9-3-10,n521,30,9,3,10
mn-30-9-3-11,n522,30,9,3,11
mn-30-9-3-12,n523,30,9,3,12
mn-30-13-4-1,n524,30,13,4,1
mn-30-13-4-2,n525,30,13,4,2
mn-30-13-4-3,n526,30,13,4,3
mn-30-13-4-4,n527,30,13,4,4
mn-30-13-4-5,n528,30,13,4,5
mn-30-13-4-6,n529,30,13,4,6
mn-30-13-4-7,n530,30,13,4,7
mn-30-13-4-8,n531,30,13,4,8
mn-30-13-4-9,n532,30,13,4,9
mn-30-13-4-10,n533,30,13,4,10
mn-30-13-4-11,n534,30,13,4,11
mn-31-1-1-1,n535,31,1,1,1
mn-31-5-2-1,n536,31,5,2,1
mn-31-9-3-1,n537,31,9,3,1
mn-31-9-3-2,n538,31,9,3,2
mn-31-9-3-3,n539,31,9,3,3
mn-31-9-3-4,n540,31,9,3,4
mn-31-9-3-5,n541,31,9,3,5
mn-31-9-3-6,n542,31,9,3,6
mn-31-9-3-7,n543,31,9,3,7
mn-31-9-3-8,n544,31,9,3,8
mn-31-9-3-9,n545,31,9,3,9
mn-31-9-3-10,n546,31,9,3,10
mn-31-9-3-11,n547,31,9,3,11
mn-31-9-3-12,n548,31,9,3,12
mn-31-9-3-13,n549,31,9,3,13
mn-31-13-4-1,n550,31,13,4,1
mn-31-13-4-2,n551,31,13,4,2
mn-31-13-4-3,n552,31,13,4,3
mn-31-13-4-4,n553,31,13,4,4
mn-31-13-4-5,n554,31,13,4,5
mn-31-13-4-6,n555,31,13,4,6
mn-31-13-4-7,n556,31,13,4,7
mn-31-13-4-8,n557,31,13,4,8
mn-31-13-4-9,n558,31,13,4,9
mn-31-13-4-10,n559,31,13,4,10
mn-31-13-4-11,n560,31,13,4,11
mn-32-1-1-1,n561,32,1,1,1
mn-32-5-2-1,n562,32,5,2,1
mn-32-9-3-1,n563,32,9,3,1
mn-32-9-3-2,n564,32,9,3,2
mn-32-9-3-3,n565,32,9,3,3
mn-32-9-3-4,n566,32,9,3,4
mn-32-9-3-5,n567,32,9,3,5
mn-32-9-3-6,n568,32,9,3,6
mn-32-9-3-7,n569,32,9,3,7
mn-32-9-3-8,n570,32,9,3,8
mn-32-9-3-9,n571,32,9,3,9
mn-32-9-3-10,n572,32,9,3,10
mn-32-9-3-11,n573,32,9,3,11
mn-32-9-3-12,n574,32,9,3,12
mn-32-9-3-13,n575,32,9,3,13
mn-32-9-3-14,n576,32,9,3,14
mn-32-9-3-15,n577,32,9,3,15
mn-32-9-3-16,n578,32,9,3,16
mn-32-9-3-17,n579,32,9,3,17
mn-32-9-3-18,n580,32,9,3,18
mn-32-13-4-1,n581,32,13,4,1
mn-32-13-4-2,n582,32,13,4,2
mn-32-13-4-3,n583,32,13,4,3
mn-32-13-4-4,n584,32,13,4,4
mn-32-13-4-5,n585,32,13,4,5
mn-32-13-4-6,n586,32,13,4,6
mn-32-13-4-7,n587,32,13,4,7
mn-32-13-4-8,n588,32,13,4,8
mn-32-13-4-9,n589,32,13,4,9
mn-32-13-4-10,n590,32,13,4,10
mn-32-13-4-11,n591,32,13,4,11
mn-33-1-1-1,n592,33,1,1,1
mn-33-1-1-2,n593,33,1,1,2
mn-33-1-1-3,n594,33,1,1,3
mn-33-5-2-1,n595,33,5,2,1
mn-33-5-2-2,n596,33,5,2,2
mn-33-5-2-3,n597,33,5,2,3
mn-33-9-3-1,n598,33,9,3,1
mn-33-9-3-2,n599,33,9,3,2
mn-33-9-3-3,n600,33,9,3,3
mn-33-9-3-4,n601,33,9,3,4
mn-33-9-3-5,n602,33,9,3,5
mn-33-9-3-6,n603,33,9,3,6
mn-33-13-4-1,n604,33,13,4,1
mn-33-13-4-2,n605,33,13,4,2
mn-33-13-4-3,n606,33,13,4,3
mn-33-13-4-4,n607,33,13,4,4
mn-33-13-4-5,n608,33,13,4,5
mn-33-13-4-6,n609,33,13,4,6
mn-33-13-4-7,n610,33,13,4,7
mn-33-13-4-8,n611,33,13,4,8
mn-33-13-4-9,n612,33,13,4,9
mn-33-13-4-10,n613,33,13,4,10
mn-34-1-1-1,n614,34,1,1,1
mn-34-5-2-1,n615,34,5,2,1
mn-34-9-3-1,n616,34,9,3,1
mn-34-9-3-2,n617,34,9,3,2
mn-34-13-4-1,n618,34,13,4,1
mn-35-1-1-1,n619,35,1,1,1
mn-35-5-2-1,n620,35,5,2,1
mn-35-9-3-1,n621,35,9,3,1
mn-35-9-3-2,n622,35,9,3,2
mn-35-9-3-3,n623,35,9,3,3
mn-35-9-3-4,n624,35,9,3,4
mn-35-9-3-5,n625,35,9,3,5
mn-35-9-3-6,n626,35,9,3,6
mn-35-9-3-7,n627,35,9,3,7
mn-35-9-3-8,n628,35,9,3,8
mn-35-13-4-1,n629,35,13,4,1
mn-35-13-4-2,n630,35,13,4,2
mn-35-13-4-3,n631,35,13,4,3
mn-35-13-4-4,n632,35,13,4,4
mn-35-13-4-5,n633,35,13,4,5
mn-35-13-4-6,n634,35,13,4,6
mn-35-13-4-7,n635,35,13,4,7
mn-35-13-4-8,n636,35,13,4,8
mn-36-1-1-1,n637,36,1,1,1
mn-36-5-2-1,n638,36,5,2,1
mn-36-9-3-1,n639,36,9,3,1
mn-36-9-3-2,n640,36,9,3,2
mn-36-9-3-3,n641,36,9,3,3
mn-36-9-3-4,n642,36,9,3,4
mn-36-9-3-5,n643,36,9,3,5
mn-36-9-3-6,n644,36,9,3,6
mn-36-9-3-7,n645,36,9,3,7
mn-36-9-3-8,n646,36,9,3,8
mn-36-9-3-9,n647,36,9,3,9
mn-36-10-3-1,n648,36,10,3,1
mn-36-10-3-2,n649,36,10,3,2
mn-36-10-3-3,n650,36,10,3,3
mn-36-10-3-4,n651,36,10,3,4
mn-36-13-4-1,n652,36,13,4,1
mn-36-13-4-2,n653,36,13,4,2
mn-36-13-4-3,n654,36,13,4,3
mn-36-13-4-4,n655,36,13,4,4
mn-36-13-4-5,n656,36,13,4,5
mn-36-13-4-6,n657,36,13,4,6
mn-36-13-4-7,n658,36,13,4,7
mn-37-1-1-1,n659,37,1,1,1
mn-37-5-2-1,n660,37,5,2,1
mn-37-9-3-1,n661,37,9,3,1
mn-37-9-3-2,n662,37,9,3,2
mn-37-9-3-3,n663,37,9,3,3
mn-37-9-3-4,n664,37,9,3,4
mn-37-9-3-5,n665,37,9,3,5
mn-37-9-3-6,n666,37,9,3,6
mn-37-9-3-7,n667,37,9,3,7
mn-37-9-3-8,n668,37,9,3,8
mn-37-9-3-9,n669,37,9,3,9
mn-37-9-3-10,n670,37,9,3,10
mn-37-9-3-11,n671,37,9,3,11
mn-37-9-3-12,n672,37,9,3,12
mn-37-10-3-1,n673,37,10,3,1
mn-37-10-3-2,n674,37,10,3,2
mn-37-13-4-1,n675,37,13,4,1
mn-37-13-4-2,n676,37,13,4,2
mn-37-13-4-3,n677,37,13,4,3
mn-37-13-4-4,n678,37,13,4,4
mn-37-13-4-5,n679,37,13,4,5
mn-37-13-4-6,n680,37,13,4,6
mn-37-13-4-7,n681,37,13,4,7
mn-38-1-1-1,n682,38,1,1,1
mn-38-5-2-1,n683,38,5,2,1
mn-38-9-3-1,n684,38,9,3,1
mn-38-9-3-2,n685,38,9,3,2
mn-38-9-3-3,n686,38,9,3,3
mn-38-9-3-4,n687,38,9,3,4
mn-38-9-3-5,n688,38,9,3,5
mn-38-9-3-6,n689,38,9,3,6
mn-38-9-3-7,n690,38,9,3,7
mn-38-10-3-1,n691,38,10,3,1
mn-38-10-3-2,n692,38,10,3,2
mn-38-10-3-3,n693,38,10,3,3
mn-38-10-3-4,n694,38,10,3,4
mn-38-10-3-5,n695,38,10,3,5
mn-38-10-3-6,n696,38,10,3,6
mn-38-13-4-1,n697,38,13,4,1
mn-38-13-4-2,n698,38,13,4,2
mn-38-13-4-3,n699,38,13,4,3
mn-38-13-4-4,n700,38,13,4,4
mn-38-13-4-5,n701,38,13,4,5
mn-38-13-4-6,n702,38,13,4,6
mn-38-13-4-7,n703,38,13,4,7
mn-39-1-1-1,n704,39,1,1,1
mn-39-5-2-1,n705,39,5,2,1
mn-39-9-3-1,n706,39,9,3,1
mn-39-9-3-2,n707,39,9,3,2
mn-39-9-3-3,n708,39,9,3,3
mn-39-9-3-4,n709,39,9,3,4
mn-39-9-3-5,n710,39,9,3,5
mn-39-9-3-6,n711,39,9,3,6
mn-39-10-3-1,n712,39,10,3,1
mn-39-10-3-2,n713,39,10,3,2
mn-39-10-3-3,n714,39,10,3,3
mn-39-10-3-4,n715,39,10,3,4
mn-39-13-4-1,n716,39,13,4,1
mn-39-13-4-2,n717,39,13,4,2
mn-39-13-4-3,n718,39,13,4,3
mn-39-13-4-4,n719,39,13,4,4
mn-39-13-4-5,n720,39,13,4,5
mn-39-13-4-6,n721,39,13,4,6
mn-39-13-4-7,n722,39,13,4,7
mn-39-13-4-8,n723,39,13,4,8
mn-39-13-4-9,n724,39,13,4,9
mn-39-13-4-10,n725,39,13,4,10
mn-39-13-4-11,n726,39,13,4,11
mn-39-13-4-12,n727,39,13,4,12
mn-40-1-1-1,n728,40,1,1,1
mn-40-5-2-1,n729,40,5,2,1
mn-40-9-3-1,n730,40,9,3,1
mn-40-9-3-2,n731,40,9,3,2
mn-40-9-3-3,n732,40,9,3,3
mn-40-9-3-4,n733,40,9,3,4
mn-40-9-3-5,n734,40,9,3,5
mn-40-9-3-6,n735,40,9,3,6
mn-40-9-3-7,n736,40,9,3,7
mn-40-13-4-1,n737,40,13,4,1
mn-40-13-4-2,n738,40,13,4,2
mn-40-13-4-3,r2,40,13,4,3
mn-40-13-4-4,r3,40,13,4,4
mn-40-14-4-1,n739,40,14,4,1
mn-40-14-4-2,n740,40,14,4,2
mn-40-14-4-3,n741,40,14,4,3
mn-40-14-4-4,n742,40,14,4,4
mn-40-14-4-5,n743,40,14,4,5
mn-41-1-1-1,n744,41,1,1,1
mn-41-5-2-1,n745,41,5,2,1
mn-41-9-3-1,n746,41,9,3,1
mn-41-9-3-2,n747,41,9,3,2
mn-41-9-3-3,n748,41,9,3,3
mn-41-9-3-4,n749,41,9,3,4
mn-41-9-3-5,n750,41,9,3,5
mn-41-9-3-6,n751,41,9,3,6
mn-41-9-3-7,n752,41,9,3,7
mn-41-9-3-8,n753,41,9,3,8
mn-41-9-3-9,n754,41,9,3,9
mn-41-9-3-10,n755,41,9,3,10
mn-41-9-3-11,n756,41,9,3,11
mn-41-13-4-1,n757,41,13,4,1
mn-41-13-4-2,n758,41,13,4,2
mn-41-13-4-3,n759,41,13,4,3
mn-41-13-4-4,n760,41,13,4,4
mn-42-1-1-1,n761,42,1,1,1
mn-42-5-2-1,n762,42,5,2,1
mn-42-9-3-1,n763,42,9,3,1
mn-42-9-3-2,n764,42,9,3,2
mn-42-9-3-3,n765,42,9,3,3
mn-42-9-3-4,n766,42,9,3,4
mn-42-9-3-5,n767,42,9,3,5
mn-42-9-3-6,n768,42,9,3,6
mn-42-10-3-1,n769,42,10,3,1
mn-42-10-3-2,n770,42,10,3,2
mn-42-10-3-3,n771,42,10,3,3
mn-42-10-3-4,n772,42,10,3,4
mn-42-13-4-1,n773,42,13,4,1
mn-42-13-4-2,n774,42,13,4,2
mn-42-13-4-3,n775,42,13,4,3
mn-42-13-4-4,n776,42,13,4,4
mn-42-13-4-5,n777,42,13,4,5
mn-42-13-4-6,n778,42,13,4,6
mn-42-13-4-7,n779,42,13,4,7
mn-42-13-4-8,n780,42,13,4,8
mn-42-13-4-9,n781,42,13,4,9
mn-42-13-4-10,n782,42,13,4,10
mn-42-13-4-11,n783,42,13,4,11
mn-42-13-4-12,n784,42,13,4,12
mn-42-13-4-13,n785,42,13,4,13
mn-43-1-1-1,n786,43,1,1,1
mn-43-5-2-1,n787,43,5,2,1
mn-43-9-3-1,n788,43,9,3,1
mn-43-9-3-2,n789,43,9,3,2
mn-43-9-3-3,n790,43,9,3,3
mn-43-9-3-4,n791,43,9,3,4
mn-43-9-3-5,n792,43,9,3,5
mn-43-9-3-6,n793,43,9,3,6
mn-43-9-3-7,n794,43,9,3,7
mn-43-9-3-8,n795,43,9,3,8
mn-43-13-4-1,n796,43,13,4,1
mn-43-13-4-2,n797,43,13,4,2
mn-43-13-4-3,r4,43,13,4,3
mn-43-13-4-4,r5,43,13,4,4
mn-43-14-4-1,n798,43,14,4,1
mn-43-14-4-2,n799,43,14,4,2
mn-43-14-4-3,n800,43,14,4,3
mn-43-14-4-4,n801,43,14,4,4
mn-44-1-1-1,n802,44,1,1,1
mn-44-1-1-2,n803,44,1,1,2
mn-44-5-2-1,n804,44,5,2,1
mn-44-5-2-2,n805,44,5,2,2
mn-44-9-3-1,n806,44,9,3,1
mn-44-9-3-2,n807,44,9,3,2
mn-44-9-3-3,n808,44,9,3,3
mn-44-9-3-4,n809,44,9,3,4
mn-44-9-3-5,n810,44,9,3,5
mn-44-9-3-6,n811,44,9,3,6
mn-44-9-3-7,n812,44,9,3,7
mn-44-9-3-8,n813,44,9,3,8
mn-44-9-3-9,n814,44,9,3,9
mn-44-9-3-10,n815,44,9,3,10
mn-44-9-3-11,n816,44,9,3,11
mn-44-9-3-12,n817,44,9,3,12
mn-44-9-3-13,n818,44,9,3,13
mn-44-9-3-14,n819,44,9,3,14
mn-44-9-3-15,n820,44,9,3,15
mn-44-9-3-16,n821,44,9,3,16
mn-44-9-3-17,n822,44,9,3,17
mn-44-9-3-18,n823,44,9,3,18
mn-44-9-3-19,n824,44,9,3,19
mn-44-9-3-20,n825,44,9,3,20
mn-44-9-3-21,n826,44,9,3,21
mn-44-9-3-22,n827,44,9,3,22
mn-44-9-3-23,n828,44,9,3,23
mn-44-9-3-24,n829,44,9,3,24
mn-44-9-3-25,n830,44,9,3,25
mn-44-9-3-26,n831,44,9,3,26
mn-44-9-3-27,n832,44,9,3,27
mn-44-9-3-28,n833,44,9,3,28
mn-44-9-3-29,n834,44,9,3,29
mn-44-9-3-30,n835,44,9,3,30
mn-44-9-3-31,n836,44,9,3,31
mn-44-13-4-1,n837,44,13,4,1
mn-45-1-1-1,n838,45,1,1,1
mn-45-1-1-2,n839,45,1,1,2
mn-45-5-2-1,n840,45,5,2,1
mn-45-5-2-2,n841,45,5,2,2
mn-45-9-3-1,n842,45,9,3,1
mn-45-9-3-2,n843,45,9,3,2
mn-45-9-3-3,n844,45,9,3,3
mn-45-9-3-4,n845,45,9,3,4
mn-45-9-3-5,n846,45,9,3,5
mn-45-9-3-6,n847,45,9,3,6
mn-45-9-3-7,n848,45,9,3,7
mn-45-9-3-8,n849,45,9,3,8
mn-45-9-3-9,n850,45,9,3,9
mn-45-9-3-10,n851,45,9,3,10
mn-45-9-3-11,n852,45,9,3,11
mn-45-9-3-12,n853,45,9,3,12
mn-45-9-3-13,n854,45,9,3,13
mn-45-9-3-14,n855,45,9,3,14
mn-45-9-3-15,n856,45,9,3,15
mn-45-9-3-16,n857,45,9,3,16
mn-45-9-3-17,n858,45,9,3,17
mn-45-9-3-18,n859,45,9,3,18
mn-45-9-3-19,n860,45,9,3,19
mn-45-9-3-20,n861,45,9,3,20
mn-45-9-3-21,n862,45,9,3,21
mn-45-9-3-22,n863,45,9,3,22
mn-45-9-3-23,n864,45,9,3,23
mn-45-9-3-24,n865,45,9,3,24
mn-45-9-3-25,n866,45,9,3,25
mn-45-9-3-26,n867,45,9,3,26
mn-45-9-3-27,n868,45,9,3,27
mn-45-9-3-28,n869,45,9,3,28
mn-45-9-3-29,n870,45,9,3,29
mn-45-9-3-30,n871,45,9,3,30
mn-45-9-3-31,n872,45,9,3,31
mn-45-9-3-32,n873,45,9,3,32
mn-45-9-3-33,n874,45,9,3,33
mn-45-9-3-34,n875,45,9,3,34
mn-45-9-3-35,n876,45,9,3,35
mn-45-9-3-36,n877,45,9,3,36
mn-45-9-3-37,n878,45,9,3,37
mn-45-9-3-38,n879,45,9,3,38
mn-45-9-3-39,n880,45,9,3,39
mn-45-9-3-40,n881,45,9,3,40
mn-45-9-3-41,n882,45,9,3,41
mn-45-9-3-42,n883,45,9,3,42
mn-45-9-3-43,n884,45,9,3,43
mn-45-9-3-44,n885,45,9,3,44
mn-45-9-3-45,n886,45,9,3,45
mn-45-9-3-46,n887,45,9,3,46
mn-45-9-3-47,n888,45,9,3,47
mn-45-9-3-48,n889,45,9,3,48
mn-45-9-3-49,n890,45,9,3,49
mn-45-9-3-50,n891,45,9,3,50
mn-45-9-3-51,n892,45,9,3,51
mn-45-9-3-52,n893,45,9,3,52
mn-45-9-3-53,n894,45,9,3,53
mn-45-9-3-54,n895,45,9,3,54
mn-45-13-4-1,n896,45,13,4,1
mn-46-1-1-1,n897,46,1,1,1
mn-46-5-2-1,n898,46,5,2,1
mn-46-9-3-1,n899,46,9,3,1
mn-46-9-3-2,n900,46,9,3,2
mn-46-9-3-3,n901,46,9,3,3
mn-46-9-3-4,n902,46,9,3,4
mn-46-9-3-5,n903,46,9,3,5
mn-46-9-3-6,n904,46,9,3,6
mn-46-9-3-7,n905,46,9,3,7
mn-46-9-3-8,n906,46,9,3,8
mn-46-10-3-1,n907,46,10,3,1
mn-46-10-3-2,n908,46,10,3,2
mn-46-10-3-3,n909,46,10,3,3
mn-46-10-3-4,n910,46,10,3,4
mn-46-13-4-1,n911,46,13,4,1
mn-46-13-4-2,n912,46,13,4,2
mn-46-13-4-3,n913,46,13,4,3
mn-46-13-4-4,n914,46,13,4,4
mn-46-13-4-5,n915,46,13,4,5
mn-46-13-4-6,n916,46,13,4,6
mn-46-13-4-7,n917,46,13,4,7
mn-46-13-4-8,n918,46,13,4,8
mn-46-13-4-9,n919,46,13,4,9
mn-46-13-4-10,n920,46,13,4,10
mn-46-13-4-11,n921,46,13,4,11
mn-47-1-1-1,n922,47,1,1,1
mn-47-5-2-1,n923,47,5,2,1
mn-47-9-3-1,n924,47,9,3,1
mn-47-9-3-2,n925,47,9,3,2
mn-47-9-3-3,n926,47,9,3,3
mn-47-9-3-4,n927,47,9,3,4
mn-47-9-3-5,n928,47,9,3,5
mn-47-9-3-6,n929,47,9,3,6
mn-47-9-3-7,n930,47,9,3,7
mn-47-9-3-8,n931,47,9,3,8
mn-47-9-3-9,n932,47,9,3,9
mn-47-13-4-1,n933,47,13,4,1
mn-47-13-4-2,n934,47,13,4,2
mn-47-13-4-3,n935,47,13,4,3
mn-47-13-4-4,n936,47,13,4,4
mn-47-13-4-5,n937,47,13,4,5
mn-47-13-4-6,n938,47,13,4,6
mn-47-13-4-7,n939,47,13,4,7
mn-47-13-4-8,n940,47,13,4,8
mn-47-13-4-9,n941,47,13,4,9
mn-47-13-4-10,n942,47,13,4,10
mn-47-13-4-11,n943,47,13,4,11
mn-48-1-1-1,n944,48,1,1,1
mn-48-5-2-1,n945,48,5,2,1
mn-48-9-3-1,n946,48,9,3,1
mn-48-9-3-2,n947,48,9,3,2
mn-48-9-3-3,n948,48,9,3,3
mn-48-9-3-4,n949,48,9,3,4
mn-48-9-3-5,n950,48,9,3,5
mn-48-9-3-6,n951,48,9,3,6
mn-48-9-3-7,n952,48,9,3,7
mn-48-9-3-8,n953,48,9,3,8
mn-48-9-3-9,n954,48,9,3,9
mn-48-9-3-10,n955,48,9,3,10
mn-48-9-3-11,n956,48,9,3,11
mn-48-9-3-12,n957,48,9,3,12
mn-48-10-3-1,n958,48,10,3,1
mn-48-10-3-2,n959,48,10,3,2
mn-48-10-3-3,n960,48,10,3,3
mn-48-10-3-4,n961,48,10,3,4
mn-48-13-4-1,n962,48,13,4,1
mn-48-13-4-2,n963,48,13,4,2
mn-48-13-4-3,n964,48,13,4,3
mn-48-13-4-4,n965,48,13,4,4
mn-48-13-4-5,n966,48,13,4,5
mn-48-13-4-6,n967,48,13,4,6
mn-48-13-4-7,n968,48,13,4,7
mn-48-13-4-8,n969,48,13,4,8
mn-48-13-4-9,n970,48,13,4,9
mn-48-13-4-10,n971,48,13,4,10
mn-48-13-4-11,n972,48,13,4,11
mn-49-1-1-1,n973,49,1,1,1
mn-49-5-2-1,n974,49,5,2,1
mn-49-9-3-1,n975,49,9,3,1
mn-49-9-3-2,n976,49,9,3,2
mn-49-9-3-3,n977,49,9,3,3
mn-49-9-3-4,n978,49,9,3,4
mn-49-9-3-5,n979,49,9,3,5
mn-49-9-3-6,n980,49,9,3,6
mn-49-9-3-7,n981,49,9,3,7
mn-49-9-3-8,n982,49,9,3,8
mn-49-9-3-9,n983,49,9,3,9
mn-49-9-3-10,n984,49,9,3,10
mn-49-9-3-11,n985,49,9,3,11
mn-49-13-4-1,n986,49,13,4,1
mn-49-13-4-2,n987,49,13,4,2
mn-49-13-4-3,n988,49,13,4,3
mn-49-13-4-4,n989,49,13,4,4
mn-49-13-4-5,n990,49,13,4,5
mn-49-13-4-6,n991,49,13,4,6
mn-49-13-4-7,n992,49,13,4,7
mn-49-13-4-8,n993,49,13,4,8
mn-49-13-4-9,n994,49,13,4,9
mn-49-13-4-10,n995,49,13,4,10
mn-49-13-4-11,n996,49,13,4,11
mn-50-1-1-1,n997,50,1,1,1
mn-50-5-2-1,n998,50,5,2,1
mn-50-9-3-1,n999,50,9,3,1
mn-50-9-3-2,n1000,50,9,3,2
mn-50-9-3-3,n1001,50,9,3,3
mn-50-9-3-4,n1002,50,9,3,4
mn-50-9-3-5,n1003,50,9,3,5
mn-50-9-3-6,n1004,50,9,3,6
mn-50-9-3-7,n1005,50,9,3,7
mn-50-9-3-8,n1006,50,9,3,8
mn-50-9-3-9,n1007,50,9,3,9
mn-50-9-3-10,n1008,50,9,3,10
mn-50-9-3-11,n1009,50,9,3,11
mn-50-9-3-12,n1010,50,9,3,12
mn-50-13-4-1,n1011,50,13,4,1
mn-50-13-4-2,n1012,50,13,4,2
mn-50-13-4-3,n1013,50,13,4,3
mn-50-13-4-4,n1014,50,13,4,4
mn-50-13-4-5,n1015,50,13,4,5
mn-50-13-4-6,n1016,50,13,4,6
mn-50-13-4-7,n1017,50,13,4,7
mn-50-13-4-8,n1018,50,13,4,8
mn-50-13-4-9,n1019,50,13,4,9
mn-50-13-4-10,n1020,50,13,4,10
mn-50-13-4-11,n1021,50,13,4,11
mn-51-1-1-1,n1022,51,1,1,1
mn-51-5-2-1,n1023,51,5,2,1
mn-51-9-3-1,n1024,51,9,3,1
mn-51-9-3-2,n1025,51,9,3,2
mn-51-9-3-3,n1026,51,9,3,3
mn-51-9-3-4,n1027,51,9,3,4
mn-51-9-3-5,n1028,51,9,3,5
mn-51-9-3-6,n1029,51,9,3,6
mn-51-9-3-7,n1030,51,9,3,7
mn-51-9-3-8,n1031,51,9,3,8
mn-51-9-3-9,n1032,51,9,3,9
mn-51-9-3-10,n1033,51,9,3,10
mn-51-9-3-11,n1034,51,9,3,11
mn-51-9-3-12,n1035,51,9,3,12
mn-51-9-3-13,n1036,51,9,3,13
mn-51-13-4-1,n1037,51,13,4,1
mn-51-13-4-2,n1038,51,13,4,2
mn-51-13-4-3,n1039,51,13,4,3
mn-51-13-4-4,n1040,51,13,4,4
mn-51-13-4-5,n1041,51,13,4,5
mn-51-13-4-6,n1042,51,13,4,6
mn-51-13-4-7,n1043,51,13,4,7
mn-51-13-4-8,n1044,51,13,4,8
mn-51-13-4-9,n1045,51,13,4,9
mn-51-13-4-10,n1046,51,13,4,10
mn-51-13-4-11,n1047,51,13,4,11
mn-52-1-1-1,n1048,52,1,1,1
mn-52-5-2-1,n1049,52,5,2,1
mn-52-9-3-1,n1050,52,9,3,1
mn-52-9-3-2,n1051,52,9,3,2
mn-52-9-3-3,n1052,52,9,3,3
mn-52-9-3-4,n1053,52,9,3,4
mn-52-9-3-5,n1054,52,9,3,5
mn-52-9-3-6,n1055,52,9,3,6
mn-52-9-3-7,n1056,52,9,3,7
mn-52-9-3-8,n1057,52,9,3,8
mn-52-9-3-9,n1058,52,9,3,9
mn-52-9-3-10,n1059,52,9,3,10
mn-52-9-3-11,n1060,52,9,3,11
mn-52-9-3-12,n1061,52,9,3,12
mn-52-9-3-13,n1062,52,9,3,13
mn-52-9-3-14,n1063,52,9,3,14
mn-52-9-3-15,n1064,52,9,3,15
mn-52-9-3-16,n1065,52,9,3,16
mn-52-9-3-17,n1066,52,9,3,17
mn-52-9-3-18,n1067,52,9,3,18
mn-52-13-4-1,n1068,52,13,4,1
mn-52-13-4-2,n1069,52,13,4,2
mn-52-13-4-3,n1070,52,13,4,3
mn-52-13-4-4,n1071,52,13,4,4
mn-52-13-4-5,n1072,52,13,4,5
mn-52-13-4-6,n1073,52,13,4,6
mn-52-13-4-7,n1074,52,13,4,7
mn-52-13-4-8,n1075,52,13,4,8
mn-52-13-4-9,n1076,52,13,4,9
mn-52-13-4-10,n1077,52,13,4,10
mn-52-13-4-11,n1078,52,13,4,11
mn-53-1-1-1,n1079,53,1,1,1
mn-53-1-1-2,n1080,53,1,1,2
mn-53-1-1-3,n1081,53,1,1,3
mn-53-5-2-1,n1082,53,5,2,1
mn-53-5-2-2,n1083,53,5,2,2
mn-53-5-2-3,n1084,53,5,2,3
mn-53-9-3-1,n1085,53,9,3,1
mn-53-9-3-2,n1086,53,9,3,2
mn-53-9-3-3,n1087,53,9,3,3
mn-53-9-3-4,n1088,53,9,3,4
mn-53-9-3-5,n1089,53,9,3,5
mn-53-9-3-6,n1090,53,9,3,6
mn-53-13-4-1,n1091,53,13,4,1
mn-53-13-4-2,n1092,53,13,4,2
mn-53-13-4-3,n1093,53,13,4,3
mn-53-13-4-4,n1094,53,13,4,4
mn-53-13-4-5,n1095,53,13,4,5
mn-53-13-4-6,n1096,53,13,4,6
mn-53-13-4-7,n1097,53,13,4,7
mn-53-13-4-8,n1098,53,13,4,8
mn-53-13-4-9,n1099,53,13,4,9
mn-53-13-4-10,n1100,53,13,4,10
mn-54-1-1-1,n1101,54,1,1,1
mn-54-5-2-1,n1102,54,5,2,1
mn-54-9-3-1,n1103,54,9,3,1
mn-54-9-3-2,n1104,54,9,3,2
mn-54-9-3-3,n1105,54,9,3,3
mn-54-13-4-1,n1106,54,13,4,1
mn-55-1-1-1,n1107,55,1,1,1
mn-55-5-2-1,n1108,55,5,2,1
mn-55-9-3-1,n1109,55,9,3,1
mn-55-9-3-2,n1110,55,9,3,2
mn-55-9-3-3,n1111,55,9,3,3
mn-55-9-3-4,n1112,55,9,3,4
mn-55-9-3-5,n1113,55,9,3,5
mn-55-9-3-6,n1114,55,9,3,6
mn-55-9-3-7,n1115,55,9,3,7
mn-55-9-3-8,n1116,55,9,3,8
mn-55-13-4-1,n1117,55,13,4,1
mn-55-13-4-2,n1118,55,13,4,2
mn-55-13-4-3,n1119,55,13,4,3
mn-55-13-4-4,n1120,55,13,4,4
mn-55-13-4-5,n1121,55,13,4,5
mn-55-13-4-6,n1122,55,13,4,6
mn-55-13-4-7,n1123,55,13,4,7
mn-55-13-4-8,n1124,55,13,4,8
mn-55-13-4-9,n1125,55,13,4,9
mn-55-13-4-10,n1126,55,13,4,10
mn-56-1-1-1,n1127,56,1,1,1
mn-56-5-2-1,n1128,56,5,2,1
mn-56-9-3-1,n1129,56,9,3,1
mn-56-9-3-2,n1130,56,9,3,2
mn-56-9-3-3,n1131,56,9,3,3
mn-56-9-3-4,n1132,56,9,3,4
mn-56-9-3-5,n1133,56,9,3,5
mn-56-9-3-6,n1134,56,9,3,6
mn-56-9-3-7,n1135,56,9,3,7
mn-56-9-3-8,n1136,56,9,3,8
mn-56-9-3-9,n1137,56,9,3,9
mn-56-9-3-10,n1138,56,9,3,10
mn-56-10-3-1,n1139,56,10,3,1
mn-56-10-3-2,n1140,56,10,3,2
mn-56-10-3-3,n1141,56,10,3,3
mn-56-10-3-4,n1142,56,10,3,4
mn-56-10-3-5,n1143,56,10,3,5
mn-56-10-3-6,n1144,56,10,3,6
mn-56-13-4-1,n1145,56,13,4,1
mn-56-13-4-2,n1146,56,13,4,2
mn-56-13-4-3,n1147,56,13,4,3
mn-56-13-4-4,n1148,56,13,4,4
mn-56-13-4-5,n1149,56,13,4,5
mn-56-13-4-6,n1150,56,13,4,6
mn-56-13-4-7,n1151,56,13,4,7
mn-56-13-4-8,n1152,56,13,4,8
mn-56-13-4-9,n1153,56,13,4,9
mn-56-13-4-10,n1154,56,13,4,10
mn-57-1-1-1,n1155,57,1,1,1
mn-57-5-2-1,n1156,57,5,2,1
mn-57-9-3-1,n1157,57,9,3,1
mn-57-9-3-2,n1158,57,9,3,2
mn-57-9-3-3,n1159,57,9,3,3
mn-57-9-3-4,n1160,57,9,3,4
mn-57-9-3-5,n1161,57,9,3,5
mn-57-9-3-6,n1162,57,9,3,6
mn-57-9-3-7,n1163,57,9,3,7
mn-57-9-3-8,n1164,57,9,3,8
mn-57-9-3-9,n1165,57,9,3,9
mn-57-9-3-10,n1166,57,9,3,10
mn-57-9-3-11,n1167,57,9,3,11
mn-57-9-3-12,n1168,57,9,3,12
mn-57-10-3-1,n1169,57,10,3,1
mn-57-10-3-2,n1170,57,10,3,2
mn-57-13-4-1,n1171,57,13,4,1
mn-57-13-4-2,n1172,57,13,4,2
mn-57-13-4-3,n1173,57,13,4,3
mn-57-13-4-4,n1174,57,13,4,4
mn-57-13-4-5,n1175,57,13,4,5
mn-57-13-4-6,n1176,57,13,4,6
mn-57-13-4-7,n1177,57,13,4,7
mn-57-13-4-8,n1178,57,13,4,8
mn-57-13-4-9,n1179,57,13,4,9
mn-57-13-4-10,n1180,57,13,4,10
mn-58-1-1-1,n1181,58,1,1,1
mn-58-5-2-1,n1182,58,5,2,1
mn-58-9-3-1,n1183,58,9,3,1
mn-58-9-3-2,n1184,58,9,3,2
mn-58-9-3-3,n1185,58,9,3,3
mn-58-9-3-4,n1186,58,9,3,4
mn-58-9-3-5,n1187,58,9,3,5
mn-58-9-3-6,n1188,58,9,3,6
mn-58-9-3-7,n1189,58,9,3,7
mn-58-10-3-1,n1190,58,10,3,1
mn-58-10-3-2,n1191,58,10,3,2
mn-58-10-3-3,n1192,58,10,3,3
mn-58-10-3-4,n1193,58,10,3,4
mn-58-10-3-5,n1194,58,10,3,5
mn-58-10-3-6,n1195,58,10,3,6
mn-58-13-4-1,n1196,58,13,4,1
mn-58-13-4-2,n1197,58,13,4,2
mn-58-13-4-3,n1198,58,13,4,3
mn-58-13-4-4,n1199,58,13,4,4
mn-58-13-4-5,n1200,58,13,4,5
mn-58-13-4-6,n1201,58,13,4,6
mn-58-13-4-7,n1202,58,13,4,7
mn-58-13-4-8,n1203,58,13,4,8
mn-58-13-4-9,n1204,58,13,4,9
mn-58-13-4-10,n1205,58,13,4,10
mn-58-13-4-11,n1206,58,13,4,11
mn-59-1-1-1,n1207,59,1,1,1
mn-59-5-2-1,n1208,59,5,2,1
mn-59-9-3-1,n1209,59,9,3,1
mn-59-9-3-2,n1210,59,9,3,2
mn-59-9-3-3,n1211,59,9,3,3
mn-59-9-3-4,n1212,59,9,3,4
mn-59-9-3-5,n1213,59,9,3,5
mn-59-9-3-6,n1214,59,9,3,6
mn-59-10-3-1,n1215,59,10,3,1
mn-59-10-3-2,n1216,59,10,3,2
mn-59-10-3-3,n1217,59,10,3,3
mn-59-13-4-1,n1218,59,13,4,1
mn-59-13-4-2,n1219,59,13,4,2
mn-59-13-4-3,n1220,59,13,4,3
mn-59-13-4-4,n1221,59,13,4,4
mn-59-13-4-5,n1222,59,13,4,5
mn-59-13-4-6,n1223,59,13,4,6
mn-59-13-4-7,n1224,59,13,4,7
mn-59-13-4-8,n1225,59,13,4,8
mn-59-13-4-9,n1226,59,13,4,9
mn-59-13-4-10,n1227,59,13,4,10
mn-59-13-4-11,n1228,59,13,4,11
mn-59-13-4-12,n1229,59,13,4,12
mn-60-1-1-1,n1230,60,1,1,1
mn-60-5-2-1,n1231,60,5,2,1
mn-60-9-3-1,n1232,60,9,3,1
mn-60-9-3-2,n1233,60,9,3,2
mn-60-9-3-3,n1234,60,9,3,3
mn-60-9-3-4,n1235,60,9,3,4
mn-60-9-3-5,n1236,60,9,3,5
mn-60-9-3-6,n1237,60,9,3,6
mn-60-9-3-7,n1238,60,9,3,7
mn-60-9-3-8,n1239,60,9,3,8
mn-60-9-3-9,n1240,60,9,3,9
mn-60-9-3-10,n1241,60,9,3,10
mn-60-13-4-1,n1242,60,13,4,1
mn-60-13-4-2,n1243,60,13,4,2
mn-60-13-4-3,r6,60,13,4,3
mn-60-13-4-4,r7,60,13,4,4
mn-60-14-4-1,n1244,60,14,4,1
mn-60-14-4-2,n1245,60,14,4,2
mn-60-14-4-3,n1246,60,14,4,3
mn-60-14-4-4,n1247,60,14,4,4
mn-60-14-4-5,n1248,60,14,4,5
mn-61-1-1-1,n1249,61,1,1,1
mn-61-5-2-1,n1250,61,5,2,1
mn-61-9-3-1,n1251,61,9,3,1
mn-61-9-3-2,n1252,61,9,3,2
mn-61-9-3-3,n1253,61,9,3,3
mn-61-9-3-4,n1254,61,9,3,4
mn-61-9-3-5,n1255,61,9,3,5
mn-61-9-3-6,n1256,61,9,3,6
mn-61-9-3-7,n1257,61,9,3,7
mn-61-9-3-8,n1258,61,9,3,8
mn-61-9-3-9,n1259,61,9,3,9
mn-61-9-3-10,n1260,61,9,3,10
mn-61-9-3-11,n1261,61,9,3,11
mn-61-9-3-12,n1262,61,9,3,12
mn-61-9-3-13,n1263,61,9,3,13
mn-61-9-3-14,n1264,61,9,3,14
mn-61-13-4-1,n1265,61,13,4,1
mn-61-13-4-2,n1266,61,13,4,2
mn-61-13-4-3,n1267,61,13,4,3
mn-61-13-4-4,n1268,61,13,4,4
mn-62-1-1-1,n1269,62,1,1,1
mn-62-5-2-1,n1270,62,5,2,1
mn-62-9-3-1,n1271,62,9,3,1
mn-62-9-3-2,n1272,62,9,3,2
mn-62-9-3-3,n1273,62,9,3,3
mn-62-9-3-4,n1274,62,9,3,4
mn-62-9-3-5,n1275,62,9,3,5
mn-62-9-3-6,n1276,62,9,3,6
mn-62-10-3-1,n1277,62,10,3,1
mn-62-10-3-2,n1278,62,10,3,2
mn-62-10-3-3,n1279,62,10,3,3
mn-62-13-4-1,n1280,62,13,4,1
mn-62-13-4-2,n1281,62,13,4,2
mn-62-13-4-3,n1282,62,13,4,3
mn-62-13-4-4,n1283,62,13,4,4
mn-62-13-4-5,n1284,62,13,4,5
mn-62-13-4-6,n1285,62,13,4,6
mn-62-13-4-7,n1286,62,13,4,7
mn-62-13-4-8,n1287,62,13,4,8
mn-62-13-4-9,n1288,62,13,4,9
mn-62-13-4-10,n1289,62,13,4,10
mn-62-13-4-11,n1290,62,13,4,11
mn-62-13-4-12,n1291,62,13,4,12
mn-62-13-4-13,n1292,62,13,4,13
mn-63-1-1-1,n1293,63,1,1,1
mn-63-5-2-1,n1294,63,5,2,1
mn-63-9-3-1,n1295,63,9,3,1
mn-63-9-3-2,n1296,63,9,3,2
mn-63-9-3-3,n1297,63,9,3,3
mn-63-9-3-4,n1298,63,9,3,4
mn-63-9-3-5,n1299,63,9,3,5
mn-63-9-3-6,n1300,63,9,3,6
mn-63-9-3-7,n1301,63,9,3,7
mn-63-9-3-8,n1302,63,9,3,8
mn-63-9-3-9,n1303,63,9,3,9
mn-63-9-3-10,n1304,63,9,3,10
mn-63-13-4-1,n1305,63,13,4,1
mn-63-13-4-2,n1306,63,13,4,2
mn-63-13-4-3,r8,63,13,4,3
mn-63-13-4-4,r9,63,13,4,4
mn-63-14-4-1,n1307,63,14,4,1
mn-63-14-4-2,n1308,63,14,4,2
mn-63-14-4-3,n1309,63,14,4,3
mn-63-14-4-4,n1310,63,14,4,4
mn-64-1-1-1,n1311,64,1,1,1
mn-64-5-2-1,n1312,64,5,2,1
mn-64-9-3-1,n1313,64,9,3,1
mn-64-9-3-2,n1314,64,9,3,2
mn-64-9-3-3,n1315,64,9,3,3
mn-64-9-3-4,n1316,64,9,3,4
mn-64-9-3-5,n1317,64,9,3,5
mn-64-9-3-6,n1318,64,9,3,6
mn-64-9-3-7,n1319,64,9,3,7
mn-64-9-3-8,n1320,64,9,3,8
mn-64-9-3-9,n1321,64,9,3,9
mn-64-9-3-10,n1322,64,9,3,10
mn-64-9-3-11,n1323,64,9,3,11
mn-64-9-3-12,n1324,64,9,3,12
mn-64-9-3-13,n1325,64,9,3,13
mn-64-9-3-14,n1326,64,9,3,14
mn-64-9-3-15,n1327,64,9,3,15
mn-64-13-4-1,n1328,64,13,4,1
mn-65-1-1-1,n1329,65,1,1,1
mn-65-1-1-2,n1330,65,1,1,2
mn-65-1-1-3,n1331,65,1,1,3
mn-65-5-2-1,n1332,65,5,2,1
mn-65-5-2-2,n1333,65,5,2,2
mn-65-5-2-3,n1334,65,5,2,3
mn-65-9-3-1,n1335,65,9,3,1
mn-65-9-3-2,n1336,65,9,3,2
mn-65-9-3-3,n1337,65,9,3,3
mn-65-9-3-4,n1338,65,9,3,4
mn-65-9-3-5,n1339,65,9,3,5
mn-65-9-3-6,n1340,65,9,3,6
mn-65-9-3-7,n1341,65,9,3,7
mn-65-9-3-8,n1342,65,9,3,8
mn-65-9-3-9,n1343,65,9,3,9
mn-65-9-3-10,n1344,65,9,3,10
mn-65-9-3-11,n1345,65,9,3,11
mn-65-9-3-12,n1346,65,9,3,12
mn-65-9-3-13,n1347,65,9,3,13
mn-65-9-3-14,n1348,65,9,3,14
mn-65-9-3-15,n1349,65,9,3,15
mn-65-9-3-16,n1350,65,9,3,16
mn-65-9-3-17,n1351,65,9,3,17
mn-65-9-3-18,n1352,65,9,3,18
mn-65-9-3-19,n1353,65,9,3,19
mn-65-10-3-1,n1354,65,10,3,1
mn-65-10-3-2,n1355,65,10,3,2
mn-65-10-3-3,r10,65,10,3,3
mn-65-10-3-4,n1356,65,10,3,4
mn-65-10-3-5,n1357,65,10,3,5
mn-65-10-3-6,r11,65,10,3,6
mn-65-10-3-7,n1358,65,10,3,7
mn-65-10-3-8,n1359,65,10,3,8
mn-65-10-3-9,r12,65,10,3,9
mn-65-10-3-10,n1360,65,10,3,10
mn-65-10-3-11,n1361,65,10,3,11
mn-65-10-3-12,r13,65,10,3,12
mn-65-10-3-13,n1362,65,10,3,13
mn-65-10-3-14,n1363,65,10,3,14
mn-65-10-3-15,r14,65,10,3,15
mn-65-10-3-16,n1364,65,10,3,16
mn-65-10-3-17,n1365,65,10,3,17
mn-65-10-3-18,r15,65,10,3,18
mn-65-10-3-19,n1366,65,10,3,19
mn-65-13-4-1,n1367,65,13,4,1
mn-66-1-1-1,n1368,66,1,1,1
mn-66-5-2-1,n1369,66,5,2,1
mn-66-9-3-1,n1370,66,9,3,1
mn-66-9-3-2,n1371,66,9,3,2
mn-66-9-3-3,n1372,66,9,3,3
mn-66-9-3-4,n1373,66,9,3,4
mn-66-9-3-5,n1374,66,9,3,5
mn-66-9-3-6,n1375,66,9,3,6
mn-66-9-3-7,n1376,66,9,3,7
mn-66-9-3-8,n1377,66,9,3,8
mn-66-9-3-9,n1378,66,9,3,9
mn-66-9-3-10,n1379,66,9,3,10
mn-66-9-3-11,n1380,66,9,3,11
mn-66-9-3-12,n1381,66,9,3,12
mn-66-9-3-13,n1382,66,9,3,13
mn-66-9-3-14,n1383,66,9,3,14
mn-66-9-3-15,n1384,66,9,3,15
mn-66-9-3-16,n1385,66,9,3,16
mn-66-9-3-17,n1386,66,9,3,17
mn-66-9-3-18,n1387,66,9,3,18
mn-66-9-3-19,n1388,66,9,3,19
mn-66-9-3-20,n1389,66,9,3,20
mn-66-9-3-21,n1390,66,9,3,21
mn-66-9-3-22,n1391,66,9,3,22
mn-66-9-3-23,n1392,66,9,3,23
mn-66-9-3-24,n1393,66,9,3,24
mn-66-9-3-25,n1394,66,9,3,25
mn-66-9-3-26,n1395,66,9,3,26
mn-66-9-3-27,n1396,66,9,3,27
mn-66-9-3-28,n1397,66,9,3,28
mn-66-9-3-29,n1398,66,9,3,29
mn-66-9-3-30,n1399,66,9,3,30
mn-66-9-3-31,n1400,66,9,3,31
mn-66-9-3-32,n1401,66,9,3,32
mn-66-9-3-33,n1402,66,9,3,33
mn-66-9-3-34,n1403,66,9,3,34
mn-66-9-3-35,n1404,66,9,3,35
mn-66-9-3-36,n1405,66,9,3,36
mn-66-9-3-37,n1406,66,9,3,37
mn-66-9-3-38,n1407,66,9,3,38
mn-66-9-3-39,n1408,66,9,3,39
mn-66-9-3-40,n1409,66,9,3,40
mn-66-9-3-41,n1410,66,9,3,41
mn-66-9-3-42,n1411,66,9,3,42
mn-66-9-3-43,n1412,66,9,3,43
mn-66-9-3-44,n1413,66,9,3,44
mn-66-9-3-45,n1414,66,9,3,45
mn-66-9-3-46,n1415,66,9,3,46
mn-66-9-3-47,n1416,66,9,3,47
mn-66-9-3-48,n1417,66,9,3,48
mn-66-10-3-1,n1418,66,10,3,1
mn-66-10-3-2,n1419,66,10,3,2
mn-66-10-3-3,n1420,66,10,3,3
mn-66-10-3-4,n1421,66,10,3,4
mn-66-10-3-5,n1422,66,10,3,5
mn-66-10-3-6,n1423,66,10,3,6
mn-66-10-3-7,n1424,66,10,3,7
mn-66-10-3-8,n1425,66,10,3,8
mn-66-10-3-9,n1426,66,10,3,9
mn-66-10-3-10,n1427,66,10,3,10
mn-66-10-3-11,n1428,66,10,3,11
mn-66-10-3-12,n1429,66,10,3,12
mn-66-10-3-13,n1430,66,10,3,13
mn-66-10-3-14,n1431,66,10,3,14
mn-66-10-3-15,n1432,66,10,3,15
mn-66-10-3-16,n1433,66,10,3,16
mn-66-10-3-17,n1434,66,10,3,17
mn-66-10-3-18,n1435,66,10,3,18
mn-66-10-3-19,n1436,66,10,3,19
mn-66-10-3-20,n1437,66,10,3,20
mn-66-10-3-21,n1438,66,10,3,21
mn-66-10-3-22,n1439,66,10,3,22
mn-66-10-3-23,n1440,66,10,3,23
mn-66-10-3-24,n1441,66,10,3,24
mn-66-10-3-25,n1442,66,10,3,25
mn-66-10-3-26,n1443,66,10,3,26
mn-66-10-3-27,n1444,66,10,3,27
mn-66-10-3-28,n1445,66,10,3,28
mn-66-10-3-29,n1446,66,10,3,29
mn-66-10-3-30,n1447,66,10,3,30
mn-66-10-3-31,n1448,66,10,3,31
mn-66-10-3-32,n1449,66,10,3,32
mn-66-10-3-33,n1450,66,10,3,33
mn-66-10-3-34,n1451,66,10,3,34
mn-66-10-3-35,n1452,66,10,3,35
mn-66-10-3-36,n1453,66,10,3,36
mn-66-10-3-37,n1454,66,10,3,37
mn-66-10-3-38,n1455,66,10,3,38
mn-66-10-3-39,n1456,66,10,3,39
mn-66-10-3-40,n1457,66,10,3,40
mn-66-10-3-41,n1458,66,10,3,41
mn-66-10-3-42,n1459,66,10,3,42
mn-66-10-3-43,n1460,66,10,3,43
mn-66-10-3-44,n1461,66,10,3,44
mn-66-10-3-45,n1462,66,10,3,45
mn-66-10-3-46,n1463,66,10,3,46
mn-66-10-3-47,n1464,66,10,3,47
mn-66-10-3-48,n1465,66,10,3,48
mn-66-13-4-1,n1466,66,13,4,1
mn-67-1-1-1,n1467,67,1,1,1
mn-67-5-2-1,n1468,67,5,2,1
mn-67-9-3-1,n1469,67,9,3,1
mn-67-9-3-2,n1470,67,9,3,2
mn-67-9-3-3,n1471,67,9,3,3
mn-67-9-3-4,n1472,67,9,3,4
mn-67-9-3-5,n1473,67,9,3,5
mn-67-9-3-6,n1474,67,9,3,6
mn-67-9-3-7,n1475,67,9,3,7
mn-67-9-3-8,n1476,67,9,3,8
mn-67-9-3-9,n1477,67,9,3,9
mn-67-9-3-10,n1478,67,9,3,10
mn-67-9-3-11,n1479,67,9,3,11
mn-67-9-3-12,n1480,67,9,3,12
mn-67-9-3-13,n1481,67,9,3,13
mn-67-9-3-14,n1482,67,9,3,14
mn-67-9-3-15,n1483,67,9,3,15
mn-67-9-3-16,n1484,67,9,3,16
mn-67-9-3-17,n1485,67,9,3,17
mn-67-9-3-18,n1486,67,9,3,18
mn-67-9-3-19,n1487,67,9,3,19
mn-67-9-3-20,n1488,67,9,3,20
mn-67-9-3-21,n1489,67,9,3,21
mn-67-9-3-22,n1490,67,9,3,22
mn-67-9-3-23,n1491,67,9,3,23
mn-67-9-3-24,n1492,67,9,3,24
mn-67-9-3-25,n1493,67,9,3,25
mn-67-9-3-26,n1494,67,9,3,26
mn-67-9-3-27,n1495,67,9,3,27
mn-67-9-3-28,n1496,67,9,3,28
mn-67-9-3-29,n1497,67,9,3,29
mn-67-9-3-30,n1498,67,9,3,30
mn-67-9-3-31,n1499,67,9,3,31
mn-67-9-3-32,n1500,67,9,3,32
mn-67-9-3-33,n1501,67,9,3,33
mn-67-9-3-34,n1502,67,9,3,34
mn-67-9-3-35,n1503,67,9,3,35
mn-67-9-3-36,n1504,67,9,3,36
mn-67-9-3-37,n1505,67,9,3,37
mn-67-9-3-38,n1506,67,9,3,38
mn-67-9-3-39,n1507,67,9,3,39
mn-67-9-3-40,n1508,67,9,3,40
mn-67-9-3-41,n1509,67,9,3,41
mn-67-9-3-42,n1510,67,9,3,42
mn-67-9-3-43,n1511,67,9,3,43
mn-67-9-3-44,n1512,67,9,3,44
mn-67-9-3-45,n1513,67,9,3,45
mn-67-9-3-46,n1514,67,9,3,46
mn-67-9-3-47,n1515,67,9,3,47
mn-67-9-3-48,n1516,67,9,3,48
mn-67-10-3-1,n1517,67,10,3,1
mn-67-10-3-2,n1518,67,10,3,2
mn-67-10-3-3,n1519,67,10,3,3
mn-67-10-3-4,n1520,67,10,3,4
mn-67-10-3-5,n1521,67,10,3,5
mn-67-10-3-6,n1522,67,10,3,6
mn-67-10-3-7,n1523,67,10,3,7
mn-67-10-3-8,n1524,67,10,3,8
mn-67-10-3-9,n1525,67,10,3,9
mn-67-10-3-10,n1526,67,10,3,10
mn-67-10-3-11,n1527,67,10,3,11
mn-67-10-3-12,n1528,67,10,3,12
mn-67-10-3-13,n1529,67,10,3,13
mn-67-10-3-14,n1530,67,10,3,14
mn-67-10-3-15,n1531,67,10,3,15
mn-67-10-3-16,n1532,67,10,3,16
mn-67-10-3-17,n1533,67,10,3,17
mn-67-10-3-18,n1534,67,10,3,18
mn-67-10-3-19,n1535,67,10,3,19
mn-67-10-3-20,n1536,67,10,3,20
mn-67-10-3-21,n1537,67,10,3,21
mn-67-10-3-22,n1538,67,10,3,22
mn-67-10-3-23,n1539,67,10,3,23
mn-67-10-3-24,n1540,67,10,3,24
mn-67-10-3-25,n1541,67,10,3,25
mn-67-10-3-26,n1542,67,10,3,26
mn-67-10-3-27,n1543,67,10,3,27
mn-67-10-3-28,n1544,67,10,3,28
mn-67-10-3-29,n1545,67,10,3,29
mn-67-10-3-30,n1546,67,10,3,30
mn-67-10-3-31,n1547,67,10,3,31
mn-67-10-3-32,n1548,67,10,3,32
mn-67-10-3-33,n1549,67,10,3,33
mn-67-10-3-34,n1550,67,10,3,34
mn-67-10-3-35,n1551,67,10,3,35
mn-67-10-3-36,n1552,67,10,3,36
mn-67-10-3-37,n1553,67,10,3,37
mn-67-10-3-38,n1554,67,10,3,38
mn-67-10-3-39,n1555,67,10,3,39
mn-67-10-3-40,n1556,67,10,3,40
mn-67-10-3-41,n1557,67,10,3,41
mn-67-10-3-42,n1558,67,10,3,42
mn-67-10-3-43,n1559,67,10,3,43
mn-67-10-3-44,n1560,67,10,3,44
mn-67-10-3-45,n1561,67,10,3,45
mn-67-10-3-46,n1562,67,10,3,46
mn-67-10-3-47,n1563,67,10,3,47
mn-67-10-3-48,n1564,67,10,3,48
mn-67-13-4-1,n1565,67,13,4,1
mn-68-1-1-1,n1566,68,1,1,1
mn-68-5-2-1,n1567,68,5,2,1
mn-68-9-3-1,n1568,68,9,3,1
mn-68-9-3-2,n1569,68,9,3,2
mn-68-9-3-3,n1570,68,9,3,3
mn-68-9-3-4,n1571,68,9,3,4
mn-68-9-3-5,n1572,68,9,3,5
mn-68-9-3-6,n1573,68,9,3,6
mn-68-9-3-7,n1574,68,9,3,7
mn-68-9-3-8,n1575,68,9,3,8
mn-68-9-3-9,n1576,68,9,3,9
mn-68-9-3-10,n1577,68,9,3,10
mn-68-9-3-11,n1578,68,9,3,11
mn-68-9-3-12,n1579,68,9,3,12
mn-68-9-3-13,n1580,68,9,3,13
mn-68-9-3-14,n1581,68,9,3,14
mn-68-9-3-15,n1582,68,9,3,15
mn-68-9-3-16,n1583,68,9,3,16
mn-68-9-3-17,n1584,68,9,3,17
mn-68-9-3-18,n1585,68,9,3,18
mn-68-10-3-1,n1586,68,10,3,1
mn-68-10-3-2,n1587,68,10,3,2
mn-68-10-3-3,n1588,68,10,3,3
mn-68-10-3-4,n1589,68,10,3,4
mn-68-10-3-5,n1590,68,10,3,5
mn-68-10-3-6,n1591,68,10,3,6
mn-68-10-3-7,n1592,68,10,3,7
mn-68-13-4-1,n1593,68,13,4,1
mn-68-13-4-2,n1594,68,13,4,2
mn-68-13-4-3,n1595,68,13,4,3
mn-68-13-4-4,n1596,68,13,4,4
mn-68-13-4-5,n1597,68,13,4,5
mn-69-1-1-1,n1598,69,1,1,1
mn-69-5-2-1,n1599,69,5,2,1
mn-69-9-3-1,n1600,69,9,3,1
mn-69-9-3-2,n1601,69,9,3,2
mn-69-9-3-3,n1602,69,9,3,3
mn-69-9-3-4,n1603,69,9,3,4
mn-69-9-3-5,n1604,69,9,3,5
mn-69-9-3-6,n1605,69,9,3,6
mn-69-9-3-7,n1606,69,9,3,7
mn-69-9-3-8,n1607,69,9,3,8
mn-69-9-3-9,n1608,69,9,3,9
mn-69-9-3-10,n1609,69,9,3,10
mn-69-9-3-11,n1610,69,9,3,11
mn-69-9-3-12,n1611,69,9,3,12
mn-69-9-3-13,n1612,69,9,3,13
mn-69-9-3-14,n1613,69,9,3,14
mn-69-9-3-15,n1614,69,9,3,15
mn-69-9-3-16,n1615,69,9,3,16
mn-69-9-3-17,n1616,69,9,3,17
mn-69-9-3-18,n1617,69,9,3,18
mn-69-13-4-1,n1618,69,13,4,1
mn-70-1-1-1,n1619,70,1,1,1
mn-70-5-2-1,n1620,70,5,2,1
mn-70-9-3-1,n1621,70,9,3,1
mn-70-9-3-2,n1622,70,9,3,2
mn-70-9-3-3,n1623,70,9,3,3
mn-70-9-3-4,n1624,70,9,3,4
mn-70-9-3-5,n1625,70,9,3,5
mn-70-9-3-6,n1626,70,9,3,6
mn-70-9-3-7,n1627,70,9,3,7
mn-70-9-3-8,n1628,70,9,3,8
mn-70-10-3-1,n1629,70,10,3,1
mn-70-10-3-2,n1630,70,10,3,2
mn-70-10-3-3,n1631,70,10,3,3
mn-70-10-3-4,n1632,70,10,3,4
mn-70-10-3-5,n1633,70,10,3,5
mn-70-10-3-6,n1634,70,10,3,6
mn-70-10-3-7,n1635,70,10,3,7
mn-70-10-3-8,n1636,70,10,3,8
mn-70-10-3-9,n1637,70,10,3,9
mn-70-10-3-10,n1638,70,10,3,10
mn-70-10-3-11,n1639,70,10,3,11
mn-70-10-3-12,n1640,70,10,3,12
mn-70-10-3-13,n1641,70,10,3,13
mn-70-10-3-14,n1642,70,10,3,14
mn-70-10-3-15,n1643,70,10,3,15
mn-70-10-3-16,n1644,70,10,3,16
mn-70-10-3-17,r16,70,10,3,17
mn-70-10-3-18,n1645,70,10,3,18
mn-70-10-3-19,n1646,70,10,3,19
mn-70-10-3-20,n1647,70,10,3,20
mn-70-10-3-21,r17,70,10,3,21
mn-70-10-3-22,n1648,70,10,3,22
mn-70-10-3-23,n1649,70,10,3,23
mn-70-10-3-24,n1650,70,10,3,24
mn-70-13-4-1,n1651,70,13,4,1
mn-71-1-1-1,n1652,71,1,1,1
mn-71-5-2-1,n1653,71,5,2,1
mn-71-9-3-1,n1654,71,9,3,1
mn-71-9-3-2,n1655,71,9,3,2
mn-71-9-3-3,r18,71,9,3,3
mn-71-9-3-4,n1656,71,9,3,4
mn-71-9-3-5,n1657,71,9,3,5
mn-71-9-3-6,n1658,71,9,3,6
mn-71-9-3-7,n1659,71,9,3,7
mn-71-9-3-8,r19,71,9,3,8
mn-71-9-3-9,n1660,71,9,3,9
mn-71-9-3-10,n1661,71,9,3,10
mn-71-10-3-1,r20,71,10,3,1
mn-71-10-3-2,n1662,71,10,3,2
mn-71-10-3-3,n1663,71,10,3,3
mn-71-10-3-4,n1664,71,10,3,4
mn-71-10-3-5,n1665,71,10,3,5
mn-71-10-3-6,n1666,71,10,3,6
mn-71-10-3-7,n1667,71,10,3,7
mn-71-10-3-8,n1668,71,10,3,8
mn-71-10-3-9,r21,71,10,3,9
mn-71-10-3-10,n1669,71,10,3,10
mn-71-10-3-11,n1670,71,10,3,11
mn-71-10-3-12,n1671,71,10,3,12
mn-71-10-3-13,r22,71,10,3,13
mn-71-10-3-14,n1672,71,10,3,14
mn-71-10-3-15,n1673,71,10,3,15
mn-71-10-3-16,n1674,71,10,3,16
mn-71-10-3-17,n1675,71,10,3,17
mn-71-10-3-18,n1676,71,10,3,18
mn-71-10-3-19,n1677,71,10,3,19
mn-71-10-3-20,n1678,71,10,3,20
mn-71-10-3-21,r23,71,10,3,21
mn-71-10-3-22,n1679,71,10,3,22
mn-71-10-3-23,n1680,71,10,3,23
mn-71-10-3-24,n1681,71,10,3,24
mn-71-13-4-1,n1682,71,13,4,1
mn-71-13-4-2,n1683,71,13,4,2
mn-71-13-4-3,n1684,71,13,4,3
mn-71-13-4-4,n1685,71,13,4,4
mn-71-13-4-5,n1686,71,13,4,5
mn-71-13-4-6,n1687,71,13,4,6
mn-71-13-4-7,n1688,71,13,4,7
mn-71-13-4-8,n1689,71,13,4,8
mn-71-13-4-9,n1690,71,13,4,9
mn-71-13-4-10,n1691,71,13,4,10
mn-71-13-4-11,n1692,71,13,4,11
mn-71-13-4-12,n1693,71,13,4,12
mn-71-13-4-13,n1694,71,13,4,13
mn-71-13-4-14,n1695,71,13,4,14
mn-71-13-4-15,n1696,71,13,4,15
mn-71-13-4-16,n1697,71,13,4,16
mn-71-13-4-17,n1698,71,13,4,17
mn-71-13-4-18,n1699,71,13,4,18
mn-71-13-4-19,n1700,71,13,4,19
mn-72-1-1-1,n1701,72,1,1,1
mn-72-5-2-1,n1702,72,5,2,1
mn-72-9-3-1,n1703,72,9,3,1
mn-72-9-3-2,n1704,72,9,3,2
mn-72-9-3-3,n1705,72,9,3,3
mn-72-9-3-4,n1706,72,9,3,4
mn-72-9-3-5,r24,72,9,3,5
mn-72-9-3-6,n1707,72,9,3,6
mn-72-9-3-7,n1708,72,9,3,7
mn-72-9-3-8,n1709,72,9,3,8
mn-72-9-3-9,n1710,72,9,3,9
mn-72-10-3-1,r25,72,10,3,1
mn-72-10-3-2,n1711,72,10,3,2
mn-72-10-3-3,n1712,72,10,3,3
mn-72-10-3-4,n1713,72,10,3,4
mn-72-10-3-5,n1714,72,10,3,5
mn-72-10-3-6,n1715,72,10,3,6
mn-72-10-3-7,n1716,72,10,3,7
mn-72-10-3-8,n1717,72,10,3,8
mn-72-10-3-9,r26,72,10,3,9
mn-72-10-3-10,n1718,72,10,3,10
mn-72-10-3-11,n1719,72,10,3,11
mn-72-10-3-12,n1720,72,10,3,12
mn-72-10-3-13,n1721,72,10,3,13
mn-72-10-3-14,n1722,72,10,3,14
mn-72-10-3-15,n1723,72,10,3,15
mn-72-10-3-16,n1724,72,10,3,16
mn-72-10-3-17,r27,72,10,3,17
mn-72-10-3-18,n1725,72,10,3,18
mn-72-10-3-19,n1726,72,10,3,19
mn-72-10-3-20,n1727,72,10,3,20
mn-72-10-3-21,r28,72,10,3,21
mn-72-10-3-22,n1728,72,10,3,22
mn-72-10-3-23,n1729,72,10,3,23
mn-72-10-3-24,n1730,72,10,3,24
mn-72-13-4-1,n1731,72,13,4,1
mn-72-13-4-2,n1732,72,13,4,2
mn-72-13-4-3,n1733,72,13,4,3
mn-72-13-4-4,n1734,72,13,4,4
mn-72-13-4-5,n1735,72,13,4,5
mn-72-13-4-6,n1736,72,13,4,6
mn-72-13-4-7,n1737,72,13,4,7
mn-72-13-4-8,n1738,72,13,4,8
mn-72-13-4-9,n1739,72,13,4,9
mn-72-13-4-10,n1740,72,13,4,10
mn-72-13-4-11,n1741,72,13,4,11
mn-72-13-4-12,n1742,72,13,4,12
mn-72-13-4-13,n1743,72,13,4,13
mn-72-13-4-14,n1744,72,13,4,14
mn-72-13-4-15,n1745,72,13,4,15
mn-72-13-4-16,n1746,72,13,4,16
mn-72-13-4-17,n1747,72,13,4,17
mn-72-13-4-18,n1748,72,13,4,18
mn-72-13-4-19,n1749,72,13,4,19
mn-73-1-1-1,n1750,73,1,1,1
mn-73-5-2-1,n1751,73,5,2,1
mn-73-9-3-1,n1752,73,9,3,1
mn-73-9-3-2,n1753,73,9,3,2
mn-73-9-3-3,n1754,73,9,3,3
mn-73-9-3-4,n1755,73,9,3,4
mn-73-9-3-5,n1756,73,9,3,5
mn-73-9-3-6,n1757,73,9,3,6
mn-73-9-3-7,n1758,73,9,3,7
mn-73-9-3-8,n1759,73,9,3,8
mn-73-9-3-9,n1760,73,9,3,9
mn-73-9-3-10,n1761,73,9,3,10
mn-73-9-3-11,n1762,73,9,3,11
mn-73-9-3-12,n1763,73,9,3,12
mn-73-10-3-1,r29,73,10,3,1
mn-73-10-3-2,n1764,73,10,3,2
mn-73-10-3-3,n1765,73,10,3,3
mn-73-10-3-4,n1766,73,10,3,4
mn-73-10-3-5,r30,73,10,3,5
mn-73-10-3-6,n1767,73,10,3,6
mn-73-10-3-7,n1768,73,10,3,7
mn-73-10-3-8,n1769,73,10,3,8
mn-73-10-3-9,r31,73,10,3,9
mn-73-10-3-10,n1770,73,10,3,10
mn-73-10-3-11,n1771,73,10,3,11
mn-73-10-3-12,n1772,73,10,3,12
mn-73-10-3-13,r32,73,10,3,13
mn-73-10-3-14,n1773,73,10,3,14
mn-73-10-3-15,n1774,73,10,3,15
mn-73-10-3-16,n1775,73,10,3,16
mn-73-10-3-17,r33,73,10,3,17
mn-73-10-3-18,n1776,73,10,3,18
mn-73-10-3-19,n1777,73,10,3,19
mn-73-10-3-20,n1778,73,10,3,20
mn-73-10-3-21,r34,73,10,3,21
mn-73-10-3-22,n1779,73,10,3,22
mn-73-10-3-23,n1780,73,10,3,23
mn-73-10-3-24,n1781,73,10,3,24
mn-73-13-4-1,n1782,73,13,4,1
mn-73-13-4-2,n1783,73,13,4,2
mn-73-13-4-3,n1784,73,13,4,3
mn-73-13-4-4,n1785,73,13,4,4
mn-73-13-4-5,n1786,73,13,4,5
mn-73-13-4-6,n1787,73,13,4,6
mn-73-13-4-7,n1788,73,13,4,7
mn-73-13-4-8,n1789,73,13,4,8
mn-73-13-4-9,n1790,73,13,4,9
mn-73-13-4-10,n1791,73,13,4,10
mn-73-13-4-11,n1792,73,13,4,11
mn-73-13-4-12,n1793,73,13,4,12
mn-73-13-4-13,n1794,73,13,4,13
mn-73-13-4-14,n1795,73,13,4,14
mn-73-13-4-15,n1796,73,13,4,15
mn-73-13-4-16,n1797,73,13,4,16
mn-73-13-4-17,n1798,73,13,4,17
mn-73-13-4-18,n1799,73,13,4,18
mn-73-13-4-19,n1800,73,13,4,19
mn-74-1-1-1,n1801,74,1,1,1
mn-74-5-2-1,n1802,74,5,2,1
mn-74-9-3-1,n1803,74,9,3,1
mn-74-9-3-2,n1804,74,9,3,2
mn-74-9-3-3,n1805,74,9,3,3
mn-74-9-3-4,n1806,74,9,3,4
mn-74-9-3-5,r35,74,9,3,5
mn-74-9-3-6,n1807,74,9,3,6
mn-74-9-3-7,n1808,74,9,3,7
mn-74-9-3-8,n1809,74,9,3,8
mn-74-9-3-9,n1810,74,9,3,9
mn-74-10-3-1,r36,74,10,3,1
mn-74-10-3-2,n1811,74,10,3,2
mn-74-10-3-3,n1812,74,10,3,3
mn-74-10-3-4,n1813,74,10,3,4
mn-74-10-3-5,n1814,74,10,3,5
mn-74-10-3-6,n1815,74,10,3,6
mn-74-10-3-7,n1816,74,10,3,7
mn-74-10-3-8,n1817,74,10,3,8
mn-74-10-3-9,r37,74,10,3,9
mn-74-10-3-10,n1818,74,10,3,10
mn-74-10-3-11,n1819,74,10,3,11
mn-74-10-3-12,n1820,74,10,3,12
mn-74-10-3-13,n1821,74,10,3,13
mn-74-10-3-14,n1822,74,10,3,14
mn-74-10-3-15,n1823,74,10,3,15
mn-74-10-3-16,n1824,74,10,3,16
mn-74-10-3-17,r38,74,10,3,17
mn-74-10-3-18,n1825,74,10,3,18
mn-74-10-3-19,n1826,74,10,3,19
mn-74-10-3-20,n1827,74,10,3,20
mn-74-10-3-21,r39,74,10,3,21
mn-74-10-3-22,n1828,74,10,3,22
mn-74-10-3-23,n1829,74,10,3,23
mn-74-10-3-24,n1830,74,10,3,24
mn-74-13-4-1,n1831,74,13,4,1
mn-74-13-4-2,n1832,74,13,4,2
mn-74-13-4-3,n1833,74,13,4,3
mn-74-13-4-4,n1834,74,13,4,4
mn-74-13-4-5,n1835,74,13,4,5
mn-74-13-4-6,n1836,74,13,4,6
mn-74-13-4-7,n1837,74,13,4,7
mn-74-13-4-8,n1838,74,13,4,8
mn-74-13-4-9,n1839,74,13,4,9
mn-74-13-4-10,n1840,74,13,4,10
mn-74-13-4-11,n1841,74,13,4,11
mn-74-13-4-12,n1842,74,13,4,12
mn-74-13-4-13,n1843,74,13,4,13
mn-74-13-4-14,n1844,74,13,4,14
mn-74-13-4-15,n1845,74,13,4,15
mn-74-13-4-16,n1846,74,13,4,16
mn-74-13-4-17,n1847,74,13,4,17
mn-74-13-4-18,n1848,74,13,4,18
mn-74-13-4-19,n1849,74,13,4,19
mn-75-1-1-1,n1850,75,1,1,1
mn-75-5-2-1,n1851,75,5,2,1
mn-75-9-3-1,n1852,75,9,3,1
mn-75-9-3-2,n1853,75,9,3,2
mn-75-9-3-3,r40,75,9,3,3
mn-75-9-3-4,n1854,75,9,3,4
mn-75-9-3-5,n1855,75,9,3,5
mn-75-9-3-6,n1856,75,9,3,6
mn-75-9-3-7,n1857,75,9,3,7
mn-75-9-3-8,r41,75,9,3,8
mn-75-9-3-9,n1858,75,9,3,9
mn-75-9-3-10,n1859,75,9,3,10
mn-75-10-3-1,r42,75,10,3,1
mn-75-10-3-2,n1860,75,10,3,2
mn-75-10-3-3,n1861,75,10,3,3
mn-75-10-3-4,n1862,75,10,3,4
mn-75-10-3-5,n1863,75,10,3,5
mn-75-10-3-6,n1864,75,10,3,6
mn-75-10-3-7,n1865,75,10,3,7
mn-75-10-3-8,n1866,75,10,3,8
mn-75-10-3-9,r43,75,10,3,9
mn-75-10-3-10,n1867,75,10,3,10
mn-75-10-3-11,n1868,75,10,3,11
mn-75-10-3-12,n1869,75,10,3,12
mn-75-10-3-13,r44,75,10,3,13
mn-75-10-3-14,n1870,75,10,3,14
mn-75-10-3-15,n1871,75,10,3,15
mn-75-10-3-16,n1872,75,10,3,16
mn-75-10-3-17,n1873,75,10,3,17
mn-75-10-3-18,n1874,75,10,3,18
mn-75-10-3-19,n1875,75,10,3,19
mn-75-10-3-20,n1876,75,10,3,20
mn-75-10-3-21,r45,75,10,3,21
mn-75-10-3-22,n1877,75,10,3,22
mn-75-10-3-23,n1878,75,10,3,23
mn-75-10-3-24,n1879,75,10,3,24
mn-75-13-4-1,n1880,75,13,4,1
mn-75-13-4-2,n1881,75,13,4,2
mn-75-13-4-3,n1882,75,13,4,3
mn-75-13-4-4,n1883,75,13,4,4
mn-75-13-4-5,n1884,75,13,4,5
mn-75-13-4-6,n1885,75,13,4,6
mn-75-13-4-7,n1886,75,13,4,7
mn-75-13-4-8,n1887,75,13,4,8
mn-75-13-4-9,n1888,75,13,4,9
mn-75-13-4-10,n1889,75,13,4,10
mn-75-13-4-11,n1890,75,13,4,11
mn-75-13-4-12,n1891,75,13,4,12
mn-75-13-4-13,n1892,75,13,4,13
mn-75-13-4-14,n1893,75,13,4,14
mn-75-13-4-15,n1894,75,13,4,15
mn-75-13-4-16,n1895,75,13,4,16
mn-75-13-4-17,n1896,75,13,4,17
mn-75-13-4-18,n1897,75,13,4,18
mn-75-13-4-19,n1898,75,13,4,19
mn-76-1-1-1,n1899,76,1,1,1
mn-76-5-2-1,n1900,76,5,2,1
mn-76-9-3-1,n1901,76,9,3,1
mn-76-9-3-2,n1902,76,9,3,2
mn-76-9-3-3,n1903,76,9,3,3
mn-76-9-3-4,n1904,76,9,3,4
mn-76-9-3-5,r46,76,9,3,5
mn-76-9-3-6,n1905,76,9,3,6
mn-76-9-3-7,n1906,76,9,3,7
mn-76-9-3-8,n1907,76,9,3,8
mn-76-9-3-9,n1908,76,9,3,9
mn-76-10-3-1,r47,76,10,3,1
mn-76-10-3-2,n1909,76,10,3,2
mn-76-10-3-3,n1910,76,10,3,3
mn-76-10-3-4,n1911,76,10,3,4
mn-76-10-3-5,n1912,76,10,3,5
mn-76-10-3-6,n1913,76,10,3,6
mn-76-10-3-7,n1914,76,10,3,7
mn-76-10-3-8,n1915,76,10,3,8
mn-76-10-3-9,r48,76,10,3,9
mn-76-10-3-10,n1916,76,10,3,10
mn-76-10-3-11,n1917,76,10,3,11
mn-76-10-3-12,n1918,76,10,3,12
mn-76-10-3-13,n1919,76,10,3,13
mn-76-10-3-14,n1920,76,10,3,14
mn-76-10-3-15,n1921,76,10,3,15
mn-76-10-3-16,n1922,76,10,3,16
mn-76-10-3-17,r49,76,10,3,17
mn-76-10-3-18,n1923,76,10,3,18
mn-76-10-3-19,n1924,76,10,3,19
mn-76-10-3-20,n1925,76,10,3,20
mn-76-10-3-21,r50,76,10,3,21
mn-76-10-3-22,n1926,76,10,3,22
mn-76-10-3-23,n1927,76,10,3,23
mn-76-10-3-24,n1928,76,10,3,24
mn-76-13-4-1,n1929,76,13,4,1
mn-76-13-4-2,n1930,76,13,4,2
mn-76-13-4-3,n1931,76,13,4,3
mn-76-13-4-4,n1932,76,13,4,4
mn-76-13-4-5,n1933,76,13,4,5
mn-76-13-4-6,n1934,76,13,4,6
mn-76-13-4-7,n1935,76,13,4,7
mn-76-13-4-8,n1936,76,13,4,8
mn-76-13-4-9,n1937,76,13,4,9
mn-76-13-4-10,n1938,76,13,4,10
mn-76-13-4-11,n1939,76,13,4,11
mn-76-13-4-12,n1940,76,13,4,12
mn-76-13-4-13,n1941,76,13,4,13
mn-76-13-4-14,n1942,76,13,4,14
mn-76-13-4-15,n1943,76,13,4,15
mn-76-13-4-16,n1944,76,13,4,16
mn-76-13-4-17,n1945,76,13,4,17
mn-76-13-4-18,n1946,76,13,4,18
mn-76-13-4-19,n1947,76,13,4,19
mn-77-1-1-1,n1948,77,1,1,1
mn-77-5-2-1,n1949,77,5,2,1
mn-77-9-3-1,n1950,77,9,3,1
mn-77-9-3-2,n1951,77,9,3,2
mn-77-9-3-3,n1952,77,9,3,3
mn-77-9-3-4,n1953,77,9,3,4
mn-77-9-3-5,n1954,77,9,3,5
mn-77-9-3-6,n1955,77,9,3,6
mn-77-9-3-7,n1956,77,9,3,7
mn-77-9-3-8,n1957,77,9,3,8
mn-77-9-3-9,n1958,77,9,3,9
mn-77-9-3-10,n1959,77,9,3,10
mn-77-9-3-11,n1960,77,9,3,11
mn-77-9-3-12,n1961,77,9,3,12
mn-77-10-3-1,r51,77,10,3,1
mn-77-10-3-2,n1962,77,10,3,2
mn-77-10-3-3,n1963,77,10,3,3
mn-77-10-3-4,n1964,77,10,3,4
mn-77-10-3-5,r52,77,10,3,5
mn-77-10-3-6,n1965,77,10,3,6
mn-77-10-3-7,n1966,77,10,3,7
mn-77-10-3-8,n1967,77,10,3,8
mn-77-10-3-9,r53,77,10,3,9
mn-77-10-3-10,n1968,77,10,3,10
mn-77-10-3-11,n1969,77,10,3,11
mn-77-10-3-12,n1970,77,10,3,12
mn-77-10-3-13,r54,77,10,3,13
mn-77-10-3-14,n1971,77,10,3,14
mn-77-10-3-15,n1972,77,10,3,15
mn-77-10-3-16,n1973,77,10,3,16
mn-77-10-3-17,r55,77,10,3,17
mn-77-10-3-18,n1974,77,10,3,18
mn-77-10-3-19,n1975,77,10,3,19
mn-77-10-3-20,n1976,77,10,3,20
mn-77-10-3-21,r56,77,10,3,21
mn-77-10-3-22,n1977,77,10,3,22
mn-77-10-3-23,n1978,77,10,3,23
mn-77-10-3-24,n1979,77,10,3,24
mn-77-13-4-1,n1980,77,13,4,1
mn-77-13-4-2,n1981,77,13,4,2
mn-77-13-4-3,n1982,77,13,4,3
mn-77-13-4-4,n1983,77,13,4,4
mn-77-13-4-5,n1984,77,13,4,5
mn-77-13-4-6,n1985,77,13,4,6
mn-77-13-4-7,n1986,77,13,4,7
mn-77-13-4-8,n1987,77,13,4,8
mn-77-13-4-9,n1988,77,13,4,9
mn-77-13-4-10,n1989,77,13,4,10
mn-77-13-4-11,n1990,77,13,4,11
mn-77-13-4-12,n1991,77,13,4,12
mn-77-13-4-13,n1992,77,13,4,13
mn-77-13-4-14,n1993,77,13,4,14
mn-77-13-4-15,n1994,77,13,4,15
mn-77-13-4-16,n1995,77,13,4,16
mn-77-13-4-17,n1996,77,13,4,17
mn-77-13-4-18,n1997,77,13,4,18
mn-77-13-4-19,n1998,77,13,4,19
mn-78-1-1-1,n1999,78,1,1,1
mn-78-5-2-1,n2000,78,5,2,1
mn-78-9-3-1,n2001,78,9,3,1
mn-78-9-3-2,n2002,78,9,3,2
mn-78-9-3-3,n2003,78,9,3,3
mn-78-10-3-1,r57,78,10,3,1
mn-78-10-3-2,n2004,78,10,3,2
mn-78-10-3-3,n2005,78,10,3,3
mn-78-10-3-4,n2006,78,10,3,4
mn-78-10-3-5,n2007,78,10,3,5
mn-78-10-3-6,n2008,78,10,3,6
mn-78-10-3-7,n2009,78,10,3,7
mn-78-10-3-8,n2010,78,10,3,8
mn-78-10-3-9,n2011,78,10,3,9
mn-78-10-3-10,n2012,78,10,3,10
mn-78-10-3-11,n2013,78,10,3,11
mn-78-10-3-12,n2014,78,10,3,12
mn-78-10-3-13,n2015,78,10,3,13
mn-78-10-3-14,n2016,78,10,3,14
mn-78-10-3-15,n2017,78,10,3,15
mn-78-10-3-16,n2018,78,10,3,16
mn-78-10-3-17,n2019,78,10,3,17
mn-78-10-3-18,n2020,78,10,3,18
mn-78-10-3-19,n2021,78,10,3,19
mn-78-10-3-20,n2022,78,10,3,20
mn-78-10-3-21,n2023,78,10,3,21
mn-78-10-3-22,n2024,78,10,3,22
mn-78-10-3-23,n2025,78,10,3,23
mn-78-10-3-24,n2026,78,10,3,24
mn-78-10-3-25,n2027,78,10,3,25
mn-78-10-3-26,n2028,78,10,3,26
mn-78-10-3-27,n2029,78,10,3,27
mn-78-10-3-28,n2030,78,10,3,28
mn-78-10-3-29,n2031,78,10,3,29
mn-78-10-3-30,n2032,78,10,3,30
mn-78-13-4-1,n2033,78,13,4,1
mn-78-13-4-2,n2034,78,13,4,2
mn-78-13-4-3,n2035,78,13,4,3
mn-78-13-4-4,n2036,78,13,4,4
mn-78-13-4-5,n2037,78,13,4,5
mn-78-13-4-6,n2038,78,13,4,6
mn-78-13-4-7,n2039,78,13,4,7
mn-78-13-4-8,n2040,78,13,4,8
mn-78-13-4-9,n2041,78,13,4,9
mn-78-13-4-10,n2042,78,13,4,10
mn-78-13-4-11,n2043,78,13,4,11
mn-78-13-4-12,n2044,78,13,4,12
mn-78-13-4-13,n2045,78,13,4,13
mn-78-13-4-14,n2046,78,13,4,14
mn-79-1-1-1,n2047,79,1,1,1
mn-79-1-1-2,n2048,79,1,1,2
mn-79-5-2-1,n2049,79,5,2,1
mn-79-5-2-2,n2050,79,5,2,2
mn-79-9-3-1,n2051,79,9,3,1
mn-79-9-3-2,n2052,79,9,3,2
mn-79-9-3-3,n2053,79,9,3,3
mn-79-9-3-4,n2054,79,9,3,4
mn-79-9-3-5,n2055,79,9,3,5
mn-79-9-3-6,n2056,79,9,3,6
mn-79-9-3-7,n2057,79,9,3,7
mn-79-9-3-8,n2058,79,9,3,8
mn-79-9-3-9,n2059,79,9,3,9
mn-79-9-3-10,n2060,79,9,3,10
mn-79-9-3-11,n2061,79,9,3,11
mn-79-9-3-12,n2062,79,9,3,12
mn-79-9-3-13,n2063,79,9,3,13
mn-79-9-3-14,n2064,79,9,3,14
mn-79-9-3-15,n2065,79,9,3,15
mn-79-9-3-16,n2066,79,9,3,16
mn-79-9-3-17,n2067,79,9,3,17
mn-79-9-3-18,n2068,79,9,3,18
mn-79-9-3-19,n2069,79,9,3,19
mn-79-13-4-1,n2070,79,13,4,1
mn-79-13-4-2,n2071,79,13,4,2
mn-79-13-4-3,r58,79,13,4,3
mn-79-13-4-4,n2072,79,13,4,4
mn-79-13-4-5,n2073,79,13,4,5
mn-79-13-4-6,n2074,79,13,4,6
mn-79-13-4-7,n2075,79,13,4,7
mn-79-13-4-8,r59,79,13,4,8
mn-79-13-4-9,n2076,79,13,4,9
mn-79-13-4-10,n2077,79,13,4,10
mn-79-14-4-1,n2078,79,14,4,1
mn-79-14-4-2,n2079,79,14,4,2
mn-79-14-4-3,n2080,79,14,4,3
mn-79-14-4-4,n2081,79,14,4,4
mn-79-14-4-5,n2082,79,14,4,5
mn-80-1-1-1,n2083,80,1,1,1
mn-80-1-1-2,n2084,80,1,1,2
mn-80-5-2-1,n2085,80,5,2,1
mn-80-5-2-2,n2086,80,5,2,2
mn-80-9-3-1,n2087,80,9,3,1
mn-80-9-3-2,n2088,80,9,3,2
mn-80-9-3-3,n2089,80,9,3,3
mn-80-9-3-4,n2090,80,9,3,4
mn-80-9-3-5,n2091,80,9,3,5
mn-80-9-3-6,n2092,80,9,3,6
mn-80-9-3-7,n2093,80,9,3,7
mn-80-9-3-8,n2094,80,9,3,8
mn-80-9-3-9,n2095,80,9,3,9
mn-80-9-3-10,n2096,80,9,3,10
mn-80-9-3-11,n2097,80,9,3,11
mn-80-9-3-12,n2098,80,9,3,12
mn-80-9-3-13,n2099,80,9,3,13
mn-80-9-3-14,n2100,80,9,3,14
mn-80-9-3-15,n2101,80,9,3,15
mn-80-9-3-16,n2102,80,9,3,16
mn-80-9-3-17,n2103,80,9,3,17
mn-80-9-3-18,n2104,80,9,3,18
mn-80-9-3-19,n2105,80,9,3,19
mn-80-13-4-1,n2106,80,13,4,1
mn-80-13-4-2,n2107,80,13,4,2
mn-80-13-4-3,r60,80,13,4,3
mn-80-13-4-4,n2108,80,13,4,4
mn-80-13-4-5,n2109,80,13,4,5
mn-80-13-4-6,r61,80,13,4,6
mn-80-13-4-7,n2110,80,13,4,7
mn-80-13-4-8,n2111,80,13,4,8
mn-80-13-4-9,n2112,80,13,4,9
mn-80-13-4-10,n2113,80,13,4,10
mn-80-14-4-1,n2114,80,14,4,1
mn-80-14-4-2,n2115,80,14,4,2
mn-80-14-4-3,n2116,80,14,4,3
mn-80-14-4-4,n2117,80,14,4,4
mn-81-1-1-1,n2118,81,1,1,1
mn-81-1-1-2,n2119,81,1,1,2
mn-81-5-2-1,n2120,81,5,2,1
mn-81-5-2-2,n2121,81,5,2,2
mn-81-9-3-1,n2122,81,9,3,1
mn-81-9-3-2,n2123,81,9,3,2
mn-81-9-3-3,n2124,81,9,3,3
mn-81-9-3-4,n2125,81,9,3,4
mn-81-9-3-5,n2126,81,9,3,5
mn-81-9-3-6,n2127,81,9,3,6
mn-81-9-3-7,n2128,81,9,3,7
mn-81-9-3-8,n2129,81,9,3,8
mn-81-9-3-9,n2130,81,9,3,9
mn-81-9-3-10,n2131,81,9,3,10
mn-81-9-3-11,n2132,81,9,3,11
mn-81-9-3-12,n2133,81,9,3,12
mn-81-9-3-13,n2134,81,9,3,13
mn-81-9-3-14,n2135,81,9,3,14
mn-81-9-3-15,n2136,81,9,3,15
mn-81-9-3-16,n2137,81,9,3,16
mn-81-9-3-17,n2138,81,9,3,17
mn-81-9-3-18,n2139,81,9,3,18
mn-81-9-3-19,n2140,81,9,3,19
mn-81-13-4-1,n2141,81,13,4,1
mn-81-13-4-2,n2142,81,13,4,2
mn-81-13-4-3,n2143,81,13,4,3
mn-81-13-4-4,n2144,81,13,4,4
mn-81-13-4-5,n2145,81,13,4,5
mn-81-13-4-6,n2146,81,13,4,6
mn-81-13-4-7,n2147,81,13,4,7
mn-81-13-4-8,n2148,81,13,4,8
mn-81-13-4-9,n2149,81,13,4,9
mn-81-13-4-10,n2150,81,13,4,10
mn-81-13-4-11,n2151,81,13,4,11
mn-81-13-4-12,n2152,81,13,4,12
mn-81-14-4-1,n2153,81,14,4,1
mn-81-14-4-2,n2154,81,14,4,2
mn-81-14-4-3,n2155,81,14,4,3
mn-81-14-4-4,n2156,81,14,4,4
mn-81-14-4-5,n2157,81,14,4,5
mn-82-1-1-1,n2158,82,1,1,1
mn-82-5-2-1,n2159,82,5,2,1
mn-82-9-3-1,n2160,82,9,3,1
mn-82-9-3-2,n2161,82,9,3,2
mn-82-9-3-3,n2162,82,9,3,3
mn-82-9-3-4,n2163,82,9,3,4
mn-82-9-3-5,n2164,82,9,3,5
mn-82-9-3-6,n2165,82,9,3,6
mn-82-9-3-7,n2166,82,9,3,7
mn-82-9-3-8,n2167,82,9,3,8
mn-82-9-3-9,n2168,82,9,3,9
mn-82-9-3-10,n2169,82,9,3,10
mn-82-9-3-11,n2170,82,9,3,11
mn-82-9-3-12,n2171,82,9,3,12
mn-82-9-3-13,n2172,82,9,3,13
mn-82-9-3-14,n2173,82,9,3,14
mn-82-9-3-15,n2174,82,9,3,15
mn-82-9-3-16,n2175,82,9,3,16
mn-82-9-3-17,n2176,82,9,3,17
mn-82-9-3-18,n2177,82,9,3,18
mn-82-9-3-19,n2178,82,9,3,19
mn-82-13-4-1,n2179,82,13,4,1
mn-82-13-4-2,n2180,82,13,4,2
mn-82-13-4-3,r62,82,13,4,3
mn-82-13-4-4,n2181,82,13,4,4
mn-82-13-4-5,n2182,82,13,4,5
mn-82-13-4-6,n2183,82,13,4,6
mn-82-13-4-7,n2184,82,13,4,7
mn-82-13-4-8,n2185,82,13,4,8
mn-82-13-4-9,n2186,82,13,4,9
mn-82-13-4-10,n2187,82,13,4,10
mn-82-14-4-1,n2188,82,14,4,1
mn-82-14-4-2,n2189,82,14,4,2
mn-82-14-4-3,n2190,82,14,4,3
mn-82-14-4-4,n2191,82,14,4,4
mn-82-14-4-5,n2192,82,14,4,5
mn-83-1-1-1,n2193,83,1,1,1
mn-83-5-2-1,n2194,83,5,2,1
mn-83-9-3-1,n2195,83,9,3,1
mn-83-9-3-2,n2196,83,9,3,2
mn-83-9-3-3,n2197,83,9,3,3
mn-83-9-3-4,n2198,83,9,3,4
mn-83-9-3-5,n2199,83,9,3,5
mn-83-9-3-6,n2200,83,9,3,6
mn-83-9-3-7,n2201,83,9,3,7
mn-83-9-3-8,n2202,83,9,3,8
mn-83-9-3-9,n2203,83,9,3,9
mn-83-9-3-10,n2204,83,9,3,10
mn-83-9-3-11,n2205,83,9,3,11
mn-83-9-3-12,n2206,83,9,3,12
mn-83-9-3-13,n2207,83,9,3,13
mn-83-9-3-14,n2208,83,9,3,14
mn-83-9-3-15,n2209,83,9,3,15
mn-83-9-3-16,n2210,83,9,3,16
mn-83-9-3-17,n2211,83,9,3,17
mn-83-9-3-18,n2212,83,9,3,18
mn-83-9-3-19,n2213,83,9,3,19
mn-83-13-4-1,n2214,83,13,4,1
mn-83-13-4-2,n2215,83,13,4,2
mn-83-13-4-3,r63,83,13,4,3
mn-83-13-4-4,n2216,83,13,4,4
mn-83-13-4-5,n2217,83,13,4,5
mn-83-13-4-6,n2218,83,13,4,6
mn-83-13-4-7,n2219,83,13,4,7
mn-83-13-4-8,r64,83,13,4,8
mn-83-13-4-9,n2220,83,13,4,9
mn-83-13-4-10,n2221,83,13,4,10
mn-83-14-4-1,n2222,83,14,4,1
mn-83-14-4-2,n2223,83,14,4,2
mn-83-14-4-3,n2224,83,14,4,3
mn-83-14-4-4,n2225,83,14,4,4
mn-83-14-4-5,n2226,83,14,4,5
mn-84-1-1-1,n2227,84,1,1,1
mn-84-5-2-1,n2228,84,5,2,1
mn-84-9-3-1,n2229,84,9,3,1
mn-84-9-3-2,n2230,84,9,3,2
mn-84-9-3-3,n2231,84,9,3,3
mn-84-9-3-4,n2232,84,9,3,4
mn-84-9-3-5,n2233,84,9,3,5
mn-84-9-3-6,n2234,84,9,3,6
mn-84-9-3-7,n2235,84,9,3,7
mn-84-9-3-8,n2236,84,9,3,8
mn-84-9-3-9,n2237,84,9,3,9
mn-84-9-3-10,n2238,84,9,3,10
mn-84-9-3-11,n2239,84,9,3,11
mn-84-9-3-12,n2240,84,9,3,12
mn-84-9-3-13,n2241,84,9,3,13
mn-84-9-3-14,n2242,84,9,3,14
mn-84-9-3-15,n2243,84,9,3,15
mn-84-9-3-16,n2244,84,9,3,16
mn-84-9-3-17,n2245,84,9,3,17
mn-84-9-3-18,n2246,84,9,3,18
mn-84-9-3-19,n2247,84,9,3,19
mn-84-13-4-1,n2248,84,13,4,1
mn-84-13-4-2,n2249,84,13,4,2
mn-84-13-4-3,r65,84,13,4,3
mn-84-13-4-4,n2250,84,13,4,4
mn-84-13-4-5,n2251,84,13,4,5
mn-84-13-4-6,n2252,84,13,4,6
mn-84-13-4-7,n2253,84,13,4,7
mn-84-13-4-8,n2254,84,13,4,8
mn-84-13-4-9,n2255,84,13,4,9
mn-84-13-4-10,n2256,84,13,4,10
mn-84-14-4-1,n2257,84,14,4,1
mn-84-14-4-2,n2258,84,14,4,2
mn-84-14-4-3,r66,84,14,4,3
mn-84-14-4-4,n2259,84,14,4,4
mn-85-1-1-1,n2260,85,1,1,1
mn-85-5-2-1,n2261,85,5,2,1
mn-85-9-3-1,n2262,85,9,3,1
mn-85-9-3-2,n2263,85,9,3,2
mn-85-9-3-3,n2264,85,9,3,3
mn-85-9-3-4,n2265,85,9,3,4
mn-85-9-3-5,n2266,85,9,3,5
mn-85-9-3-6,n2267,85,9,3,6
mn-85-9-3-7,n2268,85,9,3,7
mn-85-9-3-8,n2269,85,9,3,8
mn-85-9-3-9,n2270,85,9,3,9
mn-85-9-3-10,n2271,85,9,3,10
mn-85-9-3-11,n2272,85,9,3,11
mn-85-9-3-12,n2273,85,9,3,12
mn-85-9-3-13,n2274,85,9,3,13
mn-85-9-3-14,n2275,85,9,3,14
mn-85-9-3-15,n2276,85,9,3,15
mn-85-9-3-16,n2277,85,9,3,16
mn-85-9-3-17,n2278,85,9,3,17
mn-85-9-3-18,n2279,85,9,3,18
mn-85-9-3-19,n2280,85,9,3,19
mn-85-13-4-1,n2281,85,13,4,1
mn-85-13-4-2,n2282,85,13,4,2
mn-85-13-4-3,n2283,85,13,4,3
mn-85-13-4-4,n2284,85,13,4,4
mn-85-13-4-5,n2285,85,13,4,5
mn-85-13-4-6,n2286,85,13,4,6
mn-85-13-4-7,n2287,85,13,4,7
mn-85-13-4-8,n2288,85,13,4,8
mn-85-13-4-9,n2289,85,13,4,9
mn-85-13-4-10,n2290,85,13,4,10
mn-85-13-4-11,n2291,85,13,4,11
mn-85-13-4-12,n2292,85,13,4,12
mn-85-14-4-1,n2293,85,14,4,1
mn-85-14-4-2,n2294,85,14,4,2
mn-85-14-4-3,n2295,85,14,4,3
mn-85-14-4-4,n2296,85,14,4,4
mn-85-14-4-5,n2297,85,14,4,5
mn-86-1-1-1,n2298,86,1,1,1
mn-86-5-2-1,n2299,86,5,2,1
mn-86-9-3-1,n2300,86,9,3,1
mn-86-9-3-2,n2301,86,9,3,2
mn-86-9-3-3,n2302,86,9,3,3
mn-86-9-3-4,n2303,86,9,3,4
mn-86-9-3-5,n2304,86,9,3,5
mn-86-9-3-6,n2305,86,9,3,6
mn-86-9-3-7,n2306,86,9,3,7
mn-86-9-3-8,n2307,86,9,3,8
mn-86-9-3-9,n2308,86,9,3,9
mn-86-9-3-10,n2309,86,9,3,10
mn-86-9-3-11,n2310,86,9,3,11
mn-86-9-3-12,n2311,86,9,3,12
mn-86-9-3-13,n2312,86,9,3,13
mn-86-9-3-14,n2313,86,9,3,14
mn-86-9-3-15,n2314,86,9,3,15
mn-86-9-3-16,n2315,86,9,3,16
mn-86-9-3-17,n2316,86,9,3,17
mn-86-9-3-18,n2317,86,9,3,18
mn-86-9-3-19,n2318,86,9,3,19
mn-86-9-3-20,n2319,86,9,3,20
mn-86-13-4-1,n2320,86,13,4,1
mn-86-13-4-2,n2321,86,13,4,2
mn-86-13-4-3,n2322,86,13,4,3
mn-86-13-4-4,n2323,86,13,4,4
mn-86-13-4-5,n2324,86,13,4,5
mn-86-13-4-6,n2325,86,13,4,6
mn-86-13-4-7,n2326,86,13,4,7
mn-86-13-4-8,n2327,86,13,4,8
mn-86-13-4-9,n2328,86,13,4,9
mn-86-13-4-10,n2329,86,13,4,10
mn-86-13-4-11,n2330,86,13,4,11
mn-86-13-4-12,n2331,86,13,4,12
mn-86-14-4-1,n2332,86,14,4,1
mn-86-14-4-2,n2333,86,14,4,2
mn-86-14-4-3,n2334,86,14,4,3
mn-86-14-4-4,r67,86,14,4,4
mn-86-14-4-5,n2335,86,14,4,5
mn-86-15-4-1,n2336,86,15,4,1
mn-86-15-4-2,n2337,86,15,4,2
mn-86-15-4-3,n2338,86,15,4,3
mn-86-15-4-4,n2339,86,15,4,4
mn-87-1-1-1,n2340,87,1,1,1
mn-87-5-2-1,n2341,87,5,2,1
mn-87-9-3-1,n2342,87,9,3,1
mn-87-9-3-2,n2343,87,9,3,2
mn-87-9-3-3,n2344,87,9,3,3
mn-87-9-3-4,n2345,87,9,3,4
mn-87-9-3-5,n2346,87,9,3,5
mn-87-9-3-6,n2347,87,9,3,6
mn-87-9-3-7,n2348,87,9,3,7
mn-87-9-3-8,n2349,87,9,3,8
mn-87-9-3-9,n2350,87,9,3,9
mn-87-9-3-10,n2351,87,9,3,10
mn-87-9-3-11,n2352,87,9,3,11
mn-87-9-3-12,n2353,87,9,3,12
mn-87-9-3-13,n2354,87,9,3,13
mn-87-9-3-14,n2355,87,9,3,14
mn-87-9-3-15,n2356,87,9,3,15
mn-87-9-3-16,n2357,87,9,3,16
mn-87-9-3-17,n2358,87,9,3,17
mn-87-9-3-18,n2359,87,9,3,18
mn-87-9-3-19,n2360,87,9,3,19
mn-87-9-3-20,n2361,87,9,3,20
mn-87-13-4-1,n2362,87,13,4,1
mn-87-13-4-2,n2363,87,13,4,2
mn-87-13-4-3,n2364,87,13,4,3
mn-87-13-4-4,n2365,87,13,4,4
mn-87-13-4-5,n2366,87,13,4,5
mn-87-13-4-6,n2367,87,13,4,6
mn-87-13-4-7,n2368,87,13,4,7
mn-87-13-4-8,n2369,87,13,4,8
mn-87-13-4-9,n2370,87,13,4,9
mn-87-13-4-10,n2371,87,13,4,10
mn-87-13-4-11,n2372,87,13,4,11
mn-87-13-4-12,n2373,87,13,4,12
mn-87-14-4-1,n2374,87,14,4,1
mn-87-14-4-2,n2375,87,14,4,2
mn-87-14-4-3,n2376,87,14,4,3
mn-87-14-4-4,r68,87,14,4,4
mn-87-14-4-5,n2377,87,14,4,5
mn-87-15-4-1,n2378,87,15,4,1
mn-87-15-4-2,n2379,87,15,4,2
mn-87-15-4-3,n2380,87,15,4,3
mn-87-15-4-4,n2381,87,15,4,4
mn-88-1-1-1,n2382,88,1,1,1
mn-88-5-2-1,n2383,88,5,2,1
mn-88-9-3-1,n2384,88,9,3,1
mn-88-9-3-2,n2385,88,9,3,2
mn-88-9-3-3,n2386,88,9,3,3
mn-88-9-3-4,n2387,88,9,3,4
mn-88-9-3-5,n2388,88,9,3,5
mn-88-9-3-6,n2389,88,9,3,6
mn-88-9-3-7,n2390,88,9,3,7
mn-88-9-3-8,n2391,88,9,3,8
mn-88-9-3-9,n2392,88,9,3,9
mn-88-9-3-10,n2393,88,9,3,10
mn-88-9-3-11,n2394,88,9,3,11
mn-88-9-3-12,n2395,88,9,3,12
mn-88-9-3-13,n2396,88,9,3,13
mn-88-9-3-14,n2397,88,9,3,14
mn-88-9-3-15,n2398,88,9,3,15
mn-88-9-3-16,n2399,88,9,3,16
mn-88-9-3-17,n2400,88,9,3,17
mn-88-9-3-18,n2401,88,9,3,18
mn-88-9-3-19,n2402,88,9,3,19
mn-88-9-3-20,n2403,88,9,3,20
mn-88-13-4-1,n2404,88,13,4,1
mn-88-13-4-2,n2405,88,13,4,2
mn-88-13-4-3,n2406,88,13,4,3
mn-88-13-4-4,n2407,88,13,4,4
mn-88-13-4-5,n2408,88,13,4,5
mn-88-13-4-6,n2409,88,13,4,6
mn-88-13-4-7,n2410,88,13,4,7
mn-88-13-4-8,n2411,88,13,4,8
mn-88-13-4-9,n2412,88,13,4,9
mn-88-13-4-10,n2413,88,13,4,10
mn-88-13-4-11,n2414,88,13,4,11
mn-88-13-4-12,n2415,88,13,4,12
mn-88-14-4-1,n2416,88,14,4,1
mn-88-14-4-2,n2417,88,14,4,2
mn-88-14-4-3,n2418,88,14,4,3
mn-88-14-4-4,r69,88,14,4,4
mn-88-14-4-5,n2419,88,14,4,5
mn-88-15-4-1,n2420,88,15,4,1
mn-88-15-4-2,n2421,88,15,4,2
mn-88-15-4-3,n2422,88,15,4,3
mn-88-15-4-4,n2423,88,15,4,4
mn-89-1-1-1,n2424,89,1,1,1
mn-89-5-2-1,n2425,89,5,2,1
mn-89-9-3-1,n2426,89,9,3,1
mn-89-9-3-2,n2427,89,9,3,2
mn-89-9-3-3,n2428,89,9,3,3
mn-89-9-3-4,n2429,89,9,3,4
mn-89-9-3-5,n2430,89,9,3,5
mn-89-9-3-6,n2431,89,9,3,6
mn-89-9-3-7,n2432,89,9,3,7
mn-89-9-3-8,n2433,89,9,3,8
mn-89-9-3-9,n2434,89,9,3,9
mn-89-9-3-10,n2435,89,9,3,10
mn-89-9-3-11,n2436,89,9,3,11
mn-89-9-3-12,n2437,89,9,3,12
mn-89-9-3-13,n2438,89,9,3,13
mn-89-9-3-14,n2439,89,9,3,14
mn-89-9-3-15,n2440,89,9,3,15
mn-89-9-3-16,n2441,89,9,3,16
mn-89-9-3-17,n2442,89,9,3,17
mn-89-9-3-18,n2443,89,9,3,18
mn-89-9-3-19,n2444,89,9,3,19
mn-89-9-3-20,n2445,89,9,3,20
mn-89-13-4-1,n2446,89,13,4,1
mn-89-13-4-2,n2447,89,13,4,2
mn-89-13-4-3,n2448,89,13,4,3
mn-89-13-4-4,n2449,89,13,4,4
mn-89-13-4-5,n2450,89,13,4,5
mn-89-13-4-6,n2451,89,13,4,6
mn-89-14-4-1,n2452,89,14,4,1
mn-89-14-4-2,n2453,89,14,4,2
mn-89-14-4-3,n2454,89,14,4,3
mn-89-14-4-4,n2455,89,14,4,4
mn-89-14-4-5,n2456,89,14,4,5
mn-89-14-4-6,r70,89,14,4,6
mn-89-14-4-7,n2457,89,14,4,7
mn-89-14-4-8,n2458,89,14,4,8
mn-89-14-4-9,n2459,89,14,4,9
mn-89-15-4-1,n2460,89,15,4,1
mn-89-15-4-2,n2461,89,15,4,2
mn-89-15-4-3,n2462,89,15,4,3
mn-89-15-4-4,n2463,89,15,4,4
mn-90-1-1-1,n2464,90,1,1,1
mn-90-5-2-1,n2465,90,5,2,1
mn-90-9-3-1,n2466,90,9,3,1
mn-90-9-3-2,n2467,90,9,3,2
mn-90-9-3-3,n2468,90,9,3,3
mn-90-9-3-4,n2469,90,9,3,4
mn-90-9-3-5,n2470,90,9,3,5
mn-90-9-3-6,n2471,90,9,3,6
mn-90-9-3-7,n2472,90,9,3,7
mn-90-9-3-8,n2473,90,9,3,8
mn-90-9-3-9,n2474,90,9,3,9
mn-90-9-3-10,n2475,90,9,3,10
mn-90-9-3-11,n2476,90,9,3,11
mn-90-9-3-12,n2477,90,9,3,12
mn-90-9-3-13,n2478,90,9,3,13
mn-90-9-3-14,n2479,90,9,3,14
mn-90-9-3-15,n2480,90,9,3,15
mn-90-9-3-16,n2481,90,9,3,16
mn-90-9-3-17,n2482,90,9,3,17
mn-90-9-3-18,n2483,90,9,3,18
mn-90-9-3-19,n2484,90,9,3,19
mn-90-9-3-20,n2485,90,9,3,20
mn-90-13-4-1,n2486,90,13,4,1
mn-90-13-4-2,n2487,90,13,4,2
mn-90-13-4-3,n2488,90,13,4,3
mn-90-13-4-4,n2489,90,13,4,4
mn-90-13-4-5,n2490,90,13,4,5
mn-90-13-4-6,n2491,90,13,4,6
mn-90-14-4-1,n2492,90,14,4,1
mn-90-14-4-2,n2493,90,14,4,2
mn-90-14-4-3,n2494,90,14,4,3
mn-90-14-4-4,n2495,90,14,4,4
mn-90-14-4-5,n2496,90,14,4,5
mn-90-14-4-6,r71,90,14,4,6
mn-90-14-4-7,n2497,90,14,4,7
mn-90-14-4-8,n2498,90,14,4,8
mn-90-14-4-9,n2499,90,14,4,9
mn-90-15-4-1,n2500,90,15,4,1
mn-90-15-4-2,n2501,90,15,4,2
mn-90-15-4-3,n2502,90,15,4,3
mn-90-15-4-4,n2503,90,15,4,4
mn-91-1-1-1,n2504,91,1,1,1
mn-91-5-2-1,n2505,91,5,2,1
mn-91-9-3-1,n2506,91,9,3,1
mn-91-9-3-2,n2507,91,9,3,2
mn-91-9-3-3,n2508,91,9,3,3
mn-91-9-3-4,n2509,91,9,3,4
mn-91-9-3-5,n2510,91,9,3,5
mn-91-9-3-6,n2511,91,9,3,6
mn-91-9-3-7,n2512,91,9,3,7
mn-91-9-3-8,n2513,91,9,3,8
mn-91-9-3-9,n2514,91,9,3,9
mn-91-9-3-10,n2515,91,9,3,10
mn-91-9-3-11,n2516,91,9,3,11
mn-91-9-3-12,n2517,91,9,3,12
mn-91-9-3-13,n2518,91,9,3,13
mn-91-9-3-14,n2519,91,9,3,14
mn-91-9-3-15,n2520,91,9,3,15
mn-91-9-3-16,n2521,91,9,3,16
mn-91-9-3-17,n2522,91,9,3,17
mn-91-9-3-18,n2523,91,9,3,18
mn-91-9-3-19,n2524,91,9,3,19
mn-91-9-3-20,n2525,91,9,3,20
mn-91-9-3-21,n2526,91,9,3,21
mn-91-9-3-22,n2527,91,9,3,22
mn-91-9-3-23,n2528,91,9,3,23
mn-91-9-3-24,n2529,91,9,3,24
mn-91-13-4-1,n2530,91,13,4,1
mn-91-13-4-2,n2531,91,13,4,2
mn-91-13-4-3,n2532,91,13,4,3
mn-91-13-4-4,n2533,91,13,4,4
mn-91-13-4-5,n2534,91,13,4,5
mn-91-13-4-6,n2535,91,13,4,6
mn-91-13-4-7,n2536,91,13,4,7
mn-91-13-4-8,n2537,91,13,4,8
mn-92-1-1-1,n2538,92,1,1,1
mn-92-5-2-1,n2539,92,5,2,1
mn-92-9-3-1,n2540,92,9,3,1
mn-92-9-3-2,n2541,92,9,3,2
mn-92-9-3-3,n2542,92,9,3,3
mn-92-9-3-4,n2543,92,9,3,4
mn-92-9-3-5,n2544,92,9,3,5
mn-92-9-3-6,n2545,92,9,3,6
mn-92-9-3-7,n2546,92,9,3,7
mn-92-9-3-8,n2547,92,9,3,8
mn-92-9-3-9,n2548,92,9,3,9
mn-92-9-3-10,n2549,92,9,3,10
mn-92-9-3-11,n2550,92,9,3,11
mn-92-9-3-12,n2551,92,9,3,12
mn-92-9-3-13,n2552,92,9,3,13
mn-92-9-3-14,n2553,92,9,3,14
mn-92-9-3-15,n2554,92,9,3,15
mn-92-9-3-16,n2555,92,9,3,16
mn-92-9-3-17,n2556,92,9,3,17
mn-92-9-3-18,n2557,92,9,3,18
mn-92-9-3-19,n2558,92,9,3,19
mn-92-9-3-20,n2559,92,9,3,20
mn-92-9-3-21,n2560,92,9,3,21
mn-92-9-3-22,n2561,92,9,3,22
mn-92-9-3-23,n2562,92,9,3,23
mn-92-9-3-24,n2563,92,9,3,24
mn-92-13-4-1,n2564,92,13,4,1
mn-92-13-4-2,n2565,92,13,4,2
mn-92-13-4-3,n2566,92,13,4,3
mn-92-13-4-4,n2567,92,13,4,4
mn-92-13-4-5,n2568,92,13,4,5
mn-92-13-4-6,n2569,92,13,4,6
mn-92-13-4-7,n2570,92,13,4,7
mn-92-13-4-8,n2571,92,13,4,8
mn-93-1-1-1,n2572,93,1,1,1
mn-93-5-2-1,n2573,93,5,2,1
mn-93-9-3-1,n2574,93,9,3,1
mn-93-9-3-2,n2575,93,9,3,2
mn-93-9-3-3,n2576,93,9,3,3
mn-93-9-3-4,n2577,93,9,3,4
mn-93-9-3-5,n2578,93,9,3,5
mn-93-9-3-6,n2579,93,9,3,6
mn-93-9-3-7,n2580,93,9,3,7
mn-93-9-3-8,n2581,93,9,3,8
mn-93-9-3-9,n2582,93,9,3,9
mn-93-9-3-10,n2583,93,9,3,10
mn-93-9-3-11,n2584,93,9,3,11
mn-93-9-3-12,n2585,93,9,3,12
mn-93-9-3-13,n2586,93,9,3,13
mn-93-9-3-14,n2587,93,9,3,14
mn-93-9-3-15,n2588,93,9,3,15
mn-93-9-3-16,n2589,93,9,3,16
mn-93-9-3-17,n2590,93,9,3,17
mn-93-9-3-18,n2591,93,9,3,18
mn-93-9-3-19,n2592,93,9,3,19
mn-93-9-3-20,n2593,93,9,3,20
mn-93-9-3-21,n2594,93,9,3,21
mn-93-9-3-22,n2595,93,9,3,22
mn-93-9-3-23,n2596,93,9,3,23
mn-93-9-3-24,n2597,93,9,3,24
mn-93-9-3-25,n2598,93,9,3,25
mn-93-9-3-26,n2599,93,9,3,26
mn-93-9-3-27,n2600,93,9,3,27
mn-93-9-3-28,n2601,93,9,3,28
mn-93-9-3-29,n2602,93,9,3,29
mn-93-9-3-30,n2603,93,9,3,30
mn-93-10-3-1,n2604,93,10,3,1
mn-93-10-3-2,n2605,93,10,3,2
mn-93-10-3-3,n2606,93,10,3,3
mn-93-10-3-4,n2607,93,10,3,4
mn-93-10-3-5,n2608,93,10,3,5
mn-93-10-3-6,r72,93,10,3,6
mn-93-10-3-7,n2609,93,10,3,7
mn-93-10-3-8,n2610,93,10,3,8
mn-93-10-3-9,n2611,93,10,3,9
mn-93-10-3-10,n2612,93,10,3,10
mn-93-10-3-11,n2613,93,10,3,11
mn-93-10-3-12,r73,93,10,3,12
mn-93-10-3-13,n2614,93,10,3,13
mn-93-10-3-14,n2615,93,10,3,14
mn-93-10-3-15,n2616,93,10,3,15
mn-93-10-3-16,n2617,93,10,3,16
mn-93-10-3-17,n2618,93,10,3,17
mn-93-10-3-18,r74,93,10,3,18
mn-93-10-3-19,n2619,93,10,3,19
mn-93-10-3-20,n2620,93,10,3,20
mn-93-10-3-21,n2621,93,10,3,21
mn-93-13-4-1,n2622,93,13,4,1
mn-94-1-1-1,n2623,94,1,1,1
mn-94-5-2-1,n2624,94,5,2,1
mn-94-9-3-1,n2625,94,9,3,1
mn-94-9-3-2,n2626,94,9,3,2
mn-94-9-3-3,n2627,94,9,3,3
mn-94-9-3-4,n2628,94,9,3,4
mn-94-9-3-5,n2629,94,9,3,5
mn-94-9-3-6,n2630,94,9,3,6
mn-94-9-3-7,n2631,94,9,3,7
mn-94-9-3-8,n2632,94,9,3,8
mn-94-9-3-9,n2633,94,9,3,9
mn-94-9-3-10,n2634,94,9,3,10
mn-94-9-3-11,n2635,94,9,3,11
mn-94-9-3-12,n2636,94,9,3,12
mn-94-9-3-13,n2637,94,9,3,13
mn-94-9-3-14,n2638,94,9,3,14
mn-94-9-3-15,n2639,94,9,3,15
mn-94-9-3-16,n2640,94,9,3,16
mn-94-9-3-17,n2641,94,9,3,17
mn-94-9-3-18,n2642,94,9,3,18
mn-94-9-3-19,n2643,94,9,3,19
mn-94-9-3-20,n2644,94,9,3,20
mn-94-9-3-21,n2645,94,9,3,21
mn-94-9-3-22,n2646,94,9,3,22
mn-94-9-3-23,n2647,94,9,3,23
mn-94-9-3-24,n2648,94,9,3,24
mn-94-9-3-25,n2649,94,9,3,25
mn-94-9-3-26,n2650,94,9,3,26
mn-94-9-3-27,n2651,94,9,3,27
mn-94-9-3-28,n2652,94,9,3,28
mn-94-9-3-29,n2653,94,9,3,29
mn-94-9-3-30,n2654,94,9,3,30
mn-94-9-3-31,n2655,94,9,3,31
mn-94-9-3-32,n2656,94,9,3,32
mn-94-9-3-33,n2657,94,9,3,33
mn-94-9-3-34,n2658,94,9,3,34
mn-94-9-3-35,n2659,94,9,3,35
mn-94-9-3-36,n2660,94,9,3,36
mn-94-10-3-1,n2661,94,10,3,1
mn-94-10-3-2,n2662,94,10,3,2
mn-94-10-3-3,r75,94,10,3,3
mn-94-10-3-4,n2663,94,10,3,4
mn-94-10-3-5,n2664,94,10,3,5
mn-94-10-3-6,n2665,94,10,3,6
mn-94-10-3-7,n2666,94,10,3,7
mn-94-10-3-8,n2667,94,10,3,8
mn-94-10-3-9,r76,94,10,3,9
mn-94-10-3-10,n2668,94,10,3,10
mn-94-10-3-11,n2669,94,10,3,11
mn-94-10-3-12,n2670,94,10,3,12
mn-94-10-3-13,n2671,94,10,3,13
mn-94-10-3-14,n2672,94,10,3,14
mn-94-10-3-15,r77,94,10,3,15
mn-94-10-3-16,n2673,94,10,3,16
mn-94-10-3-17,n2674,94,10,3,17
mn-94-10-3-18,n2675,94,10,3,18
mn-94-10-3-19,n2676,94,10,3,19
mn-94-10-3-20,n2677,94,10,3,20
mn-94-10-3-21,r78,94,10,3,21
mn-94-10-3-22,n2678,94,10,3,22
mn-94-10-3-23,n2679,94,10,3,23
mn-94-10-3-24,n2680,94,10,3,24
mn-94-10-3-25,n2681,94,10,3,25
mn-94-10-3-26,n2682,94,10,3,26
mn-94-10-3-27,r79,94,10,3,27
mn-94-10-3-28,n2683,94,10,3,28
mn-94-10-3-29,n2684,94,10,3,29
mn-94-10-3-30,n2685,94,10,3,30
mn-94-10-3-31,n2686,94,10,3,31
mn-94-10-3-32,n2687,94,10,3,32
mn-94-10-3-33,r80,94,10,3,33
mn-94-10-3-34,n2688,94,10,3,34
mn-94-10-3-35,n2689,94,10,3,35
mn-94-10-3-36,n2690,94,10,3,36
mn-94-13-4-1,n2691,94,13,4,1
mn-95-1-1-1,n2692,95,1,1,1
mn-95-1-1-2,n2693,95,1,1,2
mn-95-1-1-3,n2694,95,1,1,3
mn-95-5-2-1,n2695,95,5,2,1
mn-95-5-2-2,n2696,95,5,2,2
mn-95-5-2-3,n2697,95,5,2,3
mn-95-9-3-1,r81,95,9,3,1
mn-95-9-3-2,n2698,95,9,3,2
mn-95-9-3-3,n2699,95,9,3,3
mn-95-9-3-4,n2700,95,9,3,4
mn-95-9-3-5,n2701,95,9,3,5
mn-95-9-3-6,n2702,95,9,3,6
mn-95-9-3-7,n2703,95,9,3,7
mn-95-9-3-8,n2704,95,9,3,8
mn-95-9-3-9,n2705,95,9,3,9
mn-95-9-3-10,n2706,95,9,3,10
mn-95-9-3-11,n2707,95,9,3,11
mn-95-9-3-12,n2708,95,9,3,12
mn-95-9-3-13,n2709,95,9,3,13
mn-95-9-3-14,n2710,95,9,3,14
mn-95-9-3-15,n2711,95,9,3,15
mn-95-9-3-16,n2712,95,9,3,16
mn-95-9-3-17,n2713,95,9,3,17
mn-95-9-3-18,n2714,95,9,3,18
mn-95-9-3-19,n2715,95,9,3,19
mn-95-9-3-20,n2716,95,9,3,20
mn-95-9-3-21,n2717,95,9,3,21
mn-95-9-3-22,n2718,95,9,3,22
mn-95-9-3-23,n2719,95,9,3,23
mn-95-9-3-24,n2720,95,9,3,24
mn-95-9-3-25,n2721,95,9,3,25
mn-95-10-3-1,n2722,95,10,3,1
mn-95-10-3-2,n2723,95,10,3,2
mn-95-10-3-3,n2724,95,10,3,3
mn-95-10-3-4,n2725,95,10,3,4
mn-95-10-3-5,n2726,95,10,3,5
mn-95-13-4-1,n2727,95,13,4,1
mn-95-13-4-2,n2728,95,13,4,2
mn-95-13-4-3,n2729,95,13,4,3
mn-96-1-1-1,n2730,96,1,1,1
mn-96-5-2-1,n2731,96,5,2,1
mn-96-9-3-1,n2732,96,9,3,1
mn-96-9-3-2,n2733,96,9,3,2
mn-96-9-3-3,n2734,96,9,3,3
mn-96-9-3-4,n2735,96,9,3,4
mn-96-9-3-5,n2736,96,9,3,5
mn-96-9-3-6,n2737,96,9,3,6
mn-96-9-3-7,n2738,96,9,3,7
mn-96-9-3-8,n2739,96,9,3,8
mn-96-9-4-1,n2740,96,9,4,1
mn-96-9-4-2,n2741,96,9,4,2
mn-96-9-4-3,n2742,96,9,4,3
mn-96-9-4-4,n2743,96,9,4,4
mn-96-9-4-5,n2744,96,9,4,5
mn-96-9-4-6,n2745,96,9,4,6
mn-96-9-4-7,n2746,96,9,4,7
mn-96-9-4-8,n2747,96,9,4,8
mn-96-9-4-9,n2748,96,9,4,9
mn-96-9-4-10,n2749,96,9,4,10
mn-96-9-4-11,n2750,96,9,4,11
mn-96-9-4-12,n2751,96,9,4,12
mn-96-13-4-1,n2752,96,13,4,1
mn-97-1-1-1,n2753,97,1,1,1
mn-97-5-2-1,n2754,97,5,2,1
mn-97-9-4-1,n2755,97,9,4,1
mn-97-9-4-2,n2756,97,9,4,2
mn-97-9-4-3,n2757,97,9,4,3
mn-97-9-4-4,n2758,97,9,4,4
mn-97-9-4-5,n2759,97,9,4,5
mn-97-9-4-6,n2760,97,9,4,6
mn-97-9-4-7,n2761,97,9,4,7
mn-97-13-4-1,n2762,97,13,4,1
mn-98-1-1-1,n2763,98,1,1,1
mn-98-5-2-1,n2764,98,5,2,1
mn-98-9-3-1,n2765,98,9,3,1
mn-98-9-3-2,n2766,98,9,3,2
mn-98-9-3-3,n2767,98,9,3,3
mn-98-9-3-4,n2768,98,9,3,4
mn-98-9-3-5,n2769,98,9,3,5
mn-98-9-3-6,n2770,98,9,3,6
mn-98-9-3-7,n2771,98,9,3,7
mn-98-9-3-8,n2772,98,9,3,8
mn-98-9-3-9,n2773,98,9,3,9
mn-98-9-3-10,n2774,98,9,3,10
mn-98-9-3-11,n2775,98,9,3,11
mn-98-9-3-12,n2776,98,9,3,12
mn-98-13-4-1,n2777,98,13,4,1
mn-98-13-4-2,n2778,98,13,4,2
mn-98-13-4-3,n2779,98,13,4,3
mn-98-13-4-4,n2780,98,13,4,4
mn-98-13-4-5,n2781,98,13,4,5
mn-98-13-4-6,n2782,98,13,4,6
mn-98-13-4-7,n2783,98,13,4,7
mn-98-13-4-8,n2784,98,13,4,8
mn-98-13-4-9,n2785,98,13,4,9
mn-98-13-4-10,n2786,98,13,4,10
mn-99-1-1-1,n2787,99,1,1,1
mn-99-5-2-1,n2788,99,5,2,1
mn-99-9-3-1,n2789,99,9,3,1
mn-99-9-3-2,n2790,99,9,3,2
mn-99-9-3-3,n2791,99,9,3,3
mn-99-9-3-4,n2792,99,9,3,4
mn-99-9-3-5,n2793,99,9,3,5
mn-99-9-3-6,n2794,99,9,3,6
mn-99-9-3-7,n2795,99,9,3,7
mn-99-9-3-8,n2796,99,9,3,8
mn-99-13-4-1,n2797,99,13,4,1
mn-99-13-4-2,n2798,99,13,4,2
mn-99-13-4-3,n2799,99,13,4,3
mn-99-13-4-4,n2800,99,13,4,4
mn-99-13-4-5,n2801,99,13,4,5
mn-99-13-4-6,n2802,99,13,4,6
mn-99-13-4-7,n2803,99,13,4,7
mn-99-13-4-8,n2804,99,13,4,8
mn-100-1-1-1,n2805,100,1,1,1
mn-100-5-2-1,n2806,100,5,2,1
mn-100-9-3-1,n2807,100,9,3,1
mn-100-9-3-2,n2808,100,9,3,2
mn-100-9-3-3,n2809,100,9,3,3
mn-100-9-3-4,n2810,100,9,3,4
mn-100-9-3-5,n2811,100,9,3,5
mn-100-9-3-6,n2812,100,9,3,6
mn-100-9-3-7,n2813,100,9,3,7
mn-100-9-3-8,n2814,100,9,3,8
mn-100-9-3-9,n2815,100,9,3,9
mn-100-9-3-10,n2816,100,9,3,10
mn-100-9-3-11,n2817,100,9,3,11
mn-100-9-3-12,n2818,100,9,3,12
mn-100-9-3-13,n2819,100,9,3,13
mn-100-9-3-14,n2820,100,9,3,14
mn-100-9-3-15,n2821,100,9,3,15
mn-100-9-3-16,n2822,100,9,3,16
mn-100-13-4-1,n2823,100,13,4,1
mn-100-13-4-2,n2824,100,13,4,2
mn-100-13-4-3,n2825,100,13,4,3
mn-100-13-4-4,n2826,100,13,4,4
mn-100-13-4-5,n2827,100,13,4,5
mn-100-13-4-6,n2828,100,13,4,6
mn-100-13-4-7,n2829,100,13,4,7
mn-100-13-4-8,n2830,100,13,4,8
mn-100-13-4-9,n2831,100,13,4,9
mn-100-13-4-10,n2832,100,13,4,10
mn-100-13-4-11,n2833,100,13,4,11
mn-100-13-4-12,n2834,100,13,4,12
mn-100-13-4-13,n2835,100,13,4,13
mn-100-13-4-14,n2836,100,13,4,14
mn-100-13-4-15,n2837,100,13,4,15
mn-100-13-4-16,n2838,100,13,4,16
mn-100-14-4-1,n2839,100,14,4,1
mn-100-14-4-2,n2840,100,14,4,2
mn-101-1-1-1,n2841,101,1,1,1
mn-101-5-2-1,n2842,101,5,2,1
mn-101-9-3-1,n2843,101,9,3,1
mn-101-9-3-2,n2844,101,9,3,2
mn-101-9-3-3,n2845,101,9,3,3
mn-101-9-3-4,n2846,101,9,3,4
mn-101-9-3-5,n2847,101,9,3,5
mn-101-9-3-6,n2848,101,9,3,6
mn-101-9-3-7,n2849,101,9,3,7
mn-101-9-3-8,n2850,101,9,3,8
mn-101-9-3-9,n2851,101,9,3,9
mn-101-9-3-10,n2852,101,9,3,10
mn-101-9-3-11,n2853,101,9,3,11
mn-101-9-3-12,n2854,101,9,3,12
mn-101-9-3-13,n2855,101,9,3,13
mn-101-9-3-14,n2856,101,9,3,14
mn-101-9-3-15,n2857,101,9,3,15
mn-101-9-3-16,n2858,101,9,3,16
mn-101-13-4-1,n2859,101,13,4,1
mn-101-13-4-2,n2860,101,13,4,2
mn-101-13-4-3,n2861,101,13,4,3
mn-101-13-4-4,n2862,101,13,4,4
mn-101-13-4-5,n2863,101,13,4,5
mn-101-13-4-6,n2864,101,13,4,6
mn-101-13-4-7,n2865,101,13,4,7
mn-101-13-4-8,n2866,101,13,4,8
mn-101-13-4-9,n2867,101,13,4,9
mn-101-13-4-10,n2868,101,13,4,10
mn-101-13-4-11,n2869,101,13,4,11
mn-101-13-4-12,n2870,101,13,4,12
mn-101-13-4-13,n2871,101,13,4,13
mn-101-13-4-14,n2872,101,13,4,14
mn-101-13-4-15,n2873,101,13,4,15
mn-101-13-4-16,n2874,101,13,4,16
mn-101-13-4-17,n2875,101,13,4,17
mn-101-13-4-18,n2876,101,13,4,18
mn-102-1-1-1,n2877,102,1,1,1
mn-102-5-2-1,n2878,102,5,2,1
mn-102-9-3-1,n2879,102,9,3,1
mn-102-9-3-2,n2880,102,9,3,2
mn-102-9-3-3,n2881,102,9,3,3
mn-102-9-3-4,n2882,102,9,3,4
mn-102-9-3-5,n2883,102,9,3,5
mn-102-9-3-6,n2884,102,9,3,6
mn-102-9-3-7,n2885,102,9,3,7
mn-102-9-3-8,n2886,102,9,3,8
mn-102-9-3-9,n2887,102,9,3,9
mn-102-9-3-10,n2888,102,9,3,10
mn-102-9-3-11,n2889,102,9,3,11
mn-102-9-3-12,n2890,102,9,3,12
mn-102-13-4-1,n2891,102,13,4,1
mn-102-13-4-2,n2892,102,13,4,2
mn-102-13-4-3,n2893,102,13,4,3
mn-102-13-4-4,n2894,102,13,4,4
mn-102-13-4-5,n2895,102,13,4,5
mn-102-13-4-6,n2896,102,13,4,6
mn-102-13-4-7,n2897,102,13,4,7
mn-102-13-4-8,n2898,102,13,4,8
mn-102-13-4-9,n2899,102,13,4,9
mn-102-13-4-10,n2900,102,13,4,10
mn-103-1-1-1,n2901,103,1,1,1
mn-103-5-2-1,n2902,103,5,2,1
mn-103-9-3-1,n2903,103,9,3,1
mn-103-9-3-2,n2904,103,9,3,2
mn-103-9-3-3,n2905,103,9,3,3
mn-103-9-3-4,n2906,103,9,3,4
mn-103-9-3-5,n2907,103,9,3,5
mn-103-9-3-6,n2908,103,9,3,6
mn-103-9-3-7,n2909,103,9,3,7
mn-103-9-3-8,n2910,103,9,3,8
mn-103-13-4-1,n2911,103,13,4,1
mn-103-13-4-2,n2912,103,13,4,2
mn-103-13-4-3,n2913,103,13,4,3
mn-103-13-4-4,n2914,103,13,4,4
mn-103-13-4-5,n2915,103,13,4,5
mn-103-13-4-6,n2916,103,13,4,6
mn-103-13-4-7,n2917,103,13,4,7
mn-103-13-4-8,n2918,103,13,4,8
mn-104-1-1-1,n2919,104,1,1,1
mn-104-5-2-1,n2920,104,5,2,1
mn-104-9-3-1,n2921,104,9,3,1
mn-104-9-3-2,n2922,104,9,3,2
mn-104-9-3-3,n2923,104,9,3,3
mn-104-9-3-4,n2924,104,9,3,4
mn-104-9-3-5,n2925,104,9,3,5
mn-104-9-3-6,n2926,104,9,3,6
mn-104-9-3-7,n2927,104,9,3,7
mn-104-9-3-8,n2928,104,9,3,8
mn-104-9-3-9,n2929,104,9,3,9
mn-104-9-3-10,n2930,104,9,3,10
mn-104-9-3-11,n2931,104,9,3,11
mn-104-9-3-12,n2932,104,9,3,12
mn-104-9-3-13,n2933,104,9,3,13
mn-104-9-3-14,n2934,104,9,3,14
mn-104-9-3-15,n2935,104,9,3,15
mn-104-9-3-16,n2936,104,9,3,16
mn-104-13-4-1,n2937,104,13,4,1
mn-104-13-4-2,n2938,104,13,4,2
mn-104-13-4-3,n2939,104,13,4,3
mn-104-13-4-4,n2940,104,13,4,4
mn-104-13-4-5,n2941,104,13,4,5
mn-104-13-4-6,n2942,104,13,4,6
mn-104-13-4-7,n2943,104,13,4,7
mn-104-13-4-8,n2944,104,13,4,8
mn-104-13-4-9,n2945,104,13,4,9
mn-104-13-4-10,n2946,104,13,4,10
mn-104-13-4-11,n2947,104,13,4,11
mn-104-13-4-12,n2948,104,13,4,12
mn-104-13-4-13,n2949,104,13,4,13
mn-104-13-4-14,n2950,104,13,4,14
mn-104-13-4-15,n2951,104,13,4,15
mn-104-13-4-16,n2952,104,13,4,16
mn-104-14-4-1,n2953,104,14,4,1
mn-104-14-4-2,n2954,104,14,4,2
mn-104-14-4-3,n2955,104,14,4,3
mn-105-1-1-1,n2956,105,1,1,1
mn-105-5-2-1,n2957,105,5,2,1
mn-105-9-3-1,n2958,105,9,3,1
mn-105-9-3-2,n2959,105,9,3,2
mn-105-9-3-3,n2960,105,9,3,3
mn-105-9-3-4,n2961,105,9,3,4
mn-105-9-3-5,n2962,105,9,3,5
mn-105-9-3-6,n2963,105,9,3,6
mn-105-9-3-7,n2964,105,9,3,7
mn-105-9-3-8,n2965,105,9,3,8
mn-105-9-3-9,n2966,105,9,3,9
mn-105-9-3-10,n2967,105,9,3,10
mn-105-9-3-11,n2968,105,9,3,11
mn-105-9-3-12,n2969,105,9,3,12
mn-105-9-3-13,n2970,105,9,3,13
mn-105-9-3-14,n2971,105,9,3,14
mn-105-9-3-15,n2972,105,9,3,15
mn-105-9-3-16,n2973,105,9,3,16
mn-105-13-4-1,n2974,105,13,4,1
mn-105-13-4-2,n2975,105,13,4,2
mn-105-13-4-3,n2976,105,13,4,3
mn-105-13-4-4,n2977,105,13,4,4
mn-105-13-4-5,n2978,105,13,4,5
mn-105-13-4-6,n2979,105,13,4,6
mn-105-13-4-7,n2980,105,13,4,7
mn-105-13-4-8,n2981,105,13,4,8
mn-105-13-4-9,n2982,105,13,4,9
mn-105-13-4-10,n2983,105,13,4,10
mn-105-13-4-11,n2984,105,13,4,11
mn-105-13-4-12,n2985,105,13,4,12
mn-105-13-4-13,n2986,105,13,4,13
mn-105-13-4-14,n2987,105,13,4,14
mn-105-13-4-15,n2988,105,13,4,15
mn-105-13-4-16,n2989,105,13,4,16
mn-105-13-4-17,n2990,105,13,4,17
mn-105-13-4-18,n2991,105,13,4,18
mn-106-1-1-1,n2992,106,1,1,1
mn-106-5-2-1,n2993,106,5,2,1
mn-106-9-3-1,n2994,106,9,3,1
mn-106-9-3-2,n2995,106,9,3,2
mn-106-9-3-3,n2996,106,9,3,3
mn-106-9-3-4,n2997,106,9,3,4
mn-106-9-3-5,n2998,106,9,3,5
mn-106-9-3-6,n2999,106,9,3,6
mn-106-9-3-7,n3000,106,9,3,7
mn-106-9-3-8,n3001,106,9,3,8
mn-106-9-3-9,n3002,106,9,3,9
mn-106-9-3-10,n3003,106,9,3,10
mn-106-13-4-1,n3004,106,13,4,1
mn-106-13-4-2,n3005,106,13,4,2
mn-106-13-4-3,n3006,106,13,4,3
mn-106-13-4-4,n3007,106,13,4,4
mn-106-13-4-5,n3008,106,13,4,5
mn-106-13-4-6,n3009,106,13,4,6
mn-106-13-4-7,n3010,106,13,4,7
mn-106-13-4-8,n3011,106,13,4,8
mn-106-13-4-9,n3012,106,13,4,9
mn-106-13-4-10,n3013,106,13,4,10
mn-107-1-1-1,n3014,107,1,1,1
mn-107-5-2-1,n3015,107,5,2,1
mn-107-9-3-1,n3016,107,9,3,1
mn-107-9-3-2,n3017,107,9,3,2
mn-107-9-3-3,n3018,107,9,3,3
mn-107-9-3-4,n3019,107,9,3,4
mn-107-9-3-5,n3020,107,9,3,5
mn-107-9-3-6,n3021,107,9,3,6
mn-107-9-3-7,n3022,107,9,3,7
mn-107-9-3-8,n3023,107,9,3,8
mn-107-9-3-9,n3024,107,9,3,9
mn-107-9-3-10,n3025,107,9,3,10
mn-107-9-3-11,n3026,107,9,3,11
mn-107-13-4-1,n3027,107,13,4,1
mn-107-13-4-2,n3028,107,13,4,2
mn-107-13-4-3,n3029,107,13,4,3
mn-107-13-4-4,n3030,107,13,4,4
mn-107-13-4-5,n3031,107,13,4,5
mn-107-13-4-6,n3032,107,13,4,6
mn-107-13-4-7,n3033,107,13,4,7
mn-107-13-4-8,n3034,107,13,4,8
mn-107-13-4-9,n3035,107,13,4,9
mn-107-13-4-10,n3036,107,13,4,10
mn-107-13-4-11,n3037,107,13,4,11
mn-107-13-4-12,n3038,107,13,4,12
mn-107-13-4-13,n3039,107,13,4,13
mn-107-13-4-14,n3040,107,13,4,14
mn-107-13-4-15,n3041,107,13,4,15
mn-107-13-4-16,n3042,107,13,4,16
mn-107-13-4-17,n3043,107,13,4,17
mn-107-13-4-18,n3044,107,13,4,18
mn-107-13-4-19,n3045,107,13,4,19
mn-107-13-4-20,n3046,107,13,4,20
mn-107-13-4-21,n3047,107,13,4,21
mn-108-1-1-1,n3048,108,1,1,1
mn-108-5-2-1,n3049,108,5,2,1
mn-108-9-3-1,n3050,108,9,3,1
mn-108-9-3-2,n3051,108,9,3,2
mn-108-9-3-3,n3052,108,9,3,3
mn-108-9-3-4,n3053,108,9,3,4
mn-108-9-3-5,n3054,108,9,3,5
mn-108-9-3-6,n3055,108,9,3,6
mn-108-9-3-7,n3056,108,9,3,7
mn-108-9-3-8,n3057,108,9,3,8
mn-108-9-3-9,n3058,108,9,3,9
mn-108-9-3-10,n3059,108,9,3,10
mn-108-13-4-1,n3060,108,13,4,1
mn-108-13-4-2,n3061,108,13,4,2
mn-108-13-4-3,n3062,108,13,4,3
mn-108-13-4-4,n3063,108,13,4,4
mn-108-13-4-5,n3064,108,13,4,5
mn-108-13-4-6,n3065,108,13,4,6
mn-108-13-4-7,n3066,108,13,4,7
mn-108-13-4-8,n3067,108,13,4,8
mn-108-13-4-9,n3068,108,13,4,9
mn-108-13-4-10,n3069,108,13,4,10
mn-109-1-1-1,n3070,109,1,1,1
mn-109-5-2-1,n3071,109,5,2,1
mn-109-9-3-1,n3072,109,9,3,1
mn-109-9-3-2,n3073,109,9,3,2
mn-109-9-3-3,n3074,109,9,3,3
mn-109-9-3-4,n3075,109,9,3,4
mn-109-9-3-5,n3076,109,9,3,5
mn-109-9-3-6,n3077,109,9,3,6
mn-109-9-3-7,n3078,109,9,3,7
mn-109-9-3-8,n3079,109,9,3,8
mn-109-9-3-9,n3080,109,9,3,9
mn-109-9-3-10,n3081,109,9,3,10
mn-109-9-3-11,n3082,109,9,3,11
mn-109-13-4-1,n3083,109,13,4,1
mn-109-13-4-2,n3084,109,13,4,2
mn-109-13-4-3,n3085,109,13,4,3
mn-109-13-4-4,n3086,109,13,4,4
mn-109-13-4-5,n3087,109,13,4,5
mn-109-13-4-6,n3088,109,13,4,6
mn-109-13-4-7,n3089,109,13,4,7
mn-109-13-4-8,n3090,109,13,4,8
mn-109-13-4-9,n3091,109,13,4,9
mn-109-13-4-10,n3092,109,13,4,10
mn-109-13-4-11,n3093,109,13,4,11
mn-109-13-4-12,n3094,109,13,4,12
mn-109-13-4-13,n3095,109,13,4,13
mn-109-13-4-14,n3096,109,13,4,14
mn-109-13-4-15,n3097,109,13,4,15
mn-109-13-4-16,n3098,109,13,4,16
mn-109-13-4-17,n3099,109,13,4,17
mn-109-13-4-18,n3100,109,13,4,18
mn-109-13-4-19,n3101,109,13,4,19
mn-109-13-4-20,n3102,109,13,4,20
mn-109-13-4-21,n3103,109,13,4,21
mn-110-1-1-1,n3104,110,1,1,1
mn-110-5-2-1,n3105,110,5,2,1
mn-110-9-3-1,n3106,110,9,3,1
mn-110-9-3-2,n3107,110,9,3,2
mn-110-9-3-3,n3108,110,9,3,3
mn-110-9-3-4,n3109,110,9,3,4
mn-110-9-3-5,n3110,110,9,3,5
mn-110-9-3-6,n3111,110,9,3,6
mn-110-9-3-7,n3112,110,9,3,7
mn-110-9-3-8,n3113,110,9,3,8
mn-110-9-3-9,n3114,110,9,3,9
mn-110-13-4-1,n3115,110,13,4,1
mn-110-13-4-2,n3116,110,13,4,2
mn-110-13-4-3,n3117,110,13,4,3
mn-110-13-4-4,n3118,110,13,4,4
mn-110-13-4-5,n3119,110,13,4,5
mn-110-13-4-6,n3120,110,13,4,6
mn-110-13-4-7,n3121,110,13,4,7
mn-110-13-4-8,n3122,110,13,4,8
mn-110-13-4-9,n3123,110,13,4,9
mn-111-1-1-1,n3124,111,1,1,1
mn-111-5-2-1,n3125,111,5,2,1
mn-111-9-3-1,n3126,111,9,3,1
mn-111-9-3-2,n3127,111,9,3,2
mn-111-9-3-3,n3128,111,9,3,3
mn-111-9-3-4,n3129,111,9,3,4
mn-111-9-3-5,n3130,111,9,3,5
mn-111-9-3-6,n3131,111,9,3,6
mn-111-9-3-7,n3132,111,9,3,7
mn-111-9-3-8,n3133,111,9,3,8
mn-111-9-3-9,n3134,111,9,3,9
mn-111-13-4-1,n3135,111,13,4,1
mn-111-13-4-2,n3136,111,13,4,2
mn-111-13-4-3,n3137,111,13,4,3
mn-111-13-4-4,n3138,111,13,4,4
mn-111-13-4-5,n3139,111,13,4,5
mn-111-13-4-6,n3140,111,13,4,6
mn-111-13-4-7,n3141,111,13,4,7
mn-111-13-4-8,n3142,111,13,4,8
mn-111-13-4-9,n3143,111,13,4,9
mn-112-1-1-1,n3144,112,1,1,1
mn-112-5-2-1,n3145,112,5,2,1
mn-112-9-3-1,n3146,112,9,3,1
mn-112-9-3-2,n3147,112,9,3,2
mn-112-9-3-3,n3148,112,9,3,3
mn-112-9-3-4,n3149,112,9,3,4
mn-112-9-3-5,n3150,112,9,3,5
mn-112-9-3-6,n3151,112,9,3,6
mn-112-9-3-7,n3152,112,9,3,7
mn-112-9-3-8,n3153,112,9,3,8
mn-112-9-3-9,n3154,112,9,3,9
mn-112-13-4-1,n3155,112,13,4,1
mn-112-13-4-2,n3156,112,13,4,2
mn-112-13-4-3,n3157,112,13,4,3
mn-112-13-4-4,n3158,112,13,4,4
mn-112-13-4-5,n3159,112,13,4,5
mn-112-13-4-6,n3160,112,13,4,6
mn-112-13-4-7,n3161,112,13,4,7
mn-112-13-4-8,n3162,112,13,4,8
mn-112-13-4-9,n3163,112,13,4,9
mn-113-1-1-1,n3164,113,1,1,1
mn-113-5-2-1,n3165,113,5,2,1
mn-113-9-3-1,n3166,113,9,3,1
mn-113-9-3-2,n3167,113,9,3,2
mn-113-9-3-3,n3168,113,9,3,3
mn-113-9-3-4,n3169,113,9,3,4
mn-113-9-3-5,n3170,113,9,3,5
mn-113-9-3-6,n3171,113,9,3,6
mn-113-9-3-7,n3172,113,9,3,7
mn-113-9-3-8,n3173,113,9,3,8
mn-113-9-3-9,n3174,113,9,3,9
mn-113-13-4-1,n3175,113,13,4,1
mn-113-13-4-2,n3176,113,13,4,2
mn-113-13-4-3,n3177,113,13,4,3
mn-113-13-4-4,n3178,113,13,4,4
mn-113-13-4-5,n3179,113,13,4,5
mn-113-13-4-6,n3180,113,13,4,6
mn-113-13-4-7,n3181,113,13,4,7
mn-113-13-4-8,n3182,113,13,4,8
mn-113-13-4-9,n3183,113,13,4,9
mn-114-1-1-1,n3184,114,1,1,1
mn-114-5-2-1,n3185,114,5,2,1
mn-114-9-3-1,n3186,114,9,3,1
mn-114-9-3-2,n3187,114,9,3,2
mn-114-9-3-3,n3188,114,9,3,3
mn-114-9-3-4,n3189,114,9,3,4
mn-114-9-3-5,n3190,114,9,3,5
mn-114-9-3-6,n3191,114,9,3,6
mn-114-9-3-7,n3192,114,9,3,7
mn-114-9-3-8,n3193,114,9,3,8
mn-114-9-3-9,n3194,114,9,3,9
mn-114-13-4-1,n3195,114,13,4,1
mn-114-13-4-2,n3196,114,13,4,2
mn-114-13-4-3,n3197,114,13,4,3
mn-114-13-4-4,n3198,114,13,4,4
mn-114-13-4-5,n3199,114,13,4,5
mn-114-13-4-6,n3200,114,13,4,6
mn-114-13-4-7,n3201,114,13,4,7
mn-114-13-4-8,n3202,114,13,4,8
mn-114-13-4-9,n3203,114,13,4,9
mn-115-1-1-1,n3204,115,1,1,1
mn-115-5-2-1,n3205,115,5,2,1
mn-115-9-3-1,n3206,115,9,3,1
mn-115-9-3-2,n3207,115,9,3,2
mn-115-9-3-3,n3208,115,9,3,3
mn-115-9-3-4,n3209,115,9,3,4
mn-115-9-3-5,n3210,115,9,3,5
mn-115-9-3-6,n3211,115,9,3,6
mn-115-9-3-7,n3212,115,9,3,7
mn-115-9-3-8,n3213,115,9,3,8
mn-115-9-3-9,n3214,115,9,3,9
mn-115-13-4-1,n3215,115,13,4,1
mn-115-13-4-2,n3216,115,13,4,2
mn-115-13-4-3,n3217,115,13,4,3
mn-115-13-4-4,n3218,115,13,4,4
mn-115-13-4-5,n3219,115,13,4,5
mn-115-13-4-6,n3220,115,13,4,6
mn-115-13-4-7,n3221,115,13,4,7
mn-115-13-4-8,n3222,115,13,4,8
mn-115-13-4-9,n3223,115,13,4,9
mn-116-1-1-1,n3224,116,1,1,1
mn-116-5-2-1,n3225,116,5,2,1
mn-116-9-3-1,n3226,116,9,3,1
mn-116-9-3-2,n3227,116,9,3,2
mn-116-9-3-3,n3228,116,9,3,3
mn-116-9-3-4,n3229,116,9,3,4
mn-116-9-3-5,n3230,116,9,3,5
mn-116-9-3-6,n3231,116,9,3,6
mn-116-9-3-7,n3232,116,9,3,7
mn-116-9-3-8,n3233,116,9,3,8
mn-116-9-3-9,n3234,116,9,3,9
mn-116-13-4-1,n3235,116,13,4,1
mn-116-13-4-2,n3236,116,13,4,2
mn-116-13-4-3,n3237,116,13,4,3
mn-116-13-4-4,n3238,116,13,4,4
mn-116-13-4-5,n3239,116,13,4,5
mn-116-13-4-6,n3240,116,13,4,6
mn-116-13-4-7,n3241,116,13,4,7
mn-116-13-4-8,n3242,116,13,4,8
mn-116-13-4-9,n3243,116,13,4,9
mn-117-1-1-1,n3244,117,1,1,1
mn-117-5-2-1,n3245,117,5,2,1
mn-117-9-3-1,n3246,117,9,3,1
mn-117-9-3-2,n3247,117,9,3,2
mn-117-9-3-3,n3248,117,9,3,3
mn-117-9-3-4,n3249,117,9,3,4
mn-117-9-3-5,n3250,117,9,3,5
mn-117-9-3-6,n3251,117,9,3,6
mn-117-9-3-7,n3252,117,9,3,7
mn-117-9-3-8,n3253,117,9,3,8
mn-117-9-3-9,n3254,117,9,3,9
mn-117-13-4-1,n3255,117,13,4,1
mn-117-13-4-2,n3256,117,13,4,2
mn-117-13-4-3,n3257,117,13,4,3
mn-117-13-4-4,n3258,117,13,4,4
mn-117-13-4-5,n3259,117,13,4,5
mn-117-13-4-6,n3260,117,13,4,6
mn-117-13-4-7,n3261,117,13,4,7
mn-117-13-4-8,n3262,117,13,4,8
mn-117-13-4-9,n3263,117,13,4,9
mn-118-1-1-1,n3264,118,1,1,1
mn-118-5-2-1,n3265,118,5,2,1
mn-118-9-3-1,n3266,118,9,3,1
mn-118-9-3-2,n3267,118,9,3,2
mn-118-9-3-3,n3268,118,9,3,3
mn-118-9-3-4,n3269,118,9,3,4
mn-118-9-3-5,n3270,118,9,3,5
mn-118-9-3-6,n3271,118,9,3,6
mn-118-13-4-1,n3272,118,13,4,1
mn-118-13-4-2,n3273,118,13,4,2
mn-118-13-4-3,n3274,118,13,4,3
mn-118-13-4-4,n3275,118,13,4,4
mn-118-13-4-5,n3276,118,13,4,5
mn-118-13-4-6,n3277,118,13,4,6
mn-119-1-1-1,n3278,119,1,1,1
mn-119-5-2-1,n3279,119,5,2,1
mn-119-9-3-1,n3280,119,9,3,1
mn-119-9-3-2,n3281,119,9,3,2
mn-119-9-3-3,n3282,119,9,3,3
mn-119-9-3-4,n3283,119,9,3,4
mn-119-13-4-1,n3284,119,13,4,1
mn-119-13-4-2,n3285,119,13,4,2
mn-119-13-4-3,n3286,119,13,4,3
mn-119-13-4-4,n3287,119,13,4,4
mn-120-1-1-1,n3288,120,1,1,1
mn-120-5-2-1,n3289,120,5,2,1
mn-120-9-3-1,n3290,120,9,3,1
mn-120-9-3-2,n3291,120,9,3,2
mn-120-9-3-3,n3292,120,9,3,3
mn-120-9-3-4,n3293,120,9,3,4
mn-120-9-3-5,n3294,120,9,3,5
mn-120-9-3-6,n3295,120,9,3,6
mn-120-13-4-1,n3296,120,13,4,1
mn-120-13-4-2,n3297,120,13,4,2
mn-120-13-4-3,n3298,120,13,4,3
mn-120-13-4-4,n3299,120,13,4,4
mn-120-13-4-5,n3300,120,13,4,5
mn-120-13-4-6,n3301,120,13,4,6
mn-121-1-1-1,n3302,121,1,1,1
mn-121-5-2-1,n3303,121,5,2,1
mn-121-9-3-1,n3304,121,9,3,1
mn-121-9-3-2,n3305,121,9,3,2
mn-121-9-3-3,n3306,121,9,3,3
mn-121-9-3-4,n3307,121,9,3,4
mn-121-13-4-1,n3308,121,13,4,1
mn-121-13-4-2,n3309,121,13,4,2
mn-121-13-4-3,n3310,121,13,4,3
mn-121-13-4-4,n3311,121,13,4,4
mn-122-1-1-1,n3312,122,1,1,1
mn-122-5-2-1,n3313,122,5,2,1
mn-122-9-3-1,n3314,122,9,3,1
mn-122-13-4-1,n3315,122,13,4,1
mn-122-13-4-2,n3316,122,13,4,2
mn-122-13-4-3,n3317,122,13,4,3
mn-122-13-4-4,n3318,122,13,4,4
mn-123-1-1-1,n3319,123,1,1,1
mn-123-5-2-1,n3320,123,5,2,1
mn-123-9-3-1,n3321,123,9,3,1
mn-123-9-3-2,n3322,123,9,3,2
mn-123-9-3-3,n3323,123,9,3,3
mn-123-9-3-4,n3324,123,9,3,4
mn-123-9-3-5,n3325,123,9,3,5
mn-123-9-3-6,n3326,123,9,3,6
mn-123-9-3-7,n3327,123,9,3,7
mn-123-9-3-8,n3328,123,9,3,8
mn-123-9-3-9,n3329,123,9,3,9
mn-123-9-3-10,n3330,123,9,3,10
mn-123-13-4-1,n3331,123,13,4,1
mn-123-13-4-2,n3332,123,13,4,2
mn-123-13-4-3,n3333,123,13,4,3
mn-123-13-4-4,n3334,123,13,4,4
mn-123-13-4-5,n3335,123,13,4,5
mn-123-13-4-6,n3336,123,13,4,6
mn-123-13-4-7,n3337,123,13,4,7
mn-123-13-4-8,n3338,123,13,4,8
mn-123-13-4-9,n3339,123,13,4,9
mn-123-13-4-10,n3340,123,13,4,10
mn-124-1-1-1,n3341,124,1,1,1
mn-124-5-2-1,n3342,124,5,2,1
mn-124-9-3-1,n3343,124,9,3,1
mn-124-9-3-2,n3344,124,9,3,2
mn-124-9-3-3,n3345,124,9,3,3
mn-124-9-3-4,n3346,124,9,3,4
mn-124-13-4-1,n3347,124,13,4,1
mn-124-13-4-2,n3348,124,13,4,2
mn-124-13-4-3,n3349,124,13,4,3
mn-124-13-4-4,n3350,124,13,4,4
mn-125-1-1-1,n3351,125,1,1,1
mn-125-5-2-1,n3352,125,5,2,1
mn-125-9-3-1,n3353,125,9,3,1
mn-125-9-3-2,n3354,125,9,3,2
mn-125-9-3-3,n3355,125,9,3,3
mn-125-9-3-4,n3356,125,9,3,4
mn-125-13-4-1,n3357,125,13,4,1
mn-125-13-4-2,n3358,125,13,4,2
mn-125-13-4-3,n3359,125,13,4,3
mn-125-13-4-4,n3360,125,13,4,4
