note_id,original_id,part,bar,voice,staff,ordinal
n1,n1,1,1,1,1,1
n2,n2,1,1,1,1,2
n3,n3,1,1,1,1,3
n4,n4,1,1,1,1,4
n5,n5,1,1,1,1,5
n6,n6,1,1,1,1,6
n7,n7,1,1,1,1,7
n8,n8,1,1,1,1,8
n9,n9,1,1,1,1,9
n10,n10,1,1,1,1,10
n11,n11,1,1,1,1,11
n12,n12,1,1,1,1,12
n13,n13,1,1,5,2,1
n14,n14,1,1,5,2,2
n15,n15,1,1,5,2,3
n16,n16,1,1,5,2,4
n17,n17,1,1,5,2,5
n18,n18,1,1,5,2,6
n19,n19,1,1,5,2,7
n20,n20,1,1,5,2,8
n21,n21,1,1,5,2,9
n22,n22,1,1,5,2,10
n23,n23,1,1,5,2,11
n24,n24,1,1,5,2,12
n25,n25,1,1,5,2,13
n26,n26,1,1,5,2,14
n27,n27,1,1,5,2,15
n28,n28,1,1,5,2,16
n29,n29,1,1,5,2,17
n30,n30,1,1,5,2,18
n31,n31,1,1,6,2,1
n32,n32,1,1,6,2,2
n33,n33,1,1,6,2,3
n34,n34,1,1,6,2,4
n35,n35,1,1,6,2,5
n36,n36,1,1,6,2,6
n37,n37,1,1,6,2,7
n38,n38,1,1,6,2,8
n39,n39,1,1,6,2,9
n40,n40,1,1,6,2,10
n41,n41,1,1,6,2,11
n42,n42,1,1,6,2,12
n43,n43,1,2,1,1,1
n44,n44,1,2,1,1,2
n45,n45,1,2,1,1,3
n46,n46,1,2,1,2,1
n47,n47,1,2,1,2,2
n48,n48,1,2,1,1,4
n49,n49,1,2,1,1,5
n50,n50,1,2,1,1,6
n51,n51,1,2,1,1,7
n52,n52,1,2,1,1,8
n53,n53,1,2,1,1,9
n54,n54,1,2,1,1,10
n55,n55,1,2,1,1,11
n56,n56,1,2,5,2,1
n57,n57,1,2,5,2,2
n58,n58,1,2,5,2,3
r1,r1,1,2,5,2,4
r2,r2,1,2,5,2,5
r3,r3,1,2,5,2,6
n59,n59,1,2,6,2,1
n60,n60,1,2,6,2,2
n61,n61,1,2,6,2,3
n62,n62,1,2,6,2,4
n63,n63,1,3,1,1,1
n64,n64,1,3,1,1,2
n65,n65,1,3,1,1,3
n66,n66,1,3,1,1,4
n67,n67,1,3,1,1,5
n68,n68,1,3,1,1,6
n69,n69,1,3,1,1,7
n70,n70,1,3,1,1,8
n71,n71,1,3,1,1,9
n72,n72,1,3,5,2,1
n73,n73,1,3,5,2,2
n74,n74,1,3,5,2,3
n75,n75,1,3,5,2,4
n76,n76,1,3,5,2,5
n77,n77,1,4,1,1,1
n78,n78,1,4,1,1,2
n79,n79,1,4,1,1,3
n80,n80,1,4,1,1,4
n81,n81,1,4,1,1,5
n82,n82,1,4,1,1,6
n83,n83,1,4,5,2,1
n84,n84,1,4,5,2,2
n85,n85,1,4,5,2,3
n86,n86,1,4,5,2,4
n87,n87,1,4,5,2,5
n88,n88,1,4,5,2,6
n89,n89,1,4,5,2,7
n90,n90,1,4,5,2,8
n91,n91,1,4,5,2,9
n92,n92,1,4,5,2,10
n93,n93,1,4,5,2,11
n94,n94,1,4,5,2,12
n95,n95,1,4,6,2,1
n96,n96,1,4,6,2,2
n97,n97,1,4,6,2,3
n98,n98,1,4,6,2,4
n99,n99,1,4,6,2,5
n100,n100,1,4,6,2,6
n101,n101,1,4,6,2,7
n102,n102,1,4,6,2,8
n103,n103,1,4,6,2,9
n104,n104,1,4,6,2,10
n105,n105,1,4,6,2,11
n106,n106,1,4,6,2,12
n107,n107,1,4,6,2,13
n108,n108,1,4,6,2,14
n109,n109,1,4,6,2,15
n110,n110,1,4,6,2,16
n111,n111,1,4,6,2,17
n112,n112,1,4,6,2,18
n113,n113,1,5,1,1,1
r4,r4,1,5,1,1,2
n114,n114,1,5,1,1,3
n115,n115,1,5,1,1,4
n116,n116,1,5,1,1,5
n117,n117,1,5,1,1,6
n118,n118,1,5,1,1,7
n119,n119,1,5,1,1,8
n120,n120,1,5,1,1,9
n121,n121,1,5,1,1,10
n122,n122,1,5,1,1,11
n123,n123,1,5,1,1,12
n124,n124,1,5,5,2,1
n125,n125,1,5,5,2,2
n126,n126,1,5,5,2,3
n127,n127,1,5,5,2,4
n128,n128,1,5,5,2,5
n129,n129,1,5,6,2,1
n130,n130,1,5,6,2,2
n131,n131,1,5,6,2,3
n132,n132,1,5,6,2,4
n133,n133,1,5,6,2,5
n134,n134,1,6,1,1,1
n135,n135,1,6,1,1,2
n136,n136,1,6,1,1,3
n137,n137,1,6,1,1,4
n138,n138,1,6,1,1,5
n139,n139,1,6,1,1,6
n140,n140,1,6,1,1,7
n141,n141,1,6,1,1,8
n142,n142,1,6,1,1,9
n143,n143,1,6,1,1,10
n144,n144,1,6,1,1,11
n145,n145,1,6,1,1,12
n146,n146,1,6,1,1,13
n147,n147,1,6,1,1,14
n148,n148,1,6,1,1,15
n149,n149,1,6,5,2,1
n150,n150,1,6,5,2,2
n151,n151,1,6,5,2,3
n152,n152,1,6,5,2,4
n153,n153,1,6,5,2,5
n154,n154,1,6,5,2,6
n155,n155,1,6,5,2,7
n156,n156,1,7,1,1,1
n157,n157,1,7,1,1,2
n158,n158,1,7,1,1,3
n159,n159,1,7,1,1,4
n160,n160,1,7,1,1,5
n161,n161,1,7,1,1,6
n162,n162,1,7,1,1,7
n163,n163,1,7,1,1,8
n164,n164,1,7,1,1,9
n165,n165,1,7,1,1,10
n166,n166,1,7,1,1,11
n167,n167,1,7,1,1,12
n168,n168,1,7,1,1,13
n169,n169,1,7,1,1,14
n170,n170,1,7,1,1,15
n171,n171,1,7,5,2,1
n172,n172,1,7,5,2,2
n173,n173,1,7,5,2,3
n174,n174,1,7,5,2,4
n175,n175,1,7,5,2,5
n176,n176,1,7,5,2,6
n177,n177,1,7,5,2,7
n178,n178,1,7,5,2,8
n179,n179,1,8,1,1,1
n180,n180,1,8,1,1,2
n181,n181,1,8,1,1,3
n182,n182,1,8,1,1,4
n183,n183,1,8,1,1,5
n184,n184,1,8,1,1,6
n185,n185,1,8,1,1,7
n186,n186,1,8,1,1,8
n187,n187,1,8,1,1,9
n188,n188,1,8,1,1,10
n189,n189,1,8,1,1,11
n190,n190,1,8,1,1,12
n191,n191,1,8,1,1,13
n192,n192,1,8,1,1,14
n193,n193,1,8,1,1,15
n194,n194,1,8,1,1,16
n195,n195,1,8,1,1,17
n196,n196,1,8,1,1,18
n197,n197,1,8,5,2,1
n198,n198,1,8,5,2,2
n199,n199,1,8,5,2,3
n200,n200,1,8,5,2,4
n201,n201,1,8,5,2,5
n202,n202,1,8,5,2,6
n203,n203,1,8,5,2,7
n204,n204,1,8,5,2,8
n205,n205,1,9,1,1,1
n206,n206,1,9,1,1,2
n207,n207,1,9,1,1,3
n208,n208,1,9,1,1,4
n209,n209,1,9,1,1,5
n210,n210,1,9,1,1,6
n211,n211,1,9,1,1,7
n212,n212,1,9,1,1,8
n213,n213,1,9,1,1,9
n214,n214,1,9,1,1,10
n215,n215,1,9,1,1,11
n216,n216,1,9,1,1,12
n217,n217,1,9,1,1,13
n218,n218,1,9,1,1,14
n219,n219,1,9,1,1,15
n220,n220,1,9,5,2,1
n221,n221,1,9,5,2,2
n222,n222,1,9,5,2,3
n223,n223,1,9,5,2,4
n224,n224,1,9,5,2,5
n225,n225,1,9,5,2,6
n226,n226,1,9,5,2,7
n227,n227,1,9,5,2,8
n228,n228,1,10,1,1,1
n229,n229,1,10,1,1,2
n230,n230,1,10,1,1,3
n231,n231,1,10,1,1,4
n232,n232,1,10,1,1,5
n233,n233,1,10,1,1,6
n234,n234,1,10,1,1,7
n235,n235,1,10,1,1,8
n236,n236,1,10,1,1,9
n237,n237,1,10,1,1,10
n238,n238,1,10,1,1,11
n239,n239,1,10,1,1,12
n240,n240,1,10,1,1,13
n241,n241,1,10,1,1,14
n242,n242,1,10,1,1,15
n243,n243,1,10,1,1,16
n244,n244,1,10,1,1,17
n245,n245,1,10,1,1,18
n246,n246,1,10,5,2,1
n247,n247,1,10,5,2,2
n248,n248,1,10,5,2,3
n249,n249,1,10,5,2,4
n250,n250,1,10,5,2,5
n251,n251,1,10,5,2,6
n252,n252,1,10,5,2,7
n253,n253,1,10,5,2,8
n254,n254,1,11,1,1,1
n255,n255,1,11,1,1,2
n256,n256,1,11,1,1,3
n257,n257,1,11,1,1,4
n258,n258,1,11,1,1,5
n259,n259,1,11,1,1,6
n260,n260,1,11,1,1,7
n261,n261,1,11,1,1,8
n262,n262,1,11,1,1,9
n263,n263,1,11,1,1,10
n264,n264,1,11,1,1,11
n265,n265,1,11,1,1,12
n266,n266,1,11,1,1,13
n267,n267,1,11,1,1,14
n268,n268,1,11,1,1,15
n269,n269,1,11,5,2,1
n270,n270,1,11,5,2,2
n271,n271,1,11,5,2,3
n272,n272,1,11,5,2,4
n273,n273,1,11,5,2,5
n274,n274,1,11,5,2,6
n275,n275,1,11,5,2,7
n276,n276,1,11,5,2,8
n277,n277,1,12,1,1,1
n278,n278,1,12,1,1,2
n279,n279,1,12,1,1,3
n280,n280,1,12,1,1,4
n281,n281,1,12,1,1,5
n282,n282,1,12,1,1,6
n283,n283,1,12,1,1,7
n284,n284,1,12,1,1,8
n285,n285,1,12,1,1,9
n286,n286,1,12,1,1,10
n287,n287,1,12,1,1,11
n288,n288,1,12,1,1,12
n289,n289,1,12,1,1,13
n290,n290,1,12,1,1,14
n291,n291,1,12,1,1,15
n292,n292,1,12,5,2,1
n293,n293,1,12,5,2,2
n294,n294,1,12,5,2,3
n295,n295,1,12,5,2,4
n296,n296,1,12,5,2,5
n297,n297,1,12,5,2,6
n298,n298,1,12,5,2,7
n299,n299,1,12,5,2,8
n300,n300,1,12,5,2,9
n301,n301,1,12,5,2,10
n302,n302,1,13,1,1,1
n303,n303,1,13,1,1,2
n304,n304,1,13,1,1,3
n305,n305,1,13,1,1,4
n306,n306,1,13,1,1,5
n307,n307,1,13,1,1,6
n308,n308,1,13,1,1,7
n309,n309,1,13,1,1,8
n310,n310,1,13,1,1,9
n311,n311,1,13,1,1,10
n312,n312,1,13,1,1,11
n313,n313,1,13,1,1,12
n314,n314,1,13,1,1,13
n315,n315,1,13,1,1,14
n316,n316,1,13,1,1,15
n317,n317,1,13,5,2,1
n318,n318,1,13,5,2,2
n319,n319,1,13,5,2,3
n320,n320,1,13,5,2,4
n321,n321,1,13,5,2,5
n322,n322,1,13,5,2,6
n323,n323,1,13,5,2,7
n324,n324,1,13,5,2,8
n325,n325,1,13,5,2,9
n326,n326,1,13,5,2,10
n327,n327,1,14,1,1,1
n328,n328,1,14,1,1,2
n329,n329,1,14,1,1,3
n330,n330,1,14,1,1,4
n331,n331,1,14,1,1,5
n332,n332,1,14,1,1,6
n333,n333,1,14,5,2,1
n334,n334,1,14,5,2,2
n335,n335,1,14,5,2,3
n336,n336,1,14,5,2,4
n337,n337,1,15,1,1,1
n338,n338,1,15,1,1,2
n339,n339,1,15,1,1,3
n340,n340,1,15,1,1,4
n341,n341,1,15,1,1,5
n342,n342,1,15,1,1,6
n343,n343,1,15,1,1,7
n344,n344,1,15,1,1,8
n345,n345,1,15,1,1,9
n346,n346,1,15,5,2,1
n347,n347,1,15,5,2,2
n348,n348,1,15,5,2,3
n349,n349,1,15,5,2,4
n350,n350,1,15,5,2,5
n351,n351,1,15,5,2,6
n352,n352,1,15,5,2,7
n353,n353,1,15,5,2,8
n354,n354,1,15,5,2,9
n355,n355,1,15,5,2,10
n356,n356,1,15,5,2,11
n357,n357,1,15,5,2,12
n358,n358,1,15,5,2,13
n359,n359,1,15,5,2,14
n360,n360,1,15,5,2,15
n361,n361,1,15,5,2,16
n362,n362,1,16,1,1,1
n363,n363,1,16,1,1,2
n364,n364,1,16,1,1,3
n365,n365,1,16,1,1,4
n366,n366,1,16,1,1,5
n367,n367,1,16,1,1,6
n368,n368,1,16,1,1,7
n369,n369,1,16,1,1,8
n370,n370,1,16,1,1,9
n371,n371,1,16,1,1,10
n372,n372,1,16,1,1,11
n373,n373,1,16,1,1,12
n374,n374,1,16,1,1,13
n375,n375,1,16,1,1,14
n376,n376,1,16,1,1,15
n377,n377,1,16,1,1,16
n378,n378,1,16,1,1,17
n379,n379,1,16,1,1,18
n380,n380,1,16,1,1,19
n381,n381,1,16,1,1,20
n382,n382,1,16,1,1,21
n383,n383,1,16,1,1,22
n384,n384,1,16,1,1,23
n385,n385,1,16,1,1,24
n386,n386,1,16,1,1,25
n387,n387,1,16,1,1,26
n388,n388,1,16,1,1,27
n389,n389,1,16,1,1,28
n390,n390,1,16,1,1,29
n391,n391,1,16,1,1,30
n392,n392,1,16,1,1,31
n393,n393,1,16,5,2,1
n394,n394,1,16,5,2,2
n395,n395,1,16,5,2,3
n396,n396,1,16,5,2,4
n397,n397,1,16,5,2,5
n398,n398,1,16,5,2,6
n399,n399,1,16,5,2,7
n400,n400,1,16,5,2,8
n401,n401,1,16,5,2,9
n402,n402,1,16,5,2,10
n403,n403,1,16,5,2,11
n404,n404,1,16,5,2,12
n405,n405,1,16,5,2,13
n406,n406,1,16,5,2,14
n407,n407,1,16,5,2,15
n408,n408,1,16,5,2,16
n409,n409,1,17,1,1,1
n410,n410,1,17,1,1,2
n411,n411,1,17,1,1,3
n412,n412,1,17,1,1,4
n413,n413,1,17,1,1,5
n414,n414,1,17,1,1,6
n415,n415,1,17,1,1,7
n416,n416,1,17,1,1,8
n417,n417,1,17,1,1,9
n418,n418,1,17,5,2,1
n419,n419,1,17,5,2,2
n420,n420,1,17,5,2,3
n421,n421,1,17,5,2,4
n422,n422,1,17,5,2,5
n423,n423,1,18,1,1,1
n424,n424,1,18,1,1,2
n425,n425,1,18,1,1,3
n426,n426,1,18,1,1,4
n427,n427,1,18,1,1,5
n428,n428,1,18,1,1,6
n429,n429,1,18,1,1,7
n430,n430,1,18,1,1,8
n431,n431,1,18,1,1,9
n432,n432,1,18,1,1,10
n433,n433,1,18,1,1,11
n434,n434,1,18,1,1,12
n435,n435,1,18,5,2,1
n436,n436,1,18,5,2,2
n437,n437,1,18,5,2,3
n438,n438,1,18,5,2,4
n439,n439,1,18,5,2,5
n440,n440,1,18,5,2,6
n441,n441,1,18,5,2,7
n442,n442,1,18,5,2,8
n443,n443,1,18,5,2,9
n444,n444,1,18,5,2,10
n445,n445,1,18,5,2,11
n446,n446,1,18,5,2,12
n447,n447,1,18,5,2,13
n448,n448,1,18,5,2,14
n449,n449,1,18,5,2,15
n450,n450,1,18,5,2,16
n451,n451,1,18,5,2,17
n452,n452,1,18,5,2,18
n453,n453,1,18,6,2,1
n454,n454,1,18,6,2,2
n455,n455,1,18,6,2,3
n456,n456,1,18,6,2,4
n457,n457,1,18,6,2,5
n458,n458,1,18,6,2,6
n459,n459,1,18,6,2,7
n460,n460,1,18,6,2,8
n461,n461,1,18,6,2,9
n462,n462,1,18,6,2,10
n463,n463,1,18,6,2,11
n464,n464,1,18,6,2,12
n465,n465,1,19,1,1,1
n466,n466,1,19,1,1,2
n467,n467,1,19,1,1,3
n468,n468,1,19,1,2,1
n469,n469,1,19,1,2,2
n470,n470,1,19,1,1,4
n471,n471,1,19,1,1,5
n472,n472,1,19,1,1,6
n473,n473,1,19,1,1,7
n474,n474,1,19,1,1,8
n475,n475,1,19,1,1,9
n476,n476,1,19,1,1,10
n477,n477,1,19,1,1,11
n478,n478,1,19,5,2,1
n479,n479,1,19,5,2,2
n480,n480,1,19,5,2,3
r5,r5,1,19,5,2,4
r6,r6,1,19,5,2,5
r7,r7,1,19,5,2,6
n481,n481,1,19,6,2,1
n482,n482,1,19,6,2,2
n483,n483,1,19,6,2,3
n484,n484,1,19,6,2,4
n485,n485,1,20,1,1,1
n486,n486,1,20,1,1,2
n487,n487,1,20,1,1,3
n488,n488,1,20,1,1,4
n489,n489,1,20,1,1,5
n490,n490,1,20,1,1,6
n491,n491,1,20,1,1,7
n492,n492,1,20,1,1,8
n493,n493,1,20,1,1,9
n494,n494,1,20,1,1,10
n495,n495,1,20,1,1,11
n496,n496,1,20,1,1,12
n497,n497,1,20,5,2,1
n498,n498,1,20,5,2,2
n499,n499,1,20,5,2,3
n500,n500,1,20,5,2,4
n501,n501,1,20,5,1,1
n502,n502,1,20,5,1,2
n503,n503,1,20,5,1,3
n504,n504,1,21,1,1,1
n505,n505,1,21,1,1,2
n506,n506,1,21,1,1,3
n507,n507,1,21,1,1,4
n508,n508,1,21,1,1,5
n509,n509,1,21,1,1,6
n510,n510,1,21,5,2,1
n511,n511,1,21,5,2,2
n512,n512,1,21,5,2,3
n513,n513,1,21,5,2,4
n514,n514,1,21,5,2,5
n515,n515,1,21,5,2,6
n516,n516,1,21,5,2,7
n517,n517,1,21,5,2,8
n518,n518,1,21,5,2,9
n519,n519,1,21,5,2,10
n520,n520,1,21,5,2,11
n521,n521,1,21,5,2,12
n522,n522,1,21,6,2,1
n523,n523,1,21,6,2,2
n524,n524,1,21,6,2,3
n525,n525,1,21,6,2,4
n526,n526,1,21,6,2,5
n527,n527,1,21,6,2,6
n528,n528,1,21,6,2,7
n529,n529,1,21,6,2,8
n530,n530,1,21,6,2,9
n531,n531,1,21,6,2,10
n532,n532,1,21,6,2,11
n533,n533,1,21,6,2,12
n534,n534,1,21,6,2,13
n535,n535,1,21,6,2,14
n536,n536,1,21,6,2,15
n537,n537,1,21,6,2,16
n538,n538,1,21,6,2,17
n539,n539,1,21,6,2,18
n540,n540,1,22,1,1,1
r8,r8,1,22,1,1,2
n541,n541,1,22,1,1,3
n542,n542,1,22,1,1,4
n543,n543,1,22,1,1,5
n544,n544,1,22,1,1,6
n545,n545,1,22,1,1,7
n546,n546,1,22,1,1,8
n547,n547,1,22,1,1,9
n548,n548,1,22,1,1,10
n549,n549,1,22,1,1,11
n550,n550,1,22,1,1,12
n551,n551,1,22,5,2,1
n552,n552,1,22,5,2,2
n553,n553,1,22,5,2,3
n554,n554,1,22,5,2,4
n555,n555,1,22,5,2,5
n556,n556,1,22,6,2,1
n557,n557,1,22,6,2,2
n558,n558,1,22,6,2,3
n559,n559,1,22,6,2,4
n560,n560,1,22,6,2,5
n561,n561,1,23,1,1,1
n562,n562,1,23,1,1,2
n563,n563,1,23,1,1,3
n564,n564,1,23,1,1,4
n565,n565,1,23,1,1,5
n566,n566,1,23,1,1,6
n567,n567,1,23,1,1,7
n568,n568,1,23,1,1,8
n569,n569,1,23,1,1,9
n570,n570,1,23,1,1,10
n571,n571,1,23,1,1,11
n572,n572,1,23,1,1,12
n573,n573,1,23,5,2,1
n574,n574,1,23,5,2,2
n575,n575,1,23,5,2,3
n576,n576,1,23,5,2,4
n577,n577,1,23,5,2,5
n578,n578,1,23,5,2,6
n579,n579,1,23,5,1,1
n580,n580,1,23,5,1,2
n581,n581,1,23,5,1,3
n582,n582,1,24,1,1,1
n583,n583,1,24,1,1,2
n584,n584,1,24,1,1,3
n585,n585,1,24,1,1,4
n586,n586,1,24,1,1,5
n587,n587,1,24,1,1,6
n588,n588,1,24,1,1,7
n589,n589,1,24,1,1,8
n590,n590,1,24,1,1,9
n591,n591,1,24,1,1,10
n592,n592,1,24,1,1,11
n593,n593,1,24,1,1,12
n594,n594,1,24,1,1,13
n595,n595,1,24,5,2,1
n596,n596,1,24,5,2,2
n597,n597,1,24,5,2,3
n598,n598,1,24,5,2,4
n599,n599,1,24,5,2,5
n600,n600,1,25,1,1,1
n601,n601,1,25,1,1,2
n602,n602,1,25,1,1,3
n603,n603,1,25,1,1,4
n604,n604,1,25,1,1,5
n605,n605,1,25,1,1,6
n606,n606,1,25,1,1,7
n607,n607,1,25,1,1,8
n608,n608,1,25,1,1,9
n609,n609,1,25,5,1,1
n610,n610,1,25,5,1,2
n611,n611,1,25,5,2,1
n612,n612,1,26,1,1,1
n613,n613,1,26,1,1,2
n614,n614,1,26,1,1,3
n615,n615,1,26,1,1,4
n616,n616,1,26,1,1,5
n617,n617,1,26,1,1,6
n618,n618,1,26,1,1,7
n619,n619,1,26,1,1,8
n620,n620,1,26,1,1,9
n621,n621,1,26,5,2,1
n622,n622,1,26,5,2,2
n623,n623,1,26,5,2,3
n624,n624,1,26,5,2,4
n625,n625,1,26,5,1,1
n626,n626,1,26,5,1,2
n627,n627,1,27,1,1,1
n628,n628,1,27,1,1,2
n629,n629,1,27,1,1,3
n630,n630,1,27,1,1,4
n631,n631,1,27,1,1,5
n632,n632,1,27,1,1,6
n633,n633,1,27,1,1,7
n634,n634,1,27,1,1,8
n635,n635,1,27,1,1,9
n636,n636,1,27,1,1,10
n637,n637,1,27,5,1,1
n638,n638,1,27,5,1,2
n639,n639,1,27,5,2,1
n640,n640,1,28,1,1,1
n641,n641,1,28,1,1,2
n642,n642,1,28,1,1,3
n643,n643,1,28,1,1,4
n644,n644,1,28,1,1,5
n645,n645,1,28,1,1,6
n646,n646,1,28,1,1,7
n647,n647,1,28,1,1,8
n648,n648,1,28,5,2,1
n649,n649,1,28,5,2,2
n650,n650,1,28,5,2,3
n651,n651,1,28,5,2,4
n652,n652,1,28,5,2,5
n653,n653,1,28,5,2,6
n654,n654,1,28,5,2,7
n655,n655,1,28,5,2,8
n656,n656,1,28,5,2,9
n657,n657,1,29,1,1,1
n658,n658,1,29,1,1,2
n659,n659,1,29,1,1,3
n660,n660,1,29,1,1,4
n661,n661,1,29,1,1,5
n662,n662,1,29,1,1,6
n663,n663,1,29,1,1,7
n664,n664,1,29,1,1,8
n665,n665,1,29,1,1,9
n666,n666,1,29,1,1,10
n667,n667,1,29,1,1,11
n668,n668,1,29,1,1,12
n669,n669,1,29,1,1,13
n670,n670,1,29,1,1,14
n671,n671,1,29,1,1,15
n672,n672,1,29,1,1,16
n673,n673,1,29,1,1,17
n674,n674,1,29,5,2,1
n675,n675,1,29,5,2,2
n676,n676,1,29,5,2,3
n677,n677,1,29,5,2,4
n678,n678,1,29,5,2,5
n679,n679,1,29,5,2,6
n680,n680,1,29,5,2,7
n681,n681,1,29,5,2,8
n682,n682,1,30,1,1,1
n683,n683,1,30,1,1,2
n684,n684,1,30,1,1,3
n685,n685,1,30,1,1,4
n686,n686,1,30,1,1,5
n687,n687,1,30,1,1,6
n688,n688,1,30,1,1,7
n689,n689,1,30,1,1,8
n690,n690,1,30,5,2,1
n691,n691,1,30,5,2,2
n692,n692,1,30,5,2,3
n693,n693,1,30,5,2,4
n694,n694,1,30,5,2,5
n695,n695,1,30,5,2,6
n696,n696,1,30,5,2,7
n697,n697,1,30,5,2,8
n698,n698,1,30,5,2,9
n699,n699,1,31,1,1,1
n700,n700,1,31,1,1,2
n701,n701,1,31,1,1,3
n702,n702,1,31,1,1,4
n703,n703,1,31,1,1,5
n704,n704,1,31,1,1,6
n705,n705,1,31,1,1,7
n706,n706,1,31,1,1,8
n707,n707,1,31,1,1,9
n708,n708,1,31,1,1,10
n709,n709,1,31,1,1,11
n710,n710,1,31,1,1,12
n711,n711,1,31,1,1,13
n712,n712,1,31,1,1,14
n713,n713,1,31,1,1,15
n714,n714,1,31,1,1,16
n715,n715,1,31,1,1,17
n716,n716,1,31,5,2,1
n717,n717,1,31,5,2,2
n718,n718,1,31,5,2,3
n719,n719,1,31,5,2,4
n720,n720,1,31,5,2,5
n721,n721,1,31,5,2,6
n722,n722,1,31,5,2,7
n723,n723,1,31,5,2,8
n724,n724,1,32,1,1,1
n725,n725,1,32,1,1,2
n726,n726,1,32,1,1,3
n727,n727,1,32,1,1,4
n728,n728,1,32,5,2,1
n729,n729,1,32,5,2,2
n730,n730,1,32,5,2,3
n731,n731,1,32,5,2,4
n732,n732,1,32,5,2,5
n733,n733,1,32,5,2,6
n734,n734,1,32,5,1,1
n735,n735,1,32,5,1,2
n736,n736,1,32,5,1,3
n737,n737,1,32,5,1,4
n738,n738,1,32,5,1,5
n739,n739,1,32,5,1,6
n740,n740,1,32,5,1,7
n741,n741,1,32,5,1,8
n742,n742,1,32,5,1,9
n743,n743,1,32,5,2,7
n744,n744,1,33,1,1,1
n745,n745,1,33,1,1,2
n746,n746,1,33,1,1,3
n747,n747,1,33,1,1,4
n748,n748,1,33,1,1,5
n749,n749,1,33,1,1,6
n750,n750,1,33,1,1,7
n751,n751,1,33,1,1,8
n752,n752,1,33,1,1,9
n753,n753,1,33,1,1,10
n754,n754,1,33,1,1,11
n755,n755,1,33,1,1,12
n756,n756,1,33,1,1,13
n757,n757,1,33,1,1,14
n758,n758,1,33,1,1,15
n759,n759,1,33,1,1,16
n760,n760,1,33,5,2,1
n761,n761,1,33,5,2,2
n762,n762,1,33,5,2,3
n763,n763,1,33,5,2,4
n764,n764,1,33,5,2,5
n765,n765,1,33,5,2,6
n766,n766,1,33,5,2,7
n767,n767,1,33,5,2,8
n768,n768,1,33,5,2,9
n769,n769,1,33,5,2,10
n770,n770,1,33,5,2,11
n771,n771,1,33,5,2,12
n772,n772,1,33,5,2,13
n773,n773,1,33,5,2,14
n774,n774,1,33,5,2,15
n775,n775,1,33,5,2,16
n776,n776,1,34,1,1,1
n777,n777,1,34,1,1,2
n778,n778,1,34,1,1,3
n779,n779,1,34,1,1,4
n780,n780,1,34,1,1,5
n781,n781,1,34,1,1,6
n782,n782,1,34,1,1,7
n783,n783,1,34,1,1,8
n784,n784,1,34,1,1,9
n785,n785,1,34,1,1,10
n786,n786,1,34,1,1,11
n787,n787,1,34,1,1,12
n788,n788,1,34,1,1,13
n789,n789,1,34,1,1,14
n790,n790,1,34,1,1,15
n791,n791,1,34,1,1,16
n792,n792,1,34,5,2,1
n793,n793,1,34,5,2,2
n794,n794,1,34,5,2,3
n795,n795,1,34,5,2,4
n796,n796,1,34,5,2,5
n797,n797,1,34,5,2,6
n798,n798,1,34,5,2,7
n799,n799,1,34,5,2,8
n800,n800,1,34,5,2,9
n801,n801,1,34,5,2,10
n802,n802,1,34,5,2,11
n803,n803,1,34,5,2,12
n804,n804,1,34,5,2,13
n805,n805,1,34,5,2,14
n806,n806,1,34,5,2,15
n807,n807,1,34,5,2,16
n808,n808,1,35,1,1,1
n809,n809,1,35,1,1,2
n810,n810,1,35,1,1,3
n811,n811,1,35,1,1,4
n812,n812,1,35,1,1,5
n813,n813,1,35,1,1,6
n814,n814,1,35,1,1,7
n815,n815,1,35,1,1,8
n816,n816,1,35,1,1,9
n817,n817,1,35,1,1,10
n818,n818,1,35,1,1,11
n819,n819,1,35,1,1,12
n820,n820,1,35,1,1,13
n821,n821,1,35,1,1,14
n822,n822,1,35,1,1,15
n823,n823,1,35,1,1,16
n824,n824,1,35,5,2,1
n825,n825,1,35,5,2,2
n826,n826,1,35,5,2,3
n827,n827,1,35,5,2,4
n828,n828,1,35,5,2,5
n829,n829,1,35,5,2,6
n830,n830,1,35,5,2,7
n831,n831,1,35,5,2,8
n832,n832,1,35,5,2,9
n833,n833,1,35,5,2,10
n834,n834,1,35,5,2,11
n835,n835,1,35,5,2,12
n836,n836,1,35,5,2,13
n837,n837,1,35,5,2,14
n838,n838,1,35,5,2,15
n839,n839,1,35,5,2,16
n840,n840,1,36,1,1,1
n841,n841,1,36,1,1,2
n842,n842,1,36,1,1,3
n843,n843,1,36,1,1,4
n844,n844,1,36,1,1,5
n845,n845,1,36,1,1,6
n846,n846,1,36,1,1,7
n847,n847,1,36,1,1,8
n848,n848,1,36,1,1,9
n849,n849,1,36,1,1,10
n850,n850,1,36,1,1,11
n851,n851,1,36,1,1,12
n852,n852,1,36,1,1,13
n853,n853,1,36,1,1,14
n854,n854,1,36,1,1,15
n855,n855,1,36,1,1,16
n856,n856,1,36,2,1,1
n857,n857,1,36,2,1,2
n858,n858,1,36,2,1,3
n859,n859,1,36,2,1,4
n860,n860,1,36,5,2,1
n861,n861,1,36,5,2,2
n862,n862,1,36,5,2,3
n863,n863,1,36,5,2,4
n864,n864,1,36,5,2,5
n865,n865,1,36,5,2,6
n866,n866,1,36,5,2,7
n867,n867,1,36,5,2,8
n868,n868,1,36,5,2,9
n869,n869,1,36,5,2,10
n870,n870,1,36,5,2,11
n871,n871,1,36,5,2,12
n872,n872,1,36,5,2,13
n873,n873,1,36,5,2,14
n874,n874,1,36,5,2,15
n875,n875,1,36,5,2,16
n876,n876,1,37,1,1,1
n877,n877,1,37,1,1,2
n878,n878,1,37,1,1,3
n879,n879,1,37,1,1,4
n880,n880,1,37,1,1,5
n881,n881,1,37,1,1,6
n882,n882,1,37,1,1,7
n883,n883,1,37,1,1,8
n884,n884,1,37,1,1,9
n885,n885,1,37,1,1,10
n886,n886,1,37,1,1,11
n887,n887,1,37,1,1,12
n888,n888,1,37,1,1,13
n889,n889,1,37,1,1,14
n890,n890,1,37,1,1,15
n891,n891,1,37,1,1,16
n892,n892,1,37,2,1,1
n893,n893,1,37,2,1,2
n894,n894,1,37,2,1,3
n895,n895,1,37,2,1,4
n896,n896,1,37,5,2,1
n897,n897,1,37,5,2,2
n898,n898,1,37,5,2,3
n899,n899,1,37,5,2,4
n900,n900,1,37,5,2,5
n901,n901,1,37,5,2,6
n902,n902,1,37,5,2,7
n903,n903,1,37,5,2,8
n904,n904,1,37,5,2,9
n905,n905,1,37,5,2,10
n906,n906,1,37,5,2,11
n907,n907,1,37,5,2,12
n908,n908,1,37,5,2,13
n909,n909,1,37,5,2,14
n910,n910,1,37,5,2,15
n911,n911,1,37,5,2,16
n912,n912,1,38,1,1,1
n913,n913,1,38,1,1,2
n914,n914,1,38,1,1,3
n915,n915,1,38,1,1,4
n916,n916,1,38,5,2,1
n917,n917,1,38,5,2,2
n918,n918,1,38,5,2,3
n919,n919,1,38,5,2,4
n920,n920,1,38,5,2,5
n921,n921,1,38,5,2,6
n922,n922,1,38,5,1,1
n923,n923,1,38,5,1,2
n924,n924,1,38,5,1,3
n925,n925,1,38,5,1,4
n926,n926,1,38,5,1,5
n927,n927,1,38,5,1,6
n928,n928,1,38,5,1,7
n929,n929,1,38,5,1,8
n930,n930,1,38,5,2,7
n931,n931,1,38,5,2,8
n932,n932,1,39,1,1,1
n933,n933,1,39,1,1,2
n934,n934,1,39,1,1,3
n935,n935,1,39,1,1,4
n936,n936,1,39,1,1,5
n937,n937,1,39,1,1,6
n938,n938,1,39,1,1,7
n939,n939,1,39,1,1,8
n940,n940,1,39,1,1,9
n941,n941,1,39,1,1,10
n942,n942,1,39,1,1,11
n943,n943,1,39,1,1,12
n944,n944,1,39,1,1,13
n945,n945,1,39,1,1,14
n946,n946,1,39,1,1,15
n947,n947,1,39,1,1,16
n948,n948,1,39,5,2,1
n949,n949,1,39,5,2,2
n950,n950,1,39,5,2,3
n951,n951,1,39,5,2,4
n952,n952,1,39,5,2,5
n953,n953,1,39,5,2,6
n954,n954,1,39,5,2,7
n955,n955,1,39,5,2,8
n956,n956,1,39,5,2,9
n957,n957,1,39,5,2,10
n958,n958,1,39,5,2,11
n959,n959,1,39,5,2,12
n960,n960,1,39,5,2,13
n961,n961,1,39,5,2,14
n962,n962,1,39,5,2,15
n963,n963,1,39,5,2,16
n964,n964,1,40,1,1,1
n965,n965,1,40,1,1,2
n966,n966,1,40,1,1,3
n967,n967,1,40,1,1,4
n968,n968,1,40,1,1,5
n969,n969,1,40,1,1,6
n970,n970,1,40,1,1,7
n971,n971,1,40,1,1,8
n972,n972,1,40,1,1,9
n973,n973,1,40,1,1,10
n974,n974,1,40,1,1,11
n975,n975,1,40,1,1,12
n976,n976,1,40,1,1,13
n977,n977,1,40,1,1,14
n978,n978,1,40,1,1,15
n979,n979,1,40,1,1,16
n980,n980,1,40,5,2,1
n981,n981,1,40,5,2,2
n982,n982,1,40,5,2,3
n983,n983,1,40,5,2,4
n984,n984,1,40,5,2,5
n985,n985,1,40,5,2,6
n986,n986,1,40,5,2,7
n987,n987,1,40,5,2,8
n988,n988,1,40,5,2,9
n989,n989,1,40,5,2,10
n990,n990,1,40,5,2,11
n991,n991,1,40,5,2,12
n992,n992,1,40,5,2,13
n993,n993,1,40,5,2,14
n994,n994,1,40,5,2,15
n995,n995,1,40,5,2,16
n996,n996,1,41,1,1,1
n997,n997,1,41,1,1,2
n998,n998,1,41,1,1,3
n999,n999,1,41,1,1,4
n1000,n1000,1,41,1,1,5
n1001,n1001,1,41,1,1,6
n1002,n1002,1,41,1,1,7
n1003,n1003,1,41,1,1,8
n1004,n1004,1,41,1,1,9
n1005,n1005,1,41,1,1,10
n1006,n1006,1,41,1,1,11
n1007,n1007,1,41,1,1,12
n1008,n1008,1,41,1,1,13
n1009,n1009,1,41,1,1,14
n1010,n1010,1,41,1,1,15
n1011,n1011,1,41,1,1,16
n1012,n1012,1,41,5,2,1
n1013,n1013,1,41,5,2,2
n1014,n1014,1,41,5,2,3
n1015,n1015,1,41,5,2,4
n1016,n1016,1,41,5,2,5
n1017,n1017,1,41,5,2,6
n1018,n1018,1,41,5,2,7
n1019,n1019,1,41,5,2,8
n1020,n1020,1,41,5,2,9
n1021,n1021,1,41,5,2,10
n1022,n1022,1,41,5,2,11
n1023,n1023,1,41,5,2,12
n1024,n1024,1,41,5,2,13
n1025,n1025,1,41,5,2,14
n1026,n1026,1,41,5,2,15
n1027,n1027,1,41,5,2,16
n1028,n1028,1,42,1,1,1
n1029,n1029,1,42,1,1,2
n1030,n1030,1,42,1,1,3
n1031,n1031,1,42,1,1,4
n1032,n1032,1,42,1,1,5
n1033,n1033,1,42,1,1,6
n1034,n1034,1,42,1,1,7
n1035,n1035,1,42,1,1,8
n1036,n1036,1,42,1,1,9
n1037,n1037,1,42,1,1,10
n1038,n1038,1,42,1,1,11
n1039,n1039,1,42,1,1,12
n1040,n1040,1,42,1,1,13
n1041,n1041,1,42,1,1,14
n1042,n1042,1,42,1,1,15
n1043,n1043,1,42,1,1,16
n1044,n1044,1,42,2,1,1
n1045,n1045,1,42,2,1,2
n1046,n1046,1,42,2,1,3
n1047,n1047,1,42,2,1,4
n1048,n1048,1,42,5,2,1
n1049,n1049,1,42,5,2,2
n1050,n1050,1,42,5,2,3
n1051,n1051,1,42,5,2,4
n1052,n1052,1,42,5,2,5
n1053,n1053,1,42,5,2,6
n1054,n1054,1,42,5,2,7
n1055,n1055,1,42,5,2,8
n1056,n1056,1,42,5,2,9
n1057,n1057,1,42,5,2,10
n1058,n1058,1,42,5,2,11
n1059,n1059,1,42,5,2,12
n1060,n1060,1,42,5,2,13
n1061,n1061,1,42,5,2,14
n1062,n1062,1,42,5,2,15
n1063,n1063,1,42,5,2,16
n1064,n1064,1,43,1,1,1
n1065,n1065,1,43,1,1,2
n1066,n1066,1,43,1,1,3
n1067,n1067,1,43,1,1,4
n1068,n1068,1,43,1,1,5
n1069,n1069,1,43,1,1,6
n1070,n1070,1,43,1,1,7
n1071,n1071,1,43,1,1,8
n1072,n1072,1,43,1,1,9
n1073,n1073,1,43,1,1,10
n1074,n1074,1,43,1,1,11
n1075,n1075,1,43,1,1,12
n1076,n1076,1,43,1,1,13
n1077,n1077,1,43,1,1,14
n1078,n1078,1,43,1,1,15
n1079,n1079,1,43,1,1,16
r9,r9,1,43,2,1,1
n1080,n1080,1,43,2,1,2
n1081,n1081,1,43,2,1,3
n1082,n1082,1,43,2,1,4
n1083,n1083,1,43,2,1,5
n1084,n1084,1,43,5,2,1
n1085,n1085,1,43,5,2,2
n1086,n1086,1,43,5,2,3
n1087,n1087,1,43,5,2,4
n1088,n1088,1,43,5,2,5
n1089,n1089,1,43,5,2,6
n1090,n1090,1,43,5,2,7
n1091,n1091,1,43,5,2,8
n1092,n1092,1,43,5,2,9
n1093,n1093,1,43,5,2,10
n1094,n1094,1,43,5,2,11
n1095,n1095,1,43,5,2,12
n1096,n1096,1,43,5,2,13
n1097,n1097,1,43,5,2,14
n1098,n1098,1,43,5,2,15
n1099,n1099,1,43,5,2,16
n1100,n1100,1,44,1,1,1
n1101,n1101,1,44,1,1,2
n1102,n1102,1,44,1,1,3
n1103,n1103,1,44,1,1,4
n1104,n1104,1,44,1,1,5
n1105,n1105,1,44,1,1,6
n1106,n1106,1,44,1,1,7
n1107,n1107,1,44,1,1,8
n1108,n1108,1,44,1,1,9
n1109,n1109,1,44,1,1,10
n1110,n1110,1,44,1,1,11
n1111,n1111,1,44,1,1,12
n1112,n1112,1,44,1,1,13
n1113,n1113,1,44,1,1,14
n1114,n1114,1,44,1,1,15
n1115,n1115,1,44,1,1,16
n1116,n1116,1,44,2,1,1
n1117,n1117,1,44,2,1,2
n1118,n1118,1,44,2,1,3
n1119,n1119,1,44,2,1,4
n1120,n1120,1,44,2,1,5
n1121,n1121,1,44,5,2,1
n1122,n1122,1,44,5,2,2
n1123,n1123,1,44,5,2,3
n1124,n1124,1,44,5,2,4
n1125,n1125,1,44,5,2,5
n1126,n1126,1,44,5,2,6
n1127,n1127,1,44,5,2,7
n1128,n1128,1,44,5,2,8
n1129,n1129,1,44,5,2,9
n1130,n1130,1,44,5,2,10
n1131,n1131,1,44,5,2,11
n1132,n1132,1,44,5,2,12
n1133,n1133,1,44,5,2,13
n1134,n1134,1,44,5,2,14
n1135,n1135,1,44,5,2,15
n1136,n1136,1,44,5,2,16
n1137,n1137,1,45,1,1,1
n1138,n1138,1,45,1,1,2
n1139,n1139,1,45,1,1,3
n1140,n1140,1,45,1,1,4
n1141,n1141,1,45,1,1,5
n1142,n1142,1,45,1,1,6
n1143,n1143,1,45,5,2,1
n1144,n1144,1,45,5,2,2
n1145,n1145,1,45,5,2,3
n1146,n1146,1,45,5,2,4
n1147,n1147,1,46,1,1,1
n1148,n1148,1,46,1,1,2
n1149,n1149,1,46,1,1,3
n1150,n1150,1,46,1,1,4
n1151,n1151,1,46,1,1,5
n1152,n1152,1,46,5,2,1
n1153,n1153,1,47,1,1,1
n1154,n1154,1,47,1,1,2
n1155,n1155,1,47,1,1,3
n1156,n1156,1,47,1,1,4
n1157,n1157,1,47,1,1,5
n1158,n1158,1,47,1,1,6
n1159,n1159,1,47,1,1,7
n1160,n1160,1,47,1,1,8
n1161,n1161,1,47,1,1,9
n1162,n1162,1,47,1,1,10
n1163,n1163,1,47,1,1,11
n1164,n1164,1,47,1,1,12
n1165,n1165,1,47,5,2,1
n1166,n1166,1,47,5,2,2
r10,r10,1,47,6,2,1
n1167,n1167,1,47,6,2,2
r11,r11,1,47,6,2,3
n1168,n1168,1,47,6,2,4
n1169,n1169,1,48,1,1,1
n1170,n1170,1,48,1,1,2
n1171,n1171,1,48,1,1,3
n1172,n1172,1,48,1,1,4
n1173,n1173,1,48,1,1,5
n1174,n1174,1,48,1,1,6
n1175,n1175,1,48,1,1,7
n1176,n1176,1,48,5,2,1
r12,r12,1,48,6,2,1
n1177,n1177,1,48,6,2,2
n1178,n1178,1,48,6,2,3
n1179,n1179,1,48,6,2,4
n1180,n1180,1,48,6,2,5
n1181,n1181,1,48,6,2,6
n1182,n1182,1,48,6,2,7
n1183,n1183,1,48,6,2,8
n1184,n1184,1,49,1,1,1
n1185,n1185,1,49,1,1,2
n1186,n1186,1,49,1,1,3
n1187,n1187,1,49,1,1,4
n1188,n1188,1,49,1,1,5
n1189,n1189,1,49,1,1,6
n1190,n1190,1,49,1,1,7
n1191,n1191,1,49,1,1,8
n1192,n1192,1,49,1,1,9
n1193,n1193,1,49,1,1,10
n1194,n1194,1,49,1,1,11
n1195,n1195,1,49,1,1,12
n1196,n1196,1,49,5,2,1
n1197,n1197,1,49,5,2,2
r13,r13,1,49,6,2,1
n1198,n1198,1,49,6,2,2
r14,r14,1,49,6,2,3
n1199,n1199,1,49,6,2,4
n1200,n1200,1,50,1,1,1
n1201,n1201,1,50,1,1,2
n1202,n1202,1,50,1,1,3
n1203,n1203,1,50,1,1,4
n1204,n1204,1,50,1,1,5
n1205,n1205,1,50,1,1,6
n1206,n1206,1,50,1,1,7
n1207,n1207,1,50,1,1,8
n1208,n1208,1,50,1,1,9
n1209,n1209,1,50,1,1,10
n1210,n1210,1,50,1,1,11
n1211,n1211,1,50,1,1,12
n1212,n1212,1,50,1,1,13
n1213,n1213,1,50,1,1,14
n1214,n1214,1,50,2,1,1
n1215,n1215,1,50,5,2,1
r15,r15,1,50,6,2,1
n1216,n1216,1,50,6,2,2
n1217,n1217,1,50,6,2,3
n1218,n1218,1,50,6,2,4
n1219,n1219,1,50,6,2,5
n1220,n1220,1,50,6,2,6
n1221,n1221,1,50,6,2,7
n1222,n1222,1,50,6,2,8
n1223,n1223,1,51,1,1,1
n1224,n1224,1,51,1,1,2
n1225,n1225,1,51,1,1,3
n1226,n1226,1,51,1,1,4
n1227,n1227,1,51,1,1,5
n1228,n1228,1,51,2,1,1
n1229,n1229,1,51,2,1,2
n1230,n1230,1,51,2,1,3
n1231,n1231,1,51,2,1,4
n1232,n1232,1,51,2,1,5
n1233,n1233,1,51,3,1,1
n1234,n1234,1,51,3,1,2
n1235,n1235,1,51,3,1,3
n1236,n1236,1,51,3,1,4
n1237,n1237,1,51,3,1,5
n1238,n1238,1,51,5,2,1
n1239,n1239,1,51,5,2,2
n1240,n1240,1,51,5,2,3
n1241,n1241,1,51,5,2,4
n1242,n1242,1,51,5,2,5
n1243,n1243,1,51,5,2,6
n1244,n1244,1,51,5,2,7
r16,r16,1,51,6,2,1
n1245,n1245,1,51,6,2,2
n1246,n1246,1,51,6,2,3
n1247,n1247,1,51,6,2,4
n1248,n1248,1,52,1,1,1
n1249,n1249,1,52,1,1,2
n1250,n1250,1,52,1,1,3
n1251,n1251,1,52,1,1,4
n1252,n1252,1,52,1,1,5
n1253,n1253,1,52,1,1,6
n1254,n1254,1,52,1,1,7
n1255,n1255,1,52,1,1,8
n1256,n1256,1,52,1,1,9
n1257,n1257,1,52,1,1,10
n1258,n1258,1,52,1,1,11
n1259,n1259,1,52,2,1,1
n1260,n1260,1,52,2,1,2
n1261,n1261,1,52,2,1,3
n1262,n1262,1,52,5,2,1
n1263,n1263,1,52,5,2,2
n1264,n1264,1,52,5,2,3
n1265,n1265,1,52,5,2,4
n1266,n1266,1,52,5,2,5
n1267,n1267,1,52,5,2,6
n1268,n1268,1,52,5,2,7
n1269,n1269,1,52,5,2,8
n1270,n1270,1,53,1,1,1
n1271,n1271,1,53,1,1,2
n1272,n1272,1,53,1,1,3
n1273,n1273,1,53,1,1,4
n1274,n1274,1,53,1,1,5
n1275,n1275,1,53,1,1,6
n1276,n1276,1,53,1,1,7
n1277,n1277,1,53,1,1,8
n1278,n1278,1,53,1,1,9
n1279,n1279,1,53,1,1,10
n1280,n1280,1,53,1,1,11
n1281,n1281,1,53,1,1,12
n1282,n1282,1,53,5,2,1
n1283,n1283,1,53,5,2,2
r17,r17,1,53,6,2,1
n1284,n1284,1,53,6,2,2
r18,r18,1,53,6,2,3
n1285,n1285,1,53,6,2,4
n1286,n1286,1,54,1,1,1
n1287,n1287,1,54,1,1,2
n1288,n1288,1,54,1,1,3
n1289,n1289,1,54,1,1,4
n1290,n1290,1,54,1,1,5
n1291,n1291,1,54,1,1,6
n1292,n1292,1,54,1,1,7
n1293,n1293,1,54,5,2,1
r19,r19,1,54,6,2,1
n1294,n1294,1,54,6,2,2
n1295,n1295,1,54,6,2,3
n1296,n1296,1,54,6,2,4
n1297,n1297,1,54,6,2,5
n1298,n1298,1,54,6,2,6
n1299,n1299,1,54,6,2,7
n1300,n1300,1,54,6,2,8
n1301,n1301,1,54,6,2,9
n1302,n1302,1,54,6,2,10
n1303,n1303,1,55,1,1,1
n1304,n1304,1,55,1,1,2
n1305,n1305,1,55,1,1,3
n1306,n1306,1,55,1,1,4
n1307,n1307,1,55,1,1,5
n1308,n1308,1,55,1,1,6
n1309,n1309,1,55,1,1,7
n1310,n1310,1,55,1,1,8
n1311,n1311,1,55,1,1,9
n1312,n1312,1,55,1,1,10
n1313,n1313,1,55,1,1,11
n1314,n1314,1,55,1,1,12
n1315,n1315,1,55,5,2,1
n1316,n1316,1,55,5,2,2
r20,r20,1,55,6,2,1
n1317,n1317,1,55,6,2,2
r21,r21,1,55,6,2,3
n1318,n1318,1,55,6,2,4
n1319,n1319,1,56,1,1,1
n1320,n1320,1,56,1,1,2
n1321,n1321,1,56,1,1,3
n1322,n1322,1,56,1,1,4
n1323,n1323,1,56,1,1,5
n1324,n1324,1,56,1,1,6
n1325,n1325,1,56,1,1,7
n1326,n1326,1,56,5,2,1
r22,r22,1,56,6,2,1
n1327,n1327,1,56,6,2,2
n1328,n1328,1,56,6,2,3
n1329,n1329,1,56,6,2,4
n1330,n1330,1,56,6,2,5
n1331,n1331,1,56,6,2,6
n1332,n1332,1,56,6,2,7
n1333,n1333,1,56,6,2,8
n1334,n1334,1,56,6,2,9
n1335,n1335,1,56,6,2,10
n1336,n1336,1,57,1,1,1
n1337,n1337,1,57,1,1,2
n1338,n1338,1,57,1,1,3
n1339,n1339,1,57,1,1,4
n1340,n1340,1,57,1,1,5
n1341,n1341,1,57,1,1,6
n1342,n1342,1,57,1,1,7
n1343,n1343,1,57,1,1,8
n1344,n1344,1,57,1,1,9
n1345,n1345,1,57,1,1,10
n1346,n1346,1,57,5,2,1
r23,r23,1,57,6,2,1
n1347,n1347,1,57,6,2,2
n1348,n1348,1,57,6,2,3
n1349,n1349,1,57,6,2,4
n1350,n1350,1,57,6,2,5
n1351,n1351,1,57,6,2,6
n1352,n1352,1,57,6,2,7
n1353,n1353,1,57,6,2,8
n1354,n1354,1,57,6,2,9
n1355,n1355,1,57,6,2,10
n1356,n1356,1,58,1,1,1
n1357,n1357,1,58,1,1,2
n1358,n1358,1,58,1,1,3
n1359,n1359,1,58,1,1,4
n1360,n1360,1,58,1,1,5
n1361,n1361,1,58,1,1,6
n1362,n1362,1,58,1,1,7
n1363,n1363,1,58,1,1,8
n1364,n1364,1,58,1,1,9
n1365,n1365,1,58,1,1,10
n1366,n1366,1,58,5,2,1
r24,r24,1,58,6,2,1
n1367,n1367,1,58,6,2,2
n1368,n1368,1,58,6,2,3
n1369,n1369,1,58,6,2,4
n1370,n1370,1,58,6,2,5
n1371,n1371,1,58,6,2,6
n1372,n1372,1,58,6,2,7
n1373,n1373,1,58,6,2,8
n1374,n1374,1,58,6,2,9
n1375,n1375,1,58,6,2,10
n1376,n1376,1,59,1,1,1
n1377,n1377,1,59,1,1,2
n1378,n1378,1,59,1,1,3
n1379,n1379,1,59,1,1,4
n1380,n1380,1,59,1,1,5
n1381,n1381,1,59,1,1,6
n1382,n1382,1,59,1,1,7
n1383,n1383,1,59,1,1,8
n1384,n1384,1,59,1,1,9
n1385,n1385,1,59,1,1,10
n1386,n1386,1,59,1,1,11
n1387,n1387,1,59,1,1,12
n1388,n1388,1,59,1,1,13
n1389,n1389,1,59,1,1,14
n1390,n1390,1,59,1,1,15
n1391,n1391,1,59,1,1,16
n1392,n1392,1,59,5,2,1
n1393,n1393,1,59,5,2,2
n1394,n1394,1,59,5,2,3
n1395,n1395,1,59,5,2,4
n1396,n1396,1,59,5,2,5
n1397,n1397,1,59,5,2,6
n1398,n1398,1,59,5,2,7
n1399,n1399,1,59,5,2,8
r25,r25,1,59,6,2,1
n1400,n1400,1,59,6,2,2
n1401,n1401,1,59,6,2,3
r26,r26,1,59,6,2,4
n1402,n1402,1,59,6,2,5
n1403,n1403,1,59,6,2,6
n1404,n1404,1,60,1,1,1
n1405,n1405,1,60,1,1,2
n1406,n1406,1,60,1,1,3
n1407,n1407,1,60,1,1,4
n1408,n1408,1,60,5,2,1
n1409,n1409,1,60,6,2,1
n1410,n1410,1,60,6,2,2
n1411,n1411,1,60,6,2,3
n1412,n1412,1,60,6,2,4
n1413,n1413,1,60,6,2,5
n1414,n1414,1,60,6,2,6
n1415,n1415,1,60,6,2,7
n1416,n1416,1,60,6,2,8
n1417,n1417,1,61,1,1,1
n1418,n1418,1,61,1,1,2
n1419,n1419,1,61,1,1,3
n1420,n1420,1,61,1,1,4
n1421,n1421,1,61,1,1,5
n1422,n1422,1,61,1,1,6
n1423,n1423,1,61,1,1,7
n1424,n1424,1,61,1,1,8
n1425,n1425,1,61,1,1,9
n1426,n1426,1,61,1,1,10
n1427,n1427,1,61,1,1,11
n1428,n1428,1,61,1,1,12
n1429,n1429,1,61,1,1,13
n1430,n1430,1,61,1,1,14
n1431,n1431,1,61,1,1,15
n1432,n1432,1,61,1,1,16
n1433,n1433,1,61,5,2,1
n1434,n1434,1,61,5,2,2
n1435,n1435,1,61,5,2,3
n1436,n1436,1,61,5,2,4
n1437,n1437,1,61,5,2,5
n1438,n1438,1,61,5,2,6
n1439,n1439,1,61,5,2,7
n1440,n1440,1,61,5,2,8
r27,r27,1,61,6,2,1
n1441,n1441,1,61,6,2,2
n1442,n1442,1,61,6,2,3
r28,r28,1,61,6,2,4
n1443,n1443,1,61,6,2,5
n1444,n1444,1,61,6,2,6
n1445,n1445,1,62,1,1,1
n1446,n1446,1,62,1,1,2
n1447,n1447,1,62,1,1,3
n1448,n1448,1,62,1,1,4
n1449,n1449,1,62,1,1,5
n1450,n1450,1,62,1,1,6
n1451,n1451,1,62,1,1,7
n1452,n1452,1,62,1,1,8
n1453,n1453,1,62,1,1,9
n1454,n1454,1,62,1,1,10
n1455,n1455,1,62,1,1,11
n1456,n1456,1,62,5,2,1
n1457,n1457,1,62,5,2,2
n1458,n1458,1,62,5,2,3
n1459,n1459,1,62,5,2,4
n1460,n1460,1,62,5,2,5
n1461,n1461,1,62,5,2,6
n1462,n1462,1,62,5,2,7
n1463,n1463,1,62,5,2,8
n1464,n1464,1,62,5,2,9
n1465,n1465,1,62,5,2,10
n1466,n1466,1,62,5,2,11
n1467,n1467,1,62,5,2,12
n1468,n1468,1,62,6,2,1
n1469,n1469,1,63,1,1,1
n1470,n1470,1,63,1,1,2
n1471,n1471,1,63,1,1,3
n1472,n1472,1,63,1,1,4
n1473,n1473,1,63,1,1,5
n1474,n1474,1,63,1,1,6
n1475,n1475,1,63,1,1,7
n1476,n1476,1,63,1,1,8
n1477,n1477,1,63,1,1,9
n1478,n1478,1,63,1,1,10
n1479,n1479,1,63,1,1,11
n1480,n1480,1,63,1,1,12
n1481,n1481,1,63,1,1,13
n1482,n1482,1,63,2,1,1
n1483,n1483,1,63,2,1,2
n1484,n1484,1,63,5,2,1
n1485,n1485,1,63,5,2,2
n1486,n1486,1,63,5,2,3
n1487,n1487,1,63,5,2,4
n1488,n1488,1,63,5,2,5
n1489,n1489,1,63,5,2,6
n1490,n1490,1,63,5,2,7
n1491,n1491,1,63,5,2,8
n1492,n1492,1,63,5,2,9
n1493,n1493,1,63,5,2,10
n1494,n1494,1,63,5,2,11
n1495,n1495,1,63,5,2,12
n1496,n1496,1,64,1,1,1
n1497,n1497,1,64,1,1,2
n1498,n1498,1,64,1,1,3
n1499,n1499,1,64,1,1,4
n1500,n1500,1,64,1,1,5
n1501,n1501,1,64,1,1,6
n1502,n1502,1,64,1,1,7
n1503,n1503,1,64,1,1,8
n1504,n1504,1,64,2,1,1
n1505,n1505,1,64,2,1,2
n1506,n1506,1,64,2,1,3
n1507,n1507,1,64,2,1,4
n1508,n1508,1,64,5,2,1
n1509,n1509,1,64,5,2,2
n1510,n1510,1,64,5,2,3
n1511,n1511,1,64,5,2,4
n1512,n1512,1,64,5,2,5
n1513,n1513,1,64,5,2,6
n1514,n1514,1,64,5,2,7
n1515,n1515,1,64,5,2,8
n1516,n1516,1,64,5,2,9
n1517,n1517,1,64,5,2,10
n1518,n1518,1,65,1,1,1
n1519,n1519,1,65,1,1,2
n1520,n1520,1,65,1,1,3
n1521,n1521,1,65,1,1,4
n1522,n1522,1,65,1,1,5
n1523,n1523,1,65,1,1,6
n1524,n1524,1,65,1,1,7
n1525,n1525,1,65,2,1,1
n1526,n1526,1,65,2,1,2
n1527,n1527,1,65,2,1,3
n1528,n1528,1,65,2,1,4
n1529,n1529,1,65,2,1,5
n1530,n1530,1,65,2,1,6
n1531,n1531,1,65,5,2,1
n1532,n1532,1,65,5,2,2
n1533,n1533,1,65,5,2,3
n1534,n1534,1,65,5,2,4
n1535,n1535,1,65,5,2,5
n1536,n1536,1,65,5,2,6
n1537,n1537,1,65,5,2,7
n1538,n1538,1,65,5,2,8
n1539,n1539,1,65,5,2,9
n1540,n1540,1,65,5,2,10
n1541,n1541,1,65,5,2,11
n1542,n1542,1,65,5,2,12
n1543,n1543,1,65,6,2,1
n1544,n1544,1,65,6,2,2
n1545,n1545,1,66,1,1,1
n1546,n1546,1,66,1,1,2
n1547,n1547,1,66,1,1,3
n1548,n1548,1,66,1,1,4
n1549,n1549,1,66,1,1,5
n1550,n1550,1,66,1,1,6
n1551,n1551,1,66,1,1,7
n1552,n1552,1,66,1,1,8
n1553,n1553,1,66,1,1,9
n1554,n1554,1,66,2,1,1
n1555,n1555,1,66,2,1,2
n1556,n1556,1,66,2,1,3
n1557,n1557,1,66,2,1,4
n1558,n1558,1,66,5,2,1
n1559,n1559,1,66,5,2,2
n1560,n1560,1,66,5,2,3
n1561,n1561,1,67,1,1,1
n1562,n1562,1,67,1,1,2
n1563,n1563,1,67,1,1,3
n1564,n1564,1,67,1,1,4
n1565,n1565,1,67,1,1,5
n1566,n1566,1,67,1,1,6
n1567,n1567,1,67,1,1,7
n1568,n1568,1,67,1,1,8
n1569,n1569,1,67,1,1,9
n1570,n1570,1,67,1,1,10
n1571,n1571,1,67,1,1,11
n1572,n1572,1,67,1,1,12
n1573,n1573,1,67,1,1,13
n1574,n1574,1,67,1,1,14
n1575,n1575,1,67,1,1,15
n1576,n1576,1,67,5,2,1
n1577,n1577,1,67,5,2,2
n1578,n1578,1,67,5,2,3
n1579,n1579,1,67,5,2,4
n1580,n1580,1,67,5,2,5
n1581,n1581,1,67,5,2,6
n1582,n1582,1,67,5,2,7
n1583,n1583,1,67,5,2,8
n1584,n1584,1,67,5,2,9
n1585,n1585,1,67,5,2,10
n1586,n1586,1,68,1,1,1
n1587,n1587,1,68,1,1,2
n1588,n1588,1,68,1,1,3
n1589,n1589,1,68,1,1,4
n1590,n1590,1,68,1,1,5
n1591,n1591,1,68,1,1,6
n1592,n1592,1,68,5,2,1
n1593,n1593,1,68,5,2,2
n1594,n1594,1,68,5,2,3
n1595,n1595,1,68,5,2,4
n1596,n1596,1,69,1,1,1
n1597,n1597,1,69,1,1,2
n1598,n1598,1,69,1,1,3
n1599,n1599,1,69,1,1,4
n1600,n1600,1,69,1,1,5
n1601,n1601,1,69,1,1,6
n1602,n1602,1,69,1,1,7
n1603,n1603,1,69,1,1,8
n1604,n1604,1,69,1,1,9
n1605,n1605,1,69,1,1,10
n1606,n1606,1,69,1,1,11
n1607,n1607,1,69,1,1,12
n1608,n1608,1,69,1,1,13
n1609,n1609,1,69,1,1,14
n1610,n1610,1,69,1,1,15
n1611,n1611,1,69,1,1,16
n1612,n1612,1,69,1,1,17
n1613,n1613,1,69,1,1,18
n1614,n1614,1,69,1,1,19
n1615,n1615,1,69,1,1,20
n1616,n1616,1,69,1,1,21
n1617,n1617,1,69,1,1,22
n1618,n1618,1,69,1,1,23
n1619,n1619,1,69,1,1,24
n1620,n1620,1,69,5,2,1
n1621,n1621,1,69,5,2,2
n1622,n1622,1,69,5,2,3
n1623,n1623,1,69,5,2,4
n1624,n1624,1,70,1,1,1
n1625,n1625,1,70,1,1,2
n1626,n1626,1,70,1,1,3
n1627,n1627,1,70,1,1,4
n1628,n1628,1,70,1,1,5
n1629,n1629,1,70,1,1,6
n1630,n1630,1,70,1,1,7
n1631,n1631,1,70,1,1,8
n1632,n1632,1,70,1,1,9
n1633,n1633,1,70,1,1,10
n1634,n1634,1,70,1,1,11
n1635,n1635,1,70,1,1,12
n1636,n1636,1,70,1,1,13
n1637,n1637,1,70,1,1,14
n1638,n1638,1,70,1,1,15
n1639,n1639,1,70,1,1,16
n1640,n1640,1,70,1,1,17
n1641,n1641,1,70,1,1,18
n1642,n1642,1,70,1,1,19
n1643,n1643,1,70,1,1,20
n1644,n1644,1,70,1,1,21
n1645,n1645,1,70,1,1,22
n1646,n1646,1,70,1,1,23
n1647,n1647,1,70,1,1,24
n1648,n1648,1,70,5,2,1
n1649,n1649,1,70,5,2,2
n1650,n1650,1,70,5,2,3
n1651,n1651,1,70,5,2,4
n1652,n1652,1,70,5,2,5
n1653,n1653,1,70,5,2,6
n1654,n1654,1,70,5,2,7
n1655,n1655,1,70,5,2,8
n1656,n1656,1,70,5,2,9
n1657,n1657,1,70,5,2,10
n1658,n1658,1,70,5,2,11
n1659,n1659,1,70,5,2,12
n1660,n1660,1,70,5,2,13
n1661,n1661,1,70,5,2,14
n1662,n1662,1,70,5,2,15
n1663,n1663,1,70,5,2,16
n1664,n1664,1,70,5,2,17
n1665,n1665,1,70,5,2,18
n1666,n1666,1,71,1,1,1
n1667,n1667,1,71,1,1,2
n1668,n1668,1,71,1,1,3
n1669,n1669,1,71,1,1,4
n1670,n1670,1,71,1,1,5
n1671,n1671,1,71,1,1,6
n1672,n1672,1,71,1,1,7
n1673,n1673,1,71,5,2,1
n1674,n1674,1,71,5,2,2
n1675,n1675,1,71,5,2,3
n1676,n1676,1,71,5,2,4
n1677,n1677,1,71,5,2,5
n1678,n1678,1,71,5,2,6
n1679,n1679,1,71,5,2,7
n1680,n1680,1,71,5,2,8
n1681,n1681,1,71,5,2,9
n1682,n1682,1,71,5,2,10
n1683,n1683,1,71,5,2,11
n1684,n1684,1,71,5,2,12
n1685,n1685,1,71,5,2,13
n1686,n1686,1,71,5,2,14
n1687,n1687,1,71,5,2,15
n1688,n1688,1,72,1,1,1
n1689,n1689,1,72,1,1,2
n1690,n1690,1,72,1,1,3
n1691,n1691,1,72,1,1,4
n1692,n1692,1,72,1,1,5
n1693,n1693,1,72,1,1,6
n1694,n1694,1,72,1,1,7
n1695,n1695,1,72,1,1,8
n1696,n1696,1,72,1,1,9
n1697,n1697,1,72,5,2,1
n1698,n1698,1,72,5,2,2
n1699,n1699,1,72,5,2,3
n1700,n1700,1,72,5,2,4
n1701,n1701,1,72,5,2,5
n1702,n1702,1,73,1,1,1
n1703,n1703,1,73,1,1,2
n1704,n1704,1,73,1,1,3
n1705,n1705,1,73,1,1,4
n1706,n1706,1,73,1,1,5
n1707,n1707,1,73,1,1,6
n1708,n1708,1,73,1,1,7
n1709,n1709,1,73,1,1,8
n1710,n1710,1,73,1,1,9
n1711,n1711,1,73,1,1,10
n1712,n1712,1,73,1,1,11
n1713,n1713,1,73,1,1,12
n1714,n1714,1,73,1,1,13
n1715,n1715,1,73,1,1,14
n1716,n1716,1,73,1,1,15
n1717,n1717,1,73,1,1,16
n1718,n1718,1,73,1,1,17
n1719,n1719,1,73,1,1,18
n1720,n1720,1,73,1,1,19
n1721,n1721,1,73,1,1,20
n1722,n1722,1,73,1,1,21
n1723,n1723,1,73,1,1,22
n1724,n1724,1,73,1,1,23
n1725,n1725,1,73,1,1,24
n1726,n1726,1,73,5,2,1
n1727,n1727,1,73,5,2,2
n1728,n1728,1,73,5,2,3
n1729,n1729,1,73,5,2,4
n1730,n1730,1,73,5,2,5
n1731,n1731,1,73,5,2,6
n1732,n1732,1,73,5,2,7
n1733,n1733,1,73,5,2,8
n1734,n1734,1,73,5,2,9
n1735,n1735,1,73,5,2,10
n1736,n1736,1,73,5,2,11
n1737,n1737,1,73,5,2,12
n1738,n1738,1,74,1,1,1
n1739,n1739,1,74,1,1,2
n1740,n1740,1,74,1,1,3
n1741,n1741,1,74,1,1,4
n1742,n1742,1,74,1,1,5
n1743,n1743,1,74,1,1,6
n1744,n1744,1,74,1,1,7
n1745,n1745,1,74,5,2,1
n1746,n1746,1,74,5,2,2
n1747,n1747,1,74,5,2,3
n1748,n1748,1,74,5,2,4
n1749,n1749,1,74,5,2,5
n1750,n1750,1,74,5,2,6
n1751,n1751,1,74,5,2,7
n1752,n1752,1,74,5,2,8
n1753,n1753,1,74,5,2,9
n1754,n1754,1,74,5,2,10
n1755,n1755,1,74,5,2,11
n1756,n1756,1,74,5,2,12
n1757,n1757,1,74,5,2,13
n1758,n1758,1,74,5,2,14
n1759,n1759,1,75,1,1,1
n1760,n1760,1,75,1,1,2
n1761,n1761,1,75,1,1,3
n1762,n1762,1,75,1,1,4
n1763,n1763,1,75,1,1,5
n1764,n1764,1,75,1,1,6
n1765,n1765,1,75,1,1,7
n1766,n1766,1,75,1,1,8
n1767,n1767,1,75,1,1,9
n1768,n1768,1,75,1,1,10
n1769,n1769,1,75,1,1,11
n1770,n1770,1,75,1,1,12
n1771,n1771,1,75,1,1,13
n1772,n1772,1,75,5,2,1
n1773,n1773,1,75,5,2,2
n1774,n1774,1,75,5,2,3
n1775,n1775,1,75,5,2,4
n1776,n1776,1,75,5,2,5
n1777,n1777,1,76,1,1,1
n1778,n1778,1,76,1,1,2
n1779,n1779,1,76,1,1,3
n1780,n1780,1,76,1,1,4
n1781,n1781,1,76,1,1,5
n1782,n1782,1,76,1,1,6
n1783,n1783,1,76,1,1,7
n1784,n1784,1,76,1,1,8
n1785,n1785,1,76,1,1,9
n1786,n1786,1,76,1,1,10
n1787,n1787,1,76,1,1,11
n1788,n1788,1,76,1,1,12
n1789,n1789,1,76,1,1,13
n1790,n1790,1,76,1,1,14
n1791,n1791,1,76,1,1,15
n1792,n1792,1,76,5,2,1
n1793,n1793,1,76,5,2,2
n1794,n1794,1,76,5,2,3
n1795,n1795,1,76,5,2,4
n1796,n1796,1,76,5,2,5
n1797,n1797,1,76,5,2,6
n1798,n1798,1,76,5,2,7
n1799,n1799,1,76,5,2,8
n1800,n1800,1,77,1,1,1
n1801,n1801,1,77,1,1,2
n1802,n1802,1,77,1,1,3
n1803,n1803,1,77,1,1,4
n1804,n1804,1,77,1,1,5
n1805,n1805,1,77,1,1,6
n1806,n1806,1,77,1,1,7
n1807,n1807,1,77,1,1,8
n1808,n1808,1,77,1,1,9
n1809,n1809,1,77,1,1,10
n1810,n1810,1,77,1,1,11
n1811,n1811,1,77,1,1,12
n1812,n1812,1,77,1,1,13
n1813,n1813,1,77,1,1,14
n1814,n1814,1,77,1,1,15
n1815,n1815,1,77,1,1,16
n1816,n1816,1,77,1,1,17
n1817,n1817,1,77,1,1,18
n1818,n1818,1,77,5,2,1
n1819,n1819,1,77,5,2,2
n1820,n1820,1,77,5,2,3
n1821,n1821,1,77,5,2,4
n1822,n1822,1,77,5,2,5
n1823,n1823,1,77,5,2,6
n1824,n1824,1,77,5,2,7
n1825,n1825,1,77,5,2,8
n1826,n1826,1,78,1,1,1
n1827,n1827,1,78,1,1,2
n1828,n1828,1,78,1,1,3
n1829,n1829,1,78,1,1,4
n1830,n1830,1,78,1,1,5
n1831,n1831,1,78,1,1,6
n1832,n1832,1,78,1,1,7
n1833,n1833,1,78,1,1,8
n1834,n1834,1,78,1,1,9
n1835,n1835,1,78,1,1,10
n1836,n1836,1,78,1,1,11
n1837,n1837,1,78,1,1,12
n1838,n1838,1,78,1,1,13
n1839,n1839,1,78,1,1,14
n1840,n1840,1,78,1,1,15
n1841,n1841,1,78,5,2,1
n1842,n1842,1,78,5,2,2
n1843,n1843,1,78,5,2,3
n1844,n1844,1,78,5,2,4
n1845,n1845,1,78,5,2,5
n1846,n1846,1,78,5,2,6
n1847,n1847,1,78,5,2,7
n1848,n1848,1,78,5,2,8
n1849,n1849,1,79,1,1,1
n1850,n1850,1,79,1,1,2
n1851,n1851,1,79,1,1,3
n1852,n1852,1,79,1,1,4
n1853,n1853,1,79,1,1,5
n1854,n1854,1,79,1,1,6
n1855,n1855,1,79,1,1,7
n1856,n1856,1,79,1,1,8
n1857,n1857,1,79,1,1,9
n1858,n1858,1,79,1,1,10
n1859,n1859,1,79,1,1,11
n1860,n1860,1,79,1,1,12
n1861,n1861,1,79,1,1,13
n1862,n1862,1,79,1,1,14
n1863,n1863,1,79,1,1,15
n1864,n1864,1,79,1,1,16
n1865,n1865,1,79,1,1,17
n1866,n1866,1,79,1,1,18
n1867,n1867,1,79,5,2,1
n1868,n1868,1,79,5,2,2
n1869,n1869,1,79,5,2,3
n1870,n1870,1,79,5,2,4
n1871,n1871,1,79,5,2,5
n1872,n1872,1,79,5,2,6
n1873,n1873,1,79,5,2,7
n1874,n1874,1,79,5,2,8
n1875,n1875,1,80,1,1,1
n1876,n1876,1,80,1,1,2
n1877,n1877,1,80,1,1,3
n1878,n1878,1,80,1,1,4
n1879,n1879,1,80,1,1,5
n1880,n1880,1,80,1,1,6
n1881,n1881,1,80,1,1,7
n1882,n1882,1,80,1,1,8
n1883,n1883,1,80,1,1,9
n1884,n1884,1,80,1,1,10
n1885,n1885,1,80,1,1,11
n1886,n1886,1,80,1,1,12
n1887,n1887,1,80,1,1,13
n1888,n1888,1,80,1,1,14
n1889,n1889,1,80,1,1,15
n1890,n1890,1,80,5,2,1
n1891,n1891,1,80,5,2,2
n1892,n1892,1,80,5,2,3
n1893,n1893,1,80,5,2,4
n1894,n1894,1,80,5,2,5
n1895,n1895,1,80,5,2,6
n1896,n1896,1,80,5,2,7
n1897,n1897,1,80,5,2,8
n1898,n1898,1,81,1,1,1
n1899,n1899,1,81,1,1,2
n1900,n1900,1,81,1,1,3
n1901,n1901,1,81,1,1,4
n1902,n1902,1,81,1,1,5
n1903,n1903,1,81,1,1,6
n1904,n1904,1,81,1,1,7
n1905,n1905,1,81,1,1,8
n1906,n1906,1,81,1,1,9
n1907,n1907,1,81,1,1,10
n1908,n1908,1,81,1,1,11
n1909,n1909,1,81,1,1,12
n1910,n1910,1,81,1,1,13
n1911,n1911,1,81,1,1,14
n1912,n1912,1,81,1,1,15
n1913,n1913,1,81,5,2,1
n1914,n1914,1,81,5,2,2
n1915,n1915,1,81,5,2,3
n1916,n1916,1,81,5,2,4
n1917,n1917,1,81,5,2,5
n1918,n1918,1,81,5,2,6
n1919,n1919,1,81,5,2,7
n1920,n1920,1,81,5,2,8
n1921,n1921,1,81,5,2,9
n1922,n1922,1,81,5,2,10
n1923,n1923,1,82,1,1,1
n1924,n1924,1,82,1,1,2
n1925,n1925,1,82,1,1,3
n1926,n1926,1,82,1,1,4
n1927,n1927,1,82,1,1,5
n1928,n1928,1,82,1,1,6
n1929,n1929,1,82,1,1,7
n1930,n1930,1,82,1,1,8
n1931,n1931,1,82,1,1,9
n1932,n1932,1,82,1,1,10
n1933,n1933,1,82,1,1,11
n1934,n1934,1,82,1,1,12
n1935,n1935,1,82,1,1,13
n1936,n1936,1,82,1,1,14
n1937,n1937,1,82,1,1,15
n1938,n1938,1,82,1,1,16
n1939,n1939,1,82,1,1,17
n1940,n1940,1,82,5,2,1
n1941,n1941,1,82,5,2,2
n1942,n1942,1,82,5,2,3
n1943,n1943,1,82,5,2,4
n1944,n1944,1,82,5,2,5
n1945,n1945,1,82,5,2,6
n1946,n1946,1,82,5,2,7
n1947,n1947,1,82,5,2,8
n1948,n1948,1,82,5,2,9
n1949,n1949,1,82,5,2,10
n1950,n1950,1,83,1,1,1
n1951,n1951,1,83,1,1,2
n1952,n1952,1,83,1,1,3
n1953,n1953,1,83,1,1,4
n1954,n1954,1,83,1,1,5
n1955,n1955,1,83,1,1,6
n1956,n1956,1,83,1,1,7
n1957,n1957,1,83,1,1,8
n1958,n1958,1,83,1,1,9
n1959,n1959,1,83,1,1,10
n1960,n1960,1,83,1,1,11
n1961,n1961,1,83,1,1,12
n1962,n1962,1,83,1,1,13
n1963,n1963,1,83,1,1,14
n1964,n1964,1,83,1,1,15
n1965,n1965,1,83,1,1,16
n1966,n1966,1,83,5,2,1
n1967,n1967,1,83,5,2,2
n1968,n1968,1,83,5,2,3
n1969,n1969,1,83,5,2,4
n1970,n1970,1,83,5,2,5
n1971,n1971,1,83,5,2,6
n1972,n1972,1,83,5,2,7
n1973,n1973,1,83,5,2,8
n1974,n1974,1,83,5,2,9
n1975,n1975,1,83,5,2,10
n1976,n1976,1,83,5,2,11
n1977,n1977,1,83,5,2,12
n1978,n1978,1,84,1,1,1
n1979,n1979,1,84,1,1,2
n1980,n1980,1,84,1,1,3
n1981,n1981,1,84,1,1,4
n1982,n1982,1,84,1,1,5
n1983,n1983,1,84,1,1,6
n1984,n1984,1,84,1,1,7
n1985,n1985,1,84,1,1,8
n1986,n1986,1,84,1,1,9
n1987,n1987,1,84,1,1,10
n1988,n1988,1,84,1,1,11
n1989,n1989,1,84,1,1,12
n1990,n1990,1,84,1,1,13
n1991,n1991,1,84,1,1,14
n1992,n1992,1,84,1,1,15
n1993,n1993,1,84,1,1,16
n1994,n1994,1,84,5,2,1
n1995,n1995,1,84,5,2,2
n1996,n1996,1,84,5,2,3
n1997,n1997,1,84,5,2,4
n1998,n1998,1,84,5,2,5
n1999,n1999,1,84,5,2,6
n2000,n2000,1,84,5,2,7
n2001,n2001,1,84,5,2,8
n2002,n2002,1,85,1,1,1
n2003,n2003,1,85,1,1,2
n2004,n2004,1,85,1,1,3
n2005,n2005,1,85,1,1,4
n2006,n2006,1,85,1,1,5
n2007,n2007,1,85,1,1,6
n2008,n2008,1,85,1,1,7
n2009,n2009,1,85,1,1,8
n2010,n2010,1,85,1,1,9
n2011,n2011,1,85,1,1,10
n2012,n2012,1,85,1,1,11
n2013,n2013,1,85,1,1,12
n2014,n2014,1,85,1,1,13
n2015,n2015,1,85,1,1,14
n2016,n2016,1,85,1,1,15
n2017,n2017,1,85,1,1,16
n2018,n2018,1,85,5,2,1
n2019,n2019,1,85,5,2,2
n2020,n2020,1,85,5,2,3
n2021,n2021,1,85,5,2,4
n2022,n2022,1,85,5,2,5
n2023,n2023,1,85,5,2,6
n2024,n2024,1,85,5,2,7
n2025,n2025,1,85,5,2,8
n2026,n2026,1,85,5,2,9
n2027,n2027,1,85,5,2,10
n2028,n2028,1,85,5,2,11
n2029,n2029,1,85,5,2,12
n2030,n2030,1,86,1,1,1
n2031,n2031,1,86,1,1,2
n2032,n2032,1,86,1,1,3
n2033,n2033,1,86,1,1,4
n2034,n2034,1,86,1,1,5
n2035,n2035,1,86,1,1,6
n2036,n2036,1,86,1,1,7
n2037,n2037,1,86,1,1,8
n2038,n2038,1,86,1,1,9
n2039,n2039,1,86,1,1,10
n2040,n2040,1,86,1,1,11
n2041,n2041,1,86,1,1,12
n2042,n2042,1,86,1,1,13
n2043,n2043,1,86,1,1,14
n2044,n2044,1,86,1,1,15
n2045,n2045,1,86,1,1,16
n2046,n2046,1,86,5,2,1
n2047,n2047,1,86,5,2,2
n2048,n2048,1,86,5,2,3
n2049,n2049,1,86,5,2,4
n2050,n2050,1,86,5,2,5
n2051,n2051,1,86,5,2,6
n2052,n2052,1,86,5,2,7
n2053,n2053,1,86,5,2,8
n2054,n2054,1,86,5,2,9
n2055,n2055,1,87,1,1,1
n2056,n2056,1,87,1,1,2
n2057,n2057,1,87,1,1,3
n2058,n2058,1,87,1,1,4
n2059,n2059,1,87,1,1,5
n2060,n2060,1,87,1,1,6
n2061,n2061,1,87,1,1,7
n2062,n2062,1,87,1,1,8
n2063,n2063,1,87,1,1,9
n2064,n2064,1,87,1,1,10
n2065,n2065,1,87,1,1,11
n2066,n2066,1,87,1,1,12
n2067,n2067,1,87,1,1,13
n2068,n2068,1,87,1,1,14
n2069,n2069,1,87,1,1,15
n2070,n2070,1,87,1,1,16
n2071,n2071,1,87,5,2,1
n2072,n2072,1,87,5,2,2
n2073,n2073,1,87,5,2,3
n2074,n2074,1,87,5,2,4
n2075,n2075,1,87,5,2,5
n2076,n2076,1,87,5,2,6
n2077,n2077,1,87,5,2,7
n2078,n2078,1,87,5,2,8
n2079,n2079,1,87,5,2,9
n2080,n2080,1,88,1,1,1
n2081,n2081,1,88,1,1,2
n2082,n2082,1,88,1,1,3
n2083,n2083,1,88,1,1,4
n2084,n2084,1,88,1,1,5
n2085,n2085,1,88,1,1,6
n2086,n2086,1,88,1,1,7
n2087,n2087,1,88,1,1,8
n2088,n2088,1,88,1,1,9
n2089,n2089,1,88,1,1,10
n2090,n2090,1,88,1,1,11
n2091,n2091,1,88,1,1,12
n2092,n2092,1,88,1,1,13
n2093,n2093,1,88,1,1,14
n2094,n2094,1,88,1,1,15
n2095,n2095,1,88,1,1,16
n2096,n2096,1,88,5,2,1
n2097,n2097,1,88,5,2,2
n2098,n2098,1,88,5,2,3
n2099,n2099,1,88,5,2,4
n2100,n2100,1,88,5,2,5
n2101,n2101,1,88,5,2,6
n2102,n2102,1,88,5,2,7
n2103,n2103,1,88,5,2,8
n2104,n2104,1,89,1,1,1
n2105,n2105,1,89,1,1,2
n2106,n2106,1,89,1,1,3
n2107,n2107,1,89,1,1,4
n2108,n2108,1,89,1,1,5
n2109,n2109,1,89,1,1,6
n2110,n2110,1,89,1,1,7
n2111,n2111,1,89,1,1,8
n2112,n2112,1,89,1,1,9
n2113,n2113,1,89,1,1,10
n2114,n2114,1,89,1,1,11
n2115,n2115,1,89,1,1,12
n2116,n2116,1,89,1,1,13
n2117,n2117,1,89,1,1,14
n2118,n2118,1,89,1,1,15
n2119,n2119,1,89,1,1,16
n2120,n2120,1,89,5,2,1
n2121,n2121,1,89,5,2,2
n2122,n2122,1,89,5,2,3
n2123,n2123,1,89,5,2,4
n2124,n2124,1,89,5,2,5
n2125,n2125,1,89,5,2,6
n2126,n2126,1,89,5,2,7
n2127,n2127,1,89,5,2,8
n2128,n2128,1,90,1,1,1
n2129,n2129,1,90,1,1,2
n2130,n2130,1,90,1,1,3
n2131,n2131,1,90,1,1,4
n2132,n2132,1,90,1,1,5
n2133,n2133,1,90,1,1,6
n2134,n2134,1,90,1,1,7
n2135,n2135,1,90,1,1,8
n2136,n2136,1,90,1,1,9
n2137,n2137,1,90,1,1,10
n2138,n2138,1,90,1,1,11
n2139,n2139,1,90,1,1,12
n2140,n2140,1,90,5,2,1
n2141,n2141,1,90,5,2,2
n2142,n2142,1,90,5,2,3
n2143,n2143,1,90,5,2,4
n2144,n2144,1,90,5,2,5
n2145,n2145,1,90,5,2,6
n2146,n2146,1,90,5,2,7
n2147,n2147,1,90,5,2,8
n2148,n2148,1,90,5,2,9
n2149,n2149,1,90,5,2,10
n2150,n2150,1,90,5,2,11
n2151,n2151,1,90,5,2,12
n2152,n2152,1,90,5,2,13
n2153,n2153,1,90,5,2,14
n2154,n2154,1,90,5,2,15
n2155,n2155,1,91,1,1,1
n2156,n2156,1,91,1,1,2
n2157,n2157,1,91,1,1,3
n2158,n2158,1,91,1,1,4
n2159,n2159,1,91,1,1,5
n2160,n2160,1,91,1,1,6
n2161,n2161,1,91,1,1,7
n2162,n2162,1,91,5,2,1
n2163,n2163,1,91,5,2,2
n2164,n2164,1,91,5,2,3
n2165,n2165,1,91,5,2,4
n2166,n2166,1,91,5,2,5
n2167,n2167,1,91,5,2,6
n2168,n2168,1,91,5,2,7
n2169,n2169,1,91,5,2,8
n2170,n2170,1,91,5,2,9
n2171,n2171,1,91,5,2,10
n2172,n2172,1,91,5,2,11
n2173,n2173,1,91,5,2,12
n2174,n2174,1,91,5,2,13
n2175,n2175,1,91,5,2,14
n2176,n2176,1,91,5,2,15
n2177,n2177,1,91,5,2,16
n2178,n2178,1,92,1,1,1
n2179,n2179,1,92,1,1,2
n2180,n2180,1,92,1,1,3
n2181,n2181,1,92,1,1,4
n2182,n2182,1,92,1,1,5
n2183,n2183,1,92,1,1,6
n2184,n2184,1,92,1,1,7
n2185,n2185,1,92,1,1,8
n2186,n2186,1,92,1,1,9
n2187,n2187,1,92,1,1,10
n2188,n2188,1,92,1,1,11
n2189,n2189,1,92,1,1,12
n2190,n2190,1,92,5,2,1
n2191,n2191,1,92,5,2,2
n2192,n2192,1,92,5,2,3
n2193,n2193,1,92,5,2,4
n2194,n2194,1,92,5,2,5
n2195,n2195,1,92,5,2,6
n2196,n2196,1,92,5,2,7
n2197,n2197,1,92,5,2,8
n2198,n2198,1,92,5,2,9
n2199,n2199,1,92,5,2,10
n2200,n2200,1,92,5,2,11
n2201,n2201,1,92,5,2,12
n2202,n2202,1,92,5,2,13
n2203,n2203,1,92,5,2,14
n2204,n2204,1,92,5,2,15
n2205,n2205,1,93,1,1,1
n2206,n2206,1,93,1,1,2
n2207,n2207,1,93,1,1,3
n2208,n2208,1,93,1,1,4
n2209,n2209,1,93,1,1,5
n2210,n2210,1,93,1,1,6
n2211,n2211,1,93,1,1,7
n2212,n2212,1,93,5,2,1
n2213,n2213,1,93,5,2,2
n2214,n2214,1,93,5,2,3
n2215,n2215,1,93,5,2,4
n2216,n2216,1,93,5,2,5
n2217,n2217,1,93,5,2,6
n2218,n2218,1,93,5,2,7
n2219,n2219,1,93,5,2,8
n2220,n2220,1,93,5,2,9
n2221,n2221,1,93,5,2,10
n2222,n2222,1,93,5,2,11
n2223,n2223,1,93,5,2,12
n2224,n2224,1,93,5,2,13
n2225,n2225,1,93,5,2,14
n2226,n2226,1,93,5,2,15
n2227,n2227,1,93,5,2,16
n2228,n2228,1,94,1,1,1
n2229,n2229,1,94,1,1,2
n2230,n2230,1,94,1,1,3
n2231,n2231,1,94,1,1,4
n2232,n2232,1,94,1,1,5
n2233,n2233,1,94,1,1,6
n2234,n2234,1,94,1,1,7
n2235,n2235,1,94,5,2,1
n2236,n2236,1,94,5,2,2
n2237,n2237,1,94,5,2,3
n2238,n2238,1,94,5,2,4
n2239,n2239,1,94,5,2,5
n2240,n2240,1,94,5,2,6
n2241,n2241,1,94,5,2,7
n2242,n2242,1,94,5,2,8
n2243,n2243,1,94,5,2,9
n2244,n2244,1,94,5,2,10
n2245,n2245,1,94,5,2,11
n2246,n2246,1,94,5,2,12
n2247,n2247,1,94,5,2,13
n2248,n2248,1,94,5,2,14
n2249,n2249,1,94,5,2,15
n2250,n2250,1,94,5,2,16
n2251,n2251,1,95,1,1,1
n2252,n2252,1,95,1,1,2
n2253,n2253,1,95,1,1,3
n2254,n2254,1,95,1,1,4
n2255,n2255,1,95,1,1,5
n2256,n2256,1,95,1,1,6
n2257,n2257,1,95,1,1,7
n2258,n2258,1,95,5,2,1
n2259,n2259,1,95,5,2,2
n2260,n2260,1,95,5,2,3
n2261,n2261,1,95,5,2,4
n2262,n2262,1,95,5,2,5
n2263,n2263,1,95,5,2,6
n2264,n2264,1,95,5,2,7
n2265,n2265,1,95,5,2,8
n2266,n2266,1,95,5,2,9
n2267,n2267,1,95,5,2,10
n2268,n2268,1,95,5,2,11
n2269,n2269,1,95,5,2,12
n2270,n2270,1,95,5,2,13
n2271,n2271,1,95,5,2,14
n2272,n2272,1,95,5,2,15
n2273,n2273,1,95,5,2,16
n2274,n2274,1,96,1,1,1
n2275,n2275,1,96,1,1,2
n2276,n2276,1,96,1,1,3
n2277,n2277,1,96,1,1,4
n2278,n2278,1,96,1,1,5
n2279,n2279,1,96,1,1,6
n2280,n2280,1,96,1,1,7
n2281,n2281,1,96,1,1,8
n2282,n2282,1,96,1,1,9
n2283,n2283,1,96,1,1,10
n2284,n2284,1,96,1,1,11
n2285,n2285,1,96,1,1,12
n2286,n2286,1,96,1,1,13
n2287,n2287,1,96,1,1,14
n2288,n2288,1,96,5,2,1
n2289,n2289,1,96,5,2,2
n2290,n2290,1,96,5,2,3
n2291,n2291,1,96,5,2,4
n2292,n2292,1,96,5,2,5
n2293,n2293,1,96,5,2,6
n2294,n2294,1,96,5,2,7
n2295,n2295,1,96,5,2,8
n2296,n2296,1,96,5,2,9
n2297,n2297,1,96,5,2,10
n2298,n2298,1,96,5,2,11
n2299,n2299,1,96,5,2,12
n2300,n2300,1,96,5,2,13
n2301,n2301,1,96,5,2,14
n2302,n2302,1,96,5,2,15
n2303,n2303,1,96,5,2,16
n2304,n2304,1,97,1,1,1
n2305,n2305,1,97,1,1,2
n2306,n2306,1,97,1,1,3
n2307,n2307,1,97,1,1,4
n2308,n2308,1,97,1,1,5
n2309,n2309,1,97,1,1,6
n2310,n2310,1,97,1,1,7
n2311,n2311,1,97,1,1,8
n2312,n2312,1,97,1,1,9
n2313,n2313,1,97,1,1,10
n2314,n2314,1,97,5,2,1
n2315,n2315,1,97,5,2,2
n2316,n2316,1,97,5,2,3
n2317,n2317,1,97,5,2,4
n2318,n2318,1,97,5,2,5
n2319,n2319,1,97,5,2,6
n2320,n2320,1,97,5,2,7
n2321,n2321,1,97,5,2,8
n2322,n2322,1,97,5,2,9
n2323,n2323,1,97,5,2,10
n2324,n2324,1,97,5,2,11
n2325,n2325,1,97,5,2,12
n2326,n2326,1,97,5,2,13
n2327,n2327,1,97,5,2,14
n2328,n2328,1,97,5,2,15
n2329,n2329,1,97,5,2,16
n2330,n2330,1,98,1,1,1
n2331,n2331,1,98,1,1,2
n2332,n2332,1,98,1,1,3
n2333,n2333,1,98,1,1,4
n2334,n2334,1,98,1,1,5
n2335,n2335,1,98,1,1,6
n2336,n2336,1,98,1,1,7
n2337,n2337,1,98,1,1,8
n2338,n2338,1,98,1,1,9
n2339,n2339,1,98,1,1,10
n2340,n2340,1,98,1,1,11
n2341,n2341,1,98,1,1,12
n2342,n2342,1,98,1,1,13
n2343,n2343,1,98,5,2,1
n2344,n2344,1,98,5,2,2
n2345,n2345,1,98,5,2,3
n2346,n2346,1,98,5,2,4
n2347,n2347,1,98,5,2,5
n2348,n2348,1,98,5,2,6
n2349,n2349,1,98,5,2,7
n2350,n2350,1,98,5,2,8
n2351,n2351,1,98,5,2,9
n2352,n2352,1,98,5,2,10
n2353,n2353,1,98,5,2,11
n2354,n2354,1,98,5,2,12
n2355,n2355,1,98,5,2,13
n2356,n2356,1,98,5,2,14
n2357,n2357,1,98,5,2,15
n2358,n2358,1,98,5,2,16
n2359,n2359,1,99,1,1,1
n2360,n2360,1,99,1,1,2
n2361,n2361,1,99,1,1,3
n2362,n2362,1,99,1,1,4
n2363,n2363,1,99,1,1,5
n2364,n2364,1,99,1,1,6
n2365,n2365,1,99,1,1,7
n2366,n2366,1,99,1,1,8
n2367,n2367,1,99,1,1,9
n2368,n2368,1,99,1,1,10
n2369,n2369,1,99,5,2,1
n2370,n2370,1,99,5,2,2
n2371,n2371,1,99,5,2,3
n2372,n2372,1,99,5,2,4
n2373,n2373,1,99,5,2,5
n2374,n2374,1,99,5,2,6
n2375,n2375,1,99,5,2,7
n2376,n2376,1,99,5,2,8
n2377,n2377,1,99,5,2,9
n2378,n2378,1,99,5,2,10
n2379,n2379,1,99,5,2,11
n2380,n2380,1,99,5,2,12
n2381,n2381,1,99,5,2,13
n2382,n2382,1,99,5,2,14
n2383,n2383,1,99,5,2,15
n2384,n2384,1,99,5,2,16
n2385,n2385,1,100,1,1,1
n2386,n2386,1,100,1,1,2
n2387,n2387,1,100,1,1,3
n2388,n2388,1,100,1,1,4
n2389,n2389,1,100,1,1,5
n2390,n2390,1,100,1,1,6
n2391,n2391,1,100,1,1,7
n2392,n2392,1,100,1,1,8
n2393,n2393,1,100,1,1,9
n2394,n2394,1,100,1,1,10
n2395,n2395,1,100,1,1,11
n2396,n2396,1,100,1,1,12
n2397,n2397,1,100,1,1,13
n2398,n2398,1,100,1,1,14
n2399,n2399,1,100,1,1,15
n2400,n2400,1,100,1,1,16
n2401,n2401,1,100,5,2,1
n2402,n2402,1,100,5,2,2
n2403,n2403,1,100,5,2,3
n2404,n2404,1,100,5,2,4
n2405,n2405,1,100,5,2,5
n2406,n2406,1,100,5,2,6
n2407,n2407,1,100,5,2,7
n2408,n2408,1,100,5,2,8
n2409,n2409,1,100,5,2,9
n2410,n2410,1,100,5,2,10
n2411,n2411,1,100,5,2,11
n2412,n2412,1,100,5,2,12
n2413,n2413,1,101,1,1,1
n2414,n2414,1,101,1,1,2
n2415,n2415,1,101,1,1,3
n2416,n2416,1,101,1,1,4
n2417,n2417,1,101,1,1,5
n2418,n2418,1,101,1,1,6
n2419,n2419,1,101,1,1,7
n2420,n2420,1,101,1,1,8
n2421,n2421,1,101,1,1,9
n2422,n2422,1,101,1,1,10
n2423,n2423,1,101,1,1,11
n2424,n2424,1,101,1,1,12
n2425,n2425,1,101,1,1,13
n2426,n2426,1,101,1,1,14
n2427,n2427,1,101,1,1,15
n2428,n2428,1,101,1,1,16
n2429,n2429,1,101,5,2,1
n2430,n2430,1,101,5,2,2
n2431,n2431,1,101,5,2,3
n2432,n2432,1,101,5,2,4
n2433,n2433,1,101,5,2,5
n2434,n2434,1,101,5,2,6
n2435,n2435,1,101,5,2,7
n2436,n2436,1,101,5,2,8
n2437,n2437,1,101,5,2,9
n2438,n2438,1,101,5,2,10
n2439,n2439,1,101,5,2,11
n2440,n2440,1,101,5,2,12
n2441,n2441,1,102,1,1,1
n2442,n2442,1,102,1,1,2
n2443,n2443,1,102,1,1,3
n2444,n2444,1,102,1,1,4
n2445,n2445,1,102,1,1,5
n2446,n2446,1,102,1,1,6
n2447,n2447,1,102,1,1,7
n2448,n2448,1,102,1,1,8
n2449,n2449,1,102,1,1,9
n2450,n2450,1,102,1,1,10
n2451,n2451,1,102,1,1,11
n2452,n2452,1,102,1,1,12
n2453,n2453,1,102,1,1,13
n2454,n2454,1,102,1,1,14
n2455,n2455,1,102,1,1,15
n2456,n2456,1,102,1,1,16
n2457,n2457,1,102,5,2,1
n2458,n2458,1,102,5,2,2
n2459,n2459,1,102,5,2,3
n2460,n2460,1,102,5,2,4
n2461,n2461,1,102,5,2,5
n2462,n2462,1,102,5,2,6
n2463,n2463,1,102,5,2,7
n2464,n2464,1,102,5,2,8
n2465,n2465,1,102,5,2,9
n2466,n2466,1,102,5,2,10
n2467,n2467,1,102,5,2,11
n2468,n2468,1,103,1,1,1
n2469,n2469,1,103,1,1,2
n2470,n2470,1,103,1,1,3
n2471,n2471,1,103,1,1,4
n2472,n2472,1,103,1,1,5
n2473,n2473,1,103,1,1,6
n2474,n2474,1,103,1,1,7
n2475,n2475,1,103,1,1,8
n2476,n2476,1,103,1,1,9
n2477,n2477,1,103,1,1,10
n2478,n2478,1,103,5,2,1
n2479,n2479,1,103,5,2,2
n2480,n2480,1,103,5,2,3
n2481,n2481,1,103,5,2,4
n2482,n2482,1,103,5,2,5
n2483,n2483,1,103,5,2,6
n2484,n2484,1,103,5,2,7
n2485,n2485,1,103,5,2,8
n2486,n2486,1,103,5,2,9
n2487,n2487,1,103,5,2,10
n2488,n2488,1,103,5,2,11
n2489,n2489,1,103,5,2,12
n2490,n2490,1,103,5,2,13
n2491,n2491,1,103,5,2,14
n2492,n2492,1,103,5,2,15
n2493,n2493,1,103,5,2,16
n2494,n2494,1,104,1,1,1
n2495,n2495,1,104,1,1,2
n2496,n2496,1,104,1,1,3
n2497,n2497,1,104,1,1,4
n2498,n2498,1,104,1,1,5
n2499,n2499,1,104,1,1,6
n2500,n2500,1,104,1,1,7
n2501,n2501,1,104,1,1,8
n2502,n2502,1,104,1,1,9
n2503,n2503,1,104,1,1,10
n2504,n2504,1,104,5,2,1
n2505,n2505,1,104,5,2,2
n2506,n2506,1,104,5,2,3
n2507,n2507,1,104,5,2,4
n2508,n2508,1,104,5,2,5
n2509,n2509,1,104,5,2,6
n2510,n2510,1,104,5,2,7
n2511,n2511,1,104,5,2,8
n2512,n2512,1,104,5,2,9
n2513,n2513,1,104,5,2,10
n2514,n2514,1,104,5,2,11
n2515,n2515,1,104,5,2,12
n2516,n2516,1,104,5,2,13
n2517,n2517,1,104,5,2,14
n2518,n2518,1,104,5,2,15
n2519,n2519,1,104,5,2,16
n2520,n2520,1,105,1,1,1
n2521,n2521,1,105,1,1,2
n2522,n2522,1,105,1,1,3
n2523,n2523,1,105,1,1,4
n2524,n2524,1,105,1,1,5
n2525,n2525,1,105,1,1,6
n2526,n2526,1,105,1,1,7
n2527,n2527,1,105,1,1,8
n2528,n2528,1,105,1,1,9
n2529,n2529,1,105,1,1,10
n2530,n2530,1,105,1,1,11
n2531,n2531,1,105,1,1,12
n2532,n2532,1,105,1,1,13
n2533,n2533,1,105,1,1,14
n2534,n2534,1,105,1,1,15
n2535,n2535,1,105,1,1,16
n2536,n2536,1,105,5,2,1
n2537,n2537,1,105,5,2,2
n2538,n2538,1,105,5,2,3
n2539,n2539,1,105,5,2,4
n2540,n2540,1,105,5,2,5
n2541,n2541,1,105,5,2,6
n2542,n2542,1,105,5,2,7
n2543,n2543,1,105,5,2,8
n2544,n2544,1,105,5,2,9
n2545,n2545,1,105,5,2,10
n2546,n2546,1,105,5,2,11
n2547,n2547,1,105,5,2,12
n2548,n2548,1,106,1,1,1
n2549,n2549,1,106,1,1,2
n2550,n2550,1,106,1,1,3
n2551,n2551,1,106,1,1,4
n2552,n2552,1,106,1,1,5
n2553,n2553,1,106,1,1,6
n2554,n2554,1,106,1,1,7
n2555,n2555,1,106,1,1,8
n2556,n2556,1,106,1,1,9
n2557,n2557,1,106,1,1,10
n2558,n2558,1,106,1,1,11
n2559,n2559,1,106,1,1,12
n2560,n2560,1,106,1,1,13
n2561,n2561,1,106,1,1,14
n2562,n2562,1,106,1,1,15
n2563,n2563,1,106,1,1,16
n2564,n2564,1,106,5,2,1
n2565,n2565,1,106,5,2,2
n2566,n2566,1,106,5,2,3
n2567,n2567,1,106,5,2,4
n2568,n2568,1,106,5,2,5
n2569,n2569,1,106,5,2,6
n2570,n2570,1,106,5,2,7
n2571,n2571,1,106,5,2,8
n2572,n2572,1,106,5,2,9
n2573,n2573,1,106,5,2,10
n2574,n2574,1,106,5,2,11
n2575,n2575,1,106,5,2,12
n2576,n2576,1,107,1,1,1
n2577,n2577,1,107,1,1,2
n2578,n2578,1,107,1,1,3
n2579,n2579,1,107,1,1,4
n2580,n2580,1,107,1,1,5
n2581,n2581,1,107,1,1,6
n2582,n2582,1,107,1,1,7
n2583,n2583,1,107,1,1,8
n2584,n2584,1,107,1,1,9
n2585,n2585,1,107,1,1,10
n2586,n2586,1,107,1,1,11
n2587,n2587,1,107,1,1,12
n2588,n2588,1,107,1,1,13
n2589,n2589,1,107,1,1,14
n2590,n2590,1,107,1,1,15
n2591,n2591,1,107,1,1,16
n2592,n2592,1,107,5,2,1
n2593,n2593,1,107,5,2,2
n2594,n2594,1,107,5,2,3
n2595,n2595,1,107,5,2,4
n2596,n2596,1,107,5,2,5
n2597,n2597,1,107,5,2,6
n2598,n2598,1,107,5,2,7
n2599,n2599,1,107,5,2,8
n2600,n2600,1,107,5,2,9
n2601,n2601,1,107,5,2,10
n2602,n2602,1,107,5,2,11
n2603,n2603,1,107,5,2,12
n2604,n2604,1,108,1,1,1
n2605,n2605,1,108,1,1,2
n2606,n2606,1,108,1,1,3
n2607,n2607,1,108,1,1,4
n2608,n2608,1,108,1,1,5
n2609,n2609,1,108,1,1,6
n2610,n2610,1,108,1,1,7
n2611,n2611,1,108,1,1,8
n2612,n2612,1,108,1,1,9
n2613,n2613,1,108,1,1,10
n2614,n2614,1,108,1,1,11
n2615,n2615,1,108,1,1,12
n2616,n2616,1,108,1,1,13
n2617,n2617,1,108,1,1,14
n2618,n2618,1,108,1,1,15
n2619,n2619,1,108,1,1,16
n2620,n2620,1,108,5,2,1
n2621,n2621,1,108,5,2,2
n2622,n2622,1,108,5,2,3
n2623,n2623,1,108,5,2,4
n2624,n2624,1,108,5,2,5
n2625,n2625,1,109,1,1,1
n2626,n2626,1,109,1,1,2
n2627,n2627,1,109,1,1,3
n2628,n2628,1,109,1,1,4
n2629,n2629,1,109,1,1,5
n2630,n2630,1,109,1,1,6
n2631,n2631,1,109,1,1,7
n2632,n2632,1,109,1,1,8
n2633,n2633,1,109,1,1,9
n2634,n2634,1,109,1,1,10
n2635,n2635,1,109,1,1,11
n2636,n2636,1,109,1,1,12
n2637,n2637,1,109,1,1,13
n2638,n2638,1,109,1,1,14
n2639,n2639,1,109,1,1,15
n2640,n2640,1,109,1,1,16
n2641,n2641,1,109,5,2,1
n2642,n2642,1,110,1,1,1
n2643,n2643,1,110,1,1,2
n2644,n2644,1,110,1,1,3
n2645,n2645,1,110,1,1,4
n2646,n2646,1,110,1,1,5
n2647,n2647,1,110,1,1,6
n2648,n2648,1,110,1,1,7
n2649,n2649,1,110,1,1,8
n2650,n2650,1,110,1,1,9
n2651,n2651,1,110,1,1,10
n2652,n2652,1,110,1,1,11
n2653,n2653,1,110,1,1,12
n2654,n2654,1,110,5,2,1
n2655,n2655,1,111,1,1,1
n2656,n2656,1,111,1,1,2
n2657,n2657,1,111,1,1,3
n2658,n2658,1,111,1,1,4
n2659,n2659,1,111,1,1,5
n2660,n2660,1,111,1,1,6
n2661,n2661,1,111,1,1,7
n2662,n2662,1,111,1,1,8
n2663,n2663,1,111,1,1,9
n2664,n2664,1,111,1,1,10
n2665,n2665,1,111,1,1,11
n2666,n2666,1,111,1,1,12
n2667,n2667,1,111,5,2,1
n2668,n2668,1,112,1,1,1
n2669,n2669,1,112,1,1,2
n2670,n2670,1,112,1,1,3
n2671,n2671,1,112,1,1,4
n2672,n2672,1,112,1,1,5
n2673,n2673,1,112,1,1,6
n2674,n2674,1,112,5,2,1
n2675,n2675,1,112,5,2,2
n2676,n2676,1,112,5,2,3
n2677,n2677,1,112,5,2,4
n2678,n2678,1,112,5,2,5
n2679,n2679,1,112,5,2,6
n2680,n2680,1,112,5,2,7
n2681,n2681,1,112,5,2,8
n2682,n2682,1,112,5,2,9
n2683,n2683,1,112,5,2,10
n2684,n2684,1,112,5,2,11
n2685,n2685,1,112,5,2,12
n2686,n2686,1,112,5,2,13
n2687,n2687,1,112,5,2,14
n2688,n2688,1,112,5,2,15
n2689,n2689,1,112,5,2,16
n2690,n2690,1,113,1,1,1
n2691,n2691,1,113,1,1,2
n2692,n2692,1,113,1,1,3
n2693,n2693,1,113,1,1,4
n2694,n2694,1,113,1,1,5
n2695,n2695,1,113,1,1,6
n2696,n2696,1,113,5,2,1
n2697,n2697,1,113,5,2,2
n2698,n2698,1,113,5,2,3
n2699,n2699,1,113,5,2,4
n2700,n2700,1,113,5,2,5
n2701,n2701,1,113,5,2,6
n2702,n2702,1,113,5,2,7
n2703,n2703,1,113,5,2,8
n2704,n2704,1,113,5,2,9
n2705,n2705,1,113,5,2,10
n2706,n2706,1,113,5,2,11
n2707,n2707,1,113,5,2,12
n2708,n2708,1,113,5,2,13
n2709,n2709,1,113,5,2,14
n2710,n2710,1,113,5,2,15
n2711,n2711,1,113,5,2,16
n2712,n2712,1,114,1,1,1
n2713,n2713,1,114,1,1,2
n2714,n2714,1,114,1,1,3
n2715,n2715,1,114,1,1,4
n2716,n2716,1,114,1,1,5
n2717,n2717,1,114,1,1,6
n2718,n2718,1,114,5,2,1
n2719,n2719,1,114,5,2,2
n2720,n2720,1,114,5,2,3
n2721,n2721,1,114,5,2,4
n2722,n2722,1,114,5,2,5
n2723,n2723,1,114,5,2,6
n2724,n2724,1,114,5,2,7
n2725,n2725,1,114,5,2,8
n2726,n2726,1,114,5,2,9
n2727,n2727,1,114,5,2,10
n2728,n2728,1,114,5,2,11
n2729,n2729,1,114,5,2,12
n2730,n2730,1,114,5,2,13
n2731,n2731,1,114,5,2,14
n2732,n2732,1,114,5,2,15
n2733,n2733,1,114,5,2,16
n2734,n2734,1,115,1,1,1
n2735,n2735,1,115,1,1,2
n2736,n2736,1,115,1,1,3
n2737,n2737,1,115,1,1,4
n2738,n2738,1,115,1,1,5
n2739,n2739,1,115,1,1,6
n2740,n2740,1,115,5,2,1
n2741,n2741,1,115,5,2,2
n2742,n2742,1,115,5,2,3
n2743,n2743,1,115,5,2,4
n2744,n2744,1,115,5,2,5
n2745,n2745,1,115,5,2,6
n2746,n2746,1,115,5,2,7
n2747,n2747,1,115,5,2,8
n2748,n2748,1,115,5,2,9
n2749,n2749,1,115,5,2,10
n2750,n2750,1,115,5,2,11
n2751,n2751,1,115,5,2,12
n2752,n2752,1,115,5,2,13
n2753,n2753,1,115,5,2,14
n2754,n2754,1,115,5,2,15
n2755,n2755,1,115,5,2,16
n2756,n2756,1,116,1,1,1
n2757,n2757,1,116,1,1,2
n2758,n2758,1,116,1,1,3
n2759,n2759,1,116,1,1,4
n2760,n2760,1,116,1,1,5
n2761,n2761,1,116,1,1,6
n2762,n2762,1,116,1,1,7
n2763,n2763,1,116,1,1,8
n2764,n2764,1,116,1,1,9
n2765,n2765,1,116,1,1,10
n2766,n2766,1,116,1,1,11
n2767,n2767,1,116,1,1,12
n2768,n2768,1,116,5,2,1
n2769,n2769,1,116,5,2,2
n2770,n2770,1,116,5,2,3
n2771,n2771,1,116,5,2,4
n2772,n2772,1,116,5,2,5
n2773,n2773,1,116,5,2,6
n2774,n2774,1,116,5,2,7
n2775,n2775,1,116,5,2,8
n2776,n2776,1,116,5,2,9
n2777,n2777,1,116,5,2,10
n2778,n2778,1,116,5,2,11
n2779,n2779,1,116,5,2,12
n2780,n2780,1,116,5,2,13
n2781,n2781,1,116,5,2,14
n2782,n2782,1,116,5,2,15
n2783,n2783,1,116,5,2,16
n2784,n2784,1,117,1,1,1
n2785,n2785,1,117,1,1,2
n2786,n2786,1,117,1,1,3
n2787,n2787,1,117,1,1,4
n2788,n2788,1,117,1,1,5
n2789,n2789,1,117,1,1,6
n2790,n2790,1,117,1,1,7
n2791,n2791,1,117,1,1,8
n2792,n2792,1,117,1,1,9
n2793,n2793,1,117,1,1,10
n2794,n2794,1,117,1,1,11
n2795,n2795,1,117,1,1,12
n2796,n2796,1,117,5,2,1
n2797,n2797,1,117,5,2,2
n2798,n2798,1,117,5,2,3
n2799,n2799,1,117,5,2,4
n2800,n2800,1,117,5,2,5
n2801,n2801,1,117,5,2,6
n2802,n2802,1,117,5,2,7
n2803,n2803,1,117,5,2,8
n2804,n2804,1,117,5,2,9
n2805,n2805,1,117,5,2,10
n2806,n2806,1,117,5,2,11
n2807,n2807,1,117,5,2,12
n2808,n2808,1,117,5,2,13
n2809,n2809,1,117,5,2,14
n2810,n2810,1,117,5,2,15
n2811,n2811,1,117,5,2,16
n2812,n2812,1,118,1,1,1
n2813,n2813,1,118,1,1,2
n2814,n2814,1,118,1,1,3
n2815,n2815,1,118,1,1,4
n2816,n2816,1,118,1,1,5
n2817,n2817,1,118,1,1,6
n2818,n2818,1,118,1,1,7
n2819,n2819,1,118,1,1,8
n2820,n2820,1,118,1,1,9
n2821,n2821,1,118,1,1,10
n2822,n2822,1,118,1,1,11
n2823,n2823,1,118,1,1,12
n2824,n2824,1,118,5,2,1
n2825,n2825,1,118,5,2,2
n2826,n2826,1,118,5,2,3
n2827,n2827,1,118,5,2,4
n2828,n2828,1,118,5,2,5
n2829,n2829,1,118,5,2,6
n2830,n2830,1,118,5,2,7
n2831,n2831,1,118,5,2,8
n2832,n2832,1,118,5,2,9
n2833,n2833,1,118,5,2,10
n2834,n2834,1,118,5,2,11
n2835,n2835,1,118,5,2,12
n2836,n2836,1,118,5,2,13
n2837,n2837,1,118,5,2,14
n2838,n2838,1,118,5,2,15
n2839,n2839,1,118,5,2,16
n2840,n2840,1,119,1,1,1
n2841,n2841,1,119,1,1,2
n2842,n2842,1,119,1,1,3
n2843,n2843,1,119,1,1,4
n2844,n2844,1,119,1,1,5
n2845,n2845,1,119,1,1,6
n2846,n2846,1,119,1,1,7
n2847,n2847,1,119,1,1,8
n2848,n2848,1,119,1,1,9
n2849,n2849,1,119,1,1,10
n2850,n2850,1,119,1,1,11
n2851,n2851,1,119,1,1,12
n2852,n2852,1,119,5,2,1
n2853,n2853,1,119,5,2,2
n2854,n2854,1,119,5,2,3
n2855,n2855,1,119,5,2,4
n2856,n2856,1,119,5,2,5
n2857,n2857,1,119,5,2,6
n2858,n2858,1,119,5,2,7
n2859,n2859,1,119,5,2,8
n2860,n2860,1,119,5,2,9
n2861,n2861,1,119,5,2,10
n2862,n2862,1,119,5,2,11
n2863,n2863,1,119,5,2,12
n2864,n2864,1,119,5,2,13
n2865,n2865,1,119,5,2,14
n2866,n2866,1,119,5,2,15
n2867,n2867,1,119,5,2,16
n2868,n2868,1,120,1,1,1
n2869,n2869,1,120,1,1,2
n2870,n2870,1,120,1,1,3
n2871,n2871,1,120,1,1,4
n2872,n2872,1,120,1,1,5
n2873,n2873,1,120,1,1,6
n2874,n2874,1,120,1,1,7
n2875,n2875,1,120,1,1,8
n2876,n2876,1,120,1,1,9
n2877,n2877,1,120,1,1,10
n2878,n2878,1,120,1,1,11
n2879,n2879,1,120,1,1,12
n2880,n2880,1,120,5,2,1
n2881,n2881,1,120,5,2,2
n2882,n2882,1,120,5,2,3
n2883,n2883,1,120,5,2,4
n2884,n2884,1,120,5,2,5
n2885,n2885,1,120,5,2,6
n2886,n2886,1,120,5,2,7
n2887,n2887,1,120,5,2,8
n2888,n2888,1,120,5,2,9
n2889,n2889,1,120,5,2,10
n2890,n2890,1,120,5,2,11
n2891,n2891,1,120,5,2,12
n2892,n2892,1,120,5,2,13
n2893,n2893,1,120,5,2,14
n2894,n2894,1,120,5,2,15
n2895,n2895,1,120,5,2,16
n2896,n2896,1,121,1,1,1
n2897,n2897,1,121,1,1,2
n2898,n2898,1,121,1,1,3
n2899,n2899,1,121,1,1,4
n2900,n2900,1,121,1,1,5
n2901,n2901,1,121,1,1,6
n2902,n2902,1,121,1,1,7
n2903,n2903,1,121,1,1,8
n2904,n2904,1,121,1,1,9
n2905,n2905,1,121,1,1,10
n2906,n2906,1,121,1,1,11
n2907,n2907,1,121,1,1,12
n2908,n2908,1,121,5,2,1
n2909,n2909,1,121,5,2,2
n2910,n2910,1,121,5,2,3
n2911,n2911,1,121,5,2,4
n2912,n2912,1,121,5,2,5
n2913,n2913,1,121,5,2,6
n2914,n2914,1,121,5,2,7
n2915,n2915,1,121,5,2,8
n2916,n2916,1,121,5,2,9
n2917,n2917,1,121,5,2,10
n2918,n2918,1,121,5,2,11
n2919,n2919,1,121,5,2,12
n2920,n2920,1,121,5,2,13
n2921,n2921,1,121,5,2,14
n2922,n2922,1,121,5,2,15
n2923,n2923,1,121,5,2,16
n2924,n2924,1,122,1,1,1
n2925,n2925,1,122,1,1,2
n2926,n2926,1,122,1,1,3
n2927,n2927,1,122,1,1,4
n2928,n2928,1,122,1,1,5
n2929,n2929,1,122,1,1,6
n2930,n2930,1,122,1,1,7
n2931,n2931,1,122,1,1,8
n2932,n2932,1,122,1,1,9
n2933,n2933,1,122,1,1,10
n2934,n2934,1,122,1,1,11
n2935,n2935,1,122,1,1,12
n2936,n2936,1,122,5,2,1
n2937,n2937,1,122,5,2,2
n2938,n2938,1,122,5,2,3
n2939,n2939,1,122,5,2,4
n2940,n2940,1,122,5,2,5
n2941,n2941,1,122,5,2,6
n2942,n2942,1,122,5,2,7
n2943,n2943,1,122,5,2,8
n2944,n2944,1,122,5,2,9
n2945,n2945,1,122,5,2,10
n2946,n2946,1,122,5,2,11
n2947,n2947,1,122,5,2,12
n2948,n2948,1,122,5,2,13
n2949,n2949,1,122,5,2,14
n2950,n2950,1,122,5,2,15
n2951,n2951,1,122,5,2,16
n2952,n2952,1,123,1,1,1
n2953,n2953,1,123,1,1,2
n2954,n2954,1,123,1,1,3
n2955,n2955,1,123,1,1,4
n2956,n2956,1,123,1,1,5
n2957,n2957,1,123,1,1,6
n2958,n2958,1,123,1,1,7
n2959,n2959,1,123,1,1,8
n2960,n2960,1,123,1,1,9
n2961,n2961,1,123,1,1,10
n2962,n2962,1,123,1,1,11
n2963,n2963,1,123,1,1,12
n2964,n2964,1,123,5,2,1
n2965,n2965,1,123,5,2,2
n2966,n2966,1,123,5,2,3
n2967,n2967,1,123,5,2,4
n2968,n2968,1,123,5,2,5
n2969,n2969,1,123,5,2,6
n2970,n2970,1,123,5,2,7
n2971,n2971,1,123,5,2,8
n2972,n2972,1,123,5,2,9
n2973,n2973,1,123,5,2,10
n2974,n2974,1,123,5,2,11
n2975,n2975,1,123,5,2,12
n2976,n2976,1,123,5,2,13
n2977,n2977,1,123,5,2,14
n2978,n2978,1,123,5,2,15
n2979,n2979,1,123,5,2,16
n2980,n2980,1,124,1,1,1
n2981,n2981,1,124,1,1,2
n2982,n2982,1,124,1,1,3
n2983,n2983,1,124,1,1,4
n2984,n2984,1,124,1,1,5
n2985,n2985,1,124,1,1,6
n2986,n2986,1,124,1,1,7
n2987,n2987,1,124,1,1,8
n2988,n2988,1,124,1,1,9
n2989,n2989,1,124,5,2,1
n2990,n2990,1,124,5,2,2
n2991,n2991,1,124,5,2,3
n2992,n2992,1,124,5,2,4
n2993,n2993,1,124,5,2,5
n2994,n2994,1,124,5,2,6
n2995,n2995,1,124,5,2,7
n2996,n2996,1,124,5,2,8
n2997,n2997,1,124,5,2,9
n2998,n2998,1,124,5,2,10
n2999,n2999,1,124,5,2,11
n3000,n3000,1,124,5,2,12
n3001,n3001,1,124,5,2,13
n3002,n3002,1,124,5,2,14
n3003,n3003,1,124,5,2,15
n3004,n3004,1,124,5,2,16
n3005,n3005,1,125,1,1,1
n3006,n3006,1,125,1,1,2
n3007,n3007,1,125,1,1,3
n3008,n3008,1,125,1,1,4
n3009,n3009,1,125,1,1,5
n3010,n3010,1,125,1,1,6
n3011,n3011,1,125,1,1,7
n3012,n3012,1,125,1,1,8
n3013,n3013,1,125,1,1,9
n3014,n3014,1,125,5,2,1
n3015,n3015,1,125,5,2,2
n3016,n3016,1,125,5,2,3
n3017,n3017,1,125,5,2,4
n3018,n3018,1,125,5,2,5
n3019,n3019,1,125,5,2,6
n3020,n3020,1,125,5,2,7
n3021,n3021,1,125,5,2,8
n3022,n3022,1,125,5,2,9
n3023,n3023,1,125,5,2,10
n3024,n3024,1,125,5,2,11
n3025,n3025,1,125,5,2,12
n3026,n3026,1,125,5,2,13
n3027,n3027,1,125,5,2,14
n3028,n3028,1,125,5,2,15
n3029,n3029,1,125,5,2,16
n3030,n3030,1,126,1,1,1
n3031,n3031,1,126,1,1,2
n3032,n3032,1,126,1,1,3
n3033,n3033,1,126,1,1,4
n3034,n3034,1,126,1,1,5
n3035,n3035,1,126,1,1,6
n3036,n3036,1,126,1,1,7
n3037,n3037,1,126,1,1,8
n3038,n3038,1,126,1,1,9
n3039,n3039,1,126,5,2,1
n3040,n3040,1,126,5,2,2
n3041,n3041,1,126,5,2,3
n3042,n3042,1,126,5,2,4
n3043,n3043,1,126,5,2,5
n3044,n3044,1,126,5,2,6
n3045,n3045,1,126,5,2,7
n3046,n3046,1,126,5,2,8
n3047,n3047,1,126,5,2,9
n3048,n3048,1,126,5,2,10
n3049,n3049,1,126,5,2,11
n3050,n3050,1,126,5,2,12
n3051,n3051,1,126,5,2,13
n3052,n3052,1,126,5,2,14
n3053,n3053,1,126,5,2,15
n3054,n3054,1,126,5,2,16
n3055,n3055,1,127,1,1,1
n3056,n3056,1,127,1,1,2
n3057,n3057,1,127,1,1,3
n3058,n3058,1,127,1,1,4
n3059,n3059,1,127,1,1,5
n3060,n3060,1,127,1,1,6
n3061,n3061,1,127,1,1,7
n3062,n3062,1,127,1,1,8
n3063,n3063,1,127,1,1,9
n3064,n3064,1,127,5,2,1
n3065,n3065,1,127,5,2,2
n3066,n3066,1,127,5,2,3
n3067,n3067,1,127,5,2,4
n3068,n3068,1,127,5,2,5
n3069,n3069,1,127,5,2,6
n3070,n3070,1,127,5,2,7
n3071,n3071,1,127,5,2,8
n3072,n3072,1,127,5,2,9
n3073,n3073,1,127,5,2,10
n3074,n3074,1,127,5,2,11
n3075,n3075,1,127,5,2,12
n3076,n3076,1,127,5,2,13
n3077,n3077,1,127,5,2,14
n3078,n3078,1,127,5,2,15
n3079,n3079,1,127,5,2,16
n3080,n3080,1,128,1,1,1
n3081,n3081,1,128,1,1,2
n3082,n3082,1,128,1,1,3
n3083,n3083,1,128,1,1,4
n3084,n3084,1,128,1,1,5
n3085,n3085,1,128,1,1,6
n3086,n3086,1,128,1,1,7
n3087,n3087,1,128,1,1,8
n3088,n3088,1,128,1,1,9
n3089,n3089,1,128,1,1,10
n3090,n3090,1,128,1,1,11
n3091,n3091,1,128,1,1,12
n3092,n3092,1,128,5,2,1
n3093,n3093,1,128,5,2,2
n3094,n3094,1,128,5,2,3
n3095,n3095,1,128,5,2,4
n3096,n3096,1,128,5,2,5
n3097,n3097,1,128,5,2,6
n3098,n3098,1,128,5,2,7
n3099,n3099,1,128,5,2,8
n3100,n3100,1,128,5,2,9
n3101,n3101,1,128,5,2,10
n3102,n3102,1,128,5,2,11
n3103,n3103,1,128,5,2,12
n3104,n3104,1,128,5,2,13
n3105,n3105,1,128,5,2,14
n3106,n3106,1,128,5,2,15
n3107,n3107,1,128,5,2,16
n3108,n3108,1,129,1,1,1
n3109,n3109,1,129,1,1,2
n3110,n3110,1,129,1,1,3
n3111,n3111,1,129,1,1,4
n3112,n3112,1,129,1,1,5
n3113,n3113,1,129,1,1,6
n3114,n3114,1,129,1,1,7
n3115,n3115,1,129,1,1,8
n3116,n3116,1,129,1,1,9
n3117,n3117,1,129,1,1,10
n3118,n3118,1,129,1,1,11
n3119,n3119,1,129,1,1,12
n3120,n3120,1,129,5,2,1
n3121,n3121,1,129,5,2,2
n3122,n3122,1,129,5,2,3
n3123,n3123,1,129,5,2,4
n3124,n3124,1,129,5,2,5
n3125,n3125,1,129,5,2,6
n3126,n3126,1,129,5,2,7
n3127,n3127,1,129,5,2,8
n3128,n3128,1,129,5,2,9
n3129,n3129,1,129,5,2,10
n3130,n3130,1,129,5,2,11
n3131,n3131,1,129,5,2,12
n3132,n3132,1,129,5,2,13
n3133,n3133,1,129,5,2,14
n3134,n3134,1,129,5,2,15
n3135,n3135,1,129,5,2,16
n3136,n3136,1,130,1,1,1
n3137,n3137,1,130,1,1,2
n3138,n3138,1,130,1,1,3
n3139,n3139,1,130,1,1,4
n3140,n3140,1,130,1,1,5
n3141,n3141,1,130,1,1,6
n3142,n3142,1,130,1,1,7
n3143,n3143,1,130,1,1,8
n3144,n3144,1,130,1,1,9
n3145,n3145,1,130,1,1,10
n3146,n3146,1,130,1,1,11
n3147,n3147,1,130,1,1,12
n3148,n3148,1,130,5,2,1
n3149,n3149,1,130,5,2,2
n3150,n3150,1,130,5,2,3
n3151,n3151,1,130,5,2,4
n3152,n3152,1,130,5,2,5
n3153,n3153,1,130,5,2,6
n3154,n3154,1,130,5,2,7
n3155,n3155,1,130,5,2,8
n3156,n3156,1,130,5,2,9
n3157,n3157,1,130,5,2,10
n3158,n3158,1,130,5,2,11
n3159,n3159,1,130,5,2,12
n3160,n3160,1,130,5,2,13
n3161,n3161,1,130,5,2,14
n3162,n3162,1,130,5,2,15
n3163,n3163,1,130,5,2,16
n3164,n3164,1,131,1,1,1
n3165,n3165,1,131,1,1,2
n3166,n3166,1,131,1,1,3
n3167,n3167,1,131,1,1,4
n3168,n3168,1,131,1,1,5
n3169,n3169,1,131,1,1,6
n3170,n3170,1,131,1,1,7
n3171,n3171,1,131,1,1,8
n3172,n3172,1,131,1,1,9
n3173,n3173,1,131,1,1,10
n3174,n3174,1,131,1,1,11
n3175,n3175,1,131,1,1,12
n3176,n3176,1,131,5,2,1
n3177,n3177,1,131,5,2,2
n3178,n3178,1,131,5,2,3
n3179,n3179,1,131,5,2,4
n3180,n3180,1,131,5,2,5
n3181,n3181,1,131,5,2,6
n3182,n3182,1,131,5,2,7
n3183,n3183,1,131,5,2,8
n3184,n3184,1,131,5,2,9
n3185,n3185,1,131,5,2,10
n3186,n3186,1,131,5,2,11
n3187,n3187,1,131,5,2,12
n3188,n3188,1,131,5,2,13
n3189,n3189,1,131,5,2,14
n3190,n3190,1,131,5,2,15
n3191,n3191,1,131,5,2,16
n3192,n3192,1,132,1,1,1
n3193,n3193,1,132,1,1,2
n3194,n3194,1,132,1,1,3
n3195,n3195,1,132,1,1,4
n3196,n3196,1,132,1,1,5
n3197,n3197,1,132,1,1,6
n3198,n3198,1,132,1,1,7
n3199,n3199,1,132,1,1,8
n3200,n3200,1,132,1,1,9
n3201,n3201,1,132,1,1,10
n3202,n3202,1,132,1,1,11
n3203,n3203,1,132,1,1,12
n3204,n3204,1,132,1,1,13
n3205,n3205,1,132,1,1,14
n3206,n3206,1,132,1,1,15
n3207,n3207,1,132,1,1,16
n3208,n3208,1,132,1,1,17
n3209,n3209,1,132,1,1,18
n3210,n3210,1,132,1,1,19
n3211,n3211,1,132,1,1,20
n3212,n3212,1,132,1,1,21
n3213,n3213,1,132,1,1,22
n3214,n3214,1,132,1,1,23
n3215,n3215,1,132,1,1,24
n3216,n3216,1,132,5,2,1
n3217,n3217,1,132,5,2,2
n3218,n3218,1,132,5,2,3
n3219,n3219,1,132,5,2,4
n3220,n3220,1,132,5,2,5
n3221,n3221,1,132,5,2,6
n3222,n3222,1,132,5,2,7
n3223,n3223,1,132,5,2,8
n3224,n3224,1,132,5,2,9
n3225,n3225,1,132,5,2,10
n3226,n3226,1,132,5,2,11
n3227,n3227,1,132,5,2,12
n3228,n3228,1,132,5,2,13
n3229,n3229,1,132,5,2,14
n3230,n3230,1,132,5,2,15
n3231,n3231,1,132,5,2,16
n3232,n3232,1,132,5,2,17
n3233,n3233,1,132,5,2,18
n3234,n3234,1,132,5,2,19
n3235,n3235,1,132,5,2,20
n3236,n3236,1,132,5,2,21
n3237,n3237,1,132,5,2,22
n3238,n3238,1,132,5,2,23
n3239,n3239,1,132,5,2,24
n3240,n3240,1,133,1,1,1
n3241,n3241,1,133,1,1,2
n3242,n3242,1,133,1,1,3
n3243,n3243,1,133,1,1,4
n3244,n3244,1,133,1,1,5
n3245,n3245,1,133,1,1,6
n3246,n3246,1,133,1,1,7
n3247,n3247,1,133,1,1,8
n3248,n3248,1,133,1,1,9
n3249,n3249,1,133,1,1,10
n3250,n3250,1,133,1,1,11
n3251,n3251,1,133,1,1,12
n3252,n3252,1,133,1,1,13
n3253,n3253,1,133,1,1,14
n3254,n3254,1,133,1,1,15
n3255,n3255,1,133,1,1,16
n3256,n3256,1,133,1,1,17
n3257,n3257,1,133,1,1,18
n3258,n3258,1,133,5,2,1
n3259,n3259,1,133,5,2,2
n3260,n3260,1,133,5,2,3
n3261,n3261,1,133,5,2,4
n3262,n3262,1,133,5,2,5
n3263,n3263,1,133,5,2,6
n3264,n3264,1,133,5,2,7
n3265,n3265,1,133,5,2,8
n3266,n3266,1,133,5,2,9
n3267,n3267,1,133,5,2,10
n3268,n3268,1,133,5,2,11
n3269,n3269,1,133,5,2,12
n3270,n3270,1,133,5,2,13
n3271,n3271,1,133,5,2,14
n3272,n3272,1,133,5,2,15
n3273,n3273,1,133,5,2,16
n3274,n3274,1,133,5,2,17
n3275,n3275,1,133,5,2,18
n3276,n3276,1,134,1,1,1
n3277,n3277,1,134,1,1,2
n3278,n3278,1,134,1,1,3
n3279,n3279,1,134,1,1,4
n3280,n3280,1,134,1,1,5
n3281,n3281,1,134,1,1,6
n3282,n3282,1,134,1,1,7
n3283,n3283,1,134,1,1,8
n3284,n3284,1,134,1,1,9
n3285,n3285,1,134,1,1,10
n3286,n3286,1,134,1,1,11
n3287,n3287,1,134,1,1,12
n3288,n3288,1,134,1,1,13
n3289,n3289,1,134,1,1,14
n3290,n3290,1,134,1,1,15
n3291,n3291,1,134,1,1,16
n3292,n3292,1,134,1,1,17
n3293,n3293,1,134,1,1,18
n3294,n3294,1,134,1,1,19
n3295,n3295,1,134,1,1,20
n3296,n3296,1,134,1,1,21
n3297,n3297,1,134,1,1,22
n3298,n3298,1,134,1,1,23
n3299,n3299,1,134,1,1,24
n3300,n3300,1,134,5,2,1
n3301,n3301,1,134,5,2,2
n3302,n3302,1,134,5,2,3
n3303,n3303,1,134,5,2,4
n3304,n3304,1,134,5,2,5
n3305,n3305,1,134,5,2,6
n3306,n3306,1,134,5,2,7
n3307,n3307,1,134,5,2,8
n3308,n3308,1,134,5,2,9
n3309,n3309,1,134,5,2,10
n3310,n3310,1,134,5,2,11
n3311,n3311,1,134,5,2,12
n3312,n3312,1,134,5,2,13
n3313,n3313,1,134,5,2,14
n3314,n3314,1,134,5,2,15
n3315,n3315,1,134,5,2,16
n3316,n3316,1,134,5,2,17
n3317,n3317,1,134,5,2,18
n3318,n3318,1,134,5,2,19
n3319,n3319,1,134,5,2,20
n3320,n3320,1,134,5,2,21
n3321,n3321,1,134,5,2,22
n3322,n3322,1,134,5,2,23
n3323,n3323,1,134,5,2,24
n3324,n3324,1,135,1,1,1
n3325,n3325,1,135,1,1,2
n3326,n3326,1,135,1,1,3
n3327,n3327,1,135,1,1,4
n3328,n3328,1,135,1,1,5
n3329,n3329,1,135,1,1,6
n3330,n3330,1,135,1,1,7
n3331,n3331,1,135,1,1,8
n3332,n3332,1,135,1,1,9
n3333,n3333,1,135,1,1,10
n3334,n3334,1,135,1,1,11
n3335,n3335,1,135,1,1,12
n3336,n3336,1,135,1,1,13
n3337,n3337,1,135,1,1,14
n3338,n3338,1,135,1,1,15
n3339,n3339,1,135,1,1,16
n3340,n3340,1,135,1,1,17
n3341,n3341,1,135,1,1,18
n3342,n3342,1,135,5,2,1
n3343,n3343,1,135,5,2,2
n3344,n3344,1,135,5,2,3
n3345,n3345,1,135,5,2,4
n3346,n3346,1,135,5,2,5
n3347,n3347,1,135,5,2,6
n3348,n3348,1,135,5,2,7
n3349,n3349,1,135,5,2,8
n3350,n3350,1,135,5,2,9
n3351,n3351,1,135,5,2,10
n3352,n3352,1,135,5,2,11
n3353,n3353,1,135,5,2,12
n3354,n3354,1,135,5,2,13
n3355,n3355,1,135,5,2,14
n3356,n3356,1,135,5,2,15
n3357,n3357,1,135,5,2,16
n3358,n3358,1,135,5,2,17
n3359,n3359,1,135,5,2,18
n3360,n3360,1,136,1,1,1
n3361,n3361,1,136,1,1,2
n3362,n3362,1,136,1,1,3
n3363,n3363,1,136,1,1,4
n3364,n3364,1,136,1,1,5
n3365,n3365,1,136,1,1,6
n3366,n3366,1,136,1,1,7
n3367,n3367,1,136,1,1,8
n3368,n3368,1,136,1,1,9
n3369,n3369,1,136,1,1,10
n3370,n3370,1,136,1,1,11
n3371,n3371,1,136,1,1,12
n3372,n3372,1,136,1,1,13
n3373,n3373,1,136,1,1,14
n3374,n3374,1,136,1,1,15
n3375,n3375,1,136,1,1,16
n3376,n3376,1,136,1,1,17
n3377,n3377,1,136,1,1,18
n3378,n3378,1,136,1,1,19
n3379,n3379,1,136,1,1,20
n3380,n3380,1,136,1,1,21
n3381,n3381,1,136,1,1,22
n3382,n3382,1,136,1,1,23
n3383,n3383,1,136,1,1,24
n3384,n3384,1,136,5,2,1
n3385,n3385,1,136,5,2,2
n3386,n3386,1,136,5,2,3
n3387,n3387,1,136,5,2,4
n3388,n3388,1,136,5,2,5
n3389,n3389,1,136,5,2,6
n3390,n3390,1,136,5,2,7
n3391,n3391,1,136,5,2,8
n3392,n3392,1,136,5,2,9
n3393,n3393,1,136,5,2,10
n3394,n3394,1,136,5,2,11
n3395,n3395,1,136,5,2,12
n3396,n3396,1,136,5,2,13
n3397,n3397,1,136,5,2,14
n3398,n3398,1,136,5,2,15
n3399,n3399,1,136,5,2,16
n3400,n3400,1,136,5,2,17
n3401,n3401,1,136,5,2,18
n3402,n3402,1,136,5,2,19
n3403,n3403,1,136,5,2,20
n3404,n3404,1,136,5,2,21
n3405,n3405,1,137,1,1,1
n3406,n3406,1,137,1,1,2
n3407,n3407,1,137,1,1,3
n3408,n3408,1,137,1,1,4
n3409,n3409,1,137,1,1,5
n3410,n3410,1,137,1,1,6
n3411,n3411,1,137,1,1,7
n3412,n3412,1,137,1,1,8
n3413,n3413,1,137,1,1,9
n3414,n3414,1,137,1,1,10
n3415,n3415,1,137,1,1,11
n3416,n3416,1,137,1,1,12
n3417,n3417,1,137,1,1,13
n3418,n3418,1,137,1,1,14
n3419,n3419,1,137,1,1,15
n3420,n3420,1,137,1,1,16
n3421,n3421,1,137,1,1,17
n3422,n3422,1,137,1,1,18
n3423,n3423,1,137,5,2,1
n3424,n3424,1,137,5,2,2
n3425,n3425,1,137,5,2,3
n3426,n3426,1,137,5,2,4
n3427,n3427,1,137,5,2,5
n3428,n3428,1,137,5,2,6
n3429,n3429,1,137,5,2,7
n3430,n3430,1,137,5,2,8
n3431,n3431,1,137,5,2,9
n3432,n3432,1,137,5,2,10
n3433,n3433,1,137,5,2,11
n3434,n3434,1,137,5,2,12
n3435,n3435,1,137,5,2,13
n3436,n3436,1,137,5,2,14
n3437,n3437,1,137,5,2,15
n3438,n3438,1,137,5,2,16
n3439,n3439,1,137,5,2,17
n3440,n3440,1,137,5,2,18
n3441,n3441,1,138,1,1,1
n3442,n3442,1,138,1,1,2
n3443,n3443,1,138,1,1,3
n3444,n3444,1,138,1,1,4
n3445,n3445,1,138,1,1,5
n3446,n3446,1,138,1,1,6
n3447,n3447,1,138,1,1,7
n3448,n3448,1,138,1,1,8
n3449,n3449,1,138,1,1,9
n3450,n3450,1,138,1,1,10
n3451,n3451,1,138,1,1,11
n3452,n3452,1,138,1,1,12
n3453,n3453,1,138,1,1,13
n3454,n3454,1,138,1,1,14
n3455,n3455,1,138,1,1,15
n3456,n3456,1,138,1,1,16
n3457,n3457,1,138,1,1,17
n3458,n3458,1,138,1,1,18
n3459,n3459,1,138,1,1,19
n3460,n3460,1,138,1,1,20
n3461,n3461,1,138,1,1,21
n3462,n3462,1,138,1,1,22
n3463,n3463,1,138,1,1,23
n3464,n3464,1,138,1,1,24
n3465,n3465,1,138,5,2,1
n3466,n3466,1,138,5,2,2
n3467,n3467,1,138,5,2,3
n3468,n3468,1,138,5,2,4
n3469,n3469,1,138,5,2,5
n3470,n3470,1,138,5,2,6
n3471,n3471,1,138,5,2,7
n3472,n3472,1,138,5,2,8
n3473,n3473,1,138,5,2,9
n3474,n3474,1,138,5,2,10
n3475,n3475,1,138,5,2,11
n3476,n3476,1,138,5,2,12
n3477,n3477,1,138,5,2,13
n3478,n3478,1,138,5,2,14
n3479,n3479,1,138,5,2,15
n3480,n3480,1,138,5,2,16
n3481,n3481,1,138,5,2,17
n3482,n3482,1,138,5,2,18
n3483,n3483,1,138,5,2,19
n3484,n3484,1,138,5,2,20
n3485,n3485,1,138,5,2,21
n3486,n3486,1,139,1,1,1
n3487,n3487,1,139,1,1,2
n3488,n3488,1,139,1,1,3
n3489,n3489,1,139,1,1,4
n3490,n3490,1,139,1,1,5
n3491,n3491,1,139,1,1,6
n3492,n3492,1,139,1,1,7
n3493,n3493,1,139,1,1,8
n3494,n3494,1,139,1,1,9
n3495,n3495,1,139,1,1,10
n3496,n3496,1,139,1,1,11
n3497,n3497,1,139,1,1,12
n3498,n3498,1,139,1,1,13
n3499,n3499,1,139,1,1,14
n3500,n3500,1,139,1,1,15
n3501,n3501,1,139,1,1,16
n3502,n3502,1,139,1,1,17
n3503,n3503,1,139,1,1,18
n3504,n3504,1,139,5,2,1
n3505,n3505,1,139,5,2,2
n3506,n3506,1,139,5,2,3
n3507,n3507,1,139,5,2,4
n3508,n3508,1,139,5,2,5
n3509,n3509,1,139,5,2,6
n3510,n3510,1,139,5,2,7
n3511,n3511,1,139,5,2,8
n3512,n3512,1,139,5,2,9
n3513,n3513,1,139,5,2,10
n3514,n3514,1,139,5,2,11
n3515,n3515,1,139,5,2,12
n3516,n3516,1,139,5,2,13
n3517,n3517,1,139,5,2,14
n3518,n3518,1,139,5,2,15
n3519,n3519,1,139,5,2,16
n3520,n3520,1,139,5,2,17
n3521,n3521,1,139,5,2,18
n3522,n3522,1,140,1,1,1
n3523,n3523,1,140,1,1,2
n3524,n3524,1,140,1,1,3
n3525,n3525,1,140,1,1,4
n3526,n3526,1,140,1,1,5
n3527,n3527,1,140,1,1,6
n3528,n3528,1,140,1,1,7
n3529,n3529,1,140,1,1,8
n3530,n3530,1,140,1,1,9
n3531,n3531,1,140,1,1,10
n3532,n3532,1,140,1,1,11
n3533,n3533,1,140,1,1,12
n3534,n3534,1,140,1,1,13
n3535,n3535,1,140,1,1,14
n3536,n3536,1,140,1,1,15
n3537,n3537,1,140,1,1,16
n3538,n3538,1,140,1,1,17
n3539,n3539,1,140,1,1,18
n3540,n3540,1,140,1,1,19
n3541,n3541,1,140,1,1,20
n3542,n3542,1,140,1,1,21
n3543,n3543,1,140,1,1,22
n3544,n3544,1,140,1,1,23
n3545,n3545,1,140,1,1,24
n3546,n3546,1,140,5,2,1
n3547,n3547,1,140,5,2,2
n3548,n3548,1,140,5,2,3
n3549,n3549,1,140,5,2,4
n3550,n3550,1,140,5,2,5
n3551,n3551,1,140,5,2,6
n3552,n3552,1,140,5,2,7
n3553,n3553,1,140,5,2,8
n3554,n3554,1,140,5,2,9
n3555,n3555,1,140,5,2,10
n3556,n3556,1,140,5,2,11
n3557,n3557,1,140,5,2,12
n3558,n3558,1,140,5,2,13
n3559,n3559,1,140,5,2,14
n3560,n3560,1,140,5,2,15
n3561,n3561,1,140,5,2,16
n3562,n3562,1,140,5,2,17
n3563,n3563,1,140,5,2,18
n3564,n3564,1,140,5,2,19
n3565,n3565,1,140,5,2,20
n3566,n3566,1,140,5,2,21
n3567,n3567,1,140,5,2,22
n3568,n3568,1,140,5,2,23
n3569,n3569,1,140,5,2,24
n3570,n3570,1,141,1,1,1
n3571,n3571,1,141,1,1,2
n3572,n3572,1,141,1,1,3
n3573,n3573,1,141,1,1,4
n3574,n3574,1,141,1,1,5
n3575,n3575,1,141,1,1,6
n3576,n3576,1,141,1,1,7
n3577,n3577,1,141,1,1,8
n3578,n3578,1,141,1,1,9
n3579,n3579,1,141,1,1,10
n3580,n3580,1,141,1,1,11
n3581,n3581,1,141,1,1,12
n3582,n3582,1,141,1,1,13
n3583,n3583,1,141,1,1,14
n3584,n3584,1,141,1,1,15
n3585,n3585,1,141,5,2,1
n3586,n3586,1,141,5,2,2
n3587,n3587,1,141,5,2,3
n3588,n3588,1,141,5,2,4
n3589,n3589,1,141,5,2,5
n3590,n3590,1,141,5,2,6
n3591,n3591,1,141,5,2,7
n3592,n3592,1,141,5,2,8
n3593,n3593,1,141,5,2,9
n3594,n3594,1,141,5,2,10
n3595,n3595,1,141,5,2,11
n3596,n3596,1,141,5,2,12
n3597,n3597,1,141,5,2,13
n3598,n3598,1,142,1,1,1
n3599,n3599,1,142,1,1,2
n3600,n3600,1,142,1,1,3
n3601,n3601,1,142,1,1,4
n3602,n3602,1,142,1,1,5
n3603,n3603,1,142,1,1,6
n3604,n3604,1,142,1,1,7
n3605,n3605,1,142,1,1,8
n3606,n3606,1,142,1,1,9
n3607,n3607,1,142,1,1,10
n3608,n3608,1,142,1,1,11
n3609,n3609,1,142,1,1,12
n3610,n3610,1,142,1,1,13
n3611,n3611,1,142,1,1,14
n3612,n3612,1,142,1,1,15
n3613,n3613,1,142,5,2,1
n3614,n3614,1,142,5,2,2
n3615,n3615,1,142,5,2,3
n3616,n3616,1,142,5,2,4
n3617,n3617,1,142,5,2,5
n3618,n3618,1,142,5,2,6
n3619,n3619,1,142,5,2,7
n3620,n3620,1,142,5,2,8
n3621,n3621,1,142,5,2,9
n3622,n3622,1,142,5,2,10
n3623,n3623,1,142,5,2,11
n3624,n3624,1,142,5,2,12
n3625,n3625,1,142,5,2,13
n3626,n3626,1,143,1,1,1
n3627,n3627,1,143,1,1,2
n3628,n3628,1,143,1,1,3
n3629,n3629,1,143,1,1,4
n3630,n3630,1,143,1,1,5
n3631,n3631,1,143,1,1,6
n3632,n3632,1,143,1,1,7
n3633,n3633,1,143,1,1,8
n3634,n3634,1,143,1,1,9
n3635,n3635,1,143,1,1,10
n3636,n3636,1,143,1,1,11
n3637,n3637,1,143,1,1,12
n3638,n3638,1,143,1,1,13
n3639,n3639,1,143,1,1,14
n3640,n3640,1,143,1,1,15
n3641,n3641,1,143,1,1,16
n3642,n3642,1,143,1,1,17
n3643,n3643,1,143,1,1,18
n3644,n3644,1,143,5,2,1
n3645,n3645,1,143,5,2,2
n3646,n3646,1,143,5,2,3
n3647,n3647,1,143,5,2,4
n3648,n3648,1,143,5,2,5
n3649,n3649,1,143,5,2,6
n3650,n3650,1,143,5,2,7
n3651,n3651,1,143,5,2,8
n3652,n3652,1,143,5,2,9
n3653,n3653,1,143,5,2,10
n3654,n3654,1,143,5,2,11
n3655,n3655,1,143,5,2,12
n3656,n3656,1,143,5,2,13
n3657,n3657,1,143,5,2,14
n3658,n3658,1,143,5,2,15
n3659,n3659,1,143,5,2,16
n3660,n3660,1,144,1,1,1
n3661,n3661,1,144,1,1,2
n3662,n3662,1,144,1,1,3
n3663,n3663,1,144,1,1,4
n3664,n3664,1,144,1,1,5
n3665,n3665,1,144,1,1,6
n3666,n3666,1,144,1,1,7
n3667,n3667,1,144,1,1,8
n3668,n3668,1,144,1,1,9
n3669,n3669,1,144,1,1,10
n3670,n3670,1,144,1,1,11
n3671,n3671,1,144,1,1,12
n3672,n3672,1,144,1,1,13
n3673,n3673,1,144,1,1,14
n3674,n3674,1,144,1,1,15
n3675,n3675,1,144,1,1,16
n3676,n3676,1,144,1,1,17
n3677,n3677,1,144,1,1,18
n3678,n3678,1,144,1,1,19
n3679,n3679,1,144,1,1,20
n3680,n3680,1,144,1,1,21
n3681,n3681,1,144,5,2,1
n3682,n3682,1,144,5,2,2
n3683,n3683,1,144,5,2,3
n3684,n3684,1,144,5,2,4
n3685,n3685,1,145,1,1,1
n3686,n3686,1,145,1,1,2
n3687,n3687,1,145,1,1,3
n3688,n3688,1,145,1,1,4
n3689,n3689,1,145,1,1,5
n3690,n3690,1,145,1,1,6
n3691,n3691,1,145,1,1,7
n3692,n3692,1,145,1,1,8
n3693,n3693,1,145,1,1,9
n3694,n3694,1,145,1,1,10
n3695,n3695,1,145,1,1,11
n3696,n3696,1,145,1,1,12
n3697,n3697,1,145,1,1,13
n3698,n3698,1,145,1,1,14
n3699,n3699,1,145,1,1,15
n3700,n3700,1,145,1,1,16
n3701,n3701,1,145,1,1,17
n3702,n3702,1,145,1,1,18
n3703,n3703,1,145,5,2,1
n3704,n3704,1,145,5,2,2
n3705,n3705,1,145,5,2,3
n3706,n3706,1,145,5,2,4
n3707,n3707,1,145,5,2,5
n3708,n3708,1,145,5,2,6
n3709,n3709,1,145,5,2,7
n3710,n3710,1,145,5,2,8
n3711,n3711,1,145,5,2,9
n3712,n3712,1,145,5,2,10
n3713,n3713,1,145,5,2,11
n3714,n3714,1,145,5,2,12
n3715,n3715,1,145,5,2,13
n3716,n3716,1,145,5,2,14
n3717,n3717,1,145,5,2,15
n3718,n3718,1,145,5,2,16
n3719,n3719,1,146,1,1,1
n3720,n3720,1,146,1,1,2
n3721,n3721,1,146,1,1,3
n3722,n3722,1,146,1,1,4
n3723,n3723,1,146,1,1,5
n3724,n3724,1,146,1,1,6
n3725,n3725,1,146,1,1,7
n3726,n3726,1,146,1,1,8
n3727,n3727,1,146,1,1,9
n3728,n3728,1,146,1,1,10
n3729,n3729,1,146,1,1,11
n3730,n3730,1,146,1,1,12
n3731,n3731,1,146,1,1,13
n3732,n3732,1,146,1,1,14
n3733,n3733,1,146,1,1,15
n3734,n3734,1,146,1,1,16
n3735,n3735,1,146,1,1,17
n3736,n3736,1,146,1,1,18
n3737,n3737,1,146,1,1,19
n3738,n3738,1,146,1,1,20
n3739,n3739,1,146,1,1,21
n3740,n3740,1,146,5,2,1
n3741,n3741,1,146,5,2,2
n3742,n3742,1,146,5,2,3
n3743,n3743,1,146,5,2,4
n3744,n3744,1,147,1,1,1
n3745,n3745,1,147,1,1,2
n3746,n3746,1,147,1,1,3
n3747,n3747,1,147,1,1,4
n3748,n3748,1,147,1,1,5
n3749,n3749,1,147,1,1,6
n3750,n3750,1,147,1,1,7
n3751,n3751,1,147,1,1,8
n3752,n3752,1,147,1,1,9
n3753,n3753,1,147,1,1,10
n3754,n3754,1,147,1,1,11
n3755,n3755,1,147,1,1,12
n3756,n3756,1,147,1,1,13
n3757,n3757,1,147,1,1,14
n3758,n3758,1,147,1,1,15
n3759,n3759,1,147,1,1,16
n3760,n3760,1,147,1,1,17
n3761,n3761,1,147,1,1,18
n3762,n3762,1,147,5,2,1
n3763,n3763,1,147,5,2,2
n3764,n3764,1,147,5,2,3
n3765,n3765,1,147,5,2,4
n3766,n3766,1,147,5,2,5
n3767,n3767,1,147,5,2,6
n3768,n3768,1,147,5,2,7
n3769,n3769,1,147,5,2,8
n3770,n3770,1,147,5,2,9
n3771,n3771,1,147,5,2,10
n3772,n3772,1,147,5,2,11
n3773,n3773,1,147,5,2,12
n3774,n3774,1,147,5,2,13
n3775,n3775,1,147,5,2,14
n3776,n3776,1,147,5,2,15
n3777,n3777,1,147,5,2,16
n3778,n3778,1,148,1,1,1
n3779,n3779,1,148,1,1,2
n3780,n3780,1,148,1,1,3
n3781,n3781,1,148,1,1,4
n3782,n3782,1,148,1,1,5
n3783,n3783,1,148,1,1,6
n3784,n3784,1,148,1,1,7
n3785,n3785,1,148,1,1,8
n3786,n3786,1,148,1,1,9
n3787,n3787,1,148,1,1,10
n3788,n3788,1,148,1,1,11
n3789,n3789,1,148,1,1,12
n3790,n3790,1,148,1,1,13
n3791,n3791,1,148,1,1,14
n3792,n3792,1,148,1,1,15
n3793,n3793,1,148,1,1,16
n3794,n3794,1,148,1,1,17
n3795,n3795,1,148,1,1,18
n3796,n3796,1,148,1,1,19
n3797,n3797,1,148,1,1,20
n3798,n3798,1,148,1,1,21
n3799,n3799,1,148,5,2,1
n3800,n3800,1,148,5,2,2
n3801,n3801,1,148,5,2,3
n3802,n3802,1,148,5,2,4
n3803,n3803,1,149,1,1,1
n3804,n3804,1,149,1,1,2
n3805,n3805,1,149,1,1,3
n3806,n3806,1,149,1,1,4
n3807,n3807,1,149,1,1,5
n3808,n3808,1,149,1,1,6
n3809,n3809,1,149,1,1,7
n3810,n3810,1,149,1,1,8
n3811,n3811,1,149,1,1,9
n3812,n3812,1,149,1,1,10
n3813,n3813,1,149,1,1,11
n3814,n3814,1,149,1,1,12
n3815,n3815,1,149,1,1,13
n3816,n3816,1,149,1,1,14
n3817,n3817,1,149,1,1,15
n3818,n3818,1,149,1,1,16
n3819,n3819,1,149,1,1,17
n3820,n3820,1,149,1,1,18
n3821,n3821,1,149,1,1,19
n3822,n3822,1,149,1,1,20
n3823,n3823,1,149,1,1,21
n3824,n3824,1,149,5,2,1
n3825,n3825,1,149,5,2,2
n3826,n3826,1,149,5,2,3
n3827,n3827,1,149,5,2,4
n3828,n3828,1,150,1,1,1
n3829,n3829,1,150,1,1,2
n3830,n3830,1,150,1,1,3
n3831,n3831,1,150,1,1,4
n3832,n3832,1,150,1,1,5
n3833,n3833,1,150,1,1,6
n3834,n3834,1,150,1,1,7
n3835,n3835,1,150,1,1,8
n3836,n3836,1,150,1,1,9
n3837,n3837,1,150,1,1,10
n3838,n3838,1,150,1,1,11
n3839,n3839,1,150,1,1,12
n3840,n3840,1,150,5,2,1
n3841,n3841,1,150,5,2,2
n3842,n3842,1,150,5,2,3
n3843,n3843,1,150,5,2,4
n3844,n3844,1,150,5,2,5
n3845,n3845,1,150,5,2,6
n3846,n3846,1,150,5,2,7
n3847,n3847,1,150,5,2,8
n3848,n3848,1,150,5,2,9
n3849,n3849,1,150,5,2,10
n3850,n3850,1,150,5,2,11
n3851,n3851,1,150,5,2,12
n3852,n3852,1,151,1,1,1
n3853,n3853,1,151,1,1,2
n3854,n3854,1,151,1,1,3
n3855,n3855,1,151,1,1,4
n3856,n3856,1,151,1,1,5
n3857,n3857,1,151,1,1,6
n3858,n3858,1,151,1,1,7
n3859,n3859,1,151,1,1,8
n3860,n3860,1,151,1,1,9
n3861,n3861,1,151,1,1,10
n3862,n3862,1,151,1,1,11
n3863,n3863,1,151,1,1,12
n3864,n3864,1,151,5,2,1
n3865,n3865,1,151,5,2,2
n3866,n3866,1,151,5,2,3
n3867,n3867,1,151,5,2,4
n3868,n3868,1,151,5,2,5
n3869,n3869,1,151,5,2,6
n3870,n3870,1,151,5,2,7
n3871,n3871,1,151,5,2,8
n3872,n3872,1,151,5,2,9
n3873,n3873,1,151,5,2,10
n3874,n3874,1,151,5,2,11
n3875,n3875,1,151,5,2,12
n3876,n3876,1,152,1,1,1
n3877,n3877,1,152,1,1,2
n3878,n3878,1,152,1,1,3
n3879,n3879,1,152,1,1,4
n3880,n3880,1,152,1,1,5
n3881,n3881,1,152,1,1,6
n3882,n3882,1,152,1,1,7
n3883,n3883,1,152,1,1,8
n3884,n3884,1,152,1,1,9
n3885,n3885,1,152,1,1,10
n3886,n3886,1,152,1,1,11
n3887,n3887,1,152,1,1,12
n3888,n3888,1,152,1,1,13
n3889,n3889,1,152,1,1,14
n3890,n3890,1,152,1,1,15
n3891,n3891,1,152,1,1,16
n3892,n3892,1,152,5,2,1
n3893,n3893,1,152,5,2,2
n3894,n3894,1,152,5,2,3
n3895,n3895,1,152,5,2,4
n3896,n3896,1,152,5,2,5
n3897,n3897,1,152,5,2,6
n3898,n3898,1,152,5,2,7
n3899,n3899,1,152,5,2,8
n3900,n3900,1,152,5,2,9
n3901,n3901,1,152,5,2,10
n3902,n3902,1,152,5,2,11
n3903,n3903,1,152,5,2,12
n3904,n3904,1,153,1,1,1
n3905,n3905,1,153,1,1,2
n3906,n3906,1,153,1,1,3
n3907,n3907,1,153,1,1,4
n3908,n3908,1,153,5,2,1
n3909,n3909,1,153,5,2,2
n3910,n3910,1,153,5,2,3
n3911,n3911,1,153,5,2,4
n3912,n3912,1,153,5,2,5
n3913,n3913,1,153,5,2,6
n3914,n3914,1,153,5,2,7
n3915,n3915,1,153,5,2,8
n3916,n3916,1,153,5,2,9
n3917,n3917,1,153,5,2,10
n3918,n3918,1,153,5,2,11
n3919,n3919,1,153,5,2,12
n3920,n3920,1,153,5,2,13
n3921,n3921,1,153,5,2,14
n3922,n3922,1,153,5,2,15
n3923,n3923,1,153,5,2,16
n3924,n3924,1,153,5,2,17
n3925,n3925,1,153,5,2,18
n3926,n3926,1,154,1,1,1
n3927,n3927,1,154,1,1,2
n3928,n3928,1,154,1,1,3
n3929,n3929,1,154,1,1,4
n3930,n3930,1,154,1,1,5
n3931,n3931,1,154,1,1,6
n3932,n3932,1,154,1,1,7
n3933,n3933,1,154,1,1,8
n3934,n3934,1,154,1,1,9
n3935,n3935,1,154,1,1,10
n3936,n3936,1,154,1,1,11
n3937,n3937,1,154,1,1,12
n3938,n3938,1,154,1,1,13
n3939,n3939,1,154,1,1,14
n3940,n3940,1,154,1,1,15
n3941,n3941,1,154,1,1,16
n3942,n3942,1,154,5,2,1
n3943,n3943,1,154,5,2,2
n3944,n3944,1,154,5,2,3
n3945,n3945,1,154,5,2,4
n3946,n3946,1,154,5,2,5
n3947,n3947,1,154,5,2,6
n3948,n3948,1,154,5,2,7
n3949,n3949,1,154,5,2,8
n3950,n3950,1,154,5,2,9
n3951,n3951,1,154,5,2,10
n3952,n3952,1,154,5,2,11
n3953,n3953,1,154,5,2,12
n3954,n3954,1,155,1,1,1
n3955,n3955,1,155,1,1,2
n3956,n3956,1,155,1,1,3
n3957,n3957,1,155,1,1,4
n3958,n3958,1,155,5,2,1
n3959,n3959,1,155,5,2,2
n3960,n3960,1,155,5,2,3
n3961,n3961,1,155,5,2,4
n3962,n3962,1,155,5,2,5
n3963,n3963,1,155,5,2,6
n3964,n3964,1,155,5,2,7
n3965,n3965,1,155,5,2,8
n3966,n3966,1,155,5,2,9
n3967,n3967,1,155,5,2,10
n3968,n3968,1,155,5,2,11
n3969,n3969,1,155,5,2,12
n3970,n3970,1,155,5,2,13
n3971,n3971,1,155,5,2,14
n3972,n3972,1,155,5,2,15
n3973,n3973,1,155,5,2,16
n3974,n3974,1,155,5,2,17
n3975,n3975,1,155,5,2,18
n3976,n3976,1,156,1,1,1
n3977,n3977,1,156,1,1,2
n3978,n3978,1,156,1,1,3
n3979,n3979,1,156,1,1,4
n3980,n3980,1,156,1,1,5
n3981,n3981,1,156,1,1,6
n3982,n3982,1,156,1,1,7
n3983,n3983,1,156,1,1,8
n3984,n3984,1,156,1,1,9
n3985,n3985,1,156,1,1,10
n3986,n3986,1,156,1,1,11
n3987,n3987,1,156,1,1,12
n3988,n3988,1,156,1,1,13
n3989,n3989,1,156,1,1,14
n3990,n3990,1,156,1,1,15
n3991,n3991,1,156,1,1,16
n3992,n3992,1,156,5,2,1
n3993,n3993,1,156,5,2,2
n3994,n3994,1,156,5,2,3
n3995,n3995,1,156,5,2,4
n3996,n3996,1,156,5,2,5
n3997,n3997,1,156,5,2,6
n3998,n3998,1,156,5,2,7
n3999,n3999,1,156,5,2,8
n4000,n4000,1,156,5,2,9
n4001,n4001,1,156,5,2,10
n4002,n4002,1,156,5,2,11
n4003,n4003,1,156,5,2,12
n4004,n4004,1,157,1,1,1
n4005,n4005,1,157,1,1,2
n4006,n4006,1,157,1,1,3
n4007,n4007,1,157,1,1,4
n4008,n4008,1,157,5,2,1
n4009,n4009,1,157,5,2,2
n4010,n4010,1,157,5,2,3
n4011,n4011,1,157,5,2,4
n4012,n4012,1,157,5,2,5
n4013,n4013,1,157,5,2,6
n4014,n4014,1,157,5,2,7
n4015,n4015,1,157,5,2,8
n4016,n4016,1,157,5,2,9
n4017,n4017,1,157,5,2,10
n4018,n4018,1,157,5,2,11
n4019,n4019,1,157,5,2,12
n4020,n4020,1,157,5,2,13
n4021,n4021,1,157,5,2,14
n4022,n4022,1,157,5,2,15
n4023,n4023,1,157,5,2,16
n4024,n4024,1,157,5,2,17
n4025,n4025,1,157,5,2,18
n4026,n4026,1,158,1,1,1
n4027,n4027,1,158,1,1,2
n4028,n4028,1,158,1,1,3
n4029,n4029,1,158,1,1,4
n4030,n4030,1,158,5,2,1
n4031,n4031,1,158,5,2,2
n4032,n4032,1,158,5,2,3
n4033,n4033,1,158,5,2,4
n4034,n4034,1,158,5,2,5
n4035,n4035,1,158,5,2,6
n4036,n4036,1,158,5,2,7
n4037,n4037,1,158,5,2,8
n4038,n4038,1,158,5,2,9
n4039,n4039,1,158,5,2,10
n4040,n4040,1,158,5,2,11
n4041,n4041,1,158,5,2,12
n4042,n4042,1,158,5,2,13
n4043,n4043,1,158,5,2,14
n4044,n4044,1,158,5,2,15
n4045,n4045,1,158,5,2,16
n4046,n4046,1,158,5,2,17
n4047,n4047,1,158,5,2,18
n4048,n4048,1,159,1,1,1
n4049,n4049,1,159,1,1,2
n4050,n4050,1,159,1,1,3
n4051,n4051,1,159,1,1,4
n4052,n4052,1,159,1,1,5
n4053,n4053,1,159,1,1,6
n4054,n4054,1,159,1,1,7
n4055,n4055,1,159,1,1,8
n4056,n4056,1,159,1,1,9
n4057,n4057,1,159,1,1,10
n4058,n4058,1,159,1,1,11
n4059,n4059,1,159,1,1,12
n4060,n4060,1,159,5,2,1
n4061,n4061,1,159,5,2,2
n4062,n4062,1,159,5,2,3
n4063,n4063,1,159,5,2,4
n4064,n4064,1,159,5,2,5
n4065,n4065,1,159,5,2,6
n4066,n4066,1,159,5,2,7
n4067,n4067,1,159,5,2,8
n4068,n4068,1,159,5,2,9
n4069,n4069,1,159,5,2,10
n4070,n4070,1,159,5,2,11
n4071,n4071,1,159,5,2,12
n4072,n4072,1,159,5,2,13
n4073,n4073,1,159,5,2,14
n4074,n4074,1,159,5,2,15
n4075,n4075,1,159,5,2,16
n4076,n4076,1,159,5,2,17
n4077,n4077,1,159,5,2,18
n4078,n4078,1,159,5,2,19
n4079,n4079,1,159,5,2,20
n4080,n4080,1,160,1,1,1
n4081,n4081,1,160,1,1,2
n4082,n4082,1,160,1,1,3
n4083,n4083,1,160,1,1,4
n4084,n4084,1,160,1,1,5
n4085,n4085,1,160,1,1,6
n4086,n4086,1,160,1,1,7
n4087,n4087,1,160,1,1,8
n4088,n4088,1,160,1,1,9
n4089,n4089,1,160,1,1,10
n4090,n4090,1,160,1,1,11
n4091,n4091,1,160,1,1,12
n4092,n4092,1,160,1,1,13
n4093,n4093,1,160,1,1,14
n4094,n4094,1,160,1,1,15
n4095,n4095,1,160,1,1,16
n4096,n4096,1,160,1,1,17
n4097,n4097,1,160,1,1,18
n4098,n4098,1,160,5,2,1
n4099,n4099,1,160,5,2,2
n4100,n4100,1,160,5,2,3
n4101,n4101,1,160,5,2,4
n4102,n4102,1,160,5,2,5
n4103,n4103,1,160,5,2,6
n4104,n4104,1,160,5,2,7
n4105,n4105,1,160,5,2,8
n4106,n4106,1,160,5,2,9
n4107,n4107,1,160,5,2,10
n4108,n4108,1,160,5,2,11
n4109,n4109,1,160,5,2,12
n4110,n4110,1,160,5,2,13
n4111,n4111,1,160,5,2,14
n4112,n4112,1,160,5,2,15
n4113,n4113,1,160,5,2,16
n4114,n4114,1,160,5,2,17
n4115,n4115,1,160,5,2,18
n4116,n4116,1,160,5,2,19
n4117,n4117,1,160,5,2,20
n4118,n4118,1,161,1,1,1
n4119,n4119,1,161,1,1,2
n4120,n4120,1,161,1,1,3
n4121,n4121,1,161,1,1,4
n4122,n4122,1,161,1,1,5
n4123,n4123,1,161,1,1,6
n4124,n4124,1,161,1,1,7
n4125,n4125,1,161,1,1,8
n4126,n4126,1,161,1,1,9
n4127,n4127,1,161,1,1,10
n4128,n4128,1,161,1,1,11
n4129,n4129,1,161,1,1,12
n4130,n4130,1,161,1,1,13
n4131,n4131,1,161,1,1,14
n4132,n4132,1,161,1,1,15
n4133,n4133,1,161,1,1,16
n4134,n4134,1,161,1,1,17
n4135,n4135,1,161,1,1,18
n4136,n4136,1,161,1,1,19
n4137,n4137,1,161,5,2,1
n4138,n4138,1,161,5,2,2
n4139,n4139,1,161,5,2,3
n4140,n4140,1,161,5,2,4
n4141,n4141,1,161,5,2,5
n4142,n4142,1,161,5,2,6
n4143,n4143,1,161,5,2,7
n4144,n4144,1,161,5,2,8
n4145,n4145,1,161,5,2,9
n4146,n4146,1,161,5,2,10
n4147,n4147,1,161,5,2,11
n4148,n4148,1,161,5,2,12
n4149,n4149,1,161,5,2,13
n4150,n4150,1,161,5,2,14
n4151,n4151,1,161,5,2,15
n4152,n4152,1,161,5,2,16
n4153,n4153,1,161,5,2,17
n4154,n4154,1,161,5,2,18
n4155,n4155,1,161,5,2,19
n4156,n4156,1,161,5,2,20
n4157,n4157,1,161,5,2,21
n4158,n4158,1,161,5,2,22
n4159,n4159,1,161,5,2,23
n4160,n4160,1,161,5,2,24
n4161,n4161,1,162,1,1,1
n4162,n4162,1,162,1,1,2
n4163,n4163,1,162,1,1,3
n4164,n4164,1,162,1,1,4
n4165,n4165,1,162,1,1,5
n4166,n4166,1,162,1,1,6
n4167,n4167,1,162,1,1,7
n4168,n4168,1,162,1,1,8
n4169,n4169,1,162,1,1,9
n4170,n4170,1,162,1,1,10
n4171,n4171,1,162,1,1,11
n4172,n4172,1,162,1,1,12
n4173,n4173,1,162,1,1,13
n4174,n4174,1,162,1,1,14
n4175,n4175,1,162,1,1,15
n4176,n4176,1,162,1,1,16
n4177,n4177,1,162,1,1,17
n4178,n4178,1,162,1,1,18
n4179,n4179,1,162,1,1,19
n4180,n4180,1,162,5,2,1
n4181,n4181,1,162,5,2,2
n4182,n4182,1,162,5,2,3
n4183,n4183,1,162,5,2,4
n4184,n4184,1,162,5,2,5
n4185,n4185,1,162,5,2,6
n4186,n4186,1,162,5,2,7
n4187,n4187,1,162,5,2,8
n4188,n4188,1,162,5,2,9
n4189,n4189,1,162,5,2,10
n4190,n4190,1,162,5,2,11
n4191,n4191,1,162,5,2,12
n4192,n4192,1,162,5,2,13
n4193,n4193,1,162,5,2,14
n4194,n4194,1,162,5,2,15
n4195,n4195,1,162,5,2,16
n4196,n4196,1,162,5,2,17
n4197,n4197,1,162,5,2,18
n4198,n4198,1,162,5,2,19
n4199,n4199,1,162,5,2,20
n4200,n4200,1,162,5,2,21
n4201,n4201,1,162,5,2,22
n4202,n4202,1,163,1,1,1
n4203,n4203,1,163,1,1,2
n4204,n4204,1,163,1,1,3
n4205,n4205,1,163,1,1,4
n4206,n4206,1,163,1,1,5
n4207,n4207,1,163,1,1,6
n4208,n4208,1,163,1,1,7
n4209,n4209,1,163,1,1,8
n4210,n4210,1,163,1,1,9
n4211,n4211,1,163,1,1,10
n4212,n4212,1,163,1,1,11
n4213,n4213,1,163,1,1,12
n4214,n4214,1,163,1,1,13
n4215,n4215,1,163,1,1,14
n4216,n4216,1,163,1,1,15
n4217,n4217,1,163,1,1,16
n4218,n4218,1,163,1,1,17
n4219,n4219,1,163,1,1,18
n4220,n4220,1,163,1,1,19
n4221,n4221,1,163,1,1,20
n4222,n4222,1,163,1,1,21
n4223,n4223,1,163,1,1,22
n4224,n4224,1,163,1,1,23
n4225,n4225,1,163,1,1,24
n4226,n4226,1,163,5,2,1
n4227,n4227,1,163,5,2,2
n4228,n4228,1,163,5,2,3
n4229,n4229,1,163,5,2,4
n4230,n4230,1,163,5,2,5
n4231,n4231,1,163,5,2,6
n4232,n4232,1,163,5,2,7
n4233,n4233,1,163,5,2,8
n4234,n4234,1,163,5,2,9
n4235,n4235,1,163,5,2,10
n4236,n4236,1,163,5,2,11
n4237,n4237,1,163,5,2,12
n4238,n4238,1,163,5,2,13
n4239,n4239,1,163,5,2,14
n4240,n4240,1,163,5,2,15
n4241,n4241,1,163,5,2,16
n4242,n4242,1,163,5,2,17
n4243,n4243,1,163,5,2,18
n4244,n4244,1,163,5,2,19
n4245,n4245,1,163,5,2,20
n4246,n4246,1,163,5,2,21
n4247,n4247,1,163,5,2,22
n4248,n4248,1,163,5,2,23
n4249,n4249,1,163,5,2,24
n4250,n4250,1,164,1,1,1
n4251,n4251,1,164,1,1,2
n4252,n4252,1,164,1,1,3
n4253,n4253,1,164,1,1,4
n4254,n4254,1,164,1,1,5
n4255,n4255,1,164,1,1,6
n4256,n4256,1,164,1,1,7
n4257,n4257,1,164,1,1,8
n4258,n4258,1,164,1,1,9
n4259,n4259,1,164,1,1,10
n4260,n4260,1,164,1,1,11
n4261,n4261,1,164,1,1,12
n4262,n4262,1,164,1,1,13
n4263,n4263,1,164,1,1,14
n4264,n4264,1,164,1,1,15
n4265,n4265,1,164,1,1,16
n4266,n4266,1,164,1,1,17
n4267,n4267,1,164,1,1,18
n4268,n4268,1,164,1,1,19
n4269,n4269,1,164,1,1,20
n4270,n4270,1,164,5,2,1
n4271,n4271,1,164,5,2,2
n4272,n4272,1,164,5,2,3
n4273,n4273,1,164,5,2,4
n4274,n4274,1,164,5,2,5
n4275,n4275,1,164,5,2,6
n4276,n4276,1,164,5,2,7
n4277,n4277,1,164,5,2,8
n4278,n4278,1,164,5,2,9
n4279,n4279,1,164,5,2,10
n4280,n4280,1,164,5,2,11
n4281,n4281,1,164,5,2,12
n4282,n4282,1,164,5,2,13
n4283,n4283,1,164,5,2,14
n4284,n4284,1,164,5,2,15
n4285,n4285,1,164,5,2,16
n4286,n4286,1,164,5,2,17
n4287,n4287,1,164,5,2,18
n4288,n4288,1,164,5,2,19
n4289,n4289,1,164,5,2,20
n4290,n4290,1,164,5,2,21
n4291,n4291,1,164,5,2,22
n4292,n4292,1,164,5,2,23
n4293,n4293,1,164,5,2,24
n4294,n4294,1,165,1,1,1
n4295,n4295,1,165,1,1,2
n4296,n4296,1,165,1,1,3
n4297,n4297,1,165,1,1,4
n4298,n4298,1,165,1,1,5
n4299,n4299,1,165,1,1,6
n4300,n4300,1,165,1,1,7
n4301,n4301,1,165,1,1,8
n4302,n4302,1,165,1,1,9
n4303,n4303,1,165,5,2,1
n4304,n4304,1,165,5,2,2
n4305,n4305,1,165,5,2,3
n4306,n4306,1,165,5,2,4
n4307,n4307,1,165,5,2,5
n4308,n4308,1,165,5,2,6
n4309,n4309,1,166,1,1,1
n4310,n4310,1,166,1,1,2
n4311,n4311,1,166,1,1,3
n4312,n4312,1,166,1,1,4
n4313,n4313,1,166,1,1,5
n4314,n4314,1,166,1,1,6
n4315,n4315,1,166,5,2,1
n4316,n4316,1,167,1,1,1
n4317,n4317,1,167,1,1,2
n4318,n4318,1,167,1,1,3
n4319,n4319,1,167,1,1,4
n4320,n4320,1,167,1,1,5
n4321,n4321,1,167,1,1,6
n4322,n4322,1,167,1,1,7
n4323,n4323,1,167,1,1,8
n4324,n4324,1,167,1,1,9
n4325,n4325,1,167,1,1,10
n4326,n4326,1,167,1,1,11
n4327,n4327,1,167,5,2,1
n4328,n4328,1,167,5,2,2
n4329,n4329,1,167,5,2,3
n4330,n4330,1,167,5,2,4
n4331,n4331,1,167,5,2,5
n4332,n4332,1,167,5,2,6
n4333,n4333,1,168,1,1,1
n4334,n4334,1,168,1,1,2
n4335,n4335,1,168,1,1,3
n4336,n4336,1,168,1,1,4
n4337,n4337,1,168,1,1,5
n4338,n4338,1,168,1,1,6
n4339,n4339,1,168,1,1,7
n4340,n4340,1,168,1,1,8
n4341,n4341,1,168,1,1,9
n4342,n4342,1,168,1,1,10
n4343,n4343,1,168,1,1,11
n4344,n4344,1,168,1,1,12
n4345,n4345,1,168,5,2,1
n4346,n4346,1,169,1,1,1
n4347,n4347,1,169,1,1,2
n4348,n4348,1,169,1,1,3
n4349,n4349,1,169,1,1,4
n4350,n4350,1,169,1,1,5
n4351,n4351,1,169,1,1,6
n4352,n4352,1,169,1,1,7
n4353,n4353,1,169,1,1,8
n4354,n4354,1,169,1,1,9
n4355,n4355,1,169,1,1,10
n4356,n4356,1,169,1,1,11
n4357,n4357,1,169,1,1,12
n4358,n4358,1,169,1,1,13
n4359,n4359,1,169,1,1,14
n4360,n4360,1,169,1,1,15
n4361,n4361,1,169,1,1,16
n4362,n4362,1,169,1,1,17
n4363,n4363,1,169,5,2,1
n4364,n4364,1,169,5,2,2
n4365,n4365,1,169,5,2,3
n4366,n4366,1,169,5,2,4
n4367,n4367,1,169,5,2,5
n4368,n4368,1,169,5,2,6
n4369,n4369,1,170,1,1,1
n4370,n4370,1,170,1,1,2
n4371,n4371,1,170,1,1,3
n4372,n4372,1,170,1,1,4
n4373,n4373,1,170,1,1,5
n4374,n4374,1,170,1,1,6
n4375,n4375,1,170,1,1,7
n4376,n4376,1,170,1,1,8
n4377,n4377,1,170,1,1,9
n4378,n4378,1,170,1,1,10
n4379,n4379,1,170,1,1,11
n4380,n4380,1,170,1,1,12
n4381,n4381,1,170,1,1,13
n4382,n4382,1,170,1,1,14
n4383,n4383,1,170,1,1,15
n4384,n4384,1,170,1,1,16
n4385,n4385,1,170,1,1,17
n4386,n4386,1,170,5,2,1
n4387,n4387,1,170,5,2,2
n4388,n4388,1,170,5,2,3
n4389,n4389,1,170,5,2,4
n4390,n4390,1,170,5,2,5
n4391,n4391,1,170,5,2,6
n4392,n4392,1,171,1,1,1
n4393,n4393,1,171,1,1,2
n4394,n4394,1,171,1,1,3
n4395,n4395,1,171,1,1,4
n4396,n4396,1,171,1,1,5
n4397,n4397,1,171,1,1,6
n4398,n4398,1,171,1,1,7
n4399,n4399,1,171,1,1,8
n4400,n4400,1,171,1,1,9
n4401,n4401,1,171,1,1,10
n4402,n4402,1,171,1,1,11
n4403,n4403,1,171,1,1,12
n4404,n4404,1,171,1,1,13
n4405,n4405,1,171,1,1,14
n4406,n4406,1,171,1,1,15
n4407,n4407,1,171,1,1,16
n4408,n4408,1,171,1,1,17
n4409,n4409,1,171,5,2,1
n4410,n4410,1,171,5,2,2
n4411,n4411,1,171,5,2,3
n4412,n4412,1,171,5,2,4
n4413,n4413,1,171,5,2,5
n4414,n4414,1,171,5,2,6
n4415,n4415,1,172,1,1,1
n4416,n4416,1,172,1,1,2
n4417,n4417,1,172,1,1,3
n4418,n4418,1,172,1,1,4
n4419,n4419,1,172,1,1,5
n4420,n4420,1,172,1,1,6
n4421,n4421,1,172,1,1,7
n4422,n4422,1,172,1,1,8
n4423,n4423,1,172,1,1,9
n4424,n4424,1,172,1,1,10
n4425,n4425,1,172,1,1,11
n4426,n4426,1,172,1,1,12
n4427,n4427,1,172,1,1,13
n4428,n4428,1,172,1,1,14
n4429,n4429,1,172,1,1,15
n4430,n4430,1,172,1,1,16
n4431,n4431,1,172,1,1,17
n4432,n4432,1,172,5,2,1
n4433,n4433,1,172,5,2,2
n4434,n4434,1,172,5,2,3
n4435,n4435,1,172,5,2,4
n4436,n4436,1,172,5,2,5
n4437,n4437,1,172,5,2,6
n4438,n4438,1,173,1,1,1
n4439,n4439,1,173,1,1,2
n4440,n4440,1,173,1,1,3
n4441,n4441,1,173,1,1,4
n4442,n4442,1,173,1,1,5
n4443,n4443,1,173,1,1,6
n4444,n4444,1,173,1,1,7
n4445,n4445,1,173,1,1,8
n4446,n4446,1,173,1,1,9
n4447,n4447,1,173,1,1,10
n4448,n4448,1,173,1,1,11
n4449,n4449,1,173,1,1,12
n4450,n4450,1,173,1,1,13
n4451,n4451,1,173,1,1,14
n4452,n4452,1,173,1,1,15
n4453,n4453,1,173,1,1,16
n4454,n4454,1,173,5,2,1
n4455,n4455,1,173,5,2,2
n4456,n4456,1,173,5,2,3
n4457,n4457,1,173,5,2,4
n4458,n4458,1,173,5,2,5
n4459,n4459,1,173,5,2,6
n4460,n4460,1,173,5,2,7
n4461,n4461,1,173,5,2,8
n4462,n4462,1,174,1,1,1
n4463,n4463,1,174,1,1,2
n4464,n4464,1,174,1,1,3
n4465,n4465,1,174,1,1,4
n4466,n4466,1,174,1,1,5
n4467,n4467,1,174,1,1,6
n4468,n4468,1,174,1,1,7
n4469,n4469,1,174,1,1,8
n4470,n4470,1,174,1,1,9
n4471,n4471,1,174,1,1,10
n4472,n4472,1,174,1,1,11
n4473,n4473,1,174,1,1,12
n4474,n4474,1,174,1,1,13
n4475,n4475,1,174,1,1,14
n4476,n4476,1,174,1,1,15
n4477,n4477,1,174,1,1,16
n4478,n4478,1,174,5,2,1
n4479,n4479,1,174,5,2,2
n4480,n4480,1,174,5,2,3
n4481,n4481,1,174,5,2,4
n4482,n4482,1,174,5,2,5
n4483,n4483,1,174,5,2,6
n4484,n4484,1,175,1,1,1
n4485,n4485,1,175,1,1,2
n4486,n4486,1,175,1,1,3
n4487,n4487,1,175,1,1,4
n4488,n4488,1,175,1,1,5
n4489,n4489,1,175,1,1,6
n4490,n4490,1,175,1,1,7
n4491,n4491,1,175,1,1,8
n4492,n4492,1,175,1,1,9
n4493,n4493,1,175,1,1,10
n4494,n4494,1,175,1,1,11
n4495,n4495,1,175,1,1,12
n4496,n4496,1,175,1,1,13
n4497,n4497,1,175,1,1,14
n4498,n4498,1,175,1,1,15
n4499,n4499,1,175,1,1,16
n4500,n4500,1,175,5,2,1
n4501,n4501,1,175,5,2,2
n4502,n4502,1,175,5,2,3
n4503,n4503,1,175,5,2,4
n4504,n4504,1,175,5,2,5
n4505,n4505,1,175,5,2,6
n4506,n4506,1,176,1,1,1
n4507,n4507,1,176,1,1,2
n4508,n4508,1,176,1,1,3
n4509,n4509,1,176,1,1,4
n4510,n4510,1,176,1,1,5
n4511,n4511,1,176,1,1,6
n4512,n4512,1,176,1,1,7
n4513,n4513,1,176,1,1,8
n4514,n4514,1,176,1,1,9
n4515,n4515,1,176,1,1,10
n4516,n4516,1,176,1,1,11
n4517,n4517,1,176,1,1,12
n4518,n4518,1,176,1,1,13
n4519,n4519,1,176,1,1,14
n4520,n4520,1,176,1,1,15
n4521,n4521,1,176,1,1,16
n4522,n4522,1,176,5,2,1
n4523,n4523,1,176,5,2,2
n4524,n4524,1,176,5,2,3
n4525,n4525,1,176,5,2,4
n4526,n4526,1,176,5,2,5
n4527,n4527,1,176,5,2,6
n4528,n4528,1,177,1,1,1
n4529,n4529,1,177,1,1,2
n4530,n4530,1,177,1,1,3
n4531,n4531,1,177,1,1,4
n4532,n4532,1,177,1,1,5
n4533,n4533,1,177,1,1,6
n4534,n4534,1,177,1,1,7
n4535,n4535,1,177,1,1,8
n4536,n4536,1,177,1,1,9
n4537,n4537,1,177,1,1,10
n4538,n4538,1,177,1,1,11
n4539,n4539,1,177,1,1,12
n4540,n4540,1,177,1,1,13
n4541,n4541,1,177,1,1,14
n4542,n4542,1,177,5,2,1
n4543,n4543,1,177,5,2,2
n4544,n4544,1,177,5,2,3
n4545,n4545,1,177,5,2,4
n4546,n4546,1,177,5,2,5
n4547,n4547,1,177,5,2,6
n4548,n4548,1,177,5,2,7
n4549,n4549,1,177,5,2,8
n4550,n4550,1,178,1,1,1
n4551,n4551,1,178,1,1,2
n4552,n4552,1,178,1,1,3
n4553,n4553,1,178,1,1,4
n4554,n4554,1,178,1,1,5
n4555,n4555,1,178,1,1,6
n4556,n4556,1,178,1,1,7
n4557,n4557,1,178,1,1,8
n4558,n4558,1,178,1,1,9
n4559,n4559,1,178,1,1,10
n4560,n4560,1,178,1,1,11
n4561,n4561,1,178,1,1,12
n4562,n4562,1,178,5,2,1
n4563,n4563,1,178,5,2,2
n4564,n4564,1,178,5,2,3
n4565,n4565,1,178,5,2,4
n4566,n4566,1,178,5,2,5
n4567,n4567,1,178,5,2,6
n4568,n4568,1,178,5,2,7
n4569,n4569,1,178,5,2,8
n4570,n4570,1,179,1,1,1
n4571,n4571,1,179,1,1,2
n4572,n4572,1,179,1,1,3
n4573,n4573,1,179,1,1,4
n4574,n4574,1,179,1,1,5
n4575,n4575,1,179,1,1,6
n4576,n4576,1,179,1,1,7
n4577,n4577,1,179,1,1,8
n4578,n4578,1,179,1,1,9
n4579,n4579,1,179,1,1,10
n4580,n4580,1,179,1,1,11
n4581,n4581,1,179,1,1,12
n4582,n4582,1,179,5,2,1
n4583,n4583,1,179,5,2,2
n4584,n4584,1,179,5,2,3
n4585,n4585,1,179,5,2,4
n4586,n4586,1,179,5,2,5
n4587,n4587,1,179,5,2,6
n4588,n4588,1,179,5,2,7
n4589,n4589,1,179,5,2,8
n4590,n4590,1,180,1,1,1
n4591,n4591,1,180,1,1,2
n4592,n4592,1,180,1,1,3
n4593,n4593,1,180,1,1,4
n4594,n4594,1,180,1,1,5
n4595,n4595,1,180,1,1,6
n4596,n4596,1,180,1,1,7
n4597,n4597,1,180,1,1,8
n4598,n4598,1,180,1,1,9
n4599,n4599,1,180,1,1,10
n4600,n4600,1,180,1,1,11
n4601,n4601,1,180,1,1,12
n4602,n4602,1,180,5,2,1
n4603,n4603,1,180,5,2,2
n4604,n4604,1,180,5,2,3
n4605,n4605,1,180,5,2,4
n4606,n4606,1,180,5,2,5
n4607,n4607,1,180,5,2,6
n4608,n4608,1,180,5,2,7
n4609,n4609,1,180,5,2,8
n4610,n4610,1,181,1,1,1
n4611,n4611,1,181,1,1,2
n4612,n4612,1,181,1,1,3
n4613,n4613,1,181,1,1,4
n4614,n4614,1,181,1,1,5
n4615,n4615,1,181,1,1,6
n4616,n4616,1,181,1,1,7
n4617,n4617,1,181,1,1,8
n4618,n4618,1,181,1,1,9
n4619,n4619,1,181,5,2,1
n4620,n4620,1,181,5,2,2
n4621,n4621,1,181,5,2,3
n4622,n4622,1,181,5,2,4
n4623,n4623,1,181,5,2,5
n4624,n4624,1,181,5,2,6
n4625,n4625,1,181,5,2,7
n4626,n4626,1,181,5,2,8
n4627,n4627,1,182,1,1,1
n4628,n4628,1,182,1,1,2
n4629,n4629,1,182,1,1,3
n4630,n4630,1,182,1,1,4
n4631,n4631,1,182,1,1,5
n4632,n4632,1,182,1,1,6
n4633,n4633,1,182,1,1,7
n4634,n4634,1,182,1,1,8
n4635,n4635,1,182,5,2,1
n4636,n4636,1,182,5,2,2
n4637,n4637,1,182,5,2,3
n4638,n4638,1,182,5,2,4
n4639,n4639,1,182,5,2,5
n4640,n4640,1,182,5,2,6
n4641,n4641,1,182,5,2,7
n4642,n4642,1,182,5,2,8
n4643,n4643,1,183,1,1,1
n4644,n4644,1,183,1,1,2
n4645,n4645,1,183,1,1,3
n4646,n4646,1,183,1,1,4
n4647,n4647,1,183,1,1,5
n4648,n4648,1,183,1,1,6
n4649,n4649,1,183,1,1,7
n4650,n4650,1,183,1,1,8
n4651,n4651,1,183,5,2,1
n4652,n4652,1,183,5,2,2
n4653,n4653,1,183,5,2,3
n4654,n4654,1,183,5,2,4
n4655,n4655,1,183,5,2,5
n4656,n4656,1,183,5,2,6
n4657,n4657,1,183,5,2,7
n4658,n4658,1,183,5,2,8
n4659,n4659,1,184,1,1,1
n4660,n4660,1,184,1,1,2
n4661,n4661,1,184,1,1,3
n4662,n4662,1,184,1,1,4
n4663,n4663,1,184,1,1,5
n4664,n4664,1,184,1,1,6
n4665,n4665,1,184,1,1,7
n4666,n4666,1,184,1,1,8
n4667,n4667,1,184,5,2,1
n4668,n4668,1,184,5,2,2
n4669,n4669,1,184,5,2,3
n4670,n4670,1,184,5,2,4
n4671,n4671,1,184,5,2,5
n4672,n4672,1,184,5,2,6
n4673,n4673,1,184,5,2,7
n4674,n4674,1,184,5,2,8
n4675,n4675,1,185,1,1,1
n4676,n4676,1,185,1,1,2
n4677,n4677,1,185,1,1,3
n4678,n4678,1,185,1,1,4
n4679,n4679,1,185,1,1,5
n4680,n4680,1,185,1,1,6
n4681,n4681,1,185,1,1,7
n4682,n4682,1,185,1,1,8
n4683,n4683,1,185,1,1,9
n4684,n4684,1,185,1,1,10
n4685,n4685,1,185,1,1,11
n4686,n4686,1,185,5,2,1
n4687,n4687,1,185,5,2,2
n4688,n4688,1,185,5,2,3
n4689,n4689,1,185,5,2,4
n4690,n4690,1,185,5,2,5
n4691,n4691,1,185,5,2,6
n4692,n4692,1,185,5,2,7
n4693,n4693,1,185,5,2,8
n4694,n4694,1,186,1,1,1
n4695,n4695,1,186,1,1,2
n4696,n4696,1,186,1,1,3
n4697,n4697,1,186,1,1,4
n4698,n4698,1,186,1,1,5
n4699,n4699,1,186,1,1,6
n4700,n4700,1,186,1,1,7
n4701,n4701,1,186,1,1,8
n4702,n4702,1,186,1,1,9
n4703,n4703,1,186,1,1,10
n4704,n4704,1,186,1,1,11
n4705,n4705,1,186,1,1,12
n4706,n4706,1,186,1,1,13
n4707,n4707,1,186,1,1,14
n4708,n4708,1,186,5,2,1
n4709,n4709,1,186,5,2,2
n4710,n4710,1,186,5,2,3
n4711,n4711,1,186,5,2,4
n4712,n4712,1,186,5,2,5
n4713,n4713,1,186,5,2,6
n4714,n4714,1,187,1,1,1
n4715,n4715,1,187,1,1,2
n4716,n4716,1,187,1,1,3
n4717,n4717,1,187,1,1,4
n4718,n4718,1,187,1,1,5
n4719,n4719,1,187,1,1,6
n4720,n4720,1,187,1,1,7
n4721,n4721,1,187,1,1,8
n4722,n4722,1,187,5,2,1
n4723,n4723,1,187,5,2,2
n4724,n4724,1,187,5,2,3
n4725,n4725,1,187,5,2,4
n4726,n4726,1,187,5,2,5
n4727,n4727,1,187,5,2,6
n4728,n4728,1,188,1,1,1
n4729,n4729,1,188,1,1,2
n4730,n4730,1,188,1,1,3
n4731,n4731,1,188,1,1,4
n4732,n4732,1,188,1,1,5
n4733,n4733,1,188,1,1,6
n4734,n4734,1,188,1,1,7
n4735,n4735,1,188,1,1,8
n4736,n4736,1,188,5,2,1
n4737,n4737,1,188,5,2,2
n4738,n4738,1,188,5,2,3
n4739,n4739,1,188,5,2,4
n4740,n4740,1,188,5,2,5
n4741,n4741,1,188,5,2,6
n4742,n4742,1,189,1,1,1
n4743,n4743,1,189,1,1,2
n4744,n4744,1,189,1,1,3
n4745,n4745,1,189,1,1,4
n4746,n4746,1,189,1,1,5
n4747,n4747,1,189,1,1,6
n4748,n4748,1,189,1,1,7
n4749,n4749,1,189,1,1,8
n4750,n4750,1,189,1,1,9
n4751,n4751,1,189,1,1,10
n4752,n4752,1,189,1,1,11
n4753,n4753,1,189,1,1,12
n4754,n4754,1,189,2,1,1
n4755,n4755,1,189,2,1,2
n4756,n4756,1,189,5,2,1
n4757,n4757,1,189,5,2,2
n4758,n4758,1,189,5,2,3
n4759,n4759,1,189,5,2,4
n4760,n4760,1,189,5,2,5
n4761,n4761,1,189,5,2,6
n4762,n4762,1,189,5,2,7
n4763,n4763,1,189,5,2,8
n4764,n4764,1,189,5,2,9
n4765,n4765,1,189,5,2,10
n4766,n4766,1,189,5,2,11
n4767,n4767,1,189,5,2,12
n4768,n4768,1,189,5,2,13
n4769,n4769,1,189,5,2,14
n4770,n4770,1,189,5,2,15
n4771,n4771,1,189,5,2,16
n4772,n4772,1,189,6,2,1
n4773,n4773,1,189,6,2,2
n4774,n4774,1,189,6,2,3
n4775,n4775,1,189,6,2,4
n4776,n4776,1,189,6,2,5
n4777,n4777,1,189,6,2,6
n4778,n4778,1,190,1,1,1
n4779,n4779,1,190,1,1,2
n4780,n4780,1,190,1,1,3
n4781,n4781,1,190,1,1,4
n4782,n4782,1,190,1,1,5
n4783,n4783,1,190,1,1,6
n4784,n4784,1,190,5,2,1
n4785,n4785,1,190,5,2,2
n4786,n4786,1,190,5,2,3
n4787,n4787,1,190,5,2,4
n4788,n4788,1,190,5,2,5
n4789,n4789,1,190,5,2,6
n4790,n4790,1,190,5,2,7
n4791,n4791,1,190,5,2,8
n4792,n4792,1,190,5,2,9
n4793,n4793,1,190,5,2,10
n4794,n4794,1,190,5,2,11
n4795,n4795,1,190,5,2,12
n4796,n4796,1,190,6,2,1
n4797,n4797,1,190,6,2,2
n4798,n4798,1,190,6,2,3
n4799,n4799,1,190,6,2,4
n4800,n4800,1,190,6,2,5
n4801,n4801,1,190,6,2,6
n4802,n4802,1,190,6,2,7
n4803,n4803,1,190,6,2,8
n4804,n4804,1,191,1,1,1
n4805,n4805,1,191,1,1,2
n4806,n4806,1,191,1,1,3
n4807,n4807,1,191,1,1,4
n4808,n4808,1,191,1,1,5
n4809,n4809,1,191,1,1,6
n4810,n4810,1,191,1,1,7
n4811,n4811,1,191,1,1,8
n4812,n4812,1,191,1,1,9
n4813,n4813,1,191,1,1,10
n4814,n4814,1,191,1,1,11
n4815,n4815,1,191,1,1,12
n4816,n4816,1,191,1,1,13
n4817,n4817,1,191,1,1,14
n4818,n4818,1,191,1,1,15
n4819,n4819,1,191,1,1,16
n4820,n4820,1,191,1,1,17
n4821,n4821,1,191,1,1,18
n4822,n4822,1,191,1,1,19
n4823,n4823,1,191,1,1,20
n4824,n4824,1,191,1,1,21
n4825,n4825,1,191,5,2,1
n4826,n4826,1,191,5,2,2
n4827,n4827,1,191,5,2,3
n4828,n4828,1,191,5,2,4
n4829,n4829,1,191,5,2,5
n4830,n4830,1,191,5,2,6
n4831,n4831,1,191,5,2,7
n4832,n4832,1,191,5,2,8
n4833,n4833,1,191,5,2,9
n4834,n4834,1,191,5,2,10
n4835,n4835,1,191,5,2,11
n4836,n4836,1,191,5,2,12
n4837,n4837,1,191,5,2,13
n4838,n4838,1,191,5,2,14
n4839,n4839,1,191,5,2,15
n4840,n4840,1,191,5,2,16
n4841,n4841,1,191,6,2,1
n4842,n4842,1,192,1,1,1
n4843,n4843,1,192,1,1,2
n4844,n4844,1,192,1,1,3
n4845,n4845,1,192,1,1,4
n4846,n4846,1,192,1,1,5
n4847,n4847,1,192,1,1,6
n4848,n4848,1,192,1,1,7
n4849,n4849,1,192,1,1,8
n4850,n4850,1,192,1,1,9
n4851,n4851,1,192,1,1,10
n4852,n4852,1,192,5,2,1
n4853,n4853,1,192,5,2,2
n4854,n4854,1,192,5,2,3
n4855,n4855,1,192,5,2,4
n4856,n4856,1,192,5,2,5
n4857,n4857,1,192,5,2,6
n4858,n4858,1,192,5,2,7
n4859,n4859,1,192,5,2,8
n4860,n4860,1,192,5,2,9
n4861,n4861,1,192,5,2,10
n4862,n4862,1,192,5,2,11
n4863,n4863,1,192,5,2,12
n4864,n4864,1,192,5,2,13
n4865,n4865,1,192,6,2,1
n4866,n4866,1,192,6,2,2
n4867,n4867,1,192,6,2,3
n4868,n4868,1,192,6,2,4
n4869,n4869,1,192,6,2,5
n4870,n4870,1,192,6,2,6
n4871,n4871,1,192,6,2,7
n4872,n4872,1,192,6,2,8
n4873,n4873,1,193,1,1,1
n4874,n4874,1,193,1,1,2
n4875,n4875,1,193,1,1,3
n4876,n4876,1,193,1,1,4
n4877,n4877,1,193,1,1,5
n4878,n4878,1,193,1,1,6
n4879,n4879,1,193,1,1,7
n4880,n4880,1,193,1,1,8
n4881,n4881,1,193,1,1,9
n4882,n4882,1,193,1,1,10
n4883,n4883,1,193,1,1,11
n4884,n4884,1,193,1,1,12
n4885,n4885,1,193,2,1,1
n4886,n4886,1,193,2,1,2
n4887,n4887,1,193,5,2,1
n4888,n4888,1,193,5,2,2
n4889,n4889,1,193,5,2,3
n4890,n4890,1,193,5,2,4
n4891,n4891,1,193,5,2,5
n4892,n4892,1,193,5,2,6
n4893,n4893,1,193,5,2,7
n4894,n4894,1,193,5,2,8
n4895,n4895,1,193,5,2,9
n4896,n4896,1,193,5,2,10
n4897,n4897,1,193,5,2,11
n4898,n4898,1,193,5,2,12
n4899,n4899,1,193,5,2,13
n4900,n4900,1,193,5,2,14
n4901,n4901,1,193,5,2,15
n4902,n4902,1,193,5,2,16
n4903,n4903,1,193,6,2,1
n4904,n4904,1,193,6,2,2
n4905,n4905,1,193,6,2,3
n4906,n4906,1,193,6,2,4
n4907,n4907,1,193,6,2,5
n4908,n4908,1,193,6,2,6
n4909,n4909,1,194,1,1,1
n4910,n4910,1,194,1,1,2
n4911,n4911,1,194,1,1,3
n4912,n4912,1,194,1,1,4
n4913,n4913,1,194,1,1,5
n4914,n4914,1,194,1,1,6
n4915,n4915,1,194,5,2,1
n4916,n4916,1,194,5,2,2
n4917,n4917,1,194,5,2,3
n4918,n4918,1,194,5,2,4
n4919,n4919,1,194,5,2,5
n4920,n4920,1,194,5,2,6
n4921,n4921,1,194,5,2,7
n4922,n4922,1,194,5,2,8
n4923,n4923,1,194,5,2,9
n4924,n4924,1,194,5,2,10
n4925,n4925,1,194,5,2,11
n4926,n4926,1,194,5,2,12
n4927,n4927,1,194,6,2,1
n4928,n4928,1,194,6,2,2
n4929,n4929,1,194,6,2,3
n4930,n4930,1,194,6,2,4
n4931,n4931,1,194,6,2,5
n4932,n4932,1,194,6,2,6
n4933,n4933,1,194,6,2,7
n4934,n4934,1,194,6,2,8
n4935,n4935,1,195,1,1,1
n4936,n4936,1,195,1,1,2
n4937,n4937,1,195,1,1,3
n4938,n4938,1,195,1,1,4
n4939,n4939,1,195,1,1,5
n4940,n4940,1,195,1,1,6
n4941,n4941,1,195,1,1,7
n4942,n4942,1,195,1,1,8
n4943,n4943,1,195,1,1,9
n4944,n4944,1,195,1,1,10
n4945,n4945,1,195,1,1,11
n4946,n4946,1,195,1,1,12
n4947,n4947,1,195,1,1,13
n4948,n4948,1,195,1,1,14
n4949,n4949,1,195,1,1,15
n4950,n4950,1,195,2,1,1
n4951,n4951,1,195,2,1,2
n4952,n4952,1,195,2,1,3
n4953,n4953,1,195,2,1,4
n4954,n4954,1,195,2,1,5
n4955,n4955,1,195,2,1,6
n4956,n4956,1,195,5,2,1
n4957,n4957,1,195,5,2,2
n4958,n4958,1,195,5,2,3
n4959,n4959,1,195,5,2,4
n4960,n4960,1,195,5,2,5
n4961,n4961,1,195,5,2,6
n4962,n4962,1,195,5,2,7
n4963,n4963,1,195,5,2,8
n4964,n4964,1,195,5,2,9
n4965,n4965,1,195,5,2,10
n4966,n4966,1,195,6,2,1
n4967,n4967,1,196,1,1,1
n4968,n4968,1,196,1,1,2
n4969,n4969,1,196,1,1,3
n4970,n4970,1,196,1,1,4
n4971,n4971,1,196,1,1,5
n4972,n4972,1,196,1,1,6
n4973,n4973,1,196,1,1,7
n4974,n4974,1,196,1,1,8
n4975,n4975,1,196,1,1,9
n4976,n4976,1,196,5,2,1
n4977,n4977,1,196,5,2,2
n4978,n4978,1,196,5,2,3
n4979,n4979,1,196,5,2,4
n4980,n4980,1,196,5,2,5
n4981,n4981,1,196,5,2,6
n4982,n4982,1,196,5,2,7
n4983,n4983,1,196,5,2,8
n4984,n4984,1,196,5,2,9
n4985,n4985,1,196,5,2,10
n4986,n4986,1,196,5,2,11
n4987,n4987,1,196,6,2,1
n4988,n4988,1,196,6,2,2
n4989,n4989,1,196,6,2,3
n4990,n4990,1,196,6,2,4
n4991,n4991,1,196,6,2,5
n4992,n4992,1,196,6,2,6
n4993,n4993,1,196,6,2,7
n4994,n4994,1,196,6,2,8
n4995,n4995,1,197,1,1,1
n4996,n4996,1,197,1,1,2
n4997,n4997,1,197,1,1,3
n4998,n4998,1,197,1,1,4
n4999,n4999,1,197,1,1,5
n5000,n5000,1,197,1,1,6
n5001,n5001,1,197,2,1,1
n5002,n5002,1,197,2,1,2
n5003,n5003,1,197,2,1,3
n5004,n5004,1,197,2,1,4
n5005,n5005,1,197,2,1,5
n5006,n5006,1,197,2,1,6
n5007,n5007,1,197,2,1,7
n5008,n5008,1,197,2,1,8
n5009,n5009,1,197,2,1,9
n5010,n5010,1,197,2,1,10
n5011,n5011,1,197,2,1,11
n5012,n5012,1,197,2,1,12
n5013,n5013,1,197,2,1,13
n5014,n5014,1,197,2,1,14
n5015,n5015,1,197,2,1,15
n5016,n5016,1,197,2,1,16
n5017,n5017,1,197,5,2,1
n5018,n5018,1,197,5,2,2
n5019,n5019,1,197,6,2,1
n5020,n5020,1,197,6,2,2
n5021,n5021,1,197,6,2,3
n5022,n5022,1,197,6,2,4
n5023,n5023,1,197,6,2,5
n5024,n5024,1,197,6,2,6
n5025,n5025,1,197,6,2,7
n5026,n5026,1,197,6,2,8
n5027,n5027,1,197,6,2,9
n5028,n5028,1,197,6,2,10
n5029,n5029,1,197,6,2,11
n5030,n5030,1,197,6,2,12
n5031,n5031,1,197,6,2,13
n5032,n5032,1,197,6,2,14
n5033,n5033,1,197,6,2,15
n5034,n5034,1,197,6,2,16
n5035,n5035,1,198,1,1,1
n5036,n5036,1,198,1,1,2
n5037,n5037,1,198,1,1,3
n5038,n5038,1,198,1,1,4
n5039,n5039,1,198,1,1,5
n5040,n5040,1,198,1,1,6
n5041,n5041,1,198,1,1,7
n5042,n5042,1,198,2,1,1
n5043,n5043,1,198,2,1,2
n5044,n5044,1,198,2,1,3
n5045,n5045,1,198,2,1,4
n5046,n5046,1,198,2,1,5
n5047,n5047,1,198,2,1,6
n5048,n5048,1,198,2,1,7
n5049,n5049,1,198,2,1,8
n5050,n5050,1,198,2,1,9
n5051,n5051,1,198,2,1,10
n5052,n5052,1,198,2,1,11
n5053,n5053,1,198,2,1,12
n5054,n5054,1,198,2,1,13
n5055,n5055,1,198,2,1,14
n5056,n5056,1,198,2,1,15
n5057,n5057,1,198,2,1,16
n5058,n5058,1,198,5,2,1
n5059,n5059,1,198,5,2,2
n5060,n5060,1,198,6,2,1
n5061,n5061,1,198,6,2,2
n5062,n5062,1,198,6,2,3
n5063,n5063,1,198,6,2,4
n5064,n5064,1,198,6,2,5
n5065,n5065,1,198,6,2,6
n5066,n5066,1,198,6,2,7
n5067,n5067,1,198,6,2,8
n5068,n5068,1,198,6,2,9
n5069,n5069,1,198,6,2,10
n5070,n5070,1,198,6,2,11
n5071,n5071,1,198,6,2,12
n5072,n5072,1,198,6,2,13
n5073,n5073,1,198,6,2,14
n5074,n5074,1,198,6,2,15
n5075,n5075,1,198,6,2,16
n5076,n5076,1,199,1,1,1
n5077,n5077,1,199,1,1,2
n5078,n5078,1,199,1,1,3
n5079,n5079,1,199,1,1,4
n5080,n5080,1,199,1,1,5
n5081,n5081,1,199,1,1,6
n5082,n5082,1,199,2,1,1
n5083,n5083,1,199,2,1,2
n5084,n5084,1,199,2,1,3
n5085,n5085,1,199,2,1,4
n5086,n5086,1,199,2,1,5
n5087,n5087,1,199,2,1,6
n5088,n5088,1,199,2,1,7
n5089,n5089,1,199,2,1,8
n5090,n5090,1,199,2,1,9
n5091,n5091,1,199,2,1,10
n5092,n5092,1,199,2,1,11
n5093,n5093,1,199,2,1,12
n5094,n5094,1,199,2,1,13
n5095,n5095,1,199,2,1,14
n5096,n5096,1,199,2,1,15
n5097,n5097,1,199,2,1,16
n5098,n5098,1,199,5,2,1
n5099,n5099,1,199,5,2,2
n5100,n5100,1,199,5,2,3
n5101,n5101,1,199,6,2,1
n5102,n5102,1,199,6,2,2
n5103,n5103,1,199,6,2,3
n5104,n5104,1,199,6,2,4
n5105,n5105,1,199,6,2,5
n5106,n5106,1,199,6,2,6
n5107,n5107,1,199,6,2,7
n5108,n5108,1,199,6,2,8
n5109,n5109,1,199,6,2,9
n5110,n5110,1,199,6,2,10
n5111,n5111,1,199,6,2,11
n5112,n5112,1,199,6,2,12
n5113,n5113,1,199,6,2,13
n5114,n5114,1,199,6,2,14
n5115,n5115,1,199,6,2,15
n5116,n5116,1,199,6,2,16
n5117,n5117,1,200,1,1,1
n5118,n5118,1,200,1,1,2
n5119,n5119,1,200,1,1,3
n5120,n5120,1,200,1,1,4
n5121,n5121,1,200,1,1,5
n5122,n5122,1,200,1,1,6
n5123,n5123,1,200,1,1,7
n5124,n5124,1,200,1,1,8
n5125,n5125,1,200,1,1,9
n5126,n5126,1,200,1,1,10
n5127,n5127,1,200,2,1,1
n5128,n5128,1,200,2,1,2
n5129,n5129,1,200,2,1,3
n5130,n5130,1,200,2,1,4
n5131,n5131,1,200,2,1,5
n5132,n5132,1,200,2,1,6
n5133,n5133,1,200,2,1,7
n5134,n5134,1,200,5,2,1
n5135,n5135,1,200,5,2,2
n5136,n5136,1,200,5,2,3
n5137,n5137,1,200,6,2,1
n5138,n5138,1,200,6,2,2
n5139,n5139,1,200,6,2,3
n5140,n5140,1,200,6,2,4
n5141,n5141,1,200,6,2,5
n5142,n5142,1,200,6,2,6
n5143,n5143,1,200,6,2,7
n5144,n5144,1,200,6,2,8
n5145,n5145,1,201,1,1,1
n5146,n5146,1,201,1,1,2
n5147,n5147,1,201,1,1,3
n5148,n5148,1,201,1,1,4
n5149,n5149,1,201,1,1,5
n5150,n5150,1,201,1,1,6
n5151,n5151,1,201,1,1,7
n5152,n5152,1,201,1,1,8
n5153,n5153,1,201,2,1,1
n5154,n5154,1,201,2,1,2
n5155,n5155,1,201,2,1,3
n5156,n5156,1,201,2,1,4
n5157,n5157,1,201,2,1,5
n5158,n5158,1,201,5,2,1
n5159,n5159,1,201,5,2,2
n5160,n5160,1,201,5,2,3
n5161,n5161,1,201,5,2,4
n5162,n5162,1,201,6,2,1
n5163,n5163,1,201,6,2,2
n5164,n5164,1,201,6,2,3
n5165,n5165,1,201,6,2,4
n5166,n5166,1,201,6,2,5
n5167,n5167,1,201,6,2,6
n5168,n5168,1,201,6,2,7
n5169,n5169,1,201,6,2,8
n5170,n5170,1,201,6,2,9
n5171,n5171,1,201,6,2,10
n5172,n5172,1,201,6,2,11
n5173,n5173,1,201,6,2,12
n5174,n5174,1,201,6,2,13
n5175,n5175,1,202,1,1,1
n5176,n5176,1,202,1,1,2
n5177,n5177,1,202,1,1,3
n5178,n5178,1,202,1,1,4
n5179,n5179,1,202,1,1,5
n5180,n5180,1,202,1,1,6
n5181,n5181,1,202,2,1,1
n5182,n5182,1,202,2,1,2
n5183,n5183,1,202,2,1,3
n5184,n5184,1,202,2,1,4
n5185,n5185,1,202,2,1,5
n5186,n5186,1,202,2,1,6
n5187,n5187,1,202,2,1,7
n5188,n5188,1,202,2,1,8
n5189,n5189,1,202,2,1,9
n5190,n5190,1,202,2,1,10
n5191,n5191,1,202,2,1,11
n5192,n5192,1,202,2,1,12
n5193,n5193,1,202,2,1,13
n5194,n5194,1,202,2,1,14
n5195,n5195,1,202,2,1,15
n5196,n5196,1,202,2,1,16
n5197,n5197,1,202,5,2,1
n5198,n5198,1,202,5,2,2
n5199,n5199,1,202,6,2,1
n5200,n5200,1,202,6,2,2
n5201,n5201,1,202,6,2,3
n5202,n5202,1,202,6,2,4
n5203,n5203,1,202,6,2,5
n5204,n5204,1,202,6,2,6
n5205,n5205,1,202,6,2,7
n5206,n5206,1,202,6,2,8
n5207,n5207,1,202,6,2,9
n5208,n5208,1,202,6,2,10
n5209,n5209,1,202,6,2,11
n5210,n5210,1,202,6,2,12
n5211,n5211,1,202,6,2,13
n5212,n5212,1,202,6,2,14
n5213,n5213,1,202,6,2,15
n5214,n5214,1,202,6,2,16
n5215,n5215,1,203,1,1,1
n5216,n5216,1,203,1,1,2
n5217,n5217,1,203,1,1,3
n5218,n5218,1,203,1,1,4
n5219,n5219,1,203,1,1,5
n5220,n5220,1,203,1,1,6
n5221,n5221,1,203,1,1,7
n5222,n5222,1,203,2,1,1
n5223,n5223,1,203,2,1,2
n5224,n5224,1,203,2,1,3
n5225,n5225,1,203,2,1,4
n5226,n5226,1,203,2,1,5
n5227,n5227,1,203,2,1,6
n5228,n5228,1,203,2,1,7
n5229,n5229,1,203,2,1,8
n5230,n5230,1,203,2,1,9
n5231,n5231,1,203,2,1,10
n5232,n5232,1,203,2,1,11
n5233,n5233,1,203,2,1,12
n5234,n5234,1,203,2,1,13
n5235,n5235,1,203,2,1,14
n5236,n5236,1,203,2,1,15
n5237,n5237,1,203,2,1,16
n5238,n5238,1,203,5,2,1
n5239,n5239,1,203,5,2,2
n5240,n5240,1,203,5,2,3
n5241,n5241,1,203,6,2,1
n5242,n5242,1,203,6,2,2
n5243,n5243,1,203,6,2,3
n5244,n5244,1,203,6,2,4
n5245,n5245,1,203,6,2,5
n5246,n5246,1,203,6,2,6
n5247,n5247,1,203,6,2,7
n5248,n5248,1,203,6,2,8
n5249,n5249,1,203,6,2,9
n5250,n5250,1,203,6,2,10
n5251,n5251,1,203,6,2,11
n5252,n5252,1,203,6,2,12
n5253,n5253,1,203,6,2,13
n5254,n5254,1,203,6,2,14
n5255,n5255,1,203,6,2,15
n5256,n5256,1,203,6,2,16
n5257,n5257,1,204,1,1,1
n5258,n5258,1,204,1,1,2
n5259,n5259,1,204,1,1,3
n5260,n5260,1,204,1,1,4
n5261,n5261,1,204,1,1,5
n5262,n5262,1,204,1,1,6
n5263,n5263,1,204,2,1,1
n5264,n5264,1,204,2,1,2
n5265,n5265,1,204,2,1,3
n5266,n5266,1,204,2,1,4
n5267,n5267,1,204,2,1,5
n5268,n5268,1,204,2,1,6
n5269,n5269,1,204,2,1,7
n5270,n5270,1,204,2,1,8
n5271,n5271,1,204,2,1,9
n5272,n5272,1,204,2,1,10
n5273,n5273,1,204,2,1,11
n5274,n5274,1,204,2,1,12
n5275,n5275,1,204,2,1,13
n5276,n5276,1,204,2,1,14
n5277,n5277,1,204,2,1,15
n5278,n5278,1,204,2,1,16
n5279,n5279,1,204,5,2,1
n5280,n5280,1,204,5,2,2
n5281,n5281,1,204,5,2,3
n5282,n5282,1,204,5,2,4
n5283,n5283,1,204,5,2,5
n5284,n5284,1,204,5,2,6
n5285,n5285,1,204,6,2,1
n5286,n5286,1,204,6,2,2
n5287,n5287,1,204,6,2,3
n5288,n5288,1,204,6,2,4
n5289,n5289,1,204,6,2,5
n5290,n5290,1,204,6,2,6
n5291,n5291,1,204,6,2,7
n5292,n5292,1,204,6,2,8
n5293,n5293,1,204,6,2,9
n5294,n5294,1,204,6,2,10
n5295,n5295,1,204,6,2,11
n5296,n5296,1,204,6,2,12
n5297,n5297,1,204,6,2,13
n5298,n5298,1,204,6,2,14
n5299,n5299,1,204,6,2,15
n5300,n5300,1,204,6,2,16
n5301,n5301,1,205,1,1,1
n5302,n5302,1,205,1,1,2
n5303,n5303,1,205,1,1,3
n5304,n5304,1,205,1,1,4
n5305,n5305,1,205,1,1,5
n5306,n5306,1,205,1,1,6
n5307,n5307,1,205,1,1,7
n5308,n5308,1,205,1,1,8
n5309,n5309,1,205,1,1,9
n5310,n5310,1,205,1,1,10
n5311,n5311,1,205,1,1,11
n5312,n5312,1,205,1,1,12
n5313,n5313,1,205,1,1,13
n5314,n5314,1,205,1,1,14
n5315,n5315,1,205,1,1,15
n5316,n5316,1,205,1,1,16
n5317,n5317,1,205,2,1,1
n5318,n5318,1,205,2,1,2
n5319,n5319,1,205,2,1,3
n5320,n5320,1,205,2,1,4
n5321,n5321,1,205,2,1,5
n5322,n5322,1,205,2,1,6
n5323,n5323,1,205,2,1,7
n5324,n5324,1,205,2,1,8
n5325,n5325,1,205,2,1,9
n5326,n5326,1,205,2,2,1
n5327,n5327,1,205,2,2,2
n5328,n5328,1,205,2,2,3
n5329,n5329,1,205,2,2,4
n5330,n5330,1,205,2,2,5
n5331,n5331,1,205,2,2,6
n5332,n5332,1,205,5,2,1
n5333,n5333,1,205,5,2,2
n5334,n5334,1,205,5,2,3
n5335,n5335,1,205,5,2,4
n5336,n5336,1,205,5,2,5
n5337,n5337,1,205,5,2,6
n5338,n5338,1,205,6,2,1
n5339,n5339,1,205,6,2,2
n5340,n5340,1,206,1,1,1
n5341,n5341,1,206,1,1,2
n5342,n5342,1,206,1,1,3
n5343,n5343,1,206,1,1,4
n5344,n5344,1,206,1,1,5
n5345,n5345,1,206,1,1,6
n5346,n5346,1,206,1,1,7
n5347,n5347,1,206,1,1,8
n5348,n5348,1,206,1,1,9
n5349,n5349,1,206,1,1,10
n5350,n5350,1,206,1,1,11
n5351,n5351,1,206,1,1,12
n5352,n5352,1,206,1,1,13
n5353,n5353,1,206,5,2,1
n5354,n5354,1,206,5,2,2
n5355,n5355,1,206,5,2,3
n5356,n5356,1,206,5,2,4
n5357,n5357,1,206,5,2,5
n5358,n5358,1,206,5,2,6
n5359,n5359,1,206,5,2,7
n5360,n5360,1,206,5,2,8
n5361,n5361,1,206,5,2,9
n5362,n5362,1,206,5,2,10
n5363,n5363,1,206,5,2,11
n5364,n5364,1,206,5,2,12
n5365,n5365,1,207,1,1,1
n5366,n5366,1,207,1,1,2
n5367,n5367,1,207,1,1,3
n5368,n5368,1,207,1,1,4
n5369,n5369,1,207,1,1,5
n5370,n5370,1,207,1,1,6
n5371,n5371,1,207,1,1,7
n5372,n5372,1,207,1,1,8
n5373,n5373,1,207,1,1,9
n5374,n5374,1,207,1,1,10
n5375,n5375,1,207,1,1,11
n5376,n5376,1,207,1,1,12
n5377,n5377,1,207,1,1,13
n5378,n5378,1,207,5,2,1
n5379,n5379,1,207,5,2,2
n5380,n5380,1,207,5,2,3
n5381,n5381,1,207,5,2,4
n5382,n5382,1,208,1,1,1
n5383,n5383,1,208,1,1,2
n5384,n5384,1,208,1,1,3
n5385,n5385,1,208,1,1,4
n5386,n5386,1,208,1,1,5
n5387,n5387,1,208,1,1,6
n5388,n5388,1,208,1,1,7
n5389,n5389,1,208,1,1,8
n5390,n5390,1,208,1,1,9
n5391,n5391,1,208,1,1,10
n5392,n5392,1,208,1,1,11
n5393,n5393,1,208,1,1,12
n5394,n5394,1,208,1,1,13
n5395,n5395,1,208,5,2,1
n5396,n5396,1,208,5,2,2
n5397,n5397,1,208,5,2,3
n5398,n5398,1,208,5,2,4
n5399,n5399,1,208,5,2,5
n5400,n5400,1,208,5,2,6
n5401,n5401,1,208,5,2,7
n5402,n5402,1,208,5,2,8
n5403,n5403,1,208,5,2,9
n5404,n5404,1,208,5,2,10
n5405,n5405,1,208,5,2,11
n5406,n5406,1,208,5,2,12
n5407,n5407,1,208,5,2,13
n5408,n5408,1,208,5,2,14
n5409,n5409,1,208,5,2,15
n5410,n5410,1,208,5,2,16
n5411,n5411,1,208,5,2,17
n5412,n5412,1,208,5,2,18
n5413,n5413,1,209,1,1,1
n5414,n5414,1,209,1,1,2
n5415,n5415,1,209,1,1,3
n5416,n5416,1,209,1,1,4
n5417,n5417,1,209,1,1,5
n5418,n5418,1,209,1,1,6
n5419,n5419,1,209,1,1,7
n5420,n5420,1,209,1,1,8
n5421,n5421,1,209,1,1,9
n5422,n5422,1,209,1,1,10
n5423,n5423,1,209,1,1,11
n5424,n5424,1,209,1,1,12
n5425,n5425,1,209,1,1,13
n5426,n5426,1,209,1,1,14
n5427,n5427,1,209,1,1,15
n5428,n5428,1,209,1,1,16
n5429,n5429,1,209,1,1,17
n5430,n5430,1,209,5,2,1
n5431,n5431,1,209,5,2,2
n5432,n5432,1,209,5,2,3
n5433,n5433,1,209,5,2,4
n5434,n5434,1,209,5,2,5
n5435,n5435,1,209,5,2,6
n5436,n5436,1,209,5,2,7
n5437,n5437,1,209,5,2,8
n5438,n5438,1,209,5,2,9
n5439,n5439,1,209,5,2,10
n5440,n5440,1,209,5,2,11
n5441,n5441,1,209,5,2,12
n5442,n5442,1,209,5,2,13
n5443,n5443,1,209,5,2,14
n5444,n5444,1,209,5,2,15
n5445,n5445,1,209,5,2,16
n5446,n5446,1,209,5,2,17
n5447,n5447,1,209,5,2,18
n5448,n5448,1,209,5,2,19
n5449,n5449,1,209,5,2,20
n5450,n5450,1,209,5,2,21
n5451,n5451,1,209,5,2,22
n5452,n5452,1,209,5,2,23
n5453,n5453,1,209,5,2,24
n5454,n5454,1,209,5,2,25
n5455,n5455,1,209,5,2,26
n5456,n5456,1,209,5,2,27
n5457,n5457,1,209,5,2,28
n5458,n5458,1,209,5,2,29
n5459,n5459,1,209,5,2,30
n5460,n5460,1,209,5,2,31
n5461,n5461,1,209,5,2,32
n5462,n5462,1,210,1,1,1
n5463,n5463,1,210,1,1,2
n5464,n5464,1,210,1,1,3
n5465,n5465,1,210,1,1,4
n5466,n5466,1,210,1,1,5
n5467,n5467,1,210,1,1,6
n5468,n5468,1,210,1,1,7
n5469,n5469,1,210,1,1,8
n5470,n5470,1,210,1,1,9
n5471,n5471,1,210,1,1,10
n5472,n5472,1,210,1,1,11
n5473,n5473,1,210,1,1,12
n5474,n5474,1,210,1,1,13
n5475,n5475,1,210,1,1,14
n5476,n5476,1,210,1,1,15
n5477,n5477,1,210,1,1,16
n5478,n5478,1,210,1,1,17
n5479,n5479,1,210,1,1,18
n5480,n5480,1,210,1,1,19
n5481,n5481,1,210,1,1,20
n5482,n5482,1,210,1,1,21
n5483,n5483,1,210,1,1,22
n5484,n5484,1,210,1,1,23
n5485,n5485,1,210,1,1,24
n5486,n5486,1,210,1,1,25
n5487,n5487,1,210,1,1,26
n5488,n5488,1,210,1,1,27
n5489,n5489,1,210,1,1,28
n5490,n5490,1,210,1,1,29
n5491,n5491,1,210,1,1,30
n5492,n5492,1,210,1,1,31
n5493,n5493,1,210,1,1,32
n5494,n5494,1,210,1,1,33
n5495,n5495,1,210,1,1,34
n5496,n5496,1,210,1,1,35
n5497,n5497,1,210,1,1,36
n5498,n5498,1,210,5,2,1
n5499,n5499,1,210,5,2,2
n5500,n5500,1,210,5,2,3
n5501,n5501,1,210,5,2,4
n5502,n5502,1,210,5,2,5
n5503,n5503,1,210,5,2,6
n5504,n5504,1,210,5,2,7
n5505,n5505,1,210,5,2,8
n5506,n5506,1,210,5,2,9
n5507,n5507,1,210,5,2,10
n5508,n5508,1,210,5,2,11
n5509,n5509,1,210,5,2,12
n5510,n5510,1,210,5,2,13
n5511,n5511,1,210,5,2,14
n5512,n5512,1,210,5,2,15
n5513,n5513,1,210,5,2,16
n5514,n5514,1,210,5,2,17
n5515,n5515,1,210,5,2,18
n5516,n5516,1,210,5,2,19
n5517,n5517,1,210,5,2,20
n5518,n5518,1,210,5,2,21
n5519,n5519,1,210,5,2,22
n5520,n5520,1,210,5,2,23
n5521,n5521,1,210,5,2,24
n5522,n5522,1,210,5,2,25
n5523,n5523,1,210,5,2,26
n5524,n5524,1,211,1,1,1
n5525,n5525,1,211,1,1,2
n5526,n5526,1,211,1,1,3
n5527,n5527,1,211,1,1,4
n5528,n5528,1,211,1,1,5
n5529,n5529,1,211,1,1,6
n5530,n5530,1,211,1,1,7
n5531,n5531,1,211,1,1,8
n5532,n5532,1,211,1,1,9
n5533,n5533,1,211,1,1,10
n5534,n5534,1,211,1,1,11
n5535,n5535,1,211,1,1,12
n5536,n5536,1,211,1,1,13
n5537,n5537,1,211,1,1,14
n5538,n5538,1,211,1,1,15
n5539,n5539,1,211,1,1,16
n5540,n5540,1,211,1,1,17
n5541,n5541,1,211,1,1,18
n5542,n5542,1,211,1,1,19
n5543,n5543,1,211,1,1,20
n5544,n5544,1,211,1,1,21
n5545,n5545,1,211,1,1,22
n5546,n5546,1,211,1,1,23
n5547,n5547,1,211,1,1,24
n5548,n5548,1,211,1,1,25
n5549,n5549,1,211,1,1,26
n5550,n5550,1,211,1,1,27
n5551,n5551,1,211,1,1,28
n5552,n5552,1,211,1,1,29
n5553,n5553,1,211,1,1,30
n5554,n5554,1,211,1,1,31
n5555,n5555,1,211,1,1,32
n5556,n5556,1,211,1,1,33
n5557,n5557,1,211,1,1,34
n5558,n5558,1,211,1,1,35
n5559,n5559,1,211,1,1,36
n5560,n5560,1,211,1,1,37
n5561,n5561,1,211,1,1,38
n5562,n5562,1,211,1,1,39
n5563,n5563,1,211,1,1,40
n5564,n5564,1,211,1,1,41
n5565,n5565,1,211,1,1,42
n5566,n5566,1,211,1,1,43
n5567,n5567,1,211,1,1,44
n5568,n5568,1,211,1,1,45
n5569,n5569,1,211,5,2,1
n5570,n5570,1,211,5,2,2
n5571,n5571,1,211,5,2,3
n5572,n5572,1,211,5,2,4
n5573,n5573,1,211,5,2,5
n5574,n5574,1,211,5,2,6
n5575,n5575,1,211,5,2,7
n5576,n5576,1,211,5,2,8
n5577,n5577,1,211,5,2,9
n5578,n5578,1,211,5,2,10
n5579,n5579,1,211,5,2,11
n5580,n5580,1,211,5,2,12
n5581,n5581,1,211,5,2,13
n5582,n5582,1,211,5,2,14
n5583,n5583,1,211,5,2,15
n5584,n5584,1,211,5,2,16
n5585,n5585,1,211,5,2,17
n5586,n5586,1,211,5,2,18
n5587,n5587,1,211,5,2,19
n5588,n5588,1,211,5,2,20
n5589,n5589,1,211,5,2,21
n5590,n5590,1,211,5,2,22
n5591,n5591,1,211,5,2,23
n5592,n5592,1,211,5,2,24
n5593,n5593,1,211,5,2,25
n5594,n5594,1,211,5,2,26
n5595,n5595,1,211,5,2,27
n5596,n5596,1,211,5,2,28
n5597,n5597,1,211,5,2,29
n5598,n5598,1,211,5,2,30
n5599,n5599,1,211,5,2,31
n5600,n5600,1,211,5,2,32
n5601,n5601,1,212,1,1,1
n5602,n5602,1,212,1,1,2
n5603,n5603,1,212,1,1,3
n5604,n5604,1,212,1,1,4
n5605,n5605,1,212,1,1,5
n5606,n5606,1,212,1,1,6
n5607,n5607,1,212,1,1,7
n5608,n5608,1,212,1,1,8
n5609,n5609,1,212,1,1,9
n5610,n5610,1,212,1,1,10
n5611,n5611,1,212,1,1,11
n5612,n5612,1,212,1,1,12
n5613,n5613,1,212,1,1,13
n5614,n5614,1,212,1,1,14
n5615,n5615,1,212,1,1,15
n5616,n5616,1,212,1,1,16
n5617,n5617,1,212,1,1,17
n5618,n5618,1,212,1,1,18
n5619,n5619,1,212,1,1,19
n5620,n5620,1,212,1,1,20
n5621,n5621,1,212,1,1,21
n5622,n5622,1,212,1,1,22
n5623,n5623,1,212,1,1,23
n5624,n5624,1,212,1,1,24
n5625,n5625,1,212,1,1,25
n5626,n5626,1,212,1,1,26
n5627,n5627,1,212,1,1,27
n5628,n5628,1,212,1,1,28
n5629,n5629,1,212,1,1,29
n5630,n5630,1,212,1,1,30
n5631,n5631,1,212,1,1,31
n5632,n5632,1,212,1,1,32
n5633,n5633,1,212,1,1,33
n5634,n5634,1,212,1,1,34
n5635,n5635,1,212,1,1,35
n5636,n5636,1,212,1,1,36
n5637,n5637,1,212,1,1,37
n5638,n5638,1,212,1,1,38
n5639,n5639,1,212,1,1,39
n5640,n5640,1,212,1,1,40
n5641,n5641,1,212,1,1,41
n5642,n5642,1,212,1,1,42
n5643,n5643,1,212,1,1,43
n5644,n5644,1,212,1,1,44
n5645,n5645,1,212,1,1,45
n5646,n5646,1,212,1,1,46
n5647,n5647,1,212,1,1,47
n5648,n5648,1,212,1,1,48
n5649,n5649,1,212,1,1,49
n5650,n5650,1,212,1,1,50
n5651,n5651,1,212,1,1,51
n5652,n5652,1,212,1,1,52
n5653,n5653,1,212,1,1,53
n5654,n5654,1,212,1,1,54
n5655,n5655,1,212,1,1,55
n5656,n5656,1,212,1,1,56
n5657,n5657,1,212,1,1,57
n5658,n5658,1,212,1,1,58
n5659,n5659,1,212,1,1,59
n5660,n5660,1,212,1,1,60
n5661,n5661,1,212,1,1,61
n5662,n5662,1,212,1,1,62
n5663,n5663,1,212,1,1,63
n5664,n5664,1,212,1,1,64
n5665,n5665,1,212,1,1,65
n5666,n5666,1,212,1,1,66
n5667,n5667,1,212,1,1,67
n5668,n5668,1,212,1,1,68
n5669,n5669,1,212,5,2,1
n5670,n5670,1,212,5,2,2
n5671,n5671,1,212,5,2,3
n5672,n5672,1,212,5,2,4
n5673,n5673,1,212,5,2,5
n5674,n5674,1,212,5,2,6
n5675,n5675,1,212,5,2,7
n5676,n5676,1,212,5,2,8
n5677,n5677,1,212,5,2,9
n5678,n5678,1,212,5,2,10
n5679,n5679,1,212,5,2,11
n5680,n5680,1,212,5,2,12
n5681,n5681,1,212,5,2,13
n5682,n5682,1,212,5,2,14
n5683,n5683,1,212,5,2,15
n5684,n5684,1,212,5,2,16
n5685,n5685,1,212,5,2,17
n5686,n5686,1,212,5,2,18
n5687,n5687,1,212,5,2,19
n5688,n5688,1,212,5,2,20
n5689,n5689,1,212,5,2,21
n5690,n5690,1,212,5,2,22
n5691,n5691,1,212,5,2,23
n5692,n5692,1,212,5,2,24
n5693,n5693,1,212,5,2,25
n5694,n5694,1,212,5,2,26
n5695,n5695,1,212,5,2,27
n5696,n5696,1,212,5,2,28
n5697,n5697,1,212,5,2,29
n5698,n5698,1,212,5,2,30
n5699,n5699,1,212,5,2,31
n5700,n5700,1,212,5,2,32
n5701,n5701,1,212,5,2,33
n5702,n5702,1,212,5,2,34
n5703,n5703,1,212,5,2,35
n5704,n5704,1,212,5,2,36
n5705,n5705,1,212,5,2,37
n5706,n5706,1,212,5,2,38
n5707,n5707,1,212,5,2,39
n5708,n5708,1,213,1,1,1
n5709,n5709,1,213,1,1,2
n5710,n5710,1,213,1,1,3
n5711,n5711,1,213,1,1,4
n5712,n5712,1,213,1,1,5
n5713,n5713,1,213,1,1,6
n5714,n5714,1,213,1,1,7
n5715,n5715,1,213,1,1,8
n5716,n5716,1,213,1,1,9
n5717,n5717,1,213,1,1,10
n5718,n5718,1,213,1,1,11
n5719,n5719,1,213,1,1,12
n5720,n5720,1,213,1,1,13
n5721,n5721,1,213,1,1,14
n5722,n5722,1,213,1,1,15
n5723,n5723,1,213,1,1,16
n5724,n5724,1,213,1,1,17
n5725,n5725,1,213,1,1,18
n5726,n5726,1,213,1,1,19
n5727,n5727,1,213,1,1,20
n5728,n5728,1,213,1,1,21
n5729,n5729,1,213,1,1,22
n5730,n5730,1,213,1,1,23
n5731,n5731,1,213,1,1,24
n5732,n5732,1,213,1,1,25
n5733,n5733,1,213,1,1,26
n5734,n5734,1,213,1,1,27
n5735,n5735,1,213,1,1,28
n5736,n5736,1,213,1,1,29
n5737,n5737,1,213,1,1,30
n5738,n5738,1,213,1,1,31
n5739,n5739,1,213,1,1,32
n5740,n5740,1,213,1,1,33
n5741,n5741,1,213,1,1,34
n5742,n5742,1,213,1,1,35
n5743,n5743,1,213,1,1,36
n5744,n5744,1,213,1,1,37
n5745,n5745,1,213,1,1,38
n5746,n5746,1,213,1,1,39
n5747,n5747,1,213,1,1,40
n5748,n5748,1,213,1,1,41
n5749,n5749,1,213,1,1,42
n5750,n5750,1,213,1,1,43
n5751,n5751,1,213,1,1,44
n5752,n5752,1,213,1,1,45
n5753,n5753,1,213,1,1,46
n5754,n5754,1,213,1,1,47
n5755,n5755,1,213,1,1,48
n5756,n5756,1,213,1,1,49
n5757,n5757,1,213,1,1,50
n5758,n5758,1,213,1,1,51
n5759,n5759,1,213,1,1,52
n5760,n5760,1,213,1,1,53
n5761,n5761,1,213,1,1,54
n5762,n5762,1,213,1,1,55
n5763,n5763,1,213,1,1,56
n5764,n5764,1,213,1,1,57
n5765,n5765,1,213,1,1,58
n5766,n5766,1,213,1,1,59
n5767,n5767,1,213,1,1,60
n5768,n5768,1,213,5,2,1
n5769,n5769,1,213,5,2,2
n5770,n5770,1,213,5,2,3
n5771,n5771,1,213,5,2,4
n5772,n5772,1,213,5,2,5
n5773,n5773,1,213,5,2,6
n5774,n5774,1,213,5,2,7
n5775,n5775,1,213,5,2,8
n5776,n5776,1,213,5,2,9
n5777,n5777,1,213,5,2,10
n5778,n5778,1,213,5,2,11
n5779,n5779,1,213,5,2,12
n5780,n5780,1,213,5,2,13
n5781,n5781,1,213,5,2,14
n5782,n5782,1,213,5,2,15
n5783,n5783,1,213,5,2,16
n5784,n5784,1,214,1,1,1
n5785,n5785,1,214,1,1,2
n5786,n5786,1,214,1,1,3
n5787,n5787,1,214,1,1,4
n5788,n5788,1,214,1,1,5
n5789,n5789,1,214,1,1,6
n5790,n5790,1,214,1,1,7
n5791,n5791,1,214,1,1,8
n5792,n5792,1,214,1,1,9
n5793,n5793,1,214,1,1,10
n5794,n5794,1,214,1,1,11
n5795,n5795,1,214,1,1,12
n5796,n5796,1,214,5,2,1
n5797,n5797,1,214,5,2,2
n5798,n5798,1,214,5,2,3
n5799,n5799,1,214,5,2,4
n5800,n5800,1,214,5,2,5
n5801,n5801,1,214,5,2,6
n5802,n5802,1,214,5,2,7
n5803,n5803,1,214,5,2,8
n5804,n5804,1,214,5,2,9
n5805,n5805,1,214,5,2,10
n5806,n5806,1,214,5,2,11
n5807,n5807,1,214,5,2,12
n5808,n5808,1,214,5,2,13
n5809,n5809,1,214,5,2,14
n5810,n5810,1,214,5,2,15
n5811,n5811,1,214,5,2,16
n5812,n5812,1,214,5,2,17
n5813,n5813,1,214,5,2,18
n5814,n5814,1,214,5,2,19
n5815,n5815,1,214,5,2,20
n5816,n5816,1,214,5,2,21
n5817,n5817,1,214,5,2,22
n5818,n5818,1,214,5,2,23
n5819,n5819,1,214,5,2,24
n5820,n5820,1,215,1,1,1
n5821,n5821,1,215,1,1,2
n5822,n5822,1,215,1,1,3
n5823,n5823,1,215,1,1,4
n5824,n5824,1,215,1,1,5
n5825,n5825,1,215,1,1,6
n5826,n5826,1,215,1,1,7
n5827,n5827,1,215,1,1,8
n5828,n5828,1,215,1,1,9
n5829,n5829,1,215,1,1,10
n5830,n5830,1,215,1,1,11
n5831,n5831,1,215,1,1,12
n5832,n5832,1,215,1,1,13
n5833,n5833,1,215,1,1,14
n5834,n5834,1,215,1,1,15
n5835,n5835,1,215,1,1,16
n5836,n5836,1,215,5,2,1
n5837,n5837,1,215,5,2,2
n5838,n5838,1,215,5,2,3
n5839,n5839,1,215,5,2,4
n5840,n5840,1,215,5,2,5
n5841,n5841,1,215,5,2,6
n5842,n5842,1,215,5,2,7
n5843,n5843,1,215,5,2,8
n5844,n5844,1,215,5,2,9
n5845,n5845,1,215,5,2,10
n5846,n5846,1,215,5,2,11
n5847,n5847,1,215,5,2,12
n5848,n5848,1,215,5,2,13
n5849,n5849,1,215,5,2,14
n5850,n5850,1,215,5,2,15
n5851,n5851,1,215,5,2,16
n5852,n5852,1,215,5,2,17
n5853,n5853,1,215,5,2,18
n5854,n5854,1,215,5,2,19
n5855,n5855,1,215,5,2,20
n5856,n5856,1,215,5,2,21
n5857,n5857,1,215,5,2,22
n5858,n5858,1,215,5,2,23
n5859,n5859,1,215,5,2,24
n5860,n5860,1,216,1,1,1
n5861,n5861,1,216,1,1,2
n5862,n5862,1,216,1,1,3
n5863,n5863,1,216,1,1,4
n5864,n5864,1,216,1,1,5
n5865,n5865,1,216,1,1,6
n5866,n5866,1,216,1,1,7
n5867,n5867,1,216,1,1,8
n5868,n5868,1,216,1,1,9
n5869,n5869,1,216,1,1,10
n5870,n5870,1,216,1,1,11
n5871,n5871,1,216,1,1,12
n5872,n5872,1,216,1,1,13
n5873,n5873,1,216,1,1,14
n5874,n5874,1,216,5,2,1
n5875,n5875,1,216,5,2,2
n5876,n5876,1,216,5,2,3
n5877,n5877,1,216,5,2,4
n5878,n5878,1,216,5,2,5
n5879,n5879,1,216,5,2,6
n5880,n5880,1,216,5,2,7
n5881,n5881,1,216,5,2,8
n5882,n5882,1,216,5,2,9
n5883,n5883,1,216,5,2,10
n5884,n5884,1,216,5,2,11
n5885,n5885,1,216,5,2,12
n5886,n5886,1,216,5,2,13
n5887,n5887,1,216,5,2,14
n5888,n5888,1,216,5,2,15
n5889,n5889,1,216,5,2,16
n5890,n5890,1,216,5,2,17
n5891,n5891,1,216,5,2,18
n5892,n5892,1,216,5,2,19
n5893,n5893,1,216,5,2,20
n5894,n5894,1,216,5,2,21
n5895,n5895,1,216,5,2,22
n5896,n5896,1,216,5,2,23
n5897,n5897,1,216,5,2,24
n5898,n5898,1,217,1,1,1
n5899,n5899,1,217,1,1,2
n5900,n5900,1,217,1,1,3
n5901,n5901,1,217,1,1,4
n5902,n5902,1,217,1,1,5
n5903,n5903,1,217,1,1,6
n5904,n5904,1,217,1,1,7
n5905,n5905,1,217,1,1,8
n5906,n5906,1,217,1,1,9
n5907,n5907,1,217,1,1,10
n5908,n5908,1,217,1,1,11
n5909,n5909,1,217,1,1,12
n5910,n5910,1,217,5,2,1
n5911,n5911,1,217,5,2,2
n5912,n5912,1,217,5,2,3
n5913,n5913,1,217,5,2,4
n5914,n5914,1,217,5,2,5
n5915,n5915,1,217,5,2,6
n5916,n5916,1,217,5,2,7
n5917,n5917,1,217,5,2,8
n5918,n5918,1,217,5,2,9
n5919,n5919,1,217,5,2,10
n5920,n5920,1,217,5,2,11
n5921,n5921,1,217,5,2,12
n5922,n5922,1,217,5,2,13
n5923,n5923,1,217,5,2,14
n5924,n5924,1,217,5,2,15
n5925,n5925,1,217,5,2,16
n5926,n5926,1,217,5,2,17
n5927,n5927,1,217,5,2,18
n5928,n5928,1,217,5,2,19
n5929,n5929,1,217,5,2,20
n5930,n5930,1,217,5,2,21
n5931,n5931,1,217,5,2,22
n5932,n5932,1,217,5,2,23
n5933,n5933,1,217,5,2,24
n5934,n5934,1,218,1,1,1
n5935,n5935,1,218,1,1,2
n5936,n5936,1,218,1,1,3
n5937,n5937,1,218,1,1,4
n5938,n5938,1,218,1,1,5
n5939,n5939,1,218,1,1,6
n5940,n5940,1,218,1,1,7
n5941,n5941,1,218,1,1,8
n5942,n5942,1,218,1,1,9
n5943,n5943,1,218,1,1,10
n5944,n5944,1,218,1,1,11
n5945,n5945,1,218,1,1,12
n5946,n5946,1,218,5,2,1
n5947,n5947,1,218,5,2,2
n5948,n5948,1,218,5,2,3
n5949,n5949,1,218,5,2,4
n5950,n5950,1,218,5,2,5
n5951,n5951,1,218,5,2,6
n5952,n5952,1,218,5,2,7
n5953,n5953,1,218,5,2,8
n5954,n5954,1,218,5,2,9
n5955,n5955,1,218,5,2,10
n5956,n5956,1,218,5,2,11
n5957,n5957,1,218,5,2,12
n5958,n5958,1,218,5,2,13
n5959,n5959,1,218,5,2,14
n5960,n5960,1,218,5,2,15
n5961,n5961,1,218,5,2,16
n5962,n5962,1,218,5,2,17
n5963,n5963,1,218,5,2,18
n5964,n5964,1,218,5,2,19
n5965,n5965,1,218,5,2,20
n5966,n5966,1,218,5,2,21
n5967,n5967,1,218,5,2,22
n5968,n5968,1,218,5,2,23
n5969,n5969,1,218,5,2,24
n5970,n5970,1,218,5,2,25
n5971,n5971,1,218,5,2,26
n5972,n5972,1,218,5,2,27
n5973,n5973,1,218,5,2,28
n5974,n5974,1,218,5,2,29
n5975,n5975,1,218,5,2,30
n5976,n5976,1,218,5,2,31
n5977,n5977,1,218,5,2,32
n5978,n5978,1,218,5,2,33
n5979,n5979,1,218,5,2,34
n5980,n5980,1,218,5,2,35
n5981,n5981,1,218,5,2,36
n5982,n5982,1,218,5,2,37
n5983,n5983,1,218,5,2,38
n5984,n5984,1,218,5,2,39
n5985,n5985,1,218,5,2,40
n5986,n5986,1,218,5,2,41
n5987,n5987,1,218,5,2,42
n5988,n5988,1,218,5,2,43
n5989,n5989,1,218,5,2,44
n5990,n5990,1,218,5,2,45
n5991,n5991,1,218,5,2,46
n5992,n5992,1,218,5,2,47
n5993,n5993,1,218,5,2,48
n5994,n5994,1,218,5,2,49
n5995,n5995,1,218,5,2,50
n5996,n5996,1,218,5,2,51
n5997,n5997,1,218,5,2,52
n5998,n5998,1,218,6,2,1
n5999,n5999,1,218,6,2,2
n6000,n6000,1,218,6,2,3
n6001,n6001,1,218,6,2,4
n6002,n6002,1,218,6,2,5
n6003,n6003,1,218,6,2,6
n6004,n6004,1,218,6,2,7
n6005,n6005,1,218,6,2,8
n6006,n6006,1,218,6,2,9
n6007,n6007,1,218,6,2,10
n6008,n6008,1,218,6,2,11
n6009,n6009,1,218,6,2,12
n6010,n6010,1,219,1,1,1
n6011,n6011,1,219,1,1,2
n6012,n6012,1,219,1,1,3
n6013,n6013,1,219,1,1,4
n6014,n6014,1,219,1,1,5
n6015,n6015,1,219,1,1,6
n6016,n6016,1,219,1,1,7
n6017,n6017,1,219,1,1,8
n6018,n6018,1,219,1,1,9
n6019,n6019,1,219,1,1,10
n6020,n6020,1,219,1,1,11
n6021,n6021,1,219,1,1,12
n6022,n6022,1,219,1,1,13
n6023,n6023,1,219,1,1,14
n6024,n6024,1,219,1,1,15
n6025,n6025,1,219,1,1,16
n6026,n6026,1,219,5,2,1
n6027,n6027,1,219,5,2,2
n6028,n6028,1,219,5,2,3
n6029,n6029,1,219,5,2,4
n6030,n6030,1,219,5,2,5
n6031,n6031,1,219,5,2,6
n6032,n6032,1,219,5,2,7
n6033,n6033,1,219,5,2,8
n6034,n6034,1,219,5,2,9
n6035,n6035,1,219,5,2,10
n6036,n6036,1,219,5,2,11
n6037,n6037,1,219,5,2,12
n6038,n6038,1,219,5,2,13
n6039,n6039,1,219,5,2,14
n6040,n6040,1,219,5,2,15
n6041,n6041,1,219,5,2,16
n6042,n6042,1,219,5,2,17
n6043,n6043,1,219,5,2,18
n6044,n6044,1,219,5,2,19
n6045,n6045,1,219,5,2,20
n6046,n6046,1,219,5,2,21
n6047,n6047,1,219,5,2,22
n6048,n6048,1,219,5,2,23
n6049,n6049,1,219,5,2,24
n6050,n6050,1,219,5,2,25
n6051,n6051,1,219,5,2,26
n6052,n6052,1,219,5,2,27
n6053,n6053,1,219,5,2,28
n6054,n6054,1,219,5,2,29
n6055,n6055,1,219,5,2,30
n6056,n6056,1,219,5,2,31
n6057,n6057,1,219,5,2,32
n6058,n6058,1,219,5,2,33
n6059,n6059,1,219,5,2,34
n6060,n6060,1,219,5,2,35
n6061,n6061,1,219,5,2,36
n6062,n6062,1,219,5,2,37
n6063,n6063,1,219,5,2,38
n6064,n6064,1,219,5,2,39
n6065,n6065,1,219,5,2,40
n6066,n6066,1,219,6,2,1
n6067,n6067,1,219,6,2,2
n6068,n6068,1,219,6,2,3
n6069,n6069,1,219,6,2,4
n6070,n6070,1,219,6,2,5
n6071,n6071,1,219,6,2,6
n6072,n6072,1,219,6,2,7
n6073,n6073,1,219,6,2,8
n6074,n6074,1,219,6,2,9
n6075,n6075,1,219,6,2,10
n6076,n6076,1,219,6,2,11
n6077,n6077,1,219,6,2,12
n6078,n6078,1,219,6,2,13
n6079,n6079,1,219,6,2,14
n6080,n6080,1,220,1,1,1
n6081,n6081,1,220,1,1,2
n6082,n6082,1,220,1,1,3
n6083,n6083,1,220,1,1,4
n6084,n6084,1,220,1,1,5
n6085,n6085,1,220,1,1,6
n6086,n6086,1,220,1,1,7
n6087,n6087,1,220,1,1,8
n6088,n6088,1,220,1,1,9
n6089,n6089,1,220,1,1,10
n6090,n6090,1,220,1,1,11
n6091,n6091,1,220,1,1,12
n6092,n6092,1,220,1,1,13
n6093,n6093,1,220,1,1,14
n6094,n6094,1,220,5,2,1
n6095,n6095,1,220,5,2,2
n6096,n6096,1,220,5,2,3
n6097,n6097,1,220,5,2,4
n6098,n6098,1,220,5,2,5
n6099,n6099,1,220,5,2,6
n6100,n6100,1,220,5,2,7
n6101,n6101,1,220,5,2,8
n6102,n6102,1,220,5,2,9
n6103,n6103,1,220,5,2,10
n6104,n6104,1,220,5,2,11
n6105,n6105,1,220,5,2,12
n6106,n6106,1,220,5,2,13
n6107,n6107,1,220,5,2,14
n6108,n6108,1,220,5,2,15
n6109,n6109,1,220,5,2,16
n6110,n6110,1,220,5,2,17
n6111,n6111,1,220,5,2,18
n6112,n6112,1,220,5,2,19
n6113,n6113,1,220,5,2,20
n6114,n6114,1,220,5,2,21
n6115,n6115,1,220,5,2,22
n6116,n6116,1,220,5,2,23
n6117,n6117,1,220,5,2,24
n6118,n6118,1,220,5,2,25
n6119,n6119,1,220,5,2,26
n6120,n6120,1,220,5,2,27
n6121,n6121,1,220,5,2,28
n6122,n6122,1,220,5,2,29
n6123,n6123,1,220,5,2,30
n6124,n6124,1,220,5,2,31
n6125,n6125,1,220,5,2,32
n6126,n6126,1,220,5,2,33
n6127,n6127,1,220,5,2,34
n6128,n6128,1,220,5,2,35
n6129,n6129,1,220,5,2,36
n6130,n6130,1,220,5,2,37
n6131,n6131,1,220,5,2,38
n6132,n6132,1,220,5,2,39
n6133,n6133,1,220,5,2,40
n6134,n6134,1,220,5,2,41
n6135,n6135,1,220,5,2,42
n6136,n6136,1,220,5,2,43
n6137,n6137,1,220,5,2,44
n6138,n6138,1,220,5,2,45
n6139,n6139,1,220,6,2,1
n6140,n6140,1,220,6,2,2
n6141,n6141,1,220,6,2,3
n6142,n6142,1,220,6,2,4
n6143,n6143,1,220,6,2,5
n6144,n6144,1,220,6,2,6
n6145,n6145,1,220,6,2,7
n6146,n6146,1,220,6,2,8
n6147,n6147,1,220,6,2,9
n6148,n6148,1,220,6,2,10
n6149,n6149,1,220,6,2,11
n6150,n6150,1,220,6,2,12
n6151,n6151,1,220,7,2,1
n6152,n6152,1,220,7,2,2
n6153,n6153,1,220,7,2,3
n6154,n6154,1,220,7,2,4
n6155,n6155,1,220,7,2,5
n6156,n6156,1,220,7,2,6
n6157,n6157,1,221,1,1,1
n6158,n6158,1,221,1,1,2
n6159,n6159,1,221,1,1,3
n6160,n6160,1,221,1,1,4
n6161,n6161,1,221,1,1,5
n6162,n6162,1,221,1,1,6
n6163,n6163,1,221,1,1,7
n6164,n6164,1,221,1,1,8
n6165,n6165,1,221,1,1,9
n6166,n6166,1,221,1,1,10
n6167,n6167,1,221,1,1,11
n6168,n6168,1,221,1,1,12
n6169,n6169,1,221,1,1,13
n6170,n6170,1,221,1,1,14
n6171,n6171,1,221,5,2,1
n6172,n6172,1,221,5,2,2
n6173,n6173,1,221,5,2,3
n6174,n6174,1,221,5,2,4
n6175,n6175,1,221,5,2,5
n6176,n6176,1,221,5,2,6
n6177,n6177,1,221,5,2,7
n6178,n6178,1,221,5,2,8
n6179,n6179,1,221,5,2,9
n6180,n6180,1,221,5,2,10
n6181,n6181,1,221,5,2,11
n6182,n6182,1,221,5,2,12
n6183,n6183,1,221,5,2,13
n6184,n6184,1,221,5,2,14
n6185,n6185,1,221,5,2,15
n6186,n6186,1,221,5,2,16
n6187,n6187,1,221,5,2,17
n6188,n6188,1,221,5,2,18
n6189,n6189,1,221,5,2,19
n6190,n6190,1,221,5,2,20
n6191,n6191,1,221,5,2,21
n6192,n6192,1,221,5,2,22
n6193,n6193,1,221,5,2,23
n6194,n6194,1,221,5,2,24
n6195,n6195,1,221,5,2,25
n6196,n6196,1,221,5,2,26
n6197,n6197,1,221,5,2,27
n6198,n6198,1,221,5,2,28
n6199,n6199,1,221,5,2,29
n6200,n6200,1,221,5,2,30
n6201,n6201,1,221,5,2,31
n6202,n6202,1,221,5,2,32
n6203,n6203,1,221,5,2,33
n6204,n6204,1,221,5,2,34
n6205,n6205,1,221,5,2,35
n6206,n6206,1,221,5,2,36
n6207,n6207,1,221,5,2,37
n6208,n6208,1,221,5,2,38
n6209,n6209,1,221,5,2,39
n6210,n6210,1,221,5,2,40
n6211,n6211,1,221,6,2,1
n6212,n6212,1,221,6,2,2
n6213,n6213,1,221,6,2,3
n6214,n6214,1,221,6,2,4
n6215,n6215,1,221,6,2,5
n6216,n6216,1,221,6,2,6
n6217,n6217,1,221,6,2,7
n6218,n6218,1,221,6,2,8
n6219,n6219,1,221,6,2,9
n6220,n6220,1,221,6,2,10
n6221,n6221,1,221,6,2,11
n6222,n6222,1,221,6,2,12
n6223,n6223,1,222,1,1,1
n6224,n6224,1,222,1,1,2
n6225,n6225,1,222,1,1,3
n6226,n6226,1,222,1,1,4
n6227,n6227,1,222,1,1,5
n6228,n6228,1,222,1,1,6
r29,r29,1,222,2,1,1
n6229,n6229,1,222,2,1,2
n6230,n6230,1,222,2,1,3
n6231,n6231,1,222,2,1,4
n6232,n6232,1,222,2,1,5
n6233,n6233,1,222,2,1,6
n6234,n6234,1,222,2,1,7
n6235,n6235,1,222,2,1,8
n6236,n6236,1,222,2,1,9
n6237,n6237,1,222,2,1,10
n6238,n6238,1,222,2,1,11
r30,r30,1,222,2,1,12
n6239,n6239,1,222,2,1,13
n6240,n6240,1,222,2,1,14
n6241,n6241,1,222,2,1,15
n6242,n6242,1,222,2,1,16
n6243,n6243,1,222,2,1,17
n6244,n6244,1,222,2,1,18
n6245,n6245,1,222,2,1,19
n6246,n6246,1,222,2,1,20
n6247,n6247,1,222,2,1,21
n6248,n6248,1,222,2,1,22
r31,r31,1,222,2,1,23
n6249,n6249,1,222,2,1,24
n6250,n6250,1,222,2,1,25
n6251,n6251,1,222,2,1,26
n6252,n6252,1,222,2,1,27
n6253,n6253,1,222,2,1,28
n6254,n6254,1,222,2,1,29
n6255,n6255,1,222,2,1,30
n6256,n6256,1,222,2,1,31
n6257,n6257,1,222,2,1,32
n6258,n6258,1,222,2,1,33
r32,r32,1,222,2,1,34
n6259,n6259,1,222,2,1,35
n6260,n6260,1,222,2,1,36
n6261,n6261,1,222,2,1,37
n6262,n6262,1,222,2,1,38
n6263,n6263,1,222,2,1,39
n6264,n6264,1,222,2,1,40
n6265,n6265,1,222,2,1,41
n6266,n6266,1,222,2,1,42
n6267,n6267,1,222,2,1,43
n6268,n6268,1,222,2,1,44
n6269,n6269,1,222,5,2,1
n6270,n6270,1,222,5,2,2
n6271,n6271,1,222,5,2,3
n6272,n6272,1,222,5,2,4
n6273,n6273,1,222,5,2,5
n6274,n6274,1,222,5,2,6
n6275,n6275,1,222,5,2,7
n6276,n6276,1,222,5,2,8
n6277,n6277,1,222,5,2,9
n6278,n6278,1,222,5,2,10
n6279,n6279,1,222,5,2,11
n6280,n6280,1,222,5,2,12
n6281,n6281,1,222,5,2,13
n6282,n6282,1,222,5,2,14
n6283,n6283,1,222,5,2,15
n6284,n6284,1,222,5,2,16
n6285,n6285,1,223,1,1,1
n6286,n6286,1,223,1,1,2
n6287,n6287,1,223,1,1,3
n6288,n6288,1,223,1,1,4
n6289,n6289,1,223,1,1,5
n6290,n6290,1,223,1,1,6
n6291,n6291,1,223,1,1,7
n6292,n6292,1,223,1,1,8
n6293,n6293,1,223,5,2,1
n6294,n6294,1,223,5,2,2
n6295,n6295,1,223,5,2,3
n6296,n6296,1,223,5,2,4
n6297,n6297,1,223,5,2,5
n6298,n6298,1,223,5,2,6
n6299,n6299,1,223,5,2,7
n6300,n6300,1,223,5,2,8
n6301,n6301,1,223,5,2,9
n6302,n6302,1,223,5,2,10
n6303,n6303,1,223,5,2,11
n6304,n6304,1,223,5,2,12
n6305,n6305,1,223,5,2,13
n6306,n6306,1,223,5,2,14
n6307,n6307,1,223,5,2,15
n6308,n6308,1,223,5,2,16
r33,r33,1,223,6,2,1
n6309,n6309,1,223,6,2,2
n6310,n6310,1,223,6,2,3
n6311,n6311,1,223,6,2,4
n6312,n6312,1,223,6,2,5
n6313,n6313,1,223,6,2,6
n6314,n6314,1,223,6,2,7
n6315,n6315,1,223,6,2,8
n6316,n6316,1,223,6,2,9
n6317,n6317,1,223,6,2,10
n6318,n6318,1,223,6,2,11
r34,r34,1,223,6,2,12
n6319,n6319,1,223,6,2,13
n6320,n6320,1,223,6,2,14
n6321,n6321,1,223,6,2,15
n6322,n6322,1,223,6,2,16
n6323,n6323,1,223,6,2,17
n6324,n6324,1,223,6,2,18
n6325,n6325,1,223,6,2,19
n6326,n6326,1,223,6,2,20
n6327,n6327,1,223,6,2,21
n6328,n6328,1,223,6,2,22
r35,r35,1,223,6,2,23
n6329,n6329,1,223,6,2,24
n6330,n6330,1,223,6,2,25
n6331,n6331,1,223,6,2,26
n6332,n6332,1,223,6,2,27
n6333,n6333,1,223,6,2,28
n6334,n6334,1,223,6,2,29
n6335,n6335,1,223,6,2,30
n6336,n6336,1,223,6,2,31
n6337,n6337,1,223,6,2,32
n6338,n6338,1,223,6,2,33
r36,r36,1,223,6,2,34
n6339,n6339,1,223,6,2,35
n6340,n6340,1,223,6,2,36
n6341,n6341,1,223,6,2,37
n6342,n6342,1,223,6,2,38
n6343,n6343,1,223,6,2,39
n6344,n6344,1,223,6,2,40
n6345,n6345,1,223,6,2,41
n6346,n6346,1,223,6,2,42
n6347,n6347,1,223,6,2,43
n6348,n6348,1,223,6,2,44
n6349,n6349,1,224,1,1,1
n6350,n6350,1,224,1,1,2
n6351,n6351,1,224,1,1,3
n6352,n6352,1,224,1,1,4
n6353,n6353,1,224,1,1,5
n6354,n6354,1,224,1,1,6
n6355,n6355,1,224,1,1,7
r37,r37,1,224,2,1,1
n6356,n6356,1,224,2,1,2
n6357,n6357,1,224,2,1,3
n6358,n6358,1,224,2,1,4
n6359,n6359,1,224,2,1,5
n6360,n6360,1,224,2,1,6
n6361,n6361,1,224,2,1,7
n6362,n6362,1,224,2,1,8
n6363,n6363,1,224,2,1,9
n6364,n6364,1,224,2,1,10
n6365,n6365,1,224,2,1,11
r38,r38,1,224,2,1,12
n6366,n6366,1,224,2,1,13
n6367,n6367,1,224,2,1,14
n6368,n6368,1,224,2,1,15
n6369,n6369,1,224,2,1,16
n6370,n6370,1,224,2,1,17
n6371,n6371,1,224,2,1,18
n6372,n6372,1,224,2,1,19
n6373,n6373,1,224,2,1,20
n6374,n6374,1,224,2,1,21
n6375,n6375,1,224,2,1,22
n6376,n6376,1,224,2,1,23
n6377,n6377,1,224,2,1,24
n6378,n6378,1,224,2,1,25
n6379,n6379,1,224,2,1,26
n6380,n6380,1,224,2,1,27
n6381,n6381,1,224,2,1,28
n6382,n6382,1,224,2,1,29
n6383,n6383,1,224,2,1,30
n6384,n6384,1,224,2,1,31
n6385,n6385,1,224,2,1,32
n6386,n6386,1,224,2,1,33
r39,r39,1,224,2,1,34
n6387,n6387,1,224,2,1,35
n6388,n6388,1,224,2,1,36
n6389,n6389,1,224,2,1,37
n6390,n6390,1,224,2,1,38
n6391,n6391,1,224,2,1,39
n6392,n6392,1,224,2,1,40
n6393,n6393,1,224,2,1,41
n6394,n6394,1,224,2,1,42
n6395,n6395,1,224,5,2,1
n6396,n6396,1,224,5,2,2
n6397,n6397,1,224,5,2,3
n6398,n6398,1,224,5,2,4
n6399,n6399,1,224,5,2,5
n6400,n6400,1,224,5,2,6
n6401,n6401,1,224,5,2,7
n6402,n6402,1,224,5,2,8
n6403,n6403,1,224,5,2,9
n6404,n6404,1,224,5,2,10
n6405,n6405,1,224,5,2,11
n6406,n6406,1,224,5,2,12
n6407,n6407,1,224,5,2,13
n6408,n6408,1,224,5,2,14
n6409,n6409,1,224,5,2,15
n6410,n6410,1,224,5,2,16
n6411,n6411,1,225,1,1,1
n6412,n6412,1,225,1,1,2
n6413,n6413,1,225,1,1,3
n6414,n6414,1,225,1,1,4
n6415,n6415,1,225,1,1,5
n6416,n6416,1,225,1,1,6
n6417,n6417,1,225,1,1,7
n6418,n6418,1,225,1,1,8
n6419,n6419,1,225,5,2,1
n6420,n6420,1,225,5,2,2
n6421,n6421,1,225,5,2,3
n6422,n6422,1,225,5,2,4
n6423,n6423,1,225,5,2,5
n6424,n6424,1,225,5,2,6
n6425,n6425,1,225,5,2,7
n6426,n6426,1,225,5,2,8
n6427,n6427,1,225,5,2,9
n6428,n6428,1,225,5,2,10
n6429,n6429,1,225,5,2,11
n6430,n6430,1,225,5,2,12
n6431,n6431,1,225,5,2,13
n6432,n6432,1,225,5,2,14
n6433,n6433,1,225,5,2,15
n6434,n6434,1,225,5,2,16
r40,r40,1,225,6,2,1
n6435,n6435,1,225,6,2,2
n6436,n6436,1,225,6,2,3
n6437,n6437,1,225,6,2,4
n6438,n6438,1,225,6,2,5
n6439,n6439,1,225,6,2,6
n6440,n6440,1,225,6,2,7
n6441,n6441,1,225,6,2,8
n6442,n6442,1,225,6,2,9
n6443,n6443,1,225,6,2,10
n6444,n6444,1,225,6,2,11
n6445,n6445,1,225,6,2,12
n6446,n6446,1,225,6,2,13
n6447,n6447,1,225,6,2,14
n6448,n6448,1,225,6,2,15
n6449,n6449,1,225,6,2,16
n6450,n6450,1,225,6,2,17
n6451,n6451,1,225,6,2,18
n6452,n6452,1,225,6,2,19
r41,r41,1,225,6,2,20
n6453,n6453,1,225,6,2,21
n6454,n6454,1,225,6,2,22
n6455,n6455,1,225,6,2,23
n6456,n6456,1,225,6,2,24
n6457,n6457,1,225,6,2,25
n6458,n6458,1,225,6,2,26
n6459,n6459,1,225,6,2,27
n6460,n6460,1,225,6,2,28
n6461,n6461,1,225,6,2,29
n6462,n6462,1,225,6,2,30
n6463,n6463,1,225,6,2,31
n6464,n6464,1,225,6,2,32
n6465,n6465,1,225,6,2,33
n6466,n6466,1,225,6,2,34
n6467,n6467,1,225,6,2,35
n6468,n6468,1,225,6,2,36
n6469,n6469,1,225,6,2,37
n6470,n6470,1,225,6,2,38
n6471,n6471,1,225,6,2,39
n6472,n6472,1,225,6,2,40
n6473,n6473,1,225,6,2,41
n6474,n6474,1,225,6,2,42
n6475,n6475,1,226,1,1,1
n6476,n6476,1,226,1,1,2
n6477,n6477,1,226,1,1,3
n6478,n6478,1,226,1,1,4
n6479,n6479,1,226,1,1,5
n6480,n6480,1,226,1,1,6
n6481,n6481,1,226,1,1,7
n6482,n6482,1,226,1,1,8
n6483,n6483,1,226,1,1,9
n6484,n6484,1,226,1,1,10
n6485,n6485,1,226,1,1,11
n6486,n6486,1,226,1,1,12
n6487,n6487,1,226,1,1,13
n6488,n6488,1,226,1,1,14
n6489,n6489,1,226,1,1,15
n6490,n6490,1,226,1,1,16
n6491,n6491,1,226,1,1,17
n6492,n6492,1,226,1,1,18
n6493,n6493,1,226,1,1,19
n6494,n6494,1,226,1,1,20
n6495,n6495,1,226,1,1,21
n6496,n6496,1,226,1,1,22
n6497,n6497,1,226,1,1,23
n6498,n6498,1,226,1,1,24
n6499,n6499,1,226,1,1,25
n6500,n6500,1,226,1,1,26
n6501,n6501,1,226,1,1,27
n6502,n6502,1,226,1,1,28
n6503,n6503,1,226,1,1,29
n6504,n6504,1,226,1,1,30
n6505,n6505,1,226,1,1,31
n6506,n6506,1,226,1,1,32
n6507,n6507,1,226,1,1,33
n6508,n6508,1,226,1,1,34
n6509,n6509,1,226,1,1,35
n6510,n6510,1,226,1,1,36
n6511,n6511,1,226,1,1,37
n6512,n6512,1,226,1,1,38
n6513,n6513,1,226,1,1,39
n6514,n6514,1,226,1,1,40
n6515,n6515,1,226,1,1,41
n6516,n6516,1,226,1,1,42
n6517,n6517,1,226,1,1,43
n6518,n6518,1,226,1,1,44
n6519,n6519,1,226,1,1,45
n6520,n6520,1,226,1,1,46
n6521,n6521,1,226,1,1,47
n6522,n6522,1,226,1,1,48
n6523,n6523,1,226,1,1,49
n6524,n6524,1,226,1,1,50
n6525,n6525,1,226,1,1,51
n6526,n6526,1,226,1,1,52
n6527,n6527,1,226,1,1,53
n6528,n6528,1,226,1,1,54
n6529,n6529,1,226,1,1,55
n6530,n6530,1,226,1,1,56
n6531,n6531,1,226,1,1,57
n6532,n6532,1,226,1,1,58
n6533,n6533,1,226,5,2,1
n6534,n6534,1,226,5,2,2
n6535,n6535,1,226,5,2,3
n6536,n6536,1,226,5,2,4
n6537,n6537,1,226,5,2,5
n6538,n6538,1,226,5,2,6
n6539,n6539,1,226,5,2,7
n6540,n6540,1,226,5,2,8
n6541,n6541,1,226,5,2,9
n6542,n6542,1,226,5,2,10
n6543,n6543,1,226,5,2,11
n6544,n6544,1,226,5,2,12
n6545,n6545,1,226,5,2,13
n6546,n6546,1,226,5,2,14
n6547,n6547,1,226,5,2,15
n6548,n6548,1,226,5,2,16
n6549,n6549,1,226,5,2,17
n6550,n6550,1,226,5,2,18
n6551,n6551,1,226,5,2,19
n6552,n6552,1,226,5,2,20
n6553,n6553,1,226,5,2,21
n6554,n6554,1,226,5,2,22
n6555,n6555,1,226,5,2,23
n6556,n6556,1,226,5,2,24
n6557,n6557,1,226,5,2,25
n6558,n6558,1,226,5,2,26
n6559,n6559,1,226,5,2,27
n6560,n6560,1,226,5,2,28
n6561,n6561,1,226,5,2,29
n6562,n6562,1,226,5,2,30
n6563,n6563,1,226,5,2,31
n6564,n6564,1,226,5,2,32
n6565,n6565,1,226,5,2,33
n6566,n6566,1,226,5,2,34
n6567,n6567,1,226,5,2,35
n6568,n6568,1,226,5,2,36
n6569,n6569,1,226,5,2,37
n6570,n6570,1,226,5,2,38
n6571,n6571,1,226,5,2,39
n6572,n6572,1,226,5,2,40
n6573,n6573,1,226,5,2,41
n6574,n6574,1,226,5,2,42
n6575,n6575,1,226,5,2,43
n6576,n6576,1,226,5,2,44
n6577,n6577,1,226,5,2,45
n6578,n6578,1,226,5,2,46
n6579,n6579,1,226,5,2,47
n6580,n6580,1,226,5,2,48
n6581,n6581,1,226,5,2,49
n6582,n6582,1,226,5,2,50
n6583,n6583,1,226,5,2,51
n6584,n6584,1,226,5,2,52
n6585,n6585,1,226,5,2,53
n6586,n6586,1,226,5,2,54
n6587,n6587,1,226,5,2,55
n6588,n6588,1,226,5,2,56
n6589,n6589,1,226,5,2,57
n6590,n6590,1,226,5,2,58
n6591,n6591,1,227,1,1,1
n6592,n6592,1,227,1,1,2
n6593,n6593,1,227,1,1,3
n6594,n6594,1,227,1,1,4
n6595,n6595,1,227,1,1,5
n6596,n6596,1,227,1,1,6
n6597,n6597,1,227,1,1,7
n6598,n6598,1,227,1,1,8
n6599,n6599,1,227,1,1,9
n6600,n6600,1,227,1,1,10
n6601,n6601,1,227,1,1,11
n6602,n6602,1,227,1,1,12
n6603,n6603,1,227,1,1,13
n6604,n6604,1,227,1,1,14
n6605,n6605,1,227,1,1,15
n6606,n6606,1,227,1,1,16
n6607,n6607,1,227,1,1,17
n6608,n6608,1,227,1,1,18
n6609,n6609,1,227,1,1,19
n6610,n6610,1,227,1,1,20
n6611,n6611,1,227,1,1,21
n6612,n6612,1,227,1,1,22
n6613,n6613,1,227,1,1,23
n6614,n6614,1,227,1,1,24
n6615,n6615,1,227,1,1,25
n6616,n6616,1,227,1,1,26
n6617,n6617,1,227,1,1,27
n6618,n6618,1,227,1,1,28
n6619,n6619,1,227,1,1,29
n6620,n6620,1,227,1,1,30
n6621,n6621,1,227,1,1,31
n6622,n6622,1,227,1,1,32
n6623,n6623,1,227,1,1,33
n6624,n6624,1,227,1,1,34
n6625,n6625,1,227,1,1,35
n6626,n6626,1,227,1,1,36
n6627,n6627,1,227,1,1,37
n6628,n6628,1,227,1,1,38
n6629,n6629,1,227,1,1,39
n6630,n6630,1,227,1,1,40
n6631,n6631,1,227,1,1,41
n6632,n6632,1,227,1,1,42
n6633,n6633,1,227,1,1,43
n6634,n6634,1,227,1,1,44
n6635,n6635,1,227,1,1,45
n6636,n6636,1,227,1,1,46
n6637,n6637,1,227,1,1,47
n6638,n6638,1,227,1,1,48
n6639,n6639,1,227,1,1,49
n6640,n6640,1,227,1,1,50
n6641,n6641,1,227,1,1,51
n6642,n6642,1,227,1,1,52
n6643,n6643,1,227,1,1,53
n6644,n6644,1,227,1,1,54
n6645,n6645,1,227,1,1,55
n6646,n6646,1,227,5,2,1
n6647,n6647,1,227,5,2,2
n6648,n6648,1,227,5,2,3
n6649,n6649,1,227,5,2,4
n6650,n6650,1,227,5,2,5
n6651,n6651,1,227,5,2,6
n6652,n6652,1,227,5,2,7
n6653,n6653,1,227,5,2,8
n6654,n6654,1,227,5,2,9
n6655,n6655,1,227,5,2,10
n6656,n6656,1,227,5,2,11
n6657,n6657,1,227,5,2,12
n6658,n6658,1,227,5,2,13
n6659,n6659,1,227,5,2,14
n6660,n6660,1,227,5,2,15
n6661,n6661,1,227,5,2,16
n6662,n6662,1,227,5,2,17
n6663,n6663,1,227,5,2,18
n6664,n6664,1,227,5,2,19
n6665,n6665,1,227,5,2,20
n6666,n6666,1,227,5,2,21
n6667,n6667,1,227,5,2,22
n6668,n6668,1,227,5,2,23
n6669,n6669,1,227,5,2,24
n6670,n6670,1,227,5,2,25
n6671,n6671,1,227,5,2,26
n6672,n6672,1,227,5,2,27
n6673,n6673,1,227,5,2,28
n6674,n6674,1,227,5,2,29
n6675,n6675,1,227,5,2,30
n6676,n6676,1,227,5,2,31
n6677,n6677,1,227,5,2,32
n6678,n6678,1,227,5,2,33
n6679,n6679,1,227,5,2,34
n6680,n6680,1,227,5,2,35
n6681,n6681,1,227,5,2,36
n6682,n6682,1,227,5,2,37
n6683,n6683,1,227,5,2,38
n6684,n6684,1,227,5,2,39
n6685,n6685,1,227,5,2,40
n6686,n6686,1,227,5,2,41
n6687,n6687,1,227,5,2,42
n6688,n6688,1,227,5,2,43
n6689,n6689,1,227,5,2,44
n6690,n6690,1,227,5,2,45
n6691,n6691,1,227,5,2,46
n6692,n6692,1,227,5,2,47
n6693,n6693,1,227,5,2,48
n6694,n6694,1,227,5,2,49
n6695,n6695,1,227,5,2,50
n6696,n6696,1,228,1,1,1
n6697,n6697,1,228,1,1,2
n6698,n6698,1,228,1,1,3
n6699,n6699,1,228,1,1,4
n6700,n6700,1,228,1,1,5
n6701,n6701,1,228,1,1,6
n6702,n6702,1,228,1,1,7
n6703,n6703,1,228,1,1,8
n6704,n6704,1,228,1,1,9
n6705,n6705,1,228,1,1,10
n6706,n6706,1,228,1,1,11
n6707,n6707,1,228,1,1,12
n6708,n6708,1,228,1,1,13
n6709,n6709,1,228,1,1,14
n6710,n6710,1,228,1,1,15
n6711,n6711,1,228,1,1,16
n6712,n6712,1,228,1,1,17
n6713,n6713,1,228,1,1,18
n6714,n6714,1,228,1,1,19
n6715,n6715,1,228,1,1,20
n6716,n6716,1,228,1,1,21
n6717,n6717,1,228,1,1,22
n6718,n6718,1,228,1,1,23
n6719,n6719,1,228,1,1,24
n6720,n6720,1,228,1,1,25
n6721,n6721,1,228,1,1,26
n6722,n6722,1,228,1,1,27
n6723,n6723,1,228,1,1,28
n6724,n6724,1,228,1,1,29
n6725,n6725,1,228,1,1,30
n6726,n6726,1,228,1,1,31
n6727,n6727,1,228,1,1,32
n6728,n6728,1,228,1,1,33
n6729,n6729,1,228,1,1,34
n6730,n6730,1,228,1,1,35
n6731,n6731,1,228,1,1,36
n6732,n6732,1,228,1,1,37
n6733,n6733,1,228,1,1,38
n6734,n6734,1,228,1,1,39
n6735,n6735,1,228,1,1,40
n6736,n6736,1,228,1,1,41
n6737,n6737,1,228,1,1,42
n6738,n6738,1,228,1,1,43
n6739,n6739,1,228,1,1,44
n6740,n6740,1,228,1,1,45
n6741,n6741,1,228,1,1,46
n6742,n6742,1,228,1,1,47
n6743,n6743,1,228,1,1,48
n6744,n6744,1,228,1,1,49
n6745,n6745,1,228,1,1,50
n6746,n6746,1,228,1,1,51
n6747,n6747,1,228,1,1,52
n6748,n6748,1,228,1,1,53
n6749,n6749,1,228,1,1,54
n6750,n6750,1,228,1,1,55
n6751,n6751,1,228,1,1,56
n6752,n6752,1,228,1,1,57
n6753,n6753,1,228,1,1,58
n6754,n6754,1,228,5,2,1
n6755,n6755,1,228,5,2,2
n6756,n6756,1,228,5,2,3
n6757,n6757,1,228,5,2,4
n6758,n6758,1,228,5,2,5
n6759,n6759,1,228,5,2,6
n6760,n6760,1,228,5,2,7
n6761,n6761,1,228,5,2,8
n6762,n6762,1,228,5,2,9
n6763,n6763,1,228,5,2,10
n6764,n6764,1,228,5,2,11
n6765,n6765,1,228,5,2,12
n6766,n6766,1,228,5,2,13
n6767,n6767,1,228,5,2,14
n6768,n6768,1,228,5,2,15
n6769,n6769,1,228,5,2,16
n6770,n6770,1,228,5,2,17
n6771,n6771,1,228,5,2,18
n6772,n6772,1,228,5,2,19
n6773,n6773,1,228,5,2,20
n6774,n6774,1,228,5,2,21
n6775,n6775,1,228,5,2,22
n6776,n6776,1,228,5,2,23
n6777,n6777,1,228,5,2,24
n6778,n6778,1,228,5,2,25
n6779,n6779,1,228,5,2,26
n6780,n6780,1,228,5,2,27
n6781,n6781,1,228,5,2,28
n6782,n6782,1,228,5,2,29
n6783,n6783,1,228,5,2,30
n6784,n6784,1,228,5,2,31
n6785,n6785,1,228,5,2,32
n6786,n6786,1,228,5,2,33
n6787,n6787,1,228,5,2,34
n6788,n6788,1,228,5,2,35
n6789,n6789,1,228,5,2,36
n6790,n6790,1,228,5,2,37
n6791,n6791,1,228,5,2,38
n6792,n6792,1,228,5,2,39
n6793,n6793,1,228,5,2,40
n6794,n6794,1,228,5,2,41
n6795,n6795,1,228,5,2,42
n6796,n6796,1,228,5,2,43
n6797,n6797,1,228,5,2,44
n6798,n6798,1,228,5,2,45
n6799,n6799,1,228,5,2,46
n6800,n6800,1,228,5,2,47
n6801,n6801,1,228,5,2,48
n6802,n6802,1,228,5,2,49
n6803,n6803,1,228,5,2,50
n6804,n6804,1,228,5,2,51
n6805,n6805,1,228,5,2,52
n6806,n6806,1,228,5,2,53
n6807,n6807,1,229,1,1,1
n6808,n6808,1,229,1,1,2
n6809,n6809,1,229,1,1,3
n6810,n6810,1,229,1,1,4
n6811,n6811,1,229,1,1,5
n6812,n6812,1,229,1,1,6
n6813,n6813,1,229,1,1,7
n6814,n6814,1,229,1,1,8
n6815,n6815,1,229,1,1,9
n6816,n6816,1,229,1,1,10
n6817,n6817,1,229,1,1,11
n6818,n6818,1,229,1,1,12
n6819,n6819,1,229,1,1,13
n6820,n6820,1,229,1,1,14
n6821,n6821,1,229,1,1,15
n6822,n6822,1,229,1,1,16
n6823,n6823,1,229,1,1,17
n6824,n6824,1,229,1,1,18
n6825,n6825,1,229,1,1,19
n6826,n6826,1,229,1,1,20
n6827,n6827,1,229,1,1,21
n6828,n6828,1,229,1,1,22
n6829,n6829,1,229,1,1,23
n6830,n6830,1,229,1,1,24
n6831,n6831,1,229,1,1,25
n6832,n6832,1,229,1,1,26
n6833,n6833,1,229,1,1,27
n6834,n6834,1,229,1,1,28
n6835,n6835,1,229,1,1,29
n6836,n6836,1,229,1,1,30
n6837,n6837,1,229,1,1,31
n6838,n6838,1,229,1,1,32
n6839,n6839,1,229,1,1,33
n6840,n6840,1,229,1,1,34
n6841,n6841,1,229,1,1,35
n6842,n6842,1,229,1,1,36
n6843,n6843,1,229,1,1,37
n6844,n6844,1,229,1,1,38
n6845,n6845,1,229,1,1,39
n6846,n6846,1,229,1,1,40
n6847,n6847,1,229,1,1,41
n6848,n6848,1,229,1,1,42
n6849,n6849,1,229,1,1,43
n6850,n6850,1,229,1,1,44
n6851,n6851,1,229,1,1,45
n6852,n6852,1,229,1,1,46
n6853,n6853,1,229,1,1,47
n6854,n6854,1,229,1,1,48
n6855,n6855,1,229,1,1,49
n6856,n6856,1,229,1,1,50
n6857,n6857,1,229,1,1,51
n6858,n6858,1,229,1,1,52
n6859,n6859,1,229,1,1,53
n6860,n6860,1,229,1,1,54
n6861,n6861,1,229,1,1,55
n6862,n6862,1,229,1,1,56
n6863,n6863,1,229,1,1,57
n6864,n6864,1,229,1,1,58
n6865,n6865,1,229,5,2,1
n6866,n6866,1,229,5,2,2
n6867,n6867,1,229,5,2,3
n6868,n6868,1,229,5,2,4
n6869,n6869,1,229,5,2,5
n6870,n6870,1,229,5,2,6
n6871,n6871,1,229,5,2,7
n6872,n6872,1,229,5,2,8
n6873,n6873,1,229,5,2,9
n6874,n6874,1,229,5,2,10
n6875,n6875,1,229,5,2,11
n6876,n6876,1,229,5,2,12
n6877,n6877,1,229,5,2,13
n6878,n6878,1,229,5,2,14
n6879,n6879,1,229,5,2,15
n6880,n6880,1,229,5,2,16
n6881,n6881,1,229,5,2,17
n6882,n6882,1,229,5,2,18
n6883,n6883,1,229,5,2,19
n6884,n6884,1,229,5,2,20
n6885,n6885,1,229,5,2,21
n6886,n6886,1,229,5,2,22
n6887,n6887,1,229,5,2,23
n6888,n6888,1,229,5,2,24
n6889,n6889,1,229,5,2,25
n6890,n6890,1,229,5,2,26
n6891,n6891,1,229,5,2,27
n6892,n6892,1,229,5,2,28
n6893,n6893,1,229,5,2,29
n6894,n6894,1,229,5,2,30
n6895,n6895,1,229,5,2,31
n6896,n6896,1,229,5,2,32
n6897,n6897,1,229,5,2,33
n6898,n6898,1,229,5,2,34
n6899,n6899,1,229,5,2,35
n6900,n6900,1,229,5,2,36
n6901,n6901,1,229,5,2,37
n6902,n6902,1,229,5,2,38
n6903,n6903,1,229,5,2,39
n6904,n6904,1,229,5,2,40
n6905,n6905,1,229,5,2,41
n6906,n6906,1,229,5,2,42
n6907,n6907,1,229,5,2,43
n6908,n6908,1,229,5,2,44
n6909,n6909,1,230,1,1,1
n6910,n6910,1,230,1,1,2
n6911,n6911,1,230,1,1,3
n6912,n6912,1,230,1,1,4
n6913,n6913,1,230,1,1,5
n6914,n6914,1,230,1,1,6
n6915,n6915,1,230,1,1,7
n6916,n6916,1,230,1,1,8
n6917,n6917,1,230,1,1,9
n6918,n6918,1,230,1,1,10
n6919,n6919,1,230,1,1,11
n6920,n6920,1,230,1,1,12
n6921,n6921,1,230,1,1,13
n6922,n6922,1,230,1,1,14
n6923,n6923,1,230,1,1,15
n6924,n6924,1,230,1,1,16
n6925,n6925,1,230,1,1,17
n6926,n6926,1,230,1,1,18
n6927,n6927,1,230,1,1,19
n6928,n6928,1,230,1,1,20
n6929,n6929,1,230,1,1,21
n6930,n6930,1,230,1,1,22
n6931,n6931,1,230,1,1,23
n6932,n6932,1,230,1,1,24
n6933,n6933,1,230,1,1,25
n6934,n6934,1,230,1,1,26
n6935,n6935,1,230,1,1,27
n6936,n6936,1,230,1,1,28
n6937,n6937,1,230,1,1,29
n6938,n6938,1,230,1,1,30
n6939,n6939,1,230,1,1,31
n6940,n6940,1,230,1,1,32
n6941,n6941,1,230,1,1,33
n6942,n6942,1,230,1,1,34
n6943,n6943,1,230,1,1,35
n6944,n6944,1,230,1,1,36
n6945,n6945,1,230,1,1,37
n6946,n6946,1,230,1,1,38
n6947,n6947,1,230,1,1,39
n6948,n6948,1,230,1,1,40
n6949,n6949,1,230,1,1,41
n6950,n6950,1,230,1,1,42
n6951,n6951,1,230,1,1,43
n6952,n6952,1,230,1,1,44
n6953,n6953,1,230,1,1,45
n6954,n6954,1,230,1,1,46
n6955,n6955,1,230,1,1,47
n6956,n6956,1,230,1,1,48
n6957,n6957,1,230,1,1,49
n6958,n6958,1,230,1,1,50
n6959,n6959,1,230,1,1,51
n6960,n6960,1,230,1,1,52
n6961,n6961,1,230,1,1,53
n6962,n6962,1,230,1,1,54
n6963,n6963,1,230,1,1,55
n6964,n6964,1,230,1,1,56
n6965,n6965,1,230,1,1,57
n6966,n6966,1,230,1,1,58
n6967,n6967,1,230,1,1,59
n6968,n6968,1,230,1,1,60
n6969,n6969,1,230,1,1,61
n6970,n6970,1,230,1,1,62
n6971,n6971,1,230,1,1,63
n6972,n6972,1,230,1,1,64
n6973,n6973,1,230,5,2,1
n6974,n6974,1,230,5,2,2
n6975,n6975,1,230,5,2,3
n6976,n6976,1,230,5,2,4
n6977,n6977,1,230,5,2,5
n6978,n6978,1,230,5,2,6
n6979,n6979,1,230,5,2,7
n6980,n6980,1,230,5,2,8
n6981,n6981,1,230,5,2,9
n6982,n6982,1,230,5,2,10
n6983,n6983,1,230,5,2,11
n6984,n6984,1,230,5,2,12
n6985,n6985,1,230,5,2,13
n6986,n6986,1,230,5,2,14
n6987,n6987,1,230,5,2,15
n6988,n6988,1,230,5,2,16
n6989,n6989,1,230,5,2,17
n6990,n6990,1,230,5,2,18
n6991,n6991,1,230,5,2,19
n6992,n6992,1,230,5,2,20
n6993,n6993,1,230,5,2,21
n6994,n6994,1,230,5,2,22
n6995,n6995,1,230,5,2,23
n6996,n6996,1,230,5,2,24
n6997,n6997,1,230,5,2,25
n6998,n6998,1,230,5,2,26
n6999,n6999,1,230,5,2,27
n7000,n7000,1,230,5,2,28
n7001,n7001,1,230,5,2,29
n7002,n7002,1,230,5,2,30
n7003,n7003,1,230,5,2,31
n7004,n7004,1,230,5,2,32
n7005,n7005,1,230,5,2,33
n7006,n7006,1,230,5,2,34
n7007,n7007,1,230,5,2,35
n7008,n7008,1,230,5,2,36
n7009,n7009,1,230,5,2,37
n7010,n7010,1,230,5,2,38
n7011,n7011,1,230,5,2,39
n7012,n7012,1,230,5,2,40
n7013,n7013,1,230,5,2,41
n7014,n7014,1,230,5,2,42
n7015,n7015,1,230,5,2,43
n7016,n7016,1,230,5,2,44
n7017,n7017,1,230,5,2,45
n7018,n7018,1,230,5,2,46
n7019,n7019,1,230,5,2,47
n7020,n7020,1,230,5,2,48
n7021,n7021,1,230,5,2,49
n7022,n7022,1,230,5,2,50
n7023,n7023,1,230,5,2,51
n7024,n7024,1,230,5,2,52
n7025,n7025,1,230,5,2,53
n7026,n7026,1,230,5,2,54
n7027,n7027,1,230,5,2,55
n7028,n7028,1,230,5,2,56
n7029,n7029,1,230,5,2,57
n7030,n7030,1,230,5,2,58
n7031,n7031,1,230,5,2,59
n7032,n7032,1,230,5,2,60
n7033,n7033,1,230,5,2,61
n7034,n7034,1,230,5,2,62
n7035,n7035,1,230,5,2,63
n7036,n7036,1,230,5,2,64
n7037,n7037,1,231,1,1,1
n7038,n7038,1,231,1,1,2
n7039,n7039,1,231,1,1,3
n7040,n7040,1,231,1,1,4
n7041,n7041,1,231,1,1,5
n7042,n7042,1,231,1,1,6
n7043,n7043,1,231,1,1,7
n7044,n7044,1,231,1,1,8
n7045,n7045,1,231,1,1,9
n7046,n7046,1,231,1,1,10
n7047,n7047,1,231,1,1,11
n7048,n7048,1,231,1,1,12
n7049,n7049,1,231,1,1,13
n7050,n7050,1,231,1,1,14
n7051,n7051,1,231,1,1,15
n7052,n7052,1,231,1,1,16
n7053,n7053,1,231,1,1,17
n7054,n7054,1,231,1,1,18
n7055,n7055,1,231,1,1,19
n7056,n7056,1,231,1,1,20
n7057,n7057,1,231,1,1,21
n7058,n7058,1,231,1,1,22
n7059,n7059,1,231,1,1,23
n7060,n7060,1,231,1,1,24
n7061,n7061,1,231,1,1,25
n7062,n7062,1,231,1,1,26
n7063,n7063,1,231,1,1,27
n7064,n7064,1,231,1,1,28
n7065,n7065,1,231,1,1,29
n7066,n7066,1,231,1,1,30
n7067,n7067,1,231,1,1,31
n7068,n7068,1,231,1,1,32
n7069,n7069,1,231,1,1,33
n7070,n7070,1,231,1,1,34
n7071,n7071,1,231,1,1,35
n7072,n7072,1,231,1,1,36
n7073,n7073,1,231,1,1,37
n7074,n7074,1,231,1,1,38
n7075,n7075,1,231,1,1,39
n7076,n7076,1,231,1,1,40
n7077,n7077,1,231,1,1,41
n7078,n7078,1,231,1,1,42
n7079,n7079,1,231,1,1,43
n7080,n7080,1,231,1,1,44
n7081,n7081,1,231,1,1,45
n7082,n7082,1,231,1,1,46
n7083,n7083,1,231,1,1,47
n7084,n7084,1,231,1,1,48
n7085,n7085,1,231,1,1,49
n7086,n7086,1,231,1,1,50
n7087,n7087,1,231,1,1,51
n7088,n7088,1,231,1,1,52
n7089,n7089,1,231,1,1,53
n7090,n7090,1,231,1,1,54
n7091,n7091,1,231,1,1,55
n7092,n7092,1,231,1,1,56
n7093,n7093,1,231,1,1,57
n7094,n7094,1,231,1,1,58
n7095,n7095,1,231,1,1,59
n7096,n7096,1,231,1,1,60
n7097,n7097,1,231,1,1,61
n7098,n7098,1,231,1,1,62
n7099,n7099,1,231,1,1,63
n7100,n7100,1,231,1,1,64
n7101,n7101,1,231,5,2,1
n7102,n7102,1,231,5,2,2
n7103,n7103,1,231,5,2,3
n7104,n7104,1,231,5,2,4
n7105,n7105,1,231,5,2,5
n7106,n7106,1,231,5,2,6
n7107,n7107,1,231,5,2,7
n7108,n7108,1,231,5,2,8
n7109,n7109,1,231,5,2,9
n7110,n7110,1,231,5,2,10
n7111,n7111,1,231,5,2,11
n7112,n7112,1,231,5,2,12
n7113,n7113,1,231,5,2,13
n7114,n7114,1,231,5,2,14
n7115,n7115,1,231,5,2,15
n7116,n7116,1,231,5,2,16
n7117,n7117,1,231,5,2,17
n7118,n7118,1,231,5,2,18
n7119,n7119,1,231,5,2,19
n7120,n7120,1,231,5,2,20
n7121,n7121,1,231,5,2,21
n7122,n7122,1,231,5,2,22
n7123,n7123,1,231,5,2,23
n7124,n7124,1,231,5,2,24
n7125,n7125,1,231,5,2,25
n7126,n7126,1,231,5,2,26
n7127,n7127,1,231,5,2,27
n7128,n7128,1,231,5,2,28
n7129,n7129,1,231,5,2,29
n7130,n7130,1,231,5,2,30
n7131,n7131,1,231,5,2,31
n7132,n7132,1,231,5,2,32
n7133,n7133,1,231,5,2,33
n7134,n7134,1,231,5,2,34
n7135,n7135,1,231,5,2,35
n7136,n7136,1,231,5,2,36
n7137,n7137,1,231,5,2,37
n7138,n7138,1,231,5,2,38
n7139,n7139,1,231,5,2,39
n7140,n7140,1,231,5,2,40
n7141,n7141,1,231,5,2,41
n7142,n7142,1,231,5,2,42
n7143,n7143,1,231,5,2,43
n7144,n7144,1,231,5,2,44
n7145,n7145,1,231,5,2,45
n7146,n7146,1,231,5,2,46
n7147,n7147,1,231,5,2,47
n7148,n7148,1,231,5,2,48
n7149,n7149,1,231,5,2,49
n7150,n7150,1,231,5,2,50
n7151,n7151,1,231,5,2,51
n7152,n7152,1,231,5,2,52
n7153,n7153,1,231,5,2,53
n7154,n7154,1,231,5,2,54
n7155,n7155,1,231,5,2,55
n7156,n7156,1,231,5,2,56
n7157,n7157,1,231,5,2,57
n7158,n7158,1,231,5,2,58
n7159,n7159,1,231,5,2,59
n7160,n7160,1,231,5,2,60
n7161,n7161,1,231,5,2,61
n7162,n7162,1,231,5,2,62
n7163,n7163,1,231,5,2,63
n7164,n7164,1,231,5,2,64
n7165,n7165,1,232,1,1,1
n7166,n7166,1,232,1,1,2
n7167,n7167,1,232,1,1,3
n7168,n7168,1,232,1,1,4
n7169,n7169,1,232,1,1,5
n7170,n7170,1,232,1,1,6
n7171,n7171,1,232,1,1,7
n7172,n7172,1,232,1,1,8
n7173,n7173,1,232,1,1,9
n7174,n7174,1,232,1,1,10
n7175,n7175,1,232,1,1,11
n7176,n7176,1,232,1,1,12
n7177,n7177,1,232,1,1,13
n7178,n7178,1,232,1,1,14
n7179,n7179,1,232,1,1,15
n7180,n7180,1,232,1,1,16
n7181,n7181,1,232,1,1,17
n7182,n7182,1,232,1,1,18
n7183,n7183,1,232,1,1,19
n7184,n7184,1,232,1,1,20
n7185,n7185,1,232,1,1,21
n7186,n7186,1,232,1,1,22
n7187,n7187,1,232,1,1,23
n7188,n7188,1,232,1,1,24
n7189,n7189,1,232,1,1,25
n7190,n7190,1,232,1,1,26
n7191,n7191,1,232,1,1,27
n7192,n7192,1,232,1,1,28
n7193,n7193,1,232,1,1,29
n7194,n7194,1,232,1,1,30
n7195,n7195,1,232,1,1,31
n7196,n7196,1,232,1,1,32
n7197,n7197,1,232,1,1,33
n7198,n7198,1,232,1,1,34
n7199,n7199,1,232,1,1,35
n7200,n7200,1,232,1,1,36
n7201,n7201,1,232,1,1,37
n7202,n7202,1,232,1,1,38
n7203,n7203,1,232,1,1,39
n7204,n7204,1,232,1,1,40
n7205,n7205,1,232,1,1,41
n7206,n7206,1,232,1,1,42
n7207,n7207,1,232,1,1,43
n7208,n7208,1,232,1,1,44
n7209,n7209,1,232,1,1,45
n7210,n7210,1,232,1,1,46
n7211,n7211,1,232,1,1,47
n7212,n7212,1,232,1,1,48
n7213,n7213,1,232,1,1,49
n7214,n7214,1,232,1,1,50
n7215,n7215,1,232,1,1,51
n7216,n7216,1,232,1,1,52
n7217,n7217,1,232,1,1,53
n7218,n7218,1,232,1,1,54
n7219,n7219,1,232,1,1,55
n7220,n7220,1,232,1,1,56
n7221,n7221,1,232,1,1,57
n7222,n7222,1,232,1,1,58
n7223,n7223,1,232,1,1,59
n7224,n7224,1,232,1,1,60
n7225,n7225,1,232,1,1,61
n7226,n7226,1,232,1,1,62
n7227,n7227,1,232,1,1,63
n7228,n7228,1,232,1,1,64
n7229,n7229,1,232,5,2,1
n7230,n7230,1,232,5,2,2
n7231,n7231,1,232,5,2,3
n7232,n7232,1,232,5,2,4
n7233,n7233,1,232,5,2,5
n7234,n7234,1,232,5,2,6
n7235,n7235,1,232,5,2,7
n7236,n7236,1,232,5,2,8
n7237,n7237,1,232,5,2,9
n7238,n7238,1,232,5,2,10
n7239,n7239,1,232,5,2,11
n7240,n7240,1,232,5,2,12
n7241,n7241,1,232,5,2,13
n7242,n7242,1,232,5,2,14
n7243,n7243,1,232,5,2,15
n7244,n7244,1,232,5,2,16
n7245,n7245,1,232,5,2,17
n7246,n7246,1,232,5,2,18
n7247,n7247,1,232,5,2,19
n7248,n7248,1,232,5,2,20
n7249,n7249,1,232,5,2,21
n7250,n7250,1,232,5,2,22
n7251,n7251,1,232,5,2,23
n7252,n7252,1,232,5,2,24
n7253,n7253,1,232,5,2,25
n7254,n7254,1,232,5,2,26
n7255,n7255,1,232,5,2,27
n7256,n7256,1,232,5,2,28
n7257,n7257,1,232,5,2,29
n7258,n7258,1,232,5,2,30
n7259,n7259,1,232,5,2,31
n7260,n7260,1,232,5,2,32
n7261,n7261,1,232,5,2,33
n7262,n7262,1,232,5,2,34
n7263,n7263,1,232,5,2,35
n7264,n7264,1,232,5,2,36
n7265,n7265,1,232,5,2,37
n7266,n7266,1,232,5,2,38
n7267,n7267,1,232,5,2,39
n7268,n7268,1,232,5,2,40
n7269,n7269,1,232,5,2,41
n7270,n7270,1,232,5,2,42
n7271,n7271,1,232,5,2,43
n7272,n7272,1,232,5,2,44
n7273,n7273,1,232,5,2,45
n7274,n7274,1,232,5,2,46
n7275,n7275,1,232,5,2,47
n7276,n7276,1,232,5,2,48
n7277,n7277,1,232,5,2,49
n7278,n7278,1,232,5,2,50
n7279,n7279,1,232,5,2,51
n7280,n7280,1,232,5,2,52
n7281,n7281,1,232,5,2,53
n7282,n7282,1,232,5,2,54
n7283,n7283,1,232,5,2,55
n7284,n7284,1,232,5,2,56
n7285,n7285,1,232,5,2,57
n7286,n7286,1,232,5,2,58
n7287,n7287,1,232,5,2,59
n7288,n7288,1,232,5,2,60
n7289,n7289,1,232,5,2,61
n7290,n7290,1,232,5,2,62
n7291,n7291,1,232,5,2,63
n7292,n7292,1,232,5,2,64
n7293,n7293,1,233,1,1,1
n7294,n7294,1,233,1,1,2
n7295,n7295,1,233,1,1,3
n7296,n7296,1,233,1,1,4
n7297,n7297,1,233,1,1,5
n7298,n7298,1,233,1,1,6
n7299,n7299,1,233,1,1,7
n7300,n7300,1,233,1,1,8
n7301,n7301,1,233,1,1,9
n7302,n7302,1,233,1,1,10
n7303,n7303,1,233,1,1,11
n7304,n7304,1,233,1,1,12
n7305,n7305,1,233,1,1,13
n7306,n7306,1,233,1,1,14
n7307,n7307,1,233,1,1,15
n7308,n7308,1,233,1,1,16
n7309,n7309,1,233,1,1,17
n7310,n7310,1,233,1,1,18
n7311,n7311,1,233,1,1,19
n7312,n7312,1,233,1,1,20
n7313,n7313,1,233,1,1,21
n7314,n7314,1,233,1,1,22
n7315,n7315,1,233,1,1,23
n7316,n7316,1,233,1,1,24
n7317,n7317,1,233,1,1,25
n7318,n7318,1,233,1,1,26
n7319,n7319,1,233,1,1,27
n7320,n7320,1,233,1,1,28
n7321,n7321,1,233,1,1,29
n7322,n7322,1,233,1,1,30
n7323,n7323,1,233,1,1,31
n7324,n7324,1,233,1,1,32
n7325,n7325,1,233,1,1,33
n7326,n7326,1,233,1,1,34
n7327,n7327,1,233,1,1,35
n7328,n7328,1,233,1,1,36
n7329,n7329,1,233,1,1,37
n7330,n7330,1,233,1,1,38
n7331,n7331,1,233,1,1,39
n7332,n7332,1,233,1,1,40
n7333,n7333,1,233,1,1,41
n7334,n7334,1,233,1,1,42
n7335,n7335,1,233,1,1,43
n7336,n7336,1,233,1,1,44
n7337,n7337,1,233,1,1,45
n7338,n7338,1,233,1,1,46
n7339,n7339,1,233,1,1,47
n7340,n7340,1,233,1,1,48
n7341,n7341,1,233,1,1,49
n7342,n7342,1,233,1,1,50
n7343,n7343,1,233,1,1,51
n7344,n7344,1,233,1,1,52
n7345,n7345,1,233,1,1,53
n7346,n7346,1,233,1,1,54
n7347,n7347,1,233,1,1,55
n7348,n7348,1,233,1,1,56
n7349,n7349,1,233,1,1,57
n7350,n7350,1,233,1,1,58
n7351,n7351,1,233,1,1,59
n7352,n7352,1,233,1,1,60
n7353,n7353,1,233,1,1,61
n7354,n7354,1,233,1,1,62
n7355,n7355,1,233,1,1,63
n7356,n7356,1,233,1,1,64
n7357,n7357,1,233,1,1,65
n7358,n7358,1,233,1,1,66
n7359,n7359,1,233,1,1,67
n7360,n7360,1,233,1,1,68
n7361,n7361,1,233,1,1,69
n7362,n7362,1,233,1,1,70
n7363,n7363,1,233,1,1,71
n7364,n7364,1,233,1,1,72
n7365,n7365,1,233,1,1,73
n7366,n7366,1,233,1,1,74
n7367,n7367,1,233,1,1,75
n7368,n7368,1,233,1,1,76
n7369,n7369,1,233,1,1,77
n7370,n7370,1,233,1,1,78
n7371,n7371,1,233,1,1,79
n7372,n7372,1,233,1,1,80
n7373,n7373,1,233,1,1,81
n7374,n7374,1,233,1,1,82
n7375,n7375,1,233,1,1,83
n7376,n7376,1,233,1,1,84
n7377,n7377,1,233,1,1,85
n7378,n7378,1,233,1,1,86
n7379,n7379,1,233,1,1,87
n7380,n7380,1,233,1,1,88
n7381,n7381,1,233,1,1,89
n7382,n7382,1,233,1,1,90
n7383,n7383,1,233,1,1,91
n7384,n7384,1,233,1,1,92
n7385,n7385,1,233,1,1,93
n7386,n7386,1,233,1,1,94
n7387,n7387,1,233,1,1,95
n7388,n7388,1,233,1,1,96
n7389,n7389,1,233,5,2,1
n7390,n7390,1,233,5,2,2
n7391,n7391,1,233,5,2,3
n7392,n7392,1,233,5,2,4
n7393,n7393,1,233,5,2,5
n7394,n7394,1,233,5,2,6
n7395,n7395,1,233,5,2,7
n7396,n7396,1,233,5,2,8
n7397,n7397,1,233,5,2,9
n7398,n7398,1,233,5,2,10
n7399,n7399,1,233,5,2,11
n7400,n7400,1,233,5,2,12
n7401,n7401,1,233,5,2,13
n7402,n7402,1,233,5,2,14
n7403,n7403,1,233,5,2,15
n7404,n7404,1,233,5,2,16
n7405,n7405,1,233,5,2,17
n7406,n7406,1,233,5,2,18
n7407,n7407,1,233,5,2,19
n7408,n7408,1,233,5,2,20
n7409,n7409,1,233,5,2,21
n7410,n7410,1,233,5,2,22
n7411,n7411,1,233,5,2,23
n7412,n7412,1,233,5,2,24
n7413,n7413,1,233,5,2,25
n7414,n7414,1,233,5,2,26
n7415,n7415,1,233,5,2,27
n7416,n7416,1,233,5,2,28
n7417,n7417,1,233,5,2,29
n7418,n7418,1,233,5,2,30
n7419,n7419,1,233,5,2,31
n7420,n7420,1,233,5,2,32
n7421,n7421,1,233,5,2,33
n7422,n7422,1,233,5,2,34
n7423,n7423,1,233,5,2,35
n7424,n7424,1,233,5,2,36
n7425,n7425,1,233,5,2,37
n7426,n7426,1,233,5,2,38
n7427,n7427,1,233,5,2,39
n7428,n7428,1,233,5,2,40
n7429,n7429,1,233,5,2,41
n7430,n7430,1,233,5,2,42
n7431,n7431,1,233,5,2,43
n7432,n7432,1,233,5,2,44
n7433,n7433,1,233,5,2,45
n7434,n7434,1,233,5,2,46
n7435,n7435,1,233,5,2,47
n7436,n7436,1,233,5,2,48
n7437,n7437,1,233,5,2,49
n7438,n7438,1,233,5,2,50
n7439,n7439,1,233,5,2,51
n7440,n7440,1,233,5,2,52
n7441,n7441,1,233,5,2,53
n7442,n7442,1,233,5,2,54
n7443,n7443,1,233,5,2,55
n7444,n7444,1,233,5,2,56
n7445,n7445,1,233,5,2,57
n7446,n7446,1,233,5,2,58
n7447,n7447,1,233,5,2,59
n7448,n7448,1,233,5,2,60
n7449,n7449,1,233,5,2,61
n7450,n7450,1,233,5,2,62
n7451,n7451,1,233,5,2,63
n7452,n7452,1,233,5,2,64
n7453,n7453,1,233,5,2,65
n7454,n7454,1,233,5,2,66
n7455,n7455,1,233,5,2,67
n7456,n7456,1,233,5,2,68
n7457,n7457,1,233,5,2,69
n7458,n7458,1,233,5,2,70
n7459,n7459,1,233,5,2,71
n7460,n7460,1,233,5,2,72
n7461,n7461,1,233,5,2,73
n7462,n7462,1,233,5,2,74
n7463,n7463,1,233,5,2,75
n7464,n7464,1,233,5,2,76
n7465,n7465,1,233,5,2,77
n7466,n7466,1,233,5,2,78
n7467,n7467,1,233,5,2,79
n7468,n7468,1,233,5,2,80
n7469,n7469,1,233,5,2,81
n7470,n7470,1,233,5,2,82
n7471,n7471,1,233,5,2,83
n7472,n7472,1,233,5,2,84
n7473,n7473,1,233,5,2,85
n7474,n7474,1,233,5,2,86
n7475,n7475,1,233,5,2,87
n7476,n7476,1,233,5,2,88
n7477,n7477,1,233,5,2,89
n7478,n7478,1,233,5,2,90
n7479,n7479,1,233,5,2,91
n7480,n7480,1,233,5,2,92
n7481,n7481,1,233,5,2,93
n7482,n7482,1,233,5,2,94
n7483,n7483,1,233,5,2,95
n7484,n7484,1,233,5,2,96
n7485,n7485,1,234,1,1,1
n7486,n7486,1,234,1,1,2
n7487,n7487,1,234,1,1,3
n7488,n7488,1,234,1,1,4
n7489,n7489,1,234,1,1,5
n7490,n7490,1,234,1,1,6
n7491,n7491,1,234,1,1,7
n7492,n7492,1,234,1,1,8
n7493,n7493,1,234,1,1,9
n7494,n7494,1,234,1,1,10
n7495,n7495,1,234,1,1,11
n7496,n7496,1,234,1,1,12
n7497,n7497,1,234,1,1,13
n7498,n7498,1,234,1,1,14
n7499,n7499,1,234,1,1,15
n7500,n7500,1,234,1,1,16
n7501,n7501,1,234,1,1,17
n7502,n7502,1,234,1,1,18
n7503,n7503,1,234,1,1,19
n7504,n7504,1,234,1,1,20
n7505,n7505,1,234,1,1,21
n7506,n7506,1,234,1,1,22
n7507,n7507,1,234,1,1,23
n7508,n7508,1,234,1,1,24
n7509,n7509,1,234,1,1,25
n7510,n7510,1,234,1,1,26
n7511,n7511,1,234,1,1,27
n7512,n7512,1,234,1,1,28
n7513,n7513,1,234,1,1,29
n7514,n7514,1,234,1,1,30
n7515,n7515,1,234,1,1,31
n7516,n7516,1,234,1,1,32
n7517,n7517,1,234,1,1,33
n7518,n7518,1,234,1,1,34
n7519,n7519,1,234,1,1,35
n7520,n7520,1,234,1,1,36
n7521,n7521,1,234,1,1,37
n7522,n7522,1,234,1,1,38
n7523,n7523,1,234,1,1,39
n7524,n7524,1,234,1,1,40
n7525,n7525,1,234,1,1,41
n7526,n7526,1,234,1,1,42
n7527,n7527,1,234,1,1,43
n7528,n7528,1,234,1,1,44
n7529,n7529,1,234,1,1,45
n7530,n7530,1,234,1,1,46
n7531,n7531,1,234,1,1,47
n7532,n7532,1,234,1,1,48
n7533,n7533,1,234,1,1,49
n7534,n7534,1,234,1,1,50
n7535,n7535,1,234,1,1,51
n7536,n7536,1,234,1,1,52
n7537,n7537,1,234,1,1,53
n7538,n7538,1,234,1,1,54
n7539,n7539,1,234,1,1,55
n7540,n7540,1,234,1,1,56
n7541,n7541,1,234,1,1,57
n7542,n7542,1,234,1,1,58
n7543,n7543,1,234,1,1,59
n7544,n7544,1,234,1,1,60
n7545,n7545,1,234,1,1,61
n7546,n7546,1,234,1,1,62
n7547,n7547,1,234,1,1,63
n7548,n7548,1,234,1,1,64
n7549,n7549,1,234,1,1,65
n7550,n7550,1,234,1,1,66
n7551,n7551,1,234,1,1,67
n7552,n7552,1,234,1,1,68
n7553,n7553,1,234,1,1,69
n7554,n7554,1,234,1,1,70
n7555,n7555,1,234,1,1,71
n7556,n7556,1,234,1,1,72
n7557,n7557,1,234,1,1,73
n7558,n7558,1,234,1,1,74
n7559,n7559,1,234,1,1,75
n7560,n7560,1,234,1,1,76
n7561,n7561,1,234,1,1,77
n7562,n7562,1,234,1,1,78
n7563,n7563,1,234,1,1,79
n7564,n7564,1,234,1,1,80
n7565,n7565,1,234,1,1,81
n7566,n7566,1,234,1,1,82
n7567,n7567,1,234,1,1,83
n7568,n7568,1,234,1,1,84
n7569,n7569,1,234,1,1,85
n7570,n7570,1,234,1,1,86
n7571,n7571,1,234,1,1,87
n7572,n7572,1,234,1,1,88
n7573,n7573,1,234,1,1,89
n7574,n7574,1,234,1,1,90
n7575,n7575,1,234,1,1,91
n7576,n7576,1,234,1,1,92
n7577,n7577,1,234,1,1,93
n7578,n7578,1,234,1,1,94
n7579,n7579,1,234,1,1,95
n7580,n7580,1,234,1,1,96
n7581,n7581,1,234,1,1,97
n7582,n7582,1,234,1,1,98
n7583,n7583,1,234,1,1,99
n7584,n7584,1,234,1,1,100
n7585,n7585,1,234,1,1,101
n7586,n7586,1,234,1,1,102
n7587,n7587,1,234,1,1,103
n7588,n7588,1,234,1,1,104
n7589,n7589,1,234,1,1,105
n7590,n7590,1,234,1,1,106
n7591,n7591,1,234,1,1,107
n7592,n7592,1,234,1,1,108
n7593,n7593,1,234,1,1,109
n7594,n7594,1,234,1,1,110
n7595,n7595,1,234,1,1,111
n7596,n7596,1,234,1,1,112
n7597,n7597,1,234,1,1,113
n7598,n7598,1,234,1,1,114
n7599,n7599,1,234,1,1,115
n7600,n7600,1,234,1,1,116
n7601,n7601,1,234,1,1,117
n7602,n7602,1,234,1,1,118
n7603,n7603,1,234,1,1,119
n7604,n7604,1,234,1,1,120
n7605,n7605,1,234,1,1,121
n7606,n7606,1,234,1,1,122
n7607,n7607,1,234,1,1,123
n7608,n7608,1,234,1,1,124
n7609,n7609,1,234,1,1,125
n7610,n7610,1,234,1,1,126
n7611,n7611,1,234,1,1,127
n7612,n7612,1,234,1,1,128
n7613,n7613,1,234,5,2,1
n7614,n7614,1,234,5,2,2
n7615,n7615,1,234,5,2,3
n7616,n7616,1,234,5,2,4
n7617,n7617,1,234,5,2,5
n7618,n7618,1,234,5,2,6
n7619,n7619,1,234,5,2,7
n7620,n7620,1,234,5,2,8
n7621,n7621,1,234,5,2,9
n7622,n7622,1,234,5,2,10
n7623,n7623,1,234,5,2,11
n7624,n7624,1,234,5,2,12
n7625,n7625,1,234,5,2,13
n7626,n7626,1,234,5,2,14
n7627,n7627,1,234,5,2,15
n7628,n7628,1,234,5,2,16
n7629,n7629,1,234,5,2,17
n7630,n7630,1,234,5,2,18
n7631,n7631,1,234,5,2,19
n7632,n7632,1,234,5,2,20
n7633,n7633,1,234,5,2,21
n7634,n7634,1,234,5,2,22
n7635,n7635,1,234,5,2,23
n7636,n7636,1,234,5,2,24
n7637,n7637,1,234,5,2,25
n7638,n7638,1,234,5,2,26
n7639,n7639,1,234,5,2,27
n7640,n7640,1,234,5,2,28
n7641,n7641,1,234,5,2,29
n7642,n7642,1,234,5,2,30
n7643,n7643,1,234,5,2,31
n7644,n7644,1,234,5,2,32
n7645,n7645,1,234,5,2,33
n7646,n7646,1,234,5,2,34
n7647,n7647,1,234,5,2,35
n7648,n7648,1,234,5,2,36
n7649,n7649,1,234,5,2,37
n7650,n7650,1,234,5,2,38
n7651,n7651,1,234,5,2,39
n7652,n7652,1,234,5,2,40
n7653,n7653,1,234,5,2,41
n7654,n7654,1,234,5,2,42
n7655,n7655,1,234,5,2,43
n7656,n7656,1,234,5,2,44
n7657,n7657,1,234,5,2,45
n7658,n7658,1,234,5,2,46
n7659,n7659,1,234,5,2,47
n7660,n7660,1,234,5,2,48
n7661,n7661,1,234,5,2,49
n7662,n7662,1,234,5,2,50
n7663,n7663,1,234,5,2,51
n7664,n7664,1,234,5,2,52
n7665,n7665,1,234,5,2,53
n7666,n7666,1,234,5,2,54
n7667,n7667,1,234,5,2,55
n7668,n7668,1,234,5,2,56
n7669,n7669,1,234,5,2,57
n7670,n7670,1,234,5,2,58
n7671,n7671,1,234,5,2,59
n7672,n7672,1,234,5,2,60
n7673,n7673,1,234,5,2,61
n7674,n7674,1,234,5,2,62
n7675,n7675,1,234,5,2,63
n7676,n7676,1,235,1,1,1
n7677,n7677,1,235,1,1,2
n7678,n7678,1,235,1,1,3
n7679,n7679,1,235,1,1,4
n7680,n7680,1,235,1,1,5
n7681,n7681,1,235,1,1,6
n7682,n7682,1,235,1,1,7
n7683,n7683,1,235,1,1,8
n7684,n7684,1,235,1,1,9
n7685,n7685,1,235,1,1,10
n7686,n7686,1,235,2,1,1
n7687,n7687,1,235,2,1,2
n7688,n7688,1,235,2,1,3
n7689,n7689,1,235,2,1,4
n7690,n7690,1,235,2,1,5
n7691,n7691,1,235,2,1,6
n7692,n7692,1,235,2,1,7
n7693,n7693,1,235,2,1,8
n7694,n7694,1,235,2,1,9
n7695,n7695,1,235,2,1,10
n7696,n7696,1,235,2,1,11
n7697,n7697,1,235,2,1,12
n7698,n7698,1,235,2,1,13
n7699,n7699,1,235,2,1,14
n7700,n7700,1,235,2,1,15
n7701,n7701,1,235,2,1,16
n7702,n7702,1,235,2,1,17
n7703,n7703,1,235,2,1,18
n7704,n7704,1,235,2,1,19
n7705,n7705,1,235,2,1,20
n7706,n7706,1,235,2,1,21
n7707,n7707,1,235,2,1,22
n7708,n7708,1,235,2,1,23
n7709,n7709,1,235,2,1,24
n7710,n7710,1,235,2,1,25
n7711,n7711,1,235,2,1,26
n7712,n7712,1,235,2,1,27
n7713,n7713,1,235,2,1,28
n7714,n7714,1,235,2,1,29
n7715,n7715,1,235,2,1,30
n7716,n7716,1,235,2,1,31
n7717,n7717,1,235,2,1,32
n7718,n7718,1,235,2,1,33
n7719,n7719,1,235,2,1,34
n7720,n7720,1,235,2,1,35
n7721,n7721,1,235,2,1,36
n7722,n7722,1,235,2,1,37
n7723,n7723,1,235,2,1,38
n7724,n7724,1,235,2,1,39
n7725,n7725,1,235,2,1,40
n7726,n7726,1,235,2,1,41
n7727,n7727,1,235,2,1,42
n7728,n7728,1,235,2,1,43
n7729,n7729,1,235,2,1,44
n7730,n7730,1,235,2,1,45
n7731,n7731,1,235,2,1,46
n7732,n7732,1,235,2,1,47
n7733,n7733,1,235,2,1,48
n7734,n7734,1,235,2,1,49
n7735,n7735,1,235,2,1,50
n7736,n7736,1,235,2,1,51
n7737,n7737,1,235,2,1,52
n7738,n7738,1,235,2,1,53
n7739,n7739,1,235,2,1,54
n7740,n7740,1,235,2,1,55
n7741,n7741,1,235,2,1,56
n7742,n7742,1,235,2,1,57
n7743,n7743,1,235,2,1,58
n7744,n7744,1,235,2,1,59
n7745,n7745,1,235,2,1,60
n7746,n7746,1,235,2,1,61
n7747,n7747,1,235,2,1,62
n7748,n7748,1,235,2,1,63
n7749,n7749,1,235,2,1,64
n7750,n7750,1,235,5,2,1
n7751,n7751,1,235,5,2,2
n7752,n7752,1,235,5,2,3
n7753,n7753,1,235,5,2,4
n7754,n7754,1,235,5,2,5
n7755,n7755,1,235,5,2,6
n7756,n7756,1,235,5,2,7
n7757,n7757,1,235,5,2,8
n7758,n7758,1,235,5,2,9
n7759,n7759,1,235,5,2,10
n7760,n7760,1,235,5,2,11
n7761,n7761,1,235,5,2,12
n7762,n7762,1,235,5,2,13
n7763,n7763,1,235,5,2,14
n7764,n7764,1,235,5,2,15
n7765,n7765,1,235,5,2,16
n7766,n7766,1,235,5,2,17
n7767,n7767,1,235,5,2,18
n7768,n7768,1,235,5,2,19
n7769,n7769,1,235,5,2,20
n7770,n7770,1,235,5,2,21
n7771,n7771,1,235,5,2,22
n7772,n7772,1,235,5,2,23
n7773,n7773,1,235,5,2,24
n7774,n7774,1,235,5,2,25
n7775,n7775,1,235,5,2,26
n7776,n7776,1,235,5,2,27
n7777,n7777,1,235,5,2,28
n7778,n7778,1,235,5,2,29
n7779,n7779,1,235,5,2,30
n7780,n7780,1,235,5,2,31
n7781,n7781,1,235,5,2,32
n7782,n7782,1,235,5,2,33
n7783,n7783,1,235,5,2,34
n7784,n7784,1,235,5,2,35
n7785,n7785,1,235,5,2,36
n7786,n7786,1,235,5,2,37
n7787,n7787,1,235,5,2,38
n7788,n7788,1,235,5,2,39
n7789,n7789,1,235,5,2,40
n7790,n7790,1,235,5,2,41
n7791,n7791,1,235,5,2,42
n7792,n7792,1,235,5,2,43
n7793,n7793,1,235,5,2,44
n7794,n7794,1,235,5,2,45
n7795,n7795,1,235,5,2,46
n7796,n7796,1,235,5,2,47
n7797,n7797,1,235,5,2,48
n7798,n7798,1,235,5,2,49
n7799,n7799,1,235,5,2,50
n7800,n7800,1,235,5,2,51
n7801,n7801,1,235,5,2,52
n7802,n7802,1,235,5,2,53
n7803,n7803,1,235,5,2,54
n7804,n7804,1,235,5,2,55
n7805,n7805,1,235,5,2,56
n7806,n7806,1,235,5,2,57
n7807,n7807,1,235,5,2,58
n7808,n7808,1,235,5,2,59
n7809,n7809,1,235,5,2,60
n7810,n7810,1,235,5,2,61
n7811,n7811,1,235,5,2,62
n7812,n7812,1,235,5,2,63
n7813,n7813,1,235,5,2,64
n7814,n7814,1,236,1,1,1
n7815,n7815,1,236,1,1,2
n7816,n7816,1,236,1,1,3
n7817,n7817,1,236,1,1,4
n7818,n7818,1,236,1,1,5
n7819,n7819,1,236,1,1,6
n7820,n7820,1,236,1,1,7
n7821,n7821,1,236,1,1,8
n7822,n7822,1,236,1,1,9
n7823,n7823,1,236,1,1,10
n7824,n7824,1,236,1,1,11
n7825,n7825,1,236,1,1,12
n7826,n7826,1,236,5,2,1
n7827,n7827,1,236,5,2,2
n7828,n7828,1,236,5,2,3
n7829,n7829,1,236,5,2,4
n7830,n7830,1,236,5,2,5
n7831,n7831,1,236,5,2,6
n7832,n7832,1,236,5,2,7
n7833,n7833,1,236,5,2,8
n7834,n7834,1,236,5,2,9
n7835,n7835,1,236,5,2,10
n7836,n7836,1,236,5,2,11
n7837,n7837,1,236,5,2,12
n7838,n7838,1,236,5,2,13
n7839,n7839,1,236,5,2,14
n7840,n7840,1,236,5,2,15
n7841,n7841,1,236,5,2,16
n7842,n7842,1,236,5,2,17
n7843,n7843,1,236,5,2,18
n7844,n7844,1,236,5,2,19
n7845,n7845,1,236,5,2,20
n7846,n7846,1,236,5,2,21
n7847,n7847,1,236,5,2,22
n7848,n7848,1,236,5,2,23
n7849,n7849,1,236,5,2,24
n7850,n7850,1,236,5,2,25
n7851,n7851,1,236,5,2,26
n7852,n7852,1,236,5,2,27
n7853,n7853,1,236,5,2,28
n7854,n7854,1,236,5,2,29
n7855,n7855,1,236,5,2,30
n7856,n7856,1,236,5,2,31
n7857,n7857,1,236,5,2,32
n7858,n7858,1,236,5,2,33
n7859,n7859,1,236,5,2,34
n7860,n7860,1,236,5,2,35
n7861,n7861,1,236,5,2,36
n7862,n7862,1,236,5,2,37
n7863,n7863,1,236,5,2,38
n7864,n7864,1,236,5,2,39
n7865,n7865,1,236,5,2,40
n7866,n7866,1,236,5,2,41
n7867,n7867,1,236,5,2,42
n7868,n7868,1,236,5,2,43
n7869,n7869,1,236,5,2,44
n7870,n7870,1,236,5,2,45
n7871,n7871,1,236,5,2,46
n7872,n7872,1,236,5,2,47
n7873,n7873,1,236,5,2,48
n7874,n7874,1,236,5,2,49
n7875,n7875,1,236,5,2,50
n7876,n7876,1,236,5,2,51
n7877,n7877,1,236,5,2,52
n7878,n7878,1,236,5,2,53
n7879,n7879,1,236,5,2,54
n7880,n7880,1,236,5,2,55
n7881,n7881,1,236,5,2,56
n7882,n7882,1,236,5,2,57
n7883,n7883,1,236,5,2,58
n7884,n7884,1,236,5,2,59
n7885,n7885,1,236,5,2,60
n7886,n7886,1,236,5,2,61
n7887,n7887,1,236,5,2,62
n7888,n7888,1,236,5,2,63
n7889,n7889,1,236,5,2,64
n7890,n7890,1,237,1,1,1
n7891,n7891,1,237,1,1,2
n7892,n7892,1,237,1,1,3
n7893,n7893,1,237,1,1,4
n7894,n7894,1,237,1,1,5
n7895,n7895,1,237,1,1,6
n7896,n7896,1,237,1,1,7
n7897,n7897,1,237,1,1,8
n7898,n7898,1,237,1,1,9
n7899,n7899,1,237,1,1,10
n7900,n7900,1,237,1,1,11
n7901,n7901,1,237,1,1,12
n7902,n7902,1,237,1,1,13
n7903,n7903,1,237,1,1,14
n7904,n7904,1,237,1,1,15
n7905,n7905,1,237,1,1,16
n7906,n7906,1,237,1,1,17
n7907,n7907,1,237,1,1,18
n7908,n7908,1,237,1,1,19
n7909,n7909,1,237,1,1,20
n7910,n7910,1,237,5,2,1
n7911,n7911,1,237,5,2,2
n7912,n7912,1,237,5,2,3
n7913,n7913,1,237,5,2,4
n7914,n7914,1,237,5,2,5
n7915,n7915,1,237,5,2,6
n7916,n7916,1,237,5,2,7
n7917,n7917,1,237,5,2,8
n7918,n7918,1,237,5,2,9
n7919,n7919,1,237,5,2,10
n7920,n7920,1,237,5,2,11
n7921,n7921,1,237,5,2,12
n7922,n7922,1,237,5,2,13
n7923,n7923,1,237,5,2,14
n7924,n7924,1,237,5,2,15
n7925,n7925,1,237,5,2,16
n7926,n7926,1,237,5,2,17
n7927,n7927,1,237,5,2,18
n7928,n7928,1,237,5,2,19
n7929,n7929,1,237,5,2,20
n7930,n7930,1,237,5,2,21
n7931,n7931,1,237,5,2,22
n7932,n7932,1,237,5,2,23
n7933,n7933,1,237,5,2,24
n7934,n7934,1,237,5,2,25
n7935,n7935,1,237,5,2,26
n7936,n7936,1,237,5,2,27
n7937,n7937,1,237,5,2,28
n7938,n7938,1,237,5,2,29
n7939,n7939,1,237,5,2,30
n7940,n7940,1,237,5,2,31
n7941,n7941,1,237,5,2,32
n7942,n7942,1,237,5,2,33
n7943,n7943,1,237,5,2,34
n7944,n7944,1,237,5,2,35
n7945,n7945,1,237,5,2,36
n7946,n7946,1,237,5,2,37
n7947,n7947,1,237,5,2,38
n7948,n7948,1,237,5,2,39
n7949,n7949,1,237,5,2,40
n7950,n7950,1,237,5,2,41
n7951,n7951,1,237,5,2,42
n7952,n7952,1,237,5,2,43
n7953,n7953,1,237,5,2,44
n7954,n7954,1,237,5,2,45
n7955,n7955,1,237,5,2,46
n7956,n7956,1,237,5,2,47
n7957,n7957,1,237,5,2,48
n7958,n7958,1,237,5,2,49
n7959,n7959,1,237,5,2,50
n7960,n7960,1,237,5,2,51
n7961,n7961,1,237,5,2,52
n7962,n7962,1,237,5,2,53
n7963,n7963,1,237,5,2,54
n7964,n7964,1,237,5,2,55
n7965,n7965,1,237,5,2,56
n7966,n7966,1,237,5,2,57
n7967,n7967,1,237,5,2,58
n7968,n7968,1,237,5,2,59
n7969,n7969,1,237,5,2,60
n7970,n7970,1,237,5,2,61
n7971,n7971,1,237,5,2,62
n7972,n7972,1,237,5,2,63
n7973,n7973,1,237,5,2,64
n7974,n7974,1,238,1,1,1
n7975,n7975,1,238,1,1,2
n7976,n7976,1,238,1,1,3
n7977,n7977,1,238,1,1,4
n7978,n7978,1,238,1,1,5
n7979,n7979,1,238,2,1,1
n7980,n7980,1,238,2,1,2
n7981,n7981,1,238,2,1,3
n7982,n7982,1,238,2,1,4
n7983,n7983,1,238,2,1,5
n7984,n7984,1,238,2,1,6
n7985,n7985,1,238,2,1,7
n7986,n7986,1,238,2,1,8
n7987,n7987,1,238,2,1,9
n7988,n7988,1,238,2,1,10
n7989,n7989,1,238,2,1,11
n7990,n7990,1,238,2,1,12
n7991,n7991,1,238,2,1,13
n7992,n7992,1,238,2,1,14
n7993,n7993,1,238,2,1,15
n7994,n7994,1,238,2,1,16
n7995,n7995,1,238,2,1,17
n7996,n7996,1,238,2,1,18
n7997,n7997,1,238,2,1,19
n7998,n7998,1,238,2,1,20
n7999,n7999,1,238,2,1,21
n8000,n8000,1,238,2,1,22
n8001,n8001,1,238,2,1,23
n8002,n8002,1,238,2,1,24
n8003,n8003,1,238,2,1,25
n8004,n8004,1,238,2,1,26
n8005,n8005,1,238,2,1,27
n8006,n8006,1,238,2,1,28
n8007,n8007,1,238,2,1,29
n8008,n8008,1,238,2,1,30
n8009,n8009,1,238,2,1,31
n8010,n8010,1,238,2,1,32
n8011,n8011,1,238,2,1,33
n8012,n8012,1,238,2,1,34
n8013,n8013,1,238,2,1,35
n8014,n8014,1,238,2,1,36
n8015,n8015,1,238,2,1,37
n8016,n8016,1,238,2,1,38
n8017,n8017,1,238,2,1,39
n8018,n8018,1,238,2,1,40
n8019,n8019,1,238,2,1,41
n8020,n8020,1,238,2,1,42
n8021,n8021,1,238,2,1,43
n8022,n8022,1,238,2,1,44
n8023,n8023,1,238,2,1,45
n8024,n8024,1,238,2,1,46
n8025,n8025,1,238,2,1,47
n8026,n8026,1,238,2,1,48
n8027,n8027,1,238,2,1,49
n8028,n8028,1,238,2,1,50
n8029,n8029,1,238,2,1,51
n8030,n8030,1,238,2,1,52
n8031,n8031,1,238,2,1,53
n8032,n8032,1,238,2,1,54
n8033,n8033,1,238,2,1,55
n8034,n8034,1,238,2,1,56
n8035,n8035,1,238,2,1,57
n8036,n8036,1,238,2,1,58
n8037,n8037,1,238,2,1,59
n8038,n8038,1,238,2,1,60
n8039,n8039,1,238,2,1,61
n8040,n8040,1,238,2,1,62
n8041,n8041,1,238,2,1,63
n8042,n8042,1,238,2,1,64
n8043,n8043,1,238,5,2,1
n8044,n8044,1,238,5,2,2
n8045,n8045,1,238,5,2,3
n8046,n8046,1,238,5,2,4
n8047,n8047,1,238,5,2,5
n8048,n8048,1,238,5,2,6
n8049,n8049,1,238,5,2,7
n8050,n8050,1,238,5,2,8
n8051,n8051,1,238,5,2,9
n8052,n8052,1,238,5,2,10
n8053,n8053,1,238,5,2,11
n8054,n8054,1,238,5,2,12
n8055,n8055,1,238,5,2,13
n8056,n8056,1,238,5,2,14
n8057,n8057,1,238,5,2,15
n8058,n8058,1,238,5,2,16
n8059,n8059,1,238,5,2,17
n8060,n8060,1,238,5,2,18
n8061,n8061,1,238,5,2,19
n8062,n8062,1,238,5,2,20
n8063,n8063,1,238,5,2,21
n8064,n8064,1,238,5,2,22
n8065,n8065,1,238,5,2,23
n8066,n8066,1,238,5,2,24
n8067,n8067,1,238,5,2,25
n8068,n8068,1,238,5,2,26
n8069,n8069,1,238,5,2,27
n8070,n8070,1,238,5,2,28
n8071,n8071,1,238,5,2,29
n8072,n8072,1,238,5,2,30
n8073,n8073,1,238,5,2,31
n8074,n8074,1,238,5,2,32
n8075,n8075,1,238,5,2,33
n8076,n8076,1,238,5,2,34
n8077,n8077,1,238,5,2,35
n8078,n8078,1,238,5,2,36
n8079,n8079,1,238,5,2,37
n8080,n8080,1,238,5,2,38
n8081,n8081,1,238,5,2,39
n8082,n8082,1,238,5,2,40
n8083,n8083,1,238,5,2,41
n8084,n8084,1,238,5,2,42
n8085,n8085,1,238,5,2,43
n8086,n8086,1,238,5,2,44
n8087,n8087,1,238,5,2,45
n8088,n8088,1,238,5,2,46
n8089,n8089,1,238,5,2,47
n8090,n8090,1,238,5,2,48
n8091,n8091,1,238,5,2,49
n8092,n8092,1,238,5,2,50
n8093,n8093,1,238,5,2,51
n8094,n8094,1,238,5,2,52
n8095,n8095,1,238,5,2,53
n8096,n8096,1,238,5,2,54
n8097,n8097,1,238,5,2,55
n8098,n8098,1,238,5,2,56
n8099,n8099,1,238,5,2,57
n8100,n8100,1,238,5,2,58
n8101,n8101,1,238,5,2,59
n8102,n8102,1,238,5,2,60
n8103,n8103,1,238,5,2,61
n8104,n8104,1,238,5,2,62
n8105,n8105,1,238,5,2,63
n8106,n8106,1,238,5,2,64
n8107,n8107,1,239,1,1,1
n8108,n8108,1,239,1,1,2
n8109,n8109,1,239,1,1,3
n8110,n8110,1,239,1,1,4
n8111,n8111,1,239,1,1,5
n8112,n8112,1,239,1,1,6
n8113,n8113,1,239,1,1,7
n8114,n8114,1,239,1,1,8
n8115,n8115,1,239,1,1,9
n8116,n8116,1,239,1,1,10
n8117,n8117,1,239,1,1,11
n8118,n8118,1,239,1,1,12
n8119,n8119,1,239,5,2,1
n8120,n8120,1,239,5,2,2
n8121,n8121,1,239,5,2,3
n8122,n8122,1,239,5,2,4
n8123,n8123,1,239,5,2,5
n8124,n8124,1,239,5,2,6
n8125,n8125,1,239,5,2,7
n8126,n8126,1,239,5,2,8
n8127,n8127,1,239,5,2,9
n8128,n8128,1,239,5,2,10
n8129,n8129,1,239,5,2,11
n8130,n8130,1,239,5,2,12
n8131,n8131,1,239,5,2,13
n8132,n8132,1,239,5,2,14
n8133,n8133,1,239,5,2,15
n8134,n8134,1,239,5,2,16
n8135,n8135,1,239,5,2,17
n8136,n8136,1,239,5,2,18
n8137,n8137,1,239,5,2,19
n8138,n8138,1,239,5,2,20
n8139,n8139,1,239,5,2,21
n8140,n8140,1,239,5,2,22
n8141,n8141,1,239,5,2,23
n8142,n8142,1,239,5,2,24
n8143,n8143,1,239,5,2,25
n8144,n8144,1,239,5,2,26
n8145,n8145,1,239,5,2,27
n8146,n8146,1,239,5,2,28
n8147,n8147,1,239,5,2,29
n8148,n8148,1,239,5,2,30
n8149,n8149,1,239,5,2,31
n8150,n8150,1,239,5,2,32
n8151,n8151,1,239,5,2,33
n8152,n8152,1,239,5,2,34
n8153,n8153,1,239,5,2,35
n8154,n8154,1,239,5,2,36
n8155,n8155,1,239,5,2,37
n8156,n8156,1,239,5,2,38
n8157,n8157,1,239,5,2,39
n8158,n8158,1,239,5,2,40
n8159,n8159,1,239,5,2,41
n8160,n8160,1,239,5,2,42
n8161,n8161,1,239,5,2,43
n8162,n8162,1,239,5,2,44
n8163,n8163,1,239,5,2,45
n8164,n8164,1,239,5,2,46
n8165,n8165,1,239,5,2,47
n8166,n8166,1,239,5,2,48
n8167,n8167,1,239,5,2,49
n8168,n8168,1,239,5,2,50
n8169,n8169,1,239,5,2,51
n8170,n8170,1,239,5,2,52
n8171,n8171,1,239,5,2,53
n8172,n8172,1,239,5,2,54
n8173,n8173,1,239,5,2,55
n8174,n8174,1,239,5,2,56
n8175,n8175,1,239,5,2,57
n8176,n8176,1,239,5,2,58
n8177,n8177,1,239,5,2,59
n8178,n8178,1,239,5,2,60
n8179,n8179,1,239,5,2,61
n8180,n8180,1,239,5,2,62
n8181,n8181,1,239,5,2,63
n8182,n8182,1,239,5,2,64
n8183,n8183,1,240,1,1,1
n8184,n8184,1,240,1,1,2
n8185,n8185,1,240,1,1,3
n8186,n8186,1,240,1,1,4
n8187,n8187,1,240,1,1,5
n8188,n8188,1,240,1,1,6
n8189,n8189,1,240,1,1,7
n8190,n8190,1,240,1,1,8
n8191,n8191,1,240,1,1,9
n8192,n8192,1,240,1,1,10
n8193,n8193,1,240,1,1,11
n8194,n8194,1,240,1,1,12
n8195,n8195,1,240,1,1,13
n8196,n8196,1,240,1,1,14
n8197,n8197,1,240,1,1,15
n8198,n8198,1,240,1,1,16
n8199,n8199,1,240,1,1,17
n8200,n8200,1,240,1,1,18
n8201,n8201,1,240,1,1,19
n8202,n8202,1,240,1,1,20
n8203,n8203,1,240,5,2,1
n8204,n8204,1,240,5,2,2
n8205,n8205,1,240,5,2,3
n8206,n8206,1,240,5,2,4
n8207,n8207,1,240,5,2,5
n8208,n8208,1,240,5,2,6
n8209,n8209,1,240,5,2,7
n8210,n8210,1,240,5,2,8
n8211,n8211,1,240,5,2,9
n8212,n8212,1,240,5,2,10
n8213,n8213,1,240,5,2,11
n8214,n8214,1,240,5,2,12
n8215,n8215,1,240,5,2,13
n8216,n8216,1,240,5,2,14
n8217,n8217,1,240,5,2,15
n8218,n8218,1,240,5,2,16
n8219,n8219,1,240,5,2,17
n8220,n8220,1,240,5,2,18
n8221,n8221,1,240,5,2,19
n8222,n8222,1,240,5,2,20
n8223,n8223,1,240,5,2,21
n8224,n8224,1,240,5,2,22
n8225,n8225,1,240,5,2,23
n8226,n8226,1,240,5,2,24
n8227,n8227,1,240,5,2,25
n8228,n8228,1,240,5,2,26
n8229,n8229,1,240,5,2,27
n8230,n8230,1,240,5,2,28
n8231,n8231,1,240,5,2,29
n8232,n8232,1,240,5,2,30
n8233,n8233,1,240,5,2,31
n8234,n8234,1,240,5,2,32
n8235,n8235,1,240,5,2,33
n8236,n8236,1,240,5,2,34
n8237,n8237,1,240,5,2,35
n8238,n8238,1,240,5,2,36
n8239,n8239,1,240,5,2,37
n8240,n8240,1,240,5,2,38
n8241,n8241,1,240,5,2,39
n8242,n8242,1,240,5,2,40
n8243,n8243,1,240,5,2,41
n8244,n8244,1,240,5,2,42
n8245,n8245,1,240,5,2,43
n8246,n8246,1,240,5,2,44
n8247,n8247,1,240,5,2,45
n8248,n8248,1,240,5,2,46
n8249,n8249,1,240,5,2,47
n8250,n8250,1,240,5,2,48
n8251,n8251,1,240,5,2,49
n8252,n8252,1,240,5,2,50
n8253,n8253,1,240,5,2,51
n8254,n8254,1,240,5,2,52
n8255,n8255,1,240,5,2,53
n8256,n8256,1,240,5,2,54
n8257,n8257,1,240,5,2,55
n8258,n8258,1,240,5,2,56
n8259,n8259,1,240,5,2,57
n8260,n8260,1,240,5,2,58
n8261,n8261,1,240,5,2,59
n8262,n8262,1,240,5,2,60
n8263,n8263,1,240,5,2,61
n8264,n8264,1,240,5,2,62
n8265,n8265,1,240,5,2,63
n8266,n8266,1,240,5,2,64
n8267,n8267,1,241,1,1,1
n8268,n8268,1,241,1,1,2
r42,r42,1,241,1,1,3
n8269,n8269,1,241,1,1,4
n8270,n8270,1,241,1,1,5
n8271,n8271,1,241,1,1,6
n8272,n8272,1,241,1,1,7
n8273,n8273,1,241,1,1,8
n8274,n8274,1,241,2,1,1
n8275,n8275,1,241,2,1,2
n8276,n8276,1,241,2,1,3
n8277,n8277,1,241,2,1,4
n8278,n8278,1,241,5,2,1
n8279,n8279,1,241,5,2,2
n8280,n8280,1,241,5,2,3
n8281,n8281,1,241,5,2,4
n8282,n8282,1,241,5,2,5
n8283,n8283,1,241,5,2,6
n8284,n8284,1,241,5,2,7
n8285,n8285,1,241,5,2,8
n8286,n8286,1,241,5,2,9
n8287,n8287,1,241,5,2,10
n8288,n8288,1,241,5,2,11
n8289,n8289,1,241,5,2,12
n8290,n8290,1,241,5,2,13
n8291,n8291,1,241,5,2,14
n8292,n8292,1,241,5,2,15
n8293,n8293,1,241,5,2,16
n8294,n8294,1,241,5,2,17
n8295,n8295,1,241,5,2,18
n8296,n8296,1,241,5,2,19
n8297,n8297,1,241,5,2,20
n8298,n8298,1,241,5,2,21
n8299,n8299,1,241,5,2,22
n8300,n8300,1,241,5,2,23
n8301,n8301,1,241,5,2,24
n8302,n8302,1,241,5,2,25
n8303,n8303,1,241,5,2,26
n8304,n8304,1,241,5,2,27
n8305,n8305,1,241,5,2,28
n8306,n8306,1,241,5,2,29
n8307,n8307,1,241,5,2,30
n8308,n8308,1,241,5,2,31
n8309,n8309,1,241,5,2,32
n8310,n8310,1,241,5,2,33
n8311,n8311,1,241,5,2,34
n8312,n8312,1,241,5,2,35
n8313,n8313,1,241,5,2,36
n8314,n8314,1,241,5,2,37
n8315,n8315,1,241,5,2,38
n8316,n8316,1,241,5,2,39
n8317,n8317,1,241,5,2,40
n8318,n8318,1,241,5,2,41
n8319,n8319,1,241,5,2,42
n8320,n8320,1,241,5,2,43
n8321,n8321,1,241,5,2,44
n8322,n8322,1,241,5,2,45
n8323,n8323,1,241,5,2,46
n8324,n8324,1,241,5,2,47
n8325,n8325,1,241,5,2,48
n8326,n8326,1,241,5,2,49
n8327,n8327,1,241,5,2,50
n8328,n8328,1,241,5,2,51
n8329,n8329,1,241,5,2,52
n8330,n8330,1,241,5,2,53
n8331,n8331,1,241,5,2,54
n8332,n8332,1,241,5,2,55
n8333,n8333,1,241,5,2,56
n8334,n8334,1,241,5,2,57
n8335,n8335,1,241,5,2,58
n8336,n8336,1,241,5,2,59
n8337,n8337,1,241,5,2,60
n8338,n8338,1,241,5,2,61
n8339,n8339,1,241,5,2,62
n8340,n8340,1,241,5,2,63
n8341,n8341,1,241,5,2,64
n8342,n8342,1,242,1,1,1
n8343,n8343,1,242,1,1,2
n8344,n8344,1,242,1,1,3
r43,r43,1,242,1,1,4
n8345,n8345,1,242,1,1,5
n8346,n8346,1,242,1,1,6
n8347,n8347,1,242,1,1,7
n8348,n8348,1,242,1,1,8
n8349,n8349,1,242,1,1,9
n8350,n8350,1,242,2,1,1
n8351,n8351,1,242,2,1,2
n8352,n8352,1,242,2,1,3
n8353,n8353,1,242,2,1,4
n8354,n8354,1,242,5,2,1
n8355,n8355,1,242,5,2,2
n8356,n8356,1,242,5,2,3
n8357,n8357,1,242,5,2,4
n8358,n8358,1,242,5,2,5
n8359,n8359,1,242,5,2,6
n8360,n8360,1,242,5,2,7
n8361,n8361,1,242,5,2,8
n8362,n8362,1,242,5,2,9
n8363,n8363,1,242,5,2,10
n8364,n8364,1,242,5,2,11
n8365,n8365,1,242,5,2,12
n8366,n8366,1,242,5,2,13
n8367,n8367,1,242,5,2,14
n8368,n8368,1,242,5,2,15
n8369,n8369,1,242,5,2,16
n8370,n8370,1,242,5,2,17
n8371,n8371,1,242,5,2,18
n8372,n8372,1,242,5,2,19
n8373,n8373,1,242,5,2,20
n8374,n8374,1,242,5,2,21
n8375,n8375,1,242,5,2,22
n8376,n8376,1,242,5,2,23
n8377,n8377,1,242,5,2,24
n8378,n8378,1,242,5,2,25
n8379,n8379,1,242,5,2,26
n8380,n8380,1,242,5,2,27
n8381,n8381,1,242,5,2,28
n8382,n8382,1,242,5,2,29
n8383,n8383,1,242,5,2,30
n8384,n8384,1,242,5,2,31
n8385,n8385,1,242,5,2,32
n8386,n8386,1,242,5,2,33
n8387,n8387,1,242,5,2,34
n8388,n8388,1,242,5,2,35
n8389,n8389,1,242,5,2,36
n8390,n8390,1,242,5,2,37
n8391,n8391,1,242,5,2,38
n8392,n8392,1,242,5,2,39
n8393,n8393,1,242,5,2,40
n8394,n8394,1,242,5,2,41
n8395,n8395,1,242,5,2,42
n8396,n8396,1,242,5,2,43
n8397,n8397,1,242,5,2,44
n8398,n8398,1,242,5,2,45
n8399,n8399,1,242,5,2,46
n8400,n8400,1,242,5,2,47
n8401,n8401,1,242,5,2,48
n8402,n8402,1,242,5,2,49
n8403,n8403,1,242,5,2,50
n8404,n8404,1,242,5,2,51
n8405,n8405,1,242,5,2,52
n8406,n8406,1,242,5,2,53
n8407,n8407,1,242,5,2,54
n8408,n8408,1,242,5,2,55
n8409,n8409,1,242,5,2,56
n8410,n8410,1,242,5,2,57
n8411,n8411,1,242,5,2,58
n8412,n8412,1,242,5,2,59
n8413,n8413,1,242,5,2,60
n8414,n8414,1,242,5,2,61
n8415,n8415,1,242,5,2,62
n8416,n8416,1,242,5,2,63
n8417,n8417,1,242,5,2,64
n8418,n8418,1,243,1,1,1
n8419,n8419,1,243,1,1,2
n8420,n8420,1,243,1,1,3
n8421,n8421,1,243,1,1,4
n8422,n8422,1,243,1,1,5
n8423,n8423,1,243,5,2,1
n8424,n8424,1,243,5,2,2
n8425,n8425,1,243,5,2,3
n8426,n8426,1,243,5,2,4
n8427,n8427,1,243,5,2,5
n8428,n8428,1,243,5,2,6
n8429,n8429,1,243,5,2,7
n8430,n8430,1,243,5,2,8
n8431,n8431,1,243,5,2,9
n8432,n8432,1,243,5,2,10
n8433,n8433,1,243,5,2,11
n8434,n8434,1,243,5,2,12
n8435,n8435,1,243,5,2,13
n8436,n8436,1,243,5,2,14
n8437,n8437,1,243,5,2,15
n8438,n8438,1,243,5,2,16
n8439,n8439,1,243,5,2,17
n8440,n8440,1,243,5,2,18
n8441,n8441,1,243,5,2,19
n8442,n8442,1,243,5,2,20
n8443,n8443,1,243,5,2,21
n8444,n8444,1,243,5,2,22
n8445,n8445,1,243,5,2,23
n8446,n8446,1,243,5,2,24
n8447,n8447,1,243,5,2,25
n8448,n8448,1,243,5,2,26
n8449,n8449,1,243,5,2,27
n8450,n8450,1,243,5,2,28
n8451,n8451,1,243,5,2,29
n8452,n8452,1,243,5,2,30
n8453,n8453,1,243,5,2,31
n8454,n8454,1,243,5,2,32
n8455,n8455,1,243,5,2,33
n8456,n8456,1,243,5,2,34
n8457,n8457,1,243,5,2,35
n8458,n8458,1,243,5,2,36
n8459,n8459,1,243,5,2,37
n8460,n8460,1,243,5,2,38
n8461,n8461,1,243,5,2,39
n8462,n8462,1,243,5,2,40
n8463,n8463,1,243,5,2,41
n8464,n8464,1,243,5,2,42
n8465,n8465,1,243,5,2,43
n8466,n8466,1,243,5,2,44
n8467,n8467,1,243,5,2,45
n8468,n8468,1,243,5,2,46
n8469,n8469,1,243,5,2,47
n8470,n8470,1,243,5,2,48
n8471,n8471,1,243,5,2,49
n8472,n8472,1,243,5,2,50
n8473,n8473,1,243,5,2,51
n8474,n8474,1,243,5,2,52
n8475,n8475,1,243,5,2,53
n8476,n8476,1,243,5,2,54
n8477,n8477,1,243,5,2,55
n8478,n8478,1,243,5,2,56
n8479,n8479,1,243,5,2,57
n8480,n8480,1,243,5,2,58
n8481,n8481,1,243,5,2,59
n8482,n8482,1,243,5,2,60
n8483,n8483,1,243,5,2,61
n8484,n8484,1,243,5,2,62
n8485,n8485,1,243,5,2,63
n8486,n8486,1,243,5,2,64
n8487,n8487,1,244,1,1,1
n8488,n8488,1,244,1,1,2
n8489,n8489,1,244,1,1,3
n8490,n8490,1,244,1,1,4
n8491,n8491,1,244,1,1,5
n8492,n8492,1,244,5,2,1
n8493,n8493,1,244,5,2,2
n8494,n8494,1,244,5,2,3
n8495,n8495,1,244,5,2,4
n8496,n8496,1,244,5,2,5
n8497,n8497,1,245,1,1,1
n8498,n8498,1,245,1,1,2
n8499,n8499,1,245,1,1,3
n8500,n8500,1,245,1,1,4
n8501,n8501,1,245,1,1,5
n8502,n8502,1,245,5,2,1
n8503,n8503,1,245,5,2,2
n8504,n8504,1,245,5,2,3
n8505,n8505,1,245,5,2,4
n8506,n8506,1,245,5,2,5
n8507,n8507,1,246,1,1,1
n8508,n8508,1,246,1,1,2
n8509,n8509,1,246,1,1,3
n8510,n8510,1,246,1,1,4
n8511,n8511,1,246,1,1,5
n8512,n8512,1,246,1,1,6
n8513,n8513,1,246,1,1,7
n8514,n8514,1,246,1,1,8
n8515,n8515,1,246,1,1,9
n8516,n8516,1,246,5,2,1
n8517,n8517,1,246,5,2,2
n8518,n8518,1,246,5,2,3
n8519,n8519,1,246,5,2,4
n8520,n8520,1,246,5,2,5
n8521,n8521,1,246,5,2,6
n8522,n8522,1,246,5,2,7
n8523,n8523,1,246,5,2,8
n8524,n8524,1,246,5,2,9
n8525,n8525,1,247,1,1,1
n8526,n8526,1,247,1,1,2
n8527,n8527,1,247,1,1,3
n8528,n8528,1,247,1,1,4
n8529,n8529,1,247,1,1,5
n8530,n8530,1,247,1,1,6
n8531,n8531,1,247,1,1,7
n8532,n8532,1,247,1,1,8
n8533,n8533,1,247,1,1,9
n8534,n8534,1,247,5,2,1
n8535,n8535,1,247,5,2,2
n8536,n8536,1,247,5,2,3
n8537,n8537,1,247,5,2,4
n8538,n8538,1,247,5,2,5
n8539,n8539,1,247,5,2,6
n8540,n8540,1,247,5,2,7
n8541,n8541,1,247,5,2,8
n8542,n8542,1,247,5,2,9
n8543,n8543,1,248,1,1,1
n8544,n8544,1,248,1,1,2
n8545,n8545,1,248,1,1,3
n8546,n8546,1,248,1,1,4
n8547,n8547,1,248,1,1,5
n8548,n8548,1,248,1,1,6
n8549,n8549,1,248,1,1,7
n8550,n8550,1,248,5,2,1
n8551,n8551,1,248,5,2,2
n8552,n8552,1,248,5,2,3
n8553,n8553,1,248,5,2,4
n8554,n8554,1,248,5,2,5
n8555,n8555,1,249,1,1,1
n8556,n8556,1,249,1,1,2
n8557,n8557,1,249,1,1,3
n8558,n8558,1,249,1,1,4
n8559,n8559,1,249,1,1,5
n8560,n8560,1,249,5,2,1
n8561,n8561,1,250,1,1,1
n8562,n8562,1,250,1,1,2
n8563,n8563,1,250,1,1,3
n8564,n8564,1,250,1,1,4
n8565,n8565,1,250,5,2,1
n8566,n8566,1,250,5,2,2
n8567,n8567,1,250,5,2,3
n8568,n8568,1,250,5,2,4
n8569,n8569,1,250,5,2,5
n8570,n8570,1,250,5,2,6
n8571,n8571,1,251,1,1,1
n8572,n8572,1,251,1,1,2
n8573,n8573,1,251,1,2,1
n8574,n8574,1,251,1,2,2
n8575,n8575,1,251,1,2,3
n8576,n8576,1,251,5,2,1
n8577,n8577,1,251,5,2,2
n8578,n8578,1,251,5,2,3
n8579,n8579,1,251,5,2,4
n8580,n8580,1,251,5,2,5
n8581,n8581,1,252,1,1,1
n8582,n8582,1,252,1,1,2
n8583,n8583,1,252,1,1,3
n8584,n8584,1,252,1,1,4
n8585,n8585,1,252,1,1,5
n8586,n8586,1,252,1,1,6
n8587,n8587,1,252,1,1,7
n8588,n8588,1,252,1,1,8
n8589,n8589,1,252,1,1,9
n8590,n8590,1,252,5,2,1
n8591,n8591,1,252,5,2,2
n8592,n8592,1,252,5,2,3
n8593,n8593,1,252,5,2,4
n8594,n8594,1,252,5,2,5
n8595,n8595,1,252,5,2,6
n8596,n8596,1,252,5,2,7
n8597,n8597,1,252,5,2,8
n8598,n8598,1,252,5,2,9
n8599,n8599,1,253,1,1,1
n8600,n8600,1,253,1,1,2
n8601,n8601,1,253,1,1,3
n8602,n8602,1,253,1,1,4
n8603,n8603,1,253,1,1,5
n8604,n8604,1,253,1,1,6
n8605,n8605,1,253,1,1,7
n8606,n8606,1,253,1,1,8
n8607,n8607,1,253,1,1,9
n8608,n8608,1,253,5,2,1
n8609,n8609,1,253,5,2,2
n8610,n8610,1,253,5,2,3
n8611,n8611,1,253,5,2,4
n8612,n8612,1,253,5,2,5
n8613,n8613,1,253,5,2,6
n8614,n8614,1,253,5,2,7
n8615,n8615,1,253,5,2,8
n8616,n8616,1,253,5,2,9
n8617,n8617,1,254,1,1,1
n8618,n8618,1,254,1,1,2
n8619,n8619,1,254,1,1,3
n8620,n8620,1,254,1,1,4
n8621,n8621,1,254,1,1,5
n8622,n8622,1,254,1,1,6
n8623,n8623,1,254,1,1,7
n8624,n8624,1,254,5,2,1
n8625,n8625,1,254,5,2,2
n8626,n8626,1,254,5,2,3
n8627,n8627,1,254,5,2,4
n8628,n8628,1,255,1,1,1
n8629,n8629,1,255,1,1,2
n8630,n8630,1,255,1,1,3
n8631,n8631,1,255,1,1,4
n8632,n8632,1,255,1,1,5
n8633,n8633,1,255,5,2,1
n8634,n8634,1,256,1,1,1
n8635,n8635,1,256,1,1,2
n8636,n8636,1,256,1,1,3
n8637,n8637,1,256,1,1,4
n8638,n8638,1,256,5,2,1
n8639,n8639,1,256,5,2,2
n8640,n8640,1,256,6,1,1
n8641,n8641,1,256,6,1,2
n8642,n8642,1,256,6,1,3
n8643,n8643,1,256,6,1,4
n8644,n8644,1,257,1,1,1
n8645,n8645,1,257,1,1,2
n8646,n8646,1,257,1,1,3
n8647,n8647,1,257,1,1,4
n8648,n8648,1,257,1,1,5
n8649,n8649,1,257,5,2,1
n8650,n8650,1,257,5,2,2
n8651,n8651,1,257,5,2,3
n8652,n8652,1,257,5,2,4
n8653,n8653,1,257,5,2,5
n8654,n8654,1,258,1,1,1
n8655,n8655,1,258,1,1,2
n8656,n8656,1,258,1,1,3
n8657,n8657,1,258,1,1,4
n8658,n8658,1,258,1,1,5
n8659,n8659,1,258,1,1,6
n8660,n8660,1,258,1,1,7
n8661,n8661,1,258,1,1,8
n8662,n8662,1,258,1,1,9
n8663,n8663,1,258,1,1,10
n8664,n8664,1,258,1,1,11
n8665,n8665,1,258,1,1,12
n8666,n8666,1,258,5,2,1
n8667,n8667,1,258,5,2,2
n8668,n8668,1,258,5,2,3
n8669,n8669,1,258,5,2,4
n8670,n8670,1,258,5,2,5
n8671,n8671,1,259,1,1,1
n8672,n8672,1,259,1,1,2
n8673,n8673,1,259,1,1,3
n8674,n8674,1,259,1,1,4
n8675,n8675,1,259,1,1,5
n8676,n8676,1,259,5,2,1
n8677,n8677,1,259,5,2,2
n8678,n8678,1,259,5,2,3
n8679,n8679,1,259,5,2,4
n8680,n8680,1,259,5,2,5
n8681,n8681,1,260,1,1,1
n8682,n8682,1,260,1,1,2
n8683,n8683,1,260,1,1,3
n8684,n8684,1,260,1,1,4
n8685,n8685,1,260,1,1,5
n8686,n8686,1,260,1,1,6
n8687,n8687,1,260,1,1,7
n8688,n8688,1,260,1,1,8
n8689,n8689,1,260,1,1,9
n8690,n8690,1,260,1,1,10
n8691,n8691,1,260,1,1,11
n8692,n8692,1,260,1,1,12
n8693,n8693,1,260,5,2,1
n8694,n8694,1,260,5,2,2
n8695,n8695,1,260,5,2,3
n8696,n8696,1,260,5,2,4
n8697,n8697,1,260,5,2,5
n8698,n8698,1,261,1,1,1
n8699,n8699,1,261,1,1,2
n8700,n8700,1,261,1,1,3
n8701,n8701,1,261,1,1,4
n8702,n8702,1,261,1,1,5
n8703,n8703,1,261,5,2,1
n8704,n8704,1,261,5,2,2
n8705,n8705,1,261,5,2,3
n8706,n8706,1,261,5,2,4
n8707,n8707,1,261,5,2,5
n8708,n8708,1,262,1,1,1
n8709,n8709,1,262,1,1,2
n8710,n8710,1,262,1,1,3
n8711,n8711,1,262,1,1,4
n8712,n8712,1,262,1,1,5
n8713,n8713,1,262,5,2,1
n8714,n8714,1,262,5,2,2
n8715,n8715,1,262,5,2,3
n8716,n8716,1,262,5,2,4
n8717,n8717,1,262,5,2,5
n8718,n8718,1,262,5,2,6
n8719,n8719,1,263,1,1,1
n8720,n8720,1,263,1,1,2
n8721,n8721,1,263,1,1,3
n8722,n8722,1,263,1,1,4
n8723,n8723,1,263,1,1,5
n8724,n8724,1,263,5,2,1
n8725,n8725,1,263,5,2,2
n8726,n8726,1,263,5,2,3
n8727,n8727,1,263,5,2,4
n8728,n8728,1,263,5,2,5
n8729,n8729,1,264,1,1,1
n8730,n8730,1,264,1,1,2
n8731,n8731,1,264,1,1,3
n8732,n8732,1,264,1,1,4
n8733,n8733,1,264,1,1,5
n8734,n8734,1,264,5,2,1
n8735,n8735,1,264,5,2,2
n8736,n8736,1,264,5,2,3
n8737,n8737,1,264,5,2,4
n8738,n8738,1,264,5,2,5
n8739,n8739,1,265,1,1,1
n8740,n8740,1,265,1,1,2
n8741,n8741,1,265,1,1,3
n8742,n8742,1,265,1,1,4
n8743,n8743,1,265,1,1,5
n8744,n8744,1,265,5,2,1
n8745,n8745,1,265,5,2,2
n8746,n8746,1,265,5,2,3
n8747,n8747,1,265,5,2,4
n8748,n8748,1,265,5,2,5
n8749,n8749,1,266,1,1,1
n8750,n8750,1,266,1,1,2
n8751,n8751,1,266,1,1,3
n8752,n8752,1,266,1,1,4
n8753,n8753,1,266,1,1,5
n8754,n8754,1,266,1,1,6
n8755,n8755,1,266,1,1,7
n8756,n8756,1,266,1,1,8
n8757,n8757,1,266,1,1,9
n8758,n8758,1,266,5,2,1
n8759,n8759,1,266,5,2,2
n8760,n8760,1,266,5,2,3
n8761,n8761,1,266,5,2,4
n8762,n8762,1,266,5,2,5
n8763,n8763,1,266,5,2,6
n8764,n8764,1,267,1,1,1
n8765,n8765,1,267,1,1,2
n8766,n8766,1,267,1,1,3
n8767,n8767,1,267,1,1,4
n8768,n8768,1,267,1,1,5
n8769,n8769,1,267,1,1,6
n8770,n8770,1,267,1,1,7
n8771,n8771,1,267,1,1,8
n8772,n8772,1,267,1,1,9
n8773,n8773,1,267,5,2,1
n8774,n8774,1,267,5,2,2
n8775,n8775,1,267,5,2,3
n8776,n8776,1,267,5,2,4
n8777,n8777,1,267,5,2,5
n8778,n8778,1,267,5,2,6
n8779,n8779,1,268,1,1,1
n8780,n8780,1,268,1,1,2
n8781,n8781,1,268,1,1,3
n8782,n8782,1,268,1,1,4
n8783,n8783,1,268,1,1,5
n8784,n8784,1,268,1,1,6
n8785,n8785,1,268,1,1,7
n8786,n8786,1,268,1,1,8
n8787,n8787,1,268,1,1,9
n8788,n8788,1,268,5,2,1
n8789,n8789,1,268,5,2,2
n8790,n8790,1,268,5,2,3
n8791,n8791,1,268,5,2,4
n8792,n8792,1,268,5,2,5
n8793,n8793,1,268,5,2,6
n8794,n8794,1,269,1,1,1
n8795,n8795,1,269,1,1,2
n8796,n8796,1,269,1,1,3
n8797,n8797,1,269,1,1,4
n8798,n8798,1,269,1,1,5
n8799,n8799,1,269,1,1,6
n8800,n8800,1,269,1,1,7
n8801,n8801,1,269,1,1,8
n8802,n8802,1,269,1,1,9
n8803,n8803,1,269,5,2,1
n8804,n8804,1,269,5,2,2
n8805,n8805,1,269,5,2,3
n8806,n8806,1,269,5,2,4
n8807,n8807,1,269,5,2,5
n8808,n8808,1,269,5,2,6
n8809,n8809,1,270,1,1,1
n8810,n8810,1,270,1,1,2
n8811,n8811,1,270,1,1,3
n8812,n8812,1,270,1,1,4
n8813,n8813,1,270,1,1,5
n8814,n8814,1,270,1,1,6
n8815,n8815,1,270,1,1,7
n8816,n8816,1,270,1,1,8
n8817,n8817,1,270,1,1,9
n8818,n8818,1,270,1,1,10
n8819,n8819,1,270,1,1,11
n8820,n8820,1,270,5,2,1
n8821,n8821,1,270,5,2,2
n8822,n8822,1,270,5,2,3
n8823,n8823,1,270,5,2,4
n8824,n8824,1,270,5,2,5
n8825,n8825,1,270,5,2,6
n8826,n8826,1,271,1,1,1
n8827,n8827,1,271,1,1,2
n8828,n8828,1,271,1,1,3
n8829,n8829,1,271,1,1,4
n8830,n8830,1,271,1,1,5
n8831,n8831,1,271,1,1,6
n8832,n8832,1,271,1,1,7
n8833,n8833,1,271,1,1,8
n8834,n8834,1,271,1,1,9
n8835,n8835,1,271,1,1,10
n8836,n8836,1,271,1,1,11
n8837,n8837,1,271,1,1,12
n8838,n8838,1,271,5,2,1
n8839,n8839,1,271,5,2,2
n8840,n8840,1,271,5,2,3
n8841,n8841,1,271,5,2,4
n8842,n8842,1,271,5,2,5
n8843,n8843,1,271,5,2,6
n8844,n8844,1,272,1,1,1
n8845,n8845,1,272,1,1,2
n8846,n8846,1,272,1,1,3
n8847,n8847,1,272,1,1,4
n8848,n8848,1,272,1,1,5
n8849,n8849,1,272,1,1,6
n8850,n8850,1,272,1,1,7
n8851,n8851,1,272,1,1,8
n8852,n8852,1,272,1,1,9
n8853,n8853,1,272,5,2,1
n8854,n8854,1,272,5,2,2
n8855,n8855,1,272,5,2,3
n8856,n8856,1,272,5,2,4
n8857,n8857,1,272,5,2,5
n8858,n8858,1,273,1,1,1
n8859,n8859,1,273,1,1,2
n8860,n8860,1,273,1,1,3
n8861,n8861,1,273,1,1,4
n8862,n8862,1,273,1,1,5
n8863,n8863,1,273,1,1,6
n8864,n8864,1,273,1,1,7
n8865,n8865,1,273,1,1,8
n8866,n8866,1,273,5,2,1
n8867,n8867,1,273,5,2,2
n8868,n8868,1,273,5,2,3
n8869,n8869,1,273,5,2,4
n8870,n8870,1,274,1,1,1
n8871,n8871,1,274,1,1,2
n8872,n8872,1,274,1,1,3
n8873,n8873,1,274,1,1,4
n8874,n8874,1,274,1,1,5
n8875,n8875,1,274,1,1,6
n8876,n8876,1,274,1,1,7
n8877,n8877,1,274,1,1,8
n8878,n8878,1,274,1,1,9
n8879,n8879,1,274,5,2,1
n8880,n8880,1,274,5,2,2
n8881,n8881,1,274,5,2,3
n8882,n8882,1,274,5,2,4
n8883,n8883,1,274,5,2,5
n8884,n8884,1,274,5,2,6
n8885,n8885,1,274,5,2,7
n8886,n8886,1,274,5,2,8
n8887,n8887,1,274,5,2,9
n8888,n8888,1,275,1,1,1
n8889,n8889,1,275,1,1,2
n8890,n8890,1,275,1,1,3
n8891,n8891,1,275,1,1,4
n8892,n8892,1,275,1,1,5
n8893,n8893,1,275,1,1,6
n8894,n8894,1,275,1,1,7
n8895,n8895,1,275,1,1,8
n8896,n8896,1,275,1,1,9
n8897,n8897,1,275,5,2,1
n8898,n8898,1,275,5,2,2
n8899,n8899,1,275,5,2,3
n8900,n8900,1,275,5,2,4
n8901,n8901,1,275,5,2,5
n8902,n8902,1,275,5,2,6
n8903,n8903,1,275,5,2,7
n8904,n8904,1,275,5,2,8
n8905,n8905,1,275,5,2,9
n8906,n8906,1,276,1,1,1
n8907,n8907,1,276,1,1,2
n8908,n8908,1,276,1,1,3
n8909,n8909,1,276,1,1,4
n8910,n8910,1,276,1,1,5
n8911,n8911,1,276,1,1,6
n8912,n8912,1,276,1,1,7
n8913,n8913,1,276,5,2,1
n8914,n8914,1,276,5,2,2
n8915,n8915,1,276,5,2,3
n8916,n8916,1,276,5,2,4
n8917,n8917,1,276,5,2,5
n8918,n8918,1,277,1,1,1
n8919,n8919,1,277,1,1,2
n8920,n8920,1,277,1,1,3
n8921,n8921,1,277,1,1,4
n8922,n8922,1,277,1,1,5
n8923,n8923,1,277,5,2,1
n8924,n8924,1,278,1,1,1
n8925,n8925,1,278,1,1,2
n8926,n8926,1,278,1,1,3
n8927,n8927,1,278,1,1,4
n8928,n8928,1,278,5,2,1
n8929,n8929,1,278,5,2,2
n8930,n8930,1,278,5,2,3
n8931,n8931,1,278,5,2,4
n8932,n8932,1,278,5,2,5
n8933,n8933,1,278,5,2,6
n8934,n8934,1,279,1,1,1
n8935,n8935,1,279,1,1,2
n8936,n8936,1,279,1,2,1
n8937,n8937,1,279,1,2,2
n8938,n8938,1,279,1,2,3
n8939,n8939,1,279,5,2,1
n8940,n8940,1,279,5,2,2
n8941,n8941,1,279,5,2,3
n8942,n8942,1,279,5,2,4
n8943,n8943,1,279,5,2,5
n8944,n8944,1,280,1,1,1
n8945,n8945,1,280,1,1,2
n8946,n8946,1,280,1,1,3
n8947,n8947,1,280,1,1,4
n8948,n8948,1,280,1,1,5
n8949,n8949,1,280,1,1,6
n8950,n8950,1,280,1,1,7
n8951,n8951,1,280,1,1,8
n8952,n8952,1,280,1,1,9
n8953,n8953,1,280,5,2,1
n8954,n8954,1,280,5,2,2
n8955,n8955,1,280,5,2,3
n8956,n8956,1,280,5,2,4
n8957,n8957,1,280,5,2,5
n8958,n8958,1,280,5,2,6
n8959,n8959,1,280,5,2,7
n8960,n8960,1,280,5,2,8
n8961,n8961,1,280,5,2,9
n8962,n8962,1,281,1,1,1
n8963,n8963,1,281,1,1,2
n8964,n8964,1,281,1,1,3
n8965,n8965,1,281,1,1,4
n8966,n8966,1,281,1,1,5
n8967,n8967,1,281,1,1,6
n8968,n8968,1,281,1,1,7
n8969,n8969,1,281,1,1,8
n8970,n8970,1,281,1,1,9
n8971,n8971,1,281,5,2,1
n8972,n8972,1,281,5,2,2
n8973,n8973,1,281,5,2,3
n8974,n8974,1,281,5,2,4
n8975,n8975,1,281,5,2,5
n8976,n8976,1,281,5,2,6
n8977,n8977,1,281,5,2,7
n8978,n8978,1,281,5,2,8
n8979,n8979,1,281,5,2,9
n8980,n8980,1,282,1,1,1
n8981,n8981,1,282,1,1,2
n8982,n8982,1,282,1,1,3
n8983,n8983,1,282,1,1,4
n8984,n8984,1,282,1,1,5
n8985,n8985,1,282,1,1,6
n8986,n8986,1,282,1,1,7
n8987,n8987,1,282,5,2,1
n8988,n8988,1,282,5,2,2
n8989,n8989,1,282,5,2,3
n8990,n8990,1,282,5,2,4
n8991,n8991,1,283,1,1,1
n8992,n8992,1,283,1,1,2
n8993,n8993,1,283,1,1,3
n8994,n8994,1,283,1,1,4
n8995,n8995,1,283,1,1,5
n8996,n8996,1,283,5,2,1
n8997,n8997,1,284,1,1,1
n8998,n8998,1,284,1,1,2
n8999,n8999,1,284,1,1,3
n9000,n9000,1,284,1,1,4
n9001,n9001,1,284,5,2,1
n9002,n9002,1,284,5,2,2
n9003,n9003,1,284,6,1,1
n9004,n9004,1,284,6,1,2
n9005,n9005,1,284,6,1,3
n9006,n9006,1,284,6,1,4
n9007,n9007,1,285,1,1,1
n9008,n9008,1,285,1,1,2
n9009,n9009,1,285,1,1,3
n9010,n9010,1,285,1,1,4
n9011,n9011,1,285,1,1,5
n9012,n9012,1,285,5,2,1
n9013,n9013,1,285,5,2,2
n9014,n9014,1,285,5,2,3
n9015,n9015,1,285,5,2,4
n9016,n9016,1,285,5,2,5
n9017,n9017,1,286,1,1,1
n9018,n9018,1,286,1,1,2
n9019,n9019,1,286,1,1,3
n9020,n9020,1,286,1,1,4
n9021,n9021,1,286,1,1,5
n9022,n9022,1,286,5,2,1
n9023,n9023,1,286,5,2,2
n9024,n9024,1,286,5,2,3
n9025,n9025,1,286,5,2,4
n9026,n9026,1,286,5,2,5
n9027,n9027,1,286,5,2,6
n9028,n9028,1,286,5,2,7
n9029,n9029,1,286,5,2,8
n9030,n9030,1,286,5,2,9
n9031,n9031,1,287,1,1,1
n9032,n9032,1,287,1,1,2
n9033,n9033,1,287,1,1,3
n9034,n9034,1,287,5,2,1
n9035,n9035,1,287,5,2,2
n9036,n9036,1,287,5,2,3
n9037,n9037,1,287,5,2,4
n9038,n9038,1,287,5,2,5
n9039,n9039,1,287,5,2,6
n9040,n9040,1,288,1,1,1
n9041,n9041,1,288,1,1,2
n9042,n9042,1,288,1,1,3
n9043,n9043,1,288,1,1,4
n9044,n9044,1,288,1,1,5
n9045,n9045,1,288,5,2,1
n9046,n9046,1,288,5,2,2
n9047,n9047,1,288,5,2,3
n9048,n9048,1,288,5,2,4
n9049,n9049,1,288,5,2,5
n9050,n9050,1,288,5,2,6
n9051,n9051,1,288,5,2,7
n9052,n9052,1,288,5,2,8
n9053,n9053,1,288,5,2,9
n9054,n9054,1,289,1,1,1
n9055,n9055,1,289,1,1,2
n9056,n9056,1,289,1,1,3
n9057,n9057,1,289,5,2,1
n9058,n9058,1,289,5,2,2
n9059,n9059,1,289,5,2,3
n9060,n9060,1,289,5,2,4
n9061,n9061,1,289,5,2,5
n9062,n9062,1,289,5,2,6
n9063,n9063,1,290,1,1,1
n9064,n9064,1,290,1,1,2
n9065,n9065,1,290,1,1,3
n9066,n9066,1,290,1,1,4
n9067,n9067,1,290,1,1,5
n9068,n9068,1,290,5,2,1
n9069,n9069,1,290,5,2,2
n9070,n9070,1,290,6,1,1
n9071,n9071,1,290,6,1,2
n9072,n9072,1,290,6,1,3
n9073,n9073,1,291,1,1,1
n9074,n9074,1,291,1,1,2
n9075,n9075,1,291,1,1,3
n9076,n9076,1,291,1,1,4
n9077,n9077,1,291,1,1,5
n9078,n9078,1,291,5,2,1
n9079,n9079,1,291,5,2,2
n9080,n9080,1,291,6,1,1
n9081,n9081,1,291,6,1,2
n9082,n9082,1,291,6,1,3
n9083,n9083,1,292,1,1,1
n9084,n9084,1,292,1,1,2
n9085,n9085,1,292,1,1,3
n9086,n9086,1,292,1,1,4
n9087,n9087,1,292,1,1,5
n9088,n9088,1,292,5,2,1
n9089,n9089,1,292,5,2,2
n9090,n9090,1,292,6,1,1
n9091,n9091,1,292,6,1,2
n9092,n9092,1,292,6,1,3
n9093,n9093,1,293,1,1,1
n9094,n9094,1,293,1,1,2
n9095,n9095,1,293,1,1,3
n9096,n9096,1,293,1,1,4
n9097,n9097,1,293,1,1,5
n9098,n9098,1,293,5,2,1
n9099,n9099,1,293,5,2,2
n9100,n9100,1,293,6,1,1
n9101,n9101,1,293,6,1,2
n9102,n9102,1,293,6,1,3
n9103,n9103,1,294,1,1,1
n9104,n9104,1,294,1,1,2
n9105,n9105,1,294,1,1,3
n9106,n9106,1,294,1,1,4
n9107,n9107,1,294,1,1,5
n9108,n9108,1,294,1,1,6
n9109,n9109,1,294,1,1,7
n9110,n9110,1,294,1,1,8
n9111,n9111,1,294,1,1,9
n9112,n9112,1,294,5,2,1
n9113,n9113,1,294,5,2,2
n9114,n9114,1,294,5,2,3
n9115,n9115,1,294,5,2,4
n9116,n9116,1,294,5,2,5
n9117,n9117,1,294,5,2,6
n9118,n9118,1,295,1,1,1
n9119,n9119,1,295,1,1,2
n9120,n9120,1,295,1,1,3
n9121,n9121,1,295,1,1,4
n9122,n9122,1,295,1,1,5
n9123,n9123,1,295,1,1,6
n9124,n9124,1,295,1,1,7
n9125,n9125,1,295,1,1,8
n9126,n9126,1,295,1,1,9
n9127,n9127,1,295,5,2,1
n9128,n9128,1,295,5,2,2
n9129,n9129,1,295,5,2,3
n9130,n9130,1,295,5,2,4
n9131,n9131,1,295,5,2,5
n9132,n9132,1,295,5,2,6
n9133,n9133,1,296,1,1,1
n9134,n9134,1,296,1,1,2
n9135,n9135,1,296,1,1,3
n9136,n9136,1,296,1,1,4
n9137,n9137,1,296,1,1,5
n9138,n9138,1,296,1,1,6
n9139,n9139,1,296,1,1,7
n9140,n9140,1,296,1,1,8
n9141,n9141,1,296,1,1,9
n9142,n9142,1,296,5,2,1
n9143,n9143,1,296,5,2,2
n9144,n9144,1,296,5,2,3
n9145,n9145,1,296,5,2,4
n9146,n9146,1,296,5,2,5
n9147,n9147,1,296,5,2,6
n9148,n9148,1,297,1,1,1
n9149,n9149,1,297,1,1,2
n9150,n9150,1,297,1,1,3
n9151,n9151,1,297,1,1,4
n9152,n9152,1,297,1,1,5
n9153,n9153,1,297,1,1,6
n9154,n9154,1,297,1,1,7
n9155,n9155,1,297,1,1,8
n9156,n9156,1,297,1,1,9
n9157,n9157,1,297,5,2,1
n9158,n9158,1,297,5,2,2
n9159,n9159,1,297,5,2,3
n9160,n9160,1,297,5,2,4
n9161,n9161,1,297,5,2,5
n9162,n9162,1,297,5,2,6
n9163,n9163,1,298,1,1,1
n9164,n9164,1,298,1,1,2
n9165,n9165,1,298,1,1,3
n9166,n9166,1,298,1,1,4
n9167,n9167,1,298,1,1,5
n9168,n9168,1,298,1,1,6
n9169,n9169,1,298,1,1,7
n9170,n9170,1,298,1,1,8
n9171,n9171,1,298,1,1,9
n9172,n9172,1,298,1,1,10
n9173,n9173,1,298,1,1,11
n9174,n9174,1,298,5,2,1
n9175,n9175,1,298,5,2,2
n9176,n9176,1,298,5,2,3
n9177,n9177,1,298,5,2,4
n9178,n9178,1,298,5,2,5
n9179,n9179,1,298,5,2,6
n9180,n9180,1,299,1,1,1
n9181,n9181,1,299,1,1,2
n9182,n9182,1,299,1,1,3
n9183,n9183,1,299,1,1,4
n9184,n9184,1,299,1,1,5
n9185,n9185,1,299,1,1,6
n9186,n9186,1,299,1,1,7
n9187,n9187,1,299,1,1,8
n9188,n9188,1,299,1,1,9
n9189,n9189,1,299,1,1,10
n9190,n9190,1,299,1,1,11
n9191,n9191,1,299,1,1,12
n9192,n9192,1,299,5,2,1
n9193,n9193,1,299,5,2,2
n9194,n9194,1,299,5,2,3
n9195,n9195,1,299,5,2,4
n9196,n9196,1,299,5,2,5
n9197,n9197,1,299,5,2,6
n9198,n9198,1,300,1,1,1
n9199,n9199,1,300,1,1,2
n9200,n9200,1,300,1,1,3
n9201,n9201,1,300,1,1,4
n9202,n9202,1,300,1,1,5
n9203,n9203,1,300,1,1,6
n9204,n9204,1,300,1,1,7
n9205,n9205,1,300,1,1,8
n9206,n9206,1,300,1,1,9
n9207,n9207,1,300,5,2,1
n9208,n9208,1,300,5,2,2
n9209,n9209,1,300,5,2,3
n9210,n9210,1,300,5,2,4
n9211,n9211,1,300,5,2,5
n9212,n9212,1,301,1,1,1
n9213,n9213,1,301,1,1,2
n9214,n9214,1,301,1,1,3
n9215,n9215,1,301,1,1,4
n9216,n9216,1,301,1,1,5
n9217,n9217,1,301,1,1,6
n9218,n9218,1,301,1,1,7
n9219,n9219,1,301,1,1,8
n9220,n9220,1,301,5,2,1
n9221,n9221,1,301,5,2,2
n9222,n9222,1,301,5,2,3
n9223,n9223,1,301,5,2,4
n9224,n9224,1,302,1,1,1
n9225,n9225,1,302,5,2,1
n9226,n9226,1,302,5,2,2
n9227,n9227,1,302,5,2,3
n9228,n9228,1,302,5,2,4
n9229,n9229,1,302,5,2,5
n9230,n9230,1,302,5,2,6
n9231,n9231,1,303,1,1,1
n9232,n9232,1,303,5,2,1
n9233,n9233,1,303,5,2,2
n9234,n9234,1,303,5,2,3
n9235,n9235,1,303,5,2,4
n9236,n9236,1,303,5,2,5
n9237,n9237,1,303,5,2,6
n9238,n9238,1,304,1,1,1
n9239,n9239,1,304,1,1,2
n9240,n9240,1,304,1,1,3
n9241,n9241,1,304,1,1,4
n9242,n9242,1,304,1,1,5
n9243,n9243,1,304,1,1,6
n9244,n9244,1,304,1,1,7
n9245,n9245,1,304,1,2,1
n9246,n9246,1,304,1,2,2
n9247,n9247,1,304,5,2,1
n9248,n9248,1,304,5,2,2
n9249,n9249,1,305,1,2,1
n9250,n9250,1,305,1,2,2
n9251,n9251,1,305,1,2,3
n9252,n9252,1,305,1,1,1
n9253,n9253,1,305,1,1,2
n9254,n9254,1,305,1,1,3
n9255,n9255,1,305,1,1,4
n9256,n9256,1,305,1,1,5
n9257,n9257,1,305,1,1,6
n9258,n9258,1,305,5,2,1
n9259,n9259,1,305,5,2,2
n9260,n9260,1,305,5,2,3
n9261,n9261,1,305,5,2,4
n9262,n9262,1,305,5,2,5
n9263,n9263,1,305,5,2,6
n9264,n9264,1,306,1,1,1
n9265,n9265,1,306,1,1,2
n9266,n9266,1,306,1,1,3
n9267,n9267,1,306,1,1,4
n9268,n9268,1,306,1,1,5
n9269,n9269,1,306,1,1,6
n9270,n9270,1,306,1,1,7
n9271,n9271,1,306,1,2,1
n9272,n9272,1,306,1,2,2
n9273,n9273,1,306,5,2,1
n9274,n9274,1,306,5,2,2
n9275,n9275,1,307,1,2,1
n9276,n9276,1,307,1,2,2
n9277,n9277,1,307,1,2,3
n9278,n9278,1,307,1,1,1
n9279,n9279,1,307,1,1,2
n9280,n9280,1,307,1,1,3
n9281,n9281,1,307,1,1,4
n9282,n9282,1,307,1,1,5
n9283,n9283,1,307,1,1,6
n9284,n9284,1,307,5,2,1
n9285,n9285,1,307,5,2,2
n9286,n9286,1,307,5,2,3
n9287,n9287,1,307,5,2,4
n9288,n9288,1,307,5,2,5
n9289,n9289,1,307,5,2,6
n9290,n9290,1,308,1,1,1
n9291,n9291,1,308,1,1,2
n9292,n9292,1,308,1,1,3
n9293,n9293,1,308,1,1,4
n9294,n9294,1,308,1,1,5
n9295,n9295,1,308,1,1,6
n9296,n9296,1,308,1,1,7
n9297,n9297,1,308,1,1,8
n9298,n9298,1,308,1,1,9
n9299,n9299,1,308,5,2,1
n9300,n9300,1,308,5,2,2
n9301,n9301,1,308,5,2,3
n9302,n9302,1,308,5,2,4
n9303,n9303,1,308,5,2,5
n9304,n9304,1,308,5,2,6
n9305,n9305,1,309,1,1,1
n9306,n9306,1,309,1,1,2
n9307,n9307,1,309,1,1,3
n9308,n9308,1,309,1,1,4
n9309,n9309,1,309,1,1,5
n9310,n9310,1,309,1,1,6
n9311,n9311,1,309,1,1,7
n9312,n9312,1,309,1,1,8
n9313,n9313,1,309,1,1,9
n9314,n9314,1,309,5,2,1
n9315,n9315,1,309,5,2,2
n9316,n9316,1,309,5,2,3
n9317,n9317,1,309,5,2,4
n9318,n9318,1,309,5,2,5
n9319,n9319,1,309,5,2,6
n9320,n9320,1,310,1,1,1
n9321,n9321,1,310,1,1,2
n9322,n9322,1,310,1,1,3
n9323,n9323,1,310,1,1,4
n9324,n9324,1,310,1,1,5
n9325,n9325,1,310,1,1,6
n9326,n9326,1,310,1,1,7
n9327,n9327,1,310,1,1,8
n9328,n9328,1,310,1,1,9
n9329,n9329,1,310,5,2,1
n9330,n9330,1,310,5,2,2
n9331,n9331,1,310,5,2,3
n9332,n9332,1,310,5,2,4
n9333,n9333,1,310,5,2,5
n9334,n9334,1,310,5,2,6
n9335,n9335,1,311,1,1,1
n9336,n9336,1,311,1,1,2
n9337,n9337,1,311,1,1,3
n9338,n9338,1,311,1,1,4
n9339,n9339,1,311,1,1,5
n9340,n9340,1,311,1,1,6
n9341,n9341,1,311,1,1,7
n9342,n9342,1,311,1,1,8
n9343,n9343,1,311,1,1,9
n9344,n9344,1,311,5,2,1
n9345,n9345,1,311,5,2,2
n9346,n9346,1,311,5,2,3
n9347,n9347,1,311,5,2,4
n9348,n9348,1,311,5,2,5
n9349,n9349,1,311,5,2,6
n9350,n9350,1,312,1,1,1
n9351,n9351,1,312,1,1,2
n9352,n9352,1,312,1,1,3
n9353,n9353,1,312,1,1,4
n9354,n9354,1,312,1,1,5
n9355,n9355,1,312,1,1,6
n9356,n9356,1,312,1,1,7
n9357,n9357,1,312,1,1,8
n9358,n9358,1,312,1,1,9
n9359,n9359,1,312,1,1,10
n9360,n9360,1,312,1,1,11
n9361,n9361,1,312,1,1,12
n9362,n9362,1,312,5,2,1
n9363,n9363,1,312,5,2,2
n9364,n9364,1,312,5,2,3
n9365,n9365,1,312,5,2,4
n9366,n9366,1,312,5,2,5
n9367,n9367,1,312,5,2,6
n9368,n9368,1,313,1,1,1
n9369,n9369,1,313,1,1,2
n9370,n9370,1,313,1,1,3
n9371,n9371,1,313,1,1,4
n9372,n9372,1,313,1,1,5
n9373,n9373,1,313,1,1,6
n9374,n9374,1,313,1,1,7
n9375,n9375,1,313,1,1,8
n9376,n9376,1,313,1,1,9
n9377,n9377,1,313,5,2,1
n9378,n9378,1,313,5,2,2
n9379,n9379,1,313,5,2,3
n9380,n9380,1,313,5,2,4
n9381,n9381,1,313,5,2,5
n9382,n9382,1,313,5,2,6
n9383,n9383,1,314,1,1,1
n9384,n9384,1,314,1,1,2
n9385,n9385,1,314,1,1,3
n9386,n9386,1,314,1,1,4
n9387,n9387,1,314,1,1,5
n9388,n9388,1,314,1,1,6
n9389,n9389,1,314,1,1,7
n9390,n9390,1,314,1,1,8
n9391,n9391,1,314,1,1,9
n9392,n9392,1,314,1,1,10
n9393,n9393,1,314,1,1,11
n9394,n9394,1,314,1,1,12
n9395,n9395,1,314,5,2,1
n9396,n9396,1,314,5,2,2
n9397,n9397,1,314,5,2,3
n9398,n9398,1,314,5,2,4
n9399,n9399,1,314,5,2,5
n9400,n9400,1,314,5,2,6
n9401,n9401,1,315,1,1,1
n9402,n9402,1,315,1,1,2
n9403,n9403,1,315,1,1,3
n9404,n9404,1,315,1,1,4
n9405,n9405,1,315,1,1,5
n9406,n9406,1,315,1,1,6
n9407,n9407,1,315,1,1,7
n9408,n9408,1,315,1,1,8
n9409,n9409,1,315,1,1,9
n9410,n9410,1,315,1,1,10
n9411,n9411,1,315,1,1,11
n9412,n9412,1,315,1,1,12
n9413,n9413,1,315,5,2,1
n9414,n9414,1,315,5,2,2
n9415,n9415,1,315,5,2,3
n9416,n9416,1,315,5,2,4
n9417,n9417,1,315,5,2,5
n9418,n9418,1,315,5,2,6
n9419,n9419,1,316,1,1,1
n9420,n9420,1,316,1,1,2
n9421,n9421,1,316,1,1,3
n9422,n9422,1,316,1,1,4
n9423,n9423,1,316,1,1,5
n9424,n9424,1,316,5,2,1
n9425,n9425,1,316,5,2,2
n9426,n9426,1,316,5,2,3
n9427,n9427,1,316,5,2,4
n9428,n9428,1,316,5,2,5
n9429,n9429,1,316,5,2,6
n9430,n9430,1,317,1,1,1
n9431,n9431,1,317,5,2,1
n9432,n9432,1,317,5,2,2
n9433,n9433,1,317,5,2,3
n9434,n9434,1,317,5,2,4
n9435,n9435,1,317,5,2,5
n9436,n9436,1,317,5,2,6
n9437,n9437,1,318,1,1,1
n9438,n9438,1,318,1,1,2
n9439,n9439,1,318,1,1,3
n9440,n9440,1,318,1,1,4
n9441,n9441,1,318,1,1,5
n9442,n9442,1,318,1,1,6
n9443,n9443,1,318,1,2,1
n9444,n9444,1,318,1,2,2
n9445,n9445,1,318,1,2,3
n9446,n9446,1,318,5,2,1
n9447,n9447,1,318,5,2,2
n9448,n9448,1,319,1,2,1
n9449,n9449,1,319,1,2,2
n9450,n9450,1,319,1,2,3
n9451,n9451,1,319,1,2,4
n9452,n9452,1,319,1,1,1
n9453,n9453,1,319,1,1,2
n9454,n9454,1,319,1,1,3
n9455,n9455,1,319,1,1,4
n9456,n9456,1,319,1,1,5
n9457,n9457,1,319,5,2,1
n9458,n9458,1,319,5,2,2
n9459,n9459,1,319,5,2,3
n9460,n9460,1,319,5,2,4
n9461,n9461,1,319,5,2,5
n9462,n9462,1,319,5,2,6
n9463,n9463,1,320,1,1,1
n9464,n9464,1,320,1,1,2
n9465,n9465,1,320,1,1,3
n9466,n9466,1,320,1,1,4
n9467,n9467,1,320,1,1,5
n9468,n9468,1,320,1,1,6
n9469,n9469,1,320,1,2,1
n9470,n9470,1,320,1,2,2
n9471,n9471,1,320,1,2,3
n9472,n9472,1,320,5,2,1
n9473,n9473,1,320,5,2,2
n9474,n9474,1,321,1,2,1
n9475,n9475,1,321,1,2,2
n9476,n9476,1,321,1,2,3
n9477,n9477,1,321,1,2,4
n9478,n9478,1,321,1,1,1
n9479,n9479,1,321,1,1,2
n9480,n9480,1,321,1,1,3
n9481,n9481,1,321,1,1,4
n9482,n9482,1,321,1,1,5
n9483,n9483,1,321,1,1,6
n9484,n9484,1,321,5,2,1
n9485,n9485,1,321,5,2,2
n9486,n9486,1,321,5,2,3
n9487,n9487,1,321,5,2,4
n9488,n9488,1,321,5,2,5
n9489,n9489,1,321,5,2,6
n9490,n9490,1,322,1,1,1
n9491,n9491,1,322,1,1,2
n9492,n9492,1,322,1,1,3
n9493,n9493,1,322,1,1,4
n9494,n9494,1,322,1,1,5
n9495,n9495,1,322,1,1,6
n9496,n9496,1,322,5,2,1
n9497,n9497,1,322,5,2,2
n9498,n9498,1,322,5,2,3
n9499,n9499,1,322,5,2,4
n9500,n9500,1,323,1,1,1
n9501,n9501,1,323,1,1,2
n9502,n9502,1,323,1,1,3
n9503,n9503,1,323,1,1,4
n9504,n9504,1,323,1,1,5
n9505,n9505,1,323,1,1,6
n9506,n9506,1,323,5,2,1
n9507,n9507,1,323,5,2,2
n9508,n9508,1,323,5,2,3
n9509,n9509,1,323,5,2,4
n9510,n9510,1,324,1,1,1
n9511,n9511,1,324,1,1,2
n9512,n9512,1,324,1,1,3
n9513,n9513,1,324,1,1,4
n9514,n9514,1,324,1,1,5
n9515,n9515,1,324,1,1,6
n9516,n9516,1,324,5,2,1
n9517,n9517,1,324,5,2,2
n9518,n9518,1,324,5,2,3
n9519,n9519,1,324,5,2,4
n9520,n9520,1,325,1,1,1
n9521,n9521,1,325,1,1,2
n9522,n9522,1,325,5,2,1
n9523,n9523,1,325,5,2,2
n9524,n9524,1,325,5,2,3
n9525,n9525,1,325,5,2,4
n9526,n9526,1,326,1,1,1
n9527,n9527,1,326,1,1,2
n9528,n9528,1,326,1,1,3
n9529,n9529,1,326,1,1,4
n9530,n9530,1,326,1,1,5
n9531,n9531,1,326,1,1,6
n9532,n9532,1,326,5,2,1
n9533,n9533,1,326,5,2,2
n9534,n9534,1,326,5,2,3
n9535,n9535,1,326,5,2,4
n9536,n9536,1,327,1,1,1
n9537,n9537,1,327,1,1,2
n9538,n9538,1,327,1,1,3
n9539,n9539,1,327,1,1,4
n9540,n9540,1,327,1,1,5
n9541,n9541,1,327,1,1,6
n9542,n9542,1,327,5,2,1
n9543,n9543,1,327,5,2,2
n9544,n9544,1,327,5,2,3
n9545,n9545,1,327,5,2,4
n9546,n9546,1,328,1,1,1
n9547,n9547,1,328,1,1,2
n9548,n9548,1,328,1,1,3
n9549,n9549,1,328,1,1,4
n9550,n9550,1,328,1,1,5
n9551,n9551,1,328,1,1,6
n9552,n9552,1,328,5,2,1
n9553,n9553,1,328,5,2,2
n9554,n9554,1,328,5,2,3
n9555,n9555,1,328,5,2,4
n9556,n9556,1,329,1,1,1
n9557,n9557,1,329,1,1,2
n9558,n9558,1,329,1,1,3
n9559,n9559,1,329,1,1,4
n9560,n9560,1,329,1,1,5
n9561,n9561,1,329,5,2,1
n9562,n9562,1,329,5,2,2
n9563,n9563,1,329,5,2,3
n9564,n9564,1,329,5,2,4
n9565,n9565,1,330,1,1,1
n9566,n9566,1,330,1,1,2
n9567,n9567,1,330,1,1,3
n9568,n9568,1,330,1,1,4
n9569,n9569,1,330,1,1,5
n9570,n9570,1,330,1,1,6
n9571,n9571,1,330,5,2,1
n9572,n9572,1,330,5,2,2
n9573,n9573,1,330,5,2,3
n9574,n9574,1,330,5,2,4
n9575,n9575,1,330,5,2,5
n9576,n9576,1,330,5,2,6
n9577,n9577,1,331,1,1,1
n9578,n9578,1,331,1,1,2
n9579,n9579,1,331,1,1,3
n9580,n9580,1,331,1,1,4
n9581,n9581,1,331,1,1,5
n9582,n9582,1,331,1,1,6
n9583,n9583,1,331,5,2,1
n9584,n9584,1,331,5,2,2
n9585,n9585,1,331,5,2,3
n9586,n9586,1,331,5,2,4
n9587,n9587,1,331,5,2,5
n9588,n9588,1,331,5,2,6
n9589,n9589,1,332,1,1,1
n9590,n9590,1,332,1,1,2
n9591,n9591,1,332,1,1,3
n9592,n9592,1,332,1,1,4
n9593,n9593,1,332,1,1,5
n9594,n9594,1,332,1,1,6
n9595,n9595,1,332,5,2,1
n9596,n9596,1,332,5,2,2
n9597,n9597,1,332,5,2,3
n9598,n9598,1,332,5,2,4
n9599,n9599,1,332,5,2,5
n9600,n9600,1,332,5,2,6
n9601,n9601,1,333,1,1,1
n9602,n9602,1,333,1,1,2
n9603,n9603,1,333,5,2,1
n9604,n9604,1,333,5,2,2
n9605,n9605,1,333,5,2,3
n9606,n9606,1,333,5,2,4
n9607,n9607,1,333,5,2,5
n9608,n9608,1,333,5,2,6
n9609,n9609,1,334,1,1,1
n9610,n9610,1,334,1,1,2
n9611,n9611,1,334,1,1,3
n9612,n9612,1,334,1,1,4
n9613,n9613,1,334,1,1,5
n9614,n9614,1,334,1,1,6
n9615,n9615,1,334,5,2,1
n9616,n9616,1,334,5,2,2
n9617,n9617,1,334,5,2,3
n9618,n9618,1,334,5,2,4
n9619,n9619,1,334,5,2,5
n9620,n9620,1,334,5,2,6
n9621,n9621,1,335,1,1,1
n9622,n9622,1,335,1,1,2
n9623,n9623,1,335,1,1,3
n9624,n9624,1,335,1,1,4
n9625,n9625,1,335,1,1,5
n9626,n9626,1,335,1,1,6
n9627,n9627,1,335,5,2,1
n9628,n9628,1,335,5,2,2
n9629,n9629,1,335,5,2,3
n9630,n9630,1,335,5,2,4
n9631,n9631,1,335,5,2,5
n9632,n9632,1,335,5,2,6
n9633,n9633,1,336,1,1,1
n9634,n9634,1,336,1,1,2
n9635,n9635,1,336,1,1,3
n9636,n9636,1,336,1,1,4
n9637,n9637,1,336,1,1,5
n9638,n9638,1,336,1,1,6
n9639,n9639,1,336,5,2,1
n9640,n9640,1,336,5,2,2
n9641,n9641,1,336,5,2,3
n9642,n9642,1,336,5,2,4
n9643,n9643,1,336,5,2,5
n9644,n9644,1,336,5,2,6
n9645,n9645,1,337,1,1,1
n9646,n9646,1,337,1,1,2
n9647,n9647,1,337,5,2,1
n9648,n9648,1,337,5,2,2
n9649,n9649,1,337,5,2,3
n9650,n9650,1,337,5,2,4
n9651,n9651,1,337,5,2,5
n9652,n9652,1,337,5,2,6
n9653,n9653,1,338,1,1,1
n9654,n9654,1,338,1,1,2
n9655,n9655,1,338,1,1,3
n9656,n9656,1,338,1,1,4
n9657,n9657,1,338,1,1,5
n9658,n9658,1,338,1,1,6
n9659,n9659,1,338,1,1,7
n9660,n9660,1,338,1,1,8
n9661,n9661,1,338,5,2,1
n9662,n9662,1,338,5,2,2
n9663,n9663,1,338,5,2,3
n9664,n9664,1,338,5,2,4
n9665,n9665,1,338,5,2,5
n9666,n9666,1,338,5,2,6
n9667,n9667,1,339,1,1,1
n9668,n9668,1,339,1,1,2
n9669,n9669,1,339,1,1,3
n9670,n9670,1,339,1,1,4
n9671,n9671,1,339,1,1,5
n9672,n9672,1,339,1,1,6
n9673,n9673,1,339,1,1,7
n9674,n9674,1,339,1,1,8
n9675,n9675,1,339,5,2,1
n9676,n9676,1,339,5,2,2
n9677,n9677,1,339,5,2,3
n9678,n9678,1,339,5,2,4
n9679,n9679,1,339,5,2,5
n9680,n9680,1,339,5,2,6
n9681,n9681,1,340,1,1,1
n9682,n9682,1,340,1,1,2
n9683,n9683,1,340,1,1,3
n9684,n9684,1,340,1,1,4
n9685,n9685,1,340,1,1,5
n9686,n9686,1,340,1,1,6
n9687,n9687,1,340,1,1,7
n9688,n9688,1,340,1,1,8
n9689,n9689,1,340,1,1,9
n9690,n9690,1,340,5,2,1
n9691,n9691,1,340,5,2,2
n9692,n9692,1,340,5,2,3
n9693,n9693,1,340,5,2,4
n9694,n9694,1,340,5,2,5
n9695,n9695,1,340,5,2,6
n9696,n9696,1,341,1,1,1
n9697,n9697,1,341,1,1,2
n9698,n9698,1,341,1,1,3
n9699,n9699,1,341,1,1,4
n9700,n9700,1,341,1,1,5
n9701,n9701,1,341,1,1,6
n9702,n9702,1,341,1,1,7
n9703,n9703,1,341,1,1,8
n9704,n9704,1,341,1,1,9
n9705,n9705,1,341,5,2,1
n9706,n9706,1,341,5,2,2
n9707,n9707,1,342,1,1,1
n9708,n9708,1,342,1,1,2
n9709,n9709,1,342,1,1,3
n9710,n9710,1,342,1,1,4
n9711,n9711,1,342,1,1,5
n9712,n9712,1,342,1,1,6
n9713,n9713,1,342,1,1,7
n9714,n9714,1,342,1,1,8
n9715,n9715,1,342,5,2,1
n9716,n9716,1,342,5,2,2
n9717,n9717,1,342,5,2,3
n9718,n9718,1,342,5,2,4
n9719,n9719,1,342,5,2,5
n9720,n9720,1,342,5,2,6
n9721,n9721,1,343,1,1,1
n9722,n9722,1,343,1,1,2
n9723,n9723,1,343,1,1,3
n9724,n9724,1,343,1,1,4
n9725,n9725,1,343,1,1,5
n9726,n9726,1,343,1,1,6
n9727,n9727,1,343,1,1,7
n9728,n9728,1,343,1,1,8
n9729,n9729,1,343,5,2,1
n9730,n9730,1,343,5,2,2
n9731,n9731,1,343,5,2,3
n9732,n9732,1,343,5,2,4
n9733,n9733,1,343,5,2,5
n9734,n9734,1,343,5,2,6
n9735,n9735,1,344,1,1,1
n9736,n9736,1,344,1,1,2
n9737,n9737,1,344,1,1,3
n9738,n9738,1,344,1,1,4
n9739,n9739,1,344,1,1,5
n9740,n9740,1,344,1,1,6
n9741,n9741,1,344,1,1,7
n9742,n9742,1,344,1,1,8
n9743,n9743,1,344,1,1,9
n9744,n9744,1,344,5,2,1
n9745,n9745,1,344,5,2,2
n9746,n9746,1,344,5,2,3
n9747,n9747,1,344,5,2,4
n9748,n9748,1,344,5,2,5
n9749,n9749,1,344,5,2,6
n9750,n9750,1,345,1,1,1
n9751,n9751,1,345,1,1,2
n9752,n9752,1,345,1,1,3
n9753,n9753,1,345,1,1,4
n9754,n9754,1,345,1,1,5
n9755,n9755,1,345,1,1,6
n9756,n9756,1,345,1,1,7
n9757,n9757,1,345,1,1,8
n9758,n9758,1,345,1,1,9
n9759,n9759,1,345,5,2,1
n9760,n9760,1,345,5,2,2
n9761,n9761,1,346,1,1,1
n9762,n9762,1,346,1,1,2
n9763,n9763,1,346,1,1,3
n9764,n9764,1,346,1,1,4
n9765,n9765,1,346,1,1,5
n9766,n9766,1,346,1,1,6
n9767,n9767,1,346,1,1,7
n9768,n9768,1,346,1,1,8
n9769,n9769,1,346,5,2,1
n9770,n9770,1,346,5,2,2
n9771,n9771,1,346,5,2,3
n9772,n9772,1,346,5,2,4
n9773,n9773,1,346,5,2,5
n9774,n9774,1,346,5,2,6
n9775,n9775,1,347,1,1,1
n9776,n9776,1,347,1,1,2
n9777,n9777,1,347,1,1,3
n9778,n9778,1,347,1,1,4
n9779,n9779,1,347,1,1,5
n9780,n9780,1,347,1,1,6
n9781,n9781,1,347,1,1,7
n9782,n9782,1,347,1,1,8
n9783,n9783,1,347,5,2,1
n9784,n9784,1,347,5,2,2
n9785,n9785,1,347,5,2,3
n9786,n9786,1,347,5,2,4
n9787,n9787,1,347,5,2,5
n9788,n9788,1,347,5,2,6
n9789,n9789,1,348,1,1,1
n9790,n9790,1,348,1,1,2
n9791,n9791,1,348,1,1,3
n9792,n9792,1,348,1,1,4
n9793,n9793,1,348,1,1,5
n9794,n9794,1,348,1,1,6
n9795,n9795,1,348,1,1,7
n9796,n9796,1,348,1,1,8
n9797,n9797,1,348,1,1,9
n9798,n9798,1,348,5,2,1
n9799,n9799,1,348,5,2,2
n9800,n9800,1,348,5,2,3
n9801,n9801,1,348,5,2,4
n9802,n9802,1,348,5,2,5
n9803,n9803,1,348,5,2,6
n9804,n9804,1,349,1,1,1
n9805,n9805,1,349,1,1,2
n9806,n9806,1,349,1,1,3
n9807,n9807,1,349,1,1,4
n9808,n9808,1,349,1,1,5
n9809,n9809,1,349,1,1,6
n9810,n9810,1,349,1,1,7
n9811,n9811,1,349,1,1,8
n9812,n9812,1,349,1,1,9
n9813,n9813,1,349,5,2,1
n9814,n9814,1,349,5,2,2
n9815,n9815,1,350,1,1,1
n9816,n9816,1,350,1,1,2
n9817,n9817,1,350,1,1,3
n9818,n9818,1,350,1,1,4
n9819,n9819,1,350,1,1,5
n9820,n9820,1,350,1,1,6
n9821,n9821,1,350,1,1,7
n9822,n9822,1,350,1,1,8
n9823,n9823,1,350,1,1,9
n9824,n9824,1,350,1,1,10
n9825,n9825,1,350,1,1,11
n9826,n9826,1,350,1,1,12
n9827,n9827,1,350,5,2,1
n9828,n9828,1,350,5,2,2
n9829,n9829,1,350,5,2,3
n9830,n9830,1,350,5,2,4
n9831,n9831,1,350,5,2,5
n9832,n9832,1,350,5,2,6
n9833,n9833,1,351,1,1,1
n9834,n9834,1,351,1,1,2
n9835,n9835,1,351,1,1,3
n9836,n9836,1,351,1,1,4
n9837,n9837,1,351,1,1,5
n9838,n9838,1,351,1,1,6
n9839,n9839,1,351,1,1,7
n9840,n9840,1,351,1,1,8
n9841,n9841,1,351,1,1,9
n9842,n9842,1,351,1,1,10
n9843,n9843,1,351,1,1,11
n9844,n9844,1,351,1,1,12
n9845,n9845,1,351,5,2,1
n9846,n9846,1,351,5,2,2
n9847,n9847,1,351,5,2,3
n9848,n9848,1,351,5,2,4
n9849,n9849,1,351,5,2,5
n9850,n9850,1,351,5,2,6
n9851,n9851,1,352,1,1,1
n9852,n9852,1,352,1,1,2
n9853,n9853,1,352,1,1,3
n9854,n9854,1,352,1,1,4
n9855,n9855,1,352,1,1,5
n9856,n9856,1,352,1,1,6
n9857,n9857,1,352,1,1,7
n9858,n9858,1,352,1,1,8
n9859,n9859,1,352,1,1,9
n9860,n9860,1,352,1,1,10
n9861,n9861,1,352,1,1,11
n9862,n9862,1,352,1,1,12
n9863,n9863,1,352,5,2,1
n9864,n9864,1,352,5,2,2
n9865,n9865,1,352,5,2,3
n9866,n9866,1,352,5,2,4
n9867,n9867,1,352,5,2,5
n9868,n9868,1,352,5,2,6
n9869,n9869,1,353,1,1,1
n9870,n9870,1,353,1,1,2
n9871,n9871,1,353,1,1,3
n9872,n9872,1,353,1,1,4
n9873,n9873,1,353,1,1,5
n9874,n9874,1,353,1,1,6
n9875,n9875,1,353,1,1,7
n9876,n9876,1,353,1,1,8
n9877,n9877,1,353,1,1,9
n9878,n9878,1,353,5,2,1
n9879,n9879,1,353,5,2,2
n9880,n9880,1,354,1,1,1
n9881,n9881,1,354,1,1,2
n9882,n9882,1,354,1,1,3
n9883,n9883,1,354,1,1,4
n9884,n9884,1,354,1,1,5
n9885,n9885,1,354,1,1,6
n9886,n9886,1,354,1,1,7
n9887,n9887,1,354,1,1,8
n9888,n9888,1,354,1,1,9
n9889,n9889,1,354,1,1,10
n9890,n9890,1,354,1,1,11
n9891,n9891,1,354,1,1,12
n9892,n9892,1,354,5,2,1
n9893,n9893,1,354,5,2,2
n9894,n9894,1,354,5,2,3
n9895,n9895,1,354,5,2,4
n9896,n9896,1,354,5,2,5
n9897,n9897,1,354,5,2,6
n9898,n9898,1,355,1,1,1
n9899,n9899,1,355,1,1,2
n9900,n9900,1,355,1,1,3
n9901,n9901,1,355,1,1,4
n9902,n9902,1,355,1,1,5
n9903,n9903,1,355,1,1,6
n9904,n9904,1,355,1,1,7
n9905,n9905,1,355,1,1,8
n9906,n9906,1,355,1,1,9
n9907,n9907,1,355,1,1,10
n9908,n9908,1,355,1,1,11
n9909,n9909,1,355,1,1,12
n9910,n9910,1,355,5,2,1
n9911,n9911,1,355,5,2,2
n9912,n9912,1,355,5,2,3
n9913,n9913,1,355,5,2,4
n9914,n9914,1,355,5,2,5
n9915,n9915,1,355,5,2,6
n9916,n9916,1,356,1,1,1
n9917,n9917,1,356,1,1,2
n9918,n9918,1,356,1,1,3
n9919,n9919,1,356,1,1,4
n9920,n9920,1,356,1,1,5
n9921,n9921,1,356,1,1,6
n9922,n9922,1,356,1,1,7
n9923,n9923,1,356,1,1,8
n9924,n9924,1,356,1,1,9
n9925,n9925,1,356,1,1,10
n9926,n9926,1,356,1,2,1
n9927,n9927,1,356,5,2,1
n9928,n9928,1,356,5,2,2
n9929,n9929,1,356,5,2,3
n9930,n9930,1,356,5,2,4
n9931,n9931,1,356,5,2,5
n9932,n9932,1,356,5,2,6
n9933,n9933,1,357,1,2,1
n9934,n9934,1,357,1,2,2
n9935,n9935,1,357,1,1,1
n9936,n9936,1,357,1,1,2
n9937,n9937,1,357,1,1,3
n9938,n9938,1,357,1,1,4
n9939,n9939,1,357,1,1,5
n9940,n9940,1,357,1,1,6
n9941,n9941,1,357,1,1,7
n9942,n9942,1,357,5,2,1
n9943,n9943,1,357,5,2,2
n9944,n9944,1,358,1,1,1
n9945,n9945,1,358,1,1,2
n9946,n9946,1,358,1,1,3
n9947,n9947,1,358,1,1,4
n9948,n9948,1,358,1,1,5
n9949,n9949,1,358,1,1,6
n9950,n9950,1,358,1,1,7
n9951,n9951,1,358,1,1,8
n9952,n9952,1,358,1,1,9
n9953,n9953,1,358,1,1,10
n9954,n9954,1,358,1,1,11
n9955,n9955,1,358,1,1,12
n9956,n9956,1,358,5,2,1
n9957,n9957,1,358,5,2,2
n9958,n9958,1,358,5,2,3
n9959,n9959,1,358,5,2,4
n9960,n9960,1,358,5,2,5
n9961,n9961,1,358,5,2,6
n9962,n9962,1,359,1,1,1
n9963,n9963,1,359,1,1,2
n9964,n9964,1,359,1,1,3
n9965,n9965,1,359,1,1,4
n9966,n9966,1,359,1,1,5
n9967,n9967,1,359,1,1,6
n9968,n9968,1,359,1,1,7
n9969,n9969,1,359,1,1,8
n9970,n9970,1,359,1,1,9
n9971,n9971,1,359,1,1,10
n9972,n9972,1,359,1,1,11
n9973,n9973,1,359,1,1,12
n9974,n9974,1,359,5,2,1
n9975,n9975,1,359,5,2,2
n9976,n9976,1,359,5,2,3
n9977,n9977,1,359,5,2,4
n9978,n9978,1,359,5,2,5
n9979,n9979,1,359,5,2,6
n9980,n9980,1,360,1,1,1
n9981,n9981,1,360,1,1,2
n9982,n9982,1,360,1,1,3
n9983,n9983,1,360,1,1,4
n9984,n9984,1,360,1,1,5
n9985,n9985,1,360,1,1,6
n9986,n9986,1,360,1,1,7
n9987,n9987,1,360,1,1,8
n9988,n9988,1,360,1,1,9
n9989,n9989,1,360,1,1,10
n9990,n9990,1,360,1,1,11
n9991,n9991,1,360,5,2,1
n9992,n9992,1,360,5,2,2
n9993,n9993,1,360,5,2,3
n9994,n9994,1,360,5,2,4
n9995,n9995,1,360,5,2,5
n9996,n9996,1,360,5,2,6
n9997,n9997,1,361,1,1,1
n9998,n9998,1,361,1,1,2
n9999,n9999,1,361,1,1,3
n10000,n10000,1,361,1,1,4
n10001,n10001,1,361,1,1,5
n10002,n10002,1,361,1,1,6
n10003,n10003,1,361,1,1,7
n10004,n10004,1,361,1,1,8
n10005,n10005,1,361,1,1,9
n10006,n10006,1,361,5,2,1
n10007,n10007,1,361,5,2,2
n10008,n10008,1,362,1,1,1
n10009,n10009,1,362,1,1,2
n10010,n10010,1,362,1,1,3
n10011,n10011,1,362,1,1,4
n10012,n10012,1,362,1,1,5
n10013,n10013,1,362,1,1,6
n10014,n10014,1,362,5,2,1
n10015,n10015,1,362,5,2,2
n10016,n10016,1,362,5,2,3
n10017,n10017,1,362,5,2,4
n10018,n10018,1,362,5,2,5
n10019,n10019,1,362,5,2,6
n10020,n10020,1,363,1,1,1
n10021,n10021,1,363,1,1,2
n10022,n10022,1,363,1,1,3
n10023,n10023,1,363,1,1,4
n10024,n10024,1,363,1,1,5
n10025,n10025,1,363,1,1,6
n10026,n10026,1,363,5,2,1
n10027,n10027,1,363,5,2,2
n10028,n10028,1,363,5,2,3
n10029,n10029,1,363,5,2,4
n10030,n10030,1,363,5,2,5
n10031,n10031,1,363,5,2,6
n10032,n10032,1,364,1,1,1
n10033,n10033,1,364,1,1,2
n10034,n10034,1,364,1,1,3
n10035,n10035,1,364,1,1,4
n10036,n10036,1,364,1,1,5
n10037,n10037,1,364,1,1,6
n10038,n10038,1,364,5,2,1
n10039,n10039,1,364,5,2,2
n10040,n10040,1,364,5,2,3
n10041,n10041,1,364,5,2,4
n10042,n10042,1,364,5,2,5
n10043,n10043,1,364,5,2,6
n10044,n10044,1,365,1,1,1
n10045,n10045,1,365,1,1,2
n10046,n10046,1,365,1,1,3
n10047,n10047,1,365,1,1,4
n10048,n10048,1,365,1,1,5
n10049,n10049,1,365,1,1,6
n10050,n10050,1,365,5,2,1
n10051,n10051,1,365,5,2,2
n10052,n10052,1,365,5,2,3
n10053,n10053,1,365,5,2,4
n10054,n10054,1,365,5,2,5
n10055,n10055,1,365,5,2,6
n10056,n10056,1,366,1,1,1
n10057,n10057,1,366,1,1,2
n10058,n10058,1,366,1,1,3
n10059,n10059,1,366,1,1,4
n10060,n10060,1,366,1,1,5
n10061,n10061,1,366,1,1,6
n10062,n10062,1,366,5,2,1
n10063,n10063,1,366,5,2,2
n10064,n10064,1,366,5,2,3
n10065,n10065,1,366,5,2,4
n10066,n10066,1,367,1,1,1
n10067,n10067,1,367,1,1,2
n10068,n10068,1,367,1,1,3
n10069,n10069,1,367,1,1,4
n10070,n10070,1,367,1,1,5
n10071,n10071,1,367,1,1,6
n10072,n10072,1,367,5,2,1
n10073,n10073,1,367,5,2,2
n10074,n10074,1,367,5,2,3
n10075,n10075,1,367,5,2,4
n10076,n10076,1,368,1,1,1
n10077,n10077,1,368,1,1,2
n10078,n10078,1,368,1,1,3
n10079,n10079,1,368,1,1,4
n10080,n10080,1,368,1,1,5
n10081,n10081,1,368,1,1,6
n10082,n10082,1,368,5,2,1
n10083,n10083,1,368,5,2,2
n10084,n10084,1,368,5,2,3
n10085,n10085,1,368,5,2,4
n10086,n10086,1,369,1,1,1
n10087,n10087,1,369,1,1,2
n10088,n10088,1,369,1,1,3
n10089,n10089,1,369,1,1,4
n10090,n10090,1,369,1,1,5
n10091,n10091,1,369,1,1,6
n10092,n10092,1,369,5,2,1
n10093,n10093,1,369,5,2,2
n10094,n10094,1,369,5,2,3
n10095,n10095,1,369,5,2,4
n10096,n10096,1,370,1,1,1
n10097,n10097,1,370,1,2,1
n10098,n10098,1,370,1,2,2
n10099,n10099,1,370,5,2,1
r44,r44,1,370,5,2,2
r45,r45,1,370,5,2,3
n10100,n10100,1,370,6,2,1
n10101,n10101,1,370,6,2,2
n10102,n10102,1,370,6,2,3
n10103,n10103,1,371,1,1,1
n10104,n10104,1,371,1,1,2
n10105,n10105,1,371,1,2,1
n10106,n10106,1,371,1,2,2
n10107,n10107,1,371,5,2,1
r46,r46,1,371,5,2,2
r47,r47,1,371,5,2,3
n10108,n10108,1,371,6,2,1
n10109,n10109,1,371,6,2,2
n10110,n10110,1,372,1,1,1
n10111,n10111,1,372,1,2,1
n10112,n10112,1,372,1,2,2
n10113,n10113,1,372,5,2,1
r48,r48,1,372,5,2,2
r49,r49,1,372,5,2,3
n10114,n10114,1,372,6,2,1
n10115,n10115,1,372,6,2,2
n10116,n10116,1,372,6,2,3
n10117,n10117,1,373,1,1,1
n10118,n10118,1,373,1,2,1
n10119,n10119,1,373,1,2,2
n10120,n10120,1,373,5,2,1
r50,r50,1,373,5,2,2
r51,r51,1,373,5,2,3
n10121,n10121,1,373,6,2,1
n10122,n10122,1,373,6,2,2
n10123,n10123,1,373,6,2,3
n10124,n10124,1,374,1,1,1
n10125,n10125,1,374,1,1,2
n10126,n10126,1,374,1,1,3
n10127,n10127,1,374,1,1,4
n10128,n10128,1,374,1,1,5
n10129,n10129,1,374,1,1,6
n10130,n10130,1,374,1,1,7
n10131,n10131,1,374,1,1,8
n10132,n10132,1,374,1,1,9
n10133,n10133,1,374,5,2,1
n10134,n10134,1,374,5,2,2
n10135,n10135,1,374,5,2,3
n10136,n10136,1,374,5,2,4
n10137,n10137,1,374,5,2,5
n10138,n10138,1,374,5,2,6
n10139,n10139,1,374,5,2,7
n10140,n10140,1,374,5,2,8
n10141,n10141,1,374,5,2,9
n10142,n10142,1,375,1,1,1
n10143,n10143,1,375,1,1,2
n10144,n10144,1,375,1,1,3
n10145,n10145,1,375,1,1,4
n10146,n10146,1,375,1,1,5
n10147,n10147,1,375,1,1,6
n10148,n10148,1,375,1,1,7
n10149,n10149,1,375,1,1,8
n10150,n10150,1,375,1,1,9
n10151,n10151,1,375,5,2,1
n10152,n10152,1,375,5,2,2
n10153,n10153,1,375,5,2,3
n10154,n10154,1,375,5,2,4
n10155,n10155,1,375,5,2,5
n10156,n10156,1,375,5,2,6
n10157,n10157,1,375,5,2,7
n10158,n10158,1,375,5,2,8
n10159,n10159,1,375,5,2,9
n10160,n10160,1,376,1,1,1
n10161,n10161,1,376,1,1,2
n10162,n10162,1,376,1,1,3
n10163,n10163,1,376,1,1,4
n10164,n10164,1,376,1,1,5
n10165,n10165,1,376,1,1,6
n10166,n10166,1,376,1,1,7
n10167,n10167,1,376,5,2,1
n10168,n10168,1,376,5,2,2
n10169,n10169,1,376,5,2,3
n10170,n10170,1,376,5,2,4
n10171,n10171,1,376,5,2,5
n10172,n10172,1,377,1,1,1
n10173,n10173,1,377,1,1,2
n10174,n10174,1,377,1,1,3
n10175,n10175,1,377,1,1,4
n10176,n10176,1,377,1,1,5
n10177,n10177,1,377,5,2,1
n10178,n10178,1,378,1,1,1
n10179,n10179,1,378,1,1,2
n10180,n10180,1,378,1,1,3
n10181,n10181,1,378,1,1,4
n10182,n10182,1,378,5,2,1
n10183,n10183,1,378,5,2,2
n10184,n10184,1,378,5,2,3
n10185,n10185,1,378,5,2,4
n10186,n10186,1,378,5,2,5
n10187,n10187,1,378,5,2,6
n10188,n10188,1,379,1,1,1
n10189,n10189,1,379,1,1,2
n10190,n10190,1,379,1,2,1
n10191,n10191,1,379,1,2,2
n10192,n10192,1,379,1,2,3
n10193,n10193,1,379,5,2,1
n10194,n10194,1,379,5,2,2
n10195,n10195,1,379,5,2,3
n10196,n10196,1,379,5,2,4
n10197,n10197,1,379,5,2,5
n10198,n10198,1,380,1,1,1
n10199,n10199,1,380,1,1,2
n10200,n10200,1,380,1,1,3
n10201,n10201,1,380,1,1,4
n10202,n10202,1,380,1,1,5
n10203,n10203,1,380,1,1,6
n10204,n10204,1,380,1,1,7
n10205,n10205,1,380,1,1,8
n10206,n10206,1,380,1,1,9
n10207,n10207,1,380,5,2,1
n10208,n10208,1,380,5,2,2
n10209,n10209,1,380,5,2,3
n10210,n10210,1,380,5,2,4
n10211,n10211,1,380,5,2,5
n10212,n10212,1,380,5,2,6
n10213,n10213,1,380,5,2,7
n10214,n10214,1,380,5,2,8
n10215,n10215,1,380,5,2,9
n10216,n10216,1,381,1,1,1
n10217,n10217,1,381,1,1,2
n10218,n10218,1,381,1,1,3
n10219,n10219,1,381,1,1,4
n10220,n10220,1,381,1,1,5
n10221,n10221,1,381,1,1,6
n10222,n10222,1,381,1,1,7
n10223,n10223,1,381,1,1,8
n10224,n10224,1,381,1,1,9
n10225,n10225,1,381,5,2,1
n10226,n10226,1,381,5,2,2
n10227,n10227,1,381,5,2,3
n10228,n10228,1,381,5,2,4
n10229,n10229,1,381,5,2,5
n10230,n10230,1,381,5,2,6
n10231,n10231,1,381,5,2,7
n10232,n10232,1,381,5,2,8
n10233,n10233,1,381,5,2,9
n10234,n10234,1,382,1,1,1
n10235,n10235,1,382,1,1,2
n10236,n10236,1,382,1,1,3
n10237,n10237,1,382,1,1,4
n10238,n10238,1,382,1,1,5
n10239,n10239,1,382,1,1,6
n10240,n10240,1,382,1,1,7
n10241,n10241,1,382,5,2,1
n10242,n10242,1,382,5,2,2
n10243,n10243,1,382,5,2,3
n10244,n10244,1,382,5,2,4
n10245,n10245,1,383,1,1,1
n10246,n10246,1,383,1,1,2
n10247,n10247,1,383,1,1,3
n10248,n10248,1,383,1,1,4
n10249,n10249,1,383,1,1,5
n10250,n10250,1,383,5,2,1
n10251,n10251,1,384,1,1,1
n10252,n10252,1,384,1,1,2
n10253,n10253,1,384,1,1,3
n10254,n10254,1,384,1,1,4
n10255,n10255,1,384,5,2,1
n10256,n10256,1,384,5,2,2
n10257,n10257,1,384,6,1,1
n10258,n10258,1,384,6,1,2
n10259,n10259,1,384,6,1,3
n10260,n10260,1,384,6,1,4
n10261,n10261,1,385,1,1,1
n10262,n10262,1,385,1,1,2
n10263,n10263,1,385,1,1,3
n10264,n10264,1,385,1,1,4
n10265,n10265,1,385,1,1,5
n10266,n10266,1,385,5,2,1
n10267,n10267,1,385,5,2,2
n10268,n10268,1,385,5,2,3
n10269,n10269,1,385,5,2,4
n10270,n10270,1,385,5,2,5
n10271,n10271,1,386,1,1,1
n10272,n10272,1,386,1,1,2
n10273,n10273,1,386,1,1,3
n10274,n10274,1,386,1,1,4
n10275,n10275,1,386,1,1,5
n10276,n10276,1,386,1,1,6
n10277,n10277,1,386,1,1,7
n10278,n10278,1,386,1,1,8
n10279,n10279,1,386,1,1,9
n10280,n10280,1,386,1,1,10
n10281,n10281,1,386,1,1,11
n10282,n10282,1,386,1,1,12
n10283,n10283,1,386,5,2,1
n10284,n10284,1,386,5,2,2
n10285,n10285,1,386,5,2,3
n10286,n10286,1,386,5,2,4
n10287,n10287,1,386,5,2,5
n10288,n10288,1,387,1,1,1
n10289,n10289,1,387,1,1,2
n10290,n10290,1,387,1,1,3
n10291,n10291,1,387,1,1,4
n10292,n10292,1,387,1,1,5
n10293,n10293,1,387,5,2,1
n10294,n10294,1,387,5,2,2
n10295,n10295,1,387,5,2,3
n10296,n10296,1,387,5,2,4
n10297,n10297,1,387,5,2,5
n10298,n10298,1,388,1,1,1
n10299,n10299,1,388,1,1,2
n10300,n10300,1,388,1,1,3
n10301,n10301,1,388,1,1,4
n10302,n10302,1,388,1,1,5
n10303,n10303,1,388,1,1,6
n10304,n10304,1,388,1,1,7
n10305,n10305,1,388,1,1,8
n10306,n10306,1,388,1,1,9
n10307,n10307,1,388,1,1,10
n10308,n10308,1,388,1,1,11
n10309,n10309,1,388,1,1,12
n10310,n10310,1,388,5,2,1
n10311,n10311,1,388,5,2,2
n10312,n10312,1,388,5,2,3
n10313,n10313,1,388,5,2,4
n10314,n10314,1,388,5,2,5
n10315,n10315,1,389,1,1,1
n10316,n10316,1,389,1,1,2
n10317,n10317,1,389,1,1,3
n10318,n10318,1,389,1,1,4
n10319,n10319,1,389,1,1,5
n10320,n10320,1,389,5,2,1
n10321,n10321,1,389,5,2,2
n10322,n10322,1,389,5,2,3
n10323,n10323,1,389,5,2,4
n10324,n10324,1,389,5,2,5
n10325,n10325,1,390,1,1,1
n10326,n10326,1,390,1,1,2
n10327,n10327,1,390,1,1,3
n10328,n10328,1,390,1,1,4
n10329,n10329,1,390,1,1,5
n10330,n10330,1,390,5,2,1
n10331,n10331,1,390,5,2,2
n10332,n10332,1,390,5,2,3
n10333,n10333,1,390,5,2,4
n10334,n10334,1,390,5,2,5
n10335,n10335,1,390,5,2,6
n10336,n10336,1,391,1,1,1
n10337,n10337,1,391,1,1,2
n10338,n10338,1,391,1,1,3
n10339,n10339,1,391,1,1,4
n10340,n10340,1,391,1,1,5
n10341,n10341,1,391,5,2,1
n10342,n10342,1,391,5,2,2
n10343,n10343,1,391,5,2,3
n10344,n10344,1,391,5,2,4
n10345,n10345,1,391,5,2,5
n10346,n10346,1,392,1,1,1
n10347,n10347,1,392,1,1,2
n10348,n10348,1,392,1,1,3
n10349,n10349,1,392,1,1,4
n10350,n10350,1,392,1,1,5
n10351,n10351,1,392,5,2,1
n10352,n10352,1,392,5,2,2
n10353,n10353,1,392,5,2,3
n10354,n10354,1,392,5,2,4
n10355,n10355,1,392,5,2,5
n10356,n10356,1,393,1,1,1
n10357,n10357,1,393,1,1,2
n10358,n10358,1,393,1,1,3
n10359,n10359,1,393,1,1,4
n10360,n10360,1,393,1,1,5
n10361,n10361,1,393,5,2,1
n10362,n10362,1,393,5,2,2
n10363,n10363,1,393,5,2,3
n10364,n10364,1,393,5,2,4
n10365,n10365,1,393,5,2,5
n10366,n10366,1,394,1,1,1
n10367,n10367,1,394,1,1,2
n10368,n10368,1,394,1,1,3
n10369,n10369,1,394,1,1,4
n10370,n10370,1,394,1,1,5
n10371,n10371,1,394,1,1,6
n10372,n10372,1,394,1,1,7
n10373,n10373,1,394,1,1,8
n10374,n10374,1,394,1,1,9
n10375,n10375,1,394,5,2,1
n10376,n10376,1,394,5,2,2
n10377,n10377,1,394,5,2,3
n10378,n10378,1,394,5,2,4
n10379,n10379,1,394,5,2,5
n10380,n10380,1,394,5,2,6
n10381,n10381,1,395,1,1,1
n10382,n10382,1,395,1,1,2
n10383,n10383,1,395,1,1,3
n10384,n10384,1,395,1,1,4
n10385,n10385,1,395,1,1,5
n10386,n10386,1,395,1,1,6
n10387,n10387,1,395,1,1,7
n10388,n10388,1,395,1,1,8
n10389,n10389,1,395,1,1,9
n10390,n10390,1,395,5,2,1
n10391,n10391,1,395,5,2,2
n10392,n10392,1,395,5,2,3
n10393,n10393,1,395,5,2,4
n10394,n10394,1,395,5,2,5
n10395,n10395,1,395,5,2,6
n10396,n10396,1,396,1,1,1
n10397,n10397,1,396,1,1,2
n10398,n10398,1,396,1,1,3
n10399,n10399,1,396,1,1,4
n10400,n10400,1,396,1,1,5
n10401,n10401,1,396,1,1,6
n10402,n10402,1,396,1,1,7
n10403,n10403,1,396,1,1,8
n10404,n10404,1,396,1,1,9
n10405,n10405,1,396,5,2,1
n10406,n10406,1,396,5,2,2
n10407,n10407,1,396,5,2,3
n10408,n10408,1,396,5,2,4
n10409,n10409,1,396,5,2,5
n10410,n10410,1,396,5,2,6
n10411,n10411,1,397,1,1,1
n10412,n10412,1,397,1,1,2
n10413,n10413,1,397,1,1,3
n10414,n10414,1,397,1,1,4
n10415,n10415,1,397,1,1,5
n10416,n10416,1,397,1,1,6
n10417,n10417,1,397,1,1,7
n10418,n10418,1,397,1,1,8
n10419,n10419,1,397,1,1,9
n10420,n10420,1,397,5,2,1
n10421,n10421,1,397,5,2,2
n10422,n10422,1,397,5,2,3
n10423,n10423,1,397,5,2,4
n10424,n10424,1,397,5,2,5
n10425,n10425,1,397,5,2,6
n10426,n10426,1,398,1,1,1
n10427,n10427,1,398,1,1,2
n10428,n10428,1,398,1,1,3
n10429,n10429,1,398,1,1,4
n10430,n10430,1,398,1,1,5
n10431,n10431,1,398,1,1,6
n10432,n10432,1,398,1,1,7
n10433,n10433,1,398,1,1,8
n10434,n10434,1,398,1,1,9
n10435,n10435,1,398,1,1,10
n10436,n10436,1,398,1,1,11
n10437,n10437,1,398,5,2,1
n10438,n10438,1,398,5,2,2
n10439,n10439,1,398,5,2,3
n10440,n10440,1,398,5,2,4
n10441,n10441,1,398,5,2,5
n10442,n10442,1,398,5,2,6
n10443,n10443,1,399,1,1,1
n10444,n10444,1,399,1,1,2
n10445,n10445,1,399,1,1,3
n10446,n10446,1,399,1,1,4
n10447,n10447,1,399,1,1,5
n10448,n10448,1,399,1,1,6
n10449,n10449,1,399,1,1,7
n10450,n10450,1,399,1,1,8
n10451,n10451,1,399,1,1,9
n10452,n10452,1,399,1,1,10
n10453,n10453,1,399,1,1,11
n10454,n10454,1,399,1,1,12
n10455,n10455,1,399,5,2,1
n10456,n10456,1,399,5,2,2
n10457,n10457,1,399,5,2,3
n10458,n10458,1,399,5,2,4
n10459,n10459,1,399,5,2,5
n10460,n10460,1,399,5,2,6
n10461,n10461,1,400,1,1,1
n10462,n10462,1,400,1,1,2
n10463,n10463,1,400,1,1,3
n10464,n10464,1,400,1,1,4
n10465,n10465,1,400,1,1,5
n10466,n10466,1,400,1,1,6
n10467,n10467,1,400,1,1,7
n10468,n10468,1,400,1,1,8
n10469,n10469,1,400,1,1,9
n10470,n10470,1,400,5,2,1
n10471,n10471,1,400,5,2,2
n10472,n10472,1,400,5,2,3
n10473,n10473,1,400,5,2,4
n10474,n10474,1,400,5,2,5
n10475,n10475,1,401,1,1,1
n10476,n10476,1,401,1,1,2
n10477,n10477,1,401,1,1,3
n10478,n10478,1,401,1,1,4
n10479,n10479,1,401,1,1,5
n10480,n10480,1,401,1,1,6
n10481,n10481,1,401,1,1,7
n10482,n10482,1,401,5,2,1
n10483,n10483,1,401,5,2,2
n10484,n10484,1,401,5,2,3
n10485,n10485,1,401,5,2,4
n10486,n10486,1,401,5,2,5
n10487,n10487,1,402,1,1,1
n10488,n10488,1,402,1,1,2
n10489,n10489,1,402,1,1,3
n10490,n10490,1,402,1,1,4
n10491,n10491,1,402,1,1,5
n10492,n10492,1,402,1,1,6
n10493,n10493,1,402,1,1,7
n10494,n10494,1,402,5,2,1
n10495,n10495,1,402,5,2,2
n10496,n10496,1,402,5,2,3
n10497,n10497,1,403,1,1,1
n10498,n10498,1,403,1,1,2
n10499,n10499,1,403,1,1,3
n10500,n10500,1,403,1,1,4
n10501,n10501,1,403,1,1,5
n10502,n10502,1,403,1,1,6
n10503,n10503,1,403,1,1,7
n10504,n10504,1,403,5,2,1
n10505,n10505,1,403,5,2,2
n10506,n10506,1,403,5,2,3
n10507,n10507,1,404,1,1,1
n10508,n10508,1,404,1,1,2
n10509,n10509,1,404,1,1,3
n10510,n10510,1,404,1,1,4
n10511,n10511,1,404,1,1,5
n10512,n10512,1,404,1,1,6
n10513,n10513,1,404,5,2,1
n10514,n10514,1,404,5,2,2
n10515,n10515,1,404,5,2,3
n10516,n10516,1,404,5,2,4
n10517,n10517,1,405,1,1,1
n10518,n10518,1,405,1,1,2
n10519,n10519,1,405,1,1,3
n10520,n10520,1,405,1,1,4
n10521,n10521,1,405,1,1,5
n10522,n10522,1,405,1,1,6
n10523,n10523,1,405,5,2,1
n10524,n10524,1,405,5,2,2
n10525,n10525,1,405,5,2,3
n10526,n10526,1,405,5,2,4
n10527,n10527,1,406,1,1,1
n10528,n10528,1,406,1,1,2
n10529,n10529,1,406,1,1,3
n10530,n10530,1,406,1,1,4
n10531,n10531,1,406,1,1,5
n10532,n10532,1,406,1,1,6
n10533,n10533,1,406,5,2,1
n10534,n10534,1,406,5,2,2
n10535,n10535,1,406,5,2,3
n10536,n10536,1,406,5,2,4
n10537,n10537,1,407,1,1,1
n10538,n10538,1,407,1,1,2
n10539,n10539,1,407,5,2,1
n10540,n10540,1,407,5,2,2
n10541,n10541,1,407,5,2,3
n10542,n10542,1,407,5,2,4
n10543,n10543,1,408,1,1,1
n10544,n10544,1,408,1,1,2
n10545,n10545,1,408,1,1,3
n10546,n10546,1,408,1,1,4
n10547,n10547,1,408,1,1,5
n10548,n10548,1,408,1,1,6
n10549,n10549,1,408,5,2,1
n10550,n10550,1,408,5,2,2
n10551,n10551,1,408,5,2,3
n10552,n10552,1,408,5,2,4
n10553,n10553,1,409,1,1,1
n10554,n10554,1,409,1,1,2
n10555,n10555,1,409,1,1,3
n10556,n10556,1,409,1,1,4
n10557,n10557,1,409,1,1,5
n10558,n10558,1,409,1,1,6
n10559,n10559,1,409,5,2,1
n10560,n10560,1,409,5,2,2
n10561,n10561,1,409,5,2,3
n10562,n10562,1,409,5,2,4
n10563,n10563,1,410,1,1,1
n10564,n10564,1,410,1,1,2
n10565,n10565,1,410,1,1,3
n10566,n10566,1,410,1,1,4
n10567,n10567,1,410,1,1,5
n10568,n10568,1,410,1,1,6
n10569,n10569,1,410,5,2,1
n10570,n10570,1,410,5,2,2
n10571,n10571,1,410,5,2,3
n10572,n10572,1,410,5,2,4
n10573,n10573,1,411,1,1,1
n10574,n10574,1,411,1,1,2
n10575,n10575,1,411,1,1,3
n10576,n10576,1,411,1,1,4
n10577,n10577,1,411,1,1,5
n10578,n10578,1,411,5,2,1
n10579,n10579,1,411,5,2,2
n10580,n10580,1,411,5,2,3
n10581,n10581,1,411,5,2,4
n10582,n10582,1,412,1,1,1
n10583,n10583,1,412,1,1,2
n10584,n10584,1,412,1,1,3
n10585,n10585,1,412,1,1,4
n10586,n10586,1,412,1,1,5
n10587,n10587,1,412,1,1,6
n10588,n10588,1,412,5,2,1
n10589,n10589,1,412,5,2,2
n10590,n10590,1,412,5,2,3
n10591,n10591,1,412,5,2,4
n10592,n10592,1,412,5,2,5
n10593,n10593,1,412,5,2,6
n10594,n10594,1,413,1,1,1
n10595,n10595,1,413,1,1,2
n10596,n10596,1,413,1,1,3
n10597,n10597,1,413,1,1,4
n10598,n10598,1,413,1,1,5
n10599,n10599,1,413,1,1,6
n10600,n10600,1,413,5,2,1
n10601,n10601,1,413,5,2,2
n10602,n10602,1,413,5,2,3
n10603,n10603,1,413,5,2,4
n10604,n10604,1,413,5,2,5
n10605,n10605,1,413,5,2,6
n10606,n10606,1,414,1,1,1
n10607,n10607,1,414,1,1,2
n10608,n10608,1,414,1,1,3
n10609,n10609,1,414,1,1,4
n10610,n10610,1,414,1,1,5
n10611,n10611,1,414,1,1,6
n10612,n10612,1,414,5,2,1
n10613,n10613,1,414,5,2,2
n10614,n10614,1,414,5,2,3
n10615,n10615,1,414,5,2,4
n10616,n10616,1,414,5,2,5
n10617,n10617,1,414,5,2,6
n10618,n10618,1,415,1,1,1
n10619,n10619,1,415,1,1,2
n10620,n10620,1,415,5,2,1
n10621,n10621,1,415,5,2,2
n10622,n10622,1,415,5,2,3
n10623,n10623,1,415,5,2,4
n10624,n10624,1,415,5,2,5
n10625,n10625,1,415,5,2,6
n10626,n10626,1,416,1,1,1
n10627,n10627,1,416,1,1,2
n10628,n10628,1,416,1,1,3
n10629,n10629,1,416,1,1,4
n10630,n10630,1,416,1,1,5
n10631,n10631,1,416,1,1,6
n10632,n10632,1,416,5,2,1
n10633,n10633,1,416,5,2,2
n10634,n10634,1,416,5,2,3
n10635,n10635,1,416,5,2,4
n10636,n10636,1,416,5,2,5
n10637,n10637,1,416,5,2,6
n10638,n10638,1,417,1,1,1
n10639,n10639,1,417,1,1,2
n10640,n10640,1,417,1,1,3
n10641,n10641,1,417,1,1,4
n10642,n10642,1,417,1,1,5
n10643,n10643,1,417,1,1,6
n10644,n10644,1,417,5,2,1
n10645,n10645,1,417,5,2,2
n10646,n10646,1,417,5,2,3
n10647,n10647,1,417,5,2,4
n10648,n10648,1,417,5,2,5
n10649,n10649,1,417,5,2,6
n10650,n10650,1,418,1,1,1
n10651,n10651,1,418,1,1,2
n10652,n10652,1,418,1,1,3
n10653,n10653,1,418,1,1,4
n10654,n10654,1,418,1,1,5
n10655,n10655,1,418,1,1,6
n10656,n10656,1,418,5,2,1
n10657,n10657,1,418,5,2,2
n10658,n10658,1,418,5,2,3
n10659,n10659,1,418,5,2,4
n10660,n10660,1,418,5,2,5
n10661,n10661,1,418,5,2,6
n10662,n10662,1,419,1,1,1
n10663,n10663,1,419,1,1,2
n10664,n10664,1,419,5,2,1
n10665,n10665,1,419,5,2,2
n10666,n10666,1,419,5,2,3
n10667,n10667,1,419,5,2,4
n10668,n10668,1,419,5,2,5
n10669,n10669,1,419,5,2,6
n10670,n10670,1,420,1,1,1
n10671,n10671,1,420,1,1,2
n10672,n10672,1,420,1,1,3
n10673,n10673,1,420,1,1,4
n10674,n10674,1,420,1,1,5
n10675,n10675,1,420,1,1,6
n10676,n10676,1,420,1,1,7
n10677,n10677,1,420,5,2,1
n10678,n10678,1,420,5,2,2
n10679,n10679,1,420,5,2,3
n10680,n10680,1,420,5,2,4
n10681,n10681,1,421,1,1,1
n10682,n10682,1,421,1,1,2
n10683,n10683,1,421,1,1,3
n10684,n10684,1,421,1,1,4
n10685,n10685,1,421,1,1,5
n10686,n10686,1,421,1,1,6
n10687,n10687,1,421,5,2,1
n10688,n10688,1,421,5,2,2
n10689,n10689,1,421,5,2,3
n10690,n10690,1,421,5,2,4
n10691,n10691,1,422,1,1,1
n10692,n10692,1,422,5,2,1
n10693,n10693,1,423,1,1,1
n10694,n10694,1,423,5,2,1
n10695,n10695,1,424,1,1,1
n10696,n10696,1,424,1,1,2
n10697,n10697,1,424,1,1,3
n10698,n10698,1,424,5,2,1
n10699,n10699,1,425,1,1,1
n10700,n10700,1,425,1,1,2
n10701,n10701,1,425,1,1,3
n10702,n10702,1,425,5,2,1
n10703,n10703,1,426,1,1,1
n10704,n10704,1,426,1,1,2
n10705,n10705,1,426,1,1,3
n10706,n10706,1,426,5,2,1
n10707,n10707,1,426,5,2,2
n10708,n10708,1,427,1,1,1
n10709,n10709,1,427,1,1,2
n10710,n10710,1,427,1,1,3
n10711,n10711,1,427,5,2,1
n10712,n10712,1,427,5,2,2
n10713,n10713,1,428,1,1,1
n10714,n10714,1,428,1,1,2
n10715,n10715,1,428,1,1,3
n10716,n10716,1,428,5,2,1
n10717,n10717,1,428,5,2,2
n10718,n10718,1,429,1,1,1
n10719,n10719,1,429,1,1,2
n10720,n10720,1,429,1,1,3
n10721,n10721,1,429,5,2,1
n10722,n10722,1,429,5,2,2
n10723,n10723,1,430,1,1,1
n10724,n10724,1,430,1,1,2
n10725,n10725,1,430,1,1,3
n10726,n10726,1,430,5,2,1
n10727,n10727,1,430,5,2,2
n10728,n10728,1,430,5,2,3
n10729,n10729,1,431,1,1,1
n10730,n10730,1,431,5,2,1
n10731,n10731,1,431,5,2,2
n10732,n10732,1,431,5,2,3
n10733,n10733,1,431,5,2,4
n10734,n10734,1,431,5,2,5
n10735,n10735,1,431,5,2,6
n10736,n10736,1,431,5,2,7
n10737,n10737,1,432,1,1,1
n10738,n10738,1,432,1,1,2
n10739,n10739,1,432,1,1,3
n10740,n10740,1,432,5,2,1
n10741,n10741,1,432,5,2,2
n10742,n10742,1,432,5,2,3
n10743,n10743,1,433,1,1,1
n10744,n10744,1,433,5,2,1
n10745,n10745,1,433,5,2,2
n10746,n10746,1,433,5,2,3
n10747,n10747,1,433,5,2,4
n10748,n10748,1,433,5,2,5
n10749,n10749,1,433,5,2,6
n10750,n10750,1,433,5,2,7
n10751,n10751,1,434,1,1,1
n10752,n10752,1,434,1,1,2
n10753,n10753,1,434,1,1,3
n10754,n10754,1,434,5,2,1
n10755,n10755,1,434,5,2,2
n10756,n10756,1,434,5,2,3
n10757,n10757,1,435,1,1,1
n10758,n10758,1,435,5,2,1
n10759,n10759,1,435,5,2,2
n10760,n10760,1,435,5,2,3
n10761,n10761,1,435,5,2,4
n10762,n10762,1,435,5,2,5
n10763,n10763,1,435,5,2,6
n10764,n10764,1,435,5,2,7
n10765,n10765,1,436,1,1,1
n10766,n10766,1,436,1,1,2
n10767,n10767,1,436,1,1,3
n10768,n10768,1,436,5,2,1
n10769,n10769,1,436,5,2,2
n10770,n10770,1,436,5,2,3
n10771,n10771,1,437,1,1,1
n10772,n10772,1,437,5,2,1
n10773,n10773,1,437,5,2,2
n10774,n10774,1,437,5,2,3
n10775,n10775,1,437,5,2,4
n10776,n10776,1,437,5,2,5
n10777,n10777,1,437,5,2,6
n10778,n10778,1,437,5,2,7
n10779,n10779,1,438,1,1,1
n10780,n10780,1,438,1,1,2
n10781,n10781,1,438,1,1,3
n10782,n10782,1,438,5,2,1
n10783,n10783,1,438,5,2,2
n10784,n10784,1,438,6,2,1
n10785,n10785,1,439,1,1,1
n10786,n10786,1,439,1,1,2
n10787,n10787,1,439,1,1,3
n10788,n10788,1,439,5,2,1
n10789,n10789,1,439,5,2,2
n10790,n10790,1,439,6,2,1
n10791,n10791,1,439,6,2,2
n10792,n10792,1,440,1,1,1
n10793,n10793,1,440,1,1,2
n10794,n10794,1,440,1,1,3
n10795,n10795,1,440,2,1,1
n10796,n10796,1,440,5,2,1
n10797,n10797,1,440,5,2,2
n10798,n10798,1,441,1,1,1
n10799,n10799,1,441,1,1,2
n10800,n10800,1,441,1,1,3
n10801,n10801,1,441,1,1,4
n10802,n10802,1,441,2,1,1
n10803,n10803,1,441,5,2,1
n10804,n10804,1,441,5,2,2
n10805,n10805,1,441,5,2,3
n10806,n10806,1,441,5,2,4
n10807,n10807,1,441,5,2,5
n10808,n10808,1,442,1,1,1
n10809,n10809,1,442,1,1,2
n10810,n10810,1,442,1,1,3
n10811,n10811,1,442,5,2,1
n10812,n10812,1,442,5,2,2
n10813,n10813,1,442,5,2,3
n10814,n10814,1,443,1,1,1
n10815,n10815,1,443,5,2,1
n10816,n10816,1,443,5,2,2
n10817,n10817,1,443,5,2,3
n10818,n10818,1,443,5,2,4
n10819,n10819,1,443,5,2,5
n10820,n10820,1,443,5,2,6
n10821,n10821,1,443,5,2,7
n10822,n10822,1,443,5,2,8
n10823,n10823,1,444,1,1,1
n10824,n10824,1,444,1,1,2
n10825,n10825,1,444,1,1,3
n10826,n10826,1,444,5,2,1
n10827,n10827,1,444,5,2,2
n10828,n10828,1,444,5,2,3
n10829,n10829,1,445,1,1,1
n10830,n10830,1,445,5,2,1
n10831,n10831,1,445,5,2,2
n10832,n10832,1,445,5,2,3
n10833,n10833,1,445,5,2,4
n10834,n10834,1,445,5,2,5
n10835,n10835,1,445,5,2,6
n10836,n10836,1,445,5,2,7
n10837,n10837,1,445,5,2,8
n10838,n10838,1,446,1,1,1
n10839,n10839,1,446,1,1,2
n10840,n10840,1,446,1,1,3
n10841,n10841,1,446,5,2,1
n10842,n10842,1,446,5,2,2
n10843,n10843,1,446,5,2,3
n10844,n10844,1,447,1,1,1
n10845,n10845,1,447,5,2,1
n10846,n10846,1,447,5,2,2
n10847,n10847,1,447,5,2,3
n10848,n10848,1,447,5,2,4
n10849,n10849,1,447,5,2,5
n10850,n10850,1,447,5,2,6
n10851,n10851,1,447,5,2,7
n10852,n10852,1,447,5,2,8
n10853,n10853,1,448,1,1,1
n10854,n10854,1,448,1,1,2
n10855,n10855,1,448,1,1,3
n10856,n10856,1,448,5,2,1
n10857,n10857,1,448,5,2,2
n10858,n10858,1,448,5,2,3
n10859,n10859,1,449,1,1,1
n10860,n10860,1,449,5,2,1
n10861,n10861,1,449,5,2,2
n10862,n10862,1,449,5,2,3
n10863,n10863,1,449,5,2,4
n10864,n10864,1,449,5,2,5
n10865,n10865,1,449,5,2,6
n10866,n10866,1,449,5,2,7
n10867,n10867,1,449,5,2,8
n10868,n10868,1,450,1,1,1
n10869,n10869,1,450,1,1,2
n10870,n10870,1,450,1,1,3
n10871,n10871,1,450,5,2,1
n10872,n10872,1,450,5,2,2
n10873,n10873,1,450,6,2,1
n10874,n10874,1,451,1,1,1
n10875,n10875,1,451,1,1,2
n10876,n10876,1,451,1,1,3
n10877,n10877,1,451,2,1,1
n10878,n10878,1,451,5,2,1
n10879,n10879,1,451,5,2,2
n10880,n10880,1,451,6,2,1
n10881,n10881,1,452,1,1,1
n10882,n10882,1,452,1,1,2
n10883,n10883,1,452,1,1,3
n10884,n10884,1,452,2,1,1
n10885,n10885,1,452,5,2,1
n10886,n10886,1,452,5,2,2
n10887,n10887,1,452,6,2,1
n10888,n10888,1,453,1,1,1
n10889,n10889,1,453,1,1,2
n10890,n10890,1,453,1,1,3
n10891,n10891,1,453,2,1,1
n10892,n10892,1,453,5,2,1
n10893,n10893,1,453,5,2,2
n10894,n10894,1,453,6,2,1
n10895,n10895,1,454,1,1,1
n10896,n10896,1,454,1,1,2
n10897,n10897,1,454,1,1,3
n10898,n10898,1,454,2,1,1
n10899,n10899,1,454,5,2,1
n10900,n10900,1,454,6,2,1
n10901,n10901,1,455,1,1,1
n10902,n10902,1,455,1,1,2
n10903,n10903,1,455,1,1,3
n10904,n10904,1,455,2,1,1
n10905,n10905,1,455,5,2,1
n10906,n10906,1,455,6,2,1
n10907,n10907,1,456,1,1,1
n10908,n10908,1,456,1,1,2
n10909,n10909,1,456,1,1,3
n10910,n10910,1,456,2,1,1
n10911,n10911,1,456,5,2,1
n10912,n10912,1,456,6,2,1
n10913,n10913,1,457,1,1,1
n10914,n10914,1,457,1,1,2
n10915,n10915,1,457,1,1,3
n10916,n10916,1,457,5,2,1
n10917,n10917,1,457,5,2,2
n10918,n10918,1,457,5,2,3
n10919,n10919,1,457,5,2,4
n10920,n10920,1,457,5,2,5
n10921,n10921,1,457,6,2,1
n10922,n10922,1,458,1,1,1
n10923,n10923,1,458,5,2,1
n10924,n10924,1,458,5,2,2
n10925,n10925,1,458,5,2,3
n10926,n10926,1,458,5,2,4
n10927,n10927,1,458,5,2,5
n10928,n10928,1,459,1,1,1
n10929,n10929,1,459,5,2,1
n10930,n10930,1,459,5,2,2
n10931,n10931,1,459,5,2,3
n10932,n10932,1,459,5,2,4
n10933,n10933,1,459,5,2,5
n10934,n10934,1,459,5,2,6
r52,r52,1,460,1,1,1
r53,r53,1,460,1,1,2
n10935,n10935,1,460,1,1,3
n10936,n10936,1,460,1,1,4
n10937,n10937,1,460,1,1,5
n10938,n10938,1,460,2,1,1
n10939,n10939,1,460,2,1,2
n10940,n10940,1,460,5,2,1
n10941,n10941,1,460,5,2,2
n10942,n10942,1,461,1,1,1
n10943,n10943,1,461,1,1,2
r54,r54,1,461,1,1,3
r55,r55,1,461,1,1,4
n10944,n10944,1,461,2,1,1
n10945,n10945,1,461,2,1,2
n10946,n10946,1,461,5,2,1
n10947,n10947,1,461,5,2,2
n10948,n10948,1,461,5,2,3
n10949,n10949,1,461,5,2,4
n10950,n10950,1,461,5,2,5
n10951,n10951,1,461,5,2,6
n10952,n10952,1,462,1,1,1
n10953,n10953,1,462,5,2,1
n10954,n10954,1,462,5,2,2
n10955,n10955,1,462,5,2,3
n10956,n10956,1,462,5,2,4
n10957,n10957,1,462,5,2,5
n10958,n10958,1,463,1,1,1
n10959,n10959,1,463,5,2,1
n10960,n10960,1,463,5,2,2
n10961,n10961,1,463,5,2,3
n10962,n10962,1,463,5,2,4
n10963,n10963,1,463,5,2,5
n10964,n10964,1,463,5,2,6
r56,r56,1,464,1,1,1
r57,r57,1,464,1,1,2
n10965,n10965,1,464,1,1,3
n10966,n10966,1,464,1,1,4
n10967,n10967,1,464,1,1,5
n10968,n10968,1,464,2,1,1
n10969,n10969,1,464,5,2,1
n10970,n10970,1,464,5,2,2
n10971,n10971,1,465,1,1,1
n10972,n10972,1,465,1,1,2
r58,r58,1,465,1,1,3
r59,r59,1,465,1,1,4
n10973,n10973,1,465,2,1,1
n10974,n10974,1,465,5,2,1
n10975,n10975,1,465,5,2,2
n10976,n10976,1,465,5,2,3
n10977,n10977,1,465,5,2,4
n10978,n10978,1,465,5,2,5
n10979,n10979,1,465,5,2,6
n10980,n10980,1,466,1,1,1
n10981,n10981,1,466,5,2,1
n10982,n10982,1,466,5,2,2
n10983,n10983,1,466,5,2,3
n10984,n10984,1,466,5,2,4
n10985,n10985,1,466,5,2,5
n10986,n10986,1,467,1,1,1
n10987,n10987,1,467,5,2,1
n10988,n10988,1,467,5,2,2
n10989,n10989,1,467,5,2,3
n10990,n10990,1,467,5,2,4
n10991,n10991,1,467,5,2,5
n10992,n10992,1,467,5,2,6
r60,r60,1,468,1,1,1
r61,r61,1,468,1,1,2
n10993,n10993,1,468,1,1,3
n10994,n10994,1,468,1,1,4
n10995,n10995,1,468,1,1,5
n10996,n10996,1,468,2,1,1
n10997,n10997,1,468,5,2,1
n10998,n10998,1,468,5,2,2
n10999,n10999,1,469,1,1,1
n11000,n11000,1,469,2,1,1
n11001,n11001,1,469,5,2,1
n11002,n11002,1,469,5,2,2
r62,r62,1,470,1,1,1
r63,r63,1,470,1,1,2
n11003,n11003,1,470,1,1,3
n11004,n11004,1,470,1,1,4
n11005,n11005,1,470,1,1,5
n11006,n11006,1,470,2,1,1
n11007,n11007,1,470,5,2,1
n11008,n11008,1,470,5,2,2
n11009,n11009,1,471,1,1,1
n11010,n11010,1,471,2,1,1
n11011,n11011,1,471,5,2,1
n11012,n11012,1,471,5,2,2
r64,r64,1,472,1,1,1
r65,r65,1,472,1,1,2
n11013,n11013,1,472,1,1,3
n11014,n11014,1,472,1,1,4
n11015,n11015,1,472,1,1,5
n11016,n11016,1,472,2,1,1
n11017,n11017,1,472,5,2,1
n11018,n11018,1,472,5,2,2
n11019,n11019,1,473,1,1,1
n11020,n11020,1,473,2,1,1
n11021,n11021,1,473,2,1,2
n11022,n11022,1,473,5,2,1
n11023,n11023,1,473,5,2,2
n11024,n11024,1,474,1,1,1
n11025,n11025,1,474,1,1,2
n11026,n11026,1,474,1,1,3
n11027,n11027,1,474,2,1,1
n11028,n11028,1,474,2,1,2
n11029,n11029,1,474,5,2,1
n11030,n11030,1,474,5,2,2
n11031,n11031,1,475,1,1,1
n11032,n11032,1,475,1,1,2
n11033,n11033,1,475,1,1,3
n11034,n11034,1,475,2,1,1
n11035,n11035,1,475,2,1,2
n11036,n11036,1,475,5,2,1
n11037,n11037,1,475,5,2,2
n11038,n11038,1,476,1,1,1
n11039,n11039,1,476,1,1,2
n11040,n11040,1,476,2,1,1
n11041,n11041,1,476,2,1,2
n11042,n11042,1,476,5,2,1
n11043,n11043,1,476,5,2,2
n11044,n11044,1,477,1,1,1
n11045,n11045,1,477,2,1,1
n11046,n11046,1,477,2,1,2
n11047,n11047,1,477,2,1,3
n11048,n11048,1,477,5,2,1
n11049,n11049,1,477,5,2,2
n11050,n11050,1,478,1,1,1
n11051,n11051,1,478,1,1,2
n11052,n11052,1,478,1,1,3
n11053,n11053,1,478,2,1,1
n11054,n11054,1,478,2,1,2
n11055,n11055,1,478,2,1,3
n11056,n11056,1,478,5,2,1
n11057,n11057,1,478,5,2,2
n11058,n11058,1,479,1,1,1
n11059,n11059,1,479,1,1,2
n11060,n11060,1,479,1,1,3
n11061,n11061,1,479,2,1,1
n11062,n11062,1,479,2,1,2
n11063,n11063,1,479,5,2,1
n11064,n11064,1,479,5,2,2
n11065,n11065,1,480,1,1,1
n11066,n11066,1,480,1,1,2
n11067,n11067,1,480,2,1,1
n11068,n11068,1,480,5,2,1
n11069,n11069,1,480,6,2,1
n11070,n11070,1,481,1,1,1
n11071,n11071,1,481,1,1,2
n11072,n11072,1,481,2,1,1
n11073,n11073,1,481,5,2,1
n11074,n11074,1,481,6,2,1
n11075,n11075,1,482,1,1,1
n11076,n11076,1,482,1,1,2
n11077,n11077,1,482,2,1,1
n11078,n11078,1,482,5,2,1
n11079,n11079,1,482,6,2,1
n11080,n11080,1,483,1,1,1
n11081,n11081,1,483,1,1,2
n11082,n11082,1,483,2,1,1
n11083,n11083,1,483,5,2,1
n11084,n11084,1,483,6,2,1
n11085,n11085,1,484,1,1,1
n11086,n11086,1,484,2,1,1
n11087,n11087,1,484,5,2,1
n11088,n11088,1,484,6,2,1
n11089,n11089,1,485,1,1,1
n11090,n11090,1,485,2,1,1
n11091,n11091,1,485,5,2,1
n11092,n11092,1,485,6,2,1
n11093,n11093,1,486,1,1,1
n11094,n11094,1,486,2,1,1
n11095,n11095,1,486,5,2,1
n11096,n11096,1,486,6,2,1
n11097,n11097,1,487,1,1,1
n11098,n11098,1,487,1,1,2
n11099,n11099,1,487,5,2,1
n11100,n11100,1,487,6,2,1
n11101,n11101,1,487,6,2,2
n11102,n11102,1,488,1,1,1
n11103,n11103,1,488,1,1,2
n11104,n11104,1,488,1,1,3
n11105,n11105,1,488,5,2,1
n11106,n11106,1,488,5,2,2
n11107,n11107,1,488,5,2,3
n11108,n11108,1,489,1,1,1
n11109,n11109,1,489,5,2,1
n11110,n11110,1,489,5,2,2
n11111,n11111,1,489,5,2,3
n11112,n11112,1,489,5,2,4
n11113,n11113,1,489,5,2,5
n11114,n11114,1,489,5,2,6
n11115,n11115,1,489,5,2,7
n11116,n11116,1,490,1,1,1
n11117,n11117,1,490,1,1,2
n11118,n11118,1,490,1,1,3
n11119,n11119,1,490,5,2,1
n11120,n11120,1,490,5,2,2
n11121,n11121,1,490,5,2,3
n11122,n11122,1,491,1,1,1
n11123,n11123,1,491,5,2,1
n11124,n11124,1,491,5,2,2
n11125,n11125,1,491,5,2,3
n11126,n11126,1,491,5,2,4
n11127,n11127,1,491,5,2,5
n11128,n11128,1,491,5,2,6
n11129,n11129,1,491,5,2,7
n11130,n11130,1,492,1,1,1
n11131,n11131,1,492,1,1,2
n11132,n11132,1,492,1,1,3
n11133,n11133,1,492,5,2,1
n11134,n11134,1,492,5,2,2
n11135,n11135,1,492,5,2,3
n11136,n11136,1,493,1,1,1
n11137,n11137,1,493,5,2,1
n11138,n11138,1,493,5,2,2
n11139,n11139,1,493,5,2,3
n11140,n11140,1,493,5,2,4
n11141,n11141,1,493,5,2,5
n11142,n11142,1,493,5,2,6
n11143,n11143,1,493,5,2,7
n11144,n11144,1,494,1,1,1
n11145,n11145,1,494,1,1,2
n11146,n11146,1,494,1,1,3
n11147,n11147,1,494,5,2,1
n11148,n11148,1,494,5,2,2
n11149,n11149,1,494,5,2,3
n11150,n11150,1,495,1,1,1
n11151,n11151,1,495,5,2,1
n11152,n11152,1,495,5,2,2
n11153,n11153,1,495,5,2,3
n11154,n11154,1,495,5,2,4
n11155,n11155,1,495,5,2,5
n11156,n11156,1,495,5,2,6
n11157,n11157,1,495,5,2,7
n11158,n11158,1,496,1,1,1
n11159,n11159,1,496,1,1,2
n11160,n11160,1,496,1,1,3
n11161,n11161,1,496,5,2,1
n11162,n11162,1,496,5,2,2
n11163,n11163,1,496,5,2,3
n11164,n11164,1,497,1,1,1
n11165,n11165,1,497,1,1,2
n11166,n11166,1,497,1,1,3
n11167,n11167,1,497,5,2,1
n11168,n11168,1,497,5,2,2
n11169,n11169,1,497,5,2,3
n11170,n11170,1,498,1,1,1
n11171,n11171,1,498,1,1,2
n11172,n11172,1,498,1,1,3
n11173,n11173,1,498,1,1,4
n11174,n11174,1,498,1,1,5
n11175,n11175,1,498,1,1,6
n11176,n11176,1,498,5,2,1
n11177,n11177,1,498,5,2,2
n11178,n11178,1,499,1,1,1
n11179,n11179,1,499,1,1,2
n11180,n11180,1,499,1,1,3
n11181,n11181,1,499,1,1,4
n11182,n11182,1,499,5,2,1
n11183,n11183,1,499,5,2,2
n11184,n11184,1,499,5,2,3
n11185,n11185,1,500,1,1,1
n11186,n11186,1,500,1,1,2
n11187,n11187,1,500,1,1,3
n11188,n11188,1,500,1,1,4
n11189,n11189,1,500,1,1,5
n11190,n11190,1,500,1,1,6
n11191,n11191,1,500,5,2,1
n11192,n11192,1,500,5,2,2
n11193,n11193,1,500,5,2,3
n11194,n11194,1,501,1,1,1
n11195,n11195,1,501,1,1,2
n11196,n11196,1,501,5,2,1
n11197,n11197,1,501,5,2,2
n11198,n11198,1,501,5,2,3
n11199,n11199,1,501,5,2,4
n11200,n11200,1,501,5,2,5
n11201,n11201,1,501,5,2,6
n11202,n11202,1,501,5,2,7
n11203,n11203,1,502,1,1,1
n11204,n11204,1,502,1,1,2
n11205,n11205,1,502,1,1,3
n11206,n11206,1,502,1,1,4
n11207,n11207,1,502,1,1,5
n11208,n11208,1,502,1,1,6
n11209,n11209,1,502,5,2,1
n11210,n11210,1,502,5,2,2
n11211,n11211,1,502,5,2,3
n11212,n11212,1,503,1,1,1
n11213,n11213,1,503,1,1,2
n11214,n11214,1,503,5,2,1
n11215,n11215,1,503,5,2,2
n11216,n11216,1,503,5,2,3
n11217,n11217,1,503,5,2,4
n11218,n11218,1,503,5,2,5
n11219,n11219,1,503,5,2,6
n11220,n11220,1,503,5,2,7
n11221,n11221,1,504,1,1,1
n11222,n11222,1,504,1,1,2
n11223,n11223,1,504,1,1,3
n11224,n11224,1,504,1,1,4
n11225,n11225,1,504,1,1,5
n11226,n11226,1,504,1,1,6
n11227,n11227,1,504,5,2,1
n11228,n11228,1,504,5,2,2
n11229,n11229,1,504,5,2,3
n11230,n11230,1,505,1,1,1
n11231,n11231,1,505,1,1,2
n11232,n11232,1,505,5,2,1
n11233,n11233,1,505,5,2,2
n11234,n11234,1,505,5,2,3
n11235,n11235,1,505,5,2,4
n11236,n11236,1,505,5,2,5
n11237,n11237,1,505,5,2,6
n11238,n11238,1,505,5,2,7
n11239,n11239,1,506,1,1,1
n11240,n11240,1,506,1,1,2
n11241,n11241,1,506,1,1,3
n11242,n11242,1,506,1,1,4
n11243,n11243,1,506,1,1,5
n11244,n11244,1,506,1,1,6
n11245,n11245,1,506,5,2,1
n11246,n11246,1,506,5,2,2
n11247,n11247,1,506,5,2,3
n11248,n11248,1,507,1,1,1
n11249,n11249,1,507,1,1,2
n11250,n11250,1,507,5,2,1
n11251,n11251,1,507,5,2,2
n11252,n11252,1,507,5,2,3
n11253,n11253,1,507,5,2,4
n11254,n11254,1,507,5,2,5
n11255,n11255,1,507,5,2,6
n11256,n11256,1,507,5,2,7
n11257,n11257,1,508,1,1,1
n11258,n11258,1,508,1,1,2
n11259,n11259,1,508,1,1,3
n11260,n11260,1,508,1,1,4
n11261,n11261,1,508,1,1,5
n11262,n11262,1,508,1,1,6
n11263,n11263,1,508,5,2,1
n11264,n11264,1,508,5,2,2
n11265,n11265,1,508,5,2,3
n11266,n11266,1,509,1,1,1
n11267,n11267,1,509,1,1,2
n11268,n11268,1,509,1,1,3
n11269,n11269,1,509,1,1,4
n11270,n11270,1,509,1,1,5
n11271,n11271,1,509,1,1,6
n11272,n11272,1,509,5,2,1
n11273,n11273,1,509,5,2,2
n11274,n11274,1,509,5,2,3
n11275,n11275,1,510,1,1,1
n11276,n11276,1,510,1,1,2
n11277,n11277,1,510,1,1,3
n11278,n11278,1,510,1,1,4
n11279,n11279,1,510,1,1,5
n11280,n11280,1,510,1,1,6
n11281,n11281,1,510,2,1,1
n11282,n11282,1,510,2,1,2
n11283,n11283,1,510,2,1,3
n11284,n11284,1,510,5,2,1
n11285,n11285,1,510,5,2,2
n11286,n11286,1,511,1,1,1
n11287,n11287,1,511,1,1,2
n11288,n11288,1,511,1,1,3
n11289,n11289,1,511,5,1,1
n11290,n11290,1,511,5,1,2
n11291,n11291,1,511,5,2,1
n11292,n11292,1,512,1,1,1
n11293,n11293,1,512,1,1,2
n11294,n11294,1,512,1,1,3
n11295,n11295,1,512,5,2,1
n11296,n11296,1,513,1,1,1
n11297,n11297,1,513,1,1,2
n11298,n11298,1,513,1,1,3
n11299,n11299,1,513,5,2,1
n11300,n11300,1,514,1,1,1
n11301,n11301,1,514,1,1,2
n11302,n11302,1,514,1,1,3
n11303,n11303,1,514,1,1,4
n11304,n11304,1,514,1,1,5
n11305,n11305,1,514,1,1,6
n11306,n11306,1,514,5,2,1
n11307,n11307,1,515,1,1,1
n11308,n11308,1,515,1,1,2
n11309,n11309,1,515,1,1,3
n11310,n11310,1,515,1,1,4
n11311,n11311,1,515,1,1,5
n11312,n11312,1,515,1,1,6
n11313,n11313,1,515,5,2,1
n11314,n11314,1,516,1,1,1
n11315,n11315,1,516,1,1,2
n11316,n11316,1,516,1,1,3
n11317,n11317,1,516,1,1,4
n11318,n11318,1,516,1,1,5
n11319,n11319,1,516,1,1,6
n11320,n11320,1,516,5,2,1
n11321,n11321,1,516,5,2,2
n11322,n11322,1,516,5,2,3
n11323,n11323,1,517,1,1,1
n11324,n11324,1,517,1,1,2
n11325,n11325,1,517,1,1,3
n11326,n11326,1,517,1,1,4
n11327,n11327,1,517,1,1,5
n11328,n11328,1,517,1,1,6
n11329,n11329,1,517,5,2,1
n11330,n11330,1,517,5,2,2
n11331,n11331,1,517,5,2,3
n11332,n11332,1,518,1,1,1
n11333,n11333,1,518,1,1,2
n11334,n11334,1,518,1,1,3
n11335,n11335,1,518,1,1,4
n11336,n11336,1,518,1,1,5
n11337,n11337,1,518,1,1,6
n11338,n11338,1,518,5,2,1
n11339,n11339,1,518,5,2,2
n11340,n11340,1,518,5,2,3
n11341,n11341,1,518,5,2,4
n11342,n11342,1,518,5,2,5
n11343,n11343,1,518,5,2,6
n11344,n11344,1,519,1,1,1
n11345,n11345,1,519,1,1,2
n11346,n11346,1,519,1,1,3
n11347,n11347,1,519,1,1,4
n11348,n11348,1,519,1,1,5
n11349,n11349,1,519,1,1,6
n11350,n11350,1,519,5,2,1
n11351,n11351,1,519,5,2,2
n11352,n11352,1,519,5,2,3
n11353,n11353,1,519,5,2,4
n11354,n11354,1,519,5,2,5
n11355,n11355,1,519,5,2,6
n11356,n11356,1,519,5,2,7
n11357,n11357,1,519,5,2,8
n11358,n11358,1,519,5,2,9
n11359,n11359,1,520,1,1,1
n11360,n11360,1,520,1,1,2
n11361,n11361,1,520,1,1,3
n11362,n11362,1,520,1,1,4
n11363,n11363,1,520,1,1,5
n11364,n11364,1,520,1,1,6
n11365,n11365,1,520,1,1,7
n11366,n11366,1,520,1,1,8
n11367,n11367,1,520,1,1,9
n11368,n11368,1,520,5,2,1
n11369,n11369,1,520,5,2,2
n11370,n11370,1,520,5,2,3
n11371,n11371,1,520,5,2,4
n11372,n11372,1,520,5,2,5
n11373,n11373,1,520,5,2,6
n11374,n11374,1,520,5,2,7
n11375,n11375,1,520,5,2,8
n11376,n11376,1,520,5,2,9
n11377,n11377,1,521,1,1,1
n11378,n11378,1,521,1,1,2
n11379,n11379,1,521,1,1,3
n11380,n11380,1,521,1,1,4
n11381,n11381,1,521,1,1,5
n11382,n11382,1,521,1,1,6
n11383,n11383,1,521,1,1,7
n11384,n11384,1,521,1,1,8
n11385,n11385,1,521,1,1,9
n11386,n11386,1,521,5,2,1
n11387,n11387,1,521,5,2,2
n11388,n11388,1,521,5,2,3
n11389,n11389,1,521,5,2,4
n11390,n11390,1,521,5,2,5
n11391,n11391,1,521,5,2,6
n11392,n11392,1,521,5,2,7
n11393,n11393,1,521,5,2,8
n11394,n11394,1,521,5,2,9
n11395,n11395,1,522,1,1,1
n11396,n11396,1,522,1,1,2
n11397,n11397,1,522,1,1,3
n11398,n11398,1,522,1,1,4
n11399,n11399,1,522,1,1,5
n11400,n11400,1,522,1,1,6
n11401,n11401,1,522,1,1,7
n11402,n11402,1,522,5,2,1
n11403,n11403,1,522,5,2,2
n11404,n11404,1,522,5,2,3
n11405,n11405,1,522,5,2,4
n11406,n11406,1,522,5,2,5
n11407,n11407,1,523,1,1,1
n11408,n11408,1,523,1,1,2
n11409,n11409,1,523,1,1,3
n11410,n11410,1,523,1,1,4
n11411,n11411,1,523,1,1,5
n11412,n11412,1,523,5,2,1
n11413,n11413,1,524,1,1,1
n11414,n11414,1,524,1,1,2
n11415,n11415,1,524,1,1,3
n11416,n11416,1,524,1,1,4
n11417,n11417,1,524,5,2,1
n11418,n11418,1,524,5,2,2
n11419,n11419,1,524,5,2,3
n11420,n11420,1,524,5,2,4
n11421,n11421,1,524,5,2,5
n11422,n11422,1,524,5,2,6
n11423,n11423,1,525,1,1,1
n11424,n11424,1,525,1,1,2
n11425,n11425,1,525,1,2,1
n11426,n11426,1,525,1,2,2
n11427,n11427,1,525,1,2,3
n11428,n11428,1,525,5,2,1
n11429,n11429,1,525,5,2,2
n11430,n11430,1,525,5,2,3
n11431,n11431,1,525,5,2,4
n11432,n11432,1,525,5,2,5
n11433,n11433,1,526,1,1,1
n11434,n11434,1,526,1,1,2
n11435,n11435,1,526,1,1,3
n11436,n11436,1,526,1,1,4
n11437,n11437,1,526,1,1,5
n11438,n11438,1,526,1,1,6
n11439,n11439,1,526,1,1,7
n11440,n11440,1,526,1,1,8
n11441,n11441,1,526,1,1,9
n11442,n11442,1,526,5,2,1
n11443,n11443,1,526,5,2,2
n11444,n11444,1,526,5,2,3
n11445,n11445,1,526,5,2,4
n11446,n11446,1,526,5,2,5
n11447,n11447,1,526,5,2,6
n11448,n11448,1,526,5,2,7
n11449,n11449,1,526,5,2,8
n11450,n11450,1,526,5,2,9
n11451,n11451,1,527,1,1,1
n11452,n11452,1,527,1,1,2
n11453,n11453,1,527,1,1,3
n11454,n11454,1,527,1,1,4
n11455,n11455,1,527,1,1,5
n11456,n11456,1,527,1,1,6
n11457,n11457,1,527,1,1,7
n11458,n11458,1,527,1,1,8
n11459,n11459,1,527,1,1,9
n11460,n11460,1,527,5,2,1
n11461,n11461,1,527,5,2,2
n11462,n11462,1,527,5,2,3
n11463,n11463,1,527,5,2,4
n11464,n11464,1,527,5,2,5
n11465,n11465,1,527,5,2,6
n11466,n11466,1,527,5,2,7
n11467,n11467,1,527,5,2,8
n11468,n11468,1,527,5,2,9
n11469,n11469,1,528,1,1,1
n11470,n11470,1,528,1,1,2
n11471,n11471,1,528,1,1,3
n11472,n11472,1,528,1,1,4
n11473,n11473,1,528,1,1,5
n11474,n11474,1,528,1,1,6
n11475,n11475,1,528,1,1,7
n11476,n11476,1,528,5,2,1
n11477,n11477,1,528,5,2,2
n11478,n11478,1,528,5,2,3
n11479,n11479,1,528,5,2,4
n11480,n11480,1,529,1,1,1
n11481,n11481,1,529,1,1,2
n11482,n11482,1,529,1,1,3
n11483,n11483,1,529,1,1,4
n11484,n11484,1,529,1,1,5
n11485,n11485,1,529,5,2,1
n11486,n11486,1,530,1,1,1
n11487,n11487,1,530,1,1,2
n11488,n11488,1,530,1,1,3
n11489,n11489,1,530,1,1,4
n11490,n11490,1,530,5,2,1
n11491,n11491,1,530,5,2,2
n11492,n11492,1,530,6,1,1
n11493,n11493,1,530,6,1,2
n11494,n11494,1,530,6,1,3
n11495,n11495,1,530,6,1,4
n11496,n11496,1,531,1,1,1
n11497,n11497,1,531,1,1,2
n11498,n11498,1,531,1,1,3
n11499,n11499,1,531,1,1,4
n11500,n11500,1,531,1,1,5
n11501,n11501,1,531,5,2,1
n11502,n11502,1,531,5,2,2
n11503,n11503,1,531,5,2,3
n11504,n11504,1,531,5,2,4
n11505,n11505,1,531,5,2,5
n11506,n11506,1,532,1,1,1
n11507,n11507,1,532,1,1,2
n11508,n11508,1,532,1,1,3
n11509,n11509,1,532,1,1,4
n11510,n11510,1,532,1,1,5
n11511,n11511,1,532,1,1,6
n11512,n11512,1,532,1,1,7
n11513,n11513,1,532,1,1,8
n11514,n11514,1,532,1,1,9
n11515,n11515,1,532,5,2,1
n11516,n11516,1,532,5,2,2
n11517,n11517,1,532,5,2,3
n11518,n11518,1,532,5,2,4
n11519,n11519,1,532,5,2,5
n11520,n11520,1,532,5,2,6
n11521,n11521,1,532,5,2,7
n11522,n11522,1,532,5,2,8
n11523,n11523,1,532,5,2,9
n11524,n11524,1,533,1,1,1
n11525,n11525,1,533,1,1,2
n11526,n11526,1,533,1,1,3
n11527,n11527,1,533,1,1,4
n11528,n11528,1,533,1,1,5
n11529,n11529,1,533,1,1,6
n11530,n11530,1,533,1,1,7
n11531,n11531,1,533,1,1,8
n11532,n11532,1,533,1,1,9
n11533,n11533,1,533,1,1,10
n11534,n11534,1,533,1,1,11
n11535,n11535,1,533,1,1,12
n11536,n11536,1,533,5,2,1
n11537,n11537,1,533,5,2,2
n11538,n11538,1,533,5,2,3
n11539,n11539,1,533,5,2,4
n11540,n11540,1,533,5,2,5
n11541,n11541,1,533,5,2,6
n11542,n11542,1,533,5,2,7
n11543,n11543,1,533,5,2,8
n11544,n11544,1,533,5,2,9
n11545,n11545,1,534,1,1,1
n11546,n11546,1,534,1,1,2
n11547,n11547,1,534,1,1,3
n11548,n11548,1,534,1,1,4
n11549,n11549,1,534,1,1,5
n11550,n11550,1,534,1,1,6
n11551,n11551,1,534,1,1,7
n11552,n11552,1,534,5,2,1
n11553,n11553,1,534,5,2,2
n11554,n11554,1,534,5,2,3
n11555,n11555,1,534,5,2,4
n11556,n11556,1,534,5,2,5
n11557,n11557,1,535,1,1,1
n11558,n11558,1,535,1,1,2
n11559,n11559,1,535,1,1,3
n11560,n11560,1,535,1,1,4
n11561,n11561,1,535,1,1,5
n11562,n11562,1,535,5,2,1
n11563,n11563,1,535,5,2,2
n11564,n11564,1,535,5,2,3
n11565,n11565,1,535,5,2,4
n11566,n11566,1,535,5,2,5
n11567,n11567,1,536,1,1,1
n11568,n11568,1,536,1,1,2
n11569,n11569,1,536,1,1,3
n11570,n11570,1,536,1,1,4
n11571,n11571,1,536,1,1,5
n11572,n11572,1,536,1,1,6
n11573,n11573,1,536,1,1,7
n11574,n11574,1,536,1,1,8
n11575,n11575,1,536,1,1,9
n11576,n11576,1,536,5,2,1
n11577,n11577,1,536,5,2,2
n11578,n11578,1,536,5,2,3
n11579,n11579,1,536,5,2,4
n11580,n11580,1,536,5,2,5
n11581,n11581,1,536,5,2,6
n11582,n11582,1,536,5,2,7
n11583,n11583,1,536,5,2,8
n11584,n11584,1,536,5,2,9
n11585,n11585,1,537,1,1,1
n11586,n11586,1,537,1,1,2
n11587,n11587,1,537,1,1,3
n11588,n11588,1,537,1,1,4
n11589,n11589,1,537,1,1,5
n11590,n11590,1,537,1,1,6
n11591,n11591,1,537,1,1,7
n11592,n11592,1,537,1,1,8
n11593,n11593,1,537,1,1,9
n11594,n11594,1,537,1,1,10
n11595,n11595,1,537,1,1,11
n11596,n11596,1,537,1,1,12
n11597,n11597,1,537,5,2,1
n11598,n11598,1,537,5,2,2
n11599,n11599,1,537,5,2,3
n11600,n11600,1,537,5,2,4
n11601,n11601,1,537,5,2,5
n11602,n11602,1,537,5,2,6
n11603,n11603,1,537,5,2,7
n11604,n11604,1,537,5,2,8
n11605,n11605,1,537,5,2,9
n11606,n11606,1,538,1,1,1
n11607,n11607,1,538,1,1,2
n11608,n11608,1,538,1,1,3
n11609,n11609,1,538,1,1,4
n11610,n11610,1,538,1,1,5
n11611,n11611,1,538,1,1,6
n11612,n11612,1,538,1,1,7
n11613,n11613,1,538,5,2,1
n11614,n11614,1,538,5,2,2
n11615,n11615,1,538,5,2,3
n11616,n11616,1,538,5,2,4
n11617,n11617,1,538,5,2,5
n11618,n11618,1,539,1,1,1
n11619,n11619,1,539,1,1,2
n11620,n11620,1,539,1,1,3
n11621,n11621,1,539,1,1,4
n11622,n11622,1,539,1,1,5
n11623,n11623,1,539,5,2,1
n11624,n11624,1,539,5,2,2
n11625,n11625,1,539,5,2,3
n11626,n11626,1,539,5,2,4
n11627,n11627,1,539,5,2,5
n11628,n11628,1,540,1,1,1
n11629,n11629,1,540,1,1,2
n11630,n11630,1,540,1,1,3
n11631,n11631,1,540,1,1,4
n11632,n11632,1,540,1,1,5
n11633,n11633,1,540,1,1,6
n11634,n11634,1,540,1,1,7
n11635,n11635,1,540,1,1,8
n11636,n11636,1,540,1,1,9
n11637,n11637,1,540,1,1,10
n11638,n11638,1,540,1,1,11
n11639,n11639,1,540,1,1,12
n11640,n11640,1,540,5,2,1
n11641,n11641,1,540,5,2,2
n11642,n11642,1,540,5,2,3
n11643,n11643,1,540,5,2,4
n11644,n11644,1,540,5,2,5
n11645,n11645,1,540,5,2,6
n11646,n11646,1,540,5,2,7
n11647,n11647,1,540,5,2,8
n11648,n11648,1,540,5,2,9
n11649,n11649,1,541,1,1,1
n11650,n11650,1,541,1,1,2
n11651,n11651,1,541,1,1,3
n11652,n11652,1,541,1,1,4
n11653,n11653,1,541,1,1,5
n11654,n11654,1,541,1,1,6
n11655,n11655,1,541,1,1,7
n11656,n11656,1,541,5,2,1
n11657,n11657,1,541,5,2,2
n11658,n11658,1,541,5,2,3
n11659,n11659,1,541,5,2,4
n11660,n11660,1,541,5,2,5
n11661,n11661,1,542,1,1,1
n11662,n11662,1,542,1,1,2
n11663,n11663,1,542,1,1,3
n11664,n11664,1,542,1,1,4
n11665,n11665,1,542,1,1,5
n11666,n11666,1,542,1,1,6
n11667,n11667,1,542,1,1,7
n11668,n11668,1,542,1,1,8
n11669,n11669,1,542,1,1,9
n11670,n11670,1,542,1,1,10
n11671,n11671,1,542,1,1,11
n11672,n11672,1,542,1,1,12
n11673,n11673,1,542,5,2,1
n11674,n11674,1,542,5,2,2
n11675,n11675,1,542,5,2,3
n11676,n11676,1,542,5,2,4
n11677,n11677,1,542,5,2,5
n11678,n11678,1,542,5,2,6
n11679,n11679,1,542,5,2,7
n11680,n11680,1,542,5,2,8
n11681,n11681,1,542,5,2,9
n11682,n11682,1,543,1,1,1
n11683,n11683,1,543,1,1,2
n11684,n11684,1,543,1,1,3
n11685,n11685,1,543,1,1,4
n11686,n11686,1,543,1,1,5
n11687,n11687,1,543,1,1,6
n11688,n11688,1,543,1,1,7
n11689,n11689,1,543,5,2,1
n11690,n11690,1,543,5,2,2
n11691,n11691,1,543,5,2,3
n11692,n11692,1,543,5,2,4
n11693,n11693,1,543,5,2,5
n11694,n11694,1,544,1,1,1
n11695,n11695,1,544,1,1,2
n11696,n11696,1,544,1,1,3
n11697,n11697,1,544,1,1,4
n11698,n11698,1,544,1,1,5
n11699,n11699,1,544,1,1,6
n11700,n11700,1,544,1,1,7
n11701,n11701,1,544,1,1,8
n11702,n11702,1,544,1,1,9
n11703,n11703,1,544,5,2,1
n11704,n11704,1,544,5,2,2
n11705,n11705,1,544,5,2,3
n11706,n11706,1,544,5,2,4
n11707,n11707,1,544,5,2,5
n11708,n11708,1,544,5,2,6
n11709,n11709,1,545,1,1,1
n11710,n11710,1,545,1,1,2
n11711,n11711,1,545,1,1,3
n11712,n11712,1,545,1,1,4
n11713,n11713,1,545,1,1,5
n11714,n11714,1,545,1,1,6
n11715,n11715,1,545,1,1,7
n11716,n11716,1,545,1,1,8
n11717,n11717,1,545,1,1,9
n11718,n11718,1,545,5,2,1
n11719,n11719,1,545,5,2,2
n11720,n11720,1,545,5,2,3
n11721,n11721,1,545,5,2,4
n11722,n11722,1,545,5,2,5
n11723,n11723,1,545,5,2,6
n11724,n11724,1,546,1,1,1
n11725,n11725,1,546,1,1,2
n11726,n11726,1,546,1,1,3
n11727,n11727,1,546,1,1,4
n11728,n11728,1,546,1,1,5
n11729,n11729,1,546,1,1,6
n11730,n11730,1,546,1,1,7
n11731,n11731,1,546,1,1,8
n11732,n11732,1,546,1,1,9
n11733,n11733,1,546,5,2,1
n11734,n11734,1,546,5,2,2
n11735,n11735,1,546,5,2,3
n11736,n11736,1,546,5,2,4
n11737,n11737,1,546,5,2,5
n11738,n11738,1,546,5,2,6
n11739,n11739,1,547,1,1,1
n11740,n11740,1,547,1,1,2
n11741,n11741,1,547,1,1,3
n11742,n11742,1,547,1,1,4
n11743,n11743,1,547,1,1,5
n11744,n11744,1,547,1,1,6
n11745,n11745,1,547,1,1,7
n11746,n11746,1,547,1,1,8
n11747,n11747,1,547,1,1,9
n11748,n11748,1,547,5,2,1
n11749,n11749,1,547,5,2,2
n11750,n11750,1,547,5,2,3
n11751,n11751,1,547,5,2,4
n11752,n11752,1,547,5,2,5
n11753,n11753,1,547,5,2,6
n11754,n11754,1,548,1,1,1
n11755,n11755,1,548,1,1,2
n11756,n11756,1,548,1,1,3
n11757,n11757,1,548,1,1,4
n11758,n11758,1,548,1,1,5
n11759,n11759,1,548,1,1,6
n11760,n11760,1,548,1,1,7
n11761,n11761,1,548,1,1,8
n11762,n11762,1,548,1,1,9
n11763,n11763,1,548,1,1,10
n11764,n11764,1,548,1,1,11
n11765,n11765,1,548,2,1,1
n11766,n11766,1,548,2,1,2
n11767,n11767,1,548,5,2,1
n11768,n11768,1,548,5,2,2
n11769,n11769,1,548,5,2,3
n11770,n11770,1,548,5,2,4
n11771,n11771,1,549,1,1,1
n11772,n11772,1,549,1,1,2
n11773,n11773,1,549,1,1,3
n11774,n11774,1,549,1,1,4
n11775,n11775,1,549,1,1,5
n11776,n11776,1,549,1,1,6
n11777,n11777,1,549,1,1,7
n11778,n11778,1,549,1,1,8
n11779,n11779,1,549,1,1,9
n11780,n11780,1,549,1,1,10
n11781,n11781,1,549,1,1,11
n11782,n11782,1,549,1,1,12
n11783,n11783,1,549,2,1,1
n11784,n11784,1,549,2,1,2
n11785,n11785,1,549,2,1,3
n11786,n11786,1,549,5,2,1
n11787,n11787,1,549,5,2,2
n11788,n11788,1,549,5,2,3
n11789,n11789,1,550,1,1,1
n11790,n11790,1,550,1,1,2
n11791,n11791,1,550,1,1,3
n11792,n11792,1,550,1,1,4
n11793,n11793,1,550,1,1,5
n11794,n11794,1,550,1,1,6
n11795,n11795,1,550,1,1,7
n11796,n11796,1,550,1,1,8
r66,r66,1,550,1,1,9
n11797,n11797,1,550,2,1,1
n11798,n11798,1,550,5,2,1
n11799,n11799,1,550,5,2,2
n11800,n11800,1,550,5,2,3
n11801,n11801,1,550,5,2,4
n11802,n11802,1,550,5,2,5
n11803,n11803,1,551,1,1,1
n11804,n11804,1,551,1,1,2
n11805,n11805,1,551,1,1,3
n11806,n11806,1,551,1,1,4
n11807,n11807,1,551,1,1,5
n11808,n11808,1,551,1,1,6
n11809,n11809,1,551,1,1,7
n11810,n11810,1,551,1,1,8
n11811,n11811,1,551,1,1,9
n11812,n11812,1,551,5,2,1
n11813,n11813,1,551,5,2,2
n11814,n11814,1,551,5,2,3
n11815,n11815,1,551,5,2,4
n11816,n11816,1,551,5,2,5
n11817,n11817,1,552,1,1,1
n11818,n11818,1,552,1,1,2
n11819,n11819,1,552,1,1,3
n11820,n11820,1,552,1,1,4
n11821,n11821,1,552,1,1,5
n11822,n11822,1,552,1,1,6
n11823,n11823,1,552,1,1,7
n11824,n11824,1,552,1,1,8
n11825,n11825,1,552,1,1,9
n11826,n11826,1,552,5,2,1
n11827,n11827,1,552,5,2,2
n11828,n11828,1,552,5,2,3
n11829,n11829,1,552,5,2,4
n11830,n11830,1,552,5,2,5
n11831,n11831,1,553,1,1,1
n11832,n11832,1,553,1,1,2
n11833,n11833,1,553,1,1,3
n11834,n11834,1,553,1,1,4
n11835,n11835,1,553,1,1,5
n11836,n11836,1,553,1,1,6
n11837,n11837,1,553,1,1,7
n11838,n11838,1,553,1,1,8
r67,r67,1,553,1,1,9
n11839,n11839,1,553,2,1,1
n11840,n11840,1,553,5,2,1
n11841,n11841,1,553,5,2,2
n11842,n11842,1,553,5,2,3
n11843,n11843,1,553,5,2,4
n11844,n11844,1,554,1,1,1
n11845,n11845,1,554,1,1,2
n11846,n11846,1,554,1,1,3
n11847,n11847,1,554,1,1,4
n11848,n11848,1,554,1,1,5
n11849,n11849,1,554,1,1,6
n11850,n11850,1,554,1,1,7
n11851,n11851,1,554,1,1,8
r68,r68,1,554,1,1,9
n11852,n11852,1,554,2,1,1
n11853,n11853,1,554,5,2,1
n11854,n11854,1,554,5,2,2
n11855,n11855,1,554,5,2,3
n11856,n11856,1,554,5,2,4
n11857,n11857,1,555,1,1,1
n11858,n11858,1,555,1,1,2
n11859,n11859,1,555,1,1,3
n11860,n11860,1,555,1,1,4
n11861,n11861,1,555,1,1,5
n11862,n11862,1,555,1,1,6
n11863,n11863,1,555,1,1,7
n11864,n11864,1,555,1,1,8
r69,r69,1,555,1,1,9
n11865,n11865,1,555,2,1,1
n11866,n11866,1,555,5,2,1
n11867,n11867,1,555,5,2,2
n11868,n11868,1,555,5,2,3
n11869,n11869,1,555,5,2,4
n11870,n11870,1,556,1,1,1
n11871,n11871,1,556,1,1,2
n11872,n11872,1,556,1,1,3
n11873,n11873,1,556,1,1,4
n11874,n11874,1,556,1,1,5
n11875,n11875,1,556,1,1,6
n11876,n11876,1,556,1,1,7
n11877,n11877,1,556,1,1,8
n11878,n11878,1,556,1,1,9
n11879,n11879,1,556,5,2,1
n11880,n11880,1,556,5,2,2
n11881,n11881,1,556,5,2,3
n11882,n11882,1,556,5,2,4
n11883,n11883,1,556,5,2,5
n11884,n11884,1,557,1,1,1
n11885,n11885,1,557,1,1,2
n11886,n11886,1,557,1,1,3
n11887,n11887,1,557,1,1,4
n11888,n11888,1,557,1,1,5
n11889,n11889,1,557,1,1,6
n11890,n11890,1,557,1,1,7
n11891,n11891,1,557,1,1,8
n11892,n11892,1,557,1,1,9
n11893,n11893,1,557,5,2,1
n11894,n11894,1,557,5,2,2
n11895,n11895,1,557,5,2,3
n11896,n11896,1,557,5,2,4
n11897,n11897,1,557,5,2,5
n11898,n11898,1,558,1,1,1
n11899,n11899,1,558,1,1,2
n11900,n11900,1,558,1,1,3
n11901,n11901,1,558,1,1,4
n11902,n11902,1,558,1,1,5
n11903,n11903,1,558,1,1,6
n11904,n11904,1,558,1,1,7
n11905,n11905,1,558,1,1,8
n11906,n11906,1,558,1,1,9
n11907,n11907,1,558,5,2,1
n11908,n11908,1,558,5,2,2
n11909,n11909,1,558,5,2,3
n11910,n11910,1,558,5,2,4
n11911,n11911,1,558,5,2,5
n11912,n11912,1,559,1,1,1
n11913,n11913,1,559,1,1,2
n11914,n11914,1,559,1,1,3
n11915,n11915,1,559,1,1,4
n11916,n11916,1,559,1,1,5
n11917,n11917,1,559,1,1,6
n11918,n11918,1,559,1,1,7
n11919,n11919,1,559,1,1,8
n11920,n11920,1,559,1,1,9
n11921,n11921,1,559,5,2,1
n11922,n11922,1,559,5,2,2
n11923,n11923,1,559,5,2,3
n11924,n11924,1,559,5,2,4
n11925,n11925,1,559,5,2,5
n11926,n11926,1,560,1,1,1
n11927,n11927,1,560,1,1,2
n11928,n11928,1,560,1,1,3
n11929,n11929,1,560,1,1,4
n11930,n11930,1,560,1,1,5
n11931,n11931,1,560,1,1,6
n11932,n11932,1,560,1,1,7
n11933,n11933,1,560,1,1,8
n11934,n11934,1,560,1,1,9
n11935,n11935,1,560,5,2,1
n11936,n11936,1,560,5,2,2
n11937,n11937,1,560,5,2,3
n11938,n11938,1,560,5,2,4
n11939,n11939,1,560,5,2,5
n11940,n11940,1,561,1,1,1
n11941,n11941,1,561,1,1,2
n11942,n11942,1,561,1,1,3
n11943,n11943,1,561,1,1,4
n11944,n11944,1,561,1,1,5
n11945,n11945,1,561,1,1,6
n11946,n11946,1,561,1,1,7
n11947,n11947,1,561,1,1,8
n11948,n11948,1,561,1,1,9
n11949,n11949,1,561,5,2,1
n11950,n11950,1,561,5,2,2
n11951,n11951,1,561,5,2,3
n11952,n11952,1,561,5,2,4
n11953,n11953,1,561,5,2,5
n11954,n11954,1,562,1,1,1
n11955,n11955,1,562,1,1,2
n11956,n11956,1,562,1,1,3
n11957,n11957,1,562,1,1,4
n11958,n11958,1,562,1,1,5
n11959,n11959,1,562,1,1,6
n11960,n11960,1,562,1,1,7
n11961,n11961,1,562,1,1,8
n11962,n11962,1,562,1,1,9
n11963,n11963,1,562,1,1,10
n11964,n11964,1,562,1,1,11
n11965,n11965,1,562,1,1,12
n11966,n11966,1,562,5,2,1
n11967,n11967,1,562,5,2,2
n11968,n11968,1,563,1,1,1
n11969,n11969,1,563,1,1,2
n11970,n11970,1,563,1,1,3
n11971,n11971,1,563,1,1,4
n11972,n11972,1,563,1,1,5
n11973,n11973,1,563,1,1,6
n11974,n11974,1,563,1,1,7
n11975,n11975,1,563,1,1,8
n11976,n11976,1,563,1,1,9
n11977,n11977,1,563,5,2,1
n11978,n11978,1,563,5,2,2
n11979,n11979,1,563,5,2,3
n11980,n11980,1,563,5,2,4
n11981,n11981,1,563,5,2,5
n11982,n11982,1,563,5,2,6
n11983,n11983,1,564,1,1,1
n11984,n11984,1,564,1,1,2
n11985,n11985,1,564,1,1,3
n11986,n11986,1,564,1,1,4
n11987,n11987,1,564,1,1,5
n11988,n11988,1,564,1,1,6
n11989,n11989,1,564,1,1,7
n11990,n11990,1,564,1,1,8
n11991,n11991,1,564,1,1,9
n11992,n11992,1,564,5,2,1
n11993,n11993,1,564,5,2,2
n11994,n11994,1,565,1,1,1
n11995,n11995,1,565,1,1,2
n11996,n11996,1,565,1,1,3
n11997,n11997,1,565,1,1,4
n11998,n11998,1,565,1,1,5
n11999,n11999,1,565,1,1,6
n12000,n12000,1,565,1,1,7
n12001,n12001,1,565,1,1,8
n12002,n12002,1,565,1,1,9
n12003,n12003,1,565,5,2,1
n12004,n12004,1,565,5,2,2
n12005,n12005,1,565,5,2,3
n12006,n12006,1,565,5,2,4
n12007,n12007,1,565,5,2,5
n12008,n12008,1,565,5,2,6
n12009,n12009,1,566,1,1,1
n12010,n12010,1,566,1,1,2
n12011,n12011,1,566,1,1,3
n12012,n12012,1,566,1,1,4
n12013,n12013,1,566,1,1,5
n12014,n12014,1,566,1,1,6
n12015,n12015,1,566,1,1,7
n12016,n12016,1,566,1,1,8
n12017,n12017,1,566,1,1,9
n12018,n12018,1,566,5,2,1
n12019,n12019,1,566,5,2,2
n12020,n12020,1,567,1,1,1
n12021,n12021,1,567,1,1,2
n12022,n12022,1,567,1,1,3
n12023,n12023,1,567,1,1,4
n12024,n12024,1,567,1,1,5
n12025,n12025,1,567,1,1,6
n12026,n12026,1,567,1,1,7
n12027,n12027,1,567,1,1,8
n12028,n12028,1,567,1,1,9
n12029,n12029,1,567,5,2,1
n12030,n12030,1,567,5,2,2
n12031,n12031,1,567,5,2,3
n12032,n12032,1,567,5,2,4
n12033,n12033,1,567,5,2,5
n12034,n12034,1,567,5,2,6
n12035,n12035,1,568,1,1,1
n12036,n12036,1,568,1,1,2
n12037,n12037,1,568,1,1,3
n12038,n12038,1,568,1,1,4
n12039,n12039,1,568,1,1,5
n12040,n12040,1,568,1,1,6
n12041,n12041,1,568,1,1,7
n12042,n12042,1,568,1,1,8
n12043,n12043,1,568,1,1,9
n12044,n12044,1,568,5,2,1
n12045,n12045,1,568,5,2,2
n12046,n12046,1,569,1,1,1
n12047,n12047,1,569,1,1,2
n12048,n12048,1,569,1,1,3
n12049,n12049,1,569,1,1,4
n12050,n12050,1,569,1,1,5
n12051,n12051,1,569,1,1,6
n12052,n12052,1,569,1,1,7
n12053,n12053,1,569,1,1,8
n12054,n12054,1,569,1,1,9
n12055,n12055,1,569,5,2,1
n12056,n12056,1,569,5,2,2
n12057,n12057,1,569,5,2,3
n12058,n12058,1,569,5,2,4
n12059,n12059,1,569,5,2,5
n12060,n12060,1,569,5,2,6
n12061,n12061,1,570,1,1,1
n12062,n12062,1,570,1,1,2
n12063,n12063,1,570,1,1,3
n12064,n12064,1,570,1,1,4
n12065,n12065,1,570,1,1,5
n12066,n12066,1,570,1,1,6
n12067,n12067,1,570,1,1,7
n12068,n12068,1,570,1,1,8
n12069,n12069,1,570,1,1,9
n12070,n12070,1,570,5,2,1
n12071,n12071,1,570,5,2,2
n12072,n12072,1,571,1,1,1
n12073,n12073,1,571,1,1,2
n12074,n12074,1,571,1,1,3
n12075,n12075,1,571,1,1,4
n12076,n12076,1,571,1,1,5
n12077,n12077,1,571,1,1,6
n12078,n12078,1,571,1,1,7
n12079,n12079,1,571,1,1,8
n12080,n12080,1,571,1,1,9
n12081,n12081,1,571,5,2,1
n12082,n12082,1,571,5,2,2
n12083,n12083,1,571,5,2,3
n12084,n12084,1,571,5,2,4
n12085,n12085,1,571,5,2,5
n12086,n12086,1,571,5,2,6
n12087,n12087,1,572,1,1,1
n12088,n12088,1,572,1,1,2
n12089,n12089,1,572,1,1,3
n12090,n12090,1,572,1,1,4
n12091,n12091,1,572,1,1,5
n12092,n12092,1,572,1,1,6
n12093,n12093,1,572,1,1,7
n12094,n12094,1,572,1,1,8
n12095,n12095,1,572,1,1,9
n12096,n12096,1,572,5,2,1
n12097,n12097,1,572,5,2,2
n12098,n12098,1,573,1,1,1
n12099,n12099,1,573,1,1,2
n12100,n12100,1,573,1,1,3
n12101,n12101,1,573,1,1,4
n12102,n12102,1,573,1,1,5
n12103,n12103,1,573,1,1,6
n12104,n12104,1,573,1,1,7
n12105,n12105,1,573,1,1,8
n12106,n12106,1,573,1,1,9
n12107,n12107,1,573,5,2,1
n12108,n12108,1,573,5,2,2
n12109,n12109,1,573,5,2,3
n12110,n12110,1,573,5,2,4
n12111,n12111,1,573,5,2,5
n12112,n12112,1,573,5,2,6
n12113,n12113,1,574,1,1,1
n12114,n12114,1,574,1,1,2
n12115,n12115,1,574,1,1,3
n12116,n12116,1,574,1,1,4
n12117,n12117,1,574,1,1,5
n12118,n12118,1,574,1,1,6
n12119,n12119,1,574,1,1,7
n12120,n12120,1,574,1,1,8
n12121,n12121,1,574,1,1,9
n12122,n12122,1,574,5,2,1
n12123,n12123,1,574,5,2,2
n12124,n12124,1,575,1,1,1
n12125,n12125,1,575,1,1,2
n12126,n12126,1,575,1,1,3
n12127,n12127,1,575,1,1,4
n12128,n12128,1,575,1,1,5
n12129,n12129,1,575,1,1,6
n12130,n12130,1,575,1,1,7
n12131,n12131,1,575,1,1,8
n12132,n12132,1,575,1,1,9
n12133,n12133,1,575,5,2,1
n12134,n12134,1,575,5,2,2
n12135,n12135,1,575,5,2,3
n12136,n12136,1,575,5,2,4
n12137,n12137,1,575,5,2,5
n12138,n12138,1,575,5,2,6
n12139,n12139,1,576,1,1,1
n12140,n12140,1,576,1,1,2
n12141,n12141,1,576,1,1,3
n12142,n12142,1,576,1,1,4
n12143,n12143,1,576,1,1,5
n12144,n12144,1,576,1,1,6
n12145,n12145,1,576,1,1,7
n12146,n12146,1,576,1,1,8
n12147,n12147,1,576,1,1,9
n12148,n12148,1,576,5,2,1
n12149,n12149,1,576,5,2,2
n12150,n12150,1,577,1,1,1
n12151,n12151,1,577,1,1,2
n12152,n12152,1,577,1,1,3
n12153,n12153,1,577,1,1,4
n12154,n12154,1,577,1,1,5
n12155,n12155,1,577,1,1,6
n12156,n12156,1,577,1,1,7
n12157,n12157,1,577,1,1,8
n12158,n12158,1,577,1,1,9
n12159,n12159,1,577,5,2,1
n12160,n12160,1,577,5,2,2
n12161,n12161,1,577,5,2,3
n12162,n12162,1,577,5,2,4
n12163,n12163,1,577,5,2,5
n12164,n12164,1,577,5,2,6
n12165,n12165,1,578,1,1,1
n12166,n12166,1,578,1,1,2
n12167,n12167,1,578,1,1,3
n12168,n12168,1,578,1,1,4
n12169,n12169,1,578,1,1,5
n12170,n12170,1,578,1,1,6
n12171,n12171,1,578,1,1,7
n12172,n12172,1,578,1,1,8
n12173,n12173,1,578,1,1,9
n12174,n12174,1,578,5,2,1
n12175,n12175,1,578,5,2,2
n12176,n12176,1,578,5,2,3
n12177,n12177,1,578,5,2,4
n12178,n12178,1,578,5,2,5
n12179,n12179,1,578,5,2,6
n12180,n12180,1,579,1,1,1
n12181,n12181,1,579,1,1,2
n12182,n12182,1,579,1,1,3
n12183,n12183,1,579,1,1,4
n12184,n12184,1,579,1,1,5
n12185,n12185,1,579,1,1,6
n12186,n12186,1,579,1,1,7
n12187,n12187,1,579,1,1,8
n12188,n12188,1,579,1,1,9
n12189,n12189,1,579,5,2,1
n12190,n12190,1,579,5,2,2
n12191,n12191,1,579,5,2,3
n12192,n12192,1,579,5,2,4
n12193,n12193,1,579,5,2,5
n12194,n12194,1,579,5,2,6
n12195,n12195,1,580,1,1,1
n12196,n12196,1,580,1,1,2
n12197,n12197,1,580,1,1,3
n12198,n12198,1,580,1,1,4
n12199,n12199,1,580,1,1,5
n12200,n12200,1,580,1,1,6
n12201,n12201,1,580,1,1,7
n12202,n12202,1,580,1,1,8
n12203,n12203,1,580,1,1,9
n12204,n12204,1,580,5,2,1
n12205,n12205,1,580,5,2,2
n12206,n12206,1,580,5,2,3
n12207,n12207,1,580,5,2,4
n12208,n12208,1,580,5,2,5
n12209,n12209,1,580,5,2,6
n12210,n12210,1,581,1,1,1
n12211,n12211,1,581,1,1,2
n12212,n12212,1,581,1,1,3
n12213,n12213,1,581,1,1,4
n12214,n12214,1,581,1,1,5
n12215,n12215,1,581,1,1,6
n12216,n12216,1,581,1,1,7
n12217,n12217,1,581,1,1,8
n12218,n12218,1,581,1,1,9
n12219,n12219,1,581,5,2,1
n12220,n12220,1,581,5,2,2
n12221,n12221,1,581,5,2,3
n12222,n12222,1,581,5,2,4
n12223,n12223,1,581,5,2,5
n12224,n12224,1,581,5,2,6
n12225,n12225,1,582,1,1,1
n12226,n12226,1,582,1,1,2
n12227,n12227,1,582,1,1,3
n12228,n12228,1,582,1,1,4
n12229,n12229,1,582,1,1,5
n12230,n12230,1,582,1,1,6
n12231,n12231,1,582,1,1,7
n12232,n12232,1,582,1,1,8
n12233,n12233,1,582,1,1,9
n12234,n12234,1,582,5,2,1
n12235,n12235,1,582,5,2,2
n12236,n12236,1,582,5,2,3
n12237,n12237,1,582,5,2,4
n12238,n12238,1,582,5,2,5
n12239,n12239,1,582,5,2,6
n12240,n12240,1,583,1,1,1
n12241,n12241,1,583,1,1,2
n12242,n12242,1,583,1,1,3
n12243,n12243,1,583,1,1,4
n12244,n12244,1,583,1,1,5
n12245,n12245,1,583,1,1,6
n12246,n12246,1,583,1,1,7
n12247,n12247,1,583,1,1,8
n12248,n12248,1,583,1,1,9
n12249,n12249,1,583,5,2,1
n12250,n12250,1,583,5,2,2
n12251,n12251,1,583,5,2,3
n12252,n12252,1,583,5,2,4
n12253,n12253,1,583,5,2,5
n12254,n12254,1,583,5,2,6
n12255,n12255,1,584,1,1,1
n12256,n12256,1,584,1,1,2
n12257,n12257,1,584,1,1,3
n12258,n12258,1,584,1,1,4
n12259,n12259,1,584,1,1,5
n12260,n12260,1,584,1,1,6
n12261,n12261,1,584,1,1,7
n12262,n12262,1,584,1,1,8
n12263,n12263,1,584,1,1,9
n12264,n12264,1,584,1,1,10
n12265,n12265,1,584,1,1,11
n12266,n12266,1,584,1,1,12
n12267,n12267,1,584,5,2,1
n12268,n12268,1,584,5,2,2
n12269,n12269,1,584,5,2,3
n12270,n12270,1,584,5,2,4
n12271,n12271,1,584,5,2,5
n12272,n12272,1,584,5,2,6
n12273,n12273,1,585,1,1,1
n12274,n12274,1,585,1,1,2
n12275,n12275,1,585,1,1,3
n12276,n12276,1,585,1,1,4
n12277,n12277,1,585,1,1,5
n12278,n12278,1,585,1,1,6
n12279,n12279,1,585,1,1,7
n12280,n12280,1,585,1,1,8
n12281,n12281,1,585,1,1,9
n12282,n12282,1,585,1,1,10
n12283,n12283,1,585,1,1,11
n12284,n12284,1,585,1,1,12
n12285,n12285,1,585,5,2,1
n12286,n12286,1,585,5,2,2
n12287,n12287,1,585,5,2,3
n12288,n12288,1,585,5,2,4
n12289,n12289,1,585,5,2,5
n12290,n12290,1,585,5,2,6
n12291,n12291,1,586,1,1,1
n12292,n12292,1,586,1,1,2
n12293,n12293,1,586,1,1,3
n12294,n12294,1,586,1,1,4
n12295,n12295,1,586,1,1,5
n12296,n12296,1,586,1,1,6
n12297,n12297,1,586,1,1,7
n12298,n12298,1,586,1,1,8
n12299,n12299,1,586,1,1,9
n12300,n12300,1,586,1,1,10
n12301,n12301,1,586,1,1,11
n12302,n12302,1,586,1,1,12
n12303,n12303,1,586,5,2,1
n12304,n12304,1,586,5,2,2
n12305,n12305,1,586,5,2,3
n12306,n12306,1,586,5,2,4
n12307,n12307,1,586,5,2,5
n12308,n12308,1,586,5,2,6
n12309,n12309,1,587,1,1,1
n12310,n12310,1,587,1,1,2
n12311,n12311,1,587,1,1,3
n12312,n12312,1,587,1,1,4
n12313,n12313,1,587,1,1,5
n12314,n12314,1,587,1,1,6
n12315,n12315,1,587,1,1,7
n12316,n12316,1,587,1,1,8
n12317,n12317,1,587,1,1,9
n12318,n12318,1,587,1,1,10
n12319,n12319,1,587,1,1,11
n12320,n12320,1,587,1,1,12
n12321,n12321,1,587,5,2,1
n12322,n12322,1,587,5,2,2
n12323,n12323,1,587,5,2,3
n12324,n12324,1,587,5,2,4
n12325,n12325,1,587,5,2,5
n12326,n12326,1,587,5,2,6
n12327,n12327,1,588,1,1,1
n12328,n12328,1,588,1,1,2
n12329,n12329,1,588,1,1,3
n12330,n12330,1,588,1,1,4
n12331,n12331,1,588,1,1,5
n12332,n12332,1,588,1,1,6
n12333,n12333,1,588,1,1,7
n12334,n12334,1,588,1,1,8
n12335,n12335,1,588,1,1,9
n12336,n12336,1,588,1,1,10
n12337,n12337,1,588,1,1,11
n12338,n12338,1,588,1,1,12
n12339,n12339,1,588,5,2,1
n12340,n12340,1,588,5,2,2
n12341,n12341,1,588,5,2,3
n12342,n12342,1,588,5,2,4
n12343,n12343,1,588,5,2,5
n12344,n12344,1,588,5,2,6
n12345,n12345,1,589,1,1,1
n12346,n12346,1,589,1,1,2
n12347,n12347,1,589,1,1,3
n12348,n12348,1,589,1,1,4
n12349,n12349,1,589,1,1,5
n12350,n12350,1,589,1,1,6
n12351,n12351,1,589,1,1,7
n12352,n12352,1,589,1,1,8
n12353,n12353,1,589,1,1,9
n12354,n12354,1,589,1,1,10
n12355,n12355,1,589,1,1,11
n12356,n12356,1,589,1,1,12
n12357,n12357,1,589,5,2,1
n12358,n12358,1,589,5,2,2
n12359,n12359,1,589,5,2,3
n12360,n12360,1,589,5,2,4
n12361,n12361,1,589,5,2,5
n12362,n12362,1,589,5,2,6
n12363,n12363,1,590,1,1,1
n12364,n12364,1,590,1,1,2
n12365,n12365,1,590,1,1,3
n12366,n12366,1,590,1,1,4
n12367,n12367,1,590,1,1,5
n12368,n12368,1,590,1,1,6
n12369,n12369,1,590,1,1,7
n12370,n12370,1,590,1,1,8
n12371,n12371,1,590,1,1,9
n12372,n12372,1,590,1,1,10
n12373,n12373,1,590,1,1,11
n12374,n12374,1,590,1,1,12
n12375,n12375,1,590,5,2,1
n12376,n12376,1,590,5,2,2
n12377,n12377,1,590,5,2,3
n12378,n12378,1,590,5,2,4
n12379,n12379,1,590,5,2,5
n12380,n12380,1,590,5,2,6
n12381,n12381,1,591,1,1,1
n12382,n12382,1,591,1,1,2
n12383,n12383,1,591,1,1,3
n12384,n12384,1,591,1,1,4
n12385,n12385,1,591,1,1,5
n12386,n12386,1,591,1,1,6
n12387,n12387,1,591,1,1,7
n12388,n12388,1,591,1,1,8
n12389,n12389,1,591,1,1,9
n12390,n12390,1,591,1,1,10
n12391,n12391,1,591,1,1,11
n12392,n12392,1,591,1,1,12
n12393,n12393,1,591,5,2,1
n12394,n12394,1,591,5,2,2
n12395,n12395,1,591,5,2,3
n12396,n12396,1,591,5,2,4
n12397,n12397,1,591,5,2,5
n12398,n12398,1,591,5,2,6
n12399,n12399,1,592,1,1,1
n12400,n12400,1,592,1,1,2
n12401,n12401,1,592,1,1,3
n12402,n12402,1,592,1,1,4
n12403,n12403,1,592,1,1,5
n12404,n12404,1,592,1,1,6
n12405,n12405,1,592,5,2,1
n12406,n12406,1,592,5,2,2
n12407,n12407,1,592,5,2,3
n12408,n12408,1,592,5,2,4
n12409,n12409,1,593,1,1,1
n12410,n12410,1,593,5,2,1
n12411,n12411,1,594,1,1,1
n12412,n12412,1,594,1,1,2
n12413,n12413,1,594,1,1,3
n12414,n12414,1,594,1,1,4
n12415,n12415,1,594,1,1,5
n12416,n12416,1,594,1,1,6
n12417,n12417,1,594,5,2,1
n12418,n12418,1,594,5,2,2
n12419,n12419,1,594,5,2,3
n12420,n12420,1,594,5,2,4
n12421,n12421,1,594,5,2,5
n12422,n12422,1,594,5,2,6
n12423,n12423,1,595,1,1,1
n12424,n12424,1,595,5,2,1
n12425,n12425,1,596,1,1,1
n12426,n12426,1,596,5,2,1
n12427,n12427,1,596,5,2,2
n12428,n12428,1,596,5,2,3
n12429,n12429,1,596,5,2,4
n12430,n12430,1,596,5,2,5
n12431,n12431,1,596,5,2,6
n12432,n12432,1,596,5,2,7
n12433,n12433,1,596,5,2,8
n12434,n12434,1,596,5,2,9
n12435,n12435,1,596,5,2,10
n12436,n12436,1,596,5,2,11
n12437,n12437,1,596,5,2,12
n12438,n12438,1,597,1,1,1
n12439,n12439,1,597,5,2,1
n12440,n12440,1,597,5,2,2
n12441,n12441,1,597,5,2,3
n12442,n12442,1,597,5,2,4
n12443,n12443,1,597,5,2,5
n12444,n12444,1,597,5,2,6
n12445,n12445,1,597,5,2,7
n12446,n12446,1,597,5,2,8
n12447,n12447,1,597,5,2,9
n12448,n12448,1,597,5,2,10
n12449,n12449,1,598,1,1,1
n12450,n12450,1,598,5,2,1
n12451,n12451,1,598,5,2,2
n12452,n12452,1,598,5,2,3
n12453,n12453,1,598,5,2,4
n12454,n12454,1,598,5,2,5
n12455,n12455,1,598,5,2,6
n12456,n12456,1,598,5,2,7
n12457,n12457,1,598,5,2,8
n12458,n12458,1,598,5,2,9
n12459,n12459,1,598,5,2,10
n12460,n12460,1,598,5,2,11
n12461,n12461,1,598,5,2,12
n12462,n12462,1,599,1,1,1
n12463,n12463,1,599,5,2,1
n12464,n12464,1,599,5,2,2
n12465,n12465,1,599,5,2,3
n12466,n12466,1,599,5,2,4
n12467,n12467,1,599,5,2,5
n12468,n12468,1,599,5,2,6
n12469,n12469,1,599,5,2,7
n12470,n12470,1,599,5,2,8
n12471,n12471,1,599,5,2,9
n12472,n12472,1,599,5,2,10
n12473,n12473,1,600,1,1,1
n12474,n12474,1,600,5,2,1
n12475,n12475,1,600,5,2,2
n12476,n12476,1,600,5,2,3
n12477,n12477,1,600,5,2,4
n12478,n12478,1,600,5,2,5
n12479,n12479,1,600,5,2,6
n12480,n12480,1,600,5,2,7
n12481,n12481,1,600,5,2,8
n12482,n12482,1,600,5,2,9
n12483,n12483,1,600,5,2,10
n12484,n12484,1,601,1,1,1
n12485,n12485,1,601,5,2,1
n12486,n12486,1,601,5,2,2
n12487,n12487,1,601,5,2,3
n12488,n12488,1,601,5,2,4
n12489,n12489,1,601,5,2,5
n12490,n12490,1,601,5,2,6
n12491,n12491,1,601,5,2,7
n12492,n12492,1,601,5,2,8
n12493,n12493,1,601,5,2,9
n12494,n12494,1,601,5,2,10
n12495,n12495,1,602,1,1,1
n12496,n12496,1,602,5,2,1
n12497,n12497,1,602,5,2,2
n12498,n12498,1,602,5,2,3
n12499,n12499,1,602,5,2,4
n12500,n12500,1,602,5,2,5
n12501,n12501,1,602,5,2,6
n12502,n12502,1,602,5,2,7
n12503,n12503,1,602,5,2,8
n12504,n12504,1,602,5,2,9
n12505,n12505,1,602,5,2,10
n12506,n12506,1,602,5,2,11
n12507,n12507,1,602,5,2,12
n12508,n12508,1,602,5,2,13
n12509,n12509,1,602,5,2,14
n12510,n12510,1,602,5,2,15
n12511,n12511,1,602,5,2,16
n12512,n12512,1,603,1,1,1
n12513,n12513,1,603,5,2,1
n12514,n12514,1,603,5,2,2
n12515,n12515,1,603,5,2,3
n12516,n12516,1,603,5,2,4
n12517,n12517,1,603,5,2,5
n12518,n12518,1,603,5,2,6
n12519,n12519,1,604,1,1,1
n12520,n12520,1,604,1,1,2
n12521,n12521,1,604,1,1,3
n12522,n12522,1,604,1,1,4
n12523,n12523,1,604,1,1,5
n12524,n12524,1,604,1,1,6
n12525,n12525,1,604,1,1,7
n12526,n12526,1,604,1,1,8
n12527,n12527,1,604,1,1,9
n12528,n12528,1,604,1,1,10
n12529,n12529,1,604,1,1,11
n12530,n12530,1,604,1,1,12
n12531,n12531,1,604,5,2,1
n12532,n12532,1,604,5,2,2
n12533,n12533,1,604,5,2,3
n12534,n12534,1,604,5,2,4
n12535,n12535,1,604,5,2,5
n12536,n12536,1,604,5,2,6
n12537,n12537,1,604,5,2,7
n12538,n12538,1,604,5,2,8
n12539,n12539,1,604,5,2,9
n12540,n12540,1,604,5,2,10
n12541,n12541,1,605,1,1,1
n12542,n12542,1,605,1,1,2
n12543,n12543,1,605,1,1,3
n12544,n12544,1,605,1,1,4
n12545,n12545,1,605,1,1,5
n12546,n12546,1,605,1,1,6
n12547,n12547,1,605,1,1,7
n12548,n12548,1,605,1,1,8
n12549,n12549,1,605,1,1,9
n12550,n12550,1,605,1,1,10
n12551,n12551,1,605,5,2,1
n12552,n12552,1,605,5,2,2
n12553,n12553,1,605,5,2,3
n12554,n12554,1,605,5,2,4
n12555,n12555,1,605,5,2,5
n12556,n12556,1,605,5,2,6
n12557,n12557,1,605,5,2,7
n12558,n12558,1,605,5,2,8
n12559,n12559,1,605,5,2,9
n12560,n12560,1,605,5,2,10
n12561,n12561,1,605,5,2,11
n12562,n12562,1,605,5,2,12
n12563,n12563,1,606,1,1,1
n12564,n12564,1,606,1,1,2
n12565,n12565,1,606,1,1,3
n12566,n12566,1,606,1,1,4
n12567,n12567,1,606,1,1,5
n12568,n12568,1,606,1,1,6
n12569,n12569,1,606,1,1,7
n12570,n12570,1,606,1,1,8
n12571,n12571,1,606,1,1,9
n12572,n12572,1,606,1,1,10
n12573,n12573,1,606,1,1,11
n12574,n12574,1,606,1,1,12
n12575,n12575,1,606,5,2,1
n12576,n12576,1,606,5,2,2
n12577,n12577,1,606,5,2,3
n12578,n12578,1,606,5,2,4
n12579,n12579,1,606,5,2,5
n12580,n12580,1,606,5,2,6
n12581,n12581,1,606,5,2,7
n12582,n12582,1,606,5,2,8
n12583,n12583,1,606,5,2,9
n12584,n12584,1,606,5,2,10
n12585,n12585,1,607,1,1,1
n12586,n12586,1,607,1,1,2
n12587,n12587,1,607,1,1,3
n12588,n12588,1,607,1,1,4
n12589,n12589,1,607,1,1,5
n12590,n12590,1,607,1,1,6
n12591,n12591,1,607,1,1,7
n12592,n12592,1,607,1,1,8
n12593,n12593,1,607,1,1,9
n12594,n12594,1,607,1,1,10
n12595,n12595,1,607,5,2,1
n12596,n12596,1,607,5,2,2
n12597,n12597,1,607,5,2,3
n12598,n12598,1,607,5,2,4
n12599,n12599,1,607,5,2,5
n12600,n12600,1,607,5,2,6
n12601,n12601,1,607,5,2,7
n12602,n12602,1,607,5,2,8
n12603,n12603,1,607,5,2,9
n12604,n12604,1,607,5,2,10
n12605,n12605,1,607,5,2,11
n12606,n12606,1,607,5,2,12
n12607,n12607,1,608,1,1,1
n12608,n12608,1,608,1,1,2
n12609,n12609,1,608,1,1,3
n12610,n12610,1,608,1,1,4
n12611,n12611,1,608,1,1,5
n12612,n12612,1,608,1,1,6
n12613,n12613,1,608,1,1,7
n12614,n12614,1,608,1,1,8
n12615,n12615,1,608,1,1,9
n12616,n12616,1,608,1,1,10
n12617,n12617,1,608,5,2,1
n12618,n12618,1,608,5,2,2
n12619,n12619,1,608,5,2,3
n12620,n12620,1,608,5,2,4
n12621,n12621,1,608,5,2,5
n12622,n12622,1,608,5,2,6
n12623,n12623,1,608,5,2,7
n12624,n12624,1,608,5,2,8
n12625,n12625,1,608,5,2,9
n12626,n12626,1,608,5,2,10
n12627,n12627,1,608,5,2,11
n12628,n12628,1,608,5,2,12
n12629,n12629,1,609,1,1,1
n12630,n12630,1,609,1,1,2
n12631,n12631,1,609,1,1,3
n12632,n12632,1,609,1,1,4
n12633,n12633,1,609,1,1,5
n12634,n12634,1,609,1,1,6
n12635,n12635,1,609,1,1,7
n12636,n12636,1,609,1,1,8
n12637,n12637,1,609,1,1,9
n12638,n12638,1,609,1,1,10
n12639,n12639,1,609,5,2,1
n12640,n12640,1,609,5,2,2
n12641,n12641,1,609,5,2,3
n12642,n12642,1,609,5,2,4
n12643,n12643,1,609,5,2,5
n12644,n12644,1,609,5,2,6
n12645,n12645,1,609,5,2,7
n12646,n12646,1,609,5,2,8
n12647,n12647,1,609,5,2,9
n12648,n12648,1,609,5,2,10
n12649,n12649,1,609,5,2,11
n12650,n12650,1,609,5,2,12
n12651,n12651,1,610,1,1,1
n12652,n12652,1,610,1,1,2
n12653,n12653,1,610,1,1,3
n12654,n12654,1,610,1,1,4
n12655,n12655,1,610,1,1,5
n12656,n12656,1,610,1,1,6
n12657,n12657,1,610,1,1,7
n12658,n12658,1,610,1,1,8
n12659,n12659,1,610,5,2,1
n12660,n12660,1,610,5,2,2
n12661,n12661,1,610,5,2,3
n12662,n12662,1,610,5,2,4
n12663,n12663,1,610,5,2,5
n12664,n12664,1,610,5,2,6
n12665,n12665,1,610,5,2,7
n12666,n12666,1,610,5,2,8
n12667,n12667,1,610,5,2,9
n12668,n12668,1,610,5,2,10
n12669,n12669,1,610,5,2,11
n12670,n12670,1,610,5,2,12
n12671,n12671,1,610,6,2,1
n12672,n12672,1,610,6,2,2
n12673,n12673,1,610,6,2,3
n12674,n12674,1,610,6,2,4
n12675,n12675,1,610,6,2,5
n12676,n12676,1,610,6,2,6
n12677,n12677,1,610,6,2,7
n12678,n12678,1,610,6,2,8
n12679,n12679,1,611,1,1,1
n12680,n12680,1,611,1,1,2
n12681,n12681,1,611,1,1,3
n12682,n12682,1,611,1,1,4
n12683,n12683,1,611,1,1,5
n12684,n12684,1,611,1,1,6
n12685,n12685,1,611,5,2,1
n12686,n12686,1,611,5,2,2
n12687,n12687,1,611,5,2,3
n12688,n12688,1,611,5,2,4
n12689,n12689,1,611,5,2,5
n12690,n12690,1,611,5,2,6
n12691,n12691,1,611,5,2,7
n12692,n12692,1,611,5,2,8
n12693,n12693,1,612,1,1,1
n12694,n12694,1,612,1,1,2
n12695,n12695,1,612,1,1,3
n12696,n12696,1,612,1,1,4
n12697,n12697,1,612,1,1,5
n12698,n12698,1,612,1,1,6
n12699,n12699,1,612,1,1,7
n12700,n12700,1,612,1,1,8
n12701,n12701,1,612,5,2,1
n12702,n12702,1,612,5,2,2
n12703,n12703,1,612,5,2,3
n12704,n12704,1,612,5,2,4
n12705,n12705,1,612,5,2,5
n12706,n12706,1,612,5,2,6
n12707,n12707,1,613,1,1,1
n12708,n12708,1,613,1,1,2
n12709,n12709,1,613,1,1,3
n12710,n12710,1,613,1,1,4
n12711,n12711,1,613,1,1,5
n12712,n12712,1,613,1,1,6
n12713,n12713,1,613,1,1,7
n12714,n12714,1,613,1,1,8
n12715,n12715,1,613,1,1,9
n12716,n12716,1,613,1,1,10
n12717,n12717,1,613,1,1,11
n12718,n12718,1,613,1,1,12
n12719,n12719,1,613,5,2,1
n12720,n12720,1,613,5,2,2
n12721,n12721,1,613,5,2,3
n12722,n12722,1,613,5,2,4
n12723,n12723,1,613,5,2,5
n12724,n12724,1,613,5,2,6
n12725,n12725,1,613,5,2,7
n12726,n12726,1,613,5,2,8
n12727,n12727,1,613,5,2,9
n12728,n12728,1,613,5,2,10
n12729,n12729,1,614,1,1,1
n12730,n12730,1,614,1,1,2
n12731,n12731,1,614,1,1,3
n12732,n12732,1,614,1,1,4
n12733,n12733,1,614,1,1,5
n12734,n12734,1,614,1,1,6
n12735,n12735,1,614,1,1,7
n12736,n12736,1,614,1,1,8
n12737,n12737,1,614,1,1,9
n12738,n12738,1,614,1,1,10
n12739,n12739,1,614,5,2,1
n12740,n12740,1,614,5,2,2
n12741,n12741,1,614,5,2,3
n12742,n12742,1,614,5,2,4
n12743,n12743,1,614,5,2,5
n12744,n12744,1,614,5,2,6
n12745,n12745,1,614,5,2,7
n12746,n12746,1,614,5,2,8
n12747,n12747,1,614,5,2,9
n12748,n12748,1,614,5,2,10
n12749,n12749,1,614,5,2,11
n12750,n12750,1,614,5,2,12
n12751,n12751,1,615,1,1,1
n12752,n12752,1,615,1,1,2
n12753,n12753,1,615,1,1,3
n12754,n12754,1,615,1,1,4
n12755,n12755,1,615,1,1,5
n12756,n12756,1,615,1,1,6
n12757,n12757,1,615,1,1,7
n12758,n12758,1,615,1,1,8
n12759,n12759,1,615,1,1,9
n12760,n12760,1,615,1,1,10
n12761,n12761,1,615,1,1,11
n12762,n12762,1,615,1,1,12
n12763,n12763,1,615,5,2,1
n12764,n12764,1,615,5,2,2
n12765,n12765,1,615,5,2,3
n12766,n12766,1,615,5,2,4
n12767,n12767,1,615,5,2,5
n12768,n12768,1,615,5,2,6
n12769,n12769,1,615,5,2,7
n12770,n12770,1,615,5,2,8
n12771,n12771,1,615,5,2,9
n12772,n12772,1,615,5,2,10
n12773,n12773,1,616,1,1,1
n12774,n12774,1,616,1,1,2
n12775,n12775,1,616,1,1,3
n12776,n12776,1,616,1,1,4
n12777,n12777,1,616,1,1,5
n12778,n12778,1,616,1,1,6
n12779,n12779,1,616,1,1,7
n12780,n12780,1,616,1,1,8
n12781,n12781,1,616,1,1,9
n12782,n12782,1,616,1,1,10
n12783,n12783,1,616,5,2,1
n12784,n12784,1,616,5,2,2
n12785,n12785,1,616,5,2,3
n12786,n12786,1,616,5,2,4
n12787,n12787,1,616,5,2,5
n12788,n12788,1,616,5,2,6
n12789,n12789,1,616,5,2,7
n12790,n12790,1,616,5,2,8
n12791,n12791,1,616,5,2,9
n12792,n12792,1,616,5,2,10
n12793,n12793,1,616,5,2,11
n12794,n12794,1,616,5,2,12
n12795,n12795,1,617,1,1,1
n12796,n12796,1,617,1,1,2
n12797,n12797,1,617,1,1,3
n12798,n12798,1,617,1,1,4
n12799,n12799,1,617,1,1,5
n12800,n12800,1,617,1,1,6
n12801,n12801,1,617,1,1,7
n12802,n12802,1,617,1,1,8
n12803,n12803,1,617,1,1,9
n12804,n12804,1,617,1,1,10
n12805,n12805,1,617,5,2,1
n12806,n12806,1,617,5,2,2
n12807,n12807,1,617,5,2,3
n12808,n12808,1,617,5,2,4
n12809,n12809,1,617,5,2,5
n12810,n12810,1,617,5,2,6
n12811,n12811,1,617,5,2,7
n12812,n12812,1,617,5,2,8
n12813,n12813,1,617,5,2,9
n12814,n12814,1,617,5,2,10
n12815,n12815,1,617,5,2,11
n12816,n12816,1,617,5,2,12
n12817,n12817,1,618,1,1,1
n12818,n12818,1,618,1,1,2
n12819,n12819,1,618,1,1,3
n12820,n12820,1,618,1,1,4
n12821,n12821,1,618,1,1,5
n12822,n12822,1,618,1,1,6
n12823,n12823,1,618,1,1,7
n12824,n12824,1,618,1,1,8
n12825,n12825,1,618,1,1,9
n12826,n12826,1,618,1,1,10
n12827,n12827,1,618,5,2,1
n12828,n12828,1,618,5,2,2
n12829,n12829,1,618,5,2,3
n12830,n12830,1,618,5,2,4
n12831,n12831,1,618,5,2,5
n12832,n12832,1,618,5,2,6
n12833,n12833,1,618,5,2,7
n12834,n12834,1,618,5,2,8
n12835,n12835,1,618,5,2,9
n12836,n12836,1,618,5,2,10
n12837,n12837,1,618,5,2,11
n12838,n12838,1,618,5,2,12
n12839,n12839,1,619,1,1,1
n12840,n12840,1,619,1,1,2
n12841,n12841,1,619,1,1,3
n12842,n12842,1,619,1,1,4
n12843,n12843,1,619,1,1,5
n12844,n12844,1,619,1,1,6
n12845,n12845,1,619,1,1,7
n12846,n12846,1,619,1,1,8
n12847,n12847,1,619,1,1,9
n12848,n12848,1,619,1,1,10
n12849,n12849,1,619,1,1,11
n12850,n12850,1,619,1,1,12
n12851,n12851,1,619,1,1,13
n12852,n12852,1,619,1,1,14
n12853,n12853,1,619,1,1,15
n12854,n12854,1,619,1,1,16
n12855,n12855,1,619,5,2,1
n12856,n12856,1,619,5,2,2
n12857,n12857,1,619,5,2,3
n12858,n12858,1,619,5,2,4
n12859,n12859,1,619,5,2,5
n12860,n12860,1,619,5,2,6
n12861,n12861,1,619,5,2,7
n12862,n12862,1,619,5,2,8
n12863,n12863,1,619,5,2,9
n12864,n12864,1,619,5,2,10
n12865,n12865,1,619,5,2,11
n12866,n12866,1,620,1,1,1
n12867,n12867,1,620,1,1,2
n12868,n12868,1,620,1,1,3
n12869,n12869,1,620,1,1,4
n12870,n12870,1,620,1,1,5
n12871,n12871,1,620,1,1,6
n12872,n12872,1,620,5,2,1
n12873,n12873,1,620,5,2,2
n12874,n12874,1,620,5,2,3
n12875,n12875,1,620,5,2,4
n12876,n12876,1,620,6,2,1
n12877,n12877,1,620,6,2,2
n12878,n12878,1,620,6,2,3
n12879,n12879,1,620,6,2,4
n12880,n12880,1,621,1,1,1
n12881,n12881,1,621,1,1,2
n12882,n12882,1,621,1,1,3
n12883,n12883,1,621,1,1,4
n12884,n12884,1,621,1,1,5
n12885,n12885,1,621,1,1,6
n12886,n12886,1,621,1,1,7
n12887,n12887,1,621,1,1,8
n12888,n12888,1,621,1,1,9
n12889,n12889,1,621,1,1,10
n12890,n12890,1,621,1,1,11
n12891,n12891,1,621,1,1,12
n12892,n12892,1,621,1,1,13
n12893,n12893,1,621,1,1,14
n12894,n12894,1,621,1,1,15
n12895,n12895,1,621,5,2,1
n12896,n12896,1,621,5,2,2
n12897,n12897,1,621,5,2,3
n12898,n12898,1,621,5,2,4
n12899,n12899,1,621,5,2,5
n12900,n12900,1,621,5,2,6
n12901,n12901,1,621,5,2,7
n12902,n12902,1,621,5,2,8
n12903,n12903,1,621,5,2,9
n12904,n12904,1,621,5,2,10
n12905,n12905,1,621,5,2,11
n12906,n12906,1,621,5,2,12
n12907,n12907,1,622,1,1,1
n12908,n12908,1,622,1,1,2
n12909,n12909,1,622,1,1,3
n12910,n12910,1,622,1,1,4
n12911,n12911,1,622,1,1,5
n12912,n12912,1,622,1,1,6
n12913,n12913,1,622,1,1,7
n12914,n12914,1,622,1,1,8
n12915,n12915,1,622,1,1,9
n12916,n12916,1,622,1,1,10
n12917,n12917,1,622,1,1,11
n12918,n12918,1,622,1,1,12
n12919,n12919,1,622,1,1,13
n12920,n12920,1,622,1,1,14
n12921,n12921,1,622,1,1,15
n12922,n12922,1,622,1,1,16
n12923,n12923,1,622,1,1,17
n12924,n12924,1,622,1,1,18
n12925,n12925,1,622,5,2,1
n12926,n12926,1,622,5,2,2
n12927,n12927,1,622,5,2,3
n12928,n12928,1,622,5,2,4
n12929,n12929,1,622,5,2,5
n12930,n12930,1,622,5,2,6
n12931,n12931,1,622,5,2,7
n12932,n12932,1,622,5,2,8
n12933,n12933,1,622,5,2,9
n12934,n12934,1,622,5,2,10
n12935,n12935,1,623,1,1,1
n12936,n12936,1,623,1,1,2
n12937,n12937,1,623,1,1,3
n12938,n12938,1,623,1,1,4
n12939,n12939,1,623,1,1,5
n12940,n12940,1,623,1,1,6
n12941,n12941,1,623,1,1,7
n12942,n12942,1,623,1,1,8
n12943,n12943,1,623,1,1,9
n12944,n12944,1,623,1,1,10
n12945,n12945,1,623,1,1,11
n12946,n12946,1,623,1,1,12
n12947,n12947,1,623,1,1,13
n12948,n12948,1,623,1,1,14
n12949,n12949,1,623,1,1,15
n12950,n12950,1,623,5,2,1
n12951,n12951,1,623,5,2,2
n12952,n12952,1,623,5,2,3
n12953,n12953,1,623,5,2,4
n12954,n12954,1,623,5,2,5
n12955,n12955,1,623,5,2,6
n12956,n12956,1,623,5,2,7
n12957,n12957,1,623,5,2,8
n12958,n12958,1,623,5,2,9
n12959,n12959,1,623,5,2,10
n12960,n12960,1,623,5,2,11
n12961,n12961,1,623,5,2,12
n12962,n12962,1,624,1,1,1
n12963,n12963,1,624,1,1,2
n12964,n12964,1,624,1,1,3
n12965,n12965,1,624,1,1,4
n12966,n12966,1,624,1,1,5
n12967,n12967,1,624,1,1,6
n12968,n12968,1,624,1,1,7
n12969,n12969,1,624,1,1,8
n12970,n12970,1,624,1,1,9
n12971,n12971,1,624,1,1,10
n12972,n12972,1,624,1,1,11
n12973,n12973,1,624,1,1,12
n12974,n12974,1,624,1,1,13
n12975,n12975,1,624,1,1,14
n12976,n12976,1,624,1,1,15
n12977,n12977,1,624,1,1,16
n12978,n12978,1,624,1,1,17
n12979,n12979,1,624,1,1,18
n12980,n12980,1,624,5,2,1
n12981,n12981,1,624,5,2,2
n12982,n12982,1,624,5,2,3
n12983,n12983,1,624,5,2,4
n12984,n12984,1,624,5,2,5
n12985,n12985,1,624,5,2,6
n12986,n12986,1,624,5,2,7
n12987,n12987,1,624,5,2,8
n12988,n12988,1,624,5,2,9
n12989,n12989,1,624,5,2,10
n12990,n12990,1,625,1,1,1
n12991,n12991,1,625,1,1,2
n12992,n12992,1,625,1,1,3
n12993,n12993,1,625,1,1,4
n12994,n12994,1,625,1,1,5
n12995,n12995,1,625,1,1,6
n12996,n12996,1,625,1,1,7
n12997,n12997,1,625,1,1,8
n12998,n12998,1,625,1,1,9
n12999,n12999,1,625,1,1,10
n13000,n13000,1,625,1,1,11
n13001,n13001,1,625,1,1,12
n13002,n13002,1,625,1,1,13
n13003,n13003,1,625,1,1,14
n13004,n13004,1,625,1,1,15
n13005,n13005,1,625,1,1,16
n13006,n13006,1,625,1,1,17
n13007,n13007,1,625,1,1,18
n13008,n13008,1,625,5,2,1
n13009,n13009,1,625,5,2,2
n13010,n13010,1,625,5,2,3
n13011,n13011,1,625,5,2,4
n13012,n13012,1,625,5,2,5
n13013,n13013,1,625,5,2,6
n13014,n13014,1,625,5,2,7
n13015,n13015,1,625,5,2,8
n13016,n13016,1,625,5,2,9
n13017,n13017,1,625,5,2,10
n13018,n13018,1,626,1,1,1
n13019,n13019,1,626,1,1,2
n13020,n13020,1,626,1,1,3
n13021,n13021,1,626,1,1,4
n13022,n13022,1,626,1,1,5
n13023,n13023,1,626,1,1,6
n13024,n13024,1,626,1,1,7
n13025,n13025,1,626,1,1,8
n13026,n13026,1,626,1,1,9
n13027,n13027,1,626,1,1,10
n13028,n13028,1,626,1,1,11
n13029,n13029,1,626,1,1,12
n13030,n13030,1,626,1,1,13
n13031,n13031,1,626,1,1,14
n13032,n13032,1,626,1,1,15
n13033,n13033,1,626,1,1,16
n13034,n13034,1,626,1,1,17
n13035,n13035,1,626,1,1,18
n13036,n13036,1,626,5,2,1
n13037,n13037,1,626,5,2,2
n13038,n13038,1,626,5,2,3
n13039,n13039,1,626,5,2,4
n13040,n13040,1,626,5,2,5
n13041,n13041,1,626,5,2,6
n13042,n13042,1,626,5,2,7
n13043,n13043,1,626,5,2,8
n13044,n13044,1,626,5,2,9
n13045,n13045,1,626,5,2,10
n13046,n13046,1,627,1,1,1
n13047,n13047,1,627,1,1,2
n13048,n13048,1,627,1,1,3
n13049,n13049,1,627,1,1,4
n13050,n13050,1,627,1,1,5
n13051,n13051,1,627,1,1,6
n13052,n13052,1,627,1,1,7
n13053,n13053,1,627,1,1,8
n13054,n13054,1,627,1,1,9
n13055,n13055,1,627,1,1,10
n13056,n13056,1,627,1,1,11
n13057,n13057,1,627,1,1,12
n13058,n13058,1,627,1,1,13
n13059,n13059,1,627,1,1,14
n13060,n13060,1,627,1,1,15
n13061,n13061,1,627,1,1,16
n13062,n13062,1,627,1,1,17
n13063,n13063,1,627,5,2,1
n13064,n13064,1,627,5,2,2
n13065,n13065,1,627,5,2,3
n13066,n13066,1,627,5,2,4
n13067,n13067,1,627,5,2,5
n13068,n13068,1,627,5,2,6
n13069,n13069,1,627,5,2,7
n13070,n13070,1,627,5,2,8
n13071,n13071,1,627,5,2,9
n13072,n13072,1,627,5,2,10
n13073,n13073,1,627,5,2,11
n13074,n13074,1,627,5,2,12
n13075,n13075,1,627,5,2,13
n13076,n13076,1,627,5,2,14
n13077,n13077,1,627,5,2,15
n13078,n13078,1,627,5,2,16
n13079,n13079,1,628,1,1,1
n13080,n13080,1,628,1,1,2
n13081,n13081,1,628,1,1,3
n13082,n13082,1,628,1,1,4
n13083,n13083,1,628,1,1,5
n13084,n13084,1,628,1,1,6
n13085,n13085,1,628,1,1,7
n13086,n13086,1,628,2,1,1
n13087,n13087,1,628,3,1,1
n13088,n13088,1,628,3,1,2
n13089,n13089,1,628,5,2,1
n13090,n13090,1,628,5,2,2
n13091,n13091,1,628,5,2,3
n13092,n13092,1,628,5,2,4
n13093,n13093,1,628,5,2,5
n13094,n13094,1,628,5,2,6
n13095,n13095,1,629,1,1,1
n13096,n13096,1,629,1,1,2
n13097,n13097,1,629,1,1,3
n13098,n13098,1,629,1,1,4
n13099,n13099,1,629,1,1,5
n13100,n13100,1,629,1,1,6
n13101,n13101,1,629,1,1,7
n13102,n13102,1,629,1,1,8
n13103,n13103,1,629,1,1,9
n13104,n13104,1,629,1,1,10
n13105,n13105,1,629,1,1,11
n13106,n13106,1,629,1,1,12
n13107,n13107,1,629,1,1,13
n13108,n13108,1,629,1,1,14
n13109,n13109,1,629,1,1,15
n13110,n13110,1,629,1,1,16
n13111,n13111,1,629,5,2,1
n13112,n13112,1,629,5,2,2
n13113,n13113,1,629,5,2,3
n13114,n13114,1,629,5,2,4
n13115,n13115,1,629,5,2,5
n13116,n13116,1,629,5,2,6
n13117,n13117,1,629,5,2,7
n13118,n13118,1,629,5,2,8
n13119,n13119,1,630,1,1,1
n13120,n13120,1,630,1,1,2
n13121,n13121,1,630,1,1,3
n13122,n13122,1,630,1,1,4
n13123,n13123,1,630,1,1,5
n13124,n13124,1,630,1,1,6
n13125,n13125,1,630,1,1,7
n13126,n13126,1,630,1,1,8
n13127,n13127,1,630,1,1,9
n13128,n13128,1,630,1,1,10
n13129,n13129,1,630,1,1,11
n13130,n13130,1,630,1,1,12
n13131,n13131,1,630,1,1,13
n13132,n13132,1,630,1,1,14
n13133,n13133,1,630,1,1,15
n13134,n13134,1,630,1,1,16
n13135,n13135,1,630,5,2,1
n13136,n13136,1,630,5,2,2
n13137,n13137,1,630,5,2,3
n13138,n13138,1,630,5,2,4
n13139,n13139,1,630,5,2,5
n13140,n13140,1,630,5,2,6
n13141,n13141,1,630,5,2,7
n13142,n13142,1,630,5,2,8
n13143,n13143,1,631,1,1,1
n13144,n13144,1,631,1,1,2
n13145,n13145,1,631,1,1,3
n13146,n13146,1,631,1,1,4
n13147,n13147,1,631,1,1,5
n13148,n13148,1,631,1,1,6
n13149,n13149,1,631,1,1,7
n13150,n13150,1,631,1,1,8
n13151,n13151,1,631,1,1,9
n13152,n13152,1,631,1,1,10
n13153,n13153,1,631,1,1,11
n13154,n13154,1,631,1,1,12
n13155,n13155,1,631,1,1,13
n13156,n13156,1,631,1,1,14
n13157,n13157,1,631,1,1,15
n13158,n13158,1,631,1,1,16
n13159,n13159,1,631,5,2,1
n13160,n13160,1,631,5,2,2
n13161,n13161,1,631,5,2,3
n13162,n13162,1,631,5,2,4
n13163,n13163,1,631,5,2,5
n13164,n13164,1,631,5,2,6
n13165,n13165,1,631,5,2,7
n13166,n13166,1,631,5,2,8
n13167,n13167,1,632,1,1,1
n13168,n13168,1,632,1,1,2
n13169,n13169,1,632,1,1,3
n13170,n13170,1,632,1,1,4
n13171,n13171,1,632,1,1,5
n13172,n13172,1,632,1,1,6
n13173,n13173,1,632,1,1,7
n13174,n13174,1,632,1,1,8
n13175,n13175,1,632,1,1,9
n13176,n13176,1,632,1,1,10
n13177,n13177,1,632,1,1,11
n13178,n13178,1,632,1,1,12
n13179,n13179,1,632,1,1,13
n13180,n13180,1,632,1,1,14
n13181,n13181,1,632,1,1,15
n13182,n13182,1,632,1,1,16
n13183,n13183,1,632,5,2,1
n13184,n13184,1,632,5,2,2
n13185,n13185,1,632,5,2,3
n13186,n13186,1,632,5,2,4
n13187,n13187,1,632,5,2,5
n13188,n13188,1,632,5,2,6
n13189,n13189,1,632,5,2,7
n13190,n13190,1,632,5,2,8
n13191,n13191,1,633,1,1,1
n13192,n13192,1,633,1,1,2
n13193,n13193,1,633,1,1,3
n13194,n13194,1,633,1,1,4
n13195,n13195,1,633,1,1,5
n13196,n13196,1,633,1,1,6
n13197,n13197,1,633,1,1,7
n13198,n13198,1,633,1,1,8
n13199,n13199,1,633,1,1,9
n13200,n13200,1,633,1,1,10
n13201,n13201,1,633,1,1,11
n13202,n13202,1,633,1,1,12
n13203,n13203,1,633,1,1,13
n13204,n13204,1,633,1,1,14
n13205,n13205,1,633,1,1,15
n13206,n13206,1,633,1,1,16
n13207,n13207,1,633,5,2,1
n13208,n13208,1,633,5,2,2
n13209,n13209,1,633,5,2,3
n13210,n13210,1,633,5,2,4
n13211,n13211,1,633,5,2,5
n13212,n13212,1,633,5,2,6
n13213,n13213,1,633,5,2,7
n13214,n13214,1,633,5,2,8
n13215,n13215,1,634,1,1,1
n13216,n13216,1,634,1,1,2
n13217,n13217,1,634,1,1,3
n13218,n13218,1,634,1,1,4
n13219,n13219,1,634,1,1,5
n13220,n13220,1,634,1,1,6
n13221,n13221,1,634,1,1,7
n13222,n13222,1,634,1,1,8
n13223,n13223,1,634,1,1,9
n13224,n13224,1,634,1,1,10
n13225,n13225,1,634,1,1,11
n13226,n13226,1,634,1,1,12
n13227,n13227,1,634,1,1,13
n13228,n13228,1,634,1,1,14
n13229,n13229,1,634,1,1,15
n13230,n13230,1,634,1,1,16
n13231,n13231,1,634,5,2,1
n13232,n13232,1,634,5,2,2
n13233,n13233,1,634,5,2,3
n13234,n13234,1,634,5,2,4
n13235,n13235,1,634,5,2,5
n13236,n13236,1,634,5,2,6
n13237,n13237,1,634,5,2,7
n13238,n13238,1,634,5,2,8
n13239,n13239,1,635,1,1,1
n13240,n13240,1,635,1,1,2
n13241,n13241,1,635,1,1,3
n13242,n13242,1,635,1,1,4
n13243,n13243,1,635,1,1,5
n13244,n13244,1,635,1,1,6
n13245,n13245,1,635,1,1,7
n13246,n13246,1,635,1,1,8
n13247,n13247,1,635,1,1,9
n13248,n13248,1,635,1,1,10
n13249,n13249,1,635,1,1,11
n13250,n13250,1,635,1,1,12
n13251,n13251,1,635,1,1,13
n13252,n13252,1,635,1,1,14
n13253,n13253,1,635,1,1,15
n13254,n13254,1,635,1,1,16
n13255,n13255,1,635,5,2,1
n13256,n13256,1,635,5,2,2
n13257,n13257,1,635,5,2,3
n13258,n13258,1,635,5,2,4
n13259,n13259,1,635,5,2,5
n13260,n13260,1,635,5,2,6
n13261,n13261,1,635,5,2,7
n13262,n13262,1,635,5,2,8
n13263,n13263,1,636,1,1,1
n13264,n13264,1,636,1,1,2
n13265,n13265,1,636,1,1,3
n13266,n13266,1,636,1,1,4
n13267,n13267,1,636,1,1,5
n13268,n13268,1,636,1,1,6
n13269,n13269,1,636,1,1,7
n13270,n13270,1,636,1,1,8
n13271,n13271,1,636,1,1,9
n13272,n13272,1,636,1,1,10
n13273,n13273,1,636,1,1,11
n13274,n13274,1,636,1,1,12
n13275,n13275,1,636,1,1,13
n13276,n13276,1,636,1,1,14
n13277,n13277,1,636,1,1,15
n13278,n13278,1,636,1,1,16
n13279,n13279,1,636,5,2,1
n13280,n13280,1,636,5,2,2
n13281,n13281,1,636,5,2,3
n13282,n13282,1,636,5,2,4
n13283,n13283,1,636,5,2,5
n13284,n13284,1,636,5,2,6
n13285,n13285,1,636,5,2,7
n13286,n13286,1,636,5,2,8
n13287,n13287,1,637,1,1,1
n13288,n13288,1,637,1,1,2
n13289,n13289,1,637,1,1,3
n13290,n13290,1,637,1,1,4
n13291,n13291,1,637,1,1,5
n13292,n13292,1,637,1,1,6
n13293,n13293,1,637,1,1,7
n13294,n13294,1,637,1,1,8
n13295,n13295,1,637,1,1,9
n13296,n13296,1,637,1,1,10
n13297,n13297,1,637,1,1,11
n13298,n13298,1,637,1,1,12
n13299,n13299,1,637,1,1,13
n13300,n13300,1,637,1,1,14
n13301,n13301,1,637,1,1,15
n13302,n13302,1,637,1,1,16
n13303,n13303,1,637,5,2,1
n13304,n13304,1,637,5,2,2
n13305,n13305,1,637,5,2,3
n13306,n13306,1,637,5,2,4
n13307,n13307,1,637,5,2,5
n13308,n13308,1,637,5,2,6
n13309,n13309,1,637,5,2,7
n13310,n13310,1,637,5,2,8
n13311,n13311,1,638,1,1,1
n13312,n13312,1,638,1,1,2
n13313,n13313,1,638,1,1,3
n13314,n13314,1,638,1,1,4
n13315,n13315,1,638,1,1,5
n13316,n13316,1,638,1,1,6
n13317,n13317,1,638,1,1,7
n13318,n13318,1,638,1,1,8
n13319,n13319,1,638,1,1,9
n13320,n13320,1,638,1,1,10
n13321,n13321,1,638,1,1,11
n13322,n13322,1,638,1,1,12
n13323,n13323,1,638,1,1,13
n13324,n13324,1,638,1,1,14
n13325,n13325,1,638,1,1,15
n13326,n13326,1,638,1,1,16
n13327,n13327,1,638,5,2,1
n13328,n13328,1,638,5,2,2
n13329,n13329,1,638,5,2,3
n13330,n13330,1,638,5,2,4
n13331,n13331,1,638,5,2,5
n13332,n13332,1,638,5,2,6
n13333,n13333,1,638,5,2,7
n13334,n13334,1,638,5,2,8
n13335,n13335,1,639,1,1,1
n13336,n13336,1,639,1,1,2
n13337,n13337,1,639,1,1,3
n13338,n13338,1,639,1,1,4
n13339,n13339,1,639,1,1,5
n13340,n13340,1,639,1,1,6
n13341,n13341,1,639,1,1,7
n13342,n13342,1,639,1,1,8
n13343,n13343,1,639,1,1,9
n13344,n13344,1,639,1,1,10
n13345,n13345,1,639,1,1,11
n13346,n13346,1,639,1,1,12
n13347,n13347,1,639,1,1,13
n13348,n13348,1,639,1,1,14
n13349,n13349,1,639,1,1,15
n13350,n13350,1,639,1,1,16
n13351,n13351,1,639,5,2,1
n13352,n13352,1,639,5,2,2
n13353,n13353,1,639,5,2,3
n13354,n13354,1,639,5,2,4
n13355,n13355,1,639,5,2,5
n13356,n13356,1,639,5,2,6
n13357,n13357,1,639,5,2,7
n13358,n13358,1,639,5,2,8
n13359,n13359,1,639,5,2,9
n13360,n13360,1,639,5,2,10
n13361,n13361,1,639,5,2,11
n13362,n13362,1,639,5,2,12
n13363,n13363,1,639,5,2,13
n13364,n13364,1,639,5,2,14
n13365,n13365,1,639,5,2,15
n13366,n13366,1,639,5,2,16
n13367,n13367,1,640,1,1,1
n13368,n13368,1,640,1,1,2
n13369,n13369,1,640,1,1,3
n13370,n13370,1,640,1,1,4
n13371,n13371,1,640,1,1,5
n13372,n13372,1,640,1,1,6
n13373,n13373,1,640,1,1,7
n13374,n13374,1,640,1,1,8
n13375,n13375,1,640,1,1,9
n13376,n13376,1,640,1,1,10
n13377,n13377,1,640,1,1,11
n13378,n13378,1,640,1,1,12
n13379,n13379,1,640,1,1,13
n13380,n13380,1,640,1,1,14
n13381,n13381,1,640,1,1,15
n13382,n13382,1,640,1,1,16
n13383,n13383,1,640,5,2,1
n13384,n13384,1,640,5,2,2
n13385,n13385,1,640,5,2,3
n13386,n13386,1,640,5,2,4
n13387,n13387,1,640,5,2,5
n13388,n13388,1,640,5,2,6
n13389,n13389,1,640,5,2,7
n13390,n13390,1,640,5,2,8
n13391,n13391,1,640,5,2,9
n13392,n13392,1,640,5,2,10
n13393,n13393,1,640,5,2,11
n13394,n13394,1,640,5,2,12
n13395,n13395,1,640,5,2,13
n13396,n13396,1,640,5,2,14
n13397,n13397,1,640,5,2,15
n13398,n13398,1,640,5,2,16
n13399,n13399,1,641,1,1,1
n13400,n13400,1,641,1,1,2
n13401,n13401,1,641,1,1,3
n13402,n13402,1,641,1,1,4
n13403,n13403,1,641,1,1,5
n13404,n13404,1,641,1,1,6
n13405,n13405,1,641,1,1,7
n13406,n13406,1,641,1,1,8
n13407,n13407,1,641,1,1,9
n13408,n13408,1,641,1,1,10
n13409,n13409,1,641,1,1,11
n13410,n13410,1,641,1,1,12
n13411,n13411,1,641,1,1,13
n13412,n13412,1,641,1,1,14
n13413,n13413,1,641,1,1,15
n13414,n13414,1,641,1,1,16
n13415,n13415,1,641,1,1,17
n13416,n13416,1,641,1,1,18
n13417,n13417,1,641,1,1,19
n13418,n13418,1,641,1,1,20
n13419,n13419,1,641,5,2,1
n13420,n13420,1,641,5,2,2
n13421,n13421,1,641,5,2,3
n13422,n13422,1,641,5,2,4
n13423,n13423,1,641,5,2,5
n13424,n13424,1,641,5,2,6
n13425,n13425,1,641,5,2,7
n13426,n13426,1,641,5,2,8
n13427,n13427,1,641,5,2,9
n13428,n13428,1,641,5,2,10
n13429,n13429,1,641,5,2,11
n13430,n13430,1,641,5,2,12
n13431,n13431,1,641,5,2,13
n13432,n13432,1,641,5,2,14
n13433,n13433,1,641,5,2,15
n13434,n13434,1,641,5,2,16
n13435,n13435,1,642,1,1,1
n13436,n13436,1,642,1,1,2
n13437,n13437,1,642,1,1,3
n13438,n13438,1,642,1,1,4
n13439,n13439,1,642,1,1,5
n13440,n13440,1,642,1,1,6
n13441,n13441,1,642,1,1,7
n13442,n13442,1,642,1,1,8
n13443,n13443,1,642,1,1,9
n13444,n13444,1,642,1,1,10
n13445,n13445,1,642,1,1,11
n13446,n13446,1,642,1,1,12
n13447,n13447,1,642,5,2,1
n13448,n13448,1,642,5,2,2
n13449,n13449,1,642,5,2,3
n13450,n13450,1,642,5,2,4
n13451,n13451,1,642,5,2,5
n13452,n13452,1,642,5,2,6
n13453,n13453,1,642,5,2,7
n13454,n13454,1,642,5,2,8
n13455,n13455,1,642,5,2,9
n13456,n13456,1,642,5,2,10
n13457,n13457,1,642,5,2,11
n13458,n13458,1,642,5,2,12
n13459,n13459,1,642,5,2,13
n13460,n13460,1,642,5,2,14
n13461,n13461,1,642,5,2,15
n13462,n13462,1,642,5,2,16
n13463,n13463,1,643,1,1,1
n13464,n13464,1,643,1,1,2
n13465,n13465,1,643,1,1,3
n13466,n13466,1,643,1,1,4
n13467,n13467,1,643,1,1,5
n13468,n13468,1,643,1,1,6
n13469,n13469,1,643,1,1,7
n13470,n13470,1,643,1,1,8
n13471,n13471,1,643,1,1,9
n13472,n13472,1,643,1,1,10
n13473,n13473,1,643,1,1,11
n13474,n13474,1,643,1,1,12
n13475,n13475,1,643,1,1,13
n13476,n13476,1,643,1,1,14
n13477,n13477,1,643,1,1,15
n13478,n13478,1,643,1,1,16
n13479,n13479,1,643,5,2,1
n13480,n13480,1,643,5,2,2
n13481,n13481,1,643,5,2,3
n13482,n13482,1,643,5,2,4
n13483,n13483,1,643,5,2,5
n13484,n13484,1,643,5,2,6
n13485,n13485,1,643,5,2,7
n13486,n13486,1,643,5,2,8
n13487,n13487,1,643,5,2,9
n13488,n13488,1,643,5,2,10
n13489,n13489,1,643,5,2,11
n13490,n13490,1,643,5,2,12
n13491,n13491,1,643,5,2,13
n13492,n13492,1,643,5,2,14
n13493,n13493,1,643,5,2,15
n13494,n13494,1,643,5,2,16
n13495,n13495,1,644,1,1,1
n13496,n13496,1,644,1,1,2
n13497,n13497,1,644,1,1,3
n13498,n13498,1,644,1,1,4
n13499,n13499,1,644,1,1,5
n13500,n13500,1,644,1,1,6
n13501,n13501,1,644,1,1,7
n13502,n13502,1,644,1,1,8
n13503,n13503,1,644,1,1,9
n13504,n13504,1,644,1,1,10
n13505,n13505,1,644,1,1,11
n13506,n13506,1,644,1,1,12
n13507,n13507,1,644,1,1,13
n13508,n13508,1,644,1,1,14
n13509,n13509,1,644,1,1,15
n13510,n13510,1,644,1,1,16
n13511,n13511,1,644,5,2,1
n13512,n13512,1,644,5,2,2
n13513,n13513,1,644,5,2,3
n13514,n13514,1,644,5,2,4
n13515,n13515,1,644,5,2,5
n13516,n13516,1,644,5,2,6
n13517,n13517,1,644,5,2,7
n13518,n13518,1,644,5,2,8
n13519,n13519,1,644,5,2,9
n13520,n13520,1,644,5,2,10
n13521,n13521,1,644,5,2,11
n13522,n13522,1,644,5,2,12
n13523,n13523,1,644,5,2,13
n13524,n13524,1,644,5,2,14
n13525,n13525,1,644,5,2,15
n13526,n13526,1,644,5,2,16
n13527,n13527,1,645,1,1,1
n13528,n13528,1,645,1,1,2
n13529,n13529,1,645,1,1,3
n13530,n13530,1,645,1,1,4
n13531,n13531,1,645,1,1,5
n13532,n13532,1,645,1,1,6
n13533,n13533,1,645,1,1,7
n13534,n13534,1,645,1,1,8
n13535,n13535,1,645,1,1,9
n13536,n13536,1,645,1,1,10
n13537,n13537,1,645,1,1,11
n13538,n13538,1,645,1,1,12
n13539,n13539,1,645,1,1,13
n13540,n13540,1,645,1,1,14
n13541,n13541,1,645,1,1,15
n13542,n13542,1,645,1,1,16
n13543,n13543,1,645,1,1,17
n13544,n13544,1,645,1,1,18
n13545,n13545,1,645,1,1,19
n13546,n13546,1,645,1,1,20
n13547,n13547,1,645,5,2,1
n13548,n13548,1,645,5,2,2
n13549,n13549,1,645,5,2,3
n13550,n13550,1,645,5,2,4
n13551,n13551,1,645,5,2,5
n13552,n13552,1,645,5,2,6
n13553,n13553,1,645,5,2,7
n13554,n13554,1,645,5,2,8
n13555,n13555,1,645,5,2,9
n13556,n13556,1,645,5,2,10
n13557,n13557,1,645,5,2,11
n13558,n13558,1,645,5,2,12
n13559,n13559,1,645,5,2,13
n13560,n13560,1,645,5,2,14
n13561,n13561,1,645,5,2,15
n13562,n13562,1,645,5,2,16
n13563,n13563,1,646,1,1,1
n13564,n13564,1,646,1,1,2
n13565,n13565,1,646,1,1,3
n13566,n13566,1,646,1,1,4
n13567,n13567,1,646,1,1,5
n13568,n13568,1,646,1,1,6
n13569,n13569,1,646,1,1,7
n13570,n13570,1,646,1,1,8
n13571,n13571,1,646,1,1,9
n13572,n13572,1,646,1,1,10
n13573,n13573,1,646,1,1,11
n13574,n13574,1,646,1,1,12
n13575,n13575,1,646,5,2,1
n13576,n13576,1,646,5,2,2
n13577,n13577,1,646,5,2,3
n13578,n13578,1,646,5,2,4
n13579,n13579,1,646,5,2,5
n13580,n13580,1,646,5,2,6
n13581,n13581,1,646,5,2,7
n13582,n13582,1,646,5,2,8
n13583,n13583,1,646,5,2,9
n13584,n13584,1,646,5,2,10
n13585,n13585,1,646,5,2,11
n13586,n13586,1,646,5,2,12
n13587,n13587,1,646,5,2,13
n13588,n13588,1,646,5,2,14
n13589,n13589,1,646,5,2,15
n13590,n13590,1,646,5,2,16
n13591,n13591,1,647,1,1,1
n13592,n13592,1,647,1,1,2
n13593,n13593,1,647,1,1,3
n13594,n13594,1,647,1,1,4
n13595,n13595,1,647,1,1,5
n13596,n13596,1,647,1,1,6
n13597,n13597,1,647,1,1,7
n13598,n13598,1,647,1,1,8
n13599,n13599,1,647,1,1,9
n13600,n13600,1,647,1,1,10
n13601,n13601,1,647,5,2,1
n13602,n13602,1,647,5,2,2
n13603,n13603,1,647,5,2,3
n13604,n13604,1,647,5,2,4
n13605,n13605,1,647,5,2,5
n13606,n13606,1,647,5,2,6
n13607,n13607,1,647,5,2,7
n13608,n13608,1,647,5,2,8
n13609,n13609,1,647,5,2,9
n13610,n13610,1,647,5,2,10
n13611,n13611,1,647,5,2,11
n13612,n13612,1,647,5,2,12
n13613,n13613,1,648,1,1,1
n13614,n13614,1,648,1,1,2
n13615,n13615,1,648,1,1,3
n13616,n13616,1,648,1,1,4
n13617,n13617,1,648,1,1,5
n13618,n13618,1,648,1,1,6
n13619,n13619,1,648,1,1,7
n13620,n13620,1,648,1,1,8
n13621,n13621,1,648,1,1,9
n13622,n13622,1,648,1,1,10
n13623,n13623,1,648,5,2,1
n13624,n13624,1,648,5,2,2
n13625,n13625,1,648,5,2,3
n13626,n13626,1,648,5,2,4
n13627,n13627,1,648,5,2,5
n13628,n13628,1,648,5,2,6
n13629,n13629,1,648,5,2,7
n13630,n13630,1,648,5,2,8
n13631,n13631,1,648,5,2,9
n13632,n13632,1,648,5,2,10
n13633,n13633,1,648,5,2,11
n13634,n13634,1,648,5,2,12
n13635,n13635,1,649,1,1,1
n13636,n13636,1,649,1,1,2
n13637,n13637,1,649,1,1,3
n13638,n13638,1,649,1,1,4
n13639,n13639,1,649,1,1,5
n13640,n13640,1,649,1,1,6
n13641,n13641,1,649,1,1,7
n13642,n13642,1,649,1,1,8
n13643,n13643,1,649,1,1,9
n13644,n13644,1,649,1,1,10
n13645,n13645,1,649,1,1,11
n13646,n13646,1,649,1,1,12
n13647,n13647,1,649,1,1,13
n13648,n13648,1,649,1,1,14
n13649,n13649,1,649,5,2,1
n13650,n13650,1,649,5,2,2
n13651,n13651,1,649,5,2,3
n13652,n13652,1,649,5,2,4
n13653,n13653,1,649,5,2,5
n13654,n13654,1,649,5,2,6
n13655,n13655,1,649,5,2,7
n13656,n13656,1,649,5,2,8
n13657,n13657,1,649,5,2,9
n13658,n13658,1,649,5,2,10
n13659,n13659,1,649,5,2,11
n13660,n13660,1,649,5,2,12
n13661,n13661,1,650,1,1,1
n13662,n13662,1,650,1,1,2
n13663,n13663,1,650,1,1,3
n13664,n13664,1,650,1,1,4
n13665,n13665,1,650,1,1,5
n13666,n13666,1,650,1,1,6
n13667,n13667,1,650,1,1,7
n13668,n13668,1,650,1,1,8
n13669,n13669,1,650,1,1,9
n13670,n13670,1,650,1,1,10
n13671,n13671,1,650,1,1,11
n13672,n13672,1,650,1,1,12
n13673,n13673,1,650,1,1,13
n13674,n13674,1,650,1,1,14
n13675,n13675,1,650,5,2,1
n13676,n13676,1,650,5,2,2
n13677,n13677,1,650,5,2,3
n13678,n13678,1,650,5,2,4
n13679,n13679,1,650,5,2,5
n13680,n13680,1,650,5,2,6
n13681,n13681,1,650,5,2,7
n13682,n13682,1,650,5,2,8
n13683,n13683,1,650,5,2,9
n13684,n13684,1,650,5,2,10
n13685,n13685,1,650,5,2,11
n13686,n13686,1,650,5,2,12
n13687,n13687,1,651,1,1,1
n13688,n13688,1,651,1,1,2
n13689,n13689,1,651,1,1,3
n13690,n13690,1,651,1,1,4
n13691,n13691,1,651,1,1,5
n13692,n13692,1,651,1,1,6
n13693,n13693,1,651,1,1,7
n13694,n13694,1,651,1,1,8
n13695,n13695,1,651,1,1,9
n13696,n13696,1,651,1,1,10
n13697,n13697,1,651,1,1,11
n13698,n13698,1,651,1,1,12
n13699,n13699,1,651,5,2,1
n13700,n13700,1,651,5,2,2
n13701,n13701,1,651,5,2,3
n13702,n13702,1,651,5,2,4
n13703,n13703,1,651,5,2,5
n13704,n13704,1,651,5,2,6
n13705,n13705,1,651,5,2,7
n13706,n13706,1,651,5,2,8
n13707,n13707,1,651,5,2,9
n13708,n13708,1,651,5,2,10
n13709,n13709,1,651,5,2,11
n13710,n13710,1,651,5,2,12
n13711,n13711,1,652,1,1,1
n13712,n13712,1,652,1,1,2
n13713,n13713,1,652,1,1,3
n13714,n13714,1,652,1,1,4
n13715,n13715,1,652,1,1,5
n13716,n13716,1,652,1,1,6
n13717,n13717,1,652,1,1,7
n13718,n13718,1,652,1,1,8
n13719,n13719,1,652,1,1,9
n13720,n13720,1,652,1,1,10
n13721,n13721,1,652,1,1,11
n13722,n13722,1,652,1,1,12
n13723,n13723,1,652,5,2,1
n13724,n13724,1,652,5,2,2
n13725,n13725,1,652,5,2,3
n13726,n13726,1,652,5,2,4
n13727,n13727,1,652,5,2,5
n13728,n13728,1,652,5,2,6
n13729,n13729,1,652,5,2,7
n13730,n13730,1,652,5,2,8
n13731,n13731,1,652,5,2,9
n13732,n13732,1,652,5,2,10
n13733,n13733,1,652,5,2,11
n13734,n13734,1,652,5,2,12
n13735,n13735,1,653,1,1,1
n13736,n13736,1,653,1,1,2
n13737,n13737,1,653,1,1,3
n13738,n13738,1,653,1,1,4
n13739,n13739,1,653,1,1,5
n13740,n13740,1,653,1,1,6
n13741,n13741,1,653,5,2,1
n13742,n13742,1,653,5,2,2
n13743,n13743,1,653,5,2,3
n13744,n13744,1,653,5,2,4
n13745,n13745,1,654,1,1,1
n13746,n13746,1,654,1,1,2
n13747,n13747,1,654,1,1,3
n13748,n13748,1,654,1,1,4
n13749,n13749,1,654,1,1,5
n13750,n13750,1,654,1,1,6
n13751,n13751,1,654,1,1,7
n13752,n13752,1,654,1,1,8
n13753,n13753,1,654,1,1,9
n13754,n13754,1,654,5,2,1
n13755,n13755,1,654,5,2,2
n13756,n13756,1,654,5,2,3
n13757,n13757,1,654,5,2,4
n13758,n13758,1,654,5,2,5
n13759,n13759,1,654,5,2,6
n13760,n13760,1,654,5,2,7
n13761,n13761,1,654,5,2,8
n13762,n13762,1,654,5,2,9
n13763,n13763,1,654,5,2,10
n13764,n13764,1,654,5,2,11
n13765,n13765,1,654,5,2,12
n13766,n13766,1,654,5,2,13
n13767,n13767,1,654,5,2,14
n13768,n13768,1,654,5,2,15
n13769,n13769,1,654,5,2,16
n13770,n13770,1,655,1,1,1
n13771,n13771,1,655,1,1,2
n13772,n13772,1,655,1,1,3
n13773,n13773,1,655,1,1,4
n13774,n13774,1,655,1,1,5
n13775,n13775,1,655,1,1,6
n13776,n13776,1,655,1,1,7
n13777,n13777,1,655,1,1,8
n13778,n13778,1,655,1,1,9
n13779,n13779,1,655,1,1,10
n13780,n13780,1,655,1,1,11
n13781,n13781,1,655,5,2,1
n13782,n13782,1,655,5,2,2
n13783,n13783,1,655,5,2,3
n13784,n13784,1,655,5,2,4
n13785,n13785,1,655,5,2,5
n13786,n13786,1,655,5,2,6
n13787,n13787,1,656,1,1,1
n13788,n13788,1,656,1,1,2
n13789,n13789,1,656,1,1,3
n13790,n13790,1,656,1,1,4
n13791,n13791,1,656,1,1,5
n13792,n13792,1,656,1,1,6
n13793,n13793,1,656,1,1,7
n13794,n13794,1,656,1,1,8
n13795,n13795,1,656,1,1,9
n13796,n13796,1,656,1,1,10
n13797,n13797,1,656,1,1,11
n13798,n13798,1,656,1,1,12
n13799,n13799,1,656,5,2,1
n13800,n13800,1,656,5,2,2
n13801,n13801,1,656,5,2,3
n13802,n13802,1,656,5,2,4
n13803,n13803,1,656,5,2,5
n13804,n13804,1,656,5,2,6
n13805,n13805,1,657,1,1,1
n13806,n13806,1,657,1,1,2
n13807,n13807,1,657,1,1,3
n13808,n13808,1,657,1,1,4
n13809,n13809,1,657,1,1,5
n13810,n13810,1,657,1,1,6
n13811,n13811,1,657,1,1,7
n13812,n13812,1,657,1,1,8
n13813,n13813,1,657,1,1,9
n13814,n13814,1,657,1,1,10
n13815,n13815,1,657,1,1,11
n13816,n13816,1,657,1,1,12
n13817,n13817,1,657,1,1,13
n13818,n13818,1,657,1,1,14
n13819,n13819,1,657,1,1,15
n13820,n13820,1,657,1,1,16
n13821,n13821,1,657,1,1,17
n13822,n13822,1,657,1,1,18
n13823,n13823,1,657,1,1,19
n13824,n13824,1,657,5,2,1
n13825,n13825,1,657,5,2,2
n13826,n13826,1,657,5,2,3
n13827,n13827,1,657,5,2,4
n13828,n13828,1,657,5,2,5
n13829,n13829,1,657,5,2,6
n13830,n13830,1,657,5,2,7
n13831,n13831,1,657,5,2,8
n13832,n13832,1,657,5,2,9
n13833,n13833,1,657,5,2,10
n13834,n13834,1,657,5,2,11
n13835,n13835,1,657,5,2,12
n13836,n13836,1,658,1,1,1
n13837,n13837,1,658,1,1,2
n13838,n13838,1,658,1,1,3
n13839,n13839,1,658,1,1,4
n13840,n13840,1,658,1,1,5
n13841,n13841,1,658,1,1,6
n13842,n13842,1,658,1,1,7
n13843,n13843,1,658,1,1,8
n13844,n13844,1,658,1,1,9
n13845,n13845,1,658,1,1,10
n13846,n13846,1,658,1,1,11
n13847,n13847,1,658,1,1,12
n13848,n13848,1,658,1,1,13
n13849,n13849,1,658,1,1,14
n13850,n13850,1,658,1,1,15
n13851,n13851,1,658,1,1,16
n13852,n13852,1,658,1,1,17
n13853,n13853,1,658,1,1,18
n13854,n13854,1,658,1,1,19
n13855,n13855,1,658,1,1,20
n13856,n13856,1,658,1,1,21
n13857,n13857,1,658,1,1,22
n13858,n13858,1,658,1,1,23
n13859,n13859,1,658,1,1,24
n13860,n13860,1,658,5,2,1
n13861,n13861,1,658,5,2,2
n13862,n13862,1,658,5,2,3
n13863,n13863,1,658,5,2,4
n13864,n13864,1,658,5,2,5
n13865,n13865,1,658,5,2,6
n13866,n13866,1,658,5,2,7
n13867,n13867,1,658,5,2,8
n13868,n13868,1,658,5,2,9
n13869,n13869,1,658,5,2,10
n13870,n13870,1,659,1,1,1
n13871,n13871,1,659,1,1,2
n13872,n13872,1,659,1,1,3
n13873,n13873,1,659,1,1,4
n13874,n13874,1,659,1,1,5
n13875,n13875,1,659,1,1,6
n13876,n13876,1,659,1,1,7
n13877,n13877,1,659,1,1,8
n13878,n13878,1,659,1,1,9
n13879,n13879,1,659,1,1,10
n13880,n13880,1,659,1,1,11
n13881,n13881,1,659,1,1,12
n13882,n13882,1,659,1,1,13
n13883,n13883,1,659,1,1,14
n13884,n13884,1,659,1,1,15
n13885,n13885,1,659,1,1,16
n13886,n13886,1,659,1,1,17
n13887,n13887,1,659,1,1,18
n13888,n13888,1,659,5,2,1
n13889,n13889,1,659,5,2,2
n13890,n13890,1,659,5,2,3
n13891,n13891,1,659,5,2,4
n13892,n13892,1,659,5,2,5
n13893,n13893,1,659,5,2,6
n13894,n13894,1,659,5,2,7
n13895,n13895,1,659,5,2,8
n13896,n13896,1,659,5,2,9
n13897,n13897,1,659,5,2,10
n13898,n13898,1,659,5,2,11
n13899,n13899,1,659,5,2,12
n13900,n13900,1,660,1,1,1
n13901,n13901,1,660,1,1,2
n13902,n13902,1,660,1,1,3
n13903,n13903,1,660,1,1,4
n13904,n13904,1,660,1,1,5
n13905,n13905,1,660,1,1,6
n13906,n13906,1,660,1,1,7
n13907,n13907,1,660,1,1,8
n13908,n13908,1,660,1,1,9
n13909,n13909,1,660,1,1,10
n13910,n13910,1,660,1,1,11
n13911,n13911,1,660,1,1,12
n13912,n13912,1,660,1,1,13
n13913,n13913,1,660,1,1,14
n13914,n13914,1,660,1,1,15
n13915,n13915,1,660,1,1,16
n13916,n13916,1,660,1,1,17
n13917,n13917,1,660,1,1,18
n13918,n13918,1,660,1,1,19
n13919,n13919,1,660,1,1,20
n13920,n13920,1,660,1,1,21
n13921,n13921,1,660,1,1,22
n13922,n13922,1,660,1,1,23
n13923,n13923,1,660,1,1,24
n13924,n13924,1,660,5,2,1
n13925,n13925,1,660,5,2,2
n13926,n13926,1,660,5,2,3
n13927,n13927,1,660,5,2,4
n13928,n13928,1,660,5,2,5
n13929,n13929,1,660,5,2,6
n13930,n13930,1,660,5,2,7
n13931,n13931,1,660,5,2,8
n13932,n13932,1,660,5,2,9
n13933,n13933,1,660,5,2,10
n13934,n13934,1,661,1,1,1
n13935,n13935,1,661,1,1,2
n13936,n13936,1,661,1,1,3
n13937,n13937,1,661,1,1,4
n13938,n13938,1,661,1,1,5
n13939,n13939,1,661,1,1,6
n13940,n13940,1,661,1,1,7
n13941,n13941,1,661,1,1,8
n13942,n13942,1,661,1,1,9
n13943,n13943,1,661,1,1,10
n13944,n13944,1,661,1,1,11
n13945,n13945,1,661,1,1,12
n13946,n13946,1,661,1,1,13
n13947,n13947,1,661,1,1,14
n13948,n13948,1,661,1,1,15
n13949,n13949,1,661,1,1,16
n13950,n13950,1,661,1,1,17
n13951,n13951,1,661,1,1,18
n13952,n13952,1,661,1,1,19
n13953,n13953,1,661,1,1,20
n13954,n13954,1,661,5,2,1
n13955,n13955,1,661,5,2,2
n13956,n13956,1,661,5,2,3
n13957,n13957,1,661,5,2,4
n13958,n13958,1,661,5,2,5
n13959,n13959,1,661,5,2,6
n13960,n13960,1,661,5,2,7
n13961,n13961,1,661,5,2,8
n13962,n13962,1,661,5,2,9
n13963,n13963,1,661,5,2,10
n13964,n13964,1,662,1,1,1
n13965,n13965,1,662,1,1,2
n13966,n13966,1,662,1,1,3
n13967,n13967,1,662,1,1,4
n13968,n13968,1,662,1,1,5
n13969,n13969,1,662,1,1,6
n13970,n13970,1,662,1,1,7
n13971,n13971,1,662,1,1,8
n13972,n13972,1,662,1,1,9
n13973,n13973,1,662,1,1,10
n13974,n13974,1,662,1,1,11
n13975,n13975,1,662,1,1,12
n13976,n13976,1,662,1,1,13
n13977,n13977,1,662,1,1,14
n13978,n13978,1,662,1,1,15
n13979,n13979,1,662,1,1,16
n13980,n13980,1,662,1,1,17
n13981,n13981,1,662,1,1,18
n13982,n13982,1,662,1,1,19
n13983,n13983,1,662,1,1,20
n13984,n13984,1,662,5,2,1
n13985,n13985,1,662,5,2,2
n13986,n13986,1,662,5,2,3
n13987,n13987,1,662,5,2,4
n13988,n13988,1,662,5,2,5
n13989,n13989,1,662,5,2,6
n13990,n13990,1,662,5,2,7
n13991,n13991,1,662,5,2,8
n13992,n13992,1,663,1,1,1
n13993,n13993,1,663,1,1,2
n13994,n13994,1,663,1,1,3
n13995,n13995,1,663,1,1,4
n13996,n13996,1,663,1,1,5
n13997,n13997,1,663,1,1,6
n13998,n13998,1,663,1,1,7
n13999,n13999,1,663,1,1,8
n14000,n14000,1,663,1,1,9
n14001,n14001,1,663,1,1,10
n14002,n14002,1,663,1,1,11
n14003,n14003,1,663,1,1,12
n14004,n14004,1,663,1,1,13
n14005,n14005,1,663,1,1,14
n14006,n14006,1,663,1,1,15
n14007,n14007,1,663,1,1,16
n14008,n14008,1,663,1,1,17
n14009,n14009,1,663,1,1,18
n14010,n14010,1,663,1,1,19
n14011,n14011,1,663,1,1,20
n14012,n14012,1,663,5,2,1
n14013,n14013,1,663,5,2,2
n14014,n14014,1,663,5,2,3
n14015,n14015,1,663,5,2,4
n14016,n14016,1,663,5,2,5
n14017,n14017,1,663,5,2,6
n14018,n14018,1,663,5,2,7
n14019,n14019,1,663,5,2,8
n14020,n14020,1,663,5,2,9
n14021,n14021,1,663,5,2,10
n14022,n14022,1,663,5,2,11
n14023,n14023,1,663,5,2,12
n14024,n14024,1,663,5,2,13
n14025,n14025,1,663,5,2,14
n14026,n14026,1,663,5,2,15
n14027,n14027,1,663,5,2,16
n14028,n14028,1,664,1,1,1
n14029,n14029,1,664,1,1,2
n14030,n14030,1,664,1,1,3
n14031,n14031,1,664,1,1,4
n14032,n14032,1,664,1,1,5
n14033,n14033,1,664,1,1,6
n14034,n14034,1,664,1,1,7
n14035,n14035,1,664,1,1,8
n14036,n14036,1,664,1,1,9
n14037,n14037,1,664,1,1,10
n14038,n14038,1,664,1,1,11
n14039,n14039,1,664,1,1,12
n14040,n14040,1,664,1,1,13
n14041,n14041,1,664,1,1,14
n14042,n14042,1,664,1,1,15
n14043,n14043,1,664,1,1,16
n14044,n14044,1,664,1,1,17
n14045,n14045,1,664,1,1,18
n14046,n14046,1,664,1,1,19
n14047,n14047,1,664,1,1,20
n14048,n14048,1,664,1,1,21
n14049,n14049,1,664,1,1,22
n14050,n14050,1,664,1,1,23
n14051,n14051,1,664,1,1,24
n14052,n14052,1,664,5,2,1
n14053,n14053,1,664,5,2,2
n14054,n14054,1,664,5,2,3
n14055,n14055,1,664,5,2,4
n14056,n14056,1,664,5,2,5
n14057,n14057,1,664,5,2,6
n14058,n14058,1,664,5,2,7
n14059,n14059,1,664,5,2,8
n14060,n14060,1,664,5,2,9
n14061,n14061,1,664,5,2,10
n14062,n14062,1,664,5,2,11
n14063,n14063,1,664,5,2,12
n14064,n14064,1,664,5,2,13
n14065,n14065,1,664,5,2,14
n14066,n14066,1,664,5,2,15
n14067,n14067,1,664,5,2,16
n14068,n14068,1,665,1,1,1
n14069,n14069,1,665,1,1,2
n14070,n14070,1,665,1,1,3
n14071,n14071,1,665,1,1,4
n14072,n14072,1,665,1,1,5
n14073,n14073,1,665,1,1,6
n14074,n14074,1,665,5,2,1
n14075,n14075,1,665,5,2,2
n14076,n14076,1,665,5,2,3
n14077,n14077,1,665,5,2,4
n14078,n14078,1,665,5,2,5
n14079,n14079,1,665,5,2,6
n14080,n14080,1,665,6,2,1
n14081,n14081,1,665,6,2,2
n14082,n14082,1,665,6,2,3
n14083,n14083,1,665,6,2,4
n14084,n14084,1,666,1,1,1
n14085,n14085,1,666,1,1,2
n14086,n14086,1,666,1,1,3
n14087,n14087,1,666,1,1,4
n14088,n14088,1,666,1,1,5
n14089,n14089,1,666,1,1,6
n14090,n14090,1,666,5,2,1
n14091,n14091,1,666,5,2,2
n14092,n14092,1,666,5,2,3
n14093,n14093,1,666,5,2,4
n14094,n14094,1,667,1,1,1
n14095,n14095,1,667,1,1,2
n14096,n14096,1,667,1,1,3
n14097,n14097,1,667,1,1,4
n14098,n14098,1,667,1,1,5
n14099,n14099,1,667,1,1,6
n14100,n14100,1,667,1,1,7
n14101,n14101,1,667,1,1,8
n14102,n14102,1,667,1,1,9
n14103,n14103,1,667,1,1,10
n14104,n14104,1,667,1,1,11
n14105,n14105,1,667,1,1,12
n14106,n14106,1,667,1,1,13
n14107,n14107,1,667,1,1,14
n14108,n14108,1,667,1,1,15
n14109,n14109,1,667,1,1,16
n14110,n14110,1,667,1,1,17
n14111,n14111,1,667,1,1,18
n14112,n14112,1,667,1,1,19
n14113,n14113,1,667,1,1,20
n14114,n14114,1,667,1,1,21
n14115,n14115,1,667,1,1,22
n14116,n14116,1,667,1,1,23
n14117,n14117,1,667,1,1,24
n14118,n14118,1,667,5,2,1
n14119,n14119,1,667,5,2,2
n14120,n14120,1,667,5,2,3
n14121,n14121,1,667,5,2,4
n14122,n14122,1,668,1,1,1
n14123,n14123,1,668,1,1,2
n14124,n14124,1,668,1,1,3
n14125,n14125,1,668,1,1,4
n14126,n14126,1,668,1,1,5
n14127,n14127,1,668,1,1,6
n14128,n14128,1,668,1,1,7
n14129,n14129,1,668,1,1,8
n14130,n14130,1,668,1,1,9
n14131,n14131,1,668,1,1,10
n14132,n14132,1,668,1,1,11
n14133,n14133,1,668,1,1,12
n14134,n14134,1,668,1,1,13
n14135,n14135,1,668,1,1,14
n14136,n14136,1,668,1,1,15
n14137,n14137,1,668,5,2,1
n14138,n14138,1,668,5,2,2
n14139,n14139,1,668,5,2,3
n14140,n14140,1,668,5,2,4
n14141,n14141,1,668,5,2,5
n14142,n14142,1,668,5,2,6
n14143,n14143,1,668,5,2,7
n14144,n14144,1,668,5,2,8
n14145,n14145,1,669,1,1,1
n14146,n14146,1,669,1,1,2
n14147,n14147,1,669,1,1,3
n14148,n14148,1,669,1,1,4
n14149,n14149,1,669,1,1,5
n14150,n14150,1,669,1,1,6
n14151,n14151,1,669,5,2,1
n14152,n14152,1,669,5,2,2
n14153,n14153,1,669,5,2,3
n14154,n14154,1,669,5,2,4
n14155,n14155,1,669,5,2,5
n14156,n14156,1,669,5,2,6
n14157,n14157,1,669,6,2,1
n14158,n14158,1,669,6,2,2
n14159,n14159,1,669,6,2,3
n14160,n14160,1,669,6,2,4
n14161,n14161,1,670,1,1,1
n14162,n14162,1,670,1,1,2
n14163,n14163,1,670,1,1,3
n14164,n14164,1,670,1,1,4
n14165,n14165,1,670,1,1,5
n14166,n14166,1,670,1,1,6
n14167,n14167,1,670,5,2,1
n14168,n14168,1,670,5,2,2
n14169,n14169,1,670,5,2,3
n14170,n14170,1,670,5,2,4
n14171,n14171,1,671,1,1,1
n14172,n14172,1,671,1,1,2
n14173,n14173,1,671,1,1,3
n14174,n14174,1,671,1,1,4
n14175,n14175,1,671,1,1,5
n14176,n14176,1,671,1,1,6
n14177,n14177,1,671,1,1,7
n14178,n14178,1,671,1,1,8
n14179,n14179,1,671,1,1,9
n14180,n14180,1,671,1,1,10
n14181,n14181,1,671,1,1,11
n14182,n14182,1,671,1,1,12
n14183,n14183,1,671,1,1,13
n14184,n14184,1,671,1,1,14
n14185,n14185,1,671,1,1,15
n14186,n14186,1,671,1,1,16
n14187,n14187,1,671,1,1,17
n14188,n14188,1,671,1,1,18
n14189,n14189,1,671,1,1,19
n14190,n14190,1,671,1,1,20
n14191,n14191,1,671,1,1,21
n14192,n14192,1,671,1,1,22
n14193,n14193,1,671,1,1,23
n14194,n14194,1,671,1,1,24
n14195,n14195,1,671,5,2,1
n14196,n14196,1,671,5,2,2
n14197,n14197,1,671,5,2,3
n14198,n14198,1,671,5,2,4
n14199,n14199,1,672,1,1,1
n14200,n14200,1,672,1,1,2
n14201,n14201,1,672,1,1,3
n14202,n14202,1,672,1,1,4
n14203,n14203,1,672,1,1,5
n14204,n14204,1,672,1,1,6
n14205,n14205,1,672,1,1,7
n14206,n14206,1,672,1,1,8
n14207,n14207,1,672,1,1,9
n14208,n14208,1,672,1,1,10
n14209,n14209,1,672,1,1,11
n14210,n14210,1,672,1,1,12
n14211,n14211,1,672,1,1,13
n14212,n14212,1,672,1,1,14
n14213,n14213,1,672,1,1,15
n14214,n14214,1,672,1,1,16
n14215,n14215,1,672,1,1,17
n14216,n14216,1,672,1,1,18
n14217,n14217,1,672,1,1,19
n14218,n14218,1,672,1,1,20
n14219,n14219,1,672,1,1,21
n14220,n14220,1,672,1,1,22
n14221,n14221,1,672,1,1,23
n14222,n14222,1,672,1,1,24
n14223,n14223,1,672,5,2,1
n14224,n14224,1,672,5,2,2
n14225,n14225,1,672,5,2,3
n14226,n14226,1,672,5,2,4
n14227,n14227,1,672,5,2,5
n14228,n14228,1,672,5,2,6
n14229,n14229,1,672,5,2,7
n14230,n14230,1,672,5,2,8
n14231,n14231,1,672,5,2,9
n14232,n14232,1,672,5,2,10
n14233,n14233,1,672,5,2,11
n14234,n14234,1,672,5,2,12
n14235,n14235,1,673,1,1,1
n14236,n14236,1,673,1,1,2
n14237,n14237,1,673,1,1,3
n14238,n14238,1,673,1,1,4
n14239,n14239,1,673,1,1,5
n14240,n14240,1,673,1,1,6
n14241,n14241,1,673,1,1,7
n14242,n14242,1,673,1,1,8
n14243,n14243,1,673,1,1,9
n14244,n14244,1,673,1,1,10
n14245,n14245,1,673,1,1,11
n14246,n14246,1,673,1,1,12
n14247,n14247,1,673,1,1,13
n14248,n14248,1,673,1,1,14
n14249,n14249,1,673,1,1,15
n14250,n14250,1,673,1,1,16
n14251,n14251,1,673,1,1,17
n14252,n14252,1,673,1,1,18
n14253,n14253,1,673,1,1,19
n14254,n14254,1,673,1,1,20
n14255,n14255,1,673,1,1,21
n14256,n14256,1,673,1,1,22
n14257,n14257,1,673,1,1,23
n14258,n14258,1,673,1,1,24
n14259,n14259,1,673,5,2,1
n14260,n14260,1,673,5,2,2
n14261,n14261,1,673,5,2,3
n14262,n14262,1,673,5,2,4
n14263,n14263,1,673,5,2,5
n14264,n14264,1,673,5,2,6
n14265,n14265,1,673,5,2,7
n14266,n14266,1,673,5,2,8
n14267,n14267,1,673,5,2,9
n14268,n14268,1,673,5,2,10
n14269,n14269,1,673,5,2,11
n14270,n14270,1,673,5,2,12
n14271,n14271,1,674,1,1,1
n14272,n14272,1,674,1,1,2
n14273,n14273,1,674,1,1,3
n14274,n14274,1,674,1,1,4
n14275,n14275,1,674,1,1,5
n14276,n14276,1,674,1,1,6
n14277,n14277,1,674,1,1,7
n14278,n14278,1,674,1,1,8
n14279,n14279,1,674,1,1,9
n14280,n14280,1,674,1,1,10
n14281,n14281,1,674,1,1,11
n14282,n14282,1,674,1,1,12
n14283,n14283,1,674,1,1,13
n14284,n14284,1,674,1,1,14
n14285,n14285,1,674,1,1,15
n14286,n14286,1,674,1,1,16
n14287,n14287,1,674,1,1,17
n14288,n14288,1,674,1,1,18
n14289,n14289,1,674,1,1,19
n14290,n14290,1,674,1,1,20
n14291,n14291,1,674,1,1,21
n14292,n14292,1,674,1,1,22
n14293,n14293,1,674,1,1,23
n14294,n14294,1,674,5,2,1
n14295,n14295,1,674,5,2,2
n14296,n14296,1,674,5,2,3
n14297,n14297,1,674,5,2,4
n14298,n14298,1,674,5,2,5
n14299,n14299,1,674,5,2,6
n14300,n14300,1,674,5,2,7
n14301,n14301,1,674,5,2,8
n14302,n14302,1,674,5,2,9
n14303,n14303,1,674,5,2,10
n14304,n14304,1,674,5,2,11
n14305,n14305,1,674,5,2,12
n14306,n14306,1,675,1,1,1
n14307,n14307,1,675,1,1,2
n14308,n14308,1,675,1,1,3
n14309,n14309,1,675,1,1,4
n14310,n14310,1,675,1,1,5
n14311,n14311,1,675,1,1,6
n14312,n14312,1,675,1,1,7
n14313,n14313,1,675,1,1,8
n14314,n14314,1,675,1,1,9
n14315,n14315,1,675,1,1,10
n14316,n14316,1,675,1,1,11
n14317,n14317,1,675,1,1,12
n14318,n14318,1,675,1,1,13
n14319,n14319,1,675,1,1,14
n14320,n14320,1,675,1,1,15
n14321,n14321,1,675,1,1,16
n14322,n14322,1,675,1,1,17
n14323,n14323,1,675,1,1,18
n14324,n14324,1,675,1,1,19
n14325,n14325,1,675,1,1,20
n14326,n14326,1,675,1,1,21
n14327,n14327,1,675,1,1,22
n14328,n14328,1,675,1,1,23
n14329,n14329,1,675,1,1,24
n14330,n14330,1,675,5,2,1
n14331,n14331,1,675,5,2,2
n14332,n14332,1,675,5,2,3
n14333,n14333,1,675,5,2,4
n14334,n14334,1,675,5,2,5
n14335,n14335,1,675,5,2,6
n14336,n14336,1,675,5,2,7
n14337,n14337,1,675,5,2,8
n14338,n14338,1,675,5,2,9
n14339,n14339,1,675,5,2,10
n14340,n14340,1,675,5,2,11
n14341,n14341,1,675,5,2,12
n14342,n14342,1,676,1,1,1
n14343,n14343,1,676,1,1,2
n14344,n14344,1,676,1,1,3
n14345,n14345,1,676,1,1,4
n14346,n14346,1,676,1,1,5
n14347,n14347,1,676,1,1,6
n14348,n14348,1,676,1,1,7
n14349,n14349,1,676,1,1,8
n14350,n14350,1,676,1,1,9
n14351,n14351,1,676,1,1,10
n14352,n14352,1,676,1,1,11
n14353,n14353,1,676,1,1,12
n14354,n14354,1,676,1,1,13
n14355,n14355,1,676,1,1,14
n14356,n14356,1,676,1,1,15
n14357,n14357,1,676,1,1,16
n14358,n14358,1,676,1,1,17
n14359,n14359,1,676,1,1,18
n14360,n14360,1,676,1,1,19
n14361,n14361,1,676,1,1,20
n14362,n14362,1,676,5,2,1
n14363,n14363,1,676,5,2,2
n14364,n14364,1,676,5,2,3
n14365,n14365,1,676,5,2,4
n14366,n14366,1,676,5,2,5
n14367,n14367,1,676,5,2,6
n14368,n14368,1,676,5,2,7
n14369,n14369,1,676,5,2,8
n14370,n14370,1,676,5,2,9
n14371,n14371,1,676,5,2,10
n14372,n14372,1,676,5,2,11
n14373,n14373,1,676,5,2,12
n14374,n14374,1,676,5,2,13
n14375,n14375,1,676,5,2,14
n14376,n14376,1,676,5,2,15
n14377,n14377,1,676,5,2,16
n14378,n14378,1,677,1,1,1
n14379,n14379,1,677,1,1,2
n14380,n14380,1,677,1,1,3
n14381,n14381,1,677,1,1,4
n14382,n14382,1,677,1,1,5
n14383,n14383,1,677,1,1,6
n14384,n14384,1,677,1,1,7
n14385,n14385,1,677,1,1,8
n14386,n14386,1,677,1,1,9
n14387,n14387,1,677,1,1,10
n14388,n14388,1,677,1,1,11
n14389,n14389,1,677,1,1,12
n14390,n14390,1,677,1,1,13
n14391,n14391,1,677,1,1,14
n14392,n14392,1,677,1,1,15
n14393,n14393,1,677,1,1,16
n14394,n14394,1,677,1,1,17
n14395,n14395,1,677,1,1,18
n14396,n14396,1,677,1,1,19
n14397,n14397,1,677,1,1,20
n14398,n14398,1,677,1,1,21
n14399,n14399,1,677,1,1,22
n14400,n14400,1,677,1,1,23
n14401,n14401,1,677,1,1,24
n14402,n14402,1,677,5,2,1
n14403,n14403,1,677,5,2,2
n14404,n14404,1,677,5,2,3
n14405,n14405,1,677,5,2,4
n14406,n14406,1,677,5,2,5
n14407,n14407,1,677,5,2,6
n14408,n14408,1,677,5,2,7
n14409,n14409,1,677,5,2,8
n14410,n14410,1,677,5,2,9
n14411,n14411,1,677,5,2,10
n14412,n14412,1,677,5,2,11
n14413,n14413,1,677,5,2,12
n14414,n14414,1,677,5,2,13
n14415,n14415,1,677,5,2,14
n14416,n14416,1,677,5,2,15
n14417,n14417,1,677,5,2,16
n14418,n14418,1,678,1,1,1
n14419,n14419,1,678,1,1,2
n14420,n14420,1,678,1,1,3
n14421,n14421,1,678,1,1,4
n14422,n14422,1,678,1,1,5
n14423,n14423,1,678,1,1,6
n14424,n14424,1,678,1,1,7
n14425,n14425,1,678,1,1,8
n14426,n14426,1,678,1,1,9
n14427,n14427,1,678,1,1,10
n14428,n14428,1,678,1,1,11
n14429,n14429,1,678,1,1,12
n14430,n14430,1,678,1,1,13
n14431,n14431,1,678,1,1,14
n14432,n14432,1,678,1,1,15
n14433,n14433,1,678,1,1,16
n14434,n14434,1,678,1,1,17
n14435,n14435,1,678,1,1,18
n14436,n14436,1,678,1,1,19
n14437,n14437,1,678,1,1,20
n14438,n14438,1,678,5,2,1
n14439,n14439,1,678,5,2,2
n14440,n14440,1,678,5,2,3
n14441,n14441,1,678,5,2,4
n14442,n14442,1,678,5,2,5
n14443,n14443,1,678,5,2,6
n14444,n14444,1,678,5,2,7
n14445,n14445,1,678,5,2,8
n14446,n14446,1,678,5,2,9
n14447,n14447,1,678,5,2,10
n14448,n14448,1,678,5,2,11
n14449,n14449,1,678,5,2,12
n14450,n14450,1,678,5,2,13
n14451,n14451,1,678,5,2,14
n14452,n14452,1,678,5,2,15
n14453,n14453,1,678,5,2,16
n14454,n14454,1,679,1,1,1
n14455,n14455,1,679,1,1,2
n14456,n14456,1,679,1,1,3
n14457,n14457,1,679,1,1,4
n14458,n14458,1,679,1,1,5
n14459,n14459,1,679,1,1,6
n14460,n14460,1,679,1,1,7
n14461,n14461,1,679,1,1,8
n14462,n14462,1,679,1,1,9
n14463,n14463,1,679,1,1,10
n14464,n14464,1,679,1,1,11
n14465,n14465,1,679,1,1,12
n14466,n14466,1,679,1,1,13
n14467,n14467,1,679,1,1,14
n14468,n14468,1,679,1,1,15
n14469,n14469,1,679,1,1,16
n14470,n14470,1,679,1,1,17
n14471,n14471,1,679,1,1,18
n14472,n14472,1,679,1,1,19
n14473,n14473,1,679,1,1,20
n14474,n14474,1,679,1,1,21
n14475,n14475,1,679,1,1,22
n14476,n14476,1,679,1,1,23
n14477,n14477,1,679,1,1,24
n14478,n14478,1,679,1,1,25
n14479,n14479,1,679,1,1,26
n14480,n14480,1,679,5,2,1
n14481,n14481,1,679,5,2,2
n14482,n14482,1,679,5,2,3
n14483,n14483,1,679,5,2,4
n14484,n14484,1,679,5,2,5
n14485,n14485,1,679,5,2,6
n14486,n14486,1,679,5,2,7
n14487,n14487,1,679,5,2,8
n14488,n14488,1,679,5,2,9
n14489,n14489,1,679,5,2,10
n14490,n14490,1,679,5,2,11
n14491,n14491,1,679,5,2,12
n14492,n14492,1,679,5,2,13
n14493,n14493,1,679,5,2,14
n14494,n14494,1,679,5,2,15
n14495,n14495,1,679,5,2,16
n14496,n14496,1,680,1,1,1
n14497,n14497,1,680,1,1,2
n14498,n14498,1,680,1,1,3
n14499,n14499,1,680,1,1,4
n14500,n14500,1,680,1,1,5
n14501,n14501,1,680,1,1,6
n14502,n14502,1,680,1,1,7
n14503,n14503,1,680,1,1,8
n14504,n14504,1,680,1,1,9
n14505,n14505,1,680,1,1,10
n14506,n14506,1,680,1,1,11
n14507,n14507,1,680,1,1,12
n14508,n14508,1,680,1,1,13
n14509,n14509,1,680,1,1,14
n14510,n14510,1,680,1,1,15
n14511,n14511,1,680,1,1,16
n14512,n14512,1,680,1,1,17
n14513,n14513,1,680,1,1,18
n14514,n14514,1,680,1,1,19
n14515,n14515,1,680,1,1,20
n14516,n14516,1,680,5,2,1
n14517,n14517,1,680,5,2,2
n14518,n14518,1,680,5,2,3
n14519,n14519,1,680,5,2,4
n14520,n14520,1,680,5,2,5
n14521,n14521,1,680,5,2,6
n14522,n14522,1,680,5,2,7
n14523,n14523,1,680,5,2,8
n14524,n14524,1,680,5,2,9
n14525,n14525,1,680,5,2,10
n14526,n14526,1,680,5,2,11
n14527,n14527,1,680,5,2,12
n14528,n14528,1,680,5,2,13
n14529,n14529,1,680,5,2,14
n14530,n14530,1,680,5,2,15
n14531,n14531,1,680,5,2,16
n14532,n14532,1,681,1,1,1
n14533,n14533,1,681,1,1,2
n14534,n14534,1,681,1,1,3
n14535,n14535,1,681,1,1,4
n14536,n14536,1,681,1,1,5
n14537,n14537,1,681,1,1,6
n14538,n14538,1,681,1,1,7
n14539,n14539,1,681,1,1,8
n14540,n14540,1,681,1,1,9
n14541,n14541,1,681,1,1,10
n14542,n14542,1,681,1,1,11
n14543,n14543,1,681,1,1,12
n14544,n14544,1,681,1,1,13
n14545,n14545,1,681,1,1,14
n14546,n14546,1,681,1,1,15
n14547,n14547,1,681,1,1,16
n14548,n14548,1,681,1,1,17
n14549,n14549,1,681,1,1,18
n14550,n14550,1,681,1,1,19
n14551,n14551,1,681,1,1,20
n14552,n14552,1,681,1,1,21
n14553,n14553,1,681,1,1,22
n14554,n14554,1,681,1,1,23
n14555,n14555,1,681,1,1,24
n14556,n14556,1,681,1,1,25
n14557,n14557,1,681,1,1,26
n14558,n14558,1,681,5,2,1
n14559,n14559,1,681,5,2,2
n14560,n14560,1,681,5,2,3
n14561,n14561,1,681,5,2,4
n14562,n14562,1,681,5,2,5
n14563,n14563,1,681,5,2,6
n14564,n14564,1,681,5,2,7
n14565,n14565,1,681,5,2,8
n14566,n14566,1,681,5,2,9
n14567,n14567,1,681,5,2,10
n14568,n14568,1,681,5,2,11
n14569,n14569,1,681,5,2,12
n14570,n14570,1,681,5,2,13
n14571,n14571,1,681,5,2,14
n14572,n14572,1,681,5,2,15
n14573,n14573,1,681,5,2,16
n14574,n14574,1,682,1,1,1
n14575,n14575,1,682,1,1,2
n14576,n14576,1,682,1,1,3
n14577,n14577,1,682,1,1,4
n14578,n14578,1,682,1,1,5
n14579,n14579,1,682,1,1,6
n14580,n14580,1,682,1,1,7
n14581,n14581,1,682,1,1,8
n14582,n14582,1,682,1,1,9
n14583,n14583,1,682,1,1,10
n14584,n14584,1,682,1,1,11
n14585,n14585,1,682,1,1,12
n14586,n14586,1,682,1,1,13
n14587,n14587,1,682,1,1,14
n14588,n14588,1,682,1,1,15
n14589,n14589,1,682,1,1,16
n14590,n14590,1,682,1,1,17
n14591,n14591,1,682,1,1,18
n14592,n14592,1,682,1,1,19
n14593,n14593,1,682,1,1,20
n14594,n14594,1,682,5,2,1
n14595,n14595,1,682,5,2,2
n14596,n14596,1,682,5,2,3
n14597,n14597,1,682,5,2,4
n14598,n14598,1,682,5,2,5
n14599,n14599,1,682,5,2,6
n14600,n14600,1,682,5,2,7
n14601,n14601,1,682,5,2,8
n14602,n14602,1,682,5,2,9
n14603,n14603,1,682,5,2,10
n14604,n14604,1,682,5,2,11
n14605,n14605,1,682,5,2,12
n14606,n14606,1,682,5,2,13
n14607,n14607,1,682,5,2,14
n14608,n14608,1,682,5,2,15
n14609,n14609,1,682,5,2,16
n14610,n14610,1,683,1,1,1
n14611,n14611,1,683,1,1,2
n14612,n14612,1,683,1,1,3
n14613,n14613,1,683,1,1,4
n14614,n14614,1,683,1,1,5
n14615,n14615,1,683,1,1,6
n14616,n14616,1,683,1,1,7
n14617,n14617,1,683,1,1,8
n14618,n14618,1,683,1,1,9
n14619,n14619,1,683,1,1,10
n14620,n14620,1,683,1,1,11
n14621,n14621,1,683,1,1,12
n14622,n14622,1,683,1,1,13
n14623,n14623,1,683,1,1,14
n14624,n14624,1,683,1,1,15
n14625,n14625,1,683,1,1,16
n14626,n14626,1,683,1,1,17
n14627,n14627,1,683,1,1,18
n14628,n14628,1,683,1,1,19
n14629,n14629,1,683,1,1,20
n14630,n14630,1,683,1,1,21
n14631,n14631,1,683,1,1,22
n14632,n14632,1,683,1,1,23
n14633,n14633,1,683,1,1,24
n14634,n14634,1,683,1,1,25
n14635,n14635,1,683,1,1,26
n14636,n14636,1,683,5,2,1
n14637,n14637,1,683,5,2,2
n14638,n14638,1,683,5,2,3
n14639,n14639,1,683,5,2,4
n14640,n14640,1,683,5,2,5
n14641,n14641,1,683,5,2,6
n14642,n14642,1,683,5,2,7
n14643,n14643,1,683,5,2,8
n14644,n14644,1,683,5,2,9
n14645,n14645,1,683,5,2,10
n14646,n14646,1,683,5,2,11
n14647,n14647,1,683,5,2,12
n14648,n14648,1,683,5,2,13
n14649,n14649,1,683,5,2,14
n14650,n14650,1,683,5,2,15
n14651,n14651,1,683,5,2,16
n14652,n14652,1,684,1,1,1
n14653,n14653,1,684,1,1,2
n14654,n14654,1,684,1,1,3
n14655,n14655,1,684,1,1,4
n14656,n14656,1,684,1,1,5
n14657,n14657,1,684,1,1,6
n14658,n14658,1,684,1,1,7
n14659,n14659,1,684,1,1,8
n14660,n14660,1,684,1,1,9
n14661,n14661,1,684,1,1,10
n14662,n14662,1,684,1,1,11
n14663,n14663,1,684,1,1,12
n14664,n14664,1,684,1,1,13
n14665,n14665,1,684,1,1,14
n14666,n14666,1,684,1,1,15
n14667,n14667,1,684,1,1,16
n14668,n14668,1,684,1,1,17
n14669,n14669,1,684,1,1,18
n14670,n14670,1,684,1,1,19
n14671,n14671,1,684,1,1,20
n14672,n14672,1,684,1,1,21
n14673,n14673,1,684,1,1,22
n14674,n14674,1,684,1,1,23
n14675,n14675,1,684,1,1,24
n14676,n14676,1,684,5,2,1
n14677,n14677,1,684,5,2,2
n14678,n14678,1,684,5,2,3
n14679,n14679,1,684,5,2,4
n14680,n14680,1,684,5,2,5
n14681,n14681,1,684,5,2,6
n14682,n14682,1,684,5,2,7
n14683,n14683,1,684,5,2,8
n14684,n14684,1,684,5,2,9
n14685,n14685,1,684,5,2,10
n14686,n14686,1,684,5,2,11
n14687,n14687,1,684,5,2,12
n14688,n14688,1,684,5,2,13
n14689,n14689,1,684,5,2,14
n14690,n14690,1,684,5,2,15
n14691,n14691,1,684,5,2,16
n14692,n14692,1,685,1,1,1
n14693,n14693,1,685,1,1,2
n14694,n14694,1,685,1,1,3
n14695,n14695,1,685,1,1,4
n14696,n14696,1,685,1,1,5
n14697,n14697,1,685,1,1,6
n14698,n14698,1,685,1,1,7
n14699,n14699,1,685,1,1,8
n14700,n14700,1,685,1,1,9
n14701,n14701,1,685,1,1,10
n14702,n14702,1,685,1,1,11
n14703,n14703,1,685,1,1,12
n14704,n14704,1,685,1,1,13
n14705,n14705,1,685,1,1,14
n14706,n14706,1,685,1,1,15
n14707,n14707,1,685,1,1,16
n14708,n14708,1,685,1,1,17
n14709,n14709,1,685,1,1,18
n14710,n14710,1,685,1,1,19
n14711,n14711,1,685,1,1,20
n14712,n14712,1,685,1,1,21
n14713,n14713,1,685,1,1,22
n14714,n14714,1,685,1,1,23
n14715,n14715,1,685,1,1,24
n14716,n14716,1,685,1,1,25
n14717,n14717,1,685,1,1,26
n14718,n14718,1,685,1,1,27
n14719,n14719,1,685,1,1,28
n14720,n14720,1,685,1,1,29
n14721,n14721,1,685,1,1,30
n14722,n14722,1,685,5,2,1
n14723,n14723,1,685,5,2,2
n14724,n14724,1,685,5,2,3
n14725,n14725,1,685,5,2,4
n14726,n14726,1,685,5,2,5
n14727,n14727,1,685,5,2,6
n14728,n14728,1,685,5,2,7
n14729,n14729,1,685,5,2,8
n14730,n14730,1,685,5,2,9
n14731,n14731,1,685,5,2,10
n14732,n14732,1,685,5,2,11
n14733,n14733,1,685,5,2,12
n14734,n14734,1,685,5,2,13
n14735,n14735,1,685,5,2,14
n14736,n14736,1,685,5,2,15
n14737,n14737,1,685,5,2,16
n14738,n14738,1,685,5,2,17
n14739,n14739,1,685,5,2,18
n14740,n14740,1,685,5,2,19
n14741,n14741,1,685,5,2,20
n14742,n14742,1,685,5,2,21
n14743,n14743,1,685,5,2,22
n14744,n14744,1,685,5,2,23
n14745,n14745,1,685,5,2,24
n14746,n14746,1,685,5,2,25
n14747,n14747,1,685,5,2,26
n14748,n14748,1,685,5,2,27
n14749,n14749,1,685,5,2,28
n14750,n14750,1,686,1,1,1
n14751,n14751,1,686,1,1,2
n14752,n14752,1,686,1,1,3
n14753,n14753,1,686,1,1,4
n14754,n14754,1,686,1,1,5
n14755,n14755,1,686,1,1,6
n14756,n14756,1,686,1,1,7
n14757,n14757,1,686,1,1,8
n14758,n14758,1,686,1,1,9
n14759,n14759,1,686,1,1,10
n14760,n14760,1,686,1,1,11
n14761,n14761,1,686,1,1,12
n14762,n14762,1,686,1,1,13
n14763,n14763,1,686,1,1,14
n14764,n14764,1,686,1,1,15
n14765,n14765,1,686,1,1,16
n14766,n14766,1,686,1,1,17
n14767,n14767,1,686,1,1,18
n14768,n14768,1,686,1,1,19
n14769,n14769,1,686,1,1,20
n14770,n14770,1,686,1,1,21
n14771,n14771,1,686,1,1,22
n14772,n14772,1,686,1,1,23
n14773,n14773,1,686,1,1,24
n14774,n14774,1,686,1,1,25
n14775,n14775,1,686,1,1,26
n14776,n14776,1,686,1,1,27
n14777,n14777,1,686,1,1,28
n14778,n14778,1,686,1,1,29
n14779,n14779,1,686,1,1,30
n14780,n14780,1,686,1,1,31
n14781,n14781,1,686,1,1,32
n14782,n14782,1,686,5,2,1
n14783,n14783,1,686,5,2,2
n14784,n14784,1,686,5,2,3
n14785,n14785,1,686,5,2,4
n14786,n14786,1,686,5,2,5
n14787,n14787,1,686,5,2,6
n14788,n14788,1,686,5,2,7
n14789,n14789,1,686,5,2,8
n14790,n14790,1,686,5,2,9
n14791,n14791,1,686,5,2,10
n14792,n14792,1,686,5,2,11
n14793,n14793,1,686,5,2,12
n14794,n14794,1,686,5,2,13
n14795,n14795,1,686,5,2,14
n14796,n14796,1,686,5,2,15
n14797,n14797,1,686,5,2,16
n14798,n14798,1,686,5,2,17
n14799,n14799,1,686,5,2,18
n14800,n14800,1,686,5,2,19
n14801,n14801,1,686,5,2,20
n14802,n14802,1,686,5,2,21
n14803,n14803,1,686,5,2,22
n14804,n14804,1,686,5,2,23
n14805,n14805,1,686,5,2,24
n14806,n14806,1,686,5,2,25
n14807,n14807,1,686,5,2,26
n14808,n14808,1,686,5,2,27
n14809,n14809,1,686,5,2,28
n14810,n14810,1,686,5,2,29
n14811,n14811,1,686,5,2,30
n14812,n14812,1,686,5,2,31
n14813,n14813,1,686,5,2,32
n14814,n14814,1,687,1,1,1
n14815,n14815,1,687,1,1,2
n14816,n14816,1,687,1,1,3
n14817,n14817,1,687,1,1,4
n14818,n14818,1,687,1,1,5
n14819,n14819,1,687,1,1,6
n14820,n14820,1,687,1,1,7
n14821,n14821,1,687,1,1,8
n14822,n14822,1,687,1,1,9
n14823,n14823,1,687,1,1,10
n14824,n14824,1,687,1,1,11
n14825,n14825,1,687,1,1,12
n14826,n14826,1,687,1,1,13
n14827,n14827,1,687,1,1,14
n14828,n14828,1,687,1,1,15
n14829,n14829,1,687,1,1,16
n14830,n14830,1,687,5,2,1
n14831,n14831,1,687,5,2,2
n14832,n14832,1,687,5,2,3
n14833,n14833,1,687,5,2,4
n14834,n14834,1,687,5,2,5
n14835,n14835,1,687,5,2,6
n14836,n14836,1,687,5,2,7
n14837,n14837,1,687,5,2,8
n14838,n14838,1,687,5,2,9
n14839,n14839,1,687,5,2,10
n14840,n14840,1,687,5,2,11
n14841,n14841,1,687,5,2,12
n14842,n14842,1,688,1,1,1
n14843,n14843,1,688,1,1,2
n14844,n14844,1,688,1,1,3
n14845,n14845,1,688,1,1,4
n14846,n14846,1,688,1,1,5
n14847,n14847,1,688,1,1,6
n14848,n14848,1,688,1,1,7
n14849,n14849,1,688,1,1,8
n14850,n14850,1,688,1,1,9
n14851,n14851,1,688,1,1,10
n14852,n14852,1,688,1,1,11
n14853,n14853,1,688,1,1,12
n14854,n14854,1,688,1,1,13
n14855,n14855,1,688,1,1,14
n14856,n14856,1,688,1,1,15
n14857,n14857,1,688,1,1,16
n14858,n14858,1,688,5,2,1
n14859,n14859,1,688,5,2,2
n14860,n14860,1,688,5,2,3
n14861,n14861,1,688,5,2,4
n14862,n14862,1,688,5,2,5
n14863,n14863,1,688,5,2,6
n14864,n14864,1,688,5,2,7
n14865,n14865,1,688,5,2,8
n14866,n14866,1,688,5,2,9
n14867,n14867,1,688,5,2,10
n14868,n14868,1,688,5,2,11
n14869,n14869,1,688,5,2,12
n14870,n14870,1,689,1,1,1
n14871,n14871,1,689,1,1,2
n14872,n14872,1,689,1,1,3
n14873,n14873,1,689,1,1,4
n14874,n14874,1,689,1,1,5
n14875,n14875,1,689,1,1,6
n14876,n14876,1,689,1,1,7
n14877,n14877,1,689,1,1,8
n14878,n14878,1,689,1,1,9
n14879,n14879,1,689,1,1,10
n14880,n14880,1,689,1,1,11
n14881,n14881,1,689,1,1,12
n14882,n14882,1,689,1,1,13
n14883,n14883,1,689,1,1,14
n14884,n14884,1,689,1,1,15
n14885,n14885,1,689,1,1,16
n14886,n14886,1,689,5,2,1
n14887,n14887,1,689,5,2,2
n14888,n14888,1,689,5,2,3
n14889,n14889,1,689,5,2,4
n14890,n14890,1,689,5,2,5
n14891,n14891,1,689,5,2,6
n14892,n14892,1,689,5,2,7
n14893,n14893,1,689,5,2,8
n14894,n14894,1,689,5,2,9
n14895,n14895,1,689,5,2,10
n14896,n14896,1,689,5,2,11
n14897,n14897,1,689,5,2,12
n14898,n14898,1,690,1,1,1
n14899,n14899,1,690,1,1,2
n14900,n14900,1,690,1,1,3
n14901,n14901,1,690,1,1,4
n14902,n14902,1,690,1,1,5
n14903,n14903,1,690,1,1,6
n14904,n14904,1,690,1,1,7
n14905,n14905,1,690,1,1,8
n14906,n14906,1,690,1,1,9
n14907,n14907,1,690,1,1,10
n14908,n14908,1,690,1,1,11
n14909,n14909,1,690,1,1,12
n14910,n14910,1,690,1,1,13
n14911,n14911,1,690,1,1,14
n14912,n14912,1,690,1,1,15
n14913,n14913,1,690,1,1,16
n14914,n14914,1,690,1,1,17
n14915,n14915,1,690,1,1,18
n14916,n14916,1,690,1,1,19
n14917,n14917,1,690,1,1,20
n14918,n14918,1,690,1,1,21
n14919,n14919,1,690,1,1,22
n14920,n14920,1,690,1,1,23
n14921,n14921,1,690,1,1,24
n14922,n14922,1,690,5,2,1
n14923,n14923,1,690,5,2,2
n14924,n14924,1,690,5,2,3
n14925,n14925,1,690,5,2,4
n14926,n14926,1,690,5,2,5
n14927,n14927,1,690,5,2,6
n14928,n14928,1,690,5,2,7
n14929,n14929,1,690,5,2,8
n14930,n14930,1,690,5,2,9
n14931,n14931,1,690,5,2,10
n14932,n14932,1,690,5,2,11
n14933,n14933,1,690,5,2,12
n14934,n14934,1,690,5,2,13
n14935,n14935,1,690,5,2,14
n14936,n14936,1,690,5,2,15
n14937,n14937,1,690,5,2,16
n14938,n14938,1,691,1,1,1
n14939,n14939,1,691,1,1,2
n14940,n14940,1,691,1,1,3
n14941,n14941,1,691,1,1,4
n14942,n14942,1,691,1,1,5
n14943,n14943,1,691,1,1,6
n14944,n14944,1,691,1,1,7
n14945,n14945,1,691,1,1,8
n14946,n14946,1,691,1,1,9
n14947,n14947,1,691,1,1,10
n14948,n14948,1,691,1,1,11
n14949,n14949,1,691,1,1,12
n14950,n14950,1,691,1,1,13
n14951,n14951,1,691,1,1,14
n14952,n14952,1,691,1,1,15
n14953,n14953,1,691,1,1,16
n14954,n14954,1,691,1,1,17
n14955,n14955,1,691,1,1,18
n14956,n14956,1,691,1,1,19
n14957,n14957,1,691,1,1,20
n14958,n14958,1,691,1,1,21
n14959,n14959,1,691,1,1,22
n14960,n14960,1,691,1,1,23
n14961,n14961,1,691,1,1,24
n14962,n14962,1,691,5,2,1
n14963,n14963,1,691,5,2,2
n14964,n14964,1,691,5,2,3
n14965,n14965,1,691,5,2,4
n14966,n14966,1,691,5,2,5
n14967,n14967,1,691,5,2,6
n14968,n14968,1,691,5,2,7
n14969,n14969,1,691,5,2,8
n14970,n14970,1,691,5,2,9
n14971,n14971,1,691,5,2,10
n14972,n14972,1,691,5,2,11
n14973,n14973,1,691,5,2,12
n14974,n14974,1,691,5,2,13
n14975,n14975,1,691,5,2,14
n14976,n14976,1,691,5,2,15
n14977,n14977,1,691,5,2,16
n14978,n14978,1,692,1,1,1
n14979,n14979,1,692,1,1,2
n14980,n14980,1,692,1,1,3
n14981,n14981,1,692,1,1,4
n14982,n14982,1,692,1,1,5
n14983,n14983,1,692,1,1,6
n14984,n14984,1,692,1,1,7
n14985,n14985,1,692,1,1,8
n14986,n14986,1,692,1,1,9
n14987,n14987,1,692,1,1,10
n14988,n14988,1,692,1,1,11
n14989,n14989,1,692,1,1,12
n14990,n14990,1,692,1,1,13
n14991,n14991,1,692,1,1,14
n14992,n14992,1,692,1,1,15
n14993,n14993,1,692,1,1,16
n14994,n14994,1,692,1,1,17
n14995,n14995,1,692,1,1,18
n14996,n14996,1,692,1,1,19
n14997,n14997,1,692,1,1,20
n14998,n14998,1,692,1,1,21
n14999,n14999,1,692,1,1,22
n15000,n15000,1,692,1,1,23
n15001,n15001,1,692,1,1,24
n15002,n15002,1,692,1,1,25
n15003,n15003,1,692,1,1,26
n15004,n15004,1,692,1,1,27
n15005,n15005,1,692,1,1,28
n15006,n15006,1,692,1,1,29
n15007,n15007,1,692,1,1,30
n15008,n15008,1,692,5,2,1
n15009,n15009,1,692,5,2,2
n15010,n15010,1,692,5,2,3
n15011,n15011,1,692,5,2,4
n15012,n15012,1,692,5,2,5
n15013,n15013,1,692,5,2,6
n15014,n15014,1,692,5,2,7
n15015,n15015,1,692,5,2,8
n15016,n15016,1,692,5,2,9
n15017,n15017,1,692,5,2,10
n15018,n15018,1,692,5,2,11
n15019,n15019,1,692,5,2,12
n15020,n15020,1,692,5,2,13
n15021,n15021,1,692,5,2,14
n15022,n15022,1,692,5,2,15
n15023,n15023,1,692,5,2,16
n15024,n15024,1,692,5,2,17
n15025,n15025,1,692,5,2,18
n15026,n15026,1,692,5,2,19
n15027,n15027,1,692,5,2,20
n15028,n15028,1,692,5,2,21
n15029,n15029,1,692,5,2,22
n15030,n15030,1,692,5,2,23
n15031,n15031,1,692,5,2,24
n15032,n15032,1,692,5,2,25
n15033,n15033,1,692,5,2,26
n15034,n15034,1,692,5,2,27
n15035,n15035,1,692,5,2,28
n15036,n15036,1,692,5,2,29
n15037,n15037,1,692,5,2,30
n15038,n15038,1,692,5,2,31
n15039,n15039,1,692,5,2,32
n15040,n15040,1,693,1,1,1
n15041,n15041,1,693,1,1,2
n15042,n15042,1,693,1,1,3
n15043,n15043,1,693,1,1,4
n15044,n15044,1,693,1,1,5
n15045,n15045,1,693,1,1,6
n15046,n15046,1,693,1,1,7
n15047,n15047,1,693,1,1,8
n15048,n15048,1,693,1,1,9
n15049,n15049,1,693,1,1,10
n15050,n15050,1,693,1,1,11
n15051,n15051,1,693,1,1,12
n15052,n15052,1,693,1,1,13
n15053,n15053,1,693,1,1,14
n15054,n15054,1,693,1,1,15
n15055,n15055,1,693,1,1,16
n15056,n15056,1,693,5,2,1
n15057,n15057,1,693,5,2,2
n15058,n15058,1,693,5,2,3
n15059,n15059,1,693,5,2,4
n15060,n15060,1,693,5,2,5
n15061,n15061,1,693,5,2,6
n15062,n15062,1,693,5,2,7
n15063,n15063,1,693,5,2,8
n15064,n15064,1,693,5,2,9
n15065,n15065,1,693,5,2,10
n15066,n15066,1,694,1,1,1
n15067,n15067,1,694,1,1,2
n15068,n15068,1,694,1,1,3
n15069,n15069,1,694,1,1,4
n15070,n15070,1,694,1,1,5
n15071,n15071,1,694,1,1,6
n15072,n15072,1,694,1,1,7
n15073,n15073,1,694,1,1,8
n15074,n15074,1,694,1,1,9
n15075,n15075,1,694,1,1,10
n15076,n15076,1,694,1,1,11
n15077,n15077,1,694,1,1,12
n15078,n15078,1,694,1,1,13
n15079,n15079,1,694,1,1,14
n15080,n15080,1,694,1,1,15
n15081,n15081,1,694,1,1,16
n15082,n15082,1,694,5,2,1
n15083,n15083,1,694,5,2,2
n15084,n15084,1,694,5,2,3
n15085,n15085,1,694,5,2,4
n15086,n15086,1,694,5,2,5
n15087,n15087,1,694,5,2,6
n15088,n15088,1,694,5,2,7
n15089,n15089,1,694,5,2,8
n15090,n15090,1,694,5,2,9
n15091,n15091,1,695,1,1,1
n15092,n15092,1,695,1,1,2
n15093,n15093,1,695,1,1,3
n15094,n15094,1,695,1,1,4
n15095,n15095,1,695,1,1,5
n15096,n15096,1,695,1,1,6
n15097,n15097,1,695,1,1,7
n15098,n15098,1,695,1,1,8
n15099,n15099,1,695,1,1,9
n15100,n15100,1,695,1,1,10
n15101,n15101,1,695,1,1,11
n15102,n15102,1,695,1,1,12
n15103,n15103,1,695,1,1,13
n15104,n15104,1,695,1,1,14
n15105,n15105,1,695,1,1,15
n15106,n15106,1,695,1,1,16
n15107,n15107,1,695,5,2,1
n15108,n15108,1,695,5,2,2
n15109,n15109,1,695,5,2,3
n15110,n15110,1,695,5,2,4
n15111,n15111,1,695,5,2,5
n15112,n15112,1,695,5,2,6
n15113,n15113,1,695,5,2,7
n15114,n15114,1,695,5,2,8
n15115,n15115,1,695,5,2,9
n15116,n15116,1,696,1,1,1
n15117,n15117,1,696,1,1,2
n15118,n15118,1,696,1,1,3
n15119,n15119,1,696,1,1,4
n15120,n15120,1,696,1,1,5
n15121,n15121,1,696,1,1,6
n15122,n15122,1,696,1,1,7
n15123,n15123,1,696,1,1,8
n15124,n15124,1,696,1,1,9
n15125,n15125,1,696,1,1,10
n15126,n15126,1,696,1,1,11
n15127,n15127,1,696,1,1,12
n15128,n15128,1,696,1,1,13
n15129,n15129,1,696,1,1,14
n15130,n15130,1,696,1,1,15
n15131,n15131,1,696,1,1,16
n15132,n15132,1,696,1,1,17
n15133,n15133,1,696,1,1,18
n15134,n15134,1,696,1,1,19
n15135,n15135,1,696,1,1,20
n15136,n15136,1,696,1,1,21
n15137,n15137,1,696,1,1,22
n15138,n15138,1,696,1,1,23
n15139,n15139,1,696,1,1,24
n15140,n15140,1,696,5,2,1
n15141,n15141,1,696,5,2,2
n15142,n15142,1,696,5,2,3
n15143,n15143,1,696,5,2,4
n15144,n15144,1,696,5,2,5
n15145,n15145,1,696,5,2,6
n15146,n15146,1,696,5,2,7
n15147,n15147,1,696,5,2,8
n15148,n15148,1,696,5,2,9
n15149,n15149,1,696,5,2,10
n15150,n15150,1,696,5,2,11
n15151,n15151,1,696,5,2,12
n15152,n15152,1,696,5,2,13
n15153,n15153,1,696,5,2,14
n15154,n15154,1,696,5,2,15
n15155,n15155,1,696,5,2,16
n15156,n15156,1,697,1,1,1
n15157,n15157,1,697,1,1,2
n15158,n15158,1,697,1,1,3
n15159,n15159,1,697,1,1,4
n15160,n15160,1,697,1,1,5
n15161,n15161,1,697,1,1,6
n15162,n15162,1,697,1,1,7
n15163,n15163,1,697,1,1,8
n15164,n15164,1,697,1,1,9
n15165,n15165,1,697,1,1,10
n15166,n15166,1,697,1,1,11
n15167,n15167,1,697,1,1,12
n15168,n15168,1,697,1,1,13
n15169,n15169,1,697,1,1,14
n15170,n15170,1,697,1,1,15
n15171,n15171,1,697,1,1,16
n15172,n15172,1,697,1,1,17
n15173,n15173,1,697,1,1,18
n15174,n15174,1,697,1,1,19
n15175,n15175,1,697,1,1,20
n15176,n15176,1,697,1,1,21
n15177,n15177,1,697,1,1,22
n15178,n15178,1,697,1,1,23
n15179,n15179,1,697,1,1,24
n15180,n15180,1,697,5,2,1
n15181,n15181,1,697,5,2,2
n15182,n15182,1,697,5,2,3
n15183,n15183,1,697,5,2,4
n15184,n15184,1,697,5,2,5
n15185,n15185,1,697,5,2,6
n15186,n15186,1,697,5,2,7
n15187,n15187,1,697,5,2,8
n15188,n15188,1,697,5,2,9
n15189,n15189,1,697,5,2,10
n15190,n15190,1,697,5,2,11
n15191,n15191,1,697,5,2,12
n15192,n15192,1,697,5,2,13
n15193,n15193,1,697,5,2,14
n15194,n15194,1,697,5,2,15
n15195,n15195,1,697,5,2,16
n15196,n15196,1,698,1,1,1
n15197,n15197,1,698,1,1,2
n15198,n15198,1,698,1,1,3
n15199,n15199,1,698,1,1,4
n15200,n15200,1,698,1,1,5
n15201,n15201,1,698,1,1,6
n15202,n15202,1,698,1,1,7
n15203,n15203,1,698,1,1,8
n15204,n15204,1,698,1,1,9
n15205,n15205,1,698,1,1,10
n15206,n15206,1,698,1,1,11
n15207,n15207,1,698,1,1,12
n15208,n15208,1,698,1,1,13
n15209,n15209,1,698,1,1,14
n15210,n15210,1,698,1,1,15
n15211,n15211,1,698,1,1,16
n15212,n15212,1,698,1,1,17
n15213,n15213,1,698,1,1,18
n15214,n15214,1,698,1,1,19
n15215,n15215,1,698,1,1,20
n15216,n15216,1,698,1,1,21
n15217,n15217,1,698,1,1,22
n15218,n15218,1,698,1,1,23
n15219,n15219,1,698,1,1,24
n15220,n15220,1,698,5,2,1
n15221,n15221,1,698,5,2,2
n15222,n15222,1,698,5,2,3
n15223,n15223,1,698,5,2,4
n15224,n15224,1,698,5,2,5
n15225,n15225,1,698,5,2,6
n15226,n15226,1,698,5,2,7
n15227,n15227,1,698,5,2,8
n15228,n15228,1,698,5,2,9
n15229,n15229,1,698,5,2,10
n15230,n15230,1,698,5,2,11
n15231,n15231,1,698,5,2,12
n15232,n15232,1,698,5,2,13
n15233,n15233,1,698,5,2,14
n15234,n15234,1,698,5,2,15
n15235,n15235,1,698,5,2,16
n15236,n15236,1,699,1,1,1
n15237,n15237,1,699,1,1,2
n15238,n15238,1,699,1,1,3
n15239,n15239,1,699,1,1,4
n15240,n15240,1,699,1,1,5
n15241,n15241,1,699,1,1,6
n15242,n15242,1,699,1,1,7
n15243,n15243,1,699,1,1,8
n15244,n15244,1,699,1,1,9
n15245,n15245,1,699,1,1,10
n15246,n15246,1,699,1,1,11
n15247,n15247,1,699,1,1,12
n15248,n15248,1,699,1,1,13
n15249,n15249,1,699,1,1,14
n15250,n15250,1,699,1,1,15
n15251,n15251,1,699,1,1,16
n15252,n15252,1,699,1,1,17
n15253,n15253,1,699,1,1,18
n15254,n15254,1,699,1,1,19
n15255,n15255,1,699,1,1,20
n15256,n15256,1,699,1,1,21
n15257,n15257,1,699,1,1,22
n15258,n15258,1,699,1,1,23
n15259,n15259,1,699,1,1,24
n15260,n15260,1,699,1,1,25
n15261,n15261,1,699,1,1,26
n15262,n15262,1,699,1,1,27
n15263,n15263,1,699,1,1,28
n15264,n15264,1,699,1,1,29
n15265,n15265,1,699,1,1,30
n15266,n15266,1,699,1,1,31
n15267,n15267,1,699,1,1,32
n15268,n15268,1,699,5,2,1
n15269,n15269,1,699,5,2,2
n15270,n15270,1,699,5,2,3
n15271,n15271,1,699,5,2,4
n15272,n15272,1,699,5,2,5
n15273,n15273,1,699,5,2,6
n15274,n15274,1,699,5,2,7
n15275,n15275,1,699,5,2,8
n15276,n15276,1,699,5,2,9
n15277,n15277,1,699,5,2,10
n15278,n15278,1,699,5,2,11
n15279,n15279,1,699,5,2,12
n15280,n15280,1,699,5,2,13
n15281,n15281,1,699,5,2,14
n15282,n15282,1,699,5,2,15
n15283,n15283,1,699,5,2,16
n15284,n15284,1,700,1,1,1
n15285,n15285,1,700,1,1,2
n15286,n15286,1,700,1,1,3
n15287,n15287,1,700,1,1,4
n15288,n15288,1,700,1,1,5
n15289,n15289,1,700,1,1,6
n15290,n15290,1,700,1,1,7
n15291,n15291,1,700,1,1,8
n15292,n15292,1,700,1,1,9
n15293,n15293,1,700,1,1,10
n15294,n15294,1,700,5,2,1
n15295,n15295,1,700,5,2,2
n15296,n15296,1,700,5,2,3
n15297,n15297,1,700,5,2,4
n15298,n15298,1,700,5,2,5
n15299,n15299,1,700,5,2,6
n15300,n15300,1,701,1,1,1
n15301,n15301,1,701,1,1,2
n15302,n15302,1,701,1,1,3
n15303,n15303,1,701,1,1,4
n15304,n15304,1,701,1,1,5
n15305,n15305,1,701,1,1,6
n15306,n15306,1,701,1,1,7
n15307,n15307,1,701,1,1,8
n15308,n15308,1,701,1,1,9
n15309,n15309,1,701,1,1,10
n15310,n15310,1,701,5,2,1
n15311,n15311,1,701,5,2,2
n15312,n15312,1,701,5,2,3
n15313,n15313,1,701,5,2,4
n15314,n15314,1,701,5,2,5
n15315,n15315,1,701,5,2,6
n15316,n15316,1,701,5,2,7
n15317,n15317,1,701,5,2,8
n15318,n15318,1,701,5,2,9
n15319,n15319,1,701,5,2,10
n15320,n15320,1,702,1,2,1
n15321,n15321,1,702,1,1,1
n15322,n15322,1,702,1,1,2
n15323,n15323,1,702,1,1,3
n15324,n15324,1,702,1,2,2
n15325,n15325,1,702,1,1,4
n15326,n15326,1,702,1,1,5
n15327,n15327,1,702,1,1,6
n15328,n15328,1,702,1,1,7
n15329,n15329,1,702,1,2,3
n15330,n15330,1,702,1,1,8
n15331,n15331,1,702,1,1,9
n15332,n15332,1,702,1,1,10
n15333,n15333,1,702,1,1,11
n15334,n15334,1,702,1,2,4
n15335,n15335,1,702,1,1,12
n15336,n15336,1,702,1,1,13
n15337,n15337,1,702,1,1,14
n15338,n15338,1,702,1,1,15
n15339,n15339,1,702,5,2,1
n15340,n15340,1,702,5,2,2
n15341,n15341,1,702,5,2,3
n15342,n15342,1,702,5,2,4
n15343,n15343,1,702,5,2,5
n15344,n15344,1,702,5,2,6
n15345,n15345,1,702,5,2,7
n15346,n15346,1,702,5,2,8
n15347,n15347,1,702,5,2,9
n15348,n15348,1,702,5,2,10
n15349,n15349,1,702,5,2,11
n15350,n15350,1,702,5,2,12
n15351,n15351,1,702,5,2,13
n15352,n15352,1,702,5,2,14
n15353,n15353,1,702,5,2,15
n15354,n15354,1,702,5,2,16
n15355,n15355,1,702,6,2,1
n15356,n15356,1,703,1,1,1
n15357,n15357,1,703,1,1,2
n15358,n15358,1,703,1,1,3
n15359,n15359,1,703,1,1,4
n15360,n15360,1,703,1,1,5
n15361,n15361,1,703,1,1,6
n15362,n15362,1,703,1,1,7
n15363,n15363,1,703,1,1,8
n15364,n15364,1,703,1,1,9
n15365,n15365,1,703,1,1,10
n15366,n15366,1,703,1,1,11
n15367,n15367,1,703,1,1,12
n15368,n15368,1,703,1,1,13
n15369,n15369,1,703,1,1,14
n15370,n15370,1,703,1,1,15
n15371,n15371,1,703,1,1,16
n15372,n15372,1,703,1,1,17
n15373,n15373,1,703,1,1,18
n15374,n15374,1,703,1,1,19
n15375,n15375,1,703,1,1,20
n15376,n15376,1,703,5,2,1
n15377,n15377,1,703,5,2,2
n15378,n15378,1,703,5,2,3
n15379,n15379,1,703,5,2,4
n15380,n15380,1,703,5,2,5
n15381,n15381,1,703,5,2,6
n15382,n15382,1,703,5,2,7
n15383,n15383,1,703,5,2,8
n15384,n15384,1,703,5,2,9
n15385,n15385,1,703,5,2,10
n15386,n15386,1,703,5,2,11
n15387,n15387,1,703,5,2,12
n15388,n15388,1,703,5,2,13
n15389,n15389,1,703,5,2,14
n15390,n15390,1,703,5,2,15
n15391,n15391,1,703,5,2,16
n15392,n15392,1,703,5,2,17
n15393,n15393,1,703,5,2,18
n15394,n15394,1,704,1,1,1
n15395,n15395,1,704,1,1,2
n15396,n15396,1,704,1,1,3
n15397,n15397,1,704,1,1,4
n15398,n15398,1,704,1,1,5
n15399,n15399,1,704,1,1,6
n15400,n15400,1,704,1,1,7
n15401,n15401,1,704,1,1,8
n15402,n15402,1,704,1,1,9
n15403,n15403,1,704,1,1,10
n15404,n15404,1,704,1,1,11
n15405,n15405,1,704,1,1,12
n15406,n15406,1,704,1,1,13
n15407,n15407,1,704,1,1,14
n15408,n15408,1,704,1,1,15
n15409,n15409,1,704,1,1,16
n15410,n15410,1,704,1,1,17
n15411,n15411,1,704,1,1,18
n15412,n15412,1,704,1,1,19
n15413,n15413,1,704,1,1,20
n15414,n15414,1,704,5,2,1
n15415,n15415,1,704,5,2,2
n15416,n15416,1,704,5,2,3
n15417,n15417,1,704,5,2,4
n15418,n15418,1,704,5,2,5
n15419,n15419,1,704,5,2,6
n15420,n15420,1,704,5,2,7
n15421,n15421,1,704,5,2,8
n15422,n15422,1,704,5,2,9
n15423,n15423,1,704,5,2,10
n15424,n15424,1,704,5,2,11
n15425,n15425,1,704,5,2,12
n15426,n15426,1,704,5,2,13
n15427,n15427,1,704,5,2,14
n15428,n15428,1,704,5,2,15
n15429,n15429,1,704,5,2,16
n15430,n15430,1,705,1,1,1
n15431,n15431,1,705,1,1,2
n15432,n15432,1,705,1,1,3
n15433,n15433,1,705,1,1,4
n15434,n15434,1,705,1,1,5
n15435,n15435,1,705,1,1,6
n15436,n15436,1,705,1,1,7
n15437,n15437,1,705,1,1,8
n15438,n15438,1,705,1,1,9
n15439,n15439,1,705,1,1,10
n15440,n15440,1,705,1,1,11
n15441,n15441,1,705,1,1,12
n15442,n15442,1,705,1,1,13
n15443,n15443,1,705,1,1,14
n15444,n15444,1,705,1,1,15
n15445,n15445,1,705,1,1,16
n15446,n15446,1,705,1,1,17
n15447,n15447,1,705,1,1,18
n15448,n15448,1,705,1,1,19
n15449,n15449,1,705,1,1,20
n15450,n15450,1,705,5,2,1
n15451,n15451,1,705,5,2,2
n15452,n15452,1,705,5,2,3
n15453,n15453,1,705,5,2,4
n15454,n15454,1,705,5,2,5
n15455,n15455,1,705,5,2,6
n15456,n15456,1,705,5,2,7
n15457,n15457,1,705,5,2,8
n15458,n15458,1,705,5,2,9
n15459,n15459,1,705,5,2,10
n15460,n15460,1,705,5,2,11
n15461,n15461,1,705,5,2,12
n15462,n15462,1,705,5,2,13
n15463,n15463,1,705,5,2,14
n15464,n15464,1,705,5,2,15
n15465,n15465,1,705,5,2,16
n15466,n15466,1,705,5,2,17
n15467,n15467,1,705,5,2,18
n15468,n15468,1,706,1,1,1
n15469,n15469,1,706,1,1,2
n15470,n15470,1,706,1,1,3
n15471,n15471,1,706,1,1,4
n15472,n15472,1,706,1,1,5
n15473,n15473,1,706,1,1,6
n15474,n15474,1,706,1,1,7
n15475,n15475,1,706,1,1,8
n15476,n15476,1,706,1,1,9
n15477,n15477,1,706,1,1,10
n15478,n15478,1,706,1,1,11
n15479,n15479,1,706,1,1,12
n15480,n15480,1,706,1,1,13
n15481,n15481,1,706,1,1,14
n15482,n15482,1,706,1,1,15
n15483,n15483,1,706,1,1,16
n15484,n15484,1,706,1,1,17
n15485,n15485,1,706,1,1,18
n15486,n15486,1,706,1,1,19
n15487,n15487,1,706,1,1,20
n15488,n15488,1,706,5,2,1
n15489,n15489,1,706,5,2,2
n15490,n15490,1,706,5,2,3
n15491,n15491,1,706,5,2,4
n15492,n15492,1,706,5,2,5
n15493,n15493,1,706,5,2,6
n15494,n15494,1,706,5,2,7
n15495,n15495,1,706,5,2,8
n15496,n15496,1,706,5,2,9
n15497,n15497,1,706,5,2,10
n15498,n15498,1,706,5,2,11
n15499,n15499,1,706,5,2,12
n15500,n15500,1,706,5,2,13
n15501,n15501,1,706,5,2,14
n15502,n15502,1,706,5,2,15
n15503,n15503,1,706,5,2,16
n15504,n15504,1,707,1,1,1
n15505,n15505,1,707,1,1,2
n15506,n15506,1,707,1,1,3
n15507,n15507,1,707,1,1,4
n15508,n15508,1,707,1,1,5
n15509,n15509,1,707,1,1,6
n15510,n15510,1,707,1,1,7
n15511,n15511,1,707,1,1,8
n15512,n15512,1,707,1,1,9
n15513,n15513,1,707,1,1,10
n15514,n15514,1,707,1,1,11
n15515,n15515,1,707,1,1,12
n15516,n15516,1,707,1,1,13
n15517,n15517,1,707,1,1,14
n15518,n15518,1,707,1,1,15
n15519,n15519,1,707,1,1,16
n15520,n15520,1,707,1,1,17
n15521,n15521,1,707,1,1,18
n15522,n15522,1,707,1,1,19
n15523,n15523,1,707,1,1,20
n15524,n15524,1,707,5,2,1
n15525,n15525,1,707,5,2,2
n15526,n15526,1,707,5,2,3
n15527,n15527,1,707,5,2,4
n15528,n15528,1,707,5,2,5
n15529,n15529,1,707,5,2,6
n15530,n15530,1,707,5,2,7
n15531,n15531,1,707,5,2,8
n15532,n15532,1,707,5,2,9
n15533,n15533,1,707,5,2,10
n15534,n15534,1,707,5,2,11
n15535,n15535,1,707,5,2,12
n15536,n15536,1,707,5,2,13
n15537,n15537,1,707,5,2,14
n15538,n15538,1,707,5,2,15
n15539,n15539,1,707,5,2,16
n15540,n15540,1,707,5,2,17
n15541,n15541,1,707,5,2,18
n15542,n15542,1,707,5,2,19
n15543,n15543,1,707,5,2,20
n15544,n15544,1,708,1,1,1
n15545,n15545,1,708,1,1,2
n15546,n15546,1,708,1,1,3
n15547,n15547,1,708,1,1,4
n15548,n15548,1,708,1,1,5
n15549,n15549,1,708,1,1,6
n15550,n15550,1,708,1,1,7
n15551,n15551,1,708,1,1,8
n15552,n15552,1,708,1,1,9
n15553,n15553,1,708,1,1,10
n15554,n15554,1,708,1,1,11
n15555,n15555,1,708,1,1,12
n15556,n15556,1,708,1,1,13
n15557,n15557,1,708,1,1,14
n15558,n15558,1,708,1,1,15
n15559,n15559,1,708,1,1,16
n15560,n15560,1,708,1,1,17
n15561,n15561,1,708,1,1,18
n15562,n15562,1,708,1,1,19
n15563,n15563,1,708,1,1,20
n15564,n15564,1,708,1,1,21
n15565,n15565,1,708,1,1,22
n15566,n15566,1,708,1,1,23
n15567,n15567,1,708,1,1,24
n15568,n15568,1,708,1,1,25
n15569,n15569,1,708,1,1,26
n15570,n15570,1,708,1,1,27
n15571,n15571,1,708,1,1,28
n15572,n15572,1,708,1,1,29
n15573,n15573,1,708,1,1,30
n15574,n15574,1,708,1,1,31
n15575,n15575,1,708,1,1,32
n15576,n15576,1,708,5,2,1
n15577,n15577,1,708,5,2,2
n15578,n15578,1,708,5,2,3
n15579,n15579,1,708,5,2,4
n15580,n15580,1,708,5,2,5
n15581,n15581,1,708,5,2,6
n15582,n15582,1,708,5,2,7
n15583,n15583,1,708,5,2,8
n15584,n15584,1,708,5,2,9
n15585,n15585,1,708,5,2,10
n15586,n15586,1,708,5,2,11
n15587,n15587,1,708,5,2,12
n15588,n15588,1,708,5,2,13
n15589,n15589,1,708,5,2,14
n15590,n15590,1,708,5,2,15
n15591,n15591,1,708,5,2,16
n15592,n15592,1,709,1,1,1
n15593,n15593,1,709,1,1,2
n15594,n15594,1,709,1,1,3
n15595,n15595,1,709,1,1,4
n15596,n15596,1,709,1,1,5
n15597,n15597,1,709,1,1,6
n15598,n15598,1,709,1,1,7
n15599,n15599,1,709,1,1,8
n15600,n15600,1,709,1,1,9
n15601,n15601,1,709,1,1,10
n15602,n15602,1,709,1,1,11
n15603,n15603,1,709,1,1,12
n15604,n15604,1,709,1,1,13
n15605,n15605,1,709,1,1,14
n15606,n15606,1,709,1,1,15
n15607,n15607,1,709,1,1,16
n15608,n15608,1,709,1,1,17
n15609,n15609,1,709,1,1,18
n15610,n15610,1,709,5,2,1
n15611,n15611,1,709,5,2,2
n15612,n15612,1,709,5,2,3
n15613,n15613,1,709,5,2,4
n15614,n15614,1,709,5,2,5
n15615,n15615,1,709,5,2,6
n15616,n15616,1,709,5,2,7
n15617,n15617,1,709,5,2,8
n15618,n15618,1,709,5,2,9
n15619,n15619,1,709,5,2,10
n15620,n15620,1,709,5,2,11
n15621,n15621,1,709,5,2,12
n15622,n15622,1,709,5,2,13
n15623,n15623,1,709,5,2,14
n15624,n15624,1,709,5,2,15
n15625,n15625,1,709,5,2,16
n15626,n15626,1,709,5,2,17
n15627,n15627,1,709,5,2,18
n15628,n15628,1,710,1,1,1
n15629,n15629,1,710,1,1,2
n15630,n15630,1,710,1,1,3
n15631,n15631,1,710,1,1,4
n15632,n15632,1,710,1,1,5
n15633,n15633,1,710,1,1,6
n15634,n15634,1,710,1,1,7
n15635,n15635,1,710,1,1,8
n15636,n15636,1,710,1,1,9
n15637,n15637,1,710,1,1,10
n15638,n15638,1,710,1,1,11
n15639,n15639,1,710,1,1,12
n15640,n15640,1,710,1,1,13
n15641,n15641,1,710,1,1,14
n15642,n15642,1,710,1,1,15
n15643,n15643,1,710,1,1,16
n15644,n15644,1,710,1,1,17
n15645,n15645,1,710,1,1,18
n15646,n15646,1,710,5,2,1
n15647,n15647,1,710,5,2,2
n15648,n15648,1,710,5,2,3
n15649,n15649,1,710,5,2,4
n15650,n15650,1,710,5,2,5
n15651,n15651,1,710,5,2,6
n15652,n15652,1,710,5,2,7
n15653,n15653,1,710,5,2,8
n15654,n15654,1,710,5,2,9
n15655,n15655,1,710,5,2,10
n15656,n15656,1,710,5,2,11
n15657,n15657,1,710,5,2,12
n15658,n15658,1,710,5,2,13
n15659,n15659,1,710,5,2,14
n15660,n15660,1,710,5,2,15
n15661,n15661,1,710,5,2,16
n15662,n15662,1,710,5,2,17
n15663,n15663,1,710,5,2,18
n15664,n15664,1,711,1,1,1
n15665,n15665,1,711,1,1,2
n15666,n15666,1,711,1,1,3
n15667,n15667,1,711,1,1,4
n15668,n15668,1,711,1,1,5
n15669,n15669,1,711,1,1,6
n15670,n15670,1,711,1,1,7
n15671,n15671,1,711,1,1,8
n15672,n15672,1,711,1,1,9
n15673,n15673,1,711,1,1,10
n15674,n15674,1,711,1,1,11
n15675,n15675,1,711,1,1,12
n15676,n15676,1,711,1,1,13
n15677,n15677,1,711,1,1,14
n15678,n15678,1,711,1,1,15
n15679,n15679,1,711,1,1,16
n15680,n15680,1,711,1,1,17
n15681,n15681,1,711,1,1,18
n15682,n15682,1,711,5,2,1
n15683,n15683,1,711,5,2,2
n15684,n15684,1,711,5,2,3
n15685,n15685,1,711,5,2,4
n15686,n15686,1,711,5,2,5
n15687,n15687,1,711,5,2,6
n15688,n15688,1,711,5,2,7
n15689,n15689,1,711,5,2,8
n15690,n15690,1,711,5,2,9
n15691,n15691,1,711,5,2,10
n15692,n15692,1,711,5,2,11
n15693,n15693,1,711,5,2,12
n15694,n15694,1,711,5,2,13
n15695,n15695,1,711,5,2,14
n15696,n15696,1,711,5,2,15
n15697,n15697,1,711,5,2,16
n15698,n15698,1,711,5,2,17
n15699,n15699,1,711,5,2,18
n15700,n15700,1,712,1,1,1
n15701,n15701,1,712,1,1,2
n15702,n15702,1,712,1,1,3
n15703,n15703,1,712,1,1,4
n15704,n15704,1,712,1,1,5
n15705,n15705,1,712,1,1,6
n15706,n15706,1,712,1,1,7
n15707,n15707,1,712,1,1,8
n15708,n15708,1,712,1,1,9
n15709,n15709,1,712,1,1,10
n15710,n15710,1,712,1,1,11
n15711,n15711,1,712,1,1,12
n15712,n15712,1,712,1,1,13
n15713,n15713,1,712,1,1,14
n15714,n15714,1,712,1,1,15
n15715,n15715,1,712,1,1,16
n15716,n15716,1,712,1,1,17
n15717,n15717,1,712,1,1,18
n15718,n15718,1,712,5,2,1
n15719,n15719,1,712,5,2,2
n15720,n15720,1,712,5,2,3
n15721,n15721,1,712,5,2,4
n15722,n15722,1,712,5,2,5
n15723,n15723,1,712,5,2,6
n15724,n15724,1,712,5,2,7
n15725,n15725,1,712,5,2,8
n15726,n15726,1,712,5,2,9
n15727,n15727,1,712,5,2,10
n15728,n15728,1,712,5,2,11
n15729,n15729,1,712,5,2,12
n15730,n15730,1,712,5,2,13
n15731,n15731,1,712,5,2,14
n15732,n15732,1,712,5,2,15
n15733,n15733,1,712,5,2,16
n15734,n15734,1,712,5,2,17
n15735,n15735,1,712,5,2,18
n15736,n15736,1,713,1,1,1
n15737,n15737,1,713,1,1,2
n15738,n15738,1,713,1,1,3
n15739,n15739,1,713,1,1,4
n15740,n15740,1,713,1,1,5
n15741,n15741,1,713,1,1,6
n15742,n15742,1,713,1,1,7
n15743,n15743,1,713,1,1,8
n15744,n15744,1,713,1,1,9
n15745,n15745,1,713,1,1,10
n15746,n15746,1,713,1,1,11
n15747,n15747,1,713,1,1,12
n15748,n15748,1,713,1,1,13
n15749,n15749,1,713,1,1,14
n15750,n15750,1,713,1,1,15
n15751,n15751,1,713,1,1,16
n15752,n15752,1,713,1,1,17
n15753,n15753,1,713,1,1,18
n15754,n15754,1,713,5,2,1
n15755,n15755,1,713,5,2,2
n15756,n15756,1,713,5,2,3
n15757,n15757,1,713,5,2,4
n15758,n15758,1,713,5,2,5
n15759,n15759,1,713,5,2,6
n15760,n15760,1,713,5,2,7
n15761,n15761,1,713,5,2,8
n15762,n15762,1,713,5,2,9
n15763,n15763,1,713,5,2,10
n15764,n15764,1,713,5,2,11
n15765,n15765,1,713,5,2,12
n15766,n15766,1,713,5,2,13
n15767,n15767,1,713,5,2,14
n15768,n15768,1,713,5,2,15
n15769,n15769,1,713,5,2,16
n15770,n15770,1,713,5,2,17
n15771,n15771,1,713,5,2,18
n15772,n15772,1,714,1,1,1
n15773,n15773,1,714,1,1,2
n15774,n15774,1,714,1,1,3
n15775,n15775,1,714,1,1,4
n15776,n15776,1,714,1,1,5
n15777,n15777,1,714,1,1,6
n15778,n15778,1,714,1,1,7
n15779,n15779,1,714,1,1,8
n15780,n15780,1,714,1,1,9
n15781,n15781,1,714,1,1,10
n15782,n15782,1,714,5,2,1
n15783,n15783,1,714,5,2,2
n15784,n15784,1,714,5,2,3
n15785,n15785,1,714,5,2,4
n15786,n15786,1,714,5,2,5
n15787,n15787,1,714,5,2,6
n15788,n15788,1,714,5,2,7
n15789,n15789,1,714,5,2,8
n15790,n15790,1,714,5,2,9
n15791,n15791,1,714,5,2,10
n15792,n15792,1,715,1,1,1
n15793,n15793,1,715,1,1,2
n15794,n15794,1,715,1,1,3
n15795,n15795,1,715,1,1,4
n15796,n15796,1,715,1,1,5
n15797,n15797,1,715,1,1,6
n15798,n15798,1,715,1,1,7
n15799,n15799,1,715,1,1,8
n15800,n15800,1,715,1,1,9
n15801,n15801,1,715,1,1,10
n15802,n15802,1,715,5,2,1
n15803,n15803,1,715,5,2,2
n15804,n15804,1,715,5,2,3
n15805,n15805,1,715,5,2,4
n15806,n15806,1,715,5,2,5
n15807,n15807,1,715,5,2,6
n15808,n15808,1,715,5,2,7
n15809,n15809,1,715,5,2,8
n15810,n15810,1,715,5,2,9
n15811,n15811,1,715,5,2,10
n15812,n15812,1,716,1,1,1
n15813,n15813,1,716,1,1,2
n15814,n15814,1,716,1,1,3
n15815,n15815,1,716,1,1,4
n15816,n15816,1,716,1,1,5
n15817,n15817,1,716,1,1,6
n15818,n15818,1,716,1,1,7
n15819,n15819,1,716,1,1,8
n15820,n15820,1,716,1,1,9
n15821,n15821,1,716,1,1,10
n15822,n15822,1,716,1,1,11
n15823,n15823,1,716,1,1,12
n15824,n15824,1,716,1,1,13
n15825,n15825,1,716,1,1,14
n15826,n15826,1,716,1,1,15
n15827,n15827,1,716,1,1,16
n15828,n15828,1,716,1,1,17
n15829,n15829,1,716,1,1,18
n15830,n15830,1,716,1,1,19
n15831,n15831,1,716,1,1,20
n15832,n15832,1,716,1,1,21
n15833,n15833,1,716,1,1,22
n15834,n15834,1,716,1,1,23
n15835,n15835,1,716,1,1,24
n15836,n15836,1,716,1,1,25
n15837,n15837,1,716,1,1,26
n15838,n15838,1,716,1,1,27
n15839,n15839,1,716,1,1,28
n15840,n15840,1,716,1,1,29
n15841,n15841,1,716,1,1,30
n15842,n15842,1,716,5,2,1
n15843,n15843,1,716,5,2,2
n15844,n15844,1,716,5,2,3
n15845,n15845,1,716,5,2,4
n15846,n15846,1,716,5,2,5
n15847,n15847,1,716,5,2,6
n15848,n15848,1,716,5,2,7
n15849,n15849,1,716,5,2,8
n15850,n15850,1,716,5,2,9
n15851,n15851,1,716,5,2,10
n15852,n15852,1,716,5,2,11
n15853,n15853,1,716,5,2,12
n15854,n15854,1,716,5,2,13
n15855,n15855,1,716,5,2,14
n15856,n15856,1,716,5,2,15
n15857,n15857,1,716,5,2,16
n15858,n15858,1,716,5,2,17
n15859,n15859,1,716,5,2,18
n15860,n15860,1,716,5,2,19
n15861,n15861,1,716,5,2,20
n15862,n15862,1,716,5,2,21
n15863,n15863,1,716,5,2,22
n15864,n15864,1,716,5,2,23
n15865,n15865,1,716,5,2,24
n15866,n15866,1,716,5,2,25
n15867,n15867,1,716,5,2,26
n15868,n15868,1,716,5,2,27
n15869,n15869,1,716,5,2,28
n15870,n15870,1,716,5,2,29
n15871,n15871,1,716,5,2,30
n15872,n15872,1,717,1,1,1
n15873,n15873,1,717,1,1,2
n15874,n15874,1,717,1,1,3
n15875,n15875,1,717,1,1,4
n15876,n15876,1,717,1,1,5
n15877,n15877,1,717,1,1,6
n15878,n15878,1,717,1,1,7
n15879,n15879,1,717,1,1,8
n15880,n15880,1,717,1,1,9
n15881,n15881,1,717,1,1,10
n15882,n15882,1,717,5,2,1
n15883,n15883,1,717,5,2,2
n15884,n15884,1,717,5,2,3
n15885,n15885,1,717,5,2,4
n15886,n15886,1,717,5,2,5
n15887,n15887,1,717,5,2,6
n15888,n15888,1,717,5,2,7
n15889,n15889,1,717,5,2,8
n15890,n15890,1,717,5,2,9
n15891,n15891,1,717,5,2,10
n15892,n15892,1,718,1,1,1
n15893,n15893,1,718,1,1,2
n15894,n15894,1,718,5,2,1
n15895,n15895,1,718,5,2,2
n15896,n15896,1,718,5,2,3
n15897,n15897,1,718,5,2,4
r70,r70,1,718,5,2,5
n15898,n15898,1,718,6,2,1
n15899,n15899,1,718,6,2,2
