element_id,original_id,tag,carrier,host_or_staff
ndfbdd638cf674630--slur--start--1,n3--slur--start--1,slur,stamp,ndfbdd638cf674630
n578bcd6ccb82932c--slur--stop--1,n4--slur--stop--1,slur,stamp,n578bcd6ccb82932c
n578bcd6ccb82932c--staccato--1,,staccato,derive,n578bcd6ccb82932c
n5219a1482173585a--slur--start--1,n5--slur--start--1,slur,stamp,n5219a1482173585a
nd45456c8cdbba521--slur--stop--1,n6--slur--stop--1,slur,stamp,nd45456c8cdbba521
nd45456c8cdbba521--staccato--1,,staccato,derive,nd45456c8cdbba521
n1918e8aa95f72fd6--slur--start--1,n8--slur--start--1,slur,stamp,n1918e8aa95f72fd6
n614ff22c485f8bfb--slur--stop--1,n9--slur--stop--1,slur,stamp,n614ff22c485f8bfb
n614ff22c485f8bfb--slur--start--2,n9--slur--start--2,slur,stamp,n614ff22c485f8bfb
n614ff22c485f8bfb--staccato--1,,staccato,derive,n614ff22c485f8bfb
naade370c5c3a01b8--slur--start--1,n11--slur--start--1,slur,stamp,naade370c5c3a01b8
nb1fe1d841d164a42--slur--stop--1,n12--slur--stop--1,slur,stamp,nb1fe1d841d164a42
nb1fe1d841d164a42--staccato--1,,staccato,derive,nb1fe1d841d164a42
n0b5d3a054d4b06dc--slur--start--1,n15--slur--start--1,slur,stamp,n0b5d3a054d4b06dc
nf2c25f1ec3d6b7c4--slur--stop--1,n16--slur--stop--1,slur,stamp,nf2c25f1ec3d6b7c4
nf2c25f1ec3d6b7c4--staccato--1,,staccato,derive,nf2c25f1ec3d6b7c4
e3abc2c7af74bcf7b,md-1-1-1-1,dynamics,md,1
eafc6293d70ffd692,md-1-1-1-2,words,md,1
e8ef73f1272eca152,md-1-1-2-1,words,md,2
n96ce0af9c740f191--slur--stop--1,n18--slur--stop--1,slur,stamp,n96ce0af9c740f191
n96ce0af9c740f191--slur--start--2,n18--slur--start--2,slur,stamp,n96ce0af9c740f191
nb5e20d607ebd9d72--slur--stop--1,n19--slur--stop--1,slur,stamp,nb5e20d607ebd9d72
nb5e20d607ebd9d72--staccato--1,,staccato,derive,nb5e20d607ebd9d72
nbf90b0d7c1cf111f--slur--start--1,n21--slur--start--1,slur,stamp,nbf90b0d7c1cf111f
n520c04c18575bf8a--slur--stop--1,n22--slur--stop--1,slur,stamp,n520c04c18575bf8a
n520c04c18575bf8a--staccato--1,,staccato,derive,n520c04c18575bf8a
nbd4c50d25835ccf7--slur--start--1,n23--slur--start--1,slur,stamp,nbd4c50d25835ccf7
n28197d96aca33b1f--slur--stop--1,n24--slur--stop--1,slur,stamp,n28197d96aca33b1f
n28197d96aca33b1f--staccato--1,,staccato,derive,n28197d96aca33b1f
nbb19ec88a7d4e648--slur--start--1,n26--slur--start--1,slur,stamp,nbb19ec88a7d4e648
na4e077740b5b068e--slur--stop--1,n27--slur--stop--1,slur,stamp,na4e077740b5b068e
na4e077740b5b068e--slur--start--2,n27--slur--start--2,slur,stamp,na4e077740b5b068e
na4e077740b5b068e--staccato--1,,staccato,derive,na4e077740b5b068e
n4510542291cfa9df--slur--start--1,n29--slur--start--1,slur,stamp,n4510542291cfa9df
naebcba789a222154--slur--stop--1,n30--slur--stop--1,slur,stamp,naebcba789a222154
naebcba789a222154--staccato--1,,staccato,derive,naebcba789a222154
nc3dd4a6121824b30--slur--start--1,n33--slur--start--1,slur,stamp,nc3dd4a6121824b30
n6b1a6af4eadc2e96--slur--stop--1,n34--slur--stop--1,slur,stamp,n6b1a6af4eadc2e96
n6b1a6af4eadc2e96--staccato--1,,staccato,derive,n6b1a6af4eadc2e96
n30d9e305b6554e3d--slur--start--1,n36--slur--start--1,slur,stamp,n30d9e305b6554e3d
nbbc47cfc29be7d07--slur--stop--1,n37--slur--stop--1,slur,stamp,nbbc47cfc29be7d07
nbbc47cfc29be7d07--slur--stop--2,n37--slur--stop--2,slur,stamp,nbbc47cfc29be7d07
nbbc47cfc29be7d07--staccato--1,,staccato,derive,nbbc47cfc29be7d07
n9914ed29e243a1b9--slur--start--1,n39--slur--start--1,slur,stamp,n9914ed29e243a1b9
nd1efa3ee9a457a15--slur--stop--1,n40--slur--stop--1,slur,stamp,nd1efa3ee9a457a15
nd1efa3ee9a457a15--staccato--1,,staccato,derive,nd1efa3ee9a457a15
n8acc9cb33f94e435--slur--start--1,n41--slur--start--1,slur,stamp,n8acc9cb33f94e435
n1851a527a0f95c63--slur--stop--1,n42--slur--stop--1,slur,stamp,n1851a527a0f95c63
n1851a527a0f95c63--staccato--1,,staccato,derive,n1851a527a0f95c63
nb1af14d4da976850--slur--start--1,n44--slur--start--1,slur,stamp,nb1af14d4da976850
n3f6d038e743f1fca--slur--stop--1,n45--slur--stop--1,slur,stamp,n3f6d038e743f1fca
n3f6d038e743f1fca--slur--start--2,n45--slur--start--2,slur,stamp,n3f6d038e743f1fca
n3f6d038e743f1fca--staccato--1,,staccato,derive,n3f6d038e743f1fca
neec22f02286c5677--staccato--1,,staccato,derive,neec22f02286c5677
n8d029adb07637ba9--slur--start--1,n51--slur--start--1,slur,stamp,n8d029adb07637ba9
ncddc0f3f3531757a--slur--stop--1,n52--slur--stop--1,slur,stamp,ncddc0f3f3531757a
ncddc0f3f3531757a--staccato--1,,staccato,derive,ncddc0f3f3531757a
e13e68ad17b1274db,md-1-3-1-1,wedge,md,1
eb1686153ece981b5,md-1-3-1-2,wedge,md,1
e0df9eb78de28b2ff,md-1-3-1-3,wedge,md,1
e9be60cbf269963de,md-1-3-1-4,wedge,md,1
e860195dfdc4d6ba0,md-1-3-2-1,pedal,md,2
ec429b94a3f1c8c1c,md-1-3-2-2,pedal,md,2
e0c8c9525646b376d,md-1-3-2-3,pedal,md,2
ec7a980221abb1413,md-1-3-2-4,words,md,2
e570ce20a90e5548d,md-1-3-2-5,pedal,md,2
n8c2a8c50271bf2b9--slur--start--1,n54--slur--start--1,slur,stamp,n8c2a8c50271bf2b9
n191391bb763424a7--slur--stop--1,n55--slur--stop--1,slur,stamp,n191391bb763424a7
n191391bb763424a7--slur--stop--2,n55--slur--stop--2,slur,stamp,n191391bb763424a7
n191391bb763424a7--staccato--1,,staccato,derive,n191391bb763424a7
n63f57c340d4e9c30--slur--start--1,n57--slur--start--1,slur,stamp,n63f57c340d4e9c30
n3be9ff47087df878--slur--stop--1,n58--slur--stop--1,slur,stamp,n3be9ff47087df878
n3be9ff47087df878--staccato--1,,staccato,derive,n3be9ff47087df878
n72b48b3b0d78c45b--slur--start--1,n59--slur--start--1,slur,stamp,n72b48b3b0d78c45b
n3e7e6655141dfeb3--slur--stop--1,n60--slur--stop--1,slur,stamp,n3e7e6655141dfeb3
n3e7e6655141dfeb3--staccato--1,,staccato,derive,n3e7e6655141dfeb3
ndb002cc0fcee09c7--fermata--upright--1,n61--fermata--upright--1,fermata,stamp,ndb002cc0fcee09c7
ndc2a33c5f1513f53--staccato--1,,staccato,derive,ndc2a33c5f1513f53
nfb11c7284ff87ed2--staccato--1,,staccato,derive,nfb11c7284ff87ed2
n9ce9eee6e33382d0--fermata--inverted--1,n69--fermata--inverted--1,fermata,stamp,n9ce9eee6e33382d0
n9ce9eee6e33382d0--staccato--1,,staccato,derive,n9ce9eee6e33382d0
e408265c87f4b4a68,md-1-4-2-1,words,md,2
e7189622bec4979fc,md-1-4-2-2,pedal,md,2
e0659e7d8250fcdc1,md-1-4-2-3,pedal,md,2
e5132062709ea4ffb,md-1-4-2-4,pedal,md,2
effe1a90229b30505,md-1-4-2-5,pedal,md,2
n0197dc9e02620a40--staccato--1,,staccato,derive,n0197dc9e02620a40
n0a860a6189654d9a--staccato--1,,staccato,derive,n0a860a6189654d9a
n1f50dd0aa7c6550a--staccato--1,,staccato,derive,n1f50dd0aa7c6550a
n0527dd3055249605--staccato--1,,staccato,derive,n0527dd3055249605
nfbfe6ebb7ddb7d34--staccato--1,,staccato,derive,nfbfe6ebb7ddb7d34
nd9e1a6eac227098b--staccato--1,,staccato,derive,nd9e1a6eac227098b
e379ebc741823ce12,md-1-5-1-1,dynamics,md,1
e4763414cfdceb4ac,md-1-5-1-2,words,md,1
e3fc948f60a560063,md-1-5-2-1,pedal,md,2
e245ac73073eb3985,md-1-5-2-2,pedal,md,2
e035114c8c4895707,md-1-5-2-3,pedal,md,2
e51b1805cb595df31,md-1-5-2-4,pedal,md,2
n527d73fc4728c623--staccato--1,,staccato,derive,n527d73fc4728c623
n0cd4ebc8c4804db9--staccato--1,,staccato,derive,n0cd4ebc8c4804db9
n60f531f5f4937551--staccato--1,,staccato,derive,n60f531f5f4937551
na93e4a1555ed7a83--slur--start--1,n104--slur--start--1,slur,stamp,na93e4a1555ed7a83
na93e4a1555ed7a83--staccato--1,,staccato,derive,na93e4a1555ed7a83
nf11ea820ea821eda--staccato--1,,staccato,derive,nf11ea820ea821eda
n04d5ea1ff1baf32d--staccato--1,,staccato,derive,n04d5ea1ff1baf32d
ef0af23ceaac0700d,md-1-6-2-1,pedal,md,2
e49e4db2a5810a89c,md-1-6-2-2,pedal,md,2
n05825f7c30140240--slur--stop--1,n113--slur--stop--1,slur,stamp,n05825f7c30140240
na560afe03a32b6e3--staccato--1,,staccato,derive,na560afe03a32b6e3
ndc31de83e02ee1fc--staccato--1,,staccato,derive,ndc31de83e02ee1fc
nd6b795569ee1b686--staccato--1,,staccato,derive,nd6b795569ee1b686
ndd534a119516afcd--staccato--1,,staccato,derive,ndd534a119516afcd
n456021d12f0ed531--staccato--1,,staccato,derive,n456021d12f0ed531
n8ff88df90ff1858a--staccato--1,,staccato,derive,n8ff88df90ff1858a
e962923e80ead9383,md-1-7-2-1,pedal,md,2
e8df1f7a297319520,md-1-7-2-2,pedal,md,2
e20c970f0e5d7c28e,md-1-7-2-3,pedal,md,2
ec1c14be4babd2e97,md-1-7-2-4,pedal,md,2
ned896709ec2a8a43--staccato--1,,staccato,derive,ned896709ec2a8a43
n1335495d64adccf9--staccato--1,,staccato,derive,n1335495d64adccf9
ne7d1b40a71992ac8--staccato--1,,staccato,derive,ne7d1b40a71992ac8
n0f6ed315dd58ddea--slur--start--1,n143--slur--start--1,slur,stamp,n0f6ed315dd58ddea
ned58c78cd8d1f65f--staccato--1,,staccato,derive,ned58c78cd8d1f65f
n4cba317b2cc77449--staccato--1,,staccato,derive,n4cba317b2cc77449
n50d89578a8b22611--staccato--1,,staccato,derive,n50d89578a8b22611
e00147391ae62121d,md-1-8-2-1,pedal,md,2
e59e902d4b7a753ab,md-1-8-2-2,pedal,md,2
e34eef52eee319433,md-1-8-2-3,pedal,md,2
e5dfdf20f50032950,md-1-8-2-4,pedal,md,2
n7425e95c8ba8ad61--slur--stop--1,n153--slur--stop--1,slur,stamp,n7425e95c8ba8ad61
n7c1b4dd31ec9c263--staccato--1,,staccato,derive,n7c1b4dd31ec9c263
nb735a2aa1cb2f82d--staccato--1,,staccato,derive,nb735a2aa1cb2f82d
ne1b4c2547508b408--staccato--1,,staccato,derive,ne1b4c2547508b408
ncdcb68630f7dae26--staccato--1,,staccato,derive,ncdcb68630f7dae26
n714b35e60d284b07--staccato--1,,staccato,derive,n714b35e60d284b07
ncfb245f8b7cba23f--staccato--1,,staccato,derive,ncfb245f8b7cba23f
e89fdf71c6d3cb5ff,md-1-9-2-1,pedal,md,2
e3f79b60611af75e8,md-1-9-2-2,dynamics,md,2
e130b810cf617a5ca,md-1-9-2-3,pedal,md,2
e64215f47610e52a3,md-1-9-2-4,pedal,md,2
e6270ee413f5f76df,md-1-9-2-5,pedal,md,2
n1871f6cee77030fd--staccato--1,,staccato,derive,n1871f6cee77030fd
n8a75517bbac66ddc--staccato--1,,staccato,derive,n8a75517bbac66ddc
n831c4a9efc375024--staccato--1,,staccato,derive,n831c4a9efc375024
n1f3a3566ed5264a9--slur--start--1,n186--slur--start--1,slur,stamp,n1f3a3566ed5264a9
n1f3a3566ed5264a9--staccato--1,,staccato,derive,n1f3a3566ed5264a9
nd285a2acd8725d0b--staccato--1,,staccato,derive,nd285a2acd8725d0b
n50f7b5243aa752be--staccato--1,,staccato,derive,n50f7b5243aa752be
e94b26861888211b2,md-1-10-2-1,pedal,md,2
e6d922757dd7c536b,md-1-10-2-2,pedal,md,2
nb41fee9baf1e9bde--slur--stop--1,n195--slur--stop--1,slur,stamp,nb41fee9baf1e9bde
n7ebb6850319813c4--staccato--1,,staccato,derive,n7ebb6850319813c4
n8a7aae4f31331123--staccato--1,,staccato,derive,n8a7aae4f31331123
n2cb807b64c864817--staccato--1,,staccato,derive,n2cb807b64c864817
n5a5efd3699d5722d--staccato--1,,staccato,derive,n5a5efd3699d5722d
n2781ee3aac4d04a9--staccato--1,,staccato,derive,n2781ee3aac4d04a9
n99cbdede74100e06--staccato--1,,staccato,derive,n99cbdede74100e06
eb9e589533e92d7e8,md-1-11-2-1,pedal,md,2
eb6582cf74271880d,md-1-11-2-2,pedal,md,2
eec525c8007ddadb5,md-1-11-2-3,pedal,md,2
e421e621f4946b3bc,md-1-11-2-4,pedal,md,2
n44bf92618dcbfea7--staccato--1,,staccato,derive,n44bf92618dcbfea7
n3ae1ee3e6b2a3534--staccato--1,,staccato,derive,n3ae1ee3e6b2a3534
n3616e60ceba68012--staccato--1,,staccato,derive,n3616e60ceba68012
n570c1f2315e22994--staccato--1,,staccato,derive,n570c1f2315e22994
n31165a71e06e74c2--staccato--1,,staccato,derive,n31165a71e06e74c2
n28c19fc773782f3b--staccato--1,,staccato,derive,n28c19fc773782f3b
e759ad6bc26d7c180,md-1-12-1-1,words,md,1
e05f2d5d58f5b8131,md-1-12-2-1,pedal,md,2
e3745bca8fd065107,md-1-12-2-2,pedal,md,2
ec48a0486b675e498,md-1-12-2-3,pedal,md,2
e272ce6e882b1692a,md-1-12-2-4,pedal,md,2
ne202b53e38a01ecc--slur--start--1,n235--slur--start--1,slur,stamp,ne202b53e38a01ecc
ne202b53e38a01ecc--accent--1,,accent,derive,ne202b53e38a01ecc
n8ccda7ec51949f04--slur--stop--1,n236--slur--stop--1,slur,stamp,n8ccda7ec51949f04
n8ccda7ec51949f04--staccato--1,,staccato,derive,n8ccda7ec51949f04
nf0d4cf4292ef16a9--slur--start--1,n239--slur--start--1,slur,stamp,nf0d4cf4292ef16a9
nf0d4cf4292ef16a9--tenuto--1,,tenuto,derive,nf0d4cf4292ef16a9
n1bef4affbf2d973d--slur--stop--1,n240--slur--stop--1,slur,stamp,n1bef4affbf2d973d
n1bef4affbf2d973d--staccato--1,,staccato,derive,n1bef4affbf2d973d
n8a4a22bd628ca626--slur--start--1,n242--slur--start--1,slur,stamp,n8a4a22bd628ca626
n8a4a22bd628ca626--tenuto--1,,tenuto,derive,n8a4a22bd628ca626
nab2c3d92b8cfa9d2--slur--stop--1,n243--slur--stop--1,slur,stamp,nab2c3d92b8cfa9d2
nab2c3d92b8cfa9d2--staccato--1,,staccato,derive,nab2c3d92b8cfa9d2
n3a27e9d09c10096b--slur--start--1,n246--slur--start--1,slur,stamp,n3a27e9d09c10096b
n3a27e9d09c10096b--tenuto--1,,tenuto,derive,n3a27e9d09c10096b
nfffebd9dd612958c--slur--stop--1,n247--slur--stop--1,slur,stamp,nfffebd9dd612958c
nfffebd9dd612958c--staccato--1,,staccato,derive,nfffebd9dd612958c
ne22389d7951d4946--staccato--1,,staccato,derive,ne22389d7951d4946
nb06cd4bc7bf54db6--staccato--1,,staccato,derive,nb06cd4bc7bf54db6
ed261687010a4a70a,md-1-13-2-1,words,md,2
ece63b8a212586eac,md-1-13-2-2,pedal,md,2
ea81268185a588cc0,md-1-13-2-3,pedal,md,2
n76471468c5a05492--slur--start--1,n257--slur--start--1,slur,stamp,n76471468c5a05492
n76471468c5a05492--tenuto--1,,tenuto,derive,n76471468c5a05492
n2130d189f6007e59--slur--stop--1,n258--slur--stop--1,slur,stamp,n2130d189f6007e59
n2130d189f6007e59--staccato--1,,staccato,derive,n2130d189f6007e59
na2f7bef448a0625e--slur--start--1,n261--slur--start--1,slur,stamp,na2f7bef448a0625e
na2f7bef448a0625e--tenuto--1,,tenuto,derive,na2f7bef448a0625e
nb00954579412a8d3--slur--stop--1,n262--slur--stop--1,slur,stamp,nb00954579412a8d3
nb00954579412a8d3--staccato--1,,staccato,derive,nb00954579412a8d3
n21da5a4cad74da5c--slur--start--1,n264--slur--start--1,slur,stamp,n21da5a4cad74da5c
n21da5a4cad74da5c--tenuto--1,,tenuto,derive,n21da5a4cad74da5c
n429ae094790ff486--slur--stop--1,n265--slur--stop--1,slur,stamp,n429ae094790ff486
n429ae094790ff486--staccato--1,,staccato,derive,n429ae094790ff486
nba7c634381fc3f43--tenuto--1,,tenuto,derive,nba7c634381fc3f43
n21c234d9b6db7499--staccato--1,,staccato,derive,n21c234d9b6db7499
n121f0e4d8cada3de--staccato--1,,staccato,derive,n121f0e4d8cada3de
n5a30809fc5fe5cd0--slur--start--1,n276--slur--start--1,slur,stamp,n5a30809fc5fe5cd0
n5a30809fc5fe5cd0--tenuto--1,,tenuto,derive,n5a30809fc5fe5cd0
n2e5d14b4939e5b67--slur--stop--1,n277--slur--stop--1,slur,stamp,n2e5d14b4939e5b67
n2e5d14b4939e5b67--staccato--1,,staccato,derive,n2e5d14b4939e5b67
e6d87a093bb267050,md-1-14-1-1,wedge,md,1
e7d1493559727e414,md-1-14-1-2,wedge,md,1
e4a6a71b91a559f13,md-1-14-2-1,pedal,md,2
ec0801b5e58e06a9f,md-1-14-2-2,words,md,2
e899008845794999c,md-1-14-2-3,pedal,md,2
nd04397b763cdaa3c--tenuto--1,,tenuto,derive,nd04397b763cdaa3c
n18309de1d317094b--staccato--1,,staccato,derive,n18309de1d317094b
n734406737d86bde1--tenuto--1,,tenuto,derive,n734406737d86bde1
nc206cb4d679e6bc0--staccato--1,,staccato,derive,nc206cb4d679e6bc0
n6751ef036d0ad8be--tenuto--1,,tenuto,derive,n6751ef036d0ad8be
ne32934b5514818bc--staccato--1,,staccato,derive,ne32934b5514818bc
n5f30eb4dd79196d1--tenuto--1,,tenuto,derive,n5f30eb4dd79196d1
ndea69d2589dc87aa--staccato--1,,staccato,derive,ndea69d2589dc87aa
nacb2fb776097388b--staccato--1,,staccato,derive,nacb2fb776097388b
nbb03f9c50705068f--staccato--1,,staccato,derive,nbb03f9c50705068f
e27b4b053fb9096e8,md-1-15-2-1,pedal,md,2
e4a2c648c83f52846,md-1-15-2-2,pedal,md,2
e65aad769b836f194,md-1-15-2-3,pedal,md,2
ec47e3e116cec26a9,md-1-15-2-4,pedal,md,2
n75bae375c1100e38--tenuto--1,,tenuto,derive,n75bae375c1100e38
n4c36b2ec4b294d23--staccato--1,,staccato,derive,n4c36b2ec4b294d23
ndab62d27672bcfe4--tenuto--1,,tenuto,derive,ndab62d27672bcfe4
n990bc94c5dbe1fc1--slur--start--1,n307--slur--start--1,slur,stamp,n990bc94c5dbe1fc1
n990bc94c5dbe1fc1--staccato--1,,staccato,derive,n990bc94c5dbe1fc1
n6482215ad0f6427f--tenuto--1,,tenuto,derive,n6482215ad0f6427f
n95ed488a0974e37e--slur--stop--1,n310--slur--stop--1,slur,stamp,n95ed488a0974e37e
n95ed488a0974e37e--staccato--1,,staccato,derive,n95ed488a0974e37e
n3bc310d8bd71cd0d--tenuto--1,,tenuto,derive,n3bc310d8bd71cd0d
na852ee566a00887c--staccato--1,,staccato,derive,na852ee566a00887c
n09c2722a96ff5f99--staccato--1,,staccato,derive,n09c2722a96ff5f99
n21f7ca8df7ae2827--tenuto--1,,tenuto,derive,n21f7ca8df7ae2827
n58041b41053969f4--staccato--1,,staccato,derive,n58041b41053969f4
e5646b8d5fcff2761,md-1-16-1-1,wedge,md,1
e1ec74ad3a589644a,md-1-16-1-2,wedge,md,1
eaafc832fae0cf556,md-1-16-2-1,pedal,md,2
eaf75711196b0fe45,md-1-16-2-2,pedal,md,2
ecf9d265fc971517f,md-1-16-2-3,pedal,md,2
e42a0165da301a688,md-1-16-2-4,pedal,md,2
nbd78a6a811c8d9df--tenuto--1,,tenuto,derive,nbd78a6a811c8d9df
nbd78a6a811c8d9df--accent--1,,accent,derive,nbd78a6a811c8d9df
n1369c0c13f16726d--staccato--1,,staccato,derive,n1369c0c13f16726d
n8cf46cce80fb27aa--tenuto--1,,tenuto,derive,n8cf46cce80fb27aa
n56645f9d4a0df677--staccato--1,,staccato,derive,n56645f9d4a0df677
n7dd33025730966df--slur--start--1,n332--slur--start--1,slur,stamp,n7dd33025730966df
n7dd33025730966df--tenuto--1,,tenuto,derive,n7dd33025730966df
n8d28d6360ee6cae9--slur--stop--1,n333--slur--stop--1,slur,stamp,n8d28d6360ee6cae9
n8d28d6360ee6cae9--staccato--1,,staccato,derive,n8d28d6360ee6cae9
n98cd4df0aa9a5730--tenuto--1,,tenuto,derive,n98cd4df0aa9a5730
n54193b2dbcc1aea2--staccato--1,,staccato,derive,n54193b2dbcc1aea2
nd360c6e83b48798a--staccato--1,,staccato,derive,nd360c6e83b48798a
n9deccc4f81f1df56--staccato--1,,staccato,derive,n9deccc4f81f1df56
efa4f13a4688121fb,md-1-17-1-1,wedge,md,1
e65d12059d1255b17,md-1-17-2-1,pedal,md,2
efd484ba68c3acff1,md-1-17-2-2,pedal,md,2
e97eed75f614050e8,md-1-17-2-3,pedal,md,2
e3ed85c547ea7610a,md-1-17-2-4,pedal,md,2
na6fbab08e7ef4658--tenuto--1,,tenuto,derive,na6fbab08e7ef4658
na6fbab08e7ef4658--accent--1,,accent,derive,na6fbab08e7ef4658
n970c3d877c65dd95--staccato--1,,staccato,derive,n970c3d877c65dd95
ndb7dc9a791fa5037--tenuto--1,,tenuto,derive,ndb7dc9a791fa5037
n08d7c08450a6d052--staccato--1,,staccato,derive,n08d7c08450a6d052
n397ef21fc894d9c9--slur--start--1,n355--slur--start--1,slur,stamp,n397ef21fc894d9c9
n397ef21fc894d9c9--tenuto--1,,tenuto,derive,n397ef21fc894d9c9
nd9bacbae892177c9--slur--stop--1,n356--slur--stop--1,slur,stamp,nd9bacbae892177c9
nd9bacbae892177c9--staccato--1,,staccato,derive,nd9bacbae892177c9
n68b37a92d1bea872--tenuto--1,,tenuto,derive,n68b37a92d1bea872
n02227254e40944ba--staccato--1,,staccato,derive,n02227254e40944ba
n12f1df387343e1bb--staccato--1,,staccato,derive,n12f1df387343e1bb
nc4cffa28e6ea6b9d--staccato--1,,staccato,derive,nc4cffa28e6ea6b9d
e1891e35a4265a9e6,md-1-18-1-1,wedge,md,1
ebd3c64814b7c9c59,md-1-18-1-2,wedge,md,1
e10345c9052e3168b,md-1-18-2-1,pedal,md,2
e5b231291b5bd17ae,md-1-18-2-2,pedal,md,2
e4edd6774e3e1a95a,md-1-18-2-3,pedal,md,2
e085dfffaadcc7863,md-1-18-2-4,pedal,md,2
ncfa58aea0ef283f6--accent--1,,accent,derive,ncfa58aea0ef283f6
n536a46e000600daf--staccato--1,,staccato,derive,n536a46e000600daf
n8d03eeabffc3af6e--staccato--1,,staccato,derive,n8d03eeabffc3af6e
n93d92cc2a7153665--strong-accent--1,,strong-accent,derive,n93d92cc2a7153665
n9e4eab759b5a86cf--staccato--1,,staccato,derive,n9e4eab759b5a86cf
n294d6f701f727c99--staccato--1,,staccato,derive,n294d6f701f727c99
ne389aecd5660a440--staccato--1,,staccato,derive,ne389aecd5660a440
n548282060c5cbc17--staccato--1,,staccato,derive,n548282060c5cbc17
ee1e23ba588906224,md-1-19-1-1,wedge,md,1
e5d30b4f0494c02e9,md-1-19-2-1,pedal,md,2
ee73b67461bc1e1a3,md-1-19-2-2,pedal,md,2
n398ad7b9bb81baec--strong-accent--1,,strong-accent,derive,n398ad7b9bb81baec
n46a0097faf36e844--staccato--1,,staccato,derive,n46a0097faf36e844
n9abb110ace442daa--staccato--1,,staccato,derive,n9abb110ace442daa
n67c3219bb55385d5--staccato--1,,staccato,derive,n67c3219bb55385d5
n3a6ef64d5e674d9a--staccato--1,,staccato,derive,n3a6ef64d5e674d9a
n078288d7bc4e788a--staccato--1,,staccato,derive,n078288d7bc4e788a
n6f57f522aceaee5b--staccato--1,,staccato,derive,n6f57f522aceaee5b
e41ab2eeee5f3d2bc,md-1-20-2-1,pedal,md,2
ec10611d2bfb2a5db,md-1-20-2-2,pedal,md,2
n9c1c5cd45b55a5e3--slur--start--1,n409--slur--start--1,slur,stamp,n9c1c5cd45b55a5e3
n9c1c5cd45b55a5e3--slur--start--2,n409--slur--start--2,slur,stamp,n9c1c5cd45b55a5e3
n2048e82e99aecf37--slur--stop--1,n410--slur--stop--1,slur,stamp,n2048e82e99aecf37
n8c5b40450ab8351f--slur--stop--1,n411--slur--stop--1,slur,stamp,n8c5b40450ab8351f
ncb3af66295dc1af4--slur--start--1,n428--slur--start--1,slur,stamp,ncb3af66295dc1af4
n6ee122d737a123e2--slur--stop--1,n430--slur--stop--1,slur,stamp,n6ee122d737a123e2
n7585a8b4a128b9b0--slur--start--1,n431--slur--start--1,slur,stamp,n7585a8b4a128b9b0
ne250193ebf15973b--slur--stop--1,n433--slur--stop--1,slur,stamp,ne250193ebf15973b
na01f4af145853c9a--slur--start--1,n434--slur--start--1,slur,stamp,na01f4af145853c9a
nf1336a5baacc7890--staccato--1,,staccato,derive,nf1336a5baacc7890
ef37d84a8b202a6ee,md-1-21-1-1,dynamics,md,1
e3300637f143df22c,md-1-21-1-2,words,md,1
ede95ae84c00baff2,md-1-21-1-3,octave-shift,md,1
ea41d7a84e9d82895,md-1-21-2-1,pedal,md,2
ed4e850c542e959e5,md-1-21-2-2,words,md,2
ecdde975f7f22e8ce,md-1-21-2-3,pedal,md,2
e0ea3ea07a161a4ea,md-1-21-2-4,pedal,md,2
eab5d1d3baf66af5b,md-1-21-2-5,pedal,md,2
eedab24b25760a920,md-1-21-2-6,pedal,md,2
ee264ef4feb5f6590,md-1-21-2-7,pedal,md,2
nf6d5b03cb5c0081c--slur--start--1,n471--slur--start--1,slur,stamp,nf6d5b03cb5c0081c
ne90142b3563b4677--slur--stop--1,n472--slur--stop--1,slur,stamp,ne90142b3563b4677
na77dfde11223c3a1--slur--start--1,n473--slur--start--1,slur,stamp,na77dfde11223c3a1
ncf53ecb4a4c78654--slur--stop--1,n476--slur--stop--1,slur,stamp,ncf53ecb4a4c78654
n8a3751f259ec4cda--slur--stop--1,n477--slur--stop--1,slur,stamp,n8a3751f259ec4cda
n14079b3295210c69--slur--start--1,n478--slur--start--1,slur,stamp,n14079b3295210c69
ncad0e4d37529c2fe--slur--stop--1,n480--slur--stop--1,slur,stamp,ncad0e4d37529c2fe
n3515239325348a3c--staccato--1,,staccato,derive,n3515239325348a3c
e1e7507e141b01adf,md-1-22-2-1,pedal,md,2
e6ae65f2bec13b5ed,md-1-22-2-2,pedal,md,2
e1c33afbd6ec918e9,md-1-22-2-3,pedal,md,2
e2b2b2a93566641a0,md-1-22-2-4,pedal,md,2
n7b310e2404c31d94--slur--start--1,n521--slur--start--1,slur,stamp,n7b310e2404c31d94
n78850142524cc467--slur--stop--1,n523--slur--stop--1,slur,stamp,n78850142524cc467
n078ba2cf0785ff4c--slur--start--1,n524--slur--start--1,slur,stamp,n078ba2cf0785ff4c
nca4bfc2083b0c637--slur--stop--1,n526--slur--stop--1,slur,stamp,nca4bfc2083b0c637
nb0a7bed2c8a06426--slur--start--1,n527--slur--start--1,slur,stamp,nb0a7bed2c8a06426
n5eaba402cae00901--staccato--1,,staccato,derive,n5eaba402cae00901
ed8bbc8ab7c3b198a,md-1-23-2-1,pedal,md,2
edd88875c901cf364,md-1-23-2-2,pedal,md,2
ea1922c538107b3d5,md-1-23-2-3,pedal,md,2
ee8e5bac1cb4292df,md-1-23-2-4,pedal,md,2
e636edbb7097bd0f0,md-1-23-2-5,pedal,md,2
e00788faa82dd88a0,md-1-23-2-6,pedal,md,2
nfeb3a35bce54fb89--slur--start--1,n564--slur--start--1,slur,stamp,nfeb3a35bce54fb89
n61eb5ac7359ef839--slur--stop--1,n565--slur--stop--1,slur,stamp,n61eb5ac7359ef839
n766500aa7e98e90b--slur--start--1,n566--slur--start--1,slur,stamp,n766500aa7e98e90b
n9bc28b71a5e7755a--slur--stop--1,n569--slur--stop--1,slur,stamp,n9bc28b71a5e7755a
nb1bfb0c685827b1b--slur--stop--1,n570--slur--stop--1,slur,stamp,nb1bfb0c685827b1b
nd31bee00cbdab843--slur--start--1,n571--slur--start--1,slur,stamp,nd31bee00cbdab843
n597d8f1ede18284a--slur--stop--1,n573--slur--stop--1,slur,stamp,n597d8f1ede18284a
ne41bcd50aceebb4e--staccato--1,,staccato,derive,ne41bcd50aceebb4e
e84b8c46354f1365b,md-1-24-2-1,pedal,md,2
e856ead21f4437a61,md-1-24-2-2,pedal,md,2
ead9e97b7da506770,md-1-24-2-3,pedal,md,2
eb8b1cdbb2fd36de4,md-1-24-2-4,pedal,md,2
neab3bc9f7e31be88--slur--start--1,n598--slur--start--1,slur,stamp,neab3bc9f7e31be88
nf838abf98f36fa38--slur--stop--1,n599--slur--stop--1,slur,stamp,nf838abf98f36fa38
eed1aa2480c736c0c,md-1-25-1-1,wedge,md,1
e1b919694a09b6285,md-1-25-1-2,wedge,md,1
e4c8912a5b29251d5,md-1-25-2-1,pedal,md,2
e66ad33933387fc7f,md-1-25-2-2,pedal,md,2
ee652edea3703c96d,md-1-25-2-3,pedal,md,2
e13f5498ebc7885a2,md-1-25-2-4,pedal,md,2
edbcd9f7500e157ec,md-1-25-2-5,pedal,md,2
ece8b990fef22c295,md-1-25-2-6,pedal,md,2
n003eb33be89a3369--slur--start--1,n666--slur--start--1,slur,stamp,n003eb33be89a3369
n92b29da43830e187--slur--stop--1,n670--slur--stop--1,slur,stamp,n92b29da43830e187
nffe323df85a75a79--slur--start--1,n671--slur--start--1,slur,stamp,nffe323df85a75a79
n5d4ba017c7862805--staccato--1,,staccato,derive,n5d4ba017c7862805
n5d4ba017c7862805--strong-accent--1,,strong-accent,derive,n5d4ba017c7862805
n5d4ba017c7862805--arpeggiate--1,n675--arpeggiate--1,arpeggiate,stamp,n5d4ba017c7862805
nfbaf1c56d1b20769--arpeggiate--1,n676--arpeggiate--1,arpeggiate,stamp,nfbaf1c56d1b20769
n58b1ccc0de064e06--arpeggiate--1,n677--arpeggiate--1,arpeggiate,stamp,n58b1ccc0de064e06
n1a1872954d539a11--arpeggiate--1,n678--arpeggiate--1,arpeggiate,stamp,n1a1872954d539a11
n72671ad53ddbc028--staccato--1,,staccato,derive,n72671ad53ddbc028
e4cbdc3b2f37886dc,md-1-26-2-1,pedal,md,2
edf8b57efe886f9b6,md-1-26-2-2,pedal,md,2
e1dccc4ae02b257f0,md-1-26-2-3,pedal,md,2
e5ace2a5dac1cd764,md-1-26-2-4,pedal,md,2
n11366704096ea10e--slur--stop--1,n689--slur--stop--1,slur,stamp,n11366704096ea10e
eb4cc7320b9be9829,md-1-27-1-1,wedge,md,1
ed7c2d83eb81b436a,md-1-27-1-2,wedge,md,1
nb12a3986f1420d4f--slur--start--1,n758--slur--start--1,slur,stamp,nb12a3986f1420d4f
ne0be0ef2438f0d67--slur--stop--1,n760--slur--stop--1,slur,stamp,ne0be0ef2438f0d67
nf673765cde9fa20c--slur--start--1,n761--slur--start--1,slur,stamp,nf673765cde9fa20c
nda170475d72c6104--slur--stop--1,n763--slur--stop--1,slur,stamp,nda170475d72c6104
n8d1c9f53831f4031--staccato--1,,staccato,derive,n8d1c9f53831f4031
n8d1c9f53831f4031--strong-accent--1,,strong-accent,derive,n8d1c9f53831f4031
n8d1c9f53831f4031--arpeggiate--1,n766--arpeggiate--1,arpeggiate,stamp,n8d1c9f53831f4031
n80a99f33c70b1427--arpeggiate--1,n767--arpeggiate--1,arpeggiate,stamp,n80a99f33c70b1427
na6f9627c152bbf57--arpeggiate--1,n768--arpeggiate--1,arpeggiate,stamp,na6f9627c152bbf57
n608ee952f51580cc--arpeggiate--1,n769--arpeggiate--1,arpeggiate,stamp,n608ee952f51580cc
n81aca417458188c9--staccato--1,,staccato,derive,n81aca417458188c9
ed737ad0e833ee1a2,md-1-28-1-1,wedge,md,1
ee06862741f7a23d2,md-1-28-1-2,wedge,md,1
n8b45f76d702696d1--slur--start--1,n792--slur--start--1,slur,stamp,n8b45f76d702696d1
nb4931ec784e8287d--slur--stop--1,n794--slur--stop--1,slur,stamp,nb4931ec784e8287d
n92951f88dd0ebc97--slur--start--1,n795--slur--start--1,slur,stamp,n92951f88dd0ebc97
n2d0544e65f64030b--slur--stop--1,n796--slur--stop--1,slur,stamp,n2d0544e65f64030b
nf3d0ce59a6fd5667--strong-accent--1,,strong-accent,derive,nf3d0ce59a6fd5667
nf3d0ce59a6fd5667--staccato--1,,staccato,derive,nf3d0ce59a6fd5667
e9ba9185023fad152,md-1-29-1-1,wedge,md,1
e1dc4149a5578fdeb,md-1-29-1-2,wedge,md,1
eada25f315793a289,md-1-29-2-1,pedal,md,2
e140f5f32b109a298,md-1-29-2-2,pedal,md,2
e8689c50bcc855a02,md-1-29-2-3,pedal,md,2
e70735cc03315f46a,md-1-29-2-4,pedal,md,2
e291329af8ce8b829,md-1-29-2-5,pedal,md,2
ef29840348e2bccea,md-1-29-2-6,pedal,md,2
n2e4d9fc6cf0fe64b--slur--start--1,n840--slur--start--1,slur,stamp,n2e4d9fc6cf0fe64b
nee2a4f644f5b141c--slur--stop--1,n842--slur--stop--1,slur,stamp,nee2a4f644f5b141c
n934633ff8a7cedbc--slur--start--1,n843--slur--start--1,slur,stamp,n934633ff8a7cedbc
n09cb40fd8ed61a35--slur--stop--1,n844--slur--stop--1,slur,stamp,n09cb40fd8ed61a35
n173d55a31739a046--strong-accent--1,,strong-accent,derive,n173d55a31739a046
n173d55a31739a046--staccato--1,,staccato,derive,n173d55a31739a046
ebdcb2a3841f442c4,md-1-30-1-1,wedge,md,1
e82484c9de7a9aff0,md-1-30-1-2,wedge,md,1
eaa8f61f7d611460f,md-1-30-2-1,pedal,md,2
edf80fb80a011adfd,md-1-30-2-2,pedal,md,2
e7230a0ee6dae7c4d,md-1-30-2-3,pedal,md,2
e0b57f211ddd7d54f,md-1-30-2-4,pedal,md,2
e7fbf5971c4a5ab14,md-1-30-2-5,pedal,md,2
e6c62fcc0ac5a2071,md-1-30-2-6,pedal,md,2
ec127f46917972d61,md-1-31-1-1,wedge,md,1
e1264336f334676dd,md-1-31-1-2,wedge,md,1
ebfa96eb8c401ce4a,md-1-31-2-1,pedal,md,2
e7c57aa85bff2c74b,md-1-31-2-2,pedal,md,2
ef296fd2dfb51471a,md-1-31-2-3,pedal,md,2
edbbe6f6496621685,md-1-31-2-4,pedal,md,2
ef8e1b5f42e086a06,md-1-31-2-5,pedal,md,2
e2c3b48ecb277d87f,md-1-31-2-6,pedal,md,2
n646963e503586345--slur--start--1,n928--slur--start--1,slur,stamp,n646963e503586345
n142c10cdf86b44cd--slur--stop--1,n929--slur--stop--1,slur,stamp,n142c10cdf86b44cd
ndc9d45de5b64aed6--slur--start--1,n930--slur--start--1,slur,stamp,ndc9d45de5b64aed6
n7eb657fdba8a374d--slur--stop--1,n931--slur--stop--1,slur,stamp,n7eb657fdba8a374d
nc6ff4e8642e9ef95--staccato--1,,staccato,derive,nc6ff4e8642e9ef95
n0c0eb95aad8e59bb--staccato--1,,staccato,derive,n0c0eb95aad8e59bb
nd4e33ad7f3fa80f6--staccato--1,,staccato,derive,nd4e33ad7f3fa80f6
na3137f122b6a8145--staccato--1,,staccato,derive,na3137f122b6a8145
n3ae35756af07f086--staccato--1,,staccato,derive,n3ae35756af07f086
n40971b6d667ed7e0--staccato--1,,staccato,derive,n40971b6d667ed7e0
e91dba1db4f520c0f,md-1-32-1-1,wedge,md,1
e9f4468ee7a93b0c6,md-1-32-1-2,wedge,md,1
ef40c58c6d7e4c857,md-1-32-1-3,octave-shift,md,1
eb30ed3fecd302dec,md-1-32-2-1,pedal,md,2
e59df2c5dc02382ac,md-1-32-2-2,pedal,md,2
e1feb5a580404654a,md-1-32-2-3,pedal,md,2
e279ea7d7c8a44ffa,md-1-32-2-4,pedal,md,2
e6a23b5d201f7c875,md-1-32-2-5,pedal,md,2
eb40a63f16400b275,md-1-32-2-6,pedal,md,2
edc0d784d01cd07f9,md-1-32-2-7,pedal,md,2
e2d5f043be8ae3a35,md-1-32-2-8,pedal,md,2
e8a57354e271c734f,md-1-32-2-9,pedal,md,2
e37a7dcb94c96f749,md-1-32-2-10,pedal,md,2
ec571d0e8aa02ec2a,md-1-32-2-11,pedal,md,2
n755c5fcaa33d50ab--slur--start--1,n959--slur--start--1,slur,stamp,n755c5fcaa33d50ab
ne02639474cfd7fc8--slur--stop--1,n961--slur--stop--1,slur,stamp,ne02639474cfd7fc8
ne02639474cfd7fc8--strong-accent--1,,strong-accent,derive,ne02639474cfd7fc8
n932c4b029f9f53aa--accent--1,,accent,derive,n932c4b029f9f53aa
e364b3b0c6349d387,md-1-33-1-1,octave-shift,md,1
eef722cc0a9b5b323,md-1-33-2-1,dynamics,md,2
eec5763788de12829,md-1-33-2-2,words,md,2
e6566ec9c44551d92,md-1-33-2-3,words,md,2
ed4bd67c8148a1702,md-1-33-2-4,octave-shift,md,2
e5c6cd4a41a9eb36b,md-1-33-2-5,pedal,md,2
n43b3c51c5f22101e--accent--1,,accent,derive,n43b3c51c5f22101e
n353367943fd2a554--accent--1,,accent,derive,n353367943fd2a554
e918fa81ba3169d0f,md-1-34-1-1,octave-shift,md,1
e2eb4059da8359420,md-1-34-2-1,octave-shift,md,2
e00754bc46df871b4,md-1-35-1-1,wedge,md,1
e0c091d82cfcf8618,md-1-35-1-2,wedge,md,1
n70ba207c5604c151--slur--start--1,n1022--slur--start--1,slur,stamp,n70ba207c5604c151
n70ba207c5604c151--staccato--1,,staccato,derive,n70ba207c5604c151
n9596cbae998cfac6--staccato--1,,staccato,derive,n9596cbae998cfac6
n626f7dd980cbf743--staccato--1,,staccato,derive,n626f7dd980cbf743
n445724fece0f993e--staccato--1,,staccato,derive,n445724fece0f993e
n7cb4cde9656b0628--staccato--1,,staccato,derive,n7cb4cde9656b0628
n691831ad35121e9f--staccato--1,,staccato,derive,n691831ad35121e9f
e547ce0b7de8f19ff,md-1-36-1-1,dynamics,md,1
n29a7644941acf93b--slur--stop--1,n1030--slur--stop--1,slur,stamp,n29a7644941acf93b
n29a7644941acf93b--staccato--1,,staccato,derive,n29a7644941acf93b
n9b3b690f35958f64--slur--start--1,n1032--slur--start--1,slur,stamp,n9b3b690f35958f64
n107b605630dc259c--slur--stop--1,n1033--slur--stop--1,slur,stamp,n107b605630dc259c
n107b605630dc259c--staccato--1,,staccato,derive,n107b605630dc259c
n0a6536302a6fb6c9--slur--start--1,n1034--slur--start--1,slur,stamp,n0a6536302a6fb6c9
nba969b9a0854c988--slur--stop--1,n1035--slur--stop--1,slur,stamp,nba969b9a0854c988
nba969b9a0854c988--staccato--1,,staccato,derive,nba969b9a0854c988
n0accae05b38aaea7--slur--start--1,n1037--slur--start--1,slur,stamp,n0accae05b38aaea7
nf3af8556468df6c6--slur--stop--1,n1038--slur--stop--1,slur,stamp,nf3af8556468df6c6
nf3af8556468df6c6--staccato--1,,staccato,derive,nf3af8556468df6c6
n6f6310cdfcd15da2--slur--start--1,n1040--slur--start--1,slur,stamp,n6f6310cdfcd15da2
n1ec1c0b67d4d7f55--slur--stop--1,n1041--slur--stop--1,slur,stamp,n1ec1c0b67d4d7f55
n1ec1c0b67d4d7f55--staccato--1,,staccato,derive,n1ec1c0b67d4d7f55
n15979fc47140e7fd--slur--start--1,n1044--slur--start--1,slur,stamp,n15979fc47140e7fd
nc656d639ca8a46b7--slur--stop--1,n1045--slur--stop--1,slur,stamp,nc656d639ca8a46b7
nc656d639ca8a46b7--staccato--1,,staccato,derive,nc656d639ca8a46b7
ea80649e20e16ca48,md-1-37-2-1,dynamics,md,2
neec0f6a3417b7e8d--slur--start--1,n1047--slur--start--1,slur,stamp,neec0f6a3417b7e8d
n2cc2381260e09bec--slur--stop--1,n1048--slur--stop--1,slur,stamp,n2cc2381260e09bec
n2cc2381260e09bec--staccato--1,,staccato,derive,n2cc2381260e09bec
nba6a0b02a53697ae--staccato--1,,staccato,derive,nba6a0b02a53697ae
n9fbb9d88ae1f76dd--staccato--1,,staccato,derive,n9fbb9d88ae1f76dd
n48a93014721fd61c--slur--start--1,n1056--slur--start--1,slur,stamp,n48a93014721fd61c
n48a93014721fd61c--staccato--1,,staccato,derive,n48a93014721fd61c
n829f22f512f63030--slur--start--1,n1058--slur--start--1,slur,stamp,n829f22f512f63030
n214b1797744895c4--slur--stop--1,n1059--slur--stop--1,slur,stamp,n214b1797744895c4
n214b1797744895c4--staccato--1,,staccato,derive,n214b1797744895c4
n3b93ca46615be77a--staccato--1,,staccato,derive,n3b93ca46615be77a
n520463847f0be6ef--slur--stop--1,n1066--slur--stop--1,slur,stamp,n520463847f0be6ef
n520463847f0be6ef--staccato--1,,staccato,derive,n520463847f0be6ef
n9d45df4bf7379990--staccato--1,,staccato,derive,n9d45df4bf7379990
n4510ddac2b309a11--staccato--1,,staccato,derive,n4510ddac2b309a11
n86b3f17eeea86830--slur--start--1,n1074--slur--start--1,slur,stamp,n86b3f17eeea86830
n86b3f17eeea86830--staccato--1,,staccato,derive,n86b3f17eeea86830
n8ef3c1faceda3595--staccato--1,,staccato,derive,n8ef3c1faceda3595
nca9cf371fd0c65b8--staccato--1,,staccato,derive,nca9cf371fd0c65b8
e16f0ffd53c9cc79d,md-1-39-1-1,wedge,md,1
e0f74c03215947874,md-1-39-1-2,wedge,md,1
e1c4d39a8b7d748e5,md-1-39-2-1,pedal,md,2
e84425b8a146d665d,md-1-39-2-2,pedal,md,2
eefe894bd7a4f3d40,md-1-39-2-3,pedal,md,2
eb3f21085c425f5a1,md-1-39-2-4,pedal,md,2
n94b0581f4aec703e--slur--stop--1,n1084--slur--stop--1,slur,stamp,n94b0581f4aec703e
n94b0581f4aec703e--staccato--1,,staccato,derive,n94b0581f4aec703e
n4a1c6891ce9e54fe--staccato--1,,staccato,derive,n4a1c6891ce9e54fe
n35f4be1948f7c3cc--staccato--1,,staccato,derive,n35f4be1948f7c3cc
n2331dbe01d612e8c--fermata--upright--1,n1090--fermata--upright--1,fermata,stamp,n2331dbe01d612e8c
nf7eb74d5e79dc227--staccato--1,,staccato,derive,nf7eb74d5e79dc227
n67f9fd54f18ca793--staccato--1,,staccato,derive,n67f9fd54f18ca793
nf098ebb2875312ed--fermata--inverted--1,n1098--fermata--inverted--1,fermata,stamp,nf098ebb2875312ed
nf098ebb2875312ed--staccato--1,,staccato,derive,nf098ebb2875312ed
ec0e3d7d2335a79fd,md-1-40-2-1,words,md,2
e71800a8e57b2a832,md-1-40-2-2,pedal,md,2
e0c73adaf8bd98741,md-1-40-2-3,pedal,md,2
e5bd6450ddfbcf791,md-1-40-2-4,pedal,md,2
eb1ac65acedcf5749,md-1-40-2-5,words,md,2
ee79eec521d3f19f3,md-1-40-2-6,pedal,md,2
nfdf6c8095c278404--staccato--1,,staccato,derive,nfdf6c8095c278404
n451e35108885e013--staccato--1,,staccato,derive,n451e35108885e013
nb3422769970568f2--staccato--1,,staccato,derive,nb3422769970568f2
n316f6a2ac27d57de--staccato--1,,staccato,derive,n316f6a2ac27d57de
n1bdf72889103f5a1--staccato--1,,staccato,derive,n1bdf72889103f5a1
nbc7f7afb793cedee--staccato--1,,staccato,derive,nbc7f7afb793cedee
e50bfa0ee44705c20,md-1-41-1-1,words,md,1
e1670ffe112c46abe,md-1-41-1-2,dynamics,md,1
eebecf7a00ce95b64,md-1-41-2-1,pedal,md,2
e721ad1a7fd92d6c1,md-1-41-2-2,pedal,md,2
e1bc67c1bdfd8ce08,md-1-41-2-3,pedal,md,2
e738893cc1c2a5b8b,md-1-41-2-4,pedal,md,2
ne5acabc81b894219--staccato--1,,staccato,derive,ne5acabc81b894219
n927293af2099199f--staccato--1,,staccato,derive,n927293af2099199f
n8e7e13f3d200881a--staccato--1,,staccato,derive,n8e7e13f3d200881a
nfb961b8d39c0842d--slur--start--1,n1133--slur--start--1,slur,stamp,nfb961b8d39c0842d
nfb961b8d39c0842d--staccato--1,,staccato,derive,nfb961b8d39c0842d
nfc58a42e141581b2--staccato--1,,staccato,derive,nfc58a42e141581b2
n7c52c3ab10dde98b--staccato--1,,staccato,derive,n7c52c3ab10dde98b
e1f32c0ec4aee1fa8,md-1-42-2-1,pedal,md,2
ec473cd1719492b8e,md-1-42-2-2,pedal,md,2
nc88ed17c749877f1--slur--stop--1,n1142--slur--stop--1,slur,stamp,nc88ed17c749877f1
n61c4e54f1d833ea8--staccato--1,,staccato,derive,n61c4e54f1d833ea8
ndb83ba26b90c5541--staccato--1,,staccato,derive,ndb83ba26b90c5541
n3594b6f3383012a7--staccato--1,,staccato,derive,n3594b6f3383012a7
n0b6dae50fcac4605--staccato--1,,staccato,derive,n0b6dae50fcac4605
n0a1e17d50cf9450d--staccato--1,,staccato,derive,n0a1e17d50cf9450d
n9718bfb4a8d982d8--staccato--1,,staccato,derive,n9718bfb4a8d982d8
e420b644b68819eaa,md-1-43-2-1,pedal,md,2
e2f957a9715aecb23,md-1-43-2-2,pedal,md,2
e5030fdaf74ce346e,md-1-43-2-3,pedal,md,2
edb148b38864820c1,md-1-43-2-4,pedal,md,2
n46a720b268eec16e--staccato--1,,staccato,derive,n46a720b268eec16e
nba4ccd07f3baeee2--staccato--1,,staccato,derive,nba4ccd07f3baeee2
nb58916bc5536fb2a--staccato--1,,staccato,derive,nb58916bc5536fb2a
n09c4d2502160fbd9--slur--start--1,n1172--slur--start--1,slur,stamp,n09c4d2502160fbd9
nf1d658e63c643bbf--staccato--1,,staccato,derive,nf1d658e63c643bbf
n28cc1f91e28eaf17--staccato--1,,staccato,derive,n28cc1f91e28eaf17
nb54365b49723da0a--staccato--1,,staccato,derive,nb54365b49723da0a
e51ace7a58a625699,md-1-44-2-1,pedal,md,2
edbac591514cb41da,md-1-44-2-2,pedal,md,2
e7ecb53fd8068d657,md-1-44-2-3,pedal,md,2
e6933c6fe2cbc68f3,md-1-44-2-4,pedal,md,2
n8d28f95f6c31274f--slur--stop--1,n1182--slur--stop--1,slur,stamp,n8d28f95f6c31274f
n3e7c6785bcad226e--staccato--1,,staccato,derive,n3e7c6785bcad226e
n548bebab13e74217--staccato--1,,staccato,derive,n548bebab13e74217
n8c93af9f41087df3--staccato--1,,staccato,derive,n8c93af9f41087df3
n2da7adcd185c82e9--staccato--1,,staccato,derive,n2da7adcd185c82e9
n907346875cdd6fbf--staccato--1,,staccato,derive,n907346875cdd6fbf
n2524510248ce2787--staccato--1,,staccato,derive,n2524510248ce2787
eef350bb838a3ca85,md-1-45-2-1,pedal,md,2
ea82edb9a0e288446,md-1-45-2-2,pedal,md,2
ea1d1a868b52593fd,md-1-45-2-3,pedal,md,2
e607bf605dee23a30,md-1-45-2-4,pedal,md,2
nc6e426d322ebbb0b--staccato--1,,staccato,derive,nc6e426d322ebbb0b
n5068deab1171e197--staccato--1,,staccato,derive,n5068deab1171e197
n40b871855256492d--staccato--1,,staccato,derive,n40b871855256492d
nffd3949ffac7381b--slur--start--1,n1215--slur--start--1,slur,stamp,nffd3949ffac7381b
nffd3949ffac7381b--staccato--1,,staccato,derive,nffd3949ffac7381b
n1c1b27029d421ab2--staccato--1,,staccato,derive,n1c1b27029d421ab2
n4b0d3714b94266b9--staccato--1,,staccato,derive,n4b0d3714b94266b9
e348e5beb75839494,md-1-46-2-1,pedal,md,2
e7f74664684ade65b,md-1-46-2-2,pedal,md,2
n6f40ac45000180a5--slur--stop--1,n1224--slur--stop--1,slur,stamp,n6f40ac45000180a5
n374c820284d0da28--staccato--1,,staccato,derive,n374c820284d0da28
n73f306ed49810b87--staccato--1,,staccato,derive,n73f306ed49810b87
n4764f345022ead3d--staccato--1,,staccato,derive,n4764f345022ead3d
n2ab0874c683c867a--staccato--1,,staccato,derive,n2ab0874c683c867a
n46e65b1319d50105--staccato--1,,staccato,derive,n46e65b1319d50105
n1bca6c4cf11f1799--staccato--1,,staccato,derive,n1bca6c4cf11f1799
e30ef0e59ed46f4e0,md-1-47-2-1,pedal,md,2
e2142d7754844b933,md-1-47-2-2,pedal,md,2
efd2b743161efb5c8,md-1-47-2-3,pedal,md,2
e8dd8d514884bd5a1,md-1-47-2-4,pedal,md,2
ndb9762229209f6df--staccato--1,,staccato,derive,ndb9762229209f6df
n63e739a8997c5537--staccato--1,,staccato,derive,n63e739a8997c5537
n4666995f24fe0852--staccato--1,,staccato,derive,n4666995f24fe0852
n2cf7875e67b657d2--staccato--1,,staccato,derive,n2cf7875e67b657d2
nfccdf274c72fa01a--staccato--1,,staccato,derive,nfccdf274c72fa01a
n67b32fb8f5797b2c--staccato--1,,staccato,derive,n67b32fb8f5797b2c
e1a105e4181875f8f,md-1-48-1-1,words,md,1
e6c377e1caf519920,md-1-48-2-1,pedal,md,2
e9e78eac516f84ff6,md-1-48-2-2,pedal,md,2
ebc66778243e568d0,md-1-48-2-3,pedal,md,2
e76a81d4c11bd1747,md-1-48-2-4,pedal,md,2
n3bf258d61d5a725b--accent--1,,accent,derive,n3bf258d61d5a725b
n574b1a7ee107d30f--staccato--1,,staccato,derive,n574b1a7ee107d30f
n986e93aae7048fb2--tenuto--1,,tenuto,derive,n986e93aae7048fb2
n0cbe6fec20e94b65--staccato--1,,staccato,derive,n0cbe6fec20e94b65
n3ab6410fa0e4f142--tenuto--1,,tenuto,derive,n3ab6410fa0e4f142
n00b02895b294ac2f--staccato--1,,staccato,derive,n00b02895b294ac2f
n397dc67bb11aea2c--tenuto--1,,tenuto,derive,n397dc67bb11aea2c
n3cf34a2bd1839060--staccato--1,,staccato,derive,n3cf34a2bd1839060
n2ea5a540d08bbc9f--staccato--1,,staccato,derive,n2ea5a540d08bbc9f
n27752d7a7918cf2f--staccato--1,,staccato,derive,n27752d7a7918cf2f
eed5acd95b8582b93,md-1-49-2-1,words,md,2
ea8ce283bc34d6e27,md-1-49-2-2,pedal,md,2
e784521570d04ec0b,md-1-49-2-3,pedal,md,2
n71471d190dddb2b0--slur--start--1,n1286--slur--start--1,slur,stamp,n71471d190dddb2b0
n71471d190dddb2b0--tenuto--1,,tenuto,derive,n71471d190dddb2b0
n85582c0c8428cd61--slur--stop--1,n1287--slur--stop--1,slur,stamp,n85582c0c8428cd61
n85582c0c8428cd61--staccato--1,,staccato,derive,n85582c0c8428cd61
n3914a28c76244107--slur--start--1,n1290--slur--start--1,slur,stamp,n3914a28c76244107
n3914a28c76244107--tenuto--1,,tenuto,derive,n3914a28c76244107
n795436c578dcb944--slur--stop--1,n1291--slur--stop--1,slur,stamp,n795436c578dcb944
n795436c578dcb944--staccato--1,,staccato,derive,n795436c578dcb944
nd4f65c6d10b9dff4--slur--start--1,n1293--slur--start--1,slur,stamp,nd4f65c6d10b9dff4
nd4f65c6d10b9dff4--tenuto--1,,tenuto,derive,nd4f65c6d10b9dff4
nda155db100cc5a01--slur--stop--1,n1294--slur--stop--1,slur,stamp,nda155db100cc5a01
nda155db100cc5a01--staccato--1,,staccato,derive,nda155db100cc5a01
n9ef9c9c6bb9d43bc--tenuto--1,,tenuto,derive,n9ef9c9c6bb9d43bc
n3833ef579649e476--staccato--1,,staccato,derive,n3833ef579649e476
nd2b54e6266f3302b--staccato--1,,staccato,derive,nd2b54e6266f3302b
n3876b9b1a42739a1--slur--start--1,n1305--slur--start--1,slur,stamp,n3876b9b1a42739a1
n3876b9b1a42739a1--tenuto--1,,tenuto,derive,n3876b9b1a42739a1
nad5482ed8dc0918d--slur--stop--1,n1306--slur--stop--1,slur,stamp,nad5482ed8dc0918d
nad5482ed8dc0918d--staccato--1,,staccato,derive,nad5482ed8dc0918d
e51ee6116d7b706f3,md-1-50-1-1,wedge,md,1
e3f4264cb274a45aa,md-1-50-1-2,wedge,md,1
e8c3a9338a77e5e27,md-1-50-2-1,pedal,md,2
e1572c1686c22d954,md-1-50-2-2,pedal,md,2
nc89434f70b170ef7--tenuto--1,,tenuto,derive,nc89434f70b170ef7
n84fb118cebe24b33--staccato--1,,staccato,derive,n84fb118cebe24b33
nb02376d3f0945741--tenuto--1,,tenuto,derive,nb02376d3f0945741
ndf456e137b2abd8d--staccato--1,,staccato,derive,ndf456e137b2abd8d
nb54afc3acab9c511--tenuto--1,,tenuto,derive,nb54afc3acab9c511
ndae740caa17cf048--staccato--1,,staccato,derive,ndae740caa17cf048
ndbdf7bf100c6ae5e--tenuto--1,,tenuto,derive,ndbdf7bf100c6ae5e
nd3d503746eb335dc--staccato--1,,staccato,derive,nd3d503746eb335dc
ne2c6afbedeeb36fb--staccato--1,,staccato,derive,ne2c6afbedeeb36fb
nebe6d70e171922c5--staccato--1,,staccato,derive,nebe6d70e171922c5
e98dceba5613431ac,md-1-51-2-1,pedal,md,2
e396886706d87483a,md-1-51-2-2,pedal,md,2
e2a3c8101b67ad4f7,md-1-51-2-3,pedal,md,2
e62b7c789257c1a5f,md-1-51-2-4,pedal,md,2
n3d7fad0ca427326c--tenuto--1,,tenuto,derive,n3d7fad0ca427326c
nbb9446ad78dceae8--staccato--1,,staccato,derive,nbb9446ad78dceae8
nf6646be98f85e093--tenuto--1,,tenuto,derive,nf6646be98f85e093
n295652707026853f--slur--start--1,n1336--slur--start--1,slur,stamp,n295652707026853f
n295652707026853f--staccato--1,,staccato,derive,n295652707026853f
n3b2f1d08bc1db143--tenuto--1,,tenuto,derive,n3b2f1d08bc1db143
n09e5571e2c2fad67--slur--stop--1,n1339--slur--stop--1,slur,stamp,n09e5571e2c2fad67
n09e5571e2c2fad67--staccato--1,,staccato,derive,n09e5571e2c2fad67
n46c37fad164350c7--tenuto--1,,tenuto,derive,n46c37fad164350c7
n71d886db1ae42264--staccato--1,,staccato,derive,n71d886db1ae42264
n438eb9127c05d438--staccato--1,,staccato,derive,n438eb9127c05d438
n3b7aecc8b3d17f33--tenuto--1,,tenuto,derive,n3b7aecc8b3d17f33
n925eb47873a17dd8--staccato--1,,staccato,derive,n925eb47873a17dd8
e435f2fe7d36405b0,md-1-52-1-1,wedge,md,1
e3c2c7e2d5b64ad7a,md-1-52-1-2,wedge,md,1
e8ea63e2b61d39899,md-1-52-2-1,pedal,md,2
ef5fcbba88a0a7304,md-1-52-2-2,pedal,md,2
e799fd72bcf048178,md-1-52-2-3,pedal,md,2
e8193e68d08fe25ee,md-1-52-2-4,pedal,md,2
n1fcfc461cfa66ebf--tenuto--1,,tenuto,derive,n1fcfc461cfa66ebf
n5cafeb9dc5670944--staccato--1,,staccato,derive,n5cafeb9dc5670944
n52120d4a710ad218--tenuto--1,,tenuto,derive,n52120d4a710ad218
nb3c9c2cf85922d5a--staccato--1,,staccato,derive,nb3c9c2cf85922d5a
n1c97e78920ede67c--slur--start--1,n1361--slur--start--1,slur,stamp,n1c97e78920ede67c
n1c97e78920ede67c--tenuto--1,,tenuto,derive,n1c97e78920ede67c
nd037d94ddb9951b0--slur--stop--1,n1362--slur--stop--1,slur,stamp,nd037d94ddb9951b0
nd037d94ddb9951b0--staccato--1,,staccato,derive,nd037d94ddb9951b0
n4b58316c7a4e6874--tenuto--1,,tenuto,derive,n4b58316c7a4e6874
n93afc9f7527e9b6c--staccato--1,,staccato,derive,n93afc9f7527e9b6c
n7a6b4daafc5d417e--staccato--1,,staccato,derive,n7a6b4daafc5d417e
n99a6d008ed2ebbac--staccato--1,,staccato,derive,n99a6d008ed2ebbac
e24d314a2060f665f,md-1-53-1-1,wedge,md,1
e73175574cc8f3585,md-1-53-1-2,wedge,md,1
e07299ebacdd65f06,md-1-53-2-1,pedal,md,2
e68b18579b4d9c730,md-1-53-2-2,pedal,md,2
e683e6e37f2d3db35,md-1-53-2-3,pedal,md,2
e79e02e8b8e3a42aa,md-1-53-2-4,pedal,md,2
n831946fd764e5a40--tenuto--1,,tenuto,derive,n831946fd764e5a40
n9608ba7052c076d4--staccato--1,,staccato,derive,n9608ba7052c076d4
n3a0e08ec3cf1945e--tenuto--1,,tenuto,derive,n3a0e08ec3cf1945e
ne1a2e0e9f8a6548d--staccato--1,,staccato,derive,ne1a2e0e9f8a6548d
n2c7821c60853b79b--slur--start--1,n1384--slur--start--1,slur,stamp,n2c7821c60853b79b
n2c7821c60853b79b--tenuto--1,,tenuto,derive,n2c7821c60853b79b
nb11c479824359d86--slur--stop--1,n1385--slur--stop--1,slur,stamp,nb11c479824359d86
nb11c479824359d86--staccato--1,,staccato,derive,nb11c479824359d86
n28e35ef09ee6cbb7--tenuto--1,,tenuto,derive,n28e35ef09ee6cbb7
nae2745a54a6d5b08--staccato--1,,staccato,derive,nae2745a54a6d5b08
n66408901dde526b2--staccato--1,,staccato,derive,n66408901dde526b2
naae6f9b68a2f0fc0--staccato--1,,staccato,derive,naae6f9b68a2f0fc0
e99ef4769d9c30d0c,md-1-54-2-1,pedal,md,2
ee25d15e3e38b8548,md-1-54-2-2,pedal,md,2
e2cd37bfa053a22a6,md-1-54-2-3,pedal,md,2
ec0c5562def4f948d,md-1-54-2-4,pedal,md,2
n12aea273d085de6c--tenuto--1,,tenuto,derive,n12aea273d085de6c
n8f475aa585bd333b--staccato--1,,staccato,derive,n8f475aa585bd333b
nbb62f63845082f18--staccato--1,,staccato,derive,nbb62f63845082f18
nd1f75b669043b931--strong-accent--1,,strong-accent,derive,nd1f75b669043b931
n786e437d66446d8d--staccato--1,,staccato,derive,n786e437d66446d8d
nf6182fe16a8ff459--staccato--1,,staccato,derive,nf6182fe16a8ff459
n4eb7fe40f37e405b--staccato--1,,staccato,derive,n4eb7fe40f37e405b
n4355d97820798660--staccato--1,,staccato,derive,n4355d97820798660
e2c6009388ef9dd83,md-1-55-2-1,pedal,md,2
e0af2eb48df131e4d,md-1-55-2-2,pedal,md,2
e23b842a32c437827,md-1-55-2-3,words,md,2
ef33e7d20197d5da6,md-1-55-2-4,pedal,md,2
eb5f1335489e5946b,md-1-55-2-5,pedal,md,2
necfecdac0df5ffc1--strong-accent--1,,strong-accent,derive,necfecdac0df5ffc1
n59d0dbe2cbb44151--staccato--1,,staccato,derive,n59d0dbe2cbb44151
n34118a8dae29c95e--staccato--1,,staccato,derive,n34118a8dae29c95e
n93faa80db78e307f--staccato--1,,staccato,derive,n93faa80db78e307f
n1c3739da645b40d0--staccato--1,,staccato,derive,n1c3739da645b40d0
nde462b0fae952417--slur--start--1,n1431--slur--start--1,slur,stamp,nde462b0fae952417
nde462b0fae952417--staccato--1,,staccato,derive,nde462b0fae952417
n0b46dda020a13fdd--staccato--1,,staccato,derive,n0b46dda020a13fdd
eaf3482744d1932fc,md-1-56-2-1,pedal,md,2
eceae2698d0ba1965,md-1-56-2-2,pedal,md,2
nc53ba0c66bc11270--slur--stop--1,n1438--slur--stop--1,slur,stamp,nc53ba0c66bc11270
nc53ba0c66bc11270--slur--start--2,n1438--slur--start--2,slur,stamp,nc53ba0c66bc11270
n23caefced31fa4f1--slur--stop--1,n1440--slur--stop--1,slur,stamp,n23caefced31fa4f1
nafef8c3ec55578ab--slur--start--1,n1457--slur--start--1,slur,stamp,nafef8c3ec55578ab
n4a3ffd55f016a87c--slur--stop--1,n1459--slur--stop--1,slur,stamp,n4a3ffd55f016a87c
nb5320b7df35f4a06--slur--start--1,n1460--slur--start--1,slur,stamp,nb5320b7df35f4a06
ne4f8111c14dda00d--slur--stop--1,n1462--slur--stop--1,slur,stamp,ne4f8111c14dda00d
ne7b69ed20fc064ef--slur--start--1,n1463--slur--start--1,slur,stamp,ne7b69ed20fc064ef
ncd01a0d1831ca182--staccato--1,,staccato,derive,ncd01a0d1831ca182
e9d582103412b903f,md-1-57-1-1,dynamics,md,1
ea395b02bf4c2ed46,md-1-57-1-2,words,md,1
ef0be4250de520493,md-1-57-1-3,octave-shift,md,1
e383cc20acd54c8f5,md-1-57-2-1,pedal,md,2
ea479fa3bab884e43,md-1-57-2-2,words,md,2
ea60b3b9b4b9f49ec,md-1-57-2-3,pedal,md,2
e74df46431e2f4ad1,md-1-57-2-4,pedal,md,2
e791b8a5eae844404,md-1-57-2-5,pedal,md,2
e229cd43bc74f829d,md-1-57-2-6,pedal,md,2
e33bb1bd78bde0682,md-1-57-2-7,pedal,md,2
n05364985cfefbb69--slur--start--1,n1499--slur--start--1,slur,stamp,n05364985cfefbb69
na52c2d3b614d70fa--slur--stop--1,n1501--slur--stop--1,slur,stamp,na52c2d3b614d70fa
n6fc3106ebfb0996c--slur--start--1,n1502--slur--start--1,slur,stamp,n6fc3106ebfb0996c
nbadf09c46b661e39--slur--stop--1,n1504--slur--stop--1,slur,stamp,nbadf09c46b661e39
ndece073ea2572dd7--slur--stop--1,n1506--slur--stop--1,slur,stamp,ndece073ea2572dd7
n74236afd88b31a08--slur--start--1,n1507--slur--start--1,slur,stamp,n74236afd88b31a08
nfdcda5e574f7ee2c--slur--stop--1,n1509--slur--stop--1,slur,stamp,nfdcda5e574f7ee2c
n3c3f61f745c08f15--staccato--1,,staccato,derive,n3c3f61f745c08f15
e7ed7b1cf8b780007,md-1-58-2-1,pedal,md,2
e39976bfd36ce126e,md-1-58-2-2,pedal,md,2
ee5e99675b3bb22c9,md-1-58-2-3,pedal,md,2
e573a25fe14a6cb6c,md-1-58-2-4,pedal,md,2
n11409cda58d9c3e7--slur--start--1,n1551--slur--start--1,slur,stamp,n11409cda58d9c3e7
ndf35c805b72af539--slur--stop--1,n1553--slur--stop--1,slur,stamp,ndf35c805b72af539
n44ddf85a9fd43e59--slur--start--1,n1554--slur--start--1,slur,stamp,n44ddf85a9fd43e59
nf7184cdf2785b805--slur--stop--1,n1556--slur--stop--1,slur,stamp,nf7184cdf2785b805
n3a3710f3661161d5--slur--start--1,n1557--slur--start--1,slur,stamp,n3a3710f3661161d5
n8e184c8fc1ecb92e--staccato--1,,staccato,derive,n8e184c8fc1ecb92e
e3d32aeea31f432fe,md-1-59-2-1,pedal,md,2
e8561ef17cdd83499,md-1-59-2-2,pedal,md,2
ef770faac68e69fbf,md-1-59-2-3,pedal,md,2
e6d65bed619cc266c,md-1-59-2-4,pedal,md,2
ee9142673b8736322,md-1-59-2-5,pedal,md,2
ecddea5a025ae5c1e,md-1-59-2-6,pedal,md,2
n7a14a414f076dc4a--slur--start--1,n1593--slur--start--1,slur,stamp,n7a14a414f076dc4a
nb5376c190cdfb633--slur--stop--1,n1595--slur--stop--1,slur,stamp,nb5376c190cdfb633
nb11a90bdaec54a92--slur--start--1,n1596--slur--start--1,slur,stamp,nb11a90bdaec54a92
na3f63ae21e305016--slur--stop--1,n1598--slur--stop--1,slur,stamp,na3f63ae21e305016
n9ab7784b5a4a3da4--slur--stop--1,n1600--slur--stop--1,slur,stamp,n9ab7784b5a4a3da4
n9a0a53fc0c97e79b--slur--start--1,n1601--slur--start--1,slur,stamp,n9a0a53fc0c97e79b
ne16f1533ac8e7e09--slur--stop--1,n1603--slur--stop--1,slur,stamp,ne16f1533ac8e7e09
n80f10b4900321216--staccato--1,,staccato,derive,n80f10b4900321216
e68bca55ae75b593f,md-1-60-2-1,pedal,md,2
eac69286ed84f9172,md-1-60-2-2,pedal,md,2
ef06da020a9c76d6c,md-1-60-2-3,pedal,md,2
e2ebf6708d1b6c7bc,md-1-60-2-4,pedal,md,2
n55b88e59a2612078--slur--start--1,n1645--slur--start--1,slur,stamp,n55b88e59a2612078
n411101c6a14849cb--slur--stop--1,n1647--slur--stop--1,slur,stamp,n411101c6a14849cb
n6237bc66a33dab55--slur--start--1,n1648--slur--start--1,slur,stamp,n6237bc66a33dab55
n1eec3eb3dbb073ed--slur--stop--1,n1650--slur--stop--1,slur,stamp,n1eec3eb3dbb073ed
n199d06e7f315e0ef--slur--start--1,n1651--slur--start--1,slur,stamp,n199d06e7f315e0ef
e670aaad145f92cdb,md-1-61-1-1,wedge,md,1
ee383dbafe71b54ec,md-1-61-1-2,wedge,md,1
ed49da781b055f04f,md-1-61-2-1,pedal,md,2
ea905d2155bd435e0,md-1-61-2-2,pedal,md,2
e59457571e7c54680,md-1-61-2-3,pedal,md,2
e7db033a1f70d05d5,md-1-61-2-4,pedal,md,2
ecadcbd96440a4b13,md-1-61-2-5,pedal,md,2
ec2f66181a1d744ab,md-1-61-2-6,pedal,md,2
ne4fb4b364448dfab--slur--start--1,n1693--slur--start--1,slur,stamp,ne4fb4b364448dfab
ndb9d6248645e64bd--slur--stop--1,n1695--slur--stop--1,slur,stamp,ndb9d6248645e64bd
ndb9d6248645e64bd--slur--start--2,n1695--slur--start--2,slur,stamp,ndb9d6248645e64bd
nb49d0adf7d558c62--slur--stop--1,n1697--slur--stop--1,slur,stamp,nb49d0adf7d558c62
n4f5e45a59a689b71--slur--stop--1,n1698--slur--stop--1,slur,stamp,n4f5e45a59a689b71
n41cb0c2daf9ba2ed--staccato--1,,staccato,derive,n41cb0c2daf9ba2ed
n41cb0c2daf9ba2ed--strong-accent--1,,strong-accent,derive,n41cb0c2daf9ba2ed
n41cb0c2daf9ba2ed--arpeggiate--1,n1700--arpeggiate--1,arpeggiate,stamp,n41cb0c2daf9ba2ed
nf290dfec7f4d5d35--arpeggiate--1,n1701--arpeggiate--1,arpeggiate,stamp,nf290dfec7f4d5d35
n8e2029b93404290a--arpeggiate--1,n1702--arpeggiate--1,arpeggiate,stamp,n8e2029b93404290a
na8460e17768e30a1--arpeggiate--1,n1703--arpeggiate--1,arpeggiate,stamp,na8460e17768e30a1
n5753714a812c79ac--staccato--1,,staccato,derive,n5753714a812c79ac
n5753714a812c79ac--strong-accent--1,,strong-accent,derive,n5753714a812c79ac
n5753714a812c79ac--arpeggiate--1,n1706--arpeggiate--1,arpeggiate,stamp,n5753714a812c79ac
ne3910db04629fd55--arpeggiate--1,n1707--arpeggiate--1,arpeggiate,stamp,ne3910db04629fd55
n74ac04cd6250a76b--arpeggiate--1,n1708--arpeggiate--1,arpeggiate,stamp,n74ac04cd6250a76b
n145a0563ea006e5a--arpeggiate--1,n1709--arpeggiate--1,arpeggiate,stamp,n145a0563ea006e5a
e3195d33358ea17d1,md-1-62-1-1,wedge,md,1
ed047034670df411a,md-1-62-1-2,wedge,md,1
e067a774dae3d58b7,md-1-62-2-1,pedal,md,2
e7e4023ce7f34da1e,md-1-62-2-2,pedal,md,2
ee2e62f7c3fc1d65f,md-1-62-2-3,pedal,md,2
eb97fd2ce3ea22c2c,md-1-62-2-4,pedal,md,2
n46987fd805b22dd6--slur--start--1,n1733--slur--start--1,slur,stamp,n46987fd805b22dd6
nfa26068fa2740918--slur--stop--1,n1735--slur--stop--1,slur,stamp,nfa26068fa2740918
nd6ff7b903e7b2ccd--slur--start--1,n1736--slur--start--1,slur,stamp,nd6ff7b903e7b2ccd
nca4a67cc518db985--slur--stop--1,n1738--slur--stop--1,slur,stamp,nca4a67cc518db985
n67ddbd7ce5486df3--slur--start--1,n1739--slur--start--1,slur,stamp,n67ddbd7ce5486df3
e446b327262f39923,md-1-63-2-1,pedal,md,2
e793de820edbc6187,md-1-63-2-2,pedal,md,2
ef55c5a2b7cde5c5c,md-1-63-2-3,pedal,md,2
e7039a8c56eff7647,md-1-63-2-4,pedal,md,2
e969225c242b760fc,md-1-63-2-5,pedal,md,2
e180c32827088f0b8,md-1-63-2-6,pedal,md,2
n233da20cf65d566c--slur--stop--1,n1786--slur--stop--1,slur,stamp,n233da20cf65d566c
n3cff7d5c68524436--staccato--1,,staccato,derive,n3cff7d5c68524436
n3cff7d5c68524436--strong-accent--1,,strong-accent,derive,n3cff7d5c68524436
n3cff7d5c68524436--arpeggiate--1,n1788--arpeggiate--1,arpeggiate,stamp,n3cff7d5c68524436
nde88ad22f2ead601--arpeggiate--1,n1789--arpeggiate--1,arpeggiate,stamp,nde88ad22f2ead601
n6317d61d247ad9a7--arpeggiate--1,n1790--arpeggiate--1,arpeggiate,stamp,n6317d61d247ad9a7
n79b22187b51fbe81--arpeggiate--1,n1791--arpeggiate--1,arpeggiate,stamp,n79b22187b51fbe81
n2bd6c10a6b6fc0e3--staccato--1,,staccato,derive,n2bd6c10a6b6fc0e3
n2bd6c10a6b6fc0e3--strong-accent--1,,strong-accent,derive,n2bd6c10a6b6fc0e3
n2bd6c10a6b6fc0e3--arpeggiate--1,n1794--arpeggiate--1,arpeggiate,stamp,n2bd6c10a6b6fc0e3
nbaf4415a54a95b3d--arpeggiate--1,n1795--arpeggiate--1,arpeggiate,stamp,nbaf4415a54a95b3d
n7ff7d3b7c667eca2--arpeggiate--1,n1796--arpeggiate--1,arpeggiate,stamp,n7ff7d3b7c667eca2
n63aa870d3ea6bf08--arpeggiate--1,n1797--arpeggiate--1,arpeggiate,stamp,n63aa870d3ea6bf08
e37adb437e190d19b,md-1-64-2-1,pedal,md,2
e593aca5f61191b2c,md-1-64-2-2,pedal,md,2
e583b24e0739c7edd,md-1-64-2-3,pedal,md,2
e36fe30443274f9f7,md-1-64-2-4,pedal,md,2
nf233aded117aca00--slur--start--1,n1814--slur--start--1,slur,stamp,nf233aded117aca00
n2d7cae4a7bb3447f--slur--stop--1,n1816--slur--stop--1,slur,stamp,n2d7cae4a7bb3447f
n2d7cae4a7bb3447f--slur--start--2,n1816--slur--start--2,slur,stamp,n2d7cae4a7bb3447f
n3e5e5d84e43a8ebc--slur--stop--1,n1817--slur--stop--1,slur,stamp,n3e5e5d84e43a8ebc
n98c5111be6dbf57b--slur--start--1,n1820--slur--start--1,slur,stamp,n98c5111be6dbf57b
n66ebd3808e6ea6f1--slur--stop--1,n1822--slur--stop--1,slur,stamp,n66ebd3808e6ea6f1
ndc0b625da2c55d26--strong-accent--1,,strong-accent,derive,ndc0b625da2c55d26
ndc0b625da2c55d26--staccato--1,,staccato,derive,ndc0b625da2c55d26
edd115106810c17e1,md-1-65-1-1,wedge,md,1
e26381aea84bf66f7,md-1-65-1-2,wedge,md,1
e259973d2a9cccd0f,md-1-65-2-1,pedal,md,2
e993a1fc01b119caa,md-1-65-2-2,pedal,md,2
ec5ac1551f6b25db8,md-1-65-2-3,pedal,md,2
ea2779dde4ab31d51,md-1-65-2-4,pedal,md,2
ed164db11d49d5146,md-1-65-2-5,pedal,md,2
e8a525923b075708e,md-1-65-2-6,pedal,md,2
n3b2d374c9cb7fcde--slur--start--1,n1861--slur--start--1,slur,stamp,n3b2d374c9cb7fcde
n4f63fa832380a0cf--slur--stop--1,n1863--slur--stop--1,slur,stamp,n4f63fa832380a0cf
n4f63fa832380a0cf--slur--start--2,n1863--slur--start--2,slur,stamp,n4f63fa832380a0cf
nbb6f5ffe8baed58a--slur--stop--1,n1864--slur--stop--1,slur,stamp,nbb6f5ffe8baed58a
n6766bb5306956f42--slur--start--1,n1867--slur--start--1,slur,stamp,n6766bb5306956f42
n5eb5a88230b1bab4--slur--stop--1,n1869--slur--stop--1,slur,stamp,n5eb5a88230b1bab4
nee781ce038687039--strong-accent--1,,strong-accent,derive,nee781ce038687039
nee781ce038687039--staccato--1,,staccato,derive,nee781ce038687039
e1af766e4cd05d1bf,md-1-66-1-1,wedge,md,1
eafc8f777cdfb0b83,md-1-66-1-2,wedge,md,1
e8779acd89feb1ba8,md-1-66-2-1,pedal,md,2
eef7b446afb9c80c6,md-1-66-2-2,pedal,md,2
e6df518eeba40f6da,md-1-66-2-3,pedal,md,2
e019c29165c2ac279,md-1-66-2-4,pedal,md,2
e1043e53cf5ef60c9,md-1-66-2-5,pedal,md,2
e70fa0d981eb6d1cd,md-1-66-2-6,pedal,md,2
e124eff7a8b78a9d4,md-1-67-1-1,wedge,md,1
e34f2ed7ae49ce2ff,md-1-67-2-1,pedal,md,2
e67b9154957e4d443,md-1-67-2-2,pedal,md,2
ee2116128a8ddc904,md-1-67-2-3,pedal,md,2
e04428e05bdcd2a0c,md-1-67-2-4,pedal,md,2
ed5c07a385f5ca5c9,md-1-67-2-5,pedal,md,2
ef00ee0b7abe484b0,md-1-67-2-6,pedal,md,2
n1c28373a358ca95f--slur--start--1,n1945--slur--start--1,slur,stamp,n1c28373a358ca95f
n9a1b3a43d18f5486--slur--stop--1,n1946--slur--stop--1,slur,stamp,n9a1b3a43d18f5486
nc681cdf9f9f6254c--slur--start--1,n1947--slur--start--1,slur,stamp,nc681cdf9f9f6254c
n3a551914fec6c114--slur--stop--1,n1949--slur--stop--1,slur,stamp,n3a551914fec6c114
n5afd4a1a9c9b038f--staccato--1,,staccato,derive,n5afd4a1a9c9b038f
nc21e7525d6c975bd--staccato--1,,staccato,derive,nc21e7525d6c975bd
n39b20e76b65310b4--staccato--1,,staccato,derive,n39b20e76b65310b4
nc1fd9316dd435f5a--staccato--1,,staccato,derive,nc1fd9316dd435f5a
nb0f678be5446aaf0--staccato--1,,staccato,derive,nb0f678be5446aaf0
na6cf52d012234412--slur--start--1,n1972--slur--start--1,slur,stamp,na6cf52d012234412
na6cf52d012234412--staccato--1,,staccato,derive,na6cf52d012234412
e8630ea6ef66c8cbf,md-1-68-1-1,wedge,md,1
ee549df0e8e92028b,md-1-68-1-2,wedge,md,1
ea442d0633ba28404,md-1-68-1-3,wedge,md,1
e345b9d10fa5b32e3,md-1-68-2-1,pedal,md,2
e44ad0bb13ce97275,md-1-68-2-2,words,md,2
ec88388db7b2e6ff0,md-1-68-2-3,pedal,md,2
e8466baf6083c3d22,md-1-68-2-4,pedal,md,2
e7f2de2612937f5eb,md-1-68-2-5,pedal,md,2
e0ddfb82ae6721c74,md-1-68-2-6,pedal,md,2
e29b52722b99c44e9,md-1-68-2-7,pedal,md,2
ed7ff55f380431585,md-1-68-2-8,pedal,md,2
ee3f6ae309d32eb29,md-1-68-2-9,pedal,md,2
e3ac8dd53f113bdf6,md-1-68-2-10,pedal,md,2
ef24a28a6467f5474,md-1-68-2-11,pedal,md,2
e08c57dcc742533c5,md-1-68-2-12,pedal,md,2
e6330e0853ef82f12,md-1-68-2-13,pedal,md,2
ne630fae17945c6f1--slur--stop--1,n1986--slur--stop--1,slur,stamp,ne630fae17945c6f1
ne630fae17945c6f1--staccato--1,,staccato,derive,ne630fae17945c6f1
ncdac2a424abb2e32--accent--1,,accent,derive,ncdac2a424abb2e32
e8d23c9173f09a79a,md-1-69-2-1,dynamics,md,2
e48dfb7a125f0f53b,md-1-69-2-2,words,md,2
e0c8681a29d4d9409,md-1-69-2-3,octave-shift,md,2
ebcd306b01511a0b9,md-1-69-2-4,words,md,2
nca15708f422ca2e3--accent--1,,accent,derive,nca15708f422ca2e3
nf024423ee6785a81--accent--1,,accent,derive,nf024423ee6785a81
e070e98004aabed28,md-1-70-1-1,octave-shift,md,1
e0bd9ca6e198138f0,md-1-70-2-1,octave-shift,md,2
n7e4ad3f973ecfaff--accent--1,,accent,derive,n7e4ad3f973ecfaff
n054980d2cacef760--accent--1,,accent,derive,n054980d2cacef760
e7ad360ca2da29fff,md-1-71-1-1,wedge,md,1
e7dbf61f234a71d8e,md-1-71-1-2,wedge,md,1
nf841f1e984231d45--tuplet--start--1,n2037--tuplet--start--1,tuplet,stamp,nf841f1e984231d45
nf841f1e984231d45--slur--start--1,n2037--slur--start--1,slur,stamp,nf841f1e984231d45
nf841f1e984231d45--staccato--1,,staccato,derive,nf841f1e984231d45
nc219a1aef759e281--slur--stop--1,n2038--slur--stop--1,slur,stamp,nc219a1aef759e281
nc219a1aef759e281--slur--start--2,n2038--slur--start--2,slur,stamp,nc219a1aef759e281
nc219a1aef759e281--staccato--1,,staccato,derive,nc219a1aef759e281
n3201182e1fa8673d--tuplet--stop--1,n2039--tuplet--stop--1,tuplet,stamp,n3201182e1fa8673d
n3201182e1fa8673d--slur--stop--1,n2039--slur--stop--1,slur,stamp,n3201182e1fa8673d
n3201182e1fa8673d--staccato--1,,staccato,derive,n3201182e1fa8673d
nab38d4b0ce426e7a--tuplet--start--1,n2040--tuplet--start--1,tuplet,stamp,nab38d4b0ce426e7a
nab38d4b0ce426e7a--staccato--1,,staccato,derive,nab38d4b0ce426e7a
ne920f83720c50fea--staccato--1,,staccato,derive,ne920f83720c50fea
n80abbb516b7c29c2--tuplet--stop--1,n2042--tuplet--stop--1,tuplet,stamp,n80abbb516b7c29c2
n80abbb516b7c29c2--staccato--1,,staccato,derive,n80abbb516b7c29c2
ecfd76db580044e6a,md-1-72-1-1,dynamics,md,1
e8be077ded0554fa5,md-1-72-2-1,words,md,2
e28bb4b0bba75f9e4,md-1-72-2-2,pedal,md,2
e8f118aad1da5b8f8,md-1-72-2-3,pedal,md,2
nb656fb10c050c063--tuplet--start--1,n2045--tuplet--start--1,tuplet,stamp,nb656fb10c050c063
nb656fb10c050c063--slur--start--1,n2045--slur--start--1,slur,stamp,nb656fb10c050c063
nb656fb10c050c063--staccato--1,,staccato,derive,nb656fb10c050c063
n4c7a79f6f259850d--slur--stop--1,n2046--slur--stop--1,slur,stamp,n4c7a79f6f259850d
n4c7a79f6f259850d--slur--start--2,n2046--slur--start--2,slur,stamp,n4c7a79f6f259850d
n4c7a79f6f259850d--staccato--1,,staccato,derive,n4c7a79f6f259850d
nff9abb0bd77d4f5d--tuplet--stop--1,n2047--tuplet--stop--1,tuplet,stamp,nff9abb0bd77d4f5d
nff9abb0bd77d4f5d--slur--stop--1,n2047--slur--stop--1,slur,stamp,nff9abb0bd77d4f5d
nff9abb0bd77d4f5d--staccato--1,,staccato,derive,nff9abb0bd77d4f5d
nb1c665cbede0c5a8--tuplet--start--1,n2048--tuplet--start--1,tuplet,stamp,nb1c665cbede0c5a8
nb1c665cbede0c5a8--staccato--1,,staccato,derive,nb1c665cbede0c5a8
n29120cc5203c5fa9--staccato--1,,staccato,derive,n29120cc5203c5fa9
n120d6d5691dcc418--tuplet--stop--1,n2050--tuplet--stop--1,tuplet,stamp,n120d6d5691dcc418
n120d6d5691dcc418--staccato--1,,staccato,derive,n120d6d5691dcc418
e969dd84781fc4b35,md-1-73-2-1,pedal,md,2
e34a71a2cfb66a560,md-1-73-2-2,pedal,md,2
n4a4f891df02893cc--tuplet--start--1,n2053--tuplet--start--1,tuplet,stamp,n4a4f891df02893cc
n4a4f891df02893cc--slur--start--1,n2053--slur--start--1,slur,stamp,n4a4f891df02893cc
n4a4f891df02893cc--staccato--1,,staccato,derive,n4a4f891df02893cc
n8453d9d7387745b5--slur--stop--1,n2054--slur--stop--1,slur,stamp,n8453d9d7387745b5
n8453d9d7387745b5--slur--start--2,n2054--slur--start--2,slur,stamp,n8453d9d7387745b5
n8453d9d7387745b5--staccato--1,,staccato,derive,n8453d9d7387745b5
n8ba7f9e0d238b580--tuplet--stop--1,n2055--tuplet--stop--1,tuplet,stamp,n8ba7f9e0d238b580
n8ba7f9e0d238b580--slur--stop--1,n2055--slur--stop--1,slur,stamp,n8ba7f9e0d238b580
n8ba7f9e0d238b580--staccato--1,,staccato,derive,n8ba7f9e0d238b580
nff8a550780f6a10f--tuplet--start--1,n2056--tuplet--start--1,tuplet,stamp,nff8a550780f6a10f
nff8a550780f6a10f--staccato--1,,staccato,derive,nff8a550780f6a10f
n1ee783c92b0df185--staccato--1,,staccato,derive,n1ee783c92b0df185
n1ecee8b57c23c9d0--tuplet--stop--1,n2058--tuplet--stop--1,tuplet,stamp,n1ecee8b57c23c9d0
n1ecee8b57c23c9d0--staccato--1,,staccato,derive,n1ecee8b57c23c9d0
eb81ba1f60fd73a49,md-1-74-2-1,words,md,2
e2c3d8e9c1559cadc,md-1-74-2-2,pedal,md,2
e55475afc4b153d92,md-1-74-2-3,pedal,md,2
n1f29e48079f67553--tuplet--start--1,n2060--tuplet--start--1,tuplet,stamp,n1f29e48079f67553
n1f29e48079f67553--detached-legato--1,,detached-legato,derive,n1f29e48079f67553
n9ec9c1add7c3c66d--staccato--1,,staccato,derive,n9ec9c1add7c3c66d
nf5b7f07fae3cff7c--tuplet--stop--1,n2062--tuplet--stop--1,tuplet,stamp,nf5b7f07fae3cff7c
nf5b7f07fae3cff7c--staccato--1,,staccato,derive,nf5b7f07fae3cff7c
n3a97baa7f1483fc5--tuplet--start--1,n2063--tuplet--start--1,tuplet,stamp,n3a97baa7f1483fc5
n3a97baa7f1483fc5--detached-legato--1,,detached-legato,derive,n3a97baa7f1483fc5
nc6b8d0765f148a05--staccato--1,,staccato,derive,nc6b8d0765f148a05
nd95e22a0a2f69be9--tuplet--stop--1,n2065--tuplet--stop--1,tuplet,stamp,nd95e22a0a2f69be9
nd95e22a0a2f69be9--staccato--1,,staccato,derive,nd95e22a0a2f69be9
efdcf8fe134ff8f7b,md-1-75-1-1,pedal,md,1
e1e57eb513d90bd9e,md-1-75-1-2,pedal,md,1
e63423f73f8e19cd5,md-1-75-1-3,pedal,md,1
ea9774fc9b3cbc13a,md-1-75-1-4,pedal,md,1
n8594e3fd5935732c--tuplet--start--1,n2067--tuplet--start--1,tuplet,stamp,n8594e3fd5935732c
n8594e3fd5935732c--detached-legato--1,,detached-legato,derive,n8594e3fd5935732c
n4c3aa80dad838111--staccato--1,,staccato,derive,n4c3aa80dad838111
nde46019be87082a8--tuplet--stop--1,n2069--tuplet--stop--1,tuplet,stamp,nde46019be87082a8
nde46019be87082a8--staccato--1,,staccato,derive,nde46019be87082a8
n1367ce280e66c0fb--tuplet--start--1,n2070--tuplet--start--1,tuplet,stamp,n1367ce280e66c0fb
n1367ce280e66c0fb--detached-legato--1,,detached-legato,derive,n1367ce280e66c0fb
n314a2ba8295cce53--staccato--1,,staccato,derive,n314a2ba8295cce53
nd781be4df99178ee--tuplet--stop--1,n2072--tuplet--stop--1,tuplet,stamp,nd781be4df99178ee
nd781be4df99178ee--staccato--1,,staccato,derive,nd781be4df99178ee
e1fcd1f2308728d71,md-1-76-1-1,pedal,md,1
e8e20bf45f23ed3d8,md-1-76-1-2,pedal,md,1
e82862190bd0eed5f,md-1-76-1-3,pedal,md,1
efb31e637ce312f89,md-1-76-1-4,pedal,md,1
n45441f018ef2a631--staccato--1,,staccato,derive,n45441f018ef2a631
ne84f7b8bac0ec13c--slur--start--1,n2080--slur--start--1,slur,stamp,ne84f7b8bac0ec13c
ne84f7b8bac0ec13c--staccato--1,,staccato,derive,ne84f7b8bac0ec13c
n99fb1e5ce94f571a--staccato--1,,staccato,derive,n99fb1e5ce94f571a
na7818e42d33cd7bb--slur--stop--1,n2082--slur--stop--1,slur,stamp,na7818e42d33cd7bb
na7818e42d33cd7bb--staccato--1,,staccato,derive,na7818e42d33cd7bb
nbbe69fb5585eb703--staccato--1,,staccato,derive,nbbe69fb5585eb703
ne0bc2308b1179352--staccato--1,,staccato,derive,ne0bc2308b1179352
n32781b08c753272b--staccato--1,,staccato,derive,n32781b08c753272b
e8b590e8b08c0655c,md-1-77-1-1,words,md,1
ea181745156e90378,md-1-77-2-1,dynamics,md,2
nb4aeaaaa1b2ebad6--staccato--1,,staccato,derive,nb4aeaaaa1b2ebad6
n66f009d55166b4a7--staccato--1,,staccato,derive,n66f009d55166b4a7
n4263a422405d3529--staccato--1,,staccato,derive,n4263a422405d3529
nb2fcf5fc0bf02761--staccato--1,,staccato,derive,nb2fcf5fc0bf02761
n4da59ecd02bb83b0--staccato--1,,staccato,derive,n4da59ecd02bb83b0
n87ce5eaca79a93ae--staccato--1,,staccato,derive,n87ce5eaca79a93ae
n738f63750085dbef--staccato--1,,staccato,derive,n738f63750085dbef
n3c6e6a0898997fc0--staccato--1,,staccato,derive,n3c6e6a0898997fc0
n97f0ba3804b95a11--staccato--1,,staccato,derive,n97f0ba3804b95a11
n88833dc1992eb439--staccato--1,,staccato,derive,n88833dc1992eb439
n02a3f69c8fc30c72--staccato--1,,staccato,derive,n02a3f69c8fc30c72
nc0c01554a3c68ff3--staccato--1,,staccato,derive,nc0c01554a3c68ff3
n7674c2db06473628--staccato--1,,staccato,derive,n7674c2db06473628
n225d89a5bcd88d73--staccato--1,,staccato,derive,n225d89a5bcd88d73
e8f02fb0616b7865e,md-1-79-1-1,words,md,1
e7f7f8a8fdb6e31b1,md-1-79-1-2,dynamics,md,1
n282904d6ade81120--staccato--1,,staccato,derive,n282904d6ade81120
n6db4807eb2baa219--staccato--1,,staccato,derive,n6db4807eb2baa219
nd62cd018b91846bb--slur--start--1,n2116--slur--start--1,slur,stamp,nd62cd018b91846bb
nd62cd018b91846bb--staccato--1,,staccato,derive,nd62cd018b91846bb
nac5dc9608e498fff--slur--stop--1,n2117--slur--stop--1,slur,stamp,nac5dc9608e498fff
nac5dc9608e498fff--staccato--1,,staccato,derive,nac5dc9608e498fff
n28c683a4f6ad7d7e--slur--start--1,n2118--slur--start--1,slur,stamp,n28c683a4f6ad7d7e
n28c683a4f6ad7d7e--staccato--1,,staccato,derive,n28c683a4f6ad7d7e
n41b25986ba208abd--staccato--1,,staccato,derive,n41b25986ba208abd
n1efe497932a31eb1--slur--stop--1,n2120--slur--stop--1,slur,stamp,n1efe497932a31eb1
n1efe497932a31eb1--staccato--1,,staccato,derive,n1efe497932a31eb1
e167f934d6dc23ce1,md-1-80-2-1,wedge,md,2
e3d7207d1a0364384,md-1-80-2-2,pedal,md,2
e4c5c51edf7996089,md-1-80-2-3,wedge,md,2
ne5ed6ea97a659566--staccato--1,,staccato,derive,ne5ed6ea97a659566
nf29a8af2ae31712c--staccato--1,,staccato,derive,nf29a8af2ae31712c
nbffc464cc5ed73b7--staccato--1,,staccato,derive,nbffc464cc5ed73b7
n75e6891d749caf5f--staccato--1,,staccato,derive,n75e6891d749caf5f
n1cadfa007109fff6--staccato--1,,staccato,derive,n1cadfa007109fff6
n697d1656261b703e--staccato--1,,staccato,derive,n697d1656261b703e
na9d4d402e17f45e9--staccato--1,,staccato,derive,na9d4d402e17f45e9
ecc46ae2b108be244,md-1-81-2-1,pedal,md,2
nb5f64b24401d7f0f--staccato--1,,staccato,derive,nb5f64b24401d7f0f
n19dd997ceaa804b6--staccato--1,,staccato,derive,n19dd997ceaa804b6
nb21e48c7e3553ff1--staccato--1,,staccato,derive,nb21e48c7e3553ff1
n3cc78babab4086cf--staccato--1,,staccato,derive,n3cc78babab4086cf
n2d774e89f8c272ea--staccato--1,,staccato,derive,n2d774e89f8c272ea
n14958075cdecdbfb--staccato--1,,staccato,derive,n14958075cdecdbfb
n5631aadb588454b1--staccato--1,,staccato,derive,n5631aadb588454b1
na1a100b0d07d1fb0--staccato--1,,staccato,derive,na1a100b0d07d1fb0
naceed1b4e08fd6a0--staccato--1,,staccato,derive,naceed1b4e08fd6a0
n04b5b518502ea27b--staccato--1,,staccato,derive,n04b5b518502ea27b
nb456699755e5d8fd--staccato--1,,staccato,derive,nb456699755e5d8fd
n671a90490918948d--staccato--1,,staccato,derive,n671a90490918948d
na7a34ed99b0a304b--staccato--1,,staccato,derive,na7a34ed99b0a304b
n01043093e30f8e43--staccato--1,,staccato,derive,n01043093e30f8e43
n9b8be6f2b7bd3bb2--staccato--1,,staccato,derive,n9b8be6f2b7bd3bb2
ne96c75596fefb5d1--staccato--1,,staccato,derive,ne96c75596fefb5d1
neb009c33f2c40d0f--slur--start--1,n2163--slur--start--1,slur,stamp,neb009c33f2c40d0f
neb009c33f2c40d0f--staccato--1,,staccato,derive,neb009c33f2c40d0f
na0d49db5ec30e01c--staccato--1,,staccato,derive,na0d49db5ec30e01c
n9d6cc4b3d5a55c1d--slur--start--1,n2165--slur--start--1,slur,stamp,n9d6cc4b3d5a55c1d
n9d6cc4b3d5a55c1d--staccato--1,,staccato,derive,n9d6cc4b3d5a55c1d
n9bdeb6d0e405f841--slur--stop--1,n2166--slur--stop--1,slur,stamp,n9bdeb6d0e405f841
n9bdeb6d0e405f841--staccato--1,,staccato,derive,n9bdeb6d0e405f841
n4bac4afac4205254--slur--stop--1,n2167--slur--stop--1,slur,stamp,n4bac4afac4205254
n4bac4afac4205254--staccato--1,,staccato,derive,n4bac4afac4205254
e5a88252c75fd135a,md-1-84-2-1,pedal,md,2
e7649873297cdc234,md-1-84-2-2,dynamics,md,2
efecc3fcfc8b1685c,md-1-84-2-3,pedal,md,2
e0758d85c8bc67891,md-1-85-1-1,dynamics,md,1
n44e3fb3b6f0687ce--staccato--1,,staccato,derive,n44e3fb3b6f0687ce
n880ffc8f6c1fc73f--staccato--1,,staccato,derive,n880ffc8f6c1fc73f
n574f86bc675f4561--staccato--1,,staccato,derive,n574f86bc675f4561
nda8a8b6aa50295e2--staccato--1,,staccato,derive,nda8a8b6aa50295e2
neda98581891ce43c--staccato--1,,staccato,derive,neda98581891ce43c
nd352613fef96cadf--staccato--1,,staccato,derive,nd352613fef96cadf
n12db5795ce24ee1e--staccato--1,,staccato,derive,n12db5795ce24ee1e
ndb86523d9cbc92fc--staccato--1,,staccato,derive,ndb86523d9cbc92fc
na55c86797ab82121--staccato--1,,staccato,derive,na55c86797ab82121
n3057d7bfc18c124c--staccato--1,,staccato,derive,n3057d7bfc18c124c
n1b539cede0364889--staccato--1,,staccato,derive,n1b539cede0364889
e5b920bde3925d07b,md-1-93-1-1,dynamics,md,1
ec6c063add125d2ef,md-1-97-1-1,octave-shift,md,1
ea90d8c90e05f67ff,md-1-97-2-1,pedal,md,2
e1cfa0d6a31d8cdc5,md-1-97-2-2,words,md,2
e33c6b32e0574ba34,md-1-97-2-3,pedal,md,2
e91574d4606da96e1,md-1-98-1-1,octave-shift,md,1
e0a9e9ea1528ac266,md-1-99-2-1,wedge,md,2
e87470ed1826ed947,md-1-100-2-1,wedge,md,2
ee6fb2e5820304816,md-1-100-2-2,wedge,md,2
e8165217e9de7ddf1,md-1-100-2-3,wedge,md,2
n5a2ffea5eb2abc30--slur--start--1,n2404--slur--start--1,slur,stamp,n5a2ffea5eb2abc30
n554da5587ca191c2--slur--stop--1,n2407--slur--stop--1,slur,stamp,n554da5587ca191c2
e646bfbf2619a3dfc,md-1-102-1-1,octave-shift,md,1
nef8e5444894b3d58--staccato--1,,staccato,derive,nef8e5444894b3d58
n626189f86044ea5f--staccato--1,,staccato,derive,n626189f86044ea5f
n73db587dc84e985f--staccato--1,,staccato,derive,n73db587dc84e985f
n5682024761f4f2fb--staccato--1,,staccato,derive,n5682024761f4f2fb
n40ef3ef9cb9bf6c3--staccato--1,,staccato,derive,n40ef3ef9cb9bf6c3
n0a2c5dac052d01a4--staccato--1,,staccato,derive,n0a2c5dac052d01a4
n2071e9c31c9e2bdb--slur--start--1,n2422--slur--start--1,slur,stamp,n2071e9c31c9e2bdb
nc5d0577c933cd36a--slur--stop--1,n2423--slur--stop--1,slur,stamp,nc5d0577c933cd36a
efabc39db07bbc4e8,md-1-103-1-1,dynamics,md,1
e1258c8ec6493a0ed,md-1-103-1-2,octave-shift,md,1
ee9878b356927c5eb,md-1-103-2-1,words,md,2
eeab1df07c79b67eb,md-1-103-2-2,pedal,md,2
e9e32e0cd4741343c,md-1-103-2-3,pedal,md,2
ee1c180195203df00,md-1-103-2-4,pedal,md,2
edf6bfd9362740a30,md-1-103-2-5,pedal,md,2
n3e143cebd475104f--staccato--1,,staccato,derive,n3e143cebd475104f
na77623e02628b5b5--staccato--1,,staccato,derive,na77623e02628b5b5
nebe69343cc59fbaf--staccato--1,,staccato,derive,nebe69343cc59fbaf
n63bbf7eb2c4f0eae--staccato--1,,staccato,derive,n63bbf7eb2c4f0eae
n5249f7599bccb83a--staccato--1,,staccato,derive,n5249f7599bccb83a
n2d67f29dd889f14a--staccato--1,,staccato,derive,n2d67f29dd889f14a
e4c3d49625d4f7dc4,md-1-104-2-1,pedal,md,2
e525fa5be393bff3a,md-1-104-2-2,pedal,md,2
na60debfc27ec6869--staccato--1,,staccato,derive,na60debfc27ec6869
n1b155319f4e148a6--staccato--1,,staccato,derive,n1b155319f4e148a6
n97b7e755e54d5826--staccato--1,,staccato,derive,n97b7e755e54d5826
nfa52751165d9470a--staccato--1,,staccato,derive,nfa52751165d9470a
ed2f96488dc286316,md-1-105-2-1,words,md,2
nc4b4ef13a7a6877f--staccato--1,,staccato,derive,nc4b4ef13a7a6877f
ne298b9f472244e28--slur--start--1,n2461--slur--start--1,slur,stamp,ne298b9f472244e28
ne298b9f472244e28--staccato--1,,staccato,derive,ne298b9f472244e28
na148bb25755bec78--slur--stop--1,n2463--slur--stop--1,slur,stamp,na148bb25755bec78
na148bb25755bec78--staccato--1,,staccato,derive,na148bb25755bec78
nd928a22d951f0932--tuplet--start--1,n2466--tuplet--start--1,tuplet,stamp,nd928a22d951f0932
nd928a22d951f0932--slur--start--1,n2466--slur--start--1,slur,stamp,nd928a22d951f0932
n10d6d5ebf023ce83--tuplet--stop--1,n2468--tuplet--stop--1,tuplet,stamp,n10d6d5ebf023ce83
n10d6d5ebf023ce83--slur--stop--1,n2468--slur--stop--1,slur,stamp,n10d6d5ebf023ce83
n81b02ccf1bd233f5--staccato--1,,staccato,derive,n81b02ccf1bd233f5
nf2720edfac1d781c--staccato--1,,staccato,derive,nf2720edfac1d781c
nb133f988138644ed--staccato--1,,staccato,derive,nb133f988138644ed
n80e9c2891cb8fe0e--staccato--1,,staccato,derive,n80e9c2891cb8fe0e
n4df91152cf6abb85--staccato--1,,staccato,derive,n4df91152cf6abb85
nb8c92a43150e1e94--staccato--1,,staccato,derive,nb8c92a43150e1e94
n82f5886da4ce2d77--staccato--1,,staccato,derive,n82f5886da4ce2d77
nfd5540b419f1eafe--staccato--1,,staccato,derive,nfd5540b419f1eafe
nb6d24a05aa67a660--staccato--1,,staccato,derive,nb6d24a05aa67a660
n9adf843bb64ab33e--staccato--1,,staccato,derive,n9adf843bb64ab33e
n0b0bd2032a52cb9a--staccato--1,,staccato,derive,n0b0bd2032a52cb9a
n37169cc936585985--staccato--1,,staccato,derive,n37169cc936585985
n6b838f358ae211f7--staccato--1,,staccato,derive,n6b838f358ae211f7
n50284f24d83a8f7f--staccato--1,,staccato,derive,n50284f24d83a8f7f
n37e09abe351b2a2c--staccato--1,,staccato,derive,n37e09abe351b2a2c
n5beb13c6e1b0886b--staccato--1,,staccato,derive,n5beb13c6e1b0886b
n10814403151806bb--staccato--1,,staccato,derive,n10814403151806bb
nb27448c488dc6ee3--slur--start--1,n2522--slur--start--1,slur,stamp,nb27448c488dc6ee3
nb27448c488dc6ee3--staccato--1,,staccato,derive,nb27448c488dc6ee3
n82056f2edb7aa4e2--slur--stop--1,n2524--slur--stop--1,slur,stamp,n82056f2edb7aa4e2
n82056f2edb7aa4e2--staccato--1,,staccato,derive,n82056f2edb7aa4e2
n8bca15ea32308547--slur--start--1,n2527--slur--start--1,slur,stamp,n8bca15ea32308547
n8bca15ea32308547--staccato--1,,staccato,derive,n8bca15ea32308547
ef6d6a3cee6a0d7ac,md-1-110-1-1,words,md,1
n9243c75ce19d383e--slur--stop--1,n2534--slur--stop--1,slur,stamp,n9243c75ce19d383e
n9243c75ce19d383e--staccato--1,,staccato,derive,n9243c75ce19d383e
n4d81b3d3be04f138--staccato--1,,staccato,derive,n4d81b3d3be04f138
n3214a13bbffc247e--staccato--1,,staccato,derive,n3214a13bbffc247e
n9999e940c250c093--staccato--1,,staccato,derive,n9999e940c250c093
n0537c6dbffe6d1d4--staccato--1,,staccato,derive,n0537c6dbffe6d1d4
ne71bc40cc994152e--staccato--1,,staccato,derive,ne71bc40cc994152e
n30a5decca8558d03--staccato--1,,staccato,derive,n30a5decca8558d03
na559ccb03260ebb6--staccato--1,,staccato,derive,na559ccb03260ebb6
n1178e65dda3c4d5e--staccato--1,,staccato,derive,n1178e65dda3c4d5e
nac23c1980c1fc740--staccato--1,,staccato,derive,nac23c1980c1fc740
n10c84a397dca4129--staccato--1,,staccato,derive,n10c84a397dca4129
nd3d872a12de63817--staccato--1,,staccato,derive,nd3d872a12de63817
e844053e395327f8d,md-1-111-2-1,pedal,md,2
e10c56040f2331393,md-1-111-2-2,pedal,md,2
nfebc53d3a60781a5--staccato--1,,staccato,derive,nfebc53d3a60781a5
na485eb8ffa81c43f--staccato--1,,staccato,derive,na485eb8ffa81c43f
n26dd87d22fa689bd--staccato--1,,staccato,derive,n26dd87d22fa689bd
nfae0d391ec955d43--slur--start--1,n2553--slur--start--1,slur,stamp,nfae0d391ec955d43
nfae0d391ec955d43--staccato--1,,staccato,derive,nfae0d391ec955d43
na76b868eb78e67c9--slur--stop--1,n2554--slur--stop--1,slur,stamp,na76b868eb78e67c9
na76b868eb78e67c9--staccato--1,,staccato,derive,na76b868eb78e67c9
nebd377cb53b187fb--slur--start--1,n2556--slur--start--1,slur,stamp,nebd377cb53b187fb
nebd377cb53b187fb--staccato--1,,staccato,derive,nebd377cb53b187fb
nd0f110f55adeb6d5--staccato--1,,staccato,derive,nd0f110f55adeb6d5
n5f19c92748a23efb--staccato--1,,staccato,derive,n5f19c92748a23efb
nbfc62b6b55e93ff4--staccato--1,,staccato,derive,nbfc62b6b55e93ff4
n30ba2f2fe2b74725--staccato--1,,staccato,derive,n30ba2f2fe2b74725
nd1c8f4ff91033557--staccato--1,,staccato,derive,nd1c8f4ff91033557
ne2fd4b682be3d84b--staccato--1,,staccato,derive,ne2fd4b682be3d84b
ea02b916f29f75ac4,md-1-112-2-1,pedal,md,2
eaccb81e0badc1a24,md-1-112-2-2,pedal,md,2
nb7417a1be41238ef--slur--stop--1,n2564--slur--stop--1,slur,stamp,nb7417a1be41238ef
nb7417a1be41238ef--staccato--1,,staccato,derive,nb7417a1be41238ef
n055ee891d2d4cc9d--staccato--1,,staccato,derive,n055ee891d2d4cc9d
nca54a1ffb8beeb6e--staccato--1,,staccato,derive,nca54a1ffb8beeb6e
nc9cc11f182b3c38b--staccato--1,,staccato,derive,nc9cc11f182b3c38b
na0c896966f991651--staccato--1,,staccato,derive,na0c896966f991651
ne8b4a09657c0eac3--staccato--1,,staccato,derive,ne8b4a09657c0eac3
n93ebdcc743d05f3a--staccato--1,,staccato,derive,n93ebdcc743d05f3a
nf477ed47ed1a7b76--staccato--1,,staccato,derive,nf477ed47ed1a7b76
n0d8f62ca2e831795--staccato--1,,staccato,derive,n0d8f62ca2e831795
ne390ea1b7b8e646d--staccato--1,,staccato,derive,ne390ea1b7b8e646d
n0e559ed6c192ab77--staccato--1,,staccato,derive,n0e559ed6c192ab77
n6f709295e1deac10--staccato--1,,staccato,derive,n6f709295e1deac10
e5eee843ddf9bfbed,md-1-113-2-1,pedal,md,2
e4da7bb80deecfeb4,md-1-113-2-2,pedal,md,2
nfaf498927d74ec2f--staccato--1,,staccato,derive,nfaf498927d74ec2f
nb32cf742b1f1979a--staccato--1,,staccato,derive,nb32cf742b1f1979a
n603aba44a09da205--staccato--1,,staccato,derive,n603aba44a09da205
n12b3f76255bc00fb--slur--start--1,n2583--slur--start--1,slur,stamp,n12b3f76255bc00fb
n12b3f76255bc00fb--staccato--1,,staccato,derive,n12b3f76255bc00fb
ndcf82a33c6f9126b--slur--stop--1,n2584--slur--stop--1,slur,stamp,ndcf82a33c6f9126b
ndcf82a33c6f9126b--staccato--1,,staccato,derive,ndcf82a33c6f9126b
n879fae0c0b528731--staccato--1,,staccato,derive,n879fae0c0b528731
n66ae56d00c403bc9--staccato--1,,staccato,derive,n66ae56d00c403bc9
n1ca721725140f824--staccato--1,,staccato,derive,n1ca721725140f824
n0189e018842319cf--staccato--1,,staccato,derive,n0189e018842319cf
nfbb20f5845cfe1c6--staccato--1,,staccato,derive,nfbb20f5845cfe1c6
ne99d8bb15610b6a5--staccato--1,,staccato,derive,ne99d8bb15610b6a5
n5426554cfa34dd26--staccato--1,,staccato,derive,n5426554cfa34dd26
eb45db8d23a436711,md-1-114-2-1,pedal,md,2
e7fe61647d0755cf2,md-1-114-2-2,pedal,md,2
n26ed055f2803ba0b--staccato--1,,staccato,derive,n26ed055f2803ba0b
nd82014b04f400799--staccato--1,,staccato,derive,nd82014b04f400799
n4c47f1c49bfabd03--staccato--1,,staccato,derive,n4c47f1c49bfabd03
ned078914c5f4b77e--staccato--1,,staccato,derive,ned078914c5f4b77e
n2834157460daa46b--staccato--1,,staccato,derive,n2834157460daa46b
nc4f5b368458ed7e2--staccato--1,,staccato,derive,nc4f5b368458ed7e2
n3a01cb654cc6c5f5--staccato--1,,staccato,derive,n3a01cb654cc6c5f5
n9aa5df810a25a7e3--staccato--1,,staccato,derive,n9aa5df810a25a7e3
ndb17186b84bfef92--staccato--1,,staccato,derive,ndb17186b84bfef92
n919538a438baa6e7--staccato--1,,staccato,derive,n919538a438baa6e7
nfdd97d106e82179c--staccato--1,,staccato,derive,nfdd97d106e82179c
nfa3320846321c763--staccato--1,,staccato,derive,nfa3320846321c763
e6e77b23ecc9a5280,md-1-115-1-1,words,md,1
e45a3cfd1b11e04a0,md-1-115-1-2,words,md,1
e654435007cffe08c,md-1-115-1-3,words,md,1
e970e9f50fb9ac5fb,md-1-115-2-1,pedal,md,2
e2ae4d45ebe8debde,md-1-115-2-2,pedal,md,2
e3c04146018d8476a,md-1-115-2-3,pedal,md,2
e1a4e1cf06a0fd210,md-1-115-2-4,pedal,md,2
nd855f0cc337d678c--staccato--1,,staccato,derive,nd855f0cc337d678c
n09da85f591b51246--staccato--1,,staccato,derive,n09da85f591b51246
naba6bd71982c7abd--staccato--1,,staccato,derive,naba6bd71982c7abd
nc5e8dd52e50503e2--staccato--1,,staccato,derive,nc5e8dd52e50503e2
ncbcee2cad3a0b37e--staccato--1,,staccato,derive,ncbcee2cad3a0b37e
nf1ddf07ba78bd228--staccato--1,,staccato,derive,nf1ddf07ba78bd228
ncba1d17212524aed--staccato--1,,staccato,derive,ncba1d17212524aed
nf09a04dd3a5c5dcf--staccato--1,,staccato,derive,nf09a04dd3a5c5dcf
nbd1cd88fe24106b4--staccato--1,,staccato,derive,nbd1cd88fe24106b4
nea270bd8cf52a1e5--staccato--1,,staccato,derive,nea270bd8cf52a1e5
ncd5c1748368074f5--staccato--1,,staccato,derive,ncd5c1748368074f5
n24b5956066261c4c--staccato--1,,staccato,derive,n24b5956066261c4c
e566fa3575802de5b,md-1-116-1-1,wedge,md,1
e6ce08699028ebed8,md-1-116-2-1,pedal,md,2
ec094ee7131d4d8e1,md-1-116-2-2,pedal,md,2
e883ff5b13c4bb4b2,md-1-116-2-3,pedal,md,2
e5c9c4b19b9205cec,md-1-116-2-4,pedal,md,2
n5880146111ad142e--tenuto--1,,tenuto,derive,n5880146111ad142e
nc584a19934066108--staccato--1,,staccato,derive,nc584a19934066108
n41d7e60d75276a41--tenuto--1,,tenuto,derive,n41d7e60d75276a41
nd325c24c04027161--staccato--1,,staccato,derive,nd325c24c04027161
n09b8f7cf3bb9dc37--tenuto--1,,tenuto,derive,n09b8f7cf3bb9dc37
n5585d3e811c7bf6c--staccato--1,,staccato,derive,n5585d3e811c7bf6c
n022b5a52fff270bd--tenuto--1,,tenuto,derive,n022b5a52fff270bd
nb2b95aa36eb892db--staccato--1,,staccato,derive,nb2b95aa36eb892db
nd2df135a48382dd8--tenuto--1,,tenuto,derive,nd2df135a48382dd8
nc504ef04744b23ef--staccato--1,,staccato,derive,nc504ef04744b23ef
ndff618cfd7e467a5--tenuto--1,,tenuto,derive,ndff618cfd7e467a5
nf9ad9db9947b079c--staccato--1,,staccato,derive,nf9ad9db9947b079c
e7253b1f63fb41308,md-1-117-1-1,wedge,md,1
e5dea66108032a51d,md-1-117-2-1,pedal,md,2
ecbfd053a9164542e,md-1-117-2-2,pedal,md,2
e53a841e754bca222,md-1-117-2-3,pedal,md,2
eef1292c1f35f2d18,md-1-117-2-4,pedal,md,2
ed308e38309981b56,md-1-117-2-5,pedal,md,2
ee5f14a37615836ae,md-1-117-2-6,pedal,md,2
n72be835ebcc5fb08--tenuto--1,,tenuto,derive,n72be835ebcc5fb08
n0159312b6776124d--staccato--1,,staccato,derive,n0159312b6776124d
n5de9dbcf94f16672--tenuto--1,,tenuto,derive,n5de9dbcf94f16672
n7ba42b013a7e795d--staccato--1,,staccato,derive,n7ba42b013a7e795d
n5f7d2f8847ccaf2b--tenuto--1,,tenuto,derive,n5f7d2f8847ccaf2b
nf892cfcf5caf3378--staccato--1,,staccato,derive,nf892cfcf5caf3378
n4aa663146a17eb23--tenuto--1,,tenuto,derive,n4aa663146a17eb23
n1022d2137e8e62c0--staccato--1,,staccato,derive,n1022d2137e8e62c0
n7921a65270cc4905--tenuto--1,,tenuto,derive,n7921a65270cc4905
nede0188fbdf05617--staccato--1,,staccato,derive,nede0188fbdf05617
nee8ed9680e060756--tenuto--1,,tenuto,derive,nee8ed9680e060756
n4b167f85d31809d8--staccato--1,,staccato,derive,n4b167f85d31809d8
e4d5ff1d0d3d09dee,md-1-118-1-1,words,md,1
ea193c28a2e232c03,md-1-118-1-2,words,md,1
e414725cf47a1541f,md-1-118-1-3,words,md,1
e3f5c46a693c72902,md-1-118-2-1,pedal,md,2
e232c00db0589a9ec,md-1-118-2-2,pedal,md,2
e516ac25b822d060a,md-1-118-2-3,pedal,md,2
e99677fd1d15f3033,md-1-118-2-4,pedal,md,2
nff667628d2ae0c77--staccato--1,,staccato,derive,nff667628d2ae0c77
nf178bbc0a306c841--staccato--1,,staccato,derive,nf178bbc0a306c841
nf4d586b32c8d0dc3--staccato--1,,staccato,derive,nf4d586b32c8d0dc3
nc161a5e33d2e4c02--staccato--1,,staccato,derive,nc161a5e33d2e4c02
n02ada22bd20f015b--staccato--1,,staccato,derive,n02ada22bd20f015b
n52b5f29dc91b5b0d--staccato--1,,staccato,derive,n52b5f29dc91b5b0d
n9027a16f7976c612--staccato--1,,staccato,derive,n9027a16f7976c612
nf9951427492ce857--staccato--1,,staccato,derive,nf9951427492ce857
n5628937bc94d1070--staccato--1,,staccato,derive,n5628937bc94d1070
na9993ccde301f1e1--staccato--1,,staccato,derive,na9993ccde301f1e1
nf3075e6f79f8cf42--staccato--1,,staccato,derive,nf3075e6f79f8cf42
n0b0e452317b1747f--staccato--1,,staccato,derive,n0b0e452317b1747f
e254541cb285f8856,md-1-119-1-1,words,md,1
e9448595ccb5ecaf0,md-1-119-1-2,octave-shift,md,1
e33bed3ffc6f5d4ab,md-1-119-1-3,wedge,md,1
e2843250964d05819,md-1-119-1-4,wedge,md,1
ecaf4f62bcb9ea8cf,md-1-119-2-1,words,md,2
e0ff52666207675e9,md-1-119-2-2,pedal,md,2
n1c5a081c550b6cbb--staccato--1,,staccato,derive,n1c5a081c550b6cbb
n3e63be98d76b52b5--staccato--1,,staccato,derive,n3e63be98d76b52b5
n1a636c86e6c2cb46--staccato--1,,staccato,derive,n1a636c86e6c2cb46
n9e6da475c5a45764--staccato--1,,staccato,derive,n9e6da475c5a45764
nf103c8db997cfd88--staccato--1,,staccato,derive,nf103c8db997cfd88
n599edf325b18fdda--staccato--1,,staccato,derive,n599edf325b18fdda
nd5134f98ae5e0bbc--staccato--1,,staccato,derive,nd5134f98ae5e0bbc
n412b356b61c1ae0d--staccato--1,,staccato,derive,n412b356b61c1ae0d
eabac9c7d185fa91d,md-1-120-1-1,wedge,md,1
ef6b74c3841e5127e,md-1-120-1-2,wedge,md,1
ebc6305cc9b7cce60,md-1-120-1-3,dynamics,md,1
e11aade3d2a961131,md-1-120-2-1,pedal,md,2
nd63e8896483ce8fb--slur--start--1,n2740--slur--start--1,slur,stamp,nd63e8896483ce8fb
n03173ce76c24241f--slur--stop--1,n2742--slur--stop--1,slur,stamp,n03173ce76c24241f
nf3b9a6dd05daa76a--slur--start--1,n2743--slur--start--1,slur,stamp,nf3b9a6dd05daa76a
nc34f68b9e3c78fc0--slur--stop--1,n2745--slur--stop--1,slur,stamp,nc34f68b9e3c78fc0
nb16352d6af727f70--slur--start--1,n2746--slur--start--1,slur,stamp,nb16352d6af727f70
e59ef188b38f823bb,md-1-121-1-1,words,md,1
e8c50297eb71e15c5,md-1-121-1-2,dynamics,md,1
e6df1d78646f955d2,md-1-121-2-1,pedal,md,2
e9ec446f7e6fc0b0a,md-1-121-2-2,pedal,md,2
e07976080c599c706,md-1-121-2-3,pedal,md,2
e9ce94ee15a57ecaf,md-1-121-2-4,pedal,md,2
e67aa0802585a4ce3,md-1-121-2-5,pedal,md,2
e29e2df736b40ca14,md-1-121-2-6,pedal,md,2
nd3200b0f09c1b433--slur--start--1,n2783--slur--start--1,slur,stamp,nd3200b0f09c1b433
n50c6ea90c3d18686--slur--stop--1,n2786--slur--stop--1,slur,stamp,n50c6ea90c3d18686
n13427a39285452c8--slur--start--1,n2787--slur--start--1,slur,stamp,n13427a39285452c8
n25e24750173f93b3--slur--stop--1,n2788--slur--stop--1,slur,stamp,n25e24750173f93b3
n413d806c3a370a99--slur--start--1,n2790--slur--start--1,slur,stamp,n413d806c3a370a99
n2d0a888ce381701a--slur--stop--1,n2792--slur--stop--1,slur,stamp,n2d0a888ce381701a
n2d0a888ce381701a--strong-accent--1,,strong-accent,derive,n2d0a888ce381701a
e727f1a9f66a37e31,md-1-122-1-1,octave-shift,md,1
e81d916629f4f01d7,md-1-122-2-1,wedge,md,2
e704e98a33173c2b6,md-1-122-2-2,pedal,md,2
ed2743ab3a7077e2f,md-1-122-2-3,wedge,md,2
e5258e8697bb5691b,md-1-122-2-4,pedal,md,2
e688fe09d2ba47b70,md-1-122-2-5,pedal,md,2
e8b6b7d2d3c015400,md-1-122-2-6,pedal,md,2
naedc85e88d4eacec--slur--stop--1,n2811--slur--stop--1,slur,stamp,naedc85e88d4eacec
n81178ddbe95652dd--slur--start--1,n2831--slur--start--1,slur,stamp,n81178ddbe95652dd
n3de43854a28e77c1--slur--stop--1,n2833--slur--stop--1,slur,stamp,n3de43854a28e77c1
nab82e1644122fb56--slur--start--1,n2834--slur--start--1,slur,stamp,nab82e1644122fb56
nced56641a579bbe7--slur--stop--1,n2836--slur--stop--1,slur,stamp,nced56641a579bbe7
nf19eaad1198099c8--slur--start--1,n2837--slur--start--1,slur,stamp,nf19eaad1198099c8
e05e517dac5ac5c87,md-1-123-1-1,octave-shift,md,1
e157e8ba06ba3210e,md-1-123-2-1,pedal,md,2
e7d90e2f07f91d6f5,md-1-123-2-2,pedal,md,2
e0f6a18bcb9209e0b,md-1-123-2-3,pedal,md,2
e046fac940d3405ad,md-1-123-2-4,pedal,md,2
e79d95a5f45147789,md-1-123-2-5,pedal,md,2
e38d7c381ae7be3ac,md-1-123-2-6,pedal,md,2
n2020934fd363d29f--slur--start--1,n2874--slur--start--1,slur,stamp,n2020934fd363d29f
n81599879e57869f2--slur--stop--1,n2877--slur--stop--1,slur,stamp,n81599879e57869f2
n81599879e57869f2--slur--start--2,n2877--slur--start--2,slur,stamp,n81599879e57869f2
n152a03cae380957d--slur--stop--1,n2878--slur--stop--1,slur,stamp,n152a03cae380957d
n1913788020d79c9b--slur--stop--1,n2879--slur--stop--1,slur,stamp,n1913788020d79c9b
ne21556f040d39b35--slur--start--1,n2881--slur--start--1,slur,stamp,ne21556f040d39b35
n67f9d1333b24f57f--slur--stop--1,n2883--slur--stop--1,slur,stamp,n67f9d1333b24f57f
n67f9d1333b24f57f--strong-accent--1,,strong-accent,derive,n67f9d1333b24f57f
e8b03f0a9c5dbac8c,md-1-124-1-1,octave-shift,md,1
e8cc0910492fb65ed,md-1-124-2-1,wedge,md,2
ef2084007678f44fc,md-1-124-2-2,pedal,md,2
edf4b73e6ee49ea1f,md-1-124-2-3,wedge,md,2
e991b930582f41d11,md-1-124-2-4,pedal,md,2
ebfba1e347e6518d5,md-1-124-2-5,pedal,md,2
e714bf5466d0e9880,md-1-124-2-6,words,md,2
e2cb911f1b82fd032,md-1-124-2-7,pedal,md,2
nf7129dc897936437--slur--start--1,n2922--slur--start--1,slur,stamp,nf7129dc897936437
ndc7c483be4506c6a--slur--stop--1,n2924--slur--stop--1,slur,stamp,ndc7c483be4506c6a
n51bc4d355b13b62f--slur--start--1,n2926--slur--start--1,slur,stamp,n51bc4d355b13b62f
n0260cc7a1760012f--slur--stop--1,n2928--slur--stop--1,slur,stamp,n0260cc7a1760012f
n15ea9671a642958e--slur--start--1,n2930--slur--start--1,slur,stamp,n15ea9671a642958e
n9aa2c60e1d9207df--accent--1,,accent,derive,n9aa2c60e1d9207df
n2599db75002f6314--accent--1,,accent,derive,n2599db75002f6314
nf1c13a0b2f608783--accent--1,,accent,derive,nf1c13a0b2f608783
ecac894ab4d844fb7,md-1-125-1-1,dynamics,md,1
e2f8e75dff73d7cca,md-1-125-1-2,octave-shift,md,1
e653756eb4892da44,md-1-125-2-1,pedal,md,2
ecd0b42dc56f6f0b7,md-1-125-2-2,pedal,md,2
e9f6ca945ffed176e,md-1-125-2-3,pedal,md,2
ea31b88ca156e0ad1,md-1-125-2-4,pedal,md,2
ed053573bda06514f,md-1-125-2-5,words,md,2
eb73e45f7d6f2ce16,md-1-125-2-6,pedal,md,2
edc9c8913fe8c723b,md-1-125-2-7,pedal,md,2
n4fec504379b21627--slur--start--1,n2967--slur--start--1,slur,stamp,n4fec504379b21627
n1800de4b3c9bd734--slur--stop--1,n2968--slur--stop--1,slur,stamp,n1800de4b3c9bd734
n1800de4b3c9bd734--staccato--1,,staccato,derive,n1800de4b3c9bd734
n1f5917491170d858--slur--stop--1,n2969--slur--stop--1,slur,stamp,n1f5917491170d858
nf405d4c146d809ad--staccato--1,,staccato,derive,nf405d4c146d809ad
nf405d4c146d809ad--strong-accent--1,,strong-accent,derive,nf405d4c146d809ad
nd5ec5149a9cd265a--arpeggiate--1,n2976--arpeggiate--1,arpeggiate,stamp,nd5ec5149a9cd265a
n207881a0051197d6--arpeggiate--1,n2977--arpeggiate--1,arpeggiate,stamp,n207881a0051197d6
n043f04c729f73a6f--arpeggiate--1,n2978--arpeggiate--1,arpeggiate,stamp,n043f04c729f73a6f
n8f84c9161e832e81--arpeggiate--1,n2979--arpeggiate--1,arpeggiate,stamp,n8f84c9161e832e81
n35eda9afea558e51--staccato--1,,staccato,derive,n35eda9afea558e51
n35eda9afea558e51--accent--1,,accent,derive,n35eda9afea558e51
e13c1b4caa9d2f5a5,md-1-126-1-1,octave-shift,md,1
e580f6e3c7bfcccdc,md-1-126-2-1,pedal,md,2
e9d27eafa42b15fc4,md-1-126-2-2,dynamics,md,2
e2c7d1ed207c89332,md-1-126-2-3,pedal,md,2
e8704b33f75422c21,md-1-126-2-4,pedal,md,2
e1d64525c5f94bf82,md-1-126-2-5,pedal,md,2
n86cc25c3edc51d70--slur--start--1,n3007--slur--start--1,slur,stamp,n86cc25c3edc51d70
n8c6e37b16bff01a4--slur--stop--1,n3009--slur--stop--1,slur,stamp,n8c6e37b16bff01a4
n7753395e559a5c6b--slur--start--1,n3011--slur--start--1,slur,stamp,n7753395e559a5c6b
n7cf2861192d70058--slur--stop--1,n3013--slur--stop--1,slur,stamp,n7cf2861192d70058
n01f9f0ce0aed7a11--slur--start--1,n3015--slur--start--1,slur,stamp,n01f9f0ce0aed7a11
n6e32a5d76c42413e--accent--1,,accent,derive,n6e32a5d76c42413e
n5454ac0ef8b3c402--accent--1,,accent,derive,n5454ac0ef8b3c402
n0f4448470d43ca8e--accent--1,,accent,derive,n0f4448470d43ca8e
e6fcf5da1a8bff8d9,md-1-127-1-1,octave-shift,md,1
e2f848c75650eb36a,md-1-127-2-1,pedal,md,2
e7c7c674ad5ec3aab,md-1-127-2-2,pedal,md,2
e35b0ba5874c2e21a,md-1-127-2-3,pedal,md,2
e792d583cad40d849,md-1-127-2-4,pedal,md,2
ee1e7c6b99ad24933,md-1-127-2-5,words,md,2
ec49823c312cd93a0,md-1-127-2-6,pedal,md,2
e15648aa94aa84c48,md-1-127-2-7,pedal,md,2
nccd24126adb8beca--slur--start--1,n3052--slur--start--1,slur,stamp,nccd24126adb8beca
n6517abc52ddb0e06--slur--stop--1,n3053--slur--stop--1,slur,stamp,n6517abc52ddb0e06
n6517abc52ddb0e06--staccato--1,,staccato,derive,n6517abc52ddb0e06
nfd08f5f3a54793cc--slur--stop--1,n3054--slur--stop--1,slur,stamp,nfd08f5f3a54793cc
n1f1e23f20762b09c--staccato--1,,staccato,derive,n1f1e23f20762b09c
n1f1e23f20762b09c--strong-accent--1,,strong-accent,derive,n1f1e23f20762b09c
n932254806e2bab2e--arpeggiate--1,n3061--arpeggiate--1,arpeggiate,stamp,n932254806e2bab2e
nf14271b5f207fc12--arpeggiate--1,n3062--arpeggiate--1,arpeggiate,stamp,nf14271b5f207fc12
n65ffca30036e0e97--arpeggiate--1,n3063--arpeggiate--1,arpeggiate,stamp,n65ffca30036e0e97
na16ae5a55caac452--arpeggiate--1,n3064--arpeggiate--1,arpeggiate,stamp,na16ae5a55caac452
nbaa9c61f0e0ba1c3--staccato--1,,staccato,derive,nbaa9c61f0e0ba1c3
nbaa9c61f0e0ba1c3--accent--1,,accent,derive,nbaa9c61f0e0ba1c3
ea753f9bb471b39ab,md-1-128-1-1,octave-shift,md,1
e39f3e67f7243b8e5,md-1-128-2-1,pedal,md,2
e4e20a0beb73b3a78,md-1-128-2-2,dynamics,md,2
e4251278628a1b60c,md-1-128-2-3,pedal,md,2
e9be9ed427aaf5057,md-1-128-2-4,pedal,md,2
e12f7ea147fc1c7a4,md-1-128-2-5,pedal,md,2
nc15e7978a4edc385--slur--start--1,n3086--slur--start--1,slur,stamp,nc15e7978a4edc385
ne962d0b2e96e9793--slur--stop--1,n3087--slur--stop--1,slur,stamp,ne962d0b2e96e9793
n92aa8f38e37b1251--slur--start--1,n3088--slur--start--1,slur,stamp,n92aa8f38e37b1251
nff35d2b5c0273869--slur--stop--1,n3089--slur--stop--1,slur,stamp,nff35d2b5c0273869
n500f6d1da44c2f16--slur--start--1,n3091--slur--start--1,slur,stamp,n500f6d1da44c2f16
ne82c19ed30543dc8--slur--stop--1,n3093--slur--stop--1,slur,stamp,ne82c19ed30543dc8
n2fbad7c9107efd4b--slur--start--1,n3094--slur--start--1,slur,stamp,n2fbad7c9107efd4b
n1b4029bbc2cf16a7--slur--stop--1,n3096--slur--stop--1,slur,stamp,n1b4029bbc2cf16a7
e216eb1ebffbd9191,md-1-129-1-1,octave-shift,md,1
e9abba09d7fbf29f2,md-1-129-2-1,words,md,2
e2fedd3e2b944f6c3,md-1-129-2-2,pedal,md,2
e221051533cf27b1c,md-1-129-2-3,pedal,md,2
e028bd19ce23aaea5,md-1-129-2-4,pedal,md,2
e0465342f74148430,md-1-129-2-5,pedal,md,2
e20bc32f3739c32fe,md-1-129-2-6,pedal,md,2
e53b6dc6d943a5408,md-1-129-2-7,pedal,md,2
n6ea5cf9bdc5cf9c9--slur--start--1,n3136--slur--start--1,slur,stamp,n6ea5cf9bdc5cf9c9
nc353d397be63da17--slur--stop--1,n3137--slur--stop--1,slur,stamp,nc353d397be63da17
n1af2210ed14f0e2a--slur--start--1,n3138--slur--start--1,slur,stamp,n1af2210ed14f0e2a
n49c95a329610fab0--slur--stop--1,n3139--slur--stop--1,slur,stamp,n49c95a329610fab0
nca0146b5a4a8cc05--slur--start--1,n3141--slur--start--1,slur,stamp,nca0146b5a4a8cc05
n78fb4b5f25d418d9--slur--stop--1,n3143--slur--stop--1,slur,stamp,n78fb4b5f25d418d9
n5a4d55b095a566a7--slur--start--1,n3144--slur--start--1,slur,stamp,n5a4d55b095a566a7
nf4afd6669c0cbde4--slur--stop--1,n3146--slur--stop--1,slur,stamp,nf4afd6669c0cbde4
n93e569f0ea2dd7bb--slur--start--1,n3148--slur--start--1,slur,stamp,n93e569f0ea2dd7bb
e8aab09908bd45bc7,md-1-130-2-1,pedal,md,2
e5652be14ff57aef0,md-1-130-2-2,pedal,md,2
e10fa183a0fa6faeb,md-1-130-2-3,pedal,md,2
e37efaf9d4e957f0d,md-1-130-2-4,pedal,md,2
ec4178cec7e536ebc,md-1-130-2-5,pedal,md,2
ec81f8c57a4bdc6bb,md-1-130-2-6,pedal,md,2
n48783d8d730a9660--slur--stop--1,n3190--slur--stop--1,slur,stamp,n48783d8d730a9660
n48783d8d730a9660--accent--1,,accent,derive,n48783d8d730a9660
nc8e7a427a41a553b--accent--1,,accent,derive,nc8e7a427a41a553b
ne1d4c44bedc6349d--accent--1,,accent,derive,ne1d4c44bedc6349d
e191bcfaebeda2e18,md-1-131-1-1,wedge,md,1
e40108ab07047d8bc,md-1-131-1-2,wedge,md,1
e5ccf21abf4506f20,md-1-131-2-1,pedal,md,2
e4a5bbc9fd4dbdeac,md-1-131-2-2,pedal,md,2
e0b9172cdd84ca00f,md-1-131-2-3,pedal,md,2
e817420386ff07bc0,md-1-131-2-4,pedal,md,2
ef5faa68215330d9d,md-1-131-2-5,pedal,md,2
e26aa6ddf383ddfc2,md-1-131-2-6,pedal,md,2
nac22753380512281--accent--1,,accent,derive,nac22753380512281
n12947d1748f0ee1d--accent--1,,accent,derive,n12947d1748f0ee1d
n04e4a47a35206e32--accent--1,,accent,derive,n04e4a47a35206e32
e4c2d4a5334bcd64b,md-1-132-1-1,wedge,md,1
e7c8fac7511556018,md-1-132-1-2,wedge,md,1
e1c37a907c19b1f2a,md-1-132-2-1,pedal,md,2
ebc3fe17901036366,md-1-132-2-2,pedal,md,2
e1ca6062064903bbe,md-1-132-2-3,pedal,md,2
ed55bd6de8a037d8b,md-1-132-2-4,pedal,md,2
ec4efd8ef23e0f86c,md-1-132-2-5,pedal,md,2
e3628fb26a91f149b,md-1-132-2-6,pedal,md,2
edb501a8f0f205edb,md-1-133-1-1,words,md,1
ea100ce57721e2d30,md-1-133-2-1,words,md,2
e85b841bad01a3b0f,md-1-133-2-2,pedal,md,2
e039bc6b930d73a8a,md-1-133-2-3,pedal,md,2
nafce1a21ab9c2155--slur--start--1,n3311--slur--start--1,slur,stamp,nafce1a21ab9c2155
nc39d0ef649201227--slur--stop--1,n3313--slur--stop--1,slur,stamp,nc39d0ef649201227
nc39d0ef649201227--slur--start--2,n3313--slur--start--2,slur,stamp,nc39d0ef649201227
nc39d0ef649201227--accent--1,,accent,derive,nc39d0ef649201227
nedca6e8f8cd57c61--slur--stop--1,n3314--slur--stop--1,slur,stamp,nedca6e8f8cd57c61
n246efc037f040761--staccato--1,,staccato,derive,n246efc037f040761
n3a4ca439a580f64a--staccato--1,,staccato,derive,n3a4ca439a580f64a
n24c44a4689cab140--staccato--1,,staccato,derive,n24c44a4689cab140
n6685be6213fe5978--staccato--1,,staccato,derive,n6685be6213fe5978
n971830f5812546bc--staccato--1,,staccato,derive,n971830f5812546bc
n521817cad21cbdd5--staccato--1,,staccato,derive,n521817cad21cbdd5
nd068f6c30c9a33da--staccato--1,,staccato,derive,nd068f6c30c9a33da
nd068f6c30c9a33da--strong-accent--1,,strong-accent,derive,nd068f6c30c9a33da
n2b2ba989946dc380--staccato--1,,staccato,derive,n2b2ba989946dc380
n61dc4bd93265009e--staccato--1,,staccato,derive,n61dc4bd93265009e
e59636ce084f5921b,md-1-134-2-1,words,md,2
e783774681383219a,md-1-134-2-2,wedge,md,2
e66d8d8e5b83d85d3,md-1-134-2-3,pedal,md,2
ece4e07a51f3899e0,md-1-134-2-4,wedge,md,2
e3e089d58e33d8d8a,md-1-134-2-5,pedal,md,2
e6407d96eb2597377,md-1-134-2-6,pedal,md,2
e3bf5617b568de11c,md-1-134-2-7,pedal,md,2
e568f31abd97986ee,md-1-135-2-1,pedal,md,2
e13afa32ad901c751,md-1-135-2-2,pedal,md,2
n6cff333286d77250--slur--start--1,n3377--slur--start--1,slur,stamp,n6cff333286d77250
n62a2b3428d8a3252--slur--stop--1,n3379--slur--stop--1,slur,stamp,n62a2b3428d8a3252
n62a2b3428d8a3252--slur--start--2,n3379--slur--start--2,slur,stamp,n62a2b3428d8a3252
n62a2b3428d8a3252--accent--1,,accent,derive,n62a2b3428d8a3252
n4e1b896bd999082c--slur--stop--1,n3380--slur--stop--1,slur,stamp,n4e1b896bd999082c
nb8d5668a9ee99b94--staccato--1,,staccato,derive,nb8d5668a9ee99b94
n928042ea714eab87--staccato--1,,staccato,derive,n928042ea714eab87
nfea2911420abba0d--staccato--1,,staccato,derive,nfea2911420abba0d
n4ea53e2b8c2fa7c6--staccato--1,,staccato,derive,n4ea53e2b8c2fa7c6
n3545b2f5294580c4--staccato--1,,staccato,derive,n3545b2f5294580c4
nc69d78b85678b411--staccato--1,,staccato,derive,nc69d78b85678b411
n376a0377f6df2cb8--staccato--1,,staccato,derive,n376a0377f6df2cb8
n376a0377f6df2cb8--strong-accent--1,,strong-accent,derive,n376a0377f6df2cb8
n98281f8154c85fba--staccato--1,,staccato,derive,n98281f8154c85fba
n48f32e992224916e--staccato--1,,staccato,derive,n48f32e992224916e
ed7597cac3bdbed86,md-1-136-2-1,wedge,md,2
e1f0533e37293550f,md-1-136-2-2,pedal,md,2
e892910acd7c60474,md-1-136-2-3,wedge,md,2
e4a6353165ed74f4b,md-1-136-2-4,pedal,md,2
e0beb605b39cbce09,md-1-136-2-5,pedal,md,2
e4807eb27f929332a,md-1-136-2-6,pedal,md,2
n6fa2abc24a7aea9b--slur--start--1,n3402--slur--start--1,slur,stamp,n6fa2abc24a7aea9b
n426568524f43357d--slur--stop--1,n3404--slur--stop--1,slur,stamp,n426568524f43357d
n426568524f43357d--slur--start--2,n3404--slur--start--2,slur,stamp,n426568524f43357d
n80f257dd58a532ad--slur--stop--1,n3406--slur--stop--1,slur,stamp,n80f257dd58a532ad
e528f185a617b5ec8,md-1-137-1-1,wedge,md,1
e0381f313929b066a,md-1-137-1-2,wedge,md,1
ef9dde8406528906d,md-1-137-1-3,wedge,md,1
ebec263bd5edc28a6,md-1-137-1-4,wedge,md,1
e2e4057c2a5f679c8,md-1-137-1-5,wedge,md,1
ea9c579a60b5991c1,md-1-137-1-6,wedge,md,1
ea03263cc63d71a95,md-1-137-2-1,words,md,2
e0e821038b323973f,md-1-137-2-2,pedal,md,2
efe17c9164ea2ff69,md-1-137-2-3,pedal,md,2
e0f53eb36bfba3df3,md-1-137-2-4,words,md,2
e5d035bfd0376bd02,md-1-137-2-5,pedal,md,2
e433749a57d10b490,md-1-137-2-6,pedal,md,2
n76d507c4a2ccc661--accent--1,,accent,derive,n76d507c4a2ccc661
e3f83ba36eb3b7cdb,md-1-138-1-1,wedge,md,1
e6c584c2e9a73e4c1,md-1-138-1-2,wedge,md,1
e6cde09f1fb46c87b,md-1-138-1-3,wedge,md,1
e03258022db5ec482,md-1-138-1-4,octave-shift,md,1
eedcc4a141d73d3eb,md-1-138-1-5,wedge,md,1
e21d0c8e37c36a59a,md-1-138-1-6,wedge,md,1
ef1fdeb1228337bf1,md-1-138-1-7,wedge,md,1
e6243e9f82eda46d3,md-1-138-1-8,wedge,md,1
e5988b74e22abe96a,md-1-138-1-9,wedge,md,1
ec076a436aa886fb2,md-1-139-1-1,wedge,md,1
e87b9c6377f56754d,md-1-139-1-2,wedge,md,1
eb76735d41ee5ce6c,md-1-139-1-3,wedge,md,1
ed37bc76f6493b6d8,md-1-139-1-4,wedge,md,1
e19be4ad7e0eab7a6,md-1-139-1-5,wedge,md,1
eef067472e11dd7fa,md-1-139-1-6,wedge,md,1
e568137c9cbe92f43,md-1-139-1-7,wedge,md,1
e810a5b89cd07ffd3,md-1-139-1-8,wedge,md,1
ea9a4f6d2824ccd81,md-1-139-1-9,wedge,md,1
efcb917914fd842b8,md-1-139-1-10,wedge,md,1
e32ede031be413ec1,md-1-139-1-11,wedge,md,1
ecfb842fe69e1e0bb,md-1-139-1-12,wedge,md,1
e628bae5c37027449,md-1-140-1-1,wedge,md,1
e7509b2acea3206a7,md-1-140-1-2,wedge,md,1
nc09ff0a000c068ff--slur--start--1,n3549--slur--start--1,slur,stamp,nc09ff0a000c068ff
e83a0a52441f1ad12,md-1-141-1-1,wedge,md,1
e1f7edaf536dec801,md-1-141-1-2,octave-shift,md,1
e425171350941c16c,md-1-141-1-3,wedge,md,1
nab9071834a6bb4ec--staccato--1,,staccato,derive,nab9071834a6bb4ec
nb6ea3f7315226161--staccato--1,,staccato,derive,nb6ea3f7315226161
n2d1cb8e1fa63bfb8--staccato--1,,staccato,derive,n2d1cb8e1fa63bfb8
na2bf183a4f022938--staccato--1,,staccato,derive,na2bf183a4f022938
n3ff7865325c7acb8--staccato--1,,staccato,derive,n3ff7865325c7acb8
n2858fb9505a00ec7--slur--start--1,n3560--slur--start--1,slur,stamp,n2858fb9505a00ec7
n2858fb9505a00ec7--staccato--1,,staccato,derive,n2858fb9505a00ec7
nb8e9eab81632bc0d--slur--stop--1,n3562--slur--stop--1,slur,stamp,nb8e9eab81632bc0d
nb8e9eab81632bc0d--staccato--1,,staccato,derive,nb8e9eab81632bc0d
nc8e42dc4f229c8b7--staccato--1,,staccato,derive,nc8e42dc4f229c8b7
na7d7ee7e66742b8b--staccato--1,,staccato,derive,na7d7ee7e66742b8b
ndf4ad1bda67bd8ff--staccato--1,,staccato,derive,ndf4ad1bda67bd8ff
n5226ca6029ec23cb--staccato--1,,staccato,derive,n5226ca6029ec23cb
ne2484d64c63500a6--staccato--1,,staccato,derive,ne2484d64c63500a6
nb6835100becb2c7b--slur--stop--1,n3574--slur--stop--1,slur,stamp,nb6835100becb2c7b
nb6835100becb2c7b--staccato--1,,staccato,derive,nb6835100becb2c7b
n70d5a16bb984061d--staccato--1,,staccato,derive,n70d5a16bb984061d
nf4ba021494a80e6a--slur--start--1,n3584--slur--start--1,slur,stamp,nf4ba021494a80e6a
n2e80a07dba7dd6de--slur--stop--1,n3586--slur--stop--1,slur,stamp,n2e80a07dba7dd6de
e7b0b412ebb2d36f3,md-1-143-1-1,dynamics,md,1
eac75d82ab9842c45,md-1-143-1-2,octave-shift,md,1
ef0daef7124f460c5,md-1-143-1-3,dynamics,md,1
ed7c8e69b4e3116dd,md-1-144-1-1,dynamics,md,1
nff34bb188011dfb8--staccato--1,,staccato,derive,nff34bb188011dfb8
n90e0dabded615d4c--staccato--1,,staccato,derive,n90e0dabded615d4c
ef9d1f771146a4d50,md-1-145-2-1,pedal,md,2
eb1b388cab649414d,md-1-145-2-2,pedal,md,2
n19872e49e4c53d91--staccato--1,,staccato,derive,n19872e49e4c53d91
n46d02c995b8c0fa0--staccato--1,,staccato,derive,n46d02c995b8c0fa0
n4ad5149379aa6461--slur--start--1,n3642--slur--start--1,slur,stamp,n4ad5149379aa6461
nbf45397299b2da68--slur--stop--1,n3644--slur--stop--1,slur,stamp,nbf45397299b2da68
n1f62317ff0f6e200--slur--start--1,n3645--slur--start--1,slur,stamp,n1f62317ff0f6e200
nac377dce1ea462ba--slur--stop--1,n3647--slur--stop--1,slur,stamp,nac377dce1ea462ba
e4411dfe9240adddf,md-1-147-2-1,pedal,md,2
e2fe891b44410fb22,md-1-147-2-2,pedal,md,2
e259d595d53056464,md-1-148-2-1,words,md,2
n26cee49b8ce580c2--staccato--1,,staccato,derive,n26cee49b8ce580c2
n17e771df419b3548--staccato--1,,staccato,derive,n17e771df419b3548
ebd873b608eff24d6,md-1-149-2-1,pedal,md,2
e2d8a4740f5d32f0a,md-1-149-2-2,pedal,md,2
nf2b24f28e70825f7--staccato--1,,staccato,derive,nf2b24f28e70825f7
e4190075f9e297f05,md-1-151-2-1,pedal,md,2
e11f36339c6a34b4f,md-1-151-2-2,pedal,md,2
ecc5bea326c8054b2,md-1-152-1-1,octave-shift,md,1
e932dd1a60915b87a,md-1-153-2-1,pedal,md,2
e3de5069b9f8265fc,md-1-153-2-2,pedal,md,2
nca5a66e3271586e1--slur--start--1,n3754--slur--start--1,slur,stamp,nca5a66e3271586e1
n1757f4f1bbe72e20--slur--stop--1,n3756--slur--stop--1,slur,stamp,n1757f4f1bbe72e20
n40e6a07eb22c6821--slur--start--1,n3757--slur--start--1,slur,stamp,n40e6a07eb22c6821
n03dfd607229aab3b--slur--stop--1,n3758--slur--stop--1,slur,stamp,n03dfd607229aab3b
e1510b65e71c04de8,md-1-155-1-1,dynamics,md,1
na756390bb555fcea--arpeggiate--1,n3760--arpeggiate--1,arpeggiate,stamp,na756390bb555fcea
ne911be08fef8a055--arpeggiate--1,n3761--arpeggiate--1,arpeggiate,stamp,ne911be08fef8a055
n20c9b177849712eb--arpeggiate--1,n3762--arpeggiate--1,arpeggiate,stamp,n20c9b177849712eb
n0f35cd5ca6f6c9c7--arpeggiate--1,n3763--arpeggiate--1,arpeggiate,stamp,n0f35cd5ca6f6c9c7
e25cb6552fa4f81f0,md-1-156-2-1,pedal,md,2
e6158b853b536eb1a,md-1-156-2-2,pedal,md,2
n0acd850586a0cf58--staccato--1,,staccato,derive,n0acd850586a0cf58
nd8018cd84cb15d2f--staccato--1,,staccato,derive,nd8018cd84cb15d2f
n94669e4e1d6fe1f7--staccato--1,,staccato,derive,n94669e4e1d6fe1f7
n17461311493752bb--staccato--1,,staccato,derive,n17461311493752bb
n0a94a5d8ba6b15ab--staccato--1,,staccato,derive,n0a94a5d8ba6b15ab
n0e2a517524c29132--staccato--1,,staccato,derive,n0e2a517524c29132
ec2df775755917124,md-1-157-1-1,dynamics,md,1
e73ff5fbe9c7c698e,md-1-157-1-2,octave-shift,md,1
eeeaf3bb25a310df9,md-1-157-2-1,words,md,2
e37c07ca368d8c83b,md-1-157-2-2,pedal,md,2
e052903104dbb872b,md-1-157-2-3,pedal,md,2
nfdc5c674a5713292--staccato--1,,staccato,derive,nfdc5c674a5713292
n2ef2df374002f9f4--staccato--1,,staccato,derive,n2ef2df374002f9f4
nce886ba60d86a44a--staccato--1,,staccato,derive,nce886ba60d86a44a
n2a54ebbb64d589a6--staccato--1,,staccato,derive,n2a54ebbb64d589a6
na46a4a8762969d4d--staccato--1,,staccato,derive,na46a4a8762969d4d
n816bf4e1083fc688--staccato--1,,staccato,derive,n816bf4e1083fc688
n3927da884dd49557--slur--start--1,n3798--slur--start--1,slur,stamp,n3927da884dd49557
nc7e7304d421d3fc5--slur--stop--1,n3799--slur--stop--1,slur,stamp,nc7e7304d421d3fc5
n44958b6c05965d9d--slur--start--1,n3800--slur--start--1,slur,stamp,n44958b6c05965d9d
nb5d0cad78c96a91f--slur--stop--1,n3801--slur--stop--1,slur,stamp,nb5d0cad78c96a91f
e4ca2e555d67974ef,md-1-158-2-1,pedal,md,2
ec657dbc63766f11e,md-1-158-2-2,pedal,md,2
n53d67936c36930c1--staccato--1,,staccato,derive,n53d67936c36930c1
ne30d2cc9172e32cc--staccato--1,,staccato,derive,ne30d2cc9172e32cc
nb8a864feaf095480--staccato--1,,staccato,derive,nb8a864feaf095480
n4503ac0b72144bd9--staccato--1,,staccato,derive,n4503ac0b72144bd9
n56bfbd1f419f981f--staccato--1,,staccato,derive,n56bfbd1f419f981f
n38e7304cfcbe509a--staccato--1,,staccato,derive,n38e7304cfcbe509a
e79eeb50f4282a09b,md-1-159-2-1,pedal,md,2
e33f5406743c54185,md-1-159-2-2,pedal,md,2
n5c273f198031093e--staccato--1,,staccato,derive,n5c273f198031093e
na4b6c6e3090970ec--staccato--1,,staccato,derive,na4b6c6e3090970ec
n305b7b8a48aba531--staccato--1,,staccato,derive,n305b7b8a48aba531
n4e8ce80a055f759e--staccato--1,,staccato,derive,n4e8ce80a055f759e
n6d6a3ffc37433601--staccato--1,,staccato,derive,n6d6a3ffc37433601
ndd3a0945b71bd67f--staccato--1,,staccato,derive,ndd3a0945b71bd67f
na00515547fc46df5--slur--start--1,n3826--slur--start--1,slur,stamp,na00515547fc46df5
nb5a376042f040fa2--slur--stop--1,n3827--slur--stop--1,slur,stamp,nb5a376042f040fa2
n953ab9ee6d22d05b--slur--start--1,n3828--slur--start--1,slur,stamp,n953ab9ee6d22d05b
nd2919a6b1ce1b826--slur--stop--1,n3829--slur--stop--1,slur,stamp,nd2919a6b1ce1b826
ebc24c77fa700b261,md-1-160-2-1,pedal,md,2
e2cd953cc51846cf6,md-1-160-2-2,pedal,md,2
n9c0608ef609798a4--staccato--1,,staccato,derive,n9c0608ef609798a4
nb73f4063d90a8cb3--staccato--1,,staccato,derive,nb73f4063d90a8cb3
n629d15b06ee8fc60--staccato--1,,staccato,derive,n629d15b06ee8fc60
n6f754dbf7a709485--staccato--1,,staccato,derive,n6f754dbf7a709485
n52edbdc51c03f167--staccato--1,,staccato,derive,n52edbdc51c03f167
n3bd5bedb007027df--staccato--1,,staccato,derive,n3bd5bedb007027df
ed15184d22ef84086,md-1-161-2-1,pedal,md,2
e18058bd0ac327f43,md-1-161-2-2,pedal,md,2
n7464a7b5564b2e29--slur--start--1,n3845--slur--start--1,slur,stamp,n7464a7b5564b2e29
n7464a7b5564b2e29--staccato--1,,staccato,derive,n7464a7b5564b2e29
nb3a96eec9a8966df--staccato--1,,staccato,derive,nb3a96eec9a8966df
n52bb38ef37f85171--slur--stop--1,n3848--slur--stop--1,slur,stamp,n52bb38ef37f85171
n52bb38ef37f85171--staccato--1,,staccato,derive,n52bb38ef37f85171
na49a75033a6adaa4--slur--start--1,n3849--slur--start--1,slur,stamp,na49a75033a6adaa4
e634f908d50a0e169,md-1-162-1-1,dynamics,md,1
edd39bca30eab4205,md-1-162-2-1,pedal,md,2
e9e2cc6d2fe43239e,md-1-162-2-2,words,md,2
e95ca3507b6d07ed3,md-1-162-2-3,pedal,md,2
nbc566293e29ecab7--slur--stop--1,n3862--slur--stop--1,slur,stamp,nbc566293e29ecab7
ncfb9cd9a12bc77a3--slur--start--1,n3863--slur--start--1,slur,stamp,ncfb9cd9a12bc77a3
eee0194eaec3bd331,md-1-163-2-1,pedal,md,2
e47b51e13229a0d6d,md-1-163-2-2,pedal,md,2
e49b081bab27c84ca,md-1-163-2-3,pedal,md,2
efca6a4d00d06946f,md-1-163-2-4,pedal,md,2
n3d67ecbacf2976b5--slur--stop--1,n3876--slur--stop--1,slur,stamp,n3d67ecbacf2976b5
n9974103daa569410--slur--start--1,n3877--slur--start--1,slur,stamp,n9974103daa569410
ef9a464eb7fd1dddb,md-1-164-2-1,pedal,md,2
ed27bd35556f24bdf,md-1-164-2-2,pedal,md,2
eaba45be647f00406,md-1-164-2-3,pedal,md,2
e8c4e59c35dea68b7,md-1-164-2-4,pedal,md,2
n350bb2a13dc26021--slur--stop--1,n3890--slur--stop--1,slur,stamp,n350bb2a13dc26021
n3276e3596068c698--staccato--1,,staccato,derive,n3276e3596068c698
ne3d811fb1b40ce79--staccato--1,,staccato,derive,ne3d811fb1b40ce79
n5cce7fb4c4073f3e--staccato--1,,staccato,derive,n5cce7fb4c4073f3e
ncbcdc76dca29a540--staccato--1,,staccato,derive,ncbcdc76dca29a540
n3cacbe4521c74065--staccato--1,,staccato,derive,n3cacbe4521c74065
n3e44fa86df68de7a--staccato--1,,staccato,derive,n3e44fa86df68de7a
e9c154cd2cbc7c60b,md-1-165-1-1,dynamics,md,1
e583e28ad98bcbde0,md-1-165-2-1,pedal,md,2
n3e8d29e4346df2cc--staccato--1,,staccato,derive,n3e8d29e4346df2cc
nb959ee8a52bae3de--staccato--1,,staccato,derive,nb959ee8a52bae3de
n8eb9845b9f5b6cf5--staccato--1,,staccato,derive,n8eb9845b9f5b6cf5
n143b4adc30f4b4f5--staccato--1,,staccato,derive,n143b4adc30f4b4f5
n0b67f61c29a03423--staccato--1,,staccato,derive,n0b67f61c29a03423
n85bf6f2bb40f589e--staccato--1,,staccato,derive,n85bf6f2bb40f589e
n1c95bd2e5aa28a15--staccato--1,,staccato,derive,n1c95bd2e5aa28a15
nee120685da5039b2--staccato--1,,staccato,derive,nee120685da5039b2
nd937caa58cf4d779--staccato--1,,staccato,derive,nd937caa58cf4d779
n8f9c163dcd829a2e--staccato--1,,staccato,derive,n8f9c163dcd829a2e
n2aa3f7339b6834d9--staccato--1,,staccato,derive,n2aa3f7339b6834d9
n3592534412183e32--staccato--1,,staccato,derive,n3592534412183e32
n492341ce24f5a039--staccato--1,,staccato,derive,n492341ce24f5a039
n517382b2cb848b2e--staccato--1,,staccato,derive,n517382b2cb848b2e
n0071a298ccf057a4--staccato--1,,staccato,derive,n0071a298ccf057a4
n2f4c3c4be64fc86b--staccato--1,,staccato,derive,n2f4c3c4be64fc86b
ea69394dd3f3c54be,md-1-167-1-1,octave-shift,md,1
n16ac7fed20a99f67--staccato--1,,staccato,derive,n16ac7fed20a99f67
n563c9f39998d9faa--fermata--upright--1,n3931--fermata--upright--1,fermata,stamp,n563c9f39998d9faa
n5696f564dd19be0e--staccato--1,,staccato,derive,n5696f564dd19be0e
n6baef08649fcad9d--fermata--upright--1,n3936--fermata--upright--1,fermata,stamp,n6baef08649fcad9d
ecd2116d752b0d42e,md-1-168-1-1,octave-shift,md,1
ebb8b8006854f1998,md-1-168-2-1,pedal,md,2
