note_id,original_id,bar,voice,staff,ordinal
mn-1-1-1-1,r1,1,1,1,1
mn-1-1-2-1,n1,1,1,2,1
mn-1-1-2-2,n2,1,1,2,2
mn-1-1-2-3,n3,1,1,2,3
mn-1-1-2-4,n4,1,1,2,4
mn-1-1-2-5,n5,1,1,2,5
mn-1-1-2-6,n6,1,1,2,6
mn-1-1-2-7,n7,1,1,2,7
mn-1-1-1-2,n8,1,1,1,2
mn-1-1-2-8,n9,1,1,2,8
mn-1-1-2-9,n10,1,1,2,9
mn-1-1-1-3,n11,1,1,1,3
mn-1-1-1-4,n12,1,1,1,4
mn-1-1-1-5,n13,1,1,1,5
mn-1-1-1-6,n14,1,1,1,6
mn-1-1-1-7,n15,1,1,1,7
mn-1-5-2-1,n16,1,5,2,1
mn-1-5-2-2,n17,1,5,2,2
mn-1-5-2-3,n18,1,5,2,3
mn-1-5-2-4,n19,1,5,2,4
mn-1-5-2-5,n20,1,5,2,5
mn-1-5-2-6,n21,1,5,2,6
mn-1-5-2-7,n22,1,5,2,7
mn-1-5-2-8,n23,1,5,2,8
mn-2-1-1-1,n24,2,1,1,1
mn-2-1-1-2,n25,2,1,1,2
mn-2-1-1-3,n26,2,1,1,3
mn-2-1-1-4,n27,2,1,1,4
mn-2-1-1-5,n28,2,1,1,5
mn-2-1-1-6,n29,2,1,1,6
mn-2-1-1-7,n30,2,1,1,7
mn-2-1-1-8,n31,2,1,1,8
mn-2-1-1-9,n32,2,1,1,9
mn-2-1-1-10,n33,2,1,1,10
mn-2-1-1-11,n34,2,1,1,11
mn-2-1-1-12,n35,2,1,1,12
mn-2-1-1-13,n36,2,1,1,13
mn-2-1-1-14,n37,2,1,1,14
mn-2-1-1-15,n38,2,1,1,15
mn-2-1-1-16,n39,2,1,1,16
mn-2-1-1-17,n40,2,1,1,17
mn-2-1-1-18,n41,2,1,1,18
mn-2-1-1-19,n42,2,1,1,19
mn-2-1-1-20,n43,2,1,1,20
mn-2-5-2-1,n44,2,5,2,1
mn-2-5-2-2,n45,2,5,2,2
mn-2-5-2-3,n46,2,5,2,3
mn-2-5-2-4,n47,2,5,2,4
mn-2-5-2-5,n48,2,5,2,5
mn-2-5-2-6,n49,2,5,2,6
mn-2-5-2-7,n50,2,5,2,7
mn-2-5-2-8,n51,2,5,2,8
mn-2-5-2-9,n52,2,5,2,9
mn-3-1-1-1,r2,3,1,1,1
mn-3-1-2-1,n53,3,1,2,1
mn-3-1-2-2,n54,3,1,2,2
mn-3-1-2-3,n55,3,1,2,3
mn-3-1-2-4,n56,3,1,2,4
mn-3-1-2-5,n57,3,1,2,5
mn-3-1-2-6,n58,3,1,2,6
mn-3-1-2-7,n59,3,1,2,7
mn-3-1-2-8,n60,3,1,2,8
mn-3-1-2-9,n61,3,1,2,9
mn-3-1-2-10,n62,3,1,2,10
mn-3-1-2-11,n63,3,1,2,11
mn-3-1-1-2,n64,3,1,1,2
mn-3-1-1-3,n65,3,1,1,3
mn-3-1-1-4,n66,3,1,1,4
mn-3-1-1-5,n67,3,1,1,5
mn-3-5-2-1,n68,3,5,2,1
mn-3-5-2-2,n69,3,5,2,2
mn-3-5-2-3,n70,3,5,2,3
mn-3-5-2-4,n71,3,5,2,4
mn-3-5-2-5,n72,3,5,2,5
mn-3-5-2-6,n73,3,5,2,6
mn-3-5-2-7,n74,3,5,2,7
mn-3-5-2-8,n75,3,5,2,8
mn-4-1-1-1,n76,4,1,1,1
mn-4-1-1-2,n77,4,1,1,2
mn-4-1-1-3,n78,4,1,1,3
mn-4-1-1-4,n79,4,1,1,4
mn-4-1-1-5,n80,4,1,1,5
mn-4-1-1-6,n81,4,1,1,6
mn-4-1-1-7,n82,4,1,1,7
mn-4-1-1-8,n83,4,1,1,8
mn-4-1-1-9,n84,4,1,1,9
mn-4-1-1-10,n85,4,1,1,10
mn-4-1-1-11,n86,4,1,1,11
mn-4-1-1-12,n87,4,1,1,12
mn-4-1-1-13,n88,4,1,1,13
mn-4-1-1-14,n89,4,1,1,14
mn-4-1-1-15,n90,4,1,1,15
mn-4-1-1-16,n91,4,1,1,16
mn-4-1-1-17,n92,4,1,1,17
mn-4-1-1-18,n93,4,1,1,18
mn-4-1-1-19,n94,4,1,1,19
mn-4-1-1-20,n95,4,1,1,20
mn-4-5-2-1,n96,4,5,2,1
mn-4-5-2-2,n97,4,5,2,2
mn-4-5-2-3,n98,4,5,2,3
mn-4-5-2-4,n99,4,5,2,4
mn-4-5-2-5,n100,4,5,2,5
mn-4-5-2-6,n101,4,5,2,6
mn-4-5-2-7,n102,4,5,2,7
mn-4-5-2-8,n103,4,5,2,8
mn-4-5-2-9,n104,4,5,2,9
mn-5-1-1-1,r3,5,1,1,1
mn-5-1-2-1,n105,5,1,2,1
mn-5-1-2-2,n106,5,1,2,2
mn-5-1-2-3,n107,5,1,2,3
mn-5-1-2-4,n108,5,1,2,4
mn-5-1-2-5,n109,5,1,2,5
mn-5-1-2-6,n110,5,1,2,6
mn-5-1-2-7,n111,5,1,2,7
mn-5-1-1-2,n112,5,1,1,2
mn-5-1-1-3,n113,5,1,1,3
mn-5-1-1-4,n114,5,1,1,4
mn-5-1-1-5,n115,5,1,1,5
mn-5-1-1-6,n116,5,1,1,6
mn-5-1-1-7,n117,5,1,1,7
mn-5-1-1-8,n118,5,1,1,8
mn-5-1-1-9,n119,5,1,1,9
mn-5-5-2-1,n120,5,5,2,1
mn-5-5-2-2,n121,5,5,2,2
mn-5-5-2-3,n122,5,5,2,3
mn-5-5-2-4,n123,5,5,2,4
mn-5-5-2-5,n124,5,5,2,5
mn-5-5-2-6,n125,5,5,2,6
mn-5-5-2-7,n126,5,5,2,7
mn-5-5-2-8,n127,5,5,2,8
mn-6-1-1-1,n128,6,1,1,1
mn-6-1-1-2,n129,6,1,1,2
mn-6-1-1-3,n130,6,1,1,3
mn-6-1-1-4,n131,6,1,1,4
mn-6-1-1-5,n132,6,1,1,5
mn-6-1-1-6,n133,6,1,1,6
mn-6-1-1-7,n134,6,1,1,7
mn-6-1-1-8,n135,6,1,1,8
mn-6-1-1-9,n136,6,1,1,9
mn-6-1-1-10,n137,6,1,1,10
mn-6-1-1-11,n138,6,1,1,11
mn-6-1-1-12,n139,6,1,1,12
mn-6-1-1-13,n140,6,1,1,13
mn-6-1-1-14,n141,6,1,1,14
mn-6-1-1-15,n142,6,1,1,15
mn-6-1-1-16,n143,6,1,1,16
mn-6-1-1-17,n144,6,1,1,17
mn-6-1-1-18,n145,6,1,1,18
mn-6-1-1-19,n146,6,1,1,19
mn-6-1-1-20,n147,6,1,1,20
mn-6-5-2-1,n148,6,5,2,1
mn-6-5-2-2,n149,6,5,2,2
mn-6-5-2-3,n150,6,5,2,3
mn-6-5-2-4,n151,6,5,2,4
mn-6-5-2-5,n152,6,5,2,5
mn-6-5-2-6,n153,6,5,2,6
mn-6-5-2-7,n154,6,5,2,7
mn-6-5-2-8,n155,6,5,2,8
mn-6-5-2-9,n156,6,5,2,9
mn-7-1-1-1,r4,7,1,1,1
mn-7-1-2-1,n157,7,1,2,1
mn-7-1-2-2,n158,7,1,2,2
mn-7-1-2-3,n159,7,1,2,3
mn-7-1-1-2,n160,7,1,1,2
mn-7-1-1-3,n161,7,1,1,3
mn-7-1-1-4,n162,7,1,1,4
mn-7-1-1-5,n163,7,1,1,5
mn-7-1-1-6,n164,7,1,1,6
mn-7-1-1-7,n165,7,1,1,7
mn-7-1-1-8,n166,7,1,1,8
mn-7-1-1-9,n167,7,1,1,9
mn-7-1-1-10,n168,7,1,1,10
mn-7-1-1-11,n169,7,1,1,11
mn-7-1-1-12,n170,7,1,1,12
mn-7-1-1-13,n171,7,1,1,13
mn-7-1-1-14,n172,7,1,1,14
mn-7-1-1-15,n173,7,1,1,15
mn-7-5-2-1,n174,7,5,2,1
mn-7-5-2-2,n175,7,5,2,2
mn-7-5-2-3,n176,7,5,2,3
mn-7-5-2-4,n177,7,5,2,4
mn-7-5-2-5,n178,7,5,2,5
mn-7-5-2-6,n179,7,5,2,6
mn-7-5-2-7,n180,7,5,2,7
mn-7-5-2-8,n181,7,5,2,8
mn-8-1-1-1,r5,8,1,1,1
mn-8-1-2-1,n182,8,1,2,1
mn-8-1-2-2,n183,8,1,2,2
mn-8-1-2-3,n184,8,1,2,3
mn-8-1-2-4,n185,8,1,2,4
mn-8-1-2-5,n186,8,1,2,5
mn-8-1-1-2,n187,8,1,1,2
mn-8-1-1-3,n188,8,1,1,3
mn-8-1-1-4,n189,8,1,1,4
mn-8-1-1-5,n190,8,1,1,5
mn-8-1-1-6,n191,8,1,1,6
mn-8-1-1-7,n192,8,1,1,7
mn-8-1-1-8,n193,8,1,1,8
mn-8-1-1-9,n194,8,1,1,9
mn-8-1-1-10,n195,8,1,1,10
mn-8-1-1-11,n196,8,1,1,11
mn-8-1-1-12,n197,8,1,1,12
mn-8-1-1-13,n198,8,1,1,13
mn-8-5-2-1,n199,8,5,2,1
mn-8-5-2-2,n200,8,5,2,2
mn-8-5-2-3,n201,8,5,2,3
mn-8-5-2-4,n202,8,5,2,4
mn-8-5-2-5,n203,8,5,2,5
mn-8-5-2-6,n204,8,5,2,6
mn-8-5-2-7,n205,8,5,2,7
mn-8-5-2-8,n206,8,5,2,8
mn-9-1-1-1,n207,9,1,1,1
mn-9-1-1-2,n208,9,1,1,2
mn-9-1-1-3,n209,9,1,1,3
mn-9-1-1-4,n210,9,1,1,4
mn-9-1-1-5,n211,9,1,1,5
mn-9-1-1-6,n212,9,1,1,6
mn-9-1-1-7,n213,9,1,1,7
mn-9-1-1-8,n214,9,1,1,8
mn-9-1-1-9,n215,9,1,1,9
mn-9-1-1-10,n216,9,1,1,10
mn-9-1-1-11,n217,9,1,1,11
mn-9-1-1-12,n218,9,1,1,12
mn-9-1-1-13,n219,9,1,1,13
mn-9-1-1-14,n220,9,1,1,14
mn-9-1-1-15,n221,9,1,1,15
mn-9-1-1-16,n222,9,1,1,16
mn-9-1-1-17,n223,9,1,1,17
mn-9-5-2-1,n224,9,5,2,1
mn-9-5-2-2,n225,9,5,2,2
mn-9-5-2-3,n226,9,5,2,3
mn-9-5-2-4,n227,9,5,2,4
mn-9-5-2-5,n228,9,5,2,5
mn-9-5-2-6,n229,9,5,2,6
mn-9-5-2-7,n230,9,5,2,7
mn-9-5-2-8,n231,9,5,2,8
mn-9-5-2-9,n232,9,5,2,9
mn-9-6-2-1,n233,9,6,2,1
mn-9-6-2-2,n234,9,6,2,2
mn-10-1-1-1,n235,10,1,1,1
mn-10-1-1-2,n236,10,1,1,2
mn-10-1-1-3,n237,10,1,1,3
mn-10-1-1-4,n238,10,1,1,4
mn-10-1-1-5,n239,10,1,1,5
mn-10-1-1-6,n240,10,1,1,6
mn-10-1-1-7,n241,10,1,1,7
mn-10-1-1-8,n242,10,1,1,8
mn-10-1-1-9,n243,10,1,1,9
mn-10-1-1-10,n244,10,1,1,10
mn-10-1-1-11,n245,10,1,1,11
mn-10-1-1-12,n246,10,1,1,12
mn-10-1-1-13,n247,10,1,1,13
mn-10-1-1-14,n248,10,1,1,14
mn-10-1-1-15,n249,10,1,1,15
mn-10-1-1-16,n250,10,1,1,16
mn-10-5-1-1,n251,10,5,1,1
mn-10-5-1-2,n252,10,5,1,2
mn-10-5-1-3,n253,10,5,1,3
mn-10-5-1-4,n254,10,5,1,4
mn-10-5-1-5,n255,10,5,1,5
mn-10-5-1-6,n256,10,5,1,6
mn-10-5-1-7,n257,10,5,1,7
mn-10-5-1-8,n258,10,5,1,8
mn-10-6-2-1,n259,10,6,2,1
mn-11-1-1-1,n260,11,1,1,1
mn-11-1-1-2,n261,11,1,1,2
mn-11-1-1-3,n262,11,1,1,3
mn-11-1-1-4,n263,11,1,1,4
mn-11-1-1-5,n264,11,1,1,5
mn-11-1-1-6,n265,11,1,1,6
mn-11-1-1-7,n266,11,1,1,7
mn-11-1-1-8,n267,11,1,1,8
mn-11-1-1-9,n268,11,1,1,9
mn-11-1-1-10,n269,11,1,1,10
mn-11-1-1-11,n270,11,1,1,11
mn-11-1-1-12,n271,11,1,1,12
mn-11-1-1-13,n272,11,1,1,13
mn-11-1-1-14,n273,11,1,1,14
mn-11-1-1-15,n274,11,1,1,15
mn-11-1-1-16,n275,11,1,1,16
mn-11-5-2-1,n276,11,5,2,1
mn-11-6-1-1,n277,11,6,1,1
mn-11-6-1-2,n278,11,6,1,2
mn-11-6-1-3,n279,11,6,1,3
mn-11-6-1-4,n280,11,6,1,4
mn-11-6-1-5,n281,11,6,1,5
mn-11-6-1-6,n282,11,6,1,6
mn-11-6-1-7,n283,11,6,1,7
mn-11-6-1-8,n284,11,6,1,8
mn-12-1-1-1,n285,12,1,1,1
mn-12-1-1-2,n286,12,1,1,2
mn-12-1-1-3,n287,12,1,1,3
mn-12-1-1-4,n288,12,1,1,4
mn-12-1-1-5,n289,12,1,1,5
mn-12-1-1-6,n290,12,1,1,6
mn-12-1-1-7,n291,12,1,1,7
mn-12-1-1-8,n292,12,1,1,8
mn-12-1-1-9,n293,12,1,1,9
mn-12-1-1-10,n294,12,1,1,10
mn-12-1-1-11,n295,12,1,1,11
mn-12-1-1-12,n296,12,1,1,12
mn-12-1-1-13,n297,12,1,1,13
mn-12-1-1-14,n298,12,1,1,14
mn-12-1-1-15,n299,12,1,1,15
mn-12-1-1-16,n300,12,1,1,16
mn-12-5-2-1,n301,12,5,2,1
mn-12-6-1-1,n302,12,6,1,1
mn-12-6-1-2,n303,12,6,1,2
mn-12-6-1-3,n304,12,6,1,3
mn-12-6-1-4,n305,12,6,1,4
mn-12-6-1-5,n306,12,6,1,5
mn-12-6-1-6,n307,12,6,1,6
mn-12-6-1-7,n308,12,6,1,7
mn-12-6-1-8,n309,12,6,1,8
mn-13-1-1-1,n310,13,1,1,1
mn-13-1-1-2,n311,13,1,1,2
mn-13-1-1-3,n312,13,1,1,3
mn-13-1-1-4,n313,13,1,1,4
mn-13-1-1-5,n314,13,1,1,5
mn-13-1-1-6,n315,13,1,1,6
mn-13-1-1-7,n316,13,1,1,7
mn-13-1-1-8,n317,13,1,1,8
mn-13-1-1-9,n318,13,1,1,9
mn-13-1-1-10,n319,13,1,1,10
mn-13-1-1-11,n320,13,1,1,11
mn-13-1-1-12,n321,13,1,1,12
mn-13-1-1-13,n322,13,1,1,13
mn-13-1-1-14,n323,13,1,1,14
mn-13-1-1-15,n324,13,1,1,15
mn-13-1-1-16,n325,13,1,1,16
mn-13-5-2-1,n326,13,5,2,1
mn-13-5-2-2,n327,13,5,2,2
mn-13-5-2-3,n328,13,5,2,3
mn-13-5-2-4,n329,13,5,2,4
mn-13-5-2-5,n330,13,5,2,5
mn-13-5-2-6,n331,13,5,2,6
mn-13-5-2-7,n332,13,5,2,7
mn-13-5-2-8,n333,13,5,2,8
mn-13-6-2-1,n334,13,6,2,1
mn-13-6-2-2,n335,13,6,2,2
mn-13-6-2-3,n336,13,6,2,3
mn-13-6-2-4,n337,13,6,2,4
mn-13-6-2-5,n338,13,6,2,5
mn-13-6-2-6,n339,13,6,2,6
mn-13-6-2-7,n340,13,6,2,7
mn-13-6-2-8,n341,13,6,2,8
mn-14-1-1-1,n342,14,1,1,1
mn-14-1-1-2,n343,14,1,1,2
mn-14-1-1-3,n344,14,1,1,3
mn-14-5-2-1,n345,14,5,2,1
mn-14-5-2-2,n346,14,5,2,2
mn-14-5-2-3,n347,14,5,2,3
mn-14-5-2-4,n348,14,5,2,4
mn-15-1-1-1,r6,15,1,1,1
mn-15-1-2-1,n349,15,1,2,1
mn-15-1-2-2,n350,15,1,2,2
mn-15-1-2-3,n351,15,1,2,3
mn-15-1-2-4,n352,15,1,2,4
mn-15-1-2-5,n353,15,1,2,5
mn-15-1-2-6,n354,15,1,2,6
mn-15-1-2-7,n355,15,1,2,7
mn-15-1-1-2,n356,15,1,1,2
mn-15-1-2-8,n357,15,1,2,8
mn-15-1-2-9,n358,15,1,2,9
mn-15-1-1-3,n359,15,1,1,3
mn-15-1-1-4,n360,15,1,1,4
mn-15-1-1-5,n361,15,1,1,5
mn-15-1-1-6,n362,15,1,1,6
mn-15-1-1-7,n363,15,1,1,7
mn-15-5-2-1,n364,15,5,2,1
mn-15-5-2-2,n365,15,5,2,2
mn-15-5-2-3,n366,15,5,2,3
mn-15-5-2-4,n367,15,5,2,4
mn-15-5-2-5,n368,15,5,2,5
mn-15-5-2-6,n369,15,5,2,6
mn-15-5-2-7,n370,15,5,2,7
mn-15-5-2-8,n371,15,5,2,8
mn-16-1-1-1,n372,16,1,1,1
mn-16-1-1-2,n373,16,1,1,2
mn-16-1-1-3,n374,16,1,1,3
mn-16-1-1-4,n375,16,1,1,4
mn-16-1-1-5,n376,16,1,1,5
mn-16-1-1-6,n377,16,1,1,6
mn-16-1-1-7,n378,16,1,1,7
mn-16-1-1-8,n379,16,1,1,8
mn-16-1-1-9,n380,16,1,1,9
mn-16-1-1-10,n381,16,1,1,10
mn-16-1-1-11,n382,16,1,1,11
mn-16-1-1-12,n383,16,1,1,12
mn-16-1-1-13,n384,16,1,1,13
mn-16-1-1-14,n385,16,1,1,14
mn-16-1-1-15,n386,16,1,1,15
mn-16-1-1-16,n387,16,1,1,16
mn-16-5-2-1,n388,16,5,2,1
mn-16-5-2-2,n389,16,5,2,2
mn-16-5-2-3,n390,16,5,2,3
mn-16-5-2-4,n391,16,5,2,4
mn-16-5-2-5,n392,16,5,2,5
mn-16-5-2-6,n393,16,5,2,6
mn-16-5-2-7,n394,16,5,2,7
mn-16-5-2-8,n395,16,5,2,8
mn-16-5-2-9,n396,16,5,2,9
mn-17-1-1-1,r7,17,1,1,1
mn-17-1-2-1,n397,17,1,2,1
mn-17-1-2-2,n398,17,1,2,2
mn-17-1-1-2,n399,17,1,1,2
mn-17-1-1-3,n400,17,1,1,3
mn-17-1-2-3,n401,17,1,2,3
mn-17-1-1-4,n402,17,1,1,4
mn-17-1-1-5,n403,17,1,1,5
mn-17-1-1-6,n404,17,1,1,6
mn-17-1-1-7,n405,17,1,1,7
mn-17-1-1-8,n406,17,1,1,8
mn-17-1-1-9,n407,17,1,1,9
mn-17-1-1-10,n408,17,1,1,10
mn-17-1-1-11,n409,17,1,1,11
mn-17-1-1-12,n410,17,1,1,12
mn-17-1-1-13,n411,17,1,1,13
mn-17-5-2-1,n412,17,5,2,1
mn-17-5-2-2,n413,17,5,2,2
mn-17-5-2-3,n414,17,5,2,3
mn-17-5-2-4,n415,17,5,2,4
mn-17-5-2-5,n416,17,5,2,5
mn-17-5-2-6,n417,17,5,2,6
mn-17-5-2-7,n418,17,5,2,7
mn-17-5-2-8,n419,17,5,2,8
mn-18-1-1-1,n420,18,1,1,1
mn-18-1-1-2,n421,18,1,1,2
mn-18-1-1-3,n422,18,1,1,3
mn-18-1-1-4,n423,18,1,1,4
mn-18-1-1-5,n424,18,1,1,5
mn-18-1-1-6,n425,18,1,1,6
mn-18-1-1-7,n426,18,1,1,7
mn-18-1-1-8,n427,18,1,1,8
mn-18-1-1-9,n428,18,1,1,9
mn-18-1-1-10,n429,18,1,1,10
mn-18-1-1-11,n430,18,1,1,11
mn-18-1-1-12,n431,18,1,1,12
mn-18-1-1-13,n432,18,1,1,13
mn-18-1-1-14,n433,18,1,1,14
mn-18-1-1-15,n434,18,1,1,15
mn-18-1-1-16,n435,18,1,1,16
mn-18-5-2-1,n436,18,5,2,1
mn-18-5-2-2,n437,18,5,2,2
mn-18-5-2-3,n438,18,5,2,3
mn-18-5-2-4,n439,18,5,2,4
mn-18-5-2-5,n440,18,5,2,5
mn-18-5-2-6,n441,18,5,2,6
mn-18-5-2-7,n442,18,5,2,7
mn-18-5-2-8,n443,18,5,2,8
mn-18-5-2-9,n444,18,5,2,9
mn-19-1-1-1,r8,19,1,1,1
mn-19-1-2-1,n445,19,1,2,1
mn-19-1-2-2,n446,19,1,2,2
mn-19-1-2-3,n447,19,1,2,3
mn-19-1-2-4,n448,19,1,2,4
mn-19-1-2-5,n449,19,1,2,5
mn-19-1-2-6,n450,19,1,2,6
mn-19-1-2-7,n451,19,1,2,7
mn-19-1-1-2,n452,19,1,1,2
mn-19-1-1-3,n453,19,1,1,3
mn-19-1-1-4,n454,19,1,1,4
mn-19-1-1-5,n455,19,1,1,5
mn-19-1-1-6,n456,19,1,1,6
mn-19-1-1-7,n457,19,1,1,7
mn-19-1-1-8,n458,19,1,1,8
mn-19-1-1-9,n459,19,1,1,9
mn-19-5-2-1,n460,19,5,2,1
mn-19-5-2-2,n461,19,5,2,2
mn-19-5-2-3,n462,19,5,2,3
mn-19-5-2-4,n463,19,5,2,4
mn-19-5-2-5,n464,19,5,2,5
mn-19-5-2-6,n465,19,5,2,6
mn-19-5-2-7,n466,19,5,2,7
mn-19-5-2-8,n467,19,5,2,8
mn-20-1-1-1,n468,20,1,1,1
mn-20-1-1-2,n469,20,1,1,2
mn-20-1-1-3,n470,20,1,1,3
mn-20-1-1-4,n471,20,1,1,4
mn-20-1-1-5,n472,20,1,1,5
mn-20-1-1-6,n473,20,1,1,6
mn-20-1-1-7,n474,20,1,1,7
mn-20-1-1-8,n475,20,1,1,8
mn-20-1-1-9,n476,20,1,1,9
mn-20-1-1-10,n477,20,1,1,10
mn-20-1-1-11,n478,20,1,1,11
mn-20-1-1-12,n479,20,1,1,12
mn-20-1-1-13,n480,20,1,1,13
mn-20-1-1-14,n481,20,1,1,14
mn-20-1-1-15,n482,20,1,1,15
mn-20-1-1-16,n483,20,1,1,16
mn-20-5-2-1,n484,20,5,2,1
mn-20-5-2-2,n485,20,5,2,2
mn-20-5-2-3,n486,20,5,2,3
mn-20-5-2-4,n487,20,5,2,4
mn-20-5-2-5,n488,20,5,2,5
mn-20-5-2-6,n489,20,5,2,6
mn-20-5-2-7,n490,20,5,2,7
mn-20-5-2-8,n491,20,5,2,8
mn-21-1-1-1,n492,21,1,1,1
mn-21-1-1-2,n493,21,1,1,2
mn-21-1-1-3,n494,21,1,1,3
mn-21-1-1-4,n495,21,1,1,4
mn-21-5-2-1,n496,21,5,2,1
mn-21-5-2-2,n497,21,5,2,2
mn-21-5-2-3,n498,21,5,2,3
mn-21-5-2-4,n499,21,5,2,4
mn-21-5-2-5,n500,21,5,2,5
mn-21-5-2-6,n501,21,5,2,6
mn-21-5-2-7,n502,21,5,2,7
mn-21-5-2-8,n503,21,5,2,8
mn-21-5-2-9,n504,21,5,2,9
mn-21-5-2-10,n505,21,5,2,10
mn-21-5-2-11,n506,21,5,2,11
mn-21-5-2-12,n507,21,5,2,12
mn-21-5-2-13,n508,21,5,2,13
mn-21-5-2-14,n509,21,5,2,14
mn-21-5-2-15,n510,21,5,2,15
mn-21-5-2-16,n511,21,5,2,16
mn-22-1-1-1,n512,22,1,1,1
mn-22-1-1-2,n513,22,1,1,2
mn-22-1-1-3,n514,22,1,1,3
mn-22-1-1-4,n515,22,1,1,4
mn-22-1-1-5,n516,22,1,1,5
mn-22-1-1-6,n517,22,1,1,6
mn-22-1-1-7,n518,22,1,1,7
mn-22-1-1-8,n519,22,1,1,8
mn-22-1-1-9,n520,22,1,1,9
mn-22-5-2-1,n521,22,5,2,1
mn-22-5-2-2,n522,22,5,2,2
mn-22-5-2-3,n523,22,5,2,3
mn-22-5-2-4,n524,22,5,2,4
mn-22-5-2-5,n525,22,5,2,5
mn-22-5-2-6,n526,22,5,2,6
mn-22-5-2-7,n527,22,5,2,7
mn-22-5-2-8,n528,22,5,2,8
mn-22-5-2-9,n529,22,5,2,9
mn-22-5-2-10,n530,22,5,2,10
mn-22-5-2-11,n531,22,5,2,11
mn-22-5-2-12,n532,22,5,2,12
mn-22-5-2-13,n533,22,5,2,13
mn-22-5-2-14,n534,22,5,2,14
mn-22-5-2-15,n535,22,5,2,15
mn-22-5-2-16,n536,22,5,2,16
mn-23-1-1-1,n537,23,1,1,1
mn-23-1-1-2,n538,23,1,1,2
mn-23-1-1-3,n539,23,1,1,3
mn-23-1-1-4,n540,23,1,1,4
mn-23-1-1-5,n541,23,1,1,5
mn-23-1-1-6,n542,23,1,1,6
mn-23-5-2-1,n543,23,5,2,1
mn-23-5-2-2,n544,23,5,2,2
mn-23-5-2-3,n545,23,5,2,3
mn-23-5-2-4,n546,23,5,2,4
mn-23-5-2-5,n547,23,5,2,5
mn-23-5-2-6,n548,23,5,2,6
mn-23-5-2-7,n549,23,5,2,7
mn-23-5-2-8,n550,23,5,2,8
mn-23-5-2-9,n551,23,5,2,9
mn-23-5-2-10,n552,23,5,2,10
mn-23-5-2-11,n553,23,5,2,11
mn-23-5-2-12,n554,23,5,2,12
mn-23-5-2-13,n555,23,5,2,13
mn-23-5-2-14,n556,23,5,2,14
mn-23-5-2-15,n557,23,5,2,15
mn-23-5-2-16,n558,23,5,2,16
mn-24-1-1-1,n559,24,1,1,1
mn-24-1-1-2,n560,24,1,1,2
mn-24-1-1-3,n561,24,1,1,3
mn-24-1-1-4,n562,24,1,1,4
mn-24-1-1-5,n563,24,1,1,5
mn-24-1-1-6,n564,24,1,1,6
mn-24-5-2-1,n565,24,5,2,1
mn-24-5-2-2,n566,24,5,2,2
mn-24-5-2-3,n567,24,5,2,3
mn-24-5-2-4,n568,24,5,2,4
mn-24-5-2-5,n569,24,5,2,5
mn-24-5-2-6,n570,24,5,2,6
mn-24-5-2-7,n571,24,5,2,7
mn-24-5-2-8,n572,24,5,2,8
mn-24-5-2-9,n573,24,5,2,9
mn-24-5-2-10,n574,24,5,2,10
mn-24-5-2-11,n575,24,5,2,11
mn-24-5-2-12,n576,24,5,2,12
mn-24-5-2-13,n577,24,5,2,13
mn-24-5-2-14,n578,24,5,2,14
mn-24-5-2-15,n579,24,5,2,15
mn-24-5-2-16,n580,24,5,2,16
mn-25-1-1-1,n581,25,1,1,1
mn-25-1-1-2,n582,25,1,1,2
mn-25-1-1-3,n583,25,1,1,3
mn-25-1-1-4,n584,25,1,1,4
mn-25-1-1-5,n585,25,1,1,5
mn-25-1-1-6,n586,25,1,1,6
mn-25-1-1-7,n587,25,1,1,7
mn-25-1-1-8,n588,25,1,1,8
mn-25-1-1-9,n589,25,1,1,9
mn-25-1-1-10,n590,25,1,1,10
mn-25-1-1-11,n591,25,1,1,11
mn-25-1-1-12,n592,25,1,1,12
mn-25-1-1-13,n593,25,1,1,13
mn-25-5-2-1,n594,25,5,2,1
mn-25-5-2-2,n595,25,5,2,2
mn-25-5-2-3,n596,25,5,2,3
mn-25-5-2-4,n597,25,5,2,4
mn-25-5-2-5,n598,25,5,2,5
mn-25-5-2-6,n599,25,5,2,6
mn-25-5-2-7,n600,25,5,2,7
mn-25-5-2-8,n601,25,5,2,8
mn-25-5-2-9,n602,25,5,2,9
mn-25-5-2-10,n603,25,5,2,10
mn-25-5-2-11,n604,25,5,2,11
mn-25-5-2-12,n605,25,5,2,12
mn-25-5-2-13,n606,25,5,2,13
mn-25-5-2-14,n607,25,5,2,14
mn-25-5-2-15,n608,25,5,2,15
mn-25-5-2-16,n609,25,5,2,16
mn-26-1-1-1,n610,26,1,1,1
mn-26-1-1-2,n611,26,1,1,2
mn-26-1-1-3,n612,26,1,1,3
mn-26-1-1-4,n613,26,1,1,4
mn-26-1-1-5,n614,26,1,1,5
mn-26-1-1-6,n615,26,1,1,6
mn-26-1-1-7,n616,26,1,1,7
mn-26-1-1-8,n617,26,1,1,8
mn-26-1-1-9,n618,26,1,1,9
mn-26-1-1-10,n619,26,1,1,10
mn-26-1-1-11,n620,26,1,1,11
mn-26-1-1-12,n621,26,1,1,12
mn-26-1-1-13,n622,26,1,1,13
mn-26-1-1-14,n623,26,1,1,14
mn-26-5-2-1,n624,26,5,2,1
mn-26-5-2-2,n625,26,5,2,2
mn-26-5-2-3,n626,26,5,2,3
mn-26-5-2-4,n627,26,5,2,4
mn-26-5-2-5,n628,26,5,2,5
mn-26-5-2-6,n629,26,5,2,6
mn-26-5-2-7,n630,26,5,2,7
mn-26-5-2-8,n631,26,5,2,8
mn-26-5-2-9,n632,26,5,2,9
mn-26-5-2-10,n633,26,5,2,10
mn-26-5-2-11,n634,26,5,2,11
mn-26-5-2-12,n635,26,5,2,12
mn-26-5-2-13,n636,26,5,2,13
mn-26-5-2-14,n637,26,5,2,14
mn-26-5-2-15,n638,26,5,2,15
mn-26-5-2-16,n639,26,5,2,16
mn-27-1-1-1,n640,27,1,1,1
mn-27-1-1-2,n641,27,1,1,2
mn-27-1-1-3,n642,27,1,1,3
mn-27-1-1-4,n643,27,1,1,4
mn-27-1-1-5,n644,27,1,1,5
mn-27-1-1-6,n645,27,1,1,6
mn-27-1-1-7,n646,27,1,1,7
mn-27-1-1-8,n647,27,1,1,8
mn-27-1-1-9,n648,27,1,1,9
mn-27-1-1-10,n649,27,1,1,10
mn-27-1-1-11,n650,27,1,1,11
mn-27-1-1-12,n651,27,1,1,12
mn-27-1-1-13,n652,27,1,1,13
mn-27-1-1-14,n653,27,1,1,14
mn-27-5-2-1,n654,27,5,2,1
mn-27-5-2-2,n655,27,5,2,2
mn-27-5-2-3,n656,27,5,2,3
mn-27-5-2-4,n657,27,5,2,4
mn-27-5-2-5,n658,27,5,2,5
mn-27-5-2-6,n659,27,5,2,6
mn-27-5-2-7,n660,27,5,2,7
mn-27-5-2-8,n661,27,5,2,8
mn-27-5-2-9,n662,27,5,2,9
mn-27-5-2-10,n663,27,5,2,10
mn-27-5-2-11,n664,27,5,2,11
mn-27-5-2-12,n665,27,5,2,12
mn-27-5-2-13,n666,27,5,2,13
mn-27-5-2-14,n667,27,5,2,14
mn-27-5-2-15,n668,27,5,2,15
mn-27-5-2-16,n669,27,5,2,16
mn-28-1-1-1,n670,28,1,1,1
mn-28-1-1-2,n671,28,1,1,2
mn-28-1-1-3,n672,28,1,1,3
mn-28-1-1-4,n673,28,1,1,4
mn-28-1-1-5,n674,28,1,1,5
mn-28-1-1-6,n675,28,1,1,6
mn-28-1-1-7,n676,28,1,1,7
mn-28-1-1-8,n677,28,1,1,8
mn-28-1-1-9,n678,28,1,1,9
mn-28-1-1-10,n679,28,1,1,10
mn-28-1-1-11,n680,28,1,1,11
mn-28-1-1-12,n681,28,1,1,12
mn-28-1-1-13,n682,28,1,1,13
mn-28-1-1-14,n683,28,1,1,14
mn-28-5-2-1,n684,28,5,2,1
mn-28-5-2-2,n685,28,5,2,2
mn-28-5-2-3,n686,28,5,2,3
mn-28-5-2-4,n687,28,5,2,4
mn-28-5-2-5,n688,28,5,2,5
mn-28-5-2-6,n689,28,5,2,6
mn-28-5-2-7,n690,28,5,2,7
mn-28-5-2-8,n691,28,5,2,8
mn-28-5-2-9,n692,28,5,2,9
mn-28-5-2-10,n693,28,5,2,10
mn-28-5-2-11,n694,28,5,2,11
mn-28-5-2-12,n695,28,5,2,12
mn-28-5-2-13,n696,28,5,2,13
mn-28-5-2-14,n697,28,5,2,14
mn-28-5-2-15,n698,28,5,2,15
mn-28-5-2-16,n699,28,5,2,16
mn-29-1-1-1,n700,29,1,1,1
mn-29-1-1-2,n701,29,1,1,2
mn-29-1-1-3,n702,29,1,1,3
mn-29-1-1-4,n703,29,1,1,4
mn-29-5-2-1,n704,29,5,2,1
mn-29-5-2-2,n705,29,5,2,2
mn-29-5-2-3,n706,29,5,2,3
mn-29-5-2-4,n707,29,5,2,4
mn-29-5-2-5,n708,29,5,2,5
mn-29-5-2-6,n709,29,5,2,6
mn-29-5-2-7,n710,29,5,2,7
mn-29-5-2-8,n711,29,5,2,8
mn-29-5-2-9,n712,29,5,2,9
mn-29-5-2-10,n713,29,5,2,10
mn-29-5-2-11,n714,29,5,2,11
mn-29-5-2-12,n715,29,5,2,12
mn-29-5-2-13,n716,29,5,2,13
mn-29-5-2-14,n717,29,5,2,14
mn-29-5-2-15,n718,29,5,2,15
mn-29-5-2-16,n719,29,5,2,16
mn-30-1-1-1,n720,30,1,1,1
mn-30-1-1-2,n721,30,1,1,2
mn-30-1-1-3,n722,30,1,1,3
mn-30-1-1-4,n723,30,1,1,4
mn-30-2-1-1,n724,30,2,1,1
mn-30-2-1-2,n725,30,2,1,2
mn-30-2-1-3,n726,30,2,1,3
mn-30-2-1-4,n727,30,2,1,4
mn-30-2-1-5,n728,30,2,1,5
mn-30-2-1-6,n729,30,2,1,6
mn-30-2-1-7,n730,30,2,1,7
mn-30-5-2-1,n731,30,5,2,1
mn-30-5-2-2,n732,30,5,2,2
mn-30-5-2-3,n733,30,5,2,3
mn-30-5-2-4,n734,30,5,2,4
mn-30-5-2-5,n735,30,5,2,5
mn-30-5-2-6,n736,30,5,2,6
mn-30-5-2-7,n737,30,5,2,7
mn-30-5-2-8,n738,30,5,2,8
mn-30-5-2-9,n739,30,5,2,9
mn-30-5-2-10,n740,30,5,2,10
mn-30-5-2-11,n741,30,5,2,11
mn-30-5-2-12,n742,30,5,2,12
mn-30-5-2-13,n743,30,5,2,13
mn-30-5-2-14,n744,30,5,2,14
mn-30-5-2-15,n745,30,5,2,15
mn-30-5-2-16,n746,30,5,2,16
mn-31-1-1-1,n747,31,1,1,1
mn-31-1-1-2,n748,31,1,1,2
mn-31-1-1-3,n749,31,1,1,3
mn-31-1-1-4,n750,31,1,1,4
mn-31-5-2-1,n751,31,5,2,1
mn-31-5-2-2,n752,31,5,2,2
mn-31-5-2-3,n753,31,5,2,3
mn-31-5-2-4,n754,31,5,2,4
mn-31-5-2-5,n755,31,5,2,5
mn-31-5-2-6,n756,31,5,2,6
mn-31-5-2-7,n757,31,5,2,7
mn-31-5-2-8,n758,31,5,2,8
mn-31-5-2-9,n759,31,5,2,9
mn-31-5-2-10,n760,31,5,2,10
mn-31-5-2-11,n761,31,5,2,11
mn-31-5-2-12,n762,31,5,2,12
mn-31-5-2-13,n763,31,5,2,13
mn-31-5-2-14,n764,31,5,2,14
mn-31-5-2-15,n765,31,5,2,15
mn-31-5-2-16,n766,31,5,2,16
mn-32-1-1-1,n767,32,1,1,1
mn-32-1-1-2,n768,32,1,1,2
mn-32-1-1-3,n769,32,1,1,3
mn-32-1-1-4,n770,32,1,1,4
mn-32-2-1-1,n771,32,2,1,1
mn-32-2-1-2,n772,32,2,1,2
mn-32-2-1-3,n773,32,2,1,3
mn-32-2-1-4,n774,32,2,1,4
mn-32-2-1-5,n775,32,2,1,5
mn-32-2-1-6,n776,32,2,1,6
mn-32-2-1-7,n777,32,2,1,7
mn-32-5-2-1,n778,32,5,2,1
mn-32-5-2-2,n779,32,5,2,2
mn-32-5-2-3,n780,32,5,2,3
mn-32-5-2-4,n781,32,5,2,4
mn-32-5-2-5,n782,32,5,2,5
mn-32-5-2-6,n783,32,5,2,6
mn-32-5-2-7,n784,32,5,2,7
mn-32-5-2-8,n785,32,5,2,8
mn-32-5-2-9,n786,32,5,2,9
mn-32-5-2-10,n787,32,5,2,10
mn-32-5-2-11,n788,32,5,2,11
mn-32-5-2-12,n789,32,5,2,12
mn-32-5-2-13,n790,32,5,2,13
mn-32-5-2-14,n791,32,5,2,14
mn-32-5-2-15,n792,32,5,2,15
mn-32-5-2-16,n793,32,5,2,16
mn-33-1-1-1,n794,33,1,1,1
mn-33-1-1-2,n795,33,1,1,2
mn-33-1-1-3,n796,33,1,1,3
mn-33-1-1-4,n797,33,1,1,4
mn-33-1-1-5,n798,33,1,1,5
mn-33-1-1-6,n799,33,1,1,6
mn-33-1-1-7,n800,33,1,1,7
mn-33-1-1-8,n801,33,1,1,8
mn-33-1-1-9,n802,33,1,1,9
mn-33-1-1-10,n803,33,1,1,10
mn-33-1-1-11,n804,33,1,1,11
mn-33-1-1-12,n805,33,1,1,12
mn-33-1-1-13,n806,33,1,1,13
mn-33-1-1-14,n807,33,1,1,14
mn-33-1-1-15,n808,33,1,1,15
mn-33-5-2-1,n809,33,5,2,1
mn-33-5-2-2,n810,33,5,2,2
mn-33-5-2-3,n811,33,5,2,3
mn-33-5-2-4,n812,33,5,2,4
mn-33-5-2-5,n813,33,5,2,5
mn-33-5-2-6,n814,33,5,2,6
mn-33-5-2-7,n815,33,5,2,7
mn-33-5-2-8,n816,33,5,2,8
mn-33-5-2-9,n817,33,5,2,9
mn-34-1-1-1,n818,34,1,1,1
mn-34-1-1-2,n819,34,1,1,2
mn-34-1-1-3,n820,34,1,1,3
mn-34-1-1-4,n821,34,1,1,4
mn-34-1-1-5,n822,34,1,1,5
mn-34-1-1-6,n823,34,1,1,6
mn-34-1-1-7,n824,34,1,1,7
mn-34-1-1-8,n825,34,1,1,8
mn-34-1-1-9,n826,34,1,1,9
mn-34-1-1-10,n827,34,1,1,10
mn-34-1-1-11,n828,34,1,1,11
mn-34-1-1-12,n829,34,1,1,12
mn-34-1-1-13,n830,34,1,1,13
mn-34-1-1-14,n831,34,1,1,14
mn-34-1-1-15,n832,34,1,1,15
mn-34-1-1-16,n833,34,1,1,16
mn-34-5-2-1,n834,34,5,2,1
mn-34-5-2-2,n835,34,5,2,2
mn-34-5-2-3,n836,34,5,2,3
mn-34-5-2-4,n837,34,5,2,4
mn-34-5-2-5,n838,34,5,2,5
mn-34-5-2-6,n839,34,5,2,6
mn-34-5-2-7,n840,34,5,2,7
mn-34-5-2-8,n841,34,5,2,8
mn-35-1-1-1,n842,35,1,1,1
mn-35-1-1-2,n843,35,1,1,2
mn-35-1-1-3,n844,35,1,1,3
mn-35-1-1-4,n845,35,1,1,4
mn-35-1-1-5,n846,35,1,1,5
mn-35-1-1-6,n847,35,1,1,6
mn-35-1-1-7,n848,35,1,1,7
mn-35-1-1-8,n849,35,1,1,8
mn-35-1-1-9,n850,35,1,1,9
mn-35-1-1-10,n851,35,1,1,10
mn-35-1-1-11,n852,35,1,1,11
mn-35-1-1-12,n853,35,1,1,12
mn-35-1-1-13,n854,35,1,1,13
mn-35-1-1-14,n855,35,1,1,14
mn-35-1-1-15,n856,35,1,1,15
mn-35-1-1-16,n857,35,1,1,16
mn-35-5-2-1,n858,35,5,2,1
mn-35-5-2-2,n859,35,5,2,2
mn-35-5-2-3,n860,35,5,2,3
mn-35-5-2-4,n861,35,5,2,4
mn-35-5-2-5,n862,35,5,2,5
mn-35-5-2-6,n863,35,5,2,6
mn-35-5-2-7,n864,35,5,2,7
mn-35-5-2-8,n865,35,5,2,8
mn-35-5-2-9,n866,35,5,2,9
mn-35-5-2-10,n867,35,5,2,10
mn-35-5-2-11,n868,35,5,2,11
mn-35-5-2-12,n869,35,5,2,12
mn-36-1-1-1,n870,36,1,1,1
mn-36-1-1-2,n871,36,1,1,2
mn-36-2-1-1,n872,36,2,1,1
mn-36-2-1-2,n873,36,2,1,2
mn-36-2-1-3,n874,36,2,1,3
mn-36-2-1-4,n875,36,2,1,4
mn-36-2-1-5,n876,36,2,1,5
mn-36-2-1-6,n877,36,2,1,6
mn-36-2-1-7,n878,36,2,1,7
mn-36-2-1-8,n879,36,2,1,8
mn-36-2-1-9,n880,36,2,1,9
mn-36-2-1-10,n881,36,2,1,10
mn-36-2-1-11,n882,36,2,1,11
mn-36-2-1-12,n883,36,2,1,12
mn-36-2-1-13,n884,36,2,1,13
mn-36-2-1-14,n885,36,2,1,14
mn-36-2-1-15,n886,36,2,1,15
mn-36-5-2-1,n887,36,5,2,1
mn-36-5-2-2,n888,36,5,2,2
mn-36-5-2-3,n889,36,5,2,3
mn-36-5-2-4,n890,36,5,2,4
mn-36-5-2-5,n891,36,5,2,5
mn-36-5-2-6,n892,36,5,2,6
mn-36-5-2-7,n893,36,5,2,7
mn-36-5-2-8,n894,36,5,2,8
mn-36-5-2-9,n895,36,5,2,9
mn-36-5-2-10,n896,36,5,2,10
mn-36-5-2-11,n897,36,5,2,11
mn-36-5-2-12,n898,36,5,2,12
mn-36-5-2-13,n899,36,5,2,13
mn-36-5-2-14,n900,36,5,2,14
mn-36-5-2-15,n901,36,5,2,15
mn-36-5-2-16,n902,36,5,2,16
mn-37-1-1-1,n903,37,1,1,1
mn-37-1-1-2,n904,37,1,1,2
mn-37-1-1-3,n905,37,1,1,3
mn-37-1-1-4,n906,37,1,1,4
mn-37-1-1-5,n907,37,1,1,5
mn-37-1-1-6,n908,37,1,1,6
mn-37-1-1-7,n909,37,1,1,7
mn-37-1-1-8,n910,37,1,1,8
mn-37-1-1-9,n911,37,1,1,9
mn-37-1-1-10,n912,37,1,1,10
mn-37-1-1-11,n913,37,1,1,11
mn-37-1-1-12,n914,37,1,1,12
mn-37-1-1-13,n915,37,1,1,13
mn-37-1-1-14,n916,37,1,1,14
mn-37-1-1-15,n917,37,1,1,15
mn-37-1-1-16,n918,37,1,1,16
mn-37-5-2-1,n919,37,5,2,1
mn-37-5-2-2,n920,37,5,2,2
mn-37-5-2-3,n921,37,5,2,3
mn-37-5-2-4,n922,37,5,2,4
mn-37-5-2-5,n923,37,5,2,5
mn-37-5-2-6,n924,37,5,2,6
mn-37-5-2-7,n925,37,5,2,7
mn-37-5-2-8,n926,37,5,2,8
mn-37-5-2-9,n927,37,5,2,9
mn-37-5-2-10,n928,37,5,2,10
mn-37-5-2-11,n929,37,5,2,11
mn-37-5-2-12,n930,37,5,2,12
mn-38-1-1-1,n931,38,1,1,1
mn-38-1-1-2,n932,38,1,1,2
mn-38-1-1-3,n933,38,1,1,3
mn-38-1-1-4,n934,38,1,1,4
mn-38-1-1-5,n935,38,1,1,5
mn-38-1-1-6,n936,38,1,1,6
mn-38-1-1-7,n937,38,1,1,7
mn-38-1-1-8,n938,38,1,1,8
mn-38-1-1-9,n939,38,1,1,9
mn-38-1-1-10,n940,38,1,1,10
mn-38-1-1-11,n941,38,1,1,11
mn-38-1-1-12,n942,38,1,1,12
mn-38-1-1-13,n943,38,1,1,13
mn-38-1-1-14,n944,38,1,1,14
mn-38-1-1-15,n945,38,1,1,15
mn-38-1-1-16,n946,38,1,1,16
mn-38-5-2-1,n947,38,5,2,1
mn-38-5-2-2,n948,38,5,2,2
mn-38-5-2-3,n949,38,5,2,3
mn-38-5-2-4,n950,38,5,2,4
mn-38-5-2-5,n951,38,5,2,5
mn-38-5-2-6,n952,38,5,2,6
mn-38-5-2-7,n953,38,5,2,7
mn-38-5-2-8,n954,38,5,2,8
mn-39-1-1-1,n955,39,1,1,1
mn-39-1-1-2,n956,39,1,1,2
mn-39-1-1-3,n957,39,1,1,3
mn-39-1-1-4,n958,39,1,1,4
mn-39-1-1-5,n959,39,1,1,5
mn-39-1-1-6,n960,39,1,1,6
mn-39-1-1-7,n961,39,1,1,7
mn-39-1-1-8,n962,39,1,1,8
mn-39-1-1-9,n963,39,1,1,9
mn-39-1-1-10,n964,39,1,1,10
mn-39-1-1-11,n965,39,1,1,11
mn-39-1-1-12,n966,39,1,1,12
mn-39-1-1-13,n967,39,1,1,13
mn-39-1-1-14,n968,39,1,1,14
mn-39-1-1-15,n969,39,1,1,15
mn-39-1-1-16,n970,39,1,1,16
mn-39-5-2-1,n971,39,5,2,1
mn-39-5-2-2,n972,39,5,2,2
mn-39-5-2-3,n973,39,5,2,3
mn-39-5-2-4,n974,39,5,2,4
mn-39-5-2-5,n975,39,5,2,5
mn-39-5-2-6,n976,39,5,2,6
mn-39-5-2-7,n977,39,5,2,7
mn-39-5-2-8,n978,39,5,2,8
mn-39-5-2-9,n979,39,5,2,9
mn-39-5-2-10,n980,39,5,2,10
mn-39-5-2-11,n981,39,5,2,11
mn-39-5-2-12,n982,39,5,2,12
mn-39-5-2-13,n983,39,5,2,13
mn-39-5-2-14,n984,39,5,2,14
mn-39-5-2-15,n985,39,5,2,15
mn-39-5-2-16,n986,39,5,2,16
mn-40-1-1-1,n987,40,1,1,1
mn-40-1-1-2,n988,40,1,1,2
mn-40-1-1-3,n989,40,1,1,3
mn-40-1-1-4,n990,40,1,1,4
mn-40-1-1-5,n991,40,1,1,5
mn-40-1-1-6,n992,40,1,1,6
mn-40-1-1-7,n993,40,1,1,7
mn-40-1-1-8,n994,40,1,1,8
mn-40-1-1-9,n995,40,1,1,9
mn-40-1-1-10,n996,40,1,1,10
mn-40-1-1-11,n997,40,1,1,11
mn-40-1-1-12,n998,40,1,1,12
mn-40-1-1-13,n999,40,1,1,13
mn-40-1-1-14,n1000,40,1,1,14
mn-40-1-1-15,n1001,40,1,1,15
mn-40-1-1-16,n1002,40,1,1,16
mn-40-5-2-1,n1003,40,5,2,1
mn-40-5-2-2,n1004,40,5,2,2
mn-40-5-2-3,n1005,40,5,2,3
mn-40-5-2-4,n1006,40,5,2,4
mn-40-5-2-5,n1007,40,5,2,5
mn-41-1-1-1,n1008,41,1,1,1
mn-41-1-1-2,n1009,41,1,1,2
mn-41-1-1-3,n1010,41,1,1,3
mn-41-1-1-4,n1011,41,1,1,4
mn-41-5-2-1,n1012,41,5,2,1
mn-41-5-2-2,n1013,41,5,2,2
mn-41-5-2-3,n1014,41,5,2,3
mn-41-5-2-4,n1015,41,5,2,4
mn-41-5-2-5,n1016,41,5,2,5
mn-41-5-2-6,n1017,41,5,2,6
mn-41-5-2-7,n1018,41,5,2,7
mn-41-5-2-8,n1019,41,5,2,8
mn-41-5-2-9,n1020,41,5,2,9
mn-41-5-2-10,n1021,41,5,2,10
mn-41-5-2-11,n1022,41,5,2,11
mn-41-5-2-12,n1023,41,5,2,12
mn-41-5-2-13,n1024,41,5,2,13
mn-41-5-2-14,n1025,41,5,2,14
mn-41-5-2-15,n1026,41,5,2,15
mn-41-5-2-16,n1027,41,5,2,16
mn-42-1-1-1,n1028,42,1,1,1
mn-42-1-1-2,n1029,42,1,1,2
mn-42-1-1-3,n1030,42,1,1,3
mn-42-1-1-4,n1031,42,1,1,4
mn-42-2-2-1,n1032,42,2,2,1
mn-42-5-2-1,n1033,42,5,2,1
mn-42-5-2-2,n1034,42,5,2,2
mn-42-5-2-3,n1035,42,5,2,3
mn-42-5-2-4,n1036,42,5,2,4
mn-42-5-2-5,n1037,42,5,2,5
mn-42-5-2-6,n1038,42,5,2,6
mn-42-5-2-7,n1039,42,5,2,7
mn-42-5-2-8,n1040,42,5,2,8
mn-42-5-2-9,n1041,42,5,2,9
mn-42-5-2-10,n1042,42,5,2,10
mn-42-5-2-11,n1043,42,5,2,11
mn-42-5-2-12,n1044,42,5,2,12
mn-42-5-2-13,n1045,42,5,2,13
mn-42-5-2-14,n1046,42,5,2,14
mn-42-5-2-15,n1047,42,5,2,15
mn-42-5-2-16,n1048,42,5,2,16
mn-43-1-1-1,n1049,43,1,1,1
mn-43-1-1-2,n1050,43,1,1,2
mn-43-1-1-3,n1051,43,1,1,3
mn-43-1-1-4,n1052,43,1,1,4
mn-43-1-1-5,n1053,43,1,1,5
mn-43-1-1-6,n1054,43,1,1,6
mn-43-1-1-7,n1055,43,1,1,7
mn-43-1-1-8,n1056,43,1,1,8
mn-43-1-1-9,n1057,43,1,1,9
mn-43-1-1-10,n1058,43,1,1,10
mn-43-1-1-11,n1059,43,1,1,11
mn-43-1-1-12,n1060,43,1,1,12
mn-43-1-1-13,n1061,43,1,1,13
mn-43-1-1-14,n1062,43,1,1,14
mn-43-1-1-15,n1063,43,1,1,15
mn-43-1-1-16,n1064,43,1,1,16
mn-43-3-2-1,n1065,43,3,2,1
mn-43-5-2-1,n1066,43,5,2,1
mn-43-5-2-2,n1067,43,5,2,2
mn-43-5-2-3,n1068,43,5,2,3
mn-43-5-2-4,n1069,43,5,2,4
mn-43-5-2-5,n1070,43,5,2,5
mn-43-5-2-6,n1071,43,5,2,6
mn-43-5-2-7,n1072,43,5,2,7
mn-43-5-2-8,n1073,43,5,2,8
mn-44-1-1-1,n1074,44,1,1,1
mn-44-1-1-2,n1075,44,1,1,2
mn-44-1-1-3,n1076,44,1,1,3
mn-44-1-1-4,n1077,44,1,1,4
mn-44-1-1-5,n1078,44,1,1,5
mn-44-1-1-6,n1079,44,1,1,6
mn-44-1-1-7,n1080,44,1,1,7
mn-44-1-1-8,n1081,44,1,1,8
mn-44-1-1-9,n1082,44,1,1,9
mn-44-1-1-10,n1083,44,1,1,10
mn-44-1-1-11,n1084,44,1,1,11
mn-44-1-1-12,n1085,44,1,1,12
mn-44-1-1-13,n1086,44,1,1,13
mn-44-1-1-14,n1087,44,1,1,14
mn-44-1-1-15,n1088,44,1,1,15
mn-44-1-1-16,n1089,44,1,1,16
mn-44-5-2-1,n1090,44,5,2,1
mn-44-5-2-2,n1091,44,5,2,2
mn-44-5-2-3,n1092,44,5,2,3
mn-44-5-2-4,n1093,44,5,2,4
mn-44-5-2-5,n1094,44,5,2,5
mn-44-5-2-6,n1095,44,5,2,6
mn-44-5-2-7,n1096,44,5,2,7
mn-44-5-2-8,n1097,44,5,2,8
mn-44-5-2-9,n1098,44,5,2,9
mn-44-5-2-10,n1099,44,5,2,10
mn-44-5-2-11,n1100,44,5,2,11
mn-44-5-2-12,n1101,44,5,2,12
mn-44-5-2-13,n1102,44,5,2,13
mn-44-5-2-14,n1103,44,5,2,14
mn-44-5-2-15,n1104,44,5,2,15
mn-44-5-2-16,n1105,44,5,2,16
mn-45-1-1-1,n1106,45,1,1,1
mn-45-1-1-2,n1107,45,1,1,2
mn-45-1-1-3,n1108,45,1,1,3
mn-45-1-1-4,n1109,45,1,1,4
mn-45-1-1-5,n1110,45,1,1,5
mn-45-1-1-6,n1111,45,1,1,6
mn-45-1-1-7,n1112,45,1,1,7
mn-45-1-1-8,n1113,45,1,1,8
mn-45-1-1-9,n1114,45,1,1,9
mn-45-1-1-10,n1115,45,1,1,10
mn-45-1-1-11,n1116,45,1,1,11
mn-45-1-1-12,n1117,45,1,1,12
mn-45-1-1-13,n1118,45,1,1,13
mn-45-1-1-14,n1119,45,1,1,14
mn-45-1-1-15,n1120,45,1,1,15
mn-45-1-1-16,n1121,45,1,1,16
mn-45-5-2-1,n1122,45,5,2,1
mn-45-5-2-2,n1123,45,5,2,2
mn-45-5-2-3,n1124,45,5,2,3
mn-45-5-2-4,n1125,45,5,2,4
mn-45-5-2-5,n1126,45,5,2,5
mn-45-5-2-6,n1127,45,5,2,6
mn-45-5-2-7,n1128,45,5,2,7
mn-45-5-2-8,n1129,45,5,2,8
mn-45-5-2-9,n1130,45,5,2,9
mn-46-1-1-1,n1131,46,1,1,1
mn-46-1-1-2,n1132,46,1,1,2
mn-46-1-1-3,n1133,46,1,1,3
mn-46-1-1-4,n1134,46,1,1,4
mn-46-1-1-5,n1135,46,1,1,5
mn-46-1-1-6,n1136,46,1,1,6
mn-46-1-1-7,n1137,46,1,1,7
mn-46-1-1-8,n1138,46,1,1,8
mn-46-1-1-9,n1139,46,1,1,9
mn-46-1-1-10,n1140,46,1,1,10
mn-46-1-1-11,n1141,46,1,1,11
mn-46-1-1-12,n1142,46,1,1,12
mn-46-1-1-13,n1143,46,1,1,13
mn-46-1-1-14,n1144,46,1,1,14
mn-46-1-1-15,n1145,46,1,1,15
mn-46-1-1-16,n1146,46,1,1,16
mn-46-5-2-1,n1147,46,5,2,1
mn-46-5-2-2,n1148,46,5,2,2
mn-46-5-2-3,n1149,46,5,2,3
mn-46-5-2-4,n1150,46,5,2,4
mn-46-5-2-5,n1151,46,5,2,5
mn-46-5-2-6,n1152,46,5,2,6
mn-46-5-2-7,n1153,46,5,2,7
mn-46-5-2-8,n1154,46,5,2,8
mn-46-5-2-9,n1155,46,5,2,9
mn-46-5-2-10,n1156,46,5,2,10
mn-46-5-2-11,n1157,46,5,2,11
mn-46-5-2-12,n1158,46,5,2,12
mn-46-5-2-13,n1159,46,5,2,13
mn-46-5-2-14,n1160,46,5,2,14
mn-46-5-2-15,n1161,46,5,2,15
mn-46-5-2-16,n1162,46,5,2,16
mn-47-1-1-1,n1163,47,1,1,1
mn-47-1-1-2,n1164,47,1,1,2
mn-47-1-1-3,n1165,47,1,1,3
mn-47-1-1-4,n1166,47,1,1,4
mn-47-1-1-5,n1167,47,1,1,5
mn-47-1-1-6,n1168,47,1,1,6
mn-47-1-1-7,n1169,47,1,1,7
mn-47-1-1-8,n1170,47,1,1,8
mn-47-1-1-9,n1171,47,1,1,9
mn-47-1-1-10,n1172,47,1,1,10
mn-47-1-1-11,n1173,47,1,1,11
mn-47-1-1-12,n1174,47,1,1,12
mn-47-1-1-13,n1175,47,1,1,13
mn-47-1-1-14,n1176,47,1,1,14
mn-47-1-1-15,n1177,47,1,1,15
mn-47-5-2-1,n1178,47,5,2,1
mn-47-5-2-2,n1179,47,5,2,2
mn-47-5-2-3,n1180,47,5,2,3
mn-47-5-2-4,n1181,47,5,2,4
mn-47-5-2-5,n1182,47,5,2,5
mn-47-5-2-6,n1183,47,5,2,6
mn-47-5-2-7,n1184,47,5,2,7
mn-47-5-2-8,n1185,47,5,2,8
mn-47-5-2-9,n1186,47,5,2,9
mn-47-5-2-10,n1187,47,5,2,10
mn-47-5-2-11,n1188,47,5,2,11
mn-47-5-2-12,n1189,47,5,2,12
mn-47-5-2-13,n1190,47,5,2,13
mn-47-5-2-14,n1191,47,5,2,14
mn-48-1-1-1,n1192,48,1,1,1
mn-48-1-1-2,n1193,48,1,1,2
mn-48-1-1-3,n1194,48,1,1,3
mn-48-1-1-4,n1195,48,1,1,4
mn-48-1-1-5,n1196,48,1,1,5
mn-48-1-1-6,n1197,48,1,1,6
mn-48-1-1-7,n1198,48,1,1,7
mn-48-1-1-8,n1199,48,1,1,8
mn-48-1-1-9,n1200,48,1,1,9
mn-48-1-1-10,n1201,48,1,1,10
mn-48-1-1-11,n1202,48,1,1,11
mn-48-1-1-12,n1203,48,1,1,12
mn-48-1-1-13,n1204,48,1,1,13
mn-48-1-1-14,n1205,48,1,1,14
mn-48-5-2-1,n1206,48,5,2,1
mn-48-5-2-2,n1207,48,5,2,2
mn-48-5-2-3,n1208,48,5,2,3
mn-48-5-2-4,n1209,48,5,2,4
mn-48-5-2-5,n1210,48,5,2,5
mn-48-5-2-6,n1211,48,5,2,6
mn-48-5-2-7,n1212,48,5,2,7
mn-48-5-2-8,n1213,48,5,2,8
mn-48-5-2-9,n1214,48,5,2,9
mn-48-5-2-10,n1215,48,5,2,10
mn-48-5-2-11,n1216,48,5,2,11
mn-48-5-2-12,n1217,48,5,2,12
mn-48-5-2-13,n1218,48,5,2,13
mn-48-5-2-14,n1219,48,5,2,14
mn-49-1-1-1,n1220,49,1,1,1
mn-49-1-1-2,n1221,49,1,1,2
mn-49-1-1-3,n1222,49,1,1,3
mn-49-1-1-4,n1223,49,1,1,4
mn-49-1-1-5,n1224,49,1,1,5
mn-49-1-1-6,n1225,49,1,1,6
mn-49-1-1-7,n1226,49,1,1,7
mn-49-1-1-8,n1227,49,1,1,8
mn-49-1-1-9,n1228,49,1,1,9
mn-49-1-1-10,n1229,49,1,1,10
mn-49-1-1-11,n1230,49,1,1,11
mn-49-1-1-12,n1231,49,1,1,12
mn-49-1-1-13,n1232,49,1,1,13
mn-49-1-1-14,n1233,49,1,1,14
mn-49-1-1-15,n1234,49,1,1,15
mn-49-1-1-16,n1235,49,1,1,16
mn-49-1-1-17,n1236,49,1,1,17
mn-49-1-1-18,n1237,49,1,1,18
mn-49-1-1-19,n1238,49,1,1,19
mn-49-1-1-20,n1239,49,1,1,20
mn-49-1-1-21,n1240,49,1,1,21
mn-49-1-1-22,n1241,49,1,1,22
mn-49-1-1-23,n1242,49,1,1,23
mn-49-5-2-1,n1243,49,5,2,1
mn-49-5-2-2,n1244,49,5,2,2
mn-49-5-2-3,n1245,49,5,2,3
mn-49-5-2-4,n1246,49,5,2,4
mn-49-5-2-5,n1247,49,5,2,5
mn-49-5-2-6,n1248,49,5,2,6
mn-49-5-2-7,n1249,49,5,2,7
mn-49-5-2-8,n1250,49,5,2,8
mn-49-5-2-9,n1251,49,5,2,9
mn-49-5-2-10,n1252,49,5,2,10
mn-49-5-2-11,n1253,49,5,2,11
mn-49-5-2-12,n1254,49,5,2,12
mn-49-5-2-13,n1255,49,5,2,13
mn-49-5-2-14,n1256,49,5,2,14
mn-49-5-2-15,n1257,49,5,2,15
mn-49-5-2-16,n1258,49,5,2,16
mn-50-1-1-1,n1259,50,1,1,1
mn-50-1-1-2,n1260,50,1,1,2
mn-50-1-1-3,n1261,50,1,1,3
mn-50-1-1-4,n1262,50,1,1,4
mn-50-1-1-5,n1263,50,1,1,5
mn-50-1-1-6,n1264,50,1,1,6
mn-50-1-1-7,n1265,50,1,1,7
mn-50-1-1-8,n1266,50,1,1,8
mn-50-1-1-9,n1267,50,1,1,9
mn-50-1-1-10,n1268,50,1,1,10
mn-50-1-1-11,n1269,50,1,1,11
mn-50-1-1-12,n1270,50,1,1,12
mn-50-1-1-13,n1271,50,1,1,13
mn-50-1-1-14,n1272,50,1,1,14
mn-50-1-1-15,n1273,50,1,1,15
mn-50-1-1-16,n1274,50,1,1,16
mn-50-1-1-17,n1275,50,1,1,17
mn-50-1-1-18,n1276,50,1,1,18
mn-50-1-1-19,n1277,50,1,1,19
mn-50-1-1-20,n1278,50,1,1,20
mn-50-1-1-21,n1279,50,1,1,21
mn-50-1-1-22,n1280,50,1,1,22
mn-50-1-1-23,n1281,50,1,1,23
mn-50-1-1-24,n1282,50,1,1,24
mn-50-5-2-1,n1283,50,5,2,1
mn-50-5-2-2,n1284,50,5,2,2
mn-50-5-2-3,n1285,50,5,2,3
mn-50-5-2-4,n1286,50,5,2,4
mn-50-5-2-5,n1287,50,5,2,5
mn-50-5-2-6,n1288,50,5,2,6
mn-50-5-2-7,n1289,50,5,2,7
mn-50-5-2-8,n1290,50,5,2,8
mn-50-5-2-9,n1291,50,5,2,9
mn-50-5-2-10,n1292,50,5,2,10
mn-50-5-2-11,n1293,50,5,2,11
mn-50-5-2-12,n1294,50,5,2,12
mn-50-5-2-13,n1295,50,5,2,13
mn-50-5-2-14,n1296,50,5,2,14
mn-50-5-2-15,n1297,50,5,2,15
mn-50-5-2-16,n1298,50,5,2,16
mn-50-5-2-17,n1299,50,5,2,17
mn-51-1-1-1,n1300,51,1,1,1
mn-51-1-1-2,n1301,51,1,1,2
mn-51-1-1-3,n1302,51,1,1,3
mn-51-1-1-4,n1303,51,1,1,4
mn-51-1-1-5,n1304,51,1,1,5
mn-51-1-1-6,n1305,51,1,1,6
mn-51-1-1-7,n1306,51,1,1,7
mn-51-1-1-8,n1307,51,1,1,8
mn-51-1-1-9,n1308,51,1,1,9
mn-51-1-1-10,n1309,51,1,1,10
mn-51-1-1-11,n1310,51,1,1,11
mn-51-1-1-12,n1311,51,1,1,12
mn-51-1-1-13,n1312,51,1,1,13
mn-51-1-1-14,n1313,51,1,1,14
mn-51-1-1-15,n1314,51,1,1,15
mn-51-1-1-16,n1315,51,1,1,16
mn-51-1-1-17,n1316,51,1,1,17
mn-51-1-1-18,n1317,51,1,1,18
mn-51-1-1-19,n1318,51,1,1,19
mn-51-1-1-20,n1319,51,1,1,20
mn-51-1-1-21,n1320,51,1,1,21
mn-51-1-1-22,n1321,51,1,1,22
mn-51-1-1-23,n1322,51,1,1,23
mn-51-1-1-24,n1323,51,1,1,24
mn-51-5-2-1,n1324,51,5,2,1
mn-51-5-2-2,n1325,51,5,2,2
mn-51-5-2-3,n1326,51,5,2,3
mn-51-5-2-4,n1327,51,5,2,4
mn-51-5-2-5,n1328,51,5,2,5
mn-51-5-2-6,n1329,51,5,2,6
mn-51-5-2-7,n1330,51,5,2,7
mn-51-5-2-8,n1331,51,5,2,8
mn-51-5-2-9,n1332,51,5,2,9
mn-51-5-2-10,n1333,51,5,2,10
mn-51-5-2-11,n1334,51,5,2,11
mn-51-5-2-12,n1335,51,5,2,12
mn-51-5-2-13,n1336,51,5,2,13
mn-51-5-2-14,n1337,51,5,2,14
mn-51-5-2-15,n1338,51,5,2,15
mn-51-5-2-16,n1339,51,5,2,16
mn-52-1-1-1,n1340,52,1,1,1
mn-52-1-1-2,n1341,52,1,1,2
mn-52-1-1-3,n1342,52,1,1,3
mn-52-1-1-4,n1343,52,1,1,4
mn-52-1-1-5,n1344,52,1,1,5
mn-52-1-1-6,n1345,52,1,1,6
mn-52-1-1-7,n1346,52,1,1,7
mn-52-1-1-8,n1347,52,1,1,8
mn-52-1-1-9,n1348,52,1,1,9
mn-52-1-1-10,n1349,52,1,1,10
mn-52-1-1-11,n1350,52,1,1,11
mn-52-1-1-12,n1351,52,1,1,12
mn-52-1-1-13,n1352,52,1,1,13
mn-52-1-1-14,n1353,52,1,1,14
mn-52-1-1-15,n1354,52,1,1,15
mn-52-1-1-16,n1355,52,1,1,16
mn-52-1-1-17,n1356,52,1,1,17
mn-52-1-1-18,n1357,52,1,1,18
mn-52-1-1-19,n1358,52,1,1,19
mn-52-1-1-20,n1359,52,1,1,20
mn-52-1-1-21,n1360,52,1,1,21
mn-52-1-1-22,n1361,52,1,1,22
mn-52-1-1-23,n1362,52,1,1,23
mn-52-1-1-24,n1363,52,1,1,24
mn-52-5-2-1,n1364,52,5,2,1
mn-52-5-2-2,n1365,52,5,2,2
mn-52-5-2-3,n1366,52,5,2,3
mn-52-5-2-4,n1367,52,5,2,4
mn-52-5-2-5,n1368,52,5,2,5
mn-52-5-2-6,n1369,52,5,2,6
mn-52-5-2-7,n1370,52,5,2,7
mn-52-5-2-8,n1371,52,5,2,8
mn-52-5-2-9,n1372,52,5,2,9
mn-52-5-2-10,n1373,52,5,2,10
mn-52-5-2-11,n1374,52,5,2,11
mn-52-5-2-12,n1375,52,5,2,12
mn-52-5-2-13,n1376,52,5,2,13
mn-52-5-2-14,n1377,52,5,2,14
mn-52-5-2-15,n1378,52,5,2,15
mn-52-5-2-16,n1379,52,5,2,16
mn-52-5-2-17,n1380,52,5,2,17
mn-53-1-1-1,n1381,53,1,1,1
mn-53-1-1-2,n1382,53,1,1,2
mn-53-1-1-3,n1383,53,1,1,3
mn-53-1-1-4,n1384,53,1,1,4
mn-53-1-1-5,n1385,53,1,1,5
mn-53-1-1-6,n1386,53,1,1,6
mn-53-1-1-7,n1387,53,1,1,7
mn-53-1-1-8,n1388,53,1,1,8
mn-53-1-1-9,n1389,53,1,1,9
mn-53-1-1-10,n1390,53,1,1,10
mn-53-1-1-11,n1391,53,1,1,11
mn-53-1-1-12,n1392,53,1,1,12
mn-53-1-1-13,n1393,53,1,1,13
mn-53-1-1-14,n1394,53,1,1,14
mn-53-1-1-15,n1395,53,1,1,15
mn-53-1-1-16,n1396,53,1,1,16
mn-53-5-2-1,n1397,53,5,2,1
mn-53-5-2-2,n1398,53,5,2,2
mn-53-5-2-3,n1399,53,5,2,3
mn-53-5-2-4,n1400,53,5,2,4
mn-53-5-2-5,n1401,53,5,2,5
mn-53-5-2-6,n1402,53,5,2,6
mn-53-5-2-7,n1403,53,5,2,7
mn-53-5-2-8,n1404,53,5,2,8
mn-53-5-2-9,n1405,53,5,2,9
mn-53-5-2-10,n1406,53,5,2,10
mn-53-5-2-11,n1407,53,5,2,11
mn-53-5-2-12,n1408,53,5,2,12
mn-53-5-2-13,n1409,53,5,2,13
mn-53-5-2-14,n1410,53,5,2,14
mn-53-5-2-15,n1411,53,5,2,15
mn-54-1-1-1,n1412,54,1,1,1
mn-54-1-1-2,n1413,54,1,1,2
mn-54-1-1-3,n1414,54,1,1,3
mn-54-1-1-4,n1415,54,1,1,4
mn-54-1-1-5,n1416,54,1,1,5
mn-54-1-1-6,n1417,54,1,1,6
mn-54-1-1-7,n1418,54,1,1,7
mn-54-1-1-8,n1419,54,1,1,8
mn-54-1-1-9,n1420,54,1,1,9
mn-54-1-1-10,n1421,54,1,1,10
mn-54-1-1-11,n1422,54,1,1,11
mn-54-1-1-12,n1423,54,1,1,12
mn-54-1-1-13,n1424,54,1,1,13
mn-54-1-1-14,n1425,54,1,1,14
mn-54-5-2-1,n1426,54,5,2,1
mn-54-5-2-2,n1427,54,5,2,2
mn-54-5-2-3,n1428,54,5,2,3
mn-54-5-2-4,n1429,54,5,2,4
mn-54-5-2-5,n1430,54,5,2,5
mn-54-5-2-6,n1431,54,5,2,6
mn-54-5-2-7,n1432,54,5,2,7
mn-54-5-2-8,n1433,54,5,2,8
mn-54-5-2-9,n1434,54,5,2,9
mn-54-5-2-10,n1435,54,5,2,10
mn-54-5-2-11,n1436,54,5,2,11
mn-54-5-2-12,n1437,54,5,2,12
mn-54-5-2-13,n1438,54,5,2,13
mn-54-5-2-14,n1439,54,5,2,14
mn-55-1-1-1,n1440,55,1,1,1
mn-55-1-1-2,n1441,55,1,1,2
mn-55-1-1-3,n1442,55,1,1,3
mn-55-1-1-4,n1443,55,1,1,4
mn-55-1-1-5,n1444,55,1,1,5
mn-55-1-1-6,n1445,55,1,1,6
mn-55-1-1-7,n1446,55,1,1,7
mn-55-1-1-8,n1447,55,1,1,8
mn-55-1-1-9,n1448,55,1,1,9
mn-55-1-1-10,n1449,55,1,1,10
mn-55-1-1-11,n1450,55,1,1,11
mn-55-1-1-12,n1451,55,1,1,12
mn-55-1-1-13,n1452,55,1,1,13
mn-55-1-1-14,n1453,55,1,1,14
mn-55-5-2-1,n1454,55,5,2,1
mn-55-5-2-2,n1455,55,5,2,2
mn-55-5-2-3,n1456,55,5,2,3
mn-55-5-2-4,n1457,55,5,2,4
mn-55-5-2-5,n1458,55,5,2,5
mn-55-5-2-6,n1459,55,5,2,6
mn-55-5-2-7,n1460,55,5,2,7
mn-55-5-2-8,n1461,55,5,2,8
mn-55-5-2-9,n1462,55,5,2,9
mn-55-5-2-10,n1463,55,5,2,10
mn-55-5-2-11,n1464,55,5,2,11
mn-55-5-2-12,n1465,55,5,2,12
mn-55-5-2-13,n1466,55,5,2,13
mn-55-5-2-14,n1467,55,5,2,14
mn-56-1-1-1,n1468,56,1,1,1
mn-56-1-1-2,n1469,56,1,1,2
mn-56-1-1-3,n1470,56,1,1,3
mn-56-1-1-4,n1471,56,1,1,4
mn-56-1-1-5,n1472,56,1,1,5
mn-56-1-1-6,n1473,56,1,1,6
mn-56-1-1-7,n1474,56,1,1,7
mn-56-1-1-8,n1475,56,1,1,8
mn-56-1-1-9,n1476,56,1,1,9
mn-56-1-1-10,n1477,56,1,1,10
mn-56-1-1-11,n1478,56,1,1,11
mn-56-1-1-12,n1479,56,1,1,12
mn-56-1-1-13,n1480,56,1,1,13
mn-56-1-1-14,n1481,56,1,1,14
mn-56-5-2-1,n1482,56,5,2,1
mn-56-5-2-2,n1483,56,5,2,2
mn-56-5-2-3,n1484,56,5,2,3
mn-56-5-2-4,n1485,56,5,2,4
mn-56-5-2-5,n1486,56,5,2,5
mn-56-5-2-6,n1487,56,5,2,6
mn-56-5-2-7,n1488,56,5,2,7
mn-56-5-2-8,n1489,56,5,2,8
mn-56-5-2-9,n1490,56,5,2,9
mn-56-5-2-10,n1491,56,5,2,10
mn-56-5-2-11,n1492,56,5,2,11
mn-56-5-2-12,n1493,56,5,2,12
mn-56-5-2-13,n1494,56,5,2,13
mn-56-5-2-14,n1495,56,5,2,14
mn-57-1-1-1,n1496,57,1,1,1
mn-57-1-1-2,n1497,57,1,1,2
mn-57-1-1-3,n1498,57,1,1,3
mn-57-1-1-4,n1499,57,1,1,4
mn-57-1-1-5,n1500,57,1,1,5
mn-57-1-1-6,n1501,57,1,1,6
mn-57-5-2-1,n1502,57,5,2,1
mn-57-5-2-2,n1503,57,5,2,2
mn-57-5-2-3,n1504,57,5,2,3
mn-57-5-2-4,n1505,57,5,2,4
mn-57-5-2-5,n1506,57,5,2,5
mn-57-5-2-6,n1507,57,5,2,6
mn-57-5-2-7,n1508,57,5,2,7
mn-57-5-2-8,n1509,57,5,2,8
mn-57-5-2-9,n1510,57,5,2,9
mn-57-5-2-10,n1511,57,5,2,10
mn-57-5-2-11,n1512,57,5,2,11
mn-57-5-2-12,n1513,57,5,2,12
mn-57-5-2-13,n1514,57,5,2,13
mn-57-5-2-14,n1515,57,5,2,14
mn-57-5-2-15,n1516,57,5,2,15
mn-57-5-2-16,n1517,57,5,2,16
mn-58-1-1-1,n1518,58,1,1,1
mn-58-1-1-2,n1519,58,1,1,2
mn-58-1-1-3,n1520,58,1,1,3
mn-58-1-1-4,n1521,58,1,1,4
mn-58-1-1-5,n1522,58,1,1,5
mn-58-1-1-6,n1523,58,1,1,6
mn-58-1-1-7,n1524,58,1,1,7
mn-58-1-1-8,n1525,58,1,1,8
mn-58-1-1-9,n1526,58,1,1,9
mn-58-1-1-10,n1527,58,1,1,10
mn-58-5-2-1,n1528,58,5,2,1
mn-58-5-2-2,n1529,58,5,2,2
mn-58-5-2-3,n1530,58,5,2,3
mn-58-5-2-4,n1531,58,5,2,4
mn-58-5-2-5,n1532,58,5,2,5
mn-58-5-2-6,n1533,58,5,2,6
mn-58-5-2-7,n1534,58,5,2,7
mn-58-5-2-8,n1535,58,5,2,8
mn-58-5-2-9,n1536,58,5,2,9
mn-58-5-2-10,n1537,58,5,2,10
mn-58-5-2-11,n1538,58,5,2,11
mn-58-5-2-12,n1539,58,5,2,12
mn-58-5-2-13,n1540,58,5,2,13
mn-58-5-2-14,n1541,58,5,2,14
mn-58-5-2-15,n1542,58,5,2,15
mn-58-5-2-16,n1543,58,5,2,16
mn-59-1-1-1,n1544,59,1,1,1
mn-59-1-1-2,n1545,59,1,1,2
mn-59-1-1-3,n1546,59,1,1,3
mn-59-1-1-4,n1547,59,1,1,4
mn-59-1-1-5,n1548,59,1,1,5
mn-59-5-2-1,n1549,59,5,2,1
mn-59-5-2-2,n1550,59,5,2,2
mn-59-5-2-3,n1551,59,5,2,3
mn-59-5-2-4,n1552,59,5,2,4
mn-59-5-2-5,n1553,59,5,2,5
mn-59-5-2-6,n1554,59,5,2,6
mn-59-5-2-7,n1555,59,5,2,7
mn-59-5-2-8,n1556,59,5,2,8
mn-59-5-2-9,n1557,59,5,2,9
mn-59-5-2-10,n1558,59,5,2,10
mn-59-5-2-11,n1559,59,5,2,11
mn-59-5-2-12,n1560,59,5,2,12
mn-59-5-2-13,n1561,59,5,2,13
mn-59-5-2-14,n1562,59,5,2,14
mn-59-5-2-15,n1563,59,5,2,15
mn-59-5-2-16,n1564,59,5,2,16
mn-60-1-1-1,n1565,60,1,1,1
mn-60-1-1-2,n1566,60,1,1,2
mn-60-1-1-3,n1567,60,1,1,3
mn-60-1-1-4,n1568,60,1,1,4
mn-60-1-1-5,n1569,60,1,1,5
mn-60-1-1-6,n1570,60,1,1,6
mn-60-1-1-7,n1571,60,1,1,7
mn-60-1-1-8,n1572,60,1,1,8
mn-60-1-1-9,n1573,60,1,1,9
mn-60-1-1-10,n1574,60,1,1,10
mn-60-5-2-1,n1575,60,5,2,1
mn-60-5-2-2,n1576,60,5,2,2
mn-60-5-2-3,n1577,60,5,2,3
mn-60-5-2-4,n1578,60,5,2,4
mn-60-5-2-5,n1579,60,5,2,5
mn-60-5-2-6,n1580,60,5,2,6
mn-60-5-2-7,n1581,60,5,2,7
mn-60-5-2-8,n1582,60,5,2,8
mn-60-5-2-9,n1583,60,5,2,9
mn-60-5-2-10,n1584,60,5,2,10
mn-60-5-2-11,n1585,60,5,2,11
mn-60-5-2-12,n1586,60,5,2,12
mn-60-5-2-13,n1587,60,5,2,13
mn-60-5-2-14,n1588,60,5,2,14
mn-60-5-2-15,n1589,60,5,2,15
mn-60-5-2-16,n1590,60,5,2,16
mn-61-1-1-1,n1591,61,1,1,1
mn-61-1-1-2,n1592,61,1,1,2
mn-61-1-1-3,n1593,61,1,1,3
mn-61-1-1-4,n1594,61,1,1,4
mn-61-1-1-5,n1595,61,1,1,5
mn-61-1-1-6,n1596,61,1,1,6
mn-61-5-2-1,n1597,61,5,2,1
mn-61-5-2-2,n1598,61,5,2,2
mn-61-5-2-3,n1599,61,5,2,3
mn-61-5-2-4,n1600,61,5,2,4
mn-61-5-2-5,n1601,61,5,2,5
mn-61-5-2-6,n1602,61,5,2,6
mn-61-5-2-7,n1603,61,5,2,7
mn-61-5-2-8,n1604,61,5,2,8
mn-61-5-2-9,n1605,61,5,2,9
mn-61-5-2-10,n1606,61,5,2,10
mn-61-5-2-11,n1607,61,5,2,11
mn-61-5-2-12,n1608,61,5,2,12
mn-61-5-2-13,n1609,61,5,2,13
mn-61-5-2-14,n1610,61,5,2,14
mn-61-5-2-15,n1611,61,5,2,15
mn-61-5-2-16,n1612,61,5,2,16
mn-62-1-1-1,n1613,62,1,1,1
mn-62-1-1-2,n1614,62,1,1,2
mn-62-1-1-3,n1615,62,1,1,3
mn-62-1-1-4,n1616,62,1,1,4
mn-62-1-1-5,n1617,62,1,1,5
mn-62-1-1-6,n1618,62,1,1,6
mn-62-5-2-1,n1619,62,5,2,1
mn-62-5-2-2,n1620,62,5,2,2
mn-62-5-2-3,n1621,62,5,2,3
mn-62-5-2-4,n1622,62,5,2,4
mn-62-5-2-5,n1623,62,5,2,5
mn-62-5-2-6,n1624,62,5,2,6
mn-62-5-2-7,n1625,62,5,2,7
mn-62-5-2-8,n1626,62,5,2,8
mn-62-5-2-9,n1627,62,5,2,9
mn-62-5-2-10,n1628,62,5,2,10
mn-62-5-2-11,n1629,62,5,2,11
mn-62-5-2-12,n1630,62,5,2,12
mn-62-5-2-13,n1631,62,5,2,13
mn-62-5-2-14,n1632,62,5,2,14
mn-62-5-2-15,n1633,62,5,2,15
mn-62-5-2-16,n1634,62,5,2,16
mn-63-1-1-1,n1635,63,1,1,1
mn-63-1-1-2,n1636,63,1,1,2
mn-63-1-1-3,n1637,63,1,1,3
mn-63-1-1-4,n1638,63,1,1,4
mn-63-1-1-5,n1639,63,1,1,5
mn-63-1-1-6,n1640,63,1,1,6
mn-63-1-1-7,n1641,63,1,1,7
mn-63-1-1-8,n1642,63,1,1,8
mn-63-1-1-9,n1643,63,1,1,9
mn-63-1-1-10,n1644,63,1,1,10
mn-63-1-1-11,n1645,63,1,1,11
mn-63-1-1-12,n1646,63,1,1,12
mn-63-1-1-13,n1647,63,1,1,13
mn-63-1-1-14,n1648,63,1,1,14
mn-63-1-1-15,n1649,63,1,1,15
mn-63-1-1-16,n1650,63,1,1,16
mn-63-5-2-1,n1651,63,5,2,1
mn-63-5-2-2,n1652,63,5,2,2
mn-63-5-2-3,n1653,63,5,2,3
mn-63-5-2-4,n1654,63,5,2,4
mn-63-5-2-5,n1655,63,5,2,5
mn-63-5-2-6,n1656,63,5,2,6
mn-63-5-2-7,n1657,63,5,2,7
mn-63-5-2-8,n1658,63,5,2,8
mn-63-5-2-9,n1659,63,5,2,9
mn-63-5-2-10,n1660,63,5,2,10
mn-63-5-2-11,n1661,63,5,2,11
mn-63-5-2-12,n1662,63,5,2,12
mn-63-5-2-13,n1663,63,5,2,13
mn-63-5-2-14,n1664,63,5,2,14
mn-63-5-2-15,n1665,63,5,2,15
mn-63-5-2-16,n1666,63,5,2,16
mn-64-1-1-1,n1667,64,1,1,1
mn-64-1-1-2,n1668,64,1,1,2
mn-64-1-1-3,n1669,64,1,1,3
mn-64-1-1-4,n1670,64,1,1,4
mn-64-1-1-5,n1671,64,1,1,5
mn-64-1-1-6,n1672,64,1,1,6
mn-64-1-1-7,n1673,64,1,1,7
mn-64-1-1-8,n1674,64,1,1,8
mn-64-1-1-9,n1675,64,1,1,9
mn-64-1-1-10,n1676,64,1,1,10
mn-64-1-1-11,n1677,64,1,1,11
mn-64-1-1-12,n1678,64,1,1,12
mn-64-1-1-13,n1679,64,1,1,13
mn-64-1-1-14,n1680,64,1,1,14
mn-64-1-1-15,n1681,64,1,1,15
mn-64-1-1-16,n1682,64,1,1,16
mn-64-5-2-1,n1683,64,5,2,1
mn-64-5-2-2,n1684,64,5,2,2
mn-64-5-2-3,n1685,64,5,2,3
mn-64-5-2-4,n1686,64,5,2,4
mn-64-5-2-5,n1687,64,5,2,5
mn-64-5-2-6,n1688,64,5,2,6
mn-64-5-2-7,n1689,64,5,2,7
mn-64-5-2-8,n1690,64,5,2,8
mn-64-5-2-9,n1691,64,5,2,9
mn-64-5-2-10,n1692,64,5,2,10
mn-64-5-2-11,n1693,64,5,2,11
mn-64-5-2-12,n1694,64,5,2,12
mn-64-5-2-13,n1695,64,5,2,13
mn-64-5-2-14,n1696,64,5,2,14
mn-64-5-2-15,n1697,64,5,2,15
mn-64-5-2-16,n1698,64,5,2,16
mn-65-1-1-1,n1699,65,1,1,1
mn-65-1-1-2,n1700,65,1,1,2
mn-65-1-2-1,n1701,65,1,2,1
mn-65-1-2-2,n1702,65,1,2,2
mn-65-1-2-3,n1703,65,1,2,3
mn-65-1-2-4,n1704,65,1,2,4
mn-65-1-2-5,n1705,65,1,2,5
mn-65-1-2-6,n1706,65,1,2,6
mn-65-1-2-7,n1707,65,1,2,7
mn-65-1-1-3,n1708,65,1,1,3
mn-65-1-2-8,n1709,65,1,2,8
mn-65-1-1-4,n1710,65,1,1,4
mn-65-1-1-5,n1711,65,1,1,5
mn-65-1-1-6,n1712,65,1,1,6
mn-65-1-1-7,n1713,65,1,1,7
mn-65-1-1-8,n1714,65,1,1,8
mn-65-1-1-9,n1715,65,1,1,9
mn-65-3-2-1,n1716,65,3,2,1
mn-65-3-2-2,n1717,65,3,2,2
mn-65-5-2-1,n1718,65,5,2,1
mn-65-5-2-2,n1719,65,5,2,2
mn-65-5-2-3,n1720,65,5,2,3
mn-65-5-2-4,n1721,65,5,2,4
mn-65-5-2-5,n1722,65,5,2,5
mn-65-5-2-6,n1723,65,5,2,6
mn-65-5-2-7,n1724,65,5,2,7
mn-65-5-2-8,n1725,65,5,2,8
mn-66-1-1-1,n1726,66,1,1,1
mn-66-1-1-2,n1727,66,1,1,2
mn-66-1-1-3,n1728,66,1,1,3
mn-66-1-1-4,n1729,66,1,1,4
mn-66-1-1-5,n1730,66,1,1,5
mn-66-1-1-6,n1731,66,1,1,6
mn-66-1-1-7,n1732,66,1,1,7
mn-66-1-1-8,n1733,66,1,1,8
mn-66-1-1-9,n1734,66,1,1,9
mn-66-1-1-10,n1735,66,1,1,10
mn-66-1-1-11,n1736,66,1,1,11
mn-66-1-1-12,n1737,66,1,1,12
mn-66-1-1-13,n1738,66,1,1,13
mn-66-1-1-14,n1739,66,1,1,14
mn-66-1-1-15,n1740,66,1,1,15
mn-66-1-1-16,n1741,66,1,1,16
mn-66-1-1-17,n1742,66,1,1,17
mn-66-1-1-18,n1743,66,1,1,18
mn-66-1-1-19,n1744,66,1,1,19
mn-66-1-1-20,n1745,66,1,1,20
mn-66-5-2-1,n1746,66,5,2,1
mn-66-5-2-2,n1747,66,5,2,2
mn-66-5-2-3,n1748,66,5,2,3
mn-66-5-2-4,n1749,66,5,2,4
mn-66-5-2-5,n1750,66,5,2,5
mn-66-5-2-6,n1751,66,5,2,6
mn-66-5-2-7,n1752,66,5,2,7
mn-66-5-2-8,n1753,66,5,2,8
mn-66-5-2-9,n1754,66,5,2,9
mn-67-1-1-1,r9,67,1,1,1
mn-67-1-2-1,n1755,67,1,2,1
mn-67-1-2-2,n1756,67,1,2,2
mn-67-1-2-3,n1757,67,1,2,3
mn-67-1-2-4,n1758,67,1,2,4
mn-67-1-2-5,n1759,67,1,2,5
mn-67-1-2-6,n1760,67,1,2,6
mn-67-1-2-7,n1761,67,1,2,7
mn-67-1-1-2,n1762,67,1,1,2
mn-67-1-1-3,n1763,67,1,1,3
mn-67-1-1-4,n1764,67,1,1,4
mn-67-1-1-5,n1765,67,1,1,5
mn-67-1-1-6,n1766,67,1,1,6
mn-67-1-1-7,n1767,67,1,1,7
mn-67-1-1-8,n1768,67,1,1,8
mn-67-1-1-9,n1769,67,1,1,9
mn-67-5-2-1,n1770,67,5,2,1
mn-67-5-2-2,n1771,67,5,2,2
mn-67-5-2-3,n1772,67,5,2,3
mn-67-5-2-4,n1773,67,5,2,4
mn-67-5-2-5,n1774,67,5,2,5
mn-67-5-2-6,n1775,67,5,2,6
mn-67-5-2-7,n1776,67,5,2,7
mn-67-5-2-8,n1777,67,5,2,8
mn-68-1-1-1,n1778,68,1,1,1
mn-68-1-1-2,n1779,68,1,1,2
mn-68-1-1-3,n1780,68,1,1,3
mn-68-1-1-4,n1781,68,1,1,4
mn-68-1-1-5,n1782,68,1,1,5
mn-68-1-1-6,n1783,68,1,1,6
mn-68-1-1-7,n1784,68,1,1,7
mn-68-1-1-8,n1785,68,1,1,8
mn-68-1-1-9,n1786,68,1,1,9
mn-68-1-1-10,n1787,68,1,1,10
mn-68-1-1-11,n1788,68,1,1,11
mn-68-1-1-12,n1789,68,1,1,12
mn-68-1-1-13,n1790,68,1,1,13
mn-68-1-1-14,n1791,68,1,1,14
mn-68-1-1-15,n1792,68,1,1,15
mn-68-1-1-16,n1793,68,1,1,16
mn-68-1-1-17,n1794,68,1,1,17
mn-68-1-1-18,n1795,68,1,1,18
mn-68-1-1-19,n1796,68,1,1,19
mn-68-1-1-20,n1797,68,1,1,20
mn-68-5-2-1,n1798,68,5,2,1
mn-68-5-2-2,n1799,68,5,2,2
mn-68-5-2-3,n1800,68,5,2,3
mn-68-5-2-4,n1801,68,5,2,4
mn-68-5-2-5,n1802,68,5,2,5
mn-68-5-2-6,n1803,68,5,2,6
mn-68-5-2-7,n1804,68,5,2,7
mn-68-5-2-8,n1805,68,5,2,8
mn-68-5-2-9,n1806,68,5,2,9
mn-69-1-1-1,r10,69,1,1,1
mn-69-1-2-1,n1807,69,1,2,1
mn-69-1-2-2,n1808,69,1,2,2
mn-69-1-2-3,n1809,69,1,2,3
mn-69-1-1-2,n1810,69,1,1,2
mn-69-1-1-3,n1811,69,1,1,3
mn-69-1-1-4,n1812,69,1,1,4
mn-69-1-1-5,n1813,69,1,1,5
mn-69-1-1-6,n1814,69,1,1,6
mn-69-1-1-7,n1815,69,1,1,7
mn-69-1-1-8,n1816,69,1,1,8
mn-69-1-1-9,n1817,69,1,1,9
mn-69-1-1-10,n1818,69,1,1,10
mn-69-1-1-11,n1819,69,1,1,11
mn-69-1-1-12,n1820,69,1,1,12
mn-69-1-1-13,n1821,69,1,1,13
mn-69-1-1-14,n1822,69,1,1,14
mn-69-1-1-15,n1823,69,1,1,15
mn-69-1-1-16,n1824,69,1,1,16
mn-69-1-1-17,n1825,69,1,1,17
mn-69-5-2-1,n1826,69,5,2,1
mn-69-5-2-2,n1827,69,5,2,2
mn-69-5-2-3,n1828,69,5,2,3
mn-69-5-2-4,n1829,69,5,2,4
mn-69-5-2-5,n1830,69,5,2,5
mn-69-5-2-6,n1831,69,5,2,6
mn-69-5-2-7,n1832,69,5,2,7
mn-69-5-2-8,n1833,69,5,2,8
mn-70-1-1-1,r11,70,1,1,1
mn-70-1-2-1,n1834,70,1,2,1
mn-70-1-2-2,n1835,70,1,2,2
mn-70-1-2-3,n1836,70,1,2,3
mn-70-1-1-2,n1837,70,1,1,2
mn-70-1-1-3,n1838,70,1,1,3
mn-70-1-1-4,n1839,70,1,1,4
mn-70-1-1-5,n1840,70,1,1,5
mn-70-1-1-6,n1841,70,1,1,6
mn-70-1-1-7,n1842,70,1,1,7
mn-70-1-1-8,n1843,70,1,1,8
mn-70-1-1-9,n1844,70,1,1,9
mn-70-1-1-10,n1845,70,1,1,10
mn-70-1-1-11,n1846,70,1,1,11
mn-70-1-1-12,n1847,70,1,1,12
mn-70-1-1-13,n1848,70,1,1,13
mn-70-1-1-14,n1849,70,1,1,14
mn-70-1-1-15,n1850,70,1,1,15
mn-70-1-1-16,n1851,70,1,1,16
mn-70-1-1-17,n1852,70,1,1,17
mn-70-5-2-1,n1853,70,5,2,1
mn-70-5-2-2,n1854,70,5,2,2
mn-70-5-2-3,n1855,70,5,2,3
mn-70-5-2-4,n1856,70,5,2,4
mn-70-5-2-5,n1857,70,5,2,5
mn-70-5-2-6,n1858,70,5,2,6
mn-70-5-2-7,n1859,70,5,2,7
mn-70-5-2-8,n1860,70,5,2,8
mn-71-1-1-1,n1861,71,1,1,1
mn-71-1-1-2,n1862,71,1,1,2
mn-71-1-1-3,n1863,71,1,1,3
mn-71-1-1-4,n1864,71,1,1,4
mn-71-1-1-5,n1865,71,1,1,5
mn-71-1-1-6,n1866,71,1,1,6
mn-71-1-1-7,n1867,71,1,1,7
mn-71-5-2-1,n1868,71,5,2,1
mn-71-5-2-2,n1869,71,5,2,2
mn-71-5-2-3,n1870,71,5,2,3
mn-71-5-2-4,n1871,71,5,2,4
mn-71-5-2-5,n1872,71,5,2,5
mn-71-5-2-6,n1873,71,5,2,6
mn-71-5-2-7,n1874,71,5,2,7
mn-71-5-2-8,n1875,71,5,2,8
mn-71-5-2-9,n1876,71,5,2,9
mn-71-5-2-10,n1877,71,5,2,10
mn-71-5-2-11,n1878,71,5,2,11
mn-71-5-2-12,n1879,71,5,2,12
mn-71-5-2-13,n1880,71,5,2,13
mn-71-5-2-14,n1881,71,5,2,14
mn-71-5-2-15,n1882,71,5,2,15
mn-71-5-2-16,n1883,71,5,2,16
mn-71-5-2-17,n1884,71,5,2,17
mn-72-1-1-1,n1885,72,1,1,1
mn-72-1-1-2,n1886,72,1,1,2
mn-72-1-1-3,n1887,72,1,1,3
mn-72-1-1-4,n1888,72,1,1,4
mn-72-1-1-5,n1889,72,1,1,5
mn-72-1-1-6,n1890,72,1,1,6
mn-72-1-1-7,n1891,72,1,1,7
mn-72-1-1-8,n1892,72,1,1,8
mn-72-1-1-9,n1893,72,1,1,9
mn-72-5-2-1,n1894,72,5,2,1
mn-72-5-2-2,n1895,72,5,2,2
mn-72-5-2-3,n1896,72,5,2,3
mn-72-5-2-4,n1897,72,5,2,4
mn-72-5-2-5,n1898,72,5,2,5
mn-72-5-2-6,n1899,72,5,2,6
mn-72-5-2-7,n1900,72,5,2,7
mn-72-5-2-8,n1901,72,5,2,8
mn-72-5-2-9,n1902,72,5,2,9
mn-72-5-2-10,n1903,72,5,2,10
mn-72-5-2-11,n1904,72,5,2,11
mn-72-5-2-12,n1905,72,5,2,12
mn-72-5-2-13,n1906,72,5,2,13
mn-72-5-2-14,n1907,72,5,2,14
mn-72-5-2-15,n1908,72,5,2,15
mn-72-5-2-16,n1909,72,5,2,16
mn-73-1-1-1,n1910,73,1,1,1
mn-73-1-1-2,n1911,73,1,1,2
mn-73-1-1-3,n1912,73,1,1,3
mn-73-1-1-4,n1913,73,1,1,4
mn-73-1-1-5,n1914,73,1,1,5
mn-73-1-1-6,n1915,73,1,1,6
mn-73-5-2-1,n1916,73,5,2,1
mn-73-5-2-2,n1917,73,5,2,2
mn-73-5-2-3,n1918,73,5,2,3
mn-73-5-2-4,n1919,73,5,2,4
mn-73-5-2-5,n1920,73,5,2,5
mn-73-5-2-6,n1921,73,5,2,6
mn-73-5-2-7,n1922,73,5,2,7
mn-73-5-2-8,n1923,73,5,2,8
mn-73-5-2-9,n1924,73,5,2,9
mn-73-5-2-10,n1925,73,5,2,10
mn-73-5-2-11,n1926,73,5,2,11
mn-73-5-2-12,n1927,73,5,2,12
mn-73-5-2-13,n1928,73,5,2,13
mn-73-5-2-14,n1929,73,5,2,14
mn-73-5-2-15,n1930,73,5,2,15
mn-73-5-2-16,n1931,73,5,2,16
mn-74-1-1-1,n1932,74,1,1,1
mn-74-1-1-2,n1933,74,1,1,2
mn-74-1-1-3,n1934,74,1,1,3
mn-74-1-1-4,n1935,74,1,1,4
mn-74-1-1-5,n1936,74,1,1,5
mn-74-1-1-6,n1937,74,1,1,6
mn-74-5-2-1,n1938,74,5,2,1
mn-74-5-2-2,n1939,74,5,2,2
mn-74-5-2-3,n1940,74,5,2,3
mn-74-5-2-4,n1941,74,5,2,4
mn-74-5-2-5,n1942,74,5,2,5
mn-74-5-2-6,n1943,74,5,2,6
mn-74-5-2-7,n1944,74,5,2,7
mn-74-5-2-8,n1945,74,5,2,8
mn-74-5-2-9,n1946,74,5,2,9
mn-74-5-2-10,n1947,74,5,2,10
mn-74-5-2-11,n1948,74,5,2,11
mn-74-5-2-12,n1949,74,5,2,12
mn-74-5-2-13,n1950,74,5,2,13
mn-74-5-2-14,n1951,74,5,2,14
mn-74-5-2-15,n1952,74,5,2,15
mn-74-5-2-16,n1953,74,5,2,16
mn-75-1-1-1,n1954,75,1,1,1
mn-75-1-1-2,n1955,75,1,1,2
mn-75-1-1-3,n1956,75,1,1,3
mn-75-1-1-4,n1957,75,1,1,4
mn-75-1-1-5,n1958,75,1,1,5
mn-75-1-1-6,n1959,75,1,1,6
mn-75-1-1-7,n1960,75,1,1,7
mn-75-1-1-8,n1961,75,1,1,8
mn-75-1-1-9,n1962,75,1,1,9
mn-75-1-1-10,n1963,75,1,1,10
mn-75-1-1-11,n1964,75,1,1,11
mn-75-1-1-12,n1965,75,1,1,12
mn-75-1-1-13,n1966,75,1,1,13
mn-75-1-1-14,n1967,75,1,1,14
mn-75-1-1-15,n1968,75,1,1,15
mn-75-1-1-16,n1969,75,1,1,16
mn-75-5-2-1,n1970,75,5,2,1
mn-75-5-2-2,n1971,75,5,2,2
mn-75-5-2-3,n1972,75,5,2,3
mn-75-5-2-4,n1973,75,5,2,4
mn-76-1-1-1,n1974,76,1,1,1
mn-76-1-1-2,n1975,76,1,1,2
mn-76-1-1-3,n1976,76,1,1,3
mn-76-1-1-4,n1977,76,1,1,4
mn-76-1-1-5,n1978,76,1,1,5
mn-76-1-1-6,n1979,76,1,1,6
mn-76-1-1-7,n1980,76,1,1,7
mn-76-1-1-8,n1981,76,1,1,8
mn-76-1-1-9,n1982,76,1,1,9
mn-76-1-1-10,n1983,76,1,1,10
mn-76-1-1-11,n1984,76,1,1,11
mn-76-1-1-12,n1985,76,1,1,12
mn-76-1-1-13,n1986,76,1,1,13
mn-76-1-1-14,n1987,76,1,1,14
mn-76-1-1-15,n1988,76,1,1,15
mn-76-1-1-16,n1989,76,1,1,16
mn-76-5-2-1,n1990,76,5,2,1
mn-76-5-2-2,n1991,76,5,2,2
mn-76-5-2-3,n1992,76,5,2,3
mn-76-5-2-4,n1993,76,5,2,4
mn-76-5-2-5,n1994,76,5,2,5
mn-76-5-2-6,n1995,76,5,2,6
mn-77-1-1-1,n1996,77,1,1,1
mn-77-1-1-2,n1997,77,1,1,2
mn-77-1-1-3,n1998,77,1,1,3
mn-77-1-1-4,n1999,77,1,1,4
mn-77-1-1-5,n2000,77,1,1,5
mn-77-1-1-6,n2001,77,1,1,6
mn-77-1-1-7,n2002,77,1,1,7
mn-77-1-1-8,n2003,77,1,1,8
mn-77-1-1-9,n2004,77,1,1,9
mn-77-1-1-10,n2005,77,1,1,10
mn-77-1-1-11,n2006,77,1,1,11
mn-77-1-1-12,n2007,77,1,1,12
mn-77-1-1-13,n2008,77,1,1,13
mn-77-1-1-14,n2009,77,1,1,14
mn-77-1-1-15,n2010,77,1,1,15
mn-77-1-1-16,n2011,77,1,1,16
mn-77-5-2-1,n2012,77,5,2,1
mn-77-5-2-2,n2013,77,5,2,2
mn-77-5-2-3,n2014,77,5,2,3
mn-77-5-2-4,n2015,77,5,2,4
mn-77-5-2-5,n2016,77,5,2,5
mn-77-5-2-6,n2017,77,5,2,6
mn-78-1-1-1,n2018,78,1,1,1
mn-78-1-1-2,n2019,78,1,1,2
mn-78-1-1-3,n2020,78,1,1,3
mn-78-1-1-4,n2021,78,1,1,4
mn-78-1-1-5,n2022,78,1,1,5
mn-78-1-1-6,n2023,78,1,1,6
mn-78-1-1-7,n2024,78,1,1,7
mn-78-1-1-8,n2025,78,1,1,8
mn-78-1-1-9,n2026,78,1,1,9
mn-78-1-1-10,n2027,78,1,1,10
mn-78-1-1-11,n2028,78,1,1,11
mn-78-1-1-12,n2029,78,1,1,12
mn-78-1-1-13,n2030,78,1,1,13
mn-78-1-1-14,n2031,78,1,1,14
mn-78-1-1-15,n2032,78,1,1,15
mn-78-1-1-16,n2033,78,1,1,16
mn-78-5-2-1,n2034,78,5,2,1
mn-78-5-2-2,n2035,78,5,2,2
mn-78-5-2-3,n2036,78,5,2,3
mn-78-5-2-4,n2037,78,5,2,4
mn-78-5-2-5,n2038,78,5,2,5
mn-78-5-2-6,n2039,78,5,2,6
mn-78-5-2-7,n2040,78,5,2,7
mn-78-5-2-8,n2041,78,5,2,8
mn-79-1-1-1,n2042,79,1,1,1
mn-79-1-1-2,n2043,79,1,1,2
mn-79-1-1-3,n2044,79,1,1,3
mn-79-1-1-4,n2045,79,1,1,4
mn-79-1-1-5,n2046,79,1,1,5
mn-79-1-1-6,n2047,79,1,1,6
mn-79-1-1-7,n2048,79,1,1,7
mn-79-1-1-8,n2049,79,1,1,8
mn-79-1-1-9,n2050,79,1,1,9
mn-79-1-1-10,n2051,79,1,1,10
mn-79-1-1-11,n2052,79,1,1,11
mn-79-1-1-12,n2053,79,1,1,12
mn-79-1-1-13,n2054,79,1,1,13
mn-79-1-1-14,n2055,79,1,1,14
mn-79-1-1-15,n2056,79,1,1,15
mn-79-1-1-16,n2057,79,1,1,16
mn-79-5-2-1,n2058,79,5,2,1
mn-79-5-2-2,n2059,79,5,2,2
mn-79-5-2-3,n2060,79,5,2,3
mn-79-5-2-4,n2061,79,5,2,4
mn-80-1-1-1,n2062,80,1,1,1
mn-80-1-1-2,n2063,80,1,1,2
mn-80-1-1-3,n2064,80,1,1,3
mn-80-1-1-4,n2065,80,1,1,4
mn-80-1-1-5,n2066,80,1,1,5
mn-80-1-1-6,n2067,80,1,1,6
mn-80-1-1-7,n2068,80,1,1,7
mn-80-1-1-8,n2069,80,1,1,8
mn-80-1-1-9,n2070,80,1,1,9
mn-80-1-1-10,n2071,80,1,1,10
mn-80-1-1-11,n2072,80,1,1,11
mn-80-1-1-12,n2073,80,1,1,12
mn-80-1-1-13,n2074,80,1,1,13
mn-80-1-1-14,n2075,80,1,1,14
mn-80-1-1-15,n2076,80,1,1,15
mn-80-1-1-16,n2077,80,1,1,16
mn-80-5-2-1,n2078,80,5,2,1
mn-80-5-2-2,n2079,80,5,2,2
mn-80-5-2-3,n2080,80,5,2,3
mn-80-5-2-4,n2081,80,5,2,4
mn-80-5-2-5,n2082,80,5,2,5
mn-80-5-2-6,n2083,80,5,2,6
mn-81-1-1-1,n2084,81,1,1,1
mn-81-1-1-2,n2085,81,1,1,2
mn-81-1-1-3,n2086,81,1,1,3
mn-81-1-1-4,n2087,81,1,1,4
mn-81-1-1-5,n2088,81,1,1,5
mn-81-1-1-6,n2089,81,1,1,6
mn-81-1-1-7,n2090,81,1,1,7
mn-81-1-1-8,n2091,81,1,1,8
mn-81-1-1-9,n2092,81,1,1,9
mn-81-1-1-10,n2093,81,1,1,10
mn-81-1-1-11,n2094,81,1,1,11
mn-81-1-1-12,n2095,81,1,1,12
mn-81-1-1-13,n2096,81,1,1,13
mn-81-1-1-14,n2097,81,1,1,14
mn-81-1-1-15,n2098,81,1,1,15
mn-81-1-1-16,n2099,81,1,1,16
mn-81-5-2-1,n2100,81,5,2,1
mn-81-5-2-2,n2101,81,5,2,2
mn-81-5-2-3,n2102,81,5,2,3
mn-81-5-2-4,n2103,81,5,2,4
mn-81-5-2-5,n2104,81,5,2,5
mn-81-5-2-6,n2105,81,5,2,6
mn-82-1-1-1,n2106,82,1,1,1
mn-82-1-1-2,n2107,82,1,1,2
mn-82-1-1-3,n2108,82,1,1,3
mn-82-1-1-4,n2109,82,1,1,4
mn-82-1-1-5,n2110,82,1,1,5
mn-82-1-1-6,n2111,82,1,1,6
mn-82-1-1-7,n2112,82,1,1,7
mn-82-1-1-8,n2113,82,1,1,8
mn-82-1-1-9,n2114,82,1,1,9
mn-82-1-1-10,n2115,82,1,1,10
mn-82-1-1-11,n2116,82,1,1,11
mn-82-1-1-12,n2117,82,1,1,12
mn-82-1-1-13,n2118,82,1,1,13
mn-82-1-1-14,n2119,82,1,1,14
mn-82-1-1-15,n2120,82,1,1,15
mn-82-1-1-16,n2121,82,1,1,16
mn-82-5-2-1,n2122,82,5,2,1
mn-82-5-2-2,n2123,82,5,2,2
mn-82-5-2-3,n2124,82,5,2,3
mn-82-5-2-4,n2125,82,5,2,4
mn-82-5-2-5,n2126,82,5,2,5
mn-82-5-2-6,n2127,82,5,2,6
mn-83-1-1-1,n2128,83,1,1,1
mn-83-1-1-2,n2129,83,1,1,2
mn-83-1-1-3,n2130,83,1,1,3
mn-83-1-1-4,n2131,83,1,1,4
mn-83-1-1-5,n2132,83,1,1,5
mn-83-1-1-6,n2133,83,1,1,6
mn-83-1-1-7,n2134,83,1,1,7
mn-83-1-1-8,n2135,83,1,1,8
mn-83-1-1-9,n2136,83,1,1,9
mn-83-1-1-10,n2137,83,1,1,10
mn-83-1-1-11,n2138,83,1,1,11
mn-83-1-1-12,n2139,83,1,1,12
mn-83-1-1-13,n2140,83,1,1,13
mn-83-1-1-14,n2141,83,1,1,14
mn-83-1-1-15,n2142,83,1,1,15
mn-83-1-1-16,n2143,83,1,1,16
mn-83-5-2-1,n2144,83,5,2,1
mn-83-5-2-2,n2145,83,5,2,2
mn-83-5-2-3,n2146,83,5,2,3
mn-83-5-2-4,n2147,83,5,2,4
mn-83-5-2-5,n2148,83,5,2,5
mn-83-5-2-6,n2149,83,5,2,6
mn-83-5-2-7,n2150,83,5,2,7
mn-83-5-2-8,n2151,83,5,2,8
mn-84-1-1-1,n2152,84,1,1,1
mn-84-1-1-2,n2153,84,1,1,2
mn-84-1-1-3,n2154,84,1,1,3
mn-84-1-1-4,n2155,84,1,1,4
mn-84-1-1-5,n2156,84,1,1,5
mn-84-1-1-6,n2157,84,1,1,6
mn-84-1-1-7,n2158,84,1,1,7
mn-84-1-1-8,n2159,84,1,1,8
mn-84-1-1-9,n2160,84,1,1,9
mn-84-1-1-10,n2161,84,1,1,10
mn-84-1-1-11,n2162,84,1,1,11
mn-84-1-1-12,n2163,84,1,1,12
mn-84-1-1-13,n2164,84,1,1,13
mn-84-1-1-14,n2165,84,1,1,14
mn-84-1-1-15,n2166,84,1,1,15
mn-84-1-1-16,n2167,84,1,1,16
mn-84-1-1-17,n2168,84,1,1,17
mn-84-1-1-18,n2169,84,1,1,18
mn-84-1-1-19,n2170,84,1,1,19
mn-84-1-1-20,n2171,84,1,1,20
mn-84-5-2-1,n2172,84,5,2,1
mn-84-5-2-2,n2173,84,5,2,2
mn-84-5-2-3,n2174,84,5,2,3
mn-84-5-2-4,n2175,84,5,2,4
mn-84-5-2-5,n2176,84,5,2,5
mn-85-1-1-1,n2177,85,1,1,1
mn-85-1-1-2,n2178,85,1,1,2
mn-85-1-1-3,n2179,85,1,1,3
mn-85-1-1-4,n2180,85,1,1,4
mn-85-1-1-5,n2181,85,1,1,5
mn-85-1-1-6,n2182,85,1,1,6
mn-85-1-1-7,n2183,85,1,1,7
mn-85-1-1-8,n2184,85,1,1,8
mn-85-1-1-9,n2185,85,1,1,9
mn-85-1-1-10,n2186,85,1,1,10
mn-85-1-1-11,n2187,85,1,1,11
mn-85-1-1-12,n2188,85,1,1,12
mn-85-1-1-13,n2189,85,1,1,13
mn-85-1-1-14,n2190,85,1,1,14
mn-85-1-1-15,n2191,85,1,1,15
mn-85-1-1-16,n2192,85,1,1,16
mn-85-5-2-1,n2193,85,5,2,1
mn-85-5-2-2,n2194,85,5,2,2
mn-85-5-2-3,n2195,85,5,2,3
mn-85-5-2-4,n2196,85,5,2,4
mn-85-5-2-5,n2197,85,5,2,5
mn-85-5-2-6,n2198,85,5,2,6
mn-85-5-2-7,n2199,85,5,2,7
mn-85-5-2-8,n2200,85,5,2,8
mn-86-1-1-1,n2201,86,1,1,1
mn-86-1-1-2,n2202,86,1,1,2
mn-86-1-1-3,n2203,86,1,1,3
mn-86-1-1-4,n2204,86,1,1,4
mn-86-1-1-5,n2205,86,1,1,5
mn-86-1-1-6,n2206,86,1,1,6
mn-86-1-1-7,n2207,86,1,1,7
mn-86-1-1-8,n2208,86,1,1,8
mn-86-1-1-9,n2209,86,1,1,9
mn-86-1-1-10,n2210,86,1,1,10
mn-86-1-1-11,n2211,86,1,1,11
mn-86-1-1-12,n2212,86,1,1,12
mn-86-1-1-13,n2213,86,1,1,13
mn-86-1-1-14,n2214,86,1,1,14
mn-86-1-1-15,n2215,86,1,1,15
mn-86-1-1-16,n2216,86,1,1,16
mn-86-5-2-1,n2217,86,5,2,1
mn-86-5-2-2,n2218,86,5,2,2
mn-86-5-2-3,n2219,86,5,2,3
mn-86-5-2-4,n2220,86,5,2,4
mn-86-5-2-5,n2221,86,5,2,5
mn-86-5-2-6,n2222,86,5,2,6
mn-86-5-2-7,n2223,86,5,2,7
mn-86-5-2-8,n2224,86,5,2,8
mn-87-1-1-1,n2225,87,1,1,1
mn-87-1-1-2,n2226,87,1,1,2
mn-87-1-1-3,n2227,87,1,1,3
mn-87-1-1-4,n2228,87,1,1,4
mn-87-1-1-5,n2229,87,1,1,5
mn-87-1-1-6,n2230,87,1,1,6
mn-87-5-2-1,n2231,87,5,2,1
mn-87-5-2-2,n2232,87,5,2,2
mn-87-5-2-3,n2233,87,5,2,3
mn-87-5-2-4,n2234,87,5,2,4
mn-87-5-2-5,n2235,87,5,2,5
mn-87-5-2-6,n2236,87,5,2,6
mn-87-5-2-7,n2237,87,5,2,7
mn-87-5-2-8,n2238,87,5,2,8
mn-87-5-2-9,n2239,87,5,2,9
mn-87-5-2-10,n2240,87,5,2,10
mn-87-5-2-11,n2241,87,5,2,11
mn-87-5-2-12,n2242,87,5,2,12
mn-87-5-2-13,n2243,87,5,2,13
mn-87-5-2-14,n2244,87,5,2,14
mn-87-5-2-15,n2245,87,5,2,15
mn-87-5-2-16,n2246,87,5,2,16
mn-88-1-1-1,n2247,88,1,1,1
mn-88-1-1-2,n2248,88,1,1,2
mn-88-1-1-3,n2249,88,1,1,3
mn-88-1-1-4,n2250,88,1,1,4
mn-88-1-1-5,n2251,88,1,1,5
mn-88-1-1-6,n2252,88,1,1,6
mn-88-2-1-1,n2253,88,2,1,1
mn-88-2-1-2,n2254,88,2,1,2
mn-88-2-2-1,n2255,88,2,2,1
mn-88-2-2-2,n2256,88,2,2,2
mn-88-5-2-1,n2257,88,5,2,1
mn-88-5-2-2,n2258,88,5,2,2
mn-88-5-2-3,n2259,88,5,2,3
mn-88-5-2-4,n2260,88,5,2,4
mn-88-5-2-5,n2261,88,5,2,5
mn-88-5-2-6,n2262,88,5,2,6
mn-88-5-2-7,n2263,88,5,2,7
mn-88-5-2-8,n2264,88,5,2,8
mn-88-5-2-9,n2265,88,5,2,9
mn-88-5-2-10,n2266,88,5,2,10
mn-88-5-2-11,n2267,88,5,2,11
mn-88-5-2-12,n2268,88,5,2,12
mn-88-5-2-13,n2269,88,5,2,13
mn-88-5-2-14,n2270,88,5,2,14
mn-88-5-2-15,n2271,88,5,2,15
mn-88-5-2-16,n2272,88,5,2,16
mn-89-1-1-1,n2273,89,1,1,1
mn-89-1-1-2,n2274,89,1,1,2
mn-89-1-1-3,n2275,89,1,1,3
mn-89-1-1-4,n2276,89,1,1,4
mn-89-1-1-5,n2277,89,1,1,5
mn-89-1-1-6,n2278,89,1,1,6
mn-89-2-2-1,n2279,89,2,2,1
mn-89-2-2-2,n2280,89,2,2,2
mn-89-2-2-3,n2281,89,2,2,3
mn-89-2-2-4,n2282,89,2,2,4
mn-89-5-2-1,n2283,89,5,2,1
mn-89-5-2-2,n2284,89,5,2,2
mn-89-5-2-3,n2285,89,5,2,3
mn-89-5-2-4,n2286,89,5,2,4
mn-89-5-2-5,n2287,89,5,2,5
mn-89-5-2-6,n2288,89,5,2,6
mn-89-5-2-7,n2289,89,5,2,7
mn-89-5-2-8,n2290,89,5,2,8
mn-89-5-2-9,n2291,89,5,2,9
mn-89-5-2-10,n2292,89,5,2,10
mn-89-5-2-11,n2293,89,5,2,11
mn-89-5-2-12,n2294,89,5,2,12
mn-89-5-2-13,n2295,89,5,2,13
mn-89-5-2-14,n2296,89,5,2,14
mn-89-5-2-15,n2297,89,5,2,15
mn-89-5-2-16,n2298,89,5,2,16
mn-90-1-1-1,n2299,90,1,1,1
mn-90-1-1-2,n2300,90,1,1,2
mn-90-3-2-1,n2301,90,3,2,1
mn-90-3-2-2,n2302,90,3,2,2
mn-90-3-2-3,n2303,90,3,2,3
mn-90-3-2-4,n2304,90,3,2,4
mn-90-5-2-1,n2305,90,5,2,1
mn-90-5-2-2,n2306,90,5,2,2
mn-90-5-2-3,n2307,90,5,2,3
mn-90-5-2-4,n2308,90,5,2,4
mn-90-5-2-5,n2309,90,5,2,5
mn-90-5-2-6,n2310,90,5,2,6
mn-90-5-2-7,n2311,90,5,2,7
mn-90-5-2-8,n2312,90,5,2,8
mn-90-5-2-9,n2313,90,5,2,9
mn-90-5-2-10,n2314,90,5,2,10
mn-90-5-2-11,n2315,90,5,2,11
mn-90-5-2-12,n2316,90,5,2,12
mn-90-5-2-13,n2317,90,5,2,13
mn-90-5-2-14,n2318,90,5,2,14
mn-90-5-2-15,n2319,90,5,2,15
mn-90-5-2-16,n2320,90,5,2,16
mn-91-1-2-1,n2321,91,1,2,1
mn-91-1-2-2,n2322,91,1,2,2
mn-91-1-1-1,n2323,91,1,1,1
mn-91-1-1-2,n2324,91,1,1,2
mn-91-1-1-3,n2325,91,1,1,3
mn-91-1-1-4,n2326,91,1,1,4
mn-91-1-1-5,n2327,91,1,1,5
mn-91-1-1-6,n2328,91,1,1,6
mn-91-5-2-1,n2329,91,5,2,1
mn-91-5-2-2,n2330,91,5,2,2
mn-91-5-2-3,n2331,91,5,2,3
mn-91-5-2-4,n2332,91,5,2,4
mn-91-5-2-5,n2333,91,5,2,5
mn-91-5-2-6,n2334,91,5,2,6
mn-91-5-2-7,n2335,91,5,2,7
mn-91-5-2-8,n2336,91,5,2,8
mn-91-5-2-9,n2337,91,5,2,9
mn-91-5-2-10,n2338,91,5,2,10
mn-91-5-2-11,n2339,91,5,2,11
mn-91-5-2-12,n2340,91,5,2,12
mn-91-5-2-13,n2341,91,5,2,13
mn-91-5-2-14,n2342,91,5,2,14
mn-91-5-2-15,n2343,91,5,2,15
mn-91-5-2-16,n2344,91,5,2,16
mn-92-1-1-1,n2345,92,1,1,1
mn-92-1-1-2,n2346,92,1,1,2
mn-92-1-1-3,n2347,92,1,1,3
mn-92-1-1-4,n2348,92,1,1,4
mn-92-1-1-5,n2349,92,1,1,5
mn-92-1-1-6,n2350,92,1,1,6
mn-92-1-1-7,n2351,92,1,1,7
mn-92-1-1-8,n2352,92,1,1,8
mn-92-1-1-9,n2353,92,1,1,9
mn-92-1-1-10,n2354,92,1,1,10
mn-92-1-1-11,n2355,92,1,1,11
mn-92-1-1-12,n2356,92,1,1,12
mn-92-1-1-13,n2357,92,1,1,13
mn-92-1-1-14,n2358,92,1,1,14
mn-92-1-1-15,n2359,92,1,1,15
mn-92-1-1-16,n2360,92,1,1,16
mn-92-1-1-17,n2361,92,1,1,17
mn-92-1-1-18,n2362,92,1,1,18
mn-92-1-1-19,n2363,92,1,1,19
mn-92-1-1-20,n2364,92,1,1,20
mn-92-1-1-21,n2365,92,1,1,21
mn-92-1-1-22,n2366,92,1,1,22
mn-92-5-2-1,n2367,92,5,2,1
mn-92-5-2-2,n2368,92,5,2,2
mn-92-5-2-3,n2369,92,5,2,3
mn-92-5-2-4,n2370,92,5,2,4
mn-92-5-2-5,n2371,92,5,2,5
mn-92-5-2-6,n2372,92,5,2,6
mn-92-5-2-7,n2373,92,5,2,7
mn-92-5-2-8,n2374,92,5,2,8
mn-92-5-2-9,n2375,92,5,2,9
mn-92-5-2-10,n2376,92,5,2,10
mn-92-5-2-11,n2377,92,5,2,11
mn-92-5-2-12,n2378,92,5,2,12
mn-92-5-2-13,n2379,92,5,2,13
mn-92-5-2-14,n2380,92,5,2,14
mn-92-5-2-15,n2381,92,5,2,15
mn-92-5-2-16,n2382,92,5,2,16
mn-93-1-1-1,n2383,93,1,1,1
mn-93-1-1-2,n2384,93,1,1,2
mn-93-1-1-3,n2385,93,1,1,3
mn-93-1-1-4,n2386,93,1,1,4
mn-93-1-1-5,n2387,93,1,1,5
mn-93-1-1-6,n2388,93,1,1,6
mn-93-1-1-7,n2389,93,1,1,7
mn-93-1-1-8,n2390,93,1,1,8
mn-93-1-1-9,n2391,93,1,1,9
mn-93-1-1-10,n2392,93,1,1,10
mn-93-1-1-11,n2393,93,1,1,11
mn-93-1-1-12,n2394,93,1,1,12
mn-93-1-1-13,n2395,93,1,1,13
mn-93-1-1-14,n2396,93,1,1,14
mn-93-1-1-15,n2397,93,1,1,15
mn-93-1-1-16,n2398,93,1,1,16
mn-93-1-1-17,n2399,93,1,1,17
mn-93-1-1-18,n2400,93,1,1,18
mn-93-1-1-19,n2401,93,1,1,19
mn-93-1-1-20,n2402,93,1,1,20
mn-93-1-1-21,n2403,93,1,1,21
mn-93-1-1-22,n2404,93,1,1,22
mn-93-1-1-23,n2405,93,1,1,23
mn-93-1-1-24,n2406,93,1,1,24
mn-93-5-2-1,n2407,93,5,2,1
mn-93-5-2-2,n2408,93,5,2,2
mn-93-5-2-3,n2409,93,5,2,3
mn-93-5-2-4,n2410,93,5,2,4
mn-93-5-2-5,n2411,93,5,2,5
mn-93-5-2-6,n2412,93,5,2,6
mn-93-5-2-7,n2413,93,5,2,7
mn-93-5-2-8,n2414,93,5,2,8
mn-93-5-2-9,n2415,93,5,2,9
mn-93-5-2-10,n2416,93,5,2,10
mn-93-5-2-11,n2417,93,5,2,11
mn-93-5-2-12,n2418,93,5,2,12
mn-93-5-2-13,n2419,93,5,2,13
mn-93-5-2-14,n2420,93,5,2,14
mn-93-5-2-15,n2421,93,5,2,15
mn-93-5-2-16,n2422,93,5,2,16
mn-94-1-1-1,n2423,94,1,1,1
mn-94-1-1-2,n2424,94,1,1,2
mn-94-1-1-3,n2425,94,1,1,3
mn-94-1-1-4,n2426,94,1,1,4
mn-94-1-1-5,n2427,94,1,1,5
mn-94-1-1-6,n2428,94,1,1,6
mn-94-5-2-1,n2429,94,5,2,1
mn-94-5-2-2,n2430,94,5,2,2
mn-94-5-2-3,n2431,94,5,2,3
mn-94-5-2-4,n2432,94,5,2,4
mn-94-5-2-5,n2433,94,5,2,5
mn-94-5-2-6,n2434,94,5,2,6
mn-94-5-2-7,n2435,94,5,2,7
mn-94-5-2-8,n2436,94,5,2,8
mn-94-5-2-9,n2437,94,5,2,9
mn-94-5-2-10,n2438,94,5,2,10
mn-94-5-2-11,n2439,94,5,2,11
mn-94-5-2-12,n2440,94,5,2,12
mn-94-5-2-13,n2441,94,5,2,13
mn-94-5-2-14,n2442,94,5,2,14
mn-94-5-2-15,n2443,94,5,2,15
mn-94-5-2-16,n2444,94,5,2,16
mn-95-1-1-1,n2445,95,1,1,1
mn-95-1-1-2,n2446,95,1,1,2
mn-95-1-1-3,n2447,95,1,1,3
mn-95-1-1-4,n2448,95,1,1,4
mn-95-1-1-5,n2449,95,1,1,5
mn-95-1-1-6,n2450,95,1,1,6
mn-95-1-1-7,n2451,95,1,1,7
mn-95-5-2-1,n2452,95,5,2,1
mn-95-5-2-2,n2453,95,5,2,2
mn-95-5-2-3,n2454,95,5,2,3
mn-95-5-2-4,n2455,95,5,2,4
mn-95-5-2-5,n2456,95,5,2,5
mn-95-5-2-6,n2457,95,5,2,6
mn-95-5-2-7,n2458,95,5,2,7
mn-95-5-2-8,n2459,95,5,2,8
mn-95-5-2-9,n2460,95,5,2,9
mn-95-5-2-10,n2461,95,5,2,10
mn-95-5-2-11,n2462,95,5,2,11
mn-95-5-2-12,n2463,95,5,2,12
mn-95-5-2-13,n2464,95,5,2,13
mn-95-5-2-14,n2465,95,5,2,14
mn-95-5-2-15,n2466,95,5,2,15
mn-95-5-2-16,n2467,95,5,2,16
mn-96-1-1-1,n2468,96,1,1,1
mn-96-1-1-2,n2469,96,1,1,2
mn-96-1-1-3,n2470,96,1,1,3
mn-96-1-1-4,n2471,96,1,1,4
mn-96-1-1-5,n2472,96,1,1,5
mn-96-1-1-6,n2473,96,1,1,6
mn-96-1-1-7,n2474,96,1,1,7
mn-96-1-1-8,n2475,96,1,1,8
mn-96-1-1-9,n2476,96,1,1,9
mn-96-1-1-10,n2477,96,1,1,10
mn-96-1-1-11,n2478,96,1,1,11
mn-96-1-1-12,n2479,96,1,1,12
mn-96-5-2-1,n2480,96,5,2,1
mn-96-5-2-2,n2481,96,5,2,2
mn-96-5-2-3,n2482,96,5,2,3
mn-96-5-2-4,n2483,96,5,2,4
mn-96-5-2-5,n2484,96,5,2,5
mn-96-5-2-6,n2485,96,5,2,6
mn-96-5-2-7,n2486,96,5,2,7
mn-96-5-2-8,n2487,96,5,2,8
mn-96-5-2-9,n2488,96,5,2,9
mn-96-5-2-10,n2489,96,5,2,10
mn-96-5-2-11,n2490,96,5,2,11
mn-96-5-2-12,n2491,96,5,2,12
mn-96-5-2-13,n2492,96,5,2,13
mn-96-5-2-14,n2493,96,5,2,14
mn-96-5-2-15,n2494,96,5,2,15
mn-96-5-2-16,n2495,96,5,2,16
mn-97-1-1-1,n2496,97,1,1,1
mn-97-1-1-2,n2497,97,1,1,2
mn-97-1-1-3,n2498,97,1,1,3
mn-97-1-1-4,n2499,97,1,1,4
mn-97-1-1-5,n2500,97,1,1,5
mn-97-1-1-6,n2501,97,1,1,6
mn-97-1-1-7,n2502,97,1,1,7
mn-97-5-2-1,n2503,97,5,2,1
mn-97-5-2-2,n2504,97,5,2,2
mn-97-5-2-3,n2505,97,5,2,3
mn-97-5-2-4,n2506,97,5,2,4
mn-97-5-2-5,n2507,97,5,2,5
mn-97-5-2-6,n2508,97,5,2,6
mn-97-5-2-7,n2509,97,5,2,7
mn-97-5-2-8,n2510,97,5,2,8
mn-97-5-2-9,n2511,97,5,2,9
mn-97-5-2-10,n2512,97,5,2,10
mn-97-5-2-11,n2513,97,5,2,11
mn-97-5-2-12,n2514,97,5,2,12
mn-97-5-2-13,n2515,97,5,2,13
mn-97-5-2-14,n2516,97,5,2,14
mn-97-5-2-15,n2517,97,5,2,15
mn-97-5-2-16,n2518,97,5,2,16
mn-98-1-1-1,n2519,98,1,1,1
mn-98-1-1-2,n2520,98,1,1,2
mn-98-1-1-3,n2521,98,1,1,3
mn-98-1-1-4,n2522,98,1,1,4
mn-98-1-1-5,n2523,98,1,1,5
mn-98-1-1-6,n2524,98,1,1,6
mn-98-1-1-7,n2525,98,1,1,7
mn-98-1-1-8,n2526,98,1,1,8
mn-98-1-1-9,n2527,98,1,1,9
mn-98-1-1-10,n2528,98,1,1,10
mn-98-1-1-11,n2529,98,1,1,11
mn-98-1-1-12,n2530,98,1,1,12
mn-98-5-2-1,n2531,98,5,2,1
mn-98-5-2-2,n2532,98,5,2,2
mn-98-5-2-3,n2533,98,5,2,3
mn-98-5-2-4,n2534,98,5,2,4
mn-98-5-2-5,n2535,98,5,2,5
mn-98-5-2-6,n2536,98,5,2,6
mn-98-5-2-7,n2537,98,5,2,7
mn-98-5-2-8,n2538,98,5,2,8
mn-98-5-2-9,n2539,98,5,2,9
mn-98-5-2-10,n2540,98,5,2,10
mn-98-5-2-11,n2541,98,5,2,11
mn-98-5-2-12,n2542,98,5,2,12
mn-98-5-2-13,n2543,98,5,2,13
mn-98-5-2-14,n2544,98,5,2,14
mn-98-5-2-15,n2545,98,5,2,15
mn-98-5-2-16,n2546,98,5,2,16
mn-99-1-1-1,n2547,99,1,1,1
mn-99-1-1-2,n2548,99,1,1,2
mn-99-1-1-3,n2549,99,1,1,3
mn-99-1-1-4,n2550,99,1,1,4
mn-99-1-1-5,n2551,99,1,1,5
mn-99-1-1-6,n2552,99,1,1,6
mn-99-1-1-7,n2553,99,1,1,7
mn-99-1-1-8,n2554,99,1,1,8
mn-99-1-1-9,n2555,99,1,1,9
mn-99-1-1-10,n2556,99,1,1,10
mn-99-1-1-11,n2557,99,1,1,11
mn-99-1-1-12,n2558,99,1,1,12
mn-99-5-2-1,n2559,99,5,2,1
mn-99-5-2-2,n2560,99,5,2,2
mn-99-5-2-3,n2561,99,5,2,3
mn-99-5-2-4,n2562,99,5,2,4
mn-99-5-2-5,n2563,99,5,2,5
mn-99-5-2-6,n2564,99,5,2,6
mn-99-5-2-7,n2565,99,5,2,7
mn-99-5-2-8,n2566,99,5,2,8
mn-99-5-2-9,n2567,99,5,2,9
mn-99-5-2-10,n2568,99,5,2,10
mn-99-5-2-11,n2569,99,5,2,11
mn-99-5-2-12,n2570,99,5,2,12
mn-99-5-2-13,n2571,99,5,2,13
mn-99-5-2-14,n2572,99,5,2,14
mn-99-5-2-15,n2573,99,5,2,15
mn-99-5-2-16,n2574,99,5,2,16
mn-100-1-1-1,n2575,100,1,1,1
mn-100-1-1-2,n2576,100,1,1,2
mn-100-1-1-3,n2577,100,1,1,3
mn-100-1-1-4,n2578,100,1,1,4
mn-100-5-2-1,n2579,100,5,2,1
mn-100-5-2-2,n2580,100,5,2,2
mn-101-1-1-1,n2581,101,1,1,1
mn-101-1-1-2,n2582,101,1,1,2
mn-101-1-1-3,n2583,101,1,1,3
mn-101-1-1-4,n2584,101,1,1,4
mn-101-5-2-1,n2585,101,5,2,1
mn-101-5-2-2,n2586,101,5,2,2
mn-102-1-1-1,r12,102,1,1,1
mn-102-1-2-1,n2587,102,1,2,1
mn-102-1-2-2,n2588,102,1,2,2
mn-102-1-2-3,n2589,102,1,2,3
mn-102-1-2-4,n2590,102,1,2,4
mn-102-1-2-5,n2591,102,1,2,5
mn-102-1-2-6,n2592,102,1,2,6
mn-102-1-2-7,n2593,102,1,2,7
mn-102-1-1-2,n2594,102,1,1,2
mn-102-1-2-8,n2595,102,1,2,8
mn-102-1-2-9,n2596,102,1,2,9
mn-102-1-1-3,n2597,102,1,1,3
mn-102-1-1-4,n2598,102,1,1,4
mn-102-1-1-5,n2599,102,1,1,5
mn-102-1-1-6,n2600,102,1,1,6
mn-102-1-1-7,n2601,102,1,1,7
mn-102-5-2-1,n2602,102,5,2,1
mn-102-5-2-2,n2603,102,5,2,2
mn-102-5-2-3,n2604,102,5,2,3
mn-102-5-2-4,n2605,102,5,2,4
mn-102-5-2-5,n2606,102,5,2,5
mn-102-5-2-6,n2607,102,5,2,6
mn-102-5-2-7,n2608,102,5,2,7
mn-102-5-2-8,n2609,102,5,2,8
mn-103-1-1-1,n2610,103,1,1,1
mn-103-1-1-2,n2611,103,1,1,2
mn-103-1-1-3,n2612,103,1,1,3
mn-103-1-1-4,n2613,103,1,1,4
mn-103-1-1-5,n2614,103,1,1,5
mn-103-1-1-6,n2615,103,1,1,6
mn-103-1-1-7,n2616,103,1,1,7
mn-103-1-1-8,n2617,103,1,1,8
mn-103-1-1-9,n2618,103,1,1,9
mn-103-1-1-10,n2619,103,1,1,10
mn-103-1-1-11,n2620,103,1,1,11
mn-103-1-1-12,n2621,103,1,1,12
mn-103-1-1-13,n2622,103,1,1,13
mn-103-1-1-14,n2623,103,1,1,14
mn-103-1-1-15,n2624,103,1,1,15
mn-103-1-1-16,n2625,103,1,1,16
mn-103-1-1-17,n2626,103,1,1,17
mn-103-1-1-18,n2627,103,1,1,18
mn-103-1-1-19,n2628,103,1,1,19
mn-103-1-1-20,n2629,103,1,1,20
mn-103-5-2-1,n2630,103,5,2,1
mn-103-5-2-2,n2631,103,5,2,2
mn-103-5-2-3,n2632,103,5,2,3
mn-103-5-2-4,n2633,103,5,2,4
mn-103-5-2-5,n2634,103,5,2,5
mn-103-5-2-6,n2635,103,5,2,6
mn-103-5-2-7,n2636,103,5,2,7
mn-103-5-2-8,n2637,103,5,2,8
mn-103-5-2-9,n2638,103,5,2,9
mn-104-1-1-1,r13,104,1,1,1
mn-104-1-2-1,n2639,104,1,2,1
mn-104-1-2-2,n2640,104,1,2,2
mn-104-1-2-3,n2641,104,1,2,3
mn-104-1-2-4,n2642,104,1,2,4
mn-104-1-2-5,n2643,104,1,2,5
mn-104-1-2-6,n2644,104,1,2,6
mn-104-1-2-7,n2645,104,1,2,7
mn-104-1-2-8,n2646,104,1,2,8
mn-104-1-2-9,n2647,104,1,2,9
mn-104-1-2-10,n2648,104,1,2,10
mn-104-1-2-11,n2649,104,1,2,11
mn-104-1-1-2,n2650,104,1,1,2
mn-104-1-1-3,n2651,104,1,1,3
mn-104-1-1-4,n2652,104,1,1,4
mn-104-1-1-5,n2653,104,1,1,5
mn-104-5-2-1,n2654,104,5,2,1
mn-104-5-2-2,n2655,104,5,2,2
mn-104-5-2-3,n2656,104,5,2,3
mn-104-5-2-4,n2657,104,5,2,4
mn-104-5-2-5,n2658,104,5,2,5
mn-104-5-2-6,n2659,104,5,2,6
mn-104-5-2-7,n2660,104,5,2,7
mn-104-5-2-8,n2661,104,5,2,8
mn-105-1-1-1,n2662,105,1,1,1
mn-105-1-1-2,n2663,105,1,1,2
mn-105-1-1-3,n2664,105,1,1,3
mn-105-1-1-4,n2665,105,1,1,4
mn-105-1-1-5,n2666,105,1,1,5
mn-105-1-1-6,n2667,105,1,1,6
mn-105-1-1-7,n2668,105,1,1,7
mn-105-1-1-8,n2669,105,1,1,8
mn-105-1-1-9,n2670,105,1,1,9
mn-105-1-1-10,n2671,105,1,1,10
mn-105-1-1-11,n2672,105,1,1,11
mn-105-1-1-12,n2673,105,1,1,12
mn-105-1-1-13,n2674,105,1,1,13
mn-105-1-1-14,n2675,105,1,1,14
mn-105-1-1-15,n2676,105,1,1,15
mn-105-1-1-16,n2677,105,1,1,16
mn-105-1-1-17,n2678,105,1,1,17
mn-105-1-1-18,n2679,105,1,1,18
mn-105-1-1-19,n2680,105,1,1,19
mn-105-1-1-20,n2681,105,1,1,20
mn-105-5-2-1,n2682,105,5,2,1
mn-105-5-2-2,n2683,105,5,2,2
mn-105-5-2-3,n2684,105,5,2,3
mn-105-5-2-4,n2685,105,5,2,4
mn-105-5-2-5,n2686,105,5,2,5
mn-105-5-2-6,n2687,105,5,2,6
mn-105-5-2-7,n2688,105,5,2,7
mn-105-5-2-8,n2689,105,5,2,8
mn-105-5-2-9,n2690,105,5,2,9
mn-106-1-1-1,r14,106,1,1,1
mn-106-1-2-1,n2691,106,1,2,1
mn-106-1-2-2,n2692,106,1,2,2
mn-106-1-2-3,n2693,106,1,2,3
mn-106-1-2-4,n2694,106,1,2,4
mn-106-1-2-5,n2695,106,1,2,5
mn-106-1-2-6,n2696,106,1,2,6
mn-106-1-2-7,n2697,106,1,2,7
mn-106-1-1-2,n2698,106,1,1,2
mn-106-1-1-3,n2699,106,1,1,3
mn-106-1-1-4,n2700,106,1,1,4
mn-106-1-1-5,n2701,106,1,1,5
mn-106-1-1-6,n2702,106,1,1,6
mn-106-1-1-7,n2703,106,1,1,7
mn-106-1-1-8,n2704,106,1,1,8
mn-106-1-1-9,n2705,106,1,1,9
mn-106-5-2-1,n2706,106,5,2,1
mn-106-5-2-2,n2707,106,5,2,2
mn-106-5-2-3,n2708,106,5,2,3
mn-106-5-2-4,n2709,106,5,2,4
mn-106-5-2-5,n2710,106,5,2,5
mn-106-5-2-6,n2711,106,5,2,6
mn-106-5-2-7,n2712,106,5,2,7
mn-106-5-2-8,n2713,106,5,2,8
mn-107-1-1-1,n2714,107,1,1,1
mn-107-1-1-2,n2715,107,1,1,2
mn-107-1-1-3,n2716,107,1,1,3
mn-107-1-1-4,n2717,107,1,1,4
mn-107-1-1-5,n2718,107,1,1,5
mn-107-1-1-6,n2719,107,1,1,6
mn-107-1-1-7,n2720,107,1,1,7
mn-107-1-1-8,n2721,107,1,1,8
mn-107-1-1-9,n2722,107,1,1,9
mn-107-1-1-10,n2723,107,1,1,10
mn-107-1-1-11,n2724,107,1,1,11
mn-107-1-1-12,n2725,107,1,1,12
mn-107-1-1-13,n2726,107,1,1,13
mn-107-1-1-14,n2727,107,1,1,14
mn-107-1-1-15,n2728,107,1,1,15
mn-107-1-1-16,n2729,107,1,1,16
mn-107-1-1-17,n2730,107,1,1,17
mn-107-1-1-18,n2731,107,1,1,18
mn-107-1-1-19,n2732,107,1,1,19
mn-107-1-1-20,n2733,107,1,1,20
mn-107-5-2-1,n2734,107,5,2,1
mn-107-5-2-2,n2735,107,5,2,2
mn-107-5-2-3,n2736,107,5,2,3
mn-107-5-2-4,n2737,107,5,2,4
mn-107-5-2-5,n2738,107,5,2,5
mn-107-5-2-6,n2739,107,5,2,6
mn-107-5-2-7,n2740,107,5,2,7
mn-107-5-2-8,n2741,107,5,2,8
mn-107-5-2-9,n2742,107,5,2,9
mn-108-1-1-1,r15,108,1,1,1
mn-108-1-2-1,n2743,108,1,2,1
mn-108-1-2-2,n2744,108,1,2,2
mn-108-1-2-3,n2745,108,1,2,3
mn-108-1-1-2,n2746,108,1,1,2
mn-108-1-1-3,n2747,108,1,1,3
mn-108-1-1-4,n2748,108,1,1,4
mn-108-1-1-5,n2749,108,1,1,5
mn-108-1-1-6,n2750,108,1,1,6
mn-108-1-1-7,n2751,108,1,1,7
mn-108-1-1-8,n2752,108,1,1,8
mn-108-1-1-9,n2753,108,1,1,9
mn-108-1-1-10,n2754,108,1,1,10
mn-108-1-1-11,n2755,108,1,1,11
mn-108-1-1-12,n2756,108,1,1,12
mn-108-1-1-13,n2757,108,1,1,13
mn-108-1-1-14,n2758,108,1,1,14
mn-108-1-1-15,n2759,108,1,1,15
mn-108-5-2-1,n2760,108,5,2,1
mn-108-5-2-2,n2761,108,5,2,2
mn-108-5-2-3,n2762,108,5,2,3
mn-108-5-2-4,n2763,108,5,2,4
mn-108-5-2-5,n2764,108,5,2,5
mn-108-5-2-6,n2765,108,5,2,6
mn-108-5-2-7,n2766,108,5,2,7
mn-108-5-2-8,n2767,108,5,2,8
mn-109-1-1-1,r16,109,1,1,1
mn-109-1-2-1,n2768,109,1,2,1
mn-109-1-2-2,n2769,109,1,2,2
mn-109-1-2-3,n2770,109,1,2,3
mn-109-1-2-4,n2771,109,1,2,4
mn-109-1-2-5,n2772,109,1,2,5
mn-109-1-1-2,n2773,109,1,1,2
mn-109-1-1-3,n2774,109,1,1,3
mn-109-1-1-4,n2775,109,1,1,4
mn-109-1-1-5,n2776,109,1,1,5
mn-109-1-1-6,n2777,109,1,1,6
mn-109-1-1-7,n2778,109,1,1,7
mn-109-1-1-8,n2779,109,1,1,8
mn-109-1-1-9,n2780,109,1,1,9
mn-109-1-1-10,n2781,109,1,1,10
mn-109-1-1-11,n2782,109,1,1,11
mn-109-1-1-12,n2783,109,1,1,12
mn-109-1-1-13,n2784,109,1,1,13
mn-109-5-2-1,n2785,109,5,2,1
mn-109-5-2-2,n2786,109,5,2,2
mn-109-5-2-3,n2787,109,5,2,3
mn-109-5-2-4,n2788,109,5,2,4
mn-109-5-2-5,n2789,109,5,2,5
mn-109-5-2-6,n2790,109,5,2,6
mn-109-5-2-7,n2791,109,5,2,7
mn-109-5-2-8,n2792,109,5,2,8
mn-110-1-1-1,n2793,110,1,1,1
mn-110-1-1-2,n2794,110,1,1,2
mn-110-1-1-3,n2795,110,1,1,3
mn-110-1-1-4,n2796,110,1,1,4
mn-110-1-1-5,n2797,110,1,1,5
mn-110-1-1-6,n2798,110,1,1,6
mn-110-1-1-7,n2799,110,1,1,7
mn-110-1-1-8,n2800,110,1,1,8
mn-110-1-1-9,n2801,110,1,1,9
mn-110-1-1-10,n2802,110,1,1,10
mn-110-1-1-11,n2803,110,1,1,11
mn-110-1-1-12,n2804,110,1,1,12
mn-110-1-1-13,n2805,110,1,1,13
mn-110-1-1-14,n2806,110,1,1,14
mn-110-1-1-15,n2807,110,1,1,15
mn-110-1-1-16,n2808,110,1,1,16
mn-110-1-1-17,n2809,110,1,1,17
mn-110-5-2-1,n2810,110,5,2,1
mn-110-5-2-2,n2811,110,5,2,2
mn-110-5-2-3,n2812,110,5,2,3
mn-110-5-2-4,n2813,110,5,2,4
mn-110-5-2-5,n2814,110,5,2,5
mn-110-5-2-6,n2815,110,5,2,6
mn-110-5-2-7,n2816,110,5,2,7
mn-110-5-2-8,n2817,110,5,2,8
mn-110-5-2-9,n2818,110,5,2,9
mn-110-6-2-1,n2819,110,6,2,1
mn-110-6-2-2,n2820,110,6,2,2
mn-111-1-1-1,n2821,111,1,1,1
mn-111-1-1-2,n2822,111,1,1,2
mn-111-1-1-3,n2823,111,1,1,3
mn-111-1-1-4,n2824,111,1,1,4
mn-111-1-1-5,n2825,111,1,1,5
mn-111-1-1-6,n2826,111,1,1,6
mn-111-1-1-7,n2827,111,1,1,7
mn-111-1-1-8,n2828,111,1,1,8
mn-111-1-1-9,n2829,111,1,1,9
mn-111-1-1-10,n2830,111,1,1,10
mn-111-1-1-11,n2831,111,1,1,11
mn-111-1-1-12,n2832,111,1,1,12
mn-111-1-1-13,n2833,111,1,1,13
mn-111-1-1-14,n2834,111,1,1,14
mn-111-1-1-15,n2835,111,1,1,15
mn-111-1-1-16,n2836,111,1,1,16
mn-111-5-1-1,n2837,111,5,1,1
mn-111-5-1-2,n2838,111,5,1,2
mn-111-5-1-3,n2839,111,5,1,3
mn-111-5-1-4,n2840,111,5,1,4
mn-111-5-1-5,n2841,111,5,1,5
mn-111-5-1-6,n2842,111,5,1,6
mn-111-5-1-7,n2843,111,5,1,7
mn-111-5-1-8,n2844,111,5,1,8
mn-111-6-2-1,n2845,111,6,2,1
mn-112-1-1-1,n2846,112,1,1,1
mn-112-1-1-2,n2847,112,1,1,2
mn-112-1-1-3,n2848,112,1,1,3
mn-112-1-1-4,n2849,112,1,1,4
mn-112-1-1-5,n2850,112,1,1,5
mn-112-1-1-6,n2851,112,1,1,6
mn-112-1-1-7,n2852,112,1,1,7
mn-112-1-1-8,n2853,112,1,1,8
mn-112-1-1-9,n2854,112,1,1,9
mn-112-1-1-10,n2855,112,1,1,10
mn-112-1-1-11,n2856,112,1,1,11
mn-112-1-1-12,n2857,112,1,1,12
mn-112-1-1-13,n2858,112,1,1,13
mn-112-1-1-14,n2859,112,1,1,14
mn-112-1-1-15,n2860,112,1,1,15
mn-112-1-1-16,n2861,112,1,1,16
mn-112-5-2-1,n2862,112,5,2,1
mn-112-6-1-1,n2863,112,6,1,1
mn-112-6-1-2,n2864,112,6,1,2
mn-112-6-1-3,n2865,112,6,1,3
mn-112-6-1-4,n2866,112,6,1,4
mn-112-6-1-5,n2867,112,6,1,5
mn-112-6-1-6,n2868,112,6,1,6
mn-112-6-1-7,n2869,112,6,1,7
mn-112-6-1-8,n2870,112,6,1,8
mn-113-1-1-1,n2871,113,1,1,1
mn-113-1-1-2,n2872,113,1,1,2
mn-113-1-1-3,n2873,113,1,1,3
mn-113-1-1-4,n2874,113,1,1,4
mn-113-1-1-5,n2875,113,1,1,5
mn-113-1-1-6,n2876,113,1,1,6
mn-113-1-1-7,n2877,113,1,1,7
mn-113-1-1-8,n2878,113,1,1,8
mn-113-1-1-9,n2879,113,1,1,9
mn-113-1-1-10,n2880,113,1,1,10
mn-113-1-1-11,n2881,113,1,1,11
mn-113-1-1-12,n2882,113,1,1,12
mn-113-1-1-13,n2883,113,1,1,13
mn-113-1-1-14,n2884,113,1,1,14
mn-113-1-1-15,n2885,113,1,1,15
mn-113-1-1-16,n2886,113,1,1,16
mn-113-5-2-1,n2887,113,5,2,1
mn-113-6-1-1,n2888,113,6,1,1
mn-113-6-1-2,n2889,113,6,1,2
mn-113-6-1-3,n2890,113,6,1,3
mn-113-6-1-4,n2891,113,6,1,4
mn-113-6-1-5,n2892,113,6,1,5
mn-113-6-1-6,n2893,113,6,1,6
mn-113-6-1-7,n2894,113,6,1,7
mn-113-6-1-8,n2895,113,6,1,8
mn-114-1-1-1,n2896,114,1,1,1
mn-114-1-1-2,n2897,114,1,1,2
mn-114-1-1-3,n2898,114,1,1,3
mn-114-1-1-4,n2899,114,1,1,4
mn-114-1-1-5,n2900,114,1,1,5
mn-114-1-1-6,n2901,114,1,1,6
mn-114-1-1-7,n2902,114,1,1,7
mn-114-1-1-8,n2903,114,1,1,8
mn-114-1-1-9,n2904,114,1,1,9
mn-114-1-1-10,n2905,114,1,1,10
mn-114-1-1-11,n2906,114,1,1,11
mn-114-1-1-12,n2907,114,1,1,12
mn-114-1-1-13,n2908,114,1,1,13
mn-114-1-1-14,n2909,114,1,1,14
mn-114-1-1-15,n2910,114,1,1,15
mn-114-1-1-16,n2911,114,1,1,16
mn-114-5-2-1,n2912,114,5,2,1
mn-114-5-2-2,n2913,114,5,2,2
mn-114-5-2-3,n2914,114,5,2,3
mn-114-5-2-4,n2915,114,5,2,4
mn-114-5-2-5,n2916,114,5,2,5
mn-114-5-2-6,n2917,114,5,2,6
mn-114-5-2-7,n2918,114,5,2,7
mn-114-5-2-8,n2919,114,5,2,8
mn-114-6-2-1,n2920,114,6,2,1
mn-114-6-2-2,n2921,114,6,2,2
mn-114-6-2-3,n2922,114,6,2,3
mn-114-6-2-4,n2923,114,6,2,4
mn-114-6-2-5,n2924,114,6,2,5
mn-114-6-2-6,n2925,114,6,2,6
mn-114-6-2-7,n2926,114,6,2,7
mn-114-6-2-8,n2927,114,6,2,8
mn-115-1-1-1,n2928,115,1,1,1
mn-115-1-1-2,n2929,115,1,1,2
mn-115-1-1-3,n2930,115,1,1,3
mn-115-5-2-1,n2931,115,5,2,1
mn-115-5-2-2,n2932,115,5,2,2
mn-115-5-2-3,n2933,115,5,2,3
mn-115-5-2-4,n2934,115,5,2,4
mn-116-1-1-1,n2935,116,1,1,1
mn-116-1-1-2,n2936,116,1,1,2
mn-116-1-1-3,n2937,116,1,1,3
mn-116-1-1-4,n2938,116,1,1,4
mn-116-5-2-1,n2939,116,5,2,1
mn-116-5-2-2,n2940,116,5,2,2
mn-116-5-2-3,n2941,116,5,2,3
mn-116-5-2-4,n2942,116,5,2,4
mn-116-5-2-5,n2943,116,5,2,5
mn-116-5-2-6,n2944,116,5,2,6
mn-116-5-2-7,n2945,116,5,2,7
mn-116-5-2-8,n2946,116,5,2,8
mn-116-5-2-9,n2947,116,5,2,9
mn-116-5-2-10,n2948,116,5,2,10
mn-116-5-2-11,n2949,116,5,2,11
mn-116-5-2-12,n2950,116,5,2,12
mn-116-5-2-13,n2951,116,5,2,13
mn-116-5-2-14,n2952,116,5,2,14
mn-116-5-2-15,n2953,116,5,2,15
mn-116-5-2-16,n2954,116,5,2,16
mn-117-1-1-1,n2955,117,1,1,1
mn-117-1-1-2,n2956,117,1,1,2
mn-117-1-1-3,n2957,117,1,1,3
mn-117-1-1-4,n2958,117,1,1,4
mn-117-1-1-5,n2959,117,1,1,5
mn-117-1-1-6,n2960,117,1,1,6
mn-117-1-1-7,n2961,117,1,1,7
mn-117-1-1-8,n2962,117,1,1,8
mn-117-1-1-9,n2963,117,1,1,9
mn-117-5-2-1,n2964,117,5,2,1
mn-117-5-2-2,n2965,117,5,2,2
mn-117-5-2-3,n2966,117,5,2,3
mn-117-5-2-4,n2967,117,5,2,4
mn-117-5-2-5,n2968,117,5,2,5
mn-117-5-2-6,n2969,117,5,2,6
mn-117-5-2-7,n2970,117,5,2,7
mn-117-5-2-8,n2971,117,5,2,8
mn-117-5-2-9,n2972,117,5,2,9
mn-117-5-2-10,n2973,117,5,2,10
mn-117-5-2-11,n2974,117,5,2,11
mn-117-5-2-12,n2975,117,5,2,12
mn-117-5-2-13,n2976,117,5,2,13
mn-117-5-2-14,n2977,117,5,2,14
mn-117-5-2-15,n2978,117,5,2,15
mn-117-5-2-16,n2979,117,5,2,16
mn-118-1-1-1,n2980,118,1,1,1
mn-118-1-1-2,n2981,118,1,1,2
mn-118-1-1-3,n2982,118,1,1,3
mn-118-1-1-4,n2983,118,1,1,4
mn-118-1-1-5,n2984,118,1,1,5
mn-118-1-1-6,n2985,118,1,1,6
mn-118-5-2-1,n2986,118,5,2,1
mn-118-5-2-2,n2987,118,5,2,2
mn-118-5-2-3,n2988,118,5,2,3
mn-118-5-2-4,n2989,118,5,2,4
mn-118-5-2-5,n2990,118,5,2,5
mn-118-5-2-6,n2991,118,5,2,6
mn-118-5-2-7,n2992,118,5,2,7
mn-118-5-2-8,n2993,118,5,2,8
mn-118-5-2-9,n2994,118,5,2,9
mn-118-5-2-10,n2995,118,5,2,10
mn-118-5-2-11,n2996,118,5,2,11
mn-118-5-2-12,n2997,118,5,2,12
mn-118-5-2-13,n2998,118,5,2,13
mn-118-5-2-14,n2999,118,5,2,14
mn-118-5-2-15,n3000,118,5,2,15
mn-118-5-2-16,n3001,118,5,2,16
mn-119-1-1-1,n3002,119,1,1,1
mn-119-1-1-2,n3003,119,1,1,2
mn-119-1-1-3,n3004,119,1,1,3
mn-119-1-1-4,n3005,119,1,1,4
mn-119-1-1-5,n3006,119,1,1,5
mn-119-1-1-6,n3007,119,1,1,6
mn-119-5-2-1,n3008,119,5,2,1
mn-119-5-2-2,n3009,119,5,2,2
mn-119-5-2-3,n3010,119,5,2,3
mn-119-5-2-4,n3011,119,5,2,4
mn-119-5-2-5,n3012,119,5,2,5
mn-119-5-2-6,n3013,119,5,2,6
mn-119-5-2-7,n3014,119,5,2,7
mn-119-5-2-8,n3015,119,5,2,8
mn-119-5-2-9,n3016,119,5,2,9
mn-119-5-2-10,n3017,119,5,2,10
mn-119-5-2-11,n3018,119,5,2,11
mn-119-5-2-12,n3019,119,5,2,12
mn-119-5-2-13,n3020,119,5,2,13
mn-119-5-2-14,n3021,119,5,2,14
mn-119-5-2-15,n3022,119,5,2,15
mn-119-5-2-16,n3023,119,5,2,16
mn-120-1-1-1,n3024,120,1,1,1
mn-120-1-1-2,n3025,120,1,1,2
mn-120-1-1-3,n3026,120,1,1,3
mn-120-1-1-4,n3027,120,1,1,4
mn-120-1-1-5,n3028,120,1,1,5
mn-120-1-1-6,n3029,120,1,1,6
mn-120-1-1-7,n3030,120,1,1,7
mn-120-1-1-8,n3031,120,1,1,8
mn-120-1-1-9,n3032,120,1,1,9
mn-120-1-1-10,n3033,120,1,1,10
mn-120-1-1-11,n3034,120,1,1,11
mn-120-1-1-12,n3035,120,1,1,12
mn-120-1-1-13,n3036,120,1,1,13
mn-120-5-2-1,n3037,120,5,2,1
mn-120-5-2-2,n3038,120,5,2,2
mn-120-5-2-3,n3039,120,5,2,3
mn-120-5-2-4,n3040,120,5,2,4
mn-120-5-2-5,n3041,120,5,2,5
mn-120-5-2-6,n3042,120,5,2,6
mn-120-5-2-7,n3043,120,5,2,7
mn-120-5-2-8,n3044,120,5,2,8
mn-120-5-2-9,n3045,120,5,2,9
mn-120-5-2-10,n3046,120,5,2,10
mn-120-5-2-11,n3047,120,5,2,11
mn-120-5-2-12,n3048,120,5,2,12
mn-120-5-2-13,n3049,120,5,2,13
mn-120-5-2-14,n3050,120,5,2,14
mn-120-5-2-15,n3051,120,5,2,15
mn-120-5-2-16,n3052,120,5,2,16
mn-121-1-1-1,n3053,121,1,1,1
mn-121-1-1-2,n3054,121,1,1,2
mn-121-1-1-3,n3055,121,1,1,3
mn-121-1-1-4,n3056,121,1,1,4
mn-121-1-1-5,n3057,121,1,1,5
mn-121-1-1-6,n3058,121,1,1,6
mn-121-1-1-7,n3059,121,1,1,7
mn-121-1-1-8,n3060,121,1,1,8
mn-121-1-1-9,n3061,121,1,1,9
mn-121-1-1-10,n3062,121,1,1,10
mn-121-1-1-11,n3063,121,1,1,11
mn-121-1-1-12,n3064,121,1,1,12
mn-121-1-1-13,n3065,121,1,1,13
mn-121-1-1-14,n3066,121,1,1,14
mn-121-5-2-1,n3067,121,5,2,1
mn-121-5-2-2,n3068,121,5,2,2
mn-121-5-2-3,n3069,121,5,2,3
mn-121-5-2-4,n3070,121,5,2,4
mn-121-5-2-5,n3071,121,5,2,5
mn-121-5-2-6,n3072,121,5,2,6
mn-121-5-2-7,n3073,121,5,2,7
mn-121-5-2-8,n3074,121,5,2,8
mn-121-5-2-9,n3075,121,5,2,9
mn-121-5-2-10,n3076,121,5,2,10
mn-121-5-2-11,n3077,121,5,2,11
mn-121-5-2-12,n3078,121,5,2,12
mn-121-5-2-13,n3079,121,5,2,13
mn-121-5-2-14,n3080,121,5,2,14
mn-121-5-2-15,n3081,121,5,2,15
mn-121-5-2-16,n3082,121,5,2,16
mn-122-1-1-1,n3083,122,1,1,1
mn-122-1-1-2,n3084,122,1,1,2
mn-122-1-1-3,n3085,122,1,1,3
mn-122-1-1-4,n3086,122,1,1,4
mn-122-1-1-5,n3087,122,1,1,5
mn-122-1-1-6,n3088,122,1,1,6
mn-122-1-1-7,n3089,122,1,1,7
mn-122-1-1-8,n3090,122,1,1,8
mn-122-1-1-9,n3091,122,1,1,9
mn-122-1-1-10,n3092,122,1,1,10
mn-122-1-1-11,n3093,122,1,1,11
mn-122-1-1-12,n3094,122,1,1,12
mn-122-1-1-13,n3095,122,1,1,13
mn-122-1-1-14,n3096,122,1,1,14
mn-122-5-2-1,n3097,122,5,2,1
mn-122-5-2-2,n3098,122,5,2,2
mn-122-5-2-3,n3099,122,5,2,3
mn-122-5-2-4,n3100,122,5,2,4
mn-122-5-2-5,n3101,122,5,2,5
mn-122-5-2-6,n3102,122,5,2,6
mn-122-5-2-7,n3103,122,5,2,7
mn-122-5-2-8,n3104,122,5,2,8
mn-122-5-2-9,n3105,122,5,2,9
mn-122-5-2-10,n3106,122,5,2,10
mn-122-5-2-11,n3107,122,5,2,11
mn-122-5-2-12,n3108,122,5,2,12
mn-122-5-2-13,n3109,122,5,2,13
mn-122-5-2-14,n3110,122,5,2,14
mn-122-5-2-15,n3111,122,5,2,15
mn-122-5-2-16,n3112,122,5,2,16
mn-123-1-1-1,n3113,123,1,1,1
mn-123-1-1-2,n3114,123,1,1,2
mn-123-1-1-3,n3115,123,1,1,3
mn-123-1-1-4,n3116,123,1,1,4
mn-123-1-1-5,n3117,123,1,1,5
mn-123-1-1-6,n3118,123,1,1,6
mn-123-1-1-7,n3119,123,1,1,7
mn-123-1-1-8,n3120,123,1,1,8
mn-123-1-1-9,n3121,123,1,1,9
mn-123-1-1-10,n3122,123,1,1,10
mn-123-1-1-11,n3123,123,1,1,11
mn-123-1-1-12,n3124,123,1,1,12
mn-123-1-1-13,n3125,123,1,1,13
mn-123-1-1-14,n3126,123,1,1,14
mn-123-5-2-1,n3127,123,5,2,1
mn-123-5-2-2,n3128,123,5,2,2
mn-123-5-2-3,n3129,123,5,2,3
mn-123-5-2-4,n3130,123,5,2,4
mn-123-5-2-5,n3131,123,5,2,5
mn-123-5-2-6,n3132,123,5,2,6
mn-123-5-2-7,n3133,123,5,2,7
mn-123-5-2-8,n3134,123,5,2,8
mn-123-5-2-9,n3135,123,5,2,9
mn-123-5-2-10,n3136,123,5,2,10
mn-123-5-2-11,n3137,123,5,2,11
mn-123-5-2-12,n3138,123,5,2,12
mn-123-5-2-13,n3139,123,5,2,13
mn-123-5-2-14,n3140,123,5,2,14
mn-123-5-2-15,n3141,123,5,2,15
mn-123-5-2-16,n3142,123,5,2,16
mn-124-1-1-1,n3143,124,1,1,1
mn-124-1-1-2,n3144,124,1,1,2
mn-124-1-1-3,n3145,124,1,1,3
mn-124-1-1-4,n3146,124,1,1,4
mn-124-5-2-1,n3147,124,5,2,1
mn-124-5-2-2,n3148,124,5,2,2
mn-124-5-2-3,n3149,124,5,2,3
mn-124-5-2-4,n3150,124,5,2,4
mn-124-5-2-5,n3151,124,5,2,5
mn-124-5-2-6,n3152,124,5,2,6
mn-124-5-2-7,n3153,124,5,2,7
mn-124-5-2-8,n3154,124,5,2,8
mn-124-5-2-9,n3155,124,5,2,9
mn-124-5-2-10,n3156,124,5,2,10
mn-124-5-2-11,n3157,124,5,2,11
mn-124-5-2-12,n3158,124,5,2,12
mn-124-5-2-13,n3159,124,5,2,13
mn-124-5-2-14,n3160,124,5,2,14
mn-124-5-2-15,n3161,124,5,2,15
mn-124-5-2-16,n3162,124,5,2,16
mn-125-1-1-1,n3163,125,1,1,1
mn-125-1-1-2,n3164,125,1,1,2
mn-125-1-1-3,n3165,125,1,1,3
mn-125-1-1-4,n3166,125,1,1,4
mn-125-2-1-1,n3167,125,2,1,1
mn-125-2-1-2,n3168,125,2,1,2
mn-125-2-1-3,n3169,125,2,1,3
mn-125-2-1-4,n3170,125,2,1,4
mn-125-2-1-5,n3171,125,2,1,5
mn-125-2-1-6,n3172,125,2,1,6
mn-125-2-1-7,n3173,125,2,1,7
mn-125-5-2-1,n3174,125,5,2,1
mn-125-5-2-2,n3175,125,5,2,2
mn-125-5-2-3,n3176,125,5,2,3
mn-125-5-2-4,n3177,125,5,2,4
mn-125-5-2-5,n3178,125,5,2,5
mn-125-5-2-6,n3179,125,5,2,6
mn-125-5-2-7,n3180,125,5,2,7
mn-125-5-2-8,n3181,125,5,2,8
mn-125-5-2-9,n3182,125,5,2,9
mn-125-5-2-10,n3183,125,5,2,10
mn-125-5-2-11,n3184,125,5,2,11
mn-125-5-2-12,n3185,125,5,2,12
mn-125-5-2-13,n3186,125,5,2,13
mn-125-5-2-14,n3187,125,5,2,14
mn-125-5-2-15,n3188,125,5,2,15
mn-125-5-2-16,n3189,125,5,2,16
mn-126-1-1-1,n3190,126,1,1,1
mn-126-1-1-2,n3191,126,1,1,2
mn-126-1-1-3,n3192,126,1,1,3
mn-126-1-1-4,n3193,126,1,1,4
mn-126-5-2-1,n3194,126,5,2,1
mn-126-5-2-2,n3195,126,5,2,2
mn-126-5-2-3,n3196,126,5,2,3
mn-126-5-2-4,n3197,126,5,2,4
mn-126-5-2-5,n3198,126,5,2,5
mn-126-5-2-6,n3199,126,5,2,6
mn-126-5-2-7,n3200,126,5,2,7
mn-126-5-2-8,n3201,126,5,2,8
mn-126-5-2-9,n3202,126,5,2,9
mn-126-5-2-10,n3203,126,5,2,10
mn-126-5-2-11,n3204,126,5,2,11
mn-126-5-2-12,n3205,126,5,2,12
mn-126-5-2-13,n3206,126,5,2,13
mn-126-5-2-14,n3207,126,5,2,14
mn-126-5-2-15,n3208,126,5,2,15
mn-126-5-2-16,n3209,126,5,2,16
mn-127-1-1-1,n3210,127,1,1,1
mn-127-1-1-2,n3211,127,1,1,2
mn-127-1-1-3,n3212,127,1,1,3
mn-127-1-1-4,n3213,127,1,1,4
mn-127-2-1-1,n3214,127,2,1,1
mn-127-2-1-2,n3215,127,2,1,2
mn-127-2-1-3,n3216,127,2,1,3
mn-127-2-1-4,n3217,127,2,1,4
mn-127-2-1-5,n3218,127,2,1,5
mn-127-2-1-6,n3219,127,2,1,6
mn-127-2-1-7,n3220,127,2,1,7
mn-127-5-2-1,n3221,127,5,2,1
mn-127-5-2-2,n3222,127,5,2,2
mn-127-5-2-3,n3223,127,5,2,3
mn-127-5-2-4,n3224,127,5,2,4
mn-127-5-2-5,n3225,127,5,2,5
mn-127-5-2-6,n3226,127,5,2,6
mn-127-5-2-7,n3227,127,5,2,7
mn-127-5-2-8,n3228,127,5,2,8
mn-127-5-2-9,n3229,127,5,2,9
mn-127-5-2-10,n3230,127,5,2,10
mn-127-5-2-11,n3231,127,5,2,11
mn-127-5-2-12,n3232,127,5,2,12
mn-127-5-2-13,n3233,127,5,2,13
mn-127-5-2-14,n3234,127,5,2,14
mn-127-5-2-15,n3235,127,5,2,15
mn-127-5-2-16,n3236,127,5,2,16
mn-128-1-1-1,n3237,128,1,1,1
mn-128-1-1-2,n3238,128,1,1,2
mn-128-1-1-3,n3239,128,1,1,3
mn-128-1-1-4,n3240,128,1,1,4
mn-128-1-1-5,n3241,128,1,1,5
mn-128-1-1-6,n3242,128,1,1,6
mn-128-1-1-7,n3243,128,1,1,7
mn-128-1-1-8,n3244,128,1,1,8
mn-128-1-1-9,n3245,128,1,1,9
mn-128-1-1-10,n3246,128,1,1,10
mn-128-1-1-11,n3247,128,1,1,11
mn-128-1-1-12,n3248,128,1,1,12
mn-128-1-1-13,n3249,128,1,1,13
mn-128-1-1-14,n3250,128,1,1,14
mn-128-1-1-15,n3251,128,1,1,15
mn-128-5-2-1,n3252,128,5,2,1
mn-128-5-2-2,n3253,128,5,2,2
mn-128-5-2-3,n3254,128,5,2,3
mn-128-5-2-4,n3255,128,5,2,4
mn-128-5-2-5,n3256,128,5,2,5
mn-128-5-2-6,n3257,128,5,2,6
mn-128-5-2-7,n3258,128,5,2,7
mn-128-5-2-8,n3259,128,5,2,8
mn-128-5-2-9,n3260,128,5,2,9
mn-129-1-1-1,n3261,129,1,1,1
mn-129-1-1-2,n3262,129,1,1,2
mn-129-1-1-3,n3263,129,1,1,3
mn-129-1-1-4,n3264,129,1,1,4
mn-129-1-1-5,n3265,129,1,1,5
mn-129-1-1-6,n3266,129,1,1,6
mn-129-1-1-7,n3267,129,1,1,7
mn-129-1-1-8,n3268,129,1,1,8
mn-129-1-1-9,n3269,129,1,1,9
mn-129-1-1-10,n3270,129,1,1,10
mn-129-1-1-11,n3271,129,1,1,11
mn-129-1-1-12,n3272,129,1,1,12
mn-129-1-1-13,n3273,129,1,1,13
mn-129-1-1-14,n3274,129,1,1,14
mn-129-1-1-15,n3275,129,1,1,15
mn-129-1-1-16,n3276,129,1,1,16
mn-129-5-2-1,n3277,129,5,2,1
mn-129-5-2-2,n3278,129,5,2,2
mn-129-5-2-3,n3279,129,5,2,3
mn-129-5-2-4,n3280,129,5,2,4
mn-129-5-2-5,n3281,129,5,2,5
mn-129-5-2-6,n3282,129,5,2,6
mn-129-5-2-7,n3283,129,5,2,7
mn-129-5-2-8,n3284,129,5,2,8
mn-130-1-1-1,n3285,130,1,1,1
mn-130-1-1-2,n3286,130,1,1,2
mn-130-1-1-3,n3287,130,1,1,3
mn-130-1-1-4,n3288,130,1,1,4
mn-130-1-1-5,n3289,130,1,1,5
mn-130-1-1-6,n3290,130,1,1,6
mn-130-1-1-7,n3291,130,1,1,7
mn-130-1-1-8,n3292,130,1,1,8
mn-130-1-1-9,n3293,130,1,1,9
mn-130-1-1-10,n3294,130,1,1,10
mn-130-1-1-11,n3295,130,1,1,11
mn-130-1-1-12,n3296,130,1,1,12
mn-130-1-1-13,n3297,130,1,1,13
mn-130-1-1-14,n3298,130,1,1,14
mn-130-1-1-15,n3299,130,1,1,15
mn-130-1-1-16,n3300,130,1,1,16
mn-130-5-2-1,n3301,130,5,2,1
mn-130-5-2-2,n3302,130,5,2,2
mn-130-5-2-3,n3303,130,5,2,3
mn-130-5-2-4,n3304,130,5,2,4
mn-130-5-2-5,n3305,130,5,2,5
mn-130-5-2-6,n3306,130,5,2,6
mn-130-5-2-7,n3307,130,5,2,7
mn-130-5-2-8,n3308,130,5,2,8
mn-130-5-2-9,n3309,130,5,2,9
mn-130-5-2-10,n3310,130,5,2,10
mn-130-5-2-11,n3311,130,5,2,11
mn-130-5-2-12,n3312,130,5,2,12
mn-131-1-1-1,n3313,131,1,1,1
mn-131-1-1-2,n3314,131,1,1,2
mn-131-2-1-1,n3315,131,2,1,1
mn-131-2-1-2,n3316,131,2,1,2
mn-131-2-1-3,n3317,131,2,1,3
mn-131-2-1-4,n3318,131,2,1,4
mn-131-2-1-5,n3319,131,2,1,5
mn-131-2-1-6,n3320,131,2,1,6
mn-131-2-1-7,n3321,131,2,1,7
mn-131-2-1-8,n3322,131,2,1,8
mn-131-2-1-9,n3323,131,2,1,9
mn-131-2-1-10,n3324,131,2,1,10
mn-131-2-1-11,n3325,131,2,1,11
mn-131-2-1-12,n3326,131,2,1,12
mn-131-2-1-13,n3327,131,2,1,13
mn-131-2-1-14,n3328,131,2,1,14
mn-131-2-1-15,n3329,131,2,1,15
mn-131-5-2-1,n3330,131,5,2,1
mn-131-5-2-2,n3331,131,5,2,2
mn-131-5-2-3,n3332,131,5,2,3
mn-131-5-2-4,n3333,131,5,2,4
mn-131-5-2-5,n3334,131,5,2,5
mn-131-5-2-6,n3335,131,5,2,6
mn-131-5-2-7,n3336,131,5,2,7
mn-131-5-2-8,n3337,131,5,2,8
mn-131-5-2-9,n3338,131,5,2,9
mn-131-5-2-10,n3339,131,5,2,10
mn-131-5-2-11,n3340,131,5,2,11
mn-131-5-2-12,n3341,131,5,2,12
mn-131-5-2-13,n3342,131,5,2,13
mn-131-5-2-14,n3343,131,5,2,14
mn-131-5-2-15,n3344,131,5,2,15
mn-131-5-2-16,n3345,131,5,2,16
mn-132-1-1-1,n3346,132,1,1,1
mn-132-1-1-2,n3347,132,1,1,2
mn-132-1-1-3,n3348,132,1,1,3
mn-132-1-1-4,n3349,132,1,1,4
mn-132-1-1-5,n3350,132,1,1,5
mn-132-1-1-6,n3351,132,1,1,6
mn-132-1-1-7,n3352,132,1,1,7
mn-132-1-1-8,n3353,132,1,1,8
mn-132-1-1-9,n3354,132,1,1,9
mn-132-1-1-10,n3355,132,1,1,10
mn-132-1-1-11,n3356,132,1,1,11
mn-132-1-1-12,n3357,132,1,1,12
mn-132-1-1-13,n3358,132,1,1,13
mn-132-1-1-14,n3359,132,1,1,14
mn-132-1-1-15,n3360,132,1,1,15
mn-132-1-1-16,n3361,132,1,1,16
mn-132-5-2-1,n3362,132,5,2,1
mn-132-5-2-2,n3363,132,5,2,2
mn-132-5-2-3,n3364,132,5,2,3
mn-132-5-2-4,n3365,132,5,2,4
mn-132-5-2-5,n3366,132,5,2,5
mn-132-5-2-6,n3367,132,5,2,6
mn-132-5-2-7,n3368,132,5,2,7
mn-132-5-2-8,n3369,132,5,2,8
mn-132-5-2-9,n3370,132,5,2,9
mn-132-5-2-10,n3371,132,5,2,10
mn-132-5-2-11,n3372,132,5,2,11
mn-132-5-2-12,n3373,132,5,2,12
mn-133-1-1-1,n3374,133,1,1,1
mn-133-1-1-2,n3375,133,1,1,2
mn-133-1-1-3,n3376,133,1,1,3
mn-133-1-1-4,n3377,133,1,1,4
mn-133-1-1-5,n3378,133,1,1,5
mn-133-1-1-6,n3379,133,1,1,6
mn-133-1-1-7,n3380,133,1,1,7
mn-133-1-1-8,n3381,133,1,1,8
mn-133-1-1-9,n3382,133,1,1,9
mn-133-1-1-10,n3383,133,1,1,10
mn-133-1-1-11,n3384,133,1,1,11
mn-133-1-1-12,n3385,133,1,1,12
mn-133-1-1-13,n3386,133,1,1,13
mn-133-1-1-14,n3387,133,1,1,14
mn-133-1-1-15,n3388,133,1,1,15
mn-133-1-1-16,n3389,133,1,1,16
mn-133-5-2-1,n3390,133,5,2,1
mn-133-5-2-2,n3391,133,5,2,2
mn-133-5-2-3,n3392,133,5,2,3
mn-133-5-2-4,n3393,133,5,2,4
mn-133-5-2-5,n3394,133,5,2,5
mn-133-5-2-6,n3395,133,5,2,6
mn-133-5-2-7,n3396,133,5,2,7
mn-133-5-2-8,n3397,133,5,2,8
mn-134-1-1-1,n3398,134,1,1,1
mn-134-1-1-2,n3399,134,1,1,2
mn-134-1-1-3,n3400,134,1,1,3
mn-134-1-1-4,n3401,134,1,1,4
mn-134-1-1-5,n3402,134,1,1,5
mn-134-1-1-6,n3403,134,1,1,6
mn-134-1-1-7,n3404,134,1,1,7
mn-134-1-1-8,n3405,134,1,1,8
mn-134-1-1-9,n3406,134,1,1,9
mn-134-1-1-10,n3407,134,1,1,10
mn-134-1-1-11,n3408,134,1,1,11
mn-134-1-1-12,n3409,134,1,1,12
mn-134-1-1-13,n3410,134,1,1,13
mn-134-1-1-14,n3411,134,1,1,14
mn-134-1-1-15,n3412,134,1,1,15
mn-134-1-1-16,n3413,134,1,1,16
mn-134-5-2-1,n3414,134,5,2,1
mn-134-5-2-2,n3415,134,5,2,2
mn-134-5-2-3,n3416,134,5,2,3
mn-134-5-2-4,n3417,134,5,2,4
mn-134-5-2-5,n3418,134,5,2,5
mn-134-5-2-6,n3419,134,5,2,6
mn-134-5-2-7,n3420,134,5,2,7
mn-134-5-2-8,n3421,134,5,2,8
mn-134-5-2-9,n3422,134,5,2,9
mn-134-5-2-10,n3423,134,5,2,10
mn-134-5-2-11,n3424,134,5,2,11
mn-134-5-2-12,n3425,134,5,2,12
mn-134-5-2-13,n3426,134,5,2,13
mn-134-5-2-14,n3427,134,5,2,14
mn-134-5-2-15,n3428,134,5,2,15
mn-134-5-2-16,n3429,134,5,2,16
mn-135-1-1-1,n3430,135,1,1,1
mn-135-1-1-2,n3431,135,1,1,2
mn-135-1-1-3,n3432,135,1,1,3
mn-135-1-1-4,n3433,135,1,1,4
mn-135-5-2-1,n3434,135,5,2,1
mn-135-5-2-2,n3435,135,5,2,2
mn-135-5-2-3,n3436,135,5,2,3
mn-135-5-2-4,n3437,135,5,2,4
mn-135-5-2-5,n3438,135,5,2,5
mn-135-5-2-6,n3439,135,5,2,6
mn-135-5-2-7,n3440,135,5,2,7
mn-135-5-2-8,n3441,135,5,2,8
mn-135-5-2-9,n3442,135,5,2,9
mn-135-5-2-10,n3443,135,5,2,10
mn-135-5-2-11,n3444,135,5,2,11
mn-135-5-2-12,n3445,135,5,2,12
mn-135-5-2-13,n3446,135,5,2,13
mn-135-5-2-14,n3447,135,5,2,14
mn-135-5-2-15,n3448,135,5,2,15
mn-135-5-2-16,n3449,135,5,2,16
mn-136-1-1-1,n3450,136,1,1,1
mn-136-1-1-2,n3451,136,1,1,2
mn-136-1-2-1,n3452,136,1,2,1
mn-136-1-2-2,n3453,136,1,2,2
mn-136-1-2-3,n3454,136,1,2,3
mn-136-5-2-1,n3455,136,5,2,1
mn-136-5-2-2,n3456,136,5,2,2
mn-136-5-2-3,n3457,136,5,2,3
mn-136-5-2-4,n3458,136,5,2,4
mn-136-5-2-5,n3459,136,5,2,5
mn-136-5-2-6,n3460,136,5,2,6
mn-136-5-2-7,n3461,136,5,2,7
mn-136-5-2-8,n3462,136,5,2,8
mn-136-5-2-9,n3463,136,5,2,9
mn-136-5-2-10,n3464,136,5,2,10
mn-136-5-2-11,n3465,136,5,2,11
mn-136-5-2-12,n3466,136,5,2,12
mn-136-5-2-13,n3467,136,5,2,13
mn-136-5-2-14,n3468,136,5,2,14
mn-136-5-2-15,n3469,136,5,2,15
mn-136-5-2-16,n3470,136,5,2,16
mn-137-1-2-1,n3471,137,1,2,1
mn-137-1-2-2,n3472,137,1,2,2
mn-137-1-2-3,n3473,137,1,2,3
mn-137-1-1-1,n3474,137,1,1,1
mn-137-1-1-2,n3475,137,1,1,2
mn-137-1-1-3,n3476,137,1,1,3
mn-137-1-1-4,n3477,137,1,1,4
mn-137-1-1-5,n3478,137,1,1,5
mn-137-1-1-6,n3479,137,1,1,6
mn-137-1-1-7,n3480,137,1,1,7
mn-137-1-1-8,n3481,137,1,1,8
mn-137-1-1-9,n3482,137,1,1,9
mn-137-1-1-10,n3483,137,1,1,10
mn-137-1-1-11,n3484,137,1,1,11
mn-137-1-1-12,n3485,137,1,1,12
mn-137-1-1-13,n3486,137,1,1,13
mn-137-1-1-14,n3487,137,1,1,14
mn-137-5-2-1,n3488,137,5,2,1
mn-137-5-2-2,n3489,137,5,2,2
mn-137-5-2-3,n3490,137,5,2,3
mn-137-5-2-4,n3491,137,5,2,4
mn-137-5-2-5,n3492,137,5,2,5
mn-137-5-2-6,n3493,137,5,2,6
mn-137-5-2-7,n3494,137,5,2,7
mn-137-5-2-8,n3495,137,5,2,8
mn-138-1-1-1,n3496,138,1,1,1
mn-138-1-1-2,n3497,138,1,1,2
mn-138-1-1-3,n3498,138,1,1,3
mn-138-1-1-4,n3499,138,1,1,4
mn-138-1-1-5,n3500,138,1,1,5
mn-138-1-1-6,n3501,138,1,1,6
mn-138-1-1-7,n3502,138,1,1,7
mn-138-1-1-8,n3503,138,1,1,8
mn-138-1-1-9,n3504,138,1,1,9
mn-138-1-1-10,n3505,138,1,1,10
mn-138-1-1-11,n3506,138,1,1,11
mn-138-1-1-12,n3507,138,1,1,12
mn-138-1-1-13,n3508,138,1,1,13
mn-138-1-1-14,n3509,138,1,1,14
mn-138-1-1-15,n3510,138,1,1,15
mn-138-1-1-16,n3511,138,1,1,16
mn-138-5-2-1,n3512,138,5,2,1
mn-138-5-2-2,n3513,138,5,2,2
mn-138-5-2-3,n3514,138,5,2,3
mn-138-5-2-4,n3515,138,5,2,4
mn-138-5-2-5,n3516,138,5,2,5
mn-138-5-2-6,n3517,138,5,2,6
mn-138-5-2-7,n3518,138,5,2,7
mn-138-5-2-8,n3519,138,5,2,8
mn-138-5-2-9,n3520,138,5,2,9
mn-138-5-2-10,n3521,138,5,2,10
mn-138-5-2-11,n3522,138,5,2,11
mn-138-5-2-12,n3523,138,5,2,12
mn-138-5-2-13,n3524,138,5,2,13
mn-138-5-2-14,n3525,138,5,2,14
mn-138-5-2-15,n3526,138,5,2,15
mn-138-5-2-16,n3527,138,5,2,16
mn-139-1-1-1,n3528,139,1,1,1
mn-139-1-1-2,n3529,139,1,1,2
mn-139-1-1-3,n3530,139,1,1,3
mn-139-1-1-4,n3531,139,1,1,4
mn-139-1-1-5,n3532,139,1,1,5
mn-139-1-1-6,n3533,139,1,1,6
mn-139-1-1-7,n3534,139,1,1,7
mn-139-1-1-8,n3535,139,1,1,8
mn-139-1-1-9,n3536,139,1,1,9
mn-139-1-1-10,n3537,139,1,1,10
mn-139-1-1-11,n3538,139,1,1,11
mn-139-1-1-12,n3539,139,1,1,12
mn-139-1-1-13,n3540,139,1,1,13
mn-139-1-1-14,n3541,139,1,1,14
mn-139-1-1-15,n3542,139,1,1,15
mn-139-1-1-16,n3543,139,1,1,16
mn-139-5-2-1,n3544,139,5,2,1
mn-139-5-2-2,n3545,139,5,2,2
mn-139-5-2-3,n3546,139,5,2,3
mn-139-5-2-4,n3547,139,5,2,4
mn-139-5-2-5,n3548,139,5,2,5
mn-139-5-2-6,n3549,139,5,2,6
mn-139-5-2-7,n3550,139,5,2,7
mn-139-5-2-8,n3551,139,5,2,8
mn-139-5-2-9,n3552,139,5,2,9
mn-140-1-1-1,n3553,140,1,1,1
mn-140-1-1-2,n3554,140,1,1,2
mn-140-1-1-3,n3555,140,1,1,3
mn-140-1-1-4,n3556,140,1,1,4
mn-140-1-1-5,n3557,140,1,1,5
mn-140-1-1-6,n3558,140,1,1,6
mn-140-1-1-7,n3559,140,1,1,7
mn-140-1-1-8,n3560,140,1,1,8
mn-140-1-1-9,n3561,140,1,1,9
mn-140-1-1-10,n3562,140,1,1,10
mn-140-1-1-11,n3563,140,1,1,11
mn-140-1-1-12,n3564,140,1,1,12
mn-140-1-1-13,n3565,140,1,1,13
mn-140-1-1-14,n3566,140,1,1,14
mn-140-1-1-15,n3567,140,1,1,15
mn-140-1-1-16,n3568,140,1,1,16
mn-140-5-2-1,n3569,140,5,2,1
mn-140-5-2-2,n3570,140,5,2,2
mn-140-5-2-3,n3571,140,5,2,3
mn-140-5-2-4,n3572,140,5,2,4
mn-140-5-2-5,n3573,140,5,2,5
mn-140-5-2-6,n3574,140,5,2,6
mn-140-5-2-7,n3575,140,5,2,7
mn-140-5-2-8,n3576,140,5,2,8
mn-140-5-2-9,n3577,140,5,2,9
mn-140-5-2-10,n3578,140,5,2,10
mn-140-5-2-11,n3579,140,5,2,11
mn-140-5-2-12,n3580,140,5,2,12
mn-140-5-2-13,n3581,140,5,2,13
mn-140-5-2-14,n3582,140,5,2,14
mn-140-5-2-15,n3583,140,5,2,15
mn-140-5-2-16,n3584,140,5,2,16
mn-141-1-1-1,n3585,141,1,1,1
mn-141-1-1-2,n3586,141,1,1,2
mn-141-1-1-3,n3587,141,1,1,3
mn-141-1-1-4,n3588,141,1,1,4
mn-141-1-1-5,n3589,141,1,1,5
mn-141-1-1-6,n3590,141,1,1,6
mn-141-1-1-7,n3591,141,1,1,7
mn-141-1-1-8,n3592,141,1,1,8
mn-141-1-1-9,n3593,141,1,1,9
mn-141-1-1-10,n3594,141,1,1,10
mn-141-1-1-11,n3595,141,1,1,11
mn-141-1-1-12,n3596,141,1,1,12
mn-141-1-1-13,n3597,141,1,1,13
mn-141-1-1-14,n3598,141,1,1,14
mn-141-1-1-15,n3599,141,1,1,15
mn-141-5-2-1,n3600,141,5,2,1
mn-141-5-2-2,n3601,141,5,2,2
mn-141-5-2-3,n3602,141,5,2,3
mn-141-5-2-4,n3603,141,5,2,4
mn-141-5-2-5,n3604,141,5,2,5
mn-141-5-2-6,n3605,141,5,2,6
mn-141-5-2-7,n3606,141,5,2,7
mn-141-5-2-8,n3607,141,5,2,8
mn-141-5-2-9,n3608,141,5,2,9
mn-141-5-2-10,n3609,141,5,2,10
mn-141-5-2-11,n3610,141,5,2,11
mn-141-5-2-12,n3611,141,5,2,12
mn-141-5-2-13,n3612,141,5,2,13
mn-141-5-2-14,n3613,141,5,2,14
mn-141-5-2-15,n3614,141,5,2,15
mn-142-1-1-1,n3615,142,1,1,1
mn-142-1-1-2,n3616,142,1,1,2
mn-142-1-1-3,n3617,142,1,1,3
mn-142-1-1-4,n3618,142,1,1,4
mn-142-1-1-5,n3619,142,1,1,5
mn-142-1-1-6,n3620,142,1,1,6
mn-142-1-1-7,n3621,142,1,1,7
mn-142-1-1-8,n3622,142,1,1,8
mn-142-1-1-9,n3623,142,1,1,9
mn-142-1-1-10,n3624,142,1,1,10
mn-142-1-1-11,n3625,142,1,1,11
mn-142-1-1-12,n3626,142,1,1,12
mn-142-1-1-13,n3627,142,1,1,13
mn-142-1-1-14,n3628,142,1,1,14
mn-142-5-2-1,n3629,142,5,2,1
mn-142-5-2-2,n3630,142,5,2,2
mn-142-5-2-3,n3631,142,5,2,3
mn-142-5-2-4,n3632,142,5,2,4
mn-142-5-2-5,n3633,142,5,2,5
mn-142-5-2-6,n3634,142,5,2,6
mn-142-5-2-7,n3635,142,5,2,7
mn-142-5-2-8,n3636,142,5,2,8
mn-142-5-2-9,n3637,142,5,2,9
mn-142-5-2-10,n3638,142,5,2,10
mn-142-5-2-11,n3639,142,5,2,11
mn-142-5-2-12,n3640,142,5,2,12
mn-142-5-2-13,n3641,142,5,2,13
mn-142-5-2-14,n3642,142,5,2,14
mn-143-1-1-1,n3643,143,1,1,1
mn-143-1-1-2,n3644,143,1,1,2
mn-143-1-1-3,n3645,143,1,1,3
mn-143-1-1-4,n3646,143,1,1,4
mn-143-1-1-5,n3647,143,1,1,5
mn-143-1-1-6,n3648,143,1,1,6
mn-143-1-1-7,n3649,143,1,1,7
mn-143-1-1-8,n3650,143,1,1,8
mn-143-1-1-9,n3651,143,1,1,9
mn-143-1-1-10,n3652,143,1,1,10
mn-143-1-1-11,n3653,143,1,1,11
mn-143-1-1-12,n3654,143,1,1,12
mn-143-1-1-13,n3655,143,1,1,13
mn-143-1-1-14,n3656,143,1,1,14
mn-143-1-1-15,n3657,143,1,1,15
mn-143-1-1-16,n3658,143,1,1,16
mn-143-1-1-17,n3659,143,1,1,17
mn-143-1-1-18,n3660,143,1,1,18
mn-143-1-1-19,n3661,143,1,1,19
mn-143-1-1-20,n3662,143,1,1,20
mn-143-1-1-21,n3663,143,1,1,21
mn-143-1-1-22,n3664,143,1,1,22
mn-143-1-1-23,n3665,143,1,1,23
mn-143-5-2-1,n3666,143,5,2,1
mn-143-5-2-2,n3667,143,5,2,2
mn-143-5-2-3,n3668,143,5,2,3
mn-143-5-2-4,n3669,143,5,2,4
mn-143-5-2-5,n3670,143,5,2,5
mn-143-5-2-6,n3671,143,5,2,6
mn-143-5-2-7,n3672,143,5,2,7
mn-143-5-2-8,n3673,143,5,2,8
mn-143-5-2-9,n3674,143,5,2,9
mn-143-5-2-10,n3675,143,5,2,10
mn-143-5-2-11,n3676,143,5,2,11
mn-143-5-2-12,n3677,143,5,2,12
mn-143-5-2-13,n3678,143,5,2,13
mn-143-5-2-14,n3679,143,5,2,14
mn-143-5-2-15,n3680,143,5,2,15
mn-143-5-2-16,n3681,143,5,2,16
mn-144-1-1-1,n3682,144,1,1,1
mn-144-1-1-2,n3683,144,1,1,2
mn-144-1-1-3,n3684,144,1,1,3
mn-144-1-1-4,n3685,144,1,1,4
mn-144-1-1-5,n3686,144,1,1,5
mn-144-1-1-6,n3687,144,1,1,6
mn-144-1-1-7,n3688,144,1,1,7
mn-144-1-1-8,n3689,144,1,1,8
mn-144-1-1-9,n3690,144,1,1,9
mn-144-1-1-10,n3691,144,1,1,10
mn-144-1-1-11,n3692,144,1,1,11
mn-144-1-1-12,n3693,144,1,1,12
mn-144-1-1-13,n3694,144,1,1,13
mn-144-1-1-14,n3695,144,1,1,14
mn-144-1-1-15,n3696,144,1,1,15
mn-144-1-1-16,n3697,144,1,1,16
mn-144-1-1-17,n3698,144,1,1,17
mn-144-1-1-18,n3699,144,1,1,18
mn-144-1-1-19,n3700,144,1,1,19
mn-144-1-1-20,n3701,144,1,1,20
mn-144-1-1-21,n3702,144,1,1,21
mn-144-1-1-22,n3703,144,1,1,22
mn-144-1-1-23,n3704,144,1,1,23
mn-144-1-1-24,n3705,144,1,1,24
mn-144-5-2-1,n3706,144,5,2,1
mn-144-5-2-2,n3707,144,5,2,2
mn-144-5-2-3,n3708,144,5,2,3
mn-144-5-2-4,n3709,144,5,2,4
mn-144-5-2-5,n3710,144,5,2,5
mn-144-5-2-6,n3711,144,5,2,6
mn-144-5-2-7,n3712,144,5,2,7
mn-144-5-2-8,n3713,144,5,2,8
mn-144-5-2-9,n3714,144,5,2,9
mn-144-5-2-10,n3715,144,5,2,10
mn-144-5-2-11,n3716,144,5,2,11
mn-144-5-2-12,n3717,144,5,2,12
mn-144-5-2-13,n3718,144,5,2,13
mn-144-5-2-14,n3719,144,5,2,14
mn-144-5-2-15,n3720,144,5,2,15
mn-144-5-2-16,n3721,144,5,2,16
mn-144-5-2-17,n3722,144,5,2,17
mn-145-1-1-1,n3723,145,1,1,1
mn-145-1-1-2,n3724,145,1,1,2
mn-145-1-1-3,n3725,145,1,1,3
mn-145-1-1-4,n3726,145,1,1,4
mn-145-1-1-5,n3727,145,1,1,5
mn-145-1-1-6,n3728,145,1,1,6
mn-145-1-1-7,n3729,145,1,1,7
mn-145-1-1-8,n3730,145,1,1,8
mn-145-1-1-9,n3731,145,1,1,9
mn-145-1-1-10,n3732,145,1,1,10
mn-145-1-1-11,n3733,145,1,1,11
mn-145-1-1-12,n3734,145,1,1,12
mn-145-1-1-13,n3735,145,1,1,13
mn-145-1-1-14,n3736,145,1,1,14
mn-145-1-1-15,n3737,145,1,1,15
mn-145-1-1-16,n3738,145,1,1,16
mn-145-1-1-17,n3739,145,1,1,17
mn-145-1-1-18,n3740,145,1,1,18
mn-145-1-1-19,n3741,145,1,1,19
mn-145-1-1-20,n3742,145,1,1,20
mn-145-1-1-21,n3743,145,1,1,21
mn-145-1-1-22,n3744,145,1,1,22
mn-145-1-1-23,n3745,145,1,1,23
mn-145-1-1-24,n3746,145,1,1,24
mn-145-5-2-1,n3747,145,5,2,1
mn-145-5-2-2,n3748,145,5,2,2
mn-145-5-2-3,n3749,145,5,2,3
mn-145-5-2-4,n3750,145,5,2,4
mn-145-5-2-5,n3751,145,5,2,5
mn-145-5-2-6,n3752,145,5,2,6
mn-145-5-2-7,n3753,145,5,2,7
mn-145-5-2-8,n3754,145,5,2,8
mn-145-5-2-9,n3755,145,5,2,9
mn-145-5-2-10,n3756,145,5,2,10
mn-145-5-2-11,n3757,145,5,2,11
mn-145-5-2-12,n3758,145,5,2,12
mn-145-5-2-13,n3759,145,5,2,13
mn-145-5-2-14,n3760,145,5,2,14
mn-145-5-2-15,n3761,145,5,2,15
mn-145-5-2-16,n3762,145,5,2,16
mn-146-1-1-1,n3763,146,1,1,1
mn-146-1-1-2,n3764,146,1,1,2
mn-146-1-1-3,n3765,146,1,1,3
mn-146-1-1-4,n3766,146,1,1,4
mn-146-1-1-5,n3767,146,1,1,5
mn-146-1-1-6,n3768,146,1,1,6
mn-146-1-1-7,n3769,146,1,1,7
mn-146-1-1-8,n3770,146,1,1,8
mn-146-1-1-9,n3771,146,1,1,9
mn-146-1-1-10,n3772,146,1,1,10
mn-146-1-1-11,n3773,146,1,1,11
mn-146-1-1-12,n3774,146,1,1,12
mn-146-1-1-13,n3775,146,1,1,13
mn-146-1-1-14,n3776,146,1,1,14
mn-146-1-1-15,n3777,146,1,1,15
mn-146-1-1-16,n3778,146,1,1,16
mn-146-1-1-17,n3779,146,1,1,17
mn-146-1-1-18,n3780,146,1,1,18
mn-146-1-1-19,n3781,146,1,1,19
mn-146-1-1-20,n3782,146,1,1,20
mn-146-1-1-21,n3783,146,1,1,21
mn-146-1-1-22,n3784,146,1,1,22
mn-146-1-1-23,n3785,146,1,1,23
mn-146-1-1-24,n3786,146,1,1,24
mn-146-5-2-1,n3787,146,5,2,1
mn-146-5-2-2,n3788,146,5,2,2
mn-146-5-2-3,n3789,146,5,2,3
mn-146-5-2-4,n3790,146,5,2,4
mn-146-5-2-5,n3791,146,5,2,5
mn-146-5-2-6,n3792,146,5,2,6
mn-146-5-2-7,n3793,146,5,2,7
mn-146-5-2-8,n3794,146,5,2,8
mn-146-5-2-9,n3795,146,5,2,9
mn-146-5-2-10,n3796,146,5,2,10
mn-146-5-2-11,n3797,146,5,2,11
mn-146-5-2-12,n3798,146,5,2,12
mn-146-5-2-13,n3799,146,5,2,13
mn-146-5-2-14,n3800,146,5,2,14
mn-146-5-2-15,n3801,146,5,2,15
mn-146-5-2-16,n3802,146,5,2,16
mn-146-5-2-17,n3803,146,5,2,17
mn-147-1-1-1,n3804,147,1,1,1
mn-147-1-1-2,n3805,147,1,1,2
mn-147-1-1-3,n3806,147,1,1,3
mn-147-1-1-4,n3807,147,1,1,4
mn-147-1-1-5,n3808,147,1,1,5
mn-147-1-1-6,n3809,147,1,1,6
mn-147-1-1-7,n3810,147,1,1,7
mn-147-1-1-8,n3811,147,1,1,8
mn-147-1-1-9,n3812,147,1,1,9
mn-147-1-1-10,n3813,147,1,1,10
mn-147-1-1-11,n3814,147,1,1,11
mn-147-1-1-12,n3815,147,1,1,12
mn-147-1-1-13,n3816,147,1,1,13
mn-147-1-1-14,n3817,147,1,1,14
mn-147-1-1-15,n3818,147,1,1,15
mn-147-1-1-16,n3819,147,1,1,16
mn-147-5-2-1,n3820,147,5,2,1
mn-147-5-2-2,n3821,147,5,2,2
mn-147-5-2-3,n3822,147,5,2,3
mn-147-5-2-4,n3823,147,5,2,4
mn-147-5-2-5,n3824,147,5,2,5
mn-147-5-2-6,n3825,147,5,2,6
mn-147-5-2-7,n3826,147,5,2,7
mn-147-5-2-8,n3827,147,5,2,8
mn-147-5-2-9,n3828,147,5,2,9
mn-147-5-2-10,n3829,147,5,2,10
mn-147-5-2-11,n3830,147,5,2,11
mn-147-5-2-12,n3831,147,5,2,12
mn-147-5-2-13,n3832,147,5,2,13
mn-147-5-2-14,n3833,147,5,2,14
mn-147-5-2-15,n3834,147,5,2,15
mn-148-1-1-1,n3835,148,1,1,1
mn-148-1-1-2,n3836,148,1,1,2
mn-148-1-1-3,n3837,148,1,1,3
mn-148-1-1-4,n3838,148,1,1,4
mn-148-1-1-5,n3839,148,1,1,5
mn-148-1-1-6,n3840,148,1,1,6
mn-148-1-1-7,n3841,148,1,1,7
mn-148-1-1-8,n3842,148,1,1,8
mn-148-1-1-9,n3843,148,1,1,9
mn-148-1-1-10,n3844,148,1,1,10
mn-148-1-1-11,n3845,148,1,1,11
mn-148-1-1-12,n3846,148,1,1,12
mn-148-1-1-13,n3847,148,1,1,13
mn-148-1-1-14,n3848,148,1,1,14
mn-148-5-2-1,n3849,148,5,2,1
mn-148-5-2-2,n3850,148,5,2,2
mn-148-5-2-3,n3851,148,5,2,3
mn-148-5-2-4,n3852,148,5,2,4
mn-148-5-2-5,n3853,148,5,2,5
mn-148-5-2-6,n3854,148,5,2,6
mn-148-5-2-7,n3855,148,5,2,7
mn-148-5-2-8,n3856,148,5,2,8
mn-148-5-2-9,n3857,148,5,2,9
mn-148-5-2-10,n3858,148,5,2,10
mn-148-5-2-11,n3859,148,5,2,11
mn-148-5-2-12,n3860,148,5,2,12
mn-148-5-2-13,n3861,148,5,2,13
mn-148-5-2-14,n3862,148,5,2,14
mn-149-1-1-1,n3863,149,1,1,1
mn-149-1-1-2,n3864,149,1,1,2
mn-149-1-1-3,n3865,149,1,1,3
mn-149-1-1-4,n3866,149,1,1,4
mn-149-1-1-5,n3867,149,1,1,5
mn-149-1-1-6,n3868,149,1,1,6
mn-149-1-1-7,n3869,149,1,1,7
mn-149-1-1-8,n3870,149,1,1,8
mn-149-1-1-9,n3871,149,1,1,9
mn-149-1-1-10,n3872,149,1,1,10
mn-149-1-1-11,n3873,149,1,1,11
mn-149-1-1-12,n3874,149,1,1,12
mn-149-1-1-13,n3875,149,1,1,13
mn-149-1-1-14,n3876,149,1,1,14
mn-149-5-2-1,n3877,149,5,2,1
mn-149-5-2-2,n3878,149,5,2,2
mn-149-5-2-3,n3879,149,5,2,3
mn-149-5-2-4,n3880,149,5,2,4
mn-149-5-2-5,n3881,149,5,2,5
mn-149-5-2-6,n3882,149,5,2,6
mn-149-5-2-7,n3883,149,5,2,7
mn-149-5-2-8,n3884,149,5,2,8
mn-149-5-2-9,n3885,149,5,2,9
mn-149-5-2-10,n3886,149,5,2,10
mn-149-5-2-11,n3887,149,5,2,11
mn-149-5-2-12,n3888,149,5,2,12
mn-149-5-2-13,n3889,149,5,2,13
mn-149-5-2-14,n3890,149,5,2,14
mn-150-1-1-1,n3891,150,1,1,1
mn-150-1-1-2,n3892,150,1,1,2
mn-150-1-1-3,n3893,150,1,1,3
mn-150-1-1-4,n3894,150,1,1,4
mn-150-1-1-5,n3895,150,1,1,5
mn-150-1-1-6,n3896,150,1,1,6
mn-150-1-1-7,n3897,150,1,1,7
mn-150-1-1-8,n3898,150,1,1,8
mn-150-1-1-9,n3899,150,1,1,9
mn-150-1-1-10,n3900,150,1,1,10
mn-150-1-1-11,n3901,150,1,1,11
mn-150-1-1-12,n3902,150,1,1,12
mn-150-1-1-13,n3903,150,1,1,13
mn-150-1-1-14,n3904,150,1,1,14
mn-150-5-2-1,n3905,150,5,2,1
mn-150-5-2-2,n3906,150,5,2,2
mn-150-5-2-3,n3907,150,5,2,3
mn-150-5-2-4,n3908,150,5,2,4
mn-150-5-2-5,n3909,150,5,2,5
mn-150-5-2-6,n3910,150,5,2,6
mn-150-5-2-7,n3911,150,5,2,7
mn-150-5-2-8,n3912,150,5,2,8
mn-150-5-2-9,n3913,150,5,2,9
mn-150-5-2-10,n3914,150,5,2,10
mn-150-5-2-11,n3915,150,5,2,11
mn-150-5-2-12,n3916,150,5,2,12
mn-150-5-2-13,n3917,150,5,2,13
mn-150-5-2-14,n3918,150,5,2,14
mn-151-1-1-1,n3919,151,1,1,1
mn-151-1-1-2,n3920,151,1,1,2
mn-151-1-1-3,n3921,151,1,1,3
mn-151-1-1-4,n3922,151,1,1,4
mn-151-1-1-5,n3923,151,1,1,5
mn-151-1-1-6,n3924,151,1,1,6
mn-151-5-2-1,n3925,151,5,2,1
mn-151-5-2-2,n3926,151,5,2,2
mn-151-5-2-3,n3927,151,5,2,3
mn-151-5-2-4,n3928,151,5,2,4
mn-151-5-2-5,n3929,151,5,2,5
mn-151-5-2-6,n3930,151,5,2,6
mn-151-5-2-7,n3931,151,5,2,7
mn-151-5-2-8,n3932,151,5,2,8
mn-151-5-2-9,n3933,151,5,2,9
mn-151-5-2-10,n3934,151,5,2,10
mn-151-5-2-11,n3935,151,5,2,11
mn-151-5-2-12,n3936,151,5,2,12
mn-151-5-2-13,n3937,151,5,2,13
mn-151-5-2-14,n3938,151,5,2,14
mn-151-5-2-15,n3939,151,5,2,15
mn-151-5-2-16,n3940,151,5,2,16
mn-152-1-1-1,n3941,152,1,1,1
mn-152-1-1-2,n3942,152,1,1,2
mn-152-1-1-3,n3943,152,1,1,3
mn-152-1-1-4,n3944,152,1,1,4
mn-152-1-1-5,n3945,152,1,1,5
mn-152-1-1-6,n3946,152,1,1,6
mn-152-1-1-7,n3947,152,1,1,7
mn-152-1-1-8,n3948,152,1,1,8
mn-152-1-1-9,n3949,152,1,1,9
mn-152-1-1-10,n3950,152,1,1,10
mn-152-5-2-1,n3951,152,5,2,1
mn-152-5-2-2,n3952,152,5,2,2
mn-152-5-2-3,n3953,152,5,2,3
mn-152-5-2-4,n3954,152,5,2,4
mn-152-5-2-5,n3955,152,5,2,5
mn-152-5-2-6,n3956,152,5,2,6
mn-152-5-2-7,n3957,152,5,2,7
mn-152-5-2-8,n3958,152,5,2,8
mn-152-5-2-9,n3959,152,5,2,9
mn-152-5-2-10,n3960,152,5,2,10
mn-152-5-2-11,n3961,152,5,2,11
mn-152-5-2-12,n3962,152,5,2,12
mn-152-5-2-13,n3963,152,5,2,13
mn-152-5-2-14,n3964,152,5,2,14
mn-152-5-2-15,n3965,152,5,2,15
mn-152-5-2-16,n3966,152,5,2,16
mn-153-1-1-1,n3967,153,1,1,1
mn-153-1-1-2,n3968,153,1,1,2
mn-153-1-1-3,n3969,153,1,1,3
mn-153-1-1-4,n3970,153,1,1,4
mn-153-1-1-5,n3971,153,1,1,5
mn-153-5-2-1,n3972,153,5,2,1
mn-153-5-2-2,n3973,153,5,2,2
mn-153-5-2-3,n3974,153,5,2,3
mn-153-5-2-4,n3975,153,5,2,4
mn-153-5-2-5,n3976,153,5,2,5
mn-153-5-2-6,n3977,153,5,2,6
mn-153-5-2-7,n3978,153,5,2,7
mn-153-5-2-8,n3979,153,5,2,8
mn-153-5-2-9,n3980,153,5,2,9
mn-153-5-2-10,n3981,153,5,2,10
mn-153-5-2-11,n3982,153,5,2,11
mn-153-5-2-12,n3983,153,5,2,12
mn-153-5-2-13,n3984,153,5,2,13
mn-153-5-2-14,n3985,153,5,2,14
mn-153-5-2-15,n3986,153,5,2,15
mn-153-5-2-16,n3987,153,5,2,16
mn-154-1-1-1,n3988,154,1,1,1
mn-154-1-1-2,n3989,154,1,1,2
mn-154-1-1-3,n3990,154,1,1,3
mn-154-1-1-4,n3991,154,1,1,4
mn-154-1-1-5,n3992,154,1,1,5
mn-154-1-1-6,n3993,154,1,1,6
mn-154-1-1-7,n3994,154,1,1,7
mn-154-1-1-8,n3995,154,1,1,8
mn-154-1-1-9,n3996,154,1,1,9
mn-154-1-1-10,n3997,154,1,1,10
mn-154-5-2-1,n3998,154,5,2,1
mn-154-5-2-2,n3999,154,5,2,2
mn-154-5-2-3,n4000,154,5,2,3
mn-154-5-2-4,n4001,154,5,2,4
mn-154-5-2-5,n4002,154,5,2,5
mn-154-5-2-6,n4003,154,5,2,6
mn-154-5-2-7,n4004,154,5,2,7
mn-154-5-2-8,n4005,154,5,2,8
mn-154-5-2-9,n4006,154,5,2,9
mn-154-5-2-10,n4007,154,5,2,10
mn-154-5-2-11,n4008,154,5,2,11
mn-154-5-2-12,n4009,154,5,2,12
mn-154-5-2-13,n4010,154,5,2,13
mn-154-5-2-14,n4011,154,5,2,14
mn-154-5-2-15,n4012,154,5,2,15
mn-154-5-2-16,n4013,154,5,2,16
mn-155-1-1-1,n4014,155,1,1,1
mn-155-1-1-2,n4015,155,1,1,2
mn-155-1-1-3,n4016,155,1,1,3
mn-155-1-1-4,n4017,155,1,1,4
mn-155-1-1-5,n4018,155,1,1,5
mn-155-1-1-6,n4019,155,1,1,6
mn-155-5-2-1,n4020,155,5,2,1
mn-155-5-2-2,n4021,155,5,2,2
mn-155-5-2-3,n4022,155,5,2,3
mn-155-5-2-4,n4023,155,5,2,4
mn-155-5-2-5,n4024,155,5,2,5
mn-155-5-2-6,n4025,155,5,2,6
mn-155-5-2-7,n4026,155,5,2,7
mn-155-5-2-8,n4027,155,5,2,8
mn-155-5-2-9,n4028,155,5,2,9
mn-155-5-2-10,n4029,155,5,2,10
mn-155-5-2-11,n4030,155,5,2,11
mn-155-5-2-12,n4031,155,5,2,12
mn-155-5-2-13,n4032,155,5,2,13
mn-155-5-2-14,n4033,155,5,2,14
mn-155-5-2-15,n4034,155,5,2,15
mn-155-5-2-16,n4035,155,5,2,16
mn-156-1-1-1,n4036,156,1,1,1
mn-156-1-1-2,n4037,156,1,1,2
mn-156-1-1-3,n4038,156,1,1,3
mn-156-1-1-4,n4039,156,1,1,4
mn-156-1-1-5,n4040,156,1,1,5
mn-156-1-1-6,n4041,156,1,1,6
mn-156-5-2-1,n4042,156,5,2,1
mn-156-5-2-2,n4043,156,5,2,2
mn-156-5-2-3,n4044,156,5,2,3
mn-156-5-2-4,n4045,156,5,2,4
mn-156-5-2-5,n4046,156,5,2,5
mn-156-5-2-6,n4047,156,5,2,6
mn-156-5-2-7,n4048,156,5,2,7
mn-156-5-2-8,n4049,156,5,2,8
mn-156-5-2-9,n4050,156,5,2,9
mn-156-5-2-10,n4051,156,5,2,10
mn-156-5-2-11,n4052,156,5,2,11
mn-156-5-2-12,n4053,156,5,2,12
mn-156-5-2-13,n4054,156,5,2,13
mn-156-5-2-14,n4055,156,5,2,14
mn-156-5-2-15,n4056,156,5,2,15
mn-156-5-2-16,n4057,156,5,2,16
mn-157-1-2-1,n4058,157,1,2,1
mn-157-1-2-2,n4059,157,1,2,2
mn-157-1-2-3,n4060,157,1,2,3
mn-157-1-2-4,n4061,157,1,2,4
mn-157-1-2-5,n4062,157,1,2,5
mn-157-1-2-6,n4063,157,1,2,6
mn-157-1-2-7,n4064,157,1,2,7
mn-157-1-2-8,n4065,157,1,2,8
mn-157-1-2-9,n4066,157,1,2,9
mn-157-1-2-10,n4067,157,1,2,10
mn-157-1-2-11,n4068,157,1,2,11
mn-157-1-2-12,n4069,157,1,2,12
mn-157-1-2-13,n4070,157,1,2,13
mn-157-1-2-14,n4071,157,1,2,14
mn-157-1-2-15,n4072,157,1,2,15
mn-157-1-2-16,n4073,157,1,2,16
mn-157-5-2-1,n4074,157,5,2,1
mn-157-5-2-2,n4075,157,5,2,2
mn-157-5-2-3,n4076,157,5,2,3
mn-157-5-2-4,n4077,157,5,2,4
mn-157-5-2-5,n4078,157,5,2,5
mn-157-5-2-6,n4079,157,5,2,6
mn-157-5-2-7,n4080,157,5,2,7
mn-157-5-2-8,n4081,157,5,2,8
mn-157-5-2-9,n4082,157,5,2,9
mn-157-5-2-10,n4083,157,5,2,10
mn-157-5-2-11,n4084,157,5,2,11
mn-157-5-2-12,n4085,157,5,2,12
mn-157-5-2-13,n4086,157,5,2,13
mn-157-5-2-14,n4087,157,5,2,14
mn-157-5-2-15,n4088,157,5,2,15
mn-157-5-2-16,n4089,157,5,2,16
mn-158-1-2-1,n4090,158,1,2,1
mn-158-1-2-2,n4091,158,1,2,2
mn-158-1-2-3,n4092,158,1,2,3
mn-158-1-2-4,n4093,158,1,2,4
mn-158-1-2-5,n4094,158,1,2,5
mn-158-1-2-6,n4095,158,1,2,6
mn-158-1-2-7,n4096,158,1,2,7
mn-158-1-2-8,n4097,158,1,2,8
mn-158-1-2-9,n4098,158,1,2,9
mn-158-1-2-10,n4099,158,1,2,10
mn-158-1-2-11,n4100,158,1,2,11
mn-158-1-2-12,n4101,158,1,2,12
mn-158-1-2-13,n4102,158,1,2,13
mn-158-1-2-14,n4103,158,1,2,14
mn-158-1-2-15,n4104,158,1,2,15
mn-158-1-2-16,n4105,158,1,2,16
mn-158-1-2-17,n4106,158,1,2,17
mn-158-1-2-18,n4107,158,1,2,18
mn-158-1-2-19,n4108,158,1,2,19
mn-158-1-2-20,n4109,158,1,2,20
mn-158-5-2-1,n4110,158,5,2,1
mn-158-5-2-2,n4111,158,5,2,2
mn-158-5-2-3,n4112,158,5,2,3
mn-158-5-2-4,n4113,158,5,2,4
mn-158-5-2-5,n4114,158,5,2,5
mn-158-5-2-6,n4115,158,5,2,6
mn-158-5-2-7,n4116,158,5,2,7
mn-158-5-2-8,n4117,158,5,2,8
mn-158-5-2-9,n4118,158,5,2,9
mn-158-5-2-10,n4119,158,5,2,10
mn-158-5-2-11,n4120,158,5,2,11
mn-158-5-2-12,n4121,158,5,2,12
mn-158-5-2-13,n4122,158,5,2,13
mn-158-5-2-14,n4123,158,5,2,14
mn-158-5-2-15,n4124,158,5,2,15
mn-158-5-2-16,n4125,158,5,2,16
mn-159-1-2-1,n4126,159,1,2,1
mn-159-1-2-2,n4127,159,1,2,2
mn-159-1-2-3,n4128,159,1,2,3
mn-159-1-2-4,n4129,159,1,2,4
mn-159-1-2-5,n4130,159,1,2,5
mn-159-1-2-6,n4131,159,1,2,6
mn-159-1-2-7,n4132,159,1,2,7
mn-159-1-2-8,n4133,159,1,2,8
mn-159-1-2-9,n4134,159,1,2,9
mn-159-1-2-10,n4135,159,1,2,10
mn-159-1-2-11,n4136,159,1,2,11
mn-159-1-1-1,n4137,159,1,1,1
mn-159-1-2-12,n4138,159,1,2,12
mn-159-1-2-13,n4139,159,1,2,13
mn-159-1-1-2,n4140,159,1,1,2
mn-159-1-1-3,n4141,159,1,1,3
mn-159-1-1-4,n4142,159,1,1,4
mn-159-1-1-5,n4143,159,1,1,5
mn-159-1-1-6,n4144,159,1,1,6
mn-159-5-2-1,n4145,159,5,2,1
mn-159-5-2-2,n4146,159,5,2,2
mn-159-5-2-3,n4147,159,5,2,3
mn-159-5-2-4,n4148,159,5,2,4
mn-159-5-2-5,n4149,159,5,2,5
mn-159-5-2-6,n4150,159,5,2,6
mn-159-5-2-7,n4151,159,5,2,7
mn-159-5-2-8,n4152,159,5,2,8
mn-159-5-2-9,n4153,159,5,2,9
mn-160-1-1-1,n4154,160,1,1,1
mn-160-1-1-2,n4155,160,1,1,2
mn-160-1-1-3,n4156,160,1,1,3
mn-160-1-1-4,n4157,160,1,1,4
mn-160-1-1-5,n4158,160,1,1,5
mn-160-1-1-6,n4159,160,1,1,6
mn-160-1-1-7,n4160,160,1,1,7
mn-160-1-1-8,n4161,160,1,1,8
mn-160-1-1-9,n4162,160,1,1,9
mn-160-1-1-10,n4163,160,1,1,10
mn-160-1-1-11,n4164,160,1,1,11
mn-160-1-1-12,n4165,160,1,1,12
mn-160-1-1-13,n4166,160,1,1,13
mn-160-1-1-14,n4167,160,1,1,14
mn-160-1-1-15,n4168,160,1,1,15
mn-160-1-1-16,n4169,160,1,1,16
mn-160-1-1-17,n4170,160,1,1,17
mn-160-1-1-18,n4171,160,1,1,18
mn-160-1-1-19,n4172,160,1,1,19
mn-160-1-1-20,n4173,160,1,1,20
mn-160-5-2-1,n4174,160,5,2,1
mn-160-5-2-2,n4175,160,5,2,2
mn-160-5-2-3,n4176,160,5,2,3
mn-160-5-2-4,n4177,160,5,2,4
mn-160-5-2-5,n4178,160,5,2,5
mn-160-5-2-6,n4179,160,5,2,6
mn-160-5-2-7,n4180,160,5,2,7
mn-160-5-2-8,n4181,160,5,2,8
mn-160-5-2-9,n4182,160,5,2,9
mn-161-1-1-1,r17,161,1,1,1
mn-161-1-2-1,n4183,161,1,2,1
mn-161-1-2-2,n4184,161,1,2,2
mn-161-1-2-3,n4185,161,1,2,3
mn-161-1-2-4,n4186,161,1,2,4
mn-161-1-2-5,n4187,161,1,2,5
mn-161-1-2-6,n4188,161,1,2,6
mn-161-1-2-7,n4189,161,1,2,7
mn-161-1-1-2,n4190,161,1,1,2
mn-161-1-2-8,n4191,161,1,2,8
mn-161-1-2-9,n4192,161,1,2,9
mn-161-1-1-3,n4193,161,1,1,3
mn-161-1-1-4,n4194,161,1,1,4
mn-161-1-1-5,n4195,161,1,1,5
mn-161-1-1-6,n4196,161,1,1,6
mn-161-1-1-7,n4197,161,1,1,7
mn-161-5-2-1,n4198,161,5,2,1
mn-161-5-2-2,n4199,161,5,2,2
mn-161-5-2-3,n4200,161,5,2,3
mn-161-5-2-4,n4201,161,5,2,4
mn-161-5-2-5,n4202,161,5,2,5
mn-161-5-2-6,n4203,161,5,2,6
mn-161-5-2-7,n4204,161,5,2,7
mn-161-5-2-8,n4205,161,5,2,8
mn-162-1-1-1,n4206,162,1,1,1
mn-162-1-1-2,n4207,162,1,1,2
mn-162-1-1-3,n4208,162,1,1,3
mn-162-1-1-4,n4209,162,1,1,4
mn-162-1-1-5,n4210,162,1,1,5
mn-162-1-1-6,n4211,162,1,1,6
mn-162-1-1-7,n4212,162,1,1,7
mn-162-1-1-8,n4213,162,1,1,8
mn-162-1-1-9,n4214,162,1,1,9
mn-162-1-1-10,n4215,162,1,1,10
mn-162-1-1-11,n4216,162,1,1,11
mn-162-1-1-12,n4217,162,1,1,12
mn-162-1-1-13,n4218,162,1,1,13
mn-162-1-1-14,n4219,162,1,1,14
mn-162-1-1-15,n4220,162,1,1,15
mn-162-1-1-16,n4221,162,1,1,16
mn-162-1-1-17,n4222,162,1,1,17
mn-162-1-1-18,n4223,162,1,1,18
mn-162-1-1-19,n4224,162,1,1,19
mn-162-1-1-20,n4225,162,1,1,20
mn-162-5-2-1,n4226,162,5,2,1
mn-162-5-2-2,n4227,162,5,2,2
mn-162-5-2-3,n4228,162,5,2,3
mn-162-5-2-4,n4229,162,5,2,4
mn-162-5-2-5,n4230,162,5,2,5
mn-162-5-2-6,n4231,162,5,2,6
mn-162-5-2-7,n4232,162,5,2,7
mn-162-5-2-8,n4233,162,5,2,8
mn-162-5-2-9,n4234,162,5,2,9
mn-163-1-1-1,r18,163,1,1,1
mn-163-1-1-2,n4235,163,1,1,2
mn-163-1-1-3,n4236,163,1,1,3
mn-163-1-1-4,n4237,163,1,1,4
mn-163-1-1-5,n4238,163,1,1,5
mn-163-1-1-6,n4239,163,1,1,6
mn-163-1-1-7,n4240,163,1,1,7
mn-163-1-1-8,n4241,163,1,1,8
mn-163-1-1-9,n4242,163,1,1,9
mn-163-1-1-10,n4243,163,1,1,10
mn-163-1-1-11,n4244,163,1,1,11
mn-163-1-1-12,n4245,163,1,1,12
mn-163-1-1-13,n4246,163,1,1,13
mn-163-1-1-14,n4247,163,1,1,14
mn-163-1-1-15,n4248,163,1,1,15
mn-163-2-1-1,n4249,163,2,1,1
mn-163-2-1-2,n4250,163,2,1,2
mn-163-2-1-3,n4251,163,2,1,3
mn-163-2-1-4,n4252,163,2,1,4
mn-163-2-1-5,n4253,163,2,1,5
mn-163-3-1-1,n4254,163,3,1,1
mn-163-3-1-2,n4255,163,3,1,2
mn-163-3-1-3,n4256,163,3,1,3
mn-163-3-1-4,n4257,163,3,1,4
mn-163-3-1-5,n4258,163,3,1,5
mn-163-4-1-1,n4259,163,4,1,1
mn-163-4-1-2,n4260,163,4,1,2
mn-163-4-1-3,n4261,163,4,1,3
mn-163-4-1-4,n4262,163,4,1,4
mn-163-4-1-5,n4263,163,4,1,5
mn-163-5-2-1,n4264,163,5,2,1
mn-163-5-2-2,n4265,163,5,2,2
mn-163-5-2-3,n4266,163,5,2,3
mn-163-5-2-4,n4267,163,5,2,4
mn-163-5-2-5,n4268,163,5,2,5
mn-163-5-2-6,n4269,163,5,2,6
mn-163-5-2-7,n4270,163,5,2,7
mn-163-5-2-8,n4271,163,5,2,8
mn-163-5-2-9,n4272,163,5,2,9
mn-163-5-2-10,n4273,163,5,2,10
mn-163-5-2-11,n4274,163,5,2,11
mn-163-5-2-12,n4275,163,5,2,12
mn-163-5-2-13,n4276,163,5,2,13
mn-163-5-2-14,n4277,163,5,2,14
mn-163-6-2-1,n4278,163,6,2,1
mn-163-6-2-2,n4279,163,6,2,2
mn-163-6-2-3,n4280,163,6,2,3
mn-163-6-2-4,n4281,163,6,2,4
mn-163-7-2-1,n4282,163,7,2,1
mn-163-7-2-2,n4283,163,7,2,2
mn-163-7-2-3,n4284,163,7,2,3
mn-163-7-2-4,n4285,163,7,2,4
mn-163-8-2-1,n4286,163,8,2,1
mn-163-8-2-2,n4287,163,8,2,2
mn-163-8-2-3,n4288,163,8,2,3
mn-163-8-2-4,n4289,163,8,2,4
mn-164-1-1-1,n4290,164,1,1,1
mn-164-1-1-2,n4291,164,1,1,2
mn-164-1-1-3,n4292,164,1,1,3
mn-164-1-1-4,n4293,164,1,1,4
mn-164-1-1-5,n4294,164,1,1,5
mn-164-1-1-6,n4295,164,1,1,6
mn-164-1-1-7,n4296,164,1,1,7
mn-164-1-1-8,n4297,164,1,1,8
mn-164-2-1-1,n4298,164,2,1,1
mn-164-2-1-2,n4299,164,2,1,2
mn-164-2-1-3,n4300,164,2,1,3
mn-164-3-1-1,n4301,164,3,1,1
mn-164-3-1-2,n4302,164,3,1,2
mn-164-3-1-3,n4303,164,3,1,3
mn-164-4-1-1,n4304,164,4,1,1
mn-164-4-1-2,n4305,164,4,1,2
mn-164-4-1-3,n4306,164,4,1,3
mn-164-5-2-1,n4307,164,5,2,1
mn-164-5-2-2,n4308,164,5,2,2
mn-164-5-2-3,n4309,164,5,2,3
mn-164-5-2-4,n4310,164,5,2,4
mn-164-5-2-5,n4311,164,5,2,5
mn-164-5-2-6,n4312,164,5,2,6
mn-164-6-2-1,n4313,164,6,2,1
mn-164-7-2-1,n4314,164,7,2,1
mn-164-8-2-1,n4315,164,8,2,1
mn-165-1-1-1,r19,165,1,1,1
mn-165-1-1-2,n4316,165,1,1,2
mn-165-1-1-3,n4317,165,1,1,3
mn-165-1-1-4,n4318,165,1,1,4
mn-165-1-1-5,n4319,165,1,1,5
mn-165-1-1-6,n4320,165,1,1,6
mn-165-1-1-7,n4321,165,1,1,7
mn-165-1-1-8,n4322,165,1,1,8
mn-165-1-1-9,n4323,165,1,1,9
mn-165-1-1-10,n4324,165,1,1,10
mn-165-1-1-11,n4325,165,1,1,11
mn-165-1-1-12,n4326,165,1,1,12
mn-165-1-1-13,n4327,165,1,1,13
mn-165-1-1-14,n4328,165,1,1,14
mn-165-1-1-15,n4329,165,1,1,15
mn-165-2-1-1,n4330,165,2,1,1
mn-165-2-1-2,n4331,165,2,1,2
mn-165-2-1-3,n4332,165,2,1,3
mn-165-2-1-4,n4333,165,2,1,4
mn-165-2-1-5,n4334,165,2,1,5
mn-165-3-1-1,n4335,165,3,1,1
mn-165-3-1-2,n4336,165,3,1,2
mn-165-3-1-3,n4337,165,3,1,3
mn-165-3-1-4,n4338,165,3,1,4
mn-165-3-1-5,n4339,165,3,1,5
mn-165-4-1-1,n4340,165,4,1,1
mn-165-4-1-2,n4341,165,4,1,2
mn-165-4-1-3,n4342,165,4,1,3
mn-165-4-1-4,n4343,165,4,1,4
mn-165-4-1-5,n4344,165,4,1,5
mn-165-5-2-1,n4345,165,5,2,1
mn-165-5-2-2,n4346,165,5,2,2
mn-165-5-2-3,n4347,165,5,2,3
mn-165-5-2-4,n4348,165,5,2,4
mn-165-5-2-5,n4349,165,5,2,5
mn-165-5-2-6,n4350,165,5,2,6
mn-165-5-2-7,n4351,165,5,2,7
mn-165-5-2-8,n4352,165,5,2,8
mn-165-5-2-9,n4353,165,5,2,9
mn-165-5-2-10,n4354,165,5,2,10
mn-165-5-2-11,n4355,165,5,2,11
mn-165-5-2-12,n4356,165,5,2,12
mn-165-5-2-13,n4357,165,5,2,13
mn-165-5-2-14,n4358,165,5,2,14
mn-165-6-2-1,n4359,165,6,2,1
mn-165-6-2-2,n4360,165,6,2,2
mn-165-6-2-3,n4361,165,6,2,3
mn-165-6-2-4,n4362,165,6,2,4
mn-165-7-2-1,n4363,165,7,2,1
mn-165-7-2-2,n4364,165,7,2,2
mn-165-7-2-3,n4365,165,7,2,3
mn-165-7-2-4,n4366,165,7,2,4
mn-165-8-2-1,n4367,165,8,2,1
mn-165-8-2-2,n4368,165,8,2,2
mn-165-8-2-3,n4369,165,8,2,3
mn-165-8-2-4,n4370,165,8,2,4
mn-166-1-1-1,n4371,166,1,1,1
mn-166-1-1-2,n4372,166,1,1,2
mn-166-1-1-3,n4373,166,1,1,3
mn-166-1-1-4,n4374,166,1,1,4
mn-166-1-1-5,n4375,166,1,1,5
mn-166-1-1-6,n4376,166,1,1,6
mn-166-2-1-1,n4377,166,2,1,1
mn-166-2-1-2,n4378,166,2,1,2
mn-166-2-1-3,n4379,166,2,1,3
mn-166-3-1-1,n4380,166,3,1,1
mn-166-3-1-2,n4381,166,3,1,2
mn-166-3-1-3,n4382,166,3,1,3
mn-166-4-1-1,n4383,166,4,1,1
mn-166-4-1-2,n4384,166,4,1,2
mn-166-4-1-3,n4385,166,4,1,3
mn-166-5-2-1,n4386,166,5,2,1
mn-166-5-2-2,n4387,166,5,2,2
mn-166-5-2-3,n4388,166,5,2,3
mn-166-5-2-4,n4389,166,5,2,4
mn-166-5-2-5,n4390,166,5,2,5
mn-166-5-2-6,n4391,166,5,2,6
mn-166-6-2-1,n4392,166,6,2,1
mn-166-7-2-1,n4393,166,7,2,1
mn-166-8-2-1,n4394,166,8,2,1
mn-167-1-1-1,n4395,167,1,1,1
mn-167-1-1-2,n4396,167,1,1,2
mn-167-1-1-3,n4397,167,1,1,3
mn-167-1-1-4,n4398,167,1,1,4
mn-167-1-1-5,n4399,167,1,1,5
mn-167-1-1-6,n4400,167,1,1,6
mn-167-1-1-7,n4401,167,1,1,7
mn-167-1-1-8,n4402,167,1,1,8
mn-167-1-1-9,n4403,167,1,1,9
mn-167-1-1-10,n4404,167,1,1,10
mn-167-1-1-11,n4405,167,1,1,11
mn-167-1-1-12,n4406,167,1,1,12
mn-167-1-1-13,n4407,167,1,1,13
mn-167-1-1-14,n4408,167,1,1,14
mn-167-1-1-15,n4409,167,1,1,15
mn-167-1-1-16,n4410,167,1,1,16
mn-167-5-2-1,n4411,167,5,2,1
mn-167-5-2-2,n4412,167,5,2,2
mn-167-5-2-3,n4413,167,5,2,3
mn-167-5-2-4,n4414,167,5,2,4
mn-168-1-1-1,n4415,168,1,1,1
mn-168-1-1-2,n4416,168,1,1,2
mn-168-1-1-3,n4417,168,1,1,3
mn-168-1-1-4,n4418,168,1,1,4
mn-168-1-1-5,n4419,168,1,1,5
mn-168-1-1-6,n4420,168,1,1,6
mn-168-1-1-7,n4421,168,1,1,7
mn-168-1-1-8,n4422,168,1,1,8
mn-168-1-1-9,n4423,168,1,1,9
mn-168-1-1-10,n4424,168,1,1,10
mn-168-1-1-11,n4425,168,1,1,11
mn-168-1-1-12,n4426,168,1,1,12
mn-168-1-1-13,n4427,168,1,1,13
mn-168-1-1-14,n4428,168,1,1,14
mn-168-1-1-15,n4429,168,1,1,15
mn-168-1-1-16,n4430,168,1,1,16
mn-168-5-2-1,n4431,168,5,2,1
mn-168-5-2-2,n4432,168,5,2,2
mn-168-5-2-3,n4433,168,5,2,3
mn-168-5-2-4,n4434,168,5,2,4
mn-168-5-2-5,n4435,168,5,2,5
mn-168-5-2-6,n4436,168,5,2,6
mn-169-1-1-1,n4437,169,1,1,1
mn-169-1-1-2,n4438,169,1,1,2
mn-169-1-1-3,n4439,169,1,1,3
mn-169-1-1-4,n4440,169,1,1,4
mn-169-1-1-5,n4441,169,1,1,5
mn-169-1-1-6,n4442,169,1,1,6
mn-169-1-1-7,n4443,169,1,1,7
mn-169-1-1-8,n4444,169,1,1,8
mn-169-1-1-9,n4445,169,1,1,9
mn-169-1-1-10,n4446,169,1,1,10
mn-169-1-1-11,n4447,169,1,1,11
mn-169-1-1-12,n4448,169,1,1,12
mn-169-1-1-13,n4449,169,1,1,13
mn-169-1-1-14,n4450,169,1,1,14
mn-169-1-1-15,n4451,169,1,1,15
mn-169-1-1-16,n4452,169,1,1,16
mn-169-5-2-1,n4453,169,5,2,1
mn-169-5-2-2,n4454,169,5,2,2
mn-169-5-2-3,n4455,169,5,2,3
mn-169-5-2-4,n4456,169,5,2,4
mn-169-5-2-5,n4457,169,5,2,5
mn-169-5-2-6,n4458,169,5,2,6
mn-170-1-1-1,n4459,170,1,1,1
mn-170-1-1-2,n4460,170,1,1,2
mn-170-1-1-3,n4461,170,1,1,3
mn-170-1-1-4,n4462,170,1,1,4
mn-170-1-1-5,n4463,170,1,1,5
mn-170-1-1-6,n4464,170,1,1,6
mn-170-1-1-7,n4465,170,1,1,7
mn-170-1-1-8,n4466,170,1,1,8
mn-170-1-1-9,n4467,170,1,1,9
mn-170-1-1-10,n4468,170,1,1,10
mn-170-1-1-11,n4469,170,1,1,11
mn-170-1-1-12,n4470,170,1,1,12
mn-170-1-1-13,n4471,170,1,1,13
mn-170-1-1-14,n4472,170,1,1,14
mn-170-1-1-15,n4473,170,1,1,15
mn-170-1-1-16,n4474,170,1,1,16
mn-170-5-2-1,n4475,170,5,2,1
mn-170-5-2-2,n4476,170,5,2,2
mn-170-5-2-3,n4477,170,5,2,3
mn-170-5-2-4,n4478,170,5,2,4
mn-170-5-2-5,n4479,170,5,2,5
mn-170-5-2-6,n4480,170,5,2,6
mn-171-1-1-1,n4481,171,1,1,1
mn-171-1-1-2,n4482,171,1,1,2
mn-171-1-1-3,n4483,171,1,1,3
mn-171-1-1-4,n4484,171,1,1,4
mn-171-1-1-5,n4485,171,1,1,5
mn-171-1-1-6,n4486,171,1,1,6
mn-171-1-1-7,n4487,171,1,1,7
mn-171-1-1-8,n4488,171,1,1,8
mn-171-1-1-9,n4489,171,1,1,9
mn-171-5-2-1,n4490,171,5,2,1
mn-171-5-2-2,n4491,171,5,2,2
mn-171-5-2-3,n4492,171,5,2,3
mn-171-5-2-4,n4493,171,5,2,4
mn-171-5-2-5,n4494,171,5,2,5
mn-171-5-2-6,n4495,171,5,2,6
mn-171-5-2-7,n4496,171,5,2,7
mn-171-5-2-8,n4497,171,5,2,8
mn-171-5-2-9,n4498,171,5,2,9
mn-171-5-2-10,n4499,171,5,2,10
mn-171-5-2-11,n4500,171,5,2,11
mn-171-5-2-12,n4501,171,5,2,12
mn-171-5-2-13,n4502,171,5,2,13
mn-171-5-2-14,n4503,171,5,2,14
mn-171-5-2-15,n4504,171,5,2,15
mn-171-5-2-16,n4505,171,5,2,16
mn-172-1-1-1,n4506,172,1,1,1
mn-172-1-1-2,n4507,172,1,1,2
mn-172-1-1-3,n4508,172,1,1,3
mn-172-1-1-4,n4509,172,1,1,4
mn-172-1-1-5,n4510,172,1,1,5
mn-172-1-1-6,n4511,172,1,1,6
mn-172-1-1-7,n4512,172,1,1,7
mn-172-1-1-8,n4513,172,1,1,8
mn-172-1-1-9,n4514,172,1,1,9
mn-172-1-1-10,n4515,172,1,1,10
mn-172-1-1-11,n4516,172,1,1,11
mn-172-1-1-12,n4517,172,1,1,12
mn-172-5-2-1,n4518,172,5,2,1
mn-172-5-2-2,n4519,172,5,2,2
mn-172-5-2-3,n4520,172,5,2,3
mn-172-5-2-4,n4521,172,5,2,4
mn-172-5-2-5,n4522,172,5,2,5
mn-172-5-2-6,n4523,172,5,2,6
mn-172-5-2-7,n4524,172,5,2,7
mn-172-5-2-8,n4525,172,5,2,8
mn-172-5-2-9,n4526,172,5,2,9
mn-172-5-2-10,n4527,172,5,2,10
mn-172-5-2-11,n4528,172,5,2,11
mn-172-5-2-12,n4529,172,5,2,12
mn-172-5-2-13,n4530,172,5,2,13
mn-172-5-2-14,n4531,172,5,2,14
mn-172-5-2-15,n4532,172,5,2,15
mn-172-5-2-16,n4533,172,5,2,16
mn-173-1-1-1,n4534,173,1,1,1
mn-173-1-1-2,n4535,173,1,1,2
mn-173-1-1-3,n4536,173,1,1,3
mn-173-1-1-4,n4537,173,1,1,4
mn-173-1-1-5,n4538,173,1,1,5
mn-173-1-1-6,n4539,173,1,1,6
mn-173-1-1-7,n4540,173,1,1,7
mn-173-1-1-8,n4541,173,1,1,8
mn-173-1-1-9,n4542,173,1,1,9
mn-173-1-1-10,n4543,173,1,1,10
mn-173-1-1-11,n4544,173,1,1,11
mn-173-1-1-12,n4545,173,1,1,12
mn-173-5-2-1,n4546,173,5,2,1
mn-173-5-2-2,n4547,173,5,2,2
mn-173-5-2-3,n4548,173,5,2,3
mn-173-5-2-4,n4549,173,5,2,4
mn-173-5-2-5,n4550,173,5,2,5
mn-173-5-2-6,n4551,173,5,2,6
mn-173-5-2-7,n4552,173,5,2,7
mn-173-5-2-8,n4553,173,5,2,8
mn-173-5-2-9,n4554,173,5,2,9
mn-173-5-2-10,n4555,173,5,2,10
mn-173-5-2-11,n4556,173,5,2,11
mn-173-5-2-12,n4557,173,5,2,12
mn-173-5-2-13,n4558,173,5,2,13
mn-173-5-2-14,n4559,173,5,2,14
mn-173-5-2-15,n4560,173,5,2,15
mn-173-5-2-16,n4561,173,5,2,16
mn-174-1-1-1,n4562,174,1,1,1
mn-174-1-1-2,n4563,174,1,1,2
mn-174-1-1-3,n4564,174,1,1,3
mn-174-1-1-4,n4565,174,1,1,4
mn-174-1-1-5,n4566,174,1,1,5
mn-174-1-1-6,n4567,174,1,1,6
mn-174-1-1-7,n4568,174,1,1,7
mn-174-1-1-8,n4569,174,1,1,8
mn-174-1-1-9,n4570,174,1,1,9
mn-174-1-1-10,n4571,174,1,1,10
mn-174-1-1-11,n4572,174,1,1,11
mn-174-1-1-12,n4573,174,1,1,12
mn-174-5-2-1,n4574,174,5,2,1
mn-174-5-2-2,n4575,174,5,2,2
mn-174-5-2-3,n4576,174,5,2,3
mn-174-5-2-4,n4577,174,5,2,4
mn-174-5-2-5,n4578,174,5,2,5
mn-174-5-2-6,n4579,174,5,2,6
mn-174-5-2-7,n4580,174,5,2,7
mn-174-5-2-8,n4581,174,5,2,8
mn-174-5-2-9,n4582,174,5,2,9
mn-174-5-2-10,n4583,174,5,2,10
mn-174-5-2-11,n4584,174,5,2,11
mn-174-5-2-12,n4585,174,5,2,12
mn-174-5-2-13,n4586,174,5,2,13
mn-174-5-2-14,n4587,174,5,2,14
mn-174-5-2-15,n4588,174,5,2,15
mn-174-5-2-16,n4589,174,5,2,16
mn-175-1-1-1,n4590,175,1,1,1
mn-175-1-1-2,n4591,175,1,1,2
mn-175-1-1-3,n4592,175,1,1,3
mn-175-1-1-4,n4593,175,1,1,4
mn-175-1-1-5,n4594,175,1,1,5
mn-175-1-1-6,n4595,175,1,1,6
mn-175-1-1-7,n4596,175,1,1,7
mn-175-1-1-8,n4597,175,1,1,8
mn-175-1-1-9,n4598,175,1,1,9
mn-175-1-1-10,n4599,175,1,1,10
mn-175-1-1-11,n4600,175,1,1,11
mn-175-1-1-12,n4601,175,1,1,12
mn-175-1-1-13,n4602,175,1,1,13
mn-175-1-1-14,n4603,175,1,1,14
mn-175-1-1-15,n4604,175,1,1,15
mn-175-1-1-16,n4605,175,1,1,16
mn-175-5-2-1,n4606,175,5,2,1
mn-175-5-2-2,n4607,175,5,2,2
mn-175-5-2-3,n4608,175,5,2,3
mn-175-5-2-4,n4609,175,5,2,4
mn-175-5-2-5,n4610,175,5,2,5
mn-175-5-2-6,n4611,175,5,2,6
mn-175-5-2-7,n4612,175,5,2,7
mn-175-5-2-8,n4613,175,5,2,8
mn-175-5-2-9,n4614,175,5,2,9
mn-175-5-2-10,n4615,175,5,2,10
mn-175-5-2-11,n4616,175,5,2,11
mn-175-5-2-12,n4617,175,5,2,12
mn-175-5-2-13,n4618,175,5,2,13
mn-175-5-2-14,n4619,175,5,2,14
mn-175-5-2-15,n4620,175,5,2,15
mn-175-5-2-16,n4621,175,5,2,16
mn-176-1-1-1,n4622,176,1,1,1
mn-176-1-1-2,n4623,176,1,1,2
mn-176-1-1-3,n4624,176,1,1,3
mn-176-1-1-4,n4625,176,1,1,4
mn-176-1-1-5,n4626,176,1,1,5
mn-176-1-1-6,n4627,176,1,1,6
mn-176-1-1-7,n4628,176,1,1,7
mn-176-1-1-8,n4629,176,1,1,8
mn-176-1-1-9,n4630,176,1,1,9
mn-176-1-1-10,n4631,176,1,1,10
mn-176-1-1-11,n4632,176,1,1,11
mn-176-1-1-12,n4633,176,1,1,12
mn-176-1-1-13,n4634,176,1,1,13
mn-176-1-1-14,n4635,176,1,1,14
mn-176-1-1-15,n4636,176,1,1,15
mn-176-1-1-16,n4637,176,1,1,16
mn-176-5-2-1,n4638,176,5,2,1
mn-176-5-2-2,n4639,176,5,2,2
mn-176-5-2-3,n4640,176,5,2,3
mn-176-5-2-4,n4641,176,5,2,4
mn-176-5-2-5,n4642,176,5,2,5
mn-176-5-2-6,n4643,176,5,2,6
mn-176-5-2-7,n4644,176,5,2,7
mn-176-5-2-8,n4645,176,5,2,8
mn-176-5-2-9,n4646,176,5,2,9
mn-176-5-2-10,n4647,176,5,2,10
mn-176-5-2-11,n4648,176,5,2,11
mn-176-5-2-12,n4649,176,5,2,12
mn-176-5-2-13,n4650,176,5,2,13
mn-176-5-2-14,n4651,176,5,2,14
mn-176-5-2-15,n4652,176,5,2,15
mn-176-5-2-16,n4653,176,5,2,16
mn-177-1-1-1,n4654,177,1,1,1
mn-177-1-1-2,n4655,177,1,1,2
mn-177-1-1-3,n4656,177,1,1,3
mn-177-1-1-4,n4657,177,1,1,4
mn-177-1-1-5,n4658,177,1,1,5
mn-177-1-1-6,n4659,177,1,1,6
mn-177-1-1-7,n4660,177,1,1,7
mn-177-1-1-8,n4661,177,1,1,8
mn-177-1-1-9,n4662,177,1,1,9
mn-177-1-2-1,n4663,177,1,2,1
mn-177-1-2-2,n4664,177,1,2,2
mn-177-1-2-3,n4665,177,1,2,3
mn-177-5-2-1,n4666,177,5,2,1
mn-177-5-2-2,n4667,177,5,2,2
mn-177-5-2-3,n4668,177,5,2,3
mn-178-1-2-1,n4669,178,1,2,1
mn-178-1-2-2,n4670,178,1,2,2
mn-178-1-2-3,n4671,178,1,2,3
mn-178-1-2-4,n4672,178,1,2,4
mn-178-1-2-5,n4673,178,1,2,5
mn-178-1-2-6,n4674,178,1,2,6
mn-178-1-2-7,n4675,178,1,2,7
mn-178-1-2-8,n4676,178,1,2,8
mn-178-1-1-1,n4677,178,1,1,1
mn-178-1-1-2,n4678,178,1,1,2
mn-178-1-1-3,n4679,178,1,1,3
mn-178-1-1-4,n4680,178,1,1,4
mn-178-1-1-5,n4681,178,1,1,5
mn-178-1-1-6,n4682,178,1,1,6
mn-178-1-1-7,n4683,178,1,1,7
mn-178-1-1-8,n4684,178,1,1,8
mn-178-5-2-1,n4685,178,5,2,1
mn-178-5-2-2,n4686,178,5,2,2
mn-178-5-2-3,n4687,178,5,2,3
mn-179-1-1-1,n4688,179,1,1,1
mn-179-1-1-2,n4689,179,1,1,2
mn-179-1-1-3,n4690,179,1,1,3
mn-179-1-1-4,n4691,179,1,1,4
mn-179-1-1-5,n4692,179,1,1,5
mn-179-1-1-6,n4693,179,1,1,6
mn-179-1-1-7,n4694,179,1,1,7
mn-179-1-1-8,n4695,179,1,1,8
mn-179-1-1-9,n4696,179,1,1,9
mn-179-1-2-1,n4697,179,1,2,1
mn-179-1-2-2,n4698,179,1,2,2
mn-179-1-2-3,n4699,179,1,2,3
mn-179-5-2-1,n4700,179,5,2,1
mn-179-5-2-2,n4701,179,5,2,2
mn-179-5-2-3,n4702,179,5,2,3
mn-180-1-2-1,n4703,180,1,2,1
mn-180-1-2-2,n4704,180,1,2,2
mn-180-1-2-3,n4705,180,1,2,3
mn-180-1-2-4,n4706,180,1,2,4
mn-180-1-2-5,n4707,180,1,2,5
mn-180-1-2-6,n4708,180,1,2,6
mn-180-1-2-7,n4709,180,1,2,7
mn-180-1-2-8,n4710,180,1,2,8
mn-180-1-1-1,n4711,180,1,1,1
mn-180-1-1-2,n4712,180,1,1,2
mn-180-1-1-3,n4713,180,1,1,3
mn-180-1-1-4,n4714,180,1,1,4
mn-180-1-1-5,n4715,180,1,1,5
mn-180-1-1-6,n4716,180,1,1,6
mn-180-1-1-7,n4717,180,1,1,7
mn-180-1-1-8,n4718,180,1,1,8
mn-180-5-2-1,n4719,180,5,2,1
mn-180-5-2-2,n4720,180,5,2,2
mn-180-5-2-3,n4721,180,5,2,3
mn-181-1-1-1,n4722,181,1,1,1
mn-181-1-1-2,n4723,181,1,1,2
mn-181-1-1-3,n4724,181,1,1,3
mn-181-1-1-4,n4725,181,1,1,4
mn-181-1-1-5,n4726,181,1,1,5
mn-181-1-1-6,n4727,181,1,1,6
mn-181-1-1-7,n4728,181,1,1,7
mn-181-1-1-8,n4729,181,1,1,8
mn-181-1-1-9,n4730,181,1,1,9
mn-181-1-1-10,n4731,181,1,1,10
mn-181-1-1-11,n4732,181,1,1,11
mn-181-1-1-12,n4733,181,1,1,12
mn-181-1-1-13,n4734,181,1,1,13
mn-181-5-2-1,n4735,181,5,2,1
mn-181-5-2-2,n4736,181,5,2,2
mn-181-5-2-3,n4737,181,5,2,3
mn-182-1-1-1,n4738,182,1,1,1
mn-182-1-1-2,n4739,182,1,1,2
mn-182-1-2-1,n4740,182,1,2,1
mn-182-1-2-2,n4741,182,1,2,2
mn-182-1-2-3,n4742,182,1,2,3
mn-182-1-2-4,n4743,182,1,2,4
mn-182-1-2-5,n4744,182,1,2,5
mn-182-1-2-6,n4745,182,1,2,6
mn-182-1-2-7,n4746,182,1,2,7
mn-182-1-1-3,n4747,182,1,1,3
mn-182-1-1-4,n4748,182,1,1,4
mn-182-1-1-5,n4749,182,1,1,5
mn-182-1-1-6,n4750,182,1,1,6
mn-182-1-1-7,n4751,182,1,1,7
mn-182-1-1-8,n4752,182,1,1,8
mn-182-1-1-9,n4753,182,1,1,9
mn-182-1-1-10,n4754,182,1,1,10
mn-182-1-1-11,n4755,182,1,1,11
mn-182-1-1-12,n4756,182,1,1,12
mn-182-1-1-13,n4757,182,1,1,13
mn-182-5-2-1,n4758,182,5,2,1
mn-182-5-2-2,n4759,182,5,2,2
mn-182-5-2-3,n4760,182,5,2,3
mn-183-1-1-1,n4761,183,1,1,1
mn-183-1-1-2,n4762,183,1,1,2
mn-183-1-1-3,n4763,183,1,1,3
mn-183-1-1-4,n4764,183,1,1,4
mn-183-1-1-5,n4765,183,1,1,5
mn-183-1-1-6,n4766,183,1,1,6
mn-183-1-1-7,n4767,183,1,1,7
mn-183-1-1-8,n4768,183,1,1,8
mn-183-1-1-9,n4769,183,1,1,9
mn-183-1-1-10,n4770,183,1,1,10
mn-183-1-1-11,n4771,183,1,1,11
mn-183-1-1-12,n4772,183,1,1,12
mn-183-1-1-13,n4773,183,1,1,13
mn-183-5-2-1,n4774,183,5,2,1
mn-183-5-2-2,n4775,183,5,2,2
mn-183-5-2-3,n4776,183,5,2,3
mn-184-1-1-1,n4777,184,1,1,1
mn-184-1-1-2,n4778,184,1,1,2
mn-184-1-1-3,n4779,184,1,1,3
mn-184-1-1-4,n4780,184,1,1,4
mn-184-1-2-1,n4781,184,1,2,1
mn-184-1-2-2,n4782,184,1,2,2
mn-184-1-2-3,n4783,184,1,2,3
mn-184-1-2-4,n4784,184,1,2,4
mn-184-1-2-5,n4785,184,1,2,5
mn-184-1-2-6,n4786,184,1,2,6
mn-184-1-2-7,n4787,184,1,2,7
mn-184-1-2-8,n4788,184,1,2,8
mn-184-1-2-9,n4789,184,1,2,9
mn-184-1-2-10,n4790,184,1,2,10
mn-184-1-2-11,n4791,184,1,2,11
mn-184-1-2-12,n4792,184,1,2,12
mn-184-5-2-1,n4793,184,5,2,1
mn-184-5-2-2,n4794,184,5,2,2
mn-184-5-2-3,n4795,184,5,2,3
mn-185-1-2-1,n4796,185,1,2,1
mn-185-1-2-2,n4797,185,1,2,2
mn-185-1-2-3,n4798,185,1,2,3
mn-185-1-2-4,n4799,185,1,2,4
mn-185-1-2-5,n4800,185,1,2,5
mn-185-1-2-6,n4801,185,1,2,6
mn-185-1-2-7,n4802,185,1,2,7
mn-185-1-2-8,n4803,185,1,2,8
mn-185-1-2-9,n4804,185,1,2,9
mn-185-1-2-10,n4805,185,1,2,10
mn-185-1-2-11,n4806,185,1,2,11
mn-185-1-2-12,n4807,185,1,2,12
mn-185-1-2-13,n4808,185,1,2,13
mn-185-1-2-14,n4809,185,1,2,14
mn-185-1-2-15,n4810,185,1,2,15
mn-185-1-2-16,n4811,185,1,2,16
mn-185-5-2-1,r20,185,5,2,1
mn-186-1-1-1,n4812,186,1,1,1
mn-186-1-1-2,n4813,186,1,1,2
mn-186-1-1-3,n4814,186,1,1,3
mn-186-1-1-4,n4815,186,1,1,4
mn-186-1-1-5,n4816,186,1,1,5
mn-186-1-1-6,n4817,186,1,1,6
mn-186-1-1-7,n4818,186,1,1,7
mn-186-1-1-8,n4819,186,1,1,8
mn-186-1-1-9,n4820,186,1,1,9
mn-186-1-1-10,n4821,186,1,1,10
mn-186-1-1-11,n4822,186,1,1,11
mn-186-1-1-12,n4823,186,1,1,12
mn-186-1-1-13,n4824,186,1,1,13
mn-186-1-1-14,n4825,186,1,1,14
mn-186-1-1-15,n4826,186,1,1,15
mn-186-1-1-16,n4827,186,1,1,16
mn-186-1-1-17,n4828,186,1,1,17
mn-186-1-1-18,n4829,186,1,1,18
mn-186-1-1-19,n4830,186,1,1,19
mn-186-1-1-20,n4831,186,1,1,20
mn-186-1-1-21,n4832,186,1,1,21
mn-186-5-2-1,n4833,186,5,2,1
mn-187-1-1-1,n4834,187,1,1,1
mn-187-1-1-2,n4835,187,1,1,2
mn-187-1-1-3,n4836,187,1,1,3
mn-187-1-1-4,n4837,187,1,1,4
mn-187-1-1-5,n4838,187,1,1,5
mn-187-1-1-6,n4839,187,1,1,6
mn-187-1-1-7,n4840,187,1,1,7
mn-187-1-1-8,n4841,187,1,1,8
mn-187-1-1-9,n4842,187,1,1,9
mn-187-1-1-10,n4843,187,1,1,10
mn-187-1-1-11,n4844,187,1,1,11
mn-187-1-1-12,n4845,187,1,1,12
mn-187-1-1-13,n4846,187,1,1,13
mn-187-1-1-14,n4847,187,1,1,14
mn-187-1-1-15,n4848,187,1,1,15
mn-187-1-1-16,n4849,187,1,1,16
mn-187-1-1-17,n4850,187,1,1,17
mn-187-1-1-18,n4851,187,1,1,18
mn-187-1-1-19,n4852,187,1,1,19
mn-187-1-2-1,n4853,187,1,2,1
mn-187-1-2-2,n4854,187,1,2,2
mn-187-1-2-3,n4855,187,1,2,3
mn-187-1-2-4,n4856,187,1,2,4
mn-187-1-2-5,n4857,187,1,2,5
mn-187-1-2-6,n4858,187,1,2,6
mn-187-1-2-7,n4859,187,1,2,7
mn-187-1-2-8,n4860,187,1,2,8
mn-187-1-2-9,n4861,187,1,2,9
mn-187-1-2-10,n4862,187,1,2,10
mn-187-1-2-11,n4863,187,1,2,11
mn-187-1-2-12,n4864,187,1,2,12
mn-187-5-2-1,n4865,187,5,2,1
mn-187-5-2-2,n4866,187,5,2,2
mn-187-5-2-3,n4867,187,5,2,3
mn-187-5-2-4,n4868,187,5,2,4
mn-187-5-2-5,n4869,187,5,2,5
mn-187-5-2-6,n4870,187,5,2,6
mn-187-5-2-7,n4871,187,5,2,7
mn-187-5-2-8,n4872,187,5,2,8
mn-187-5-2-9,n4873,187,5,2,9
mn-188-1-1-1,n4874,188,1,1,1
mn-188-5-2-1,n4875,188,5,2,1
mn-188-5-2-2,n4876,188,5,2,2
mn-189-1-1-1,n4877,189,1,1,1
mn-189-5-2-1,n4878,189,5,2,1
mn-189-5-2-2,n4879,189,5,2,2
mn-190-1-2-1,n4880,190,1,2,1
mn-190-1-1-1,n4881,190,1,1,1
mn-190-1-1-2,n4882,190,1,1,2
mn-190-1-1-3,n4883,190,1,1,3
mn-190-1-1-4,n4884,190,1,1,4
mn-190-5-2-1,n4885,190,5,2,1
mn-190-5-2-2,n4886,190,5,2,2
mn-190-5-2-3,n4887,190,5,2,3
mn-190-5-2-4,n4888,190,5,2,4
mn-190-5-2-5,n4889,190,5,2,5
mn-190-5-2-6,n4890,190,5,2,6
mn-190-5-2-7,n4891,190,5,2,7
mn-190-5-2-8,n4892,190,5,2,8
mn-190-5-2-9,n4893,190,5,2,9
mn-190-5-2-10,n4894,190,5,2,10
mn-190-5-2-11,n4895,190,5,2,11
mn-190-5-2-12,n4896,190,5,2,12
mn-190-5-2-13,n4897,190,5,2,13
mn-190-5-2-14,n4898,190,5,2,14
mn-190-5-2-15,n4899,190,5,2,15
mn-190-5-2-16,n4900,190,5,2,16
mn-191-1-1-1,n4901,191,1,1,1
mn-191-1-1-2,n4902,191,1,1,2
mn-191-1-1-3,n4903,191,1,1,3
mn-191-1-1-4,n4904,191,1,1,4
mn-191-1-1-5,n4905,191,1,1,5
mn-191-1-1-6,n4906,191,1,1,6
mn-191-1-1-7,n4907,191,1,1,7
mn-191-1-1-8,n4908,191,1,1,8
mn-191-1-1-9,n4909,191,1,1,9
mn-191-1-1-10,n4910,191,1,1,10
mn-191-5-2-1,n4911,191,5,2,1
mn-191-5-2-2,n4912,191,5,2,2
mn-191-5-2-3,n4913,191,5,2,3
mn-191-5-2-4,n4914,191,5,2,4
mn-191-5-2-5,n4915,191,5,2,5
mn-191-5-2-6,n4916,191,5,2,6
mn-191-5-2-7,n4917,191,5,2,7
mn-191-5-2-8,n4918,191,5,2,8
mn-191-5-2-9,n4919,191,5,2,9
mn-191-5-2-10,n4920,191,5,2,10
mn-191-5-2-11,n4921,191,5,2,11
mn-191-5-2-12,n4922,191,5,2,12
mn-191-5-2-13,n4923,191,5,2,13
mn-191-5-2-14,n4924,191,5,2,14
mn-191-5-2-15,n4925,191,5,2,15
mn-191-5-2-16,n4926,191,5,2,16
mn-192-1-1-1,n4927,192,1,1,1
mn-192-1-1-2,n4928,192,1,1,2
mn-192-1-1-3,n4929,192,1,1,3
mn-192-1-1-4,n4930,192,1,1,4
mn-192-1-1-5,n4931,192,1,1,5
mn-192-5-2-1,n4932,192,5,2,1
mn-192-5-2-2,n4933,192,5,2,2
mn-192-5-2-3,n4934,192,5,2,3
mn-192-5-2-4,n4935,192,5,2,4
mn-192-5-2-5,n4936,192,5,2,5
mn-192-5-2-6,n4937,192,5,2,6
mn-192-5-2-7,n4938,192,5,2,7
mn-192-5-2-8,n4939,192,5,2,8
mn-192-5-2-9,n4940,192,5,2,9
mn-192-5-2-10,n4941,192,5,2,10
mn-192-5-2-11,n4942,192,5,2,11
mn-192-5-2-12,n4943,192,5,2,12
mn-192-5-2-13,n4944,192,5,2,13
mn-192-5-2-14,n4945,192,5,2,14
mn-192-5-2-15,n4946,192,5,2,15
mn-192-5-2-16,n4947,192,5,2,16
mn-193-1-1-1,n4948,193,1,1,1
mn-193-1-1-2,n4949,193,1,1,2
mn-193-1-1-3,n4950,193,1,1,3
mn-193-1-1-4,n4951,193,1,1,4
mn-193-1-1-5,n4952,193,1,1,5
mn-193-1-1-6,n4953,193,1,1,6
mn-193-1-1-7,n4954,193,1,1,7
mn-193-1-1-8,n4955,193,1,1,8
mn-193-1-1-9,n4956,193,1,1,9
mn-193-1-1-10,n4957,193,1,1,10
mn-193-5-2-1,n4958,193,5,2,1
mn-193-5-2-2,n4959,193,5,2,2
mn-193-5-2-3,n4960,193,5,2,3
mn-193-5-2-4,n4961,193,5,2,4
mn-193-5-2-5,n4962,193,5,2,5
mn-193-5-2-6,n4963,193,5,2,6
mn-193-5-2-7,n4964,193,5,2,7
mn-193-5-2-8,n4965,193,5,2,8
mn-193-5-2-9,n4966,193,5,2,9
mn-193-5-2-10,n4967,193,5,2,10
mn-193-5-2-11,n4968,193,5,2,11
mn-193-5-2-12,n4969,193,5,2,12
mn-193-5-2-13,n4970,193,5,2,13
mn-193-5-2-14,n4971,193,5,2,14
mn-193-5-2-15,n4972,193,5,2,15
mn-193-5-2-16,n4973,193,5,2,16
mn-194-1-1-1,n4974,194,1,1,1
mn-194-1-1-2,n4975,194,1,1,2
mn-194-1-1-3,n4976,194,1,1,3
mn-194-1-1-4,n4977,194,1,1,4
mn-194-1-1-5,n4978,194,1,1,5
mn-194-1-1-6,n4979,194,1,1,6
mn-194-5-2-1,n4980,194,5,2,1
mn-194-5-2-2,n4981,194,5,2,2
mn-194-5-2-3,n4982,194,5,2,3
mn-194-5-2-4,n4983,194,5,2,4
mn-194-5-2-5,n4984,194,5,2,5
mn-194-5-2-6,n4985,194,5,2,6
mn-194-5-2-7,n4986,194,5,2,7
mn-194-5-2-8,n4987,194,5,2,8
mn-194-5-2-9,n4988,194,5,2,9
mn-194-5-2-10,n4989,194,5,2,10
mn-194-5-2-11,n4990,194,5,2,11
mn-194-5-2-12,n4991,194,5,2,12
mn-194-5-2-13,n4992,194,5,2,13
mn-194-5-2-14,n4993,194,5,2,14
mn-194-5-2-15,n4994,194,5,2,15
mn-194-5-2-16,n4995,194,5,2,16
mn-195-1-1-1,n4996,195,1,1,1
mn-195-1-1-2,n4997,195,1,1,2
mn-195-1-1-3,n4998,195,1,1,3
mn-195-1-1-4,n4999,195,1,1,4
mn-195-1-1-5,n5000,195,1,1,5
mn-195-1-1-6,n5001,195,1,1,6
mn-195-5-2-1,n5002,195,5,2,1
mn-195-5-2-2,n5003,195,5,2,2
mn-195-5-2-3,n5004,195,5,2,3
mn-195-5-2-4,n5005,195,5,2,4
mn-195-5-2-5,n5006,195,5,2,5
mn-195-5-2-6,n5007,195,5,2,6
mn-195-5-2-7,n5008,195,5,2,7
mn-195-5-2-8,n5009,195,5,2,8
mn-195-5-2-9,n5010,195,5,2,9
mn-195-5-2-10,n5011,195,5,2,10
mn-195-5-2-11,n5012,195,5,2,11
mn-195-5-2-12,n5013,195,5,2,12
mn-195-5-2-13,n5014,195,5,2,13
mn-195-5-2-14,n5015,195,5,2,14
mn-195-5-2-15,n5016,195,5,2,15
mn-195-5-2-16,n5017,195,5,2,16
mn-196-1-1-1,n5018,196,1,1,1
mn-196-1-1-2,n5019,196,1,1,2
mn-196-1-1-3,n5020,196,1,1,3
mn-196-1-1-4,n5021,196,1,1,4
mn-196-1-1-5,n5022,196,1,1,5
mn-196-1-1-6,n5023,196,1,1,6
mn-196-1-1-7,n5024,196,1,1,7
mn-196-1-1-8,n5025,196,1,1,8
mn-196-1-1-9,n5026,196,1,1,9
mn-196-1-1-10,n5027,196,1,1,10
mn-196-1-1-11,n5028,196,1,1,11
mn-196-1-1-12,n5029,196,1,1,12
mn-196-1-1-13,n5030,196,1,1,13
mn-196-1-1-14,n5031,196,1,1,14
mn-196-1-1-15,n5032,196,1,1,15
mn-196-1-1-16,n5033,196,1,1,16
mn-196-1-1-17,n5034,196,1,1,17
mn-196-1-1-18,n5035,196,1,1,18
mn-196-5-2-1,n5036,196,5,2,1
mn-196-5-2-2,n5037,196,5,2,2
mn-196-5-2-3,n5038,196,5,2,3
mn-196-5-2-4,n5039,196,5,2,4
mn-196-5-2-5,n5040,196,5,2,5
mn-196-5-2-6,n5041,196,5,2,6
mn-196-5-2-7,n5042,196,5,2,7
mn-196-5-2-8,n5043,196,5,2,8
mn-196-5-2-9,n5044,196,5,2,9
mn-196-5-2-10,n5045,196,5,2,10
mn-196-5-2-11,n5046,196,5,2,11
mn-196-5-2-12,n5047,196,5,2,12
mn-196-5-2-13,n5048,196,5,2,13
mn-196-5-2-14,n5049,196,5,2,14
mn-196-5-2-15,n5050,196,5,2,15
mn-196-5-2-16,n5051,196,5,2,16
mn-196-5-2-17,n5052,196,5,2,17
mn-196-5-2-18,n5053,196,5,2,18
mn-197-1-1-1,n5054,197,1,1,1
mn-197-1-1-2,n5055,197,1,1,2
mn-197-1-1-3,n5056,197,1,1,3
mn-197-1-1-4,n5057,197,1,1,4
mn-197-1-1-5,n5058,197,1,1,5
mn-197-1-1-6,n5059,197,1,1,6
mn-197-1-1-7,n5060,197,1,1,7
mn-197-1-1-8,n5061,197,1,1,8
mn-197-1-1-9,n5062,197,1,1,9
mn-197-1-1-10,n5063,197,1,1,10
mn-197-1-1-11,n5064,197,1,1,11
mn-197-1-1-12,n5065,197,1,1,12
mn-197-1-1-13,n5066,197,1,1,13
mn-197-1-1-14,n5067,197,1,1,14
mn-197-1-1-15,n5068,197,1,1,15
mn-197-1-1-16,n5069,197,1,1,16
mn-197-5-2-1,n5070,197,5,2,1
mn-197-5-2-2,n5071,197,5,2,2
mn-197-5-2-3,n5072,197,5,2,3
mn-197-5-2-4,n5073,197,5,2,4
mn-197-5-2-5,n5074,197,5,2,5
mn-197-5-2-6,n5075,197,5,2,6
mn-197-5-2-7,n5076,197,5,2,7
mn-197-5-2-8,n5077,197,5,2,8
mn-197-5-2-9,n5078,197,5,2,9
mn-197-5-2-10,n5079,197,5,2,10
mn-197-5-2-11,n5080,197,5,2,11
mn-197-5-2-12,n5081,197,5,2,12
mn-197-5-2-13,n5082,197,5,2,13
mn-197-5-2-14,n5083,197,5,2,14
mn-197-5-2-15,n5084,197,5,2,15
mn-197-5-2-16,n5085,197,5,2,16
mn-198-1-1-1,n5086,198,1,1,1
mn-198-1-1-2,n5087,198,1,1,2
mn-198-1-1-3,n5088,198,1,1,3
mn-198-1-1-4,n5089,198,1,1,4
mn-198-1-1-5,n5090,198,1,1,5
mn-198-1-1-6,n5091,198,1,1,6
mn-198-1-1-7,n5092,198,1,1,7
mn-198-1-1-8,n5093,198,1,1,8
mn-198-1-2-1,n5094,198,1,2,1
mn-198-1-2-2,n5095,198,1,2,2
mn-198-1-2-3,n5096,198,1,2,3
mn-198-1-2-4,n5097,198,1,2,4
mn-198-1-2-5,n5098,198,1,2,5
mn-198-1-2-6,n5099,198,1,2,6
mn-198-1-2-7,n5100,198,1,2,7
mn-198-1-2-8,n5101,198,1,2,8
mn-198-5-2-1,n5102,198,5,2,1
mn-198-5-2-2,n5103,198,5,2,2
mn-198-5-2-3,n5104,198,5,2,3
mn-198-5-2-4,n5105,198,5,2,4
mn-198-5-2-5,n5106,198,5,2,5
mn-198-5-2-6,n5107,198,5,2,6
mn-198-5-2-7,n5108,198,5,2,7
mn-198-5-2-8,n5109,198,5,2,8
mn-198-5-2-9,n5110,198,5,2,9
mn-198-5-2-10,n5111,198,5,2,10
mn-198-5-2-11,n5112,198,5,2,11
mn-198-5-2-12,n5113,198,5,2,12
mn-198-5-2-13,n5114,198,5,2,13
mn-198-5-2-14,n5115,198,5,2,14
mn-198-5-2-15,n5116,198,5,2,15
mn-198-5-2-16,n5117,198,5,2,16
mn-199-1-2-1,n5118,199,1,2,1
mn-199-1-1-1,r21,199,1,1,1
mn-199-1-1-2,n5119,199,1,1,2
mn-199-1-1-3,n5120,199,1,1,3
mn-199-1-1-4,n5121,199,1,1,4
mn-199-1-1-5,n5122,199,1,1,5
mn-199-1-1-6,n5123,199,1,1,6
mn-199-5-2-1,n5124,199,5,2,1
mn-199-5-2-2,r22,199,5,2,2
mn-199-5-2-3,n5125,199,5,2,3
mn-199-5-2-4,n5126,199,5,2,4
mn-199-5-2-5,n5127,199,5,2,5
mn-199-5-2-6,n5128,199,5,2,6
mn-199-5-2-7,n5129,199,5,2,7
mn-200-1-1-1,n5130,200,1,1,1
mn-200-1-1-2,n5131,200,1,1,2
mn-200-1-1-3,n5132,200,1,1,3
mn-200-1-1-4,n5133,200,1,1,4
mn-200-1-1-5,n5134,200,1,1,5
mn-200-1-1-6,n5135,200,1,1,6
mn-200-5-2-1,n5136,200,5,2,1
mn-200-5-2-2,n5137,200,5,2,2
mn-200-5-2-3,n5138,200,5,2,3
mn-200-5-2-4,n5139,200,5,2,4
mn-200-5-2-5,n5140,200,5,2,5
mn-200-5-2-6,n5141,200,5,2,6
