note_id,original_id,printed_bar
n980db74eae9a3071,n1,1
nba939162274dc902,n2,1
ne3c26e5e8a0aef80,n3,1
n5243892700411aee,n4,1
n0e4dd5cbd590fe9b,n5,1
ndee3158acd7b7a94,n6,1
nad78de304c5d9b7e,n7,1
nceff750720889a2d,n8,1
n6a576eaa33ecb533,n9,1
n62e5cbab5888afa2,n10,1
na32f5481b67cf4bc,n11,1
nf172ba07e87c4bd7,n12,2
nd34e7b69d44dbd2a,n13,2
n103e6f49076b0eda,n14,2
n7e73af2982d29453,n15,2
n0a51867b3122c6bb,n16,2
n555147a687314a7b,n17,2
n6d3d5b0c23949286,n18,2
nc5b33efdd9ec4d4f,n19,2
n155b7b7bb95f0048,n20,2
nd8bccd066a5df309,n21,2
nf791bed87ed2611e,n22,2
n6cb72b3fbc62338b,n23,3
na4bc3623f055a209,n24,3
nb6f09784ded52ad5,n25,3
ne8c165ef734a3eda,n26,3
n553e3400a09f3794,n27,3
ncd93cde1b1298f09,n28,3
n8fc7f65a1d5de2ed,n29,3
n7b2c68e76a514ee5,n30,3
nea58b9cc203ffd66,n31,3
nea1a7e34bdb0aac9,n32,3
n9f1dfec89de441bb,n33,3
nd9d7076871557a58,n34,3
n37e939552e3223d8,n35,3
n6169304b30bc556c,n36,3
n418eab5bc2bf41fb,n37,3
ndf8c76992a51e3a3,n38,4
n1a8e79be1f0c5e5d,n39,4
n8b68b9a88d8ba04f,n40,4
n6b27dfc00bf1fe10,n41,4
n32e0433873c75a6e,n42,4
n38d906e327b69066,n43,5
n3ae03736ce20d851,n44,5
n2ba92561e00586d9,n45,5
n6ed7bc4867255dab,n46,5
nd4199d76e20baee7,n47,5
nf31c5ecc00e2438a,n48,5
nbd5335b81987e41b,n49,5
naba623a848328836,n50,5
n67de9a1c016e7767,n51,5
n34183a9e2930a68b,n52,5
ncbadc94f7af7b8dd,n53,5
n70eb72b3a0a3f0ea,n54,5
nd98fed1f7d378c9d,n55,5
na145d7000edd02c1,n56,5
ne946dcd28d13dd6c,n57,5
nfc92c73216939679,n58,5
ndaa0be4254661cf2,n59,5
ncdeadc33ae2e9829,n60,5
ne2dd5f7a9a33b0d9,n61,6
n469416b9c0b11d23,n62,6
n3aa0a784ae60dd39,n63,6
nfc0c3f728119d8d3,n64,6
nff6142ac2cdf1692,n65,6
n4d6ad7e132bb53da,n66,6
na560afe03a32b6e3,n67,7
n72e3589e0fecafd0,n68,7
n6188c99360e329c7,n69,7
nd31df4aa981d39eb,n70,7
n5e18261b899f9d55,n71,7
n572f62f4b457a2ac,n72,7
n177208d03b960a2f,n73,7
ndc31de83e02ee1fc,n74,7
n570e5fa2519be992,n75,7
n8d08c7d3cc21c728,n76,7
nf22152aaceccda8e,n77,7
n405fcb7d9d809a92,n78,7
n1bb84ce79f811cc2,n79,7
n8e11048e63e0753f,n80,7
n46dd0ddb133230de,n81,7
n3135a18641fbae9c,n82,7
n06736d8bb1e6813f,n83,7
nf643868fc139feaf,n84,7
nb304ba14418a0f2d,n85,7
n9da07fa64a31e0dc,n86,7
ne18cfab5e929935d,n87,8
n76ceab78134df160,n88,8
na47ad90eef8749aa,n89,8
n34f393242cd7d696,n90,8
n1bcfa82c17f33798,n91,8
n18f8645df8b428cb,n92,8
ned896709ec2a8a43,n93,8
nc769f35e8aea2cb7,n94,8
n26511f175b00b1bb,n95,8
n1414a1f79a1ee312,n96,8
n50d89578a8b22611,n97,8
n4041ec68d57d6fdf,n98,8
n281badb6934177c6,n99,8
n0c7dae1fddef86ed,n100,8
nbd22bd3530387bbe,n101,8
n36c0029ef58c2518,n102,9
n096e604b7fcd44af,n103,9
nb735a2aa1cb2f82d,n104,9
n950b7aaa100956e9,n105,9
n932952391d9000c8,n106,9
n714b35e60d284b07,n107,9
nfe5748610a518bea,n108,9
nbd9abd3b21305717,n109,9
nc535d3fab59d5a7f,n110,9
n535ae97fcb082fa6,n111,9
n0408aaccd14b4b6c,n112,10
ne393ca86fcfdbb1a,n113,10
n063f60b6b4753bd0,n114,10
nc950d2dd8506e325,n115,10
n109b1941fd68e67d,n116,10
n258ff3f98ec2120e,n117,10
n2fb794ea3e4ac311,n118,10
n924e8228ccd470db,n119,10
nd210a153be86e16e,n120,11
n925e24999666983b,n121,11
n862719b14fa4ff00,n122,11
n203ee7251268de2c,n123,11
na400ddde36ef71db,n124,11
na7b9cccb10782771,n125,11
n88f2e866e4a3ce54,n126,11
ne2a1643d4d5930e0,n127,11
nb802e0c322be8e6e,n128,11
nb8256afa23fdd88b,n129,12
n21d0685ca0aeebc9,n130,12
n2284d8aca2052275,n131,12
n553b0cbb352a85e4,n132,12
n7f0cddad596c70f0,n133,12
n063bcd8166149552,n134,12
n80c7c99425614d01,n135,12
nddbf821ce292f3b7,n136,12
n45ecdaf51c1e115b,n137,12
n706db6f99132234e,n138,12
n7cf24422ca852b99,n139,12
nef69efab10ddc126,n140,12
na3bc4b9d29425cbb,n141,12
nd7e5fe97711f213e,n142,12
n3f4b6da8b9f7a1dc,n143,12
n7452b208ae9601d3,n144,13
n2be0449906b99c5a,n145,13
n3622c44cfea23180,n146,13
nc5a42838192a376f,n147,13
ncfe866ad0fb189b3,n148,13
na42a97213fe6e031,n149,14
n97ddcd47bbde4766,n150,14
n1f9afcbb26f47e41,n151,14
ndf337d00eabea1d6,n152,14
n075df2f2dd2962f2,n153,14
nba93e24f547ad655,n154,14
n092d25a08868d8e0,n155,14
n6e9fe87a5c4f9640,n156,14
n4dce3c1a3bbf66fd,n157,14
n67d9c62006d6d4ef,n158,14
n76c4c81844c0e34f,n159,14
nbb583d1079ba6634,n160,14
na18d189ccf13e6fc,n161,15
n1fe004d2f12d78b4,n162,15
nd30f1abcf975dc6c,n163,15
n21aa35502efd0c7b,n164,16
na1f46f038a30d64a,n165,16
n5dcc7a6d1b77961f,n166,16
nb0b10360a0ae672c,n167,16
nb128b3a55e997180,n168,16
n05d8fcfefb76a509,n169,16
na3df04506aebe2c5,n170,16
n3dc639baac0ea4c5,n171,16
nff0bc060cf2b63b1,n172,16
nb80806b2482a69d3,n173,16
nfd8ff4a851bd9f9c,n174,16
n133e0d16a3d2430b,n175,16
n1b2ac8d07d8fe263,n176,16
ne21101e95e15bd30,n177,16
nd098e3e0dd373b0d,n178,16
nfad72057ea7c4558,n179,16
n23c6bc937dfe8a36,n180,16
n73a5904631fe4209,n181,16
n79eda505b3ebcd7e,n182,16
nab96349f3cf45acd,n183,16
nbab95aa501935092,n184,17
nbb4b723a6e8015bb,n185,17
ne76798b75e85cc3d,n186,17
n8f18f11b616f8c81,n187,17
nf6adc47bfd7c9fe7,n188,17
n89e74d5caf9ffb24,n189,17
ne19e72b749ba7609,n190,17
nae215b7d481929a0,n191,17
ncdd6a521c1145bfa,n192,17
nf799f611beb88121,n193,17
nab729d6037937731,n194,17
nf50fe489bf5a43f5,n195,18
n3ca6505935805e79,n196,18
n07fb8d455259dda4,n197,18
nab4b51fe7e8a5fbc,n198,18
n71ad03d61814779d,n199,18
n57716e412e7a1008,n200,18
n4408b7f4c6e7cdf0,n201,18
nd78554075286511e,n202,18
nb217eae56761ee64,n203,18
nbecbc3f2c7514e93,n204,18
n902e92b958adff70,n205,18
nfebae8cf7a428108,n206,18
nda4436868cd8eb8c,n207,18
nb6dde960325a3b0c,n208,19
n46dcc7e0ca928ef2,n209,19
n85969e03a963f381,n210,19
n7ae541607b3b271d,n211,19
n75d1619ae7ae68c5,n212,19
n5c736a4d38966680,n213,19
nb16ed09e11548b03,n214,19
n248f87cd0681d079,n215,19
na0eb434d3678aea1,n216,19
n3e676417d755ae42,n217,19
n6e832264f0547f7b,n218,19
n7bcc5316c36cec41,n219,19
nde335f86e3e625c5,n220,19
ncc05bbd84f0a032f,n221,20
naa25dc17037f180b,n222,20
n80c6280bdf09d7dd,n223,20
nfbf76ed16d29c0aa,n224,20
ndca246345df6edbc,n225,20
nb17923d67095cca8,n226,20
nd67e626469eee426,n227,20
n5e4eb0feec0fdf67,n228,20
n56a60e943cc87466,n229,20
n906dbc9bd428764f,n230,20
n34698ae8dfc5f7e4,n231,20
nc34bc79ebd506d6d,n232,20
n0ef3b9dc70bb24d4,n233,20
n8313688e5c20ef6e,n234,20
nb3b337fe473fe82d,n235,20
n3929128041224bda,n236,20
n6aa860e89e322bce,n237,20
na48170fc62d04ab9,n238,20
n69cb78fe84bc13f2,n239,20
nb67b5dd68635e16b,n240,20
n697e4521509dbd38,n241,20
n8bd6d3927a4d0d47,n242,21
nf23f34601634b147,n243,21
n8b971b7fe63bee14,n244,21
n1625e166fdc6fc48,n245,21
n59a559fae0161c08,n246,21
nba118271401f51e4,n247,21
n0d7e9d105423b121,n248,21
n6a9b4ac9e845ff72,n249,21
neba23a244e1bb394,n250,21
n490bd4c4f59545be,n251,21
nfc603500fe658998,n252,21
nfb7d1097c7f9ebc9,n253,21
nc11d6130700f1538,n254,21
naf46a3183b0c062b,r1,21
na12cf61e77a7dfed,r2,21
n17b2f5692108fc09,n255,22
n9941483952e37cc6,n256,22
ndb7cd50a04867ff3,n257,22
n3607a2125f03baf4,n258,22
n6eb00a407f8d1dc9,n259,22
ndf37920f7b6f04cb,n260,22
n590f0f833546fa5f,n261,22
n6f17d066b5719f93,n262,22
nf72e605e82423680,n263,22
n3d686f2f2b495f7d,n264,22
na12b02db3561c375,n265,22
n41875b3515ff1e8d,n266,22
n0611399981f467b6,n267,22
n1d295745f032874e,n268,22
n8be9bb904d78526c,n269,22
n33728fca8625cbaa,n270,22
nc2932d94196f9c7a,n271,22
neaa09bda9b4c3add,n272,23
n291ff694173bd5df,n273,23
naed172b112227b21,n274,23
n0cbd264e7422212e,n275,23
n7c9009911121fc31,n276,23
n9e426eecc8190f38,n277,23
n38a1adc822c7a4d3,n278,23
n8dfb24d1089a699f,n279,23
n334405ff7a947974,n280,23
na896c9862260edc2,n281,23
n80fb338c94671599,n282,23
nf491ae1f6d4b1e45,n283,23
n7848b8d307d73037,n284,23
nf14e4adc97683423,n285,23
n699eb8da25ee43b4,n286,23
nb021af673f301d37,n287,23
nbe736714a47cc67e,n288,23
n8f7ec9451abc4e21,n289,24
nf5e699e714fc3308,n290,24
n6ce2ae4c4251828a,n291,24
n61eb5ac7359ef839,n292,24
n062413ac5ebc53b6,n293,24
n52cb665d44cc4761,n294,24
nda9bf3d044550051,n295,24
n3f3fefa9ff0489d4,n296,24
ne15c1312bfbb8c7a,n297,24
n6f88922b37feebc1,n298,24
n336190c49ef1827a,n299,24
n114ef841b3b5469b,n300,24
n8bc0d0c08d113328,n301,24
n3c12c4cd11d4aadc,n302,24
n6bd67659bf8f425c,n303,24
nc3cbf24eabc4d8d1,n304,24
n567def0078c74c49,n305,24
n15951b335afe8f23,n306,24
n04013930150c6e87,n307,24
na78afc47f154d6b6,n308,24
n3633ec7f75ab4b3d,n309,24
n94ef04817c8a0185,n310,25
ncfbcb6fe975e961f,n311,25
n43cbffa0c721da2b,n312,25
n7da8f8f481d748a4,n313,25
n4a0bfea06827d7fb,n314,25
n02673a45c0ae830c,n315,25
n921de623c3c78843,n316,25
n7c5e49e452560aed,n317,25
n5542d107f11b3f39,n318,25
n7ff158ab531c0fba,n319,25
n5b07341b7c6cac73,n320,25
n105417332410faf1,n321,25
nfb922ba9cb77ae99,n322,25
n024fe991158c002f,n323,25
n325bacf413292693,n324,25
nd1849e3fe5565ba4,n325,25
n72671ad53ddbc028,n326,26
nfbff995f95a4ba4f,n327,26
nd931c86b3b086c72,n328,26
n3a623ecdb6640a20,n329,26
nc35aade464fd4894,n330,26
nc1eb59b08ae26e7d,n331,26
nf3398baa5ab045b5,n332,26
ndf8402b5b6c487c0,n333,26
n8658f4b5082797e8,n334,26
nb4cf9b0fb3a766b5,n335,26
n90289f5c70357269,n336,26
n66a82cff751804d8,n337,26
n2ba3f26f0f41698f,n338,27
n7470727c1f932001,n339,27
n76b50d10f3a78ae4,n340,27
n54907ba2c4b7cc4a,n341,27
na18f627944ea8a02,n342,27
n314b047ec7dd5c3e,n343,27
nc4859329ea9835fb,n344,27
n55950eb030f4f0d1,n345,27
ne8cc409a25e1df1f,n346,27
n0feb638e7b6e0166,n347,27
nadea57379b89236f,n348,27
nf3b156f2048fbbb3,n349,27
n72adfabeafa9bc47,n350,27
nb83c83073c4f24fc,n351,27
n26cb67096dcb0cb6,n352,27
n6685d5e9f5bde8a8,n353,27
nf014511d1b2442b4,n354,27
na03068dcd7df34d1,n355,27
n68ad936dc17e2b47,n356,28
n49512ecfa1997013,n357,28
nc5a7e63a37eb4f41,n358,28
n7fdd584acac9923b,n359,28
nb7a02b508863491f,n360,28
n0e9a01ed3248cf60,n361,28
naa29b727fd04f6e2,n362,28
n2184db944b7944ce,n363,28
n079168de03604c24,n364,28
n8c49ee8e77f7c633,n365,28
nafd438677d0d4f13,n366,28
n4125343c68790fd5,n367,28
n34f783aaed0784bc,n368,29
nac76b6e0aa69ec9a,n369,29
na14c9fb5b0511b4c,n370,29
n47e8dc352dc78872,n371,29
n9f9adeb08a44ab9b,n372,29
n9a4cc750bd96b8f0,n373,29
n01a3f5daa314b7de,n374,29
nb027b2823b0cba28,n375,29
nfc22c2695fb7e27e,n376,29
n89fb02913549e4f7,n377,29
ncf31b370c7ad2e7e,n378,29
nac9ee3fadcbd759c,n379,29
n9d0a722872a1b935,n380,30
nb18560cf583acc24,n381,30
n869eb1c2596db398,n382,30
n9ceddb5c7ff8aa50,n383,30
na17c1f5f7b308985,n384,30
n0c768fba2ad2c488,n385,30
n76142f324672f531,n386,30
n3d555bf58ca7ffdd,n387,30
na361a33cb293b7da,n388,30
ndfd7afddfaab5854,n389,30
n9f38f692d4ab4c94,n390,30
n0df9a27320fcc35e,n391,30
n4327a23f8fa349e8,n392,31
ne851973120d45a4d,n393,31
n2b6a61142e90ca06,n394,31
n48bf09c932b304d0,n395,31
n75a235837c4604bd,n396,31
nb5400f5b2869ed6e,n397,31
nb1ade696e5683b8e,n398,31
n6bd46679122a2d5e,n399,31
na6e41cef5e7f3fd0,n400,31
n4cb3cb877ea78fbe,n401,31
n5175f55eda8d065b,n402,31
na874fb2a5785c16e,n403,31
n160b188e95ea5849,n404,32
nd8dd5cee1f9ab2c2,n405,32
n0a74aec692d3915c,n406,32
n959955cd07e8e5f7,n407,32
nabf29d5663f9bfc1,n408,32
nb7a4ff9006953379,n409,32
n1e71291d2c858c69,n410,32
n4138157638bc51ad,n411,32
nadc349908f648f64,n412,32
n87af962bffdc9dcc,n413,32
n04c3768b9c622149,n414,32
nacbcf4699f0abf89,n415,32
nd1ce45b33d48ffd6,n416,33
n6016e0da4506e8f2,n417,33
n4008b2c4b14967a4,n418,33
n03026d42522bf283,n419,33
n1714a93405853d1e,n420,33
n4063d38b5a76edf6,n421,33
n44e82cd1b6989f59,n422,33
n9c93be1133c50d5d,n423,33
n24ccbac98d8b04f7,n424,33
n2f5272ba21382d6a,n425,33
n93677a3b0e947a18,n426,33
n27e21c584a6eeccb,n427,34
n8fe34dcd5f0ecb37,n428,34
n4e82c853f3a27642,n429,34
n452386a55d3af531,n430,34
n7b062c5ddc19dc07,n431,34
nf9a1508d6c792ab9,n432,34
nf7198e90e1b43da6,n433,34
n80c50738d89c289a,n434,34
n6251044850ec68b3,n435,34
n91d3acf162ce17c2,n436,34
nff4752635e280484,n437,34
n7c056bb6735b4188,n438,35
nc11b9f9446203809,n439,35
n550b7a9a9865aa18,n440,35
n32603512613b8136,n441,35
n1060d2e66c011e03,n442,35
n140d8dadf1701660,n443,35
ne69cf51841d7c793,n444,35
n40d789a5c767428e,n445,35
nf8c3b7926b7afe0e,n446,35
n872dca3c21e11d65,n447,35
n5cf76a28572aa6be,n448,35
nc68225a481129e41,n449,35
na755ea0a5f8d6ebc,n450,36
n2b51a6e1eacdc43e,n451,36
n22919cd4c56b7080,n452,36
n9935718da87f550f,n453,36
n3784e26192766846,n454,36
nec80cd77ddd06165,n455,37
nd8bc50fbe8426ac5,n456,37
nfc4fb271e913b4c6,n457,37
n7e62212631188dde,n458,37
n5c9fb6e5f4948d5c,n459,37
n7fa14e39b84a1fa9,n460,37
n177c78aade207ad5,n461,37
n5029907b7cdda85f,n462,37
n5b7542167dabd55f,n463,37
n1bfcf93dcdd0aa73,n464,37
n247a27e63af83f93,n465,37
n5ef0f7854f8d75df,n466,37
n88efbad699cb8d24,n467,38
n56233e83f22bc735,n468,38
naa70429d0f0430e8,n469,38
n39035ee9db880492,n470,38
n857b07c6367fd634,n471,38
ne115c41e734422e4,n472,39
na61b6c32c571321a,n473,39
nbdcfdf05bd1e1dc4,n474,39
n6ab731c8fe1c1eb5,n475,39
nc250292e475b54df,n476,39
na76e2917ad7930fd,n477,39
n4fb2cee57a2577aa,n478,39
n7aee967a4fb40c80,n479,39
ne4e88034a0b4408d,n480,39
n11633abd4312cbbe,n481,39
n6b7ec7f006cad297,n482,39
nbc056115b52fc8a6,n483,39
ndf26a1c7d53f3be7,n484,40
n891d08b314a6d929,n485,40
nda5a587083fb1468,n486,40
nd99bac1216f87ee7,n487,40
n9fc3812de4145424,n488,40
ndef70cd1e2711367,n489,41
nf81b45c176713379,n490,41
n84a3f342ea2c36dc,n491,41
n807a47bb48f5f85f,n492,41
nd5461c0939cb01aa,n493,41
nda739e9e708cccec,n494,41
nb79e939683b3234c,n495,41
nb97164d2441961bf,n496,41
n29cacd5ac4f22218,n497,41
naa2edc8acb3519ed,n498,41
n36c602da35e36172,n499,41
ndb2524248d777215,n500,41
n285239480de7b91e,n501,42
n1200891490cd00ec,n502,42
nee9d47b16062bbb1,n503,42
nbf45140dc99103c2,n504,42
nc79bf8e9e8fa8477,n505,42
n522c4a3354883d24,n506,43
n013d14a3d023d28a,n507,43
n70e550d1533e51b3,n508,43
n965f27363a342127,n509,43
n03dc805cad9d2b67,n510,43
nf18524c2b45eb606,n511,43
nae2cd76d476a269a,n512,43
ne39fe3fb7a86d8f9,n513,44
n3147788d10c90727,n514,44
n2e19978bba28f113,n515,44
n907becf9ad092630,n516,44
n821e1a59480da05c,n517,44
n5ba4aa3dc774f5d8,n518,44
n23c1d651fff40606,n519,44
n388d33f47dccbaba,n520,45
nfa6aca3b7e96d4fc,n521,45
n4f915e8d267a0b71,n522,45
n548bebab13e74217,n523,45
nafa6ec4bc4e32dc8,n524,45
n177ebe5e0f6a1032,n525,45
n1a2a147810191480,n526,45
nb3bad69527edb82f,n527,46
nf7c275bf3b42a819,n528,46
n95cd66e2071a0cda,n529,46
n6fb99c3022a33bda,n530,46
n9a470cc4626a54c2,n531,46
nb2358e77304a2206,n532,46
n208a06d3cbff40ac,n533,46
n914801efde9b32c1,n534,46
nabb963c6ec1a0beb,n535,46
n62ad9a0c9f106610,n536,46
nc7e19e697417ef05,n537,46
nee8af1622e07cfe9,n538,46
n9bffdd85e7bdff41,n539,46
n53006b1cac9cebc2,n540,46
n192faa060e7a2beb,n541,46
n6ee069cda5b975b3,n542,46
nef1dc04ad92a1a1d,n543,46
n74c366c8a7630e9c,n544,47
na80b29214bc0317d,n545,47
nafaeba26317fd7d4,n546,47
nd2607a540c836311,n547,47
n0b72233bbf82d9a7,n548,47
nef48d6e46008dc0f,n549,47
nea02e52566ccbf9e,n550,47
n4dacfb0d306dbdc0,n551,47
n6067a50b83513965,n552,47
necc344c6779fd9bc,n553,47
n1e7cb88b255614cc,n554,47
nd7b2e8e804c6245d,n555,47
n9600a8b4583b4717,n556,47
n2938ab99e09e42c1,n557,47
nb007f2ca24109407,n558,47
nb4b5242cb6341a56,n559,47
n856a947cf3c95332,n560,47
n763827a7a9c52547,n561,48
nebdd845a15d09ccb,n562,48
n55c2526061d1dc27,n563,48
n9b22b305a432a68b,n564,48
n476263792208e670,n565,48
n9286cd5f52aea402,n566,48
na898b0e7ddd33736,n567,48
nc285497778e2c100,n568,48
n764a35745fa41261,n569,48
nddec6bd6f2f5538e,n570,48
n14402768c73b09d0,n571,48
n7e032f31bf8b0933,n572,48
n41cd112a27477945,n573,48
n6401399eb730d764,n574,48
nc5fff469d5547334,n575,48
n7debfd77272e0528,n576,48
ncd26c3a1f192c212,n577,48
n3deaddf17c27e25d,n578,48
ne64a28ffebb68e03,n579,48
n0e3801a6a5df92bb,n580,48
n1cd85a00e1e73d38,n581,48
n32f5ba0f227562c6,n582,49
n045a1faeefc6cfe4,n583,49
n360529d88f5d7f58,n584,49
n7f8c212a92064c5b,n585,49
n64e889eb38d7c10e,n586,49
n0b408ad8f0820906,n587,49
n7be5e644dfec9f78,n588,49
n135abc63bfcb2d74,n589,49
n006c116c0cd491d9,n590,49
n3bf018bf851447ca,n591,49
n872aadcdb9535b98,n592,49
nd3cbd9528b656034,n593,49
n423df70131f8c6cc,n594,49
n8971daac01eab6c8,n595,49
na32165f7ff2ca301,n596,49
n75812398a2a58ad2,n597,49
n616a944f35866feb,n598,49
ncf21273de8c35871,n599,49
n4ca47a3ab7e86c29,n600,50
n3d9b4a781e1e5a80,n601,50
n4cb6a64ab5f00fb4,n602,50
nbec0c798e2e435a5,n603,50
nc5e88af024b4cc97,n604,50
nb1ecadeb9307c737,n605,50
n45124e32e791e060,n606,50
nf7c5322fb548dac5,n607,50
n32e863bd82b0dc6b,n608,50
nedbf0cb41d40c4f3,n609,50
na4a577a2fcc66b1f,n610,50
ncb004f90d5dde9ef,n611,50
n5f1a238e67b820cc,n612,50
n4d012b1e84325ac0,n613,50
n9936be67e0323051,n614,50
n64c860a10d3cdedb,n615,50
nd397755b2ad3f6ad,n616,50
n60d1df56d20b52c5,n617,51
na1b60cf17fed43bc,n618,51
n96c232632c7ae7e9,n619,51
ndd1cb66207d54479,n620,51
n7481e6a0b6625c91,n621,51
nebe6d70e171922c5,n622,51
n64ddab16e5f57ce0,n623,51
nf3b8c7934e4ed1dd,n624,51
ne21135a6136511e2,n625,51
n91130d37536bf532,n626,51
na0c150d294c4f167,n627,51
n1ed2275c1b5112f7,n628,51
n4f894167230075c9,n629,51
n5a3c5bf32441b3a4,n630,51
n279c1953ad473450,n631,51
nffaf90f0ea7ed445,n632,51
n3e5a6c29d8537b8a,n633,51
n61423fb1d1d80769,n634,51
n438eb9127c05d438,n635,52
na505085ddf677bc5,n636,52
n349cc1a6842ec34e,n637,52
n153537768944016c,n638,52
ne3bfb7acd06a74cb,n639,52
n41db0aa0fa1c7fa4,n640,52
ncb389915fcbe1ff1,n641,52
n9465b9b752641d9b,n642,52
n1852c5733f265ec4,n643,52
nfd2191fd3ed3e8d1,n644,52
na8a12d45d6e5e0c9,n645,52
naa8074c2d7eec48c,n646,52
n5e8f736a9505753a,n647,52
n5a7c67ed0749df87,n648,52
n111ac9faee2cdf7e,n649,52
n7bf3ccd57f8c96c9,n650,52
n6b26cca57432b53d,n651,52
n35b2b37b76a170b2,n652,52
n3226591670122c6d,n653,53
n85c45c10c992dec3,n654,53
nd3376bdc82df83f4,n655,53
n94384ea2f3f8e10d,n656,53
ncbb3a961fad2ebbf,n657,53
ne93f14bb40bf3af9,n658,53
ndd518ee7a2cc26d3,n659,53
nb16b9f071fc157ca,n660,53
n8a343200addaff20,n661,53
n1895f551639514d8,n662,53
n1c97e78920ede67c,n663,53
n096711e531b138a7,n664,53
n262d5dd865e5f1d7,n665,53
nd109e30553eb3e48,n666,53
nc13e041b046d2f14,n667,53
n8e566fd16ae7bec0,n668,53
n214024b42a2c3244,n669,53
n52120d4a710ad218,n670,53
nd037d94ddb9951b0,n671,53
n3993179724d3decf,n672,53
nc4d6c1d640cc4f97,n673,53
nc1788c633f81e015,n674,53
n916956ad06b5e3a8,n675,53
n10bbea0a5fc077f9,n676,53
n02be94303c0c6f9e,n677,53
n35ba09b7b85a9563,n678,54
n1d2accb6936c3ef6,n679,54
n9bf7b77b22068425,n680,54
ne77cf25768cfb8e3,n681,54
n15868ade39f5fdb2,n682,54
n976fd0759c3b4f50,n683,54
n787cec23a8dcec84,n684,54
n9485e2890908db50,n685,54
nc034437a88e67a20,n686,54
n53f8975fefd4b4d1,n687,54
n68c8f47fab518b3a,n688,54
n52c366d745399c03,n689,54
n59dce5dd482b37ae,n690,54
n70425588325e15d5,n691,55
n912d41221bb8de18,n692,55
n81d53ecb026551cb,n693,55
ndbff153b54c09e25,n694,55
nb1b9f3c656ae93a2,n695,55
nc0077b256ddcf39d,n696,55
ned8f2aa71593a549,n697,55
n772f9605130bbd8e,n698,55
n0ab618c8a3909a32,n699,55
n292b3fb18244fc7b,n700,55
ne82842fef91877a6,n701,55
n436e1e7951d8c01b,n702,55
n42a8866f4bed06d1,n703,55
n32ee9b3210c882df,n704,56
n8f03ba6ff8902e95,n705,56
nf60b15adb2dc33f0,n706,56
n460ee14e29eab09d,n707,56
nfb4aaa1806fb3a3d,n708,56
n2fb34b63318aabbe,n709,56
n0af18c065e0fe054,n710,56
n0a282073cd352cba,n711,56
n8418040b52f61274,n712,56
neffc90b7991511c1,n713,56
n1540d88bab87cfea,n714,56
nfe016be0bac55212,n715,56
n6e406772ce44bfc0,n716,57
nffc46166ff2bdd9c,n717,57
n045a752e5774a21f,n718,57
ncd293e3cec5ed276,n719,57
n29b3d9f4346d75e7,n720,57
n40cf12f51863e6a8,n721,57
n19964ccac7a2b04d,n722,57
nf16b98f30c6ebc5b,n723,57
n4a32e89b21d1baad,n724,57
n018d7e40759e667f,n725,57
ne190b43edf4bba46,n726,57
nbec474a16999b1cd,n727,57
nd9de8a59a539cc0c,n728,57
n839c44f078eb957a,n729,57
n21edf4ab6e1a99a1,n730,57
n9fe868cd589fc736,n731,57
n5c3242934564510a,n732,57
n4cb7653da1379e05,n733,57
n109ff0403ab46778,n734,57
n02e99acb55c70bc5,n735,58
n2f5e9beab835b7c5,n736,58
n05364985cfefbb69,n737,58
n9746bc437d81657c,n738,58
na52c2d3b614d70fa,n739,58
n284d0f9e9e442db0,n740,58
n49c8b7e6062a446e,n741,58
n95d4072ded4e4317,n742,58
n6fd8a2c8aff8a737,n743,58
n502486e80837a255,n744,58
ne92018cf914517b8,n745,58
n664da4fe3c50f6dd,n746,58
nbed03fd6f0459e50,n747,58
nd473977cf7dcb853,n748,58
nb546abc512f49860,n749,58
nfe5d705c76914669,n750,58
n47e9f9c443ae37a3,n751,58
nfa92e7bcfd554a7c,n752,58
n17db4050d081c313,n753,58
na82ecb79612941c4,n754,59
nff6b0c97d887d7bb,n755,59
n84510c6c83f7a576,n756,59
n5932d5e6173eb3d1,n757,59
n4ee74be694cdedf6,n758,59
n994395ea3109a58d,n759,59
n1802793f6b37a3c4,n760,59
n565ee15461d1409e,n761,59
nd0b6438744e3f714,n762,59
n5b9b8e7f733dfe27,n763,59
nf207fd3c4fcf9e40,n764,59
n92dee21e51bd10a7,n765,59
nda0d8446bec830da,n766,59
n19ffc293767d394e,n767,59
n009ee8721b4a9de3,n768,59
n5bb2357ba24595f2,n769,59
n779c7792d00938e2,n770,59
n719cbf668f378529,n771,59
nfc05b94630957c67,n772,59
nceaf2fb3c4ab64b9,n773,59
nb8d8aa0cc1eefe19,n774,59
n88edc91d24c68198,n775,59
n0d9160b98cf5a532,n776,59
n04838dab0bf305f8,n777,59
nccfa0f64f6c6b7d9,n778,60
ndb35d546d2ddf442,n779,60
nbb37a4ff52f1e7d9,n780,60
n5a265ed1f9b7ce80,n781,60
n45d5f1530cec5f98,n782,60
nce0d60a971da25a6,n783,60
n9ab7784b5a4a3da4,n784,60
nfd964e6ef24cc6c3,n785,60
nbcf23a9f9b51f693,n786,60
n1ee694e0c2eca7e6,n787,60
ne9fc6362ba6e1f0c,n788,60
nc79218d5f5529792,n789,60
ne68e81449a65da61,n790,60
n3d80b854471f622f,n791,60
n2603db757ebcec41,n792,60
n9fef18fce4f06051,n793,60
n2b2c6031cf026ae2,n794,60
n0f715ecfc49451e0,n795,60
n3446b4ff18d52d32,n796,60
n4ec1cea412fa6b1e,n797,61
n4c2fee064f524408,n798,61
n52180789d5ffedcd,n799,61
n4d99a612c05bc01e,n800,61
n38491107046b2681,n801,61
n1a94bfabfc07bfc5,n802,61
n9abdd8a027579e89,n803,61
n34c141a39ecf3e75,n804,61
n1f407963764de3ec,n805,61
ndb1baf73433d7cae,n806,61
n160540fa9de8bb7c,n807,61
n4d3c65846776df03,n808,61
nd30be44d2f500b97,n809,61
n90e52e6ee2b5956d,n810,61
nf305c9e491caebbf,n811,61
ne8e75f2fc4ec2b41,n812,61
n1c00c5deb690bee0,n813,61
n6346f3a0ab150c50,n814,61
n03af32913ccc7369,n815,61
n0c79f46b854dc084,n816,62
n8d9154039bc57706,n817,62
nb5ffd7d96bd33ed6,n818,62
ndb9d6248645e64bd,n819,62
n9df04dc345c75317,n820,62
ne5f114ff11345f8b,n821,62
ne534cbf9d8c594f0,n822,62
na22045f1df2d0833,n823,62
n7579066f90469a0e,n824,62
nb09f85c7c8be442c,n825,62
n9104a3fba333e472,n826,62
n530cfe9a48c676f0,n827,62
naad1baa26fc913b8,n828,62
n2a782dc2fdc4b9e9,n829,62
nf3d02714e0882075,n830,62
ncb8d21bea9c9ecaf,n831,62
n30234c8a153f0b94,n832,62
nd0fc67c45a8e1c94,n833,62
nd04a10474777d70f,n834,62
nfff9ae39bccfcac9,n835,62
n33785482118b4506,n836,62
nbbfe61dc0f422f6e,n837,62
nbeb976504a5ba96d,n838,62
na7be5d70ede6c81c,n839,62
n7a32e8882aba47e9,n840,63
n6d0f4bba033ed001,n841,63
ncc1b58e4d25d9db5,n842,63
n317cf6a25aaadcd5,n843,63
n1d5a5b31008c21b3,n844,63
n8e5e0e294c5fd05f,n845,63
n2f11aa3939b174ea,n846,63
nc183eff13040111e,n847,63
n7ed4bd3ffc2feb9c,n848,63
nb78d73752f37b266,n849,63
n9975d0705492f68c,n850,63
n89d2f1014e0e7113,n851,63
n1d86e1e39fd84987,n852,63
na3180b2938451905,n853,63
nb5682c5d11733cc9,n854,63
n6ea6de3ce43b396d,n855,63
n6843a4cafdf4c4be,n856,63
n00fe862cfb478d79,n857,63
n63ef496415069071,n858,63
n367fbdf6a80a10a3,n859,64
nbbe15cf72c777b78,n860,64
na778b38d75ab359d,n861,64
n9f62f6c7efd09c39,n862,64
n6c434786ec959443,n863,64
n186efbb94c127697,n864,64
n44c48f1278f6ab46,n865,64
n3fdd0b43fe211055,n866,64
nc07310e3e968507d,n867,64
n19079bd95ea8cef5,n868,64
nb1cfc006bd7bd7b7,n869,64
n42fd25deebc93747,n870,64
nad18dbd2ff842ee0,n871,64
n2bbf4d8aa25d6408,n872,64
n6e0d449782cc4d2e,n873,64
n8baa4df552de8fe6,n874,64
n787514a5b6b75d40,n875,65
n269835ef506bac1c,n876,65
n761cfd1c52fe4781,n877,65
n102bd6b53f830b27,n878,65
ne90fa54c0c01fa7c,n879,65
n71b00910257f73c7,n880,65
n821dee6631c3d90f,n881,65
ne37d9a2ecc05192b,n882,65
n384ab53eb6b98207,n883,65
n1f6e6a30a8b1c2ba,n884,65
nb0f8cba1716cd73e,n885,65
n86b4c3991d50b4ba,n886,65
nadac16c01aa08e27,n887,65
nfeae1a13a557c7da,n888,65
nad96da319463bbbe,n889,65
nd338e934af325d64,n890,65
n9475feb22b53f0d0,n891,65
nb5806b390c95ec25,n892,65
n67941bb5f740e164,n893,65
nd5fec2dedea74b47,n894,65
nfef3ba297aa6fce5,n895,65
nad6034e30f8afc01,n896,65
ncffeae694b8e2181,n897,65
n9656af01cbd69b6f,n898,66
n2f97d167a7bdfe5a,n899,66
ndbeff337b64f3b4b,n900,66
ne27a880063812761,n901,66
n877716f34c41ada1,n902,66
n25296abdbcd7e224,n903,66
n77a78b595893e10f,n904,66
n45881ba24d31e5e9,n905,66
nadee878262c827ef,n906,66
nc8a8275ab5dde44b,n907,66
nb9dea3d3e8fff239,n908,66
n32a8693615d8efce,n909,66
n580b828057e28fe8,n910,66
n6944b6bcc0c768ec,n911,66
n35a1ed7b89ba5481,n912,66
n26593cc4ac632be9,n913,66
n9f959a8d2931c327,n914,66
n79c2e102ee20e4a1,n915,67
ndd5694be035d3813,n916,67
ndb6db408abed2096,r3,67
n6f602fa59e0a3cbf,n917,67
n37a10a8721772652,n918,67
n34f8036fdd4a9c50,n919,67
n667c0e8cd7e35b19,n920,67
nc8f7d1024f1e359b,n921,67
n7b0c51d4d70132b9,n922,67
n9325f399ec73f61d,n923,67
n68bab5def9f89fe1,n924,67
nbd57463bf6d86697,n925,67
n90cdc4e1f40cb59f,n926,67
nddd1784e017d7b16,n927,67
n7f661a72a5bb6491,n928,67
n92c402538f9256bc,n929,67
ne0a9e2f83d3b60b3,n930,67
n276b30a742541db9,n931,67
na033f38a3faba8ed,n932,67
nbfeefb5f0d430da6,n933,67
n2246c3f70425e27d,n934,67
n0c146fd467d1d2de,n935,67
n16e57714090fb2e4,n936,67
n950cf8b66ca17de5,n937,68
n7f3e7cd4413a7bca,n938,68
n44fa54d44abf9936,n939,68
nc13badfbef1fd876,r4,68
n157c139fc58dd1bd,n940,68
n373f5da505757618,n941,68
nd3e7402ecb2097b4,n942,68
n79bc8c7dc68f3f28,n943,68
nfeb1d1b022939f1e,n944,68
n2c87f762ebff1036,n945,68
ne8fe8baf8bdbda2b,n946,68
ne812fbaecf4daf5b,n947,68
n58fc07e2c3b57449,n948,68
n7db27ccbfab7578e,n949,68
nd5581b4ae707db79,n950,68
n9e18a530bf26332b,n951,68
na57f32564ef40bd5,n952,68
nd21052aeb5e72bfc,n953,68
n97c649ae2ad20310,n954,68
n77330ad7660bf363,n955,68
na7cbd0e2d2a1fc13,n956,69
n8a27fd52d7780f0b,n957,69
n68a4cf737fb867e4,n958,69
nc2fdc19a59457616,n959,69
nffaa84c0105a871d,n960,69
n27f4c13f8378aede,n961,69
n3e9400e58b0b7980,n962,69
n187da105361c3c5a,n963,69
ne0108048b27773b8,n964,69
n9048713e0cb7786f,n965,69
nc37278d6b81f5596,n966,69
ndb07a09bf92bf0d4,n967,69
n1ca31d1f9ad63c24,n968,69
n91d514ac676a68e0,n969,69
n3dbe0bbb7053bbd5,n970,69
nfc4b24057d1dc78a,n971,69
n4c9ed2078efff19a,n972,69
n2ce5423e2e68f22f,n973,69
n3bcc2c5805de0f49,n974,69
ned077f8e5f9770b5,n975,69
n928ea43e82fc2c44,n976,69
n39764d3587c47dd2,n977,69
n8861d5102bd1f91a,n978,69
n0c2b1167c66752c2,n979,69
n626102f2b66c6503,n980,69
ne52a04e20019dd1f,n981,70
n39774849caccce5e,n982,70
n0a51590cf05d7aae,n983,70
nf9ab9b956a8978c4,n984,70
n8c06241f00321461,n985,70
nc6c4465528729fcf,n986,70
n5638c5334981edea,n987,70
n2bfdbcde0107f49d,n988,70
naeeb0b4ea917a6b0,n989,70
n3f03e975b0bd8914,n990,70
n58ef1ce342c8c9c7,n991,70
ne66908b21268d561,n992,70
na2072db3d000ad8d,n993,70
n5234ebbf5ba63412,n994,70
nc25f1b9826694a71,n995,70
n42be3db55273af27,n996,70
nebd06127289090fc,n997,70
n956ce25ebf7d4b69,n998,70
n0e3683df12c9e4dc,n999,70
n9878f57e9933679a,n1000,70
nc975701548f44143,n1001,71
nee6a0362ea4c6459,n1002,71
nc29a74cd3ee42073,n1003,71
ne39e6d18cfde164a,n1004,71
n53034a68f710a0d5,n1005,71
n7aba33ab221c17fd,n1006,71
nccbcb89f2ee8d195,n1007,71
n80551a7aa75c5514,n1008,71
n9ae2e44bfa1bccfd,n1009,71
n112e7e032ae12876,n1010,71
n7fe7536c52675b7a,n1011,71
n3a5d6615c2b104de,n1012,71
neb107d04f2922d10,n1013,71
n039c406f6d027a45,n1014,71
n383ce94cc44b7e27,n1015,71
nbe26292f73b3a788,n1016,71
n53bc1e03aab8d65e,n1017,71
n71dfa52d0941d3d8,n1018,71
nd8ed17031fda974e,n1019,71
n43468c3fa4c96819,n1020,71
ne315f716b645d79f,n1021,71
n0012d676eacfc664,n1022,71
n797bd884a341eca1,n1023,71
n362af176c272cf63,n1024,71
nd7966f1c9d2251bb,n1025,71
nb9b412e1a11170c7,n1026,72
n7e16d42cd2f0c43f,n1027,72
n54b6c3d9b03b8836,n1028,72
naccee707862a2326,n1029,72
n62aa3ff055097adb,n1030,72
n5d48677e69ecf96a,n1031,72
nf3a79f2afaf4c83c,n1032,72
ne391b0f4ece66c74,n1033,72
nff1a0a37c004136d,n1034,72
nfed366724914aa59,n1035,72
n8d14d7ef65f7df6f,n1036,72
n739d64112c3b37c9,n1037,72
n16d74da9b73a5e2e,n1038,72
n6eea3d02823c5f57,n1039,72
nab393611e8a80b50,n1040,72
n01d328e75efe7b19,n1041,72
ne1d1eaeae2fd0c81,n1042,72
n45bdede8126ded37,n1043,73
n8ea9c20c90ce5bdc,n1044,73
n035bcefc761b4d08,n1045,73
n48ef848bf3f418b2,n1046,73
n5afd204f3b412be7,n1047,73
na5f84243d62602d7,n1048,73
n43dd49f8a0f8c5d0,n1049,73
n01272836079953fc,n1050,73
n3b12614b233d5f5e,n1051,73
nda057acdd3f590a3,n1052,73
n38e26518d9b00553,n1053,73
nd4cc6b1cb0ab83a7,n1054,73
nefe612ca5ab657bd,n1055,73
n6e42d46695475a62,n1056,74
nf873e1c7c1a54e02,n1057,74
n6799a8606ae6640d,n1058,74
na1e2eaa46998b1c7,n1059,74
n8ac68f799c06a669,n1060,74
n3e95182f24a6211b,n1061,74
nb24240d92b903218,n1062,74
n316d8db32590ae8e,n1063,74
n773a7800891f52f3,n1064,74
ne7e279b1893f6844,n1065,74
nd1de758eda83e464,n1066,74
n4c578f5aaaff0664,n1067,74
nb2c8268f92bc5bc3,n1068,74
n6b207aa23a848872,n1069,75
n68c6349edbba0919,n1070,75
nb97da2478a9be0ad,n1071,75
nded9c45a2b3994fc,n1072,75
n1b981277cf9d38d9,n1073,75
ne6bb09e00551c03c,n1074,75
n32b00c7d617af778,n1075,75
n6dad390511ed6937,n1076,75
naba4e5c988223522,n1077,75
n7479b254415fbadb,n1078,75
ne65bb5dc8081b3c9,n1079,75
nf152d272bf90bcf8,n1080,75
n599876a0bdb71d82,n1081,76
n639703b5e6cf4e50,n1082,76
n4cd99142b5619e57,n1083,76
nfecaebf61a65787f,n1084,76
n3fd6f3c7919e996c,n1085,76
n1fcbff020b25d0ea,n1086,76
n7f0043474eb6a6c7,n1087,76
nd962ca2a1d49b0a9,n1088,76
n2e167fd68b44b8d0,n1089,76
n20ab67b8c081f739,n1090,76
na37fa0b2fd286fed,n1091,76
n2405a403c89e9a95,n1092,77
n23cbbbdbc5780247,n1093,77
nfaa78c11e76e76d4,n1094,77
n0c4e71428a3b47c4,n1095,77
n854f072205221065,n1096,77
n1b91596b8ff06754,n1097,77
n38b2f915d8496190,n1098,77
n9f5ae6f49f8726be,n1099,77
n9aa22210c6492958,n1100,77
n1ab3a8fc3c087ab8,n1101,78
nbce05534805c6785,n1102,78
n779a168af82200c2,n1103,78
nf1db236f48ec7d5b,n1104,78
n170b9ccfdfcf145c,n1105,78
nbed6fdbefb4c014b,n1106,78
na76d93be83e72d14,n1107,78
nef23cc01e84a8310,n1108,78
nd52d196d8d130274,n1109,78
n77f137ee8ad958d8,n1110,78
n4c0459d8ce3e0041,n1111,78
nb2f2c02384533533,n1112,78
n29d84b3d0d26819d,n1113,78
n357d149c1f32bdf8,n1114,78
n3f646db1278b7afa,n1115,78
nf842b7aadb4103b9,n1116,78
ndc5caaf3f42c5e07,n1117,78
n14f536422f495c8d,n1118,78
n1964ce84570227d1,n1119,78
n893db6c052186285,n1120,78
nbade4b6771ba1a84,n1121,78
n11a85df97d5e7df6,n1122,78
n06779b2b4823afa7,n1123,78
n2b53084dbf4ce880,n1124,78
nb78412fadf1eda61,n1125,78
n5a91b96a95a67996,n1126,78
ncaeded81755dbe58,n1127,78
na400bdf62492f56e,n1128,78
n4281de5e61dc03c6,n1129,78
nbd219a6f597244df,n1130,78
nd2491940040e8421,n1131,79
nef9ae2e5a05a1b2a,n1132,79
n52dfec64baeab973,n1133,79
n9ca1e39f08ab7edf,n1134,79
n480d147a146941f2,n1135,79
n87258f22159952ca,n1136,79
n5a65ec5ab29f4377,n1137,79
n705ed40eac47d402,n1138,79
n5953c918a73ff5ab,n1139,79
n00380b7782c8c6ca,n1140,79
na3b9e08ef355d84e,n1141,79
n08d6bbf360dacccd,n1142,79
n34fa84ac4fd9e942,n1143,79
ne194aac2d5ce8994,n1144,79
n5cd8a71ed221bfa2,n1145,79
n7f16461e84e3cd47,n1146,79
n73049f361d0bf2e8,n1147,79
n6c223ae0d2659023,n1148,79
nfeb6e41f3b8638ac,n1149,79
n15fc1d0cfecfca16,n1150,79
nd1e6a114c2e25f77,n1151,79
ndcb8f001e5234069,n1152,79
nfbf415c3870f5dd3,n1153,79
n1f48c9dd25047708,n1154,79
n4600f2dbfe7ea167,n1155,79
n049a07222a00c8b7,n1156,79
n2f2ef7a60f8f8806,n1157,79
nc0c01554a3c68ff3,n1158,79
n08d15f7e5bf266c9,n1159,79
nc9cece07319e2013,n1160,79
n833c60add39d5641,n1161,79
n5936869bc8f09e3b,n1162,80
ne324e98af3245d71,n1163,80
n0788fd88d43d581c,n1164,80
n893d20341e12b5d0,n1165,80
n7b83d3b48725e57f,n1166,80
n4501a02762964497,n1167,80
n21222df5f7505885,n1168,80
nc2df23e28e745249,n1169,80
n0e39f82050d50f66,n1170,80
n9bd518a073a8ad82,n1171,80
n6c7ef1d6b72e079d,n1172,80
n0f3a33135b129293,n1173,80
n2bf532e58a279890,n1174,80
nf6158fe21a94185d,n1175,80
nc7aea4b0ffd43101,n1176,80
ncc999a7b5638ba22,n1177,80
n774663cf4e601f32,n1178,80
nafc354b8d172c9c2,n1179,80
nb1a3b6dc9db561d8,n1180,80
nba7aba6aaa282804,n1181,80
n5979331eb426d440,n1182,80
n8398a282fae90e80,n1183,80
n08bbe1ff1a340b83,n1184,80
n5900f3c9823ecd67,n1185,80
nb71082d055433136,n1186,80
n430436016c6b0f27,n1187,80
n0b3e1652cb76dad7,n1188,80
nfd831944c31d2197,n1189,80
n16fbd019663d4c0e,n1190,80
n256ca3e898490579,n1191,80
n7dbfdc7ad8a0a9f9,n1192,80
n9bb5793b087c3165,n1193,81
n6b45dd303830591e,n1194,81
nae5c526c98e5575c,n1195,81
n612d57c7370b4b7b,n1196,81
nec8b692802475e2e,n1197,81
n00aedf134b3ec613,n1198,81
n165c02cd7af9edc2,n1199,81
ne2bca3e077fa86fe,n1200,81
ndc61fc29dcd53a8f,n1201,81
n5dd8939fc72e2ab0,n1202,81
n5b150020d3bc73b2,n1203,81
n0f31b0a08681ef9f,n1204,81
n5286d8d42765e476,n1205,81
nea546f0b4a61c402,n1206,81
n13f44acacb410f88,n1207,81
n0580a2966ab2294f,n1208,81
n7afa458983d4f519,n1209,81
n4b68bccd63ea4395,n1210,81
n48d39b4bddd1f3fa,n1211,81
n30483bb84153a5e6,n1212,81
nbc38cd2dff3eabf5,n1213,81
n32e99d0a58c89f32,n1214,81
ne5ed6ea97a659566,n1215,81
nbe2bd0a40355ef51,n1216,81
n64b798486f7dd1dd,n1217,81
n402a3eba399cbd64,n1218,81
n8ca768fdc570e00a,n1219,81
n76e51f3bdc1abad1,n1220,82
nb003b22741c7309f,n1221,82
n74f2882d7af816f0,n1222,82
nfe9d9fb37229a24b,n1223,82
n13ac0e754b032d04,n1224,82
nb807b1d89783ce82,n1225,82
n147301cd7707845f,n1226,82
n2183804b845235d2,n1227,82
na57251dfe15a4132,n1228,82
ncf03261a00f45d40,n1229,82
nef488258fc9d6c88,n1230,83
na5e9ed7e012ce7e3,n1231,83
nc5a3086e53c2401c,n1232,83
ndd39b0e8b827dae8,n1233,84
n8e30462eb1a8b0d3,n1234,84
n74039186a78632a3,n1235,84
nf0c09802c2c2f5d7,n1236,85
ncbf02ba0fc3de078,n1237,85
n0223fcb2ed26d6f6,n1238,85
nce85279a36cc590d,n1239,85
n82a3881542ad63c3,n1240,85
n4cf1af45a14a8e8e,n1241,85
nf7179f6f9aecc9e9,n1242,85
nd53be93ea73932de,n1243,85
n2434a6691dc2ad8c,n1244,85
nafc0bd20b8e702cc,n1245,85
nd2a1de1178814f44,n1246,85
nf789d4f92adaf47f,n1247,85
n82b0b59a4d698d82,n1248,85
n13d37038fa75dc82,n1249,85
nd4a2ad1c52270c6d,n1250,85
n36364c805509cc3d,n1251,85
na2fa6e0ac5b1d7ec,n1252,85
n0dbb5ddbc09ec3b2,n1253,86
n88cd72c28427bc21,n1254,86
nf77a82abc2ed540f,n1255,86
n7a2f920a4608d529,n1256,86
n17e519b65daacbc4,n1257,86
n6a017eb22136f573,n1258,86
n86054e36e716ff6e,n1259,86
nd7210c55b6dc6bc6,r5,86
n0f37a5e08a92ab82,r6,86
n1805b495f6c3dc60,n1260,86
nddd63840fbbd984d,n1261,86
n4bea25903010035a,n1262,86
n273212498effd4c1,n1263,86
nc2a8ee924eff6d86,n1264,86
n00abf95b3d62af2b,n1265,86
n9932b6b5964b5478,n1266,86
n3df28f816aa95ac0,n1267,87
nab2779e0d064c835,n1268,87
n89283ac491509a56,n1269,87
n1b97fb314d26f1fa,n1270,88
nfffd18713fd0b42b,n1271,88
nfe26b6e9216f9539,n1272,88
nfeabb07fda8f6db5,n1273,88
n1906178009e09608,n1274,88
nc8a2b82ea3e00ede,n1275,88
ndfb2e031f1fbae2e,n1276,88
n770a21535662c61c,n1277,88
nefc02cad511b784c,n1278,89
n22a9910ce68a571d,n1279,89
nc400dcb8fbe86954,n1280,89
n0d12924d2f8ed282,n1281,89
n9e98951d0b571f7f,n1282,89
n502ab065cc26d9e9,n1283,89
ndd364c17b119d709,n1284,89
nee2694396cfcdf80,n1285,89
n3385003dec605f84,n1286,89
nec8404a8ef9834b4,n1287,89
na674d68d88587482,n1288,89
nfa880745c0a3518a,n1289,90
n003194ca98b04ac7,n1290,90
n7649532216f13b48,n1291,90
n798273ca30d300b3,n1292,90
n12d6d7b2e33480b2,n1293,90
n7d38bb6c87728ede,n1294,90
n4d9e62de776e3dc7,n1295,90
n58ff7c0aa9bace5a,n1296,90
nfab33186fb72972f,n1297,90
nf49125f1efbee2c7,n1298,90
nea15217be9b0e368,n1299,90
n722584103e6759d6,n1300,91
n5ffe84f56a2afd38,n1301,91
n802d35bd89fba972,n1302,91
n6c5ba6f7d7f59495,n1303,91
n556a24bf0c905af4,n1304,91
nee1e22f2302e6514,n1305,91
nde9bdd841651dc77,n1306,91
n4fdc38b351c845d7,n1307,91
n5321185c8b6a4a96,n1308,91
n68eb657756d86dab,n1309,91
n6e2d2788da98085a,n1310,91
n69bfecb433d94efc,n1311,91
n65580c6fb2b0091c,n1312,91
nb5a27e8a6861efaa,n1313,91
n18f38446b6b530af,n1314,91
naa3e16cba245e65e,n1315,91
n2146ceb0664f2c8d,n1316,91
n2472eca95f6b2970,n1317,91
n785c8bc76be5c1bd,n1318,91
ne203418fd981b631,n1319,91
n50afaa3a90884165,n1320,91
n5424b714ffb740a7,n1321,92
n669fb508e164f1a8,n1322,92
nde9c167adbc0951b,n1323,92
nd2081ccf870de75e,n1324,92
ne58eddf0efa17817,n1325,92
nc9f82eafcaeb8c16,n1326,92
ne64aff19d2499b2f,n1327,92
n0b921f559e3f48d6,n1328,93
nf93694b1778c401c,n1329,93
n874e9227137e3c06,n1330,93
ned07a48c6ff59aac,n1331,93
ndb8bcdbafafa004a,n1332,93
n9ca6a9363a4e339e,n1333,93
n7801e0bc5aede463,n1334,93
ndc1b077038e07289,n1335,93
n2938d5cb8274bd27,n1336,93
n7dc9ab1eb35391fa,n1337,93
nb66697adb6ff9d5b,n1338,93
nde5ca4e31bb34674,n1339,93
nf89b114eaebe3f19,n1340,93
nc2194b143a0a0055,n1341,93
nc31173c5197a239f,n1342,93
nb7dca66bd0ea2c80,n1343,93
n5c89e901229914b1,n1344,93
n84fe4884333207ac,n1345,93
n01dda658bf8afb04,n1346,93
n09f23a69c1915b1b,n1347,93
n81fe144c4563a716,n1348,93
n04ffe72ca3bec295,n1349,94
nb6a06be702be6584,n1350,94
n6527db4117f5a890,n1351,94
n6b5a2883f9af3370,n1352,94
nf98e873fb25f1915,n1353,94
n33cec72349546d90,n1354,94
n57a0230b8f375d73,n1355,94
nf5207bc0915bcd65,n1356,95
nfb698a8ffaceb2f7,n1357,95
n7b249b184bd61ea2,n1358,95
n144f11a1a226a82a,n1359,95
nb5986c0d013fffd7,n1360,95
n2f8dabd3c12e7f6a,n1361,95
ncef058de1dd90e42,n1362,95
nbd68689c019fe81b,n1363,95
n7b542adeee3e014f,n1364,95
n477842c4b1eb98b3,n1365,95
nf4efb1ea59db380b,n1366,95
n38fa95f992e5cbe0,n1367,95
n0cba3e26f7ce05e7,n1368,95
n2645ea2b73afc076,n1369,95
n35378d539a66a7ed,n1370,95
nc7174a7ca2394b1f,n1371,95
n457f80b0e8a4baaf,n1372,95
n3b71515ee3bc0f54,n1373,95
n1fe6642e4b7210ee,n1374,95
nf603290185e0ce22,n1375,95
n572e56564aaed677,n1376,95
n6c825ff4149f91de,n1377,96
n64d8031f465b44e2,n1378,96
n1183e89992f36149,n1379,96
n0979854ecf4b179c,n1380,96
n2faea5b3b4771b5f,n1381,96
nb940ee987309f2ae,n1382,96
n76c22650993912b0,n1383,96
n7122e5d280e875f1,n1384,96
n27f732a3c84d20a3,n1385,96
n719a185df4f29e27,n1386,96
n5a5263980765e0fb,n1387,96
n6c1167c95538aacf,n1388,96
n29be8500bc9e7ddb,n1389,97
n54b0e66c55314635,n1390,97
n03aee7b7b5fc7c67,n1391,97
n86f5844888bc54c2,n1392,97
n8da29c1837454a6e,n1393,97
na0a9b566215b25b7,n1394,97
n51966eefac617166,n1395,97
n28b852cac23c5baf,n1396,97
ne267ca822380a272,r7,98
n684fde419b0c1e97,n1397,98
na4454ab2431c3669,n1398,98
nc123ed5e1f3ae543,n1399,98
n4266c4a62830eafe,n1400,98
n889d1e5b8db4228b,n1401,98
n5645600d0b4f4d14,r8,98
n0dc49bcf630a880c,r9,98
ne4ebfa82eb20bb50,r10,99
n3d28136925db6e09,r11,99
n842c2810305c8c2e,n1402,99
n8fe865eefcd3e5cc,n1403,99
n5cb8e58e147b03f9,n1404,99
n20272faa093affa1,n1405,99
nc0360c027620c53c,n1406,99
n3eccabc2d5497033,n1407,99
n22e136bb1177178e,r12,99
n3dc6c85badc29f72,n1408,100
n309ad8d7208ad804,n1409,100
n0903a4af7d02267c,n1410,100
nf5e7ed8ac26b907c,n1411,100
nd8f12f93cae2a276,n1412,100
nbcf653368b1684d5,n1413,100
n7169bf6755e54d03,n1414,100
n5dd15b6a9942edda,n1415,101
nb7ccfa1f3c27a3bc,n1416,101
n84f9c3315f1ee244,n1417,101
n074f8519b9641ea0,n1418,101
n89d773ac61ea5ab7,n1419,101
n40ac00b19eded31c,n1420,101
n2dc88303e7de2f5a,n1421,101
n26994d6509032dc8,n1422,101
n7bac32253688182a,n1423,101
n9c540789f7afb97f,n1424,101
n9bf52dd6aa46d989,n1425,101
neb40197d67330a9b,n1426,101
ndd7c196501d5fda1,n1427,101
n41a38368be14ea03,n1428,102
n47e4c49cef15cc43,n1429,102
n156310a9a7e23c4e,n1430,102
nf5ca9248f8ace3e1,n1431,102
n60a09d380db99985,n1432,102
nac092c107cf58090,n1433,102
nbdc6c846fc42f987,n1434,102
n8e42adb21d3af765,n1435,102
n3149b4e204b69535,n1436,102
n76fd1874e4892634,n1437,102
n4ee81cbff6cc824a,n1438,102
naeb775d2b12499e2,n1439,102
n30090e62b7edfadf,n1440,102
n218586c3c617780d,n1441,103
n6a3e39a8cb666d95,n1442,103
n856dc389006e9f69,n1443,103
n3f30feff67ea823f,n1444,103
n4da8b175c94be453,n1445,103
n6b201b0670498d80,n1446,103
n5de8acd771ad74b5,n1447,103
n524796758fb309f6,n1448,103
n0bb6a6c584cda58f,n1449,103
n8ec79ec60f59f89e,n1450,103
n6c081b5f8584b069,n1451,103
n332dfd3402aee52d,n1452,103
n3f6cb09b6bfb884a,n1453,103
n26ed5334a9bb0c1b,n1454,103
nc9a64e15a2023179,n1455,103
n5814384c46319e1d,n1456,103
n45bd0052e24808b8,n1457,103
n99fef4af628cabaa,n1458,103
n8ae2a9e6c4d0893c,n1459,103
n1a16b52512335052,n1460,103
n375ae33701ed091d,n1461,103
ne7e5df220b10c8da,n1462,104
n46aa201b3da6ef65,n1463,104
n3c28a5debafe68c4,n1464,104
nd30a078282970ab3,n1465,104
nb4247e43f8df9f61,n1466,104
neb3865f8b7a0d8e9,n1467,104
n7767989ca6ece693,n1468,104
n4141d6a40561373e,n1469,104
ndf434dec96127b61,n1470,104
n83f135a51a04fde0,n1471,104
nb566c6683c39a32f,n1472,104
n57d5887bfe36ba75,n1473,104
n395e8103c26a7260,n1474,104
n370842797d52f0a2,r13,104
n38fd429548394b89,r14,104
nc1b6e0b0d346a489,n1475,105
n392a2f34f3e30abd,n1476,105
n05c9f0a3102029f1,n1477,105
n300b053e7e8d5ad9,n1478,105
n2ad4b288fa8c2468,n1479,105
ndf791c1c3624e82f,n1480,105
nff2969564a735c2b,n1481,105
n5a67a4e2f757026f,n1482,105
n27e53995184041fc,n1483,105
n27af61474dd27d36,n1484,105
naccc8ad97290b0e3,n1485,105
n6513a8587a1657f1,n1486,105
ndda8d4e34b37768b,n1487,105
nb6eb5c02d7123efb,n1488,105
n0635ba6f183a05b2,n1489,105
nb3a2d95db27b6a1a,n1490,105
n0a502fd54cb04e31,n1491,105
n1844dec46fbf458b,n1492,106
nfdbda063d0c684c8,n1493,106
ne19cd2e8b5a37c3e,n1494,106
n6882d3b4c4676414,n1495,106
nd28f04092d45c342,n1496,106
n165ab3779721610a,n1497,106
nd928a22d951f0932,n1498,106
n54dce01e79310acd,n1499,106
nb66d1627f127724b,n1500,106
n429ce49a784ba432,n1501,106
n3eb13baad6303b35,n1502,106
n82eb64853f9c8bd3,n1503,106
nc6aef80bd15a7a77,n1504,106
ne27f351438cd4e26,n1505,106
n812fc5b47d30f3c8,n1506,106
n6c8ad2a3f19a9684,n1507,106
n9ea77fd999863596,n1508,106
n8dcba014991451f1,n1509,107
n056c076e66af5934,n1510,107
n615429cd6d833ca3,n1511,107
n286da32e9e62cea2,n1512,107
nd26e4f835486b59f,n1513,107
n2ad08650b0bb04c9,n1514,107
nf92b763a358fdd76,n1515,107
n2fb5b109aaf0b863,n1516,107
n6c70419555b0679b,n1517,107
nb9e1dab934f8f3ff,n1518,107
ndd95842ceac2dd0d,n1519,107
n0cf9ab7e471ee112,n1520,107
nbec3aba0be4bce96,n1521,107
n9a9e42a3b18ad005,n1522,107
n424b43172166001e,n1523,107
nfb30b96109b4b5cc,n1524,107
ne852c0b5b4f0d4d0,n1525,107
n7c0fe05a05b14ad1,n1526,107
n3dc435b2093c0191,n1527,107
n90b7297ad73f298f,n1528,107
na0c0501218b14e8f,n1529,107
nb6d24a05aa67a660,n1530,108
n80d941e7de4cecc0,n1531,108
n7a197f7986726ac3,n1532,108
n41533361c3654b84,n1533,108
n8fbec79e72495fab,n1534,108
n101a1e13c402f514,n1535,108
nfc1c763507fba042,n1536,108
n9cc9014e2cca8442,n1537,108
nd1dea3becbf10096,n1538,108
n7029fd5dd28fabfe,n1539,108
n822949d5533ac425,n1540,108
ned59423e77c19bbd,n1541,108
n22ca65d6f3d0937c,n1542,108
n5de09f32adb490a8,n1543,108
ncd40552d963fa239,n1544,108
n4652871c8a522350,n1545,108
n17563765f20d4c75,n1546,108
n193da633054bb872,n1547,108
n37e09abe351b2a2c,n1548,109
n61e2afc25ca58312,n1549,109
n14d7267be91fe2e2,n1550,109
n62de0ac2102b6d40,n1551,109
n2f576dfa872acbd3,n1552,109
n3856bb4b33018a38,n1553,109
n4f6ca2b31ca77a83,n1554,109
n93b2fb733e0418a7,n1555,109
n4e2ca7456a8ee734,n1556,109
n89e7794e5932be09,n1557,109
nf478d79d897bf3ea,n1558,109
n7eb3e45c88c4945d,n1559,109
n91cd6e386ddf9cef,n1560,109
n923cc21a604d6cc7,n1561,109
na051eb8f524d48db,n1562,109
n2f63246f9586afe9,n1563,109
n3ee8c5b4484d2a85,n1564,109
nd77335e5419c81f6,n1565,109
n1d21a7822b13a705,n1566,109
ne90520bdf07617be,n1567,109
nd03b75cbbf68fa10,n1568,109
n66c947a09e61bdfe,n1569,110
n5f9d50a47c4f6aa3,n1570,110
n52234dffa7756565,n1571,110
n3251410351a64e86,n1572,110
ndcf22cf02c1ef503,n1573,110
n418206d6a5013968,n1574,110
nf33c479d416909fa,n1575,110
n0efc7981ff4e0692,n1576,110
n6ec1df54bc562d25,n1577,110
n7fc270815fc8d3b4,n1578,110
na2f405d31e6474ae,n1579,110
n4317025163197ef2,n1580,110
n05d96949d2054670,n1581,110
ne12147bbb2b0a76f,n1582,110
n0f835b6016c521e8,n1583,110
n1a93e475c93e8f46,n1584,110
n6b77853091fbc5a9,n1585,110
n66ddad32c62e3de2,n1586,110
n6a1fbfd962ea29ba,n1587,111
nf03223ba2f816886,n1588,111
n08044e673c91ceac,n1589,111
na56a2af53b14a96d,n1590,111
n87f3a7a5689dbeb4,n1591,111
ndcee16e971131805,n1592,111
n1a8ba848677b1072,n1593,111
nbcfab7c9a5b57d61,n1594,111
n9febcee3ca103d3a,n1595,111
ne5ad18f94bc73518,n1596,111
n5720be1bb95cc348,n1597,111
n3b361a0960c61ff4,n1598,111
n762dafd69321b810,n1599,111
ncf885e2429f8d11c,n1600,111
n42725e96597c5b91,n1601,111
n9c4d96261d70d896,n1602,111
nea3eb2d189cd77ee,n1603,111
n85df103e54bcb4b5,n1604,111
n11f49574dbab1d8e,n1605,111
n19f334ad383a97e0,n1606,111
ne254a4a4d763b016,n1607,111
n167f27dc8112688d,n1608,112
n1c0b7fa441e2478b,n1609,112
ndc22026c78db63ff,n1610,112
n0974b3fac71f8869,n1611,112
nf34ce6fcdd6432cd,n1612,112
ne6105b2fe8b13bf6,n1613,112
n3c62ebaa38553929,n1614,112
ne7e3663abb6f66e0,n1615,112
n7ffe20ba066dd3bd,n1616,112
n69aa0ca0a8d75f48,n1617,112
n307ee1e4b1c0d433,n1618,112
ncca4285c65ab39fe,n1619,112
n7b62fca8f3ab7c15,n1620,112
nfe8eff8c588e924f,n1621,112
ndc9a444247189c7c,n1622,112
n887bd1564f840e3d,n1623,112
nc1220b29ce607947,n1624,112
na575de26ccc55116,n1625,112
nf477ed47ed1a7b76,n1626,113
n52953bbd73d580e7,n1627,113
nad33121bb0216073,n1628,113
nf2e599c3d92b2233,n1629,113
n429107884e2bac50,n1630,113
n4b4b6fc75b0d57f9,n1631,113
nec4168853c625306,n1632,113
n2ce463973971a190,n1633,113
n9463e9895d637fde,n1634,113
n5acea259a476e2e3,n1635,113
n8988e4fe92fad667,n1636,113
n689646e4ac92e2a0,n1637,113
n46bfe11279ee7ea2,n1638,113
ne33ee59af07be8fc,n1639,113
n14a76b006c9d5fa9,n1640,113
n39078aac91017b73,n1641,113
nfc2fd56002bdb58b,n1642,113
n8aafe8618a1f158f,n1643,113
nd30cf78e422d5a6a,n1644,113
n136a5e752dc49339,n1645,113
n3c626adf59aff58c,n1646,113
nbae905c133ae601e,n1647,114
ncfee65e7bbb35930,n1648,114
n7df973eb48f265e8,n1649,114
n6fc8d5522ba157b6,n1650,114
n46096ac520d85eab,n1651,114
nfacd42cc69f1898e,n1652,114
n85ab15e46b669ce3,n1653,114
n1babf6dd92ac4b25,n1654,114
n12b5cf04023db43e,n1655,114
n7b8d5e3199145214,n1656,114
n4eeefd7f611a4f68,n1657,114
ncba6f39f89cce417,n1658,114
ne047c57546bfa24e,n1659,114
n6892f9d5829cfb11,n1660,114
n270072bf8ea38191,n1661,114
n2bd8e232d2790aa1,n1662,114
n7cf209826b3065b7,n1663,115
nd6155ab853e6f7af,n1664,115
nb1232ce11691dedf,n1665,115
n6ab117c27669ceea,n1666,115
n5655ff824e67ceca,n1667,115
nc5403964c03b0bd5,n1668,115
n414e7e990c267d27,n1669,115
n08888abe268c8be4,n1670,115
n3a01cb654cc6c5f5,n1671,115
n77e044284b052942,n1672,115
n12d2eeba24e5345d,n1673,115
nd893529568001783,n1674,115
nf559fce3622061c7,n1675,115
naa2108d38a5055e7,n1676,116
n99f8a78bf87ba97f,n1677,116
n90afcc6e1c5013a1,n1678,116
n3deb1ad05868f0e5,n1679,116
nc2a4c894ca7e3a5e,n1680,116
n63dcc5d50a8ae7fd,n1681,116
nb730be1cf91303d8,n1682,116
n73ec3a80fd20ef9f,n1683,116
n2d3a8744cc4360eb,n1684,116
nc6fbe6bb6c426178,n1685,116
ne3369deb6b28f45f,n1686,116
n4eda24a9b104f4ec,n1687,116
n2b012f196a1db13d,n1688,116
n8b8dd51c494e2e91,n1689,116
n84dace9387f9faa3,n1690,117
nb2b95aa36eb892db,n1691,117
n7282d571f754312e,n1692,117
nd12331d4fd6f9b55,n1693,117
n9049f47fa2ee5ad1,n1694,117
n55b1a97910141fb9,n1695,117
nd6b0e28be78318cc,n1696,117
n82216b4a2f08db20,n1697,117
ne30aa0bc23844be1,n1698,117
ne6cb34fa670d420c,n1699,117
n2eebd9b7b554602c,n1700,117
nd6a06e260cf1b7e1,n1701,117
nea818d0f490d3594,n1702,117
n9daf091c2f469a33,n1703,117
n9955af0866d4333e,n1704,117
nf435952bb50b9e73,n1705,117
n51107d486bd8bed2,n1706,117
n1773a037ef6638c8,n1707,117
nbd81d5a3c287105a,n1708,117
n7a4a98714b7d4c52,n1709,117
ncf15d77a9b1f6bb9,n1710,117
n4ebbe56983c0bc2e,n1711,118
n7921a65270cc4905,n1712,118
n1a5afa8315ac9521,n1713,118
ne4b4f5893b5fb897,n1714,118
n4781c69bbcde77ba,n1715,118
nc20b9261de23de56,n1716,118
ne8906e31765c8887,n1717,118
n250bd0da666819ef,n1718,118
ncebd39a7f4eb142b,n1719,118
n6e2bf8a0a431a26c,n1720,118
n770b15f84769a6bc,n1721,118
n3f14b79947d3238f,n1722,118
na354da4776412f60,n1723,118
n8246ba64f94b4604,n1724,118
n6e099bc717cb573a,n1725,118
nee39e98761e5e8c4,n1726,118
n53deef221caf1a97,n1727,118
nc9dec81136167910,n1728,118
nfb89da7cc0275367,n1729,119
n9623c55398df4c14,n1730,119
n5bb395e3eed0a6a9,n1731,119
na7f4a851f19f8659,n1732,119
n725e4500c5b51104,n1733,119
ncfe1dd622f974abb,n1734,119
na1b5ae90a29e14ce,n1735,119
n354be11c786ae113,n1736,119
n4494126a15ac607b,n1737,119
n47aaaa07dd1e789d,n1738,119
n7b88d96a2a27189f,n1739,119
ne32f0cae97a187b1,n1740,119
n6e1f3742b7c2ea2f,n1741,119
n17ab9910ee605e30,n1742,119
nef2b1d34625c3c28,n1743,119
n86236666b6fe8393,n1744,119
n26f406d5f3f026ff,n1745,119
nf99c7050b9c58a6a,n1746,119
nd28d3c6058cfdf07,n1747,119
nca5740c9a776db9c,n1748,119
n03961be26e5b9b52,n1749,119
nf5c1e532221314e5,n1750,120
ne2f765e5c16a2964,n1751,120
n34d9890a63e47650,n1752,120
n4388e28a7fc74d0a,n1753,120
nd859ab589e7f7312,n1754,120
n58a05964f0fd401a,n1755,120
n01de4bda13a7c353,n1756,120
nb4fa918c37891bea,n1757,120
n62afd21d1306a12c,n1758,120
n95e835d43714d16c,n1759,120
na32001d62cab59fb,n1760,120
n4210eb443ceb6761,n1761,120
ne6d652642936e316,n1762,120
n87e2a62fd44ebf22,n1763,120
n799e8820993014aa,n1764,120
n8b0e60f9ecd04aca,n1765,120
n9e6da475c5a45764,n1766,120
n43132ee1a4d97293,n1767,120
nb5d4afc48e7c0f7b,n1768,121
n1dadc6bd4e0b2662,n1769,121
nec9d34200c8bd577,n1770,121
n62c450f5403757da,n1771,121
ne206c5dfd847a12a,n1772,121
n17e7c8ee7dfd6792,n1773,121
ne93782a646625d34,n1774,121
ncb211e126636860b,n1775,121
n37d3c1470e1060e1,n1776,121
n99d72e336f5aea2e,n1777,121
n30a2d6723d8f132b,n1778,121
n6b7ff3c52b585d7e,n1779,121
nc3bfa54f06640c71,n1780,121
n1605af328c045bbc,n1781,121
nc3c606a036e300d7,n1782,121
nd1aa22b3603aa9d0,n1783,121
n5c8691515ec17870,n1784,121
n5b014a91154e12db,n1785,121
nd6124b2ad9f82a2f,n1786,121
n57087ee5d7667d4d,n1787,121
n0b95b89e3574ec46,n1788,121
n3388ecc34fe7ab5f,n1789,122
nfc52f24dc170884a,n1790,122
ndcaa93195b354b78,n1791,122
n867738aee0e6a6ed,n1792,122
n8143ffacbd350593,n1793,122
n19213038d294728f,n1794,122
nc58210a22db16bd9,n1795,122
n516f58eae39557d3,n1796,122
na4ca06080d10eeb8,n1797,122
na4bf9b6957a32b15,n1798,122
n3027626e38810780,n1799,122
n8b6521caa6a74625,n1800,122
nd6b482dd40e84f48,n1801,122
n8df3b4ee438ef595,n1802,122
n2fe315eb2d341213,n1803,122
n6665f9af504923bc,n1804,122
n2037b956bf0c7eac,n1805,122
nfde426dbf2636b55,n1806,123
nf1b4e39c849518c3,n1807,123
n937001668623c4ed,n1808,123
n8f2376dbe87b459f,n1809,123
n05ebc7492c138c5a,n1810,123
naed8aab35b2f3ccc,n1811,123
n9b78ae323f387f76,n1812,123
n78f7632c8932f52f,n1813,123
nf982fd6caa088509,n1814,123
nc39915a6d7516204,n1815,123
n4503bfb761114591,n1816,123
n82eecc2075d2128b,n1817,123
nbb039d57058bc213,n1818,123
n3c687ae63576637d,n1819,124
n04a31ecb2a822331,n1820,124
nae1b5e043e50dd4a,n1821,124
n4e3133bc8097a448,n1822,124
n0ef9c97bbf87961d,n1823,124
n3aa290a01f77e70a,n1824,124
n2fcb37bf8f5c4f7d,n1825,124
n86b427eba0d3ff2d,n1826,124
n91ef6b020bd8cb6b,n1827,124
n11acb7288bcf29b4,n1828,124
n4ccf00f8bda3c145,n1829,124
n0587f49861ac0a02,n1830,124
nf28a70d79ea1d450,n1831,124
na4545702fbfb1495,n1832,124
n73d43693dc518971,n1833,124
n3a43819d663e0bb3,n1834,125
n7501f97918352aaa,n1835,125
n0c17525fbc33fd21,n1836,125
nc7e463410359eb05,n1837,125
n40f6e3c238221d58,n1838,125
nc7a775ecf688be6f,n1839,125
nfb3d256589cd3e2a,n1840,125
neb3c441e46820b82,n1841,125
nec3cd9399601b1a7,n1842,125
na44e1b1e536ec717,n1843,125
n3a21878704d93bd1,n1844,125
n08ae6f52dd083951,n1845,125
ne41eb8f1ed8879ea,n1846,125
nb79b48c9560a04f4,n1847,126
ne2bffc2ae3e32366,n1848,126
n91eefdc7864f4bc9,n1849,126
n003d3de403c7aa4b,n1850,126
n910440aab751a289,n1851,126
nd27e63240ef3c45f,n1852,126
nc41ce519031b8ea6,n1853,126
nbbc37a68a035536b,n1854,126
n429dd2c65314efbc,n1855,126
na073a2b16d9b13b1,n1856,126
n139ce5337b2476c5,n1857,126
na7969a5b754c223f,n1858,126
n70f8e5e19c8a2e80,n1859,126
na5d31363324a9b88,n1860,126
ne0ee4dee1acb6834,n1861,126
n6b3c558466e86f8d,n1862,127
n5559372f6b215a9f,n1863,127
ndf672d9e7f5739ed,n1864,127
nc6788ea74e1e7d07,n1865,127
n39ab84e3e554e80f,n1866,127
n218afbd45d0b5998,n1867,127
ne19d63cfe4114c4b,n1868,127
n53e27c6f1e5d7224,n1869,127
n5f72359835e1eb9f,n1870,127
n168ec1b6c818f643,n1871,127
nc25b3074f32754ba,n1872,127
n5f8ffbeaac01f377,n1873,127
n7bc89b3432433d89,n1874,127
n7e16cc15cd2ce105,n1875,128
n662c73586f0fe5a9,n1876,128
n3e81b6a686c367b4,n1877,128
nc1d4e781ed5a0737,n1878,128
n57df65c46ec3b1e7,n1879,128
nf298982fd5be2821,n1880,128
n37df12fbeefe843f,n1881,128
n22bc8e369d1d8757,n1882,128
nf14271b5f207fc12,n1883,128
nd6beab73711d3bf7,n1884,128
nf383b319e7b9c857,n1885,128
ncf435b3f4eadd289,n1886,128
n549519217e75949a,n1887,128
n1f1e23f20762b09c,n1888,128
n0e848b8201966b67,n1889,129
n9dca7ab37ec7963d,n1890,129
n679842b0498efdbb,n1891,129
nd18081c144a4edf3,n1892,129
na7bee7a15fba0729,n1893,129
n6c1aad43a6f5dc79,n1894,129
n41f78edbf1a993bf,n1895,129
n7034a82873af1643,n1896,129
n243d7f0790110125,n1897,129
nc8fd53a1123e7dde,n1898,129
n69391755501e05d4,n1899,129
nc8b238c011571f1e,n1900,129
n3ccd1961ba84e74e,n1901,129
n44132c72cd652038,n1902,129
na7abf769afd20540,n1903,130
n824f890916f574e9,n1904,130
nd3f8db8a087dd14b,n1905,130
n5776b85f55e32623,n1906,130
nb7285ce6edebc39a,n1907,130
nc2b6e1609bb4764e,n1908,130
n58af7f697e58ce5b,n1909,130
n40e1921a5133e4c5,n1910,130
n04ce7b12cdb0d7ee,n1911,130
n97fcc63d0d18816e,n1912,130
na51334b9aaf72453,n1913,130
n2fa8feb6cd24bf76,n1914,130
n6aafb05b575af5f7,n1915,130
n24d75a6aa8daaca4,n1916,130
na6b95f8cdcb26653,n1917,131
ned1ec88eeeb2f5ff,n1918,131
n94d974b44bb71d15,n1919,131
na59f298c544bd48b,n1920,131
n731f2875c6e4daaf,n1921,131
na36e9a3a7204be95,n1922,131
n5c7e1c68afd3dcdd,n1923,131
nc43d8530d20571d0,n1924,131
n1bac00d2528145fe,n1925,131
n919829458867e21d,n1926,131
n45b4ecfe70fb6550,n1927,132
n9017590068e6b92f,n1928,132
n6ca0f8ce10fe2e85,n1929,132
n703ec1fafd0e6d29,n1930,132
n754a25b3c89d432f,n1931,132
n7bbbb706094d1b17,n1932,132
n44e5cddc85953f9e,n1933,132
na4561b3f222b92d1,n1934,132
ne4c90e1ffee95164,n1935,132
n8f9045db4d0a5d97,n1936,132
n8d7a81af68e5d7c2,n1937,133
nbc13a5b6af3a4ff9,n1938,133
nb8399e9b0cc0bd5f,n1939,133
n68e4dad2a7a1f343,n1940,133
n074b230c04d7bfc8,n1941,133
n9fcb5278c3131a9b,n1942,133
n2a5e23195e6c31f2,n1943,133
n6f36984c9753630f,n1944,133
n396bf4702e63cb4b,n1945,133
n247193130832c215,n1946,133
nf46999cc77425032,n1947,133
nd1b91be034ee6d00,n1948,134
nbaf5aed5b709d84b,n1949,134
n246efc037f040761,n1950,134
n3a4ca439a580f64a,n1951,134
n24c44a4689cab140,n1952,134
n0e5dfd8663838caf,n1953,134
n25bba1ddba191e46,n1954,134
nc64c999242aa81c2,n1955,134
n3a4920d22c0f7269,n1956,134
n5e52ec45125661f6,n1957,134
n00f10def0ae320da,n1958,134
n46f200d0f0122bd6,n1959,135
n4053fbe6c03d6ee9,n1960,135
n860c0f3c6c491b60,n1961,135
neae66fd2b7f7abb4,n1962,135
na8e2bc54d56a110a,n1963,135
ne550c9995f095095,n1964,135
n32f6e33d764c7521,n1965,135
nee00bbb232cdabe0,n1966,135
nead93cb2158b40a2,n1967,135
n5618148f94d3659c,n1968,135
ne618a42dbe40bb56,n1969,135
n0c7777487f60842b,n1970,135
n928042ea714eab87,n1971,136
nfea2911420abba0d,n1972,136
n4ea53e2b8c2fa7c6,n1973,136
nb8d5668a9ee99b94,n1974,136
n2baa7bdc1f77acd3,n1975,136
n0b0dc0e59a8b6665,n1976,136
n3841ff471496d31f,n1977,136
nc68764233e532af1,n1978,136
ne7370cbc48564f5a,n1979,136
n0a7d13a758f28d0b,n1980,136
n2efd940b4b4cc0b3,n1981,136
n7d8ce66db5e507bd,n1982,136
n0ea569c44480147f,n1983,136
n9f1802942308b833,n1984,136
n13929f6ee92bb2e0,n1985,136
ncbb95d4e6afa3fd5,n1986,136
nb20959ee0cda53a6,n1987,136
nb8701da61b2e8bb8,n1988,136
nbe47b01ac02ccb78,n1989,137
na66ba74174a0a7c7,n1990,137
n5ebfa68791c60882,n1991,137
nb2ff59313f720550,n1992,137
nac50365eab837db4,n1993,137
n9fe4c5927bafae51,n1994,137
nea8d0c8b6d84e61f,n1995,137
na5a4d80ec6b4d176,n1996,137
nd7b9e3376f60d378,n1997,137
na653133cd0da260a,n1998,137
n483fb3ba81688bc1,n1999,137
n17857f6b8e170a82,n2000,137
n61139978155ecec6,n2001,137
ne92490dd59ba96dd,n2002,137
n53d791df19eb5bea,n2003,138
nbe8a14453925580f,n2004,138
na194af029d838db4,n2005,138
nf8e1d35750d0b13f,n2006,138
n84ed78a29c182aec,n2007,138
n185b7aebe0afbb1a,n2008,138
n1ce63d3ac919fa3e,n2009,138
na5611ff1440f324a,n2010,138
nce3506414a70945f,n2011,139
nc4404f66df888ad2,n2012,139
n57f28911d8303290,n2013,139
ndf0aa6e5c51d5e41,n2014,139
n0e8572bf088a4154,n2015,139
ncb8998a70fe57fc0,n2016,139
n4a1673f7270ebbe1,n2017,139
nc1dd0945d4c0e1f7,n2018,139
n098ad4656d533dfa,n2019,139
n870b662466895d87,n2020,139
n1c56e21ab480a92b,n2021,139
na0a1c7388b379a3b,n2022,139
n8ab89b28accb8be9,n2023,139
n5102fbd9e883b53f,n2024,139
n7f23f88cf650e40a,n2025,139
n278165f2c52a752f,n2026,140
ne5ad734fd7def933,n2027,140
na403509c1d97213f,n2028,140
n70ddaeb86deaef4a,n2029,140
n68360a3a7803cd86,n2030,140
n4bd89e499eb1e316,n2031,141
n01d931e8e1a83fca,n2032,141
ncea56c6de7056e46,n2033,141
n0034b582bfa20bc4,n2034,141
n8c7ee93b9406f99d,n2035,141
n74887e83bb1293a8,n2036,141
n377dcfa2bc98fa9f,n2037,141
ne1f12b2ef0aee482,n2038,141
n6d6de2a2240f9e25,n2039,141
n1e3a2f548d5168fa,n2040,141
n8d4522f63a04b690,n2041,141
naef957a45c4ccf52,n2042,141
n62fbff827dcaf9c7,n2043,141
n81b00cbde16ef912,n2044,141
n8f69e104ad184add,n2045,141
nda0054a4006d7e30,n2046,141
nd7d318be80000acd,n2047,141
naa8ce9373dd97819,n2048,141
nebeae2d9278a2427,n2049,142
n7404154cacb77af7,n2050,142
n9f60f76a7ae355e9,n2051,142
na586e43ef94d7881,n2052,142
n827ff2be4cf896b9,n2053,142
nfd8064bf2ed95d55,n2054,142
n304f303c064ba74f,n2055,143
n9eb6cac74281b029,n2056,143
n8aa39a696ee87285,n2057,143
ne675f0938c47da4e,n2058,143
n2aff61cde0fdc801,n2059,143
na84f504b42c105f7,n2060,143
n93def51f9a69cb49,n2061,143
n7adf2fe77b24e384,n2062,143
n630094c4ab4d09c3,n2063,143
n2ecc0f509168c47f,n2064,143
n4508e1d38f3254cf,n2065,143
n654ec9bbb8722c74,n2066,143
n368f089b265b80e2,n2067,143
nfa6ad3a0760fd6b8,n2068,143
nea62e88af13c30cd,n2069,143
n94305ad38013b551,n2070,143
na64796255a13f052,n2071,143
n74082e3325f74e50,n2072,143
n01c3db348fda4524,n2073,143
nd1ce17fcabb3c5ca,n2074,143
na29ab0a7b94309a5,n2075,144
ndf5ec1f9e38f32df,n2076,144
nd0a9452c04e08d2e,n2077,144
n7d9fd608bb734fc6,n2078,144
n753c1e1ed98ed890,n2079,144
n5cee480c53be96f4,n2080,144
n1b6fa6917ef9ff9a,n2081,144
nc596633f7a035d6f,n2082,144
n0fec688e6543a8d1,n2083,144
n76880e27c53bdc8a,n2084,144
n3c39bd9253c44e9c,n2085,144
n8300fb23f1c6a202,n2086,144
n793ac77532660e4b,n2087,144
n749bdeee92a17881,n2088,144
n7f9e12f4ec5bdf3c,n2089,144
n5f65d6322bdf949e,n2090,145
nb1c5a1c46dd04e84,n2091,145
n61179b660ddd8218,n2092,145
n0188d093c76020a7,n2093,145
n15cad9bbf7733657,n2094,145
n07073faa98ac0a7f,n2095,145
n77caf92d367d935a,n2096,145
n5aa2511ff4f78cf4,n2097,145
ne80e501bdccac7e1,n2098,145
ndcad4beeb20a75b9,n2099,145
n625bd7f266603fdb,n2100,146
nd22f029eb132a4bf,n2101,146
n371837cd030bfdbe,n2102,146
n2bc04b6bd4e42294,n2103,146
ncdf144414065a3b8,n2104,146
n6e5c0c74b2dd6593,n2105,146
n174a051e511a2fcd,n2106,146
n7d0cd12049bd906d,n2107,146
n5d2808218d0680c7,n2108,147
n0a6e077e6b9e6640,n2109,147
n5f1da21d848c3a58,n2110,147
nb3040104a6219a84,n2111,147
n2b2d183556e717e5,n2112,147
nf5692484ac7ad813,n2113,147
n2f1efc0f0a13f325,n2114,147
n61413883484ce236,n2115,147
na7dc50f401e67da4,n2116,147
n5614d46d30a60846,n2117,148
n6517e381a680eb4b,n2118,148
n9017f2fbe8206af5,n2119,148
nc55e0befb80f9254,n2120,148
n8ef0614daa2700d9,n2121,148
n772163d47898c617,n2122,148
n4b0ece185424edd9,n2123,148
n34757efbdca22f9c,n2124,148
nbb0d3019cdd0ffc6,n2125,148
n938b0aba432e8ab9,n2126,148
n16ec295b01e261b3,n2127,148
n5d7bae545e4033b0,n2128,148
na9c90c86a8b8c51f,n2129,148
n1fa8dce7210396f9,n2130,148
n124a71e280b68be2,n2131,148
n0b523aae334ed323,n2132,149
nc50ac8b45005c903,n2133,149
na1d3f6d08f2cf3fc,n2134,149
n67bfc23f11e412d4,n2135,149
n778eef41463faf18,n2136,149
n13b4839cfb503df2,n2137,150
nefd5ab9168562284,n2138,150
n0a66397e52e47e85,n2139,150
n9192794258f5ca0a,n2140,150
nbe3bf4a670c492bd,n2141,150
n501f4964cdec808f,n2142,150
n5244f49317241a57,n2143,150
ncae7d14b25aee5e7,n2144,150
n58ba83ac6f771f13,n2145,150
ne4ac3c548f470e33,n2146,150
n534740d248616b5c,n2147,150
nf67617a4af49d641,n2148,150
n24f507cf15ad3516,n2149,151
na72efca778faee9c,n2150,151
n878c63fcb09af86e,n2151,151
nfe12a75aa6a486a0,n2152,152
n57684267b194200a,n2153,152
n8ab4babc7b264156,n2154,152
n185b567c668505b5,n2155,152
n5a757d0984813737,n2156,152
n26225ee0e4eeffe6,n2157,152
naff65d6414878c70,n2158,152
nf128798f01bf48e6,n2159,152
n216c4556c43e8367,n2160,152
n0bb27abe87fba63f,n2161,152
n47204198aa355ef0,n2162,152
nf73b39bb8ae9855e,n2163,152
n3d3dfae0053cc2a8,n2164,152
ne5666ad4ff5dec84,n2165,152
n042cdc8747401dee,n2166,152
n8550978fc6120d07,n2167,152
n2134c28cbfe9a53d,n2168,152
n8696c20a51b51269,n2169,152
n5cc5a43c4c31ab1b,n2170,152
nccffda17cd579e0c,n2171,152
n85c2a12cf7b33638,n2172,153
n03378c8310b37349,n2173,153
nba4c674f1dce6381,n2174,153
n06d4af04f59d401f,n2175,153
nc839c6336a537f70,n2176,153
nb41f3b2c6ba5ad2d,n2177,153
nfcba1a57f3c7bea0,n2178,153
n8e989c84d28215b2,n2179,153
n71afcb02e1801f1d,n2180,153
nb73c601ea768a2a2,n2181,153
n28647aefedbadc21,n2182,153
n700d01390e0874cf,n2183,154
na9eea4095d345a04,n2184,154
n6f450e7b619fffa2,n2185,154
n008f3d896f5a692b,n2186,154
n364485efcbf1849a,n2187,154
n0b6acd20b2c63771,n2188,154
n1110d141f5361aac,n2189,154
n10e8a7fd9b3b0915,n2190,154
nf384904256036fd5,n2191,154
n519a8ed4eb0cdb25,n2192,154
n2497fe05f24f45ec,n2193,154
ne2519cada0fb2da5,n2194,154
n5501e6d0d17f27f2,n2195,154
ne22a132ac9aa2adb,n2196,155
n9604521d604ee513,n2197,155
n84fbbf1bae41b1f7,n2198,155
n28f07244bf0dd565,n2199,155
n147739dfc063b582,n2200,155
n6b253712ef300812,n2201,155
n640cdd97c9f505f1,n2202,155
nba28d8def5087b47,n2203,155
n47b6cf768941fd0c,n2204,155
n19d0fc05edc28345,n2205,155
n5b288e0caddc5971,n2206,155
ne2eee6852e392c5d,n2207,155
ne8c9e6d120bb194c,n2208,155
nb0357bdb0bd26639,n2209,156
nd02937bc016a62e8,n2210,156
n81b8a079bc227bd0,n2211,156
n34a3ef35d996ca07,n2212,156
n24cc7fd6315d5aee,n2213,156
nac1775da02791025,n2214,156
n5ec9539026b1eff4,n2215,156
n992a767e11d09a76,n2216,156
n659dd2a797ca02cb,n2217,156
n50b70a5ac85f652b,n2218,156
nbfcbec16411cb41a,n2219,156
n66b620d44830ac9f,n2220,156
ndd0812d9ae3fa3a7,n2221,156
n919deb02172ca573,n2222,156
nd888379aa38d4582,n2223,156
n543daba791bd8e6b,n2224,156
n9213239b86b97275,n2225,156
ne97f7e9bdfec6843,n2226,156
n97396353151b9778,n2227,156
n9b50dc656007cd56,n2228,156
n35abf061985a9fc2,n2229,156
n0fe9f388f9db5400,n2230,157
n9a40109754205cd2,n2231,157
n33ac30e73145ece2,n2232,157
nc70d2d83f7740259,n2233,157
nb4179f06c0f0b167,n2234,157
n4fb15aa96521bef5,n2235,157
na9a1fe5f74684bbd,n2236,157
na9d0c3cb00d8e65a,n2237,157
nec256f3c11949e87,n2238,157
n942df7999127d921,n2239,157
ne05cb591640b993a,n2240,157
n9f4a8a362f73a82c,n2241,157
n7db2a9096b188ea3,n2242,157
nc52734118c44a691,r15,157
n0b623e341c2c2081,r16,157
nb19768c97f7b8aab,n2243,158
na1dad047b3c581cd,n2244,158
n089dafe78e910e9c,n2245,158
n163521860209134e,n2246,158
ncdb454357bf9d021,n2247,158
n1b878209ed21bf20,n2248,158
nf67cb5fc372bb9c0,n2249,158
nfcd54eeaaecdf781,n2250,158
n2ec9512a0200032b,n2251,158
n5468058ebba0b1f2,n2252,158
naa055b22d25c1a1a,n2253,158
n0151915551d5f583,n2254,158
n60f4700b41e664de,n2255,158
n2ea743317915c99e,n2256,158
n6a0b845e1e673227,n2257,158
nffcc2c159ebd5706,n2258,158
n7fe4b9a9826531ed,n2259,158
nfa14e57bce6c75cc,n2260,159
n8f8f691a39aac8bb,n2261,159
n1b1d5247e7f1351e,n2262,159
n02ace232c16edbc5,n2263,159
nae4257fe116843c5,n2264,159
n8e33ae74500a3697,n2265,159
ne251b355451f612d,n2266,159
n5175f232f1198776,n2267,159
ndb67862cf6277885,n2268,159
n2fac0764110b44be,n2269,159
n3f14d8da587223cc,n2270,159
n8abe2be8dd7823a4,n2271,159
n43dd78ed31666b48,n2272,159
n94894cd527eabc38,n2273,159
n37e43d9175ff4b86,n2274,159
n22ae07050e04bc5b,n2275,159
n45a3acec1dffadf2,n2276,159
nb81564e9d1adadc1,n2277,160
n5e06519f85f89629,n2278,160
nba935cdfe120f96f,n2279,160
n5addbf65e22182a6,n2280,160
n3fab4b65a5d54df8,n2281,160
nf60069340cce5d9a,n2282,160
n42576e3d2883829b,n2283,160
n794ce23de37e9d6e,n2284,160
n1f7bb7e8849cd35f,n2285,160
nd3e4b47f0d5e51a5,n2286,160
n8861640302ae9a4e,n2287,160
n8425aeb8f4a56317,n2288,160
n17704491441406c1,n2289,160
n0d9cebdf1ba92305,n2290,160
n637fc0e7dadb1c66,n2291,160
n548f43816142c795,n2292,160
n0724df9bbfbe9f98,n2293,160
n08732ae26ab0d8dc,n2294,160
na8bc275a2b73eaca,n2295,160
n14d920ed4b78a8bd,n2296,160
n10ecd93ebf7dfc3c,n2297,160
n9c1d7c2a6359f910,n2298,160
n57237206ab081384,n2299,160
n74ff947dc39f65c8,n2300,160
nb5892f206f2e93b9,n2301,161
nd912cac4772f205d,n2302,161
n2b0d5d9d46dbe9eb,n2303,161
n305fa548a6ec3a23,n2304,161
na233b68d5e480808,n2305,161
n1ce4b747f04abe18,n2306,161
n302383253bca2ea7,n2307,161
n973c5483eb593530,n2308,161
n20cce873cac59b68,n2309,161
n0a35670d152804c2,n2310,161
n0aaf8bab3f3dea5c,n2311,161
n3d1f12c78a7ac044,n2312,161
n96d4b0c71cbb2122,n2313,161
nc26c463fddb37fe9,n2314,161
nd9e5205029585b50,n2315,161
na43f3ea80ad36790,n2316,161
nf4dc1b0d9282a83b,n2317,161
nf5e48b1d234dacc3,n2318,162
nb9f5c665f9482d16,n2319,162
nb8503cae10749ab7,n2320,162
n34b9a3a0aecc3313,n2321,162
nad0e6aeeca13ef9a,n2322,162
n759c7bec7e8a27b1,n2323,162
nb3a96eec9a8966df,n2324,162
n7464a7b5564b2e29,n2325,162
ndea5376754ea75ce,n2326,162
nc626ca339109db8a,n2327,162
nc36855fc3809a370,n2328,162
n6e3856dcc2a3011c,n2329,162
nc554d0f2d47f9765,n2330,163
n027831a0575af704,n2331,163
n376b4275f8011bca,n2332,163
nf6d81714b863ad4f,n2333,163
n1c68b820058f29eb,n2334,163
nb1b36bc3c8ad7c2a,n2335,163
n84eb8fb2f0f4cb76,n2336,163
nf4db40244ebb3b62,n2337,163
ned433d0d683ed789,n2338,163
n8492fea2313894bb,n2339,163
nfe0def1f032e939b,n2340,163
n05e9652543a3814d,n2341,163
nf686b885658471be,n2342,163
n41a0420b84aefcc1,n2343,163
n17629409edc15d11,n2344,163
nd61259b830603aed,n2345,163
n2f68e4fa866ec7aa,n2346,163
nd6710abb19b1a139,n2347,163
n3cef98127e7caba5,n2348,164
n0e08698ade1408f8,n2349,164
n789807384d286b33,n2350,164
nc5d142a2271a0809,n2351,164
n4d4b61c786fd4dc2,n2352,164
na8bd729d2ff55394,n2353,164
n2dace1cd262cfb6a,n2354,164
nacd378fb255727db,n2355,164
n59d73054e0befa6a,n2356,164
na87b3c91e46e572b,n2357,164
n052726b4a8e26ef8,n2358,164
na5e5378b074f37d8,n2359,164
n52ed59bc4ae68d53,n2360,165
n961425aecbb130f0,n2361,165
n6d96b0e05482c1f3,n2362,165
n1c023f4640f6002d,n2363,165
n313a89c3fbdc0bea,n2364,165
n5cce7fb4c4073f3e,n2365,165
n492a099f4e8d03af,n2366,165
n39ecb229b970d8e9,n2367,165
n350bb2a13dc26021,n2368,165
ne1a91311fef7e84d,n2369,165
n4e60b777b84f1fb5,n2370,165
n3cacbe4521c74065,n2371,165
neaa9e5ff8de08a06,n2372,166
n343db5f5f1c83b4c,n2373,166
nee120685da5039b2,n2374,166
n581a5df727ca5816,n2375,166
n3e8d29e4346df2cc,n2376,166
n1c95bd2e5aa28a15,n2377,166
n3fa2ee2bcec38c2d,n2378,166
ne74ad83df215fa6f,n2379,166
n28057b7c6260361b,n2380,166
nd4d2ea9ffc5c966e,n2381,166
nff14ec596be2725d,n2382,166
n738f6d42e46b93f6,n2383,166
nd2d9439e97ec3330,n2384,167
n75e7aa8c4f9c7084,n2385,167
ne669c3e181b579fd,n2386,167
n05243b4500843f45,n2387,167
nad52cba7efcfa340,n2388,167
n10de01e79748306d,n2389,167
n5261e5dd1492942d,n2390,167
n248b7bbd9fb89d10,n2391,167
n9590c06e5f0cc8b9,n2392,167
n699eba91735a3f6f,n2393,167
nd58ec805a75c4825,n2394,167
nb3d1605fda114163,n2395,167
na9c38c2dbd60e975,n2396,168
n1dcf1323bd7dfe9b,n2397,168
nc58db9be4b30421c,n2398,168
n563c9f39998d9faa,n2399,168
n1a1b51f52d4b13d9,n2400,168
nc3d4f71ff975d60d,n2401,168
nf6bf98bae58d30d2,n2402,168
n7c175e6cab6bbeca,n2403,168
nba8084a9a7ecbce3,n2404,169
ndb5e5e22542dafa5,n2405,169
nf7d8ae6d26bce5ca,n2406,169
n7127c6c5a43c8893,n2407,169
n59de05bbd9b4f148,n2408,169
n10230ee950d1477d,n2409,169
nb37fde29d09d8f4b,n2410,169
n167ad3b48f8893df,n2411,170
n5a0190eb142ce0ce,n2412,170
n461e88d2d64c627c,n2413,170
n280f17ed669a7936,n2414,170
n08301dd2e7f6dc3b,n2415,170
n3ca351f463c2f92a,n2416,170
n7bfa5a765cbb8a53,n2417,170
ne658fd240d1c1b5f,n2418,170
n9020680230251899,n2419,170
n4514b3cae0997bc6,n2420,170
n10b458e3881f2dda,n2421,170
nbe5a31812199322a,n2422,170
nc002ff8bdba5b5e2,n2423,170
n02a06eea6cf96f48,n2424,170
n3f7541934cf0f7b7,n2425,170
n5f533700db4edd14,n2426,170
nbd84e3c6d9709889,n2427,171
n6f863edaa0b50271,n2428,171
n0b8cfccb507c9b20,n2429,171
nb0115dc7f1292e4a,n2430,171
naf8d66bb3bba06a8,n2431,171
nb2ea3a7acc3e6d24,n2432,171
nfe859694e7e2a66a,n2433,171
n5b2940488444b18a,n2434,171
n58ca07be5a87c5cc,n2435,171
n593367f491808290,n2436,171
nca9e01ed675ffc5c,n2437,171
n05ba08bb7bbc2f6c,n2438,171
n1c1d6c48d4255354,n2439,171
n7d5233ab4a5c0d4c,n2440,171
n03bfa23420549377,n2441,171
n62090899bd97698a,n2442,171
n414c6f5d80275908,n2443,171
n583ded35a03c12e5,n2444,172
n0514fb189d2cc0a4,n2445,172
n1b7838f8bcfd848b,n2446,172
n7f27468de39ae931,n2447,172
n903b5a82d2ca8662,n2448,172
nf417ae505e4a5216,n2449,172
nac2755c66a674c61,n2450,172
nb53bcf5b3eb4a935,n2451,172
n17e93af047ca6ca3,n2452,172
nd503850514795549,n2453,172
n9306a749cc4b803f,n2454,172
nf50437ed832d8fb7,n2455,172
nfb55fc7291c377c8,n2456,172
nf16de2341a99cb35,n2457,172
n436655fe7be8a73c,n2458,172
n481e832a135ac6bd,n2459,172
n7fc0ab039e343087,n2460,172
n19a0808274ac9d49,n2461,172
nc815c819591d2252,n2462,172
n2894433230bf9378,n2463,172
nfa88193984142903,n2464,172
ncbe5a9d55a731ca7,n2465,173
ne587edf95be9f282,n2466,173
n552f08518c8d7c28,n2467,173
n27661c511f4a60ea,n2468,173
ne85864c0b63f7a19,n2469,173
nd57f8fd04fea3e1b,n2470,173
ndc0a4cc784635677,n2471,173
ncb4e996ddaa438c2,n2472,173
ndae39b775c67971f,n2473,173
n2c280187abacee91,n2474,173
n7b4582219b3b16f5,n2475,173
n9448f203f86d98f0,n2476,173
n13c8e920efd8356f,n2477,173
nde301ea079296683,n2478,173
n3697befb14f4ea8d,n2479,173
n5d2fe7205bca3082,n2480,173
n40f550899be8d89a,n2481,173
nb8a108497e08355a,n2482,173
naba580eda2975443,n2483,174
na0c263ecf94cdf62,n2484,174
n7695fc3e39223d62,n2485,174
n804394a040729223,n2486,174
ndb0d88ff4e23b317,n2487,174
n915c1ca339024385,n2488,174
n537b7785c3e76fcf,n2489,174
n425fa5e925018615,n2490,174
n7e32291f17a0bbbf,n2491,174
n5dc73f8db185ae08,n2492,174
nab3dae714c848ef1,n2493,174
n80ede23b8c42138e,n2494,174
nc012f637dfde24f4,n2495,174
n717f72eafc404ba0,n2496,174
ncf13098c5fa11acd,n2497,174
n72f38ab8debbc5df,n2498,174
na515c2b465139329,n2499,174
n23a11fd3238f6d3a,n2500,175
nb7442ce56e5c38cf,n2501,175
n290b4efccedf0de5,n2502,175
n21552bc74b077b2c,n2503,175
n1a05be9408006ded,n2504,175
n356d64063937a61f,n2505,175
n918528ed4e5f2b0d,n2506,175
n899f1c8e35eef107,n2507,175
n2f1b75bdd9bdd050,n2508,175
n9fe92d3ff23e5174,n2509,175
nee7feed903786f96,n2510,175
nf3565d93f917bcbc,n2511,175
n0ff7d9cb00f4a2e0,n2512,175
n1ff008b498aef54b,n2513,175
na966760151a455ec,n2514,175
n0211a7c667394860,n2515,175
n96f773e170d61214,n2516,175
n0ca2da4b47bbbab7,n2517,175
nab002431fb1aa0a8,n2518,176
ne72a6119c80f557a,n2519,176
n49e79c65de4ef498,n2520,176
n1594b9b5d6c3e9d2,n2521,176
n4108c04a2f4c338a,n2522,176
n81e363e9b6c10864,n2523,176
n990a92f22a401541,n2524,176
nc93ec828b21953ce,n2525,176
n407f112f935eac7b,n2526,176
n45edeba462aef333,n2527,176
n567c2a85958df913,n2528,176
n4f18bdbba1df1c07,n2529,176
n97ce26aecf43fd5f,n2530,176
n4f220c825eaf4c26,n2531,176
ne62321a167f9b813,n2532,176
nab97f5173fb604c0,n2533,176
nd60a5e4d430c96f3,n2534,176
nc2974b353c1ab619,n2535,176
na4e272c6046f7a11,n2536,177
nfe37494bd3c9525d,n2537,177
nae3cf981f742e9cc,n2538,177
n9bccd20830003141,n2539,177
ne42d1a134443e2c3,n2540,177
n98ba4a49ac413793,n2541,177
n124f03a69743b1c4,n2542,177
n1b206d5291317044,n2543,177
n7b60ac9cc0307bea,n2544,177
nd0f61265eb7f175d,n2545,177
neb8ee71954cd5265,n2546,177
n9cb56139ab839a0c,n2547,177
n565719de85e74dd9,n2548,177
n9e09d5aa15a8b0cc,n2549,177
n8a3681300c80e2ce,n2550,177
n23dfbfee3515f704,n2551,177
n95d29d47461dc951,n2552,177
n558f88c733c3e01d,n2553,177
n83f13740db4c9e85,n2554,177
n17cb88bf124a85c9,n2555,177
n8c87df2b6d8ed3b0,n2556,177
n43e57964c3eae0c1,n2557,177
n4412ddbc78cb5a60,n2558,177
n366b565f232558b7,n2559,177
n416dba5f28d4bb04,n2560,177
n002f3ffe140bae7f,n2561,178
n464eba89f3d07b65,n2562,178
n3dfd9d61d986ef10,n2563,178
nf37b166a00c8d2d1,n2564,178
n87efebf31ca9af46,n2565,178
nf5ebbb7bd3f78ed3,n2566,178
nd922716c18365062,n2567,178
n105b9fec986cc97d,n2568,178
na568e0370458265f,n2569,178
n908ce1be084cf16a,n2570,178
n30a79c82b1a47708,n2571,178
n1c2f47dd63149c58,n2572,178
n454e690068702653,n2573,178
nde53d9312de63f63,n2574,179
n083017e5a78147de,n2575,179
naa0515bc35c122e1,n2576,179
ne9ff0eb940513f32,n2577,179
n03158d7a5671da2d,n2578,179
n013b9d0e6d631ac6,n2579,179
n2be5c2522de52a5b,n2580,179
n0a1bf752e69254bb,n2581,179
nc1d3d19071fce96e,n2582,179
n4fb235b5ba3bd1ba,n2583,179
nc6778725e4d9089f,n2584,179
nb63b247e92f23cb8,n2585,179
n110ad8d20cf8b866,n2586,179
n232558b3acd26bf6,n2587,180
n1b6460c8f9c8dd73,n2588,180
nea63ee75208050f0,n2589,180
nfbeacde15ab13101,n2590,180
n205c9c4351a8f03c,n2591,180
n2ecb2dee019e6392,n2592,180
n517e70c2c37cbb5d,n2593,180
n732e734350681ca7,n2594,180
nf64204c639c4cc1e,n2595,180
n0810843f4b69812b,n2596,180
n677045fc135e71ae,n2597,180
nc9078af43797a69f,n2598,180
nea8c50d9004dd5e5,n2599,180
nc684253fc48285eb,n2600,181
n3989f6487640f5f9,n2601,181
nc664806463b0bd63,n2602,181
n6c6ec87ae80f9cfb,n2603,181
n872d16f34398d552,n2604,181
n52c010ce02e1d425,n2605,181
n20793a3c65c08e7a,n2606,181
n9f5d6a5f37dabc70,n2607,181
n2294e642cf04472a,n2608,181
n21b29de5bcd18943,n2609,181
na3223dfd02feb770,n2610,181
n2730f7fd1e66d3d5,n2611,181
nf504d5565793e3fb,n2612,181
n39d04402ea9517bb,n2613,182
na1b6e6f4c06a3929,n2614,182
nbf77c46c081489de,n2615,182
n4ea0fabc63ab6d3b,n2616,182
n1d26a405d777b3ed,n2617,182
n0b8e2e83b0ff4e39,n2618,182
n8fae2af57f187710,n2619,182
n24e2a04dd9143c9b,n2620,182
nda340fc703db0792,n2621,182
n42d46d1a8a351a65,n2622,182
nb57f4a50896ac44b,n2623,182
nbee956c153e89e1e,n2624,182
nc057e00a20a6f69b,n2625,183
n6c961a67b1e97451,n2626,183
n07b5909eaaa80a9b,n2627,183
n555c68af304f47df,n2628,183
na1da2d1269254bff,n2629,183
n1908002089fd1bf9,n2630,183
n615b445fea8ed531,n2631,183
nc5c4789e02690003,n2632,183
n1a8486db8395b817,n2633,183
n65866813a99b121d,n2634,183
n3311b503a61c1dd3,n2635,183
n0b41f0a521960b72,n2636,183
n0f6e1e473b0ec7e9,n2637,183
ndd080224faa4bab9,n2638,183
n50e4d0739a7cb0ae,n2639,183
n96d864e63dac0560,n2640,183
n2df36d2fb82bc474,n2641,183
n42a3fc8c07432a18,n2642,183
n6000520aa57b07d3,n2643,183
n75209311aba93e29,n2644,184
n21d46c5617b2ac51,n2645,184
nb014eda0d4d7afc0,n2646,184
n21b4ab775eb426b4,n2647,184
n550e866f7e5e1d80,n2648,184
na19aa9f027a8ae7a,n2649,184
nbac8ab1862dc4535,n2650,184
n929996b8f72225df,n2651,184
n46adab0d86aa6c4a,n2652,184
n17d2894434ad95e6,n2653,184
nba15695f0b82966d,n2654,184
n8c49c516e4829dfb,n2655,184
n7142e7651cc9050b,n2656,184
n2d968dfaf0743a52,n2657,184
n4cd70b20d2ed5696,n2658,184
n5589785c8fbc33ee,n2659,184
na01c1b2756416c16,n2660,184
n10926febb0ab6dec,n2661,184
n251014c909452092,n2662,184
n64c477e0c4efe011,n2663,185
nd75d9a6ab57a60cb,n2664,185
n4ebc09e999856aab,n2665,185
n2684d70d26679967,n2666,185
nca6aed96af5b25c5,n2667,185
nb888c31669e8faee,n2668,185
n66171bf8d1108833,n2669,185
nac62e801f3d77a56,n2670,185
n6729d818a7c9d06c,n2671,185
n11cdf537ee6aae89,n2672,185
n10a3cf35e71457f7,n2673,185
n8f7d04862f5d07c7,n2674,185
n02bcf232ef99310b,n2675,185
n138c48af4b1f5fc2,n2676,185
n80af9fdd124fcc95,n2677,185
n9272b9c970ad9bfb,n2678,185
n6acddacfd615d23d,n2679,185
n8a00f3092160deb4,n2680,185
n5fb8f0b3a127c256,n2681,185
n4b4c869e8e31dd6a,n2682,185
nc491612f22204562,n2683,185
ndd475d13fddb9616,n2684,185
n3b029d68ece223c2,n2685,185
n31f9cb9c9160c408,n2686,185
n88e69d845a73f2f8,n2687,186
n781e999d00801603,n2688,186
nd0965bf1def7610d,n2689,186
nf0377945767b3ff6,n2690,186
n070d8c7370780cfa,n2691,186
nb1e745455182fe6b,n2692,186
n80924158b0bb743c,n2693,186
ne3ba1f2d63da09b9,n2694,186
nbcbc240b97f58368,n2695,186
nca965f97a851582a,n2696,186
n650cafb974131996,n2697,186
ne62c7380947e6f90,n2698,186
nb58a3a26cafe49ed,n2699,186
n9f45e364b82d7fe6,n2700,186
n6ad6155601ed2621,n2701,186
nb2f0114bd825437b,n2702,186
n53419df364e4cab1,n2703,186
n12cada5a96d04d3b,n2704,186
n6a57c19184ccd993,n2705,186
n55de00e60c7aa763,n2706,187
n16e98f04bd591471,n2707,187
nbc6b2d917594db37,n2708,187
nc1c7499bee6351d2,n2709,187
n068ff9eae7de863c,n2710,187
n8d6911f358dc814c,n2711,187
n982942284d242180,n2712,187
n881316a4fafa4841,n2713,187
n04ede42c55ac2adb,n2714,187
n0293f34072c59f07,n2715,187
n6600f5d9a1e58fd5,n2716,187
n06647cf56577b83a,n2717,187
n12b21ed93e997322,n2718,187
nb6092e998a0e8c2c,n2719,187
nfb5793a44024b9fb,n2720,187
nb44e909f693a84ae,n2721,187
ncf4d576a507f2d07,n2722,187
ne73de3f607661855,n2723,187
n6e26f24d7a013dbf,n2724,187
n5c87aea7ddeba3b5,n2725,188
n3fb63d17930b114a,n2726,188
nfe7178cefa9d3929,n2727,188
ne5db08adf5b1ece7,n2728,188
nca7730781dc5d97e,n2729,188
nd184178c0fabd601,n2730,188
n80280a4d5530ce02,n2731,188
na17b45a9db63d6b0,n2732,188
n28a40c9a953837bb,n2733,188
n816250692e27e635,n2734,188
n453db70daa1f385b,n2735,188
n7d6636c27a068281,n2736,188
n6f7e827dea301f40,n2737,188
n34b504a7913dd87b,n2738,188
n43a46c442d3a556c,n2739,188
n8d1f12c41b9da4bd,n2740,188
n2a3caa1dd62e3ce7,n2741,188
nf210d385f403a3f1,n2742,188
n490e8a9421b15375,n2743,188
n22321c7f12aada85,n2744,188
nf39cb752df1e7adb,n2745,188
n6ba2ee906192bbff,n2746,188
n85ae9682aa4a3165,n2747,188
n51538fede4e6b0e5,n2748,188
na40618a5d3641b48,n2749,189
nc79cc4b060cc32b0,n2750,189
n8d974c91107e16c2,n2751,189
na17c51fee4f10758,n2752,189
n4de7cf77f08d8e74,n2753,189
n8c80c438c40efb21,n2754,189
ncaae871409d82bbb,n2755,189
ned262cf64d2058e5,n2756,189
n818475e8fcac8597,n2757,189
nd4bfd0ecfc62b0b5,n2758,189
ndcf187b753ff4497,n2759,189
n2bca39e1898c0884,n2760,189
nf2f3df19338e29f1,n2761,189
ncfd08e17dd714a64,n2762,189
n86ac1fdfdf3afac3,n2763,189
nd8099599d4135361,n2764,189
n518a34fd626259ad,n2765,189
n2ee7edb55babed18,n2766,189
nc32f69eb94d37d3d,n2767,189
n23a507f565fe4aaf,n2768,190
n096c5fa7edd32555,n2769,190
nd923286e8eb8e0df,n2770,190
na174a8e3fa689211,n2771,190
nced2137bb142e848,n2772,190
n82297f5a453ad5b3,n2773,190
ndf7f7836bcf5ea0e,n2774,190
nade4b6ca8f108929,n2775,190
n2b96067da07f65e0,n2776,190
n63841d021bbc5f03,n2777,190
nf00039afba5975d5,n2778,190
n9613d520cb487f05,n2779,190
nad10e25ad58c7575,n2780,190
n6a7c71fa442c4b94,n2781,190
n316fc110b3806f16,n2782,190
n542045c2333fc5da,n2783,190
n89c6d5f7b5b3bffc,n2784,191
n41533bd300ed0ee1,n2785,191
nca2bd0fc7b72396f,n2786,191
n5474425a0edec08b,n2787,191
nd93f448cd9f5af57,n2788,191
n3dac54b323d32b72,n2789,191
nc8b915454f703b5a,n2790,191
nf626d786ed62fc35,n2791,191
n46d6ff54601afcd8,n2792,191
nfbf932aeb0dd8b07,n2793,191
nb15bcbc1898a9f1e,n2794,191
na81edec9f3982aad,n2795,191
n3f09491a799c0f41,n2796,191
n9aa0c70726f80ccf,n2797,191
n3e43fc658ad61431,n2798,191
n4d6b4acba4c0f7e9,n2799,191
nf3485b698df9ed79,n2800,191
nd068409028a9e236,n2801,191
n105da9469e010b79,n2802,191
nea66a6d4a74f05dc,n2803,191
n7106ed9a8f35908c,n2804,191
n6af50447de638668,n2805,191
n4805c6e31ee35706,n2806,191
n1c8585e59bf5a65d,n2807,192
n83950ed97e62b698,n2808,192
nae83191df69430fd,n2809,192
na08280ed0a38b67b,n2810,192
n6c0f7b591c1b6be2,n2811,192
n1169e24063def40b,n2812,192
n77b3d57c23bfdabf,n2813,192
nb5a02b786c4512df,n2814,192
n12194f7ef608085e,n2815,192
n3d0aa83af52a42d1,n2816,192
n029305a811df917b,n2817,192
n74e58dc6335f6e9f,n2818,192
n550ebb9dd54419b5,n2819,192
n9d11b7c4a901c374,n2820,192
n013d5f2df5c392f0,n2821,192
nd2f8808ebd256737,n2822,192
nf7586c1bb9d17b79,n2823,192
n5a1922d0fae6f435,n2824,193
n3c80ba1ddc8cefb1,n2825,193
n7a2a848b770f4dda,n2826,193
n112994888c9e52dc,n2827,193
n5016bcec9b5219e9,n2828,193
n1d8faaa3cd43b380,n2829,193
n64fca233a250264f,n2830,193
naacb9543ce083357,n2831,193
n320120890917f4dc,n2832,193
n87bbf5d6b35a8d15,n2833,193
n14f05336a6b39a73,n2834,193
n18a60d8476549d24,n2835,193
naf43d92c8edfe5f8,n2836,193
n7f8e34213caab3d4,n2837,193
n8961c6937593eb75,n2838,193
n841c0dd1b781bef6,n2839,193
nc1a0a0c51dc104a8,n2840,193
n2cc42f3c928b397a,n2841,193
n63a027deaaa9b560,n2842,193
na64f97f397e2f617,n2843,193
n42fbe87adb34596f,n2844,193
nefa05e2fb7af77f1,n2845,193
ne27b3530009a20d2,n2846,193
ncc7cab2740b1c1ef,n2847,194
n6ef13ed8e8c42898,n2848,194
na644f99e370c1be1,n2849,194
n6f3f6725963cd3f0,n2850,194
n9f2445418d826094,n2851,194
nc5dd7b4f79bbbd53,n2852,194
n23ae6542e534320f,n2853,194
n91c64271ff138d6a,n2854,194
n8944c193f134b547,n2855,194
nfa7cb1ed9d3b55f0,n2856,194
n60effb47d025b24b,n2857,194
nf92949871d76ff87,n2858,194
n56f6dc1614e1d572,n2859,194
nd5e3a760650fe22c,n2860,194
nf8b32bf1b516d822,n2861,194
n92e9a34c4367889f,n2862,194
na4c79ff3840889fe,n2863,194
nef64e69c1498b009,n2864,194
nfd3ef5c1644a4149,n2865,194
n018ca7e16b20c3b4,n2866,194
nf9255400be9d0f1e,n2867,195
n7c85d0a19a7b5a91,n2868,195
n96cb56d779e73bdf,n2869,195
n26c723c579711d37,n2870,195
n4a657654b997b3c2,n2871,195
na6a02a8bcb2610fb,n2872,195
n752b6ea7edabd5e7,n2873,195
n59f21dd04d521f0c,n2874,195
n5f8428530f34062b,n2875,195
naf08bc15b006d15b,n2876,195
n8213ae33cf8eff2d,n2877,195
n4bcac2109f25948d,n2878,195
n66e8d8621b55792b,n2879,195
nfd6afc32d56f5897,n2880,195
n4f3fcaae4b2c0a13,n2881,195
n28c4f89174ad7f02,n2882,195
n45278d93ee6ea28b,n2883,195
n051eda2495ce32f0,n2884,195
ncdb864ec05b179a8,n2885,195
n1aec373f3f9d1a47,n2886,195
n92c078f387299855,n2887,195
n94bb4e36113849cb,n2888,195
nd03bf6cd5dc2111e,n2889,195
n557425753c06259c,n2890,195
nbd5c2c37de3a0d46,n2891,195
n19a5c993999bdbb3,n2892,196
nbc55eff41b2ca8cd,n2893,196
n073cc6f19f77dce5,n2894,196
n9942f49cfe0c926f,n2895,196
nb7e230fa5746789a,n2896,196
n11f2171885033241,n2897,196
n60db943e6ea58ee1,n2898,196
nfae36ba19564004f,n2899,196
nb7d7a13fbdd4db90,n2900,196
n50e902468fafbb6e,n2901,196
n3bebbd5ec8a66f49,n2902,196
n9d2c186ce42a1dbc,n2903,196
n6546dbb5aff0e027,n2904,196
n58888acae9661f3f,n2905,196
n883353f913c30cda,n2906,196
n7db5d156947239bd,n2907,196
n939646f3b844f1ab,n2908,196
n71ab4ffa471b7640,n2909,196
n4d5796fc8062a502,n2910,196
n651a1322bcbddd44,n2911,196
n4ff0ac2b03ae6e30,n2912,197
n872a8b9dab38b293,n2913,197
n568c2ff2baf3d589,n2914,197
n3993bd00a3bbea8e,n2915,197
n16c1a353d239d484,n2916,197
ndcaffb2f3a8ef169,n2917,197
ne04de792bf4ac5bb,n2918,197
n4f26fdd9f129b9e1,n2919,197
nac3c13180e2eba0e,n2920,197
nafe638510aac5735,n2921,197
n97be7979431cfbf8,n2922,197
n4fc880804479dcf0,n2923,197
n725835df687b9e08,n2924,197
n96ea39b27e44f921,n2925,197
n49b227f841b84085,n2926,197
n0fb7176a67f46f80,n2927,197
n2ec0977373ac9f3f,n2928,197
n5556e87d8a0061d2,n2929,197
n6cbd2640c5576253,n2930,197
nb50a7395db09be15,n2931,197
n3654ad25a853e235,n2932,197
nc779f8de7619e9d2,n2933,197
na96b566dcb892be8,n2934,197
nf77ab4e82fc25d28,n2935,197
ncb853f3c9dbc2dfd,n2936,197
nad116b11e4239352,n2937,198
n857a1de4ed082c8f,n2938,198
nc917e5d45c51b0c4,n2939,198
n7ab9d71c264f0d90,n2940,198
ncf79728a748e2232,n2941,198
n935870c4438cba28,n2942,198
n40c58c54c8f555fe,n2943,198
n63ac6c93246b0885,n2944,198
n5ead9f3f96046c77,r17,198
n3c21efab63ffcbff,n2945,198
nd271c3fc68ad81a8,n2946,198
n819f0f8a9313af63,n2947,198
n83acc196b04a2e03,r18,198
naedab6456d3cd22a,n2948,198
nccf4ba288586d5a7,n2949,198
n3d3945c0ac138c52,n2950,198
nfa6819dcab6e844e,r19,198
n01b57929c0dc0cbd,n2951,198
ne4dc0292822323af,n2952,198
n001feabf53ea7644,n2953,198
n32a80cbfa0c308ec,n2954,199
n08651f39469bfe80,n2955,199
n03819e3aa01a9d9a,n2956,199
n4a12fc01fc13bf0d,n2957,199
n2b00df5690e3286e,n2958,199
nab4c2a331b1a3ae1,n2959,199
nebe2b62fa7a24826,n2960,199
nf496be0863f2199d,n2961,199
n55c461ce529160f0,n2962,199
nfd1454690fa4b97c,n2963,199
nf65b368d1e61a08c,n2964,199
n8e84140f1837ca6a,n2965,199
n3a7fa275f5517932,n2966,199
n78d7cd4e529e4cca,r20,199
n3bf53448224a0697,n2967,199
n75270a75cb2d7658,n2968,199
n444c034afb0c89e9,n2969,199
nd5467eb68c4bd2c5,r21,199
n9e7dbf848580f0d5,n2970,199
nedcda708d8969c53,n2971,199
n75514867b15e93fd,n2972,199
n822b4e4849be9bc7,r22,199
nfbd31f4d0bd3b12c,n2973,199
nf455b52275094d0b,n2974,199
n11268048c63e1243,n2975,199
n1dd73c9ee006273f,n2976,200
n94563bbd47a2004f,n2977,200
n267c8947d9906ea5,n2978,200
nee268c7a622b712e,n2979,200
n2a28787f2050c339,n2980,200
n3fba49f6b1e37039,n2981,200
ndcc618d8e97f8e6a,n2982,200
n9222d06db8a82ce5,n2983,200
nc1dfca08a070a017,r23,200
n2e2523457bfb447b,n2984,200
nf1b10f5908eacd8a,n2985,200
n8ac73398cf73da7e,n2986,200
nc6f1f4ad1af03614,r24,200
n98ae84a2ebb7f5ad,n2987,200
n766ead2bd7f458c6,n2988,200
n48cbbcf1af28e028,n2989,200
nf04113b4a4cc989b,r25,200
nbd0942c18edc39aa,n2990,200
n7c45f91a45321aac,n2991,200
n55d9cc0b27eccf14,n2992,200
nc5cc1e662bf00e43,n2993,201
n3091a45a213f7084,n2994,201
nc6efceb5b4564116,n2995,201
nf93385689d6795cd,n2996,201
n3927bb4e5efb0e4f,n2997,201
n830106596a4f6d56,n2998,201
n9d95dec9a0440e9b,n2999,201
n9c6bf2ecc604e047,n3000,201
n8d79ec9909051497,n3001,201
nae98d2c7cecae464,n3002,201
n48af94dc276b34f0,n3003,201
n9a6a3b5df3680e97,n3004,201
na340dc43fb76aac7,n3005,201
nc34e2c9a8edef6cc,r26,201
n7eb4b64a65312c5c,n3006,201
n95ce86511c0c2ff4,n3007,201
n4333ec76180231a9,n3008,201
nd2fc2e3db9130712,r27,201
n6d60f9ed916f6122,n3009,201
nd3a8a0d6c241f351,n3010,201
nfcc331e66d06b3ed,n3011,201
n857e96f22cf9dcd7,r28,201
n5dce16baec634df9,n3012,201
n783abd2165f1bec1,n3013,201
n4fb73d904356a131,n3014,201
nb4690ed54a3dcdb5,n3015,202
n31bcadddc0e292f6,n3016,202
n348fd26419ce0ab6,n3017,202
n0fb8a841cc311ea7,n3018,202
nc6af06631069ddd8,n3019,202
nb2237c0df3dd159c,n3020,202
n392cb8d5efb9caf1,n3021,202
nb4c90df2220cc425,n3022,202
n79518abd939820f9,n3023,202
n42d21e875851fa1b,n3024,202
ne2b2969817c056ed,n3025,202
n683c8015824d94cb,n3026,202
n4f7e5006d26c2681,n3027,202
naedddbbe92129676,n3028,202
n9a4de75c9d238e82,n3029,202
n4bcb1c25587243c5,r29,202
n1f70022c97401091,r30,202
nadef121cf37aef72,r31,202
n2caf50116cc3dc2a,n3030,203
nd36772668392d9c7,n3031,203
nea4d86da2fe60b75,n3032,203
n7196a01c5ef205dc,n3033,203
ndfb43907a5886692,n3034,203
n1f7256187e43910d,n3035,203
nd72b90ecda317e8c,n3036,203
n869f660ca8bf9468,n3037,203
n1f6b496c1242038a,n3038,203
nb6e7dca1e0adc76a,n3039,203
nda23f1d68d8cdc83,n3040,203
n97d1d4cd8024e175,n3041,203
n48175e3a9e8ae727,n3042,203
n0d7f60c4a72bdc53,n3043,204
nd25aa7ded24d2bf1,n3044,204
n2e88945df65fcdaf,n3045,204
n43146ed94d1b15c3,n3046,204
nc49706f15432dd45,n3047,204
n49c0ef7bb33c1202,n3048,204
n8dd7a1ec703e5fa5,n3049,204
n374f1769a4ea73e1,n3050,204
n2266aa2a43ba19c6,n3051,204
n430e0c5bd41e6ed6,n3052,204
nc5b747b7813585f3,n3053,204
nbd57f57761566695,n3054,204
nf591d5555cb12c25,n3055,204
nc80dbc30966ec8af,n3056,205
n25f52d6a384c96c9,n3057,205
n3a745d98ff721a8c,n3058,205
n362856d8068bd346,n3059,205
n04be7638959fa86f,n3060,205
n3418394228627864,n3061,205
n6463c3345f1c5000,n3062,205
n44674ec883e7a8d3,n3063,205
nfbf5642f8c437e98,n3064,205
n2156c0d4e958b023,n3065,205
n3eb04a31b4967e10,n3066,205
n4f7757ccda8ae265,n3067,205
n321071d72a445d24,n3068,206
nf5348e549661aadd,n3069,206
n3383431e6c5a9071,n3070,206
nf75034b384be7333,n3071,206
n48be1c6cb5ae723b,n3072,206
nbbd063e581c41723,n3073,206
n6c0991e1a7a0da22,n3074,206
n8033eb033ed86ceb,n3075,206
n67f3de554efc8162,n3076,206
n7c62bc735a47938d,n3077,206
naa8c1d5b58b3ec9b,n3078,206
nb4ac2a2ebfe1cabb,n3079,207
n930639aefab85cb9,n3080,207
n99c5ba48ba3eed9e,n3081,207
n3af06d00f7252608,n3082,207
nd39e0d57e69bb032,n3083,207
n7a14656499ec7d5e,n3084,207
n2e0ac1ada21efd2f,n3085,207
n2b0694aa430447dc,n3086,207
n9d4b91aa34feec35,n3087,207
na8901d4188bb324b,n3088,207
n844a520b7ff986fb,n3089,207
n19938c7a9d142262,n3090,207
n477bed3f985f8445,n3091,208
n8e891774b64641cb,n3092,208
n64aa2921cd8a83bc,n3093,208
n4e49de289857236e,n3094,208
ne6c3c4a8578f8fc7,n3095,208
n85f9e14e9d14671b,n3096,208
nf6eb1995ce70077e,n3097,208
ndcdcfec22e759bc2,n3098,208
nb9dba6888fdfa964,n3099,208
n88ffe069548bf998,n3100,209
ndda211dea2933ca0,n3101,209
n3549ee7ba13e6acb,n3102,209
nb5e0bbe69374437f,n3103,209
n0a0e9118898422f9,n3104,209
ncfd854eb780a695f,n3105,209
n428b7b1844e0e5ce,n3106,209
n180f00336d5efb2d,n3107,209
n916f1b1c431cea0f,n3108,209
n22cb3777d6568ebb,n3109,209
n1cd73a6300469a9c,n3110,209
nbec47a7405d8a955,n3111,209
nb1a8cb516127bf47,n3112,209
n4d2a36d0b9ebebe7,n3113,209
n39c9b8a94b7c3b16,n3114,209
nb46cb6d99d95ee64,n3115,209
n6aaca5847822a5d2,n3116,209
na18c951f279928f3,n3117,209
n7e6ba3a64068e8af,n3118,209
nfd872ddcf714c938,n3119,209
n16cb1159916186ca,n3120,209
n5878e6e0f7b24632,n3121,209
nf950c7ad41df3b15,n3122,209
n3aff0b4d5d6c4790,n3123,209
n1cbf3687e76584da,n3124,209
n3b11105c4134a26c,n3125,209
naf78bf6bc8ec9bac,n3126,209
nffdaf122fbc854ff,n3127,209
n3b69f5b8ace48195,n3128,209
n95b598325faa28b2,n3129,209
n77f105e66878968d,n3130,210
n62bbc8eac70c1e88,n3131,210
n578cf8dedcc2e8ba,n3132,210
n4832d4b7322faa2c,n3133,210
nfae771a230efd26d,n3134,210
n9ef51f1c16916cbd,n3135,210
nc85e4bce2a2b9b20,n3136,210
ne866569a88a5ac80,n3137,210
n817c8920fcb419fb,n3138,210
nf334669a2fcc1d9b,n3139,210
na835ae510db2e7c7,n3140,210
n3498cb5d32f9c029,n3141,210
nffa70be429dd0fe1,n3142,210
n32b031c55e3efc56,n3143,210
n398c728bd0f34e33,n3144,210
n059ac4bc35565247,n3145,210
n015b2e993d7f6133,n3146,210
nd71897396766db02,n3147,210
n83465cc080754543,n3148,210
n6295ad8f99a096bb,n3149,210
n4517aba0af587839,n3150,210
n48ec27d6e75cce13,n3151,210
nfb35320f28ef9955,n3152,210
nece1237ae75580c3,n3153,210
nc823971a259b15aa,n3154,210
nc44202b1ea69e5e8,n3155,210
n83268692a240edf7,n3156,210
n5498bfea9dcaebaf,n3157,210
ncebc492f35d24139,n3158,210
n8aa3898dba025d63,n3159,210
n487525d3ef45168e,n3160,210
n5b4b9b0d26b1a32a,n3161,211
n612e7237a4ef467d,n3162,211
nb55dd74b9ddc3422,n3163,211
n12c63521de51d169,n3164,211
n3b92587078304693,n3165,211
n622c3e876aca8f9f,n3166,211
n5864b501aab2f354,n3167,211
n308a70ce85b4c47d,n3168,211
n5533a3953ba3d8c6,n3169,211
n36ef31893475883b,n3170,211
n0704a060f2505895,n3171,211
n2ab1228dbd3876ad,n3172,211
n849580291dad985f,n3173,211
nff82cbce67687b2b,n3174,211
n5f7b6bd15396a001,n3175,211
n17190ba46a9cf67d,n3176,211
na43991d28aa5452b,n3177,211
nc408c8243a0bbad6,n3178,211
n66c843ca9b6dd7e8,n3179,211
na08d764227bd3160,n3180,211
n0b308b2b0faae852,n3181,211
na3e75f4e313a04c6,n3182,211
nd3ddf0eda7ed6a20,n3183,211
n1a2a6a47ddec55c4,n3184,211
n28cc7c00615664b7,n3185,211
nae812693b446bef7,n3186,211
n7dc29ef48e42c6fe,n3187,211
n22625ec1d60279a3,n3188,211
n8a94739813a2ce2e,n3189,211
n672607dcd8d43b36,n3190,211
n98c0dddc90e4090f,n3191,211
n3a6001da8114a9b5,n3192,212
n8c7d5433414932cb,n3193,212
nafd87128385fb886,n3194,212
ne8c148b733bef8dd,n3196,212
n87b0dfb03833e495,n3197,212
n5bf589bf442ade24,n3198,212
nbd8f72d42495dfb3,n3199,212
n1d31f5dd24598b43,n3200,212
n6306c61c11bddf0a,n3201,212
nddb2cb236a2377a1,n3202,212
neaef25a9f3166c7b,n3203,212
n55f804a0db190e1a,n3204,212
n9a4b0df4eaea6946,n3205,212
na6a0e9c1e2a0d1ca,n3206,212
nce157076ef81f9c4,n3207,212
nef0c7b2c73639637,n3208,212
nf7213d66debf078b,n3209,212
n1cdef394490b5ee2,n3210,212
n7c88e5a5923aee63,n3211,212
nf50baedf81151754,n3212,212
n242034e447298d17,n3213,212
n1d891bbfe5628d84,n3214,212
n655b892123bb8de4,n3215,212
ne010e6d7ca81449d,n3216,212
ne1f2949edc328b6a,n3217,212
n254ec48de771502c,n3218,212
n025c725d41827843,n3219,213
n14ddd8a4580bb035,n3220,213
n325760cb0ba9c40c,n3221,213
n4c0213949d871906,n3222,213
n1d1a4add1b00d52d,n3223,213
nc9dbf027a72adb60,n3224,213
ne38e8dd1dccc8e56,n3225,213
neac36be8934b3a93,n3226,213
nbb8635cb1e17fa2c,n3227,213
na821b676db19c9b7,n3228,213
nf977ff332f816371,n3229,214
n4b474485138121a9,n3230,214
n8561d7b99bfea0ec,n3231,214
n00fb913f933f6992,n3232,215
n0a33541d6b546d0b,n3233,215
nb1507871b58d1124,n3234,215
n6fb8746f69a1e5dc,n3235,215
nfcd2954134bc1fc5,n3236,216
nfc9a45686c3b9810,n3237,216
ne13ae2f5e9952f57,n3238,216
n5293ef4ecd0f1a18,n3239,216
n6987ea1a0bb96e11,n3240,216
n7a900a7f813e9a70,n3241,216
n7e14a7f4fb43ec9f,n3242,216
n63e88ac8efb23617,n3243,216
n552aa86c5048f78f,n3244,216
n1144e01a75a87137,n3245,216
n9f4d503ac19119c6,n3246,216
n9af59de2c1b1f45e,n3247,216
n5929370af36f39fb,n3248,216
nf66f3aeddcc43c89,n3249,216
n067151c9eee7d5b1,n3250,216
n4ed849018e2b12d3,n3251,216
nbe87afda34528a74,n3252,216
n9d06554a8b6765bd,n3253,217
n0dd8620036d12404,n3254,217
n9e0f2e0e9707f0d5,n3255,217
n5862028f736d5f45,n3256,217
n60905a62fc878302,n3257,217
ndb58bb698cb0f2c4,n3258,217
nf175ee759fce3140,n3259,217
na04807d2d5f0c948,n3260,217
nc78816bf841f9eb8,n3261,217
n42bf29bc2ec26152,n3262,217
n2f82832d9d5e4dce,n3263,217
nc8fdad192904f666,n3264,217
n6bc732303a01d3bc,n3265,217
n72604a98c53cbfc6,n3266,217
nc6208a5100273c2e,n3267,218
nff78b6f8b3c3f368,r32,218
n9ec2022a0d46cd92,n3268,218
nc6fd8d553f148ce3,n3269,219
nbefa4182a63be319,n3270,219
n5e0554de77ede07a,n3271,219
n663c4e73c5df5d44,n3272,219
n1497ada5b0ccf766,n3273,219
n643aaa18d8fa39b2,n3274,219
nb0ccd5267800224f,n3275,219
neeffad482e29f061,n3276,219
nf7dad0f0c2fe7cb5,n3277,220
n51aee849f74bcfae,n3278,220
n66196700abd4847d,n3279,220
n4dfd5f5f65160f74,n3280,220
n0cba47c0bfb91fc1,n3281,220
nfc1a6db38e85ac7a,n3282,220
n32cbfc802f1fe3ed,n3283,220
nd8d2737f87df7e40,n3284,220
nbe3733535a3e505e,n3285,220
nf7ad4e1efbff0fd2,n3286,220
nf17399601dfe8bab,n3287,220
n49f94da8610734b1,n3288,221
n70b5019feecb041a,n3289,221
n1e9e33f85dbfe7ae,n3290,221
n1cdb90afe8f394bf,n3291,221
n9eb55e3dd8f1ea6a,n3292,221
n780acdc5459d839a,n3293,221
nb077da3ab3af7ed1,n3294,221
ne589926deea30687,n3295,221
ne0c1341b76e5f1a8,n3296,221
n5fe4edd429cf6d30,n3297,221
n60494f8700202c73,n3298,221
n456279058300ae27,n3299,222
n4a338ecdb048c3ce,n3300,222
n2be4d94ab1ea76a3,n3301,222
n961ca3c6ad6c8c50,n3302,222
n3908bcfecbfd14d5,n3303,222
n4eb42a530400237f,n3304,222
n51972d0ca4f09608,n3305,222
n9ecff76499cb486f,n3306,222
n7afbb20d8beaf6b4,n3307,222
n2a9bdb4acb278b28,n3308,222
n6b908ce3f4c85da7,n3309,222
n0340d8fae7ccf160,n3310,222
ncaede4f77e19a588,n3311,222
n4418b75b71cb28db,n3312,222
n6fd190fc0a1718e1,n3313,222
n10001f3c447ceabe,n3314,223
nea46dbe892b751ef,n3315,223
nf32e9cc7ba25e79a,n3316,223
na80785750324225d,n3317,223
n9a7ed0d4b73666b1,n3318,223
na3ddb943f5ef6d2b,n3319,224
n4fafba8272b6345c,n3320,224
nf8d69a27f8f35869,n3321,224
nbf332450e1988cc0,n3322,224
nea839af4709a76fa,n3323,224
n1e1296c1790b6865,n3324,224
n43ca8d79ff199ec1,n3325,224
n89b42c9cdea7fad0,n3326,224
n00ee6cd05debe54d,n3327,224
nbb9663989c137548,n3328,224
nba5ff207f41b4448,n3329,224
na0f5d64999a3b780,n3330,224
nb1130188a3489900,n3331,225
nc6f3e0105289ae3c,n3332,225
n10967ed717cdc721,n3333,225
n0fe2343491c93831,n3334,225
n4e88e7f4ff3e53d7,n3335,225
n2ee1021588a8bad2,n3336,225
ndaf1376ddf8c4608,n3337,225
n767559f95e1b1554,n3338,225
n2cc614612b775638,n3339,225
n62598da2b0fb4a45,n3340,226
n885f23e40b79d0a4,n3341,226
n5b044504ae5aea03,n3342,226
n93f32110e82965cc,n3343,226
n78c013f831e9b60d,n3344,226
n868d3d2db3e55c7f,n3345,226
n5e9fb2b134108ee5,n3346,226
n6d57f14eb701eb53,n3347,226
n6c175551a0416f54,n3348,226
n806ccb316abbdb0e,n3349,227
n5c61850502a05a61,n3350,227
n7307dc2d08f7efd9,n3351,227
ndae25a8670ea53d7,n3352,227
n241faff003fdef33,n3353,227
na0e1866fc518dd64,n3354,227
n1a98591690eeabdf,n3355,227
n0e9aff65cb8e0eab,n3356,227
n1bbe58403d4bd02a,n3357,227
n405ebcda0ff0c20e,n3358,227
n0a11dab3ff2684b6,n3359,227
n6c7ca2e4846edbe3,n3360,228
nba426f603e2e6f30,n3361,228
n6e5974cde683ee06,n3362,228
nb04231ccfa2415da,n3363,228
nde5e3794c4b7eac7,n3364,228
n88c6e032d51d0951,n3365,228
nbb12c1cda91058ca,n3366,228
n1076f42394df319f,n3367,228
n03cf389388228152,n3368,228
n6a89d758d2ecbecc,n3369,229
nda78ec3b9b76d694,n3370,229
nc9e7a0b0d193aae3,n3371,229
nf1a6258826d1f425,n3372,229
n63a1fa1cfe0b9a6d,n3373,229
n7457135c262594a1,n3374,229
n34d58ea19aba78d7,n3375,229
nba18d946e9598302,n3376,229
n0ac2c4d562fcefea,n3377,229
n51903a33f0425bb9,n3378,229
n892dd81cf5afd37e,n3379,229
n15c3a3bd85068e28,n3380,230
ndc3eeb45996e3f19,n3381,230
n54b038d9c474bb12,n3382,230
n0c547337a507c18f,n3383,230
n23fd04dbe7099af0,n3384,230
n939f482c2b89b9c3,n3385,230
neba6dce75f01d30a,n3386,230
nbb05dbde6da05973,n3387,230
n537f93e16d216436,n3388,230
nd742291a5f39c761,n3389,230
n1b6a93e68675b6ce,n3390,230
nc2f55390f98be25c,n3391,230
ndc45b6b0495ee633,n3392,231
nbceee8df68bbbf50,n3393,231
needd4963e47f15e3,n3394,231
n6a262904fb4632fa,n3395,231
na74498070d9ef848,n3396,231
n0fbe8538644eb334,n3397,232
n5fe1593085d4bd17,n3398,232
nc901d892aed4050c,n3399,232
n45d3af1ae0a8950e,n3400,232
n313d92869c5c4896,n3401,232
n4addaeded73b63bb,n3402,232
n39f37e714d19d8e6,n3403,232
nf1545340a4ae4e68,n3404,232
nb3bf788052607849,n3405,232
n4f3f718b807a0acf,n3406,232
n924f2c47930b2191,n3407,232
naf3268f6b4ad53f6,n3408,232
n1eafc5222625dd4e,n3409,233
nd58897b4dc7cb257,n3410,233
n6077a375ad486021,n3411,233
na557bc7b60d01f76,n3412,234
na5a6e7424551442d,n3413,234
n42186e47dacc3091,n3414,234
n394e54a3be32c124,n3415,234
nb1dd5732f094a2bf,n3416,234
n64a1fd84a74cdbd0,n3417,234
ncb29e9b70efcbec0,n3418,234
n08b00db2cddae8f1,n3419,234
nad8adf71da383320,n3420,234
n2ba60a8146f68cd9,n3421,234
nf36e9155cf901a7d,n3422,234
ndc5cb3274e87e311,n3423,234
neeef221805dd79e0,n3424,234
n499b3a4747bfb684,n3425,234
n1daf2c6fca1728e4,n3426,234
n9866d00d31c1ef96,n3427,234
n73ce9dfbf128381a,n3428,234
nc116d4c0d8b0fa58,n3429,234
nd55913a2a49e63b8,n3430,234
n34cca48bb8d9f445,n3431,234
na58e55b5e6ff54c7,n3432,235
n39862ec7d2c1fc3b,n3433,235
ncd1f708e5a4bd1c6,n3434,235
nf0b20e46c4b9bcca,n3435,235
n327687668dac045b,n3436,235
n3a22aea1dc546d95,n3437,235
n85d4a877f3d58f4c,n3438,235
n927ba5790e38c103,n3439,235
nd526239431f233f3,n3440,235
n6d6eabcafc7e58da,n3441,235
n03cde55aa8e7a385,n3442,235
n4ade97a1b4ec3803,n3443,235
n053d6ee080b1dcd1,n3444,235
n83110c04ca5d8e7a,n3445,235
na24641419e66d2e9,n3446,235
nd5b6b76d10747839,n3447,235
n6b2bfe6e9d079132,n3448,235
nb759d81996cc84a1,n3449,236
nb9158a6aa00a03b7,n3450,236
n132741a2dfd10bf8,n3451,236
n95b628318b9a865d,n3452,236
ndfbcfc43d0d32c10,n3453,236
n91f87bb524f138da,n3454,236
n29611a97cbad99e0,n3455,236
n734ef1ea08225ce8,n3456,236
nba876dab6680fa26,n3457,236
n3eeaee7b2b75d357,n3458,236
n643f64f206f73e30,n3459,236
n9f94aaebedfdc22c,n3460,236
n66e858175007c975,n3461,236
nd22e2aae0ef2cfb0,n3462,236
n7d46933693c1f5ce,n3463,237
n0080ef83d092bb6f,n3464,237
nd62c855cb89e2e43,n3465,237
n0e5eb056a6332e5f,n3466,237
n0bdac82a0fc77011,n3467,237
ncdaef6b57a7ec246,n3468,237
ncbf479d926a73b5a,n3469,237
n407391ef37977823,n3470,237
n35667f688931fa92,n3471,238
n6aa97a6ebcbfaa5d,n3472,238
n72941426d93fe0b9,n3473,238
n781d137e9d4f97da,n3474,238
n725c0c088031a5ee,n3475,238
nfcc3e109083fb3e8,n3476,238
nc169b682ac898150,n3477,238
n4ef79d5d291f9dbe,n3478,238
n32242b94ddfbe268,n3479,238
n8fda73e572588d9c,n3480,239
n12b2f03dcc3db7da,n3481,239
n2fc78e6127b960ae,n3482,239
n693cf4cd9b191e4d,n3483,239
n47653f97433fb3ba,n3484,239
n926fe3fb2efa07cb,n3485,239
n78ed4bbb4de1c2b9,n3486,239
nfa0ecb8abc4ebfb6,n3487,239
n6dc90d0fe4220ecd,n3488,239
n4eb91d71c4d9d24b,n3489,239
nf702d689f56b8eab,n3490,239
n3e738227a0c92e66,n3491,239
n9da073c04e2d6b0c,n3492,239
n3ab657873c103ae8,n3493,239
n3b0c19f12d492c7e,n3494,239
n5be5dd7f36d03131,n3495,240
n2a3558f5238cb933,n3496,240
n8283fd3e8b0ba9e5,n3497,240
n08637f39ad8d4fb6,n3498,240
n671f3d524ae2b78a,n3499,240
naf871916d912651c,n3500,241
n62e70affcd46ec29,n3501,241
n37481854ecb12136,n3502,241
naf61f962ae7169d2,n3503,241
neaf7a7815e7d1ac1,n3504,241
n36cdd2666a790a13,n3505,241
n0d2b58e9ca3d24d3,n3506,241
nc8e8dd8971bdb0f7,n3507,241
n456937c62000ebe7,n3508,241
n48c4156ca483a4f5,n3509,241
n5389c70ffae8fa8c,n3510,241
n9d71c68ea1b2dfc4,n3511,241
ndafafea8241f891c,n3512,242
n8b21606d541360b6,n3513,242
n1d603ab05d185ac1,n3514,242
ncf55c6ffbbee87ed,n3515,242
nbc542794b038aeae,n3516,242
n18edde6cade4f4c9,n3517,242
ne9195b5930c20d46,n3518,242
nc0c9b6acfd6714ea,n3519,242
n1e11012d6516a895,n3520,242
nf1a13edb1b420e4f,n3521,243
nbc8ae8d6db9fd17e,n3522,243
n7f52685a12b9bd96,n3523,243
n677977b2ee12674a,n3524,243
n58cc5631d31e4632,n3525,243
n468b23fa4c44d21b,n3526,243
n27d994d4e8ff634f,n3527,243
ncafbaa0d4de09530,n3528,243
n649a061b47abc702,n3529,243
n1e2a8e361b0a8fd0,n3530,244
neb5305472d64d61a,n3531,244
n3f1df9f6e2c3dc86,n3532,244
n71e2711a1e402eae,n3533,244
n1e2a8035522236bf,n3534,244
nbcc50a03657faf5c,n3535,244
n3320cc6adec6ebb8,n3536,244
nb44c945f3ca01473,n3537,244
ndaaac818c9ba7927,n3538,244
n75650798dc760132,n3539,244
ndc22197d547f7bb8,n3540,244
n2fae94dd5fd63127,n3541,244
n066de601eb1a4f79,n3542,244
na8fe76c58d7d52a3,n3543,245
n6ef51899b5107ae8,n3544,245
n9bdc11de4de88f4d,n3545,245
n60ebac1994f7b2f0,n3546,245
nb8cdeff6558defb4,n3547,245
n7f2b3f5ae5a26aca,n3548,245
nf18db0ef777b3171,n3549,245
ndbf71c24db498064,n3550,245
n8d91349a115ed2b2,n3551,245
n9204493ec34a079e,n3552,245
na5fc130b6b61c795,n3553,245
n1cce8091b96d428f,n3554,245
n4673c479c2097d0b,n3555,245
n73fa0e8cc11fcfa6,n3556,245
nddc771154cabcee3,n3557,245
naf69ebf46557c805,n3558,245
ncf5a4d0e167cefa0,n3559,245
n14ad669577c21f98,n3560,245
n15c528699dd21eb2,n3561,245
n131f2ce602ad3fe3,n3562,246
n8d664e95be99436c,n3563,246
nad3f9f96e71cba58,n3564,246
n77beaae5a422b695,n3565,246
nfaf542999979ce60,n3566,246
ncb4c4ac69f304007,n3567,246
n26babd26413bb56a,n3568,246
n16b4a8877178d5a8,n3569,246
n548cec0986cc92ba,n3570,246
nf8266c69cb09d8de,n3571,246
nab648fe678a39c0a,n3572,246
n68ab0bf0cdc490e2,n3573,246
nfda7cd41ca8a7c7e,n3574,246
n5bd386c7544ac698,n3575,246
n506d8b95391b775a,n3576,247
n44d9f9dc663a17f4,n3577,247
n4331c4a8917077ec,n3578,247
n281d78134b2f6dfc,n3579,247
ne2aadff551dbc401,n3580,247
nd99dbf3e5c78a93b,n3581,247
n219b473fc745a564,n3582,247
n08b8376864cbf899,n3583,247
need67c2b056165a1,n3584,247
n492e5ac738a4556a,n3585,247
ndc2733a0909db189,n3586,247
n9c263863dd4872b2,n3587,247
n6384b0e423df3929,n3588,247
n242052477145a9d0,n3589,247
ne828c68205ac8553,n3590,247
n3b3922a9054fbaee,n3591,247
n40fc10604eb21cf6,n3592,248
n221ad3dffd14355d,n3593,248
nc75bb8427dcdfea3,n3594,248
nb151b3406d010a56,n3595,248
n08a185c312f843fa,n3596,248
na593f32186f7db2d,n3597,248
n60eb3ecc653b8fcb,n3598,248
nc62f6b4a930ce2ea,n3599,248
n15f52f9675abce2a,n3600,248
n04318c0ca832dc0f,n3601,248
n453adfbb36861337,n3602,248
ncd43db4e080c4a6b,n3603,248
na10976188519dfd8,n3604,248
na2a001a05a173d13,n3605,248
nd4a42feea0786cd0,n3606,248
nef497754af7313bc,n3607,249
nab438f694cd557c8,n3608,249
n6b0800f29cb035ac,n3609,249
nff117d8710955c29,n3610,249
nbaa67a584b1f767b,n3611,249
needb1a6e687df4a5,n3612,249
n59d8d9b1e451bb6a,n3613,249
n611000c33288532c,n3614,249
n36ecbb383813bbf6,n3615,249
na4988be0007a633e,n3616,249
n7b86756e39956ec5,n3617,249
n82a8c56fb9669b21,n3618,249
n6df8da32ba125096,n3619,249
ncfba5ac7e21e1197,n3620,249
n77ee6efd2a4c49b1,n3621,249
n958ce20f4fd0244c,n3622,249
nd8ebf71a7410cfbe,n3623,249
ncabee7016465438a,n3624,249
n70fa9ca81ec1fe23,n3625,250
n7b4e852469a0b6f5,n3626,250
n7d8a39eec406861c,n3627,250
nc88dd6bda369ef64,n3628,250
na03c1022c8042bff,n3629,250
nfaa9ba24cec17e18,n3630,250
ne655c3bc14257516,n3631,250
n15d62a9079cd764d,n3632,250
ne24b88da0979963d,n3633,250
n8da65ce2a5e70d64,n3634,250
n2a5cef754c0e50ca,n3635,250
n8d37129633d084d4,n3636,251
nba700fa1a62104c2,n3637,251
nc79d96a8d46b9c70,n3638,251
n9445a6987a6168b3,n3639,251
n5f5cecd3dfaf060c,n3640,251
nb9259a94b0850f6b,n3641,251
n7920add792a91219,n3642,251
n8626840f59a6891d,n3643,251
n8478094959433db8,n3644,251
n98f80d479849a9fd,n3645,251
n32ac2ff340d4be9b,n3646,251
nfa64251fb5b1c1c9,n3647,251
n7523381ffe29757a,n3648,252
naaad999719e81677,n3649,252
n03ef7e23468ff1ba,n3650,252
n4ae82bf45b6589d8,n3651,252
n135f4df5311fd57d,n3652,252
nf519c834962b063d,n3653,252
na507e44d64af18a9,n3654,252
n6c7dae377090e7d8,n3655,252
nc3d2c8c4d22f9130,n3656,252
nc2f7d498913d834b,n3657,252
n681d6dba1d2d7afc,n3658,252
n5501e382d2ca20db,n3659,252
n7191552aecbf28ce,n3660,252
na9fbc0f8c21c748a,n3661,253
n12c85c14487028d9,n3662,253
nc3d92aaffb634e10,n3663,253
n9036fd70b42fc3e0,n3664,253
nfe7a4bd2d89fe6cb,n3665,253
nbe5ece0dc68c5d10,n3666,253
n57ed50a69a193819,n3667,253
n6b7e2d406fb3df0f,n3668,253
nc9a320d3e2f62ea2,n3669,253
