element_id,original_id,tag,carrier,host_or_staff
n328a6f88d8219602--staccato--1,,staccato,derive,n328a6f88d8219602
n328a6f88d8219602--arpeggiate--1,n4--arpeggiate--1,arpeggiate,stamp,n328a6f88d8219602
ne59a259b18e1083d--arpeggiate--1,n5--arpeggiate--1,arpeggiate,stamp,ne59a259b18e1083d
n1ebd4923ac63c370--arpeggiate--1,n6--arpeggiate--1,arpeggiate,stamp,n1ebd4923ac63c370
nff16c4b12e1e439f--slur--start--1,n7--slur--start--1,slur,stamp,nff16c4b12e1e439f
nff16c4b12e1e439f--accent--1,,accent,derive,nff16c4b12e1e439f
nbe19bf272114759b--slur--stop--1,n9--slur--stop--1,slur,stamp,nbe19bf272114759b
nbe19bf272114759b--staccato--1,,staccato,derive,nbe19bf272114759b
n6b9eb7f599464b35--slur--start--1,n10--slur--start--1,slur,stamp,n6b9eb7f599464b35
n6b9eb7f599464b35--accent--1,,accent,derive,n6b9eb7f599464b35
e9ba42c92cc624887,md-1-1-1-1,words,md,1
e6862ca45a6b63264,md-1-1-4-1,dynamics,md,4
ec6072a53b64c5275,md-1-1-4-2,pedal,md,4
n2b7ab5ce2be3b3dd--slur--stop--1,n15--slur--stop--1,slur,stamp,n2b7ab5ce2be3b3dd
n2b7ab5ce2be3b3dd--staccato--1,,staccato,derive,n2b7ab5ce2be3b3dd
n4d31cbb72bb4dea9--slur--start--1,n16--slur--start--1,slur,stamp,n4d31cbb72bb4dea9
n4d31cbb72bb4dea9--accent--1,,accent,derive,n4d31cbb72bb4dea9
nfe883c0bcc3da250--slur--stop--1,n18--slur--stop--1,slur,stamp,nfe883c0bcc3da250
nfe883c0bcc3da250--staccato--1,,staccato,derive,nfe883c0bcc3da250
nefb37223ea7e2bb7--staccato--1,,staccato,derive,nefb37223ea7e2bb7
e3d5eb5bd3c76d65b,md-1-2-4-1,pedal,md,4
nc3179f2d1e5d6bc4--staccato--1,,staccato,derive,nc3179f2d1e5d6bc4
nc3179f2d1e5d6bc4--arpeggiate--1,n24--arpeggiate--1,arpeggiate,stamp,nc3179f2d1e5d6bc4
n67dadcd0cddebd0a--arpeggiate--1,n25--arpeggiate--1,arpeggiate,stamp,n67dadcd0cddebd0a
nd38a55d185132695--arpeggiate--1,n26--arpeggiate--1,arpeggiate,stamp,nd38a55d185132695
n0a4ed5d30efbc111--arpeggiate--1,n27--arpeggiate--1,arpeggiate,stamp,n0a4ed5d30efbc111
n6d13c133290d74e7--slur--start--1,n28--slur--start--1,slur,stamp,n6d13c133290d74e7
n6d13c133290d74e7--accent--1,,accent,derive,n6d13c133290d74e7
nb2c39119615c82cb--slur--stop--1,n31--slur--stop--1,slur,stamp,nb2c39119615c82cb
nb2c39119615c82cb--staccato--1,,staccato,derive,nb2c39119615c82cb
n5b9f07bbaae3e6eb--slur--start--1,n32--slur--start--1,slur,stamp,n5b9f07bbaae3e6eb
n5b9f07bbaae3e6eb--accent--1,,accent,derive,n5b9f07bbaae3e6eb
e860195dfdc4d6ba0,md-1-3-4-1,pedal,md,4
n6b182e8f6f09718c--slur--stop--1,n38--slur--stop--1,slur,stamp,n6b182e8f6f09718c
n6b182e8f6f09718c--staccato--1,,staccato,derive,n6b182e8f6f09718c
n07b507cebd850653--slur--start--1,n39--slur--start--1,slur,stamp,n07b507cebd850653
n07b507cebd850653--accent--1,,accent,derive,n07b507cebd850653
nf379ae7cff4a23d1--slur--stop--1,n42--slur--stop--1,slur,stamp,nf379ae7cff4a23d1
nf379ae7cff4a23d1--staccato--1,,staccato,derive,nf379ae7cff4a23d1
n891c3e0a0566a6dd--staccato--1,,staccato,derive,n891c3e0a0566a6dd
e0659e7d8250fcdc1,md-1-4-4-1,pedal,md,4
naa668d9e2732538d--staccato--1,,staccato,derive,naa668d9e2732538d
n729603f1d607f302--slur--start--1,n51--slur--start--1,slur,stamp,n729603f1d607f302
n729603f1d607f302--accent--1,,accent,derive,n729603f1d607f302
nc8e0927d98738b38--slur--stop--1,n54--slur--stop--1,slur,stamp,nc8e0927d98738b38
nc8e0927d98738b38--staccato--1,,staccato,derive,nc8e0927d98738b38
ndf23df35c3ff790b--slur--start--1,n55--slur--start--1,slur,stamp,ndf23df35c3ff790b
ndf23df35c3ff790b--accent--1,,accent,derive,ndf23df35c3ff790b
n974e9aabc91d11b7--staccato--1,,staccato,derive,n974e9aabc91d11b7
n81bbb75c40972ffd--slur--start--1,n61--slur--start--1,slur,stamp,n81bbb75c40972ffd
n81bbb75c40972ffd--accent--1,,accent,derive,n81bbb75c40972ffd
n65b6b304a7f21990--slur--stop--1,n64--slur--stop--1,slur,stamp,n65b6b304a7f21990
n65b6b304a7f21990--staccato--1,,staccato,derive,n65b6b304a7f21990
na0176bc1ce402073--slur--start--1,n65--slur--start--1,slur,stamp,na0176bc1ce402073
e8d1d327b8f22883f,md-1-5-3-1,dynamics,md,3
e3fc948f60a560063,md-1-5-4-1,pedal,md,4
n35bd0425304ed19e--slur--stop--1,n70--slur--stop--1,slur,stamp,n35bd0425304ed19e
n35bd0425304ed19e--staccato--1,,staccato,derive,n35bd0425304ed19e
nbf40fa6b41f6e331--staccato--1,,staccato,derive,nbf40fa6b41f6e331
n95df8aeb66cc0975--accent--1,,accent,derive,n95df8aeb66cc0975
neb3782031ab6c4de--slur--stop--1,n80--slur--stop--1,slur,stamp,neb3782031ab6c4de
neb3782031ab6c4de--staccato--1,,staccato,derive,neb3782031ab6c4de
nd3041141eb87417d--staccato--1,,staccato,derive,nd3041141eb87417d
na56580ce5f93806e--staccato--1,,staccato,derive,na56580ce5f93806e
nf19162ed99296158--accent--1,,accent,derive,nf19162ed99296158
ef0af23ceaac0700d,md-1-6-4-1,pedal,md,4
e49e4db2a5810a89c,md-1-6-4-2,pedal,md,4
eae08752cb95fe5a4,md-1-6-4-3,pedal,md,4
nedca7d52d8c31924--staccato--1,,staccato,derive,nedca7d52d8c31924
n523e53af4773796d--slur--start--1,n96--slur--start--1,slur,stamp,n523e53af4773796d
n523e53af4773796d--accent--1,,accent,derive,n523e53af4773796d
nef4f5f399daddebe--slur--stop--1,n99--slur--stop--1,slur,stamp,nef4f5f399daddebe
nef4f5f399daddebe--staccato--1,,staccato,derive,nef4f5f399daddebe
n6b79af975e243328--slur--start--1,n100--slur--start--1,slur,stamp,n6b79af975e243328
n6b79af975e243328--accent--1,,accent,derive,n6b79af975e243328
n55b2ab2620a65f10--staccato--1,,staccato,derive,n55b2ab2620a65f10
nc546785d982d7ea4--slur--start--1,n106--slur--start--1,slur,stamp,nc546785d982d7ea4
nc546785d982d7ea4--accent--1,,accent,derive,nc546785d982d7ea4
n9b51fd555d1ef9b0--slur--stop--1,n109--slur--stop--1,slur,stamp,n9b51fd555d1ef9b0
n9b51fd555d1ef9b0--staccato--1,,staccato,derive,n9b51fd555d1ef9b0
n7e220a0ce4f8799c--slur--start--1,n110--slur--start--1,slur,stamp,n7e220a0ce4f8799c
n7e220a0ce4f8799c--accent--1,,accent,derive,n7e220a0ce4f8799c
e962923e80ead9383,md-1-7-4-1,pedal,md,4
n1b7f104cc402b52e--slur--stop--1,n115--slur--stop--1,slur,stamp,n1b7f104cc402b52e
n1b7f104cc402b52e--staccato--1,,staccato,derive,n1b7f104cc402b52e
n983b596e448ef88b--staccato--1,,staccato,derive,n983b596e448ef88b
n17ae5486e22ccfa8--accent--1,,accent,derive,n17ae5486e22ccfa8
n040c43226b2ed746--slur--stop--1,n125--slur--stop--1,slur,stamp,n040c43226b2ed746
n040c43226b2ed746--staccato--1,,staccato,derive,n040c43226b2ed746
nb94bc439aadab977--staccato--1,,staccato,derive,nb94bc439aadab977
nf2c11d22eb9bc8de--staccato--1,,staccato,derive,nf2c11d22eb9bc8de
n77f916abfd2438bc--accent--1,,accent,derive,n77f916abfd2438bc
e00147391ae62121d,md-1-8-4-1,pedal,md,4
e59e902d4b7a753ab,md-1-8-4-2,pedal,md,4
n63967a20d477f736--accent--1,,accent,derive,n63967a20d477f736
ne21065faa28bffe8--tie--1,,tie,derive,ne21065faa28bffe8
ne21065faa28bffe8--tied--start--1,n150--tied--start--1,tied,stamp,ne21065faa28bffe8
ne21065faa28bffe8--accent--1,,accent,derive,ne21065faa28bffe8
n8c4c08664a58601e--tie--1,,tie,derive,n8c4c08664a58601e
n8c4c08664a58601e--tied--start--1,n151--tied--start--1,tied,stamp,n8c4c08664a58601e
ncdcb68630f7dae26--tie--1,,tie,derive,ncdcb68630f7dae26
ncdcb68630f7dae26--tied--start--1,n152--tied--start--1,tied,stamp,ncdcb68630f7dae26
nf4a3cbdd73821ab8--accent--1,,accent,derive,nf4a3cbdd73821ab8
n6b506dc033ef185e--staccato--1,,staccato,derive,n6b506dc033ef185e
n7515a9f2071640a8--staccato--1,,staccato,derive,n7515a9f2071640a8
n77d69a738ea0d77c--accent--1,,accent,derive,n77d69a738ea0d77c
e89fdf71c6d3cb5ff,md-1-9-4-1,pedal,md,4
e130b810cf617a5ca,md-1-9-4-2,pedal,md,4
n0d91fd75de712b50--tie--1,,tie,derive,n0d91fd75de712b50
n0d91fd75de712b50--tied--stop--1,n168--tied--stop--1,tied,stamp,n0d91fd75de712b50
ne334a21b93bbe85f--tie--1,,tie,derive,ne334a21b93bbe85f
ne334a21b93bbe85f--tied--stop--1,n169--tied--stop--1,tied,stamp,ne334a21b93bbe85f
n880fa7cf405144f2--tie--1,,tie,derive,n880fa7cf405144f2
n880fa7cf405144f2--tied--stop--1,n170--tied--stop--1,tied,stamp,n880fa7cf405144f2
n5ed762c83cb98aed--staccato--1,,staccato,derive,n5ed762c83cb98aed
n5793849a623878f8--staccato--1,,staccato,derive,n5793849a623878f8
nf3f9c90accca91bf--staccato--1,,staccato,derive,nf3f9c90accca91bf
n234d92dcc403628a--staccato--1,,staccato,derive,n234d92dcc403628a
nf6cbca8f69e4afba--staccato--1,,staccato,derive,nf6cbca8f69e4afba
n94cc84b87529526e--staccato--1,,staccato,derive,n94cc84b87529526e
ne55593d3bc28164f--staccato--1,,staccato,derive,ne55593d3bc28164f
n99ee9c7cde4c4b15--staccato--1,,staccato,derive,n99ee9c7cde4c4b15
n80d5a7d566acc9f4--staccato--1,,staccato,derive,n80d5a7d566acc9f4
n4595d352116ff097--staccato--1,,staccato,derive,n4595d352116ff097
n337b095eb7d910c0--staccato--1,,staccato,derive,n337b095eb7d910c0
n3b6d8d5207f4ecd3--staccato--1,,staccato,derive,n3b6d8d5207f4ecd3
e4e5b550406e2be68,md-1-10-3-1,wedge,md,3
ea8f1914e86cd207f,md-1-10-3-2,wedge,md,3
e6d922757dd7c536b,md-1-10-4-1,pedal,md,4
e44f73eeae8b5654a,md-1-10-4-2,dynamics,md,4
n55265ced09e276dc--slur--start--1,n208--slur--start--1,slur,stamp,n55265ced09e276dc
n2cb807b64c864817--slur--stop--1,n210--slur--stop--1,slur,stamp,n2cb807b64c864817
n2cb807b64c864817--strong-accent--1,,strong-accent,derive,n2cb807b64c864817
n4e21824778fffcf9--staccato--1,,staccato,derive,n4e21824778fffcf9
n87ff977d6f987cde--slur--start--1,n214--slur--start--1,slur,stamp,n87ff977d6f987cde
nb91103fdb2595180--slur--stop--1,n216--slur--stop--1,slur,stamp,nb91103fdb2595180
nb91103fdb2595180--strong-accent--1,,strong-accent,derive,nb91103fdb2595180
n1db55a06d34248a4--slur--start--1,n221--slur--start--1,slur,stamp,n1db55a06d34248a4
ee103ce4400da52f6,md-1-11-3-1,dynamics,md,3
ec07cbe2dc504e5d5,md-1-11-3-2,words,md,3
eb9e589533e92d7e8,md-1-11-4-1,pedal,md,4
eb6582cf74271880d,md-1-11-4-2,pedal,md,4
eec525c8007ddadb5,md-1-11-4-3,pedal,md,4
n6cc053762f7f31b5--tuplet--start--1,n226--tuplet--start--1,tuplet,stamp,n6cc053762f7f31b5
n6cc053762f7f31b5--slur--start--1,n226--slur--start--1,slur,stamp,n6cc053762f7f31b5
n6cc053762f7f31b5--inverted-mordent--1,,inverted-mordent,derive,n6cc053762f7f31b5
n12244d7054b9d6c4--tuplet--stop--1,n228--tuplet--stop--1,tuplet,stamp,n12244d7054b9d6c4
n12244d7054b9d6c4--slur--stop--1,n228--slur--stop--1,slur,stamp,n12244d7054b9d6c4
n1537906ab01dbaf7--staccato--1,,staccato,derive,n1537906ab01dbaf7
n0de2110123a22b43--staccato--1,,staccato,derive,n0de2110123a22b43
n8fdf6945470d4d55--tuplet--start--1,n232--tuplet--start--1,tuplet,stamp,n8fdf6945470d4d55
nae45cba316bece41--tuplet--stop--1,n235--tuplet--stop--1,tuplet,stamp,nae45cba316bece41
n92bb659168173237--staccato--1,,staccato,derive,n92bb659168173237
n26c957f1f6391c39--slur--stop--1,n247--slur--stop--1,slur,stamp,n26c957f1f6391c39
e3745bca8fd065107,md-1-12-4-1,pedal,md,4
e05f2d5d58f5b8131,md-1-12-4-2,pedal,md,4
e272ce6e882b1692a,md-1-12-4-3,pedal,md,4
na7f5ac3d2fc571e8--staccato--1,,staccato,derive,na7f5ac3d2fc571e8
n754887453f2c041d--slur--start--1,n253--slur--start--1,slur,stamp,n754887453f2c041d
n754887453f2c041d--strong-accent--1,,strong-accent,derive,n754887453f2c041d
n9fe4626074c6ef74--slur--stop--1,n256--slur--stop--1,slur,stamp,n9fe4626074c6ef74
n9fe4626074c6ef74--staccato--1,,staccato,derive,n9fe4626074c6ef74
nf6dcb36e86a45ce1--slur--start--1,n258--slur--start--1,slur,stamp,nf6dcb36e86a45ce1
nf6dcb36e86a45ce1--strong-accent--1,,strong-accent,derive,nf6dcb36e86a45ce1
n4b7e49c06dd734c6--staccato--1,,staccato,derive,n4b7e49c06dd734c6
n3123a307459066d4--slur--start--1,n268--slur--start--1,slur,stamp,n3123a307459066d4
n3123a307459066d4--strong-accent--1,,strong-accent,derive,n3123a307459066d4
ne813f8f8cc971d9b--slur--stop--1,n271--slur--stop--1,slur,stamp,ne813f8f8cc971d9b
ne813f8f8cc971d9b--staccato--1,,staccato,derive,ne813f8f8cc971d9b
n3cc71a7bd1903a49--slur--start--1,n274--slur--start--1,slur,stamp,n3cc71a7bd1903a49
n3cc71a7bd1903a49--strong-accent--1,,strong-accent,derive,n3cc71a7bd1903a49
e62b027699145e6cf,md-1-13-3-1,dynamics,md,3
ece63b8a212586eac,md-1-13-4-1,pedal,md,4
n8670693be9c8afeb--slur--stop--1,n279--slur--stop--1,slur,stamp,n8670693be9c8afeb
n8670693be9c8afeb--staccato--1,,staccato,derive,n8670693be9c8afeb
ndd356ef04d8f17db--staccato--1,,staccato,derive,ndd356ef04d8f17db
ncb941bfb7c438115--slur--stop--1,n293--slur--stop--1,slur,stamp,ncb941bfb7c438115
ncb941bfb7c438115--staccato--1,,staccato,derive,ncb941bfb7c438115
n007bf6127c61bd9f--staccato--1,,staccato,derive,n007bf6127c61bd9f
n956c949c87573d58--staccato--1,,staccato,derive,n956c949c87573d58
e899008845794999c,md-1-14-4-1,pedal,md,4
e4a6a71b91a559f13,md-1-14-4-2,pedal,md,4
ed6d6ee2242e7aa94,md-1-14-4-3,pedal,md,4
n8bb1a95aa4b3201c--slur--start--1,n310--slur--start--1,slur,stamp,n8bb1a95aa4b3201c
n8bb1a95aa4b3201c--strong-accent--1,,strong-accent,derive,n8bb1a95aa4b3201c
n642a12114cf618f1--slur--stop--1,n313--slur--stop--1,slur,stamp,n642a12114cf618f1
n642a12114cf618f1--staccato--1,,staccato,derive,n642a12114cf618f1
na1b5119ac25353fd--slur--start--1,n316--slur--start--1,slur,stamp,na1b5119ac25353fd
na1b5119ac25353fd--slur--start--2,n316--slur--start--2,slur,stamp,na1b5119ac25353fd
na1b5119ac25353fd--strong-accent--1,,strong-accent,derive,na1b5119ac25353fd
n50b8998ac19c1791--staccato--1,,staccato,derive,n50b8998ac19c1791
n50b8998ac19c1791--arpeggiate--1,n319--arpeggiate--1,arpeggiate,stamp,n50b8998ac19c1791
n70802a33a54a8b8e--arpeggiate--1,n320--arpeggiate--1,arpeggiate,stamp,n70802a33a54a8b8e
ne30a6605f908dec8--arpeggiate--1,n321--arpeggiate--1,arpeggiate,stamp,ne30a6605f908dec8
n11c43e0ff94cdef9--slur--start--1,n322--slur--start--1,slur,stamp,n11c43e0ff94cdef9
n11c43e0ff94cdef9--strong-accent--1,,strong-accent,derive,n11c43e0ff94cdef9
ne30a75944436913d--slur--stop--1,n325--slur--stop--1,slur,stamp,ne30a75944436913d
ne30a75944436913d--staccato--1,,staccato,derive,ne30a75944436913d
n52fd425a029d9dce--slur--start--1,n328--slur--start--1,slur,stamp,n52fd425a029d9dce
n52fd425a029d9dce--slur--start--2,n328--slur--start--2,slur,stamp,n52fd425a029d9dce
n52fd425a029d9dce--strong-accent--1,,strong-accent,derive,n52fd425a029d9dce
e27b4b053fb9096e8,md-1-15-4-1,pedal,md,4
nca2c6288b49b767d--slur--stop--1,n333--slur--stop--1,slur,stamp,nca2c6288b49b767d
nca2c6288b49b767d--slur--stop--2,n333--slur--stop--2,slur,stamp,nca2c6288b49b767d
nca2c6288b49b767d--staccato--1,,staccato,derive,nca2c6288b49b767d
nb778433b73659241--staccato--1,,staccato,derive,nb778433b73659241
nd637eb687b2ed912--slur--stop--1,n347--slur--stop--1,slur,stamp,nd637eb687b2ed912
nd637eb687b2ed912--slur--stop--2,n347--slur--stop--2,slur,stamp,nd637eb687b2ed912
nd637eb687b2ed912--staccato--1,,staccato,derive,nd637eb687b2ed912
n77f922e0692bf0d1--staccato--1,,staccato,derive,n77f922e0692bf0d1
n0ebe36e68fc7bd31--staccato--1,,staccato,derive,n0ebe36e68fc7bd31
eaafc832fae0cf556,md-1-16-4-1,pedal,md,4
eaf75711196b0fe45,md-1-16-4-2,pedal,md,4
e42a0165da301a688,md-1-16-4-3,pedal,md,4
n4fe9d828a135d572--tie--1,,tie,derive,n4fe9d828a135d572
n4fe9d828a135d572--tied--start--1,n373--tied--start--1,tied,stamp,n4fe9d828a135d572
n4fe9d828a135d572--accent--1,,accent,derive,n4fe9d828a135d572
n19f05a96e80acb5f--tie--1,,tie,derive,n19f05a96e80acb5f
n19f05a96e80acb5f--tied--start--1,n374--tied--start--1,tied,stamp,n19f05a96e80acb5f
n7a3eaf65701e73b4--tie--1,,tie,derive,n7a3eaf65701e73b4
n7a3eaf65701e73b4--tied--start--1,n375--tied--start--1,tied,stamp,n7a3eaf65701e73b4
n252a49574df5c340--accent--1,,accent,derive,n252a49574df5c340
neb61be69dad19862--staccato--1,,staccato,derive,neb61be69dad19862
n5081cfc54287f6eb--staccato--1,,staccato,derive,n5081cfc54287f6eb
nbb05c6722b2d51d5--accent--1,,accent,derive,nbb05c6722b2d51d5
n6b24ea222db3e042--arpeggiate--1,n386--arpeggiate--1,arpeggiate,stamp,n6b24ea222db3e042
n221bef25ffeb18c7--arpeggiate--1,n387--arpeggiate--1,arpeggiate,stamp,n221bef25ffeb18c7
e65d12059d1255b17,md-1-17-4-1,pedal,md,4
efd484ba68c3acff1,md-1-17-4-2,pedal,md,4
e97eed75f614050e8,md-1-17-4-3,pedal,md,4
e3ed85c547ea7610a,md-1-17-4-4,pedal,md,4
e48f2ca7f74730c19,md-1-17-4-5,pedal,md,4
n6a18bb8437a44970--tie--1,,tie,derive,n6a18bb8437a44970
n6a18bb8437a44970--tied--stop--1,n394--tied--stop--1,tied,stamp,n6a18bb8437a44970
nf5b42a780dfbb9df--tie--1,,tie,derive,nf5b42a780dfbb9df
nf5b42a780dfbb9df--tied--stop--1,n395--tied--stop--1,tied,stamp,nf5b42a780dfbb9df
nfb26550299559361--tie--1,,tie,derive,nfb26550299559361
nfb26550299559361--tied--stop--1,n396--tied--stop--1,tied,stamp,nfb26550299559361
nad0beee7b0d4979e--staccato--1,,staccato,derive,nad0beee7b0d4979e
nee97f2ccb6607d8a--staccato--1,,staccato,derive,nee97f2ccb6607d8a
ne10036d1db010b9f--staccato--1,,staccato,derive,ne10036d1db010b9f
nd05a2b5ddfb2e900--staccato--1,,staccato,derive,nd05a2b5ddfb2e900
n31ca787308651140--staccato--1,,staccato,derive,n31ca787308651140
ndeed3168d630560c--staccato--1,,staccato,derive,ndeed3168d630560c
n7b283127fed96710--staccato--1,,staccato,derive,n7b283127fed96710
n2522a9653435cf8f--staccato--1,,staccato,derive,n2522a9653435cf8f
nc3cbd2dfee8de06a--staccato--1,,staccato,derive,nc3cbd2dfee8de06a
ne5fa01756ca1b4c5--staccato--1,,staccato,derive,ne5fa01756ca1b4c5
naa0e23d1733c67df--staccato--1,,staccato,derive,naa0e23d1733c67df
ne13a71c97ba1d0b2--staccato--1,,staccato,derive,ne13a71c97ba1d0b2
n55f2a4b1667cb32a--staccato--1,,staccato,derive,n55f2a4b1667cb32a
ebd3c64814b7c9c59,md-1-18-3-1,wedge,md,3
e1891e35a4265a9e6,md-1-18-3-2,wedge,md,3
e5b231291b5bd17ae,md-1-18-4-1,pedal,md,4
ebd52f04f6e420858,md-1-18-4-2,dynamics,md,4
nae5732e74aba7e59--tuplet--start--1,n438--tuplet--start--1,tuplet,stamp,nae5732e74aba7e59
nae5732e74aba7e59--slur--start--1,n438--slur--start--1,slur,stamp,nae5732e74aba7e59
n55be4f817027e536--tuplet--stop--1,n441--tuplet--stop--1,tuplet,stamp,n55be4f817027e536
n55be4f817027e536--slur--stop--1,n441--slur--stop--1,slur,stamp,n55be4f817027e536
n6ed41de08b803355--staccato--1,,staccato,derive,n6ed41de08b803355
nd45827be7c82ca0a--tuplet--start--1,n447--tuplet--start--1,tuplet,stamp,nd45827be7c82ca0a
nd45827be7c82ca0a--slur--start--1,n447--slur--start--1,slur,stamp,nd45827be7c82ca0a
n1bc9a88e3e6eccd8--tuplet--stop--1,n450--tuplet--stop--1,tuplet,stamp,n1bc9a88e3e6eccd8
n1bc9a88e3e6eccd8--slur--stop--1,n450--slur--stop--1,slur,stamp,n1bc9a88e3e6eccd8
e8d1f397a65ee9e22,md-1-19-3-1,dynamics,md,3
e41adcdb9132432d1,md-1-19-3-2,words,md,3
eddc0699912f630c1,md-1-19-3-3,words,md,3
e0835045b61bf971a,md-1-19-3-4,words,md,3
e5d30b4f0494c02e9,md-1-19-4-1,pedal,md,4
ee73b67461bc1e1a3,md-1-19-4-2,pedal,md,4
e83a75baab120cd76,md-1-19-4-3,pedal,md,4
n82df9e6fa0eb8d15--tuplet--start--1,n460--tuplet--start--1,tuplet,stamp,n82df9e6fa0eb8d15
n82df9e6fa0eb8d15--slur--start--1,n460--slur--start--1,slur,stamp,n82df9e6fa0eb8d15
n82df9e6fa0eb8d15--inverted-mordent--1,,inverted-mordent,derive,n82df9e6fa0eb8d15
neb22f35c4c5fda40--tuplet--stop--1,n462--tuplet--stop--1,tuplet,stamp,neb22f35c4c5fda40
neb22f35c4c5fda40--slur--stop--1,n462--slur--stop--1,slur,stamp,neb22f35c4c5fda40
nad2141ec98e685c7--staccato--1,,staccato,derive,nad2141ec98e685c7
n4b4740cf24599d16--staccato--1,,staccato,derive,n4b4740cf24599d16
n74c868b5790b4075--tuplet--start--1,n466--tuplet--start--1,tuplet,stamp,n74c868b5790b4075
nd33fa150623e8620--tuplet--stop--1,n469--tuplet--stop--1,tuplet,stamp,nd33fa150623e8620
n019bbe23b582c517--slur--start--1,n474--slur--start--1,slur,stamp,n019bbe23b582c517
ne461b0734414f45c--slur--stop--1,n481--slur--stop--1,slur,stamp,ne461b0734414f45c
ne461b0734414f45c--staccato--1,,staccato,derive,ne461b0734414f45c
ec10611d2bfb2a5db,md-1-20-4-1,pedal,md,4
n14b376bb5aaf81cd--staccato--1,,staccato,derive,n14b376bb5aaf81cd
na14adfa46d449f6c--slur--start--1,n488--slur--start--1,slur,stamp,na14adfa46d449f6c
na14adfa46d449f6c--strong-accent--1,,strong-accent,derive,na14adfa46d449f6c
n906e14debde4289b--slur--stop--1,n491--slur--stop--1,slur,stamp,n906e14debde4289b
n906e14debde4289b--staccato--1,,staccato,derive,n906e14debde4289b
na9f5f7643e9a2db3--slur--start--1,n492--slur--start--1,slur,stamp,na9f5f7643e9a2db3
na9f5f7643e9a2db3--staccato--1,,staccato,derive,na9f5f7643e9a2db3
n76ec550d8dd6ba1e--staccato--1,,staccato,derive,n76ec550d8dd6ba1e
n8810f215db7871cc--slur--start--1,n497--slur--start--1,slur,stamp,n8810f215db7871cc
na80b68f3bf08f382--slur--stop--1,n500--slur--stop--1,slur,stamp,na80b68f3bf08f382
na80b68f3bf08f382--staccato--1,,staccato,derive,na80b68f3bf08f382
nb4829ed4b00cd6cc--staccato--1,,staccato,derive,nb4829ed4b00cd6cc
e9a3b3c4ab8456381,md-1-21-3-1,dynamics,md,3
ea41d7a84e9d82895,md-1-21-4-1,pedal,md,4
ecdde975f7f22e8ce,md-1-21-4-2,pedal,md,4
n9ca260a991b1300c--arpeggiate--1,n521--arpeggiate--1,arpeggiate,stamp,n9ca260a991b1300c
nfb57e7db59a9931c--arpeggiate--1,n522--arpeggiate--1,arpeggiate,stamp,nfb57e7db59a9931c
n1d6bee1eb6e307e5--arpeggiate--1,n523--arpeggiate--1,arpeggiate,stamp,n1d6bee1eb6e307e5
n4d2063c8d6a7cbd4--arpeggiate--1,n524--arpeggiate--1,arpeggiate,stamp,n4d2063c8d6a7cbd4
n1ee67afd639319c5--arpeggiate--1,n525--arpeggiate--1,arpeggiate,stamp,n1ee67afd639319c5
n3d686f2f2b495f7d--slur--start--1,n527--slur--start--1,slur,stamp,n3d686f2f2b495f7d
n3d686f2f2b495f7d--trill-mark--1,,trill-mark,derive,n3d686f2f2b495f7d
n28bcf08e1c57091d--slur--stop--1,n529--slur--stop--1,slur,stamp,n28bcf08e1c57091d
nc0572b9cbebcaeb5--arpeggiate--1,n532--arpeggiate--1,arpeggiate,stamp,nc0572b9cbebcaeb5
n3dc49afb63ffd088--arpeggiate--1,n533--arpeggiate--1,arpeggiate,stamp,n3dc49afb63ffd088
e1e7507e141b01adf,md-1-22-4-1,pedal,md,4
e6ae65f2bec13b5ed,md-1-22-4-2,pedal,md,4
e1c33afbd6ec918e9,md-1-22-4-3,pedal,md,4
e2b2b2a93566641a0,md-1-22-4-4,pedal,md,4
ee0a2bf52a414f412,md-1-22-4-5,pedal,md,4
e9dbf5a69480abc7e,md-1-22-4-6,wedge,md,4
ebfe831aa5ab471f6,md-1-22-4-7,pedal,md,4
e4ac4e5bc929082e1,md-1-22-4-8,wedge,md,4
ne364b7714afb34ce--tie--1,,tie,derive,ne364b7714afb34ce
ne364b7714afb34ce--tied--start--1,n537--tied--start--1,tied,stamp,ne364b7714afb34ce
n749bd62bd8267164--tie--1,,tie,derive,n749bd62bd8267164
n749bd62bd8267164--tied--start--1,n538--tied--start--1,tied,stamp,n749bd62bd8267164
n541bc0a8b266f707--tie--1,,tie,derive,n541bc0a8b266f707
n541bc0a8b266f707--tied--start--1,n539--tied--start--1,tied,stamp,n541bc0a8b266f707
n31f70a27f3120700--tie--1,,tie,derive,n31f70a27f3120700
n31f70a27f3120700--tied--stop--1,n540--tied--stop--1,tied,stamp,n31f70a27f3120700
n31f70a27f3120700--slur--stop--1,n540--slur--stop--1,slur,stamp,n31f70a27f3120700
n8b93954f54b47c79--tie--1,,tie,derive,n8b93954f54b47c79
n8b93954f54b47c79--tied--stop--1,n541--tied--stop--1,tied,stamp,n8b93954f54b47c79
nc13f4fc4eba3bc19--tie--1,,tie,derive,nc13f4fc4eba3bc19
nc13f4fc4eba3bc19--tied--stop--1,n542--tied--stop--1,tied,stamp,nc13f4fc4eba3bc19
ncffeed550cf263f8--tenuto--1,,tenuto,derive,ncffeed550cf263f8
nd789c4452114581c--arpeggiate--1,n552--arpeggiate--1,arpeggiate,stamp,nd789c4452114581c
n88f2520eb665f8a5--arpeggiate--1,n553--arpeggiate--1,arpeggiate,stamp,n88f2520eb665f8a5
n344bebd9f28779dd--arpeggiate--1,n554--arpeggiate--1,arpeggiate,stamp,n344bebd9f28779dd
na1c39b84c3bf5377--arpeggiate--1,n555--arpeggiate--1,arpeggiate,stamp,na1c39b84c3bf5377
ef1a7572a763ad794,md-1-23-3-1,wedge,md,3
e1c35a69f53a595dd,md-1-23-3-2,words,md,3
e33536574aab80dca,md-1-23-3-3,wedge,md,3
ed8bbc8ab7c3b198a,md-1-23-4-1,pedal,md,4
edd88875c901cf364,md-1-23-4-2,pedal,md,4
ea1922c538107b3d5,md-1-23-4-3,pedal,md,4
ee8e5bac1cb4292df,md-1-23-4-4,pedal,md,4
n32c97e3daa305ce4--tenuto--1,,tenuto,derive,n32c97e3daa305ce4
ndcbca631169712a7--tenuto--1,,tenuto,derive,ndcbca631169712a7
n982f926a74fb0bad--tenuto--1,,tenuto,derive,n982f926a74fb0bad
nbe3e1c6ceae8a59d--staccato--1,,staccato,derive,nbe3e1c6ceae8a59d
nc9701c8614a0e81d--staccato--1,,staccato,derive,nc9701c8614a0e81d
e84b8c46354f1365b,md-1-24-4-1,pedal,md,4
e856ead21f4437a61,md-1-24-4-2,pedal,md,4
n8c6f011e4b1ae14f--tie--1,,tie,derive,n8c6f011e4b1ae14f
n8c6f011e4b1ae14f--tied--start--1,n611--tied--start--1,tied,stamp,n8c6f011e4b1ae14f
nd99092b7f0517e99--tie--1,,tie,derive,nd99092b7f0517e99
nd99092b7f0517e99--tied--start--1,n612--tied--start--1,tied,stamp,nd99092b7f0517e99
n7d0fc462432f1354--tie--1,,tie,derive,n7d0fc462432f1354
n7d0fc462432f1354--tied--start--1,n613--tied--start--1,tied,stamp,n7d0fc462432f1354
n981c72faf15d93d7--staccato--1,,staccato,derive,n981c72faf15d93d7
ncfdadf31ac13938d--staccato--1,,staccato,derive,ncfdadf31ac13938d
n2e4258bcf5892229--staccato--1,,staccato,derive,n2e4258bcf5892229
nee5d27b7ab7b6d2a--staccato--1,,staccato,derive,nee5d27b7ab7b6d2a
n3bcf2e9845175b5e--staccato--1,,staccato,derive,n3bcf2e9845175b5e
n8ae9ee93b1711354--staccato--1,,staccato,derive,n8ae9ee93b1711354
n5d4ba017c7862805--tie--1,,tie,derive,n5d4ba017c7862805
n5d4ba017c7862805--tied--stop--1,n633--tied--stop--1,tied,stamp,n5d4ba017c7862805
n58b1ccc0de064e06--tie--1,,tie,derive,n58b1ccc0de064e06
n58b1ccc0de064e06--tied--stop--1,n634--tied--stop--1,tied,stamp,n58b1ccc0de064e06
n1c3ede11f4790879--tie--1,,tie,derive,n1c3ede11f4790879
n1c3ede11f4790879--tied--stop--1,n635--tied--stop--1,tied,stamp,n1c3ede11f4790879
n4a2bb37649c576ba--staccato--1,,staccato,derive,n4a2bb37649c576ba
nf4843aeb28b2e2c8--staccato--1,,staccato,derive,nf4843aeb28b2e2c8
n2338b534720f4aa3--staccato--1,,staccato,derive,n2338b534720f4aa3
nd5e9764b01b91444--staccato--1,,staccato,derive,nd5e9764b01b91444
nf20912e3d775311f--staccato--1,,staccato,derive,nf20912e3d775311f
nd6c7d6066986501f--staccato--1,,staccato,derive,nd6c7d6066986501f
nefd47ce4d53c975e--staccato--1,,staccato,derive,nefd47ce4d53c975e
n2bae45623bea604d--staccato--1,,staccato,derive,n2bae45623bea604d
n3fa26e5a85918d46--staccato--1,,staccato,derive,n3fa26e5a85918d46
n9a34f88322613dbc--staccato--1,,staccato,derive,n9a34f88322613dbc
nf4d97d97a86833e1--staccato--1,,staccato,derive,nf4d97d97a86833e1
nedc124433f408eb0--staccato--1,,staccato,derive,nedc124433f408eb0
e84cbb29496096513,md-1-26-3-1,wedge,md,3
e74b32aff5c05a1e4,md-1-26-3-2,dynamics,md,3
ef41ac6b7905c8110,md-1-26-3-3,wedge,md,3
n6935e4d43e3d1441--slur--start--1,n679--slur--start--1,slur,stamp,n6935e4d43e3d1441
n408877c29f333600--slur--stop--1,n681--slur--stop--1,slur,stamp,n408877c29f333600
n408877c29f333600--staccato--1,,staccato,derive,n408877c29f333600
neaaae52de611029b--slur--start--1,n685--slur--start--1,slur,stamp,neaaae52de611029b
n145f9bad95f7fafb--slur--stop--1,n687--slur--stop--1,slur,stamp,n145f9bad95f7fafb
n145f9bad95f7fafb--staccato--1,,staccato,derive,n145f9bad95f7fafb
n81f8e2ff155785bc--slur--start--1,n689--slur--start--1,slur,stamp,n81f8e2ff155785bc
n671cd3aeaff0aeae--slur--stop--1,n691--slur--stop--1,slur,stamp,n671cd3aeaff0aeae
n671cd3aeaff0aeae--staccato--1,,staccato,derive,n671cd3aeaff0aeae
ne5ab8f07ad63d49b--slur--start--1,n692--slur--start--1,slur,stamp,ne5ab8f07ad63d49b
e6d4eec1c21d2102e,md-1-27-3-1,dynamics,md,3
e1351f91643c7a5e7,md-1-27-3-2,words,md,3
ec1938efba081480d,md-1-27-4-1,pedal,md,4
eff746e356c98e485,md-1-27-4-2,pedal,md,4
edfbdc97deaf105e0,md-1-27-4-3,pedal,md,4
n74437bec46f2290d--tuplet--start--1,n697--tuplet--start--1,tuplet,stamp,n74437bec46f2290d
n74437bec46f2290d--slur--start--1,n697--slur--start--1,slur,stamp,n74437bec46f2290d
n74437bec46f2290d--inverted-mordent--1,,inverted-mordent,derive,n74437bec46f2290d
n60a0fd1645d0abd0--tuplet--stop--1,n699--tuplet--stop--1,tuplet,stamp,n60a0fd1645d0abd0
n60a0fd1645d0abd0--slur--stop--1,n699--slur--stop--1,slur,stamp,n60a0fd1645d0abd0
n392c9cf6c7fed158--staccato--1,,staccato,derive,n392c9cf6c7fed158
ndc06a1c77cce803b--staccato--1,,staccato,derive,ndc06a1c77cce803b
na9aa1fd6396ae79a--tuplet--start--1,n704--tuplet--start--1,tuplet,stamp,na9aa1fd6396ae79a
n153d81b8a1a1e8d2--tuplet--stop--1,n707--tuplet--stop--1,tuplet,stamp,n153d81b8a1a1e8d2
nc5a7e63a37eb4f41--slur--stop--1,n712--slur--stop--1,slur,stamp,nc5a7e63a37eb4f41
e4c71d8446c001760,md-1-28-4-1,pedal,md,4
e3d0457a6663d9466,md-1-28-4-2,pedal,md,4
effca0a92e4a223dc,md-1-28-4-3,pedal,md,4
n42b4a324c10654d3--staccato--1,,staccato,derive,n42b4a324c10654d3
n4f633431b27a4ea2--slur--start--1,n725--slur--start--1,slur,stamp,n4f633431b27a4ea2
n4f633431b27a4ea2--strong-accent--1,,strong-accent,derive,n4f633431b27a4ea2
nb027b2823b0cba28--slur--stop--1,n728--slur--stop--1,slur,stamp,nb027b2823b0cba28
nb027b2823b0cba28--staccato--1,,staccato,derive,nb027b2823b0cba28
ne0cf699766691d67--staccato--1,,staccato,derive,ne0cf699766691d67
n01ef8cdce3749958--staccato--1,,staccato,derive,n01ef8cdce3749958
n39eafcf368a3fae5--slur--start--1,n735--slur--start--1,slur,stamp,n39eafcf368a3fae5
n048864032aa0f358--slur--stop--1,n738--slur--stop--1,slur,stamp,n048864032aa0f358
n048864032aa0f358--staccato--1,,staccato,derive,n048864032aa0f358
n5e93640d492cb3f1--staccato--1,,staccato,derive,n5e93640d492cb3f1
e5ce5f1813718dbf0,md-1-29-3-1,dynamics,md,3
eada25f315793a289,md-1-29-4-1,pedal,md,4
e140f5f32b109a298,md-1-29-4-2,pedal,md,4
n2995f3dc0b3508fa--arpeggiate--1,n760--arpeggiate--1,arpeggiate,stamp,n2995f3dc0b3508fa
n3ad396d4f1f8b9db--arpeggiate--1,n761--arpeggiate--1,arpeggiate,stamp,n3ad396d4f1f8b9db
n0df9a27320fcc35e--arpeggiate--1,n762--arpeggiate--1,arpeggiate,stamp,n0df9a27320fcc35e
na361a33cb293b7da--arpeggiate--1,n763--arpeggiate--1,arpeggiate,stamp,na361a33cb293b7da
n869eb1c2596db398--arpeggiate--1,n764--arpeggiate--1,arpeggiate,stamp,n869eb1c2596db398
ndd0c97b885dc4314--slur--start--1,n766--slur--start--1,slur,stamp,ndd0c97b885dc4314
ndd0c97b885dc4314--trill-mark--1,,trill-mark,derive,ndd0c97b885dc4314
n34a3e70314644b92--slur--stop--1,n768--slur--stop--1,slur,stamp,n34a3e70314644b92
n200a1faa7a9572d1--arpeggiate--1,n771--arpeggiate--1,arpeggiate,stamp,n200a1faa7a9572d1
n52ccc218ec195bc7--arpeggiate--1,n772--arpeggiate--1,arpeggiate,stamp,n52ccc218ec195bc7
eaa8f61f7d611460f,md-1-30-4-1,pedal,md,4
edf80fb80a011adfd,md-1-30-4-2,pedal,md,4
e7230a0ee6dae7c4d,md-1-30-4-3,pedal,md,4
e0b57f211ddd7d54f,md-1-30-4-4,pedal,md,4
e7fbf5971c4a5ab14,md-1-30-4-5,pedal,md,4
ebdcb2a3841f442c4,md-1-30-4-6,wedge,md,4
e6c62fcc0ac5a2071,md-1-30-4-7,pedal,md,4
e82484c9de7a9aff0,md-1-30-4-8,wedge,md,4
n532dbc54cceea30e--tenuto--1,,tenuto,derive,n532dbc54cceea30e
n2c143e48f62eb47c--arpeggiate--1,n794--arpeggiate--1,arpeggiate,stamp,n2c143e48f62eb47c
n8f41b7ba8ecb072a--arpeggiate--1,n795--arpeggiate--1,arpeggiate,stamp,n8f41b7ba8ecb072a
na6e41cef5e7f3fd0--arpeggiate--1,n796--arpeggiate--1,arpeggiate,stamp,na6e41cef5e7f3fd0
n4cb3cb877ea78fbe--arpeggiate--1,n797--arpeggiate--1,arpeggiate,stamp,n4cb3cb877ea78fbe
nd8671fef77cd488b--arpeggiate--1,n801--arpeggiate--1,arpeggiate,stamp,nd8671fef77cd488b
nfbc2f3c26a8cd0fd--arpeggiate--1,n802--arpeggiate--1,arpeggiate,stamp,nfbc2f3c26a8cd0fd
na874fb2a5785c16e--arpeggiate--1,n803--arpeggiate--1,arpeggiate,stamp,na874fb2a5785c16e
ebfa96eb8c401ce4a,md-1-31-4-1,pedal,md,4
e7c57aa85bff2c74b,md-1-31-4-2,pedal,md,4
ef296fd2dfb51471a,md-1-31-4-3,pedal,md,4
edbbe6f6496621685,md-1-31-4-4,pedal,md,4
ef8e1b5f42e086a06,md-1-31-4-5,pedal,md,4
e2c3b48ecb277d87f,md-1-31-4-6,pedal,md,4
n21c5f3d9935c700b--tenuto--1,,tenuto,derive,n21c5f3d9935c700b
n8075d3e91679b0be--tenuto--1,,tenuto,derive,n8075d3e91679b0be
n2d00c582113e5a14--tenuto--1,,tenuto,derive,n2d00c582113e5a14
nfe670ef64d4a9c8f--staccato--1,,staccato,derive,nfe670ef64d4a9c8f
n83056d85d4ad8a1c--staccato--1,,staccato,derive,n83056d85d4ad8a1c
eb30ed3fecd302dec,md-1-32-4-1,pedal,md,4
e59df2c5dc02382ac,md-1-32-4-2,pedal,md,4
e1feb5a580404654a,md-1-32-4-3,pedal,md,4
e279ea7d7c8a44ffa,md-1-32-4-4,pedal,md,4
e6a23b5d201f7c875,md-1-32-4-5,pedal,md,4
eb40a63f16400b275,md-1-32-4-6,pedal,md,4
n880b6f64246368df--accent--1,,accent,derive,n880b6f64246368df
n4d341171fe0aad11--tie--1,,tie,derive,n4d341171fe0aad11
n4d341171fe0aad11--tied--start--1,n852--tied--start--1,tied,stamp,n4d341171fe0aad11
n5f0897e2e71d7c4d--tie--1,,tie,derive,n5f0897e2e71d7c4d
n5f0897e2e71d7c4d--tied--start--1,n853--tied--start--1,tied,stamp,n5f0897e2e71d7c4d
nd62baf0f39d0417c--tie--1,,tie,derive,nd62baf0f39d0417c
nd62baf0f39d0417c--tied--start--1,n854--tied--start--1,tied,stamp,nd62baf0f39d0417c
n5c9cd2a1fb922f2a--staccato--1,,staccato,derive,n5c9cd2a1fb922f2a
n9e9cf5cb3d93a9ea--staccato--1,,staccato,derive,n9e9cf5cb3d93a9ea
ne74c63f5ebc98f38--staccato--1,,staccato,derive,ne74c63f5ebc98f38
n00fd6b6d7d4bb916--staccato--1,,staccato,derive,n00fd6b6d7d4bb916
n425f5edb1d86ec84--staccato--1,,staccato,derive,n425f5edb1d86ec84
n5050a284f584bb29--staccato--1,,staccato,derive,n5050a284f584bb29
n8d5de7878c37b574--tie--1,,tie,derive,n8d5de7878c37b574
n8d5de7878c37b574--tied--stop--1,n874--tied--stop--1,tied,stamp,n8d5de7878c37b574
n9dec3ee5b2f67a4e--tie--1,,tie,derive,n9dec3ee5b2f67a4e
n9dec3ee5b2f67a4e--tied--stop--1,n875--tied--stop--1,tied,stamp,n9dec3ee5b2f67a4e
n14babddac1ba89aa--tie--1,,tie,derive,n14babddac1ba89aa
n14babddac1ba89aa--tied--stop--1,n876--tied--stop--1,tied,stamp,n14babddac1ba89aa
nff8b98e75f171e31--staccato--1,,staccato,derive,nff8b98e75f171e31
n8fe34dcd5f0ecb37--staccato--1,,staccato,derive,n8fe34dcd5f0ecb37
nfe70d833b38db563--staccato--1,,staccato,derive,nfe70d833b38db563
nc248e1cb4a532d1e--staccato--1,,staccato,derive,nc248e1cb4a532d1e
nda9384c6603b344c--staccato--1,,staccato,derive,nda9384c6603b344c
na5355264f919cd05--staccato--1,,staccato,derive,na5355264f919cd05
n7be5808f316876b6--staccato--1,,staccato,derive,n7be5808f316876b6
n3fe4294418fca2cd--staccato--1,,staccato,derive,n3fe4294418fca2cd
nd2d016251d1f2054--staccato--1,,staccato,derive,nd2d016251d1f2054
n9857a038e6d43c6b--staccato--1,,staccato,derive,n9857a038e6d43c6b
n89b09fc6c66f924d--staccato--1,,staccato,derive,n89b09fc6c66f924d
nb9293467804ec280--staccato--1,,staccato,derive,nb9293467804ec280
ef6c6b8ce85e2ef3c,md-1-34-3-1,wedge,md,3
e25467939ff7b2c44,md-1-34-3-2,dynamics,md,3
ee9b5cde75d586460,md-1-34-3-3,wedge,md,3
nb92abc4117a8d31a--slur--start--1,n920--slur--start--1,slur,stamp,nb92abc4117a8d31a
n15b97fce41922012--slur--stop--1,n922--slur--stop--1,slur,stamp,n15b97fce41922012
n15b97fce41922012--staccato--1,,staccato,derive,n15b97fce41922012
nf58e55e8eb376320--slur--start--1,n926--slur--start--1,slur,stamp,nf58e55e8eb376320
n34bef264e28c03ab--slur--stop--1,n928--slur--stop--1,slur,stamp,n34bef264e28c03ab
n34bef264e28c03ab--staccato--1,,staccato,derive,n34bef264e28c03ab
n260e6cc280a23da3--staccato--1,,staccato,derive,n260e6cc280a23da3
n1db56e8685c4e754--staccato--1,,staccato,derive,n1db56e8685c4e754
n8572f6c6438ae54d--staccato--1,,staccato,derive,n8572f6c6438ae54d
n5b98de1630c5be2e--staccato--1,,staccato,derive,n5b98de1630c5be2e
ed115a90f2d08fdd2,md-1-35-3-1,dynamics,md,3
e5145e17b748a8406,md-1-35-3-2,words,md,3
n4cd1187f8aa7805b--tuplet--start--1,n940--tuplet--start--1,tuplet,stamp,n4cd1187f8aa7805b
n4cd1187f8aa7805b--slur--start--1,n940--slur--start--1,slur,stamp,n4cd1187f8aa7805b
nb0052c03ed3c7654--tuplet--stop--1,n942--tuplet--stop--1,tuplet,stamp,nb0052c03ed3c7654
n2053ddc06bb630d4--slur--stop--1,n943--slur--stop--1,slur,stamp,n2053ddc06bb630d4
n2053ddc06bb630d4--staccato--1,,staccato,derive,n2053ddc06bb630d4
n7992129b64468b15--slur--start--1,n949--slur--start--1,slur,stamp,n7992129b64468b15
n7992129b64468b15--accent--1,,accent,derive,n7992129b64468b15
nf75ed14e32f20858--slur--stop--1,n952--slur--stop--1,slur,stamp,nf75ed14e32f20858
nf75ed14e32f20858--staccato--1,,staccato,derive,nf75ed14e32f20858
n1b0aff4d92cb0dfc--slur--start--1,n957--slur--start--1,slur,stamp,n1b0aff4d92cb0dfc
n1b0aff4d92cb0dfc--accent--1,,accent,derive,n1b0aff4d92cb0dfc
e22132fe4d4b8fae2,md-1-36-3-1,octave-shift,md,3
n203ba907fd6b1028--slur--stop--1,n972--slur--stop--1,slur,stamp,n203ba907fd6b1028
n203ba907fd6b1028--staccato--1,,staccato,derive,n203ba907fd6b1028
n5eacd934312b724d--slur--start--1,n977--slur--start--1,slur,stamp,n5eacd934312b724d
n5eacd934312b724d--accent--1,,accent,derive,n5eacd934312b724d
n750e97a0c86ba953--slur--stop--1,n980--slur--stop--1,slur,stamp,n750e97a0c86ba953
n750e97a0c86ba953--staccato--1,,staccato,derive,n750e97a0c86ba953
n2a8a48259a94313b--accent--1,,accent,derive,n2a8a48259a94313b
nc21863283b3369ac--arpeggiate--1,n987--arpeggiate--1,arpeggiate,stamp,nc21863283b3369ac
n4f9854a6bab935c5--arpeggiate--1,n988--arpeggiate--1,arpeggiate,stamp,n4f9854a6bab935c5
nbeaefbc811d183ea--arpeggiate--1,n989--arpeggiate--1,arpeggiate,stamp,nbeaefbc811d183ea
nf76e391f57e21d63--arpeggiate--1,n990--arpeggiate--1,arpeggiate,stamp,nf76e391f57e21d63
nc5bbc472478653b7--arpeggiate--1,n994--arpeggiate--1,arpeggiate,stamp,nc5bbc472478653b7
n3768d46b6ab26803--arpeggiate--1,n995--arpeggiate--1,arpeggiate,stamp,n3768d46b6ab26803
nba969b9a0854c988--arpeggiate--1,n996--arpeggiate--1,arpeggiate,stamp,nba969b9a0854c988
n2b4885af55de386b--arpeggiate--1,n997--arpeggiate--1,arpeggiate,stamp,n2b4885af55de386b
ed92b3cb8ae74efce,md-1-37-3-1,pedal,md,3
efe1463f5bcffacea,md-1-37-3-2,pedal,md,3
e091b51fbfb6e2765,md-1-37-3-3,pedal,md,3
e66f49cb8c81b74ba,md-1-37-3-4,pedal,md,3
naedea22e18b2b70b--trill-mark--1,,trill-mark,derive,naedea22e18b2b70b
n3ff5d3488f452652--slur--stop--1,n1007--slur--stop--1,slur,stamp,n3ff5d3488f452652
n3ff5d3488f452652--staccato--1,,staccato,derive,n3ff5d3488f452652
nc4b28cee8eaaae4d--trill-mark--1,,trill-mark,derive,nc4b28cee8eaaae4d
ncfb418b7ec3593e1--slur--stop--1,n1012--slur--stop--1,slur,stamp,ncfb418b7ec3593e1
ncfb418b7ec3593e1--staccato--1,,staccato,derive,ncfb418b7ec3593e1
nf5cccb7ed74943bd--tremolo--1,,tremolo,derive,nf5cccb7ed74943bd
n9b3cf70cb78b6189--tremolo--1,,tremolo,derive,n9b3cf70cb78b6189
n6ac7b990072cb36e--slur--start--1,n1017--slur--start--1,slur,stamp,n6ac7b990072cb36e
nd41575fac3a4b164--tremolo--1,,tremolo,derive,nd41575fac3a4b164
n976805f9839ff728--tremolo--1,,tremolo,derive,n976805f9839ff728
n0d486b2ff92bc4e6--slur--start--1,n1023--slur--start--1,slur,stamp,n0d486b2ff92bc4e6
ee040bd9e89d7b9c5,md-1-38-4-1,pedal,md,4
e5d896529e6ef4386,md-1-38-4-2,pedal,md,4
e2fd9eec620651ca8,md-1-38-4-3,pedal,md,4
e6eee501b573f58f3,md-1-38-4-4,pedal,md,4
n0a3fffba0214a3dc--trill-mark--1,,trill-mark,derive,n0a3fffba0214a3dc
n73dda9204cba8910--slur--stop--1,n1046--slur--stop--1,slur,stamp,n73dda9204cba8910
n73dda9204cba8910--staccato--1,,staccato,derive,n73dda9204cba8910
n7141514cea1bcc11--trill-mark--1,,trill-mark,derive,n7141514cea1bcc11
n2a6dbf8092da0d3c--slur--stop--1,n1051--slur--stop--1,slur,stamp,n2a6dbf8092da0d3c
n2a6dbf8092da0d3c--staccato--1,,staccato,derive,n2a6dbf8092da0d3c
n520463847f0be6ef--tremolo--1,,tremolo,derive,n520463847f0be6ef
n716d27032153322f--tremolo--1,,tremolo,derive,n716d27032153322f
n7d3306a4d26f0f4e--slur--start--1,n1056--slur--start--1,slur,stamp,n7d3306a4d26f0f4e
n4510ddac2b309a11--tremolo--1,,tremolo,derive,n4510ddac2b309a11
n0d9d95167b7d919f--tremolo--1,,tremolo,derive,n0d9d95167b7d919f
n34f3bfd03bbab410--slur--start--1,n1062--slur--start--1,slur,stamp,n34f3bfd03bbab410
e1c4d39a8b7d748e5,md-1-39-4-1,pedal,md,4
e84425b8a146d665d,md-1-39-4-2,pedal,md,4
eefe894bd7a4f3d40,md-1-39-4-3,pedal,md,4
eb3f21085c425f5a1,md-1-39-4-4,pedal,md,4
ndb16776090f1cd53--fermata--upright--1,n1086--fermata--upright--1,fermata,stamp,ndb16776090f1cd53
ndb16776090f1cd53--trill-mark--1,,trill-mark,derive,ndb16776090f1cd53
n121c388c9c9112ab--slur--start--1,n1087--slur--start--1,slur,stamp,n121c388c9c9112ab
n7b85977df21be02e--slur--stop--1,n1089--slur--stop--1,slur,stamp,n7b85977df21be02e
n7b85977df21be02e--slur--start--2,n1089--slur--start--2,slur,stamp,n7b85977df21be02e
n3c7f2feff9a8f389--accent--1,,accent,derive,n3c7f2feff9a8f389
n24fd7735f4431fb9--tremolo--1,,tremolo,derive,n24fd7735f4431fb9
nc4a67be260b4611e--tremolo--1,,tremolo,derive,nc4a67be260b4611e
n44ec11bdf979e1d6--fermata--upright--1,n1139--fermata--upright--1,fermata,stamp,n44ec11bdf979e1d6
n44ec11bdf979e1d6--arpeggiate--1,n1139--arpeggiate--1,arpeggiate,stamp,n44ec11bdf979e1d6
nc2dd60d6c524fa5c--arpeggiate--1,n1140--arpeggiate--1,arpeggiate,stamp,nc2dd60d6c524fa5c
ne74fd16f9a2f253c--arpeggiate--1,n1141--arpeggiate--1,arpeggiate,stamp,ne74fd16f9a2f253c
n11f2f22e4aa920a5--arpeggiate--1,n1142--arpeggiate--1,arpeggiate,stamp,n11f2f22e4aa920a5
n066b58b4d42ce2ff--arpeggiate--1,n1143--arpeggiate--1,arpeggiate,stamp,n066b58b4d42ce2ff
nad53c0e8e36fd81c--fermata--upright--1,n1147--fermata--upright--1,fermata,stamp,nad53c0e8e36fd81c
e71800a8e57b2a832,md-1-40-3-1,pedal,md,3
ec383addcf35d365f,md-1-40-3-2,dynamics,md,3
e3975a50eedb5d5af,md-1-40-3-3,octave-shift,md,3
n8efb20cc7cb92ee1--slur--stop--1,n1179--slur--stop--1,slur,stamp,n8efb20cc7cb92ee1
n8efb20cc7cb92ee1--strong-accent--1,,strong-accent,derive,n8efb20cc7cb92ee1
n8efb20cc7cb92ee1--arpeggiate--1,n1179--arpeggiate--1,arpeggiate,stamp,n8efb20cc7cb92ee1
n1f37947a80ea28b1--arpeggiate--1,n1180--arpeggiate--1,arpeggiate,stamp,n1f37947a80ea28b1
nbb2fd0ff1a5e0bd4--slur--start--1,n1181--slur--start--1,slur,stamp,nbb2fd0ff1a5e0bd4
n5613f4f074e992d4--slur--stop--1,n1198--slur--stop--1,slur,stamp,n5613f4f074e992d4
nf86eb37aaf4f6c16--staccato--1,,staccato,derive,nf86eb37aaf4f6c16
nf86eb37aaf4f6c16--arpeggiate--1,n1199--arpeggiate--1,arpeggiate,stamp,nf86eb37aaf4f6c16
nb75d199e052b36af--arpeggiate--1,n1200--arpeggiate--1,arpeggiate,stamp,nb75d199e052b36af
nc01a1d2a44415643--arpeggiate--1,n1201--arpeggiate--1,arpeggiate,stamp,nc01a1d2a44415643
nd682798008a7abe4--fermata--upright--1,n1202--fermata--upright--1,fermata,stamp,nd682798008a7abe4
ne2fdd08bd6e18979--fermata--upright--1,n1210--fermata--upright--1,fermata,stamp,ne2fdd08bd6e18979
e721ad1a7fd92d6c1,md-1-41-3-1,pedal,md,3
e5202cacbb207ee3f,md-1-41-3-2,words,md,3
e8874a788ef7070e6,md-1-41-3-3,dashes,md,3
edd516b812001d7f9,md-1-41-3-4,dashes,md,3
edb91a65f85838e17,md-1-41-3-5,dynamics,md,3
eebecf7a00ce95b64,md-1-41-3-6,pedal,md,3
e6db4ea7014ef5194,md-1-41-3-7,octave-shift,md,3
e00bafd665678a833,md-1-41-3-8,dynamics,md,3
e738893cc1c2a5b8b,md-1-41-3-9,pedal,md,3
e60576229cb2640d0,md-1-41-3-10,octave-shift,md,3
n767d22dd5232efe4--staccato--1,,staccato,derive,n767d22dd5232efe4
n07e109e707414367--staccato--1,,staccato,derive,n07e109e707414367
n2c914a8150010eb8--staccato--1,,staccato,derive,n2c914a8150010eb8
n33a26385ffd9bd42--staccato--1,,staccato,derive,n33a26385ffd9bd42
n24fb5700f52d953e--staccato--1,,staccato,derive,n24fb5700f52d953e
n6efe093f6b7af984--staccato--1,,staccato,derive,n6efe093f6b7af984
e2b8f054f2ac39b6b,md-1-42-1-1,words,md,1
e86cd8ae49523796f,md-1-42-3-1,dynamics,md,3
ncd155aff236e9b70--staccato--1,,staccato,derive,ncd155aff236e9b70
n5092d14ad7957fbf--staccato--1,,staccato,derive,n5092d14ad7957fbf
n3df0f6ee70a08fa4--staccato--1,,staccato,derive,n3df0f6ee70a08fa4
nc97cbb7d068a533a--staccato--1,,staccato,derive,nc97cbb7d068a533a
n0a1c7c2d18f70683--staccato--1,,staccato,derive,n0a1c7c2d18f70683
n620d216ccfdb772f--staccato--1,,staccato,derive,n620d216ccfdb772f
n6a5c73613031f921--staccato--1,,staccato,derive,n6a5c73613031f921
n550b7932856e4aa5--staccato--1,,staccato,derive,n550b7932856e4aa5
n8dafbbc843d28eea--staccato--1,,staccato,derive,n8dafbbc843d28eea
nbbfc1ad7321f9a1e--staccato--1,,staccato,derive,nbbfc1ad7321f9a1e
n4c698765b97f12cc--slur--start--1,n1251--slur--start--1,slur,stamp,n4c698765b97f12cc
n4c698765b97f12cc--strong-accent--1,,strong-accent,derive,n4c698765b97f12cc
ncf8c2fe6910051f5--slur--stop--1,n1253--slur--stop--1,slur,stamp,ncf8c2fe6910051f5
ncf8c2fe6910051f5--staccato--1,,staccato,derive,ncf8c2fe6910051f5
n5e637c25540a9ae0--staccato--1,,staccato,derive,n5e637c25540a9ae0
n942dc3b50afb2a05--slur--start--1,n1256--slur--start--1,slur,stamp,n942dc3b50afb2a05
n942dc3b50afb2a05--strong-accent--1,,strong-accent,derive,n942dc3b50afb2a05
nbff22578416900b0--slur--stop--1,n1258--slur--stop--1,slur,stamp,nbff22578416900b0
nbff22578416900b0--staccato--1,,staccato,derive,nbff22578416900b0
ef4e6bb65029b385c,md-1-45-3-1,dynamics,md,3
eef350bb838a3ca85,md-1-45-4-1,pedal,md,4
ea82edb9a0e288446,md-1-45-4-2,pedal,md,4
n8fd78ba710bed1cc--staccato--1,,staccato,derive,n8fd78ba710bed1cc
n50357fb3d9856d0a--staccato--1,,staccato,derive,n50357fb3d9856d0a
ncfbdcbeb23e812aa--staccato--1,,staccato,derive,ncfbdcbeb23e812aa
na926b93d18a4d940--staccato--1,,staccato,derive,na926b93d18a4d940
n9a9dca41ff68f061--staccato--1,,staccato,derive,n9a9dca41ff68f061
n8199c363e77eb022--staccato--1,,staccato,derive,n8199c363e77eb022
e6fd5a18e52b4662b,md-1-46-3-1,dynamics,md,3
nb3800baedecd2e6c--staccato--1,,staccato,derive,nb3800baedecd2e6c
n6dc7af02b449e62a--staccato--1,,staccato,derive,n6dc7af02b449e62a
na018de0ad6ce0b79--staccato--1,,staccato,derive,na018de0ad6ce0b79
na5d02d05035f9c6a--staccato--1,,staccato,derive,na5d02d05035f9c6a
nb9ce0b2d15458426--staccato--1,,staccato,derive,nb9ce0b2d15458426
nd570cb26542571b2--staccato--1,,staccato,derive,nd570cb26542571b2
nb51f04a97ecf8a5b--staccato--1,,staccato,derive,nb51f04a97ecf8a5b
n89a1e7565e9c870b--staccato--1,,staccato,derive,n89a1e7565e9c870b
n3cff533d498cddd4--staccato--1,,staccato,derive,n3cff533d498cddd4
nf3db1dde1e580e45--staccato--1,,staccato,derive,nf3db1dde1e580e45
n51b183ad0edfa225--slur--start--1,n1302--slur--start--1,slur,stamp,n51b183ad0edfa225
n4a3632e407affee4--slur--stop--1,n1304--slur--stop--1,slur,stamp,n4a3632e407affee4
n4a3632e407affee4--staccato--1,,staccato,derive,n4a3632e407affee4
n781247c3b1f88106--staccato--1,,staccato,derive,n781247c3b1f88106
n23cc3cc1e5cb88cd--slur--start--1,n1307--slur--start--1,slur,stamp,n23cc3cc1e5cb88cd
n23cc3cc1e5cb88cd--strong-accent--1,,strong-accent,derive,n23cc3cc1e5cb88cd
n6522573b4a807fd4--slur--stop--1,n1309--slur--stop--1,slur,stamp,n6522573b4a807fd4
n6522573b4a807fd4--staccato--1,,staccato,derive,n6522573b4a807fd4
e8a8119ad61b71915,md-1-49-3-1,dynamics,md,3
ea8ce283bc34d6e27,md-1-49-4-1,pedal,md,4
e784521570d04ec0b,md-1-49-4-2,pedal,md,4
n8245a2d194146fe2--staccato--1,,staccato,derive,n8245a2d194146fe2
n2fa0c3f42ade190a--staccato--1,,staccato,derive,n2fa0c3f42ade190a
n952f5805ce4271d5--staccato--1,,staccato,derive,n952f5805ce4271d5
n3af874e577e02fdc--staccato--1,,staccato,derive,n3af874e577e02fdc
n026d6bccd11ea086--staccato--1,,staccato,derive,n026d6bccd11ea086
n2e736512bd52fa14--staccato--1,,staccato,derive,n2e736512bd52fa14
e512c7c58ea90701e,md-1-50-3-1,dynamics,md,3
n176cf14bdee9fb1c--staccato--1,,staccato,derive,n176cf14bdee9fb1c
n9e7ee91ab80e3c7e--staccato--1,,staccato,derive,n9e7ee91ab80e3c7e
n7af6f3c9f6d12d28--staccato--1,,staccato,derive,n7af6f3c9f6d12d28
na02fca4983cef609--staccato--1,,staccato,derive,na02fca4983cef609
nacb3e5cf5c06fb87--staccato--1,,staccato,derive,nacb3e5cf5c06fb87
nf9c93ffa4cdd68d2--staccato--1,,staccato,derive,nf9c93ffa4cdd68d2
nc2ae26c571e16a4e--staccato--1,,staccato,derive,nc2ae26c571e16a4e
nd7f1f83dfea20fd5--staccato--1,,staccato,derive,nd7f1f83dfea20fd5
n0d974ae1dd91fb27--staccato--1,,staccato,derive,n0d974ae1dd91fb27
n4cb012e46b3a1147--staccato--1,,staccato,derive,n4cb012e46b3a1147
neccff71a8fae061e--slur--start--1,n1363--slur--start--1,slur,stamp,neccff71a8fae061e
neccff71a8fae061e--strong-accent--1,,strong-accent,derive,neccff71a8fae061e
n8f30f39cf28d021c--slur--stop--1,n1366--slur--stop--1,slur,stamp,n8f30f39cf28d021c
n8f30f39cf28d021c--staccato--1,,staccato,derive,n8f30f39cf28d021c
n87b05568d0758326--staccato--1,,staccato,derive,n87b05568d0758326
n62f5828d22201786--slur--start--1,n1370--slur--start--1,slur,stamp,n62f5828d22201786
n62f5828d22201786--strong-accent--1,,strong-accent,derive,n62f5828d22201786
n168b5d43a1bb7a8c--slur--stop--1,n1372--slur--stop--1,slur,stamp,n168b5d43a1bb7a8c
n168b5d43a1bb7a8c--staccato--1,,staccato,derive,n168b5d43a1bb7a8c
e03718f16405d0c4d,md-1-53-3-1,dynamics,md,3
e07299ebacdd65f06,md-1-53-4-1,pedal,md,4
e68b18579b4d9c730,md-1-53-4-2,pedal,md,4
na7cc45531db1b820--staccato--1,,staccato,derive,na7cc45531db1b820
n369243baddfb2b1b--staccato--1,,staccato,derive,n369243baddfb2b1b
nec53550ce9686877--staccato--1,,staccato,derive,nec53550ce9686877
n20cb2ebd9d1caa02--staccato--1,,staccato,derive,n20cb2ebd9d1caa02
nfae2bc2d306b9b0b--staccato--1,,staccato,derive,nfae2bc2d306b9b0b
n49c898bb2e3b7470--staccato--1,,staccato,derive,n49c898bb2e3b7470
efc0d73d92541767d,md-1-54-3-1,dynamics,md,3
nc75cbe5fb1f9ffa7--staccato--1,,staccato,derive,nc75cbe5fb1f9ffa7
ncafb5caddb04a4be--staccato--1,,staccato,derive,ncafb5caddb04a4be
ne88bc8e566370bd4--staccato--1,,staccato,derive,ne88bc8e566370bd4
n7d7c92becbef3e2b--staccato--1,,staccato,derive,n7d7c92becbef3e2b
nd97b64df378beef2--staccato--1,,staccato,derive,nd97b64df378beef2
n98f0ebe87d48fc35--staccato--1,,staccato,derive,n98f0ebe87d48fc35
nfb2b04f1acdcc7ab--staccato--1,,staccato,derive,nfb2b04f1acdcc7ab
n4fb4d6eac19e8848--staccato--1,,staccato,derive,n4fb4d6eac19e8848
n2f17f7b88e8571d8--staccato--1,,staccato,derive,n2f17f7b88e8571d8
n9585997f26931938--staccato--1,,staccato,derive,n9585997f26931938
nfd6d8bea2b3bc81a--slur--start--1,n1427--slur--start--1,slur,stamp,nfd6d8bea2b3bc81a
nfd6d8bea2b3bc81a--strong-accent--1,,strong-accent,derive,nfd6d8bea2b3bc81a
n66b3d71dab801a81--slur--stop--1,n1430--slur--stop--1,slur,stamp,n66b3d71dab801a81
n66b3d71dab801a81--staccato--1,,staccato,derive,n66b3d71dab801a81
na751d33f938f691c--staccato--1,,staccato,derive,na751d33f938f691c
n6a14eb4b1be152b4--slur--start--1,n1434--slur--start--1,slur,stamp,n6a14eb4b1be152b4
n6a14eb4b1be152b4--strong-accent--1,,strong-accent,derive,n6a14eb4b1be152b4
n22f748ff531849e3--slur--stop--1,n1436--slur--stop--1,slur,stamp,n22f748ff531849e3
n22f748ff531849e3--staccato--1,,staccato,derive,n22f748ff531849e3
e69355bffe8deeabd,md-1-57-3-1,dynamics,md,3
e383cc20acd54c8f5,md-1-57-4-1,pedal,md,4
ea60b3b9b4b9f49ec,md-1-57-4-2,pedal,md,4
n76e5a0318e7ccb6b--staccato--1,,staccato,derive,n76e5a0318e7ccb6b
n80a9bd98f9155ba3--staccato--1,,staccato,derive,n80a9bd98f9155ba3
nea856286308506ec--staccato--1,,staccato,derive,nea856286308506ec
n463ac4a1c37a3dc4--staccato--1,,staccato,derive,n463ac4a1c37a3dc4
n4f142f369467ff7f--staccato--1,,staccato,derive,n4f142f369467ff7f
n30d4b039f93f7de7--staccato--1,,staccato,derive,n30d4b039f93f7de7
n1e6d0d8d6fb565ab--staccato--1,,staccato,derive,n1e6d0d8d6fb565ab
n89831432a322e580--staccato--1,,staccato,derive,n89831432a322e580
n64aeece7550ff2fb--staccato--1,,staccato,derive,n64aeece7550ff2fb
n053e78c1d7fb2875--staccato--1,,staccato,derive,n053e78c1d7fb2875
n962889244ef751d9--staccato--1,,staccato,derive,n962889244ef751d9
nfb30365576309463--staccato--1,,staccato,derive,nfb30365576309463
ed781b12d14ac62f8,md-1-58-1-1,words,md,1
ecbd29bbc220ff9cf,md-1-58-3-1,dynamics,md,3
e103f9987159640ec,md-1-58-3-2,words,md,3
n0c35db932eff6c7e--staccato--1,,staccato,derive,n0c35db932eff6c7e
nc4a84f3d7d876c9d--staccato--1,,staccato,derive,nc4a84f3d7d876c9d
n1baacc7697d605d5--staccato--1,,staccato,derive,n1baacc7697d605d5
nb325e2aafba7138d--staccato--1,,staccato,derive,nb325e2aafba7138d
nf10449609790ff9f--staccato--1,,staccato,derive,nf10449609790ff9f
nf25f6b0ee636c56d--staccato--1,,staccato,derive,nf25f6b0ee636c56d
n57181d9369d1c35b--staccato--1,,staccato,derive,n57181d9369d1c35b
nd76876276d722409--staccato--1,,staccato,derive,nd76876276d722409
nd2455dfc0a4bead3--staccato--1,,staccato,derive,nd2455dfc0a4bead3
n4433c6bb79a03289--staccato--1,,staccato,derive,n4433c6bb79a03289
nfdd4fa41a0e5e431--staccato--1,,staccato,derive,nfdd4fa41a0e5e431
n84e66d0e9c9b1570--staccato--1,,staccato,derive,n84e66d0e9c9b1570
n692b35ef059457b6--staccato--1,,staccato,derive,n692b35ef059457b6
ne59a3b63ab153451--staccato--1,,staccato,derive,ne59a3b63ab153451
nf447601f8412d95d--staccato--1,,staccato,derive,nf447601f8412d95d
n4e030fadc3c1dea8--staccato--1,,staccato,derive,n4e030fadc3c1dea8
n41c3f98e682651ff--staccato--1,,staccato,derive,n41c3f98e682651ff
n4299ee3ad59ef274--staccato--1,,staccato,derive,n4299ee3ad59ef274
ne5fff668756db665--staccato--1,,staccato,derive,ne5fff668756db665
n05ec0ed84d0963c6--staccato--1,,staccato,derive,n05ec0ed84d0963c6
n9fc49a159d8d2ef9--staccato--1,,staccato,derive,n9fc49a159d8d2ef9
n0694d9a44a80301c--staccato--1,,staccato,derive,n0694d9a44a80301c
ne28a05a8fdb52566--staccato--1,,staccato,derive,ne28a05a8fdb52566
n60026bb8f9cabbdb--staccato--1,,staccato,derive,n60026bb8f9cabbdb
ncad7042237060b1b--staccato--1,,staccato,derive,ncad7042237060b1b
nb274350d80aedd14--staccato--1,,staccato,derive,nb274350d80aedd14
n12f10afb486dcb96--staccato--1,,staccato,derive,n12f10afb486dcb96
n0d935ab3238d9f00--staccato--1,,staccato,derive,n0d935ab3238d9f00
n183d6ad74b0959b9--staccato--1,,staccato,derive,n183d6ad74b0959b9
n1ca549e2d91662d6--staccato--1,,staccato,derive,n1ca549e2d91662d6
n1be40eb5fd3fba2d--staccato--1,,staccato,derive,n1be40eb5fd3fba2d
nf50147edea6cb8d0--staccato--1,,staccato,derive,nf50147edea6cb8d0
n69e23d06d2c25002--staccato--1,,staccato,derive,n69e23d06d2c25002
n6215cdae538878a6--staccato--1,,staccato,derive,n6215cdae538878a6
nd8edf7129e435a06--staccato--1,,staccato,derive,nd8edf7129e435a06
nac28962ed4a4725d--staccato--1,,staccato,derive,nac28962ed4a4725d
na590cce6fa9abab4--staccato--1,,staccato,derive,na590cce6fa9abab4
n73c4f065c9b1a7c3--staccato--1,,staccato,derive,n73c4f065c9b1a7c3
n42ab687e6d127d7c--staccato--1,,staccato,derive,n42ab687e6d127d7c
n83874b30a2431411--staccato--1,,staccato,derive,n83874b30a2431411
n45b415ee0bf82771--staccato--1,,staccato,derive,n45b415ee0bf82771
ndbc8dc905b0e7247--staccato--1,,staccato,derive,ndbc8dc905b0e7247
n1cf50c0036479b10--staccato--1,,staccato,derive,n1cf50c0036479b10
n01dc6ea9b0d31513--staccato--1,,staccato,derive,n01dc6ea9b0d31513
n046a5495390b1814--slur--start--1,n1584--slur--start--1,slur,stamp,n046a5495390b1814
n046a5495390b1814--strong-accent--1,,strong-accent,derive,n046a5495390b1814
ndaca7a7e594c3d99--slur--stop--1,n1587--slur--stop--1,slur,stamp,ndaca7a7e594c3d99
ndaca7a7e594c3d99--staccato--1,,staccato,derive,ndaca7a7e594c3d99
ncf6e96617751af4b--slur--start--1,n1591--slur--start--1,slur,stamp,ncf6e96617751af4b
ncf6e96617751af4b--strong-accent--1,,strong-accent,derive,ncf6e96617751af4b
n1f6e6a30a8b1c2ba--slur--stop--1,n1594--slur--stop--1,slur,stamp,n1f6e6a30a8b1c2ba
n1f6e6a30a8b1c2ba--staccato--1,,staccato,derive,n1f6e6a30a8b1c2ba
e5f303ee445970082,md-1-65-3-1,dynamics,md,3
e259973d2a9cccd0f,md-1-65-4-1,pedal,md,4
e993a1fc01b119caa,md-1-65-4-2,pedal,md,4
nee37ecdb06cc91e0--staccato--1,,staccato,derive,nee37ecdb06cc91e0
n5eb5a88230b1bab4--staccato--1,,staccato,derive,n5eb5a88230b1bab4
n1898e55d750d1e11--staccato--1,,staccato,derive,n1898e55d750d1e11
n6d1098f9938755e6--staccato--1,,staccato,derive,n6d1098f9938755e6
nd2adac16949ccd1a--staccato--1,,staccato,derive,nd2adac16949ccd1a
nd7f44572b23fa39e--staccato--1,,staccato,derive,nd7f44572b23fa39e
n82413ef370b120a7--staccato--1,,staccato,derive,n82413ef370b120a7
n3ce803f5649f08b1--staccato--1,,staccato,derive,n3ce803f5649f08b1
n7633162c111f0a1f--staccato--1,,staccato,derive,n7633162c111f0a1f
ne58171e1187816ec--staccato--1,,staccato,derive,ne58171e1187816ec
n762954ee1ed0b7b9--staccato--1,,staccato,derive,n762954ee1ed0b7b9
nc5f384f4fdfaee29--staccato--1,,staccato,derive,nc5f384f4fdfaee29
ee337edbcf54f4365,md-1-66-1-1,words,md,1
e1fcf2cc3bdf44bf7,md-1-66-1-2,octave-shift,md,1
ee3ccbe8cecbcb325,md-1-66-3-1,dynamics,md,3
e2caef81a273268a4,md-1-66-3-2,octave-shift,md,3
n701c00d93d0ec8ef--staccato--1,,staccato,derive,n701c00d93d0ec8ef
n4a17273d6fb98741--staccato--1,,staccato,derive,n4a17273d6fb98741
nbcc5f8bdaf93980c--staccato--1,,staccato,derive,nbcc5f8bdaf93980c
n3443f21ce529b7ae--staccato--1,,staccato,derive,n3443f21ce529b7ae
nbd462d16072f4951--staccato--1,,staccato,derive,nbd462d16072f4951
n17725aceb5d5f1ac--staccato--1,,staccato,derive,n17725aceb5d5f1ac
n4ad939011a95bec4--staccato--1,,staccato,derive,n4ad939011a95bec4
n9d75161bd5f3636b--staccato--1,,staccato,derive,n9d75161bd5f3636b
n6547154a671c7104--staccato--1,,staccato,derive,n6547154a671c7104
n563fae1016ab6759--staccato--1,,staccato,derive,n563fae1016ab6759
ndf7a1349f8e9392d--staccato--1,,staccato,derive,ndf7a1349f8e9392d
ne10e1eca46133026--staccato--1,,staccato,derive,ne10e1eca46133026
ne812fbaecf4daf5b--staccato--1,,staccato,derive,ne812fbaecf4daf5b
n3f265fcac3431a93--staccato--1,,staccato,derive,n3f265fcac3431a93
n54fed6007d248738--staccato--1,,staccato,derive,n54fed6007d248738
na6957eaad84280fc--staccato--1,,staccato,derive,na6957eaad84280fc
n9b13444c5b98e598--staccato--1,,staccato,derive,n9b13444c5b98e598
n75bc33e637380a3c--staccato--1,,staccato,derive,n75bc33e637380a3c
nc204d8e881fb7250--staccato--1,,staccato,derive,nc204d8e881fb7250
n9b40520035a8b79d--staccato--1,,staccato,derive,n9b40520035a8b79d
n0fa512933f949882--staccato--1,,staccato,derive,n0fa512933f949882
nb6f9f2cefb5eb0cd--staccato--1,,staccato,derive,nb6f9f2cefb5eb0cd
n813132e03432a683--staccato--1,,staccato,derive,n813132e03432a683
n9abe3ae0f4d890c9--staccato--1,,staccato,derive,n9abe3ae0f4d890c9
na16f6db0b1d3b7ee--staccato--1,,staccato,derive,na16f6db0b1d3b7ee
n3450074cf08b2cf3--staccato--1,,staccato,derive,n3450074cf08b2cf3
na45422860621fd29--staccato--1,,staccato,derive,na45422860621fd29
n3c32b15a67e12482--staccato--1,,staccato,derive,n3c32b15a67e12482
e9d25ecf62769c34e,md-1-69-1-1,octave-shift,md,1
ee6e51b7219ea1fa5,md-1-69-3-1,octave-shift,md,3
n6b048548fb2fa8e1--staccato--1,,staccato,derive,n6b048548fb2fa8e1
nb5f24b23adc4704d--staccato--1,,staccato,derive,nb5f24b23adc4704d
nfe00fecc8faee603--staccato--1,,staccato,derive,nfe00fecc8faee603
n852ea0399c6708e5--staccato--1,,staccato,derive,n852ea0399c6708e5
n9f89f662edd46cc0--staccato--1,,staccato,derive,n9f89f662edd46cc0
n55dd6bbd058ea06b--staccato--1,,staccato,derive,n55dd6bbd058ea06b
n399cd238c175b6c2--staccato--1,,staccato,derive,n399cd238c175b6c2
n553e28da37544cda--staccato--1,,staccato,derive,n553e28da37544cda
nee6a0362ea4c6459--staccato--1,,staccato,derive,nee6a0362ea4c6459
n37038dd7f2614fe3--staccato--1,,staccato,derive,n37038dd7f2614fe3
ndb8ae0a34452ff62--staccato--1,,staccato,derive,ndb8ae0a34452ff62
n5615b3931a3bf916--staccato--1,,staccato,derive,n5615b3931a3bf916
n1b95ca6423ad5d62--staccato--1,,staccato,derive,n1b95ca6423ad5d62
n593a4996c3a8684a--staccato--1,,staccato,derive,n593a4996c3a8684a
ncbb31966c5ddbfec--staccato--1,,staccato,derive,ncbb31966c5ddbfec
n54502b9a3e3ce7af--staccato--1,,staccato,derive,n54502b9a3e3ce7af
nfcf25a02d4be23d3--slur--start--1,n1743--slur--start--1,slur,stamp,nfcf25a02d4be23d3
nfcf25a02d4be23d3--strong-accent--1,,strong-accent,derive,nfcf25a02d4be23d3
n25831e5e3e41f920--slur--stop--1,n1746--slur--stop--1,slur,stamp,n25831e5e3e41f920
n25831e5e3e41f920--staccato--1,,staccato,derive,n25831e5e3e41f920
n9e18d244b6a28759--staccato--1,,staccato,derive,n9e18d244b6a28759
n646f5c94204bdbc7--slur--start--1,n1750--slur--start--1,slur,stamp,n646f5c94204bdbc7
n646f5c94204bdbc7--strong-accent--1,,strong-accent,derive,n646f5c94204bdbc7
n1cb1e90ae047c2cb--slur--stop--1,n1753--slur--stop--1,slur,stamp,n1cb1e90ae047c2cb
n1cb1e90ae047c2cb--staccato--1,,staccato,derive,n1cb1e90ae047c2cb
e0d1b11622b3109e3,md-1-73-3-1,dynamics,md,3
ec0f4ff583cd89ffd,md-1-73-3-2,octave-shift,md,3
e57162b7241931010,md-1-73-3-3,octave-shift,md,3
e969dd84781fc4b35,md-1-73-4-1,pedal,md,4
e8b372fc93637df55,md-1-73-4-2,words,md,4
e34a71a2cfb66a560,md-1-73-4-3,pedal,md,4
nbec82ebe031ea441--fermata--upright--1,n1758--fermata--upright--1,fermata,stamp,nbec82ebe031ea441
n2d157cd0fcca6240--tuplet--start--1,n1761--tuplet--start--1,tuplet,stamp,n2d157cd0fcca6240
n2d157cd0fcca6240--slur--start--1,n1761--slur--start--1,slur,stamp,n2d157cd0fcca6240
n2d157cd0fcca6240--slur--start--2,n1761--slur--start--2,slur,stamp,n2d157cd0fcca6240
n2d157cd0fcca6240--staccato--1,,staccato,derive,n2d157cd0fcca6240
n59fb588ca73315ff--staccato--1,,staccato,derive,n59fb588ca73315ff
n2253aff834ba00f1--tuplet--stop--1,n1763--tuplet--stop--1,tuplet,stamp,n2253aff834ba00f1
n2253aff834ba00f1--slur--stop--1,n1763--slur--stop--1,slur,stamp,n2253aff834ba00f1
n2253aff834ba00f1--slur--stop--2,n1763--slur--stop--2,slur,stamp,n2253aff834ba00f1
n2253aff834ba00f1--staccato--1,,staccato,derive,n2253aff834ba00f1
nefa7cca2f3c3130b--fermata--upright--1,n1764--fermata--upright--1,fermata,stamp,nefa7cca2f3c3130b
ec5c00c76384abf41,md-1-74-1-1,words,md,1
e3a5e545f60da4804,md-1-74-3-1,dynamics,md,3
e1c19aca23968e201,md-1-74-3-2,words,md,3
e9c3a31f19c16470c,md-1-74-3-3,words,md,3
nb8d1f905179b5fd5--tie--1,,tie,derive,nb8d1f905179b5fd5
nb8d1f905179b5fd5--tied--start--1,n1771--tied--start--1,tied,stamp,nb8d1f905179b5fd5
nb8d1f905179b5fd5--fermata--upright--1,n1771--fermata--upright--1,fermata,stamp,nb8d1f905179b5fd5
n298c74fc09b4512d--tie--1,,tie,derive,n298c74fc09b4512d
n298c74fc09b4512d--tied--stop--1,n1772--tied--stop--1,tied,stamp,n298c74fc09b4512d
n298c74fc09b4512d--tuplet--start--1,n1772--tuplet--start--1,tuplet,stamp,n298c74fc09b4512d
n5b2bd6a482a7965f--tuplet--stop--1,n1775--tuplet--stop--1,tuplet,stamp,n5b2bd6a482a7965f
nef887bbd9b04196c--tie--1,,tie,derive,nef887bbd9b04196c
nef887bbd9b04196c--tied--start--1,n1776--tied--start--1,tied,stamp,nef887bbd9b04196c
nef887bbd9b04196c--fermata--upright--1,n1776--fermata--upright--1,fermata,stamp,nef887bbd9b04196c
n0ee20aaf256939be--tie--1,,tie,derive,n0ee20aaf256939be
n0ee20aaf256939be--tied--stop--1,n1777--tied--stop--1,tied,stamp,n0ee20aaf256939be
n0ee20aaf256939be--tuplet--start--1,n1777--tuplet--start--1,tuplet,stamp,n0ee20aaf256939be
ne48139d71ac99b75--tuplet--stop--1,n1780--tuplet--stop--1,tuplet,stamp,ne48139d71ac99b75
n00635597aea0ab28--fermata--upright--1,n1785--fermata--upright--1,fermata,stamp,n00635597aea0ab28
ne84a535af6476601--fermata--upright--1,n1793--fermata--upright--1,fermata,stamp,ne84a535af6476601
efdcf8fe134ff8f7b,md-1-75-4-1,pedal,md,4
e1e57eb513d90bd9e,md-1-75-4-2,pedal,md,4
e63423f73f8e19cd5,md-1-75-4-3,pedal,md,4
ea9774fc9b3cbc13a,md-1-75-4-4,pedal,md,4
n1bb57d7aa306aac9--tie--1,,tie,derive,n1bb57d7aa306aac9
n1bb57d7aa306aac9--tied--start--1,n1808--tied--start--1,tied,stamp,n1bb57d7aa306aac9
n5f25fd8cd6664f71--tie--1,,tie,derive,n5f25fd8cd6664f71
n5f25fd8cd6664f71--tied--start--1,n1809--tied--start--1,tied,stamp,n5f25fd8cd6664f71
nde4a9f24e4100915--tie--1,,tie,derive,nde4a9f24e4100915
nde4a9f24e4100915--tied--start--1,n1810--tied--start--1,tied,stamp,nde4a9f24e4100915
nda2631459b16c0f0--tie--1,,tie,derive,nda2631459b16c0f0
nda2631459b16c0f0--tied--stop--1,n1811--tied--stop--1,tied,stamp,nda2631459b16c0f0
n63737619943f0b7c--tie--1,,tie,derive,n63737619943f0b7c
n63737619943f0b7c--tied--stop--1,n1812--tied--stop--1,tied,stamp,n63737619943f0b7c
nb1505c14b3117cfa--tie--1,,tie,derive,nb1505c14b3117cfa
nb1505c14b3117cfa--tied--stop--1,n1813--tied--stop--1,tied,stamp,nb1505c14b3117cfa
e1fcd1f2308728d71,md-1-76-4-1,pedal,md,4
e8e20bf45f23ed3d8,md-1-76-4-2,pedal,md,4
n89ac0b7b95d93b0c--tuplet--start--1,n1820--tuplet--start--1,tuplet,stamp,n89ac0b7b95d93b0c
n89ac0b7b95d93b0c--slur--start--1,n1820--slur--start--1,slur,stamp,n89ac0b7b95d93b0c
n89ac0b7b95d93b0c--slur--start--2,n1820--slur--start--2,slur,stamp,n89ac0b7b95d93b0c
n432fe198e315bfdf--staccato--1,,staccato,derive,n432fe198e315bfdf
n32781b08c753272b--tuplet--stop--1,n1822--tuplet--stop--1,tuplet,stamp,n32781b08c753272b
n32781b08c753272b--slur--stop--1,n1822--slur--stop--1,slur,stamp,n32781b08c753272b
n32781b08c753272b--staccato--1,,staccato,derive,n32781b08c753272b
nf9a4a55d319c5de9--slur--stop--1,n1824--slur--stop--1,slur,stamp,nf9a4a55d319c5de9
nf9a4a55d319c5de9--tenuto--1,,tenuto,derive,nf9a4a55d319c5de9
n0d3f3cf10cedfc19--tuplet--start--1,n1825--tuplet--start--1,tuplet,stamp,n0d3f3cf10cedfc19
n3e24ef43757dcf35--tuplet--stop--1,n1827--tuplet--stop--1,tuplet,stamp,n3e24ef43757dcf35
n26cf91a029ca68b5--tie--1,,tie,derive,n26cf91a029ca68b5
n26cf91a029ca68b5--tied--start--1,n1828--tied--start--1,tied,stamp,n26cf91a029ca68b5
n2e3c6f1c144a8bdb--tie--1,,tie,derive,n2e3c6f1c144a8bdb
n2e3c6f1c144a8bdb--tied--stop--1,n1830--tied--stop--1,tied,stamp,n2e3c6f1c144a8bdb
n2e3c6f1c144a8bdb--tuplet--start--1,n1830--tuplet--start--1,tuplet,stamp,n2e3c6f1c144a8bdb
n9bd9fa059ed3e2f9--fermata--upright--1,n1831--fermata--upright--1,fermata,stamp,n9bd9fa059ed3e2f9
n265a15bdcea5ef5a--tuplet--stop--1,n1832--tuplet--stop--1,tuplet,stamp,n265a15bdcea5ef5a
nea603ccf8b86218c--fermata--upright--1,n1853--fermata--upright--1,fermata,stamp,nea603ccf8b86218c
e4ddd2b7da69ac422,md-1-77-3-1,wedge,md,3
ef6a51747adc29c6a,md-1-77-3-2,wedge,md,3
e54934398d0dbfa0d,md-1-77-3-3,wedge,md,3
e78c15a51ede26975,md-1-77-3-4,wedge,md,3
ecbcb36d700406589,md-1-77-4-1,pedal,md,4
e07e1259594a67458,md-1-77-4-2,pedal,md,4
edf4c9722a36ca7b1,md-1-77-4-3,pedal,md,4
e73da2d4a5523c993,md-1-77-4-4,pedal,md,4
nd450099d262370a7--fermata--upright--1,n1860--fermata--upright--1,fermata,stamp,nd450099d262370a7
nd450099d262370a7--slur--start--1,n1860--slur--start--1,slur,stamp,nd450099d262370a7
nd450099d262370a7--tuplet--start--1,n1860--tuplet--start--1,tuplet,stamp,nd450099d262370a7
n9f9b00221315a33f--slur--start--1,n1861--slur--start--1,slur,stamp,n9f9b00221315a33f
n9f9b00221315a33f--staccato--1,,staccato,derive,n9f9b00221315a33f
n62fded67acf61dc9--tuplet--stop--1,n1862--tuplet--stop--1,tuplet,stamp,n62fded67acf61dc9
n62fded67acf61dc9--slur--stop--1,n1862--slur--stop--1,slur,stamp,n62fded67acf61dc9
n62fded67acf61dc9--slur--stop--2,n1862--slur--stop--2,slur,stamp,n62fded67acf61dc9
n62fded67acf61dc9--staccato--1,,staccato,derive,n62fded67acf61dc9
ndfc639c2ef530736--tie--1,,tie,derive,ndfc639c2ef530736
ndfc639c2ef530736--tied--start--1,n1867--tied--start--1,tied,stamp,ndfc639c2ef530736
ne3a78a1c3350014d--tie--1,,tie,derive,ne3a78a1c3350014d
ne3a78a1c3350014d--tied--start--1,n1868--tied--start--1,tied,stamp,ne3a78a1c3350014d
nae9a2039c4dafcc1--tie--1,,tie,derive,nae9a2039c4dafcc1
nae9a2039c4dafcc1--tied--start--1,n1869--tied--start--1,tied,stamp,nae9a2039c4dafcc1
n5ab2c803efc40a7e--tie--1,,tie,derive,n5ab2c803efc40a7e
n5ab2c803efc40a7e--tied--stop--1,n1870--tied--stop--1,tied,stamp,n5ab2c803efc40a7e
nf24e3cc33015e56e--tie--1,,tie,derive,nf24e3cc33015e56e
nf24e3cc33015e56e--tied--stop--1,n1871--tied--stop--1,tied,stamp,nf24e3cc33015e56e
n46db2b2730ae9b30--tie--1,,tie,derive,n46db2b2730ae9b30
n46db2b2730ae9b30--tied--stop--1,n1872--tied--stop--1,tied,stamp,n46db2b2730ae9b30
n7b51adde9a08b9fb--fermata--upright--1,n1873--fermata--upright--1,fermata,stamp,n7b51adde9a08b9fb
e1dec80f7245a1ec0,md-1-78-3-1,dynamics,md,3
ebb037b927caf5c7a,md-1-78-4-1,pedal,md,4
e67d7492ebb6abd38,md-1-78-4-2,words,md,4
ec727dd85c7b67be6,md-1-78-4-3,pedal,md,4
nb2dc04480a4acc88--tie--1,,tie,derive,nb2dc04480a4acc88
nb2dc04480a4acc88--tied--start--1,n1889--tied--start--1,tied,stamp,nb2dc04480a4acc88
n644c0881d4190759--tie--1,,tie,derive,n644c0881d4190759
n644c0881d4190759--tied--stop--1,n1890--tied--stop--1,tied,stamp,n644c0881d4190759
n644c0881d4190759--tuplet--start--1,n1890--tuplet--start--1,tuplet,stamp,n644c0881d4190759
n7cc42ba0caac1fed--tuplet--stop--1,n1894--tuplet--stop--1,tuplet,stamp,n7cc42ba0caac1fed
n08cfc7a5a7fbfe6f--fermata--upright--1,n1897--fermata--upright--1,fermata,stamp,n08cfc7a5a7fbfe6f
n51ba4c64b99347a8--tuplet--start--1,n1899--tuplet--start--1,tuplet,stamp,n51ba4c64b99347a8
ne9524cda507c9d56--tuplet--stop--1,n1901--tuplet--stop--1,tuplet,stamp,ne9524cda507c9d56
n4a89fc04c43134a5--slur--start--1,n1902--slur--start--1,slur,stamp,n4a89fc04c43134a5
nc5d2650bcadbc9a3--slur--stop--1,n1906--slur--stop--1,slur,stamp,nc5d2650bcadbc9a3
e297729c5f1b7ca34,md-1-79-3-1,wedge,md,3
eb89199da68424abd,md-1-79-3-2,wedge,md,3
eed94a7a0d09eca2e,md-1-79-4-1,words,md,4
ebc395ef6eac06bb0,md-1-79-4-2,pedal,md,4
ec2dcfb7bda8f92ed,md-1-79-4-3,pedal,md,4
e3c644580f243be1f,md-1-79-4-4,pedal,md,4
ea08bf1e0ea43e54e,md-1-79-4-5,pedal,md,4
ed8dd27dd50eddfbe,md-1-79-4-6,pedal,md,4
e2a6f9adb77c7bfd4,md-1-79-4-7,pedal,md,4
nf7d3a0511a339ce6--tie--1,,tie,derive,nf7d3a0511a339ce6
nf7d3a0511a339ce6--tied--start--1,n1930--tied--start--1,tied,stamp,nf7d3a0511a339ce6
n478f72973210fc49--tie--1,,tie,derive,n478f72973210fc49
n478f72973210fc49--tied--stop--1,n1931--tied--stop--1,tied,stamp,n478f72973210fc49
n478f72973210fc49--tuplet--start--1,n1931--tuplet--start--1,tuplet,stamp,n478f72973210fc49
n478f72973210fc49--slur--start--1,n1931--slur--start--1,slur,stamp,n478f72973210fc49
n878fe49e2708f8ba--tuplet--stop--1,n1933--tuplet--stop--1,tuplet,stamp,n878fe49e2708f8ba
n878fe49e2708f8ba--slur--stop--1,n1933--slur--stop--1,slur,stamp,n878fe49e2708f8ba
n71aa99cc53654dbc--tuplet--start--1,n1935--tuplet--start--1,tuplet,stamp,n71aa99cc53654dbc
n61a9f7564deaaca5--tuplet--stop--1,n1937--tuplet--stop--1,tuplet,stamp,n61a9f7564deaaca5
n49a3626df8346ce7--fermata--upright--1,n1940--fermata--upright--1,fermata,stamp,n49a3626df8346ce7
n4ac67d876a1e5ae5--fermata--upright--1,n1945--fermata--upright--1,fermata,stamp,n4ac67d876a1e5ae5
n1149c5b9df91c6ee--tuplet--start--1,n1949--tuplet--start--1,tuplet,stamp,n1149c5b9df91c6ee
n7dbfdc7ad8a0a9f9--tuplet--stop--1,n1950--tuplet--stop--1,tuplet,stamp,n7dbfdc7ad8a0a9f9
n1910bf64e99d7cc6--tuplet--start--1,n1955--tuplet--start--1,tuplet,stamp,n1910bf64e99d7cc6
n304e0ac181268712--tuplet--stop--1,n1956--tuplet--stop--1,tuplet,stamp,n304e0ac181268712
e8746fd14b642a56d,md-1-80-3-1,words,md,3
e3d7207d1a0364384,md-1-80-4-1,pedal,md,4
e09b51eae2f581bb7,md-1-80-4-2,words,md,4
ef493d223f356b6c6,md-1-80-4-3,pedal,md,4
ed495f47a52c39286,md-1-80-4-4,pedal,md,4
eb69c82619e7f74d8,md-1-80-4-5,pedal,md,4
nd61b29a970e2e323--fermata--upright--1,n1963--fermata--upright--1,fermata,stamp,nd61b29a970e2e323
nfd6ddf968034bfcf--fermata--upright--1,n1964--fermata--upright--1,fermata,stamp,nfd6ddf968034bfcf
n096fb3fe43730337--tuplet--start--1,n1965--tuplet--start--1,tuplet,stamp,n096fb3fe43730337
n096fb3fe43730337--slur--start--1,n1965--slur--start--1,slur,stamp,n096fb3fe43730337
n287a0db672d4096a--tuplet--stop--1,n1969--tuplet--stop--1,tuplet,stamp,n287a0db672d4096a
n287a0db672d4096a--slur--stop--1,n1969--slur--stop--1,slur,stamp,n287a0db672d4096a
ndff64c3cd892a34f--tuplet--start--1,n1973--tuplet--start--1,tuplet,stamp,ndff64c3cd892a34f
n08181dae9f31cff7--tuplet--stop--1,n1974--tuplet--stop--1,tuplet,stamp,n08181dae9f31cff7
n62487f1feb8a0f96--fermata--upright--1,n1978--fermata--upright--1,fermata,stamp,n62487f1feb8a0f96
n4724b0b572868cbe--fermata--upright--1,n1981--fermata--upright--1,fermata,stamp,n4724b0b572868cbe
n0dc1236923dc98fa--tuplet--start--1,n1983--tuplet--start--1,tuplet,stamp,n0dc1236923dc98fa
n19c56c0ab7b3c956--tuplet--stop--1,n1984--tuplet--stop--1,tuplet,stamp,n19c56c0ab7b3c956
ed4ec4e11a67a2eab,md-1-81-3-1,wedge,md,3
e15329687d9bc33ad,md-1-81-3-2,wedge,md,3
e2c7849c91b56b6eb,md-1-81-4-1,pedal,md,4
ecc46ae2b108be244,md-1-81-4-2,pedal,md,4
e2e6db868a8084b03,md-1-81-4-3,dynamics,md,4
nccd0789c61b1e68a--tuplet--start--1,n1993--tuplet--start--1,tuplet,stamp,nccd0789c61b1e68a
nccd0789c61b1e68a--slur--start--1,n1993--slur--start--1,slur,stamp,nccd0789c61b1e68a
nb118d8b8d6060d61--tuplet--stop--1,n1997--tuplet--stop--1,tuplet,stamp,nb118d8b8d6060d61
nb118d8b8d6060d61--slur--stop--1,n1997--slur--stop--1,slur,stamp,nb118d8b8d6060d61
n5036e4868de167d1--tie--1,,tie,derive,n5036e4868de167d1
n5036e4868de167d1--tied--start--1,n1999--tied--start--1,tied,stamp,n5036e4868de167d1
n24cdbd7710a39384--tie--1,,tie,derive,n24cdbd7710a39384
n24cdbd7710a39384--tied--start--1,n2000--tied--start--1,tied,stamp,n24cdbd7710a39384
nf62dbae109411b26--tie--1,,tie,derive,nf62dbae109411b26
nf62dbae109411b26--tied--stop--1,n2001--tied--stop--1,tied,stamp,nf62dbae109411b26
n9b690ff789df39ef--tie--1,,tie,derive,n9b690ff789df39ef
n9b690ff789df39ef--tied--stop--1,n2002--tied--stop--1,tied,stamp,n9b690ff789df39ef
n585e714435589d86--tuplet--start--1,n2022--tuplet--start--1,tuplet,stamp,n585e714435589d86
n32e7d1a2648fff2a--tuplet--stop--1,n2023--tuplet--stop--1,tuplet,stamp,n32e7d1a2648fff2a
nb680c9b0fb8e4aa7--tuplet--start--1,n2028--tuplet--start--1,tuplet,stamp,nb680c9b0fb8e4aa7
na54caab8c8d6f500--tuplet--stop--1,n2029--tuplet--stop--1,tuplet,stamp,na54caab8c8d6f500
ef9d1a367329f4365,md-1-82-3-1,dynamics,md,3
e58c4fa05cf89f562,md-1-82-3-2,words,md,3
e217f5d47b4f97df2,md-1-82-4-1,pedal,md,4
ed144e6aabe104d5b,md-1-82-4-2,pedal,md,4
e6d27fd30e004f30f,md-1-82-4-3,pedal,md,4
e5c829462871e2401,md-1-82-4-4,pedal,md,4
n817bb900aa615ebc--tie--1,,tie,derive,n817bb900aa615ebc
n817bb900aa615ebc--tied--start--1,n2042--tied--start--1,tied,stamp,n817bb900aa615ebc
nb8dac712f1ff0469--tie--1,,tie,derive,nb8dac712f1ff0469
nb8dac712f1ff0469--tied--start--1,n2043--tied--start--1,tied,stamp,nb8dac712f1ff0469
n10b962624d120571--tie--1,,tie,derive,n10b962624d120571
n10b962624d120571--tied--start--1,n2044--tied--start--1,tied,stamp,n10b962624d120571
ncdaa224ba13ef1b6--tie--1,,tie,derive,ncdaa224ba13ef1b6
ncdaa224ba13ef1b6--tied--start--1,n2045--tied--start--1,tied,stamp,ncdaa224ba13ef1b6
n255fecbfdf013399--tie--1,,tie,derive,n255fecbfdf013399
n255fecbfdf013399--tied--stop--1,n2046--tied--stop--1,tied,stamp,n255fecbfdf013399
na0a25003ca70f091--tie--1,,tie,derive,na0a25003ca70f091
na0a25003ca70f091--tied--stop--1,n2047--tied--stop--1,tied,stamp,na0a25003ca70f091
nb821e6faff030fc7--tie--1,,tie,derive,nb821e6faff030fc7
nb821e6faff030fc7--tied--stop--1,n2048--tied--stop--1,tied,stamp,nb821e6faff030fc7
naf450bf7a40e1eea--tie--1,,tie,derive,naf450bf7a40e1eea
naf450bf7a40e1eea--tied--stop--1,n2049--tied--stop--1,tied,stamp,naf450bf7a40e1eea
nae4fc8cb29b809ec--tuplet--start--1,n2051--tuplet--start--1,tuplet,stamp,nae4fc8cb29b809ec
nbb4b261fc32727ac--tuplet--stop--1,n2052--tuplet--stop--1,tuplet,stamp,nbb4b261fc32727ac
e9aeb1f9a994c360c,md-1-83-4-1,pedal,md,4
e8e8cf1ecc30dc8bd,md-1-83-4-2,pedal,md,4
na1f949cebe8685ef--tuplet--start--1,n2065--tuplet--start--1,tuplet,stamp,na1f949cebe8685ef
na1f949cebe8685ef--slur--start--1,n2065--slur--start--1,slur,stamp,na1f949cebe8685ef
n6de6f3099860291c--tuplet--stop--1,n2069--tuplet--stop--1,tuplet,stamp,n6de6f3099860291c
n6de6f3099860291c--slur--stop--1,n2069--slur--stop--1,slur,stamp,n6de6f3099860291c
nb4443b4c4b25bc23--tuplet--start--1,n2075--tuplet--start--1,tuplet,stamp,nb4443b4c4b25bc23
nb4443b4c4b25bc23--slur--start--1,n2075--slur--start--1,slur,stamp,nb4443b4c4b25bc23
n8dc94bac782b1f86--tuplet--stop--1,n2079--tuplet--stop--1,tuplet,stamp,n8dc94bac782b1f86
n8dc94bac782b1f86--slur--stop--1,n2079--slur--stop--1,slur,stamp,n8dc94bac782b1f86
n03fdb754ab9024f4--tuplet--start--1,n2083--tuplet--start--1,tuplet,stamp,n03fdb754ab9024f4
ndc33bd6c4acfb46a--tuplet--stop--1,n2087--tuplet--stop--1,tuplet,stamp,ndc33bd6c4acfb46a
n9cbf2212cc04dd0b--tuplet--start--1,n2094--tuplet--start--1,tuplet,stamp,n9cbf2212cc04dd0b
n9cbf2212cc04dd0b--slur--start--1,n2094--slur--start--1,slur,stamp,n9cbf2212cc04dd0b
n0f66ca8736875b77--slur--start--1,n2096--slur--start--1,slur,stamp,n0f66ca8736875b77
n0f66ca8736875b77--staccato--1,,staccato,derive,n0f66ca8736875b77
nf2849001015549cb--tuplet--stop--1,n2099--tuplet--stop--1,tuplet,stamp,nf2849001015549cb
nf2849001015549cb--slur--stop--1,n2099--slur--stop--1,slur,stamp,nf2849001015549cb
nf2849001015549cb--slur--stop--2,n2099--slur--stop--2,slur,stamp,nf2849001015549cb
nf2849001015549cb--staccato--1,,staccato,derive,nf2849001015549cb
n7c3e9eaeb452c712--tuplet--start--1,n2103--tuplet--start--1,tuplet,stamp,n7c3e9eaeb452c712
n7c3e9eaeb452c712--slur--start--1,n2103--slur--start--1,slur,stamp,n7c3e9eaeb452c712
nbabac330ed90341d--slur--start--1,n2105--slur--start--1,slur,stamp,nbabac330ed90341d
nbabac330ed90341d--staccato--1,,staccato,derive,nbabac330ed90341d
n68de724e434b0acc--tuplet--stop--1,n2109--tuplet--stop--1,tuplet,stamp,n68de724e434b0acc
n68de724e434b0acc--slur--stop--1,n2109--slur--stop--1,slur,stamp,n68de724e434b0acc
n68de724e434b0acc--slur--stop--2,n2109--slur--stop--2,slur,stamp,n68de724e434b0acc
n68de724e434b0acc--staccato--1,,staccato,derive,n68de724e434b0acc
nd8049024d2bf8770--slur--start--1,n2116--slur--start--1,slur,stamp,nd8049024d2bf8770
nc3a26d051004411a--slur--stop--1,n2118--slur--stop--1,slur,stamp,nc3a26d051004411a
na907fa247621570a--slur--start--1,n2121--slur--start--1,slur,stamp,na907fa247621570a
ne2195c845c8788dd--slur--stop--1,n2123--slur--stop--1,slur,stamp,ne2195c845c8788dd
ec7047ad364b25fd0,md-1-84-3-1,wedge,md,3
e0b9e0b13363c2808,md-1-84-3-2,wedge,md,3
e5a88252c75fd135a,md-1-84-4-1,pedal,md,4
efecc3fcfc8b1685c,md-1-84-4-2,pedal,md,4
e405f464f2cffb1b4,md-1-84-4-3,pedal,md,4
e5b72f6e740bcd4ad,md-1-84-4-4,pedal,md,4
e797cbc0a0cc8cf85,md-1-84-4-5,pedal,md,4
ee8adb889104a9dc3,md-1-84-4-6,pedal,md,4
ecd3cc751d0925cc5,md-1-84-4-7,pedal,md,4
ea8b160d921af4b6e,md-1-84-4-8,pedal,md,4
n4343df0c93207103--fermata--upright--1,n2129--fermata--upright--1,fermata,stamp,n4343df0c93207103
n5b7c75a6bb18ffe8--slur--start--1,n2130--slur--start--1,slur,stamp,n5b7c75a6bb18ffe8
n5b7c75a6bb18ffe8--staccato--1,,staccato,derive,n5b7c75a6bb18ffe8
na4cb3531108c339d--slur--stop--1,n2131--slur--stop--1,slur,stamp,na4cb3531108c339d
na4cb3531108c339d--staccato--1,,staccato,derive,na4cb3531108c339d
nfc96e62522d71b9e--tie--1,,tie,derive,nfc96e62522d71b9e
nfc96e62522d71b9e--tied--start--1,n2134--tied--start--1,tied,stamp,nfc96e62522d71b9e
nfc96e62522d71b9e--strong-accent--1,,strong-accent,derive,nfc96e62522d71b9e
nec5f5d8eafbef69e--tie--1,,tie,derive,nec5f5d8eafbef69e
nec5f5d8eafbef69e--tied--start--1,n2135--tied--start--1,tied,stamp,nec5f5d8eafbef69e
n851d19e238036816--tie--1,,tie,derive,n851d19e238036816
n851d19e238036816--tied--start--1,n2136--tied--start--1,tied,stamp,n851d19e238036816
n3e5e416b02c763fa--tie--1,,tie,derive,n3e5e416b02c763fa
n3e5e416b02c763fa--tied--start--1,n2137--tied--start--1,tied,stamp,n3e5e416b02c763fa
n71d710aaf66a4c48--tie--1,,tie,derive,n71d710aaf66a4c48
n71d710aaf66a4c48--tied--stop--1,n2138--tied--stop--1,tied,stamp,n71d710aaf66a4c48
n93694e1e9cf8b762--tie--1,,tie,derive,n93694e1e9cf8b762
n93694e1e9cf8b762--tied--stop--1,n2139--tied--stop--1,tied,stamp,n93694e1e9cf8b762
nce56b2d0658cdaf3--tie--1,,tie,derive,nce56b2d0658cdaf3
nce56b2d0658cdaf3--tied--stop--1,n2140--tied--stop--1,tied,stamp,nce56b2d0658cdaf3
nce85279a36cc590d--tie--1,,tie,derive,nce85279a36cc590d
nce85279a36cc590d--tied--stop--1,n2141--tied--stop--1,tied,stamp,nce85279a36cc590d
nbf4c5fd7b4c0cb9c--fermata--upright--1,n2142--fermata--upright--1,fermata,stamp,nbf4c5fd7b4c0cb9c
n4831dc3296997abe--tuplet--start--1,n2143--tuplet--start--1,tuplet,stamp,n4831dc3296997abe
n2dd6f6e7ddfab3af--tuplet--stop--1,n2144--tuplet--stop--1,tuplet,stamp,n2dd6f6e7ddfab3af
efa75f9a9e07b1b7e,md-1-85-3-1,pedal,md,3
ecef47ba3c5b9a331,md-1-85-3-2,pedal,md,3
nf688a6e5b7809de4--tuplet--start--1,n2159--tuplet--start--1,tuplet,stamp,nf688a6e5b7809de4
nf7d926351f3431ab--tuplet--stop--1,n2161--tuplet--stop--1,tuplet,stamp,nf7d926351f3431ab
nb57171d46c1e9b95--fermata--upright--1,n2162--fermata--upright--1,fermata,stamp,nb57171d46c1e9b95
nb57171d46c1e9b95--trill-mark--1,,trill-mark,derive,nb57171d46c1e9b95
n4c4f021a192317c5--tuplet--start--1,n2163--tuplet--start--1,tuplet,stamp,n4c4f021a192317c5
n4c4f021a192317c5--slur--start--1,n2163--slur--start--1,slur,stamp,n4c4f021a192317c5
na2255345c9d3234b--tuplet--stop--1,n2174--tuplet--stop--1,tuplet,stamp,na2255345c9d3234b
na2255345c9d3234b--slur--stop--1,n2174--slur--stop--1,slur,stamp,na2255345c9d3234b
n6a017eb22136f573--tie--1,,tie,derive,n6a017eb22136f573
n6a017eb22136f573--tied--start--1,n2175--tied--start--1,tied,stamp,n6a017eb22136f573
n6a017eb22136f573--fermata--upright--1,n2175--fermata--upright--1,fermata,stamp,n6a017eb22136f573
n62c7a35f158915ad--tie--1,,tie,derive,n62c7a35f158915ad
n62c7a35f158915ad--tied--stop--1,n2176--tied--stop--1,tied,stamp,n62c7a35f158915ad
n62c7a35f158915ad--tuplet--start--1,n2176--tuplet--start--1,tuplet,stamp,n62c7a35f158915ad
n62c7a35f158915ad--slur--start--1,n2176--slur--start--1,slur,stamp,n62c7a35f158915ad
n00e1534d3fe28d91--slur--start--1,n2177--slur--start--1,slur,stamp,n00e1534d3fe28d91
n00e1534d3fe28d91--staccato--1,,staccato,derive,n00e1534d3fe28d91
nd23d4f9656ecb125--tuplet--stop--1,n2178--tuplet--stop--1,tuplet,stamp,nd23d4f9656ecb125
nd23d4f9656ecb125--slur--stop--1,n2178--slur--stop--1,slur,stamp,nd23d4f9656ecb125
nd23d4f9656ecb125--slur--stop--2,n2178--slur--stop--2,slur,stamp,nd23d4f9656ecb125
nd23d4f9656ecb125--staccato--1,,staccato,derive,nd23d4f9656ecb125
na92d0b1125229a50--tuplet--start--1,n2179--tuplet--start--1,tuplet,stamp,na92d0b1125229a50
nc46606eb6b6f3eaf--tuplet--stop--1,n2181--tuplet--stop--1,tuplet,stamp,nc46606eb6b6f3eaf
nbbe7e03a2a03288e--fermata--upright--1,n2182--fermata--upright--1,fermata,stamp,nbbe7e03a2a03288e
nbbe7e03a2a03288e--trill-mark--1,,trill-mark,derive,nbbe7e03a2a03288e
nbcdc8c470c0064c1--tuplet--start--1,n2183--tuplet--start--1,tuplet,stamp,nbcdc8c470c0064c1
nbcdc8c470c0064c1--slur--start--1,n2183--slur--start--1,slur,stamp,nbcdc8c470c0064c1
n00979cec591eb6f3--tuplet--stop--1,n2201--tuplet--stop--1,tuplet,stamp,n00979cec591eb6f3
n00979cec591eb6f3--slur--stop--1,n2201--slur--stop--1,slur,stamp,n00979cec591eb6f3
ne7ef253e0fad8faa--tuplet--start--1,n2202--tuplet--start--1,tuplet,stamp,ne7ef253e0fad8faa
ne7ef253e0fad8faa--slur--start--1,n2202--slur--start--1,slur,stamp,ne7ef253e0fad8faa
n15f6e94d13745883--tuplet--stop--1,n2208--tuplet--stop--1,tuplet,stamp,n15f6e94d13745883
n15f6e94d13745883--slur--stop--1,n2208--slur--stop--1,slur,stamp,n15f6e94d13745883
nf230acb11c45fa1b--tuplet--start--1,n2209--tuplet--start--1,tuplet,stamp,nf230acb11c45fa1b
nf230acb11c45fa1b--slur--start--1,n2209--slur--start--1,slur,stamp,nf230acb11c45fa1b
nf230acb11c45fa1b--staccato--1,,staccato,derive,nf230acb11c45fa1b
neda5cb429aa316ab--staccato--1,,staccato,derive,neda5cb429aa316ab
nd52cb98619cde17f--staccato--1,,staccato,derive,nd52cb98619cde17f
n92016ebba12d15d4--staccato--1,,staccato,derive,n92016ebba12d15d4
nd0de06aed46a8e77--tuplet--stop--1,n2213--tuplet--stop--1,tuplet,stamp,nd0de06aed46a8e77
nd0de06aed46a8e77--staccato--1,,staccato,derive,nd0de06aed46a8e77
n3970d58f7ff15bc5--tuplet--start--1,n2214--tuplet--start--1,tuplet,stamp,n3970d58f7ff15bc5
n3970d58f7ff15bc5--staccato--1,,staccato,derive,n3970d58f7ff15bc5
nce4020780ff435a3--staccato--1,,staccato,derive,nce4020780ff435a3
n8932de0785f0fe55--tuplet--stop--1,n2216--tuplet--stop--1,tuplet,stamp,n8932de0785f0fe55
n8932de0785f0fe55--slur--stop--1,n2216--slur--stop--1,slur,stamp,n8932de0785f0fe55
n8932de0785f0fe55--staccato--1,,staccato,derive,n8932de0785f0fe55
n37a78067d1b141d4--fermata--upright--1,n2218--fermata--upright--1,fermata,stamp,n37a78067d1b141d4
nc08076bc3e6adfe8--fermata--upright--1,n2222--fermata--upright--1,fermata,stamp,nc08076bc3e6adfe8
n06911107e27d149b--fermata--upright--1,n2226--fermata--upright--1,fermata,stamp,n06911107e27d149b
e73736904d8b5ebf7,md-1-86-3-1,pedal,md,3
e36dee581570f9dce,md-1-86-3-2,pedal,md,3
e194498b92b23a636,md-1-86-3-3,pedal,md,3
e85e1626a165b891f,md-1-86-3-4,pedal,md,3
efe29755bbee39591,md-1-86-3-5,pedal,md,3
e94c0b6667006b661,md-1-86-3-6,octave-shift,md,3
e49f2a85be4904ebc,md-1-86-3-7,pedal,md,3
n28a0f8aa5fd0c138--staccato--1,,staccato,derive,n28a0f8aa5fd0c138
n8e1666e042e48224--fermata--upright--1,n2243--fermata--upright--1,fermata,stamp,n8e1666e042e48224
n70c34b7f2824bf70--tuplet--start--1,n2246--tuplet--start--1,tuplet,stamp,n70c34b7f2824bf70
n70c34b7f2824bf70--slur--start--1,n2246--slur--start--1,slur,stamp,n70c34b7f2824bf70
n70c34b7f2824bf70--slur--start--2,n2246--slur--start--2,slur,stamp,n70c34b7f2824bf70
n70c34b7f2824bf70--staccato--1,,staccato,derive,n70c34b7f2824bf70
n518edf4c493e4577--staccato--1,,staccato,derive,n518edf4c493e4577
nf78aa6453f106823--tuplet--stop--1,n2248--tuplet--stop--1,tuplet,stamp,nf78aa6453f106823
nf78aa6453f106823--slur--stop--1,n2248--slur--stop--1,slur,stamp,nf78aa6453f106823
nf78aa6453f106823--slur--stop--2,n2248--slur--stop--2,slur,stamp,nf78aa6453f106823
nf78aa6453f106823--staccato--1,,staccato,derive,nf78aa6453f106823
ncb73cfb9e42bc445--tuplet--start--1,n2251--tuplet--start--1,tuplet,stamp,ncb73cfb9e42bc445
n7cc4495846a962e1--tuplet--stop--1,n2252--tuplet--stop--1,tuplet,stamp,n7cc4495846a962e1
n7cc4495846a962e1--staccato--1,,staccato,derive,n7cc4495846a962e1
eb3de556900142fe7,md-1-87-3-1,pedal,md,3
e15b5784e3e3a2397,md-1-87-3-2,pedal,md,3
na0cc7071cddd695e--tuplet--start--1,n2260--tuplet--start--1,tuplet,stamp,na0cc7071cddd695e
na0cc7071cddd695e--slur--start--1,n2260--slur--start--1,slur,stamp,na0cc7071cddd695e
nef6705a71f996803--tuplet--stop--1,n2262--tuplet--stop--1,tuplet,stamp,nef6705a71f996803
nef6705a71f996803--slur--stop--1,n2262--slur--stop--1,slur,stamp,nef6705a71f996803
n88c9f7451ec6fb93--tie--1,,tie,derive,n88c9f7451ec6fb93
n88c9f7451ec6fb93--tied--start--1,n2263--tied--start--1,tied,stamp,n88c9f7451ec6fb93
n3a0949cd28db902d--tie--1,,tie,derive,n3a0949cd28db902d
n3a0949cd28db902d--tied--stop--1,n2264--tied--stop--1,tied,stamp,n3a0949cd28db902d
n3a0949cd28db902d--tuplet--start--1,n2264--tuplet--start--1,tuplet,stamp,n3a0949cd28db902d
n3a0949cd28db902d--slur--start--1,n2264--slur--start--1,slur,stamp,n3a0949cd28db902d
n5ceb4e229b2fb061--tuplet--stop--1,n2266--tuplet--stop--1,tuplet,stamp,n5ceb4e229b2fb061
n5ceb4e229b2fb061--slur--stop--1,n2266--slur--stop--1,slur,stamp,n5ceb4e229b2fb061
n8965983e0819330a--tuplet--start--1,n2267--tuplet--start--1,tuplet,stamp,n8965983e0819330a
n02174c259674fa55--tuplet--stop--1,n2268--tuplet--stop--1,tuplet,stamp,n02174c259674fa55
n33b16401f6327b62--tuplet--start--1,n2273--tuplet--start--1,tuplet,stamp,n33b16401f6327b62
n4e5a6aa4fafc6012--tuplet--stop--1,n2274--tuplet--stop--1,tuplet,stamp,n4e5a6aa4fafc6012
ne0ac34a47d497c2b--tuplet--start--1,n2287--tuplet--start--1,tuplet,stamp,ne0ac34a47d497c2b
na3d1239d55cd6bd7--tuplet--stop--1,n2288--tuplet--stop--1,tuplet,stamp,na3d1239d55cd6bd7
n689f98da1942b7c8--tuplet--start--1,n2292--tuplet--start--1,tuplet,stamp,n689f98da1942b7c8
n608c2cbc28f7550a--tuplet--stop--1,n2293--tuplet--stop--1,tuplet,stamp,n608c2cbc28f7550a
ea6dac5ebef46eba9,md-1-88-3-1,pedal,md,3
e49b97ff52c985c76,md-1-88-3-2,pedal,md,3
e6089a194efbb22b1,md-1-88-4-1,pedal,md,4
e3966a7d9dfeb7758,md-1-88-4-2,pedal,md,4
n9484147f7fcfd6a5--fermata--upright--1,n2300--fermata--upright--1,fermata,stamp,n9484147f7fcfd6a5
n85260be4eb2298ce--tuplet--start--1,n2301--tuplet--start--1,tuplet,stamp,n85260be4eb2298ce
nf86db9c76bac04cf--tuplet--stop--1,n2302--tuplet--stop--1,tuplet,stamp,nf86db9c76bac04cf
nbaa6df8ab784c785--fermata--upright--1,n2311--fermata--upright--1,fermata,stamp,nbaa6df8ab784c785
nc325548330a30314--tuplet--start--1,n2316--tuplet--start--1,tuplet,stamp,nc325548330a30314
nc41e62b7024f4282--tuplet--stop--1,n2317--tuplet--stop--1,tuplet,stamp,nc41e62b7024f4282
nabc1a61b0d49b35b--tuplet--start--1,n2319--tuplet--start--1,tuplet,stamp,nabc1a61b0d49b35b
n9a831d985a4e76d2--tuplet--stop--1,n2320--tuplet--stop--1,tuplet,stamp,n9a831d985a4e76d2
e5005c37f3e95e37c,md-1-89-3-1,dynamics,md,3
e5de0b9b2fec3fa3d,md-1-89-4-1,pedal,md,4
eeb399e8946271361,md-1-89-4-2,pedal,md,4
ea8e7eb28f5c3f533,md-1-89-4-3,dynamics,md,4
n5205ba233646e9e6--tuplet--start--1,n2328--tuplet--start--1,tuplet,stamp,n5205ba233646e9e6
nefed0d86e31cebc1--tuplet--stop--1,n2329--tuplet--stop--1,tuplet,stamp,nefed0d86e31cebc1
n7c701a018ffd366f--tuplet--start--1,n2335--tuplet--start--1,tuplet,stamp,n7c701a018ffd366f
n0ebe36109aa6798a--tuplet--stop--1,n2336--tuplet--stop--1,tuplet,stamp,n0ebe36109aa6798a
neb95c65d666c37cf--tuplet--start--1,n2342--tuplet--start--1,tuplet,stamp,neb95c65d666c37cf
n96a4099ad222a2cc--tuplet--stop--1,n2343--tuplet--stop--1,tuplet,stamp,n96a4099ad222a2cc
n2262e22ac1399d9f--slur--start--1,n2350--slur--start--1,slur,stamp,n2262e22ac1399d9f
n2262e22ac1399d9f--strong-accent--1,,strong-accent,derive,n2262e22ac1399d9f
nc8a2bfd676b2b134--strong-accent--1,,strong-accent,derive,nc8a2bfd676b2b134
n2588bb7403496493--strong-accent--1,,strong-accent,derive,n2588bb7403496493
nba341289131ffc37--slur--stop--1,n2353--slur--stop--1,slur,stamp,nba341289131ffc37
nba341289131ffc37--strong-accent--1,,strong-accent,derive,nba341289131ffc37
nf3e3d0aae3fc4c2f--tuplet--start--1,n2354--tuplet--start--1,tuplet,stamp,nf3e3d0aae3fc4c2f
nf3e3d0aae3fc4c2f--slur--start--1,n2354--slur--start--1,slur,stamp,nf3e3d0aae3fc4c2f
nf3e3d0aae3fc4c2f--strong-accent--1,,strong-accent,derive,nf3e3d0aae3fc4c2f
nc1e1ff3dec854f13--strong-accent--1,,strong-accent,derive,nc1e1ff3dec854f13
na1a3496187314a7a--tuplet--stop--1,n2356--tuplet--stop--1,tuplet,stamp,na1a3496187314a7a
na1a3496187314a7a--strong-accent--1,,strong-accent,derive,na1a3496187314a7a
n47c708a75a4d5b6e--slur--start--1,n2357--slur--start--1,slur,stamp,n47c708a75a4d5b6e
n47c708a75a4d5b6e--strong-accent--1,,strong-accent,derive,n47c708a75a4d5b6e
nbd4a692fcab10c2f--slur--stop--1,n2358--slur--stop--1,slur,stamp,nbd4a692fcab10c2f
nbd4a692fcab10c2f--strong-accent--1,,strong-accent,derive,nbd4a692fcab10c2f
nb025941997597e77--strong-accent--1,,strong-accent,derive,nb025941997597e77
n44226bbac6a8304f--tuplet--start--1,n2360--tuplet--start--1,tuplet,stamp,n44226bbac6a8304f
n44226bbac6a8304f--slur--start--1,n2360--slur--start--1,slur,stamp,n44226bbac6a8304f
n44226bbac6a8304f--strong-accent--1,,strong-accent,derive,n44226bbac6a8304f
n313a93c7dfdf8b49--slur--stop--1,n2361--slur--stop--1,slur,stamp,n313a93c7dfdf8b49
n313a93c7dfdf8b49--strong-accent--1,,strong-accent,derive,n313a93c7dfdf8b49
n95a72e37a93a91ae--tuplet--stop--1,n2362--tuplet--stop--1,tuplet,stamp,n95a72e37a93a91ae
n95a72e37a93a91ae--strong-accent--1,,strong-accent,derive,n95a72e37a93a91ae
n2f1f2bad68a9531f--strong-accent--1,,strong-accent,derive,n2f1f2bad68a9531f
n10a06e54ec0e5d09--strong-accent--1,,strong-accent,derive,n10a06e54ec0e5d09
ebf533aa6a21e6edc,md-1-90-3-1,dynamics,md,3
e6eb2ec242e9553af,md-1-90-3-2,words,md,3
e7f6e781dc1fba809,md-1-90-3-3,bracket,md,3
e7eba48586d3e22bb,md-1-90-3-4,wedge,md,3
e7826ab5687b43294,md-1-90-3-5,wedge,md,3
e53ef8ed5b2c7ca67,md-1-90-4-1,words,md,4
eab095136d7945e9e,md-1-90-4-2,pedal,md,4
e562d54084273d71b,md-1-90-4-3,pedal,md,4
ed81267feb667b9f4,md-1-90-4-4,pedal,md,4
ec9c27f6a4fa23525,md-1-90-4-5,pedal,md,4
eb12e671a20e95811,md-1-90-4-6,pedal,md,4
ee285a415a36e3bf4,md-1-90-4-7,pedal,md,4
n9b9d3444063de2b6--tuplet--start--1,n2368--tuplet--start--1,tuplet,stamp,n9b9d3444063de2b6
n798d641e56e36f56--tuplet--stop--1,n2369--tuplet--stop--1,tuplet,stamp,n798d641e56e36f56
n7d9676ff1bb392cc--tie--1,,tie,derive,n7d9676ff1bb392cc
n7d9676ff1bb392cc--tied--start--1,n2373--tied--start--1,tied,stamp,n7d9676ff1bb392cc
n6904f2fc4b0c9685--tie--1,,tie,derive,n6904f2fc4b0c9685
n6904f2fc4b0c9685--tied--start--1,n2374--tied--start--1,tied,stamp,n6904f2fc4b0c9685
na071138c06ce8c9b--tie--1,,tie,derive,na071138c06ce8c9b
na071138c06ce8c9b--tied--start--1,n2375--tied--start--1,tied,stamp,na071138c06ce8c9b
nfede9ef7af24399e--tie--1,,tie,derive,nfede9ef7af24399e
nfede9ef7af24399e--tied--start--1,n2376--tied--start--1,tied,stamp,nfede9ef7af24399e
n623fa567df527406--tie--1,,tie,derive,n623fa567df527406
n623fa567df527406--tied--stop--1,n2377--tied--stop--1,tied,stamp,n623fa567df527406
nf265936762fff9dd--tie--1,,tie,derive,nf265936762fff9dd
nf265936762fff9dd--tied--stop--1,n2378--tied--stop--1,tied,stamp,nf265936762fff9dd
n375c710ec151be03--tie--1,,tie,derive,n375c710ec151be03
n375c710ec151be03--tied--stop--1,n2379--tied--stop--1,tied,stamp,n375c710ec151be03
ne0c0f661440a152d--tie--1,,tie,derive,ne0c0f661440a152d
ne0c0f661440a152d--tied--stop--1,n2380--tied--stop--1,tied,stamp,ne0c0f661440a152d
na6f5aca8cbabedbf--fermata--upright--1,n2381--fermata--upright--1,fermata,stamp,na6f5aca8cbabedbf
na6f5aca8cbabedbf--tuplet--start--1,n2381--tuplet--start--1,tuplet,stamp,na6f5aca8cbabedbf
n8ce73a8a0445446d--tuplet--stop--1,n2382--tuplet--stop--1,tuplet,stamp,n8ce73a8a0445446d
ne505c90e1e3d89f6--tuplet--start--1,n2383--tuplet--start--1,tuplet,stamp,ne505c90e1e3d89f6
ne505c90e1e3d89f6--slur--start--1,n2383--slur--start--1,slur,stamp,ne505c90e1e3d89f6
ne505c90e1e3d89f6--slur--start--2,n2383--slur--start--2,slur,stamp,ne505c90e1e3d89f6
ne505c90e1e3d89f6--staccato--1,,staccato,derive,ne505c90e1e3d89f6
n1a661a837f3679a7--staccato--1,,staccato,derive,n1a661a837f3679a7
n08c3c5e7df845f49--tuplet--stop--1,n2385--tuplet--stop--1,tuplet,stamp,n08c3c5e7df845f49
n08c3c5e7df845f49--slur--stop--1,n2385--slur--stop--1,slur,stamp,n08c3c5e7df845f49
n08c3c5e7df845f49--staccato--1,,staccato,derive,n08c3c5e7df845f49
n7689750f2648d710--slur--stop--1,n2386--slur--stop--1,slur,stamp,n7689750f2648d710
n7689750f2648d710--strong-accent--1,,strong-accent,derive,n7689750f2648d710
nab8e398c5736047e--fermata--upright--1,n2387--fermata--upright--1,fermata,stamp,nab8e398c5736047e
e3d53626d851c8ceb,md-1-91-3-1,pedal,md,3
e9bdd978d7c6456ea,md-1-91-3-2,bracket,md,3
e60d799c957856e96,md-1-91-3-3,pedal,md,3
n1c0b2801f02c6976--slur--stop--1,n2390--slur--stop--1,slur,stamp,n1c0b2801f02c6976
nce35438dfdd35510--tuplet--start--1,n2391--tuplet--start--1,tuplet,stamp,nce35438dfdd35510
nce35438dfdd35510--slur--start--1,n2391--slur--start--1,slur,stamp,nce35438dfdd35510
nce35438dfdd35510--slur--start--2,n2391--slur--start--2,slur,stamp,nce35438dfdd35510
nce35438dfdd35510--staccato--1,,staccato,derive,nce35438dfdd35510
nba4560fbc4c9bd59--slur--stop--1,n2392--slur--stop--1,slur,stamp,nba4560fbc4c9bd59
nba4560fbc4c9bd59--staccato--1,,staccato,derive,nba4560fbc4c9bd59
nc27041a7a7649342--tuplet--stop--1,n2393--tuplet--stop--1,tuplet,stamp,nc27041a7a7649342
nc27041a7a7649342--staccato--1,,staccato,derive,nc27041a7a7649342
n95bcbb98ec3c647c--tie--1,,tie,derive,n95bcbb98ec3c647c
n95bcbb98ec3c647c--tied--start--1,n2394--tied--start--1,tied,stamp,n95bcbb98ec3c647c
nbc171c1e84a8c4c9--tie--1,,tie,derive,nbc171c1e84a8c4c9
nbc171c1e84a8c4c9--tied--stop--1,n2395--tied--stop--1,tied,stamp,nbc171c1e84a8c4c9
nbc171c1e84a8c4c9--tuplet--start--1,n2395--tuplet--start--1,tuplet,stamp,nbc171c1e84a8c4c9
nbd97d7b86b5ca0db--tuplet--stop--1,n2397--tuplet--stop--1,tuplet,stamp,nbd97d7b86b5ca0db
n75e04b2880839df7--tuplet--start--1,n2408--tuplet--start--1,tuplet,stamp,n75e04b2880839df7
n319b8afe280fdbcd--tuplet--stop--1,n2409--tuplet--stop--1,tuplet,stamp,n319b8afe280fdbcd
n8bd36c37bdb80b5e--tuplet--start--1,n2414--tuplet--start--1,tuplet,stamp,n8bd36c37bdb80b5e
n06590f2685cc607e--tuplet--stop--1,n2415--tuplet--stop--1,tuplet,stamp,n06590f2685cc607e
ea51ae8e194b6eb8f,md-1-92-3-1,wedge,md,3
e2b4a8e2e92784b7f,md-1-92-3-2,wedge,md,3
ee7aec96409390794,md-1-92-3-3,wedge,md,3
e233c4791b1aa74f3,md-1-92-3-4,wedge,md,3
eef9d0c4893235866,md-1-92-3-5,wedge,md,3
e74a1879bcfcd25d3,md-1-92-3-6,wedge,md,3
e79a69da6daf96e2f,md-1-92-3-7,dynamics,md,3
e90917639d4b3a99d,md-1-92-3-8,dynamics,md,3
e7ea451a66bceb38e,md-1-92-4-1,pedal,md,4
ebdcc70975827d888,md-1-92-4-2,pedal,md,4
e74e48f6bda956055,md-1-92-4-3,pedal,md,4
eac6491d2f73825dd,md-1-92-4-4,pedal,md,4
n281191244b5d9421--tie--1,,tie,derive,n281191244b5d9421
n281191244b5d9421--tied--start--1,n2424--tied--start--1,tied,stamp,n281191244b5d9421
n281191244b5d9421--slur--stop--1,n2424--slur--stop--1,slur,stamp,n281191244b5d9421
n281191244b5d9421--strong-accent--1,,strong-accent,derive,n281191244b5d9421
n27ba2c1027d2ed93--tie--1,,tie,derive,n27ba2c1027d2ed93
n27ba2c1027d2ed93--tied--stop--1,n2425--tied--stop--1,tied,stamp,n27ba2c1027d2ed93
n27ba2c1027d2ed93--tuplet--start--1,n2425--tuplet--start--1,tuplet,stamp,n27ba2c1027d2ed93
n27ba2c1027d2ed93--slur--start--1,n2425--slur--start--1,slur,stamp,n27ba2c1027d2ed93
n27ba2c1027d2ed93--slur--start--2,n2425--slur--start--2,slur,stamp,n27ba2c1027d2ed93
n3baf100acaf4f9f3--tuplet--stop--1,n2427--tuplet--stop--1,tuplet,stamp,n3baf100acaf4f9f3
n3baf100acaf4f9f3--slur--stop--1,n2427--slur--stop--1,slur,stamp,n3baf100acaf4f9f3
n1b539cede0364889--tuplet--start--1,n2428--tuplet--start--1,tuplet,stamp,n1b539cede0364889
n1b539cede0364889--slur--start--1,n2428--slur--start--1,slur,stamp,n1b539cede0364889
n63fdfc6c20b43557--tuplet--stop--1,n2430--tuplet--stop--1,tuplet,stamp,n63fdfc6c20b43557
n63fdfc6c20b43557--slur--stop--1,n2430--slur--stop--1,slur,stamp,n63fdfc6c20b43557
n72f8cef364cc252b--tuplet--start--1,n2431--tuplet--start--1,tuplet,stamp,n72f8cef364cc252b
n363d78babdc7b755--tuplet--stop--1,n2436--tuplet--stop--1,tuplet,stamp,n363d78babdc7b755
n73c411b2ced28f7f--tuplet--start--1,n2437--tuplet--start--1,tuplet,stamp,n73c411b2ced28f7f
ndfbfad04383d758d--tuplet--stop--1,n2442--tuplet--stop--1,tuplet,stamp,ndfbfad04383d758d
n7bc42990532ceb12--tuplet--start--1,n2443--tuplet--start--1,tuplet,stamp,n7bc42990532ceb12
nadf62a98e3d84d37--tuplet--stop--1,n2448--tuplet--stop--1,tuplet,stamp,nadf62a98e3d84d37
n247dd902f3c8402e--tuplet--start--1,n2449--tuplet--start--1,tuplet,stamp,n247dd902f3c8402e
n92ba145d77586575--tuplet--stop--1,n2454--tuplet--stop--1,tuplet,stamp,n92ba145d77586575
ne374677de783fe3f--tuplet--start--1,n2455--tuplet--start--1,tuplet,stamp,ne374677de783fe3f
n72c8cfc2efad00c5--tuplet--stop--1,n2460--tuplet--stop--1,tuplet,stamp,n72c8cfc2efad00c5
n34f7e491edcdba82--tuplet--start--1,n2461--tuplet--start--1,tuplet,stamp,n34f7e491edcdba82
n2e9cd787d0249ca8--tuplet--stop--1,n2466--tuplet--stop--1,tuplet,stamp,n2e9cd787d0249ca8
ne44983b4374e65d5--tuplet--start--1,n2467--tuplet--start--1,tuplet,stamp,ne44983b4374e65d5
ne44983b4374e65d5--accent--1,,accent,derive,ne44983b4374e65d5
n6c3b7ca29711e73d--tuplet--stop--1,n2472--tuplet--stop--1,tuplet,stamp,n6c3b7ca29711e73d
nd575baf857d3f493--tuplet--start--1,n2473--tuplet--start--1,tuplet,stamp,nd575baf857d3f493
nab4e49a0f572a840--tuplet--stop--1,n2478--tuplet--stop--1,tuplet,stamp,nab4e49a0f572a840
nd28f247eeb11096c--fermata--upright--1,n2480--fermata--upright--1,fermata,stamp,nd28f247eeb11096c
n7dd3cd6e4dec57e0--tuplet--start--1,n2486--tuplet--start--1,tuplet,stamp,n7dd3cd6e4dec57e0
n97542d16aa1fae86--tuplet--stop--1,n2487--tuplet--stop--1,tuplet,stamp,n97542d16aa1fae86
eb25d12fd7cd41654,md-1-93-3-1,pedal,md,3
e4eacdcecdfe64c9e,md-1-93-3-2,pedal,md,3
e405e78bd032e5f9d,md-1-93-3-3,dynamics,md,3
ee055475aae7ab304,md-1-93-3-4,words,md,3
eda8af06ce26918de,md-1-93-3-5,pedal,md,3
efc818d8d3bceb040,md-1-93-3-6,wedge,md,3
ee3e0149bb0c248df,md-1-93-3-7,octave-shift,md,3
e829c7bcf08220d20,md-1-93-3-8,wedge,md,3
ee8e804c69a053fb7,md-1-93-3-9,wedge,md,3
e7e164c39e68b0dca,md-1-93-3-10,wedge,md,3
e797ff13c7795ca33,md-1-93-3-11,words,md,3
ec321c6907e888440,md-1-93-3-12,dynamics,md,3
eec49105c47167950,md-1-93-4-1,words,md,4
eb2de2ab0ccebece5,md-1-93-4-2,dynamics,md,4
ne3f0f6dee43b26cf--tuplet--start--1,n2498--tuplet--start--1,tuplet,stamp,ne3f0f6dee43b26cf
ne3f0f6dee43b26cf--accent--1,,accent,derive,ne3f0f6dee43b26cf
nefe588bd88a2eba0--tuplet--stop--1,n2503--tuplet--stop--1,tuplet,stamp,nefe588bd88a2eba0
nac855afdac891256--tuplet--start--1,n2504--tuplet--start--1,tuplet,stamp,nac855afdac891256
nf72acb824b08fb6c--tuplet--stop--1,n2509--tuplet--stop--1,tuplet,stamp,nf72acb824b08fb6c
nf84d955d7b2a9b33--tuplet--start--1,n2510--tuplet--start--1,tuplet,stamp,nf84d955d7b2a9b33
nf84d955d7b2a9b33--accent--1,,accent,derive,nf84d955d7b2a9b33
ndb97785c4db8009a--tuplet--stop--1,n2515--tuplet--stop--1,tuplet,stamp,ndb97785c4db8009a
nb6e54c108a7e7918--tuplet--start--1,n2516--tuplet--start--1,tuplet,stamp,nb6e54c108a7e7918
n7b811b218df0efa5--tuplet--stop--1,n2521--tuplet--stop--1,tuplet,stamp,n7b811b218df0efa5
n796202f591488582--tuplet--start--1,n2522--tuplet--start--1,tuplet,stamp,n796202f591488582
n607d4c6b4cbac055--tuplet--stop--1,n2527--tuplet--stop--1,tuplet,stamp,n607d4c6b4cbac055
n71e9452d19c0a13a--tuplet--start--1,n2528--tuplet--start--1,tuplet,stamp,n71e9452d19c0a13a
n5d8b9e6fc18df8f7--tuplet--stop--1,n2533--tuplet--stop--1,tuplet,stamp,n5d8b9e6fc18df8f7
nfc3517e9a3cba262--tuplet--start--1,n2534--tuplet--start--1,tuplet,stamp,nfc3517e9a3cba262
n3655bb9475e24c6b--tuplet--stop--1,n2539--tuplet--stop--1,tuplet,stamp,n3655bb9475e24c6b
n40c8ac6189edfdcf--tuplet--start--1,n2540--tuplet--start--1,tuplet,stamp,n40c8ac6189edfdcf
n5d736bcb6ecef890--tuplet--stop--1,n2545--tuplet--stop--1,tuplet,stamp,n5d736bcb6ecef890
n0eb773d891e668ed--tuplet--start--1,n2546--tuplet--start--1,tuplet,stamp,n0eb773d891e668ed
nc2945628c486b24e--tuplet--stop--1,n2551--tuplet--stop--1,tuplet,stamp,nc2945628c486b24e
n21c50285d94da9b1--tuplet--start--1,n2552--tuplet--start--1,tuplet,stamp,n21c50285d94da9b1
n8bc6c384e008c8c2--tuplet--stop--1,n2557--tuplet--stop--1,tuplet,stamp,n8bc6c384e008c8c2
eee1f51df1562fce0,md-1-94-3-1,octave-shift,md,3
e2b03bf4625093641,md-1-94-3-2,words,md,3
e977bffb261577264,md-1-94-3-3,dashes,md,3
n98e0a74c40054e27--tuplet--start--1,n2562--tuplet--start--1,tuplet,stamp,n98e0a74c40054e27
ncdf505d767113348--tuplet--stop--1,n2567--tuplet--stop--1,tuplet,stamp,ncdf505d767113348
n67e5b298fa1dd14d--tuplet--start--1,n2568--tuplet--start--1,tuplet,stamp,n67e5b298fa1dd14d
neb830cadc1e08136--tuplet--stop--1,n2573--tuplet--stop--1,tuplet,stamp,neb830cadc1e08136
n6d6db697d97ae2ec--tuplet--start--1,n2574--tuplet--start--1,tuplet,stamp,n6d6db697d97ae2ec
n6fcf6371b36feef1--tuplet--stop--1,n2579--tuplet--stop--1,tuplet,stamp,n6fcf6371b36feef1
n2b225c72a9d4d895--tuplet--start--1,n2580--tuplet--start--1,tuplet,stamp,n2b225c72a9d4d895
n56a45ce0b6508f90--tuplet--stop--1,n2585--tuplet--stop--1,tuplet,stamp,n56a45ce0b6508f90
necbfb0c00a9f4497--tuplet--start--1,n2586--tuplet--start--1,tuplet,stamp,necbfb0c00a9f4497
n2d4a506eea009fa6--tuplet--stop--1,n2591--tuplet--stop--1,tuplet,stamp,n2d4a506eea009fa6
n4dc0bc3aaa0c1185--tuplet--start--1,n2592--tuplet--start--1,tuplet,stamp,n4dc0bc3aaa0c1185
n417fe27c69fe59b8--tuplet--stop--1,n2597--tuplet--stop--1,tuplet,stamp,n417fe27c69fe59b8
n1c45fa88090ab6fa--tuplet--start--1,n2598--tuplet--start--1,tuplet,stamp,n1c45fa88090ab6fa
n51a99c21b71ef5be--tuplet--stop--1,n2603--tuplet--stop--1,tuplet,stamp,n51a99c21b71ef5be
n9c8ab9d7264cd0cf--tuplet--start--1,n2604--tuplet--start--1,tuplet,stamp,n9c8ab9d7264cd0cf
n9c8ab9d7264cd0cf--staccato--1,,staccato,derive,n9c8ab9d7264cd0cf
nab7ec88c7f70ff02--staccato--1,,staccato,derive,nab7ec88c7f70ff02
nd0c776eb3e3aa93e--staccato--1,,staccato,derive,nd0c776eb3e3aa93e
n7491fc2c7584ab4a--staccato--1,,staccato,derive,n7491fc2c7584ab4a
n4bef7dbb6d53d192--staccato--1,,staccato,derive,n4bef7dbb6d53d192
nde6a25f3daad91fb--tuplet--stop--1,n2609--tuplet--stop--1,tuplet,stamp,nde6a25f3daad91fb
nde6a25f3daad91fb--slur--stop--1,n2609--slur--stop--1,slur,stamp,nde6a25f3daad91fb
nde6a25f3daad91fb--staccato--1,,staccato,derive,nde6a25f3daad91fb
ed54c0b5c652b059c,md-1-95-3-1,dashes,md,3
e424f4ecfdac43aa2,md-1-95-3-2,dynamics,md,3
ed7789826da6a9e1d,md-1-95-3-3,pedal,md,3
ef3d3a7443ff76ace,md-1-95-3-4,words,md,3
e0c2f761797ce9ac1,md-1-95-3-5,dashes,md,3
e97f8ec103843184e,md-1-95-3-6,dynamics,md,3
e84e2ef6b2efc593b,md-1-95-3-7,dashes,md,3
n8a7f3a68c8791aa7--staccato--1,,staccato,derive,n8a7f3a68c8791aa7
n0727bd9dbb455759--slur--start--1,n2614--slur--start--1,slur,stamp,n0727bd9dbb455759
n0727bd9dbb455759--accent--1,,accent,derive,n0727bd9dbb455759
n7ac16e35c38f78c2--slur--stop--1,n2615--slur--stop--1,slur,stamp,n7ac16e35c38f78c2
n7ac16e35c38f78c2--staccato--1,,staccato,derive,n7ac16e35c38f78c2
ee3b053121651a74b,md-1-96-1-1,words,md,1
e18fb60ebbdcbede5,md-1-96-3-1,dynamics,md,3
e92c65094b46e2362,md-1-96-3-2,pedal,md,3
ed026b4d035d6a842,md-1-96-3-3,pedal,md,3
nbc249f19664a696a--slur--start--1,n2620--slur--start--1,slur,stamp,nbc249f19664a696a
nbc249f19664a696a--accent--1,,accent,derive,nbc249f19664a696a
n3cfeaf9f023478c0--slur--stop--1,n2621--slur--stop--1,slur,stamp,n3cfeaf9f023478c0
n3cfeaf9f023478c0--staccato--1,,staccato,derive,n3cfeaf9f023478c0
e0d54825803216ffb,md-1-97-3-1,words,md,3
e437081f6fbf315fc,md-1-97-3-2,dynamics,md,3
ea90d8c90e05f67ff,md-1-97-3-3,pedal,md,3
e33c6b32e0574ba34,md-1-97-3-4,pedal,md,3
nc7483e59044fa590--slur--start--1,n2626--slur--start--1,slur,stamp,nc7483e59044fa590
n67b02966fa25d5ff--slur--stop--1,n2627--slur--stop--1,slur,stamp,n67b02966fa25d5ff
n67b02966fa25d5ff--staccato--1,,staccato,derive,n67b02966fa25d5ff
e4231453d49632697,md-1-98-3-1,dynamics,md,3
ef68b1e736910c692,md-1-98-3-2,pedal,md,3
ee29861266c4cef22,md-1-98-3-3,pedal,md,3
n1a83b1b6f8ae8d43--staccato--1,,staccato,derive,n1a83b1b6f8ae8d43
n12305893b064b9c0--staccato--1,,staccato,derive,n12305893b064b9c0
n6861fd614c536dd8--staccato--1,,staccato,derive,n6861fd614c536dd8
n1e7486cbb367f31c--staccato--1,,staccato,derive,n1e7486cbb367f31c
n6cbcccc8b256baf9--staccato--1,,staccato,derive,n6cbcccc8b256baf9
n3502c44c658d38f1--staccato--1,,staccato,derive,n3502c44c658d38f1
n1a96948cb13f6f06--staccato--1,,staccato,derive,n1a96948cb13f6f06
ne7ec7afd2e45b174--staccato--1,,staccato,derive,ne7ec7afd2e45b174
ncc2b326ae73c8099--staccato--1,,staccato,derive,ncc2b326ae73c8099
nd53c7af37da0cc51--staccato--1,,staccato,derive,nd53c7af37da0cc51
nb51aea667455ea5c--staccato--1,,staccato,derive,nb51aea667455ea5c
nb115904dd87b7256--staccato--1,,staccato,derive,nb115904dd87b7256
e5870a0ae2194bd4a,md-1-99-3-1,dynamics,md,3
n982f8c83f0fe5f90--staccato--1,,staccato,derive,n982f8c83f0fe5f90
n175697b0f86077c2--slur--start--1,n2648--slur--start--1,slur,stamp,n175697b0f86077c2
n175697b0f86077c2--accent--1,,accent,derive,n175697b0f86077c2
ncb273c170c55b751--tie--1,,tie,derive,ncb273c170c55b751
ncb273c170c55b751--tied--start--1,n2649--tied--start--1,tied,stamp,ncb273c170c55b751
ncb273c170c55b751--slur--stop--1,n2649--slur--stop--1,slur,stamp,ncb273c170c55b751
ncb273c170c55b751--staccato--1,,staccato,derive,ncb273c170c55b751
n4ad0295066042454--staccato--1,,staccato,derive,n4ad0295066042454
nd957289f9e26ddf9--staccato--1,,staccato,derive,nd957289f9e26ddf9
nc2f995dee578df2e--staccato--1,,staccato,derive,nc2f995dee578df2e
n39abafaabef65f2b--staccato--1,,staccato,derive,n39abafaabef65f2b
e69c64ee77ff70971,md-1-100-4-1,pedal,md,4
ef0d9c62990f47ef3,md-1-100-4-2,pedal,md,4
n35ff0c620ad5a192--tie--1,,tie,derive,n35ff0c620ad5a192
n35ff0c620ad5a192--tied--stop--1,n2661--tied--stop--1,tied,stamp,n35ff0c620ad5a192
n0b4edb74500dc0b8--staccato--1,,staccato,derive,n0b4edb74500dc0b8
n3dab9270231b02d1--staccato--1,,staccato,derive,n3dab9270231b02d1
n9a00bd3b2be837ea--staccato--1,,staccato,derive,n9a00bd3b2be837ea
nbcb8fc7456b89b2c--staccato--1,,staccato,derive,nbcb8fc7456b89b2c
nf1dbf5f852ec7839--staccato--1,,staccato,derive,nf1dbf5f852ec7839
n80bdf4d971830614--staccato--1,,staccato,derive,n80bdf4d971830614
nc732536368055d7a--staccato--1,,staccato,derive,nc732536368055d7a
n18a617db37e7cfb9--staccato--1,,staccato,derive,n18a617db37e7cfb9
n5e8dc6104fbd024a--staccato--1,,staccato,derive,n5e8dc6104fbd024a
nd6001e03c41bb268--staccato--1,,staccato,derive,nd6001e03c41bb268
n3b2f757fc08a9714--staccato--1,,staccato,derive,n3b2f757fc08a9714
n4eefd8955ca25bd8--staccato--1,,staccato,derive,n4eefd8955ca25bd8
n11b8c270fa8ae858--slur--start--1,n2678--slur--start--1,slur,stamp,n11b8c270fa8ae858
n11b8c270fa8ae858--accent--1,,accent,derive,n11b8c270fa8ae858
nfb24eb6165eed40c--slur--stop--1,n2679--slur--stop--1,slur,stamp,nfb24eb6165eed40c
nfb24eb6165eed40c--staccato--1,,staccato,derive,nfb24eb6165eed40c
nec850b5fa4cf016e--staccato--1,,staccato,derive,nec850b5fa4cf016e
n72b29e3f75e58f39--staccato--1,,staccato,derive,n72b29e3f75e58f39
n313c3c3f223f5a38--staccato--1,,staccato,derive,n313c3c3f223f5a38
n8cf013e168b02ed7--staccato--1,,staccato,derive,n8cf013e168b02ed7
e5288c68f0a8da623,md-1-102-4-1,pedal,md,4
e10fbbbef07c031bf,md-1-102-4-2,pedal,md,4
nf57bd613b64b487c--staccato--1,,staccato,derive,nf57bd613b64b487c
n7e62d3050df6140d--staccato--1,,staccato,derive,n7e62d3050df6140d
n218586c3c617780d--staccato--1,,staccato,derive,n218586c3c617780d
n8e9c77cef4a3eb5a--staccato--1,,staccato,derive,n8e9c77cef4a3eb5a
nc24db49f6e67b821--staccato--1,,staccato,derive,nc24db49f6e67b821
n667fa1a9cfbc2708--staccato--1,,staccato,derive,n667fa1a9cfbc2708
n7cae6a5292cc50a8--staccato--1,,staccato,derive,n7cae6a5292cc50a8
neb3f90bc6642c925--staccato--1,,staccato,derive,neb3f90bc6642c925
nffa1dbf409865d21--staccato--1,,staccato,derive,nffa1dbf409865d21
n6a58a5588bb8bd31--staccato--1,,staccato,derive,n6a58a5588bb8bd31
n4bea3a7dcacc4c8a--staccato--1,,staccato,derive,n4bea3a7dcacc4c8a
n8a3fcee8d4d7d109--staccato--1,,staccato,derive,n8a3fcee8d4d7d109
nebe69343cc59fbaf--staccato--1,,staccato,derive,nebe69343cc59fbaf
nb3d1b017ff664500--slur--start--1,n2710--slur--start--1,slur,stamp,nb3d1b017ff664500
nb3d1b017ff664500--accent--1,,accent,derive,nb3d1b017ff664500
n5249f7599bccb83a--tie--1,,tie,derive,n5249f7599bccb83a
n5249f7599bccb83a--tied--start--1,n2711--tied--start--1,tied,stamp,n5249f7599bccb83a
n5249f7599bccb83a--slur--stop--1,n2711--slur--stop--1,slur,stamp,n5249f7599bccb83a
n5249f7599bccb83a--staccato--1,,staccato,derive,n5249f7599bccb83a
n899f55b5f81ecd5a--staccato--1,,staccato,derive,n899f55b5f81ecd5a
nf9791182bd133d48--staccato--1,,staccato,derive,nf9791182bd133d48
nedeed95c61268b96--staccato--1,,staccato,derive,nedeed95c61268b96
n6bd2d949e284cc14--staccato--1,,staccato,derive,n6bd2d949e284cc14
e4c3d49625d4f7dc4,md-1-104-4-1,pedal,md,4
e525fa5be393bff3a,md-1-104-4-2,pedal,md,4
n6da5d12dc6011c3d--tie--1,,tie,derive,n6da5d12dc6011c3d
n6da5d12dc6011c3d--tied--stop--1,n2723--tied--stop--1,tied,stamp,n6da5d12dc6011c3d
nf784d3e923881bcb--staccato--1,,staccato,derive,nf784d3e923881bcb
nc2581eab23608a8e--staccato--1,,staccato,derive,nc2581eab23608a8e
n04474e2f306d1d07--staccato--1,,staccato,derive,n04474e2f306d1d07
n2971da36d2834f83--staccato--1,,staccato,derive,n2971da36d2834f83
nd269f93a0fcd23bc--staccato--1,,staccato,derive,nd269f93a0fcd23bc
n286bab2441902576--staccato--1,,staccato,derive,n286bab2441902576
n170b4523979cf319--staccato--1,,staccato,derive,n170b4523979cf319
nd097a6288117d4d0--staccato--1,,staccato,derive,nd097a6288117d4d0
nbb5e0a3314dd4ac7--staccato--1,,staccato,derive,nbb5e0a3314dd4ac7
n144d03f028d8f434--staccato--1,,staccato,derive,n144d03f028d8f434
n9cdb0e83c046770e--staccato--1,,staccato,derive,n9cdb0e83c046770e
n872e4e5bfc775570--staccato--1,,staccato,derive,n872e4e5bfc775570
na041b78e334cbcf3--slur--start--1,n2740--slur--start--1,slur,stamp,na041b78e334cbcf3
na041b78e334cbcf3--accent--1,,accent,derive,na041b78e334cbcf3
n37e1a82ed3869780--slur--stop--1,n2741--slur--stop--1,slur,stamp,n37e1a82ed3869780
n37e1a82ed3869780--staccato--1,,staccato,derive,n37e1a82ed3869780
ncb412676529de060--staccato--1,,staccato,derive,ncb412676529de060
nc8820a3e22cb5849--staccato--1,,staccato,derive,nc8820a3e22cb5849
n43efef9e232d4a4a--staccato--1,,staccato,derive,n43efef9e232d4a4a
n50e7f71960644cf8--staccato--1,,staccato,derive,n50e7f71960644cf8
ea496e5c61696f798,md-1-106-4-1,pedal,md,4
e9e83aab11768e83f,md-1-106-4-2,pedal,md,4
nbc83087b5cbf66c2--staccato--1,,staccato,derive,nbc83087b5cbf66c2
n7e185edbd2f3c196--staccato--1,,staccato,derive,n7e185edbd2f3c196
nd2925e991b21b96b--staccato--1,,staccato,derive,nd2925e991b21b96b
n331b4d61a09ce31e--staccato--1,,staccato,derive,n331b4d61a09ce31e
n8dcba014991451f1--staccato--1,,staccato,derive,n8dcba014991451f1
ncf895ca1ca80af5d--staccato--1,,staccato,derive,ncf895ca1ca80af5d
nd463949f5df465fc--staccato--1,,staccato,derive,nd463949f5df465fc
n1e86f3d3207f5c24--staccato--1,,staccato,derive,n1e86f3d3207f5c24
n66df219aa132b83d--staccato--1,,staccato,derive,n66df219aa132b83d
n8060dcb9e9ba1008--staccato--1,,staccato,derive,n8060dcb9e9ba1008
n0760ce7d4389cf57--staccato--1,,staccato,derive,n0760ce7d4389cf57
n876276964f4ae160--staccato--1,,staccato,derive,n876276964f4ae160
ea71015ae3e190b59,md-1-107-3-1,words,md,3
n80d941e7de4cecc0--staccato--1,,staccato,derive,n80d941e7de4cecc0
n62eae1f7d7f5275c--tie--1,,tie,derive,n62eae1f7d7f5275c
n62eae1f7d7f5275c--tied--start--1,n2781--tied--start--1,tied,stamp,n62eae1f7d7f5275c
n3a5f0ec97fd3f1d0--tie--1,,tie,derive,n3a5f0ec97fd3f1d0
n3a5f0ec97fd3f1d0--tied--start--1,n2782--tied--start--1,tied,stamp,n3a5f0ec97fd3f1d0
n63c87d6b82d58bcb--slur--start--1,n2784--slur--start--1,slur,stamp,n63c87d6b82d58bcb
n63c87d6b82d58bcb--staccato--1,,staccato,derive,n63c87d6b82d58bcb
nb5aec8d3085cf990--staccato--1,,staccato,derive,nb5aec8d3085cf990
n775a2fe27d9fb331--staccato--1,,staccato,derive,n775a2fe27d9fb331
n9adf843bb64ab33e--tenuto--1,,tenuto,derive,n9adf843bb64ab33e
nc602bbc12e192cc0--slur--stop--1,n2788--slur--stop--1,slur,stamp,nc602bbc12e192cc0
nc602bbc12e192cc0--staccato--1,,staccato,derive,nc602bbc12e192cc0
n37169cc936585985--staccato--1,,staccato,derive,n37169cc936585985
e698a599ba748e407,md-1-108-3-1,words,md,3
ef1465882d86ef9ce,md-1-108-4-1,pedal,md,4
nda59f1193893ad8c--tie--1,,tie,derive,nda59f1193893ad8c
nda59f1193893ad8c--tied--stop--1,n2792--tied--stop--1,tied,stamp,nda59f1193893ad8c
nda59f1193893ad8c--staccato--1,,staccato,derive,nda59f1193893ad8c
n6496c19c37f84e41--tie--1,,tie,derive,n6496c19c37f84e41
n6496c19c37f84e41--tied--stop--1,n2793--tied--stop--1,tied,stamp,n6496c19c37f84e41
na8ea0b39d1905f45--staccato--1,,staccato,derive,na8ea0b39d1905f45
n9b92964bc1486f52--staccato--1,,staccato,derive,n9b92964bc1486f52
nf3f9c7ffaf8008b2--staccato--1,,staccato,derive,nf3f9c7ffaf8008b2
n4c4486384c963af9--staccato--1,,staccato,derive,n4c4486384c963af9
n3f25dfda53da7752--staccato--1,,staccato,derive,n3f25dfda53da7752
naf7b40b6a8297c36--staccato--1,,staccato,derive,naf7b40b6a8297c36
n72356a87f4ad6390--staccato--1,,staccato,derive,n72356a87f4ad6390
n0ce5a40b806b7aff--staccato--1,,staccato,derive,n0ce5a40b806b7aff
n2a85337d2f97f99f--staccato--1,,staccato,derive,n2a85337d2f97f99f
n37e09abe351b2a2c--staccato--1,,staccato,derive,n37e09abe351b2a2c
n69bf7635352aa8a2--staccato--1,,staccato,derive,n69bf7635352aa8a2
ed3263d57c4a42bd2,md-1-109-4-1,pedal,md,4
n29531dc0e8795475--staccato--1,,staccato,derive,n29531dc0e8795475
n34f98a41e4718cf2--slur--start--1,n2823--slur--start--1,slur,stamp,n34f98a41e4718cf2
n34f98a41e4718cf2--staccato--1,,staccato,derive,n34f98a41e4718cf2
n840fcac4230515fd--staccato--1,,staccato,derive,n840fcac4230515fd
n512b4a125c55d356--staccato--1,,staccato,derive,n512b4a125c55d356
n1be3122eac8a40a8--tenuto--1,,tenuto,derive,n1be3122eac8a40a8
ne6b61bce93fad30d--slur--stop--1,n2827--slur--stop--1,slur,stamp,ne6b61bce93fad30d
ne6b61bce93fad30d--staccato--1,,staccato,derive,ne6b61bce93fad30d
na86b969e471f1f36--staccato--1,,staccato,derive,na86b969e471f1f36
e1db0b157791d515f,md-1-110-3-1,words,md,3
e34d2f739489bfd8a,md-1-110-4-1,pedal,md,4
e32bfb0ea6ea498dd,md-1-110-4-2,pedal,md,4
n6f1b9bdeeee45911--staccato--1,,staccato,derive,n6f1b9bdeeee45911
n3eb07dd5646e5b15--staccato--1,,staccato,derive,n3eb07dd5646e5b15
n0b599bc622e0d4bc--staccato--1,,staccato,derive,n0b599bc622e0d4bc
n4aad873140e96b47--staccato--1,,staccato,derive,n4aad873140e96b47
n0dec2f534344e84c--staccato--1,,staccato,derive,n0dec2f534344e84c
n0d37c7ad6ac6d3b6--staccato--1,,staccato,derive,n0d37c7ad6ac6d3b6
nfff5ccd16775b1e0--staccato--1,,staccato,derive,nfff5ccd16775b1e0
na552cfeebf54071c--staccato--1,,staccato,derive,na552cfeebf54071c
n395c5526f3946d52--staccato--1,,staccato,derive,n395c5526f3946d52
nda581ba6553f2bb8--staccato--1,,staccato,derive,nda581ba6553f2bb8
n6a1fbfd962ea29ba--staccato--1,,staccato,derive,n6a1fbfd962ea29ba
naabac239a076f14c--staccato--1,,staccato,derive,naabac239a076f14c
n60036fcf54815ec8--tie--1,,tie,derive,n60036fcf54815ec8
n60036fcf54815ec8--tied--start--1,n2859--tied--start--1,tied,stamp,n60036fcf54815ec8
nd4eaeb08e550d6f9--tie--1,,tie,derive,nd4eaeb08e550d6f9
nd4eaeb08e550d6f9--tied--start--1,n2860--tied--start--1,tied,stamp,nd4eaeb08e550d6f9
ne5315d0ce5654c9a--slur--start--1,n2862--slur--start--1,slur,stamp,ne5315d0ce5654c9a
ne5315d0ce5654c9a--staccato--1,,staccato,derive,ne5315d0ce5654c9a
n6e7d331ab5387e6a--staccato--1,,staccato,derive,n6e7d331ab5387e6a
n227b97f6e60e57e0--staccato--1,,staccato,derive,n227b97f6e60e57e0
nfae0d391ec955d43--tenuto--1,,tenuto,derive,nfae0d391ec955d43
n5f19c92748a23efb--slur--stop--1,n2866--slur--stop--1,slur,stamp,n5f19c92748a23efb
n5f19c92748a23efb--staccato--1,,staccato,derive,n5f19c92748a23efb
neaceae0f52dff041--staccato--1,,staccato,derive,neaceae0f52dff041
e6db81915348f4833,md-1-112-3-1,words,md,3
ea02b916f29f75ac4,md-1-112-4-1,pedal,md,4
eaccb81e0badc1a24,md-1-112-4-2,pedal,md,4
n9ad8a3eea7dfb1a8--tie--1,,tie,derive,n9ad8a3eea7dfb1a8
n9ad8a3eea7dfb1a8--tied--stop--1,n2870--tied--stop--1,tied,stamp,n9ad8a3eea7dfb1a8
n1c774b225e44cb58--tie--1,,tie,derive,n1c774b225e44cb58
n1c774b225e44cb58--tied--stop--1,n2871--tied--stop--1,tied,stamp,n1c774b225e44cb58
nbec7c90a5df54cea--staccato--1,,staccato,derive,nbec7c90a5df54cea
n7adac78b5b7dcb63--staccato--1,,staccato,derive,n7adac78b5b7dcb63
n679c322f6122d86a--staccato--1,,staccato,derive,n679c322f6122d86a
n7bd31d9cd6d800cd--staccato--1,,staccato,derive,n7bd31d9cd6d800cd
n8c14dc22251cf3dd--staccato--1,,staccato,derive,n8c14dc22251cf3dd
na9955e148bbb97f3--staccato--1,,staccato,derive,na9955e148bbb97f3
n41927e88f2730ee0--staccato--1,,staccato,derive,n41927e88f2730ee0
n8daac441a0d44beb--staccato--1,,staccato,derive,n8daac441a0d44beb
n46d40bacfb9b1840--staccato--1,,staccato,derive,n46d40bacfb9b1840
nf477ed47ed1a7b76--staccato--1,,staccato,derive,nf477ed47ed1a7b76
na0a67bfa324d2d38--staccato--1,,staccato,derive,na0a67bfa324d2d38
nb32cf742b1f1979a--staccato--1,,staccato,derive,nb32cf742b1f1979a
n906fc2168d5a6e9c--staccato--1,,staccato,derive,n906fc2168d5a6e9c
n85ab15e46b669ce3--staccato--1,,staccato,derive,n85ab15e46b669ce3
n40981acece005dd7--slur--start--1,n2903--slur--start--1,slur,stamp,n40981acece005dd7
n40981acece005dd7--staccato--1,,staccato,derive,n40981acece005dd7
n5e2c8bc97921f7b5--staccato--1,,staccato,derive,n5e2c8bc97921f7b5
nbe0b6ece3fb26666--staccato--1,,staccato,derive,nbe0b6ece3fb26666
n12b3f76255bc00fb--tenuto--1,,tenuto,derive,n12b3f76255bc00fb
n90c43a1884c0e494--slur--stop--1,n2907--slur--stop--1,slur,stamp,n90c43a1884c0e494
n90c43a1884c0e494--staccato--1,,staccato,derive,n90c43a1884c0e494
n4ab7c779629a82a2--staccato--1,,staccato,derive,n4ab7c779629a82a2
e386067dfc213a4e5,md-1-114-3-1,words,md,3
eb45db8d23a436711,md-1-114-4-1,pedal,md,4
e7fe61647d0755cf2,md-1-114-4-2,pedal,md,4
n4841feade6672358--staccato--1,,staccato,derive,n4841feade6672358
n5655ff824e67ceca--staccato--1,,staccato,derive,n5655ff824e67ceca
nec565a4860818d9f--staccato--1,,staccato,derive,nec565a4860818d9f
n6c03bae164943150--staccato--1,,staccato,derive,n6c03bae164943150
nd6163736e9954898--staccato--1,,staccato,derive,nd6163736e9954898
n15ba97fb52f0e2e5--staccato--1,,staccato,derive,n15ba97fb52f0e2e5
n6ab117c27669ceea--staccato--1,,staccato,derive,n6ab117c27669ceea
n744428fb4761dced--staccato--1,,staccato,derive,n744428fb4761dced
n3cb7b7fd17eec226--staccato--1,,staccato,derive,n3cb7b7fd17eec226
n9aa5df810a25a7e3--staccato--1,,staccato,derive,n9aa5df810a25a7e3
n919538a438baa6e7--staccato--1,,staccato,derive,n919538a438baa6e7
na5614c41b991faaa--staccato--1,,staccato,derive,na5614c41b991faaa
e18d8cf28b1aab042,md-1-115-3-1,words,md,3
ec260cbc7be86a94b,md-1-115-3-2,dynamics,md,3
nb7f20a306cead7c6--accent--1,,accent,derive,nb7f20a306cead7c6
n4aaad9da35a5f364--tie--1,,tie,derive,n4aaad9da35a5f364
n4aaad9da35a5f364--tied--start--1,n2939--tied--start--1,tied,stamp,n4aaad9da35a5f364
nafad3c1babc498de--tie--1,,tie,derive,nafad3c1babc498de
nafad3c1babc498de--tied--start--1,n2940--tied--start--1,tied,stamp,nafad3c1babc498de
n6583002039f24fa2--slur--start--1,n2942--slur--start--1,slur,stamp,n6583002039f24fa2
n6583002039f24fa2--staccato--1,,staccato,derive,n6583002039f24fa2
naba6bd71982c7abd--staccato--1,,staccato,derive,naba6bd71982c7abd
n8c398c9cd81771c0--staccato--1,,staccato,derive,n8c398c9cd81771c0
nf09a04dd3a5c5dcf--tenuto--1,,tenuto,derive,nf09a04dd3a5c5dcf
n24b5956066261c4c--slur--stop--1,n2947--slur--stop--1,slur,stamp,n24b5956066261c4c
n24b5956066261c4c--staccato--1,,staccato,derive,n24b5956066261c4c
nf0060ce3455adfe6--staccato--1,,staccato,derive,nf0060ce3455adfe6
e6ce08699028ebed8,md-1-116-4-1,pedal,md,4
ec094ee7131d4d8e1,md-1-116-4-2,pedal,md,4
nae054b36efc05c98--tie--1,,tie,derive,nae054b36efc05c98
nae054b36efc05c98--tied--stop--1,n2952--tied--stop--1,tied,stamp,nae054b36efc05c98
n71db28a83ef1c16c--tie--1,,tie,derive,n71db28a83ef1c16c
n71db28a83ef1c16c--tied--stop--1,n2953--tied--stop--1,tied,stamp,n71db28a83ef1c16c
n98f6e990fa90d70c--staccato--1,,staccato,derive,n98f6e990fa90d70c
n268717016c25496f--staccato--1,,staccato,derive,n268717016c25496f
na2e2ed18ef9a75b0--staccato--1,,staccato,derive,na2e2ed18ef9a75b0
n676f3740aa957a30--staccato--1,,staccato,derive,n676f3740aa957a30
n6c6967202e42f9b1--staccato--1,,staccato,derive,n6c6967202e42f9b1
n508110edf817f2ec--staccato--1,,staccato,derive,n508110edf817f2ec
n7bc605f96a2c6421--staccato--1,,staccato,derive,n7bc605f96a2c6421
nb9a581bea6ceeef7--staccato--1,,staccato,derive,nb9a581bea6ceeef7
n022b5a52fff270bd--staccato--1,,staccato,derive,n022b5a52fff270bd
n78bca63f88185247--staccato--1,,staccato,derive,n78bca63f88185247
n7ed1c64cab1bdf0e--staccato--1,,staccato,derive,n7ed1c64cab1bdf0e
nd6f25ceddc97a52d--accent--1,,accent,derive,nd6f25ceddc97a52d
n6f11b5ae24765f0a--slur--start--1,n2985--slur--start--1,slur,stamp,n6f11b5ae24765f0a
n6f11b5ae24765f0a--staccato--1,,staccato,derive,n6f11b5ae24765f0a
nef470c8ba0f130fc--staccato--1,,staccato,derive,nef470c8ba0f130fc
nef08e670343aa707--staccato--1,,staccato,derive,nef08e670343aa707
n1a5afa8315ac9521--tenuto--1,,tenuto,derive,n1a5afa8315ac9521
na287511e9ddc5dfa--slur--stop--1,n2990--slur--stop--1,slur,stamp,na287511e9ddc5dfa
na287511e9ddc5dfa--staccato--1,,staccato,derive,na287511e9ddc5dfa
n4781c69bbcde77ba--staccato--1,,staccato,derive,n4781c69bbcde77ba
e3f5c46a693c72902,md-1-118-4-1,pedal,md,4
e232c00db0589a9ec,md-1-118-4-2,pedal,md,4
n7e3f2f9bc546c49c--staccato--1,,staccato,derive,n7e3f2f9bc546c49c
n0f5295f43064351d--staccato--1,,staccato,derive,n0f5295f43064351d
n28964b8f84197307--staccato--1,,staccato,derive,n28964b8f84197307
ndf854b801c914830--staccato--1,,staccato,derive,ndf854b801c914830
n2bc88b38f3d85d53--staccato--1,,staccato,derive,n2bc88b38f3d85d53
nd2727c0557d33800--staccato--1,,staccato,derive,nd2727c0557d33800
n507da352f8c149f1--staccato--1,,staccato,derive,n507da352f8c149f1
nb4216b30e0e6ca7c--staccato--1,,staccato,derive,nb4216b30e0e6ca7c
n9a02afa495532e3a--staccato--1,,staccato,derive,n9a02afa495532e3a
nd82c012f43511b5c--staccato--1,,staccato,derive,nd82c012f43511b5c
n91cca6eab8612777--staccato--1,,staccato,derive,n91cca6eab8612777
n4dab7421152aa53a--staccato--1,,staccato,derive,n4dab7421152aa53a
nab494b23c971cead--accent--1,,accent,derive,nab494b23c971cead
nd8745a5a3ce51e4b--tie--1,,tie,derive,nd8745a5a3ce51e4b
nd8745a5a3ce51e4b--tied--start--1,n3023--tied--start--1,tied,stamp,nd8745a5a3ce51e4b
n15d9af715a5fce74--tie--1,,tie,derive,n15d9af715a5fce74
n15d9af715a5fce74--tied--start--1,n3024--tied--start--1,tied,stamp,n15d9af715a5fce74
n4705abc03ba6719d--slur--start--1,n3026--slur--start--1,slur,stamp,n4705abc03ba6719d
n4705abc03ba6719d--staccato--1,,staccato,derive,n4705abc03ba6719d
nf8f1e46c35f8a436--staccato--1,,staccato,derive,nf8f1e46c35f8a436
n4e2048589824afe0--staccato--1,,staccato,derive,n4e2048589824afe0
n2a77795a2836a4e7--tenuto--1,,tenuto,derive,n2a77795a2836a4e7
n6217375b39263939--slur--stop--1,n3031--slur--stop--1,slur,stamp,n6217375b39263939
n6217375b39263939--staccato--1,,staccato,derive,n6217375b39263939
n0e31ffb0bb458e23--staccato--1,,staccato,derive,n0e31ffb0bb458e23
e355f724bfcf2442d,md-1-120-4-1,pedal,md,4
e11aade3d2a961131,md-1-120-4-2,pedal,md,4
n65422749dd935da4--tie--1,,tie,derive,n65422749dd935da4
n65422749dd935da4--tied--stop--1,n3036--tied--stop--1,tied,stamp,n65422749dd935da4
n47af75495e7aa7cb--tie--1,,tie,derive,n47af75495e7aa7cb
n47af75495e7aa7cb--tied--stop--1,n3037--tied--stop--1,tied,stamp,n47af75495e7aa7cb
nc17843cdcd3271a7--staccato--1,,staccato,derive,nc17843cdcd3271a7
n373fca501e0fbfc9--staccato--1,,staccato,derive,n373fca501e0fbfc9
nf95f527f873ee492--staccato--1,,staccato,derive,nf95f527f873ee492
n044e7ad8fae981ec--staccato--1,,staccato,derive,n044e7ad8fae981ec
n65d82af10d1fc892--staccato--1,,staccato,derive,n65d82af10d1fc892
n9d94b557907e2f95--staccato--1,,staccato,derive,n9d94b557907e2f95
n86316443bd53cef5--staccato--1,,staccato,derive,n86316443bd53cef5
ndea5190dad0c0a9f--staccato--1,,staccato,derive,ndea5190dad0c0a9f
n99ac3d183fa476b3--staccato--1,,staccato,derive,n99ac3d183fa476b3
n7cbce37202319e23--staccato--1,,staccato,derive,n7cbce37202319e23
na283a66a2e741afe--staccato--1,,staccato,derive,na283a66a2e741afe
n2d0a888ce381701a--staccato--1,,staccato,derive,n2d0a888ce381701a
n1100c5d14c3653ac--accent--1,,accent,derive,n1100c5d14c3653ac
nb26d9e702ee06f40--tie--1,,tie,derive,nb26d9e702ee06f40
nb26d9e702ee06f40--tied--start--1,n3066--tied--start--1,tied,stamp,nb26d9e702ee06f40
n79ae74fdfe39b077--tie--1,,tie,derive,n79ae74fdfe39b077
n79ae74fdfe39b077--tied--start--1,n3067--tied--start--1,tied,stamp,n79ae74fdfe39b077
nae7e26037420dceb--slur--start--1,n3068--slur--start--1,slur,stamp,nae7e26037420dceb
nae7e26037420dceb--staccato--1,,staccato,derive,nae7e26037420dceb
n1bf2007882032638--staccato--1,,staccato,derive,n1bf2007882032638
ndacf88fc5e5f18a8--staccato--1,,staccato,derive,ndacf88fc5e5f18a8
n4726203a43ebb542--slur--stop--1,n3072--slur--stop--1,slur,stamp,n4726203a43ebb542
n4726203a43ebb542--staccato--1,,staccato,derive,n4726203a43ebb542
e704e98a33173c2b6,md-1-122-4-1,pedal,md,4
e5258e8697bb5691b,md-1-122-4-2,pedal,md,4
nced56641a579bbe7--tie--1,,tie,derive,nced56641a579bbe7
nced56641a579bbe7--tied--stop--1,n3077--tied--stop--1,tied,stamp,nced56641a579bbe7
nb7dacd69a378a1d4--tie--1,,tie,derive,nb7dacd69a378a1d4
nb7dacd69a378a1d4--tied--stop--1,n3078--tied--stop--1,tied,stamp,nb7dacd69a378a1d4
nd905add79c472e91--tie--1,,tie,derive,nd905add79c472e91
nd905add79c472e91--tied--start--1,n3081--tied--start--1,tied,stamp,nd905add79c472e91
nfa47350144e70c07--tie--1,,tie,derive,nfa47350144e70c07
nfa47350144e70c07--tied--start--1,n3082--tied--start--1,tied,stamp,nfa47350144e70c07
ne194a733ed17930e--slur--start--1,n3083--slur--start--1,slur,stamp,ne194a733ed17930e
ne194a733ed17930e--staccato--1,,staccato,derive,ne194a733ed17930e
n0cd6127dba739869--staccato--1,,staccato,derive,n0cd6127dba739869
n381c4c423602abd5--staccato--1,,staccato,derive,n381c4c423602abd5
n1ec0c8b0697e647c--slur--stop--1,n3087--slur--stop--1,slur,stamp,n1ec0c8b0697e647c
n1ec0c8b0697e647c--staccato--1,,staccato,derive,n1ec0c8b0697e647c
n0a966b6e254dda7c--accent--1,,accent,derive,n0a966b6e254dda7c
na99c7ed28e5faa39--accent--1,,accent,derive,na99c7ed28e5faa39
e49cfaa8f7954abe1,md-1-123-3-1,words,md,3
e32f5402653753b38,md-1-123-3-2,wedge,md,3
e1b4e795fc896d419,md-1-123-3-3,wedge,md,3
e9afb89ecea48703b,md-1-123-3-4,dynamics,md,3
e157e8ba06ba3210e,md-1-123-4-1,pedal,md,4
e7d90e2f07f91d6f5,md-1-123-4-2,pedal,md,4
e0f6a18bcb9209e0b,md-1-123-4-3,pedal,md,4
e046fac940d3405ad,md-1-123-4-4,pedal,md,4
n67f9d1333b24f57f--tie--1,,tie,derive,n67f9d1333b24f57f
n67f9d1333b24f57f--tied--stop--1,n3095--tied--stop--1,tied,stamp,n67f9d1333b24f57f
nc29182f71fd0d09d--tie--1,,tie,derive,nc29182f71fd0d09d
nc29182f71fd0d09d--tied--stop--1,n3096--tied--stop--1,tied,stamp,nc29182f71fd0d09d
nc500b9831001c3dc--accent--1,,accent,derive,nc500b9831001c3dc
n859562c29cfaa7c1--tie--1,,tie,derive,n859562c29cfaa7c1
n859562c29cfaa7c1--tied--start--1,n3099--tied--start--1,tied,stamp,n859562c29cfaa7c1
n3c3dd8639391e0a5--tie--1,,tie,derive,n3c3dd8639391e0a5
n3c3dd8639391e0a5--tied--start--1,n3100--tied--start--1,tied,stamp,n3c3dd8639391e0a5
ndcb2585d51a5ec3f--slur--start--1,n3101--slur--start--1,slur,stamp,ndcb2585d51a5ec3f
ndcb2585d51a5ec3f--staccato--1,,staccato,derive,ndcb2585d51a5ec3f
nad71aa006311d5a8--staccato--1,,staccato,derive,nad71aa006311d5a8
ndb434fc7aaa1e568--staccato--1,,staccato,derive,ndb434fc7aaa1e568
n0d6ca90fc00ee1d0--slur--stop--1,n3105--slur--stop--1,slur,stamp,n0d6ca90fc00ee1d0
n0d6ca90fc00ee1d0--staccato--1,,staccato,derive,n0d6ca90fc00ee1d0
e4b485c99f214829f,md-1-124-3-1,dynamics,md,3
e63e3c3f42bfbeba7,md-1-124-3-2,wedge,md,3
ef2084007678f44fc,md-1-124-4-1,pedal,md,4
e991b930582f41d11,md-1-124-4-2,pedal,md,4
n693701cb5133f3ea--tie--1,,tie,derive,n693701cb5133f3ea
n693701cb5133f3ea--tied--stop--1,n3110--tied--stop--1,tied,stamp,n693701cb5133f3ea
n130ab2acae546db3--tie--1,,tie,derive,n130ab2acae546db3
n130ab2acae546db3--tied--stop--1,n3111--tied--stop--1,tied,stamp,n130ab2acae546db3
ndafa525893572a26--accent--1,,accent,derive,ndafa525893572a26
n2e1ece8af8b41bde--tie--1,,tie,derive,n2e1ece8af8b41bde
n2e1ece8af8b41bde--tied--start--1,n3114--tied--start--1,tied,stamp,n2e1ece8af8b41bde
n13803391e279dbcf--tie--1,,tie,derive,n13803391e279dbcf
n13803391e279dbcf--tied--start--1,n3115--tied--start--1,tied,stamp,n13803391e279dbcf
n19d9d2085221bb16--slur--start--1,n3116--slur--start--1,slur,stamp,n19d9d2085221bb16
n19d9d2085221bb16--staccato--1,,staccato,derive,n19d9d2085221bb16
n20d5a0813882b86e--staccato--1,,staccato,derive,n20d5a0813882b86e
n99acdb7f9857dc0b--staccato--1,,staccato,derive,n99acdb7f9857dc0b
nedc0ea97d9980f31--slur--stop--1,n3120--slur--stop--1,slur,stamp,nedc0ea97d9980f31
nedc0ea97d9980f31--staccato--1,,staccato,derive,nedc0ea97d9980f31
n7ecc1589ea119221--accent--1,,accent,derive,n7ecc1589ea119221
n4b7548e53c5c8c5e--accent--1,,accent,derive,n4b7548e53c5c8c5e
ef4a4ab50ea6794c8,md-1-125-3-1,wedge,md,3
eca13ccb5f6dc6c05,md-1-125-3-2,dynamics,md,3
e653756eb4892da44,md-1-125-4-1,pedal,md,4
ecd0b42dc56f6f0b7,md-1-125-4-2,pedal,md,4
e9f6ca945ffed176e,md-1-125-4-3,pedal,md,4
ea31b88ca156e0ad1,md-1-125-4-4,pedal,md,4
n4f895bedb5a49756--tie--1,,tie,derive,n4f895bedb5a49756
n4f895bedb5a49756--tied--stop--1,n3128--tied--stop--1,tied,stamp,n4f895bedb5a49756
n1c30ffeecbd0f373--tie--1,,tie,derive,n1c30ffeecbd0f373
n1c30ffeecbd0f373--tied--stop--1,n3129--tied--stop--1,tied,stamp,n1c30ffeecbd0f373
nf20c4cf4954666fa--accent--1,,accent,derive,nf20c4cf4954666fa
nf21872a1eb2ba5e9--tie--1,,tie,derive,nf21872a1eb2ba5e9
nf21872a1eb2ba5e9--tied--start--1,n3132--tied--start--1,tied,stamp,nf21872a1eb2ba5e9
n0fa5d494ac7a90fc--tie--1,,tie,derive,n0fa5d494ac7a90fc
n0fa5d494ac7a90fc--tied--start--1,n3133--tied--start--1,tied,stamp,n0fa5d494ac7a90fc
n2cf2610db9aaa096--slur--start--1,n3134--slur--start--1,slur,stamp,n2cf2610db9aaa096
n2cf2610db9aaa096--staccato--1,,staccato,derive,n2cf2610db9aaa096
n79db50511f60f0e6--staccato--1,,staccato,derive,n79db50511f60f0e6
n227b8bfb06fbf4b0--staccato--1,,staccato,derive,n227b8bfb06fbf4b0
n0106297d250cd526--slur--stop--1,n3138--slur--stop--1,slur,stamp,n0106297d250cd526
n0106297d250cd526--staccato--1,,staccato,derive,n0106297d250cd526
e1f12829faefed724,md-1-126-3-1,dynamics,md,3
e124efbe716f0f238,md-1-126-3-2,wedge,md,3
e580f6e3c7bfcccdc,md-1-126-4-1,pedal,md,4
e2c7d1ed207c89332,md-1-126-4-2,pedal,md,4
naeaf5bba36d6ed7b--tie--1,,tie,derive,naeaf5bba36d6ed7b
naeaf5bba36d6ed7b--tied--stop--1,n3143--tied--stop--1,tied,stamp,naeaf5bba36d6ed7b
n0b06e1fa9e12c545--tie--1,,tie,derive,n0b06e1fa9e12c545
n0b06e1fa9e12c545--tied--stop--1,n3144--tied--stop--1,tied,stamp,n0b06e1fa9e12c545
ne85748bad8a01d7b--tie--1,,tie,derive,ne85748bad8a01d7b
ne85748bad8a01d7b--tied--start--1,n3147--tied--start--1,tied,stamp,ne85748bad8a01d7b
nfacc0da724ff0fc1--tie--1,,tie,derive,nfacc0da724ff0fc1
nfacc0da724ff0fc1--tied--start--1,n3148--tied--start--1,tied,stamp,nfacc0da724ff0fc1
ne345cd69d12134d9--slur--start--1,n3149--slur--start--1,slur,stamp,ne345cd69d12134d9
ne345cd69d12134d9--staccato--1,,staccato,derive,ne345cd69d12134d9
nb97d9db012f0c893--staccato--1,,staccato,derive,nb97d9db012f0c893
n8fccb62289ad89eb--staccato--1,,staccato,derive,n8fccb62289ad89eb
ne09f50b378c32286--slur--stop--1,n3153--slur--stop--1,slur,stamp,ne09f50b378c32286
ne09f50b378c32286--staccato--1,,staccato,derive,ne09f50b378c32286
nd228dcaa8118e24e--accent--1,,accent,derive,nd228dcaa8118e24e
na06fe1bf26364917--accent--1,,accent,derive,na06fe1bf26364917
e4aea525b932fe68b,md-1-127-3-1,wedge,md,3
e0d1e1e1bfcc2bc44,md-1-127-3-2,dynamics,md,3
e9247eb7465b90796,md-1-127-3-3,wedge,md,3
e2f848c75650eb36a,md-1-127-4-1,pedal,md,4
e7c7c674ad5ec3aab,md-1-127-4-2,pedal,md,4
e1ef54f2e619219f5,md-1-127-4-3,dynamics,md,4
e35b0ba5874c2e21a,md-1-127-4-4,pedal,md,4
e792d583cad40d849,md-1-127-4-5,pedal,md,4
n88a47be44c2f79d3--tie--1,,tie,derive,n88a47be44c2f79d3
n88a47be44c2f79d3--tied--stop--1,n3161--tied--stop--1,tied,stamp,n88a47be44c2f79d3
n68543b879c00cf09--tie--1,,tie,derive,n68543b879c00cf09
n68543b879c00cf09--tied--stop--1,n3162--tied--stop--1,tied,stamp,n68543b879c00cf09
nb859bb8becb14f57--tie--1,,tie,derive,nb859bb8becb14f57
nb859bb8becb14f57--tied--start--1,n3165--tied--start--1,tied,stamp,nb859bb8becb14f57
n0a488733fd1c5518--tie--1,,tie,derive,n0a488733fd1c5518
n0a488733fd1c5518--tied--start--1,n3166--tied--start--1,tied,stamp,n0a488733fd1c5518
nd338fdb3697c628d--slur--start--1,n3167--slur--start--1,slur,stamp,nd338fdb3697c628d
nd338fdb3697c628d--staccato--1,,staccato,derive,nd338fdb3697c628d
n4c4f3c7b35e5bab3--staccato--1,,staccato,derive,n4c4f3c7b35e5bab3
n69ca4c24e4ffd90e--staccato--1,,staccato,derive,n69ca4c24e4ffd90e
n7b63bbcb50d47089--slur--stop--1,n3171--slur--stop--1,slur,stamp,n7b63bbcb50d47089
n7b63bbcb50d47089--staccato--1,,staccato,derive,n7b63bbcb50d47089
nbfabb7d6a468d742--accent--1,,accent,derive,nbfabb7d6a468d742
ndc462c178d15d9a6--accent--1,,accent,derive,ndc462c178d15d9a6
e7ae53811f0a0f0e7,md-1-128-3-1,wedge,md,3
efc38489b5053e660,md-1-128-3-2,wedge,md,3
e39f3e67f7243b8e5,md-1-128-4-1,pedal,md,4
e4251278628a1b60c,md-1-128-4-2,pedal,md,4
ea12ee10d7ed6ebe3,md-1-128-4-3,dynamics,md,4
e9be9ed427aaf5057,md-1-128-4-4,pedal,md,4
eb1f5ebdd2c18a84d,md-1-128-4-5,dynamics,md,4
e12f7ea147fc1c7a4,md-1-128-4-6,pedal,md,4
n9307f2ecd821766b--tie--1,,tie,derive,n9307f2ecd821766b
n9307f2ecd821766b--tied--stop--1,n3179--tied--stop--1,tied,stamp,n9307f2ecd821766b
n5e72248406474a69--tie--1,,tie,derive,n5e72248406474a69
n5e72248406474a69--tied--stop--1,n3180--tied--stop--1,tied,stamp,n5e72248406474a69
n2aa2c3e108242e3e--caesura--1,,caesura,derive,n2aa2c3e108242e3e
n386a54a0e96a1cdb--staccato--1,,staccato,derive,n386a54a0e96a1cdb
n3709285ec02674da--staccato--1,,staccato,derive,n3709285ec02674da
ne9ccee7dcea27c85--staccato--1,,staccato,derive,ne9ccee7dcea27c85
ncb8be096f5374352--staccato--1,,staccato,derive,ncb8be096f5374352
nc8d4b28c2488d838--accent--1,,accent,derive,nc8d4b28c2488d838
nda39a9c48c0c91d8--accent--1,,accent,derive,nda39a9c48c0c91d8
ecc3715182ac45b1b,md-1-129-3-1,words,md,3
e346cf875f33020e6,md-1-129-3-2,wedge,md,3
e2fedd3e2b944f6c3,md-1-129-4-1,pedal,md,4
e221051533cf27b1c,md-1-129-4-2,pedal,md,4
e028bd19ce23aaea5,md-1-129-4-3,pedal,md,4
ec21ec3efe0c7780c,md-1-129-4-4,dynamics,md,4
n632e801ae6342906--staccato--1,,staccato,derive,n632e801ae6342906
n352dc12468570e14--staccato--1,,staccato,derive,n352dc12468570e14
n769a1ef0f64e2b03--staccato--1,,staccato,derive,n769a1ef0f64e2b03
nf9bc0ab780161cf4--staccato--1,,staccato,derive,nf9bc0ab780161cf4
nc2b6e1609bb4764e--staccato--1,,staccato,derive,nc2b6e1609bb4764e
ne6b1c677f5ebadbf--staccato--1,,staccato,derive,ne6b1c677f5ebadbf
n35a45335cea192c3--staccato--1,,staccato,derive,n35a45335cea192c3
n894bef7ed3f55eb0--staccato--1,,staccato,derive,n894bef7ed3f55eb0
n819425e688559690--staccato--1,,staccato,derive,n819425e688559690
n74958e16f11c5445--staccato--1,,staccato,derive,n74958e16f11c5445
n2fa8feb6cd24bf76--staccato--1,,staccato,derive,n2fa8feb6cd24bf76
n3c5d9b7e0d9c808e--staccato--1,,staccato,derive,n3c5d9b7e0d9c808e
ef2e6ab3263974866,md-1-130-3-1,dynamics,md,3
ec67e5ce9b9a5b2dd,md-1-130-3-2,words,md,3
e5652be14ff57aef0,md-1-130-4-1,pedal,md,4
na6b95f8cdcb26653--accent--1,,accent,derive,na6b95f8cdcb26653
n5c8a00bae87d9b28--staccato--1,,staccato,derive,n5c8a00bae87d9b28
n1bac00d2528145fe--staccato--1,,staccato,derive,n1bac00d2528145fe
nc43d8530d20571d0--staccato--1,,staccato,derive,nc43d8530d20571d0
nf8d5e547ab650ff6--staccato--1,,staccato,derive,nf8d5e547ab650ff6
e5ccf21abf4506f20,md-1-131-4-1,pedal,md,4
e4a5bbc9fd4dbdeac,md-1-131-4-2,pedal,md,4
n7435b47c9a618001--staccato--1,,staccato,derive,n7435b47c9a618001
nce13741a5b0a8a6b--staccato--1,,staccato,derive,nce13741a5b0a8a6b
n4b6a5a5b51b02b3f--staccato--1,,staccato,derive,n4b6a5a5b51b02b3f
n04c6ac17d568b5b1--staccato--1,,staccato,derive,n04c6ac17d568b5b1
n2d0bc015cd392c67--staccato--1,,staccato,derive,n2d0bc015cd392c67
nf236527a3fcb3cc3--staccato--1,,staccato,derive,nf236527a3fcb3cc3
n54a43ba81691663f--staccato--1,,staccato,derive,n54a43ba81691663f
n7a28da1563d78839--staccato--1,,staccato,derive,n7a28da1563d78839
n914e8f8968dd7f41--staccato--1,,staccato,derive,n914e8f8968dd7f41
ncfc1f245b1f60297--staccato--1,,staccato,derive,ncfc1f245b1f60297
n8f9045db4d0a5d97--staccato--1,,staccato,derive,n8f9045db4d0a5d97
n41564f92545e2d11--staccato--1,,staccato,derive,n41564f92545e2d11
n02dffb60de836fdc--accent--1,,accent,derive,n02dffb60de836fdc
n32dfbec1bd69c21a--staccato--1,,staccato,derive,n32dfbec1bd69c21a
n7660c3319c891995--staccato--1,,staccato,derive,n7660c3319c891995
n3636a591c5a13432--staccato--1,,staccato,derive,n3636a591c5a13432
nbc75dc657bd52575--staccato--1,,staccato,derive,nbc75dc657bd52575
e85b841bad01a3b0f,md-1-133-4-1,pedal,md,4
e039bc6b930d73a8a,md-1-133-4-2,pedal,md,4
ncb88f94821283ca7--staccato--1,,staccato,derive,ncb88f94821283ca7
n1405d4ed9d42d97d--staccato--1,,staccato,derive,n1405d4ed9d42d97d
n1cb2fc9d58ad9f2c--staccato--1,,staccato,derive,n1cb2fc9d58ad9f2c
nfbc0e0537d7d12c1--staccato--1,,staccato,derive,nfbc0e0537d7d12c1
nb0315025b17620e6--staccato--1,,staccato,derive,nb0315025b17620e6
n88b470bbc019328e--staccato--1,,staccato,derive,n88b470bbc019328e
n94215cae8843794a--staccato--1,,staccato,derive,n94215cae8843794a
nfe63540971cc0171--staccato--1,,staccato,derive,nfe63540971cc0171
n21a257d71091eed1--staccato--1,,staccato,derive,n21a257d71091eed1
nd70812797e9cbd22--staccato--1,,staccato,derive,nd70812797e9cbd22
n25bba1ddba191e46--staccato--1,,staccato,derive,n25bba1ddba191e46
na4353691e52c9526--staccato--1,,staccato,derive,na4353691e52c9526
nf21ffa6e522ffefa--accent--1,,accent,derive,nf21ffa6e522ffefa
n0b52c220b43c7ceb--staccato--1,,staccato,derive,n0b52c220b43c7ceb
n32f6e33d764c7521--staccato--1,,staccato,derive,n32f6e33d764c7521
n5618148f94d3659c--staccato--1,,staccato,derive,n5618148f94d3659c
ne618a42dbe40bb56--staccato--1,,staccato,derive,ne618a42dbe40bb56
e568f31abd97986ee,md-1-135-4-1,pedal,md,4
e13afa32ad901c751,md-1-135-4-2,pedal,md,4
n2a26c6e6c34321a7--staccato--1,,staccato,derive,n2a26c6e6c34321a7
ne02f482353b55268--staccato--1,,staccato,derive,ne02f482353b55268
n7418b583edbc3360--staccato--1,,staccato,derive,n7418b583edbc3360
nfb6618a23afb94fb--staccato--1,,staccato,derive,nfb6618a23afb94fb
n2bef8fc6a476209f--staccato--1,,staccato,derive,n2bef8fc6a476209f
n7c533adbf22d6f04--staccato--1,,staccato,derive,n7c533adbf22d6f04
n8914b6d7c0cdb4be--staccato--1,,staccato,derive,n8914b6d7c0cdb4be
n6172d6eaee650f2a--staccato--1,,staccato,derive,n6172d6eaee650f2a
n7c3a92c8ec55e1f8--staccato--1,,staccato,derive,n7c3a92c8ec55e1f8
n7d8ce66db5e507bd--staccato--1,,staccato,derive,n7d8ce66db5e507bd
n2efd940b4b4cc0b3--staccato--1,,staccato,derive,n2efd940b4b4cc0b3
ndabf3d705f9560e9--staccato--1,,staccato,derive,ndabf3d705f9560e9
e1f0533e37293550f,md-1-136-4-1,pedal,md,4
e4a6353165ed74f4b,md-1-136-4-2,pedal,md,4
n0eaf3b86d6025607--accent--1,,accent,derive,n0eaf3b86d6025607
nbe71b947ec0ff38d--staccato--1,,staccato,derive,nbe71b947ec0ff38d
nc05cf5c899526150--staccato--1,,staccato,derive,nc05cf5c899526150
n4994562ed55d547d--staccato--1,,staccato,derive,n4994562ed55d547d
n35c629e66ae117cb--staccato--1,,staccato,derive,n35c629e66ae117cb
e0e821038b323973f,md-1-137-4-1,pedal,md,4
efe17c9164ea2ff69,md-1-137-4-2,pedal,md,4
nbe8a14453925580f--staccato--1,,staccato,derive,nbe8a14453925580f
n9f46eba807397b71--staccato--1,,staccato,derive,n9f46eba807397b71
nd63ffd9bbe96f75a--staccato--1,,staccato,derive,nd63ffd9bbe96f75a
nec506c36cedd4972--staccato--1,,staccato,derive,nec506c36cedd4972
n9d9935c0a6594df1--staccato--1,,staccato,derive,n9d9935c0a6594df1
n1de5e2e45b2e5efe--staccato--1,,staccato,derive,n1de5e2e45b2e5efe
nb5bb926bc13b8c15--staccato--1,,staccato,derive,nb5bb926bc13b8c15
n0a23eaa0dfe64220--staccato--1,,staccato,derive,n0a23eaa0dfe64220
n36247dc2c117bf37--staccato--1,,staccato,derive,n36247dc2c117bf37
nf5fccf098f6ffc6b--staccato--1,,staccato,derive,nf5fccf098f6ffc6b
na1a2c0f621237d54--staccato--1,,staccato,derive,na1a2c0f621237d54
n7d695f8521202bd1--staccato--1,,staccato,derive,n7d695f8521202bd1
n4628c52fdc390880--accent--1,,accent,derive,n4628c52fdc390880
nc4404f66df888ad2--slur--start--1,n3445--slur--start--1,slur,stamp,nc4404f66df888ad2
nc4404f66df888ad2--staccato--1,,staccato,derive,nc4404f66df888ad2
n08524858617553c7--staccato--1,,staccato,derive,n08524858617553c7
nabe8c138c68eea37--staccato--1,,staccato,derive,nabe8c138c68eea37
n253e9192f56baacf--tenuto--1,,tenuto,derive,n253e9192f56baacf
n5408368fa06c9bd2--slur--stop--1,n3449--slur--stop--1,slur,stamp,n5408368fa06c9bd2
n5408368fa06c9bd2--staccato--1,,staccato,derive,n5408368fa06c9bd2
n01090df65cef0881--staccato--1,,staccato,derive,n01090df65cef0881
eb76735d41ee5ce6c,md-1-139-3-1,wedge,md,3
e87b9c6377f56754d,md-1-139-3-2,wedge,md,3
eae21eb08f4a315ee,md-1-139-4-1,pedal,md,4
e34ff56d3fd061db2,md-1-139-4-2,pedal,md,4
n9c993aeccfc83254--staccato--1,,staccato,derive,n9c993aeccfc83254
n23a93949142ce8ab--staccato--1,,staccato,derive,n23a93949142ce8ab
n20192f8bd19168f3--staccato--1,,staccato,derive,n20192f8bd19168f3
n0d80b15366c68905--staccato--1,,staccato,derive,n0d80b15366c68905
nf4d6f4e65181cdc9--staccato--1,,staccato,derive,nf4d6f4e65181cdc9
nc18cbf7a8803cc11--staccato--1,,staccato,derive,nc18cbf7a8803cc11
n4b33df1460d425b3--staccato--1,,staccato,derive,n4b33df1460d425b3
n2af3f01abc129f77--staccato--1,,staccato,derive,n2af3f01abc129f77
n056ba0b61758171d--staccato--1,,staccato,derive,n056ba0b61758171d
n9a2f28e5dacc0d2a--staccato--1,,staccato,derive,n9a2f28e5dacc0d2a
n79eaa8597ad85d59--staccato--1,,staccato,derive,n79eaa8597ad85d59
nd389cbe005675861--staccato--1,,staccato,derive,nd389cbe005675861
na98004971fac3940--accent--1,,accent,derive,na98004971fac3940
n5f9a6753ac1aeeac--slur--start--1,n3497--slur--start--1,slur,stamp,n5f9a6753ac1aeeac
n5f9a6753ac1aeeac--staccato--1,,staccato,derive,n5f9a6753ac1aeeac
n87379a415853f404--staccato--1,,staccato,derive,n87379a415853f404
n9d807d840593594c--staccato--1,,staccato,derive,n9d807d840593594c
nc208e9ccaa5bb33a--tenuto--1,,tenuto,derive,nc208e9ccaa5bb33a
n66dca63ecb0e1b81--slur--stop--1,n3501--slur--stop--1,slur,stamp,n66dca63ecb0e1b81
n66dca63ecb0e1b81--staccato--1,,staccato,derive,n66dca63ecb0e1b81
n4a699c345ebd358b--staccato--1,,staccato,derive,n4a699c345ebd358b
e83a0a52441f1ad12,md-1-141-3-1,wedge,md,3
e425171350941c16c,md-1-141-3-2,wedge,md,3
ec11d75dd4cddbfb6,md-1-141-4-1,pedal,md,4
ed86c4a24e07c1c43,md-1-141-4-2,pedal,md,4
n3cd8d4f96a855c79--staccato--1,,staccato,derive,n3cd8d4f96a855c79
n9505ed4d43ebbccd--staccato--1,,staccato,derive,n9505ed4d43ebbccd
n66c19e330b58bac0--staccato--1,,staccato,derive,n66c19e330b58bac0
n93d3fbb1a0406f4c--staccato--1,,staccato,derive,n93d3fbb1a0406f4c
n46aa8ed7b994f3f2--slur--start--1,n3546--slur--start--1,slur,stamp,n46aa8ed7b994f3f2
n46aa8ed7b994f3f2--staccato--1,,staccato,derive,n46aa8ed7b994f3f2
n16c6be0ffd9062a5--staccato--1,,staccato,derive,n16c6be0ffd9062a5
ne7b33fa6dd001b05--staccato--1,,staccato,derive,ne7b33fa6dd001b05
n8ea9431e82046680--tenuto--1,,tenuto,derive,n8ea9431e82046680
nc528c61b1b412a7e--slur--stop--1,n3550--slur--stop--1,slur,stamp,nc528c61b1b412a7e
nc528c61b1b412a7e--staccato--1,,staccato,derive,nc528c61b1b412a7e
n0dbf914513c90e93--staccato--1,,staccato,derive,n0dbf914513c90e93
ea7ca35d52a051ef7,md-1-143-3-1,wedge,md,3
e1725c78e658d8c05,md-1-143-3-2,wedge,md,3
e3c6a991d44bf0973,md-1-143-4-1,pedal,md,4
e590321277f778600,md-1-143-4-2,pedal,md,4
nf0051888dfe2fffe--staccato--1,,staccato,derive,nf0051888dfe2fffe
n9138a5a26d9c185d--staccato--1,,staccato,derive,n9138a5a26d9c185d
neb70ea12f8492b18--staccato--1,,staccato,derive,neb70ea12f8492b18
nfd3c8567d9d14102--staccato--1,,staccato,derive,nfd3c8567d9d14102
n16b0ac0a2fe71d03--slur--start--1,n3595--slur--start--1,slur,stamp,n16b0ac0a2fe71d03
n16b0ac0a2fe71d03--staccato--1,,staccato,derive,n16b0ac0a2fe71d03
n3544b6cb14074e21--staccato--1,,staccato,derive,n3544b6cb14074e21
nd9831efe6d6fc9ae--staccato--1,,staccato,derive,nd9831efe6d6fc9ae
nd809a865ae3072a0--tenuto--1,,tenuto,derive,nd809a865ae3072a0
na555bf868e061124--slur--stop--1,n3599--slur--stop--1,slur,stamp,na555bf868e061124
na555bf868e061124--staccato--1,,staccato,derive,na555bf868e061124
n56751212fbcff778--staccato--1,,staccato,derive,n56751212fbcff778
ef9d1f771146a4d50,md-1-145-4-1,pedal,md,4
eb1b388cab649414d,md-1-145-4-2,pedal,md,4
nc66149663c8202fb--staccato--1,,staccato,derive,nc66149663c8202fb
n43b37d4d17792377--staccato--1,,staccato,derive,n43b37d4d17792377
n1cdb694dc5aa28fe--staccato--1,,staccato,derive,n1cdb694dc5aa28fe
na3fcac0a9ff27c87--staccato--1,,staccato,derive,na3fcac0a9ff27c87
eda1ae046274afc0f,md-1-146-3-1,dynamics,md,3
n501378df55fa2a43--slur--start--1,n3644--slur--start--1,slur,stamp,n501378df55fa2a43
n501378df55fa2a43--accent--1,,accent,derive,n501378df55fa2a43
na864d762118797f4--slur--stop--1,n3648--slur--stop--1,slur,stamp,na864d762118797f4
na864d762118797f4--staccato--1,,staccato,derive,na864d762118797f4
e4411dfe9240adddf,md-1-147-4-1,pedal,md,4
e2fe891b44410fb22,md-1-147-4-2,pedal,md,4
nb80197990b5e77f0--staccato--1,,staccato,derive,nb80197990b5e77f0
nc3b5c68bd0b55795--staccato--1,,staccato,derive,nc3b5c68bd0b55795
na7f2afd7c73f0eff--staccato--1,,staccato,derive,na7f2afd7c73f0eff
nd7e76298b0511709--staccato--1,,staccato,derive,nd7e76298b0511709
n9da0bd2fa66191d9--staccato--1,,staccato,derive,n9da0bd2fa66191d9
n9009e6661e122bc5--slur--start--1,n3695--slur--start--1,slur,stamp,n9009e6661e122bc5
n9009e6661e122bc5--accent--1,,accent,derive,n9009e6661e122bc5
n2119cd8a0189bb25--slur--stop--1,n3698--slur--stop--1,slur,stamp,n2119cd8a0189bb25
n2119cd8a0189bb25--staccato--1,,staccato,derive,n2119cd8a0189bb25
ebd873b608eff24d6,md-1-149-4-1,pedal,md,4
e2d8a4740f5d32f0a,md-1-149-4-2,pedal,md,4
n0afd7166bbfdbf97--staccato--1,,staccato,derive,n0afd7166bbfdbf97
n7ee3e6f216a4a7a4--staccato--1,,staccato,derive,n7ee3e6f216a4a7a4
nbf1f8a153b6b794f--staccato--1,,staccato,derive,nbf1f8a153b6b794f
n23c1dea6e4070d84--staccato--1,,staccato,derive,n23c1dea6e4070d84
n260bb11ac594cec5--slur--start--1,n3744--slur--start--1,slur,stamp,n260bb11ac594cec5
n260bb11ac594cec5--accent--1,,accent,derive,n260bb11ac594cec5
n6d30875485e55406--slur--stop--1,n3748--slur--stop--1,slur,stamp,n6d30875485e55406
n6d30875485e55406--staccato--1,,staccato,derive,n6d30875485e55406
e4190075f9e297f05,md-1-151-4-1,pedal,md,4
e11f36339c6a34b4f,md-1-151-4-2,pedal,md,4
n01df6fb375a966cd--staccato--1,,staccato,derive,n01df6fb375a966cd
na3910a4e42bfb35f--staccato--1,,staccato,derive,na3910a4e42bfb35f
nc47d8c0702358f63--staccato--1,,staccato,derive,nc47d8c0702358f63
n8d313765302c077b--staccato--1,,staccato,derive,n8d313765302c077b
e52d9a58ea04c8f0d,md-1-152-4-1,pedal,md,4
e9514c98fc7bab634,md-1-152-4-2,pedal,md,4
n200f6b777dfea2a1--slur--start--1,n3794--slur--start--1,slur,stamp,n200f6b777dfea2a1
ndc3848bcadb7dac7--slur--stop--1,n3798--slur--stop--1,slur,stamp,ndc3848bcadb7dac7
ed8cd881de9c6fd76,md-1-153-3-1,words,md,3
n0520c27004a1d9a2--slur--start--1,n3818--slur--start--1,slur,stamp,n0520c27004a1d9a2
n0520c27004a1d9a2--accent--1,,accent,derive,n0520c27004a1d9a2
nf0c545de5139a65d--accent--1,,accent,derive,nf0c545de5139a65d
nfc0126e1cd62c1c8--accent--1,,accent,derive,nfc0126e1cd62c1c8
n357513db587d6784--accent--1,,accent,derive,n357513db587d6784
ne716411cc96a010f--slur--stop--1,n3827--slur--stop--1,slur,stamp,ne716411cc96a010f
eb0d93530b54f6961,md-1-154-3-1,pedal,md,3
e41e41607606aac7a,md-1-154-4-1,pedal,md,4
e8031e6e2622b45f4,md-1-154-4-2,pedal,md,4
n857b5f25ad5f16ef--slur--start--1,n3847--slur--start--1,slur,stamp,n857b5f25ad5f16ef
neac4301d65c6807e--slur--stop--1,n3851--slur--stop--1,slur,stamp,neac4301d65c6807e
e999fa78ce71ea97c,md-1-155-3-1,pedal,md,3
n87bb0ec4dbdd9dd4--slur--start--1,n3871--slur--start--1,slur,stamp,n87bb0ec4dbdd9dd4
n87bb0ec4dbdd9dd4--accent--1,,accent,derive,n87bb0ec4dbdd9dd4
ne572c7a934b997f6--accent--1,,accent,derive,ne572c7a934b997f6
n34b015c4b252cd70--accent--1,,accent,derive,n34b015c4b252cd70
n464148b80f336b5a--accent--1,,accent,derive,n464148b80f336b5a
n15aca70c46902e1f--slur--stop--1,n3880--slur--stop--1,slur,stamp,n15aca70c46902e1f
eb493ef8bf3b07458,md-1-156-3-1,wedge,md,3
e3ccb5c35f7ba67f9,md-1-156-3-2,octave-shift,md,3
e25cb6552fa4f81f0,md-1-156-3-3,pedal,md,3
e6109426426937c9a,md-1-156-3-4,wedge,md,3
e4cc37bd6bf12a1b3,md-1-156-4-1,pedal,md,4
e312451b068f0f271,md-1-156-4-2,wedge,md,4
e6158b853b536eb1a,md-1-156-4-3,pedal,md,4
e0ce86b171827f9d3,md-1-156-4-4,wedge,md,4
n2b1aab2c9b8a368e--slur--start--1,n3900--slur--start--1,slur,stamp,n2b1aab2c9b8a368e
ndc221c337abee985--slur--stop--1,n3904--slur--stop--1,slur,stamp,ndc221c337abee985
e052903104dbb872b,md-1-157-3-1,pedal,md,3
n20fb4974e29feb3a--slur--start--1,n3924--slur--start--1,slur,stamp,n20fb4974e29feb3a
n20fb4974e29feb3a--accent--1,,accent,derive,n20fb4974e29feb3a
n12bd886aadf54adb--accent--1,,accent,derive,n12bd886aadf54adb
nb9f91e577ef92202--accent--1,,accent,derive,nb9f91e577ef92202
n596b7c177770c5e0--accent--1,,accent,derive,n596b7c177770c5e0
n235210388a8c6607--slur--stop--1,n3933--slur--stop--1,slur,stamp,n235210388a8c6607
ec77d98a0a4881a55,md-1-158-3-1,wedge,md,3
e194b2c0ef21232b1,md-1-158-3-2,wedge,md,3
e4ca2e555d67974ef,md-1-158-4-1,pedal,md,4
eb576575d3be9b850,md-1-158-4-2,wedge,md,4
ef9f73411522466b5,md-1-158-4-3,wedge,md,4
ec657dbc63766f11e,md-1-158-4-4,pedal,md,4
n189168d1205ad5c1--slur--start--1,n3953--slur--start--1,slur,stamp,n189168d1205ad5c1
n189168d1205ad5c1--accent--1,,accent,derive,n189168d1205ad5c1
n16ed7e9673ef015c--accent--1,,accent,derive,n16ed7e9673ef015c
nc22e0f96549ef6af--accent--1,,accent,derive,nc22e0f96549ef6af
na34daeefcecf1fc8--accent--1,,accent,derive,na34daeefcecf1fc8
n3fb18fd8470adbec--slur--stop--1,n3962--slur--stop--1,slur,stamp,n3fb18fd8470adbec
ec15e3860134c42db,md-1-159-3-1,words,md,3
ec54e888bbe6f9cb4,md-1-159-3-2,dashes,md,3
e4a4b94766b8341c5,md-1-159-3-3,dashes,md,3
ef5c0ae20809b5cf2,md-1-159-3-4,wedge,md,3
ed804ee8e0340fceb,md-1-159-3-5,wedge,md,3
e79eeb50f4282a09b,md-1-159-4-1,pedal,md,4
e40e754c6a1859954,md-1-159-4-2,wedge,md,4
e1075ab0d658eeaef,md-1-159-4-3,wedge,md,4
e33f5406743c54185,md-1-159-4-4,pedal,md,4
n4028905f261871d2--slur--start--1,n3982--slur--start--1,slur,stamp,n4028905f261871d2
n4028905f261871d2--accent--1,,accent,derive,n4028905f261871d2
nb5e3a76e056ec7cf--accent--1,,accent,derive,nb5e3a76e056ec7cf
n3d62b1fa5109095a--accent--1,,accent,derive,n3d62b1fa5109095a
n5d45939c40f4e23a--accent--1,,accent,derive,n5d45939c40f4e23a
nfbdae510b54feffb--slur--stop--1,n3991--slur--stop--1,slur,stamp,nfbdae510b54feffb
ebc24c77fa700b261,md-1-160-4-1,pedal,md,4
ef813ea45b6d5a545,md-1-160-4-2,wedge,md,4
e2cd953cc51846cf6,md-1-160-4-3,pedal,md,4
e43372c7132cb9712,md-1-160-4-4,wedge,md,4
n1139048d18b0b569--slur--start--1,n4011--slur--start--1,slur,stamp,n1139048d18b0b569
n1139048d18b0b569--accent--1,,accent,derive,n1139048d18b0b569
na3bfb88ef0e8eaa2--accent--1,,accent,derive,na3bfb88ef0e8eaa2
ndb30f207f532232a--accent--1,,accent,derive,ndb30f207f532232a
n8d6b28d1c5b72865--accent--1,,accent,derive,n8d6b28d1c5b72865
ne040cabc6c261004--slur--stop--1,n4020--slur--stop--1,slur,stamp,ne040cabc6c261004
e607a03f70ef47d61,md-1-161-3-1,octave-shift,md,3
ed15184d22ef84086,md-1-161-4-1,pedal,md,4
e278bc42037ea855d,md-1-161-4-2,wedge,md,4
e18058bd0ac327f43,md-1-161-4-3,pedal,md,4
e7dc82d3f443c2bb0,md-1-161-4-4,wedge,md,4
na9c6252cac129932--staccato--1,,staccato,derive,na9c6252cac129932
n5f098c4c31965222--slur--start--1,n4044--slur--start--1,slur,stamp,n5f098c4c31965222
nf6d81714b863ad4f--staccato--1,,staccato,derive,nf6d81714b863ad4f
e856c8169cf12dc9a,md-1-163-3-1,words,md,3
e064811e2d86476b1,md-1-163-3-2,wedge,md,3
e5b78e19ce13685c9,md-1-163-3-3,wedge,md,3
ed63af73d86008f44,md-1-163-3-4,wedge,md,3
e83d9c528ab2d06c4,md-1-163-3-5,wedge,md,3
eee0194eaec3bd331,md-1-163-4-1,pedal,md,4
na205c67b781bf3bf--slur--stop--1,n4060--slur--stop--1,slur,stamp,na205c67b781bf3bf
na205c67b781bf3bf--staccato--1,,staccato,derive,na205c67b781bf3bf
ndd682b931bd5d565--slur--start--1,n4061--slur--start--1,slur,stamp,ndd682b931bd5d565
n0656ccdfcc886113--staccato--1,,staccato,derive,n0656ccdfcc886113
ee1bd532ef94e5ec2,md-1-164-3-1,wedge,md,3
e8c61ec52bb31d244,md-1-164-3-2,wedge,md,3
edf57e8cc0be867ae,md-1-164-3-3,wedge,md,3
ed903af91df5bdf33,md-1-164-3-4,wedge,md,3
ed27bd35556f24bdf,md-1-164-4-1,pedal,md,4
ncbe7a5106fd5cf1c--slur--stop--1,n4077--slur--stop--1,slur,stamp,ncbe7a5106fd5cf1c
n34fd00e4f9b3564e--slur--start--1,n4078--slur--start--1,slur,stamp,n34fd00e4f9b3564e
e8c159f3648a14622,md-1-165-3-1,words,md,3
ec61477f6c1a38623,md-1-165-3-2,wedge,md,3
e93f7f7db2fae95a9,md-1-165-3-3,wedge,md,3
ef92b15552612575b,md-1-165-3-4,wedge,md,3
eb23cd71529b2d863,md-1-165-3-5,wedge,md,3
e583e28ad98bcbde0,md-1-165-4-1,pedal,md,4
ee5a5ec2a3416a64d,md-1-166-3-1,wedge,md,3
ee35b32b0a70dab8c,md-1-166-3-2,wedge,md,3
ec4dd702198b40427,md-1-166-3-3,wedge,md,3
eeb0ee73902469f5b,md-1-166-3-4,wedge,md,3
nac8040d370000527--slur--stop--1,n4111--slur--stop--1,slur,stamp,nac8040d370000527
eef34c2d69fbb29fe,md-1-167-3-1,wedge,md,3
e98768fcedebe9474,md-1-167-3-2,wedge,md,3
ed3449edd8643c781,md-1-167-3-3,wedge,md,3
e4f1dbe094cdc8397,md-1-167-3-4,wedge,md,3
e9ed1de74d0b1d390,md-1-167-4-1,pedal,md,4
n93298055e6a20d23--staccato--1,,staccato,derive,n93298055e6a20d23
n635538821c661ef8--staccato--1,,staccato,derive,n635538821c661ef8
n4fef0b37a80696aa--staccato--1,,staccato,derive,n4fef0b37a80696aa
ne0f945e99c68206c--staccato--1,,staccato,derive,ne0f945e99c68206c
e1138f153895c96d1,md-1-168-3-1,dynamics,md,3
e8d0afaca7d79ac76,md-1-168-4-1,pedal,md,4
ebb8b8006854f1998,md-1-168-4-2,pedal,md,4
n448027a3b4bd4348--staccato--1,,staccato,derive,n448027a3b4bd4348
n0670e2913f83d494--staccato--1,,staccato,derive,n0670e2913f83d494
n79cee25b368b29bd--staccato--1,,staccato,derive,n79cee25b368b29bd
n3a13dd68be2a67e7--staccato--1,,staccato,derive,n3a13dd68be2a67e7
e0fa32e9459fb6ef7,md-1-169-4-1,pedal,md,4
e04738bd7544d10e2,md-1-169-4-2,pedal,md,4
nafef7b5fe08d2f48--staccato--1,,staccato,derive,nafef7b5fe08d2f48
n976a8ed0a56dccba--staccato--1,,staccato,derive,n976a8ed0a56dccba
nfcf910bb4fe19ab4--staccato--1,,staccato,derive,nfcf910bb4fe19ab4
n61449cffcfb26f28--staccato--1,,staccato,derive,n61449cffcfb26f28
ea858f52396f2a3ea,md-1-170-4-1,pedal,md,4
ec53f43c652b52fd1,md-1-170-4-2,pedal,md,4
n5e9f942760e72b7a--staccato--1,,staccato,derive,n5e9f942760e72b7a
n8efef86a8b419b07--staccato--1,,staccato,derive,n8efef86a8b419b07
n1d7a16cdf7c48625--staccato--1,,staccato,derive,n1d7a16cdf7c48625
n963ecd923f36600a--staccato--1,,staccato,derive,n963ecd923f36600a
e8764c0a6053c9fa3,md-1-171-4-1,pedal,md,4
ebe9d37592af6415e,md-1-171-4-2,pedal,md,4
n3ab989fdcc60b28f--staccato--1,,staccato,derive,n3ab989fdcc60b28f
ec14c152c2cef41cf,md-1-172-4-1,pedal,md,4
ee3735f6853d773de,md-1-172-4-2,pedal,md,4
ec08881011be03e74,md-1-173-4-1,pedal,md,4
eb60a363c7bd04b54,md-1-173-4-2,pedal,md,4
e58c3c3f3bf27eb6c,md-1-174-4-1,pedal,md,4
ef7318ebf51f3104d,md-1-174-4-2,pedal,md,4
e4030099de714cfe0,md-1-175-4-1,pedal,md,4
e8d9cc4156c42f1e3,md-1-175-4-2,pedal,md,4
e46cc321eacb81460,md-1-176-3-1,dynamics,md,3
eea1219b93dbe0253,md-1-176-3-2,octave-shift,md,3
e73874124574cf8f7,md-1-176-4-1,pedal,md,4
ebc536235036dd62b,md-1-176-4-2,pedal,md,4
n0a558764514cd86f--slur--start--1,n4388--slur--start--1,slur,stamp,n0a558764514cd86f
n189ab27958c2d3ba--accent--1,,accent,derive,n189ab27958c2d3ba
nd7e7c2141f56bd56--slur--stop--1,n4394--slur--stop--1,slur,stamp,nd7e7c2141f56bd56
eef8c3cfeced0b012,md-1-177-3-1,wedge,md,3
e5eef593cee779c1a,md-1-177-3-2,wedge,md,3
e6225f781c66ffd85,md-1-177-4-1,pedal,md,4
ea77abe483246b19e,md-1-177-4-2,pedal,md,4
ec90dcfe86273015b,md-1-178-4-1,pedal,md,4
e3d1d8241cba88106,md-1-178-4-2,pedal,md,4
na4d3cf7b4eb31c2c--slur--start--1,n4443--slur--start--1,slur,stamp,na4d3cf7b4eb31c2c
n3000574a8f1481c6--accent--1,,accent,derive,n3000574a8f1481c6
n8d49ef22079e286a--slur--stop--1,n4449--slur--stop--1,slur,stamp,n8d49ef22079e286a
e4483fb3b19551d0c,md-1-179-3-1,wedge,md,3
e21b81451b3767b93,md-1-179-3-2,wedge,md,3
e4159a2c7b6668614,md-1-179-4-1,pedal,md,4
ef4bcd38f39ebfc9e,md-1-179-4-2,pedal,md,4
edf1f95f8a192f89a,md-1-180-4-1,pedal,md,4
e99cc3840cd1bcb33,md-1-180-4-2,pedal,md,4
n376927781ffcb0ad--slur--start--1,n4498--slur--start--1,slur,stamp,n376927781ffcb0ad
n4837a44b24d13bd5--accent--1,,accent,derive,n4837a44b24d13bd5
n1979e1d4c4a5909e--slur--stop--1,n4504--slur--stop--1,slur,stamp,n1979e1d4c4a5909e
e0289f4476f127a92,md-1-181-3-1,wedge,md,3
e9fab229354b87944,md-1-181-3-2,wedge,md,3
eeb3179bb34540900,md-1-181-4-1,pedal,md,4
ef767250ad137d3b4,md-1-181-4-2,pedal,md,4
ec321764e27d509b2,md-1-182-4-1,pedal,md,4
e8423b733b2d3a35f,md-1-182-4-2,pedal,md,4
n2349b0eb00bebdaa--accent--1,,accent,derive,n2349b0eb00bebdaa
e105c485d92cfdf07,md-1-183-3-1,pedal,md,3
e1a1af9b0c460f1dd,md-1-183-3-2,octave-shift,md,3
e999299e44f4f9e3c,md-1-183-3-3,pedal,md,3
e6083ace006ec2e20,md-1-183-4-1,dynamics,md,4
n726b79cf5810f4b9--tuplet--start--1,n4558--tuplet--start--1,tuplet,stamp,n726b79cf5810f4b9
n726b79cf5810f4b9--slur--start--1,n4558--slur--start--1,slur,stamp,n726b79cf5810f4b9
n6cfc43bbe8470d83--tuplet--stop--1,n4561--tuplet--stop--1,tuplet,stamp,n6cfc43bbe8470d83
n983fcd71525723cd--tuplet--start--1,n4562--tuplet--start--1,tuplet,stamp,n983fcd71525723cd
nac0fc8b5f386e4eb--tuplet--stop--1,n4565--tuplet--stop--1,tuplet,stamp,nac0fc8b5f386e4eb
n6cde9511ac4c69c1--tuplet--start--1,n4566--tuplet--start--1,tuplet,stamp,n6cde9511ac4c69c1
n4bab1be9a61f0826--tuplet--stop--1,n4569--tuplet--stop--1,tuplet,stamp,n4bab1be9a61f0826
n9f62c629c9cd9c2b--staccato--1,,staccato,derive,n9f62c629c9cd9c2b
n5a2e0f98b43032a1--staccato--1,,staccato,derive,n5a2e0f98b43032a1
n009a2eb7678aec3c--staccato--1,,staccato,derive,n009a2eb7678aec3c
n095469a06c6a4838--staccato--1,,staccato,derive,n095469a06c6a4838
nbfd4ab0fedc7e736--staccato--1,,staccato,derive,nbfd4ab0fedc7e736
n455dd9614b1c25c4--staccato--1,,staccato,derive,n455dd9614b1c25c4
nbc5acd3958302980--staccato--1,,staccato,derive,nbc5acd3958302980
n805fd6327cb39863--staccato--1,,staccato,derive,n805fd6327cb39863
ef7e911947337e46a,md-1-184-3-1,dynamics,md,3
e143cd0bd1481f7c3,md-1-184-3-2,words,md,3
e092b3cc3b8e02f5a,md-1-184-4-1,dynamics,md,4
nd9d1fef2846c3fe2--slur--stop--1,n4588--slur--stop--1,slur,stamp,nd9d1fef2846c3fe2
n99df26487f7cd8ee--tuplet--start--1,n4589--tuplet--start--1,tuplet,stamp,n99df26487f7cd8ee
n99df26487f7cd8ee--slur--start--1,n4589--slur--start--1,slur,stamp,n99df26487f7cd8ee
n11cdf537ee6aae89--tuplet--stop--1,n4592--tuplet--stop--1,tuplet,stamp,n11cdf537ee6aae89
n6729d818a7c9d06c--tuplet--start--1,n4593--tuplet--start--1,tuplet,stamp,n6729d818a7c9d06c
n7df48c4bca432b96--tuplet--stop--1,n4596--tuplet--stop--1,tuplet,stamp,n7df48c4bca432b96
n26e94ca770405dc8--tuplet--start--1,n4597--tuplet--start--1,tuplet,stamp,n26e94ca770405dc8
n02bcf232ef99310b--tuplet--stop--1,n4600--tuplet--stop--1,tuplet,stamp,n02bcf232ef99310b
nbdb51cd7ab1730df--staccato--1,,staccato,derive,nbdb51cd7ab1730df
nb03531172746d7b7--staccato--1,,staccato,derive,nb03531172746d7b7
nd536515b94b8821d--staccato--1,,staccato,derive,nd536515b94b8821d
n8a06367b995ff879--staccato--1,,staccato,derive,n8a06367b995ff879
ne5059c9cf7385a90--staccato--1,,staccato,derive,ne5059c9cf7385a90
nc0f0bcfb2d0525a6--staccato--1,,staccato,derive,nc0f0bcfb2d0525a6
n3a56d23deb0a1486--staccato--1,,staccato,derive,n3a56d23deb0a1486
ne35613524a4326f7--staccato--1,,staccato,derive,ne35613524a4326f7
e9f68888fa736c619,md-1-185-4-1,pedal,md,4
nb1e745455182fe6b--slur--stop--1,n4619--slur--stop--1,slur,stamp,nb1e745455182fe6b
n39f5f879f0e59c93--tuplet--start--1,n4620--tuplet--start--1,tuplet,stamp,n39f5f879f0e59c93
n39f5f879f0e59c93--slur--start--1,n4620--slur--start--1,slur,stamp,n39f5f879f0e59c93
n0e9a4046b16375e4--tuplet--stop--1,n4623--tuplet--stop--1,tuplet,stamp,n0e9a4046b16375e4
n88e69d845a73f2f8--tuplet--start--1,n4624--tuplet--start--1,tuplet,stamp,n88e69d845a73f2f8
n88a1fca90cf0b45c--tuplet--stop--1,n4627--tuplet--stop--1,tuplet,stamp,n88a1fca90cf0b45c
n04638bc7f88de7c0--tuplet--start--1,n4628--tuplet--start--1,tuplet,stamp,n04638bc7f88de7c0
ne3ba1f2d63da09b9--tuplet--stop--1,n4631--tuplet--stop--1,tuplet,stamp,ne3ba1f2d63da09b9
e8d95bbfd2040f522,md-1-186-4-1,pedal,md,4
n1aa21a5948a7714c--slur--stop--1,n4650--slur--stop--1,slur,stamp,n1aa21a5948a7714c
nc9ef18002266b216--tuplet--start--1,n4651--tuplet--start--1,tuplet,stamp,nc9ef18002266b216
nc9ef18002266b216--slur--start--1,n4651--slur--start--1,slur,stamp,nc9ef18002266b216
nbc6b2d917594db37--tuplet--stop--1,n4654--tuplet--stop--1,tuplet,stamp,nbc6b2d917594db37
nc4f151a53b6fde8f--tuplet--start--1,n4655--tuplet--start--1,tuplet,stamp,nc4f151a53b6fde8f
n3b1a101c65312cf8--tuplet--stop--1,n4658--tuplet--stop--1,tuplet,stamp,n3b1a101c65312cf8
n7a5ee547e9b11ce3--tuplet--start--1,n4659--tuplet--start--1,tuplet,stamp,n7a5ee547e9b11ce3
nd444a75044d335c4--tuplet--stop--1,n4662--tuplet--stop--1,tuplet,stamp,nd444a75044d335c4
e4e60fe27a1061f88,md-1-187-4-1,pedal,md,4
n6611ebc231812cf6--slur--stop--1,n4681--slur--stop--1,slur,stamp,n6611ebc231812cf6
n37f95907d5d52fc2--tuplet--start--1,n4682--tuplet--start--1,tuplet,stamp,n37f95907d5d52fc2
n37f95907d5d52fc2--slur--start--1,n4682--slur--start--1,slur,stamp,n37f95907d5d52fc2
nb333ed3ad644b6d6--tuplet--stop--1,n4685--tuplet--stop--1,tuplet,stamp,nb333ed3ad644b6d6
n2b84cddc5dd154c0--tuplet--start--1,n4686--tuplet--start--1,tuplet,stamp,n2b84cddc5dd154c0
n28a40c9a953837bb--tuplet--stop--1,n4689--tuplet--stop--1,tuplet,stamp,n28a40c9a953837bb
n569920768208b57e--tuplet--start--1,n4690--tuplet--start--1,tuplet,stamp,n569920768208b57e
n34b504a7913dd87b--tuplet--stop--1,n4693--tuplet--stop--1,tuplet,stamp,n34b504a7913dd87b
e980d9857eac7aa90,md-1-188-4-1,pedal,md,4
nf2b9286a1fc4bdfb--slur--stop--1,n4712--slur--stop--1,slur,stamp,nf2b9286a1fc4bdfb
n06c9b6f5d046c388--tuplet--start--1,n4713--tuplet--start--1,tuplet,stamp,n06c9b6f5d046c388
n06c9b6f5d046c388--slur--start--1,n4713--slur--start--1,slur,stamp,n06c9b6f5d046c388
n4d12ede18fc1dce7--tuplet--stop--1,n4716--tuplet--stop--1,tuplet,stamp,n4d12ede18fc1dce7
n589b4316162c52fb--tuplet--start--1,n4717--tuplet--start--1,tuplet,stamp,n589b4316162c52fb
n7451c31dd922e8d9--tuplet--stop--1,n4720--tuplet--stop--1,tuplet,stamp,n7451c31dd922e8d9
n07ccd5154812b3a2--tuplet--start--1,n4721--tuplet--start--1,tuplet,stamp,n07ccd5154812b3a2
nc32f69eb94d37d3d--tuplet--stop--1,n4724--tuplet--stop--1,tuplet,stamp,nc32f69eb94d37d3d
e37ba488f2bc2e653,md-1-189-4-1,pedal,md,4
n096c5fa7edd32555--slur--stop--1,n4743--slur--stop--1,slur,stamp,n096c5fa7edd32555
nded68c9ce1a371d5--tuplet--start--1,n4744--tuplet--start--1,tuplet,stamp,nded68c9ce1a371d5
nded68c9ce1a371d5--slur--start--1,n4744--slur--start--1,slur,stamp,nded68c9ce1a371d5
n6c0bb26bb47b4f58--tuplet--stop--1,n4747--tuplet--stop--1,tuplet,stamp,n6c0bb26bb47b4f58
nf56af429a35530e8--tuplet--start--1,n4748--tuplet--start--1,tuplet,stamp,nf56af429a35530e8
nade4b6ca8f108929--tuplet--stop--1,n4751--tuplet--stop--1,tuplet,stamp,nade4b6ca8f108929
n40ef2c200baa7911--tuplet--start--1,n4752--tuplet--start--1,tuplet,stamp,n40ef2c200baa7911
nad10e25ad58c7575--tuplet--stop--1,n4755--tuplet--stop--1,tuplet,stamp,nad10e25ad58c7575
e18458ea6ec0e8be4,md-1-190-4-1,pedal,md,4
nf626d786ed62fc35--slur--stop--1,n4774--slur--stop--1,slur,stamp,nf626d786ed62fc35
n6acf83979deb2f1c--tuplet--start--1,n4775--tuplet--start--1,tuplet,stamp,n6acf83979deb2f1c
n6acf83979deb2f1c--slur--start--1,n4775--slur--start--1,slur,stamp,n6acf83979deb2f1c
nd93f448cd9f5af57--tuplet--stop--1,n4777--tuplet--stop--1,tuplet,stamp,nd93f448cd9f5af57
nf524cb50360111d9--tuplet--start--1,n4779--tuplet--start--1,tuplet,stamp,nf524cb50360111d9
n9e791f8a662d368e--tuplet--stop--1,n4781--tuplet--stop--1,tuplet,stamp,n9e791f8a662d368e
nb5592ce6acb79d15--tuplet--start--1,n4783--tuplet--start--1,tuplet,stamp,nb5592ce6acb79d15
n20a084a8e24bf44d--tuplet--stop--1,n4785--tuplet--stop--1,tuplet,stamp,n20a084a8e24bf44d
n9a4f52e93c58b896--tenuto--1,,tenuto,derive,n9a4f52e93c58b896
e6a979337595001d8,md-1-191-3-1,words,md,3
e0a51719e298a9171,md-1-191-3-2,dashes,md,3
e1885b45f5947792b,md-1-191-3-3,dashes,md,3
e2918734afedf8bc2,md-1-191-4-1,pedal,md,4
e6c98181ffa60b3e5,md-1-191-4-2,pedal,md,4
ne95dffff4265765e--tuplet--start--1,n4816--tuplet--start--1,tuplet,stamp,ne95dffff4265765e
ne95dffff4265765e--strong-accent--1,,strong-accent,derive,ne95dffff4265765e
ncee8ebb039e0f06c--tuplet--stop--1,n4819--tuplet--stop--1,tuplet,stamp,ncee8ebb039e0f06c
n5ff1471f4d2dc875--tuplet--start--1,n4820--tuplet--start--1,tuplet,stamp,n5ff1471f4d2dc875
n6c0f7b591c1b6be2--tuplet--stop--1,n4823--tuplet--stop--1,tuplet,stamp,n6c0f7b591c1b6be2
n5107d3b48b8f9bfd--tuplet--start--1,n4824--tuplet--start--1,tuplet,stamp,n5107d3b48b8f9bfd
n7039e9202b1cef04--tuplet--stop--1,n4827--tuplet--stop--1,tuplet,stamp,n7039e9202b1cef04
n56269f80b79ebdc1--tuplet--start--1,n4828--tuplet--start--1,tuplet,stamp,n56269f80b79ebdc1
n53fd3e05911a3311--tuplet--stop--1,n4831--tuplet--stop--1,tuplet,stamp,n53fd3e05911a3311
ebc1446e635c0eae9,md-1-192-3-1,dynamics,md,3
ee0df7f10f5163bb3,md-1-192-3-2,octave-shift,md,3
e8037318acf55cc41,md-1-192-3-3,octave-shift,md,3
ebd3328eac76aac61,md-1-192-4-1,pedal,md,4
e9b3260f710a5a4ce,md-1-192-4-2,pedal,md,4
e2bc1411637798308,md-1-192-4-3,pedal,md,4
e6a400197103b7315,md-1-192-4-4,pedal,md,4
naacb9543ce083357--slur--stop--1,n4843--slur--stop--1,slur,stamp,naacb9543ce083357
nc162831c1e8e87cb--tuplet--start--1,n4844--tuplet--start--1,tuplet,stamp,nc162831c1e8e87cb
nc162831c1e8e87cb--slur--start--1,n4844--slur--start--1,slur,stamp,nc162831c1e8e87cb
n1363f54c93c68386--tuplet--stop--1,n4846--tuplet--stop--1,tuplet,stamp,n1363f54c93c68386
n94aa18a8e6152a0c--tuplet--start--1,n4848--tuplet--start--1,tuplet,stamp,n94aa18a8e6152a0c
n5016bcec9b5219e9--tuplet--stop--1,n4850--tuplet--stop--1,tuplet,stamp,n5016bcec9b5219e9
n66785964c57633f3--tuplet--start--1,n4852--tuplet--start--1,tuplet,stamp,n66785964c57633f3
na8bb4f23ec69f2a4--tuplet--stop--1,n4854--tuplet--stop--1,tuplet,stamp,na8bb4f23ec69f2a4
nc1ea71dd47bd5bd0--tenuto--1,,tenuto,derive,nc1ea71dd47bd5bd0
e7ceb0589d2a2ecd1,md-1-193-3-1,wedge,md,3
e9bfaeb27d6bd61e4,md-1-193-3-2,wedge,md,3
e408cf0f55e603239,md-1-193-4-1,pedal,md,4
efce3e1c8e4961287,md-1-193-4-2,pedal,md,4
n9c13822a0d8673c8--tuplet--start--1,n4885--tuplet--start--1,tuplet,stamp,n9c13822a0d8673c8
n9c13822a0d8673c8--strong-accent--1,,strong-accent,derive,n9c13822a0d8673c8
n809f7d116eda151f--tuplet--stop--1,n4888--tuplet--stop--1,tuplet,stamp,n809f7d116eda151f
nbd9bb257d6d341bc--tuplet--start--1,n4889--tuplet--start--1,tuplet,stamp,nbd9bb257d6d341bc
na133204f51d42ac2--tuplet--stop--1,n4892--tuplet--stop--1,tuplet,stamp,na133204f51d42ac2
n9946a3b3f7d8e4cb--tuplet--start--1,n4893--tuplet--start--1,tuplet,stamp,n9946a3b3f7d8e4cb
ne8e3533bc771962f--tuplet--stop--1,n4896--tuplet--stop--1,tuplet,stamp,ne8e3533bc771962f
n9f233ad275eb80a0--tuplet--start--1,n4897--tuplet--start--1,tuplet,stamp,n9f233ad275eb80a0
na726689615a4f22e--tuplet--stop--1,n4900--tuplet--stop--1,tuplet,stamp,na726689615a4f22e
e88529028f76cab68,md-1-194-3-1,dynamics,md,3
ef53289b9f68a09a2,md-1-194-3-2,octave-shift,md,3
e416ba3f0e2575b28,md-1-194-3-3,octave-shift,md,3
e88e0e6e9e1d92c0c,md-1-194-4-1,pedal,md,4
ebde4aa2ddc3a5a43,md-1-194-4-2,pedal,md,4
e6aaf4a304598ec74,md-1-194-4-3,pedal,md,4
e8a7e1c4595fe0451,md-1-194-4-4,pedal,md,4
nfd6afc32d56f5897--slur--stop--1,n4912--slur--stop--1,slur,stamp,nfd6afc32d56f5897
n3453f42c9213b99b--tuplet--start--1,n4913--tuplet--start--1,tuplet,stamp,n3453f42c9213b99b
n3453f42c9213b99b--slur--start--1,n4913--slur--start--1,slur,stamp,n3453f42c9213b99b
ndba29091babd1373--tuplet--stop--1,n4915--tuplet--stop--1,tuplet,stamp,ndba29091babd1373
n59f21dd04d521f0c--tuplet--start--1,n4917--tuplet--start--1,tuplet,stamp,n59f21dd04d521f0c
nd97b211ae6e95505--tuplet--stop--1,n4919--tuplet--stop--1,tuplet,stamp,nd97b211ae6e95505
naade3e0e9ffb1450--tuplet--start--1,n4921--tuplet--start--1,tuplet,stamp,naade3e0e9ffb1450
nc177a45495ff598e--tuplet--stop--1,n4923--tuplet--stop--1,tuplet,stamp,nc177a45495ff598e
n1933990e48b334e2--tenuto--1,,tenuto,derive,n1933990e48b334e2
ef50c68ebe07f55ff,md-1-195-3-1,wedge,md,3
e83302f77b1cddd0e,md-1-195-3-2,wedge,md,3
e58fcfc4f8f6eb9b0,md-1-195-4-1,pedal,md,4
ebdb6134445044578,md-1-195-4-2,pedal,md,4
n4772ad9727c05915--staccato--1,,staccato,derive,n4772ad9727c05915
naaa37f0159e4932c--slur--stop--1,n4958--slur--stop--1,slur,stamp,naaa37f0159e4932c
n44bb799e847ed51d--slur--start--1,n4960--slur--start--1,slur,stamp,n44bb799e847ed51d
n44bb799e847ed51d--staccato--1,,staccato,derive,n44bb799e847ed51d
n1e31032cf8edba31--staccato--1,,staccato,derive,n1e31032cf8edba31
nad3a71e381c8b736--staccato--1,,staccato,derive,nad3a71e381c8b736
e8707e6b26da2a1e6,md-1-196-3-1,words,md,3
e22f4d5677a101d14,md-1-196-3-2,octave-shift,md,3
ee639616766a7bbe0,md-1-196-3-3,wedge,md,3
ec938f6e5438401b4,md-1-196-3-4,octave-shift,md,3
e80ba23b2b2f47cd7,md-1-196-4-1,words,md,4
e130ac40a3be813a0,md-1-196-4-2,words,md,4
n5686457a1f2104bf--staccato--1,,staccato,derive,n5686457a1f2104bf
n150179b1099e9677--slur--stop--1,n4976--slur--stop--1,slur,stamp,n150179b1099e9677
n97f90fbb38ee2029--slur--start--1,n4978--slur--start--1,slur,stamp,n97f90fbb38ee2029
n97f90fbb38ee2029--staccato--1,,staccato,derive,n97f90fbb38ee2029
ndd00291528701d58--staccato--1,,staccato,derive,ndd00291528701d58
n55a1e697474896a0--staccato--1,,staccato,derive,n55a1e697474896a0
e2fad5796fcc83ae0,md-1-197-4-1,words,md,4
ec1c5680fe4100f1c,md-1-197-4-2,words,md,4
n804f7cbe073c3285--staccato--1,,staccato,derive,n804f7cbe073c3285
n048a4fcb9e49f612--slur--stop--1,n4994--slur--stop--1,slur,stamp,n048a4fcb9e49f612
n2cafcaffe953af3a--slur--start--1,n4996--slur--start--1,slur,stamp,n2cafcaffe953af3a
n2cafcaffe953af3a--staccato--1,,staccato,derive,n2cafcaffe953af3a
n4cb921c489d2164b--staccato--1,,staccato,derive,n4cb921c489d2164b
nf7d0bd7299848857--staccato--1,,staccato,derive,nf7d0bd7299848857
ef9a11e658697c6f4,md-1-198-3-1,wedge,md,3
eed68e23056bd914a,md-1-198-4-1,words,md,4
e851afc905733d665,md-1-198-4-2,words,md,4
n0e3e7ab167d1da3f--slur--stop--1,n5008--slur--stop--1,slur,stamp,n0e3e7ab167d1da3f
nd61c5008bfdf68e3--accent--1,,accent,derive,nd61c5008bfdf68e3
n014dcde7ec0e6b1d--accent--1,,accent,derive,n014dcde7ec0e6b1d
e9b3dd3582920c11f,md-1-199-1-1,words,md,1
ece7343d0f463107c,md-1-199-3-1,dynamics,md,3
ead61ce74af111b04,md-1-199-4-1,dynamics,md,4
e7bce1620366a3abf,md-1-199-4-2,pedal,md,4
e5be71037949d183a,md-1-199-4-3,pedal,md,4
n32c550b68f8eaf1b--accent--1,,accent,derive,n32c550b68f8eaf1b
nc97a6897617a9265--accent--1,,accent,derive,nc97a6897617a9265
e36acfc4b64c923d8,md-1-200-4-1,pedal,md,4
ec59bd560a7e4fe64,md-1-200-4-2,pedal,md,4
n8f092fbc940e6db4--accent--1,,accent,derive,n8f092fbc940e6db4
n1e1d144b36787dce--accent--1,,accent,derive,n1e1d144b36787dce
e3a453ad6fead798d,md-1-201-4-1,pedal,md,4
e01a14d58d56181d5,md-1-201-4-2,pedal,md,4
nce8e5818a43b80cd--accent--1,,accent,derive,nce8e5818a43b80cd
n8559e54125e2ad3b--accent--1,,accent,derive,n8559e54125e2ad3b
ef070121f9d78ee20,md-1-202-4-1,pedal,md,4
ef7b3673b65a133f4,md-1-202-4-2,pedal,md,4
nba615b8ab2cd18dc--accent--1,,accent,derive,nba615b8ab2cd18dc
n5dfb544bbc8b9e1d--accent--1,,accent,derive,n5dfb544bbc8b9e1d
e8ab9670fddbf6100,md-1-203-4-1,pedal,md,4
edcc611748571e7df,md-1-203-4-2,pedal,md,4
n64a5d6d06a5bec7d--accent--1,,accent,derive,n64a5d6d06a5bec7d
ncad8b7bd4dae3b3c--accent--1,,accent,derive,ncad8b7bd4dae3b3c
ed526d22e95956cb6,md-1-204-4-1,pedal,md,4
eec13bfbe16c95eee,md-1-204-4-2,pedal,md,4
n4e82e499651a6543--accent--1,,accent,derive,n4e82e499651a6543
nf545a71a4a0e1412--accent--1,,accent,derive,nf545a71a4a0e1412
efd5732593b31fd09,md-1-205-4-1,pedal,md,4
ea3df90a3e06091c9,md-1-205-4-2,pedal,md,4
n67f3de554efc8162--accent--1,,accent,derive,n67f3de554efc8162
n5a5b9f6693f8d142--accent--1,,accent,derive,n5a5b9f6693f8d142
e64197a15a013cc28,md-1-206-4-1,pedal,md,4
edcf4029f6bce86f1,md-1-206-4-2,pedal,md,4
ef0281ec559e4abff,md-1-207-3-1,dynamics,md,3
n5719a383d66530fc--staccato--1,,staccato,derive,n5719a383d66530fc
ne7abb8daa0dd2c18--slur--start--1,n5272--slur--start--1,slur,stamp,ne7abb8daa0dd2c18
ne7abb8daa0dd2c18--accent--1,,accent,derive,ne7abb8daa0dd2c18
n79845ae787d79843--slur--stop--1,n5275--slur--stop--1,slur,stamp,n79845ae787d79843
n79845ae787d79843--staccato--1,,staccato,derive,n79845ae787d79843
n65023b0bb8f52ea1--staccato--1,,staccato,derive,n65023b0bb8f52ea1
nad8e00e392be7d56--slur--start--1,n5280--slur--start--1,slur,stamp,nad8e00e392be7d56
nad8e00e392be7d56--accent--1,,accent,derive,nad8e00e392be7d56
ne8804ec09a11ddb1--slur--stop--1,n5284--slur--stop--1,slur,stamp,ne8804ec09a11ddb1
ne8804ec09a11ddb1--staccato--1,,staccato,derive,ne8804ec09a11ddb1
e74b13f703c3d9d7e,md-1-208-4-1,pedal,md,4
e50d285d1144ee679,md-1-208-4-2,pedal,md,4
n113971efabe6b7dc--staccato--1,,staccato,derive,n113971efabe6b7dc
n7d490d62242366ff--slur--start--1,n5329--slur--start--1,slur,stamp,n7d490d62242366ff
n7d490d62242366ff--accent--1,,accent,derive,n7d490d62242366ff
nb03476e6b0abefcd--slur--stop--1,n5333--slur--stop--1,slur,stamp,nb03476e6b0abefcd
nb03476e6b0abefcd--staccato--1,,staccato,derive,nb03476e6b0abefcd
nc44202b1ea69e5e8--staccato--1,,staccato,derive,nc44202b1ea69e5e8
nd3898338917fe916--slur--start--1,n5339--slur--start--1,slur,stamp,nd3898338917fe916
nd3898338917fe916--accent--1,,accent,derive,nd3898338917fe916
n8aa3898dba025d63--slur--stop--1,n5343--slur--stop--1,slur,stamp,n8aa3898dba025d63
n8aa3898dba025d63--staccato--1,,staccato,derive,n8aa3898dba025d63
efe4b0de34508878b,md-1-210-4-1,pedal,md,4
e7c0bc54d8fc7f5d4,md-1-210-4-2,pedal,md,4
n305477e491a5684c--strong-accent--1,,strong-accent,derive,n305477e491a5684c
nf74e88457f625603--strong-accent--1,,strong-accent,derive,nf74e88457f625603
n55454588588b391e--staccato--1,,staccato,derive,n55454588588b391e
n38a1d68f909f1464--slur--start--1,n5385--slur--start--1,slur,stamp,n38a1d68f909f1464
n38a1d68f909f1464--accent--1,,accent,derive,n38a1d68f909f1464
nda266e8976f27e9b--slur--stop--1,n5388--slur--stop--1,slur,stamp,nda266e8976f27e9b
nda266e8976f27e9b--staccato--1,,staccato,derive,nda266e8976f27e9b
n74826612bd5611d3--staccato--1,,staccato,derive,n74826612bd5611d3
n7ad0a62dc5be1ae6--slur--start--1,n5393--slur--start--1,slur,stamp,n7ad0a62dc5be1ae6
n7ad0a62dc5be1ae6--accent--1,,accent,derive,n7ad0a62dc5be1ae6
ncf882ac1b0ad8e15--slur--stop--1,n5397--slur--stop--1,slur,stamp,ncf882ac1b0ad8e15
ncf882ac1b0ad8e15--staccato--1,,staccato,derive,ncf882ac1b0ad8e15
e166b40a118f73ba8,md-1-212-4-1,pedal,md,4
e8df2983541e24ad7,md-1-212-4-2,pedal,md,4
e0ec943d4c60655f1,md-1-213-3-1,wedge,md,3
e173e498b2da65647,md-1-213-4-1,pedal,md,4
e841f04f69b044175,md-1-214-3-1,octave-shift,md,3
ec39f91ac82eb3094,md-1-214-4-1,pedal,md,4
e531a01a60888c097,md-1-215-3-1,wedge,md,3
eda0588826037f3ff,md-1-215-3-2,dynamics,md,3
e395e927f63786190,md-1-215-4-1,pedal,md,4
e13e152da982c0179,md-1-215-4-2,pedal,md,4
e8d45773be06ba7a7,md-1-221-3-1,octave-shift,md,3
e3268689fff6b04b5,md-1-221-4-1,pedal,md,4
ea1e3de9008cecca9,md-1-221-4-2,pedal,md,4
e64df428d60fe5279,md-1-222-3-1,words,md,3
e61e1dd0ef28485ec,md-1-222-4-1,pedal,md,4
e8ea2b8b6213cf690,md-1-222-4-2,pedal,md,4
ef8f2a416f53e0878,md-1-222-4-3,pedal,md,4
e59a936e9b4b64933,md-1-222-4-4,pedal,md,4
eb2671cb479c95651,md-1-223-4-1,pedal,md,4
nf4b3699964a8a1c3--fermata--upright--1,n5736--fermata--upright--1,fermata,stamp,nf4b3699964a8a1c3
n60ad70b8324df662--fermata--upright--1,n5742--fermata--upright--1,fermata,stamp,n60ad70b8324df662
e8f35d3743735ed29,md-1-225-4-1,pedal,md,4
