element_id,tag,carrier,host_or_staff
mn-1-0-1-2-1--staccatissimo--1,staccatissimo,derive,mn-1-0-1-2-1
mn-1-0-1-2-1--staccato--1,staccato,derive,mn-1-0-1-2-1
md-1-0-1-1,dynamics,md,1
md-1-0-1-2,words,md,1
mn-1-1-1-2-1--slur--start--1,slur,stamp,mn-1-1-1-2-1
mn-1-1-1-2-2--slur--stop--1,slur,stamp,mn-1-1-1-2-2
mn-1-2-1-2-2--trill-mark--1,trill-mark,derive,mn-1-2-1-2-2
mn-1-2-2-1-1--tuplet--start--1,tuplet,stamp,mn-1-2-2-1-1
mn-1-2-2-2-4--tuplet--stop--1,tuplet,stamp,mn-1-2-2-2-4
mn-1-3-1-2-1--slur--start--1,slur,stamp,mn-1-3-1-2-1
mn-1-3-5-2-1--slur--start--1,slur,stamp,mn-1-3-5-2-1
md-1-3-1-1,dynamics,md,1
mn-1-4-1-2-5--slur--stop--1,slur,stamp,mn-1-4-1-2-5
mn-1-4-1-2-5--staccatissimo--1,staccatissimo,derive,mn-1-4-1-2-5
mn-1-4-1-2-5--staccato--1,staccato,derive,mn-1-4-1-2-5
mn-1-4-1-1-1--staccatissimo--1,staccatissimo,derive,mn-1-4-1-1-1
mn-1-4-1-1-1--staccato--1,staccato,derive,mn-1-4-1-1-1
mn-1-5-5-2-1--slur--stop--1,slur,stamp,mn-1-5-5-2-1
md-1-5-1-1,dynamics,md,1
mn-1-6-1-1-2--trill-mark--1,trill-mark,derive,mn-1-6-1-1-2
mn-1-6-2-1-1--tuplet--start--1,tuplet,stamp,mn-1-6-2-1-1
mn-1-6-2-1-4--slur--start--1,slur,stamp,mn-1-6-2-1-4
mn-1-6-2-1-5--tuplet--stop--1,tuplet,stamp,mn-1-6-2-1-5
mn-1-6-2-1-5--slur--stop--1,slur,stamp,mn-1-6-2-1-5
mn-1-7-1-1-1--slur--start--1,slur,stamp,mn-1-7-1-1-1
mn-1-7-5-2-1--slur--start--1,slur,stamp,mn-1-7-5-2-1
mn-1-8-1-1-5--slur--stop--1,slur,stamp,mn-1-8-1-1-5
mn-1-8-5-1-5--slur--stop--1,slur,stamp,mn-1-8-5-1-5
mn-1-8-6-2-1--slur--start--1,slur,stamp,mn-1-8-6-2-1
mn-1-8-6-2-2--slur--stop--1,slur,stamp,mn-1-8-6-2-2
md-1-8-1-1,dynamics,md,1
mn-1-9-1-1-1--staccatissimo--1,staccatissimo,derive,mn-1-9-1-1-1
mn-1-9-1-1-1--staccato--1,staccato,derive,mn-1-9-1-1-1
mn-1-9-1-1-2--staccatissimo--1,staccatissimo,derive,mn-1-9-1-1-2
mn-1-9-1-1-2--staccato--1,staccato,derive,mn-1-9-1-1-2
md-1-9-1-1,dynamics,md,1
md-1-9-1-2,dynamics,md,1
mn-1-10-1-1-1--staccatissimo--1,staccatissimo,derive,mn-1-10-1-1-1
mn-1-10-1-1-1--staccato--1,staccato,derive,mn-1-10-1-1-1
mn-1-10-1-1-3--staccatissimo--1,staccatissimo,derive,mn-1-10-1-1-3
mn-1-10-1-1-3--staccato--1,staccato,derive,mn-1-10-1-1-3
mn-1-10-1-1-5--tied--start--1,tied,stamp,mn-1-10-1-1-5
mn-1-10-1-1-6--tied--start--1,tied,stamp,mn-1-10-1-1-6
md-1-10-1-1,dynamics,md,1
mn-1-11-1-1-1--tied--stop--1,tied,stamp,mn-1-11-1-1-1
mn-1-11-1-1-1--slur--start--1,slur,stamp,mn-1-11-1-1-1
mn-1-11-1-1-2--tied--stop--1,tied,stamp,mn-1-11-1-1-2
mn-1-11-1-1-3--slur--stop--1,slur,stamp,mn-1-11-1-1-3
mn-1-11-1-1-5--staccatissimo--1,staccatissimo,derive,mn-1-11-1-1-5
mn-1-11-1-1-5--staccato--1,staccato,derive,mn-1-11-1-1-5
mn-1-11-1-1-7--staccatissimo--1,staccatissimo,derive,mn-1-11-1-1-7
mn-1-11-1-1-7--staccato--1,staccato,derive,mn-1-11-1-1-7
mn-1-12-1-1-1--staccatissimo--1,staccatissimo,derive,mn-1-12-1-1-1
mn-1-12-1-1-1--staccato--1,staccato,derive,mn-1-12-1-1-1
mn-1-12-1-1-3--staccatissimo--1,staccatissimo,derive,mn-1-12-1-1-3
mn-1-12-1-1-3--staccato--1,staccato,derive,mn-1-12-1-1-3
mn-1-12-1-1-5--staccatissimo--1,staccatissimo,derive,mn-1-12-1-1-5
mn-1-12-1-1-5--staccato--1,staccato,derive,mn-1-12-1-1-5
mn-1-12-1-1-7--staccatissimo--1,staccatissimo,derive,mn-1-12-1-1-7
mn-1-12-1-1-7--staccato--1,staccato,derive,mn-1-12-1-1-7
mn-1-13-1-1-1--staccatissimo--1,staccatissimo,derive,mn-1-13-1-1-1
mn-1-13-1-1-1--staccato--1,staccato,derive,mn-1-13-1-1-1
mn-1-13-1-1-2--staccatissimo--1,staccatissimo,derive,mn-1-13-1-1-2
mn-1-13-1-1-2--staccato--1,staccato,derive,mn-1-13-1-1-2
md-1-13-1-1,dynamics,md,1
mn-1-14-1-1-1--staccatissimo--1,staccatissimo,derive,mn-1-14-1-1-1
mn-1-14-1-1-1--staccato--1,staccato,derive,mn-1-14-1-1-1
mn-1-14-1-1-3--staccatissimo--1,staccatissimo,derive,mn-1-14-1-1-3
mn-1-14-1-1-3--staccato--1,staccato,derive,mn-1-14-1-1-3
mn-1-14-1-1-5--tied--start--1,tied,stamp,mn-1-14-1-1-5
mn-1-14-1-1-6--tied--start--1,tied,stamp,mn-1-14-1-1-6
md-1-14-1-1,dynamics,md,1
mn-1-15-1-1-1--tied--stop--1,tied,stamp,mn-1-15-1-1-1
mn-1-15-1-1-1--slur--start--1,slur,stamp,mn-1-15-1-1-1
mn-1-15-1-1-2--tied--stop--1,tied,stamp,mn-1-15-1-1-2
mn-1-15-1-1-3--slur--stop--1,slur,stamp,mn-1-15-1-1-3
mn-1-15-1-1-5--staccatissimo--1,staccatissimo,derive,mn-1-15-1-1-5
mn-1-15-1-1-5--staccato--1,staccato,derive,mn-1-15-1-1-5
mn-1-15-1-1-7--staccatissimo--1,staccatissimo,derive,mn-1-15-1-1-7
mn-1-15-1-1-7--staccato--1,staccato,derive,mn-1-15-1-1-7
mn-1-16-1-1-1--staccatissimo--1,staccatissimo,derive,mn-1-16-1-1-1
mn-1-16-1-1-1--staccato--1,staccato,derive,mn-1-16-1-1-1
mn-1-16-1-1-3--staccatissimo--1,staccatissimo,derive,mn-1-16-1-1-3
mn-1-16-1-1-3--staccato--1,staccato,derive,mn-1-16-1-1-3
mn-1-16-1-1-5--staccatissimo--1,staccatissimo,derive,mn-1-16-1-1-5
mn-1-16-1-1-5--staccato--1,staccato,derive,mn-1-16-1-1-5
mn-1-17-1-1-1--staccatissimo--1,staccatissimo,derive,mn-1-17-1-1-1
mn-1-17-1-1-1--staccato--1,staccato,derive,mn-1-17-1-1-1
mn-1-17-1-1-2--staccatissimo--1,staccatissimo,derive,mn-1-17-1-1-2
mn-1-17-1-1-2--staccato--1,staccato,derive,mn-1-17-1-1-2
md-1-17-1-1,dynamics,md,1
mn-1-18-1-1-1--staccatissimo--1,staccatissimo,derive,mn-1-18-1-1-1
mn-1-18-1-1-1--staccato--1,staccato,derive,mn-1-18-1-1-1
mn-1-18-1-1-3--staccatissimo--1,staccatissimo,derive,mn-1-18-1-1-3
mn-1-18-1-1-3--staccato--1,staccato,derive,mn-1-18-1-1-3
mn-1-18-1-1-5--tied--start--1,tied,stamp,mn-1-18-1-1-5
mn-1-18-1-1-6--tied--start--1,tied,stamp,mn-1-18-1-1-6
md-1-18-1-1,dynamics,md,1
mn-1-19-1-1-1--tied--stop--1,tied,stamp,mn-1-19-1-1-1
mn-1-19-1-1-1--slur--start--1,slur,stamp,mn-1-19-1-1-1
mn-1-19-1-1-2--tied--stop--1,tied,stamp,mn-1-19-1-1-2
mn-1-19-1-1-3--slur--stop--1,slur,stamp,mn-1-19-1-1-3
mn-1-19-1-1-5--staccatissimo--1,staccatissimo,derive,mn-1-19-1-1-5
mn-1-19-1-1-5--staccato--1,staccato,derive,mn-1-19-1-1-5
mn-1-19-1-1-7--staccatissimo--1,staccatissimo,derive,mn-1-19-1-1-7
mn-1-19-1-1-7--staccato--1,staccato,derive,mn-1-19-1-1-7
mn-1-20-1-1-1--staccatissimo--1,staccatissimo,derive,mn-1-20-1-1-1
mn-1-20-1-1-1--staccato--1,staccato,derive,mn-1-20-1-1-1
mn-1-20-1-1-3--staccatissimo--1,staccatissimo,derive,mn-1-20-1-1-3
mn-1-20-1-1-3--staccato--1,staccato,derive,mn-1-20-1-1-3
mn-1-20-1-1-5--staccatissimo--1,staccatissimo,derive,mn-1-20-1-1-5
mn-1-20-1-1-5--staccato--1,staccato,derive,mn-1-20-1-1-5
mn-1-20-1-1-7--staccatissimo--1,staccatissimo,derive,mn-1-20-1-1-7
mn-1-20-1-1-7--staccato--1,staccato,derive,mn-1-20-1-1-7
mn-1-21-1-1-1--staccatissimo--1,staccatissimo,derive,mn-1-21-1-1-1
mn-1-21-1-1-1--staccato--1,staccato,derive,mn-1-21-1-1-1
mn-1-21-1-1-2--staccatissimo--1,staccatissimo,derive,mn-1-21-1-1-2
mn-1-21-1-1-2--staccato--1,staccato,derive,mn-1-21-1-1-2
md-1-21-1-1,dynamics,md,1
mn-1-22-1-1-1--staccatissimo--1,staccatissimo,derive,mn-1-22-1-1-1
mn-1-22-1-1-1--staccato--1,staccato,derive,mn-1-22-1-1-1
mn-1-22-1-1-3--staccatissimo--1,staccatissimo,derive,mn-1-22-1-1-3
mn-1-22-1-1-3--staccato--1,staccato,derive,mn-1-22-1-1-3
mn-1-22-1-1-5--tied--start--1,tied,stamp,mn-1-22-1-1-5
mn-1-22-1-1-6--tied--start--1,tied,stamp,mn-1-22-1-1-6
md-1-22-1-1,dynamics,md,1
mn-1-23-1-1-1--tied--stop--1,tied,stamp,mn-1-23-1-1-1
mn-1-23-1-1-1--slur--start--1,slur,stamp,mn-1-23-1-1-1
mn-1-23-1-1-2--tied--stop--1,tied,stamp,mn-1-23-1-1-2
mn-1-23-1-1-3--slur--stop--1,slur,stamp,mn-1-23-1-1-3
mn-1-23-1-1-5--staccatissimo--1,staccatissimo,derive,mn-1-23-1-1-5
mn-1-23-1-1-5--staccato--1,staccato,derive,mn-1-23-1-1-5
mn-1-23-1-1-7--staccatissimo--1,staccatissimo,derive,mn-1-23-1-1-7
mn-1-23-1-1-7--staccato--1,staccato,derive,mn-1-23-1-1-7
mn-1-24-1-1-1--staccatissimo--1,staccatissimo,derive,mn-1-24-1-1-1
mn-1-24-1-1-1--staccato--1,staccato,derive,mn-1-24-1-1-1
mn-1-24-1-1-3--staccatissimo--1,staccatissimo,derive,mn-1-24-1-1-3
mn-1-24-1-1-3--staccato--1,staccato,derive,mn-1-24-1-1-3
mn-1-24-1-1-5--staccatissimo--1,staccatissimo,derive,mn-1-24-1-1-5
mn-1-24-1-1-5--staccato--1,staccato,derive,mn-1-24-1-1-5
md-1-25-1-1,dynamics,md,1
md-1-25-1-2,dynamics,md,1
mn-1-26-1-2-1--staccatissimo--1,staccatissimo,derive,mn-1-26-1-2-1
mn-1-26-1-2-1--staccato--1,staccato,derive,mn-1-26-1-2-1
mn-1-26-1-2-4--staccatissimo--1,staccatissimo,derive,mn-1-26-1-2-4
mn-1-26-1-2-4--staccato--1,staccato,derive,mn-1-26-1-2-4
mn-1-26-1-2-7--staccatissimo--1,staccatissimo,derive,mn-1-26-1-2-7
mn-1-26-1-2-7--staccato--1,staccato,derive,mn-1-26-1-2-7
mn-1-26-5-2-1--staccato--1,staccato,derive,mn-1-26-5-2-1
mn-1-26-5-2-3--staccato--1,staccato,derive,mn-1-26-5-2-3
mn-1-26-5-2-4--staccato--1,staccato,derive,mn-1-26-5-2-4
md-1-26-1-1,dynamics,md,1
mn-1-27-1-1-1--staccatissimo--1,staccatissimo,derive,mn-1-27-1-1-1
mn-1-27-1-1-1--staccato--1,staccato,derive,mn-1-27-1-1-1
mn-1-27-1-1-3--staccatissimo--1,staccatissimo,derive,mn-1-27-1-1-3
mn-1-27-1-1-3--staccato--1,staccato,derive,mn-1-27-1-1-3
mn-1-27-1-1-5--staccatissimo--1,staccatissimo,derive,mn-1-27-1-1-5
mn-1-27-1-1-5--staccato--1,staccato,derive,mn-1-27-1-1-5
mn-1-27-5-2-1--staccatissimo--1,staccatissimo,derive,mn-1-27-5-2-1
mn-1-27-5-2-1--staccato--1,staccato,derive,mn-1-27-5-2-1
mn-1-27-5-2-2--staccatissimo--1,staccatissimo,derive,mn-1-27-5-2-2
mn-1-27-5-2-2--staccato--1,staccato,derive,mn-1-27-5-2-2
mn-1-27-5-2-3--staccatissimo--1,staccatissimo,derive,mn-1-27-5-2-3
mn-1-27-5-2-3--staccato--1,staccato,derive,mn-1-27-5-2-3
md-1-27-1-1,dynamics,md,1
mn-1-28-1-1-1--staccatissimo--1,staccatissimo,derive,mn-1-28-1-1-1
mn-1-28-1-1-1--staccato--1,staccato,derive,mn-1-28-1-1-1
mn-1-28-1-1-3--staccatissimo--1,staccatissimo,derive,mn-1-28-1-1-3
mn-1-28-1-1-3--staccato--1,staccato,derive,mn-1-28-1-1-3
mn-1-28-1-1-5--staccatissimo--1,staccatissimo,derive,mn-1-28-1-1-5
mn-1-28-1-1-5--staccato--1,staccato,derive,mn-1-28-1-1-5
mn-1-28-5-2-1--staccatissimo--1,staccatissimo,derive,mn-1-28-5-2-1
mn-1-28-5-2-1--staccato--1,staccato,derive,mn-1-28-5-2-1
mn-1-28-5-2-2--staccatissimo--1,staccatissimo,derive,mn-1-28-5-2-2
mn-1-28-5-2-2--staccato--1,staccato,derive,mn-1-28-5-2-2
mn-1-28-5-2-3--staccatissimo--1,staccatissimo,derive,mn-1-28-5-2-3
mn-1-28-5-2-3--staccato--1,staccato,derive,mn-1-28-5-2-3
md-1-28-1-1,dynamics,md,1
mn-1-29-1-1-1--staccatissimo--1,staccatissimo,derive,mn-1-29-1-1-1
mn-1-29-1-1-1--staccato--1,staccato,derive,mn-1-29-1-1-1
mn-1-29-1-1-3--staccatissimo--1,staccatissimo,derive,mn-1-29-1-1-3
mn-1-29-1-1-3--staccato--1,staccato,derive,mn-1-29-1-1-3
mn-1-29-1-1-5--staccatissimo--1,staccatissimo,derive,mn-1-29-1-1-5
mn-1-29-1-1-5--staccato--1,staccato,derive,mn-1-29-1-1-5
mn-1-29-5-2-1--staccatissimo--1,staccatissimo,derive,mn-1-29-5-2-1
mn-1-29-5-2-1--staccato--1,staccato,derive,mn-1-29-5-2-1
mn-1-29-5-2-2--staccatissimo--1,staccatissimo,derive,mn-1-29-5-2-2
mn-1-29-5-2-2--staccato--1,staccato,derive,mn-1-29-5-2-2
mn-1-29-5-2-3--staccatissimo--1,staccatissimo,derive,mn-1-29-5-2-3
mn-1-29-5-2-3--staccato--1,staccato,derive,mn-1-29-5-2-3
md-1-29-1-1,dynamics,md,1
mn-1-30-1-1-1--staccatissimo--1,staccatissimo,derive,mn-1-30-1-1-1
mn-1-30-1-1-1--staccato--1,staccato,derive,mn-1-30-1-1-1
mn-1-30-1-1-3--staccatissimo--1,staccatissimo,derive,mn-1-30-1-1-3
mn-1-30-1-1-3--staccato--1,staccato,derive,mn-1-30-1-1-3
mn-1-30-1-1-5--staccatissimo--1,staccatissimo,derive,mn-1-30-1-1-5
mn-1-30-1-1-5--staccato--1,staccato,derive,mn-1-30-1-1-5
mn-1-30-5-2-1--staccatissimo--1,staccatissimo,derive,mn-1-30-5-2-1
mn-1-30-5-2-1--staccato--1,staccato,derive,mn-1-30-5-2-1
mn-1-30-5-2-2--staccatissimo--1,staccatissimo,derive,mn-1-30-5-2-2
mn-1-30-5-2-2--staccato--1,staccato,derive,mn-1-30-5-2-2
mn-1-30-5-2-3--staccatissimo--1,staccatissimo,derive,mn-1-30-5-2-3
mn-1-30-5-2-3--staccato--1,staccato,derive,mn-1-30-5-2-3
md-1-30-1-1,dynamics,md,1
mn-1-31-1-1-1--staccatissimo--1,staccatissimo,derive,mn-1-31-1-1-1
mn-1-31-1-1-1--staccato--1,staccato,derive,mn-1-31-1-1-1
mn-1-31-1-1-3--staccatissimo--1,staccatissimo,derive,mn-1-31-1-1-3
mn-1-31-1-1-3--staccato--1,staccato,derive,mn-1-31-1-1-3
mn-1-31-1-1-5--staccatissimo--1,staccatissimo,derive,mn-1-31-1-1-5
mn-1-31-1-1-5--staccato--1,staccato,derive,mn-1-31-1-1-5
mn-1-31-1-1-7--slur--start--1,slur,stamp,mn-1-31-1-1-7
mn-1-31-1-1-7--slur--start--2,slur,stamp,mn-1-31-1-1-7
mn-1-31-5-2-1--staccatissimo--1,staccatissimo,derive,mn-1-31-5-2-1
mn-1-31-5-2-1--staccato--1,staccato,derive,mn-1-31-5-2-1
mn-1-31-5-2-2--staccatissimo--1,staccatissimo,derive,mn-1-31-5-2-2
mn-1-31-5-2-2--staccato--1,staccato,derive,mn-1-31-5-2-2
mn-1-31-5-2-3--staccatissimo--1,staccatissimo,derive,mn-1-31-5-2-3
mn-1-31-5-2-3--staccato--1,staccato,derive,mn-1-31-5-2-3
mn-1-31-5-2-4--slur--start--1,slur,stamp,mn-1-31-5-2-4
mn-1-31-5-2-5--tied--start--1,tied,stamp,mn-1-31-5-2-5
md-1-31-1-1,dynamics,md,1
mn-1-32-1-1-1--slur--stop--1,slur,stamp,mn-1-32-1-1-1
mn-1-32-1-1-1--slur--stop--2,slur,stamp,mn-1-32-1-1-1
mn-1-32-1-1-3--slur--start--1,slur,stamp,mn-1-32-1-1-3
mn-1-32-1-1-3--slur--start--2,slur,stamp,mn-1-32-1-1-3
mn-1-32-1-1-5--slur--stop--1,slur,stamp,mn-1-32-1-1-5
mn-1-32-1-1-5--slur--stop--2,slur,stamp,mn-1-32-1-1-5
mn-1-32-1-1-7--slur--start--1,slur,stamp,mn-1-32-1-1-7
mn-1-32-1-1-7--slur--start--2,slur,stamp,mn-1-32-1-1-7
mn-1-32-5-2-1--slur--stop--1,slur,stamp,mn-1-32-5-2-1
mn-1-32-5-2-2--tied--stop--1,tied,stamp,mn-1-32-5-2-2
mn-1-32-5-2-3--slur--start--1,slur,stamp,mn-1-32-5-2-3
mn-1-32-5-2-4--tied--start--1,tied,stamp,mn-1-32-5-2-4
mn-1-32-5-2-5--slur--stop--1,slur,stamp,mn-1-32-5-2-5
mn-1-32-5-2-6--tied--stop--1,tied,stamp,mn-1-32-5-2-6
mn-1-32-5-2-7--slur--start--1,slur,stamp,mn-1-32-5-2-7
mn-1-32-5-2-8--tied--start--1,tied,stamp,mn-1-32-5-2-8
md-1-32-1-1,dynamics,md,1
md-1-32-1-2,dynamics,md,1
mn-1-33-1-1-1--slur--stop--1,slur,stamp,mn-1-33-1-1-1
mn-1-33-1-1-1--slur--stop--2,slur,stamp,mn-1-33-1-1-1
mn-1-33-1-1-3--slur--start--1,slur,stamp,mn-1-33-1-1-3
mn-1-33-1-1-3--slur--start--2,slur,stamp,mn-1-33-1-1-3
mn-1-33-1-1-5--slur--stop--1,slur,stamp,mn-1-33-1-1-5
mn-1-33-1-1-5--slur--stop--2,slur,stamp,mn-1-33-1-1-5
mn-1-33-1-1-7--slur--start--1,slur,stamp,mn-1-33-1-1-7
mn-1-33-1-1-7--slur--start--2,slur,stamp,mn-1-33-1-1-7
mn-1-33-5-2-1--slur--stop--1,slur,stamp,mn-1-33-5-2-1
mn-1-33-5-2-2--tied--stop--1,tied,stamp,mn-1-33-5-2-2
mn-1-33-5-2-3--slur--start--1,slur,stamp,mn-1-33-5-2-3
mn-1-33-5-2-4--tied--start--1,tied,stamp,mn-1-33-5-2-4
mn-1-33-5-2-5--slur--stop--1,slur,stamp,mn-1-33-5-2-5
mn-1-33-5-2-6--tied--stop--1,tied,stamp,mn-1-33-5-2-6
mn-1-33-5-2-7--slur--start--1,slur,stamp,mn-1-33-5-2-7
mn-1-33-5-2-8--tied--start--1,tied,stamp,mn-1-33-5-2-8
md-1-33-2-1,dynamics,md,2
md-1-33-2-2,dynamics,md,2
mn-1-34-1-1-1--slur--stop--1,slur,stamp,mn-1-34-1-1-1
mn-1-34-1-1-1--slur--stop--2,slur,stamp,mn-1-34-1-1-1
mn-1-34-1-1-3--slur--start--1,slur,stamp,mn-1-34-1-1-3
mn-1-34-1-1-3--slur--start--2,slur,stamp,mn-1-34-1-1-3
mn-1-34-1-1-5--slur--stop--1,slur,stamp,mn-1-34-1-1-5
mn-1-34-1-1-5--slur--stop--2,slur,stamp,mn-1-34-1-1-5
mn-1-34-1-1-7--slur--start--1,slur,stamp,mn-1-34-1-1-7
mn-1-34-1-1-7--slur--start--2,slur,stamp,mn-1-34-1-1-7
mn-1-34-5-2-1--slur--stop--1,slur,stamp,mn-1-34-5-2-1
mn-1-34-5-2-2--tied--stop--1,tied,stamp,mn-1-34-5-2-2
mn-1-34-5-2-3--slur--start--1,slur,stamp,mn-1-34-5-2-3
mn-1-34-5-2-4--tied--start--1,tied,stamp,mn-1-34-5-2-4
mn-1-34-5-2-5--slur--stop--1,slur,stamp,mn-1-34-5-2-5
mn-1-34-5-2-6--tied--stop--1,tied,stamp,mn-1-34-5-2-6
mn-1-34-5-2-7--slur--start--1,slur,stamp,mn-1-34-5-2-7
mn-1-34-5-2-8--tied--start--1,tied,stamp,mn-1-34-5-2-8
md-1-34-2-1,dynamics,md,2
md-1-34-2-2,dynamics,md,2
mn-1-35-1-1-1--slur--stop--1,slur,stamp,mn-1-35-1-1-1
mn-1-35-1-1-1--slur--stop--2,slur,stamp,mn-1-35-1-1-1
mn-1-35-1-1-3--slur--start--1,slur,stamp,mn-1-35-1-1-3
mn-1-35-1-1-3--slur--start--2,slur,stamp,mn-1-35-1-1-3
mn-1-35-1-1-5--slur--stop--1,slur,stamp,mn-1-35-1-1-5
mn-1-35-1-1-5--slur--stop--2,slur,stamp,mn-1-35-1-1-5
mn-1-35-5-2-1--slur--stop--1,slur,stamp,mn-1-35-5-2-1
mn-1-35-5-2-2--tied--stop--1,tied,stamp,mn-1-35-5-2-2
mn-1-35-5-2-3--slur--start--1,slur,stamp,mn-1-35-5-2-3
mn-1-35-5-2-4--tied--start--1,tied,stamp,mn-1-35-5-2-4
mn-1-35-5-2-5--slur--stop--1,slur,stamp,mn-1-35-5-2-5
mn-1-35-5-2-6--tied--stop--1,tied,stamp,mn-1-35-5-2-6
md-1-35-2-1,dynamics,md,2
md-1-35-2-2,dynamics,md,2
md-1-42-1-1,dynamics,md,1
md-1-44-1-1,dynamics,md,1
md-1-46-2-1,dynamics,md,2
mn-1-47-5-2-4--slur--start--1,slur,stamp,mn-1-47-5-2-4
mn-1-48-5-2-1--slur--stop--1,slur,stamp,mn-1-48-5-2-1
mn-1-48-5-2-1--staccatissimo--1,staccatissimo,derive,mn-1-48-5-2-1
mn-1-48-5-2-1--staccato--1,staccato,derive,mn-1-48-5-2-1
mn-1-48-5-2-2--staccatissimo--1,staccatissimo,derive,mn-1-48-5-2-2
mn-1-48-5-2-2--staccato--1,staccato,derive,mn-1-48-5-2-2
mn-1-48-5-2-4--slur--start--1,slur,stamp,mn-1-48-5-2-4
md-1-48-1-1,dynamics,md,1
mn-1-49-5-2-1--slur--stop--1,slur,stamp,mn-1-49-5-2-1
mn-1-49-5-2-1--staccatissimo--1,staccatissimo,derive,mn-1-49-5-2-1
mn-1-49-5-2-1--staccato--1,staccato,derive,mn-1-49-5-2-1
mn-1-49-5-2-2--staccatissimo--1,staccatissimo,derive,mn-1-49-5-2-2
mn-1-49-5-2-2--staccato--1,staccato,derive,mn-1-49-5-2-2
mn-1-49-5-2-4--slur--start--1,slur,stamp,mn-1-49-5-2-4
mn-1-50-5-2-1--slur--stop--1,slur,stamp,mn-1-50-5-2-1
mn-1-50-5-2-1--staccatissimo--1,staccatissimo,derive,mn-1-50-5-2-1
mn-1-50-5-2-1--staccato--1,staccato,derive,mn-1-50-5-2-1
mn-1-50-5-2-2--staccatissimo--1,staccatissimo,derive,mn-1-50-5-2-2
mn-1-50-5-2-2--staccato--1,staccato,derive,mn-1-50-5-2-2
mn-1-50-5-2-3--staccatissimo--1,staccatissimo,derive,mn-1-50-5-2-3
mn-1-50-5-2-3--staccato--1,staccato,derive,mn-1-50-5-2-3
mn-1-50-5-2-4--staccatissimo--1,staccatissimo,derive,mn-1-50-5-2-4
mn-1-50-5-2-4--staccato--1,staccato,derive,mn-1-50-5-2-4
md-1-50-1-1,dynamics,md,1
mn-1-51-5-2-1--staccatissimo--1,staccatissimo,derive,mn-1-51-5-2-1
mn-1-51-5-2-1--staccato--1,staccato,derive,mn-1-51-5-2-1
mn-1-51-5-2-2--staccatissimo--1,staccatissimo,derive,mn-1-51-5-2-2
mn-1-51-5-2-2--staccato--1,staccato,derive,mn-1-51-5-2-2
mn-1-51-5-2-3--staccatissimo--1,staccatissimo,derive,mn-1-51-5-2-3
mn-1-51-5-2-3--staccato--1,staccato,derive,mn-1-51-5-2-3
mn-1-51-5-2-4--staccatissimo--1,staccatissimo,derive,mn-1-51-5-2-4
mn-1-51-5-2-4--staccato--1,staccato,derive,mn-1-51-5-2-4
mn-1-52-5-2-1--staccatissimo--1,staccatissimo,derive,mn-1-52-5-2-1
mn-1-52-5-2-1--staccato--1,staccato,derive,mn-1-52-5-2-1
mn-1-52-5-2-2--staccatissimo--1,staccatissimo,derive,mn-1-52-5-2-2
mn-1-52-5-2-2--staccato--1,staccato,derive,mn-1-52-5-2-2
mn-1-52-5-2-3--staccatissimo--1,staccatissimo,derive,mn-1-52-5-2-3
mn-1-52-5-2-3--staccato--1,staccato,derive,mn-1-52-5-2-3
mn-1-52-5-2-4--staccatissimo--1,staccatissimo,derive,mn-1-52-5-2-4
mn-1-52-5-2-4--staccato--1,staccato,derive,mn-1-52-5-2-4
mn-1-53-5-2-1--staccatissimo--1,staccatissimo,derive,mn-1-53-5-2-1
mn-1-53-5-2-1--staccato--1,staccato,derive,mn-1-53-5-2-1
mn-1-53-5-2-2--staccatissimo--1,staccatissimo,derive,mn-1-53-5-2-2
mn-1-53-5-2-2--staccato--1,staccato,derive,mn-1-53-5-2-2
mn-1-53-5-2-3--staccatissimo--1,staccatissimo,derive,mn-1-53-5-2-3
mn-1-53-5-2-3--staccato--1,staccato,derive,mn-1-53-5-2-3
mn-1-53-5-2-4--staccatissimo--1,staccatissimo,derive,mn-1-53-5-2-4
mn-1-53-5-2-4--staccato--1,staccato,derive,mn-1-53-5-2-4
mn-1-54-5-2-1--staccatissimo--1,staccatissimo,derive,mn-1-54-5-2-1
mn-1-54-5-2-1--staccato--1,staccato,derive,mn-1-54-5-2-1
mn-1-54-5-2-2--staccatissimo--1,staccatissimo,derive,mn-1-54-5-2-2
mn-1-54-5-2-2--staccato--1,staccato,derive,mn-1-54-5-2-2
mn-1-54-5-2-3--staccatissimo--1,staccatissimo,derive,mn-1-54-5-2-3
mn-1-54-5-2-3--staccato--1,staccato,derive,mn-1-54-5-2-3
mn-1-54-5-2-4--staccatissimo--1,staccatissimo,derive,mn-1-54-5-2-4
mn-1-54-5-2-4--staccato--1,staccato,derive,mn-1-54-5-2-4
md-1-54-1-1,dynamics,md,1
mn-1-55-5-2-1--staccatissimo--1,staccatissimo,derive,mn-1-55-5-2-1
mn-1-55-5-2-1--staccato--1,staccato,derive,mn-1-55-5-2-1
mn-1-55-5-2-2--staccatissimo--1,staccatissimo,derive,mn-1-55-5-2-2
mn-1-55-5-2-2--staccato--1,staccato,derive,mn-1-55-5-2-2
mn-1-55-5-2-3--staccatissimo--1,staccatissimo,derive,mn-1-55-5-2-3
mn-1-55-5-2-3--staccato--1,staccato,derive,mn-1-55-5-2-3
mn-1-55-5-2-4--staccatissimo--1,staccatissimo,derive,mn-1-55-5-2-4
mn-1-55-5-2-4--staccato--1,staccato,derive,mn-1-55-5-2-4
mn-1-56-1-2-3--slur--start--1,slur,stamp,mn-1-56-1-2-3
mn-1-57-1-1-4--slur--stop--1,slur,stamp,mn-1-57-1-1-4
md-1-57-1-1,dynamics,md,1
mn-1-58-1-1-2--slur--start--1,slur,stamp,mn-1-58-1-1-2
mn-1-59-1-1-4--slur--stop--1,slur,stamp,mn-1-59-1-1-4
md-1-59-1-1,dynamics,md,1
mn-1-60-1-1-2--staccatissimo--1,staccatissimo,derive,mn-1-60-1-1-2
mn-1-60-1-1-2--staccato--1,staccato,derive,mn-1-60-1-1-2
mn-1-60-1-1-4--staccatissimo--1,staccatissimo,derive,mn-1-60-1-1-4
mn-1-60-1-1-4--staccato--1,staccato,derive,mn-1-60-1-1-4
mn-1-60-1-1-6--staccatissimo--1,staccatissimo,derive,mn-1-60-1-1-6
mn-1-60-1-1-6--staccato--1,staccato,derive,mn-1-60-1-1-6
mn-1-61-1-1-1--slur--start--1,slur,stamp,mn-1-61-1-1-1
mn-1-61-1-1-3--slur--stop--1,slur,stamp,mn-1-61-1-1-3
mn-1-61-1-1-5--staccatissimo--1,staccatissimo,derive,mn-1-61-1-1-5
mn-1-61-1-1-5--staccato--1,staccato,derive,mn-1-61-1-1-5
mn-1-61-1-1-7--staccatissimo--1,staccatissimo,derive,mn-1-61-1-1-7
mn-1-61-1-1-7--staccato--1,staccato,derive,mn-1-61-1-1-7
md-1-61-1-1,dynamics,md,1
mn-1-62-1-1-1--staccatissimo--1,staccatissimo,derive,mn-1-62-1-1-1
mn-1-62-1-1-1--staccato--1,staccato,derive,mn-1-62-1-1-1
mn-1-62-1-1-3--staccatissimo--1,staccatissimo,derive,mn-1-62-1-1-3
mn-1-62-1-1-3--staccato--1,staccato,derive,mn-1-62-1-1-3
mn-1-62-1-1-5--staccatissimo--1,staccatissimo,derive,mn-1-62-1-1-5
mn-1-62-1-1-5--staccato--1,staccato,derive,mn-1-62-1-1-5
mn-1-62-1-1-7--staccatissimo--1,staccatissimo,derive,mn-1-62-1-1-7
mn-1-62-1-1-7--staccato--1,staccato,derive,mn-1-62-1-1-7
mn-1-63-1-1-1--staccatissimo--1,staccatissimo,derive,mn-1-63-1-1-1
mn-1-63-1-1-1--staccato--1,staccato,derive,mn-1-63-1-1-1
mn-1-63-1-1-3--staccatissimo--1,staccatissimo,derive,mn-1-63-1-1-3
mn-1-63-1-1-3--staccato--1,staccato,derive,mn-1-63-1-1-3
mn-1-63-1-1-5--staccatissimo--1,staccatissimo,derive,mn-1-63-1-1-5
mn-1-63-1-1-5--staccato--1,staccato,derive,mn-1-63-1-1-5
mn-1-64-1-1-2--staccatissimo--1,staccatissimo,derive,mn-1-64-1-1-2
mn-1-64-1-1-2--staccato--1,staccato,derive,mn-1-64-1-1-2
mn-1-64-1-1-4--staccatissimo--1,staccatissimo,derive,mn-1-64-1-1-4
mn-1-64-1-1-4--staccato--1,staccato,derive,mn-1-64-1-1-4
mn-1-64-1-1-6--staccatissimo--1,staccatissimo,derive,mn-1-64-1-1-6
mn-1-64-1-1-6--staccato--1,staccato,derive,mn-1-64-1-1-6
mn-1-65-1-1-1--slur--start--1,slur,stamp,mn-1-65-1-1-1
mn-1-65-1-1-3--slur--stop--1,slur,stamp,mn-1-65-1-1-3
mn-1-65-1-1-5--staccatissimo--1,staccatissimo,derive,mn-1-65-1-1-5
mn-1-65-1-1-5--staccato--1,staccato,derive,mn-1-65-1-1-5
mn-1-65-1-1-7--staccatissimo--1,staccatissimo,derive,mn-1-65-1-1-7
mn-1-65-1-1-7--staccato--1,staccato,derive,mn-1-65-1-1-7
md-1-65-1-1,dynamics,md,1
mn-1-66-1-1-1--staccatissimo--1,staccatissimo,derive,mn-1-66-1-1-1
mn-1-66-1-1-1--staccato--1,staccato,derive,mn-1-66-1-1-1
mn-1-66-1-1-3--staccatissimo--1,staccatissimo,derive,mn-1-66-1-1-3
mn-1-66-1-1-3--staccato--1,staccato,derive,mn-1-66-1-1-3
mn-1-66-1-1-5--staccatissimo--1,staccatissimo,derive,mn-1-66-1-1-5
mn-1-66-1-1-5--staccato--1,staccato,derive,mn-1-66-1-1-5
mn-1-66-1-1-7--staccatissimo--1,staccatissimo,derive,mn-1-66-1-1-7
mn-1-66-1-1-7--staccato--1,staccato,derive,mn-1-66-1-1-7
mn-1-67-1-1-1--staccatissimo--1,staccatissimo,derive,mn-1-67-1-1-1
mn-1-67-1-1-1--staccato--1,staccato,derive,mn-1-67-1-1-1
mn-1-67-1-1-3--staccatissimo--1,staccatissimo,derive,mn-1-67-1-1-3
mn-1-67-1-1-3--staccato--1,staccato,derive,mn-1-67-1-1-3
mn-1-67-1-1-5--staccatissimo--1,staccatissimo,derive,mn-1-67-1-1-5
mn-1-67-1-1-5--staccato--1,staccato,derive,mn-1-67-1-1-5
mn-1-67-1-1-7--staccatissimo--1,staccatissimo,derive,mn-1-67-1-1-7
mn-1-67-1-1-7--staccato--1,staccato,derive,mn-1-67-1-1-7
mn-1-68-1-1-1--staccatissimo--1,staccatissimo,derive,mn-1-68-1-1-1
mn-1-68-1-1-1--staccato--1,staccato,derive,mn-1-68-1-1-1
mn-1-68-1-1-3--staccatissimo--1,staccatissimo,derive,mn-1-68-1-1-3
mn-1-68-1-1-3--staccato--1,staccato,derive,mn-1-68-1-1-3
mn-1-68-1-1-5--staccatissimo--1,staccatissimo,derive,mn-1-68-1-1-5
mn-1-68-1-1-5--staccato--1,staccato,derive,mn-1-68-1-1-5
mn-1-68-1-1-7--staccatissimo--1,staccatissimo,derive,mn-1-68-1-1-7
mn-1-68-1-1-7--staccato--1,staccato,derive,mn-1-68-1-1-7
mn-1-69-1-1-1--staccatissimo--1,staccatissimo,derive,mn-1-69-1-1-1
mn-1-69-1-1-1--staccato--1,staccato,derive,mn-1-69-1-1-1
mn-1-69-1-1-3--staccatissimo--1,staccatissimo,derive,mn-1-69-1-1-3
mn-1-69-1-1-3--staccato--1,staccato,derive,mn-1-69-1-1-3
mn-1-69-1-1-5--staccatissimo--1,staccatissimo,derive,mn-1-69-1-1-5
mn-1-69-1-1-5--staccato--1,staccato,derive,mn-1-69-1-1-5
mn-1-69-1-1-7--staccatissimo--1,staccatissimo,derive,mn-1-69-1-1-7
mn-1-69-1-1-7--staccato--1,staccato,derive,mn-1-69-1-1-7
mn-1-70-1-1-1--staccatissimo--1,staccatissimo,derive,mn-1-70-1-1-1
mn-1-70-1-1-1--staccato--1,staccato,derive,mn-1-70-1-1-1
mn-1-70-1-1-3--staccatissimo--1,staccatissimo,derive,mn-1-70-1-1-3
mn-1-70-1-1-3--staccato--1,staccato,derive,mn-1-70-1-1-3
mn-1-70-1-1-5--staccatissimo--1,staccatissimo,derive,mn-1-70-1-1-5
mn-1-70-1-1-5--staccato--1,staccato,derive,mn-1-70-1-1-5
mn-1-70-1-1-7--staccatissimo--1,staccatissimo,derive,mn-1-70-1-1-7
mn-1-70-1-1-7--staccato--1,staccato,derive,mn-1-70-1-1-7
mn-1-71-1-1-1--staccatissimo--1,staccatissimo,derive,mn-1-71-1-1-1
mn-1-71-1-1-1--staccato--1,staccato,derive,mn-1-71-1-1-1
mn-1-71-1-1-3--staccatissimo--1,staccatissimo,derive,mn-1-71-1-1-3
mn-1-71-1-1-3--staccato--1,staccato,derive,mn-1-71-1-1-3
mn-1-71-1-1-5--staccatissimo--1,staccatissimo,derive,mn-1-71-1-1-5
mn-1-71-1-1-5--staccato--1,staccato,derive,mn-1-71-1-1-5
mn-1-71-1-1-7--staccatissimo--1,staccatissimo,derive,mn-1-71-1-1-7
mn-1-71-1-1-7--staccato--1,staccato,derive,mn-1-71-1-1-7
mn-1-72-1-1-1--staccatissimo--1,staccatissimo,derive,mn-1-72-1-1-1
mn-1-72-1-1-1--staccato--1,staccato,derive,mn-1-72-1-1-1
mn-1-72-1-1-3--staccatissimo--1,staccatissimo,derive,mn-1-72-1-1-3
mn-1-72-1-1-3--staccato--1,staccato,derive,mn-1-72-1-1-3
mn-1-72-1-1-5--staccatissimo--1,staccatissimo,derive,mn-1-72-1-1-5
mn-1-72-1-1-5--staccato--1,staccato,derive,mn-1-72-1-1-5
mn-1-72-1-1-7--staccatissimo--1,staccatissimo,derive,mn-1-72-1-1-7
mn-1-72-1-1-7--staccato--1,staccato,derive,mn-1-72-1-1-7
mn-1-73-1-1-1--staccatissimo--1,staccatissimo,derive,mn-1-73-1-1-1
mn-1-73-1-1-1--staccato--1,staccato,derive,mn-1-73-1-1-1
mn-1-73-1-1-3--staccatissimo--1,staccatissimo,derive,mn-1-73-1-1-3
mn-1-73-1-1-3--staccato--1,staccato,derive,mn-1-73-1-1-3
mn-1-73-1-1-5--staccatissimo--1,staccatissimo,derive,mn-1-73-1-1-5
mn-1-73-1-1-5--staccato--1,staccato,derive,mn-1-73-1-1-5
mn-1-73-1-1-7--staccatissimo--1,staccatissimo,derive,mn-1-73-1-1-7
mn-1-73-1-1-7--staccato--1,staccato,derive,mn-1-73-1-1-7
mn-1-74-1-1-1--staccatissimo--1,staccatissimo,derive,mn-1-74-1-1-1
mn-1-74-1-1-1--staccato--1,staccato,derive,mn-1-74-1-1-1
mn-1-74-1-1-3--staccatissimo--1,staccatissimo,derive,mn-1-74-1-1-3
mn-1-74-1-1-3--staccato--1,staccato,derive,mn-1-74-1-1-3
mn-1-74-1-1-5--staccatissimo--1,staccatissimo,derive,mn-1-74-1-1-5
mn-1-74-1-1-5--staccato--1,staccato,derive,mn-1-74-1-1-5
mn-1-74-1-1-7--staccatissimo--1,staccatissimo,derive,mn-1-74-1-1-7
mn-1-74-1-1-7--staccato--1,staccato,derive,mn-1-74-1-1-7
mn-1-75-1-1-1--staccatissimo--1,staccatissimo,derive,mn-1-75-1-1-1
mn-1-75-1-1-1--staccato--1,staccato,derive,mn-1-75-1-1-1
mn-1-75-1-1-3--staccatissimo--1,staccatissimo,derive,mn-1-75-1-1-3
mn-1-75-1-1-3--staccato--1,staccato,derive,mn-1-75-1-1-3
mn-1-75-1-1-5--staccatissimo--1,staccatissimo,derive,mn-1-75-1-1-5
mn-1-75-1-1-5--staccato--1,staccato,derive,mn-1-75-1-1-5
mn-1-75-1-1-7--staccatissimo--1,staccatissimo,derive,mn-1-75-1-1-7
mn-1-75-1-1-7--staccato--1,staccato,derive,mn-1-75-1-1-7
mn-1-76-1-1-1--staccatissimo--1,staccatissimo,derive,mn-1-76-1-1-1
mn-1-76-1-1-1--staccato--1,staccato,derive,mn-1-76-1-1-1
mn-1-76-1-1-3--staccatissimo--1,staccatissimo,derive,mn-1-76-1-1-3
mn-1-76-1-1-3--staccato--1,staccato,derive,mn-1-76-1-1-3
mn-1-76-1-1-5--staccatissimo--1,staccatissimo,derive,mn-1-76-1-1-5
mn-1-76-1-1-5--staccato--1,staccato,derive,mn-1-76-1-1-5
mn-1-76-1-1-7--staccatissimo--1,staccatissimo,derive,mn-1-76-1-1-7
mn-1-76-1-1-7--staccato--1,staccato,derive,mn-1-76-1-1-7
md-1-76-1-1,dynamics,md,1
mn-1-77-1-1-1--staccatissimo--1,staccatissimo,derive,mn-1-77-1-1-1
mn-1-77-1-1-1--staccato--1,staccato,derive,mn-1-77-1-1-1
mn-1-77-1-1-3--staccatissimo--1,staccatissimo,derive,mn-1-77-1-1-3
mn-1-77-1-1-3--staccato--1,staccato,derive,mn-1-77-1-1-3
mn-1-77-1-1-5--staccatissimo--1,staccatissimo,derive,mn-1-77-1-1-5
mn-1-77-1-1-5--staccato--1,staccato,derive,mn-1-77-1-1-5
mn-1-77-1-1-7--staccatissimo--1,staccatissimo,derive,mn-1-77-1-1-7
mn-1-77-1-1-7--staccato--1,staccato,derive,mn-1-77-1-1-7
md-1-77-1-1,dynamics,md,1
mn-1-78-1-1-1--staccatissimo--1,staccatissimo,derive,mn-1-78-1-1-1
mn-1-78-1-1-1--staccato--1,staccato,derive,mn-1-78-1-1-1
mn-1-78-1-1-3--staccatissimo--1,staccatissimo,derive,mn-1-78-1-1-3
mn-1-78-1-1-3--staccato--1,staccato,derive,mn-1-78-1-1-3
mn-1-78-1-1-5--staccatissimo--1,staccatissimo,derive,mn-1-78-1-1-5
mn-1-78-1-1-5--staccato--1,staccato,derive,mn-1-78-1-1-5
mn-1-78-1-1-7--staccatissimo--1,staccatissimo,derive,mn-1-78-1-1-7
mn-1-78-1-1-7--staccato--1,staccato,derive,mn-1-78-1-1-7
md-1-78-1-1,dynamics,md,1
md-1-78-1-2,dynamics,md,1
mn-1-79-1-1-1--staccatissimo--1,staccatissimo,derive,mn-1-79-1-1-1
mn-1-79-1-1-1--staccato--1,staccato,derive,mn-1-79-1-1-1
mn-1-79-1-1-3--staccatissimo--1,staccatissimo,derive,mn-1-79-1-1-3
mn-1-79-1-1-3--staccato--1,staccato,derive,mn-1-79-1-1-3
mn-1-79-1-1-5--staccatissimo--1,staccatissimo,derive,mn-1-79-1-1-5
mn-1-79-1-1-5--staccato--1,staccato,derive,mn-1-79-1-1-5
mn-1-79-1-1-7--staccatissimo--1,staccatissimo,derive,mn-1-79-1-1-7
mn-1-79-1-1-7--staccato--1,staccato,derive,mn-1-79-1-1-7
md-1-79-1-1,dynamics,md,1
md-1-79-1-2,dynamics,md,1
md-1-80-1-1,dynamics,md,1
mn-1-81-1-2-1--trill-mark--1,trill-mark,derive,mn-1-81-1-2-1
mn-1-81-2-1-1--tuplet--start--1,tuplet,stamp,mn-1-81-2-1-1
mn-1-81-2-2-9--slur--start--1,slur,stamp,mn-1-81-2-2-9
mn-1-81-2-2-10--tuplet--stop--1,tuplet,stamp,mn-1-81-2-2-10
mn-1-81-2-2-10--slur--stop--1,slur,stamp,mn-1-81-2-2-10
mn-1-82-1-2-1--slur--start--1,slur,stamp,mn-1-82-1-2-1
mn-1-82-1-2-2--slur--stop--1,slur,stamp,mn-1-82-1-2-2
md-1-82-1-1,dynamics,md,1
mn-1-83-1-2-2--trill-mark--1,trill-mark,derive,mn-1-83-1-2-2
mn-1-83-2-1-1--tuplet--start--1,tuplet,stamp,mn-1-83-2-1-1
mn-1-83-2-2-4--tuplet--stop--1,tuplet,stamp,mn-1-83-2-2-4
mn-1-84-1-2-1--slur--start--1,slur,stamp,mn-1-84-1-2-1
md-1-84-1-1,dynamics,md,1
mn-1-85-1-2-5--slur--stop--1,slur,stamp,mn-1-85-1-2-5
mn-1-85-1-2-5--staccatissimo--1,staccatissimo,derive,mn-1-85-1-2-5
mn-1-85-1-2-5--staccato--1,staccato,derive,mn-1-85-1-2-5
mn-1-85-1-1-1--staccatissimo--1,staccatissimo,derive,mn-1-85-1-1-1
mn-1-85-1-1-1--staccato--1,staccato,derive,mn-1-85-1-1-1
md-1-86-1-1,dynamics,md,1
mn-1-87-1-1-2--trill-mark--1,trill-mark,derive,mn-1-87-1-1-2
mn-1-87-2-1-1--tuplet--start--1,tuplet,stamp,mn-1-87-2-1-1
mn-1-87-2-1-4--slur--start--1,slur,stamp,mn-1-87-2-1-4
mn-1-87-2-1-5--tuplet--stop--1,tuplet,stamp,mn-1-87-2-1-5
mn-1-87-2-1-5--slur--stop--1,slur,stamp,mn-1-87-2-1-5
mn-1-88-1-1-1--slur--start--1,slur,stamp,mn-1-88-1-1-1
mn-1-88-5-2-1--slur--start--1,slur,stamp,mn-1-88-5-2-1
mn-1-89-1-1-5--slur--stop--1,slur,stamp,mn-1-89-1-1-5
mn-1-89-5-1-5--slur--stop--1,slur,stamp,mn-1-89-5-1-5
mn-1-89-6-2-1--slur--start--1,slur,stamp,mn-1-89-6-2-1
mn-1-89-6-2-2--slur--stop--1,slur,stamp,mn-1-89-6-2-2
md-1-89-1-1,dynamics,md,1
mn-1-90-1-1-1--staccatissimo--1,staccatissimo,derive,mn-1-90-1-1-1
mn-1-90-1-1-1--staccato--1,staccato,derive,mn-1-90-1-1-1
mn-1-90-1-1-2--staccatissimo--1,staccatissimo,derive,mn-1-90-1-1-2
mn-1-90-1-1-2--staccato--1,staccato,derive,mn-1-90-1-1-2
md-1-90-1-1,dynamics,md,1
md-1-90-1-2,dynamics,md,1
mn-1-91-1-1-1--staccatissimo--1,staccatissimo,derive,mn-1-91-1-1-1
mn-1-91-1-1-1--staccato--1,staccato,derive,mn-1-91-1-1-1
mn-1-91-1-1-3--staccatissimo--1,staccatissimo,derive,mn-1-91-1-1-3
mn-1-91-1-1-3--staccato--1,staccato,derive,mn-1-91-1-1-3
mn-1-91-1-1-5--tied--start--1,tied,stamp,mn-1-91-1-1-5
mn-1-91-1-1-6--tied--start--1,tied,stamp,mn-1-91-1-1-6
md-1-91-1-1,dynamics,md,1
mn-1-92-1-1-1--tied--stop--1,tied,stamp,mn-1-92-1-1-1
mn-1-92-1-1-1--slur--start--1,slur,stamp,mn-1-92-1-1-1
mn-1-92-1-1-2--tied--stop--1,tied,stamp,mn-1-92-1-1-2
mn-1-92-1-1-3--slur--stop--1,slur,stamp,mn-1-92-1-1-3
mn-1-92-1-1-5--staccatissimo--1,staccatissimo,derive,mn-1-92-1-1-5
mn-1-92-1-1-5--staccato--1,staccato,derive,mn-1-92-1-1-5
mn-1-92-1-1-7--staccatissimo--1,staccatissimo,derive,mn-1-92-1-1-7
mn-1-92-1-1-7--staccato--1,staccato,derive,mn-1-92-1-1-7
mn-1-93-1-1-1--staccatissimo--1,staccatissimo,derive,mn-1-93-1-1-1
mn-1-93-1-1-1--staccato--1,staccato,derive,mn-1-93-1-1-1
mn-1-93-1-1-3--staccatissimo--1,staccatissimo,derive,mn-1-93-1-1-3
mn-1-93-1-1-3--staccato--1,staccato,derive,mn-1-93-1-1-3
mn-1-93-1-1-5--staccatissimo--1,staccatissimo,derive,mn-1-93-1-1-5
mn-1-93-1-1-5--staccato--1,staccato,derive,mn-1-93-1-1-5
mn-1-93-1-1-7--staccatissimo--1,staccatissimo,derive,mn-1-93-1-1-7
mn-1-93-1-1-7--staccato--1,staccato,derive,mn-1-93-1-1-7
mn-1-94-1-1-1--staccatissimo--1,staccatissimo,derive,mn-1-94-1-1-1
mn-1-94-1-1-1--staccato--1,staccato,derive,mn-1-94-1-1-1
mn-1-94-1-1-2--staccatissimo--1,staccatissimo,derive,mn-1-94-1-1-2
mn-1-94-1-1-2--staccato--1,staccato,derive,mn-1-94-1-1-2
md-1-94-1-1,dynamics,md,1
mn-1-95-1-1-1--staccatissimo--1,staccatissimo,derive,mn-1-95-1-1-1
mn-1-95-1-1-1--staccato--1,staccato,derive,mn-1-95-1-1-1
mn-1-95-1-1-3--staccatissimo--1,staccatissimo,derive,mn-1-95-1-1-3
mn-1-95-1-1-3--staccato--1,staccato,derive,mn-1-95-1-1-3
mn-1-95-1-1-5--tied--start--1,tied,stamp,mn-1-95-1-1-5
mn-1-95-1-1-6--tied--start--1,tied,stamp,mn-1-95-1-1-6
md-1-95-1-1,dynamics,md,1
mn-1-96-1-1-1--tied--stop--1,tied,stamp,mn-1-96-1-1-1
mn-1-96-1-1-1--slur--start--1,slur,stamp,mn-1-96-1-1-1
mn-1-96-1-1-2--tied--stop--1,tied,stamp,mn-1-96-1-1-2
mn-1-96-1-1-3--slur--stop--1,slur,stamp,mn-1-96-1-1-3
mn-1-96-1-1-5--staccatissimo--1,staccatissimo,derive,mn-1-96-1-1-5
mn-1-96-1-1-5--staccato--1,staccato,derive,mn-1-96-1-1-5
mn-1-96-1-1-7--staccatissimo--1,staccatissimo,derive,mn-1-96-1-1-7
mn-1-96-1-1-7--staccato--1,staccato,derive,mn-1-96-1-1-7
mn-1-97-1-1-1--staccatissimo--1,staccatissimo,derive,mn-1-97-1-1-1
mn-1-97-1-1-1--staccato--1,staccato,derive,mn-1-97-1-1-1
mn-1-97-1-1-3--staccatissimo--1,staccatissimo,derive,mn-1-97-1-1-3
mn-1-97-1-1-3--staccato--1,staccato,derive,mn-1-97-1-1-3
mn-1-97-1-1-5--staccatissimo--1,staccatissimo,derive,mn-1-97-1-1-5
mn-1-97-1-1-5--staccato--1,staccato,derive,mn-1-97-1-1-5
mn-1-98-1-1-1--staccatissimo--1,staccatissimo,derive,mn-1-98-1-1-1
mn-1-98-1-1-1--staccato--1,staccato,derive,mn-1-98-1-1-1
mn-1-98-1-1-2--staccatissimo--1,staccatissimo,derive,mn-1-98-1-1-2
mn-1-98-1-1-2--staccato--1,staccato,derive,mn-1-98-1-1-2
md-1-98-1-1,dynamics,md,1
mn-1-99-1-1-1--staccatissimo--1,staccatissimo,derive,mn-1-99-1-1-1
mn-1-99-1-1-1--staccato--1,staccato,derive,mn-1-99-1-1-1
mn-1-99-1-1-3--staccatissimo--1,staccatissimo,derive,mn-1-99-1-1-3
mn-1-99-1-1-3--staccato--1,staccato,derive,mn-1-99-1-1-3
mn-1-99-1-1-5--tied--start--1,tied,stamp,mn-1-99-1-1-5
mn-1-99-1-1-6--tied--start--1,tied,stamp,mn-1-99-1-1-6
md-1-99-1-1,dynamics,md,1
mn-1-100-1-1-1--tied--stop--1,tied,stamp,mn-1-100-1-1-1
mn-1-100-1-1-1--slur--start--1,slur,stamp,mn-1-100-1-1-1
mn-1-100-1-1-2--tied--stop--1,tied,stamp,mn-1-100-1-1-2
mn-1-100-1-1-3--slur--stop--1,slur,stamp,mn-1-100-1-1-3
mn-1-100-1-1-5--staccatissimo--1,staccatissimo,derive,mn-1-100-1-1-5
mn-1-100-1-1-5--staccato--1,staccato,derive,mn-1-100-1-1-5
mn-1-100-1-1-7--staccatissimo--1,staccatissimo,derive,mn-1-100-1-1-7
mn-1-100-1-1-7--staccato--1,staccato,derive,mn-1-100-1-1-7
mn-1-101-1-1-1--staccatissimo--1,staccatissimo,derive,mn-1-101-1-1-1
mn-1-101-1-1-1--staccato--1,staccato,derive,mn-1-101-1-1-1
mn-1-101-1-1-3--staccatissimo--1,staccatissimo,derive,mn-1-101-1-1-3
mn-1-101-1-1-3--staccato--1,staccato,derive,mn-1-101-1-1-3
mn-1-101-1-1-5--staccatissimo--1,staccatissimo,derive,mn-1-101-1-1-5
mn-1-101-1-1-5--staccato--1,staccato,derive,mn-1-101-1-1-5
mn-1-101-1-1-7--staccatissimo--1,staccatissimo,derive,mn-1-101-1-1-7
mn-1-101-1-1-7--staccato--1,staccato,derive,mn-1-101-1-1-7
mn-1-102-1-1-1--staccatissimo--1,staccatissimo,derive,mn-1-102-1-1-1
mn-1-102-1-1-1--staccato--1,staccato,derive,mn-1-102-1-1-1
mn-1-102-1-1-2--staccatissimo--1,staccatissimo,derive,mn-1-102-1-1-2
mn-1-102-1-1-2--staccato--1,staccato,derive,mn-1-102-1-1-2
md-1-102-1-1,dynamics,md,1
mn-1-103-1-1-1--staccatissimo--1,staccatissimo,derive,mn-1-103-1-1-1
mn-1-103-1-1-1--staccato--1,staccato,derive,mn-1-103-1-1-1
mn-1-103-1-1-3--staccatissimo--1,staccatissimo,derive,mn-1-103-1-1-3
mn-1-103-1-1-3--staccato--1,staccato,derive,mn-1-103-1-1-3
mn-1-103-1-1-5--tied--start--1,tied,stamp,mn-1-103-1-1-5
mn-1-103-1-1-6--tied--start--1,tied,stamp,mn-1-103-1-1-6
md-1-103-1-1,dynamics,md,1
mn-1-104-1-1-1--tied--stop--1,tied,stamp,mn-1-104-1-1-1
mn-1-104-1-1-1--slur--start--1,slur,stamp,mn-1-104-1-1-1
mn-1-104-1-1-2--tied--stop--1,tied,stamp,mn-1-104-1-1-2
mn-1-104-1-1-3--slur--stop--1,slur,stamp,mn-1-104-1-1-3
mn-1-104-1-1-5--staccatissimo--1,staccatissimo,derive,mn-1-104-1-1-5
mn-1-104-1-1-5--staccato--1,staccato,derive,mn-1-104-1-1-5
mn-1-104-1-1-7--staccatissimo--1,staccatissimo,derive,mn-1-104-1-1-7
mn-1-104-1-1-7--staccato--1,staccato,derive,mn-1-104-1-1-7
mn-1-104-6-2-1--tied--start--1,tied,stamp,mn-1-104-6-2-1
mn-1-105-1-1-1--staccatissimo--1,staccatissimo,derive,mn-1-105-1-1-1
mn-1-105-1-1-1--staccato--1,staccato,derive,mn-1-105-1-1-1
mn-1-105-1-1-3--staccatissimo--1,staccatissimo,derive,mn-1-105-1-1-3
mn-1-105-1-1-3--staccato--1,staccato,derive,mn-1-105-1-1-3
mn-1-105-1-1-5--staccatissimo--1,staccatissimo,derive,mn-1-105-1-1-5
mn-1-105-1-1-5--staccato--1,staccato,derive,mn-1-105-1-1-5
mn-1-105-1-1-7--staccatissimo--1,staccatissimo,derive,mn-1-105-1-1-7
mn-1-105-1-1-7--staccato--1,staccato,derive,mn-1-105-1-1-7
mn-1-105-6-2-1--tied--stop--1,tied,stamp,mn-1-105-6-2-1
mn-1-106-5-2-1--staccatissimo--1,staccatissimo,derive,mn-1-106-5-2-1
mn-1-106-5-2-1--staccato--1,staccato,derive,mn-1-106-5-2-1
mn-1-106-5-2-3--staccatissimo--1,staccatissimo,derive,mn-1-106-5-2-3
mn-1-106-5-2-3--staccato--1,staccato,derive,mn-1-106-5-2-3
md-1-106-1-1,dynamics,md,1
mn-1-107-5-2-3--staccatissimo--1,staccatissimo,derive,mn-1-107-5-2-3
mn-1-107-5-2-3--staccato--1,staccato,derive,mn-1-107-5-2-3
md-1-107-2-1,dynamics,md,2
mn-1-108-5-2-1--staccatissimo--1,staccatissimo,derive,mn-1-108-5-2-1
mn-1-108-5-2-1--staccato--1,staccato,derive,mn-1-108-5-2-1
mn-1-108-5-2-3--staccatissimo--1,staccatissimo,derive,mn-1-108-5-2-3
mn-1-108-5-2-3--staccato--1,staccato,derive,mn-1-108-5-2-3
mn-1-108-5-2-5--staccatissimo--1,staccatissimo,derive,mn-1-108-5-2-5
mn-1-108-5-2-5--staccato--1,staccato,derive,mn-1-108-5-2-5
mn-1-108-5-2-7--staccatissimo--1,staccatissimo,derive,mn-1-108-5-2-7
mn-1-108-5-2-7--staccato--1,staccato,derive,mn-1-108-5-2-7
mn-1-109-1-1-1--staccatissimo--1,staccatissimo,derive,mn-1-109-1-1-1
mn-1-109-1-1-1--staccato--1,staccato,derive,mn-1-109-1-1-1
mn-1-109-1-1-3--staccatissimo--1,staccatissimo,derive,mn-1-109-1-1-3
mn-1-109-1-1-3--staccato--1,staccato,derive,mn-1-109-1-1-3
md-1-109-1-1,dynamics,md,1
mn-1-110-1-1-2--staccatissimo--1,staccatissimo,derive,mn-1-110-1-1-2
mn-1-110-1-1-2--staccato--1,staccato,derive,mn-1-110-1-1-2
md-1-110-1-1,dynamics,md,1
mn-1-111-1-1-1--staccatissimo--1,staccatissimo,derive,mn-1-111-1-1-1
mn-1-111-1-1-1--staccato--1,staccato,derive,mn-1-111-1-1-1
mn-1-111-1-1-2--staccatissimo--1,staccatissimo,derive,mn-1-111-1-1-2
mn-1-111-1-1-2--staccato--1,staccato,derive,mn-1-111-1-1-2
mn-1-111-1-1-3--staccatissimo--1,staccatissimo,derive,mn-1-111-1-1-3
mn-1-111-1-1-3--staccato--1,staccato,derive,mn-1-111-1-1-3
mn-1-111-1-1-4--staccatissimo--1,staccatissimo,derive,mn-1-111-1-1-4
mn-1-111-1-1-4--staccato--1,staccato,derive,mn-1-111-1-1-4
mn-1-112-1-1-1--staccatissimo--1,staccatissimo,derive,mn-1-112-1-1-1
mn-1-112-1-1-1--staccato--1,staccato,derive,mn-1-112-1-1-1
mn-1-112-1-1-5--staccatissimo--1,staccatissimo,derive,mn-1-112-1-1-5
mn-1-112-1-1-5--staccato--1,staccato,derive,mn-1-112-1-1-5
md-1-112-1-1,dynamics,md,1
md-1-112-2-1,dynamics,md,2
mn-1-113-1-1-5--staccatissimo--1,staccatissimo,derive,mn-1-113-1-1-5
mn-1-113-1-1-5--staccato--1,staccato,derive,mn-1-113-1-1-5
md-1-113-1-1,dynamics,md,1
mn-1-114-1-1-1--staccatissimo--1,staccatissimo,derive,mn-1-114-1-1-1
mn-1-114-1-1-1--staccato--1,staccato,derive,mn-1-114-1-1-1
mn-1-114-1-1-3--staccatissimo--1,staccatissimo,derive,mn-1-114-1-1-3
mn-1-114-1-1-3--staccato--1,staccato,derive,mn-1-114-1-1-3
mn-1-114-1-1-5--staccatissimo--1,staccatissimo,derive,mn-1-114-1-1-5
mn-1-114-1-1-5--staccato--1,staccato,derive,mn-1-114-1-1-5
mn-1-114-1-1-7--staccatissimo--1,staccatissimo,derive,mn-1-114-1-1-7
mn-1-114-1-1-7--staccato--1,staccato,derive,mn-1-114-1-1-7
mn-1-115-1-1-3--staccatissimo--1,staccatissimo,derive,mn-1-115-1-1-3
mn-1-115-1-1-3--staccato--1,staccato,derive,mn-1-115-1-1-3
md-1-115-1-1,dynamics,md,1
mn-1-116-1-1-1--staccatissimo--1,staccatissimo,derive,mn-1-116-1-1-1
mn-1-116-1-1-1--staccato--1,staccato,derive,mn-1-116-1-1-1
mn-1-116-1-1-3--staccatissimo--1,staccatissimo,derive,mn-1-116-1-1-3
mn-1-116-1-1-3--staccato--1,staccato,derive,mn-1-116-1-1-3
mn-1-116-1-1-5--staccatissimo--1,staccatissimo,derive,mn-1-116-1-1-5
mn-1-116-1-1-5--staccato--1,staccato,derive,mn-1-116-1-1-5
mn-1-116-1-1-7--staccatissimo--1,staccatissimo,derive,mn-1-116-1-1-7
mn-1-116-1-1-7--staccato--1,staccato,derive,mn-1-116-1-1-7
mn-1-117-1-1-3--staccatissimo--1,staccatissimo,derive,mn-1-117-1-1-3
mn-1-117-1-1-3--staccato--1,staccato,derive,mn-1-117-1-1-3
md-1-117-1-1,dynamics,md,1
mn-1-118-5-2-1--staccatissimo--1,staccatissimo,derive,mn-1-118-5-2-1
mn-1-118-5-2-1--staccato--1,staccato,derive,mn-1-118-5-2-1
mn-1-118-5-2-3--staccatissimo--1,staccatissimo,derive,mn-1-118-5-2-3
mn-1-118-5-2-3--staccato--1,staccato,derive,mn-1-118-5-2-3
md-1-118-1-1,dynamics,md,1
mn-1-119-5-2-3--staccatissimo--1,staccatissimo,derive,mn-1-119-5-2-3
mn-1-119-5-2-3--staccato--1,staccato,derive,mn-1-119-5-2-3
mn-1-120-5-2-1--staccatissimo--1,staccatissimo,derive,mn-1-120-5-2-1
mn-1-120-5-2-1--staccato--1,staccato,derive,mn-1-120-5-2-1
mn-1-120-5-2-3--staccatissimo--1,staccatissimo,derive,mn-1-120-5-2-3
mn-1-120-5-2-3--staccato--1,staccato,derive,mn-1-120-5-2-3
mn-1-120-5-2-5--staccatissimo--1,staccatissimo,derive,mn-1-120-5-2-5
mn-1-120-5-2-5--staccato--1,staccato,derive,mn-1-120-5-2-5
mn-1-120-5-2-7--staccatissimo--1,staccatissimo,derive,mn-1-120-5-2-7
mn-1-120-5-2-7--staccato--1,staccato,derive,mn-1-120-5-2-7
mn-1-121-1-1-1--staccatissimo--1,staccatissimo,derive,mn-1-121-1-1-1
mn-1-121-1-1-1--staccato--1,staccato,derive,mn-1-121-1-1-1
mn-1-121-1-1-3--staccatissimo--1,staccatissimo,derive,mn-1-121-1-1-3
mn-1-121-1-1-3--staccato--1,staccato,derive,mn-1-121-1-1-3
mn-1-121-5-2-3--staccatissimo--1,staccatissimo,derive,mn-1-121-5-2-3
mn-1-121-5-2-3--staccato--1,staccato,derive,mn-1-121-5-2-3
mn-1-121-5-2-5--staccatissimo--1,staccatissimo,derive,mn-1-121-5-2-5
mn-1-121-5-2-5--staccato--1,staccato,derive,mn-1-121-5-2-5
md-1-121-1-1,dynamics,md,1
mn-1-122-1-1-1--staccatissimo--1,staccatissimo,derive,mn-1-122-1-1-1
mn-1-122-1-1-1--staccato--1,staccato,derive,mn-1-122-1-1-1
mn-1-122-1-1-3--staccatissimo--1,staccatissimo,derive,mn-1-122-1-1-3
mn-1-122-1-1-3--staccato--1,staccato,derive,mn-1-122-1-1-3
mn-1-122-5-2-3--staccatissimo--1,staccatissimo,derive,mn-1-122-5-2-3
mn-1-122-5-2-3--staccato--1,staccato,derive,mn-1-122-5-2-3
mn-1-122-5-2-5--staccatissimo--1,staccatissimo,derive,mn-1-122-5-2-5
mn-1-122-5-2-5--staccato--1,staccato,derive,mn-1-122-5-2-5
md-1-122-1-1,dynamics,md,1
mn-1-123-1-1-1--slur--start--1,slur,stamp,mn-1-123-1-1-1
mn-1-123-5-2-1--slur--start--1,slur,stamp,mn-1-123-5-2-1
md-1-123-1-1,dynamics,md,1
mn-1-125-1-1-3--slur--stop--1,slur,stamp,mn-1-125-1-1-3
mn-1-125-1-1-4--staccatissimo--1,staccatissimo,derive,mn-1-125-1-1-4
mn-1-125-1-1-4--staccato--1,staccato,derive,mn-1-125-1-1-4
mn-1-125-5-2-3--slur--stop--1,slur,stamp,mn-1-125-5-2-3
mn-1-125-5-2-4--staccatissimo--1,staccatissimo,derive,mn-1-125-5-2-4
mn-1-125-5-2-4--staccato--1,staccato,derive,mn-1-125-5-2-4
md-1-125-1-1,dynamics,md,1
mn-1-126-1-1-1--staccatissimo--1,staccatissimo,derive,mn-1-126-1-1-1
mn-1-126-1-1-1--staccato--1,staccato,derive,mn-1-126-1-1-1
mn-1-126-1-1-3--staccatissimo--1,staccatissimo,derive,mn-1-126-1-1-3
mn-1-126-1-1-3--staccato--1,staccato,derive,mn-1-126-1-1-3
mn-1-126-1-1-5--staccatissimo--1,staccatissimo,derive,mn-1-126-1-1-5
mn-1-126-1-1-5--staccato--1,staccato,derive,mn-1-126-1-1-5
mn-1-126-1-1-7--staccatissimo--1,staccatissimo,derive,mn-1-126-1-1-7
mn-1-126-1-1-7--staccato--1,staccato,derive,mn-1-126-1-1-7
mn-1-126-5-2-1--staccatissimo--1,staccatissimo,derive,mn-1-126-5-2-1
mn-1-126-5-2-1--staccato--1,staccato,derive,mn-1-126-5-2-1
mn-1-126-5-2-3--staccatissimo--1,staccatissimo,derive,mn-1-126-5-2-3
mn-1-126-5-2-3--staccato--1,staccato,derive,mn-1-126-5-2-3
mn-1-126-5-2-5--staccatissimo--1,staccatissimo,derive,mn-1-126-5-2-5
mn-1-126-5-2-5--staccato--1,staccato,derive,mn-1-126-5-2-5
mn-1-126-5-2-7--staccatissimo--1,staccatissimo,derive,mn-1-126-5-2-7
mn-1-126-5-2-7--staccato--1,staccato,derive,mn-1-126-5-2-7
mn-1-127-1-1-1--staccatissimo--1,staccatissimo,derive,mn-1-127-1-1-1
mn-1-127-1-1-1--staccato--1,staccato,derive,mn-1-127-1-1-1
mn-1-127-1-1-3--staccatissimo--1,staccatissimo,derive,mn-1-127-1-1-3
mn-1-127-1-1-3--staccato--1,staccato,derive,mn-1-127-1-1-3
mn-1-127-1-1-5--staccatissimo--1,staccatissimo,derive,mn-1-127-1-1-5
mn-1-127-1-1-5--staccato--1,staccato,derive,mn-1-127-1-1-5
mn-1-127-1-1-7--staccatissimo--1,staccatissimo,derive,mn-1-127-1-1-7
mn-1-127-1-1-7--staccato--1,staccato,derive,mn-1-127-1-1-7
mn-1-127-5-2-1--staccatissimo--1,staccatissimo,derive,mn-1-127-5-2-1
mn-1-127-5-2-1--staccato--1,staccato,derive,mn-1-127-5-2-1
mn-1-127-5-2-3--staccatissimo--1,staccatissimo,derive,mn-1-127-5-2-3
mn-1-127-5-2-3--staccato--1,staccato,derive,mn-1-127-5-2-3
mn-1-127-5-2-5--staccatissimo--1,staccatissimo,derive,mn-1-127-5-2-5
mn-1-127-5-2-5--staccato--1,staccato,derive,mn-1-127-5-2-5
mn-1-127-5-2-7--staccatissimo--1,staccatissimo,derive,mn-1-127-5-2-7
mn-1-127-5-2-7--staccato--1,staccato,derive,mn-1-127-5-2-7
mn-1-128-1-1-1--staccatissimo--1,staccatissimo,derive,mn-1-128-1-1-1
mn-1-128-1-1-1--staccato--1,staccato,derive,mn-1-128-1-1-1
mn-1-128-1-1-3--staccatissimo--1,staccatissimo,derive,mn-1-128-1-1-3
mn-1-128-1-1-3--staccato--1,staccato,derive,mn-1-128-1-1-3
mn-1-128-1-1-5--staccatissimo--1,staccatissimo,derive,mn-1-128-1-1-5
mn-1-128-1-1-5--staccato--1,staccato,derive,mn-1-128-1-1-5
mn-1-128-1-1-7--staccatissimo--1,staccatissimo,derive,mn-1-128-1-1-7
mn-1-128-1-1-7--staccato--1,staccato,derive,mn-1-128-1-1-7
mn-1-128-5-2-1--staccatissimo--1,staccatissimo,derive,mn-1-128-5-2-1
mn-1-128-5-2-1--staccato--1,staccato,derive,mn-1-128-5-2-1
mn-1-128-5-2-3--staccatissimo--1,staccatissimo,derive,mn-1-128-5-2-3
mn-1-128-5-2-3--staccato--1,staccato,derive,mn-1-128-5-2-3
mn-1-128-5-2-5--staccatissimo--1,staccatissimo,derive,mn-1-128-5-2-5
mn-1-128-5-2-5--staccato--1,staccato,derive,mn-1-128-5-2-5
mn-1-128-5-2-7--staccatissimo--1,staccatissimo,derive,mn-1-128-5-2-7
mn-1-128-5-2-7--staccato--1,staccato,derive,mn-1-128-5-2-7
md-1-129-1-1,dynamics,md,1
mn-1-131-1-1-1--staccatissimo--1,staccatissimo,derive,mn-1-131-1-1-1
mn-1-131-1-1-1--staccato--1,staccato,derive,mn-1-131-1-1-1
mn-1-131-1-1-4--staccatissimo--1,staccatissimo,derive,mn-1-131-1-1-4
mn-1-131-1-1-4--staccato--1,staccato,derive,mn-1-131-1-1-4
md-1-131-1-1,dynamics,md,1
mn-1-132-1-1-5--staccatissimo--1,staccatissimo,derive,mn-1-132-1-1-5
mn-1-132-1-1-5--staccato--1,staccato,derive,mn-1-132-1-1-5
md-1-132-1-1,dynamics,md,1
mn-1-133-1-1-1--staccatissimo--1,staccatissimo,derive,mn-1-133-1-1-1
mn-1-133-1-1-1--staccato--1,staccato,derive,mn-1-133-1-1-1
mn-1-133-1-1-3--staccatissimo--1,staccatissimo,derive,mn-1-133-1-1-3
mn-1-133-1-1-3--staccato--1,staccato,derive,mn-1-133-1-1-3
md-1-133-1-1,dynamics,md,1
mn-1-134-1-1-5--staccatissimo--1,staccatissimo,derive,mn-1-134-1-1-5
mn-1-134-1-1-5--staccato--1,staccato,derive,mn-1-134-1-1-5
md-1-134-1-1,dynamics,md,1
mn-1-135-1-1-1--staccatissimo--1,staccatissimo,derive,mn-1-135-1-1-1
mn-1-135-1-1-1--staccato--1,staccato,derive,mn-1-135-1-1-1
mn-1-135-1-1-3--slur--start--1,slur,stamp,mn-1-135-1-1-3
mn-1-135-1-1-5--slur--stop--1,slur,stamp,mn-1-135-1-1-5
mn-1-135-1-1-7--staccatissimo--1,staccatissimo,derive,mn-1-135-1-1-7
mn-1-135-1-1-7--staccato--1,staccato,derive,mn-1-135-1-1-7
md-1-135-1-1,dynamics,md,1
mn-1-136-1-1-1--staccatissimo--1,staccatissimo,derive,mn-1-136-1-1-1
mn-1-136-1-1-1--staccato--1,staccato,derive,mn-1-136-1-1-1
mn-1-136-1-1-3--slur--start--1,slur,stamp,mn-1-136-1-1-3
mn-1-136-1-1-5--slur--stop--1,slur,stamp,mn-1-136-1-1-5
mn-1-136-1-1-7--staccatissimo--1,staccatissimo,derive,mn-1-136-1-1-7
mn-1-136-1-1-7--staccato--1,staccato,derive,mn-1-136-1-1-7
md-1-136-1-1,dynamics,md,1
mn-1-137-1-1-1--staccatissimo--1,staccatissimo,derive,mn-1-137-1-1-1
mn-1-137-1-1-1--staccato--1,staccato,derive,mn-1-137-1-1-1
mn-1-137-1-1-3--slur--start--1,slur,stamp,mn-1-137-1-1-3
mn-1-137-1-1-5--slur--stop--1,slur,stamp,mn-1-137-1-1-5
mn-1-137-1-1-7--staccatissimo--1,staccatissimo,derive,mn-1-137-1-1-7
mn-1-137-1-1-7--staccato--1,staccato,derive,mn-1-137-1-1-7
md-1-137-1-1,dynamics,md,1
mn-1-138-1-1-1--staccatissimo--1,staccatissimo,derive,mn-1-138-1-1-1
mn-1-138-1-1-1--staccato--1,staccato,derive,mn-1-138-1-1-1
mn-1-138-1-1-3--slur--start--1,slur,stamp,mn-1-138-1-1-3
mn-1-138-1-1-5--slur--stop--1,slur,stamp,mn-1-138-1-1-5
mn-1-138-1-1-7--staccatissimo--1,staccatissimo,derive,mn-1-138-1-1-7
mn-1-138-1-1-7--staccato--1,staccato,derive,mn-1-138-1-1-7
md-1-138-1-1,dynamics,md,1
md-1-139-1-1,dynamics,md,1
mn-1-140-5-2-3--slur--start--1,slur,stamp,mn-1-140-5-2-3
mn-1-141-5-2-5--slur--stop--1,slur,stamp,mn-1-141-5-2-5
mn-1-141-5-2-5--staccatissimo--1,staccatissimo,derive,mn-1-141-5-2-5
mn-1-141-5-2-5--staccato--1,staccato,derive,mn-1-141-5-2-5
mn-1-141-5-2-7--slur--start--1,slur,stamp,mn-1-141-5-2-7
mn-1-142-5-2-5--slur--stop--1,slur,stamp,mn-1-142-5-2-5
mn-1-142-5-2-5--staccatissimo--1,staccatissimo,derive,mn-1-142-5-2-5
mn-1-142-5-2-5--staccato--1,staccato,derive,mn-1-142-5-2-5
mn-1-142-5-2-7--slur--start--1,slur,stamp,mn-1-142-5-2-7
mn-1-143-5-2-5--slur--stop--1,slur,stamp,mn-1-143-5-2-5
mn-1-143-5-2-5--staccatissimo--1,staccatissimo,derive,mn-1-143-5-2-5
mn-1-143-5-2-5--staccato--1,staccato,derive,mn-1-143-5-2-5
mn-1-144-5-2-3--slur--start--1,slur,stamp,mn-1-144-5-2-3
mn-1-145-5-2-5--slur--stop--1,slur,stamp,mn-1-145-5-2-5
mn-1-145-5-2-5--staccatissimo--1,staccatissimo,derive,mn-1-145-5-2-5
mn-1-145-5-2-5--staccato--1,staccato,derive,mn-1-145-5-2-5
mn-1-145-5-2-7--slur--start--1,slur,stamp,mn-1-145-5-2-7
mn-1-146-5-2-5--slur--stop--1,slur,stamp,mn-1-146-5-2-5
mn-1-146-5-2-5--staccatissimo--1,staccatissimo,derive,mn-1-146-5-2-5
mn-1-146-5-2-5--staccato--1,staccato,derive,mn-1-146-5-2-5
mn-1-146-5-2-7--slur--start--1,slur,stamp,mn-1-146-5-2-7
mn-1-147-5-2-5--slur--stop--1,slur,stamp,mn-1-147-5-2-5
mn-1-147-5-2-5--staccatissimo--1,staccatissimo,derive,mn-1-147-5-2-5
mn-1-147-5-2-5--staccato--1,staccato,derive,mn-1-147-5-2-5
mn-1-148-5-2-3--slur--start--1,slur,stamp,mn-1-148-5-2-3
mn-1-149-5-2-5--slur--stop--1,slur,stamp,mn-1-149-5-2-5
mn-1-149-5-2-5--staccatissimo--1,staccatissimo,derive,mn-1-149-5-2-5
mn-1-149-5-2-5--staccato--1,staccato,derive,mn-1-149-5-2-5
mn-1-149-5-2-7--slur--start--1,slur,stamp,mn-1-149-5-2-7
mn-1-150-5-2-5--slur--stop--1,slur,stamp,mn-1-150-5-2-5
mn-1-150-5-2-5--staccatissimo--1,staccatissimo,derive,mn-1-150-5-2-5
mn-1-150-5-2-5--staccato--1,staccato,derive,mn-1-150-5-2-5
mn-1-150-5-2-7--slur--start--1,slur,stamp,mn-1-150-5-2-7
mn-1-151-5-2-5--slur--stop--1,slur,stamp,mn-1-151-5-2-5
mn-1-151-5-2-5--staccatissimo--1,staccatissimo,derive,mn-1-151-5-2-5
mn-1-151-5-2-5--staccato--1,staccato,derive,mn-1-151-5-2-5
mn-1-152-5-2-3--slur--start--1,slur,stamp,mn-1-152-5-2-3
md-1-152-2-1,dynamics,md,2
mn-1-153-5-2-5--slur--stop--1,slur,stamp,mn-1-153-5-2-5
mn-1-153-5-2-5--staccatissimo--1,staccatissimo,derive,mn-1-153-5-2-5
mn-1-153-5-2-5--staccato--1,staccato,derive,mn-1-153-5-2-5
mn-1-154-5-2-3--slur--start--1,slur,stamp,mn-1-154-5-2-3
md-1-154-2-1,dynamics,md,2
mn-1-155-1-1-1--slur--start--1,slur,stamp,mn-1-155-1-1-1
mn-1-155-1-1-3--slur--stop--1,slur,stamp,mn-1-155-1-1-3
mn-1-155-1-1-5--staccatissimo--1,staccatissimo,derive,mn-1-155-1-1-5
mn-1-155-1-1-5--staccato--1,staccato,derive,mn-1-155-1-1-5
mn-1-155-1-1-7--staccatissimo--1,staccatissimo,derive,mn-1-155-1-1-7
mn-1-155-1-1-7--staccato--1,staccato,derive,mn-1-155-1-1-7
mn-1-155-5-2-1--slur--stop--1,slur,stamp,mn-1-155-5-2-1
mn-1-156-1-1-1--staccatissimo--1,staccatissimo,derive,mn-1-156-1-1-1
mn-1-156-1-1-1--staccato--1,staccato,derive,mn-1-156-1-1-1
mn-1-156-1-1-3--staccatissimo--1,staccatissimo,derive,mn-1-156-1-1-3
mn-1-156-1-1-3--staccato--1,staccato,derive,mn-1-156-1-1-3
mn-1-156-1-1-5--staccatissimo--1,staccatissimo,derive,mn-1-156-1-1-5
mn-1-156-1-1-5--staccato--1,staccato,derive,mn-1-156-1-1-5
mn-1-156-1-1-7--staccatissimo--1,staccatissimo,derive,mn-1-156-1-1-7
mn-1-156-1-1-7--staccato--1,staccato,derive,mn-1-156-1-1-7
mn-1-156-5-2-3--slur--start--1,slur,stamp,mn-1-156-5-2-3
mn-1-157-1-1-1--slur--start--1,slur,stamp,mn-1-157-1-1-1
mn-1-157-1-1-3--slur--stop--1,slur,stamp,mn-1-157-1-1-3
mn-1-157-1-1-5--staccatissimo--1,staccatissimo,derive,mn-1-157-1-1-5
mn-1-157-1-1-5--staccato--1,staccato,derive,mn-1-157-1-1-5
mn-1-157-1-1-7--staccatissimo--1,staccatissimo,derive,mn-1-157-1-1-7
mn-1-157-1-1-7--staccato--1,staccato,derive,mn-1-157-1-1-7
mn-1-157-5-2-1--slur--stop--1,slur,stamp,mn-1-157-5-2-1
mn-1-158-1-1-1--staccatissimo--1,staccatissimo,derive,mn-1-158-1-1-1
mn-1-158-1-1-1--staccato--1,staccato,derive,mn-1-158-1-1-1
mn-1-158-1-1-3--staccatissimo--1,staccatissimo,derive,mn-1-158-1-1-3
mn-1-158-1-1-3--staccato--1,staccato,derive,mn-1-158-1-1-3
mn-1-158-1-1-5--staccatissimo--1,staccatissimo,derive,mn-1-158-1-1-5
mn-1-158-1-1-5--staccato--1,staccato,derive,mn-1-158-1-1-5
mn-1-158-1-1-7--staccatissimo--1,staccatissimo,derive,mn-1-158-1-1-7
mn-1-158-1-1-7--staccato--1,staccato,derive,mn-1-158-1-1-7
mn-1-158-5-2-3--slur--start--1,slur,stamp,mn-1-158-5-2-3
mn-1-159-1-1-1--slur--start--1,slur,stamp,mn-1-159-1-1-1
mn-1-159-1-1-3--slur--stop--1,slur,stamp,mn-1-159-1-1-3
mn-1-159-1-1-5--staccatissimo--1,staccatissimo,derive,mn-1-159-1-1-5
mn-1-159-1-1-5--staccato--1,staccato,derive,mn-1-159-1-1-5
mn-1-159-1-1-7--staccatissimo--1,staccatissimo,derive,mn-1-159-1-1-7
mn-1-159-1-1-7--staccato--1,staccato,derive,mn-1-159-1-1-7
mn-1-159-5-2-1--slur--stop--1,slur,stamp,mn-1-159-5-2-1
mn-1-160-1-1-1--staccatissimo--1,staccatissimo,derive,mn-1-160-1-1-1
mn-1-160-1-1-1--staccato--1,staccato,derive,mn-1-160-1-1-1
mn-1-160-1-1-3--staccatissimo--1,staccatissimo,derive,mn-1-160-1-1-3
mn-1-160-1-1-3--staccato--1,staccato,derive,mn-1-160-1-1-3
mn-1-160-1-1-5--staccatissimo--1,staccatissimo,derive,mn-1-160-1-1-5
mn-1-160-1-1-5--staccato--1,staccato,derive,mn-1-160-1-1-5
mn-1-160-1-1-7--staccatissimo--1,staccatissimo,derive,mn-1-160-1-1-7
mn-1-160-1-1-7--staccato--1,staccato,derive,mn-1-160-1-1-7
mn-1-160-5-2-3--slur--start--1,slur,stamp,mn-1-160-5-2-3
md-1-160-1-1,dynamics,md,1
mn-1-161-1-1-1--slur--start--1,slur,stamp,mn-1-161-1-1-1
mn-1-161-1-1-3--slur--stop--1,slur,stamp,mn-1-161-1-1-3
mn-1-161-1-1-5--staccatissimo--1,staccatissimo,derive,mn-1-161-1-1-5
mn-1-161-1-1-5--staccato--1,staccato,derive,mn-1-161-1-1-5
mn-1-161-1-1-7--staccatissimo--1,staccatissimo,derive,mn-1-161-1-1-7
mn-1-161-1-1-7--staccato--1,staccato,derive,mn-1-161-1-1-7
mn-1-161-5-2-1--slur--stop--1,slur,stamp,mn-1-161-5-2-1
mn-1-161-5-2-4--slur--start--1,slur,stamp,mn-1-161-5-2-4
mn-1-162-1-1-1--slur--start--1,slur,stamp,mn-1-162-1-1-1
mn-1-162-1-1-3--slur--stop--1,slur,stamp,mn-1-162-1-1-3
mn-1-162-1-1-5--staccatissimo--1,staccatissimo,derive,mn-1-162-1-1-5
mn-1-162-1-1-5--staccato--1,staccato,derive,mn-1-162-1-1-5
mn-1-162-1-1-7--staccatissimo--1,staccatissimo,derive,mn-1-162-1-1-7
mn-1-162-1-1-7--staccato--1,staccato,derive,mn-1-162-1-1-7
mn-1-162-5-2-1--slur--stop--1,slur,stamp,mn-1-162-5-2-1
mn-1-162-5-2-4--slur--start--1,slur,stamp,mn-1-162-5-2-4
mn-1-163-1-1-1--slur--start--1,slur,stamp,mn-1-163-1-1-1
mn-1-163-1-1-3--slur--stop--1,slur,stamp,mn-1-163-1-1-3
mn-1-163-1-1-5--staccatissimo--1,staccatissimo,derive,mn-1-163-1-1-5
mn-1-163-1-1-5--staccato--1,staccato,derive,mn-1-163-1-1-5
mn-1-163-1-1-7--staccatissimo--1,staccatissimo,derive,mn-1-163-1-1-7
mn-1-163-1-1-7--staccato--1,staccato,derive,mn-1-163-1-1-7
mn-1-163-5-2-1--slur--stop--1,slur,stamp,mn-1-163-5-2-1
md-1-163-1-1,dynamics,md,1
mn-1-164-1-1-1--staccatissimo--1,staccatissimo,derive,mn-1-164-1-1-1
mn-1-164-1-1-1--staccato--1,staccato,derive,mn-1-164-1-1-1
mn-1-164-1-1-3--staccatissimo--1,staccatissimo,derive,mn-1-164-1-1-3
mn-1-164-1-1-3--staccato--1,staccato,derive,mn-1-164-1-1-3
mn-1-164-1-1-5--staccatissimo--1,staccatissimo,derive,mn-1-164-1-1-5
mn-1-164-1-1-5--staccato--1,staccato,derive,mn-1-164-1-1-5
mn-1-164-1-1-7--staccatissimo--1,staccatissimo,derive,mn-1-164-1-1-7
mn-1-164-1-1-7--staccato--1,staccato,derive,mn-1-164-1-1-7
mn-1-165-1-1-1--staccatissimo--1,staccatissimo,derive,mn-1-165-1-1-1
mn-1-165-1-1-1--staccato--1,staccato,derive,mn-1-165-1-1-1
mn-1-165-1-1-3--staccatissimo--1,staccatissimo,derive,mn-1-165-1-1-3
mn-1-165-1-1-3--staccato--1,staccato,derive,mn-1-165-1-1-3
mn-1-165-1-1-5--staccatissimo--1,staccatissimo,derive,mn-1-165-1-1-5
mn-1-165-1-1-5--staccato--1,staccato,derive,mn-1-165-1-1-5
mn-1-165-1-1-7--staccatissimo--1,staccatissimo,derive,mn-1-165-1-1-7
mn-1-165-1-1-7--staccato--1,staccato,derive,mn-1-165-1-1-7
mn-1-165-5-2-1--tied--start--1,tied,stamp,mn-1-165-5-2-1
mn-1-165-5-2-1--trill-mark--1,trill-mark,derive,mn-1-165-5-2-1
mn-1-165-7-2-1--tuplet--start--1,tuplet,stamp,mn-1-165-7-2-1
mn-1-165-7-2-10--tuplet--stop--1,tuplet,stamp,mn-1-165-7-2-10
md-1-165-1-1,dynamics,md,1
mn-1-166-1-1-1--staccatissimo--1,staccatissimo,derive,mn-1-166-1-1-1
mn-1-166-1-1-1--staccato--1,staccato,derive,mn-1-166-1-1-1
mn-1-166-1-1-3--staccatissimo--1,staccatissimo,derive,mn-1-166-1-1-3
mn-1-166-1-1-3--staccato--1,staccato,derive,mn-1-166-1-1-3
mn-1-166-1-1-5--staccatissimo--1,staccatissimo,derive,mn-1-166-1-1-5
mn-1-166-1-1-5--staccato--1,staccato,derive,mn-1-166-1-1-5
mn-1-166-1-1-7--staccatissimo--1,staccatissimo,derive,mn-1-166-1-1-7
mn-1-166-1-1-7--staccato--1,staccato,derive,mn-1-166-1-1-7
mn-1-166-5-2-1--tied--stop--1,tied,stamp,mn-1-166-5-2-1
mn-1-166-7-2-1--tuplet--start--1,tuplet,stamp,mn-1-166-7-2-1
mn-1-166-7-2-11--tuplet--stop--1,tuplet,stamp,mn-1-166-7-2-11
mn-1-167-1-2-1--slur--start--1,slur,stamp,mn-1-167-1-2-1
mn-1-167-1-2-2--slur--stop--1,slur,stamp,mn-1-167-1-2-2
md-1-167-1-1,dynamics,md,1
mn-1-168-1-2-2--trill-mark--1,trill-mark,derive,mn-1-168-1-2-2
mn-1-168-2-1-1--tuplet--start--1,tuplet,stamp,mn-1-168-2-1-1
mn-1-168-2-2-4--tuplet--stop--1,tuplet,stamp,mn-1-168-2-2-4
mn-1-169-1-2-1--slur--start--1,slur,stamp,mn-1-169-1-2-1
mn-1-169-5-2-1--slur--start--1,slur,stamp,mn-1-169-5-2-1
md-1-169-1-1,dynamics,md,1
mn-1-170-1-2-5--slur--stop--1,slur,stamp,mn-1-170-1-2-5
mn-1-170-1-2-5--staccatissimo--1,staccatissimo,derive,mn-1-170-1-2-5
mn-1-170-1-2-5--staccato--1,staccato,derive,mn-1-170-1-2-5
mn-1-170-1-1-1--staccatissimo--1,staccatissimo,derive,mn-1-170-1-1-1
mn-1-170-1-1-1--staccato--1,staccato,derive,mn-1-170-1-1-1
md-1-170-1-1,dynamics,md,1
mn-1-171-5-2-1--slur--stop--1,slur,stamp,mn-1-171-5-2-1
mn-1-172-1-1-2--trill-mark--1,trill-mark,derive,mn-1-172-1-1-2
mn-1-172-2-1-1--tuplet--start--1,tuplet,stamp,mn-1-172-2-1-1
mn-1-172-2-1-4--slur--start--1,slur,stamp,mn-1-172-2-1-4
mn-1-172-2-1-5--tuplet--stop--1,tuplet,stamp,mn-1-172-2-1-5
mn-1-172-2-1-5--slur--stop--1,slur,stamp,mn-1-172-2-1-5
mn-1-173-1-1-1--slur--start--1,slur,stamp,mn-1-173-1-1-1
mn-1-173-5-2-1--slur--start--1,slur,stamp,mn-1-173-5-2-1
mn-1-174-1-1-5--slur--stop--1,slur,stamp,mn-1-174-1-1-5
mn-1-174-5-1-5--slur--stop--1,slur,stamp,mn-1-174-5-1-5
mn-1-174-6-2-1--slur--start--1,slur,stamp,mn-1-174-6-2-1
mn-1-174-6-2-2--slur--stop--1,slur,stamp,mn-1-174-6-2-2
mn-1-175-1-1-1--staccatissimo--1,staccatissimo,derive,mn-1-175-1-1-1
mn-1-175-1-1-1--staccato--1,staccato,derive,mn-1-175-1-1-1
mn-1-175-1-1-2--staccatissimo--1,staccatissimo,derive,mn-1-175-1-1-2
mn-1-175-1-1-2--staccato--1,staccato,derive,mn-1-175-1-1-2
md-1-175-1-1,dynamics,md,1
md-1-175-1-2,dynamics,md,1
mn-1-176-1-1-1--staccatissimo--1,staccatissimo,derive,mn-1-176-1-1-1
mn-1-176-1-1-1--staccato--1,staccato,derive,mn-1-176-1-1-1
mn-1-176-1-1-3--staccatissimo--1,staccatissimo,derive,mn-1-176-1-1-3
mn-1-176-1-1-3--staccato--1,staccato,derive,mn-1-176-1-1-3
mn-1-176-1-1-5--tied--start--1,tied,stamp,mn-1-176-1-1-5
mn-1-176-1-1-6--tied--start--1,tied,stamp,mn-1-176-1-1-6
md-1-176-1-1,dynamics,md,1
mn-1-177-1-1-1--tied--stop--1,tied,stamp,mn-1-177-1-1-1
mn-1-177-1-1-1--slur--start--1,slur,stamp,mn-1-177-1-1-1
mn-1-177-1-1-2--tied--stop--1,tied,stamp,mn-1-177-1-1-2
mn-1-177-1-1-3--slur--stop--1,slur,stamp,mn-1-177-1-1-3
mn-1-177-1-1-5--staccatissimo--1,staccatissimo,derive,mn-1-177-1-1-5
mn-1-177-1-1-5--staccato--1,staccato,derive,mn-1-177-1-1-5
mn-1-177-1-1-7--staccatissimo--1,staccatissimo,derive,mn-1-177-1-1-7
mn-1-177-1-1-7--staccato--1,staccato,derive,mn-1-177-1-1-7
mn-1-178-1-1-1--staccatissimo--1,staccatissimo,derive,mn-1-178-1-1-1
mn-1-178-1-1-1--staccato--1,staccato,derive,mn-1-178-1-1-1
mn-1-178-1-1-3--staccatissimo--1,staccatissimo,derive,mn-1-178-1-1-3
mn-1-178-1-1-3--staccato--1,staccato,derive,mn-1-178-1-1-3
mn-1-178-1-1-5--staccatissimo--1,staccatissimo,derive,mn-1-178-1-1-5
mn-1-178-1-1-5--staccato--1,staccato,derive,mn-1-178-1-1-5
mn-1-178-1-1-7--staccatissimo--1,staccatissimo,derive,mn-1-178-1-1-7
mn-1-178-1-1-7--staccato--1,staccato,derive,mn-1-178-1-1-7
mn-1-179-1-1-1--staccatissimo--1,staccatissimo,derive,mn-1-179-1-1-1
mn-1-179-1-1-1--staccato--1,staccato,derive,mn-1-179-1-1-1
mn-1-179-1-1-2--staccatissimo--1,staccatissimo,derive,mn-1-179-1-1-2
mn-1-179-1-1-2--staccato--1,staccato,derive,mn-1-179-1-1-2
md-1-179-1-1,dynamics,md,1
mn-1-180-1-1-1--staccatissimo--1,staccatissimo,derive,mn-1-180-1-1-1
mn-1-180-1-1-1--staccato--1,staccato,derive,mn-1-180-1-1-1
mn-1-180-1-1-3--staccatissimo--1,staccatissimo,derive,mn-1-180-1-1-3
mn-1-180-1-1-3--staccato--1,staccato,derive,mn-1-180-1-1-3
mn-1-180-1-1-5--tied--start--1,tied,stamp,mn-1-180-1-1-5
mn-1-180-1-1-6--tied--start--1,tied,stamp,mn-1-180-1-1-6
md-1-180-1-1,dynamics,md,1
mn-1-181-1-1-1--tied--stop--1,tied,stamp,mn-1-181-1-1-1
mn-1-181-1-1-1--slur--start--1,slur,stamp,mn-1-181-1-1-1
mn-1-181-1-1-2--tied--stop--1,tied,stamp,mn-1-181-1-1-2
mn-1-181-1-1-3--slur--stop--1,slur,stamp,mn-1-181-1-1-3
mn-1-181-1-1-5--staccatissimo--1,staccatissimo,derive,mn-1-181-1-1-5
mn-1-181-1-1-5--staccato--1,staccato,derive,mn-1-181-1-1-5
mn-1-181-1-1-7--staccatissimo--1,staccatissimo,derive,mn-1-181-1-1-7
mn-1-181-1-1-7--staccato--1,staccato,derive,mn-1-181-1-1-7
mn-1-182-1-1-1--staccatissimo--1,staccatissimo,derive,mn-1-182-1-1-1
mn-1-182-1-1-1--staccato--1,staccato,derive,mn-1-182-1-1-1
mn-1-182-1-1-3--staccatissimo--1,staccatissimo,derive,mn-1-182-1-1-3
mn-1-182-1-1-3--staccato--1,staccato,derive,mn-1-182-1-1-3
mn-1-182-1-1-5--staccatissimo--1,staccatissimo,derive,mn-1-182-1-1-5
mn-1-182-1-1-5--staccato--1,staccato,derive,mn-1-182-1-1-5
mn-1-183-5-2-1--staccatissimo--1,staccatissimo,derive,mn-1-183-5-2-1
mn-1-183-5-2-1--staccato--1,staccato,derive,mn-1-183-5-2-1
mn-1-183-5-2-3--staccatissimo--1,staccatissimo,derive,mn-1-183-5-2-3
mn-1-183-5-2-3--staccato--1,staccato,derive,mn-1-183-5-2-3
md-1-183-2-1,dynamics,md,2
mn-1-184-5-2-1--staccatissimo--1,staccatissimo,derive,mn-1-184-5-2-1
mn-1-184-5-2-1--staccato--1,staccato,derive,mn-1-184-5-2-1
mn-1-184-5-2-3--staccatissimo--1,staccatissimo,derive,mn-1-184-5-2-3
mn-1-184-5-2-3--staccato--1,staccato,derive,mn-1-184-5-2-3
mn-1-184-5-2-5--tied--start--1,tied,stamp,mn-1-184-5-2-5
mn-1-184-5-2-6--tied--start--1,tied,stamp,mn-1-184-5-2-6
md-1-184-2-1,dynamics,md,2
mn-1-185-5-2-1--tied--stop--1,tied,stamp,mn-1-185-5-2-1
mn-1-185-5-2-1--slur--start--1,slur,stamp,mn-1-185-5-2-1
mn-1-185-5-2-2--tied--stop--1,tied,stamp,mn-1-185-5-2-2
mn-1-185-5-2-3--slur--stop--1,slur,stamp,mn-1-185-5-2-3
mn-1-185-5-2-5--staccatissimo--1,staccatissimo,derive,mn-1-185-5-2-5
mn-1-185-5-2-5--staccato--1,staccato,derive,mn-1-185-5-2-5
mn-1-185-5-2-7--staccatissimo--1,staccatissimo,derive,mn-1-185-5-2-7
mn-1-185-5-2-7--staccato--1,staccato,derive,mn-1-185-5-2-7
mn-1-186-5-2-1--staccatissimo--1,staccatissimo,derive,mn-1-186-5-2-1
mn-1-186-5-2-1--staccato--1,staccato,derive,mn-1-186-5-2-1
mn-1-186-5-2-3--staccatissimo--1,staccatissimo,derive,mn-1-186-5-2-3
mn-1-186-5-2-3--staccato--1,staccato,derive,mn-1-186-5-2-3
mn-1-186-5-2-5--staccatissimo--1,staccatissimo,derive,mn-1-186-5-2-5
mn-1-186-5-2-5--staccato--1,staccato,derive,mn-1-186-5-2-5
mn-1-186-5-2-7--staccatissimo--1,staccatissimo,derive,mn-1-186-5-2-7
mn-1-186-5-2-7--staccato--1,staccato,derive,mn-1-186-5-2-7
mn-1-187-5-2-1--staccatissimo--1,staccatissimo,derive,mn-1-187-5-2-1
mn-1-187-5-2-1--staccato--1,staccato,derive,mn-1-187-5-2-1
mn-1-187-5-2-3--staccatissimo--1,staccatissimo,derive,mn-1-187-5-2-3
mn-1-187-5-2-3--staccato--1,staccato,derive,mn-1-187-5-2-3
md-1-187-2-1,dynamics,md,2
mn-1-188-5-2-1--staccatissimo--1,staccatissimo,derive,mn-1-188-5-2-1
mn-1-188-5-2-1--staccato--1,staccato,derive,mn-1-188-5-2-1
mn-1-188-5-2-3--staccatissimo--1,staccatissimo,derive,mn-1-188-5-2-3
mn-1-188-5-2-3--staccato--1,staccato,derive,mn-1-188-5-2-3
mn-1-188-5-2-5--tied--start--1,tied,stamp,mn-1-188-5-2-5
mn-1-188-5-2-6--tied--start--1,tied,stamp,mn-1-188-5-2-6
md-1-188-2-1,dynamics,md,2
mn-1-189-5-2-1--tied--stop--1,tied,stamp,mn-1-189-5-2-1
mn-1-189-5-2-1--slur--start--1,slur,stamp,mn-1-189-5-2-1
mn-1-189-5-2-2--tied--stop--1,tied,stamp,mn-1-189-5-2-2
mn-1-189-5-2-3--slur--stop--1,slur,stamp,mn-1-189-5-2-3
mn-1-189-5-2-5--staccatissimo--1,staccatissimo,derive,mn-1-189-5-2-5
mn-1-189-5-2-5--staccato--1,staccato,derive,mn-1-189-5-2-5
mn-1-189-5-2-7--staccatissimo--1,staccatissimo,derive,mn-1-189-5-2-7
mn-1-189-5-2-7--staccato--1,staccato,derive,mn-1-189-5-2-7
mn-1-190-5-2-1--staccatissimo--1,staccatissimo,derive,mn-1-190-5-2-1
mn-1-190-5-2-1--staccato--1,staccato,derive,mn-1-190-5-2-1
mn-1-190-5-2-3--staccatissimo--1,staccatissimo,derive,mn-1-190-5-2-3
mn-1-190-5-2-3--staccato--1,staccato,derive,mn-1-190-5-2-3
mn-1-190-5-2-5--staccatissimo--1,staccatissimo,derive,mn-1-190-5-2-5
mn-1-190-5-2-5--staccato--1,staccato,derive,mn-1-190-5-2-5
md-1-191-1-1,dynamics,md,1
md-1-191-1-2,dynamics,md,1
mn-1-192-1-2-1--staccatissimo--1,staccatissimo,derive,mn-1-192-1-2-1
mn-1-192-1-2-1--staccato--1,staccato,derive,mn-1-192-1-2-1
mn-1-192-1-2-4--staccatissimo--1,staccatissimo,derive,mn-1-192-1-2-4
mn-1-192-1-2-4--staccato--1,staccato,derive,mn-1-192-1-2-4
mn-1-192-1-2-7--staccatissimo--1,staccatissimo,derive,mn-1-192-1-2-7
mn-1-192-1-2-7--staccato--1,staccato,derive,mn-1-192-1-2-7
mn-1-192-5-2-1--staccato--1,staccato,derive,mn-1-192-5-2-1
mn-1-192-5-2-3--staccato--1,staccato,derive,mn-1-192-5-2-3
mn-1-192-5-2-4--staccato--1,staccato,derive,mn-1-192-5-2-4
md-1-192-1-1,dynamics,md,1
mn-1-193-1-1-1--staccatissimo--1,staccatissimo,derive,mn-1-193-1-1-1
mn-1-193-1-1-1--staccato--1,staccato,derive,mn-1-193-1-1-1
mn-1-193-1-1-3--staccatissimo--1,staccatissimo,derive,mn-1-193-1-1-3
mn-1-193-1-1-3--staccato--1,staccato,derive,mn-1-193-1-1-3
mn-1-193-1-1-5--staccatissimo--1,staccatissimo,derive,mn-1-193-1-1-5
mn-1-193-1-1-5--staccato--1,staccato,derive,mn-1-193-1-1-5
mn-1-193-5-2-1--staccatissimo--1,staccatissimo,derive,mn-1-193-5-2-1
mn-1-193-5-2-1--staccato--1,staccato,derive,mn-1-193-5-2-1
mn-1-193-5-2-2--staccatissimo--1,staccatissimo,derive,mn-1-193-5-2-2
mn-1-193-5-2-2--staccato--1,staccato,derive,mn-1-193-5-2-2
mn-1-193-5-2-3--staccatissimo--1,staccatissimo,derive,mn-1-193-5-2-3
mn-1-193-5-2-3--staccato--1,staccato,derive,mn-1-193-5-2-3
md-1-193-1-1,dynamics,md,1
mn-1-194-1-1-1--staccatissimo--1,staccatissimo,derive,mn-1-194-1-1-1
mn-1-194-1-1-1--staccato--1,staccato,derive,mn-1-194-1-1-1
mn-1-194-1-1-3--staccatissimo--1,staccatissimo,derive,mn-1-194-1-1-3
mn-1-194-1-1-3--staccato--1,staccato,derive,mn-1-194-1-1-3
mn-1-194-1-1-5--staccatissimo--1,staccatissimo,derive,mn-1-194-1-1-5
mn-1-194-1-1-5--staccato--1,staccato,derive,mn-1-194-1-1-5
mn-1-194-5-2-1--staccatissimo--1,staccatissimo,derive,mn-1-194-5-2-1
mn-1-194-5-2-1--staccato--1,staccato,derive,mn-1-194-5-2-1
mn-1-194-5-2-2--staccatissimo--1,staccatissimo,derive,mn-1-194-5-2-2
mn-1-194-5-2-2--staccato--1,staccato,derive,mn-1-194-5-2-2
mn-1-194-5-2-3--staccatissimo--1,staccatissimo,derive,mn-1-194-5-2-3
mn-1-194-5-2-3--staccato--1,staccato,derive,mn-1-194-5-2-3
md-1-194-1-1,dynamics,md,1
mn-1-195-1-1-1--staccatissimo--1,staccatissimo,derive,mn-1-195-1-1-1
mn-1-195-1-1-1--staccato--1,staccato,derive,mn-1-195-1-1-1
mn-1-195-1-1-3--staccatissimo--1,staccatissimo,derive,mn-1-195-1-1-3
mn-1-195-1-1-3--staccato--1,staccato,derive,mn-1-195-1-1-3
mn-1-195-1-1-5--staccatissimo--1,staccatissimo,derive,mn-1-195-1-1-5
mn-1-195-1-1-5--staccato--1,staccato,derive,mn-1-195-1-1-5
mn-1-195-5-2-1--staccatissimo--1,staccatissimo,derive,mn-1-195-5-2-1
mn-1-195-5-2-1--staccato--1,staccato,derive,mn-1-195-5-2-1
mn-1-195-5-2-2--staccatissimo--1,staccatissimo,derive,mn-1-195-5-2-2
mn-1-195-5-2-2--staccato--1,staccato,derive,mn-1-195-5-2-2
mn-1-195-5-2-3--staccatissimo--1,staccatissimo,derive,mn-1-195-5-2-3
mn-1-195-5-2-3--staccato--1,staccato,derive,mn-1-195-5-2-3
md-1-195-1-1,dynamics,md,1
mn-1-196-1-1-1--staccatissimo--1,staccatissimo,derive,mn-1-196-1-1-1
mn-1-196-1-1-1--staccato--1,staccato,derive,mn-1-196-1-1-1
mn-1-196-1-1-3--staccatissimo--1,staccatissimo,derive,mn-1-196-1-1-3
mn-1-196-1-1-3--staccato--1,staccato,derive,mn-1-196-1-1-3
mn-1-196-1-1-5--staccatissimo--1,staccatissimo,derive,mn-1-196-1-1-5
mn-1-196-1-1-5--staccato--1,staccato,derive,mn-1-196-1-1-5
mn-1-196-5-2-1--staccatissimo--1,staccatissimo,derive,mn-1-196-5-2-1
mn-1-196-5-2-1--staccato--1,staccato,derive,mn-1-196-5-2-1
mn-1-196-5-2-2--staccatissimo--1,staccatissimo,derive,mn-1-196-5-2-2
mn-1-196-5-2-2--staccato--1,staccato,derive,mn-1-196-5-2-2
mn-1-196-5-2-3--staccatissimo--1,staccatissimo,derive,mn-1-196-5-2-3
mn-1-196-5-2-3--staccato--1,staccato,derive,mn-1-196-5-2-3
md-1-196-1-1,dynamics,md,1
mn-1-197-1-1-1--staccatissimo--1,staccatissimo,derive,mn-1-197-1-1-1
mn-1-197-1-1-1--staccato--1,staccato,derive,mn-1-197-1-1-1
mn-1-197-1-1-3--staccatissimo--1,staccatissimo,derive,mn-1-197-1-1-3
mn-1-197-1-1-3--staccato--1,staccato,derive,mn-1-197-1-1-3
mn-1-197-1-1-5--staccatissimo--1,staccatissimo,derive,mn-1-197-1-1-5
mn-1-197-1-1-5--staccato--1,staccato,derive,mn-1-197-1-1-5
mn-1-197-1-1-7--slur--start--1,slur,stamp,mn-1-197-1-1-7
mn-1-197-1-1-7--slur--start--2,slur,stamp,mn-1-197-1-1-7
mn-1-197-5-2-1--staccatissimo--1,staccatissimo,derive,mn-1-197-5-2-1
mn-1-197-5-2-1--staccato--1,staccato,derive,mn-1-197-5-2-1
mn-1-197-5-2-2--staccatissimo--1,staccatissimo,derive,mn-1-197-5-2-2
mn-1-197-5-2-2--staccato--1,staccato,derive,mn-1-197-5-2-2
mn-1-197-5-2-3--staccatissimo--1,staccatissimo,derive,mn-1-197-5-2-3
mn-1-197-5-2-3--staccato--1,staccato,derive,mn-1-197-5-2-3
mn-1-197-5-2-4--slur--start--1,slur,stamp,mn-1-197-5-2-4
mn-1-197-5-2-4--slur--start--2,slur,stamp,mn-1-197-5-2-4
md-1-197-1-1,dynamics,md,1
mn-1-198-1-1-1--slur--stop--1,slur,stamp,mn-1-198-1-1-1
mn-1-198-1-1-1--slur--stop--2,slur,stamp,mn-1-198-1-1-1
mn-1-198-1-1-3--slur--start--1,slur,stamp,mn-1-198-1-1-3
mn-1-198-1-1-5--slur--stop--1,slur,stamp,mn-1-198-1-1-5
mn-1-198-1-2-1--slur--start--1,slur,stamp,mn-1-198-1-2-1
mn-1-198-5-2-1--slur--stop--1,slur,stamp,mn-1-198-5-2-1
mn-1-198-5-2-1--slur--stop--2,slur,stamp,mn-1-198-5-2-1
mn-1-198-5-2-3--slur--start--1,slur,stamp,mn-1-198-5-2-3
mn-1-198-5-2-5--tied--start--1,tied,stamp,mn-1-198-5-2-5
mn-1-198-5-2-6--slur--stop--1,slur,stamp,mn-1-198-5-2-6
mn-1-198-5-2-8--tied--stop--1,tied,stamp,mn-1-198-5-2-8
mn-1-198-5-2-9--slur--start--1,slur,stamp,mn-1-198-5-2-9
md-1-198-1-1,dynamics,md,1
md-1-198-2-1,dynamics,md,2
mn-1-199-1-2-1--slur--stop--1,slur,stamp,mn-1-199-1-2-1
mn-1-199-1-1-1--slur--start--1,slur,stamp,mn-1-199-1-1-1
mn-1-199-1-1-3--slur--stop--1,slur,stamp,mn-1-199-1-1-3
mn-1-199-1-1-5--slur--start--1,slur,stamp,mn-1-199-1-1-5
mn-1-199-5-2-1--slur--stop--1,slur,stamp,mn-1-199-5-2-1
mn-1-199-5-2-3--slur--start--1,slur,stamp,mn-1-199-5-2-3
mn-1-199-5-2-5--tied--start--1,tied,stamp,mn-1-199-5-2-5
mn-1-199-5-2-6--slur--stop--1,slur,stamp,mn-1-199-5-2-6
mn-1-199-5-2-8--tied--stop--1,tied,stamp,mn-1-199-5-2-8
mn-1-199-5-2-9--slur--start--1,slur,stamp,mn-1-199-5-2-9
mn-1-199-5-2-10--tied--start--1,tied,stamp,mn-1-199-5-2-10
md-1-199-1-1,dynamics,md,1
md-1-199-1-2,dynamics,md,1
mn-1-200-1-1-1--slur--stop--1,slur,stamp,mn-1-200-1-1-1
mn-1-200-1-1-3--slur--start--1,slur,stamp,mn-1-200-1-1-3
mn-1-200-1-1-5--slur--stop--1,slur,stamp,mn-1-200-1-1-5
mn-1-200-1-1-7--slur--start--1,slur,stamp,mn-1-200-1-1-7
mn-1-200-5-2-1--slur--stop--1,slur,stamp,mn-1-200-5-2-1
mn-1-200-5-2-2--tied--stop--1,tied,stamp,mn-1-200-5-2-2
mn-1-200-5-2-3--slur--start--1,slur,stamp,mn-1-200-5-2-3
mn-1-200-5-2-4--tied--start--1,tied,stamp,mn-1-200-5-2-4
mn-1-200-5-2-5--slur--stop--1,slur,stamp,mn-1-200-5-2-5
mn-1-200-5-2-6--tied--stop--1,tied,stamp,mn-1-200-5-2-6
mn-1-200-5-2-7--slur--start--1,slur,stamp,mn-1-200-5-2-7
mn-1-200-5-2-8--tied--start--1,tied,stamp,mn-1-200-5-2-8
md-1-200-1-1,dynamics,md,1
md-1-200-1-2,dynamics,md,1
mn-1-201-1-1-1--slur--stop--1,slur,stamp,mn-1-201-1-1-1
mn-1-201-1-1-3--slur--start--1,slur,stamp,mn-1-201-1-1-3
mn-1-201-1-1-5--slur--stop--1,slur,stamp,mn-1-201-1-1-5
mn-1-201-1-1-7--slur--start--1,slur,stamp,mn-1-201-1-1-7
mn-1-201-5-2-1--slur--stop--1,slur,stamp,mn-1-201-5-2-1
mn-1-201-5-2-2--tied--stop--1,tied,stamp,mn-1-201-5-2-2
mn-1-201-5-2-3--slur--start--1,slur,stamp,mn-1-201-5-2-3
mn-1-201-5-2-4--tied--start--1,tied,stamp,mn-1-201-5-2-4
mn-1-201-5-2-5--slur--stop--1,slur,stamp,mn-1-201-5-2-5
mn-1-201-5-2-6--tied--stop--1,tied,stamp,mn-1-201-5-2-6
mn-1-201-5-2-7--slur--start--1,slur,stamp,mn-1-201-5-2-7
mn-1-201-5-2-8--tied--start--1,tied,stamp,mn-1-201-5-2-8
md-1-201-1-1,dynamics,md,1
md-1-201-1-2,dynamics,md,1
mn-1-202-1-1-1--slur--stop--1,slur,stamp,mn-1-202-1-1-1
mn-1-202-1-1-3--slur--start--1,slur,stamp,mn-1-202-1-1-3
mn-1-202-1-1-5--slur--stop--1,slur,stamp,mn-1-202-1-1-5
mn-1-202-1-1-7--slur--start--1,slur,stamp,mn-1-202-1-1-7
mn-1-202-5-2-1--slur--stop--1,slur,stamp,mn-1-202-5-2-1
mn-1-202-5-2-2--tied--stop--1,tied,stamp,mn-1-202-5-2-2
mn-1-202-5-2-3--slur--start--1,slur,stamp,mn-1-202-5-2-3
mn-1-202-5-2-4--tied--start--1,tied,stamp,mn-1-202-5-2-4
mn-1-202-5-2-5--slur--stop--1,slur,stamp,mn-1-202-5-2-5
mn-1-202-5-2-6--tied--stop--1,tied,stamp,mn-1-202-5-2-6
md-1-202-1-1,dynamics,md,1
md-1-202-1-2,dynamics,md,1
mn-1-203-1-1-1--slur--stop--1,slur,stamp,mn-1-203-1-1-1
mn-1-203-1-1-3--slur--start--1,slur,stamp,mn-1-203-1-1-3
mn-1-203-1-1-3--slur--start--2,slur,stamp,mn-1-203-1-1-3
mn-1-203-1-1-5--slur--stop--1,slur,stamp,mn-1-203-1-1-5
mn-1-203-1-1-5--slur--stop--2,slur,stamp,mn-1-203-1-1-5
mn-1-203-5-2-2--slur--start--1,slur,stamp,mn-1-203-5-2-2
mn-1-203-5-2-4--slur--stop--1,slur,stamp,mn-1-203-5-2-4
md-1-203-1-1,dynamics,md,1
md-1-203-1-2,dynamics,md,1
md-1-210-2-1,dynamics,md,2
md-1-212-2-1,dynamics,md,2
md-1-214-1-1,dynamics,md,1
mn-1-215-5-2-4--slur--start--1,slur,stamp,mn-1-215-5-2-4
mn-1-216-5-2-1--slur--stop--1,slur,stamp,mn-1-216-5-2-1
mn-1-216-5-2-1--staccatissimo--1,staccatissimo,derive,mn-1-216-5-2-1
mn-1-216-5-2-1--staccato--1,staccato,derive,mn-1-216-5-2-1
mn-1-216-5-2-2--staccatissimo--1,staccatissimo,derive,mn-1-216-5-2-2
mn-1-216-5-2-2--staccato--1,staccato,derive,mn-1-216-5-2-2
mn-1-216-5-2-4--slur--start--1,slur,stamp,mn-1-216-5-2-4
md-1-216-1-1,dynamics,md,1
mn-1-217-5-2-1--slur--stop--1,slur,stamp,mn-1-217-5-2-1
mn-1-217-5-2-1--staccatissimo--1,staccatissimo,derive,mn-1-217-5-2-1
mn-1-217-5-2-1--staccato--1,staccato,derive,mn-1-217-5-2-1
mn-1-217-5-2-2--staccatissimo--1,staccatissimo,derive,mn-1-217-5-2-2
mn-1-217-5-2-2--staccato--1,staccato,derive,mn-1-217-5-2-2
mn-1-217-5-2-4--slur--start--1,slur,stamp,mn-1-217-5-2-4
mn-1-218-5-2-1--slur--stop--1,slur,stamp,mn-1-218-5-2-1
mn-1-218-5-2-1--staccatissimo--1,staccatissimo,derive,mn-1-218-5-2-1
mn-1-218-5-2-1--staccato--1,staccato,derive,mn-1-218-5-2-1
mn-1-218-5-2-2--staccatissimo--1,staccatissimo,derive,mn-1-218-5-2-2
mn-1-218-5-2-2--staccato--1,staccato,derive,mn-1-218-5-2-2
mn-1-218-5-2-3--staccatissimo--1,staccatissimo,derive,mn-1-218-5-2-3
mn-1-218-5-2-3--staccato--1,staccato,derive,mn-1-218-5-2-3
mn-1-218-5-2-4--staccatissimo--1,staccatissimo,derive,mn-1-218-5-2-4
mn-1-218-5-2-4--staccato--1,staccato,derive,mn-1-218-5-2-4
md-1-218-1-1,dynamics,md,1
mn-1-219-5-2-1--staccatissimo--1,staccatissimo,derive,mn-1-219-5-2-1
mn-1-219-5-2-1--staccato--1,staccato,derive,mn-1-219-5-2-1
mn-1-219-5-2-2--staccatissimo--1,staccatissimo,derive,mn-1-219-5-2-2
mn-1-219-5-2-2--staccato--1,staccato,derive,mn-1-219-5-2-2
mn-1-219-5-2-3--staccatissimo--1,staccatissimo,derive,mn-1-219-5-2-3
mn-1-219-5-2-3--staccato--1,staccato,derive,mn-1-219-5-2-3
mn-1-219-5-2-4--staccatissimo--1,staccatissimo,derive,mn-1-219-5-2-4
mn-1-219-5-2-4--staccato--1,staccato,derive,mn-1-219-5-2-4
mn-1-220-5-2-1--staccatissimo--1,staccatissimo,derive,mn-1-220-5-2-1
mn-1-220-5-2-1--staccato--1,staccato,derive,mn-1-220-5-2-1
mn-1-220-5-2-2--staccatissimo--1,staccatissimo,derive,mn-1-220-5-2-2
mn-1-220-5-2-2--staccato--1,staccato,derive,mn-1-220-5-2-2
mn-1-220-5-2-3--staccatissimo--1,staccatissimo,derive,mn-1-220-5-2-3
mn-1-220-5-2-3--staccato--1,staccato,derive,mn-1-220-5-2-3
mn-1-220-5-2-4--staccatissimo--1,staccatissimo,derive,mn-1-220-5-2-4
mn-1-220-5-2-4--staccato--1,staccato,derive,mn-1-220-5-2-4
mn-1-221-5-2-1--staccatissimo--1,staccatissimo,derive,mn-1-221-5-2-1
mn-1-221-5-2-1--staccato--1,staccato,derive,mn-1-221-5-2-1
mn-1-221-5-2-2--staccatissimo--1,staccatissimo,derive,mn-1-221-5-2-2
mn-1-221-5-2-2--staccato--1,staccato,derive,mn-1-221-5-2-2
mn-1-221-5-2-3--staccatissimo--1,staccatissimo,derive,mn-1-221-5-2-3
mn-1-221-5-2-3--staccato--1,staccato,derive,mn-1-221-5-2-3
mn-1-221-5-2-4--staccatissimo--1,staccatissimo,derive,mn-1-221-5-2-4
mn-1-221-5-2-4--staccato--1,staccato,derive,mn-1-221-5-2-4
mn-1-222-5-2-1--staccatissimo--1,staccatissimo,derive,mn-1-222-5-2-1
mn-1-222-5-2-1--staccato--1,staccato,derive,mn-1-222-5-2-1
mn-1-222-5-2-2--staccatissimo--1,staccatissimo,derive,mn-1-222-5-2-2
mn-1-222-5-2-2--staccato--1,staccato,derive,mn-1-222-5-2-2
mn-1-222-5-2-3--staccatissimo--1,staccatissimo,derive,mn-1-222-5-2-3
mn-1-222-5-2-3--staccato--1,staccato,derive,mn-1-222-5-2-3
mn-1-222-5-2-4--staccatissimo--1,staccatissimo,derive,mn-1-222-5-2-4
mn-1-222-5-2-4--staccato--1,staccato,derive,mn-1-222-5-2-4
md-1-222-1-1,dynamics,md,1
mn-1-223-5-2-1--staccatissimo--1,staccatissimo,derive,mn-1-223-5-2-1
mn-1-223-5-2-1--staccato--1,staccato,derive,mn-1-223-5-2-1
mn-1-223-5-2-2--staccatissimo--1,staccatissimo,derive,mn-1-223-5-2-2
mn-1-223-5-2-2--staccato--1,staccato,derive,mn-1-223-5-2-2
mn-1-223-5-2-3--staccatissimo--1,staccatissimo,derive,mn-1-223-5-2-3
mn-1-223-5-2-3--staccato--1,staccato,derive,mn-1-223-5-2-3
mn-1-223-5-2-4--staccatissimo--1,staccatissimo,derive,mn-1-223-5-2-4
mn-1-223-5-2-4--staccato--1,staccato,derive,mn-1-223-5-2-4
mn-1-224-1-1-3--slur--start--1,slur,stamp,mn-1-224-1-1-3
mn-1-225-1-1-4--slur--stop--1,slur,stamp,mn-1-225-1-1-4
md-1-225-1-1,dynamics,md,1
mn-1-226-1-1-2--slur--start--1,slur,stamp,mn-1-226-1-1-2
mn-1-227-1-1-4--slur--stop--1,slur,stamp,mn-1-227-1-1-4
md-1-227-1-1,dynamics,md,1
mn-1-228-1-1-2--staccatissimo--1,staccatissimo,derive,mn-1-228-1-1-2
mn-1-228-1-1-2--staccato--1,staccato,derive,mn-1-228-1-1-2
mn-1-228-1-1-4--staccatissimo--1,staccatissimo,derive,mn-1-228-1-1-4
mn-1-228-1-1-4--staccato--1,staccato,derive,mn-1-228-1-1-4
mn-1-228-1-1-6--staccatissimo--1,staccatissimo,derive,mn-1-228-1-1-6
mn-1-228-1-1-6--staccato--1,staccato,derive,mn-1-228-1-1-6
mn-1-229-1-1-1--slur--start--1,slur,stamp,mn-1-229-1-1-1
mn-1-229-1-1-3--slur--stop--1,slur,stamp,mn-1-229-1-1-3
mn-1-229-1-1-5--staccatissimo--1,staccatissimo,derive,mn-1-229-1-1-5
mn-1-229-1-1-5--staccato--1,staccato,derive,mn-1-229-1-1-5
mn-1-229-1-1-7--staccatissimo--1,staccatissimo,derive,mn-1-229-1-1-7
mn-1-229-1-1-7--staccato--1,staccato,derive,mn-1-229-1-1-7
md-1-229-1-1,dynamics,md,1
mn-1-230-1-1-1--staccatissimo--1,staccatissimo,derive,mn-1-230-1-1-1
mn-1-230-1-1-1--staccato--1,staccato,derive,mn-1-230-1-1-1
mn-1-230-1-1-3--staccatissimo--1,staccatissimo,derive,mn-1-230-1-1-3
mn-1-230-1-1-3--staccato--1,staccato,derive,mn-1-230-1-1-3
mn-1-230-1-1-5--staccatissimo--1,staccatissimo,derive,mn-1-230-1-1-5
mn-1-230-1-1-5--staccato--1,staccato,derive,mn-1-230-1-1-5
mn-1-230-1-1-7--staccatissimo--1,staccatissimo,derive,mn-1-230-1-1-7
mn-1-230-1-1-7--staccato--1,staccato,derive,mn-1-230-1-1-7
mn-1-231-1-1-1--staccatissimo--1,staccatissimo,derive,mn-1-231-1-1-1
mn-1-231-1-1-1--staccato--1,staccato,derive,mn-1-231-1-1-1
mn-1-231-1-1-3--staccatissimo--1,staccatissimo,derive,mn-1-231-1-1-3
mn-1-231-1-1-3--staccato--1,staccato,derive,mn-1-231-1-1-3
mn-1-231-1-1-5--staccatissimo--1,staccatissimo,derive,mn-1-231-1-1-5
mn-1-231-1-1-5--staccato--1,staccato,derive,mn-1-231-1-1-5
mn-1-232-1-1-2--staccatissimo--1,staccatissimo,derive,mn-1-232-1-1-2
mn-1-232-1-1-2--staccato--1,staccato,derive,mn-1-232-1-1-2
mn-1-232-1-1-4--staccatissimo--1,staccatissimo,derive,mn-1-232-1-1-4
mn-1-232-1-1-4--staccato--1,staccato,derive,mn-1-232-1-1-4
mn-1-232-1-1-6--staccatissimo--1,staccatissimo,derive,mn-1-232-1-1-6
mn-1-232-1-1-6--staccato--1,staccato,derive,mn-1-232-1-1-6
mn-1-233-1-1-1--slur--start--1,slur,stamp,mn-1-233-1-1-1
mn-1-233-1-1-3--slur--stop--1,slur,stamp,mn-1-233-1-1-3
mn-1-233-1-1-5--staccatissimo--1,staccatissimo,derive,mn-1-233-1-1-5
mn-1-233-1-1-5--staccato--1,staccato,derive,mn-1-233-1-1-5
mn-1-233-1-1-7--staccatissimo--1,staccatissimo,derive,mn-1-233-1-1-7
mn-1-233-1-1-7--staccato--1,staccato,derive,mn-1-233-1-1-7
md-1-233-1-1,dynamics,md,1
mn-1-234-1-1-1--staccatissimo--1,staccatissimo,derive,mn-1-234-1-1-1
mn-1-234-1-1-1--staccato--1,staccato,derive,mn-1-234-1-1-1
mn-1-234-1-1-3--staccatissimo--1,staccatissimo,derive,mn-1-234-1-1-3
mn-1-234-1-1-3--staccato--1,staccato,derive,mn-1-234-1-1-3
mn-1-234-1-1-5--staccatissimo--1,staccatissimo,derive,mn-1-234-1-1-5
mn-1-234-1-1-5--staccato--1,staccato,derive,mn-1-234-1-1-5
mn-1-234-1-1-7--staccatissimo--1,staccatissimo,derive,mn-1-234-1-1-7
mn-1-234-1-1-7--staccato--1,staccato,derive,mn-1-234-1-1-7
mn-1-235-1-1-1--staccatissimo--1,staccatissimo,derive,mn-1-235-1-1-1
mn-1-235-1-1-1--staccato--1,staccato,derive,mn-1-235-1-1-1
mn-1-235-1-1-3--staccatissimo--1,staccatissimo,derive,mn-1-235-1-1-3
mn-1-235-1-1-3--staccato--1,staccato,derive,mn-1-235-1-1-3
mn-1-235-1-1-5--staccatissimo--1,staccatissimo,derive,mn-1-235-1-1-5
mn-1-235-1-1-5--staccato--1,staccato,derive,mn-1-235-1-1-5
mn-1-235-1-1-7--staccatissimo--1,staccatissimo,derive,mn-1-235-1-1-7
mn-1-235-1-1-7--staccato--1,staccato,derive,mn-1-235-1-1-7
mn-1-236-1-1-1--staccatissimo--1,staccatissimo,derive,mn-1-236-1-1-1
mn-1-236-1-1-1--staccato--1,staccato,derive,mn-1-236-1-1-1
mn-1-236-1-1-3--staccatissimo--1,staccatissimo,derive,mn-1-236-1-1-3
mn-1-236-1-1-3--staccato--1,staccato,derive,mn-1-236-1-1-3
mn-1-236-1-1-5--staccatissimo--1,staccatissimo,derive,mn-1-236-1-1-5
mn-1-236-1-1-5--staccato--1,staccato,derive,mn-1-236-1-1-5
mn-1-236-1-1-7--staccatissimo--1,staccatissimo,derive,mn-1-236-1-1-7
mn-1-236-1-1-7--staccato--1,staccato,derive,mn-1-236-1-1-7
mn-1-237-1-1-1--staccatissimo--1,staccatissimo,derive,mn-1-237-1-1-1
mn-1-237-1-1-1--staccato--1,staccato,derive,mn-1-237-1-1-1
mn-1-237-1-1-3--staccatissimo--1,staccatissimo,derive,mn-1-237-1-1-3
mn-1-237-1-1-3--staccato--1,staccato,derive,mn-1-237-1-1-3
mn-1-237-1-1-5--staccatissimo--1,staccatissimo,derive,mn-1-237-1-1-5
mn-1-237-1-1-5--staccato--1,staccato,derive,mn-1-237-1-1-5
mn-1-237-1-1-7--staccatissimo--1,staccatissimo,derive,mn-1-237-1-1-7
mn-1-237-1-1-7--staccato--1,staccato,derive,mn-1-237-1-1-7
mn-1-238-1-1-1--staccatissimo--1,staccatissimo,derive,mn-1-238-1-1-1
mn-1-238-1-1-1--staccato--1,staccato,derive,mn-1-238-1-1-1
mn-1-238-1-1-3--staccatissimo--1,staccatissimo,derive,mn-1-238-1-1-3
mn-1-238-1-1-3--staccato--1,staccato,derive,mn-1-238-1-1-3
mn-1-238-1-1-5--staccatissimo--1,staccatissimo,derive,mn-1-238-1-1-5
mn-1-238-1-1-5--staccato--1,staccato,derive,mn-1-238-1-1-5
mn-1-238-1-1-7--staccatissimo--1,staccatissimo,derive,mn-1-238-1-1-7
mn-1-238-1-1-7--staccato--1,staccato,derive,mn-1-238-1-1-7
mn-1-239-1-1-1--staccatissimo--1,staccatissimo,derive,mn-1-239-1-1-1
mn-1-239-1-1-1--staccato--1,staccato,derive,mn-1-239-1-1-1
mn-1-239-1-1-3--staccatissimo--1,staccatissimo,derive,mn-1-239-1-1-3
mn-1-239-1-1-3--staccato--1,staccato,derive,mn-1-239-1-1-3
mn-1-239-1-1-5--staccatissimo--1,staccatissimo,derive,mn-1-239-1-1-5
mn-1-239-1-1-5--staccato--1,staccato,derive,mn-1-239-1-1-5
mn-1-239-1-1-7--staccatissimo--1,staccatissimo,derive,mn-1-239-1-1-7
mn-1-239-1-1-7--staccato--1,staccato,derive,mn-1-239-1-1-7
mn-1-240-1-1-1--staccatissimo--1,staccatissimo,derive,mn-1-240-1-1-1
mn-1-240-1-1-1--staccato--1,staccato,derive,mn-1-240-1-1-1
mn-1-240-1-1-3--staccatissimo--1,staccatissimo,derive,mn-1-240-1-1-3
mn-1-240-1-1-3--staccato--1,staccato,derive,mn-1-240-1-1-3
mn-1-240-1-1-5--staccatissimo--1,staccatissimo,derive,mn-1-240-1-1-5
mn-1-240-1-1-5--staccato--1,staccato,derive,mn-1-240-1-1-5
mn-1-240-1-1-7--staccatissimo--1,staccatissimo,derive,mn-1-240-1-1-7
mn-1-240-1-1-7--staccato--1,staccato,derive,mn-1-240-1-1-7
mn-1-241-1-1-1--staccatissimo--1,staccatissimo,derive,mn-1-241-1-1-1
mn-1-241-1-1-1--staccato--1,staccato,derive,mn-1-241-1-1-1
mn-1-241-1-1-3--staccatissimo--1,staccatissimo,derive,mn-1-241-1-1-3
mn-1-241-1-1-3--staccato--1,staccato,derive,mn-1-241-1-1-3
mn-1-241-1-1-5--staccatissimo--1,staccatissimo,derive,mn-1-241-1-1-5
mn-1-241-1-1-5--staccato--1,staccato,derive,mn-1-241-1-1-5
mn-1-241-1-1-7--staccatissimo--1,staccatissimo,derive,mn-1-241-1-1-7
mn-1-241-1-1-7--staccato--1,staccato,derive,mn-1-241-1-1-7
mn-1-242-1-1-1--staccatissimo--1,staccatissimo,derive,mn-1-242-1-1-1
mn-1-242-1-1-1--staccato--1,staccato,derive,mn-1-242-1-1-1
mn-1-242-1-1-3--staccatissimo--1,staccatissimo,derive,mn-1-242-1-1-3
mn-1-242-1-1-3--staccato--1,staccato,derive,mn-1-242-1-1-3
mn-1-242-1-1-5--staccatissimo--1,staccatissimo,derive,mn-1-242-1-1-5
mn-1-242-1-1-5--staccato--1,staccato,derive,mn-1-242-1-1-5
mn-1-242-1-1-7--staccatissimo--1,staccatissimo,derive,mn-1-242-1-1-7
mn-1-242-1-1-7--staccato--1,staccato,derive,mn-1-242-1-1-7
md-1-242-1-1,dynamics,md,1
mn-1-243-1-1-1--staccatissimo--1,staccatissimo,derive,mn-1-243-1-1-1
mn-1-243-1-1-1--staccato--1,staccato,derive,mn-1-243-1-1-1
mn-1-243-1-1-3--staccatissimo--1,staccatissimo,derive,mn-1-243-1-1-3
mn-1-243-1-1-3--staccato--1,staccato,derive,mn-1-243-1-1-3
mn-1-243-1-1-5--staccatissimo--1,staccatissimo,derive,mn-1-243-1-1-5
mn-1-243-1-1-5--staccato--1,staccato,derive,mn-1-243-1-1-5
mn-1-243-1-1-7--staccatissimo--1,staccatissimo,derive,mn-1-243-1-1-7
mn-1-243-1-1-7--staccato--1,staccato,derive,mn-1-243-1-1-7
md-1-243-1-1,dynamics,md,1
mn-1-244-1-1-1--staccatissimo--1,staccatissimo,derive,mn-1-244-1-1-1
mn-1-244-1-1-1--staccato--1,staccato,derive,mn-1-244-1-1-1
mn-1-244-1-1-3--staccatissimo--1,staccatissimo,derive,mn-1-244-1-1-3
mn-1-244-1-1-3--staccato--1,staccato,derive,mn-1-244-1-1-3
mn-1-244-1-1-5--staccatissimo--1,staccatissimo,derive,mn-1-244-1-1-5
mn-1-244-1-1-5--staccato--1,staccato,derive,mn-1-244-1-1-5
mn-1-244-1-1-7--staccatissimo--1,staccatissimo,derive,mn-1-244-1-1-7
mn-1-244-1-1-7--staccato--1,staccato,derive,mn-1-244-1-1-7
md-1-244-1-1,dynamics,md,1
mn-1-245-1-1-1--staccatissimo--1,staccatissimo,derive,mn-1-245-1-1-1
mn-1-245-1-1-1--staccato--1,staccato,derive,mn-1-245-1-1-1
mn-1-245-1-1-3--staccatissimo--1,staccatissimo,derive,mn-1-245-1-1-3
mn-1-245-1-1-3--staccato--1,staccato,derive,mn-1-245-1-1-3
mn-1-245-1-1-5--staccatissimo--1,staccatissimo,derive,mn-1-245-1-1-5
mn-1-245-1-1-5--staccato--1,staccato,derive,mn-1-245-1-1-5
mn-1-245-1-1-7--staccatissimo--1,staccatissimo,derive,mn-1-245-1-1-7
mn-1-245-1-1-7--staccato--1,staccato,derive,mn-1-245-1-1-7
md-1-245-1-1,dynamics,md,1
mn-1-246-1-1-1--staccatissimo--1,staccatissimo,derive,mn-1-246-1-1-1
mn-1-246-1-1-1--staccato--1,staccato,derive,mn-1-246-1-1-1
mn-1-246-1-1-3--staccatissimo--1,staccatissimo,derive,mn-1-246-1-1-3
mn-1-246-1-1-3--staccato--1,staccato,derive,mn-1-246-1-1-3
mn-1-246-1-1-5--staccatissimo--1,staccatissimo,derive,mn-1-246-1-1-5
mn-1-246-1-1-5--staccato--1,staccato,derive,mn-1-246-1-1-5
mn-1-246-1-1-7--staccatissimo--1,staccatissimo,derive,mn-1-246-1-1-7
mn-1-246-1-1-7--staccato--1,staccato,derive,mn-1-246-1-1-7
md-1-246-2-1,dynamics,md,2
mn-1-247-1-1-1--staccatissimo--1,staccatissimo,derive,mn-1-247-1-1-1
mn-1-247-1-1-1--staccato--1,staccato,derive,mn-1-247-1-1-1
mn-1-247-1-1-3--staccatissimo--1,staccatissimo,derive,mn-1-247-1-1-3
mn-1-247-1-1-3--staccato--1,staccato,derive,mn-1-247-1-1-3
mn-1-247-1-1-5--staccatissimo--1,staccatissimo,derive,mn-1-247-1-1-5
mn-1-247-1-1-5--staccato--1,staccato,derive,mn-1-247-1-1-5
mn-1-247-1-1-7--staccatissimo--1,staccatissimo,derive,mn-1-247-1-1-7
mn-1-247-1-1-7--staccato--1,staccato,derive,mn-1-247-1-1-7
md-1-247-2-1,dynamics,md,2
mn-1-248-1-1-1--staccatissimo--1,staccatissimo,derive,mn-1-248-1-1-1
mn-1-248-1-1-1--staccato--1,staccato,derive,mn-1-248-1-1-1
mn-1-248-1-1-3--staccatissimo--1,staccatissimo,derive,mn-1-248-1-1-3
mn-1-248-1-1-3--staccato--1,staccato,derive,mn-1-248-1-1-3
mn-1-248-1-1-5--staccatissimo--1,staccatissimo,derive,mn-1-248-1-1-5
mn-1-248-1-1-5--staccato--1,staccato,derive,mn-1-248-1-1-5
mn-1-248-1-1-7--staccatissimo--1,staccatissimo,derive,mn-1-248-1-1-7
mn-1-248-1-1-7--staccato--1,staccato,derive,mn-1-248-1-1-7
md-1-248-2-1,dynamics,md,2
mn-1-249-1-1-1--staccatissimo--1,staccatissimo,derive,mn-1-249-1-1-1
mn-1-249-1-1-1--staccato--1,staccato,derive,mn-1-249-1-1-1
mn-1-249-1-1-3--staccatissimo--1,staccatissimo,derive,mn-1-249-1-1-3
mn-1-249-1-1-3--staccato--1,staccato,derive,mn-1-249-1-1-3
mn-1-249-1-1-5--staccatissimo--1,staccatissimo,derive,mn-1-249-1-1-5
mn-1-249-1-1-5--staccato--1,staccato,derive,mn-1-249-1-1-5
mn-1-249-1-1-7--staccatissimo--1,staccatissimo,derive,mn-1-249-1-1-7
mn-1-249-1-1-7--staccato--1,staccato,derive,mn-1-249-1-1-7
md-1-249-2-1,dynamics,md,2
mn-1-250-1-1-1--staccatissimo--1,staccatissimo,derive,mn-1-250-1-1-1
mn-1-250-1-1-1--staccato--1,staccato,derive,mn-1-250-1-1-1
md-1-250-1-1,dynamics,md,1
md-1-250-1-2,dynamics,md,1
md-1-250-2-1,dynamics,md,2
md-1-252-1-1,dynamics,md,1
mn-1-254-1-1-1--tied--start--1,tied,stamp,mn-1-254-1-1-1
mn-1-254-1-1-2--tied--start--1,tied,stamp,mn-1-254-1-1-2
mn-1-254-1-1-3--tied--start--1,tied,stamp,mn-1-254-1-1-3
mn-1-254-5-2-1--tied--start--1,tied,stamp,mn-1-254-5-2-1
mn-1-254-5-2-2--tied--start--1,tied,stamp,mn-1-254-5-2-2
md-1-254-1-1,dynamics,md,1
mn-1-255-1-1-1--tied--stop--1,tied,stamp,mn-1-255-1-1-1
mn-1-255-1-1-1--fermata--upright--1,fermata,stamp,mn-1-255-1-1-1
mn-1-255-1-1-2--tied--stop--1,tied,stamp,mn-1-255-1-1-2
mn-1-255-1-1-3--tied--stop--1,tied,stamp,mn-1-255-1-1-3
mn-1-255-5-2-1--tied--stop--1,tied,stamp,mn-1-255-5-2-1
mn-1-255-5-2-1--fermata--upright--1,fermata,stamp,mn-1-255-5-2-1
mn-1-255-5-2-2--tied--stop--1,tied,stamp,mn-1-255-5-2-2
mn-1-256-1-1-4--slur--start--1,slur,stamp,mn-1-256-1-1-4
mn-1-256-1-1-8--slur--stop--1,slur,stamp,mn-1-256-1-1-8
md-1-256-1-1,dynamics,md,1
md-1-256-1-2,words,md,1
mn-1-257-1-1-4--slur--start--1,slur,stamp,mn-1-257-1-1-4
mn-1-257-1-1-10--slur--stop--1,slur,stamp,mn-1-257-1-1-10
md-1-257-1-1,dynamics,md,1
mn-1-258-1-1-3--slur--start--1,slur,stamp,mn-1-258-1-1-3
mn-1-258-1-1-12--slur--stop--1,slur,stamp,mn-1-258-1-1-12
mn-1-258-5-2-5--slur--start--1,slur,stamp,mn-1-258-5-2-5
mn-1-258-5-2-14--slur--stop--1,slur,stamp,mn-1-258-5-2-14
md-1-258-1-1,dynamics,md,1
mn-1-259-1-1-1--slur--start--1,slur,stamp,mn-1-259-1-1-1
mn-1-259-1-1-3--slur--stop--1,slur,stamp,mn-1-259-1-1-3
mn-1-259-1-1-6--slur--start--1,slur,stamp,mn-1-259-1-1-6
mn-1-259-1-1-11--slur--stop--1,slur,stamp,mn-1-259-1-1-11
mn-1-259-5-2-1--slur--start--1,slur,stamp,mn-1-259-5-2-1
mn-1-259-5-2-2--slur--stop--1,slur,stamp,mn-1-259-5-2-2
mn-1-259-5-2-3--slur--start--1,slur,stamp,mn-1-259-5-2-3
mn-1-259-5-2-8--slur--stop--1,slur,stamp,mn-1-259-5-2-8
md-1-259-1-1,dynamics,md,1
mn-1-260-1-1-5--slur--start--1,slur,stamp,mn-1-260-1-1-5
mn-1-260-1-1-11--slur--stop--1,slur,stamp,mn-1-260-1-1-11
md-1-260-1-1,dynamics,md,1
mn-1-261-1-1-1--slur--start--1,slur,stamp,mn-1-261-1-1-1
mn-1-261-1-1-3--slur--stop--1,slur,stamp,mn-1-261-1-1-3
mn-1-261-1-1-7--staccatissimo--1,staccatissimo,derive,mn-1-261-1-1-7
mn-1-261-1-1-7--staccato--1,staccato,derive,mn-1-261-1-1-7
mn-1-261-1-1-9--slur--start--1,slur,stamp,mn-1-261-1-1-9
mn-1-261-1-1-9--trill-mark--1,trill-mark,derive,mn-1-261-1-1-9
mn-1-261-1-1-13--slur--stop--1,slur,stamp,mn-1-261-1-1-13
mn-1-261-2-1-1--tuplet--start--1,tuplet,stamp,mn-1-261-2-1-1
mn-1-261-2-1-5--tuplet--stop--1,tuplet,stamp,mn-1-261-2-1-5
md-1-261-1-1,dynamics,md,1
mn-1-262-1-1-1--staccatissimo--1,staccatissimo,derive,mn-1-262-1-1-1
mn-1-262-1-1-1--staccato--1,staccato,derive,mn-1-262-1-1-1
mn-1-262-1-1-3--slur--start--1,slur,stamp,mn-1-262-1-1-3
mn-1-262-1-1-3--trill-mark--1,trill-mark,derive,mn-1-262-1-1-3
mn-1-262-1-1-7--slur--stop--1,slur,stamp,mn-1-262-1-1-7
mn-1-262-1-1-9--slur--start--1,slur,stamp,mn-1-262-1-1-9
mn-1-262-1-1-15--tied--start--1,tied,stamp,mn-1-262-1-1-15
mn-1-262-1-1-16--tied--start--1,tied,stamp,mn-1-262-1-1-16
mn-1-262-1-1-17--tied--stop--1,tied,stamp,mn-1-262-1-1-17
mn-1-262-1-1-17--slur--stop--1,slur,stamp,mn-1-262-1-1-17
mn-1-262-1-1-18--tied--stop--1,tied,stamp,mn-1-262-1-1-18
mn-1-262-1-1-19--slur--start--1,slur,stamp,mn-1-262-1-1-19
mn-1-262-1-1-23--slur--stop--1,slur,stamp,mn-1-262-1-1-23
mn-1-262-2-1-1--tuplet--start--1,tuplet,stamp,mn-1-262-2-1-1
mn-1-262-2-1-5--tuplet--stop--1,tuplet,stamp,mn-1-262-2-1-5
md-1-262-2-1,dynamics,md,2
mn-1-263-1-1-1--slur--start--1,slur,stamp,mn-1-263-1-1-1
mn-1-263-1-1-3--slur--stop--1,slur,stamp,mn-1-263-1-1-3
mn-1-263-1-1-6--tied--start--1,tied,stamp,mn-1-263-1-1-6
mn-1-263-1-1-7--tied--stop--1,tied,stamp,mn-1-263-1-1-7
mn-1-263-1-1-23--slur--start--1,slur,stamp,mn-1-263-1-1-23
mn-1-263-1-1-23--trill-mark--1,trill-mark,derive,mn-1-263-1-1-23
mn-1-263-1-1-25--slur--stop--1,slur,stamp,mn-1-263-1-1-25
mn-1-263-2-1-1--tuplet--start--1,tuplet,stamp,mn-1-263-2-1-1
mn-1-263-2-1-15--tuplet--stop--1,tuplet,stamp,mn-1-263-2-1-15
md-1-263-1-1,dynamics,md,1
md-1-263-1-2,dynamics,md,1
md-1-263-1-3,dynamics,md,1
mn-1-264-1-1-3--tied--start--1,tied,stamp,mn-1-264-1-1-3
mn-1-264-1-1-4--tied--stop--1,tied,stamp,mn-1-264-1-1-4
mn-1-264-1-1-6--tied--start--1,tied,stamp,mn-1-264-1-1-6
md-1-264-1-1,dynamics,md,1
md-1-264-1-2,dynamics,md,1
md-1-264-1-3,dynamics,md,1
md-1-264-1-4,dynamics,md,1
mn-1-265-1-1-1--tied--stop--1,tied,stamp,mn-1-265-1-1-1
mn-1-265-1-1-1--tuplet--start--1,tuplet,stamp,mn-1-265-1-1-1
mn-1-265-1-1-1--tuplet--stop--2,tuplet,stamp,mn-1-265-1-1-1
mn-1-265-1-1-1--fermata--upright--1,fermata,stamp,mn-1-265-1-1-1
mn-1-265-1-1-2--tuplet--start--1,tuplet,stamp,mn-1-265-1-1-2
mn-1-265-1-1-2--slur--start--1,slur,stamp,mn-1-265-1-1-2
mn-1-265-1-1-7--tuplet--stop--1,tuplet,stamp,mn-1-265-1-1-7
mn-1-265-1-1-8--tuplet--start--1,tuplet,stamp,mn-1-265-1-1-8
mn-1-265-1-1-19--tuplet--stop--1,tuplet,stamp,mn-1-265-1-1-19
mn-1-265-1-1-20--tuplet--start--1,tuplet,stamp,mn-1-265-1-1-20
mn-1-265-1-2-6--slur--stop--1,slur,stamp,mn-1-265-1-2-6
mn-1-265-1-2-7--slur--start--1,slur,stamp,mn-1-265-1-2-7
mn-1-265-1-2-7--staccato--1,staccato,derive,mn-1-265-1-2-7
mn-1-265-1-2-8--staccato--1,staccato,derive,mn-1-265-1-2-8
mn-1-265-1-2-9--tuplet--stop--1,tuplet,stamp,mn-1-265-1-2-9
mn-1-265-1-2-9--slur--stop--1,slur,stamp,mn-1-265-1-2-9
mn-1-265-1-2-9--staccato--1,staccato,derive,mn-1-265-1-2-9
mn-1-265-5-2-1--fermata--upright--1,fermata,stamp,mn-1-265-5-2-1
md-1-265-1-1,dynamics,md,1
md-1-265-1-2,words,md,1
mn-1-266-1-2-1--slur--start--1,slur,stamp,mn-1-266-1-2-1
md-1-266-1-1,dynamics,md,1
md-1-266-1-2,words,md,1
mn-1-267-1-2-2--slur--stop--1,slur,stamp,mn-1-267-1-2-2
mn-1-268-1-2-1--slur--start--1,slur,stamp,mn-1-268-1-2-1
mn-1-268-1-2-2--tied--start--1,tied,stamp,mn-1-268-1-2-2
mn-1-268-1-2-2--slur--stop--1,slur,stamp,mn-1-268-1-2-2
md-1-268-1-1,dynamics,md,1
mn-1-269-1-2-1--tied--stop--1,tied,stamp,mn-1-269-1-2-1
mn-1-269-1-2-1--slur--start--1,slur,stamp,mn-1-269-1-2-1
mn-1-269-1-2-2--slur--stop--1,slur,stamp,mn-1-269-1-2-2
mn-1-269-1-2-4--staccatissimo--1,staccatissimo,derive,mn-1-269-1-2-4
mn-1-269-1-2-4--staccato--1,staccato,derive,mn-1-269-1-2-4
mn-1-269-1-2-6--staccatissimo--1,staccatissimo,derive,mn-1-269-1-2-6
mn-1-269-1-2-6--staccato--1,staccato,derive,mn-1-269-1-2-6
mn-1-270-1-1-1--slur--start--1,slur,stamp,mn-1-270-1-1-1
mn-1-272-1-1-3--tied--start--1,tied,stamp,mn-1-272-1-1-3
mn-1-272-1-1-3--slur--stop--1,slur,stamp,mn-1-272-1-1-3
mn-1-272-1-1-4--tied--start--1,tied,stamp,mn-1-272-1-1-4
md-1-272-1-1,dynamics,md,1
mn-1-273-1-1-1--tied--stop--1,tied,stamp,mn-1-273-1-1-1
mn-1-273-1-1-1--slur--start--1,slur,stamp,mn-1-273-1-1-1
mn-1-273-1-1-2--tied--stop--1,tied,stamp,mn-1-273-1-1-2
mn-1-273-1-1-3--slur--stop--1,slur,stamp,mn-1-273-1-1-3
mn-1-273-1-1-5--staccatissimo--1,staccatissimo,derive,mn-1-273-1-1-5
mn-1-273-1-1-5--staccato--1,staccato,derive,mn-1-273-1-1-5
mn-1-273-1-1-7--staccatissimo--1,staccatissimo,derive,mn-1-273-1-1-7
mn-1-273-1-1-7--staccato--1,staccato,derive,mn-1-273-1-1-7
mn-1-274-1-1-4--tied--start--1,tied,stamp,mn-1-274-1-1-4
mn-1-274-1-1-4--slur--start--1,slur,stamp,mn-1-274-1-1-4
mn-1-274-1-1-5--tied--start--1,tied,stamp,mn-1-274-1-1-5
mn-1-274-1-1-6--tied--start--1,tied,stamp,mn-1-274-1-1-6
md-1-274-1-1,dynamics,md,1
md-1-274-1-2,dynamics,md,1
mn-1-275-1-1-1--tied--stop--1,tied,stamp,mn-1-275-1-1-1
mn-1-275-1-1-2--tied--stop--1,tied,stamp,mn-1-275-1-1-2
mn-1-275-1-1-3--tied--stop--1,tied,stamp,mn-1-275-1-1-3
mn-1-275-1-1-4--slur--stop--1,slur,stamp,mn-1-275-1-1-4
mn-1-275-1-1-7--staccatissimo--1,staccatissimo,derive,mn-1-275-1-1-7
mn-1-275-1-1-7--staccato--1,staccato,derive,mn-1-275-1-1-7
mn-1-275-1-1-10--staccatissimo--1,staccatissimo,derive,mn-1-275-1-1-10
mn-1-275-1-1-10--staccato--1,staccato,derive,mn-1-275-1-1-10
mn-1-276-1-1-1--slur--start--1,slur,stamp,mn-1-276-1-1-1
mn-1-276-1-1-4--tied--start--1,tied,stamp,mn-1-276-1-1-4
mn-1-276-1-1-4--slur--stop--1,slur,stamp,mn-1-276-1-1-4
mn-1-276-1-1-5--tied--start--1,tied,stamp,mn-1-276-1-1-5
mn-1-276-1-1-6--tied--start--1,tied,stamp,mn-1-276-1-1-6
md-1-276-1-1,dynamics,md,1
mn-1-277-1-1-1--tied--stop--1,tied,stamp,mn-1-277-1-1-1
mn-1-277-1-1-1--slur--start--1,slur,stamp,mn-1-277-1-1-1
mn-1-277-1-1-2--tied--stop--1,tied,stamp,mn-1-277-1-1-2
mn-1-277-1-1-3--tied--stop--1,tied,stamp,mn-1-277-1-1-3
mn-1-277-1-1-4--slur--stop--1,slur,stamp,mn-1-277-1-1-4
mn-1-277-1-1-7--staccatissimo--1,staccatissimo,derive,mn-1-277-1-1-7
mn-1-277-1-1-7--staccato--1,staccato,derive,mn-1-277-1-1-7
mn-1-277-1-1-10--staccatissimo--1,staccatissimo,derive,mn-1-277-1-1-10
mn-1-277-1-1-10--staccato--1,staccato,derive,mn-1-277-1-1-10
mn-1-278-5-2-1--staccatissimo--1,staccatissimo,derive,mn-1-278-5-2-1
mn-1-278-5-2-1--staccato--1,staccato,derive,mn-1-278-5-2-1
mn-1-278-5-2-3--staccatissimo--1,staccatissimo,derive,mn-1-278-5-2-3
mn-1-278-5-2-3--staccato--1,staccato,derive,mn-1-278-5-2-3
mn-1-278-5-2-4--staccatissimo--1,staccatissimo,derive,mn-1-278-5-2-4
mn-1-278-5-2-4--staccato--1,staccato,derive,mn-1-278-5-2-4
mn-1-278-5-2-5--staccatissimo--1,staccatissimo,derive,mn-1-278-5-2-5
mn-1-278-5-2-5--staccato--1,staccato,derive,mn-1-278-5-2-5
md-1-278-1-1,dynamics,md,1
mn-1-279-5-2-1--staccatissimo--1,staccatissimo,derive,mn-1-279-5-2-1
mn-1-279-5-2-1--staccato--1,staccato,derive,mn-1-279-5-2-1
mn-1-279-5-2-2--staccatissimo--1,staccatissimo,derive,mn-1-279-5-2-2
mn-1-279-5-2-2--staccato--1,staccato,derive,mn-1-279-5-2-2
mn-1-279-5-2-3--staccatissimo--1,staccatissimo,derive,mn-1-279-5-2-3
mn-1-279-5-2-3--staccato--1,staccato,derive,mn-1-279-5-2-3
mn-1-279-5-2-4--staccatissimo--1,staccatissimo,derive,mn-1-279-5-2-4
mn-1-279-5-2-4--staccato--1,staccato,derive,mn-1-279-5-2-4
mn-1-280-5-2-1--staccatissimo--1,staccatissimo,derive,mn-1-280-5-2-1
mn-1-280-5-2-1--staccato--1,staccato,derive,mn-1-280-5-2-1
mn-1-280-5-2-3--staccatissimo--1,staccatissimo,derive,mn-1-280-5-2-3
mn-1-280-5-2-3--staccato--1,staccato,derive,mn-1-280-5-2-3
mn-1-280-5-2-4--staccatissimo--1,staccatissimo,derive,mn-1-280-5-2-4
mn-1-280-5-2-4--staccato--1,staccato,derive,mn-1-280-5-2-4
mn-1-280-5-2-5--staccatissimo--1,staccatissimo,derive,mn-1-280-5-2-5
mn-1-280-5-2-5--staccato--1,staccato,derive,mn-1-280-5-2-5
mn-1-281-5-2-1--staccatissimo--1,staccatissimo,derive,mn-1-281-5-2-1
mn-1-281-5-2-1--staccato--1,staccato,derive,mn-1-281-5-2-1
mn-1-281-5-2-2--staccatissimo--1,staccatissimo,derive,mn-1-281-5-2-2
mn-1-281-5-2-2--staccato--1,staccato,derive,mn-1-281-5-2-2
mn-1-281-5-2-3--staccatissimo--1,staccatissimo,derive,mn-1-281-5-2-3
mn-1-281-5-2-3--staccato--1,staccato,derive,mn-1-281-5-2-3
mn-1-281-5-2-4--staccatissimo--1,staccatissimo,derive,mn-1-281-5-2-4
mn-1-281-5-2-4--staccato--1,staccato,derive,mn-1-281-5-2-4
mn-1-282-5-2-1--staccatissimo--1,staccatissimo,derive,mn-1-282-5-2-1
mn-1-282-5-2-1--staccato--1,staccato,derive,mn-1-282-5-2-1
mn-1-282-5-2-2--staccatissimo--1,staccatissimo,derive,mn-1-282-5-2-2
mn-1-282-5-2-2--staccato--1,staccato,derive,mn-1-282-5-2-2
mn-1-282-5-2-3--staccatissimo--1,staccatissimo,derive,mn-1-282-5-2-3
mn-1-282-5-2-3--staccato--1,staccato,derive,mn-1-282-5-2-3
mn-1-282-5-2-4--staccatissimo--1,staccatissimo,derive,mn-1-282-5-2-4
mn-1-282-5-2-4--staccato--1,staccato,derive,mn-1-282-5-2-4
mn-1-283-5-2-1--staccatissimo--1,staccatissimo,derive,mn-1-283-5-2-1
mn-1-283-5-2-1--staccato--1,staccato,derive,mn-1-283-5-2-1
mn-1-283-5-2-2--staccatissimo--1,staccatissimo,derive,mn-1-283-5-2-2
mn-1-283-5-2-2--staccato--1,staccato,derive,mn-1-283-5-2-2
mn-1-283-5-2-3--staccatissimo--1,staccatissimo,derive,mn-1-283-5-2-3
mn-1-283-5-2-3--staccato--1,staccato,derive,mn-1-283-5-2-3
mn-1-283-5-2-4--staccatissimo--1,staccatissimo,derive,mn-1-283-5-2-4
mn-1-283-5-2-4--staccato--1,staccato,derive,mn-1-283-5-2-4
md-1-284-1-1,dynamics,md,1
