note_id,original_id,bar,voice,staff,ordinal
mn-0-1-1-1,n1,0,1,1,1
mn-0-5-2-1,n2,0,5,2,1
mn-0-5-2-2,n3,0,5,2,2
mn-0-5-2-3,n4,0,5,2,3
mn-1-1-1-1,n5,1,1,1,1
mn-1-2-1-1,n6,1,2,1,1
mn-1-2-1-2,n7,1,2,1,2
mn-1-5-2-1,n8,1,5,2,1
mn-1-5-2-2,n9,1,5,2,2
mn-1-5-2-3,n10,1,5,2,3
mn-2-1-1-1,n11,2,1,1,1
mn-2-1-1-2,n12,2,1,1,2
mn-2-2-1-1,n13,2,2,1,1
mn-2-2-1-2,n14,2,2,1,2
mn-2-5-2-1,n15,2,5,2,1
mn-2-5-2-2,n16,2,5,2,2
mn-2-5-2-3,n17,2,5,2,3
mn-3-1-1-1,n18,3,1,1,1
mn-3-1-1-2,n19,3,1,1,2
mn-3-1-1-3,n20,3,1,1,3
mn-3-2-1-1,n21,3,2,1,1
mn-3-2-1-2,n22,3,2,1,2
mn-3-2-1-3,n23,3,2,1,3
mn-3-2-1-4,n24,3,2,1,4
mn-3-5-2-1,n25,3,5,2,1
mn-3-5-2-2,n26,3,5,2,2
mn-3-5-2-3,n27,3,5,2,3
mn-4-1-1-1,n28,4,1,1,1
mn-4-1-1-2,n29,4,1,1,2
mn-4-2-1-1,n30,4,2,1,1
mn-4-5-2-1,n31,4,5,2,1
mn-4-6-2-1,n32,4,6,2,1
mn-4-6-2-2,n33,4,6,2,2
mn-4-6-2-3,n34,4,6,2,3
mn-5-1-1-1,n35,5,1,1,1
mn-5-1-1-2,n36,5,1,1,2
mn-5-2-1-1,n37,5,2,1,1
mn-5-5-2-1,n38,5,5,2,1
mn-5-6-2-1,n39,5,6,2,1
mn-5-6-2-2,n40,5,6,2,2
mn-5-6-2-3,n41,5,6,2,3
mn-6-1-1-1,n42,6,1,1,1
mn-6-1-1-2,n43,6,1,1,2
mn-6-5-2-1,n44,6,5,2,1
mn-6-6-2-1,n45,6,6,2,1
mn-6-6-2-2,n46,6,6,2,2
mn-6-6-2-3,n47,6,6,2,3
mn-7-1-1-1,n48,7,1,1,1
mn-7-1-1-2,n49,7,1,1,2
mn-7-5-2-1,n50,7,5,2,1
mn-7-6-2-1,n51,7,6,2,1
mn-7-6-2-2,n52,7,6,2,2
mn-7-6-2-3,n53,7,6,2,3
mn-8-1-1-1,n54,8,1,1,1
mn-8-1-1-2,n55,8,1,1,2
mn-8-1-1-3,n56,8,1,1,3
mn-8-1-1-4,n57,8,1,1,4
mn-8-1-1-5,n58,8,1,1,5
mn-8-1-1-6,n59,8,1,1,6
mn-8-5-2-1,n60,8,5,2,1
mn-8-6-2-1,n61,8,6,2,1
mn-8-6-2-2,n62,8,6,2,2
mn-8-6-2-3,n63,8,6,2,3
mn-9-1-1-1,n64,9,1,1,1
mn-9-1-1-2,n65,9,1,1,2
mn-9-1-1-3,n66,9,1,1,3
mn-9-1-1-4,n67,9,1,1,4
mn-9-5-2-1,n68,9,5,2,1
mn-9-5-2-2,n69,9,5,2,2
mn-9-5-2-3,n70,9,5,2,3
mn-9-6-2-1,n71,9,6,2,1
mn-10-1-1-1,n72,10,1,1,1
mn-10-5-2-1,n73,10,5,2,1
mn-10-6-2-1,n74,10,6,2,1
mn-10-6-2-2,n75,10,6,2,2
mn-10-6-2-3,n76,10,6,2,3
mn-11-1-1-1,n77,11,1,1,1
mn-11-2-1-1,n78,11,2,1,1
mn-11-5-2-1,n79,11,5,2,1
mn-11-6-2-1,n80,11,6,2,1
mn-11-6-2-2,n81,11,6,2,2
mn-11-6-2-3,n82,11,6,2,3
mn-12-1-1-1,n83,12,1,1,1
mn-12-1-1-2,n84,12,1,1,2
mn-12-2-1-1,n85,12,2,1,1
mn-12-5-2-1,n86,12,5,2,1
mn-12-6-2-1,n87,12,6,2,1
mn-12-6-2-2,n88,12,6,2,2
mn-12-6-2-3,n89,12,6,2,3
mn-13-1-1-1,n90,13,1,1,1
mn-13-1-1-2,n91,13,1,1,2
mn-13-1-1-3,n92,13,1,1,3
mn-13-2-1-1,n93,13,2,1,1
mn-13-5-2-1,n94,13,5,2,1
mn-13-6-2-1,n95,13,6,2,1
mn-13-6-2-2,n96,13,6,2,2
mn-13-6-2-3,n97,13,6,2,3
mn-14-1-1-1,n98,14,1,1,1
mn-14-1-1-2,n99,14,1,1,2
mn-14-2-1-1,n100,14,2,1,1
mn-14-5-2-1,n101,14,5,2,1
mn-14-6-2-1,n102,14,6,2,1
mn-14-6-2-2,n103,14,6,2,2
mn-14-6-2-3,n104,14,6,2,3
mn-15-1-1-1,n105,15,1,1,1
mn-15-1-1-2,n106,15,1,1,2
mn-15-2-1-1,n107,15,2,1,1
mn-15-5-2-1,n108,15,5,2,1
mn-15-6-2-1,n109,15,6,2,1
mn-15-6-2-2,n110,15,6,2,2
mn-15-6-2-3,n111,15,6,2,3
mn-16-1-1-1,n112,16,1,1,1
mn-16-1-1-2,n113,16,1,1,2
mn-16-5-2-1,n114,16,5,2,1
mn-16-6-2-1,n115,16,6,2,1
mn-16-6-2-2,n116,16,6,2,2
mn-16-6-2-3,n117,16,6,2,3
mn-17-1-1-1,n118,17,1,1,1
mn-17-1-1-2,n119,17,1,1,2
mn-17-5-2-1,n120,17,5,2,1
mn-17-6-2-1,n121,17,6,2,1
mn-17-6-2-2,n122,17,6,2,2
mn-17-6-2-3,n123,17,6,2,3
mn-18-1-1-1,n124,18,1,1,1
mn-18-1-1-2,n125,18,1,1,2
mn-18-1-1-3,n126,18,1,1,3
mn-18-1-1-4,n127,18,1,1,4
mn-18-1-1-5,n128,18,1,1,5
mn-18-1-1-6,n129,18,1,1,6
mn-18-5-2-1,n130,18,5,2,1
mn-18-6-2-1,n131,18,6,2,1
mn-18-6-2-2,n132,18,6,2,2
mn-18-6-2-3,n133,18,6,2,3
mn-19-1-1-1,n134,19,1,1,1
mn-19-1-1-2,n135,19,1,1,2
mn-19-1-1-3,n136,19,1,1,3
mn-19-1-1-4,n137,19,1,1,4
mn-19-5-2-1,n138,19,5,2,1
mn-19-5-2-2,n139,19,5,2,2
mn-19-5-2-3,n140,19,5,2,3
mn-19-6-2-1,n141,19,6,2,1
mn-20-1-1-1,n142,20,1,1,1
mn-20-1-1-2,n143,20,1,1,2
mn-20-5-2-1,n144,20,5,2,1
mn-20-5-2-2,n145,20,5,2,2
mn-20-5-2-3,n146,20,5,2,3
mn-20-6-2-1,n147,20,6,2,1
mn-21-1-1-1,n148,21,1,1,1
mn-21-1-1-2,n149,21,1,1,2
mn-21-1-1-3,n150,21,1,1,3
mn-21-1-1-4,n151,21,1,1,4
mn-21-1-1-5,n152,21,1,1,5
mn-21-1-1-6,n153,21,1,1,6
mn-21-5-2-1,n154,21,5,2,1
mn-21-5-2-2,n155,21,5,2,2
mn-21-5-2-3,n156,21,5,2,3
mn-21-6-2-1,n157,21,6,2,1
mn-21-6-2-2,n158,21,6,2,2
mn-21-6-2-3,n159,21,6,2,3
mn-22-1-1-1,n160,22,1,1,1
mn-22-1-1-2,n161,22,1,1,2
mn-22-2-1-1,n162,22,2,1,1
mn-22-5-2-1,n163,22,5,2,1
mn-22-5-2-2,n164,22,5,2,2
mn-22-5-2-3,n165,22,5,2,3
mn-22-6-2-1,n166,22,6,2,1
mn-23-1-1-1,n167,23,1,1,1
mn-23-1-1-2,n168,23,1,1,2
mn-23-2-1-1,n169,23,2,1,1
mn-23-2-1-2,n170,23,2,1,2
mn-23-5-2-1,n171,23,5,2,1
mn-23-5-2-2,n172,23,5,2,2
mn-23-5-2-3,n173,23,5,2,3
mn-23-6-2-1,n174,23,6,2,1
mn-23-6-2-2,n175,23,6,2,2
mn-24-1-1-1,n176,24,1,1,1
mn-24-1-1-2,n177,24,1,1,2
mn-24-1-1-3,n178,24,1,1,3
mn-24-5-2-1,n179,24,5,2,1
mn-24-5-2-2,n180,24,5,2,2
mn-24-5-2-3,n181,24,5,2,3
mn-24-6-2-1,n182,24,6,2,1
mn-24-6-2-2,n183,24,6,2,2
mn-25-1-1-1,n184,25,1,1,1
mn-25-1-1-2,n185,25,1,1,2
mn-25-1-1-3,n186,25,1,1,3
mn-25-5-2-1,n187,25,5,2,1
mn-25-5-2-2,n188,25,5,2,2
mn-25-5-2-3,n189,25,5,2,3
mn-25-6-2-1,n190,25,6,2,1
mn-25-6-2-2,n191,25,6,2,2
mn-26-1-1-1,n192,26,1,1,1
mn-26-1-1-2,n193,26,1,1,2
mn-26-1-1-3,n194,26,1,1,3
mn-26-1-1-4,n195,26,1,1,4
mn-26-1-1-5,n196,26,1,1,5
mn-26-1-1-6,n197,26,1,1,6
mn-26-5-2-1,n198,26,5,2,1
mn-26-5-2-2,n199,26,5,2,2
mn-26-5-2-3,n200,26,5,2,3
mn-26-6-2-1,n201,26,6,2,1
mn-27-1-1-1,n202,27,1,1,1
mn-27-1-1-2,n203,27,1,1,2
mn-27-1-1-3,n204,27,1,1,3
mn-27-1-1-4,n205,27,1,1,4
mn-27-1-1-5,n206,27,1,1,5
mn-27-1-1-6,n207,27,1,1,6
mn-27-1-1-7,n208,27,1,1,7
mn-27-1-1-8,n209,27,1,1,8
mn-27-5-2-1,n210,27,5,2,1
mn-27-5-2-2,n211,27,5,2,2
mn-27-5-2-3,n212,27,5,2,3
mn-28-1-1-1,n213,28,1,1,1
mn-28-1-1-2,n214,28,1,1,2
mn-28-5-2-1,n215,28,5,2,1
mn-28-5-2-2,n216,28,5,2,2
mn-28-5-2-3,n217,28,5,2,3
mn-28-6-2-1,n218,28,6,2,1
mn-29-1-1-1,n219,29,1,1,1
mn-29-1-1-2,n220,29,1,1,2
mn-29-1-1-3,n221,29,1,1,3
mn-29-1-1-4,n222,29,1,1,4
mn-29-1-1-5,n223,29,1,1,5
mn-29-1-1-6,n224,29,1,1,6
mn-29-5-2-1,n225,29,5,2,1
mn-29-5-2-2,n226,29,5,2,2
mn-29-5-2-3,n227,29,5,2,3
mn-29-6-2-1,n228,29,6,2,1
mn-29-6-2-2,n229,29,6,2,2
mn-29-6-2-3,n230,29,6,2,3
mn-30-1-1-1,n231,30,1,1,1
mn-30-1-1-2,n232,30,1,1,2
mn-30-1-1-3,n233,30,1,1,3
mn-30-1-1-4,n234,30,1,1,4
mn-30-5-2-1,n235,30,5,2,1
mn-30-5-2-2,n236,30,5,2,2
mn-30-5-2-3,n237,30,5,2,3
mn-30-6-2-1,n238,30,6,2,1
mn-31-1-1-1,n239,31,1,1,1
mn-31-1-1-2,n240,31,1,1,2
mn-31-1-1-3,n241,31,1,1,3
mn-31-1-1-4,n242,31,1,1,4
mn-31-5-2-1,n243,31,5,2,1
mn-31-5-2-2,n244,31,5,2,2
mn-31-5-2-3,n245,31,5,2,3
mn-31-6-2-1,n246,31,6,2,1
mn-31-6-2-2,n247,31,6,2,2
mn-32-1-1-1,n248,32,1,1,1
mn-32-1-1-2,n249,32,1,1,2
mn-32-1-1-3,n250,32,1,1,3
mn-32-1-1-4,n251,32,1,1,4
mn-32-1-1-5,n252,32,1,1,5
mn-32-1-1-6,n253,32,1,1,6
mn-32-5-2-1,n254,32,5,2,1
mn-32-5-2-2,n255,32,5,2,2
mn-32-5-2-3,n256,32,5,2,3
mn-32-6-2-1,n257,32,6,2,1
mn-32-6-2-2,n258,32,6,2,2
mn-33-1-1-1,n259,33,1,1,1
mn-33-1-1-2,n260,33,1,1,2
mn-33-1-1-3,n261,33,1,1,3
mn-33-1-1-4,n262,33,1,1,4
mn-33-1-1-5,n263,33,1,1,5
mn-33-1-1-6,n264,33,1,1,6
mn-33-5-2-1,n265,33,5,2,1
mn-33-5-2-2,n266,33,5,2,2
mn-33-5-2-3,n267,33,5,2,3
mn-33-6-2-1,n268,33,6,2,1
mn-33-6-2-2,n269,33,6,2,2
mn-34-1-1-1,n270,34,1,1,1
mn-34-1-1-2,n271,34,1,1,2
mn-34-1-1-3,n272,34,1,1,3
mn-34-1-1-4,n273,34,1,1,4
mn-34-1-1-5,n274,34,1,1,5
mn-34-1-1-6,n275,34,1,1,6
mn-34-1-1-7,n276,34,1,1,7
mn-34-5-2-1,n277,34,5,2,1
mn-34-5-2-2,n278,34,5,2,2
mn-34-5-2-3,n279,34,5,2,3
mn-34-6-2-1,n280,34,6,2,1
mn-35-1-1-1,n281,35,1,1,1
mn-35-1-1-2,n282,35,1,1,2
mn-35-1-1-3,n283,35,1,1,3
mn-35-1-1-4,n284,35,1,1,4
mn-35-1-1-5,n285,35,1,1,5
mn-35-1-1-6,n286,35,1,1,6
mn-35-5-2-1,n287,35,5,2,1
mn-35-5-2-2,n288,35,5,2,2
mn-35-5-2-3,n289,35,5,2,3
mn-35-6-2-1,n290,35,6,2,1
mn-36-1-1-1,n291,36,1,1,1
mn-36-1-1-2,n292,36,1,1,2
mn-36-1-1-3,n293,36,1,1,3
mn-36-1-1-4,n294,36,1,1,4
mn-36-1-1-5,n295,36,1,1,5
mn-36-1-1-6,n296,36,1,1,6
mn-36-5-2-1,n297,36,5,2,1
mn-36-5-2-2,n298,36,5,2,2
mn-36-5-2-3,n299,36,5,2,3
mn-36-6-2-1,n300,36,6,2,1
mn-36-6-2-2,n301,36,6,2,2
mn-37-1-1-1,n302,37,1,1,1
mn-37-1-1-2,n303,37,1,1,2
mn-37-1-1-3,n304,37,1,1,3
mn-37-1-1-4,n305,37,1,1,4
mn-37-1-1-5,n306,37,1,1,5
mn-37-1-1-6,n307,37,1,1,6
mn-37-5-2-1,n308,37,5,2,1
mn-37-5-2-2,n309,37,5,2,2
mn-37-5-2-3,n310,37,5,2,3
mn-37-6-2-1,n311,37,6,2,1
mn-37-6-2-2,n312,37,6,2,2
mn-38-1-1-1,n313,38,1,1,1
mn-38-1-1-2,n314,38,1,1,2
mn-38-1-1-3,n315,38,1,1,3
mn-38-1-1-4,n316,38,1,1,4
mn-38-5-2-1,n317,38,5,2,1
mn-38-5-2-2,n318,38,5,2,2
mn-38-5-2-3,n319,38,5,2,3
mn-38-6-2-1,n320,38,6,2,1
mn-39-1-1-1,n321,39,1,1,1
mn-39-2-1-1,n322,39,2,1,1
mn-39-5-2-1,n323,39,5,2,1
mn-39-6-2-1,n324,39,6,2,1
mn-40-1-1-1,n325,40,1,1,1
mn-40-2-1-1,n326,40,2,1,1
mn-40-5-2-1,n327,40,5,2,1
mn-40-6-2-1,n328,40,6,2,1
mn-41-1-1-1,n329,41,1,1,1
mn-41-1-1-2,n330,41,1,1,2
mn-41-1-1-3,n331,41,1,1,3
mn-41-1-1-4,n332,41,1,1,4
mn-41-2-1-1,n333,41,2,1,1
mn-41-2-1-2,r1,41,2,1,2
mn-41-2-1-3,r2,41,2,1,3
mn-41-5-2-1,n334,41,5,2,1
mn-41-6-2-1,n335,41,6,2,1
mn-42-1-1-1,n336,42,1,1,1
mn-42-1-1-2,n337,42,1,1,2
mn-42-1-1-3,r3,42,1,1,3
mn-42-5-2-1,n338,42,5,2,1
mn-42-5-2-2,n339,42,5,2,2
mn-42-5-2-3,n340,42,5,2,3
mn-42-6-2-1,n341,42,6,2,1
mn-43-1-1-1,n342,43,1,1,1
mn-43-2-1-1,n343,43,2,1,1
mn-43-5-2-1,n344,43,5,2,1
mn-43-6-2-1,n345,43,6,2,1
mn-44-1-1-1,n346,44,1,1,1
mn-44-2-1-1,n347,44,2,1,1
mn-44-5-2-1,n348,44,5,2,1
mn-44-6-2-1,n349,44,6,2,1
mn-45-1-1-1,n350,45,1,1,1
mn-45-1-1-2,n351,45,1,1,2
mn-45-1-1-3,n352,45,1,1,3
mn-45-1-1-4,n353,45,1,1,4
mn-45-2-1-1,n354,45,2,1,1
mn-45-2-1-2,r4,45,2,1,2
mn-45-2-1-3,r5,45,2,1,3
mn-45-5-2-1,n355,45,5,2,1
mn-45-6-2-1,n356,45,6,2,1
mn-46-1-1-1,n357,46,1,1,1
mn-46-1-1-2,n358,46,1,1,2
mn-46-1-1-3,r6,46,1,1,3
mn-46-5-2-1,n359,46,5,2,1
mn-46-5-2-2,n360,46,5,2,2
mn-46-5-2-3,n361,46,5,2,3
mn-46-6-2-1,n362,46,6,2,1
mn-47-1-1-1,r7,47,1,1,1
mn-47-1-1-2,n363,47,1,1,2
mn-47-1-1-3,n364,47,1,1,3
mn-47-1-1-4,n365,47,1,1,4
mn-47-1-1-5,n366,47,1,1,5
mn-47-1-1-6,n367,47,1,1,6
mn-47-2-1-1,n368,47,2,1,1
mn-47-5-2-1,n369,47,5,2,1
mn-47-6-2-1,n370,47,6,2,1
mn-48-1-1-1,n371,48,1,1,1
mn-48-2-1-1,n372,48,2,1,1
mn-48-2-1-2,n373,48,2,1,2
mn-48-2-1-3,n374,48,2,1,3
mn-48-2-1-4,n375,48,2,1,4
mn-48-2-1-5,n376,48,2,1,5
mn-48-2-1-6,n377,48,2,1,6
mn-48-5-2-1,n378,48,5,2,1
mn-48-6-2-1,n379,48,6,2,1
mn-49-1-1-1,n380,49,1,1,1
mn-49-1-1-2,n381,49,1,1,2
mn-49-1-1-3,n382,49,1,1,3
mn-49-1-1-4,n383,49,1,1,4
mn-49-1-1-5,n384,49,1,1,5
mn-49-1-1-6,n385,49,1,1,6
mn-49-2-1-1,n386,49,2,1,1
mn-49-2-1-2,r8,49,2,1,2
mn-49-2-1-3,r9,49,2,1,3
mn-49-5-2-1,n387,49,5,2,1
mn-49-6-2-1,n388,49,6,2,1
mn-50-1-1-1,n389,50,1,1,1
mn-50-1-1-2,n390,50,1,1,2
mn-50-1-1-3,n391,50,1,1,3
mn-50-1-1-4,n392,50,1,1,4
mn-50-1-1-5,n393,50,1,1,5
mn-50-1-1-6,n394,50,1,1,6
mn-50-5-2-1,n395,50,5,2,1
mn-50-5-2-2,n396,50,5,2,2
mn-50-5-2-3,n397,50,5,2,3
mn-50-6-2-1,n398,50,6,2,1
mn-51-1-1-1,r10,51,1,1,1
mn-51-1-1-2,n399,51,1,1,2
mn-51-1-1-3,n400,51,1,1,3
mn-51-1-1-4,n401,51,1,1,4
mn-51-1-1-5,n402,51,1,1,5
mn-51-1-1-6,n403,51,1,1,6
mn-51-2-1-1,n404,51,2,1,1
mn-51-5-2-1,n405,51,5,2,1
mn-51-6-2-1,n406,51,6,2,1
mn-52-1-1-1,n407,52,1,1,1
mn-52-2-1-1,n408,52,2,1,1
mn-52-2-1-2,n409,52,2,1,2
mn-52-2-1-3,n410,52,2,1,3
mn-52-2-1-4,n411,52,2,1,4
mn-52-2-1-5,n412,52,2,1,5
mn-52-2-1-6,n413,52,2,1,6
mn-52-5-2-1,n414,52,5,2,1
mn-52-6-2-1,n415,52,6,2,1
mn-53-1-1-1,n416,53,1,1,1
mn-53-1-1-2,n417,53,1,1,2
mn-53-1-1-3,n418,53,1,1,3
mn-53-1-1-4,n419,53,1,1,4
mn-53-1-1-5,n420,53,1,1,5
mn-53-1-1-6,n421,53,1,1,6
mn-53-2-1-1,n422,53,2,1,1
mn-53-2-1-2,r11,53,2,1,2
mn-53-2-1-3,r12,53,2,1,3
mn-53-5-2-1,n423,53,5,2,1
mn-53-5-2-2,n424,53,5,2,2
mn-53-5-2-3,n425,53,5,2,3
mn-54-1-1-1,n426,54,1,1,1
mn-54-1-1-2,n427,54,1,1,2
mn-54-1-1-3,n428,54,1,1,3
mn-54-1-1-4,n429,54,1,1,4
mn-54-1-1-5,n430,54,1,1,5
mn-54-1-1-6,n431,54,1,1,6
mn-54-5-2-1,n432,54,5,2,1
mn-54-5-2-2,n433,54,5,2,2
mn-54-5-2-3,n434,54,5,2,3
mn-54-5-2-4,n435,54,5,2,4
mn-54-5-2-5,n436,54,5,2,5
mn-55-1-1-1,n437,55,1,1,1
mn-55-1-1-2,n438,55,1,1,2
mn-55-1-1-3,n439,55,1,1,3
mn-55-1-1-4,n440,55,1,1,4
mn-55-1-1-5,n441,55,1,1,5
mn-55-1-1-6,n442,55,1,1,6
mn-55-5-2-1,n443,55,5,2,1
mn-55-5-2-2,n444,55,5,2,2
mn-55-5-2-3,n445,55,5,2,3
mn-56-1-1-1,n446,56,1,1,1
mn-56-1-1-2,n447,56,1,1,2
mn-56-1-1-3,n448,56,1,1,3
mn-56-1-1-4,n449,56,1,1,4
mn-56-1-1-5,n450,56,1,1,5
mn-56-1-1-6,n451,56,1,1,6
mn-56-5-2-1,n452,56,5,2,1
mn-56-5-2-2,n453,56,5,2,2
mn-56-5-2-3,n454,56,5,2,3
mn-56-5-2-4,n455,56,5,2,4
mn-56-5-2-5,n456,56,5,2,5
mn-57-1-1-1,n457,57,1,1,1
mn-57-1-1-2,n458,57,1,1,2
mn-57-1-1-3,n459,57,1,1,3
mn-57-1-1-4,n460,57,1,1,4
mn-57-1-1-5,n461,57,1,1,5
mn-57-1-1-6,n462,57,1,1,6
mn-57-5-2-1,n463,57,5,2,1
mn-57-5-2-2,n464,57,5,2,2
mn-57-5-2-3,n465,57,5,2,3
mn-58-1-1-1,n466,58,1,1,1
mn-58-1-1-2,n467,58,1,1,2
mn-58-1-1-3,n468,58,1,1,3
mn-58-1-1-4,n469,58,1,1,4
mn-58-1-1-5,n470,58,1,1,5
mn-58-1-1-6,n471,58,1,1,6
mn-58-5-2-1,n472,58,5,2,1
mn-58-5-2-2,n473,58,5,2,2
mn-58-5-2-3,n474,58,5,2,3
mn-58-5-2-4,n475,58,5,2,4
mn-58-5-2-5,n476,58,5,2,5
mn-59-1-1-1,n477,59,1,1,1
mn-59-1-1-2,n478,59,1,1,2
mn-59-1-1-3,n479,59,1,1,3
mn-59-1-1-4,n480,59,1,1,4
mn-59-1-1-5,n481,59,1,1,5
mn-59-1-1-6,n482,59,1,1,6
mn-59-5-2-1,n483,59,5,2,1
mn-60-1-1-1,n484,60,1,1,1
mn-60-5-2-1,n485,60,5,2,1
mn-61-1-1-1,n486,61,1,1,1
mn-61-5-2-1,n487,61,5,2,1
mn-62-1-1-1,n488,62,1,1,1
mn-62-1-1-2,n489,62,1,1,2
mn-62-1-1-3,n490,62,1,1,3
mn-62-5-2-1,n491,62,5,2,1
mn-62-5-2-2,n492,62,5,2,2
mn-62-5-2-3,n493,62,5,2,3
mn-63-1-1-1,n494,63,1,1,1
mn-63-1-1-2,n495,63,1,1,2
mn-63-1-1-3,n496,63,1,1,3
mn-63-5-2-1,n497,63,5,2,1
mn-63-5-2-2,n498,63,5,2,2
mn-63-5-2-3,n499,63,5,2,3
mn-64-1-1-1,n500,64,1,1,1
mn-64-1-1-2,n501,64,1,1,2
mn-64-1-1-3,n502,64,1,1,3
mn-64-5-2-1,n503,64,5,2,1
mn-64-5-2-2,n504,64,5,2,2
mn-64-5-2-3,n505,64,5,2,3
mn-65-1-1-1,n506,65,1,1,1
mn-65-1-1-2,n507,65,1,1,2
mn-65-1-1-3,n508,65,1,1,3
mn-65-5-2-1,n509,65,5,2,1
mn-65-5-2-2,n510,65,5,2,2
mn-65-5-2-3,n511,65,5,2,3
mn-66-1-1-1,n512,66,1,1,1
mn-66-2-1-1,n513,66,2,1,1
mn-66-2-1-2,n514,66,2,1,2
mn-66-2-1-3,n515,66,2,1,3
mn-66-5-2-1,n516,66,5,2,1
mn-66-5-2-2,n517,66,5,2,2
mn-66-5-2-3,n518,66,5,2,3
mn-67-1-1-1,n519,67,1,1,1
mn-67-1-1-2,n520,67,1,1,2
mn-67-1-1-3,n521,67,1,1,3
mn-67-2-1-1,n522,67,2,1,1
mn-67-2-1-2,n523,67,2,1,2
mn-67-5-2-1,n524,67,5,2,1
mn-67-5-2-2,n525,67,5,2,2
mn-67-5-2-3,n526,67,5,2,3
mn-68-1-1-1,n527,68,1,1,1
mn-68-1-1-2,n528,68,1,1,2
mn-68-2-1-1,n529,68,2,1,1
mn-68-2-1-2,n530,68,2,1,2
mn-68-2-1-3,n531,68,2,1,3
mn-68-2-1-4,n532,68,2,1,4
mn-68-5-2-1,n533,68,5,2,1
mn-68-5-2-2,n534,68,5,2,2
mn-68-5-2-3,n535,68,5,2,3
mn-69-1-1-1,n536,69,1,1,1
mn-69-1-1-2,n537,69,1,1,2
mn-69-1-1-3,n538,69,1,1,3
mn-69-1-1-4,n539,69,1,1,4
mn-69-1-1-5,n540,69,1,1,5
mn-69-1-1-6,n541,69,1,1,6
mn-69-2-1-1,n542,69,2,1,1
mn-69-2-1-2,r13,69,2,1,2
mn-69-2-1-3,r14,69,2,1,3
mn-69-2-1-4,r15,69,2,1,4
mn-69-5-2-1,n543,69,5,2,1
mn-69-5-2-2,n544,69,5,2,2
mn-69-5-2-3,n545,69,5,2,3
mn-69-5-2-4,n546,69,5,2,4
mn-69-5-2-5,n547,69,5,2,5
mn-69-5-2-6,n548,69,5,2,6
mn-70-1-1-1,n549,70,1,1,1
mn-70-5-2-1,n550,70,5,2,1
mn-70-6-2-1,n551,70,6,2,1
mn-70-6-2-2,n552,70,6,2,2
mn-70-6-2-3,n553,70,6,2,3
mn-71-1-1-1,n554,71,1,1,1
mn-71-5-2-1,n555,71,5,2,1
mn-71-6-2-1,n556,71,6,2,1
mn-71-6-2-2,n557,71,6,2,2
mn-71-6-2-3,n558,71,6,2,3
mn-72-1-1-1,n559,72,1,1,1
mn-72-1-1-2,n560,72,1,1,2
mn-72-5-2-1,n561,72,5,2,1
mn-72-5-2-2,n562,72,5,2,2
mn-72-6-2-1,n563,72,6,2,1
mn-72-6-2-2,n564,72,6,2,2
mn-72-6-2-3,n565,72,6,2,3
mn-73-1-1-1,n566,73,1,1,1
mn-73-1-1-2,n567,73,1,1,2
mn-73-5-2-1,n568,73,5,2,1
mn-73-5-2-2,n569,73,5,2,2
mn-73-6-2-1,n570,73,6,2,1
mn-73-6-2-2,n571,73,6,2,2
mn-73-6-2-3,n572,73,6,2,3
mn-74-1-1-1,n573,74,1,1,1
mn-74-1-1-2,n574,74,1,1,2
mn-74-5-2-1,n575,74,5,2,1
mn-74-5-2-2,n576,74,5,2,2
mn-74-6-2-1,n577,74,6,2,1
mn-74-6-2-2,n578,74,6,2,2
mn-74-6-2-3,n579,74,6,2,3
mn-75-1-1-1,n580,75,1,1,1
mn-75-1-1-2,n581,75,1,1,2
mn-75-5-2-1,n582,75,5,2,1
mn-75-5-2-2,n583,75,5,2,2
mn-75-6-2-1,n584,75,6,2,1
mn-75-6-2-2,n585,75,6,2,2
mn-75-6-2-3,n586,75,6,2,3
mn-76-1-1-1,n587,76,1,1,1
mn-76-2-1-1,n588,76,2,1,1
mn-76-2-1-2,n589,76,2,1,2
mn-76-2-1-3,n590,76,2,1,3
mn-76-2-1-4,n591,76,2,1,4
mn-76-2-1-5,n592,76,2,1,5
mn-76-2-1-6,n593,76,2,1,6
mn-76-5-2-1,n594,76,5,2,1
mn-76-5-2-2,n595,76,5,2,2
mn-76-5-2-3,n596,76,5,2,3
mn-76-5-2-4,n597,76,5,2,4
mn-76-5-2-5,n598,76,5,2,5
mn-76-5-2-6,n599,76,5,2,6
mn-76-6-2-1,n600,76,6,2,1
mn-77-1-1-1,n601,77,1,1,1
mn-77-1-1-2,n602,77,1,1,2
mn-77-2-1-1,n603,77,2,1,1
mn-77-2-1-2,n604,77,2,1,2
mn-77-2-1-3,n605,77,2,1,3
mn-77-2-1-4,n606,77,2,1,4
mn-77-2-1-5,n607,77,2,1,5
mn-77-2-1-6,n608,77,2,1,6
mn-77-5-2-1,n609,77,5,2,1
mn-77-5-2-2,n610,77,5,2,2
mn-77-5-2-3,n611,77,5,2,3
mn-77-5-2-4,n612,77,5,2,4
mn-77-5-2-5,n613,77,5,2,5
mn-77-5-2-6,n614,77,5,2,6
mn-77-6-2-1,n615,77,6,2,1
mn-77-6-2-2,n616,77,6,2,2
mn-78-1-1-1,n617,78,1,1,1
mn-78-1-1-2,n618,78,1,1,2
mn-78-2-1-1,n619,78,2,1,1
mn-78-2-1-2,n620,78,2,1,2
mn-78-2-1-3,n621,78,2,1,3
mn-78-2-1-4,n622,78,2,1,4
mn-78-2-1-5,n623,78,2,1,5
mn-78-2-1-6,n624,78,2,1,6
mn-78-5-2-1,n625,78,5,2,1
mn-78-5-2-2,n626,78,5,2,2
mn-78-5-2-3,n627,78,5,2,3
mn-78-5-2-4,n628,78,5,2,4
mn-78-5-2-5,n629,78,5,2,5
mn-78-5-2-6,n630,78,5,2,6
mn-78-6-2-1,n631,78,6,2,1
mn-78-6-2-2,n632,78,6,2,2
mn-79-1-1-1,n633,79,1,1,1
mn-79-1-1-2,n634,79,1,1,2
mn-79-2-1-1,n635,79,2,1,1
mn-79-2-1-2,n636,79,2,1,2
mn-79-2-1-3,n637,79,2,1,3
mn-79-2-1-4,n638,79,2,1,4
mn-79-2-1-5,n639,79,2,1,5
mn-79-2-1-6,n640,79,2,1,6
mn-79-5-2-1,n641,79,5,2,1
mn-79-5-2-2,n642,79,5,2,2
mn-79-5-2-3,n643,79,5,2,3
mn-79-5-2-4,n644,79,5,2,4
mn-79-5-2-5,n645,79,5,2,5
mn-79-5-2-6,n646,79,5,2,6
mn-79-6-2-1,n647,79,6,2,1
mn-79-6-2-2,n648,79,6,2,2
mn-80-1-1-1,n649,80,1,1,1
mn-80-2-1-1,n650,80,2,1,1
mn-80-2-1-2,n651,80,2,1,2
mn-80-2-1-3,n652,80,2,1,3
mn-80-2-1-4,n653,80,2,1,4
mn-80-2-1-5,n654,80,2,1,5
mn-80-2-1-6,n655,80,2,1,6
mn-80-5-2-1,n656,80,5,2,1
mn-80-5-2-2,n657,80,5,2,2
mn-80-5-2-3,n658,80,5,2,3
mn-80-5-2-4,n659,80,5,2,4
mn-80-5-2-5,n660,80,5,2,5
mn-80-5-2-6,n661,80,5,2,6
mn-80-6-2-1,n662,80,6,2,1
mn-81-1-1-1,n663,81,1,1,1
mn-81-1-1-2,n664,81,1,1,2
mn-81-2-1-1,n665,81,2,1,1
mn-81-2-1-2,n666,81,2,1,2
mn-81-2-1-3,n667,81,2,1,3
mn-81-2-1-4,n668,81,2,1,4
mn-81-2-1-5,n669,81,2,1,5
mn-81-2-1-6,n670,81,2,1,6
mn-81-5-2-1,n671,81,5,2,1
mn-81-5-2-2,n672,81,5,2,2
mn-81-5-2-3,n673,81,5,2,3
mn-81-5-2-4,n674,81,5,2,4
mn-81-5-2-5,n675,81,5,2,5
mn-81-5-2-6,n676,81,5,2,6
mn-81-6-2-1,n677,81,6,2,1
mn-81-6-2-2,n678,81,6,2,2
mn-82-1-1-1,n679,82,1,1,1
mn-82-1-1-2,n680,82,1,1,2
mn-82-2-1-1,n681,82,2,1,1
mn-82-2-1-2,n682,82,2,1,2
mn-82-2-1-3,n683,82,2,1,3
mn-82-2-1-4,n684,82,2,1,4
mn-82-2-1-5,n685,82,2,1,5
mn-82-2-1-6,n686,82,2,1,6
mn-82-5-2-1,n687,82,5,2,1
mn-82-5-2-2,n688,82,5,2,2
mn-82-5-2-3,n689,82,5,2,3
mn-82-5-2-4,n690,82,5,2,4
mn-82-5-2-5,n691,82,5,2,5
mn-82-5-2-6,n692,82,5,2,6
mn-82-6-2-1,n693,82,6,2,1
mn-82-6-2-2,n694,82,6,2,2
mn-83-1-1-1,n695,83,1,1,1
mn-83-1-1-2,n696,83,1,1,2
mn-83-2-1-1,n697,83,2,1,1
mn-83-2-1-2,n698,83,2,1,2
mn-83-2-1-3,n699,83,2,1,3
mn-83-2-1-4,n700,83,2,1,4
mn-83-2-1-5,n701,83,2,1,5
mn-83-2-1-6,n702,83,2,1,6
mn-83-5-2-1,n703,83,5,2,1
mn-83-5-2-2,n704,83,5,2,2
mn-83-5-2-3,n705,83,5,2,3
mn-83-5-2-4,n706,83,5,2,4
mn-83-5-2-5,n707,83,5,2,5
mn-83-5-2-6,n708,83,5,2,6
mn-83-6-2-1,n709,83,6,2,1
mn-83-6-2-2,n710,83,6,2,2
mn-84-1-1-1,n711,84,1,1,1
mn-84-2-1-1,n712,84,2,1,1
mn-84-2-1-2,n713,84,2,1,2
mn-84-2-1-3,n714,84,2,1,3
mn-84-2-1-4,n715,84,2,1,4
mn-84-2-1-5,n716,84,2,1,5
mn-84-2-1-6,n717,84,2,1,6
mn-84-5-2-1,n718,84,5,2,1
mn-84-5-2-2,n719,84,5,2,2
mn-84-5-2-3,n720,84,5,2,3
mn-84-5-2-4,n721,84,5,2,4
mn-84-5-2-5,n722,84,5,2,5
mn-84-5-2-6,n723,84,5,2,6
mn-84-6-2-1,n724,84,6,2,1
mn-85-1-1-1,n725,85,1,1,1
mn-85-2-1-1,n726,85,2,1,1
mn-85-2-1-2,n727,85,2,1,2
mn-85-2-1-3,n728,85,2,1,3
mn-85-2-1-4,n729,85,2,1,4
mn-85-2-1-5,n730,85,2,1,5
mn-85-2-1-6,n731,85,2,1,6
mn-85-5-2-1,n732,85,5,2,1
mn-85-5-2-2,n733,85,5,2,2
mn-85-5-2-3,n734,85,5,2,3
mn-85-5-2-4,n735,85,5,2,4
mn-85-5-2-5,n736,85,5,2,5
mn-85-5-2-6,n737,85,5,2,6
mn-85-6-2-1,n738,85,6,2,1
mn-86-1-1-1,n739,86,1,1,1
mn-86-1-1-2,n740,86,1,1,2
mn-86-2-1-1,n741,86,2,1,1
mn-86-2-1-2,n742,86,2,1,2
mn-86-2-1-3,n743,86,2,1,3
mn-86-2-1-4,n744,86,2,1,4
mn-86-2-1-5,n745,86,2,1,5
mn-86-2-1-6,n746,86,2,1,6
mn-86-5-2-1,n747,86,5,2,1
mn-86-5-2-2,n748,86,5,2,2
mn-86-5-2-3,n749,86,5,2,3
mn-86-5-2-4,n750,86,5,2,4
mn-86-5-2-5,n751,86,5,2,5
mn-86-5-2-6,n752,86,5,2,6
mn-86-6-2-1,n753,86,6,2,1
mn-86-6-2-2,n754,86,6,2,2
mn-87-1-1-1,n755,87,1,1,1
mn-87-1-1-2,n756,87,1,1,2
mn-87-2-1-1,n757,87,2,1,1
mn-87-2-1-2,n758,87,2,1,2
mn-87-2-1-3,n759,87,2,1,3
mn-87-2-1-4,n760,87,2,1,4
mn-87-2-1-5,n761,87,2,1,5
mn-87-2-1-6,n762,87,2,1,6
mn-87-5-2-1,n763,87,5,2,1
mn-87-5-2-2,n764,87,5,2,2
mn-87-5-2-3,n765,87,5,2,3
mn-87-5-2-4,n766,87,5,2,4
mn-87-5-2-5,n767,87,5,2,5
mn-87-5-2-6,n768,87,5,2,6
mn-87-6-2-1,n769,87,6,2,1
mn-87-6-2-2,n770,87,6,2,2
mn-88-1-1-1,n771,88,1,1,1
mn-88-2-1-1,n772,88,2,1,1
mn-88-2-1-2,n773,88,2,1,2
mn-88-2-1-3,n774,88,2,1,3
mn-88-2-1-4,n775,88,2,1,4
mn-88-2-1-5,n776,88,2,1,5
mn-88-2-1-6,n777,88,2,1,6
mn-88-5-2-1,n778,88,5,2,1
mn-88-5-2-2,n779,88,5,2,2
mn-88-5-2-3,n780,88,5,2,3
mn-88-5-2-4,n781,88,5,2,4
mn-88-5-2-5,n782,88,5,2,5
mn-88-5-2-6,n783,88,5,2,6
mn-88-6-2-1,n784,88,6,2,1
mn-89-1-1-1,n785,89,1,1,1
mn-89-1-1-2,n786,89,1,1,2
mn-89-2-1-1,n787,89,2,1,1
mn-89-2-1-2,n788,89,2,1,2
mn-89-2-1-3,n789,89,2,1,3
mn-89-2-1-4,n790,89,2,1,4
mn-89-2-1-5,n791,89,2,1,5
mn-89-2-1-6,n792,89,2,1,6
mn-89-5-2-1,n793,89,5,2,1
mn-89-5-2-2,n794,89,5,2,2
mn-89-5-2-3,n795,89,5,2,3
mn-89-5-2-4,n796,89,5,2,4
mn-89-5-2-5,n797,89,5,2,5
mn-89-5-2-6,n798,89,5,2,6
mn-89-6-2-1,n799,89,6,2,1
mn-89-6-2-2,n800,89,6,2,2
mn-90-1-1-1,n801,90,1,1,1
mn-90-1-1-2,n802,90,1,1,2
mn-90-2-1-1,n803,90,2,1,1
mn-90-2-1-2,n804,90,2,1,2
mn-90-2-1-3,n805,90,2,1,3
mn-90-2-1-4,n806,90,2,1,4
mn-90-2-1-5,n807,90,2,1,5
mn-90-2-1-6,n808,90,2,1,6
mn-90-5-2-1,n809,90,5,2,1
mn-90-5-2-2,n810,90,5,2,2
mn-90-5-2-3,n811,90,5,2,3
mn-90-5-2-4,n812,90,5,2,4
mn-90-5-2-5,n813,90,5,2,5
mn-90-5-2-6,n814,90,5,2,6
mn-90-6-2-1,n815,90,6,2,1
mn-90-6-2-2,n816,90,6,2,2
mn-91-1-1-1,n817,91,1,1,1
mn-91-1-1-2,n818,91,1,1,2
mn-91-2-1-1,n819,91,2,1,1
mn-91-2-1-2,n820,91,2,1,2
mn-91-2-1-3,n821,91,2,1,3
mn-91-2-1-4,n822,91,2,1,4
mn-91-2-1-5,n823,91,2,1,5
mn-91-2-1-6,n824,91,2,1,6
mn-91-5-2-1,n825,91,5,2,1
mn-91-5-2-2,n826,91,5,2,2
mn-91-5-2-3,n827,91,5,2,3
mn-91-5-2-4,n828,91,5,2,4
mn-91-5-2-5,n829,91,5,2,5
mn-91-5-2-6,n830,91,5,2,6
mn-91-6-2-1,n831,91,6,2,1
mn-91-6-2-2,n832,91,6,2,2
mn-92-1-1-1,n833,92,1,1,1
mn-92-2-1-1,n834,92,2,1,1
mn-92-2-1-2,n835,92,2,1,2
mn-92-2-1-3,n836,92,2,1,3
mn-92-2-1-4,n837,92,2,1,4
mn-92-2-1-5,n838,92,2,1,5
mn-92-2-1-6,n839,92,2,1,6
mn-92-5-2-1,n840,92,5,2,1
mn-92-5-2-2,n841,92,5,2,2
mn-92-5-2-3,n842,92,5,2,3
mn-92-5-2-4,n843,92,5,2,4
mn-92-5-2-5,n844,92,5,2,5
mn-92-5-2-6,n845,92,5,2,6
mn-92-6-2-1,n846,92,6,2,1
mn-93-1-1-1,n847,93,1,1,1
mn-93-1-1-2,n848,93,1,1,2
mn-93-2-1-1,n849,93,2,1,1
mn-93-2-1-2,n850,93,2,1,2
mn-93-2-1-3,n851,93,2,1,3
mn-93-2-1-4,n852,93,2,1,4
mn-93-2-1-5,n853,93,2,1,5
mn-93-2-1-6,n854,93,2,1,6
mn-93-5-2-1,n855,93,5,2,1
mn-93-5-2-2,n856,93,5,2,2
mn-93-5-2-3,n857,93,5,2,3
mn-93-5-2-4,n858,93,5,2,4
mn-93-5-2-5,n859,93,5,2,5
mn-93-5-2-6,n860,93,5,2,6
mn-93-6-2-1,n861,93,6,2,1
mn-93-6-2-2,n862,93,6,2,2
mn-94-1-1-1,n863,94,1,1,1
mn-94-1-1-2,n864,94,1,1,2
mn-94-2-1-1,n865,94,2,1,1
mn-94-2-1-2,n866,94,2,1,2
mn-94-2-1-3,n867,94,2,1,3
mn-94-2-1-4,n868,94,2,1,4
mn-94-2-1-5,n869,94,2,1,5
mn-94-2-1-6,n870,94,2,1,6
mn-94-5-2-1,n871,94,5,2,1
mn-94-5-2-2,n872,94,5,2,2
mn-94-5-2-3,n873,94,5,2,3
mn-94-5-2-4,n874,94,5,2,4
mn-94-5-2-5,n875,94,5,2,5
mn-94-5-2-6,n876,94,5,2,6
mn-94-6-2-1,n877,94,6,2,1
mn-94-6-2-2,n878,94,6,2,2
mn-95-1-1-1,n879,95,1,1,1
mn-95-1-1-2,n880,95,1,1,2
mn-95-2-1-1,n881,95,2,1,1
mn-95-2-1-2,n882,95,2,1,2
mn-95-2-1-3,n883,95,2,1,3
mn-95-2-1-4,n884,95,2,1,4
mn-95-2-1-5,n885,95,2,1,5
mn-95-2-1-6,n886,95,2,1,6
mn-95-5-2-1,n887,95,5,2,1
mn-95-5-2-2,n888,95,5,2,2
mn-95-5-2-3,n889,95,5,2,3
mn-95-5-2-4,n890,95,5,2,4
mn-95-5-2-5,n891,95,5,2,5
mn-95-5-2-6,n892,95,5,2,6
mn-95-6-2-1,n893,95,6,2,1
mn-95-6-2-2,n894,95,6,2,2
mn-96-1-1-1,n895,96,1,1,1
mn-96-2-1-1,n896,96,2,1,1
mn-96-2-1-2,n897,96,2,1,2
mn-96-2-1-3,n898,96,2,1,3
mn-96-2-1-4,n899,96,2,1,4
mn-96-2-1-5,n900,96,2,1,5
mn-96-2-1-6,n901,96,2,1,6
mn-96-5-2-1,n902,96,5,2,1
mn-96-5-2-2,n903,96,5,2,2
mn-96-5-2-3,n904,96,5,2,3
mn-96-5-2-4,n905,96,5,2,4
mn-96-5-2-5,n906,96,5,2,5
mn-96-5-2-6,n907,96,5,2,6
mn-96-6-2-1,n908,96,6,2,1
mn-97-1-1-1,n909,97,1,1,1
mn-97-1-1-2,n910,97,1,1,2
mn-97-2-1-1,n911,97,2,1,1
mn-97-2-1-2,n912,97,2,1,2
mn-97-2-1-3,n913,97,2,1,3
mn-97-2-1-4,n914,97,2,1,4
mn-97-2-1-5,n915,97,2,1,5
mn-97-2-1-6,n916,97,2,1,6
mn-97-5-2-1,n917,97,5,2,1
mn-97-5-2-2,n918,97,5,2,2
mn-97-5-2-3,n919,97,5,2,3
mn-97-5-2-4,n920,97,5,2,4
mn-97-5-2-5,n921,97,5,2,5
mn-97-5-2-6,n922,97,5,2,6
mn-97-6-2-1,n923,97,6,2,1
mn-97-6-2-2,n924,97,6,2,2
mn-98-1-1-1,n925,98,1,1,1
mn-98-1-1-2,n926,98,1,1,2
mn-98-2-1-1,n927,98,2,1,1
mn-98-2-1-2,n928,98,2,1,2
mn-98-2-1-3,n929,98,2,1,3
mn-98-2-1-4,n930,98,2,1,4
mn-98-2-1-5,n931,98,2,1,5
mn-98-2-1-6,n932,98,2,1,6
mn-98-5-2-1,n933,98,5,2,1
mn-98-5-2-2,n934,98,5,2,2
mn-98-5-2-3,n935,98,5,2,3
mn-98-5-2-4,n936,98,5,2,4
mn-98-5-2-5,n937,98,5,2,5
mn-98-5-2-6,n938,98,5,2,6
mn-98-6-2-1,n939,98,6,2,1
mn-98-6-2-2,n940,98,6,2,2
mn-99-1-1-1,n941,99,1,1,1
mn-99-1-1-2,n942,99,1,1,2
mn-99-2-1-1,n943,99,2,1,1
mn-99-2-1-2,n944,99,2,1,2
mn-99-2-1-3,n945,99,2,1,3
mn-99-2-1-4,n946,99,2,1,4
mn-99-2-1-5,n947,99,2,1,5
mn-99-2-1-6,n948,99,2,1,6
mn-99-5-2-1,n949,99,5,2,1
mn-99-5-2-2,n950,99,5,2,2
mn-99-5-2-3,n951,99,5,2,3
mn-99-5-2-4,n952,99,5,2,4
mn-99-5-2-5,n953,99,5,2,5
mn-99-5-2-6,n954,99,5,2,6
mn-99-6-2-1,n955,99,6,2,1
mn-99-6-2-2,n956,99,6,2,2
mn-100-1-1-1,n957,100,1,1,1
mn-100-1-1-2,n958,100,1,1,2
mn-100-2-1-1,n959,100,2,1,1
mn-100-2-1-2,n960,100,2,1,2
mn-100-2-1-3,n961,100,2,1,3
mn-100-2-1-4,n962,100,2,1,4
mn-100-2-1-5,n963,100,2,1,5
mn-100-2-1-6,n964,100,2,1,6
mn-100-5-2-1,n965,100,5,2,1
mn-100-5-2-2,n966,100,5,2,2
mn-100-5-2-3,n967,100,5,2,3
mn-100-5-2-4,n968,100,5,2,4
mn-100-5-2-5,n969,100,5,2,5
mn-100-5-2-6,n970,100,5,2,6
mn-100-6-2-1,n971,100,6,2,1
mn-100-6-2-2,n972,100,6,2,2
mn-101-1-1-1,n973,101,1,1,1
mn-101-1-1-2,n974,101,1,1,2
mn-101-2-1-1,n975,101,2,1,1
mn-101-2-1-2,n976,101,2,1,2
mn-101-2-1-3,n977,101,2,1,3
mn-101-2-1-4,n978,101,2,1,4
mn-101-2-1-5,n979,101,2,1,5
mn-101-2-1-6,n980,101,2,1,6
mn-101-5-2-1,n981,101,5,2,1
mn-101-5-2-2,n982,101,5,2,2
mn-101-5-2-3,n983,101,5,2,3
mn-101-5-2-4,n984,101,5,2,4
mn-101-5-2-5,n985,101,5,2,5
mn-101-5-2-6,n986,101,5,2,6
mn-101-6-2-1,n987,101,6,2,1
mn-101-6-2-2,n988,101,6,2,2
mn-102-1-1-1,n989,102,1,1,1
mn-102-1-1-2,n990,102,1,1,2
mn-102-1-1-3,n991,102,1,1,3
mn-102-5-2-1,n992,102,5,2,1
mn-102-5-2-2,n993,102,5,2,2
mn-102-5-2-3,n994,102,5,2,3
mn-103-1-1-1,n995,103,1,1,1
mn-103-1-1-2,n996,103,1,1,2
mn-103-1-1-3,n997,103,1,1,3
mn-103-1-1-4,n998,103,1,1,4
mn-103-1-1-5,n999,103,1,1,5
mn-103-1-1-6,n1000,103,1,1,6
mn-103-1-1-7,n1001,103,1,1,7
mn-103-1-1-8,n1002,103,1,1,8
mn-103-1-1-9,n1003,103,1,1,9
mn-103-1-1-10,n1004,103,1,1,10
mn-103-1-1-11,n1005,103,1,1,11
mn-103-5-2-1,n1006,103,5,2,1
mn-104-1-1-1,n1007,104,1,1,1
mn-104-5-2-1,n1008,104,5,2,1
mn-104-5-2-2,n1009,104,5,2,2
mn-104-5-2-3,n1010,104,5,2,3
mn-105-1-1-1,n1011,105,1,1,1
mn-105-1-1-2,n1012,105,1,1,2
mn-105-1-1-3,n1013,105,1,1,3
mn-105-1-1-4,n1014,105,1,1,4
mn-105-1-1-5,n1015,105,1,1,5
mn-105-1-1-6,n1016,105,1,1,6
mn-105-1-1-7,n1017,105,1,1,7
mn-105-1-1-8,n1018,105,1,1,8
mn-105-1-1-9,n1019,105,1,1,9
mn-105-1-1-10,n1020,105,1,1,10
mn-105-1-1-11,n1021,105,1,1,11
mn-105-5-2-1,n1022,105,5,2,1
mn-106-1-1-1,n1023,106,1,1,1
mn-106-1-1-2,n1024,106,1,1,2
mn-106-1-1-3,n1025,106,1,1,3
mn-106-1-1-4,n1026,106,1,1,4
mn-106-1-1-5,n1027,106,1,1,5
mn-106-1-1-6,n1028,106,1,1,6
mn-106-1-1-7,n1029,106,1,1,7
mn-106-1-1-8,n1030,106,1,1,8
mn-106-1-1-9,n1031,106,1,1,9
mn-106-1-1-10,n1032,106,1,1,10
mn-106-1-1-11,n1033,106,1,1,11
mn-106-5-2-1,n1034,106,5,2,1
mn-106-5-2-2,n1035,106,5,2,2
mn-106-5-2-3,n1036,106,5,2,3
mn-106-5-2-4,n1037,106,5,2,4
mn-106-5-2-5,n1038,106,5,2,5
mn-106-5-2-6,n1039,106,5,2,6
mn-107-1-1-1,n1040,107,1,1,1
mn-107-1-1-2,n1041,107,1,1,2
mn-107-1-1-3,n1042,107,1,1,3
mn-107-1-1-4,n1043,107,1,1,4
mn-107-1-1-5,n1044,107,1,1,5
mn-107-1-1-6,n1045,107,1,1,6
mn-107-1-1-7,n1046,107,1,1,7
mn-107-1-1-8,n1047,107,1,1,8
mn-107-1-1-9,n1048,107,1,1,9
mn-107-1-1-10,n1049,107,1,1,10
mn-107-1-1-11,n1050,107,1,1,11
mn-107-5-2-1,n1051,107,5,2,1
mn-107-5-2-2,n1052,107,5,2,2
mn-107-5-2-3,n1053,107,5,2,3
mn-107-5-2-4,n1054,107,5,2,4
mn-107-5-2-5,n1055,107,5,2,5
mn-107-5-2-6,n1056,107,5,2,6
mn-108-1-1-1,n1057,108,1,1,1
mn-108-2-1-1,n1058,108,2,1,1
mn-108-2-1-2,n1059,108,2,1,2
mn-108-2-1-3,n1060,108,2,1,3
mn-108-2-1-4,n1061,108,2,1,4
mn-108-2-1-5,n1062,108,2,1,5
mn-108-2-1-6,n1063,108,2,1,6
mn-108-5-2-1,n1064,108,5,2,1
mn-108-5-2-2,n1065,108,5,2,2
mn-108-5-2-3,n1066,108,5,2,3
mn-108-5-2-4,n1067,108,5,2,4
mn-108-5-2-5,n1068,108,5,2,5
mn-108-5-2-6,n1069,108,5,2,6
mn-108-6-2-1,n1070,108,6,2,1
mn-109-1-1-1,n1071,109,1,1,1
mn-109-1-1-2,n1072,109,1,1,2
mn-109-2-1-1,n1073,109,2,1,1
mn-109-2-1-2,n1074,109,2,1,2
mn-109-2-1-3,n1075,109,2,1,3
mn-109-2-1-4,n1076,109,2,1,4
mn-109-2-1-5,n1077,109,2,1,5
mn-109-2-1-6,n1078,109,2,1,6
mn-109-5-2-1,n1079,109,5,2,1
mn-109-5-2-2,n1080,109,5,2,2
mn-109-5-2-3,n1081,109,5,2,3
mn-109-5-2-4,n1082,109,5,2,4
mn-109-5-2-5,n1083,109,5,2,5
mn-109-5-2-6,n1084,109,5,2,6
mn-109-6-2-1,n1085,109,6,2,1
mn-109-6-2-2,n1086,109,6,2,2
mn-110-1-1-1,n1087,110,1,1,1
mn-110-1-1-2,n1088,110,1,1,2
mn-110-2-1-1,n1089,110,2,1,1
mn-110-2-1-2,n1090,110,2,1,2
mn-110-2-1-3,n1091,110,2,1,3
mn-110-2-1-4,n1092,110,2,1,4
mn-110-2-1-5,n1093,110,2,1,5
mn-110-2-1-6,n1094,110,2,1,6
mn-110-5-2-1,n1095,110,5,2,1
mn-110-5-2-2,n1096,110,5,2,2
mn-110-5-2-3,n1097,110,5,2,3
mn-110-5-2-4,n1098,110,5,2,4
mn-110-5-2-5,n1099,110,5,2,5
mn-110-5-2-6,n1100,110,5,2,6
mn-110-6-2-1,n1101,110,6,2,1
mn-110-6-2-2,n1102,110,6,2,2
mn-111-1-1-1,n1103,111,1,1,1
mn-111-1-1-2,n1104,111,1,1,2
mn-111-2-1-1,n1105,111,2,1,1
mn-111-2-1-2,n1106,111,2,1,2
mn-111-2-1-3,n1107,111,2,1,3
mn-111-2-1-4,n1108,111,2,1,4
mn-111-2-1-5,n1109,111,2,1,5
mn-111-2-1-6,n1110,111,2,1,6
mn-111-5-2-1,n1111,111,5,2,1
mn-111-5-2-2,n1112,111,5,2,2
mn-111-5-2-3,n1113,111,5,2,3
mn-111-5-2-4,n1114,111,5,2,4
mn-111-5-2-5,n1115,111,5,2,5
mn-111-5-2-6,n1116,111,5,2,6
mn-111-6-2-1,n1117,111,6,2,1
mn-111-6-2-2,n1118,111,6,2,2
mn-112-1-1-1,n1119,112,1,1,1
mn-112-2-1-1,n1120,112,2,1,1
mn-112-2-1-2,n1121,112,2,1,2
mn-112-2-1-3,n1122,112,2,1,3
mn-112-2-1-4,n1123,112,2,1,4
mn-112-2-1-5,n1124,112,2,1,5
mn-112-2-1-6,n1125,112,2,1,6
mn-112-5-2-1,n1126,112,5,2,1
mn-112-5-2-2,n1127,112,5,2,2
mn-112-5-2-3,n1128,112,5,2,3
mn-112-5-2-4,n1129,112,5,2,4
mn-112-5-2-5,n1130,112,5,2,5
mn-112-5-2-6,n1131,112,5,2,6
mn-112-6-2-1,n1132,112,6,2,1
mn-113-1-1-1,n1133,113,1,1,1
mn-113-1-1-2,n1134,113,1,1,2
mn-113-2-1-1,n1135,113,2,1,1
mn-113-2-1-2,n1136,113,2,1,2
mn-113-2-1-3,n1137,113,2,1,3
mn-113-2-1-4,n1138,113,2,1,4
mn-113-2-1-5,n1139,113,2,1,5
mn-113-2-1-6,n1140,113,2,1,6
mn-113-5-2-1,n1141,113,5,2,1
mn-113-5-2-2,n1142,113,5,2,2
mn-113-5-2-3,n1143,113,5,2,3
mn-113-5-2-4,n1144,113,5,2,4
mn-113-5-2-5,n1145,113,5,2,5
mn-113-5-2-6,n1146,113,5,2,6
mn-113-6-2-1,n1147,113,6,2,1
mn-113-6-2-2,n1148,113,6,2,2
mn-114-1-1-1,n1149,114,1,1,1
mn-114-1-1-2,n1150,114,1,1,2
mn-114-2-1-1,n1151,114,2,1,1
mn-114-2-1-2,n1152,114,2,1,2
mn-114-2-1-3,n1153,114,2,1,3
mn-114-2-1-4,n1154,114,2,1,4
mn-114-2-1-5,n1155,114,2,1,5
mn-114-2-1-6,n1156,114,2,1,6
mn-114-5-2-1,n1157,114,5,2,1
mn-114-5-2-2,n1158,114,5,2,2
mn-114-5-2-3,n1159,114,5,2,3
mn-114-5-2-4,n1160,114,5,2,4
mn-114-5-2-5,n1161,114,5,2,5
mn-114-5-2-6,n1162,114,5,2,6
mn-114-6-2-1,n1163,114,6,2,1
mn-114-6-2-2,n1164,114,6,2,2
mn-115-1-1-1,n1165,115,1,1,1
mn-115-1-1-2,n1166,115,1,1,2
mn-115-2-1-1,n1167,115,2,1,1
mn-115-2-1-2,n1168,115,2,1,2
mn-115-2-1-3,n1169,115,2,1,3
mn-115-2-1-4,n1170,115,2,1,4
mn-115-2-1-5,n1171,115,2,1,5
mn-115-2-1-6,n1172,115,2,1,6
mn-115-5-2-1,n1173,115,5,2,1
mn-115-5-2-2,n1174,115,5,2,2
mn-115-5-2-3,n1175,115,5,2,3
mn-115-5-2-4,n1176,115,5,2,4
mn-115-5-2-5,n1177,115,5,2,5
mn-115-5-2-6,n1178,115,5,2,6
mn-115-6-2-1,n1179,115,6,2,1
mn-115-6-2-2,n1180,115,6,2,2
mn-116-1-1-1,n1181,116,1,1,1
mn-116-2-1-1,n1182,116,2,1,1
mn-116-2-1-2,n1183,116,2,1,2
mn-116-2-1-3,n1184,116,2,1,3
mn-116-2-1-4,n1185,116,2,1,4
mn-116-2-1-5,n1186,116,2,1,5
mn-116-2-1-6,n1187,116,2,1,6
mn-116-5-2-1,n1188,116,5,2,1
mn-116-5-2-2,n1189,116,5,2,2
mn-116-5-2-3,n1190,116,5,2,3
mn-116-5-2-4,n1191,116,5,2,4
mn-116-5-2-5,n1192,116,5,2,5
mn-116-5-2-6,n1193,116,5,2,6
mn-116-6-2-1,n1194,116,6,2,1
mn-117-1-1-1,n1195,117,1,1,1
mn-117-1-1-2,n1196,117,1,1,2
mn-117-2-1-1,n1197,117,2,1,1
mn-117-2-1-2,n1198,117,2,1,2
mn-117-2-1-3,n1199,117,2,1,3
mn-117-2-1-4,n1200,117,2,1,4
mn-117-2-1-5,n1201,117,2,1,5
mn-117-2-1-6,n1202,117,2,1,6
mn-117-5-2-1,n1203,117,5,2,1
mn-117-5-2-2,n1204,117,5,2,2
mn-117-5-2-3,n1205,117,5,2,3
mn-117-5-2-4,n1206,117,5,2,4
mn-117-5-2-5,n1207,117,5,2,5
mn-117-5-2-6,n1208,117,5,2,6
mn-117-6-2-1,n1209,117,6,2,1
mn-117-6-2-2,n1210,117,6,2,2
mn-118-1-1-1,n1211,118,1,1,1
mn-118-1-1-2,n1212,118,1,1,2
mn-118-2-1-1,n1213,118,2,1,1
mn-118-2-1-2,n1214,118,2,1,2
mn-118-2-1-3,n1215,118,2,1,3
mn-118-2-1-4,n1216,118,2,1,4
mn-118-2-1-5,n1217,118,2,1,5
mn-118-2-1-6,n1218,118,2,1,6
mn-118-5-2-1,n1219,118,5,2,1
mn-118-5-2-2,n1220,118,5,2,2
mn-118-5-2-3,n1221,118,5,2,3
mn-118-5-2-4,n1222,118,5,2,4
mn-118-5-2-5,n1223,118,5,2,5
mn-118-5-2-6,n1224,118,5,2,6
mn-118-6-2-1,n1225,118,6,2,1
mn-118-6-2-2,n1226,118,6,2,2
mn-119-1-1-1,n1227,119,1,1,1
mn-119-1-1-2,n1228,119,1,1,2
mn-119-2-1-1,n1229,119,2,1,1
mn-119-2-1-2,n1230,119,2,1,2
mn-119-2-1-3,n1231,119,2,1,3
mn-119-2-1-4,n1232,119,2,1,4
mn-119-2-1-5,n1233,119,2,1,5
mn-119-2-1-6,n1234,119,2,1,6
mn-119-5-2-1,n1235,119,5,2,1
mn-119-5-2-2,n1236,119,5,2,2
mn-119-5-2-3,n1237,119,5,2,3
mn-119-5-2-4,n1238,119,5,2,4
mn-119-5-2-5,n1239,119,5,2,5
mn-119-5-2-6,n1240,119,5,2,6
mn-119-6-2-1,n1241,119,6,2,1
mn-119-6-2-2,n1242,119,6,2,2
mn-120-1-1-1,n1243,120,1,1,1
mn-120-1-1-2,n1244,120,1,1,2
mn-120-2-1-1,n1245,120,2,1,1
mn-120-2-1-2,n1246,120,2,1,2
mn-120-2-1-3,n1247,120,2,1,3
mn-120-2-1-4,n1248,120,2,1,4
mn-120-2-1-5,n1249,120,2,1,5
mn-120-2-1-6,n1250,120,2,1,6
mn-120-5-2-1,n1251,120,5,2,1
mn-120-5-2-2,n1252,120,5,2,2
mn-120-5-2-3,n1253,120,5,2,3
mn-120-5-2-4,n1254,120,5,2,4
mn-120-5-2-5,n1255,120,5,2,5
mn-120-5-2-6,n1256,120,5,2,6
mn-120-6-2-1,n1257,120,6,2,1
mn-120-6-2-2,n1258,120,6,2,2
mn-121-1-1-1,n1259,121,1,1,1
mn-121-1-1-2,n1260,121,1,1,2
mn-121-2-1-1,n1261,121,2,1,1
mn-121-2-1-2,n1262,121,2,1,2
mn-121-2-1-3,n1263,121,2,1,3
mn-121-2-1-4,n1264,121,2,1,4
mn-121-2-1-5,n1265,121,2,1,5
mn-121-2-1-6,n1266,121,2,1,6
mn-121-5-2-1,n1267,121,5,2,1
mn-121-5-2-2,n1268,121,5,2,2
mn-121-5-2-3,n1269,121,5,2,3
mn-121-5-2-4,n1270,121,5,2,4
mn-121-5-2-5,n1271,121,5,2,5
mn-121-5-2-6,n1272,121,5,2,6
mn-121-6-2-1,n1273,121,6,2,1
mn-121-6-2-2,n1274,121,6,2,2
mn-122-1-1-1,n1275,122,1,1,1
mn-122-1-1-2,n1276,122,1,1,2
mn-122-2-1-1,n1277,122,2,1,1
mn-122-2-1-2,n1278,122,2,1,2
mn-122-2-1-3,n1279,122,2,1,3
mn-122-2-1-4,n1280,122,2,1,4
mn-122-2-1-5,n1281,122,2,1,5
mn-122-2-1-6,n1282,122,2,1,6
mn-122-5-2-1,n1283,122,5,2,1
mn-122-5-2-2,n1284,122,5,2,2
mn-122-5-2-3,n1285,122,5,2,3
mn-122-5-2-4,n1286,122,5,2,4
mn-122-5-2-5,n1287,122,5,2,5
mn-122-5-2-6,n1288,122,5,2,6
mn-122-6-2-1,n1289,122,6,2,1
mn-122-6-2-2,n1290,122,6,2,2
mn-123-1-1-1,n1291,123,1,1,1
mn-123-1-1-2,n1292,123,1,1,2
mn-123-2-1-1,n1293,123,2,1,1
mn-123-2-1-2,n1294,123,2,1,2
mn-123-2-1-3,n1295,123,2,1,3
mn-123-2-1-4,n1296,123,2,1,4
mn-123-2-1-5,n1297,123,2,1,5
mn-123-2-1-6,n1298,123,2,1,6
mn-123-5-2-1,n1299,123,5,2,1
mn-123-5-2-2,n1300,123,5,2,2
mn-123-5-2-3,n1301,123,5,2,3
mn-123-5-2-4,n1302,123,5,2,4
mn-123-5-2-5,n1303,123,5,2,5
mn-123-5-2-6,n1304,123,5,2,6
mn-123-6-2-1,n1305,123,6,2,1
mn-123-6-2-2,n1306,123,6,2,2
mn-124-1-1-1,n1307,124,1,1,1
mn-124-1-1-2,n1308,124,1,1,2
mn-124-1-1-3,n1309,124,1,1,3
mn-124-5-2-1,n1310,124,5,2,1
mn-124-5-2-2,n1311,124,5,2,2
mn-124-5-2-3,n1312,124,5,2,3
mn-125-1-1-1,n1313,125,1,1,1
mn-125-1-1-2,n1314,125,1,1,2
mn-125-1-1-3,n1315,125,1,1,3
mn-125-1-1-4,n1316,125,1,1,4
mn-125-1-1-5,n1317,125,1,1,5
mn-125-1-1-6,n1318,125,1,1,6
mn-125-1-1-7,n1319,125,1,1,7
mn-125-1-1-8,n1320,125,1,1,8
mn-125-1-1-9,n1321,125,1,1,9
mn-125-1-1-10,n1322,125,1,1,10
mn-125-1-1-11,n1323,125,1,1,11
mn-125-5-2-1,n1324,125,5,2,1
mn-126-1-1-1,n1325,126,1,1,1
mn-126-5-2-1,n1326,126,5,2,1
mn-126-5-2-2,n1327,126,5,2,2
mn-126-5-2-3,n1328,126,5,2,3
mn-126-5-2-4,n1329,126,5,2,4
mn-127-1-1-1,n1330,127,1,1,1
mn-127-1-1-2,n1331,127,1,1,2
mn-127-1-1-3,n1332,127,1,1,3
mn-127-1-1-4,n1333,127,1,1,4
mn-127-1-1-5,n1334,127,1,1,5
mn-127-1-1-6,n1335,127,1,1,6
mn-127-1-1-7,n1336,127,1,1,7
mn-127-1-1-8,n1337,127,1,1,8
mn-127-1-1-9,n1338,127,1,1,9
mn-127-1-1-10,n1339,127,1,1,10
mn-127-1-1-11,n1340,127,1,1,11
mn-127-5-2-1,n1341,127,5,2,1
mn-128-1-1-1,n1342,128,1,1,1
mn-128-1-1-2,n1343,128,1,1,2
mn-128-1-1-3,n1344,128,1,1,3
mn-128-1-1-4,n1345,128,1,1,4
mn-128-1-1-5,n1346,128,1,1,5
mn-128-1-1-6,n1347,128,1,1,6
mn-128-1-1-7,n1348,128,1,1,7
mn-128-1-1-8,n1349,128,1,1,8
mn-128-1-1-9,n1350,128,1,1,9
mn-128-1-1-10,n1351,128,1,1,10
mn-128-1-1-11,n1352,128,1,1,11
mn-128-5-2-1,n1353,128,5,2,1
mn-128-5-2-2,n1354,128,5,2,2
mn-128-5-2-3,n1355,128,5,2,3
mn-128-5-2-4,n1356,128,5,2,4
mn-128-5-2-5,n1357,128,5,2,5
mn-128-5-2-6,n1358,128,5,2,6
mn-129-1-1-1,n1359,129,1,1,1
mn-129-1-1-2,n1360,129,1,1,2
mn-129-1-1-3,n1361,129,1,1,3
mn-129-1-1-4,n1362,129,1,1,4
mn-129-1-1-5,n1363,129,1,1,5
mn-129-1-1-6,n1364,129,1,1,6
mn-129-1-1-7,n1365,129,1,1,7
mn-129-1-1-8,n1366,129,1,1,8
mn-129-1-1-9,n1367,129,1,1,9
mn-129-1-1-10,n1368,129,1,1,10
mn-129-1-1-11,n1369,129,1,1,11
mn-129-5-2-1,n1370,129,5,2,1
mn-130-1-1-1,n1371,130,1,1,1
mn-130-1-1-2,n1372,130,1,1,2
mn-130-5-2-1,n1373,130,5,2,1
mn-130-5-2-2,n1374,130,5,2,2
mn-130-5-2-3,n1375,130,5,2,3
mn-130-5-2-4,n1376,130,5,2,4
mn-130-5-2-5,n1377,130,5,2,5
mn-130-5-2-6,n1378,130,5,2,6
mn-130-5-2-7,n1379,130,5,2,7
mn-130-5-2-8,n1380,130,5,2,8
mn-130-5-2-9,n1381,130,5,2,9
mn-131-1-1-1,n1382,131,1,1,1
mn-131-1-1-2,n1383,131,1,1,2
mn-131-5-2-1,n1384,131,5,2,1
mn-131-5-2-2,n1385,131,5,2,2
mn-131-5-2-3,n1386,131,5,2,3
mn-131-5-2-4,n1387,131,5,2,4
mn-131-5-2-5,n1388,131,5,2,5
mn-131-5-2-6,n1389,131,5,2,6
mn-131-5-2-7,n1390,131,5,2,7
mn-132-1-1-1,n1391,132,1,1,1
mn-132-1-1-2,n1392,132,1,1,2
mn-132-1-1-3,n1393,132,1,1,3
mn-132-1-1-4,n1394,132,1,1,4
mn-132-1-1-5,n1395,132,1,1,5
mn-132-1-1-6,n1396,132,1,1,6
mn-132-5-2-1,r16,132,5,2,1
mn-132-7-2-1,n1397,132,7,2,1
mn-133-1-1-1,n1398,133,1,1,1
mn-133-1-1-2,n1399,133,1,1,2
mn-133-1-1-3,n1400,133,1,1,3
mn-133-1-1-4,n1401,133,1,1,4
mn-133-5-2-1,n1402,133,5,2,1
mn-133-7-2-1,n1403,133,7,2,1
mn-133-7-2-2,n1404,133,7,2,2
mn-134-1-1-1,n1405,134,1,1,1
mn-134-1-1-2,n1406,134,1,1,2
mn-134-1-1-3,n1407,134,1,1,3
mn-134-5-2-1,n1408,134,5,2,1
mn-134-5-2-2,n1409,134,5,2,2
mn-134-5-2-3,n1410,134,5,2,3
mn-134-6-2-1,n1411,134,6,2,1
mn-135-1-1-1,n1412,135,1,1,1
mn-135-1-1-2,n1413,135,1,1,2
mn-135-5-2-1,n1414,135,5,2,1
mn-135-5-2-2,n1415,135,5,2,2
mn-135-5-2-3,n1416,135,5,2,3
mn-135-5-2-4,n1417,135,5,2,4
mn-135-5-2-5,n1418,135,5,2,5
mn-135-5-2-6,n1419,135,5,2,6
mn-135-5-2-7,n1420,135,5,2,7
mn-136-1-1-1,n1421,136,1,1,1
mn-136-1-1-2,n1422,136,1,1,2
mn-136-5-2-1,n1423,136,5,2,1
mn-136-5-2-2,n1424,136,5,2,2
mn-136-5-2-3,n1425,136,5,2,3
mn-136-5-2-4,n1426,136,5,2,4
mn-136-5-2-5,n1427,136,5,2,5
mn-136-5-2-6,n1428,136,5,2,6
mn-136-5-2-7,n1429,136,5,2,7
mn-137-1-1-1,n1430,137,1,1,1
mn-137-1-1-2,n1431,137,1,1,2
mn-137-1-1-3,n1432,137,1,1,3
mn-137-5-2-1,n1433,137,5,2,1
mn-137-5-2-2,n1434,137,5,2,2
mn-137-5-2-3,n1435,137,5,2,3
mn-137-5-2-4,n1436,137,5,2,4
mn-137-5-2-5,n1437,137,5,2,5
mn-138-1-1-1,n1438,138,1,1,1
mn-138-1-1-2,n1439,138,1,1,2
mn-138-1-1-3,n1440,138,1,1,3
mn-138-5-2-1,n1441,138,5,2,1
mn-138-5-2-2,n1442,138,5,2,2
mn-138-5-2-3,n1443,138,5,2,3
mn-138-5-2-4,n1444,138,5,2,4
mn-138-5-2-5,n1445,138,5,2,5
mn-139-1-1-1,n1446,139,1,1,1
mn-139-1-1-2,n1447,139,1,1,2
mn-139-5-2-1,n1448,139,5,2,1
mn-139-5-2-2,n1449,139,5,2,2
mn-139-5-2-3,n1450,139,5,2,3
mn-139-5-2-4,n1451,139,5,2,4
mn-139-5-2-5,n1452,139,5,2,5
mn-140-1-1-1,n1453,140,1,1,1
mn-140-1-1-2,n1454,140,1,1,2
mn-140-5-2-1,n1455,140,5,2,1
mn-140-5-2-2,n1456,140,5,2,2
mn-140-5-2-3,n1457,140,5,2,3
mn-140-5-2-4,n1458,140,5,2,4
mn-140-5-2-5,n1459,140,5,2,5
mn-141-1-1-1,n1460,141,1,1,1
mn-141-1-1-2,n1461,141,1,1,2
mn-141-1-1-3,n1462,141,1,1,3
mn-141-5-2-1,n1463,141,5,2,1
mn-141-5-2-2,n1464,141,5,2,2
mn-141-5-2-3,n1465,141,5,2,3
mn-141-5-2-4,n1466,141,5,2,4
mn-141-5-2-5,n1467,141,5,2,5
mn-142-1-1-1,n1468,142,1,1,1
mn-142-1-1-2,n1469,142,1,1,2
mn-142-1-1-3,n1470,142,1,1,3
mn-142-1-1-4,n1471,142,1,1,4
mn-142-5-2-1,n1472,142,5,2,1
mn-142-5-2-2,n1473,142,5,2,2
mn-142-5-2-3,n1474,142,5,2,3
mn-142-5-2-4,n1475,142,5,2,4
mn-143-1-1-1,n1476,143,1,1,1
mn-143-1-1-2,n1477,143,1,1,2
mn-143-1-1-3,n1478,143,1,1,3
mn-143-1-1-4,n1479,143,1,1,4
mn-143-5-2-1,n1480,143,5,2,1
mn-143-5-2-2,n1481,143,5,2,2
mn-143-5-2-3,n1482,143,5,2,3
mn-143-5-2-4,n1483,143,5,2,4
mn-143-5-2-5,n1484,143,5,2,5
mn-144-1-1-1,n1485,144,1,1,1
mn-144-1-1-2,n1486,144,1,1,2
mn-144-1-1-3,n1487,144,1,1,3
mn-144-1-1-4,n1488,144,1,1,4
mn-144-5-2-1,n1489,144,5,2,1
mn-144-5-2-2,n1490,144,5,2,2
mn-144-5-2-3,n1491,144,5,2,3
mn-144-5-2-4,n1492,144,5,2,4
mn-144-5-2-5,n1493,144,5,2,5
mn-145-1-1-1,n1494,145,1,1,1
mn-145-1-1-2,n1495,145,1,1,2
mn-145-1-1-3,n1496,145,1,1,3
mn-145-1-1-4,n1497,145,1,1,4
mn-145-1-1-5,n1498,145,1,1,5
mn-145-1-1-6,n1499,145,1,1,6
mn-145-5-2-1,n1500,145,5,2,1
mn-145-5-2-2,n1501,145,5,2,2
mn-145-5-2-3,n1502,145,5,2,3
mn-145-5-2-4,n1503,145,5,2,4
mn-145-5-2-5,n1504,145,5,2,5
mn-146-1-1-1,n1505,146,1,1,1
mn-146-1-1-2,n1506,146,1,1,2
mn-146-1-1-3,n1507,146,1,1,3
mn-146-1-1-4,n1508,146,1,1,4
mn-146-1-1-5,n1509,146,1,1,5
mn-146-1-1-6,n1510,146,1,1,6
mn-146-5-2-1,n1511,146,5,2,1
mn-146-5-2-2,n1512,146,5,2,2
mn-146-5-2-3,n1513,146,5,2,3
mn-146-5-2-4,n1514,146,5,2,4
mn-146-5-2-5,n1515,146,5,2,5
mn-147-1-1-1,n1516,147,1,1,1
mn-147-1-1-2,n1517,147,1,1,2
mn-147-1-1-3,n1518,147,1,1,3
mn-147-1-1-4,n1519,147,1,1,4
mn-147-5-2-1,n1520,147,5,2,1
mn-147-5-2-2,n1521,147,5,2,2
mn-147-5-2-3,n1522,147,5,2,3
mn-147-5-2-4,n1523,147,5,2,4
mn-147-5-2-5,n1524,147,5,2,5
mn-148-1-1-1,n1525,148,1,1,1
mn-148-1-1-2,n1526,148,1,1,2
mn-148-1-1-3,n1527,148,1,1,3
mn-148-1-1-4,n1528,148,1,1,4
mn-148-5-2-1,n1529,148,5,2,1
mn-148-5-2-2,n1530,148,5,2,2
mn-148-5-2-3,n1531,148,5,2,3
mn-148-5-2-4,n1532,148,5,2,4
mn-148-5-2-5,n1533,148,5,2,5
mn-149-1-1-1,n1534,149,1,1,1
mn-149-1-1-2,n1535,149,1,1,2
mn-149-1-1-3,n1536,149,1,1,3
mn-149-1-1-4,n1537,149,1,1,4
mn-149-1-1-5,n1538,149,1,1,5
mn-149-1-1-6,n1539,149,1,1,6
mn-149-5-2-1,n1540,149,5,2,1
mn-149-5-2-2,n1541,149,5,2,2
mn-149-5-2-3,n1542,149,5,2,3
mn-149-5-2-4,n1543,149,5,2,4
mn-149-5-2-5,n1544,149,5,2,5
mn-150-1-1-1,n1545,150,1,1,1
mn-150-1-1-2,n1546,150,1,1,2
mn-150-1-1-3,n1547,150,1,1,3
mn-150-1-1-4,n1548,150,1,1,4
mn-150-1-1-5,n1549,150,1,1,5
mn-150-5-2-1,n1550,150,5,2,1
mn-150-5-2-2,n1551,150,5,2,2
mn-150-5-2-3,n1552,150,5,2,3
mn-150-5-2-4,n1553,150,5,2,4
mn-150-5-2-5,n1554,150,5,2,5
mn-151-1-1-1,n1555,151,1,1,1
mn-151-1-1-2,n1556,151,1,1,2
mn-151-1-1-3,n1557,151,1,1,3
mn-151-1-1-4,n1558,151,1,1,4
mn-151-5-2-1,n1559,151,5,2,1
mn-151-5-2-2,n1560,151,5,2,2
mn-151-5-2-3,n1561,151,5,2,3
mn-151-5-2-4,n1562,151,5,2,4
mn-151-5-2-5,n1563,151,5,2,5
mn-152-1-1-1,n1564,152,1,1,1
mn-152-1-1-2,n1565,152,1,1,2
mn-152-1-1-3,n1566,152,1,1,3
mn-152-1-1-4,n1567,152,1,1,4
mn-152-5-2-1,n1568,152,5,2,1
mn-152-5-2-2,n1569,152,5,2,2
mn-152-5-2-3,n1570,152,5,2,3
mn-152-5-2-4,n1571,152,5,2,4
mn-152-5-2-5,n1572,152,5,2,5
mn-153-1-1-1,n1573,153,1,1,1
mn-153-1-1-2,n1574,153,1,1,2
mn-153-1-1-3,n1575,153,1,1,3
mn-153-1-1-4,n1576,153,1,1,4
mn-153-1-1-5,n1577,153,1,1,5
mn-153-1-1-6,n1578,153,1,1,6
mn-153-5-2-1,n1579,153,5,2,1
mn-153-5-2-2,n1580,153,5,2,2
mn-153-5-2-3,n1581,153,5,2,3
mn-153-5-2-4,n1582,153,5,2,4
mn-153-5-2-5,n1583,153,5,2,5
mn-154-1-1-1,n1584,154,1,1,1
mn-154-1-1-2,n1585,154,1,1,2
mn-154-1-1-3,n1586,154,1,1,3
mn-154-1-1-4,n1587,154,1,1,4
mn-154-1-1-5,n1588,154,1,1,5
mn-154-5-2-1,n1589,154,5,2,1
mn-154-5-2-2,n1590,154,5,2,2
mn-154-5-2-3,n1591,154,5,2,3
mn-154-5-2-4,n1592,154,5,2,4
mn-154-5-2-5,n1593,154,5,2,5
mn-155-1-1-1,n1594,155,1,1,1
mn-155-1-1-2,n1595,155,1,1,2
mn-155-1-1-3,n1596,155,1,1,3
mn-155-1-1-4,n1597,155,1,1,4
mn-155-1-1-5,n1598,155,1,1,5
mn-155-1-1-6,n1599,155,1,1,6
mn-155-5-2-1,n1600,155,5,2,1
mn-155-5-2-2,n1601,155,5,2,2
mn-155-5-2-3,n1602,155,5,2,3
mn-155-5-2-4,n1603,155,5,2,4
mn-155-5-2-5,n1604,155,5,2,5
mn-156-1-1-1,n1605,156,1,1,1
mn-156-1-1-2,n1606,156,1,1,2
mn-156-1-1-3,n1607,156,1,1,3
mn-156-1-1-4,n1608,156,1,1,4
mn-156-5-2-1,n1609,156,5,2,1
mn-156-5-2-2,n1610,156,5,2,2
mn-156-5-2-3,n1611,156,5,2,3
mn-156-5-2-4,n1612,156,5,2,4
mn-156-5-2-5,n1613,156,5,2,5
mn-157-1-1-1,n1614,157,1,1,1
mn-157-1-1-2,n1615,157,1,1,2
mn-157-1-1-3,n1616,157,1,1,3
mn-157-5-2-1,n1617,157,5,2,1
mn-157-5-2-2,n1618,157,5,2,2
mn-157-5-2-3,n1619,157,5,2,3
mn-157-5-2-4,n1620,157,5,2,4
mn-157-5-2-5,n1621,157,5,2,5
mn-158-1-1-1,n1622,158,1,1,1
mn-158-1-1-2,n1623,158,1,1,2
mn-158-1-1-3,n1624,158,1,1,3
mn-158-5-2-1,n1625,158,5,2,1
mn-158-5-2-2,n1626,158,5,2,2
mn-158-5-2-3,n1627,158,5,2,3
mn-158-5-2-4,n1628,158,5,2,4
mn-159-1-2-1,n1629,159,1,2,1
mn-159-1-2-2,n1630,159,1,2,2
mn-159-1-2-3,n1631,159,1,2,3
mn-159-5-2-1,r17,159,5,2,1
mn-160-1-2-1,n1632,160,1,2,1
mn-160-1-2-2,n1633,160,1,2,2
mn-160-1-2-3,n1634,160,1,2,3
mn-160-5-2-1,r18,160,5,2,1
mn-161-1-2-1,n1635,161,1,2,1
mn-161-1-2-2,n1636,161,1,2,2
mn-161-1-2-3,n1637,161,1,2,3
mn-161-5-2-1,r19,161,5,2,1
mn-162-1-2-1,n1638,162,1,2,1
mn-162-1-1-1,n1639,162,1,1,1
mn-162-1-1-2,n1640,162,1,1,2
mn-162-5-2-1,n1641,162,5,2,1
mn-162-5-2-2,n1642,162,5,2,2
mn-162-5-2-3,n1643,162,5,2,3
mn-162-5-2-4,n1644,162,5,2,4
mn-162-5-2-5,n1645,162,5,2,5
mn-163-1-1-1,n1646,163,1,1,1
mn-163-5-2-1,n1647,163,5,2,1
mn-163-5-2-2,n1648,163,5,2,2
mn-163-5-2-3,n1649,163,5,2,3
mn-163-5-2-4,n1650,163,5,2,4
mn-163-5-2-5,n1651,163,5,2,5
mn-163-5-2-6,n1652,163,5,2,6
mn-164-1-2-1,n1653,164,1,2,1
mn-164-1-2-2,n1654,164,1,2,2
mn-164-1-2-3,n1655,164,1,2,3
mn-164-1-2-4,n1656,164,1,2,4
mn-164-5-2-1,n1657,164,5,2,1
mn-164-5-2-2,n1658,164,5,2,2
mn-164-5-2-3,n1659,164,5,2,3
mn-164-5-2-4,n1660,164,5,2,4
mn-164-5-2-5,n1661,164,5,2,5
mn-164-5-2-6,n1662,164,5,2,6
mn-165-1-2-1,n1663,165,1,2,1
mn-165-1-2-2,n1664,165,1,2,2
mn-165-1-2-3,n1665,165,1,2,3
mn-165-1-2-4,n1666,165,1,2,4
mn-165-5-2-1,n1667,165,5,2,1
mn-165-5-2-2,n1668,165,5,2,2
mn-165-5-2-3,n1669,165,5,2,3
mn-165-5-2-4,n1670,165,5,2,4
mn-165-5-2-5,n1671,165,5,2,5
mn-165-5-2-6,n1672,165,5,2,6
mn-166-1-2-1,n1673,166,1,2,1
mn-166-1-2-2,n1674,166,1,2,2
mn-166-1-2-3,n1675,166,1,2,3
mn-166-1-2-4,n1676,166,1,2,4
mn-166-1-1-1,n1677,166,1,1,1
mn-166-1-1-2,n1678,166,1,1,2
mn-166-5-2-1,n1679,166,5,2,1
mn-166-5-2-2,n1680,166,5,2,2
mn-166-5-2-3,n1681,166,5,2,3
mn-166-5-2-4,n1682,166,5,2,4
mn-167-1-1-1,n1683,167,1,1,1
mn-167-2-1-1,n1684,167,2,1,1
mn-167-5-2-1,n1685,167,5,2,1
mn-167-6-2-1,n1686,167,6,2,1
mn-167-6-2-2,n1687,167,6,2,2
mn-167-6-2-3,n1688,167,6,2,3
mn-168-1-1-1,n1689,168,1,1,1
mn-168-1-1-2,n1690,168,1,1,2
mn-168-2-1-1,n1691,168,2,1,1
mn-168-5-2-1,n1692,168,5,2,1
mn-168-6-2-1,n1693,168,6,2,1
mn-168-6-2-2,n1694,168,6,2,2
mn-168-6-2-3,n1695,168,6,2,3
mn-169-1-1-1,n1696,169,1,1,1
mn-169-1-1-2,n1697,169,1,1,2
mn-169-1-1-3,n1698,169,1,1,3
mn-169-2-1-1,n1699,169,2,1,1
mn-169-5-2-1,n1700,169,5,2,1
mn-169-6-2-1,n1701,169,6,2,1
mn-169-6-2-2,n1702,169,6,2,2
mn-169-6-2-3,n1703,169,6,2,3
mn-170-1-1-1,n1704,170,1,1,1
mn-170-1-1-2,n1705,170,1,1,2
mn-170-2-1-1,n1706,170,2,1,1
mn-170-5-2-1,n1707,170,5,2,1
mn-170-6-2-1,n1708,170,6,2,1
mn-170-6-2-2,n1709,170,6,2,2
mn-170-6-2-3,n1710,170,6,2,3
mn-171-1-1-1,n1711,171,1,1,1
mn-171-1-1-2,n1712,171,1,1,2
mn-171-2-1-1,n1713,171,2,1,1
mn-171-5-2-1,n1714,171,5,2,1
mn-171-6-2-1,n1715,171,6,2,1
mn-171-6-2-2,n1716,171,6,2,2
mn-171-6-2-3,n1717,171,6,2,3
mn-172-1-1-1,n1718,172,1,1,1
mn-172-1-1-2,n1719,172,1,1,2
mn-172-5-2-1,n1720,172,5,2,1
mn-172-6-2-1,n1721,172,6,2,1
mn-172-6-2-2,n1722,172,6,2,2
mn-172-6-2-3,n1723,172,6,2,3
mn-173-1-1-1,n1724,173,1,1,1
mn-173-1-1-2,n1725,173,1,1,2
mn-173-5-2-1,n1726,173,5,2,1
mn-173-6-2-1,n1727,173,6,2,1
mn-173-6-2-2,n1728,173,6,2,2
mn-173-6-2-3,n1729,173,6,2,3
mn-174-1-1-1,n1730,174,1,1,1
mn-174-1-1-2,n1731,174,1,1,2
mn-174-1-1-3,n1732,174,1,1,3
mn-174-1-1-4,n1733,174,1,1,4
mn-174-1-1-5,n1734,174,1,1,5
mn-174-1-1-6,n1735,174,1,1,6
mn-174-5-2-1,n1736,174,5,2,1
mn-174-6-2-1,n1737,174,6,2,1
mn-174-6-2-2,n1738,174,6,2,2
mn-174-6-2-3,n1739,174,6,2,3
mn-175-1-1-1,n1740,175,1,1,1
mn-175-1-1-2,n1741,175,1,1,2
mn-175-1-1-3,n1742,175,1,1,3
mn-175-1-1-4,n1743,175,1,1,4
mn-175-5-2-1,n1744,175,5,2,1
mn-175-5-2-2,r20,175,5,2,2
mn-175-5-2-3,r21,175,5,2,3
mn-175-6-2-1,n1745,175,6,2,1
mn-175-6-2-2,n1746,175,6,2,2
mn-175-6-2-3,n1747,175,6,2,3
mn-176-1-1-1,n1748,176,1,1,1
mn-176-1-1-2,n1749,176,1,1,2
mn-176-1-1-3,n1750,176,1,1,3
mn-176-1-1-4,n1751,176,1,1,4
mn-176-1-1-5,n1752,176,1,1,5
mn-176-1-1-6,n1753,176,1,1,6
mn-176-5-2-1,n1754,176,5,2,1
mn-176-6-2-1,n1755,176,6,2,1
mn-176-6-2-2,n1756,176,6,2,2
mn-176-6-2-3,n1757,176,6,2,3
mn-177-1-1-1,r22,177,1,1,1
mn-177-1-1-2,n1758,177,1,1,2
mn-177-1-1-3,n1759,177,1,1,3
mn-177-1-1-4,n1760,177,1,1,4
mn-177-1-1-5,n1761,177,1,1,5
mn-177-1-1-6,n1762,177,1,1,6
mn-177-2-1-1,n1763,177,2,1,1
mn-177-5-2-1,n1764,177,5,2,1
mn-177-6-2-1,n1765,177,6,2,1
mn-177-6-2-2,n1766,177,6,2,2
mn-177-6-2-3,n1767,177,6,2,3
mn-178-1-1-1,n1768,178,1,1,1
mn-178-1-1-2,n1769,178,1,1,2
mn-178-2-1-1,n1770,178,2,1,1
mn-178-5-2-1,n1771,178,5,2,1
mn-178-6-2-1,n1772,178,6,2,1
mn-178-6-2-2,n1773,178,6,2,2
mn-178-6-2-3,n1774,178,6,2,3
mn-179-1-1-1,n1775,179,1,1,1
mn-179-1-1-2,n1776,179,1,1,2
mn-179-1-1-3,n1777,179,1,1,3
mn-179-2-1-1,n1778,179,2,1,1
mn-179-5-2-1,n1779,179,5,2,1
mn-179-6-2-1,n1780,179,6,2,1
mn-179-6-2-2,n1781,179,6,2,2
mn-179-6-2-3,n1782,179,6,2,3
mn-180-1-1-1,n1783,180,1,1,1
mn-180-1-1-2,n1784,180,1,1,2
mn-180-2-1-1,n1785,180,2,1,1
mn-180-5-2-1,n1786,180,5,2,1
mn-180-6-2-1,n1787,180,6,2,1
mn-180-6-2-2,n1788,180,6,2,2
mn-180-6-2-3,n1789,180,6,2,3
mn-181-1-1-1,n1790,181,1,1,1
mn-181-1-1-2,n1791,181,1,1,2
mn-181-2-1-1,n1792,181,2,1,1
mn-181-5-2-1,n1793,181,5,2,1
mn-181-6-2-1,n1794,181,6,2,1
mn-181-6-2-2,n1795,181,6,2,2
mn-181-6-2-3,n1796,181,6,2,3
mn-182-1-1-1,n1797,182,1,1,1
mn-182-2-1-1,n1798,182,2,1,1
mn-182-5-2-1,n1799,182,5,2,1
mn-182-5-2-2,n1800,182,5,2,2
mn-182-5-2-3,n1801,182,5,2,3
mn-182-5-2-4,n1802,182,5,2,4
mn-182-5-2-5,n1803,182,5,2,5
mn-182-5-2-6,n1804,182,5,2,6
mn-182-7-2-1,n1805,182,7,2,1
mn-183-1-1-1,n1806,183,1,1,1
mn-183-5-2-1,n1807,183,5,2,1
mn-183-5-2-2,n1808,183,5,2,2
mn-183-5-2-3,n1809,183,5,2,3
mn-183-5-2-4,n1810,183,5,2,4
mn-183-5-2-5,n1811,183,5,2,5
mn-183-5-2-6,n1812,183,5,2,6
mn-184-1-1-1,n1813,184,1,1,1
mn-184-1-1-2,n1814,184,1,1,2
mn-184-1-1-3,n1815,184,1,1,3
mn-184-1-1-4,n1816,184,1,1,4
mn-184-1-1-5,n1817,184,1,1,5
mn-184-1-1-6,n1818,184,1,1,6
mn-184-5-2-1,n1819,184,5,2,1
mn-184-5-2-2,n1820,184,5,2,2
mn-184-5-2-3,n1821,184,5,2,3
mn-184-5-2-4,n1822,184,5,2,4
mn-184-5-2-5,n1823,184,5,2,5
mn-184-5-2-6,n1824,184,5,2,6
mn-185-1-1-1,n1825,185,1,1,1
mn-185-1-1-2,n1826,185,1,1,2
mn-185-1-1-3,n1827,185,1,1,3
mn-185-1-1-4,n1828,185,1,1,4
mn-185-5-2-1,n1829,185,5,2,1
mn-185-5-2-2,n1830,185,5,2,2
mn-185-5-2-3,n1831,185,5,2,3
mn-185-5-2-4,n1832,185,5,2,4
mn-185-5-2-5,n1833,185,5,2,5
mn-185-5-2-6,n1834,185,5,2,6
mn-186-1-1-1,n1835,186,1,1,1
mn-186-1-1-2,n1836,186,1,1,2
mn-186-5-2-1,n1837,186,5,2,1
mn-186-5-2-2,n1838,186,5,2,2
mn-186-5-2-3,n1839,186,5,2,3
mn-186-5-2-4,n1840,186,5,2,4
mn-186-5-2-5,n1841,186,5,2,5
mn-186-5-2-6,n1842,186,5,2,6
mn-187-1-1-1,n1843,187,1,1,1
mn-187-5-2-1,n1844,187,5,2,1
mn-187-5-2-2,n1845,187,5,2,2
mn-187-5-2-3,n1846,187,5,2,3
mn-187-5-2-4,n1847,187,5,2,4
mn-187-5-2-5,n1848,187,5,2,5
mn-187-5-2-6,n1849,187,5,2,6
mn-188-1-1-1,n1850,188,1,1,1
mn-188-1-1-2,n1851,188,1,1,2
mn-188-1-1-3,n1852,188,1,1,3
mn-188-1-1-4,n1853,188,1,1,4
mn-188-1-1-5,n1854,188,1,1,5
mn-188-1-1-6,n1855,188,1,1,6
mn-188-5-2-1,n1856,188,5,2,1
mn-188-5-2-2,n1857,188,5,2,2
mn-188-5-2-3,n1858,188,5,2,3
mn-188-5-2-4,n1859,188,5,2,4
mn-188-5-2-5,n1860,188,5,2,5
mn-188-5-2-6,n1861,188,5,2,6
mn-189-1-1-1,n1862,189,1,1,1
mn-189-1-1-2,n1863,189,1,1,2
mn-189-1-1-3,n1864,189,1,1,3
mn-189-1-1-4,n1865,189,1,1,4
mn-189-5-2-1,n1866,189,5,2,1
mn-189-5-2-2,n1867,189,5,2,2
mn-189-5-2-3,n1868,189,5,2,3
mn-189-5-2-4,n1869,189,5,2,4
mn-189-5-2-5,n1870,189,5,2,5
mn-189-5-2-6,n1871,189,5,2,6
mn-190-1-1-1,n1872,190,1,1,1
mn-190-1-1-2,n1873,190,1,1,2
mn-190-1-1-3,n1874,190,1,1,3
mn-190-1-1-4,n1875,190,1,1,4
mn-190-1-1-5,n1876,190,1,1,5
mn-190-1-1-6,n1877,190,1,1,6
mn-190-5-2-1,n1878,190,5,2,1
mn-191-1-1-1,n1879,191,1,1,1
mn-191-1-1-2,n1880,191,1,1,2
mn-191-1-1-3,n1881,191,1,1,3
mn-191-1-1-4,n1882,191,1,1,4
mn-191-1-1-5,n1883,191,1,1,5
mn-191-1-1-6,n1884,191,1,1,6
mn-191-5-2-1,n1885,191,5,2,1
mn-192-1-1-1,n1886,192,1,1,1
mn-192-1-1-2,n1887,192,1,1,2
mn-192-1-1-3,n1888,192,1,1,3
mn-192-1-1-4,n1889,192,1,1,4
mn-192-1-1-5,n1890,192,1,1,5
mn-192-1-1-6,n1891,192,1,1,6
mn-192-5-2-1,n1892,192,5,2,1
mn-192-5-2-2,n1893,192,5,2,2
mn-192-5-2-3,n1894,192,5,2,3
mn-192-5-2-4,n1895,192,5,2,4
mn-192-5-2-5,n1896,192,5,2,5
mn-192-5-2-6,n1897,192,5,2,6
mn-193-1-1-1,n1898,193,1,1,1
mn-193-1-1-2,n1899,193,1,1,2
mn-193-1-1-3,n1900,193,1,1,3
mn-193-1-1-4,n1901,193,1,1,4
mn-193-1-1-5,n1902,193,1,1,5
mn-193-1-1-6,n1903,193,1,1,6
mn-193-5-2-1,n1904,193,5,2,1
mn-193-5-2-2,n1905,193,5,2,2
mn-193-5-2-3,n1906,193,5,2,3
mn-193-5-2-4,n1907,193,5,2,4
mn-194-1-1-1,n1908,194,1,1,1
mn-194-1-1-2,n1909,194,1,1,2
mn-194-1-1-3,n1910,194,1,1,3
mn-194-1-1-4,n1911,194,1,1,4
mn-194-1-1-5,n1912,194,1,1,5
mn-194-1-1-6,n1913,194,1,1,6
mn-194-5-2-1,n1914,194,5,2,1
mn-194-5-2-2,n1915,194,5,2,2
mn-195-1-1-1,n1916,195,1,1,1
mn-195-1-1-2,n1917,195,1,1,2
mn-195-1-1-3,n1918,195,1,1,3
mn-195-1-1-4,n1919,195,1,1,4
mn-195-1-1-5,n1920,195,1,1,5
mn-195-1-1-6,n1921,195,1,1,6
mn-195-5-2-1,n1922,195,5,2,1
mn-195-5-2-2,n1923,195,5,2,2
mn-196-1-1-1,n1924,196,1,1,1
mn-196-1-1-2,n1925,196,1,1,2
mn-196-1-1-3,n1926,196,1,1,3
mn-196-1-1-4,n1927,196,1,1,4
mn-196-1-1-5,n1928,196,1,1,5
mn-196-1-1-6,n1929,196,1,1,6
mn-196-5-2-1,n1930,196,5,2,1
mn-196-5-2-2,n1931,196,5,2,2
mn-196-5-2-3,n1932,196,5,2,3
mn-196-5-2-4,n1933,196,5,2,4
mn-196-5-2-5,n1934,196,5,2,5
mn-196-5-2-6,n1935,196,5,2,6
mn-197-1-1-1,n1936,197,1,1,1
mn-197-1-1-2,n1937,197,1,1,2
mn-197-1-1-3,n1938,197,1,1,3
mn-197-1-1-4,n1939,197,1,1,4
mn-197-1-1-5,n1940,197,1,1,5
mn-197-1-1-6,n1941,197,1,1,6
mn-197-5-2-1,n1942,197,5,2,1
mn-197-5-2-2,n1943,197,5,2,2
mn-197-5-2-3,n1944,197,5,2,3
mn-197-5-2-4,n1945,197,5,2,4
mn-198-1-1-1,n1946,198,1,1,1
mn-198-1-1-2,n1947,198,1,1,2
mn-198-1-1-3,n1948,198,1,1,3
mn-198-1-1-4,n1949,198,1,1,4
mn-198-1-1-5,n1950,198,1,1,5
mn-198-1-1-6,n1951,198,1,1,6
mn-198-5-2-1,n1952,198,5,2,1
mn-198-5-2-2,n1953,198,5,2,2
mn-198-5-2-3,n1954,198,5,2,3
mn-198-5-2-4,n1955,198,5,2,4
mn-198-5-2-5,n1956,198,5,2,5
mn-198-5-2-6,n1957,198,5,2,6
mn-199-1-1-1,n1958,199,1,1,1
mn-199-1-1-2,n1959,199,1,1,2
mn-199-1-1-3,n1960,199,1,1,3
mn-199-1-1-4,n1961,199,1,1,4
mn-199-5-2-1,n1962,199,5,2,1
mn-199-5-2-2,n1963,199,5,2,2
mn-199-5-2-3,n1964,199,5,2,3
mn-199-5-2-4,n1965,199,5,2,4
mn-199-5-2-5,n1966,199,5,2,5
mn-199-5-2-6,n1967,199,5,2,6
mn-200-1-1-1,n1968,200,1,1,1
mn-200-1-1-2,n1969,200,1,1,2
mn-200-1-1-3,n1970,200,1,1,3
mn-200-1-1-4,n1971,200,1,1,4
mn-200-1-1-5,n1972,200,1,1,5
mn-200-1-1-6,n1973,200,1,1,6
mn-200-5-2-1,n1974,200,5,2,1
mn-200-5-2-2,n1975,200,5,2,2
mn-200-5-2-3,n1976,200,5,2,3
mn-200-5-2-4,n1977,200,5,2,4
mn-200-5-2-5,n1978,200,5,2,5
mn-200-5-2-6,n1979,200,5,2,6
mn-201-1-1-1,n1980,201,1,1,1
mn-201-1-1-2,n1981,201,1,1,2
mn-201-1-1-3,n1982,201,1,1,3
mn-201-1-1-4,n1983,201,1,1,4
mn-201-1-1-5,n1984,201,1,1,5
mn-201-1-1-6,n1985,201,1,1,6
mn-201-5-2-1,n1986,201,5,2,1
mn-201-5-2-2,n1987,201,5,2,2
mn-201-5-2-3,n1988,201,5,2,3
mn-201-5-2-4,n1989,201,5,2,4
mn-201-5-2-5,n1990,201,5,2,5
mn-202-1-1-1,n1991,202,1,1,1
mn-202-1-1-2,n1992,202,1,1,2
mn-202-1-1-3,n1993,202,1,1,3
mn-202-1-1-4,n1994,202,1,1,4
mn-202-1-1-5,n1995,202,1,1,5
mn-202-1-1-6,n1996,202,1,1,6
mn-202-5-2-1,n1997,202,5,2,1
mn-202-5-2-2,n1998,202,5,2,2
mn-202-5-2-3,n1999,202,5,2,3
mn-202-5-2-4,n2000,202,5,2,4
mn-202-5-2-5,n2001,202,5,2,5
mn-202-5-2-6,n2002,202,5,2,6
mn-203-1-1-1,n2003,203,1,1,1
mn-203-1-1-2,n2004,203,1,1,2
mn-203-1-1-3,n2005,203,1,1,3
mn-203-1-1-4,n2006,203,1,1,4
mn-203-5-2-1,n2007,203,5,2,1
mn-203-5-2-2,n2008,203,5,2,2
mn-203-5-2-3,n2009,203,5,2,3
mn-203-5-2-4,n2010,203,5,2,4
mn-203-5-2-5,n2011,203,5,2,5
mn-203-5-2-6,n2012,203,5,2,6
mn-204-1-1-1,n2013,204,1,1,1
mn-204-1-1-2,n2014,204,1,1,2
mn-204-1-1-3,n2015,204,1,1,3
mn-204-1-1-4,n2016,204,1,1,4
mn-204-1-1-5,n2017,204,1,1,5
mn-204-1-1-6,n2018,204,1,1,6
mn-204-5-2-1,n2019,204,5,2,1
mn-204-5-2-2,n2020,204,5,2,2
mn-204-5-2-3,n2021,204,5,2,3
mn-204-5-2-4,n2022,204,5,2,4
mn-204-5-2-5,n2023,204,5,2,5
mn-204-5-2-6,n2024,204,5,2,6
mn-205-1-1-1,n2025,205,1,1,1
mn-205-1-1-2,n2026,205,1,1,2
mn-205-1-1-3,n2027,205,1,1,3
mn-205-1-1-4,n2028,205,1,1,4
mn-205-1-1-5,n2029,205,1,1,5
mn-205-1-1-6,n2030,205,1,1,6
mn-205-5-2-1,n2031,205,5,2,1
mn-205-5-2-2,n2032,205,5,2,2
mn-205-5-2-3,n2033,205,5,2,3
mn-205-5-2-4,n2034,205,5,2,4
mn-206-1-1-1,n2035,206,1,1,1
mn-206-1-1-2,n2036,206,1,1,2
mn-206-1-1-3,n2037,206,1,1,3
mn-206-1-1-4,n2038,206,1,1,4
mn-206-1-1-5,n2039,206,1,1,5
mn-206-1-1-6,n2040,206,1,1,6
mn-206-5-2-1,n2041,206,5,2,1
mn-206-5-2-2,n2042,206,5,2,2
mn-206-5-2-3,n2043,206,5,2,3
mn-206-5-2-4,n2044,206,5,2,4
mn-206-5-2-5,n2045,206,5,2,5
mn-206-5-2-6,n2046,206,5,2,6
mn-207-1-1-1,n2047,207,1,1,1
mn-207-1-1-2,n2048,207,1,1,2
mn-207-1-1-3,n2049,207,1,1,3
mn-207-2-1-1,n2050,207,2,1,1
mn-207-5-2-1,n2051,207,5,2,1
mn-207-5-2-2,n2052,207,5,2,2
mn-207-5-2-3,n2053,207,5,2,3
mn-207-5-2-4,n2054,207,5,2,4
mn-207-5-2-5,n2055,207,5,2,5
mn-207-5-2-6,n2056,207,5,2,6
mn-208-1-1-1,n2057,208,1,1,1
mn-208-1-1-2,n2058,208,1,1,2
mn-208-1-1-3,n2059,208,1,1,3
mn-208-2-1-1,n2060,208,2,1,1
mn-208-5-2-1,n2061,208,5,2,1
mn-208-5-2-2,n2062,208,5,2,2
mn-208-5-2-3,n2063,208,5,2,3
mn-208-5-2-4,n2064,208,5,2,4
mn-208-5-2-5,n2065,208,5,2,5
mn-208-5-2-6,n2066,208,5,2,6
mn-209-1-1-1,n2067,209,1,1,1
mn-209-1-1-2,n2068,209,1,1,2
mn-209-1-1-3,n2069,209,1,1,3
mn-209-2-1-1,n2070,209,2,1,1
mn-209-5-2-1,n2071,209,5,2,1
mn-209-5-2-2,n2072,209,5,2,2
mn-209-5-2-3,n2073,209,5,2,3
mn-209-5-2-4,n2074,209,5,2,4
mn-209-5-2-5,n2075,209,5,2,5
mn-209-5-2-6,n2076,209,5,2,6
mn-210-1-1-1,n2077,210,1,1,1
mn-210-1-1-2,n2078,210,1,1,2
mn-210-1-1-3,n2079,210,1,1,3
mn-210-2-1-1,n2080,210,2,1,1
mn-210-5-2-1,n2081,210,5,2,1
mn-210-5-2-2,n2082,210,5,2,2
mn-210-5-2-3,n2083,210,5,2,3
mn-210-5-2-4,n2084,210,5,2,4
mn-210-5-2-5,n2085,210,5,2,5
mn-210-5-2-6,n2086,210,5,2,6
mn-211-1-1-1,n2087,211,1,1,1
mn-211-1-1-2,n2088,211,1,1,2
mn-211-1-1-3,n2089,211,1,1,3
mn-211-2-1-1,n2090,211,2,1,1
mn-211-5-2-1,n2091,211,5,2,1
mn-211-5-2-2,n2092,211,5,2,2
mn-211-5-2-3,n2093,211,5,2,3
mn-211-5-2-4,n2094,211,5,2,4
mn-211-5-2-5,n2095,211,5,2,5
mn-211-5-2-6,n2096,211,5,2,6
mn-212-1-1-1,n2097,212,1,1,1
mn-212-1-1-2,n2098,212,1,1,2
mn-212-1-1-3,n2099,212,1,1,3
mn-212-2-1-1,n2100,212,2,1,1
mn-212-5-2-1,n2101,212,5,2,1
mn-212-5-2-2,n2102,212,5,2,2
mn-212-5-2-3,n2103,212,5,2,3
mn-212-5-2-4,n2104,212,5,2,4
mn-212-5-2-5,n2105,212,5,2,5
mn-212-5-2-6,n2106,212,5,2,6
mn-213-1-1-1,n2107,213,1,1,1
mn-213-1-1-2,n2108,213,1,1,2
mn-213-1-1-3,n2109,213,1,1,3
mn-213-2-1-1,n2110,213,2,1,1
mn-213-5-2-1,n2111,213,5,2,1
mn-213-5-2-2,n2112,213,5,2,2
mn-213-5-2-3,n2113,213,5,2,3
mn-213-5-2-4,n2114,213,5,2,4
mn-213-5-2-5,n2115,213,5,2,5
mn-213-5-2-6,n2116,213,5,2,6
mn-214-1-1-1,n2117,214,1,1,1
mn-214-1-1-2,n2118,214,1,1,2
mn-214-1-1-3,n2119,214,1,1,3
mn-214-2-1-1,n2120,214,2,1,1
mn-214-5-2-1,n2121,214,5,2,1
mn-214-5-2-2,n2122,214,5,2,2
mn-214-5-2-3,n2123,214,5,2,3
mn-214-5-2-4,n2124,214,5,2,4
mn-214-5-2-5,n2125,214,5,2,5
mn-214-5-2-6,n2126,214,5,2,6
mn-215-1-1-1,n2127,215,1,1,1
mn-215-1-1-2,n2128,215,1,1,2
mn-215-1-1-3,n2129,215,1,1,3
mn-215-2-1-1,n2130,215,2,1,1
mn-215-5-2-1,n2131,215,5,2,1
mn-215-5-2-2,n2132,215,5,2,2
mn-215-5-2-3,n2133,215,5,2,3
mn-215-5-2-4,n2134,215,5,2,4
mn-215-5-2-5,n2135,215,5,2,5
mn-215-5-2-6,n2136,215,5,2,6
mn-216-1-1-1,n2137,216,1,1,1
mn-216-1-1-2,n2138,216,1,1,2
mn-216-1-1-3,n2139,216,1,1,3
mn-216-2-1-1,n2140,216,2,1,1
mn-216-5-2-1,n2141,216,5,2,1
mn-216-5-2-2,n2142,216,5,2,2
mn-216-5-2-3,n2143,216,5,2,3
mn-216-5-2-4,n2144,216,5,2,4
mn-216-5-2-5,n2145,216,5,2,5
mn-216-5-2-6,n2146,216,5,2,6
mn-217-1-1-1,n2147,217,1,1,1
mn-217-1-1-2,n2148,217,1,1,2
mn-217-1-1-3,n2149,217,1,1,3
mn-217-2-1-1,n2150,217,2,1,1
mn-217-5-2-1,n2151,217,5,2,1
mn-217-5-2-2,n2152,217,5,2,2
mn-217-5-2-3,n2153,217,5,2,3
mn-217-5-2-4,n2154,217,5,2,4
mn-217-5-2-5,n2155,217,5,2,5
mn-217-5-2-6,n2156,217,5,2,6
mn-218-1-1-1,n2157,218,1,1,1
mn-218-1-1-2,n2158,218,1,1,2
mn-218-2-1-1,n2159,218,2,1,1
mn-218-2-1-2,n2160,218,2,1,2
mn-218-2-1-3,n2161,218,2,1,3
mn-218-2-1-4,n2162,218,2,1,4
mn-218-5-2-1,n2163,218,5,2,1
mn-218-5-2-2,n2164,218,5,2,2
mn-218-5-2-3,n2165,218,5,2,3
mn-218-6-2-1,n2166,218,6,2,1
mn-219-1-1-1,r23,219,1,1,1
mn-219-1-1-2,n2167,219,1,1,2
mn-219-2-1-1,r24,219,2,1,1
mn-219-2-1-2,n2168,219,2,1,2
mn-219-2-1-3,n2169,219,2,1,3
mn-219-2-1-4,n2170,219,2,1,4
mn-219-5-2-1,n2171,219,5,2,1
mn-219-5-2-2,n2172,219,5,2,2
mn-219-5-2-3,n2173,219,5,2,3
mn-219-6-2-1,n2174,219,6,2,1
mn-220-1-1-1,r25,220,1,1,1
mn-220-1-1-2,n2175,220,1,1,2
mn-220-2-1-1,r26,220,2,1,1
mn-220-2-1-2,n2176,220,2,1,2
mn-220-2-1-3,n2177,220,2,1,3
mn-220-2-1-4,n2178,220,2,1,4
mn-220-5-2-1,n2179,220,5,2,1
mn-220-5-2-2,n2180,220,5,2,2
mn-220-5-2-3,n2181,220,5,2,3
mn-220-6-2-1,n2182,220,6,2,1
mn-221-1-1-1,n2183,221,1,1,1
mn-221-1-1-2,n2184,221,1,1,2
mn-221-2-1-1,r27,221,2,1,1
mn-221-2-1-2,n2185,221,2,1,2
mn-221-2-1-3,n2186,221,2,1,3
mn-221-2-1-4,n2187,221,2,1,4
mn-221-5-2-1,n2188,221,5,2,1
mn-221-5-2-2,n2189,221,5,2,2
mn-221-5-2-3,n2190,221,5,2,3
mn-221-6-2-1,n2191,221,6,2,1
mn-222-1-1-1,r28,222,1,1,1
mn-222-1-1-2,n2192,222,1,1,2
mn-222-1-1-3,n2193,222,1,1,3
mn-222-1-1-4,n2194,222,1,1,4
mn-222-2-1-1,n2195,222,2,1,1
mn-222-2-1-2,n2196,222,2,1,2
mn-222-5-2-1,n2197,222,5,2,1
mn-222-5-2-2,n2198,222,5,2,2
mn-222-5-2-3,n2199,222,5,2,3
mn-222-6-2-1,n2200,222,6,2,1
mn-223-1-1-1,r29,223,1,1,1
mn-223-1-1-2,n2201,223,1,1,2
mn-223-1-1-3,n2202,223,1,1,3
mn-223-1-1-4,n2203,223,1,1,4
mn-223-2-1-1,n2204,223,2,1,1
mn-223-2-1-2,n2205,223,2,1,2
mn-223-5-2-1,n2206,223,5,2,1
mn-223-5-2-2,n2207,223,5,2,2
mn-223-5-2-3,n2208,223,5,2,3
mn-223-6-2-1,n2209,223,6,2,1
mn-224-1-1-1,r30,224,1,1,1
mn-224-1-1-2,n2210,224,1,1,2
mn-224-1-1-3,n2211,224,1,1,3
mn-224-1-1-4,n2212,224,1,1,4
mn-224-2-1-1,n2213,224,2,1,1
mn-224-2-1-2,n2214,224,2,1,2
mn-224-5-2-1,n2215,224,5,2,1
mn-224-5-2-2,n2216,224,5,2,2
mn-224-5-2-3,n2217,224,5,2,3
mn-224-6-2-1,n2218,224,6,2,1
mn-225-1-1-1,r31,225,1,1,1
mn-225-1-1-2,n2219,225,1,1,2
mn-225-1-1-3,n2220,225,1,1,3
mn-225-1-1-4,n2221,225,1,1,4
mn-225-2-1-1,n2222,225,2,1,1
mn-225-2-1-2,n2223,225,2,1,2
mn-225-5-2-1,n2224,225,5,2,1
mn-225-5-2-2,n2225,225,5,2,2
mn-225-5-2-3,n2226,225,5,2,3
mn-225-6-2-1,n2227,225,6,2,1
mn-226-1-1-1,r32,226,1,1,1
mn-226-1-1-2,n2228,226,1,1,2
mn-226-1-1-3,n2229,226,1,1,3
mn-226-1-1-4,n2230,226,1,1,4
mn-226-2-1-1,n2231,226,2,1,1
mn-226-2-1-2,n2232,226,2,1,2
mn-226-5-2-1,n2233,226,5,2,1
mn-226-5-2-2,n2234,226,5,2,2
mn-226-5-2-3,n2235,226,5,2,3
mn-226-6-2-1,n2236,226,6,2,1
mn-227-1-1-1,n2237,227,1,1,1
mn-227-1-1-2,n2238,227,1,1,2
mn-227-1-1-3,n2239,227,1,1,3
mn-227-1-1-4,n2240,227,1,1,4
mn-227-5-2-1,n2241,227,5,2,1
mn-227-5-2-2,n2242,227,5,2,2
mn-227-5-2-3,n2243,227,5,2,3
mn-227-6-2-1,n2244,227,6,2,1
mn-228-1-1-1,n2245,228,1,1,1
mn-228-1-1-2,n2246,228,1,1,2
mn-228-1-1-3,n2247,228,1,1,3
mn-228-1-1-4,n2248,228,1,1,4
mn-228-5-2-1,n2249,228,5,2,1
mn-228-6-2-1,n2250,228,6,2,1
mn-228-6-2-2,n2251,228,6,2,2
mn-228-6-2-3,n2252,228,6,2,3
mn-229-1-1-1,n2253,229,1,1,1
mn-229-1-1-2,n2254,229,1,1,2
mn-229-1-1-3,n2255,229,1,1,3
mn-229-1-1-4,n2256,229,1,1,4
mn-229-5-2-1,n2257,229,5,2,1
mn-229-6-2-1,n2258,229,6,2,1
mn-229-6-2-2,n2259,229,6,2,2
mn-229-6-2-3,n2260,229,6,2,3
mn-230-1-1-1,n2261,230,1,1,1
mn-230-1-1-2,n2262,230,1,1,2
mn-230-1-1-3,n2263,230,1,1,3
mn-230-1-1-4,n2264,230,1,1,4
mn-230-5-2-1,n2265,230,5,2,1
mn-230-6-2-1,n2266,230,6,2,1
mn-230-6-2-2,n2267,230,6,2,2
mn-230-6-2-3,n2268,230,6,2,3
mn-231-1-1-1,n2269,231,1,1,1
mn-231-1-1-2,n2270,231,1,1,2
mn-231-1-1-3,n2271,231,1,1,3
mn-231-1-1-4,n2272,231,1,1,4
mn-231-5-2-1,n2273,231,5,2,1
mn-231-6-2-1,n2274,231,6,2,1
mn-231-6-2-2,n2275,231,6,2,2
mn-231-6-2-3,n2276,231,6,2,3
mn-232-1-1-1,n2277,232,1,1,1
mn-232-1-1-2,n2278,232,1,1,2
mn-232-1-1-3,n2279,232,1,1,3
mn-232-1-1-4,n2280,232,1,1,4
mn-232-5-2-1,n2281,232,5,2,1
mn-232-6-2-1,n2282,232,6,2,1
mn-232-6-2-2,n2283,232,6,2,2
mn-232-6-2-3,n2284,232,6,2,3
mn-233-1-1-1,n2285,233,1,1,1
mn-233-1-1-2,n2286,233,1,1,2
mn-233-1-1-3,n2287,233,1,1,3
mn-233-1-1-4,n2288,233,1,1,4
mn-233-5-2-1,n2289,233,5,2,1
mn-233-6-2-1,n2290,233,6,2,1
mn-233-6-2-2,n2291,233,6,2,2
mn-233-6-2-3,n2292,233,6,2,3
mn-234-1-1-1,n2293,234,1,1,1
mn-234-1-1-2,n2294,234,1,1,2
mn-234-1-1-3,n2295,234,1,1,3
mn-234-1-1-4,n2296,234,1,1,4
mn-234-5-2-1,n2297,234,5,2,1
mn-234-6-2-1,n2298,234,6,2,1
mn-234-6-2-2,n2299,234,6,2,2
mn-234-6-2-3,n2300,234,6,2,3
mn-235-1-1-1,n2301,235,1,1,1
mn-235-1-1-2,n2302,235,1,1,2
mn-235-1-1-3,n2303,235,1,1,3
mn-235-1-1-4,n2304,235,1,1,4
mn-235-5-2-1,n2305,235,5,2,1
mn-235-6-2-1,n2306,235,6,2,1
mn-235-6-2-2,n2307,235,6,2,2
mn-235-6-2-3,n2308,235,6,2,3
mn-236-1-1-1,n2309,236,1,1,1
mn-236-1-1-2,n2310,236,1,1,2
mn-236-1-1-3,n2311,236,1,1,3
mn-236-1-1-4,n2312,236,1,1,4
mn-236-5-2-1,n2313,236,5,2,1
mn-236-6-2-1,n2314,236,6,2,1
mn-236-6-2-2,n2315,236,6,2,2
mn-236-6-2-3,n2316,236,6,2,3
mn-237-1-1-1,n2317,237,1,1,1
mn-237-1-1-2,n2318,237,1,1,2
mn-237-1-1-3,n2319,237,1,1,3
mn-237-1-1-4,n2320,237,1,1,4
mn-237-5-2-1,n2321,237,5,2,1
mn-237-6-2-1,n2322,237,6,2,1
mn-237-6-2-2,n2323,237,6,2,2
mn-237-6-2-3,n2324,237,6,2,3
mn-238-1-1-1,n2325,238,1,1,1
mn-238-1-1-2,n2326,238,1,1,2
mn-238-1-1-3,n2327,238,1,1,3
mn-238-1-1-4,n2328,238,1,1,4
mn-238-5-2-1,n2329,238,5,2,1
mn-238-5-2-2,n2330,238,5,2,2
mn-239-1-1-1,n2331,239,1,1,1
mn-239-1-1-2,n2332,239,1,1,2
mn-239-1-1-3,n2333,239,1,1,3
mn-239-1-1-4,n2334,239,1,1,4
mn-239-1-1-5,n2335,239,1,1,5
mn-239-5-2-1,n2336,239,5,2,1
mn-239-5-2-2,n2337,239,5,2,2
mn-240-1-1-1,n2338,240,1,1,1
mn-240-1-1-2,n2339,240,1,1,2
mn-240-1-1-3,n2340,240,1,1,3
mn-240-1-1-4,n2341,240,1,1,4
mn-240-1-1-5,n2342,240,1,1,5
mn-240-1-1-6,n2343,240,1,1,6
mn-240-1-1-7,n2344,240,1,1,7
mn-240-1-1-8,n2345,240,1,1,8
mn-240-5-2-1,n2346,240,5,2,1
mn-240-5-2-2,n2347,240,5,2,2
mn-241-1-1-1,n2348,241,1,1,1
mn-241-1-1-2,n2349,241,1,1,2
mn-241-1-1-3,n2350,241,1,1,3
mn-241-1-1-4,n2351,241,1,1,4
mn-241-1-1-5,n2352,241,1,1,5
mn-241-1-1-6,n2353,241,1,1,6
mn-241-1-1-7,n2354,241,1,1,7
mn-241-1-1-8,n2355,241,1,1,8
mn-241-5-2-1,n2356,241,5,2,1
mn-241-5-2-2,n2357,241,5,2,2
mn-242-1-1-1,n2358,242,1,1,1
mn-242-1-1-2,n2359,242,1,1,2
mn-242-1-1-3,n2360,242,1,1,3
mn-242-1-1-4,n2361,242,1,1,4
mn-242-1-1-5,n2362,242,1,1,5
mn-242-1-1-6,n2363,242,1,1,6
mn-242-1-1-7,n2364,242,1,1,7
mn-242-1-1-8,n2365,242,1,1,8
mn-242-5-2-1,n2366,242,5,2,1
mn-242-5-2-2,n2367,242,5,2,2
mn-243-1-1-1,n2368,243,1,1,1
mn-243-1-1-2,n2369,243,1,1,2
mn-243-1-1-3,n2370,243,1,1,3
mn-243-1-1-4,n2371,243,1,1,4
mn-243-1-1-5,n2372,243,1,1,5
mn-243-1-1-6,n2373,243,1,1,6
mn-243-2-2-1,n2374,243,2,2,1
mn-243-2-2-2,n2375,243,2,2,2
mn-243-5-2-1,n2376,243,5,2,1
mn-243-5-2-2,n2377,243,5,2,2
mn-244-1-1-1,n2378,244,1,1,1
mn-244-1-1-2,n2379,244,1,1,2
mn-244-1-1-3,n2380,244,1,1,3
mn-244-2-2-1,n2381,244,2,2,1
mn-244-2-2-2,n2382,244,2,2,2
mn-244-2-2-3,n2383,244,2,2,3
mn-244-2-2-4,n2384,244,2,2,4
mn-244-2-2-5,n2385,244,2,2,5
mn-244-5-2-1,n2386,244,5,2,1
mn-244-5-2-2,n2387,244,5,2,2
mn-245-1-1-1,n2388,245,1,1,1
mn-245-1-1-2,n2389,245,1,1,2
mn-245-2-2-1,n2390,245,2,2,1
mn-245-2-2-2,n2391,245,2,2,2
mn-245-2-2-3,n2392,245,2,2,3
mn-245-2-2-4,n2393,245,2,2,4
mn-245-2-2-5,n2394,245,2,2,5
mn-245-2-2-6,n2395,245,2,2,6
mn-245-5-2-1,n2396,245,5,2,1
mn-245-5-2-2,n2397,245,5,2,2
mn-246-1-1-1,n2398,246,1,1,1
mn-246-1-2-1,n2399,246,1,2,1
mn-246-1-2-2,n2400,246,1,2,2
mn-246-1-2-3,n2401,246,1,2,3
mn-246-1-2-4,n2402,246,1,2,4
mn-246-2-2-1,n2403,246,2,2,1
mn-246-2-2-2,n2404,246,2,2,2
mn-246-2-2-3,n2405,246,2,2,3
mn-246-5-2-1,n2406,246,5,2,1
mn-246-5-2-2,n2407,246,5,2,2
mn-247-1-2-1,n2408,247,1,2,1
mn-247-1-2-2,n2409,247,1,2,2
mn-247-1-2-3,n2410,247,1,2,3
mn-247-1-2-4,n2411,247,1,2,4
mn-247-1-2-5,n2412,247,1,2,5
mn-247-1-2-6,n2413,247,1,2,6
mn-247-1-2-7,n2414,247,1,2,7
mn-247-5-2-1,n2415,247,5,2,1
mn-247-5-2-2,n2416,247,5,2,2
mn-248-1-2-1,n2417,248,1,2,1
mn-248-1-2-2,n2418,248,1,2,2
mn-248-1-2-3,n2419,248,1,2,3
mn-248-1-2-4,n2420,248,1,2,4
mn-248-1-2-5,n2421,248,1,2,5
mn-248-1-2-6,n2422,248,1,2,6
mn-248-5-2-1,n2423,248,5,2,1
mn-248-5-2-2,n2424,248,5,2,2
mn-249-1-2-1,n2425,249,1,2,1
mn-249-1-2-2,n2426,249,1,2,2
mn-249-1-2-3,n2427,249,1,2,3
mn-249-1-2-4,n2428,249,1,2,4
mn-249-1-2-5,n2429,249,1,2,5
mn-249-1-2-6,n2430,249,1,2,6
mn-249-5-2-1,n2431,249,5,2,1
mn-249-5-2-2,n2432,249,5,2,2
mn-250-1-2-1,n2433,250,1,2,1
mn-250-1-2-2,n2434,250,1,2,2
mn-250-1-2-3,n2435,250,1,2,3
mn-250-5-2-1,n2436,250,5,2,1
mn-250-5-2-2,n2437,250,5,2,2
mn-251-1-2-1,n2438,251,1,2,1
mn-251-1-2-2,n2439,251,1,2,2
mn-251-1-2-3,n2440,251,1,2,3
mn-251-1-2-4,n2441,251,1,2,4
mn-251-1-2-5,n2442,251,1,2,5
mn-251-1-2-6,n2443,251,1,2,6
mn-251-5-2-1,n2444,251,5,2,1
mn-251-5-2-2,n2445,251,5,2,2
mn-252-1-2-1,n2446,252,1,2,1
mn-252-1-2-2,n2447,252,1,2,2
mn-252-1-2-3,n2448,252,1,2,3
mn-252-5-2-1,n2449,252,5,2,1
mn-252-5-2-2,n2450,252,5,2,2
mn-253-1-2-1,n2451,253,1,2,1
mn-253-1-2-2,n2452,253,1,2,2
mn-253-1-2-3,n2453,253,1,2,3
mn-253-1-2-4,n2454,253,1,2,4
mn-253-1-2-5,n2455,253,1,2,5
mn-253-1-2-6,n2456,253,1,2,6
mn-253-5-2-1,n2457,253,5,2,1
mn-253-5-2-2,n2458,253,5,2,2
mn-254-1-2-1,n2459,254,1,2,1
mn-254-1-2-2,n2460,254,1,2,2
mn-254-1-2-3,n2461,254,1,2,3
mn-254-5-2-1,n2462,254,5,2,1
mn-254-5-2-2,n2463,254,5,2,2
mn-255-1-2-1,n2464,255,1,2,1
mn-255-1-2-2,n2465,255,1,2,2
mn-255-1-2-3,n2466,255,1,2,3
mn-255-1-1-1,n2467,255,1,1,1
mn-255-5-2-1,n2468,255,5,2,1
mn-255-5-2-2,n2469,255,5,2,2
mn-255-5-2-3,n2470,255,5,2,3
mn-256-1-1-1,n2471,256,1,1,1
mn-256-1-1-2,n2472,256,1,1,2
mn-256-5-2-1,n2473,256,5,2,1
mn-256-5-2-2,n2474,256,5,2,2
mn-256-5-2-3,n2475,256,5,2,3
mn-256-5-2-4,n2476,256,5,2,4
mn-256-5-2-5,n2477,256,5,2,5
mn-256-5-2-6,n2478,256,5,2,6
mn-256-5-2-7,n2479,256,5,2,7
mn-257-1-1-1,n2480,257,1,1,1
mn-257-1-1-2,n2481,257,1,1,2
mn-257-5-2-1,n2482,257,5,2,1
mn-257-5-2-2,n2483,257,5,2,2
mn-257-5-2-3,n2484,257,5,2,3
mn-257-5-2-4,n2485,257,5,2,4
mn-257-5-2-5,n2486,257,5,2,5
mn-257-5-2-6,n2487,257,5,2,6
mn-257-5-2-7,n2488,257,5,2,7
mn-258-1-1-1,n2489,258,1,1,1
mn-258-1-1-2,n2490,258,1,1,2
mn-258-1-1-3,n2491,258,1,1,3
mn-258-1-1-4,n2492,258,1,1,4
mn-258-5-2-1,n2493,258,5,2,1
mn-258-5-2-2,n2494,258,5,2,2
mn-258-5-2-3,n2495,258,5,2,3
mn-258-5-2-4,n2496,258,5,2,4
mn-258-5-2-5,n2497,258,5,2,5
mn-259-1-1-1,n2498,259,1,1,1
mn-259-1-1-2,n2499,259,1,1,2
mn-259-1-1-3,n2500,259,1,1,3
mn-259-5-2-1,n2501,259,5,2,1
mn-259-5-2-2,n2502,259,5,2,2
mn-259-5-2-3,n2503,259,5,2,3
mn-259-5-2-4,n2504,259,5,2,4
mn-260-1-1-1,n2505,260,1,1,1
mn-260-1-1-2,n2506,260,1,1,2
mn-260-1-1-3,n2507,260,1,1,3
mn-260-5-2-1,n2508,260,5,2,1
mn-260-5-2-2,n2509,260,5,2,2
mn-260-5-2-3,n2510,260,5,2,3
mn-261-1-1-1,n2511,261,1,1,1
mn-261-1-1-2,n2512,261,1,1,2
mn-261-5-2-1,n2513,261,5,2,1
mn-261-5-2-2,n2514,261,5,2,2
mn-261-5-2-3,n2515,261,5,2,3
mn-261-5-2-4,n2516,261,5,2,4
mn-261-5-2-5,n2517,261,5,2,5
mn-261-5-2-6,n2518,261,5,2,6
mn-261-5-2-7,n2519,261,5,2,7
mn-262-1-1-1,n2520,262,1,1,1
mn-262-1-1-2,n2521,262,1,1,2
mn-262-5-2-1,n2522,262,5,2,1
mn-262-5-2-2,n2523,262,5,2,2
mn-262-5-2-3,n2524,262,5,2,3
mn-262-5-2-4,n2525,262,5,2,4
mn-262-5-2-5,n2526,262,5,2,5
mn-262-5-2-6,n2527,262,5,2,6
mn-262-5-2-7,n2528,262,5,2,7
mn-263-1-1-1,n2529,263,1,1,1
mn-263-1-1-2,n2530,263,1,1,2
mn-263-1-1-3,n2531,263,1,1,3
mn-263-1-1-4,n2532,263,1,1,4
mn-263-5-2-1,n2533,263,5,2,1
mn-263-5-2-2,n2534,263,5,2,2
mn-263-5-2-3,n2535,263,5,2,3
mn-263-5-2-4,n2536,263,5,2,4
mn-263-5-2-5,n2537,263,5,2,5
mn-264-1-1-1,n2538,264,1,1,1
mn-264-1-1-2,n2539,264,1,1,2
mn-264-1-1-3,n2540,264,1,1,3
mn-264-5-2-1,n2541,264,5,2,1
mn-264-5-2-2,n2542,264,5,2,2
mn-264-5-2-3,n2543,264,5,2,3
mn-264-5-2-4,n2544,264,5,2,4
mn-265-1-1-1,n2545,265,1,1,1
mn-265-1-1-2,n2546,265,1,1,2
mn-265-1-1-3,n2547,265,1,1,3
mn-265-5-2-1,n2548,265,5,2,1
mn-265-5-2-2,n2549,265,5,2,2
mn-265-5-2-3,n2550,265,5,2,3
mn-266-1-1-1,n2551,266,1,1,1
mn-266-1-1-2,n2552,266,1,1,2
mn-266-1-1-3,n2553,266,1,1,3
mn-266-1-1-4,n2554,266,1,1,4
mn-266-5-2-1,n2555,266,5,2,1
mn-266-5-2-2,n2556,266,5,2,2
mn-266-5-2-3,n2557,266,5,2,3
mn-267-1-1-1,n2558,267,1,1,1
mn-267-5-2-1,n2559,267,5,2,1
mn-267-5-2-2,n2560,267,5,2,2
mn-267-5-2-3,n2561,267,5,2,3
mn-268-1-1-1,n2562,268,1,1,1
mn-268-5-2-1,n2563,268,5,2,1
mn-268-5-2-2,n2564,268,5,2,2
mn-268-5-2-3,n2565,268,5,2,3
mn-269-1-1-1,n2566,269,1,1,1
mn-269-2-1-1,n2567,269,2,1,1
mn-269-2-1-2,n2568,269,2,1,2
mn-269-5-2-1,n2569,269,5,2,1
mn-269-5-2-2,n2570,269,5,2,2
mn-269-5-2-3,n2571,269,5,2,3
mn-270-1-1-1,n2572,270,1,1,1
mn-270-1-1-2,n2573,270,1,1,2
mn-270-2-1-1,n2574,270,2,1,1
mn-270-2-1-2,n2575,270,2,1,2
mn-270-5-2-1,n2576,270,5,2,1
mn-270-5-2-2,n2577,270,5,2,2
mn-270-5-2-3,n2578,270,5,2,3
mn-271-1-1-1,n2579,271,1,1,1
mn-271-1-1-2,n2580,271,1,1,2
mn-271-1-1-3,n2581,271,1,1,3
mn-271-2-1-1,n2582,271,2,1,1
mn-271-2-1-2,n2583,271,2,1,2
mn-271-2-1-3,n2584,271,2,1,3
mn-271-2-1-4,n2585,271,2,1,4
mn-271-5-2-1,n2586,271,5,2,1
mn-271-5-2-2,n2587,271,5,2,2
mn-271-5-2-3,n2588,271,5,2,3
mn-272-1-1-1,n2589,272,1,1,1
mn-272-1-1-2,n2590,272,1,1,2
mn-272-2-1-1,n2591,272,2,1,1
mn-272-5-2-1,n2592,272,5,2,1
mn-272-6-2-1,n2593,272,6,2,1
mn-272-6-2-2,n2594,272,6,2,2
mn-272-6-2-3,n2595,272,6,2,3
mn-273-1-1-1,n2596,273,1,1,1
mn-273-1-1-2,n2597,273,1,1,2
mn-273-2-1-1,n2598,273,2,1,1
mn-273-5-2-1,n2599,273,5,2,1
mn-273-6-2-1,n2600,273,6,2,1
mn-273-6-2-2,n2601,273,6,2,2
mn-273-6-2-3,n2602,273,6,2,3
mn-274-1-1-1,n2603,274,1,1,1
mn-274-1-1-2,n2604,274,1,1,2
mn-274-5-2-1,n2605,274,5,2,1
mn-274-6-2-1,n2606,274,6,2,1
mn-274-6-2-2,n2607,274,6,2,2
mn-274-6-2-3,n2608,274,6,2,3
mn-275-1-1-1,n2609,275,1,1,1
mn-275-1-1-2,n2610,275,1,1,2
mn-275-5-2-1,n2611,275,5,2,1
mn-275-6-2-1,n2612,275,6,2,1
mn-275-6-2-2,n2613,275,6,2,2
mn-275-6-2-3,n2614,275,6,2,3
mn-276-1-1-1,n2615,276,1,1,1
mn-276-1-1-2,n2616,276,1,1,2
mn-276-1-1-3,n2617,276,1,1,3
mn-276-1-1-4,n2618,276,1,1,4
mn-276-1-1-5,n2619,276,1,1,5
mn-276-1-1-6,n2620,276,1,1,6
mn-276-5-2-1,n2621,276,5,2,1
mn-276-6-2-1,n2622,276,6,2,1
mn-276-6-2-2,n2623,276,6,2,2
mn-276-6-2-3,n2624,276,6,2,3
mn-277-1-1-1,n2625,277,1,1,1
mn-277-1-1-2,n2626,277,1,1,2
mn-277-1-1-3,n2627,277,1,1,3
mn-277-1-1-4,n2628,277,1,1,4
mn-277-5-2-1,n2629,277,5,2,1
mn-277-5-2-2,n2630,277,5,2,2
mn-277-5-2-3,n2631,277,5,2,3
mn-277-6-2-1,n2632,277,6,2,1
mn-278-1-1-1,n2633,278,1,1,1
mn-278-1-1-2,n2634,278,1,1,2
mn-278-1-1-3,n2635,278,1,1,3
mn-278-1-1-4,n2636,278,1,1,4
mn-278-1-1-5,n2637,278,1,1,5
mn-278-1-1-6,n2638,278,1,1,6
mn-278-5-2-1,n2639,278,5,2,1
mn-278-6-2-1,n2640,278,6,2,1
mn-278-6-2-2,n2641,278,6,2,2
mn-278-6-2-3,n2642,278,6,2,3
mn-279-1-1-1,r33,279,1,1,1
mn-279-1-1-2,n2643,279,1,1,2
mn-279-1-1-3,n2644,279,1,1,3
mn-279-1-1-4,n2645,279,1,1,4
mn-279-1-1-5,n2646,279,1,1,5
mn-279-1-1-6,n2647,279,1,1,6
mn-279-2-1-1,n2648,279,2,1,1
mn-279-5-2-1,n2649,279,5,2,1
mn-279-6-2-1,n2650,279,6,2,1
mn-279-6-2-2,n2651,279,6,2,2
mn-279-6-2-3,n2652,279,6,2,3
mn-280-1-1-1,n2653,280,1,1,1
mn-280-1-1-2,n2654,280,1,1,2
mn-280-2-1-1,n2655,280,2,1,1
mn-280-5-2-1,n2656,280,5,2,1
mn-280-6-2-1,n2657,280,6,2,1
mn-280-6-2-2,n2658,280,6,2,2
mn-280-6-2-3,n2659,280,6,2,3
mn-281-1-1-1,n2660,281,1,1,1
mn-281-1-1-2,n2661,281,1,1,2
mn-281-1-1-3,n2662,281,1,1,3
mn-281-2-1-1,n2663,281,2,1,1
mn-281-5-2-1,n2664,281,5,2,1
mn-281-6-2-1,n2665,281,6,2,1
mn-281-6-2-2,n2666,281,6,2,2
mn-281-6-2-3,n2667,281,6,2,3
mn-282-1-1-1,n2668,282,1,1,1
mn-282-1-1-2,n2669,282,1,1,2
mn-282-2-1-1,n2670,282,2,1,1
mn-282-5-2-1,n2671,282,5,2,1
mn-282-6-2-1,n2672,282,6,2,1
mn-282-6-2-2,n2673,282,6,2,2
mn-282-6-2-3,n2674,282,6,2,3
mn-283-1-1-1,n2675,283,1,1,1
mn-283-1-1-2,n2676,283,1,1,2
mn-283-2-1-1,n2677,283,2,1,1
mn-283-5-2-1,n2678,283,5,2,1
mn-283-6-2-1,n2679,283,6,2,1
mn-283-6-2-2,n2680,283,6,2,2
mn-283-6-2-3,n2681,283,6,2,3
mn-284-1-1-1,n2682,284,1,1,1
mn-284-1-1-2,n2683,284,1,1,2
mn-284-5-2-1,n2684,284,5,2,1
mn-284-6-2-1,n2685,284,6,2,1
mn-284-6-2-2,n2686,284,6,2,2
mn-284-6-2-3,n2687,284,6,2,3
mn-285-1-1-1,n2688,285,1,1,1
mn-285-2-1-1,n2689,285,2,1,1
mn-285-5-2-1,n2690,285,5,2,1
mn-285-6-2-1,n2691,285,6,2,1
mn-285-6-2-2,n2692,285,6,2,2
mn-285-6-2-3,n2693,285,6,2,3
mn-286-1-1-1,n2694,286,1,1,1
mn-286-1-1-2,n2695,286,1,1,2
mn-286-1-1-3,n2696,286,1,1,3
mn-286-1-1-4,n2697,286,1,1,4
mn-286-1-1-5,n2698,286,1,1,5
mn-286-1-1-6,n2699,286,1,1,6
mn-286-5-2-1,n2700,286,5,2,1
mn-286-6-2-1,n2701,286,6,2,1
mn-286-6-2-2,n2702,286,6,2,2
mn-286-6-2-3,n2703,286,6,2,3
mn-287-1-1-1,n2704,287,1,1,1
mn-287-1-1-2,n2705,287,1,1,2
mn-287-1-1-3,n2706,287,1,1,3
mn-287-1-1-4,n2707,287,1,1,4
mn-287-5-2-1,n2708,287,5,2,1
mn-287-5-2-2,n2709,287,5,2,2
mn-287-5-2-3,n2710,287,5,2,3
mn-287-6-2-1,n2711,287,6,2,1
mn-288-1-1-1,n2712,288,1,1,1
mn-288-1-1-2,n2713,288,1,1,2
mn-288-5-2-1,n2714,288,5,2,1
mn-288-5-2-2,n2715,288,5,2,2
mn-288-5-2-3,n2716,288,5,2,3
mn-288-6-2-1,n2717,288,6,2,1
mn-289-1-1-1,n2718,289,1,1,1
mn-289-1-1-2,n2719,289,1,1,2
mn-289-1-1-3,n2720,289,1,1,3
mn-289-1-1-4,n2721,289,1,1,4
mn-289-1-1-5,n2722,289,1,1,5
mn-289-1-1-6,n2723,289,1,1,6
mn-289-5-2-1,n2724,289,5,2,1
mn-289-5-2-2,n2725,289,5,2,2
mn-289-5-2-3,n2726,289,5,2,3
mn-289-6-2-1,n2727,289,6,2,1
mn-289-6-2-2,n2728,289,6,2,2
mn-289-6-2-3,n2729,289,6,2,3
mn-290-1-1-1,n2730,290,1,1,1
mn-290-1-1-2,n2731,290,1,1,2
mn-290-2-1-1,n2732,290,2,1,1
mn-290-5-2-1,n2733,290,5,2,1
mn-290-5-2-2,n2734,290,5,2,2
mn-290-5-2-3,n2735,290,5,2,3
mn-290-6-2-1,n2736,290,6,2,1
mn-291-1-1-1,n2737,291,1,1,1
mn-291-1-1-2,n2738,291,1,1,2
mn-291-2-1-1,n2739,291,2,1,1
mn-291-2-1-2,n2740,291,2,1,2
mn-291-5-2-1,n2741,291,5,2,1
mn-291-5-2-2,n2742,291,5,2,2
mn-291-5-2-3,n2743,291,5,2,3
mn-291-6-2-1,n2744,291,6,2,1
mn-291-6-2-2,n2745,291,6,2,2
mn-292-1-1-1,n2746,292,1,1,1
mn-292-1-1-2,n2747,292,1,1,2
mn-292-1-1-3,n2748,292,1,1,3
mn-292-2-1-1,n2749,292,2,1,1
mn-292-5-2-1,n2750,292,5,2,1
mn-292-5-2-2,n2751,292,5,2,2
mn-292-5-2-3,n2752,292,5,2,3
mn-292-6-2-1,n2753,292,6,2,1
mn-292-6-2-2,n2754,292,6,2,2
mn-293-1-1-1,n2755,293,1,1,1
mn-293-1-1-2,n2756,293,1,1,2
mn-293-1-1-3,n2757,293,1,1,3
mn-293-5-2-1,n2758,293,5,2,1
mn-293-5-2-2,n2759,293,5,2,2
mn-293-5-2-3,n2760,293,5,2,3
mn-293-6-2-1,n2761,293,6,2,1
mn-293-6-2-2,n2762,293,6,2,2
mn-294-1-1-1,n2763,294,1,1,1
mn-294-1-1-2,n2764,294,1,1,2
mn-294-1-1-3,n2765,294,1,1,3
mn-294-1-1-4,n2766,294,1,1,4
mn-294-1-1-5,n2767,294,1,1,5
mn-294-1-1-6,n2768,294,1,1,6
mn-294-5-2-1,n2769,294,5,2,1
mn-294-5-2-2,n2770,294,5,2,2
mn-294-5-2-3,n2771,294,5,2,3
mn-294-6-2-1,n2772,294,6,2,1
mn-295-1-1-1,n2773,295,1,1,1
mn-295-1-1-2,n2774,295,1,1,2
mn-295-1-1-3,n2775,295,1,1,3
mn-295-1-1-4,n2776,295,1,1,4
mn-295-1-1-5,n2777,295,1,1,5
mn-295-1-1-6,n2778,295,1,1,6
mn-295-1-1-7,n2779,295,1,1,7
mn-295-1-1-8,n2780,295,1,1,8
mn-295-5-2-1,n2781,295,5,2,1
mn-295-5-2-2,n2782,295,5,2,2
mn-295-5-2-3,n2783,295,5,2,3
mn-296-1-1-1,r34,296,1,1,1
mn-296-1-1-2,n2784,296,1,1,2
mn-296-2-1-1,n2785,296,2,1,1
mn-296-5-2-1,n2786,296,5,2,1
mn-296-5-2-2,n2787,296,5,2,2
mn-296-5-2-3,n2788,296,5,2,3
mn-296-6-2-1,n2789,296,6,2,1
mn-297-1-1-1,n2790,297,1,1,1
mn-297-1-1-2,n2791,297,1,1,2
mn-297-1-1-3,n2792,297,1,1,3
mn-297-1-1-4,n2793,297,1,1,4
mn-297-1-1-5,n2794,297,1,1,5
mn-297-2-1-1,n2795,297,2,1,1
mn-297-5-2-1,n2796,297,5,2,1
mn-297-5-2-2,n2797,297,5,2,2
mn-297-5-2-3,n2798,297,5,2,3
mn-297-6-2-1,n2799,297,6,2,1
mn-297-6-2-2,n2800,297,6,2,2
mn-297-6-2-3,n2801,297,6,2,3
mn-298-1-1-1,n2802,298,1,1,1
mn-298-1-1-2,n2803,298,1,1,2
mn-298-1-1-3,n2804,298,1,1,3
mn-298-1-1-4,n2805,298,1,1,4
mn-298-5-2-1,n2806,298,5,2,1
mn-298-5-2-2,n2807,298,5,2,2
mn-298-5-2-3,n2808,298,5,2,3
mn-298-6-2-1,n2809,298,6,2,1
mn-299-1-1-1,n2810,299,1,1,1
mn-299-1-1-2,n2811,299,1,1,2
mn-299-1-1-3,n2812,299,1,1,3
mn-299-1-1-4,n2813,299,1,1,4
mn-299-5-2-1,n2814,299,5,2,1
mn-299-5-2-2,n2815,299,5,2,2
mn-299-5-2-3,n2816,299,5,2,3
mn-299-6-2-1,n2817,299,6,2,1
mn-299-6-2-2,n2818,299,6,2,2
mn-300-1-1-1,n2819,300,1,1,1
mn-300-1-1-2,n2820,300,1,1,2
mn-300-1-1-3,n2821,300,1,1,3
mn-300-1-1-4,n2822,300,1,1,4
mn-300-1-1-5,n2823,300,1,1,5
mn-300-1-1-6,n2824,300,1,1,6
mn-300-5-2-1,n2825,300,5,2,1
mn-300-5-2-2,n2826,300,5,2,2
mn-300-5-2-3,n2827,300,5,2,3
mn-300-6-2-1,n2828,300,6,2,1
mn-300-6-2-2,n2829,300,6,2,2
mn-301-1-1-1,n2830,301,1,1,1
mn-301-1-1-2,n2831,301,1,1,2
mn-301-1-1-3,n2832,301,1,1,3
mn-301-1-1-4,n2833,301,1,1,4
mn-301-1-1-5,n2834,301,1,1,5
mn-301-1-1-6,n2835,301,1,1,6
mn-301-5-2-1,n2836,301,5,2,1
mn-301-5-2-2,n2837,301,5,2,2
mn-301-5-2-3,n2838,301,5,2,3
mn-301-6-2-1,n2839,301,6,2,1
mn-301-6-2-2,n2840,301,6,2,2
mn-302-1-1-1,n2841,302,1,1,1
mn-302-1-1-2,n2842,302,1,1,2
mn-302-1-1-3,n2843,302,1,1,3
mn-302-1-1-4,n2844,302,1,1,4
mn-302-1-1-5,n2845,302,1,1,5
mn-302-1-1-6,n2846,302,1,1,6
mn-302-1-1-7,n2847,302,1,1,7
mn-302-5-2-1,n2848,302,5,2,1
mn-302-5-2-2,n2849,302,5,2,2
mn-302-5-2-3,n2850,302,5,2,3
mn-302-6-2-1,n2851,302,6,2,1
mn-303-1-1-1,n2852,303,1,1,1
mn-303-1-1-2,n2853,303,1,1,2
mn-303-1-1-3,n2854,303,1,1,3
mn-303-1-1-4,n2855,303,1,1,4
mn-303-1-1-5,n2856,303,1,1,5
mn-303-1-1-6,n2857,303,1,1,6
mn-303-5-2-1,n2858,303,5,2,1
mn-303-5-2-2,n2859,303,5,2,2
mn-303-5-2-3,n2860,303,5,2,3
mn-303-6-2-1,n2861,303,6,2,1
mn-304-1-1-1,n2862,304,1,1,1
mn-304-1-1-2,n2863,304,1,1,2
mn-304-1-1-3,n2864,304,1,1,3
mn-304-1-1-4,n2865,304,1,1,4
mn-304-1-1-5,n2866,304,1,1,5
mn-304-5-2-1,n2867,304,5,2,1
mn-304-5-2-2,n2868,304,5,2,2
mn-304-5-2-3,n2869,304,5,2,3
mn-304-6-2-1,n2870,304,6,2,1
mn-304-6-2-2,n2871,304,6,2,2
mn-305-1-1-1,n2872,305,1,1,1
mn-305-1-1-2,n2873,305,1,1,2
mn-305-1-1-3,n2874,305,1,1,3
mn-305-1-1-4,n2875,305,1,1,4
mn-305-1-1-5,n2876,305,1,1,5
mn-305-1-1-6,n2877,305,1,1,6
mn-305-5-2-1,n2878,305,5,2,1
mn-305-5-2-2,n2879,305,5,2,2
mn-305-5-2-3,n2880,305,5,2,3
mn-305-6-2-1,n2881,305,6,2,1
mn-305-6-2-2,n2882,305,6,2,2
mn-306-1-1-1,n2883,306,1,1,1
mn-306-1-1-2,n2884,306,1,1,2
mn-306-1-1-3,n2885,306,1,1,3
mn-306-1-1-4,n2886,306,1,1,4
mn-306-1-1-5,n2887,306,1,1,5
mn-306-1-1-6,n2888,306,1,1,6
mn-306-1-1-7,n2889,306,1,1,7
mn-306-1-1-8,n2890,306,1,1,8
mn-306-1-1-9,n2891,306,1,1,9
mn-306-1-1-10,n2892,306,1,1,10
mn-306-1-1-11,n2893,306,1,1,11
mn-306-5-2-1,n2894,306,5,2,1
mn-306-5-2-2,n2895,306,5,2,2
mn-306-5-2-3,n2896,306,5,2,3
mn-306-6-2-1,n2897,306,6,2,1
mn-307-1-1-1,n2898,307,1,1,1
mn-307-1-1-2,n2899,307,1,1,2
mn-307-1-1-3,n2900,307,1,1,3
mn-307-1-1-4,n2901,307,1,1,4
mn-307-1-1-5,n2902,307,1,1,5
mn-307-1-1-6,n2903,307,1,1,6
mn-307-1-1-7,n2904,307,1,1,7
mn-307-1-1-8,n2905,307,1,1,8
mn-307-1-1-9,n2906,307,1,1,9
mn-307-5-2-1,n2907,307,5,2,1
mn-307-5-2-2,n2908,307,5,2,2
mn-307-5-2-3,n2909,307,5,2,3
mn-307-6-2-1,n2910,307,6,2,1
mn-308-1-1-1,n2911,308,1,1,1
mn-308-1-1-2,n2912,308,1,1,2
mn-308-1-1-3,n2913,308,1,1,3
mn-308-1-1-4,n2914,308,1,1,4
mn-308-1-1-5,n2915,308,1,1,5
mn-308-5-2-1,n2916,308,5,2,1
mn-308-5-2-2,n2917,308,5,2,2
mn-308-5-2-3,n2918,308,5,2,3
mn-308-6-2-1,n2919,308,6,2,1
mn-308-6-2-2,n2920,308,6,2,2
mn-309-1-1-1,n2921,309,1,1,1
mn-309-1-1-2,n2922,309,1,1,2
mn-309-1-1-3,n2923,309,1,1,3
mn-309-1-1-4,n2924,309,1,1,4
mn-309-1-1-5,n2925,309,1,1,5
mn-309-1-1-6,n2926,309,1,1,6
mn-309-5-2-1,n2927,309,5,2,1
mn-309-5-2-2,n2928,309,5,2,2
mn-309-5-2-3,n2929,309,5,2,3
mn-309-6-2-1,n2930,309,6,2,1
mn-309-6-2-2,n2931,309,6,2,2
mn-310-1-1-1,n2932,310,1,1,1
mn-310-1-1-2,n2933,310,1,1,2
mn-310-1-1-3,n2934,310,1,1,3
mn-310-1-1-4,n2935,310,1,1,4
mn-310-5-2-1,n2936,310,5,2,1
mn-310-5-2-2,n2937,310,5,2,2
mn-310-5-2-3,n2938,310,5,2,3
mn-310-6-2-1,n2939,310,6,2,1
mn-311-1-1-1,n2940,311,1,1,1
mn-311-2-1-1,n2941,311,2,1,1
mn-311-5-2-1,n2942,311,5,2,1
mn-311-6-2-1,n2943,311,6,2,1
mn-312-1-1-1,n2944,312,1,1,1
mn-312-2-1-1,n2945,312,2,1,1
mn-312-5-2-1,n2946,312,5,2,1
mn-312-6-2-1,n2947,312,6,2,1
mn-313-1-1-1,n2948,313,1,1,1
mn-313-1-1-2,n2949,313,1,1,2
mn-313-1-1-3,n2950,313,1,1,3
mn-313-1-1-4,n2951,313,1,1,4
mn-313-2-1-1,n2952,313,2,1,1
mn-313-2-1-2,r35,313,2,1,2
mn-313-2-1-3,r36,313,2,1,3
mn-313-5-2-1,n2953,313,5,2,1
mn-313-6-2-1,n2954,313,6,2,1
mn-314-1-1-1,n2955,314,1,1,1
mn-314-1-1-2,n2956,314,1,1,2
mn-314-1-1-3,r37,314,1,1,3
mn-314-5-2-1,n2957,314,5,2,1
mn-314-5-2-2,n2958,314,5,2,2
mn-314-5-2-3,n2959,314,5,2,3
mn-314-6-2-1,n2960,314,6,2,1
mn-315-1-1-1,n2961,315,1,1,1
mn-315-2-1-1,n2962,315,2,1,1
mn-315-5-2-1,n2963,315,5,2,1
mn-315-6-2-1,n2964,315,6,2,1
mn-316-1-1-1,n2965,316,1,1,1
mn-316-2-1-1,n2966,316,2,1,1
mn-316-5-2-1,n2967,316,5,2,1
mn-316-6-2-1,n2968,316,6,2,1
mn-317-1-1-1,n2969,317,1,1,1
mn-317-1-1-2,n2970,317,1,1,2
mn-317-1-1-3,n2971,317,1,1,3
mn-317-1-1-4,n2972,317,1,1,4
mn-317-2-1-1,n2973,317,2,1,1
mn-317-2-1-2,r38,317,2,1,2
mn-317-2-1-3,r39,317,2,1,3
mn-317-5-2-1,n2974,317,5,2,1
mn-317-6-2-1,n2975,317,6,2,1
mn-318-1-1-1,n2976,318,1,1,1
mn-318-1-1-2,n2977,318,1,1,2
mn-318-1-1-3,r40,318,1,1,3
mn-318-5-2-1,n2978,318,5,2,1
mn-318-5-2-2,n2979,318,5,2,2
mn-318-5-2-3,n2980,318,5,2,3
mn-318-6-2-1,n2981,318,6,2,1
mn-319-1-1-1,r41,319,1,1,1
mn-319-1-1-2,n2982,319,1,1,2
mn-319-1-1-3,n2983,319,1,1,3
mn-319-1-1-4,n2984,319,1,1,4
mn-319-1-1-5,n2985,319,1,1,5
mn-319-1-1-6,n2986,319,1,1,6
mn-319-2-1-1,n2987,319,2,1,1
mn-319-5-2-1,n2988,319,5,2,1
mn-319-6-2-1,n2989,319,6,2,1
mn-320-1-1-1,n2990,320,1,1,1
mn-320-2-1-1,n2991,320,2,1,1
mn-320-2-1-2,n2992,320,2,1,2
mn-320-2-1-3,n2993,320,2,1,3
mn-320-2-1-4,n2994,320,2,1,4
mn-320-2-1-5,n2995,320,2,1,5
mn-320-2-1-6,n2996,320,2,1,6
mn-320-5-2-1,n2997,320,5,2,1
mn-320-6-2-1,n2998,320,6,2,1
mn-321-1-1-1,n2999,321,1,1,1
mn-321-1-1-2,n3000,321,1,1,2
mn-321-1-1-3,n3001,321,1,1,3
mn-321-1-1-4,n3002,321,1,1,4
mn-321-1-1-5,n3003,321,1,1,5
mn-321-1-1-6,n3004,321,1,1,6
mn-321-2-1-1,n3005,321,2,1,1
mn-321-2-1-2,r42,321,2,1,2
mn-321-2-1-3,r43,321,2,1,3
mn-321-5-2-1,n3006,321,5,2,1
mn-321-6-2-1,n3007,321,6,2,1
mn-322-1-1-1,n3008,322,1,1,1
mn-322-1-1-2,n3009,322,1,1,2
mn-322-1-1-3,n3010,322,1,1,3
mn-322-1-1-4,n3011,322,1,1,4
mn-322-1-1-5,n3012,322,1,1,5
mn-322-1-1-6,n3013,322,1,1,6
mn-322-5-2-1,n3014,322,5,2,1
mn-322-5-2-2,n3015,322,5,2,2
mn-322-5-2-3,n3016,322,5,2,3
mn-322-6-2-1,n3017,322,6,2,1
mn-323-1-1-1,n3018,323,1,1,1
mn-323-1-1-2,n3019,323,1,1,2
mn-323-1-1-3,n3020,323,1,1,3
mn-323-1-1-4,n3021,323,1,1,4
mn-323-1-1-5,n3022,323,1,1,5
mn-323-1-1-6,n3023,323,1,1,6
mn-323-2-1-1,n3024,323,2,1,1
mn-323-5-2-1,n3025,323,5,2,1
mn-323-6-2-1,n3026,323,6,2,1
mn-324-1-1-1,n3027,324,1,1,1
mn-324-2-1-1,n3028,324,2,1,1
mn-324-2-1-2,n3029,324,2,1,2
mn-324-2-1-3,n3030,324,2,1,3
mn-324-2-1-4,n3031,324,2,1,4
mn-324-2-1-5,n3032,324,2,1,5
mn-324-2-1-6,n3033,324,2,1,6
mn-324-5-2-1,n3034,324,5,2,1
mn-324-6-2-1,n3035,324,6,2,1
mn-325-1-1-1,n3036,325,1,1,1
mn-325-1-1-2,n3037,325,1,1,2
mn-325-1-1-3,n3038,325,1,1,3
mn-325-1-1-4,n3039,325,1,1,4
mn-325-1-1-5,n3040,325,1,1,5
mn-325-1-1-6,n3041,325,1,1,6
mn-325-2-1-1,n3042,325,2,1,1
mn-325-2-1-2,r44,325,2,1,2
mn-325-2-1-3,r45,325,2,1,3
mn-325-5-2-1,n3043,325,5,2,1
mn-325-6-2-1,n3044,325,6,2,1
mn-326-1-1-1,n3045,326,1,1,1
mn-326-1-1-2,n3046,326,1,1,2
mn-326-1-1-3,n3047,326,1,1,3
mn-326-1-1-4,n3048,326,1,1,4
mn-326-1-1-5,n3049,326,1,1,5
mn-326-1-1-6,n3050,326,1,1,6
mn-326-5-2-1,n3051,326,5,2,1
mn-326-5-2-2,n3052,326,5,2,2
mn-326-5-2-3,n3053,326,5,2,3
mn-326-6-2-1,n3054,326,6,2,1
mn-327-1-1-1,n3055,327,1,1,1
mn-327-1-1-2,n3056,327,1,1,2
mn-327-1-1-3,n3057,327,1,1,3
mn-327-1-1-4,n3058,327,1,1,4
mn-327-1-1-5,n3059,327,1,1,5
mn-327-1-1-6,n3060,327,1,1,6
mn-327-5-2-1,n3061,327,5,2,1
mn-327-5-2-2,n3062,327,5,2,2
mn-327-5-2-3,n3063,327,5,2,3
mn-328-1-1-1,n3064,328,1,1,1
mn-328-1-1-2,n3065,328,1,1,2
mn-328-1-1-3,n3066,328,1,1,3
mn-328-1-1-4,n3067,328,1,1,4
mn-328-1-1-5,n3068,328,1,1,5
mn-328-1-1-6,n3069,328,1,1,6
mn-328-5-2-1,n3070,328,5,2,1
mn-328-5-2-2,n3071,328,5,2,2
mn-328-5-2-3,n3072,328,5,2,3
mn-328-5-2-4,n3073,328,5,2,4
mn-328-5-2-5,n3074,328,5,2,5
mn-329-1-1-1,n3075,329,1,1,1
mn-329-1-1-2,n3076,329,1,1,2
mn-329-1-1-3,n3077,329,1,1,3
mn-329-1-1-4,n3078,329,1,1,4
mn-329-1-1-5,n3079,329,1,1,5
mn-329-1-1-6,n3080,329,1,1,6
mn-329-5-2-1,n3081,329,5,2,1
mn-329-5-2-2,n3082,329,5,2,2
mn-329-5-2-3,n3083,329,5,2,3
mn-330-1-1-1,n3084,330,1,1,1
mn-330-1-1-2,n3085,330,1,1,2
mn-330-1-1-3,n3086,330,1,1,3
mn-330-1-1-4,n3087,330,1,1,4
mn-330-1-1-5,n3088,330,1,1,5
mn-330-1-1-6,n3089,330,1,1,6
mn-330-5-2-1,n3090,330,5,2,1
mn-330-5-2-2,n3091,330,5,2,2
mn-330-5-2-3,n3092,330,5,2,3
mn-330-5-2-4,n3093,330,5,2,4
mn-330-5-2-5,n3094,330,5,2,5
mn-331-1-1-1,n3095,331,1,1,1
mn-331-1-1-2,n3096,331,1,1,2
mn-331-1-1-3,n3097,331,1,1,3
mn-331-1-1-4,n3098,331,1,1,4
mn-331-1-1-5,n3099,331,1,1,5
mn-331-1-1-6,n3100,331,1,1,6
mn-331-5-2-1,n3101,331,5,2,1
mn-331-5-2-2,n3102,331,5,2,2
mn-331-5-2-3,n3103,331,5,2,3
mn-332-1-1-1,n3104,332,1,1,1
mn-332-1-1-2,n3105,332,1,1,2
mn-332-1-1-3,n3106,332,1,1,3
mn-332-1-1-4,n3107,332,1,1,4
mn-332-1-1-5,n3108,332,1,1,5
mn-332-1-1-6,n3109,332,1,1,6
mn-332-5-2-1,n3110,332,5,2,1
mn-332-5-2-2,n3111,332,5,2,2
mn-332-5-2-3,n3112,332,5,2,3
mn-332-5-2-4,n3113,332,5,2,4
mn-332-5-2-5,n3114,332,5,2,5
mn-333-1-1-1,n3115,333,1,1,1
mn-333-1-1-2,n3116,333,1,1,2
mn-333-1-1-3,n3117,333,1,1,3
mn-333-1-1-4,n3118,333,1,1,4
mn-333-1-1-5,n3119,333,1,1,5
mn-333-1-1-6,n3120,333,1,1,6
mn-333-5-2-1,n3121,333,5,2,1
mn-334-1-1-1,n3122,334,1,1,1
mn-334-5-2-1,n3123,334,5,2,1
mn-335-1-1-1,n3124,335,1,1,1
mn-335-5-2-1,n3125,335,5,2,1
mn-336-1-1-1,n3126,336,1,1,1
mn-336-1-1-2,n3127,336,1,1,2
mn-336-1-1-3,n3128,336,1,1,3
mn-336-5-2-1,n3129,336,5,2,1
mn-336-5-2-2,n3130,336,5,2,2
mn-336-5-2-3,n3131,336,5,2,3
mn-337-1-1-1,n3132,337,1,1,1
mn-337-1-1-2,n3133,337,1,1,2
mn-337-1-1-3,n3134,337,1,1,3
mn-337-5-2-1,n3135,337,5,2,1
mn-337-5-2-2,n3136,337,5,2,2
mn-337-5-2-3,n3137,337,5,2,3
mn-338-1-1-1,n3138,338,1,1,1
mn-338-1-1-2,n3139,338,1,1,2
mn-338-1-1-3,n3140,338,1,1,3
mn-338-5-2-1,n3141,338,5,2,1
mn-338-5-2-2,n3142,338,5,2,2
mn-338-5-2-3,n3143,338,5,2,3
mn-339-1-1-1,n3144,339,1,1,1
mn-339-1-1-2,n3145,339,1,1,2
mn-339-1-1-3,n3146,339,1,1,3
mn-339-5-2-1,n3147,339,5,2,1
mn-339-5-2-2,n3148,339,5,2,2
mn-339-5-2-3,n3149,339,5,2,3
mn-340-1-1-1,n3150,340,1,1,1
mn-340-2-1-1,n3151,340,2,1,1
mn-340-2-1-2,n3152,340,2,1,2
mn-340-2-1-3,n3153,340,2,1,3
mn-340-5-2-1,n3154,340,5,2,1
mn-340-5-2-2,n3155,340,5,2,2
mn-340-5-2-3,n3156,340,5,2,3
mn-341-1-1-1,n3157,341,1,1,1
mn-341-1-1-2,n3158,341,1,1,2
mn-341-1-1-3,n3159,341,1,1,3
mn-341-2-1-1,n3160,341,2,1,1
mn-341-2-1-2,n3161,341,2,1,2
mn-341-5-2-1,n3162,341,5,2,1
mn-341-5-2-2,n3163,341,5,2,2
mn-341-5-2-3,n3164,341,5,2,3
mn-342-1-1-1,n3165,342,1,1,1
mn-342-1-1-2,n3166,342,1,1,2
mn-342-2-1-1,n3167,342,2,1,1
mn-342-2-1-2,n3168,342,2,1,2
mn-342-2-1-3,n3169,342,2,1,3
mn-342-2-1-4,n3170,342,2,1,4
mn-342-5-2-1,n3171,342,5,2,1
mn-342-5-2-2,n3172,342,5,2,2
mn-342-5-2-3,n3173,342,5,2,3
mn-343-1-1-1,n3174,343,1,1,1
mn-343-1-1-2,n3175,343,1,1,2
mn-343-1-1-3,n3176,343,1,1,3
mn-343-1-1-4,n3177,343,1,1,4
mn-343-1-1-5,n3178,343,1,1,5
mn-343-1-1-6,n3179,343,1,1,6
mn-343-2-1-1,n3180,343,2,1,1
mn-343-5-2-1,n3181,343,5,2,1
mn-343-5-2-2,n3182,343,5,2,2
mn-343-5-2-3,n3183,343,5,2,3
mn-343-5-2-4,n3184,343,5,2,4
mn-343-5-2-5,n3185,343,5,2,5
mn-343-5-2-6,n3186,343,5,2,6
mn-344-1-1-1,n3187,344,1,1,1
mn-344-5-2-1,n3188,344,5,2,1
mn-344-6-2-1,n3189,344,6,2,1
mn-344-6-2-2,n3190,344,6,2,2
mn-344-6-2-3,n3191,344,6,2,3
mn-345-1-1-1,n3192,345,1,1,1
mn-345-5-2-1,n3193,345,5,2,1
mn-345-6-2-1,n3194,345,6,2,1
mn-345-6-2-2,n3195,345,6,2,2
mn-345-6-2-3,n3196,345,6,2,3
mn-346-1-1-1,n3197,346,1,1,1
mn-346-1-1-2,n3198,346,1,1,2
mn-346-5-2-1,n3199,346,5,2,1
mn-346-5-2-2,n3200,346,5,2,2
mn-346-6-2-1,n3201,346,6,2,1
mn-346-6-2-2,n3202,346,6,2,2
mn-346-6-2-3,n3203,346,6,2,3
mn-347-1-1-1,n3204,347,1,1,1
mn-347-1-1-2,n3205,347,1,1,2
mn-347-5-2-1,n3206,347,5,2,1
mn-347-5-2-2,n3207,347,5,2,2
mn-347-6-2-1,n3208,347,6,2,1
mn-347-6-2-2,n3209,347,6,2,2
mn-347-6-2-3,n3210,347,6,2,3
mn-348-1-1-1,n3211,348,1,1,1
mn-348-1-1-2,n3212,348,1,1,2
mn-348-5-2-1,n3213,348,5,2,1
mn-348-5-2-2,n3214,348,5,2,2
mn-348-6-2-1,n3215,348,6,2,1
mn-348-6-2-2,n3216,348,6,2,2
mn-348-6-2-3,n3217,348,6,2,3
mn-349-1-1-1,n3218,349,1,1,1
mn-349-1-1-2,n3219,349,1,1,2
mn-349-5-2-1,n3220,349,5,2,1
mn-349-5-2-2,n3221,349,5,2,2
mn-349-6-2-1,n3222,349,6,2,1
mn-349-6-2-2,n3223,349,6,2,2
mn-349-6-2-3,n3224,349,6,2,3
mn-350-1-1-1,n3225,350,1,1,1
mn-350-2-1-1,n3226,350,2,1,1
mn-350-2-1-2,n3227,350,2,1,2
mn-350-2-1-3,n3228,350,2,1,3
mn-350-2-1-4,n3229,350,2,1,4
mn-350-2-1-5,n3230,350,2,1,5
mn-350-2-1-6,n3231,350,2,1,6
mn-350-5-2-1,n3232,350,5,2,1
mn-350-5-2-2,n3233,350,5,2,2
mn-350-5-2-3,n3234,350,5,2,3
mn-350-5-2-4,n3235,350,5,2,4
mn-350-5-2-5,n3236,350,5,2,5
mn-350-5-2-6,n3237,350,5,2,6
mn-350-6-2-1,n3238,350,6,2,1
mn-351-1-1-1,n3239,351,1,1,1
mn-351-1-1-2,n3240,351,1,1,2
mn-351-2-1-1,n3241,351,2,1,1
mn-351-2-1-2,n3242,351,2,1,2
mn-351-2-1-3,n3243,351,2,1,3
mn-351-2-1-4,n3244,351,2,1,4
mn-351-2-1-5,n3245,351,2,1,5
mn-351-2-1-6,n3246,351,2,1,6
mn-351-5-2-1,n3247,351,5,2,1
mn-351-5-2-2,n3248,351,5,2,2
mn-351-5-2-3,n3249,351,5,2,3
mn-351-5-2-4,n3250,351,5,2,4
mn-351-5-2-5,n3251,351,5,2,5
mn-351-5-2-6,n3252,351,5,2,6
mn-351-6-2-1,n3253,351,6,2,1
mn-351-6-2-2,n3254,351,6,2,2
mn-352-1-1-1,n3255,352,1,1,1
mn-352-1-1-2,n3256,352,1,1,2
mn-352-2-1-1,n3257,352,2,1,1
mn-352-2-1-2,n3258,352,2,1,2
mn-352-2-1-3,n3259,352,2,1,3
mn-352-2-1-4,n3260,352,2,1,4
mn-352-2-1-5,n3261,352,2,1,5
mn-352-2-1-6,n3262,352,2,1,6
mn-352-5-2-1,n3263,352,5,2,1
mn-352-5-2-2,n3264,352,5,2,2
mn-352-5-2-3,n3265,352,5,2,3
mn-352-5-2-4,n3266,352,5,2,4
mn-352-5-2-5,n3267,352,5,2,5
mn-352-5-2-6,n3268,352,5,2,6
mn-352-6-2-1,n3269,352,6,2,1
mn-352-6-2-2,n3270,352,6,2,2
mn-353-1-1-1,n3271,353,1,1,1
mn-353-1-1-2,n3272,353,1,1,2
mn-353-2-1-1,n3273,353,2,1,1
mn-353-2-1-2,n3274,353,2,1,2
mn-353-2-1-3,n3275,353,2,1,3
mn-353-2-1-4,n3276,353,2,1,4
mn-353-2-1-5,n3277,353,2,1,5
mn-353-2-1-6,n3278,353,2,1,6
mn-353-5-2-1,n3279,353,5,2,1
mn-353-5-2-2,n3280,353,5,2,2
mn-353-5-2-3,n3281,353,5,2,3
mn-353-5-2-4,n3282,353,5,2,4
mn-353-5-2-5,n3283,353,5,2,5
mn-353-5-2-6,n3284,353,5,2,6
mn-353-6-2-1,n3285,353,6,2,1
mn-353-6-2-2,n3286,353,6,2,2
mn-354-1-1-1,n3287,354,1,1,1
mn-354-2-1-1,n3288,354,2,1,1
mn-354-2-1-2,n3289,354,2,1,2
mn-354-2-1-3,n3290,354,2,1,3
mn-354-2-1-4,n3291,354,2,1,4
mn-354-2-1-5,n3292,354,2,1,5
mn-354-2-1-6,n3293,354,2,1,6
mn-354-5-2-1,n3294,354,5,2,1
mn-354-5-2-2,n3295,354,5,2,2
mn-354-5-2-3,n3296,354,5,2,3
mn-354-5-2-4,n3297,354,5,2,4
mn-354-5-2-5,n3298,354,5,2,5
mn-354-5-2-6,n3299,354,5,2,6
mn-354-6-2-1,n3300,354,6,2,1
mn-355-1-1-1,n3301,355,1,1,1
mn-355-1-1-2,n3302,355,1,1,2
mn-355-2-1-1,n3303,355,2,1,1
mn-355-2-1-2,n3304,355,2,1,2
mn-355-2-1-3,n3305,355,2,1,3
mn-355-2-1-4,n3306,355,2,1,4
mn-355-2-1-5,n3307,355,2,1,5
mn-355-2-1-6,n3308,355,2,1,6
mn-355-5-2-1,n3309,355,5,2,1
mn-355-5-2-2,n3310,355,5,2,2
mn-355-5-2-3,n3311,355,5,2,3
mn-355-5-2-4,n3312,355,5,2,4
mn-355-5-2-5,n3313,355,5,2,5
mn-355-5-2-6,n3314,355,5,2,6
mn-355-6-2-1,n3315,355,6,2,1
mn-355-6-2-2,n3316,355,6,2,2
mn-356-1-1-1,n3317,356,1,1,1
mn-356-1-1-2,n3318,356,1,1,2
mn-356-2-1-1,n3319,356,2,1,1
mn-356-2-1-2,n3320,356,2,1,2
mn-356-2-1-3,n3321,356,2,1,3
mn-356-2-1-4,n3322,356,2,1,4
mn-356-2-1-5,n3323,356,2,1,5
mn-356-2-1-6,n3324,356,2,1,6
mn-356-5-2-1,n3325,356,5,2,1
mn-356-5-2-2,n3326,356,5,2,2
mn-356-5-2-3,n3327,356,5,2,3
mn-356-5-2-4,n3328,356,5,2,4
mn-356-5-2-5,n3329,356,5,2,5
mn-356-5-2-6,n3330,356,5,2,6
mn-356-6-2-1,n3331,356,6,2,1
mn-356-6-2-2,n3332,356,6,2,2
mn-357-1-1-1,n3333,357,1,1,1
mn-357-1-1-2,n3334,357,1,1,2
mn-357-2-1-1,n3335,357,2,1,1
mn-357-2-1-2,n3336,357,2,1,2
mn-357-2-1-3,n3337,357,2,1,3
mn-357-2-1-4,n3338,357,2,1,4
mn-357-2-1-5,n3339,357,2,1,5
mn-357-2-1-6,n3340,357,2,1,6
mn-357-5-2-1,n3341,357,5,2,1
mn-357-5-2-2,n3342,357,5,2,2
mn-357-5-2-3,n3343,357,5,2,3
mn-357-5-2-4,n3344,357,5,2,4
mn-357-5-2-5,n3345,357,5,2,5
mn-357-5-2-6,n3346,357,5,2,6
mn-357-6-2-1,n3347,357,6,2,1
mn-357-6-2-2,n3348,357,6,2,2
mn-358-1-1-1,n3349,358,1,1,1
mn-358-2-1-1,n3350,358,2,1,1
mn-358-2-1-2,n3351,358,2,1,2
mn-358-2-1-3,n3352,358,2,1,3
mn-358-2-1-4,n3353,358,2,1,4
mn-358-2-1-5,n3354,358,2,1,5
mn-358-2-1-6,n3355,358,2,1,6
mn-358-5-2-1,n3356,358,5,2,1
mn-358-5-2-2,n3357,358,5,2,2
mn-358-5-2-3,n3358,358,5,2,3
mn-358-5-2-4,n3359,358,5,2,4
mn-358-5-2-5,n3360,358,5,2,5
mn-358-5-2-6,n3361,358,5,2,6
mn-358-6-2-1,n3362,358,6,2,1
mn-359-1-1-1,n3363,359,1,1,1
mn-359-2-1-1,n3364,359,2,1,1
mn-359-2-1-2,n3365,359,2,1,2
mn-359-2-1-3,n3366,359,2,1,3
mn-359-2-1-4,n3367,359,2,1,4
mn-359-2-1-5,n3368,359,2,1,5
mn-359-2-1-6,n3369,359,2,1,6
mn-359-5-2-1,n3370,359,5,2,1
mn-359-5-2-2,n3371,359,5,2,2
mn-359-5-2-3,n3372,359,5,2,3
mn-359-5-2-4,n3373,359,5,2,4
mn-359-5-2-5,n3374,359,5,2,5
mn-359-5-2-6,n3375,359,5,2,6
mn-359-6-2-1,n3376,359,6,2,1
mn-360-1-1-1,n3377,360,1,1,1
mn-360-1-1-2,n3378,360,1,1,2
mn-360-2-1-1,n3379,360,2,1,1
mn-360-2-1-2,n3380,360,2,1,2
mn-360-2-1-3,n3381,360,2,1,3
mn-360-2-1-4,n3382,360,2,1,4
mn-360-2-1-5,n3383,360,2,1,5
mn-360-2-1-6,n3384,360,2,1,6
mn-360-5-2-1,n3385,360,5,2,1
mn-360-5-2-2,n3386,360,5,2,2
mn-360-5-2-3,n3387,360,5,2,3
mn-360-5-2-4,n3388,360,5,2,4
mn-360-5-2-5,n3389,360,5,2,5
mn-360-5-2-6,n3390,360,5,2,6
mn-360-6-2-1,n3391,360,6,2,1
mn-360-6-2-2,n3392,360,6,2,2
mn-361-1-1-1,n3393,361,1,1,1
mn-361-1-1-2,n3394,361,1,1,2
mn-361-2-1-1,n3395,361,2,1,1
mn-361-2-1-2,n3396,361,2,1,2
mn-361-2-1-3,n3397,361,2,1,3
mn-361-2-1-4,n3398,361,2,1,4
mn-361-2-1-5,n3399,361,2,1,5
mn-361-2-1-6,n3400,361,2,1,6
mn-361-5-2-1,n3401,361,5,2,1
mn-361-5-2-2,n3402,361,5,2,2
mn-361-5-2-3,n3403,361,5,2,3
mn-361-5-2-4,n3404,361,5,2,4
mn-361-5-2-5,n3405,361,5,2,5
mn-361-5-2-6,n3406,361,5,2,6
mn-361-6-2-1,n3407,361,6,2,1
mn-361-6-2-2,n3408,361,6,2,2
mn-362-1-1-1,n3409,362,1,1,1
mn-362-2-1-1,n3410,362,2,1,1
mn-362-2-1-2,n3411,362,2,1,2
mn-362-2-1-3,n3412,362,2,1,3
mn-362-2-1-4,n3413,362,2,1,4
mn-362-2-1-5,n3414,362,2,1,5
mn-362-2-1-6,n3415,362,2,1,6
mn-362-5-2-1,n3416,362,5,2,1
mn-362-5-2-2,n3417,362,5,2,2
mn-362-5-2-3,n3418,362,5,2,3
mn-362-5-2-4,n3419,362,5,2,4
mn-362-5-2-5,n3420,362,5,2,5
mn-362-5-2-6,n3421,362,5,2,6
mn-362-6-2-1,n3422,362,6,2,1
mn-363-1-1-1,n3423,363,1,1,1
mn-363-1-1-2,n3424,363,1,1,2
mn-363-2-1-1,n3425,363,2,1,1
mn-363-2-1-2,n3426,363,2,1,2
mn-363-2-1-3,n3427,363,2,1,3
mn-363-2-1-4,n3428,363,2,1,4
mn-363-2-1-5,n3429,363,2,1,5
mn-363-2-1-6,n3430,363,2,1,6
mn-363-5-2-1,n3431,363,5,2,1
mn-363-5-2-2,n3432,363,5,2,2
mn-363-5-2-3,n3433,363,5,2,3
mn-363-5-2-4,n3434,363,5,2,4
mn-363-5-2-5,n3435,363,5,2,5
mn-363-5-2-6,n3436,363,5,2,6
mn-363-6-2-1,n3437,363,6,2,1
mn-363-6-2-2,n3438,363,6,2,2
mn-364-1-1-1,n3439,364,1,1,1
mn-364-1-1-2,n3440,364,1,1,2
mn-364-2-1-1,n3441,364,2,1,1
mn-364-2-1-2,n3442,364,2,1,2
mn-364-2-1-3,n3443,364,2,1,3
mn-364-2-1-4,n3444,364,2,1,4
mn-364-2-1-5,n3445,364,2,1,5
mn-364-2-1-6,n3446,364,2,1,6
mn-364-5-2-1,n3447,364,5,2,1
mn-364-5-2-2,n3448,364,5,2,2
mn-364-5-2-3,n3449,364,5,2,3
mn-364-5-2-4,n3450,364,5,2,4
mn-364-5-2-5,n3451,364,5,2,5
mn-364-5-2-6,n3452,364,5,2,6
mn-364-6-2-1,n3453,364,6,2,1
mn-364-6-2-2,n3454,364,6,2,2
mn-365-1-1-1,n3455,365,1,1,1
mn-365-1-1-2,n3456,365,1,1,2
mn-365-2-1-1,n3457,365,2,1,1
mn-365-2-1-2,n3458,365,2,1,2
mn-365-2-1-3,n3459,365,2,1,3
mn-365-2-1-4,n3460,365,2,1,4
mn-365-2-1-5,n3461,365,2,1,5
mn-365-2-1-6,n3462,365,2,1,6
mn-365-5-2-1,n3463,365,5,2,1
mn-365-5-2-2,n3464,365,5,2,2
mn-365-5-2-3,n3465,365,5,2,3
mn-365-5-2-4,n3466,365,5,2,4
mn-365-5-2-5,n3467,365,5,2,5
mn-365-5-2-6,n3468,365,5,2,6
mn-365-6-2-1,n3469,365,6,2,1
mn-365-6-2-2,n3470,365,6,2,2
mn-366-1-1-1,n3471,366,1,1,1
mn-366-2-1-1,n3472,366,2,1,1
mn-366-2-1-2,n3473,366,2,1,2
mn-366-2-1-3,n3474,366,2,1,3
mn-366-2-1-4,n3475,366,2,1,4
mn-366-2-1-5,n3476,366,2,1,5
mn-366-2-1-6,n3477,366,2,1,6
mn-366-5-2-1,n3478,366,5,2,1
mn-366-5-2-2,n3479,366,5,2,2
mn-366-5-2-3,n3480,366,5,2,3
mn-366-5-2-4,n3481,366,5,2,4
mn-366-5-2-5,n3482,366,5,2,5
mn-366-5-2-6,n3483,366,5,2,6
mn-366-6-2-1,n3484,366,6,2,1
mn-367-1-1-1,n3485,367,1,1,1
mn-367-1-1-2,n3486,367,1,1,2
mn-367-2-1-1,n3487,367,2,1,1
mn-367-2-1-2,n3488,367,2,1,2
mn-367-2-1-3,n3489,367,2,1,3
mn-367-2-1-4,n3490,367,2,1,4
mn-367-2-1-5,n3491,367,2,1,5
mn-367-2-1-6,n3492,367,2,1,6
mn-367-5-2-1,n3493,367,5,2,1
mn-367-5-2-2,n3494,367,5,2,2
mn-367-5-2-3,n3495,367,5,2,3
mn-367-5-2-4,n3496,367,5,2,4
mn-367-5-2-5,n3497,367,5,2,5
mn-367-5-2-6,n3498,367,5,2,6
mn-367-6-2-1,n3499,367,6,2,1
mn-367-6-2-2,n3500,367,6,2,2
mn-368-1-1-1,n3501,368,1,1,1
mn-368-1-1-2,n3502,368,1,1,2
mn-368-2-1-1,n3503,368,2,1,1
mn-368-2-1-2,n3504,368,2,1,2
mn-368-2-1-3,n3505,368,2,1,3
mn-368-2-1-4,n3506,368,2,1,4
mn-368-2-1-5,n3507,368,2,1,5
mn-368-2-1-6,n3508,368,2,1,6
mn-368-5-2-1,n3509,368,5,2,1
mn-368-5-2-2,n3510,368,5,2,2
mn-368-5-2-3,n3511,368,5,2,3
mn-368-5-2-4,n3512,368,5,2,4
mn-368-5-2-5,n3513,368,5,2,5
mn-368-5-2-6,n3514,368,5,2,6
mn-368-6-2-1,n3515,368,6,2,1
mn-368-6-2-2,n3516,368,6,2,2
mn-369-1-1-1,n3517,369,1,1,1
mn-369-1-1-2,n3518,369,1,1,2
mn-369-2-1-1,n3519,369,2,1,1
mn-369-2-1-2,n3520,369,2,1,2
mn-369-2-1-3,n3521,369,2,1,3
mn-369-2-1-4,n3522,369,2,1,4
mn-369-2-1-5,n3523,369,2,1,5
mn-369-2-1-6,n3524,369,2,1,6
mn-369-5-2-1,n3525,369,5,2,1
mn-369-5-2-2,n3526,369,5,2,2
mn-369-5-2-3,n3527,369,5,2,3
mn-369-5-2-4,n3528,369,5,2,4
mn-369-5-2-5,n3529,369,5,2,5
mn-369-5-2-6,n3530,369,5,2,6
mn-369-6-2-1,n3531,369,6,2,1
mn-369-6-2-2,n3532,369,6,2,2
mn-370-1-1-1,n3533,370,1,1,1
mn-370-2-1-1,n3534,370,2,1,1
mn-370-2-1-2,n3535,370,2,1,2
mn-370-2-1-3,n3536,370,2,1,3
mn-370-2-1-4,n3537,370,2,1,4
mn-370-2-1-5,n3538,370,2,1,5
mn-370-2-1-6,n3539,370,2,1,6
mn-370-5-2-1,n3540,370,5,2,1
mn-370-5-2-2,n3541,370,5,2,2
mn-370-5-2-3,n3542,370,5,2,3
mn-370-5-2-4,n3543,370,5,2,4
mn-370-5-2-5,n3544,370,5,2,5
mn-370-5-2-6,n3545,370,5,2,6
mn-370-6-2-1,n3546,370,6,2,1
mn-371-1-1-1,n3547,371,1,1,1
mn-371-1-1-2,n3548,371,1,1,2
mn-371-2-1-1,n3549,371,2,1,1
mn-371-2-1-2,n3550,371,2,1,2
mn-371-2-1-3,n3551,371,2,1,3
mn-371-2-1-4,n3552,371,2,1,4
mn-371-2-1-5,n3553,371,2,1,5
mn-371-2-1-6,n3554,371,2,1,6
mn-371-5-2-1,n3555,371,5,2,1
mn-371-5-2-2,n3556,371,5,2,2
mn-371-5-2-3,n3557,371,5,2,3
mn-371-5-2-4,n3558,371,5,2,4
mn-371-5-2-5,n3559,371,5,2,5
mn-371-5-2-6,n3560,371,5,2,6
mn-371-6-2-1,n3561,371,6,2,1
mn-371-6-2-2,n3562,371,6,2,2
mn-372-1-1-1,n3563,372,1,1,1
mn-372-1-1-2,n3564,372,1,1,2
mn-372-2-1-1,n3565,372,2,1,1
mn-372-2-1-2,n3566,372,2,1,2
mn-372-2-1-3,n3567,372,2,1,3
mn-372-2-1-4,n3568,372,2,1,4
mn-372-2-1-5,n3569,372,2,1,5
mn-372-2-1-6,n3570,372,2,1,6
mn-372-5-2-1,n3571,372,5,2,1
mn-372-5-2-2,n3572,372,5,2,2
mn-372-5-2-3,n3573,372,5,2,3
mn-372-5-2-4,n3574,372,5,2,4
mn-372-5-2-5,n3575,372,5,2,5
mn-372-5-2-6,n3576,372,5,2,6
mn-372-6-2-1,n3577,372,6,2,1
mn-372-6-2-2,n3578,372,6,2,2
mn-373-1-1-1,n3579,373,1,1,1
mn-373-1-1-2,n3580,373,1,1,2
mn-373-2-1-1,n3581,373,2,1,1
mn-373-2-1-2,n3582,373,2,1,2
mn-373-2-1-3,n3583,373,2,1,3
mn-373-2-1-4,n3584,373,2,1,4
mn-373-2-1-5,n3585,373,2,1,5
mn-373-2-1-6,n3586,373,2,1,6
mn-373-5-2-1,n3587,373,5,2,1
mn-373-5-2-2,n3588,373,5,2,2
mn-373-5-2-3,n3589,373,5,2,3
mn-373-5-2-4,n3590,373,5,2,4
mn-373-5-2-5,n3591,373,5,2,5
mn-373-5-2-6,n3592,373,5,2,6
mn-373-6-2-1,n3593,373,6,2,1
mn-373-6-2-2,n3594,373,6,2,2
mn-374-1-1-1,n3595,374,1,1,1
mn-374-1-1-2,n3596,374,1,1,2
mn-374-2-1-1,n3597,374,2,1,1
mn-374-2-1-2,n3598,374,2,1,2
mn-374-2-1-3,n3599,374,2,1,3
mn-374-2-1-4,n3600,374,2,1,4
mn-374-2-1-5,n3601,374,2,1,5
mn-374-2-1-6,n3602,374,2,1,6
mn-374-5-2-1,n3603,374,5,2,1
mn-374-5-2-2,n3604,374,5,2,2
mn-374-5-2-3,n3605,374,5,2,3
mn-374-5-2-4,n3606,374,5,2,4
mn-374-5-2-5,n3607,374,5,2,5
mn-374-5-2-6,n3608,374,5,2,6
mn-374-6-2-1,n3609,374,6,2,1
mn-374-6-2-2,n3610,374,6,2,2
mn-375-1-1-1,n3611,375,1,1,1
mn-375-1-1-2,n3612,375,1,1,2
mn-375-2-1-1,n3613,375,2,1,1
mn-375-2-1-2,n3614,375,2,1,2
mn-375-2-1-3,n3615,375,2,1,3
mn-375-2-1-4,n3616,375,2,1,4
mn-375-2-1-5,n3617,375,2,1,5
mn-375-2-1-6,n3618,375,2,1,6
mn-375-5-2-1,n3619,375,5,2,1
mn-375-5-2-2,n3620,375,5,2,2
mn-375-5-2-3,n3621,375,5,2,3
mn-375-5-2-4,n3622,375,5,2,4
mn-375-5-2-5,n3623,375,5,2,5
mn-375-5-2-6,n3624,375,5,2,6
mn-375-6-2-1,n3625,375,6,2,1
mn-375-6-2-2,n3626,375,6,2,2
mn-376-1-1-1,n3627,376,1,1,1
mn-376-1-1-2,n3628,376,1,1,2
mn-376-1-1-3,n3629,376,1,1,3
mn-376-5-2-1,n3630,376,5,2,1
mn-376-5-2-2,n3631,376,5,2,2
mn-376-5-2-3,n3632,376,5,2,3
mn-377-1-1-1,n3633,377,1,1,1
mn-377-1-1-2,n3634,377,1,1,2
mn-377-1-1-3,n3635,377,1,1,3
mn-377-1-1-4,n3636,377,1,1,4
mn-377-1-1-5,n3637,377,1,1,5
mn-377-1-1-6,n3638,377,1,1,6
mn-377-1-1-7,n3639,377,1,1,7
mn-377-1-1-8,n3640,377,1,1,8
mn-377-1-1-9,n3641,377,1,1,9
mn-377-1-1-10,n3642,377,1,1,10
mn-377-1-1-11,n3643,377,1,1,11
mn-377-5-2-1,n3644,377,5,2,1
mn-378-1-1-1,n3645,378,1,1,1
mn-378-1-1-2,n3646,378,1,1,2
mn-378-1-1-3,n3647,378,1,1,3
mn-378-5-2-1,n3648,378,5,2,1
mn-378-5-2-2,n3649,378,5,2,2
mn-378-5-2-3,n3650,378,5,2,3
mn-379-1-1-1,n3651,379,1,1,1
mn-379-1-1-2,n3652,379,1,1,2
mn-379-1-1-3,n3653,379,1,1,3
mn-379-1-1-4,n3654,379,1,1,4
mn-379-1-1-5,n3655,379,1,1,5
mn-379-1-1-6,n3656,379,1,1,6
mn-379-1-1-7,n3657,379,1,1,7
mn-379-1-1-8,n3658,379,1,1,8
mn-379-1-1-9,n3659,379,1,1,9
mn-379-1-1-10,n3660,379,1,1,10
mn-379-1-1-11,n3661,379,1,1,11
mn-379-5-2-1,n3662,379,5,2,1
mn-380-1-1-1,n3663,380,1,1,1
mn-380-1-1-2,n3664,380,1,1,2
mn-380-1-1-3,n3665,380,1,1,3
mn-380-1-1-4,n3666,380,1,1,4
mn-380-1-1-5,n3667,380,1,1,5
mn-380-1-1-6,n3668,380,1,1,6
mn-380-1-1-7,n3669,380,1,1,7
mn-380-1-1-8,n3670,380,1,1,8
mn-380-1-1-9,n3671,380,1,1,9
mn-380-1-1-10,n3672,380,1,1,10
mn-380-1-1-11,n3673,380,1,1,11
mn-380-5-2-1,n3674,380,5,2,1
mn-380-5-2-2,n3675,380,5,2,2
mn-380-5-2-3,n3676,380,5,2,3
mn-380-5-2-4,n3677,380,5,2,4
mn-380-5-2-5,n3678,380,5,2,5
mn-380-5-2-6,n3679,380,5,2,6
mn-381-1-1-1,n3680,381,1,1,1
mn-381-1-1-2,n3681,381,1,1,2
mn-381-1-1-3,n3682,381,1,1,3
mn-381-1-1-4,n3683,381,1,1,4
mn-381-1-1-5,n3684,381,1,1,5
mn-381-1-1-6,n3685,381,1,1,6
mn-381-1-1-7,n3686,381,1,1,7
mn-381-1-1-8,n3687,381,1,1,8
mn-381-1-1-9,n3688,381,1,1,9
mn-381-1-1-10,n3689,381,1,1,10
mn-381-1-1-11,n3690,381,1,1,11
mn-381-5-2-1,n3691,381,5,2,1
mn-381-5-2-2,n3692,381,5,2,2
mn-381-5-2-3,n3693,381,5,2,3
mn-381-5-2-4,n3694,381,5,2,4
mn-381-5-2-5,n3695,381,5,2,5
mn-381-5-2-6,n3696,381,5,2,6
mn-382-1-1-1,n3697,382,1,1,1
mn-382-2-1-1,n3698,382,2,1,1
mn-382-2-1-2,n3699,382,2,1,2
mn-382-2-1-3,n3700,382,2,1,3
mn-382-2-1-4,n3701,382,2,1,4
mn-382-2-1-5,n3702,382,2,1,5
mn-382-2-1-6,n3703,382,2,1,6
mn-382-5-2-1,n3704,382,5,2,1
mn-382-5-2-2,n3705,382,5,2,2
mn-382-5-2-3,n3706,382,5,2,3
mn-382-5-2-4,n3707,382,5,2,4
mn-382-5-2-5,n3708,382,5,2,5
mn-382-5-2-6,n3709,382,5,2,6
mn-382-6-2-1,n3710,382,6,2,1
mn-383-1-1-1,n3711,383,1,1,1
mn-383-1-1-2,n3712,383,1,1,2
mn-383-2-1-1,n3713,383,2,1,1
mn-383-2-1-2,n3714,383,2,1,2
mn-383-2-1-3,n3715,383,2,1,3
mn-383-2-1-4,n3716,383,2,1,4
mn-383-2-1-5,n3717,383,2,1,5
mn-383-2-1-6,n3718,383,2,1,6
mn-383-5-2-1,n3719,383,5,2,1
mn-383-5-2-2,n3720,383,5,2,2
mn-383-5-2-3,n3721,383,5,2,3
mn-383-5-2-4,n3722,383,5,2,4
mn-383-5-2-5,n3723,383,5,2,5
mn-383-5-2-6,n3724,383,5,2,6
mn-383-6-2-1,n3725,383,6,2,1
mn-383-6-2-2,n3726,383,6,2,2
mn-384-1-1-1,n3727,384,1,1,1
mn-384-1-1-2,n3728,384,1,1,2
mn-384-2-1-1,n3729,384,2,1,1
mn-384-2-1-2,n3730,384,2,1,2
mn-384-2-1-3,n3731,384,2,1,3
mn-384-2-1-4,n3732,384,2,1,4
mn-384-2-1-5,n3733,384,2,1,5
mn-384-2-1-6,n3734,384,2,1,6
mn-384-5-2-1,n3735,384,5,2,1
mn-384-5-2-2,n3736,384,5,2,2
mn-384-5-2-3,n3737,384,5,2,3
mn-384-5-2-4,n3738,384,5,2,4
mn-384-5-2-5,n3739,384,5,2,5
mn-384-5-2-6,n3740,384,5,2,6
mn-384-6-2-1,n3741,384,6,2,1
mn-384-6-2-2,n3742,384,6,2,2
mn-385-1-1-1,n3743,385,1,1,1
mn-385-1-1-2,n3744,385,1,1,2
mn-385-2-1-1,n3745,385,2,1,1
mn-385-2-1-2,n3746,385,2,1,2
mn-385-2-1-3,n3747,385,2,1,3
mn-385-2-1-4,n3748,385,2,1,4
mn-385-2-1-5,n3749,385,2,1,5
mn-385-2-1-6,n3750,385,2,1,6
mn-385-5-2-1,n3751,385,5,2,1
mn-385-5-2-2,n3752,385,5,2,2
mn-385-5-2-3,n3753,385,5,2,3
mn-385-5-2-4,n3754,385,5,2,4
mn-385-5-2-5,n3755,385,5,2,5
mn-385-5-2-6,n3756,385,5,2,6
mn-385-6-2-1,n3757,385,6,2,1
mn-385-6-2-2,n3758,385,6,2,2
mn-386-1-1-1,n3759,386,1,1,1
mn-386-2-1-1,n3760,386,2,1,1
mn-386-2-1-2,n3761,386,2,1,2
mn-386-2-1-3,n3762,386,2,1,3
mn-386-2-1-4,n3763,386,2,1,4
mn-386-2-1-5,n3764,386,2,1,5
mn-386-2-1-6,n3765,386,2,1,6
mn-386-5-2-1,n3766,386,5,2,1
mn-386-5-2-2,n3767,386,5,2,2
mn-386-5-2-3,n3768,386,5,2,3
mn-386-5-2-4,n3769,386,5,2,4
mn-386-5-2-5,n3770,386,5,2,5
mn-386-5-2-6,n3771,386,5,2,6
mn-386-6-2-1,n3772,386,6,2,1
mn-387-1-1-1,n3773,387,1,1,1
mn-387-1-1-2,n3774,387,1,1,2
mn-387-2-1-1,n3775,387,2,1,1
mn-387-2-1-2,n3776,387,2,1,2
mn-387-2-1-3,n3777,387,2,1,3
mn-387-2-1-4,n3778,387,2,1,4
mn-387-2-1-5,n3779,387,2,1,5
mn-387-2-1-6,n3780,387,2,1,6
mn-387-5-2-1,n3781,387,5,2,1
mn-387-5-2-2,n3782,387,5,2,2
mn-387-5-2-3,n3783,387,5,2,3
mn-387-5-2-4,n3784,387,5,2,4
mn-387-5-2-5,n3785,387,5,2,5
mn-387-5-2-6,n3786,387,5,2,6
mn-387-6-2-1,n3787,387,6,2,1
mn-387-6-2-2,n3788,387,6,2,2
mn-388-1-1-1,n3789,388,1,1,1
mn-388-1-1-2,n3790,388,1,1,2
mn-388-2-1-1,n3791,388,2,1,1
mn-388-2-1-2,n3792,388,2,1,2
mn-388-2-1-3,n3793,388,2,1,3
mn-388-2-1-4,n3794,388,2,1,4
mn-388-2-1-5,n3795,388,2,1,5
mn-388-2-1-6,n3796,388,2,1,6
mn-388-5-2-1,n3797,388,5,2,1
mn-388-5-2-2,n3798,388,5,2,2
mn-388-5-2-3,n3799,388,5,2,3
mn-388-5-2-4,n3800,388,5,2,4
mn-388-5-2-5,n3801,388,5,2,5
mn-388-5-2-6,n3802,388,5,2,6
mn-388-6-2-1,n3803,388,6,2,1
mn-388-6-2-2,n3804,388,6,2,2
mn-389-1-1-1,n3805,389,1,1,1
mn-389-1-1-2,n3806,389,1,1,2
mn-389-2-1-1,n3807,389,2,1,1
mn-389-2-1-2,n3808,389,2,1,2
mn-389-2-1-3,n3809,389,2,1,3
mn-389-2-1-4,n3810,389,2,1,4
mn-389-2-1-5,n3811,389,2,1,5
mn-389-2-1-6,n3812,389,2,1,6
mn-389-5-2-1,n3813,389,5,2,1
mn-389-5-2-2,n3814,389,5,2,2
mn-389-5-2-3,n3815,389,5,2,3
mn-389-5-2-4,n3816,389,5,2,4
mn-389-5-2-5,n3817,389,5,2,5
mn-389-5-2-6,n3818,389,5,2,6
mn-389-6-2-1,n3819,389,6,2,1
mn-389-6-2-2,n3820,389,6,2,2
mn-390-1-1-1,n3821,390,1,1,1
mn-390-2-1-1,n3822,390,2,1,1
mn-390-2-1-2,n3823,390,2,1,2
mn-390-2-1-3,n3824,390,2,1,3
mn-390-2-1-4,n3825,390,2,1,4
mn-390-2-1-5,n3826,390,2,1,5
mn-390-2-1-6,n3827,390,2,1,6
mn-390-5-2-1,n3828,390,5,2,1
mn-390-5-2-2,n3829,390,5,2,2
mn-390-5-2-3,n3830,390,5,2,3
mn-390-5-2-4,n3831,390,5,2,4
mn-390-5-2-5,n3832,390,5,2,5
mn-390-5-2-6,n3833,390,5,2,6
mn-390-6-2-1,n3834,390,6,2,1
mn-391-1-1-1,n3835,391,1,1,1
mn-391-1-1-2,n3836,391,1,1,2
mn-391-2-1-1,n3837,391,2,1,1
mn-391-2-1-2,n3838,391,2,1,2
mn-391-2-1-3,n3839,391,2,1,3
mn-391-2-1-4,n3840,391,2,1,4
mn-391-2-1-5,n3841,391,2,1,5
mn-391-2-1-6,n3842,391,2,1,6
mn-391-5-2-1,n3843,391,5,2,1
mn-391-5-2-2,n3844,391,5,2,2
mn-391-5-2-3,n3845,391,5,2,3
mn-391-5-2-4,n3846,391,5,2,4
mn-391-5-2-5,n3847,391,5,2,5
mn-391-5-2-6,n3848,391,5,2,6
mn-391-6-2-1,n3849,391,6,2,1
mn-391-6-2-2,n3850,391,6,2,2
mn-392-1-1-1,n3851,392,1,1,1
mn-392-1-1-2,n3852,392,1,1,2
mn-392-2-1-1,n3853,392,2,1,1
mn-392-2-1-2,n3854,392,2,1,2
mn-392-2-1-3,n3855,392,2,1,3
mn-392-2-1-4,n3856,392,2,1,4
mn-392-2-1-5,n3857,392,2,1,5
mn-392-2-1-6,n3858,392,2,1,6
mn-392-5-2-1,n3859,392,5,2,1
mn-392-5-2-2,n3860,392,5,2,2
mn-392-5-2-3,n3861,392,5,2,3
mn-392-5-2-4,n3862,392,5,2,4
mn-392-5-2-5,n3863,392,5,2,5
mn-392-5-2-6,n3864,392,5,2,6
mn-392-6-2-1,n3865,392,6,2,1
mn-392-6-2-2,n3866,392,6,2,2
mn-393-1-1-1,n3867,393,1,1,1
mn-393-1-1-2,n3868,393,1,1,2
mn-393-2-1-1,n3869,393,2,1,1
mn-393-2-1-2,n3870,393,2,1,2
mn-393-2-1-3,n3871,393,2,1,3
mn-393-2-1-4,n3872,393,2,1,4
mn-393-2-1-5,n3873,393,2,1,5
mn-393-2-1-6,n3874,393,2,1,6
mn-393-5-2-1,n3875,393,5,2,1
mn-393-5-2-2,n3876,393,5,2,2
mn-393-5-2-3,n3877,393,5,2,3
mn-393-5-2-4,n3878,393,5,2,4
mn-393-5-2-5,n3879,393,5,2,5
mn-393-5-2-6,n3880,393,5,2,6
mn-393-6-2-1,n3881,393,6,2,1
mn-393-6-2-2,n3882,393,6,2,2
mn-394-1-1-1,n3883,394,1,1,1
mn-394-1-1-2,n3884,394,1,1,2
mn-394-2-1-1,n3885,394,2,1,1
mn-394-2-1-2,n3886,394,2,1,2
mn-394-2-1-3,n3887,394,2,1,3
mn-394-2-1-4,n3888,394,2,1,4
mn-394-2-1-5,n3889,394,2,1,5
mn-394-2-1-6,n3890,394,2,1,6
mn-394-5-2-1,n3891,394,5,2,1
mn-394-5-2-2,n3892,394,5,2,2
mn-394-5-2-3,n3893,394,5,2,3
mn-394-5-2-4,n3894,394,5,2,4
mn-394-5-2-5,n3895,394,5,2,5
mn-394-5-2-6,n3896,394,5,2,6
mn-394-6-2-1,n3897,394,6,2,1
mn-394-6-2-2,n3898,394,6,2,2
mn-395-1-1-1,n3899,395,1,1,1
mn-395-1-1-2,n3900,395,1,1,2
mn-395-2-1-1,n3901,395,2,1,1
mn-395-2-1-2,n3902,395,2,1,2
mn-395-2-1-3,n3903,395,2,1,3
mn-395-2-1-4,n3904,395,2,1,4
mn-395-2-1-5,n3905,395,2,1,5
mn-395-2-1-6,n3906,395,2,1,6
mn-395-5-2-1,n3907,395,5,2,1
mn-395-5-2-2,n3908,395,5,2,2
mn-395-5-2-3,n3909,395,5,2,3
mn-395-5-2-4,n3910,395,5,2,4
mn-395-5-2-5,n3911,395,5,2,5
mn-395-5-2-6,n3912,395,5,2,6
mn-395-6-2-1,n3913,395,6,2,1
mn-395-6-2-2,n3914,395,6,2,2
mn-396-1-1-1,n3915,396,1,1,1
mn-396-1-1-2,n3916,396,1,1,2
mn-396-2-1-1,n3917,396,2,1,1
mn-396-2-1-2,n3918,396,2,1,2
mn-396-2-1-3,n3919,396,2,1,3
mn-396-2-1-4,n3920,396,2,1,4
mn-396-2-1-5,n3921,396,2,1,5
mn-396-2-1-6,n3922,396,2,1,6
mn-396-5-2-1,n3923,396,5,2,1
mn-396-5-2-2,n3924,396,5,2,2
mn-396-5-2-3,n3925,396,5,2,3
mn-396-5-2-4,n3926,396,5,2,4
mn-396-5-2-5,n3927,396,5,2,5
mn-396-5-2-6,n3928,396,5,2,6
mn-396-6-2-1,n3929,396,6,2,1
mn-396-6-2-2,n3930,396,6,2,2
mn-397-1-1-1,n3931,397,1,1,1
mn-397-1-1-2,n3932,397,1,1,2
mn-397-2-1-1,n3933,397,2,1,1
mn-397-2-1-2,n3934,397,2,1,2
mn-397-2-1-3,n3935,397,2,1,3
mn-397-2-1-4,n3936,397,2,1,4
mn-397-2-1-5,n3937,397,2,1,5
mn-397-2-1-6,n3938,397,2,1,6
mn-397-5-2-1,n3939,397,5,2,1
mn-397-5-2-2,n3940,397,5,2,2
mn-397-5-2-3,n3941,397,5,2,3
mn-397-5-2-4,n3942,397,5,2,4
mn-397-5-2-5,n3943,397,5,2,5
mn-397-5-2-6,n3944,397,5,2,6
mn-397-6-2-1,n3945,397,6,2,1
mn-397-6-2-2,n3946,397,6,2,2
mn-398-1-1-1,n3947,398,1,1,1
mn-398-1-1-2,n3948,398,1,1,2
mn-398-1-1-3,n3949,398,1,1,3
mn-398-5-2-1,n3950,398,5,2,1
mn-398-5-2-2,n3951,398,5,2,2
mn-398-5-2-3,n3952,398,5,2,3
mn-399-1-1-1,n3953,399,1,1,1
mn-399-1-1-2,n3954,399,1,1,2
mn-399-1-1-3,n3955,399,1,1,3
mn-399-1-1-4,n3956,399,1,1,4
mn-399-1-1-5,n3957,399,1,1,5
mn-399-1-1-6,n3958,399,1,1,6
mn-399-1-1-7,n3959,399,1,1,7
mn-399-1-1-8,n3960,399,1,1,8
mn-399-1-1-9,n3961,399,1,1,9
mn-399-1-1-10,n3962,399,1,1,10
mn-399-1-1-11,n3963,399,1,1,11
mn-399-5-2-1,n3964,399,5,2,1
mn-400-1-1-1,n3965,400,1,1,1
mn-400-1-1-2,n3966,400,1,1,2
mn-400-1-1-3,n3967,400,1,1,3
mn-400-5-2-1,n3968,400,5,2,1
mn-400-5-2-2,n3969,400,5,2,2
mn-400-5-2-3,n3970,400,5,2,3
mn-401-1-1-1,n3971,401,1,1,1
mn-401-1-1-2,n3972,401,1,1,2
mn-401-1-1-3,n3973,401,1,1,3
mn-401-1-1-4,n3974,401,1,1,4
mn-401-1-1-5,n3975,401,1,1,5
mn-401-1-1-6,n3976,401,1,1,6
mn-401-1-1-7,n3977,401,1,1,7
mn-401-1-1-8,n3978,401,1,1,8
mn-401-1-1-9,n3979,401,1,1,9
mn-401-1-1-10,n3980,401,1,1,10
mn-401-1-1-11,n3981,401,1,1,11
mn-401-5-2-1,n3982,401,5,2,1
mn-402-1-1-1,n3983,402,1,1,1
mn-402-1-1-2,n3984,402,1,1,2
mn-402-1-1-3,n3985,402,1,1,3
mn-402-1-1-4,n3986,402,1,1,4
mn-402-5-2-1,n3987,402,5,2,1
mn-402-5-2-2,n3988,402,5,2,2
mn-402-5-2-3,n3989,402,5,2,3
mn-402-5-2-4,n3990,402,5,2,4
mn-403-1-1-1,n3991,403,1,1,1
mn-403-1-1-2,n3992,403,1,1,2
mn-403-1-1-3,n3993,403,1,1,3
mn-403-1-1-4,n3994,403,1,1,4
mn-403-1-1-5,n3995,403,1,1,5
mn-403-1-1-6,n3996,403,1,1,6
mn-403-1-1-7,n3997,403,1,1,7
mn-403-1-1-8,n3998,403,1,1,8
mn-403-1-1-9,n3999,403,1,1,9
mn-403-1-1-10,n4000,403,1,1,10
mn-403-1-1-11,n4001,403,1,1,11
mn-403-5-2-1,n4002,403,5,2,1
mn-404-1-1-1,n4003,404,1,1,1
mn-404-1-1-2,n4004,404,1,1,2
mn-404-1-1-3,n4005,404,1,1,3
mn-404-1-1-4,n4006,404,1,1,4
mn-404-1-1-5,n4007,404,1,1,5
mn-404-1-1-6,n4008,404,1,1,6
mn-404-1-1-7,n4009,404,1,1,7
mn-404-1-1-8,n4010,404,1,1,8
mn-404-1-1-9,n4011,404,1,1,9
mn-404-1-1-10,n4012,404,1,1,10
mn-404-1-1-11,n4013,404,1,1,11
mn-404-5-2-1,n4014,404,5,2,1
mn-405-1-1-1,n4015,405,1,1,1
mn-405-1-1-2,n4016,405,1,1,2
mn-405-1-1-3,n4017,405,1,1,3
mn-405-1-1-4,n4018,405,1,1,4
mn-405-1-1-5,n4019,405,1,1,5
mn-405-1-1-6,n4020,405,1,1,6
mn-405-1-1-7,n4021,405,1,1,7
mn-405-1-1-8,n4022,405,1,1,8
mn-405-1-1-9,n4023,405,1,1,9
mn-405-1-1-10,n4024,405,1,1,10
mn-405-1-1-11,n4025,405,1,1,11
mn-405-5-2-1,n4026,405,5,2,1
mn-406-1-1-1,n4027,406,1,1,1
mn-406-1-1-2,n4028,406,1,1,2
mn-406-5-2-1,n4029,406,5,2,1
mn-406-5-2-2,n4030,406,5,2,2
mn-406-5-2-3,n4031,406,5,2,3
mn-406-5-2-4,n4032,406,5,2,4
mn-406-5-2-5,n4033,406,5,2,5
mn-406-5-2-6,n4034,406,5,2,6
mn-406-5-2-7,n4035,406,5,2,7
mn-406-5-2-8,n4036,406,5,2,8
mn-406-5-2-9,n4037,406,5,2,9
mn-407-1-1-1,n4038,407,1,1,1
mn-407-1-1-2,n4039,407,1,1,2
mn-407-5-2-1,n4040,407,5,2,1
mn-407-5-2-2,n4041,407,5,2,2
mn-407-5-2-3,n4042,407,5,2,3
mn-407-5-2-4,n4043,407,5,2,4
mn-407-5-2-5,n4044,407,5,2,5
mn-407-5-2-6,n4045,407,5,2,6
mn-407-5-2-7,n4046,407,5,2,7
mn-408-1-1-1,n4047,408,1,1,1
mn-408-1-1-2,n4048,408,1,1,2
mn-408-1-1-3,n4049,408,1,1,3
mn-408-1-1-4,n4050,408,1,1,4
mn-408-1-1-5,n4051,408,1,1,5
mn-408-1-1-6,n4052,408,1,1,6
mn-408-5-2-1,n4053,408,5,2,1
mn-409-1-1-1,n4054,409,1,1,1
mn-409-1-1-2,n4055,409,1,1,2
mn-409-1-1-3,n4056,409,1,1,3
mn-409-1-1-4,n4057,409,1,1,4
mn-409-5-2-1,n4058,409,5,2,1
mn-409-5-2-2,n4059,409,5,2,2
mn-409-6-2-1,n4060,409,6,2,1
mn-410-1-1-1,n4061,410,1,1,1
mn-410-1-1-2,n4062,410,1,1,2
mn-410-1-1-3,n4063,410,1,1,3
mn-410-5-2-1,n4064,410,5,2,1
mn-410-5-2-2,n4065,410,5,2,2
mn-410-5-2-3,n4066,410,5,2,3
mn-410-6-2-1,n4067,410,6,2,1
mn-411-1-1-1,n4068,411,1,1,1
mn-411-1-1-2,n4069,411,1,1,2
mn-411-5-2-1,n4070,411,5,2,1
mn-411-5-2-2,n4071,411,5,2,2
mn-411-5-2-3,n4072,411,5,2,3
mn-411-5-2-4,n4073,411,5,2,4
mn-411-5-2-5,n4074,411,5,2,5
mn-411-5-2-6,n4075,411,5,2,6
mn-411-5-2-7,n4076,411,5,2,7
mn-412-1-1-1,n4077,412,1,1,1
mn-412-1-1-2,n4078,412,1,1,2
mn-412-5-2-1,n4079,412,5,2,1
mn-412-5-2-2,n4080,412,5,2,2
mn-412-5-2-3,n4081,412,5,2,3
mn-412-5-2-4,n4082,412,5,2,4
mn-412-5-2-5,n4083,412,5,2,5
mn-412-5-2-6,n4084,412,5,2,6
mn-412-5-2-7,n4085,412,5,2,7
mn-413-1-1-1,n4086,413,1,1,1
mn-413-1-1-2,n4087,413,1,1,2
mn-413-1-1-3,n4088,413,1,1,3
mn-413-5-2-1,n4089,413,5,2,1
mn-413-5-2-2,n4090,413,5,2,2
mn-413-5-2-3,n4091,413,5,2,3
mn-413-5-2-4,n4092,413,5,2,4
mn-413-5-2-5,n4093,413,5,2,5
mn-414-1-1-1,n4094,414,1,1,1
mn-414-1-1-2,n4095,414,1,1,2
mn-414-1-1-3,n4096,414,1,1,3
mn-414-5-2-1,n4097,414,5,2,1
mn-414-5-2-2,n4098,414,5,2,2
mn-414-5-2-3,n4099,414,5,2,3
mn-414-5-2-4,n4100,414,5,2,4
mn-414-5-2-5,n4101,414,5,2,5
mn-415-1-1-1,n4102,415,1,1,1
mn-415-1-1-2,n4103,415,1,1,2
mn-415-5-2-1,n4104,415,5,2,1
mn-415-5-2-2,n4105,415,5,2,2
mn-415-5-2-3,n4106,415,5,2,3
mn-415-5-2-4,n4107,415,5,2,4
mn-415-5-2-5,n4108,415,5,2,5
mn-416-1-1-1,n4109,416,1,1,1
mn-416-1-1-2,n4110,416,1,1,2
mn-416-5-2-1,n4111,416,5,2,1
mn-416-5-2-2,n4112,416,5,2,2
mn-416-5-2-3,n4113,416,5,2,3
mn-416-5-2-4,n4114,416,5,2,4
mn-416-5-2-5,n4115,416,5,2,5
mn-417-1-1-1,n4116,417,1,1,1
mn-417-1-1-2,n4117,417,1,1,2
mn-417-1-1-3,n4118,417,1,1,3
mn-417-5-2-1,n4119,417,5,2,1
mn-417-5-2-2,n4120,417,5,2,2
mn-417-5-2-3,n4121,417,5,2,3
mn-417-5-2-4,n4122,417,5,2,4
mn-417-5-2-5,n4123,417,5,2,5
mn-418-1-1-1,n4124,418,1,1,1
mn-418-1-1-2,n4125,418,1,1,2
mn-418-1-1-3,n4126,418,1,1,3
mn-418-1-1-4,n4127,418,1,1,4
mn-418-5-2-1,n4128,418,5,2,1
mn-418-5-2-2,n4129,418,5,2,2
mn-418-5-2-3,n4130,418,5,2,3
mn-418-5-2-4,n4131,418,5,2,4
mn-419-1-1-1,n4132,419,1,1,1
mn-419-1-1-2,n4133,419,1,1,2
mn-419-1-1-3,n4134,419,1,1,3
mn-419-1-1-4,n4135,419,1,1,4
mn-419-5-2-1,n4136,419,5,2,1
mn-419-5-2-2,n4137,419,5,2,2
mn-419-5-2-3,n4138,419,5,2,3
mn-419-5-2-4,n4139,419,5,2,4
mn-419-5-2-5,n4140,419,5,2,5
mn-420-1-1-1,n4141,420,1,1,1
mn-420-1-1-2,n4142,420,1,1,2
mn-420-1-1-3,n4143,420,1,1,3
mn-420-1-1-4,n4144,420,1,1,4
mn-420-5-2-1,n4145,420,5,2,1
mn-420-5-2-2,n4146,420,5,2,2
mn-420-5-2-3,n4147,420,5,2,3
mn-420-5-2-4,n4148,420,5,2,4
mn-420-5-2-5,n4149,420,5,2,5
mn-421-1-1-1,n4150,421,1,1,1
mn-421-1-1-2,n4151,421,1,1,2
mn-421-1-1-3,n4152,421,1,1,3
mn-421-1-1-4,n4153,421,1,1,4
mn-421-1-1-5,n4154,421,1,1,5
mn-421-1-1-6,n4155,421,1,1,6
mn-421-5-2-1,n4156,421,5,2,1
mn-421-5-2-2,n4157,421,5,2,2
mn-421-5-2-3,n4158,421,5,2,3
mn-421-5-2-4,n4159,421,5,2,4
mn-421-5-2-5,n4160,421,5,2,5
mn-422-1-1-1,n4161,422,1,1,1
mn-422-1-1-2,n4162,422,1,1,2
mn-422-1-1-3,n4163,422,1,1,3
mn-422-1-1-4,n4164,422,1,1,4
mn-422-1-1-5,n4165,422,1,1,5
mn-422-1-1-6,n4166,422,1,1,6
mn-422-5-2-1,n4167,422,5,2,1
mn-422-5-2-2,n4168,422,5,2,2
mn-422-5-2-3,n4169,422,5,2,3
mn-422-5-2-4,n4170,422,5,2,4
mn-422-5-2-5,n4171,422,5,2,5
mn-423-1-1-1,n4172,423,1,1,1
mn-423-1-1-2,n4173,423,1,1,2
mn-423-1-1-3,n4174,423,1,1,3
mn-423-1-1-4,n4175,423,1,1,4
mn-423-5-2-1,n4176,423,5,2,1
mn-423-5-2-2,n4177,423,5,2,2
mn-423-5-2-3,n4178,423,5,2,3
mn-423-5-2-4,n4179,423,5,2,4
mn-423-5-2-5,n4180,423,5,2,5
mn-424-1-1-1,n4181,424,1,1,1
mn-424-1-1-2,n4182,424,1,1,2
mn-424-1-1-3,n4183,424,1,1,3
mn-424-1-1-4,n4184,424,1,1,4
mn-424-5-2-1,n4185,424,5,2,1
mn-424-5-2-2,n4186,424,5,2,2
mn-424-5-2-3,n4187,424,5,2,3
mn-424-5-2-4,n4188,424,5,2,4
mn-424-5-2-5,n4189,424,5,2,5
mn-425-1-1-1,n4190,425,1,1,1
mn-425-1-1-2,n4191,425,1,1,2
mn-425-1-1-3,n4192,425,1,1,3
mn-425-1-1-4,n4193,425,1,1,4
mn-425-1-1-5,n4194,425,1,1,5
mn-425-1-1-6,n4195,425,1,1,6
mn-425-5-2-1,n4196,425,5,2,1
mn-425-5-2-2,n4197,425,5,2,2
mn-425-5-2-3,n4198,425,5,2,3
mn-425-5-2-4,n4199,425,5,2,4
mn-425-5-2-5,n4200,425,5,2,5
mn-426-1-1-1,n4201,426,1,1,1
mn-426-1-1-2,n4202,426,1,1,2
mn-426-1-1-3,n4203,426,1,1,3
mn-426-1-1-4,n4204,426,1,1,4
mn-426-1-1-5,n4205,426,1,1,5
mn-426-5-2-1,n4206,426,5,2,1
mn-426-5-2-2,n4207,426,5,2,2
mn-426-5-2-3,n4208,426,5,2,3
mn-426-5-2-4,n4209,426,5,2,4
mn-426-5-2-5,n4210,426,5,2,5
mn-427-1-1-1,n4211,427,1,1,1
mn-427-1-1-2,n4212,427,1,1,2
mn-427-1-1-3,n4213,427,1,1,3
mn-427-1-1-4,n4214,427,1,1,4
mn-427-5-2-1,n4215,427,5,2,1
mn-427-5-2-2,n4216,427,5,2,2
mn-427-5-2-3,n4217,427,5,2,3
mn-427-5-2-4,n4218,427,5,2,4
mn-427-5-2-5,n4219,427,5,2,5
mn-428-1-1-1,n4220,428,1,1,1
mn-428-1-1-2,n4221,428,1,1,2
mn-428-1-1-3,n4222,428,1,1,3
mn-428-1-1-4,n4223,428,1,1,4
mn-428-5-2-1,n4224,428,5,2,1
mn-428-5-2-2,n4225,428,5,2,2
mn-428-5-2-3,n4226,428,5,2,3
mn-428-5-2-4,n4227,428,5,2,4
mn-428-5-2-5,n4228,428,5,2,5
mn-429-1-1-1,n4229,429,1,1,1
mn-429-1-1-2,n4230,429,1,1,2
mn-429-1-1-3,n4231,429,1,1,3
mn-429-1-1-4,n4232,429,1,1,4
mn-429-1-1-5,n4233,429,1,1,5
mn-429-1-1-6,n4234,429,1,1,6
mn-429-5-2-1,n4235,429,5,2,1
mn-429-5-2-2,n4236,429,5,2,2
mn-429-5-2-3,n4237,429,5,2,3
mn-429-5-2-4,n4238,429,5,2,4
mn-429-5-2-5,n4239,429,5,2,5
mn-430-1-1-1,n4240,430,1,1,1
mn-430-1-1-2,n4241,430,1,1,2
mn-430-1-1-3,n4242,430,1,1,3
mn-430-1-1-4,n4243,430,1,1,4
mn-430-1-1-5,n4244,430,1,1,5
mn-430-5-2-1,n4245,430,5,2,1
mn-430-5-2-2,n4246,430,5,2,2
mn-430-5-2-3,n4247,430,5,2,3
mn-430-5-2-4,n4248,430,5,2,4
mn-430-5-2-5,n4249,430,5,2,5
mn-431-1-1-1,n4250,431,1,1,1
mn-431-1-1-2,n4251,431,1,1,2
mn-431-1-1-3,n4252,431,1,1,3
mn-431-1-1-4,n4253,431,1,1,4
mn-431-1-1-5,n4254,431,1,1,5
mn-431-1-1-6,n4255,431,1,1,6
mn-431-5-2-1,n4256,431,5,2,1
mn-431-5-2-2,n4257,431,5,2,2
mn-431-5-2-3,n4258,431,5,2,3
mn-431-5-2-4,n4259,431,5,2,4
mn-431-5-2-5,n4260,431,5,2,5
mn-432-1-1-1,n4261,432,1,1,1
mn-432-1-1-2,n4262,432,1,1,2
mn-432-1-1-3,n4263,432,1,1,3
mn-432-1-1-4,n4264,432,1,1,4
mn-432-5-2-1,n4265,432,5,2,1
mn-432-5-2-2,n4266,432,5,2,2
mn-432-5-2-3,n4267,432,5,2,3
mn-432-5-2-4,n4268,432,5,2,4
mn-432-5-2-5,n4269,432,5,2,5
mn-433-1-1-1,n4270,433,1,1,1
mn-433-1-1-2,n4271,433,1,1,2
mn-433-1-1-3,n4272,433,1,1,3
mn-433-5-2-1,n4273,433,5,2,1
mn-433-5-2-2,n4274,433,5,2,2
mn-433-5-2-3,n4275,433,5,2,3
mn-433-5-2-4,n4276,433,5,2,4
mn-433-5-2-5,n4277,433,5,2,5
mn-433-5-2-6,n4278,433,5,2,6
mn-434-1-1-1,n4279,434,1,1,1
mn-434-1-1-2,n4280,434,1,1,2
mn-434-1-1-3,n4281,434,1,1,3
mn-434-5-2-1,n4282,434,5,2,1
mn-435-1-1-1,n4283,435,1,1,1
mn-435-1-1-2,n4284,435,1,1,2
mn-435-1-1-3,n4285,435,1,1,3
mn-435-5-2-1,n4286,435,5,2,1
mn-436-1-1-1,n4287,436,1,1,1
mn-436-1-1-2,n4288,436,1,1,2
mn-436-1-1-3,n4289,436,1,1,3
mn-436-5-2-1,n4290,436,5,2,1
mn-437-1-1-1,n4291,437,1,1,1
mn-437-1-1-2,n4292,437,1,1,2
mn-437-1-1-3,n4293,437,1,1,3
mn-437-5-2-1,n4294,437,5,2,1
mn-437-6-2-1,n4295,437,6,2,1
mn-437-6-2-2,n4296,437,6,2,2
mn-437-6-2-3,n4297,437,6,2,3
mn-438-1-1-1,n4298,438,1,1,1
mn-438-2-1-1,n4299,438,2,1,1
mn-438-5-2-1,n4300,438,5,2,1
mn-438-6-2-1,n4301,438,6,2,1
mn-438-6-2-2,n4302,438,6,2,2
mn-438-6-2-3,n4303,438,6,2,3
mn-439-1-1-1,n4304,439,1,1,1
mn-439-1-1-2,n4305,439,1,1,2
mn-439-2-1-1,n4306,439,2,1,1
mn-439-5-2-1,n4307,439,5,2,1
mn-439-6-2-1,n4308,439,6,2,1
mn-439-6-2-2,n4309,439,6,2,2
mn-439-6-2-3,n4310,439,6,2,3
mn-440-1-1-1,n4311,440,1,1,1
mn-440-1-1-2,n4312,440,1,1,2
mn-440-1-1-3,n4313,440,1,1,3
mn-440-2-1-1,n4314,440,2,1,1
mn-440-5-2-1,n4315,440,5,2,1
mn-440-6-2-1,n4316,440,6,2,1
mn-440-6-2-2,n4317,440,6,2,2
mn-440-6-2-3,n4318,440,6,2,3
mn-441-1-1-1,n4319,441,1,1,1
mn-441-1-1-2,n4320,441,1,1,2
mn-441-2-1-1,n4321,441,2,1,1
mn-441-5-2-1,n4322,441,5,2,1
mn-441-6-2-1,n4323,441,6,2,1
mn-441-6-2-2,n4324,441,6,2,2
mn-441-6-2-3,n4325,441,6,2,3
mn-442-1-1-1,n4326,442,1,1,1
mn-442-1-1-2,n4327,442,1,1,2
mn-442-2-1-1,n4328,442,2,1,1
mn-442-5-2-1,n4329,442,5,2,1
mn-442-6-2-1,n4330,442,6,2,1
mn-442-6-2-2,n4331,442,6,2,2
mn-442-6-2-3,n4332,442,6,2,3
mn-443-1-1-1,n4333,443,1,1,1
mn-443-1-1-2,n4334,443,1,1,2
mn-443-5-2-1,n4335,443,5,2,1
mn-443-6-2-1,n4336,443,6,2,1
mn-443-6-2-2,n4337,443,6,2,2
mn-443-6-2-3,n4338,443,6,2,3
mn-444-1-1-1,n4339,444,1,1,1
mn-444-1-1-2,n4340,444,1,1,2
mn-444-5-2-1,n4341,444,5,2,1
mn-444-6-2-1,n4342,444,6,2,1
mn-444-6-2-2,n4343,444,6,2,2
mn-444-6-2-3,n4344,444,6,2,3
mn-445-1-1-1,n4345,445,1,1,1
mn-445-1-1-2,n4346,445,1,1,2
mn-445-1-1-3,n4347,445,1,1,3
mn-445-1-1-4,n4348,445,1,1,4
mn-445-1-1-5,n4349,445,1,1,5
mn-445-1-1-6,n4350,445,1,1,6
mn-445-5-2-1,n4351,445,5,2,1
mn-445-6-2-1,n4352,445,6,2,1
mn-445-6-2-2,n4353,445,6,2,2
mn-445-6-2-3,n4354,445,6,2,3
mn-446-1-1-1,n4355,446,1,1,1
mn-446-1-1-2,n4356,446,1,1,2
mn-446-1-1-3,n4357,446,1,1,3
mn-446-1-1-4,n4358,446,1,1,4
mn-446-5-2-1,n4359,446,5,2,1
mn-446-5-2-2,n4360,446,5,2,2
mn-446-5-2-3,n4361,446,5,2,3
mn-446-6-2-1,n4362,446,6,2,1
mn-446-6-2-2,n4363,446,6,2,2
mn-446-6-2-3,n4364,446,6,2,3
mn-447-1-1-1,n4365,447,1,1,1
mn-447-1-1-2,n4366,447,1,1,2
mn-447-1-1-3,n4367,447,1,1,3
mn-447-1-1-4,n4368,447,1,1,4
mn-447-1-1-5,n4369,447,1,1,5
mn-447-1-1-6,n4370,447,1,1,6
mn-447-5-2-1,n4371,447,5,2,1
mn-447-6-2-1,n4372,447,6,2,1
mn-447-6-2-2,n4373,447,6,2,2
mn-447-6-2-3,n4374,447,6,2,3
mn-448-1-1-1,n4375,448,1,1,1
mn-448-1-1-2,n4376,448,1,1,2
mn-448-1-1-3,n4377,448,1,1,3
mn-448-1-1-4,n4378,448,1,1,4
mn-448-5-2-1,n4379,448,5,2,1
mn-448-5-2-2,n4380,448,5,2,2
mn-448-5-2-3,n4381,448,5,2,3
mn-448-6-2-1,n4382,448,6,2,1
mn-448-6-2-2,n4383,448,6,2,2
mn-448-6-2-3,n4384,448,6,2,3
mn-449-1-1-1,n4385,449,1,1,1
mn-449-1-1-2,n4386,449,1,1,2
mn-449-1-1-3,n4387,449,1,1,3
mn-449-1-1-4,n4388,449,1,1,4
mn-449-1-1-5,n4389,449,1,1,5
mn-449-1-1-6,n4390,449,1,1,6
mn-449-5-2-1,n4391,449,5,2,1
mn-449-6-2-1,n4392,449,6,2,1
mn-449-6-2-2,n4393,449,6,2,2
mn-449-6-2-3,n4394,449,6,2,3
mn-450-1-1-1,n4395,450,1,1,1
mn-450-1-1-2,n4396,450,1,1,2
mn-450-1-1-3,n4397,450,1,1,3
mn-450-1-1-4,n4398,450,1,1,4
mn-450-5-2-1,n4399,450,5,2,1
mn-450-5-2-2,n4400,450,5,2,2
mn-450-5-2-3,n4401,450,5,2,3
mn-450-6-2-1,n4402,450,6,2,1
mn-450-6-2-2,n4403,450,6,2,2
mn-450-6-2-3,n4404,450,6,2,3
mn-451-1-1-1,n4405,451,1,1,1
mn-451-1-1-2,n4406,451,1,1,2
mn-451-1-1-3,n4407,451,1,1,3
mn-451-1-1-4,n4408,451,1,1,4
mn-451-1-1-5,n4409,451,1,1,5
mn-451-1-1-6,n4410,451,1,1,6
mn-451-5-2-1,n4411,451,5,2,1
mn-451-6-2-1,n4412,451,6,2,1
mn-451-6-2-2,n4413,451,6,2,2
mn-451-6-2-3,n4414,451,6,2,3
mn-452-1-1-1,n4415,452,1,1,1
mn-452-1-1-2,n4416,452,1,1,2
mn-452-1-1-3,n4417,452,1,1,3
mn-452-1-1-4,n4418,452,1,1,4
mn-452-5-2-1,n4419,452,5,2,1
mn-452-5-2-2,n4420,452,5,2,2
mn-452-5-2-3,n4421,452,5,2,3
mn-452-6-2-1,n4422,452,6,2,1
mn-452-6-2-2,n4423,452,6,2,2
mn-452-6-2-3,n4424,452,6,2,3
mn-453-1-1-1,n4425,453,1,1,1
mn-453-1-1-2,n4426,453,1,1,2
mn-453-1-1-3,n4427,453,1,1,3
mn-453-1-1-4,n4428,453,1,1,4
mn-453-1-1-5,n4429,453,1,1,5
mn-453-1-1-6,n4430,453,1,1,6
mn-453-5-2-1,n4431,453,5,2,1
mn-453-6-2-1,n4432,453,6,2,1
mn-453-6-2-2,n4433,453,6,2,2
mn-453-6-2-3,n4434,453,6,2,3
mn-454-1-1-1,n4435,454,1,1,1
mn-454-1-1-2,n4436,454,1,1,2
mn-454-1-1-3,n4437,454,1,1,3
mn-454-1-1-4,n4438,454,1,1,4
mn-454-1-1-5,n4439,454,1,1,5
mn-454-5-2-1,n4440,454,5,2,1
mn-454-6-2-1,n4441,454,6,2,1
mn-454-6-2-2,n4442,454,6,2,2
mn-454-6-2-3,n4443,454,6,2,3
mn-455-1-1-1,n4444,455,1,1,1
mn-455-1-1-2,n4445,455,1,1,2
mn-455-1-1-3,n4446,455,1,1,3
mn-455-1-1-4,n4447,455,1,1,4
mn-455-5-2-1,n4448,455,5,2,1
mn-455-6-2-1,n4449,455,6,2,1
mn-455-6-2-2,n4450,455,6,2,2
mn-455-6-2-3,n4451,455,6,2,3
mn-456-1-1-1,n4452,456,1,1,1
mn-456-1-1-2,n4453,456,1,1,2
mn-456-1-1-3,n4454,456,1,1,3
mn-456-1-1-4,n4455,456,1,1,4
mn-456-5-2-1,n4456,456,5,2,1
mn-456-6-2-1,n4457,456,6,2,1
mn-456-6-2-2,n4458,456,6,2,2
mn-456-6-2-3,n4459,456,6,2,3
mn-457-1-1-1,n4460,457,1,1,1
mn-457-1-1-2,n4461,457,1,1,2
mn-457-1-1-3,n4462,457,1,1,3
mn-457-1-1-4,n4463,457,1,1,4
mn-457-5-2-1,n4464,457,5,2,1
mn-457-5-2-2,n4465,457,5,2,2
mn-457-5-2-3,n4466,457,5,2,3
mn-457-6-2-1,n4467,457,6,2,1
mn-458-1-1-1,n4468,458,1,1,1
mn-458-1-1-2,n4469,458,1,1,2
mn-458-1-1-3,n4470,458,1,1,3
mn-458-1-1-4,n4471,458,1,1,4
mn-458-5-2-1,n4472,458,5,2,1
mn-458-5-2-2,n4473,458,5,2,2
mn-458-5-2-3,n4474,458,5,2,3
mn-458-5-2-4,n4475,458,5,2,4
mn-459-1-1-1,n4476,459,1,1,1
mn-459-1-1-2,n4477,459,1,1,2
mn-459-1-1-3,n4478,459,1,1,3
mn-459-1-1-4,n4479,459,1,1,4
mn-459-5-2-1,n4480,459,5,2,1
mn-459-5-2-2,n4481,459,5,2,2
mn-459-5-2-3,n4482,459,5,2,3
mn-459-5-2-4,n4483,459,5,2,4
mn-460-1-1-1,n4484,460,1,1,1
mn-460-5-2-1,n4485,460,5,2,1
