note_id,original_id,bar,voice,staff,ordinal
mn-1-1-1-1,n1,1,1,1,1
mn-1-1-1-2,n2,1,1,1,2
mn-1-1-1-3,n3,1,1,1,3
mn-1-1-1-4,n4,1,1,1,4
mn-1-1-1-5,n5,1,1,1,5
mn-1-1-1-6,n6,1,1,1,6
mn-1-5-2-1,n7,1,5,2,1
mn-1-5-2-2,n8,1,5,2,2
mn-1-6-2-1,n9,1,6,2,1
mn-1-6-2-2,n10,1,6,2,2
mn-2-1-1-1,n11,2,1,1,1
mn-2-1-1-2,n12,2,1,1,2
mn-2-1-1-3,n13,2,1,1,3
mn-2-1-1-4,n14,2,1,1,4
mn-2-1-1-5,n15,2,1,1,5
mn-2-1-1-6,n16,2,1,1,6
mn-2-5-2-1,n17,2,5,2,1
mn-2-5-2-2,n18,2,5,2,2
mn-2-5-2-3,n19,2,5,2,3
mn-2-5-2-4,n20,2,5,2,4
mn-2-5-2-5,n21,2,5,2,5
mn-2-5-2-6,n22,2,5,2,6
mn-2-6-2-1,n23,2,6,2,1
mn-3-1-1-1,n24,3,1,1,1
mn-3-1-1-2,n25,3,1,1,2
mn-3-1-1-3,n26,3,1,1,3
mn-3-1-1-4,n27,3,1,1,4
mn-3-1-1-5,n28,3,1,1,5
mn-3-1-1-6,n29,3,1,1,6
mn-3-1-1-7,n30,3,1,1,7
mn-3-1-1-8,n31,3,1,1,8
mn-3-5-2-1,n32,3,5,2,1
mn-3-5-2-2,n33,3,5,2,2
mn-3-5-2-3,n34,3,5,2,3
mn-3-5-2-4,n35,3,5,2,4
mn-3-5-2-5,n36,3,5,2,5
mn-3-6-2-1,n37,3,6,2,1
mn-3-6-2-2,n38,3,6,2,2
mn-3-6-2-3,n39,3,6,2,3
mn-4-1-1-1,n40,4,1,1,1
mn-4-1-1-2,n41,4,1,1,2
mn-4-1-1-3,n42,4,1,1,3
mn-4-1-1-4,n43,4,1,1,4
mn-4-1-1-5,n44,4,1,1,5
mn-4-1-1-6,n45,4,1,1,6
mn-4-5-2-1,n46,4,5,2,1
mn-4-5-2-2,n47,4,5,2,2
mn-4-5-2-3,n48,4,5,2,3
mn-4-5-2-4,n49,4,5,2,4
mn-4-5-2-5,n50,4,5,2,5
mn-4-5-2-6,n51,4,5,2,6
mn-4-6-2-1,n52,4,6,2,1
mn-5-1-1-1,n53,5,1,1,1
mn-5-1-1-2,n54,5,1,1,2
mn-5-1-1-3,n55,5,1,1,3
mn-5-1-1-4,n56,5,1,1,4
mn-5-5-2-1,n57,5,5,2,1
mn-5-5-2-2,n58,5,5,2,2
mn-5-5-2-3,n59,5,5,2,3
mn-5-5-2-4,n60,5,5,2,4
mn-5-5-2-5,n61,5,5,2,5
mn-5-5-2-6,n62,5,5,2,6
mn-5-5-2-7,n63,5,5,2,7
mn-5-6-2-1,n64,5,6,2,1
mn-5-6-2-2,n65,5,6,2,2
mn-5-6-2-3,n66,5,6,2,3
mn-6-1-1-1,n67,6,1,1,1
mn-6-1-1-2,n68,6,1,1,2
mn-6-1-1-3,n69,6,1,1,3
mn-6-1-1-4,n70,6,1,1,4
mn-6-5-2-1,n71,6,5,2,1
mn-6-5-2-2,n72,6,5,2,2
mn-6-5-2-3,n73,6,5,2,3
mn-6-5-2-4,n74,6,5,2,4
mn-6-5-2-5,n75,6,5,2,5
mn-6-5-2-6,n76,6,5,2,6
mn-6-6-2-1,n77,6,6,2,1
mn-6-6-2-2,n78,6,6,2,2
mn-7-1-1-1,n79,7,1,1,1
mn-7-1-1-2,n80,7,1,1,2
mn-7-1-1-3,n81,7,1,1,3
mn-7-1-1-4,n82,7,1,1,4
mn-7-1-1-5,n83,7,1,1,5
mn-7-1-1-6,n84,7,1,1,6
mn-7-1-1-7,n85,7,1,1,7
mn-7-1-1-8,n86,7,1,1,8
mn-7-1-1-9,n87,7,1,1,9
mn-7-1-1-10,n88,7,1,1,10
mn-7-1-1-11,n89,7,1,1,11
mn-7-1-1-12,n90,7,1,1,12
mn-7-5-2-1,n91,7,5,2,1
mn-7-5-2-2,n92,7,5,2,2
mn-7-5-2-3,n93,7,5,2,3
mn-7-5-2-4,n94,7,5,2,4
mn-7-5-2-5,n95,7,5,2,5
mn-7-5-2-6,n96,7,5,2,6
mn-7-6-2-1,n97,7,6,2,1
mn-8-1-1-1,n98,8,1,1,1
mn-8-1-1-2,n99,8,1,1,2
mn-8-1-1-3,n100,8,1,1,3
mn-8-1-1-4,n101,8,1,1,4
mn-8-5-2-1,n102,8,5,2,1
mn-8-5-2-2,n103,8,5,2,2
mn-8-5-2-3,n104,8,5,2,3
mn-8-5-2-4,n105,8,5,2,4
mn-8-5-2-5,n106,8,5,2,5
mn-8-5-2-6,n107,8,5,2,6
mn-8-6-2-1,n108,8,6,2,1
mn-9-1-1-1,n109,9,1,1,1
mn-9-1-1-2,n110,9,1,1,2
mn-9-1-1-3,n111,9,1,1,3
mn-9-1-1-4,n112,9,1,1,4
mn-9-1-1-5,n113,9,1,1,5
mn-9-1-1-6,n114,9,1,1,6
mn-9-1-1-7,n115,9,1,1,7
mn-9-1-1-8,n116,9,1,1,8
mn-9-1-1-9,n117,9,1,1,9
mn-9-1-1-10,n118,9,1,1,10
mn-9-1-1-11,n119,9,1,1,11
mn-9-1-1-12,n120,9,1,1,12
mn-9-5-2-1,n121,9,5,2,1
mn-9-5-2-2,n122,9,5,2,2
mn-9-5-2-3,n123,9,5,2,3
mn-9-6-2-1,n124,9,6,2,1
mn-9-6-2-2,n125,9,6,2,2
mn-9-6-2-3,n126,9,6,2,3
mn-10-1-1-1,n127,10,1,1,1
mn-10-1-1-2,n128,10,1,1,2
mn-10-1-1-3,n129,10,1,1,3
mn-10-1-1-4,n130,10,1,1,4
mn-10-1-1-5,n131,10,1,1,5
mn-10-1-1-6,n132,10,1,1,6
mn-10-5-2-1,n133,10,5,2,1
mn-10-5-2-2,n134,10,5,2,2
mn-10-5-2-3,n135,10,5,2,3
mn-10-5-2-4,n136,10,5,2,4
mn-10-5-2-5,n137,10,5,2,5
mn-10-5-2-6,n138,10,5,2,6
mn-10-6-2-1,n139,10,6,2,1
mn-11-1-1-1,n140,11,1,1,1
mn-11-1-1-2,n141,11,1,1,2
mn-11-1-1-3,n142,11,1,1,3
mn-11-1-1-4,n143,11,1,1,4
mn-11-1-1-5,n144,11,1,1,5
mn-11-1-1-6,n145,11,1,1,6
mn-11-1-1-7,n146,11,1,1,7
mn-11-1-1-8,n147,11,1,1,8
mn-11-5-2-1,n148,11,5,2,1
mn-11-5-2-2,n149,11,5,2,2
mn-11-5-2-3,n150,11,5,2,3
mn-11-5-2-4,n151,11,5,2,4
mn-11-5-2-5,n152,11,5,2,5
mn-11-6-2-1,n153,11,6,2,1
mn-11-6-2-2,n154,11,6,2,2
mn-11-6-2-3,n155,11,6,2,3
mn-12-1-1-1,n156,12,1,1,1
mn-12-1-1-2,n157,12,1,1,2
mn-12-1-1-3,n158,12,1,1,3
mn-12-1-1-4,n159,12,1,1,4
mn-12-1-1-5,n160,12,1,1,5
mn-12-1-1-6,n161,12,1,1,6
mn-12-5-2-1,n162,12,5,2,1
mn-12-5-2-2,n163,12,5,2,2
mn-12-5-2-3,n164,12,5,2,3
mn-12-5-2-4,n165,12,5,2,4
mn-12-5-2-5,n166,12,5,2,5
mn-12-5-2-6,n167,12,5,2,6
mn-12-6-2-1,n168,12,6,2,1
mn-12-6-2-2,n169,12,6,2,2
mn-13-1-1-1,n170,13,1,1,1
mn-13-1-1-2,n171,13,1,1,2
mn-13-1-1-3,n172,13,1,1,3
mn-13-1-1-4,n173,13,1,1,4
mn-13-5-2-1,n174,13,5,2,1
mn-13-5-2-2,n175,13,5,2,2
mn-13-5-2-3,n176,13,5,2,3
mn-13-5-2-4,n177,13,5,2,4
mn-13-5-2-5,n178,13,5,2,5
mn-13-5-2-6,n179,13,5,2,6
mn-13-6-2-1,n180,13,6,2,1
mn-13-6-2-2,n181,13,6,2,2
mn-14-1-1-1,n182,14,1,1,1
mn-14-1-1-2,n183,14,1,1,2
mn-14-1-1-3,n184,14,1,1,3
mn-14-1-1-4,n185,14,1,1,4
mn-14-1-1-5,n186,14,1,1,5
mn-14-1-1-6,n187,14,1,1,6
mn-14-1-1-7,n188,14,1,1,7
mn-14-5-2-1,n189,14,5,2,1
mn-14-5-2-2,n190,14,5,2,2
mn-14-5-2-3,n191,14,5,2,3
mn-14-5-2-4,n192,14,5,2,4
mn-14-5-2-5,n193,14,5,2,5
mn-14-5-2-6,n194,14,5,2,6
mn-14-6-2-1,n195,14,6,2,1
mn-14-6-2-2,n196,14,6,2,2
mn-15-1-1-1,n197,15,1,1,1
mn-15-1-1-2,n198,15,1,1,2
mn-15-1-1-3,n199,15,1,1,3
mn-15-1-1-4,n200,15,1,1,4
mn-15-1-1-5,n201,15,1,1,5
mn-15-1-1-6,n202,15,1,1,6
mn-15-1-1-7,n203,15,1,1,7
mn-15-1-1-8,n204,15,1,1,8
mn-15-1-1-9,n205,15,1,1,9
mn-15-1-1-10,n206,15,1,1,10
mn-15-1-1-11,n207,15,1,1,11
mn-15-1-1-12,n208,15,1,1,12
mn-15-5-2-1,n209,15,5,2,1
mn-15-5-2-2,n210,15,5,2,2
mn-15-5-2-3,n211,15,5,2,3
mn-15-5-2-4,n212,15,5,2,4
mn-15-5-2-5,n213,15,5,2,5
mn-15-5-2-6,n214,15,5,2,6
mn-15-6-2-1,n215,15,6,2,1
mn-15-6-2-2,n216,15,6,2,2
mn-16-1-1-1,n217,16,1,1,1
mn-16-1-1-2,n218,16,1,1,2
mn-16-1-1-3,n219,16,1,1,3
mn-16-1-1-4,n220,16,1,1,4
mn-16-1-1-5,n221,16,1,1,5
mn-16-1-1-6,n222,16,1,1,6
mn-16-5-2-1,n223,16,5,2,1
mn-16-5-2-2,n224,16,5,2,2
mn-16-5-2-3,n225,16,5,2,3
mn-16-5-2-4,n226,16,5,2,4
mn-16-5-2-5,n227,16,5,2,5
mn-16-6-2-1,n228,16,6,2,1
mn-16-6-2-2,n229,16,6,2,2
mn-16-6-2-3,n230,16,6,2,3
mn-17-1-1-1,n231,17,1,1,1
mn-17-1-1-2,n232,17,1,1,2
mn-17-1-1-3,n233,17,1,1,3
mn-17-1-1-4,n234,17,1,1,4
mn-17-5-2-1,n235,17,5,2,1
mn-17-5-2-2,n236,17,5,2,2
mn-17-5-2-3,n237,17,5,2,3
mn-17-5-2-4,n238,17,5,2,4
mn-17-5-2-5,n239,17,5,2,5
mn-17-5-2-6,n240,17,5,2,6
mn-17-6-2-1,n241,17,6,2,1
mn-17-6-2-2,n242,17,6,2,2
mn-18-1-1-1,n243,18,1,1,1
mn-18-1-1-2,n244,18,1,1,2
mn-18-1-1-3,n245,18,1,1,3
mn-18-1-1-4,n246,18,1,1,4
mn-18-1-1-5,n247,18,1,1,5
mn-18-1-1-6,n248,18,1,1,6
mn-18-1-1-7,n249,18,1,1,7
mn-18-5-2-1,n250,18,5,2,1
mn-18-5-2-2,n251,18,5,2,2
mn-18-5-2-3,n252,18,5,2,3
mn-18-5-2-4,n253,18,5,2,4
mn-18-5-2-5,n254,18,5,2,5
mn-18-5-2-6,n255,18,5,2,6
mn-18-6-2-1,n256,18,6,2,1
mn-18-6-2-2,n257,18,6,2,2
mn-19-1-1-1,n258,19,1,1,1
mn-19-1-1-2,n259,19,1,1,2
mn-19-1-1-3,n260,19,1,1,3
mn-19-1-1-4,n261,19,1,1,4
mn-19-1-1-5,n262,19,1,1,5
mn-19-1-1-6,n263,19,1,1,6
mn-19-1-1-7,n264,19,1,1,7
mn-19-1-1-8,n265,19,1,1,8
mn-19-1-1-9,n266,19,1,1,9
mn-19-1-1-10,n267,19,1,1,10
mn-19-1-1-11,n268,19,1,1,11
mn-19-1-1-12,n269,19,1,1,12
mn-19-5-2-1,n270,19,5,2,1
mn-19-5-2-2,n271,19,5,2,2
mn-19-5-2-3,n272,19,5,2,3
mn-19-5-2-4,n273,19,5,2,4
mn-19-5-2-5,n274,19,5,2,5
mn-19-5-2-6,n275,19,5,2,6
mn-19-6-2-1,n276,19,6,2,1
mn-19-6-2-2,n277,19,6,2,2
mn-20-1-1-1,n278,20,1,1,1
mn-20-1-1-2,n279,20,1,1,2
mn-20-1-1-3,n280,20,1,1,3
mn-20-1-1-4,n281,20,1,1,4
mn-20-1-1-5,n282,20,1,1,5
mn-20-1-1-6,n283,20,1,1,6
mn-20-1-1-7,n284,20,1,1,7
mn-20-1-1-8,n285,20,1,1,8
mn-20-1-1-9,n286,20,1,1,9
mn-20-1-1-10,n287,20,1,1,10
mn-20-1-1-11,n288,20,1,1,11
mn-20-1-1-12,n289,20,1,1,12
mn-20-5-2-1,n290,20,5,2,1
mn-20-5-2-2,n291,20,5,2,2
mn-20-5-2-3,n292,20,5,2,3
mn-20-5-2-4,n293,20,5,2,4
mn-21-1-1-1,n294,21,1,1,1
mn-21-1-1-2,n295,21,1,1,2
mn-21-1-1-3,n296,21,1,1,3
mn-21-1-1-4,n297,21,1,1,4
mn-21-1-1-5,n298,21,1,1,5
mn-21-1-1-6,n299,21,1,1,6
mn-21-1-1-7,n300,21,1,1,7
mn-21-1-1-8,n301,21,1,1,8
mn-21-1-1-9,n302,21,1,1,9
mn-21-1-1-10,n303,21,1,1,10
mn-21-1-1-11,n304,21,1,1,11
mn-21-1-1-12,n305,21,1,1,12
mn-21-5-2-1,n306,21,5,2,1
mn-21-5-2-2,n307,21,5,2,2
mn-21-5-2-3,n308,21,5,2,3
mn-21-5-2-4,n309,21,5,2,4
mn-21-5-2-5,n310,21,5,2,5
mn-21-5-2-6,n311,21,5,2,6
mn-21-5-2-7,n312,21,5,2,7
mn-21-5-2-8,n313,21,5,2,8
mn-21-5-2-9,n314,21,5,2,9
mn-21-5-2-10,n315,21,5,2,10
mn-21-5-2-11,n316,21,5,2,11
mn-21-5-2-12,n317,21,5,2,12
mn-22-1-1-1,n318,22,1,1,1
mn-22-1-1-2,n319,22,1,1,2
mn-22-1-1-3,n320,22,1,1,3
mn-22-1-1-4,n321,22,1,1,4
mn-22-1-1-5,n322,22,1,1,5
mn-22-1-1-6,n323,22,1,1,6
mn-22-1-1-7,n324,22,1,1,7
mn-22-1-1-8,n325,22,1,1,8
mn-22-5-2-1,n326,22,5,2,1
mn-22-5-2-2,n327,22,5,2,2
mn-22-5-2-3,n328,22,5,2,3
mn-22-5-2-4,n329,22,5,2,4
mn-22-5-2-5,n330,22,5,2,5
mn-22-5-2-6,n331,22,5,2,6
mn-22-5-2-7,n332,22,5,2,7
mn-22-5-2-8,n333,22,5,2,8
mn-22-5-2-9,n334,22,5,2,9
mn-23-1-1-1,n335,23,1,1,1
mn-23-1-1-2,n336,23,1,1,2
mn-23-1-1-3,n337,23,1,1,3
mn-23-1-1-4,n338,23,1,1,4
mn-23-1-1-5,n339,23,1,1,5
mn-23-1-1-6,n340,23,1,1,6
mn-23-1-1-7,n341,23,1,1,7
mn-23-1-1-8,n342,23,1,1,8
mn-23-5-2-1,n343,23,5,2,1
mn-23-5-2-2,n344,23,5,2,2
mn-23-5-2-3,n345,23,5,2,3
mn-23-5-2-4,n346,23,5,2,4
mn-23-5-2-5,n347,23,5,2,5
mn-23-5-2-6,n348,23,5,2,6
mn-23-5-2-7,n349,23,5,2,7
mn-23-5-2-8,n350,23,5,2,8
mn-23-5-2-9,n351,23,5,2,9
mn-24-1-1-1,n352,24,1,1,1
mn-24-1-1-2,n353,24,1,1,2
mn-24-1-1-3,n354,24,1,1,3
mn-24-1-1-4,n355,24,1,1,4
mn-24-1-1-5,n356,24,1,1,5
mn-24-1-1-6,n357,24,1,1,6
mn-24-1-1-7,n358,24,1,1,7
mn-24-1-1-8,n359,24,1,1,8
mn-24-1-1-9,n360,24,1,1,9
mn-24-5-2-1,n361,24,5,2,1
mn-24-5-2-2,n362,24,5,2,2
mn-24-5-2-3,n363,24,5,2,3
mn-24-5-2-4,n364,24,5,2,4
mn-24-5-2-5,n365,24,5,2,5
mn-24-5-2-6,n366,24,5,2,6
mn-24-5-2-7,n367,24,5,2,7
mn-24-5-2-8,n368,24,5,2,8
mn-24-5-2-9,n369,24,5,2,9
mn-25-1-1-1,n370,25,1,1,1
mn-25-2-1-1,n371,25,2,1,1
mn-25-2-1-2,n372,25,2,1,2
mn-25-2-1-3,n373,25,2,1,3
mn-25-5-2-1,n374,25,5,2,1
mn-25-5-2-2,n375,25,5,2,2
mn-26-1-1-1,n376,26,1,1,1
mn-26-1-1-2,n377,26,1,1,2
mn-26-1-1-3,n378,26,1,1,3
mn-26-1-1-4,n379,26,1,1,4
mn-26-1-1-5,n380,26,1,1,5
mn-26-1-1-6,n381,26,1,1,6
mn-26-1-1-7,n382,26,1,1,7
mn-26-2-1-1,n383,26,2,1,1
mn-26-2-1-2,n384,26,2,1,2
mn-26-2-1-3,n385,26,2,1,3
mn-26-2-1-4,n386,26,2,1,4
mn-26-5-2-1,n387,26,5,2,1
mn-26-5-2-2,n388,26,5,2,2
mn-26-5-2-3,n389,26,5,2,3
mn-26-5-2-4,n390,26,5,2,4
mn-26-5-2-5,n391,26,5,2,5
mn-26-5-2-6,n392,26,5,2,6
mn-27-1-1-1,n393,27,1,1,1
mn-27-5-2-1,n394,27,5,2,1
mn-27-5-2-2,n395,27,5,2,2
mn-27-5-2-3,n396,27,5,2,3
mn-27-5-2-4,n397,27,5,2,4
mn-27-5-2-5,n398,27,5,2,5
mn-27-5-2-6,n399,27,5,2,6
mn-27-5-2-7,n400,27,5,2,7
mn-27-5-2-8,n401,27,5,2,8
mn-27-5-2-9,n402,27,5,2,9
mn-27-5-2-10,n403,27,5,2,10
mn-27-5-2-11,n404,27,5,2,11
mn-27-5-2-12,n405,27,5,2,12
mn-28-1-1-1,n406,28,1,1,1
mn-28-1-1-2,n407,28,1,1,2
mn-28-1-1-3,n408,28,1,1,3
mn-28-1-1-4,n409,28,1,1,4
mn-28-1-1-5,n410,28,1,1,5
mn-28-1-1-6,n411,28,1,1,6
mn-28-1-1-7,n412,28,1,1,7
mn-28-1-1-8,n413,28,1,1,8
mn-28-1-1-9,n414,28,1,1,9
mn-28-1-1-10,n415,28,1,1,10
mn-28-1-1-11,n416,28,1,1,11
mn-28-1-1-12,n417,28,1,1,12
mn-28-5-2-1,n418,28,5,2,1
mn-28-5-2-2,n419,28,5,2,2
mn-28-5-2-3,n420,28,5,2,3
mn-28-5-2-4,n421,28,5,2,4
mn-28-5-2-5,n422,28,5,2,5
mn-28-5-2-6,n423,28,5,2,6
mn-28-5-2-7,n424,28,5,2,7
mn-28-5-2-8,n425,28,5,2,8
mn-28-5-2-9,n426,28,5,2,9
mn-28-5-2-10,n427,28,5,2,10
mn-28-5-2-11,n428,28,5,2,11
mn-28-5-2-12,n429,28,5,2,12
mn-29-1-1-1,n430,29,1,1,1
mn-29-1-1-2,n431,29,1,1,2
mn-29-1-1-3,n432,29,1,1,3
mn-29-1-1-4,n433,29,1,1,4
mn-29-1-1-5,n434,29,1,1,5
mn-29-1-1-6,n435,29,1,1,6
mn-29-1-1-7,n436,29,1,1,7
mn-29-1-1-8,n437,29,1,1,8
mn-29-5-2-1,n438,29,5,2,1
mn-29-5-2-2,n439,29,5,2,2
mn-29-5-2-3,n440,29,5,2,3
mn-29-5-2-4,n441,29,5,2,4
mn-29-5-2-5,n442,29,5,2,5
mn-29-5-2-6,n443,29,5,2,6
mn-29-5-2-7,n444,29,5,2,7
mn-29-5-2-8,n445,29,5,2,8
mn-29-5-2-9,n446,29,5,2,9
mn-30-1-1-1,n447,30,1,1,1
mn-30-1-1-2,n448,30,1,1,2
mn-30-1-1-3,n449,30,1,1,3
mn-30-1-1-4,n450,30,1,1,4
mn-30-1-1-5,n451,30,1,1,5
mn-30-1-1-6,n452,30,1,1,6
mn-30-1-1-7,n453,30,1,1,7
mn-30-1-1-8,n454,30,1,1,8
mn-30-5-2-1,n455,30,5,2,1
mn-30-5-2-2,n456,30,5,2,2
mn-30-5-2-3,n457,30,5,2,3
mn-30-5-2-4,n458,30,5,2,4
mn-30-5-2-5,n459,30,5,2,5
mn-30-5-2-6,n460,30,5,2,6
mn-30-5-2-7,n461,30,5,2,7
mn-30-5-2-8,n462,30,5,2,8
mn-30-5-2-9,n463,30,5,2,9
mn-31-1-1-1,n464,31,1,1,1
mn-31-1-1-2,n465,31,1,1,2
mn-31-1-1-3,n466,31,1,1,3
mn-31-1-1-4,n467,31,1,1,4
mn-31-1-1-5,n468,31,1,1,5
mn-31-1-1-6,n469,31,1,1,6
mn-31-1-1-7,n470,31,1,1,7
mn-31-1-1-8,n471,31,1,1,8
mn-31-1-1-9,n472,31,1,1,9
mn-31-5-2-1,n473,31,5,2,1
mn-31-5-2-2,n474,31,5,2,2
mn-31-5-2-3,n475,31,5,2,3
mn-31-5-2-4,n476,31,5,2,4
mn-31-5-2-5,n477,31,5,2,5
mn-31-5-2-6,n478,31,5,2,6
mn-31-5-2-7,n479,31,5,2,7
mn-31-5-2-8,n480,31,5,2,8
mn-31-5-2-9,n481,31,5,2,9
mn-32-1-1-1,n482,32,1,1,1
mn-32-2-1-1,n483,32,2,1,1
mn-32-2-1-2,n484,32,2,1,2
mn-32-2-1-3,n485,32,2,1,3
mn-32-5-2-1,n486,32,5,2,1
mn-32-5-2-2,n487,32,5,2,2
mn-33-1-1-1,n488,33,1,1,1
mn-33-2-1-1,n489,33,2,1,1
mn-33-2-1-2,n490,33,2,1,2
mn-33-2-1-3,n491,33,2,1,3
mn-33-2-1-4,n492,33,2,1,4
mn-33-5-2-1,n493,33,5,2,1
mn-33-5-2-2,n494,33,5,2,2
mn-33-5-2-3,n495,33,5,2,3
mn-33-5-2-4,n496,33,5,2,4
mn-33-5-2-5,n497,33,5,2,5
mn-33-5-2-6,n498,33,5,2,6
mn-34-1-1-1,n499,34,1,1,1
mn-34-1-1-2,n500,34,1,1,2
mn-34-1-1-3,n501,34,1,1,3
mn-34-1-1-4,n502,34,1,1,4
mn-34-1-1-5,n503,34,1,1,5
mn-34-1-1-6,n504,34,1,1,6
mn-34-2-1-1,n505,34,2,1,1
mn-34-2-1-2,n506,34,2,1,2
mn-34-2-1-3,n507,34,2,1,3
mn-34-2-1-4,n508,34,2,1,4
mn-34-5-2-1,n509,34,5,2,1
mn-34-5-2-2,n510,34,5,2,2
mn-34-5-2-3,n511,34,5,2,3
mn-34-5-2-4,n512,34,5,2,4
mn-34-5-2-5,n513,34,5,2,5
mn-34-5-2-6,n514,34,5,2,6
mn-34-5-2-7,n515,34,5,2,7
mn-35-1-1-1,n516,35,1,1,1
mn-35-5-2-1,n517,35,5,2,1
mn-36-1-1-1,n518,36,1,1,1
mn-36-1-1-2,n519,36,1,1,2
mn-36-1-1-3,n520,36,1,1,3
mn-36-1-1-4,n521,36,1,1,4
mn-36-1-1-5,n522,36,1,1,5
mn-36-1-1-6,n523,36,1,1,6
mn-36-2-1-1,n524,36,2,1,1
mn-36-2-1-2,n525,36,2,1,2
mn-36-2-1-3,n526,36,2,1,3
mn-36-5-2-1,n527,36,5,2,1
mn-36-5-2-2,n528,36,5,2,2
mn-36-5-2-3,n529,36,5,2,3
mn-36-5-2-4,n530,36,5,2,4
mn-36-6-2-1,n531,36,6,2,1
mn-36-6-2-2,n532,36,6,2,2
mn-37-1-1-1,n533,37,1,1,1
mn-37-1-1-2,n534,37,1,1,2
mn-37-1-1-3,n535,37,1,1,3
mn-37-1-1-4,n536,37,1,1,4
mn-37-1-1-5,n537,37,1,1,5
mn-37-1-1-6,n538,37,1,1,6
mn-37-2-1-1,n539,37,2,1,1
mn-37-2-1-2,n540,37,2,1,2
mn-37-2-1-3,n541,37,2,1,3
mn-37-2-1-4,n542,37,2,1,4
mn-37-5-2-1,n543,37,5,2,1
mn-37-5-2-2,n544,37,5,2,2
mn-37-5-2-3,n545,37,5,2,3
mn-37-5-2-4,n546,37,5,2,4
mn-37-5-2-5,n547,37,5,2,5
mn-37-5-2-6,n548,37,5,2,6
mn-37-5-2-7,n549,37,5,2,7
mn-37-5-2-8,n550,37,5,2,8
mn-37-5-2-9,n551,37,5,2,9
mn-38-1-1-1,n552,38,1,1,1
mn-38-1-1-2,n553,38,1,1,2
mn-38-1-1-3,n554,38,1,1,3
mn-38-5-2-1,n555,38,5,2,1
mn-38-5-2-2,n556,38,5,2,2
mn-38-5-2-3,n557,38,5,2,3
mn-39-1-1-1,n558,39,1,1,1
mn-39-1-1-2,n559,39,1,1,2
mn-39-1-1-3,n560,39,1,1,3
mn-39-1-1-4,n561,39,1,1,4
mn-39-1-1-5,n562,39,1,1,5
mn-39-2-1-1,n563,39,2,1,1
mn-39-2-1-2,n564,39,2,1,2
mn-39-2-1-3,n565,39,2,1,3
mn-39-2-1-4,n566,39,2,1,4
mn-39-2-1-5,n567,39,2,1,5
mn-39-2-1-6,n568,39,2,1,6
mn-39-5-2-1,n569,39,5,2,1
mn-39-5-2-2,n570,39,5,2,2
mn-39-5-2-3,n571,39,5,2,3
mn-39-5-2-4,n572,39,5,2,4
mn-39-5-2-5,n573,39,5,2,5
mn-39-5-2-6,n574,39,5,2,6
mn-39-5-2-7,n575,39,5,2,7
mn-39-5-2-8,n576,39,5,2,8
mn-40-1-1-1,n577,40,1,1,1
mn-40-1-1-2,n578,40,1,1,2
mn-40-1-1-3,n579,40,1,1,3
mn-40-1-1-4,n580,40,1,1,4
mn-40-1-1-5,n581,40,1,1,5
mn-40-1-1-6,n582,40,1,1,6
mn-40-2-1-1,n583,40,2,1,1
mn-40-2-1-2,n584,40,2,1,2
mn-40-2-1-3,n585,40,2,1,3
mn-40-5-2-1,n586,40,5,2,1
mn-40-5-2-2,n587,40,5,2,2
mn-40-5-2-3,n588,40,5,2,3
mn-40-5-2-4,n589,40,5,2,4
mn-40-6-2-1,n590,40,6,2,1
mn-40-6-2-2,n591,40,6,2,2
mn-41-1-1-1,n592,41,1,1,1
mn-41-1-1-2,n593,41,1,1,2
mn-41-1-1-3,n594,41,1,1,3
mn-41-1-1-4,n595,41,1,1,4
mn-41-1-1-5,n596,41,1,1,5
mn-41-1-1-6,n597,41,1,1,6
mn-41-2-1-1,n598,41,2,1,1
mn-41-2-1-2,n599,41,2,1,2
mn-41-2-1-3,n600,41,2,1,3
mn-41-2-1-4,n601,41,2,1,4
mn-41-2-1-5,n602,41,2,1,5
mn-41-5-2-1,n603,41,5,2,1
mn-41-5-2-2,n604,41,5,2,2
mn-41-5-2-3,n605,41,5,2,3
mn-41-5-2-4,n606,41,5,2,4
mn-41-5-2-5,n607,41,5,2,5
mn-41-5-2-6,n608,41,5,2,6
mn-41-5-2-7,n609,41,5,2,7
mn-41-5-2-8,n610,41,5,2,8
mn-41-5-2-9,n611,41,5,2,9
mn-42-1-1-1,n612,42,1,1,1
mn-42-1-1-2,n613,42,1,1,2
mn-42-1-1-3,n614,42,1,1,3
mn-42-1-1-4,n615,42,1,1,4
mn-42-1-1-5,n616,42,1,1,5
mn-42-2-1-1,n617,42,2,1,1
mn-42-2-1-2,n618,42,2,1,2
mn-42-2-1-3,n619,42,2,1,3
mn-42-5-2-1,n620,42,5,2,1
mn-42-5-2-2,n621,42,5,2,2
mn-43-1-1-1,n622,43,1,1,1
mn-43-1-1-2,n623,43,1,1,2
mn-43-1-1-3,n624,43,1,1,3
mn-43-1-1-4,n625,43,1,1,4
mn-43-2-1-1,n626,43,2,1,1
mn-43-2-1-2,n627,43,2,1,2
mn-43-2-1-3,n628,43,2,1,3
mn-43-2-1-4,n629,43,2,1,4
mn-43-5-2-1,n630,43,5,2,1
mn-43-5-2-2,n631,43,5,2,2
mn-43-5-2-3,n632,43,5,2,3
mn-43-5-2-4,n633,43,5,2,4
mn-44-1-1-1,n634,44,1,1,1
mn-44-1-1-2,n635,44,1,1,2
mn-44-1-1-3,n636,44,1,1,3
mn-44-1-1-4,n637,44,1,1,4
mn-44-1-1-5,n638,44,1,1,5
mn-44-2-1-1,n639,44,2,1,1
mn-44-2-1-2,n640,44,2,1,2
mn-44-5-2-1,n641,44,5,2,1
mn-44-5-2-2,n642,44,5,2,2
mn-44-5-2-3,n643,44,5,2,3
mn-44-5-2-4,n644,44,5,2,4
mn-45-1-1-1,n645,45,1,1,1
mn-45-1-1-2,n646,45,1,1,2
mn-45-1-1-3,n647,45,1,1,3
mn-45-1-1-4,n648,45,1,1,4
mn-45-1-1-5,n649,45,1,1,5
mn-45-5-2-1,n650,45,5,2,1
mn-45-5-2-2,n651,45,5,2,2
mn-45-5-2-3,n652,45,5,2,3
mn-45-5-2-4,n653,45,5,2,4
mn-45-5-2-5,n654,45,5,2,5
mn-45-5-2-6,n655,45,5,2,6
mn-45-5-2-7,n656,45,5,2,7
mn-45-5-2-8,n657,45,5,2,8
mn-45-5-2-9,n658,45,5,2,9
mn-45-5-2-10,n659,45,5,2,10
mn-46-1-1-1,n660,46,1,1,1
mn-46-1-1-2,n661,46,1,1,2
mn-46-1-1-3,n662,46,1,1,3
mn-46-1-1-4,n663,46,1,1,4
mn-46-5-2-1,n664,46,5,2,1
mn-46-5-2-2,n665,46,5,2,2
mn-46-5-2-3,n666,46,5,2,3
mn-46-5-2-4,n667,46,5,2,4
mn-46-5-2-5,n668,46,5,2,5
mn-46-5-2-6,n669,46,5,2,6
mn-46-5-2-7,n670,46,5,2,7
mn-46-5-2-8,n671,46,5,2,8
mn-46-5-2-9,n672,46,5,2,9
mn-46-5-2-10,n673,46,5,2,10
mn-47-1-1-1,n674,47,1,1,1
mn-47-5-2-1,n675,47,5,2,1
mn-47-5-2-2,n676,47,5,2,2
mn-47-5-2-3,n677,47,5,2,3
mn-47-5-2-4,n678,47,5,2,4
mn-47-5-2-5,n679,47,5,2,5
mn-47-5-2-6,n680,47,5,2,6
mn-47-5-2-7,n681,47,5,2,7
mn-47-5-2-8,n682,47,5,2,8
mn-47-5-2-9,n683,47,5,2,9
mn-47-5-2-10,n684,47,5,2,10
mn-48-1-1-1,n685,48,1,1,1
mn-48-1-1-2,n686,48,1,1,2
mn-48-1-1-3,n687,48,1,1,3
mn-48-1-1-4,n688,48,1,1,4
mn-48-5-2-1,n689,48,5,2,1
mn-48-5-2-2,n690,48,5,2,2
mn-48-5-2-3,n691,48,5,2,3
mn-48-5-2-4,n692,48,5,2,4
mn-48-5-2-5,n693,48,5,2,5
mn-48-5-2-6,n694,48,5,2,6
mn-48-5-2-7,n695,48,5,2,7
mn-48-5-2-8,n696,48,5,2,8
mn-48-5-2-9,n697,48,5,2,9
mn-48-5-2-10,n698,48,5,2,10
mn-49-1-1-1,n699,49,1,1,1
mn-49-1-1-2,n700,49,1,1,2
mn-49-1-1-3,n701,49,1,1,3
mn-49-1-1-4,n702,49,1,1,4
mn-49-1-1-5,n703,49,1,1,5
mn-49-5-2-1,n704,49,5,2,1
mn-49-5-2-2,n705,49,5,2,2
mn-49-5-2-3,n706,49,5,2,3
mn-49-5-2-4,n707,49,5,2,4
mn-49-5-2-5,n708,49,5,2,5
mn-49-5-2-6,n709,49,5,2,6
mn-49-5-2-7,n710,49,5,2,7
mn-49-5-2-8,n711,49,5,2,8
mn-49-5-2-9,n712,49,5,2,9
mn-49-5-2-10,n713,49,5,2,10
mn-50-1-1-1,n714,50,1,1,1
mn-50-1-1-2,n715,50,1,1,2
mn-50-1-1-3,n716,50,1,1,3
mn-50-1-1-4,n717,50,1,1,4
mn-50-1-1-5,n718,50,1,1,5
mn-50-5-2-1,n719,50,5,2,1
mn-50-5-2-2,n720,50,5,2,2
mn-50-5-2-3,n721,50,5,2,3
mn-50-5-2-4,n722,50,5,2,4
mn-50-5-2-5,n723,50,5,2,5
mn-50-5-2-6,n724,50,5,2,6
mn-50-5-2-7,n725,50,5,2,7
mn-50-5-2-8,n726,50,5,2,8
mn-50-5-2-9,n727,50,5,2,9
mn-51-1-1-1,n728,51,1,1,1
mn-51-1-1-2,n729,51,1,1,2
mn-51-1-1-3,n730,51,1,1,3
mn-51-1-1-4,n731,51,1,1,4
mn-51-1-1-5,n732,51,1,1,5
mn-51-5-2-1,n733,51,5,2,1
mn-51-5-2-2,n734,51,5,2,2
mn-51-5-2-3,n735,51,5,2,3
mn-51-5-2-4,n736,51,5,2,4
mn-51-5-2-5,n737,51,5,2,5
mn-51-5-2-6,n738,51,5,2,6
mn-51-5-2-7,n739,51,5,2,7
mn-51-5-2-8,n740,51,5,2,8
mn-51-5-2-9,n741,51,5,2,9
mn-51-5-2-10,n742,51,5,2,10
mn-52-1-1-1,n743,52,1,1,1
mn-52-1-1-2,n744,52,1,1,2
mn-52-1-1-3,n745,52,1,1,3
mn-52-1-1-4,n746,52,1,1,4
mn-52-1-1-5,n747,52,1,1,5
mn-52-5-2-1,n748,52,5,2,1
mn-52-5-2-2,n749,52,5,2,2
mn-52-5-2-3,n750,52,5,2,3
mn-52-5-2-4,n751,52,5,2,4
mn-52-5-2-5,n752,52,5,2,5
mn-52-5-2-6,n753,52,5,2,6
mn-52-5-2-7,n754,52,5,2,7
mn-52-5-2-8,n755,52,5,2,8
mn-52-5-2-9,n756,52,5,2,9
mn-52-5-2-10,n757,52,5,2,10
mn-53-1-1-1,n758,53,1,1,1
mn-53-5-2-1,n759,53,5,2,1
mn-53-5-2-2,n760,53,5,2,2
mn-53-5-2-3,n761,53,5,2,3
mn-53-5-2-4,n762,53,5,2,4
mn-53-5-2-5,n763,53,5,2,5
mn-53-5-2-6,n764,53,5,2,6
mn-53-5-2-7,n765,53,5,2,7
mn-53-5-2-8,n766,53,5,2,8
mn-53-5-2-9,n767,53,5,2,9
mn-53-5-2-10,n768,53,5,2,10
mn-54-1-1-1,n769,54,1,1,1
mn-54-1-1-2,n770,54,1,1,2
mn-54-1-1-3,n771,54,1,1,3
mn-54-1-1-4,n772,54,1,1,4
mn-54-1-1-5,n773,54,1,1,5
mn-54-1-1-6,n774,54,1,1,6
mn-54-1-1-7,n775,54,1,1,7
mn-54-1-1-8,n776,54,1,1,8
mn-54-1-1-9,n777,54,1,1,9
mn-54-1-1-10,n778,54,1,1,10
mn-54-1-1-11,n779,54,1,1,11
mn-54-1-1-12,n780,54,1,1,12
mn-54-5-2-1,n781,54,5,2,1
mn-54-5-2-2,n782,54,5,2,2
mn-54-5-2-3,n783,54,5,2,3
mn-54-5-2-4,n784,54,5,2,4
mn-54-5-2-5,n785,54,5,2,5
mn-54-5-2-6,n786,54,5,2,6
mn-54-5-2-7,n787,54,5,2,7
mn-54-5-2-8,n788,54,5,2,8
mn-55-1-1-1,n789,55,1,1,1
mn-55-1-1-2,n790,55,1,1,2
mn-55-1-1-3,n791,55,1,1,3
mn-55-1-1-4,n792,55,1,1,4
mn-55-1-1-5,n793,55,1,1,5
mn-55-1-1-6,n794,55,1,1,6
mn-55-1-1-7,n795,55,1,1,7
mn-55-1-1-8,n796,55,1,1,8
mn-55-1-1-9,n797,55,1,1,9
mn-55-1-1-10,n798,55,1,1,10
mn-55-1-1-11,n799,55,1,1,11
mn-55-1-1-12,n800,55,1,1,12
mn-55-5-2-1,n801,55,5,2,1
mn-55-5-2-2,n802,55,5,2,2
mn-55-5-2-3,n803,55,5,2,3
mn-55-5-2-4,n804,55,5,2,4
mn-55-5-2-5,n805,55,5,2,5
mn-55-5-2-6,n806,55,5,2,6
mn-55-5-2-7,n807,55,5,2,7
mn-55-5-2-8,n808,55,5,2,8
mn-56-1-1-1,n809,56,1,1,1
mn-56-1-1-2,n810,56,1,1,2
mn-56-1-1-3,n811,56,1,1,3
mn-56-1-1-4,n812,56,1,1,4
mn-56-1-1-5,n813,56,1,1,5
mn-56-1-1-6,n814,56,1,1,6
mn-56-1-1-7,n815,56,1,1,7
mn-56-1-1-8,n816,56,1,1,8
mn-56-1-1-9,n817,56,1,1,9
mn-56-1-1-10,n818,56,1,1,10
mn-56-1-1-11,n819,56,1,1,11
mn-56-1-1-12,n820,56,1,1,12
mn-56-5-2-1,n821,56,5,2,1
mn-56-5-2-2,n822,56,5,2,2
mn-56-5-2-3,n823,56,5,2,3
mn-56-5-2-4,n824,56,5,2,4
mn-56-5-2-5,n825,56,5,2,5
mn-56-5-2-6,n826,56,5,2,6
mn-56-5-2-7,n827,56,5,2,7
mn-56-5-2-8,n828,56,5,2,8
mn-57-1-1-1,n829,57,1,1,1
mn-57-1-1-2,n830,57,1,1,2
mn-57-1-1-3,n831,57,1,1,3
mn-57-1-1-4,n832,57,1,1,4
mn-57-1-1-5,n833,57,1,1,5
mn-57-1-1-6,n834,57,1,1,6
mn-57-1-1-7,n835,57,1,1,7
mn-57-1-1-8,n836,57,1,1,8
mn-57-1-1-9,n837,57,1,1,9
mn-57-1-1-10,n838,57,1,1,10
mn-57-1-1-11,n839,57,1,1,11
mn-57-1-1-12,n840,57,1,1,12
mn-57-1-1-13,n841,57,1,1,13
mn-57-1-1-14,n842,57,1,1,14
mn-57-1-1-15,n843,57,1,1,15
mn-57-5-2-1,n844,57,5,2,1
mn-57-5-2-2,n845,57,5,2,2
mn-57-5-2-3,n846,57,5,2,3
mn-57-5-2-4,n847,57,5,2,4
mn-57-5-2-5,n848,57,5,2,5
mn-57-5-2-6,n849,57,5,2,6
mn-57-5-2-7,n850,57,5,2,7
mn-57-5-2-8,n851,57,5,2,8
mn-58-1-1-1,n852,58,1,1,1
mn-58-1-1-2,n853,58,1,1,2
mn-58-1-1-3,n854,58,1,1,3
mn-58-1-1-4,n855,58,1,1,4
mn-58-1-1-5,n856,58,1,1,5
mn-58-1-1-6,n857,58,1,1,6
mn-58-1-1-7,n858,58,1,1,7
mn-58-1-1-8,n859,58,1,1,8
mn-58-1-1-9,n860,58,1,1,9
mn-58-1-1-10,n861,58,1,1,10
mn-58-1-1-11,n862,58,1,1,11
mn-58-1-1-12,n863,58,1,1,12
mn-58-5-2-1,n864,58,5,2,1
mn-58-5-2-2,n865,58,5,2,2
mn-58-5-2-3,n866,58,5,2,3
mn-58-5-2-4,n867,58,5,2,4
mn-58-5-2-5,n868,58,5,2,5
mn-58-5-2-6,n869,58,5,2,6
mn-58-5-2-7,n870,58,5,2,7
mn-58-5-2-8,n871,58,5,2,8
mn-59-1-1-1,n872,59,1,1,1
mn-59-1-1-2,n873,59,1,1,2
mn-59-1-1-3,n874,59,1,1,3
mn-59-1-1-4,n875,59,1,1,4
mn-59-1-1-5,n876,59,1,1,5
mn-59-1-1-6,n877,59,1,1,6
mn-59-1-1-7,n878,59,1,1,7
mn-59-1-1-8,n879,59,1,1,8
mn-59-1-1-9,n880,59,1,1,9
mn-59-1-1-10,n881,59,1,1,10
mn-59-1-1-11,n882,59,1,1,11
mn-59-1-1-12,n883,59,1,1,12
mn-59-5-2-1,n884,59,5,2,1
mn-59-5-2-2,n885,59,5,2,2
mn-59-5-2-3,n886,59,5,2,3
mn-59-5-2-4,n887,59,5,2,4
mn-59-5-2-5,n888,59,5,2,5
mn-59-5-2-6,n889,59,5,2,6
mn-59-5-2-7,n890,59,5,2,7
mn-59-5-2-8,n891,59,5,2,8
mn-60-1-1-1,n892,60,1,1,1
mn-60-1-1-2,n893,60,1,1,2
mn-60-1-1-3,n894,60,1,1,3
mn-60-1-1-4,n895,60,1,1,4
mn-60-1-1-5,n896,60,1,1,5
mn-60-1-1-6,n897,60,1,1,6
mn-60-1-1-7,n898,60,1,1,7
mn-60-1-1-8,n899,60,1,1,8
mn-60-1-1-9,n900,60,1,1,9
mn-60-1-1-10,n901,60,1,1,10
mn-60-1-1-11,n902,60,1,1,11
mn-60-1-1-12,n903,60,1,1,12
mn-60-5-2-1,n904,60,5,2,1
mn-60-5-2-2,n905,60,5,2,2
mn-60-5-2-3,n906,60,5,2,3
mn-60-5-2-4,n907,60,5,2,4
mn-60-5-2-5,n908,60,5,2,5
mn-60-5-2-6,n909,60,5,2,6
mn-60-5-2-7,n910,60,5,2,7
mn-60-5-2-8,n911,60,5,2,8
mn-61-1-1-1,n912,61,1,1,1
mn-61-1-1-2,n913,61,1,1,2
mn-61-1-1-3,n914,61,1,1,3
mn-61-1-1-4,n915,61,1,1,4
mn-61-1-1-5,n916,61,1,1,5
mn-61-1-1-6,n917,61,1,1,6
mn-61-1-1-7,n918,61,1,1,7
mn-61-1-1-8,n919,61,1,1,8
mn-61-1-1-9,n920,61,1,1,9
mn-61-1-1-10,n921,61,1,1,10
mn-61-1-1-11,n922,61,1,1,11
mn-61-1-1-12,n923,61,1,1,12
mn-61-1-1-13,n924,61,1,1,13
mn-61-1-1-14,n925,61,1,1,14
mn-61-1-1-15,n926,61,1,1,15
mn-61-5-2-1,n927,61,5,2,1
mn-61-5-2-2,n928,61,5,2,2
mn-61-5-2-3,n929,61,5,2,3
mn-61-5-2-4,n930,61,5,2,4
mn-61-5-2-5,n931,61,5,2,5
mn-61-5-2-6,n932,61,5,2,6
mn-61-5-2-7,n933,61,5,2,7
mn-61-5-2-8,n934,61,5,2,8
mn-62-1-1-1,n935,62,1,1,1
mn-62-1-1-2,n936,62,1,1,2
mn-62-1-1-3,n937,62,1,1,3
mn-62-1-1-4,n938,62,1,1,4
mn-62-1-1-5,n939,62,1,1,5
mn-62-1-1-6,n940,62,1,1,6
mn-62-1-1-7,n941,62,1,1,7
mn-62-1-1-8,n942,62,1,1,8
mn-62-5-2-1,n943,62,5,2,1
mn-62-5-2-2,n944,62,5,2,2
mn-62-5-2-3,n945,62,5,2,3
mn-62-5-2-4,n946,62,5,2,4
mn-62-5-2-5,n947,62,5,2,5
mn-62-5-2-6,n948,62,5,2,6
mn-62-5-2-7,n949,62,5,2,7
mn-62-5-2-8,n950,62,5,2,8
mn-62-5-2-9,n951,62,5,2,9
mn-62-5-2-10,n952,62,5,2,10
mn-62-5-2-11,n953,62,5,2,11
mn-62-6-2-1,n954,62,6,2,1
mn-62-6-2-2,n955,62,6,2,2
mn-63-1-1-1,n956,63,1,1,1
mn-63-1-1-2,n957,63,1,1,2
mn-63-1-1-3,n958,63,1,1,3
mn-63-1-1-4,n959,63,1,1,4
mn-63-1-1-5,n960,63,1,1,5
mn-63-1-1-6,n961,63,1,1,6
mn-63-1-1-7,n962,63,1,1,7
mn-63-1-1-8,n963,63,1,1,8
mn-63-1-1-9,n964,63,1,1,9
mn-63-1-1-10,n965,63,1,1,10
mn-63-1-1-11,n966,63,1,1,11
mn-63-1-1-12,n967,63,1,1,12
mn-63-5-2-1,n968,63,5,2,1
mn-63-5-2-2,n969,63,5,2,2
mn-63-5-2-3,n970,63,5,2,3
mn-63-5-2-4,n971,63,5,2,4
mn-63-5-2-5,n972,63,5,2,5
mn-63-5-2-6,n973,63,5,2,6
mn-63-5-2-7,n974,63,5,2,7
mn-63-5-2-8,n975,63,5,2,8
mn-63-5-2-9,n976,63,5,2,9
mn-63-5-2-10,n977,63,5,2,10
mn-64-1-1-1,n978,64,1,1,1
mn-64-1-1-2,n979,64,1,1,2
mn-64-1-1-3,n980,64,1,1,3
mn-64-1-1-4,n981,64,1,1,4
mn-64-1-1-5,n982,64,1,1,5
mn-64-1-1-6,n983,64,1,1,6
mn-64-1-1-7,n984,64,1,1,7
mn-64-1-1-8,n985,64,1,1,8
mn-64-5-2-1,n986,64,5,2,1
mn-64-5-2-2,n987,64,5,2,2
mn-64-5-2-3,n988,64,5,2,3
mn-64-5-2-4,n989,64,5,2,4
mn-64-5-2-5,n990,64,5,2,5
mn-64-5-2-6,n991,64,5,2,6
mn-64-5-2-7,n992,64,5,2,7
mn-64-5-2-8,n993,64,5,2,8
mn-64-5-2-9,n994,64,5,2,9
mn-64-5-2-10,n995,64,5,2,10
mn-64-5-2-11,n996,64,5,2,11
mn-64-6-2-1,n997,64,6,2,1
mn-64-6-2-2,n998,64,6,2,2
mn-65-1-1-1,n999,65,1,1,1
mn-65-1-1-2,n1000,65,1,1,2
mn-65-1-1-3,n1001,65,1,1,3
mn-65-1-1-4,n1002,65,1,1,4
mn-65-1-1-5,n1003,65,1,1,5
mn-65-1-1-6,n1004,65,1,1,6
mn-65-1-1-7,n1005,65,1,1,7
mn-65-1-1-8,n1006,65,1,1,8
mn-65-1-1-9,n1007,65,1,1,9
mn-65-1-1-10,n1008,65,1,1,10
mn-65-1-1-11,n1009,65,1,1,11
mn-65-1-1-12,n1010,65,1,1,12
mn-65-5-2-1,n1011,65,5,2,1
mn-65-5-2-2,n1012,65,5,2,2
mn-65-5-2-3,n1013,65,5,2,3
mn-65-5-2-4,n1014,65,5,2,4
mn-65-5-2-5,n1015,65,5,2,5
mn-65-5-2-6,n1016,65,5,2,6
mn-65-5-2-7,n1017,65,5,2,7
mn-65-5-2-8,n1018,65,5,2,8
mn-65-5-2-9,n1019,65,5,2,9
mn-65-5-2-10,n1020,65,5,2,10
mn-66-1-1-1,n1021,66,1,1,1
mn-66-1-1-2,n1022,66,1,1,2
mn-66-1-1-3,n1023,66,1,1,3
mn-66-1-1-4,n1024,66,1,1,4
mn-66-1-1-5,n1025,66,1,1,5
mn-66-1-1-6,n1026,66,1,1,6
mn-66-1-1-7,n1027,66,1,1,7
mn-66-1-1-8,n1028,66,1,1,8
mn-66-1-1-9,n1029,66,1,1,9
mn-66-1-1-10,n1030,66,1,1,10
mn-66-1-1-11,n1031,66,1,1,11
mn-66-5-2-1,n1032,66,5,2,1
mn-66-5-2-2,n1033,66,5,2,2
mn-66-5-2-3,n1034,66,5,2,3
mn-66-5-2-4,n1035,66,5,2,4
mn-66-5-2-5,n1036,66,5,2,5
mn-66-5-2-6,n1037,66,5,2,6
mn-66-5-2-7,n1038,66,5,2,7
mn-66-5-2-8,n1039,66,5,2,8
mn-66-5-2-9,n1040,66,5,2,9
mn-66-5-2-10,n1041,66,5,2,10
mn-66-5-2-11,n1042,66,5,2,11
mn-66-5-2-12,n1043,66,5,2,12
mn-67-1-1-1,n1044,67,1,1,1
mn-67-1-1-2,n1045,67,1,1,2
mn-67-1-1-3,n1046,67,1,1,3
mn-67-1-1-4,n1047,67,1,1,4
mn-67-1-1-5,n1048,67,1,1,5
mn-67-1-1-6,n1049,67,1,1,6
mn-67-1-1-7,n1050,67,1,1,7
mn-67-1-1-8,n1051,67,1,1,8
mn-67-1-1-9,n1052,67,1,1,9
mn-67-1-1-10,n1053,67,1,1,10
mn-67-1-1-11,n1054,67,1,1,11
mn-67-1-1-12,n1055,67,1,1,12
mn-67-5-2-1,n1056,67,5,2,1
mn-67-5-2-2,n1057,67,5,2,2
mn-67-5-2-3,n1058,67,5,2,3
mn-67-5-2-4,n1059,67,5,2,4
mn-67-5-2-5,n1060,67,5,2,5
mn-67-5-2-6,n1061,67,5,2,6
mn-67-5-2-7,n1062,67,5,2,7
mn-67-5-2-8,n1063,67,5,2,8
mn-67-5-2-9,n1064,67,5,2,9
mn-67-5-2-10,n1065,67,5,2,10
mn-67-5-2-11,n1066,67,5,2,11
mn-67-5-2-12,n1067,67,5,2,12
mn-68-1-1-1,n1068,68,1,1,1
mn-68-1-1-2,n1069,68,1,1,2
mn-68-1-1-3,n1070,68,1,1,3
mn-68-1-1-4,n1071,68,1,1,4
mn-68-1-1-5,n1072,68,1,1,5
mn-68-1-1-6,n1073,68,1,1,6
mn-68-1-1-7,n1074,68,1,1,7
mn-68-1-1-8,n1075,68,1,1,8
mn-68-5-2-1,n1076,68,5,2,1
mn-68-5-2-2,n1077,68,5,2,2
mn-68-5-2-3,n1078,68,5,2,3
mn-68-5-2-4,n1079,68,5,2,4
mn-68-5-2-5,n1080,68,5,2,5
mn-68-5-2-6,n1081,68,5,2,6
mn-68-5-2-7,n1082,68,5,2,7
mn-69-1-1-1,n1083,69,1,1,1
mn-69-1-1-2,n1084,69,1,1,2
mn-69-1-1-3,n1085,69,1,1,3
mn-69-1-1-4,n1086,69,1,1,4
mn-69-1-1-5,n1087,69,1,1,5
mn-69-1-1-6,n1088,69,1,1,6
mn-69-1-1-7,n1089,69,1,1,7
mn-69-1-1-8,n1090,69,1,1,8
mn-69-5-2-1,n1091,69,5,2,1
mn-69-5-2-2,n1092,69,5,2,2
mn-69-5-2-3,n1093,69,5,2,3
mn-69-5-2-4,n1094,69,5,2,4
mn-69-5-2-5,n1095,69,5,2,5
mn-69-5-2-6,n1096,69,5,2,6
mn-70-1-1-1,n1097,70,1,1,1
mn-70-1-1-2,n1098,70,1,1,2
mn-70-1-1-3,n1099,70,1,1,3
mn-70-1-1-4,n1100,70,1,1,4
mn-70-1-1-5,n1101,70,1,1,5
mn-70-5-2-1,n1102,70,5,2,1
mn-70-5-2-2,n1103,70,5,2,2
mn-70-5-2-3,n1104,70,5,2,3
mn-70-5-2-4,n1105,70,5,2,4
mn-70-5-2-5,n1106,70,5,2,5
mn-70-5-2-6,n1107,70,5,2,6
mn-70-5-2-7,n1108,70,5,2,7
mn-70-5-2-8,n1109,70,5,2,8
mn-70-5-2-9,n1110,70,5,2,9
mn-70-5-2-10,n1111,70,5,2,10
mn-71-1-1-1,n1112,71,1,1,1
mn-71-1-1-2,n1113,71,1,1,2
mn-71-1-1-3,n1114,71,1,1,3
mn-71-1-1-4,n1115,71,1,1,4
mn-71-1-1-5,n1116,71,1,1,5
mn-71-5-2-1,n1117,71,5,2,1
mn-71-5-2-2,n1118,71,5,2,2
mn-71-5-2-3,n1119,71,5,2,3
mn-71-5-2-4,n1120,71,5,2,4
mn-71-5-2-5,n1121,71,5,2,5
mn-71-5-2-6,n1122,71,5,2,6
mn-71-5-2-7,n1123,71,5,2,7
mn-71-5-2-8,n1124,71,5,2,8
mn-71-5-2-9,n1125,71,5,2,9
mn-72-1-1-1,n1126,72,1,1,1
mn-72-1-1-2,n1127,72,1,1,2
mn-72-1-1-3,n1128,72,1,1,3
mn-72-1-1-4,n1129,72,1,1,4
mn-72-1-1-5,n1130,72,1,1,5
mn-72-1-1-6,n1131,72,1,1,6
mn-72-1-1-7,n1132,72,1,1,7
mn-72-1-1-8,n1133,72,1,1,8
mn-72-1-1-9,n1134,72,1,1,9
mn-72-1-1-10,n1135,72,1,1,10
mn-72-5-2-1,n1136,72,5,2,1
mn-72-5-2-2,n1137,72,5,2,2
mn-72-5-2-3,n1138,72,5,2,3
mn-72-5-2-4,n1139,72,5,2,4
mn-72-5-2-5,n1140,72,5,2,5
mn-72-5-2-6,n1141,72,5,2,6
mn-72-5-2-7,n1142,72,5,2,7
mn-72-5-2-8,n1143,72,5,2,8
mn-72-5-2-9,n1144,72,5,2,9
mn-72-5-2-10,n1145,72,5,2,10
mn-73-1-1-1,n1146,73,1,1,1
mn-73-1-1-2,n1147,73,1,1,2
mn-73-1-1-3,n1148,73,1,1,3
mn-73-1-1-4,n1149,73,1,1,4
mn-73-1-1-5,n1150,73,1,1,5
mn-73-1-1-6,n1151,73,1,1,6
mn-73-1-1-7,n1152,73,1,1,7
mn-73-1-1-8,n1153,73,1,1,8
mn-73-5-2-1,n1154,73,5,2,1
mn-73-5-2-2,n1155,73,5,2,2
mn-73-5-2-3,n1156,73,5,2,3
mn-73-5-2-4,n1157,73,5,2,4
mn-73-5-2-5,n1158,73,5,2,5
mn-73-5-2-6,n1159,73,5,2,6
mn-73-5-2-7,n1160,73,5,2,7
mn-73-5-2-8,n1161,73,5,2,8
mn-73-5-2-9,n1162,73,5,2,9
mn-73-5-2-10,n1163,73,5,2,10
mn-73-5-2-11,n1164,73,5,2,11
mn-73-5-2-12,n1165,73,5,2,12
mn-73-6-2-1,n1166,73,6,2,1
mn-73-6-2-2,n1167,73,6,2,2
mn-73-6-2-3,n1168,73,6,2,3
mn-73-6-2-4,n1169,73,6,2,4
mn-73-6-2-5,n1170,73,6,2,5
mn-73-6-2-6,n1171,73,6,2,6
mn-73-6-2-7,n1172,73,6,2,7
mn-73-6-2-8,n1173,73,6,2,8
mn-74-1-1-1,n1174,74,1,1,1
mn-74-1-1-2,n1175,74,1,1,2
mn-74-1-1-3,n1176,74,1,1,3
mn-74-1-1-4,n1177,74,1,1,4
mn-74-1-1-5,n1178,74,1,1,5
mn-74-1-1-6,n1179,74,1,1,6
mn-74-1-1-7,n1180,74,1,1,7
mn-74-1-1-8,n1181,74,1,1,8
mn-74-1-1-9,n1182,74,1,1,9
mn-74-1-1-10,n1183,74,1,1,10
mn-74-1-1-11,n1184,74,1,1,11
mn-74-1-1-12,n1185,74,1,1,12
mn-74-5-2-1,n1186,74,5,2,1
mn-74-5-2-2,n1187,74,5,2,2
mn-74-5-2-3,n1188,74,5,2,3
mn-74-5-2-4,n1189,74,5,2,4
mn-74-5-2-5,n1190,74,5,2,5
mn-74-5-2-6,n1191,74,5,2,6
mn-74-5-2-7,n1192,74,5,2,7
mn-74-5-2-8,n1193,74,5,2,8
mn-74-5-2-9,n1194,74,5,2,9
mn-74-5-2-10,n1195,74,5,2,10
mn-74-5-2-11,n1196,74,5,2,11
mn-74-5-2-12,n1197,74,5,2,12
mn-75-1-1-1,n1198,75,1,1,1
mn-75-1-1-2,n1199,75,1,1,2
mn-75-1-1-3,n1200,75,1,1,3
mn-75-1-1-4,n1201,75,1,1,4
mn-75-1-1-5,n1202,75,1,1,5
mn-75-1-1-6,n1203,75,1,1,6
mn-75-1-1-7,n1204,75,1,1,7
mn-75-1-1-8,n1205,75,1,1,8
mn-75-1-1-9,n1206,75,1,1,9
mn-75-1-1-10,n1207,75,1,1,10
mn-75-1-1-11,n1208,75,1,1,11
mn-75-1-1-12,n1209,75,1,1,12
mn-75-1-1-13,n1210,75,1,1,13
mn-75-1-1-14,n1211,75,1,1,14
mn-75-1-1-15,n1212,75,1,1,15
mn-75-1-1-16,n1213,75,1,1,16
mn-75-1-1-17,n1214,75,1,1,17
mn-75-1-1-18,n1215,75,1,1,18
mn-75-1-1-19,n1216,75,1,1,19
mn-75-1-1-20,n1217,75,1,1,20
mn-75-1-1-21,n1218,75,1,1,21
mn-75-1-1-22,n1219,75,1,1,22
mn-75-5-2-1,n1220,75,5,2,1
mn-75-5-2-2,n1221,75,5,2,2
mn-75-5-2-3,n1222,75,5,2,3
mn-75-5-2-4,n1223,75,5,2,4
mn-75-5-2-5,n1224,75,5,2,5
mn-75-5-2-6,n1225,75,5,2,6
mn-75-5-2-7,n1226,75,5,2,7
mn-75-5-2-8,n1227,75,5,2,8
mn-75-5-2-9,n1228,75,5,2,9
mn-75-5-2-10,n1229,75,5,2,10
mn-75-5-2-11,n1230,75,5,2,11
mn-75-5-2-12,n1231,75,5,2,12
mn-75-5-2-13,n1232,75,5,2,13
mn-75-5-2-14,n1233,75,5,2,14
mn-75-5-2-15,n1234,75,5,2,15
mn-75-5-2-16,n1235,75,5,2,16
mn-75-5-2-17,n1236,75,5,2,17
mn-75-5-2-18,n1237,75,5,2,18
mn-75-5-2-19,n1238,75,5,2,19
mn-75-5-2-20,n1239,75,5,2,20
mn-76-1-1-1,n1240,76,1,1,1
mn-76-1-1-2,n1241,76,1,1,2
mn-76-1-1-3,n1242,76,1,1,3
mn-76-1-1-4,n1243,76,1,1,4
mn-76-1-1-5,n1244,76,1,1,5
mn-76-1-1-6,n1245,76,1,1,6
mn-76-1-1-7,n1246,76,1,1,7
mn-76-1-1-8,n1247,76,1,1,8
mn-76-1-1-9,n1248,76,1,1,9
mn-76-1-1-10,n1249,76,1,1,10
mn-76-1-1-11,n1250,76,1,1,11
mn-76-1-1-12,n1251,76,1,1,12
mn-76-1-1-13,n1252,76,1,1,13
mn-76-1-1-14,n1253,76,1,1,14
mn-76-1-1-15,n1254,76,1,1,15
mn-76-1-1-16,n1255,76,1,1,16
mn-76-1-1-17,n1256,76,1,1,17
mn-76-1-1-18,n1257,76,1,1,18
mn-76-1-1-19,n1258,76,1,1,19
mn-76-1-1-20,n1259,76,1,1,20
mn-76-5-2-1,n1260,76,5,2,1
mn-76-5-2-2,n1261,76,5,2,2
mn-76-5-2-3,n1262,76,5,2,3
mn-76-5-2-4,n1263,76,5,2,4
mn-76-5-2-5,n1264,76,5,2,5
mn-76-5-2-6,n1265,76,5,2,6
mn-76-5-2-7,n1266,76,5,2,7
mn-76-5-2-8,n1267,76,5,2,8
mn-76-5-2-9,n1268,76,5,2,9
mn-76-5-2-10,n1269,76,5,2,10
mn-76-5-2-11,n1270,76,5,2,11
mn-76-5-2-12,n1271,76,5,2,12
mn-76-5-2-13,n1272,76,5,2,13
mn-76-5-2-14,n1273,76,5,2,14
mn-76-5-2-15,n1274,76,5,2,15
mn-76-5-2-16,n1275,76,5,2,16
mn-77-1-1-1,n1276,77,1,1,1
mn-77-1-1-2,n1277,77,1,1,2
mn-77-1-1-3,n1278,77,1,1,3
mn-77-1-1-4,n1279,77,1,1,4
mn-77-1-1-5,n1280,77,1,1,5
mn-77-1-1-6,n1281,77,1,1,6
mn-77-1-1-7,n1282,77,1,1,7
mn-77-1-1-8,n1283,77,1,1,8
mn-77-5-2-1,n1284,77,5,2,1
mn-77-5-2-2,n1285,77,5,2,2
mn-77-5-2-3,n1286,77,5,2,3
mn-77-5-2-4,n1287,77,5,2,4
mn-77-5-2-5,n1288,77,5,2,5
mn-77-5-2-6,n1289,77,5,2,6
mn-77-5-2-7,n1290,77,5,2,7
mn-77-5-2-8,n1291,77,5,2,8
mn-77-5-2-9,n1292,77,5,2,9
mn-77-5-2-10,n1293,77,5,2,10
mn-77-5-2-11,n1294,77,5,2,11
mn-78-1-1-1,n1295,78,1,1,1
mn-78-1-1-2,n1296,78,1,1,2
mn-78-1-1-3,n1297,78,1,1,3
mn-78-1-1-4,n1298,78,1,1,4
mn-78-1-1-5,n1299,78,1,1,5
mn-78-1-1-6,n1300,78,1,1,6
mn-78-1-1-7,n1301,78,1,1,7
mn-78-1-1-8,n1302,78,1,1,8
mn-78-5-2-1,n1303,78,5,2,1
mn-78-5-2-2,n1304,78,5,2,2
mn-78-5-2-3,n1305,78,5,2,3
mn-78-5-2-4,n1306,78,5,2,4
mn-78-5-2-5,n1307,78,5,2,5
mn-78-5-2-6,n1308,78,5,2,6
mn-78-5-2-7,n1309,78,5,2,7
mn-78-5-2-8,n1310,78,5,2,8
mn-78-5-2-9,n1311,78,5,2,9
mn-78-5-2-10,n1312,78,5,2,10
mn-79-1-1-1,n1313,79,1,1,1
mn-79-1-1-2,n1314,79,1,1,2
mn-79-1-1-3,n1315,79,1,1,3
mn-79-1-1-4,n1316,79,1,1,4
mn-79-1-1-5,n1317,79,1,1,5
mn-79-1-1-6,n1318,79,1,1,6
mn-79-1-1-7,n1319,79,1,1,7
mn-79-1-1-8,n1320,79,1,1,8
mn-79-1-1-9,n1321,79,1,1,9
mn-79-1-1-10,n1322,79,1,1,10
mn-79-1-1-11,n1323,79,1,1,11
mn-79-1-1-12,n1324,79,1,1,12
mn-79-5-2-1,n1325,79,5,2,1
mn-79-5-2-2,n1326,79,5,2,2
mn-79-5-2-3,n1327,79,5,2,3
mn-79-5-2-4,n1328,79,5,2,4
mn-79-5-2-5,n1329,79,5,2,5
mn-79-5-2-6,n1330,79,5,2,6
mn-79-5-2-7,n1331,79,5,2,7
mn-79-5-2-8,n1332,79,5,2,8
mn-79-5-2-9,n1333,79,5,2,9
mn-79-5-2-10,n1334,79,5,2,10
mn-80-1-1-1,n1335,80,1,1,1
mn-80-1-1-2,n1336,80,1,1,2
mn-80-1-1-3,n1337,80,1,1,3
mn-80-1-1-4,n1338,80,1,1,4
mn-80-1-1-5,n1339,80,1,1,5
mn-80-1-1-6,n1340,80,1,1,6
mn-80-1-1-7,n1341,80,1,1,7
mn-80-1-1-8,n1342,80,1,1,8
mn-80-5-2-1,n1343,80,5,2,1
mn-80-5-2-2,n1344,80,5,2,2
mn-80-5-2-3,n1345,80,5,2,3
mn-80-5-2-4,n1346,80,5,2,4
mn-80-5-2-5,n1347,80,5,2,5
mn-80-5-2-6,n1348,80,5,2,6
mn-80-5-2-7,n1349,80,5,2,7
mn-80-5-2-8,n1350,80,5,2,8
mn-80-5-2-9,n1351,80,5,2,9
mn-80-5-2-10,n1352,80,5,2,10
mn-81-1-1-1,n1353,81,1,1,1
mn-81-1-1-2,n1354,81,1,1,2
mn-81-1-1-3,n1355,81,1,1,3
mn-81-1-1-4,n1356,81,1,1,4
mn-81-1-1-5,n1357,81,1,1,5
mn-81-1-1-6,n1358,81,1,1,6
mn-81-1-1-7,n1359,81,1,1,7
mn-81-1-1-8,n1360,81,1,1,8
mn-81-1-1-9,n1361,81,1,1,9
mn-81-5-2-1,n1362,81,5,2,1
mn-81-5-2-2,n1363,81,5,2,2
mn-81-5-2-3,n1364,81,5,2,3
mn-81-5-2-4,n1365,81,5,2,4
mn-81-5-2-5,n1366,81,5,2,5
mn-81-5-2-6,n1367,81,5,2,6
mn-81-5-2-7,n1368,81,5,2,7
mn-81-5-2-8,n1369,81,5,2,8
mn-81-5-2-9,n1370,81,5,2,9
mn-81-5-2-10,n1371,81,5,2,10
mn-82-1-1-1,n1372,82,1,1,1
mn-82-1-1-2,n1373,82,1,1,2
mn-82-1-1-3,n1374,82,1,1,3
mn-82-1-1-4,n1375,82,1,1,4
mn-82-1-1-5,n1376,82,1,1,5
mn-82-1-1-6,n1377,82,1,1,6
mn-82-1-1-7,n1378,82,1,1,7
mn-82-1-1-8,n1379,82,1,1,8
mn-82-5-2-1,n1380,82,5,2,1
mn-82-5-2-2,n1381,82,5,2,2
mn-82-5-2-3,n1382,82,5,2,3
mn-82-5-2-4,n1383,82,5,2,4
mn-82-5-2-5,n1384,82,5,2,5
mn-82-5-2-6,n1385,82,5,2,6
mn-83-1-1-1,n1386,83,1,1,1
mn-83-1-1-2,n1387,83,1,1,2
mn-83-1-1-3,n1388,83,1,1,3
mn-83-1-1-4,n1389,83,1,1,4
mn-83-1-1-5,n1390,83,1,1,5
mn-83-1-1-6,n1391,83,1,1,6
mn-83-5-2-1,n1392,83,5,2,1
mn-83-5-2-2,n1393,83,5,2,2
mn-83-5-2-3,n1394,83,5,2,3
mn-83-5-2-4,n1395,83,5,2,4
mn-83-5-2-5,n1396,83,5,2,5
mn-83-5-2-6,n1397,83,5,2,6
mn-84-1-1-1,n1398,84,1,1,1
mn-84-1-1-2,n1399,84,1,1,2
mn-84-1-1-3,n1400,84,1,1,3
mn-84-1-1-4,n1401,84,1,1,4
mn-84-1-1-5,n1402,84,1,1,5
mn-84-1-1-6,n1403,84,1,1,6
mn-84-1-1-7,n1404,84,1,1,7
mn-84-1-1-8,n1405,84,1,1,8
mn-84-1-1-9,n1406,84,1,1,9
mn-84-1-1-10,n1407,84,1,1,10
mn-84-1-1-11,n1408,84,1,1,11
mn-84-1-1-12,n1409,84,1,1,12
mn-84-5-2-1,n1410,84,5,2,1
mn-85-1-1-1,n1411,85,1,1,1
mn-85-1-1-2,n1412,85,1,1,2
mn-85-1-1-3,n1413,85,1,1,3
mn-85-1-1-4,n1414,85,1,1,4
mn-85-1-1-5,n1415,85,1,1,5
mn-85-1-1-6,n1416,85,1,1,6
mn-85-1-1-7,n1417,85,1,1,7
mn-85-1-1-8,n1418,85,1,1,8
mn-85-1-1-9,n1419,85,1,1,9
mn-85-1-1-10,n1420,85,1,1,10
mn-85-1-1-11,n1421,85,1,1,11
mn-85-1-1-12,n1422,85,1,1,12
mn-85-5-2-1,n1423,85,5,2,1
mn-85-5-2-2,n1424,85,5,2,2
mn-85-5-2-3,n1425,85,5,2,3
mn-85-5-2-4,n1426,85,5,2,4
mn-85-6-2-1,n1427,85,6,2,1
mn-85-6-2-2,n1428,85,6,2,2
mn-85-6-2-3,n1429,85,6,2,3
mn-85-6-2-4,n1430,85,6,2,4
mn-86-1-1-1,n1431,86,1,1,1
mn-86-1-1-2,n1432,86,1,1,2
mn-86-1-1-3,n1433,86,1,1,3
mn-86-1-1-4,n1434,86,1,1,4
mn-86-1-1-5,n1435,86,1,1,5
mn-86-1-1-6,n1436,86,1,1,6
mn-86-5-2-1,n1437,86,5,2,1
mn-86-5-2-2,n1438,86,5,2,2
mn-86-5-2-3,n1439,86,5,2,3
mn-86-5-2-4,n1440,86,5,2,4
mn-86-5-2-5,n1441,86,5,2,5
mn-86-5-2-6,n1442,86,5,2,6
mn-86-6-2-1,n1443,86,6,2,1
mn-87-1-1-1,n1444,87,1,1,1
mn-87-1-1-2,n1445,87,1,1,2
mn-87-1-1-3,n1446,87,1,1,3
mn-87-1-1-4,n1447,87,1,1,4
mn-87-1-1-5,n1448,87,1,1,5
mn-87-1-1-6,n1449,87,1,1,6
mn-87-1-1-7,n1450,87,1,1,7
mn-87-1-1-8,n1451,87,1,1,8
mn-87-5-2-1,n1452,87,5,2,1
mn-87-5-2-2,n1453,87,5,2,2
mn-87-5-2-3,n1454,87,5,2,3
mn-87-5-2-4,n1455,87,5,2,4
mn-87-5-2-5,n1456,87,5,2,5
mn-87-6-2-1,n1457,87,6,2,1
mn-87-6-2-2,n1458,87,6,2,2
mn-87-6-2-3,n1459,87,6,2,3
mn-88-1-1-1,n1460,88,1,1,1
mn-88-1-1-2,n1461,88,1,1,2
mn-88-1-1-3,n1462,88,1,1,3
mn-88-1-1-4,n1463,88,1,1,4
mn-88-1-1-5,n1464,88,1,1,5
mn-88-1-1-6,n1465,88,1,1,6
mn-88-1-1-7,n1466,88,1,1,7
mn-88-1-1-8,n1467,88,1,1,8
mn-88-1-1-9,n1468,88,1,1,9
mn-88-5-2-1,n1469,88,5,2,1
mn-88-5-2-2,n1470,88,5,2,2
mn-88-5-2-3,n1471,88,5,2,3
mn-88-5-2-4,n1472,88,5,2,4
mn-88-5-2-5,n1473,88,5,2,5
mn-88-5-2-6,n1474,88,5,2,6
mn-88-6-2-1,n1475,88,6,2,1
mn-89-1-1-1,n1476,89,1,1,1
mn-89-1-1-2,n1477,89,1,1,2
mn-89-1-1-3,n1478,89,1,1,3
mn-89-1-1-4,n1479,89,1,1,4
mn-89-5-2-1,n1480,89,5,2,1
mn-89-5-2-2,n1481,89,5,2,2
mn-89-5-2-3,n1482,89,5,2,3
mn-89-5-2-4,n1483,89,5,2,4
mn-89-5-2-5,n1484,89,5,2,5
mn-89-5-2-6,n1485,89,5,2,6
mn-89-6-2-1,n1486,89,6,2,1
mn-89-6-2-2,n1487,89,6,2,2
mn-90-1-1-1,n1488,90,1,1,1
mn-90-1-1-2,n1489,90,1,1,2
mn-90-1-1-3,n1490,90,1,1,3
mn-90-1-1-4,n1491,90,1,1,4
mn-90-5-2-1,n1492,90,5,2,1
mn-90-5-2-2,n1493,90,5,2,2
mn-90-5-2-3,n1494,90,5,2,3
mn-90-5-2-4,n1495,90,5,2,4
mn-90-5-2-5,n1496,90,5,2,5
mn-90-5-2-6,n1497,90,5,2,6
mn-90-6-2-1,n1498,90,6,2,1
mn-90-6-2-2,n1499,90,6,2,2
mn-91-1-1-1,n1500,91,1,1,1
mn-91-1-1-2,n1501,91,1,1,2
mn-91-1-1-3,n1502,91,1,1,3
mn-91-1-1-4,n1503,91,1,1,4
mn-91-5-2-1,n1504,91,5,2,1
mn-91-5-2-2,n1505,91,5,2,2
mn-91-5-2-3,n1506,91,5,2,3
mn-91-5-2-4,n1507,91,5,2,4
mn-91-5-2-5,n1508,91,5,2,5
mn-91-5-2-6,n1509,91,5,2,6
mn-91-6-2-1,n1510,91,6,2,1
mn-91-6-2-2,n1511,91,6,2,2
mn-92-1-1-1,n1512,92,1,1,1
mn-92-1-1-2,n1513,92,1,1,2
mn-92-1-1-3,n1514,92,1,1,3
mn-92-1-1-4,n1515,92,1,1,4
mn-92-1-1-5,n1516,92,1,1,5
mn-92-1-1-6,n1517,92,1,1,6
mn-92-5-2-1,n1518,92,5,2,1
mn-92-5-2-2,n1519,92,5,2,2
mn-92-5-2-3,n1520,92,5,2,3
mn-92-5-2-4,n1521,92,5,2,4
mn-92-5-2-5,n1522,92,5,2,5
mn-92-5-2-6,n1523,92,5,2,6
mn-92-6-2-1,n1524,92,6,2,1
mn-92-6-2-2,n1525,92,6,2,2
mn-93-1-1-1,n1526,93,1,1,1
mn-93-1-1-2,n1527,93,1,1,2
mn-93-1-1-3,n1528,93,1,1,3
mn-93-1-1-4,n1529,93,1,1,4
mn-93-1-1-5,n1530,93,1,1,5
mn-93-1-1-6,n1531,93,1,1,6
mn-93-1-1-7,n1532,93,1,1,7
mn-93-1-1-8,n1533,93,1,1,8
mn-93-5-2-1,n1534,93,5,2,1
mn-93-5-2-2,n1535,93,5,2,2
mn-93-5-2-3,n1536,93,5,2,3
mn-93-5-2-4,n1537,93,5,2,4
mn-93-5-2-5,n1538,93,5,2,5
mn-93-5-2-6,n1539,93,5,2,6
mn-93-5-2-7,n1540,93,5,2,7
mn-93-5-2-8,n1541,93,5,2,8
mn-93-5-2-9,n1542,93,5,2,9
mn-93-6-2-1,n1543,93,6,2,1
mn-93-6-2-2,n1544,93,6,2,2
mn-93-6-2-3,n1545,93,6,2,3
mn-94-1-1-1,n1546,94,1,1,1
mn-94-1-1-2,n1547,94,1,1,2
mn-94-1-1-3,n1548,94,1,1,3
mn-94-1-1-4,n1549,94,1,1,4
mn-94-1-1-5,n1550,94,1,1,5
mn-94-1-1-6,n1551,94,1,1,6
mn-94-1-1-7,n1552,94,1,1,7
mn-94-1-1-8,n1553,94,1,1,8
mn-94-5-2-1,n1554,94,5,2,1
mn-94-5-2-2,n1555,94,5,2,2
mn-94-5-2-3,n1556,94,5,2,3
mn-94-5-2-4,n1557,94,5,2,4
mn-94-5-2-5,n1558,94,5,2,5
mn-94-5-2-6,n1559,94,5,2,6
mn-94-5-2-7,n1560,94,5,2,7
mn-94-5-2-8,n1561,94,5,2,8
mn-94-5-2-9,n1562,94,5,2,9
mn-94-6-2-1,n1563,94,6,2,1
mn-94-6-2-2,n1564,94,6,2,2
mn-94-6-2-3,n1565,94,6,2,3
mn-95-1-1-1,n1566,95,1,1,1
mn-95-1-1-2,n1567,95,1,1,2
mn-95-1-1-3,n1568,95,1,1,3
mn-95-1-1-4,n1569,95,1,1,4
mn-95-1-1-5,n1570,95,1,1,5
mn-95-1-1-6,n1571,95,1,1,6
mn-95-1-1-7,n1572,95,1,1,7
mn-95-1-1-8,n1573,95,1,1,8
mn-95-1-1-9,n1574,95,1,1,9
mn-95-1-1-10,n1575,95,1,1,10
mn-95-1-1-11,n1576,95,1,1,11
mn-95-1-1-12,n1577,95,1,1,12
mn-95-5-2-1,n1578,95,5,2,1
mn-95-5-2-2,n1579,95,5,2,2
mn-95-5-2-3,n1580,95,5,2,3
mn-95-5-2-4,n1581,95,5,2,4
mn-95-5-2-5,n1582,95,5,2,5
mn-95-5-2-6,n1583,95,5,2,6
mn-95-5-2-7,n1584,95,5,2,7
mn-96-1-1-1,n1585,96,1,1,1
mn-96-1-1-2,n1586,96,1,1,2
mn-96-1-1-3,n1587,96,1,1,3
mn-96-1-1-4,n1588,96,1,1,4
mn-96-1-1-5,n1589,96,1,1,5
mn-96-1-1-6,n1590,96,1,1,6
mn-96-1-1-7,n1591,96,1,1,7
mn-96-1-1-8,n1592,96,1,1,8
mn-96-5-2-1,n1593,96,5,2,1
mn-96-5-2-2,n1594,96,5,2,2
mn-96-5-2-3,n1595,96,5,2,3
mn-96-5-2-4,n1596,96,5,2,4
mn-96-5-2-5,n1597,96,5,2,5
mn-96-5-2-6,n1598,96,5,2,6
mn-96-5-2-7,n1599,96,5,2,7
mn-96-5-2-8,n1600,96,5,2,8
mn-96-5-2-9,n1601,96,5,2,9
mn-96-6-2-1,n1602,96,6,2,1
mn-96-6-2-2,n1603,96,6,2,2
mn-96-6-2-3,n1604,96,6,2,3
mn-97-1-1-1,n1605,97,1,1,1
mn-97-1-1-2,n1606,97,1,1,2
mn-97-1-1-3,n1607,97,1,1,3
mn-97-1-1-4,n1608,97,1,1,4
mn-97-1-1-5,n1609,97,1,1,5
mn-97-1-1-6,n1610,97,1,1,6
mn-97-1-1-7,n1611,97,1,1,7
mn-97-1-1-8,n1612,97,1,1,8
mn-97-5-2-1,n1613,97,5,2,1
mn-97-5-2-2,n1614,97,5,2,2
mn-97-5-2-3,n1615,97,5,2,3
mn-97-5-2-4,n1616,97,5,2,4
mn-97-5-2-5,n1617,97,5,2,5
mn-97-5-2-6,n1618,97,5,2,6
mn-97-5-2-7,n1619,97,5,2,7
mn-97-5-2-8,n1620,97,5,2,8
mn-97-5-2-9,n1621,97,5,2,9
mn-97-6-2-1,n1622,97,6,2,1
mn-97-6-2-2,n1623,97,6,2,2
mn-97-6-2-3,n1624,97,6,2,3
mn-98-1-1-1,n1625,98,1,1,1
mn-98-1-1-2,n1626,98,1,1,2
mn-98-1-1-3,n1627,98,1,1,3
mn-98-1-1-4,n1628,98,1,1,4
mn-98-1-1-5,n1629,98,1,1,5
mn-98-1-1-6,n1630,98,1,1,6
mn-98-1-1-7,n1631,98,1,1,7
mn-98-1-1-8,n1632,98,1,1,8
mn-98-1-1-9,n1633,98,1,1,9
mn-98-1-1-10,n1634,98,1,1,10
mn-98-1-1-11,n1635,98,1,1,11
mn-98-1-1-12,n1636,98,1,1,12
mn-98-5-2-1,n1637,98,5,2,1
mn-98-5-2-2,n1638,98,5,2,2
mn-98-5-2-3,n1639,98,5,2,3
mn-98-5-2-4,n1640,98,5,2,4
mn-98-5-2-5,n1641,98,5,2,5
mn-98-5-2-6,n1642,98,5,2,6
mn-98-5-2-7,n1643,98,5,2,7
mn-99-1-1-1,n1644,99,1,1,1
mn-99-1-1-2,n1645,99,1,1,2
mn-99-1-1-3,n1646,99,1,1,3
mn-99-1-1-4,n1647,99,1,1,4
mn-99-1-1-5,n1648,99,1,1,5
mn-99-1-1-6,n1649,99,1,1,6
mn-99-1-1-7,n1650,99,1,1,7
mn-99-1-1-8,n1651,99,1,1,8
mn-99-1-1-9,n1652,99,1,1,9
mn-99-5-2-1,n1653,99,5,2,1
mn-99-5-2-2,n1654,99,5,2,2
mn-99-5-2-3,n1655,99,5,2,3
mn-99-5-2-4,n1656,99,5,2,4
mn-99-5-2-5,n1657,99,5,2,5
mn-99-5-2-6,n1658,99,5,2,6
mn-99-5-2-7,n1659,99,5,2,7
mn-99-5-2-8,n1660,99,5,2,8
mn-100-1-1-1,n1661,100,1,1,1
mn-100-1-1-2,n1662,100,1,1,2
mn-100-1-1-3,n1663,100,1,1,3
mn-100-1-1-4,n1664,100,1,1,4
mn-100-1-1-5,n1665,100,1,1,5
mn-100-1-1-6,n1666,100,1,1,6
mn-100-1-1-7,n1667,100,1,1,7
mn-100-1-1-8,n1668,100,1,1,8
mn-100-5-2-1,n1669,100,5,2,1
mn-100-5-2-2,n1670,100,5,2,2
mn-100-5-2-3,n1671,100,5,2,3
mn-100-5-2-4,n1672,100,5,2,4
mn-100-5-2-5,n1673,100,5,2,5
mn-100-5-2-6,n1674,100,5,2,6
mn-100-5-2-7,n1675,100,5,2,7
mn-100-5-2-8,n1676,100,5,2,8
mn-101-1-1-1,n1677,101,1,1,1
mn-101-1-1-2,n1678,101,1,1,2
mn-101-1-1-3,n1679,101,1,1,3
mn-101-1-1-4,n1680,101,1,1,4
mn-101-1-1-5,n1681,101,1,1,5
mn-101-1-1-6,n1682,101,1,1,6
mn-101-1-1-7,n1683,101,1,1,7
mn-101-1-1-8,n1684,101,1,1,8
mn-101-1-1-9,n1685,101,1,1,9
mn-101-5-2-1,n1686,101,5,2,1
mn-101-5-2-2,n1687,101,5,2,2
mn-101-5-2-3,n1688,101,5,2,3
mn-101-5-2-4,n1689,101,5,2,4
mn-101-5-2-5,n1690,101,5,2,5
mn-101-5-2-6,n1691,101,5,2,6
mn-101-5-2-7,n1692,101,5,2,7
mn-101-5-2-8,n1693,101,5,2,8
mn-101-5-2-9,n1694,101,5,2,9
mn-102-1-1-1,n1695,102,1,1,1
mn-102-1-1-2,n1696,102,1,1,2
mn-102-1-1-3,n1697,102,1,1,3
mn-102-1-1-4,n1698,102,1,1,4
mn-102-1-1-5,n1699,102,1,1,5
mn-102-1-1-6,n1700,102,1,1,6
mn-102-1-1-7,n1701,102,1,1,7
mn-102-1-1-8,n1702,102,1,1,8
mn-102-1-1-9,n1703,102,1,1,9
mn-102-5-2-1,n1704,102,5,2,1
mn-102-5-2-2,n1705,102,5,2,2
mn-102-5-2-3,n1706,102,5,2,3
mn-102-5-2-4,n1707,102,5,2,4
mn-102-5-2-5,n1708,102,5,2,5
mn-102-5-2-6,n1709,102,5,2,6
mn-102-5-2-7,n1710,102,5,2,7
mn-102-5-2-8,n1711,102,5,2,8
mn-102-5-2-9,n1712,102,5,2,9
mn-103-1-1-1,n1713,103,1,1,1
mn-103-1-1-2,n1714,103,1,1,2
mn-103-1-1-3,n1715,103,1,1,3
mn-103-1-1-4,n1716,103,1,1,4
mn-103-1-1-5,n1717,103,1,1,5
mn-103-1-1-6,n1718,103,1,1,6
mn-103-1-1-7,n1719,103,1,1,7
mn-103-1-1-8,n1720,103,1,1,8
mn-103-1-1-9,n1721,103,1,1,9
mn-103-1-1-10,n1722,103,1,1,10
mn-103-1-1-11,n1723,103,1,1,11
mn-103-1-1-12,n1724,103,1,1,12
mn-103-2-1-1,n1725,103,2,1,1
mn-103-2-1-2,n1726,103,2,1,2
mn-103-2-1-3,n1727,103,2,1,3
mn-103-2-1-4,n1728,103,2,1,4
mn-103-2-1-5,n1729,103,2,1,5
mn-103-2-1-6,n1730,103,2,1,6
mn-103-5-2-1,n1731,103,5,2,1
mn-103-5-2-2,n1732,103,5,2,2
mn-103-5-2-3,n1733,103,5,2,3
mn-103-5-2-4,n1734,103,5,2,4
mn-103-5-2-5,n1735,103,5,2,5
mn-103-5-2-6,n1736,103,5,2,6
mn-103-5-2-7,n1737,103,5,2,7
mn-103-5-2-8,n1738,103,5,2,8
mn-103-5-2-9,n1739,103,5,2,9
mn-103-5-2-10,n1740,103,5,2,10
mn-103-5-2-11,n1741,103,5,2,11
mn-103-5-2-12,n1742,103,5,2,12
mn-103-5-2-13,n1743,103,5,2,13
mn-103-5-2-14,n1744,103,5,2,14
mn-103-5-2-15,n1745,103,5,2,15
mn-103-5-2-16,n1746,103,5,2,16
mn-103-5-2-17,n1747,103,5,2,17
mn-104-1-1-1,n1748,104,1,1,1
mn-104-1-1-2,n1749,104,1,1,2
mn-104-1-1-3,n1750,104,1,1,3
mn-104-1-1-4,n1751,104,1,1,4
mn-104-1-1-5,n1752,104,1,1,5
mn-104-1-1-6,n1753,104,1,1,6
mn-104-1-1-7,n1754,104,1,1,7
mn-104-1-1-8,n1755,104,1,1,8
mn-104-1-1-9,n1756,104,1,1,9
mn-104-1-1-10,n1757,104,1,1,10
mn-104-1-1-11,n1758,104,1,1,11
mn-104-1-1-12,n1759,104,1,1,12
mn-104-2-1-1,n1760,104,2,1,1
mn-104-2-1-2,n1761,104,2,1,2
mn-104-2-1-3,n1762,104,2,1,3
mn-104-2-1-4,n1763,104,2,1,4
mn-104-2-1-5,n1764,104,2,1,5
mn-104-2-1-6,n1765,104,2,1,6
mn-104-2-1-7,n1766,104,2,1,7
mn-104-2-1-8,n1767,104,2,1,8
mn-104-2-1-9,n1768,104,2,1,9
mn-104-2-1-10,n1769,104,2,1,10
mn-104-2-1-11,n1770,104,2,1,11
mn-104-2-1-12,n1771,104,2,1,12
mn-104-5-2-1,n1772,104,5,2,1
mn-104-5-2-2,n1773,104,5,2,2
mn-104-5-2-3,n1774,104,5,2,3
mn-104-5-2-4,n1775,104,5,2,4
mn-104-5-2-5,n1776,104,5,2,5
mn-104-5-2-6,n1777,104,5,2,6
mn-104-5-2-7,n1778,104,5,2,7
mn-104-5-2-8,n1779,104,5,2,8
mn-104-5-1-1,n1780,104,5,1,1
mn-104-5-1-2,n1781,104,5,1,2
mn-104-5-1-3,n1782,104,5,1,3
mn-104-5-1-4,n1783,104,5,1,4
mn-105-1-1-1,n1784,105,1,1,1
mn-105-1-1-2,n1785,105,1,1,2
mn-105-1-1-3,n1786,105,1,1,3
mn-105-1-1-4,n1787,105,1,1,4
mn-105-1-1-5,n1788,105,1,1,5
mn-105-1-1-6,n1789,105,1,1,6
mn-105-1-1-7,n1790,105,1,1,7
mn-105-1-1-8,n1791,105,1,1,8
mn-105-1-1-9,n1792,105,1,1,9
mn-105-1-1-10,n1793,105,1,1,10
mn-105-1-1-11,n1794,105,1,1,11
mn-105-1-1-12,n1795,105,1,1,12
mn-105-1-1-13,n1796,105,1,1,13
mn-105-1-1-14,n1797,105,1,1,14
mn-105-2-1-1,n1798,105,2,1,1
mn-105-2-1-2,n1799,105,2,1,2
mn-105-2-1-3,n1800,105,2,1,3
mn-105-2-1-4,n1801,105,2,1,4
mn-105-5-2-1,n1802,105,5,2,1
mn-105-5-2-2,n1803,105,5,2,2
mn-105-5-2-3,n1804,105,5,2,3
mn-105-5-2-4,n1805,105,5,2,4
mn-106-1-1-1,n1806,106,1,1,1
mn-106-1-1-2,n1807,106,1,1,2
mn-106-1-1-3,n1808,106,1,1,3
mn-106-1-1-4,n1809,106,1,1,4
mn-106-1-1-5,n1810,106,1,1,5
mn-106-1-1-6,n1811,106,1,1,6
mn-106-1-1-7,n1812,106,1,1,7
mn-106-1-1-8,n1813,106,1,1,8
mn-106-1-1-9,n1814,106,1,1,9
mn-106-1-1-10,n1815,106,1,1,10
mn-106-1-1-11,n1816,106,1,1,11
mn-106-1-1-12,n1817,106,1,1,12
mn-106-5-2-1,n1818,106,5,2,1
mn-107-1-1-1,n1819,107,1,1,1
mn-107-1-1-2,n1820,107,1,1,2
mn-107-1-1-3,n1821,107,1,1,3
mn-107-1-1-4,n1822,107,1,1,4
mn-107-1-1-5,n1823,107,1,1,5
mn-107-1-1-6,n1824,107,1,1,6
mn-107-1-1-7,n1825,107,1,1,7
mn-107-1-1-8,n1826,107,1,1,8
mn-107-5-2-1,n1827,107,5,2,1
mn-107-5-2-2,n1828,107,5,2,2
mn-107-5-2-3,n1829,107,5,2,3
mn-107-5-2-4,n1830,107,5,2,4
mn-107-5-2-5,n1831,107,5,2,5
mn-107-5-2-6,n1832,107,5,2,6
mn-107-5-2-7,n1833,107,5,2,7
mn-107-5-2-8,n1834,107,5,2,8
mn-108-1-1-1,n1835,108,1,1,1
mn-108-1-1-2,n1836,108,1,1,2
mn-108-1-1-3,n1837,108,1,1,3
mn-108-1-1-4,n1838,108,1,1,4
mn-108-1-1-5,n1839,108,1,1,5
mn-108-1-1-6,n1840,108,1,1,6
mn-108-1-1-7,n1841,108,1,1,7
mn-108-1-1-8,n1842,108,1,1,8
mn-108-5-2-1,n1843,108,5,2,1
mn-108-5-2-2,n1844,108,5,2,2
mn-108-5-2-3,n1845,108,5,2,3
mn-108-5-2-4,n1846,108,5,2,4
mn-108-5-2-5,n1847,108,5,2,5
mn-108-5-2-6,n1848,108,5,2,6
mn-108-5-2-7,n1849,108,5,2,7
mn-108-5-2-8,n1850,108,5,2,8
mn-109-1-1-1,n1851,109,1,1,1
mn-109-1-1-2,n1852,109,1,1,2
mn-109-1-1-3,n1853,109,1,1,3
mn-109-1-1-4,n1854,109,1,1,4
mn-109-1-1-5,n1855,109,1,1,5
mn-109-1-1-6,n1856,109,1,1,6
mn-109-1-1-7,n1857,109,1,1,7
mn-109-1-1-8,n1858,109,1,1,8
mn-109-5-2-1,n1859,109,5,2,1
mn-109-5-2-2,n1860,109,5,2,2
mn-109-5-2-3,n1861,109,5,2,3
mn-109-5-2-4,n1862,109,5,2,4
mn-109-5-2-5,n1863,109,5,2,5
mn-109-5-2-6,n1864,109,5,2,6
mn-109-5-2-7,n1865,109,5,2,7
mn-109-5-2-8,n1866,109,5,2,8
mn-110-1-1-1,n1867,110,1,1,1
mn-110-1-1-2,n1868,110,1,1,2
mn-110-1-1-3,n1869,110,1,1,3
mn-110-1-1-4,n1870,110,1,1,4
mn-110-1-1-5,n1871,110,1,1,5
mn-110-1-1-6,n1872,110,1,1,6
mn-110-1-1-7,n1873,110,1,1,7
mn-110-1-1-8,n1874,110,1,1,8
mn-110-5-2-1,n1875,110,5,2,1
mn-110-5-2-2,n1876,110,5,2,2
mn-110-5-2-3,n1877,110,5,2,3
mn-110-5-2-4,n1878,110,5,2,4
mn-110-5-2-5,n1879,110,5,2,5
mn-110-5-2-6,n1880,110,5,2,6
mn-110-5-2-7,n1881,110,5,2,7
mn-110-5-2-8,n1882,110,5,2,8
mn-111-1-1-1,n1883,111,1,1,1
mn-111-1-1-2,n1884,111,1,1,2
mn-111-1-1-3,n1885,111,1,1,3
mn-111-1-1-4,n1886,111,1,1,4
mn-111-1-1-5,n1887,111,1,1,5
mn-111-1-1-6,n1888,111,1,1,6
mn-111-1-1-7,n1889,111,1,1,7
mn-111-1-1-8,n1890,111,1,1,8
mn-111-5-2-1,n1891,111,5,2,1
mn-111-5-2-2,n1892,111,5,2,2
mn-111-5-2-3,n1893,111,5,2,3
mn-111-5-2-4,n1894,111,5,2,4
mn-111-5-2-5,n1895,111,5,2,5
mn-111-5-2-6,n1896,111,5,2,6
mn-111-5-2-7,n1897,111,5,2,7
mn-111-5-2-8,n1898,111,5,2,8
mn-112-1-1-1,n1899,112,1,1,1
mn-112-1-1-2,n1900,112,1,1,2
mn-112-1-1-3,n1901,112,1,1,3
mn-112-1-1-4,n1902,112,1,1,4
mn-112-1-1-5,n1903,112,1,1,5
mn-112-1-1-6,n1904,112,1,1,6
mn-112-1-1-7,n1905,112,1,1,7
mn-112-1-1-8,n1906,112,1,1,8
mn-112-5-2-1,n1907,112,5,2,1
mn-112-5-2-2,n1908,112,5,2,2
mn-112-5-2-3,n1909,112,5,2,3
mn-112-5-2-4,n1910,112,5,2,4
mn-112-5-2-5,n1911,112,5,2,5
mn-112-5-2-6,n1912,112,5,2,6
mn-112-5-2-7,n1913,112,5,2,7
mn-112-5-2-8,n1914,112,5,2,8
mn-113-1-1-1,n1915,113,1,1,1
mn-113-1-1-2,n1916,113,1,1,2
mn-113-1-1-3,n1917,113,1,1,3
mn-113-5-2-1,n1918,113,5,2,1
mn-113-5-2-2,n1919,113,5,2,2
mn-113-5-2-3,n1920,113,5,2,3
mn-113-5-2-4,n1921,113,5,2,4
mn-113-5-2-5,n1922,113,5,2,5
mn-113-5-2-6,n1923,113,5,2,6
mn-113-5-2-7,n1924,113,5,2,7
mn-113-5-2-8,n1925,113,5,2,8
mn-113-5-2-9,n1926,113,5,2,9
mn-113-5-2-10,n1927,113,5,2,10
mn-113-5-2-11,n1928,113,5,2,11
mn-113-5-2-12,n1929,113,5,2,12
mn-114-1-1-1,n1930,114,1,1,1
mn-114-1-1-2,n1931,114,1,1,2
mn-114-1-1-3,n1932,114,1,1,3
mn-114-1-1-4,n1933,114,1,1,4
mn-114-1-1-5,n1934,114,1,1,5
mn-114-1-1-6,n1935,114,1,1,6
mn-114-1-1-7,n1936,114,1,1,7
mn-114-1-1-8,n1937,114,1,1,8
mn-114-1-1-9,n1938,114,1,1,9
mn-114-1-1-10,n1939,114,1,1,10
mn-114-1-1-11,n1940,114,1,1,11
mn-114-1-1-12,n1941,114,1,1,12
mn-114-5-2-1,n1942,114,5,2,1
mn-114-5-2-2,n1943,114,5,2,2
mn-114-5-2-3,n1944,114,5,2,3
mn-115-1-1-1,n1945,115,1,1,1
mn-115-1-1-2,n1946,115,1,1,2
mn-115-1-1-3,n1947,115,1,1,3
mn-115-1-1-4,n1948,115,1,1,4
mn-115-1-1-5,n1949,115,1,1,5
mn-115-1-1-6,n1950,115,1,1,6
mn-115-1-1-7,n1951,115,1,1,7
mn-115-1-1-8,n1952,115,1,1,8
mn-115-5-2-1,n1953,115,5,2,1
mn-115-5-2-2,n1954,115,5,2,2
mn-115-5-2-3,n1955,115,5,2,3
mn-115-5-2-4,n1956,115,5,2,4
mn-115-5-2-5,n1957,115,5,2,5
mn-115-5-2-6,n1958,115,5,2,6
mn-115-5-2-7,n1959,115,5,2,7
mn-115-5-2-8,n1960,115,5,2,8
mn-116-1-1-1,n1961,116,1,1,1
mn-116-1-1-2,n1962,116,1,1,2
mn-116-1-1-3,n1963,116,1,1,3
mn-116-1-1-4,n1964,116,1,1,4
mn-116-1-1-5,n1965,116,1,1,5
mn-116-1-1-6,n1966,116,1,1,6
mn-116-1-1-7,n1967,116,1,1,7
mn-116-1-1-8,n1968,116,1,1,8
mn-116-5-2-1,n1969,116,5,2,1
mn-116-5-2-2,n1970,116,5,2,2
mn-116-5-2-3,n1971,116,5,2,3
mn-116-5-2-4,n1972,116,5,2,4
mn-116-5-2-5,n1973,116,5,2,5
mn-116-5-2-6,n1974,116,5,2,6
mn-116-5-2-7,n1975,116,5,2,7
mn-116-5-2-8,n1976,116,5,2,8
mn-117-1-1-1,n1977,117,1,1,1
mn-117-1-1-2,n1978,117,1,1,2
mn-117-1-1-3,n1979,117,1,1,3
mn-117-1-1-4,n1980,117,1,1,4
mn-117-1-1-5,n1981,117,1,1,5
mn-117-1-1-6,n1982,117,1,1,6
mn-117-1-1-7,n1983,117,1,1,7
mn-117-1-1-8,n1984,117,1,1,8
mn-117-5-2-1,n1985,117,5,2,1
mn-117-5-2-2,n1986,117,5,2,2
mn-117-5-2-3,n1987,117,5,2,3
mn-117-5-2-4,n1988,117,5,2,4
mn-117-5-2-5,n1989,117,5,2,5
mn-117-5-2-6,n1990,117,5,2,6
mn-117-5-2-7,n1991,117,5,2,7
mn-117-5-2-8,n1992,117,5,2,8
mn-118-1-1-1,n1993,118,1,1,1
mn-118-1-1-2,n1994,118,1,1,2
mn-118-1-1-3,n1995,118,1,1,3
mn-118-1-1-4,n1996,118,1,1,4
mn-118-1-1-5,n1997,118,1,1,5
mn-118-1-1-6,n1998,118,1,1,6
mn-118-1-1-7,n1999,118,1,1,7
mn-118-1-1-8,n2000,118,1,1,8
mn-118-5-2-1,n2001,118,5,2,1
mn-118-5-2-2,n2002,118,5,2,2
mn-118-5-2-3,n2003,118,5,2,3
mn-118-5-2-4,n2004,118,5,2,4
mn-118-5-2-5,n2005,118,5,2,5
mn-118-5-2-6,n2006,118,5,2,6
mn-118-5-2-7,n2007,118,5,2,7
mn-118-5-2-8,n2008,118,5,2,8
mn-119-1-1-1,n2009,119,1,1,1
mn-119-1-1-2,n2010,119,1,1,2
mn-119-1-1-3,n2011,119,1,1,3
mn-119-1-1-4,n2012,119,1,1,4
mn-119-1-1-5,n2013,119,1,1,5
mn-119-1-1-6,n2014,119,1,1,6
mn-119-1-1-7,n2015,119,1,1,7
mn-119-1-1-8,n2016,119,1,1,8
mn-119-1-1-9,n2017,119,1,1,9
mn-119-1-1-10,n2018,119,1,1,10
mn-119-1-1-11,n2019,119,1,1,11
mn-119-1-1-12,n2020,119,1,1,12
mn-119-5-2-1,n2021,119,5,2,1
mn-119-5-2-2,n2022,119,5,2,2
mn-119-5-2-3,n2023,119,5,2,3
mn-120-1-1-1,n2024,120,1,1,1
mn-120-1-1-2,n2025,120,1,1,2
mn-120-1-1-3,n2026,120,1,1,3
mn-120-1-1-4,n2027,120,1,1,4
mn-120-1-1-5,n2028,120,1,1,5
mn-120-1-1-6,n2029,120,1,1,6
mn-120-1-1-7,n2030,120,1,1,7
mn-120-1-1-8,n2031,120,1,1,8
mn-120-1-1-9,n2032,120,1,1,9
mn-120-1-1-10,n2033,120,1,1,10
mn-120-1-1-11,n2034,120,1,1,11
mn-120-1-1-12,n2035,120,1,1,12
mn-120-5-2-1,n2036,120,5,2,1
mn-120-5-2-2,n2037,120,5,2,2
mn-120-5-2-3,n2038,120,5,2,3
mn-121-1-1-1,n2039,121,1,1,1
mn-121-1-1-2,n2040,121,1,1,2
mn-121-1-1-3,n2041,121,1,1,3
mn-121-1-1-4,n2042,121,1,1,4
mn-121-1-1-5,n2043,121,1,1,5
mn-121-1-1-6,n2044,121,1,1,6
mn-121-1-1-7,n2045,121,1,1,7
mn-121-1-1-8,n2046,121,1,1,8
mn-121-1-1-9,n2047,121,1,1,9
mn-121-1-1-10,n2048,121,1,1,10
mn-121-1-1-11,n2049,121,1,1,11
mn-121-1-1-12,n2050,121,1,1,12
mn-121-5-2-1,n2051,121,5,2,1
mn-121-5-2-2,n2052,121,5,2,2
mn-121-5-2-3,n2053,121,5,2,3
mn-121-5-2-4,n2054,121,5,2,4
mn-122-1-1-1,n2055,122,1,1,1
mn-122-1-1-2,n2056,122,1,1,2
mn-122-1-1-3,n2057,122,1,1,3
mn-122-1-1-4,n2058,122,1,1,4
mn-122-1-1-5,n2059,122,1,1,5
mn-122-1-1-6,n2060,122,1,1,6
mn-122-1-1-7,n2061,122,1,1,7
mn-122-1-1-8,n2062,122,1,1,8
mn-122-1-1-9,n2063,122,1,1,9
mn-122-1-1-10,n2064,122,1,1,10
mn-122-1-1-11,n2065,122,1,1,11
mn-122-1-1-12,n2066,122,1,1,12
mn-122-5-2-1,n2067,122,5,2,1
mn-123-1-1-1,n2068,123,1,1,1
mn-123-1-1-2,n2069,123,1,1,2
mn-123-1-1-3,n2070,123,1,1,3
mn-123-1-1-4,n2071,123,1,1,4
mn-123-1-1-5,n2072,123,1,1,5
mn-123-1-1-6,n2073,123,1,1,6
mn-123-5-2-1,n2074,123,5,2,1
mn-123-5-2-2,n2075,123,5,2,2
mn-123-5-2-3,n2076,123,5,2,3
mn-123-5-2-4,n2077,123,5,2,4
mn-123-5-2-5,n2078,123,5,2,5
mn-123-5-2-6,n2079,123,5,2,6
mn-123-6-2-1,n2080,123,6,2,1
mn-124-1-1-1,n2081,124,1,1,1
mn-124-1-1-2,n2082,124,1,1,2
mn-124-1-1-3,n2083,124,1,1,3
mn-124-1-1-4,n2084,124,1,1,4
mn-124-1-1-5,n2085,124,1,1,5
mn-124-1-1-6,n2086,124,1,1,6
mn-124-1-1-7,n2087,124,1,1,7
mn-124-1-1-8,n2088,124,1,1,8
mn-124-5-2-1,n2089,124,5,2,1
mn-124-5-2-2,n2090,124,5,2,2
mn-124-5-2-3,n2091,124,5,2,3
mn-124-5-2-4,n2092,124,5,2,4
mn-124-5-2-5,n2093,124,5,2,5
mn-124-6-2-1,n2094,124,6,2,1
mn-124-6-2-2,n2095,124,6,2,2
mn-124-6-2-3,n2096,124,6,2,3
mn-125-1-1-1,n2097,125,1,1,1
mn-125-1-1-2,n2098,125,1,1,2
mn-125-1-1-3,n2099,125,1,1,3
mn-125-1-1-4,n2100,125,1,1,4
mn-125-1-1-5,n2101,125,1,1,5
mn-125-1-1-6,n2102,125,1,1,6
mn-125-5-2-1,n2103,125,5,2,1
mn-125-5-2-2,n2104,125,5,2,2
mn-125-5-2-3,n2105,125,5,2,3
mn-125-5-2-4,n2106,125,5,2,4
mn-125-5-2-5,n2107,125,5,2,5
mn-125-5-2-6,n2108,125,5,2,6
mn-125-6-2-1,n2109,125,6,2,1
mn-126-1-1-1,n2110,126,1,1,1
mn-126-1-1-2,n2111,126,1,1,2
mn-126-1-1-3,n2112,126,1,1,3
mn-126-1-1-4,n2113,126,1,1,4
mn-126-5-2-1,n2114,126,5,2,1
mn-126-5-2-2,n2115,126,5,2,2
mn-126-5-2-3,n2116,126,5,2,3
mn-126-5-2-4,n2117,126,5,2,4
mn-126-5-2-5,n2118,126,5,2,5
mn-126-5-2-6,n2119,126,5,2,6
mn-126-6-2-1,n2120,126,6,2,1
mn-126-6-2-2,n2121,126,6,2,2
mn-127-1-1-1,n2122,127,1,1,1
mn-127-1-1-2,n2123,127,1,1,2
mn-127-1-1-3,n2124,127,1,1,3
mn-127-1-1-4,n2125,127,1,1,4
mn-127-5-2-1,n2126,127,5,2,1
mn-127-5-2-2,n2127,127,5,2,2
mn-127-5-2-3,n2128,127,5,2,3
mn-127-5-2-4,n2129,127,5,2,4
mn-127-5-2-5,n2130,127,5,2,5
mn-127-5-2-6,n2131,127,5,2,6
mn-127-6-2-1,n2132,127,6,2,1
mn-127-6-2-2,n2133,127,6,2,2
mn-128-1-1-1,n2134,128,1,1,1
mn-128-1-1-2,n2135,128,1,1,2
mn-128-1-1-3,n2136,128,1,1,3
mn-128-1-1-4,n2137,128,1,1,4
mn-128-1-1-5,n2138,128,1,1,5
mn-128-1-1-6,n2139,128,1,1,6
mn-128-1-1-7,n2140,128,1,1,7
mn-128-1-1-8,n2141,128,1,1,8
mn-128-1-1-9,n2142,128,1,1,9
mn-128-1-1-10,n2143,128,1,1,10
mn-128-1-1-11,n2144,128,1,1,11
mn-128-1-1-12,n2145,128,1,1,12
mn-128-5-2-1,n2146,128,5,2,1
mn-128-5-2-2,n2147,128,5,2,2
mn-128-5-2-3,n2148,128,5,2,3
mn-128-5-2-4,n2149,128,5,2,4
mn-128-5-2-5,n2150,128,5,2,5
mn-128-5-2-6,n2151,128,5,2,6
mn-128-6-2-1,n2152,128,6,2,1
mn-129-1-1-1,n2153,129,1,1,1
mn-129-1-1-2,n2154,129,1,1,2
mn-129-1-1-3,n2155,129,1,1,3
mn-129-1-1-4,n2156,129,1,1,4
mn-129-5-2-1,n2157,129,5,2,1
mn-129-5-2-2,n2158,129,5,2,2
mn-129-5-2-3,n2159,129,5,2,3
mn-129-5-2-4,n2160,129,5,2,4
mn-129-5-2-5,n2161,129,5,2,5
mn-129-5-2-6,n2162,129,5,2,6
mn-129-6-2-1,n2163,129,6,2,1
mn-130-1-1-1,n2164,130,1,1,1
mn-130-1-1-2,n2165,130,1,1,2
mn-130-1-1-3,n2166,130,1,1,3
mn-130-1-1-4,n2167,130,1,1,4
mn-130-1-1-5,n2168,130,1,1,5
mn-130-1-1-6,n2169,130,1,1,6
mn-130-1-1-7,n2170,130,1,1,7
mn-130-1-1-8,n2171,130,1,1,8
mn-130-1-1-9,n2172,130,1,1,9
mn-130-1-1-10,n2173,130,1,1,10
mn-130-1-1-11,n2174,130,1,1,11
mn-130-1-1-12,n2175,130,1,1,12
mn-130-5-2-1,n2176,130,5,2,1
mn-130-5-2-2,n2177,130,5,2,2
mn-130-5-2-3,n2178,130,5,2,3
mn-130-6-2-1,n2179,130,6,2,1
mn-130-6-2-2,n2180,130,6,2,2
mn-130-6-2-3,n2181,130,6,2,3
mn-131-1-1-1,n2182,131,1,1,1
mn-131-1-1-2,n2183,131,1,1,2
mn-131-1-1-3,n2184,131,1,1,3
mn-131-1-1-4,n2185,131,1,1,4
mn-131-1-1-5,n2186,131,1,1,5
mn-131-1-1-6,n2187,131,1,1,6
mn-131-5-2-1,n2188,131,5,2,1
mn-131-5-2-2,n2189,131,5,2,2
mn-131-5-2-3,n2190,131,5,2,3
mn-131-5-2-4,n2191,131,5,2,4
mn-131-5-2-5,n2192,131,5,2,5
mn-131-5-2-6,n2193,131,5,2,6
mn-131-6-2-1,n2194,131,6,2,1
mn-132-1-1-1,n2195,132,1,1,1
mn-132-1-1-2,n2196,132,1,1,2
mn-132-1-1-3,n2197,132,1,1,3
mn-132-1-1-4,n2198,132,1,1,4
mn-132-1-1-5,n2199,132,1,1,5
mn-132-1-1-6,n2200,132,1,1,6
mn-132-1-1-7,n2201,132,1,1,7
mn-132-1-1-8,n2202,132,1,1,8
mn-132-5-2-1,n2203,132,5,2,1
mn-132-5-2-2,n2204,132,5,2,2
mn-132-5-2-3,n2205,132,5,2,3
mn-132-5-2-4,n2206,132,5,2,4
mn-132-5-2-5,n2207,132,5,2,5
mn-132-6-2-1,n2208,132,6,2,1
mn-132-6-2-2,n2209,132,6,2,2
mn-132-6-2-3,n2210,132,6,2,3
mn-133-1-1-1,n2211,133,1,1,1
mn-133-1-1-2,n2212,133,1,1,2
mn-133-1-1-3,n2213,133,1,1,3
mn-133-1-1-4,n2214,133,1,1,4
mn-133-1-1-5,n2215,133,1,1,5
mn-133-1-1-6,n2216,133,1,1,6
mn-133-5-2-1,n2217,133,5,2,1
mn-133-5-2-2,n2218,133,5,2,2
mn-133-5-2-3,n2219,133,5,2,3
mn-133-5-2-4,n2220,133,5,2,4
mn-133-5-2-5,n2221,133,5,2,5
mn-133-5-2-6,n2222,133,5,2,6
mn-133-6-2-1,n2223,133,6,2,1
mn-133-6-2-2,n2224,133,6,2,2
mn-134-1-1-1,n2225,134,1,1,1
mn-134-1-1-2,n2226,134,1,1,2
mn-134-1-1-3,n2227,134,1,1,3
mn-134-1-1-4,n2228,134,1,1,4
mn-134-5-2-1,n2229,134,5,2,1
mn-134-5-2-2,n2230,134,5,2,2
mn-134-5-2-3,n2231,134,5,2,3
mn-134-5-2-4,n2232,134,5,2,4
mn-134-5-2-5,n2233,134,5,2,5
mn-134-5-2-6,n2234,134,5,2,6
mn-134-6-2-1,n2235,134,6,2,1
mn-134-6-2-2,n2236,134,6,2,2
mn-135-1-1-1,n2237,135,1,1,1
mn-135-1-1-2,n2238,135,1,1,2
mn-135-1-1-3,n2239,135,1,1,3
mn-135-1-1-4,n2240,135,1,1,4
mn-135-1-1-5,n2241,135,1,1,5
mn-135-1-1-6,n2242,135,1,1,6
mn-135-1-1-7,n2243,135,1,1,7
mn-135-5-2-1,n2244,135,5,2,1
mn-135-5-2-2,n2245,135,5,2,2
mn-135-5-2-3,n2246,135,5,2,3
mn-135-5-2-4,n2247,135,5,2,4
mn-135-5-2-5,n2248,135,5,2,5
mn-135-5-2-6,n2249,135,5,2,6
mn-135-6-2-1,n2250,135,6,2,1
mn-135-6-2-2,n2251,135,6,2,2
mn-136-1-1-1,n2252,136,1,1,1
mn-136-1-1-2,n2253,136,1,1,2
mn-136-1-1-3,n2254,136,1,1,3
mn-136-1-1-4,n2255,136,1,1,4
mn-136-1-1-5,n2256,136,1,1,5
mn-136-1-1-6,n2257,136,1,1,6
mn-136-1-1-7,n2258,136,1,1,7
mn-136-1-1-8,n2259,136,1,1,8
mn-136-1-1-9,n2260,136,1,1,9
mn-136-1-1-10,n2261,136,1,1,10
mn-136-1-1-11,n2262,136,1,1,11
mn-136-1-1-12,n2263,136,1,1,12
mn-136-5-2-1,n2264,136,5,2,1
mn-136-5-2-2,n2265,136,5,2,2
mn-136-5-2-3,n2266,136,5,2,3
mn-136-5-2-4,n2267,136,5,2,4
mn-136-5-2-5,n2268,136,5,2,5
mn-136-5-2-6,n2269,136,5,2,6
mn-136-6-2-1,n2270,136,6,2,1
mn-136-6-2-2,n2271,136,6,2,2
mn-137-1-1-1,n2272,137,1,1,1
mn-137-1-1-2,n2273,137,1,1,2
mn-137-1-1-3,n2274,137,1,1,3
mn-137-1-1-4,n2275,137,1,1,4
mn-137-1-1-5,n2276,137,1,1,5
mn-137-1-1-6,n2277,137,1,1,6
mn-137-5-2-1,n2278,137,5,2,1
mn-137-5-2-2,n2279,137,5,2,2
mn-137-5-2-3,n2280,137,5,2,3
mn-137-5-2-4,n2281,137,5,2,4
mn-137-5-2-5,n2282,137,5,2,5
mn-137-5-2-6,n2283,137,5,2,6
mn-137-6-2-1,n2284,137,6,2,1
mn-137-6-2-2,n2285,137,6,2,2
mn-137-6-2-3,n2286,137,6,2,3
mn-138-1-1-1,n2287,138,1,1,1
mn-138-1-1-2,n2288,138,1,1,2
mn-138-1-1-3,n2289,138,1,1,3
mn-138-1-1-4,n2290,138,1,1,4
mn-138-5-2-1,n2291,138,5,2,1
mn-138-5-2-2,n2292,138,5,2,2
mn-138-5-2-3,n2293,138,5,2,3
mn-138-5-2-4,n2294,138,5,2,4
mn-138-5-2-5,n2295,138,5,2,5
mn-138-5-2-6,n2296,138,5,2,6
mn-138-6-2-1,n2297,138,6,2,1
mn-138-6-2-2,n2298,138,6,2,2
mn-139-1-1-1,n2299,139,1,1,1
mn-139-1-1-2,n2300,139,1,1,2
mn-139-1-1-3,n2301,139,1,1,3
mn-139-1-1-4,n2302,139,1,1,4
mn-139-1-1-5,n2303,139,1,1,5
mn-139-1-1-6,n2304,139,1,1,6
mn-139-1-1-7,n2305,139,1,1,7
mn-139-5-2-1,n2306,139,5,2,1
mn-139-5-2-2,n2307,139,5,2,2
mn-139-5-2-3,n2308,139,5,2,3
mn-139-5-2-4,n2309,139,5,2,4
mn-139-5-2-5,n2310,139,5,2,5
mn-139-5-2-6,n2311,139,5,2,6
mn-139-6-2-1,n2312,139,6,2,1
mn-139-6-2-2,n2313,139,6,2,2
mn-140-1-1-1,n2314,140,1,1,1
mn-140-1-1-2,n2315,140,1,1,2
mn-140-1-1-3,n2316,140,1,1,3
mn-140-1-1-4,n2317,140,1,1,4
mn-140-1-1-5,n2318,140,1,1,5
mn-140-1-1-6,n2319,140,1,1,6
mn-140-1-1-7,n2320,140,1,1,7
mn-140-1-1-8,n2321,140,1,1,8
mn-140-1-1-9,n2322,140,1,1,9
mn-140-1-1-10,n2323,140,1,1,10
mn-140-1-1-11,n2324,140,1,1,11
mn-140-1-1-12,n2325,140,1,1,12
mn-140-5-2-1,n2326,140,5,2,1
mn-140-5-2-2,n2327,140,5,2,2
mn-140-5-2-3,n2328,140,5,2,3
mn-140-5-2-4,n2329,140,5,2,4
mn-140-5-2-5,n2330,140,5,2,5
mn-140-5-2-6,n2331,140,5,2,6
mn-140-6-2-1,n2332,140,6,2,1
mn-140-6-2-2,n2333,140,6,2,2
mn-141-1-1-1,n2334,141,1,1,1
mn-141-1-1-2,n2335,141,1,1,2
mn-141-1-1-3,n2336,141,1,1,3
mn-141-1-1-4,n2337,141,1,1,4
mn-141-1-1-5,n2338,141,1,1,5
mn-141-1-1-6,n2339,141,1,1,6
mn-141-1-1-7,n2340,141,1,1,7
mn-141-1-1-8,n2341,141,1,1,8
mn-141-1-1-9,n2342,141,1,1,9
mn-141-1-1-10,n2343,141,1,1,10
mn-141-1-1-11,n2344,141,1,1,11
mn-141-1-1-12,n2345,141,1,1,12
mn-141-5-2-1,n2346,141,5,2,1
mn-141-5-2-2,n2347,141,5,2,2
mn-141-5-2-3,n2348,141,5,2,3
mn-141-5-2-4,n2349,141,5,2,4
mn-142-1-1-1,n2350,142,1,1,1
mn-142-1-1-2,n2351,142,1,1,2
mn-142-1-1-3,n2352,142,1,1,3
mn-142-1-1-4,n2353,142,1,1,4
mn-142-1-1-5,n2354,142,1,1,5
mn-142-1-1-6,n2355,142,1,1,6
mn-142-1-1-7,n2356,142,1,1,7
mn-142-1-1-8,n2357,142,1,1,8
mn-142-5-2-1,n2358,142,5,2,1
mn-142-5-2-2,n2359,142,5,2,2
mn-142-5-2-3,n2360,142,5,2,3
mn-142-5-2-4,n2361,142,5,2,4
mn-142-5-2-5,n2362,142,5,2,5
mn-142-5-2-6,n2363,142,5,2,6
mn-142-5-2-7,n2364,142,5,2,7
mn-142-5-2-8,n2365,142,5,2,8
mn-142-5-2-9,n2366,142,5,2,9
mn-142-5-2-10,n2367,142,5,2,10
mn-142-5-2-11,n2368,142,5,2,11
mn-142-5-2-12,n2369,142,5,2,12
mn-142-6-2-1,n2370,142,6,2,1
mn-142-6-2-2,n2371,142,6,2,2
mn-142-6-2-3,n2372,142,6,2,3
mn-142-6-2-4,n2373,142,6,2,4
mn-142-6-2-5,n2374,142,6,2,5
mn-142-6-2-6,n2375,142,6,2,6
mn-142-6-2-7,n2376,142,6,2,7
mn-142-6-2-8,n2377,142,6,2,8
mn-143-1-1-1,n2378,143,1,1,1
mn-143-1-1-2,n2379,143,1,1,2
mn-143-1-1-3,n2380,143,1,1,3
mn-143-1-1-4,n2381,143,1,1,4
mn-143-1-1-5,n2382,143,1,1,5
mn-143-1-1-6,n2383,143,1,1,6
mn-143-1-1-7,n2384,143,1,1,7
mn-143-1-1-8,n2385,143,1,1,8
mn-143-5-2-1,n2386,143,5,2,1
mn-143-5-2-2,n2387,143,5,2,2
mn-143-5-2-3,n2388,143,5,2,3
mn-143-5-2-4,n2389,143,5,2,4
mn-143-5-2-5,n2390,143,5,2,5
mn-143-5-2-6,n2391,143,5,2,6
mn-143-5-2-7,n2392,143,5,2,7
mn-143-5-2-8,n2393,143,5,2,8
mn-143-5-2-9,n2394,143,5,2,9
mn-143-5-2-10,n2395,143,5,2,10
mn-144-1-1-1,n2396,144,1,1,1
mn-144-1-1-2,n2397,144,1,1,2
mn-144-1-1-3,n2398,144,1,1,3
mn-144-1-1-4,n2399,144,1,1,4
mn-144-1-1-5,n2400,144,1,1,5
mn-144-1-1-6,n2401,144,1,1,6
mn-144-1-1-7,n2402,144,1,1,7
mn-144-1-1-8,n2403,144,1,1,8
mn-144-5-2-1,n2404,144,5,2,1
mn-144-5-2-2,n2405,144,5,2,2
mn-144-5-2-3,n2406,144,5,2,3
mn-144-5-2-4,n2407,144,5,2,4
mn-144-5-2-5,n2408,144,5,2,5
mn-144-5-2-6,n2409,144,5,2,6
mn-144-5-2-7,n2410,144,5,2,7
mn-144-5-2-8,n2411,144,5,2,8
mn-144-5-2-9,n2412,144,5,2,9
mn-145-1-1-1,n2413,145,1,1,1
mn-145-1-1-2,n2414,145,1,1,2
mn-145-1-1-3,n2415,145,1,1,3
mn-145-1-1-4,n2416,145,1,1,4
mn-145-1-1-5,n2417,145,1,1,5
mn-145-1-1-6,n2418,145,1,1,6
mn-145-1-1-7,n2419,145,1,1,7
mn-145-1-1-8,n2420,145,1,1,8
mn-145-1-1-9,n2421,145,1,1,9
mn-145-5-2-1,n2422,145,5,2,1
mn-145-5-2-2,n2423,145,5,2,2
mn-145-5-2-3,n2424,145,5,2,3
mn-145-5-2-4,n2425,145,5,2,4
mn-145-5-2-5,n2426,145,5,2,5
mn-145-5-2-6,n2427,145,5,2,6
mn-145-5-2-7,n2428,145,5,2,7
mn-145-5-2-8,n2429,145,5,2,8
mn-145-5-2-9,n2430,145,5,2,9
mn-146-1-1-1,n2431,146,1,1,1
mn-146-2-1-1,n2432,146,2,1,1
mn-146-2-1-2,n2433,146,2,1,2
mn-146-3-1-1,n2434,146,3,1,1
mn-146-3-1-2,n2435,146,3,1,2
mn-146-5-2-1,n2436,146,5,2,1
mn-146-5-2-2,n2437,146,5,2,2
mn-146-5-2-3,n2438,146,5,2,3
mn-147-1-1-1,n2439,147,1,1,1
mn-147-1-1-2,n2440,147,1,1,2
mn-147-1-1-3,n2441,147,1,1,3
mn-147-1-1-4,n2442,147,1,1,4
mn-147-1-1-5,n2443,147,1,1,5
mn-147-1-1-6,n2444,147,1,1,6
mn-147-2-1-1,n2445,147,2,1,1
mn-147-2-1-2,n2446,147,2,1,2
mn-147-2-1-3,n2447,147,2,1,3
mn-147-2-1-4,n2448,147,2,1,4
mn-147-5-2-1,n2449,147,5,2,1
mn-147-5-2-2,n2450,147,5,2,2
mn-147-5-2-3,n2451,147,5,2,3
mn-147-5-2-4,n2452,147,5,2,4
mn-147-5-2-5,n2453,147,5,2,5
mn-147-5-2-6,n2454,147,5,2,6
mn-147-5-2-7,n2455,147,5,2,7
mn-148-1-1-1,n2456,148,1,1,1
mn-148-5-2-1,n2457,148,5,2,1
mn-148-5-2-2,n2458,148,5,2,2
mn-148-5-2-3,n2459,148,5,2,3
mn-148-5-2-4,n2460,148,5,2,4
mn-148-5-2-5,n2461,148,5,2,5
mn-148-5-2-6,n2462,148,5,2,6
mn-148-5-2-7,n2463,148,5,2,7
mn-148-5-2-8,n2464,148,5,2,8
mn-148-5-2-9,n2465,148,5,2,9
mn-148-5-2-10,n2466,148,5,2,10
mn-148-5-2-11,n2467,148,5,2,11
mn-148-5-2-12,n2468,148,5,2,12
mn-149-1-1-1,n2469,149,1,1,1
mn-149-1-1-2,n2470,149,1,1,2
mn-149-1-1-3,n2471,149,1,1,3
mn-149-1-1-4,n2472,149,1,1,4
mn-149-1-1-5,n2473,149,1,1,5
mn-149-1-1-6,n2474,149,1,1,6
mn-149-1-1-7,n2475,149,1,1,7
mn-149-1-1-8,n2476,149,1,1,8
mn-149-5-2-1,n2477,149,5,2,1
mn-149-5-2-2,n2478,149,5,2,2
mn-149-5-2-3,n2479,149,5,2,3
mn-149-5-2-4,n2480,149,5,2,4
mn-149-5-2-5,n2481,149,5,2,5
mn-149-5-2-6,n2482,149,5,2,6
mn-149-5-2-7,n2483,149,5,2,7
mn-149-5-2-8,n2484,149,5,2,8
mn-149-5-2-9,n2485,149,5,2,9
mn-149-5-2-10,n2486,149,5,2,10
mn-149-5-2-11,n2487,149,5,2,11
mn-149-5-2-12,n2488,149,5,2,12
mn-149-6-2-1,n2489,149,6,2,1
mn-149-6-2-2,n2490,149,6,2,2
mn-149-6-2-3,n2491,149,6,2,3
mn-149-6-2-4,n2492,149,6,2,4
mn-149-6-2-5,n2493,149,6,2,5
mn-149-6-2-6,n2494,149,6,2,6
mn-149-6-2-7,n2495,149,6,2,7
mn-149-6-2-8,n2496,149,6,2,8
mn-150-1-2-1,n2497,150,1,2,1
mn-150-1-2-2,n2498,150,1,2,2
mn-150-1-2-3,n2499,150,1,2,3
mn-150-1-1-1,n2500,150,1,1,1
mn-150-1-1-2,n2501,150,1,1,2
mn-150-1-1-3,n2502,150,1,1,3
mn-150-1-1-4,n2503,150,1,1,4
mn-150-1-1-5,n2504,150,1,1,5
mn-150-5-2-1,n2505,150,5,2,1
mn-150-5-2-2,n2506,150,5,2,2
mn-150-5-2-3,n2507,150,5,2,3
mn-150-5-2-4,n2508,150,5,2,4
mn-150-5-2-5,n2509,150,5,2,5
mn-150-5-2-6,n2510,150,5,2,6
mn-150-5-2-7,n2511,150,5,2,7
mn-150-5-2-8,n2512,150,5,2,8
mn-150-5-2-9,n2513,150,5,2,9
mn-151-1-2-1,n2514,151,1,2,1
mn-151-1-2-2,n2515,151,1,2,2
mn-151-1-2-3,n2516,151,1,2,3
mn-151-1-1-1,n2517,151,1,1,1
mn-151-1-1-2,n2518,151,1,1,2
mn-151-1-1-3,n2519,151,1,1,3
mn-151-1-1-4,n2520,151,1,1,4
mn-151-1-1-5,n2521,151,1,1,5
mn-151-5-2-1,n2522,151,5,2,1
mn-151-5-2-2,n2523,151,5,2,2
mn-151-5-2-3,n2524,151,5,2,3
mn-151-5-2-4,n2525,151,5,2,4
mn-151-5-2-5,n2526,151,5,2,5
mn-151-5-2-6,n2527,151,5,2,6
mn-151-5-2-7,n2528,151,5,2,7
mn-151-5-2-8,n2529,151,5,2,8
mn-151-5-2-9,n2530,151,5,2,9
mn-152-1-2-1,n2531,152,1,2,1
mn-152-1-2-2,n2532,152,1,2,2
mn-152-1-1-1,n2533,152,1,1,1
mn-152-1-1-2,n2534,152,1,1,2
mn-152-1-1-3,n2535,152,1,1,3
mn-152-1-1-4,n2536,152,1,1,4
mn-152-1-1-5,n2537,152,1,1,5
mn-152-1-1-6,n2538,152,1,1,6
mn-152-1-1-7,n2539,152,1,1,7
mn-152-5-2-1,n2540,152,5,2,1
mn-152-5-2-2,n2541,152,5,2,2
mn-152-5-2-3,n2542,152,5,2,3
mn-152-5-2-4,n2543,152,5,2,4
mn-152-5-2-5,n2544,152,5,2,5
mn-152-5-2-6,n2545,152,5,2,6
mn-152-5-2-7,n2546,152,5,2,7
mn-152-5-2-8,n2547,152,5,2,8
mn-152-5-2-9,n2548,152,5,2,9
mn-153-1-1-1,n2549,153,1,1,1
mn-153-2-1-1,n2550,153,2,1,1
mn-153-3-1-1,n2551,153,3,1,1
mn-153-3-1-2,n2552,153,3,1,2
mn-153-3-1-3,n2553,153,3,1,3
mn-153-5-2-1,n2554,153,5,2,1
mn-154-1-1-1,n2555,154,1,1,1
mn-154-2-1-1,n2556,154,2,1,1
mn-154-2-1-2,n2557,154,2,1,2
mn-154-2-1-3,n2558,154,2,1,3
mn-154-2-1-4,n2559,154,2,1,4
mn-154-5-2-1,n2560,154,5,2,1
mn-154-5-2-2,n2561,154,5,2,2
mn-154-5-2-3,n2562,154,5,2,3
mn-154-5-2-4,n2563,154,5,2,4
mn-154-5-2-5,n2564,154,5,2,5
mn-154-6-2-1,n2565,154,6,2,1
mn-154-6-2-2,n2566,154,6,2,2
mn-154-6-2-3,n2567,154,6,2,3
mn-154-6-2-4,n2568,154,6,2,4
mn-155-1-1-1,n2569,155,1,1,1
mn-155-1-1-2,n2570,155,1,1,2
mn-155-1-1-3,n2571,155,1,1,3
mn-155-1-1-4,n2572,155,1,1,4
mn-155-1-1-5,n2573,155,1,1,5
mn-155-1-1-6,n2574,155,1,1,6
mn-155-2-1-1,n2575,155,2,1,1
mn-155-2-1-2,n2576,155,2,1,2
mn-155-2-1-3,n2577,155,2,1,3
mn-155-2-1-4,n2578,155,2,1,4
mn-155-5-2-1,n2579,155,5,2,1
mn-155-5-2-2,n2580,155,5,2,2
mn-155-5-2-3,n2581,155,5,2,3
mn-155-5-2-4,n2582,155,5,2,4
mn-155-5-2-5,n2583,155,5,2,5
mn-155-5-2-6,n2584,155,5,2,6
mn-155-5-2-7,n2585,155,5,2,7
mn-156-1-1-1,n2586,156,1,1,1
mn-156-5-2-1,n2587,156,5,2,1
mn-157-1-1-1,n2588,157,1,1,1
mn-157-1-1-2,n2589,157,1,1,2
mn-157-1-1-3,n2590,157,1,1,3
mn-157-1-1-4,n2591,157,1,1,4
mn-157-1-1-5,n2592,157,1,1,5
mn-157-2-1-1,n2593,157,2,1,1
mn-157-2-1-2,n2594,157,2,1,2
mn-157-5-2-1,n2595,157,5,2,1
mn-157-5-2-2,n2596,157,5,2,2
mn-157-5-2-3,n2597,157,5,2,3
mn-157-5-2-4,n2598,157,5,2,4
mn-157-6-2-1,n2599,157,6,2,1
mn-157-6-2-2,n2600,157,6,2,2
mn-158-1-1-1,n2601,158,1,1,1
mn-158-1-1-2,n2602,158,1,1,2
mn-158-1-1-3,n2603,158,1,1,3
mn-158-1-1-4,n2604,158,1,1,4
mn-158-2-1-1,n2605,158,2,1,1
mn-158-2-1-2,n2606,158,2,1,2
mn-158-2-1-3,n2607,158,2,1,3
mn-158-2-1-4,n2608,158,2,1,4
mn-158-2-1-5,n2609,158,2,1,5
mn-158-5-2-1,n2610,158,5,2,1
mn-158-5-2-2,n2611,158,5,2,2
mn-158-5-2-3,n2612,158,5,2,3
mn-158-5-2-4,n2613,158,5,2,4
mn-158-5-2-5,n2614,158,5,2,5
mn-158-5-2-6,n2615,158,5,2,6
mn-158-5-2-7,n2616,158,5,2,7
mn-158-5-2-8,n2617,158,5,2,8
mn-158-5-2-9,n2618,158,5,2,9
mn-159-1-1-1,n2619,159,1,1,1
mn-159-2-1-1,n2620,159,2,1,1
mn-159-2-1-2,n2621,159,2,1,2
mn-159-5-2-1,n2622,159,5,2,1
mn-159-5-2-2,n2623,159,5,2,2
mn-159-5-2-3,n2624,159,5,2,3
mn-160-1-1-1,n2625,160,1,1,1
mn-160-1-1-2,n2626,160,1,1,2
mn-160-1-1-3,n2627,160,1,1,3
mn-160-1-1-4,n2628,160,1,1,4
mn-160-2-1-1,n2629,160,2,1,1
mn-160-2-1-2,n2630,160,2,1,2
mn-160-2-1-3,n2631,160,2,1,3
mn-160-2-1-4,n2632,160,2,1,4
mn-160-2-1-5,n2633,160,2,1,5
mn-160-5-2-1,n2634,160,5,2,1
mn-160-5-2-2,n2635,160,5,2,2
mn-160-5-2-3,n2636,160,5,2,3
mn-160-5-2-4,n2637,160,5,2,4
mn-160-5-2-5,n2638,160,5,2,5
mn-160-5-2-6,n2639,160,5,2,6
mn-160-5-2-7,n2640,160,5,2,7
mn-160-5-2-8,n2641,160,5,2,8
mn-161-1-1-1,n2642,161,1,1,1
mn-161-1-1-2,n2643,161,1,1,2
mn-161-1-1-3,n2644,161,1,1,3
mn-161-1-1-4,n2645,161,1,1,4
mn-161-1-1-5,n2646,161,1,1,5
mn-161-2-1-1,n2647,161,2,1,1
mn-161-2-1-2,n2648,161,2,1,2
mn-161-5-2-1,n2649,161,5,2,1
mn-161-5-2-2,n2650,161,5,2,2
mn-161-5-2-3,n2651,161,5,2,3
mn-161-5-2-4,n2652,161,5,2,4
mn-161-6-2-1,n2653,161,6,2,1
mn-161-6-2-2,n2654,161,6,2,2
mn-162-1-1-1,n2655,162,1,1,1
mn-162-1-1-2,n2656,162,1,1,2
mn-162-1-1-3,n2657,162,1,1,3
mn-162-1-1-4,n2658,162,1,1,4
mn-162-2-1-1,n2659,162,2,1,1
mn-162-2-1-2,n2660,162,2,1,2
mn-162-2-1-3,n2661,162,2,1,3
mn-162-2-1-4,n2662,162,2,1,4
mn-162-5-2-1,n2663,162,5,2,1
mn-162-5-2-2,n2664,162,5,2,2
mn-162-5-2-3,n2665,162,5,2,3
mn-162-5-2-4,n2666,162,5,2,4
mn-162-5-2-5,n2667,162,5,2,5
mn-162-5-2-6,n2668,162,5,2,6
mn-162-5-2-7,n2669,162,5,2,7
mn-162-5-2-8,n2670,162,5,2,8
mn-162-5-2-9,n2671,162,5,2,9
mn-163-1-1-1,n2672,163,1,1,1
mn-163-1-1-2,n2673,163,1,1,2
mn-163-1-1-3,n2674,163,1,1,3
mn-163-1-1-4,n2675,163,1,1,4
mn-163-1-1-5,n2676,163,1,1,5
mn-163-2-1-1,n2677,163,2,1,1
mn-163-2-1-2,n2678,163,2,1,2
mn-163-2-1-3,n2679,163,2,1,3
mn-163-5-2-1,n2680,163,5,2,1
mn-163-5-2-2,n2681,163,5,2,2
mn-164-1-1-1,n2682,164,1,1,1
mn-164-1-1-2,n2683,164,1,1,2
mn-164-1-1-3,n2684,164,1,1,3
mn-164-1-1-4,n2685,164,1,1,4
mn-164-2-1-1,n2686,164,2,1,1
mn-164-2-1-2,n2687,164,2,1,2
mn-164-2-1-3,n2688,164,2,1,3
mn-164-2-1-4,n2689,164,2,1,4
mn-164-5-2-1,n2690,164,5,2,1
mn-164-5-2-2,n2691,164,5,2,2
mn-164-5-2-3,n2692,164,5,2,3
mn-164-5-2-4,n2693,164,5,2,4
mn-165-1-1-1,n2694,165,1,1,1
mn-165-1-1-2,n2695,165,1,1,2
mn-165-1-1-3,n2696,165,1,1,3
mn-165-1-1-4,n2697,165,1,1,4
mn-165-1-1-5,n2698,165,1,1,5
mn-165-2-1-1,n2699,165,2,1,1
mn-165-2-1-2,n2700,165,2,1,2
mn-165-5-2-1,n2701,165,5,2,1
mn-165-5-2-2,n2702,165,5,2,2
mn-165-5-2-3,n2703,165,5,2,3
mn-165-5-2-4,n2704,165,5,2,4
mn-166-1-1-1,n2705,166,1,1,1
mn-166-1-1-2,n2706,166,1,1,2
mn-166-1-1-3,n2707,166,1,1,3
mn-166-1-1-4,n2708,166,1,1,4
mn-166-1-1-5,n2709,166,1,1,5
mn-166-5-2-1,n2710,166,5,2,1
mn-166-5-2-2,n2711,166,5,2,2
mn-166-5-2-3,n2712,166,5,2,3
mn-166-5-2-4,n2713,166,5,2,4
mn-166-5-2-5,n2714,166,5,2,5
mn-166-5-2-6,n2715,166,5,2,6
mn-166-5-2-7,n2716,166,5,2,7
mn-166-5-2-8,n2717,166,5,2,8
mn-166-5-2-9,n2718,166,5,2,9
mn-166-5-2-10,n2719,166,5,2,10
mn-167-1-1-1,n2720,167,1,1,1
mn-167-1-1-2,n2721,167,1,1,2
mn-167-1-1-3,n2722,167,1,1,3
mn-167-1-1-4,n2723,167,1,1,4
mn-167-5-2-1,n2724,167,5,2,1
mn-167-5-2-2,n2725,167,5,2,2
mn-167-5-2-3,n2726,167,5,2,3
mn-167-5-2-4,n2727,167,5,2,4
mn-167-5-2-5,n2728,167,5,2,5
mn-167-5-2-6,n2729,167,5,2,6
mn-167-5-2-7,n2730,167,5,2,7
mn-167-5-2-8,n2731,167,5,2,8
mn-167-5-2-9,n2732,167,5,2,9
mn-167-5-2-10,n2733,167,5,2,10
mn-168-1-1-1,n2734,168,1,1,1
mn-168-5-2-1,n2735,168,5,2,1
mn-168-5-2-2,n2736,168,5,2,2
mn-168-5-2-3,n2737,168,5,2,3
mn-168-5-2-4,n2738,168,5,2,4
mn-168-5-2-5,n2739,168,5,2,5
mn-168-5-2-6,n2740,168,5,2,6
mn-168-5-2-7,n2741,168,5,2,7
mn-168-5-2-8,n2742,168,5,2,8
mn-168-5-2-9,n2743,168,5,2,9
mn-168-5-2-10,n2744,168,5,2,10
mn-169-1-1-1,n2745,169,1,1,1
mn-169-1-1-2,n2746,169,1,1,2
mn-169-1-1-3,n2747,169,1,1,3
mn-169-1-1-4,n2748,169,1,1,4
mn-169-5-2-1,n2749,169,5,2,1
mn-169-5-2-2,n2750,169,5,2,2
mn-169-5-2-3,n2751,169,5,2,3
mn-169-5-2-4,n2752,169,5,2,4
mn-169-5-2-5,n2753,169,5,2,5
mn-169-5-2-6,n2754,169,5,2,6
mn-169-5-2-7,n2755,169,5,2,7
mn-169-5-2-8,n2756,169,5,2,8
mn-169-5-2-9,n2757,169,5,2,9
mn-169-5-2-10,n2758,169,5,2,10
mn-170-1-1-1,n2759,170,1,1,1
mn-170-1-1-2,n2760,170,1,1,2
mn-170-1-1-3,n2761,170,1,1,3
mn-170-1-1-4,n2762,170,1,1,4
mn-170-1-1-5,n2763,170,1,1,5
mn-170-5-2-1,n2764,170,5,2,1
mn-170-5-2-2,n2765,170,5,2,2
mn-170-5-2-3,n2766,170,5,2,3
mn-170-5-2-4,n2767,170,5,2,4
mn-170-5-2-5,n2768,170,5,2,5
mn-170-5-2-6,n2769,170,5,2,6
mn-170-5-2-7,n2770,170,5,2,7
mn-170-5-2-8,n2771,170,5,2,8
mn-170-5-2-9,n2772,170,5,2,9
mn-170-5-2-10,n2773,170,5,2,10
mn-171-1-1-1,n2774,171,1,1,1
mn-171-1-1-2,n2775,171,1,1,2
mn-171-1-1-3,n2776,171,1,1,3
mn-171-1-1-4,n2777,171,1,1,4
mn-171-1-1-5,n2778,171,1,1,5
mn-171-5-2-1,n2779,171,5,2,1
mn-171-5-2-2,n2780,171,5,2,2
mn-171-5-2-3,n2781,171,5,2,3
mn-171-5-2-4,n2782,171,5,2,4
mn-171-5-2-5,n2783,171,5,2,5
mn-171-5-2-6,n2784,171,5,2,6
mn-171-5-2-7,n2785,171,5,2,7
mn-171-5-2-8,n2786,171,5,2,8
mn-171-5-2-9,n2787,171,5,2,9
mn-171-5-2-10,n2788,171,5,2,10
mn-172-1-1-1,n2789,172,1,1,1
mn-172-1-1-2,n2790,172,1,1,2
mn-172-1-1-3,n2791,172,1,1,3
mn-172-1-1-4,n2792,172,1,1,4
mn-172-1-1-5,n2793,172,1,1,5
mn-172-5-2-1,n2794,172,5,2,1
mn-172-5-2-2,n2795,172,5,2,2
mn-172-5-2-3,n2796,172,5,2,3
mn-172-5-2-4,n2797,172,5,2,4
mn-172-5-2-5,n2798,172,5,2,5
mn-172-5-2-6,n2799,172,5,2,6
mn-172-5-2-7,n2800,172,5,2,7
mn-172-5-2-8,n2801,172,5,2,8
mn-172-5-2-9,n2802,172,5,2,9
mn-172-5-2-10,n2803,172,5,2,10
mn-173-1-1-1,n2804,173,1,1,1
mn-173-1-1-2,n2805,173,1,1,2
mn-173-1-1-3,n2806,173,1,1,3
mn-173-1-1-4,n2807,173,1,1,4
mn-173-1-1-5,n2808,173,1,1,5
mn-173-5-2-1,n2809,173,5,2,1
mn-173-5-2-2,n2810,173,5,2,2
mn-173-5-2-3,n2811,173,5,2,3
mn-173-5-2-4,n2812,173,5,2,4
mn-173-5-2-5,n2813,173,5,2,5
mn-173-5-2-6,n2814,173,5,2,6
mn-173-5-2-7,n2815,173,5,2,7
mn-173-5-2-8,n2816,173,5,2,8
mn-173-5-2-9,n2817,173,5,2,9
mn-173-5-2-10,n2818,173,5,2,10
mn-174-1-1-1,n2819,174,1,1,1
mn-174-5-2-1,n2820,174,5,2,1
mn-174-5-2-2,n2821,174,5,2,2
mn-174-5-2-3,n2822,174,5,2,3
mn-174-5-2-4,n2823,174,5,2,4
mn-174-5-2-5,n2824,174,5,2,5
mn-174-5-2-6,n2825,174,5,2,6
mn-174-5-2-7,n2826,174,5,2,7
mn-174-5-2-8,n2827,174,5,2,8
mn-174-5-2-9,n2828,174,5,2,9
mn-174-5-2-10,n2829,174,5,2,10
mn-175-1-1-1,n2830,175,1,1,1
mn-175-1-1-2,n2831,175,1,1,2
mn-175-1-1-3,n2832,175,1,1,3
mn-175-1-1-4,n2833,175,1,1,4
mn-175-1-1-5,n2834,175,1,1,5
mn-175-1-1-6,n2835,175,1,1,6
mn-175-1-1-7,n2836,175,1,1,7
mn-175-1-1-8,n2837,175,1,1,8
mn-175-1-1-9,n2838,175,1,1,9
mn-175-1-1-10,n2839,175,1,1,10
mn-175-1-1-11,n2840,175,1,1,11
mn-175-1-1-12,n2841,175,1,1,12
mn-175-5-2-1,n2842,175,5,2,1
mn-175-5-2-2,n2843,175,5,2,2
mn-175-5-2-3,n2844,175,5,2,3
mn-175-5-2-4,n2845,175,5,2,4
mn-175-5-2-5,n2846,175,5,2,5
mn-175-5-2-6,n2847,175,5,2,6
mn-175-5-2-7,n2848,175,5,2,7
mn-175-5-2-8,n2849,175,5,2,8
mn-176-1-1-1,n2850,176,1,1,1
mn-176-1-1-2,n2851,176,1,1,2
mn-176-1-1-3,n2852,176,1,1,3
mn-176-1-1-4,n2853,176,1,1,4
mn-176-1-1-5,n2854,176,1,1,5
mn-176-1-1-6,n2855,176,1,1,6
mn-176-1-1-7,n2856,176,1,1,7
mn-176-1-1-8,n2857,176,1,1,8
mn-176-1-1-9,n2858,176,1,1,9
mn-176-1-1-10,n2859,176,1,1,10
mn-176-1-1-11,n2860,176,1,1,11
mn-176-1-1-12,n2861,176,1,1,12
mn-176-5-2-1,n2862,176,5,2,1
mn-176-5-2-2,n2863,176,5,2,2
mn-176-5-2-3,n2864,176,5,2,3
mn-176-5-2-4,n2865,176,5,2,4
mn-176-5-2-5,n2866,176,5,2,5
mn-176-5-2-6,n2867,176,5,2,6
mn-176-5-2-7,n2868,176,5,2,7
mn-176-5-2-8,n2869,176,5,2,8
mn-177-1-1-1,n2870,177,1,1,1
mn-177-1-1-2,n2871,177,1,1,2
mn-177-1-1-3,n2872,177,1,1,3
mn-177-1-1-4,n2873,177,1,1,4
mn-177-1-1-5,n2874,177,1,1,5
mn-177-1-1-6,n2875,177,1,1,6
mn-177-1-1-7,n2876,177,1,1,7
mn-177-1-1-8,n2877,177,1,1,8
mn-177-1-1-9,n2878,177,1,1,9
mn-177-1-1-10,n2879,177,1,1,10
mn-177-1-1-11,n2880,177,1,1,11
mn-177-1-1-12,n2881,177,1,1,12
mn-177-5-2-1,n2882,177,5,2,1
mn-177-5-2-2,n2883,177,5,2,2
mn-177-5-2-3,n2884,177,5,2,3
mn-177-5-2-4,n2885,177,5,2,4
mn-177-5-2-5,n2886,177,5,2,5
mn-177-5-2-6,n2887,177,5,2,6
mn-177-5-2-7,n2888,177,5,2,7
mn-177-5-2-8,n2889,177,5,2,8
mn-178-1-1-1,n2890,178,1,1,1
mn-178-1-1-2,n2891,178,1,1,2
mn-178-1-1-3,n2892,178,1,1,3
mn-178-1-1-4,n2893,178,1,1,4
mn-178-1-1-5,n2894,178,1,1,5
mn-178-1-1-6,n2895,178,1,1,6
mn-178-1-1-7,n2896,178,1,1,7
mn-178-1-1-8,n2897,178,1,1,8
mn-178-1-1-9,n2898,178,1,1,9
mn-178-1-1-10,n2899,178,1,1,10
mn-178-1-1-11,n2900,178,1,1,11
mn-178-1-1-12,n2901,178,1,1,12
mn-178-1-1-13,n2902,178,1,1,13
mn-178-1-1-14,n2903,178,1,1,14
mn-178-1-1-15,n2904,178,1,1,15
mn-178-5-2-1,n2905,178,5,2,1
mn-178-5-2-2,n2906,178,5,2,2
mn-178-5-2-3,n2907,178,5,2,3
mn-178-5-2-4,n2908,178,5,2,4
mn-178-5-2-5,n2909,178,5,2,5
mn-178-5-2-6,n2910,178,5,2,6
mn-178-5-2-7,n2911,178,5,2,7
mn-178-5-2-8,n2912,178,5,2,8
mn-179-1-1-1,n2913,179,1,1,1
mn-179-1-1-2,n2914,179,1,1,2
mn-179-1-1-3,n2915,179,1,1,3
mn-179-1-1-4,n2916,179,1,1,4
mn-179-1-1-5,n2917,179,1,1,5
mn-179-1-1-6,n2918,179,1,1,6
mn-179-1-1-7,n2919,179,1,1,7
mn-179-1-1-8,n2920,179,1,1,8
mn-179-1-1-9,n2921,179,1,1,9
mn-179-1-1-10,n2922,179,1,1,10
mn-179-1-1-11,n2923,179,1,1,11
mn-179-1-1-12,n2924,179,1,1,12
mn-179-5-2-1,n2925,179,5,2,1
mn-179-5-2-2,n2926,179,5,2,2
mn-179-5-2-3,n2927,179,5,2,3
mn-179-5-2-4,n2928,179,5,2,4
mn-179-5-2-5,n2929,179,5,2,5
mn-179-5-2-6,n2930,179,5,2,6
mn-179-5-2-7,n2931,179,5,2,7
mn-179-5-2-8,n2932,179,5,2,8
mn-180-1-1-1,n2933,180,1,1,1
mn-180-1-1-2,n2934,180,1,1,2
mn-180-1-1-3,n2935,180,1,1,3
mn-180-1-1-4,n2936,180,1,1,4
mn-180-1-1-5,n2937,180,1,1,5
mn-180-1-1-6,n2938,180,1,1,6
mn-180-1-1-7,n2939,180,1,1,7
mn-180-1-1-8,n2940,180,1,1,8
mn-180-1-1-9,n2941,180,1,1,9
mn-180-1-1-10,n2942,180,1,1,10
mn-180-1-1-11,n2943,180,1,1,11
mn-180-1-1-12,n2944,180,1,1,12
mn-180-5-2-1,n2945,180,5,2,1
mn-180-5-2-2,n2946,180,5,2,2
mn-180-5-2-3,n2947,180,5,2,3
mn-180-5-2-4,n2948,180,5,2,4
mn-180-5-2-5,n2949,180,5,2,5
mn-180-5-2-6,n2950,180,5,2,6
mn-180-5-2-7,n2951,180,5,2,7
mn-180-5-2-8,n2952,180,5,2,8
mn-181-1-1-1,n2953,181,1,1,1
mn-181-1-1-2,n2954,181,1,1,2
mn-181-1-1-3,n2955,181,1,1,3
mn-181-1-1-4,n2956,181,1,1,4
mn-181-1-1-5,n2957,181,1,1,5
mn-181-1-1-6,n2958,181,1,1,6
mn-181-1-1-7,n2959,181,1,1,7
mn-181-1-1-8,n2960,181,1,1,8
mn-181-1-1-9,n2961,181,1,1,9
mn-181-1-1-10,n2962,181,1,1,10
mn-181-1-1-11,n2963,181,1,1,11
mn-181-1-1-12,n2964,181,1,1,12
mn-181-5-2-1,n2965,181,5,2,1
mn-181-5-2-2,n2966,181,5,2,2
mn-181-5-2-3,n2967,181,5,2,3
mn-181-5-2-4,n2968,181,5,2,4
mn-181-5-2-5,n2969,181,5,2,5
mn-181-5-2-6,n2970,181,5,2,6
mn-181-5-2-7,n2971,181,5,2,7
mn-181-5-2-8,n2972,181,5,2,8
mn-182-1-1-1,n2973,182,1,1,1
mn-182-1-1-2,n2974,182,1,1,2
mn-182-1-1-3,n2975,182,1,1,3
mn-182-1-1-4,n2976,182,1,1,4
mn-182-1-1-5,n2977,182,1,1,5
mn-182-1-1-6,n2978,182,1,1,6
mn-182-1-1-7,n2979,182,1,1,7
mn-182-1-1-8,n2980,182,1,1,8
mn-182-1-1-9,n2981,182,1,1,9
mn-182-1-1-10,n2982,182,1,1,10
mn-182-1-1-11,n2983,182,1,1,11
mn-182-1-1-12,n2984,182,1,1,12
mn-182-1-1-13,n2985,182,1,1,13
mn-182-1-1-14,n2986,182,1,1,14
mn-182-1-1-15,n2987,182,1,1,15
mn-182-5-2-1,n2988,182,5,2,1
mn-182-5-2-2,n2989,182,5,2,2
mn-182-5-2-3,n2990,182,5,2,3
mn-182-5-2-4,n2991,182,5,2,4
mn-182-5-2-5,n2992,182,5,2,5
mn-182-5-2-6,n2993,182,5,2,6
mn-182-5-2-7,n2994,182,5,2,7
mn-182-5-2-8,n2995,182,5,2,8
mn-183-1-1-1,n2996,183,1,1,1
mn-183-1-1-2,n2997,183,1,1,2
mn-183-1-1-3,n2998,183,1,1,3
mn-183-1-1-4,n2999,183,1,1,4
mn-183-1-1-5,n3000,183,1,1,5
mn-183-1-1-6,n3001,183,1,1,6
mn-183-1-1-7,n3002,183,1,1,7
mn-183-1-1-8,n3003,183,1,1,8
mn-183-1-1-9,n3004,183,1,1,9
mn-183-1-1-10,n3005,183,1,1,10
mn-183-5-2-1,n3006,183,5,2,1
mn-183-5-2-2,n3007,183,5,2,2
mn-183-5-2-3,n3008,183,5,2,3
mn-183-5-2-4,n3009,183,5,2,4
mn-183-5-2-5,n3010,183,5,2,5
mn-183-5-2-6,n3011,183,5,2,6
mn-183-5-2-7,n3012,183,5,2,7
mn-183-5-2-8,n3013,183,5,2,8
mn-183-5-2-9,n3014,183,5,2,9
mn-183-5-2-10,n3015,183,5,2,10
mn-183-5-2-11,n3016,183,5,2,11
mn-183-6-2-1,n3017,183,6,2,1
mn-183-6-2-2,n3018,183,6,2,2
mn-184-1-1-1,n3019,184,1,1,1
mn-184-1-1-2,n3020,184,1,1,2
mn-184-1-1-3,n3021,184,1,1,3
mn-184-1-1-4,n3022,184,1,1,4
mn-184-1-1-5,n3023,184,1,1,5
mn-184-1-1-6,n3024,184,1,1,6
mn-184-1-1-7,n3025,184,1,1,7
mn-184-1-1-8,n3026,184,1,1,8
mn-184-1-1-9,n3027,184,1,1,9
mn-184-1-1-10,n3028,184,1,1,10
mn-184-1-1-11,n3029,184,1,1,11
mn-184-1-1-12,n3030,184,1,1,12
mn-184-5-2-1,n3031,184,5,2,1
mn-184-5-2-2,n3032,184,5,2,2
mn-184-5-2-3,n3033,184,5,2,3
mn-184-5-2-4,n3034,184,5,2,4
mn-184-5-2-5,n3035,184,5,2,5
mn-184-5-2-6,n3036,184,5,2,6
mn-184-5-2-7,n3037,184,5,2,7
mn-184-5-2-8,n3038,184,5,2,8
mn-184-5-2-9,n3039,184,5,2,9
mn-184-5-2-10,n3040,184,5,2,10
mn-185-1-1-1,n3041,185,1,1,1
mn-185-1-1-2,n3042,185,1,1,2
mn-185-1-1-3,n3043,185,1,1,3
mn-185-1-1-4,n3044,185,1,1,4
mn-185-1-1-5,n3045,185,1,1,5
mn-185-1-1-6,n3046,185,1,1,6
mn-185-1-1-7,n3047,185,1,1,7
mn-185-1-1-8,n3048,185,1,1,8
mn-185-5-2-1,n3049,185,5,2,1
mn-185-5-2-2,n3050,185,5,2,2
mn-185-5-2-3,n3051,185,5,2,3
mn-185-5-2-4,n3052,185,5,2,4
mn-185-5-2-5,n3053,185,5,2,5
mn-185-5-2-6,n3054,185,5,2,6
mn-185-5-2-7,n3055,185,5,2,7
mn-185-5-2-8,n3056,185,5,2,8
mn-185-5-2-9,n3057,185,5,2,9
mn-185-5-2-10,n3058,185,5,2,10
mn-185-5-2-11,n3059,185,5,2,11
mn-185-6-2-1,n3060,185,6,2,1
mn-185-6-2-2,n3061,185,6,2,2
mn-186-1-1-1,n3062,186,1,1,1
mn-186-1-1-2,n3063,186,1,1,2
mn-186-1-1-3,n3064,186,1,1,3
mn-186-1-1-4,n3065,186,1,1,4
mn-186-1-1-5,n3066,186,1,1,5
mn-186-1-1-6,n3067,186,1,1,6
mn-186-1-1-7,n3068,186,1,1,7
mn-186-1-1-8,n3069,186,1,1,8
mn-186-1-1-9,n3070,186,1,1,9
mn-186-1-1-10,n3071,186,1,1,10
mn-186-1-1-11,n3072,186,1,1,11
mn-186-1-1-12,n3073,186,1,1,12
mn-186-5-2-1,n3074,186,5,2,1
mn-186-5-2-2,n3075,186,5,2,2
mn-186-5-2-3,n3076,186,5,2,3
mn-186-5-2-4,n3077,186,5,2,4
mn-186-5-2-5,n3078,186,5,2,5
mn-186-5-2-6,n3079,186,5,2,6
mn-186-5-2-7,n3080,186,5,2,7
mn-186-5-2-8,n3081,186,5,2,8
mn-186-5-2-9,n3082,186,5,2,9
mn-186-5-2-10,n3083,186,5,2,10
mn-187-1-1-1,n3084,187,1,1,1
mn-187-1-1-2,n3085,187,1,1,2
mn-187-1-2-1,n3086,187,1,2,1
mn-187-1-2-2,n3087,187,1,2,2
mn-187-1-1-3,n3088,187,1,1,3
mn-187-1-1-4,n3089,187,1,1,4
mn-187-1-1-5,n3090,187,1,1,5
mn-187-1-1-6,n3091,187,1,1,6
mn-187-5-2-1,n3092,187,5,2,1
mn-187-5-2-2,n3093,187,5,2,2
mn-187-5-2-3,n3094,187,5,2,3
mn-187-5-2-4,n3095,187,5,2,4
mn-187-5-2-5,n3096,187,5,2,5
mn-187-5-2-6,n3097,187,5,2,6
mn-187-5-2-7,n3098,187,5,2,7
mn-187-5-2-8,n3099,187,5,2,8
mn-187-5-2-9,n3100,187,5,2,9
mn-187-5-2-10,n3101,187,5,2,10
mn-187-5-2-11,n3102,187,5,2,11
mn-187-5-2-12,n3103,187,5,2,12
mn-187-6-2-1,n3104,187,6,2,1
mn-187-6-2-2,n3105,187,6,2,2
mn-187-6-2-3,n3106,187,6,2,3
mn-187-6-2-4,n3107,187,6,2,4
mn-187-6-2-5,n3108,187,6,2,5
mn-187-6-2-6,n3109,187,6,2,6
mn-187-6-2-7,n3110,187,6,2,7
mn-187-6-2-8,n3111,187,6,2,8
mn-188-1-1-1,n3112,188,1,1,1
mn-188-1-1-2,n3113,188,1,1,2
mn-188-1-1-3,n3114,188,1,1,3
mn-188-1-1-4,n3115,188,1,1,4
mn-188-1-1-5,n3116,188,1,1,5
mn-188-1-1-6,n3117,188,1,1,6
mn-188-1-1-7,n3118,188,1,1,7
mn-188-1-1-8,n3119,188,1,1,8
mn-188-1-1-9,n3120,188,1,1,9
mn-188-1-1-10,n3121,188,1,1,10
mn-188-1-1-11,n3122,188,1,1,11
mn-188-1-1-12,n3123,188,1,1,12
mn-188-2-1-1,n3124,188,2,1,1
mn-188-2-1-2,n3125,188,2,1,2
mn-188-2-1-3,n3126,188,2,1,3
mn-188-2-1-4,n3127,188,2,1,4
mn-188-2-1-5,n3128,188,2,1,5
mn-188-2-1-6,n3129,188,2,1,6
mn-188-2-1-7,n3130,188,2,1,7
mn-188-2-1-8,n3131,188,2,1,8
mn-188-5-2-1,n3132,188,5,2,1
mn-188-5-2-2,n3133,188,5,2,2
mn-188-5-2-3,n3134,188,5,2,3
mn-188-5-2-4,n3135,188,5,2,4
mn-188-5-2-5,n3136,188,5,2,5
mn-188-5-1-1,n3137,188,5,1,1
mn-188-5-2-6,n3138,188,5,2,6
mn-188-5-2-7,n3139,188,5,2,7
mn-189-1-1-1,n3140,189,1,1,1
mn-189-1-1-2,n3141,189,1,1,2
mn-189-1-1-3,n3142,189,1,1,3
mn-189-1-1-4,n3143,189,1,1,4
mn-189-1-1-5,n3144,189,1,1,5
mn-189-1-1-6,n3145,189,1,1,6
mn-189-1-1-7,n3146,189,1,1,7
mn-189-1-1-8,n3147,189,1,1,8
mn-189-2-1-1,n3148,189,2,1,1
mn-189-2-1-2,n3149,189,2,1,2
mn-189-2-1-3,n3150,189,2,1,3
mn-189-2-1-4,n3151,189,2,1,4
mn-189-2-1-5,n3152,189,2,1,5
mn-189-2-1-6,n3153,189,2,1,6
mn-189-5-2-1,n3154,189,5,2,1
mn-189-5-2-2,n3155,189,5,2,2
mn-189-5-2-3,n3156,189,5,2,3
mn-189-5-2-4,n3157,189,5,2,4
mn-189-5-2-5,n3158,189,5,2,5
mn-189-5-2-6,n3159,189,5,2,6
mn-190-1-1-1,n3160,190,1,1,1
mn-190-1-1-2,n3161,190,1,1,2
mn-190-1-1-3,n3162,190,1,1,3
mn-190-1-1-4,n3163,190,1,1,4
mn-190-1-1-5,n3164,190,1,1,5
mn-190-1-1-6,n3165,190,1,1,6
mn-190-1-1-7,n3166,190,1,1,7
mn-190-1-1-8,n3167,190,1,1,8
mn-190-5-2-1,n3168,190,5,2,1
mn-190-5-2-2,n3169,190,5,2,2
mn-190-5-2-3,n3170,190,5,2,3
mn-190-5-2-4,n3171,190,5,2,4
mn-190-5-2-5,n3172,190,5,2,5
mn-190-5-2-6,n3173,190,5,2,6
mn-191-1-1-1,n3174,191,1,1,1
mn-191-1-1-2,n3175,191,1,1,2
mn-191-1-1-3,n3176,191,1,1,3
mn-191-1-1-4,n3177,191,1,1,4
mn-191-1-1-5,n3178,191,1,1,5
mn-191-5-2-1,n3179,191,5,2,1
mn-191-5-2-2,n3180,191,5,2,2
mn-191-5-2-3,n3181,191,5,2,3
mn-191-5-2-4,n3182,191,5,2,4
mn-191-5-2-5,n3183,191,5,2,5
mn-191-5-2-6,n3184,191,5,2,6
mn-191-5-2-7,n3185,191,5,2,7
mn-191-5-2-8,n3186,191,5,2,8
mn-191-5-2-9,n3187,191,5,2,9
mn-191-5-2-10,n3188,191,5,2,10
mn-192-1-1-1,n3189,192,1,1,1
mn-192-1-1-2,n3190,192,1,1,2
mn-192-1-1-3,n3191,192,1,1,3
mn-192-1-1-4,n3192,192,1,1,4
mn-192-1-1-5,n3193,192,1,1,5
mn-192-5-2-1,n3194,192,5,2,1
mn-192-5-2-2,n3195,192,5,2,2
mn-192-5-2-3,n3196,192,5,2,3
mn-192-5-2-4,n3197,192,5,2,4
mn-192-5-2-5,n3198,192,5,2,5
mn-192-5-2-6,n3199,192,5,2,6
mn-192-5-2-7,n3200,192,5,2,7
mn-192-5-2-8,n3201,192,5,2,8
mn-192-5-2-9,n3202,192,5,2,9
mn-192-5-2-10,n3203,192,5,2,10
mn-193-1-1-1,n3204,193,1,1,1
mn-193-1-1-2,n3205,193,1,1,2
mn-193-1-1-3,n3206,193,1,1,3
mn-193-1-1-4,n3207,193,1,1,4
mn-193-1-1-5,n3208,193,1,1,5
mn-193-1-1-6,n3209,193,1,1,6
mn-193-1-1-7,n3210,193,1,1,7
mn-193-1-1-8,n3211,193,1,1,8
mn-193-1-1-9,n3212,193,1,1,9
mn-193-1-1-10,n3213,193,1,1,10
mn-193-5-2-1,n3214,193,5,2,1
mn-193-5-2-2,n3215,193,5,2,2
mn-193-5-2-3,n3216,193,5,2,3
mn-193-5-2-4,n3217,193,5,2,4
mn-193-5-2-5,n3218,193,5,2,5
mn-193-5-2-6,n3219,193,5,2,6
mn-193-5-2-7,n3220,193,5,2,7
mn-193-5-2-8,n3221,193,5,2,8
mn-193-5-2-9,n3222,193,5,2,9
mn-193-5-2-10,n3223,193,5,2,10
mn-194-1-1-1,n3224,194,1,1,1
mn-194-1-1-2,n3225,194,1,1,2
mn-194-1-2-1,n3226,194,1,2,1
mn-194-1-2-2,n3227,194,1,2,2
mn-194-1-1-3,n3228,194,1,1,3
mn-194-1-1-4,n3229,194,1,1,4
mn-194-1-1-5,n3230,194,1,1,5
mn-194-1-1-6,n3231,194,1,1,6
mn-194-5-2-1,n3232,194,5,2,1
mn-194-5-2-2,n3233,194,5,2,2
mn-194-5-2-3,n3234,194,5,2,3
mn-194-5-2-4,n3235,194,5,2,4
mn-194-5-2-5,n3236,194,5,2,5
mn-194-5-2-6,n3237,194,5,2,6
mn-194-5-2-7,n3238,194,5,2,7
mn-194-5-2-8,n3239,194,5,2,8
mn-194-5-2-9,n3240,194,5,2,9
mn-194-5-2-10,n3241,194,5,2,10
mn-194-5-2-11,n3242,194,5,2,11
mn-194-5-2-12,n3243,194,5,2,12
mn-194-6-2-1,n3244,194,6,2,1
mn-194-6-2-2,n3245,194,6,2,2
mn-194-6-2-3,n3246,194,6,2,3
mn-194-6-2-4,n3247,194,6,2,4
mn-194-6-2-5,n3248,194,6,2,5
mn-194-6-2-6,n3249,194,6,2,6
mn-194-6-2-7,n3250,194,6,2,7
mn-194-6-2-8,n3251,194,6,2,8
mn-195-1-1-1,n3252,195,1,1,1
mn-195-1-1-2,n3253,195,1,1,2
mn-195-1-1-3,n3254,195,1,1,3
mn-195-1-1-4,n3255,195,1,1,4
mn-195-1-1-5,n3256,195,1,1,5
mn-195-1-1-6,n3257,195,1,1,6
mn-195-1-1-7,n3258,195,1,1,7
mn-195-1-1-8,n3259,195,1,1,8
mn-195-1-1-9,n3260,195,1,1,9
mn-195-1-1-10,n3261,195,1,1,10
mn-195-1-1-11,n3262,195,1,1,11
mn-195-1-1-12,n3263,195,1,1,12
mn-195-2-1-1,n3264,195,2,1,1
mn-195-2-1-2,n3265,195,2,1,2
mn-195-2-1-3,n3266,195,2,1,3
mn-195-2-1-4,n3267,195,2,1,4
mn-195-2-1-5,n3268,195,2,1,5
mn-195-2-1-6,n3269,195,2,1,6
mn-195-2-1-7,n3270,195,2,1,7
mn-195-2-1-8,n3271,195,2,1,8
mn-195-5-2-1,n3272,195,5,2,1
mn-195-5-2-2,n3273,195,5,2,2
mn-195-5-2-3,n3274,195,5,2,3
mn-195-5-2-4,n3275,195,5,2,4
mn-195-5-2-5,n3276,195,5,2,5
mn-195-5-1-1,n3277,195,5,1,1
mn-195-5-2-6,n3278,195,5,2,6
mn-195-5-2-7,n3279,195,5,2,7
mn-196-1-1-1,n3280,196,1,1,1
mn-196-1-1-2,n3281,196,1,1,2
mn-196-1-1-3,n3282,196,1,1,3
mn-196-1-1-4,n3283,196,1,1,4
mn-196-1-1-5,n3284,196,1,1,5
mn-196-1-1-6,n3285,196,1,1,6
mn-196-1-1-7,n3286,196,1,1,7
mn-196-1-1-8,n3287,196,1,1,8
mn-196-1-1-9,n3288,196,1,1,9
mn-196-1-1-10,n3289,196,1,1,10
mn-196-1-1-11,n3290,196,1,1,11
mn-196-1-1-12,n3291,196,1,1,12
mn-196-1-1-13,n3292,196,1,1,13
mn-196-1-1-14,n3293,196,1,1,14
mn-196-1-1-15,n3294,196,1,1,15
mn-196-1-1-16,n3295,196,1,1,16
mn-196-1-1-17,n3296,196,1,1,17
mn-196-1-1-18,n3297,196,1,1,18
mn-196-1-1-19,n3298,196,1,1,19
mn-196-1-1-20,n3299,196,1,1,20
mn-196-1-1-21,n3300,196,1,1,21
mn-196-1-1-22,n3301,196,1,1,22
mn-196-1-1-23,n3302,196,1,1,23
mn-196-1-1-24,n3303,196,1,1,24
mn-196-5-2-1,n3304,196,5,2,1
mn-196-5-2-2,n3305,196,5,2,2
mn-196-5-2-3,n3306,196,5,2,3
mn-196-5-2-4,n3307,196,5,2,4
mn-196-5-2-5,n3308,196,5,2,5
mn-196-5-2-6,n3309,196,5,2,6
mn-196-5-2-7,n3310,196,5,2,7
mn-196-5-2-8,n3311,196,5,2,8
mn-196-5-2-9,n3312,196,5,2,9
mn-196-5-2-10,n3313,196,5,2,10
mn-196-5-2-11,n3314,196,5,2,11
mn-196-5-2-12,n3315,196,5,2,12
mn-196-5-2-13,n3316,196,5,2,13
mn-196-5-2-14,n3317,196,5,2,14
mn-196-5-2-15,n3318,196,5,2,15
mn-196-5-2-16,n3319,196,5,2,16
mn-196-5-2-17,n3320,196,5,2,17
mn-196-5-2-18,n3321,196,5,2,18
mn-197-1-1-1,n3322,197,1,1,1
mn-197-1-1-2,n3323,197,1,1,2
mn-197-1-1-3,n3324,197,1,1,3
mn-197-1-1-4,n3325,197,1,1,4
mn-197-1-1-5,n3326,197,1,1,5
mn-197-1-1-6,n3327,197,1,1,6
mn-197-1-1-7,n3328,197,1,1,7
mn-197-1-1-8,n3329,197,1,1,8
mn-197-1-1-9,n3330,197,1,1,9
mn-197-1-1-10,n3331,197,1,1,10
mn-197-1-1-11,n3332,197,1,1,11
mn-197-1-1-12,n3333,197,1,1,12
mn-197-1-1-13,n3334,197,1,1,13
mn-197-1-1-14,n3335,197,1,1,14
mn-197-1-1-15,n3336,197,1,1,15
mn-197-1-1-16,n3337,197,1,1,16
mn-197-1-1-17,n3338,197,1,1,17
mn-197-1-1-18,n3339,197,1,1,18
mn-197-1-1-19,n3340,197,1,1,19
mn-197-1-1-20,n3341,197,1,1,20
mn-197-1-1-21,n3342,197,1,1,21
mn-197-1-1-22,n3343,197,1,1,22
mn-197-1-1-23,n3344,197,1,1,23
mn-197-1-1-24,n3345,197,1,1,24
mn-197-5-2-1,n3346,197,5,2,1
mn-197-5-2-2,n3347,197,5,2,2
mn-197-5-2-3,n3348,197,5,2,3
mn-197-5-2-4,n3349,197,5,2,4
mn-197-5-2-5,n3350,197,5,2,5
mn-197-5-2-6,n3351,197,5,2,6
mn-197-5-2-7,n3352,197,5,2,7
mn-197-5-2-8,n3353,197,5,2,8
mn-197-5-2-9,n3354,197,5,2,9
mn-197-5-2-10,n3355,197,5,2,10
mn-197-5-2-11,n3356,197,5,2,11
mn-197-5-2-12,n3357,197,5,2,12
mn-198-1-1-1,n3358,198,1,1,1
mn-198-1-1-2,n3359,198,1,1,2
mn-198-1-1-3,n3360,198,1,1,3
mn-198-1-1-4,n3361,198,1,1,4
mn-198-1-1-5,n3362,198,1,1,5
mn-198-1-1-6,n3363,198,1,1,6
mn-198-1-1-7,n3364,198,1,1,7
mn-198-1-1-8,n3365,198,1,1,8
mn-198-5-2-1,n3366,198,5,2,1
mn-198-5-2-2,n3367,198,5,2,2
mn-198-5-2-3,n3368,198,5,2,3
mn-198-5-2-4,n3369,198,5,2,4
mn-198-5-2-5,n3370,198,5,2,5
mn-198-5-2-6,n3371,198,5,2,6
mn-198-5-2-7,n3372,198,5,2,7
mn-198-5-2-8,n3373,198,5,2,8
mn-198-5-2-9,n3374,198,5,2,9
mn-198-5-2-10,n3375,198,5,2,10
mn-199-1-1-1,n3376,199,1,1,1
mn-199-1-1-2,n3377,199,1,1,2
mn-199-1-1-3,n3378,199,1,1,3
mn-199-1-1-4,n3379,199,1,1,4
mn-199-1-1-5,n3380,199,1,1,5
mn-199-1-1-6,n3381,199,1,1,6
mn-199-1-1-7,n3382,199,1,1,7
mn-199-1-1-8,n3383,199,1,1,8
mn-199-5-2-1,n3384,199,5,2,1
mn-199-5-2-2,n3385,199,5,2,2
mn-199-5-2-3,n3386,199,5,2,3
mn-199-5-2-4,n3387,199,5,2,4
mn-199-5-2-5,n3388,199,5,2,5
mn-199-5-2-6,n3389,199,5,2,6
mn-199-5-2-7,n3390,199,5,2,7
mn-199-5-2-8,n3391,199,5,2,8
mn-199-5-2-9,n3392,199,5,2,9
mn-199-5-2-10,n3393,199,5,2,10
mn-200-1-1-1,n3394,200,1,1,1
mn-200-1-1-2,n3395,200,1,1,2
mn-200-1-1-3,n3396,200,1,1,3
mn-200-1-1-4,n3397,200,1,1,4
mn-200-1-1-5,n3398,200,1,1,5
mn-200-1-1-6,n3399,200,1,1,6
mn-200-1-1-7,n3400,200,1,1,7
mn-200-1-1-8,n3401,200,1,1,8
mn-200-1-1-9,n3402,200,1,1,9
mn-200-1-1-10,n3403,200,1,1,10
mn-200-1-1-11,n3404,200,1,1,11
mn-200-1-1-12,n3405,200,1,1,12
mn-200-5-2-1,n3406,200,5,2,1
mn-200-5-2-2,n3407,200,5,2,2
mn-200-5-2-3,n3408,200,5,2,3
mn-200-5-2-4,n3409,200,5,2,4
mn-200-5-2-5,n3410,200,5,2,5
mn-200-5-2-6,n3411,200,5,2,6
mn-200-5-2-7,n3412,200,5,2,7
mn-200-5-2-8,n3413,200,5,2,8
mn-200-5-2-9,n3414,200,5,2,9
mn-200-5-2-10,n3415,200,5,2,10
mn-201-1-1-1,n3416,201,1,1,1
mn-201-1-1-2,n3417,201,1,1,2
mn-201-1-1-3,n3418,201,1,1,3
mn-201-1-1-4,n3419,201,1,1,4
mn-201-1-1-5,n3420,201,1,1,5
mn-201-1-1-6,n3421,201,1,1,6
mn-201-1-1-7,n3422,201,1,1,7
mn-201-1-1-8,n3423,201,1,1,8
mn-201-1-1-9,n3424,201,1,1,9
mn-201-5-2-1,n3425,201,5,2,1
mn-201-5-2-2,n3426,201,5,2,2
mn-201-5-2-3,n3427,201,5,2,3
mn-201-5-2-4,n3428,201,5,2,4
mn-201-5-2-5,n3429,201,5,2,5
mn-201-5-2-6,n3430,201,5,2,6
mn-201-5-2-7,n3431,201,5,2,7
mn-201-5-2-8,n3432,201,5,2,8
mn-201-5-2-9,n3433,201,5,2,9
mn-201-5-2-10,n3434,201,5,2,10
mn-202-1-1-1,n3435,202,1,1,1
mn-202-1-1-2,n3436,202,1,1,2
mn-202-1-1-3,n3437,202,1,1,3
mn-202-1-1-4,n3438,202,1,1,4
mn-202-1-1-5,n3439,202,1,1,5
mn-202-1-1-6,n3440,202,1,1,6
mn-202-1-1-7,n3441,202,1,1,7
mn-202-1-1-8,n3442,202,1,1,8
mn-202-1-1-9,n3443,202,1,1,9
mn-202-5-2-1,n3444,202,5,2,1
mn-202-5-2-2,n3445,202,5,2,2
mn-202-5-2-3,n3446,202,5,2,3
mn-202-5-2-4,n3447,202,5,2,4
mn-202-5-2-5,n3448,202,5,2,5
mn-202-5-2-6,n3449,202,5,2,6
mn-202-5-2-7,n3450,202,5,2,7
mn-202-5-2-8,n3451,202,5,2,8
mn-202-5-2-9,n3452,202,5,2,9
mn-202-5-2-10,n3453,202,5,2,10
mn-203-1-1-1,n3454,203,1,1,1
mn-203-1-1-2,n3455,203,1,1,2
mn-203-1-1-3,n3456,203,1,1,3
mn-203-1-1-4,n3457,203,1,1,4
mn-203-1-1-5,n3458,203,1,1,5
mn-203-1-1-6,n3459,203,1,1,6
mn-203-1-1-7,n3460,203,1,1,7
mn-203-1-1-8,n3461,203,1,1,8
mn-203-5-2-1,n3462,203,5,2,1
mn-203-5-2-2,n3463,203,5,2,2
mn-203-5-2-3,n3464,203,5,2,3
mn-203-5-2-4,n3465,203,5,2,4
mn-203-5-2-5,n3466,203,5,2,5
mn-203-5-2-6,n3467,203,5,2,6
mn-204-1-1-1,n3468,204,1,1,1
mn-204-1-1-2,n3469,204,1,1,2
mn-204-1-1-3,n3470,204,1,1,3
mn-204-1-1-4,n3471,204,1,1,4
mn-204-1-1-5,n3472,204,1,1,5
mn-204-1-1-6,n3473,204,1,1,6
mn-204-5-2-1,n3474,204,5,2,1
mn-204-5-2-2,n3475,204,5,2,2
mn-204-5-2-3,n3476,204,5,2,3
mn-204-5-2-4,n3477,204,5,2,4
mn-204-5-2-5,n3478,204,5,2,5
mn-204-5-2-6,n3479,204,5,2,6
mn-205-1-1-1,n3480,205,1,1,1
mn-205-1-1-2,n3481,205,1,1,2
mn-205-1-1-3,n3482,205,1,1,3
mn-205-1-1-4,n3483,205,1,1,4
mn-205-1-1-5,n3484,205,1,1,5
mn-205-1-1-6,n3485,205,1,1,6
mn-205-1-1-7,n3486,205,1,1,7
mn-205-1-1-8,n3487,205,1,1,8
mn-205-1-1-9,n3488,205,1,1,9
mn-205-1-1-10,n3489,205,1,1,10
mn-205-1-1-11,n3490,205,1,1,11
mn-205-1-1-12,n3491,205,1,1,12
mn-205-5-2-1,n3492,205,5,2,1
mn-206-1-1-1,n3493,206,1,1,1
mn-206-1-1-2,n3494,206,1,1,2
mn-206-1-1-3,n3495,206,1,1,3
mn-206-1-1-4,n3496,206,1,1,4
mn-206-1-1-5,n3497,206,1,1,5
mn-206-1-1-6,n3498,206,1,1,6
mn-206-1-1-7,n3499,206,1,1,7
mn-206-1-1-8,n3500,206,1,1,8
mn-206-1-1-9,n3501,206,1,1,9
mn-206-1-1-10,n3502,206,1,1,10
mn-206-1-1-11,n3503,206,1,1,11
mn-206-1-1-12,n3504,206,1,1,12
mn-206-5-2-1,n3505,206,5,2,1
mn-207-1-1-1,n3506,207,1,1,1
mn-207-1-1-2,n3507,207,1,1,2
mn-207-1-1-3,n3508,207,1,1,3
mn-207-1-1-4,n3509,207,1,1,4
mn-207-1-1-5,n3510,207,1,1,5
mn-207-1-1-6,n3511,207,1,1,6
mn-207-5-2-1,n3512,207,5,2,1
mn-207-5-2-2,n3513,207,5,2,2
mn-207-5-2-3,n3514,207,5,2,3
mn-207-5-2-4,n3515,207,5,2,4
mn-207-5-2-5,n3516,207,5,2,5
mn-207-5-2-6,n3517,207,5,2,6
mn-207-6-2-1,n3518,207,6,2,1
mn-208-1-1-1,n3519,208,1,1,1
mn-208-1-1-2,n3520,208,1,1,2
mn-208-1-1-3,n3521,208,1,1,3
mn-208-1-1-4,n3522,208,1,1,4
mn-208-1-1-5,n3523,208,1,1,5
mn-208-1-1-6,n3524,208,1,1,6
mn-208-1-1-7,n3525,208,1,1,7
mn-208-1-1-8,n3526,208,1,1,8
mn-208-5-2-1,n3527,208,5,2,1
mn-208-5-2-2,n3528,208,5,2,2
mn-208-5-2-3,n3529,208,5,2,3
mn-208-5-2-4,n3530,208,5,2,4
mn-208-5-2-5,n3531,208,5,2,5
mn-208-6-2-1,n3532,208,6,2,1
mn-208-6-2-2,n3533,208,6,2,2
mn-208-6-2-3,n3534,208,6,2,3
mn-209-1-1-1,n3535,209,1,1,1
mn-209-1-1-2,n3536,209,1,1,2
mn-209-1-1-3,n3537,209,1,1,3
mn-209-1-1-4,n3538,209,1,1,4
mn-209-1-1-5,n3539,209,1,1,5
mn-209-1-1-6,n3540,209,1,1,6
mn-209-5-2-1,n3541,209,5,2,1
mn-209-5-2-2,n3542,209,5,2,2
mn-209-5-2-3,n3543,209,5,2,3
mn-209-5-2-4,n3544,209,5,2,4
mn-209-5-2-5,n3545,209,5,2,5
mn-209-5-2-6,n3546,209,5,2,6
mn-209-6-2-1,n3547,209,6,2,1
mn-210-1-1-1,n3548,210,1,1,1
mn-210-1-1-2,n3549,210,1,1,2
mn-210-1-1-3,n3550,210,1,1,3
mn-210-1-1-4,n3551,210,1,1,4
mn-210-1-1-5,n3552,210,1,1,5
mn-210-1-1-6,n3553,210,1,1,6
mn-210-5-2-1,n3554,210,5,2,1
mn-210-5-2-2,n3555,210,5,2,2
mn-210-5-2-3,n3556,210,5,2,3
mn-210-5-2-4,n3557,210,5,2,4
mn-210-5-2-5,n3558,210,5,2,5
mn-210-5-2-6,n3559,210,5,2,6
mn-210-6-2-1,n3560,210,6,2,1
mn-210-6-2-2,n3561,210,6,2,2
mn-210-6-2-3,n3562,210,6,2,3
mn-211-1-1-1,n3563,211,1,1,1
mn-211-1-1-2,n3564,211,1,1,2
mn-211-1-1-3,n3565,211,1,1,3
mn-211-1-1-4,n3566,211,1,1,4
mn-211-1-1-5,n3567,211,1,1,5
mn-211-1-1-6,n3568,211,1,1,6
mn-211-5-2-1,n3569,211,5,2,1
mn-211-5-2-2,n3570,211,5,2,2
mn-211-5-2-3,n3571,211,5,2,3
mn-211-5-2-4,n3572,211,5,2,4
mn-211-5-2-5,n3573,211,5,2,5
mn-211-5-2-6,n3574,211,5,2,6
mn-211-6-2-1,n3575,211,6,2,1
mn-212-1-1-1,n3576,212,1,1,1
mn-212-1-1-2,n3577,212,1,1,2
mn-212-1-1-3,n3578,212,1,1,3
mn-212-1-1-4,n3579,212,1,1,4
mn-212-1-1-5,n3580,212,1,1,5
mn-212-1-1-6,n3581,212,1,1,6
mn-212-1-1-7,n3582,212,1,1,7
mn-212-1-1-8,n3583,212,1,1,8
mn-212-1-1-9,n3584,212,1,1,9
mn-212-5-2-1,n3585,212,5,2,1
mn-212-5-2-2,n3586,212,5,2,2
mn-212-5-2-3,n3587,212,5,2,3
mn-212-5-2-4,n3588,212,5,2,4
mn-212-5-2-5,n3589,212,5,2,5
mn-212-5-2-6,n3590,212,5,2,6
mn-212-6-2-1,n3591,212,6,2,1
mn-213-1-1-1,n3592,213,1,1,1
mn-213-1-1-2,n3593,213,1,1,2
mn-213-1-1-3,n3594,213,1,1,3
mn-213-1-1-4,n3595,213,1,1,4
mn-213-1-1-5,n3596,213,1,1,5
mn-213-1-1-6,n3597,213,1,1,6
mn-213-5-2-1,n3598,213,5,2,1
mn-213-5-2-2,n3599,213,5,2,2
mn-213-5-2-3,n3600,213,5,2,3
mn-213-5-2-4,n3601,213,5,2,4
mn-213-5-2-5,n3602,213,5,2,5
mn-213-5-2-6,n3603,213,5,2,6
mn-213-6-2-1,n3604,213,6,2,1
mn-214-1-1-1,n3605,214,1,1,1
mn-214-1-1-2,n3606,214,1,1,2
mn-214-1-1-3,n3607,214,1,1,3
mn-214-1-1-4,n3608,214,1,1,4
mn-214-1-1-5,n3609,214,1,1,5
mn-214-1-1-6,n3610,214,1,1,6
mn-214-1-1-7,n3611,214,1,1,7
mn-214-1-1-8,n3612,214,1,1,8
mn-214-1-1-9,n3613,214,1,1,9
mn-214-5-2-1,n3614,214,5,2,1
mn-214-5-2-2,n3615,214,5,2,2
mn-214-5-2-3,n3616,214,5,2,3
mn-214-5-2-4,n3617,214,5,2,4
mn-214-5-2-5,n3618,214,5,2,5
mn-214-5-2-6,n3619,214,5,2,6
mn-214-6-2-1,n3620,214,6,2,1
mn-214-6-2-2,n3621,214,6,2,2
mn-214-6-2-3,n3622,214,6,2,3
mn-215-1-1-1,n3623,215,1,1,1
mn-215-1-1-2,n3624,215,1,1,2
mn-215-1-1-3,n3625,215,1,1,3
mn-215-1-1-4,n3626,215,1,1,4
mn-215-1-1-5,n3627,215,1,1,5
mn-215-1-1-6,n3628,215,1,1,6
mn-215-5-2-1,n3629,215,5,2,1
mn-215-5-2-2,n3630,215,5,2,2
mn-215-5-2-3,n3631,215,5,2,3
mn-215-5-2-4,n3632,215,5,2,4
mn-215-5-2-5,n3633,215,5,2,5
mn-215-5-2-6,n3634,215,5,2,6
mn-215-6-2-1,n3635,215,6,2,1
mn-216-1-1-1,n3636,216,1,1,1
mn-216-1-1-2,n3637,216,1,1,2
mn-216-1-1-3,n3638,216,1,1,3
mn-216-1-1-4,n3639,216,1,1,4
mn-216-1-1-5,n3640,216,1,1,5
mn-216-1-1-6,n3641,216,1,1,6
mn-216-1-1-7,n3642,216,1,1,7
mn-216-5-2-1,n3643,216,5,2,1
mn-216-5-2-2,n3644,216,5,2,2
mn-216-5-2-3,n3645,216,5,2,3
mn-216-5-2-4,n3646,216,5,2,4
mn-216-5-2-5,n3647,216,5,2,5
mn-216-5-2-6,n3648,216,5,2,6
mn-216-5-2-7,n3649,216,5,2,7
mn-216-5-2-8,n3650,216,5,2,8
mn-216-6-2-1,n3651,216,6,2,1
mn-216-6-2-2,n3652,216,6,2,2
mn-216-6-2-3,n3653,216,6,2,3
mn-216-6-2-4,n3654,216,6,2,4
mn-217-1-1-1,n3655,217,1,1,1
mn-217-1-1-2,n3656,217,1,1,2
mn-217-1-1-3,n3657,217,1,1,3
mn-217-1-1-4,n3658,217,1,1,4
mn-217-1-1-5,n3659,217,1,1,5
mn-217-5-2-1,n3660,217,5,2,1
mn-217-5-2-2,n3661,217,5,2,2
mn-217-5-2-3,n3662,217,5,2,3
mn-217-5-2-4,n3663,217,5,2,4
mn-217-5-2-5,n3664,217,5,2,5
