note_id,original_id,bar,voice,staff,ordinal
mn-1-1-1-1,n1,1,1,1,1
mn-1-1-1-2,n2,1,1,1,2
mn-1-1-1-3,n3,1,1,1,3
mn-1-1-1-4,n4,1,1,1,4
mn-1-1-1-5,n5,1,1,1,5
mn-1-1-1-6,n6,1,1,1,6
mn-1-1-1-7,n7,1,1,1,7
mn-1-1-1-8,n8,1,1,1,8
mn-1-1-1-9,n9,1,1,1,9
mn-1-1-1-10,n10,1,1,1,10
mn-1-1-1-11,n11,1,1,1,11
mn-1-1-1-12,n12,1,1,1,12
mn-1-1-1-13,n13,1,1,1,13
mn-1-1-1-14,n14,1,1,1,14
mn-1-5-2-1,n15,1,5,2,1
mn-1-5-2-2,n16,1,5,2,2
mn-2-1-1-1,n17,2,1,1,1
mn-2-1-1-2,n18,2,1,1,2
mn-2-1-1-3,n19,2,1,1,3
mn-2-1-1-4,n20,2,1,1,4
mn-2-1-1-5,n21,2,1,1,5
mn-2-5-2-1,n22,2,5,2,1
mn-2-5-2-2,n23,2,5,2,2
mn-2-5-2-3,n24,2,5,2,3
mn-2-5-2-4,n25,2,5,2,4
mn-2-5-2-5,n26,2,5,2,5
mn-3-1-1-1,n27,3,1,1,1
mn-3-1-1-2,n28,3,1,1,2
mn-3-1-1-3,n29,3,1,1,3
mn-3-1-1-4,n30,3,1,1,4
mn-3-1-1-5,n31,3,1,1,5
mn-3-1-1-6,n32,3,1,1,6
mn-3-1-1-7,n33,3,1,1,7
mn-3-1-1-8,n34,3,1,1,8
mn-3-1-1-9,n35,3,1,1,9
mn-3-1-1-10,n36,3,1,1,10
mn-3-1-1-11,n37,3,1,1,11
mn-3-1-1-12,n38,3,1,1,12
mn-3-1-1-13,n39,3,1,1,13
mn-3-1-1-14,n40,3,1,1,14
mn-3-5-2-1,n41,3,5,2,1
mn-3-5-2-2,n42,3,5,2,2
mn-4-1-1-1,n43,4,1,1,1
mn-4-1-1-2,n44,4,1,1,2
mn-4-1-1-3,n45,4,1,1,3
mn-4-1-1-4,n46,4,1,1,4
mn-4-1-1-5,n47,4,1,1,5
mn-4-5-2-1,n48,4,5,2,1
mn-4-5-2-2,n49,4,5,2,2
mn-4-5-2-3,n50,4,5,2,3
mn-4-5-2-4,n51,4,5,2,4
mn-4-5-2-5,n52,4,5,2,5
mn-5-1-1-1,n53,5,1,1,1
mn-5-1-1-2,n54,5,1,1,2
mn-5-1-1-3,n55,5,1,1,3
mn-5-1-1-4,n56,5,1,1,4
mn-5-1-1-5,n57,5,1,1,5
mn-5-1-1-6,n58,5,1,1,6
mn-5-1-1-7,n59,5,1,1,7
mn-5-2-1-1,n60,5,2,1,1
mn-5-2-1-2,n61,5,2,1,2
mn-5-5-2-1,n62,5,5,2,1
mn-5-6-2-1,r1,5,6,2,1
mn-5-6-2-2,n63,5,6,2,2
mn-5-6-2-3,n64,5,6,2,3
mn-5-6-2-4,n65,5,6,2,4
mn-6-1-1-1,n66,6,1,1,1
mn-6-1-1-2,n67,6,1,1,2
mn-6-1-1-3,n68,6,1,1,3
mn-6-1-1-4,n69,6,1,1,4
mn-6-1-1-5,n70,6,1,1,5
mn-6-1-1-6,n71,6,1,1,6
mn-6-1-1-7,n72,6,1,1,7
mn-6-1-1-8,n73,6,1,1,8
mn-6-2-1-1,r2,6,2,1,1
mn-6-2-1-2,n74,6,2,1,2
mn-6-2-1-3,n75,6,2,1,3
mn-6-5-2-1,n76,6,5,2,1
mn-6-5-2-2,n77,6,5,2,2
mn-6-6-2-1,n78,6,6,2,1
mn-6-6-2-2,n79,6,6,2,2
mn-6-6-2-3,n80,6,6,2,3
mn-6-6-2-4,n81,6,6,2,4
mn-7-1-1-1,n82,7,1,1,1
mn-7-1-1-2,n83,7,1,1,2
mn-7-1-1-3,n84,7,1,1,3
mn-7-1-1-4,n85,7,1,1,4
mn-7-2-1-1,n86,7,2,1,1
mn-7-2-1-2,n87,7,2,1,2
mn-7-5-2-1,n88,7,5,2,1
mn-7-5-2-2,n89,7,5,2,2
mn-7-6-2-1,n90,7,6,2,1
mn-7-6-2-2,n91,7,6,2,2
mn-7-6-2-3,n92,7,6,2,3
mn-7-6-2-4,n93,7,6,2,4
mn-8-1-1-1,n94,8,1,1,1
mn-8-1-1-2,n95,8,1,1,2
mn-8-1-1-3,n96,8,1,1,3
mn-8-1-1-4,n97,8,1,1,4
mn-8-2-1-1,n98,8,2,1,1
mn-8-2-1-2,n99,8,2,1,2
mn-8-2-1-3,n100,8,2,1,3
mn-8-5-2-1,n101,8,5,2,1
mn-8-5-2-2,n102,8,5,2,2
mn-8-5-2-3,n103,8,5,2,3
mn-8-5-2-4,n104,8,5,2,4
mn-8-5-2-5,n105,8,5,2,5
mn-8-5-2-6,n106,8,5,2,6
mn-8-5-2-7,n107,8,5,2,7
mn-8-5-2-8,n108,8,5,2,8
mn-9-1-1-1,n109,9,1,1,1
mn-9-1-1-2,n110,9,1,1,2
mn-9-1-1-3,n111,9,1,1,3
mn-9-2-1-1,n112,9,2,1,1
mn-9-2-1-2,n113,9,2,1,2
mn-9-2-1-3,n114,9,2,1,3
mn-9-2-1-4,n115,9,2,1,4
mn-9-5-2-1,n116,9,5,2,1
mn-9-5-2-2,n117,9,5,2,2
mn-9-5-2-3,n118,9,5,2,3
mn-9-6-2-1,n119,9,6,2,1
mn-9-6-2-2,n120,9,6,2,2
mn-9-6-2-3,n121,9,6,2,3
mn-9-6-2-4,n122,9,6,2,4
mn-9-6-2-5,n123,9,6,2,5
mn-9-6-2-6,n124,9,6,2,6
mn-9-6-2-7,n125,9,6,2,7
mn-10-1-1-1,n126,10,1,1,1
mn-10-1-1-2,n127,10,1,1,2
mn-10-1-1-3,n128,10,1,1,3
mn-10-2-1-1,n129,10,2,1,1
mn-10-2-1-2,n130,10,2,1,2
mn-10-2-1-3,n131,10,2,1,3
mn-10-2-1-4,n132,10,2,1,4
mn-10-5-2-1,n133,10,5,2,1
mn-10-5-2-2,n134,10,5,2,2
mn-10-5-2-3,n135,10,5,2,3
mn-10-6-2-1,n136,10,6,2,1
mn-10-6-2-2,n137,10,6,2,2
mn-10-6-2-3,n138,10,6,2,3
mn-10-6-2-4,n139,10,6,2,4
mn-10-6-2-5,n140,10,6,2,5
mn-10-6-2-6,n141,10,6,2,6
mn-10-6-2-7,n142,10,6,2,7
mn-10-6-2-8,n143,10,6,2,8
mn-11-1-1-1,n144,11,1,1,1
mn-11-1-1-2,n145,11,1,1,2
mn-11-1-1-3,n146,11,1,1,3
mn-11-1-1-4,n147,11,1,1,4
mn-11-1-1-5,n148,11,1,1,5
mn-11-1-1-6,n149,11,1,1,6
mn-11-1-1-7,n150,11,1,1,7
mn-11-2-2-1,n151,11,2,2,1
mn-11-2-1-1,n152,11,2,1,1
mn-11-2-2-2,n153,11,2,2,2
mn-11-2-1-2,n154,11,2,1,2
mn-11-5-2-1,n155,11,5,2,1
mn-11-5-2-2,n156,11,5,2,2
mn-11-5-2-3,n157,11,5,2,3
mn-12-1-1-1,n158,12,1,1,1
mn-12-1-1-2,n159,12,1,1,2
mn-12-1-1-3,n160,12,1,1,3
mn-12-1-1-4,n161,12,1,1,4
mn-12-1-1-5,n162,12,1,1,5
mn-12-1-1-6,n163,12,1,1,6
mn-12-2-2-1,n164,12,2,2,1
mn-12-2-1-1,n165,12,2,1,1
mn-12-2-2-2,n166,12,2,2,2
mn-12-2-2-3,n167,12,2,2,3
mn-12-2-2-4,n168,12,2,2,4
mn-12-2-1-2,n169,12,2,1,2
mn-12-5-2-1,n170,12,5,2,1
mn-12-5-2-2,n171,12,5,2,2
mn-12-5-2-3,n172,12,5,2,3
mn-12-5-2-4,n173,12,5,2,4
mn-13-1-1-1,n174,13,1,1,1
mn-13-1-1-2,n175,13,1,1,2
mn-13-1-1-3,n176,13,1,1,3
mn-13-1-1-4,n177,13,1,1,4
mn-13-1-1-5,n178,13,1,1,5
mn-13-1-1-6,n179,13,1,1,6
mn-13-1-1-7,n180,13,1,1,7
mn-13-1-1-8,n181,13,1,1,8
mn-13-1-1-9,n182,13,1,1,9
mn-13-1-1-10,n183,13,1,1,10
mn-13-1-1-11,n184,13,1,1,11
mn-13-1-1-12,n185,13,1,1,12
mn-13-1-1-13,n186,13,1,1,13
mn-13-1-1-14,n187,13,1,1,14
mn-13-1-1-15,n188,13,1,1,15
mn-13-1-1-16,n189,13,1,1,16
mn-13-5-2-1,n190,13,5,2,1
mn-13-5-2-2,n191,13,5,2,2
mn-13-5-2-3,n192,13,5,2,3
mn-13-5-2-4,n193,13,5,2,4
mn-13-5-1-1,n194,13,5,1,1
mn-13-5-1-2,n195,13,5,1,2
mn-13-5-1-3,n196,13,5,1,3
mn-13-5-1-4,n197,13,5,1,4
mn-13-5-1-5,n198,13,5,1,5
mn-14-1-1-1,n199,14,1,1,1
mn-14-1-1-2,n200,14,1,1,2
mn-14-1-1-3,n201,14,1,1,3
mn-14-1-1-4,n202,14,1,1,4
mn-14-1-1-5,n203,14,1,1,5
mn-14-1-1-6,n204,14,1,1,6
mn-14-1-1-7,n205,14,1,1,7
mn-14-1-1-8,n206,14,1,1,8
mn-14-1-1-9,n207,14,1,1,9
mn-14-1-1-10,n208,14,1,1,10
mn-14-1-1-11,n209,14,1,1,11
mn-14-1-1-12,n210,14,1,1,12
mn-14-1-1-13,n211,14,1,1,13
mn-14-1-1-14,n212,14,1,1,14
mn-14-1-1-15,n213,14,1,1,15
mn-14-1-1-16,n214,14,1,1,16
mn-14-5-1-1,n215,14,5,1,1
mn-14-5-1-2,n216,14,5,1,2
mn-14-5-1-3,n217,14,5,1,3
mn-14-5-1-4,n218,14,5,1,4
mn-14-5-1-5,n219,14,5,1,5
mn-14-5-1-6,n220,14,5,1,6
mn-15-1-1-1,n221,15,1,1,1
mn-15-1-1-2,n222,15,1,1,2
mn-15-1-1-3,n223,15,1,1,3
mn-15-1-1-4,n224,15,1,1,4
mn-15-1-1-5,n225,15,1,1,5
mn-15-1-1-6,n226,15,1,1,6
mn-15-1-1-7,n227,15,1,1,7
mn-15-1-1-8,n228,15,1,1,8
mn-15-1-1-9,n229,15,1,1,9
mn-15-1-1-10,n230,15,1,1,10
mn-15-1-1-11,n231,15,1,1,11
mn-15-1-1-12,n232,15,1,1,12
mn-15-1-1-13,n233,15,1,1,13
mn-15-1-1-14,n234,15,1,1,14
mn-15-1-1-15,n235,15,1,1,15
mn-15-1-1-16,n236,15,1,1,16
mn-15-5-1-1,n237,15,5,1,1
mn-15-5-1-2,n238,15,5,1,2
mn-15-5-1-3,n239,15,5,1,3
mn-15-5-1-4,n240,15,5,1,4
mn-15-5-1-5,n241,15,5,1,5
mn-15-5-1-6,n242,15,5,1,6
mn-15-5-1-7,n243,15,5,1,7
mn-15-5-1-8,n244,15,5,1,8
mn-16-1-1-1,n245,16,1,1,1
mn-16-1-1-2,n246,16,1,1,2
mn-16-1-1-3,n247,16,1,1,3
mn-16-1-1-4,n248,16,1,1,4
mn-16-1-1-5,n249,16,1,1,5
mn-16-1-1-6,n250,16,1,1,6
mn-16-1-1-7,n251,16,1,1,7
mn-16-1-1-8,n252,16,1,1,8
mn-16-1-1-9,n253,16,1,1,9
mn-16-1-1-10,n254,16,1,1,10
mn-16-1-1-11,n255,16,1,1,11
mn-16-1-1-12,n256,16,1,1,12
mn-16-1-1-13,n257,16,1,1,13
mn-16-1-1-14,n258,16,1,1,14
mn-16-1-1-15,n259,16,1,1,15
mn-16-1-1-16,n260,16,1,1,16
mn-16-5-1-1,n261,16,5,1,1
mn-16-5-1-2,n262,16,5,1,2
mn-16-5-1-3,n263,16,5,1,3
mn-16-5-1-4,n264,16,5,1,4
mn-16-5-1-5,n265,16,5,1,5
mn-16-5-1-6,n266,16,5,1,6
mn-16-5-1-7,n267,16,5,1,7
mn-16-5-1-8,n268,16,5,1,8
mn-17-1-1-1,n269,17,1,1,1
mn-17-1-1-2,n270,17,1,1,2
mn-17-1-1-3,n271,17,1,1,3
mn-17-1-1-4,n272,17,1,1,4
mn-17-1-1-5,n273,17,1,1,5
mn-17-1-1-6,n274,17,1,1,6
mn-17-1-1-7,n275,17,1,1,7
mn-17-1-1-8,n276,17,1,1,8
mn-17-1-1-9,n277,17,1,1,9
mn-17-1-1-10,n278,17,1,1,10
mn-17-1-1-11,n279,17,1,1,11
mn-17-1-1-12,n280,17,1,1,12
mn-17-1-1-13,n281,17,1,1,13
mn-17-1-1-14,n282,17,1,1,14
mn-17-1-1-15,n283,17,1,1,15
mn-17-1-1-16,n284,17,1,1,16
mn-17-5-2-1,n285,17,5,2,1
mn-17-5-2-2,n286,17,5,2,2
mn-17-5-2-3,n287,17,5,2,3
mn-17-5-2-4,n288,17,5,2,4
mn-17-5-1-1,n289,17,5,1,1
mn-17-5-1-2,n290,17,5,1,2
mn-17-5-1-3,n291,17,5,1,3
mn-17-5-1-4,n292,17,5,1,4
mn-17-5-1-5,n293,17,5,1,5
mn-18-1-1-1,n294,18,1,1,1
mn-18-1-1-2,n295,18,1,1,2
mn-18-1-1-3,n296,18,1,1,3
mn-18-1-1-4,n297,18,1,1,4
mn-18-1-1-5,n298,18,1,1,5
mn-18-1-1-6,n299,18,1,1,6
mn-18-1-1-7,n300,18,1,1,7
mn-18-1-1-8,n301,18,1,1,8
mn-18-1-1-9,n302,18,1,1,9
mn-18-1-1-10,n303,18,1,1,10
mn-18-1-1-11,n304,18,1,1,11
mn-18-1-1-12,n305,18,1,1,12
mn-18-1-1-13,n306,18,1,1,13
mn-18-1-1-14,n307,18,1,1,14
mn-18-1-1-15,n308,18,1,1,15
mn-18-1-1-16,n309,18,1,1,16
mn-18-5-1-1,n310,18,5,1,1
mn-18-5-1-2,n311,18,5,1,2
mn-18-5-1-3,n312,18,5,1,3
mn-18-5-1-4,n313,18,5,1,4
mn-18-5-1-5,n314,18,5,1,5
mn-18-5-1-6,n315,18,5,1,6
mn-19-1-1-1,n316,19,1,1,1
mn-19-1-1-2,n317,19,1,1,2
mn-19-1-1-3,n318,19,1,1,3
mn-19-1-1-4,n319,19,1,1,4
mn-19-1-1-5,n320,19,1,1,5
mn-19-1-1-6,n321,19,1,1,6
mn-19-1-1-7,n322,19,1,1,7
mn-19-1-1-8,n323,19,1,1,8
mn-19-1-1-9,n324,19,1,1,9
mn-19-1-1-10,n325,19,1,1,10
mn-19-1-1-11,n326,19,1,1,11
mn-19-1-1-12,n327,19,1,1,12
mn-19-1-1-13,n328,19,1,1,13
mn-19-1-1-14,n329,19,1,1,14
mn-19-1-1-15,n330,19,1,1,15
mn-19-1-1-16,n331,19,1,1,16
mn-19-5-1-1,n332,19,5,1,1
mn-19-5-1-2,n333,19,5,1,2
mn-19-5-1-3,n334,19,5,1,3
mn-19-5-1-4,n335,19,5,1,4
mn-19-5-1-5,n336,19,5,1,5
mn-19-5-1-6,n337,19,5,1,6
mn-19-5-1-7,n338,19,5,1,7
mn-19-5-1-8,n339,19,5,1,8
mn-20-1-1-1,n340,20,1,1,1
mn-20-1-1-2,n341,20,1,1,2
mn-20-1-1-3,n342,20,1,1,3
mn-20-1-1-4,n343,20,1,1,4
mn-20-1-1-5,n344,20,1,1,5
mn-20-1-1-6,n345,20,1,1,6
mn-20-1-1-7,n346,20,1,1,7
mn-20-1-1-8,n347,20,1,1,8
mn-20-1-1-9,n348,20,1,1,9
mn-20-1-1-10,n349,20,1,1,10
mn-20-1-1-11,n350,20,1,1,11
mn-20-1-1-12,n351,20,1,1,12
mn-20-1-1-13,n352,20,1,1,13
mn-20-1-1-14,n353,20,1,1,14
mn-20-1-1-15,n354,20,1,1,15
mn-20-1-1-16,n355,20,1,1,16
mn-20-5-1-1,n356,20,5,1,1
mn-20-5-2-1,n357,20,5,2,1
mn-20-5-2-2,n358,20,5,2,2
mn-20-5-2-3,n359,20,5,2,3
mn-20-5-2-4,n360,20,5,2,4
mn-21-1-1-1,n361,21,1,1,1
mn-21-1-1-2,n362,21,1,1,2
mn-21-1-1-3,n363,21,1,1,3
mn-21-1-1-4,n364,21,1,1,4
mn-21-1-1-5,n365,21,1,1,5
mn-21-1-1-6,n366,21,1,1,6
mn-21-1-1-7,n367,21,1,1,7
mn-21-2-1-1,n368,21,2,1,1
mn-21-2-1-2,n369,21,2,1,2
mn-21-2-1-3,n370,21,2,1,3
mn-21-2-1-4,n371,21,2,1,4
mn-21-2-1-5,n372,21,2,1,5
mn-21-2-1-6,n373,21,2,1,6
mn-21-5-2-1,n374,21,5,2,1
mn-21-5-2-2,n375,21,5,2,2
mn-21-5-2-3,n376,21,5,2,3
mn-21-5-2-4,n377,21,5,2,4
mn-21-5-2-5,n378,21,5,2,5
mn-21-5-2-6,n379,21,5,2,6
mn-21-5-2-7,n380,21,5,2,7
mn-21-5-2-8,n381,21,5,2,8
mn-21-5-2-9,n382,21,5,2,9
mn-21-5-2-10,n383,21,5,2,10
mn-21-5-2-11,n384,21,5,2,11
mn-21-5-2-12,n385,21,5,2,12
mn-21-5-2-13,n386,21,5,2,13
mn-21-5-2-14,n387,21,5,2,14
mn-21-5-2-15,n388,21,5,2,15
mn-21-5-2-16,n389,21,5,2,16
mn-22-1-1-1,n390,22,1,1,1
mn-22-1-1-2,n391,22,1,1,2
mn-22-1-1-3,n392,22,1,1,3
mn-22-1-1-4,n393,22,1,1,4
mn-22-1-1-5,n394,22,1,1,5
mn-22-1-1-6,n395,22,1,1,6
mn-22-1-1-7,n396,22,1,1,7
mn-22-1-1-8,n397,22,1,1,8
mn-22-1-1-9,n398,22,1,1,9
mn-22-1-1-10,n399,22,1,1,10
mn-22-1-1-11,n400,22,1,1,11
mn-22-1-1-12,n401,22,1,1,12
mn-22-5-2-1,n402,22,5,2,1
mn-22-5-2-2,n403,22,5,2,2
mn-22-5-2-3,n404,22,5,2,3
mn-22-5-2-4,n405,22,5,2,4
mn-22-5-2-5,n406,22,5,2,5
mn-22-5-2-6,n407,22,5,2,6
mn-22-5-2-7,n408,22,5,2,7
mn-22-5-2-8,n409,22,5,2,8
mn-22-5-2-9,n410,22,5,2,9
mn-22-5-2-10,n411,22,5,2,10
mn-22-5-2-11,n412,22,5,2,11
mn-22-5-2-12,n413,22,5,2,12
mn-22-5-2-13,n414,22,5,2,13
mn-22-5-2-14,n415,22,5,2,14
mn-22-5-2-15,n416,22,5,2,15
mn-22-5-2-16,n417,22,5,2,16
mn-23-1-1-1,n418,23,1,1,1
mn-23-1-1-2,n419,23,1,1,2
mn-23-1-1-3,n420,23,1,1,3
mn-23-1-1-4,n421,23,1,1,4
mn-23-1-1-5,n422,23,1,1,5
mn-23-1-1-6,n423,23,1,1,6
mn-23-1-1-7,n424,23,1,1,7
mn-23-1-1-8,n425,23,1,1,8
mn-23-2-1-1,n426,23,2,1,1
mn-23-2-1-2,n427,23,2,1,2
mn-23-2-1-3,n428,23,2,1,3
mn-23-2-1-4,n429,23,2,1,4
mn-23-2-1-5,n430,23,2,1,5
mn-23-2-1-6,n431,23,2,1,6
mn-23-5-2-1,n432,23,5,2,1
mn-23-5-2-2,n433,23,5,2,2
mn-23-5-2-3,n434,23,5,2,3
mn-23-5-2-4,n435,23,5,2,4
mn-23-5-2-5,n436,23,5,2,5
mn-23-5-2-6,n437,23,5,2,6
mn-23-5-2-7,n438,23,5,2,7
mn-23-5-2-8,n439,23,5,2,8
mn-23-5-2-9,n440,23,5,2,9
mn-23-5-2-10,n441,23,5,2,10
mn-23-5-2-11,n442,23,5,2,11
mn-23-5-2-12,n443,23,5,2,12
mn-23-5-2-13,n444,23,5,2,13
mn-23-5-2-14,n445,23,5,2,14
mn-23-5-2-15,n446,23,5,2,15
mn-23-5-2-16,n447,23,5,2,16
mn-24-1-1-1,n448,24,1,1,1
mn-24-1-1-2,n449,24,1,1,2
mn-24-1-1-3,n450,24,1,1,3
mn-24-1-1-4,n451,24,1,1,4
mn-24-1-1-5,n452,24,1,1,5
mn-24-1-1-6,n453,24,1,1,6
mn-24-1-1-7,n454,24,1,1,7
mn-24-1-1-8,n455,24,1,1,8
mn-24-1-1-9,n456,24,1,1,9
mn-24-1-1-10,n457,24,1,1,10
mn-24-1-1-11,n458,24,1,1,11
mn-24-1-1-12,n459,24,1,1,12
mn-24-1-1-13,n460,24,1,1,13
mn-24-1-1-14,n461,24,1,1,14
mn-24-1-1-15,n462,24,1,1,15
mn-24-5-2-1,n463,24,5,2,1
mn-24-5-2-2,n464,24,5,2,2
mn-24-5-2-3,n465,24,5,2,3
mn-24-5-2-4,n466,24,5,2,4
mn-24-5-2-5,n467,24,5,2,5
mn-24-5-2-6,n468,24,5,2,6
mn-24-5-2-7,n469,24,5,2,7
mn-24-5-2-8,n470,24,5,2,8
mn-24-5-2-9,n471,24,5,2,9
mn-24-5-2-10,n472,24,5,2,10
mn-24-5-2-11,n473,24,5,2,11
mn-24-5-2-12,n474,24,5,2,12
mn-24-5-2-13,n475,24,5,2,13
mn-24-5-2-14,n476,24,5,2,14
mn-24-5-2-15,n477,24,5,2,15
mn-24-5-2-16,n478,24,5,2,16
mn-25-1-1-1,n479,25,1,1,1
mn-25-1-1-2,n480,25,1,1,2
mn-25-1-1-3,n481,25,1,1,3
mn-25-1-1-4,n482,25,1,1,4
mn-25-1-1-5,n483,25,1,1,5
mn-25-1-1-6,n484,25,1,1,6
mn-25-1-1-7,n485,25,1,1,7
mn-25-1-1-8,n486,25,1,1,8
mn-25-1-1-9,n487,25,1,1,9
mn-25-1-1-10,n488,25,1,1,10
mn-25-1-1-11,n489,25,1,1,11
mn-25-1-1-12,n490,25,1,1,12
mn-25-1-1-13,n491,25,1,1,13
mn-25-1-1-14,n492,25,1,1,14
mn-25-1-1-15,n493,25,1,1,15
mn-25-1-1-16,n494,25,1,1,16
mn-25-1-1-17,n495,25,1,1,17
mn-25-5-2-1,n496,25,5,2,1
mn-25-5-2-2,n497,25,5,2,2
mn-25-5-2-3,n498,25,5,2,3
mn-25-5-2-4,n499,25,5,2,4
mn-25-5-2-5,n500,25,5,2,5
mn-25-5-2-6,n501,25,5,2,6
mn-25-5-2-7,n502,25,5,2,7
mn-25-5-2-8,n503,25,5,2,8
mn-25-5-2-9,n504,25,5,2,9
mn-25-5-2-10,n505,25,5,2,10
mn-26-1-1-1,n506,26,1,1,1
mn-26-1-1-2,n507,26,1,1,2
mn-26-1-1-3,n508,26,1,1,3
mn-26-5-2-1,n509,26,5,2,1
mn-26-5-2-2,n510,26,5,2,2
mn-26-5-2-3,n511,26,5,2,3
mn-27-1-1-1,n512,27,1,1,1
mn-27-1-1-2,n513,27,1,1,2
mn-27-1-1-3,n514,27,1,1,3
mn-27-1-1-4,n515,27,1,1,4
mn-27-1-1-5,n516,27,1,1,5
mn-27-1-1-6,n517,27,1,1,6
mn-27-1-1-7,n518,27,1,1,7
mn-27-2-1-1,n519,27,2,1,1
mn-27-2-1-2,n520,27,2,1,2
mn-27-2-1-3,n521,27,2,1,3
mn-27-2-1-4,n522,27,2,1,4
mn-27-2-1-5,n523,27,2,1,5
mn-27-5-2-1,n524,27,5,2,1
mn-27-5-2-2,n525,27,5,2,2
mn-27-5-2-3,n526,27,5,2,3
mn-27-5-2-4,n527,27,5,2,4
mn-27-5-2-5,n528,27,5,2,5
mn-27-5-2-6,n529,27,5,2,6
mn-27-5-2-7,n530,27,5,2,7
mn-27-5-2-8,n531,27,5,2,8
mn-28-1-1-1,n532,28,1,1,1
mn-28-1-1-2,n533,28,1,1,2
mn-28-1-1-3,n534,28,1,1,3
mn-28-1-1-4,n535,28,1,1,4
mn-28-1-1-5,n536,28,1,1,5
mn-28-1-1-6,n537,28,1,1,6
mn-28-5-2-1,n538,28,5,2,1
mn-28-5-2-2,n539,28,5,2,2
mn-28-5-2-3,n540,28,5,2,3
mn-28-5-2-4,n541,28,5,2,4
mn-28-5-2-5,n542,28,5,2,5
mn-28-5-2-6,n543,28,5,2,6
mn-28-5-2-7,n544,28,5,2,7
mn-28-5-2-8,n545,28,5,2,8
mn-29-1-1-1,n546,29,1,1,1
mn-29-1-1-2,n547,29,1,1,2
mn-29-1-1-3,n548,29,1,1,3
mn-29-1-1-4,n549,29,1,1,4
mn-29-1-1-5,n550,29,1,1,5
mn-29-1-1-6,n551,29,1,1,6
mn-29-1-1-7,n552,29,1,1,7
mn-29-1-1-8,n553,29,1,1,8
mn-29-5-2-1,n554,29,5,2,1
mn-29-5-2-2,n555,29,5,2,2
mn-29-5-2-3,n556,29,5,2,3
mn-29-5-2-4,n557,29,5,2,4
mn-29-5-2-5,n558,29,5,2,5
mn-29-5-2-6,n559,29,5,2,6
mn-29-5-2-7,n560,29,5,2,7
mn-29-5-2-8,n561,29,5,2,8
mn-30-1-1-1,n562,30,1,1,1
mn-30-1-1-2,n563,30,1,1,2
mn-30-1-1-3,n564,30,1,1,3
mn-30-1-1-4,n565,30,1,1,4
mn-30-1-1-5,n566,30,1,1,5
mn-30-1-1-6,n567,30,1,1,6
mn-30-1-1-7,n568,30,1,1,7
mn-30-1-1-8,n569,30,1,1,8
mn-30-5-2-1,n570,30,5,2,1
mn-30-5-2-2,n571,30,5,2,2
mn-30-5-2-3,n572,30,5,2,3
mn-30-5-2-4,n573,30,5,2,4
mn-30-5-2-5,n574,30,5,2,5
mn-30-5-2-6,n575,30,5,2,6
mn-30-5-2-7,n576,30,5,2,7
mn-30-5-2-8,n577,30,5,2,8
mn-31-1-1-1,n578,31,1,1,1
mn-31-1-1-2,n579,31,1,1,2
mn-31-1-1-3,n580,31,1,1,3
mn-31-5-2-1,n581,31,5,2,1
mn-31-5-2-2,n582,31,5,2,2
mn-31-5-2-3,n583,31,5,2,3
mn-31-5-2-4,n584,31,5,2,4
mn-31-5-2-5,n585,31,5,2,5
mn-31-5-2-6,n586,31,5,2,6
mn-31-5-2-7,n587,31,5,2,7
mn-31-5-2-8,n588,31,5,2,8
mn-32-1-1-1,n589,32,1,1,1
mn-32-1-1-2,n590,32,1,1,2
mn-32-1-1-3,n591,32,1,1,3
mn-32-5-2-1,n592,32,5,2,1
mn-32-5-2-2,n593,32,5,2,2
mn-32-5-2-3,n594,32,5,2,3
mn-32-5-2-4,n595,32,5,2,4
mn-32-5-2-5,n596,32,5,2,5
mn-32-5-2-6,n597,32,5,2,6
mn-32-5-2-7,n598,32,5,2,7
mn-32-5-2-8,n599,32,5,2,8
mn-33-1-1-1,n600,33,1,1,1
mn-33-1-1-2,n601,33,1,1,2
mn-33-1-1-3,n602,33,1,1,3
mn-33-1-1-4,n603,33,1,1,4
mn-33-1-1-5,n604,33,1,1,5
mn-33-1-1-6,n605,33,1,1,6
mn-33-1-1-7,n606,33,1,1,7
mn-33-1-1-8,n607,33,1,1,8
mn-33-5-2-1,n608,33,5,2,1
mn-33-5-2-2,n609,33,5,2,2
mn-33-5-2-3,n610,33,5,2,3
mn-33-5-2-4,n611,33,5,2,4
mn-33-5-2-5,n612,33,5,2,5
mn-33-5-2-6,n613,33,5,2,6
mn-33-5-2-7,n614,33,5,2,7
mn-33-5-2-8,n615,33,5,2,8
mn-34-1-1-1,n616,34,1,1,1
mn-34-1-1-2,n617,34,1,1,2
mn-34-1-1-3,n618,34,1,1,3
mn-34-1-1-4,n619,34,1,1,4
mn-34-1-1-5,n620,34,1,1,5
mn-34-1-1-6,n621,34,1,1,6
mn-34-5-2-1,n622,34,5,2,1
mn-34-5-2-2,n623,34,5,2,2
mn-34-5-2-3,n624,34,5,2,3
mn-34-5-2-4,n625,34,5,2,4
mn-34-5-2-5,n626,34,5,2,5
mn-34-5-2-6,n627,34,5,2,6
mn-34-5-2-7,n628,34,5,2,7
mn-34-5-2-8,n629,34,5,2,8
mn-35-1-1-1,n630,35,1,1,1
mn-35-1-1-2,n631,35,1,1,2
mn-35-1-1-3,n632,35,1,1,3
mn-35-1-1-4,n633,35,1,1,4
mn-35-1-1-5,n634,35,1,1,5
mn-35-1-1-6,n635,35,1,1,6
mn-35-1-1-7,n636,35,1,1,7
mn-35-1-1-8,n637,35,1,1,8
mn-35-5-2-1,n638,35,5,2,1
mn-35-5-2-2,n639,35,5,2,2
mn-35-5-2-3,n640,35,5,2,3
mn-35-5-2-4,n641,35,5,2,4
mn-35-5-2-5,n642,35,5,2,5
mn-35-5-2-6,n643,35,5,2,6
mn-35-5-2-7,n644,35,5,2,7
mn-35-5-2-8,n645,35,5,2,8
mn-36-1-1-1,n646,36,1,1,1
mn-36-1-1-2,n647,36,1,1,2
mn-36-1-1-3,n648,36,1,1,3
mn-36-1-1-4,n649,36,1,1,4
mn-36-1-1-5,n650,36,1,1,5
mn-36-1-1-6,n651,36,1,1,6
mn-36-1-1-7,n652,36,1,1,7
mn-36-1-1-8,n653,36,1,1,8
mn-36-5-2-1,n654,36,5,2,1
mn-36-5-2-2,n655,36,5,2,2
mn-36-5-2-3,n656,36,5,2,3
mn-36-5-2-4,n657,36,5,2,4
mn-36-5-2-5,n658,36,5,2,5
mn-36-5-2-6,n659,36,5,2,6
mn-36-5-2-7,n660,36,5,2,7
mn-36-5-2-8,n661,36,5,2,8
mn-37-1-1-1,n662,37,1,1,1
mn-37-1-1-2,n663,37,1,1,2
mn-37-1-1-3,n664,37,1,1,3
mn-37-5-2-1,n665,37,5,2,1
mn-37-5-2-2,n666,37,5,2,2
mn-37-5-2-3,n667,37,5,2,3
mn-37-5-2-4,n668,37,5,2,4
mn-37-5-2-5,n669,37,5,2,5
mn-37-5-2-6,n670,37,5,2,6
mn-37-5-2-7,n671,37,5,2,7
mn-37-5-2-8,n672,37,5,2,8
mn-38-1-1-1,n673,38,1,1,1
mn-38-1-1-2,n674,38,1,1,2
mn-38-1-1-3,n675,38,1,1,3
mn-38-5-2-1,n676,38,5,2,1
mn-38-5-2-2,n677,38,5,2,2
mn-38-5-2-3,n678,38,5,2,3
mn-38-5-2-4,n679,38,5,2,4
mn-38-5-2-5,n680,38,5,2,5
mn-38-5-2-6,n681,38,5,2,6
mn-38-5-2-7,n682,38,5,2,7
mn-38-5-2-8,n683,38,5,2,8
mn-39-1-1-1,n684,39,1,1,1
mn-39-1-1-2,n685,39,1,1,2
mn-39-1-1-3,n686,39,1,1,3
mn-39-1-1-4,n687,39,1,1,4
mn-39-1-1-5,n688,39,1,1,5
mn-39-1-1-6,n689,39,1,1,6
mn-39-1-1-7,n690,39,1,1,7
mn-39-1-1-8,n691,39,1,1,8
mn-39-1-1-9,n692,39,1,1,9
mn-39-1-1-10,n693,39,1,1,10
mn-39-1-1-11,n694,39,1,1,11
mn-39-1-1-12,n695,39,1,1,12
mn-39-1-1-13,n696,39,1,1,13
mn-39-5-2-1,n697,39,5,2,1
mn-39-5-2-2,n698,39,5,2,2
mn-39-5-2-3,n699,39,5,2,3
mn-39-5-2-4,n700,39,5,2,4
mn-39-5-2-5,n701,39,5,2,5
mn-39-5-2-6,n702,39,5,2,6
mn-39-5-2-7,n703,39,5,2,7
mn-39-5-2-8,n704,39,5,2,8
mn-39-5-2-9,n705,39,5,2,9
mn-39-5-2-10,n706,39,5,2,10
mn-39-5-2-11,n707,39,5,2,11
mn-39-5-2-12,n708,39,5,2,12
mn-39-5-2-13,n709,39,5,2,13
mn-39-5-2-14,n710,39,5,2,14
mn-39-5-2-15,n711,39,5,2,15
mn-40-1-1-1,n712,40,1,1,1
mn-40-1-1-2,n713,40,1,1,2
mn-40-1-1-3,n714,40,1,1,3
mn-40-1-1-4,n715,40,1,1,4
mn-40-1-1-5,n716,40,1,1,5
mn-40-1-1-6,n717,40,1,1,6
mn-40-1-1-7,n718,40,1,1,7
mn-40-1-1-8,n719,40,1,1,8
mn-40-5-2-1,n720,40,5,2,1
mn-40-5-2-2,n721,40,5,2,2
mn-40-5-2-3,n722,40,5,2,3
mn-40-5-2-4,n723,40,5,2,4
mn-40-5-2-5,n724,40,5,2,5
mn-40-5-2-6,n725,40,5,2,6
mn-40-5-2-7,n726,40,5,2,7
mn-40-5-2-8,n727,40,5,2,8
mn-40-5-2-9,n728,40,5,2,9
mn-40-5-2-10,n729,40,5,2,10
mn-40-5-2-11,n730,40,5,2,11
mn-40-5-2-12,n731,40,5,2,12
mn-40-5-2-13,n732,40,5,2,13
mn-40-5-2-14,n733,40,5,2,14
mn-41-1-1-1,n734,41,1,1,1
mn-41-1-1-2,n735,41,1,1,2
mn-41-1-1-3,n736,41,1,1,3
mn-41-1-1-4,n737,41,1,1,4
mn-41-1-1-5,n738,41,1,1,5
mn-41-1-1-6,n739,41,1,1,6
mn-41-1-1-7,n740,41,1,1,7
mn-41-1-1-8,n741,41,1,1,8
mn-41-1-1-9,n742,41,1,1,9
mn-41-1-1-10,n743,41,1,1,10
mn-41-1-1-11,n744,41,1,1,11
mn-41-1-1-12,n745,41,1,1,12
mn-41-1-1-13,n746,41,1,1,13
mn-41-1-1-14,n747,41,1,1,14
mn-41-1-1-15,n748,41,1,1,15
mn-41-1-1-16,n749,41,1,1,16
mn-41-5-2-1,n750,41,5,2,1
mn-41-5-2-2,n751,41,5,2,2
mn-41-5-2-3,n752,41,5,2,3
mn-41-5-2-4,n753,41,5,2,4
mn-41-5-2-5,n754,41,5,2,5
mn-41-5-2-6,n755,41,5,2,6
mn-41-5-2-7,n756,41,5,2,7
mn-41-5-2-8,n757,41,5,2,8
mn-41-5-2-9,n758,41,5,2,9
mn-41-5-2-10,n759,41,5,2,10
mn-41-5-2-11,n760,41,5,2,11
mn-41-5-2-12,n761,41,5,2,12
mn-41-5-2-13,n762,41,5,2,13
mn-41-5-2-14,n763,41,5,2,14
mn-41-5-2-15,n764,41,5,2,15
mn-42-1-1-1,n765,42,1,1,1
mn-42-1-1-2,n766,42,1,1,2
mn-42-1-1-3,n767,42,1,1,3
mn-42-1-1-4,n768,42,1,1,4
mn-42-1-1-5,n769,42,1,1,5
mn-42-1-1-6,n770,42,1,1,6
mn-42-5-2-1,n771,42,5,2,1
mn-42-5-2-2,n772,42,5,2,2
mn-42-5-2-3,n773,42,5,2,3
mn-42-5-2-4,n774,42,5,2,4
mn-42-5-2-5,n775,42,5,2,5
mn-42-5-2-6,n776,42,5,2,6
mn-42-5-2-7,n777,42,5,2,7
mn-42-5-2-8,n778,42,5,2,8
mn-42-5-2-9,n779,42,5,2,9
mn-42-5-2-10,n780,42,5,2,10
mn-42-5-2-11,n781,42,5,2,11
mn-43-1-1-1,n782,43,1,1,1
mn-43-1-1-2,n783,43,1,1,2
mn-43-1-1-3,n784,43,1,1,3
mn-43-1-1-4,n785,43,1,1,4
mn-43-1-1-5,n786,43,1,1,5
mn-43-1-1-6,n787,43,1,1,6
mn-43-1-1-7,n788,43,1,1,7
mn-43-1-1-8,n789,43,1,1,8
mn-43-1-1-9,n790,43,1,1,9
mn-43-1-1-10,n791,43,1,1,10
mn-43-1-1-11,n792,43,1,1,11
mn-43-1-1-12,n793,43,1,1,12
mn-43-1-1-13,n794,43,1,1,13
mn-43-1-1-14,n795,43,1,1,14
mn-43-1-1-15,n796,43,1,1,15
mn-43-1-1-16,n797,43,1,1,16
mn-43-5-2-1,n798,43,5,2,1
mn-43-5-2-2,n799,43,5,2,2
mn-43-5-2-3,n800,43,5,2,3
mn-43-5-2-4,n801,43,5,2,4
mn-43-5-2-5,n802,43,5,2,5
mn-43-5-2-6,n803,43,5,2,6
mn-43-5-2-7,n804,43,5,2,7
mn-43-5-2-8,n805,43,5,2,8
mn-43-5-2-9,n806,43,5,2,9
mn-43-5-2-10,n807,43,5,2,10
mn-43-5-2-11,n808,43,5,2,11
mn-43-5-2-12,n809,43,5,2,12
mn-43-5-2-13,n810,43,5,2,13
mn-43-5-2-14,n811,43,5,2,14
mn-43-5-2-15,n812,43,5,2,15
mn-43-5-2-16,n813,43,5,2,16
mn-44-1-1-1,n814,44,1,1,1
mn-44-1-1-2,n815,44,1,1,2
mn-44-1-1-3,n816,44,1,1,3
mn-44-1-1-4,n817,44,1,1,4
mn-44-1-1-5,n818,44,1,1,5
mn-44-1-1-6,n819,44,1,1,6
mn-44-1-1-7,n820,44,1,1,7
mn-44-1-1-8,n821,44,1,1,8
mn-44-1-1-9,n822,44,1,1,9
mn-44-1-1-10,n823,44,1,1,10
mn-44-1-1-11,n824,44,1,1,11
mn-44-1-1-12,n825,44,1,1,12
mn-44-1-1-13,n826,44,1,1,13
mn-44-5-2-1,n827,44,5,2,1
mn-44-5-2-2,n828,44,5,2,2
mn-44-5-2-3,n829,44,5,2,3
mn-44-5-2-4,n830,44,5,2,4
mn-44-5-2-5,n831,44,5,2,5
mn-44-5-2-6,n832,44,5,2,6
mn-44-5-2-7,n833,44,5,2,7
mn-44-5-2-8,n834,44,5,2,8
mn-44-5-2-9,n835,44,5,2,9
mn-44-5-2-10,n836,44,5,2,10
mn-44-5-2-11,n837,44,5,2,11
mn-44-5-2-12,n838,44,5,2,12
mn-44-5-2-13,n839,44,5,2,13
mn-44-5-2-14,n840,44,5,2,14
mn-44-5-2-15,n841,44,5,2,15
mn-45-1-1-1,n842,45,1,1,1
mn-45-1-1-2,n843,45,1,1,2
mn-45-1-1-3,n844,45,1,1,3
mn-45-1-1-4,n845,45,1,1,4
mn-45-1-1-5,n846,45,1,1,5
mn-45-1-1-6,n847,45,1,1,6
mn-45-1-1-7,n848,45,1,1,7
mn-45-1-1-8,n849,45,1,1,8
mn-45-2-1-1,n850,45,2,1,1
mn-45-2-1-2,n851,45,2,1,2
mn-45-2-1-3,n852,45,2,1,3
mn-45-2-1-4,n853,45,2,1,4
mn-45-2-1-5,n854,45,2,1,5
mn-45-2-1-6,n855,45,2,1,6
mn-45-2-1-7,n856,45,2,1,7
mn-45-2-1-8,n857,45,2,1,8
mn-45-2-1-9,n858,45,2,1,9
mn-45-2-1-10,n859,45,2,1,10
mn-45-2-1-11,n860,45,2,1,11
mn-45-2-1-12,n861,45,2,1,12
mn-45-5-2-1,n862,45,5,2,1
mn-45-5-2-2,n863,45,5,2,2
mn-45-5-2-3,n864,45,5,2,3
mn-45-5-2-4,n865,45,5,2,4
mn-45-5-2-5,n866,45,5,2,5
mn-46-1-1-1,n867,46,1,1,1
mn-46-1-1-2,n868,46,1,1,2
mn-46-1-1-3,n869,46,1,1,3
mn-46-1-1-4,n870,46,1,1,4
mn-46-1-1-5,n871,46,1,1,5
mn-46-1-1-6,n872,46,1,1,6
mn-46-1-1-7,n873,46,1,1,7
mn-46-1-1-8,n874,46,1,1,8
mn-46-2-1-1,n875,46,2,1,1
mn-46-2-1-2,n876,46,2,1,2
mn-46-2-1-3,n877,46,2,1,3
mn-46-2-1-4,n878,46,2,1,4
mn-46-2-1-5,n879,46,2,1,5
mn-46-2-1-6,n880,46,2,1,6
mn-46-5-2-1,n881,46,5,2,1
mn-47-1-1-1,n882,47,1,1,1
mn-47-1-1-2,n883,47,1,1,2
mn-47-1-1-3,n884,47,1,1,3
mn-47-1-1-4,n885,47,1,1,4
mn-47-1-1-5,n886,47,1,1,5
mn-47-1-1-6,n887,47,1,1,6
mn-47-1-1-7,n888,47,1,1,7
mn-47-1-1-8,n889,47,1,1,8
mn-47-5-2-1,n890,47,5,2,1
mn-47-5-2-2,n891,47,5,2,2
mn-48-1-1-1,n892,48,1,1,1
mn-48-1-1-2,n893,48,1,1,2
mn-48-1-1-3,n894,48,1,1,3
mn-48-5-2-1,r3,48,5,2,1
mn-48-5-2-2,n895,48,5,2,2
mn-48-5-2-3,n896,48,5,2,3
mn-48-5-2-4,n897,48,5,2,4
mn-48-5-2-5,n898,48,5,2,5
mn-48-5-2-6,n899,48,5,2,6
mn-48-5-2-7,n900,48,5,2,7
mn-48-5-2-8,n901,48,5,2,8
mn-48-6-2-1,n902,48,6,2,1
mn-49-1-1-1,n903,49,1,1,1
mn-49-1-1-2,n904,49,1,1,2
mn-49-1-1-3,n905,49,1,1,3
mn-49-1-1-4,n906,49,1,1,4
mn-49-1-1-5,n907,49,1,1,5
mn-49-1-1-6,n908,49,1,1,6
mn-49-1-1-7,n909,49,1,1,7
mn-49-1-1-8,n910,49,1,1,8
mn-49-5-2-1,n911,49,5,2,1
mn-49-5-2-2,n912,49,5,2,2
mn-49-5-2-3,n913,49,5,2,3
mn-49-6-2-1,n914,49,6,2,1
mn-50-1-1-1,n915,50,1,1,1
mn-50-1-1-2,n916,50,1,1,2
mn-50-1-1-3,n917,50,1,1,3
mn-50-5-2-1,r4,50,5,2,1
mn-50-5-2-2,n918,50,5,2,2
mn-50-5-2-3,n919,50,5,2,3
mn-50-5-2-4,n920,50,5,2,4
mn-50-5-2-5,n921,50,5,2,5
mn-50-5-2-6,n922,50,5,2,6
mn-50-5-2-7,n923,50,5,2,7
mn-50-5-2-8,n924,50,5,2,8
mn-50-6-2-1,n925,50,6,2,1
mn-51-1-1-1,n926,51,1,1,1
mn-51-1-1-2,n927,51,1,1,2
mn-51-1-1-3,n928,51,1,1,3
mn-51-1-1-4,n929,51,1,1,4
mn-51-1-1-5,n930,51,1,1,5
mn-51-1-1-6,n931,51,1,1,6
mn-51-1-1-7,n932,51,1,1,7
mn-51-1-1-8,n933,51,1,1,8
mn-51-5-2-1,n934,51,5,2,1
mn-51-5-2-2,n935,51,5,2,2
mn-52-1-1-1,n936,52,1,1,1
mn-52-1-1-2,n937,52,1,1,2
mn-52-1-1-3,n938,52,1,1,3
mn-52-1-1-4,n939,52,1,1,4
mn-52-1-1-5,n940,52,1,1,5
mn-52-1-1-6,n941,52,1,1,6
mn-52-1-1-7,n942,52,1,1,7
mn-52-1-1-8,n943,52,1,1,8
mn-52-5-2-1,n944,52,5,2,1
mn-52-5-2-2,n945,52,5,2,2
mn-52-5-2-3,n946,52,5,2,3
mn-52-5-2-4,n947,52,5,2,4
mn-53-1-1-1,n948,53,1,1,1
mn-53-1-1-2,n949,53,1,1,2
mn-53-1-1-3,n950,53,1,1,3
mn-53-1-1-4,n951,53,1,1,4
mn-53-1-1-5,n952,53,1,1,5
mn-53-1-1-6,n953,53,1,1,6
mn-53-1-1-7,n954,53,1,1,7
mn-53-1-1-8,n955,53,1,1,8
mn-53-5-2-1,n956,53,5,2,1
mn-53-5-2-2,n957,53,5,2,2
mn-53-5-2-3,n958,53,5,2,3
mn-53-5-2-4,n959,53,5,2,4
mn-54-1-1-1,n960,54,1,1,1
mn-54-1-1-2,n961,54,1,1,2
mn-54-1-1-3,n962,54,1,1,3
mn-54-1-1-4,n963,54,1,1,4
mn-54-1-1-5,n964,54,1,1,5
mn-54-1-1-6,n965,54,1,1,6
mn-54-1-1-7,n966,54,1,1,7
mn-54-1-1-8,n967,54,1,1,8
mn-54-5-2-1,n968,54,5,2,1
mn-54-5-2-2,n969,54,5,2,2
mn-54-5-2-3,n970,54,5,2,3
mn-54-5-2-4,n971,54,5,2,4
mn-55-1-1-1,n972,55,1,1,1
mn-55-1-1-2,n973,55,1,1,2
mn-55-1-1-3,n974,55,1,1,3
mn-55-5-2-1,n975,55,5,2,1
mn-55-5-2-2,n976,55,5,2,2
mn-55-5-2-3,n977,55,5,2,3
mn-55-5-2-4,n978,55,5,2,4
mn-55-5-2-5,n979,55,5,2,5
mn-55-5-2-6,n980,55,5,2,6
mn-55-5-2-7,n981,55,5,2,7
mn-55-5-2-8,n982,55,5,2,8
mn-56-1-1-1,n983,56,1,1,1
mn-56-1-1-2,n984,56,1,1,2
mn-56-1-1-3,n985,56,1,1,3
mn-56-1-1-4,n986,56,1,1,4
mn-56-1-1-5,n987,56,1,1,5
mn-56-1-1-6,n988,56,1,1,6
mn-56-1-1-7,n989,56,1,1,7
mn-56-1-1-8,n990,56,1,1,8
mn-56-2-1-1,n991,56,2,1,1
mn-56-2-1-2,n992,56,2,1,2
mn-56-2-1-3,n993,56,2,1,3
mn-56-2-1-4,n994,56,2,1,4
mn-56-5-2-1,n995,56,5,2,1
mn-56-5-2-2,n996,56,5,2,2
mn-56-5-2-3,n997,56,5,2,3
mn-56-6-2-1,n998,56,6,2,1
mn-57-1-1-1,n999,57,1,1,1
mn-57-1-1-2,n1000,57,1,1,2
mn-57-1-1-3,n1001,57,1,1,3
mn-57-5-2-1,n1002,57,5,2,1
mn-57-5-2-2,n1003,57,5,2,2
mn-57-5-2-3,n1004,57,5,2,3
mn-57-5-2-4,n1005,57,5,2,4
mn-57-5-2-5,n1006,57,5,2,5
mn-57-5-2-6,n1007,57,5,2,6
mn-57-5-2-7,n1008,57,5,2,7
mn-57-5-2-8,n1009,57,5,2,8
mn-57-6-2-1,n1010,57,6,2,1
mn-58-1-1-1,n1011,58,1,1,1
mn-58-1-1-2,n1012,58,1,1,2
mn-58-1-1-3,n1013,58,1,1,3
mn-58-1-1-4,n1014,58,1,1,4
mn-58-1-1-5,n1015,58,1,1,5
mn-58-1-1-6,n1016,58,1,1,6
mn-58-1-1-7,n1017,58,1,1,7
mn-58-1-1-8,n1018,58,1,1,8
mn-58-2-1-1,n1019,58,2,1,1
mn-58-2-1-2,n1020,58,2,1,2
mn-58-2-1-3,n1021,58,2,1,3
mn-58-2-1-4,n1022,58,2,1,4
mn-58-5-2-1,n1023,58,5,2,1
mn-58-5-2-2,n1024,58,5,2,2
mn-58-5-2-3,n1025,58,5,2,3
mn-58-6-2-1,n1026,58,6,2,1
mn-59-1-1-1,n1027,59,1,1,1
mn-59-1-1-2,n1028,59,1,1,2
mn-59-1-1-3,n1029,59,1,1,3
mn-59-1-1-4,n1030,59,1,1,4
mn-59-1-1-5,n1031,59,1,1,5
mn-59-1-1-6,n1032,59,1,1,6
mn-59-1-1-7,n1033,59,1,1,7
mn-59-1-1-8,n1034,59,1,1,8
mn-59-2-1-1,n1035,59,2,1,1
mn-59-2-1-2,n1036,59,2,1,2
mn-59-2-1-3,n1037,59,2,1,3
mn-59-2-1-4,n1038,59,2,1,4
mn-59-2-1-5,n1039,59,2,1,5
mn-59-2-1-6,n1040,59,2,1,6
mn-59-2-1-7,n1041,59,2,1,7
mn-59-2-1-8,n1042,59,2,1,8
mn-59-5-2-1,n1043,59,5,2,1
mn-59-5-2-2,n1044,59,5,2,2
mn-59-5-2-3,n1045,59,5,2,3
mn-60-1-1-1,n1046,60,1,1,1
mn-60-1-1-2,n1047,60,1,1,2
mn-60-1-1-3,n1048,60,1,1,3
mn-60-1-1-4,n1049,60,1,1,4
mn-60-1-1-5,n1050,60,1,1,5
mn-60-1-1-6,n1051,60,1,1,6
mn-60-1-1-7,n1052,60,1,1,7
mn-60-1-1-8,n1053,60,1,1,8
mn-60-5-2-1,n1054,60,5,2,1
mn-60-5-2-2,n1055,60,5,2,2
mn-60-5-2-3,n1056,60,5,2,3
mn-60-5-2-4,n1057,60,5,2,4
mn-61-1-1-1,n1058,61,1,1,1
mn-61-1-1-2,n1059,61,1,1,2
mn-61-1-1-3,n1060,61,1,1,3
mn-61-1-1-4,n1061,61,1,1,4
mn-61-1-1-5,n1062,61,1,1,5
mn-61-1-1-6,n1063,61,1,1,6
mn-61-1-1-7,n1064,61,1,1,7
mn-61-1-1-8,n1065,61,1,1,8
mn-61-1-1-9,n1066,61,1,1,9
mn-61-1-1-10,n1067,61,1,1,10
mn-61-1-1-11,n1068,61,1,1,11
mn-61-1-1-12,n1069,61,1,1,12
mn-61-1-1-13,n1070,61,1,1,13
mn-61-1-1-14,n1071,61,1,1,14
mn-61-1-1-15,n1072,61,1,1,15
mn-61-1-1-16,n1073,61,1,1,16
mn-61-5-2-1,n1074,61,5,2,1
mn-61-5-2-2,n1075,61,5,2,2
mn-61-5-2-3,n1076,61,5,2,3
mn-61-5-2-4,n1077,61,5,2,4
mn-61-5-2-5,n1078,61,5,2,5
mn-61-5-2-6,n1079,61,5,2,6
mn-61-5-2-7,n1080,61,5,2,7
mn-61-5-2-8,n1081,61,5,2,8
mn-61-5-2-9,n1082,61,5,2,9
mn-61-5-2-10,n1083,61,5,2,10
mn-61-5-1-1,n1084,61,5,1,1
mn-61-5-1-2,n1085,61,5,1,2
mn-61-5-1-3,n1086,61,5,1,3
mn-61-5-1-4,n1087,61,5,1,4
mn-62-1-1-1,n1088,62,1,1,1
mn-62-1-1-2,n1089,62,1,1,2
mn-62-1-1-3,n1090,62,1,1,3
mn-62-1-1-4,n1091,62,1,1,4
mn-62-1-1-5,n1092,62,1,1,5
mn-62-1-1-6,n1093,62,1,1,6
mn-62-1-1-7,n1094,62,1,1,7
mn-62-1-1-8,n1095,62,1,1,8
mn-62-1-1-9,n1096,62,1,1,9
mn-62-1-1-10,n1097,62,1,1,10
mn-62-1-1-11,n1098,62,1,1,11
mn-62-1-1-12,n1099,62,1,1,12
mn-62-1-1-13,n1100,62,1,1,13
mn-62-1-1-14,n1101,62,1,1,14
mn-62-1-1-15,n1102,62,1,1,15
mn-62-1-1-16,n1103,62,1,1,16
mn-62-5-1-1,n1104,62,5,1,1
mn-62-5-1-2,n1105,62,5,1,2
mn-62-5-1-3,n1106,62,5,1,3
mn-62-5-1-4,n1107,62,5,1,4
mn-62-5-1-5,n1108,62,5,1,5
mn-62-5-1-6,n1109,62,5,1,6
mn-62-5-1-7,n1110,62,5,1,7
mn-62-5-1-8,n1111,62,5,1,8
mn-62-5-2-1,r5,62,5,2,1
mn-63-1-1-1,n1112,63,1,1,1
mn-63-1-1-2,n1113,63,1,1,2
mn-63-1-1-3,n1114,63,1,1,3
mn-63-1-1-4,n1115,63,1,1,4
mn-63-1-1-5,n1116,63,1,1,5
mn-63-1-1-6,n1117,63,1,1,6
mn-63-1-1-7,n1118,63,1,1,7
mn-63-1-1-8,n1119,63,1,1,8
mn-63-1-1-9,n1120,63,1,1,9
mn-63-1-1-10,n1121,63,1,1,10
mn-63-1-1-11,n1122,63,1,1,11
mn-63-1-1-12,n1123,63,1,1,12
mn-63-1-1-13,n1124,63,1,1,13
mn-63-1-1-14,n1125,63,1,1,14
mn-63-1-1-15,n1126,63,1,1,15
mn-63-1-1-16,n1127,63,1,1,16
mn-63-5-2-1,n1128,63,5,2,1
mn-63-5-2-2,n1129,63,5,2,2
mn-63-5-2-3,n1130,63,5,2,3
mn-63-5-2-4,n1131,63,5,2,4
mn-63-5-2-5,n1132,63,5,2,5
mn-63-5-2-6,n1133,63,5,2,6
mn-63-5-2-7,n1134,63,5,2,7
mn-63-5-2-8,n1135,63,5,2,8
mn-63-5-2-9,n1136,63,5,2,9
mn-63-5-2-10,n1137,63,5,2,10
mn-63-5-1-1,n1138,63,5,1,1
mn-63-5-1-2,n1139,63,5,1,2
mn-63-5-1-3,n1140,63,5,1,3
mn-63-5-1-4,n1141,63,5,1,4
mn-64-1-1-1,n1142,64,1,1,1
mn-64-1-1-2,n1143,64,1,1,2
mn-64-1-1-3,n1144,64,1,1,3
mn-64-1-1-4,n1145,64,1,1,4
mn-64-1-1-5,n1146,64,1,1,5
mn-64-1-1-6,n1147,64,1,1,6
mn-64-1-1-7,n1148,64,1,1,7
mn-64-1-1-8,n1149,64,1,1,8
mn-64-1-1-9,n1150,64,1,1,9
mn-64-1-1-10,n1151,64,1,1,10
mn-64-1-1-11,n1152,64,1,1,11
mn-64-1-1-12,n1153,64,1,1,12
mn-64-1-1-13,n1154,64,1,1,13
mn-64-1-1-14,n1155,64,1,1,14
mn-64-1-1-15,n1156,64,1,1,15
mn-64-1-1-16,n1157,64,1,1,16
mn-64-5-1-1,n1158,64,5,1,1
mn-64-5-1-2,n1159,64,5,1,2
mn-64-5-1-3,n1160,64,5,1,3
mn-64-5-1-4,n1161,64,5,1,4
mn-64-5-1-5,n1162,64,5,1,5
mn-64-5-1-6,n1163,64,5,1,6
mn-64-5-1-7,n1164,64,5,1,7
mn-64-5-1-8,n1165,64,5,1,8
mn-64-5-2-1,r6,64,5,2,1
mn-65-1-1-1,n1166,65,1,1,1
mn-65-1-1-2,n1167,65,1,1,2
mn-65-1-1-3,n1168,65,1,1,3
mn-65-1-1-4,n1169,65,1,1,4
mn-65-1-1-5,n1170,65,1,1,5
mn-65-1-1-6,n1171,65,1,1,6
mn-65-1-1-7,n1172,65,1,1,7
mn-65-1-1-8,n1173,65,1,1,8
mn-65-1-1-9,n1174,65,1,1,9
mn-65-1-1-10,n1175,65,1,1,10
mn-65-1-1-11,n1176,65,1,1,11
mn-65-1-1-12,n1177,65,1,1,12
mn-65-1-1-13,n1178,65,1,1,13
mn-65-1-1-14,n1179,65,1,1,14
mn-65-1-1-15,n1180,65,1,1,15
mn-65-1-1-16,n1181,65,1,1,16
mn-65-5-2-1,n1182,65,5,2,1
mn-65-5-2-2,n1183,65,5,2,2
mn-65-5-2-3,n1184,65,5,2,3
mn-65-5-2-4,n1185,65,5,2,4
mn-65-5-2-5,n1186,65,5,2,5
mn-65-5-2-6,n1187,65,5,2,6
mn-65-5-2-7,n1188,65,5,2,7
mn-65-5-2-8,n1189,65,5,2,8
mn-65-5-2-9,n1190,65,5,2,9
mn-65-5-2-10,n1191,65,5,2,10
mn-65-5-2-11,n1192,65,5,2,11
mn-65-5-2-12,n1193,65,5,2,12
mn-65-5-2-13,n1194,65,5,2,13
mn-66-1-1-1,n1195,66,1,1,1
mn-66-1-1-2,n1196,66,1,1,2
mn-66-1-1-3,n1197,66,1,1,3
mn-66-1-1-4,n1198,66,1,1,4
mn-66-1-1-5,n1199,66,1,1,5
mn-66-1-1-6,n1200,66,1,1,6
mn-66-1-1-7,n1201,66,1,1,7
mn-66-1-1-8,n1202,66,1,1,8
mn-66-1-1-9,n1203,66,1,1,9
mn-66-1-1-10,n1204,66,1,1,10
mn-66-1-1-11,n1205,66,1,1,11
mn-66-1-1-12,n1206,66,1,1,12
mn-66-1-1-13,n1207,66,1,1,13
mn-66-1-1-14,n1208,66,1,1,14
mn-66-1-1-15,n1209,66,1,1,15
mn-66-1-1-16,n1210,66,1,1,16
mn-66-5-2-1,n1211,66,5,2,1
mn-66-5-2-2,n1212,66,5,2,2
mn-66-5-1-1,n1213,66,5,1,1
mn-66-5-1-2,n1214,66,5,1,2
mn-66-5-1-3,n1215,66,5,1,3
mn-66-5-1-4,n1216,66,5,1,4
mn-66-5-1-5,n1217,66,5,1,5
mn-66-5-1-6,n1218,66,5,1,6
mn-66-5-1-7,n1219,66,5,1,7
mn-66-5-1-8,n1220,66,5,1,8
mn-66-5-1-9,n1221,66,5,1,9
mn-66-5-1-10,n1222,66,5,1,10
mn-67-1-1-1,n1223,67,1,1,1
mn-67-1-1-2,n1224,67,1,1,2
mn-67-1-1-3,n1225,67,1,1,3
mn-67-1-1-4,n1226,67,1,1,4
mn-67-1-1-5,n1227,67,1,1,5
mn-67-1-1-6,n1228,67,1,1,6
mn-67-1-1-7,n1229,67,1,1,7
mn-67-1-1-8,n1230,67,1,1,8
mn-67-1-1-9,n1231,67,1,1,9
mn-67-1-1-10,n1232,67,1,1,10
mn-67-1-1-11,n1233,67,1,1,11
mn-67-1-1-12,n1234,67,1,1,12
mn-67-1-1-13,n1235,67,1,1,13
mn-67-1-1-14,n1236,67,1,1,14
mn-67-1-1-15,n1237,67,1,1,15
mn-67-1-1-16,n1238,67,1,1,16
mn-67-5-1-1,n1239,67,5,1,1
mn-67-5-1-2,n1240,67,5,1,2
mn-67-5-1-3,n1241,67,5,1,3
mn-67-5-1-4,n1242,67,5,1,4
mn-67-5-1-5,n1243,67,5,1,5
mn-67-5-1-6,n1244,67,5,1,6
mn-67-5-1-7,n1245,67,5,1,7
mn-67-5-1-8,n1246,67,5,1,8
mn-67-5-1-9,n1247,67,5,1,9
mn-67-5-1-10,n1248,67,5,1,10
mn-68-1-1-1,n1249,68,1,1,1
mn-68-1-1-2,n1250,68,1,1,2
mn-68-1-1-3,n1251,68,1,1,3
mn-68-1-1-4,n1252,68,1,1,4
mn-68-1-1-5,n1253,68,1,1,5
mn-68-1-1-6,n1254,68,1,1,6
mn-68-1-1-7,n1255,68,1,1,7
mn-68-1-1-8,n1256,68,1,1,8
mn-68-1-1-9,n1257,68,1,1,9
mn-68-1-1-10,n1258,68,1,1,10
mn-68-1-1-11,n1259,68,1,1,11
mn-68-1-1-12,n1260,68,1,1,12
mn-68-1-1-13,n1261,68,1,1,13
mn-68-1-1-14,n1262,68,1,1,14
mn-68-1-1-15,n1263,68,1,1,15
mn-68-1-1-16,n1264,68,1,1,16
mn-68-5-1-1,n1265,68,5,1,1
mn-68-5-1-2,n1266,68,5,1,2
mn-68-5-1-3,n1267,68,5,1,3
mn-68-5-1-4,n1268,68,5,1,4
mn-68-5-1-5,n1269,68,5,1,5
mn-68-5-1-6,n1270,68,5,1,6
mn-68-5-1-7,n1271,68,5,1,7
mn-68-5-1-8,n1272,68,5,1,8
mn-68-5-1-9,n1273,68,5,1,9
mn-68-5-1-10,n1274,68,5,1,10
mn-69-1-1-1,n1275,69,1,1,1
mn-69-1-1-2,n1276,69,1,1,2
mn-69-1-1-3,n1277,69,1,1,3
mn-69-1-1-4,n1278,69,1,1,4
mn-69-1-1-5,n1279,69,1,1,5
mn-69-1-1-6,n1280,69,1,1,6
mn-69-1-1-7,n1281,69,1,1,7
mn-69-1-1-8,n1282,69,1,1,8
mn-69-5-2-1,n1283,69,5,2,1
mn-69-5-1-1,n1284,69,5,1,1
mn-69-5-1-2,n1285,69,5,1,2
mn-69-5-1-3,n1286,69,5,1,3
mn-69-5-1-4,n1287,69,5,1,4
mn-69-5-1-5,n1288,69,5,1,5
mn-69-5-1-6,n1289,69,5,1,6
mn-69-5-2-2,n1290,69,5,2,2
mn-69-5-2-3,n1291,69,5,2,3
mn-70-1-1-1,n1292,70,1,1,1
mn-70-1-1-2,n1293,70,1,1,2
mn-70-1-1-3,n1294,70,1,1,3
mn-70-1-1-4,n1295,70,1,1,4
mn-70-1-1-5,n1296,70,1,1,5
mn-70-1-1-6,n1297,70,1,1,6
mn-70-1-1-7,n1298,70,1,1,7
mn-70-1-1-8,n1299,70,1,1,8
mn-70-5-2-1,n1300,70,5,2,1
mn-70-5-2-2,n1301,70,5,2,2
mn-70-5-2-3,n1302,70,5,2,3
mn-70-5-2-4,n1303,70,5,2,4
mn-70-5-2-5,n1304,70,5,2,5
mn-70-5-2-6,n1305,70,5,2,6
mn-70-5-2-7,n1306,70,5,2,7
mn-70-5-2-8,n1307,70,5,2,8
mn-70-5-2-9,n1308,70,5,2,9
mn-70-5-2-10,n1309,70,5,2,10
mn-71-1-1-1,n1310,71,1,1,1
mn-71-1-1-2,n1311,71,1,1,2
mn-71-1-1-3,n1312,71,1,1,3
mn-71-1-1-4,n1313,71,1,1,4
mn-71-1-1-5,n1314,71,1,1,5
mn-71-1-1-6,n1315,71,1,1,6
mn-71-1-1-7,n1316,71,1,1,7
mn-71-1-1-8,n1317,71,1,1,8
mn-71-5-2-1,n1318,71,5,2,1
mn-71-5-2-2,n1319,71,5,2,2
mn-71-5-2-3,n1320,71,5,2,3
mn-71-5-2-4,n1321,71,5,2,4
mn-71-5-2-5,n1322,71,5,2,5
mn-71-5-2-6,n1323,71,5,2,6
mn-71-5-2-7,n1324,71,5,2,7
mn-71-5-2-8,n1325,71,5,2,8
mn-71-5-2-9,n1326,71,5,2,9
mn-71-5-2-10,n1327,71,5,2,10
mn-72-1-1-1,n1328,72,1,1,1
mn-72-1-1-2,n1329,72,1,1,2
mn-72-1-1-3,n1330,72,1,1,3
mn-72-1-1-4,n1331,72,1,1,4
mn-72-1-1-5,n1332,72,1,1,5
mn-72-1-1-6,n1333,72,1,1,6
mn-72-1-1-7,n1334,72,1,1,7
mn-72-1-1-8,n1335,72,1,1,8
mn-72-1-1-9,n1336,72,1,1,9
mn-72-1-1-10,n1337,72,1,1,10
mn-72-1-1-11,n1338,72,1,1,11
mn-72-5-2-1,n1339,72,5,2,1
mn-72-5-2-2,n1340,72,5,2,2
mn-72-5-2-3,n1341,72,5,2,3
mn-72-5-2-4,n1342,72,5,2,4
mn-72-5-2-5,n1343,72,5,2,5
mn-72-5-2-6,n1344,72,5,2,6
mn-72-5-2-7,n1345,72,5,2,7
mn-72-5-2-8,n1346,72,5,2,8
mn-72-5-2-9,n1347,72,5,2,9
mn-72-5-2-10,n1348,72,5,2,10
mn-73-1-1-1,n1349,73,1,1,1
mn-73-1-1-2,n1350,73,1,1,2
mn-73-1-1-3,n1351,73,1,1,3
mn-73-1-1-4,n1352,73,1,1,4
mn-73-1-1-5,n1353,73,1,1,5
mn-73-1-1-6,n1354,73,1,1,6
mn-73-1-1-7,n1355,73,1,1,7
mn-73-1-1-8,n1356,73,1,1,8
mn-73-1-1-9,n1357,73,1,1,9
mn-73-1-1-10,n1358,73,1,1,10
mn-73-1-1-11,n1359,73,1,1,11
mn-73-5-2-1,n1360,73,5,2,1
mn-73-5-2-2,n1361,73,5,2,2
mn-73-5-2-3,n1362,73,5,2,3
mn-73-5-2-4,n1363,73,5,2,4
mn-74-1-1-1,n1364,74,1,1,1
mn-74-1-1-2,n1365,74,1,1,2
mn-74-1-1-3,n1366,74,1,1,3
mn-74-1-1-4,n1367,74,1,1,4
mn-74-1-1-5,n1368,74,1,1,5
mn-74-1-1-6,n1369,74,1,1,6
mn-74-1-1-7,n1370,74,1,1,7
mn-74-1-1-8,n1371,74,1,1,8
mn-74-1-1-9,n1372,74,1,1,9
mn-74-5-2-1,n1373,74,5,2,1
mn-74-5-2-2,n1374,74,5,2,2
mn-74-5-2-3,n1375,74,5,2,3
mn-74-5-2-4,n1376,74,5,2,4
mn-75-1-1-1,n1377,75,1,1,1
mn-75-1-1-2,n1378,75,1,1,2
mn-75-1-1-3,n1379,75,1,1,3
mn-75-1-1-4,n1380,75,1,1,4
mn-75-1-1-5,n1381,75,1,1,5
mn-75-1-1-6,n1382,75,1,1,6
mn-75-1-1-7,n1383,75,1,1,7
mn-75-1-1-8,n1384,75,1,1,8
mn-75-1-1-9,n1385,75,1,1,9
mn-75-5-2-1,n1386,75,5,2,1
mn-75-5-2-2,n1387,75,5,2,2
mn-75-5-2-3,n1388,75,5,2,3
mn-75-5-2-4,n1389,75,5,2,4
mn-76-1-1-1,n1390,76,1,1,1
mn-76-1-1-2,n1391,76,1,1,2
mn-76-1-1-3,n1392,76,1,1,3
mn-76-1-1-4,n1393,76,1,1,4
mn-76-1-1-5,n1394,76,1,1,5
mn-76-1-1-6,n1395,76,1,1,6
mn-76-5-2-1,n1396,76,5,2,1
mn-76-5-2-2,n1397,76,5,2,2
mn-76-5-2-3,n1398,76,5,2,3
mn-76-5-2-4,n1399,76,5,2,4
mn-76-5-2-5,n1400,76,5,2,5
mn-76-5-2-6,n1401,76,5,2,6
mn-77-1-1-1,n1402,77,1,1,1
mn-77-1-1-2,n1403,77,1,1,2
mn-77-1-1-3,n1404,77,1,1,3
mn-77-1-1-4,n1405,77,1,1,4
mn-77-1-1-5,n1406,77,1,1,5
mn-77-5-2-1,n1407,77,5,2,1
mn-77-5-2-2,n1408,77,5,2,2
mn-77-5-2-3,n1409,77,5,2,3
mn-77-5-2-4,n1410,77,5,2,4
mn-77-5-2-5,n1411,77,5,2,5
mn-78-1-1-1,n1412,78,1,1,1
mn-78-1-1-2,n1413,78,1,1,2
mn-78-1-1-3,n1414,78,1,1,3
mn-78-1-1-4,n1415,78,1,1,4
mn-78-1-1-5,n1416,78,1,1,5
mn-78-1-1-6,n1417,78,1,1,6
mn-78-1-1-7,n1418,78,1,1,7
mn-78-2-1-1,n1419,78,2,1,1
mn-78-2-1-2,n1420,78,2,1,2
mn-78-2-1-3,n1421,78,2,1,3
mn-78-2-1-4,n1422,78,2,1,4
mn-78-5-2-1,n1423,78,5,2,1
mn-78-5-2-2,n1424,78,5,2,2
mn-78-5-2-3,n1425,78,5,2,3
mn-78-5-2-4,n1426,78,5,2,4
mn-78-5-2-5,n1427,78,5,2,5
mn-78-5-2-6,n1428,78,5,2,6
mn-78-5-2-7,n1429,78,5,2,7
mn-78-6-2-1,n1430,78,6,2,1
mn-78-6-2-2,n1431,78,6,2,2
mn-78-6-2-3,n1432,78,6,2,3
mn-78-6-2-4,n1433,78,6,2,4
mn-79-1-1-1,n1434,79,1,1,1
mn-79-1-1-2,n1435,79,1,1,2
mn-79-1-1-3,n1436,79,1,1,3
mn-79-1-1-4,n1437,79,1,1,4
mn-79-1-1-5,n1438,79,1,1,5
mn-79-5-2-1,n1439,79,5,2,1
mn-79-5-2-2,n1440,79,5,2,2
mn-79-5-2-3,n1441,79,5,2,3
mn-79-5-2-4,n1442,79,5,2,4
mn-79-5-2-5,n1443,79,5,2,5
mn-80-1-1-1,n1444,80,1,1,1
mn-80-1-1-2,n1445,80,1,1,2
mn-80-1-1-3,n1446,80,1,1,3
mn-80-1-1-4,n1447,80,1,1,4
mn-80-1-1-5,n1448,80,1,1,5
mn-80-1-1-6,n1449,80,1,1,6
mn-80-1-1-7,n1450,80,1,1,7
mn-80-2-1-1,n1451,80,2,1,1
mn-80-2-1-2,n1452,80,2,1,2
mn-80-2-1-3,n1453,80,2,1,3
mn-80-2-1-4,n1454,80,2,1,4
mn-80-5-2-1,n1455,80,5,2,1
mn-80-5-2-2,n1456,80,5,2,2
mn-80-5-2-3,n1457,80,5,2,3
mn-80-5-2-4,n1458,80,5,2,4
mn-80-5-2-5,n1459,80,5,2,5
mn-80-5-2-6,n1460,80,5,2,6
mn-80-5-2-7,n1461,80,5,2,7
mn-80-6-2-1,n1462,80,6,2,1
mn-80-6-2-2,n1463,80,6,2,2
mn-80-6-2-3,n1464,80,6,2,3
mn-80-6-2-4,n1465,80,6,2,4
mn-81-1-1-1,n1466,81,1,1,1
mn-81-1-1-2,n1467,81,1,1,2
mn-81-1-1-3,n1468,81,1,1,3
mn-81-1-1-4,n1469,81,1,1,4
mn-81-1-1-5,n1470,81,1,1,5
mn-81-5-2-1,n1471,81,5,2,1
mn-81-5-2-2,n1472,81,5,2,2
mn-81-5-2-3,n1473,81,5,2,3
mn-81-5-2-4,n1474,81,5,2,4
mn-81-5-2-5,n1475,81,5,2,5
mn-82-1-1-1,n1476,82,1,1,1
mn-82-1-1-2,n1477,82,1,1,2
mn-82-1-1-3,n1478,82,1,1,3
mn-82-1-1-4,n1479,82,1,1,4
mn-82-1-1-5,n1480,82,1,1,5
mn-82-1-1-6,n1481,82,1,1,6
mn-82-1-1-7,n1482,82,1,1,7
mn-82-1-1-8,n1483,82,1,1,8
mn-82-1-1-9,n1484,82,1,1,9
mn-82-1-1-10,n1485,82,1,1,10
mn-82-2-1-1,n1486,82,2,1,1
mn-82-2-1-2,n1487,82,2,1,2
mn-82-2-1-3,n1488,82,2,1,3
mn-82-2-1-4,n1489,82,2,1,4
mn-82-2-1-5,n1490,82,2,1,5
mn-82-2-1-6,n1491,82,2,1,6
mn-82-2-1-7,n1492,82,2,1,7
mn-82-2-1-8,n1493,82,2,1,8
mn-82-5-2-1,n1494,82,5,2,1
mn-82-5-2-2,n1495,82,5,2,2
mn-82-5-2-3,n1496,82,5,2,3
mn-82-5-2-4,n1497,82,5,2,4
mn-82-5-2-5,n1498,82,5,2,5
mn-82-5-2-6,n1499,82,5,2,6
mn-82-5-2-7,n1500,82,5,2,7
mn-82-5-2-8,n1501,82,5,2,8
mn-82-5-2-9,n1502,82,5,2,9
mn-82-5-2-10,n1503,82,5,2,10
mn-82-6-2-1,n1504,82,6,2,1
mn-82-6-2-2,n1505,82,6,2,2
mn-82-6-2-3,n1506,82,6,2,3
mn-82-6-2-4,n1507,82,6,2,4
mn-82-6-2-5,n1508,82,6,2,5
mn-82-6-2-6,n1509,82,6,2,6
mn-82-6-2-7,n1510,82,6,2,7
mn-82-6-2-8,n1511,82,6,2,8
mn-83-1-1-1,n1512,83,1,1,1
mn-83-1-1-2,n1513,83,1,1,2
mn-83-1-1-3,n1514,83,1,1,3
mn-83-1-1-4,n1515,83,1,1,4
mn-83-1-1-5,n1516,83,1,1,5
mn-83-1-1-6,n1517,83,1,1,6
mn-83-1-1-7,n1518,83,1,1,7
mn-83-1-1-8,n1519,83,1,1,8
mn-83-1-1-9,n1520,83,1,1,9
mn-83-1-1-10,n1521,83,1,1,10
mn-83-2-1-1,n1522,83,2,1,1
mn-83-2-1-2,n1523,83,2,1,2
mn-83-2-1-3,n1524,83,2,1,3
mn-83-2-1-4,n1525,83,2,1,4
mn-83-2-1-5,n1526,83,2,1,5
mn-83-2-1-6,n1527,83,2,1,6
mn-83-2-1-7,n1528,83,2,1,7
mn-83-2-1-8,n1529,83,2,1,8
mn-83-5-2-1,n1530,83,5,2,1
mn-83-5-2-2,n1531,83,5,2,2
mn-83-5-2-3,n1532,83,5,2,3
mn-83-5-2-4,n1533,83,5,2,4
mn-83-5-2-5,n1534,83,5,2,5
mn-83-5-2-6,n1535,83,5,2,6
mn-83-5-2-7,n1536,83,5,2,7
mn-83-5-2-8,n1537,83,5,2,8
mn-83-5-2-9,n1538,83,5,2,9
mn-83-5-2-10,n1539,83,5,2,10
mn-83-6-2-1,n1540,83,6,2,1
mn-83-6-2-2,n1541,83,6,2,2
mn-83-6-2-3,n1542,83,6,2,3
mn-83-6-2-4,n1543,83,6,2,4
mn-83-6-2-5,n1544,83,6,2,5
mn-83-6-2-6,n1545,83,6,2,6
mn-83-6-2-7,n1546,83,6,2,7
mn-83-6-2-8,n1547,83,6,2,8
mn-84-1-1-1,n1548,84,1,1,1
mn-84-1-1-2,n1549,84,1,1,2
mn-84-1-1-3,n1550,84,1,1,3
mn-84-1-1-4,n1551,84,1,1,4
mn-84-1-1-5,n1552,84,1,1,5
mn-84-1-1-6,n1553,84,1,1,6
mn-84-1-1-7,n1554,84,1,1,7
mn-84-5-2-1,n1555,84,5,2,1
mn-84-5-2-2,n1556,84,5,2,2
mn-84-5-2-3,n1557,84,5,2,3
mn-84-5-2-4,n1558,84,5,2,4
mn-84-5-2-5,n1559,84,5,2,5
mn-84-5-2-6,n1560,84,5,2,6
mn-84-5-2-7,n1561,84,5,2,7
mn-85-1-1-1,n1562,85,1,1,1
mn-85-1-1-2,n1563,85,1,1,2
mn-85-1-1-3,n1564,85,1,1,3
mn-85-1-1-4,n1565,85,1,1,4
mn-85-1-1-5,n1566,85,1,1,5
mn-85-1-1-6,n1567,85,1,1,6
mn-85-1-1-7,n1568,85,1,1,7
mn-85-1-1-8,n1569,85,1,1,8
mn-85-1-1-9,n1570,85,1,1,9
mn-85-1-1-10,n1571,85,1,1,10
mn-85-1-1-11,n1572,85,1,1,11
mn-85-1-1-12,n1573,85,1,1,12
mn-85-1-1-13,n1574,85,1,1,13
mn-85-1-1-14,n1575,85,1,1,14
mn-85-1-1-15,n1576,85,1,1,15
mn-85-1-1-16,n1577,85,1,1,16
mn-85-5-2-1,n1578,85,5,2,1
mn-85-5-2-2,n1579,85,5,2,2
mn-85-5-2-3,n1580,85,5,2,3
mn-85-5-2-4,n1581,85,5,2,4
mn-85-5-2-5,n1582,85,5,2,5
mn-85-5-2-6,n1583,85,5,2,6
mn-85-5-2-7,n1584,85,5,2,7
mn-85-5-2-8,n1585,85,5,2,8
mn-85-5-2-9,n1586,85,5,2,9
mn-85-5-2-10,n1587,85,5,2,10
mn-85-5-2-11,n1588,85,5,2,11
mn-85-5-2-12,n1589,85,5,2,12
mn-85-5-2-13,n1590,85,5,2,13
mn-85-5-2-14,n1591,85,5,2,14
mn-85-5-2-15,n1592,85,5,2,15
mn-85-5-2-16,n1593,85,5,2,16
mn-86-1-1-1,n1594,86,1,1,1
mn-86-1-1-2,n1595,86,1,1,2
mn-86-1-1-3,n1596,86,1,1,3
mn-86-1-1-4,n1597,86,1,1,4
mn-86-1-1-5,n1598,86,1,1,5
mn-86-1-1-6,n1599,86,1,1,6
mn-86-1-1-7,n1600,86,1,1,7
mn-86-1-1-8,n1601,86,1,1,8
mn-86-1-1-9,n1602,86,1,1,9
mn-86-1-1-10,n1603,86,1,1,10
mn-86-1-1-11,n1604,86,1,1,11
mn-86-1-1-12,n1605,86,1,1,12
mn-86-1-1-13,n1606,86,1,1,13
mn-86-1-1-14,n1607,86,1,1,14
mn-86-1-1-15,n1608,86,1,1,15
mn-86-1-1-16,n1609,86,1,1,16
mn-86-5-2-1,n1610,86,5,2,1
mn-86-5-2-2,n1611,86,5,2,2
mn-86-5-2-3,n1612,86,5,2,3
mn-86-5-2-4,n1613,86,5,2,4
mn-86-5-2-5,n1614,86,5,2,5
mn-86-5-2-6,n1615,86,5,2,6
mn-86-5-2-7,n1616,86,5,2,7
mn-86-5-2-8,n1617,86,5,2,8
mn-86-5-2-9,n1618,86,5,2,9
mn-86-5-2-10,n1619,86,5,2,10
mn-86-5-2-11,n1620,86,5,2,11
mn-86-5-2-12,n1621,86,5,2,12
mn-86-5-2-13,n1622,86,5,2,13
mn-86-5-2-14,n1623,86,5,2,14
mn-86-5-2-15,n1624,86,5,2,15
mn-86-5-2-16,n1625,86,5,2,16
mn-87-1-1-1,n1626,87,1,1,1
mn-87-1-1-2,n1627,87,1,1,2
mn-87-1-1-3,n1628,87,1,1,3
mn-87-1-1-4,n1629,87,1,1,4
mn-87-1-1-5,n1630,87,1,1,5
mn-87-1-1-6,n1631,87,1,1,6
mn-87-1-1-7,n1632,87,1,1,7
mn-87-1-1-8,n1633,87,1,1,8
mn-87-1-1-9,n1634,87,1,1,9
mn-87-1-1-10,n1635,87,1,1,10
mn-87-1-1-11,n1636,87,1,1,11
mn-87-1-1-12,n1637,87,1,1,12
mn-87-1-1-13,n1638,87,1,1,13
mn-87-1-1-14,n1639,87,1,1,14
mn-87-1-1-15,n1640,87,1,1,15
mn-87-1-1-16,n1641,87,1,1,16
mn-87-5-2-1,n1642,87,5,2,1
mn-87-5-2-2,n1643,87,5,2,2
mn-87-5-2-3,n1644,87,5,2,3
mn-87-5-2-4,n1645,87,5,2,4
mn-87-5-2-5,n1646,87,5,2,5
mn-87-5-2-6,n1647,87,5,2,6
mn-87-5-2-7,n1648,87,5,2,7
mn-87-5-2-8,n1649,87,5,2,8
mn-87-5-2-9,n1650,87,5,2,9
mn-87-5-2-10,n1651,87,5,2,10
mn-87-5-2-11,n1652,87,5,2,11
mn-87-5-2-12,n1653,87,5,2,12
mn-87-5-2-13,n1654,87,5,2,13
mn-87-5-2-14,n1655,87,5,2,14
mn-87-5-2-15,n1656,87,5,2,15
mn-87-5-2-16,n1657,87,5,2,16
mn-88-1-2-1,n1658,88,1,2,1
mn-88-1-1-1,n1659,88,1,1,1
mn-88-1-2-2,n1660,88,1,2,2
mn-88-1-1-2,n1661,88,1,1,2
mn-88-1-2-3,n1662,88,1,2,3
mn-88-1-1-3,n1663,88,1,1,3
mn-88-1-2-4,n1664,88,1,2,4
mn-88-1-1-4,n1665,88,1,1,4
mn-88-1-2-5,n1666,88,1,2,5
mn-88-1-1-5,n1667,88,1,1,5
mn-88-1-2-6,n1668,88,1,2,6
mn-88-1-1-6,n1669,88,1,1,6
mn-88-1-2-7,n1670,88,1,2,7
mn-88-1-2-8,n1671,88,1,2,8
mn-88-1-2-9,n1672,88,1,2,9
mn-88-1-2-10,n1673,88,1,2,10
mn-88-5-2-1,n1674,88,5,2,1
mn-88-5-2-2,n1675,88,5,2,2
mn-88-5-2-3,n1676,88,5,2,3
mn-88-5-2-4,n1677,88,5,2,4
mn-88-5-2-5,n1678,88,5,2,5
mn-88-5-2-6,n1679,88,5,2,6
mn-88-5-2-7,n1680,88,5,2,7
mn-88-5-2-8,n1681,88,5,2,8
mn-89-1-2-1,n1682,89,1,2,1
mn-89-1-1-1,n1683,89,1,1,1
mn-89-1-1-2,n1684,89,1,1,2
mn-89-1-1-3,n1685,89,1,1,3
mn-89-1-1-4,n1686,89,1,1,4
mn-89-1-1-5,n1687,89,1,1,5
mn-89-1-1-6,n1688,89,1,1,6
mn-89-1-1-7,n1689,89,1,1,7
mn-89-5-2-1,n1690,89,5,2,1
mn-89-5-2-2,n1691,89,5,2,2
mn-89-5-2-3,n1692,89,5,2,3
mn-89-5-2-4,n1693,89,5,2,4
mn-89-5-2-5,n1694,89,5,2,5
mn-89-5-2-6,n1695,89,5,2,6
mn-89-5-2-7,n1696,89,5,2,7
mn-89-5-2-8,n1697,89,5,2,8
mn-90-1-1-1,n1698,90,1,1,1
mn-90-1-1-2,n1699,90,1,1,2
mn-90-1-1-3,n1700,90,1,1,3
mn-90-1-1-4,n1701,90,1,1,4
mn-90-1-1-5,n1702,90,1,1,5
mn-90-1-1-6,n1703,90,1,1,6
mn-90-1-1-7,n1704,90,1,1,7
mn-90-5-2-1,n1705,90,5,2,1
mn-90-5-2-2,n1706,90,5,2,2
mn-90-5-2-3,n1707,90,5,2,3
mn-90-5-2-4,n1708,90,5,2,4
mn-90-5-2-5,n1709,90,5,2,5
mn-90-5-2-6,n1710,90,5,2,6
mn-90-5-2-7,n1711,90,5,2,7
mn-91-1-1-1,n1712,91,1,1,1
mn-91-1-1-2,n1713,91,1,1,2
mn-91-1-1-3,n1714,91,1,1,3
mn-91-1-1-4,n1715,91,1,1,4
mn-91-1-1-5,n1716,91,1,1,5
mn-91-1-1-6,n1717,91,1,1,6
mn-91-1-1-7,n1718,91,1,1,7
mn-91-2-1-1,n1719,91,2,1,1
mn-91-2-1-2,n1720,91,2,1,2
mn-91-2-1-3,n1721,91,2,1,3
mn-91-2-1-4,n1722,91,2,1,4
mn-91-5-2-1,n1723,91,5,2,1
mn-91-5-2-2,n1724,91,5,2,2
mn-91-5-2-3,n1725,91,5,2,3
mn-91-5-2-4,n1726,91,5,2,4
mn-91-5-2-5,n1727,91,5,2,5
mn-91-5-2-6,n1728,91,5,2,6
mn-91-5-2-7,n1729,91,5,2,7
mn-91-6-2-1,n1730,91,6,2,1
mn-91-6-2-2,n1731,91,6,2,2
mn-91-6-2-3,n1732,91,6,2,3
mn-91-6-2-4,n1733,91,6,2,4
mn-92-1-1-1,n1734,92,1,1,1
mn-92-1-1-2,n1735,92,1,1,2
mn-92-1-1-3,n1736,92,1,1,3
mn-92-1-1-4,n1737,92,1,1,4
mn-92-1-1-5,n1738,92,1,1,5
mn-92-5-2-1,n1739,92,5,2,1
mn-92-5-2-2,n1740,92,5,2,2
mn-92-5-2-3,n1741,92,5,2,3
mn-92-5-2-4,n1742,92,5,2,4
mn-92-5-2-5,n1743,92,5,2,5
mn-93-1-1-1,n1744,93,1,1,1
mn-93-1-1-2,n1745,93,1,1,2
mn-93-1-1-3,n1746,93,1,1,3
mn-93-1-1-4,n1747,93,1,1,4
mn-93-1-1-5,n1748,93,1,1,5
mn-93-1-1-6,n1749,93,1,1,6
mn-93-1-1-7,n1750,93,1,1,7
mn-93-2-1-1,n1751,93,2,1,1
mn-93-2-1-2,n1752,93,2,1,2
mn-93-2-1-3,n1753,93,2,1,3
mn-93-2-1-4,n1754,93,2,1,4
mn-93-5-2-1,n1755,93,5,2,1
mn-93-5-2-2,n1756,93,5,2,2
mn-93-5-2-3,n1757,93,5,2,3
mn-93-5-2-4,n1758,93,5,2,4
mn-93-5-2-5,n1759,93,5,2,5
mn-93-5-2-6,n1760,93,5,2,6
mn-93-5-2-7,n1761,93,5,2,7
mn-93-6-2-1,n1762,93,6,2,1
mn-93-6-2-2,n1763,93,6,2,2
mn-93-6-2-3,n1764,93,6,2,3
mn-93-6-2-4,n1765,93,6,2,4
mn-94-1-1-1,n1766,94,1,1,1
mn-94-1-1-2,n1767,94,1,1,2
mn-94-1-1-3,n1768,94,1,1,3
mn-94-1-1-4,n1769,94,1,1,4
mn-94-1-1-5,n1770,94,1,1,5
mn-94-5-2-1,n1771,94,5,2,1
mn-94-5-2-2,n1772,94,5,2,2
mn-94-5-2-3,n1773,94,5,2,3
mn-94-5-2-4,n1774,94,5,2,4
mn-94-5-2-5,n1775,94,5,2,5
mn-95-1-1-1,n1776,95,1,1,1
mn-95-1-1-2,n1777,95,1,1,2
mn-95-1-1-3,n1778,95,1,1,3
mn-95-1-1-4,n1779,95,1,1,4
mn-95-1-1-5,n1780,95,1,1,5
mn-95-1-1-6,n1781,95,1,1,6
mn-95-1-1-7,n1782,95,1,1,7
mn-95-1-1-8,n1783,95,1,1,8
mn-95-1-1-9,n1784,95,1,1,9
mn-95-1-1-10,n1785,95,1,1,10
mn-95-2-1-1,n1786,95,2,1,1
mn-95-2-1-2,n1787,95,2,1,2
mn-95-2-1-3,n1788,95,2,1,3
mn-95-2-1-4,n1789,95,2,1,4
mn-95-2-1-5,n1790,95,2,1,5
mn-95-2-1-6,n1791,95,2,1,6
mn-95-2-1-7,n1792,95,2,1,7
mn-95-2-1-8,n1793,95,2,1,8
mn-95-5-2-1,n1794,95,5,2,1
mn-95-5-2-2,n1795,95,5,2,2
mn-95-5-2-3,n1796,95,5,2,3
mn-95-5-2-4,n1797,95,5,2,4
mn-95-5-2-5,n1798,95,5,2,5
mn-95-5-2-6,n1799,95,5,2,6
mn-95-5-2-7,n1800,95,5,2,7
mn-95-5-2-8,n1801,95,5,2,8
mn-95-5-2-9,n1802,95,5,2,9
mn-95-5-2-10,n1803,95,5,2,10
mn-95-6-2-1,n1804,95,6,2,1
mn-95-6-2-2,n1805,95,6,2,2
mn-95-6-2-3,n1806,95,6,2,3
mn-95-6-2-4,n1807,95,6,2,4
mn-95-6-2-5,n1808,95,6,2,5
mn-95-6-2-6,n1809,95,6,2,6
mn-95-6-2-7,n1810,95,6,2,7
mn-95-6-2-8,n1811,95,6,2,8
mn-96-1-1-1,n1812,96,1,1,1
mn-96-1-1-2,n1813,96,1,1,2
mn-96-1-1-3,n1814,96,1,1,3
mn-96-1-1-4,n1815,96,1,1,4
mn-96-1-1-5,n1816,96,1,1,5
mn-96-1-1-6,n1817,96,1,1,6
mn-96-1-1-7,n1818,96,1,1,7
mn-96-1-1-8,n1819,96,1,1,8
mn-96-1-1-9,n1820,96,1,1,9
mn-96-1-1-10,n1821,96,1,1,10
mn-96-2-1-1,n1822,96,2,1,1
mn-96-2-1-2,n1823,96,2,1,2
mn-96-2-1-3,n1824,96,2,1,3
mn-96-2-1-4,n1825,96,2,1,4
mn-96-2-1-5,n1826,96,2,1,5
mn-96-2-1-6,n1827,96,2,1,6
mn-96-2-1-7,n1828,96,2,1,7
mn-96-2-1-8,n1829,96,2,1,8
mn-96-5-2-1,n1830,96,5,2,1
mn-96-5-2-2,n1831,96,5,2,2
mn-96-5-2-3,n1832,96,5,2,3
mn-96-5-2-4,n1833,96,5,2,4
mn-96-5-2-5,n1834,96,5,2,5
mn-96-5-2-6,n1835,96,5,2,6
mn-96-5-2-7,n1836,96,5,2,7
mn-96-5-2-8,n1837,96,5,2,8
mn-96-5-2-9,n1838,96,5,2,9
mn-96-5-2-10,n1839,96,5,2,10
mn-96-6-2-1,n1840,96,6,2,1
mn-96-6-2-2,n1841,96,6,2,2
mn-96-6-2-3,n1842,96,6,2,3
mn-96-6-2-4,n1843,96,6,2,4
mn-96-6-2-5,n1844,96,6,2,5
mn-96-6-2-6,n1845,96,6,2,6
mn-96-6-2-7,n1846,96,6,2,7
mn-96-6-2-8,n1847,96,6,2,8
mn-97-1-1-1,n1848,97,1,1,1
mn-97-1-1-2,n1849,97,1,1,2
mn-97-1-1-3,n1850,97,1,1,3
mn-97-1-1-4,n1851,97,1,1,4
mn-97-1-1-5,n1852,97,1,1,5
mn-97-1-1-6,n1853,97,1,1,6
mn-97-1-1-7,n1854,97,1,1,7
mn-97-1-1-8,n1855,97,1,1,8
mn-97-1-1-9,n1856,97,1,1,9
mn-97-1-1-10,n1857,97,1,1,10
mn-97-1-1-11,n1858,97,1,1,11
mn-97-1-1-12,n1859,97,1,1,12
mn-97-1-1-13,n1860,97,1,1,13
mn-97-1-1-14,n1861,97,1,1,14
mn-97-1-1-15,n1862,97,1,1,15
mn-97-1-1-16,n1863,97,1,1,16
mn-97-5-2-1,n1864,97,5,2,1
mn-97-5-2-2,n1865,97,5,2,2
mn-97-5-2-3,n1866,97,5,2,3
mn-97-5-2-4,n1867,97,5,2,4
mn-98-1-1-1,n1868,98,1,1,1
mn-98-1-1-2,n1869,98,1,1,2
mn-98-1-1-3,n1870,98,1,1,3
mn-98-1-1-4,n1871,98,1,1,4
mn-98-1-1-5,n1872,98,1,1,5
mn-98-1-1-6,n1873,98,1,1,6
mn-98-1-1-7,n1874,98,1,1,7
mn-98-1-1-8,n1875,98,1,1,8
mn-98-1-2-1,n1876,98,1,2,1
mn-98-1-1-9,n1877,98,1,1,9
mn-98-1-1-10,n1878,98,1,1,10
mn-98-1-1-11,n1879,98,1,1,11
mn-98-1-1-12,n1880,98,1,1,12
mn-98-1-1-13,n1881,98,1,1,13
mn-98-1-1-14,n1882,98,1,1,14
mn-98-1-1-15,n1883,98,1,1,15
mn-98-5-2-1,n1884,98,5,2,1
mn-98-5-2-2,n1885,98,5,2,2
mn-98-5-2-3,n1886,98,5,2,3
mn-98-5-2-4,n1887,98,5,2,4
mn-99-1-2-1,n1888,99,1,2,1
mn-99-1-1-1,n1889,99,1,1,1
mn-99-1-1-2,n1890,99,1,1,2
mn-99-1-1-3,n1891,99,1,1,3
mn-99-1-1-4,n1892,99,1,1,4
mn-99-1-1-5,n1893,99,1,1,5
mn-99-1-1-6,n1894,99,1,1,6
mn-99-1-1-7,n1895,99,1,1,7
mn-99-1-1-8,n1896,99,1,1,8
mn-99-1-1-9,n1897,99,1,1,9
mn-99-1-1-10,n1898,99,1,1,10
mn-99-1-1-11,n1899,99,1,1,11
mn-99-1-1-12,n1900,99,1,1,12
mn-99-1-1-13,n1901,99,1,1,13
mn-99-1-1-14,n1902,99,1,1,14
mn-99-1-1-15,n1903,99,1,1,15
mn-99-5-2-1,n1904,99,5,2,1
mn-99-5-2-2,n1905,99,5,2,2
mn-99-5-2-3,n1906,99,5,2,3
mn-99-5-2-4,n1907,99,5,2,4
mn-100-1-1-1,n1908,100,1,1,1
mn-100-1-1-2,n1909,100,1,1,2
mn-100-1-1-3,n1910,100,1,1,3
mn-100-1-1-4,n1911,100,1,1,4
mn-100-1-1-5,n1912,100,1,1,5
mn-100-1-1-6,n1913,100,1,1,6
mn-100-1-1-7,n1914,100,1,1,7
mn-100-1-1-8,n1915,100,1,1,8
mn-100-1-1-9,n1916,100,1,1,9
mn-100-1-1-10,n1917,100,1,1,10
mn-100-1-1-11,n1918,100,1,1,11
mn-100-1-1-12,n1919,100,1,1,12
mn-100-1-1-13,n1920,100,1,1,13
mn-100-1-1-14,n1921,100,1,1,14
mn-100-1-1-15,n1922,100,1,1,15
mn-100-1-1-16,n1923,100,1,1,16
mn-100-5-2-1,n1924,100,5,2,1
mn-100-5-2-2,n1925,100,5,2,2
mn-100-5-2-3,n1926,100,5,2,3
mn-100-5-2-4,n1927,100,5,2,4
mn-101-1-1-1,n1928,101,1,1,1
mn-101-1-1-2,n1929,101,1,1,2
mn-101-1-1-3,n1930,101,1,1,3
mn-101-1-1-4,n1931,101,1,1,4
mn-101-1-1-5,n1932,101,1,1,5
mn-101-1-1-6,n1933,101,1,1,6
mn-101-1-1-7,n1934,101,1,1,7
mn-101-1-1-8,n1935,101,1,1,8
mn-101-1-1-9,n1936,101,1,1,9
mn-101-1-1-10,n1937,101,1,1,10
mn-101-1-1-11,n1938,101,1,1,11
mn-101-1-1-12,n1939,101,1,1,12
mn-101-1-1-13,n1940,101,1,1,13
mn-101-1-1-14,n1941,101,1,1,14
mn-101-1-1-15,n1942,101,1,1,15
mn-101-1-1-16,n1943,101,1,1,16
mn-101-5-2-1,n1944,101,5,2,1
mn-101-5-2-2,n1945,101,5,2,2
mn-101-5-2-3,n1946,101,5,2,3
mn-101-5-2-4,n1947,101,5,2,4
mn-102-1-1-1,n1948,102,1,1,1
mn-102-1-1-2,n1949,102,1,1,2
mn-102-1-1-3,n1950,102,1,1,3
mn-102-1-1-4,n1951,102,1,1,4
mn-102-1-1-5,n1952,102,1,1,5
mn-102-1-1-6,n1953,102,1,1,6
mn-102-1-1-7,n1954,102,1,1,7
mn-102-1-1-8,n1955,102,1,1,8
mn-102-1-2-1,n1956,102,1,2,1
mn-102-1-1-9,n1957,102,1,1,9
mn-102-1-1-10,n1958,102,1,1,10
mn-102-1-1-11,n1959,102,1,1,11
mn-102-1-1-12,n1960,102,1,1,12
mn-102-1-1-13,n1961,102,1,1,13
mn-102-1-1-14,n1962,102,1,1,14
mn-102-1-1-15,n1963,102,1,1,15
mn-102-5-2-1,n1964,102,5,2,1
mn-102-5-2-2,n1965,102,5,2,2
mn-102-5-2-3,n1966,102,5,2,3
mn-102-5-2-4,n1967,102,5,2,4
mn-103-1-2-1,n1968,103,1,2,1
mn-103-1-1-1,n1969,103,1,1,1
mn-103-1-1-2,n1970,103,1,1,2
mn-103-1-1-3,n1971,103,1,1,3
mn-103-1-1-4,n1972,103,1,1,4
mn-103-1-1-5,n1973,103,1,1,5
mn-103-1-1-6,n1974,103,1,1,6
mn-103-1-1-7,n1975,103,1,1,7
mn-103-1-1-8,n1976,103,1,1,8
mn-103-1-1-9,n1977,103,1,1,9
mn-103-1-1-10,n1978,103,1,1,10
mn-103-1-1-11,n1979,103,1,1,11
mn-103-1-1-12,n1980,103,1,1,12
mn-103-1-1-13,n1981,103,1,1,13
mn-103-1-1-14,n1982,103,1,1,14
mn-103-1-1-15,n1983,103,1,1,15
mn-103-5-2-1,n1984,103,5,2,1
mn-103-5-2-2,n1985,103,5,2,2
mn-103-5-2-3,n1986,103,5,2,3
mn-103-5-2-4,n1987,103,5,2,4
mn-104-1-1-1,n1988,104,1,1,1
mn-104-1-1-2,n1989,104,1,1,2
mn-104-1-1-3,n1990,104,1,1,3
mn-104-1-1-4,n1991,104,1,1,4
mn-104-1-1-5,n1992,104,1,1,5
mn-104-1-1-6,n1993,104,1,1,6
mn-104-1-1-7,n1994,104,1,1,7
mn-104-1-1-8,n1995,104,1,1,8
mn-104-1-1-9,n1996,104,1,1,9
mn-104-1-1-10,n1997,104,1,1,10
mn-104-1-1-11,n1998,104,1,1,11
mn-104-1-1-12,n1999,104,1,1,12
mn-104-1-1-13,n2000,104,1,1,13
mn-104-1-1-14,n2001,104,1,1,14
mn-104-1-1-15,n2002,104,1,1,15
mn-104-1-1-16,n2003,104,1,1,16
mn-104-5-2-1,n2004,104,5,2,1
mn-104-5-2-2,n2005,104,5,2,2
mn-104-5-2-3,n2006,104,5,2,3
mn-104-5-2-4,n2007,104,5,2,4
mn-105-1-1-1,n2008,105,1,1,1
mn-105-1-1-2,n2009,105,1,1,2
mn-105-1-1-3,n2010,105,1,1,3
mn-105-1-1-4,n2011,105,1,1,4
mn-105-1-1-5,n2012,105,1,1,5
mn-105-1-1-6,n2013,105,1,1,6
mn-105-1-1-7,n2014,105,1,1,7
mn-105-1-1-8,n2015,105,1,1,8
mn-105-1-1-9,n2016,105,1,1,9
mn-105-1-1-10,n2017,105,1,1,10
mn-105-1-1-11,n2018,105,1,1,11
mn-105-1-1-12,n2019,105,1,1,12
mn-105-1-1-13,n2020,105,1,1,13
mn-105-1-1-14,n2021,105,1,1,14
mn-105-1-1-15,n2022,105,1,1,15
mn-105-1-1-16,n2023,105,1,1,16
mn-105-5-2-1,n2024,105,5,2,1
mn-105-5-2-2,n2025,105,5,2,2
mn-105-5-2-3,n2026,105,5,2,3
mn-105-5-2-4,n2027,105,5,2,4
mn-106-1-2-1,n2028,106,1,2,1
mn-106-1-1-1,n2029,106,1,1,1
mn-106-1-1-2,n2030,106,1,1,2
mn-106-1-1-3,n2031,106,1,1,3
mn-106-1-1-4,n2032,106,1,1,4
mn-106-1-1-5,n2033,106,1,1,5
mn-106-1-1-6,n2034,106,1,1,6
mn-106-1-1-7,n2035,106,1,1,7
mn-106-1-2-2,n2036,106,1,2,2
mn-106-1-1-8,n2037,106,1,1,8
mn-106-1-1-9,n2038,106,1,1,9
mn-106-1-1-10,n2039,106,1,1,10
mn-106-1-1-11,n2040,106,1,1,11
mn-106-1-1-12,n2041,106,1,1,12
mn-106-1-1-13,n2042,106,1,1,13
mn-106-1-1-14,n2043,106,1,1,14
mn-106-5-2-1,n2044,106,5,2,1
mn-106-5-2-2,n2045,106,5,2,2
mn-106-5-2-3,n2046,106,5,2,3
mn-106-5-2-4,n2047,106,5,2,4
mn-107-1-2-1,n2048,107,1,2,1
mn-107-1-2-2,n2049,107,1,2,2
mn-107-1-1-1,n2050,107,1,1,1
mn-107-1-1-2,n2051,107,1,1,2
mn-107-1-2-3,n2052,107,1,2,3
mn-107-1-2-4,n2053,107,1,2,4
mn-107-1-1-3,n2054,107,1,1,3
mn-107-1-1-4,n2055,107,1,1,4
mn-107-1-2-5,n2056,107,1,2,5
mn-107-1-2-6,n2057,107,1,2,6
mn-107-1-1-5,n2058,107,1,1,5
mn-107-1-1-6,n2059,107,1,1,6
mn-107-1-2-7,n2060,107,1,2,7
mn-107-1-2-8,n2061,107,1,2,8
mn-107-1-1-7,n2062,107,1,1,7
mn-107-1-1-8,n2063,107,1,1,8
mn-107-5-2-1,n2064,107,5,2,1
mn-107-5-2-2,n2065,107,5,2,2
mn-107-5-2-3,n2066,107,5,2,3
mn-107-5-2-4,n2067,107,5,2,4
mn-108-1-2-1,n2068,108,1,2,1
mn-108-1-2-2,n2069,108,1,2,2
mn-108-1-1-1,n2070,108,1,1,1
mn-108-1-1-2,n2071,108,1,1,2
mn-108-1-2-3,n2072,108,1,2,3
mn-108-1-2-4,n2073,108,1,2,4
mn-108-1-1-3,n2074,108,1,1,3
mn-108-1-1-4,n2075,108,1,1,4
mn-108-1-2-5,n2076,108,1,2,5
mn-108-1-2-6,n2077,108,1,2,6
mn-108-1-1-5,n2078,108,1,1,5
mn-108-1-1-6,n2079,108,1,1,6
mn-108-1-2-7,n2080,108,1,2,7
mn-108-1-2-8,n2081,108,1,2,8
mn-108-1-1-7,n2082,108,1,1,7
mn-108-1-1-8,n2083,108,1,1,8
mn-108-5-2-1,n2084,108,5,2,1
mn-108-5-2-2,n2085,108,5,2,2
mn-108-5-2-3,n2086,108,5,2,3
mn-108-5-2-4,n2087,108,5,2,4
mn-109-1-1-1,n2088,109,1,1,1
mn-109-1-1-2,n2089,109,1,1,2
mn-109-1-1-3,n2090,109,1,1,3
mn-109-1-1-4,n2091,109,1,1,4
mn-109-1-1-5,n2092,109,1,1,5
mn-109-1-1-6,n2093,109,1,1,6
mn-109-1-1-7,n2094,109,1,1,7
mn-109-1-1-8,n2095,109,1,1,8
mn-109-1-1-9,n2096,109,1,1,9
mn-109-1-1-10,n2097,109,1,1,10
mn-109-1-1-11,n2098,109,1,1,11
mn-109-1-1-12,n2099,109,1,1,12
mn-109-1-1-13,n2100,109,1,1,13
mn-109-1-1-14,n2101,109,1,1,14
mn-109-5-2-1,n2102,109,5,2,1
mn-109-5-2-2,n2103,109,5,2,2
mn-110-1-1-1,n2104,110,1,1,1
mn-110-1-1-2,n2105,110,1,1,2
mn-110-1-1-3,n2106,110,1,1,3
mn-110-1-1-4,n2107,110,1,1,4
mn-110-1-1-5,n2108,110,1,1,5
mn-110-5-2-1,n2109,110,5,2,1
mn-110-5-2-2,n2110,110,5,2,2
mn-110-5-2-3,n2111,110,5,2,3
mn-110-5-2-4,n2112,110,5,2,4
mn-110-5-2-5,n2113,110,5,2,5
mn-111-1-1-1,n2114,111,1,1,1
mn-111-1-1-2,n2115,111,1,1,2
mn-111-1-1-3,n2116,111,1,1,3
mn-111-1-1-4,n2117,111,1,1,4
mn-111-1-1-5,n2118,111,1,1,5
mn-111-1-1-6,n2119,111,1,1,6
mn-111-1-1-7,n2120,111,1,1,7
mn-111-2-1-1,n2121,111,2,1,1
mn-111-5-2-1,n2122,111,5,2,1
mn-111-5-2-2,n2123,111,5,2,2
mn-111-5-2-3,n2124,111,5,2,3
mn-112-1-1-1,n2125,112,1,1,1
mn-112-1-1-2,n2126,112,1,1,2
mn-112-1-1-3,n2127,112,1,1,3
mn-112-1-1-4,n2128,112,1,1,4
mn-112-1-1-5,n2129,112,1,1,5
mn-112-5-2-1,n2130,112,5,2,1
mn-112-5-2-2,n2131,112,5,2,2
mn-112-5-2-3,n2132,112,5,2,3
mn-112-5-2-4,n2133,112,5,2,4
mn-112-5-2-5,n2134,112,5,2,5
mn-113-1-1-1,n2135,113,1,1,1
mn-113-1-1-2,n2136,113,1,1,2
mn-113-1-1-3,n2137,113,1,1,3
mn-113-1-1-4,n2138,113,1,1,4
mn-113-1-1-5,n2139,113,1,1,5
mn-113-1-1-6,n2140,113,1,1,6
mn-113-1-1-7,n2141,113,1,1,7
mn-113-1-1-8,n2142,113,1,1,8
mn-113-5-2-1,n2143,113,5,2,1
mn-113-5-2-2,n2144,113,5,2,2
mn-113-5-2-3,n2145,113,5,2,3
mn-113-5-2-4,n2146,113,5,2,4
mn-113-5-2-5,n2147,113,5,2,5
mn-113-5-2-6,n2148,113,5,2,6
mn-113-5-2-7,n2149,113,5,2,7
mn-114-1-1-1,n2150,114,1,1,1
mn-114-1-1-2,n2151,114,1,1,2
mn-114-1-1-3,n2152,114,1,1,3
mn-114-1-1-4,n2153,114,1,1,4
mn-114-1-1-5,n2154,114,1,1,5
mn-114-1-1-6,n2155,114,1,1,6
mn-114-1-1-7,n2156,114,1,1,7
mn-114-1-1-8,n2157,114,1,1,8
mn-114-1-1-9,n2158,114,1,1,9
mn-114-1-1-10,n2159,114,1,1,10
mn-114-1-1-11,n2160,114,1,1,11
mn-114-1-1-12,n2161,114,1,1,12
mn-114-5-2-1,n2162,114,5,2,1
mn-115-1-1-1,n2163,115,1,1,1
mn-115-1-1-2,n2164,115,1,1,2
mn-115-1-1-3,n2165,115,1,1,3
mn-115-1-1-4,n2166,115,1,1,4
mn-115-1-1-5,n2167,115,1,1,5
mn-115-1-1-6,n2168,115,1,1,6
mn-115-5-2-1,n2169,115,5,2,1
mn-115-5-2-2,n2170,115,5,2,2
mn-115-5-2-3,n2171,115,5,2,3
mn-115-5-2-4,n2172,115,5,2,4
mn-115-5-2-5,n2173,115,5,2,5
mn-115-5-2-6,n2174,115,5,2,6
mn-116-1-1-1,n2175,116,1,1,1
mn-116-1-1-2,n2176,116,1,1,2
mn-116-1-1-3,n2177,116,1,1,3
mn-116-1-1-4,n2178,116,1,1,4
mn-116-1-1-5,n2179,116,1,1,5
mn-116-1-1-6,n2180,116,1,1,6
mn-116-1-1-7,n2181,116,1,1,7
mn-116-5-2-1,n2182,116,5,2,1
mn-116-5-2-2,n2183,116,5,2,2
mn-116-5-1-1,n2184,116,5,1,1
mn-116-5-1-2,n2185,116,5,1,2
mn-116-5-1-3,n2186,116,5,1,3
mn-116-5-1-4,n2187,116,5,1,4
mn-117-1-1-1,n2188,117,1,1,1
mn-117-1-1-2,n2189,117,1,1,2
mn-117-1-1-3,n2190,117,1,1,3
mn-117-1-1-4,n2191,117,1,1,4
mn-117-1-1-5,n2192,117,1,1,5
mn-117-1-1-6,n2193,117,1,1,6
mn-117-1-1-7,n2194,117,1,1,7
mn-117-1-1-8,n2195,117,1,1,8
mn-117-1-1-9,n2196,117,1,1,9
mn-117-1-1-10,n2197,117,1,1,10
mn-117-1-1-11,n2198,117,1,1,11
mn-117-5-1-1,n2199,117,5,1,1
mn-117-5-1-2,n2200,117,5,1,2
mn-117-5-2-1,n2201,117,5,2,1
mn-117-5-2-2,n2202,117,5,2,2
mn-117-5-2-3,n2203,117,5,2,3
mn-118-1-1-1,n2204,118,1,1,1
mn-118-1-1-2,n2205,118,1,1,2
mn-118-1-1-3,n2206,118,1,1,3
mn-118-1-1-4,n2207,118,1,1,4
mn-118-1-1-5,n2208,118,1,1,5
mn-118-1-1-6,n2209,118,1,1,6
mn-118-1-1-7,n2210,118,1,1,7
mn-118-1-1-8,n2211,118,1,1,8
mn-118-1-1-9,n2212,118,1,1,9
mn-118-1-1-10,n2213,118,1,1,10
mn-118-1-1-11,n2214,118,1,1,11
mn-118-1-1-12,n2215,118,1,1,12
mn-118-5-2-1,n2216,118,5,2,1
mn-119-1-1-1,n2217,119,1,1,1
mn-119-1-1-2,n2218,119,1,1,2
mn-119-1-1-3,n2219,119,1,1,3
mn-119-1-1-4,n2220,119,1,1,4
mn-119-1-1-5,n2221,119,1,1,5
mn-119-1-1-6,n2222,119,1,1,6
mn-119-5-2-1,n2223,119,5,2,1
mn-119-5-2-2,n2224,119,5,2,2
mn-119-5-2-3,n2225,119,5,2,3
mn-119-5-2-4,n2226,119,5,2,4
mn-119-5-2-5,n2227,119,5,2,5
mn-119-5-2-6,n2228,119,5,2,6
mn-120-1-1-1,n2229,120,1,1,1
mn-120-1-1-2,n2230,120,1,1,2
mn-120-1-1-3,n2231,120,1,1,3
mn-120-1-1-4,n2232,120,1,1,4
mn-120-1-1-5,n2233,120,1,1,5
mn-120-1-1-6,n2234,120,1,1,6
mn-120-1-1-7,n2235,120,1,1,7
mn-120-1-1-8,n2236,120,1,1,8
mn-120-5-2-1,n2237,120,5,2,1
mn-120-5-2-2,n2238,120,5,2,2
mn-120-5-2-3,n2239,120,5,2,3
mn-120-5-2-4,n2240,120,5,2,4
mn-120-5-2-5,n2241,120,5,2,5
mn-120-5-2-6,n2242,120,5,2,6
mn-121-1-1-1,n2243,121,1,1,1
mn-121-1-1-2,n2244,121,1,1,2
mn-121-1-1-3,n2245,121,1,1,3
mn-121-1-1-4,n2246,121,1,1,4
mn-121-1-1-5,r7,121,1,1,5
mn-121-1-1-6,n2247,121,1,1,6
mn-121-1-1-7,n2248,121,1,1,7
mn-121-1-1-8,n2249,121,1,1,8
mn-121-1-1-9,n2250,121,1,1,9
mn-121-1-1-10,n2251,121,1,1,10
mn-121-1-1-11,n2252,121,1,1,11
mn-121-5-2-1,n2253,121,5,2,1
mn-121-5-2-2,n2254,121,5,2,2
mn-121-5-1-1,n2255,121,5,1,1
mn-121-5-1-2,n2256,121,5,1,2
mn-121-5-2-3,n2257,121,5,2,3
mn-122-1-1-1,n2258,122,1,1,1
mn-122-1-1-2,n2259,122,1,1,2
mn-122-1-1-3,n2260,122,1,1,3
mn-122-1-1-4,n2261,122,1,1,4
mn-122-1-1-5,n2262,122,1,1,5
mn-122-1-1-6,n2263,122,1,1,6
mn-122-1-1-7,n2264,122,1,1,7
mn-122-1-1-8,n2265,122,1,1,8
mn-122-1-1-9,n2266,122,1,1,9
mn-122-1-1-10,n2267,122,1,1,10
mn-122-1-1-11,n2268,122,1,1,11
mn-122-1-1-12,n2269,122,1,1,12
mn-122-5-2-1,n2270,122,5,2,1
mn-123-1-1-1,n2271,123,1,1,1
mn-123-1-1-2,n2272,123,1,1,2
mn-123-1-1-3,n2273,123,1,1,3
mn-123-1-1-4,n2274,123,1,1,4
mn-123-1-1-5,n2275,123,1,1,5
mn-123-1-1-6,n2276,123,1,1,6
mn-123-5-2-1,n2277,123,5,2,1
mn-123-5-2-2,n2278,123,5,2,2
mn-123-5-2-3,n2279,123,5,2,3
mn-123-5-2-4,n2280,123,5,2,4
mn-123-5-2-5,n2281,123,5,2,5
mn-123-5-2-6,n2282,123,5,2,6
mn-124-1-1-1,n2283,124,1,1,1
mn-124-1-1-2,n2284,124,1,1,2
mn-124-1-1-3,n2285,124,1,1,3
mn-124-1-1-4,n2286,124,1,1,4
mn-124-1-1-5,n2287,124,1,1,5
mn-124-1-1-6,n2288,124,1,1,6
mn-124-1-1-7,n2289,124,1,1,7
mn-124-5-2-1,n2290,124,5,2,1
mn-124-5-2-2,n2291,124,5,2,2
mn-124-5-1-1,n2292,124,5,1,1
mn-124-5-2-3,n2293,124,5,2,3
mn-124-5-2-4,n2294,124,5,2,4
mn-124-6-2-1,n2295,124,6,2,1
mn-125-1-1-1,n2296,125,1,1,1
mn-125-1-1-2,n2297,125,1,1,2
mn-125-1-1-3,n2298,125,1,1,3
mn-125-1-1-4,n2299,125,1,1,4
mn-125-1-1-5,n2300,125,1,1,5
mn-125-1-1-6,n2301,125,1,1,6
mn-125-1-1-7,n2302,125,1,1,7
mn-125-5-2-1,n2303,125,5,2,1
mn-125-5-2-2,n2304,125,5,2,2
mn-125-5-2-3,n2305,125,5,2,3
mn-125-5-2-4,n2306,125,5,2,4
mn-125-5-2-5,n2307,125,5,2,5
mn-125-5-2-6,n2308,125,5,2,6
mn-126-1-1-1,n2309,126,1,1,1
mn-126-1-1-2,n2310,126,1,1,2
mn-126-1-1-3,n2311,126,1,1,3
mn-126-1-1-4,n2312,126,1,1,4
mn-126-1-1-5,n2313,126,1,1,5
mn-126-1-1-6,n2314,126,1,1,6
mn-126-1-1-7,n2315,126,1,1,7
mn-126-5-2-1,n2316,126,5,2,1
mn-126-5-2-2,n2317,126,5,2,2
mn-126-5-2-3,n2318,126,5,2,3
mn-126-5-2-4,n2319,126,5,2,4
mn-126-5-2-5,n2320,126,5,2,5
mn-126-5-2-6,n2321,126,5,2,6
mn-127-1-1-1,n2322,127,1,1,1
mn-127-1-1-2,n2323,127,1,1,2
mn-127-1-1-3,n2324,127,1,1,3
mn-127-1-1-4,n2325,127,1,1,4
mn-127-1-1-5,n2326,127,1,1,5
mn-127-1-1-6,n2327,127,1,1,6
mn-127-1-1-7,n2328,127,1,1,7
mn-127-1-1-8,n2329,127,1,1,8
mn-127-5-2-1,n2330,127,5,2,1
mn-127-5-2-2,n2331,127,5,2,2
mn-127-5-2-3,n2332,127,5,2,3
mn-127-5-2-4,n2333,127,5,2,4
mn-127-5-2-5,n2334,127,5,2,5
mn-127-5-2-6,n2335,127,5,2,6
mn-127-5-2-7,n2336,127,5,2,7
mn-127-5-2-8,n2337,127,5,2,8
mn-128-1-1-1,n2338,128,1,1,1
mn-128-1-1-2,n2339,128,1,1,2
mn-128-1-1-3,n2340,128,1,1,3
mn-128-1-1-4,n2341,128,1,1,4
mn-128-1-1-5,n2342,128,1,1,5
mn-128-1-1-6,n2343,128,1,1,6
mn-128-1-1-7,n2344,128,1,1,7
mn-128-1-1-8,n2345,128,1,1,8
mn-128-5-2-1,n2346,128,5,2,1
mn-128-5-2-2,n2347,128,5,2,2
mn-128-5-2-3,n2348,128,5,2,3
mn-128-5-2-4,n2349,128,5,2,4
mn-128-5-2-5,n2350,128,5,2,5
mn-128-5-2-6,n2351,128,5,2,6
mn-128-5-2-7,n2352,128,5,2,7
mn-128-5-2-8,n2353,128,5,2,8
mn-129-1-1-1,n2354,129,1,1,1
mn-129-1-1-2,n2355,129,1,1,2
mn-129-1-1-3,n2356,129,1,1,3
mn-129-1-1-4,n2357,129,1,1,4
mn-129-1-1-5,n2358,129,1,1,5
mn-129-1-2-1,n2359,129,1,2,1
mn-129-1-1-6,n2360,129,1,1,6
mn-129-5-2-1,n2361,129,5,2,1
mn-129-5-2-2,n2362,129,5,2,2
mn-129-5-2-3,n2363,129,5,2,3
mn-129-5-2-4,n2364,129,5,2,4
mn-129-5-2-5,n2365,129,5,2,5
mn-129-5-2-6,r8,129,5,2,6
mn-129-5-2-7,n2366,129,5,2,7
mn-129-6-2-1,n2367,129,6,2,1
mn-130-1-1-1,n2368,130,1,1,1
mn-130-1-1-2,n2369,130,1,1,2
mn-130-1-1-3,n2370,130,1,1,3
mn-130-1-1-4,n2371,130,1,1,4
mn-130-1-1-5,n2372,130,1,1,5
mn-130-1-1-6,n2373,130,1,1,6
mn-130-1-1-7,n2374,130,1,1,7
mn-130-2-1-1,n2375,130,2,1,1
mn-130-5-2-1,n2376,130,5,2,1
mn-130-5-2-2,n2377,130,5,2,2
mn-130-6-2-1,n2378,130,6,2,1
mn-131-1-1-1,n2379,131,1,1,1
mn-131-1-1-2,n2380,131,1,1,2
mn-131-1-1-3,n2381,131,1,1,3
mn-131-1-1-4,n2382,131,1,1,4
mn-131-1-1-5,n2383,131,1,1,5
mn-131-1-2-1,n2384,131,1,2,1
mn-131-1-1-6,n2385,131,1,1,6
mn-131-5-2-1,n2386,131,5,2,1
mn-131-5-2-2,n2387,131,5,2,2
mn-131-5-2-3,n2388,131,5,2,3
mn-131-5-2-4,n2389,131,5,2,4
mn-131-5-2-5,n2390,131,5,2,5
mn-131-5-2-6,r9,131,5,2,6
mn-131-5-2-7,n2391,131,5,2,7
mn-131-6-2-1,n2392,131,6,2,1
mn-132-1-1-1,n2393,132,1,1,1
mn-132-1-1-2,n2394,132,1,1,2
mn-132-1-1-3,n2395,132,1,1,3
mn-132-1-1-4,n2396,132,1,1,4
mn-132-1-1-5,n2397,132,1,1,5
mn-132-1-1-6,n2398,132,1,1,6
mn-132-1-1-7,n2399,132,1,1,7
mn-132-2-1-1,n2400,132,2,1,1
mn-132-2-1-2,n2401,132,2,1,2
mn-132-5-2-1,n2402,132,5,2,1
mn-132-5-2-2,n2403,132,5,2,2
mn-132-6-2-1,n2404,132,6,2,1
mn-133-1-1-1,n2405,133,1,1,1
mn-133-1-1-2,n2406,133,1,1,2
mn-133-1-1-3,n2407,133,1,1,3
mn-133-1-1-4,n2408,133,1,1,4
mn-133-1-1-5,n2409,133,1,1,5
mn-133-1-2-1,n2410,133,1,2,1
mn-133-1-1-6,n2411,133,1,1,6
mn-133-2-1-1,n2412,133,2,1,1
mn-133-5-2-1,n2413,133,5,2,1
mn-133-5-2-2,n2414,133,5,2,2
mn-133-5-2-3,n2415,133,5,2,3
mn-133-5-2-4,n2416,133,5,2,4
mn-133-5-2-5,n2417,133,5,2,5
mn-133-5-2-6,r10,133,5,2,6
mn-133-5-2-7,n2418,133,5,2,7
mn-133-6-2-1,n2419,133,6,2,1
mn-134-1-1-1,n2420,134,1,1,1
mn-134-1-1-2,n2421,134,1,1,2
mn-134-1-1-3,n2422,134,1,1,3
mn-134-1-1-4,n2423,134,1,1,4
mn-134-1-1-5,n2424,134,1,1,5
mn-134-1-1-6,n2425,134,1,1,6
mn-134-1-1-7,n2426,134,1,1,7
mn-134-2-1-1,n2427,134,2,1,1
mn-134-5-2-1,n2428,134,5,2,1
mn-134-5-2-2,n2429,134,5,2,2
mn-134-6-2-1,n2430,134,6,2,1
mn-135-1-1-1,n2431,135,1,1,1
mn-135-1-1-2,n2432,135,1,1,2
mn-135-1-1-3,n2433,135,1,1,3
mn-135-1-1-4,n2434,135,1,1,4
mn-135-1-1-5,n2435,135,1,1,5
mn-135-1-1-6,n2436,135,1,1,6
mn-135-1-1-7,n2437,135,1,1,7
mn-135-1-1-8,n2438,135,1,1,8
mn-135-5-2-1,n2439,135,5,2,1
mn-135-5-2-2,n2440,135,5,2,2
mn-135-5-2-3,n2441,135,5,2,3
mn-135-5-2-4,n2442,135,5,2,4
mn-136-1-1-1,n2443,136,1,1,1
mn-136-1-1-2,n2444,136,1,1,2
mn-136-1-1-3,n2445,136,1,1,3
mn-136-1-1-4,n2446,136,1,1,4
mn-136-1-1-5,n2447,136,1,1,5
mn-136-1-1-6,n2448,136,1,1,6
mn-136-1-1-7,n2449,136,1,1,7
mn-136-1-1-8,n2450,136,1,1,8
mn-136-1-1-9,n2451,136,1,1,9
mn-136-1-1-10,n2452,136,1,1,10
mn-136-1-1-11,n2453,136,1,1,11
mn-136-1-1-12,n2454,136,1,1,12
mn-136-5-2-1,n2455,136,5,2,1
mn-136-5-2-2,n2456,136,5,2,2
mn-136-5-2-3,n2457,136,5,2,3
mn-136-5-2-4,n2458,136,5,2,4
mn-137-1-1-1,n2459,137,1,1,1
mn-137-1-1-2,n2460,137,1,1,2
mn-137-1-1-3,n2461,137,1,1,3
mn-137-1-1-4,n2462,137,1,1,4
mn-137-1-1-5,n2463,137,1,1,5
mn-137-1-1-6,n2464,137,1,1,6
mn-137-1-1-7,n2465,137,1,1,7
mn-137-1-1-8,n2466,137,1,1,8
mn-137-1-1-9,n2467,137,1,1,9
mn-137-1-1-10,n2468,137,1,1,10
mn-137-1-1-11,n2469,137,1,1,11
mn-137-1-1-12,n2470,137,1,1,12
mn-137-5-2-1,n2471,137,5,2,1
mn-137-5-2-2,n2472,137,5,2,2
mn-137-5-2-3,n2473,137,5,2,3
mn-137-5-2-4,n2474,137,5,2,4
mn-138-1-1-1,n2475,138,1,1,1
mn-138-1-1-2,n2476,138,1,1,2
mn-138-1-1-3,n2477,138,1,1,3
mn-138-1-1-4,n2478,138,1,1,4
mn-138-1-1-5,n2479,138,1,1,5
mn-138-1-1-6,n2480,138,1,1,6
mn-138-1-1-7,n2481,138,1,1,7
mn-138-1-1-8,n2482,138,1,1,8
mn-138-1-1-9,n2483,138,1,1,9
mn-138-1-1-10,n2484,138,1,1,10
mn-138-1-1-11,n2485,138,1,1,11
mn-138-1-1-12,n2486,138,1,1,12
mn-138-5-2-1,n2487,138,5,2,1
mn-138-5-2-2,n2488,138,5,2,2
mn-138-5-2-3,n2489,138,5,2,3
mn-138-5-2-4,n2490,138,5,2,4
mn-139-1-1-1,n2491,139,1,1,1
mn-139-1-1-2,n2492,139,1,1,2
mn-139-1-1-3,n2493,139,1,1,3
mn-139-1-1-4,n2494,139,1,1,4
mn-139-1-1-5,n2495,139,1,1,5
mn-139-1-1-6,n2496,139,1,1,6
mn-139-1-1-7,n2497,139,1,1,7
mn-139-1-1-8,n2498,139,1,1,8
mn-139-1-1-9,n2499,139,1,1,9
mn-139-1-1-10,n2500,139,1,1,10
mn-139-1-1-11,n2501,139,1,1,11
mn-139-1-1-12,n2502,139,1,1,12
mn-139-1-1-13,n2503,139,1,1,13
mn-139-1-1-14,n2504,139,1,1,14
mn-139-5-2-1,n2505,139,5,2,1
mn-139-5-2-2,n2506,139,5,2,2
mn-140-1-1-1,n2507,140,1,1,1
mn-140-1-1-2,n2508,140,1,1,2
mn-140-1-1-3,n2509,140,1,1,3
mn-140-1-1-4,n2510,140,1,1,4
mn-140-1-1-5,n2511,140,1,1,5
mn-140-5-2-1,n2512,140,5,2,1
mn-140-5-2-2,n2513,140,5,2,2
mn-140-5-2-3,n2514,140,5,2,3
mn-140-5-2-4,n2515,140,5,2,4
mn-140-5-2-5,n2516,140,5,2,5
mn-141-1-1-1,n2517,141,1,1,1
mn-141-1-1-2,n2518,141,1,1,2
mn-141-1-1-3,n2519,141,1,1,3
mn-141-1-1-4,n2520,141,1,1,4
mn-141-1-1-5,n2521,141,1,1,5
mn-141-1-1-6,n2522,141,1,1,6
mn-141-1-1-7,n2523,141,1,1,7
mn-141-1-1-8,n2524,141,1,1,8
mn-141-1-1-9,n2525,141,1,1,9
mn-141-1-1-10,n2526,141,1,1,10
mn-141-1-1-11,n2527,141,1,1,11
mn-141-1-1-12,n2528,141,1,1,12
mn-141-1-1-13,n2529,141,1,1,13
mn-141-1-1-14,n2530,141,1,1,14
mn-141-5-2-1,n2531,141,5,2,1
mn-141-5-2-2,n2532,141,5,2,2
mn-142-1-1-1,n2533,142,1,1,1
mn-142-1-1-2,n2534,142,1,1,2
mn-142-1-1-3,n2535,142,1,1,3
mn-142-1-1-4,n2536,142,1,1,4
mn-142-1-1-5,n2537,142,1,1,5
mn-142-5-2-1,n2538,142,5,2,1
mn-142-5-2-2,n2539,142,5,2,2
mn-142-5-2-3,n2540,142,5,2,3
mn-142-5-2-4,n2541,142,5,2,4
mn-142-5-2-5,n2542,142,5,2,5
mn-143-1-1-1,n2543,143,1,1,1
mn-143-1-1-2,n2544,143,1,1,2
mn-143-1-1-3,n2545,143,1,1,3
mn-143-1-1-4,n2546,143,1,1,4
mn-143-1-1-5,n2547,143,1,1,5
mn-143-1-1-6,n2548,143,1,1,6
mn-143-1-1-7,n2549,143,1,1,7
mn-143-2-1-1,n2550,143,2,1,1
mn-143-2-1-2,n2551,143,2,1,2
mn-143-2-1-3,n2552,143,2,1,3
mn-143-5-2-1,n2553,143,5,2,1
mn-143-6-2-1,r11,143,6,2,1
mn-143-6-2-2,n2554,143,6,2,2
mn-143-6-2-3,n2555,143,6,2,3
mn-143-6-2-4,n2556,143,6,2,4
mn-144-1-1-1,n2557,144,1,1,1
mn-144-1-1-2,n2558,144,1,1,2
mn-144-1-1-3,n2559,144,1,1,3
mn-144-1-1-4,n2560,144,1,1,4
mn-144-1-1-5,n2561,144,1,1,5
mn-144-1-1-6,n2562,144,1,1,6
mn-144-1-1-7,n2563,144,1,1,7
mn-144-1-1-8,n2564,144,1,1,8
mn-144-2-1-1,n2565,144,2,1,1
mn-144-2-1-2,n2566,144,2,1,2
mn-144-2-1-3,n2567,144,2,1,3
mn-144-5-2-1,n2568,144,5,2,1
mn-144-5-2-2,n2569,144,5,2,2
mn-144-5-2-3,n2570,144,5,2,3
mn-144-6-2-1,n2571,144,6,2,1
mn-144-6-2-2,n2572,144,6,2,2
mn-144-6-2-3,n2573,144,6,2,3
mn-144-6-2-4,n2574,144,6,2,4
mn-145-1-1-1,n2575,145,1,1,1
mn-145-1-1-2,n2576,145,1,1,2
mn-145-1-1-3,n2577,145,1,1,3
mn-145-1-1-4,n2578,145,1,1,4
mn-145-2-1-1,n2579,145,2,1,1
mn-145-2-1-2,n2580,145,2,1,2
mn-145-5-2-1,n2581,145,5,2,1
mn-145-5-2-2,n2582,145,5,2,2
mn-145-6-2-1,n2583,145,6,2,1
mn-145-6-2-2,n2584,145,6,2,2
mn-145-6-2-3,n2585,145,6,2,3
mn-145-6-2-4,n2586,145,6,2,4
mn-146-1-1-1,n2587,146,1,1,1
mn-146-1-1-2,n2588,146,1,1,2
mn-146-1-1-3,n2589,146,1,1,3
mn-146-1-1-4,n2590,146,1,1,4
mn-146-2-1-1,n2591,146,2,1,1
mn-146-2-1-2,n2592,146,2,1,2
mn-146-2-1-3,n2593,146,2,1,3
mn-146-5-2-1,n2594,146,5,2,1
mn-146-5-2-2,n2595,146,5,2,2
mn-146-5-2-3,n2596,146,5,2,3
mn-146-5-2-4,n2597,146,5,2,4
mn-147-1-1-1,n2598,147,1,1,1
mn-147-1-1-2,n2599,147,1,1,2
mn-147-1-1-3,n2600,147,1,1,3
mn-147-1-1-4,n2601,147,1,1,4
mn-147-1-1-5,n2602,147,1,1,5
mn-147-1-1-6,n2603,147,1,1,6
mn-147-1-1-7,n2604,147,1,1,7
mn-147-1-1-8,n2605,147,1,1,8
mn-147-1-1-9,n2606,147,1,1,9
mn-147-5-2-1,n2607,147,5,2,1
mn-147-5-2-2,n2608,147,5,2,2
mn-147-5-2-3,n2609,147,5,2,3
mn-147-5-2-4,n2610,147,5,2,4
mn-147-5-2-5,n2611,147,5,2,5
mn-147-5-2-6,n2612,147,5,2,6
mn-147-5-2-7,n2613,147,5,2,7
mn-147-5-2-8,n2614,147,5,2,8
mn-148-1-1-1,n2615,148,1,1,1
mn-148-1-1-2,n2616,148,1,1,2
mn-148-1-1-3,n2617,148,1,1,3
mn-148-1-1-4,n2618,148,1,1,4
mn-148-1-1-5,n2619,148,1,1,5
mn-148-1-1-6,n2620,148,1,1,6
mn-148-1-1-7,n2621,148,1,1,7
mn-148-1-1-8,n2622,148,1,1,8
mn-148-1-1-9,n2623,148,1,1,9
mn-148-1-1-10,n2624,148,1,1,10
mn-148-1-1-11,n2625,148,1,1,11
mn-148-1-1-12,n2626,148,1,1,12
mn-148-1-1-13,n2627,148,1,1,13
mn-148-1-1-14,n2628,148,1,1,14
mn-148-5-2-1,n2629,148,5,2,1
mn-148-5-2-2,n2630,148,5,2,2
mn-148-5-2-3,n2631,148,5,2,3
mn-148-5-2-4,n2632,148,5,2,4
mn-148-5-2-5,n2633,148,5,2,5
mn-148-5-2-6,n2634,148,5,2,6
mn-148-5-2-7,n2635,148,5,2,7
mn-149-1-1-1,n2636,149,1,1,1
mn-149-1-1-2,n2637,149,1,1,2
mn-149-1-1-3,n2638,149,1,1,3
mn-149-1-1-4,n2639,149,1,1,4
mn-149-1-1-5,n2640,149,1,1,5
mn-149-1-1-6,n2641,149,1,1,6
mn-149-1-1-7,n2642,149,1,1,7
mn-149-1-1-8,n2643,149,1,1,8
mn-149-1-1-9,n2644,149,1,1,9
mn-149-5-2-1,n2645,149,5,2,1
mn-149-5-2-2,n2646,149,5,2,2
mn-149-5-2-3,n2647,149,5,2,3
mn-149-5-2-4,n2648,149,5,2,4
mn-149-5-2-5,n2649,149,5,2,5
mn-149-5-2-6,n2650,149,5,2,6
mn-149-5-2-7,n2651,149,5,2,7
mn-149-5-2-8,n2652,149,5,2,8
mn-150-1-1-1,n2653,150,1,1,1
mn-150-1-1-2,n2654,150,1,1,2
mn-150-1-1-3,n2655,150,1,1,3
mn-150-1-1-4,n2656,150,1,1,4
mn-150-1-1-5,n2657,150,1,1,5
mn-150-1-1-6,n2658,150,1,1,6
mn-150-1-1-7,n2659,150,1,1,7
mn-150-1-1-8,n2660,150,1,1,8
mn-150-1-1-9,n2661,150,1,1,9
mn-150-1-1-10,n2662,150,1,1,10
mn-150-1-1-11,n2663,150,1,1,11
mn-150-1-1-12,n2664,150,1,1,12
mn-150-1-1-13,n2665,150,1,1,13
mn-150-1-1-14,n2666,150,1,1,14
mn-150-5-2-1,n2667,150,5,2,1
mn-150-5-2-2,n2668,150,5,2,2
mn-150-5-2-3,n2669,150,5,2,3
mn-150-5-2-4,n2670,150,5,2,4
mn-150-5-2-5,n2671,150,5,2,5
mn-150-5-2-6,n2672,150,5,2,6
mn-150-5-2-7,n2673,150,5,2,7
mn-151-1-1-1,n2674,151,1,1,1
mn-151-1-1-2,n2675,151,1,1,2
mn-151-1-1-3,n2676,151,1,1,3
mn-151-1-1-4,n2677,151,1,1,4
mn-151-1-1-5,n2678,151,1,1,5
mn-151-1-1-6,n2679,151,1,1,6
mn-151-1-1-7,n2680,151,1,1,7
mn-151-1-1-8,n2681,151,1,1,8
mn-151-5-2-1,n2682,151,5,2,1
mn-151-5-2-2,n2683,151,5,2,2
mn-151-5-2-3,n2684,151,5,2,3
mn-151-5-2-4,n2685,151,5,2,4
mn-151-5-2-5,n2686,151,5,2,5
mn-151-5-2-6,n2687,151,5,2,6
mn-151-5-2-7,n2688,151,5,2,7
mn-151-5-2-8,n2689,151,5,2,8
mn-151-5-2-9,n2690,151,5,2,9
mn-152-1-1-1,n2691,152,1,1,1
mn-152-1-1-2,n2692,152,1,1,2
mn-152-1-1-3,n2693,152,1,1,3
mn-152-1-1-4,n2694,152,1,1,4
mn-152-1-1-5,n2695,152,1,1,5
mn-152-1-1-6,n2696,152,1,1,6
mn-152-1-1-7,n2697,152,1,1,7
mn-152-1-1-8,n2698,152,1,1,8
mn-152-5-2-1,n2699,152,5,2,1
mn-152-5-2-2,n2700,152,5,2,2
mn-152-5-2-3,n2701,152,5,2,3
mn-152-5-2-4,n2702,152,5,2,4
mn-152-5-2-5,n2703,152,5,2,5
mn-152-5-2-6,n2704,152,5,2,6
mn-152-5-2-7,n2705,152,5,2,7
mn-152-5-2-8,n2706,152,5,2,8
mn-152-5-2-9,n2707,152,5,2,9
mn-152-5-2-10,n2708,152,5,2,10
mn-152-5-2-11,n2709,152,5,2,11
mn-152-5-2-12,n2710,152,5,2,12
mn-152-5-2-13,n2711,152,5,2,13
mn-152-5-2-14,n2712,152,5,2,14
mn-153-1-1-1,n2713,153,1,1,1
mn-153-1-1-2,n2714,153,1,1,2
mn-153-1-1-3,n2715,153,1,1,3
mn-153-1-1-4,n2716,153,1,1,4
mn-153-1-1-5,n2717,153,1,1,5
mn-153-1-1-6,n2718,153,1,1,6
mn-153-1-1-7,n2719,153,1,1,7
mn-153-1-1-8,n2720,153,1,1,8
mn-153-5-2-1,n2721,153,5,2,1
mn-153-5-2-2,n2722,153,5,2,2
mn-153-5-2-3,n2723,153,5,2,3
mn-153-5-2-4,n2724,153,5,2,4
mn-153-5-2-5,n2725,153,5,2,5
mn-153-5-2-6,n2726,153,5,2,6
mn-153-5-2-7,n2727,153,5,2,7
mn-153-5-2-8,n2728,153,5,2,8
mn-153-5-2-9,n2729,153,5,2,9
mn-153-5-2-10,n2730,153,5,2,10
mn-153-5-2-11,n2731,153,5,2,11
mn-153-5-2-12,n2732,153,5,2,12
mn-153-5-2-13,n2733,153,5,2,13
mn-154-1-1-1,n2734,154,1,1,1
mn-154-1-1-2,n2735,154,1,1,2
mn-154-1-1-3,n2736,154,1,1,3
mn-154-1-1-4,n2737,154,1,1,4
mn-154-1-1-5,n2738,154,1,1,5
mn-154-1-1-6,n2739,154,1,1,6
mn-154-1-1-7,n2740,154,1,1,7
mn-154-1-1-8,n2741,154,1,1,8
mn-154-1-1-9,n2742,154,1,1,9
mn-154-1-1-10,n2743,154,1,1,10
mn-154-1-1-11,n2744,154,1,1,11
mn-154-1-1-12,n2745,154,1,1,12
mn-154-5-2-1,n2746,154,5,2,1
mn-154-5-2-2,n2747,154,5,2,2
mn-154-5-2-3,n2748,154,5,2,3
mn-154-5-2-4,n2749,154,5,2,4
mn-154-5-2-5,n2750,154,5,2,5
mn-154-5-2-6,n2751,154,5,2,6
mn-154-5-2-7,n2752,154,5,2,7
mn-154-5-2-8,n2753,154,5,2,8
mn-154-5-2-9,n2754,154,5,2,9
mn-154-5-2-10,n2755,154,5,2,10
mn-154-5-2-11,n2756,154,5,2,11
mn-154-5-2-12,n2757,154,5,2,12
mn-154-5-2-13,n2758,154,5,2,13
mn-155-1-1-1,n2759,155,1,1,1
mn-155-1-1-2,n2760,155,1,1,2
mn-155-1-1-3,n2761,155,1,1,3
mn-155-1-1-4,n2762,155,1,1,4
mn-155-1-1-5,n2763,155,1,1,5
mn-155-1-1-6,n2764,155,1,1,6
mn-155-1-1-7,n2765,155,1,1,7
mn-155-2-1-1,n2766,155,2,1,1
mn-155-2-1-2,n2767,155,2,1,2
mn-155-2-1-3,n2768,155,2,1,3
mn-155-2-1-4,n2769,155,2,1,4
mn-155-2-1-5,n2770,155,2,1,5
mn-155-2-1-6,n2771,155,2,1,6
mn-155-5-2-1,n2772,155,5,2,1
mn-155-5-2-2,n2773,155,5,2,2
mn-155-5-2-3,n2774,155,5,2,3
mn-155-5-2-4,n2775,155,5,2,4
mn-155-5-2-5,n2776,155,5,2,5
mn-155-5-2-6,n2777,155,5,2,6
mn-155-5-2-7,n2778,155,5,2,7
mn-155-5-2-8,n2779,155,5,2,8
mn-155-5-2-9,n2780,155,5,2,9
mn-155-5-2-10,n2781,155,5,2,10
mn-155-5-2-11,n2782,155,5,2,11
mn-155-5-2-12,n2783,155,5,2,12
mn-155-5-2-13,n2784,155,5,2,13
mn-155-5-2-14,n2785,155,5,2,14
mn-155-5-2-15,n2786,155,5,2,15
mn-155-5-2-16,n2787,155,5,2,16
mn-156-1-1-1,n2788,156,1,1,1
mn-156-1-1-2,n2789,156,1,1,2
mn-156-1-1-3,n2790,156,1,1,3
mn-156-1-1-4,n2791,156,1,1,4
mn-156-1-1-5,n2792,156,1,1,5
mn-156-1-1-6,n2793,156,1,1,6
mn-156-1-1-7,n2794,156,1,1,7
mn-156-1-1-8,n2795,156,1,1,8
mn-156-1-1-9,n2796,156,1,1,9
mn-156-1-1-10,n2797,156,1,1,10
mn-156-1-1-11,n2798,156,1,1,11
mn-156-1-1-12,n2799,156,1,1,12
mn-156-5-2-1,n2800,156,5,2,1
mn-156-5-2-2,n2801,156,5,2,2
mn-156-5-2-3,n2802,156,5,2,3
mn-156-5-2-4,n2803,156,5,2,4
mn-156-5-2-5,n2804,156,5,2,5
mn-156-5-2-6,n2805,156,5,2,6
mn-156-5-2-7,n2806,156,5,2,7
mn-156-5-2-8,n2807,156,5,2,8
mn-156-5-2-9,n2808,156,5,2,9
mn-156-5-2-10,n2809,156,5,2,10
mn-156-5-2-11,n2810,156,5,2,11
mn-156-5-2-12,n2811,156,5,2,12
mn-156-5-2-13,n2812,156,5,2,13
mn-156-5-2-14,n2813,156,5,2,14
mn-156-5-2-15,n2814,156,5,2,15
mn-156-5-2-16,n2815,156,5,2,16
mn-157-1-1-1,n2816,157,1,1,1
mn-157-1-1-2,n2817,157,1,1,2
mn-157-1-1-3,n2818,157,1,1,3
mn-157-1-1-4,n2819,157,1,1,4
mn-157-1-1-5,n2820,157,1,1,5
mn-157-1-1-6,n2821,157,1,1,6
mn-157-1-1-7,n2822,157,1,1,7
mn-157-1-1-8,n2823,157,1,1,8
mn-157-2-1-1,n2824,157,2,1,1
mn-157-2-1-2,n2825,157,2,1,2
mn-157-2-1-3,n2826,157,2,1,3
mn-157-2-1-4,n2827,157,2,1,4
mn-157-2-1-5,n2828,157,2,1,5
mn-157-2-1-6,n2829,157,2,1,6
mn-157-5-2-1,n2830,157,5,2,1
mn-157-5-2-2,n2831,157,5,2,2
mn-157-5-2-3,n2832,157,5,2,3
mn-157-5-2-4,n2833,157,5,2,4
mn-157-5-2-5,n2834,157,5,2,5
mn-157-5-2-6,n2835,157,5,2,6
mn-157-5-2-7,n2836,157,5,2,7
mn-157-5-2-8,n2837,157,5,2,8
mn-157-5-2-9,n2838,157,5,2,9
mn-157-5-2-10,n2839,157,5,2,10
mn-157-5-2-11,n2840,157,5,2,11
mn-157-5-2-12,n2841,157,5,2,12
mn-157-5-2-13,n2842,157,5,2,13
mn-157-5-2-14,n2843,157,5,2,14
mn-157-5-2-15,n2844,157,5,2,15
mn-157-5-2-16,n2845,157,5,2,16
mn-158-1-1-1,n2846,158,1,1,1
mn-158-1-1-2,n2847,158,1,1,2
mn-158-1-1-3,n2848,158,1,1,3
mn-158-1-1-4,n2849,158,1,1,4
mn-158-1-1-5,n2850,158,1,1,5
mn-158-1-1-6,n2851,158,1,1,6
mn-158-1-1-7,n2852,158,1,1,7
mn-158-1-1-8,n2853,158,1,1,8
mn-158-1-1-9,n2854,158,1,1,9
mn-158-1-1-10,n2855,158,1,1,10
mn-158-1-1-11,n2856,158,1,1,11
mn-158-1-1-12,n2857,158,1,1,12
mn-158-1-1-13,n2858,158,1,1,13
mn-158-1-1-14,n2859,158,1,1,14
mn-158-1-1-15,n2860,158,1,1,15
mn-158-5-2-1,n2861,158,5,2,1
mn-158-5-2-2,n2862,158,5,2,2
mn-158-5-2-3,n2863,158,5,2,3
mn-158-5-2-4,n2864,158,5,2,4
mn-158-5-2-5,n2865,158,5,2,5
mn-158-5-2-6,n2866,158,5,2,6
mn-158-5-2-7,n2867,158,5,2,7
mn-158-5-2-8,n2868,158,5,2,8
mn-158-5-2-9,n2869,158,5,2,9
mn-158-5-2-10,n2870,158,5,2,10
mn-158-5-2-11,n2871,158,5,2,11
mn-158-5-2-12,n2872,158,5,2,12
mn-158-5-2-13,n2873,158,5,2,13
mn-158-5-2-14,n2874,158,5,2,14
mn-158-5-2-15,n2875,158,5,2,15
mn-158-5-2-16,n2876,158,5,2,16
mn-159-1-1-1,n2877,159,1,1,1
mn-159-1-1-2,n2878,159,1,1,2
mn-159-1-1-3,n2879,159,1,1,3
mn-159-1-1-4,n2880,159,1,1,4
mn-159-1-1-5,n2881,159,1,1,5
mn-159-1-1-6,n2882,159,1,1,6
mn-159-1-1-7,n2883,159,1,1,7
mn-159-1-1-8,n2884,159,1,1,8
mn-159-1-1-9,n2885,159,1,1,9
mn-159-1-1-10,n2886,159,1,1,10
mn-159-1-1-11,n2887,159,1,1,11
mn-159-1-1-12,n2888,159,1,1,12
mn-159-1-1-13,n2889,159,1,1,13
mn-159-1-1-14,n2890,159,1,1,14
mn-159-1-1-15,n2891,159,1,1,15
mn-159-1-1-16,n2892,159,1,1,16
mn-159-1-1-17,n2893,159,1,1,17
mn-159-5-2-1,n2894,159,5,2,1
mn-159-5-2-2,n2895,159,5,2,2
mn-159-5-2-3,n2896,159,5,2,3
mn-159-5-2-4,n2897,159,5,2,4
mn-159-5-2-5,n2898,159,5,2,5
mn-159-5-2-6,n2899,159,5,2,6
mn-159-5-2-7,n2900,159,5,2,7
mn-159-5-2-8,n2901,159,5,2,8
mn-159-5-2-9,n2902,159,5,2,9
mn-159-5-2-10,n2903,159,5,2,10
mn-160-1-1-1,n2904,160,1,1,1
mn-160-1-1-2,n2905,160,1,1,2
mn-160-1-1-3,n2906,160,1,1,3
mn-160-5-2-1,n2907,160,5,2,1
mn-160-5-2-2,n2908,160,5,2,2
mn-160-5-2-3,n2909,160,5,2,3
mn-161-1-1-1,n2910,161,1,1,1
mn-161-1-1-2,n2911,161,1,1,2
mn-161-1-1-3,n2912,161,1,1,3
mn-161-1-1-4,n2913,161,1,1,4
mn-161-1-1-5,n2914,161,1,1,5
mn-161-1-1-6,n2915,161,1,1,6
mn-161-1-1-7,n2916,161,1,1,7
mn-161-2-1-1,n2917,161,2,1,1
mn-161-2-1-2,n2918,161,2,1,2
mn-161-2-1-3,n2919,161,2,1,3
mn-161-2-1-4,n2920,161,2,1,4
mn-161-2-1-5,n2921,161,2,1,5
mn-161-5-2-1,n2922,161,5,2,1
mn-161-5-2-2,n2923,161,5,2,2
mn-161-5-2-3,n2924,161,5,2,3
mn-161-5-2-4,n2925,161,5,2,4
mn-161-5-2-5,n2926,161,5,2,5
mn-161-5-2-6,n2927,161,5,2,6
mn-161-5-2-7,n2928,161,5,2,7
mn-161-5-2-8,n2929,161,5,2,8
mn-162-1-1-1,n2930,162,1,1,1
mn-162-1-1-2,n2931,162,1,1,2
mn-162-1-1-3,n2932,162,1,1,3
mn-162-1-1-4,n2933,162,1,1,4
mn-162-1-1-5,n2934,162,1,1,5
mn-162-1-1-6,n2935,162,1,1,6
mn-162-5-2-1,n2936,162,5,2,1
mn-162-5-2-2,n2937,162,5,2,2
mn-162-5-2-3,n2938,162,5,2,3
mn-162-5-2-4,n2939,162,5,2,4
mn-162-5-2-5,n2940,162,5,2,5
mn-162-5-2-6,n2941,162,5,2,6
mn-162-5-2-7,n2942,162,5,2,7
mn-162-5-2-8,n2943,162,5,2,8
mn-163-1-1-1,n2944,163,1,1,1
mn-163-1-1-2,n2945,163,1,1,2
mn-163-1-1-3,n2946,163,1,1,3
mn-163-1-1-4,n2947,163,1,1,4
mn-163-1-1-5,n2948,163,1,1,5
mn-163-1-1-6,n2949,163,1,1,6
mn-163-1-1-7,n2950,163,1,1,7
mn-163-1-1-8,n2951,163,1,1,8
mn-163-5-2-1,n2952,163,5,2,1
mn-163-5-2-2,n2953,163,5,2,2
mn-163-5-2-3,n2954,163,5,2,3
mn-163-5-2-4,n2955,163,5,2,4
mn-163-5-2-5,n2956,163,5,2,5
mn-163-5-2-6,n2957,163,5,2,6
mn-163-5-2-7,n2958,163,5,2,7
mn-163-5-2-8,n2959,163,5,2,8
mn-164-1-1-1,n2960,164,1,1,1
mn-164-1-1-2,n2961,164,1,1,2
mn-164-1-1-3,n2962,164,1,1,3
mn-164-1-1-4,n2963,164,1,1,4
mn-164-1-1-5,n2964,164,1,1,5
mn-164-1-1-6,n2965,164,1,1,6
mn-164-1-1-7,n2966,164,1,1,7
mn-164-1-1-8,n2967,164,1,1,8
mn-164-5-2-1,n2968,164,5,2,1
mn-164-5-2-2,n2969,164,5,2,2
mn-164-5-2-3,n2970,164,5,2,3
mn-164-5-2-4,n2971,164,5,2,4
mn-164-5-2-5,n2972,164,5,2,5
mn-164-5-2-6,n2973,164,5,2,6
mn-164-5-2-7,n2974,164,5,2,7
mn-164-5-2-8,n2975,164,5,2,8
mn-165-1-1-1,n2976,165,1,1,1
mn-165-1-1-2,n2977,165,1,1,2
mn-165-1-1-3,n2978,165,1,1,3
mn-165-5-2-1,n2979,165,5,2,1
mn-165-5-2-2,n2980,165,5,2,2
mn-165-5-2-3,n2981,165,5,2,3
mn-165-5-2-4,n2982,165,5,2,4
mn-165-5-2-5,n2983,165,5,2,5
mn-165-5-2-6,n2984,165,5,2,6
mn-165-5-2-7,n2985,165,5,2,7
mn-165-5-2-8,n2986,165,5,2,8
mn-166-1-1-1,n2987,166,1,1,1
mn-166-1-1-2,n2988,166,1,1,2
mn-166-1-1-3,n2989,166,1,1,3
mn-166-5-2-1,n2990,166,5,2,1
mn-166-5-2-2,n2991,166,5,2,2
mn-166-5-2-3,n2992,166,5,2,3
mn-166-5-2-4,n2993,166,5,2,4
mn-166-5-2-5,n2994,166,5,2,5
mn-166-5-2-6,n2995,166,5,2,6
mn-166-5-2-7,n2996,166,5,2,7
mn-166-5-2-8,n2997,166,5,2,8
mn-167-1-1-1,n2998,167,1,1,1
mn-167-1-1-2,n2999,167,1,1,2
mn-167-1-1-3,n3000,167,1,1,3
mn-167-1-1-4,n3001,167,1,1,4
mn-167-1-1-5,n3002,167,1,1,5
mn-167-1-1-6,n3003,167,1,1,6
mn-167-1-1-7,n3004,167,1,1,7
mn-167-1-1-8,n3005,167,1,1,8
mn-167-5-2-1,n3006,167,5,2,1
mn-167-5-2-2,n3007,167,5,2,2
mn-167-5-2-3,n3008,167,5,2,3
mn-167-5-2-4,n3009,167,5,2,4
mn-167-5-2-5,n3010,167,5,2,5
mn-167-5-2-6,n3011,167,5,2,6
mn-167-5-2-7,n3012,167,5,2,7
mn-167-5-2-8,n3013,167,5,2,8
mn-168-1-1-1,n3014,168,1,1,1
mn-168-1-1-2,n3015,168,1,1,2
mn-168-1-1-3,n3016,168,1,1,3
mn-168-1-1-4,n3017,168,1,1,4
mn-168-1-1-5,n3018,168,1,1,5
mn-168-1-1-6,n3019,168,1,1,6
mn-168-5-2-1,n3020,168,5,2,1
mn-168-5-2-2,n3021,168,5,2,2
mn-168-5-2-3,n3022,168,5,2,3
mn-168-5-2-4,n3023,168,5,2,4
mn-168-5-2-5,n3024,168,5,2,5
mn-168-5-2-6,n3025,168,5,2,6
mn-168-5-2-7,n3026,168,5,2,7
mn-168-5-2-8,n3027,168,5,2,8
mn-169-1-1-1,n3028,169,1,1,1
mn-169-1-1-2,n3029,169,1,1,2
mn-169-1-1-3,n3030,169,1,1,3
mn-169-1-1-4,n3031,169,1,1,4
mn-169-1-1-5,n3032,169,1,1,5
mn-169-1-1-6,n3033,169,1,1,6
mn-169-1-1-7,n3034,169,1,1,7
mn-169-1-1-8,n3035,169,1,1,8
mn-169-5-2-1,n3036,169,5,2,1
mn-169-5-2-2,n3037,169,5,2,2
mn-169-5-2-3,n3038,169,5,2,3
mn-169-5-2-4,n3039,169,5,2,4
mn-169-5-2-5,n3040,169,5,2,5
mn-169-5-2-6,n3041,169,5,2,6
mn-169-5-2-7,n3042,169,5,2,7
mn-169-5-2-8,n3043,169,5,2,8
mn-170-1-1-1,n3044,170,1,1,1
mn-170-1-1-2,n3045,170,1,1,2
mn-170-1-1-3,n3046,170,1,1,3
mn-170-1-1-4,n3047,170,1,1,4
mn-170-1-1-5,n3048,170,1,1,5
mn-170-1-1-6,n3049,170,1,1,6
mn-170-1-1-7,n3050,170,1,1,7
mn-170-1-1-8,n3051,170,1,1,8
mn-170-5-2-1,n3052,170,5,2,1
mn-170-5-2-2,n3053,170,5,2,2
mn-170-5-2-3,n3054,170,5,2,3
mn-170-5-2-4,n3055,170,5,2,4
mn-170-5-2-5,n3056,170,5,2,5
mn-170-5-2-6,n3057,170,5,2,6
mn-170-5-2-7,n3058,170,5,2,7
mn-170-5-2-8,n3059,170,5,2,8
mn-171-1-1-1,n3060,171,1,1,1
mn-171-1-1-2,n3061,171,1,1,2
mn-171-1-1-3,n3062,171,1,1,3
mn-171-5-2-1,n3063,171,5,2,1
mn-171-5-2-2,n3064,171,5,2,2
mn-171-5-2-3,n3065,171,5,2,3
mn-171-5-2-4,n3066,171,5,2,4
mn-171-5-2-5,n3067,171,5,2,5
mn-171-5-2-6,n3068,171,5,2,6
mn-171-5-2-7,n3069,171,5,2,7
mn-171-5-2-8,n3070,171,5,2,8
mn-172-1-1-1,n3071,172,1,1,1
mn-172-1-1-2,n3072,172,1,1,2
mn-172-1-1-3,n3073,172,1,1,3
mn-172-5-2-1,n3074,172,5,2,1
mn-172-5-2-2,n3075,172,5,2,2
mn-172-5-2-3,n3076,172,5,2,3
mn-172-5-2-4,n3077,172,5,2,4
mn-172-5-2-5,n3078,172,5,2,5
mn-172-5-2-6,n3079,172,5,2,6
mn-172-5-2-7,n3080,172,5,2,7
mn-172-5-2-8,n3081,172,5,2,8
mn-173-1-1-1,n3082,173,1,1,1
mn-173-1-1-2,n3083,173,1,1,2
mn-173-1-1-3,n3084,173,1,1,3
mn-173-1-1-4,n3085,173,1,1,4
mn-173-1-1-5,n3086,173,1,1,5
mn-173-1-1-6,n3087,173,1,1,6
mn-173-1-1-7,n3088,173,1,1,7
mn-173-1-1-8,n3089,173,1,1,8
mn-173-1-1-9,n3090,173,1,1,9
mn-173-1-1-10,n3091,173,1,1,10
mn-173-1-1-11,n3092,173,1,1,11
mn-173-1-1-12,n3093,173,1,1,12
mn-173-1-1-13,n3094,173,1,1,13
mn-173-5-2-1,n3095,173,5,2,1
mn-173-5-2-2,n3096,173,5,2,2
mn-173-5-2-3,n3097,173,5,2,3
mn-173-5-2-4,n3098,173,5,2,4
mn-173-5-2-5,n3099,173,5,2,5
mn-173-5-2-6,n3100,173,5,2,6
mn-173-5-2-7,n3101,173,5,2,7
mn-173-5-2-8,n3102,173,5,2,8
mn-173-5-2-9,n3103,173,5,2,9
mn-173-5-2-10,n3104,173,5,2,10
mn-173-5-2-11,n3105,173,5,2,11
mn-173-5-2-12,n3106,173,5,2,12
mn-173-5-2-13,n3107,173,5,2,13
mn-173-5-2-14,n3108,173,5,2,14
mn-173-5-2-15,n3109,173,5,2,15
mn-174-1-1-1,n3110,174,1,1,1
mn-174-1-1-2,n3111,174,1,1,2
mn-174-1-1-3,n3112,174,1,1,3
mn-174-1-1-4,n3113,174,1,1,4
mn-174-1-1-5,n3114,174,1,1,5
mn-174-1-1-6,n3115,174,1,1,6
mn-174-1-1-7,n3116,174,1,1,7
mn-174-1-1-8,n3117,174,1,1,8
mn-174-5-2-1,n3118,174,5,2,1
mn-174-5-2-2,n3119,174,5,2,2
mn-174-5-2-3,n3120,174,5,2,3
mn-174-5-2-4,n3121,174,5,2,4
mn-174-5-2-5,n3122,174,5,2,5
mn-174-5-2-6,n3123,174,5,2,6
mn-174-5-2-7,n3124,174,5,2,7
mn-174-5-2-8,n3125,174,5,2,8
mn-174-5-2-9,n3126,174,5,2,9
mn-174-5-2-10,n3127,174,5,2,10
mn-174-5-2-11,n3128,174,5,2,11
mn-174-5-2-12,n3129,174,5,2,12
mn-174-5-2-13,n3130,174,5,2,13
mn-174-5-2-14,n3131,174,5,2,14
mn-175-1-1-1,n3132,175,1,1,1
mn-175-1-1-2,n3133,175,1,1,2
mn-175-1-1-3,n3134,175,1,1,3
mn-175-1-1-4,n3135,175,1,1,4
mn-175-1-1-5,n3136,175,1,1,5
mn-175-1-1-6,n3137,175,1,1,6
mn-175-1-1-7,n3138,175,1,1,7
mn-175-1-1-8,n3139,175,1,1,8
mn-175-1-1-9,n3140,175,1,1,9
mn-175-1-1-10,n3141,175,1,1,10
mn-175-1-1-11,n3142,175,1,1,11
mn-175-1-1-12,n3143,175,1,1,12
mn-175-1-1-13,n3144,175,1,1,13
mn-175-1-1-14,n3145,175,1,1,14
mn-175-1-1-15,n3146,175,1,1,15
mn-175-1-1-16,n3147,175,1,1,16
mn-175-5-2-1,n3148,175,5,2,1
mn-175-5-2-2,n3149,175,5,2,2
mn-175-5-2-3,n3150,175,5,2,3
mn-175-5-2-4,n3151,175,5,2,4
mn-175-5-2-5,n3152,175,5,2,5
mn-175-5-2-6,n3153,175,5,2,6
mn-175-5-2-7,n3154,175,5,2,7
mn-175-5-2-8,n3155,175,5,2,8
mn-175-5-2-9,n3156,175,5,2,9
mn-175-5-2-10,n3157,175,5,2,10
mn-175-5-2-11,n3158,175,5,2,11
mn-175-5-2-12,n3159,175,5,2,12
mn-175-5-2-13,n3160,175,5,2,13
mn-175-5-2-14,n3161,175,5,2,14
mn-175-5-2-15,n3162,175,5,2,15
mn-176-1-1-1,n3163,176,1,1,1
mn-176-1-1-2,n3164,176,1,1,2
mn-176-1-1-3,n3165,176,1,1,3
mn-176-1-1-4,n3166,176,1,1,4
mn-176-1-1-5,n3167,176,1,1,5
mn-176-1-1-6,n3168,176,1,1,6
mn-176-5-2-1,n3169,176,5,2,1
mn-176-5-2-2,n3170,176,5,2,2
mn-176-5-2-3,n3171,176,5,2,3
mn-176-5-2-4,n3172,176,5,2,4
mn-176-5-2-5,n3173,176,5,2,5
mn-176-5-2-6,n3174,176,5,2,6
mn-176-5-2-7,n3175,176,5,2,7
mn-176-5-2-8,n3176,176,5,2,8
mn-176-5-2-9,n3177,176,5,2,9
mn-176-5-2-10,n3178,176,5,2,10
mn-176-5-2-11,n3179,176,5,2,11
mn-176-5-2-12,n3180,176,5,2,12
mn-176-5-2-13,n3181,176,5,2,13
mn-176-5-2-14,n3182,176,5,2,14
mn-177-1-1-1,n3183,177,1,1,1
mn-177-1-1-2,n3184,177,1,1,2
mn-177-1-1-3,n3185,177,1,1,3
mn-177-1-1-4,n3186,177,1,1,4
mn-177-1-1-5,n3187,177,1,1,5
mn-177-1-1-6,n3188,177,1,1,6
mn-177-1-1-7,n3189,177,1,1,7
mn-177-1-1-8,n3190,177,1,1,8
mn-177-1-1-9,n3191,177,1,1,9
mn-177-1-1-10,n3192,177,1,1,10
mn-177-1-1-11,n3193,177,1,1,11
mn-177-1-1-12,n3194,177,1,1,12
mn-177-1-1-13,n3195,177,1,1,13
mn-177-1-1-14,n3196,177,1,1,14
mn-177-1-1-15,n3197,177,1,1,15
mn-177-1-1-16,n3198,177,1,1,16
mn-177-5-2-1,n3199,177,5,2,1
mn-177-5-2-2,n3200,177,5,2,2
mn-177-5-2-3,n3201,177,5,2,3
mn-177-5-2-4,n3202,177,5,2,4
mn-177-5-2-5,n3203,177,5,2,5
mn-177-5-2-6,n3204,177,5,2,6
mn-177-5-2-7,n3205,177,5,2,7
mn-177-5-2-8,n3206,177,5,2,8
mn-177-5-2-9,n3207,177,5,2,9
mn-177-5-2-10,n3208,177,5,2,10
mn-177-5-2-11,n3209,177,5,2,11
mn-177-5-2-12,n3210,177,5,2,12
mn-177-5-2-13,n3211,177,5,2,13
mn-177-5-2-14,n3212,177,5,2,14
mn-178-1-1-1,n3213,178,1,1,1
mn-178-1-1-2,n3214,178,1,1,2
mn-178-1-1-3,n3215,178,1,1,3
mn-178-1-1-4,n3216,178,1,1,4
mn-178-1-1-5,n3217,178,1,1,5
mn-178-1-1-6,n3218,178,1,1,6
mn-178-1-1-7,n3219,178,1,1,7
mn-178-1-1-8,n3220,178,1,1,8
mn-178-1-1-9,n3221,178,1,1,9
mn-178-1-1-10,n3222,178,1,1,10
mn-178-1-1-11,n3223,178,1,1,11
mn-178-1-1-12,n3224,178,1,1,12
mn-178-1-1-13,n3225,178,1,1,13
mn-178-5-2-1,n3226,178,5,2,1
mn-178-5-2-2,n3227,178,5,2,2
mn-178-5-2-3,n3228,178,5,2,3
mn-178-5-2-4,n3229,178,5,2,4
mn-178-5-2-5,n3230,178,5,2,5
mn-178-5-2-6,n3231,178,5,2,6
mn-178-5-2-7,n3232,178,5,2,7
mn-178-5-2-8,n3233,178,5,2,8
mn-178-5-2-9,n3234,178,5,2,9
mn-178-5-2-10,n3235,178,5,2,10
mn-178-5-2-11,n3236,178,5,2,11
mn-178-5-2-12,n3237,178,5,2,12
mn-178-5-2-13,n3238,178,5,2,13
mn-178-5-2-14,n3239,178,5,2,14
mn-179-1-1-1,n3240,179,1,1,1
mn-179-1-1-2,n3241,179,1,1,2
mn-179-1-1-3,n3242,179,1,1,3
mn-179-1-1-4,n3243,179,1,1,4
mn-179-1-1-5,n3244,179,1,1,5
mn-179-1-1-6,n3245,179,1,1,6
mn-179-1-1-7,n3246,179,1,1,7
mn-179-1-1-8,n3247,179,1,1,8
mn-179-2-1-1,n3248,179,2,1,1
mn-179-2-1-2,n3249,179,2,1,2
mn-179-2-1-3,n3250,179,2,1,3
mn-179-2-1-4,n3251,179,2,1,4
mn-179-2-1-5,n3252,179,2,1,5
mn-179-2-1-6,n3253,179,2,1,6
mn-179-2-1-7,n3254,179,2,1,7
mn-179-2-1-8,n3255,179,2,1,8
mn-179-2-1-9,n3256,179,2,1,9
mn-179-2-1-10,n3257,179,2,1,10
mn-179-2-1-11,n3258,179,2,1,11
mn-179-2-1-12,n3259,179,2,1,12
mn-179-5-2-1,n3260,179,5,2,1
mn-179-5-2-2,n3261,179,5,2,2
mn-179-5-2-3,n3262,179,5,2,3
mn-179-5-2-4,n3263,179,5,2,4
mn-179-5-2-5,n3264,179,5,2,5
mn-180-1-1-1,n3265,180,1,1,1
mn-180-1-1-2,n3266,180,1,1,2
mn-180-1-1-3,n3267,180,1,1,3
mn-180-1-1-4,n3268,180,1,1,4
mn-180-1-1-5,n3269,180,1,1,5
mn-180-1-1-6,n3270,180,1,1,6
mn-180-1-1-7,n3271,180,1,1,7
mn-180-1-1-8,n3272,180,1,1,8
mn-180-2-1-1,n3273,180,2,1,1
mn-180-2-1-2,n3274,180,2,1,2
mn-180-2-1-3,n3275,180,2,1,3
mn-180-2-1-4,n3276,180,2,1,4
mn-180-2-1-5,n3277,180,2,1,5
mn-180-2-1-6,n3278,180,2,1,6
mn-180-5-2-1,n3279,180,5,2,1
mn-181-1-1-1,n3280,181,1,1,1
mn-181-1-1-2,n3281,181,1,1,2
mn-181-1-1-3,n3282,181,1,1,3
mn-181-1-1-4,n3283,181,1,1,4
mn-181-1-1-5,n3284,181,1,1,5
mn-181-1-1-6,n3285,181,1,1,6
mn-181-1-1-7,n3286,181,1,1,7
mn-181-1-1-8,n3287,181,1,1,8
mn-181-5-2-1,n3288,181,5,2,1
mn-181-5-2-2,n3289,181,5,2,2
mn-181-5-2-3,n3290,181,5,2,3
mn-181-5-2-4,n3291,181,5,2,4
mn-182-1-1-1,n3292,182,1,1,1
mn-182-1-1-2,n3293,182,1,1,2
mn-182-1-1-3,n3294,182,1,1,3
mn-182-5-2-1,r12,182,5,2,1
mn-182-5-2-2,n3295,182,5,2,2
mn-182-5-2-3,n3296,182,5,2,3
mn-182-5-2-4,n3297,182,5,2,4
mn-182-5-2-5,n3298,182,5,2,5
mn-182-5-2-6,n3299,182,5,2,6
mn-182-5-2-7,n3300,182,5,2,7
mn-182-5-2-8,n3301,182,5,2,8
mn-182-6-2-1,n3302,182,6,2,1
mn-183-1-1-1,n3303,183,1,1,1
mn-183-1-1-2,n3304,183,1,1,2
mn-183-1-1-3,n3305,183,1,1,3
mn-183-1-1-4,n3306,183,1,1,4
mn-183-1-1-5,n3307,183,1,1,5
mn-183-1-1-6,n3308,183,1,1,6
mn-183-1-1-7,n3309,183,1,1,7
mn-183-1-1-8,n3310,183,1,1,8
mn-183-5-2-1,n3311,183,5,2,1
mn-183-5-2-2,n3312,183,5,2,2
mn-183-5-2-3,n3313,183,5,2,3
mn-183-6-2-1,n3314,183,6,2,1
mn-184-1-1-1,n3315,184,1,1,1
mn-184-1-1-2,n3316,184,1,1,2
mn-184-1-1-3,n3317,184,1,1,3
mn-184-5-2-1,n3318,184,5,2,1
mn-184-5-2-2,n3319,184,5,2,2
mn-184-5-2-3,n3320,184,5,2,3
mn-184-5-2-4,n3321,184,5,2,4
mn-184-5-2-5,n3322,184,5,2,5
mn-184-5-2-6,n3323,184,5,2,6
mn-184-5-2-7,n3324,184,5,2,7
mn-184-5-2-8,n3325,184,5,2,8
mn-184-6-2-1,n3326,184,6,2,1
mn-185-1-1-1,n3327,185,1,1,1
mn-185-1-1-2,n3328,185,1,1,2
mn-185-1-1-3,n3329,185,1,1,3
mn-185-1-1-4,n3330,185,1,1,4
mn-185-1-1-5,n3331,185,1,1,5
mn-185-1-1-6,n3332,185,1,1,6
mn-185-1-1-7,n3333,185,1,1,7
mn-185-1-1-8,n3334,185,1,1,8
mn-185-5-2-1,n3335,185,5,2,1
mn-185-5-2-2,n3336,185,5,2,2
mn-185-5-2-3,n3337,185,5,2,3
mn-185-6-2-1,n3338,185,6,2,1
mn-186-1-1-1,n3339,186,1,1,1
mn-186-1-1-2,n3340,186,1,1,2
mn-186-1-1-3,n3341,186,1,1,3
mn-186-1-1-4,n3342,186,1,1,4
mn-186-1-1-5,n3343,186,1,1,5
mn-186-1-1-6,n3344,186,1,1,6
mn-186-1-1-7,n3345,186,1,1,7
mn-186-1-1-8,n3346,186,1,1,8
mn-186-5-2-1,n3347,186,5,2,1
mn-186-5-2-2,n3348,186,5,2,2
mn-186-5-2-3,n3349,186,5,2,3
mn-186-5-2-4,n3350,186,5,2,4
mn-187-1-1-1,n3351,187,1,1,1
mn-187-1-1-2,n3352,187,1,1,2
mn-187-1-1-3,n3353,187,1,1,3
mn-187-1-1-4,n3354,187,1,1,4
mn-187-1-1-5,n3355,187,1,1,5
mn-187-1-1-6,n3356,187,1,1,6
mn-187-1-1-7,n3357,187,1,1,7
mn-187-1-1-8,n3358,187,1,1,8
mn-187-5-2-1,n3359,187,5,2,1
mn-187-5-2-2,n3360,187,5,2,2
mn-187-5-2-3,n3361,187,5,2,3
mn-187-5-2-4,n3362,187,5,2,4
mn-188-1-1-1,n3363,188,1,1,1
mn-188-1-1-2,n3364,188,1,1,2
mn-188-1-1-3,n3365,188,1,1,3
mn-188-1-1-4,n3366,188,1,1,4
mn-188-1-1-5,n3367,188,1,1,5
mn-188-1-1-6,n3368,188,1,1,6
mn-188-1-1-7,n3369,188,1,1,7
mn-188-1-1-8,n3370,188,1,1,8
mn-188-5-2-1,n3371,188,5,2,1
mn-188-5-2-2,n3372,188,5,2,2
mn-188-5-2-3,n3373,188,5,2,3
mn-188-5-2-4,n3374,188,5,2,4
mn-189-1-1-1,n3375,189,1,1,1
mn-189-1-1-2,n3376,189,1,1,2
mn-189-1-1-3,n3377,189,1,1,3
mn-189-5-2-1,n3378,189,5,2,1
mn-189-5-2-2,n3379,189,5,2,2
mn-189-5-2-3,n3380,189,5,2,3
mn-189-5-2-4,n3381,189,5,2,4
mn-189-5-2-5,n3382,189,5,2,5
mn-189-5-2-6,n3383,189,5,2,6
mn-189-5-2-7,n3384,189,5,2,7
mn-189-5-2-8,n3385,189,5,2,8
mn-190-1-1-1,n3386,190,1,1,1
mn-190-1-1-2,n3387,190,1,1,2
mn-190-1-1-3,n3388,190,1,1,3
mn-190-1-1-4,n3389,190,1,1,4
mn-190-1-1-5,n3390,190,1,1,5
mn-190-1-1-6,n3391,190,1,1,6
mn-190-1-1-7,n3392,190,1,1,7
mn-190-1-1-8,n3393,190,1,1,8
mn-190-2-1-1,n3394,190,2,1,1
mn-190-2-1-2,n3395,190,2,1,2
mn-190-2-1-3,n3396,190,2,1,3
mn-190-2-1-4,n3397,190,2,1,4
mn-190-5-2-1,n3398,190,5,2,1
mn-190-5-2-2,n3399,190,5,2,2
mn-190-5-2-3,n3400,190,5,2,3
mn-190-6-2-1,n3401,190,6,2,1
mn-191-1-1-1,n3402,191,1,1,1
mn-191-1-1-2,n3403,191,1,1,2
mn-191-1-1-3,n3404,191,1,1,3
mn-191-5-2-1,n3405,191,5,2,1
mn-191-5-2-2,n3406,191,5,2,2
mn-191-5-2-3,n3407,191,5,2,3
mn-191-5-2-4,n3408,191,5,2,4
mn-191-5-2-5,n3409,191,5,2,5
mn-191-5-2-6,n3410,191,5,2,6
mn-191-5-2-7,n3411,191,5,2,7
mn-191-5-2-8,n3412,191,5,2,8
mn-191-6-2-1,n3413,191,6,2,1
mn-192-1-1-1,n3414,192,1,1,1
mn-192-1-1-2,n3415,192,1,1,2
mn-192-1-1-3,n3416,192,1,1,3
mn-192-1-1-4,n3417,192,1,1,4
mn-192-1-1-5,n3418,192,1,1,5
mn-192-1-1-6,n3419,192,1,1,6
mn-192-1-1-7,n3420,192,1,1,7
mn-192-1-1-8,n3421,192,1,1,8
mn-192-2-1-1,n3422,192,2,1,1
mn-192-2-1-2,n3423,192,2,1,2
mn-192-2-1-3,n3424,192,2,1,3
mn-192-2-1-4,n3425,192,2,1,4
mn-192-5-2-1,n3426,192,5,2,1
mn-192-5-2-2,n3427,192,5,2,2
mn-192-5-2-3,n3428,192,5,2,3
mn-192-6-2-1,n3429,192,6,2,1
mn-193-1-1-1,n3430,193,1,1,1
mn-193-1-1-2,n3431,193,1,1,2
mn-193-1-1-3,n3432,193,1,1,3
mn-193-1-1-4,n3433,193,1,1,4
mn-193-1-1-5,n3434,193,1,1,5
mn-193-1-1-6,n3435,193,1,1,6
mn-193-1-1-7,n3436,193,1,1,7
mn-193-1-1-8,n3437,193,1,1,8
mn-193-2-1-1,n3438,193,2,1,1
mn-193-2-1-2,n3439,193,2,1,2
mn-193-2-1-3,n3440,193,2,1,3
mn-193-2-1-4,n3441,193,2,1,4
mn-193-5-2-1,n3442,193,5,2,1
mn-193-5-2-2,n3443,193,5,2,2
mn-193-5-2-3,n3444,193,5,2,3
mn-193-5-2-4,n3445,193,5,2,4
mn-194-1-1-1,n3446,194,1,1,1
mn-194-1-1-2,n3447,194,1,1,2
mn-194-1-1-3,n3448,194,1,1,3
mn-194-1-1-4,n3449,194,1,1,4
mn-194-1-1-5,n3450,194,1,1,5
mn-194-1-1-6,n3451,194,1,1,6
mn-194-1-1-7,n3452,194,1,1,7
mn-194-1-1-8,n3453,194,1,1,8
mn-194-5-2-1,n3454,194,5,2,1
mn-194-5-2-2,n3455,194,5,2,2
mn-194-5-2-3,n3456,194,5,2,3
mn-194-5-2-4,n3457,194,5,2,4
mn-195-1-1-1,n3458,195,1,1,1
mn-195-1-1-2,n3459,195,1,1,2
mn-195-1-1-3,n3460,195,1,1,3
mn-195-1-1-4,n3461,195,1,1,4
mn-195-1-1-5,n3462,195,1,1,5
mn-195-1-1-6,n3463,195,1,1,6
mn-195-1-1-7,n3464,195,1,1,7
mn-195-1-1-8,n3465,195,1,1,8
mn-195-1-1-9,n3466,195,1,1,9
mn-195-1-1-10,n3467,195,1,1,10
mn-195-1-1-11,n3468,195,1,1,11
mn-195-1-1-12,n3469,195,1,1,12
mn-195-1-1-13,n3470,195,1,1,13
mn-195-1-1-14,n3471,195,1,1,14
mn-195-1-1-15,n3472,195,1,1,15
mn-195-1-1-16,n3473,195,1,1,16
mn-195-5-2-1,n3474,195,5,2,1
mn-195-5-2-2,n3475,195,5,2,2
mn-195-5-2-3,n3476,195,5,2,3
mn-195-5-2-4,n3477,195,5,2,4
mn-195-5-2-5,n3478,195,5,2,5
mn-195-5-2-6,n3479,195,5,2,6
mn-195-5-2-7,n3480,195,5,2,7
mn-195-5-2-8,n3481,195,5,2,8
mn-195-5-2-9,n3482,195,5,2,9
mn-195-5-2-10,n3483,195,5,2,10
mn-195-5-2-11,n3484,195,5,2,11
mn-195-5-2-12,n3485,195,5,2,12
mn-195-5-2-13,n3486,195,5,2,13
mn-195-5-2-14,n3487,195,5,2,14
mn-196-1-1-1,n3488,196,1,1,1
mn-196-1-1-2,n3489,196,1,1,2
mn-196-1-1-3,n3490,196,1,1,3
mn-196-1-1-4,n3491,196,1,1,4
mn-196-1-1-5,n3492,196,1,1,5
mn-196-1-1-6,n3493,196,1,1,6
mn-196-1-1-7,n3494,196,1,1,7
mn-196-1-1-8,n3495,196,1,1,8
mn-196-1-1-9,n3496,196,1,1,9
mn-196-1-1-10,n3497,196,1,1,10
mn-196-1-1-11,n3498,196,1,1,11
mn-196-1-1-12,n3499,196,1,1,12
mn-196-1-1-13,n3500,196,1,1,13
mn-196-1-1-14,n3501,196,1,1,14
mn-196-1-1-15,n3502,196,1,1,15
mn-196-1-1-16,n3503,196,1,1,16
mn-196-5-2-1,n3504,196,5,2,1
mn-196-5-2-2,n3505,196,5,2,2
mn-196-5-2-3,n3506,196,5,2,3
mn-196-5-2-4,n3507,196,5,2,4
mn-196-5-2-5,n3508,196,5,2,5
mn-196-5-2-6,n3509,196,5,2,6
mn-196-5-2-7,n3510,196,5,2,7
mn-196-5-2-8,n3511,196,5,2,8
mn-196-5-2-9,n3512,196,5,2,9
mn-197-1-1-1,n3513,197,1,1,1
mn-197-1-1-2,n3514,197,1,1,2
mn-197-1-1-3,n3515,197,1,1,3
mn-197-1-1-4,n3516,197,1,1,4
mn-197-1-1-5,n3517,197,1,1,5
mn-197-1-1-6,n3518,197,1,1,6
mn-197-1-1-7,n3519,197,1,1,7
mn-197-1-1-8,n3520,197,1,1,8
mn-197-1-1-9,n3521,197,1,1,9
mn-197-1-1-10,n3522,197,1,1,10
mn-197-1-1-11,n3523,197,1,1,11
mn-197-1-1-12,n3524,197,1,1,12
mn-197-1-1-13,n3525,197,1,1,13
mn-197-1-1-14,n3526,197,1,1,14
mn-197-1-1-15,n3527,197,1,1,15
mn-197-1-1-16,n3528,197,1,1,16
mn-197-5-2-1,n3529,197,5,2,1
mn-197-5-2-2,n3530,197,5,2,2
mn-197-5-2-3,n3531,197,5,2,3
mn-197-5-2-4,n3532,197,5,2,4
mn-197-5-2-5,n3533,197,5,2,5
mn-197-5-2-6,n3534,197,5,2,6
mn-197-5-2-7,n3535,197,5,2,7
mn-197-5-2-8,n3536,197,5,2,8
mn-197-5-2-9,n3537,197,5,2,9
mn-197-5-2-10,n3538,197,5,2,10
mn-197-5-2-11,n3539,197,5,2,11
mn-197-5-2-12,n3540,197,5,2,12
mn-197-5-2-13,n3541,197,5,2,13
mn-197-5-2-14,n3542,197,5,2,14
mn-198-1-1-1,n3543,198,1,1,1
mn-198-1-1-2,n3544,198,1,1,2
mn-198-1-1-3,n3545,198,1,1,3
mn-198-1-1-4,n3546,198,1,1,4
mn-198-1-1-5,n3547,198,1,1,5
mn-198-1-1-6,n3548,198,1,1,6
mn-198-1-1-7,n3549,198,1,1,7
mn-198-1-1-8,n3550,198,1,1,8
mn-198-1-1-9,n3551,198,1,1,9
mn-198-1-1-10,n3552,198,1,1,10
mn-198-1-1-11,n3553,198,1,1,11
mn-198-1-1-12,n3554,198,1,1,12
mn-198-1-1-13,n3555,198,1,1,13
mn-198-1-1-14,n3556,198,1,1,14
mn-198-1-1-15,n3557,198,1,1,15
mn-198-1-1-16,n3558,198,1,1,16
mn-198-5-2-1,n3559,198,5,2,1
mn-198-5-2-2,n3560,198,5,2,2
mn-198-5-2-3,n3561,198,5,2,3
mn-198-5-2-4,n3562,198,5,2,4
mn-198-5-2-5,n3563,198,5,2,5
mn-198-5-2-6,n3564,198,5,2,6
mn-198-5-2-7,n3565,198,5,2,7
mn-198-5-2-8,n3566,198,5,2,8
mn-198-5-2-9,n3567,198,5,2,9
mn-199-1-1-1,n3568,199,1,1,1
mn-199-1-1-2,n3569,199,1,1,2
mn-199-1-1-3,n3570,199,1,1,3
mn-199-1-1-4,n3571,199,1,1,4
mn-199-1-1-5,n3572,199,1,1,5
mn-199-1-1-6,n3573,199,1,1,6
mn-199-1-1-7,n3574,199,1,1,7
mn-199-1-1-8,n3575,199,1,1,8
mn-199-1-1-9,n3576,199,1,1,9
mn-199-1-1-10,n3577,199,1,1,10
mn-199-1-1-11,n3578,199,1,1,11
mn-199-1-1-12,n3579,199,1,1,12
mn-199-1-1-13,n3580,199,1,1,13
mn-199-1-1-14,n3581,199,1,1,14
mn-199-1-1-15,n3582,199,1,1,15
mn-199-1-1-16,n3583,199,1,1,16
mn-199-5-2-1,n3584,199,5,2,1
mn-199-5-2-2,n3585,199,5,2,2
mn-199-5-2-3,n3586,199,5,2,3
mn-199-5-2-4,n3587,199,5,2,4
mn-199-5-2-5,n3588,199,5,2,5
mn-199-5-2-6,n3589,199,5,2,6
mn-199-5-2-7,n3590,199,5,2,7
mn-199-5-2-8,n3591,199,5,2,8
mn-199-5-2-9,n3592,199,5,2,9
mn-199-5-2-10,n3593,199,5,2,10
mn-199-5-2-11,n3594,199,5,2,11
mn-199-5-2-12,n3595,199,5,2,12
mn-199-5-2-13,n3596,199,5,2,13
mn-199-5-2-14,n3597,199,5,2,14
mn-200-1-1-1,n3598,200,1,1,1
mn-200-1-1-2,n3599,200,1,1,2
mn-200-1-1-3,n3600,200,1,1,3
mn-200-1-1-4,n3601,200,1,1,4
mn-200-1-1-5,n3602,200,1,1,5
mn-200-1-1-6,n3603,200,1,1,6
mn-200-1-1-7,n3604,200,1,1,7
mn-200-1-1-8,n3605,200,1,1,8
mn-200-1-1-9,n3606,200,1,1,9
mn-200-1-1-10,n3607,200,1,1,10
mn-200-1-1-11,n3608,200,1,1,11
mn-200-1-1-12,n3609,200,1,1,12
mn-200-1-1-13,n3610,200,1,1,13
mn-200-1-1-14,n3611,200,1,1,14
mn-200-1-1-15,n3612,200,1,1,15
mn-200-1-1-16,n3613,200,1,1,16
mn-200-5-2-1,n3614,200,5,2,1
mn-200-5-2-2,n3615,200,5,2,2
mn-200-5-1-1,n3616,200,5,1,1
mn-200-5-1-2,n3617,200,5,1,2
mn-200-5-1-3,n3618,200,5,1,3
mn-200-5-1-4,n3619,200,5,1,4
mn-200-5-1-5,n3620,200,5,1,5
mn-200-5-1-6,n3621,200,5,1,6
mn-200-5-1-7,n3622,200,5,1,7
mn-200-5-1-8,n3623,200,5,1,8
mn-200-5-1-9,n3624,200,5,1,9
mn-200-5-1-10,n3625,200,5,1,10
mn-201-1-1-1,n3626,201,1,1,1
mn-201-1-1-2,n3627,201,1,1,2
mn-201-1-1-3,n3628,201,1,1,3
mn-201-1-1-4,n3629,201,1,1,4
mn-201-1-1-5,n3630,201,1,1,5
mn-201-1-1-6,n3631,201,1,1,6
mn-201-1-1-7,n3632,201,1,1,7
mn-201-1-1-8,n3633,201,1,1,8
mn-201-1-1-9,n3634,201,1,1,9
mn-201-1-1-10,n3635,201,1,1,10
mn-201-1-1-11,n3636,201,1,1,11
mn-201-1-1-12,n3637,201,1,1,12
mn-201-1-1-13,n3638,201,1,1,13
mn-201-1-1-14,n3639,201,1,1,14
mn-201-1-1-15,n3640,201,1,1,15
mn-201-1-1-16,n3641,201,1,1,16
mn-201-5-1-1,n3642,201,5,1,1
mn-201-5-1-2,n3643,201,5,1,2
mn-201-5-1-3,n3644,201,5,1,3
mn-201-5-1-4,n3645,201,5,1,4
mn-201-5-1-5,n3646,201,5,1,5
mn-201-5-1-6,n3647,201,5,1,6
mn-201-5-1-7,n3648,201,5,1,7
mn-201-5-1-8,n3649,201,5,1,8
mn-201-5-1-9,n3650,201,5,1,9
mn-201-5-1-10,n3651,201,5,1,10
mn-201-5-1-11,n3652,201,5,1,11
mn-201-5-1-12,n3653,201,5,1,12
mn-201-5-1-13,n3654,201,5,1,13
mn-201-5-1-14,n3655,201,5,1,14
mn-201-5-1-15,n3656,201,5,1,15
mn-201-5-1-16,n3657,201,5,1,16
mn-202-1-1-1,n3658,202,1,1,1
mn-202-1-1-2,n3659,202,1,1,2
mn-202-1-1-3,n3660,202,1,1,3
mn-202-1-1-4,n3661,202,1,1,4
mn-202-1-1-5,n3662,202,1,1,5
mn-202-1-1-6,n3663,202,1,1,6
mn-202-1-1-7,n3664,202,1,1,7
mn-202-1-1-8,n3665,202,1,1,8
mn-202-1-1-9,n3666,202,1,1,9
mn-202-1-1-10,n3667,202,1,1,10
mn-202-1-1-11,n3668,202,1,1,11
mn-202-1-1-12,n3669,202,1,1,12
mn-202-1-1-13,n3670,202,1,1,13
mn-202-1-1-14,n3671,202,1,1,14
mn-202-1-1-15,n3672,202,1,1,15
mn-202-1-1-16,n3673,202,1,1,16
mn-202-5-1-1,n3674,202,5,1,1
mn-202-5-1-2,n3675,202,5,1,2
mn-202-5-1-3,n3676,202,5,1,3
mn-202-5-1-4,n3677,202,5,1,4
mn-202-5-1-5,n3678,202,5,1,5
mn-202-5-1-6,n3679,202,5,1,6
mn-202-5-1-7,n3680,202,5,1,7
mn-202-5-1-8,n3681,202,5,1,8
mn-202-5-1-9,n3682,202,5,1,9
mn-202-5-1-10,n3683,202,5,1,10
mn-202-5-1-11,n3684,202,5,1,11
mn-202-5-1-12,n3685,202,5,1,12
mn-202-5-1-13,n3686,202,5,1,13
mn-202-5-1-14,n3687,202,5,1,14
mn-202-5-1-15,n3688,202,5,1,15
mn-202-5-1-16,n3689,202,5,1,16
mn-203-1-1-1,n3690,203,1,1,1
mn-203-1-1-2,n3691,203,1,1,2
mn-203-1-1-3,n3692,203,1,1,3
mn-203-1-1-4,n3693,203,1,1,4
mn-203-1-1-5,n3694,203,1,1,5
mn-203-1-1-6,n3695,203,1,1,6
mn-203-1-1-7,n3696,203,1,1,7
mn-203-1-1-8,n3697,203,1,1,8
mn-203-5-2-1,n3698,203,5,2,1
mn-203-5-2-2,n3699,203,5,2,2
mn-203-5-2-3,n3700,203,5,2,3
mn-203-5-2-4,n3701,203,5,2,4
mn-203-5-2-5,n3702,203,5,2,5
mn-203-5-2-6,n3703,203,5,2,6
mn-203-5-2-7,n3704,203,5,2,7
mn-203-5-2-8,n3705,203,5,2,8
mn-203-5-2-9,n3706,203,5,2,9
mn-204-1-1-1,n3707,204,1,1,1
mn-204-1-1-2,n3708,204,1,1,2
mn-204-1-1-3,n3709,204,1,1,3
mn-204-1-1-4,n3710,204,1,1,4
mn-204-1-1-5,n3711,204,1,1,5
mn-204-1-1-6,n3712,204,1,1,6
mn-204-1-1-7,n3713,204,1,1,7
mn-204-1-1-8,n3714,204,1,1,8
mn-204-5-2-1,n3715,204,5,2,1
mn-204-5-2-2,n3716,204,5,2,2
mn-204-5-2-3,n3717,204,5,2,3
mn-204-5-2-4,n3718,204,5,2,4
mn-204-5-2-5,n3719,204,5,2,5
mn-204-5-2-6,n3720,204,5,2,6
mn-204-5-2-7,n3721,204,5,2,7
mn-204-5-2-8,n3722,204,5,2,8
mn-204-5-2-9,n3723,204,5,2,9
mn-204-5-2-10,n3724,204,5,2,10
mn-205-1-1-1,n3725,205,1,1,1
mn-205-1-1-2,n3726,205,1,1,2
mn-205-1-1-3,n3727,205,1,1,3
mn-205-1-1-4,n3728,205,1,1,4
mn-205-1-1-5,n3729,205,1,1,5
mn-205-1-1-6,n3730,205,1,1,6
mn-205-1-1-7,n3731,205,1,1,7
mn-205-1-1-8,n3732,205,1,1,8
mn-205-5-2-1,n3733,205,5,2,1
mn-205-5-2-2,n3734,205,5,2,2
mn-205-5-2-3,n3735,205,5,2,3
mn-205-5-2-4,n3736,205,5,2,4
mn-205-5-2-5,n3737,205,5,2,5
mn-205-5-2-6,n3738,205,5,2,6
mn-205-5-2-7,n3739,205,5,2,7
mn-205-5-2-8,n3740,205,5,2,8
mn-205-5-2-9,n3741,205,5,2,9
mn-205-5-2-10,n3742,205,5,2,10
mn-206-1-1-1,n3743,206,1,1,1
mn-206-1-1-2,n3744,206,1,1,2
mn-206-1-1-3,n3745,206,1,1,3
mn-206-1-1-4,n3746,206,1,1,4
mn-206-1-1-5,n3747,206,1,1,5
mn-206-1-1-6,n3748,206,1,1,6
mn-206-1-1-7,n3749,206,1,1,7
mn-206-1-1-8,n3750,206,1,1,8
mn-206-1-1-9,n3751,206,1,1,9
mn-206-1-1-10,n3752,206,1,1,10
mn-206-1-1-11,n3753,206,1,1,11
mn-206-5-2-1,n3754,206,5,2,1
mn-206-5-2-2,n3755,206,5,2,2
mn-206-5-2-3,n3756,206,5,2,3
mn-206-5-2-4,n3757,206,5,2,4
mn-206-5-2-5,n3758,206,5,2,5
mn-206-5-2-6,n3759,206,5,2,6
mn-206-5-2-7,n3760,206,5,2,7
mn-206-5-2-8,n3761,206,5,2,8
mn-206-5-2-9,n3762,206,5,2,9
mn-206-5-2-10,n3763,206,5,2,10
mn-207-1-1-1,n3764,207,1,1,1
mn-207-1-1-2,n3765,207,1,1,2
mn-207-1-1-3,n3766,207,1,1,3
mn-207-1-1-4,n3767,207,1,1,4
mn-207-1-1-5,n3768,207,1,1,5
mn-207-1-1-6,n3769,207,1,1,6
mn-207-1-1-7,n3770,207,1,1,7
mn-207-1-1-8,n3771,207,1,1,8
mn-207-1-1-9,n3772,207,1,1,9
mn-207-1-1-10,n3773,207,1,1,10
mn-207-1-1-11,n3774,207,1,1,11
mn-207-1-1-12,n3775,207,1,1,12
mn-207-5-2-1,n3776,207,5,2,1
mn-207-5-2-2,n3777,207,5,2,2
mn-207-5-2-3,n3778,207,5,2,3
mn-207-5-2-4,n3779,207,5,2,4
mn-208-1-1-1,n3780,208,1,1,1
mn-208-1-1-2,n3781,208,1,1,2
mn-208-1-1-3,n3782,208,1,1,3
mn-208-1-1-4,n3783,208,1,1,4
mn-208-1-1-5,n3784,208,1,1,5
mn-208-1-1-6,n3785,208,1,1,6
mn-208-1-1-7,n3786,208,1,1,7
mn-208-1-1-8,n3787,208,1,1,8
mn-208-1-1-9,n3788,208,1,1,9
mn-208-5-2-1,n3789,208,5,2,1
mn-208-5-2-2,n3790,208,5,2,2
mn-208-5-2-3,n3791,208,5,2,3
mn-208-5-2-4,n3792,208,5,2,4
mn-209-1-1-1,n3793,209,1,1,1
mn-209-1-1-2,n3794,209,1,1,2
mn-209-1-1-3,n3795,209,1,1,3
mn-209-1-1-4,n3796,209,1,1,4
mn-209-1-1-5,n3797,209,1,1,5
mn-209-1-1-6,n3798,209,1,1,6
mn-209-1-1-7,n3799,209,1,1,7
mn-209-1-1-8,n3800,209,1,1,8
mn-209-1-1-9,n3801,209,1,1,9
mn-209-5-2-1,n3802,209,5,2,1
mn-209-5-2-2,n3803,209,5,2,2
mn-209-5-2-3,n3804,209,5,2,3
mn-209-5-2-4,n3805,209,5,2,4
mn-210-1-1-1,n3806,210,1,1,1
mn-210-1-1-2,n3807,210,1,1,2
mn-210-1-1-3,n3808,210,1,1,3
mn-210-1-1-4,n3809,210,1,1,4
mn-210-1-1-5,n3810,210,1,1,5
mn-210-1-1-6,n3811,210,1,1,6
mn-210-5-2-1,n3812,210,5,2,1
mn-210-5-2-2,n3813,210,5,2,2
mn-210-5-2-3,n3814,210,5,2,3
mn-210-5-2-4,n3815,210,5,2,4
mn-210-5-2-5,n3816,210,5,2,5
mn-210-5-2-6,n3817,210,5,2,6
mn-211-1-1-1,n3818,211,1,1,1
mn-211-1-1-2,n3819,211,1,1,2
mn-211-1-1-3,n3820,211,1,1,3
mn-211-1-1-4,n3821,211,1,1,4
mn-211-1-1-5,n3822,211,1,1,5
mn-211-5-2-1,n3823,211,5,2,1
mn-211-5-2-2,n3824,211,5,2,2
mn-211-5-2-3,n3825,211,5,2,3
mn-211-5-2-4,n3826,211,5,2,4
mn-211-5-2-5,n3827,211,5,2,5
mn-212-1-1-1,n3828,212,1,1,1
mn-212-1-1-2,n3829,212,1,1,2
mn-212-1-1-3,n3830,212,1,1,3
mn-212-1-1-4,n3831,212,1,1,4
mn-212-1-1-5,n3832,212,1,1,5
mn-212-1-1-6,n3833,212,1,1,6
mn-212-1-1-7,n3834,212,1,1,7
mn-212-2-1-1,n3835,212,2,1,1
mn-212-2-1-2,n3836,212,2,1,2
mn-212-2-1-3,n3837,212,2,1,3
mn-212-2-1-4,n3838,212,2,1,4
mn-212-5-2-1,n3839,212,5,2,1
mn-212-5-2-2,n3840,212,5,2,2
mn-212-5-2-3,n3841,212,5,2,3
mn-212-5-2-4,n3842,212,5,2,4
mn-212-5-2-5,n3843,212,5,2,5
mn-212-5-2-6,n3844,212,5,2,6
mn-212-5-2-7,n3845,212,5,2,7
mn-212-6-2-1,n3846,212,6,2,1
mn-212-6-2-2,n3847,212,6,2,2
mn-212-6-2-3,n3848,212,6,2,3
mn-212-6-2-4,n3849,212,6,2,4
mn-213-1-1-1,n3850,213,1,1,1
mn-213-1-1-2,n3851,213,1,1,2
mn-213-1-1-3,n3852,213,1,1,3
mn-213-1-1-4,n3853,213,1,1,4
mn-213-1-1-5,n3854,213,1,1,5
mn-213-5-2-1,n3855,213,5,2,1
mn-213-5-2-2,n3856,213,5,2,2
mn-213-5-2-3,n3857,213,5,2,3
mn-213-5-2-4,n3858,213,5,2,4
mn-213-5-2-5,n3859,213,5,2,5
mn-214-1-1-1,n3860,214,1,1,1
mn-214-1-1-2,n3861,214,1,1,2
mn-214-1-1-3,n3862,214,1,1,3
mn-214-1-1-4,n3863,214,1,1,4
mn-214-1-1-5,n3864,214,1,1,5
mn-214-1-1-6,n3865,214,1,1,6
mn-214-1-1-7,n3866,214,1,1,7
mn-214-1-1-8,n3867,214,1,1,8
mn-214-2-1-1,n3868,214,2,1,1
mn-214-2-1-2,n3869,214,2,1,2
mn-214-2-1-3,n3870,214,2,1,3
mn-214-2-1-4,n3871,214,2,1,4
mn-214-5-2-1,n3872,214,5,2,1
mn-214-5-2-2,n3873,214,5,2,2
mn-214-5-2-3,n3874,214,5,2,3
mn-214-5-2-4,n3875,214,5,2,4
mn-214-5-2-5,n3876,214,5,2,5
mn-214-5-2-6,n3877,214,5,2,6
mn-214-5-2-7,n3878,214,5,2,7
mn-214-6-2-1,n3879,214,6,2,1
mn-214-6-2-2,n3880,214,6,2,2
mn-214-6-2-3,n3881,214,6,2,3
mn-214-6-2-4,n3882,214,6,2,4
mn-215-1-1-1,n3883,215,1,1,1
mn-215-1-1-2,n3884,215,1,1,2
mn-215-1-1-3,n3885,215,1,1,3
mn-215-1-1-4,n3886,215,1,1,4
mn-215-1-1-5,n3887,215,1,1,5
mn-215-1-1-6,n3888,215,1,1,6
mn-215-5-2-1,n3889,215,5,2,1
mn-215-5-2-2,n3890,215,5,2,2
mn-215-5-2-3,n3891,215,5,2,3
mn-215-5-2-4,n3892,215,5,2,4
mn-215-5-2-5,n3893,215,5,2,5
mn-216-1-1-1,n3894,216,1,1,1
mn-216-1-1-2,n3895,216,1,1,2
mn-216-1-1-3,n3896,216,1,1,3
mn-216-1-1-4,n3897,216,1,1,4
mn-216-1-1-5,n3898,216,1,1,5
mn-216-1-1-6,n3899,216,1,1,6
mn-216-1-1-7,n3900,216,1,1,7
mn-216-1-1-8,n3901,216,1,1,8
mn-216-1-1-9,n3902,216,1,1,9
mn-216-1-1-10,n3903,216,1,1,10
mn-216-2-1-1,n3904,216,2,1,1
mn-216-2-1-2,n3905,216,2,1,2
mn-216-2-1-3,n3906,216,2,1,3
mn-216-2-1-4,n3907,216,2,1,4
mn-216-2-1-5,n3908,216,2,1,5
mn-216-2-1-6,n3909,216,2,1,6
mn-216-2-1-7,n3910,216,2,1,7
mn-216-2-1-8,n3911,216,2,1,8
mn-216-5-2-1,n3912,216,5,2,1
mn-216-5-2-2,n3913,216,5,2,2
mn-216-5-2-3,n3914,216,5,2,3
mn-216-5-2-4,n3915,216,5,2,4
mn-216-5-2-5,n3916,216,5,2,5
mn-216-5-2-6,n3917,216,5,2,6
mn-216-5-2-7,n3918,216,5,2,7
mn-216-5-2-8,n3919,216,5,2,8
mn-216-5-2-9,n3920,216,5,2,9
mn-216-5-2-10,n3921,216,5,2,10
mn-216-6-2-1,n3922,216,6,2,1
mn-216-6-2-2,n3923,216,6,2,2
mn-216-6-2-3,n3924,216,6,2,3
mn-216-6-2-4,n3925,216,6,2,4
mn-216-6-2-5,n3926,216,6,2,5
mn-216-6-2-6,n3927,216,6,2,6
mn-216-6-2-7,n3928,216,6,2,7
mn-216-6-2-8,n3929,216,6,2,8
mn-217-1-1-1,n3930,217,1,1,1
mn-217-1-1-2,n3931,217,1,1,2
mn-217-1-1-3,n3932,217,1,1,3
mn-217-1-1-4,n3933,217,1,1,4
mn-217-1-1-5,n3934,217,1,1,5
mn-217-1-1-6,n3935,217,1,1,6
mn-217-1-1-7,n3936,217,1,1,7
mn-217-1-1-8,n3937,217,1,1,8
mn-217-1-1-9,n3938,217,1,1,9
mn-217-1-1-10,n3939,217,1,1,10
mn-217-2-1-1,n3940,217,2,1,1
mn-217-2-1-2,n3941,217,2,1,2
mn-217-2-1-3,n3942,217,2,1,3
mn-217-2-1-4,n3943,217,2,1,4
mn-217-2-1-5,n3944,217,2,1,5
mn-217-2-1-6,n3945,217,2,1,6
mn-217-2-1-7,n3946,217,2,1,7
mn-217-2-1-8,n3947,217,2,1,8
mn-217-5-2-1,n3948,217,5,2,1
mn-217-5-2-2,n3949,217,5,2,2
mn-217-5-2-3,n3950,217,5,2,3
mn-217-5-2-4,n3951,217,5,2,4
mn-217-5-2-5,n3952,217,5,2,5
mn-217-5-2-6,n3953,217,5,2,6
mn-217-5-2-7,n3954,217,5,2,7
mn-217-5-2-8,n3955,217,5,2,8
mn-217-5-2-9,n3956,217,5,2,9
mn-217-5-2-10,n3957,217,5,2,10
mn-217-6-2-1,n3958,217,6,2,1
mn-217-6-2-2,n3959,217,6,2,2
mn-217-6-2-3,n3960,217,6,2,3
mn-217-6-2-4,n3961,217,6,2,4
mn-217-6-2-5,n3962,217,6,2,5
mn-217-6-2-6,n3963,217,6,2,6
mn-217-6-2-7,n3964,217,6,2,7
mn-217-6-2-8,n3965,217,6,2,8
mn-218-1-1-1,n3966,218,1,1,1
mn-218-1-1-2,n3967,218,1,1,2
mn-218-1-1-3,n3968,218,1,1,3
mn-218-1-1-4,n3969,218,1,1,4
mn-218-1-1-5,n3970,218,1,1,5
mn-218-1-1-6,n3971,218,1,1,6
mn-218-1-1-7,n3972,218,1,1,7
mn-218-1-1-8,n3973,218,1,1,8
mn-218-5-2-1,n3974,218,5,2,1
mn-218-5-2-2,n3975,218,5,2,2
mn-218-5-2-3,n3976,218,5,2,3
mn-218-5-2-4,n3977,218,5,2,4
mn-219-1-1-1,n3978,219,1,1,1
mn-219-1-1-2,n3979,219,1,1,2
mn-219-1-1-3,n3980,219,1,1,3
mn-219-1-1-4,n3981,219,1,1,4
mn-219-1-1-5,n3982,219,1,1,5
mn-219-1-1-6,n3983,219,1,1,6
mn-219-1-1-7,n3984,219,1,1,7
mn-219-1-1-8,n3985,219,1,1,8
mn-219-5-2-1,n3986,219,5,2,1
mn-219-5-2-2,n3987,219,5,2,2
mn-219-5-2-3,n3988,219,5,2,3
mn-219-5-2-4,n3989,219,5,2,4
mn-220-1-1-1,n3990,220,1,1,1
mn-220-1-1-2,n3991,220,1,1,2
mn-220-1-1-3,n3992,220,1,1,3
mn-220-1-1-4,n3993,220,1,1,4
mn-220-1-2-1,n3994,220,1,2,1
mn-220-1-2-2,n3995,220,1,2,2
mn-220-1-2-3,n3996,220,1,2,3
mn-220-1-2-4,n3997,220,1,2,4
mn-220-5-2-1,n3998,220,5,2,1
mn-220-5-2-2,n3999,220,5,2,2
mn-220-5-2-3,n4000,220,5,2,3
mn-220-5-2-4,n4001,220,5,2,4
mn-221-1-2-1,n4002,221,1,2,1
mn-221-1-2-2,n4003,221,1,2,2
mn-221-1-1-1,r13,221,1,1,1
mn-221-1-1-2,r14,221,1,1,2
mn-221-5-2-1,n4004,221,5,2,1
mn-221-5-2-2,n4005,221,5,2,2
mn-221-5-2-3,n4006,221,5,2,3
mn-221-5-2-4,n4007,221,5,2,4
mn-221-5-2-5,n4008,221,5,2,5
mn-221-5-2-6,n4009,221,5,2,6
mn-221-5-2-7,n4010,221,5,2,7
mn-221-5-2-8,n4011,221,5,2,8
mn-221-5-2-9,n4012,221,5,2,9
mn-221-5-2-10,n4013,221,5,2,10
mn-222-1-1-1,n4014,222,1,1,1
mn-222-1-1-2,n4015,222,1,1,2
mn-222-1-1-3,n4016,222,1,1,3
mn-222-1-1-4,n4017,222,1,1,4
mn-222-1-1-5,n4018,222,1,1,5
mn-222-2-1-1,n4019,222,2,1,1
mn-222-3-1-1,n4020,222,3,1,1
mn-222-3-1-2,n4021,222,3,1,2
mn-222-4-1-1,n4022,222,4,1,1
mn-222-5-2-1,n4023,222,5,2,1
mn-222-5-2-2,n4024,222,5,2,2
mn-222-5-2-3,n4025,222,5,2,3
mn-222-5-2-4,n4026,222,5,2,4
mn-222-5-2-5,n4027,222,5,2,5
mn-222-6-2-1,n4028,222,6,2,1
mn-222-6-2-2,n4029,222,6,2,2
mn-222-7-2-1,n4030,222,7,2,1
mn-222-7-2-2,n4031,222,7,2,2
mn-222-7-2-3,n4032,222,7,2,3
mn-222-8-2-1,n4033,222,8,2,1
mn-222-8-2-2,n4034,222,8,2,2
mn-223-1-1-1,n4035,223,1,1,1
mn-223-1-1-2,n4036,223,1,1,2
mn-223-1-1-3,n4037,223,1,1,3
mn-223-2-1-1,n4038,223,2,1,1
mn-223-2-1-2,n4039,223,2,1,2
mn-223-2-1-3,n4040,223,2,1,3
mn-223-2-1-4,n4041,223,2,1,4
mn-223-3-1-1,n4042,223,3,1,1
mn-223-3-1-2,n4043,223,3,1,2
mn-223-3-1-3,n4044,223,3,1,3
mn-223-5-2-1,n4045,223,5,2,1
mn-223-5-2-2,n4046,223,5,2,2
mn-223-5-2-3,n4047,223,5,2,3
mn-223-5-2-4,n4048,223,5,2,4
mn-223-6-2-1,n4049,223,6,2,1
mn-223-6-2-2,n4050,223,6,2,2
mn-223-7-2-1,n4051,223,7,2,1
mn-223-7-2-2,n4052,223,7,2,2
mn-223-7-2-3,n4053,223,7,2,3
mn-223-7-2-4,n4054,223,7,2,4
mn-223-8-2-1,n4055,223,8,2,1
mn-224-1-1-1,n4056,224,1,1,1
mn-224-1-1-2,n4057,224,1,1,2
mn-224-1-1-3,n4058,224,1,1,3
mn-224-1-1-4,n4059,224,1,1,4
mn-224-1-1-5,n4060,224,1,1,5
mn-224-2-1-1,n4061,224,2,1,1
mn-224-3-1-1,n4062,224,3,1,1
mn-224-3-1-2,n4063,224,3,1,2
mn-224-4-1-1,n4064,224,4,1,1
mn-224-5-2-1,n4065,224,5,2,1
mn-224-5-2-2,n4066,224,5,2,2
mn-224-5-2-3,n4067,224,5,2,3
mn-224-5-2-4,n4068,224,5,2,4
mn-224-5-2-5,n4069,224,5,2,5
mn-224-6-2-1,n4070,224,6,2,1
mn-224-6-2-2,n4071,224,6,2,2
mn-224-7-2-1,n4072,224,7,2,1
mn-224-7-2-2,n4073,224,7,2,2
mn-224-7-2-3,n4074,224,7,2,3
mn-224-8-2-1,n4075,224,8,2,1
mn-224-8-2-2,n4076,224,8,2,2
mn-225-1-1-1,n4077,225,1,1,1
mn-225-1-1-2,n4078,225,1,1,2
mn-225-1-1-3,n4079,225,1,1,3
mn-225-2-1-1,n4080,225,2,1,1
mn-225-2-1-2,n4081,225,2,1,2
mn-225-2-1-3,n4082,225,2,1,3
mn-225-2-1-4,n4083,225,2,1,4
mn-225-3-1-1,n4084,225,3,1,1
mn-225-3-1-2,n4085,225,3,1,2
mn-225-3-1-3,n4086,225,3,1,3
mn-225-5-2-1,n4087,225,5,2,1
mn-225-5-2-2,n4088,225,5,2,2
mn-225-5-2-3,n4089,225,5,2,3
mn-225-5-2-4,n4090,225,5,2,4
mn-225-6-2-1,n4091,225,6,2,1
mn-225-6-2-2,n4092,225,6,2,2
mn-225-7-2-1,n4093,225,7,2,1
mn-225-7-2-2,n4094,225,7,2,2
mn-225-7-2-3,n4095,225,7,2,3
mn-225-7-2-4,n4096,225,7,2,4
mn-225-8-2-1,n4097,225,8,2,1
mn-225-8-2-2,n4098,225,8,2,2
mn-226-1-1-1,n4099,226,1,1,1
mn-226-1-1-2,n4100,226,1,1,2
mn-226-1-1-3,n4101,226,1,1,3
mn-226-1-1-4,n4102,226,1,1,4
mn-226-1-1-5,n4103,226,1,1,5
mn-226-2-1-1,n4104,226,2,1,1
mn-226-3-1-1,n4105,226,3,1,1
mn-226-3-1-2,n4106,226,3,1,2
mn-226-4-1-1,n4107,226,4,1,1
mn-226-5-2-1,n4108,226,5,2,1
mn-226-5-2-2,n4109,226,5,2,2
mn-226-5-2-3,n4110,226,5,2,3
mn-226-5-2-4,n4111,226,5,2,4
mn-226-5-2-5,n4112,226,5,2,5
mn-226-6-2-1,n4113,226,6,2,1
mn-226-6-2-2,n4114,226,6,2,2
mn-226-7-2-1,n4115,226,7,2,1
mn-226-7-2-2,n4116,226,7,2,2
mn-226-7-2-3,n4117,226,7,2,3
mn-226-8-2-1,n4118,226,8,2,1
mn-226-8-2-2,n4119,226,8,2,2
mn-227-1-1-1,n4120,227,1,1,1
mn-227-1-1-2,n4121,227,1,1,2
mn-227-1-1-3,n4122,227,1,1,3
mn-227-2-1-1,n4123,227,2,1,1
mn-227-2-1-2,n4124,227,2,1,2
mn-227-2-1-3,n4125,227,2,1,3
mn-227-2-1-4,n4126,227,2,1,4
mn-227-3-1-1,n4127,227,3,1,1
mn-227-3-1-2,n4128,227,3,1,2
mn-227-3-1-3,n4129,227,3,1,3
mn-227-5-2-1,n4130,227,5,2,1
mn-227-5-2-2,n4131,227,5,2,2
mn-227-5-2-3,n4132,227,5,2,3
mn-227-5-2-4,n4133,227,5,2,4
mn-227-6-2-1,n4134,227,6,2,1
mn-227-6-2-2,n4135,227,6,2,2
mn-227-6-2-3,n4136,227,6,2,3
mn-227-6-2-4,n4137,227,6,2,4
mn-227-7-2-1,n4138,227,7,2,1
mn-227-7-2-2,n4139,227,7,2,2
mn-227-8-2-1,n4140,227,8,2,1
mn-227-8-2-2,n4141,227,8,2,2
mn-228-1-1-1,n4142,228,1,1,1
mn-228-1-1-2,n4143,228,1,1,2
mn-228-1-1-3,n4144,228,1,1,3
mn-228-1-1-4,n4145,228,1,1,4
mn-228-1-1-5,n4146,228,1,1,5
mn-228-1-1-6,n4147,228,1,1,6
mn-228-1-1-7,n4148,228,1,1,7
mn-228-1-1-8,n4149,228,1,1,8
mn-228-2-1-1,n4150,228,2,1,1
mn-228-5-2-1,n4151,228,5,2,1
mn-228-5-2-2,n4152,228,5,2,2
mn-228-5-2-3,n4153,228,5,2,3
mn-228-5-2-4,n4154,228,5,2,4
mn-228-5-2-5,n4155,228,5,2,5
mn-228-5-2-6,n4156,228,5,2,6
mn-228-5-2-7,n4157,228,5,2,7
mn-228-6-2-1,n4158,228,6,2,1
mn-229-1-1-1,n4159,229,1,1,1
mn-229-1-1-2,n4160,229,1,1,2
mn-229-1-1-3,n4161,229,1,1,3
mn-229-1-1-4,n4162,229,1,1,4
mn-229-1-1-5,n4163,229,1,1,5
mn-229-1-1-6,n4164,229,1,1,6
mn-229-1-1-7,n4165,229,1,1,7
mn-229-1-1-8,n4166,229,1,1,8
mn-229-2-1-1,n4167,229,2,1,1
mn-229-5-2-1,n4168,229,5,2,1
mn-229-5-2-2,n4169,229,5,2,2
mn-229-5-2-3,n4170,229,5,2,3
mn-229-5-2-4,n4171,229,5,2,4
mn-229-5-2-5,n4172,229,5,2,5
mn-229-5-2-6,n4173,229,5,2,6
mn-229-5-2-7,n4174,229,5,2,7
mn-229-6-2-1,n4175,229,6,2,1
mn-230-1-1-1,n4176,230,1,1,1
mn-230-1-1-2,n4177,230,1,1,2
mn-230-1-1-3,n4178,230,1,1,3
mn-230-1-1-4,n4179,230,1,1,4
mn-230-1-1-5,n4180,230,1,1,5
mn-230-1-1-6,n4181,230,1,1,6
mn-230-1-1-7,n4182,230,1,1,7
mn-230-1-1-8,n4183,230,1,1,8
mn-230-2-1-1,n4184,230,2,1,1
mn-230-5-2-1,n4185,230,5,2,1
mn-230-5-2-2,n4186,230,5,2,2
mn-230-5-2-3,n4187,230,5,2,3
mn-230-5-2-4,n4188,230,5,2,4
mn-230-5-2-5,n4189,230,5,2,5
mn-230-5-2-6,n4190,230,5,2,6
mn-230-5-2-7,n4191,230,5,2,7
mn-230-6-2-1,n4192,230,6,2,1
mn-231-1-1-1,n4193,231,1,1,1
mn-231-1-1-2,n4194,231,1,1,2
mn-231-1-1-3,n4195,231,1,1,3
mn-231-1-1-4,n4196,231,1,1,4
mn-231-1-1-5,n4197,231,1,1,5
mn-231-1-1-6,n4198,231,1,1,6
mn-231-1-1-7,n4199,231,1,1,7
mn-231-1-1-8,n4200,231,1,1,8
mn-231-2-1-1,n4201,231,2,1,1
mn-231-5-2-1,n4202,231,5,2,1
mn-231-5-2-2,n4203,231,5,2,2
mn-231-5-2-3,n4204,231,5,2,3
mn-231-5-2-4,n4205,231,5,2,4
mn-231-5-2-5,n4206,231,5,2,5
mn-231-5-2-6,n4207,231,5,2,6
mn-231-5-2-7,n4208,231,5,2,7
mn-231-6-2-1,n4209,231,6,2,1
mn-232-1-1-1,n4210,232,1,1,1
mn-232-1-1-2,n4211,232,1,1,2
mn-232-1-1-3,n4212,232,1,1,3
mn-232-1-1-4,n4213,232,1,1,4
mn-232-1-2-1,n4214,232,1,2,1
mn-232-1-2-2,n4215,232,1,2,2
mn-232-1-2-3,n4216,232,1,2,3
mn-232-1-2-4,n4217,232,1,2,4
mn-232-1-1-5,n4218,232,1,1,5
mn-232-1-1-6,n4219,232,1,1,6
mn-232-1-1-7,n4220,232,1,1,7
mn-232-1-1-8,n4221,232,1,1,8
mn-232-1-1-9,n4222,232,1,1,9
mn-232-1-1-10,n4223,232,1,1,10
mn-232-1-1-11,n4224,232,1,1,11
mn-232-1-1-12,n4225,232,1,1,12
mn-232-1-1-13,n4226,232,1,1,13
mn-232-1-1-14,n4227,232,1,1,14
mn-232-1-1-15,n4228,232,1,1,15
mn-232-1-1-16,n4229,232,1,1,16
mn-232-1-1-17,n4230,232,1,1,17
mn-232-1-1-18,n4231,232,1,1,18
mn-232-1-1-19,n4232,232,1,1,19
mn-232-1-1-20,n4233,232,1,1,20
mn-232-1-1-21,n4234,232,1,1,21
mn-232-1-1-22,n4235,232,1,1,22
mn-232-1-1-23,n4236,232,1,1,23
mn-232-1-1-24,n4237,232,1,1,24
mn-232-1-1-25,n4238,232,1,1,25
mn-232-1-1-26,n4239,232,1,1,26
mn-232-1-1-27,n4240,232,1,1,27
mn-232-1-1-28,n4241,232,1,1,28
mn-232-1-1-29,n4242,232,1,1,29
mn-232-1-1-30,n4243,232,1,1,30
mn-232-1-1-31,n4244,232,1,1,31
mn-232-1-1-32,n4245,232,1,1,32
mn-232-1-1-33,n4246,232,1,1,33
mn-232-1-1-34,n4247,232,1,1,34
mn-232-1-1-35,n4248,232,1,1,35
mn-232-1-1-36,n4249,232,1,1,36
mn-232-1-1-37,n4250,232,1,1,37
mn-232-1-1-38,n4251,232,1,1,38
mn-232-1-1-39,n4252,232,1,1,39
mn-232-1-1-40,n4253,232,1,1,40
mn-232-1-1-41,n4254,232,1,1,41
mn-232-1-1-42,n4255,232,1,1,42
mn-232-1-1-43,n4256,232,1,1,43
mn-232-1-1-44,n4257,232,1,1,44
mn-232-1-1-45,n4258,232,1,1,45
mn-232-1-1-46,n4259,232,1,1,46
mn-232-1-1-47,n4260,232,1,1,47
mn-232-1-1-48,n4261,232,1,1,48
mn-232-1-1-49,n4262,232,1,1,49
mn-232-1-1-50,n4263,232,1,1,50
mn-232-1-1-51,n4264,232,1,1,51
mn-232-1-1-52,n4265,232,1,1,52
mn-232-1-1-53,n4266,232,1,1,53
mn-232-1-1-54,n4267,232,1,1,54
mn-232-1-1-55,n4268,232,1,1,55
mn-232-1-1-56,n4269,232,1,1,56
mn-232-1-1-57,n4270,232,1,1,57
mn-232-1-1-58,n4271,232,1,1,58
mn-232-1-1-59,n4272,232,1,1,59
mn-232-1-1-60,n4273,232,1,1,60
mn-232-1-1-61,n4274,232,1,1,61
mn-232-5-2-1,n4275,232,5,2,1
mn-232-5-2-2,n4276,232,5,2,2
mn-232-5-2-3,n4277,232,5,2,3
mn-232-5-2-4,n4278,232,5,2,4
mn-232-5-2-5,n4279,232,5,2,5
mn-232-5-2-6,n4280,232,5,2,6
mn-232-5-2-7,n4281,232,5,2,7
mn-232-5-2-8,n4282,232,5,2,8
mn-232-5-2-9,n4283,232,5,2,9
mn-232-5-2-10,n4284,232,5,2,10
mn-232-5-2-11,n4285,232,5,2,11
mn-232-5-2-12,n4286,232,5,2,12
mn-232-5-2-13,n4287,232,5,2,13
mn-232-5-2-14,n4288,232,5,2,14
mn-232-5-2-15,n4289,232,5,2,15
mn-232-5-2-16,n4290,232,5,2,16
mn-232-5-2-17,n4291,232,5,2,17
mn-232-5-2-18,n4292,232,5,2,18
mn-232-5-2-19,n4293,232,5,2,19
mn-232-5-2-20,n4294,232,5,2,20
mn-232-5-2-21,n4295,232,5,2,21
mn-232-5-2-22,n4296,232,5,2,22
mn-232-5-2-23,n4297,232,5,2,23
mn-232-5-2-24,n4298,232,5,2,24
mn-232-5-2-25,n4299,232,5,2,25
mn-232-5-2-26,n4300,232,5,2,26
mn-232-5-2-27,n4301,232,5,2,27
mn-232-5-2-28,n4302,232,5,2,28
mn-232-5-2-29,n4303,232,5,2,29
mn-232-5-2-30,n4304,232,5,2,30
mn-232-5-2-31,n4305,232,5,2,31
mn-232-5-2-32,n4306,232,5,2,32
mn-233-1-1-1,n4307,233,1,1,1
mn-233-1-1-2,n4308,233,1,1,2
mn-233-1-1-3,n4309,233,1,1,3
mn-233-1-1-4,n4310,233,1,1,4
mn-233-1-1-5,n4311,233,1,1,5
mn-233-1-1-6,n4312,233,1,1,6
mn-233-1-1-7,n4313,233,1,1,7
mn-233-1-1-8,n4314,233,1,1,8
mn-233-1-1-9,n4315,233,1,1,9
mn-233-1-1-10,n4316,233,1,1,10
mn-233-1-1-11,n4317,233,1,1,11
mn-233-1-1-12,n4318,233,1,1,12
mn-233-1-1-13,n4319,233,1,1,13
mn-233-1-1-14,n4320,233,1,1,14
mn-233-1-1-15,n4321,233,1,1,15
mn-233-1-1-16,n4322,233,1,1,16
mn-233-1-1-17,n4323,233,1,1,17
mn-233-1-1-18,n4324,233,1,1,18
mn-233-1-1-19,n4325,233,1,1,19
mn-233-1-1-20,n4326,233,1,1,20
mn-233-1-1-21,n4327,233,1,1,21
mn-233-1-1-22,n4328,233,1,1,22
mn-233-1-1-23,n4329,233,1,1,23
mn-233-1-1-24,n4330,233,1,1,24
mn-233-1-1-25,n4331,233,1,1,25
mn-233-1-1-26,n4332,233,1,1,26
mn-233-1-1-27,n4333,233,1,1,27
mn-233-1-1-28,n4334,233,1,1,28
mn-233-1-1-29,n4335,233,1,1,29
mn-233-1-1-30,n4336,233,1,1,30
mn-233-1-1-31,n4337,233,1,1,31
mn-233-1-1-32,n4338,233,1,1,32
mn-233-1-1-33,n4339,233,1,1,33
mn-233-1-1-34,n4340,233,1,1,34
mn-233-1-1-35,n4341,233,1,1,35
mn-233-1-1-36,n4342,233,1,1,36
mn-233-1-1-37,n4343,233,1,1,37
mn-233-1-1-38,n4344,233,1,1,38
mn-233-1-1-39,n4345,233,1,1,39
mn-233-1-1-40,n4346,233,1,1,40
mn-233-1-1-41,n4347,233,1,1,41
mn-233-1-1-42,n4348,233,1,1,42
mn-233-1-1-43,n4349,233,1,1,43
mn-233-1-1-44,n4350,233,1,1,44
mn-233-1-1-45,n4351,233,1,1,45
mn-233-1-1-46,n4352,233,1,1,46
mn-233-1-1-47,n4353,233,1,1,47
mn-233-1-1-48,n4354,233,1,1,48
mn-233-1-1-49,n4355,233,1,1,49
mn-233-1-1-50,n4356,233,1,1,50
mn-233-1-1-51,n4357,233,1,1,51
mn-233-1-1-52,n4358,233,1,1,52
mn-233-5-2-1,n4359,233,5,2,1
mn-233-5-2-2,n4360,233,5,2,2
mn-233-5-2-3,n4361,233,5,2,3
mn-233-5-2-4,n4362,233,5,2,4
mn-233-5-2-5,n4363,233,5,2,5
mn-233-5-2-6,n4364,233,5,2,6
mn-233-5-2-7,n4365,233,5,2,7
mn-233-5-2-8,n4366,233,5,2,8
mn-233-5-2-9,n4367,233,5,2,9
mn-233-5-2-10,n4368,233,5,2,10
mn-233-5-2-11,n4369,233,5,2,11
mn-233-5-2-12,n4370,233,5,2,12
mn-233-5-2-13,n4371,233,5,2,13
mn-233-5-2-14,n4372,233,5,2,14
mn-233-5-2-15,n4373,233,5,2,15
mn-233-5-2-16,n4374,233,5,2,16
mn-233-5-2-17,n4375,233,5,2,17
mn-233-5-2-18,n4376,233,5,2,18
mn-233-5-2-19,n4377,233,5,2,19
mn-233-5-2-20,n4378,233,5,2,20
mn-233-5-2-21,n4379,233,5,2,21
mn-233-5-2-22,n4380,233,5,2,22
mn-233-5-2-23,n4381,233,5,2,23
mn-233-5-2-24,n4382,233,5,2,24
mn-233-5-2-25,n4383,233,5,2,25
mn-233-5-2-26,n4384,233,5,2,26
mn-233-5-2-27,n4385,233,5,2,27
mn-233-5-2-28,n4386,233,5,2,28
mn-233-5-2-29,n4387,233,5,2,29
mn-233-5-2-30,n4388,233,5,2,30
mn-233-5-2-31,n4389,233,5,2,31
mn-233-5-2-32,n4390,233,5,2,32
mn-233-5-2-33,n4391,233,5,2,33
mn-233-5-2-34,n4392,233,5,2,34
mn-233-5-2-35,n4393,233,5,2,35
mn-233-5-2-36,n4394,233,5,2,36
mn-233-5-2-37,n4395,233,5,2,37
mn-233-5-2-38,n4396,233,5,2,38
mn-233-5-2-39,n4397,233,5,2,39
mn-233-5-2-40,n4398,233,5,2,40
mn-233-5-2-41,n4399,233,5,2,41
mn-233-5-2-42,n4400,233,5,2,42
mn-233-5-2-43,n4401,233,5,2,43
mn-233-5-2-44,n4402,233,5,2,44
mn-233-5-2-45,n4403,233,5,2,45
mn-233-5-2-46,n4404,233,5,2,46
mn-233-5-2-47,n4405,233,5,2,47
mn-233-5-2-48,n4406,233,5,2,48
mn-233-5-2-49,n4407,233,5,2,49
mn-233-5-2-50,n4408,233,5,2,50
mn-233-5-2-51,n4409,233,5,2,51
mn-233-5-2-52,n4410,233,5,2,52
mn-234-1-1-1,n4411,234,1,1,1
mn-234-1-1-2,n4412,234,1,1,2
mn-234-1-1-3,n4413,234,1,1,3
mn-234-1-1-4,n4414,234,1,1,4
mn-234-1-1-5,n4415,234,1,1,5
mn-234-1-1-6,n4416,234,1,1,6
mn-234-1-1-7,n4417,234,1,1,7
mn-234-1-1-8,n4418,234,1,1,8
mn-234-1-1-9,n4419,234,1,1,9
mn-234-1-1-10,n4420,234,1,1,10
mn-234-1-1-11,n4421,234,1,1,11
mn-234-1-1-12,n4422,234,1,1,12
mn-234-1-1-13,n4423,234,1,1,13
mn-234-1-1-14,n4424,234,1,1,14
mn-234-1-1-15,n4425,234,1,1,15
mn-234-1-1-16,n4426,234,1,1,16
mn-234-2-1-1,n4427,234,2,1,1
mn-234-2-1-2,n4428,234,2,1,2
mn-234-2-1-3,n4429,234,2,1,3
mn-234-2-1-4,n4430,234,2,1,4
mn-234-2-1-5,n4431,234,2,1,5
mn-234-2-1-6,n4432,234,2,1,6
mn-234-2-1-7,n4433,234,2,1,7
mn-234-2-1-8,n4434,234,2,1,8
mn-234-2-1-9,n4435,234,2,1,9
mn-234-2-1-10,n4436,234,2,1,10
mn-234-2-1-11,n4437,234,2,1,11
mn-234-2-1-12,n4438,234,2,1,12
mn-234-2-1-13,n4439,234,2,1,13
mn-234-2-1-14,n4440,234,2,1,14
mn-234-2-1-15,n4441,234,2,1,15
mn-234-2-1-16,n4442,234,2,1,16
mn-234-2-1-17,n4443,234,2,1,17
mn-234-2-1-18,n4444,234,2,1,18
mn-234-2-1-19,n4445,234,2,1,19
mn-234-2-1-20,n4446,234,2,1,20
mn-234-2-1-21,n4447,234,2,1,21
mn-234-2-1-22,n4448,234,2,1,22
mn-234-2-1-23,n4449,234,2,1,23
mn-234-2-1-24,n4450,234,2,1,24
mn-234-2-1-25,n4451,234,2,1,25
mn-234-2-1-26,n4452,234,2,1,26
mn-234-2-1-27,n4453,234,2,1,27
mn-234-2-1-28,n4454,234,2,1,28
mn-234-2-1-29,n4455,234,2,1,29
mn-234-2-1-30,n4456,234,2,1,30
mn-234-2-1-31,n4457,234,2,1,31
mn-234-2-1-32,n4458,234,2,1,32
mn-234-5-2-1,n4459,234,5,2,1
mn-234-5-2-2,n4460,234,5,2,2
mn-234-5-2-3,n4461,234,5,2,3
mn-234-5-2-4,n4462,234,5,2,4
mn-234-5-2-5,n4463,234,5,2,5
mn-235-1-1-1,n4464,235,1,1,1
mn-235-1-1-2,n4465,235,1,1,2
mn-235-1-1-3,n4466,235,1,1,3
mn-235-1-1-4,n4467,235,1,1,4
mn-235-1-1-5,n4468,235,1,1,5
mn-235-1-1-6,n4469,235,1,1,6
mn-235-1-1-7,n4470,235,1,1,7
mn-235-1-1-8,n4471,235,1,1,8
mn-235-1-1-9,n4472,235,1,1,9
mn-235-1-1-10,n4473,235,1,1,10
mn-235-1-1-11,n4474,235,1,1,11
mn-235-1-1-12,n4475,235,1,1,12
mn-235-1-1-13,n4476,235,1,1,13
mn-235-1-1-14,n4477,235,1,1,14
mn-235-5-2-1,n4478,235,5,2,1
mn-235-5-2-2,n4479,235,5,2,2
mn-236-1-1-1,n4480,236,1,1,1
mn-236-1-1-2,n4481,236,1,1,2
mn-236-1-1-3,n4482,236,1,1,3
mn-236-1-1-4,n4483,236,1,1,4
mn-236-1-1-5,n4484,236,1,1,5
mn-236-5-2-1,n4485,236,5,2,1
mn-236-5-2-2,n4486,236,5,2,2
mn-236-5-2-3,n4487,236,5,2,3
mn-236-5-2-4,n4488,236,5,2,4
mn-236-5-2-5,n4489,236,5,2,5
mn-237-1-1-1,n4490,237,1,1,1
mn-237-1-1-2,n4491,237,1,1,2
mn-237-1-1-3,n4492,237,1,1,3
mn-237-1-1-4,n4493,237,1,1,4
mn-237-1-1-5,n4494,237,1,1,5
mn-237-1-1-6,n4495,237,1,1,6
mn-237-1-1-7,n4496,237,1,1,7
mn-237-1-1-8,n4497,237,1,1,8
mn-237-1-1-9,n4498,237,1,1,9
mn-237-1-1-10,n4499,237,1,1,10
mn-237-1-1-11,n4500,237,1,1,11
mn-237-1-1-12,n4501,237,1,1,12
mn-237-1-1-13,n4502,237,1,1,13
mn-237-1-1-14,n4503,237,1,1,14
mn-237-5-2-1,n4504,237,5,2,1
mn-237-5-2-2,n4505,237,5,2,2
mn-238-1-1-1,n4506,238,1,1,1
mn-238-1-1-2,n4507,238,1,1,2
mn-238-1-1-3,n4508,238,1,1,3
mn-238-1-1-4,n4509,238,1,1,4
mn-238-1-1-5,n4510,238,1,1,5
mn-238-5-2-1,n4511,238,5,2,1
mn-238-5-2-2,n4512,238,5,2,2
mn-238-5-2-3,n4513,238,5,2,3
mn-238-5-2-4,n4514,238,5,2,4
mn-238-5-2-5,n4515,238,5,2,5
mn-239-1-1-1,n4516,239,1,1,1
mn-239-1-1-2,n4517,239,1,1,2
mn-239-1-1-3,n4518,239,1,1,3
mn-239-1-1-4,n4519,239,1,1,4
mn-239-2-1-1,n4520,239,2,1,1
mn-239-5-2-1,n4521,239,5,2,1
mn-239-5-2-2,n4522,239,5,2,2
mn-239-5-2-3,n4523,239,5,2,3
mn-239-5-2-4,n4524,239,5,2,4
mn-239-5-2-5,n4525,239,5,2,5
mn-240-1-1-1,n4526,240,1,1,1
mn-240-1-1-2,n4527,240,1,1,2
mn-240-1-1-3,n4528,240,1,1,3
mn-240-1-1-4,n4529,240,1,1,4
mn-240-2-1-1,n4530,240,2,1,1
mn-240-2-1-2,n4531,240,2,1,2
mn-240-5-2-1,n4532,240,5,2,1
mn-240-5-2-2,n4533,240,5,2,2
mn-240-5-2-3,n4534,240,5,2,3
mn-240-5-2-4,n4535,240,5,2,4
mn-240-5-2-5,n4536,240,5,2,5
mn-240-5-2-6,n4537,240,5,2,6
mn-240-5-2-7,n4538,240,5,2,7
mn-240-5-2-8,n4539,240,5,2,8
mn-241-1-1-1,n4540,241,1,1,1
mn-241-1-1-2,n4541,241,1,1,2
mn-241-1-1-3,n4542,241,1,1,3
mn-241-1-1-4,n4543,241,1,1,4
mn-241-2-1-1,n4544,241,2,1,1
mn-241-2-1-2,n4545,241,2,1,2
mn-241-5-2-1,n4546,241,5,2,1
mn-241-5-2-2,n4547,241,5,2,2
mn-241-5-2-3,n4548,241,5,2,3
mn-241-5-2-4,n4549,241,5,2,4
mn-241-5-2-5,n4550,241,5,2,5
mn-241-5-2-6,n4551,241,5,2,6
mn-241-5-2-7,n4552,241,5,2,7
mn-241-5-2-8,n4553,241,5,2,8
mn-242-1-1-1,n4554,242,1,1,1
mn-242-1-1-2,n4555,242,1,1,2
mn-242-1-1-3,n4556,242,1,1,3
mn-242-1-1-4,n4557,242,1,1,4
mn-242-2-1-1,n4558,242,2,1,1
mn-242-5-2-1,n4559,242,5,2,1
mn-242-5-2-2,n4560,242,5,2,2
mn-242-5-2-3,n4561,242,5,2,3
mn-242-5-2-4,n4562,242,5,2,4
mn-242-5-2-5,n4563,242,5,2,5
mn-242-5-2-6,n4564,242,5,2,6
mn-242-5-1-1,n4565,242,5,1,1
mn-242-5-1-2,n4566,242,5,1,2
mn-243-1-1-1,n4567,243,1,1,1
mn-243-1-1-2,n4568,243,1,1,2
mn-243-1-1-3,n4569,243,1,1,3
mn-243-1-1-4,n4570,243,1,1,4
mn-243-1-1-5,n4571,243,1,1,5
mn-243-1-1-6,n4572,243,1,1,6
mn-243-5-1-1,n4573,243,5,1,1
mn-243-5-1-2,n4574,243,5,1,2
mn-243-5-1-3,n4575,243,5,1,3
mn-243-5-1-4,n4576,243,5,1,4
mn-243-5-2-1,n4577,243,5,2,1
mn-243-5-2-2,n4578,243,5,2,2
mn-244-1-1-1,n4579,244,1,1,1
mn-244-1-1-2,n4580,244,1,1,2
mn-244-1-1-3,n4581,244,1,1,3
mn-244-1-1-4,n4582,244,1,1,4
mn-244-1-1-5,n4583,244,1,1,5
mn-244-1-1-6,n4584,244,1,1,6
mn-244-5-2-1,n4585,244,5,2,1
mn-244-5-2-2,n4586,244,5,2,2
mn-244-5-2-3,n4587,244,5,2,3
mn-244-5-2-4,n4588,244,5,2,4
mn-244-5-2-5,n4589,244,5,2,5
mn-244-5-2-6,n4590,244,5,2,6
mn-245-1-1-1,n4591,245,1,1,1
mn-245-1-1-2,n4592,245,1,1,2
mn-245-1-1-3,n4593,245,1,1,3
mn-245-1-1-4,n4594,245,1,1,4
mn-245-1-1-5,n4595,245,1,1,5
mn-245-1-1-6,n4596,245,1,1,6
mn-245-1-1-7,n4597,245,1,1,7
mn-245-1-1-8,n4598,245,1,1,8
mn-245-1-1-9,n4599,245,1,1,9
mn-245-1-1-10,n4600,245,1,1,10
mn-245-1-1-11,n4601,245,1,1,11
mn-245-1-1-12,n4602,245,1,1,12
mn-245-5-2-1,n4603,245,5,2,1
mn-245-5-2-2,n4604,245,5,2,2
mn-245-5-2-3,n4605,245,5,2,3
mn-245-5-2-4,n4606,245,5,2,4
mn-245-5-2-5,n4607,245,5,2,5
mn-245-5-2-6,n4608,245,5,2,6
mn-245-5-2-7,n4609,245,5,2,7
mn-245-5-2-8,n4610,245,5,2,8
mn-245-5-2-9,n4611,245,5,2,9
mn-245-5-2-10,n4612,245,5,2,10
mn-245-5-2-11,n4613,245,5,2,11
mn-245-5-2-12,n4614,245,5,2,12
mn-246-1-1-1,n4615,246,1,1,1
mn-246-1-1-2,n4616,246,1,1,2
mn-246-1-1-3,n4617,246,1,1,3
mn-246-1-1-4,n4618,246,1,1,4
mn-246-1-1-5,n4619,246,1,1,5
mn-246-1-1-6,n4620,246,1,1,6
mn-246-1-1-7,n4621,246,1,1,7
mn-246-1-1-8,n4622,246,1,1,8
mn-246-1-1-9,n4623,246,1,1,9
mn-246-1-1-10,n4624,246,1,1,10
mn-246-1-1-11,n4625,246,1,1,11
mn-246-1-1-12,n4626,246,1,1,12
mn-246-5-2-1,n4627,246,5,2,1
mn-246-5-2-2,n4628,246,5,2,2
mn-246-5-2-3,n4629,246,5,2,3
mn-246-5-2-4,n4630,246,5,2,4
mn-246-5-2-5,n4631,246,5,2,5
mn-246-5-2-6,n4632,246,5,2,6
mn-246-5-2-7,n4633,246,5,2,7
mn-246-5-2-8,n4634,246,5,2,8
mn-246-5-2-9,n4635,246,5,2,9
mn-246-5-2-10,n4636,246,5,2,10
mn-246-5-2-11,n4637,246,5,2,11
mn-246-5-2-12,n4638,246,5,2,12
mn-247-1-1-1,n4639,247,1,1,1
mn-247-1-1-2,n4640,247,1,1,2
mn-247-1-1-3,n4641,247,1,1,3
mn-247-5-2-1,n4642,247,5,2,1
mn-247-5-2-2,n4643,247,5,2,2
mn-247-5-2-3,n4644,247,5,2,3
mn-247-5-2-4,n4645,247,5,2,4
mn-247-5-2-5,n4646,247,5,2,5
mn-248-1-1-1,n4647,248,1,1,1
mn-248-1-1-2,n4648,248,1,1,2
mn-248-1-1-3,n4649,248,1,1,3
mn-248-5-2-1,n4650,248,5,2,1
mn-248-5-2-2,n4651,248,5,2,2
mn-248-5-2-3,n4652,248,5,2,3
mn-248-5-2-4,n4653,248,5,2,4
mn-248-5-2-5,n4654,248,5,2,5
mn-249-1-1-1,n4655,249,1,1,1
mn-249-1-1-2,n4656,249,1,1,2
mn-249-1-1-3,n4657,249,1,1,3
mn-249-5-2-1,n4658,249,5,2,1
mn-249-5-2-2,n4659,249,5,2,2
mn-249-5-2-3,n4660,249,5,2,3
mn-249-5-2-4,n4661,249,5,2,4
mn-249-5-2-5,n4662,249,5,2,5
mn-250-1-1-1,n4663,250,1,1,1
mn-250-5-2-1,n4664,250,5,2,1
mn-251-1-1-1,n4665,251,1,1,1
mn-251-1-1-2,n4666,251,1,1,2
mn-251-1-1-3,n4667,251,1,1,3
mn-251-1-1-4,n4668,251,1,1,4
mn-251-1-1-5,n4669,251,1,1,5
mn-251-1-1-6,n4670,251,1,1,6
mn-251-1-1-7,n4671,251,1,1,7
mn-251-1-1-8,n4672,251,1,1,8
mn-251-1-1-9,n4673,251,1,1,9
mn-251-5-2-1,n4674,251,5,2,1
mn-251-5-2-2,n4675,251,5,2,2
mn-251-5-2-3,n4676,251,5,2,3
mn-251-5-2-4,n4677,251,5,2,4
mn-251-5-2-5,n4678,251,5,2,5
mn-252-1-1-1,n4679,252,1,1,1
mn-252-1-1-2,n4680,252,1,1,2
mn-252-1-1-3,n4681,252,1,1,3
mn-252-1-1-4,n4682,252,1,1,4
mn-252-1-1-5,n4683,252,1,1,5
mn-252-1-1-6,n4684,252,1,1,6
mn-252-1-1-7,n4685,252,1,1,7
mn-252-1-1-8,n4686,252,1,1,8
mn-252-1-1-9,n4687,252,1,1,9
mn-252-5-2-1,n4688,252,5,2,1
mn-252-5-2-2,n4689,252,5,2,2
mn-252-5-2-3,n4690,252,5,2,3
mn-252-5-2-4,n4691,252,5,2,4
mn-252-5-2-5,n4692,252,5,2,5
mn-253-1-1-1,n4693,253,1,1,1
mn-253-1-1-2,n4694,253,1,1,2
mn-253-1-1-3,n4695,253,1,1,3
mn-253-1-1-4,n4696,253,1,1,4
mn-253-1-1-5,n4697,253,1,1,5
mn-253-1-1-6,n4698,253,1,1,6
mn-253-1-1-7,n4699,253,1,1,7
mn-253-1-1-8,n4700,253,1,1,8
mn-253-1-1-9,n4701,253,1,1,9
mn-253-5-2-1,n4702,253,5,2,1
mn-253-5-2-2,n4703,253,5,2,2
mn-253-5-2-3,n4704,253,5,2,3
mn-253-5-2-4,n4705,253,5,2,4
mn-253-5-2-5,n4706,253,5,2,5
mn-254-1-1-1,n4707,254,1,1,1
mn-254-1-1-2,n4708,254,1,1,2
mn-254-1-1-3,n4709,254,1,1,3
mn-254-1-1-4,n4710,254,1,1,4
mn-254-1-1-5,n4711,254,1,1,5
mn-254-1-1-6,n4712,254,1,1,6
mn-254-1-1-7,n4713,254,1,1,7
mn-254-1-1-8,n4714,254,1,1,8
mn-254-1-1-9,n4715,254,1,1,9
mn-254-1-1-10,n4716,254,1,1,10
mn-254-1-1-11,n4717,254,1,1,11
mn-254-1-1-12,n4718,254,1,1,12
mn-254-1-1-13,n4719,254,1,1,13
mn-254-1-1-14,n4720,254,1,1,14
mn-254-1-1-15,n4721,254,1,1,15
mn-254-1-1-16,n4722,254,1,1,16
mn-254-5-2-1,n4723,254,5,2,1
mn-254-5-2-2,n4724,254,5,2,2
mn-254-5-2-3,n4725,254,5,2,3
mn-254-5-2-4,n4726,254,5,2,4
mn-254-5-2-5,n4727,254,5,2,5
mn-254-5-2-6,n4728,254,5,2,6
mn-254-5-2-7,n4729,254,5,2,7
mn-254-5-2-8,n4730,254,5,2,8
mn-254-5-2-9,n4731,254,5,2,9
mn-254-5-2-10,n4732,254,5,2,10
mn-254-5-2-11,n4733,254,5,2,11
mn-254-5-2-12,n4734,254,5,2,12
mn-254-5-2-13,n4735,254,5,2,13
mn-254-5-2-14,n4736,254,5,2,14
mn-254-5-2-15,n4737,254,5,2,15
mn-254-5-2-16,n4738,254,5,2,16
mn-255-1-1-1,n4739,255,1,1,1
mn-255-1-1-2,n4740,255,1,1,2
mn-255-1-1-3,n4741,255,1,1,3
mn-255-1-1-4,n4742,255,1,1,4
mn-255-1-1-5,n4743,255,1,1,5
mn-255-1-1-6,n4744,255,1,1,6
mn-255-1-1-7,n4745,255,1,1,7
mn-255-1-1-8,n4746,255,1,1,8
mn-255-1-1-9,n4747,255,1,1,9
mn-255-1-1-10,n4748,255,1,1,10
mn-255-1-1-11,n4749,255,1,1,11
mn-255-1-1-12,n4750,255,1,1,12
mn-255-1-1-13,n4751,255,1,1,13
mn-255-1-1-14,n4752,255,1,1,14
mn-255-1-1-15,n4753,255,1,1,15
mn-255-1-1-16,n4754,255,1,1,16
mn-255-5-2-1,n4755,255,5,2,1
mn-255-5-2-2,n4756,255,5,2,2
mn-255-5-2-3,n4757,255,5,2,3
mn-255-5-2-4,n4758,255,5,2,4
mn-255-5-2-5,n4759,255,5,2,5
mn-255-5-2-6,n4760,255,5,2,6
mn-255-5-2-7,n4761,255,5,2,7
mn-255-5-2-8,n4762,255,5,2,8
mn-255-5-2-9,n4763,255,5,2,9
mn-255-5-2-10,n4764,255,5,2,10
mn-255-5-2-11,n4765,255,5,2,11
mn-255-5-2-12,n4766,255,5,2,12
mn-255-5-2-13,n4767,255,5,2,13
mn-255-5-2-14,n4768,255,5,2,14
mn-255-5-2-15,n4769,255,5,2,15
mn-255-5-2-16,n4770,255,5,2,16
mn-256-1-1-1,n4771,256,1,1,1
mn-256-1-1-2,n4772,256,1,1,2
mn-256-1-1-3,n4773,256,1,1,3
mn-256-1-1-4,n4774,256,1,1,4
mn-256-1-1-5,n4775,256,1,1,5
mn-256-1-1-6,n4776,256,1,1,6
mn-256-1-1-7,n4777,256,1,1,7
mn-256-1-1-8,n4778,256,1,1,8
mn-256-1-1-9,n4779,256,1,1,9
mn-256-1-1-10,n4780,256,1,1,10
mn-256-1-1-11,n4781,256,1,1,11
mn-256-1-1-12,n4782,256,1,1,12
mn-256-1-1-13,n4783,256,1,1,13
mn-256-1-1-14,n4784,256,1,1,14
mn-256-1-1-15,n4785,256,1,1,15
mn-256-1-1-16,n4786,256,1,1,16
mn-256-5-2-1,n4787,256,5,2,1
mn-256-5-2-2,n4788,256,5,2,2
mn-256-5-2-3,n4789,256,5,2,3
mn-256-5-2-4,n4790,256,5,2,4
mn-256-5-2-5,n4791,256,5,2,5
mn-256-5-2-6,n4792,256,5,2,6
mn-256-5-2-7,n4793,256,5,2,7
mn-256-5-2-8,n4794,256,5,2,8
mn-256-5-2-9,n4795,256,5,2,9
mn-256-5-2-10,n4796,256,5,2,10
mn-256-5-2-11,n4797,256,5,2,11
mn-256-5-2-12,n4798,256,5,2,12
mn-256-5-2-13,n4799,256,5,2,13
mn-256-5-2-14,n4800,256,5,2,14
mn-256-5-2-15,n4801,256,5,2,15
mn-256-5-2-16,n4802,256,5,2,16
mn-257-1-2-1,n4803,257,1,2,1
mn-257-1-1-1,n4804,257,1,1,1
mn-257-1-2-2,n4805,257,1,2,2
mn-257-1-1-2,n4806,257,1,1,2
mn-257-1-2-3,n4807,257,1,2,3
mn-257-1-1-3,n4808,257,1,1,3
mn-257-1-2-4,n4809,257,1,2,4
mn-257-1-1-4,n4810,257,1,1,4
mn-257-1-2-5,n4811,257,1,2,5
mn-257-1-1-5,n4812,257,1,1,5
mn-257-1-2-6,n4813,257,1,2,6
mn-257-1-1-6,n4814,257,1,1,6
mn-257-1-2-7,n4815,257,1,2,7
mn-257-1-1-7,n4816,257,1,1,7
mn-257-1-2-8,n4817,257,1,2,8
mn-257-1-1-8,n4818,257,1,1,8
mn-257-5-2-1,n4819,257,5,2,1
mn-257-5-2-2,n4820,257,5,2,2
mn-257-5-2-3,n4821,257,5,2,3
mn-257-5-2-4,n4822,257,5,2,4
mn-257-5-2-5,n4823,257,5,2,5
mn-257-5-2-6,n4824,257,5,2,6
mn-257-5-2-7,n4825,257,5,2,7
mn-257-5-2-8,n4826,257,5,2,8
mn-257-5-2-9,n4827,257,5,2,9
mn-257-5-2-10,n4828,257,5,2,10
mn-257-5-2-11,n4829,257,5,2,11
mn-257-5-2-12,n4830,257,5,2,12
mn-257-5-2-13,n4831,257,5,2,13
mn-258-1-1-1,n4832,258,1,1,1
mn-258-1-1-2,n4833,258,1,1,2
mn-258-1-1-3,n4834,258,1,1,3
mn-258-1-1-4,n4835,258,1,1,4
mn-258-1-1-5,n4836,258,1,1,5
mn-258-1-1-6,n4837,258,1,1,6
mn-258-1-1-7,n4838,258,1,1,7
mn-258-1-1-8,n4839,258,1,1,8
mn-258-5-2-1,n4840,258,5,2,1
mn-258-5-2-2,n4841,258,5,2,2
mn-258-5-2-3,n4842,258,5,2,3
mn-258-5-2-4,n4843,258,5,2,4
mn-258-5-2-5,n4844,258,5,2,5
mn-258-5-2-6,n4845,258,5,2,6
mn-258-5-2-7,n4846,258,5,2,7
mn-258-5-2-8,n4847,258,5,2,8
mn-259-1-1-1,n4848,259,1,1,1
mn-259-1-1-2,n4849,259,1,1,2
mn-259-1-1-3,n4850,259,1,1,3
mn-259-1-1-4,n4851,259,1,1,4
mn-259-1-1-5,n4852,259,1,1,5
mn-259-1-1-6,n4853,259,1,1,6
mn-259-5-2-1,n4854,259,5,2,1
mn-259-5-2-2,n4855,259,5,2,2
mn-259-5-2-3,n4856,259,5,2,3
mn-259-5-2-4,n4857,259,5,2,4
mn-259-5-2-5,n4858,259,5,2,5
mn-259-5-2-6,n4859,259,5,2,6
