note_id,original_id,part,bar,voice,staff,ordinal
mn-1-1-1-1-1,mn-1-1-1-1,1,1,1,1,1
mn-1-1-1-1-2,mn-1-1-1-2,1,1,1,1,2
mn-1-1-1-1-3,mn-1-1-1-3,1,1,1,1,3
mn-1-1-1-1-4,mn-1-1-1-4,1,1,1,1,4
mn-1-1-5-2-1,mn-1-5-2-1,1,1,5,2,1
mn-1-1-6-2-1,mn-1-6-2-1,1,1,6,2,1
mn-1-1-6-2-2,mn-1-6-2-2,1,1,6,2,2
mn-1-1-6-2-3,mn-1-6-2-3,1,1,6,2,3
mn-1-1-6-2-4,mn-1-6-2-4,1,1,6,2,4
mn-1-2-1-1-1,mn-2-1-1-1,1,2,1,1,1
mn-1-2-1-1-2,mn-2-1-1-2,1,2,1,1,2
mn-1-2-1-1-3,mn-2-1-1-3,1,2,1,1,3
mn-1-2-1-1-4,mn-2-1-1-4,1,2,1,1,4
mn-1-2-1-1-5,mn-2-1-1-5,1,2,1,1,5
mn-1-2-5-2-1,mn-2-5-2-1,1,2,5,2,1
mn-1-2-6-2-1,mn-2-6-2-1,1,2,6,2,1
mn-1-2-6-2-2,mn-2-6-2-2,1,2,6,2,2
mn-1-2-6-2-3,mn-2-6-2-3,1,2,6,2,3
mn-1-2-6-2-4,mn-2-6-2-4,1,2,6,2,4
mn-1-2-6-2-5,mn-2-6-2-5,1,2,6,2,5
mn-1-3-1-1-1,mn-3-1-1-1,1,3,1,1,1
mn-1-3-1-1-2,mn-3-1-1-2,1,3,1,1,2
mn-1-3-1-1-3,mn-3-1-1-3,1,3,1,1,3
mn-1-3-5-2-1,mn-3-5-2-1,1,3,5,2,1
mn-1-3-6-2-1,mn-3-6-2-1,1,3,6,2,1
mn-1-3-6-2-2,mn-3-6-2-2,1,3,6,2,2
mn-1-3-6-2-3,mn-3-6-2-3,1,3,6,2,3
mn-1-4-1-1-1,mn-4-1-1-1,1,4,1,1,1
mn-1-4-5-2-1,mn-4-5-2-1,1,4,5,2,1
mn-1-4-6-2-1,mn-4-6-2-1,1,4,6,2,1
mn-1-5-1-1-1,mn-5-1-1-1,1,5,1,1,1
mn-1-5-1-1-2,mn-5-1-1-2,1,5,1,1,2
mn-1-5-1-1-3,mn-5-1-1-3,1,5,1,1,3
mn-1-5-5-2-1,mn-5-5-2-1,1,5,5,2,1
mn-1-5-6-2-1,mn-5-6-2-1,1,5,6,2,1
mn-1-5-6-2-2,mn-5-6-2-2,1,5,6,2,2
mn-1-5-6-2-3,mn-5-6-2-3,1,5,6,2,3
mn-1-5-6-2-4,mn-5-6-2-4,1,5,6,2,4
mn-1-6-1-1-1,mn-6-1-1-1,1,6,1,1,1
mn-1-6-1-1-2,mn-6-1-1-2,1,6,1,1,2
mn-1-6-1-1-3,mn-6-1-1-3,1,6,1,1,3
mn-1-6-5-2-1,mn-6-5-2-1,1,6,5,2,1
mn-1-6-6-2-1,mn-6-6-2-1,1,6,6,2,1
mn-1-6-6-2-2,mn-6-6-2-2,1,6,6,2,2
mn-1-6-6-2-3,mn-6-6-2-3,1,6,6,2,3
mn-1-6-6-2-4,mn-6-6-2-4,1,6,6,2,4
mn-1-6-6-2-5,mn-6-6-2-5,1,6,6,2,5
mn-1-7-1-1-1,mn-7-1-1-1,1,7,1,1,1
mn-1-7-1-1-2,mn-7-1-1-2,1,7,1,1,2
mn-1-7-1-1-3,mn-7-1-1-3,1,7,1,1,3
mn-1-7-5-2-1,mn-7-5-2-1,1,7,5,2,1
mn-1-7-6-2-1,mn-7-6-2-1,1,7,6,2,1
mn-1-7-6-2-2,mn-7-6-2-2,1,7,6,2,2
mn-1-7-6-2-3,mn-7-6-2-3,1,7,6,2,3
mn-1-7-6-2-4,mn-7-6-2-4,1,7,6,2,4
mn-1-7-6-2-5,mn-7-6-2-5,1,7,6,2,5
mn-1-8-1-1-1,mn-8-1-1-1,1,8,1,1,1
mn-1-8-1-1-2,mn-8-1-1-2,1,8,1,1,2
mn-1-8-1-1-3,mn-8-1-1-3,1,8,1,1,3
mn-1-8-1-1-4,mn-8-1-1-4,1,8,1,1,4
mn-1-8-1-1-5,mn-8-1-1-5,1,8,1,1,5
mn-1-8-1-1-6,mn-8-1-1-6,1,8,1,1,6
mn-1-8-1-1-7,mn-8-1-1-7,1,8,1,1,7
mn-1-8-1-1-8,mn-8-1-1-8,1,8,1,1,8
mn-1-8-1-1-9,mn-8-1-1-9,1,8,1,1,9
mn-1-8-5-2-1,mn-8-5-2-1,1,8,5,2,1
mn-1-8-6-2-1,mn-8-6-2-1,1,8,6,2,1
mn-1-8-6-2-2,mn-8-6-2-2,1,8,6,2,2
mn-1-8-6-2-3,mn-8-6-2-3,1,8,6,2,3
mn-1-8-6-2-4,mn-8-6-2-4,1,8,6,2,4
mn-1-8-6-2-5,mn-8-6-2-5,1,8,6,2,5
mn-1-8-6-2-6,mn-8-6-2-6,1,8,6,2,6
mn-1-8-6-2-7,mn-8-6-2-7,1,8,6,2,7
mn-1-8-6-2-8,mn-8-6-2-8,1,8,6,2,8
mn-1-8-6-2-9,mn-8-6-2-9,1,8,6,2,9
mn-1-8-6-2-10,mn-8-6-2-10,1,8,6,2,10
mn-1-8-6-2-11,mn-8-6-2-11,1,8,6,2,11
mn-1-8-6-2-12,mn-8-6-2-12,1,8,6,2,12
mn-1-8-6-2-13,mn-8-6-2-13,1,8,6,2,13
mn-1-8-6-2-14,mn-8-6-2-14,1,8,6,2,14
mn-1-8-6-2-15,mn-8-6-2-15,1,8,6,2,15
mn-1-9-1-1-1,mn-9-1-1-1,1,9,1,1,1
mn-1-9-1-1-2,mn-9-1-1-2,1,9,1,1,2
mn-1-9-1-1-3,mn-9-1-1-3,1,9,1,1,3
mn-1-9-1-1-4,mn-9-1-1-4,1,9,1,1,4
mn-1-9-1-1-5,mn-9-1-1-5,1,9,1,1,5
mn-1-9-1-1-6,mn-9-1-1-6,1,9,1,1,6
mn-1-9-1-1-7,mn-9-1-1-7,1,9,1,1,7
mn-1-9-5-2-1,mn-9-5-2-1,1,9,5,2,1
mn-1-9-6-2-1,mn-9-6-2-1,1,9,6,2,1
mn-1-9-6-2-2,mn-9-6-2-2,1,9,6,2,2
mn-1-9-6-2-3,mn-9-6-2-3,1,9,6,2,3
mn-1-9-6-2-4,mn-9-6-2-4,1,9,6,2,4
mn-1-9-6-2-5,mn-9-6-2-5,1,9,6,2,5
mn-1-9-6-2-6,mn-9-6-2-6,1,9,6,2,6
mn-1-9-6-2-7,mn-9-6-2-7,1,9,6,2,7
mn-1-9-6-2-8,mn-9-6-2-8,1,9,6,2,8
mn-1-10-1-1-1,mn-10-1-1-1,1,10,1,1,1
mn-1-10-1-1-2,mn-10-1-1-2,1,10,1,1,2
mn-1-10-1-1-3,mn-10-1-1-3,1,10,1,1,3
mn-1-10-1-1-4,mn-10-1-1-4,1,10,1,1,4
mn-1-10-1-1-5,mn-10-1-1-5,1,10,1,1,5
mn-1-10-5-2-1,mn-10-5-2-1,1,10,5,2,1
mn-1-10-6-2-1,mn-10-6-2-1,1,10,6,2,1
mn-1-10-6-2-2,mn-10-6-2-2,1,10,6,2,2
mn-1-10-6-2-3,mn-10-6-2-3,1,10,6,2,3
mn-1-10-6-2-4,mn-10-6-2-4,1,10,6,2,4
mn-1-10-6-2-5,mn-10-6-2-5,1,10,6,2,5
mn-1-11-1-1-1,mn-11-1-1-1,1,11,1,1,1
mn-1-11-1-1-2,mn-11-1-1-2,1,11,1,1,2
mn-1-11-1-1-3,mn-11-1-1-3,1,11,1,1,3
mn-1-11-5-2-1,mn-11-5-2-1,1,11,5,2,1
mn-1-11-6-2-1,mn-11-6-2-1,1,11,6,2,1
mn-1-11-6-2-2,mn-11-6-2-2,1,11,6,2,2
mn-1-11-6-2-3,mn-11-6-2-3,1,11,6,2,3
mn-1-12-1-1-1,mn-12-1-1-1,1,12,1,1,1
mn-1-12-5-2-1,mn-12-5-2-1,1,12,5,2,1
mn-1-12-6-2-1,mn-12-6-2-1,1,12,6,2,1
mn-1-13-1-1-1,mn-13-1-1-1,1,13,1,1,1
mn-1-13-1-1-2,mn-13-1-1-2,1,13,1,1,2
mn-1-13-1-1-3,mn-13-1-1-3,1,13,1,1,3
mn-1-13-5-2-1,mn-13-5-2-1,1,13,5,2,1
mn-1-13-6-2-1,mn-13-6-2-1,1,13,6,2,1
mn-1-13-6-2-2,mn-13-6-2-2,1,13,6,2,2
mn-1-13-6-2-3,mn-13-6-2-3,1,13,6,2,3
mn-1-13-6-2-4,mn-13-6-2-4,1,13,6,2,4
mn-1-14-1-1-1,mn-14-1-1-1,1,14,1,1,1
mn-1-14-1-1-2,mn-14-1-1-2,1,14,1,1,2
mn-1-14-1-1-3,mn-14-1-1-3,1,14,1,1,3
mn-1-14-5-2-1,mn-14-5-2-1,1,14,5,2,1
mn-1-14-6-2-1,mn-14-6-2-1,1,14,6,2,1
mn-1-14-6-2-2,mn-14-6-2-2,1,14,6,2,2
mn-1-14-6-2-3,mn-14-6-2-3,1,14,6,2,3
mn-1-15-1-1-1,mn-15-1-1-1,1,15,1,1,1
mn-1-15-1-1-2,mn-15-1-1-2,1,15,1,1,2
mn-1-15-1-1-3,mn-15-1-1-3,1,15,1,1,3
mn-1-15-5-2-1,mn-15-5-2-1,1,15,5,2,1
mn-1-15-6-2-1,mn-15-6-2-1,1,15,6,2,1
mn-1-15-6-2-2,mn-15-6-2-2,1,15,6,2,2
mn-1-15-6-2-3,mn-15-6-2-3,1,15,6,2,3
mn-1-16-1-1-1,mn-16-1-1-1,1,16,1,1,1
mn-1-16-1-1-2,mn-16-1-1-2,1,16,1,1,2
mn-1-16-1-1-3,mn-16-1-1-3,1,16,1,1,3
mn-1-16-1-1-4,mn-16-1-1-4,1,16,1,1,4
mn-1-16-1-1-5,mn-16-1-1-5,1,16,1,1,5
mn-1-16-1-1-6,mn-16-1-1-6,1,16,1,1,6
mn-1-16-1-1-7,mn-16-1-1-7,1,16,1,1,7
mn-1-16-1-1-8,mn-16-1-1-8,1,16,1,1,8
mn-1-16-1-1-9,mn-16-1-1-9,1,16,1,1,9
mn-1-16-5-2-1,mn-16-5-2-1,1,16,5,2,1
mn-1-16-6-2-1,mn-16-6-2-1,1,16,6,2,1
mn-1-16-6-2-2,mn-16-6-2-2,1,16,6,2,2
mn-1-16-6-2-3,mn-16-6-2-3,1,16,6,2,3
mn-1-16-6-2-4,mn-16-6-2-4,1,16,6,2,4
mn-1-16-6-2-5,mn-16-6-2-5,1,16,6,2,5
mn-1-16-6-2-6,mn-16-6-2-6,1,16,6,2,6
mn-1-16-6-2-7,mn-16-6-2-7,1,16,6,2,7
mn-1-16-6-2-8,mn-16-6-2-8,1,16,6,2,8
mn-1-16-6-2-9,mn-16-6-2-9,1,16,6,2,9
mn-1-16-6-2-10,mn-16-6-2-10,1,16,6,2,10
mn-1-16-6-2-11,mn-16-6-2-11,1,16,6,2,11
mn-1-16-6-2-12,mn-16-6-2-12,1,16,6,2,12
mn-1-17-1-1-1,mn-17-1-1-1,1,17,1,1,1
mn-1-17-1-1-2,mn-17-1-1-2,1,17,1,1,2
mn-1-17-1-1-3,mn-17-1-1-3,1,17,1,1,3
mn-1-17-1-1-4,mn-17-1-1-4,1,17,1,1,4
mn-1-17-1-1-5,mn-17-1-1-5,1,17,1,1,5
mn-1-17-5-2-1,mn-17-5-2-1,1,17,5,2,1
mn-1-17-6-2-1,mn-17-6-2-1,1,17,6,2,1
mn-1-17-6-2-2,mn-17-6-2-2,1,17,6,2,2
mn-1-17-6-2-3,mn-17-6-2-3,1,17,6,2,3
mn-1-17-6-2-4,mn-17-6-2-4,1,17,6,2,4
mn-1-17-6-2-5,mn-17-6-2-5,1,17,6,2,5
mn-1-18-1-1-1,mn-18-1-1-1,1,18,1,1,1
mn-1-18-1-1-2,mn-18-1-1-2,1,18,1,1,2
mn-1-18-1-1-3,mn-18-1-1-3,1,18,1,1,3
mn-1-18-5-2-1,mn-18-5-2-1,1,18,5,2,1
mn-1-18-6-2-1,mn-18-6-2-1,1,18,6,2,1
mn-1-18-6-2-2,mn-18-6-2-2,1,18,6,2,2
mn-1-18-6-2-3,mn-18-6-2-3,1,18,6,2,3
mn-1-18-6-2-4,mn-18-6-2-4,1,18,6,2,4
mn-1-19-1-1-1,mn-19-1-1-1,1,19,1,1,1
mn-1-19-1-1-2,mn-19-1-1-2,1,19,1,1,2
mn-1-19-1-1-3,mn-19-1-1-3,1,19,1,1,3
mn-1-19-5-2-1,mn-19-5-2-1,1,19,5,2,1
mn-1-19-6-2-1,mn-19-6-2-1,1,19,6,2,1
mn-1-19-6-2-2,mn-19-6-2-2,1,19,6,2,2
mn-1-19-6-2-3,mn-19-6-2-3,1,19,6,2,3
mn-1-19-6-2-4,mn-19-6-2-4,1,19,6,2,4
mn-1-20-1-1-1,mn-20-1-1-1,1,20,1,1,1
mn-1-20-5-2-1,mn-20-5-2-1,1,20,5,2,1
mn-1-20-6-2-1,mn-20-6-2-1,1,20,6,2,1
mn-1-20-6-2-2,mn-20-6-2-2,1,20,6,2,2
mn-1-21-1-1-1,mn-21-1-1-1,1,21,1,1,1
mn-1-21-5-2-1,mn-21-5-2-1,1,21,5,2,1
mn-1-21-6-2-1,mn-21-6-2-1,1,21,6,2,1
mn-1-21-6-2-2,mn-21-6-2-2,1,21,6,2,2
mn-1-22-1-1-1,mn-22-1-1-1,1,22,1,1,1
mn-1-22-5-2-1,mn-22-5-2-1,1,22,5,2,1
mn-1-22-6-2-1,mn-22-6-2-1,1,22,6,2,1
mn-1-22-6-2-2,mn-22-6-2-2,1,22,6,2,2
mn-1-22-6-2-3,mn-22-6-2-3,1,22,6,2,3
mn-1-22-6-2-4,mn-22-6-2-4,1,22,6,2,4
mn-1-22-6-2-5,mn-22-6-2-5,1,22,6,2,5
mn-1-23-1-1-1,mn-23-1-1-1,1,23,1,1,1
mn-1-23-5-2-1,mn-23-5-2-1,1,23,5,2,1
mn-1-24-1-1-1,mn-24-1-1-1,1,24,1,1,1
mn-1-24-1-1-2,mn-24-1-1-2,1,24,1,1,2
mn-1-24-5-2-1,mn-24-5-2-1,1,24,5,2,1
mn-1-24-5-2-2,mn-24-5-2-2,1,24,5,2,2
mn-1-25-1-1-1,mn-25-1-1-1,1,25,1,1,1
mn-1-25-1-1-2,mn-25-1-1-2,1,25,1,1,2
mn-1-25-1-1-3,mn-25-1-1-3,1,25,1,1,3
mn-1-25-1-1-4,mn-25-1-1-4,1,25,1,1,4
mn-1-25-1-1-5,mn-25-1-1-5,1,25,1,1,5
mn-1-25-5-2-1,mn-25-5-2-1,1,25,5,2,1
mn-1-25-6-2-1,mn-25-6-2-1,1,25,6,2,1
mn-1-25-6-2-2,mn-25-6-2-2,1,25,6,2,2
mn-1-25-6-2-3,mn-25-6-2-3,1,25,6,2,3
mn-1-25-6-2-4,mn-25-6-2-4,1,25,6,2,4
mn-1-25-6-2-5,mn-25-6-2-5,1,25,6,2,5
mn-1-26-1-1-1,mn-26-1-1-1,1,26,1,1,1
mn-1-26-1-1-2,mn-26-1-1-2,1,26,1,1,2
mn-1-26-1-1-3,mn-26-1-1-3,1,26,1,1,3
mn-1-26-1-1-4,mn-26-1-1-4,1,26,1,1,4
mn-1-26-1-1-5,mn-26-1-1-5,1,26,1,1,5
mn-1-26-5-2-1,mn-26-5-2-1,1,26,5,2,1
mn-1-26-6-2-1,mn-26-6-2-1,1,26,6,2,1
mn-1-26-6-2-2,mn-26-6-2-2,1,26,6,2,2
mn-1-26-6-2-3,mn-26-6-2-3,1,26,6,2,3
mn-1-26-6-2-4,mn-26-6-2-4,1,26,6,2,4
mn-1-26-6-2-5,mn-26-6-2-5,1,26,6,2,5
mn-1-27-1-1-1,mn-27-1-1-1,1,27,1,1,1
mn-1-27-1-1-2,mn-27-1-1-2,1,27,1,1,2
mn-1-27-1-1-3,mn-27-1-1-3,1,27,1,1,3
mn-1-27-5-2-1,mn-27-5-2-1,1,27,5,2,1
mn-1-27-6-2-1,mn-27-6-2-1,1,27,6,2,1
mn-1-27-6-2-2,mn-27-6-2-2,1,27,6,2,2
mn-1-27-6-2-3,mn-27-6-2-3,1,27,6,2,3
mn-1-28-1-1-1,mn-28-1-1-1,1,28,1,1,1
mn-1-28-5-2-1,mn-28-5-2-1,1,28,5,2,1
mn-1-28-6-2-1,mn-28-6-2-1,1,28,6,2,1
mn-1-29-1-1-1,mn-29-1-1-1,1,29,1,1,1
mn-1-29-1-1-2,mn-29-1-1-2,1,29,1,1,2
mn-1-29-1-1-3,mn-29-1-1-3,1,29,1,1,3
mn-1-29-5-2-1,mn-29-5-2-1,1,29,5,2,1
mn-1-29-6-2-1,mn-29-6-2-1,1,29,6,2,1
mn-1-29-6-2-2,mn-29-6-2-2,1,29,6,2,2
mn-1-29-6-2-3,mn-29-6-2-3,1,29,6,2,3
mn-1-29-6-2-4,mn-29-6-2-4,1,29,6,2,4
mn-1-30-1-1-1,mn-30-1-1-1,1,30,1,1,1
mn-1-30-1-1-2,mn-30-1-1-2,1,30,1,1,2
mn-1-30-1-1-3,mn-30-1-1-3,1,30,1,1,3
mn-1-30-5-2-1,mn-30-5-2-1,1,30,5,2,1
mn-1-30-6-2-1,mn-30-6-2-1,1,30,6,2,1
mn-1-30-6-2-2,mn-30-6-2-2,1,30,6,2,2
mn-1-30-6-2-3,mn-30-6-2-3,1,30,6,2,3
mn-1-30-6-2-4,mn-30-6-2-4,1,30,6,2,4
mn-1-30-6-2-5,mn-30-6-2-5,1,30,6,2,5
mn-1-31-1-1-1,mn-31-1-1-1,1,31,1,1,1
mn-1-31-1-1-2,mn-31-1-1-2,1,31,1,1,2
mn-1-31-1-1-3,mn-31-1-1-3,1,31,1,1,3
mn-1-31-1-1-4,mn-31-1-1-4,1,31,1,1,4
mn-1-31-1-1-5,mn-31-1-1-5,1,31,1,1,5
mn-1-31-1-1-6,mn-31-1-1-6,1,31,1,1,6
mn-1-31-1-1-7,mn-31-1-1-7,1,31,1,1,7
mn-1-31-1-1-8,mn-31-1-1-8,1,31,1,1,8
mn-1-31-1-1-9,mn-31-1-1-9,1,31,1,1,9
mn-1-31-5-2-1,mn-31-5-2-1,1,31,5,2,1
mn-1-31-6-2-1,mn-31-6-2-1,1,31,6,2,1
mn-1-31-6-2-2,mn-31-6-2-2,1,31,6,2,2
mn-1-31-6-2-3,mn-31-6-2-3,1,31,6,2,3
mn-1-31-6-2-4,mn-31-6-2-4,1,31,6,2,4
mn-1-31-6-2-5,mn-31-6-2-5,1,31,6,2,5
mn-1-31-6-2-6,mn-31-6-2-6,1,31,6,2,6
mn-1-31-6-2-7,mn-31-6-2-7,1,31,6,2,7
mn-1-31-6-2-8,mn-31-6-2-8,1,31,6,2,8
mn-1-31-6-2-9,mn-31-6-2-9,1,31,6,2,9
mn-1-31-6-2-10,mn-31-6-2-10,1,31,6,2,10
mn-1-31-6-2-11,mn-31-6-2-11,1,31,6,2,11
mn-1-31-6-2-12,mn-31-6-2-12,1,31,6,2,12
mn-1-31-6-2-13,mn-31-6-2-13,1,31,6,2,13
mn-1-31-6-2-14,mn-31-6-2-14,1,31,6,2,14
mn-1-31-6-2-15,mn-31-6-2-15,1,31,6,2,15
mn-1-32-1-1-1,mn-32-1-1-1,1,32,1,1,1
mn-1-32-1-1-2,mn-32-1-1-2,1,32,1,1,2
mn-1-32-1-1-3,mn-32-1-1-3,1,32,1,1,3
mn-1-32-1-1-4,mn-32-1-1-4,1,32,1,1,4
mn-1-32-1-1-5,mn-32-1-1-5,1,32,1,1,5
mn-1-32-1-1-6,mn-32-1-1-6,1,32,1,1,6
mn-1-32-1-1-7,mn-32-1-1-7,1,32,1,1,7
mn-1-32-1-1-8,mn-32-1-1-8,1,32,1,1,8
mn-1-32-1-1-9,mn-32-1-1-9,1,32,1,1,9
mn-1-32-5-2-1,mn-32-5-2-1,1,32,5,2,1
mn-1-32-6-2-1,mn-32-6-2-1,1,32,6,2,1
mn-1-32-6-2-2,mn-32-6-2-2,1,32,6,2,2
mn-1-32-6-2-3,mn-32-6-2-3,1,32,6,2,3
mn-1-32-6-2-4,mn-32-6-2-4,1,32,6,2,4
mn-1-32-6-2-5,mn-32-6-2-5,1,32,6,2,5
mn-1-32-6-2-6,mn-32-6-2-6,1,32,6,2,6
mn-1-32-6-2-7,mn-32-6-2-7,1,32,6,2,7
mn-1-32-6-2-8,mn-32-6-2-8,1,32,6,2,8
mn-1-32-6-2-9,mn-32-6-2-9,1,32,6,2,9
mn-1-32-6-2-10,mn-32-6-2-10,1,32,6,2,10
mn-1-32-6-2-11,mn-32-6-2-11,1,32,6,2,11
mn-1-32-6-2-12,mn-32-6-2-12,1,32,6,2,12
mn-1-32-6-2-13,mn-32-6-2-13,1,32,6,2,13
mn-1-32-6-2-14,mn-32-6-2-14,1,32,6,2,14
mn-1-32-6-2-15,mn-32-6-2-15,1,32,6,2,15
mn-1-33-1-1-1,mn-33-1-1-1,1,33,1,1,1
mn-1-33-1-1-2,mn-33-1-1-2,1,33,1,1,2
mn-1-33-1-1-3,mn-33-1-1-3,1,33,1,1,3
mn-1-33-1-1-4,mn-33-1-1-4,1,33,1,1,4
mn-1-33-1-1-5,mn-33-1-1-5,1,33,1,1,5
mn-1-33-1-1-6,mn-33-1-1-6,1,33,1,1,6
mn-1-33-1-1-7,mn-33-1-1-7,1,33,1,1,7
mn-1-33-5-2-1,mn-33-5-2-1,1,33,5,2,1
mn-1-33-6-2-1,mn-33-6-2-1,1,33,6,2,1
mn-1-33-6-2-2,mn-33-6-2-2,1,33,6,2,2
mn-1-33-6-2-3,mn-33-6-2-3,1,33,6,2,3
mn-1-33-6-2-4,mn-33-6-2-4,1,33,6,2,4
mn-1-33-6-2-5,mn-33-6-2-5,1,33,6,2,5
mn-1-33-6-2-6,mn-33-6-2-6,1,33,6,2,6
mn-1-33-6-2-7,mn-33-6-2-7,1,33,6,2,7
mn-1-33-6-2-8,mn-33-6-2-8,1,33,6,2,8
mn-1-34-1-1-1,mn-34-1-1-1,1,34,1,1,1
mn-1-34-1-1-2,mn-34-1-1-2,1,34,1,1,2
mn-1-34-1-1-3,mn-34-1-1-3,1,34,1,1,3
mn-1-34-1-1-4,mn-34-1-1-4,1,34,1,1,4
mn-1-34-1-1-5,mn-34-1-1-5,1,34,1,1,5
mn-1-34-5-2-1,mn-34-5-2-1,1,34,5,2,1
mn-1-34-6-2-1,mn-34-6-2-1,1,34,6,2,1
mn-1-34-6-2-2,mn-34-6-2-2,1,34,6,2,2
mn-1-34-6-2-3,mn-34-6-2-3,1,34,6,2,3
mn-1-34-6-2-4,mn-34-6-2-4,1,34,6,2,4
mn-1-34-6-2-5,mn-34-6-2-5,1,34,6,2,5
mn-1-35-1-1-1,mn-35-1-1-1,1,35,1,1,1
mn-1-35-1-1-2,mn-35-1-1-2,1,35,1,1,2
mn-1-35-1-1-3,mn-35-1-1-3,1,35,1,1,3
mn-1-35-5-2-1,mn-35-5-2-1,1,35,5,2,1
mn-1-35-6-2-1,mn-35-6-2-1,1,35,6,2,1
mn-1-35-6-2-2,mn-35-6-2-2,1,35,6,2,2
mn-1-35-6-2-3,mn-35-6-2-3,1,35,6,2,3
mn-1-36-1-1-1,mn-36-1-1-1,1,36,1,1,1
mn-1-36-5-2-1,mn-36-5-2-1,1,36,5,2,1
mn-1-36-6-2-1,mn-36-6-2-1,1,36,6,2,1
mn-1-37-1-1-1,mn-37-1-1-1,1,37,1,1,1
mn-1-37-1-1-2,mn-37-1-1-2,1,37,1,1,2
mn-1-37-1-1-3,mn-37-1-1-3,1,37,1,1,3
mn-1-37-5-2-1,mn-37-5-2-1,1,37,5,2,1
mn-1-37-6-2-1,mn-37-6-2-1,1,37,6,2,1
mn-1-37-6-2-2,mn-37-6-2-2,1,37,6,2,2
mn-1-37-6-2-3,mn-37-6-2-3,1,37,6,2,3
mn-1-37-6-2-4,mn-37-6-2-4,1,37,6,2,4
mn-1-38-1-1-1,mn-38-1-1-1,1,38,1,1,1
mn-1-38-1-1-2,mn-38-1-1-2,1,38,1,1,2
mn-1-38-1-1-3,mn-38-1-1-3,1,38,1,1,3
mn-1-38-5-2-1,mn-38-5-2-1,1,38,5,2,1
mn-1-38-6-2-1,mn-38-6-2-1,1,38,6,2,1
mn-1-38-6-2-2,mn-38-6-2-2,1,38,6,2,2
mn-1-38-6-2-3,mn-38-6-2-3,1,38,6,2,3
mn-1-38-6-2-4,mn-38-6-2-4,1,38,6,2,4
mn-1-39-1-1-1,mn-39-1-1-1,1,39,1,1,1
mn-1-39-1-1-2,mn-39-1-1-2,1,39,1,1,2
mn-1-39-1-1-3,mn-39-1-1-3,1,39,1,1,3
mn-1-39-5-2-1,mn-39-5-2-1,1,39,5,2,1
mn-1-39-6-2-1,mn-39-6-2-1,1,39,6,2,1
mn-1-39-6-2-2,mn-39-6-2-2,1,39,6,2,2
mn-1-39-6-2-3,mn-39-6-2-3,1,39,6,2,3
mn-1-39-6-2-4,mn-39-6-2-4,1,39,6,2,4
mn-1-40-1-1-1,mn-40-1-1-1,1,40,1,1,1
mn-1-40-1-1-2,mn-40-1-1-2,1,40,1,1,2
mn-1-40-1-1-3,mn-40-1-1-3,1,40,1,1,3
mn-1-40-1-1-4,mn-40-1-1-4,1,40,1,1,4
mn-1-40-1-1-5,mn-40-1-1-5,1,40,1,1,5
mn-1-40-1-1-6,mn-40-1-1-6,1,40,1,1,6
mn-1-40-1-1-7,mn-40-1-1-7,1,40,1,1,7
mn-1-40-1-1-8,mn-40-1-1-8,1,40,1,1,8
mn-1-40-1-1-9,mn-40-1-1-9,1,40,1,1,9
mn-1-40-5-2-1,mn-40-5-2-1,1,40,5,2,1
mn-1-40-6-2-1,mn-40-6-2-1,1,40,6,2,1
mn-1-40-6-2-2,mn-40-6-2-2,1,40,6,2,2
mn-1-40-6-2-3,mn-40-6-2-3,1,40,6,2,3
mn-1-40-6-2-4,mn-40-6-2-4,1,40,6,2,4
mn-1-40-6-2-5,mn-40-6-2-5,1,40,6,2,5
mn-1-40-6-2-6,mn-40-6-2-6,1,40,6,2,6
mn-1-40-6-2-7,mn-40-6-2-7,1,40,6,2,7
mn-1-40-6-2-8,mn-40-6-2-8,1,40,6,2,8
mn-1-40-6-2-9,mn-40-6-2-9,1,40,6,2,9
mn-1-40-6-2-10,mn-40-6-2-10,1,40,6,2,10
mn-1-40-6-2-11,mn-40-6-2-11,1,40,6,2,11
mn-1-40-6-2-12,mn-40-6-2-12,1,40,6,2,12
mn-1-41-1-1-1,mn-41-1-1-1,1,41,1,1,1
mn-1-41-1-1-2,mn-41-1-1-2,1,41,1,1,2
mn-1-41-1-1-3,mn-41-1-1-3,1,41,1,1,3
mn-1-41-1-1-4,mn-41-1-1-4,1,41,1,1,4
mn-1-41-1-1-5,mn-41-1-1-5,1,41,1,1,5
mn-1-41-5-2-1,mn-41-5-2-1,1,41,5,2,1
mn-1-41-6-2-1,mn-41-6-2-1,1,41,6,2,1
mn-1-41-6-2-2,mn-41-6-2-2,1,41,6,2,2
mn-1-41-6-2-3,mn-41-6-2-3,1,41,6,2,3
mn-1-41-6-2-4,mn-41-6-2-4,1,41,6,2,4
mn-1-41-6-2-5,mn-41-6-2-5,1,41,6,2,5
mn-1-42-1-1-1,mn-42-1-1-1,1,42,1,1,1
mn-1-42-1-1-2,mn-42-1-1-2,1,42,1,1,2
mn-1-42-1-1-3,mn-42-1-1-3,1,42,1,1,3
mn-1-42-1-1-4,mn-42-1-1-4,1,42,1,1,4
mn-1-42-1-1-5,mn-42-1-1-5,1,42,1,1,5
mn-1-42-5-2-1,mn-42-5-2-1,1,42,5,2,1
mn-1-42-6-2-1,mn-42-6-2-1,1,42,6,2,1
mn-1-42-6-2-2,mn-42-6-2-2,1,42,6,2,2
mn-1-42-6-2-3,mn-42-6-2-3,1,42,6,2,3
mn-1-42-6-2-4,mn-42-6-2-4,1,42,6,2,4
mn-1-43-1-1-1,mn-43-1-1-1,1,43,1,1,1
mn-1-43-1-1-2,mn-43-1-1-2,1,43,1,1,2
mn-1-43-1-1-3,mn-43-1-1-3,1,43,1,1,3
mn-1-43-1-1-4,mn-43-1-1-4,1,43,1,1,4
mn-1-43-1-1-5,mn-43-1-1-5,1,43,1,1,5
mn-1-43-5-2-1,mn-43-5-2-1,1,43,5,2,1
mn-1-43-6-2-1,mn-43-6-2-1,1,43,6,2,1
mn-1-43-6-2-2,mn-43-6-2-2,1,43,6,2,2
mn-1-43-6-2-3,mn-43-6-2-3,1,43,6,2,3
mn-1-43-6-2-4,mn-43-6-2-4,1,43,6,2,4
mn-1-44-1-1-1,mn-44-1-1-1,1,44,1,1,1
mn-1-44-5-2-1,mn-44-5-2-1,1,44,5,2,1
mn-1-44-6-2-1,mn-44-6-2-1,1,44,6,2,1
mn-1-44-6-2-2,mn-44-6-2-2,1,44,6,2,2
mn-1-45-1-1-1,mn-45-1-1-1,1,45,1,1,1
mn-1-45-5-2-1,mn-45-5-2-1,1,45,5,2,1
mn-1-45-6-2-1,mn-45-6-2-1,1,45,6,2,1
mn-1-45-6-2-2,mn-45-6-2-2,1,45,6,2,2
mn-1-46-1-1-1,mn-46-1-1-1,1,46,1,1,1
mn-1-46-5-2-1,mn-46-5-2-1,1,46,5,2,1
mn-1-46-6-2-1,mn-46-6-2-1,1,46,6,2,1
mn-1-46-6-2-2,mn-46-6-2-2,1,46,6,2,2
mn-1-46-6-2-3,mn-46-6-2-3,1,46,6,2,3
mn-1-46-6-2-4,mn-46-6-2-4,1,46,6,2,4
mn-1-46-6-2-5,mn-46-6-2-5,1,46,6,2,5
mn-1-47-1-1-1,mn-47-1-1-1,1,47,1,1,1
mn-1-47-5-2-1,mn-47-5-2-1,1,47,5,2,1
mn-1-48-1-1-1,mn-48-1-1-1,1,48,1,1,1
mn-1-48-1-1-2,mn-48-1-1-2,1,48,1,1,2
mn-1-48-5-2-1,mn-48-5-2-1,1,48,5,2,1
mn-1-48-5-2-2,mn-48-5-2-2,1,48,5,2,2
mn-1-49-1-1-1,mn-49-1-1-1,1,49,1,1,1
mn-1-49-5-2-1,mn-49-5-2-1,1,49,5,2,1
mn-1-49-6-2-1,mn-49-6-2-1,1,49,6,2,1
mn-1-49-6-2-2,mn-49-6-2-2,1,49,6,2,2
mn-1-49-6-2-3,mn-49-6-2-3,1,49,6,2,3
mn-1-49-6-2-4,mn-49-6-2-4,1,49,6,2,4
mn-1-49-6-2-5,mn-49-6-2-5,1,49,6,2,5
mn-1-50-1-1-1,mn-50-1-1-1,1,50,1,1,1
mn-1-50-1-1-2,mn-50-1-1-2,1,50,1,1,2
mn-1-50-1-1-3,mn-50-1-1-3,1,50,1,1,3
mn-1-50-1-1-4,mn-50-1-1-4,1,50,1,1,4
mn-1-50-1-1-5,mn-50-1-1-5,1,50,1,1,5
mn-1-50-5-2-1,mn-50-5-2-1,1,50,5,2,1
mn-1-50-6-2-1,mn-50-6-2-1,1,50,6,2,1
mn-1-50-6-2-2,mn-50-6-2-2,1,50,6,2,2
mn-1-50-6-2-3,mn-50-6-2-3,1,50,6,2,3
mn-1-50-6-2-4,mn-50-6-2-4,1,50,6,2,4
mn-1-50-6-2-5,mn-50-6-2-5,1,50,6,2,5
mn-1-51-1-1-1,mn-51-1-1-1,1,51,1,1,1
mn-1-51-1-1-2,mn-51-1-1-2,1,51,1,1,2
mn-1-51-1-1-3,mn-51-1-1-3,1,51,1,1,3
mn-1-51-1-1-4,mn-51-1-1-4,1,51,1,1,4
mn-1-51-1-1-5,mn-51-1-1-5,1,51,1,1,5
mn-1-51-1-1-6,mn-51-1-1-6,1,51,1,1,6
mn-1-51-5-2-1,mn-51-5-2-1,1,51,5,2,1
mn-1-51-6-2-1,mn-51-6-2-1,1,51,6,2,1
mn-1-51-6-2-2,mn-51-6-2-2,1,51,6,2,2
mn-1-51-6-2-3,mn-51-6-2-3,1,51,6,2,3
mn-1-51-6-2-4,mn-51-6-2-4,1,51,6,2,4
mn-1-52-1-1-1,mn-52-1-1-1,1,52,1,1,1
mn-1-52-1-1-2,mn-52-1-1-2,1,52,1,1,2
mn-1-52-1-1-3,mn-52-1-1-3,1,52,1,1,3
mn-1-52-5-2-1,mn-52-5-2-1,1,52,5,2,1
mn-1-52-6-2-1,mn-52-6-2-1,1,52,6,2,1
mn-1-53-1-1-1,mn-53-1-1-1,1,53,1,1,1
mn-1-53-1-1-2,mn-53-1-1-2,1,53,1,1,2
mn-1-53-1-1-3,mn-53-1-1-3,1,53,1,1,3
mn-1-53-1-1-4,mn-53-1-1-4,1,53,1,1,4
mn-1-53-1-1-5,mn-53-1-1-5,1,53,1,1,5
mn-1-53-1-1-6,mn-53-1-1-6,1,53,1,1,6
mn-1-53-5-2-1,mn-53-5-2-1,1,53,5,2,1
mn-1-53-6-2-1,mn-53-6-2-1,1,53,6,2,1
mn-1-53-6-2-2,mn-53-6-2-2,1,53,6,2,2
mn-1-53-6-2-3,mn-53-6-2-3,1,53,6,2,3
mn-1-53-6-2-4,mn-53-6-2-4,1,53,6,2,4
mn-1-54-1-1-1,mn-54-1-1-1,1,54,1,1,1
mn-1-54-1-1-2,mn-54-1-1-2,1,54,1,1,2
mn-1-54-1-1-3,mn-54-1-1-3,1,54,1,1,3
mn-1-54-1-1-4,mn-54-1-1-4,1,54,1,1,4
mn-1-54-5-2-1,mn-54-5-2-1,1,54,5,2,1
mn-1-54-6-2-1,mn-54-6-2-1,1,54,6,2,1
mn-1-54-6-2-2,mn-54-6-2-2,1,54,6,2,2
mn-1-54-6-2-3,mn-54-6-2-3,1,54,6,2,3
mn-1-54-6-2-4,mn-54-6-2-4,1,54,6,2,4
mn-1-54-6-2-5,mn-54-6-2-5,1,54,6,2,5
mn-1-54-6-2-6,mn-54-6-2-6,1,54,6,2,6
mn-1-54-6-2-7,mn-54-6-2-7,1,54,6,2,7
mn-1-54-6-2-8,mn-54-6-2-8,1,54,6,2,8
mn-1-54-6-2-9,mn-54-6-2-9,1,54,6,2,9
mn-1-55-1-1-1,mn-55-1-1-1,1,55,1,1,1
mn-1-55-1-1-2,mn-55-1-1-2,1,55,1,1,2
mn-1-55-1-1-3,mn-55-1-1-3,1,55,1,1,3
mn-1-55-1-1-4,mn-55-1-1-4,1,55,1,1,4
mn-1-55-1-1-5,mn-55-1-1-5,1,55,1,1,5
mn-1-55-1-1-6,mn-55-1-1-6,1,55,1,1,6
mn-1-55-5-2-1,mn-55-5-2-1,1,55,5,2,1
mn-1-55-6-2-1,mn-55-6-2-1,1,55,6,2,1
mn-1-56-1-1-1,mn-56-1-1-1,1,56,1,1,1
mn-1-56-1-1-2,mn-56-1-1-2,1,56,1,1,2
mn-1-56-1-1-3,mn-56-1-1-3,1,56,1,1,3
mn-1-56-1-1-4,mn-56-1-1-4,1,56,1,1,4
mn-1-56-5-2-1,mn-56-5-2-1,1,56,5,2,1
mn-1-56-6-2-1,mn-56-6-2-1,1,56,6,2,1
mn-1-56-6-2-2,mn-56-6-2-2,1,56,6,2,2
mn-1-56-6-2-3,mn-56-6-2-3,1,56,6,2,3
mn-1-56-6-2-4,mn-56-6-2-4,1,56,6,2,4
mn-1-56-6-2-5,mn-56-6-2-5,1,56,6,2,5
mn-1-56-6-2-6,mn-56-6-2-6,1,56,6,2,6
mn-1-56-6-2-7,mn-56-6-2-7,1,56,6,2,7
mn-1-56-6-2-8,mn-56-6-2-8,1,56,6,2,8
mn-1-56-6-2-9,mn-56-6-2-9,1,56,6,2,9
mn-1-57-1-1-1,mn-57-1-1-1,1,57,1,1,1
mn-1-57-5-2-1,mn-57-5-2-1,1,57,5,2,1
mn-1-57-6-2-1,mn-57-6-2-1,1,57,6,2,1
mn-1-57-6-2-2,mn-57-6-2-2,1,57,6,2,2
mn-1-57-6-2-3,mn-57-6-2-3,1,57,6,2,3
mn-1-57-6-2-4,mn-57-6-2-4,1,57,6,2,4
mn-1-57-6-2-5,mn-57-6-2-5,1,57,6,2,5
mn-1-58-1-1-1,mn-58-1-1-1,1,58,1,1,1
mn-1-58-1-1-2,mn-58-1-1-2,1,58,1,1,2
mn-1-58-1-1-3,mn-58-1-1-3,1,58,1,1,3
mn-1-58-1-1-4,mn-58-1-1-4,1,58,1,1,4
mn-1-58-1-1-5,mn-58-1-1-5,1,58,1,1,5
mn-1-58-5-2-1,mn-58-5-2-1,1,58,5,2,1
mn-1-58-6-2-1,mn-58-6-2-1,1,58,6,2,1
mn-1-58-6-2-2,mn-58-6-2-2,1,58,6,2,2
mn-1-58-6-2-3,mn-58-6-2-3,1,58,6,2,3
mn-1-58-6-2-4,mn-58-6-2-4,1,58,6,2,4
mn-1-58-6-2-5,mn-58-6-2-5,1,58,6,2,5
mn-1-59-1-1-1,mn-59-1-1-1,1,59,1,1,1
mn-1-59-1-1-2,mn-59-1-1-2,1,59,1,1,2
mn-1-59-1-1-3,mn-59-1-1-3,1,59,1,1,3
mn-1-59-1-1-4,mn-59-1-1-4,1,59,1,1,4
mn-1-59-1-1-5,mn-59-1-1-5,1,59,1,1,5
mn-1-59-1-1-6,mn-59-1-1-6,1,59,1,1,6
mn-1-59-5-2-1,mn-59-5-2-1,1,59,5,2,1
mn-1-59-6-2-1,mn-59-6-2-1,1,59,6,2,1
mn-1-59-6-2-2,mn-59-6-2-2,1,59,6,2,2
mn-1-59-6-2-3,mn-59-6-2-3,1,59,6,2,3
mn-1-59-6-2-4,mn-59-6-2-4,1,59,6,2,4
mn-1-60-1-1-1,mn-60-1-1-1,1,60,1,1,1
mn-1-60-1-1-2,mn-60-1-1-2,1,60,1,1,2
mn-1-60-1-1-3,mn-60-1-1-3,1,60,1,1,3
mn-1-60-5-2-1,mn-60-5-2-1,1,60,5,2,1
mn-1-60-6-2-1,mn-60-6-2-1,1,60,6,2,1
mn-1-61-1-1-1,mn-61-1-1-1,1,61,1,1,1
mn-1-61-1-1-2,mn-61-1-1-2,1,61,1,1,2
mn-1-61-1-1-3,mn-61-1-1-3,1,61,1,1,3
mn-1-61-1-1-4,mn-61-1-1-4,1,61,1,1,4
mn-1-61-1-1-5,mn-61-1-1-5,1,61,1,1,5
mn-1-61-1-1-6,mn-61-1-1-6,1,61,1,1,6
mn-1-61-5-2-1,mn-61-5-2-1,1,61,5,2,1
mn-1-61-6-2-1,mn-61-6-2-1,1,61,6,2,1
mn-1-61-6-2-2,mn-61-6-2-2,1,61,6,2,2
mn-1-61-6-2-3,mn-61-6-2-3,1,61,6,2,3
mn-1-62-1-1-1,mn-62-1-1-1,1,62,1,1,1
mn-1-62-1-1-2,mn-62-1-1-2,1,62,1,1,2
mn-1-62-1-1-3,mn-62-1-1-3,1,62,1,1,3
mn-1-62-1-1-4,mn-62-1-1-4,1,62,1,1,4
mn-1-62-5-2-1,mn-62-5-2-1,1,62,5,2,1
mn-1-62-6-2-1,mn-62-6-2-1,1,62,6,2,1
mn-1-62-6-2-2,mn-62-6-2-2,1,62,6,2,2
mn-1-62-6-2-3,mn-62-6-2-3,1,62,6,2,3
mn-1-62-6-2-4,mn-62-6-2-4,1,62,6,2,4
mn-1-62-6-2-5,mn-62-6-2-5,1,62,6,2,5
mn-1-62-6-2-6,mn-62-6-2-6,1,62,6,2,6
mn-1-63-1-1-1,mn-63-1-1-1,1,63,1,1,1
mn-1-63-1-1-2,mn-63-1-1-2,1,63,1,1,2
mn-1-63-1-1-3,mn-63-1-1-3,1,63,1,1,3
mn-1-63-1-1-4,mn-63-1-1-4,1,63,1,1,4
mn-1-63-1-1-5,mn-63-1-1-5,1,63,1,1,5
mn-1-63-1-1-6,mn-63-1-1-6,1,63,1,1,6
mn-1-63-5-2-1,mn-63-5-2-1,1,63,5,2,1
mn-1-63-6-2-1,mn-63-6-2-1,1,63,6,2,1
mn-1-63-6-2-2,mn-63-6-2-2,1,63,6,2,2
mn-1-63-6-2-3,mn-63-6-2-3,1,63,6,2,3
mn-1-63-6-2-4,mn-63-6-2-4,1,63,6,2,4
mn-1-64-1-1-1,mn-64-1-1-1,1,64,1,1,1
mn-1-64-1-1-2,mn-64-1-1-2,1,64,1,1,2
mn-1-64-1-1-3,mn-64-1-1-3,1,64,1,1,3
mn-1-64-1-1-4,mn-64-1-1-4,1,64,1,1,4
mn-1-64-5-2-1,mn-64-5-2-1,1,64,5,2,1
mn-1-64-6-2-1,mn-64-6-2-1,1,64,6,2,1
mn-1-64-6-2-2,mn-64-6-2-2,1,64,6,2,2
mn-1-64-6-2-3,mn-64-6-2-3,1,64,6,2,3
mn-1-64-6-2-4,mn-64-6-2-4,1,64,6,2,4
mn-1-64-6-2-5,mn-64-6-2-5,1,64,6,2,5
mn-1-64-6-2-6,mn-64-6-2-6,1,64,6,2,6
mn-1-65-1-1-1,mn-65-1-1-1,1,65,1,1,1
mn-1-65-2-1-1,mn-65-2-1-1,1,65,2,1,1
mn-1-65-5-2-1,mn-65-5-2-1,1,65,5,2,1
mn-1-65-6-2-1,mn-65-6-2-1,1,65,6,2,1
mn-1-65-6-2-2,mn-65-6-2-2,1,65,6,2,2
mn-1-65-6-2-3,mn-65-6-2-3,1,65,6,2,3
mn-1-65-7-2-1,mn-65-7-2-1,1,65,7,2,1
mn-1-65-7-2-2,mn-65-7-2-2,1,65,7,2,2
mn-1-65-7-2-3,mn-65-7-2-3,1,65,7,2,3
mn-1-65-7-2-4,mn-65-7-2-4,1,65,7,2,4
mn-1-65-7-2-5,mn-65-7-2-5,1,65,7,2,5
mn-1-65-7-2-6,mn-65-7-2-6,1,65,7,2,6
mn-1-66-1-1-1,mn-66-1-1-1,1,66,1,1,1
mn-1-66-1-1-2,mn-66-1-1-2,1,66,1,1,2
mn-1-66-1-1-3,mn-66-1-1-3,1,66,1,1,3
mn-1-66-2-1-1,mn-66-2-1-1,1,66,2,1,1
mn-1-66-5-2-1,mn-66-5-2-1,1,66,5,2,1
mn-1-66-6-2-1,mn-66-6-2-1,1,66,6,2,1
mn-1-66-6-2-2,mn-66-6-2-2,1,66,6,2,2
mn-1-66-6-2-3,mn-66-6-2-3,1,66,6,2,3
mn-1-66-7-2-1,mn-66-7-2-1,1,66,7,2,1
mn-1-66-7-2-2,mn-66-7-2-2,1,66,7,2,2
mn-1-66-7-2-3,mn-66-7-2-3,1,66,7,2,3
mn-1-66-7-2-4,mn-66-7-2-4,1,66,7,2,4
mn-1-66-7-2-5,mn-66-7-2-5,1,66,7,2,5
mn-1-66-7-2-6,mn-66-7-2-6,1,66,7,2,6
mn-1-67-1-1-1,mn-67-1-1-1,1,67,1,1,1
mn-1-67-2-1-1,mn-67-2-1-1,1,67,2,1,1
mn-1-67-5-2-1,mn-67-5-2-1,1,67,5,2,1
mn-1-67-6-2-1,mn-67-6-2-1,1,67,6,2,1
mn-1-67-6-2-2,mn-67-6-2-2,1,67,6,2,2
mn-1-67-6-2-3,mn-67-6-2-3,1,67,6,2,3
mn-1-67-7-2-1,mn-67-7-2-1,1,67,7,2,1
mn-1-67-7-2-2,mn-67-7-2-2,1,67,7,2,2
mn-1-67-7-2-3,mn-67-7-2-3,1,67,7,2,3
mn-1-67-7-2-4,mn-67-7-2-4,1,67,7,2,4
mn-1-67-7-2-5,mn-67-7-2-5,1,67,7,2,5
mn-1-67-7-2-6,mn-67-7-2-6,1,67,7,2,6
mn-1-68-1-1-1,mn-68-1-1-1,1,68,1,1,1
mn-1-68-2-1-1,mn-68-2-1-1,1,68,2,1,1
mn-1-68-5-2-1,mn-68-5-2-1,1,68,5,2,1
mn-1-68-6-2-1,mn-68-6-2-1,1,68,6,2,1
mn-1-68-6-2-2,mn-68-6-2-2,1,68,6,2,2
mn-1-68-6-2-3,mn-68-6-2-3,1,68,6,2,3
mn-1-68-7-2-1,mn-68-7-2-1,1,68,7,2,1
mn-1-68-7-2-2,mn-68-7-2-2,1,68,7,2,2
mn-1-68-7-2-3,mn-68-7-2-3,1,68,7,2,3
mn-1-68-7-2-4,mn-68-7-2-4,1,68,7,2,4
mn-1-68-7-2-5,mn-68-7-2-5,1,68,7,2,5
mn-1-68-7-2-6,mn-68-7-2-6,1,68,7,2,6
mn-1-69-1-1-1,mn-69-1-1-1,1,69,1,1,1
mn-1-69-1-1-2,mn-69-1-1-2,1,69,1,1,2
mn-1-69-2-1-1,mn-69-2-1-1,1,69,2,1,1
mn-1-69-5-2-1,mn-69-5-2-1,1,69,5,2,1
mn-1-69-6-2-1,mn-69-6-2-1,1,69,6,2,1
mn-1-69-6-2-2,mn-69-6-2-2,1,69,6,2,2
mn-1-69-6-2-3,mn-69-6-2-3,1,69,6,2,3
mn-1-69-7-2-1,mn-69-7-2-1,1,69,7,2,1
mn-1-69-7-2-2,mn-69-7-2-2,1,69,7,2,2
mn-1-69-7-2-3,mn-69-7-2-3,1,69,7,2,3
mn-1-69-7-2-4,mn-69-7-2-4,1,69,7,2,4
mn-1-69-7-2-5,mn-69-7-2-5,1,69,7,2,5
mn-1-69-7-2-6,mn-69-7-2-6,1,69,7,2,6
mn-1-70-1-1-1,mn-70-1-1-1,1,70,1,1,1
mn-1-70-1-1-2,mn-70-1-1-2,1,70,1,1,2
mn-1-70-1-1-3,mn-70-1-1-3,1,70,1,1,3
mn-1-70-2-1-1,mn-70-2-1-1,1,70,2,1,1
mn-1-70-5-2-1,mn-70-5-2-1,1,70,5,2,1
mn-1-70-6-2-1,mn-70-6-2-1,1,70,6,2,1
mn-1-70-6-2-2,mn-70-6-2-2,1,70,6,2,2
mn-1-70-6-2-3,mn-70-6-2-3,1,70,6,2,3
mn-1-70-7-2-1,mn-70-7-2-1,1,70,7,2,1
mn-1-70-7-2-2,mn-70-7-2-2,1,70,7,2,2
mn-1-70-7-2-3,mn-70-7-2-3,1,70,7,2,3
mn-1-70-7-2-4,mn-70-7-2-4,1,70,7,2,4
mn-1-70-7-2-5,mn-70-7-2-5,1,70,7,2,5
mn-1-70-7-2-6,mn-70-7-2-6,1,70,7,2,6
mn-1-71-1-1-1,mn-71-1-1-1,1,71,1,1,1
mn-1-71-2-1-1,mn-71-2-1-1,1,71,2,1,1
mn-1-71-2-1-2,mn-71-2-1-2,1,71,2,1,2
mn-1-71-5-2-1,mn-71-5-2-1,1,71,5,2,1
mn-1-71-6-2-1,mn-71-6-2-1,1,71,6,2,1
mn-1-71-6-2-2,mn-71-6-2-2,1,71,6,2,2
mn-1-71-6-2-3,mn-71-6-2-3,1,71,6,2,3
mn-1-71-7-2-1,mn-71-7-2-1,1,71,7,2,1
mn-1-71-7-2-2,mn-71-7-2-2,1,71,7,2,2
mn-1-71-7-2-3,mn-71-7-2-3,1,71,7,2,3
mn-1-71-7-2-4,mn-71-7-2-4,1,71,7,2,4
mn-1-71-7-2-5,mn-71-7-2-5,1,71,7,2,5
mn-1-71-7-2-6,mn-71-7-2-6,1,71,7,2,6
mn-1-72-1-1-1,mn-72-1-1-1,1,72,1,1,1
mn-1-72-1-1-2,mn-72-1-1-2,1,72,1,1,2
mn-1-72-2-1-1,mn-72-2-1-1,1,72,2,1,1
mn-1-72-2-1-2,mn-72-2-1-2,1,72,2,1,2
mn-1-72-5-2-1,mn-72-5-2-1,1,72,5,2,1
mn-1-72-6-2-1,mn-72-6-2-1,1,72,6,2,1
mn-1-72-6-2-2,mn-72-6-2-2,1,72,6,2,2
mn-1-72-6-2-3,mn-72-6-2-3,1,72,6,2,3
mn-1-72-7-2-1,mn-72-7-2-1,1,72,7,2,1
mn-1-72-7-2-2,mn-72-7-2-2,1,72,7,2,2
mn-1-72-7-2-3,mn-72-7-2-3,1,72,7,2,3
mn-1-72-7-2-4,mn-72-7-2-4,1,72,7,2,4
mn-1-72-7-2-5,mn-72-7-2-5,1,72,7,2,5
mn-1-72-7-2-6,mn-72-7-2-6,1,72,7,2,6
mn-1-73-1-1-1,mn-73-1-1-1,1,73,1,1,1
mn-1-73-1-1-2,mn-73-1-1-2,1,73,1,1,2
mn-1-73-2-1-1,mn-73-2-1-1,1,73,2,1,1
mn-1-73-2-1-2,mn-73-2-1-2,1,73,2,1,2
mn-1-73-5-2-1,mn-73-5-2-1,1,73,5,2,1
mn-1-73-6-2-1,mn-73-6-2-1,1,73,6,2,1
mn-1-73-6-2-2,mn-73-6-2-2,1,73,6,2,2
mn-1-73-6-2-3,mn-73-6-2-3,1,73,6,2,3
mn-1-73-7-2-1,mn-73-7-2-1,1,73,7,2,1
mn-1-73-7-2-2,mn-73-7-2-2,1,73,7,2,2
mn-1-73-7-2-3,mn-73-7-2-3,1,73,7,2,3
mn-1-73-7-2-4,mn-73-7-2-4,1,73,7,2,4
mn-1-73-7-2-5,mn-73-7-2-5,1,73,7,2,5
mn-1-73-7-2-6,mn-73-7-2-6,1,73,7,2,6
mn-1-74-1-1-1,mn-74-1-1-1,1,74,1,1,1
mn-1-74-1-1-2,mn-74-1-1-2,1,74,1,1,2
mn-1-74-1-1-3,mn-74-1-1-3,1,74,1,1,3
mn-1-74-2-1-1,mn-74-2-1-1,1,74,2,1,1
mn-1-74-5-2-1,mn-74-5-2-1,1,74,5,2,1
mn-1-74-5-2-2,mn-74-5-2-2,1,74,5,2,2
mn-1-74-5-1-1,mn-74-5-1-1,1,74,5,1,1
mn-1-74-5-1-2,mn-74-5-1-2,1,74,5,1,2
mn-1-74-5-1-3,mn-74-5-1-3,1,74,5,1,3
mn-1-74-5-1-4,mn-74-5-1-4,1,74,5,1,4
mn-1-74-5-2-3,mn-74-5-2-3,1,74,5,2,3
mn-1-74-6-2-1,mn-74-6-2-1,1,74,6,2,1
mn-1-74-6-2-2,mn-74-6-2-2,1,74,6,2,2
mn-1-74-6-2-3,mn-74-6-2-3,1,74,6,2,3
mn-1-74-7-2-1,mn-74-7-2-1,1,74,7,2,1
mn-1-74-7-2-2,mn-74-7-2-2,1,74,7,2,2
mn-1-74-7-2-3,mn-74-7-2-3,1,74,7,2,3
mn-1-74-7-2-4,mn-74-7-2-4,1,74,7,2,4
mn-1-74-7-2-5,mn-74-7-2-5,1,74,7,2,5
mn-1-74-7-2-6,mn-74-7-2-6,1,74,7,2,6
mn-1-75-1-1-1,mn-75-1-1-1,1,75,1,1,1
mn-1-75-2-1-1,mn-75-2-1-1,1,75,2,1,1
mn-1-75-5-2-1,mn-75-5-2-1,1,75,5,2,1
mn-1-75-6-2-1,mn-75-6-2-1,1,75,6,2,1
mn-1-75-6-2-2,mn-75-6-2-2,1,75,6,2,2
mn-1-75-6-2-3,mn-75-6-2-3,1,75,6,2,3
mn-1-75-7-2-1,mn-75-7-2-1,1,75,7,2,1
mn-1-75-7-2-2,mn-75-7-2-2,1,75,7,2,2
mn-1-75-7-2-3,mn-75-7-2-3,1,75,7,2,3
mn-1-75-7-2-4,mn-75-7-2-4,1,75,7,2,4
mn-1-75-7-2-5,mn-75-7-2-5,1,75,7,2,5
mn-1-75-7-2-6,mn-75-7-2-6,1,75,7,2,6
mn-1-76-1-1-1,mn-76-1-1-1,1,76,1,1,1
mn-1-76-2-1-1,mn-76-2-1-1,1,76,2,1,1
mn-1-76-5-2-1,mn-76-5-2-1,1,76,5,2,1
mn-1-76-6-2-1,mn-76-6-2-1,1,76,6,2,1
mn-1-76-6-2-2,mn-76-6-2-2,1,76,6,2,2
mn-1-76-6-2-3,mn-76-6-2-3,1,76,6,2,3
mn-1-76-7-2-1,mn-76-7-2-1,1,76,7,2,1
mn-1-76-7-2-2,mn-76-7-2-2,1,76,7,2,2
mn-1-76-7-2-3,mn-76-7-2-3,1,76,7,2,3
mn-1-76-7-2-4,mn-76-7-2-4,1,76,7,2,4
mn-1-76-7-2-5,mn-76-7-2-5,1,76,7,2,5
mn-1-76-7-2-6,mn-76-7-2-6,1,76,7,2,6
mn-1-77-1-1-1,mn-77-1-1-1,1,77,1,1,1
mn-1-77-1-1-2,mn-77-1-1-2,1,77,1,1,2
mn-1-77-1-1-3,mn-77-1-1-3,1,77,1,1,3
mn-1-77-2-1-1,mn-77-2-1-1,1,77,2,1,1
mn-1-77-5-2-1,mn-77-5-2-1,1,77,5,2,1
mn-1-77-6-2-1,mn-77-6-2-1,1,77,6,2,1
mn-1-77-6-2-2,mn-77-6-2-2,1,77,6,2,2
mn-1-77-6-2-3,mn-77-6-2-3,1,77,6,2,3
mn-1-77-7-2-1,mn-77-7-2-1,1,77,7,2,1
mn-1-77-7-2-2,mn-77-7-2-2,1,77,7,2,2
mn-1-77-7-2-3,mn-77-7-2-3,1,77,7,2,3
mn-1-77-7-2-4,mn-77-7-2-4,1,77,7,2,4
mn-1-77-7-2-5,mn-77-7-2-5,1,77,7,2,5
mn-1-77-7-2-6,mn-77-7-2-6,1,77,7,2,6
mn-1-78-1-1-1,mn-78-1-1-1,1,78,1,1,1
mn-1-78-1-1-2,mn-78-1-1-2,1,78,1,1,2
mn-1-78-1-1-3,mn-78-1-1-3,1,78,1,1,3
mn-1-78-2-1-1,mn-78-2-1-1,1,78,2,1,1
mn-1-78-5-2-1,mn-78-5-2-1,1,78,5,2,1
mn-1-78-6-2-1,mn-78-6-2-1,1,78,6,2,1
mn-1-78-6-2-2,mn-78-6-2-2,1,78,6,2,2
mn-1-78-6-2-3,mn-78-6-2-3,1,78,6,2,3
mn-1-78-7-2-1,mn-78-7-2-1,1,78,7,2,1
mn-1-78-7-2-2,mn-78-7-2-2,1,78,7,2,2
mn-1-78-7-2-3,mn-78-7-2-3,1,78,7,2,3
mn-1-78-7-2-4,mn-78-7-2-4,1,78,7,2,4
mn-1-78-7-2-5,mn-78-7-2-5,1,78,7,2,5
mn-1-78-7-2-6,mn-78-7-2-6,1,78,7,2,6
mn-1-79-1-1-1,mn-79-1-1-1,1,79,1,1,1
mn-1-79-2-1-1,mn-79-2-1-1,1,79,2,1,1
mn-1-79-5-2-1,mn-79-5-2-1,1,79,5,2,1
mn-1-79-6-2-1,mn-79-6-2-1,1,79,6,2,1
mn-1-79-6-2-2,mn-79-6-2-2,1,79,6,2,2
mn-1-79-6-2-3,mn-79-6-2-3,1,79,6,2,3
mn-1-79-7-2-1,mn-79-7-2-1,1,79,7,2,1
mn-1-79-7-2-2,mn-79-7-2-2,1,79,7,2,2
mn-1-79-7-2-3,mn-79-7-2-3,1,79,7,2,3
mn-1-79-7-2-4,mn-79-7-2-4,1,79,7,2,4
mn-1-79-7-2-5,mn-79-7-2-5,1,79,7,2,5
mn-1-79-7-2-6,mn-79-7-2-6,1,79,7,2,6
mn-1-80-1-1-1,mn-80-1-1-1,1,80,1,1,1
mn-1-80-1-1-2,mn-80-1-1-2,1,80,1,1,2
mn-1-80-2-1-1,mn-80-2-1-1,1,80,2,1,1
mn-1-80-5-2-1,mn-80-5-2-1,1,80,5,2,1
mn-1-80-6-2-1,mn-80-6-2-1,1,80,6,2,1
mn-1-80-7-2-1,mn-80-7-2-1,1,80,7,2,1
mn-1-80-7-2-2,mn-80-7-2-2,1,80,7,2,2
mn-1-80-7-2-3,mn-80-7-2-3,1,80,7,2,3
mn-1-80-7-2-4,mn-80-7-2-4,1,80,7,2,4
mn-1-80-7-2-5,mn-80-7-2-5,1,80,7,2,5
mn-1-80-7-2-6,mn-80-7-2-6,1,80,7,2,6
mn-1-81-1-1-1,mn-81-1-1-1,1,81,1,1,1
mn-1-81-5-2-1,mn-81-5-2-1,1,81,5,2,1
mn-1-81-6-2-1,mn-81-6-2-1,1,81,6,2,1
mn-1-81-7-2-1,mn-81-7-2-1,1,81,7,2,1
mn-1-81-7-2-2,mn-81-7-2-2,1,81,7,2,2
mn-1-81-7-2-3,mn-81-7-2-3,1,81,7,2,3
mn-1-81-7-2-4,mn-81-7-2-4,1,81,7,2,4
mn-1-81-7-2-5,mn-81-7-2-5,1,81,7,2,5
mn-1-81-7-2-6,mn-81-7-2-6,1,81,7,2,6
mn-1-82-1-1-1,mn-82-1-1-1,1,82,1,1,1
mn-1-82-1-1-2,mn-82-1-1-2,1,82,1,1,2
mn-1-82-1-1-3,mn-82-1-1-3,1,82,1,1,3
mn-1-82-5-2-1,mn-82-5-2-1,1,82,5,2,1
mn-1-82-6-2-1,mn-82-6-2-1,1,82,6,2,1
mn-1-82-7-2-1,mn-82-7-2-1,1,82,7,2,1
mn-1-82-7-2-2,mn-82-7-2-2,1,82,7,2,2
mn-1-82-7-2-3,mn-82-7-2-3,1,82,7,2,3
mn-1-82-7-2-4,mn-82-7-2-4,1,82,7,2,4
mn-1-82-7-2-5,mn-82-7-2-5,1,82,7,2,5
mn-1-82-7-2-6,mn-82-7-2-6,1,82,7,2,6
mn-1-83-1-1-1,mn-83-1-1-1,1,83,1,1,1
mn-1-83-5-2-1,mn-83-5-2-1,1,83,5,2,1
mn-1-83-6-2-1,mn-83-6-2-1,1,83,6,2,1
mn-1-83-7-2-1,mn-83-7-2-1,1,83,7,2,1
mn-1-83-7-2-2,mn-83-7-2-2,1,83,7,2,2
mn-1-83-7-2-3,mn-83-7-2-3,1,83,7,2,3
mn-1-83-7-2-4,mn-83-7-2-4,1,83,7,2,4
mn-1-83-7-2-5,mn-83-7-2-5,1,83,7,2,5
mn-1-83-7-2-6,mn-83-7-2-6,1,83,7,2,6
mn-1-84-1-1-1,mn-84-1-1-1,1,84,1,1,1
mn-1-84-5-2-1,mn-84-5-2-1,1,84,5,2,1
mn-1-84-6-2-1,mn-84-6-2-1,1,84,6,2,1
mn-1-84-6-2-2,mn-84-6-2-2,1,84,6,2,2
mn-1-84-6-2-3,mn-84-6-2-3,1,84,6,2,3
mn-1-84-7-2-1,mn-84-7-2-1,1,84,7,2,1
mn-1-84-7-2-2,mn-84-7-2-2,1,84,7,2,2
mn-1-84-7-2-3,mn-84-7-2-3,1,84,7,2,3
mn-1-84-7-2-4,mn-84-7-2-4,1,84,7,2,4
mn-1-84-7-2-5,mn-84-7-2-5,1,84,7,2,5
mn-1-84-7-2-6,mn-84-7-2-6,1,84,7,2,6
mn-1-85-1-1-1,mn-85-1-1-1,1,85,1,1,1
mn-1-85-1-1-2,mn-85-1-1-2,1,85,1,1,2
mn-1-85-5-2-1,mn-85-5-2-1,1,85,5,2,1
mn-1-85-6-2-1,mn-85-6-2-1,1,85,6,2,1
mn-1-85-6-2-2,mn-85-6-2-2,1,85,6,2,2
mn-1-85-6-2-3,mn-85-6-2-3,1,85,6,2,3
mn-1-85-7-2-1,mn-85-7-2-1,1,85,7,2,1
mn-1-85-7-2-2,mn-85-7-2-2,1,85,7,2,2
mn-1-85-7-2-3,mn-85-7-2-3,1,85,7,2,3
mn-1-85-7-2-4,mn-85-7-2-4,1,85,7,2,4
mn-1-85-7-2-5,mn-85-7-2-5,1,85,7,2,5
mn-1-85-7-2-6,mn-85-7-2-6,1,85,7,2,6
mn-1-86-1-1-1,mn-86-1-1-1,1,86,1,1,1
mn-1-86-1-1-2,mn-86-1-1-2,1,86,1,1,2
mn-1-86-1-1-3,mn-86-1-1-3,1,86,1,1,3
mn-1-86-5-2-1,mn-86-5-2-1,1,86,5,2,1
mn-1-86-6-2-1,mn-86-6-2-1,1,86,6,2,1
mn-1-86-6-2-2,mn-86-6-2-2,1,86,6,2,2
mn-1-86-6-2-3,mn-86-6-2-3,1,86,6,2,3
mn-1-86-7-2-1,mn-86-7-2-1,1,86,7,2,1
mn-1-86-7-2-2,mn-86-7-2-2,1,86,7,2,2
mn-1-86-7-2-3,mn-86-7-2-3,1,86,7,2,3
mn-1-86-7-2-4,mn-86-7-2-4,1,86,7,2,4
mn-1-86-7-2-5,mn-86-7-2-5,1,86,7,2,5
mn-1-86-7-2-6,mn-86-7-2-6,1,86,7,2,6
mn-1-87-1-1-1,mn-87-1-1-1,1,87,1,1,1
mn-1-87-5-2-1,mn-87-5-2-1,1,87,5,2,1
mn-1-87-6-2-1,mn-87-6-2-1,1,87,6,2,1
mn-1-87-6-2-2,mn-87-6-2-2,1,87,6,2,2
mn-1-87-6-2-3,mn-87-6-2-3,1,87,6,2,3
mn-1-87-7-2-1,mn-87-7-2-1,1,87,7,2,1
mn-1-87-7-2-2,mn-87-7-2-2,1,87,7,2,2
mn-1-87-7-2-3,mn-87-7-2-3,1,87,7,2,3
mn-1-87-7-2-4,mn-87-7-2-4,1,87,7,2,4
mn-1-87-7-2-5,mn-87-7-2-5,1,87,7,2,5
mn-1-87-7-2-6,mn-87-7-2-6,1,87,7,2,6
mn-1-88-1-1-1,mn-88-1-1-1,1,88,1,1,1
mn-1-88-1-1-2,mn-88-1-1-2,1,88,1,1,2
mn-1-88-5-2-1,mn-88-5-2-1,1,88,5,2,1
mn-1-88-6-2-1,mn-88-6-2-1,1,88,6,2,1
mn-1-88-6-2-2,mn-88-6-2-2,1,88,6,2,2
mn-1-88-6-2-3,mn-88-6-2-3,1,88,6,2,3
mn-1-88-7-2-1,mn-88-7-2-1,1,88,7,2,1
mn-1-88-7-2-2,mn-88-7-2-2,1,88,7,2,2
mn-1-88-7-2-3,mn-88-7-2-3,1,88,7,2,3
mn-1-88-7-2-4,mn-88-7-2-4,1,88,7,2,4
mn-1-88-7-2-5,mn-88-7-2-5,1,88,7,2,5
mn-1-88-7-2-6,mn-88-7-2-6,1,88,7,2,6
mn-1-89-1-1-1,mn-89-1-1-1,1,89,1,1,1
mn-1-89-5-2-1,mn-89-5-2-1,1,89,5,2,1
mn-1-89-6-2-1,mn-89-6-2-1,1,89,6,2,1
mn-1-89-6-2-2,mn-89-6-2-2,1,89,6,2,2
mn-1-89-6-2-3,mn-89-6-2-3,1,89,6,2,3
mn-1-89-7-2-1,mn-89-7-2-1,1,89,7,2,1
mn-1-89-7-2-2,mn-89-7-2-2,1,89,7,2,2
mn-1-89-7-2-3,mn-89-7-2-3,1,89,7,2,3
mn-1-89-7-2-4,mn-89-7-2-4,1,89,7,2,4
mn-1-89-7-2-5,mn-89-7-2-5,1,89,7,2,5
mn-1-89-7-2-6,mn-89-7-2-6,1,89,7,2,6
mn-1-90-1-1-1,mn-90-1-1-1,1,90,1,1,1
mn-1-90-1-1-2,mn-90-1-1-2,1,90,1,1,2
mn-1-90-1-1-3,mn-90-1-1-3,1,90,1,1,3
mn-1-90-5-2-1,mn-90-5-2-1,1,90,5,2,1
mn-1-90-6-2-1,mn-90-6-2-1,1,90,6,2,1
mn-1-90-6-2-2,mn-90-6-2-2,1,90,6,2,2
mn-1-90-6-2-3,mn-90-6-2-3,1,90,6,2,3
mn-1-90-7-2-1,mn-90-7-2-1,1,90,7,2,1
mn-1-90-7-2-2,mn-90-7-2-2,1,90,7,2,2
mn-1-90-7-2-3,mn-90-7-2-3,1,90,7,2,3
mn-1-90-7-2-4,mn-90-7-2-4,1,90,7,2,4
mn-1-90-7-2-5,mn-90-7-2-5,1,90,7,2,5
mn-1-90-7-2-6,mn-90-7-2-6,1,90,7,2,6
mn-1-91-1-1-1,mn-91-1-1-1,1,91,1,1,1
mn-1-91-5-2-1,mn-91-5-2-1,1,91,5,2,1
mn-1-91-6-2-1,mn-91-6-2-1,1,91,6,2,1
mn-1-91-6-2-2,mn-91-6-2-2,1,91,6,2,2
mn-1-91-6-2-3,mn-91-6-2-3,1,91,6,2,3
mn-1-91-7-2-1,mn-91-7-2-1,1,91,7,2,1
mn-1-91-7-2-2,mn-91-7-2-2,1,91,7,2,2
mn-1-91-7-2-3,mn-91-7-2-3,1,91,7,2,3
mn-1-91-7-2-4,mn-91-7-2-4,1,91,7,2,4
mn-1-91-7-2-5,mn-91-7-2-5,1,91,7,2,5
mn-1-91-7-2-6,mn-91-7-2-6,1,91,7,2,6
mn-1-92-1-1-1,mn-92-1-1-1,1,92,1,1,1
mn-1-92-1-1-2,mn-92-1-1-2,1,92,1,1,2
mn-1-92-1-1-3,mn-92-1-1-3,1,92,1,1,3
mn-1-92-5-2-1,mn-92-5-2-1,1,92,5,2,1
mn-1-92-6-2-1,mn-92-6-2-1,1,92,6,2,1
mn-1-92-6-2-2,mn-92-6-2-2,1,92,6,2,2
mn-1-92-6-2-3,mn-92-6-2-3,1,92,6,2,3
mn-1-92-7-2-1,mn-92-7-2-1,1,92,7,2,1
mn-1-92-7-2-2,mn-92-7-2-2,1,92,7,2,2
mn-1-92-7-2-3,mn-92-7-2-3,1,92,7,2,3
mn-1-92-7-2-4,mn-92-7-2-4,1,92,7,2,4
mn-1-92-7-2-5,mn-92-7-2-5,1,92,7,2,5
mn-1-92-7-2-6,mn-92-7-2-6,1,92,7,2,6
mn-1-93-1-1-1,mn-93-1-1-1,1,93,1,1,1
mn-1-93-1-1-2,mn-93-1-1-2,1,93,1,1,2
mn-1-93-1-1-3,mn-93-1-1-3,1,93,1,1,3
mn-1-93-5-2-1,mn-93-5-2-1,1,93,5,2,1
mn-1-93-6-2-1,mn-93-6-2-1,1,93,6,2,1
mn-1-93-6-2-2,mn-93-6-2-2,1,93,6,2,2
mn-1-93-6-2-3,mn-93-6-2-3,1,93,6,2,3
mn-1-93-7-2-1,mn-93-7-2-1,1,93,7,2,1
mn-1-93-7-2-2,mn-93-7-2-2,1,93,7,2,2
mn-1-93-7-2-3,mn-93-7-2-3,1,93,7,2,3
mn-1-93-7-2-4,mn-93-7-2-4,1,93,7,2,4
mn-1-93-7-2-5,mn-93-7-2-5,1,93,7,2,5
mn-1-93-7-2-6,mn-93-7-2-6,1,93,7,2,6
mn-1-94-1-1-1,mn-94-1-1-1,1,94,1,1,1
mn-1-94-1-1-2,mn-94-1-1-2,1,94,1,1,2
mn-1-94-1-1-3,mn-94-1-1-3,1,94,1,1,3
mn-1-94-2-1-1,mn-94-2-1-1,1,94,2,1,1
mn-1-94-2-1-2,mn-94-2-1-2,1,94,2,1,2
mn-1-94-2-1-3,mn-94-2-1-3,1,94,2,1,3
mn-1-94-5-2-1,mn-94-5-2-1,1,94,5,2,1
mn-1-94-6-2-1,mn-94-6-2-1,1,94,6,2,1
mn-1-94-6-2-2,mn-94-6-2-2,1,94,6,2,2
mn-1-94-6-2-3,mn-94-6-2-3,1,94,6,2,3
mn-1-94-7-2-1,mn-94-7-2-1,1,94,7,2,1
mn-1-94-7-2-2,mn-94-7-2-2,1,94,7,2,2
mn-1-94-7-2-3,mn-94-7-2-3,1,94,7,2,3
mn-1-94-7-2-4,mn-94-7-2-4,1,94,7,2,4
mn-1-94-7-2-5,mn-94-7-2-5,1,94,7,2,5
mn-1-94-7-2-6,mn-94-7-2-6,1,94,7,2,6
mn-1-95-1-1-1,mn-95-1-1-1,1,95,1,1,1
mn-1-95-5-2-1,mn-95-5-2-1,1,95,5,2,1
mn-1-95-6-2-1,mn-95-6-2-1,1,95,6,2,1
mn-1-95-6-2-2,mn-95-6-2-2,1,95,6,2,2
mn-1-95-6-2-3,mn-95-6-2-3,1,95,6,2,3
mn-1-95-7-2-1,mn-95-7-2-1,1,95,7,2,1
mn-1-95-7-2-2,mn-95-7-2-2,1,95,7,2,2
mn-1-95-7-2-3,mn-95-7-2-3,1,95,7,2,3
mn-1-95-7-2-4,mn-95-7-2-4,1,95,7,2,4
mn-1-95-7-2-5,mn-95-7-2-5,1,95,7,2,5
mn-1-95-7-2-6,mn-95-7-2-6,1,95,7,2,6
mn-1-96-1-1-1,mn-96-1-1-1,1,96,1,1,1
mn-1-96-1-1-2,mn-96-1-1-2,1,96,1,1,2
mn-1-96-5-2-1,mn-96-5-2-1,1,96,5,2,1
mn-1-96-6-2-1,mn-96-6-2-1,1,96,6,2,1
mn-1-96-6-2-2,mn-96-6-2-2,1,96,6,2,2
mn-1-96-6-2-3,mn-96-6-2-3,1,96,6,2,3
mn-1-96-7-2-1,mn-96-7-2-1,1,96,7,2,1
mn-1-96-7-2-2,mn-96-7-2-2,1,96,7,2,2
mn-1-96-7-2-3,mn-96-7-2-3,1,96,7,2,3
mn-1-96-7-2-4,mn-96-7-2-4,1,96,7,2,4
mn-1-96-7-2-5,mn-96-7-2-5,1,96,7,2,5
mn-1-96-7-2-6,mn-96-7-2-6,1,96,7,2,6
mn-1-97-1-1-1,mn-97-1-1-1,1,97,1,1,1
mn-1-97-2-1-1,mn-97-2-1-1,1,97,2,1,1
mn-1-97-2-1-2,mn-97-2-1-2,1,97,2,1,2
mn-1-97-5-2-1,mn-97-5-2-1,1,97,5,2,1
mn-1-97-6-2-1,mn-97-6-2-1,1,97,6,2,1
mn-1-97-7-2-1,mn-97-7-2-1,1,97,7,2,1
mn-1-97-7-2-2,mn-97-7-2-2,1,97,7,2,2
mn-1-97-7-2-3,mn-97-7-2-3,1,97,7,2,3
mn-1-97-7-2-4,mn-97-7-2-4,1,97,7,2,4
mn-1-97-7-2-5,mn-97-7-2-5,1,97,7,2,5
mn-1-97-7-2-6,mn-97-7-2-6,1,97,7,2,6
mn-1-98-1-1-1,mn-98-1-1-1,1,98,1,1,1
mn-1-98-1-1-2,mn-98-1-1-2,1,98,1,1,2
mn-1-98-1-1-3,mn-98-1-1-3,1,98,1,1,3
mn-1-98-1-1-4,mn-98-1-1-4,1,98,1,1,4
mn-1-98-1-1-5,mn-98-1-1-5,1,98,1,1,5
mn-1-98-2-1-1,mn-98-2-1-1,1,98,2,1,1
mn-1-98-2-1-2,mn-98-2-1-2,1,98,2,1,2
mn-1-98-5-2-1,mn-98-5-2-1,1,98,5,2,1
mn-1-98-6-2-1,mn-98-6-2-1,1,98,6,2,1
mn-1-98-7-2-1,mn-98-7-2-1,1,98,7,2,1
mn-1-98-7-2-2,mn-98-7-2-2,1,98,7,2,2
mn-1-98-7-2-3,mn-98-7-2-3,1,98,7,2,3
mn-1-98-7-2-4,mn-98-7-2-4,1,98,7,2,4
mn-1-98-7-2-5,mn-98-7-2-5,1,98,7,2,5
mn-1-98-7-2-6,mn-98-7-2-6,1,98,7,2,6
mn-1-99-1-1-1,mn-99-1-1-1,1,99,1,1,1
mn-1-99-1-1-2,mn-99-1-1-2,1,99,1,1,2
mn-1-99-5-2-1,mn-99-5-2-1,1,99,5,2,1
mn-1-99-6-2-1,mn-99-6-2-1,1,99,6,2,1
mn-1-99-7-2-1,mn-99-7-2-1,1,99,7,2,1
mn-1-99-7-2-2,mn-99-7-2-2,1,99,7,2,2
mn-1-99-7-2-3,mn-99-7-2-3,1,99,7,2,3
mn-1-99-7-2-4,mn-99-7-2-4,1,99,7,2,4
mn-1-99-7-2-5,mn-99-7-2-5,1,99,7,2,5
mn-1-99-7-2-6,mn-99-7-2-6,1,99,7,2,6
mn-1-100-1-1-1,mn-100-1-1-1,1,100,1,1,1
mn-1-100-1-1-2,mn-100-1-1-2,1,100,1,1,2
mn-1-100-1-1-3,mn-100-1-1-3,1,100,1,1,3
mn-1-100-5-2-1,mn-100-5-2-1,1,100,5,2,1
mn-1-100-6-2-1,mn-100-6-2-1,1,100,6,2,1
mn-1-100-6-2-2,mn-100-6-2-2,1,100,6,2,2
mn-1-100-6-2-3,mn-100-6-2-3,1,100,6,2,3
mn-1-100-7-2-1,mn-100-7-2-1,1,100,7,2,1
mn-1-100-7-2-2,mn-100-7-2-2,1,100,7,2,2
mn-1-100-7-2-3,mn-100-7-2-3,1,100,7,2,3
mn-1-100-7-2-4,mn-100-7-2-4,1,100,7,2,4
mn-1-100-7-2-5,mn-100-7-2-5,1,100,7,2,5
mn-1-100-7-2-6,mn-100-7-2-6,1,100,7,2,6
mn-1-101-1-1-1,mn-101-1-1-1,1,101,1,1,1
mn-1-101-1-1-2,mn-101-1-1-2,1,101,1,1,2
mn-1-101-1-1-3,mn-101-1-1-3,1,101,1,1,3
mn-1-101-1-1-4,mn-101-1-1-4,1,101,1,1,4
mn-1-101-2-1-1,mn-101-2-1-1,1,101,2,1,1
mn-1-101-5-2-1,mn-101-5-2-1,1,101,5,2,1
mn-1-101-6-2-1,mn-101-6-2-1,1,101,6,2,1
mn-1-101-6-2-2,mn-101-6-2-2,1,101,6,2,2
mn-1-101-6-2-3,mn-101-6-2-3,1,101,6,2,3
mn-1-101-7-2-1,mn-101-7-2-1,1,101,7,2,1
mn-1-101-7-2-2,mn-101-7-2-2,1,101,7,2,2
mn-1-101-7-2-3,mn-101-7-2-3,1,101,7,2,3
mn-1-101-7-2-4,mn-101-7-2-4,1,101,7,2,4
mn-1-101-7-2-5,mn-101-7-2-5,1,101,7,2,5
mn-1-101-7-2-6,mn-101-7-2-6,1,101,7,2,6
mn-1-102-1-1-1,mn-102-1-1-1,1,102,1,1,1
mn-1-102-1-1-2,mn-102-1-1-2,1,102,1,1,2
mn-1-102-1-1-3,mn-102-1-1-3,1,102,1,1,3
mn-1-102-1-1-4,mn-102-1-1-4,1,102,1,1,4
mn-1-102-1-1-5,mn-102-1-1-5,1,102,1,1,5
mn-1-102-1-1-6,mn-102-1-1-6,1,102,1,1,6
mn-1-102-2-1-1,mn-102-2-1-1,1,102,2,1,1
mn-1-102-5-2-1,mn-102-5-2-1,1,102,5,2,1
mn-1-102-6-2-1,mn-102-6-2-1,1,102,6,2,1
mn-1-102-6-2-2,mn-102-6-2-2,1,102,6,2,2
mn-1-102-6-2-3,mn-102-6-2-3,1,102,6,2,3
mn-1-102-7-2-1,mn-102-7-2-1,1,102,7,2,1
mn-1-102-7-2-2,mn-102-7-2-2,1,102,7,2,2
mn-1-102-7-2-3,mn-102-7-2-3,1,102,7,2,3
mn-1-102-7-2-4,mn-102-7-2-4,1,102,7,2,4
mn-1-102-7-2-5,mn-102-7-2-5,1,102,7,2,5
mn-1-102-7-2-6,mn-102-7-2-6,1,102,7,2,6
mn-1-103-1-1-1,mn-103-1-1-1,1,103,1,1,1
mn-1-103-1-1-2,mn-103-1-1-2,1,103,1,1,2
mn-1-103-1-1-3,mn-103-1-1-3,1,103,1,1,3
mn-1-103-5-2-1,mn-103-5-2-1,1,103,5,2,1
mn-1-103-6-2-1,mn-103-6-2-1,1,103,6,2,1
mn-1-103-6-2-2,mn-103-6-2-2,1,103,6,2,2
mn-1-103-6-2-3,mn-103-6-2-3,1,103,6,2,3
mn-1-103-7-2-1,mn-103-7-2-1,1,103,7,2,1
mn-1-103-7-2-2,mn-103-7-2-2,1,103,7,2,2
mn-1-103-7-2-3,mn-103-7-2-3,1,103,7,2,3
mn-1-103-7-2-4,mn-103-7-2-4,1,103,7,2,4
mn-1-103-7-2-5,mn-103-7-2-5,1,103,7,2,5
mn-1-103-7-2-6,mn-103-7-2-6,1,103,7,2,6
mn-1-104-1-1-1,mn-104-1-1-1,1,104,1,1,1
mn-1-104-1-1-2,mn-104-1-1-2,1,104,1,1,2
mn-1-104-1-1-3,mn-104-1-1-3,1,104,1,1,3
mn-1-104-1-1-4,mn-104-1-1-4,1,104,1,1,4
mn-1-104-1-1-5,mn-104-1-1-5,1,104,1,1,5
mn-1-104-1-1-6,mn-104-1-1-6,1,104,1,1,6
mn-1-104-5-2-1,mn-104-5-2-1,1,104,5,2,1
mn-1-104-6-2-1,mn-104-6-2-1,1,104,6,2,1
mn-1-104-6-2-2,mn-104-6-2-2,1,104,6,2,2
mn-1-104-6-2-3,mn-104-6-2-3,1,104,6,2,3
mn-1-104-7-2-1,mn-104-7-2-1,1,104,7,2,1
mn-1-104-7-2-2,mn-104-7-2-2,1,104,7,2,2
mn-1-104-7-2-3,mn-104-7-2-3,1,104,7,2,3
mn-1-104-7-2-4,mn-104-7-2-4,1,104,7,2,4
mn-1-104-7-2-5,mn-104-7-2-5,1,104,7,2,5
mn-1-104-7-2-6,mn-104-7-2-6,1,104,7,2,6
mn-1-105-1-1-1,mn-105-1-1-1,1,105,1,1,1
mn-1-105-1-1-2,mn-105-1-1-2,1,105,1,1,2
mn-1-105-1-1-3,mn-105-1-1-3,1,105,1,1,3
mn-1-105-5-2-1,mn-105-5-2-1,1,105,5,2,1
mn-1-105-6-2-1,mn-105-6-2-1,1,105,6,2,1
mn-1-105-6-2-2,mn-105-6-2-2,1,105,6,2,2
mn-1-105-6-2-3,mn-105-6-2-3,1,105,6,2,3
mn-1-105-7-2-1,mn-105-7-2-1,1,105,7,2,1
mn-1-105-7-2-2,mn-105-7-2-2,1,105,7,2,2
mn-1-105-7-2-3,mn-105-7-2-3,1,105,7,2,3
mn-1-105-7-2-4,mn-105-7-2-4,1,105,7,2,4
mn-1-105-7-2-5,mn-105-7-2-5,1,105,7,2,5
mn-1-105-7-2-6,mn-105-7-2-6,1,105,7,2,6
mn-1-106-1-1-1,mn-106-1-1-1,1,106,1,1,1
mn-1-106-1-1-2,mn-106-1-1-2,1,106,1,1,2
mn-1-106-1-1-3,mn-106-1-1-3,1,106,1,1,3
mn-1-106-1-1-4,mn-106-1-1-4,1,106,1,1,4
mn-1-106-1-1-5,mn-106-1-1-5,1,106,1,1,5
mn-1-106-1-1-6,mn-106-1-1-6,1,106,1,1,6
mn-1-106-1-1-7,mn-106-1-1-7,1,106,1,1,7
mn-1-106-1-1-8,mn-106-1-1-8,1,106,1,1,8
mn-1-106-1-1-9,mn-106-1-1-9,1,106,1,1,9
mn-1-106-5-2-1,mn-106-5-2-1,1,106,5,2,1
mn-1-106-6-2-1,mn-106-6-2-1,1,106,6,2,1
mn-1-106-6-2-2,mn-106-6-2-2,1,106,6,2,2
mn-1-106-6-2-3,mn-106-6-2-3,1,106,6,2,3
mn-1-106-7-2-1,mn-106-7-2-1,1,106,7,2,1
mn-1-106-7-2-2,mn-106-7-2-2,1,106,7,2,2
mn-1-106-7-2-3,mn-106-7-2-3,1,106,7,2,3
mn-1-106-7-2-4,mn-106-7-2-4,1,106,7,2,4
mn-1-106-7-2-5,mn-106-7-2-5,1,106,7,2,5
mn-1-106-7-2-6,mn-106-7-2-6,1,106,7,2,6
mn-1-107-1-1-1,mn-107-1-1-1,1,107,1,1,1
mn-1-107-1-1-2,mn-107-1-1-2,1,107,1,1,2
mn-1-107-1-1-3,mn-107-1-1-3,1,107,1,1,3
mn-1-107-5-2-1,mn-107-5-2-1,1,107,5,2,1
mn-1-107-6-2-1,mn-107-6-2-1,1,107,6,2,1
mn-1-107-6-2-2,mn-107-6-2-2,1,107,6,2,2
mn-1-107-6-2-3,mn-107-6-2-3,1,107,6,2,3
mn-1-107-7-2-1,mn-107-7-2-1,1,107,7,2,1
mn-1-107-7-2-2,mn-107-7-2-2,1,107,7,2,2
mn-1-107-7-2-3,mn-107-7-2-3,1,107,7,2,3
mn-1-107-7-2-4,mn-107-7-2-4,1,107,7,2,4
mn-1-107-7-2-5,mn-107-7-2-5,1,107,7,2,5
mn-1-107-7-2-6,mn-107-7-2-6,1,107,7,2,6
mn-1-108-1-1-1,mn-108-1-1-1,1,108,1,1,1
mn-1-108-1-1-2,mn-108-1-1-2,1,108,1,1,2
mn-1-108-1-1-3,mn-108-1-1-3,1,108,1,1,3
mn-1-108-1-1-4,mn-108-1-1-4,1,108,1,1,4
mn-1-108-1-1-5,mn-108-1-1-5,1,108,1,1,5
mn-1-108-1-1-6,mn-108-1-1-6,1,108,1,1,6
mn-1-108-1-1-7,mn-108-1-1-7,1,108,1,1,7
mn-1-108-1-1-8,mn-108-1-1-8,1,108,1,1,8
mn-1-108-1-1-9,mn-108-1-1-9,1,108,1,1,9
mn-1-108-5-2-1,mn-108-5-2-1,1,108,5,2,1
mn-1-108-6-2-1,mn-108-6-2-1,1,108,6,2,1
mn-1-108-6-2-2,mn-108-6-2-2,1,108,6,2,2
mn-1-108-6-2-3,mn-108-6-2-3,1,108,6,2,3
mn-1-108-7-2-1,mn-108-7-2-1,1,108,7,2,1
mn-1-108-7-2-2,mn-108-7-2-2,1,108,7,2,2
mn-1-108-7-2-3,mn-108-7-2-3,1,108,7,2,3
mn-1-108-7-2-4,mn-108-7-2-4,1,108,7,2,4
mn-1-108-7-2-5,mn-108-7-2-5,1,108,7,2,5
mn-1-108-7-2-6,mn-108-7-2-6,1,108,7,2,6
mn-1-109-1-1-1,mn-109-1-1-1,1,109,1,1,1
mn-1-109-1-1-2,mn-109-1-1-2,1,109,1,1,2
mn-1-109-1-1-3,mn-109-1-1-3,1,109,1,1,3
mn-1-109-1-1-4,mn-109-1-1-4,1,109,1,1,4
mn-1-109-1-1-5,mn-109-1-1-5,1,109,1,1,5
mn-1-109-1-1-6,mn-109-1-1-6,1,109,1,1,6
mn-1-109-5-2-1,mn-109-5-2-1,1,109,5,2,1
mn-1-109-6-2-1,mn-109-6-2-1,1,109,6,2,1
mn-1-109-6-2-2,mn-109-6-2-2,1,109,6,2,2
mn-1-109-6-2-3,mn-109-6-2-3,1,109,6,2,3
mn-1-109-7-2-1,mn-109-7-2-1,1,109,7,2,1
mn-1-109-7-2-2,mn-109-7-2-2,1,109,7,2,2
mn-1-109-7-2-3,mn-109-7-2-3,1,109,7,2,3
mn-1-109-7-2-4,mn-109-7-2-4,1,109,7,2,4
mn-1-109-7-2-5,mn-109-7-2-5,1,109,7,2,5
mn-1-109-7-2-6,mn-109-7-2-6,1,109,7,2,6
mn-1-110-1-1-1,mn-110-1-1-1,1,110,1,1,1
mn-1-110-1-1-2,mn-110-1-1-2,1,110,1,1,2
mn-1-110-1-1-3,mn-110-1-1-3,1,110,1,1,3
mn-1-110-5-2-1,mn-110-5-2-1,1,110,5,2,1
mn-1-110-6-2-1,mn-110-6-2-1,1,110,6,2,1
mn-1-110-6-2-2,mn-110-6-2-2,1,110,6,2,2
mn-1-110-6-2-3,mn-110-6-2-3,1,110,6,2,3
mn-1-110-7-2-1,mn-110-7-2-1,1,110,7,2,1
mn-1-110-7-2-2,mn-110-7-2-2,1,110,7,2,2
mn-1-110-7-2-3,mn-110-7-2-3,1,110,7,2,3
mn-1-110-7-2-4,mn-110-7-2-4,1,110,7,2,4
mn-1-110-7-2-5,mn-110-7-2-5,1,110,7,2,5
mn-1-110-7-2-6,mn-110-7-2-6,1,110,7,2,6
mn-1-111-1-1-1,mn-111-1-1-1,1,111,1,1,1
mn-1-111-1-1-2,mn-111-1-1-2,1,111,1,1,2
mn-1-111-1-1-3,mn-111-1-1-3,1,111,1,1,3
mn-1-111-1-1-4,mn-111-1-1-4,1,111,1,1,4
mn-1-111-1-1-5,mn-111-1-1-5,1,111,1,1,5
mn-1-111-1-1-6,mn-111-1-1-6,1,111,1,1,6
mn-1-111-5-2-1,mn-111-5-2-1,1,111,5,2,1
mn-1-111-6-2-1,mn-111-6-2-1,1,111,6,2,1
mn-1-111-6-2-2,mn-111-6-2-2,1,111,6,2,2
mn-1-111-6-2-3,mn-111-6-2-3,1,111,6,2,3
mn-1-111-7-2-1,mn-111-7-2-1,1,111,7,2,1
mn-1-111-7-2-2,mn-111-7-2-2,1,111,7,2,2
mn-1-111-7-2-3,mn-111-7-2-3,1,111,7,2,3
mn-1-111-7-2-4,mn-111-7-2-4,1,111,7,2,4
mn-1-111-7-2-5,mn-111-7-2-5,1,111,7,2,5
mn-1-111-7-2-6,mn-111-7-2-6,1,111,7,2,6
mn-1-112-1-1-1,mn-112-1-1-1,1,112,1,1,1
mn-1-112-1-1-2,mn-112-1-1-2,1,112,1,1,2
mn-1-112-1-1-3,mn-112-1-1-3,1,112,1,1,3
mn-1-112-1-1-4,mn-112-1-1-4,1,112,1,1,4
mn-1-112-1-1-5,mn-112-1-1-5,1,112,1,1,5
mn-1-112-1-1-6,mn-112-1-1-6,1,112,1,1,6
mn-1-112-1-1-7,mn-112-1-1-7,1,112,1,1,7
mn-1-112-1-1-8,mn-112-1-1-8,1,112,1,1,8
mn-1-112-1-1-9,mn-112-1-1-9,1,112,1,1,9
mn-1-112-5-2-1,mn-112-5-2-1,1,112,5,2,1
mn-1-112-6-2-1,mn-112-6-2-1,1,112,6,2,1
mn-1-112-6-2-2,mn-112-6-2-2,1,112,6,2,2
mn-1-112-6-2-3,mn-112-6-2-3,1,112,6,2,3
mn-1-112-7-2-1,mn-112-7-2-1,1,112,7,2,1
mn-1-112-7-2-2,mn-112-7-2-2,1,112,7,2,2
mn-1-112-7-2-3,mn-112-7-2-3,1,112,7,2,3
mn-1-112-7-2-4,mn-112-7-2-4,1,112,7,2,4
mn-1-112-7-2-5,mn-112-7-2-5,1,112,7,2,5
mn-1-112-7-2-6,mn-112-7-2-6,1,112,7,2,6
mn-1-113-1-1-1,mn-113-1-1-1,1,113,1,1,1
mn-1-113-1-1-2,mn-113-1-1-2,1,113,1,1,2
mn-1-113-1-1-3,mn-113-1-1-3,1,113,1,1,3
mn-1-113-1-1-4,mn-113-1-1-4,1,113,1,1,4
mn-1-113-1-1-5,mn-113-1-1-5,1,113,1,1,5
mn-1-113-1-1-6,mn-113-1-1-6,1,113,1,1,6
mn-1-113-5-2-1,mn-113-5-2-1,1,113,5,2,1
mn-1-113-6-2-1,mn-113-6-2-1,1,113,6,2,1
mn-1-113-6-2-2,mn-113-6-2-2,1,113,6,2,2
mn-1-113-6-2-3,mn-113-6-2-3,1,113,6,2,3
mn-1-113-7-2-1,mn-113-7-2-1,1,113,7,2,1
mn-1-113-7-2-2,mn-113-7-2-2,1,113,7,2,2
mn-1-113-7-2-3,mn-113-7-2-3,1,113,7,2,3
mn-1-113-7-2-4,mn-113-7-2-4,1,113,7,2,4
mn-1-113-7-2-5,mn-113-7-2-5,1,113,7,2,5
mn-1-113-7-2-6,mn-113-7-2-6,1,113,7,2,6
mn-1-114-1-1-1,mn-114-1-1-1,1,114,1,1,1
mn-1-114-1-1-2,mn-114-1-1-2,1,114,1,1,2
mn-1-114-1-1-3,mn-114-1-1-3,1,114,1,1,3
mn-1-114-5-2-1,mn-114-5-2-1,1,114,5,2,1
mn-1-114-6-2-1,mn-114-6-2-1,1,114,6,2,1
mn-1-114-6-2-2,mn-114-6-2-2,1,114,6,2,2
mn-1-114-6-2-3,mn-114-6-2-3,1,114,6,2,3
mn-1-114-7-2-1,mn-114-7-2-1,1,114,7,2,1
mn-1-114-7-2-2,mn-114-7-2-2,1,114,7,2,2
mn-1-114-7-2-3,mn-114-7-2-3,1,114,7,2,3
mn-1-114-7-2-4,mn-114-7-2-4,1,114,7,2,4
mn-1-114-7-2-5,mn-114-7-2-5,1,114,7,2,5
mn-1-114-7-2-6,mn-114-7-2-6,1,114,7,2,6
mn-1-115-1-1-1,mn-115-1-1-1,1,115,1,1,1
mn-1-115-1-1-2,mn-115-1-1-2,1,115,1,1,2
mn-1-115-1-1-3,mn-115-1-1-3,1,115,1,1,3
mn-1-115-1-1-4,mn-115-1-1-4,1,115,1,1,4
mn-1-115-1-1-5,mn-115-1-1-5,1,115,1,1,5
mn-1-115-1-1-6,mn-115-1-1-6,1,115,1,1,6
mn-1-115-1-1-7,mn-115-1-1-7,1,115,1,1,7
mn-1-115-1-1-8,mn-115-1-1-8,1,115,1,1,8
mn-1-115-1-1-9,mn-115-1-1-9,1,115,1,1,9
mn-1-115-5-2-1,mn-115-5-2-1,1,115,5,2,1
mn-1-115-6-2-1,mn-115-6-2-1,1,115,6,2,1
mn-1-115-6-2-2,mn-115-6-2-2,1,115,6,2,2
mn-1-115-6-2-3,mn-115-6-2-3,1,115,6,2,3
mn-1-115-7-2-1,mn-115-7-2-1,1,115,7,2,1
mn-1-115-7-2-2,mn-115-7-2-2,1,115,7,2,2
mn-1-115-7-2-3,mn-115-7-2-3,1,115,7,2,3
mn-1-115-7-2-4,mn-115-7-2-4,1,115,7,2,4
mn-1-115-7-2-5,mn-115-7-2-5,1,115,7,2,5
mn-1-115-7-2-6,mn-115-7-2-6,1,115,7,2,6
mn-1-116-1-1-1,mn-116-1-1-1,1,116,1,1,1
mn-1-116-1-1-2,mn-116-1-1-2,1,116,1,1,2
mn-1-116-1-1-3,mn-116-1-1-3,1,116,1,1,3
mn-1-116-1-1-4,mn-116-1-1-4,1,116,1,1,4
mn-1-116-1-1-5,mn-116-1-1-5,1,116,1,1,5
mn-1-116-1-1-6,mn-116-1-1-6,1,116,1,1,6
mn-1-116-1-1-7,mn-116-1-1-7,1,116,1,1,7
mn-1-116-1-1-8,mn-116-1-1-8,1,116,1,1,8
mn-1-116-1-1-9,mn-116-1-1-9,1,116,1,1,9
mn-1-116-5-2-1,mn-116-5-2-1,1,116,5,2,1
mn-1-116-6-2-1,mn-116-6-2-1,1,116,6,2,1
mn-1-116-6-2-2,mn-116-6-2-2,1,116,6,2,2
mn-1-116-6-2-3,mn-116-6-2-3,1,116,6,2,3
mn-1-116-7-2-1,mn-116-7-2-1,1,116,7,2,1
mn-1-116-7-2-2,mn-116-7-2-2,1,116,7,2,2
mn-1-116-7-2-3,mn-116-7-2-3,1,116,7,2,3
mn-1-116-7-2-4,mn-116-7-2-4,1,116,7,2,4
mn-1-116-7-2-5,mn-116-7-2-5,1,116,7,2,5
mn-1-116-7-2-6,mn-116-7-2-6,1,116,7,2,6
mn-1-117-1-1-1,mn-117-1-1-1,1,117,1,1,1
mn-1-117-1-1-2,mn-117-1-1-2,1,117,1,1,2
mn-1-117-1-1-3,mn-117-1-1-3,1,117,1,1,3
mn-1-117-1-1-4,mn-117-1-1-4,1,117,1,1,4
mn-1-117-1-1-5,mn-117-1-1-5,1,117,1,1,5
mn-1-117-5-2-1,mn-117-5-2-1,1,117,5,2,1
mn-1-117-6-2-1,mn-117-6-2-1,1,117,6,2,1
mn-1-117-6-2-2,mn-117-6-2-2,1,117,6,2,2
mn-1-117-6-2-3,mn-117-6-2-3,1,117,6,2,3
mn-1-117-6-2-4,mn-117-6-2-4,1,117,6,2,4
mn-1-118-1-1-1,mn-118-1-1-1,1,118,1,1,1
mn-1-118-1-1-2,mn-118-1-1-2,1,118,1,1,2
mn-1-118-1-1-3,mn-118-1-1-3,1,118,1,1,3
mn-1-118-1-1-4,mn-118-1-1-4,1,118,1,1,4
mn-1-118-1-1-5,mn-118-1-1-5,1,118,1,1,5
mn-1-118-1-1-6,mn-118-1-1-6,1,118,1,1,6
mn-1-118-5-2-1,mn-118-5-2-1,1,118,5,2,1
mn-1-118-6-2-1,mn-118-6-2-1,1,118,6,2,1
mn-1-118-6-2-2,mn-118-6-2-2,1,118,6,2,2
mn-1-118-6-2-3,mn-118-6-2-3,1,118,6,2,3
mn-1-119-1-1-1,mn-119-1-1-1,1,119,1,1,1
mn-1-119-1-1-2,mn-119-1-1-2,1,119,1,1,2
mn-1-119-1-1-3,mn-119-1-1-3,1,119,1,1,3
mn-1-119-1-1-4,mn-119-1-1-4,1,119,1,1,4
mn-1-119-5-2-1,mn-119-5-2-1,1,119,5,2,1
mn-1-119-6-2-1,mn-119-6-2-1,1,119,6,2,1
mn-1-119-6-2-2,mn-119-6-2-2,1,119,6,2,2
mn-1-119-6-2-3,mn-119-6-2-3,1,119,6,2,3
mn-1-119-6-2-4,mn-119-6-2-4,1,119,6,2,4
mn-1-120-1-1-1,mn-120-1-1-1,1,120,1,1,1
mn-1-120-1-1-2,mn-120-1-1-2,1,120,1,1,2
mn-1-120-1-1-3,mn-120-1-1-3,1,120,1,1,3
mn-1-120-1-1-4,mn-120-1-1-4,1,120,1,1,4
mn-1-120-1-1-5,mn-120-1-1-5,1,120,1,1,5
mn-1-120-1-1-6,mn-120-1-1-6,1,120,1,1,6
mn-1-120-5-2-1,mn-120-5-2-1,1,120,5,2,1
mn-1-120-6-2-1,mn-120-6-2-1,1,120,6,2,1
mn-1-120-6-2-2,mn-120-6-2-2,1,120,6,2,2
mn-1-120-6-2-3,mn-120-6-2-3,1,120,6,2,3
mn-1-121-1-1-1,mn-121-1-1-1,1,121,1,1,1
mn-1-121-1-1-2,mn-121-1-1-2,1,121,1,1,2
mn-1-121-1-1-3,mn-121-1-1-3,1,121,1,1,3
mn-1-121-1-1-4,mn-121-1-1-4,1,121,1,1,4
mn-1-121-5-2-1,mn-121-5-2-1,1,121,5,2,1
mn-1-121-6-2-1,mn-121-6-2-1,1,121,6,2,1
mn-1-121-6-2-2,mn-121-6-2-2,1,121,6,2,2
mn-1-121-6-2-3,mn-121-6-2-3,1,121,6,2,3
mn-1-121-6-2-4,mn-121-6-2-4,1,121,6,2,4
mn-1-122-1-1-1,mn-122-1-1-1,1,122,1,1,1
mn-1-122-1-1-2,mn-122-1-1-2,1,122,1,1,2
mn-1-122-1-1-3,mn-122-1-1-3,1,122,1,1,3
mn-1-122-1-1-4,mn-122-1-1-4,1,122,1,1,4
mn-1-122-1-1-5,mn-122-1-1-5,1,122,1,1,5
mn-1-122-1-1-6,mn-122-1-1-6,1,122,1,1,6
mn-1-122-5-2-1,mn-122-5-2-1,1,122,5,2,1
mn-1-122-6-2-1,mn-122-6-2-1,1,122,6,2,1
mn-1-122-6-2-2,mn-122-6-2-2,1,122,6,2,2
mn-1-122-6-2-3,mn-122-6-2-3,1,122,6,2,3
mn-1-123-1-1-1,mn-123-1-1-1,1,123,1,1,1
mn-1-123-1-1-2,mn-123-1-1-2,1,123,1,1,2
mn-1-123-1-1-3,mn-123-1-1-3,1,123,1,1,3
mn-1-123-1-1-4,mn-123-1-1-4,1,123,1,1,4
mn-1-123-5-2-1,mn-123-5-2-1,1,123,5,2,1
mn-1-123-6-2-1,mn-123-6-2-1,1,123,6,2,1
mn-1-123-6-2-2,mn-123-6-2-2,1,123,6,2,2
mn-1-123-6-2-3,mn-123-6-2-3,1,123,6,2,3
mn-1-123-6-2-4,mn-123-6-2-4,1,123,6,2,4
mn-1-124-1-1-1,mn-124-1-1-1,1,124,1,1,1
mn-1-124-1-1-2,mn-124-1-1-2,1,124,1,1,2
mn-1-124-1-1-3,mn-124-1-1-3,1,124,1,1,3
mn-1-124-1-1-4,mn-124-1-1-4,1,124,1,1,4
mn-1-124-1-1-5,mn-124-1-1-5,1,124,1,1,5
mn-1-124-1-1-6,mn-124-1-1-6,1,124,1,1,6
mn-1-124-5-2-1,mn-124-5-2-1,1,124,5,2,1
mn-1-124-6-2-1,mn-124-6-2-1,1,124,6,2,1
mn-1-124-6-2-2,mn-124-6-2-2,1,124,6,2,2
mn-1-124-6-2-3,mn-124-6-2-3,1,124,6,2,3
mn-1-125-1-1-1,mn-125-1-1-1,1,125,1,1,1
mn-1-125-1-1-2,mn-125-1-1-2,1,125,1,1,2
mn-1-125-1-1-3,mn-125-1-1-3,1,125,1,1,3
mn-1-125-1-1-4,mn-125-1-1-4,1,125,1,1,4
mn-1-125-5-2-1,mn-125-5-2-1,1,125,5,2,1
mn-1-125-6-2-1,mn-125-6-2-1,1,125,6,2,1
mn-1-125-6-2-2,mn-125-6-2-2,1,125,6,2,2
mn-1-125-6-2-3,mn-125-6-2-3,1,125,6,2,3
mn-1-125-6-2-4,mn-125-6-2-4,1,125,6,2,4
mn-1-126-1-1-1,mn-126-1-1-1,1,126,1,1,1
mn-1-126-1-1-2,mn-126-1-1-2,1,126,1,1,2
mn-1-126-1-1-3,mn-126-1-1-3,1,126,1,1,3
mn-1-126-1-1-4,mn-126-1-1-4,1,126,1,1,4
mn-1-126-1-1-5,mn-126-1-1-5,1,126,1,1,5
mn-1-126-1-1-6,mn-126-1-1-6,1,126,1,1,6
mn-1-126-5-2-1,mn-126-5-2-1,1,126,5,2,1
mn-1-126-6-2-1,mn-126-6-2-1,1,126,6,2,1
mn-1-126-6-2-2,mn-126-6-2-2,1,126,6,2,2
mn-1-126-6-2-3,mn-126-6-2-3,1,126,6,2,3
mn-1-127-1-1-1,mn-127-1-1-1,1,127,1,1,1
mn-1-127-1-1-2,mn-127-1-1-2,1,127,1,1,2
mn-1-127-1-1-3,mn-127-1-1-3,1,127,1,1,3
mn-1-127-1-1-4,mn-127-1-1-4,1,127,1,1,4
mn-1-127-1-1-5,mn-127-1-1-5,1,127,1,1,5
mn-1-127-1-1-6,mn-127-1-1-6,1,127,1,1,6
mn-1-127-5-2-1,mn-127-5-2-1,1,127,5,2,1
mn-1-127-6-2-1,mn-127-6-2-1,1,127,6,2,1
mn-1-128-1-1-1,mn-128-1-1-1,1,128,1,1,1
mn-1-128-1-2-1,mn-128-1-2-1,1,128,1,2,1
mn-1-128-1-2-2,mn-128-1-2-2,1,128,1,2,2
mn-1-128-1-2-3,mn-128-1-2-3,1,128,1,2,3
mn-1-128-1-2-4,mn-128-1-2-4,1,128,1,2,4
mn-1-128-1-2-5,mn-128-1-2-5,1,128,1,2,5
mn-1-128-5-2-1,mn-128-5-2-1,1,128,5,2,1
mn-1-128-6-2-1,mn-128-6-2-1,1,128,6,2,1
mn-1-129-1-1-1,mn-129-1-1-1,1,129,1,1,1
mn-1-129-5-2-1,mn-129-5-2-1,1,129,5,2,1
mn-1-129-6-2-1,mn-129-6-2-1,1,129,6,2,1
mn-1-129-6-2-2,mn-129-6-2-2,1,129,6,2,2
mn-1-129-6-2-3,mn-129-6-2-3,1,129,6,2,3
mn-1-129-6-2-4,mn-129-6-2-4,1,129,6,2,4
mn-1-130-1-1-1,mn-130-1-1-1,1,130,1,1,1
mn-1-130-1-1-2,mn-130-1-1-2,1,130,1,1,2
mn-1-130-5-2-1,mn-130-5-2-1,1,130,5,2,1
mn-1-130-6-2-1,mn-130-6-2-1,1,130,6,2,1
mn-1-130-6-2-2,mn-130-6-2-2,1,130,6,2,2
mn-1-131-1-1-1,mn-131-1-1-1,1,131,1,1,1
mn-1-131-5-2-1,mn-131-5-2-1,1,131,5,2,1
mn-1-132-1-1-1,mn-132-1-1-1,1,132,1,1,1
mn-1-132-1-1-2,mn-132-1-1-2,1,132,1,1,2
mn-1-132-5-2-1,mn-132-5-2-1,1,132,5,2,1
mn-1-132-5-2-2,mn-132-5-2-2,1,132,5,2,2
mn-1-133-1-1-1,mn-133-1-1-1,1,133,1,1,1
mn-1-133-1-1-2,mn-133-1-1-2,1,133,1,1,2
mn-1-133-1-1-3,mn-133-1-1-3,1,133,1,1,3
mn-1-133-1-1-4,mn-133-1-1-4,1,133,1,1,4
mn-1-133-1-1-5,mn-133-1-1-5,1,133,1,1,5
mn-1-133-5-2-1,mn-133-5-2-1,1,133,5,2,1
mn-1-133-6-2-1,mn-133-6-2-1,1,133,6,2,1
mn-1-133-6-2-2,mn-133-6-2-2,1,133,6,2,2
mn-1-133-6-2-3,mn-133-6-2-3,1,133,6,2,3
mn-1-133-6-2-4,mn-133-6-2-4,1,133,6,2,4
mn-1-133-6-2-5,mn-133-6-2-5,1,133,6,2,5
mn-1-134-1-1-1,mn-134-1-1-1,1,134,1,1,1
mn-1-134-1-1-2,mn-134-1-1-2,1,134,1,1,2
mn-1-134-1-1-3,mn-134-1-1-3,1,134,1,1,3
mn-1-134-1-1-4,mn-134-1-1-4,1,134,1,1,4
mn-1-134-1-1-5,mn-134-1-1-5,1,134,1,1,5
mn-1-134-5-2-1,mn-134-5-2-1,1,134,5,2,1
mn-1-134-6-2-1,mn-134-6-2-1,1,134,6,2,1
mn-1-134-6-2-2,mn-134-6-2-2,1,134,6,2,2
mn-1-134-6-2-3,mn-134-6-2-3,1,134,6,2,3
mn-1-134-6-2-4,mn-134-6-2-4,1,134,6,2,4
mn-1-134-6-2-5,mn-134-6-2-5,1,134,6,2,5
mn-1-135-1-1-1,mn-135-1-1-1,1,135,1,1,1
mn-1-135-1-1-2,mn-135-1-1-2,1,135,1,1,2
mn-1-135-1-1-3,mn-135-1-1-3,1,135,1,1,3
mn-1-135-5-2-1,mn-135-5-2-1,1,135,5,2,1
mn-1-135-6-2-1,mn-135-6-2-1,1,135,6,2,1
mn-1-135-6-2-2,mn-135-6-2-2,1,135,6,2,2
mn-1-135-6-2-3,mn-135-6-2-3,1,135,6,2,3
mn-1-136-1-1-1,mn-136-1-1-1,1,136,1,1,1
mn-1-136-5-2-1,mn-136-5-2-1,1,136,5,2,1
mn-1-136-6-2-1,mn-136-6-2-1,1,136,6,2,1
mn-1-137-1-1-1,mn-137-1-1-1,1,137,1,1,1
mn-1-137-1-1-2,mn-137-1-1-2,1,137,1,1,2
mn-1-137-1-1-3,mn-137-1-1-3,1,137,1,1,3
mn-1-137-5-2-1,mn-137-5-2-1,1,137,5,2,1
mn-1-137-6-2-1,mn-137-6-2-1,1,137,6,2,1
mn-1-137-6-2-2,mn-137-6-2-2,1,137,6,2,2
mn-1-137-6-2-3,mn-137-6-2-3,1,137,6,2,3
mn-1-137-6-2-4,mn-137-6-2-4,1,137,6,2,4
mn-1-138-1-1-1,mn-138-1-1-1,1,138,1,1,1
mn-1-138-1-1-2,mn-138-1-1-2,1,138,1,1,2
mn-1-138-1-1-3,mn-138-1-1-3,1,138,1,1,3
mn-1-138-5-2-1,mn-138-5-2-1,1,138,5,2,1
mn-1-138-6-2-1,mn-138-6-2-1,1,138,6,2,1
mn-1-138-6-2-2,mn-138-6-2-2,1,138,6,2,2
mn-1-138-6-2-3,mn-138-6-2-3,1,138,6,2,3
mn-1-138-6-2-4,mn-138-6-2-4,1,138,6,2,4
mn-1-138-6-2-5,mn-138-6-2-5,1,138,6,2,5
mn-1-139-1-1-1,mn-139-1-1-1,1,139,1,1,1
mn-1-139-1-1-2,mn-139-1-1-2,1,139,1,1,2
mn-1-139-1-1-3,mn-139-1-1-3,1,139,1,1,3
mn-1-139-5-2-1,mn-139-5-2-1,1,139,5,2,1
mn-1-139-6-2-1,mn-139-6-2-1,1,139,6,2,1
mn-1-139-6-2-2,mn-139-6-2-2,1,139,6,2,2
mn-1-139-6-2-3,mn-139-6-2-3,1,139,6,2,3
mn-1-139-6-2-4,mn-139-6-2-4,1,139,6,2,4
mn-1-139-6-2-5,mn-139-6-2-5,1,139,6,2,5
mn-1-140-1-1-1,mn-140-1-1-1,1,140,1,1,1
mn-1-140-1-1-2,mn-140-1-1-2,1,140,1,1,2
mn-1-140-1-1-3,mn-140-1-1-3,1,140,1,1,3
mn-1-140-1-1-4,mn-140-1-1-4,1,140,1,1,4
mn-1-140-1-1-5,mn-140-1-1-5,1,140,1,1,5
mn-1-140-1-1-6,mn-140-1-1-6,1,140,1,1,6
mn-1-140-1-1-7,mn-140-1-1-7,1,140,1,1,7
mn-1-140-1-1-8,mn-140-1-1-8,1,140,1,1,8
mn-1-140-1-1-9,mn-140-1-1-9,1,140,1,1,9
mn-1-140-5-2-1,mn-140-5-2-1,1,140,5,2,1
mn-1-140-6-2-1,mn-140-6-2-1,1,140,6,2,1
mn-1-140-6-2-2,mn-140-6-2-2,1,140,6,2,2
mn-1-140-6-2-3,mn-140-6-2-3,1,140,6,2,3
mn-1-140-6-2-4,mn-140-6-2-4,1,140,6,2,4
mn-1-140-6-2-5,mn-140-6-2-5,1,140,6,2,5
mn-1-140-6-2-6,mn-140-6-2-6,1,140,6,2,6
mn-1-140-6-2-7,mn-140-6-2-7,1,140,6,2,7
mn-1-140-6-2-8,mn-140-6-2-8,1,140,6,2,8
mn-1-140-6-2-9,mn-140-6-2-9,1,140,6,2,9
mn-1-140-6-2-10,mn-140-6-2-10,1,140,6,2,10
mn-1-140-6-2-11,mn-140-6-2-11,1,140,6,2,11
mn-1-140-6-2-12,mn-140-6-2-12,1,140,6,2,12
mn-1-140-6-2-13,mn-140-6-2-13,1,140,6,2,13
mn-1-140-6-2-14,mn-140-6-2-14,1,140,6,2,14
mn-1-140-6-2-15,mn-140-6-2-15,1,140,6,2,15
mn-1-141-1-1-1,mn-141-1-1-1,1,141,1,1,1
mn-1-141-1-1-2,mn-141-1-1-2,1,141,1,1,2
mn-1-141-1-1-3,mn-141-1-1-3,1,141,1,1,3
mn-1-141-1-1-4,mn-141-1-1-4,1,141,1,1,4
mn-1-141-1-1-5,mn-141-1-1-5,1,141,1,1,5
mn-1-141-1-1-6,mn-141-1-1-6,1,141,1,1,6
mn-1-141-1-1-7,mn-141-1-1-7,1,141,1,1,7
mn-1-141-5-2-1,mn-141-5-2-1,1,141,5,2,1
mn-1-141-6-2-1,mn-141-6-2-1,1,141,6,2,1
mn-1-141-6-2-2,mn-141-6-2-2,1,141,6,2,2
mn-1-141-6-2-3,mn-141-6-2-3,1,141,6,2,3
mn-1-141-6-2-4,mn-141-6-2-4,1,141,6,2,4
mn-1-141-6-2-5,mn-141-6-2-5,1,141,6,2,5
mn-1-141-6-2-6,mn-141-6-2-6,1,141,6,2,6
mn-1-141-6-2-7,mn-141-6-2-7,1,141,6,2,7
mn-1-141-6-2-8,mn-141-6-2-8,1,141,6,2,8
mn-1-142-1-1-1,mn-142-1-1-1,1,142,1,1,1
mn-1-142-1-1-2,mn-142-1-1-2,1,142,1,1,2
mn-1-142-1-1-3,mn-142-1-1-3,1,142,1,1,3
mn-1-142-1-1-4,mn-142-1-1-4,1,142,1,1,4
mn-1-142-1-1-5,mn-142-1-1-5,1,142,1,1,5
mn-1-142-5-2-1,mn-142-5-2-1,1,142,5,2,1
mn-1-142-6-2-1,mn-142-6-2-1,1,142,6,2,1
mn-1-142-6-2-2,mn-142-6-2-2,1,142,6,2,2
mn-1-142-6-2-3,mn-142-6-2-3,1,142,6,2,3
mn-1-142-6-2-4,mn-142-6-2-4,1,142,6,2,4
mn-1-142-6-2-5,mn-142-6-2-5,1,142,6,2,5
mn-1-143-1-1-1,mn-143-1-1-1,1,143,1,1,1
mn-1-143-1-1-2,mn-143-1-1-2,1,143,1,1,2
mn-1-143-1-1-3,mn-143-1-1-3,1,143,1,1,3
mn-1-143-5-2-1,mn-143-5-2-1,1,143,5,2,1
mn-1-143-6-2-1,mn-143-6-2-1,1,143,6,2,1
mn-1-143-6-2-2,mn-143-6-2-2,1,143,6,2,2
mn-1-143-6-2-3,mn-143-6-2-3,1,143,6,2,3
mn-1-144-1-1-1,mn-144-1-1-1,1,144,1,1,1
mn-1-144-5-2-1,mn-144-5-2-1,1,144,5,2,1
mn-1-144-6-2-1,mn-144-6-2-1,1,144,6,2,1
mn-1-145-1-1-1,mn-145-1-1-1,1,145,1,1,1
mn-1-145-1-1-2,mn-145-1-1-2,1,145,1,1,2
mn-1-145-1-1-3,mn-145-1-1-3,1,145,1,1,3
mn-1-145-5-2-1,mn-145-5-2-1,1,145,5,2,1
mn-1-145-6-2-1,mn-145-6-2-1,1,145,6,2,1
mn-1-145-6-2-2,mn-145-6-2-2,1,145,6,2,2
mn-1-145-6-2-3,mn-145-6-2-3,1,145,6,2,3
mn-1-145-6-2-4,mn-145-6-2-4,1,145,6,2,4
mn-1-146-1-1-1,mn-146-1-1-1,1,146,1,1,1
mn-1-146-1-1-2,mn-146-1-1-2,1,146,1,1,2
mn-1-146-1-1-3,mn-146-1-1-3,1,146,1,1,3
mn-1-146-5-2-1,mn-146-5-2-1,1,146,5,2,1
mn-1-146-6-2-1,mn-146-6-2-1,1,146,6,2,1
mn-1-146-6-2-2,mn-146-6-2-2,1,146,6,2,2
mn-1-146-6-2-3,mn-146-6-2-3,1,146,6,2,3
mn-1-147-1-1-1,mn-147-1-1-1,1,147,1,1,1
mn-1-147-1-1-2,mn-147-1-1-2,1,147,1,1,2
mn-1-147-1-1-3,mn-147-1-1-3,1,147,1,1,3
mn-1-147-5-2-1,mn-147-5-2-1,1,147,5,2,1
mn-1-147-6-2-1,mn-147-6-2-1,1,147,6,2,1
mn-1-147-6-2-2,mn-147-6-2-2,1,147,6,2,2
mn-1-147-6-2-3,mn-147-6-2-3,1,147,6,2,3
mn-1-148-1-1-1,mn-148-1-1-1,1,148,1,1,1
mn-1-148-1-1-2,mn-148-1-1-2,1,148,1,1,2
mn-1-148-1-1-3,mn-148-1-1-3,1,148,1,1,3
mn-1-148-1-1-4,mn-148-1-1-4,1,148,1,1,4
mn-1-148-1-1-5,mn-148-1-1-5,1,148,1,1,5
mn-1-148-1-1-6,mn-148-1-1-6,1,148,1,1,6
mn-1-148-1-1-7,mn-148-1-1-7,1,148,1,1,7
mn-1-148-1-1-8,mn-148-1-1-8,1,148,1,1,8
mn-1-148-1-1-9,mn-148-1-1-9,1,148,1,1,9
mn-1-148-1-1-10,mn-148-1-1-10,1,148,1,1,10
mn-1-148-1-1-11,mn-148-1-1-11,1,148,1,1,11
mn-1-148-1-1-12,mn-148-1-1-12,1,148,1,1,12
mn-1-148-1-1-13,mn-148-1-1-13,1,148,1,1,13
mn-1-148-1-1-14,mn-148-1-1-14,1,148,1,1,14
mn-1-148-1-1-15,mn-148-1-1-15,1,148,1,1,15
mn-1-148-5-2-1,mn-148-5-2-1,1,148,5,2,1
mn-1-148-6-2-1,mn-148-6-2-1,1,148,6,2,1
mn-1-148-6-2-2,mn-148-6-2-2,1,148,6,2,2
mn-1-148-6-2-3,mn-148-6-2-3,1,148,6,2,3
mn-1-148-6-2-4,mn-148-6-2-4,1,148,6,2,4
mn-1-148-6-2-5,mn-148-6-2-5,1,148,6,2,5
mn-1-148-6-2-6,mn-148-6-2-6,1,148,6,2,6
mn-1-148-6-2-7,mn-148-6-2-7,1,148,6,2,7
mn-1-148-6-2-8,mn-148-6-2-8,1,148,6,2,8
mn-1-148-6-2-9,mn-148-6-2-9,1,148,6,2,9
mn-1-148-6-2-10,mn-148-6-2-10,1,148,6,2,10
mn-1-148-6-2-11,mn-148-6-2-11,1,148,6,2,11
mn-1-148-6-2-12,mn-148-6-2-12,1,148,6,2,12
mn-1-148-6-2-13,mn-148-6-2-13,1,148,6,2,13
mn-1-148-6-2-14,mn-148-6-2-14,1,148,6,2,14
mn-1-148-6-2-15,mn-148-6-2-15,1,148,6,2,15
mn-1-148-6-2-16,mn-148-6-2-16,1,148,6,2,16
mn-1-148-6-2-17,mn-148-6-2-17,1,148,6,2,17
mn-1-148-6-2-18,mn-148-6-2-18,1,148,6,2,18
mn-1-148-6-2-19,mn-148-6-2-19,1,148,6,2,19
mn-1-148-6-2-20,mn-148-6-2-20,1,148,6,2,20
mn-1-149-1-1-1,mn-149-1-1-1,1,149,1,1,1
mn-1-149-1-1-2,mn-149-1-1-2,1,149,1,1,2
mn-1-149-1-1-3,mn-149-1-1-3,1,149,1,1,3
mn-1-149-1-1-4,mn-149-1-1-4,1,149,1,1,4
mn-1-149-1-1-5,mn-149-1-1-5,1,149,1,1,5
mn-1-149-5-2-1,mn-149-5-2-1,1,149,5,2,1
mn-1-149-6-2-1,mn-149-6-2-1,1,149,6,2,1
mn-1-149-6-2-2,mn-149-6-2-2,1,149,6,2,2
mn-1-149-6-2-3,mn-149-6-2-3,1,149,6,2,3
mn-1-149-6-2-4,mn-149-6-2-4,1,149,6,2,4
mn-1-149-6-2-5,mn-149-6-2-5,1,149,6,2,5
mn-1-150-1-1-1,mn-150-1-1-1,1,150,1,1,1
mn-1-150-1-1-2,mn-150-1-1-2,1,150,1,1,2
mn-1-150-1-1-3,mn-150-1-1-3,1,150,1,1,3
mn-1-150-5-2-1,mn-150-5-2-1,1,150,5,2,1
mn-1-150-6-2-1,mn-150-6-2-1,1,150,6,2,1
mn-1-150-6-2-2,mn-150-6-2-2,1,150,6,2,2
mn-1-150-6-2-3,mn-150-6-2-3,1,150,6,2,3
mn-1-150-6-2-4,mn-150-6-2-4,1,150,6,2,4
mn-1-151-1-1-1,mn-151-1-1-1,1,151,1,1,1
mn-1-151-1-1-2,mn-151-1-1-2,1,151,1,1,2
mn-1-151-1-1-3,mn-151-1-1-3,1,151,1,1,3
mn-1-151-5-2-1,mn-151-5-2-1,1,151,5,2,1
mn-1-151-6-2-1,mn-151-6-2-1,1,151,6,2,1
mn-1-151-6-2-2,mn-151-6-2-2,1,151,6,2,2
mn-1-151-6-2-3,mn-151-6-2-3,1,151,6,2,3
mn-1-151-6-2-4,mn-151-6-2-4,1,151,6,2,4
mn-1-152-1-1-1,mn-152-1-1-1,1,152,1,1,1
mn-1-152-5-2-1,mn-152-5-2-1,1,152,5,2,1
mn-1-152-6-2-1,mn-152-6-2-1,1,152,6,2,1
mn-1-152-6-2-2,mn-152-6-2-2,1,152,6,2,2
mn-1-153-1-1-1,mn-153-1-1-1,1,153,1,1,1
mn-1-153-5-2-1,mn-153-5-2-1,1,153,5,2,1
mn-1-153-6-2-1,mn-153-6-2-1,1,153,6,2,1
mn-1-153-6-2-2,mn-153-6-2-2,1,153,6,2,2
mn-1-154-1-1-1,mn-154-1-1-1,1,154,1,1,1
mn-1-154-5-2-1,mn-154-5-2-1,1,154,5,2,1
mn-1-154-6-2-1,mn-154-6-2-1,1,154,6,2,1
mn-1-154-6-2-2,mn-154-6-2-2,1,154,6,2,2
mn-1-154-6-2-3,mn-154-6-2-3,1,154,6,2,3
mn-1-154-6-2-4,mn-154-6-2-4,1,154,6,2,4
mn-1-154-6-2-5,mn-154-6-2-5,1,154,6,2,5
mn-1-155-1-1-1,mn-155-1-1-1,1,155,1,1,1
mn-1-155-5-2-1,mn-155-5-2-1,1,155,5,2,1
mn-1-156-1-1-1,mn-156-1-1-1,1,156,1,1,1
mn-1-156-1-1-2,mn-156-1-1-2,1,156,1,1,2
mn-1-156-5-2-1,mn-156-5-2-1,1,156,5,2,1
mn-1-156-5-2-2,mn-156-5-2-2,1,156,5,2,2
mn-1-157-1-1-1,mn-157-1-1-1,1,157,1,1,1
mn-1-157-1-1-2,mn-157-1-1-2,1,157,1,1,2
mn-1-157-1-1-3,mn-157-1-1-3,1,157,1,1,3
mn-1-157-1-1-4,mn-157-1-1-4,1,157,1,1,4
mn-1-157-1-1-5,mn-157-1-1-5,1,157,1,1,5
mn-1-157-5-2-1,mn-157-5-2-1,1,157,5,2,1
mn-1-157-6-2-1,mn-157-6-2-1,1,157,6,2,1
mn-1-157-6-2-2,mn-157-6-2-2,1,157,6,2,2
mn-1-157-6-2-3,mn-157-6-2-3,1,157,6,2,3
mn-1-157-6-2-4,mn-157-6-2-4,1,157,6,2,4
mn-1-157-6-2-5,mn-157-6-2-5,1,157,6,2,5
mn-1-158-1-1-1,mn-158-1-1-1,1,158,1,1,1
mn-1-158-1-1-2,mn-158-1-1-2,1,158,1,1,2
mn-1-158-1-1-3,mn-158-1-1-3,1,158,1,1,3
mn-1-158-1-1-4,mn-158-1-1-4,1,158,1,1,4
mn-1-158-1-1-5,mn-158-1-1-5,1,158,1,1,5
mn-1-158-5-2-1,mn-158-5-2-1,1,158,5,2,1
mn-1-158-6-2-1,mn-158-6-2-1,1,158,6,2,1
mn-1-158-6-2-2,mn-158-6-2-2,1,158,6,2,2
mn-1-158-6-2-3,mn-158-6-2-3,1,158,6,2,3
mn-1-158-6-2-4,mn-158-6-2-4,1,158,6,2,4
mn-1-158-6-2-5,mn-158-6-2-5,1,158,6,2,5
mn-1-159-1-1-1,mn-159-1-1-1,1,159,1,1,1
mn-1-159-1-1-2,mn-159-1-1-2,1,159,1,1,2
mn-1-159-1-1-3,mn-159-1-1-3,1,159,1,1,3
mn-1-159-5-2-1,mn-159-5-2-1,1,159,5,2,1
mn-1-159-6-2-1,mn-159-6-2-1,1,159,6,2,1
mn-1-159-6-2-2,mn-159-6-2-2,1,159,6,2,2
mn-1-159-6-2-3,mn-159-6-2-3,1,159,6,2,3
mn-1-160-1-1-1,mn-160-1-1-1,1,160,1,1,1
mn-1-160-5-2-1,mn-160-5-2-1,1,160,5,2,1
mn-1-160-6-2-1,mn-160-6-2-1,1,160,6,2,1
mn-1-161-1-1-1,mn-161-1-1-1,1,161,1,1,1
mn-1-161-1-1-2,mn-161-1-1-2,1,161,1,1,2
mn-1-161-1-1-3,mn-161-1-1-3,1,161,1,1,3
mn-1-161-5-2-1,mn-161-5-2-1,1,161,5,2,1
mn-1-161-6-2-1,mn-161-6-2-1,1,161,6,2,1
mn-1-161-6-2-2,mn-161-6-2-2,1,161,6,2,2
mn-1-161-6-2-3,mn-161-6-2-3,1,161,6,2,3
mn-1-161-6-2-4,mn-161-6-2-4,1,161,6,2,4
mn-1-162-1-1-1,mn-162-1-1-1,1,162,1,1,1
mn-1-162-1-1-2,mn-162-1-1-2,1,162,1,1,2
mn-1-162-1-1-3,mn-162-1-1-3,1,162,1,1,3
mn-1-162-5-2-1,mn-162-5-2-1,1,162,5,2,1
mn-1-162-6-2-1,mn-162-6-2-1,1,162,6,2,1
mn-1-162-6-2-2,mn-162-6-2-2,1,162,6,2,2
mn-1-162-6-2-3,mn-162-6-2-3,1,162,6,2,3
mn-1-162-6-2-4,mn-162-6-2-4,1,162,6,2,4
mn-1-162-6-2-5,mn-162-6-2-5,1,162,6,2,5
mn-1-163-1-1-1,mn-163-1-1-1,1,163,1,1,1
mn-1-163-1-1-2,mn-163-1-1-2,1,163,1,1,2
mn-1-163-1-1-3,mn-163-1-1-3,1,163,1,1,3
mn-1-163-1-1-4,mn-163-1-1-4,1,163,1,1,4
mn-1-163-1-1-5,mn-163-1-1-5,1,163,1,1,5
mn-1-163-1-1-6,mn-163-1-1-6,1,163,1,1,6
mn-1-163-1-1-7,mn-163-1-1-7,1,163,1,1,7
mn-1-163-1-1-8,mn-163-1-1-8,1,163,1,1,8
mn-1-163-1-1-9,mn-163-1-1-9,1,163,1,1,9
mn-1-163-5-2-1,mn-163-5-2-1,1,163,5,2,1
mn-1-163-6-2-1,mn-163-6-2-1,1,163,6,2,1
mn-1-163-6-2-2,mn-163-6-2-2,1,163,6,2,2
mn-1-163-6-2-3,mn-163-6-2-3,1,163,6,2,3
mn-1-163-6-2-4,mn-163-6-2-4,1,163,6,2,4
mn-1-163-6-2-5,mn-163-6-2-5,1,163,6,2,5
mn-1-163-6-2-6,mn-163-6-2-6,1,163,6,2,6
mn-1-163-6-2-7,mn-163-6-2-7,1,163,6,2,7
mn-1-163-6-2-8,mn-163-6-2-8,1,163,6,2,8
mn-1-163-6-2-9,mn-163-6-2-9,1,163,6,2,9
mn-1-163-6-2-10,mn-163-6-2-10,1,163,6,2,10
mn-1-163-6-2-11,mn-163-6-2-11,1,163,6,2,11
mn-1-163-6-2-12,mn-163-6-2-12,1,163,6,2,12
mn-1-163-6-2-13,mn-163-6-2-13,1,163,6,2,13
mn-1-163-6-2-14,mn-163-6-2-14,1,163,6,2,14
mn-1-163-6-2-15,mn-163-6-2-15,1,163,6,2,15
mn-1-164-1-1-1,mn-164-1-1-1,1,164,1,1,1
mn-1-164-1-1-2,mn-164-1-1-2,1,164,1,1,2
mn-1-164-1-1-3,mn-164-1-1-3,1,164,1,1,3
mn-1-164-1-1-4,mn-164-1-1-4,1,164,1,1,4
mn-1-164-1-1-5,mn-164-1-1-5,1,164,1,1,5
mn-1-164-1-1-6,mn-164-1-1-6,1,164,1,1,6
mn-1-164-1-1-7,mn-164-1-1-7,1,164,1,1,7
mn-1-164-1-1-8,mn-164-1-1-8,1,164,1,1,8
mn-1-164-1-1-9,mn-164-1-1-9,1,164,1,1,9
mn-1-164-5-2-1,mn-164-5-2-1,1,164,5,2,1
mn-1-164-6-2-1,mn-164-6-2-1,1,164,6,2,1
mn-1-164-6-2-2,mn-164-6-2-2,1,164,6,2,2
mn-1-164-6-2-3,mn-164-6-2-3,1,164,6,2,3
mn-1-164-6-2-4,mn-164-6-2-4,1,164,6,2,4
mn-1-164-6-2-5,mn-164-6-2-5,1,164,6,2,5
mn-1-164-6-2-6,mn-164-6-2-6,1,164,6,2,6
mn-1-164-6-2-7,mn-164-6-2-7,1,164,6,2,7
mn-1-164-6-2-8,mn-164-6-2-8,1,164,6,2,8
mn-1-164-6-2-9,mn-164-6-2-9,1,164,6,2,9
mn-1-164-6-2-10,mn-164-6-2-10,1,164,6,2,10
mn-1-164-6-2-11,mn-164-6-2-11,1,164,6,2,11
mn-1-164-6-2-12,mn-164-6-2-12,1,164,6,2,12
mn-1-164-6-2-13,mn-164-6-2-13,1,164,6,2,13
mn-1-164-6-2-14,mn-164-6-2-14,1,164,6,2,14
mn-1-164-6-2-15,mn-164-6-2-15,1,164,6,2,15
mn-1-165-1-1-1,mn-165-1-1-1,1,165,1,1,1
mn-1-165-1-1-2,mn-165-1-1-2,1,165,1,1,2
mn-1-165-1-1-3,mn-165-1-1-3,1,165,1,1,3
mn-1-165-1-1-4,mn-165-1-1-4,1,165,1,1,4
mn-1-165-1-1-5,mn-165-1-1-5,1,165,1,1,5
mn-1-165-1-1-6,mn-165-1-1-6,1,165,1,1,6
mn-1-165-1-1-7,mn-165-1-1-7,1,165,1,1,7
mn-1-165-5-2-1,mn-165-5-2-1,1,165,5,2,1
mn-1-165-6-2-1,mn-165-6-2-1,1,165,6,2,1
mn-1-165-6-2-2,mn-165-6-2-2,1,165,6,2,2
mn-1-165-6-2-3,mn-165-6-2-3,1,165,6,2,3
mn-1-165-6-2-4,mn-165-6-2-4,1,165,6,2,4
mn-1-165-6-2-5,mn-165-6-2-5,1,165,6,2,5
mn-1-165-6-2-6,mn-165-6-2-6,1,165,6,2,6
mn-1-165-6-2-7,mn-165-6-2-7,1,165,6,2,7
mn-1-165-6-2-8,mn-165-6-2-8,1,165,6,2,8
mn-1-166-1-1-1,mn-166-1-1-1,1,166,1,1,1
mn-1-166-1-1-2,mn-166-1-1-2,1,166,1,1,2
mn-1-166-1-1-3,mn-166-1-1-3,1,166,1,1,3
mn-1-166-1-1-4,mn-166-1-1-4,1,166,1,1,4
mn-1-166-1-1-5,mn-166-1-1-5,1,166,1,1,5
mn-1-166-5-2-1,mn-166-5-2-1,1,166,5,2,1
mn-1-166-6-2-1,mn-166-6-2-1,1,166,6,2,1
mn-1-166-6-2-2,mn-166-6-2-2,1,166,6,2,2
mn-1-166-6-2-3,mn-166-6-2-3,1,166,6,2,3
mn-1-166-6-2-4,mn-166-6-2-4,1,166,6,2,4
mn-1-166-6-2-5,mn-166-6-2-5,1,166,6,2,5
mn-1-167-1-1-1,mn-167-1-1-1,1,167,1,1,1
mn-1-167-1-1-2,mn-167-1-1-2,1,167,1,1,2
mn-1-167-1-1-3,mn-167-1-1-3,1,167,1,1,3
mn-1-167-5-2-1,mn-167-5-2-1,1,167,5,2,1
mn-1-167-6-2-1,mn-167-6-2-1,1,167,6,2,1
mn-1-167-6-2-2,mn-167-6-2-2,1,167,6,2,2
mn-1-167-6-2-3,mn-167-6-2-3,1,167,6,2,3
mn-1-168-1-1-1,mn-168-1-1-1,1,168,1,1,1
mn-1-168-5-2-1,mn-168-5-2-1,1,168,5,2,1
mn-1-168-6-2-1,mn-168-6-2-1,1,168,6,2,1
mn-1-169-1-1-1,mn-169-1-1-1,1,169,1,1,1
mn-1-169-1-1-2,mn-169-1-1-2,1,169,1,1,2
mn-1-169-1-1-3,mn-169-1-1-3,1,169,1,1,3
mn-1-169-5-2-1,mn-169-5-2-1,1,169,5,2,1
mn-1-169-6-2-1,mn-169-6-2-1,1,169,6,2,1
mn-1-169-6-2-2,mn-169-6-2-2,1,169,6,2,2
mn-1-169-6-2-3,mn-169-6-2-3,1,169,6,2,3
mn-1-169-6-2-4,mn-169-6-2-4,1,169,6,2,4
mn-1-170-1-1-1,mn-170-1-1-1,1,170,1,1,1
mn-1-170-1-1-2,mn-170-1-1-2,1,170,1,1,2
mn-1-170-1-1-3,mn-170-1-1-3,1,170,1,1,3
mn-1-170-5-2-1,mn-170-5-2-1,1,170,5,2,1
mn-1-170-6-2-1,mn-170-6-2-1,1,170,6,2,1
mn-1-170-6-2-2,mn-170-6-2-2,1,170,6,2,2
mn-1-170-6-2-3,mn-170-6-2-3,1,170,6,2,3
mn-1-170-6-2-4,mn-170-6-2-4,1,170,6,2,4
mn-1-171-1-1-1,mn-171-1-1-1,1,171,1,1,1
mn-1-171-1-1-2,mn-171-1-1-2,1,171,1,1,2
mn-1-171-1-1-3,mn-171-1-1-3,1,171,1,1,3
mn-1-171-5-2-1,mn-171-5-2-1,1,171,5,2,1
mn-1-171-6-2-1,mn-171-6-2-1,1,171,6,2,1
mn-1-171-6-2-2,mn-171-6-2-2,1,171,6,2,2
mn-1-171-6-2-3,mn-171-6-2-3,1,171,6,2,3
mn-1-171-6-2-4,mn-171-6-2-4,1,171,6,2,4
mn-1-172-1-1-1,mn-172-1-1-1,1,172,1,1,1
mn-1-172-1-1-2,mn-172-1-1-2,1,172,1,1,2
mn-1-172-1-1-3,mn-172-1-1-3,1,172,1,1,3
mn-1-172-1-1-4,mn-172-1-1-4,1,172,1,1,4
mn-1-172-1-1-5,mn-172-1-1-5,1,172,1,1,5
mn-1-172-1-1-6,mn-172-1-1-6,1,172,1,1,6
mn-1-172-1-1-7,mn-172-1-1-7,1,172,1,1,7
mn-1-172-1-1-8,mn-172-1-1-8,1,172,1,1,8
mn-1-172-1-1-9,mn-172-1-1-9,1,172,1,1,9
mn-1-172-1-1-10,mn-172-1-1-10,1,172,1,1,10
mn-1-172-1-1-11,mn-172-1-1-11,1,172,1,1,11
mn-1-172-1-1-12,mn-172-1-1-12,1,172,1,1,12
mn-1-172-5-2-1,mn-172-5-2-1,1,172,5,2,1
mn-1-172-6-2-1,mn-172-6-2-1,1,172,6,2,1
mn-1-172-6-2-2,mn-172-6-2-2,1,172,6,2,2
mn-1-172-6-2-3,mn-172-6-2-3,1,172,6,2,3
mn-1-172-6-2-4,mn-172-6-2-4,1,172,6,2,4
mn-1-172-6-2-5,mn-172-6-2-5,1,172,6,2,5
mn-1-172-6-2-6,mn-172-6-2-6,1,172,6,2,6
mn-1-172-6-2-7,mn-172-6-2-7,1,172,6,2,7
mn-1-172-6-2-8,mn-172-6-2-8,1,172,6,2,8
mn-1-172-6-2-9,mn-172-6-2-9,1,172,6,2,9
mn-1-172-6-2-10,mn-172-6-2-10,1,172,6,2,10
mn-1-172-6-2-11,mn-172-6-2-11,1,172,6,2,11
mn-1-172-6-2-12,mn-172-6-2-12,1,172,6,2,12
mn-1-172-6-2-13,mn-172-6-2-13,1,172,6,2,13
mn-1-172-6-2-14,mn-172-6-2-14,1,172,6,2,14
mn-1-172-6-2-15,mn-172-6-2-15,1,172,6,2,15
mn-1-172-6-2-16,mn-172-6-2-16,1,172,6,2,16
mn-1-173-1-1-1,mn-173-1-1-1,1,173,1,1,1
mn-1-173-1-1-2,mn-173-1-1-2,1,173,1,1,2
mn-1-173-1-1-3,mn-173-1-1-3,1,173,1,1,3
mn-1-173-1-1-4,mn-173-1-1-4,1,173,1,1,4
mn-1-173-1-1-5,mn-173-1-1-5,1,173,1,1,5
mn-1-173-5-2-1,mn-173-5-2-1,1,173,5,2,1
mn-1-173-6-2-1,mn-173-6-2-1,1,173,6,2,1
mn-1-173-6-2-2,mn-173-6-2-2,1,173,6,2,2
mn-1-173-6-2-3,mn-173-6-2-3,1,173,6,2,3
mn-1-173-6-2-4,mn-173-6-2-4,1,173,6,2,4
mn-1-173-6-2-5,mn-173-6-2-5,1,173,6,2,5
mn-1-174-1-1-1,mn-174-1-1-1,1,174,1,1,1
mn-1-174-1-1-2,mn-174-1-1-2,1,174,1,1,2
mn-1-174-1-1-3,mn-174-1-1-3,1,174,1,1,3
mn-1-174-1-1-4,mn-174-1-1-4,1,174,1,1,4
mn-1-174-1-1-5,mn-174-1-1-5,1,174,1,1,5
mn-1-174-5-2-1,mn-174-5-2-1,1,174,5,2,1
mn-1-174-6-2-1,mn-174-6-2-1,1,174,6,2,1
mn-1-174-6-2-2,mn-174-6-2-2,1,174,6,2,2
mn-1-174-6-2-3,mn-174-6-2-3,1,174,6,2,3
mn-1-174-6-2-4,mn-174-6-2-4,1,174,6,2,4
mn-1-175-1-1-1,mn-175-1-1-1,1,175,1,1,1
mn-1-175-1-1-2,mn-175-1-1-2,1,175,1,1,2
mn-1-175-1-1-3,mn-175-1-1-3,1,175,1,1,3
mn-1-175-1-1-4,mn-175-1-1-4,1,175,1,1,4
mn-1-175-1-1-5,mn-175-1-1-5,1,175,1,1,5
mn-1-175-5-2-1,mn-175-5-2-1,1,175,5,2,1
mn-1-175-6-2-1,mn-175-6-2-1,1,175,6,2,1
mn-1-175-6-2-2,mn-175-6-2-2,1,175,6,2,2
mn-1-175-6-2-3,mn-175-6-2-3,1,175,6,2,3
mn-1-175-6-2-4,mn-175-6-2-4,1,175,6,2,4
mn-1-176-1-1-1,mn-176-1-1-1,1,176,1,1,1
mn-1-176-5-2-1,mn-176-5-2-1,1,176,5,2,1
mn-1-176-6-2-1,mn-176-6-2-1,1,176,6,2,1
mn-1-176-6-2-2,mn-176-6-2-2,1,176,6,2,2
mn-1-177-1-1-1,mn-177-1-1-1,1,177,1,1,1
mn-1-177-5-2-1,mn-177-5-2-1,1,177,5,2,1
mn-1-177-6-2-1,mn-177-6-2-1,1,177,6,2,1
mn-1-177-6-2-2,mn-177-6-2-2,1,177,6,2,2
mn-1-178-1-2-1,mn-178-1-2-1,1,178,1,2,1
mn-1-178-5-2-1,mn-178-5-2-1,1,178,5,2,1
mn-1-178-6-2-1,mn-178-6-2-1,1,178,6,2,1
mn-1-179-1-1-1,mn-179-1-1-1,1,179,1,1,1
mn-1-179-1-1-2,mn-179-1-1-2,1,179,1,1,2
mn-1-179-1-2-1,mn-179-1-2-1,1,179,1,2,1
mn-1-179-2-1-1,mn-179-2-1-1,1,179,2,1,1
mn-1-179-2-1-2,mn-179-2-1-2,1,179,2,1,2
mn-1-179-2-1-3,mn-179-2-1-3,1,179,2,1,3
mn-1-179-2-1-4,mn-179-2-1-4,1,179,2,1,4
mn-1-179-2-1-5,mn-179-2-1-5,1,179,2,1,5
mn-1-179-2-1-6,mn-179-2-1-6,1,179,2,1,6
mn-1-179-2-1-7,mn-179-2-1-7,1,179,2,1,7
mn-1-179-2-1-8,mn-179-2-1-8,1,179,2,1,8
mn-1-179-2-1-9,mn-179-2-1-9,1,179,2,1,9
mn-1-179-2-1-10,mn-179-2-1-10,1,179,2,1,10
mn-1-179-2-1-11,mn-179-2-1-11,1,179,2,1,11
mn-1-179-2-1-12,mn-179-2-1-12,1,179,2,1,12
mn-1-179-5-2-1,mn-179-5-2-1,1,179,5,2,1
mn-1-179-6-2-1,mn-179-6-2-1,1,179,6,2,1
mn-1-179-6-2-2,mn-179-6-2-2,1,179,6,2,2
mn-1-179-6-2-3,mn-179-6-2-3,1,179,6,2,3
mn-1-179-7-2-1,mn-179-7-2-1,1,179,7,2,1
mn-1-179-7-2-2,mn-179-7-2-2,1,179,7,2,2
mn-1-179-7-2-3,mn-179-7-2-3,1,179,7,2,3
mn-1-179-7-2-4,mn-179-7-2-4,1,179,7,2,4
mn-1-179-7-2-5,mn-179-7-2-5,1,179,7,2,5
mn-1-179-7-2-6,mn-179-7-2-6,1,179,7,2,6
mn-1-179-7-2-7,mn-179-7-2-7,1,179,7,2,7
mn-1-179-7-2-8,mn-179-7-2-8,1,179,7,2,8
mn-1-179-7-2-9,mn-179-7-2-9,1,179,7,2,9
mn-1-179-7-2-10,mn-179-7-2-10,1,179,7,2,10
mn-1-179-7-2-11,mn-179-7-2-11,1,179,7,2,11
mn-1-179-7-2-12,mn-179-7-2-12,1,179,7,2,12
mn-1-180-1-2-1,mn-180-1-2-1,1,180,1,2,1
mn-1-180-2-1-1,mn-180-2-1-1,1,180,2,1,1
mn-1-180-2-1-2,mn-180-2-1-2,1,180,2,1,2
mn-1-180-2-1-3,mn-180-2-1-3,1,180,2,1,3
mn-1-180-2-1-4,mn-180-2-1-4,1,180,2,1,4
mn-1-180-2-1-5,mn-180-2-1-5,1,180,2,1,5
mn-1-180-2-1-6,mn-180-2-1-6,1,180,2,1,6
mn-1-180-2-1-7,mn-180-2-1-7,1,180,2,1,7
mn-1-180-2-1-8,mn-180-2-1-8,1,180,2,1,8
mn-1-180-2-1-9,mn-180-2-1-9,1,180,2,1,9
mn-1-180-2-1-10,mn-180-2-1-10,1,180,2,1,10
mn-1-180-2-2-1,mn-180-2-2-1,1,180,2,2,1
mn-1-180-2-2-2,mn-180-2-2-2,1,180,2,2,2
mn-1-180-5-2-1,mn-180-5-2-1,1,180,5,2,1
mn-1-180-6-2-1,mn-180-6-2-1,1,180,6,2,1
mn-1-180-7-2-1,mn-180-7-2-1,1,180,7,2,1
mn-1-180-7-2-2,mn-180-7-2-2,1,180,7,2,2
mn-1-180-7-2-3,mn-180-7-2-3,1,180,7,2,3
mn-1-180-7-2-4,mn-180-7-2-4,1,180,7,2,4
mn-1-180-7-2-5,mn-180-7-2-5,1,180,7,2,5
mn-1-180-7-2-6,mn-180-7-2-6,1,180,7,2,6
mn-1-180-7-2-7,mn-180-7-2-7,1,180,7,2,7
mn-1-180-7-2-8,mn-180-7-2-8,1,180,7,2,8
mn-1-180-7-2-9,mn-180-7-2-9,1,180,7,2,9
mn-1-180-7-2-10,mn-180-7-2-10,1,180,7,2,10
mn-1-180-7-2-11,mn-180-7-2-11,1,180,7,2,11
mn-1-180-7-2-12,mn-180-7-2-12,1,180,7,2,12
mn-1-181-1-1-1,mn-181-1-1-1,1,181,1,1,1
mn-1-181-5-2-1,mn-181-5-2-1,1,181,5,2,1
mn-1-181-6-2-1,mn-181-6-2-1,1,181,6,2,1
mn-1-181-6-2-2,mn-181-6-2-2,1,181,6,2,2
mn-1-181-6-2-3,mn-181-6-2-3,1,181,6,2,3
mn-1-181-6-2-4,mn-181-6-2-4,1,181,6,2,4
mn-1-181-6-2-5,mn-181-6-2-5,1,181,6,2,5
mn-1-182-1-1-1,mn-182-1-1-1,1,182,1,1,1
mn-1-182-1-1-2,mn-182-1-1-2,1,182,1,1,2
mn-1-182-1-1-3,mn-182-1-1-3,1,182,1,1,3
mn-1-182-1-1-4,mn-182-1-1-4,1,182,1,1,4
mn-1-182-1-1-5,mn-182-1-1-5,1,182,1,1,5
mn-1-182-5-2-1,mn-182-5-2-1,1,182,5,2,1
mn-1-182-6-2-1,mn-182-6-2-1,1,182,6,2,1
mn-1-182-6-2-2,mn-182-6-2-2,1,182,6,2,2
mn-1-182-6-2-3,mn-182-6-2-3,1,182,6,2,3
mn-1-182-6-2-4,mn-182-6-2-4,1,182,6,2,4
mn-1-182-6-2-5,mn-182-6-2-5,1,182,6,2,5
mn-1-183-1-1-1,mn-183-1-1-1,1,183,1,1,1
mn-1-183-1-1-2,mn-183-1-1-2,1,183,1,1,2
mn-1-183-1-1-3,mn-183-1-1-3,1,183,1,1,3
mn-1-183-1-1-4,mn-183-1-1-4,1,183,1,1,4
mn-1-183-1-1-5,mn-183-1-1-5,1,183,1,1,5
mn-1-183-1-1-6,mn-183-1-1-6,1,183,1,1,6
mn-1-183-5-2-1,mn-183-5-2-1,1,183,5,2,1
mn-1-183-6-2-1,mn-183-6-2-1,1,183,6,2,1
mn-1-183-6-2-2,mn-183-6-2-2,1,183,6,2,2
mn-1-183-6-2-3,mn-183-6-2-3,1,183,6,2,3
mn-1-183-6-2-4,mn-183-6-2-4,1,183,6,2,4
mn-1-184-1-1-1,mn-184-1-1-1,1,184,1,1,1
mn-1-184-1-1-2,mn-184-1-1-2,1,184,1,1,2
mn-1-184-1-1-3,mn-184-1-1-3,1,184,1,1,3
mn-1-184-5-2-1,mn-184-5-2-1,1,184,5,2,1
mn-1-184-6-2-1,mn-184-6-2-1,1,184,6,2,1
mn-1-185-1-1-1,mn-185-1-1-1,1,185,1,1,1
mn-1-185-1-1-2,mn-185-1-1-2,1,185,1,1,2
mn-1-185-1-1-3,mn-185-1-1-3,1,185,1,1,3
mn-1-185-1-1-4,mn-185-1-1-4,1,185,1,1,4
mn-1-185-1-1-5,mn-185-1-1-5,1,185,1,1,5
mn-1-185-1-1-6,mn-185-1-1-6,1,185,1,1,6
mn-1-185-5-2-1,mn-185-5-2-1,1,185,5,2,1
mn-1-185-6-2-1,mn-185-6-2-1,1,185,6,2,1
mn-1-185-6-2-2,mn-185-6-2-2,1,185,6,2,2
mn-1-185-6-2-3,mn-185-6-2-3,1,185,6,2,3
mn-1-185-6-2-4,mn-185-6-2-4,1,185,6,2,4
mn-1-186-1-1-1,mn-186-1-1-1,1,186,1,1,1
mn-1-186-1-1-2,mn-186-1-1-2,1,186,1,1,2
mn-1-186-1-1-3,mn-186-1-1-3,1,186,1,1,3
mn-1-186-1-1-4,mn-186-1-1-4,1,186,1,1,4
mn-1-186-5-2-1,mn-186-5-2-1,1,186,5,2,1
mn-1-186-6-2-1,mn-186-6-2-1,1,186,6,2,1
mn-1-186-6-2-2,mn-186-6-2-2,1,186,6,2,2
mn-1-186-6-2-3,mn-186-6-2-3,1,186,6,2,3
mn-1-186-6-2-4,mn-186-6-2-4,1,186,6,2,4
mn-1-186-6-2-5,mn-186-6-2-5,1,186,6,2,5
mn-1-186-6-2-6,mn-186-6-2-6,1,186,6,2,6
mn-1-186-6-2-7,mn-186-6-2-7,1,186,6,2,7
mn-1-186-6-2-8,mn-186-6-2-8,1,186,6,2,8
mn-1-186-6-2-9,mn-186-6-2-9,1,186,6,2,9
mn-1-187-1-1-1,mn-187-1-1-1,1,187,1,1,1
mn-1-187-1-1-2,mn-187-1-1-2,1,187,1,1,2
mn-1-187-1-1-3,mn-187-1-1-3,1,187,1,1,3
mn-1-187-1-1-4,mn-187-1-1-4,1,187,1,1,4
mn-1-187-1-1-5,mn-187-1-1-5,1,187,1,1,5
mn-1-187-1-1-6,mn-187-1-1-6,1,187,1,1,6
mn-1-187-5-2-1,mn-187-5-2-1,1,187,5,2,1
mn-1-187-6-2-1,mn-187-6-2-1,1,187,6,2,1
mn-1-188-1-1-1,mn-188-1-1-1,1,188,1,1,1
mn-1-188-1-1-2,mn-188-1-1-2,1,188,1,1,2
mn-1-188-1-1-3,mn-188-1-1-3,1,188,1,1,3
mn-1-188-1-1-4,mn-188-1-1-4,1,188,1,1,4
mn-1-188-5-2-1,mn-188-5-2-1,1,188,5,2,1
mn-1-188-6-2-1,mn-188-6-2-1,1,188,6,2,1
mn-1-188-6-2-2,mn-188-6-2-2,1,188,6,2,2
mn-1-188-6-2-3,mn-188-6-2-3,1,188,6,2,3
mn-1-188-6-2-4,mn-188-6-2-4,1,188,6,2,4
mn-1-188-6-2-5,mn-188-6-2-5,1,188,6,2,5
mn-1-188-6-2-6,mn-188-6-2-6,1,188,6,2,6
mn-1-188-6-2-7,mn-188-6-2-7,1,188,6,2,7
mn-1-188-6-2-8,mn-188-6-2-8,1,188,6,2,8
mn-1-188-6-2-9,mn-188-6-2-9,1,188,6,2,9
mn-1-189-1-1-1,mn-189-1-1-1,1,189,1,1,1
mn-1-189-5-2-1,mn-189-5-2-1,1,189,5,2,1
mn-1-189-6-2-1,mn-189-6-2-1,1,189,6,2,1
mn-1-189-6-2-2,mn-189-6-2-2,1,189,6,2,2
mn-1-189-6-2-3,mn-189-6-2-3,1,189,6,2,3
mn-1-189-6-2-4,mn-189-6-2-4,1,189,6,2,4
mn-1-189-6-2-5,mn-189-6-2-5,1,189,6,2,5
mn-1-190-1-1-1,mn-190-1-1-1,1,190,1,1,1
mn-1-190-1-1-2,mn-190-1-1-2,1,190,1,1,2
mn-1-190-1-1-3,mn-190-1-1-3,1,190,1,1,3
mn-1-190-1-1-4,mn-190-1-1-4,1,190,1,1,4
mn-1-190-1-1-5,mn-190-1-1-5,1,190,1,1,5
mn-1-190-5-2-1,mn-190-5-2-1,1,190,5,2,1
mn-1-190-6-2-1,mn-190-6-2-1,1,190,6,2,1
mn-1-190-6-2-2,mn-190-6-2-2,1,190,6,2,2
mn-1-190-6-2-3,mn-190-6-2-3,1,190,6,2,3
mn-1-190-6-2-4,mn-190-6-2-4,1,190,6,2,4
mn-1-190-6-2-5,mn-190-6-2-5,1,190,6,2,5
mn-1-191-1-1-1,mn-191-1-1-1,1,191,1,1,1
mn-1-191-1-1-2,mn-191-1-1-2,1,191,1,1,2
mn-1-191-1-1-3,mn-191-1-1-3,1,191,1,1,3
mn-1-191-1-1-4,mn-191-1-1-4,1,191,1,1,4
mn-1-191-1-1-5,mn-191-1-1-5,1,191,1,1,5
mn-1-191-1-1-6,mn-191-1-1-6,1,191,1,1,6
mn-1-191-5-2-1,mn-191-5-2-1,1,191,5,2,1
mn-1-191-6-2-1,mn-191-6-2-1,1,191,6,2,1
mn-1-191-6-2-2,mn-191-6-2-2,1,191,6,2,2
mn-1-191-6-2-3,mn-191-6-2-3,1,191,6,2,3
mn-1-191-6-2-4,mn-191-6-2-4,1,191,6,2,4
mn-1-192-1-1-1,mn-192-1-1-1,1,192,1,1,1
mn-1-192-1-1-2,mn-192-1-1-2,1,192,1,1,2
mn-1-192-1-1-3,mn-192-1-1-3,1,192,1,1,3
mn-1-192-5-2-1,mn-192-5-2-1,1,192,5,2,1
mn-1-192-6-2-1,mn-192-6-2-1,1,192,6,2,1
mn-1-193-1-1-1,mn-193-1-1-1,1,193,1,1,1
mn-1-193-1-1-2,mn-193-1-1-2,1,193,1,1,2
mn-1-193-1-1-3,mn-193-1-1-3,1,193,1,1,3
mn-1-193-1-1-4,mn-193-1-1-4,1,193,1,1,4
mn-1-193-1-1-5,mn-193-1-1-5,1,193,1,1,5
mn-1-193-1-1-6,mn-193-1-1-6,1,193,1,1,6
mn-1-193-5-2-1,mn-193-5-2-1,1,193,5,2,1
mn-1-193-6-2-1,mn-193-6-2-1,1,193,6,2,1
mn-1-193-6-2-2,mn-193-6-2-2,1,193,6,2,2
mn-1-193-6-2-3,mn-193-6-2-3,1,193,6,2,3
mn-1-194-1-1-1,mn-194-1-1-1,1,194,1,1,1
mn-1-194-1-1-2,mn-194-1-1-2,1,194,1,1,2
mn-1-194-1-1-3,mn-194-1-1-3,1,194,1,1,3
mn-1-194-1-1-4,mn-194-1-1-4,1,194,1,1,4
mn-1-194-5-2-1,mn-194-5-2-1,1,194,5,2,1
mn-1-194-6-2-1,mn-194-6-2-1,1,194,6,2,1
mn-1-194-6-2-2,mn-194-6-2-2,1,194,6,2,2
mn-1-194-6-2-3,mn-194-6-2-3,1,194,6,2,3
mn-1-194-6-2-4,mn-194-6-2-4,1,194,6,2,4
mn-1-194-6-2-5,mn-194-6-2-5,1,194,6,2,5
mn-1-194-6-2-6,mn-194-6-2-6,1,194,6,2,6
mn-1-195-1-1-1,mn-195-1-1-1,1,195,1,1,1
mn-1-195-1-1-2,mn-195-1-1-2,1,195,1,1,2
mn-1-195-1-1-3,mn-195-1-1-3,1,195,1,1,3
mn-1-195-1-1-4,mn-195-1-1-4,1,195,1,1,4
mn-1-195-1-1-5,mn-195-1-1-5,1,195,1,1,5
mn-1-195-1-1-6,mn-195-1-1-6,1,195,1,1,6
mn-1-195-5-2-1,mn-195-5-2-1,1,195,5,2,1
mn-1-195-6-2-1,mn-195-6-2-1,1,195,6,2,1
mn-1-195-6-2-2,mn-195-6-2-2,1,195,6,2,2
mn-1-195-6-2-3,mn-195-6-2-3,1,195,6,2,3
mn-1-195-6-2-4,mn-195-6-2-4,1,195,6,2,4
mn-1-196-1-1-1,mn-196-1-1-1,1,196,1,1,1
mn-1-196-1-1-2,mn-196-1-1-2,1,196,1,1,2
mn-1-196-1-1-3,mn-196-1-1-3,1,196,1,1,3
mn-1-196-1-1-4,mn-196-1-1-4,1,196,1,1,4
mn-1-196-5-2-1,mn-196-5-2-1,1,196,5,2,1
mn-1-196-6-2-1,mn-196-6-2-1,1,196,6,2,1
mn-1-196-6-2-2,mn-196-6-2-2,1,196,6,2,2
mn-1-196-6-2-3,mn-196-6-2-3,1,196,6,2,3
mn-1-196-6-2-4,mn-196-6-2-4,1,196,6,2,4
mn-1-196-6-2-5,mn-196-6-2-5,1,196,6,2,5
mn-1-196-6-2-6,mn-196-6-2-6,1,196,6,2,6
mn-1-197-1-1-1,mn-197-1-1-1,1,197,1,1,1
mn-1-197-2-1-1,mn-197-2-1-1,1,197,2,1,1
mn-1-197-5-2-1,mn-197-5-2-1,1,197,5,2,1
mn-1-197-6-2-1,mn-197-6-2-1,1,197,6,2,1
mn-1-197-6-2-2,mn-197-6-2-2,1,197,6,2,2
mn-1-197-6-2-3,mn-197-6-2-3,1,197,6,2,3
mn-1-197-7-2-1,mn-197-7-2-1,1,197,7,2,1
mn-1-197-7-2-2,mn-197-7-2-2,1,197,7,2,2
mn-1-197-7-2-3,mn-197-7-2-3,1,197,7,2,3
mn-1-197-7-2-4,mn-197-7-2-4,1,197,7,2,4
mn-1-197-7-2-5,mn-197-7-2-5,1,197,7,2,5
mn-1-197-7-2-6,mn-197-7-2-6,1,197,7,2,6
mn-1-198-1-1-1,mn-198-1-1-1,1,198,1,1,1
mn-1-198-1-1-2,mn-198-1-1-2,1,198,1,1,2
mn-1-198-1-1-3,mn-198-1-1-3,1,198,1,1,3
mn-1-198-2-1-1,mn-198-2-1-1,1,198,2,1,1
mn-1-198-5-2-1,mn-198-5-2-1,1,198,5,2,1
mn-1-198-6-2-1,mn-198-6-2-1,1,198,6,2,1
mn-1-198-6-2-2,mn-198-6-2-2,1,198,6,2,2
mn-1-198-6-2-3,mn-198-6-2-3,1,198,6,2,3
mn-1-198-7-2-1,mn-198-7-2-1,1,198,7,2,1
mn-1-198-7-2-2,mn-198-7-2-2,1,198,7,2,2
mn-1-198-7-2-3,mn-198-7-2-3,1,198,7,2,3
mn-1-198-7-2-4,mn-198-7-2-4,1,198,7,2,4
mn-1-198-7-2-5,mn-198-7-2-5,1,198,7,2,5
mn-1-198-7-2-6,mn-198-7-2-6,1,198,7,2,6
mn-1-199-1-1-1,mn-199-1-1-1,1,199,1,1,1
mn-1-199-2-1-1,mn-199-2-1-1,1,199,2,1,1
mn-1-199-5-2-1,mn-199-5-2-1,1,199,5,2,1
mn-1-199-6-2-1,mn-199-6-2-1,1,199,6,2,1
mn-1-199-6-2-2,mn-199-6-2-2,1,199,6,2,2
mn-1-199-6-2-3,mn-199-6-2-3,1,199,6,2,3
mn-1-199-7-2-1,mn-199-7-2-1,1,199,7,2,1
mn-1-199-7-2-2,mn-199-7-2-2,1,199,7,2,2
mn-1-199-7-2-3,mn-199-7-2-3,1,199,7,2,3
mn-1-199-7-2-4,mn-199-7-2-4,1,199,7,2,4
mn-1-199-7-2-5,mn-199-7-2-5,1,199,7,2,5
mn-1-199-7-2-6,mn-199-7-2-6,1,199,7,2,6
mn-1-200-1-1-1,mn-200-1-1-1,1,200,1,1,1
mn-1-200-2-1-1,mn-200-2-1-1,1,200,2,1,1
mn-1-200-5-2-1,mn-200-5-2-1,1,200,5,2,1
mn-1-200-6-2-1,mn-200-6-2-1,1,200,6,2,1
mn-1-200-6-2-2,mn-200-6-2-2,1,200,6,2,2
mn-1-200-6-2-3,mn-200-6-2-3,1,200,6,2,3
mn-1-200-7-2-1,mn-200-7-2-1,1,200,7,2,1
mn-1-200-7-2-2,mn-200-7-2-2,1,200,7,2,2
mn-1-200-7-2-3,mn-200-7-2-3,1,200,7,2,3
mn-1-200-7-2-4,mn-200-7-2-4,1,200,7,2,4
mn-1-200-7-2-5,mn-200-7-2-5,1,200,7,2,5
mn-1-200-7-2-6,mn-200-7-2-6,1,200,7,2,6
mn-1-201-1-1-1,mn-201-1-1-1,1,201,1,1,1
mn-1-201-1-1-2,mn-201-1-1-2,1,201,1,1,2
mn-1-201-2-1-1,mn-201-2-1-1,1,201,2,1,1
mn-1-201-5-2-1,mn-201-5-2-1,1,201,5,2,1
mn-1-201-6-2-1,mn-201-6-2-1,1,201,6,2,1
mn-1-201-6-2-2,mn-201-6-2-2,1,201,6,2,2
mn-1-201-6-2-3,mn-201-6-2-3,1,201,6,2,3
mn-1-201-7-2-1,mn-201-7-2-1,1,201,7,2,1
mn-1-201-7-2-2,mn-201-7-2-2,1,201,7,2,2
mn-1-201-7-2-3,mn-201-7-2-3,1,201,7,2,3
mn-1-201-7-2-4,mn-201-7-2-4,1,201,7,2,4
mn-1-201-7-2-5,mn-201-7-2-5,1,201,7,2,5
mn-1-201-7-2-6,mn-201-7-2-6,1,201,7,2,6
mn-1-202-1-1-1,mn-202-1-1-1,1,202,1,1,1
mn-1-202-1-1-2,mn-202-1-1-2,1,202,1,1,2
mn-1-202-1-1-3,mn-202-1-1-3,1,202,1,1,3
mn-1-202-2-1-1,mn-202-2-1-1,1,202,2,1,1
mn-1-202-5-2-1,mn-202-5-2-1,1,202,5,2,1
mn-1-202-6-2-1,mn-202-6-2-1,1,202,6,2,1
mn-1-202-6-2-2,mn-202-6-2-2,1,202,6,2,2
mn-1-202-6-2-3,mn-202-6-2-3,1,202,6,2,3
mn-1-202-7-2-1,mn-202-7-2-1,1,202,7,2,1
mn-1-202-7-2-2,mn-202-7-2-2,1,202,7,2,2
mn-1-202-7-2-3,mn-202-7-2-3,1,202,7,2,3
mn-1-202-7-2-4,mn-202-7-2-4,1,202,7,2,4
mn-1-202-7-2-5,mn-202-7-2-5,1,202,7,2,5
mn-1-202-7-2-6,mn-202-7-2-6,1,202,7,2,6
mn-1-203-1-1-1,mn-203-1-1-1,1,203,1,1,1
mn-1-203-2-1-1,mn-203-2-1-1,1,203,2,1,1
mn-1-203-2-1-2,mn-203-2-1-2,1,203,2,1,2
mn-1-203-5-2-1,mn-203-5-2-1,1,203,5,2,1
mn-1-203-6-2-1,mn-203-6-2-1,1,203,6,2,1
mn-1-203-6-2-2,mn-203-6-2-2,1,203,6,2,2
mn-1-203-6-2-3,mn-203-6-2-3,1,203,6,2,3
mn-1-203-7-2-1,mn-203-7-2-1,1,203,7,2,1
mn-1-203-7-2-2,mn-203-7-2-2,1,203,7,2,2
mn-1-203-7-2-3,mn-203-7-2-3,1,203,7,2,3
mn-1-203-7-2-4,mn-203-7-2-4,1,203,7,2,4
mn-1-203-7-2-5,mn-203-7-2-5,1,203,7,2,5
mn-1-203-7-2-6,mn-203-7-2-6,1,203,7,2,6
mn-1-204-1-1-1,mn-204-1-1-1,1,204,1,1,1
mn-1-204-1-1-2,mn-204-1-1-2,1,204,1,1,2
mn-1-204-2-1-1,mn-204-2-1-1,1,204,2,1,1
mn-1-204-2-1-2,mn-204-2-1-2,1,204,2,1,2
mn-1-204-5-2-1,mn-204-5-2-1,1,204,5,2,1
mn-1-204-6-2-1,mn-204-6-2-1,1,204,6,2,1
mn-1-204-6-2-2,mn-204-6-2-2,1,204,6,2,2
mn-1-204-6-2-3,mn-204-6-2-3,1,204,6,2,3
mn-1-204-7-2-1,mn-204-7-2-1,1,204,7,2,1
mn-1-204-7-2-2,mn-204-7-2-2,1,204,7,2,2
mn-1-204-7-2-3,mn-204-7-2-3,1,204,7,2,3
mn-1-204-7-2-4,mn-204-7-2-4,1,204,7,2,4
mn-1-204-7-2-5,mn-204-7-2-5,1,204,7,2,5
mn-1-204-7-2-6,mn-204-7-2-6,1,204,7,2,6
mn-1-205-1-1-1,mn-205-1-1-1,1,205,1,1,1
mn-1-205-1-1-2,mn-205-1-1-2,1,205,1,1,2
mn-1-205-2-1-1,mn-205-2-1-1,1,205,2,1,1
mn-1-205-2-1-2,mn-205-2-1-2,1,205,2,1,2
mn-1-205-5-2-1,mn-205-5-2-1,1,205,5,2,1
mn-1-205-6-2-1,mn-205-6-2-1,1,205,6,2,1
mn-1-205-6-2-2,mn-205-6-2-2,1,205,6,2,2
mn-1-205-6-2-3,mn-205-6-2-3,1,205,6,2,3
mn-1-205-7-2-1,mn-205-7-2-1,1,205,7,2,1
mn-1-205-7-2-2,mn-205-7-2-2,1,205,7,2,2
mn-1-205-7-2-3,mn-205-7-2-3,1,205,7,2,3
mn-1-205-7-2-4,mn-205-7-2-4,1,205,7,2,4
mn-1-205-7-2-5,mn-205-7-2-5,1,205,7,2,5
mn-1-205-7-2-6,mn-205-7-2-6,1,205,7,2,6
mn-1-206-1-1-1,mn-206-1-1-1,1,206,1,1,1
mn-1-206-1-1-2,mn-206-1-1-2,1,206,1,1,2
mn-1-206-1-1-3,mn-206-1-1-3,1,206,1,1,3
mn-1-206-2-1-1,mn-206-2-1-1,1,206,2,1,1
mn-1-206-5-2-1,mn-206-5-2-1,1,206,5,2,1
mn-1-206-5-2-2,mn-206-5-2-2,1,206,5,2,2
mn-1-206-5-1-1,mn-206-5-1-1,1,206,5,1,1
mn-1-206-5-1-2,mn-206-5-1-2,1,206,5,1,2
mn-1-206-5-1-3,mn-206-5-1-3,1,206,5,1,3
mn-1-206-5-1-4,mn-206-5-1-4,1,206,5,1,4
mn-1-206-5-2-3,mn-206-5-2-3,1,206,5,2,3
mn-1-206-6-2-1,mn-206-6-2-1,1,206,6,2,1
mn-1-206-6-2-2,mn-206-6-2-2,1,206,6,2,2
mn-1-206-6-2-3,mn-206-6-2-3,1,206,6,2,3
mn-1-206-7-2-1,mn-206-7-2-1,1,206,7,2,1
mn-1-206-7-2-2,mn-206-7-2-2,1,206,7,2,2
mn-1-206-7-2-3,mn-206-7-2-3,1,206,7,2,3
mn-1-206-7-2-4,mn-206-7-2-4,1,206,7,2,4
mn-1-206-7-2-5,mn-206-7-2-5,1,206,7,2,5
mn-1-206-7-2-6,mn-206-7-2-6,1,206,7,2,6
mn-1-207-1-1-1,mn-207-1-1-1,1,207,1,1,1
mn-1-207-2-1-1,mn-207-2-1-1,1,207,2,1,1
mn-1-207-5-2-1,mn-207-5-2-1,1,207,5,2,1
mn-1-207-6-2-1,mn-207-6-2-1,1,207,6,2,1
mn-1-207-6-2-2,mn-207-6-2-2,1,207,6,2,2
mn-1-207-6-2-3,mn-207-6-2-3,1,207,6,2,3
mn-1-207-7-2-1,mn-207-7-2-1,1,207,7,2,1
mn-1-207-7-2-2,mn-207-7-2-2,1,207,7,2,2
mn-1-207-7-2-3,mn-207-7-2-3,1,207,7,2,3
mn-1-207-7-2-4,mn-207-7-2-4,1,207,7,2,4
mn-1-207-7-2-5,mn-207-7-2-5,1,207,7,2,5
mn-1-207-7-2-6,mn-207-7-2-6,1,207,7,2,6
mn-1-208-1-1-1,mn-208-1-1-1,1,208,1,1,1
mn-1-208-2-1-1,mn-208-2-1-1,1,208,2,1,1
mn-1-208-5-2-1,mn-208-5-2-1,1,208,5,2,1
mn-1-208-6-2-1,mn-208-6-2-1,1,208,6,2,1
mn-1-208-6-2-2,mn-208-6-2-2,1,208,6,2,2
mn-1-208-6-2-3,mn-208-6-2-3,1,208,6,2,3
mn-1-208-7-2-1,mn-208-7-2-1,1,208,7,2,1
mn-1-208-7-2-2,mn-208-7-2-2,1,208,7,2,2
mn-1-208-7-2-3,mn-208-7-2-3,1,208,7,2,3
mn-1-208-7-2-4,mn-208-7-2-4,1,208,7,2,4
mn-1-208-7-2-5,mn-208-7-2-5,1,208,7,2,5
mn-1-208-7-2-6,mn-208-7-2-6,1,208,7,2,6
mn-1-209-1-1-1,mn-209-1-1-1,1,209,1,1,1
mn-1-209-1-1-2,mn-209-1-1-2,1,209,1,1,2
mn-1-209-1-1-3,mn-209-1-1-3,1,209,1,1,3
mn-1-209-2-1-1,mn-209-2-1-1,1,209,2,1,1
mn-1-209-5-2-1,mn-209-5-2-1,1,209,5,2,1
mn-1-209-6-2-1,mn-209-6-2-1,1,209,6,2,1
mn-1-209-6-2-2,mn-209-6-2-2,1,209,6,2,2
mn-1-209-6-2-3,mn-209-6-2-3,1,209,6,2,3
mn-1-209-7-2-1,mn-209-7-2-1,1,209,7,2,1
mn-1-209-7-2-2,mn-209-7-2-2,1,209,7,2,2
mn-1-209-7-2-3,mn-209-7-2-3,1,209,7,2,3
mn-1-209-7-2-4,mn-209-7-2-4,1,209,7,2,4
mn-1-209-7-2-5,mn-209-7-2-5,1,209,7,2,5
mn-1-209-7-2-6,mn-209-7-2-6,1,209,7,2,6
mn-1-210-1-1-1,mn-210-1-1-1,1,210,1,1,1
mn-1-210-1-1-2,mn-210-1-1-2,1,210,1,1,2
mn-1-210-1-1-3,mn-210-1-1-3,1,210,1,1,3
mn-1-210-2-1-1,mn-210-2-1-1,1,210,2,1,1
mn-1-210-5-2-1,mn-210-5-2-1,1,210,5,2,1
mn-1-210-6-2-1,mn-210-6-2-1,1,210,6,2,1
mn-1-210-6-2-2,mn-210-6-2-2,1,210,6,2,2
mn-1-210-6-2-3,mn-210-6-2-3,1,210,6,2,3
mn-1-210-7-2-1,mn-210-7-2-1,1,210,7,2,1
mn-1-210-7-2-2,mn-210-7-2-2,1,210,7,2,2
mn-1-210-7-2-3,mn-210-7-2-3,1,210,7,2,3
mn-1-210-7-2-4,mn-210-7-2-4,1,210,7,2,4
mn-1-210-7-2-5,mn-210-7-2-5,1,210,7,2,5
mn-1-210-7-2-6,mn-210-7-2-6,1,210,7,2,6
mn-1-211-1-1-1,mn-211-1-1-1,1,211,1,1,1
mn-1-211-2-1-1,mn-211-2-1-1,1,211,2,1,1
mn-1-211-5-2-1,mn-211-5-2-1,1,211,5,2,1
mn-1-211-6-2-1,mn-211-6-2-1,1,211,6,2,1
mn-1-211-6-2-2,mn-211-6-2-2,1,211,6,2,2
mn-1-211-6-2-3,mn-211-6-2-3,1,211,6,2,3
mn-1-211-7-2-1,mn-211-7-2-1,1,211,7,2,1
mn-1-211-7-2-2,mn-211-7-2-2,1,211,7,2,2
mn-1-211-7-2-3,mn-211-7-2-3,1,211,7,2,3
mn-1-211-7-2-4,mn-211-7-2-4,1,211,7,2,4
mn-1-211-7-2-5,mn-211-7-2-5,1,211,7,2,5
mn-1-211-7-2-6,mn-211-7-2-6,1,211,7,2,6
mn-1-212-1-1-1,mn-212-1-1-1,1,212,1,1,1
mn-1-212-1-1-2,mn-212-1-1-2,1,212,1,1,2
mn-1-212-2-1-1,mn-212-2-1-1,1,212,2,1,1
mn-1-212-5-2-1,mn-212-5-2-1,1,212,5,2,1
mn-1-212-6-2-1,mn-212-6-2-1,1,212,6,2,1
mn-1-212-7-2-1,mn-212-7-2-1,1,212,7,2,1
mn-1-212-7-2-2,mn-212-7-2-2,1,212,7,2,2
mn-1-212-7-2-3,mn-212-7-2-3,1,212,7,2,3
mn-1-212-7-2-4,mn-212-7-2-4,1,212,7,2,4
mn-1-212-7-2-5,mn-212-7-2-5,1,212,7,2,5
mn-1-212-7-2-6,mn-212-7-2-6,1,212,7,2,6
mn-1-213-1-1-1,mn-213-1-1-1,1,213,1,1,1
mn-1-213-5-2-1,mn-213-5-2-1,1,213,5,2,1
mn-1-213-6-2-1,mn-213-6-2-1,1,213,6,2,1
mn-1-213-7-2-1,mn-213-7-2-1,1,213,7,2,1
mn-1-213-7-2-2,mn-213-7-2-2,1,213,7,2,2
mn-1-213-7-2-3,mn-213-7-2-3,1,213,7,2,3
mn-1-213-7-2-4,mn-213-7-2-4,1,213,7,2,4
mn-1-213-7-2-5,mn-213-7-2-5,1,213,7,2,5
mn-1-213-7-2-6,mn-213-7-2-6,1,213,7,2,6
mn-1-214-1-1-1,mn-214-1-1-1,1,214,1,1,1
mn-1-214-1-1-2,mn-214-1-1-2,1,214,1,1,2
mn-1-214-1-1-3,mn-214-1-1-3,1,214,1,1,3
mn-1-214-5-2-1,mn-214-5-2-1,1,214,5,2,1
mn-1-214-6-2-1,mn-214-6-2-1,1,214,6,2,1
mn-1-214-7-2-1,mn-214-7-2-1,1,214,7,2,1
mn-1-214-7-2-2,mn-214-7-2-2,1,214,7,2,2
mn-1-214-7-2-3,mn-214-7-2-3,1,214,7,2,3
mn-1-214-7-2-4,mn-214-7-2-4,1,214,7,2,4
mn-1-214-7-2-5,mn-214-7-2-5,1,214,7,2,5
mn-1-214-7-2-6,mn-214-7-2-6,1,214,7,2,6
mn-1-215-1-1-1,mn-215-1-1-1,1,215,1,1,1
mn-1-215-5-2-1,mn-215-5-2-1,1,215,5,2,1
mn-1-215-6-2-1,mn-215-6-2-1,1,215,6,2,1
mn-1-215-7-2-1,mn-215-7-2-1,1,215,7,2,1
mn-1-215-7-2-2,mn-215-7-2-2,1,215,7,2,2
mn-1-215-7-2-3,mn-215-7-2-3,1,215,7,2,3
mn-1-215-7-2-4,mn-215-7-2-4,1,215,7,2,4
mn-1-215-7-2-5,mn-215-7-2-5,1,215,7,2,5
mn-1-215-7-2-6,mn-215-7-2-6,1,215,7,2,6
mn-1-216-1-1-1,mn-216-1-1-1,1,216,1,1,1
mn-1-216-5-2-1,mn-216-5-2-1,1,216,5,2,1
mn-1-216-6-2-1,mn-216-6-2-1,1,216,6,2,1
mn-1-216-6-2-2,mn-216-6-2-2,1,216,6,2,2
mn-1-216-6-2-3,mn-216-6-2-3,1,216,6,2,3
mn-1-216-7-2-1,mn-216-7-2-1,1,216,7,2,1
mn-1-216-7-2-2,mn-216-7-2-2,1,216,7,2,2
mn-1-216-7-2-3,mn-216-7-2-3,1,216,7,2,3
mn-1-216-7-2-4,mn-216-7-2-4,1,216,7,2,4
mn-1-216-7-2-5,mn-216-7-2-5,1,216,7,2,5
mn-1-216-7-2-6,mn-216-7-2-6,1,216,7,2,6
mn-1-217-1-1-1,mn-217-1-1-1,1,217,1,1,1
mn-1-217-1-1-2,mn-217-1-1-2,1,217,1,1,2
mn-1-217-5-2-1,mn-217-5-2-1,1,217,5,2,1
mn-1-217-6-2-1,mn-217-6-2-1,1,217,6,2,1
mn-1-217-6-2-2,mn-217-6-2-2,1,217,6,2,2
mn-1-217-6-2-3,mn-217-6-2-3,1,217,6,2,3
mn-1-217-7-2-1,mn-217-7-2-1,1,217,7,2,1
mn-1-217-7-2-2,mn-217-7-2-2,1,217,7,2,2
mn-1-217-7-2-3,mn-217-7-2-3,1,217,7,2,3
mn-1-217-7-2-4,mn-217-7-2-4,1,217,7,2,4
mn-1-217-7-2-5,mn-217-7-2-5,1,217,7,2,5
mn-1-217-7-2-6,mn-217-7-2-6,1,217,7,2,6
mn-1-218-1-1-1,mn-218-1-1-1,1,218,1,1,1
mn-1-218-1-1-2,mn-218-1-1-2,1,218,1,1,2
mn-1-218-1-1-3,mn-218-1-1-3,1,218,1,1,3
mn-1-218-5-2-1,mn-218-5-2-1,1,218,5,2,1
mn-1-218-6-2-1,mn-218-6-2-1,1,218,6,2,1
mn-1-218-6-2-2,mn-218-6-2-2,1,218,6,2,2
mn-1-218-6-2-3,mn-218-6-2-3,1,218,6,2,3
mn-1-218-7-2-1,mn-218-7-2-1,1,218,7,2,1
mn-1-218-7-2-2,mn-218-7-2-2,1,218,7,2,2
mn-1-218-7-2-3,mn-218-7-2-3,1,218,7,2,3
mn-1-218-7-2-4,mn-218-7-2-4,1,218,7,2,4
mn-1-218-7-2-5,mn-218-7-2-5,1,218,7,2,5
mn-1-218-7-2-6,mn-218-7-2-6,1,218,7,2,6
mn-1-219-1-1-1,mn-219-1-1-1,1,219,1,1,1
mn-1-219-5-2-1,mn-219-5-2-1,1,219,5,2,1
mn-1-219-6-2-1,mn-219-6-2-1,1,219,6,2,1
mn-1-219-6-2-2,mn-219-6-2-2,1,219,6,2,2
mn-1-219-6-2-3,mn-219-6-2-3,1,219,6,2,3
mn-1-219-7-2-1,mn-219-7-2-1,1,219,7,2,1
mn-1-219-7-2-2,mn-219-7-2-2,1,219,7,2,2
mn-1-219-7-2-3,mn-219-7-2-3,1,219,7,2,3
mn-1-219-7-2-4,mn-219-7-2-4,1,219,7,2,4
mn-1-219-7-2-5,mn-219-7-2-5,1,219,7,2,5
mn-1-219-7-2-6,mn-219-7-2-6,1,219,7,2,6
mn-1-220-1-1-1,mn-220-1-1-1,1,220,1,1,1
mn-1-220-1-1-2,mn-220-1-1-2,1,220,1,1,2
mn-1-220-5-2-1,mn-220-5-2-1,1,220,5,2,1
mn-1-220-6-2-1,mn-220-6-2-1,1,220,6,2,1
mn-1-220-6-2-2,mn-220-6-2-2,1,220,6,2,2
mn-1-220-6-2-3,mn-220-6-2-3,1,220,6,2,3
mn-1-220-7-2-1,mn-220-7-2-1,1,220,7,2,1
mn-1-220-7-2-2,mn-220-7-2-2,1,220,7,2,2
mn-1-220-7-2-3,mn-220-7-2-3,1,220,7,2,3
mn-1-220-7-2-4,mn-220-7-2-4,1,220,7,2,4
mn-1-220-7-2-5,mn-220-7-2-5,1,220,7,2,5
mn-1-220-7-2-6,mn-220-7-2-6,1,220,7,2,6
mn-1-221-1-1-1,mn-221-1-1-1,1,221,1,1,1
mn-1-221-5-2-1,mn-221-5-2-1,1,221,5,2,1
mn-1-221-6-2-1,mn-221-6-2-1,1,221,6,2,1
mn-1-221-6-2-2,mn-221-6-2-2,1,221,6,2,2
mn-1-221-6-2-3,mn-221-6-2-3,1,221,6,2,3
mn-1-221-7-2-1,mn-221-7-2-1,1,221,7,2,1
mn-1-221-7-2-2,mn-221-7-2-2,1,221,7,2,2
mn-1-221-7-2-3,mn-221-7-2-3,1,221,7,2,3
mn-1-221-7-2-4,mn-221-7-2-4,1,221,7,2,4
mn-1-221-7-2-5,mn-221-7-2-5,1,221,7,2,5
mn-1-221-7-2-6,mn-221-7-2-6,1,221,7,2,6
mn-1-222-1-1-1,mn-222-1-1-1,1,222,1,1,1
mn-1-222-1-1-2,mn-222-1-1-2,1,222,1,1,2
mn-1-222-1-1-3,mn-222-1-1-3,1,222,1,1,3
mn-1-222-5-2-1,mn-222-5-2-1,1,222,5,2,1
mn-1-222-6-2-1,mn-222-6-2-1,1,222,6,2,1
mn-1-222-6-2-2,mn-222-6-2-2,1,222,6,2,2
mn-1-222-6-2-3,mn-222-6-2-3,1,222,6,2,3
mn-1-222-7-2-1,mn-222-7-2-1,1,222,7,2,1
mn-1-222-7-2-2,mn-222-7-2-2,1,222,7,2,2
mn-1-222-7-2-3,mn-222-7-2-3,1,222,7,2,3
mn-1-222-7-2-4,mn-222-7-2-4,1,222,7,2,4
mn-1-222-7-2-5,mn-222-7-2-5,1,222,7,2,5
mn-1-222-7-2-6,mn-222-7-2-6,1,222,7,2,6
mn-1-223-1-1-1,mn-223-1-1-1,1,223,1,1,1
mn-1-223-5-2-1,mn-223-5-2-1,1,223,5,2,1
mn-1-223-6-2-1,mn-223-6-2-1,1,223,6,2,1
mn-1-223-6-2-2,mn-223-6-2-2,1,223,6,2,2
mn-1-223-6-2-3,mn-223-6-2-3,1,223,6,2,3
mn-1-223-7-2-1,mn-223-7-2-1,1,223,7,2,1
mn-1-223-7-2-2,mn-223-7-2-2,1,223,7,2,2
mn-1-223-7-2-3,mn-223-7-2-3,1,223,7,2,3
mn-1-223-7-2-4,mn-223-7-2-4,1,223,7,2,4
mn-1-223-7-2-5,mn-223-7-2-5,1,223,7,2,5
mn-1-223-7-2-6,mn-223-7-2-6,1,223,7,2,6
mn-1-224-1-1-1,mn-224-1-1-1,1,224,1,1,1
mn-1-224-1-1-2,mn-224-1-1-2,1,224,1,1,2
mn-1-224-1-1-3,mn-224-1-1-3,1,224,1,1,3
mn-1-224-5-2-1,mn-224-5-2-1,1,224,5,2,1
mn-1-224-6-2-1,mn-224-6-2-1,1,224,6,2,1
mn-1-224-6-2-2,mn-224-6-2-2,1,224,6,2,2
mn-1-224-6-2-3,mn-224-6-2-3,1,224,6,2,3
mn-1-224-7-2-1,mn-224-7-2-1,1,224,7,2,1
mn-1-224-7-2-2,mn-224-7-2-2,1,224,7,2,2
mn-1-224-7-2-3,mn-224-7-2-3,1,224,7,2,3
mn-1-224-7-2-4,mn-224-7-2-4,1,224,7,2,4
mn-1-224-7-2-5,mn-224-7-2-5,1,224,7,2,5
mn-1-224-7-2-6,mn-224-7-2-6,1,224,7,2,6
mn-1-225-1-1-1,mn-225-1-1-1,1,225,1,1,1
mn-1-225-1-1-2,mn-225-1-1-2,1,225,1,1,2
mn-1-225-1-1-3,mn-225-1-1-3,1,225,1,1,3
mn-1-225-5-2-1,mn-225-5-2-1,1,225,5,2,1
mn-1-225-6-2-1,mn-225-6-2-1,1,225,6,2,1
mn-1-225-6-2-2,mn-225-6-2-2,1,225,6,2,2
mn-1-225-6-2-3,mn-225-6-2-3,1,225,6,2,3
mn-1-225-7-2-1,mn-225-7-2-1,1,225,7,2,1
mn-1-225-7-2-2,mn-225-7-2-2,1,225,7,2,2
mn-1-225-7-2-3,mn-225-7-2-3,1,225,7,2,3
mn-1-225-7-2-4,mn-225-7-2-4,1,225,7,2,4
mn-1-225-7-2-5,mn-225-7-2-5,1,225,7,2,5
mn-1-225-7-2-6,mn-225-7-2-6,1,225,7,2,6
mn-1-226-1-1-1,mn-226-1-1-1,1,226,1,1,1
mn-1-226-1-1-2,mn-226-1-1-2,1,226,1,1,2
mn-1-226-1-1-3,mn-226-1-1-3,1,226,1,1,3
mn-1-226-2-1-1,mn-226-2-1-1,1,226,2,1,1
mn-1-226-2-1-2,mn-226-2-1-2,1,226,2,1,2
mn-1-226-2-1-3,mn-226-2-1-3,1,226,2,1,3
mn-1-226-5-2-1,mn-226-5-2-1,1,226,5,2,1
mn-1-226-6-2-1,mn-226-6-2-1,1,226,6,2,1
mn-1-226-6-2-2,mn-226-6-2-2,1,226,6,2,2
mn-1-226-6-2-3,mn-226-6-2-3,1,226,6,2,3
mn-1-226-7-2-1,mn-226-7-2-1,1,226,7,2,1
mn-1-226-7-2-2,mn-226-7-2-2,1,226,7,2,2
mn-1-226-7-2-3,mn-226-7-2-3,1,226,7,2,3
mn-1-226-7-2-4,mn-226-7-2-4,1,226,7,2,4
mn-1-226-7-2-5,mn-226-7-2-5,1,226,7,2,5
mn-1-226-7-2-6,mn-226-7-2-6,1,226,7,2,6
mn-1-227-1-1-1,mn-227-1-1-1,1,227,1,1,1
mn-1-227-5-2-1,mn-227-5-2-1,1,227,5,2,1
mn-1-227-6-2-1,mn-227-6-2-1,1,227,6,2,1
mn-1-227-6-2-2,mn-227-6-2-2,1,227,6,2,2
mn-1-227-6-2-3,mn-227-6-2-3,1,227,6,2,3
mn-1-227-7-2-1,mn-227-7-2-1,1,227,7,2,1
mn-1-227-7-2-2,mn-227-7-2-2,1,227,7,2,2
mn-1-227-7-2-3,mn-227-7-2-3,1,227,7,2,3
mn-1-227-7-2-4,mn-227-7-2-4,1,227,7,2,4
mn-1-227-7-2-5,mn-227-7-2-5,1,227,7,2,5
mn-1-227-7-2-6,mn-227-7-2-6,1,227,7,2,6
mn-1-228-1-1-1,mn-228-1-1-1,1,228,1,1,1
mn-1-228-1-1-2,mn-228-1-1-2,1,228,1,1,2
mn-1-228-5-2-1,mn-228-5-2-1,1,228,5,2,1
mn-1-228-6-2-1,mn-228-6-2-1,1,228,6,2,1
mn-1-228-6-2-2,mn-228-6-2-2,1,228,6,2,2
mn-1-228-6-2-3,mn-228-6-2-3,1,228,6,2,3
mn-1-228-7-2-1,mn-228-7-2-1,1,228,7,2,1
mn-1-228-7-2-2,mn-228-7-2-2,1,228,7,2,2
mn-1-228-7-2-3,mn-228-7-2-3,1,228,7,2,3
mn-1-228-7-2-4,mn-228-7-2-4,1,228,7,2,4
mn-1-228-7-2-5,mn-228-7-2-5,1,228,7,2,5
mn-1-228-7-2-6,mn-228-7-2-6,1,228,7,2,6
mn-1-229-1-1-1,mn-229-1-1-1,1,229,1,1,1
mn-1-229-2-1-1,mn-229-2-1-1,1,229,2,1,1
mn-1-229-2-1-2,mn-229-2-1-2,1,229,2,1,2
mn-1-229-5-2-1,mn-229-5-2-1,1,229,5,2,1
mn-1-229-6-2-1,mn-229-6-2-1,1,229,6,2,1
mn-1-229-7-2-1,mn-229-7-2-1,1,229,7,2,1
mn-1-229-7-2-2,mn-229-7-2-2,1,229,7,2,2
mn-1-229-7-2-3,mn-229-7-2-3,1,229,7,2,3
mn-1-229-7-2-4,mn-229-7-2-4,1,229,7,2,4
mn-1-229-7-2-5,mn-229-7-2-5,1,229,7,2,5
mn-1-229-7-2-6,mn-229-7-2-6,1,229,7,2,6
mn-1-230-1-1-1,mn-230-1-1-1,1,230,1,1,1
mn-1-230-1-1-2,mn-230-1-1-2,1,230,1,1,2
mn-1-230-1-1-3,mn-230-1-1-3,1,230,1,1,3
mn-1-230-1-1-4,mn-230-1-1-4,1,230,1,1,4
mn-1-230-1-1-5,mn-230-1-1-5,1,230,1,1,5
mn-1-230-2-1-1,mn-230-2-1-1,1,230,2,1,1
mn-1-230-2-1-2,mn-230-2-1-2,1,230,2,1,2
mn-1-230-5-2-1,mn-230-5-2-1,1,230,5,2,1
mn-1-230-6-2-1,mn-230-6-2-1,1,230,6,2,1
mn-1-230-7-2-1,mn-230-7-2-1,1,230,7,2,1
mn-1-230-7-2-2,mn-230-7-2-2,1,230,7,2,2
mn-1-230-7-2-3,mn-230-7-2-3,1,230,7,2,3
mn-1-230-7-2-4,mn-230-7-2-4,1,230,7,2,4
mn-1-230-7-2-5,mn-230-7-2-5,1,230,7,2,5
mn-1-230-7-2-6,mn-230-7-2-6,1,230,7,2,6
mn-1-231-1-1-1,mn-231-1-1-1,1,231,1,1,1
mn-1-231-1-1-2,mn-231-1-1-2,1,231,1,1,2
mn-1-231-5-2-1,mn-231-5-2-1,1,231,5,2,1
mn-1-231-6-2-1,mn-231-6-2-1,1,231,6,2,1
mn-1-231-7-2-1,mn-231-7-2-1,1,231,7,2,1
mn-1-231-7-2-2,mn-231-7-2-2,1,231,7,2,2
mn-1-231-7-2-3,mn-231-7-2-3,1,231,7,2,3
mn-1-231-7-2-4,mn-231-7-2-4,1,231,7,2,4
mn-1-231-7-2-5,mn-231-7-2-5,1,231,7,2,5
mn-1-231-7-2-6,mn-231-7-2-6,1,231,7,2,6
mn-1-232-1-1-1,mn-232-1-1-1,1,232,1,1,1
mn-1-232-1-1-2,mn-232-1-1-2,1,232,1,1,2
mn-1-232-1-1-3,mn-232-1-1-3,1,232,1,1,3
mn-1-232-5-2-1,mn-232-5-2-1,1,232,5,2,1
mn-1-232-6-2-1,mn-232-6-2-1,1,232,6,2,1
mn-1-232-6-2-2,mn-232-6-2-2,1,232,6,2,2
mn-1-232-6-2-3,mn-232-6-2-3,1,232,6,2,3
mn-1-232-7-2-1,mn-232-7-2-1,1,232,7,2,1
mn-1-232-7-2-2,mn-232-7-2-2,1,232,7,2,2
mn-1-232-7-2-3,mn-232-7-2-3,1,232,7,2,3
mn-1-232-7-2-4,mn-232-7-2-4,1,232,7,2,4
mn-1-232-7-2-5,mn-232-7-2-5,1,232,7,2,5
mn-1-232-7-2-6,mn-232-7-2-6,1,232,7,2,6
mn-1-233-1-1-1,mn-233-1-1-1,1,233,1,1,1
mn-1-233-1-1-2,mn-233-1-1-2,1,233,1,1,2
mn-1-233-1-1-3,mn-233-1-1-3,1,233,1,1,3
mn-1-233-1-1-4,mn-233-1-1-4,1,233,1,1,4
mn-1-233-1-1-5,mn-233-1-1-5,1,233,1,1,5
mn-1-233-1-1-6,mn-233-1-1-6,1,233,1,1,6
mn-1-233-1-1-7,mn-233-1-1-7,1,233,1,1,7
mn-1-233-1-1-8,mn-233-1-1-8,1,233,1,1,8
mn-1-233-2-1-1,mn-233-2-1-1,1,233,2,1,1
mn-1-233-2-1-2,mn-233-2-1-2,1,233,2,1,2
mn-1-233-5-2-1,mn-233-5-2-1,1,233,5,2,1
mn-1-233-6-2-1,mn-233-6-2-1,1,233,6,2,1
mn-1-233-6-2-2,mn-233-6-2-2,1,233,6,2,2
mn-1-233-6-2-3,mn-233-6-2-3,1,233,6,2,3
mn-1-233-7-2-1,mn-233-7-2-1,1,233,7,2,1
mn-1-233-7-2-2,mn-233-7-2-2,1,233,7,2,2
mn-1-233-7-2-3,mn-233-7-2-3,1,233,7,2,3
mn-1-233-7-2-4,mn-233-7-2-4,1,233,7,2,4
mn-1-233-7-2-5,mn-233-7-2-5,1,233,7,2,5
mn-1-233-7-2-6,mn-233-7-2-6,1,233,7,2,6
mn-1-234-1-1-1,mn-234-1-1-1,1,234,1,1,1
mn-1-234-1-1-2,mn-234-1-1-2,1,234,1,1,2
mn-1-234-1-1-3,mn-234-1-1-3,1,234,1,1,3
mn-1-234-1-1-4,mn-234-1-1-4,1,234,1,1,4
mn-1-234-1-1-5,mn-234-1-1-5,1,234,1,1,5
mn-1-234-1-1-6,mn-234-1-1-6,1,234,1,1,6
mn-1-234-1-1-7,mn-234-1-1-7,1,234,1,1,7
mn-1-234-1-1-8,mn-234-1-1-8,1,234,1,1,8
mn-1-234-1-1-9,mn-234-1-1-9,1,234,1,1,9
mn-1-234-1-1-10,mn-234-1-1-10,1,234,1,1,10
mn-1-234-5-2-1,mn-234-5-2-1,1,234,5,2,1
mn-1-234-6-2-1,mn-234-6-2-1,1,234,6,2,1
mn-1-234-6-2-2,mn-234-6-2-2,1,234,6,2,2
mn-1-234-6-2-3,mn-234-6-2-3,1,234,6,2,3
mn-1-234-7-2-1,mn-234-7-2-1,1,234,7,2,1
mn-1-234-7-2-2,mn-234-7-2-2,1,234,7,2,2
mn-1-234-7-2-3,mn-234-7-2-3,1,234,7,2,3
mn-1-234-7-2-4,mn-234-7-2-4,1,234,7,2,4
mn-1-234-7-2-5,mn-234-7-2-5,1,234,7,2,5
mn-1-234-7-2-6,mn-234-7-2-6,1,234,7,2,6
mn-1-235-1-1-1,mn-235-1-1-1,1,235,1,1,1
mn-1-235-1-1-2,mn-235-1-1-2,1,235,1,1,2
mn-1-235-1-1-3,mn-235-1-1-3,1,235,1,1,3
mn-1-235-5-2-1,mn-235-5-2-1,1,235,5,2,1
mn-1-235-6-2-1,mn-235-6-2-1,1,235,6,2,1
mn-1-235-6-2-2,mn-235-6-2-2,1,235,6,2,2
mn-1-235-6-2-3,mn-235-6-2-3,1,235,6,2,3
mn-1-235-7-2-1,mn-235-7-2-1,1,235,7,2,1
mn-1-235-7-2-2,mn-235-7-2-2,1,235,7,2,2
mn-1-235-7-2-3,mn-235-7-2-3,1,235,7,2,3
mn-1-235-7-2-4,mn-235-7-2-4,1,235,7,2,4
mn-1-235-7-2-5,mn-235-7-2-5,1,235,7,2,5
mn-1-235-7-2-6,mn-235-7-2-6,1,235,7,2,6
mn-1-236-1-1-1,mn-236-1-1-1,1,236,1,1,1
mn-1-236-1-1-2,mn-236-1-1-2,1,236,1,1,2
mn-1-236-1-1-3,mn-236-1-1-3,1,236,1,1,3
mn-1-236-1-1-4,mn-236-1-1-4,1,236,1,1,4
mn-1-236-1-1-5,mn-236-1-1-5,1,236,1,1,5
mn-1-236-1-1-6,mn-236-1-1-6,1,236,1,1,6
mn-1-236-5-2-1,mn-236-5-2-1,1,236,5,2,1
mn-1-236-6-2-1,mn-236-6-2-1,1,236,6,2,1
mn-1-236-6-2-2,mn-236-6-2-2,1,236,6,2,2
mn-1-236-6-2-3,mn-236-6-2-3,1,236,6,2,3
mn-1-236-7-2-1,mn-236-7-2-1,1,236,7,2,1
mn-1-236-7-2-2,mn-236-7-2-2,1,236,7,2,2
mn-1-236-7-2-3,mn-236-7-2-3,1,236,7,2,3
mn-1-236-7-2-4,mn-236-7-2-4,1,236,7,2,4
mn-1-236-7-2-5,mn-236-7-2-5,1,236,7,2,5
mn-1-236-7-2-6,mn-236-7-2-6,1,236,7,2,6
mn-1-237-1-1-1,mn-237-1-1-1,1,237,1,1,1
mn-1-237-1-1-2,mn-237-1-1-2,1,237,1,1,2
mn-1-237-1-1-3,mn-237-1-1-3,1,237,1,1,3
mn-1-237-5-2-1,mn-237-5-2-1,1,237,5,2,1
mn-1-237-6-2-1,mn-237-6-2-1,1,237,6,2,1
mn-1-237-6-2-2,mn-237-6-2-2,1,237,6,2,2
mn-1-237-6-2-3,mn-237-6-2-3,1,237,6,2,3
mn-1-237-7-2-1,mn-237-7-2-1,1,237,7,2,1
mn-1-237-7-2-2,mn-237-7-2-2,1,237,7,2,2
mn-1-237-7-2-3,mn-237-7-2-3,1,237,7,2,3
mn-1-237-7-2-4,mn-237-7-2-4,1,237,7,2,4
mn-1-237-7-2-5,mn-237-7-2-5,1,237,7,2,5
mn-1-237-7-2-6,mn-237-7-2-6,1,237,7,2,6
mn-1-238-1-1-1,mn-238-1-1-1,1,238,1,1,1
mn-1-238-1-1-2,mn-238-1-1-2,1,238,1,1,2
mn-1-238-1-1-3,mn-238-1-1-3,1,238,1,1,3
mn-1-238-1-1-4,mn-238-1-1-4,1,238,1,1,4
mn-1-238-1-1-5,mn-238-1-1-5,1,238,1,1,5
mn-1-238-1-1-6,mn-238-1-1-6,1,238,1,1,6
mn-1-238-1-1-7,mn-238-1-1-7,1,238,1,1,7
mn-1-238-1-1-8,mn-238-1-1-8,1,238,1,1,8
mn-1-238-1-1-9,mn-238-1-1-9,1,238,1,1,9
mn-1-238-5-2-1,mn-238-5-2-1,1,238,5,2,1
mn-1-238-6-2-1,mn-238-6-2-1,1,238,6,2,1
mn-1-238-6-2-2,mn-238-6-2-2,1,238,6,2,2
mn-1-238-6-2-3,mn-238-6-2-3,1,238,6,2,3
mn-1-238-7-2-1,mn-238-7-2-1,1,238,7,2,1
mn-1-238-7-2-2,mn-238-7-2-2,1,238,7,2,2
mn-1-238-7-2-3,mn-238-7-2-3,1,238,7,2,3
mn-1-238-7-2-4,mn-238-7-2-4,1,238,7,2,4
mn-1-238-7-2-5,mn-238-7-2-5,1,238,7,2,5
mn-1-238-7-2-6,mn-238-7-2-6,1,238,7,2,6
mn-1-239-1-1-1,mn-239-1-1-1,1,239,1,1,1
mn-1-239-1-1-2,mn-239-1-1-2,1,239,1,1,2
mn-1-239-1-1-3,mn-239-1-1-3,1,239,1,1,3
mn-1-239-5-2-1,mn-239-5-2-1,1,239,5,2,1
mn-1-239-6-2-1,mn-239-6-2-1,1,239,6,2,1
mn-1-239-6-2-2,mn-239-6-2-2,1,239,6,2,2
mn-1-239-6-2-3,mn-239-6-2-3,1,239,6,2,3
mn-1-239-7-2-1,mn-239-7-2-1,1,239,7,2,1
mn-1-239-7-2-2,mn-239-7-2-2,1,239,7,2,2
mn-1-239-7-2-3,mn-239-7-2-3,1,239,7,2,3
mn-1-239-7-2-4,mn-239-7-2-4,1,239,7,2,4
mn-1-239-7-2-5,mn-239-7-2-5,1,239,7,2,5
mn-1-239-7-2-6,mn-239-7-2-6,1,239,7,2,6
mn-1-240-1-1-1,mn-240-1-1-1,1,240,1,1,1
mn-1-240-1-1-2,mn-240-1-1-2,1,240,1,1,2
mn-1-240-1-1-3,mn-240-1-1-3,1,240,1,1,3
mn-1-240-1-1-4,mn-240-1-1-4,1,240,1,1,4
mn-1-240-1-1-5,mn-240-1-1-5,1,240,1,1,5
mn-1-240-1-1-6,mn-240-1-1-6,1,240,1,1,6
mn-1-240-1-1-7,mn-240-1-1-7,1,240,1,1,7
mn-1-240-1-1-8,mn-240-1-1-8,1,240,1,1,8
mn-1-240-1-1-9,mn-240-1-1-9,1,240,1,1,9
mn-1-240-5-2-1,mn-240-5-2-1,1,240,5,2,1
mn-1-240-6-2-1,mn-240-6-2-1,1,240,6,2,1
mn-1-240-6-2-2,mn-240-6-2-2,1,240,6,2,2
mn-1-240-6-2-3,mn-240-6-2-3,1,240,6,2,3
mn-1-240-7-2-1,mn-240-7-2-1,1,240,7,2,1
mn-1-240-7-2-2,mn-240-7-2-2,1,240,7,2,2
mn-1-240-7-2-3,mn-240-7-2-3,1,240,7,2,3
mn-1-240-7-2-4,mn-240-7-2-4,1,240,7,2,4
mn-1-240-7-2-5,mn-240-7-2-5,1,240,7,2,5
mn-1-240-7-2-6,mn-240-7-2-6,1,240,7,2,6
mn-1-241-1-1-1,mn-241-1-1-1,1,241,1,1,1
mn-1-241-1-1-2,mn-241-1-1-2,1,241,1,1,2
mn-1-241-1-1-3,mn-241-1-1-3,1,241,1,1,3
mn-1-241-1-1-4,mn-241-1-1-4,1,241,1,1,4
mn-1-241-1-1-5,mn-241-1-1-5,1,241,1,1,5
mn-1-241-1-1-6,mn-241-1-1-6,1,241,1,1,6
mn-1-241-5-2-1,mn-241-5-2-1,1,241,5,2,1
mn-1-241-6-2-1,mn-241-6-2-1,1,241,6,2,1
mn-1-241-6-2-2,mn-241-6-2-2,1,241,6,2,2
mn-1-241-6-2-3,mn-241-6-2-3,1,241,6,2,3
mn-1-241-7-2-1,mn-241-7-2-1,1,241,7,2,1
mn-1-241-7-2-2,mn-241-7-2-2,1,241,7,2,2
mn-1-241-7-2-3,mn-241-7-2-3,1,241,7,2,3
mn-1-241-7-2-4,mn-241-7-2-4,1,241,7,2,4
mn-1-241-7-2-5,mn-241-7-2-5,1,241,7,2,5
mn-1-241-7-2-6,mn-241-7-2-6,1,241,7,2,6
mn-1-242-1-1-1,mn-242-1-1-1,1,242,1,1,1
mn-1-242-1-1-2,mn-242-1-1-2,1,242,1,1,2
mn-1-242-1-1-3,mn-242-1-1-3,1,242,1,1,3
mn-1-242-5-2-1,mn-242-5-2-1,1,242,5,2,1
mn-1-242-6-2-1,mn-242-6-2-1,1,242,6,2,1
mn-1-242-6-2-2,mn-242-6-2-2,1,242,6,2,2
mn-1-242-6-2-3,mn-242-6-2-3,1,242,6,2,3
mn-1-242-7-2-1,mn-242-7-2-1,1,242,7,2,1
mn-1-242-7-2-2,mn-242-7-2-2,1,242,7,2,2
mn-1-242-7-2-3,mn-242-7-2-3,1,242,7,2,3
mn-1-242-7-2-4,mn-242-7-2-4,1,242,7,2,4
mn-1-242-7-2-5,mn-242-7-2-5,1,242,7,2,5
mn-1-242-7-2-6,mn-242-7-2-6,1,242,7,2,6
mn-1-243-1-1-1,mn-243-1-1-1,1,243,1,1,1
mn-1-243-1-1-2,mn-243-1-1-2,1,243,1,1,2
mn-1-243-1-1-3,mn-243-1-1-3,1,243,1,1,3
mn-1-243-1-1-4,mn-243-1-1-4,1,243,1,1,4
mn-1-243-1-1-5,mn-243-1-1-5,1,243,1,1,5
mn-1-243-1-1-6,mn-243-1-1-6,1,243,1,1,6
mn-1-243-5-2-1,mn-243-5-2-1,1,243,5,2,1
mn-1-243-6-2-1,mn-243-6-2-1,1,243,6,2,1
mn-1-243-6-2-2,mn-243-6-2-2,1,243,6,2,2
mn-1-243-6-2-3,mn-243-6-2-3,1,243,6,2,3
mn-1-243-7-2-1,mn-243-7-2-1,1,243,7,2,1
mn-1-243-7-2-2,mn-243-7-2-2,1,243,7,2,2
mn-1-243-7-2-3,mn-243-7-2-3,1,243,7,2,3
mn-1-243-7-2-4,mn-243-7-2-4,1,243,7,2,4
mn-1-243-7-2-5,mn-243-7-2-5,1,243,7,2,5
mn-1-243-7-2-6,mn-243-7-2-6,1,243,7,2,6
mn-1-244-1-1-1,mn-244-1-1-1,1,244,1,1,1
mn-1-244-1-1-2,mn-244-1-1-2,1,244,1,1,2
mn-1-244-1-1-3,mn-244-1-1-3,1,244,1,1,3
mn-1-244-1-1-4,mn-244-1-1-4,1,244,1,1,4
mn-1-244-1-1-5,mn-244-1-1-5,1,244,1,1,5
mn-1-244-1-1-6,mn-244-1-1-6,1,244,1,1,6
mn-1-244-1-1-7,mn-244-1-1-7,1,244,1,1,7
mn-1-244-1-1-8,mn-244-1-1-8,1,244,1,1,8
mn-1-244-1-1-9,mn-244-1-1-9,1,244,1,1,9
mn-1-244-5-2-1,mn-244-5-2-1,1,244,5,2,1
mn-1-244-6-2-1,mn-244-6-2-1,1,244,6,2,1
mn-1-244-6-2-2,mn-244-6-2-2,1,244,6,2,2
mn-1-244-6-2-3,mn-244-6-2-3,1,244,6,2,3
mn-1-244-7-2-1,mn-244-7-2-1,1,244,7,2,1
mn-1-244-7-2-2,mn-244-7-2-2,1,244,7,2,2
mn-1-244-7-2-3,mn-244-7-2-3,1,244,7,2,3
mn-1-244-7-2-4,mn-244-7-2-4,1,244,7,2,4
mn-1-244-7-2-5,mn-244-7-2-5,1,244,7,2,5
mn-1-244-7-2-6,mn-244-7-2-6,1,244,7,2,6
mn-1-245-1-1-1,mn-245-1-1-1,1,245,1,1,1
mn-1-245-1-1-2,mn-245-1-1-2,1,245,1,1,2
mn-1-245-1-1-3,mn-245-1-1-3,1,245,1,1,3
mn-1-245-1-1-4,mn-245-1-1-4,1,245,1,1,4
mn-1-245-1-1-5,mn-245-1-1-5,1,245,1,1,5
mn-1-245-1-1-6,mn-245-1-1-6,1,245,1,1,6
mn-1-245-5-2-1,mn-245-5-2-1,1,245,5,2,1
mn-1-245-6-2-1,mn-245-6-2-1,1,245,6,2,1
mn-1-245-6-2-2,mn-245-6-2-2,1,245,6,2,2
mn-1-245-6-2-3,mn-245-6-2-3,1,245,6,2,3
mn-1-245-7-2-1,mn-245-7-2-1,1,245,7,2,1
mn-1-245-7-2-2,mn-245-7-2-2,1,245,7,2,2
mn-1-245-7-2-3,mn-245-7-2-3,1,245,7,2,3
mn-1-245-7-2-4,mn-245-7-2-4,1,245,7,2,4
mn-1-245-7-2-5,mn-245-7-2-5,1,245,7,2,5
mn-1-245-7-2-6,mn-245-7-2-6,1,245,7,2,6
mn-1-246-1-1-1,mn-246-1-1-1,1,246,1,1,1
mn-1-246-1-1-2,mn-246-1-1-2,1,246,1,1,2
mn-1-246-1-1-3,mn-246-1-1-3,1,246,1,1,3
mn-1-246-5-2-1,mn-246-5-2-1,1,246,5,2,1
mn-1-246-6-2-1,mn-246-6-2-1,1,246,6,2,1
mn-1-246-6-2-2,mn-246-6-2-2,1,246,6,2,2
mn-1-246-6-2-3,mn-246-6-2-3,1,246,6,2,3
mn-1-246-7-2-1,mn-246-7-2-1,1,246,7,2,1
mn-1-246-7-2-2,mn-246-7-2-2,1,246,7,2,2
mn-1-246-7-2-3,mn-246-7-2-3,1,246,7,2,3
mn-1-246-7-2-4,mn-246-7-2-4,1,246,7,2,4
mn-1-246-7-2-5,mn-246-7-2-5,1,246,7,2,5
mn-1-246-7-2-6,mn-246-7-2-6,1,246,7,2,6
mn-1-247-1-1-1,mn-247-1-1-1,1,247,1,1,1
mn-1-247-1-1-2,mn-247-1-1-2,1,247,1,1,2
mn-1-247-1-1-3,mn-247-1-1-3,1,247,1,1,3
mn-1-247-1-1-4,mn-247-1-1-4,1,247,1,1,4
mn-1-247-1-1-5,mn-247-1-1-5,1,247,1,1,5
mn-1-247-1-1-6,mn-247-1-1-6,1,247,1,1,6
mn-1-247-1-1-7,mn-247-1-1-7,1,247,1,1,7
mn-1-247-1-1-8,mn-247-1-1-8,1,247,1,1,8
mn-1-247-1-1-9,mn-247-1-1-9,1,247,1,1,9
mn-1-247-5-2-1,mn-247-5-2-1,1,247,5,2,1
mn-1-247-6-2-1,mn-247-6-2-1,1,247,6,2,1
mn-1-247-6-2-2,mn-247-6-2-2,1,247,6,2,2
mn-1-247-6-2-3,mn-247-6-2-3,1,247,6,2,3
mn-1-247-7-2-1,mn-247-7-2-1,1,247,7,2,1
mn-1-247-7-2-2,mn-247-7-2-2,1,247,7,2,2
mn-1-247-7-2-3,mn-247-7-2-3,1,247,7,2,3
mn-1-247-7-2-4,mn-247-7-2-4,1,247,7,2,4
mn-1-247-7-2-5,mn-247-7-2-5,1,247,7,2,5
mn-1-247-7-2-6,mn-247-7-2-6,1,247,7,2,6
mn-1-248-1-1-1,mn-248-1-1-1,1,248,1,1,1
mn-1-248-1-1-2,mn-248-1-1-2,1,248,1,1,2
mn-1-248-1-1-3,mn-248-1-1-3,1,248,1,1,3
mn-1-248-1-1-4,mn-248-1-1-4,1,248,1,1,4
mn-1-248-1-1-5,mn-248-1-1-5,1,248,1,1,5
mn-1-248-1-1-6,mn-248-1-1-6,1,248,1,1,6
mn-1-248-1-1-7,mn-248-1-1-7,1,248,1,1,7
mn-1-248-1-1-8,mn-248-1-1-8,1,248,1,1,8
mn-1-248-1-1-9,mn-248-1-1-9,1,248,1,1,9
mn-1-248-5-2-1,mn-248-5-2-1,1,248,5,2,1
mn-1-248-6-2-1,mn-248-6-2-1,1,248,6,2,1
mn-1-248-6-2-2,mn-248-6-2-2,1,248,6,2,2
mn-1-248-6-2-3,mn-248-6-2-3,1,248,6,2,3
mn-1-248-7-2-1,mn-248-7-2-1,1,248,7,2,1
mn-1-248-7-2-2,mn-248-7-2-2,1,248,7,2,2
mn-1-248-7-2-3,mn-248-7-2-3,1,248,7,2,3
mn-1-248-7-2-4,mn-248-7-2-4,1,248,7,2,4
mn-1-248-7-2-5,mn-248-7-2-5,1,248,7,2,5
mn-1-248-7-2-6,mn-248-7-2-6,1,248,7,2,6
mn-1-249-1-1-1,mn-249-1-1-1,1,249,1,1,1
mn-1-249-1-1-2,mn-249-1-1-2,1,249,1,1,2
mn-1-249-1-1-3,mn-249-1-1-3,1,249,1,1,3
mn-1-249-1-1-4,mn-249-1-1-4,1,249,1,1,4
mn-1-249-1-1-5,mn-249-1-1-5,1,249,1,1,5
mn-1-249-5-2-1,mn-249-5-2-1,1,249,5,2,1
mn-1-249-6-2-1,mn-249-6-2-1,1,249,6,2,1
mn-1-249-6-2-2,mn-249-6-2-2,1,249,6,2,2
mn-1-249-6-2-3,mn-249-6-2-3,1,249,6,2,3
mn-1-249-6-2-4,mn-249-6-2-4,1,249,6,2,4
mn-1-250-1-1-1,mn-250-1-1-1,1,250,1,1,1
mn-1-250-1-1-2,mn-250-1-1-2,1,250,1,1,2
mn-1-250-1-1-3,mn-250-1-1-3,1,250,1,1,3
mn-1-250-1-1-4,mn-250-1-1-4,1,250,1,1,4
mn-1-250-1-1-5,mn-250-1-1-5,1,250,1,1,5
mn-1-250-1-1-6,mn-250-1-1-6,1,250,1,1,6
mn-1-250-5-2-1,mn-250-5-2-1,1,250,5,2,1
mn-1-250-6-2-1,mn-250-6-2-1,1,250,6,2,1
mn-1-250-6-2-2,mn-250-6-2-2,1,250,6,2,2
mn-1-250-6-2-3,mn-250-6-2-3,1,250,6,2,3
mn-1-251-1-1-1,mn-251-1-1-1,1,251,1,1,1
mn-1-251-1-1-2,mn-251-1-1-2,1,251,1,1,2
mn-1-251-1-1-3,mn-251-1-1-3,1,251,1,1,3
mn-1-251-1-1-4,mn-251-1-1-4,1,251,1,1,4
mn-1-251-5-2-1,mn-251-5-2-1,1,251,5,2,1
mn-1-251-6-2-1,mn-251-6-2-1,1,251,6,2,1
mn-1-251-6-2-2,mn-251-6-2-2,1,251,6,2,2
mn-1-251-6-2-3,mn-251-6-2-3,1,251,6,2,3
mn-1-251-6-2-4,mn-251-6-2-4,1,251,6,2,4
mn-1-252-1-1-1,mn-252-1-1-1,1,252,1,1,1
mn-1-252-1-1-2,mn-252-1-1-2,1,252,1,1,2
mn-1-252-1-1-3,mn-252-1-1-3,1,252,1,1,3
mn-1-252-1-1-4,mn-252-1-1-4,1,252,1,1,4
mn-1-252-1-1-5,mn-252-1-1-5,1,252,1,1,5
mn-1-252-1-1-6,mn-252-1-1-6,1,252,1,1,6
mn-1-252-5-2-1,mn-252-5-2-1,1,252,5,2,1
mn-1-252-6-2-1,mn-252-6-2-1,1,252,6,2,1
mn-1-252-6-2-2,mn-252-6-2-2,1,252,6,2,2
mn-1-252-6-2-3,mn-252-6-2-3,1,252,6,2,3
mn-1-253-1-1-1,mn-253-1-1-1,1,253,1,1,1
mn-1-253-1-1-2,mn-253-1-1-2,1,253,1,1,2
mn-1-253-1-1-3,mn-253-1-1-3,1,253,1,1,3
mn-1-253-1-1-4,mn-253-1-1-4,1,253,1,1,4
mn-1-253-5-2-1,mn-253-5-2-1,1,253,5,2,1
mn-1-253-6-2-1,mn-253-6-2-1,1,253,6,2,1
mn-1-253-6-2-2,mn-253-6-2-2,1,253,6,2,2
mn-1-253-6-2-3,mn-253-6-2-3,1,253,6,2,3
mn-1-253-6-2-4,mn-253-6-2-4,1,253,6,2,4
mn-1-254-1-1-1,mn-254-1-1-1,1,254,1,1,1
mn-1-254-1-1-2,mn-254-1-1-2,1,254,1,1,2
mn-1-254-1-1-3,mn-254-1-1-3,1,254,1,1,3
mn-1-254-1-1-4,mn-254-1-1-4,1,254,1,1,4
mn-1-254-1-1-5,mn-254-1-1-5,1,254,1,1,5
mn-1-254-1-1-6,mn-254-1-1-6,1,254,1,1,6
mn-1-254-5-2-1,mn-254-5-2-1,1,254,5,2,1
mn-1-254-6-2-1,mn-254-6-2-1,1,254,6,2,1
mn-1-254-6-2-2,mn-254-6-2-2,1,254,6,2,2
mn-1-254-6-2-3,mn-254-6-2-3,1,254,6,2,3
mn-1-255-1-1-1,mn-255-1-1-1,1,255,1,1,1
mn-1-255-1-1-2,mn-255-1-1-2,1,255,1,1,2
mn-1-255-1-1-3,mn-255-1-1-3,1,255,1,1,3
mn-1-255-1-1-4,mn-255-1-1-4,1,255,1,1,4
mn-1-255-5-2-1,mn-255-5-2-1,1,255,5,2,1
mn-1-255-6-2-1,mn-255-6-2-1,1,255,6,2,1
mn-1-255-6-2-2,mn-255-6-2-2,1,255,6,2,2
mn-1-255-6-2-3,mn-255-6-2-3,1,255,6,2,3
mn-1-255-6-2-4,mn-255-6-2-4,1,255,6,2,4
mn-1-256-1-1-1,mn-256-1-1-1,1,256,1,1,1
mn-1-256-1-1-2,mn-256-1-1-2,1,256,1,1,2
mn-1-256-1-1-3,mn-256-1-1-3,1,256,1,1,3
mn-1-256-1-1-4,mn-256-1-1-4,1,256,1,1,4
mn-1-256-1-1-5,mn-256-1-1-5,1,256,1,1,5
mn-1-256-1-1-6,mn-256-1-1-6,1,256,1,1,6
mn-1-256-5-2-1,mn-256-5-2-1,1,256,5,2,1
mn-1-256-6-2-1,mn-256-6-2-1,1,256,6,2,1
mn-1-256-6-2-2,mn-256-6-2-2,1,256,6,2,2
mn-1-256-6-2-3,mn-256-6-2-3,1,256,6,2,3
mn-1-257-1-1-1,mn-257-1-1-1,1,257,1,1,1
mn-1-257-1-1-2,mn-257-1-1-2,1,257,1,1,2
mn-1-257-1-1-3,mn-257-1-1-3,1,257,1,1,3
mn-1-257-1-1-4,mn-257-1-1-4,1,257,1,1,4
mn-1-257-5-2-1,mn-257-5-2-1,1,257,5,2,1
mn-1-257-6-2-1,mn-257-6-2-1,1,257,6,2,1
mn-1-257-6-2-2,mn-257-6-2-2,1,257,6,2,2
mn-1-257-6-2-3,mn-257-6-2-3,1,257,6,2,3
mn-1-257-6-2-4,mn-257-6-2-4,1,257,6,2,4
mn-1-258-1-1-1,mn-258-1-1-1,1,258,1,1,1
mn-1-258-1-1-2,mn-258-1-1-2,1,258,1,1,2
mn-1-258-1-1-3,mn-258-1-1-3,1,258,1,1,3
mn-1-258-1-1-4,mn-258-1-1-4,1,258,1,1,4
mn-1-258-1-1-5,mn-258-1-1-5,1,258,1,1,5
mn-1-258-1-1-6,mn-258-1-1-6,1,258,1,1,6
mn-1-258-5-2-1,mn-258-5-2-1,1,258,5,2,1
mn-1-258-6-2-1,mn-258-6-2-1,1,258,6,2,1
mn-1-258-6-2-2,mn-258-6-2-2,1,258,6,2,2
mn-1-258-6-2-3,mn-258-6-2-3,1,258,6,2,3
mn-1-259-1-1-1,mn-259-1-1-1,1,259,1,1,1
mn-1-259-1-1-2,mn-259-1-1-2,1,259,1,1,2
mn-1-259-1-1-3,mn-259-1-1-3,1,259,1,1,3
mn-1-259-1-1-4,mn-259-1-1-4,1,259,1,1,4
mn-1-259-1-1-5,mn-259-1-1-5,1,259,1,1,5
mn-1-259-1-1-6,mn-259-1-1-6,1,259,1,1,6
mn-1-259-5-2-1,mn-259-5-2-1,1,259,5,2,1
mn-1-259-6-2-1,mn-259-6-2-1,1,259,6,2,1
mn-1-260-1-1-1,mn-260-1-1-1,1,260,1,1,1
mn-1-260-1-2-1,mn-260-1-2-1,1,260,1,2,1
mn-1-260-1-2-2,mn-260-1-2-2,1,260,1,2,2
mn-1-260-1-2-3,mn-260-1-2-3,1,260,1,2,3
mn-1-260-1-2-4,mn-260-1-2-4,1,260,1,2,4
mn-1-260-1-2-5,mn-260-1-2-5,1,260,1,2,5
mn-1-260-5-2-1,mn-260-5-2-1,1,260,5,2,1
mn-1-260-6-2-1,mn-260-6-2-1,1,260,6,2,1
mn-1-261-1-1-1,mn-261-1-1-1,1,261,1,1,1
mn-1-261-5-2-1,mn-261-5-2-1,1,261,5,2,1
mn-1-261-6-2-1,mn-261-6-2-1,1,261,6,2,1
mn-1-261-6-2-2,mn-261-6-2-2,1,261,6,2,2
mn-1-261-6-2-3,mn-261-6-2-3,1,261,6,2,3
mn-1-261-6-2-4,mn-261-6-2-4,1,261,6,2,4
mn-1-262-1-1-1,mn-262-1-1-1,1,262,1,1,1
mn-1-262-1-1-2,mn-262-1-1-2,1,262,1,1,2
mn-1-262-5-2-1,mn-262-5-2-1,1,262,5,2,1
mn-1-262-6-2-1,mn-262-6-2-1,1,262,6,2,1
mn-1-262-6-2-2,mn-262-6-2-2,1,262,6,2,2
mn-1-263-1-1-1,mn-263-1-1-1,1,263,1,1,1
mn-1-263-5-2-1,mn-263-5-2-1,1,263,5,2,1
mn-1-264-1-1-1,mn-264-1-1-1,1,264,1,1,1
mn-1-264-1-1-2,mn-264-1-1-2,1,264,1,1,2
mn-1-264-5-2-1,mn-264-5-2-1,1,264,5,2,1
mn-1-264-5-2-2,mn-264-5-2-2,1,264,5,2,2
mn-1-265-1-1-1,mn-265-1-1-1,1,265,1,1,1
mn-1-265-2-1-1,mn-265-2-1-1,1,265,2,1,1
mn-1-265-5-2-1,mn-265-5-2-1,1,265,5,2,1
mn-1-265-6-2-1,mn-265-6-2-1,1,265,6,2,1
mn-1-265-6-2-2,mn-265-6-2-2,1,265,6,2,2
mn-1-266-1-1-1,mn-266-1-1-1,1,266,1,1,1
mn-1-266-2-1-1,mn-266-2-1-1,1,266,2,1,1
mn-1-266-5-2-1,mn-266-5-2-1,1,266,5,2,1
mn-1-266-6-2-1,mn-266-6-2-1,1,266,6,2,1
mn-1-266-6-2-2,mn-266-6-2-2,1,266,6,2,2
mn-1-267-1-1-1,mn-267-1-1-1,1,267,1,1,1
mn-1-267-2-1-1,mn-267-2-1-1,1,267,2,1,1
mn-1-267-2-1-2,mn-267-2-1-2,1,267,2,1,2
mn-1-267-2-1-3,mn-267-2-1-3,1,267,2,1,3
mn-1-267-5-2-1,mn-267-5-2-1,1,267,5,2,1
mn-1-267-6-2-1,mn-267-6-2-1,1,267,6,2,1
mn-1-267-6-2-2,mn-267-6-2-2,1,267,6,2,2
mn-1-268-1-1-1,mn-268-1-1-1,1,268,1,1,1
mn-1-268-2-1-1,mn-268-2-1-1,1,268,2,1,1
mn-1-268-2-1-2,mn-268-2-1-2,1,268,2,1,2
mn-1-268-2-1-3,mn-268-2-1-3,1,268,2,1,3
mn-1-268-5-2-1,mn-268-5-2-1,1,268,5,2,1
mn-1-268-6-2-1,mn-268-6-2-1,1,268,6,2,1
mn-1-268-6-2-2,mn-268-6-2-2,1,268,6,2,2
mn-1-269-1-1-1,mn-269-1-1-1,1,269,1,1,1
mn-1-269-2-1-1,mn-269-2-1-1,1,269,2,1,1
mn-1-269-5-2-1,mn-269-5-2-1,1,269,5,2,1
mn-1-269-6-2-1,mn-269-6-2-1,1,269,6,2,1
mn-1-269-6-2-2,mn-269-6-2-2,1,269,6,2,2
mn-1-270-1-1-1,mn-270-1-1-1,1,270,1,1,1
mn-1-270-2-1-1,mn-270-2-1-1,1,270,2,1,1
mn-1-270-5-2-1,mn-270-5-2-1,1,270,5,2,1
mn-1-270-6-2-1,mn-270-6-2-1,1,270,6,2,1
mn-1-270-6-2-2,mn-270-6-2-2,1,270,6,2,2
mn-1-271-1-1-1,mn-271-1-1-1,1,271,1,1,1
mn-1-271-2-1-1,mn-271-2-1-1,1,271,2,1,1
mn-1-271-2-1-2,mn-271-2-1-2,1,271,2,1,2
mn-1-271-2-1-3,mn-271-2-1-3,1,271,2,1,3
mn-1-271-5-2-1,mn-271-5-2-1,1,271,5,2,1
mn-1-271-6-2-1,mn-271-6-2-1,1,271,6,2,1
mn-1-271-6-2-2,mn-271-6-2-2,1,271,6,2,2
mn-1-272-1-1-1,mn-272-1-1-1,1,272,1,1,1
mn-1-272-2-1-1,mn-272-2-1-1,1,272,2,1,1
mn-1-272-2-1-2,mn-272-2-1-2,1,272,2,1,2
mn-1-272-2-1-3,mn-272-2-1-3,1,272,2,1,3
mn-1-272-5-2-1,mn-272-5-2-1,1,272,5,2,1
mn-1-272-6-2-1,mn-272-6-2-1,1,272,6,2,1
mn-1-272-6-2-2,mn-272-6-2-2,1,272,6,2,2
mn-1-273-1-1-1,mn-273-1-1-1,1,273,1,1,1
mn-1-273-2-1-1,mn-273-2-1-1,1,273,2,1,1
mn-1-273-5-1-1,mn-273-5-1-1,1,273,5,1,1
mn-1-273-6-2-1,mn-273-6-2-1,1,273,6,2,1
mn-1-273-7-2-1,mn-273-7-2-1,1,273,7,2,1
mn-1-274-1-1-1,mn-274-1-1-1,1,274,1,1,1
mn-1-274-2-1-1,mn-274-2-1-1,1,274,2,1,1
mn-1-274-2-1-2,mn-274-2-1-2,1,274,2,1,2
mn-1-274-5-1-1,mn-274-5-1-1,1,274,5,1,1
mn-1-274-5-2-1,mn-274-5-2-1,1,274,5,2,1
mn-1-274-6-2-1,mn-274-6-2-1,1,274,6,2,1
mn-1-274-6-2-2,mn-274-6-2-2,1,274,6,2,2
mn-1-274-7-2-1,mn-274-7-2-1,1,274,7,2,1
mn-1-274-7-2-2,mn-274-7-2-2,1,274,7,2,2
mn-1-275-1-1-1,mn-275-1-1-1,1,275,1,1,1
mn-1-275-5-2-1,mn-275-5-2-1,1,275,5,2,1
mn-1-275-6-2-1,mn-275-6-2-1,1,275,6,2,1
mn-1-275-7-2-1,mn-275-7-2-1,1,275,7,2,1
mn-1-276-1-1-1,mn-276-1-1-1,1,276,1,1,1
mn-1-276-5-2-1,mn-276-5-2-1,1,276,5,2,1
mn-1-276-6-2-1,mn-276-6-2-1,1,276,6,2,1
mn-1-276-7-2-1,mn-276-7-2-1,1,276,7,2,1
mn-1-277-1-1-1,mn-277-1-1-1,1,277,1,1,1
mn-1-277-5-2-1,mn-277-5-2-1,1,277,5,2,1
mn-1-277-6-2-1,mn-277-6-2-1,1,277,6,2,1
mn-1-277-6-2-2,mn-277-6-2-2,1,277,6,2,2
mn-1-277-6-2-3,mn-277-6-2-3,1,277,6,2,3
mn-1-277-6-2-4,mn-277-6-2-4,1,277,6,2,4
mn-1-277-6-2-5,mn-277-6-2-5,1,277,6,2,5
mn-1-278-1-1-1,mn-278-1-1-1,1,278,1,1,1
mn-1-278-1-1-2,mn-278-1-1-2,1,278,1,1,2
mn-1-278-1-1-3,mn-278-1-1-3,1,278,1,1,3
mn-1-278-1-1-4,mn-278-1-1-4,1,278,1,1,4
mn-1-278-1-1-5,mn-278-1-1-5,1,278,1,1,5
mn-1-278-5-2-1,mn-278-5-2-1,1,278,5,2,1
mn-1-278-6-2-1,mn-278-6-2-1,1,278,6,2,1
mn-1-278-6-2-2,mn-278-6-2-2,1,278,6,2,2
mn-1-278-6-2-3,mn-278-6-2-3,1,278,6,2,3
mn-1-278-6-2-4,mn-278-6-2-4,1,278,6,2,4
mn-1-278-6-2-5,mn-278-6-2-5,1,278,6,2,5
mn-1-278-6-2-6,mn-278-6-2-6,1,278,6,2,6
mn-1-278-6-2-7,mn-278-6-2-7,1,278,6,2,7
mn-1-279-1-1-1,mn-279-1-1-1,1,279,1,1,1
mn-1-279-1-1-2,mn-279-1-1-2,1,279,1,1,2
mn-1-279-1-1-3,mn-279-1-1-3,1,279,1,1,3
mn-1-279-5-2-1,mn-279-5-2-1,1,279,5,2,1
mn-1-279-6-2-1,mn-279-6-2-1,1,279,6,2,1
mn-1-279-6-2-2,mn-279-6-2-2,1,279,6,2,2
mn-1-279-6-2-3,mn-279-6-2-3,1,279,6,2,3
mn-1-279-6-2-4,mn-279-6-2-4,1,279,6,2,4
mn-1-279-6-2-5,mn-279-6-2-5,1,279,6,2,5
mn-1-279-6-2-6,mn-279-6-2-6,1,279,6,2,6
mn-1-280-1-1-1,mn-280-1-1-1,1,280,1,1,1
mn-1-280-1-1-2,mn-280-1-1-2,1,280,1,1,2
mn-1-280-1-1-3,mn-280-1-1-3,1,280,1,1,3
mn-1-280-1-1-4,mn-280-1-1-4,1,280,1,1,4
mn-1-280-1-1-5,mn-280-1-1-5,1,280,1,1,5
mn-1-280-5-2-1,mn-280-5-2-1,1,280,5,2,1
mn-1-280-6-2-1,mn-280-6-2-1,1,280,6,2,1
mn-1-280-6-2-2,mn-280-6-2-2,1,280,6,2,2
mn-1-280-6-2-3,mn-280-6-2-3,1,280,6,2,3
mn-1-280-6-2-4,mn-280-6-2-4,1,280,6,2,4
mn-1-280-6-2-5,mn-280-6-2-5,1,280,6,2,5
mn-1-280-6-2-6,mn-280-6-2-6,1,280,6,2,6
mn-1-280-6-2-7,mn-280-6-2-7,1,280,6,2,7
mn-1-281-1-1-1,mn-281-1-1-1,1,281,1,1,1
mn-1-281-1-1-2,mn-281-1-1-2,1,281,1,1,2
mn-1-281-1-1-3,mn-281-1-1-3,1,281,1,1,3
mn-1-281-1-1-4,mn-281-1-1-4,1,281,1,1,4
mn-1-281-1-1-5,mn-281-1-1-5,1,281,1,1,5
mn-1-281-1-1-6,mn-281-1-1-6,1,281,1,1,6
mn-1-281-5-2-1,mn-281-5-2-1,1,281,5,2,1
mn-1-281-6-2-1,mn-281-6-2-1,1,281,6,2,1
mn-1-281-6-2-2,mn-281-6-2-2,1,281,6,2,2
mn-1-281-6-2-3,mn-281-6-2-3,1,281,6,2,3
mn-1-281-6-2-4,mn-281-6-2-4,1,281,6,2,4
mn-1-281-6-2-5,mn-281-6-2-5,1,281,6,2,5
mn-1-282-1-1-1,mn-282-1-1-1,1,282,1,1,1
mn-1-282-1-1-2,mn-282-1-1-2,1,282,1,1,2
mn-1-282-1-1-3,mn-282-1-1-3,1,282,1,1,3
mn-1-282-1-1-4,mn-282-1-1-4,1,282,1,1,4
mn-1-282-1-1-5,mn-282-1-1-5,1,282,1,1,5
mn-1-282-1-1-6,mn-282-1-1-6,1,282,1,1,6
mn-1-282-5-2-1,mn-282-5-2-1,1,282,5,2,1
mn-1-282-6-2-1,mn-282-6-2-1,1,282,6,2,1
mn-1-282-6-2-2,mn-282-6-2-2,1,282,6,2,2
mn-1-282-6-2-3,mn-282-6-2-3,1,282,6,2,3
mn-1-283-1-1-1,mn-283-1-1-1,1,283,1,1,1
mn-1-283-1-1-2,mn-283-1-1-2,1,283,1,1,2
mn-1-283-1-1-3,mn-283-1-1-3,1,283,1,1,3
mn-1-283-1-1-4,mn-283-1-1-4,1,283,1,1,4
mn-1-283-1-1-5,mn-283-1-1-5,1,283,1,1,5
mn-1-283-1-1-6,mn-283-1-1-6,1,283,1,1,6
mn-1-283-5-2-1,mn-283-5-2-1,1,283,5,2,1
mn-1-283-6-2-1,mn-283-6-2-1,1,283,6,2,1
mn-1-284-1-1-1,mn-284-1-1-1,1,284,1,1,1
mn-1-284-1-1-2,mn-284-1-1-2,1,284,1,1,2
mn-1-284-1-1-3,mn-284-1-1-3,1,284,1,1,3
mn-1-284-1-1-4,mn-284-1-1-4,1,284,1,1,4
mn-1-284-5-2-1,mn-284-5-2-1,1,284,5,2,1
mn-1-284-6-2-1,mn-284-6-2-1,1,284,6,2,1
mn-1-285-1-1-1,mn-285-1-1-1,1,285,1,1,1
mn-1-285-2-1-1,mn-285-2-1-1,1,285,2,1,1
mn-1-285-5-2-1,mn-285-5-2-1,1,285,5,2,1
mn-1-285-6-2-1,mn-285-6-2-1,1,285,6,2,1
mn-1-285-6-2-2,mn-285-6-2-2,1,285,6,2,2
mn-1-286-1-1-1,mn-286-1-1-1,1,286,1,1,1
mn-1-286-2-1-1,mn-286-2-1-1,1,286,2,1,1
mn-1-286-5-2-1,mn-286-5-2-1,1,286,5,2,1
mn-1-286-6-2-1,mn-286-6-2-1,1,286,6,2,1
mn-1-286-6-2-2,mn-286-6-2-2,1,286,6,2,2
mn-1-287-1-1-1,mn-287-1-1-1,1,287,1,1,1
mn-1-287-2-1-1,mn-287-2-1-1,1,287,2,1,1
mn-1-287-2-1-2,mn-287-2-1-2,1,287,2,1,2
mn-1-287-2-1-3,mn-287-2-1-3,1,287,2,1,3
mn-1-287-5-2-1,mn-287-5-2-1,1,287,5,2,1
mn-1-287-6-2-1,mn-287-6-2-1,1,287,6,2,1
mn-1-287-6-2-2,mn-287-6-2-2,1,287,6,2,2
mn-1-288-1-1-1,mn-288-1-1-1,1,288,1,1,1
mn-1-288-2-1-1,mn-288-2-1-1,1,288,2,1,1
mn-1-288-2-1-2,mn-288-2-1-2,1,288,2,1,2
mn-1-288-2-1-3,mn-288-2-1-3,1,288,2,1,3
mn-1-288-5-2-1,mn-288-5-2-1,1,288,5,2,1
mn-1-288-6-2-1,mn-288-6-2-1,1,288,6,2,1
mn-1-288-6-2-2,mn-288-6-2-2,1,288,6,2,2
mn-1-289-1-1-1,mn-289-1-1-1,1,289,1,1,1
mn-1-289-2-1-1,mn-289-2-1-1,1,289,2,1,1
mn-1-289-5-2-1,mn-289-5-2-1,1,289,5,2,1
mn-1-289-6-2-1,mn-289-6-2-1,1,289,6,2,1
mn-1-289-6-2-2,mn-289-6-2-2,1,289,6,2,2
mn-1-290-1-1-1,mn-290-1-1-1,1,290,1,1,1
mn-1-290-2-1-1,mn-290-2-1-1,1,290,2,1,1
mn-1-290-5-2-1,mn-290-5-2-1,1,290,5,2,1
mn-1-290-6-2-1,mn-290-6-2-1,1,290,6,2,1
mn-1-290-6-2-2,mn-290-6-2-2,1,290,6,2,2
mn-1-291-1-1-1,mn-291-1-1-1,1,291,1,1,1
mn-1-291-2-1-1,mn-291-2-1-1,1,291,2,1,1
mn-1-291-2-1-2,mn-291-2-1-2,1,291,2,1,2
mn-1-291-2-1-3,mn-291-2-1-3,1,291,2,1,3
mn-1-291-5-2-1,mn-291-5-2-1,1,291,5,2,1
mn-1-291-6-2-1,mn-291-6-2-1,1,291,6,2,1
mn-1-291-6-2-2,mn-291-6-2-2,1,291,6,2,2
mn-1-292-1-1-1,mn-292-1-1-1,1,292,1,1,1
mn-1-292-2-1-1,mn-292-2-1-1,1,292,2,1,1
mn-1-292-2-1-2,mn-292-2-1-2,1,292,2,1,2
mn-1-292-2-1-3,mn-292-2-1-3,1,292,2,1,3
mn-1-292-5-2-1,mn-292-5-2-1,1,292,5,2,1
mn-1-292-6-2-1,mn-292-6-2-1,1,292,6,2,1
mn-1-292-6-2-2,mn-292-6-2-2,1,292,6,2,2
mn-1-293-1-1-1,mn-293-1-1-1,1,293,1,1,1
mn-1-293-1-1-2,mn-293-1-1-2,1,293,1,1,2
mn-1-293-1-1-3,mn-293-1-1-3,1,293,1,1,3
mn-1-293-2-1-1,mn-293-2-1-1,1,293,2,1,1
mn-1-293-2-1-2,mn-293-2-1-2,1,293,2,1,2
mn-1-293-2-1-3,mn-293-2-1-3,1,293,2,1,3
mn-1-293-5-2-1,mn-293-5-2-1,1,293,5,2,1
mn-1-293-6-2-1,mn-293-6-2-1,1,293,6,2,1
mn-1-293-6-2-2,mn-293-6-2-2,1,293,6,2,2
mn-1-294-1-1-1,mn-294-1-1-1,1,294,1,1,1
mn-1-294-2-1-1,mn-294-2-1-1,1,294,2,1,1
mn-1-294-5-2-1,mn-294-5-2-1,1,294,5,2,1
mn-1-294-6-2-1,mn-294-6-2-1,1,294,6,2,1
mn-1-294-7-2-1,mn-294-7-2-1,1,294,7,2,1
mn-1-295-1-1-1,mn-295-1-1-1,1,295,1,1,1
mn-1-295-2-1-1,mn-295-2-1-1,1,295,2,1,1
mn-1-295-2-1-2,mn-295-2-1-2,1,295,2,1,2
mn-1-295-5-2-1,mn-295-5-2-1,1,295,5,2,1
mn-1-295-5-2-2,mn-295-5-2-2,1,295,5,2,2
mn-1-295-6-2-1,mn-295-6-2-1,1,295,6,2,1
mn-1-295-6-2-2,mn-295-6-2-2,1,295,6,2,2
mn-1-295-7-2-1,mn-295-7-2-1,1,295,7,2,1
mn-1-295-7-2-2,mn-295-7-2-2,1,295,7,2,2
mn-1-296-1-1-1,mn-296-1-1-1,1,296,1,1,1
mn-1-296-5-2-1,mn-296-5-2-1,1,296,5,2,1
mn-1-296-6-2-1,mn-296-6-2-1,1,296,6,2,1
mn-1-296-7-2-1,mn-296-7-2-1,1,296,7,2,1
mn-1-297-1-1-1,mn-297-1-1-1,1,297,1,1,1
mn-1-297-5-2-1,mn-297-5-2-1,1,297,5,2,1
mn-1-297-6-2-1,mn-297-6-2-1,1,297,6,2,1
mn-1-297-7-2-1,mn-297-7-2-1,1,297,7,2,1
mn-1-298-1-1-1,mn-298-1-1-1,1,298,1,1,1
mn-1-298-5-2-1,mn-298-5-2-1,1,298,5,2,1
mn-1-298-6-2-1,mn-298-6-2-1,1,298,6,2,1
mn-1-299-1-1-1,mn-299-1-1-1,1,299,1,1,1
mn-1-299-5-2-1,mn-299-5-2-1,1,299,5,2,1
mn-1-299-6-2-1,mn-299-6-2-1,1,299,6,2,1
mn-1-300-1-1-1,mn-300-1-1-1,1,300,1,1,1
mn-1-300-5-2-1,mn-300-5-2-1,1,300,5,2,1
mn-1-300-6-2-1,mn-300-6-2-1,1,300,6,2,1
mn-1-301-1-1-1,mn-301-1-1-1,1,301,1,1,1
mn-1-301-1-1-2,mn-301-1-1-2,1,301,1,1,2
mn-1-301-1-1-3,mn-301-1-1-3,1,301,1,1,3
mn-1-301-1-1-4,mn-301-1-1-4,1,301,1,1,4
mn-1-301-1-1-5,mn-301-1-1-5,1,301,1,1,5
mn-1-301-1-1-6,mn-301-1-1-6,1,301,1,1,6
mn-1-301-5-2-1,mn-301-5-2-1,1,301,5,2,1
mn-1-301-6-2-1,mn-301-6-2-1,1,301,6,2,1
mn-1-302-1-1-1,mn-302-1-1-1,1,302,1,1,1
mn-1-302-1-1-2,mn-302-1-1-2,1,302,1,1,2
mn-1-302-1-1-3,mn-302-1-1-3,1,302,1,1,3
mn-1-302-5-2-1,mn-302-5-2-1,1,302,5,2,1
mn-1-302-6-2-1,mn-302-6-2-1,1,302,6,2,1
mn-1-302-6-2-2,mn-302-6-2-2,1,302,6,2,2
mn-1-302-6-2-3,mn-302-6-2-3,1,302,6,2,3
mn-1-302-6-2-4,mn-302-6-2-4,1,302,6,2,4
mn-1-302-6-2-5,mn-302-6-2-5,1,302,6,2,5
mn-1-303-1-1-1,mn-303-1-1-1,1,303,1,1,1
mn-1-303-1-1-2,mn-303-1-1-2,1,303,1,1,2
mn-1-303-1-1-3,mn-303-1-1-3,1,303,1,1,3
mn-1-303-1-1-4,mn-303-1-1-4,1,303,1,1,4
mn-1-303-1-1-5,mn-303-1-1-5,1,303,1,1,5
mn-1-303-5-2-1,mn-303-5-2-1,1,303,5,2,1
mn-1-303-6-2-1,mn-303-6-2-1,1,303,6,2,1
mn-1-303-6-2-2,mn-303-6-2-2,1,303,6,2,2
mn-1-303-6-2-3,mn-303-6-2-3,1,303,6,2,3
mn-1-303-6-2-4,mn-303-6-2-4,1,303,6,2,4
mn-1-303-6-2-5,mn-303-6-2-5,1,303,6,2,5
mn-1-303-6-2-6,mn-303-6-2-6,1,303,6,2,6
mn-1-303-6-2-7,mn-303-6-2-7,1,303,6,2,7
mn-1-304-1-1-1,mn-304-1-1-1,1,304,1,1,1
mn-1-304-1-1-2,mn-304-1-1-2,1,304,1,1,2
mn-1-304-1-1-3,mn-304-1-1-3,1,304,1,1,3
mn-1-304-5-2-1,mn-304-5-2-1,1,304,5,2,1
mn-1-304-6-2-1,mn-304-6-2-1,1,304,6,2,1
mn-1-304-6-2-2,mn-304-6-2-2,1,304,6,2,2
mn-1-304-6-2-3,mn-304-6-2-3,1,304,6,2,3
mn-1-304-6-2-4,mn-304-6-2-4,1,304,6,2,4
mn-1-304-6-2-5,mn-304-6-2-5,1,304,6,2,5
mn-1-304-6-2-6,mn-304-6-2-6,1,304,6,2,6
mn-1-305-1-1-1,mn-305-1-1-1,1,305,1,1,1
mn-1-305-1-1-2,mn-305-1-1-2,1,305,1,1,2
mn-1-305-1-1-3,mn-305-1-1-3,1,305,1,1,3
mn-1-305-1-1-4,mn-305-1-1-4,1,305,1,1,4
mn-1-305-1-1-5,mn-305-1-1-5,1,305,1,1,5
mn-1-305-5-2-1,mn-305-5-2-1,1,305,5,2,1
mn-1-305-6-2-1,mn-305-6-2-1,1,305,6,2,1
mn-1-305-6-2-2,mn-305-6-2-2,1,305,6,2,2
mn-1-305-6-2-3,mn-305-6-2-3,1,305,6,2,3
mn-1-305-6-2-4,mn-305-6-2-4,1,305,6,2,4
mn-1-305-6-2-5,mn-305-6-2-5,1,305,6,2,5
mn-1-305-6-2-6,mn-305-6-2-6,1,305,6,2,6
mn-1-305-6-2-7,mn-305-6-2-7,1,305,6,2,7
mn-1-306-1-1-1,mn-306-1-1-1,1,306,1,1,1
mn-1-306-5-2-1,mn-306-5-2-1,1,306,5,2,1
mn-1-306-6-2-1,mn-306-6-2-1,1,306,6,2,1
mn-1-306-6-2-2,mn-306-6-2-2,1,306,6,2,2
mn-1-306-6-2-3,mn-306-6-2-3,1,306,6,2,3
mn-1-306-6-2-4,mn-306-6-2-4,1,306,6,2,4
mn-1-306-6-2-5,mn-306-6-2-5,1,306,6,2,5
mn-1-307-1-1-1,mn-307-1-1-1,1,307,1,1,1
mn-1-307-1-1-2,mn-307-1-1-2,1,307,1,1,2
mn-1-307-1-1-3,mn-307-1-1-3,1,307,1,1,3
mn-1-307-1-1-4,mn-307-1-1-4,1,307,1,1,4
mn-1-307-1-1-5,mn-307-1-1-5,1,307,1,1,5
mn-1-307-5-2-1,mn-307-5-2-1,1,307,5,2,1
mn-1-307-6-2-1,mn-307-6-2-1,1,307,6,2,1
mn-1-307-6-2-2,mn-307-6-2-2,1,307,6,2,2
mn-1-307-6-2-3,mn-307-6-2-3,1,307,6,2,3
mn-1-308-1-1-1,mn-308-1-1-1,1,308,1,1,1
mn-1-308-1-1-2,mn-308-1-1-2,1,308,1,1,2
mn-1-308-1-1-3,mn-308-1-1-3,1,308,1,1,3
mn-1-308-1-1-4,mn-308-1-1-4,1,308,1,1,4
mn-1-308-1-1-5,mn-308-1-1-5,1,308,1,1,5
mn-1-308-1-1-6,mn-308-1-1-6,1,308,1,1,6
mn-1-308-5-2-1,mn-308-5-2-1,1,308,5,2,1
mn-1-308-6-2-1,mn-308-6-2-1,1,308,6,2,1
mn-1-309-1-1-1,mn-309-1-1-1,1,309,1,1,1
mn-1-309-1-1-2,mn-309-1-1-2,1,309,1,1,2
mn-1-309-1-1-3,mn-309-1-1-3,1,309,1,1,3
mn-1-309-1-1-4,mn-309-1-1-4,1,309,1,1,4
mn-1-309-5-2-1,mn-309-5-2-1,1,309,5,2,1
mn-1-309-6-2-1,mn-309-6-2-1,1,309,6,2,1
mn-1-310-1-1-1,mn-310-1-1-1,1,310,1,1,1
mn-1-310-2-1-1,mn-310-2-1-1,1,310,2,1,1
mn-1-310-2-1-2,mn-310-2-1-2,1,310,2,1,2
mn-1-310-2-1-3,mn-310-2-1-3,1,310,2,1,3
mn-1-310-2-1-4,mn-310-2-1-4,1,310,2,1,4
mn-1-310-2-1-5,mn-310-2-1-5,1,310,2,1,5
mn-1-310-2-1-6,mn-310-2-1-6,1,310,2,1,6
mn-1-310-5-2-1,mn-310-5-2-1,1,310,5,2,1
mn-1-310-6-2-1,mn-310-6-2-1,1,310,6,2,1
mn-1-310-6-2-2,mn-310-6-2-2,1,310,6,2,2
mn-1-310-6-2-3,mn-310-6-2-3,1,310,6,2,3
mn-1-310-7-2-1,mn-310-7-2-1,1,310,7,2,1
mn-1-311-1-1-1,mn-311-1-1-1,1,311,1,1,1
mn-1-311-1-1-2,mn-311-1-1-2,1,311,1,1,2
mn-1-311-1-1-3,mn-311-1-1-3,1,311,1,1,3
mn-1-311-2-1-1,mn-311-2-1-1,1,311,2,1,1
mn-1-311-5-2-1,mn-311-5-2-1,1,311,5,2,1
mn-1-311-6-2-1,mn-311-6-2-1,1,311,6,2,1
mn-1-311-6-2-2,mn-311-6-2-2,1,311,6,2,2
mn-1-311-6-2-3,mn-311-6-2-3,1,311,6,2,3
mn-1-311-7-2-1,mn-311-7-2-1,1,311,7,2,1
mn-1-311-7-2-2,mn-311-7-2-2,1,311,7,2,2
mn-1-312-1-1-1,mn-312-1-1-1,1,312,1,1,1
mn-1-312-1-1-2,mn-312-1-1-2,1,312,1,1,2
mn-1-312-1-1-3,mn-312-1-1-3,1,312,1,1,3
mn-1-312-2-1-1,mn-312-2-1-1,1,312,2,1,1
mn-1-312-2-1-2,mn-312-2-1-2,1,312,2,1,2
mn-1-312-2-1-3,mn-312-2-1-3,1,312,2,1,3
mn-1-312-2-1-4,mn-312-2-1-4,1,312,2,1,4
mn-1-312-2-1-5,mn-312-2-1-5,1,312,2,1,5
mn-1-312-2-1-6,mn-312-2-1-6,1,312,2,1,6
mn-1-312-5-2-1,mn-312-5-2-1,1,312,5,2,1
mn-1-312-6-2-1,mn-312-6-2-1,1,312,6,2,1
mn-1-312-6-2-2,mn-312-6-2-2,1,312,6,2,2
mn-1-312-6-2-3,mn-312-6-2-3,1,312,6,2,3
mn-1-312-7-2-1,mn-312-7-2-1,1,312,7,2,1
mn-1-313-1-1-1,mn-313-1-1-1,1,313,1,1,1
mn-1-313-1-1-2,mn-313-1-1-2,1,313,1,1,2
mn-1-313-1-1-3,mn-313-1-1-3,1,313,1,1,3
mn-1-313-2-1-1,mn-313-2-1-1,1,313,2,1,1
mn-1-313-5-2-1,mn-313-5-2-1,1,313,5,2,1
mn-1-313-6-2-1,mn-313-6-2-1,1,313,6,2,1
mn-1-313-6-2-2,mn-313-6-2-2,1,313,6,2,2
mn-1-313-6-2-3,mn-313-6-2-3,1,313,6,2,3
mn-1-313-7-2-1,mn-313-7-2-1,1,313,7,2,1
mn-1-314-1-1-1,mn-314-1-1-1,1,314,1,1,1
mn-1-314-2-1-1,mn-314-2-1-1,1,314,2,1,1
mn-1-314-2-1-2,mn-314-2-1-2,1,314,2,1,2
mn-1-314-2-1-3,mn-314-2-1-3,1,314,2,1,3
mn-1-314-2-1-4,mn-314-2-1-4,1,314,2,1,4
mn-1-314-2-1-5,mn-314-2-1-5,1,314,2,1,5
mn-1-314-2-1-6,mn-314-2-1-6,1,314,2,1,6
mn-1-314-5-2-1,mn-314-5-2-1,1,314,5,2,1
mn-1-314-6-2-1,mn-314-6-2-1,1,314,6,2,1
mn-1-314-6-2-2,mn-314-6-2-2,1,314,6,2,2
mn-1-314-6-2-3,mn-314-6-2-3,1,314,6,2,3
mn-1-314-7-2-1,mn-314-7-2-1,1,314,7,2,1
mn-1-315-1-1-1,mn-315-1-1-1,1,315,1,1,1
mn-1-315-1-1-2,mn-315-1-1-2,1,315,1,1,2
mn-1-315-1-1-3,mn-315-1-1-3,1,315,1,1,3
mn-1-315-2-1-1,mn-315-2-1-1,1,315,2,1,1
mn-1-315-5-2-1,mn-315-5-2-1,1,315,5,2,1
mn-1-315-6-2-1,mn-315-6-2-1,1,315,6,2,1
mn-1-315-6-2-2,mn-315-6-2-2,1,315,6,2,2
mn-1-315-6-2-3,mn-315-6-2-3,1,315,6,2,3
mn-1-315-7-2-1,mn-315-7-2-1,1,315,7,2,1
mn-1-315-7-2-2,mn-315-7-2-2,1,315,7,2,2
mn-1-316-1-1-1,mn-316-1-1-1,1,316,1,1,1
mn-1-316-1-1-2,mn-316-1-1-2,1,316,1,1,2
mn-1-316-1-1-3,mn-316-1-1-3,1,316,1,1,3
mn-1-316-1-1-4,mn-316-1-1-4,1,316,1,1,4
mn-1-316-1-1-5,mn-316-1-1-5,1,316,1,1,5
mn-1-316-1-1-6,mn-316-1-1-6,1,316,1,1,6
mn-1-316-5-2-1,mn-316-5-2-1,1,316,5,2,1
mn-1-316-6-2-1,mn-316-6-2-1,1,316,6,2,1
mn-1-316-6-2-2,mn-316-6-2-2,1,316,6,2,2
mn-1-316-6-2-3,mn-316-6-2-3,1,316,6,2,3
mn-1-316-7-2-1,mn-316-7-2-1,1,316,7,2,1
mn-1-317-1-1-1,mn-317-1-1-1,1,317,1,1,1
mn-1-317-1-1-2,mn-317-1-1-2,1,317,1,1,2
mn-1-317-1-1-3,mn-317-1-1-3,1,317,1,1,3
mn-1-317-2-1-1,mn-317-2-1-1,1,317,2,1,1
mn-1-317-5-2-1,mn-317-5-2-1,1,317,5,2,1
mn-1-317-6-2-1,mn-317-6-2-1,1,317,6,2,1
mn-1-317-6-2-2,mn-317-6-2-2,1,317,6,2,2
mn-1-317-6-2-3,mn-317-6-2-3,1,317,6,2,3
mn-1-317-7-2-1,mn-317-7-2-1,1,317,7,2,1
mn-1-318-1-1-1,mn-318-1-1-1,1,318,1,1,1
mn-1-318-2-1-1,mn-318-2-1-1,1,318,2,1,1
mn-1-318-2-1-2,mn-318-2-1-2,1,318,2,1,2
mn-1-318-2-1-3,mn-318-2-1-3,1,318,2,1,3
mn-1-318-2-1-4,mn-318-2-1-4,1,318,2,1,4
mn-1-318-2-1-5,mn-318-2-1-5,1,318,2,1,5
mn-1-318-2-1-6,mn-318-2-1-6,1,318,2,1,6
mn-1-318-5-2-1,mn-318-5-2-1,1,318,5,2,1
mn-1-318-6-2-1,mn-318-6-2-1,1,318,6,2,1
mn-1-318-6-2-2,mn-318-6-2-2,1,318,6,2,2
mn-1-318-6-2-3,mn-318-6-2-3,1,318,6,2,3
mn-1-318-7-2-1,mn-318-7-2-1,1,318,7,2,1
mn-1-318-7-2-2,mn-318-7-2-2,1,318,7,2,2
mn-1-319-1-1-1,mn-319-1-1-1,1,319,1,1,1
mn-1-319-1-1-2,mn-319-1-1-2,1,319,1,1,2
mn-1-319-1-1-3,mn-319-1-1-3,1,319,1,1,3
mn-1-319-2-1-1,mn-319-2-1-1,1,319,2,1,1
mn-1-319-5-2-1,mn-319-5-2-1,1,319,5,2,1
mn-1-319-6-2-1,mn-319-6-2-1,1,319,6,2,1
mn-1-319-6-2-2,mn-319-6-2-2,1,319,6,2,2
mn-1-319-6-2-3,mn-319-6-2-3,1,319,6,2,3
mn-1-319-7-2-1,mn-319-7-2-1,1,319,7,2,1
mn-1-319-7-2-2,mn-319-7-2-2,1,319,7,2,2
mn-1-320-1-1-1,mn-320-1-1-1,1,320,1,1,1
mn-1-320-1-1-2,mn-320-1-1-2,1,320,1,1,2
mn-1-320-1-1-3,mn-320-1-1-3,1,320,1,1,3
mn-1-320-2-1-1,mn-320-2-1-1,1,320,2,1,1
mn-1-320-2-1-2,mn-320-2-1-2,1,320,2,1,2
mn-1-320-2-1-3,mn-320-2-1-3,1,320,2,1,3
mn-1-320-2-1-4,mn-320-2-1-4,1,320,2,1,4
mn-1-320-2-1-5,mn-320-2-1-5,1,320,2,1,5
mn-1-320-2-1-6,mn-320-2-1-6,1,320,2,1,6
mn-1-320-5-2-1,mn-320-5-2-1,1,320,5,2,1
mn-1-320-6-2-1,mn-320-6-2-1,1,320,6,2,1
mn-1-320-6-2-2,mn-320-6-2-2,1,320,6,2,2
mn-1-320-6-2-3,mn-320-6-2-3,1,320,6,2,3
mn-1-320-7-2-1,mn-320-7-2-1,1,320,7,2,1
mn-1-321-1-1-1,mn-321-1-1-1,1,321,1,1,1
mn-1-321-1-1-2,mn-321-1-1-2,1,321,1,1,2
mn-1-321-1-1-3,mn-321-1-1-3,1,321,1,1,3
mn-1-321-2-1-1,mn-321-2-1-1,1,321,2,1,1
mn-1-321-5-2-1,mn-321-5-2-1,1,321,5,2,1
mn-1-321-6-2-1,mn-321-6-2-1,1,321,6,2,1
mn-1-321-6-2-2,mn-321-6-2-2,1,321,6,2,2
mn-1-321-6-2-3,mn-321-6-2-3,1,321,6,2,3
mn-1-321-7-2-1,mn-321-7-2-1,1,321,7,2,1
mn-1-322-1-1-1,mn-322-1-1-1,1,322,1,1,1
mn-1-322-2-1-1,mn-322-2-1-1,1,322,2,1,1
mn-1-322-2-1-2,mn-322-2-1-2,1,322,2,1,2
mn-1-322-2-1-3,mn-322-2-1-3,1,322,2,1,3
mn-1-322-2-1-4,mn-322-2-1-4,1,322,2,1,4
mn-1-322-2-1-5,mn-322-2-1-5,1,322,2,1,5
mn-1-322-2-1-6,mn-322-2-1-6,1,322,2,1,6
mn-1-322-5-2-1,mn-322-5-2-1,1,322,5,2,1
mn-1-322-6-2-1,mn-322-6-2-1,1,322,6,2,1
mn-1-322-6-2-2,mn-322-6-2-2,1,322,6,2,2
mn-1-322-6-2-3,mn-322-6-2-3,1,322,6,2,3
mn-1-322-7-2-1,mn-322-7-2-1,1,322,7,2,1
mn-1-322-7-2-2,mn-322-7-2-2,1,322,7,2,2
mn-1-323-1-1-1,mn-323-1-1-1,1,323,1,1,1
mn-1-323-1-1-2,mn-323-1-1-2,1,323,1,1,2
mn-1-323-1-1-3,mn-323-1-1-3,1,323,1,1,3
mn-1-323-2-1-1,mn-323-2-1-1,1,323,2,1,1
mn-1-323-5-2-1,mn-323-5-2-1,1,323,5,2,1
mn-1-323-6-2-1,mn-323-6-2-1,1,323,6,2,1
mn-1-323-6-2-2,mn-323-6-2-2,1,323,6,2,2
mn-1-323-6-2-3,mn-323-6-2-3,1,323,6,2,3
mn-1-323-7-2-1,mn-323-7-2-1,1,323,7,2,1
mn-1-323-7-2-2,mn-323-7-2-2,1,323,7,2,2
mn-1-324-1-1-1,mn-324-1-1-1,1,324,1,1,1
mn-1-324-2-1-1,mn-324-2-1-1,1,324,2,1,1
mn-1-324-2-1-2,mn-324-2-1-2,1,324,2,1,2
mn-1-324-2-1-3,mn-324-2-1-3,1,324,2,1,3
mn-1-324-2-1-4,mn-324-2-1-4,1,324,2,1,4
mn-1-324-2-1-5,mn-324-2-1-5,1,324,2,1,5
mn-1-324-2-1-6,mn-324-2-1-6,1,324,2,1,6
mn-1-324-5-2-1,mn-324-5-2-1,1,324,5,2,1
mn-1-324-6-2-1,mn-324-6-2-1,1,324,6,2,1
mn-1-324-6-2-2,mn-324-6-2-2,1,324,6,2,2
mn-1-324-6-2-3,mn-324-6-2-3,1,324,6,2,3
mn-1-324-7-2-1,mn-324-7-2-1,1,324,7,2,1
mn-1-325-1-1-1,mn-325-1-1-1,1,325,1,1,1
mn-1-325-1-1-2,mn-325-1-1-2,1,325,1,1,2
mn-1-325-1-1-3,mn-325-1-1-3,1,325,1,1,3
mn-1-325-2-1-1,mn-325-2-1-1,1,325,2,1,1
mn-1-325-5-2-1,mn-325-5-2-1,1,325,5,2,1
mn-1-325-6-2-1,mn-325-6-2-1,1,325,6,2,1
mn-1-325-6-2-2,mn-325-6-2-2,1,325,6,2,2
mn-1-325-6-2-3,mn-325-6-2-3,1,325,6,2,3
mn-1-326-1-1-1,mn-326-1-1-1,1,326,1,1,1
mn-1-326-1-1-2,mn-326-1-1-2,1,326,1,1,2
mn-1-326-1-1-3,mn-326-1-1-3,1,326,1,1,3
mn-1-326-2-1-1,mn-326-2-1-1,1,326,2,1,1
mn-1-326-2-1-2,mn-326-2-1-2,1,326,2,1,2
mn-1-326-2-1-3,mn-326-2-1-3,1,326,2,1,3
mn-1-326-2-1-4,mn-326-2-1-4,1,326,2,1,4
mn-1-326-2-1-5,mn-326-2-1-5,1,326,2,1,5
mn-1-326-2-1-6,mn-326-2-1-6,1,326,2,1,6
mn-1-326-5-2-1,mn-326-5-2-1,1,326,5,2,1
mn-1-326-6-2-1,mn-326-6-2-1,1,326,6,2,1
mn-1-326-7-2-1,mn-326-7-2-1,1,326,7,2,1
mn-1-326-7-2-2,mn-326-7-2-2,1,326,7,2,2
mn-1-326-7-2-3,mn-326-7-2-3,1,326,7,2,3
mn-1-327-1-1-1,mn-327-1-1-1,1,327,1,1,1
mn-1-327-1-1-2,mn-327-1-1-2,1,327,1,1,2
mn-1-327-1-1-3,mn-327-1-1-3,1,327,1,1,3
mn-1-327-2-1-1,mn-327-2-1-1,1,327,2,1,1
mn-1-327-5-2-1,mn-327-5-2-1,1,327,5,2,1
mn-1-327-6-2-1,mn-327-6-2-1,1,327,6,2,1
mn-1-327-7-2-1,mn-327-7-2-1,1,327,7,2,1
mn-1-327-7-2-2,mn-327-7-2-2,1,327,7,2,2
mn-1-327-7-2-3,mn-327-7-2-3,1,327,7,2,3
mn-1-328-1-1-1,mn-328-1-1-1,1,328,1,1,1
mn-1-328-2-1-1,mn-328-2-1-1,1,328,2,1,1
mn-1-328-2-1-2,mn-328-2-1-2,1,328,2,1,2
mn-1-328-2-1-3,mn-328-2-1-3,1,328,2,1,3
mn-1-328-2-1-4,mn-328-2-1-4,1,328,2,1,4
mn-1-328-2-1-5,mn-328-2-1-5,1,328,2,1,5
mn-1-328-2-1-6,mn-328-2-1-6,1,328,2,1,6
mn-1-328-5-2-1,mn-328-5-2-1,1,328,5,2,1
mn-1-328-6-2-1,mn-328-6-2-1,1,328,6,2,1
mn-1-328-7-2-1,mn-328-7-2-1,1,328,7,2,1
mn-1-328-7-2-2,mn-328-7-2-2,1,328,7,2,2
mn-1-328-7-2-3,mn-328-7-2-3,1,328,7,2,3
mn-1-329-1-1-1,mn-329-1-1-1,1,329,1,1,1
mn-1-329-1-1-2,mn-329-1-1-2,1,329,1,1,2
mn-1-329-1-1-3,mn-329-1-1-3,1,329,1,1,3
mn-1-329-2-1-1,mn-329-2-1-1,1,329,2,1,1
mn-1-329-5-2-1,mn-329-5-2-1,1,329,5,2,1
mn-1-329-6-2-1,mn-329-6-2-1,1,329,6,2,1
mn-1-329-7-2-1,mn-329-7-2-1,1,329,7,2,1
mn-1-329-7-2-2,mn-329-7-2-2,1,329,7,2,2
mn-1-329-7-2-3,mn-329-7-2-3,1,329,7,2,3
mn-1-330-1-1-1,mn-330-1-1-1,1,330,1,1,1
mn-1-330-1-1-2,mn-330-1-1-2,1,330,1,1,2
mn-1-330-1-1-3,mn-330-1-1-3,1,330,1,1,3
mn-1-330-2-1-1,mn-330-2-1-1,1,330,2,1,1
mn-1-330-2-1-2,mn-330-2-1-2,1,330,2,1,2
mn-1-330-2-1-3,mn-330-2-1-3,1,330,2,1,3
mn-1-330-2-1-4,mn-330-2-1-4,1,330,2,1,4
mn-1-330-2-1-5,mn-330-2-1-5,1,330,2,1,5
mn-1-330-2-1-6,mn-330-2-1-6,1,330,2,1,6
mn-1-330-5-2-1,mn-330-5-2-1,1,330,5,2,1
mn-1-330-6-2-1,mn-330-6-2-1,1,330,6,2,1
mn-1-330-7-2-1,mn-330-7-2-1,1,330,7,2,1
mn-1-330-7-2-2,mn-330-7-2-2,1,330,7,2,2
mn-1-330-7-2-3,mn-330-7-2-3,1,330,7,2,3
mn-1-331-1-1-1,mn-331-1-1-1,1,331,1,1,1
mn-1-331-1-1-2,mn-331-1-1-2,1,331,1,1,2
mn-1-331-1-1-3,mn-331-1-1-3,1,331,1,1,3
mn-1-331-2-1-1,mn-331-2-1-1,1,331,2,1,1
mn-1-331-5-2-1,mn-331-5-2-1,1,331,5,2,1
mn-1-331-6-2-1,mn-331-6-2-1,1,331,6,2,1
mn-1-331-7-2-1,mn-331-7-2-1,1,331,7,2,1
mn-1-331-7-2-2,mn-331-7-2-2,1,331,7,2,2
mn-1-331-7-2-3,mn-331-7-2-3,1,331,7,2,3
mn-1-332-1-1-1,mn-332-1-1-1,1,332,1,1,1
mn-1-332-1-1-2,mn-332-1-1-2,1,332,1,1,2
mn-1-332-1-1-3,mn-332-1-1-3,1,332,1,1,3
mn-1-332-1-1-4,mn-332-1-1-4,1,332,1,1,4
mn-1-332-1-1-5,mn-332-1-1-5,1,332,1,1,5
mn-1-332-1-1-6,mn-332-1-1-6,1,332,1,1,6
mn-1-332-2-1-1,mn-332-2-1-1,1,332,2,1,1
mn-1-332-5-2-1,mn-332-5-2-1,1,332,5,2,1
mn-1-332-6-2-1,mn-332-6-2-1,1,332,6,2,1
mn-1-332-7-2-1,mn-332-7-2-1,1,332,7,2,1
mn-1-332-8-2-1,mn-332-8-2-1,1,332,8,2,1
mn-1-333-1-1-1,mn-333-1-1-1,1,333,1,1,1
mn-1-333-1-1-2,mn-333-1-1-2,1,333,1,1,2
mn-1-333-1-1-3,mn-333-1-1-3,1,333,1,1,3
mn-1-333-2-1-1,mn-333-2-1-1,1,333,2,1,1
mn-1-333-5-2-1,mn-333-5-2-1,1,333,5,2,1
mn-1-333-6-2-1,mn-333-6-2-1,1,333,6,2,1
mn-1-333-6-2-2,mn-333-6-2-2,1,333,6,2,2
mn-1-333-7-2-1,mn-333-7-2-1,1,333,7,2,1
mn-1-333-8-2-1,mn-333-8-2-1,1,333,8,2,1
mn-1-334-1-1-1,mn-334-1-1-1,1,334,1,1,1
mn-1-334-1-1-2,mn-334-1-1-2,1,334,1,1,2
mn-1-334-1-1-3,mn-334-1-1-3,1,334,1,1,3
mn-1-334-1-1-4,mn-334-1-1-4,1,334,1,1,4
mn-1-334-1-1-5,mn-334-1-1-5,1,334,1,1,5
mn-1-334-1-1-6,mn-334-1-1-6,1,334,1,1,6
mn-1-334-5-2-1,mn-334-5-2-1,1,334,5,2,1
mn-1-334-6-2-1,mn-334-6-2-1,1,334,6,2,1
mn-1-334-6-2-2,mn-334-6-2-2,1,334,6,2,2
mn-1-334-6-2-3,mn-334-6-2-3,1,334,6,2,3
mn-1-334-6-2-4,mn-334-6-2-4,1,334,6,2,4
mn-1-334-7-2-1,mn-334-7-2-1,1,334,7,2,1
mn-1-335-1-1-1,mn-335-1-1-1,1,335,1,1,1
mn-1-335-1-1-2,mn-335-1-1-2,1,335,1,1,2
mn-1-335-1-1-3,mn-335-1-1-3,1,335,1,1,3
mn-1-335-1-1-4,mn-335-1-1-4,1,335,1,1,4
mn-1-335-1-1-5,mn-335-1-1-5,1,335,1,1,5
mn-1-335-1-1-6,mn-335-1-1-6,1,335,1,1,6
mn-1-335-5-2-1,mn-335-5-2-1,1,335,5,2,1
mn-1-335-6-2-1,mn-335-6-2-1,1,335,6,2,1
mn-1-335-6-2-2,mn-335-6-2-2,1,335,6,2,2
mn-1-335-6-2-3,mn-335-6-2-3,1,335,6,2,3
mn-1-335-6-2-4,mn-335-6-2-4,1,335,6,2,4
mn-1-335-7-2-1,mn-335-7-2-1,1,335,7,2,1
mn-1-336-1-1-1,mn-336-1-1-1,1,336,1,1,1
mn-1-336-1-1-2,mn-336-1-1-2,1,336,1,1,2
mn-1-336-1-1-3,mn-336-1-1-3,1,336,1,1,3
mn-1-336-1-1-4,mn-336-1-1-4,1,336,1,1,4
mn-1-336-1-1-5,mn-336-1-1-5,1,336,1,1,5
mn-1-336-1-1-6,mn-336-1-1-6,1,336,1,1,6
mn-1-336-5-2-1,mn-336-5-2-1,1,336,5,2,1
mn-1-336-6-2-1,mn-336-6-2-1,1,336,6,2,1
mn-1-336-6-2-2,mn-336-6-2-2,1,336,6,2,2
mn-1-336-6-2-3,mn-336-6-2-3,1,336,6,2,3
mn-1-336-6-2-4,mn-336-6-2-4,1,336,6,2,4
mn-1-336-7-2-1,mn-336-7-2-1,1,336,7,2,1
mn-1-337-1-1-1,mn-337-1-1-1,1,337,1,1,1
mn-1-337-1-1-2,mn-337-1-1-2,1,337,1,1,2
mn-1-337-1-1-3,mn-337-1-1-3,1,337,1,1,3
mn-1-337-1-1-4,mn-337-1-1-4,1,337,1,1,4
mn-1-337-1-1-5,mn-337-1-1-5,1,337,1,1,5
mn-1-337-1-1-6,mn-337-1-1-6,1,337,1,1,6
mn-1-337-5-2-1,mn-337-5-2-1,1,337,5,2,1
mn-1-337-6-2-1,mn-337-6-2-1,1,337,6,2,1
mn-1-338-1-1-1,mn-338-1-1-1,1,338,1,1,1
mn-1-338-1-1-2,mn-338-1-1-2,1,338,1,1,2
mn-1-338-1-1-3,mn-338-1-1-3,1,338,1,1,3
mn-1-338-1-1-4,mn-338-1-1-4,1,338,1,1,4
mn-1-338-1-1-5,mn-338-1-1-5,1,338,1,1,5
mn-1-338-1-1-6,mn-338-1-1-6,1,338,1,1,6
mn-1-338-5-2-1,mn-338-5-2-1,1,338,5,2,1
mn-1-338-6-2-1,mn-338-6-2-1,1,338,6,2,1
mn-1-338-6-2-2,mn-338-6-2-2,1,338,6,2,2
mn-1-338-6-2-3,mn-338-6-2-3,1,338,6,2,3
mn-1-338-6-2-4,mn-338-6-2-4,1,338,6,2,4
mn-1-339-1-1-1,mn-339-1-1-1,1,339,1,1,1
mn-1-339-1-1-2,mn-339-1-1-2,1,339,1,1,2
mn-1-339-1-1-3,mn-339-1-1-3,1,339,1,1,3
mn-1-339-1-1-4,mn-339-1-1-4,1,339,1,1,4
mn-1-339-1-1-5,mn-339-1-1-5,1,339,1,1,5
mn-1-339-1-1-6,mn-339-1-1-6,1,339,1,1,6
mn-1-339-5-2-1,mn-339-5-2-1,1,339,5,2,1
mn-1-339-6-2-1,mn-339-6-2-1,1,339,6,2,1
mn-1-339-6-2-2,mn-339-6-2-2,1,339,6,2,2
mn-1-339-6-2-3,mn-339-6-2-3,1,339,6,2,3
mn-1-339-6-2-4,mn-339-6-2-4,1,339,6,2,4
mn-1-340-1-1-1,mn-340-1-1-1,1,340,1,1,1
mn-1-340-1-1-2,mn-340-1-1-2,1,340,1,1,2
mn-1-340-1-1-3,mn-340-1-1-3,1,340,1,1,3
mn-1-340-1-1-4,mn-340-1-1-4,1,340,1,1,4
mn-1-340-1-1-5,mn-340-1-1-5,1,340,1,1,5
mn-1-340-1-1-6,mn-340-1-1-6,1,340,1,1,6
mn-1-340-5-2-1,mn-340-5-2-1,1,340,5,2,1
mn-1-340-6-2-1,mn-340-6-2-1,1,340,6,2,1
mn-1-340-6-2-2,mn-340-6-2-2,1,340,6,2,2
mn-1-340-6-2-3,mn-340-6-2-3,1,340,6,2,3
mn-1-340-7-2-1,mn-340-7-2-1,1,340,7,2,1
mn-1-340-7-2-2,mn-340-7-2-2,1,340,7,2,2
mn-1-341-1-1-1,mn-341-1-1-1,1,341,1,1,1
mn-1-341-1-1-2,mn-341-1-1-2,1,341,1,1,2
mn-1-341-1-1-3,mn-341-1-1-3,1,341,1,1,3
mn-1-341-1-1-4,mn-341-1-1-4,1,341,1,1,4
mn-1-341-1-1-5,mn-341-1-1-5,1,341,1,1,5
mn-1-341-1-1-6,mn-341-1-1-6,1,341,1,1,6
mn-1-341-5-2-1,mn-341-5-2-1,1,341,5,2,1
mn-1-341-6-2-1,mn-341-6-2-1,1,341,6,2,1
mn-1-341-6-2-2,mn-341-6-2-2,1,341,6,2,2
mn-1-341-7-2-1,mn-341-7-2-1,1,341,7,2,1
mn-1-341-7-2-2,mn-341-7-2-2,1,341,7,2,2
mn-1-341-7-2-3,mn-341-7-2-3,1,341,7,2,3
mn-1-342-1-1-1,mn-342-1-1-1,1,342,1,1,1
mn-1-342-1-1-2,mn-342-1-1-2,1,342,1,1,2
mn-1-342-1-1-3,mn-342-1-1-3,1,342,1,1,3
mn-1-342-1-1-4,mn-342-1-1-4,1,342,1,1,4
mn-1-342-1-1-5,mn-342-1-1-5,1,342,1,1,5
mn-1-342-1-1-6,mn-342-1-1-6,1,342,1,1,6
mn-1-342-5-2-1,mn-342-5-2-1,1,342,5,2,1
mn-1-342-6-2-1,mn-342-6-2-1,1,342,6,2,1
mn-1-342-6-2-2,mn-342-6-2-2,1,342,6,2,2
mn-1-342-6-2-3,mn-342-6-2-3,1,342,6,2,3
mn-1-342-6-2-4,mn-342-6-2-4,1,342,6,2,4
mn-1-342-7-2-1,mn-342-7-2-1,1,342,7,2,1
mn-1-343-1-1-1,mn-343-1-1-1,1,343,1,1,1
mn-1-343-1-1-2,mn-343-1-1-2,1,343,1,1,2
mn-1-343-1-1-3,mn-343-1-1-3,1,343,1,1,3
mn-1-343-1-1-4,mn-343-1-1-4,1,343,1,1,4
mn-1-343-1-1-5,mn-343-1-1-5,1,343,1,1,5
mn-1-343-1-1-6,mn-343-1-1-6,1,343,1,1,6
mn-1-343-5-2-1,mn-343-5-2-1,1,343,5,2,1
mn-1-343-6-2-1,mn-343-6-2-1,1,343,6,2,1
mn-1-343-6-2-2,mn-343-6-2-2,1,343,6,2,2
mn-1-343-6-2-3,mn-343-6-2-3,1,343,6,2,3
mn-1-343-6-2-4,mn-343-6-2-4,1,343,6,2,4
mn-1-343-7-2-1,mn-343-7-2-1,1,343,7,2,1
mn-1-344-1-1-1,mn-344-1-1-1,1,344,1,1,1
mn-1-344-1-1-2,mn-344-1-1-2,1,344,1,1,2
mn-1-344-1-1-3,mn-344-1-1-3,1,344,1,1,3
mn-1-344-1-1-4,mn-344-1-1-4,1,344,1,1,4
mn-1-344-1-1-5,mn-344-1-1-5,1,344,1,1,5
mn-1-344-1-1-6,mn-344-1-1-6,1,344,1,1,6
mn-1-344-5-2-1,mn-344-5-2-1,1,344,5,2,1
mn-1-344-6-2-1,mn-344-6-2-1,1,344,6,2,1
mn-1-344-6-2-2,mn-344-6-2-2,1,344,6,2,2
mn-1-344-6-2-3,mn-344-6-2-3,1,344,6,2,3
mn-1-344-6-2-4,mn-344-6-2-4,1,344,6,2,4
mn-1-344-7-2-1,mn-344-7-2-1,1,344,7,2,1
mn-1-345-1-1-1,mn-345-1-1-1,1,345,1,1,1
mn-1-345-1-1-2,mn-345-1-1-2,1,345,1,1,2
mn-1-345-1-1-3,mn-345-1-1-3,1,345,1,1,3
mn-1-345-1-1-4,mn-345-1-1-4,1,345,1,1,4
mn-1-345-1-1-5,mn-345-1-1-5,1,345,1,1,5
mn-1-345-1-1-6,mn-345-1-1-6,1,345,1,1,6
mn-1-345-5-2-1,mn-345-5-2-1,1,345,5,2,1
mn-1-345-6-2-1,mn-345-6-2-1,1,345,6,2,1
mn-1-346-1-1-1,mn-346-1-1-1,1,346,1,1,1
mn-1-346-1-1-2,mn-346-1-1-2,1,346,1,1,2
mn-1-346-1-1-3,mn-346-1-1-3,1,346,1,1,3
mn-1-346-1-1-4,mn-346-1-1-4,1,346,1,1,4
mn-1-346-1-1-5,mn-346-1-1-5,1,346,1,1,5
mn-1-346-1-1-6,mn-346-1-1-6,1,346,1,1,6
mn-1-346-5-2-1,mn-346-5-2-1,1,346,5,2,1
mn-1-346-6-2-1,mn-346-6-2-1,1,346,6,2,1
mn-1-346-6-2-2,mn-346-6-2-2,1,346,6,2,2
mn-1-346-6-2-3,mn-346-6-2-3,1,346,6,2,3
mn-1-346-6-2-4,mn-346-6-2-4,1,346,6,2,4
mn-1-347-1-1-1,mn-347-1-1-1,1,347,1,1,1
mn-1-347-1-1-2,mn-347-1-1-2,1,347,1,1,2
mn-1-347-1-1-3,mn-347-1-1-3,1,347,1,1,3
mn-1-347-1-1-4,mn-347-1-1-4,1,347,1,1,4
mn-1-347-1-1-5,mn-347-1-1-5,1,347,1,1,5
mn-1-347-1-1-6,mn-347-1-1-6,1,347,1,1,6
mn-1-347-5-2-1,mn-347-5-2-1,1,347,5,2,1
mn-1-347-6-2-1,mn-347-6-2-1,1,347,6,2,1
mn-1-347-6-2-2,mn-347-6-2-2,1,347,6,2,2
mn-1-347-6-2-3,mn-347-6-2-3,1,347,6,2,3
mn-1-347-6-2-4,mn-347-6-2-4,1,347,6,2,4
mn-1-348-1-1-1,mn-348-1-1-1,1,348,1,1,1
mn-1-348-1-1-2,mn-348-1-1-2,1,348,1,1,2
mn-1-348-1-1-3,mn-348-1-1-3,1,348,1,1,3
mn-1-348-1-1-4,mn-348-1-1-4,1,348,1,1,4
mn-1-348-1-1-5,mn-348-1-1-5,1,348,1,1,5
mn-1-348-1-1-6,mn-348-1-1-6,1,348,1,1,6
mn-1-348-5-2-1,mn-348-5-2-1,1,348,5,2,1
mn-1-348-6-2-1,mn-348-6-2-1,1,348,6,2,1
mn-1-348-6-2-2,mn-348-6-2-2,1,348,6,2,2
mn-1-348-6-2-3,mn-348-6-2-3,1,348,6,2,3
mn-1-348-7-2-1,mn-348-7-2-1,1,348,7,2,1
mn-1-348-7-2-2,mn-348-7-2-2,1,348,7,2,2
mn-1-349-1-1-1,mn-349-1-1-1,1,349,1,1,1
mn-1-349-1-1-2,mn-349-1-1-2,1,349,1,1,2
mn-1-349-1-1-3,mn-349-1-1-3,1,349,1,1,3
mn-1-349-1-1-4,mn-349-1-1-4,1,349,1,1,4
mn-1-349-1-1-5,mn-349-1-1-5,1,349,1,1,5
mn-1-349-1-1-6,mn-349-1-1-6,1,349,1,1,6
mn-1-349-5-2-1,mn-349-5-2-1,1,349,5,2,1
mn-1-349-6-2-1,mn-349-6-2-1,1,349,6,2,1
mn-1-349-6-2-2,mn-349-6-2-2,1,349,6,2,2
mn-1-349-7-2-1,mn-349-7-2-1,1,349,7,2,1
mn-1-349-7-2-2,mn-349-7-2-2,1,349,7,2,2
mn-1-349-7-2-3,mn-349-7-2-3,1,349,7,2,3
mn-1-350-1-1-1,mn-350-1-1-1,1,350,1,1,1
mn-1-350-1-1-2,mn-350-1-1-2,1,350,1,1,2
mn-1-350-1-1-3,mn-350-1-1-3,1,350,1,1,3
mn-1-350-1-1-4,mn-350-1-1-4,1,350,1,1,4
mn-1-350-1-1-5,mn-350-1-1-5,1,350,1,1,5
mn-1-350-1-1-6,mn-350-1-1-6,1,350,1,1,6
mn-1-350-5-2-1,mn-350-5-2-1,1,350,5,2,1
mn-1-350-6-2-1,mn-350-6-2-1,1,350,6,2,1
mn-1-350-6-2-2,mn-350-6-2-2,1,350,6,2,2
mn-1-350-6-2-3,mn-350-6-2-3,1,350,6,2,3
mn-1-350-6-2-4,mn-350-6-2-4,1,350,6,2,4
mn-1-350-7-2-1,mn-350-7-2-1,1,350,7,2,1
mn-1-351-1-1-1,mn-351-1-1-1,1,351,1,1,1
mn-1-351-1-1-2,mn-351-1-1-2,1,351,1,1,2
mn-1-351-1-1-3,mn-351-1-1-3,1,351,1,1,3
mn-1-351-1-1-4,mn-351-1-1-4,1,351,1,1,4
mn-1-351-1-1-5,mn-351-1-1-5,1,351,1,1,5
mn-1-351-1-1-6,mn-351-1-1-6,1,351,1,1,6
mn-1-351-5-2-1,mn-351-5-2-1,1,351,5,2,1
mn-1-351-6-2-1,mn-351-6-2-1,1,351,6,2,1
mn-1-351-6-2-2,mn-351-6-2-2,1,351,6,2,2
mn-1-351-6-2-3,mn-351-6-2-3,1,351,6,2,3
mn-1-351-6-2-4,mn-351-6-2-4,1,351,6,2,4
mn-1-352-1-1-1,mn-352-1-1-1,1,352,1,1,1
mn-1-352-1-1-2,mn-352-1-1-2,1,352,1,1,2
mn-1-352-1-1-3,mn-352-1-1-3,1,352,1,1,3
mn-1-352-1-1-4,mn-352-1-1-4,1,352,1,1,4
mn-1-352-1-1-5,mn-352-1-1-5,1,352,1,1,5
mn-1-352-1-1-6,mn-352-1-1-6,1,352,1,1,6
mn-1-352-5-2-1,mn-352-5-2-1,1,352,5,2,1
mn-1-352-6-2-1,mn-352-6-2-1,1,352,6,2,1
mn-1-352-6-2-2,mn-352-6-2-2,1,352,6,2,2
mn-1-352-6-2-3,mn-352-6-2-3,1,352,6,2,3
mn-1-352-6-2-4,mn-352-6-2-4,1,352,6,2,4
mn-1-353-1-1-1,mn-353-1-1-1,1,353,1,1,1
mn-1-353-1-1-2,mn-353-1-1-2,1,353,1,1,2
mn-1-353-1-1-3,mn-353-1-1-3,1,353,1,1,3
mn-1-353-1-2-1,mn-353-1-2-1,1,353,1,2,1
mn-1-353-1-2-2,mn-353-1-2-2,1,353,1,2,2
mn-1-353-1-2-3,mn-353-1-2-3,1,353,1,2,3
mn-1-353-5-2-1,mn-353-5-2-1,1,353,5,2,1
mn-1-353-6-2-1,mn-353-6-2-1,1,353,6,2,1
mn-1-354-1-1-1,mn-354-1-1-1,1,354,1,1,1
mn-1-354-1-1-2,mn-354-1-1-2,1,354,1,1,2
mn-1-354-1-1-3,mn-354-1-1-3,1,354,1,1,3
mn-1-354-1-1-4,mn-354-1-1-4,1,354,1,1,4
mn-1-354-1-1-5,mn-354-1-1-5,1,354,1,1,5
mn-1-354-1-1-6,mn-354-1-1-6,1,354,1,1,6
mn-1-354-5-2-1,mn-354-5-2-1,1,354,5,2,1
mn-1-354-6-2-1,mn-354-6-2-1,1,354,6,2,1
mn-1-354-6-2-2,mn-354-6-2-2,1,354,6,2,2
mn-1-354-6-2-3,mn-354-6-2-3,1,354,6,2,3
mn-1-354-7-2-1,mn-354-7-2-1,1,354,7,2,1
mn-1-355-1-1-1,mn-355-1-1-1,1,355,1,1,1
mn-1-355-1-1-2,mn-355-1-1-2,1,355,1,1,2
mn-1-355-1-1-3,mn-355-1-1-3,1,355,1,1,3
mn-1-355-1-1-4,mn-355-1-1-4,1,355,1,1,4
mn-1-355-1-1-5,mn-355-1-1-5,1,355,1,1,5
mn-1-355-1-1-6,mn-355-1-1-6,1,355,1,1,6
mn-1-355-5-2-1,mn-355-5-2-1,1,355,5,2,1
mn-1-355-6-2-1,mn-355-6-2-1,1,355,6,2,1
mn-1-355-6-2-2,mn-355-6-2-2,1,355,6,2,2
mn-1-355-6-2-3,mn-355-6-2-3,1,355,6,2,3
mn-1-356-1-1-1,mn-356-1-1-1,1,356,1,1,1
mn-1-356-1-1-2,mn-356-1-1-2,1,356,1,1,2
mn-1-356-1-1-3,mn-356-1-1-3,1,356,1,1,3
mn-1-356-1-1-4,mn-356-1-1-4,1,356,1,1,4
mn-1-356-1-1-5,mn-356-1-1-5,1,356,1,1,5
mn-1-356-1-2-1,mn-356-1-2-1,1,356,1,2,1
mn-1-356-5-2-1,mn-356-5-2-1,1,356,5,2,1
mn-1-356-6-2-1,mn-356-6-2-1,1,356,6,2,1
mn-1-356-6-2-2,mn-356-6-2-2,1,356,6,2,2
mn-1-356-6-2-3,mn-356-6-2-3,1,356,6,2,3
mn-1-356-6-2-4,mn-356-6-2-4,1,356,6,2,4
mn-1-357-1-2-1,mn-357-1-2-1,1,357,1,2,1
mn-1-357-1-2-2,mn-357-1-2-2,1,357,1,2,2
mn-1-357-1-2-3,mn-357-1-2-3,1,357,1,2,3
mn-1-357-1-2-4,mn-357-1-2-4,1,357,1,2,4
mn-1-357-1-2-5,mn-357-1-2-5,1,357,1,2,5
mn-1-357-1-2-6,mn-357-1-2-6,1,357,1,2,6
mn-1-357-5-2-1,mn-357-5-2-1,1,357,5,2,1
mn-1-357-6-2-1,mn-357-6-2-1,1,357,6,2,1
mn-1-358-1-1-1,mn-358-1-1-1,1,358,1,1,1
mn-1-358-1-2-1,mn-358-1-2-1,1,358,1,2,1
mn-1-358-1-2-2,mn-358-1-2-2,1,358,1,2,2
mn-1-358-1-2-3,mn-358-1-2-3,1,358,1,2,3
mn-1-358-1-2-4,mn-358-1-2-4,1,358,1,2,4
mn-1-358-5-2-1,mn-358-5-2-1,1,358,5,2,1
mn-1-358-6-2-1,mn-358-6-2-1,1,358,6,2,1
mn-1-358-6-2-2,mn-358-6-2-2,1,358,6,2,2
mn-1-358-6-2-3,mn-358-6-2-3,1,358,6,2,3
mn-1-359-1-2-1,mn-359-1-2-1,1,359,1,2,1
mn-1-359-1-1-1,mn-359-1-1-1,1,359,1,1,1
mn-1-359-1-1-2,mn-359-1-1-2,1,359,1,1,2
mn-1-359-1-1-3,mn-359-1-1-3,1,359,1,1,3
mn-1-359-1-1-4,mn-359-1-1-4,1,359,1,1,4
mn-1-359-1-1-5,mn-359-1-1-5,1,359,1,1,5
mn-1-359-5-2-1,mn-359-5-2-1,1,359,5,2,1
mn-1-359-6-2-1,mn-359-6-2-1,1,359,6,2,1
mn-1-360-1-1-1,mn-360-1-1-1,1,360,1,1,1
mn-1-360-1-1-2,mn-360-1-1-2,1,360,1,1,2
mn-1-360-1-1-3,mn-360-1-1-3,1,360,1,1,3
mn-1-360-1-1-4,mn-360-1-1-4,1,360,1,1,4
mn-1-360-1-1-5,mn-360-1-1-5,1,360,1,1,5
mn-1-360-1-1-6,mn-360-1-1-6,1,360,1,1,6
mn-1-360-5-2-1,mn-360-5-2-1,1,360,5,2,1
mn-1-360-6-2-1,mn-360-6-2-1,1,360,6,2,1
mn-1-360-6-2-2,mn-360-6-2-2,1,360,6,2,2
mn-1-360-6-2-3,mn-360-6-2-3,1,360,6,2,3
mn-1-360-6-2-4,mn-360-6-2-4,1,360,6,2,4
mn-1-360-6-2-5,mn-360-6-2-5,1,360,6,2,5
mn-1-361-1-1-1,mn-361-1-1-1,1,361,1,1,1
mn-1-361-1-1-2,mn-361-1-1-2,1,361,1,1,2
mn-1-361-1-1-3,mn-361-1-1-3,1,361,1,1,3
mn-1-361-1-1-4,mn-361-1-1-4,1,361,1,1,4
mn-1-361-1-1-5,mn-361-1-1-5,1,361,1,1,5
mn-1-361-1-1-6,mn-361-1-1-6,1,361,1,1,6
mn-1-361-5-2-1,mn-361-5-2-1,1,361,5,2,1
mn-1-361-6-2-1,mn-361-6-2-1,1,361,6,2,1
mn-1-362-1-1-1,mn-362-1-1-1,1,362,1,1,1
mn-1-362-1-1-2,mn-362-1-1-2,1,362,1,1,2
mn-1-362-1-1-3,mn-362-1-1-3,1,362,1,1,3
mn-1-362-1-1-4,mn-362-1-1-4,1,362,1,1,4
mn-1-362-1-2-1,mn-362-1-2-1,1,362,1,2,1
mn-1-362-1-2-2,mn-362-1-2-2,1,362,1,2,2
mn-1-362-5-2-1,mn-362-5-2-1,1,362,5,2,1
mn-1-362-6-2-1,mn-362-6-2-1,1,362,6,2,1
mn-1-363-1-2-1,mn-363-1-2-1,1,363,1,2,1
mn-1-363-1-2-2,mn-363-1-2-2,1,363,1,2,2
mn-1-363-1-2-3,mn-363-1-2-3,1,363,1,2,3
mn-1-363-1-2-4,mn-363-1-2-4,1,363,1,2,4
mn-1-363-1-2-5,mn-363-1-2-5,1,363,1,2,5
mn-1-363-1-2-6,mn-363-1-2-6,1,363,1,2,6
mn-1-363-5-2-1,mn-363-5-2-1,1,363,5,2,1
mn-1-363-6-2-1,mn-363-6-2-1,1,363,6,2,1
mn-1-364-1-1-1,mn-364-1-1-1,1,364,1,1,1
mn-1-364-5-2-1,mn-364-5-2-1,1,364,5,2,1
mn-1-364-6-2-1,mn-364-6-2-1,1,364,6,2,1
mn-1-365-1-1-1,mn-365-1-1-1,1,365,1,1,1
mn-1-365-5-2-1,mn-365-5-2-1,1,365,5,2,1
mn-1-365-6-2-1,mn-365-6-2-1,1,365,6,2,1
mn-1-366-1-1-1,mn-366-1-1-1,1,366,1,1,1
mn-1-366-2-1-1,mn-366-2-1-1,1,366,2,1,1
mn-1-366-5-2-1,mn-366-5-2-1,1,366,5,2,1
mn-1-366-6-2-1,mn-366-6-2-1,1,366,6,2,1
mn-1-366-6-2-2,mn-366-6-2-2,1,366,6,2,2
mn-1-367-1-1-1,mn-367-1-1-1,1,367,1,1,1
mn-1-367-2-1-1,mn-367-2-1-1,1,367,2,1,1
mn-1-367-5-2-1,mn-367-5-2-1,1,367,5,2,1
mn-1-367-6-2-1,mn-367-6-2-1,1,367,6,2,1
mn-1-367-6-2-2,mn-367-6-2-2,1,367,6,2,2
mn-1-368-1-1-1,mn-368-1-1-1,1,368,1,1,1
mn-1-368-2-1-1,mn-368-2-1-1,1,368,2,1,1
mn-1-368-2-1-2,mn-368-2-1-2,1,368,2,1,2
mn-1-368-2-1-3,mn-368-2-1-3,1,368,2,1,3
mn-1-368-5-2-1,mn-368-5-2-1,1,368,5,2,1
mn-1-368-6-2-1,mn-368-6-2-1,1,368,6,2,1
mn-1-368-6-2-2,mn-368-6-2-2,1,368,6,2,2
mn-1-369-1-1-1,mn-369-1-1-1,1,369,1,1,1
mn-1-369-2-1-1,mn-369-2-1-1,1,369,2,1,1
mn-1-369-2-1-2,mn-369-2-1-2,1,369,2,1,2
mn-1-369-2-1-3,mn-369-2-1-3,1,369,2,1,3
mn-1-369-5-2-1,mn-369-5-2-1,1,369,5,2,1
mn-1-369-6-2-1,mn-369-6-2-1,1,369,6,2,1
mn-1-369-6-2-2,mn-369-6-2-2,1,369,6,2,2
mn-1-370-1-1-1,mn-370-1-1-1,1,370,1,1,1
mn-1-370-2-1-1,mn-370-2-1-1,1,370,2,1,1
mn-1-370-5-2-1,mn-370-5-2-1,1,370,5,2,1
mn-1-370-6-2-1,mn-370-6-2-1,1,370,6,2,1
mn-1-370-6-2-2,mn-370-6-2-2,1,370,6,2,2
mn-1-371-1-1-1,mn-371-1-1-1,1,371,1,1,1
mn-1-371-2-1-1,mn-371-2-1-1,1,371,2,1,1
mn-1-371-5-2-1,mn-371-5-2-1,1,371,5,2,1
mn-1-371-6-2-1,mn-371-6-2-1,1,371,6,2,1
mn-1-371-6-2-2,mn-371-6-2-2,1,371,6,2,2
mn-1-372-1-1-1,mn-372-1-1-1,1,372,1,1,1
mn-1-372-2-1-1,mn-372-2-1-1,1,372,2,1,1
mn-1-372-2-1-2,mn-372-2-1-2,1,372,2,1,2
mn-1-372-2-1-3,mn-372-2-1-3,1,372,2,1,3
mn-1-372-5-2-1,mn-372-5-2-1,1,372,5,2,1
mn-1-372-6-2-1,mn-372-6-2-1,1,372,6,2,1
mn-1-372-6-2-2,mn-372-6-2-2,1,372,6,2,2
mn-1-373-1-1-1,mn-373-1-1-1,1,373,1,1,1
mn-1-373-2-1-1,mn-373-2-1-1,1,373,2,1,1
mn-1-373-2-1-2,mn-373-2-1-2,1,373,2,1,2
mn-1-373-2-1-3,mn-373-2-1-3,1,373,2,1,3
mn-1-373-5-2-1,mn-373-5-2-1,1,373,5,2,1
mn-1-373-6-2-1,mn-373-6-2-1,1,373,6,2,1
mn-1-373-6-2-2,mn-373-6-2-2,1,373,6,2,2
mn-1-374-1-1-1,mn-374-1-1-1,1,374,1,1,1
mn-1-374-1-1-2,mn-374-1-1-2,1,374,1,1,2
mn-1-374-2-1-1,mn-374-2-1-1,1,374,2,1,1
mn-1-374-2-1-2,mn-374-2-1-2,1,374,2,1,2
mn-1-374-2-1-3,mn-374-2-1-3,1,374,2,1,3
mn-1-374-5-2-1,mn-374-5-2-1,1,374,5,2,1
mn-1-374-6-2-1,mn-374-6-2-1,1,374,6,2,1
mn-1-374-6-2-2,mn-374-6-2-2,1,374,6,2,2
mn-1-375-1-1-1,mn-375-1-1-1,1,375,1,1,1
mn-1-375-2-1-1,mn-375-2-1-1,1,375,2,1,1
mn-1-375-5-2-1,mn-375-5-2-1,1,375,5,2,1
mn-1-375-6-2-1,mn-375-6-2-1,1,375,6,2,1
mn-1-375-7-2-1,mn-375-7-2-1,1,375,7,2,1
mn-1-376-1-1-1,mn-376-1-1-1,1,376,1,1,1
mn-1-376-2-1-1,mn-376-2-1-1,1,376,2,1,1
mn-1-376-2-1-2,mn-376-2-1-2,1,376,2,1,2
mn-1-376-5-2-1,mn-376-5-2-1,1,376,5,2,1
mn-1-376-5-2-2,mn-376-5-2-2,1,376,5,2,2
mn-1-376-6-2-1,mn-376-6-2-1,1,376,6,2,1
mn-1-376-6-2-2,mn-376-6-2-2,1,376,6,2,2
mn-1-376-7-2-1,mn-376-7-2-1,1,376,7,2,1
mn-1-376-7-2-2,mn-376-7-2-2,1,376,7,2,2
mn-1-377-1-1-1,mn-377-1-1-1,1,377,1,1,1
mn-1-377-5-2-1,mn-377-5-2-1,1,377,5,2,1
mn-1-377-6-2-1,mn-377-6-2-1,1,377,6,2,1
mn-1-377-7-2-1,mn-377-7-2-1,1,377,7,2,1
mn-1-378-1-1-1,mn-378-1-1-1,1,378,1,1,1
mn-1-378-5-2-1,mn-378-5-2-1,1,378,5,2,1
mn-1-378-6-2-1,mn-378-6-2-1,1,378,6,2,1
mn-1-378-7-2-1,mn-378-7-2-1,1,378,7,2,1
mn-1-379-1-1-1,mn-379-1-1-1,1,379,1,1,1
mn-1-379-5-2-1,mn-379-5-2-1,1,379,5,2,1
mn-1-379-6-2-1,mn-379-6-2-1,1,379,6,2,1
mn-1-379-6-2-2,mn-379-6-2-2,1,379,6,2,2
mn-1-379-6-2-3,mn-379-6-2-3,1,379,6,2,3
mn-1-379-6-2-4,mn-379-6-2-4,1,379,6,2,4
mn-1-379-6-2-5,mn-379-6-2-5,1,379,6,2,5
mn-1-380-1-1-1,mn-380-1-1-1,1,380,1,1,1
mn-1-380-1-1-2,mn-380-1-1-2,1,380,1,1,2
mn-1-380-1-1-3,mn-380-1-1-3,1,380,1,1,3
mn-1-380-1-1-4,mn-380-1-1-4,1,380,1,1,4
mn-1-380-1-1-5,mn-380-1-1-5,1,380,1,1,5
mn-1-380-5-2-1,mn-380-5-2-1,1,380,5,2,1
mn-1-380-6-2-1,mn-380-6-2-1,1,380,6,2,1
mn-1-380-6-2-2,mn-380-6-2-2,1,380,6,2,2
mn-1-380-6-2-3,mn-380-6-2-3,1,380,6,2,3
mn-1-380-6-2-4,mn-380-6-2-4,1,380,6,2,4
mn-1-380-6-2-5,mn-380-6-2-5,1,380,6,2,5
mn-1-380-6-2-6,mn-380-6-2-6,1,380,6,2,6
mn-1-380-6-2-7,mn-380-6-2-7,1,380,6,2,7
mn-1-381-1-1-1,mn-381-1-1-1,1,381,1,1,1
mn-1-381-1-1-2,mn-381-1-1-2,1,381,1,1,2
mn-1-381-1-1-3,mn-381-1-1-3,1,381,1,1,3
mn-1-381-5-2-1,mn-381-5-2-1,1,381,5,2,1
mn-1-381-6-2-1,mn-381-6-2-1,1,381,6,2,1
mn-1-381-6-2-2,mn-381-6-2-2,1,381,6,2,2
mn-1-381-6-2-3,mn-381-6-2-3,1,381,6,2,3
mn-1-381-6-2-4,mn-381-6-2-4,1,381,6,2,4
mn-1-381-6-2-5,mn-381-6-2-5,1,381,6,2,5
mn-1-381-6-2-6,mn-381-6-2-6,1,381,6,2,6
mn-1-382-1-1-1,mn-382-1-1-1,1,382,1,1,1
mn-1-382-1-1-2,mn-382-1-1-2,1,382,1,1,2
mn-1-382-1-1-3,mn-382-1-1-3,1,382,1,1,3
mn-1-382-1-1-4,mn-382-1-1-4,1,382,1,1,4
mn-1-382-1-1-5,mn-382-1-1-5,1,382,1,1,5
mn-1-382-5-2-1,mn-382-5-2-1,1,382,5,2,1
mn-1-382-6-2-1,mn-382-6-2-1,1,382,6,2,1
mn-1-382-6-2-2,mn-382-6-2-2,1,382,6,2,2
mn-1-382-6-2-3,mn-382-6-2-3,1,382,6,2,3
mn-1-382-6-2-4,mn-382-6-2-4,1,382,6,2,4
mn-1-382-6-2-5,mn-382-6-2-5,1,382,6,2,5
mn-1-382-6-2-6,mn-382-6-2-6,1,382,6,2,6
mn-1-382-6-2-7,mn-382-6-2-7,1,382,6,2,7
mn-1-383-1-1-1,mn-383-1-1-1,1,383,1,1,1
mn-1-383-1-1-2,mn-383-1-1-2,1,383,1,1,2
mn-1-383-1-1-3,mn-383-1-1-3,1,383,1,1,3
mn-1-383-1-1-4,mn-383-1-1-4,1,383,1,1,4
mn-1-383-1-1-5,mn-383-1-1-5,1,383,1,1,5
mn-1-383-1-1-6,mn-383-1-1-6,1,383,1,1,6
mn-1-383-5-2-1,mn-383-5-2-1,1,383,5,2,1
mn-1-383-6-2-1,mn-383-6-2-1,1,383,6,2,1
mn-1-383-6-2-2,mn-383-6-2-2,1,383,6,2,2
mn-1-383-6-2-3,mn-383-6-2-3,1,383,6,2,3
mn-1-383-6-2-4,mn-383-6-2-4,1,383,6,2,4
mn-1-383-6-2-5,mn-383-6-2-5,1,383,6,2,5
mn-1-384-1-1-1,mn-384-1-1-1,1,384,1,1,1
mn-1-384-1-1-2,mn-384-1-1-2,1,384,1,1,2
mn-1-384-1-1-3,mn-384-1-1-3,1,384,1,1,3
mn-1-384-1-1-4,mn-384-1-1-4,1,384,1,1,4
mn-1-384-1-1-5,mn-384-1-1-5,1,384,1,1,5
mn-1-384-1-1-6,mn-384-1-1-6,1,384,1,1,6
mn-1-384-5-2-1,mn-384-5-2-1,1,384,5,2,1
mn-1-384-6-2-1,mn-384-6-2-1,1,384,6,2,1
mn-1-384-6-2-2,mn-384-6-2-2,1,384,6,2,2
mn-1-384-6-2-3,mn-384-6-2-3,1,384,6,2,3
mn-1-385-1-1-1,mn-385-1-1-1,1,385,1,1,1
mn-1-385-1-1-2,mn-385-1-1-2,1,385,1,1,2
mn-1-385-1-1-3,mn-385-1-1-3,1,385,1,1,3
mn-1-385-1-1-4,mn-385-1-1-4,1,385,1,1,4
mn-1-385-1-1-5,mn-385-1-1-5,1,385,1,1,5
mn-1-385-1-1-6,mn-385-1-1-6,1,385,1,1,6
mn-1-385-5-2-1,mn-385-5-2-1,1,385,5,2,1
mn-1-385-6-2-1,mn-385-6-2-1,1,385,6,2,1
mn-1-386-1-1-1,mn-386-1-1-1,1,386,1,1,1
mn-1-386-1-1-2,mn-386-1-1-2,1,386,1,1,2
mn-1-386-1-1-3,mn-386-1-1-3,1,386,1,1,3
mn-1-386-1-1-4,mn-386-1-1-4,1,386,1,1,4
mn-1-386-5-2-1,mn-386-5-2-1,1,386,5,2,1
mn-1-386-6-2-1,mn-386-6-2-1,1,386,6,2,1
mn-1-387-1-1-1,mn-387-1-1-1,1,387,1,1,1
mn-1-387-2-1-1,mn-387-2-1-1,1,387,2,1,1
mn-1-387-5-2-1,mn-387-5-2-1,1,387,5,2,1
mn-1-387-6-2-1,mn-387-6-2-1,1,387,6,2,1
mn-1-387-6-2-2,mn-387-6-2-2,1,387,6,2,2
mn-1-388-1-1-1,mn-388-1-1-1,1,388,1,1,1
mn-1-388-2-1-1,mn-388-2-1-1,1,388,2,1,1
mn-1-388-5-2-1,mn-388-5-2-1,1,388,5,2,1
mn-1-388-6-2-1,mn-388-6-2-1,1,388,6,2,1
mn-1-388-6-2-2,mn-388-6-2-2,1,388,6,2,2
mn-1-389-1-1-1,mn-389-1-1-1,1,389,1,1,1
mn-1-389-2-1-1,mn-389-2-1-1,1,389,2,1,1
mn-1-389-2-1-2,mn-389-2-1-2,1,389,2,1,2
mn-1-389-2-1-3,mn-389-2-1-3,1,389,2,1,3
mn-1-389-5-2-1,mn-389-5-2-1,1,389,5,2,1
mn-1-389-6-2-1,mn-389-6-2-1,1,389,6,2,1
mn-1-389-6-2-2,mn-389-6-2-2,1,389,6,2,2
mn-1-390-1-1-1,mn-390-1-1-1,1,390,1,1,1
mn-1-390-2-1-1,mn-390-2-1-1,1,390,2,1,1
mn-1-390-2-1-2,mn-390-2-1-2,1,390,2,1,2
mn-1-390-2-1-3,mn-390-2-1-3,1,390,2,1,3
mn-1-390-5-2-1,mn-390-5-2-1,1,390,5,2,1
mn-1-390-6-2-1,mn-390-6-2-1,1,390,6,2,1
mn-1-390-6-2-2,mn-390-6-2-2,1,390,6,2,2
mn-1-391-1-1-1,mn-391-1-1-1,1,391,1,1,1
mn-1-391-2-1-1,mn-391-2-1-1,1,391,2,1,1
mn-1-391-5-2-1,mn-391-5-2-1,1,391,5,2,1
mn-1-391-6-2-1,mn-391-6-2-1,1,391,6,2,1
mn-1-391-6-2-2,mn-391-6-2-2,1,391,6,2,2
mn-1-392-1-1-1,mn-392-1-1-1,1,392,1,1,1
mn-1-392-2-1-1,mn-392-2-1-1,1,392,2,1,1
mn-1-392-5-2-1,mn-392-5-2-1,1,392,5,2,1
mn-1-392-6-2-1,mn-392-6-2-1,1,392,6,2,1
mn-1-392-6-2-2,mn-392-6-2-2,1,392,6,2,2
mn-1-393-1-1-1,mn-393-1-1-1,1,393,1,1,1
mn-1-393-2-1-1,mn-393-2-1-1,1,393,2,1,1
mn-1-393-2-1-2,mn-393-2-1-2,1,393,2,1,2
mn-1-393-2-1-3,mn-393-2-1-3,1,393,2,1,3
mn-1-393-5-2-1,mn-393-5-2-1,1,393,5,2,1
mn-1-393-6-2-1,mn-393-6-2-1,1,393,6,2,1
mn-1-393-6-2-2,mn-393-6-2-2,1,393,6,2,2
mn-1-394-1-1-1,mn-394-1-1-1,1,394,1,1,1
mn-1-394-2-1-1,mn-394-2-1-1,1,394,2,1,1
mn-1-394-2-1-2,mn-394-2-1-2,1,394,2,1,2
mn-1-394-2-1-3,mn-394-2-1-3,1,394,2,1,3
mn-1-394-5-2-1,mn-394-5-2-1,1,394,5,2,1
mn-1-394-6-2-1,mn-394-6-2-1,1,394,6,2,1
mn-1-394-6-2-2,mn-394-6-2-2,1,394,6,2,2
mn-1-395-1-1-1,mn-395-1-1-1,1,395,1,1,1
mn-1-395-1-1-2,mn-395-1-1-2,1,395,1,1,2
mn-1-395-1-1-3,mn-395-1-1-3,1,395,1,1,3
mn-1-395-1-1-4,mn-395-1-1-4,1,395,1,1,4
mn-1-395-1-1-5,mn-395-1-1-5,1,395,1,1,5
mn-1-395-1-1-6,mn-395-1-1-6,1,395,1,1,6
mn-1-395-2-1-1,mn-395-2-1-1,1,395,2,1,1
mn-1-395-2-1-2,mn-395-2-1-2,1,395,2,1,2
mn-1-395-2-1-3,mn-395-2-1-3,1,395,2,1,3
mn-1-395-2-1-4,mn-395-2-1-4,1,395,2,1,4
mn-1-395-5-2-1,mn-395-5-2-1,1,395,5,2,1
mn-1-395-6-2-1,mn-395-6-2-1,1,395,6,2,1
mn-1-395-6-2-2,mn-395-6-2-2,1,395,6,2,2
mn-1-396-1-1-1,mn-396-1-1-1,1,396,1,1,1
mn-1-396-2-1-1,mn-396-2-1-1,1,396,2,1,1
mn-1-396-5-2-1,mn-396-5-2-1,1,396,5,2,1
mn-1-396-6-2-1,mn-396-6-2-1,1,396,6,2,1
mn-1-396-7-2-1,mn-396-7-2-1,1,396,7,2,1
mn-1-397-1-1-1,mn-397-1-1-1,1,397,1,1,1
mn-1-397-2-1-1,mn-397-2-1-1,1,397,2,1,1
mn-1-397-2-1-2,mn-397-2-1-2,1,397,2,1,2
mn-1-397-5-2-1,mn-397-5-2-1,1,397,5,2,1
mn-1-397-5-2-2,mn-397-5-2-2,1,397,5,2,2
mn-1-397-6-2-1,mn-397-6-2-1,1,397,6,2,1
mn-1-397-6-2-2,mn-397-6-2-2,1,397,6,2,2
mn-1-397-7-2-1,mn-397-7-2-1,1,397,7,2,1
mn-1-397-7-2-2,mn-397-7-2-2,1,397,7,2,2
mn-1-398-1-1-1,mn-398-1-1-1,1,398,1,1,1
mn-1-398-5-2-1,mn-398-5-2-1,1,398,5,2,1
mn-1-398-6-2-1,mn-398-6-2-1,1,398,6,2,1
mn-1-398-7-2-1,mn-398-7-2-1,1,398,7,2,1
mn-1-399-1-1-1,mn-399-1-1-1,1,399,1,1,1
mn-1-399-5-2-1,mn-399-5-2-1,1,399,5,2,1
mn-1-399-6-2-1,mn-399-6-2-1,1,399,6,2,1
mn-1-399-7-2-1,mn-399-7-2-1,1,399,7,2,1
mn-1-400-1-1-1,mn-400-1-1-1,1,400,1,1,1
mn-1-400-5-2-1,mn-400-5-2-1,1,400,5,2,1
mn-1-400-6-2-1,mn-400-6-2-1,1,400,6,2,1
mn-1-401-1-1-1,mn-401-1-1-1,1,401,1,1,1
mn-1-401-5-2-1,mn-401-5-2-1,1,401,5,2,1
mn-1-401-6-2-1,mn-401-6-2-1,1,401,6,2,1
mn-1-402-1-1-1,mn-402-1-1-1,1,402,1,1,1
mn-1-402-5-2-1,mn-402-5-2-1,1,402,5,2,1
mn-1-402-6-2-1,mn-402-6-2-1,1,402,6,2,1
mn-1-403-1-1-1,mn-403-1-1-1,1,403,1,1,1
mn-1-403-1-1-2,mn-403-1-1-2,1,403,1,1,2
mn-1-403-1-1-3,mn-403-1-1-3,1,403,1,1,3
mn-1-403-1-1-4,mn-403-1-1-4,1,403,1,1,4
mn-1-403-1-1-5,mn-403-1-1-5,1,403,1,1,5
mn-1-403-1-1-6,mn-403-1-1-6,1,403,1,1,6
mn-1-403-5-2-1,mn-403-5-2-1,1,403,5,2,1
mn-1-403-6-2-1,mn-403-6-2-1,1,403,6,2,1
mn-1-404-1-1-1,mn-404-1-1-1,1,404,1,1,1
mn-1-404-1-1-2,mn-404-1-1-2,1,404,1,1,2
mn-1-404-1-1-3,mn-404-1-1-3,1,404,1,1,3
mn-1-404-5-2-1,mn-404-5-2-1,1,404,5,2,1
mn-1-404-6-2-1,mn-404-6-2-1,1,404,6,2,1
mn-1-404-6-2-2,mn-404-6-2-2,1,404,6,2,2
mn-1-404-6-2-3,mn-404-6-2-3,1,404,6,2,3
mn-1-404-6-2-4,mn-404-6-2-4,1,404,6,2,4
mn-1-404-6-2-5,mn-404-6-2-5,1,404,6,2,5
mn-1-405-1-1-1,mn-405-1-1-1,1,405,1,1,1
mn-1-405-1-1-2,mn-405-1-1-2,1,405,1,1,2
mn-1-405-1-1-3,mn-405-1-1-3,1,405,1,1,3
mn-1-405-1-1-4,mn-405-1-1-4,1,405,1,1,4
mn-1-405-1-1-5,mn-405-1-1-5,1,405,1,1,5
mn-1-405-5-2-1,mn-405-5-2-1,1,405,5,2,1
mn-1-405-6-2-1,mn-405-6-2-1,1,405,6,2,1
mn-1-405-6-2-2,mn-405-6-2-2,1,405,6,2,2
mn-1-405-6-2-3,mn-405-6-2-3,1,405,6,2,3
mn-1-405-6-2-4,mn-405-6-2-4,1,405,6,2,4
mn-1-405-6-2-5,mn-405-6-2-5,1,405,6,2,5
mn-1-405-6-2-6,mn-405-6-2-6,1,405,6,2,6
mn-1-405-6-2-7,mn-405-6-2-7,1,405,6,2,7
mn-1-406-1-1-1,mn-406-1-1-1,1,406,1,1,1
mn-1-406-1-1-2,mn-406-1-1-2,1,406,1,1,2
mn-1-406-1-1-3,mn-406-1-1-3,1,406,1,1,3
mn-1-406-5-2-1,mn-406-5-2-1,1,406,5,2,1
mn-1-406-6-2-1,mn-406-6-2-1,1,406,6,2,1
mn-1-406-6-2-2,mn-406-6-2-2,1,406,6,2,2
mn-1-406-6-2-3,mn-406-6-2-3,1,406,6,2,3
mn-1-406-6-2-4,mn-406-6-2-4,1,406,6,2,4
mn-1-406-6-2-5,mn-406-6-2-5,1,406,6,2,5
mn-1-406-6-2-6,mn-406-6-2-6,1,406,6,2,6
mn-1-407-1-1-1,mn-407-1-1-1,1,407,1,1,1
mn-1-407-1-1-2,mn-407-1-1-2,1,407,1,1,2
mn-1-407-1-1-3,mn-407-1-1-3,1,407,1,1,3
mn-1-407-1-1-4,mn-407-1-1-4,1,407,1,1,4
mn-1-407-1-1-5,mn-407-1-1-5,1,407,1,1,5
mn-1-407-5-2-1,mn-407-5-2-1,1,407,5,2,1
mn-1-407-6-2-1,mn-407-6-2-1,1,407,6,2,1
mn-1-407-6-2-2,mn-407-6-2-2,1,407,6,2,2
mn-1-407-6-2-3,mn-407-6-2-3,1,407,6,2,3
mn-1-407-6-2-4,mn-407-6-2-4,1,407,6,2,4
mn-1-407-6-2-5,mn-407-6-2-5,1,407,6,2,5
mn-1-407-6-2-6,mn-407-6-2-6,1,407,6,2,6
mn-1-407-6-2-7,mn-407-6-2-7,1,407,6,2,7
mn-1-408-1-1-1,mn-408-1-1-1,1,408,1,1,1
mn-1-408-5-2-1,mn-408-5-2-1,1,408,5,2,1
mn-1-408-6-2-1,mn-408-6-2-1,1,408,6,2,1
mn-1-408-6-2-2,mn-408-6-2-2,1,408,6,2,2
mn-1-408-6-2-3,mn-408-6-2-3,1,408,6,2,3
mn-1-408-6-2-4,mn-408-6-2-4,1,408,6,2,4
mn-1-408-6-2-5,mn-408-6-2-5,1,408,6,2,5
mn-1-409-1-1-1,mn-409-1-1-1,1,409,1,1,1
mn-1-409-1-1-2,mn-409-1-1-2,1,409,1,1,2
mn-1-409-1-1-3,mn-409-1-1-3,1,409,1,1,3
mn-1-409-1-1-4,mn-409-1-1-4,1,409,1,1,4
mn-1-409-1-1-5,mn-409-1-1-5,1,409,1,1,5
mn-1-409-5-2-1,mn-409-5-2-1,1,409,5,2,1
mn-1-409-6-2-1,mn-409-6-2-1,1,409,6,2,1
mn-1-409-6-2-2,mn-409-6-2-2,1,409,6,2,2
mn-1-409-6-2-3,mn-409-6-2-3,1,409,6,2,3
mn-1-410-1-1-1,mn-410-1-1-1,1,410,1,1,1
mn-1-410-1-1-2,mn-410-1-1-2,1,410,1,1,2
mn-1-410-1-1-3,mn-410-1-1-3,1,410,1,1,3
mn-1-410-1-1-4,mn-410-1-1-4,1,410,1,1,4
mn-1-410-1-1-5,mn-410-1-1-5,1,410,1,1,5
mn-1-410-1-1-6,mn-410-1-1-6,1,410,1,1,6
mn-1-410-5-2-1,mn-410-5-2-1,1,410,5,2,1
mn-1-410-6-2-1,mn-410-6-2-1,1,410,6,2,1
mn-1-411-1-1-1,mn-411-1-1-1,1,411,1,1,1
mn-1-411-1-1-2,mn-411-1-1-2,1,411,1,1,2
mn-1-411-1-1-3,mn-411-1-1-3,1,411,1,1,3
mn-1-411-1-1-4,mn-411-1-1-4,1,411,1,1,4
mn-1-411-5-2-1,mn-411-5-2-1,1,411,5,2,1
mn-1-411-6-2-1,mn-411-6-2-1,1,411,6,2,1
mn-1-412-1-1-1,mn-412-1-1-1,1,412,1,1,1
mn-1-412-2-1-1,mn-412-2-1-1,1,412,2,1,1
mn-1-412-2-1-2,mn-412-2-1-2,1,412,2,1,2
mn-1-412-2-1-3,mn-412-2-1-3,1,412,2,1,3
mn-1-412-2-1-4,mn-412-2-1-4,1,412,2,1,4
mn-1-412-2-1-5,mn-412-2-1-5,1,412,2,1,5
mn-1-412-2-1-6,mn-412-2-1-6,1,412,2,1,6
mn-1-412-5-2-1,mn-412-5-2-1,1,412,5,2,1
mn-1-412-6-2-1,mn-412-6-2-1,1,412,6,2,1
mn-1-412-6-2-2,mn-412-6-2-2,1,412,6,2,2
mn-1-412-6-2-3,mn-412-6-2-3,1,412,6,2,3
mn-1-412-7-2-1,mn-412-7-2-1,1,412,7,2,1
mn-1-413-1-1-1,mn-413-1-1-1,1,413,1,1,1
mn-1-413-1-1-2,mn-413-1-1-2,1,413,1,1,2
mn-1-413-1-1-3,mn-413-1-1-3,1,413,1,1,3
mn-1-413-2-1-1,mn-413-2-1-1,1,413,2,1,1
mn-1-413-5-2-1,mn-413-5-2-1,1,413,5,2,1
mn-1-413-6-2-1,mn-413-6-2-1,1,413,6,2,1
mn-1-413-6-2-2,mn-413-6-2-2,1,413,6,2,2
mn-1-413-6-2-3,mn-413-6-2-3,1,413,6,2,3
mn-1-413-7-2-1,mn-413-7-2-1,1,413,7,2,1
mn-1-413-7-2-2,mn-413-7-2-2,1,413,7,2,2
mn-1-414-1-1-1,mn-414-1-1-1,1,414,1,1,1
mn-1-414-1-1-2,mn-414-1-1-2,1,414,1,1,2
mn-1-414-1-1-3,mn-414-1-1-3,1,414,1,1,3
mn-1-414-2-1-1,mn-414-2-1-1,1,414,2,1,1
mn-1-414-2-1-2,mn-414-2-1-2,1,414,2,1,2
mn-1-414-2-1-3,mn-414-2-1-3,1,414,2,1,3
mn-1-414-2-1-4,mn-414-2-1-4,1,414,2,1,4
mn-1-414-2-1-5,mn-414-2-1-5,1,414,2,1,5
mn-1-414-2-1-6,mn-414-2-1-6,1,414,2,1,6
mn-1-414-5-2-1,mn-414-5-2-1,1,414,5,2,1
mn-1-414-6-2-1,mn-414-6-2-1,1,414,6,2,1
mn-1-414-6-2-2,mn-414-6-2-2,1,414,6,2,2
mn-1-414-6-2-3,mn-414-6-2-3,1,414,6,2,3
mn-1-414-7-2-1,mn-414-7-2-1,1,414,7,2,1
mn-1-415-1-1-1,mn-415-1-1-1,1,415,1,1,1
mn-1-415-1-1-2,mn-415-1-1-2,1,415,1,1,2
mn-1-415-1-1-3,mn-415-1-1-3,1,415,1,1,3
mn-1-415-2-1-1,mn-415-2-1-1,1,415,2,1,1
mn-1-415-5-2-1,mn-415-5-2-1,1,415,5,2,1
mn-1-415-6-2-1,mn-415-6-2-1,1,415,6,2,1
mn-1-415-6-2-2,mn-415-6-2-2,1,415,6,2,2
mn-1-415-6-2-3,mn-415-6-2-3,1,415,6,2,3
mn-1-415-7-2-1,mn-415-7-2-1,1,415,7,2,1
mn-1-416-1-1-1,mn-416-1-1-1,1,416,1,1,1
mn-1-416-2-1-1,mn-416-2-1-1,1,416,2,1,1
mn-1-416-2-1-2,mn-416-2-1-2,1,416,2,1,2
mn-1-416-2-1-3,mn-416-2-1-3,1,416,2,1,3
mn-1-416-2-1-4,mn-416-2-1-4,1,416,2,1,4
mn-1-416-2-1-5,mn-416-2-1-5,1,416,2,1,5
mn-1-416-2-1-6,mn-416-2-1-6,1,416,2,1,6
mn-1-416-5-2-1,mn-416-5-2-1,1,416,5,2,1
mn-1-416-6-2-1,mn-416-6-2-1,1,416,6,2,1
mn-1-416-6-2-2,mn-416-6-2-2,1,416,6,2,2
mn-1-416-6-2-3,mn-416-6-2-3,1,416,6,2,3
mn-1-416-7-2-1,mn-416-7-2-1,1,416,7,2,1
mn-1-417-1-1-1,mn-417-1-1-1,1,417,1,1,1
mn-1-417-1-1-2,mn-417-1-1-2,1,417,1,1,2
mn-1-417-1-1-3,mn-417-1-1-3,1,417,1,1,3
mn-1-417-2-1-1,mn-417-2-1-1,1,417,2,1,1
mn-1-417-5-2-1,mn-417-5-2-1,1,417,5,2,1
mn-1-417-6-2-1,mn-417-6-2-1,1,417,6,2,1
mn-1-417-6-2-2,mn-417-6-2-2,1,417,6,2,2
mn-1-417-6-2-3,mn-417-6-2-3,1,417,6,2,3
mn-1-417-7-2-1,mn-417-7-2-1,1,417,7,2,1
mn-1-417-7-2-2,mn-417-7-2-2,1,417,7,2,2
mn-1-418-1-1-1,mn-418-1-1-1,1,418,1,1,1
mn-1-418-1-1-2,mn-418-1-1-2,1,418,1,1,2
mn-1-418-1-1-3,mn-418-1-1-3,1,418,1,1,3
mn-1-418-1-1-4,mn-418-1-1-4,1,418,1,1,4
mn-1-418-1-1-5,mn-418-1-1-5,1,418,1,1,5
mn-1-418-1-1-6,mn-418-1-1-6,1,418,1,1,6
mn-1-418-5-2-1,mn-418-5-2-1,1,418,5,2,1
mn-1-418-6-2-1,mn-418-6-2-1,1,418,6,2,1
mn-1-418-6-2-2,mn-418-6-2-2,1,418,6,2,2
mn-1-418-6-2-3,mn-418-6-2-3,1,418,6,2,3
mn-1-418-7-2-1,mn-418-7-2-1,1,418,7,2,1
mn-1-419-1-1-1,mn-419-1-1-1,1,419,1,1,1
mn-1-419-1-1-2,mn-419-1-1-2,1,419,1,1,2
mn-1-419-1-1-3,mn-419-1-1-3,1,419,1,1,3
mn-1-419-2-1-1,mn-419-2-1-1,1,419,2,1,1
mn-1-419-5-2-1,mn-419-5-2-1,1,419,5,2,1
mn-1-419-6-2-1,mn-419-6-2-1,1,419,6,2,1
mn-1-419-6-2-2,mn-419-6-2-2,1,419,6,2,2
mn-1-419-6-2-3,mn-419-6-2-3,1,419,6,2,3
mn-1-419-7-2-1,mn-419-7-2-1,1,419,7,2,1
mn-1-420-1-1-1,mn-420-1-1-1,1,420,1,1,1
mn-1-420-2-1-1,mn-420-2-1-1,1,420,2,1,1
mn-1-420-2-1-2,mn-420-2-1-2,1,420,2,1,2
mn-1-420-2-1-3,mn-420-2-1-3,1,420,2,1,3
mn-1-420-2-1-4,mn-420-2-1-4,1,420,2,1,4
mn-1-420-2-1-5,mn-420-2-1-5,1,420,2,1,5
mn-1-420-2-1-6,mn-420-2-1-6,1,420,2,1,6
mn-1-420-5-2-1,mn-420-5-2-1,1,420,5,2,1
mn-1-420-6-2-1,mn-420-6-2-1,1,420,6,2,1
mn-1-420-6-2-2,mn-420-6-2-2,1,420,6,2,2
mn-1-420-6-2-3,mn-420-6-2-3,1,420,6,2,3
mn-1-420-7-2-1,mn-420-7-2-1,1,420,7,2,1
mn-1-420-7-2-2,mn-420-7-2-2,1,420,7,2,2
mn-1-421-1-1-1,mn-421-1-1-1,1,421,1,1,1
mn-1-421-1-1-2,mn-421-1-1-2,1,421,1,1,2
mn-1-421-1-1-3,mn-421-1-1-3,1,421,1,1,3
mn-1-421-2-1-1,mn-421-2-1-1,1,421,2,1,1
mn-1-421-5-2-1,mn-421-5-2-1,1,421,5,2,1
mn-1-421-6-2-1,mn-421-6-2-1,1,421,6,2,1
mn-1-421-6-2-2,mn-421-6-2-2,1,421,6,2,2
mn-1-421-6-2-3,mn-421-6-2-3,1,421,6,2,3
mn-1-421-7-2-1,mn-421-7-2-1,1,421,7,2,1
mn-1-421-7-2-2,mn-421-7-2-2,1,421,7,2,2
mn-1-422-1-1-1,mn-422-1-1-1,1,422,1,1,1
mn-1-422-1-1-2,mn-422-1-1-2,1,422,1,1,2
mn-1-422-1-1-3,mn-422-1-1-3,1,422,1,1,3
mn-1-422-2-1-1,mn-422-2-1-1,1,422,2,1,1
mn-1-422-2-1-2,mn-422-2-1-2,1,422,2,1,2
mn-1-422-2-1-3,mn-422-2-1-3,1,422,2,1,3
mn-1-422-2-1-4,mn-422-2-1-4,1,422,2,1,4
mn-1-422-2-1-5,mn-422-2-1-5,1,422,2,1,5
mn-1-422-2-1-6,mn-422-2-1-6,1,422,2,1,6
mn-1-422-5-2-1,mn-422-5-2-1,1,422,5,2,1
mn-1-422-6-2-1,mn-422-6-2-1,1,422,6,2,1
mn-1-422-6-2-2,mn-422-6-2-2,1,422,6,2,2
mn-1-422-6-2-3,mn-422-6-2-3,1,422,6,2,3
mn-1-422-7-2-1,mn-422-7-2-1,1,422,7,2,1
mn-1-423-1-1-1,mn-423-1-1-1,1,423,1,1,1
mn-1-423-1-1-2,mn-423-1-1-2,1,423,1,1,2
mn-1-423-1-1-3,mn-423-1-1-3,1,423,1,1,3
mn-1-423-2-1-1,mn-423-2-1-1,1,423,2,1,1
mn-1-423-5-2-1,mn-423-5-2-1,1,423,5,2,1
mn-1-423-6-2-1,mn-423-6-2-1,1,423,6,2,1
mn-1-423-6-2-2,mn-423-6-2-2,1,423,6,2,2
mn-1-423-6-2-3,mn-423-6-2-3,1,423,6,2,3
mn-1-423-7-2-1,mn-423-7-2-1,1,423,7,2,1
mn-1-424-1-1-1,mn-424-1-1-1,1,424,1,1,1
mn-1-424-2-1-1,mn-424-2-1-1,1,424,2,1,1
mn-1-424-2-1-2,mn-424-2-1-2,1,424,2,1,2
mn-1-424-2-1-3,mn-424-2-1-3,1,424,2,1,3
mn-1-424-2-1-4,mn-424-2-1-4,1,424,2,1,4
mn-1-424-2-1-5,mn-424-2-1-5,1,424,2,1,5
mn-1-424-2-1-6,mn-424-2-1-6,1,424,2,1,6
mn-1-424-5-2-1,mn-424-5-2-1,1,424,5,2,1
mn-1-424-6-2-1,mn-424-6-2-1,1,424,6,2,1
mn-1-424-6-2-2,mn-424-6-2-2,1,424,6,2,2
mn-1-424-6-2-3,mn-424-6-2-3,1,424,6,2,3
mn-1-424-7-2-1,mn-424-7-2-1,1,424,7,2,1
mn-1-424-7-2-2,mn-424-7-2-2,1,424,7,2,2
mn-1-425-1-1-1,mn-425-1-1-1,1,425,1,1,1
mn-1-425-1-1-2,mn-425-1-1-2,1,425,1,1,2
mn-1-425-1-1-3,mn-425-1-1-3,1,425,1,1,3
mn-1-425-2-1-1,mn-425-2-1-1,1,425,2,1,1
mn-1-425-5-2-1,mn-425-5-2-1,1,425,5,2,1
mn-1-425-6-2-1,mn-425-6-2-1,1,425,6,2,1
mn-1-425-6-2-2,mn-425-6-2-2,1,425,6,2,2
mn-1-425-6-2-3,mn-425-6-2-3,1,425,6,2,3
mn-1-425-7-2-1,mn-425-7-2-1,1,425,7,2,1
mn-1-425-7-2-2,mn-425-7-2-2,1,425,7,2,2
mn-1-426-1-1-1,mn-426-1-1-1,1,426,1,1,1
mn-1-426-2-1-1,mn-426-2-1-1,1,426,2,1,1
mn-1-426-2-1-2,mn-426-2-1-2,1,426,2,1,2
mn-1-426-2-1-3,mn-426-2-1-3,1,426,2,1,3
mn-1-426-2-1-4,mn-426-2-1-4,1,426,2,1,4
mn-1-426-2-1-5,mn-426-2-1-5,1,426,2,1,5
mn-1-426-2-1-6,mn-426-2-1-6,1,426,2,1,6
mn-1-426-5-2-1,mn-426-5-2-1,1,426,5,2,1
mn-1-426-6-2-1,mn-426-6-2-1,1,426,6,2,1
mn-1-426-6-2-2,mn-426-6-2-2,1,426,6,2,2
mn-1-426-6-2-3,mn-426-6-2-3,1,426,6,2,3
mn-1-426-7-2-1,mn-426-7-2-1,1,426,7,2,1
mn-1-427-1-1-1,mn-427-1-1-1,1,427,1,1,1
mn-1-427-1-1-2,mn-427-1-1-2,1,427,1,1,2
mn-1-427-1-1-3,mn-427-1-1-3,1,427,1,1,3
mn-1-427-2-1-1,mn-427-2-1-1,1,427,2,1,1
mn-1-427-5-2-1,mn-427-5-2-1,1,427,5,2,1
mn-1-427-6-2-1,mn-427-6-2-1,1,427,6,2,1
mn-1-427-6-2-2,mn-427-6-2-2,1,427,6,2,2
mn-1-427-6-2-3,mn-427-6-2-3,1,427,6,2,3
mn-1-428-1-1-1,mn-428-1-1-1,1,428,1,1,1
mn-1-428-1-1-2,mn-428-1-1-2,1,428,1,1,2
mn-1-428-1-1-3,mn-428-1-1-3,1,428,1,1,3
mn-1-428-2-1-1,mn-428-2-1-1,1,428,2,1,1
mn-1-428-2-1-2,mn-428-2-1-2,1,428,2,1,2
mn-1-428-2-1-3,mn-428-2-1-3,1,428,2,1,3
mn-1-428-2-1-4,mn-428-2-1-4,1,428,2,1,4
mn-1-428-2-1-5,mn-428-2-1-5,1,428,2,1,5
mn-1-428-2-1-6,mn-428-2-1-6,1,428,2,1,6
mn-1-428-5-2-1,mn-428-5-2-1,1,428,5,2,1
mn-1-428-6-2-1,mn-428-6-2-1,1,428,6,2,1
mn-1-428-7-2-1,mn-428-7-2-1,1,428,7,2,1
mn-1-428-7-2-2,mn-428-7-2-2,1,428,7,2,2
mn-1-428-7-2-3,mn-428-7-2-3,1,428,7,2,3
mn-1-429-1-1-1,mn-429-1-1-1,1,429,1,1,1
mn-1-429-1-1-2,mn-429-1-1-2,1,429,1,1,2
mn-1-429-1-1-3,mn-429-1-1-3,1,429,1,1,3
mn-1-429-2-1-1,mn-429-2-1-1,1,429,2,1,1
mn-1-429-5-2-1,mn-429-5-2-1,1,429,5,2,1
mn-1-429-6-2-1,mn-429-6-2-1,1,429,6,2,1
mn-1-429-7-2-1,mn-429-7-2-1,1,429,7,2,1
mn-1-429-7-2-2,mn-429-7-2-2,1,429,7,2,2
mn-1-429-7-2-3,mn-429-7-2-3,1,429,7,2,3
mn-1-430-1-1-1,mn-430-1-1-1,1,430,1,1,1
mn-1-430-2-1-1,mn-430-2-1-1,1,430,2,1,1
mn-1-430-2-1-2,mn-430-2-1-2,1,430,2,1,2
mn-1-430-2-1-3,mn-430-2-1-3,1,430,2,1,3
mn-1-430-2-1-4,mn-430-2-1-4,1,430,2,1,4
mn-1-430-2-1-5,mn-430-2-1-5,1,430,2,1,5
mn-1-430-2-1-6,mn-430-2-1-6,1,430,2,1,6
mn-1-430-5-2-1,mn-430-5-2-1,1,430,5,2,1
mn-1-430-6-2-1,mn-430-6-2-1,1,430,6,2,1
mn-1-430-7-2-1,mn-430-7-2-1,1,430,7,2,1
mn-1-430-7-2-2,mn-430-7-2-2,1,430,7,2,2
mn-1-430-7-2-3,mn-430-7-2-3,1,430,7,2,3
mn-1-431-1-1-1,mn-431-1-1-1,1,431,1,1,1
mn-1-431-1-1-2,mn-431-1-1-2,1,431,1,1,2
mn-1-431-1-1-3,mn-431-1-1-3,1,431,1,1,3
mn-1-431-2-1-1,mn-431-2-1-1,1,431,2,1,1
mn-1-431-5-2-1,mn-431-5-2-1,1,431,5,2,1
mn-1-431-6-2-1,mn-431-6-2-1,1,431,6,2,1
mn-1-431-7-2-1,mn-431-7-2-1,1,431,7,2,1
mn-1-431-7-2-2,mn-431-7-2-2,1,431,7,2,2
mn-1-431-7-2-3,mn-431-7-2-3,1,431,7,2,3
mn-1-432-1-1-1,mn-432-1-1-1,1,432,1,1,1
mn-1-432-1-1-2,mn-432-1-1-2,1,432,1,1,2
mn-1-432-1-1-3,mn-432-1-1-3,1,432,1,1,3
mn-1-432-2-1-1,mn-432-2-1-1,1,432,2,1,1
mn-1-432-2-1-2,mn-432-2-1-2,1,432,2,1,2
mn-1-432-2-1-3,mn-432-2-1-3,1,432,2,1,3
mn-1-432-2-1-4,mn-432-2-1-4,1,432,2,1,4
mn-1-432-2-1-5,mn-432-2-1-5,1,432,2,1,5
mn-1-432-2-1-6,mn-432-2-1-6,1,432,2,1,6
mn-1-432-5-2-1,mn-432-5-2-1,1,432,5,2,1
mn-1-432-6-2-1,mn-432-6-2-1,1,432,6,2,1
mn-1-432-7-2-1,mn-432-7-2-1,1,432,7,2,1
mn-1-432-7-2-2,mn-432-7-2-2,1,432,7,2,2
mn-1-432-7-2-3,mn-432-7-2-3,1,432,7,2,3
mn-1-433-1-1-1,mn-433-1-1-1,1,433,1,1,1
mn-1-433-1-1-2,mn-433-1-1-2,1,433,1,1,2
mn-1-433-1-1-3,mn-433-1-1-3,1,433,1,1,3
mn-1-433-2-1-1,mn-433-2-1-1,1,433,2,1,1
mn-1-433-5-2-1,mn-433-5-2-1,1,433,5,2,1
mn-1-433-6-2-1,mn-433-6-2-1,1,433,6,2,1
mn-1-433-7-2-1,mn-433-7-2-1,1,433,7,2,1
mn-1-433-7-2-2,mn-433-7-2-2,1,433,7,2,2
mn-1-433-7-2-3,mn-433-7-2-3,1,433,7,2,3
mn-1-434-1-1-1,mn-434-1-1-1,1,434,1,1,1
mn-1-434-1-1-2,mn-434-1-1-2,1,434,1,1,2
mn-1-434-1-1-3,mn-434-1-1-3,1,434,1,1,3
mn-1-434-1-1-4,mn-434-1-1-4,1,434,1,1,4
mn-1-434-1-1-5,mn-434-1-1-5,1,434,1,1,5
mn-1-434-1-1-6,mn-434-1-1-6,1,434,1,1,6
mn-1-434-2-1-1,mn-434-2-1-1,1,434,2,1,1
mn-1-434-5-2-1,mn-434-5-2-1,1,434,5,2,1
mn-1-434-6-2-1,mn-434-6-2-1,1,434,6,2,1
mn-1-434-7-2-1,mn-434-7-2-1,1,434,7,2,1
mn-1-434-8-2-1,mn-434-8-2-1,1,434,8,2,1
mn-1-435-1-1-1,mn-435-1-1-1,1,435,1,1,1
mn-1-435-1-1-2,mn-435-1-1-2,1,435,1,1,2
mn-1-435-1-1-3,mn-435-1-1-3,1,435,1,1,3
mn-1-435-2-1-1,mn-435-2-1-1,1,435,2,1,1
mn-1-435-5-2-1,mn-435-5-2-1,1,435,5,2,1
mn-1-435-6-2-1,mn-435-6-2-1,1,435,6,2,1
mn-1-435-6-2-2,mn-435-6-2-2,1,435,6,2,2
mn-1-435-7-2-1,mn-435-7-2-1,1,435,7,2,1
mn-1-435-8-2-1,mn-435-8-2-1,1,435,8,2,1
mn-1-436-1-1-1,mn-436-1-1-1,1,436,1,1,1
mn-1-436-1-1-2,mn-436-1-1-2,1,436,1,1,2
mn-1-436-1-1-3,mn-436-1-1-3,1,436,1,1,3
mn-1-436-1-1-4,mn-436-1-1-4,1,436,1,1,4
mn-1-436-1-1-5,mn-436-1-1-5,1,436,1,1,5
mn-1-436-1-1-6,mn-436-1-1-6,1,436,1,1,6
mn-1-436-5-2-1,mn-436-5-2-1,1,436,5,2,1
mn-1-436-6-2-1,mn-436-6-2-1,1,436,6,2,1
mn-1-436-6-2-2,mn-436-6-2-2,1,436,6,2,2
mn-1-436-6-2-3,mn-436-6-2-3,1,436,6,2,3
mn-1-436-6-2-4,mn-436-6-2-4,1,436,6,2,4
mn-1-436-7-2-1,mn-436-7-2-1,1,436,7,2,1
mn-1-437-1-1-1,mn-437-1-1-1,1,437,1,1,1
mn-1-437-1-1-2,mn-437-1-1-2,1,437,1,1,2
mn-1-437-1-1-3,mn-437-1-1-3,1,437,1,1,3
mn-1-437-1-1-4,mn-437-1-1-4,1,437,1,1,4
mn-1-437-1-1-5,mn-437-1-1-5,1,437,1,1,5
mn-1-437-1-1-6,mn-437-1-1-6,1,437,1,1,6
mn-1-437-5-2-1,mn-437-5-2-1,1,437,5,2,1
mn-1-437-6-2-1,mn-437-6-2-1,1,437,6,2,1
mn-1-437-6-2-2,mn-437-6-2-2,1,437,6,2,2
mn-1-437-6-2-3,mn-437-6-2-3,1,437,6,2,3
mn-1-437-6-2-4,mn-437-6-2-4,1,437,6,2,4
mn-1-437-7-2-1,mn-437-7-2-1,1,437,7,2,1
mn-1-438-1-1-1,mn-438-1-1-1,1,438,1,1,1
mn-1-438-1-1-2,mn-438-1-1-2,1,438,1,1,2
mn-1-438-1-1-3,mn-438-1-1-3,1,438,1,1,3
mn-1-438-1-1-4,mn-438-1-1-4,1,438,1,1,4
mn-1-438-1-1-5,mn-438-1-1-5,1,438,1,1,5
mn-1-438-1-1-6,mn-438-1-1-6,1,438,1,1,6
mn-1-438-5-2-1,mn-438-5-2-1,1,438,5,2,1
mn-1-438-6-2-1,mn-438-6-2-1,1,438,6,2,1
mn-1-438-6-2-2,mn-438-6-2-2,1,438,6,2,2
mn-1-438-6-2-3,mn-438-6-2-3,1,438,6,2,3
mn-1-438-6-2-4,mn-438-6-2-4,1,438,6,2,4
mn-1-438-7-2-1,mn-438-7-2-1,1,438,7,2,1
mn-1-439-1-1-1,mn-439-1-1-1,1,439,1,1,1
mn-1-439-1-1-2,mn-439-1-1-2,1,439,1,1,2
mn-1-439-1-1-3,mn-439-1-1-3,1,439,1,1,3
mn-1-439-1-1-4,mn-439-1-1-4,1,439,1,1,4
mn-1-439-1-1-5,mn-439-1-1-5,1,439,1,1,5
mn-1-439-1-1-6,mn-439-1-1-6,1,439,1,1,6
mn-1-439-5-2-1,mn-439-5-2-1,1,439,5,2,1
mn-1-439-6-2-1,mn-439-6-2-1,1,439,6,2,1
mn-1-440-1-1-1,mn-440-1-1-1,1,440,1,1,1
mn-1-440-1-1-2,mn-440-1-1-2,1,440,1,1,2
mn-1-440-1-1-3,mn-440-1-1-3,1,440,1,1,3
mn-1-440-1-1-4,mn-440-1-1-4,1,440,1,1,4
mn-1-440-1-1-5,mn-440-1-1-5,1,440,1,1,5
mn-1-440-1-1-6,mn-440-1-1-6,1,440,1,1,6
mn-1-440-5-2-1,mn-440-5-2-1,1,440,5,2,1
mn-1-440-6-2-1,mn-440-6-2-1,1,440,6,2,1
mn-1-440-6-2-2,mn-440-6-2-2,1,440,6,2,2
mn-1-440-6-2-3,mn-440-6-2-3,1,440,6,2,3
mn-1-440-6-2-4,mn-440-6-2-4,1,440,6,2,4
mn-1-441-1-1-1,mn-441-1-1-1,1,441,1,1,1
mn-1-441-1-1-2,mn-441-1-1-2,1,441,1,1,2
mn-1-441-1-1-3,mn-441-1-1-3,1,441,1,1,3
mn-1-441-1-1-4,mn-441-1-1-4,1,441,1,1,4
mn-1-441-1-1-5,mn-441-1-1-5,1,441,1,1,5
mn-1-441-1-1-6,mn-441-1-1-6,1,441,1,1,6
mn-1-441-5-2-1,mn-441-5-2-1,1,441,5,2,1
mn-1-441-6-2-1,mn-441-6-2-1,1,441,6,2,1
mn-1-441-6-2-2,mn-441-6-2-2,1,441,6,2,2
mn-1-441-6-2-3,mn-441-6-2-3,1,441,6,2,3
mn-1-441-6-2-4,mn-441-6-2-4,1,441,6,2,4
mn-1-442-1-1-1,mn-442-1-1-1,1,442,1,1,1
mn-1-442-1-1-2,mn-442-1-1-2,1,442,1,1,2
mn-1-442-1-1-3,mn-442-1-1-3,1,442,1,1,3
mn-1-442-1-1-4,mn-442-1-1-4,1,442,1,1,4
mn-1-442-1-1-5,mn-442-1-1-5,1,442,1,1,5
mn-1-442-1-1-6,mn-442-1-1-6,1,442,1,1,6
mn-1-442-5-2-1,mn-442-5-2-1,1,442,5,2,1
mn-1-442-6-2-1,mn-442-6-2-1,1,442,6,2,1
mn-1-442-6-2-2,mn-442-6-2-2,1,442,6,2,2
mn-1-442-6-2-3,mn-442-6-2-3,1,442,6,2,3
mn-1-442-7-2-1,mn-442-7-2-1,1,442,7,2,1
mn-1-442-7-2-2,mn-442-7-2-2,1,442,7,2,2
mn-1-443-1-1-1,mn-443-1-1-1,1,443,1,1,1
mn-1-443-1-1-2,mn-443-1-1-2,1,443,1,1,2
mn-1-443-1-1-3,mn-443-1-1-3,1,443,1,1,3
mn-1-443-1-1-4,mn-443-1-1-4,1,443,1,1,4
mn-1-443-1-1-5,mn-443-1-1-5,1,443,1,1,5
mn-1-443-1-1-6,mn-443-1-1-6,1,443,1,1,6
mn-1-443-5-2-1,mn-443-5-2-1,1,443,5,2,1
mn-1-443-6-2-1,mn-443-6-2-1,1,443,6,2,1
mn-1-443-6-2-2,mn-443-6-2-2,1,443,6,2,2
mn-1-443-7-2-1,mn-443-7-2-1,1,443,7,2,1
mn-1-443-7-2-2,mn-443-7-2-2,1,443,7,2,2
mn-1-443-7-2-3,mn-443-7-2-3,1,443,7,2,3
mn-1-444-1-1-1,mn-444-1-1-1,1,444,1,1,1
mn-1-444-1-1-2,mn-444-1-1-2,1,444,1,1,2
mn-1-444-1-1-3,mn-444-1-1-3,1,444,1,1,3
mn-1-444-1-1-4,mn-444-1-1-4,1,444,1,1,4
mn-1-444-1-1-5,mn-444-1-1-5,1,444,1,1,5
mn-1-444-1-1-6,mn-444-1-1-6,1,444,1,1,6
mn-1-444-5-2-1,mn-444-5-2-1,1,444,5,2,1
mn-1-444-6-2-1,mn-444-6-2-1,1,444,6,2,1
mn-1-444-6-2-2,mn-444-6-2-2,1,444,6,2,2
mn-1-444-6-2-3,mn-444-6-2-3,1,444,6,2,3
mn-1-444-6-2-4,mn-444-6-2-4,1,444,6,2,4
mn-1-444-7-2-1,mn-444-7-2-1,1,444,7,2,1
mn-1-445-1-1-1,mn-445-1-1-1,1,445,1,1,1
mn-1-445-1-1-2,mn-445-1-1-2,1,445,1,1,2
mn-1-445-1-1-3,mn-445-1-1-3,1,445,1,1,3
mn-1-445-1-1-4,mn-445-1-1-4,1,445,1,1,4
mn-1-445-1-1-5,mn-445-1-1-5,1,445,1,1,5
mn-1-445-1-1-6,mn-445-1-1-6,1,445,1,1,6
mn-1-445-5-2-1,mn-445-5-2-1,1,445,5,2,1
mn-1-445-6-2-1,mn-445-6-2-1,1,445,6,2,1
mn-1-445-6-2-2,mn-445-6-2-2,1,445,6,2,2
mn-1-445-6-2-3,mn-445-6-2-3,1,445,6,2,3
mn-1-445-6-2-4,mn-445-6-2-4,1,445,6,2,4
mn-1-445-7-2-1,mn-445-7-2-1,1,445,7,2,1
mn-1-446-1-1-1,mn-446-1-1-1,1,446,1,1,1
mn-1-446-1-1-2,mn-446-1-1-2,1,446,1,1,2
mn-1-446-1-1-3,mn-446-1-1-3,1,446,1,1,3
mn-1-446-1-1-4,mn-446-1-1-4,1,446,1,1,4
mn-1-446-1-1-5,mn-446-1-1-5,1,446,1,1,5
mn-1-446-1-1-6,mn-446-1-1-6,1,446,1,1,6
mn-1-446-5-2-1,mn-446-5-2-1,1,446,5,2,1
mn-1-446-6-2-1,mn-446-6-2-1,1,446,6,2,1
mn-1-446-6-2-2,mn-446-6-2-2,1,446,6,2,2
mn-1-446-6-2-3,mn-446-6-2-3,1,446,6,2,3
mn-1-446-6-2-4,mn-446-6-2-4,1,446,6,2,4
mn-1-446-7-2-1,mn-446-7-2-1,1,446,7,2,1
mn-1-447-1-1-1,mn-447-1-1-1,1,447,1,1,1
mn-1-447-1-1-2,mn-447-1-1-2,1,447,1,1,2
mn-1-447-1-1-3,mn-447-1-1-3,1,447,1,1,3
mn-1-447-1-1-4,mn-447-1-1-4,1,447,1,1,4
mn-1-447-1-1-5,mn-447-1-1-5,1,447,1,1,5
mn-1-447-1-1-6,mn-447-1-1-6,1,447,1,1,6
mn-1-447-5-2-1,mn-447-5-2-1,1,447,5,2,1
mn-1-447-6-2-1,mn-447-6-2-1,1,447,6,2,1
mn-1-448-1-1-1,mn-448-1-1-1,1,448,1,1,1
mn-1-448-1-1-2,mn-448-1-1-2,1,448,1,1,2
mn-1-448-1-1-3,mn-448-1-1-3,1,448,1,1,3
mn-1-448-1-1-4,mn-448-1-1-4,1,448,1,1,4
mn-1-448-1-1-5,mn-448-1-1-5,1,448,1,1,5
mn-1-448-1-1-6,mn-448-1-1-6,1,448,1,1,6
mn-1-448-5-2-1,mn-448-5-2-1,1,448,5,2,1
mn-1-448-6-2-1,mn-448-6-2-1,1,448,6,2,1
mn-1-448-6-2-2,mn-448-6-2-2,1,448,6,2,2
mn-1-448-6-2-3,mn-448-6-2-3,1,448,6,2,3
mn-1-448-6-2-4,mn-448-6-2-4,1,448,6,2,4
mn-1-449-1-1-1,mn-449-1-1-1,1,449,1,1,1
mn-1-449-1-1-2,mn-449-1-1-2,1,449,1,1,2
mn-1-449-1-1-3,mn-449-1-1-3,1,449,1,1,3
mn-1-449-1-1-4,mn-449-1-1-4,1,449,1,1,4
mn-1-449-1-1-5,mn-449-1-1-5,1,449,1,1,5
mn-1-449-1-1-6,mn-449-1-1-6,1,449,1,1,6
mn-1-449-5-2-1,mn-449-5-2-1,1,449,5,2,1
mn-1-449-6-2-1,mn-449-6-2-1,1,449,6,2,1
mn-1-449-6-2-2,mn-449-6-2-2,1,449,6,2,2
mn-1-449-6-2-3,mn-449-6-2-3,1,449,6,2,3
mn-1-449-6-2-4,mn-449-6-2-4,1,449,6,2,4
mn-1-450-1-1-1,mn-450-1-1-1,1,450,1,1,1
mn-1-450-1-1-2,mn-450-1-1-2,1,450,1,1,2
mn-1-450-1-1-3,mn-450-1-1-3,1,450,1,1,3
mn-1-450-1-1-4,mn-450-1-1-4,1,450,1,1,4
mn-1-450-1-1-5,mn-450-1-1-5,1,450,1,1,5
mn-1-450-1-1-6,mn-450-1-1-6,1,450,1,1,6
mn-1-450-5-2-1,mn-450-5-2-1,1,450,5,2,1
mn-1-450-6-2-1,mn-450-6-2-1,1,450,6,2,1
mn-1-450-6-2-2,mn-450-6-2-2,1,450,6,2,2
mn-1-450-6-2-3,mn-450-6-2-3,1,450,6,2,3
mn-1-450-7-2-1,mn-450-7-2-1,1,450,7,2,1
mn-1-450-7-2-2,mn-450-7-2-2,1,450,7,2,2
mn-1-451-1-1-1,mn-451-1-1-1,1,451,1,1,1
mn-1-451-1-1-2,mn-451-1-1-2,1,451,1,1,2
mn-1-451-1-1-3,mn-451-1-1-3,1,451,1,1,3
mn-1-451-1-1-4,mn-451-1-1-4,1,451,1,1,4
mn-1-451-1-1-5,mn-451-1-1-5,1,451,1,1,5
mn-1-451-1-1-6,mn-451-1-1-6,1,451,1,1,6
mn-1-451-5-2-1,mn-451-5-2-1,1,451,5,2,1
mn-1-451-6-2-1,mn-451-6-2-1,1,451,6,2,1
mn-1-451-6-2-2,mn-451-6-2-2,1,451,6,2,2
mn-1-451-7-2-1,mn-451-7-2-1,1,451,7,2,1
mn-1-451-7-2-2,mn-451-7-2-2,1,451,7,2,2
mn-1-451-7-2-3,mn-451-7-2-3,1,451,7,2,3
mn-1-452-1-1-1,mn-452-1-1-1,1,452,1,1,1
mn-1-452-1-1-2,mn-452-1-1-2,1,452,1,1,2
mn-1-452-1-1-3,mn-452-1-1-3,1,452,1,1,3
mn-1-452-1-1-4,mn-452-1-1-4,1,452,1,1,4
mn-1-452-1-1-5,mn-452-1-1-5,1,452,1,1,5
mn-1-452-1-1-6,mn-452-1-1-6,1,452,1,1,6
mn-1-452-5-2-1,mn-452-5-2-1,1,452,5,2,1
mn-1-452-6-2-1,mn-452-6-2-1,1,452,6,2,1
mn-1-452-6-2-2,mn-452-6-2-2,1,452,6,2,2
mn-1-452-6-2-3,mn-452-6-2-3,1,452,6,2,3
mn-1-452-6-2-4,mn-452-6-2-4,1,452,6,2,4
mn-1-452-7-2-1,mn-452-7-2-1,1,452,7,2,1
mn-1-453-1-1-1,mn-453-1-1-1,1,453,1,1,1
mn-1-453-1-1-2,mn-453-1-1-2,1,453,1,1,2
mn-1-453-1-1-3,mn-453-1-1-3,1,453,1,1,3
mn-1-453-1-1-4,mn-453-1-1-4,1,453,1,1,4
mn-1-453-1-1-5,mn-453-1-1-5,1,453,1,1,5
mn-1-453-1-1-6,mn-453-1-1-6,1,453,1,1,6
mn-1-453-5-2-1,mn-453-5-2-1,1,453,5,2,1
mn-1-453-6-2-1,mn-453-6-2-1,1,453,6,2,1
mn-1-453-6-2-2,mn-453-6-2-2,1,453,6,2,2
mn-1-453-6-2-3,mn-453-6-2-3,1,453,6,2,3
mn-1-453-6-2-4,mn-453-6-2-4,1,453,6,2,4
mn-1-454-1-1-1,mn-454-1-1-1,1,454,1,1,1
mn-1-454-1-1-2,mn-454-1-1-2,1,454,1,1,2
mn-1-454-1-1-3,mn-454-1-1-3,1,454,1,1,3
mn-1-454-1-1-4,mn-454-1-1-4,1,454,1,1,4
mn-1-454-1-1-5,mn-454-1-1-5,1,454,1,1,5
mn-1-454-1-1-6,mn-454-1-1-6,1,454,1,1,6
mn-1-454-5-2-1,mn-454-5-2-1,1,454,5,2,1
mn-1-454-6-2-1,mn-454-6-2-1,1,454,6,2,1
mn-1-454-6-2-2,mn-454-6-2-2,1,454,6,2,2
mn-1-454-6-2-3,mn-454-6-2-3,1,454,6,2,3
mn-1-454-6-2-4,mn-454-6-2-4,1,454,6,2,4
mn-1-455-1-1-1,mn-455-1-1-1,1,455,1,1,1
mn-1-455-1-1-2,mn-455-1-1-2,1,455,1,1,2
mn-1-455-1-1-3,mn-455-1-1-3,1,455,1,1,3
mn-1-455-1-2-1,mn-455-1-2-1,1,455,1,2,1
mn-1-455-1-2-2,mn-455-1-2-2,1,455,1,2,2
mn-1-455-1-2-3,mn-455-1-2-3,1,455,1,2,3
mn-1-455-5-2-1,mn-455-5-2-1,1,455,5,2,1
mn-1-455-6-2-1,mn-455-6-2-1,1,455,6,2,1
mn-1-456-1-1-1,mn-456-1-1-1,1,456,1,1,1
mn-1-456-1-1-2,mn-456-1-1-2,1,456,1,1,2
mn-1-456-1-1-3,mn-456-1-1-3,1,456,1,1,3
mn-1-456-1-1-4,mn-456-1-1-4,1,456,1,1,4
mn-1-456-1-1-5,mn-456-1-1-5,1,456,1,1,5
mn-1-456-1-1-6,mn-456-1-1-6,1,456,1,1,6
mn-1-456-5-2-1,mn-456-5-2-1,1,456,5,2,1
mn-1-456-6-2-1,mn-456-6-2-1,1,456,6,2,1
mn-1-456-6-2-2,mn-456-6-2-2,1,456,6,2,2
mn-1-456-6-2-3,mn-456-6-2-3,1,456,6,2,3
mn-1-456-7-2-1,mn-456-7-2-1,1,456,7,2,1
mn-1-457-1-1-1,mn-457-1-1-1,1,457,1,1,1
mn-1-457-1-1-2,mn-457-1-1-2,1,457,1,1,2
mn-1-457-1-1-3,mn-457-1-1-3,1,457,1,1,3
mn-1-457-1-1-4,mn-457-1-1-4,1,457,1,1,4
mn-1-457-1-1-5,mn-457-1-1-5,1,457,1,1,5
mn-1-457-1-1-6,mn-457-1-1-6,1,457,1,1,6
mn-1-457-5-2-1,mn-457-5-2-1,1,457,5,2,1
mn-1-457-6-2-1,mn-457-6-2-1,1,457,6,2,1
mn-1-457-6-2-2,mn-457-6-2-2,1,457,6,2,2
mn-1-457-6-2-3,mn-457-6-2-3,1,457,6,2,3
mn-1-458-1-1-1,mn-458-1-1-1,1,458,1,1,1
mn-1-458-1-1-2,mn-458-1-1-2,1,458,1,1,2
mn-1-458-1-1-3,mn-458-1-1-3,1,458,1,1,3
mn-1-458-1-1-4,mn-458-1-1-4,1,458,1,1,4
mn-1-458-1-1-5,mn-458-1-1-5,1,458,1,1,5
mn-1-458-1-2-1,mn-458-1-2-1,1,458,1,2,1
mn-1-458-5-2-1,mn-458-5-2-1,1,458,5,2,1
mn-1-458-6-2-1,mn-458-6-2-1,1,458,6,2,1
mn-1-458-6-2-2,mn-458-6-2-2,1,458,6,2,2
mn-1-458-6-2-3,mn-458-6-2-3,1,458,6,2,3
mn-1-458-6-2-4,mn-458-6-2-4,1,458,6,2,4
mn-1-459-1-2-1,mn-459-1-2-1,1,459,1,2,1
mn-1-459-1-2-2,mn-459-1-2-2,1,459,1,2,2
mn-1-459-1-2-3,mn-459-1-2-3,1,459,1,2,3
mn-1-459-1-2-4,mn-459-1-2-4,1,459,1,2,4
mn-1-459-1-2-5,mn-459-1-2-5,1,459,1,2,5
mn-1-459-1-2-6,mn-459-1-2-6,1,459,1,2,6
mn-1-459-5-2-1,mn-459-5-2-1,1,459,5,2,1
mn-1-459-6-2-1,mn-459-6-2-1,1,459,6,2,1
mn-1-460-1-1-1,mn-460-1-1-1,1,460,1,1,1
mn-1-460-1-2-1,mn-460-1-2-1,1,460,1,2,1
mn-1-460-1-2-2,mn-460-1-2-2,1,460,1,2,2
mn-1-460-1-2-3,mn-460-1-2-3,1,460,1,2,3
mn-1-460-1-2-4,mn-460-1-2-4,1,460,1,2,4
mn-1-460-5-2-1,mn-460-5-2-1,1,460,5,2,1
mn-1-460-6-2-1,mn-460-6-2-1,1,460,6,2,1
mn-1-460-6-2-2,mn-460-6-2-2,1,460,6,2,2
mn-1-460-6-2-3,mn-460-6-2-3,1,460,6,2,3
mn-1-461-1-2-1,mn-461-1-2-1,1,461,1,2,1
mn-1-461-1-1-1,mn-461-1-1-1,1,461,1,1,1
mn-1-461-1-1-2,mn-461-1-1-2,1,461,1,1,2
mn-1-461-1-1-3,mn-461-1-1-3,1,461,1,1,3
mn-1-461-1-1-4,mn-461-1-1-4,1,461,1,1,4
mn-1-461-1-1-5,mn-461-1-1-5,1,461,1,1,5
mn-1-461-5-2-1,mn-461-5-2-1,1,461,5,2,1
mn-1-461-6-2-1,mn-461-6-2-1,1,461,6,2,1
mn-1-462-1-1-1,mn-462-1-1-1,1,462,1,1,1
mn-1-462-1-1-2,mn-462-1-1-2,1,462,1,1,2
mn-1-462-1-1-3,mn-462-1-1-3,1,462,1,1,3
mn-1-462-1-1-4,mn-462-1-1-4,1,462,1,1,4
mn-1-462-1-1-5,mn-462-1-1-5,1,462,1,1,5
mn-1-462-1-1-6,mn-462-1-1-6,1,462,1,1,6
mn-1-462-5-2-1,mn-462-5-2-1,1,462,5,2,1
mn-1-462-6-2-1,mn-462-6-2-1,1,462,6,2,1
mn-1-462-6-2-2,mn-462-6-2-2,1,462,6,2,2
mn-1-462-6-2-3,mn-462-6-2-3,1,462,6,2,3
mn-1-462-6-2-4,mn-462-6-2-4,1,462,6,2,4
mn-1-462-6-2-5,mn-462-6-2-5,1,462,6,2,5
mn-1-463-1-1-1,mn-463-1-1-1,1,463,1,1,1
mn-1-463-1-1-2,mn-463-1-1-2,1,463,1,1,2
mn-1-463-1-1-3,mn-463-1-1-3,1,463,1,1,3
mn-1-463-1-1-4,mn-463-1-1-4,1,463,1,1,4
mn-1-463-1-1-5,mn-463-1-1-5,1,463,1,1,5
mn-1-463-1-1-6,mn-463-1-1-6,1,463,1,1,6
mn-1-463-5-2-1,mn-463-5-2-1,1,463,5,2,1
mn-1-463-6-2-1,mn-463-6-2-1,1,463,6,2,1
mn-1-464-1-1-1,mn-464-1-1-1,1,464,1,1,1
mn-1-464-1-1-2,mn-464-1-1-2,1,464,1,1,2
mn-1-464-1-1-3,mn-464-1-1-3,1,464,1,1,3
mn-1-464-1-1-4,mn-464-1-1-4,1,464,1,1,4
mn-1-464-1-2-1,mn-464-1-2-1,1,464,1,2,1
mn-1-464-1-2-2,mn-464-1-2-2,1,464,1,2,2
mn-1-464-5-2-1,mn-464-5-2-1,1,464,5,2,1
mn-1-464-6-2-1,mn-464-6-2-1,1,464,6,2,1
mn-1-465-1-2-1,mn-465-1-2-1,1,465,1,2,1
mn-1-465-1-2-2,mn-465-1-2-2,1,465,1,2,2
mn-1-465-1-2-3,mn-465-1-2-3,1,465,1,2,3
mn-1-465-1-2-4,mn-465-1-2-4,1,465,1,2,4
mn-1-465-1-2-5,mn-465-1-2-5,1,465,1,2,5
mn-1-465-1-2-6,mn-465-1-2-6,1,465,1,2,6
mn-1-465-5-2-1,mn-465-5-2-1,1,465,5,2,1
mn-1-465-6-2-1,mn-465-6-2-1,1,465,6,2,1
mn-1-466-1-1-1,mn-466-1-1-1,1,466,1,1,1
mn-1-466-5-2-1,mn-466-5-2-1,1,466,5,2,1
mn-1-466-6-2-1,mn-466-6-2-1,1,466,6,2,1
mn-1-467-1-1-1,mn-467-1-1-1,1,467,1,1,1
mn-1-467-5-2-1,mn-467-5-2-1,1,467,5,2,1
mn-1-467-6-2-1,mn-467-6-2-1,1,467,6,2,1
mn-1-468-1-1-1,mn-468-1-1-1,1,468,1,1,1
mn-1-468-1-2-1,mn-468-1-2-1,1,468,1,2,1
mn-1-468-1-2-2,mn-468-1-2-2,1,468,1,2,2
mn-1-468-1-2-3,mn-468-1-2-3,1,468,1,2,3
mn-1-468-1-2-4,mn-468-1-2-4,1,468,1,2,4
mn-1-468-5-2-1,mn-468-5-2-1,1,468,5,2,1
mn-1-468-6-2-1,mn-468-6-2-1,1,468,6,2,1
mn-1-468-6-2-2,mn-468-6-2-2,1,468,6,2,2
mn-1-468-6-2-3,mn-468-6-2-3,1,468,6,2,3
mn-1-468-6-2-4,mn-468-6-2-4,1,468,6,2,4
mn-1-469-1-2-1,mn-469-1-2-1,1,469,1,2,1
mn-1-469-1-1-1,mn-469-1-1-1,1,469,1,1,1
mn-1-469-1-1-2,mn-469-1-1-2,1,469,1,1,2
mn-1-469-1-1-3,mn-469-1-1-3,1,469,1,1,3
mn-1-469-1-1-4,mn-469-1-1-4,1,469,1,1,4
mn-1-469-1-1-5,mn-469-1-1-5,1,469,1,1,5
mn-1-469-5-2-1,mn-469-5-2-1,1,469,5,2,1
mn-1-469-6-2-1,mn-469-6-2-1,1,469,6,2,1
mn-1-470-1-1-1,mn-470-1-1-1,1,470,1,1,1
mn-1-470-1-1-2,mn-470-1-1-2,1,470,1,1,2
mn-1-470-1-1-3,mn-470-1-1-3,1,470,1,1,3
mn-1-470-1-1-4,mn-470-1-1-4,1,470,1,1,4
mn-1-470-1-1-5,mn-470-1-1-5,1,470,1,1,5
mn-1-470-1-1-6,mn-470-1-1-6,1,470,1,1,6
mn-1-470-5-2-1,mn-470-5-2-1,1,470,5,2,1
mn-1-470-6-2-1,mn-470-6-2-1,1,470,6,2,1
mn-1-470-6-2-2,mn-470-6-2-2,1,470,6,2,2
mn-1-470-6-2-3,mn-470-6-2-3,1,470,6,2,3
mn-1-470-6-2-4,mn-470-6-2-4,1,470,6,2,4
mn-1-470-6-2-5,mn-470-6-2-5,1,470,6,2,5
mn-1-470-6-2-6,mn-470-6-2-6,1,470,6,2,6
mn-1-471-1-1-1,mn-471-1-1-1,1,471,1,1,1
mn-1-471-1-1-2,mn-471-1-1-2,1,471,1,1,2
mn-1-471-1-1-3,mn-471-1-1-3,1,471,1,1,3
mn-1-471-1-1-4,mn-471-1-1-4,1,471,1,1,4
mn-1-471-1-1-5,mn-471-1-1-5,1,471,1,1,5
mn-1-471-1-1-6,mn-471-1-1-6,1,471,1,1,6
mn-1-471-5-2-1,mn-471-5-2-1,1,471,5,2,1
mn-1-471-6-2-1,mn-471-6-2-1,1,471,6,2,1
mn-1-472-1-1-1,mn-472-1-1-1,1,472,1,1,1
mn-1-472-1-1-2,mn-472-1-1-2,1,472,1,1,2
mn-1-472-1-1-3,mn-472-1-1-3,1,472,1,1,3
mn-1-472-1-1-4,mn-472-1-1-4,1,472,1,1,4
mn-1-472-1-2-1,mn-472-1-2-1,1,472,1,2,1
mn-1-472-1-2-2,mn-472-1-2-2,1,472,1,2,2
mn-1-472-5-2-1,mn-472-5-2-1,1,472,5,2,1
mn-1-472-6-2-1,mn-472-6-2-1,1,472,6,2,1
mn-1-473-1-2-1,mn-473-1-2-1,1,473,1,2,1
mn-1-473-1-2-2,mn-473-1-2-2,1,473,1,2,2
mn-1-473-1-2-3,mn-473-1-2-3,1,473,1,2,3
mn-1-473-1-2-4,mn-473-1-2-4,1,473,1,2,4
mn-1-473-1-2-5,mn-473-1-2-5,1,473,1,2,5
mn-1-473-1-2-6,mn-473-1-2-6,1,473,1,2,6
mn-1-473-5-2-1,mn-473-5-2-1,1,473,5,2,1
mn-1-473-6-2-1,mn-473-6-2-1,1,473,6,2,1
mn-1-474-1-1-1,mn-474-1-1-1,1,474,1,1,1
mn-1-474-5-2-1,mn-474-5-2-1,1,474,5,2,1
mn-1-474-6-2-1,mn-474-6-2-1,1,474,6,2,1
mn-1-475-1-1-1,mn-475-1-1-1,1,475,1,1,1
mn-1-475-5-2-1,mn-475-5-2-1,1,475,5,2,1
mn-1-475-6-2-1,mn-475-6-2-1,1,475,6,2,1
mn-1-476-1-1-1,mn-476-1-1-1,1,476,1,1,1
mn-1-476-1-1-2,mn-476-1-1-2,1,476,1,1,2
mn-1-476-1-1-3,mn-476-1-1-3,1,476,1,1,3
mn-1-476-1-1-4,mn-476-1-1-4,1,476,1,1,4
mn-1-476-1-1-5,mn-476-1-1-5,1,476,1,1,5
mn-1-476-5-2-1,mn-476-5-2-1,1,476,5,2,1
mn-1-476-6-2-1,mn-476-6-2-1,1,476,6,2,1
mn-1-476-6-2-2,mn-476-6-2-2,1,476,6,2,2
mn-1-476-6-2-3,mn-476-6-2-3,1,476,6,2,3
mn-1-476-6-2-4,mn-476-6-2-4,1,476,6,2,4
mn-1-477-1-1-1,mn-477-1-1-1,1,477,1,1,1
mn-1-477-1-1-2,mn-477-1-1-2,1,477,1,1,2
mn-1-477-1-1-3,mn-477-1-1-3,1,477,1,1,3
mn-1-477-1-1-4,mn-477-1-1-4,1,477,1,1,4
mn-1-477-1-1-5,mn-477-1-1-5,1,477,1,1,5
mn-1-477-1-1-6,mn-477-1-1-6,1,477,1,1,6
mn-1-477-5-2-1,mn-477-5-2-1,1,477,5,2,1
mn-1-477-6-2-1,mn-477-6-2-1,1,477,6,2,1
mn-1-477-6-2-2,mn-477-6-2-2,1,477,6,2,2
mn-1-477-6-2-3,mn-477-6-2-3,1,477,6,2,3
mn-1-477-6-2-4,mn-477-6-2-4,1,477,6,2,4
mn-1-477-6-2-5,mn-477-6-2-5,1,477,6,2,5
mn-1-477-6-2-6,mn-477-6-2-6,1,477,6,2,6
mn-1-478-1-1-1,mn-478-1-1-1,1,478,1,1,1
mn-1-478-1-1-2,mn-478-1-1-2,1,478,1,1,2
mn-1-478-1-1-3,mn-478-1-1-3,1,478,1,1,3
mn-1-478-1-1-4,mn-478-1-1-4,1,478,1,1,4
mn-1-478-1-1-5,mn-478-1-1-5,1,478,1,1,5
mn-1-478-1-1-6,mn-478-1-1-6,1,478,1,1,6
mn-1-478-5-2-1,mn-478-5-2-1,1,478,5,2,1
mn-1-478-6-2-1,mn-478-6-2-1,1,478,6,2,1
mn-1-478-6-2-2,mn-478-6-2-2,1,478,6,2,2
mn-1-478-6-2-3,mn-478-6-2-3,1,478,6,2,3
mn-1-479-1-1-1,mn-479-1-1-1,1,479,1,1,1
mn-1-479-1-1-2,mn-479-1-1-2,1,479,1,1,2
mn-1-479-1-1-3,mn-479-1-1-3,1,479,1,1,3
mn-1-479-1-1-4,mn-479-1-1-4,1,479,1,1,4
mn-1-479-1-1-5,mn-479-1-1-5,1,479,1,1,5
mn-1-479-1-1-6,mn-479-1-1-6,1,479,1,1,6
mn-1-479-5-2-1,mn-479-5-2-1,1,479,5,2,1
mn-1-479-6-2-1,mn-479-6-2-1,1,479,6,2,1
mn-1-479-6-2-2,mn-479-6-2-2,1,479,6,2,2
mn-1-479-6-2-3,mn-479-6-2-3,1,479,6,2,3
mn-1-479-6-2-4,mn-479-6-2-4,1,479,6,2,4
mn-1-480-1-1-1,mn-480-1-1-1,1,480,1,1,1
mn-1-480-1-1-2,mn-480-1-1-2,1,480,1,1,2
mn-1-480-1-1-3,mn-480-1-1-3,1,480,1,1,3
mn-1-480-1-1-4,mn-480-1-1-4,1,480,1,1,4
mn-1-480-1-1-5,mn-480-1-1-5,1,480,1,1,5
mn-1-480-1-1-6,mn-480-1-1-6,1,480,1,1,6
mn-1-480-5-2-1,mn-480-5-2-1,1,480,5,2,1
mn-1-480-6-2-1,mn-480-6-2-1,1,480,6,2,1
mn-1-480-6-2-2,mn-480-6-2-2,1,480,6,2,2
mn-1-480-6-2-3,mn-480-6-2-3,1,480,6,2,3
mn-1-480-6-2-4,mn-480-6-2-4,1,480,6,2,4
mn-1-481-1-1-1,mn-481-1-1-1,1,481,1,1,1
mn-1-481-1-1-2,mn-481-1-1-2,1,481,1,1,2
mn-1-481-1-1-3,mn-481-1-1-3,1,481,1,1,3
mn-1-481-1-1-4,mn-481-1-1-4,1,481,1,1,4
mn-1-481-1-1-5,mn-481-1-1-5,1,481,1,1,5
mn-1-481-1-1-6,mn-481-1-1-6,1,481,1,1,6
mn-1-481-5-2-1,mn-481-5-2-1,1,481,5,2,1
mn-1-481-6-2-1,mn-481-6-2-1,1,481,6,2,1
mn-1-481-6-2-2,mn-481-6-2-2,1,481,6,2,2
mn-1-481-6-2-3,mn-481-6-2-3,1,481,6,2,3
mn-1-481-6-2-4,mn-481-6-2-4,1,481,6,2,4
mn-1-481-6-2-5,mn-481-6-2-5,1,481,6,2,5
mn-1-481-6-2-6,mn-481-6-2-6,1,481,6,2,6
mn-1-482-1-1-1,mn-482-1-1-1,1,482,1,1,1
mn-1-482-1-1-2,mn-482-1-1-2,1,482,1,1,2
mn-1-482-1-1-3,mn-482-1-1-3,1,482,1,1,3
mn-1-482-1-1-4,mn-482-1-1-4,1,482,1,1,4
mn-1-482-1-1-5,mn-482-1-1-5,1,482,1,1,5
mn-1-482-1-1-6,mn-482-1-1-6,1,482,1,1,6
mn-1-482-5-2-1,mn-482-5-2-1,1,482,5,2,1
mn-1-482-6-2-1,mn-482-6-2-1,1,482,6,2,1
mn-1-482-6-2-2,mn-482-6-2-2,1,482,6,2,2
mn-1-482-6-2-3,mn-482-6-2-3,1,482,6,2,3
mn-1-482-6-2-4,mn-482-6-2-4,1,482,6,2,4
mn-1-482-6-2-5,mn-482-6-2-5,1,482,6,2,5
mn-1-482-6-2-6,mn-482-6-2-6,1,482,6,2,6
mn-1-483-1-1-1,mn-483-1-1-1,1,483,1,1,1
mn-1-483-1-1-2,mn-483-1-1-2,1,483,1,1,2
mn-1-483-1-1-3,mn-483-1-1-3,1,483,1,1,3
mn-1-483-1-1-4,mn-483-1-1-4,1,483,1,1,4
mn-1-483-1-1-5,mn-483-1-1-5,1,483,1,1,5
mn-1-483-1-1-6,mn-483-1-1-6,1,483,1,1,6
mn-1-483-5-2-1,mn-483-5-2-1,1,483,5,2,1
mn-1-483-6-2-1,mn-483-6-2-1,1,483,6,2,1
mn-1-483-6-2-2,mn-483-6-2-2,1,483,6,2,2
mn-1-483-6-2-3,mn-483-6-2-3,1,483,6,2,3
mn-1-483-6-2-4,mn-483-6-2-4,1,483,6,2,4
mn-1-483-6-2-5,mn-483-6-2-5,1,483,6,2,5
mn-1-483-6-2-6,mn-483-6-2-6,1,483,6,2,6
mn-1-484-1-1-1,mn-484-1-1-1,1,484,1,1,1
mn-1-484-1-1-2,mn-484-1-1-2,1,484,1,1,2
mn-1-484-1-1-3,mn-484-1-1-3,1,484,1,1,3
mn-1-484-1-1-4,mn-484-1-1-4,1,484,1,1,4
mn-1-484-1-1-5,mn-484-1-1-5,1,484,1,1,5
mn-1-484-1-1-6,mn-484-1-1-6,1,484,1,1,6
mn-1-484-5-2-1,mn-484-5-2-1,1,484,5,2,1
mn-1-484-6-2-1,mn-484-6-2-1,1,484,6,2,1
mn-1-484-6-2-2,mn-484-6-2-2,1,484,6,2,2
mn-1-484-6-2-3,mn-484-6-2-3,1,484,6,2,3
mn-1-484-6-2-4,mn-484-6-2-4,1,484,6,2,4
mn-1-485-1-1-1,mn-485-1-1-1,1,485,1,1,1
mn-1-485-1-1-2,mn-485-1-1-2,1,485,1,1,2
mn-1-485-1-1-3,mn-485-1-1-3,1,485,1,1,3
mn-1-485-1-1-4,mn-485-1-1-4,1,485,1,1,4
mn-1-485-1-1-5,mn-485-1-1-5,1,485,1,1,5
mn-1-485-1-1-6,mn-485-1-1-6,1,485,1,1,6
mn-1-485-5-2-1,mn-485-5-2-1,1,485,5,2,1
mn-1-485-6-2-1,mn-485-6-2-1,1,485,6,2,1
mn-1-485-6-2-2,mn-485-6-2-2,1,485,6,2,2
mn-1-485-6-2-3,mn-485-6-2-3,1,485,6,2,3
mn-1-485-6-2-4,mn-485-6-2-4,1,485,6,2,4
mn-1-485-6-2-5,mn-485-6-2-5,1,485,6,2,5
mn-1-485-6-2-6,mn-485-6-2-6,1,485,6,2,6
mn-1-486-1-1-1,mn-486-1-1-1,1,486,1,1,1
mn-1-486-1-1-2,mn-486-1-1-2,1,486,1,1,2
mn-1-486-1-1-3,mn-486-1-1-3,1,486,1,1,3
mn-1-486-1-1-4,mn-486-1-1-4,1,486,1,1,4
mn-1-486-1-1-5,mn-486-1-1-5,1,486,1,1,5
mn-1-486-1-1-6,mn-486-1-1-6,1,486,1,1,6
mn-1-486-5-2-1,mn-486-5-2-1,1,486,5,2,1
mn-1-486-6-2-1,mn-486-6-2-1,1,486,6,2,1
mn-1-486-6-2-2,mn-486-6-2-2,1,486,6,2,2
mn-1-486-6-2-3,mn-486-6-2-3,1,486,6,2,3
mn-1-487-1-1-1,mn-487-1-1-1,1,487,1,1,1
mn-1-487-1-1-2,mn-487-1-1-2,1,487,1,1,2
mn-1-487-1-1-3,mn-487-1-1-3,1,487,1,1,3
mn-1-487-1-1-4,mn-487-1-1-4,1,487,1,1,4
mn-1-487-1-1-5,mn-487-1-1-5,1,487,1,1,5
mn-1-487-1-1-6,mn-487-1-1-6,1,487,1,1,6
mn-1-487-5-2-1,mn-487-5-2-1,1,487,5,2,1
mn-1-487-6-2-1,mn-487-6-2-1,1,487,6,2,1
mn-1-487-6-2-2,mn-487-6-2-2,1,487,6,2,2
mn-1-487-6-2-3,mn-487-6-2-3,1,487,6,2,3
mn-1-487-6-2-4,mn-487-6-2-4,1,487,6,2,4
mn-1-488-1-1-1,mn-488-1-1-1,1,488,1,1,1
mn-1-488-1-1-2,mn-488-1-1-2,1,488,1,1,2
mn-1-488-1-1-3,mn-488-1-1-3,1,488,1,1,3
mn-1-488-1-1-4,mn-488-1-1-4,1,488,1,1,4
mn-1-488-1-1-5,mn-488-1-1-5,1,488,1,1,5
mn-1-488-1-1-6,mn-488-1-1-6,1,488,1,1,6
mn-1-488-5-2-1,mn-488-5-2-1,1,488,5,2,1
mn-1-488-6-2-1,mn-488-6-2-1,1,488,6,2,1
mn-1-488-6-2-2,mn-488-6-2-2,1,488,6,2,2
mn-1-488-6-2-3,mn-488-6-2-3,1,488,6,2,3
mn-1-488-6-2-4,mn-488-6-2-4,1,488,6,2,4
mn-1-489-1-1-1,mn-489-1-1-1,1,489,1,1,1
mn-1-489-1-1-2,mn-489-1-1-2,1,489,1,1,2
mn-1-489-1-1-3,mn-489-1-1-3,1,489,1,1,3
mn-1-489-1-1-4,mn-489-1-1-4,1,489,1,1,4
mn-1-489-1-1-5,mn-489-1-1-5,1,489,1,1,5
mn-1-489-1-1-6,mn-489-1-1-6,1,489,1,1,6
mn-1-489-5-2-1,mn-489-5-2-1,1,489,5,2,1
mn-1-489-6-2-1,mn-489-6-2-1,1,489,6,2,1
mn-1-489-6-2-2,mn-489-6-2-2,1,489,6,2,2
mn-1-489-6-2-3,mn-489-6-2-3,1,489,6,2,3
mn-1-489-6-2-4,mn-489-6-2-4,1,489,6,2,4
mn-1-489-6-2-5,mn-489-6-2-5,1,489,6,2,5
mn-1-489-6-2-6,mn-489-6-2-6,1,489,6,2,6
mn-1-490-1-1-1,mn-490-1-1-1,1,490,1,1,1
mn-1-490-1-1-2,mn-490-1-1-2,1,490,1,1,2
mn-1-490-1-1-3,mn-490-1-1-3,1,490,1,1,3
mn-1-490-1-1-4,mn-490-1-1-4,1,490,1,1,4
mn-1-490-1-1-5,mn-490-1-1-5,1,490,1,1,5
mn-1-490-1-1-6,mn-490-1-1-6,1,490,1,1,6
mn-1-490-5-2-1,mn-490-5-2-1,1,490,5,2,1
mn-1-490-6-2-1,mn-490-6-2-1,1,490,6,2,1
mn-1-490-6-2-2,mn-490-6-2-2,1,490,6,2,2
mn-1-490-6-2-3,mn-490-6-2-3,1,490,6,2,3
mn-1-490-6-2-4,mn-490-6-2-4,1,490,6,2,4
mn-1-490-6-2-5,mn-490-6-2-5,1,490,6,2,5
mn-1-490-6-2-6,mn-490-6-2-6,1,490,6,2,6
mn-1-491-1-1-1,mn-491-1-1-1,1,491,1,1,1
mn-1-491-1-1-2,mn-491-1-1-2,1,491,1,1,2
mn-1-491-1-1-3,mn-491-1-1-3,1,491,1,1,3
mn-1-491-1-1-4,mn-491-1-1-4,1,491,1,1,4
mn-1-491-1-1-5,mn-491-1-1-5,1,491,1,1,5
mn-1-491-1-1-6,mn-491-1-1-6,1,491,1,1,6
mn-1-491-5-2-1,mn-491-5-2-1,1,491,5,2,1
mn-1-491-6-2-1,mn-491-6-2-1,1,491,6,2,1
mn-1-491-6-2-2,mn-491-6-2-2,1,491,6,2,2
mn-1-491-6-2-3,mn-491-6-2-3,1,491,6,2,3
mn-1-491-6-2-4,mn-491-6-2-4,1,491,6,2,4
mn-1-491-6-2-5,mn-491-6-2-5,1,491,6,2,5
mn-1-491-6-2-6,mn-491-6-2-6,1,491,6,2,6
mn-1-492-1-1-1,mn-492-1-1-1,1,492,1,1,1
mn-1-492-1-1-2,mn-492-1-1-2,1,492,1,1,2
mn-1-492-1-1-3,mn-492-1-1-3,1,492,1,1,3
mn-1-492-1-1-4,mn-492-1-1-4,1,492,1,1,4
mn-1-492-1-1-5,mn-492-1-1-5,1,492,1,1,5
mn-1-492-1-1-6,mn-492-1-1-6,1,492,1,1,6
mn-1-492-1-1-7,mn-492-1-1-7,1,492,1,1,7
mn-1-492-1-1-8,mn-492-1-1-8,1,492,1,1,8
mn-1-492-5-2-1,mn-492-5-2-1,1,492,5,2,1
mn-1-492-6-2-1,mn-492-6-2-1,1,492,6,2,1
mn-1-492-6-2-2,mn-492-6-2-2,1,492,6,2,2
mn-1-492-6-2-3,mn-492-6-2-3,1,492,6,2,3
mn-1-492-6-2-4,mn-492-6-2-4,1,492,6,2,4
mn-1-492-6-2-5,mn-492-6-2-5,1,492,6,2,5
mn-1-493-1-1-1,mn-493-1-1-1,1,493,1,1,1
mn-1-493-1-1-2,mn-493-1-1-2,1,493,1,1,2
mn-1-493-1-1-3,mn-493-1-1-3,1,493,1,1,3
mn-1-493-2-1-1,mn-493-2-1-1,1,493,2,1,1
mn-1-493-5-2-1,mn-493-5-2-1,1,493,5,2,1
mn-1-493-5-1-1,mn-493-5-1-1,1,493,5,1,1
mn-1-493-6-2-1,mn-493-6-2-1,1,493,6,2,1
mn-1-493-6-2-2,mn-493-6-2-2,1,493,6,2,2
mn-1-493-6-2-3,mn-493-6-2-3,1,493,6,2,3
mn-1-493-6-2-4,mn-493-6-2-4,1,493,6,2,4
mn-1-494-1-1-1,mn-494-1-1-1,1,494,1,1,1
mn-1-494-1-1-2,mn-494-1-1-2,1,494,1,1,2
mn-1-494-1-1-3,mn-494-1-1-3,1,494,1,1,3
mn-1-494-1-1-4,mn-494-1-1-4,1,494,1,1,4
mn-1-494-1-1-5,mn-494-1-1-5,1,494,1,1,5
mn-1-494-1-1-6,mn-494-1-1-6,1,494,1,1,6
mn-1-494-1-1-7,mn-494-1-1-7,1,494,1,1,7
mn-1-494-2-1-1,mn-494-2-1-1,1,494,2,1,1
mn-1-494-5-2-1,mn-494-5-2-1,1,494,5,2,1
mn-1-494-6-2-1,mn-494-6-2-1,1,494,6,2,1
mn-1-494-6-2-2,mn-494-6-2-2,1,494,6,2,2
mn-1-494-6-2-3,mn-494-6-2-3,1,494,6,2,3
mn-1-494-6-2-4,mn-494-6-2-4,1,494,6,2,4
mn-1-495-1-1-1,mn-495-1-1-1,1,495,1,1,1
mn-1-495-1-1-2,mn-495-1-1-2,1,495,1,1,2
mn-1-495-1-1-3,mn-495-1-1-3,1,495,1,1,3
mn-1-495-1-1-4,mn-495-1-1-4,1,495,1,1,4
mn-1-495-1-1-5,mn-495-1-1-5,1,495,1,1,5
mn-1-495-2-1-1,mn-495-2-1-1,1,495,2,1,1
mn-1-495-5-2-1,mn-495-5-2-1,1,495,5,2,1
mn-1-495-6-2-1,mn-495-6-2-1,1,495,6,2,1
mn-1-495-6-2-2,mn-495-6-2-2,1,495,6,2,2
mn-1-495-6-2-3,mn-495-6-2-3,1,495,6,2,3
mn-1-495-6-2-4,mn-495-6-2-4,1,495,6,2,4
mn-1-495-7-2-1,mn-495-7-2-1,1,495,7,2,1
mn-1-496-1-1-1,mn-496-1-1-1,1,496,1,1,1
mn-1-496-1-1-2,mn-496-1-1-2,1,496,1,1,2
mn-1-496-1-1-3,mn-496-1-1-3,1,496,1,1,3
mn-1-496-1-1-4,mn-496-1-1-4,1,496,1,1,4
mn-1-496-1-1-5,mn-496-1-1-5,1,496,1,1,5
mn-1-496-1-1-6,mn-496-1-1-6,1,496,1,1,6
mn-1-496-1-1-7,mn-496-1-1-7,1,496,1,1,7
mn-1-496-2-1-1,mn-496-2-1-1,1,496,2,1,1
mn-1-496-5-2-1,mn-496-5-2-1,1,496,5,2,1
mn-1-496-6-2-1,mn-496-6-2-1,1,496,6,2,1
mn-1-496-6-2-2,mn-496-6-2-2,1,496,6,2,2
mn-1-496-6-2-3,mn-496-6-2-3,1,496,6,2,3
mn-1-496-6-2-4,mn-496-6-2-4,1,496,6,2,4
mn-1-497-1-1-1,mn-497-1-1-1,1,497,1,1,1
mn-1-497-1-1-2,mn-497-1-1-2,1,497,1,1,2
mn-1-497-1-1-3,mn-497-1-1-3,1,497,1,1,3
mn-1-497-2-1-1,mn-497-2-1-1,1,497,2,1,1
mn-1-497-5-2-1,mn-497-5-2-1,1,497,5,2,1
mn-1-497-5-1-1,mn-497-5-1-1,1,497,5,1,1
mn-1-497-6-2-1,mn-497-6-2-1,1,497,6,2,1
mn-1-497-6-2-2,mn-497-6-2-2,1,497,6,2,2
mn-1-497-6-2-3,mn-497-6-2-3,1,497,6,2,3
mn-1-497-6-2-4,mn-497-6-2-4,1,497,6,2,4
mn-1-498-1-1-1,mn-498-1-1-1,1,498,1,1,1
mn-1-498-1-1-2,mn-498-1-1-2,1,498,1,1,2
mn-1-498-1-1-3,mn-498-1-1-3,1,498,1,1,3
mn-1-498-1-1-4,mn-498-1-1-4,1,498,1,1,4
mn-1-498-1-1-5,mn-498-1-1-5,1,498,1,1,5
mn-1-498-1-1-6,mn-498-1-1-6,1,498,1,1,6
mn-1-498-1-1-7,mn-498-1-1-7,1,498,1,1,7
mn-1-498-2-1-1,mn-498-2-1-1,1,498,2,1,1
mn-1-498-5-2-1,mn-498-5-2-1,1,498,5,2,1
mn-1-498-6-2-1,mn-498-6-2-1,1,498,6,2,1
mn-1-498-6-2-2,mn-498-6-2-2,1,498,6,2,2
mn-1-498-6-2-3,mn-498-6-2-3,1,498,6,2,3
mn-1-499-1-1-1,mn-499-1-1-1,1,499,1,1,1
mn-1-499-1-1-2,mn-499-1-1-2,1,499,1,1,2
mn-1-499-1-1-3,mn-499-1-1-3,1,499,1,1,3
mn-1-499-2-1-1,mn-499-2-1-1,1,499,2,1,1
mn-1-499-5-2-1,mn-499-5-2-1,1,499,5,2,1
mn-1-499-5-1-1,mn-499-5-1-1,1,499,5,1,1
mn-1-499-6-2-1,mn-499-6-2-1,1,499,6,2,1
mn-1-499-6-2-2,mn-499-6-2-2,1,499,6,2,2
mn-1-499-6-2-3,mn-499-6-2-3,1,499,6,2,3
mn-1-500-1-1-1,mn-500-1-1-1,1,500,1,1,1
mn-1-500-1-1-2,mn-500-1-1-2,1,500,1,1,2
mn-1-500-1-1-3,mn-500-1-1-3,1,500,1,1,3
mn-1-500-1-1-4,mn-500-1-1-4,1,500,1,1,4
mn-1-500-1-1-5,mn-500-1-1-5,1,500,1,1,5
mn-1-500-1-1-6,mn-500-1-1-6,1,500,1,1,6
mn-1-500-1-1-7,mn-500-1-1-7,1,500,1,1,7
mn-1-500-2-1-1,mn-500-2-1-1,1,500,2,1,1
mn-1-500-5-2-1,mn-500-5-2-1,1,500,5,2,1
mn-1-500-6-2-1,mn-500-6-2-1,1,500,6,2,1
mn-1-500-6-2-2,mn-500-6-2-2,1,500,6,2,2
mn-1-500-6-2-3,mn-500-6-2-3,1,500,6,2,3
mn-1-501-1-1-1,mn-501-1-1-1,1,501,1,1,1
mn-1-501-1-1-2,mn-501-1-1-2,1,501,1,1,2
mn-1-501-1-1-3,mn-501-1-1-3,1,501,1,1,3
mn-1-501-2-1-1,mn-501-2-1-1,1,501,2,1,1
mn-1-501-5-2-1,mn-501-5-2-1,1,501,5,2,1
mn-1-501-5-1-1,mn-501-5-1-1,1,501,5,1,1
mn-1-501-6-2-1,mn-501-6-2-1,1,501,6,2,1
mn-1-501-6-2-2,mn-501-6-2-2,1,501,6,2,2
mn-1-501-6-2-3,mn-501-6-2-3,1,501,6,2,3
mn-1-501-6-2-4,mn-501-6-2-4,1,501,6,2,4
mn-1-502-1-1-1,mn-502-1-1-1,1,502,1,1,1
mn-1-502-1-1-2,mn-502-1-1-2,1,502,1,1,2
mn-1-502-1-1-3,mn-502-1-1-3,1,502,1,1,3
mn-1-502-1-1-4,mn-502-1-1-4,1,502,1,1,4
mn-1-502-1-1-5,mn-502-1-1-5,1,502,1,1,5
mn-1-502-1-1-6,mn-502-1-1-6,1,502,1,1,6
mn-1-502-1-1-7,mn-502-1-1-7,1,502,1,1,7
mn-1-502-2-1-1,mn-502-2-1-1,1,502,2,1,1
mn-1-502-5-2-1,mn-502-5-2-1,1,502,5,2,1
mn-1-502-6-2-1,mn-502-6-2-1,1,502,6,2,1
mn-1-502-6-2-2,mn-502-6-2-2,1,502,6,2,2
mn-1-502-6-2-3,mn-502-6-2-3,1,502,6,2,3
mn-1-502-6-2-4,mn-502-6-2-4,1,502,6,2,4
mn-1-503-1-1-1,mn-503-1-1-1,1,503,1,1,1
mn-1-503-1-1-2,mn-503-1-1-2,1,503,1,1,2
mn-1-503-1-1-3,mn-503-1-1-3,1,503,1,1,3
mn-1-503-1-1-4,mn-503-1-1-4,1,503,1,1,4
mn-1-503-1-1-5,mn-503-1-1-5,1,503,1,1,5
mn-1-503-2-1-1,mn-503-2-1-1,1,503,2,1,1
mn-1-503-5-2-1,mn-503-5-2-1,1,503,5,2,1
mn-1-503-6-2-1,mn-503-6-2-1,1,503,6,2,1
mn-1-503-6-2-2,mn-503-6-2-2,1,503,6,2,2
mn-1-503-6-2-3,mn-503-6-2-3,1,503,6,2,3
mn-1-503-6-2-4,mn-503-6-2-4,1,503,6,2,4
mn-1-503-7-2-1,mn-503-7-2-1,1,503,7,2,1
mn-1-504-1-1-1,mn-504-1-1-1,1,504,1,1,1
mn-1-504-1-1-2,mn-504-1-1-2,1,504,1,1,2
mn-1-504-1-1-3,mn-504-1-1-3,1,504,1,1,3
mn-1-504-1-1-4,mn-504-1-1-4,1,504,1,1,4
mn-1-504-1-1-5,mn-504-1-1-5,1,504,1,1,5
mn-1-504-1-1-6,mn-504-1-1-6,1,504,1,1,6
mn-1-504-1-1-7,mn-504-1-1-7,1,504,1,1,7
mn-1-504-2-1-1,mn-504-2-1-1,1,504,2,1,1
mn-1-504-5-2-1,mn-504-5-2-1,1,504,5,2,1
mn-1-504-6-2-1,mn-504-6-2-1,1,504,6,2,1
mn-1-504-6-2-2,mn-504-6-2-2,1,504,6,2,2
mn-1-504-6-2-3,mn-504-6-2-3,1,504,6,2,3
mn-1-504-6-2-4,mn-504-6-2-4,1,504,6,2,4
mn-1-504-7-2-1,mn-504-7-2-1,1,504,7,2,1
mn-1-505-1-1-1,mn-505-1-1-1,1,505,1,1,1
mn-1-505-1-1-2,mn-505-1-1-2,1,505,1,1,2
mn-1-505-1-1-3,mn-505-1-1-3,1,505,1,1,3
mn-1-505-2-1-1,mn-505-2-1-1,1,505,2,1,1
mn-1-505-5-2-1,mn-505-5-2-1,1,505,5,2,1
mn-1-505-5-1-1,mn-505-5-1-1,1,505,5,1,1
mn-1-505-6-2-1,mn-505-6-2-1,1,505,6,2,1
mn-1-505-6-2-2,mn-505-6-2-2,1,505,6,2,2
mn-1-505-6-2-3,mn-505-6-2-3,1,505,6,2,3
mn-1-505-7-2-1,mn-505-7-2-1,1,505,7,2,1
mn-1-506-1-1-1,mn-506-1-1-1,1,506,1,1,1
mn-1-506-1-1-2,mn-506-1-1-2,1,506,1,1,2
mn-1-506-1-1-3,mn-506-1-1-3,1,506,1,1,3
mn-1-506-1-1-4,mn-506-1-1-4,1,506,1,1,4
mn-1-506-1-1-5,mn-506-1-1-5,1,506,1,1,5
mn-1-506-1-1-6,mn-506-1-1-6,1,506,1,1,6
mn-1-506-1-1-7,mn-506-1-1-7,1,506,1,1,7
mn-1-506-2-1-1,mn-506-2-1-1,1,506,2,1,1
mn-1-506-5-2-1,mn-506-5-2-1,1,506,5,2,1
mn-1-506-6-2-1,mn-506-6-2-1,1,506,6,2,1
mn-1-506-6-2-2,mn-506-6-2-2,1,506,6,2,2
mn-1-506-6-2-3,mn-506-6-2-3,1,506,6,2,3
mn-1-506-6-2-4,mn-506-6-2-4,1,506,6,2,4
mn-1-506-7-2-1,mn-506-7-2-1,1,506,7,2,1
mn-1-507-1-1-1,mn-507-1-1-1,1,507,1,1,1
mn-1-507-1-1-2,mn-507-1-1-2,1,507,1,1,2
mn-1-507-1-1-3,mn-507-1-1-3,1,507,1,1,3
mn-1-507-2-1-1,mn-507-2-1-1,1,507,2,1,1
mn-1-507-5-2-1,mn-507-5-2-1,1,507,5,2,1
mn-1-507-5-1-1,mn-507-5-1-1,1,507,5,1,1
mn-1-507-6-2-1,mn-507-6-2-1,1,507,6,2,1
mn-1-507-6-2-2,mn-507-6-2-2,1,507,6,2,2
mn-1-507-6-2-3,mn-507-6-2-3,1,507,6,2,3
mn-1-507-6-2-4,mn-507-6-2-4,1,507,6,2,4
mn-1-507-7-2-1,mn-507-7-2-1,1,507,7,2,1
mn-1-508-1-1-1,mn-508-1-1-1,1,508,1,1,1
mn-1-508-1-1-2,mn-508-1-1-2,1,508,1,1,2
mn-1-508-1-1-3,mn-508-1-1-3,1,508,1,1,3
mn-1-508-1-1-4,mn-508-1-1-4,1,508,1,1,4
mn-1-508-1-1-5,mn-508-1-1-5,1,508,1,1,5
mn-1-508-1-1-6,mn-508-1-1-6,1,508,1,1,6
mn-1-508-1-1-7,mn-508-1-1-7,1,508,1,1,7
mn-1-508-2-1-1,mn-508-2-1-1,1,508,2,1,1
mn-1-508-5-2-1,mn-508-5-2-1,1,508,5,2,1
mn-1-508-6-2-1,mn-508-6-2-1,1,508,6,2,1
mn-1-508-6-2-2,mn-508-6-2-2,1,508,6,2,2
mn-1-508-6-2-3,mn-508-6-2-3,1,508,6,2,3
mn-1-508-6-2-4,mn-508-6-2-4,1,508,6,2,4
mn-1-509-1-1-1,mn-509-1-1-1,1,509,1,1,1
mn-1-509-1-1-2,mn-509-1-1-2,1,509,1,1,2
mn-1-509-1-1-3,mn-509-1-1-3,1,509,1,1,3
mn-1-509-2-1-1,mn-509-2-1-1,1,509,2,1,1
mn-1-509-5-2-1,mn-509-5-2-1,1,509,5,2,1
mn-1-509-5-1-1,mn-509-5-1-1,1,509,5,1,1
mn-1-509-6-2-1,mn-509-6-2-1,1,509,6,2,1
mn-1-509-6-2-2,mn-509-6-2-2,1,509,6,2,2
mn-1-509-6-2-3,mn-509-6-2-3,1,509,6,2,3
mn-1-509-6-2-4,mn-509-6-2-4,1,509,6,2,4
mn-1-510-1-1-1,mn-510-1-1-1,1,510,1,1,1
mn-1-510-1-1-2,mn-510-1-1-2,1,510,1,1,2
mn-1-510-1-1-3,mn-510-1-1-3,1,510,1,1,3
mn-1-510-1-1-4,mn-510-1-1-4,1,510,1,1,4
mn-1-510-1-1-5,mn-510-1-1-5,1,510,1,1,5
mn-1-510-1-1-6,mn-510-1-1-6,1,510,1,1,6
mn-1-510-1-1-7,mn-510-1-1-7,1,510,1,1,7
mn-1-510-2-1-1,mn-510-2-1-1,1,510,2,1,1
mn-1-510-5-2-1,mn-510-5-2-1,1,510,5,2,1
mn-1-510-6-2-1,mn-510-6-2-1,1,510,6,2,1
mn-1-510-6-2-2,mn-510-6-2-2,1,510,6,2,2
mn-1-510-6-2-3,mn-510-6-2-3,1,510,6,2,3
mn-1-510-6-2-4,mn-510-6-2-4,1,510,6,2,4
mn-1-510-6-2-5,mn-510-6-2-5,1,510,6,2,5
mn-1-511-1-1-1,mn-511-1-1-1,1,511,1,1,1
mn-1-511-1-1-2,mn-511-1-1-2,1,511,1,1,2
mn-1-511-1-1-3,mn-511-1-1-3,1,511,1,1,3
mn-1-511-1-1-4,mn-511-1-1-4,1,511,1,1,4
mn-1-511-1-1-5,mn-511-1-1-5,1,511,1,1,5
mn-1-511-2-1-1,mn-511-2-1-1,1,511,2,1,1
mn-1-511-5-2-1,mn-511-5-2-1,1,511,5,2,1
mn-1-511-6-2-1,mn-511-6-2-1,1,511,6,2,1
mn-1-511-6-2-2,mn-511-6-2-2,1,511,6,2,2
mn-1-511-6-2-3,mn-511-6-2-3,1,511,6,2,3
mn-1-511-6-2-4,mn-511-6-2-4,1,511,6,2,4
mn-1-511-6-2-5,mn-511-6-2-5,1,511,6,2,5
mn-1-512-1-1-1,mn-512-1-1-1,1,512,1,1,1
mn-1-512-1-1-2,mn-512-1-1-2,1,512,1,1,2
mn-1-512-1-1-3,mn-512-1-1-3,1,512,1,1,3
mn-1-512-1-1-4,mn-512-1-1-4,1,512,1,1,4
mn-1-512-1-1-5,mn-512-1-1-5,1,512,1,1,5
mn-1-512-1-1-6,mn-512-1-1-6,1,512,1,1,6
mn-1-512-1-1-7,mn-512-1-1-7,1,512,1,1,7
mn-1-512-2-1-1,mn-512-2-1-1,1,512,2,1,1
mn-1-512-5-2-1,mn-512-5-2-1,1,512,5,2,1
mn-1-512-6-2-1,mn-512-6-2-1,1,512,6,2,1
mn-1-512-6-2-2,mn-512-6-2-2,1,512,6,2,2
mn-1-512-6-2-3,mn-512-6-2-3,1,512,6,2,3
mn-1-512-6-2-4,mn-512-6-2-4,1,512,6,2,4
mn-1-512-6-2-5,mn-512-6-2-5,1,512,6,2,5
mn-1-513-1-1-1,mn-513-1-1-1,1,513,1,1,1
mn-1-513-1-1-2,mn-513-1-1-2,1,513,1,1,2
mn-1-513-1-1-3,mn-513-1-1-3,1,513,1,1,3
mn-1-513-2-1-1,mn-513-2-1-1,1,513,2,1,1
mn-1-513-5-2-1,mn-513-5-2-1,1,513,5,2,1
mn-1-513-5-1-1,mn-513-5-1-1,1,513,5,1,1
mn-1-513-6-2-1,mn-513-6-2-1,1,513,6,2,1
mn-1-513-6-2-2,mn-513-6-2-2,1,513,6,2,2
mn-1-513-6-2-3,mn-513-6-2-3,1,513,6,2,3
mn-1-513-6-2-4,mn-513-6-2-4,1,513,6,2,4
mn-1-514-1-1-1,mn-514-1-1-1,1,514,1,1,1
mn-1-514-1-1-2,mn-514-1-1-2,1,514,1,1,2
mn-1-514-1-1-3,mn-514-1-1-3,1,514,1,1,3
mn-1-514-1-1-4,mn-514-1-1-4,1,514,1,1,4
mn-1-514-1-1-5,mn-514-1-1-5,1,514,1,1,5
mn-1-514-1-1-6,mn-514-1-1-6,1,514,1,1,6
mn-1-514-1-1-7,mn-514-1-1-7,1,514,1,1,7
mn-1-514-2-1-1,mn-514-2-1-1,1,514,2,1,1
mn-1-514-5-2-1,mn-514-5-2-1,1,514,5,2,1
mn-1-514-6-2-1,mn-514-6-2-1,1,514,6,2,1
mn-1-514-6-2-2,mn-514-6-2-2,1,514,6,2,2
mn-1-514-6-2-3,mn-514-6-2-3,1,514,6,2,3
mn-1-514-6-2-4,mn-514-6-2-4,1,514,6,2,4
mn-1-514-6-2-5,mn-514-6-2-5,1,514,6,2,5
mn-1-515-1-1-1,mn-515-1-1-1,1,515,1,1,1
mn-1-515-1-1-2,mn-515-1-1-2,1,515,1,1,2
mn-1-515-1-1-3,mn-515-1-1-3,1,515,1,1,3
mn-1-515-1-1-4,mn-515-1-1-4,1,515,1,1,4
mn-1-515-1-1-5,mn-515-1-1-5,1,515,1,1,5
mn-1-515-2-1-1,mn-515-2-1-1,1,515,2,1,1
mn-1-515-5-2-1,mn-515-5-2-1,1,515,5,2,1
mn-1-515-6-2-1,mn-515-6-2-1,1,515,6,2,1
mn-1-515-6-2-2,mn-515-6-2-2,1,515,6,2,2
mn-1-515-6-2-3,mn-515-6-2-3,1,515,6,2,3
mn-1-515-6-2-4,mn-515-6-2-4,1,515,6,2,4
mn-1-515-6-2-5,mn-515-6-2-5,1,515,6,2,5
mn-1-516-1-1-1,mn-516-1-1-1,1,516,1,1,1
mn-1-516-1-1-2,mn-516-1-1-2,1,516,1,1,2
mn-1-516-1-1-3,mn-516-1-1-3,1,516,1,1,3
mn-1-516-1-1-4,mn-516-1-1-4,1,516,1,1,4
mn-1-516-2-1-1,mn-516-2-1-1,1,516,2,1,1
mn-1-516-5-2-1,mn-516-5-2-1,1,516,5,2,1
mn-1-516-6-2-1,mn-516-6-2-1,1,516,6,2,1
mn-1-516-6-2-2,mn-516-6-2-2,1,516,6,2,2
mn-1-516-6-2-3,mn-516-6-2-3,1,516,6,2,3
mn-1-516-6-2-4,mn-516-6-2-4,1,516,6,2,4
mn-1-516-6-2-5,mn-516-6-2-5,1,516,6,2,5
mn-1-517-1-1-1,mn-517-1-1-1,1,517,1,1,1
mn-1-517-1-1-2,mn-517-1-1-2,1,517,1,1,2
mn-1-517-1-1-3,mn-517-1-1-3,1,517,1,1,3
mn-1-517-1-1-4,mn-517-1-1-4,1,517,1,1,4
mn-1-517-1-1-5,mn-517-1-1-5,1,517,1,1,5
mn-1-517-1-1-6,mn-517-1-1-6,1,517,1,1,6
mn-1-517-5-2-1,mn-517-5-2-1,1,517,5,2,1
mn-1-517-6-2-1,mn-517-6-2-1,1,517,6,2,1
mn-1-517-6-2-2,mn-517-6-2-2,1,517,6,2,2
mn-1-517-6-2-3,mn-517-6-2-3,1,517,6,2,3
mn-1-517-6-2-4,mn-517-6-2-4,1,517,6,2,4
mn-1-517-6-2-5,mn-517-6-2-5,1,517,6,2,5
mn-1-518-1-1-1,mn-518-1-1-1,1,518,1,1,1
mn-1-518-1-1-2,mn-518-1-1-2,1,518,1,1,2
mn-1-518-1-1-3,mn-518-1-1-3,1,518,1,1,3
mn-1-518-1-1-4,mn-518-1-1-4,1,518,1,1,4
mn-1-518-1-1-5,mn-518-1-1-5,1,518,1,1,5
mn-1-518-1-1-6,mn-518-1-1-6,1,518,1,1,6
mn-1-518-5-2-1,mn-518-5-2-1,1,518,5,2,1
mn-1-518-6-2-1,mn-518-6-2-1,1,518,6,2,1
mn-1-518-6-2-2,mn-518-6-2-2,1,518,6,2,2
mn-1-518-6-2-3,mn-518-6-2-3,1,518,6,2,3
mn-1-518-6-2-4,mn-518-6-2-4,1,518,6,2,4
mn-1-519-1-1-1,mn-519-1-1-1,1,519,1,1,1
mn-1-519-1-1-2,mn-519-1-1-2,1,519,1,1,2
mn-1-519-1-1-3,mn-519-1-1-3,1,519,1,1,3
mn-1-519-5-2-1,mn-519-5-2-1,1,519,5,2,1
mn-1-519-6-2-1,mn-519-6-2-1,1,519,6,2,1
mn-1-520-1-1-1,mn-520-1-1-1,1,520,1,1,1
mn-1-520-1-1-2,mn-520-1-1-2,1,520,1,1,2
mn-1-520-1-1-3,mn-520-1-1-3,1,520,1,1,3
mn-1-520-1-1-4,mn-520-1-1-4,1,520,1,1,4
mn-1-520-1-1-5,mn-520-1-1-5,1,520,1,1,5
mn-1-520-1-1-6,mn-520-1-1-6,1,520,1,1,6
mn-1-520-5-2-1,mn-520-5-2-1,1,520,5,2,1
mn-1-520-6-2-1,mn-520-6-2-1,1,520,6,2,1
mn-1-520-6-2-2,mn-520-6-2-2,1,520,6,2,2
mn-1-520-6-2-3,mn-520-6-2-3,1,520,6,2,3
mn-1-520-6-2-4,mn-520-6-2-4,1,520,6,2,4
mn-1-521-1-1-1,mn-521-1-1-1,1,521,1,1,1
mn-1-521-1-1-2,mn-521-1-1-2,1,521,1,1,2
mn-1-521-1-1-3,mn-521-1-1-3,1,521,1,1,3
mn-1-521-5-2-1,mn-521-5-2-1,1,521,5,2,1
mn-1-521-6-2-1,mn-521-6-2-1,1,521,6,2,1
mn-1-521-6-2-2,mn-521-6-2-2,1,521,6,2,2
mn-1-521-6-2-3,mn-521-6-2-3,1,521,6,2,3
mn-1-521-6-2-4,mn-521-6-2-4,1,521,6,2,4
mn-1-521-6-2-5,mn-521-6-2-5,1,521,6,2,5
mn-1-521-6-2-6,mn-521-6-2-6,1,521,6,2,6
mn-1-521-6-2-7,mn-521-6-2-7,1,521,6,2,7
mn-1-521-6-2-8,mn-521-6-2-8,1,521,6,2,8
mn-1-521-6-2-9,mn-521-6-2-9,1,521,6,2,9
mn-1-521-6-2-10,mn-521-6-2-10,1,521,6,2,10
mn-1-521-6-2-11,mn-521-6-2-11,1,521,6,2,11
mn-1-521-6-2-12,mn-521-6-2-12,1,521,6,2,12
mn-1-522-1-1-1,mn-522-1-1-1,1,522,1,1,1
mn-1-522-1-1-2,mn-522-1-1-2,1,522,1,1,2
mn-1-522-1-1-3,mn-522-1-1-3,1,522,1,1,3
mn-1-522-1-1-4,mn-522-1-1-4,1,522,1,1,4
mn-1-522-1-1-5,mn-522-1-1-5,1,522,1,1,5
mn-1-522-1-1-6,mn-522-1-1-6,1,522,1,1,6
mn-1-522-5-2-1,mn-522-5-2-1,1,522,5,2,1
mn-1-522-6-2-1,mn-522-6-2-1,1,522,6,2,1
mn-1-522-6-2-2,mn-522-6-2-2,1,522,6,2,2
mn-1-522-6-2-3,mn-522-6-2-3,1,522,6,2,3
mn-1-522-6-2-4,mn-522-6-2-4,1,522,6,2,4
mn-1-522-6-2-5,mn-522-6-2-5,1,522,6,2,5
mn-1-522-6-2-6,mn-522-6-2-6,1,522,6,2,6
mn-1-523-1-1-1,mn-523-1-1-1,1,523,1,1,1
mn-1-523-1-1-2,mn-523-1-1-2,1,523,1,1,2
mn-1-523-1-1-3,mn-523-1-1-3,1,523,1,1,3
mn-1-523-5-2-1,mn-523-5-2-1,1,523,5,2,1
mn-1-523-6-2-1,mn-523-6-2-1,1,523,6,2,1
mn-1-523-6-2-2,mn-523-6-2-2,1,523,6,2,2
mn-1-523-6-2-3,mn-523-6-2-3,1,523,6,2,3
mn-1-523-6-2-4,mn-523-6-2-4,1,523,6,2,4
mn-1-523-6-2-5,mn-523-6-2-5,1,523,6,2,5
mn-1-523-6-2-6,mn-523-6-2-6,1,523,6,2,6
mn-1-524-1-1-1,mn-524-1-1-1,1,524,1,1,1
mn-1-524-1-1-2,mn-524-1-1-2,1,524,1,1,2
mn-1-524-5-2-1,mn-524-5-2-1,1,524,5,2,1
mn-1-524-6-2-1,mn-524-6-2-1,1,524,6,2,1
mn-1-524-6-2-2,mn-524-6-2-2,1,524,6,2,2
mn-1-524-6-2-3,mn-524-6-2-3,1,524,6,2,3
mn-1-524-6-2-4,mn-524-6-2-4,1,524,6,2,4
mn-1-524-6-2-5,mn-524-6-2-5,1,524,6,2,5
mn-1-524-6-2-6,mn-524-6-2-6,1,524,6,2,6
mn-1-525-1-1-1,mn-525-1-1-1,1,525,1,1,1
mn-1-525-1-1-2,mn-525-1-1-2,1,525,1,1,2
mn-1-525-1-1-3,mn-525-1-1-3,1,525,1,1,3
mn-1-525-1-1-4,mn-525-1-1-4,1,525,1,1,4
mn-1-525-1-1-5,mn-525-1-1-5,1,525,1,1,5
mn-1-525-5-2-1,mn-525-5-2-1,1,525,5,2,1
mn-1-525-6-2-1,mn-525-6-2-1,1,525,6,2,1
mn-1-525-6-2-2,mn-525-6-2-2,1,525,6,2,2
mn-1-525-6-2-3,mn-525-6-2-3,1,525,6,2,3
mn-1-525-6-2-4,mn-525-6-2-4,1,525,6,2,4
mn-1-525-6-2-5,mn-525-6-2-5,1,525,6,2,5
mn-1-525-6-2-6,mn-525-6-2-6,1,525,6,2,6
mn-1-526-1-1-1,mn-526-1-1-1,1,526,1,1,1
mn-1-526-1-1-2,mn-526-1-1-2,1,526,1,1,2
mn-1-526-1-1-3,mn-526-1-1-3,1,526,1,1,3
mn-1-526-1-1-4,mn-526-1-1-4,1,526,1,1,4
mn-1-526-1-1-5,mn-526-1-1-5,1,526,1,1,5
mn-1-526-1-1-6,mn-526-1-1-6,1,526,1,1,6
mn-1-526-5-2-1,mn-526-5-2-1,1,526,5,2,1
mn-1-526-6-2-1,mn-526-6-2-1,1,526,6,2,1
mn-1-526-6-2-2,mn-526-6-2-2,1,526,6,2,2
mn-1-526-6-2-3,mn-526-6-2-3,1,526,6,2,3
mn-1-526-6-2-4,mn-526-6-2-4,1,526,6,2,4
mn-1-527-1-1-1,mn-527-1-1-1,1,527,1,1,1
mn-1-527-1-1-2,mn-527-1-1-2,1,527,1,1,2
mn-1-527-1-1-3,mn-527-1-1-3,1,527,1,1,3
mn-1-527-5-2-1,mn-527-5-2-1,1,527,5,2,1
mn-1-527-6-2-1,mn-527-6-2-1,1,527,6,2,1
mn-1-528-1-1-1,mn-528-1-1-1,1,528,1,1,1
mn-1-528-1-1-2,mn-528-1-1-2,1,528,1,1,2
mn-1-528-1-1-3,mn-528-1-1-3,1,528,1,1,3
mn-1-528-1-1-4,mn-528-1-1-4,1,528,1,1,4
mn-1-528-1-1-5,mn-528-1-1-5,1,528,1,1,5
mn-1-528-1-1-6,mn-528-1-1-6,1,528,1,1,6
mn-1-528-5-2-1,mn-528-5-2-1,1,528,5,2,1
mn-1-528-6-2-1,mn-528-6-2-1,1,528,6,2,1
mn-1-528-6-2-2,mn-528-6-2-2,1,528,6,2,2
mn-1-528-6-2-3,mn-528-6-2-3,1,528,6,2,3
mn-1-528-6-2-4,mn-528-6-2-4,1,528,6,2,4
mn-1-529-1-1-1,mn-529-1-1-1,1,529,1,1,1
mn-1-529-1-1-2,mn-529-1-1-2,1,529,1,1,2
mn-1-529-1-1-3,mn-529-1-1-3,1,529,1,1,3
mn-1-529-5-2-1,mn-529-5-2-1,1,529,5,2,1
mn-1-529-6-2-1,mn-529-6-2-1,1,529,6,2,1
mn-1-529-6-2-2,mn-529-6-2-2,1,529,6,2,2
mn-1-529-6-2-3,mn-529-6-2-3,1,529,6,2,3
mn-1-529-6-2-4,mn-529-6-2-4,1,529,6,2,4
mn-1-529-6-2-5,mn-529-6-2-5,1,529,6,2,5
mn-1-529-6-2-6,mn-529-6-2-6,1,529,6,2,6
mn-1-529-6-2-7,mn-529-6-2-7,1,529,6,2,7
mn-1-529-6-2-8,mn-529-6-2-8,1,529,6,2,8
mn-1-529-6-2-9,mn-529-6-2-9,1,529,6,2,9
mn-1-530-1-1-1,mn-530-1-1-1,1,530,1,1,1
mn-1-530-1-1-2,mn-530-1-1-2,1,530,1,1,2
mn-1-530-1-1-3,mn-530-1-1-3,1,530,1,1,3
mn-1-530-1-1-4,mn-530-1-1-4,1,530,1,1,4
mn-1-530-1-1-5,mn-530-1-1-5,1,530,1,1,5
mn-1-530-1-1-6,mn-530-1-1-6,1,530,1,1,6
mn-1-530-5-2-1,mn-530-5-2-1,1,530,5,2,1
mn-1-530-6-2-1,mn-530-6-2-1,1,530,6,2,1
mn-1-530-6-2-2,mn-530-6-2-2,1,530,6,2,2
mn-1-530-6-2-3,mn-530-6-2-3,1,530,6,2,3
mn-1-530-6-2-4,mn-530-6-2-4,1,530,6,2,4
mn-1-530-6-2-5,mn-530-6-2-5,1,530,6,2,5
mn-1-531-1-1-1,mn-531-1-1-1,1,531,1,1,1
mn-1-531-1-1-2,mn-531-1-1-2,1,531,1,1,2
mn-1-531-1-1-3,mn-531-1-1-3,1,531,1,1,3
mn-1-531-5-2-1,mn-531-5-2-1,1,531,5,2,1
mn-1-531-6-2-1,mn-531-6-2-1,1,531,6,2,1
mn-1-531-6-2-2,mn-531-6-2-2,1,531,6,2,2
mn-1-531-6-2-3,mn-531-6-2-3,1,531,6,2,3
mn-1-531-6-2-4,mn-531-6-2-4,1,531,6,2,4
mn-1-531-6-2-5,mn-531-6-2-5,1,531,6,2,5
mn-1-531-6-2-6,mn-531-6-2-6,1,531,6,2,6
mn-1-532-1-1-1,mn-532-1-1-1,1,532,1,1,1
mn-1-532-1-1-2,mn-532-1-1-2,1,532,1,1,2
mn-1-532-1-1-3,mn-532-1-1-3,1,532,1,1,3
mn-1-532-1-1-4,mn-532-1-1-4,1,532,1,1,4
mn-1-532-1-1-5,mn-532-1-1-5,1,532,1,1,5
mn-1-532-1-1-6,mn-532-1-1-6,1,532,1,1,6
mn-1-532-5-2-1,mn-532-5-2-1,1,532,5,2,1
mn-1-532-6-2-1,mn-532-6-2-1,1,532,6,2,1
mn-1-532-6-2-2,mn-532-6-2-2,1,532,6,2,2
mn-1-532-6-2-3,mn-532-6-2-3,1,532,6,2,3
mn-1-532-6-2-4,mn-532-6-2-4,1,532,6,2,4
mn-1-533-1-1-1,mn-533-1-1-1,1,533,1,1,1
mn-1-533-1-1-2,mn-533-1-1-2,1,533,1,1,2
mn-1-533-1-1-3,mn-533-1-1-3,1,533,1,1,3
mn-1-533-5-2-1,mn-533-5-2-1,1,533,5,2,1
mn-1-533-6-2-1,mn-533-6-2-1,1,533,6,2,1
mn-1-533-6-2-2,mn-533-6-2-2,1,533,6,2,2
mn-1-533-6-2-3,mn-533-6-2-3,1,533,6,2,3
mn-1-533-6-2-4,mn-533-6-2-4,1,533,6,2,4
mn-1-533-6-2-5,mn-533-6-2-5,1,533,6,2,5
mn-1-533-6-2-6,mn-533-6-2-6,1,533,6,2,6
mn-1-533-6-2-7,mn-533-6-2-7,1,533,6,2,7
mn-1-533-6-2-8,mn-533-6-2-8,1,533,6,2,8
mn-1-533-6-2-9,mn-533-6-2-9,1,533,6,2,9
mn-1-534-1-1-1,mn-534-1-1-1,1,534,1,1,1
mn-1-534-1-1-2,mn-534-1-1-2,1,534,1,1,2
mn-1-534-1-1-3,mn-534-1-1-3,1,534,1,1,3
mn-1-534-1-1-4,mn-534-1-1-4,1,534,1,1,4
mn-1-534-1-1-5,mn-534-1-1-5,1,534,1,1,5
mn-1-534-1-1-6,mn-534-1-1-6,1,534,1,1,6
mn-1-534-5-2-1,mn-534-5-2-1,1,534,5,2,1
mn-1-534-6-2-1,mn-534-6-2-1,1,534,6,2,1
mn-1-534-6-2-2,mn-534-6-2-2,1,534,6,2,2
mn-1-534-6-2-3,mn-534-6-2-3,1,534,6,2,3
mn-1-534-6-2-4,mn-534-6-2-4,1,534,6,2,4
mn-1-534-6-2-5,mn-534-6-2-5,1,534,6,2,5
mn-1-535-1-1-1,mn-535-1-1-1,1,535,1,1,1
mn-1-535-1-1-2,mn-535-1-1-2,1,535,1,1,2
mn-1-535-1-1-3,mn-535-1-1-3,1,535,1,1,3
mn-1-535-5-2-1,mn-535-5-2-1,1,535,5,2,1
mn-1-535-6-2-1,mn-535-6-2-1,1,535,6,2,1
mn-1-535-6-2-2,mn-535-6-2-2,1,535,6,2,2
mn-1-535-6-2-3,mn-535-6-2-3,1,535,6,2,3
mn-1-535-6-2-4,mn-535-6-2-4,1,535,6,2,4
mn-1-535-6-2-5,mn-535-6-2-5,1,535,6,2,5
mn-1-535-6-2-6,mn-535-6-2-6,1,535,6,2,6
mn-1-536-1-1-1,mn-536-1-1-1,1,536,1,1,1
mn-1-536-1-1-2,mn-536-1-1-2,1,536,1,1,2
mn-1-536-1-1-3,mn-536-1-1-3,1,536,1,1,3
mn-1-536-1-1-4,mn-536-1-1-4,1,536,1,1,4
mn-1-536-1-1-5,mn-536-1-1-5,1,536,1,1,5
mn-1-536-1-1-6,mn-536-1-1-6,1,536,1,1,6
mn-1-536-5-2-1,mn-536-5-2-1,1,536,5,2,1
mn-1-536-6-2-1,mn-536-6-2-1,1,536,6,2,1
mn-1-536-6-2-2,mn-536-6-2-2,1,536,6,2,2
mn-1-536-6-2-3,mn-536-6-2-3,1,536,6,2,3
mn-1-536-6-2-4,mn-536-6-2-4,1,536,6,2,4
mn-1-536-6-2-5,mn-536-6-2-5,1,536,6,2,5
mn-1-537-1-1-1,mn-537-1-1-1,1,537,1,1,1
mn-1-537-1-1-2,mn-537-1-1-2,1,537,1,1,2
mn-1-537-1-1-3,mn-537-1-1-3,1,537,1,1,3
mn-1-537-1-1-4,mn-537-1-1-4,1,537,1,1,4
mn-1-537-1-1-5,mn-537-1-1-5,1,537,1,1,5
mn-1-537-1-1-6,mn-537-1-1-6,1,537,1,1,6
mn-1-537-5-2-1,mn-537-5-2-1,1,537,5,2,1
mn-1-537-6-2-1,mn-537-6-2-1,1,537,6,2,1
mn-1-537-6-2-2,mn-537-6-2-2,1,537,6,2,2
mn-1-537-6-2-3,mn-537-6-2-3,1,537,6,2,3
mn-1-537-6-2-4,mn-537-6-2-4,1,537,6,2,4
mn-1-537-6-2-5,mn-537-6-2-5,1,537,6,2,5
mn-1-537-6-2-6,mn-537-6-2-6,1,537,6,2,6
mn-1-537-6-2-7,mn-537-6-2-7,1,537,6,2,7
mn-1-538-1-1-1,mn-538-1-1-1,1,538,1,1,1
mn-1-538-1-1-2,mn-538-1-1-2,1,538,1,1,2
mn-1-538-1-1-3,mn-538-1-1-3,1,538,1,1,3
mn-1-538-1-1-4,mn-538-1-1-4,1,538,1,1,4
mn-1-538-1-1-5,mn-538-1-1-5,1,538,1,1,5
mn-1-538-1-1-6,mn-538-1-1-6,1,538,1,1,6
mn-1-538-5-2-1,mn-538-5-2-1,1,538,5,2,1
mn-1-538-6-2-1,mn-538-6-2-1,1,538,6,2,1
mn-1-538-6-2-2,mn-538-6-2-2,1,538,6,2,2
mn-1-538-6-2-3,mn-538-6-2-3,1,538,6,2,3
mn-1-538-6-2-4,mn-538-6-2-4,1,538,6,2,4
mn-1-538-6-2-5,mn-538-6-2-5,1,538,6,2,5
mn-1-538-6-2-6,mn-538-6-2-6,1,538,6,2,6
mn-1-539-1-1-1,mn-539-1-1-1,1,539,1,1,1
mn-1-539-1-1-2,mn-539-1-1-2,1,539,1,1,2
mn-1-539-1-1-3,mn-539-1-1-3,1,539,1,1,3
mn-1-539-1-1-4,mn-539-1-1-4,1,539,1,1,4
mn-1-539-1-1-5,mn-539-1-1-5,1,539,1,1,5
mn-1-539-1-1-6,mn-539-1-1-6,1,539,1,1,6
mn-1-539-5-2-1,mn-539-5-2-1,1,539,5,2,1
mn-1-539-6-2-1,mn-539-6-2-1,1,539,6,2,1
mn-1-539-6-2-2,mn-539-6-2-2,1,539,6,2,2
mn-1-539-6-2-3,mn-539-6-2-3,1,539,6,2,3
mn-1-539-6-2-4,mn-539-6-2-4,1,539,6,2,4
mn-1-539-6-2-5,mn-539-6-2-5,1,539,6,2,5
mn-1-539-6-2-6,mn-539-6-2-6,1,539,6,2,6
mn-1-540-1-1-1,mn-540-1-1-1,1,540,1,1,1
mn-1-540-1-1-2,mn-540-1-1-2,1,540,1,1,2
mn-1-540-1-1-3,mn-540-1-1-3,1,540,1,1,3
mn-1-540-1-1-4,mn-540-1-1-4,1,540,1,1,4
mn-1-540-1-1-5,mn-540-1-1-5,1,540,1,1,5
mn-1-540-1-1-6,mn-540-1-1-6,1,540,1,1,6
mn-1-540-5-2-1,mn-540-5-2-1,1,540,5,2,1
mn-1-540-6-2-1,mn-540-6-2-1,1,540,6,2,1
mn-1-540-6-2-2,mn-540-6-2-2,1,540,6,2,2
mn-1-540-6-2-3,mn-540-6-2-3,1,540,6,2,3
mn-1-540-6-2-4,mn-540-6-2-4,1,540,6,2,4
mn-1-540-6-2-5,mn-540-6-2-5,1,540,6,2,5
mn-1-540-6-2-6,mn-540-6-2-6,1,540,6,2,6
mn-1-541-1-1-1,mn-541-1-1-1,1,541,1,1,1
mn-1-541-1-1-2,mn-541-1-1-2,1,541,1,1,2
mn-1-541-1-1-3,mn-541-1-1-3,1,541,1,1,3
mn-1-541-1-1-4,mn-541-1-1-4,1,541,1,1,4
mn-1-541-5-2-1,mn-541-5-2-1,1,541,5,2,1
mn-1-541-6-2-1,mn-541-6-2-1,1,541,6,2,1
mn-1-541-6-2-2,mn-541-6-2-2,1,541,6,2,2
mn-1-541-6-2-3,mn-541-6-2-3,1,541,6,2,3
mn-1-541-6-2-4,mn-541-6-2-4,1,541,6,2,4
mn-1-541-6-2-5,mn-541-6-2-5,1,541,6,2,5
mn-1-542-1-1-1,mn-542-1-1-1,1,542,1,1,1
mn-1-542-1-1-2,mn-542-1-1-2,1,542,1,1,2
mn-1-542-1-1-3,mn-542-1-1-3,1,542,1,1,3
mn-1-542-1-1-4,mn-542-1-1-4,1,542,1,1,4
mn-1-542-5-2-1,mn-542-5-2-1,1,542,5,2,1
mn-1-542-6-2-1,mn-542-6-2-1,1,542,6,2,1
mn-1-542-6-2-2,mn-542-6-2-2,1,542,6,2,2
mn-1-542-6-2-3,mn-542-6-2-3,1,542,6,2,3
mn-1-542-6-2-4,mn-542-6-2-4,1,542,6,2,4
mn-1-542-6-2-5,mn-542-6-2-5,1,542,6,2,5
mn-1-543-1-1-1,mn-543-1-1-1,1,543,1,1,1
mn-1-543-1-1-2,mn-543-1-1-2,1,543,1,1,2
mn-1-543-1-1-3,mn-543-1-1-3,1,543,1,1,3
mn-1-543-1-1-4,mn-543-1-1-4,1,543,1,1,4
mn-1-543-1-1-5,mn-543-1-1-5,1,543,1,1,5
mn-1-543-5-2-1,mn-543-5-2-1,1,543,5,2,1
mn-1-543-6-2-1,mn-543-6-2-1,1,543,6,2,1
mn-1-543-6-2-2,mn-543-6-2-2,1,543,6,2,2
mn-1-543-6-2-3,mn-543-6-2-3,1,543,6,2,3
mn-1-544-1-1-1,mn-544-1-1-1,1,544,1,1,1
mn-1-544-1-1-2,mn-544-1-1-2,1,544,1,1,2
mn-1-544-1-1-3,mn-544-1-1-3,1,544,1,1,3
mn-1-544-1-1-4,mn-544-1-1-4,1,544,1,1,4
mn-1-544-1-1-5,mn-544-1-1-5,1,544,1,1,5
mn-1-544-1-1-6,mn-544-1-1-6,1,544,1,1,6
mn-1-544-1-1-7,mn-544-1-1-7,1,544,1,1,7
mn-1-544-5-2-1,mn-544-5-2-1,1,544,5,2,1
mn-1-544-6-2-1,mn-544-6-2-1,1,544,6,2,1
mn-1-544-6-2-2,mn-544-6-2-2,1,544,6,2,2
mn-1-544-6-2-3,mn-544-6-2-3,1,544,6,2,3
mn-1-544-6-2-4,mn-544-6-2-4,1,544,6,2,4
mn-1-544-6-2-5,mn-544-6-2-5,1,544,6,2,5
mn-1-544-6-2-6,mn-544-6-2-6,1,544,6,2,6
mn-1-545-1-1-1,mn-545-1-1-1,1,545,1,1,1
mn-1-545-1-1-2,mn-545-1-1-2,1,545,1,1,2
mn-1-545-1-1-3,mn-545-1-1-3,1,545,1,1,3
mn-1-545-1-1-4,mn-545-1-1-4,1,545,1,1,4
mn-1-545-1-1-5,mn-545-1-1-5,1,545,1,1,5
mn-1-545-5-2-1,mn-545-5-2-1,1,545,5,2,1
mn-1-545-6-2-1,mn-545-6-2-1,1,545,6,2,1
mn-1-545-6-2-2,mn-545-6-2-2,1,545,6,2,2
mn-1-545-6-2-3,mn-545-6-2-3,1,545,6,2,3
mn-1-545-6-2-4,mn-545-6-2-4,1,545,6,2,4
mn-1-545-6-2-5,mn-545-6-2-5,1,545,6,2,5
mn-1-545-6-2-6,mn-545-6-2-6,1,545,6,2,6
mn-1-546-1-1-1,mn-546-1-1-1,1,546,1,1,1
mn-1-546-1-1-2,mn-546-1-1-2,1,546,1,1,2
mn-1-546-1-1-3,mn-546-1-1-3,1,546,1,1,3
mn-1-546-1-1-4,mn-546-1-1-4,1,546,1,1,4
mn-1-546-1-1-5,mn-546-1-1-5,1,546,1,1,5
mn-1-546-1-1-6,mn-546-1-1-6,1,546,1,1,6
mn-1-546-1-1-7,mn-546-1-1-7,1,546,1,1,7
mn-1-546-5-2-1,mn-546-5-2-1,1,546,5,2,1
mn-1-546-6-2-1,mn-546-6-2-1,1,546,6,2,1
mn-1-546-6-2-2,mn-546-6-2-2,1,546,6,2,2
mn-1-546-6-2-3,mn-546-6-2-3,1,546,6,2,3
mn-1-546-6-2-4,mn-546-6-2-4,1,546,6,2,4
mn-1-546-6-2-5,mn-546-6-2-5,1,546,6,2,5
mn-1-546-6-2-6,mn-546-6-2-6,1,546,6,2,6
mn-1-547-1-1-1,mn-547-1-1-1,1,547,1,1,1
mn-1-547-1-1-2,mn-547-1-1-2,1,547,1,1,2
mn-1-547-1-1-3,mn-547-1-1-3,1,547,1,1,3
mn-1-547-1-1-4,mn-547-1-1-4,1,547,1,1,4
mn-1-547-1-1-5,mn-547-1-1-5,1,547,1,1,5
mn-1-547-5-2-1,mn-547-5-2-1,1,547,5,2,1
mn-1-547-6-2-1,mn-547-6-2-1,1,547,6,2,1
mn-1-547-6-2-2,mn-547-6-2-2,1,547,6,2,2
mn-1-547-6-2-3,mn-547-6-2-3,1,547,6,2,3
mn-1-547-6-2-4,mn-547-6-2-4,1,547,6,2,4
mn-1-547-6-2-5,mn-547-6-2-5,1,547,6,2,5
mn-1-547-6-2-6,mn-547-6-2-6,1,547,6,2,6
mn-1-548-1-1-1,mn-548-1-1-1,1,548,1,1,1
mn-1-548-1-1-2,mn-548-1-1-2,1,548,1,1,2
mn-1-548-1-1-3,mn-548-1-1-3,1,548,1,1,3
mn-1-548-1-1-4,mn-548-1-1-4,1,548,1,1,4
mn-1-548-1-1-5,mn-548-1-1-5,1,548,1,1,5
mn-1-548-1-1-6,mn-548-1-1-6,1,548,1,1,6
mn-1-548-1-1-7,mn-548-1-1-7,1,548,1,1,7
mn-1-548-5-2-1,mn-548-5-2-1,1,548,5,2,1
mn-1-548-6-2-1,mn-548-6-2-1,1,548,6,2,1
mn-1-548-6-2-2,mn-548-6-2-2,1,548,6,2,2
mn-1-548-6-2-3,mn-548-6-2-3,1,548,6,2,3
mn-1-548-6-2-4,mn-548-6-2-4,1,548,6,2,4
mn-1-548-6-2-5,mn-548-6-2-5,1,548,6,2,5
mn-1-548-6-2-6,mn-548-6-2-6,1,548,6,2,6
mn-1-549-1-1-1,mn-549-1-1-1,1,549,1,1,1
mn-1-549-1-1-2,mn-549-1-1-2,1,549,1,1,2
mn-1-549-1-1-3,mn-549-1-1-3,1,549,1,1,3
mn-1-549-1-1-4,mn-549-1-1-4,1,549,1,1,4
mn-1-549-1-1-5,mn-549-1-1-5,1,549,1,1,5
mn-1-549-5-2-1,mn-549-5-2-1,1,549,5,2,1
mn-1-549-6-2-1,mn-549-6-2-1,1,549,6,2,1
mn-1-549-6-2-2,mn-549-6-2-2,1,549,6,2,2
mn-1-549-6-2-3,mn-549-6-2-3,1,549,6,2,3
mn-1-549-6-2-4,mn-549-6-2-4,1,549,6,2,4
mn-1-549-6-2-5,mn-549-6-2-5,1,549,6,2,5
mn-1-549-6-2-6,mn-549-6-2-6,1,549,6,2,6
mn-1-550-1-1-1,mn-550-1-1-1,1,550,1,1,1
mn-1-550-1-1-2,mn-550-1-1-2,1,550,1,1,2
mn-1-550-1-1-3,mn-550-1-1-3,1,550,1,1,3
mn-1-550-1-1-4,mn-550-1-1-4,1,550,1,1,4
mn-1-550-1-1-5,mn-550-1-1-5,1,550,1,1,5
mn-1-550-1-1-6,mn-550-1-1-6,1,550,1,1,6
mn-1-550-1-1-7,mn-550-1-1-7,1,550,1,1,7
mn-1-550-5-2-1,mn-550-5-2-1,1,550,5,2,1
mn-1-550-6-2-1,mn-550-6-2-1,1,550,6,2,1
mn-1-550-6-2-2,mn-550-6-2-2,1,550,6,2,2
mn-1-550-6-2-3,mn-550-6-2-3,1,550,6,2,3
mn-1-550-6-2-4,mn-550-6-2-4,1,550,6,2,4
mn-1-550-6-2-5,mn-550-6-2-5,1,550,6,2,5
mn-1-550-6-2-6,mn-550-6-2-6,1,550,6,2,6
mn-1-551-1-1-1,mn-551-1-1-1,1,551,1,1,1
mn-1-551-1-1-2,mn-551-1-1-2,1,551,1,1,2
mn-1-551-1-1-3,mn-551-1-1-3,1,551,1,1,3
mn-1-551-1-1-4,mn-551-1-1-4,1,551,1,1,4
mn-1-551-1-1-5,mn-551-1-1-5,1,551,1,1,5
mn-1-551-2-1-1,mn-551-2-1-1,1,551,2,1,1
mn-1-551-5-2-1,mn-551-5-2-1,1,551,5,2,1
mn-1-551-6-2-1,mn-551-6-2-1,1,551,6,2,1
mn-1-551-6-2-2,mn-551-6-2-2,1,551,6,2,2
mn-1-551-6-2-3,mn-551-6-2-3,1,551,6,2,3
mn-1-551-6-2-4,mn-551-6-2-4,1,551,6,2,4
mn-1-551-7-2-1,mn-551-7-2-1,1,551,7,2,1
mn-1-551-7-2-2,mn-551-7-2-2,1,551,7,2,2
mn-1-552-1-1-1,mn-552-1-1-1,1,552,1,1,1
mn-1-552-1-1-2,mn-552-1-1-2,1,552,1,1,2
mn-1-552-1-1-3,mn-552-1-1-3,1,552,1,1,3
mn-1-552-1-1-4,mn-552-1-1-4,1,552,1,1,4
mn-1-552-1-1-5,mn-552-1-1-5,1,552,1,1,5
mn-1-552-1-1-6,mn-552-1-1-6,1,552,1,1,6
mn-1-552-1-1-7,mn-552-1-1-7,1,552,1,1,7
mn-1-552-1-1-8,mn-552-1-1-8,1,552,1,1,8
mn-1-552-1-1-9,mn-552-1-1-9,1,552,1,1,9
mn-1-552-5-2-1,mn-552-5-2-1,1,552,5,2,1
mn-1-552-6-2-1,mn-552-6-2-1,1,552,6,2,1
mn-1-552-6-2-2,mn-552-6-2-2,1,552,6,2,2
mn-1-552-6-2-3,mn-552-6-2-3,1,552,6,2,3
mn-1-552-6-2-4,mn-552-6-2-4,1,552,6,2,4
mn-1-552-6-2-5,mn-552-6-2-5,1,552,6,2,5
mn-1-552-6-2-6,mn-552-6-2-6,1,552,6,2,6
mn-1-552-6-2-7,mn-552-6-2-7,1,552,6,2,7
mn-1-552-6-2-8,mn-552-6-2-8,1,552,6,2,8
mn-1-552-6-2-9,mn-552-6-2-9,1,552,6,2,9
mn-1-553-1-1-1,mn-553-1-1-1,1,553,1,1,1
mn-1-553-1-1-2,mn-553-1-1-2,1,553,1,1,2
mn-1-553-1-1-3,mn-553-1-1-3,1,553,1,1,3
mn-1-553-1-1-4,mn-553-1-1-4,1,553,1,1,4
mn-1-553-1-1-5,mn-553-1-1-5,1,553,1,1,5
mn-1-553-1-1-6,mn-553-1-1-6,1,553,1,1,6
mn-1-553-1-1-7,mn-553-1-1-7,1,553,1,1,7
mn-1-553-1-1-8,mn-553-1-1-8,1,553,1,1,8
mn-1-553-5-2-1,mn-553-5-2-1,1,553,5,2,1
mn-1-553-6-2-1,mn-553-6-2-1,1,553,6,2,1
mn-1-553-6-2-2,mn-553-6-2-2,1,553,6,2,2
mn-1-553-6-2-3,mn-553-6-2-3,1,553,6,2,3
mn-1-553-6-2-4,mn-553-6-2-4,1,553,6,2,4
mn-1-553-6-2-5,mn-553-6-2-5,1,553,6,2,5
mn-1-553-6-2-6,mn-553-6-2-6,1,553,6,2,6
mn-1-554-1-1-1,mn-554-1-1-1,1,554,1,1,1
mn-1-554-1-1-2,mn-554-1-1-2,1,554,1,1,2
mn-1-554-1-1-3,mn-554-1-1-3,1,554,1,1,3
mn-1-554-1-1-4,mn-554-1-1-4,1,554,1,1,4
mn-1-554-1-1-5,mn-554-1-1-5,1,554,1,1,5
mn-1-554-1-1-6,mn-554-1-1-6,1,554,1,1,6
mn-1-554-1-1-7,mn-554-1-1-7,1,554,1,1,7
mn-1-554-1-1-8,mn-554-1-1-8,1,554,1,1,8
mn-1-554-1-1-9,mn-554-1-1-9,1,554,1,1,9
mn-1-554-5-2-1,mn-554-5-2-1,1,554,5,2,1
mn-1-554-6-2-1,mn-554-6-2-1,1,554,6,2,1
mn-1-554-6-2-2,mn-554-6-2-2,1,554,6,2,2
mn-1-554-6-2-3,mn-554-6-2-3,1,554,6,2,3
mn-1-554-6-2-4,mn-554-6-2-4,1,554,6,2,4
mn-1-554-6-2-5,mn-554-6-2-5,1,554,6,2,5
mn-1-554-6-2-6,mn-554-6-2-6,1,554,6,2,6
mn-1-554-6-2-7,mn-554-6-2-7,1,554,6,2,7
mn-1-554-6-2-8,mn-554-6-2-8,1,554,6,2,8
mn-1-555-1-1-1,mn-555-1-1-1,1,555,1,1,1
mn-1-555-1-1-2,mn-555-1-1-2,1,555,1,1,2
mn-1-555-1-1-3,mn-555-1-1-3,1,555,1,1,3
mn-1-555-1-1-4,mn-555-1-1-4,1,555,1,1,4
mn-1-555-1-1-5,mn-555-1-1-5,1,555,1,1,5
mn-1-555-1-1-6,mn-555-1-1-6,1,555,1,1,6
mn-1-555-1-1-7,mn-555-1-1-7,1,555,1,1,7
mn-1-555-1-1-8,mn-555-1-1-8,1,555,1,1,8
mn-1-555-5-2-1,mn-555-5-2-1,1,555,5,2,1
mn-1-555-6-2-1,mn-555-6-2-1,1,555,6,2,1
mn-1-555-6-2-2,mn-555-6-2-2,1,555,6,2,2
mn-1-555-6-2-3,mn-555-6-2-3,1,555,6,2,3
mn-1-555-6-2-4,mn-555-6-2-4,1,555,6,2,4
mn-1-555-6-2-5,mn-555-6-2-5,1,555,6,2,5
mn-1-555-6-2-6,mn-555-6-2-6,1,555,6,2,6
mn-1-556-1-1-1,mn-556-1-1-1,1,556,1,1,1
mn-1-556-1-1-2,mn-556-1-1-2,1,556,1,1,2
mn-1-556-1-1-3,mn-556-1-1-3,1,556,1,1,3
mn-1-556-1-1-4,mn-556-1-1-4,1,556,1,1,4
mn-1-556-1-1-5,mn-556-1-1-5,1,556,1,1,5
mn-1-556-1-1-6,mn-556-1-1-6,1,556,1,1,6
mn-1-556-1-1-7,mn-556-1-1-7,1,556,1,1,7
mn-1-556-1-1-8,mn-556-1-1-8,1,556,1,1,8
mn-1-556-1-1-9,mn-556-1-1-9,1,556,1,1,9
mn-1-556-5-2-1,mn-556-5-2-1,1,556,5,2,1
mn-1-556-6-2-1,mn-556-6-2-1,1,556,6,2,1
mn-1-556-6-2-2,mn-556-6-2-2,1,556,6,2,2
mn-1-556-6-2-3,mn-556-6-2-3,1,556,6,2,3
mn-1-556-6-2-4,mn-556-6-2-4,1,556,6,2,4
mn-1-556-6-2-5,mn-556-6-2-5,1,556,6,2,5
mn-1-556-6-2-6,mn-556-6-2-6,1,556,6,2,6
mn-1-556-6-2-7,mn-556-6-2-7,1,556,6,2,7
mn-1-556-6-2-8,mn-556-6-2-8,1,556,6,2,8
mn-1-557-1-1-1,mn-557-1-1-1,1,557,1,1,1
mn-1-557-1-1-2,mn-557-1-1-2,1,557,1,1,2
mn-1-557-1-1-3,mn-557-1-1-3,1,557,1,1,3
mn-1-557-1-1-4,mn-557-1-1-4,1,557,1,1,4
mn-1-557-1-1-5,mn-557-1-1-5,1,557,1,1,5
mn-1-557-1-1-6,mn-557-1-1-6,1,557,1,1,6
mn-1-557-1-1-7,mn-557-1-1-7,1,557,1,1,7
mn-1-557-1-1-8,mn-557-1-1-8,1,557,1,1,8
mn-1-557-5-2-1,mn-557-5-2-1,1,557,5,2,1
mn-1-557-6-2-1,mn-557-6-2-1,1,557,6,2,1
mn-1-557-6-2-2,mn-557-6-2-2,1,557,6,2,2
mn-1-557-6-2-3,mn-557-6-2-3,1,557,6,2,3
mn-1-557-6-2-4,mn-557-6-2-4,1,557,6,2,4
mn-1-557-6-2-5,mn-557-6-2-5,1,557,6,2,5
mn-1-557-6-2-6,mn-557-6-2-6,1,557,6,2,6
mn-1-558-1-1-1,mn-558-1-1-1,1,558,1,1,1
mn-1-558-1-1-2,mn-558-1-1-2,1,558,1,1,2
mn-1-558-1-1-3,mn-558-1-1-3,1,558,1,1,3
mn-1-558-1-1-4,mn-558-1-1-4,1,558,1,1,4
mn-1-558-1-1-5,mn-558-1-1-5,1,558,1,1,5
mn-1-558-1-1-6,mn-558-1-1-6,1,558,1,1,6
mn-1-558-1-1-7,mn-558-1-1-7,1,558,1,1,7
mn-1-558-1-1-8,mn-558-1-1-8,1,558,1,1,8
mn-1-558-1-1-9,mn-558-1-1-9,1,558,1,1,9
mn-1-558-5-2-1,mn-558-5-2-1,1,558,5,2,1
mn-1-558-6-2-1,mn-558-6-2-1,1,558,6,2,1
mn-1-558-6-2-2,mn-558-6-2-2,1,558,6,2,2
mn-1-558-6-2-3,mn-558-6-2-3,1,558,6,2,3
mn-1-558-6-2-4,mn-558-6-2-4,1,558,6,2,4
mn-1-558-6-2-5,mn-558-6-2-5,1,558,6,2,5
mn-1-558-6-2-6,mn-558-6-2-6,1,558,6,2,6
mn-1-558-6-2-7,mn-558-6-2-7,1,558,6,2,7
mn-1-558-6-2-8,mn-558-6-2-8,1,558,6,2,8
mn-1-559-1-1-1,mn-559-1-1-1,1,559,1,1,1
mn-1-559-1-1-2,mn-559-1-1-2,1,559,1,1,2
mn-1-559-1-1-3,mn-559-1-1-3,1,559,1,1,3
mn-1-559-1-1-4,mn-559-1-1-4,1,559,1,1,4
mn-1-559-1-1-5,mn-559-1-1-5,1,559,1,1,5
mn-1-559-1-1-6,mn-559-1-1-6,1,559,1,1,6
mn-1-559-1-1-7,mn-559-1-1-7,1,559,1,1,7
mn-1-559-1-1-8,mn-559-1-1-8,1,559,1,1,8
mn-1-559-5-2-1,mn-559-5-2-1,1,559,5,2,1
mn-1-559-6-2-1,mn-559-6-2-1,1,559,6,2,1
mn-1-559-6-2-2,mn-559-6-2-2,1,559,6,2,2
mn-1-559-6-2-3,mn-559-6-2-3,1,559,6,2,3
mn-1-559-6-2-4,mn-559-6-2-4,1,559,6,2,4
mn-1-559-6-2-5,mn-559-6-2-5,1,559,6,2,5
mn-1-559-6-2-6,mn-559-6-2-6,1,559,6,2,6
mn-1-560-1-1-1,mn-560-1-1-1,1,560,1,1,1
mn-1-560-1-1-2,mn-560-1-1-2,1,560,1,1,2
mn-1-560-1-1-3,mn-560-1-1-3,1,560,1,1,3
mn-1-560-1-1-4,mn-560-1-1-4,1,560,1,1,4
mn-1-560-1-1-5,mn-560-1-1-5,1,560,1,1,5
mn-1-560-1-1-6,mn-560-1-1-6,1,560,1,1,6
mn-1-560-1-1-7,mn-560-1-1-7,1,560,1,1,7
mn-1-560-1-1-8,mn-560-1-1-8,1,560,1,1,8
mn-1-560-1-1-9,mn-560-1-1-9,1,560,1,1,9
mn-1-560-5-2-1,mn-560-5-2-1,1,560,5,2,1
mn-1-560-6-2-1,mn-560-6-2-1,1,560,6,2,1
mn-1-560-6-2-2,mn-560-6-2-2,1,560,6,2,2
mn-1-560-6-2-3,mn-560-6-2-3,1,560,6,2,3
mn-1-560-6-2-4,mn-560-6-2-4,1,560,6,2,4
mn-1-560-6-2-5,mn-560-6-2-5,1,560,6,2,5
mn-1-560-6-2-6,mn-560-6-2-6,1,560,6,2,6
mn-1-560-6-2-7,mn-560-6-2-7,1,560,6,2,7
mn-1-560-6-2-8,mn-560-6-2-8,1,560,6,2,8
mn-1-561-1-1-1,mn-561-1-1-1,1,561,1,1,1
mn-1-561-1-1-2,mn-561-1-1-2,1,561,1,1,2
mn-1-561-1-1-3,mn-561-1-1-3,1,561,1,1,3
mn-1-561-1-1-4,mn-561-1-1-4,1,561,1,1,4
mn-1-561-1-1-5,mn-561-1-1-5,1,561,1,1,5
mn-1-561-5-2-1,mn-561-5-2-1,1,561,5,2,1
mn-1-561-6-2-1,mn-561-6-2-1,1,561,6,2,1
mn-1-561-6-2-2,mn-561-6-2-2,1,561,6,2,2
mn-1-561-6-2-3,mn-561-6-2-3,1,561,6,2,3
mn-1-562-1-1-1,mn-562-1-1-1,1,562,1,1,1
mn-1-562-1-1-2,mn-562-1-1-2,1,562,1,1,2
mn-1-562-1-1-3,mn-562-1-1-3,1,562,1,1,3
mn-1-562-1-1-4,mn-562-1-1-4,1,562,1,1,4
mn-1-562-1-1-5,mn-562-1-1-5,1,562,1,1,5
mn-1-562-1-1-6,mn-562-1-1-6,1,562,1,1,6
mn-1-562-1-1-7,mn-562-1-1-7,1,562,1,1,7
mn-1-562-1-1-8,mn-562-1-1-8,1,562,1,1,8
mn-1-562-1-1-9,mn-562-1-1-9,1,562,1,1,9
mn-1-562-5-2-1,mn-562-5-2-1,1,562,5,2,1
mn-1-562-6-2-1,mn-562-6-2-1,1,562,6,2,1
mn-1-562-6-2-2,mn-562-6-2-2,1,562,6,2,2
mn-1-562-6-2-3,mn-562-6-2-3,1,562,6,2,3
mn-1-562-6-2-4,mn-562-6-2-4,1,562,6,2,4
mn-1-562-6-2-5,mn-562-6-2-5,1,562,6,2,5
mn-1-562-6-2-6,mn-562-6-2-6,1,562,6,2,6
mn-1-562-6-2-7,mn-562-6-2-7,1,562,6,2,7
mn-1-562-6-2-8,mn-562-6-2-8,1,562,6,2,8
mn-1-563-1-1-1,mn-563-1-1-1,1,563,1,1,1
mn-1-563-1-1-2,mn-563-1-1-2,1,563,1,1,2
mn-1-563-1-1-3,mn-563-1-1-3,1,563,1,1,3
mn-1-563-5-2-1,mn-563-5-2-1,1,563,5,2,1
mn-1-563-6-2-1,mn-563-6-2-1,1,563,6,2,1
mn-1-563-6-2-2,mn-563-6-2-2,1,563,6,2,2
mn-1-563-6-2-3,mn-563-6-2-3,1,563,6,2,3
mn-1-563-6-2-4,mn-563-6-2-4,1,563,6,2,4
mn-1-564-1-1-1,mn-564-1-1-1,1,564,1,1,1
mn-1-564-1-1-2,mn-564-1-1-2,1,564,1,1,2
mn-1-564-1-1-3,mn-564-1-1-3,1,564,1,1,3
mn-1-564-1-1-4,mn-564-1-1-4,1,564,1,1,4
mn-1-564-1-1-5,mn-564-1-1-5,1,564,1,1,5
mn-1-564-1-1-6,mn-564-1-1-6,1,564,1,1,6
mn-1-564-1-1-7,mn-564-1-1-7,1,564,1,1,7
mn-1-564-1-1-8,mn-564-1-1-8,1,564,1,1,8
mn-1-564-1-1-9,mn-564-1-1-9,1,564,1,1,9
mn-1-564-5-2-1,mn-564-5-2-1,1,564,5,2,1
mn-1-564-6-2-1,mn-564-6-2-1,1,564,6,2,1
mn-1-564-6-2-2,mn-564-6-2-2,1,564,6,2,2
mn-1-564-6-2-3,mn-564-6-2-3,1,564,6,2,3
mn-1-564-6-2-4,mn-564-6-2-4,1,564,6,2,4
mn-1-564-6-2-5,mn-564-6-2-5,1,564,6,2,5
mn-1-564-6-2-6,mn-564-6-2-6,1,564,6,2,6
mn-1-564-6-2-7,mn-564-6-2-7,1,564,6,2,7
mn-1-564-6-2-8,mn-564-6-2-8,1,564,6,2,8
mn-1-565-1-1-1,mn-565-1-1-1,1,565,1,1,1
mn-1-565-1-1-2,mn-565-1-1-2,1,565,1,1,2
mn-1-565-1-1-3,mn-565-1-1-3,1,565,1,1,3
mn-1-565-1-1-4,mn-565-1-1-4,1,565,1,1,4
mn-1-565-1-1-5,mn-565-1-1-5,1,565,1,1,5
mn-1-565-5-2-1,mn-565-5-2-1,1,565,5,2,1
mn-1-565-6-2-1,mn-565-6-2-1,1,565,6,2,1
mn-1-565-6-2-2,mn-565-6-2-2,1,565,6,2,2
mn-1-565-6-2-3,mn-565-6-2-3,1,565,6,2,3
mn-1-566-1-1-1,mn-566-1-1-1,1,566,1,1,1
mn-1-566-1-1-2,mn-566-1-1-2,1,566,1,1,2
mn-1-566-1-1-3,mn-566-1-1-3,1,566,1,1,3
mn-1-566-1-1-4,mn-566-1-1-4,1,566,1,1,4
mn-1-566-1-1-5,mn-566-1-1-5,1,566,1,1,5
mn-1-566-1-1-6,mn-566-1-1-6,1,566,1,1,6
mn-1-566-1-1-7,mn-566-1-1-7,1,566,1,1,7
mn-1-566-1-1-8,mn-566-1-1-8,1,566,1,1,8
mn-1-566-1-1-9,mn-566-1-1-9,1,566,1,1,9
mn-1-566-5-2-1,mn-566-5-2-1,1,566,5,2,1
mn-1-566-6-2-1,mn-566-6-2-1,1,566,6,2,1
mn-1-566-6-2-2,mn-566-6-2-2,1,566,6,2,2
mn-1-566-6-2-3,mn-566-6-2-3,1,566,6,2,3
mn-1-566-6-2-4,mn-566-6-2-4,1,566,6,2,4
mn-1-566-6-2-5,mn-566-6-2-5,1,566,6,2,5
mn-1-566-6-2-6,mn-566-6-2-6,1,566,6,2,6
mn-1-566-6-2-7,mn-566-6-2-7,1,566,6,2,7
mn-1-566-6-2-8,mn-566-6-2-8,1,566,6,2,8
mn-1-567-1-1-1,mn-567-1-1-1,1,567,1,1,1
mn-1-567-1-1-2,mn-567-1-1-2,1,567,1,1,2
mn-1-567-1-1-3,mn-567-1-1-3,1,567,1,1,3
mn-1-567-5-2-1,mn-567-5-2-1,1,567,5,2,1
mn-1-567-6-2-1,mn-567-6-2-1,1,567,6,2,1
mn-1-567-6-2-2,mn-567-6-2-2,1,567,6,2,2
mn-1-567-6-2-3,mn-567-6-2-3,1,567,6,2,3
mn-1-567-6-2-4,mn-567-6-2-4,1,567,6,2,4
mn-1-568-1-1-1,mn-568-1-1-1,1,568,1,1,1
mn-1-568-1-1-2,mn-568-1-1-2,1,568,1,1,2
mn-1-568-1-1-3,mn-568-1-1-3,1,568,1,1,3
mn-1-568-1-1-4,mn-568-1-1-4,1,568,1,1,4
mn-1-568-1-1-5,mn-568-1-1-5,1,568,1,1,5
mn-1-568-1-1-6,mn-568-1-1-6,1,568,1,1,6
mn-1-568-1-1-7,mn-568-1-1-7,1,568,1,1,7
mn-1-568-1-1-8,mn-568-1-1-8,1,568,1,1,8
mn-1-568-1-1-9,mn-568-1-1-9,1,568,1,1,9
mn-1-568-5-2-1,mn-568-5-2-1,1,568,5,2,1
mn-1-568-6-2-1,mn-568-6-2-1,1,568,6,2,1
mn-1-568-6-2-2,mn-568-6-2-2,1,568,6,2,2
mn-1-568-6-2-3,mn-568-6-2-3,1,568,6,2,3
mn-1-568-6-2-4,mn-568-6-2-4,1,568,6,2,4
mn-1-568-6-2-5,mn-568-6-2-5,1,568,6,2,5
mn-1-568-6-2-6,mn-568-6-2-6,1,568,6,2,6
mn-1-568-6-2-7,mn-568-6-2-7,1,568,6,2,7
mn-1-568-6-2-8,mn-568-6-2-8,1,568,6,2,8
mn-1-569-1-1-1,mn-569-1-1-1,1,569,1,1,1
mn-1-569-1-1-2,mn-569-1-1-2,1,569,1,1,2
mn-1-569-1-1-3,mn-569-1-1-3,1,569,1,1,3
mn-1-569-5-2-1,mn-569-5-2-1,1,569,5,2,1
mn-1-569-6-2-1,mn-569-6-2-1,1,569,6,2,1
mn-1-569-6-2-2,mn-569-6-2-2,1,569,6,2,2
mn-1-569-6-2-3,mn-569-6-2-3,1,569,6,2,3
mn-1-569-6-2-4,mn-569-6-2-4,1,569,6,2,4
mn-1-570-1-1-1,mn-570-1-1-1,1,570,1,1,1
mn-1-570-1-1-2,mn-570-1-1-2,1,570,1,1,2
mn-1-570-1-1-3,mn-570-1-1-3,1,570,1,1,3
mn-1-570-1-1-4,mn-570-1-1-4,1,570,1,1,4
mn-1-570-1-1-5,mn-570-1-1-5,1,570,1,1,5
mn-1-570-1-1-6,mn-570-1-1-6,1,570,1,1,6
mn-1-570-1-1-7,mn-570-1-1-7,1,570,1,1,7
mn-1-570-1-1-8,mn-570-1-1-8,1,570,1,1,8
mn-1-570-1-1-9,mn-570-1-1-9,1,570,1,1,9
mn-1-570-5-2-1,mn-570-5-2-1,1,570,5,2,1
mn-1-570-6-2-1,mn-570-6-2-1,1,570,6,2,1
mn-1-570-6-2-2,mn-570-6-2-2,1,570,6,2,2
mn-1-570-6-2-3,mn-570-6-2-3,1,570,6,2,3
mn-1-570-6-2-4,mn-570-6-2-4,1,570,6,2,4
mn-1-570-6-2-5,mn-570-6-2-5,1,570,6,2,5
mn-1-570-6-2-6,mn-570-6-2-6,1,570,6,2,6
mn-1-570-6-2-7,mn-570-6-2-7,1,570,6,2,7
mn-1-570-6-2-8,mn-570-6-2-8,1,570,6,2,8
mn-1-571-1-1-1,mn-571-1-1-1,1,571,1,1,1
mn-1-571-1-1-2,mn-571-1-1-2,1,571,1,1,2
mn-1-571-1-1-3,mn-571-1-1-3,1,571,1,1,3
mn-1-571-5-2-1,mn-571-5-2-1,1,571,5,2,1
mn-1-571-6-2-1,mn-571-6-2-1,1,571,6,2,1
mn-1-571-6-2-2,mn-571-6-2-2,1,571,6,2,2
mn-1-571-6-2-3,mn-571-6-2-3,1,571,6,2,3
mn-1-571-6-2-4,mn-571-6-2-4,1,571,6,2,4
mn-1-572-1-1-1,mn-572-1-1-1,1,572,1,1,1
mn-1-572-1-1-2,mn-572-1-1-2,1,572,1,1,2
mn-1-572-1-1-3,mn-572-1-1-3,1,572,1,1,3
mn-1-572-1-1-4,mn-572-1-1-4,1,572,1,1,4
mn-1-572-1-1-5,mn-572-1-1-5,1,572,1,1,5
mn-1-572-1-1-6,mn-572-1-1-6,1,572,1,1,6
mn-1-572-1-1-7,mn-572-1-1-7,1,572,1,1,7
mn-1-572-1-1-8,mn-572-1-1-8,1,572,1,1,8
mn-1-572-1-1-9,mn-572-1-1-9,1,572,1,1,9
mn-1-572-5-2-1,mn-572-5-2-1,1,572,5,2,1
mn-1-572-6-2-1,mn-572-6-2-1,1,572,6,2,1
mn-1-572-6-2-2,mn-572-6-2-2,1,572,6,2,2
mn-1-572-6-2-3,mn-572-6-2-3,1,572,6,2,3
mn-1-572-6-2-4,mn-572-6-2-4,1,572,6,2,4
mn-1-572-6-2-5,mn-572-6-2-5,1,572,6,2,5
mn-1-572-6-2-6,mn-572-6-2-6,1,572,6,2,6
mn-1-572-6-2-7,mn-572-6-2-7,1,572,6,2,7
mn-1-572-6-2-8,mn-572-6-2-8,1,572,6,2,8
mn-1-573-1-1-1,mn-573-1-1-1,1,573,1,1,1
mn-1-573-1-1-2,mn-573-1-1-2,1,573,1,1,2
mn-1-573-1-1-3,mn-573-1-1-3,1,573,1,1,3
mn-1-573-5-2-1,mn-573-5-2-1,1,573,5,2,1
mn-1-573-6-2-1,mn-573-6-2-1,1,573,6,2,1
mn-1-573-6-2-2,mn-573-6-2-2,1,573,6,2,2
mn-1-573-6-2-3,mn-573-6-2-3,1,573,6,2,3
mn-1-574-1-1-1,mn-574-1-1-1,1,574,1,1,1
mn-1-574-1-1-2,mn-574-1-1-2,1,574,1,1,2
mn-1-574-1-1-3,mn-574-1-1-3,1,574,1,1,3
mn-1-574-1-1-4,mn-574-1-1-4,1,574,1,1,4
mn-1-574-1-1-5,mn-574-1-1-5,1,574,1,1,5
mn-1-574-1-1-6,mn-574-1-1-6,1,574,1,1,6
mn-1-574-5-2-1,mn-574-5-2-1,1,574,5,2,1
mn-1-574-6-2-1,mn-574-6-2-1,1,574,6,2,1
mn-1-574-6-2-2,mn-574-6-2-2,1,574,6,2,2
mn-1-574-6-2-3,mn-574-6-2-3,1,574,6,2,3
mn-1-574-6-2-4,mn-574-6-2-4,1,574,6,2,4
mn-1-574-6-2-5,mn-574-6-2-5,1,574,6,2,5
mn-1-574-6-2-6,mn-574-6-2-6,1,574,6,2,6
mn-1-575-1-1-1,mn-575-1-1-1,1,575,1,1,1
mn-1-575-1-1-2,mn-575-1-1-2,1,575,1,1,2
mn-1-575-1-1-3,mn-575-1-1-3,1,575,1,1,3
mn-1-575-5-2-1,mn-575-5-2-1,1,575,5,2,1
mn-1-575-6-2-1,mn-575-6-2-1,1,575,6,2,1
mn-1-575-6-2-2,mn-575-6-2-2,1,575,6,2,2
mn-1-575-6-2-3,mn-575-6-2-3,1,575,6,2,3
mn-1-576-1-1-1,mn-576-1-1-1,1,576,1,1,1
mn-1-576-1-1-2,mn-576-1-1-2,1,576,1,1,2
mn-1-576-1-1-3,mn-576-1-1-3,1,576,1,1,3
mn-1-576-5-2-1,mn-576-5-2-1,1,576,5,2,1
mn-1-576-6-2-1,mn-576-6-2-1,1,576,6,2,1
mn-1-576-6-2-2,mn-576-6-2-2,1,576,6,2,2
mn-1-576-6-2-3,mn-576-6-2-3,1,576,6,2,3
mn-1-577-1-1-1,mn-577-1-1-1,1,577,1,1,1
mn-1-577-5-2-1,mn-577-5-2-1,1,577,5,2,1
mn-1-577-6-2-1,mn-577-6-2-1,1,577,6,2,1
mn-1-578-1-1-1,mn-578-1-1-1,1,578,1,1,1
mn-1-578-1-1-2,mn-578-1-1-2,1,578,1,1,2
mn-1-578-1-1-3,mn-578-1-1-3,1,578,1,1,3
mn-1-578-1-1-4,mn-578-1-1-4,1,578,1,1,4
mn-1-578-1-1-5,mn-578-1-1-5,1,578,1,1,5
mn-1-578-1-1-6,mn-578-1-1-6,1,578,1,1,6
mn-1-578-5-2-1,mn-578-5-2-1,1,578,5,2,1
mn-1-578-6-2-1,mn-578-6-2-1,1,578,6,2,1
mn-1-578-6-2-2,mn-578-6-2-2,1,578,6,2,2
mn-1-578-6-2-3,mn-578-6-2-3,1,578,6,2,3
mn-1-578-6-2-4,mn-578-6-2-4,1,578,6,2,4
mn-1-578-6-2-5,mn-578-6-2-5,1,578,6,2,5
mn-1-578-6-2-6,mn-578-6-2-6,1,578,6,2,6
mn-1-579-1-1-1,mn-579-1-1-1,1,579,1,1,1
mn-1-579-1-1-2,mn-579-1-1-2,1,579,1,1,2
mn-1-579-1-1-3,mn-579-1-1-3,1,579,1,1,3
mn-1-579-5-2-1,mn-579-5-2-1,1,579,5,2,1
mn-1-579-6-2-1,mn-579-6-2-1,1,579,6,2,1
mn-1-579-6-2-2,mn-579-6-2-2,1,579,6,2,2
mn-1-579-6-2-3,mn-579-6-2-3,1,579,6,2,3
mn-1-580-1-1-1,mn-580-1-1-1,1,580,1,1,1
mn-1-580-1-1-2,mn-580-1-1-2,1,580,1,1,2
mn-1-580-1-1-3,mn-580-1-1-3,1,580,1,1,3
mn-1-580-5-2-1,mn-580-5-2-1,1,580,5,2,1
mn-1-580-6-2-1,mn-580-6-2-1,1,580,6,2,1
mn-1-580-6-2-2,mn-580-6-2-2,1,580,6,2,2
mn-1-580-6-2-3,mn-580-6-2-3,1,580,6,2,3
mn-1-581-1-1-1,mn-581-1-1-1,1,581,1,1,1
mn-1-581-1-1-2,mn-581-1-1-2,1,581,1,1,2
mn-1-581-1-1-3,mn-581-1-1-3,1,581,1,1,3
mn-1-581-5-2-1,mn-581-5-2-1,1,581,5,2,1
mn-1-581-6-2-1,mn-581-6-2-1,1,581,6,2,1
mn-1-581-6-2-2,mn-581-6-2-2,1,581,6,2,2
mn-1-581-6-2-3,mn-581-6-2-3,1,581,6,2,3
mn-1-582-1-1-1,mn-582-1-1-1,1,582,1,1,1
mn-1-582-5-2-1,mn-582-5-2-1,1,582,5,2,1
mn-1-582-6-2-1,mn-582-6-2-1,1,582,6,2,1
mn-1-583-1-1-1,mn-583-1-1-1,1,583,1,1,1
mn-1-583-5-2-1,mn-583-5-2-1,1,583,5,2,1
mn-1-583-6-2-1,mn-583-6-2-1,1,583,6,2,1
mn-1-584-1-1-1,mn-584-1-1-1,1,584,1,1,1
mn-1-584-1-1-2,mn-584-1-1-2,1,584,1,1,2
mn-1-584-1-1-3,mn-584-1-1-3,1,584,1,1,3
mn-1-584-1-1-4,mn-584-1-1-4,1,584,1,1,4
mn-1-584-1-1-5,mn-584-1-1-5,1,584,1,1,5
mn-1-584-5-2-1,mn-584-5-2-1,1,584,5,2,1
mn-1-584-6-2-1,mn-584-6-2-1,1,584,6,2,1
mn-1-584-6-2-2,mn-584-6-2-2,1,584,6,2,2
mn-1-584-6-2-3,mn-584-6-2-3,1,584,6,2,3
mn-1-584-6-2-4,mn-584-6-2-4,1,584,6,2,4
mn-1-584-6-2-5,mn-584-6-2-5,1,584,6,2,5
mn-1-585-1-1-1,mn-585-1-1-1,1,585,1,1,1
mn-1-585-1-1-2,mn-585-1-1-2,1,585,1,1,2
mn-1-585-1-1-3,mn-585-1-1-3,1,585,1,1,3
mn-1-585-1-1-4,mn-585-1-1-4,1,585,1,1,4
mn-1-585-1-1-5,mn-585-1-1-5,1,585,1,1,5
mn-1-585-5-2-1,mn-585-5-2-1,1,585,5,2,1
mn-1-585-6-2-1,mn-585-6-2-1,1,585,6,2,1
mn-1-585-6-2-2,mn-585-6-2-2,1,585,6,2,2
mn-1-585-6-2-3,mn-585-6-2-3,1,585,6,2,3
mn-1-585-6-2-4,mn-585-6-2-4,1,585,6,2,4
mn-1-585-6-2-5,mn-585-6-2-5,1,585,6,2,5
mn-1-586-1-1-1,mn-586-1-1-1,1,586,1,1,1
mn-1-586-5-2-1,mn-586-5-2-1,1,586,5,2,1
mn-1-586-6-2-1,mn-586-6-2-1,1,586,6,2,1
mn-1-587-1-1-1,mn-587-1-1-1,1,587,1,1,1
mn-1-587-5-2-1,mn-587-5-2-1,1,587,5,2,1
mn-1-587-6-2-1,mn-587-6-2-1,1,587,6,2,1
mn-1-588-1-1-1,mn-588-1-1-1,1,588,1,1,1
mn-1-588-1-1-2,mn-588-1-1-2,1,588,1,1,2
mn-1-588-1-1-3,mn-588-1-1-3,1,588,1,1,3
mn-1-588-5-2-1,mn-588-5-2-1,1,588,5,2,1
mn-1-588-6-2-1,mn-588-6-2-1,1,588,6,2,1
mn-1-588-6-2-2,mn-588-6-2-2,1,588,6,2,2
mn-1-588-6-2-3,mn-588-6-2-3,1,588,6,2,3
mn-1-588-6-2-4,mn-588-6-2-4,1,588,6,2,4
mn-1-589-1-1-1,mn-589-1-1-1,1,589,1,1,1
mn-1-589-1-1-2,mn-589-1-1-2,1,589,1,1,2
mn-1-589-1-1-3,mn-589-1-1-3,1,589,1,1,3
mn-1-589-5-2-1,mn-589-5-2-1,1,589,5,2,1
mn-1-589-6-2-1,mn-589-6-2-1,1,589,6,2,1
mn-1-589-6-2-2,mn-589-6-2-2,1,589,6,2,2
mn-1-589-6-2-3,mn-589-6-2-3,1,589,6,2,3
mn-1-589-6-2-4,mn-589-6-2-4,1,589,6,2,4
mn-1-589-6-2-5,mn-589-6-2-5,1,589,6,2,5
mn-1-590-1-1-1,mn-590-1-1-1,1,590,1,1,1
mn-1-590-1-1-2,mn-590-1-1-2,1,590,1,1,2
mn-1-590-1-1-3,mn-590-1-1-3,1,590,1,1,3
mn-1-590-5-2-1,mn-590-5-2-1,1,590,5,2,1
mn-1-590-6-2-1,mn-590-6-2-1,1,590,6,2,1
mn-1-590-6-2-2,mn-590-6-2-2,1,590,6,2,2
mn-1-590-6-2-3,mn-590-6-2-3,1,590,6,2,3
mn-1-590-6-2-4,mn-590-6-2-4,1,590,6,2,4
mn-1-590-6-2-5,mn-590-6-2-5,1,590,6,2,5
mn-1-591-1-1-1,mn-591-1-1-1,1,591,1,1,1
mn-1-591-1-1-2,mn-591-1-1-2,1,591,1,1,2
mn-1-591-1-1-3,mn-591-1-1-3,1,591,1,1,3
mn-1-591-1-1-4,mn-591-1-1-4,1,591,1,1,4
mn-1-591-1-1-5,mn-591-1-1-5,1,591,1,1,5
mn-1-591-1-1-6,mn-591-1-1-6,1,591,1,1,6
mn-1-591-1-1-7,mn-591-1-1-7,1,591,1,1,7
mn-1-591-1-1-8,mn-591-1-1-8,1,591,1,1,8
mn-1-591-1-1-9,mn-591-1-1-9,1,591,1,1,9
mn-1-591-5-2-1,mn-591-5-2-1,1,591,5,2,1
mn-1-591-6-2-1,mn-591-6-2-1,1,591,6,2,1
mn-1-591-6-2-2,mn-591-6-2-2,1,591,6,2,2
mn-1-591-6-2-3,mn-591-6-2-3,1,591,6,2,3
mn-1-591-6-2-4,mn-591-6-2-4,1,591,6,2,4
mn-1-591-6-2-5,mn-591-6-2-5,1,591,6,2,5
mn-1-591-6-2-6,mn-591-6-2-6,1,591,6,2,6
mn-1-591-6-2-7,mn-591-6-2-7,1,591,6,2,7
mn-1-591-6-2-8,mn-591-6-2-8,1,591,6,2,8
mn-1-591-6-2-9,mn-591-6-2-9,1,591,6,2,9
mn-1-591-6-2-10,mn-591-6-2-10,1,591,6,2,10
mn-1-591-6-2-11,mn-591-6-2-11,1,591,6,2,11
mn-1-591-6-2-12,mn-591-6-2-12,1,591,6,2,12
mn-1-591-6-2-13,mn-591-6-2-13,1,591,6,2,13
mn-1-591-6-2-14,mn-591-6-2-14,1,591,6,2,14
mn-1-591-6-2-15,mn-591-6-2-15,1,591,6,2,15
mn-1-592-1-1-1,mn-592-1-1-1,1,592,1,1,1
mn-1-592-1-1-2,mn-592-1-1-2,1,592,1,1,2
mn-1-592-1-1-3,mn-592-1-1-3,1,592,1,1,3
mn-1-592-1-1-4,mn-592-1-1-4,1,592,1,1,4
mn-1-592-1-1-5,mn-592-1-1-5,1,592,1,1,5
mn-1-592-1-1-6,mn-592-1-1-6,1,592,1,1,6
mn-1-592-1-1-7,mn-592-1-1-7,1,592,1,1,7
mn-1-592-5-2-1,mn-592-5-2-1,1,592,5,2,1
mn-1-592-6-2-1,mn-592-6-2-1,1,592,6,2,1
mn-1-592-6-2-2,mn-592-6-2-2,1,592,6,2,2
mn-1-592-6-2-3,mn-592-6-2-3,1,592,6,2,3
mn-1-592-6-2-4,mn-592-6-2-4,1,592,6,2,4
mn-1-592-6-2-5,mn-592-6-2-5,1,592,6,2,5
mn-1-592-6-2-6,mn-592-6-2-6,1,592,6,2,6
mn-1-592-6-2-7,mn-592-6-2-7,1,592,6,2,7
mn-1-592-6-2-8,mn-592-6-2-8,1,592,6,2,8
mn-1-593-1-1-1,mn-593-1-1-1,1,593,1,1,1
mn-1-593-1-1-2,mn-593-1-1-2,1,593,1,1,2
mn-1-593-1-1-3,mn-593-1-1-3,1,593,1,1,3
mn-1-593-1-1-4,mn-593-1-1-4,1,593,1,1,4
mn-1-593-1-1-5,mn-593-1-1-5,1,593,1,1,5
mn-1-593-5-2-1,mn-593-5-2-1,1,593,5,2,1
mn-1-593-6-2-1,mn-593-6-2-1,1,593,6,2,1
mn-1-593-6-2-2,mn-593-6-2-2,1,593,6,2,2
mn-1-593-6-2-3,mn-593-6-2-3,1,593,6,2,3
mn-1-593-6-2-4,mn-593-6-2-4,1,593,6,2,4
mn-1-593-6-2-5,mn-593-6-2-5,1,593,6,2,5
mn-1-594-1-1-1,mn-594-1-1-1,1,594,1,1,1
mn-1-594-5-2-1,mn-594-5-2-1,1,594,5,2,1
mn-1-594-6-2-1,mn-594-6-2-1,1,594,6,2,1
mn-1-595-1-1-1,mn-595-1-1-1,1,595,1,1,1
mn-1-595-5-2-1,mn-595-5-2-1,1,595,5,2,1
mn-1-595-6-2-1,mn-595-6-2-1,1,595,6,2,1
mn-1-596-1-1-1,mn-596-1-1-1,1,596,1,1,1
mn-1-596-1-1-2,mn-596-1-1-2,1,596,1,1,2
mn-1-596-1-1-3,mn-596-1-1-3,1,596,1,1,3
mn-1-596-5-2-1,mn-596-5-2-1,1,596,5,2,1
mn-1-596-6-2-1,mn-596-6-2-1,1,596,6,2,1
mn-1-596-6-2-2,mn-596-6-2-2,1,596,6,2,2
mn-1-596-6-2-3,mn-596-6-2-3,1,596,6,2,3
mn-1-596-6-2-4,mn-596-6-2-4,1,596,6,2,4
mn-1-597-1-1-1,mn-597-1-1-1,1,597,1,1,1
mn-1-597-1-1-2,mn-597-1-1-2,1,597,1,1,2
mn-1-597-1-1-3,mn-597-1-1-3,1,597,1,1,3
mn-1-597-5-2-1,mn-597-5-2-1,1,597,5,2,1
mn-1-597-6-2-1,mn-597-6-2-1,1,597,6,2,1
mn-1-597-6-2-2,mn-597-6-2-2,1,597,6,2,2
mn-1-597-6-2-3,mn-597-6-2-3,1,597,6,2,3
mn-1-598-1-1-1,mn-598-1-1-1,1,598,1,1,1
mn-1-598-1-1-2,mn-598-1-1-2,1,598,1,1,2
mn-1-598-1-1-3,mn-598-1-1-3,1,598,1,1,3
mn-1-598-5-2-1,mn-598-5-2-1,1,598,5,2,1
mn-1-598-6-2-1,mn-598-6-2-1,1,598,6,2,1
mn-1-598-6-2-2,mn-598-6-2-2,1,598,6,2,2
mn-1-598-6-2-3,mn-598-6-2-3,1,598,6,2,3
mn-1-599-1-1-1,mn-599-1-1-1,1,599,1,1,1
mn-1-599-1-1-2,mn-599-1-1-2,1,599,1,1,2
mn-1-599-1-1-3,mn-599-1-1-3,1,599,1,1,3
mn-1-599-1-1-4,mn-599-1-1-4,1,599,1,1,4
mn-1-599-1-1-5,mn-599-1-1-5,1,599,1,1,5
mn-1-599-1-1-6,mn-599-1-1-6,1,599,1,1,6
mn-1-599-1-1-7,mn-599-1-1-7,1,599,1,1,7
mn-1-599-1-1-8,mn-599-1-1-8,1,599,1,1,8
mn-1-599-1-1-9,mn-599-1-1-9,1,599,1,1,9
mn-1-599-5-2-1,mn-599-5-2-1,1,599,5,2,1
mn-1-599-6-2-1,mn-599-6-2-1,1,599,6,2,1
mn-1-599-6-2-2,mn-599-6-2-2,1,599,6,2,2
mn-1-599-6-2-3,mn-599-6-2-3,1,599,6,2,3
mn-1-599-6-2-4,mn-599-6-2-4,1,599,6,2,4
mn-1-599-6-2-5,mn-599-6-2-5,1,599,6,2,5
mn-1-599-6-2-6,mn-599-6-2-6,1,599,6,2,6
mn-1-599-6-2-7,mn-599-6-2-7,1,599,6,2,7
mn-1-599-6-2-8,mn-599-6-2-8,1,599,6,2,8
mn-1-599-6-2-9,mn-599-6-2-9,1,599,6,2,9
mn-1-599-6-2-10,mn-599-6-2-10,1,599,6,2,10
mn-1-599-6-2-11,mn-599-6-2-11,1,599,6,2,11
mn-1-599-6-2-12,mn-599-6-2-12,1,599,6,2,12
mn-1-600-1-1-1,mn-600-1-1-1,1,600,1,1,1
mn-1-600-1-1-2,mn-600-1-1-2,1,600,1,1,2
mn-1-600-1-1-3,mn-600-1-1-3,1,600,1,1,3
mn-1-600-1-1-4,mn-600-1-1-4,1,600,1,1,4
mn-1-600-1-1-5,mn-600-1-1-5,1,600,1,1,5
mn-1-600-5-2-1,mn-600-5-2-1,1,600,5,2,1
mn-1-600-6-2-1,mn-600-6-2-1,1,600,6,2,1
mn-1-600-6-2-2,mn-600-6-2-2,1,600,6,2,2
mn-1-600-6-2-3,mn-600-6-2-3,1,600,6,2,3
mn-1-600-6-2-4,mn-600-6-2-4,1,600,6,2,4
mn-1-600-6-2-5,mn-600-6-2-5,1,600,6,2,5
mn-1-601-1-1-1,mn-601-1-1-1,1,601,1,1,1
mn-1-601-1-1-2,mn-601-1-1-2,1,601,1,1,2
mn-1-601-1-1-3,mn-601-1-1-3,1,601,1,1,3
mn-1-601-5-2-1,mn-601-5-2-1,1,601,5,2,1
mn-1-601-6-2-1,mn-601-6-2-1,1,601,6,2,1
mn-1-601-6-2-2,mn-601-6-2-2,1,601,6,2,2
mn-1-601-6-2-3,mn-601-6-2-3,1,601,6,2,3
mn-1-601-6-2-4,mn-601-6-2-4,1,601,6,2,4
mn-1-602-1-1-1,mn-602-1-1-1,1,602,1,1,1
mn-1-602-1-1-2,mn-602-1-1-2,1,602,1,1,2
mn-1-602-1-1-3,mn-602-1-1-3,1,602,1,1,3
mn-1-602-5-2-1,mn-602-5-2-1,1,602,5,2,1
mn-1-602-6-2-1,mn-602-6-2-1,1,602,6,2,1
mn-1-602-6-2-2,mn-602-6-2-2,1,602,6,2,2
mn-1-602-6-2-3,mn-602-6-2-3,1,602,6,2,3
mn-1-602-6-2-4,mn-602-6-2-4,1,602,6,2,4
mn-1-603-1-1-1,mn-603-1-1-1,1,603,1,1,1
mn-1-603-5-2-1,mn-603-5-2-1,1,603,5,2,1
mn-1-603-6-2-1,mn-603-6-2-1,1,603,6,2,1
mn-1-603-6-2-2,mn-603-6-2-2,1,603,6,2,2
mn-1-604-1-1-1,mn-604-1-1-1,1,604,1,1,1
mn-1-604-5-2-1,mn-604-5-2-1,1,604,5,2,1
mn-1-604-6-2-1,mn-604-6-2-1,1,604,6,2,1
mn-1-604-6-2-2,mn-604-6-2-2,1,604,6,2,2
mn-1-605-1-1-1,mn-605-1-1-1,1,605,1,1,1
mn-1-605-5-2-1,mn-605-5-2-1,1,605,5,2,1
mn-1-605-6-2-1,mn-605-6-2-1,1,605,6,2,1
mn-1-605-6-2-2,mn-605-6-2-2,1,605,6,2,2
mn-1-605-6-2-3,mn-605-6-2-3,1,605,6,2,3
mn-1-605-6-2-4,mn-605-6-2-4,1,605,6,2,4
mn-1-605-6-2-5,mn-605-6-2-5,1,605,6,2,5
mn-1-606-1-1-1,mn-606-1-1-1,1,606,1,1,1
mn-1-606-5-2-1,mn-606-5-2-1,1,606,5,2,1
mn-1-607-1-1-1,mn-607-1-1-1,1,607,1,1,1
mn-1-607-1-1-2,mn-607-1-1-2,1,607,1,1,2
mn-1-607-5-2-1,mn-607-5-2-1,1,607,5,2,1
mn-1-607-5-2-2,mn-607-5-2-2,1,607,5,2,2
mn-1-608-1-1-1,mn-608-1-1-1,1,608,1,1,1
mn-1-608-1-1-2,mn-608-1-1-2,1,608,1,1,2
mn-1-608-1-1-3,mn-608-1-1-3,1,608,1,1,3
mn-1-608-1-1-4,mn-608-1-1-4,1,608,1,1,4
mn-1-608-1-1-5,mn-608-1-1-5,1,608,1,1,5
mn-1-608-5-2-1,mn-608-5-2-1,1,608,5,2,1
mn-1-608-6-2-1,mn-608-6-2-1,1,608,6,2,1
mn-1-608-6-2-2,mn-608-6-2-2,1,608,6,2,2
mn-1-608-6-2-3,mn-608-6-2-3,1,608,6,2,3
mn-1-608-6-2-4,mn-608-6-2-4,1,608,6,2,4
mn-1-608-6-2-5,mn-608-6-2-5,1,608,6,2,5
mn-1-609-1-1-1,mn-609-1-1-1,1,609,1,1,1
mn-1-609-1-1-2,mn-609-1-1-2,1,609,1,1,2
mn-1-609-1-1-3,mn-609-1-1-3,1,609,1,1,3
mn-1-609-1-1-4,mn-609-1-1-4,1,609,1,1,4
mn-1-609-1-1-5,mn-609-1-1-5,1,609,1,1,5
mn-1-609-5-2-1,mn-609-5-2-1,1,609,5,2,1
mn-1-609-6-2-1,mn-609-6-2-1,1,609,6,2,1
mn-1-609-6-2-2,mn-609-6-2-2,1,609,6,2,2
mn-1-609-6-2-3,mn-609-6-2-3,1,609,6,2,3
mn-1-609-6-2-4,mn-609-6-2-4,1,609,6,2,4
mn-1-609-6-2-5,mn-609-6-2-5,1,609,6,2,5
mn-1-610-1-1-1,mn-610-1-1-1,1,610,1,1,1
mn-1-610-5-2-1,mn-610-5-2-1,1,610,5,2,1
mn-1-610-6-2-1,mn-610-6-2-1,1,610,6,2,1
mn-1-611-1-1-1,mn-611-1-1-1,1,611,1,1,1
mn-1-611-5-2-1,mn-611-5-2-1,1,611,5,2,1
mn-1-611-6-2-1,mn-611-6-2-1,1,611,6,2,1
mn-1-612-1-1-1,mn-612-1-1-1,1,612,1,1,1
mn-1-612-1-1-2,mn-612-1-1-2,1,612,1,1,2
mn-1-612-1-1-3,mn-612-1-1-3,1,612,1,1,3
mn-1-612-5-2-1,mn-612-5-2-1,1,612,5,2,1
mn-1-612-6-2-1,mn-612-6-2-1,1,612,6,2,1
mn-1-612-6-2-2,mn-612-6-2-2,1,612,6,2,2
mn-1-612-6-2-3,mn-612-6-2-3,1,612,6,2,3
mn-1-612-6-2-4,mn-612-6-2-4,1,612,6,2,4
mn-1-613-1-1-1,mn-613-1-1-1,1,613,1,1,1
mn-1-613-1-1-2,mn-613-1-1-2,1,613,1,1,2
mn-1-613-1-1-3,mn-613-1-1-3,1,613,1,1,3
mn-1-613-5-2-1,mn-613-5-2-1,1,613,5,2,1
mn-1-613-6-2-1,mn-613-6-2-1,1,613,6,2,1
mn-1-613-6-2-2,mn-613-6-2-2,1,613,6,2,2
mn-1-613-6-2-3,mn-613-6-2-3,1,613,6,2,3
mn-1-613-6-2-4,mn-613-6-2-4,1,613,6,2,4
mn-1-613-6-2-5,mn-613-6-2-5,1,613,6,2,5
mn-1-614-1-1-1,mn-614-1-1-1,1,614,1,1,1
mn-1-614-1-1-2,mn-614-1-1-2,1,614,1,1,2
mn-1-614-1-1-3,mn-614-1-1-3,1,614,1,1,3
mn-1-614-1-1-4,mn-614-1-1-4,1,614,1,1,4
mn-1-614-1-1-5,mn-614-1-1-5,1,614,1,1,5
mn-1-614-1-1-6,mn-614-1-1-6,1,614,1,1,6
mn-1-614-1-1-7,mn-614-1-1-7,1,614,1,1,7
mn-1-614-1-1-8,mn-614-1-1-8,1,614,1,1,8
mn-1-614-1-1-9,mn-614-1-1-9,1,614,1,1,9
mn-1-614-5-2-1,mn-614-5-2-1,1,614,5,2,1
mn-1-614-6-2-1,mn-614-6-2-1,1,614,6,2,1
mn-1-614-6-2-2,mn-614-6-2-2,1,614,6,2,2
mn-1-614-6-2-3,mn-614-6-2-3,1,614,6,2,3
mn-1-614-6-2-4,mn-614-6-2-4,1,614,6,2,4
mn-1-614-6-2-5,mn-614-6-2-5,1,614,6,2,5
mn-1-614-6-2-6,mn-614-6-2-6,1,614,6,2,6
mn-1-614-6-2-7,mn-614-6-2-7,1,614,6,2,7
mn-1-614-6-2-8,mn-614-6-2-8,1,614,6,2,8
mn-1-614-6-2-9,mn-614-6-2-9,1,614,6,2,9
mn-1-614-6-2-10,mn-614-6-2-10,1,614,6,2,10
mn-1-614-6-2-11,mn-614-6-2-11,1,614,6,2,11
mn-1-614-6-2-12,mn-614-6-2-12,1,614,6,2,12
mn-1-614-6-2-13,mn-614-6-2-13,1,614,6,2,13
mn-1-614-6-2-14,mn-614-6-2-14,1,614,6,2,14
mn-1-614-6-2-15,mn-614-6-2-15,1,614,6,2,15
mn-1-615-1-1-1,mn-615-1-1-1,1,615,1,1,1
mn-1-615-1-1-2,mn-615-1-1-2,1,615,1,1,2
mn-1-615-1-1-3,mn-615-1-1-3,1,615,1,1,3
mn-1-615-1-1-4,mn-615-1-1-4,1,615,1,1,4
mn-1-615-1-1-5,mn-615-1-1-5,1,615,1,1,5
mn-1-615-1-1-6,mn-615-1-1-6,1,615,1,1,6
mn-1-615-1-1-7,mn-615-1-1-7,1,615,1,1,7
mn-1-615-1-1-8,mn-615-1-1-8,1,615,1,1,8
mn-1-615-1-1-9,mn-615-1-1-9,1,615,1,1,9
mn-1-615-5-2-1,mn-615-5-2-1,1,615,5,2,1
mn-1-615-6-2-1,mn-615-6-2-1,1,615,6,2,1
mn-1-615-6-2-2,mn-615-6-2-2,1,615,6,2,2
mn-1-615-6-2-3,mn-615-6-2-3,1,615,6,2,3
mn-1-615-6-2-4,mn-615-6-2-4,1,615,6,2,4
mn-1-615-6-2-5,mn-615-6-2-5,1,615,6,2,5
mn-1-615-6-2-6,mn-615-6-2-6,1,615,6,2,6
mn-1-615-6-2-7,mn-615-6-2-7,1,615,6,2,7
mn-1-615-6-2-8,mn-615-6-2-8,1,615,6,2,8
mn-1-615-6-2-9,mn-615-6-2-9,1,615,6,2,9
mn-1-615-6-2-10,mn-615-6-2-10,1,615,6,2,10
mn-1-615-6-2-11,mn-615-6-2-11,1,615,6,2,11
mn-1-615-6-2-12,mn-615-6-2-12,1,615,6,2,12
mn-1-615-6-2-13,mn-615-6-2-13,1,615,6,2,13
mn-1-615-6-2-14,mn-615-6-2-14,1,615,6,2,14
mn-1-615-6-2-15,mn-615-6-2-15,1,615,6,2,15
mn-1-616-1-1-1,mn-616-1-1-1,1,616,1,1,1
mn-1-616-1-1-2,mn-616-1-1-2,1,616,1,1,2
mn-1-616-1-1-3,mn-616-1-1-3,1,616,1,1,3
mn-1-616-1-1-4,mn-616-1-1-4,1,616,1,1,4
mn-1-616-1-1-5,mn-616-1-1-5,1,616,1,1,5
mn-1-616-1-1-6,mn-616-1-1-6,1,616,1,1,6
mn-1-616-1-1-7,mn-616-1-1-7,1,616,1,1,7
mn-1-616-5-2-1,mn-616-5-2-1,1,616,5,2,1
mn-1-616-6-2-1,mn-616-6-2-1,1,616,6,2,1
mn-1-616-6-2-2,mn-616-6-2-2,1,616,6,2,2
mn-1-616-6-2-3,mn-616-6-2-3,1,616,6,2,3
mn-1-616-6-2-4,mn-616-6-2-4,1,616,6,2,4
mn-1-616-6-2-5,mn-616-6-2-5,1,616,6,2,5
mn-1-616-6-2-6,mn-616-6-2-6,1,616,6,2,6
mn-1-616-6-2-7,mn-616-6-2-7,1,616,6,2,7
mn-1-616-6-2-8,mn-616-6-2-8,1,616,6,2,8
mn-1-617-1-1-1,mn-617-1-1-1,1,617,1,1,1
mn-1-617-1-1-2,mn-617-1-1-2,1,617,1,1,2
mn-1-617-1-1-3,mn-617-1-1-3,1,617,1,1,3
mn-1-617-1-1-4,mn-617-1-1-4,1,617,1,1,4
mn-1-617-1-1-5,mn-617-1-1-5,1,617,1,1,5
mn-1-617-5-2-1,mn-617-5-2-1,1,617,5,2,1
mn-1-617-6-2-1,mn-617-6-2-1,1,617,6,2,1
mn-1-617-6-2-2,mn-617-6-2-2,1,617,6,2,2
mn-1-617-6-2-3,mn-617-6-2-3,1,617,6,2,3
mn-1-617-6-2-4,mn-617-6-2-4,1,617,6,2,4
mn-1-617-6-2-5,mn-617-6-2-5,1,617,6,2,5
mn-1-618-1-1-1,mn-618-1-1-1,1,618,1,1,1
mn-1-618-5-2-1,mn-618-5-2-1,1,618,5,2,1
mn-1-618-6-2-1,mn-618-6-2-1,1,618,6,2,1
mn-1-619-1-1-1,mn-619-1-1-1,1,619,1,1,1
mn-1-619-5-2-1,mn-619-5-2-1,1,619,5,2,1
mn-1-619-6-2-1,mn-619-6-2-1,1,619,6,2,1
mn-1-620-1-1-1,mn-620-1-1-1,1,620,1,1,1
mn-1-620-1-1-2,mn-620-1-1-2,1,620,1,1,2
mn-1-620-1-1-3,mn-620-1-1-3,1,620,1,1,3
mn-1-620-5-2-1,mn-620-5-2-1,1,620,5,2,1
mn-1-620-6-2-1,mn-620-6-2-1,1,620,6,2,1
mn-1-620-6-2-2,mn-620-6-2-2,1,620,6,2,2
mn-1-620-6-2-3,mn-620-6-2-3,1,620,6,2,3
mn-1-620-6-2-4,mn-620-6-2-4,1,620,6,2,4
mn-1-621-1-1-1,mn-621-1-1-1,1,621,1,1,1
mn-1-621-1-1-2,mn-621-1-1-2,1,621,1,1,2
mn-1-621-1-1-3,mn-621-1-1-3,1,621,1,1,3
mn-1-621-5-2-1,mn-621-5-2-1,1,621,5,2,1
mn-1-621-6-2-1,mn-621-6-2-1,1,621,6,2,1
mn-1-621-6-2-2,mn-621-6-2-2,1,621,6,2,2
mn-1-621-6-2-3,mn-621-6-2-3,1,621,6,2,3
mn-1-621-6-2-4,mn-621-6-2-4,1,621,6,2,4
mn-1-622-1-1-1,mn-622-1-1-1,1,622,1,1,1
mn-1-622-1-1-2,mn-622-1-1-2,1,622,1,1,2
mn-1-622-1-1-3,mn-622-1-1-3,1,622,1,1,3
mn-1-622-5-2-1,mn-622-5-2-1,1,622,5,2,1
mn-1-622-6-2-1,mn-622-6-2-1,1,622,6,2,1
mn-1-622-6-2-2,mn-622-6-2-2,1,622,6,2,2
mn-1-622-6-2-3,mn-622-6-2-3,1,622,6,2,3
mn-1-622-6-2-4,mn-622-6-2-4,1,622,6,2,4
mn-1-623-1-1-1,mn-623-1-1-1,1,623,1,1,1
mn-1-623-1-1-2,mn-623-1-1-2,1,623,1,1,2
mn-1-623-1-1-3,mn-623-1-1-3,1,623,1,1,3
mn-1-623-1-1-4,mn-623-1-1-4,1,623,1,1,4
mn-1-623-1-1-5,mn-623-1-1-5,1,623,1,1,5
mn-1-623-1-1-6,mn-623-1-1-6,1,623,1,1,6
mn-1-623-1-1-7,mn-623-1-1-7,1,623,1,1,7
mn-1-623-1-1-8,mn-623-1-1-8,1,623,1,1,8
mn-1-623-1-1-9,mn-623-1-1-9,1,623,1,1,9
mn-1-623-5-2-1,mn-623-5-2-1,1,623,5,2,1
mn-1-623-6-2-1,mn-623-6-2-1,1,623,6,2,1
mn-1-623-6-2-2,mn-623-6-2-2,1,623,6,2,2
mn-1-623-6-2-3,mn-623-6-2-3,1,623,6,2,3
mn-1-623-6-2-4,mn-623-6-2-4,1,623,6,2,4
mn-1-623-6-2-5,mn-623-6-2-5,1,623,6,2,5
mn-1-623-6-2-6,mn-623-6-2-6,1,623,6,2,6
mn-1-623-6-2-7,mn-623-6-2-7,1,623,6,2,7
mn-1-623-6-2-8,mn-623-6-2-8,1,623,6,2,8
mn-1-623-6-2-9,mn-623-6-2-9,1,623,6,2,9
mn-1-623-6-2-10,mn-623-6-2-10,1,623,6,2,10
mn-1-623-6-2-11,mn-623-6-2-11,1,623,6,2,11
mn-1-623-6-2-12,mn-623-6-2-12,1,623,6,2,12
mn-1-624-1-1-1,mn-624-1-1-1,1,624,1,1,1
mn-1-624-1-1-2,mn-624-1-1-2,1,624,1,1,2
mn-1-624-1-1-3,mn-624-1-1-3,1,624,1,1,3
mn-1-624-1-1-4,mn-624-1-1-4,1,624,1,1,4
mn-1-624-1-1-5,mn-624-1-1-5,1,624,1,1,5
mn-1-624-5-2-1,mn-624-5-2-1,1,624,5,2,1
mn-1-624-6-2-1,mn-624-6-2-1,1,624,6,2,1
mn-1-624-6-2-2,mn-624-6-2-2,1,624,6,2,2
mn-1-624-6-2-3,mn-624-6-2-3,1,624,6,2,3
mn-1-624-6-2-4,mn-624-6-2-4,1,624,6,2,4
mn-1-624-6-2-5,mn-624-6-2-5,1,624,6,2,5
mn-1-625-1-1-1,mn-625-1-1-1,1,625,1,1,1
mn-1-625-1-1-2,mn-625-1-1-2,1,625,1,1,2
mn-1-625-1-1-3,mn-625-1-1-3,1,625,1,1,3
mn-1-625-1-1-4,mn-625-1-1-4,1,625,1,1,4
mn-1-625-1-1-5,mn-625-1-1-5,1,625,1,1,5
mn-1-625-5-2-1,mn-625-5-2-1,1,625,5,2,1
mn-1-625-6-2-1,mn-625-6-2-1,1,625,6,2,1
mn-1-625-6-2-2,mn-625-6-2-2,1,625,6,2,2
mn-1-625-6-2-3,mn-625-6-2-3,1,625,6,2,3
mn-1-625-6-2-4,mn-625-6-2-4,1,625,6,2,4
mn-1-626-1-1-1,mn-626-1-1-1,1,626,1,1,1
mn-1-626-1-1-2,mn-626-1-1-2,1,626,1,1,2
mn-1-626-1-1-3,mn-626-1-1-3,1,626,1,1,3
mn-1-626-1-1-4,mn-626-1-1-4,1,626,1,1,4
mn-1-626-1-1-5,mn-626-1-1-5,1,626,1,1,5
mn-1-626-5-2-1,mn-626-5-2-1,1,626,5,2,1
mn-1-626-6-2-1,mn-626-6-2-1,1,626,6,2,1
mn-1-626-6-2-2,mn-626-6-2-2,1,626,6,2,2
mn-1-626-6-2-3,mn-626-6-2-3,1,626,6,2,3
mn-1-626-6-2-4,mn-626-6-2-4,1,626,6,2,4
mn-1-627-1-1-1,mn-627-1-1-1,1,627,1,1,1
mn-1-627-5-2-1,mn-627-5-2-1,1,627,5,2,1
mn-1-627-6-2-1,mn-627-6-2-1,1,627,6,2,1
mn-1-627-6-2-2,mn-627-6-2-2,1,627,6,2,2
mn-1-628-1-1-1,mn-628-1-1-1,1,628,1,1,1
mn-1-628-5-2-1,mn-628-5-2-1,1,628,5,2,1
mn-1-628-6-2-1,mn-628-6-2-1,1,628,6,2,1
mn-1-628-6-2-2,mn-628-6-2-2,1,628,6,2,2
mn-1-629-1-2-1,mn-629-1-2-1,1,629,1,2,1
mn-1-629-5-2-1,mn-629-5-2-1,1,629,5,2,1
mn-1-629-6-2-1,mn-629-6-2-1,1,629,6,2,1
mn-1-630-1-1-1,mn-630-1-1-1,1,630,1,1,1
mn-1-630-1-1-2,mn-630-1-1-2,1,630,1,1,2
mn-1-630-1-2-1,mn-630-1-2-1,1,630,1,2,1
mn-1-630-2-1-1,mn-630-2-1-1,1,630,2,1,1
mn-1-630-2-1-2,mn-630-2-1-2,1,630,2,1,2
mn-1-630-2-1-3,mn-630-2-1-3,1,630,2,1,3
mn-1-630-2-1-4,mn-630-2-1-4,1,630,2,1,4
mn-1-630-2-1-5,mn-630-2-1-5,1,630,2,1,5
mn-1-630-2-1-6,mn-630-2-1-6,1,630,2,1,6
mn-1-630-2-1-7,mn-630-2-1-7,1,630,2,1,7
mn-1-630-2-1-8,mn-630-2-1-8,1,630,2,1,8
mn-1-630-2-1-9,mn-630-2-1-9,1,630,2,1,9
mn-1-630-2-1-10,mn-630-2-1-10,1,630,2,1,10
mn-1-630-2-1-11,mn-630-2-1-11,1,630,2,1,11
mn-1-630-2-1-12,mn-630-2-1-12,1,630,2,1,12
mn-1-630-5-2-1,mn-630-5-2-1,1,630,5,2,1
mn-1-630-6-2-1,mn-630-6-2-1,1,630,6,2,1
mn-1-630-6-2-2,mn-630-6-2-2,1,630,6,2,2
mn-1-630-6-2-3,mn-630-6-2-3,1,630,6,2,3
mn-1-630-7-2-1,mn-630-7-2-1,1,630,7,2,1
mn-1-630-7-2-2,mn-630-7-2-2,1,630,7,2,2
mn-1-630-7-2-3,mn-630-7-2-3,1,630,7,2,3
mn-1-630-7-2-4,mn-630-7-2-4,1,630,7,2,4
mn-1-630-7-2-5,mn-630-7-2-5,1,630,7,2,5
mn-1-630-7-2-6,mn-630-7-2-6,1,630,7,2,6
mn-1-630-7-2-7,mn-630-7-2-7,1,630,7,2,7
mn-1-630-7-2-8,mn-630-7-2-8,1,630,7,2,8
mn-1-630-7-2-9,mn-630-7-2-9,1,630,7,2,9
mn-1-630-7-2-10,mn-630-7-2-10,1,630,7,2,10
mn-1-630-7-2-11,mn-630-7-2-11,1,630,7,2,11
mn-1-630-7-2-12,mn-630-7-2-12,1,630,7,2,12
mn-1-631-1-2-1,mn-631-1-2-1,1,631,1,2,1
mn-1-631-2-1-1,mn-631-2-1-1,1,631,2,1,1
mn-1-631-2-1-2,mn-631-2-1-2,1,631,2,1,2
mn-1-631-2-1-3,mn-631-2-1-3,1,631,2,1,3
mn-1-631-2-1-4,mn-631-2-1-4,1,631,2,1,4
mn-1-631-2-1-5,mn-631-2-1-5,1,631,2,1,5
mn-1-631-2-1-6,mn-631-2-1-6,1,631,2,1,6
mn-1-631-2-1-7,mn-631-2-1-7,1,631,2,1,7
mn-1-631-2-1-8,mn-631-2-1-8,1,631,2,1,8
mn-1-631-2-1-9,mn-631-2-1-9,1,631,2,1,9
mn-1-631-2-1-10,mn-631-2-1-10,1,631,2,1,10
mn-1-631-2-2-1,mn-631-2-2-1,1,631,2,2,1
mn-1-631-2-2-2,mn-631-2-2-2,1,631,2,2,2
mn-1-631-5-2-1,mn-631-5-2-1,1,631,5,2,1
mn-1-631-6-2-1,mn-631-6-2-1,1,631,6,2,1
mn-1-631-7-2-1,mn-631-7-2-1,1,631,7,2,1
mn-1-631-7-2-2,mn-631-7-2-2,1,631,7,2,2
mn-1-631-7-2-3,mn-631-7-2-3,1,631,7,2,3
mn-1-631-7-2-4,mn-631-7-2-4,1,631,7,2,4
mn-1-631-7-2-5,mn-631-7-2-5,1,631,7,2,5
mn-1-631-7-2-6,mn-631-7-2-6,1,631,7,2,6
mn-1-631-7-2-7,mn-631-7-2-7,1,631,7,2,7
mn-1-631-7-2-8,mn-631-7-2-8,1,631,7,2,8
mn-1-631-7-2-9,mn-631-7-2-9,1,631,7,2,9
mn-1-631-7-2-10,mn-631-7-2-10,1,631,7,2,10
mn-1-631-7-2-11,mn-631-7-2-11,1,631,7,2,11
mn-1-631-7-2-12,mn-631-7-2-12,1,631,7,2,12
mn-1-632-1-1-1,mn-632-1-1-1,1,632,1,1,1
mn-1-632-5-2-1,mn-632-5-2-1,1,632,5,2,1
mn-1-632-6-2-1,mn-632-6-2-1,1,632,6,2,1
mn-1-632-6-2-2,mn-632-6-2-2,1,632,6,2,2
mn-1-632-6-2-3,mn-632-6-2-3,1,632,6,2,3
mn-1-632-6-2-4,mn-632-6-2-4,1,632,6,2,4
mn-1-632-6-2-5,mn-632-6-2-5,1,632,6,2,5
mn-1-633-1-1-1,mn-633-1-1-1,1,633,1,1,1
mn-1-633-1-1-2,mn-633-1-1-2,1,633,1,1,2
mn-1-633-1-1-3,mn-633-1-1-3,1,633,1,1,3
mn-1-633-1-1-4,mn-633-1-1-4,1,633,1,1,4
mn-1-633-1-1-5,mn-633-1-1-5,1,633,1,1,5
mn-1-633-5-2-1,mn-633-5-2-1,1,633,5,2,1
mn-1-633-6-2-1,mn-633-6-2-1,1,633,6,2,1
mn-1-633-6-2-2,mn-633-6-2-2,1,633,6,2,2
mn-1-633-6-2-3,mn-633-6-2-3,1,633,6,2,3
mn-1-633-6-2-4,mn-633-6-2-4,1,633,6,2,4
mn-1-633-6-2-5,mn-633-6-2-5,1,633,6,2,5
mn-1-634-1-1-1,mn-634-1-1-1,1,634,1,1,1
mn-1-634-1-1-2,mn-634-1-1-2,1,634,1,1,2
mn-1-634-1-1-3,mn-634-1-1-3,1,634,1,1,3
mn-1-634-1-1-4,mn-634-1-1-4,1,634,1,1,4
mn-1-634-1-1-5,mn-634-1-1-5,1,634,1,1,5
mn-1-634-1-1-6,mn-634-1-1-6,1,634,1,1,6
mn-1-634-5-2-1,mn-634-5-2-1,1,634,5,2,1
mn-1-634-6-2-1,mn-634-6-2-1,1,634,6,2,1
mn-1-634-6-2-2,mn-634-6-2-2,1,634,6,2,2
mn-1-634-6-2-3,mn-634-6-2-3,1,634,6,2,3
mn-1-634-6-2-4,mn-634-6-2-4,1,634,6,2,4
mn-1-635-1-1-1,mn-635-1-1-1,1,635,1,1,1
mn-1-635-1-1-2,mn-635-1-1-2,1,635,1,1,2
mn-1-635-1-1-3,mn-635-1-1-3,1,635,1,1,3
mn-1-635-5-2-1,mn-635-5-2-1,1,635,5,2,1
mn-1-635-6-2-1,mn-635-6-2-1,1,635,6,2,1
mn-1-636-1-1-1,mn-636-1-1-1,1,636,1,1,1
mn-1-636-1-1-2,mn-636-1-1-2,1,636,1,1,2
mn-1-636-1-1-3,mn-636-1-1-3,1,636,1,1,3
mn-1-636-1-1-4,mn-636-1-1-4,1,636,1,1,4
mn-1-636-1-1-5,mn-636-1-1-5,1,636,1,1,5
mn-1-636-1-1-6,mn-636-1-1-6,1,636,1,1,6
mn-1-636-5-2-1,mn-636-5-2-1,1,636,5,2,1
mn-1-636-6-2-1,mn-636-6-2-1,1,636,6,2,1
mn-1-636-6-2-2,mn-636-6-2-2,1,636,6,2,2
mn-1-636-6-2-3,mn-636-6-2-3,1,636,6,2,3
mn-1-636-6-2-4,mn-636-6-2-4,1,636,6,2,4
mn-1-637-1-1-1,mn-637-1-1-1,1,637,1,1,1
mn-1-637-1-1-2,mn-637-1-1-2,1,637,1,1,2
mn-1-637-1-1-3,mn-637-1-1-3,1,637,1,1,3
mn-1-637-1-1-4,mn-637-1-1-4,1,637,1,1,4
mn-1-637-5-2-1,mn-637-5-2-1,1,637,5,2,1
mn-1-637-6-2-1,mn-637-6-2-1,1,637,6,2,1
mn-1-637-6-2-2,mn-637-6-2-2,1,637,6,2,2
mn-1-637-6-2-3,mn-637-6-2-3,1,637,6,2,3
mn-1-637-6-2-4,mn-637-6-2-4,1,637,6,2,4
mn-1-637-6-2-5,mn-637-6-2-5,1,637,6,2,5
mn-1-637-6-2-6,mn-637-6-2-6,1,637,6,2,6
mn-1-637-6-2-7,mn-637-6-2-7,1,637,6,2,7
mn-1-637-6-2-8,mn-637-6-2-8,1,637,6,2,8
mn-1-637-6-2-9,mn-637-6-2-9,1,637,6,2,9
mn-1-638-1-1-1,mn-638-1-1-1,1,638,1,1,1
mn-1-638-1-1-2,mn-638-1-1-2,1,638,1,1,2
mn-1-638-1-1-3,mn-638-1-1-3,1,638,1,1,3
mn-1-638-1-1-4,mn-638-1-1-4,1,638,1,1,4
mn-1-638-1-1-5,mn-638-1-1-5,1,638,1,1,5
mn-1-638-1-1-6,mn-638-1-1-6,1,638,1,1,6
mn-1-638-5-2-1,mn-638-5-2-1,1,638,5,2,1
mn-1-638-6-2-1,mn-638-6-2-1,1,638,6,2,1
mn-1-639-1-1-1,mn-639-1-1-1,1,639,1,1,1
mn-1-639-1-1-2,mn-639-1-1-2,1,639,1,1,2
mn-1-639-1-1-3,mn-639-1-1-3,1,639,1,1,3
mn-1-639-1-1-4,mn-639-1-1-4,1,639,1,1,4
mn-1-639-5-2-1,mn-639-5-2-1,1,639,5,2,1
mn-1-639-6-2-1,mn-639-6-2-1,1,639,6,2,1
mn-1-639-6-2-2,mn-639-6-2-2,1,639,6,2,2
mn-1-639-6-2-3,mn-639-6-2-3,1,639,6,2,3
mn-1-639-6-2-4,mn-639-6-2-4,1,639,6,2,4
mn-1-639-6-2-5,mn-639-6-2-5,1,639,6,2,5
mn-1-639-6-2-6,mn-639-6-2-6,1,639,6,2,6
mn-1-639-6-2-7,mn-639-6-2-7,1,639,6,2,7
mn-1-639-6-2-8,mn-639-6-2-8,1,639,6,2,8
mn-1-639-6-2-9,mn-639-6-2-9,1,639,6,2,9
mn-1-640-1-1-1,mn-640-1-1-1,1,640,1,1,1
mn-1-640-5-2-1,mn-640-5-2-1,1,640,5,2,1
mn-1-640-6-2-1,mn-640-6-2-1,1,640,6,2,1
mn-1-640-6-2-2,mn-640-6-2-2,1,640,6,2,2
mn-1-640-6-2-3,mn-640-6-2-3,1,640,6,2,3
mn-1-640-6-2-4,mn-640-6-2-4,1,640,6,2,4
mn-1-640-6-2-5,mn-640-6-2-5,1,640,6,2,5
mn-1-641-1-1-1,mn-641-1-1-1,1,641,1,1,1
mn-1-641-1-1-2,mn-641-1-1-2,1,641,1,1,2
mn-1-641-1-1-3,mn-641-1-1-3,1,641,1,1,3
mn-1-641-1-1-4,mn-641-1-1-4,1,641,1,1,4
mn-1-641-1-1-5,mn-641-1-1-5,1,641,1,1,5
mn-1-641-5-2-1,mn-641-5-2-1,1,641,5,2,1
mn-1-641-6-2-1,mn-641-6-2-1,1,641,6,2,1
mn-1-641-6-2-2,mn-641-6-2-2,1,641,6,2,2
mn-1-641-6-2-3,mn-641-6-2-3,1,641,6,2,3
mn-1-641-6-2-4,mn-641-6-2-4,1,641,6,2,4
mn-1-641-6-2-5,mn-641-6-2-5,1,641,6,2,5
mn-1-642-1-1-1,mn-642-1-1-1,1,642,1,1,1
mn-1-642-1-1-2,mn-642-1-1-2,1,642,1,1,2
mn-1-642-1-1-3,mn-642-1-1-3,1,642,1,1,3
mn-1-642-1-1-4,mn-642-1-1-4,1,642,1,1,4
mn-1-642-1-1-5,mn-642-1-1-5,1,642,1,1,5
mn-1-642-1-1-6,mn-642-1-1-6,1,642,1,1,6
mn-1-642-5-2-1,mn-642-5-2-1,1,642,5,2,1
mn-1-642-6-2-1,mn-642-6-2-1,1,642,6,2,1
mn-1-642-6-2-2,mn-642-6-2-2,1,642,6,2,2
mn-1-642-6-2-3,mn-642-6-2-3,1,642,6,2,3
mn-1-642-6-2-4,mn-642-6-2-4,1,642,6,2,4
mn-1-643-1-1-1,mn-643-1-1-1,1,643,1,1,1
mn-1-643-1-1-2,mn-643-1-1-2,1,643,1,1,2
mn-1-643-1-1-3,mn-643-1-1-3,1,643,1,1,3
mn-1-643-5-2-1,mn-643-5-2-1,1,643,5,2,1
mn-1-643-6-2-1,mn-643-6-2-1,1,643,6,2,1
mn-1-644-1-1-1,mn-644-1-1-1,1,644,1,1,1
mn-1-644-1-1-2,mn-644-1-1-2,1,644,1,1,2
mn-1-644-1-1-3,mn-644-1-1-3,1,644,1,1,3
mn-1-644-1-1-4,mn-644-1-1-4,1,644,1,1,4
mn-1-644-1-1-5,mn-644-1-1-5,1,644,1,1,5
mn-1-644-1-1-6,mn-644-1-1-6,1,644,1,1,6
mn-1-644-5-2-1,mn-644-5-2-1,1,644,5,2,1
mn-1-644-6-2-1,mn-644-6-2-1,1,644,6,2,1
mn-1-644-6-2-2,mn-644-6-2-2,1,644,6,2,2
mn-1-644-6-2-3,mn-644-6-2-3,1,644,6,2,3
mn-1-645-1-1-1,mn-645-1-1-1,1,645,1,1,1
mn-1-645-1-1-2,mn-645-1-1-2,1,645,1,1,2
mn-1-645-1-1-3,mn-645-1-1-3,1,645,1,1,3
mn-1-645-1-1-4,mn-645-1-1-4,1,645,1,1,4
mn-1-645-5-2-1,mn-645-5-2-1,1,645,5,2,1
mn-1-645-6-2-1,mn-645-6-2-1,1,645,6,2,1
mn-1-645-6-2-2,mn-645-6-2-2,1,645,6,2,2
mn-1-645-6-2-3,mn-645-6-2-3,1,645,6,2,3
mn-1-645-6-2-4,mn-645-6-2-4,1,645,6,2,4
mn-1-645-6-2-5,mn-645-6-2-5,1,645,6,2,5
mn-1-645-6-2-6,mn-645-6-2-6,1,645,6,2,6
mn-1-646-1-1-1,mn-646-1-1-1,1,646,1,1,1
mn-1-646-1-1-2,mn-646-1-1-2,1,646,1,1,2
mn-1-646-1-1-3,mn-646-1-1-3,1,646,1,1,3
mn-1-646-1-1-4,mn-646-1-1-4,1,646,1,1,4
mn-1-646-1-1-5,mn-646-1-1-5,1,646,1,1,5
mn-1-646-1-1-6,mn-646-1-1-6,1,646,1,1,6
mn-1-646-5-2-1,mn-646-5-2-1,1,646,5,2,1
mn-1-646-6-2-1,mn-646-6-2-1,1,646,6,2,1
mn-1-646-6-2-2,mn-646-6-2-2,1,646,6,2,2
mn-1-646-6-2-3,mn-646-6-2-3,1,646,6,2,3
mn-1-646-6-2-4,mn-646-6-2-4,1,646,6,2,4
mn-1-647-1-1-1,mn-647-1-1-1,1,647,1,1,1
mn-1-647-1-1-2,mn-647-1-1-2,1,647,1,1,2
mn-1-647-1-1-3,mn-647-1-1-3,1,647,1,1,3
mn-1-647-1-1-4,mn-647-1-1-4,1,647,1,1,4
mn-1-647-5-2-1,mn-647-5-2-1,1,647,5,2,1
mn-1-647-6-2-1,mn-647-6-2-1,1,647,6,2,1
mn-1-647-6-2-2,mn-647-6-2-2,1,647,6,2,2
mn-1-647-6-2-3,mn-647-6-2-3,1,647,6,2,3
mn-1-647-6-2-4,mn-647-6-2-4,1,647,6,2,4
mn-1-647-6-2-5,mn-647-6-2-5,1,647,6,2,5
mn-1-647-6-2-6,mn-647-6-2-6,1,647,6,2,6
mn-1-648-1-1-1,mn-648-1-1-1,1,648,1,1,1
mn-1-648-2-1-1,mn-648-2-1-1,1,648,2,1,1
mn-1-648-5-2-1,mn-648-5-2-1,1,648,5,2,1
mn-1-648-6-2-1,mn-648-6-2-1,1,648,6,2,1
mn-1-648-6-2-2,mn-648-6-2-2,1,648,6,2,2
mn-1-648-6-2-3,mn-648-6-2-3,1,648,6,2,3
mn-1-648-7-2-1,mn-648-7-2-1,1,648,7,2,1
mn-1-648-7-2-2,mn-648-7-2-2,1,648,7,2,2
mn-1-648-7-2-3,mn-648-7-2-3,1,648,7,2,3
mn-1-648-7-2-4,mn-648-7-2-4,1,648,7,2,4
mn-1-648-7-2-5,mn-648-7-2-5,1,648,7,2,5
mn-1-648-7-2-6,mn-648-7-2-6,1,648,7,2,6
mn-1-649-1-1-1,mn-649-1-1-1,1,649,1,1,1
mn-1-649-1-1-2,mn-649-1-1-2,1,649,1,1,2
mn-1-649-1-1-3,mn-649-1-1-3,1,649,1,1,3
mn-1-649-2-1-1,mn-649-2-1-1,1,649,2,1,1
mn-1-649-5-2-1,mn-649-5-2-1,1,649,5,2,1
mn-1-649-6-2-1,mn-649-6-2-1,1,649,6,2,1
mn-1-649-6-2-2,mn-649-6-2-2,1,649,6,2,2
mn-1-649-6-2-3,mn-649-6-2-3,1,649,6,2,3
mn-1-649-7-2-1,mn-649-7-2-1,1,649,7,2,1
mn-1-649-7-2-2,mn-649-7-2-2,1,649,7,2,2
mn-1-649-7-2-3,mn-649-7-2-3,1,649,7,2,3
mn-1-649-7-2-4,mn-649-7-2-4,1,649,7,2,4
mn-1-649-7-2-5,mn-649-7-2-5,1,649,7,2,5
mn-1-649-7-2-6,mn-649-7-2-6,1,649,7,2,6
mn-1-650-1-1-1,mn-650-1-1-1,1,650,1,1,1
mn-1-650-2-1-1,mn-650-2-1-1,1,650,2,1,1
mn-1-650-5-2-1,mn-650-5-2-1,1,650,5,2,1
mn-1-650-6-2-1,mn-650-6-2-1,1,650,6,2,1
mn-1-650-6-2-2,mn-650-6-2-2,1,650,6,2,2
mn-1-650-6-2-3,mn-650-6-2-3,1,650,6,2,3
mn-1-650-7-2-1,mn-650-7-2-1,1,650,7,2,1
mn-1-650-7-2-2,mn-650-7-2-2,1,650,7,2,2
mn-1-650-7-2-3,mn-650-7-2-3,1,650,7,2,3
mn-1-650-7-2-4,mn-650-7-2-4,1,650,7,2,4
mn-1-650-7-2-5,mn-650-7-2-5,1,650,7,2,5
mn-1-650-7-2-6,mn-650-7-2-6,1,650,7,2,6
mn-1-651-1-1-1,mn-651-1-1-1,1,651,1,1,1
mn-1-651-2-1-1,mn-651-2-1-1,1,651,2,1,1
mn-1-651-5-2-1,mn-651-5-2-1,1,651,5,2,1
mn-1-651-6-2-1,mn-651-6-2-1,1,651,6,2,1
mn-1-651-6-2-2,mn-651-6-2-2,1,651,6,2,2
mn-1-651-6-2-3,mn-651-6-2-3,1,651,6,2,3
mn-1-651-7-2-1,mn-651-7-2-1,1,651,7,2,1
mn-1-651-7-2-2,mn-651-7-2-2,1,651,7,2,2
mn-1-651-7-2-3,mn-651-7-2-3,1,651,7,2,3
mn-1-651-7-2-4,mn-651-7-2-4,1,651,7,2,4
mn-1-651-7-2-5,mn-651-7-2-5,1,651,7,2,5
mn-1-651-7-2-6,mn-651-7-2-6,1,651,7,2,6
mn-1-652-1-1-1,mn-652-1-1-1,1,652,1,1,1
mn-1-652-1-1-2,mn-652-1-1-2,1,652,1,1,2
mn-1-652-2-1-1,mn-652-2-1-1,1,652,2,1,1
mn-1-652-5-2-1,mn-652-5-2-1,1,652,5,2,1
mn-1-652-6-2-1,mn-652-6-2-1,1,652,6,2,1
mn-1-652-6-2-2,mn-652-6-2-2,1,652,6,2,2
mn-1-652-6-2-3,mn-652-6-2-3,1,652,6,2,3
mn-1-652-7-2-1,mn-652-7-2-1,1,652,7,2,1
mn-1-652-7-2-2,mn-652-7-2-2,1,652,7,2,2
mn-1-652-7-2-3,mn-652-7-2-3,1,652,7,2,3
mn-1-652-7-2-4,mn-652-7-2-4,1,652,7,2,4
mn-1-652-7-2-5,mn-652-7-2-5,1,652,7,2,5
mn-1-652-7-2-6,mn-652-7-2-6,1,652,7,2,6
mn-1-653-1-1-1,mn-653-1-1-1,1,653,1,1,1
mn-1-653-1-1-2,mn-653-1-1-2,1,653,1,1,2
mn-1-653-1-1-3,mn-653-1-1-3,1,653,1,1,3
mn-1-653-2-1-1,mn-653-2-1-1,1,653,2,1,1
mn-1-653-5-2-1,mn-653-5-2-1,1,653,5,2,1
mn-1-653-6-2-1,mn-653-6-2-1,1,653,6,2,1
mn-1-653-6-2-2,mn-653-6-2-2,1,653,6,2,2
mn-1-653-6-2-3,mn-653-6-2-3,1,653,6,2,3
mn-1-653-7-2-1,mn-653-7-2-1,1,653,7,2,1
mn-1-653-7-2-2,mn-653-7-2-2,1,653,7,2,2
mn-1-653-7-2-3,mn-653-7-2-3,1,653,7,2,3
mn-1-653-7-2-4,mn-653-7-2-4,1,653,7,2,4
mn-1-653-7-2-5,mn-653-7-2-5,1,653,7,2,5
mn-1-653-7-2-6,mn-653-7-2-6,1,653,7,2,6
mn-1-654-1-1-1,mn-654-1-1-1,1,654,1,1,1
mn-1-654-2-1-1,mn-654-2-1-1,1,654,2,1,1
mn-1-654-2-1-2,mn-654-2-1-2,1,654,2,1,2
mn-1-654-5-2-1,mn-654-5-2-1,1,654,5,2,1
mn-1-654-6-2-1,mn-654-6-2-1,1,654,6,2,1
mn-1-654-6-2-2,mn-654-6-2-2,1,654,6,2,2
mn-1-654-6-2-3,mn-654-6-2-3,1,654,6,2,3
mn-1-654-7-2-1,mn-654-7-2-1,1,654,7,2,1
mn-1-654-7-2-2,mn-654-7-2-2,1,654,7,2,2
mn-1-654-7-2-3,mn-654-7-2-3,1,654,7,2,3
mn-1-654-7-2-4,mn-654-7-2-4,1,654,7,2,4
mn-1-654-7-2-5,mn-654-7-2-5,1,654,7,2,5
mn-1-654-7-2-6,mn-654-7-2-6,1,654,7,2,6
mn-1-655-1-1-1,mn-655-1-1-1,1,655,1,1,1
mn-1-655-1-1-2,mn-655-1-1-2,1,655,1,1,2
mn-1-655-2-1-1,mn-655-2-1-1,1,655,2,1,1
mn-1-655-2-1-2,mn-655-2-1-2,1,655,2,1,2
mn-1-655-5-2-1,mn-655-5-2-1,1,655,5,2,1
mn-1-655-6-2-1,mn-655-6-2-1,1,655,6,2,1
mn-1-655-6-2-2,mn-655-6-2-2,1,655,6,2,2
mn-1-655-6-2-3,mn-655-6-2-3,1,655,6,2,3
mn-1-655-7-2-1,mn-655-7-2-1,1,655,7,2,1
mn-1-655-7-2-2,mn-655-7-2-2,1,655,7,2,2
mn-1-655-7-2-3,mn-655-7-2-3,1,655,7,2,3
mn-1-655-7-2-4,mn-655-7-2-4,1,655,7,2,4
mn-1-655-7-2-5,mn-655-7-2-5,1,655,7,2,5
mn-1-655-7-2-6,mn-655-7-2-6,1,655,7,2,6
mn-1-656-1-1-1,mn-656-1-1-1,1,656,1,1,1
mn-1-656-1-1-2,mn-656-1-1-2,1,656,1,1,2
mn-1-656-2-1-1,mn-656-2-1-1,1,656,2,1,1
mn-1-656-2-1-2,mn-656-2-1-2,1,656,2,1,2
mn-1-656-5-2-1,mn-656-5-2-1,1,656,5,2,1
mn-1-656-6-2-1,mn-656-6-2-1,1,656,6,2,1
mn-1-656-6-2-2,mn-656-6-2-2,1,656,6,2,2
mn-1-656-6-2-3,mn-656-6-2-3,1,656,6,2,3
mn-1-656-7-2-1,mn-656-7-2-1,1,656,7,2,1
mn-1-656-7-2-2,mn-656-7-2-2,1,656,7,2,2
mn-1-656-7-2-3,mn-656-7-2-3,1,656,7,2,3
mn-1-656-7-2-4,mn-656-7-2-4,1,656,7,2,4
mn-1-656-7-2-5,mn-656-7-2-5,1,656,7,2,5
mn-1-656-7-2-6,mn-656-7-2-6,1,656,7,2,6
mn-1-657-1-1-1,mn-657-1-1-1,1,657,1,1,1
mn-1-657-1-1-2,mn-657-1-1-2,1,657,1,1,2
mn-1-657-1-1-3,mn-657-1-1-3,1,657,1,1,3
mn-1-657-2-1-1,mn-657-2-1-1,1,657,2,1,1
mn-1-657-5-2-1,mn-657-5-2-1,1,657,5,2,1
mn-1-657-5-2-2,mn-657-5-2-2,1,657,5,2,2
mn-1-657-5-1-1,mn-657-5-1-1,1,657,5,1,1
mn-1-657-5-1-2,mn-657-5-1-2,1,657,5,1,2
mn-1-657-5-1-3,mn-657-5-1-3,1,657,5,1,3
mn-1-657-5-1-4,mn-657-5-1-4,1,657,5,1,4
mn-1-657-5-2-3,mn-657-5-2-3,1,657,5,2,3
mn-1-657-6-2-1,mn-657-6-2-1,1,657,6,2,1
mn-1-657-6-2-2,mn-657-6-2-2,1,657,6,2,2
mn-1-657-6-2-3,mn-657-6-2-3,1,657,6,2,3
mn-1-657-7-2-1,mn-657-7-2-1,1,657,7,2,1
mn-1-657-7-2-2,mn-657-7-2-2,1,657,7,2,2
mn-1-657-7-2-3,mn-657-7-2-3,1,657,7,2,3
mn-1-657-7-2-4,mn-657-7-2-4,1,657,7,2,4
mn-1-657-7-2-5,mn-657-7-2-5,1,657,7,2,5
mn-1-657-7-2-6,mn-657-7-2-6,1,657,7,2,6
mn-1-658-1-1-1,mn-658-1-1-1,1,658,1,1,1
mn-1-658-2-1-1,mn-658-2-1-1,1,658,2,1,1
mn-1-658-5-2-1,mn-658-5-2-1,1,658,5,2,1
mn-1-658-6-2-1,mn-658-6-2-1,1,658,6,2,1
mn-1-658-6-2-2,mn-658-6-2-2,1,658,6,2,2
mn-1-658-6-2-3,mn-658-6-2-3,1,658,6,2,3
mn-1-658-7-2-1,mn-658-7-2-1,1,658,7,2,1
mn-1-658-7-2-2,mn-658-7-2-2,1,658,7,2,2
mn-1-658-7-2-3,mn-658-7-2-3,1,658,7,2,3
mn-1-658-7-2-4,mn-658-7-2-4,1,658,7,2,4
mn-1-658-7-2-5,mn-658-7-2-5,1,658,7,2,5
mn-1-658-7-2-6,mn-658-7-2-6,1,658,7,2,6
mn-1-659-1-1-1,mn-659-1-1-1,1,659,1,1,1
mn-1-659-2-1-1,mn-659-2-1-1,1,659,2,1,1
mn-1-659-5-2-1,mn-659-5-2-1,1,659,5,2,1
mn-1-659-6-2-1,mn-659-6-2-1,1,659,6,2,1
mn-1-659-6-2-2,mn-659-6-2-2,1,659,6,2,2
mn-1-659-6-2-3,mn-659-6-2-3,1,659,6,2,3
mn-1-659-7-2-1,mn-659-7-2-1,1,659,7,2,1
mn-1-659-7-2-2,mn-659-7-2-2,1,659,7,2,2
mn-1-659-7-2-3,mn-659-7-2-3,1,659,7,2,3
mn-1-659-7-2-4,mn-659-7-2-4,1,659,7,2,4
mn-1-659-7-2-5,mn-659-7-2-5,1,659,7,2,5
mn-1-659-7-2-6,mn-659-7-2-6,1,659,7,2,6
mn-1-660-1-1-1,mn-660-1-1-1,1,660,1,1,1
mn-1-660-1-1-2,mn-660-1-1-2,1,660,1,1,2
mn-1-660-1-1-3,mn-660-1-1-3,1,660,1,1,3
mn-1-660-2-1-1,mn-660-2-1-1,1,660,2,1,1
mn-1-660-5-2-1,mn-660-5-2-1,1,660,5,2,1
mn-1-660-6-2-1,mn-660-6-2-1,1,660,6,2,1
mn-1-660-6-2-2,mn-660-6-2-2,1,660,6,2,2
mn-1-660-6-2-3,mn-660-6-2-3,1,660,6,2,3
mn-1-660-7-2-1,mn-660-7-2-1,1,660,7,2,1
mn-1-660-7-2-2,mn-660-7-2-2,1,660,7,2,2
mn-1-660-7-2-3,mn-660-7-2-3,1,660,7,2,3
mn-1-660-7-2-4,mn-660-7-2-4,1,660,7,2,4
mn-1-660-7-2-5,mn-660-7-2-5,1,660,7,2,5
mn-1-660-7-2-6,mn-660-7-2-6,1,660,7,2,6
mn-1-661-1-1-1,mn-661-1-1-1,1,661,1,1,1
mn-1-661-1-1-2,mn-661-1-1-2,1,661,1,1,2
mn-1-661-1-1-3,mn-661-1-1-3,1,661,1,1,3
mn-1-661-2-1-1,mn-661-2-1-1,1,661,2,1,1
mn-1-661-5-2-1,mn-661-5-2-1,1,661,5,2,1
mn-1-661-6-2-1,mn-661-6-2-1,1,661,6,2,1
mn-1-661-6-2-2,mn-661-6-2-2,1,661,6,2,2
mn-1-661-6-2-3,mn-661-6-2-3,1,661,6,2,3
mn-1-661-7-2-1,mn-661-7-2-1,1,661,7,2,1
mn-1-661-7-2-2,mn-661-7-2-2,1,661,7,2,2
mn-1-661-7-2-3,mn-661-7-2-3,1,661,7,2,3
mn-1-661-7-2-4,mn-661-7-2-4,1,661,7,2,4
mn-1-661-7-2-5,mn-661-7-2-5,1,661,7,2,5
mn-1-661-7-2-6,mn-661-7-2-6,1,661,7,2,6
mn-1-662-1-1-1,mn-662-1-1-1,1,662,1,1,1
mn-1-662-2-1-1,mn-662-2-1-1,1,662,2,1,1
mn-1-662-5-2-1,mn-662-5-2-1,1,662,5,2,1
mn-1-662-6-2-1,mn-662-6-2-1,1,662,6,2,1
mn-1-662-6-2-2,mn-662-6-2-2,1,662,6,2,2
mn-1-662-6-2-3,mn-662-6-2-3,1,662,6,2,3
mn-1-662-7-2-1,mn-662-7-2-1,1,662,7,2,1
mn-1-662-7-2-2,mn-662-7-2-2,1,662,7,2,2
mn-1-662-7-2-3,mn-662-7-2-3,1,662,7,2,3
mn-1-662-7-2-4,mn-662-7-2-4,1,662,7,2,4
mn-1-662-7-2-5,mn-662-7-2-5,1,662,7,2,5
mn-1-662-7-2-6,mn-662-7-2-6,1,662,7,2,6
mn-1-663-1-1-1,mn-663-1-1-1,1,663,1,1,1
mn-1-663-1-1-2,mn-663-1-1-2,1,663,1,1,2
mn-1-663-2-1-1,mn-663-2-1-1,1,663,2,1,1
mn-1-663-5-2-1,mn-663-5-2-1,1,663,5,2,1
mn-1-663-6-2-1,mn-663-6-2-1,1,663,6,2,1
mn-1-663-7-2-1,mn-663-7-2-1,1,663,7,2,1
mn-1-663-7-2-2,mn-663-7-2-2,1,663,7,2,2
mn-1-663-7-2-3,mn-663-7-2-3,1,663,7,2,3
mn-1-663-7-2-4,mn-663-7-2-4,1,663,7,2,4
mn-1-663-7-2-5,mn-663-7-2-5,1,663,7,2,5
mn-1-663-7-2-6,mn-663-7-2-6,1,663,7,2,6
mn-1-664-1-1-1,mn-664-1-1-1,1,664,1,1,1
mn-1-664-5-2-1,mn-664-5-2-1,1,664,5,2,1
mn-1-664-6-2-1,mn-664-6-2-1,1,664,6,2,1
mn-1-664-7-2-1,mn-664-7-2-1,1,664,7,2,1
mn-1-664-7-2-2,mn-664-7-2-2,1,664,7,2,2
mn-1-664-7-2-3,mn-664-7-2-3,1,664,7,2,3
mn-1-664-7-2-4,mn-664-7-2-4,1,664,7,2,4
mn-1-664-7-2-5,mn-664-7-2-5,1,664,7,2,5
mn-1-664-7-2-6,mn-664-7-2-6,1,664,7,2,6
mn-1-665-1-1-1,mn-665-1-1-1,1,665,1,1,1
mn-1-665-1-1-2,mn-665-1-1-2,1,665,1,1,2
mn-1-665-1-1-3,mn-665-1-1-3,1,665,1,1,3
mn-1-665-5-2-1,mn-665-5-2-1,1,665,5,2,1
mn-1-665-6-2-1,mn-665-6-2-1,1,665,6,2,1
mn-1-665-7-2-1,mn-665-7-2-1,1,665,7,2,1
mn-1-665-7-2-2,mn-665-7-2-2,1,665,7,2,2
mn-1-665-7-2-3,mn-665-7-2-3,1,665,7,2,3
mn-1-665-7-2-4,mn-665-7-2-4,1,665,7,2,4
mn-1-665-7-2-5,mn-665-7-2-5,1,665,7,2,5
mn-1-665-7-2-6,mn-665-7-2-6,1,665,7,2,6
mn-1-666-1-1-1,mn-666-1-1-1,1,666,1,1,1
mn-1-666-5-2-1,mn-666-5-2-1,1,666,5,2,1
mn-1-666-6-2-1,mn-666-6-2-1,1,666,6,2,1
mn-1-666-7-2-1,mn-666-7-2-1,1,666,7,2,1
mn-1-666-7-2-2,mn-666-7-2-2,1,666,7,2,2
mn-1-666-7-2-3,mn-666-7-2-3,1,666,7,2,3
mn-1-666-7-2-4,mn-666-7-2-4,1,666,7,2,4
mn-1-666-7-2-5,mn-666-7-2-5,1,666,7,2,5
mn-1-666-7-2-6,mn-666-7-2-6,1,666,7,2,6
mn-1-667-1-1-1,mn-667-1-1-1,1,667,1,1,1
mn-1-667-5-2-1,mn-667-5-2-1,1,667,5,2,1
mn-1-667-6-2-1,mn-667-6-2-1,1,667,6,2,1
mn-1-667-6-2-2,mn-667-6-2-2,1,667,6,2,2
mn-1-667-6-2-3,mn-667-6-2-3,1,667,6,2,3
mn-1-667-7-2-1,mn-667-7-2-1,1,667,7,2,1
mn-1-667-7-2-2,mn-667-7-2-2,1,667,7,2,2
mn-1-667-7-2-3,mn-667-7-2-3,1,667,7,2,3
mn-1-667-7-2-4,mn-667-7-2-4,1,667,7,2,4
mn-1-667-7-2-5,mn-667-7-2-5,1,667,7,2,5
mn-1-667-7-2-6,mn-667-7-2-6,1,667,7,2,6
mn-1-668-1-1-1,mn-668-1-1-1,1,668,1,1,1
mn-1-668-1-1-2,mn-668-1-1-2,1,668,1,1,2
mn-1-668-5-2-1,mn-668-5-2-1,1,668,5,2,1
mn-1-668-6-2-1,mn-668-6-2-1,1,668,6,2,1
mn-1-668-6-2-2,mn-668-6-2-2,1,668,6,2,2
mn-1-668-6-2-3,mn-668-6-2-3,1,668,6,2,3
mn-1-668-7-2-1,mn-668-7-2-1,1,668,7,2,1
mn-1-668-7-2-2,mn-668-7-2-2,1,668,7,2,2
mn-1-668-7-2-3,mn-668-7-2-3,1,668,7,2,3
mn-1-668-7-2-4,mn-668-7-2-4,1,668,7,2,4
mn-1-668-7-2-5,mn-668-7-2-5,1,668,7,2,5
mn-1-668-7-2-6,mn-668-7-2-6,1,668,7,2,6
mn-1-669-1-1-1,mn-669-1-1-1,1,669,1,1,1
mn-1-669-1-1-2,mn-669-1-1-2,1,669,1,1,2
mn-1-669-1-1-3,mn-669-1-1-3,1,669,1,1,3
mn-1-669-5-2-1,mn-669-5-2-1,1,669,5,2,1
mn-1-669-6-2-1,mn-669-6-2-1,1,669,6,2,1
mn-1-669-6-2-2,mn-669-6-2-2,1,669,6,2,2
mn-1-669-6-2-3,mn-669-6-2-3,1,669,6,2,3
mn-1-669-7-2-1,mn-669-7-2-1,1,669,7,2,1
mn-1-669-7-2-2,mn-669-7-2-2,1,669,7,2,2
mn-1-669-7-2-3,mn-669-7-2-3,1,669,7,2,3
mn-1-669-7-2-4,mn-669-7-2-4,1,669,7,2,4
mn-1-669-7-2-5,mn-669-7-2-5,1,669,7,2,5
mn-1-669-7-2-6,mn-669-7-2-6,1,669,7,2,6
mn-1-670-1-1-1,mn-670-1-1-1,1,670,1,1,1
mn-1-670-5-2-1,mn-670-5-2-1,1,670,5,2,1
mn-1-670-6-2-1,mn-670-6-2-1,1,670,6,2,1
mn-1-670-6-2-2,mn-670-6-2-2,1,670,6,2,2
mn-1-670-6-2-3,mn-670-6-2-3,1,670,6,2,3
mn-1-670-7-2-1,mn-670-7-2-1,1,670,7,2,1
mn-1-670-7-2-2,mn-670-7-2-2,1,670,7,2,2
mn-1-670-7-2-3,mn-670-7-2-3,1,670,7,2,3
mn-1-670-7-2-4,mn-670-7-2-4,1,670,7,2,4
mn-1-670-7-2-5,mn-670-7-2-5,1,670,7,2,5
mn-1-670-7-2-6,mn-670-7-2-6,1,670,7,2,6
mn-1-671-1-1-1,mn-671-1-1-1,1,671,1,1,1
mn-1-671-1-1-2,mn-671-1-1-2,1,671,1,1,2
mn-1-671-5-2-1,mn-671-5-2-1,1,671,5,2,1
mn-1-671-6-2-1,mn-671-6-2-1,1,671,6,2,1
mn-1-671-6-2-2,mn-671-6-2-2,1,671,6,2,2
mn-1-671-6-2-3,mn-671-6-2-3,1,671,6,2,3
mn-1-671-7-2-1,mn-671-7-2-1,1,671,7,2,1
mn-1-671-7-2-2,mn-671-7-2-2,1,671,7,2,2
mn-1-671-7-2-3,mn-671-7-2-3,1,671,7,2,3
mn-1-671-7-2-4,mn-671-7-2-4,1,671,7,2,4
mn-1-671-7-2-5,mn-671-7-2-5,1,671,7,2,5
mn-1-671-7-2-6,mn-671-7-2-6,1,671,7,2,6
mn-1-672-1-1-1,mn-672-1-1-1,1,672,1,1,1
mn-1-672-5-2-1,mn-672-5-2-1,1,672,5,2,1
mn-1-672-6-2-1,mn-672-6-2-1,1,672,6,2,1
mn-1-672-6-2-2,mn-672-6-2-2,1,672,6,2,2
mn-1-672-6-2-3,mn-672-6-2-3,1,672,6,2,3
mn-1-672-7-2-1,mn-672-7-2-1,1,672,7,2,1
mn-1-672-7-2-2,mn-672-7-2-2,1,672,7,2,2
mn-1-672-7-2-3,mn-672-7-2-3,1,672,7,2,3
mn-1-672-7-2-4,mn-672-7-2-4,1,672,7,2,4
mn-1-672-7-2-5,mn-672-7-2-5,1,672,7,2,5
mn-1-672-7-2-6,mn-672-7-2-6,1,672,7,2,6
mn-1-673-1-1-1,mn-673-1-1-1,1,673,1,1,1
mn-1-673-1-1-2,mn-673-1-1-2,1,673,1,1,2
mn-1-673-1-1-3,mn-673-1-1-3,1,673,1,1,3
mn-1-673-5-2-1,mn-673-5-2-1,1,673,5,2,1
mn-1-673-6-2-1,mn-673-6-2-1,1,673,6,2,1
mn-1-673-6-2-2,mn-673-6-2-2,1,673,6,2,2
mn-1-673-6-2-3,mn-673-6-2-3,1,673,6,2,3
mn-1-673-7-2-1,mn-673-7-2-1,1,673,7,2,1
mn-1-673-7-2-2,mn-673-7-2-2,1,673,7,2,2
mn-1-673-7-2-3,mn-673-7-2-3,1,673,7,2,3
mn-1-673-7-2-4,mn-673-7-2-4,1,673,7,2,4
mn-1-673-7-2-5,mn-673-7-2-5,1,673,7,2,5
mn-1-673-7-2-6,mn-673-7-2-6,1,673,7,2,6
mn-1-674-1-1-1,mn-674-1-1-1,1,674,1,1,1
mn-1-674-5-2-1,mn-674-5-2-1,1,674,5,2,1
mn-1-674-6-2-1,mn-674-6-2-1,1,674,6,2,1
mn-1-674-6-2-2,mn-674-6-2-2,1,674,6,2,2
mn-1-674-6-2-3,mn-674-6-2-3,1,674,6,2,3
mn-1-674-7-2-1,mn-674-7-2-1,1,674,7,2,1
mn-1-674-7-2-2,mn-674-7-2-2,1,674,7,2,2
mn-1-674-7-2-3,mn-674-7-2-3,1,674,7,2,3
mn-1-674-7-2-4,mn-674-7-2-4,1,674,7,2,4
mn-1-674-7-2-5,mn-674-7-2-5,1,674,7,2,5
mn-1-674-7-2-6,mn-674-7-2-6,1,674,7,2,6
mn-1-675-1-1-1,mn-675-1-1-1,1,675,1,1,1
mn-1-675-1-1-2,mn-675-1-1-2,1,675,1,1,2
mn-1-675-1-1-3,mn-675-1-1-3,1,675,1,1,3
mn-1-675-5-2-1,mn-675-5-2-1,1,675,5,2,1
mn-1-675-6-2-1,mn-675-6-2-1,1,675,6,2,1
mn-1-675-6-2-2,mn-675-6-2-2,1,675,6,2,2
mn-1-675-6-2-3,mn-675-6-2-3,1,675,6,2,3
mn-1-675-7-2-1,mn-675-7-2-1,1,675,7,2,1
mn-1-675-7-2-2,mn-675-7-2-2,1,675,7,2,2
mn-1-675-7-2-3,mn-675-7-2-3,1,675,7,2,3
mn-1-675-7-2-4,mn-675-7-2-4,1,675,7,2,4
mn-1-675-7-2-5,mn-675-7-2-5,1,675,7,2,5
mn-1-675-7-2-6,mn-675-7-2-6,1,675,7,2,6
mn-1-676-1-1-1,mn-676-1-1-1,1,676,1,1,1
mn-1-676-1-1-2,mn-676-1-1-2,1,676,1,1,2
mn-1-676-1-1-3,mn-676-1-1-3,1,676,1,1,3
mn-1-676-5-2-1,mn-676-5-2-1,1,676,5,2,1
mn-1-676-6-2-1,mn-676-6-2-1,1,676,6,2,1
mn-1-676-6-2-2,mn-676-6-2-2,1,676,6,2,2
mn-1-676-6-2-3,mn-676-6-2-3,1,676,6,2,3
mn-1-676-7-2-1,mn-676-7-2-1,1,676,7,2,1
mn-1-676-7-2-2,mn-676-7-2-2,1,676,7,2,2
mn-1-676-7-2-3,mn-676-7-2-3,1,676,7,2,3
mn-1-676-7-2-4,mn-676-7-2-4,1,676,7,2,4
mn-1-676-7-2-5,mn-676-7-2-5,1,676,7,2,5
mn-1-676-7-2-6,mn-676-7-2-6,1,676,7,2,6
mn-1-677-1-1-1,mn-677-1-1-1,1,677,1,1,1
mn-1-677-1-1-2,mn-677-1-1-2,1,677,1,1,2
mn-1-677-1-1-3,mn-677-1-1-3,1,677,1,1,3
mn-1-677-2-1-1,mn-677-2-1-1,1,677,2,1,1
mn-1-677-2-1-2,mn-677-2-1-2,1,677,2,1,2
mn-1-677-2-1-3,mn-677-2-1-3,1,677,2,1,3
mn-1-677-5-2-1,mn-677-5-2-1,1,677,5,2,1
mn-1-677-6-2-1,mn-677-6-2-1,1,677,6,2,1
mn-1-677-6-2-2,mn-677-6-2-2,1,677,6,2,2
mn-1-677-6-2-3,mn-677-6-2-3,1,677,6,2,3
mn-1-677-7-2-1,mn-677-7-2-1,1,677,7,2,1
mn-1-677-7-2-2,mn-677-7-2-2,1,677,7,2,2
mn-1-677-7-2-3,mn-677-7-2-3,1,677,7,2,3
mn-1-677-7-2-4,mn-677-7-2-4,1,677,7,2,4
mn-1-677-7-2-5,mn-677-7-2-5,1,677,7,2,5
mn-1-677-7-2-6,mn-677-7-2-6,1,677,7,2,6
mn-1-678-1-1-1,mn-678-1-1-1,1,678,1,1,1
mn-1-678-5-2-1,mn-678-5-2-1,1,678,5,2,1
mn-1-678-6-2-1,mn-678-6-2-1,1,678,6,2,1
mn-1-678-6-2-2,mn-678-6-2-2,1,678,6,2,2
mn-1-678-6-2-3,mn-678-6-2-3,1,678,6,2,3
mn-1-678-7-2-1,mn-678-7-2-1,1,678,7,2,1
mn-1-678-7-2-2,mn-678-7-2-2,1,678,7,2,2
mn-1-678-7-2-3,mn-678-7-2-3,1,678,7,2,3
mn-1-678-7-2-4,mn-678-7-2-4,1,678,7,2,4
mn-1-678-7-2-5,mn-678-7-2-5,1,678,7,2,5
mn-1-678-7-2-6,mn-678-7-2-6,1,678,7,2,6
mn-1-679-1-1-1,mn-679-1-1-1,1,679,1,1,1
mn-1-679-1-1-2,mn-679-1-1-2,1,679,1,1,2
mn-1-679-5-2-1,mn-679-5-2-1,1,679,5,2,1
mn-1-679-6-2-1,mn-679-6-2-1,1,679,6,2,1
mn-1-679-6-2-2,mn-679-6-2-2,1,679,6,2,2
mn-1-679-6-2-3,mn-679-6-2-3,1,679,6,2,3
mn-1-679-7-2-1,mn-679-7-2-1,1,679,7,2,1
mn-1-679-7-2-2,mn-679-7-2-2,1,679,7,2,2
mn-1-679-7-2-3,mn-679-7-2-3,1,679,7,2,3
mn-1-679-7-2-4,mn-679-7-2-4,1,679,7,2,4
mn-1-679-7-2-5,mn-679-7-2-5,1,679,7,2,5
mn-1-679-7-2-6,mn-679-7-2-6,1,679,7,2,6
mn-1-680-1-1-1,mn-680-1-1-1,1,680,1,1,1
mn-1-680-2-1-1,mn-680-2-1-1,1,680,2,1,1
mn-1-680-2-1-2,mn-680-2-1-2,1,680,2,1,2
mn-1-680-5-2-1,mn-680-5-2-1,1,680,5,2,1
mn-1-680-6-2-1,mn-680-6-2-1,1,680,6,2,1
mn-1-680-7-2-1,mn-680-7-2-1,1,680,7,2,1
mn-1-680-7-2-2,mn-680-7-2-2,1,680,7,2,2
mn-1-680-7-2-3,mn-680-7-2-3,1,680,7,2,3
mn-1-680-7-2-4,mn-680-7-2-4,1,680,7,2,4
mn-1-680-7-2-5,mn-680-7-2-5,1,680,7,2,5
mn-1-680-7-2-6,mn-680-7-2-6,1,680,7,2,6
mn-1-681-1-1-1,mn-681-1-1-1,1,681,1,1,1
mn-1-681-1-1-2,mn-681-1-1-2,1,681,1,1,2
mn-1-681-1-1-3,mn-681-1-1-3,1,681,1,1,3
mn-1-681-1-1-4,mn-681-1-1-4,1,681,1,1,4
mn-1-681-1-1-5,mn-681-1-1-5,1,681,1,1,5
mn-1-681-2-1-1,mn-681-2-1-1,1,681,2,1,1
mn-1-681-2-1-2,mn-681-2-1-2,1,681,2,1,2
mn-1-681-5-2-1,mn-681-5-2-1,1,681,5,2,1
mn-1-681-6-2-1,mn-681-6-2-1,1,681,6,2,1
mn-1-681-7-2-1,mn-681-7-2-1,1,681,7,2,1
mn-1-681-7-2-2,mn-681-7-2-2,1,681,7,2,2
mn-1-681-7-2-3,mn-681-7-2-3,1,681,7,2,3
mn-1-681-7-2-4,mn-681-7-2-4,1,681,7,2,4
mn-1-681-7-2-5,mn-681-7-2-5,1,681,7,2,5
mn-1-681-7-2-6,mn-681-7-2-6,1,681,7,2,6
mn-1-682-1-1-1,mn-682-1-1-1,1,682,1,1,1
mn-1-682-1-1-2,mn-682-1-1-2,1,682,1,1,2
mn-1-682-5-2-1,mn-682-5-2-1,1,682,5,2,1
mn-1-682-6-2-1,mn-682-6-2-1,1,682,6,2,1
mn-1-682-7-2-1,mn-682-7-2-1,1,682,7,2,1
mn-1-682-7-2-2,mn-682-7-2-2,1,682,7,2,2
mn-1-682-7-2-3,mn-682-7-2-3,1,682,7,2,3
mn-1-682-7-2-4,mn-682-7-2-4,1,682,7,2,4
mn-1-682-7-2-5,mn-682-7-2-5,1,682,7,2,5
mn-1-682-7-2-6,mn-682-7-2-6,1,682,7,2,6
mn-1-683-1-1-1,mn-683-1-1-1,1,683,1,1,1
mn-1-683-1-1-2,mn-683-1-1-2,1,683,1,1,2
mn-1-683-1-1-3,mn-683-1-1-3,1,683,1,1,3
mn-1-683-5-2-1,mn-683-5-2-1,1,683,5,2,1
mn-1-683-6-2-1,mn-683-6-2-1,1,683,6,2,1
mn-1-683-6-2-2,mn-683-6-2-2,1,683,6,2,2
mn-1-683-6-2-3,mn-683-6-2-3,1,683,6,2,3
mn-1-683-7-2-1,mn-683-7-2-1,1,683,7,2,1
mn-1-683-7-2-2,mn-683-7-2-2,1,683,7,2,2
mn-1-683-7-2-3,mn-683-7-2-3,1,683,7,2,3
mn-1-683-7-2-4,mn-683-7-2-4,1,683,7,2,4
mn-1-683-7-2-5,mn-683-7-2-5,1,683,7,2,5
mn-1-683-7-2-6,mn-683-7-2-6,1,683,7,2,6
mn-1-684-1-1-1,mn-684-1-1-1,1,684,1,1,1
mn-1-684-1-1-2,mn-684-1-1-2,1,684,1,1,2
mn-1-684-1-1-3,mn-684-1-1-3,1,684,1,1,3
mn-1-684-1-1-4,mn-684-1-1-4,1,684,1,1,4
mn-1-684-1-1-5,mn-684-1-1-5,1,684,1,1,5
mn-1-684-1-1-6,mn-684-1-1-6,1,684,1,1,6
mn-1-684-1-1-7,mn-684-1-1-7,1,684,1,1,7
mn-1-684-1-1-8,mn-684-1-1-8,1,684,1,1,8
mn-1-684-2-1-1,mn-684-2-1-1,1,684,2,1,1
mn-1-684-2-1-2,mn-684-2-1-2,1,684,2,1,2
mn-1-684-5-2-1,mn-684-5-2-1,1,684,5,2,1
mn-1-684-6-2-1,mn-684-6-2-1,1,684,6,2,1
mn-1-684-6-2-2,mn-684-6-2-2,1,684,6,2,2
mn-1-684-6-2-3,mn-684-6-2-3,1,684,6,2,3
mn-1-684-7-2-1,mn-684-7-2-1,1,684,7,2,1
mn-1-684-7-2-2,mn-684-7-2-2,1,684,7,2,2
mn-1-684-7-2-3,mn-684-7-2-3,1,684,7,2,3
mn-1-684-7-2-4,mn-684-7-2-4,1,684,7,2,4
mn-1-684-7-2-5,mn-684-7-2-5,1,684,7,2,5
mn-1-684-7-2-6,mn-684-7-2-6,1,684,7,2,6
mn-1-685-1-1-1,mn-685-1-1-1,1,685,1,1,1
mn-1-685-1-1-2,mn-685-1-1-2,1,685,1,1,2
mn-1-685-1-1-3,mn-685-1-1-3,1,685,1,1,3
mn-1-685-1-1-4,mn-685-1-1-4,1,685,1,1,4
mn-1-685-1-1-5,mn-685-1-1-5,1,685,1,1,5
mn-1-685-1-1-6,mn-685-1-1-6,1,685,1,1,6
mn-1-685-1-1-7,mn-685-1-1-7,1,685,1,1,7
mn-1-685-1-1-8,mn-685-1-1-8,1,685,1,1,8
mn-1-685-1-1-9,mn-685-1-1-9,1,685,1,1,9
mn-1-685-1-1-10,mn-685-1-1-10,1,685,1,1,10
mn-1-685-5-2-1,mn-685-5-2-1,1,685,5,2,1
mn-1-685-6-2-1,mn-685-6-2-1,1,685,6,2,1
mn-1-685-6-2-2,mn-685-6-2-2,1,685,6,2,2
mn-1-685-6-2-3,mn-685-6-2-3,1,685,6,2,3
mn-1-685-7-2-1,mn-685-7-2-1,1,685,7,2,1
mn-1-685-7-2-2,mn-685-7-2-2,1,685,7,2,2
mn-1-685-7-2-3,mn-685-7-2-3,1,685,7,2,3
mn-1-685-7-2-4,mn-685-7-2-4,1,685,7,2,4
mn-1-685-7-2-5,mn-685-7-2-5,1,685,7,2,5
mn-1-685-7-2-6,mn-685-7-2-6,1,685,7,2,6
mn-1-686-1-1-1,mn-686-1-1-1,1,686,1,1,1
mn-1-686-1-1-2,mn-686-1-1-2,1,686,1,1,2
mn-1-686-1-1-3,mn-686-1-1-3,1,686,1,1,3
mn-1-686-5-2-1,mn-686-5-2-1,1,686,5,2,1
mn-1-686-6-2-1,mn-686-6-2-1,1,686,6,2,1
mn-1-686-6-2-2,mn-686-6-2-2,1,686,6,2,2
mn-1-686-6-2-3,mn-686-6-2-3,1,686,6,2,3
mn-1-686-7-2-1,mn-686-7-2-1,1,686,7,2,1
mn-1-686-7-2-2,mn-686-7-2-2,1,686,7,2,2
mn-1-686-7-2-3,mn-686-7-2-3,1,686,7,2,3
mn-1-686-7-2-4,mn-686-7-2-4,1,686,7,2,4
mn-1-686-7-2-5,mn-686-7-2-5,1,686,7,2,5
mn-1-686-7-2-6,mn-686-7-2-6,1,686,7,2,6
mn-1-687-1-1-1,mn-687-1-1-1,1,687,1,1,1
mn-1-687-1-1-2,mn-687-1-1-2,1,687,1,1,2
mn-1-687-1-1-3,mn-687-1-1-3,1,687,1,1,3
mn-1-687-1-1-4,mn-687-1-1-4,1,687,1,1,4
mn-1-687-1-1-5,mn-687-1-1-5,1,687,1,1,5
mn-1-687-1-1-6,mn-687-1-1-6,1,687,1,1,6
mn-1-687-5-2-1,mn-687-5-2-1,1,687,5,2,1
mn-1-687-6-2-1,mn-687-6-2-1,1,687,6,2,1
mn-1-687-6-2-2,mn-687-6-2-2,1,687,6,2,2
mn-1-687-6-2-3,mn-687-6-2-3,1,687,6,2,3
mn-1-687-7-2-1,mn-687-7-2-1,1,687,7,2,1
mn-1-687-7-2-2,mn-687-7-2-2,1,687,7,2,2
mn-1-687-7-2-3,mn-687-7-2-3,1,687,7,2,3
mn-1-687-7-2-4,mn-687-7-2-4,1,687,7,2,4
mn-1-687-7-2-5,mn-687-7-2-5,1,687,7,2,5
mn-1-687-7-2-6,mn-687-7-2-6,1,687,7,2,6
mn-1-688-1-1-1,mn-688-1-1-1,1,688,1,1,1
mn-1-688-1-1-2,mn-688-1-1-2,1,688,1,1,2
mn-1-688-1-1-3,mn-688-1-1-3,1,688,1,1,3
mn-1-688-5-2-1,mn-688-5-2-1,1,688,5,2,1
mn-1-688-6-2-1,mn-688-6-2-1,1,688,6,2,1
mn-1-688-6-2-2,mn-688-6-2-2,1,688,6,2,2
mn-1-688-6-2-3,mn-688-6-2-3,1,688,6,2,3
mn-1-688-7-2-1,mn-688-7-2-1,1,688,7,2,1
mn-1-688-7-2-2,mn-688-7-2-2,1,688,7,2,2
mn-1-688-7-2-3,mn-688-7-2-3,1,688,7,2,3
mn-1-688-7-2-4,mn-688-7-2-4,1,688,7,2,4
mn-1-688-7-2-5,mn-688-7-2-5,1,688,7,2,5
mn-1-688-7-2-6,mn-688-7-2-6,1,688,7,2,6
mn-1-689-1-1-1,mn-689-1-1-1,1,689,1,1,1
mn-1-689-1-1-2,mn-689-1-1-2,1,689,1,1,2
mn-1-689-1-1-3,mn-689-1-1-3,1,689,1,1,3
mn-1-689-1-1-4,mn-689-1-1-4,1,689,1,1,4
mn-1-689-1-1-5,mn-689-1-1-5,1,689,1,1,5
mn-1-689-1-1-6,mn-689-1-1-6,1,689,1,1,6
mn-1-689-1-1-7,mn-689-1-1-7,1,689,1,1,7
mn-1-689-1-1-8,mn-689-1-1-8,1,689,1,1,8
mn-1-689-1-1-9,mn-689-1-1-9,1,689,1,1,9
mn-1-689-5-2-1,mn-689-5-2-1,1,689,5,2,1
mn-1-689-6-2-1,mn-689-6-2-1,1,689,6,2,1
mn-1-689-6-2-2,mn-689-6-2-2,1,689,6,2,2
mn-1-689-6-2-3,mn-689-6-2-3,1,689,6,2,3
mn-1-689-7-2-1,mn-689-7-2-1,1,689,7,2,1
mn-1-689-7-2-2,mn-689-7-2-2,1,689,7,2,2
mn-1-689-7-2-3,mn-689-7-2-3,1,689,7,2,3
mn-1-689-7-2-4,mn-689-7-2-4,1,689,7,2,4
mn-1-689-7-2-5,mn-689-7-2-5,1,689,7,2,5
mn-1-689-7-2-6,mn-689-7-2-6,1,689,7,2,6
mn-1-690-1-1-1,mn-690-1-1-1,1,690,1,1,1
mn-1-690-1-1-2,mn-690-1-1-2,1,690,1,1,2
mn-1-690-1-1-3,mn-690-1-1-3,1,690,1,1,3
mn-1-690-5-2-1,mn-690-5-2-1,1,690,5,2,1
mn-1-690-6-2-1,mn-690-6-2-1,1,690,6,2,1
mn-1-690-6-2-2,mn-690-6-2-2,1,690,6,2,2
mn-1-690-6-2-3,mn-690-6-2-3,1,690,6,2,3
mn-1-690-7-2-1,mn-690-7-2-1,1,690,7,2,1
mn-1-690-7-2-2,mn-690-7-2-2,1,690,7,2,2
mn-1-690-7-2-3,mn-690-7-2-3,1,690,7,2,3
mn-1-690-7-2-4,mn-690-7-2-4,1,690,7,2,4
mn-1-690-7-2-5,mn-690-7-2-5,1,690,7,2,5
mn-1-690-7-2-6,mn-690-7-2-6,1,690,7,2,6
mn-1-691-1-1-1,mn-691-1-1-1,1,691,1,1,1
mn-1-691-1-1-2,mn-691-1-1-2,1,691,1,1,2
mn-1-691-1-1-3,mn-691-1-1-3,1,691,1,1,3
mn-1-691-1-1-4,mn-691-1-1-4,1,691,1,1,4
mn-1-691-1-1-5,mn-691-1-1-5,1,691,1,1,5
mn-1-691-1-1-6,mn-691-1-1-6,1,691,1,1,6
mn-1-691-1-1-7,mn-691-1-1-7,1,691,1,1,7
mn-1-691-1-1-8,mn-691-1-1-8,1,691,1,1,8
mn-1-691-1-1-9,mn-691-1-1-9,1,691,1,1,9
mn-1-691-5-2-1,mn-691-5-2-1,1,691,5,2,1
mn-1-691-6-2-1,mn-691-6-2-1,1,691,6,2,1
mn-1-691-6-2-2,mn-691-6-2-2,1,691,6,2,2
mn-1-691-6-2-3,mn-691-6-2-3,1,691,6,2,3
mn-1-691-7-2-1,mn-691-7-2-1,1,691,7,2,1
mn-1-691-7-2-2,mn-691-7-2-2,1,691,7,2,2
mn-1-691-7-2-3,mn-691-7-2-3,1,691,7,2,3
mn-1-691-7-2-4,mn-691-7-2-4,1,691,7,2,4
mn-1-691-7-2-5,mn-691-7-2-5,1,691,7,2,5
mn-1-691-7-2-6,mn-691-7-2-6,1,691,7,2,6
mn-1-692-1-1-1,mn-692-1-1-1,1,692,1,1,1
mn-1-692-1-1-2,mn-692-1-1-2,1,692,1,1,2
mn-1-692-1-1-3,mn-692-1-1-3,1,692,1,1,3
mn-1-692-1-1-4,mn-692-1-1-4,1,692,1,1,4
mn-1-692-1-1-5,mn-692-1-1-5,1,692,1,1,5
mn-1-692-1-1-6,mn-692-1-1-6,1,692,1,1,6
mn-1-692-5-2-1,mn-692-5-2-1,1,692,5,2,1
mn-1-692-6-2-1,mn-692-6-2-1,1,692,6,2,1
mn-1-692-6-2-2,mn-692-6-2-2,1,692,6,2,2
mn-1-692-6-2-3,mn-692-6-2-3,1,692,6,2,3
mn-1-692-7-2-1,mn-692-7-2-1,1,692,7,2,1
mn-1-692-7-2-2,mn-692-7-2-2,1,692,7,2,2
mn-1-692-7-2-3,mn-692-7-2-3,1,692,7,2,3
mn-1-692-7-2-4,mn-692-7-2-4,1,692,7,2,4
mn-1-692-7-2-5,mn-692-7-2-5,1,692,7,2,5
mn-1-692-7-2-6,mn-692-7-2-6,1,692,7,2,6
mn-1-693-1-1-1,mn-693-1-1-1,1,693,1,1,1
mn-1-693-1-1-2,mn-693-1-1-2,1,693,1,1,2
mn-1-693-1-1-3,mn-693-1-1-3,1,693,1,1,3
mn-1-693-5-2-1,mn-693-5-2-1,1,693,5,2,1
mn-1-693-6-2-1,mn-693-6-2-1,1,693,6,2,1
mn-1-693-6-2-2,mn-693-6-2-2,1,693,6,2,2
mn-1-693-6-2-3,mn-693-6-2-3,1,693,6,2,3
mn-1-693-7-2-1,mn-693-7-2-1,1,693,7,2,1
mn-1-693-7-2-2,mn-693-7-2-2,1,693,7,2,2
mn-1-693-7-2-3,mn-693-7-2-3,1,693,7,2,3
mn-1-693-7-2-4,mn-693-7-2-4,1,693,7,2,4
mn-1-693-7-2-5,mn-693-7-2-5,1,693,7,2,5
mn-1-693-7-2-6,mn-693-7-2-6,1,693,7,2,6
mn-1-694-1-1-1,mn-694-1-1-1,1,694,1,1,1
mn-1-694-1-1-2,mn-694-1-1-2,1,694,1,1,2
mn-1-694-1-1-3,mn-694-1-1-3,1,694,1,1,3
mn-1-694-1-1-4,mn-694-1-1-4,1,694,1,1,4
mn-1-694-1-1-5,mn-694-1-1-5,1,694,1,1,5
mn-1-694-1-1-6,mn-694-1-1-6,1,694,1,1,6
mn-1-694-5-2-1,mn-694-5-2-1,1,694,5,2,1
mn-1-694-6-2-1,mn-694-6-2-1,1,694,6,2,1
mn-1-694-6-2-2,mn-694-6-2-2,1,694,6,2,2
mn-1-694-6-2-3,mn-694-6-2-3,1,694,6,2,3
mn-1-694-7-2-1,mn-694-7-2-1,1,694,7,2,1
mn-1-694-7-2-2,mn-694-7-2-2,1,694,7,2,2
mn-1-694-7-2-3,mn-694-7-2-3,1,694,7,2,3
mn-1-694-7-2-4,mn-694-7-2-4,1,694,7,2,4
mn-1-694-7-2-5,mn-694-7-2-5,1,694,7,2,5
mn-1-694-7-2-6,mn-694-7-2-6,1,694,7,2,6
mn-1-695-1-1-1,mn-695-1-1-1,1,695,1,1,1
mn-1-695-1-1-2,mn-695-1-1-2,1,695,1,1,2
mn-1-695-1-1-3,mn-695-1-1-3,1,695,1,1,3
mn-1-695-1-1-4,mn-695-1-1-4,1,695,1,1,4
mn-1-695-1-1-5,mn-695-1-1-5,1,695,1,1,5
mn-1-695-1-1-6,mn-695-1-1-6,1,695,1,1,6
mn-1-695-1-1-7,mn-695-1-1-7,1,695,1,1,7
mn-1-695-1-1-8,mn-695-1-1-8,1,695,1,1,8
mn-1-695-1-1-9,mn-695-1-1-9,1,695,1,1,9
mn-1-695-5-2-1,mn-695-5-2-1,1,695,5,2,1
mn-1-695-6-2-1,mn-695-6-2-1,1,695,6,2,1
mn-1-695-6-2-2,mn-695-6-2-2,1,695,6,2,2
mn-1-695-6-2-3,mn-695-6-2-3,1,695,6,2,3
mn-1-695-7-2-1,mn-695-7-2-1,1,695,7,2,1
mn-1-695-7-2-2,mn-695-7-2-2,1,695,7,2,2
mn-1-695-7-2-3,mn-695-7-2-3,1,695,7,2,3
mn-1-695-7-2-4,mn-695-7-2-4,1,695,7,2,4
mn-1-695-7-2-5,mn-695-7-2-5,1,695,7,2,5
mn-1-695-7-2-6,mn-695-7-2-6,1,695,7,2,6
mn-1-696-1-1-1,mn-696-1-1-1,1,696,1,1,1
mn-1-696-1-1-2,mn-696-1-1-2,1,696,1,1,2
mn-1-696-1-1-3,mn-696-1-1-3,1,696,1,1,3
mn-1-696-1-1-4,mn-696-1-1-4,1,696,1,1,4
mn-1-696-1-1-5,mn-696-1-1-5,1,696,1,1,5
mn-1-696-1-1-6,mn-696-1-1-6,1,696,1,1,6
mn-1-696-5-2-1,mn-696-5-2-1,1,696,5,2,1
mn-1-696-6-2-1,mn-696-6-2-1,1,696,6,2,1
mn-1-696-6-2-2,mn-696-6-2-2,1,696,6,2,2
mn-1-696-6-2-3,mn-696-6-2-3,1,696,6,2,3
mn-1-696-7-2-1,mn-696-7-2-1,1,696,7,2,1
mn-1-696-7-2-2,mn-696-7-2-2,1,696,7,2,2
mn-1-696-7-2-3,mn-696-7-2-3,1,696,7,2,3
mn-1-696-7-2-4,mn-696-7-2-4,1,696,7,2,4
mn-1-696-7-2-5,mn-696-7-2-5,1,696,7,2,5
mn-1-696-7-2-6,mn-696-7-2-6,1,696,7,2,6
mn-1-697-1-1-1,mn-697-1-1-1,1,697,1,1,1
mn-1-697-1-1-2,mn-697-1-1-2,1,697,1,1,2
mn-1-697-1-1-3,mn-697-1-1-3,1,697,1,1,3
mn-1-697-5-2-1,mn-697-5-2-1,1,697,5,2,1
mn-1-697-6-2-1,mn-697-6-2-1,1,697,6,2,1
mn-1-697-6-2-2,mn-697-6-2-2,1,697,6,2,2
mn-1-697-6-2-3,mn-697-6-2-3,1,697,6,2,3
mn-1-697-7-2-1,mn-697-7-2-1,1,697,7,2,1
mn-1-697-7-2-2,mn-697-7-2-2,1,697,7,2,2
mn-1-697-7-2-3,mn-697-7-2-3,1,697,7,2,3
mn-1-697-7-2-4,mn-697-7-2-4,1,697,7,2,4
mn-1-697-7-2-5,mn-697-7-2-5,1,697,7,2,5
mn-1-697-7-2-6,mn-697-7-2-6,1,697,7,2,6
mn-1-698-1-1-1,mn-698-1-1-1,1,698,1,1,1
mn-1-698-1-1-2,mn-698-1-1-2,1,698,1,1,2
mn-1-698-1-1-3,mn-698-1-1-3,1,698,1,1,3
mn-1-698-1-1-4,mn-698-1-1-4,1,698,1,1,4
mn-1-698-1-1-5,mn-698-1-1-5,1,698,1,1,5
mn-1-698-1-1-6,mn-698-1-1-6,1,698,1,1,6
mn-1-698-5-2-1,mn-698-5-2-1,1,698,5,2,1
mn-1-698-6-2-1,mn-698-6-2-1,1,698,6,2,1
mn-1-698-6-2-2,mn-698-6-2-2,1,698,6,2,2
mn-1-698-6-2-3,mn-698-6-2-3,1,698,6,2,3
mn-1-698-7-2-1,mn-698-7-2-1,1,698,7,2,1
mn-1-698-7-2-2,mn-698-7-2-2,1,698,7,2,2
mn-1-698-7-2-3,mn-698-7-2-3,1,698,7,2,3
mn-1-698-7-2-4,mn-698-7-2-4,1,698,7,2,4
mn-1-698-7-2-5,mn-698-7-2-5,1,698,7,2,5
mn-1-698-7-2-6,mn-698-7-2-6,1,698,7,2,6
mn-1-699-1-1-1,mn-699-1-1-1,1,699,1,1,1
mn-1-699-1-1-2,mn-699-1-1-2,1,699,1,1,2
mn-1-699-1-1-3,mn-699-1-1-3,1,699,1,1,3
mn-1-699-1-1-4,mn-699-1-1-4,1,699,1,1,4
mn-1-699-1-1-5,mn-699-1-1-5,1,699,1,1,5
mn-1-699-1-1-6,mn-699-1-1-6,1,699,1,1,6
mn-1-699-1-1-7,mn-699-1-1-7,1,699,1,1,7
mn-1-699-1-1-8,mn-699-1-1-8,1,699,1,1,8
mn-1-699-1-1-9,mn-699-1-1-9,1,699,1,1,9
mn-1-699-5-2-1,mn-699-5-2-1,1,699,5,2,1
mn-1-699-6-2-1,mn-699-6-2-1,1,699,6,2,1
mn-1-699-6-2-2,mn-699-6-2-2,1,699,6,2,2
mn-1-699-6-2-3,mn-699-6-2-3,1,699,6,2,3
mn-1-699-7-2-1,mn-699-7-2-1,1,699,7,2,1
mn-1-699-7-2-2,mn-699-7-2-2,1,699,7,2,2
mn-1-699-7-2-3,mn-699-7-2-3,1,699,7,2,3
mn-1-699-7-2-4,mn-699-7-2-4,1,699,7,2,4
mn-1-699-7-2-5,mn-699-7-2-5,1,699,7,2,5
mn-1-699-7-2-6,mn-699-7-2-6,1,699,7,2,6
mn-1-700-1-1-1,mn-700-1-1-1,1,700,1,1,1
mn-1-700-1-1-2,mn-700-1-1-2,1,700,1,1,2
mn-1-700-1-1-3,mn-700-1-1-3,1,700,1,1,3
mn-1-700-1-1-4,mn-700-1-1-4,1,700,1,1,4
mn-1-700-1-1-5,mn-700-1-1-5,1,700,1,1,5
mn-1-700-1-1-6,mn-700-1-1-6,1,700,1,1,6
mn-1-700-5-2-1,mn-700-5-2-1,1,700,5,2,1
mn-1-700-6-2-1,mn-700-6-2-1,1,700,6,2,1
mn-1-700-6-2-2,mn-700-6-2-2,1,700,6,2,2
mn-1-700-6-2-3,mn-700-6-2-3,1,700,6,2,3
mn-1-700-7-2-1,mn-700-7-2-1,1,700,7,2,1
mn-1-700-7-2-2,mn-700-7-2-2,1,700,7,2,2
mn-1-700-7-2-3,mn-700-7-2-3,1,700,7,2,3
mn-1-700-7-2-4,mn-700-7-2-4,1,700,7,2,4
mn-1-700-7-2-5,mn-700-7-2-5,1,700,7,2,5
mn-1-700-7-2-6,mn-700-7-2-6,1,700,7,2,6
mn-1-701-1-1-1,mn-701-1-1-1,1,701,1,1,1
mn-1-701-1-1-2,mn-701-1-1-2,1,701,1,1,2
mn-1-701-1-1-3,mn-701-1-1-3,1,701,1,1,3
mn-1-701-1-1-4,mn-701-1-1-4,1,701,1,1,4
mn-1-701-1-1-5,mn-701-1-1-5,1,701,1,1,5
mn-1-701-1-1-6,mn-701-1-1-6,1,701,1,1,6
mn-1-701-5-2-1,mn-701-5-2-1,1,701,5,2,1
mn-1-701-6-2-1,mn-701-6-2-1,1,701,6,2,1
mn-1-701-6-2-2,mn-701-6-2-2,1,701,6,2,2
mn-1-701-6-2-3,mn-701-6-2-3,1,701,6,2,3
mn-1-701-7-2-1,mn-701-7-2-1,1,701,7,2,1
mn-1-701-7-2-2,mn-701-7-2-2,1,701,7,2,2
mn-1-701-7-2-3,mn-701-7-2-3,1,701,7,2,3
mn-1-701-7-2-4,mn-701-7-2-4,1,701,7,2,4
mn-1-701-7-2-5,mn-701-7-2-5,1,701,7,2,5
mn-1-701-7-2-6,mn-701-7-2-6,1,701,7,2,6
mn-1-702-1-1-1,mn-702-1-1-1,1,702,1,1,1
mn-1-702-1-1-2,mn-702-1-1-2,1,702,1,1,2
mn-1-702-1-1-3,mn-702-1-1-3,1,702,1,1,3
mn-1-702-1-1-4,mn-702-1-1-4,1,702,1,1,4
mn-1-702-1-1-5,mn-702-1-1-5,1,702,1,1,5
mn-1-702-1-1-6,mn-702-1-1-6,1,702,1,1,6
mn-1-702-5-2-1,mn-702-5-2-1,1,702,5,2,1
mn-1-702-6-2-1,mn-702-6-2-1,1,702,6,2,1
mn-1-702-6-2-2,mn-702-6-2-2,1,702,6,2,2
mn-1-702-6-2-3,mn-702-6-2-3,1,702,6,2,3
mn-1-702-7-2-1,mn-702-7-2-1,1,702,7,2,1
mn-1-702-7-2-2,mn-702-7-2-2,1,702,7,2,2
mn-1-702-7-2-3,mn-702-7-2-3,1,702,7,2,3
mn-1-702-7-2-4,mn-702-7-2-4,1,702,7,2,4
mn-1-702-7-2-5,mn-702-7-2-5,1,702,7,2,5
mn-1-702-7-2-6,mn-702-7-2-6,1,702,7,2,6
mn-1-703-1-1-1,mn-703-1-1-1,1,703,1,1,1
mn-1-703-1-1-2,mn-703-1-1-2,1,703,1,1,2
mn-1-703-1-1-3,mn-703-1-1-3,1,703,1,1,3
mn-1-703-1-1-4,mn-703-1-1-4,1,703,1,1,4
mn-1-703-1-1-5,mn-703-1-1-5,1,703,1,1,5
mn-1-703-1-1-6,mn-703-1-1-6,1,703,1,1,6
mn-1-703-5-2-1,mn-703-5-2-1,1,703,5,2,1
mn-1-703-6-2-1,mn-703-6-2-1,1,703,6,2,1
mn-1-703-6-2-2,mn-703-6-2-2,1,703,6,2,2
mn-1-703-6-2-3,mn-703-6-2-3,1,703,6,2,3
mn-1-703-7-2-1,mn-703-7-2-1,1,703,7,2,1
mn-1-703-7-2-2,mn-703-7-2-2,1,703,7,2,2
mn-1-703-7-2-3,mn-703-7-2-3,1,703,7,2,3
mn-1-703-7-2-4,mn-703-7-2-4,1,703,7,2,4
mn-1-703-7-2-5,mn-703-7-2-5,1,703,7,2,5
mn-1-703-7-2-6,mn-703-7-2-6,1,703,7,2,6
mn-1-704-1-1-1,mn-704-1-1-1,1,704,1,1,1
mn-1-704-1-1-2,mn-704-1-1-2,1,704,1,1,2
mn-1-704-1-1-3,mn-704-1-1-3,1,704,1,1,3
mn-1-704-1-1-4,mn-704-1-1-4,1,704,1,1,4
mn-1-704-1-1-5,mn-704-1-1-5,1,704,1,1,5
mn-1-704-1-1-6,mn-704-1-1-6,1,704,1,1,6
mn-1-704-5-2-1,mn-704-5-2-1,1,704,5,2,1
mn-1-704-6-2-1,mn-704-6-2-1,1,704,6,2,1
mn-1-704-6-2-2,mn-704-6-2-2,1,704,6,2,2
mn-1-704-6-2-3,mn-704-6-2-3,1,704,6,2,3
mn-1-704-7-2-1,mn-704-7-2-1,1,704,7,2,1
mn-1-704-7-2-2,mn-704-7-2-2,1,704,7,2,2
mn-1-704-7-2-3,mn-704-7-2-3,1,704,7,2,3
mn-1-704-7-2-4,mn-704-7-2-4,1,704,7,2,4
mn-1-704-7-2-5,mn-704-7-2-5,1,704,7,2,5
mn-1-704-7-2-6,mn-704-7-2-6,1,704,7,2,6
mn-1-705-1-1-1,mn-705-1-1-1,1,705,1,1,1
mn-1-705-1-1-2,mn-705-1-1-2,1,705,1,1,2
mn-1-705-1-1-3,mn-705-1-1-3,1,705,1,1,3
mn-1-705-1-1-4,mn-705-1-1-4,1,705,1,1,4
mn-1-705-1-1-5,mn-705-1-1-5,1,705,1,1,5
mn-1-705-1-1-6,mn-705-1-1-6,1,705,1,1,6
mn-1-705-5-2-1,mn-705-5-2-1,1,705,5,2,1
mn-1-705-6-2-1,mn-705-6-2-1,1,705,6,2,1
mn-1-705-6-2-2,mn-705-6-2-2,1,705,6,2,2
mn-1-705-6-2-3,mn-705-6-2-3,1,705,6,2,3
mn-1-705-7-2-1,mn-705-7-2-1,1,705,7,2,1
mn-1-705-7-2-2,mn-705-7-2-2,1,705,7,2,2
mn-1-705-7-2-3,mn-705-7-2-3,1,705,7,2,3
mn-1-705-7-2-4,mn-705-7-2-4,1,705,7,2,4
mn-1-705-7-2-5,mn-705-7-2-5,1,705,7,2,5
mn-1-705-7-2-6,mn-705-7-2-6,1,705,7,2,6
mn-1-706-1-1-1,mn-706-1-1-1,1,706,1,1,1
mn-1-706-1-1-2,mn-706-1-1-2,1,706,1,1,2
mn-1-706-1-1-3,mn-706-1-1-3,1,706,1,1,3
mn-1-706-1-1-4,mn-706-1-1-4,1,706,1,1,4
mn-1-706-1-1-5,mn-706-1-1-5,1,706,1,1,5
mn-1-706-1-1-6,mn-706-1-1-6,1,706,1,1,6
mn-1-706-5-2-1,mn-706-5-2-1,1,706,5,2,1
mn-1-706-6-2-1,mn-706-6-2-1,1,706,6,2,1
mn-1-706-6-2-2,mn-706-6-2-2,1,706,6,2,2
mn-1-706-6-2-3,mn-706-6-2-3,1,706,6,2,3
mn-1-706-7-2-1,mn-706-7-2-1,1,706,7,2,1
mn-1-706-7-2-2,mn-706-7-2-2,1,706,7,2,2
mn-1-706-7-2-3,mn-706-7-2-3,1,706,7,2,3
mn-1-706-7-2-4,mn-706-7-2-4,1,706,7,2,4
mn-1-706-7-2-5,mn-706-7-2-5,1,706,7,2,5
mn-1-706-7-2-6,mn-706-7-2-6,1,706,7,2,6
mn-1-707-1-1-1,mn-707-1-1-1,1,707,1,1,1
mn-1-707-1-1-2,mn-707-1-1-2,1,707,1,1,2
mn-1-707-1-1-3,mn-707-1-1-3,1,707,1,1,3
mn-1-707-1-1-4,mn-707-1-1-4,1,707,1,1,4
mn-1-707-1-1-5,mn-707-1-1-5,1,707,1,1,5
mn-1-707-1-1-6,mn-707-1-1-6,1,707,1,1,6
mn-1-707-5-2-1,mn-707-5-2-1,1,707,5,2,1
mn-1-707-6-2-1,mn-707-6-2-1,1,707,6,2,1
mn-1-707-6-2-2,mn-707-6-2-2,1,707,6,2,2
mn-1-707-6-2-3,mn-707-6-2-3,1,707,6,2,3
mn-1-707-7-2-1,mn-707-7-2-1,1,707,7,2,1
mn-1-707-7-2-2,mn-707-7-2-2,1,707,7,2,2
mn-1-707-7-2-3,mn-707-7-2-3,1,707,7,2,3
mn-1-707-7-2-4,mn-707-7-2-4,1,707,7,2,4
mn-1-707-7-2-5,mn-707-7-2-5,1,707,7,2,5
mn-1-707-7-2-6,mn-707-7-2-6,1,707,7,2,6
mn-1-708-1-1-1,mn-708-1-1-1,1,708,1,1,1
mn-1-708-1-1-2,mn-708-1-1-2,1,708,1,1,2
mn-1-708-1-1-3,mn-708-1-1-3,1,708,1,1,3
mn-1-708-1-1-4,mn-708-1-1-4,1,708,1,1,4
mn-1-708-1-1-5,mn-708-1-1-5,1,708,1,1,5
mn-1-708-5-2-1,mn-708-5-2-1,1,708,5,2,1
mn-1-708-6-2-1,mn-708-6-2-1,1,708,6,2,1
mn-1-708-6-2-2,mn-708-6-2-2,1,708,6,2,2
mn-1-708-6-2-3,mn-708-6-2-3,1,708,6,2,3
mn-1-708-6-2-4,mn-708-6-2-4,1,708,6,2,4
mn-1-709-1-1-1,mn-709-1-1-1,1,709,1,1,1
mn-1-709-1-1-2,mn-709-1-1-2,1,709,1,1,2
mn-1-709-1-1-3,mn-709-1-1-3,1,709,1,1,3
mn-1-709-1-1-4,mn-709-1-1-4,1,709,1,1,4
mn-1-709-1-1-5,mn-709-1-1-5,1,709,1,1,5
mn-1-709-1-1-6,mn-709-1-1-6,1,709,1,1,6
mn-1-709-5-2-1,mn-709-5-2-1,1,709,5,2,1
mn-1-709-6-2-1,mn-709-6-2-1,1,709,6,2,1
mn-1-709-6-2-2,mn-709-6-2-2,1,709,6,2,2
mn-1-709-6-2-3,mn-709-6-2-3,1,709,6,2,3
mn-1-710-1-1-1,mn-710-1-1-1,1,710,1,1,1
mn-1-710-1-1-2,mn-710-1-1-2,1,710,1,1,2
mn-1-710-1-1-3,mn-710-1-1-3,1,710,1,1,3
mn-1-710-1-1-4,mn-710-1-1-4,1,710,1,1,4
mn-1-710-5-2-1,mn-710-5-2-1,1,710,5,2,1
mn-1-710-6-2-1,mn-710-6-2-1,1,710,6,2,1
mn-1-710-6-2-2,mn-710-6-2-2,1,710,6,2,2
mn-1-710-6-2-3,mn-710-6-2-3,1,710,6,2,3
mn-1-710-6-2-4,mn-710-6-2-4,1,710,6,2,4
mn-1-711-1-1-1,mn-711-1-1-1,1,711,1,1,1
mn-1-711-1-1-2,mn-711-1-1-2,1,711,1,1,2
mn-1-711-1-1-3,mn-711-1-1-3,1,711,1,1,3
mn-1-711-1-1-4,mn-711-1-1-4,1,711,1,1,4
mn-1-711-1-1-5,mn-711-1-1-5,1,711,1,1,5
mn-1-711-1-1-6,mn-711-1-1-6,1,711,1,1,6
mn-1-711-5-2-1,mn-711-5-2-1,1,711,5,2,1
mn-1-711-6-2-1,mn-711-6-2-1,1,711,6,2,1
mn-1-711-6-2-2,mn-711-6-2-2,1,711,6,2,2
mn-1-711-6-2-3,mn-711-6-2-3,1,711,6,2,3
mn-1-712-1-1-1,mn-712-1-1-1,1,712,1,1,1
mn-1-712-1-1-2,mn-712-1-1-2,1,712,1,1,2
mn-1-712-1-1-3,mn-712-1-1-3,1,712,1,1,3
mn-1-712-1-1-4,mn-712-1-1-4,1,712,1,1,4
mn-1-712-5-2-1,mn-712-5-2-1,1,712,5,2,1
mn-1-712-6-2-1,mn-712-6-2-1,1,712,6,2,1
mn-1-712-6-2-2,mn-712-6-2-2,1,712,6,2,2
mn-1-712-6-2-3,mn-712-6-2-3,1,712,6,2,3
mn-1-712-6-2-4,mn-712-6-2-4,1,712,6,2,4
mn-1-713-1-1-1,mn-713-1-1-1,1,713,1,1,1
mn-1-713-1-1-2,mn-713-1-1-2,1,713,1,1,2
mn-1-713-1-1-3,mn-713-1-1-3,1,713,1,1,3
mn-1-713-1-1-4,mn-713-1-1-4,1,713,1,1,4
mn-1-713-1-1-5,mn-713-1-1-5,1,713,1,1,5
mn-1-713-1-1-6,mn-713-1-1-6,1,713,1,1,6
mn-1-713-5-2-1,mn-713-5-2-1,1,713,5,2,1
mn-1-713-6-2-1,mn-713-6-2-1,1,713,6,2,1
mn-1-713-6-2-2,mn-713-6-2-2,1,713,6,2,2
mn-1-713-6-2-3,mn-713-6-2-3,1,713,6,2,3
mn-1-714-1-1-1,mn-714-1-1-1,1,714,1,1,1
mn-1-714-1-1-2,mn-714-1-1-2,1,714,1,1,2
mn-1-714-1-1-3,mn-714-1-1-3,1,714,1,1,3
mn-1-714-1-1-4,mn-714-1-1-4,1,714,1,1,4
mn-1-714-5-2-1,mn-714-5-2-1,1,714,5,2,1
mn-1-714-6-2-1,mn-714-6-2-1,1,714,6,2,1
mn-1-714-6-2-2,mn-714-6-2-2,1,714,6,2,2
mn-1-714-6-2-3,mn-714-6-2-3,1,714,6,2,3
mn-1-714-6-2-4,mn-714-6-2-4,1,714,6,2,4
mn-1-715-1-1-1,mn-715-1-1-1,1,715,1,1,1
mn-1-715-1-1-2,mn-715-1-1-2,1,715,1,1,2
mn-1-715-1-1-3,mn-715-1-1-3,1,715,1,1,3
mn-1-715-1-1-4,mn-715-1-1-4,1,715,1,1,4
mn-1-715-1-1-5,mn-715-1-1-5,1,715,1,1,5
mn-1-715-1-1-6,mn-715-1-1-6,1,715,1,1,6
mn-1-715-5-2-1,mn-715-5-2-1,1,715,5,2,1
mn-1-715-6-2-1,mn-715-6-2-1,1,715,6,2,1
mn-1-715-6-2-2,mn-715-6-2-2,1,715,6,2,2
mn-1-715-6-2-3,mn-715-6-2-3,1,715,6,2,3
mn-1-716-1-1-1,mn-716-1-1-1,1,716,1,1,1
mn-1-716-1-1-2,mn-716-1-1-2,1,716,1,1,2
mn-1-716-1-1-3,mn-716-1-1-3,1,716,1,1,3
mn-1-716-1-1-4,mn-716-1-1-4,1,716,1,1,4
mn-1-716-1-1-5,mn-716-1-1-5,1,716,1,1,5
mn-1-716-1-1-6,mn-716-1-1-6,1,716,1,1,6
mn-1-716-5-2-1,mn-716-5-2-1,1,716,5,2,1
mn-1-716-6-2-1,mn-716-6-2-1,1,716,6,2,1
mn-1-716-6-2-2,mn-716-6-2-2,1,716,6,2,2
mn-1-716-6-2-3,mn-716-6-2-3,1,716,6,2,3
mn-1-716-6-2-4,mn-716-6-2-4,1,716,6,2,4
mn-1-716-6-2-5,mn-716-6-2-5,1,716,6,2,5
mn-1-716-6-2-6,mn-716-6-2-6,1,716,6,2,6
mn-1-717-1-1-1,mn-717-1-1-1,1,717,1,1,1
mn-1-717-1-1-2,mn-717-1-1-2,1,717,1,1,2
mn-1-717-1-1-3,mn-717-1-1-3,1,717,1,1,3
mn-1-717-1-1-4,mn-717-1-1-4,1,717,1,1,4
mn-1-717-1-1-5,mn-717-1-1-5,1,717,1,1,5
mn-1-717-1-1-6,mn-717-1-1-6,1,717,1,1,6
mn-1-717-5-2-1,mn-717-5-2-1,1,717,5,2,1
mn-1-717-6-2-1,mn-717-6-2-1,1,717,6,2,1
mn-1-717-6-2-2,mn-717-6-2-2,1,717,6,2,2
mn-1-718-1-1-1,mn-718-1-1-1,1,718,1,1,1
mn-1-718-1-1-2,mn-718-1-1-2,1,718,1,1,2
mn-1-718-1-1-3,mn-718-1-1-3,1,718,1,1,3
mn-1-718-1-1-4,mn-718-1-1-4,1,718,1,1,4
mn-1-718-1-1-5,mn-718-1-1-5,1,718,1,1,5
mn-1-718-5-2-1,mn-718-5-2-1,1,718,5,2,1
mn-1-718-6-2-1,mn-718-6-2-1,1,718,6,2,1
mn-1-718-6-2-2,mn-718-6-2-2,1,718,6,2,2
mn-1-718-6-2-3,mn-718-6-2-3,1,718,6,2,3
mn-1-719-1-1-1,mn-719-1-1-1,1,719,1,1,1
mn-1-719-1-1-2,mn-719-1-1-2,1,719,1,1,2
mn-1-719-1-1-3,mn-719-1-1-3,1,719,1,1,3
mn-1-719-1-1-4,mn-719-1-1-4,1,719,1,1,4
mn-1-719-5-2-1,mn-719-5-2-1,1,719,5,2,1
mn-1-719-6-2-1,mn-719-6-2-1,1,719,6,2,1
mn-1-719-6-2-2,mn-719-6-2-2,1,719,6,2,2
mn-1-719-6-2-3,mn-719-6-2-3,1,719,6,2,3
mn-1-719-6-2-4,mn-719-6-2-4,1,719,6,2,4
mn-1-720-1-1-1,mn-720-1-1-1,1,720,1,1,1
mn-1-720-1-1-2,mn-720-1-1-2,1,720,1,1,2
mn-1-720-1-1-3,mn-720-1-1-3,1,720,1,1,3
mn-1-720-1-1-4,mn-720-1-1-4,1,720,1,1,4
mn-1-720-1-1-5,mn-720-1-1-5,1,720,1,1,5
mn-1-720-1-1-6,mn-720-1-1-6,1,720,1,1,6
mn-1-720-5-2-1,mn-720-5-2-1,1,720,5,2,1
mn-1-720-6-2-1,mn-720-6-2-1,1,720,6,2,1
mn-1-720-6-2-2,mn-720-6-2-2,1,720,6,2,2
mn-1-720-6-2-3,mn-720-6-2-3,1,720,6,2,3
mn-1-720-6-2-4,mn-720-6-2-4,1,720,6,2,4
mn-1-720-6-2-5,mn-720-6-2-5,1,720,6,2,5
mn-1-720-6-2-6,mn-720-6-2-6,1,720,6,2,6
mn-1-721-1-1-1,mn-721-1-1-1,1,721,1,1,1
mn-1-721-1-1-2,mn-721-1-1-2,1,721,1,1,2
mn-1-721-1-1-3,mn-721-1-1-3,1,721,1,1,3
mn-1-721-1-1-4,mn-721-1-1-4,1,721,1,1,4
mn-1-721-1-1-5,mn-721-1-1-5,1,721,1,1,5
mn-1-721-1-1-6,mn-721-1-1-6,1,721,1,1,6
mn-1-721-5-2-1,mn-721-5-2-1,1,721,5,2,1
mn-1-721-6-2-1,mn-721-6-2-1,1,721,6,2,1
mn-1-721-6-2-2,mn-721-6-2-2,1,721,6,2,2
mn-1-722-1-1-1,mn-722-1-1-1,1,722,1,1,1
mn-1-722-1-1-2,mn-722-1-1-2,1,722,1,1,2
mn-1-722-1-1-3,mn-722-1-1-3,1,722,1,1,3
mn-1-722-1-1-4,mn-722-1-1-4,1,722,1,1,4
mn-1-722-1-1-5,mn-722-1-1-5,1,722,1,1,5
mn-1-722-5-2-1,mn-722-5-2-1,1,722,5,2,1
mn-1-722-6-2-1,mn-722-6-2-1,1,722,6,2,1
mn-1-722-6-2-2,mn-722-6-2-2,1,722,6,2,2
mn-1-722-6-2-3,mn-722-6-2-3,1,722,6,2,3
mn-1-723-1-1-1,mn-723-1-1-1,1,723,1,1,1
mn-1-723-1-1-2,mn-723-1-1-2,1,723,1,1,2
mn-1-723-1-1-3,mn-723-1-1-3,1,723,1,1,3
mn-1-723-1-1-4,mn-723-1-1-4,1,723,1,1,4
mn-1-723-5-2-1,mn-723-5-2-1,1,723,5,2,1
mn-1-723-6-2-1,mn-723-6-2-1,1,723,6,2,1
mn-1-723-6-2-2,mn-723-6-2-2,1,723,6,2,2
mn-1-723-6-2-3,mn-723-6-2-3,1,723,6,2,3
mn-1-723-6-2-4,mn-723-6-2-4,1,723,6,2,4
mn-1-724-1-1-1,mn-724-1-1-1,1,724,1,1,1
mn-1-724-1-1-2,mn-724-1-1-2,1,724,1,1,2
mn-1-724-1-1-3,mn-724-1-1-3,1,724,1,1,3
mn-1-724-1-1-4,mn-724-1-1-4,1,724,1,1,4
mn-1-724-1-1-5,mn-724-1-1-5,1,724,1,1,5
mn-1-724-1-1-6,mn-724-1-1-6,1,724,1,1,6
mn-1-724-5-2-1,mn-724-5-2-1,1,724,5,2,1
mn-1-724-6-2-1,mn-724-6-2-1,1,724,6,2,1
mn-1-724-6-2-2,mn-724-6-2-2,1,724,6,2,2
mn-1-724-6-2-3,mn-724-6-2-3,1,724,6,2,3
mn-1-724-6-2-4,mn-724-6-2-4,1,724,6,2,4
mn-1-724-6-2-5,mn-724-6-2-5,1,724,6,2,5
mn-1-725-1-1-1,mn-725-1-1-1,1,725,1,1,1
mn-1-725-1-1-2,mn-725-1-1-2,1,725,1,1,2
mn-1-725-1-1-3,mn-725-1-1-3,1,725,1,1,3
mn-1-725-1-1-4,mn-725-1-1-4,1,725,1,1,4
mn-1-725-1-1-5,mn-725-1-1-5,1,725,1,1,5
mn-1-725-1-1-6,mn-725-1-1-6,1,725,1,1,6
mn-1-725-5-2-1,mn-725-5-2-1,1,725,5,2,1
mn-1-725-6-2-1,mn-725-6-2-1,1,725,6,2,1
mn-1-725-6-2-2,mn-725-6-2-2,1,725,6,2,2
mn-1-725-6-2-3,mn-725-6-2-3,1,725,6,2,3
mn-1-725-6-2-4,mn-725-6-2-4,1,725,6,2,4
mn-1-725-6-2-5,mn-725-6-2-5,1,725,6,2,5
mn-1-726-1-1-1,mn-726-1-1-1,1,726,1,1,1
mn-1-726-1-1-2,mn-726-1-1-2,1,726,1,1,2
mn-1-726-1-1-3,mn-726-1-1-3,1,726,1,1,3
mn-1-726-1-1-4,mn-726-1-1-4,1,726,1,1,4
mn-1-726-1-1-5,mn-726-1-1-5,1,726,1,1,5
mn-1-726-1-1-6,mn-726-1-1-6,1,726,1,1,6
mn-1-726-5-2-1,mn-726-5-2-1,1,726,5,2,1
mn-1-726-6-2-1,mn-726-6-2-1,1,726,6,2,1
mn-1-726-6-2-2,mn-726-6-2-2,1,726,6,2,2
mn-1-726-6-2-3,mn-726-6-2-3,1,726,6,2,3
mn-1-726-6-2-4,mn-726-6-2-4,1,726,6,2,4
mn-1-726-6-2-5,mn-726-6-2-5,1,726,6,2,5
mn-1-727-1-1-1,mn-727-1-1-1,1,727,1,1,1
mn-1-727-1-1-2,mn-727-1-1-2,1,727,1,1,2
mn-1-727-1-1-3,mn-727-1-1-3,1,727,1,1,3
mn-1-727-1-1-4,mn-727-1-1-4,1,727,1,1,4
mn-1-727-1-1-5,mn-727-1-1-5,1,727,1,1,5
mn-1-727-1-1-6,mn-727-1-1-6,1,727,1,1,6
mn-1-727-5-2-1,mn-727-5-2-1,1,727,5,2,1
mn-1-727-6-2-1,mn-727-6-2-1,1,727,6,2,1
mn-1-727-6-2-2,mn-727-6-2-2,1,727,6,2,2
mn-1-727-6-2-3,mn-727-6-2-3,1,727,6,2,3
mn-1-727-6-2-4,mn-727-6-2-4,1,727,6,2,4
mn-1-727-6-2-5,mn-727-6-2-5,1,727,6,2,5
mn-1-728-1-1-1,mn-728-1-1-1,1,728,1,1,1
mn-1-728-1-1-2,mn-728-1-1-2,1,728,1,1,2
mn-1-728-1-1-3,mn-728-1-1-3,1,728,1,1,3
mn-1-728-1-1-4,mn-728-1-1-4,1,728,1,1,4
mn-1-728-1-1-5,mn-728-1-1-5,1,728,1,1,5
mn-1-728-1-1-6,mn-728-1-1-6,1,728,1,1,6
mn-1-728-5-2-1,mn-728-5-2-1,1,728,5,2,1
mn-1-728-6-2-1,mn-728-6-2-1,1,728,6,2,1
mn-1-728-6-2-2,mn-728-6-2-2,1,728,6,2,2
mn-1-728-6-2-3,mn-728-6-2-3,1,728,6,2,3
mn-1-728-6-2-4,mn-728-6-2-4,1,728,6,2,4
mn-1-728-6-2-5,mn-728-6-2-5,1,728,6,2,5
mn-1-729-1-1-1,mn-729-1-1-1,1,729,1,1,1
mn-1-729-1-1-2,mn-729-1-1-2,1,729,1,1,2
mn-1-729-1-1-3,mn-729-1-1-3,1,729,1,1,3
mn-1-729-1-1-4,mn-729-1-1-4,1,729,1,1,4
mn-1-729-1-1-5,mn-729-1-1-5,1,729,1,1,5
mn-1-729-1-1-6,mn-729-1-1-6,1,729,1,1,6
mn-1-729-5-2-1,mn-729-5-2-1,1,729,5,2,1
mn-1-729-6-2-1,mn-729-6-2-1,1,729,6,2,1
mn-1-729-6-2-2,mn-729-6-2-2,1,729,6,2,2
mn-1-729-6-2-3,mn-729-6-2-3,1,729,6,2,3
mn-1-729-6-2-4,mn-729-6-2-4,1,729,6,2,4
mn-1-729-6-2-5,mn-729-6-2-5,1,729,6,2,5
mn-1-730-1-1-1,mn-730-1-1-1,1,730,1,1,1
mn-1-730-1-1-2,mn-730-1-1-2,1,730,1,1,2
mn-1-730-1-1-3,mn-730-1-1-3,1,730,1,1,3
mn-1-730-1-1-4,mn-730-1-1-4,1,730,1,1,4
mn-1-730-1-1-5,mn-730-1-1-5,1,730,1,1,5
mn-1-730-1-1-6,mn-730-1-1-6,1,730,1,1,6
mn-1-730-5-2-1,mn-730-5-2-1,1,730,5,2,1
mn-1-730-6-2-1,mn-730-6-2-1,1,730,6,2,1
mn-1-730-6-2-2,mn-730-6-2-2,1,730,6,2,2
mn-1-730-6-2-3,mn-730-6-2-3,1,730,6,2,3
mn-1-730-6-2-4,mn-730-6-2-4,1,730,6,2,4
mn-1-730-6-2-5,mn-730-6-2-5,1,730,6,2,5
mn-1-731-1-1-1,mn-731-1-1-1,1,731,1,1,1
mn-1-731-1-1-2,mn-731-1-1-2,1,731,1,1,2
mn-1-731-1-1-3,mn-731-1-1-3,1,731,1,1,3
mn-1-731-1-1-4,mn-731-1-1-4,1,731,1,1,4
mn-1-731-1-1-5,mn-731-1-1-5,1,731,1,1,5
mn-1-731-1-1-6,mn-731-1-1-6,1,731,1,1,6
mn-1-731-5-2-1,mn-731-5-2-1,1,731,5,2,1
mn-1-731-6-2-1,mn-731-6-2-1,1,731,6,2,1
mn-1-731-6-2-2,mn-731-6-2-2,1,731,6,2,2
mn-1-731-6-2-3,mn-731-6-2-3,1,731,6,2,3
mn-1-731-6-2-4,mn-731-6-2-4,1,731,6,2,4
mn-1-731-6-2-5,mn-731-6-2-5,1,731,6,2,5
mn-1-732-1-1-1,mn-732-1-1-1,1,732,1,1,1
mn-1-732-1-1-2,mn-732-1-1-2,1,732,1,1,2
mn-1-732-1-1-3,mn-732-1-1-3,1,732,1,1,3
mn-1-732-1-1-4,mn-732-1-1-4,1,732,1,1,4
mn-1-732-1-1-5,mn-732-1-1-5,1,732,1,1,5
mn-1-732-1-1-6,mn-732-1-1-6,1,732,1,1,6
mn-1-732-1-1-7,mn-732-1-1-7,1,732,1,1,7
mn-1-732-1-1-8,mn-732-1-1-8,1,732,1,1,8
mn-1-732-5-2-1,mn-732-5-2-1,1,732,5,2,1
mn-1-732-6-2-1,mn-732-6-2-1,1,732,6,2,1
mn-1-732-6-2-2,mn-732-6-2-2,1,732,6,2,2
mn-1-732-6-2-3,mn-732-6-2-3,1,732,6,2,3
mn-1-732-6-2-4,mn-732-6-2-4,1,732,6,2,4
mn-1-732-6-2-5,mn-732-6-2-5,1,732,6,2,5
mn-1-732-6-2-6,mn-732-6-2-6,1,732,6,2,6
mn-1-732-6-2-7,mn-732-6-2-7,1,732,6,2,7
mn-1-732-6-2-8,mn-732-6-2-8,1,732,6,2,8
mn-1-733-1-1-1,mn-733-1-1-1,1,733,1,1,1
mn-1-733-1-1-2,mn-733-1-1-2,1,733,1,1,2
mn-1-733-1-1-3,mn-733-1-1-3,1,733,1,1,3
mn-1-733-1-1-4,mn-733-1-1-4,1,733,1,1,4
mn-1-733-1-1-5,mn-733-1-1-5,1,733,1,1,5
mn-1-733-5-2-1,mn-733-5-2-1,1,733,5,2,1
mn-1-733-6-2-1,mn-733-6-2-1,1,733,6,2,1
mn-1-733-6-2-2,mn-733-6-2-2,1,733,6,2,2
mn-1-733-6-2-3,mn-733-6-2-3,1,733,6,2,3
mn-1-733-6-2-4,mn-733-6-2-4,1,733,6,2,4
mn-1-733-6-2-5,mn-733-6-2-5,1,733,6,2,5
mn-1-734-1-1-1,mn-734-1-1-1,1,734,1,1,1
mn-1-734-1-1-2,mn-734-1-1-2,1,734,1,1,2
mn-1-734-1-1-3,mn-734-1-1-3,1,734,1,1,3
mn-1-734-1-1-4,mn-734-1-1-4,1,734,1,1,4
mn-1-734-1-1-5,mn-734-1-1-5,1,734,1,1,5
mn-1-734-5-2-1,mn-734-5-2-1,1,734,5,2,1
mn-1-734-6-2-1,mn-734-6-2-1,1,734,6,2,1
mn-1-734-6-2-2,mn-734-6-2-2,1,734,6,2,2
mn-1-734-6-2-3,mn-734-6-2-3,1,734,6,2,3
mn-1-734-6-2-4,mn-734-6-2-4,1,734,6,2,4
mn-1-734-6-2-5,mn-734-6-2-5,1,734,6,2,5
mn-1-735-1-1-1,mn-735-1-1-1,1,735,1,1,1
mn-1-735-1-1-2,mn-735-1-1-2,1,735,1,1,2
mn-1-735-1-1-3,mn-735-1-1-3,1,735,1,1,3
mn-1-735-5-2-1,mn-735-5-2-1,1,735,5,2,1
mn-1-735-6-2-1,mn-735-6-2-1,1,735,6,2,1
mn-1-735-6-2-2,mn-735-6-2-2,1,735,6,2,2
mn-1-735-6-2-3,mn-735-6-2-3,1,735,6,2,3
mn-1-736-1-1-1,mn-736-1-1-1,1,736,1,1,1
mn-1-736-1-1-2,mn-736-1-1-2,1,736,1,1,2
mn-1-736-1-1-3,mn-736-1-1-3,1,736,1,1,3
mn-1-736-5-2-1,mn-736-5-2-1,1,736,5,2,1
mn-1-736-6-2-1,mn-736-6-2-1,1,736,6,2,1
mn-1-736-6-2-2,mn-736-6-2-2,1,736,6,2,2
mn-1-736-6-2-3,mn-736-6-2-3,1,736,6,2,3
mn-1-736-6-2-4,mn-736-6-2-4,1,736,6,2,4
mn-1-737-1-1-1,mn-737-1-1-1,1,737,1,1,1
mn-1-737-1-1-2,mn-737-1-1-2,1,737,1,1,2
mn-1-737-1-1-3,mn-737-1-1-3,1,737,1,1,3
mn-1-737-5-2-1,mn-737-5-2-1,1,737,5,2,1
mn-1-737-6-2-1,mn-737-6-2-1,1,737,6,2,1
mn-1-737-6-2-2,mn-737-6-2-2,1,737,6,2,2
mn-1-737-6-2-3,mn-737-6-2-3,1,737,6,2,3
mn-1-738-1-1-1,mn-738-1-1-1,1,738,1,1,1
mn-1-738-1-1-2,mn-738-1-1-2,1,738,1,1,2
mn-1-738-1-1-3,mn-738-1-1-3,1,738,1,1,3
mn-1-738-1-1-4,mn-738-1-1-4,1,738,1,1,4
mn-1-738-1-1-5,mn-738-1-1-5,1,738,1,1,5
mn-1-738-1-1-6,mn-738-1-1-6,1,738,1,1,6
mn-1-738-1-1-7,mn-738-1-1-7,1,738,1,1,7
mn-1-738-1-1-8,mn-738-1-1-8,1,738,1,1,8
mn-1-738-1-1-9,mn-738-1-1-9,1,738,1,1,9
mn-1-738-5-2-1,mn-738-5-2-1,1,738,5,2,1
mn-1-738-6-2-1,mn-738-6-2-1,1,738,6,2,1
mn-1-738-6-2-2,mn-738-6-2-2,1,738,6,2,2
mn-1-738-6-2-3,mn-738-6-2-3,1,738,6,2,3
mn-1-738-6-2-4,mn-738-6-2-4,1,738,6,2,4
mn-1-738-6-2-5,mn-738-6-2-5,1,738,6,2,5
mn-1-738-6-2-6,mn-738-6-2-6,1,738,6,2,6
mn-1-738-6-2-7,mn-738-6-2-7,1,738,6,2,7
mn-1-738-6-2-8,mn-738-6-2-8,1,738,6,2,8
mn-1-738-6-2-9,mn-738-6-2-9,1,738,6,2,9
mn-1-739-1-1-1,mn-739-1-1-1,1,739,1,1,1
mn-1-739-1-1-2,mn-739-1-1-2,1,739,1,1,2
mn-1-739-1-1-3,mn-739-1-1-3,1,739,1,1,3
mn-1-739-1-1-4,mn-739-1-1-4,1,739,1,1,4
mn-1-739-1-1-5,mn-739-1-1-5,1,739,1,1,5
mn-1-739-1-1-6,mn-739-1-1-6,1,739,1,1,6
mn-1-739-1-1-7,mn-739-1-1-7,1,739,1,1,7
mn-1-739-1-1-8,mn-739-1-1-8,1,739,1,1,8
mn-1-739-1-1-9,mn-739-1-1-9,1,739,1,1,9
mn-1-739-5-2-1,mn-739-5-2-1,1,739,5,2,1
mn-1-739-6-2-1,mn-739-6-2-1,1,739,6,2,1
mn-1-739-6-2-2,mn-739-6-2-2,1,739,6,2,2
mn-1-739-6-2-3,mn-739-6-2-3,1,739,6,2,3
mn-1-739-6-2-4,mn-739-6-2-4,1,739,6,2,4
mn-1-739-6-2-5,mn-739-6-2-5,1,739,6,2,5
mn-1-739-6-2-6,mn-739-6-2-6,1,739,6,2,6
mn-1-739-6-2-7,mn-739-6-2-7,1,739,6,2,7
mn-1-739-6-2-8,mn-739-6-2-8,1,739,6,2,8
mn-1-739-6-2-9,mn-739-6-2-9,1,739,6,2,9
mn-1-740-1-1-1,mn-740-1-1-1,1,740,1,1,1
mn-1-740-1-1-2,mn-740-1-1-2,1,740,1,1,2
mn-1-740-1-1-3,mn-740-1-1-3,1,740,1,1,3
mn-1-740-1-1-4,mn-740-1-1-4,1,740,1,1,4
mn-1-740-1-1-5,mn-740-1-1-5,1,740,1,1,5
mn-1-740-1-1-6,mn-740-1-1-6,1,740,1,1,6
mn-1-740-1-1-7,mn-740-1-1-7,1,740,1,1,7
mn-1-740-1-1-8,mn-740-1-1-8,1,740,1,1,8
mn-1-740-5-2-1,mn-740-5-2-1,1,740,5,2,1
mn-1-740-6-2-1,mn-740-6-2-1,1,740,6,2,1
mn-1-740-6-2-2,mn-740-6-2-2,1,740,6,2,2
mn-1-740-6-2-3,mn-740-6-2-3,1,740,6,2,3
mn-1-740-6-2-4,mn-740-6-2-4,1,740,6,2,4
mn-1-740-6-2-5,mn-740-6-2-5,1,740,6,2,5
mn-1-740-6-2-6,mn-740-6-2-6,1,740,6,2,6
mn-1-740-6-2-7,mn-740-6-2-7,1,740,6,2,7
mn-1-740-6-2-8,mn-740-6-2-8,1,740,6,2,8
mn-1-741-1-1-1,mn-741-1-1-1,1,741,1,1,1
mn-1-741-1-1-2,mn-741-1-1-2,1,741,1,1,2
mn-1-741-1-1-3,mn-741-1-1-3,1,741,1,1,3
mn-1-741-1-1-4,mn-741-1-1-4,1,741,1,1,4
mn-1-741-1-1-5,mn-741-1-1-5,1,741,1,1,5
mn-1-741-5-2-1,mn-741-5-2-1,1,741,5,2,1
mn-1-741-6-2-1,mn-741-6-2-1,1,741,6,2,1
mn-1-741-6-2-2,mn-741-6-2-2,1,741,6,2,2
mn-1-741-6-2-3,mn-741-6-2-3,1,741,6,2,3
mn-1-741-6-2-4,mn-741-6-2-4,1,741,6,2,4
mn-1-741-6-2-5,mn-741-6-2-5,1,741,6,2,5
mn-1-742-1-1-1,mn-742-1-1-1,1,742,1,1,1
mn-1-742-1-1-2,mn-742-1-1-2,1,742,1,1,2
mn-1-742-1-1-3,mn-742-1-1-3,1,742,1,1,3
mn-1-742-1-1-4,mn-742-1-1-4,1,742,1,1,4
mn-1-742-1-1-5,mn-742-1-1-5,1,742,1,1,5
mn-1-742-5-2-1,mn-742-5-2-1,1,742,5,2,1
mn-1-742-6-2-1,mn-742-6-2-1,1,742,6,2,1
mn-1-742-6-2-2,mn-742-6-2-2,1,742,6,2,2
mn-1-742-6-2-3,mn-742-6-2-3,1,742,6,2,3
mn-1-742-6-2-4,mn-742-6-2-4,1,742,6,2,4
mn-1-742-6-2-5,mn-742-6-2-5,1,742,6,2,5
mn-1-743-1-1-1,mn-743-1-1-1,1,743,1,1,1
mn-1-743-1-1-2,mn-743-1-1-2,1,743,1,1,2
mn-1-743-1-1-3,mn-743-1-1-3,1,743,1,1,3
mn-1-743-5-2-1,mn-743-5-2-1,1,743,5,2,1
mn-1-743-6-2-1,mn-743-6-2-1,1,743,6,2,1
mn-1-743-6-2-2,mn-743-6-2-2,1,743,6,2,2
mn-1-743-6-2-3,mn-743-6-2-3,1,743,6,2,3
mn-1-744-1-1-1,mn-744-1-1-1,1,744,1,1,1
mn-1-744-1-1-2,mn-744-1-1-2,1,744,1,1,2
mn-1-744-1-1-3,mn-744-1-1-3,1,744,1,1,3
mn-1-744-5-2-1,mn-744-5-2-1,1,744,5,2,1
mn-1-744-6-2-1,mn-744-6-2-1,1,744,6,2,1
mn-1-744-6-2-2,mn-744-6-2-2,1,744,6,2,2
mn-1-744-6-2-3,mn-744-6-2-3,1,744,6,2,3
mn-1-744-6-2-4,mn-744-6-2-4,1,744,6,2,4
mn-1-745-1-1-1,mn-745-1-1-1,1,745,1,1,1
mn-1-745-1-1-2,mn-745-1-1-2,1,745,1,1,2
mn-1-745-1-1-3,mn-745-1-1-3,1,745,1,1,3
mn-1-745-5-2-1,mn-745-5-2-1,1,745,5,2,1
mn-1-745-6-2-1,mn-745-6-2-1,1,745,6,2,1
mn-1-745-6-2-2,mn-745-6-2-2,1,745,6,2,2
mn-1-745-6-2-3,mn-745-6-2-3,1,745,6,2,3
mn-1-746-1-1-1,mn-746-1-1-1,1,746,1,1,1
mn-1-746-1-1-2,mn-746-1-1-2,1,746,1,1,2
mn-1-746-1-1-3,mn-746-1-1-3,1,746,1,1,3
mn-1-746-1-1-4,mn-746-1-1-4,1,746,1,1,4
mn-1-746-1-1-5,mn-746-1-1-5,1,746,1,1,5
mn-1-746-1-1-6,mn-746-1-1-6,1,746,1,1,6
mn-1-746-1-1-7,mn-746-1-1-7,1,746,1,1,7
mn-1-746-1-1-8,mn-746-1-1-8,1,746,1,1,8
mn-1-746-1-1-9,mn-746-1-1-9,1,746,1,1,9
mn-1-746-5-2-1,mn-746-5-2-1,1,746,5,2,1
mn-1-746-6-2-1,mn-746-6-2-1,1,746,6,2,1
mn-1-746-6-2-2,mn-746-6-2-2,1,746,6,2,2
mn-1-746-6-2-3,mn-746-6-2-3,1,746,6,2,3
mn-1-746-6-2-4,mn-746-6-2-4,1,746,6,2,4
mn-1-746-6-2-5,mn-746-6-2-5,1,746,6,2,5
mn-1-746-6-2-6,mn-746-6-2-6,1,746,6,2,6
mn-1-746-6-2-7,mn-746-6-2-7,1,746,6,2,7
mn-1-746-6-2-8,mn-746-6-2-8,1,746,6,2,8
mn-1-746-6-2-9,mn-746-6-2-9,1,746,6,2,9
mn-1-747-1-1-1,mn-747-1-1-1,1,747,1,1,1
mn-1-747-1-1-2,mn-747-1-1-2,1,747,1,1,2
mn-1-747-1-1-3,mn-747-1-1-3,1,747,1,1,3
mn-1-747-1-1-4,mn-747-1-1-4,1,747,1,1,4
mn-1-747-1-1-5,mn-747-1-1-5,1,747,1,1,5
mn-1-747-1-1-6,mn-747-1-1-6,1,747,1,1,6
mn-1-747-1-1-7,mn-747-1-1-7,1,747,1,1,7
mn-1-747-1-1-8,mn-747-1-1-8,1,747,1,1,8
mn-1-747-1-1-9,mn-747-1-1-9,1,747,1,1,9
mn-1-747-5-2-1,mn-747-5-2-1,1,747,5,2,1
mn-1-747-6-2-1,mn-747-6-2-1,1,747,6,2,1
mn-1-747-6-2-2,mn-747-6-2-2,1,747,6,2,2
mn-1-747-6-2-3,mn-747-6-2-3,1,747,6,2,3
mn-1-747-6-2-4,mn-747-6-2-4,1,747,6,2,4
mn-1-747-6-2-5,mn-747-6-2-5,1,747,6,2,5
mn-1-747-6-2-6,mn-747-6-2-6,1,747,6,2,6
mn-1-747-6-2-7,mn-747-6-2-7,1,747,6,2,7
mn-1-747-6-2-8,mn-747-6-2-8,1,747,6,2,8
mn-1-747-6-2-9,mn-747-6-2-9,1,747,6,2,9
mn-1-748-1-1-1,mn-748-1-1-1,1,748,1,1,1
mn-1-748-1-1-2,mn-748-1-1-2,1,748,1,1,2
mn-1-748-2-1-1,mn-748-2-1-1,1,748,2,1,1
mn-1-748-2-1-2,mn-748-2-1-2,1,748,2,1,2
mn-1-748-5-2-1,mn-748-5-2-1,1,748,5,2,1
mn-1-748-6-2-1,mn-748-6-2-1,1,748,6,2,1
mn-1-748-6-2-2,mn-748-6-2-2,1,748,6,2,2
mn-1-748-7-2-1,mn-748-7-2-1,1,748,7,2,1
mn-1-748-7-2-2,mn-748-7-2-2,1,748,7,2,2
mn-1-749-1-1-1,mn-749-1-1-1,1,749,1,1,1
mn-1-749-1-1-2,mn-749-1-1-2,1,749,1,1,2
mn-1-749-2-1-1,mn-749-2-1-1,1,749,2,1,1
mn-1-749-2-1-2,mn-749-2-1-2,1,749,2,1,2
mn-1-749-5-2-1,mn-749-5-2-1,1,749,5,2,1
mn-1-749-6-2-1,mn-749-6-2-1,1,749,6,2,1
mn-1-749-6-2-2,mn-749-6-2-2,1,749,6,2,2
mn-1-749-7-2-1,mn-749-7-2-1,1,749,7,2,1
mn-1-749-7-2-2,mn-749-7-2-2,1,749,7,2,2
mn-1-750-1-1-1,mn-750-1-1-1,1,750,1,1,1
mn-1-750-1-1-2,mn-750-1-1-2,1,750,1,1,2
mn-1-750-2-1-1,mn-750-2-1-1,1,750,2,1,1
mn-1-750-2-1-2,mn-750-2-1-2,1,750,2,1,2
mn-1-750-5-2-1,mn-750-5-2-1,1,750,5,2,1
mn-1-750-6-2-1,mn-750-6-2-1,1,750,6,2,1
mn-1-750-6-2-2,mn-750-6-2-2,1,750,6,2,2
mn-1-750-7-2-1,mn-750-7-2-1,1,750,7,2,1
mn-1-750-7-2-2,mn-750-7-2-2,1,750,7,2,2
mn-1-751-1-1-1,mn-751-1-1-1,1,751,1,1,1
mn-1-751-1-1-2,mn-751-1-1-2,1,751,1,1,2
mn-1-751-2-1-1,mn-751-2-1-1,1,751,2,1,1
mn-1-751-2-1-2,mn-751-2-1-2,1,751,2,1,2
mn-1-751-5-2-1,mn-751-5-2-1,1,751,5,2,1
mn-1-751-6-2-1,mn-751-6-2-1,1,751,6,2,1
mn-1-751-6-2-2,mn-751-6-2-2,1,751,6,2,2
mn-1-751-7-2-1,mn-751-7-2-1,1,751,7,2,1
mn-1-751-7-2-2,mn-751-7-2-2,1,751,7,2,2
mn-1-752-1-1-1,mn-752-1-1-1,1,752,1,1,1
mn-1-752-1-1-2,mn-752-1-1-2,1,752,1,1,2
mn-1-752-2-1-1,mn-752-2-1-1,1,752,2,1,1
mn-1-752-2-1-2,mn-752-2-1-2,1,752,2,1,2
mn-1-752-5-2-1,mn-752-5-2-1,1,752,5,2,1
mn-1-752-6-2-1,mn-752-6-2-1,1,752,6,2,1
mn-1-752-6-2-2,mn-752-6-2-2,1,752,6,2,2
mn-1-752-7-2-1,mn-752-7-2-1,1,752,7,2,1
mn-1-752-7-2-2,mn-752-7-2-2,1,752,7,2,2
mn-1-753-1-1-1,mn-753-1-1-1,1,753,1,1,1
mn-1-753-1-1-2,mn-753-1-1-2,1,753,1,1,2
mn-1-753-2-1-1,mn-753-2-1-1,1,753,2,1,1
mn-1-753-2-1-2,mn-753-2-1-2,1,753,2,1,2
mn-1-753-5-2-1,mn-753-5-2-1,1,753,5,2,1
mn-1-753-6-2-1,mn-753-6-2-1,1,753,6,2,1
mn-1-753-6-2-2,mn-753-6-2-2,1,753,6,2,2
mn-1-753-7-2-1,mn-753-7-2-1,1,753,7,2,1
mn-1-753-7-2-2,mn-753-7-2-2,1,753,7,2,2
mn-1-754-1-1-1,mn-754-1-1-1,1,754,1,1,1
mn-1-754-1-1-2,mn-754-1-1-2,1,754,1,1,2
mn-1-754-2-1-1,mn-754-2-1-1,1,754,2,1,1
mn-1-754-2-1-2,mn-754-2-1-2,1,754,2,1,2
mn-1-754-5-2-1,mn-754-5-2-1,1,754,5,2,1
mn-1-754-6-2-1,mn-754-6-2-1,1,754,6,2,1
mn-1-754-6-2-2,mn-754-6-2-2,1,754,6,2,2
mn-1-754-7-2-1,mn-754-7-2-1,1,754,7,2,1
mn-1-754-7-2-2,mn-754-7-2-2,1,754,7,2,2
mn-1-755-1-1-1,mn-755-1-1-1,1,755,1,1,1
mn-1-755-1-1-2,mn-755-1-1-2,1,755,1,1,2
mn-1-755-2-1-1,mn-755-2-1-1,1,755,2,1,1
mn-1-755-2-1-2,mn-755-2-1-2,1,755,2,1,2
mn-1-755-5-2-1,mn-755-5-2-1,1,755,5,2,1
mn-1-755-6-2-1,mn-755-6-2-1,1,755,6,2,1
mn-1-755-6-2-2,mn-755-6-2-2,1,755,6,2,2
mn-1-755-7-2-1,mn-755-7-2-1,1,755,7,2,1
mn-1-755-7-2-2,mn-755-7-2-2,1,755,7,2,2
mn-1-756-1-1-1,mn-756-1-1-1,1,756,1,1,1
mn-1-756-1-1-2,mn-756-1-1-2,1,756,1,1,2
mn-1-756-1-1-3,mn-756-1-1-3,1,756,1,1,3
mn-1-756-1-1-4,mn-756-1-1-4,1,756,1,1,4
mn-1-756-1-1-5,mn-756-1-1-5,1,756,1,1,5
mn-1-756-5-2-1,mn-756-5-2-1,1,756,5,2,1
mn-1-756-6-2-1,mn-756-6-2-1,1,756,6,2,1
mn-1-756-6-2-2,mn-756-6-2-2,1,756,6,2,2
mn-1-756-6-2-3,mn-756-6-2-3,1,756,6,2,3
mn-1-756-6-2-4,mn-756-6-2-4,1,756,6,2,4
mn-1-757-1-1-1,mn-757-1-1-1,1,757,1,1,1
mn-1-757-1-1-2,mn-757-1-1-2,1,757,1,1,2
mn-1-757-1-1-3,mn-757-1-1-3,1,757,1,1,3
mn-1-757-1-1-4,mn-757-1-1-4,1,757,1,1,4
mn-1-757-1-1-5,mn-757-1-1-5,1,757,1,1,5
mn-1-757-1-1-6,mn-757-1-1-6,1,757,1,1,6
mn-1-757-5-2-1,mn-757-5-2-1,1,757,5,2,1
mn-1-757-6-2-1,mn-757-6-2-1,1,757,6,2,1
mn-1-757-6-2-2,mn-757-6-2-2,1,757,6,2,2
mn-1-757-6-2-3,mn-757-6-2-3,1,757,6,2,3
mn-1-757-6-2-4,mn-757-6-2-4,1,757,6,2,4
mn-1-757-6-2-5,mn-757-6-2-5,1,757,6,2,5
mn-1-758-1-1-1,mn-758-1-1-1,1,758,1,1,1
mn-1-758-1-1-2,mn-758-1-1-2,1,758,1,1,2
mn-1-758-1-1-3,mn-758-1-1-3,1,758,1,1,3
mn-1-758-1-1-4,mn-758-1-1-4,1,758,1,1,4
mn-1-758-1-1-5,mn-758-1-1-5,1,758,1,1,5
mn-1-758-5-2-1,mn-758-5-2-1,1,758,5,2,1
mn-1-758-6-2-1,mn-758-6-2-1,1,758,6,2,1
mn-1-758-6-2-2,mn-758-6-2-2,1,758,6,2,2
mn-1-758-6-2-3,mn-758-6-2-3,1,758,6,2,3
mn-1-758-6-2-4,mn-758-6-2-4,1,758,6,2,4
mn-1-759-1-1-1,mn-759-1-1-1,1,759,1,1,1
mn-1-759-1-1-2,mn-759-1-1-2,1,759,1,1,2
mn-1-759-1-1-3,mn-759-1-1-3,1,759,1,1,3
mn-1-759-1-1-4,mn-759-1-1-4,1,759,1,1,4
mn-1-759-2-1-1,mn-759-2-1-1,1,759,2,1,1
mn-1-759-5-2-1,mn-759-5-2-1,1,759,5,2,1
mn-1-759-6-2-1,mn-759-6-2-1,1,759,6,2,1
mn-1-759-6-2-2,mn-759-6-2-2,1,759,6,2,2
mn-1-760-1-1-1,mn-760-1-1-1,1,760,1,1,1
mn-1-760-1-1-2,mn-760-1-1-2,1,760,1,1,2
mn-1-760-1-1-3,mn-760-1-1-3,1,760,1,1,3
mn-1-760-1-1-4,mn-760-1-1-4,1,760,1,1,4
mn-1-760-1-1-5,mn-760-1-1-5,1,760,1,1,5
mn-1-760-5-2-1,mn-760-5-2-1,1,760,5,2,1
mn-1-760-6-2-1,mn-760-6-2-1,1,760,6,2,1
mn-1-760-6-2-2,mn-760-6-2-2,1,760,6,2,2
mn-1-760-6-2-3,mn-760-6-2-3,1,760,6,2,3
mn-1-760-6-2-4,mn-760-6-2-4,1,760,6,2,4
mn-1-761-1-1-1,mn-761-1-1-1,1,761,1,1,1
mn-1-761-1-1-2,mn-761-1-1-2,1,761,1,1,2
mn-1-761-1-1-3,mn-761-1-1-3,1,761,1,1,3
mn-1-761-1-1-4,mn-761-1-1-4,1,761,1,1,4
mn-1-761-1-1-5,mn-761-1-1-5,1,761,1,1,5
mn-1-761-1-1-6,mn-761-1-1-6,1,761,1,1,6
mn-1-761-5-2-1,mn-761-5-2-1,1,761,5,2,1
mn-1-761-6-2-1,mn-761-6-2-1,1,761,6,2,1
mn-1-761-6-2-2,mn-761-6-2-2,1,761,6,2,2
mn-1-761-6-2-3,mn-761-6-2-3,1,761,6,2,3
mn-1-761-6-2-4,mn-761-6-2-4,1,761,6,2,4
mn-1-761-6-2-5,mn-761-6-2-5,1,761,6,2,5
mn-1-762-1-1-1,mn-762-1-1-1,1,762,1,1,1
mn-1-762-1-1-2,mn-762-1-1-2,1,762,1,1,2
mn-1-762-1-1-3,mn-762-1-1-3,1,762,1,1,3
mn-1-762-1-1-4,mn-762-1-1-4,1,762,1,1,4
mn-1-762-1-1-5,mn-762-1-1-5,1,762,1,1,5
mn-1-762-5-2-1,mn-762-5-2-1,1,762,5,2,1
mn-1-762-6-2-1,mn-762-6-2-1,1,762,6,2,1
mn-1-762-6-2-2,mn-762-6-2-2,1,762,6,2,2
mn-1-762-6-2-3,mn-762-6-2-3,1,762,6,2,3
mn-1-762-6-2-4,mn-762-6-2-4,1,762,6,2,4
mn-1-763-1-1-1,mn-763-1-1-1,1,763,1,1,1
mn-1-763-1-1-2,mn-763-1-1-2,1,763,1,1,2
mn-1-763-1-1-3,mn-763-1-1-3,1,763,1,1,3
mn-1-763-1-1-4,mn-763-1-1-4,1,763,1,1,4
mn-1-763-2-1-1,mn-763-2-1-1,1,763,2,1,1
mn-1-763-5-2-1,mn-763-5-2-1,1,763,5,2,1
mn-1-763-6-2-1,mn-763-6-2-1,1,763,6,2,1
mn-1-763-6-2-2,mn-763-6-2-2,1,763,6,2,2
mn-1-764-1-1-1,mn-764-1-1-1,1,764,1,1,1
mn-1-764-1-1-2,mn-764-1-1-2,1,764,1,1,2
mn-1-764-1-1-3,mn-764-1-1-3,1,764,1,1,3
mn-1-764-1-1-4,mn-764-1-1-4,1,764,1,1,4
mn-1-764-1-1-5,mn-764-1-1-5,1,764,1,1,5
mn-1-764-5-2-1,mn-764-5-2-1,1,764,5,2,1
mn-1-764-6-2-1,mn-764-6-2-1,1,764,6,2,1
mn-1-764-6-2-2,mn-764-6-2-2,1,764,6,2,2
mn-1-764-6-2-3,mn-764-6-2-3,1,764,6,2,3
mn-1-764-6-2-4,mn-764-6-2-4,1,764,6,2,4
mn-1-765-1-1-1,mn-765-1-1-1,1,765,1,1,1
mn-1-765-1-1-2,mn-765-1-1-2,1,765,1,1,2
mn-1-765-1-1-3,mn-765-1-1-3,1,765,1,1,3
mn-1-765-1-1-4,mn-765-1-1-4,1,765,1,1,4
mn-1-765-5-2-1,mn-765-5-2-1,1,765,5,2,1
mn-1-765-6-2-1,mn-765-6-2-1,1,765,6,2,1
mn-1-765-6-2-2,mn-765-6-2-2,1,765,6,2,2
mn-1-765-6-2-3,mn-765-6-2-3,1,765,6,2,3
mn-1-765-6-2-4,mn-765-6-2-4,1,765,6,2,4
mn-1-765-6-2-5,mn-765-6-2-5,1,765,6,2,5
mn-1-766-1-1-1,mn-766-1-1-1,1,766,1,1,1
mn-1-766-1-1-2,mn-766-1-1-2,1,766,1,1,2
mn-1-766-1-1-3,mn-766-1-1-3,1,766,1,1,3
mn-1-766-1-1-4,mn-766-1-1-4,1,766,1,1,4
mn-1-766-1-1-5,mn-766-1-1-5,1,766,1,1,5
mn-1-766-5-2-1,mn-766-5-2-1,1,766,5,2,1
mn-1-766-6-2-1,mn-766-6-2-1,1,766,6,2,1
mn-1-766-6-2-2,mn-766-6-2-2,1,766,6,2,2
mn-1-766-6-2-3,mn-766-6-2-3,1,766,6,2,3
mn-1-766-6-2-4,mn-766-6-2-4,1,766,6,2,4
mn-1-767-1-1-1,mn-767-1-1-1,1,767,1,1,1
mn-1-767-1-1-2,mn-767-1-1-2,1,767,1,1,2
mn-1-767-1-1-3,mn-767-1-1-3,1,767,1,1,3
mn-1-767-1-1-4,mn-767-1-1-4,1,767,1,1,4
mn-1-767-5-2-1,mn-767-5-2-1,1,767,5,2,1
mn-1-767-6-2-1,mn-767-6-2-1,1,767,6,2,1
mn-1-767-6-2-2,mn-767-6-2-2,1,767,6,2,2
mn-1-767-6-2-3,mn-767-6-2-3,1,767,6,2,3
mn-1-767-6-2-4,mn-767-6-2-4,1,767,6,2,4
mn-1-767-6-2-5,mn-767-6-2-5,1,767,6,2,5
mn-1-768-1-1-1,mn-768-1-1-1,1,768,1,1,1
mn-1-768-1-1-2,mn-768-1-1-2,1,768,1,1,2
mn-1-768-1-1-3,mn-768-1-1-3,1,768,1,1,3
mn-1-768-1-1-4,mn-768-1-1-4,1,768,1,1,4
mn-1-768-1-1-5,mn-768-1-1-5,1,768,1,1,5
mn-1-768-5-2-1,mn-768-5-2-1,1,768,5,2,1
mn-1-768-6-2-1,mn-768-6-2-1,1,768,6,2,1
mn-1-768-6-2-2,mn-768-6-2-2,1,768,6,2,2
mn-1-768-6-2-3,mn-768-6-2-3,1,768,6,2,3
mn-1-768-6-2-4,mn-768-6-2-4,1,768,6,2,4
mn-1-769-1-1-1,mn-769-1-1-1,1,769,1,1,1
mn-1-769-1-1-2,mn-769-1-1-2,1,769,1,1,2
mn-1-769-1-1-3,mn-769-1-1-3,1,769,1,1,3
mn-1-769-1-1-4,mn-769-1-1-4,1,769,1,1,4
mn-1-769-5-2-1,mn-769-5-2-1,1,769,5,2,1
mn-1-769-6-2-1,mn-769-6-2-1,1,769,6,2,1
mn-1-769-6-2-2,mn-769-6-2-2,1,769,6,2,2
mn-1-769-6-2-3,mn-769-6-2-3,1,769,6,2,3
mn-1-769-6-2-4,mn-769-6-2-4,1,769,6,2,4
mn-1-769-6-2-5,mn-769-6-2-5,1,769,6,2,5
mn-1-770-1-1-1,mn-770-1-1-1,1,770,1,1,1
mn-1-770-1-1-2,mn-770-1-1-2,1,770,1,1,2
mn-1-770-1-1-3,mn-770-1-1-3,1,770,1,1,3
mn-1-770-1-1-4,mn-770-1-1-4,1,770,1,1,4
mn-1-770-1-1-5,mn-770-1-1-5,1,770,1,1,5
mn-1-770-1-1-6,mn-770-1-1-6,1,770,1,1,6
mn-1-770-1-1-7,mn-770-1-1-7,1,770,1,1,7
mn-1-770-1-1-8,mn-770-1-1-8,1,770,1,1,8
mn-1-770-1-1-9,mn-770-1-1-9,1,770,1,1,9
mn-1-770-5-2-1,mn-770-5-2-1,1,770,5,2,1
mn-1-770-6-2-1,mn-770-6-2-1,1,770,6,2,1
mn-1-770-6-2-2,mn-770-6-2-2,1,770,6,2,2
mn-1-770-6-2-3,mn-770-6-2-3,1,770,6,2,3
mn-1-770-6-2-4,mn-770-6-2-4,1,770,6,2,4
mn-1-770-6-2-5,mn-770-6-2-5,1,770,6,2,5
mn-1-770-6-2-6,mn-770-6-2-6,1,770,6,2,6
mn-1-771-1-1-1,mn-771-1-1-1,1,771,1,1,1
mn-1-771-1-1-2,mn-771-1-1-2,1,771,1,1,2
mn-1-771-1-1-3,mn-771-1-1-3,1,771,1,1,3
mn-1-771-1-1-4,mn-771-1-1-4,1,771,1,1,4
mn-1-771-1-1-5,mn-771-1-1-5,1,771,1,1,5
mn-1-771-1-1-6,mn-771-1-1-6,1,771,1,1,6
mn-1-771-1-1-7,mn-771-1-1-7,1,771,1,1,7
mn-1-771-1-1-8,mn-771-1-1-8,1,771,1,1,8
mn-1-771-1-1-9,mn-771-1-1-9,1,771,1,1,9
mn-1-771-5-2-1,mn-771-5-2-1,1,771,5,2,1
mn-1-771-6-2-1,mn-771-6-2-1,1,771,6,2,1
mn-1-771-6-2-2,mn-771-6-2-2,1,771,6,2,2
mn-1-771-6-2-3,mn-771-6-2-3,1,771,6,2,3
mn-1-771-6-2-4,mn-771-6-2-4,1,771,6,2,4
mn-1-771-6-2-5,mn-771-6-2-5,1,771,6,2,5
mn-1-771-6-2-6,mn-771-6-2-6,1,771,6,2,6
mn-1-772-1-1-1,mn-772-1-1-1,1,772,1,1,1
mn-1-772-1-1-2,mn-772-1-1-2,1,772,1,1,2
mn-1-772-1-1-3,mn-772-1-1-3,1,772,1,1,3
mn-1-772-1-1-4,mn-772-1-1-4,1,772,1,1,4
mn-1-772-1-1-5,mn-772-1-1-5,1,772,1,1,5
mn-1-772-5-2-1,mn-772-5-2-1,1,772,5,2,1
mn-1-772-6-2-1,mn-772-6-2-1,1,772,6,2,1
mn-1-772-6-2-2,mn-772-6-2-2,1,772,6,2,2
mn-1-772-6-2-3,mn-772-6-2-3,1,772,6,2,3
mn-1-772-6-2-4,mn-772-6-2-4,1,772,6,2,4
mn-1-773-1-1-1,mn-773-1-1-1,1,773,1,1,1
mn-1-773-1-1-2,mn-773-1-1-2,1,773,1,1,2
mn-1-773-1-1-3,mn-773-1-1-3,1,773,1,1,3
mn-1-773-1-1-4,mn-773-1-1-4,1,773,1,1,4
mn-1-773-1-1-5,mn-773-1-1-5,1,773,1,1,5
mn-1-773-1-1-6,mn-773-1-1-6,1,773,1,1,6
mn-1-773-5-2-1,mn-773-5-2-1,1,773,5,2,1
mn-1-773-6-2-1,mn-773-6-2-1,1,773,6,2,1
mn-1-773-6-2-2,mn-773-6-2-2,1,773,6,2,2
mn-1-773-6-2-3,mn-773-6-2-3,1,773,6,2,3
mn-1-773-6-2-4,mn-773-6-2-4,1,773,6,2,4
mn-1-773-6-2-5,mn-773-6-2-5,1,773,6,2,5
mn-1-774-1-1-1,mn-774-1-1-1,1,774,1,1,1
mn-1-774-1-1-2,mn-774-1-1-2,1,774,1,1,2
mn-1-774-1-1-3,mn-774-1-1-3,1,774,1,1,3
mn-1-774-1-1-4,mn-774-1-1-4,1,774,1,1,4
mn-1-774-1-1-5,mn-774-1-1-5,1,774,1,1,5
mn-1-774-1-1-6,mn-774-1-1-6,1,774,1,1,6
mn-1-774-5-2-1,mn-774-5-2-1,1,774,5,2,1
mn-1-774-6-2-1,mn-774-6-2-1,1,774,6,2,1
mn-1-774-6-2-2,mn-774-6-2-2,1,774,6,2,2
mn-1-774-6-2-3,mn-774-6-2-3,1,774,6,2,3
mn-1-774-6-2-4,mn-774-6-2-4,1,774,6,2,4
mn-1-774-6-2-5,mn-774-6-2-5,1,774,6,2,5
mn-1-775-1-1-1,mn-775-1-1-1,1,775,1,1,1
mn-1-775-1-1-2,mn-775-1-1-2,1,775,1,1,2
mn-1-775-1-1-3,mn-775-1-1-3,1,775,1,1,3
mn-1-775-1-1-4,mn-775-1-1-4,1,775,1,1,4
mn-1-775-1-1-5,mn-775-1-1-5,1,775,1,1,5
mn-1-775-1-1-6,mn-775-1-1-6,1,775,1,1,6
mn-1-775-1-1-7,mn-775-1-1-7,1,775,1,1,7
mn-1-775-1-1-8,mn-775-1-1-8,1,775,1,1,8
mn-1-775-5-2-1,mn-775-5-2-1,1,775,5,2,1
mn-1-775-6-2-1,mn-775-6-2-1,1,775,6,2,1
mn-1-775-6-2-2,mn-775-6-2-2,1,775,6,2,2
mn-1-775-6-2-3,mn-775-6-2-3,1,775,6,2,3
mn-1-775-6-2-4,mn-775-6-2-4,1,775,6,2,4
mn-1-776-1-1-1,mn-776-1-1-1,1,776,1,1,1
mn-1-776-1-1-2,mn-776-1-1-2,1,776,1,1,2
mn-1-776-1-1-3,mn-776-1-1-3,1,776,1,1,3
mn-1-776-1-1-4,mn-776-1-1-4,1,776,1,1,4
mn-1-776-5-2-1,mn-776-5-2-1,1,776,5,2,1
mn-1-776-6-2-1,mn-776-6-2-1,1,776,6,2,1
mn-1-776-6-2-2,mn-776-6-2-2,1,776,6,2,2
mn-1-776-6-2-3,mn-776-6-2-3,1,776,6,2,3
mn-1-777-1-1-1,mn-777-1-1-1,1,777,1,1,1
mn-1-777-5-2-1,mn-777-5-2-1,1,777,5,2,1
mn-1-777-6-2-1,mn-777-6-2-1,1,777,6,2,1
mn-1-778-1-1-1,mn-778-1-1-1,1,778,1,1,1
mn-1-778-1-1-2,mn-778-1-1-2,1,778,1,1,2
mn-1-778-1-1-3,mn-778-1-1-3,1,778,1,1,3
mn-1-778-1-1-4,mn-778-1-1-4,1,778,1,1,4
mn-1-778-5-2-1,mn-778-5-2-1,1,778,5,2,1
mn-1-778-6-2-1,mn-778-6-2-1,1,778,6,2,1
mn-1-778-6-2-2,mn-778-6-2-2,1,778,6,2,2
mn-1-778-6-2-3,mn-778-6-2-3,1,778,6,2,3
mn-1-779-1-1-1,mn-779-1-1-1,1,779,1,1,1
mn-1-779-5-2-1,mn-779-5-2-1,1,779,5,2,1
mn-1-779-6-2-1,mn-779-6-2-1,1,779,6,2,1
mn-1-780-1-1-1,mn-780-1-1-1,1,780,1,1,1
mn-1-780-1-1-2,mn-780-1-1-2,1,780,1,1,2
mn-1-780-1-1-3,mn-780-1-1-3,1,780,1,1,3
mn-1-780-1-1-4,mn-780-1-1-4,1,780,1,1,4
mn-1-780-1-1-5,mn-780-1-1-5,1,780,1,1,5
mn-1-780-5-2-1,mn-780-5-2-1,1,780,5,2,1
mn-1-780-6-2-1,mn-780-6-2-1,1,780,6,2,1
mn-1-780-6-2-2,mn-780-6-2-2,1,780,6,2,2
mn-1-780-6-2-3,mn-780-6-2-3,1,780,6,2,3
mn-1-780-6-2-4,mn-780-6-2-4,1,780,6,2,4
mn-1-780-6-2-5,mn-780-6-2-5,1,780,6,2,5
mn-1-780-6-2-6,mn-780-6-2-6,1,780,6,2,6
