element_id,original_id,tag,carrier,host_or_staff
n204ffca1799ccb56--slur--start--1,n1--slur--start--1,slur,stamp,n204ffca1799ccb56
eb062e038137b26ac,md-1-1-1-1,dynamics,md,1
ef96ffaf3d267f054,md-1-1-1-2,words,md,1
n555147a687314a7b--slur--stop--1,n9--slur--stop--1,slur,stamp,n555147a687314a7b
n555147a687314a7b--fermata--upright--1,n9--fermata--upright--1,fermata,stamp,n555147a687314a7b
ne4eaf18ed3e06c61--fermata--upright--1,n10--fermata--upright--1,fermata,stamp,ne4eaf18ed3e06c61
n2054e5e235db00e5--slur--start--1,n11--slur--start--1,slur,stamp,n2054e5e235db00e5
e6da4b00a9655ee81,md-1-3-1-1,dynamics,md,1
n74fa18957c0585a2--slur--stop--1,n36--slur--stop--1,slur,stamp,n74fa18957c0585a2
n74fa18957c0585a2--fermata--upright--1,n36--fermata--upright--1,fermata,stamp,n74fa18957c0585a2
n5db0dd3e9eda5036--fermata--inverted--1,n39--fermata--inverted--1,fermata,stamp,n5db0dd3e9eda5036
n5ec6eae5ae55b60d--fermata--inverted--1,n44--fermata--inverted--1,fermata,stamp,n5ec6eae5ae55b60d
e341a821e0e53bf13,md-1-4-1-1,words,md,1
n1d07ccee21bb961c--tuplet--start--1,n45--tuplet--start--1,tuplet,stamp,n1d07ccee21bb961c
n1d07ccee21bb961c--slur--start--1,n45--slur--start--1,slur,stamp,n1d07ccee21bb961c
n9078a29bce574c3b--tuplet--stop--1,n50--tuplet--stop--1,tuplet,stamp,n9078a29bce574c3b
n2edd78e391f5ff6f--tuplet--start--1,n51--tuplet--start--1,tuplet,stamp,n2edd78e391f5ff6f
n9dd23f97a817f508--tuplet--stop--1,n56--tuplet--stop--1,tuplet,stamp,n9dd23f97a817f508
n65da878103a80aef--tuplet--start--1,n57--tuplet--start--1,tuplet,stamp,n65da878103a80aef
nec484c58ada195c5--tuplet--stop--1,n62--tuplet--stop--1,tuplet,stamp,nec484c58ada195c5
n15a3d7b031a50124--tuplet--start--1,n63--tuplet--start--1,tuplet,stamp,n15a3d7b031a50124
n295670fa5617d4ba--tuplet--stop--1,n68--tuplet--stop--1,tuplet,stamp,n295670fa5617d4ba
n32b5ece09ff2b9c7--staccato--1,,staccato,derive,n32b5ece09ff2b9c7
n52ae51e631d9121e--slur--start--1,n70--slur--start--1,slur,stamp,n52ae51e631d9121e
edf2c5b09a4d5ea5c,md-1-5-1-1,dynamics,md,1
e6df4d7c2b56e1e00,md-1-5-1-2,words,md,1
e14d2ea0e9ad78ec9,md-1-5-1-4,octave-shift,md,1
ea918801577c8795b,md-1-5-1-5,octave-shift,md,1
e4da95adb4143bb99,md-1-5-2-1,dynamics,md,2
nced2bf6f7a673dfe--tuplet--start--1,n82--tuplet--start--1,tuplet,stamp,nced2bf6f7a673dfe
nec0db81857688bb1--tuplet--stop--1,n87--tuplet--stop--1,tuplet,stamp,nec0db81857688bb1
nd82ca7a8b2a8f037--tuplet--start--1,n88--tuplet--start--1,tuplet,stamp,nd82ca7a8b2a8f037
n5b39b5cbf35ce4af--tuplet--stop--1,n93--tuplet--stop--1,tuplet,stamp,n5b39b5cbf35ce4af
n961931a7754ba84b--tuplet--start--1,n94--tuplet--start--1,tuplet,stamp,n961931a7754ba84b
nda4b3f82068ca54f--tuplet--stop--1,n99--tuplet--stop--1,tuplet,stamp,nda4b3f82068ca54f
n19347f39a6e191ca--tuplet--start--1,n100--tuplet--start--1,tuplet,stamp,n19347f39a6e191ca
n1b683824bf93249f--tuplet--stop--1,n105--tuplet--stop--1,tuplet,stamp,n1b683824bf93249f
n18f8dbf6c422a5e0--slur--stop--1,n112--slur--stop--1,slur,stamp,n18f8dbf6c422a5e0
nc1748dee4a7da695--tuplet--start--1,n115--tuplet--start--1,tuplet,stamp,nc1748dee4a7da695
nf7da05e4df78023d--tuplet--stop--1,n120--tuplet--stop--1,tuplet,stamp,nf7da05e4df78023d
n65754bb685f227d4--tuplet--start--1,n121--tuplet--start--1,tuplet,stamp,n65754bb685f227d4
n3b6de18610c6a88c--tuplet--stop--1,n126--tuplet--stop--1,tuplet,stamp,n3b6de18610c6a88c
n160776091aac3d5d--tuplet--start--1,n127--tuplet--start--1,tuplet,stamp,n160776091aac3d5d
n61d7639c3b862932--tuplet--stop--1,n132--tuplet--stop--1,tuplet,stamp,n61d7639c3b862932
n26916055cc91806e--tuplet--start--1,n133--tuplet--start--1,tuplet,stamp,n26916055cc91806e
n08d79dee4ee6a3c6--tuplet--stop--1,n138--tuplet--stop--1,tuplet,stamp,n08d79dee4ee6a3c6
nf5f4c30466762985--staccato--1,,staccato,derive,nf5f4c30466762985
nda583a4d290a12c1--slur--start--1,n140--slur--start--1,slur,stamp,nda583a4d290a12c1
e71ef550e8b2521b5,md-1-7-1-1,dynamics,md,1
na47ad90eef8749aa--tuplet--start--1,n148--tuplet--start--1,tuplet,stamp,na47ad90eef8749aa
n854568902555de26--tuplet--stop--1,n153--tuplet--stop--1,tuplet,stamp,n854568902555de26
n0f1e2958ec8d72c3--tuplet--start--1,n154--tuplet--start--1,tuplet,stamp,n0f1e2958ec8d72c3
nac645971e633d1d1--tuplet--stop--1,n159--tuplet--stop--1,tuplet,stamp,nac645971e633d1d1
nfa30c889498cce31--tuplet--start--1,n160--tuplet--start--1,tuplet,stamp,nfa30c889498cce31
n3c723597e38fac56--tuplet--stop--1,n165--tuplet--stop--1,tuplet,stamp,n3c723597e38fac56
n562bc7a3b0a78fdc--tuplet--start--1,n166--tuplet--start--1,tuplet,stamp,n562bc7a3b0a78fdc
nefc3311d620e968e--tuplet--stop--1,n171--tuplet--stop--1,tuplet,stamp,nefc3311d620e968e
nefc3311d620e968e--slur--stop--1,n171--slur--stop--1,slur,stamp,nefc3311d620e968e
n36844cb0ec7cec1c--slur--stop--1,n172--slur--stop--1,slur,stamp,n36844cb0ec7cec1c
n13bc3b83a81fe382--slur--start--1,n174--slur--start--1,slur,stamp,n13bc3b83a81fe382
ncf9ad5bd7a8fd194--slur--stop--1,n175--slur--stop--1,slur,stamp,ncf9ad5bd7a8fd194
ec26eee4b24c3149d,md-1-8-1-1,wedge,md,1
e626bea66417e0b7e,md-1-8-1-2,wedge,md,1
nb569080fee785f8f--tuplet--start--1,n177--tuplet--start--1,tuplet,stamp,nb569080fee785f8f
nb569080fee785f8f--slur--start--1,n177--slur--start--1,slur,stamp,nb569080fee785f8f
ne703431e367b73a9--tuplet--stop--1,n182--tuplet--stop--1,tuplet,stamp,ne703431e367b73a9
n2a011e16476314d9--tuplet--start--1,n183--tuplet--start--1,tuplet,stamp,n2a011e16476314d9
n9bba02eb625d7f28--tuplet--stop--1,n188--tuplet--stop--1,tuplet,stamp,n9bba02eb625d7f28
nb8d8ecaad02034ba--tuplet--start--1,n189--tuplet--start--1,tuplet,stamp,nb8d8ecaad02034ba
nd407ff94e1e94e93--tuplet--stop--1,n194--tuplet--stop--1,tuplet,stamp,nd407ff94e1e94e93
n96906768b8557e03--tuplet--start--1,n195--tuplet--start--1,tuplet,stamp,n96906768b8557e03
nc0890bff427c76b3--tuplet--stop--1,n200--tuplet--stop--1,tuplet,stamp,nc0890bff427c76b3
nc0890bff427c76b3--slur--stop--1,n200--slur--stop--1,slur,stamp,nc0890bff427c76b3
n5d1686b1b60e0c64--staccato--1,,staccato,derive,n5d1686b1b60e0c64
n10dbb3f7c3d3f182--slur--start--1,n202--slur--start--1,slur,stamp,n10dbb3f7c3d3f182
nc7344907436e18da--slur--stop--1,n206--slur--stop--1,slur,stamp,nc7344907436e18da
n4666095862cb9de3--slur--start--1,n208--slur--start--1,slur,stamp,n4666095862cb9de3
n4666095862cb9de3--accent--1,,accent,derive,n4666095862cb9de3
e5a306c88e28e876b,md-1-9-2-1,dynamics,md,2
n5ed762c83cb98aed--tuplet--start--1,n210--tuplet--start--1,tuplet,stamp,n5ed762c83cb98aed
n5ed762c83cb98aed--slur--start--1,n210--slur--start--1,slur,stamp,n5ed762c83cb98aed
n3dd9563b4deda845--tuplet--stop--1,n215--tuplet--stop--1,tuplet,stamp,n3dd9563b4deda845
naa3e9ceb583215f2--tuplet--start--1,n216--tuplet--start--1,tuplet,stamp,naa3e9ceb583215f2
n419fa4a94e1edecd--tuplet--stop--1,n221--tuplet--stop--1,tuplet,stamp,n419fa4a94e1edecd
nbedc6d6873d36b07--tuplet--start--1,n222--tuplet--start--1,tuplet,stamp,nbedc6d6873d36b07
n5793849a623878f8--tuplet--stop--1,n227--tuplet--stop--1,tuplet,stamp,n5793849a623878f8
nbb2c1a435bee790d--tuplet--start--1,n228--tuplet--start--1,tuplet,stamp,nbb2c1a435bee790d
n80d5a7d566acc9f4--tuplet--stop--1,n233--tuplet--stop--1,tuplet,stamp,n80d5a7d566acc9f4
n80d5a7d566acc9f4--slur--stop--1,n233--slur--stop--1,slur,stamp,n80d5a7d566acc9f4
n4eaf6657acf2cf63--slur--stop--1,n234--slur--stop--1,slur,stamp,n4eaf6657acf2cf63
n4eaf6657acf2cf63--staccato--1,,staccato,derive,n4eaf6657acf2cf63
n819115484a81c9ab--tuplet--start--1,n236--tuplet--start--1,tuplet,stamp,n819115484a81c9ab
n819115484a81c9ab--slur--start--1,n236--slur--start--1,slur,stamp,n819115484a81c9ab
n5cf9f0927fb9fd22--tuplet--stop--1,n240--tuplet--stop--1,tuplet,stamp,n5cf9f0927fb9fd22
n57ef96f264b35e26--slur--stop--1,n242--slur--stop--1,slur,stamp,n57ef96f264b35e26
n027f5d2b5faf99c7--slur--start--1,n244--slur--start--1,slur,stamp,n027f5d2b5faf99c7
n027f5d2b5faf99c7--accent--1,,accent,derive,n027f5d2b5faf99c7
e9d9a39a9f2a9290d,md-1-10-2-1,wedge,md,2
ea8f1914e86cd207f,md-1-10-2-2,wedge,md,2
n03745bd9a2d218a0--tuplet--start--1,n246--tuplet--start--1,tuplet,stamp,n03745bd9a2d218a0
n03745bd9a2d218a0--slur--start--1,n246--slur--start--1,slur,stamp,n03745bd9a2d218a0
ndc74a929dfbfccf1--tuplet--stop--1,n251--tuplet--stop--1,tuplet,stamp,ndc74a929dfbfccf1
n35a8f2bef31eb1ff--tuplet--start--1,n252--tuplet--start--1,tuplet,stamp,n35a8f2bef31eb1ff
n0791f40f256c8536--tuplet--stop--1,n257--tuplet--stop--1,tuplet,stamp,n0791f40f256c8536
n390dacbaba0b5b37--tuplet--start--1,n258--tuplet--start--1,tuplet,stamp,n390dacbaba0b5b37
n885f0aad54d2ef94--tuplet--stop--1,n263--tuplet--stop--1,tuplet,stamp,n885f0aad54d2ef94
n927b6b628a791b87--tuplet--start--1,n264--tuplet--start--1,tuplet,stamp,n927b6b628a791b87
nca1b35dfc914444e--tuplet--stop--1,n269--tuplet--stop--1,tuplet,stamp,nca1b35dfc914444e
na0e0cac9fee50531--slur--stop--1,n270--slur--stop--1,slur,stamp,na0e0cac9fee50531
na0e0cac9fee50531--staccato--1,,staccato,derive,na0e0cac9fee50531
nc716fe0c3de26248--tuplet--start--1,n272--tuplet--start--1,tuplet,stamp,nc716fe0c3de26248
nc716fe0c3de26248--slur--start--1,n272--slur--start--1,slur,stamp,nc716fe0c3de26248
n9cf1da9e286d180d--tuplet--stop--1,n274--tuplet--stop--1,tuplet,stamp,n9cf1da9e286d180d
n9cf1da9e286d180d--slur--stop--1,n274--slur--stop--1,slur,stamp,n9cf1da9e286d180d
n4b88228b1352413a--slur--start--1,n279--slur--start--1,slur,stamp,n4b88228b1352413a
n6cc053762f7f31b5--tuplet--start--1,n283--tuplet--start--1,tuplet,stamp,n6cc053762f7f31b5
n5a4ab246a7e940b2--tuplet--stop--1,n288--tuplet--stop--1,tuplet,stamp,n5a4ab246a7e940b2
n6bd94db60b92d0bf--tuplet--start--1,n289--tuplet--start--1,tuplet,stamp,n6bd94db60b92d0bf
n327c5f5b8a0c259a--tuplet--stop--1,n294--tuplet--stop--1,tuplet,stamp,n327c5f5b8a0c259a
n0ff0973d01de9fba--slur--stop--1,n295--slur--stop--1,slur,stamp,n0ff0973d01de9fba
n0ff0973d01de9fba--staccatissimo--1,,staccatissimo,derive,n0ff0973d01de9fba
n0ff0973d01de9fba--staccato--1,,staccato,derive,n0ff0973d01de9fba
n288bde37adf34630--slur--stop--1,n297--slur--stop--1,slur,stamp,n288bde37adf34630
n288bde37adf34630--staccato--1,,staccato,derive,n288bde37adf34630
n08b624ef11236b7d--tuplet--start--1,n299--tuplet--start--1,tuplet,stamp,n08b624ef11236b7d
n08b624ef11236b7d--slur--start--1,n299--slur--start--1,slur,stamp,n08b624ef11236b7d
n29b212ec48bddd65--tuplet--stop--1,n303--tuplet--stop--1,tuplet,stamp,n29b212ec48bddd65
n7f0cddad596c70f0--slur--stop--1,n305--slur--stop--1,slur,stamp,n7f0cddad596c70f0
n7f0cddad596c70f0--staccato--1,,staccato,derive,n7f0cddad596c70f0
efe1f30272bdaa13f,md-1-12-1-1,wedge,md,1
e35d502c59fe76a59,md-1-12-1-2,wedge,md,1
e7ef63e0595eb8001,md-1-12-1-3,octave-shift,md,1
ebb52aff7907c5947,md-1-12-1-4,octave-shift,md,1
n897d6335ac62959c--tuplet--start--1,n309--tuplet--start--1,tuplet,stamp,n897d6335ac62959c
n897d6335ac62959c--slur--start--1,n309--slur--start--1,slur,stamp,n897d6335ac62959c
n8017a78021e7fe6b--tuplet--stop--1,n314--tuplet--stop--1,tuplet,stamp,n8017a78021e7fe6b
nfb9c1f59e781efd9--tuplet--start--1,n315--tuplet--start--1,tuplet,stamp,nfb9c1f59e781efd9
nd9d05b857ecceef4--tuplet--stop--1,n320--tuplet--stop--1,tuplet,stamp,nd9d05b857ecceef4
nb936a0f7059a2d58--tuplet--start--1,n321--tuplet--start--1,tuplet,stamp,nb936a0f7059a2d58
n4971a18b28a0504d--tuplet--stop--1,n326--tuplet--stop--1,tuplet,stamp,n4971a18b28a0504d
n279c646bbcf57563--tuplet--start--1,n327--tuplet--start--1,tuplet,stamp,n279c646bbcf57563
n296282e4a3e623e4--tuplet--stop--1,n332--tuplet--stop--1,tuplet,stamp,n296282e4a3e623e4
nea3dc5bc9ff0cb33--staccato--1,,staccato,derive,nea3dc5bc9ff0cb33
nb57f56f54236ddd1--slur--start--1,n334--slur--start--1,slur,stamp,nb57f56f54236ddd1
e5c15a87c616b0881,md-1-13-1-1,dynamics,md,1
ee10b94cee2700cfa,md-1-13-1-2,octave-shift,md,1
e04b4289cea3bb0b4,md-1-13-1-3,octave-shift,md,1
n53fab8c42ff029ae--tuplet--start--1,n346--tuplet--start--1,tuplet,stamp,n53fab8c42ff029ae
n5c4629357641c374--tuplet--stop--1,n351--tuplet--stop--1,tuplet,stamp,n5c4629357641c374
nb80acff69c393d0a--tuplet--start--1,n352--tuplet--start--1,tuplet,stamp,nb80acff69c393d0a
nca1d5de1da3284a8--tuplet--stop--1,n357--tuplet--stop--1,tuplet,stamp,nca1d5de1da3284a8
n17595806298cbc58--tuplet--start--1,n358--tuplet--start--1,tuplet,stamp,n17595806298cbc58
n12ae81d634873690--tuplet--stop--1,n363--tuplet--stop--1,tuplet,stamp,n12ae81d634873690
n91653ac7157edca6--tuplet--start--1,n364--tuplet--start--1,tuplet,stamp,n91653ac7157edca6
n86b5f9c8cd734c9b--tuplet--stop--1,n369--tuplet--stop--1,tuplet,stamp,n86b5f9c8cd734c9b
n74f5d8b355bad256--slur--stop--1,n376--slur--stop--1,slur,stamp,n74f5d8b355bad256
n026d924e0769989e--tuplet--start--1,n379--tuplet--start--1,tuplet,stamp,n026d924e0769989e
n3599cd5fad6d7f9d--tuplet--stop--1,n384--tuplet--stop--1,tuplet,stamp,n3599cd5fad6d7f9d
n52161451e5064409--tuplet--start--1,n385--tuplet--start--1,tuplet,stamp,n52161451e5064409
n1fce54a36181f979--tuplet--stop--1,n390--tuplet--stop--1,tuplet,stamp,n1fce54a36181f979
n2777419fec8bc86c--tuplet--start--1,n391--tuplet--start--1,tuplet,stamp,n2777419fec8bc86c
ndea697843db962b5--tuplet--stop--1,n396--tuplet--stop--1,tuplet,stamp,ndea697843db962b5
n056f680aba2214e9--tuplet--start--1,n397--tuplet--start--1,tuplet,stamp,n056f680aba2214e9
n96ca995e1704b216--tuplet--stop--1,n402--tuplet--stop--1,tuplet,stamp,n96ca995e1704b216
n4076d84e54329c8b--staccato--1,,staccato,derive,n4076d84e54329c8b
eb32140967bfcc8ff,md-1-15-1-1,dynamics,md,1
n5dcc7a6d1b77961f--tuplet--start--1,n413--tuplet--start--1,tuplet,stamp,n5dcc7a6d1b77961f
nc65ed4be83ecfbeb--tuplet--stop--1,n418--tuplet--stop--1,tuplet,stamp,nc65ed4be83ecfbeb
n11cdb0a15ea6fa3e--tuplet--start--1,n419--tuplet--start--1,tuplet,stamp,n11cdb0a15ea6fa3e
n223c4378e901b044--tuplet--stop--1,n424--tuplet--stop--1,tuplet,stamp,n223c4378e901b044
n7ddb7c33a5d84e5f--tuplet--start--1,n425--tuplet--start--1,tuplet,stamp,n7ddb7c33a5d84e5f
n3b2c03912d70f35b--tuplet--stop--1,n430--tuplet--stop--1,tuplet,stamp,n3b2c03912d70f35b
n7537c0a9476887bf--tuplet--start--1,n431--tuplet--start--1,tuplet,stamp,n7537c0a9476887bf
nb41dfbb5e814615b--tuplet--stop--1,n436--tuplet--stop--1,tuplet,stamp,nb41dfbb5e814615b
nb41dfbb5e814615b--slur--stop--1,n436--slur--stop--1,slur,stamp,nb41dfbb5e814615b
e5646b8d5fcff2761,md-1-16-1-1,wedge,md,1
e1ec74ad3a589644a,md-1-16-1-2,wedge,md,1
na7fb3f85c7d6d44b--tuplet--start--1,n443--tuplet--start--1,tuplet,stamp,na7fb3f85c7d6d44b
na7fb3f85c7d6d44b--slur--start--1,n443--slur--start--1,slur,stamp,na7fb3f85c7d6d44b
n7de19cf9304a7038--tuplet--stop--1,n448--tuplet--stop--1,tuplet,stamp,n7de19cf9304a7038
nad1ec8836a7110c2--tuplet--start--1,n449--tuplet--start--1,tuplet,stamp,nad1ec8836a7110c2
n59b7f684b393d595--tuplet--stop--1,n454--tuplet--stop--1,tuplet,stamp,n59b7f684b393d595
n6740b05fc6cdbffe--tuplet--start--1,n455--tuplet--start--1,tuplet,stamp,n6740b05fc6cdbffe
nb771471e333b67f8--tuplet--stop--1,n460--tuplet--stop--1,tuplet,stamp,nb771471e333b67f8
n23c587ec49136f83--tuplet--start--1,n461--tuplet--start--1,tuplet,stamp,n23c587ec49136f83
n5cfc10a029ef72ad--tuplet--stop--1,n466--tuplet--stop--1,tuplet,stamp,n5cfc10a029ef72ad
n5cfc10a029ef72ad--slur--stop--1,n466--slur--stop--1,slur,stamp,n5cfc10a029ef72ad
nd745bc1d5cbc944c--staccato--1,,staccato,derive,nd745bc1d5cbc944c
nbb05c6722b2d51d5--tuplet--start--1,n468--tuplet--start--1,tuplet,stamp,nbb05c6722b2d51d5
nbb05c6722b2d51d5--slur--start--1,n468--slur--start--1,slur,stamp,nbb05c6722b2d51d5
nafeda605db12ac96--tuplet--stop--1,n472--tuplet--stop--1,tuplet,stamp,nafeda605db12ac96
nafeda605db12ac96--slur--stop--1,n472--slur--stop--1,slur,stamp,nafeda605db12ac96
n49db048512852086--arpeggiate--1,n473--arpeggiate--1,arpeggiate,stamp,n49db048512852086
nbab95aa501935092--arpeggiate--1,n474--arpeggiate--1,arpeggiate,stamp,nbab95aa501935092
na69a1e5c7cb909e2--arpeggiate--1,n475--arpeggiate--1,arpeggiate,stamp,na69a1e5c7cb909e2
nbb4b723a6e8015bb--arpeggiate--1,n476--arpeggiate--1,arpeggiate,stamp,nbb4b723a6e8015bb
n6b9e5978c4b74987--slur--start--1,n477--slur--start--1,slur,stamp,n6b9e5978c4b74987
n81df471c0e4b4b3b--tuplet--start--1,n479--tuplet--start--1,tuplet,stamp,n81df471c0e4b4b3b
n81df471c0e4b4b3b--slur--start--1,n479--slur--start--1,slur,stamp,n81df471c0e4b4b3b
nd05a2b5ddfb2e900--tuplet--stop--1,n484--tuplet--stop--1,tuplet,stamp,nd05a2b5ddfb2e900
ndeed3168d630560c--tuplet--start--1,n485--tuplet--start--1,tuplet,stamp,ndeed3168d630560c
n4645cb694fa4b1f0--tuplet--stop--1,n490--tuplet--stop--1,tuplet,stamp,n4645cb694fa4b1f0
na09fe55f0876a671--tuplet--start--1,n491--tuplet--start--1,tuplet,stamp,na09fe55f0876a671
ne254ca11a80a3589--tuplet--stop--1,n496--tuplet--stop--1,tuplet,stamp,ne254ca11a80a3589
n488e6d71879efbaa--tuplet--start--1,n497--tuplet--start--1,tuplet,stamp,n488e6d71879efbaa
n6251bc4a12361df3--tuplet--stop--1,n502--tuplet--stop--1,tuplet,stamp,n6251bc4a12361df3
n6251bc4a12361df3--slur--stop--1,n502--slur--stop--1,slur,stamp,n6251bc4a12361df3
n4a8ccfcfc306f3cc--slur--stop--1,n503--slur--stop--1,slur,stamp,n4a8ccfcfc306f3cc
n4a8ccfcfc306f3cc--staccato--1,,staccato,derive,n4a8ccfcfc306f3cc
n4a83b6b75312ec9f--tuplet--start--1,n505--tuplet--start--1,tuplet,stamp,n4a83b6b75312ec9f
n4a83b6b75312ec9f--slur--start--1,n505--slur--start--1,slur,stamp,n4a83b6b75312ec9f
ne7c12b9eb03c9b6f--tuplet--stop--1,n509--tuplet--stop--1,tuplet,stamp,ne7c12b9eb03c9b6f
ne7c12b9eb03c9b6f--slur--stop--1,n509--slur--stop--1,slur,stamp,ne7c12b9eb03c9b6f
n12d005613255df86--arpeggiate--1,n510--arpeggiate--1,arpeggiate,stamp,n12d005613255df86
ndf65aa7703372ffa--arpeggiate--1,n511--arpeggiate--1,arpeggiate,stamp,ndf65aa7703372ffa
n6943d118c9b3f82f--arpeggiate--1,n512--arpeggiate--1,arpeggiate,stamp,n6943d118c9b3f82f
n945c37199a6375b7--arpeggiate--1,n513--arpeggiate--1,arpeggiate,stamp,n945c37199a6375b7
n63ca646066a8b978--slur--start--1,n514--slur--start--1,slur,stamp,n63ca646066a8b978
nd86350cb87b26976--tuplet--start--1,n516--tuplet--start--1,tuplet,stamp,nd86350cb87b26976
nd86350cb87b26976--slur--start--1,n516--slur--start--1,slur,stamp,nd86350cb87b26976
nc8320c171d5a389d--tuplet--stop--1,n521--tuplet--stop--1,tuplet,stamp,nc8320c171d5a389d
n3123e087f50d0ff3--tuplet--start--1,n522--tuplet--start--1,tuplet,stamp,n3123e087f50d0ff3
naec6a59ce00a9d4e--tuplet--stop--1,n527--tuplet--stop--1,tuplet,stamp,naec6a59ce00a9d4e
n308e9fdfcb105bd1--tuplet--start--1,n528--tuplet--start--1,tuplet,stamp,n308e9fdfcb105bd1
nbc752d2f3ad0d323--tuplet--stop--1,n533--tuplet--stop--1,tuplet,stamp,nbc752d2f3ad0d323
n1a4d8b69f9b3d84e--tuplet--start--1,n534--tuplet--start--1,tuplet,stamp,n1a4d8b69f9b3d84e
n4d7f413fd6ce31ab--tuplet--stop--1,n539--tuplet--stop--1,tuplet,stamp,n4d7f413fd6ce31ab
nff6b844f4f775ef4--slur--stop--1,n540--slur--stop--1,slur,stamp,nff6b844f4f775ef4
nff6b844f4f775ef4--staccato--1,,staccato,derive,nff6b844f4f775ef4
naedbeed03c3e97a5--slur--start--1,n542--slur--start--1,slur,stamp,naedbeed03c3e97a5
naedbeed03c3e97a5--accent--1,,accent,derive,naedbeed03c3e97a5
nf10ffa3d6d3b04b9--slur--stop--1,n544--slur--stop--1,slur,stamp,nf10ffa3d6d3b04b9
nf10ffa3d6d3b04b9--accent--1,,accent,derive,nf10ffa3d6d3b04b9
n109960b4a8857507--slur--start--1,n545--slur--start--1,slur,stamp,n109960b4a8857507
e85d0be1babe4aa44,md-1-19-1-1,octave-shift,md,1
n4df75f1980b2f904--tuplet--start--1,n547--tuplet--start--1,tuplet,stamp,n4df75f1980b2f904
n040c7bad7b9ebb2c--tuplet--stop--1,n552--tuplet--stop--1,tuplet,stamp,n040c7bad7b9ebb2c
n8a0ba8bbdcaa87ad--tuplet--start--1,n553--tuplet--start--1,tuplet,stamp,n8a0ba8bbdcaa87ad
n7dd50636adefcb98--tuplet--stop--1,n558--tuplet--stop--1,tuplet,stamp,n7dd50636adefcb98
nd05b788e81dc163e--tuplet--start--1,n559--tuplet--start--1,tuplet,stamp,nd05b788e81dc163e
n0c8627803863361f--tuplet--stop--1,n564--tuplet--stop--1,tuplet,stamp,n0c8627803863361f
n73393ec2e09df2da--tuplet--start--1,n565--tuplet--start--1,tuplet,stamp,n73393ec2e09df2da
n82df9e6fa0eb8d15--tuplet--stop--1,n570--tuplet--stop--1,tuplet,stamp,n82df9e6fa0eb8d15
n3a980495c319c0d9--slur--stop--1,n571--slur--stop--1,slur,stamp,n3a980495c319c0d9
n3a980495c319c0d9--staccato--1,,staccato,derive,n3a980495c319c0d9
nac6e44b41f049de0--tie--1,,tie,derive,nac6e44b41f049de0
nac6e44b41f049de0--tied--start--1,n574--tied--start--1,tied,stamp,nac6e44b41f049de0
nb78a97779e462a31--tie--1,,tie,derive,nb78a97779e462a31
nb78a97779e462a31--tied--stop--1,n576--tied--stop--1,tied,stamp,nb78a97779e462a31
ncef9f0670324d8a5--slur--start--1,n577--slur--start--1,slur,stamp,ncef9f0670324d8a5
n22dd9ea5d61b4986--slur--stop--1,n579--slur--stop--1,slur,stamp,n22dd9ea5d61b4986
edc5ee79a3742392d,md-1-20-1-1,octave-shift,md,1
n8bd6d3927a4d0d47--tuplet--start--1,n580--tuplet--start--1,tuplet,stamp,n8bd6d3927a4d0d47
n8498ed9ff7f0ce8f--tuplet--stop--1,n585--tuplet--stop--1,tuplet,stamp,n8498ed9ff7f0ce8f
nbeaece3b721e167d--tuplet--start--1,n586--tuplet--start--1,tuplet,stamp,nbeaece3b721e167d
nf560e760472f548b--tuplet--stop--1,n591--tuplet--stop--1,tuplet,stamp,nf560e760472f548b
n0224d0cd113d0bcc--tuplet--start--1,n592--tuplet--start--1,tuplet,stamp,n0224d0cd113d0bcc
n7f10769898152d42--tuplet--stop--1,n597--tuplet--stop--1,tuplet,stamp,n7f10769898152d42
n24e226a06c28042e--tuplet--start--1,n598--tuplet--start--1,tuplet,stamp,n24e226a06c28042e
nb6da0c33c82f3a33--tuplet--stop--1,n603--tuplet--stop--1,tuplet,stamp,nb6da0c33c82f3a33
nef5d387fb7bfc623--staccato--1,,staccato,derive,nef5d387fb7bfc623
nf30b02ddf30d9b30--tuplet--start--1,n606--tuplet--start--1,tuplet,stamp,nf30b02ddf30d9b30
nf30b02ddf30d9b30--slur--start--1,n606--slur--start--1,slur,stamp,nf30b02ddf30d9b30
n87f7706f1b22ea10--tuplet--stop--1,n608--tuplet--stop--1,tuplet,stamp,n87f7706f1b22ea10
n786fbbec8d634f14--slur--stop--1,n609--slur--stop--1,slur,stamp,n786fbbec8d634f14
ede95ae84c00baff2,md-1-21-1-1,octave-shift,md,1
efa72a562fa270b39,md-1-21-1-2,octave-shift,md,1
n99ca353361046e50--tuplet--start--1,n614--tuplet--start--1,tuplet,stamp,n99ca353361046e50
ne04ee116256004c3--tuplet--stop--1,n619--tuplet--stop--1,tuplet,stamp,ne04ee116256004c3
n590f0f833546fa5f--tuplet--start--1,n620--tuplet--start--1,tuplet,stamp,n590f0f833546fa5f
ne5a76643046b4af0--tuplet--stop--1,n625--tuplet--stop--1,tuplet,stamp,ne5a76643046b4af0
ncc9c023e2405c85b--tuplet--start--1,n626--tuplet--start--1,tuplet,stamp,ncc9c023e2405c85b
nfc1563bfe34dd50e--tuplet--stop--1,n631--tuplet--stop--1,tuplet,stamp,nfc1563bfe34dd50e
nc93768fd713e9841--tuplet--start--1,n632--tuplet--start--1,tuplet,stamp,nc93768fd713e9841
n364987c6fb35c001--tuplet--stop--1,n637--tuplet--stop--1,tuplet,stamp,n364987c6fb35c001
na58afd2e4e1f04f0--staccato--1,,staccato,derive,na58afd2e4e1f04f0
n0e4e3fdb5ab23571--arpeggiate--1,n640--arpeggiate--1,arpeggiate,stamp,n0e4e3fdb5ab23571
n19430818c761113e--arpeggiate--1,n641--arpeggiate--1,arpeggiate,stamp,n19430818c761113e
n060cc6b465f7105c--arpeggiate--1,n642--arpeggiate--1,arpeggiate,stamp,n060cc6b465f7105c
ef442f6c8fab669ad,md-1-22-1-1,octave-shift,md,1
n920bf5b57c417edf--tuplet--start--1,n644--tuplet--start--1,tuplet,stamp,n920bf5b57c417edf
n1da3fea87d47bfd6--tuplet--stop--1,n649--tuplet--stop--1,tuplet,stamp,n1da3fea87d47bfd6
n2556731bf5ee1f5c--tuplet--start--1,n650--tuplet--start--1,tuplet,stamp,n2556731bf5ee1f5c
na6cdee58e2803079--tuplet--stop--1,n655--tuplet--stop--1,tuplet,stamp,na6cdee58e2803079
ne64211276dec8910--tuplet--start--1,n656--tuplet--start--1,tuplet,stamp,ne64211276dec8910
n42fe39c963acdbb0--tuplet--stop--1,n661--tuplet--stop--1,tuplet,stamp,n42fe39c963acdbb0
n284b9d6a9f89b08f--tuplet--start--1,n662--tuplet--start--1,tuplet,stamp,n284b9d6a9f89b08f
n6637c2f50dc25f46--tuplet--stop--1,n667--tuplet--stop--1,tuplet,stamp,n6637c2f50dc25f46
n167b2f77210dfdba--staccato--1,,staccato,derive,n167b2f77210dfdba
nfc0767af7336ac6e--slur--start--1,n670--slur--start--1,slur,stamp,nfc0767af7336ac6e
eb08c23a44a81f72a,md-1-23-1-1,dynamics,md,1
e37a2c5906bc2b86f,md-1-23-1-2,octave-shift,md,1
n2dab353b8eed9efe--tuplet--start--1,n682--tuplet--start--1,tuplet,stamp,n2dab353b8eed9efe
na3bd03b302c7011c--tuplet--stop--1,n687--tuplet--stop--1,tuplet,stamp,na3bd03b302c7011c
nb5d6ede2ee179fe8--tuplet--start--1,n688--tuplet--start--1,tuplet,stamp,nb5d6ede2ee179fe8
n8f7ec9451abc4e21--tuplet--stop--1,n693--tuplet--stop--1,tuplet,stamp,n8f7ec9451abc4e21
n852ea82f30b30142--tuplet--start--1,n694--tuplet--start--1,tuplet,stamp,n852ea82f30b30142
ncfe49eef8b39f4f9--tuplet--stop--1,n699--tuplet--stop--1,tuplet,stamp,ncfe49eef8b39f4f9
n85ffabce93e7b000--tuplet--start--1,n700--tuplet--start--1,tuplet,stamp,n85ffabce93e7b000
n5df72198ed07dd1f--tuplet--stop--1,n705--tuplet--stop--1,tuplet,stamp,n5df72198ed07dd1f
n3922d1212e0d4356--slur--stop--1,n712--slur--stop--1,slur,stamp,n3922d1212e0d4356
n727baabf3a666324--tuplet--start--1,n715--tuplet--start--1,tuplet,stamp,n727baabf3a666324
na01609e63ef9b2c8--tuplet--stop--1,n720--tuplet--stop--1,tuplet,stamp,na01609e63ef9b2c8
n292105dd3ec6214a--tuplet--start--1,n721--tuplet--start--1,tuplet,stamp,n292105dd3ec6214a
n94ef04817c8a0185--tuplet--stop--1,n726--tuplet--stop--1,tuplet,stamp,n94ef04817c8a0185
n5cb8523b609c8132--tuplet--start--1,n727--tuplet--start--1,tuplet,stamp,n5cb8523b609c8132
n4a0bfea06827d7fb--tuplet--stop--1,n732--tuplet--stop--1,tuplet,stamp,n4a0bfea06827d7fb
n6cb93932a5505b72--tuplet--start--1,n733--tuplet--start--1,tuplet,stamp,n6cb93932a5505b72
n0ac6e79a3affb9d4--tuplet--stop--1,n738--tuplet--stop--1,tuplet,stamp,n0ac6e79a3affb9d4
n51e668825811e98f--staccato--1,,staccato,derive,n51e668825811e98f
n37f497a3e5478ad6--slur--start--1,n740--slur--start--1,slur,stamp,n37f497a3e5478ad6
ecdb1d0bad581c6f1,md-1-25-1-1,dynamics,md,1
n4a2bb37649c576ba--tuplet--start--1,n748--tuplet--start--1,tuplet,stamp,n4a2bb37649c576ba
n8e758d00eda210ce--tuplet--stop--1,n753--tuplet--stop--1,tuplet,stamp,n8e758d00eda210ce
n001952fc77376e7e--tuplet--start--1,n754--tuplet--start--1,tuplet,stamp,n001952fc77376e7e
n451c6edb64ac7047--tuplet--stop--1,n759--tuplet--stop--1,tuplet,stamp,n451c6edb64ac7047
n57c6d94a6adc4c97--tuplet--start--1,n760--tuplet--start--1,tuplet,stamp,n57c6d94a6adc4c97
n3fa26e5a85918d46--tuplet--stop--1,n765--tuplet--stop--1,tuplet,stamp,n3fa26e5a85918d46
nc01951ef97211a2e--tuplet--start--1,n766--tuplet--start--1,tuplet,stamp,nc01951ef97211a2e
nefd47ce4d53c975e--tuplet--stop--1,n771--tuplet--stop--1,tuplet,stamp,nefd47ce4d53c975e
nefd47ce4d53c975e--slur--stop--1,n771--slur--stop--1,slur,stamp,nefd47ce4d53c975e
n3fdb7bb3bf64f76c--slur--stop--1,n772--slur--stop--1,slur,stamp,n3fdb7bb3bf64f76c
n0fec64bdd3b189ec--slur--start--1,n774--slur--start--1,slur,stamp,n0fec64bdd3b189ec
ne6a36afe027f2298--slur--stop--1,n775--slur--stop--1,slur,stamp,ne6a36afe027f2298
n6685d5e9f5bde8a8--tuplet--start--1,n777--tuplet--start--1,tuplet,stamp,n6685d5e9f5bde8a8
n6685d5e9f5bde8a8--slur--start--1,n777--slur--start--1,slur,stamp,n6685d5e9f5bde8a8
n7143e319c102c510--tuplet--stop--1,n782--tuplet--stop--1,tuplet,stamp,n7143e319c102c510
n55950eb030f4f0d1--tuplet--start--1,n783--tuplet--start--1,tuplet,stamp,n55950eb030f4f0d1
n63a54c9a8a6f8435--tuplet--stop--1,n788--tuplet--stop--1,tuplet,stamp,n63a54c9a8a6f8435
n0e8d049b3bd76dea--tuplet--start--1,n789--tuplet--start--1,tuplet,stamp,n0e8d049b3bd76dea
n2ba3f26f0f41698f--tuplet--stop--1,n794--tuplet--stop--1,tuplet,stamp,n2ba3f26f0f41698f
nc4859329ea9835fb--tuplet--start--1,n795--tuplet--start--1,tuplet,stamp,nc4859329ea9835fb
n8c28b48a974b0ad0--tuplet--stop--1,n800--tuplet--stop--1,tuplet,stamp,n8c28b48a974b0ad0
n8c28b48a974b0ad0--slur--stop--1,n800--slur--stop--1,slur,stamp,n8c28b48a974b0ad0
ne9675987467e62b2--staccato--1,,staccato,derive,ne9675987467e62b2
n79c3b94e71e55283--slur--start--1,n802--slur--start--1,slur,stamp,n79c3b94e71e55283
n79c3b94e71e55283--accent--1,,accent,derive,n79c3b94e71e55283
n72adfabeafa9bc47--slur--stop--1,n806--slur--stop--1,slur,stamp,n72adfabeafa9bc47
na19f739a25ee10cb--slur--start--1,n808--slur--start--1,slur,stamp,na19f739a25ee10cb
na19f739a25ee10cb--accent--1,,accent,derive,na19f739a25ee10cb
n96b0495d1ad1c3d8--tuplet--start--1,n810--tuplet--start--1,tuplet,stamp,n96b0495d1ad1c3d8
n96b0495d1ad1c3d8--slur--start--1,n810--slur--start--1,slur,stamp,n96b0495d1ad1c3d8
n3d35dd1762795992--tuplet--stop--1,n815--tuplet--stop--1,tuplet,stamp,n3d35dd1762795992
n0c11fe4f70106e46--tuplet--start--1,n816--tuplet--start--1,tuplet,stamp,n0c11fe4f70106e46
ndc06a1c77cce803b--tuplet--stop--1,n821--tuplet--stop--1,tuplet,stamp,ndc06a1c77cce803b
nf1f67765bb098723--tuplet--start--1,n822--tuplet--start--1,tuplet,stamp,nf1f67765bb098723
n045529bebafa5c4b--tuplet--stop--1,n827--tuplet--stop--1,tuplet,stamp,n045529bebafa5c4b
n519b3dc0aa1312a8--tuplet--start--1,n828--tuplet--start--1,tuplet,stamp,n519b3dc0aa1312a8
n417ba7325578c5cf--tuplet--stop--1,n833--tuplet--stop--1,tuplet,stamp,n417ba7325578c5cf
n417ba7325578c5cf--slur--stop--1,n833--slur--stop--1,slur,stamp,n417ba7325578c5cf
nddac79b328991985--slur--stop--1,n834--slur--stop--1,slur,stamp,nddac79b328991985
nddac79b328991985--staccato--1,,staccato,derive,nddac79b328991985
n2a23f8a95f70f4d9--tuplet--start--1,n836--tuplet--start--1,tuplet,stamp,n2a23f8a95f70f4d9
n2a23f8a95f70f4d9--slur--start--1,n836--slur--start--1,slur,stamp,n2a23f8a95f70f4d9
na58650af08aad61d--tuplet--stop--1,n840--tuplet--stop--1,tuplet,stamp,na58650af08aad61d
nb12230e70a505979--slur--stop--1,n842--slur--stop--1,slur,stamp,nb12230e70a505979
nd67b3747e6e83faa--accent--1,,accent,derive,nd67b3747e6e83faa
nf68cf2a002afa045--tuplet--start--1,n846--tuplet--start--1,tuplet,stamp,nf68cf2a002afa045
nf68cf2a002afa045--slur--start--1,n846--slur--start--1,slur,stamp,nf68cf2a002afa045
n4ff6b3a4cd53625f--tuplet--stop--1,n851--tuplet--stop--1,tuplet,stamp,n4ff6b3a4cd53625f
n095a18641246f0ab--tuplet--start--1,n852--tuplet--start--1,tuplet,stamp,n095a18641246f0ab
n937af454e54eea2e--tuplet--stop--1,n857--tuplet--stop--1,tuplet,stamp,n937af454e54eea2e
nc70f4f5c42b3c739--tuplet--start--1,n858--tuplet--start--1,tuplet,stamp,nc70f4f5c42b3c739
n673dec38ee67f1c7--tuplet--stop--1,n863--tuplet--stop--1,tuplet,stamp,n673dec38ee67f1c7
n116fe53a90c99f5b--tuplet--start--1,n864--tuplet--start--1,tuplet,stamp,n116fe53a90c99f5b
n5c7ba03cd00ace15--tuplet--stop--1,n869--tuplet--stop--1,tuplet,stamp,n5c7ba03cd00ace15
ne23956b131682b40--staccato--1,,staccato,derive,ne23956b131682b40
n866ecdd57bf20820--tuplet--start--1,n872--tuplet--start--1,tuplet,stamp,n866ecdd57bf20820
n866ecdd57bf20820--slur--start--1,n872--slur--start--1,slur,stamp,n866ecdd57bf20820
nf5566e48d747648d--tuplet--stop--1,n874--tuplet--stop--1,tuplet,stamp,nf5566e48d747648d
nf5566e48d747648d--slur--stop--1,n874--slur--stop--1,slur,stamp,nf5566e48d747648d
nddac2ad8c0f350f5--slur--start--1,n879--slur--start--1,slur,stamp,nddac2ad8c0f350f5
n6db9de205efc0616--tuplet--start--1,n882--tuplet--start--1,tuplet,stamp,n6db9de205efc0616
n6550e13e0beaec85--tuplet--stop--1,n887--tuplet--stop--1,tuplet,stamp,n6550e13e0beaec85
n9d4a8089c9cdc2c1--tuplet--start--1,n888--tuplet--start--1,tuplet,stamp,n9d4a8089c9cdc2c1
nbc452272d87df939--tuplet--stop--1,n893--tuplet--stop--1,tuplet,stamp,nbc452272d87df939
ne1334ef9e78297cd--slur--stop--1,n894--slur--stop--1,slur,stamp,ne1334ef9e78297cd
ne1334ef9e78297cd--staccatissimo--1,,staccatissimo,derive,ne1334ef9e78297cd
n6ca7a7badbfe3331--slur--stop--1,n896--slur--stop--1,slur,stamp,n6ca7a7badbfe3331
n6ca7a7badbfe3331--staccato--1,,staccato,derive,n6ca7a7badbfe3331
n02f39d3202b23fd6--tuplet--start--1,n898--tuplet--start--1,tuplet,stamp,n02f39d3202b23fd6
n02f39d3202b23fd6--slur--start--1,n898--slur--start--1,slur,stamp,n02f39d3202b23fd6
n9d0a722872a1b935--tuplet--stop--1,n902--tuplet--stop--1,tuplet,stamp,n9d0a722872a1b935
na1472a742423ce36--slur--stop--1,n904--slur--stop--1,slur,stamp,na1472a742423ce36
na1472a742423ce36--staccato--1,,staccato,derive,na1472a742423ce36
ebdcb2a3841f442c4,md-1-30-1-1,wedge,md,1
e82484c9de7a9aff0,md-1-30-1-2,wedge,md,1
n13952f9393069b43--tuplet--start--1,n908--tuplet--start--1,tuplet,stamp,n13952f9393069b43
n13952f9393069b43--slur--start--1,n908--slur--start--1,slur,stamp,n13952f9393069b43
nd0a6eca90e8bcbd1--tuplet--stop--1,n913--tuplet--stop--1,tuplet,stamp,nd0a6eca90e8bcbd1
nd634356a42d87ac1--tuplet--start--1,n914--tuplet--start--1,tuplet,stamp,nd634356a42d87ac1
n43331c1bb709391d--tuplet--stop--1,n919--tuplet--stop--1,tuplet,stamp,n43331c1bb709391d
nc565fcdb4357943a--tuplet--start--1,n920--tuplet--start--1,tuplet,stamp,nc565fcdb4357943a
n265df25df7ff467c--tuplet--stop--1,n925--tuplet--stop--1,tuplet,stamp,n265df25df7ff467c
n86f9821910b1800e--tuplet--start--1,n926--tuplet--start--1,tuplet,stamp,n86f9821910b1800e
n87eeed84adfc27f6--tuplet--stop--1,n931--tuplet--stop--1,tuplet,stamp,n87eeed84adfc27f6
nbd9834854ac752e1--staccato--1,,staccato,derive,nbd9834854ac752e1
n6519651459253b1c--slur--start--1,n933--slur--start--1,slur,stamp,n6519651459253b1c
e39e3ffa806a575c7,md-1-31-1-1,dynamics,md,1
edec55098ff090154,md-1-31-1-2,octave-shift,md,1
ea139c51566a6ed11,md-1-31-1-3,octave-shift,md,1
n86a98c968f611d9d--tuplet--start--1,n945--tuplet--start--1,tuplet,stamp,n86a98c968f611d9d
n90c77ed69f3fcb08--tuplet--stop--1,n950--tuplet--stop--1,tuplet,stamp,n90c77ed69f3fcb08
nbe742d6eb70a7611--tuplet--start--1,n951--tuplet--start--1,tuplet,stamp,nbe742d6eb70a7611
nc333f6ccfdb97c80--tuplet--stop--1,n956--tuplet--stop--1,tuplet,stamp,nc333f6ccfdb97c80
n4ae711cb860efa68--tuplet--start--1,n957--tuplet--start--1,tuplet,stamp,n4ae711cb860efa68
nd04e39748867d320--tuplet--stop--1,n962--tuplet--stop--1,tuplet,stamp,nd04e39748867d320
n24cbbd4a96e26221--tuplet--start--1,n963--tuplet--start--1,tuplet,stamp,n24cbbd4a96e26221
n1e134d385ef1994e--tuplet--stop--1,n968--tuplet--stop--1,tuplet,stamp,n1e134d385ef1994e
n79520b312de207d1--slur--stop--1,n975--slur--stop--1,slur,stamp,n79520b312de207d1
nf36405c3beb7185c--tuplet--start--1,n978--tuplet--start--1,tuplet,stamp,nf36405c3beb7185c
n7326663e84abe078--tuplet--stop--1,n983--tuplet--stop--1,tuplet,stamp,n7326663e84abe078
ned29e9845b76b1c1--tuplet--start--1,n984--tuplet--start--1,tuplet,stamp,ned29e9845b76b1c1
n2acfa857542d4d8f--tuplet--stop--1,n989--tuplet--stop--1,tuplet,stamp,n2acfa857542d4d8f
nb046eb53da038a5b--tuplet--start--1,n990--tuplet--start--1,tuplet,stamp,nb046eb53da038a5b
n5d5dd9fefa71428d--tuplet--stop--1,n995--tuplet--stop--1,tuplet,stamp,n5d5dd9fefa71428d
nd9dc7bf7b0cc6088--tuplet--start--1,n996--tuplet--start--1,tuplet,stamp,nd9dc7bf7b0cc6088
n2c726685f9b1cd31--tuplet--stop--1,n1001--tuplet--stop--1,tuplet,stamp,n2c726685f9b1cd31
n996187cdc9ab9a39--staccato--1,,staccato,derive,n996187cdc9ab9a39
na222d374db4b68d5--tie--1,,tie,derive,na222d374db4b68d5
na222d374db4b68d5--tied--start--1,n1007--tied--start--1,tied,stamp,na222d374db4b68d5
n524a98c09dcf45fa--tuplet--start--1,n1008--tuplet--start--1,tuplet,stamp,n524a98c09dcf45fa
n89b09fc6c66f924d--tuplet--stop--1,n1013--tuplet--stop--1,tuplet,stamp,n89b09fc6c66f924d
n1a9b8329dee7353a--tuplet--start--1,n1014--tuplet--start--1,tuplet,stamp,n1a9b8329dee7353a
n4105850fb1efc034--tuplet--stop--1,n1019--tuplet--stop--1,tuplet,stamp,n4105850fb1efc034
nc707e4be0a0b5ad9--tuplet--start--1,n1020--tuplet--start--1,tuplet,stamp,nc707e4be0a0b5ad9
nb1446b3c31fc4707--tuplet--stop--1,n1025--tuplet--stop--1,tuplet,stamp,nb1446b3c31fc4707
n69f661064992e5f5--tuplet--start--1,n1026--tuplet--start--1,tuplet,stamp,n69f661064992e5f5
n9857a038e6d43c6b--tuplet--stop--1,n1031--tuplet--stop--1,tuplet,stamp,n9857a038e6d43c6b
n9857a038e6d43c6b--slur--stop--1,n1031--slur--stop--1,slur,stamp,n9857a038e6d43c6b
n1da340f5d87ac4a1--slur--start--1,n1033--slur--start--1,slur,stamp,n1da340f5d87ac4a1
n95a5847cdf38486c--slur--stop--1,n1034--slur--stop--1,slur,stamp,n95a5847cdf38486c
n2ebc57b2a084b5c8--tie--1,,tie,derive,n2ebc57b2a084b5c8
n2ebc57b2a084b5c8--tied--stop--1,n1035--tied--stop--1,tied,stamp,n2ebc57b2a084b5c8
n3769f5eca10ef584--tuplet--start--1,n1037--tuplet--start--1,tuplet,stamp,n3769f5eca10ef584
n3769f5eca10ef584--slur--start--1,n1037--slur--start--1,slur,stamp,n3769f5eca10ef584
n2f1a91b4a00a6302--tuplet--stop--1,n1042--tuplet--stop--1,tuplet,stamp,n2f1a91b4a00a6302
nd405c63399cd4abd--tuplet--start--1,n1043--tuplet--start--1,tuplet,stamp,nd405c63399cd4abd
n2267a116b8d7dc73--tuplet--stop--1,n1048--tuplet--stop--1,tuplet,stamp,n2267a116b8d7dc73
n03282157d3fb3442--tuplet--start--1,n1049--tuplet--start--1,tuplet,stamp,n03282157d3fb3442
neb132cb2961023e4--tuplet--stop--1,n1054--tuplet--stop--1,tuplet,stamp,neb132cb2961023e4
n94fb165becb6b97a--tuplet--start--1,n1055--tuplet--start--1,tuplet,stamp,n94fb165becb6b97a
n33c9d1fe52a1c5bf--tuplet--stop--1,n1060--tuplet--stop--1,tuplet,stamp,n33c9d1fe52a1c5bf
n33c9d1fe52a1c5bf--slur--stop--1,n1060--slur--stop--1,slur,stamp,n33c9d1fe52a1c5bf
n578b9a1d8cbf7390--staccato--1,,staccato,derive,n578b9a1d8cbf7390
n260e6cc280a23da3--tuplet--start--1,n1062--tuplet--start--1,tuplet,stamp,n260e6cc280a23da3
n260e6cc280a23da3--slur--start--1,n1062--slur--start--1,slur,stamp,n260e6cc280a23da3
n260e6cc280a23da3--accent--1,,accent,derive,n260e6cc280a23da3
n5e7018bae3884ce1--tuplet--stop--1,n1065--tuplet--stop--1,tuplet,stamp,n5e7018bae3884ce1
n5e7018bae3884ce1--slur--stop--1,n1065--slur--stop--1,slur,stamp,n5e7018bae3884ce1
n8179922259ae1e20--arpeggiate--1,n1066--arpeggiate--1,arpeggiate,stamp,n8179922259ae1e20
necea30b53611fab7--arpeggiate--1,n1067--arpeggiate--1,arpeggiate,stamp,necea30b53611fab7
n6b253d315065a636--arpeggiate--1,n1068--arpeggiate--1,arpeggiate,stamp,n6b253d315065a636
nd088628ab6b7900e--slur--start--1,n1069--slur--start--1,slur,stamp,nd088628ab6b7900e
nd088628ab6b7900e--accent--1,,accent,derive,nd088628ab6b7900e
nfbccd78016d4a52d--tuplet--start--1,n1070--tuplet--start--1,tuplet,stamp,nfbccd78016d4a52d
nfbccd78016d4a52d--slur--start--1,n1070--slur--start--1,slur,stamp,nfbccd78016d4a52d
n82f42710848613d1--tuplet--stop--1,n1075--tuplet--stop--1,tuplet,stamp,n82f42710848613d1
n6fbc2c5a8cf57f8c--tuplet--start--1,n1076--tuplet--start--1,tuplet,stamp,n6fbc2c5a8cf57f8c
nc17a325cf8d1bbdf--tuplet--stop--1,n1081--tuplet--stop--1,tuplet,stamp,nc17a325cf8d1bbdf
nc456728595f89dbb--tuplet--start--1,n1082--tuplet--start--1,tuplet,stamp,nc456728595f89dbb
n1ff12400a75bceda--tuplet--stop--1,n1087--tuplet--stop--1,tuplet,stamp,n1ff12400a75bceda
n9cdc54fa9837debc--tuplet--start--1,n1088--tuplet--start--1,tuplet,stamp,n9cdc54fa9837debc
n9fbef8c78469b1ce--tuplet--stop--1,n1093--tuplet--stop--1,tuplet,stamp,n9fbef8c78469b1ce
n9fbef8c78469b1ce--slur--stop--1,n1093--slur--stop--1,slur,stamp,n9fbef8c78469b1ce
nda4178ae72747677--slur--stop--1,n1094--slur--stop--1,slur,stamp,nda4178ae72747677
nda4178ae72747677--staccato--1,,staccato,derive,nda4178ae72747677
n11e2c602eb215fd5--tuplet--start--1,n1095--tuplet--start--1,tuplet,stamp,n11e2c602eb215fd5
n11e2c602eb215fd5--slur--start--1,n1095--slur--start--1,slur,stamp,n11e2c602eb215fd5
n11e2c602eb215fd5--accent--1,,accent,derive,n11e2c602eb215fd5
nfaa399052ce468a5--tuplet--stop--1,n1098--tuplet--stop--1,tuplet,stamp,nfaa399052ce468a5
nfaa399052ce468a5--slur--stop--1,n1098--slur--stop--1,slur,stamp,nfaa399052ce468a5
n1714d3790a19120c--arpeggiate--1,n1099--arpeggiate--1,arpeggiate,stamp,n1714d3790a19120c
n32883db56c1b5eb8--arpeggiate--1,n1100--arpeggiate--1,arpeggiate,stamp,n32883db56c1b5eb8
nc008c66e0655d0bd--arpeggiate--1,n1101--arpeggiate--1,arpeggiate,stamp,nc008c66e0655d0bd
n22919cd4c56b7080--arpeggiate--1,n1102--arpeggiate--1,arpeggiate,stamp,n22919cd4c56b7080
n83b5393d99bef05e--slur--start--1,n1103--slur--start--1,slur,stamp,n83b5393d99bef05e
n83b5393d99bef05e--accent--1,,accent,derive,n83b5393d99bef05e
ndbb3bd940e7d2670--tuplet--start--1,n1104--tuplet--start--1,tuplet,stamp,ndbb3bd940e7d2670
ndbb3bd940e7d2670--slur--start--1,n1104--slur--start--1,slur,stamp,ndbb3bd940e7d2670
nbf9ac7b735bb25c1--tuplet--stop--1,n1109--tuplet--stop--1,tuplet,stamp,nbf9ac7b735bb25c1
n11e5b1eacc4bc035--tuplet--start--1,n1110--tuplet--start--1,tuplet,stamp,n11e5b1eacc4bc035
n544d74add97f108f--tuplet--stop--1,n1115--tuplet--stop--1,tuplet,stamp,n544d74add97f108f
n5a6f1b73f486f8e3--tuplet--start--1,n1116--tuplet--start--1,tuplet,stamp,n5a6f1b73f486f8e3
n7c0732fe75f22db7--tuplet--stop--1,n1121--tuplet--stop--1,tuplet,stamp,n7c0732fe75f22db7
nd52e94c156bf3355--tuplet--start--1,n1122--tuplet--start--1,tuplet,stamp,nd52e94c156bf3355
n59c11893f5c0125b--tuplet--stop--1,n1127--tuplet--stop--1,tuplet,stamp,n59c11893f5c0125b
nc6732c1e110d8284--slur--stop--1,n1128--slur--stop--1,slur,stamp,nc6732c1e110d8284
nc6732c1e110d8284--staccato--1,,staccato,derive,nc6732c1e110d8284
n118f497931d8c978--accent--1,,accent,derive,n118f497931d8c978
n6baa91c4de0380ce--accent--1,,accent,derive,n6baa91c4de0380ce
nc9bf24d2bc0d9f64--slur--start--1,n1132--slur--start--1,slur,stamp,nc9bf24d2bc0d9f64
edb7487e2887fc77c,md-1-37-1-1,octave-shift,md,1
n04f811714c90cd78--tuplet--start--1,n1134--tuplet--start--1,tuplet,stamp,n04f811714c90cd78
nf8e7962300db1e24--tuplet--stop--1,n1139--tuplet--stop--1,tuplet,stamp,nf8e7962300db1e24
n28c1ce170eea27d7--tuplet--start--1,n1140--tuplet--start--1,tuplet,stamp,n28c1ce170eea27d7
n113eb731f22d9db5--tuplet--stop--1,n1145--tuplet--stop--1,tuplet,stamp,n113eb731f22d9db5
n255a79c1e6a69e69--tuplet--start--1,n1146--tuplet--start--1,tuplet,stamp,n255a79c1e6a69e69
n3ff5d3488f452652--tuplet--stop--1,n1151--tuplet--stop--1,tuplet,stamp,n3ff5d3488f452652
nddb1c51390a78046--tuplet--start--1,n1152--tuplet--start--1,tuplet,stamp,nddb1c51390a78046
n02ff5a96dc08a817--tuplet--stop--1,n1157--tuplet--stop--1,tuplet,stamp,n02ff5a96dc08a817
n02ff5a96dc08a817--slur--stop--1,n1157--slur--stop--1,slur,stamp,n02ff5a96dc08a817
nded1c60cef3cd170--slur--stop--1,n1158--slur--stop--1,slur,stamp,nded1c60cef3cd170
nded1c60cef3cd170--staccato--1,,staccato,derive,nded1c60cef3cd170
nac1b5c29aa2836e2--tuplet--start--1,n1160--tuplet--start--1,tuplet,stamp,nac1b5c29aa2836e2
nac1b5c29aa2836e2--slur--start--1,n1160--slur--start--1,slur,stamp,nac1b5c29aa2836e2
ndecca9fc6e1cf415--tuplet--stop--1,n1162--tuplet--stop--1,tuplet,stamp,ndecca9fc6e1cf415
ndecca9fc6e1cf415--slur--stop--1,n1162--slur--stop--1,slur,stamp,ndecca9fc6e1cf415
n91c555b831a711a4--staccato--1,,staccato,derive,n91c555b831a711a4
n4a9d3a2535b63651--tuplet--start--1,n1164--tuplet--start--1,tuplet,stamp,n4a9d3a2535b63651
n4a9d3a2535b63651--slur--start--1,n1164--slur--start--1,slur,stamp,n4a9d3a2535b63651
n31fab9472be89ddc--tuplet--stop--1,n1167--tuplet--stop--1,tuplet,stamp,n31fab9472be89ddc
n31fab9472be89ddc--slur--stop--1,n1167--slur--stop--1,slur,stamp,n31fab9472be89ddc
e2999d818bdd4a745,md-1-38-1-1,octave-shift,md,1
nded058b6aac68f62--tuplet--start--1,n1168--tuplet--start--1,tuplet,stamp,nded058b6aac68f62
nded058b6aac68f62--slur--start--1,n1168--slur--start--1,slur,stamp,nded058b6aac68f62
nec1d5e301c4d9b56--tuplet--stop--1,n1173--tuplet--stop--1,tuplet,stamp,nec1d5e301c4d9b56
nfbc463371c352e94--tuplet--start--1,n1174--tuplet--start--1,tuplet,stamp,nfbc463371c352e94
n5f2caba5515d3f9e--tuplet--stop--1,n1179--tuplet--stop--1,tuplet,stamp,n5f2caba5515d3f9e
ndec2f2e263d5e062--tuplet--start--1,n1180--tuplet--start--1,tuplet,stamp,ndec2f2e263d5e062
nf9543a8261a8ea7a--tuplet--stop--1,n1185--tuplet--stop--1,tuplet,stamp,nf9543a8261a8ea7a
nb34e9aa7bc474b0a--tuplet--start--1,n1186--tuplet--start--1,tuplet,stamp,nb34e9aa7bc474b0a
naec0c0ce207114cd--tuplet--stop--1,n1191--tuplet--stop--1,tuplet,stamp,naec0c0ce207114cd
n535d9287653b86df--staccato--1,,staccato,derive,n535d9287653b86df
n3495388aad8fa3dc--tuplet--start--1,n1193--tuplet--start--1,tuplet,stamp,n3495388aad8fa3dc
n3495388aad8fa3dc--slur--start--1,n1193--slur--start--1,slur,stamp,n3495388aad8fa3dc
n441ed33c898ffc2e--tuplet--stop--1,n1196--tuplet--stop--1,tuplet,stamp,n441ed33c898ffc2e
n441ed33c898ffc2e--slur--stop--1,n1196--slur--stop--1,slur,stamp,n441ed33c898ffc2e
nd7e78d9d2175fb7c--staccato--1,,staccato,derive,nd7e78d9d2175fb7c
n13f260c83620d33c--tuplet--start--1,n1202--tuplet--start--1,tuplet,stamp,n13f260c83620d33c
n803dd0672ac6d7d0--tuplet--stop--1,n1207--tuplet--stop--1,tuplet,stamp,n803dd0672ac6d7d0
nb34e8c5d5844df25--tuplet--start--1,n1208--tuplet--start--1,tuplet,stamp,nb34e8c5d5844df25
nd839151dd0398dc4--tuplet--stop--1,n1213--tuplet--stop--1,tuplet,stamp,nd839151dd0398dc4
n04d653d1a7439707--tuplet--start--1,n1214--tuplet--start--1,tuplet,stamp,n04d653d1a7439707
nbb33b0cfdba290f5--tuplet--stop--1,n1219--tuplet--stop--1,tuplet,stamp,nbb33b0cfdba290f5
ndb176d3eb5cc765a--tuplet--start--1,n1220--tuplet--start--1,tuplet,stamp,ndb176d3eb5cc765a
n1ecfe25b6e972ec5--tuplet--stop--1,n1225--tuplet--stop--1,tuplet,stamp,n1ecfe25b6e972ec5
n1ecfe25b6e972ec5--slur--stop--1,n1225--slur--stop--1,slur,stamp,n1ecfe25b6e972ec5
n54688dabb9ffecfa--arpeggiate--1,n1226--arpeggiate--1,arpeggiate,stamp,n54688dabb9ffecfa
n2b9e4d0c622280b5--arpeggiate--1,n1227--arpeggiate--1,arpeggiate,stamp,n2b9e4d0c622280b5
n395a72c09c6128c1--arpeggiate--1,n1228--arpeggiate--1,arpeggiate,stamp,n395a72c09c6128c1
n0f64e43157a604dd--slur--start--1,n1231--slur--start--1,slur,stamp,n0f64e43157a604dd
nea32786e1de005ef--tuplet--start--1,n1245--tuplet--start--1,tuplet,stamp,nea32786e1de005ef
nea32786e1de005ef--slur--start--1,n1245--slur--start--1,slur,stamp,nea32786e1de005ef
n6b67a18a49e0ea00--tuplet--stop--1,n1250--tuplet--stop--1,tuplet,stamp,n6b67a18a49e0ea00
n3f14de5040bef8ee--tuplet--start--1,n1251--tuplet--start--1,tuplet,stamp,n3f14de5040bef8ee
ne810298e31b51ed6--tuplet--stop--1,n1256--tuplet--stop--1,tuplet,stamp,ne810298e31b51ed6
nc4e76ca3e4330280--tuplet--start--1,n1257--tuplet--start--1,tuplet,stamp,nc4e76ca3e4330280
n4b40863161287fdd--tuplet--stop--1,n1262--tuplet--stop--1,tuplet,stamp,n4b40863161287fdd
n152c98e45ac46d3f--tuplet--start--1,n1263--tuplet--start--1,tuplet,stamp,n152c98e45ac46d3f
n4518102c168f67d7--tuplet--stop--1,n1268--tuplet--stop--1,tuplet,stamp,n4518102c168f67d7
e00bafd665678a833,md-1-41-1-1,dynamics,md,1
nd21ad9d4abe24e78--slur--stop--1,n1275--slur--stop--1,slur,stamp,nd21ad9d4abe24e78
n653b53b4f30cec67--tuplet--start--1,n1278--tuplet--start--1,tuplet,stamp,n653b53b4f30cec67
n58d6567b03908bbd--tuplet--stop--1,n1283--tuplet--stop--1,tuplet,stamp,n58d6567b03908bbd
n9afa48e23f9f67f2--tuplet--start--1,n1284--tuplet--start--1,tuplet,stamp,n9afa48e23f9f67f2
nbea3ba4cc448b203--tuplet--stop--1,n1289--tuplet--stop--1,tuplet,stamp,nbea3ba4cc448b203
n99eb7c70f94379a9--tuplet--start--1,n1290--tuplet--start--1,tuplet,stamp,n99eb7c70f94379a9
n5aa958e0836a305f--tuplet--stop--1,n1295--tuplet--stop--1,tuplet,stamp,n5aa958e0836a305f
n8caadd216cdb4e5c--tuplet--start--1,n1296--tuplet--start--1,tuplet,stamp,n8caadd216cdb4e5c
nb99baef299a66c76--tuplet--stop--1,n1301--tuplet--stop--1,tuplet,stamp,nb99baef299a66c76
nb99baef299a66c76--slur--stop--1,n1301--slur--stop--1,slur,stamp,nb99baef299a66c76
n3e36a733bd9522e2--slur--start--1,n1302--slur--start--1,slur,stamp,n3e36a733bd9522e2
n0ab903a7a5bf51b0--tuplet--start--1,n1316--tuplet--start--1,tuplet,stamp,n0ab903a7a5bf51b0
n0ab903a7a5bf51b0--slur--start--1,n1316--slur--start--1,slur,stamp,n0ab903a7a5bf51b0
nc7ee138e62474a3b--tuplet--stop--1,n1321--tuplet--stop--1,tuplet,stamp,nc7ee138e62474a3b
n6a27bd57a3b94cba--tuplet--start--1,n1322--tuplet--start--1,tuplet,stamp,n6a27bd57a3b94cba
n628940a4a0310036--tuplet--stop--1,n1327--tuplet--stop--1,tuplet,stamp,n628940a4a0310036
n7976cd1f3504f8eb--tuplet--start--1,n1328--tuplet--start--1,tuplet,stamp,n7976cd1f3504f8eb
n841f61d97e639284--tuplet--stop--1,n1333--tuplet--stop--1,tuplet,stamp,n841f61d97e639284
n13efc499541c72ee--tuplet--start--1,n1334--tuplet--start--1,tuplet,stamp,n13efc499541c72ee
nbabb1806977b5c25--tuplet--stop--1,n1339--tuplet--stop--1,tuplet,stamp,nbabb1806977b5c25
n0247205e50ef890e--slur--stop--1,n1346--slur--stop--1,slur,stamp,n0247205e50ef890e
na23b42ef514bca03--tuplet--start--1,n1349--tuplet--start--1,tuplet,stamp,na23b42ef514bca03
n46f6e9f29eba7d54--tuplet--stop--1,n1354--tuplet--stop--1,tuplet,stamp,n46f6e9f29eba7d54
n4eff4e4dc10d7c6c--tuplet--start--1,n1355--tuplet--start--1,tuplet,stamp,n4eff4e4dc10d7c6c
nfbf94fad10769f48--tuplet--stop--1,n1360--tuplet--stop--1,tuplet,stamp,nfbf94fad10769f48
n998b6b74e3cc6a4a--tuplet--start--1,n1361--tuplet--start--1,tuplet,stamp,n998b6b74e3cc6a4a
nc195cba2ba279023--tuplet--stop--1,n1366--tuplet--stop--1,tuplet,stamp,nc195cba2ba279023
n543247388add5c60--tuplet--start--1,n1367--tuplet--start--1,tuplet,stamp,n543247388add5c60
nd85d99091d8e9379--tuplet--stop--1,n1372--tuplet--stop--1,tuplet,stamp,nd85d99091d8e9379
nd85d99091d8e9379--slur--stop--1,n1372--slur--stop--1,slur,stamp,nd85d99091d8e9379
nc5e9d6b7d812c5c6--tuplet--start--1,n1373--tuplet--start--1,tuplet,stamp,nc5e9d6b7d812c5c6
nc5e9d6b7d812c5c6--slur--start--1,n1373--slur--start--1,slur,stamp,nc5e9d6b7d812c5c6
n7eeb7ffa1a16e251--tuplet--stop--1,n1378--tuplet--stop--1,tuplet,stamp,n7eeb7ffa1a16e251
nf3d72c943f0fec0a--tuplet--start--1,n1379--tuplet--start--1,tuplet,stamp,nf3d72c943f0fec0a
nc9aa9446a2ef04ba--tuplet--stop--1,n1384--tuplet--stop--1,tuplet,stamp,nc9aa9446a2ef04ba
nf8a00e9bf06d70c2--tuplet--start--1,n1385--tuplet--start--1,tuplet,stamp,nf8a00e9bf06d70c2
n9fc623d2074f7ac9--tuplet--stop--1,n1390--tuplet--stop--1,tuplet,stamp,n9fc623d2074f7ac9
n9698dce90010086a--tuplet--start--1,n1391--tuplet--start--1,tuplet,stamp,n9698dce90010086a
n322c7d6988b691a4--tuplet--stop--1,n1396--tuplet--stop--1,tuplet,stamp,n322c7d6988b691a4
na639721361d796a9--staccato--1,,staccato,derive,na639721361d796a9
n06373eb0ee07a5fd--slur--start--1,n1399--slur--start--1,slur,stamp,n06373eb0ee07a5fd
e3224f5a2290794fe,md-1-45-1-1,dynamics,md,1
e35cffbdf69c2af90,md-1-45-1-2,octave-shift,md,1
e35b15dae21f6c504,md-1-45-1-3,octave-shift,md,1
e4026c51d1a3dd0fb,md-1-45-2-1,wedge,md,2
efdf506524ed2cd81,md-1-45-2-2,wedge,md,2
e6db9f2a5af503ffb,md-1-45-2-3,wedge,md,2
e0a049f6e67556f61,md-1-45-2-4,wedge,md,2
na8f192bfd058cb2a--tuplet--start--1,n1406--tuplet--start--1,tuplet,stamp,na8f192bfd058cb2a
nc6437ec33241a2fd--tuplet--stop--1,n1411--tuplet--stop--1,tuplet,stamp,nc6437ec33241a2fd
n95cd66e2071a0cda--tuplet--start--1,n1412--tuplet--start--1,tuplet,stamp,n95cd66e2071a0cda
nd993a9f8bb9e3f44--tuplet--stop--1,n1417--tuplet--stop--1,tuplet,stamp,nd993a9f8bb9e3f44
n146df052f0b54b3f--tuplet--start--1,n1418--tuplet--start--1,tuplet,stamp,n146df052f0b54b3f
nb43c64d7628b4a6e--tuplet--stop--1,n1423--tuplet--stop--1,tuplet,stamp,nb43c64d7628b4a6e
n4e9b733aaeee3985--tuplet--start--1,n1424--tuplet--start--1,tuplet,stamp,n4e9b733aaeee3985
n73926596c3a2e52f--tuplet--stop--1,n1429--tuplet--stop--1,tuplet,stamp,n73926596c3a2e52f
n73926596c3a2e52f--slur--stop--1,n1429--slur--stop--1,slur,stamp,n73926596c3a2e52f
nd9edb4298f28ae66--slur--stop--1,n1433--slur--stop--1,slur,stamp,nd9edb4298f28ae66
nf8d60123801eadd0--tie--1,,tie,derive,nf8d60123801eadd0
nf8d60123801eadd0--tied--start--1,n1435--tied--start--1,tied,stamp,nf8d60123801eadd0
n5525f90ed874475d--arpeggiate--1,n1436--arpeggiate--1,arpeggiate,stamp,n5525f90ed874475d
n095bf7d6efd95125--tie--1,,tie,derive,n095bf7d6efd95125
n095bf7d6efd95125--tied--stop--1,n1437--tied--stop--1,tied,stamp,n095bf7d6efd95125
n095bf7d6efd95125--arpeggiate--1,n1437--arpeggiate--1,arpeggiate,stamp,n095bf7d6efd95125
n7d65a3241b30c793--tuplet--start--1,n1438--tuplet--start--1,tuplet,stamp,n7d65a3241b30c793
n7d65a3241b30c793--slur--start--1,n1438--slur--start--1,slur,stamp,n7d65a3241b30c793
nd6579ffd0bead6d7--tuplet--stop--1,n1443--tuplet--stop--1,tuplet,stamp,nd6579ffd0bead6d7
nbd5dfd9f212cb44e--tuplet--start--1,n1444--tuplet--start--1,tuplet,stamp,nbd5dfd9f212cb44e
n892635c486f752ee--tuplet--stop--1,n1449--tuplet--stop--1,tuplet,stamp,n892635c486f752ee
n0cd5a0ea7e2fb74b--tuplet--start--1,n1450--tuplet--start--1,tuplet,stamp,n0cd5a0ea7e2fb74b
na80b29214bc0317d--tuplet--stop--1,n1455--tuplet--stop--1,tuplet,stamp,na80b29214bc0317d
n46448dd118dd9b58--tuplet--start--1,n1456--tuplet--start--1,tuplet,stamp,n46448dd118dd9b58
nd48edf4c36d5ba96--tuplet--stop--1,n1461--tuplet--stop--1,tuplet,stamp,nd48edf4c36d5ba96
n24d159100e027fe6--staccato--1,,staccato,derive,n24d159100e027fe6
na6ace10ee24ffe7b--slur--start--1,n1464--slur--start--1,slur,stamp,na6ace10ee24ffe7b
nfcc139d033f15429--tuplet--start--1,n1473--tuplet--start--1,tuplet,stamp,nfcc139d033f15429
na898b0e7ddd33736--tuplet--stop--1,n1478--tuplet--stop--1,tuplet,stamp,na898b0e7ddd33736
n9b22b305a432a68b--tuplet--start--1,n1479--tuplet--start--1,tuplet,stamp,n9b22b305a432a68b
n0aecff4d3dd22492--tuplet--stop--1,n1484--tuplet--stop--1,tuplet,stamp,n0aecff4d3dd22492
n6f3d8860e5cd3fd3--tuplet--start--1,n1485--tuplet--start--1,tuplet,stamp,n6f3d8860e5cd3fd3
n42741850e000d7ab--tuplet--stop--1,n1490--tuplet--stop--1,tuplet,stamp,n42741850e000d7ab
n1b1537531e5976d5--tuplet--start--1,n1491--tuplet--start--1,tuplet,stamp,n1b1537531e5976d5
nf85d2a5640b9603e--tuplet--stop--1,n1496--tuplet--stop--1,tuplet,stamp,nf85d2a5640b9603e
nf85d2a5640b9603e--slur--stop--1,n1496--slur--stop--1,slur,stamp,nf85d2a5640b9603e
n3c21c05048abc118--tuplet--start--1,n1498--tuplet--start--1,tuplet,stamp,n3c21c05048abc118
nefa590045ec4e432--tuplet--stop--1,n1500--tuplet--stop--1,tuplet,stamp,nefa590045ec4e432
nf3db1dde1e580e45--slur--stop--1,n1501--slur--stop--1,slur,stamp,nf3db1dde1e580e45
ndf6716d5ab769693--tie--1,,tie,derive,ndf6716d5ab769693
ndf6716d5ab769693--tied--start--1,n1503--tied--start--1,tied,stamp,ndf6716d5ab769693
n123007b44bb71a73--arpeggiate--1,n1504--arpeggiate--1,arpeggiate,stamp,n123007b44bb71a73
nf027771433b5cba7--tie--1,,tie,derive,nf027771433b5cba7
nf027771433b5cba7--tied--stop--1,n1505--tied--stop--1,tied,stamp,nf027771433b5cba7
nf027771433b5cba7--arpeggiate--1,n1505--arpeggiate--1,arpeggiate,stamp,nf027771433b5cba7
ncdecbf47b0de828b--tuplet--start--1,n1506--tuplet--start--1,tuplet,stamp,ncdecbf47b0de828b
ncdecbf47b0de828b--slur--start--1,n1506--slur--start--1,slur,stamp,ncdecbf47b0de828b
n2fa4457e566c729f--tuplet--stop--1,n1511--tuplet--stop--1,tuplet,stamp,n2fa4457e566c729f
n295a9b6ebc2298c9--tuplet--start--1,n1512--tuplet--start--1,tuplet,stamp,n295a9b6ebc2298c9
n33da5c9074835b1c--tuplet--stop--1,n1517--tuplet--stop--1,tuplet,stamp,n33da5c9074835b1c
nef8384694267430d--tuplet--start--1,n1518--tuplet--start--1,tuplet,stamp,nef8384694267430d
n023f3f96fbab5002--tuplet--stop--1,n1523--tuplet--stop--1,tuplet,stamp,n023f3f96fbab5002
n8b6822676866988e--tuplet--start--1,n1524--tuplet--start--1,tuplet,stamp,n8b6822676866988e
n09f0283ff28ea645--tuplet--stop--1,n1529--tuplet--stop--1,tuplet,stamp,n09f0283ff28ea645
n09f0283ff28ea645--slur--stop--1,n1529--slur--stop--1,slur,stamp,n09f0283ff28ea645
n0baece0ec731ad1d--slur--start--1,n1530--slur--start--1,slur,stamp,n0baece0ec731ad1d
n870c0b94383f76ce--tuplet--start--1,n1532--tuplet--start--1,tuplet,stamp,n870c0b94383f76ce
n9f338e7f3d5de3a5--tuplet--stop--1,n1536--tuplet--stop--1,tuplet,stamp,n9f338e7f3d5de3a5
nbce8c6f2ab67b718--slur--stop--1,n1538--slur--stop--1,slur,stamp,nbce8c6f2ab67b718
nbce8c6f2ab67b718--staccato--1,,staccato,derive,nbce8c6f2ab67b718
n22ab98a6087dc672--slur--start--1,n1543--slur--start--1,slur,stamp,n22ab98a6087dc672
e8a8119ad61b71915,md-1-49-1-1,dynamics,md,1
e2e08e0a760383b58,md-1-49-1-2,wedge,md,1
e094af9904011e70d,md-1-49-1-3,octave-shift,md,1
eb752cdc2db19ed49,md-1-49-1-4,wedge,md,1
e1aa604dc0f4eae33,md-1-49-1-5,octave-shift,md,1
e4bccc3e183c91e29,md-1-49-2-1,dynamics,md,2
naa21c3ba102b3969--tuplet--start--1,n1547--tuplet--start--1,tuplet,stamp,naa21c3ba102b3969
naa21c3ba102b3969--slur--start--1,n1547--slur--start--1,slur,stamp,naa21c3ba102b3969
n42bc0b091b621fb3--tuplet--stop--1,n1552--tuplet--stop--1,tuplet,stamp,n42bc0b091b621fb3
n025e6d1e1035615f--tuplet--start--1,n1553--tuplet--start--1,tuplet,stamp,n025e6d1e1035615f
nfa08684e40ddada3--tuplet--stop--1,n1558--tuplet--stop--1,tuplet,stamp,nfa08684e40ddada3
nf7353f6293e08a8f--tuplet--start--1,n1559--tuplet--start--1,tuplet,stamp,nf7353f6293e08a8f
nb5dce4486284a989--tuplet--stop--1,n1564--tuplet--stop--1,tuplet,stamp,nb5dce4486284a989
n7ce7db4f2058e122--tuplet--start--1,n1565--tuplet--start--1,tuplet,stamp,n7ce7db4f2058e122
n61cf5e74859ae269--tuplet--stop--1,n1570--tuplet--stop--1,tuplet,stamp,n61cf5e74859ae269
n61cf5e74859ae269--slur--stop--1,n1570--slur--stop--1,slur,stamp,n61cf5e74859ae269
n79e45b7184d55351--slur--stop--1,n1575--slur--stop--1,slur,stamp,n79e45b7184d55351
n30a561b0dd97a91d--tuplet--start--1,n1577--tuplet--start--1,tuplet,stamp,n30a561b0dd97a91d
n30a561b0dd97a91d--slur--start--1,n1577--slur--start--1,slur,stamp,n30a561b0dd97a91d
n0a6b9b319cfcbfb2--tuplet--stop--1,n1581--tuplet--stop--1,tuplet,stamp,n0a6b9b319cfcbfb2
n4dff31b5695d2cbc--tuplet--start--1,n1583--tuplet--start--1,tuplet,stamp,n4dff31b5695d2cbc
n4dff31b5695d2cbc--slur--start--1,n1583--slur--start--1,slur,stamp,n4dff31b5695d2cbc
nf03231278b2822a0--tuplet--stop--1,n1588--tuplet--stop--1,tuplet,stamp,nf03231278b2822a0
n075597f52a2d79de--tuplet--start--1,n1589--tuplet--start--1,tuplet,stamp,n075597f52a2d79de
n680206ab17c77fce--tuplet--stop--1,n1594--tuplet--stop--1,tuplet,stamp,n680206ab17c77fce
n2c7ddff1619627cf--tuplet--start--1,n1595--tuplet--start--1,tuplet,stamp,n2c7ddff1619627cf
n4852e93ec05a623c--tuplet--stop--1,n1600--tuplet--stop--1,tuplet,stamp,n4852e93ec05a623c
n48070eed26891907--tuplet--start--1,n1601--tuplet--start--1,tuplet,stamp,n48070eed26891907
n1bf200751d15e7ae--tuplet--stop--1,n1606--tuplet--stop--1,tuplet,stamp,n1bf200751d15e7ae
n1bf200751d15e7ae--slur--stop--1,n1606--slur--stop--1,slur,stamp,n1bf200751d15e7ae
n6bb9b3b1aafd5fd4--tuplet--start--1,n1609--tuplet--start--1,tuplet,stamp,n6bb9b3b1aafd5fd4
nfaa4d30227621b68--tuplet--stop--1,n1613--tuplet--stop--1,tuplet,stamp,nfaa4d30227621b68
n03c3971489888182--slur--stop--1,n1615--slur--stop--1,slur,stamp,n03c3971489888182
n03c3971489888182--staccato--1,,staccato,derive,n03c3971489888182
n2d0543093b860e4d--slur--start--1,n1618--slur--start--1,slur,stamp,n2d0543093b860e4d
ef41e41301afcbc26,md-1-51-1-1,octave-shift,md,1
e3414f2b0985666d2,md-1-51-1-2,octave-shift,md,1
n448a9090e6e57db5--tuplet--start--1,n1624--tuplet--start--1,tuplet,stamp,n448a9090e6e57db5
n448a9090e6e57db5--slur--start--1,n1624--slur--start--1,slur,stamp,n448a9090e6e57db5
n70f10317440cbb86--tuplet--stop--1,n1629--tuplet--stop--1,tuplet,stamp,n70f10317440cbb86
n77f299f757ddbea3--tuplet--start--1,n1630--tuplet--start--1,tuplet,stamp,n77f299f757ddbea3
nddb4633dc632ed1b--tuplet--stop--1,n1635--tuplet--stop--1,tuplet,stamp,nddb4633dc632ed1b
nd65b931ded00766c--tuplet--start--1,n1636--tuplet--start--1,tuplet,stamp,nd65b931ded00766c
nee1ccd7728bce073--tuplet--stop--1,n1641--tuplet--stop--1,tuplet,stamp,nee1ccd7728bce073
nbaecc03de25a7cb9--tuplet--start--1,n1642--tuplet--start--1,tuplet,stamp,nbaecc03de25a7cb9
n606cd10b796a1dbf--tuplet--stop--1,n1647--tuplet--stop--1,tuplet,stamp,n606cd10b796a1dbf
n606cd10b796a1dbf--slur--stop--1,n1647--slur--stop--1,slur,stamp,n606cd10b796a1dbf
n12aac536a6f00730--slur--stop--1,n1652--slur--stop--1,slur,stamp,n12aac536a6f00730
n65783663cb1d00a1--tuplet--start--1,n1654--tuplet--start--1,tuplet,stamp,n65783663cb1d00a1
n65783663cb1d00a1--slur--start--1,n1654--slur--start--1,slur,stamp,n65783663cb1d00a1
n525ef6865809fd7c--tuplet--stop--1,n1658--tuplet--stop--1,tuplet,stamp,n525ef6865809fd7c
n09d967a2fdaf3c38--tuplet--start--1,n1660--tuplet--start--1,tuplet,stamp,n09d967a2fdaf3c38
n09d967a2fdaf3c38--slur--start--1,n1660--slur--start--1,slur,stamp,n09d967a2fdaf3c38
n06d543fa31612848--tuplet--stop--1,n1665--tuplet--stop--1,tuplet,stamp,n06d543fa31612848
n17f8aa93aba2293c--tuplet--start--1,n1666--tuplet--start--1,tuplet,stamp,n17f8aa93aba2293c
n3a0e2795e77a25bc--tuplet--stop--1,n1671--tuplet--stop--1,tuplet,stamp,n3a0e2795e77a25bc
n76db59ee56d6dd86--tuplet--start--1,n1672--tuplet--start--1,tuplet,stamp,n76db59ee56d6dd86
nacfd8e0b43aede45--tuplet--stop--1,n1677--tuplet--stop--1,tuplet,stamp,nacfd8e0b43aede45
n9f428bf7f1c67a24--tuplet--start--1,n1678--tuplet--start--1,tuplet,stamp,n9f428bf7f1c67a24
n35f59dddcfb5dff9--tuplet--stop--1,n1683--tuplet--stop--1,tuplet,stamp,n35f59dddcfb5dff9
n7161d984c6b7e999--slur--stop--1,n1684--slur--stop--1,slur,stamp,n7161d984c6b7e999
n7161d984c6b7e999--accent--1,,accent,derive,n7161d984c6b7e999
n421c3a44a739d58c--accent--1,,accent,derive,n421c3a44a739d58c
n421c3a44a739d58c--arpeggiate--1,n1686--arpeggiate--1,arpeggiate,stamp,n421c3a44a739d58c
n8618ce51b744c121--arpeggiate--1,n1687--arpeggiate--1,arpeggiate,stamp,n8618ce51b744c121
n62f5828d22201786--arpeggiate--1,n1688--arpeggiate--1,arpeggiate,stamp,n62f5828d22201786
ne1c33735db4a567b--accent--1,,accent,derive,ne1c33735db4a567b
ne1c33735db4a567b--arpeggiate--1,n1689--arpeggiate--1,arpeggiate,stamp,ne1c33735db4a567b
n0d225af8e0135f55--arpeggiate--1,n1690--arpeggiate--1,arpeggiate,stamp,n0d225af8e0135f55
ne97128cf782bdcf4--arpeggiate--1,n1691--arpeggiate--1,arpeggiate,stamp,ne97128cf782bdcf4
n66828e33acf83240--accent--1,,accent,derive,n66828e33acf83240
n66828e33acf83240--arpeggiate--1,n1692--arpeggiate--1,arpeggiate,stamp,n66828e33acf83240
ndb20cf84546b6e19--arpeggiate--1,n1693--arpeggiate--1,arpeggiate,stamp,ndb20cf84546b6e19
nbd7b4a794727bce1--tuplet--start--1,n1694--tuplet--start--1,tuplet,stamp,nbd7b4a794727bce1
nbb99b6fc0dbc1347--tuplet--stop--1,n1699--tuplet--stop--1,tuplet,stamp,nbb99b6fc0dbc1347
n8ad88ac59bf1e0db--tuplet--start--1,n1700--tuplet--start--1,tuplet,stamp,n8ad88ac59bf1e0db
nab4fa4d854b72178--tuplet--stop--1,n1705--tuplet--stop--1,tuplet,stamp,nab4fa4d854b72178
n12ff2e9d0b0ce248--tuplet--start--1,n1706--tuplet--start--1,tuplet,stamp,n12ff2e9d0b0ce248
n35b70fba194c1dca--tuplet--stop--1,n1711--tuplet--stop--1,tuplet,stamp,n35b70fba194c1dca
n68cd0720ad73d391--tuplet--start--1,n1712--tuplet--start--1,tuplet,stamp,n68cd0720ad73d391
n15868ade39f5fdb2--tuplet--stop--1,n1717--tuplet--stop--1,tuplet,stamp,n15868ade39f5fdb2
n15868ade39f5fdb2--slur--stop--1,n1717--slur--stop--1,slur,stamp,n15868ade39f5fdb2
n9faca1dbddd27765--accent--1,,accent,derive,n9faca1dbddd27765
n9faca1dbddd27765--arpeggiate--1,n1718--arpeggiate--1,arpeggiate,stamp,n9faca1dbddd27765
nf82b4fef0499d00d--arpeggiate--1,n1719--arpeggiate--1,arpeggiate,stamp,nf82b4fef0499d00d
n0d36c03acb9417cd--arpeggiate--1,n1720--arpeggiate--1,arpeggiate,stamp,n0d36c03acb9417cd
n674c8ac4a5846eef--accent--1,,accent,derive,n674c8ac4a5846eef
n674c8ac4a5846eef--arpeggiate--1,n1721--arpeggiate--1,arpeggiate,stamp,n674c8ac4a5846eef
nf1d2b9240458108b--arpeggiate--1,n1722--arpeggiate--1,arpeggiate,stamp,nf1d2b9240458108b
n5bd7c758d2896297--arpeggiate--1,n1723--arpeggiate--1,arpeggiate,stamp,n5bd7c758d2896297
n8cc90ca151f17759--accent--1,,accent,derive,n8cc90ca151f17759
n8cc90ca151f17759--arpeggiate--1,n1724--arpeggiate--1,arpeggiate,stamp,n8cc90ca151f17759
n5434bd96f49cc056--arpeggiate--1,n1725--arpeggiate--1,arpeggiate,stamp,n5434bd96f49cc056
n0e7107425eb70f13--arpeggiate--1,n1726--arpeggiate--1,arpeggiate,stamp,n0e7107425eb70f13
nca1159be04c226f1--accent--1,,accent,derive,nca1159be04c226f1
nca1159be04c226f1--arpeggiate--1,n1727--arpeggiate--1,arpeggiate,stamp,nca1159be04c226f1
n9f9f67035bd1ff47--arpeggiate--1,n1728--arpeggiate--1,arpeggiate,stamp,n9f9f67035bd1ff47
n3d7da8b94c10ab98--arpeggiate--1,n1729--arpeggiate--1,arpeggiate,stamp,n3d7da8b94c10ab98
ndbff153b54c09e25--tuplet--start--1,n1730--tuplet--start--1,tuplet,stamp,ndbff153b54c09e25
ndbff153b54c09e25--slur--start--1,n1730--slur--start--1,slur,stamp,ndbff153b54c09e25
n837f450dad700078--tuplet--stop--1,n1735--tuplet--stop--1,tuplet,stamp,n837f450dad700078
ned8f2aa71593a549--tuplet--start--1,n1736--tuplet--start--1,tuplet,stamp,ned8f2aa71593a549
n342b1076c2b1ed62--tuplet--stop--1,n1741--tuplet--stop--1,tuplet,stamp,n342b1076c2b1ed62
nf66c4f3f05d3355a--tuplet--start--1,n1742--tuplet--start--1,tuplet,stamp,nf66c4f3f05d3355a
ned2cd6502ec4dd0e--tuplet--stop--1,n1747--tuplet--stop--1,tuplet,stamp,ned2cd6502ec4dd0e
n07641b9758ff86e9--tuplet--start--1,n1748--tuplet--start--1,tuplet,stamp,n07641b9758ff86e9
n3bfce30b4f4deb67--tuplet--stop--1,n1753--tuplet--stop--1,tuplet,stamp,n3bfce30b4f4deb67
n3bfce30b4f4deb67--slur--stop--1,n1753--slur--stop--1,slur,stamp,n3bfce30b4f4deb67
n8b6eb9ccaf174582--slur--start--1,n1756--slur--start--1,slur,stamp,n8b6eb9ccaf174582
nfdc176d7e45fa114--slur--stop--1,n1761--slur--stop--1,slur,stamp,nfdc176d7e45fa114
ne2ee9fde6fa67ada--slur--stop--1,n1763--slur--stop--1,slur,stamp,ne2ee9fde6fa67ada
n65a3ad517dffa460--slur--start--1,n1765--slur--start--1,slur,stamp,n65a3ad517dffa460
e98e207e5862e8caa,md-1-55-1-1,dynamics,md,1
ed35a433a388d7c7c,md-1-55-1-2,octave-shift,md,1
e5881e7dc915c8eef,md-1-55-1-3,octave-shift,md,1
n287dc2b42926dc58--tuplet--start--1,n1767--tuplet--start--1,tuplet,stamp,n287dc2b42926dc58
n287dc2b42926dc58--slur--start--1,n1767--slur--start--1,slur,stamp,n287dc2b42926dc58
n2e616aca47bcce12--tuplet--stop--1,n1772--tuplet--stop--1,tuplet,stamp,n2e616aca47bcce12
n7471e3e573fcb288--tuplet--start--1,n1773--tuplet--start--1,tuplet,stamp,n7471e3e573fcb288
ndbd445b30938151c--tuplet--stop--1,n1778--tuplet--stop--1,tuplet,stamp,ndbd445b30938151c
n096281b7805cb1b6--tuplet--start--1,n1779--tuplet--start--1,tuplet,stamp,n096281b7805cb1b6
n8f03ba6ff8902e95--tuplet--stop--1,n1784--tuplet--stop--1,tuplet,stamp,n8f03ba6ff8902e95
nd897b80104ddcc00--tuplet--start--1,n1785--tuplet--start--1,tuplet,stamp,nd897b80104ddcc00
n33014d7f27ad338a--tuplet--stop--1,n1790--tuplet--stop--1,tuplet,stamp,n33014d7f27ad338a
n33014d7f27ad338a--slur--stop--1,n1790--slur--stop--1,slur,stamp,n33014d7f27ad338a
ne019862b43a62377--slur--start--1,n1793--slur--start--1,slur,stamp,ne019862b43a62377
nd9ccf35f065c86b6--slur--stop--1,n1798--slur--stop--1,slur,stamp,nd9ccf35f065c86b6
n70064550089de588--slur--stop--1,n1800--slur--stop--1,slur,stamp,n70064550089de588
n961730d43d114a6c--slur--start--1,n1802--slur--start--1,slur,stamp,n961730d43d114a6c
e232327f481696c81,md-1-56-1-1,octave-shift,md,1
e9d6a458e010ae134,md-1-56-1-2,octave-shift,md,1
n8c352c9526dc813d--tuplet--start--1,n1804--tuplet--start--1,tuplet,stamp,n8c352c9526dc813d
n8c352c9526dc813d--slur--start--1,n1804--slur--start--1,slur,stamp,n8c352c9526dc813d
n632f66b60c06a63b--tuplet--stop--1,n1809--tuplet--stop--1,tuplet,stamp,n632f66b60c06a63b
nfd7b92dd8e47305b--tuplet--start--1,n1810--tuplet--start--1,tuplet,stamp,nfd7b92dd8e47305b
n29b3d9f4346d75e7--tuplet--stop--1,n1815--tuplet--stop--1,tuplet,stamp,n29b3d9f4346d75e7
nba954cf3ca37c240--tuplet--start--1,n1816--tuplet--start--1,tuplet,stamp,nba954cf3ca37c240
n99eb4bea998e66cf--tuplet--stop--1,n1821--tuplet--stop--1,tuplet,stamp,n99eb4bea998e66cf
ncf1ec3f8b8fb4f3a--tuplet--start--1,n1822--tuplet--start--1,tuplet,stamp,ncf1ec3f8b8fb4f3a
n4a32e89b21d1baad--tuplet--stop--1,n1827--tuplet--stop--1,tuplet,stamp,n4a32e89b21d1baad
n4a32e89b21d1baad--slur--stop--1,n1827--slur--stop--1,slur,stamp,n4a32e89b21d1baad
n9d6f1a4266fa4c0f--staccato--1,,staccato,derive,n9d6f1a4266fa4c0f
n6316737ea8da49aa--slur--stop--1,n1831--slur--stop--1,slur,stamp,n6316737ea8da49aa
n906da3ba462c8c52--slur--start--1,n1832--slur--start--1,slur,stamp,n906da3ba462c8c52
n906da3ba462c8c52--accent--1,,accent,derive,n906da3ba462c8c52
n6202bb2d9ba5c219--tuplet--start--1,n1833--tuplet--start--1,tuplet,stamp,n6202bb2d9ba5c219
n6202bb2d9ba5c219--slur--start--1,n1833--slur--start--1,slur,stamp,n6202bb2d9ba5c219
n95940549ff5fbb19--tuplet--stop--1,n1838--tuplet--stop--1,tuplet,stamp,n95940549ff5fbb19
n6e9b2ffd2e997154--tuplet--start--1,n1839--tuplet--start--1,tuplet,stamp,n6e9b2ffd2e997154
n9746bc437d81657c--tuplet--stop--1,n1844--tuplet--stop--1,tuplet,stamp,n9746bc437d81657c
n81d94c8d1a7e1f0b--tuplet--start--1,n1845--tuplet--start--1,tuplet,stamp,n81d94c8d1a7e1f0b
na3266413cf4a076c--tuplet--stop--1,n1850--tuplet--stop--1,tuplet,stamp,na3266413cf4a076c
n49c8b7e6062a446e--tuplet--start--1,n1851--tuplet--start--1,tuplet,stamp,n49c8b7e6062a446e
n0a3e8a90326e8024--tuplet--stop--1,n1856--tuplet--stop--1,tuplet,stamp,n0a3e8a90326e8024
n0a3e8a90326e8024--slur--stop--1,n1856--slur--stop--1,slur,stamp,n0a3e8a90326e8024
n72bdeeddd7636483--staccato--1,,staccato,derive,n72bdeeddd7636483
n4c0c8673314a95d5--slur--start--1,n1859--slur--start--1,slur,stamp,n4c0c8673314a95d5
n6c9cca2a3404dc33--slur--stop--1,n1861--slur--stop--1,slur,stamp,n6c9cca2a3404dc33
nd89b2c1b2f1ec0b3--tuplet--start--1,n1862--tuplet--start--1,tuplet,stamp,nd89b2c1b2f1ec0b3
nd89b2c1b2f1ec0b3--slur--start--1,n1862--slur--start--1,slur,stamp,nd89b2c1b2f1ec0b3
n5bb2357ba24595f2--tuplet--stop--1,n1867--tuplet--stop--1,tuplet,stamp,n5bb2357ba24595f2
na2ee5949f5bf61f5--tuplet--start--1,n1868--tuplet--start--1,tuplet,stamp,na2ee5949f5bf61f5
n719cbf668f378529--tuplet--stop--1,n1873--tuplet--stop--1,tuplet,stamp,n719cbf668f378529
nbf342fb466addfea--tuplet--start--1,n1874--tuplet--start--1,tuplet,stamp,nbf342fb466addfea
na027fdb004dcee6f--tuplet--stop--1,n1879--tuplet--stop--1,tuplet,stamp,na027fdb004dcee6f
necf78d4425dc7aaa--tuplet--start--1,n1880--tuplet--start--1,tuplet,stamp,necf78d4425dc7aaa
nd5a953f48d938c42--tuplet--stop--1,n1885--tuplet--stop--1,tuplet,stamp,nd5a953f48d938c42
n03d54186806d41b3--tie--1,,tie,derive,n03d54186806d41b3
n03d54186806d41b3--tied--start--1,n1887--tied--start--1,tied,stamp,n03d54186806d41b3
n42f41bb1b60be466--slur--start--1,n1889--slur--start--1,slur,stamp,n42f41bb1b60be466
n42f41bb1b60be466--accent--1,,accent,derive,n42f41bb1b60be466
n644730cbd317ebe7--accent--1,,accent,derive,n644730cbd317ebe7
nf7b73c68f6e1cc04--accent--1,,accent,derive,nf7b73c68f6e1cc04
na7e0dacbda3ac359--tuplet--start--1,n1893--tuplet--start--1,tuplet,stamp,na7e0dacbda3ac359
nb5376c190cdfb633--tuplet--stop--1,n1898--tuplet--stop--1,tuplet,stamp,nb5376c190cdfb633
n50b098e21df428b1--tuplet--start--1,n1899--tuplet--start--1,tuplet,stamp,n50b098e21df428b1
n4ce03a89057e2282--tuplet--stop--1,n1904--tuplet--stop--1,tuplet,stamp,n4ce03a89057e2282
n77c0e2b923fda508--tuplet--start--1,n1905--tuplet--start--1,tuplet,stamp,n77c0e2b923fda508
n3c2508ed15e4bab9--tuplet--stop--1,n1910--tuplet--stop--1,tuplet,stamp,n3c2508ed15e4bab9
n839028bb829c56c6--tuplet--start--1,n1911--tuplet--start--1,tuplet,stamp,n839028bb829c56c6
n3af7ecaf4b9b3564--tuplet--stop--1,n1916--tuplet--stop--1,tuplet,stamp,n3af7ecaf4b9b3564
na909d7f5c773cbab--tie--1,,tie,derive,na909d7f5c773cbab
na909d7f5c773cbab--tied--stop--1,n1917--tied--stop--1,tied,stamp,na909d7f5c773cbab
n4efe9403d4311dab--accent--1,,accent,derive,n4efe9403d4311dab
nd253fb1da6f6f7d9--accent--1,,accent,derive,nd253fb1da6f6f7d9
n742c5524b90c5e33--slur--stop--1,n1920--slur--stop--1,slur,stamp,n742c5524b90c5e33
n742c5524b90c5e33--accent--1,,accent,derive,n742c5524b90c5e33
e87f7f46c1a8edaa3,md-1-60-1-1,octave-shift,md,1
nb85ed188ac708cfa--tuplet--start--1,n1921--tuplet--start--1,tuplet,stamp,nb85ed188ac708cfa
n397ae193eaacf75b--tuplet--stop--1,n1926--tuplet--stop--1,tuplet,stamp,n397ae193eaacf75b
n961271533fbf8808--tuplet--start--1,n1927--tuplet--start--1,tuplet,stamp,n961271533fbf8808
n4d99a612c05bc01e--tuplet--stop--1,n1932--tuplet--stop--1,tuplet,stamp,n4d99a612c05bc01e
nc554d264afe61f66--tuplet--start--1,n1933--tuplet--start--1,tuplet,stamp,nc554d264afe61f66
nf32eb96f5a5f8765--tuplet--stop--1,n1938--tuplet--stop--1,tuplet,stamp,nf32eb96f5a5f8765
nc64c550727966acb--tuplet--start--1,n1939--tuplet--start--1,tuplet,stamp,nc64c550727966acb
ne517bc8622a0b2ec--tuplet--stop--1,n1944--tuplet--stop--1,tuplet,stamp,ne517bc8622a0b2ec
naf8830196bd1861e--tuplet--start--1,n1945--tuplet--start--1,tuplet,stamp,naf8830196bd1861e
naf8830196bd1861e--slur--start--1,n1945--slur--start--1,slur,stamp,naf8830196bd1861e
na0af0f671e0a9ca9--tuplet--stop--1,n1950--tuplet--stop--1,tuplet,stamp,na0af0f671e0a9ca9
nc3a37a07f87da582--tuplet--start--1,n1951--tuplet--start--1,tuplet,stamp,nc3a37a07f87da582
n1f5d05ee9c788c3e--tuplet--stop--1,n1956--tuplet--stop--1,tuplet,stamp,n1f5d05ee9c788c3e
n0f75e121754dfafe--tuplet--start--1,n1957--tuplet--start--1,tuplet,stamp,n0f75e121754dfafe
nd2bc928dc8bffd12--tuplet--stop--1,n1962--tuplet--stop--1,tuplet,stamp,nd2bc928dc8bffd12
n5a6fc2280d8d2fc6--tuplet--start--1,n1963--tuplet--start--1,tuplet,stamp,n5a6fc2280d8d2fc6
n5949ddfd7516951c--tuplet--stop--1,n1968--tuplet--stop--1,tuplet,stamp,n5949ddfd7516951c
ea696e572259cfc4e,md-1-61-1-1,dynamics,md,1
eb3a03315fc553c8d,md-1-61-1-2,octave-shift,md,1
nd7a91ab82de37a51--tuplet--start--1,n1969--tuplet--start--1,tuplet,stamp,nd7a91ab82de37a51
n9df04dc345c75317--tuplet--stop--1,n1974--tuplet--stop--1,tuplet,stamp,n9df04dc345c75317
n08bedfb3efb9aaa9--tuplet--start--1,n1975--tuplet--start--1,tuplet,stamp,n08bedfb3efb9aaa9
na22045f1df2d0833--tuplet--stop--1,n1980--tuplet--stop--1,tuplet,stamp,na22045f1df2d0833
n145a0563ea006e5a--slur--stop--1,n1981--slur--stop--1,slur,stamp,n145a0563ea006e5a
n145a0563ea006e5a--staccatissimo--1,,staccatissimo,derive,n145a0563ea006e5a
n145a0563ea006e5a--staccato--1,,staccato,derive,n145a0563ea006e5a
n34b9d91f73631a64--tuplet--start--1,n1985--tuplet--start--1,tuplet,stamp,n34b9d91f73631a64
ndfca346653e29a46--tuplet--stop--1,n1990--tuplet--stop--1,tuplet,stamp,ndfca346653e29a46
nc75d310a10bd7d4f--tuplet--start--1,n1991--tuplet--start--1,tuplet,stamp,nc75d310a10bd7d4f
nb09f85c7c8be442c--tie--1,,tie,derive,nb09f85c7c8be442c
nb09f85c7c8be442c--tied--start--1,n1996--tied--start--1,tied,stamp,nb09f85c7c8be442c
nb09f85c7c8be442c--tuplet--stop--1,n1996--tuplet--stop--1,tuplet,stamp,nb09f85c7c8be442c
n8e2029b93404290a--tie--1,,tie,derive,n8e2029b93404290a
n8e2029b93404290a--tied--stop--1,n1997--tied--stop--1,tied,stamp,n8e2029b93404290a
n8e2029b93404290a--slur--stop--1,n1997--slur--stop--1,slur,stamp,n8e2029b93404290a
n8e2029b93404290a--staccatissimo--1,,staccatissimo,derive,n8e2029b93404290a
n8e2029b93404290a--staccato--1,,staccato,derive,n8e2029b93404290a
efd84da58d55a96e3,md-1-62-1-1,dynamics,md,1
n9195b55da160f85c--tuplet--start--1,n2001--tuplet--start--1,tuplet,stamp,n9195b55da160f85c
n9195b55da160f85c--slur--start--1,n2001--slur--start--1,slur,stamp,n9195b55da160f85c
n6733f9950924e86e--tuplet--stop--1,n2006--tuplet--stop--1,tuplet,stamp,n6733f9950924e86e
n9ef553652c051e49--tuplet--start--1,n2007--tuplet--start--1,tuplet,stamp,n9ef553652c051e49
n46987fd805b22dd6--tuplet--stop--1,n2012--tuplet--stop--1,tuplet,stamp,n46987fd805b22dd6
nf179c0eb56916b4f--tuplet--start--1,n2013--tuplet--start--1,tuplet,stamp,nf179c0eb56916b4f
nd26167fa43a90c05--tuplet--stop--1,n2018--tuplet--stop--1,tuplet,stamp,nd26167fa43a90c05
na2915a56c3de254d--tuplet--start--1,n2019--tuplet--start--1,tuplet,stamp,na2915a56c3de254d
n06d3767211e81e86--tuplet--stop--1,n2024--tuplet--stop--1,tuplet,stamp,n06d3767211e81e86
nb3c3c850dda36c18--tuplet--start--1,n2025--tuplet--start--1,tuplet,stamp,nb3c3c850dda36c18
n0fc0096f2d67ddf3--tuplet--stop--1,n2030--tuplet--stop--1,tuplet,stamp,n0fc0096f2d67ddf3
n52b2b1c91775ba41--tuplet--start--1,n2031--tuplet--start--1,tuplet,stamp,n52b2b1c91775ba41
nb38c16e4792798a4--tuplet--stop--1,n2036--tuplet--stop--1,tuplet,stamp,nb38c16e4792798a4
n1a2ac3b40d74b238--tuplet--start--1,n2037--tuplet--start--1,tuplet,stamp,n1a2ac3b40d74b238
n1b1ebf09cc4ff4f7--tuplet--stop--1,n2042--tuplet--stop--1,tuplet,stamp,n1b1ebf09cc4ff4f7
n352e015d30559117--tuplet--start--1,n2043--tuplet--start--1,tuplet,stamp,n352e015d30559117
nb78d73752f37b266--tuplet--stop--1,n2048--tuplet--stop--1,tuplet,stamp,nb78d73752f37b266
e995c46b6e9d72744,md-1-63-1-1,dynamics,md,1
e63efabb3a5b02b75,md-1-63-1-2,octave-shift,md,1
e27dad3a0fed71328,md-1-63-1-3,octave-shift,md,1
n9c830320ae083886--tuplet--start--1,n2049--tuplet--start--1,tuplet,stamp,n9c830320ae083886
ne3406d6cda6dd93a--tuplet--stop--1,n2054--tuplet--stop--1,tuplet,stamp,ne3406d6cda6dd93a
n1f6bd2cf748b1332--tuplet--start--1,n2055--tuplet--start--1,tuplet,stamp,n1f6bd2cf748b1332
nc50f9b712d6ae98d--tuplet--stop--1,n2060--tuplet--stop--1,tuplet,stamp,nc50f9b712d6ae98d
n2bd6c10a6b6fc0e3--slur--stop--1,n2061--slur--stop--1,slur,stamp,n2bd6c10a6b6fc0e3
n2bd6c10a6b6fc0e3--staccatissimo--1,,staccatissimo,derive,n2bd6c10a6b6fc0e3
n2bd6c10a6b6fc0e3--staccato--1,,staccato,derive,n2bd6c10a6b6fc0e3
n2bbf4d8aa25d6408--tuplet--start--1,n2066--tuplet--start--1,tuplet,stamp,n2bbf4d8aa25d6408
nf2e8323c62c6b01e--tuplet--stop--1,n2071--tuplet--stop--1,tuplet,stamp,nf2e8323c62c6b01e
nb4fdfd7cbebebd9a--tuplet--start--1,n2072--tuplet--start--1,tuplet,stamp,nb4fdfd7cbebebd9a
nd199371db125efa0--tuplet--stop--1,n2077--tuplet--stop--1,tuplet,stamp,nd199371db125efa0
na14ea01ec7fc518d--staccatissimo--1,,staccatissimo,derive,na14ea01ec7fc518d
na14ea01ec7fc518d--staccato--1,,staccato,derive,na14ea01ec7fc518d
n8c41d1d473717b01--tuplet--start--1,n2082--tuplet--start--1,tuplet,stamp,n8c41d1d473717b01
n42ab687e6d127d7c--tie--1,,tie,derive,n42ab687e6d127d7c
n42ab687e6d127d7c--tied--start--1,n2083--tied--start--1,tied,stamp,n42ab687e6d127d7c
n42ab687e6d127d7c--tuplet--stop--1,n2083--tuplet--stop--1,tuplet,stamp,n42ab687e6d127d7c
n8ed49d408bcc64f8--tie--1,,tie,derive,n8ed49d408bcc64f8
n8ed49d408bcc64f8--tied--stop--1,n2084--tied--stop--1,tied,stamp,n8ed49d408bcc64f8
n8ed49d408bcc64f8--staccato--1,,staccato,derive,n8ed49d408bcc64f8
eed0828951a62d900,md-1-64-1-1,dynamics,md,1
n98c52faa4f918912--tuplet--start--1,n2085--tuplet--start--1,tuplet,stamp,n98c52faa4f918912
n98c52faa4f918912--slur--start--1,n2085--slur--start--1,slur,stamp,n98c52faa4f918912
nc35ad78b203313c7--tuplet--stop--1,n2087--tuplet--stop--1,tuplet,stamp,nc35ad78b203313c7
n8a7fb65d4b69da7f--slur--stop--1,n2088--slur--stop--1,slur,stamp,n8a7fb65d4b69da7f
n05296a44261e116b--tuplet--start--1,n2090--tuplet--start--1,tuplet,stamp,n05296a44261e116b
n05296a44261e116b--slur--start--1,n2090--slur--start--1,slur,stamp,n05296a44261e116b
ncdd288bd7e1754ac--tuplet--stop--1,n2092--tuplet--stop--1,tuplet,stamp,ncdd288bd7e1754ac
n4e755c9d68e1cc89--slur--stop--1,n2093--slur--stop--1,slur,stamp,n4e755c9d68e1cc89
n102bd6b53f830b27--tuplet--start--1,n2095--tuplet--start--1,tuplet,stamp,n102bd6b53f830b27
n102bd6b53f830b27--slur--start--1,n2095--slur--start--1,slur,stamp,n102bd6b53f830b27
ne90fa54c0c01fa7c--tuplet--stop--1,n2097--tuplet--stop--1,tuplet,stamp,ne90fa54c0c01fa7c
ndd0501e13692778b--slur--stop--1,n2098--slur--stop--1,slur,stamp,ndd0501e13692778b
nff41e16b084d9476--tuplet--start--1,n2100--tuplet--start--1,tuplet,stamp,nff41e16b084d9476
nff41e16b084d9476--slur--start--1,n2100--slur--start--1,slur,stamp,nff41e16b084d9476
n821dee6631c3d90f--tuplet--stop--1,n2102--tuplet--stop--1,tuplet,stamp,n821dee6631c3d90f
nba7c2085d7733a37--slur--stop--1,n2103--slur--stop--1,slur,stamp,nba7c2085d7733a37
e2e5076ee4c472d21,md-1-65-1-1,dynamics,md,1
nc8a8275ab5dde44b--tuplet--start--1,n2105--tuplet--start--1,tuplet,stamp,nc8a8275ab5dde44b
na9294700669b3d74--tuplet--stop--1,n2110--tuplet--stop--1,tuplet,stamp,na9294700669b3d74
n920f706bb7789ac7--tuplet--start--1,n2111--tuplet--start--1,tuplet,stamp,n920f706bb7789ac7
nb1de9959b25643ed--tuplet--stop--1,n2116--tuplet--stop--1,tuplet,stamp,nb1de9959b25643ed
n288c4f6ecf1932d1--tuplet--start--1,n2117--tuplet--start--1,tuplet,stamp,n288c4f6ecf1932d1
n8e29f98451b731c6--tuplet--stop--1,n2122--tuplet--stop--1,tuplet,stamp,n8e29f98451b731c6
nedd3a05fce44f0ca--tuplet--start--1,n2123--tuplet--start--1,tuplet,stamp,nedd3a05fce44f0ca
ndf99a19aabd09146--tuplet--stop--1,n2128--tuplet--stop--1,tuplet,stamp,ndf99a19aabd09146
n35a1ed7b89ba5481--tuplet--start--1,n2129--tuplet--start--1,tuplet,stamp,n35a1ed7b89ba5481
n580b828057e28fe8--tuplet--stop--1,n2134--tuplet--stop--1,tuplet,stamp,n580b828057e28fe8
n7bde1cdd8a4e0605--tuplet--start--1,n2135--tuplet--start--1,tuplet,stamp,n7bde1cdd8a4e0605
nae5595ec836a8db5--tuplet--stop--1,n2140--tuplet--stop--1,tuplet,stamp,nae5595ec836a8db5
n9ed0ae07028ab0b1--tuplet--start--1,n2141--tuplet--start--1,tuplet,stamp,n9ed0ae07028ab0b1
n1634267063ff97c1--tuplet--stop--1,n2146--tuplet--stop--1,tuplet,stamp,n1634267063ff97c1
n7d98cc380b69f9f9--tuplet--start--1,n2147--tuplet--start--1,tuplet,stamp,n7d98cc380b69f9f9
n6cf052c370947dcc--tuplet--stop--1,n2152--tuplet--stop--1,tuplet,stamp,n6cf052c370947dcc
eacfe21f7cb09b9a3,md-1-66-1-1,dynamics,md,1
n6f602fa59e0a3cbf--tuplet--start--1,n2153--tuplet--start--1,tuplet,stamp,n6f602fa59e0a3cbf
n81d2ab62fb271f99--tuplet--stop--1,n2158--tuplet--stop--1,tuplet,stamp,n81d2ab62fb271f99
n667c0e8cd7e35b19--tuplet--start--1,n2159--tuplet--start--1,tuplet,stamp,n667c0e8cd7e35b19
n2934bfc18d5e9ade--tuplet--stop--1,n2164--tuplet--stop--1,tuplet,stamp,n2934bfc18d5e9ade
n9e671363a0b679d5--tuplet--start--1,n2165--tuplet--start--1,tuplet,stamp,n9e671363a0b679d5
n16a9108a00b9b0f6--tuplet--stop--1,n2170--tuplet--stop--1,tuplet,stamp,n16a9108a00b9b0f6
n00fc6b4a341ef06c--tuplet--start--1,n2171--tuplet--start--1,tuplet,stamp,n00fc6b4a341ef06c
n3fd8073a24a6fe8c--tuplet--stop--1,n2176--tuplet--stop--1,tuplet,stamp,n3fd8073a24a6fe8c
n25a4ed35d597faa4--tuplet--start--1,n2177--tuplet--start--1,tuplet,stamp,n25a4ed35d597faa4
n019f487008680830--tuplet--stop--1,n2182--tuplet--stop--1,tuplet,stamp,n019f487008680830
n521c12da11e26500--tuplet--start--1,n2183--tuplet--start--1,tuplet,stamp,n521c12da11e26500
n07454bd800599983--tuplet--stop--1,n2188--tuplet--stop--1,tuplet,stamp,n07454bd800599983
n8b7a48506bd16116--tuplet--start--1,n2189--tuplet--start--1,tuplet,stamp,n8b7a48506bd16116
n5ff5d43d42f0ad6f--tuplet--stop--1,n2194--tuplet--stop--1,tuplet,stamp,n5ff5d43d42f0ad6f
n3fe25521821d7f38--tuplet--start--1,n2195--tuplet--start--1,tuplet,stamp,n3fe25521821d7f38
n930c311aa58b2c21--tuplet--stop--1,n2200--tuplet--stop--1,tuplet,stamp,n930c311aa58b2c21
nbc17b7f5e20b99c4--tuplet--start--1,n2201--tuplet--start--1,tuplet,stamp,nbc17b7f5e20b99c4
n64c6e0bca24eea52--tuplet--stop--1,n2206--tuplet--stop--1,tuplet,stamp,n64c6e0bca24eea52
nf763016694935e6d--tuplet--start--1,n2207--tuplet--start--1,tuplet,stamp,nf763016694935e6d
n8c8600e45f5c2a88--tuplet--stop--1,n2212--tuplet--stop--1,tuplet,stamp,n8c8600e45f5c2a88
n56e8025d1913ff9c--tuplet--start--1,n2213--tuplet--start--1,tuplet,stamp,n56e8025d1913ff9c
nfd96191f530fbbb4--tuplet--stop--1,n2218--tuplet--stop--1,tuplet,stamp,nfd96191f530fbbb4
nea4a1ef1db0565ca--tuplet--start--1,n2219--tuplet--start--1,tuplet,stamp,nea4a1ef1db0565ca
n097358fb544c58d9--tuplet--stop--1,n2224--tuplet--stop--1,tuplet,stamp,n097358fb544c58d9
n407f4c6e44df5448--tuplet--start--1,n2225--tuplet--start--1,tuplet,stamp,n407f4c6e44df5448
n11db3bbe94811d8b--tuplet--stop--1,n2230--tuplet--stop--1,tuplet,stamp,n11db3bbe94811d8b
na0ab208c10273d0b--tuplet--start--1,n2231--tuplet--start--1,tuplet,stamp,na0ab208c10273d0b
n3dde42bb6ca47693--tuplet--stop--1,n2236--tuplet--stop--1,tuplet,stamp,n3dde42bb6ca47693
n23ab268b34371553--tuplet--start--1,n2237--tuplet--start--1,tuplet,stamp,n23ab268b34371553
n39352c6a01fea107--tuplet--stop--1,n2242--tuplet--stop--1,tuplet,stamp,n39352c6a01fea107
naa3a370887dbbc1f--tuplet--start--1,n2243--tuplet--start--1,tuplet,stamp,naa3a370887dbbc1f
n7e4e39e4fed8d24c--tuplet--stop--1,n2248--tuplet--stop--1,tuplet,stamp,n7e4e39e4fed8d24c
e9f55bf5271e10a3d,md-1-68-1-1,octave-shift,md,1
eb09c3ba2748c9c77,md-1-68-1-2,words,md,1
n435b79ec1fc85c2e--tuplet--start--1,n2249--tuplet--start--1,tuplet,stamp,n435b79ec1fc85c2e
n435b79ec1fc85c2e--slur--start--1,n2249--slur--start--1,slur,stamp,n435b79ec1fc85c2e
n376d8effcc1304a6--tuplet--stop--1,n2254--tuplet--stop--1,tuplet,stamp,n376d8effcc1304a6
na035e89c79f06a67--tuplet--start--1,n2255--tuplet--start--1,tuplet,stamp,na035e89c79f06a67
nf4ba4abe2eab4f86--tuplet--stop--1,n2260--tuplet--stop--1,tuplet,stamp,nf4ba4abe2eab4f86
nd58180b452b9c8c3--tuplet--start--1,n2261--tuplet--start--1,tuplet,stamp,nd58180b452b9c8c3
n9444474dfb4f7920--tuplet--stop--1,n2266--tuplet--stop--1,tuplet,stamp,n9444474dfb4f7920
nc5f7c86fda4b2d21--tuplet--start--1,n2267--tuplet--start--1,tuplet,stamp,nc5f7c86fda4b2d21
nf59be69b1c62767e--tuplet--stop--1,n2272--tuplet--stop--1,tuplet,stamp,nf59be69b1c62767e
nf772b8ccbe34e45b--staccato--1,,staccato,derive,nf772b8ccbe34e45b
nc2ea87c13c1af887--slur--start--1,n2274--slur--start--1,slur,stamp,nc2ea87c13c1af887
e3061cb7089b80c65,md-1-69-1-1,dynamics,md,1
e6960e9df74fe3ab5,md-1-69-1-2,words,md,1
e9d25ecf62769c34e,md-1-69-1-3,octave-shift,md,1
ec04e70d043398379,md-1-69-2-1,dynamics,md,2
n52c9ac2f8328ddff--tuplet--start--1,n2286--tuplet--start--1,tuplet,stamp,n52c9ac2f8328ddff
ncd07f74dd5d5667c--tuplet--stop--1,n2291--tuplet--stop--1,tuplet,stamp,ncd07f74dd5d5667c
n7dec9d6ceb8c3dce--tuplet--start--1,n2292--tuplet--start--1,tuplet,stamp,n7dec9d6ceb8c3dce
n6d0b8d9e803dece7--tuplet--stop--1,n2297--tuplet--stop--1,tuplet,stamp,n6d0b8d9e803dece7
n8b76e72e79c19ae8--tuplet--start--1,n2298--tuplet--start--1,tuplet,stamp,n8b76e72e79c19ae8
n75ebf874de8fd6da--tuplet--stop--1,n2303--tuplet--stop--1,tuplet,stamp,n75ebf874de8fd6da
n5f9f93181fd7bc5d--tuplet--start--1,n2304--tuplet--start--1,tuplet,stamp,n5f9f93181fd7bc5d
na6e04543f343eeb7--tuplet--stop--1,n2309--tuplet--stop--1,tuplet,stamp,na6e04543f343eeb7
n0cccc7651cdc1028--slur--stop--1,n2316--slur--stop--1,slur,stamp,n0cccc7651cdc1028
na1172838983a1bec--tuplet--start--1,n2319--tuplet--start--1,tuplet,stamp,na1172838983a1bec
n377622f96d267204--tuplet--stop--1,n2324--tuplet--stop--1,tuplet,stamp,n377622f96d267204
n9bdd7e0e6a7fcab0--tuplet--start--1,n2325--tuplet--start--1,tuplet,stamp,n9bdd7e0e6a7fcab0
n7aba33ab221c17fd--tuplet--stop--1,n2330--tuplet--stop--1,tuplet,stamp,n7aba33ab221c17fd
nb5826def09cb3766--tuplet--start--1,n2331--tuplet--start--1,tuplet,stamp,nb5826def09cb3766
n7fe7536c52675b7a--tuplet--stop--1,n2336--tuplet--stop--1,tuplet,stamp,n7fe7536c52675b7a
n82ad69fb2bc4828a--tuplet--start--1,n2337--tuplet--start--1,tuplet,stamp,n82ad69fb2bc4828a
n5c5e4eeeb4adc8a9--tuplet--stop--1,n2342--tuplet--stop--1,tuplet,stamp,n5c5e4eeeb4adc8a9
n1c40c74246a754df--staccato--1,,staccato,derive,n1c40c74246a754df
nd8ff2b20308267a4--slur--start--1,n2344--slur--start--1,slur,stamp,nd8ff2b20308267a4
e14c8df2a7a370e83,md-1-71-1-1,dynamics,md,1
nf3a79f2afaf4c83c--tuplet--start--1,n2352--tuplet--start--1,tuplet,stamp,nf3a79f2afaf4c83c
ncd38a91535904043--tuplet--stop--1,n2357--tuplet--stop--1,tuplet,stamp,ncd38a91535904043
n3c00cb2caf228edf--tuplet--start--1,n2358--tuplet--start--1,tuplet,stamp,n3c00cb2caf228edf
n26f05c76ccefa637--tuplet--stop--1,n2363--tuplet--stop--1,tuplet,stamp,n26f05c76ccefa637
n7e16d42cd2f0c43f--tuplet--start--1,n2364--tuplet--start--1,tuplet,stamp,n7e16d42cd2f0c43f
na1170f84ab2859ec--tuplet--stop--1,n2369--tuplet--stop--1,tuplet,stamp,na1170f84ab2859ec
n9b64272437ba4e3b--tuplet--start--1,n2370--tuplet--start--1,tuplet,stamp,n9b64272437ba4e3b
n54b6c3d9b03b8836--tuplet--stop--1,n2375--tuplet--stop--1,tuplet,stamp,n54b6c3d9b03b8836
n54b6c3d9b03b8836--slur--stop--1,n2375--slur--stop--1,slur,stamp,n54b6c3d9b03b8836
n28edf1db55dc0f53--slur--stop--1,n2376--slur--stop--1,slur,stamp,n28edf1db55dc0f53
na5f3b63b358f6cbb--slur--start--1,n2378--slur--start--1,slur,stamp,na5f3b63b358f6cbb
nce60487d37f38e1a--slur--stop--1,n2379--slur--stop--1,slur,stamp,nce60487d37f38e1a
efe8efdba3217bf64,md-1-72-1-1,wedge,md,1
e64b04a6db85b04ba,md-1-72-1-2,wedge,md,1
n1603f4e6471f34a7--tuplet--start--1,n2381--tuplet--start--1,tuplet,stamp,n1603f4e6471f34a7
n1603f4e6471f34a7--slur--start--1,n2381--slur--start--1,slur,stamp,n1603f4e6471f34a7
n035bcefc761b4d08--tuplet--stop--1,n2386--tuplet--stop--1,tuplet,stamp,n035bcefc761b4d08
n5afd204f3b412be7--tuplet--start--1,n2387--tuplet--start--1,tuplet,stamp,n5afd204f3b412be7
n7a37d1ec2c8c31d0--tuplet--stop--1,n2392--tuplet--stop--1,tuplet,stamp,n7a37d1ec2c8c31d0
n2a7cb40127e30713--tuplet--start--1,n2393--tuplet--start--1,tuplet,stamp,n2a7cb40127e30713
nfab20f0b5d2cd2d4--tuplet--stop--1,n2398--tuplet--stop--1,tuplet,stamp,nfab20f0b5d2cd2d4
n56dc8bc8ba84138f--tuplet--start--1,n2399--tuplet--start--1,tuplet,stamp,n56dc8bc8ba84138f
n1b21d91d3faea522--tuplet--stop--1,n2404--tuplet--stop--1,tuplet,stamp,n1b21d91d3faea522
n1b21d91d3faea522--slur--stop--1,n2404--slur--stop--1,slur,stamp,n1b21d91d3faea522
n912fcaec10cb6d04--staccato--1,,staccato,derive,n912fcaec10cb6d04
n505904532d40bcf0--slur--start--1,n2406--slur--start--1,slur,stamp,n505904532d40bcf0
n95883499a6c20547--slur--stop--1,n2410--slur--stop--1,slur,stamp,n95883499a6c20547
n758a63f53e22a60d--slur--start--1,n2412--slur--start--1,slur,stamp,n758a63f53e22a60d
n758a63f53e22a60d--accent--1,,accent,derive,n758a63f53e22a60d
ef1d57fceccb93acd,md-1-73-2-1,dynamics,md,2
ndb2ce75e0677184e--tuplet--start--1,n2414--tuplet--start--1,tuplet,stamp,ndb2ce75e0677184e
ndb2ce75e0677184e--slur--start--1,n2414--slur--start--1,slur,stamp,ndb2ce75e0677184e
n3e95182f24a6211b--tuplet--stop--1,n2419--tuplet--stop--1,tuplet,stamp,n3e95182f24a6211b
nf873e1c7c1a54e02--tuplet--start--1,n2420--tuplet--start--1,tuplet,stamp,nf873e1c7c1a54e02
na1e2eaa46998b1c7--tuplet--stop--1,n2425--tuplet--stop--1,tuplet,stamp,na1e2eaa46998b1c7
n32bebbea9688bc25--tuplet--start--1,n2426--tuplet--start--1,tuplet,stamp,n32bebbea9688bc25
nf41934809e049cf4--tuplet--stop--1,n2431--tuplet--stop--1,tuplet,stamp,nf41934809e049cf4
na90e61544258ac52--tuplet--start--1,n2432--tuplet--start--1,tuplet,stamp,na90e61544258ac52
nadf613a4d37c48df--tuplet--stop--1,n2437--tuplet--stop--1,tuplet,stamp,nadf613a4d37c48df
nadf613a4d37c48df--slur--stop--1,n2437--slur--stop--1,slur,stamp,nadf613a4d37c48df
n5d2362bf7d24d887--slur--stop--1,n2438--slur--stop--1,slur,stamp,n5d2362bf7d24d887
n5d2362bf7d24d887--staccato--1,,staccato,derive,n5d2362bf7d24d887
n59fb588ca73315ff--tuplet--start--1,n2440--tuplet--start--1,tuplet,stamp,n59fb588ca73315ff
n59fb588ca73315ff--slur--start--1,n2440--slur--start--1,slur,stamp,n59fb588ca73315ff
n8edebe652e372e6f--tuplet--stop--1,n2444--tuplet--stop--1,tuplet,stamp,n8edebe652e372e6f
n0d87f660c3e6d640--slur--stop--1,n2446--slur--stop--1,slur,stamp,n0d87f660c3e6d640
nf9979974689af19f--slur--start--1,n2448--slur--start--1,slur,stamp,nf9979974689af19f
nf9979974689af19f--accent--1,,accent,derive,nf9979974689af19f
ee348eb157a95f5c0,md-1-74-2-1,wedge,md,2
e6f116358383add5f,md-1-74-2-2,wedge,md,2
nc0d837c853ab7499--tuplet--start--1,n2450--tuplet--start--1,tuplet,stamp,nc0d837c853ab7499
nc0d837c853ab7499--slur--start--1,n2450--slur--start--1,slur,stamp,nc0d837c853ab7499
n6fadf80811d9fbc5--tuplet--stop--1,n2455--tuplet--stop--1,tuplet,stamp,n6fadf80811d9fbc5
n6d0969406c6f5548--tuplet--start--1,n2456--tuplet--start--1,tuplet,stamp,n6d0969406c6f5548
n61a4917ad9e9e877--tuplet--stop--1,n2461--tuplet--stop--1,tuplet,stamp,n61a4917ad9e9e877
nc89d333e3df7dbc4--tuplet--start--1,n2462--tuplet--start--1,tuplet,stamp,nc89d333e3df7dbc4
n0c19d8982919e46f--tuplet--stop--1,n2467--tuplet--stop--1,tuplet,stamp,n0c19d8982919e46f
nde59c4cf75f6edd1--tuplet--start--1,n2468--tuplet--start--1,tuplet,stamp,nde59c4cf75f6edd1
n298c74fc09b4512d--tuplet--stop--1,n2473--tuplet--stop--1,tuplet,stamp,n298c74fc09b4512d
n89dbd999596c13b2--slur--stop--1,n2474--slur--stop--1,slur,stamp,n89dbd999596c13b2
n89dbd999596c13b2--staccato--1,,staccato,derive,n89dbd999596c13b2
nf5b7f07fae3cff7c--tuplet--start--1,n2476--tuplet--start--1,tuplet,stamp,nf5b7f07fae3cff7c
nf5b7f07fae3cff7c--slur--start--1,n2476--slur--start--1,slur,stamp,nf5b7f07fae3cff7c
n22d5126c5633a929--tuplet--stop--1,n2478--tuplet--stop--1,tuplet,stamp,n22d5126c5633a929
n22d5126c5633a929--slur--stop--1,n2478--slur--stop--1,slur,stamp,n22d5126c5633a929
n1ba4dca20c8e66c4--slur--start--1,n2483--slur--start--1,slur,stamp,n1ba4dca20c8e66c4
n3ef0624200b52820--tuplet--start--1,n2487--tuplet--start--1,tuplet,stamp,n3ef0624200b52820
n039225e84994591b--tuplet--stop--1,n2492--tuplet--stop--1,tuplet,stamp,n039225e84994591b
n3eb62b06b0b3c493--tuplet--start--1,n2493--tuplet--start--1,tuplet,stamp,n3eb62b06b0b3c493
n62d357a597e8a382--tuplet--stop--1,n2498--tuplet--stop--1,tuplet,stamp,n62d357a597e8a382
nde39fcd42d5e101e--slur--stop--1,n2499--slur--stop--1,slur,stamp,nde39fcd42d5e101e
nde39fcd42d5e101e--staccatissimo--1,,staccatissimo,derive,nde39fcd42d5e101e
nde39fcd42d5e101e--staccato--1,,staccato,derive,nde39fcd42d5e101e
n77ecc9343b245fb8--slur--stop--1,n2501--slur--stop--1,slur,stamp,n77ecc9343b245fb8
n77ecc9343b245fb8--staccato--1,,staccato,derive,n77ecc9343b245fb8
n3fd6f3c7919e996c--tuplet--start--1,n2503--tuplet--start--1,tuplet,stamp,n3fd6f3c7919e996c
n3fd6f3c7919e996c--slur--start--1,n2503--slur--start--1,slur,stamp,n3fd6f3c7919e996c
na72a27d7f074088f--tuplet--stop--1,n2507--tuplet--stop--1,tuplet,stamp,na72a27d7f074088f
n3e7da5bf47b98cec--slur--stop--1,n2509--slur--stop--1,slur,stamp,n3e7da5bf47b98cec
n3e7da5bf47b98cec--staccato--1,,staccato,derive,n3e7da5bf47b98cec
eb4cd6910c80df222,md-1-76-1-1,wedge,md,1
ee8634b22148cd55f,md-1-76-1-2,wedge,md,1
e92f1a9c780358cd7,md-1-76-1-3,octave-shift,md,1
e47f5263bc16ae8a7,md-1-76-1-4,octave-shift,md,1
na2c2494fcf7f2d31--tuplet--start--1,n2513--tuplet--start--1,tuplet,stamp,na2c2494fcf7f2d31
na2c2494fcf7f2d31--slur--start--1,n2513--slur--start--1,slur,stamp,na2c2494fcf7f2d31
n17bdf1c89c28028d--tuplet--stop--1,n2518--tuplet--stop--1,tuplet,stamp,n17bdf1c89c28028d
nc0af8ad4830caf12--tuplet--start--1,n2519--tuplet--start--1,tuplet,stamp,nc0af8ad4830caf12
na54865a688d194a0--tuplet--stop--1,n2524--tuplet--stop--1,tuplet,stamp,na54865a688d194a0
n60ed2ac97d12fdef--tuplet--start--1,n2525--tuplet--start--1,tuplet,stamp,n60ed2ac97d12fdef
n6a33189a6887c27b--tuplet--stop--1,n2530--tuplet--stop--1,tuplet,stamp,n6a33189a6887c27b
n7dcb5fa9312440bf--tuplet--start--1,n2531--tuplet--start--1,tuplet,stamp,n7dcb5fa9312440bf
nf99068e4e2f0dd73--tuplet--stop--1,n2536--tuplet--stop--1,tuplet,stamp,nf99068e4e2f0dd73
n16da6c1c7e9cba54--staccato--1,,staccato,derive,n16da6c1c7e9cba54
n29b9c408c495bf2d--slur--start--1,n2538--slur--start--1,slur,stamp,n29b9c408c495bf2d
e765a3e2ea6c503f6,md-1-77-1-1,dynamics,md,1
eca479b1fb7cb04db,md-1-77-1-2,octave-shift,md,1
e1d99989f9d68bcde,md-1-77-1-3,octave-shift,md,1
n7c75427d0c3f57c3--tuplet--start--1,n2550--tuplet--start--1,tuplet,stamp,n7c75427d0c3f57c3
nf22f17756709b4e0--tuplet--stop--1,n2555--tuplet--stop--1,tuplet,stamp,nf22f17756709b4e0
n4c3b6d99d91a3fe7--tuplet--start--1,n2556--tuplet--start--1,tuplet,stamp,n4c3b6d99d91a3fe7
n9120b19a2508c7dd--tuplet--stop--1,n2561--tuplet--stop--1,tuplet,stamp,n9120b19a2508c7dd
nb5021326e297a254--tuplet--start--1,n2562--tuplet--start--1,tuplet,stamp,nb5021326e297a254
n09416df6844af59d--tuplet--stop--1,n2567--tuplet--stop--1,tuplet,stamp,n09416df6844af59d
n3d45ed6c992d5906--tuplet--start--1,n2568--tuplet--start--1,tuplet,stamp,n3d45ed6c992d5906
ncd455faecdca8b7d--tuplet--stop--1,n2573--tuplet--stop--1,tuplet,stamp,ncd455faecdca8b7d
n3554092a473e708b--slur--stop--1,n2580--slur--stop--1,slur,stamp,n3554092a473e708b
n269ab7403aff489e--tuplet--start--1,n2583--tuplet--start--1,tuplet,stamp,n269ab7403aff489e
ncf72ce7b7be134e6--tuplet--stop--1,n2588--tuplet--stop--1,tuplet,stamp,ncf72ce7b7be134e6
n9e36f248a052e21e--tuplet--start--1,n2589--tuplet--start--1,tuplet,stamp,n9e36f248a052e21e
n1f2412bda5e75046--tuplet--stop--1,n2594--tuplet--stop--1,tuplet,stamp,n1f2412bda5e75046
na46920fa55204a17--tuplet--start--1,n2595--tuplet--start--1,tuplet,stamp,na46920fa55204a17
nf7a90bc4e8962c7d--tuplet--stop--1,n2600--tuplet--stop--1,tuplet,stamp,nf7a90bc4e8962c7d
n34d6122a62570828--tuplet--start--1,n2601--tuplet--start--1,tuplet,stamp,n34d6122a62570828
n819233543c26931e--tuplet--stop--1,n2606--tuplet--stop--1,tuplet,stamp,n819233543c26931e
na4587dcbe7fc7541--staccato--1,,staccato,derive,na4587dcbe7fc7541
nefe197abfbd5f152--slur--start--1,n2608--slur--start--1,slur,stamp,nefe197abfbd5f152
n1c9f8b4d6aa5c182--tie--1,,tie,derive,n1c9f8b4d6aa5c182
n1c9f8b4d6aa5c182--tied--start--1,n2614--tied--start--1,tied,stamp,n1c9f8b4d6aa5c182
nfc5534395ec73f40--tuplet--start--1,n2615--tuplet--start--1,tuplet,stamp,nfc5534395ec73f40
nef81e67158c6787e--tuplet--stop--1,n2620--tuplet--stop--1,tuplet,stamp,nef81e67158c6787e
nf0f92612f2a4b555--tuplet--start--1,n2621--tuplet--start--1,tuplet,stamp,nf0f92612f2a4b555
nd20f4fcdf57038f2--tuplet--stop--1,n2626--tuplet--stop--1,tuplet,stamp,nd20f4fcdf57038f2
n878fe49e2708f8ba--tuplet--start--1,n2627--tuplet--start--1,tuplet,stamp,n878fe49e2708f8ba
nf7be4cdb2227a4f0--tuplet--stop--1,n2632--tuplet--stop--1,tuplet,stamp,nf7be4cdb2227a4f0
n0eed167688f9daf0--tuplet--start--1,n2633--tuplet--start--1,tuplet,stamp,n0eed167688f9daf0
nde4bb2adbea735d6--tuplet--stop--1,n2638--tuplet--stop--1,tuplet,stamp,nde4bb2adbea735d6
nde4bb2adbea735d6--slur--stop--1,n2638--slur--stop--1,slur,stamp,nde4bb2adbea735d6
n4976df985f70bd82--slur--stop--1,n2640--slur--stop--1,slur,stamp,n4976df985f70bd82
nb12e35911ea81446--tie--1,,tie,derive,nb12e35911ea81446
nb12e35911ea81446--tied--stop--1,n2643--tied--stop--1,tied,stamp,nb12e35911ea81446
nb12e35911ea81446--slur--start--1,n2643--slur--start--1,slur,stamp,nb12e35911ea81446
n22c00b7bb9a37186--tuplet--start--1,n2644--tuplet--start--1,tuplet,stamp,n22c00b7bb9a37186
n22c00b7bb9a37186--slur--start--1,n2644--slur--start--1,slur,stamp,n22c00b7bb9a37186
ne03ff4846c53b5bd--tuplet--stop--1,n2649--tuplet--stop--1,tuplet,stamp,ne03ff4846c53b5bd
ne99d5a6ab6a29259--tuplet--start--1,n2650--tuplet--start--1,tuplet,stamp,ne99d5a6ab6a29259
ne2980e3053d9667b--tuplet--stop--1,n2655--tuplet--stop--1,tuplet,stamp,ne2980e3053d9667b
n7555f595ca64724b--tuplet--start--1,n2656--tuplet--start--1,tuplet,stamp,n7555f595ca64724b
nccb8b277c94b0eb4--tuplet--stop--1,n2661--tuplet--stop--1,tuplet,stamp,nccb8b277c94b0eb4
n2b312940d07a01e6--tuplet--start--1,n2662--tuplet--start--1,tuplet,stamp,n2b312940d07a01e6
nbdede77ee58a10f8--tuplet--stop--1,n2667--tuplet--stop--1,tuplet,stamp,nbdede77ee58a10f8
nbdede77ee58a10f8--slur--stop--1,n2667--slur--stop--1,slur,stamp,nbdede77ee58a10f8
n4aa1daba0228f0a8--slur--stop--1,n2668--slur--stop--1,slur,stamp,n4aa1daba0228f0a8
n4aa1daba0228f0a8--staccato--1,,staccato,derive,n4aa1daba0228f0a8
na9d4d402e17f45e9--tuplet--start--1,n2669--tuplet--start--1,tuplet,stamp,na9d4d402e17f45e9
na9d4d402e17f45e9--slur--start--1,n2669--slur--start--1,slur,stamp,na9d4d402e17f45e9
na9d4d402e17f45e9--accent--1,,accent,derive,na9d4d402e17f45e9
n1e13dd81ef7b3624--tuplet--stop--1,n2672--tuplet--stop--1,tuplet,stamp,n1e13dd81ef7b3624
n1e13dd81ef7b3624--slur--stop--1,n2672--slur--stop--1,slur,stamp,n1e13dd81ef7b3624
n48b85d7c583b76f8--arpeggiate--1,n2673--arpeggiate--1,arpeggiate,stamp,n48b85d7c583b76f8
nd38baf6845867f66--arpeggiate--1,n2674--arpeggiate--1,arpeggiate,stamp,nd38baf6845867f66
n34bafa5eb729dd64--arpeggiate--1,n2675--arpeggiate--1,arpeggiate,stamp,n34bafa5eb729dd64
n68d41801d8e8f8a0--slur--start--1,n2676--slur--start--1,slur,stamp,n68d41801d8e8f8a0
n68d41801d8e8f8a0--accent--1,,accent,derive,n68d41801d8e8f8a0
e5b1d12fd36ac354b,md-1-81-1-1,octave-shift,md,1
e542425a352af86da,md-1-81-1-2,octave-shift,md,1
n0b1e114877c74c95--tuplet--start--1,n2677--tuplet--start--1,tuplet,stamp,n0b1e114877c74c95
n0b1e114877c74c95--slur--start--1,n2677--slur--start--1,slur,stamp,n0b1e114877c74c95
n82a865b932b9296f--tuplet--stop--1,n2682--tuplet--stop--1,tuplet,stamp,n82a865b932b9296f
nfbf9eba7d71e99c7--tuplet--start--1,n2683--tuplet--start--1,tuplet,stamp,nfbf9eba7d71e99c7
n0ab5273861533f84--tuplet--stop--1,n2688--tuplet--stop--1,tuplet,stamp,n0ab5273861533f84
ne6c65558941eb744--tuplet--start--1,n2689--tuplet--start--1,tuplet,stamp,ne6c65558941eb744
n6b14777549c6731c--tuplet--stop--1,n2694--tuplet--stop--1,tuplet,stamp,n6b14777549c6731c
n520f0e13ad8ef8bf--tuplet--start--1,n2695--tuplet--start--1,tuplet,stamp,n520f0e13ad8ef8bf
nd0925de8454a3b4a--tuplet--stop--1,n2700--tuplet--stop--1,tuplet,stamp,nd0925de8454a3b4a
nd0925de8454a3b4a--slur--stop--1,n2700--slur--stop--1,slur,stamp,nd0925de8454a3b4a
n369fc166d212e42e--slur--stop--1,n2701--slur--stop--1,slur,stamp,n369fc166d212e42e
n369fc166d212e42e--staccato--1,,staccato,derive,n369fc166d212e42e
n78419d83f0985964--tuplet--start--1,n2702--tuplet--start--1,tuplet,stamp,n78419d83f0985964
n78419d83f0985964--slur--start--1,n2702--slur--start--1,slur,stamp,n78419d83f0985964
n78419d83f0985964--accent--1,,accent,derive,n78419d83f0985964
n5631aadb588454b1--tuplet--stop--1,n2705--tuplet--stop--1,tuplet,stamp,n5631aadb588454b1
n5631aadb588454b1--slur--stop--1,n2705--slur--stop--1,slur,stamp,n5631aadb588454b1
n1a3149603e6d7ee9--arpeggiate--1,n2706--arpeggiate--1,arpeggiate,stamp,n1a3149603e6d7ee9
n3e329acde8d3d193--arpeggiate--1,n2707--arpeggiate--1,arpeggiate,stamp,n3e329acde8d3d193
n13cfe7e9cf7294ca--arpeggiate--1,n2708--arpeggiate--1,arpeggiate,stamp,n13cfe7e9cf7294ca
n0a74369d4b031461--arpeggiate--1,n2709--arpeggiate--1,arpeggiate,stamp,n0a74369d4b031461
e18a6e6ed71ae8d2a,md-1-82-1-1,dynamics,md,1
e266e40a7aaa4f53b,md-1-82-1-2,octave-shift,md,1
ed3b9de06c35105b8,md-1-82-1-3,octave-shift,md,1
n4ebe77aa3eecdcf5--tuplet--start--1,n2712--tuplet--start--1,tuplet,stamp,n4ebe77aa3eecdcf5
n4ebe77aa3eecdcf5--slur--start--1,n2712--slur--start--1,slur,stamp,n4ebe77aa3eecdcf5
nd26411187202ac32--tuplet--stop--1,n2717--tuplet--stop--1,tuplet,stamp,nd26411187202ac32
n298f316c7903cc3b--tuplet--start--1,n2718--tuplet--start--1,tuplet,stamp,n298f316c7903cc3b
ndc7a7d6f174016ce--tuplet--stop--1,n2723--tuplet--stop--1,tuplet,stamp,ndc7a7d6f174016ce
n1e819e60808fa9db--tuplet--start--1,n2724--tuplet--start--1,tuplet,stamp,n1e819e60808fa9db
n038479408e1b6b9b--tuplet--stop--1,n2729--tuplet--stop--1,tuplet,stamp,n038479408e1b6b9b
nec0643f2320abe3e--tuplet--start--1,n2730--tuplet--start--1,tuplet,stamp,nec0643f2320abe3e
nb119ca60f53e85b6--tuplet--stop--1,n2735--tuplet--stop--1,tuplet,stamp,nb119ca60f53e85b6
nda1e0077a24359c0--staccato--1,,staccato,derive,nda1e0077a24359c0
n0b101a6cac868b27--accent--1,,accent,derive,n0b101a6cac868b27
n0bfb28eb44db3cf0--staccato--1,,staccato,derive,n0bfb28eb44db3cf0
ncf029594027a0179--accent--1,,accent,derive,ncf029594027a0179
n4ee2a1c6a70fa4ae--accent--1,,accent,derive,n4ee2a1c6a70fa4ae
eeeb5cefbf5061558,md-1-83-1-1,octave-shift,md,1
e603db9b3fc3bc514,md-1-83-2-1,dynamics,md,2
n53ef61f9e8fa9146--tuplet--start--1,n2747--tuplet--start--1,tuplet,stamp,n53ef61f9e8fa9146
n2561b36d1fc3724a--tuplet--stop--1,n2752--tuplet--stop--1,tuplet,stamp,n2561b36d1fc3724a
n14f125d82efd0bc0--tuplet--start--1,n2753--tuplet--start--1,tuplet,stamp,n14f125d82efd0bc0
n4734872d30129f3b--tuplet--stop--1,n2758--tuplet--stop--1,tuplet,stamp,n4734872d30129f3b
na22fb6b85a6312c1--tuplet--start--1,n2759--tuplet--start--1,tuplet,stamp,na22fb6b85a6312c1
n6a3257ea35c9f39e--tuplet--stop--1,n2764--tuplet--stop--1,tuplet,stamp,n6a3257ea35c9f39e
n29a9be21d5713362--tuplet--start--1,n2765--tuplet--start--1,tuplet,stamp,n29a9be21d5713362
n261b2954b4ce75d8--tuplet--stop--1,n2770--tuplet--stop--1,tuplet,stamp,n261b2954b4ce75d8
n9d6416a734d54eb1--accent--1,,accent,derive,n9d6416a734d54eb1
n020d913ca4507ba7--accent--1,,accent,derive,n020d913ca4507ba7
n24e8bdb73afa29bc--accent--1,,accent,derive,n24e8bdb73afa29bc
e5ecd2750c62f5dbd,md-1-84-1-1,wedge,md,1
e0b9e0b13363c2808,md-1-84-1-2,wedge,md,1
n762450f204f52373--tuplet--start--1,n2777--tuplet--start--1,tuplet,stamp,n762450f204f52373
n85060fa865d43426--tuplet--stop--1,n2782--tuplet--stop--1,tuplet,stamp,n85060fa865d43426
n0a7948640432a665--tuplet--start--1,n2783--tuplet--start--1,tuplet,stamp,n0a7948640432a665
nd73dd64bb0538553--tuplet--stop--1,n2788--tuplet--stop--1,tuplet,stamp,nd73dd64bb0538553
na714a712baa33257--tuplet--start--1,n2789--tuplet--start--1,tuplet,stamp,na714a712baa33257
n99d586a8cc38d61b--tuplet--stop--1,n2794--tuplet--stop--1,tuplet,stamp,n99d586a8cc38d61b
n74a9ee200358428b--tuplet--start--1,n2795--tuplet--start--1,tuplet,stamp,n74a9ee200358428b
nd7f49db7d9a30d9c--tuplet--stop--1,n2800--tuplet--stop--1,tuplet,stamp,nd7f49db7d9a30d9c
n7aa3824dfacb3016--tuplet--start--1,n2801--tuplet--start--1,tuplet,stamp,n7aa3824dfacb3016
n7aa3824dfacb3016--slur--start--1,n2801--slur--start--1,slur,stamp,n7aa3824dfacb3016
n517d9ea1f78e4198--tuplet--stop--1,n2806--tuplet--stop--1,tuplet,stamp,n517d9ea1f78e4198
n7df24237bbf689b1--tuplet--start--1,n2807--tuplet--start--1,tuplet,stamp,n7df24237bbf689b1
n5e082e1babbc3ec0--tuplet--stop--1,n2812--tuplet--stop--1,tuplet,stamp,n5e082e1babbc3ec0
nf72e553dbba80462--tuplet--start--1,n2813--tuplet--start--1,tuplet,stamp,nf72e553dbba80462
ncb5f698a24b638aa--tuplet--stop--1,n2818--tuplet--stop--1,tuplet,stamp,ncb5f698a24b638aa
n6b90f72f0b9d0cbf--tuplet--start--1,n2819--tuplet--start--1,tuplet,stamp,n6b90f72f0b9d0cbf
n0a3739051595ecdb--tuplet--stop--1,n2824--tuplet--stop--1,tuplet,stamp,n0a3739051595ecdb
e0d1a38c7ca7a1abf,md-1-85-1-1,dynamics,md,1
e4ba65c1c9d124022,md-1-85-1-2,dynamics,md,1
n9b7f67fdda42f396--tuplet--start--1,n2825--tuplet--start--1,tuplet,stamp,n9b7f67fdda42f396
n5bd8cdee2a4fb92d--tuplet--stop--1,n2830--tuplet--stop--1,tuplet,stamp,n5bd8cdee2a4fb92d
n742a30e3d774fbf0--tuplet--start--1,n2831--tuplet--start--1,tuplet,stamp,n742a30e3d774fbf0
n7ac32b76512fdaaf--tuplet--stop--1,n2836--tuplet--stop--1,tuplet,stamp,n7ac32b76512fdaaf
n051f501131ea6309--tuplet--start--1,n2837--tuplet--start--1,tuplet,stamp,n051f501131ea6309
n8b0aab807e7dcea9--tuplet--stop--1,n2842--tuplet--stop--1,tuplet,stamp,n8b0aab807e7dcea9
n9fc58fd8304ae753--tuplet--start--1,n2843--tuplet--start--1,tuplet,stamp,n9fc58fd8304ae753
n08cb9f230d97ebb7--tuplet--stop--1,n2848--tuplet--stop--1,tuplet,stamp,n08cb9f230d97ebb7
n4d897e5af7627d10--tuplet--start--1,n2849--tuplet--start--1,tuplet,stamp,n4d897e5af7627d10
n11e6ddfd26319db0--tuplet--stop--1,n2854--tuplet--stop--1,tuplet,stamp,n11e6ddfd26319db0
ncb04d78c6df0f92d--tuplet--start--1,n2855--tuplet--start--1,tuplet,stamp,ncb04d78c6df0f92d
nd7e6c7cf4c0e3d27--tuplet--stop--1,n2860--tuplet--stop--1,tuplet,stamp,nd7e6c7cf4c0e3d27
n1cc0455c80839b2f--tuplet--start--1,n2861--tuplet--start--1,tuplet,stamp,n1cc0455c80839b2f
n46bd3039571c554c--tuplet--stop--1,n2866--tuplet--stop--1,tuplet,stamp,n46bd3039571c554c
n30744657767541ac--tuplet--start--1,n2867--tuplet--start--1,tuplet,stamp,n30744657767541ac
n01e34e1b2b00810b--tuplet--stop--1,n2872--tuplet--stop--1,tuplet,stamp,n01e34e1b2b00810b
n01e34e1b2b00810b--slur--stop--1,n2872--slur--stop--1,slur,stamp,n01e34e1b2b00810b
nd3ee2ef62606e872--tuplet--start--1,n2873--tuplet--start--1,tuplet,stamp,nd3ee2ef62606e872
ne91ac356aaf665bd--tuplet--stop--1,n2878--tuplet--stop--1,tuplet,stamp,ne91ac356aaf665bd
nd0f020f0c99a4fc4--tuplet--start--1,n2879--tuplet--start--1,tuplet,stamp,nd0f020f0c99a4fc4
n0b10d5a48b0c232b--tuplet--stop--1,n2884--tuplet--stop--1,tuplet,stamp,n0b10d5a48b0c232b
ncdc5788545bcc662--tuplet--start--1,n2885--tuplet--start--1,tuplet,stamp,ncdc5788545bcc662
n239a238878a8a2ae--tuplet--stop--1,n2890--tuplet--stop--1,tuplet,stamp,n239a238878a8a2ae
ne91a00baad757dab--tuplet--start--1,n2891--tuplet--start--1,tuplet,stamp,ne91a00baad757dab
neeef4c49699fc7a9--tuplet--stop--1,n2896--tuplet--stop--1,tuplet,stamp,neeef4c49699fc7a9
nadbff27a8abd33e6--tuplet--start--1,n2901--tuplet--start--1,tuplet,stamp,nadbff27a8abd33e6
n32186c6d875f9f64--slur--start--1,n2902--slur--start--1,slur,stamp,n32186c6d875f9f64
n32186c6d875f9f64--accent--1,,accent,derive,n32186c6d875f9f64
n1478d7d41fc962bc--tuplet--stop--1,n2903--tuplet--stop--1,tuplet,stamp,n1478d7d41fc962bc
n2487de40616409a9--tuplet--start--1,n2904--tuplet--start--1,tuplet,stamp,n2487de40616409a9
ncbb323f38437be4f--tuplet--stop--1,n2909--tuplet--stop--1,tuplet,stamp,ncbb323f38437be4f
n28a0f8aa5fd0c138--tuplet--start--1,n2910--tuplet--start--1,tuplet,stamp,n28a0f8aa5fd0c138
ndd03b4cf7f32d7f9--tuplet--stop--1,n2915--tuplet--stop--1,tuplet,stamp,ndd03b4cf7f32d7f9
n7ba428bfe8f91e8d--tuplet--start--1,n2916--tuplet--start--1,tuplet,stamp,n7ba428bfe8f91e8d
n9c9140e09e1d7b91--tuplet--stop--1,n2921--tuplet--stop--1,tuplet,stamp,n9c9140e09e1d7b91
ebbd22f7f3fa05abf,md-1-87-1-1,dynamics,md,1
ea89dadcfa2fd0e84,md-1-87-1-2,octave-shift,md,1
ec6048a3b500f3c2c,md-1-87-2-1,dynamics,md,2
n959acc4b3ef8819b--tuplet--start--1,n2922--tuplet--start--1,tuplet,stamp,n959acc4b3ef8819b
nd41ea3cc11b86b49--tuplet--stop--1,n2927--tuplet--stop--1,tuplet,stamp,nd41ea3cc11b86b49
n49dce198e5064568--tuplet--start--1,n2928--tuplet--start--1,tuplet,stamp,n49dce198e5064568
n8aa6b117c064757e--tuplet--stop--1,n2933--tuplet--stop--1,tuplet,stamp,n8aa6b117c064757e
n8aa6b117c064757e--slur--stop--1,n2933--slur--stop--1,slur,stamp,n8aa6b117c064757e
nb635f0d8ba9c5119--accent--1,,accent,derive,nb635f0d8ba9c5119
n5db091ce12efafd6--accent--1,,accent,derive,n5db091ce12efafd6
ncfcc95c1082fb531--tuplet--start--1,n2943--tuplet--start--1,tuplet,stamp,ncfcc95c1082fb531
n056d99471ed1211f--tuplet--stop--1,n2948--tuplet--stop--1,tuplet,stamp,n056d99471ed1211f
ndccc5aff00b9657c--tuplet--start--1,n2949--tuplet--start--1,tuplet,stamp,ndccc5aff00b9657c
n13163b8ea08ceb75--tuplet--stop--1,n2954--tuplet--stop--1,tuplet,stamp,n13163b8ea08ceb75
n13163b8ea08ceb75--slur--stop--1,n2954--slur--stop--1,slur,stamp,n13163b8ea08ceb75
n78c3bd856321d1c2--accent--1,,accent,derive,n78c3bd856321d1c2
na742998fc357ccc1--accent--1,,accent,derive,na742998fc357ccc1
n60e772c691d248b1--tuplet--start--1,n2959--tuplet--start--1,tuplet,stamp,n60e772c691d248b1
n60e772c691d248b1--slur--start--1,n2959--slur--start--1,slur,stamp,n60e772c691d248b1
nffd5411fb0285a53--tuplet--stop--1,n2964--tuplet--stop--1,tuplet,stamp,nffd5411fb0285a53
nb03e3cc39dc6ae99--tuplet--start--1,n2965--tuplet--start--1,tuplet,stamp,nb03e3cc39dc6ae99
nd18df05239890562--tuplet--stop--1,n2970--tuplet--stop--1,tuplet,stamp,nd18df05239890562
n4b81a3a72f342fa9--tuplet--start--1,n2971--tuplet--start--1,tuplet,stamp,n4b81a3a72f342fa9
ncc50358f5f9f9d02--tuplet--stop--1,n2976--tuplet--stop--1,tuplet,stamp,ncc50358f5f9f9d02
n7b35e75be722983a--tuplet--start--1,n2977--tuplet--start--1,tuplet,stamp,n7b35e75be722983a
nbd07647d895dd116--tuplet--stop--1,n2982--tuplet--stop--1,tuplet,stamp,nbd07647d895dd116
n8eea785bf20c7967--accent--1,,accent,derive,n8eea785bf20c7967
n3122ea4d97020cf9--accent--1,,accent,derive,n3122ea4d97020cf9
n8e45f5ff37046d25--accent--1,,accent,derive,n8e45f5ff37046d25
n9fe4b8221951fa6f--accent--1,,accent,derive,n9fe4b8221951fa6f
e288093fcf6c4b082,md-1-89-1-1,dynamics,md,1
ndb3109a302a2782a--tuplet--start--1,n2999--tuplet--start--1,tuplet,stamp,ndb3109a302a2782a
nef36f0b54a182b36--tuplet--stop--1,n3004--tuplet--stop--1,tuplet,stamp,nef36f0b54a182b36
n9018364ce764e4f2--tuplet--start--1,n3005--tuplet--start--1,tuplet,stamp,n9018364ce764e4f2
n4efd571609709ded--tuplet--stop--1,n3010--tuplet--stop--1,tuplet,stamp,n4efd571609709ded
nb2f206645afa7d07--tuplet--start--1,n3011--tuplet--start--1,tuplet,stamp,nb2f206645afa7d07
na4c8b2f803efc196--tuplet--stop--1,n3016--tuplet--stop--1,tuplet,stamp,na4c8b2f803efc196
n5c1963fdb0616ccd--tuplet--start--1,n3017--tuplet--start--1,tuplet,stamp,n5c1963fdb0616ccd
n0941318a7fedab8a--tuplet--stop--1,n3022--tuplet--stop--1,tuplet,stamp,n0941318a7fedab8a
nea6d4adc944de002--accent--1,,accent,derive,nea6d4adc944de002
n582c0ae30e9e2613--accent--1,,accent,derive,n582c0ae30e9e2613
ne2ada3b4f3148172--accent--1,,accent,derive,ne2ada3b4f3148172
e3a75ba92c4531089,md-1-90-1-1,dynamics,md,1
ndf5a8c5c3a7cd7d1--tuplet--start--1,n3039--tuplet--start--1,tuplet,stamp,ndf5a8c5c3a7cd7d1
ne1faae7e1f1b2f00--tuplet--stop--1,n3044--tuplet--stop--1,tuplet,stamp,ne1faae7e1f1b2f00
n0d24fd8850933922--tuplet--start--1,n3045--tuplet--start--1,tuplet,stamp,n0d24fd8850933922
n36f06ff7445d8798--tuplet--stop--1,n3050--tuplet--stop--1,tuplet,stamp,n36f06ff7445d8798
ndcfadd343e59aa8a--tuplet--start--1,n3051--tuplet--start--1,tuplet,stamp,ndcfadd343e59aa8a
n390ebd8f2aa0b012--tuplet--stop--1,n3056--tuplet--stop--1,tuplet,stamp,n390ebd8f2aa0b012
n63c0dad24f256764--tuplet--start--1,n3057--tuplet--start--1,tuplet,stamp,n63c0dad24f256764
nb53182a8770894fa--tuplet--stop--1,n3062--tuplet--stop--1,tuplet,stamp,nb53182a8770894fa
n3f7bdc8a86b249be--tuplet--start--1,n3079--tuplet--start--1,tuplet,stamp,n3f7bdc8a86b249be
nea9b2b54c96f478b--tuplet--stop--1,n3084--tuplet--stop--1,tuplet,stamp,nea9b2b54c96f478b
naa77426e2d0941d6--tuplet--start--1,n3085--tuplet--start--1,tuplet,stamp,naa77426e2d0941d6
n19f74faf73a622ae--tuplet--stop--1,n3090--tuplet--stop--1,tuplet,stamp,n19f74faf73a622ae
n794702454d43bc0e--tuplet--start--1,n3091--tuplet--start--1,tuplet,stamp,n794702454d43bc0e
nb7023b11ee904190--tuplet--stop--1,n3096--tuplet--stop--1,tuplet,stamp,nb7023b11ee904190
ned3aa47372271ef6--tuplet--start--1,n3097--tuplet--start--1,tuplet,stamp,ned3aa47372271ef6
n82c9a74db18b85bc--tuplet--stop--1,n3102--tuplet--stop--1,tuplet,stamp,n82c9a74db18b85bc
n245a8c294cb868f9--tuplet--start--1,n3103--tuplet--start--1,tuplet,stamp,n245a8c294cb868f9
n245a8c294cb868f9--staccato--1,,staccato,derive,n245a8c294cb868f9
n99051c2db32c2f43--staccato--1,,staccato,derive,n99051c2db32c2f43
n122469c25d55fe6e--tuplet--stop--1,n3105--tuplet--stop--1,tuplet,stamp,n122469c25d55fe6e
n122469c25d55fe6e--staccato--1,,staccato,derive,n122469c25d55fe6e
n92a91413bc09f1bc--tuplet--start--1,n3106--tuplet--start--1,tuplet,stamp,n92a91413bc09f1bc
n92a91413bc09f1bc--staccato--1,,staccato,derive,n92a91413bc09f1bc
n991c537306271663--staccato--1,,staccato,derive,n991c537306271663
nbe3627b60164001f--tuplet--stop--1,n3108--tuplet--stop--1,tuplet,stamp,nbe3627b60164001f
nbe3627b60164001f--staccato--1,,staccato,derive,nbe3627b60164001f
n094cc76e9c7d43b9--tuplet--start--1,n3109--tuplet--start--1,tuplet,stamp,n094cc76e9c7d43b9
n094cc76e9c7d43b9--staccato--1,,staccato,derive,n094cc76e9c7d43b9
n6fa544b102b276d7--staccato--1,,staccato,derive,n6fa544b102b276d7
nd97c0f1a56122d68--tuplet--stop--1,n3111--tuplet--stop--1,tuplet,stamp,nd97c0f1a56122d68
nd97c0f1a56122d68--staccato--1,,staccato,derive,nd97c0f1a56122d68
n2e7bea14ec2ad489--tuplet--start--1,n3112--tuplet--start--1,tuplet,stamp,n2e7bea14ec2ad489
n2e7bea14ec2ad489--staccato--1,,staccato,derive,n2e7bea14ec2ad489
nee02b6ab8ab13edd--staccato--1,,staccato,derive,nee02b6ab8ab13edd
n12a69f64749aaf65--tuplet--stop--1,n3114--tuplet--stop--1,tuplet,stamp,n12a69f64749aaf65
n12a69f64749aaf65--staccato--1,,staccato,derive,n12a69f64749aaf65
e5a0e9087f0830438,md-1-92-1-1,dynamics,md,1
e48dd357eb683e0df,md-1-92-2-1,dynamics,md,2
nc31173c5197a239f--slur--stop--1,n3115--slur--stop--1,slur,stamp,nc31173c5197a239f
nc31173c5197a239f--staccatissimo--1,,staccatissimo,derive,nc31173c5197a239f
nc31173c5197a239f--staccato--1,,staccato,derive,nc31173c5197a239f
nbef70935738926cd--accent--1,,accent,derive,nbef70935738926cd
n3f301a6434acf58f--accent--1,,accent,derive,n3f301a6434acf58f
nede830ac84731284--accent--1,,accent,derive,nede830ac84731284
nb501f0ea9161814a--accent--1,,accent,derive,nb501f0ea9161814a
nf89b114eaebe3f19--staccatissimo--1,,staccatissimo,derive,nf89b114eaebe3f19
nf89b114eaebe3f19--staccato--1,,staccato,derive,nf89b114eaebe3f19
nf909f562e2da9d63--accent--1,,accent,derive,nf909f562e2da9d63
n6a480670c43fa2ca--accent--1,,accent,derive,n6a480670c43fa2ca
nb7dca66bd0ea2c80--accent--1,,accent,derive,nb7dca66bd0ea2c80
n01dda658bf8afb04--accent--1,,accent,derive,n01dda658bf8afb04
e8d27dca100c6b8e1,md-1-93-1-1,dynamics,md,1
nb8986ffd8b377bce--accent--1,,accent,derive,nb8986ffd8b377bce
n182ee5a749f17af3--accent--1,,accent,derive,n182ee5a749f17af3
na86c3ed6a9db90a5--accent--1,,accent,derive,na86c3ed6a9db90a5
ne5edb97f9fd7f0c5--accent--1,,accent,derive,ne5edb97f9fd7f0c5
n5ef5f33a5d41af2e--accent--1,,accent,derive,n5ef5f33a5d41af2e
n7637a63814ce10a1--tuplet--start--1,n3163--tuplet--start--1,tuplet,stamp,n7637a63814ce10a1
n7637a63814ce10a1--slur--start--1,n3163--slur--start--1,slur,stamp,n7637a63814ce10a1
n34a89065b92f8304--tuplet--stop--1,n3190--tuplet--stop--1,tuplet,stamp,n34a89065b92f8304
nc8ed3c4bd40f65dc--accent--1,,accent,derive,nc8ed3c4bd40f65dc
ncc99e0cfde6132ab--tuplet--start--1,n3194--tuplet--start--1,tuplet,stamp,ncc99e0cfde6132ab
ncc99e0cfde6132ab--slur--start--1,n3194--slur--start--1,slur,stamp,ncc99e0cfde6132ab
ndb823a7dd82f1701--tuplet--stop--1,n3221--tuplet--stop--1,tuplet,stamp,ndb823a7dd82f1701
n1559e3006d153d05--slur--stop--1,n3222--slur--stop--1,slur,stamp,n1559e3006d153d05
n1559e3006d153d05--staccatissimo--1,,staccatissimo,derive,n1559e3006d153d05
n1559e3006d153d05--staccato--1,,staccato,derive,n1559e3006d153d05
n76c22650993912b0--slur--stop--1,n3223--slur--stop--1,slur,stamp,n76c22650993912b0
n76c22650993912b0--staccatissimo--1,,staccatissimo,derive,n76c22650993912b0
n76c22650993912b0--staccato--1,,staccato,derive,n76c22650993912b0
