element_id,original_id,tag,carrier,host_or_staff
e3abc2c7af74bcf7b,md-1-1-1-1,dynamics,md,1
e48de24b509ae29f2,md-1-1-1-2,words,md,1
nd0537b3dd6a988bc--accent--1,,accent,derive,nd0537b3dd6a988bc
na0d6f0196663c376--accent--1,,accent,derive,na0d6f0196663c376
nd3eaf0349180494c--accent--1,,accent,derive,nd3eaf0349180494c
na4dbdcfbbc1626ee--accent--1,,accent,derive,na4dbdcfbbc1626ee
n981151851afc4e86--accent--1,,accent,derive,n981151851afc4e86
nd3468868728b5ddd--accent--1,,accent,derive,nd3468868728b5ddd
n721f72f897064a8f--accent--1,,accent,derive,n721f72f897064a8f
e673b34f5b6d6fdb5,md-1-12-1-1,dynamics,md,1
n25813f45944a0255--accent--1,,accent,derive,n25813f45944a0255
nde42687b68a9329d--accent--1,,accent,derive,nde42687b68a9329d
eaa62ea10ec3fa0d7,md-1-13-1-1,dynamics,md,1
n1919d7451765cace--accent--1,,accent,derive,n1919d7451765cace
e79f44b6147fe994d,md-1-14-1-1,dynamics,md,1
n4960dbac759c07c2--accent--1,,accent,derive,n4960dbac759c07c2
eebd0451c681f78f6,md-1-15-1-1,words,md,1
n295718e271d975eb--accent--1,,accent,derive,n295718e271d975eb
e37f7d3d0d72ef6bd,md-1-16-1-1,dynamics,md,1
n2076cb5c7730dd4c--accent--1,,accent,derive,n2076cb5c7730dd4c
n2d214a6ae8a7d368--accent--1,,accent,derive,n2d214a6ae8a7d368
nd64a88e37750795e--accent--1,,accent,derive,nd64a88e37750795e
e93055626f2527aed,md-1-24-1-1,words,md,1
e4048403c93c1c9f0,md-1-24-1-2,words,md,1
e0a15f9107cef907c,md-1-26-1-1,words,md,1
eb4cc7320b9be9829,md-1-27-1-1,wedge,md,1
ee06862741f7a23d2,md-1-28-1-1,wedge,md,1
eccd3c0f50ce7519f,md-1-28-1-2,dynamics,md,1
e9566532458d6c9d8,md-1-30-1-1,words,md,1
ec127f46917972d61,md-1-31-1-1,wedge,md,1
e9f4468ee7a93b0c6,md-1-32-1-1,wedge,md,1
e483a504c005f00e7,md-1-32-1-2,dynamics,md,1
n86b8fd04f2d3b4ae--slur--start--1,n612--slur--start--1,slur,stamp,n86b8fd04f2d3b4ae
n44b1818ddaedb2d5--slur--stop--1,n613--slur--stop--1,slur,stamp,n44b1818ddaedb2d5
n74f4d0a7c500f454--slur--start--1,n625--slur--start--1,slur,stamp,n74f4d0a7c500f454
n3b0abc109cb73715--slur--stop--1,n626--slur--stop--1,slur,stamp,n3b0abc109cb73715
nc6da430f8696477e--slur--start--1,n638--slur--start--1,slur,stamp,nc6da430f8696477e
nb93c851926068172--slur--stop--1,n639--slur--stop--1,slur,stamp,nb93c851926068172
n40aaa132349acb13--slur--start--1,n640--slur--start--1,slur,stamp,n40aaa132349acb13
nf0be598f446f8a9e--slur--stop--1,n641--slur--stop--1,slur,stamp,nf0be598f446f8a9e
n5b87f26798826fc6--slur--start--1,n642--slur--start--1,slur,stamp,n5b87f26798826fc6
n3769f5eca10ef584--slur--stop--1,n643--slur--stop--1,slur,stamp,n3769f5eca10ef584
n4626b87c0e499702--slur--start--1,n644--slur--start--1,slur,stamp,n4626b87c0e499702
n7786ff22fba02c62--slur--stop--1,n645--slur--stop--1,slur,stamp,n7786ff22fba02c62
n7ead6c0d50c4a843--tie--1,,tie,derive,n7ead6c0d50c4a843
n7ead6c0d50c4a843--tied--start--1,n649--tied--start--1,tied,stamp,n7ead6c0d50c4a843
n7ead6c0d50c4a843--accent--1,,accent,derive,n7ead6c0d50c4a843
n3a3d08fd10cfead4--tie--1,,tie,derive,n3a3d08fd10cfead4
n3a3d08fd10cfead4--tied--start--1,n650--tied--start--1,tied,stamp,n3a3d08fd10cfead4
n5edbf31d23b71ac0--tie--1,,tie,derive,n5edbf31d23b71ac0
n5edbf31d23b71ac0--tied--start--1,n651--tied--start--1,tied,stamp,n5edbf31d23b71ac0
n122601fc293a6ce2--tie--1,,tie,derive,n122601fc293a6ce2
n122601fc293a6ce2--tied--stop--1,n652--tied--stop--1,tied,stamp,n122601fc293a6ce2
nd8dccd432c9df2d1--tie--1,,tie,derive,nd8dccd432c9df2d1
nd8dccd432c9df2d1--tied--stop--1,n653--tied--stop--1,tied,stamp,nd8dccd432c9df2d1
n3ab67fe801db1ca6--tie--1,,tie,derive,n3ab67fe801db1ca6
n3ab67fe801db1ca6--tied--stop--1,n654--tied--stop--1,tied,stamp,n3ab67fe801db1ca6
nf151ab0c2e92fe4c--slur--start--1,n661--slur--start--1,slur,stamp,nf151ab0c2e92fe4c
nf9ef9b540885510a--slur--stop--1,n662--slur--stop--1,slur,stamp,nf9ef9b540885510a
nee66203e1e9fa329--slur--start--1,n663--slur--start--1,slur,stamp,nee66203e1e9fa329
n9cf2bac0d869cd07--slur--stop--1,n664--slur--stop--1,slur,stamp,n9cf2bac0d869cd07
n5fd8a1c316b1c361--slur--start--1,n665--slur--start--1,slur,stamp,n5fd8a1c316b1c361
n677cc01076abd6c7--slur--stop--1,n666--slur--stop--1,slur,stamp,n677cc01076abd6c7
n3a7ca8373ea661a1--slur--start--1,n667--slur--start--1,slur,stamp,n3a7ca8373ea661a1
n94ccc29013675193--slur--stop--1,n668--slur--stop--1,slur,stamp,n94ccc29013675193
e547ce0b7de8f19ff,md-1-36-1-1,dynamics,md,1
nf99fb25cb2baee8e--slur--start--1,n681--slur--start--1,slur,stamp,nf99fb25cb2baee8e
n65fe5ffcc163b3ac--slur--stop--1,n682--slur--stop--1,slur,stamp,n65fe5ffcc163b3ac
ncd451ccb856245c0--slur--start--1,n694--slur--start--1,slur,stamp,ncd451ccb856245c0
n93208a1c0e30f23d--slur--stop--1,n695--slur--stop--1,slur,stamp,n93208a1c0e30f23d
n684856c275cb34ae--slur--start--1,n707--slur--start--1,slur,stamp,n684856c275cb34ae
n337e9132b098374b--slur--stop--1,n708--slur--stop--1,slur,stamp,n337e9132b098374b
n3c8a2984e073d3a3--slur--start--1,n709--slur--start--1,slur,stamp,n3c8a2984e073d3a3
n860559488760e182--slur--stop--1,n710--slur--stop--1,slur,stamp,n860559488760e182
n1e7cfb02a56366f9--slur--start--1,n711--slur--start--1,slur,stamp,n1e7cfb02a56366f9
n197a724b32c894d2--slur--stop--1,n712--slur--stop--1,slur,stamp,n197a724b32c894d2
n1eeb3f0eb8361cb3--slur--start--1,n713--slur--start--1,slur,stamp,n1eeb3f0eb8361cb3
nf878ba68c7c3118d--slur--stop--1,n714--slur--stop--1,slur,stamp,nf878ba68c7c3118d
n136cd3d1a4f31812--tie--1,,tie,derive,n136cd3d1a4f31812
n136cd3d1a4f31812--tied--start--1,n718--tied--start--1,tied,stamp,n136cd3d1a4f31812
n136cd3d1a4f31812--accent--1,,accent,derive,n136cd3d1a4f31812
nca9cf371fd0c65b8--tie--1,,tie,derive,nca9cf371fd0c65b8
nca9cf371fd0c65b8--tied--start--1,n719--tied--start--1,tied,stamp,nca9cf371fd0c65b8
nb005063b0fd81ad0--tie--1,,tie,derive,nb005063b0fd81ad0
nb005063b0fd81ad0--tied--start--1,n720--tied--start--1,tied,stamp,nb005063b0fd81ad0
nf9543a8261a8ea7a--tie--1,,tie,derive,nf9543a8261a8ea7a
nf9543a8261a8ea7a--tied--stop--1,n721--tied--stop--1,tied,stamp,nf9543a8261a8ea7a
n70d19ac466bfe97c--tie--1,,tie,derive,n70d19ac466bfe97c
n70d19ac466bfe97c--tied--stop--1,n722--tied--stop--1,tied,stamp,n70d19ac466bfe97c
nb34e9aa7bc474b0a--tie--1,,tie,derive,nb34e9aa7bc474b0a
nb34e9aa7bc474b0a--tied--stop--1,n723--tied--stop--1,tied,stamp,nb34e9aa7bc474b0a
nd56af060511cab70--slur--start--1,n730--slur--start--1,slur,stamp,nd56af060511cab70
n7a4208b00bf3c14c--slur--stop--1,n731--slur--stop--1,slur,stamp,n7a4208b00bf3c14c
ne2a8b17c9dedf432--slur--start--1,n732--slur--start--1,slur,stamp,ne2a8b17c9dedf432
n0ff9727984578834--slur--stop--1,n733--slur--stop--1,slur,stamp,n0ff9727984578834
nd995d2db6862a6f5--slur--start--1,n734--slur--start--1,slur,stamp,nd995d2db6862a6f5
n3dc4a299fd7b9aad--slur--stop--1,n735--slur--stop--1,slur,stamp,n3dc4a299fd7b9aad
ec383addcf35d365f,md-1-40-1-1,dynamics,md,1
e949207388f01121c,md-1-42-1-1,words,md,1
e5e678b48ad7843e9,md-1-44-1-1,dynamics,md,1
ebfa99f600415df84,md-1-44-1-2,dynamics,md,1
e09f597eda0130b56,md-1-46-1-1,words,md,1
e9f25c1cf1d1504d6,md-1-48-1-1,dynamics,md,1
ed60f52ee5427eb53,md-1-48-1-2,dynamics,md,1
n29e935490181cf88--staccato--1,,staccato,derive,n29e935490181cf88
nca019017c68ee6a1--staccato--1,,staccato,derive,nca019017c68ee6a1
n052a28b2563745a7--slur--start--1,n922--slur--start--1,slur,stamp,n052a28b2563745a7
n9fcde185414cebc2--slur--stop--1,n923--slur--stop--1,slur,stamp,n9fcde185414cebc2
ne21135a6136511e2--slur--start--1,n948--slur--start--1,slur,stamp,ne21135a6136511e2
n9b6372bb25cbe355--slur--stop--1,n949--slur--stop--1,slur,stamp,n9b6372bb25cbe355
n446b568868146e2e--slur--start--1,n950--slur--start--1,slur,stamp,n446b568868146e2e
n0664ab7146fa902f--slur--stop--1,n951--slur--stop--1,slur,stamp,n0664ab7146fa902f
nf5b737cb5d4388bc--slur--start--1,n952--slur--start--1,slur,stamp,nf5b737cb5d4388bc
n4399e0aacd9e4a27--slur--stop--1,n953--slur--stop--1,slur,stamp,n4399e0aacd9e4a27
nf3b8c7934e4ed1dd--slur--start--1,n954--slur--start--1,slur,stamp,nf3b8c7934e4ed1dd
n08984a1ff029c1a4--slur--stop--1,n955--slur--stop--1,slur,stamp,n08984a1ff029c1a4
nbe53e56a8aa64284--staccato--1,,staccato,derive,nbe53e56a8aa64284
nbd20865716d0da2f--staccato--1,,staccato,derive,nbd20865716d0da2f
n5d27a1b2c2db4cb3--slur--start--1,n962--slur--start--1,slur,stamp,n5d27a1b2c2db4cb3
n46d8caaf01894a7d--slur--stop--1,n963--slur--stop--1,slur,stamp,n46d8caaf01894a7d
n8bb4487bf9255043--staccato--1,,staccato,derive,n8bb4487bf9255043
n35b2b37b76a170b2--slur--start--1,n970--slur--start--1,slur,stamp,n35b2b37b76a170b2
n711520d5255d4a6e--slur--stop--1,n971--slur--stop--1,slur,stamp,n711520d5255d4a6e
nb790d267d12161e9--slur--start--1,n972--slur--start--1,slur,stamp,nb790d267d12161e9
nd66f968497bd0f0d--slur--stop--1,n973--slur--stop--1,slur,stamp,nd66f968497bd0f0d
n462538fb2d4b018e--slur--start--1,n974--slur--start--1,slur,stamp,n462538fb2d4b018e
ndfc9401a7616b5be--slur--stop--1,n975--slur--stop--1,slur,stamp,ndfc9401a7616b5be
ee6a5924cb7401b47,md-1-52-1-1,octave-shift,md,1
ebd2abb4057366cf8,md-1-52-1-2,octave-shift,md,1
n351dd5e35807c503--staccato--1,,staccato,derive,n351dd5e35807c503
n55f44b3cd6f9b8a4--staccato--1,,staccato,derive,n55f44b3cd6f9b8a4
n8d7909b4e698dbe0--slur--start--1,n1017--slur--start--1,slur,stamp,n8d7909b4e698dbe0
ne9a456e9cdf52cd4--slur--stop--1,n1018--slur--stop--1,slur,stamp,ne9a456e9cdf52cd4
n1fe329baa850ee4d--slur--start--1,n1043--slur--start--1,slur,stamp,n1fe329baa850ee4d
ne4703a1571235156--slur--stop--1,n1044--slur--stop--1,slur,stamp,ne4703a1571235156
n23704bfb9500c815--slur--start--1,n1045--slur--start--1,slur,stamp,n23704bfb9500c815
ndf7f258a8e813ead--slur--stop--1,n1046--slur--stop--1,slur,stamp,ndf7f258a8e813ead
nc7ca9403bca900d6--slur--start--1,n1047--slur--start--1,slur,stamp,nc7ca9403bca900d6
n4d80d49778e5f0e7--slur--stop--1,n1048--slur--stop--1,slur,stamp,n4d80d49778e5f0e7
n3bfce30b4f4deb67--slur--start--1,n1049--slur--start--1,slur,stamp,n3bfce30b4f4deb67
nfc29de00f8386569--slur--stop--1,n1050--slur--stop--1,slur,stamp,nfc29de00f8386569
n874faddc81491e35--staccato--1,,staccato,derive,n874faddc81491e35
n773ac11aa74d86d8--staccato--1,,staccato,derive,n773ac11aa74d86d8
n76af7a1611c8ae45--slur--start--1,n1057--slur--start--1,slur,stamp,n76af7a1611c8ae45
n1ebb39878d70cf6f--slur--stop--1,n1058--slur--stop--1,slur,stamp,n1ebb39878d70cf6f
nc7f62e3f2b9f67ad--staccato--1,,staccato,derive,nc7f62e3f2b9f67ad
n48273c2fcb2e4125--slur--start--1,n1063--slur--start--1,slur,stamp,n48273c2fcb2e4125
nc9a12b89cb93f515--slur--stop--1,n1064--slur--stop--1,slur,stamp,nc9a12b89cb93f515
nedc6bdb80b546be6--slur--start--1,n1065--slur--start--1,slur,stamp,nedc6bdb80b546be6
nce3451cbbf74b23f--slur--stop--1,n1066--slur--stop--1,slur,stamp,nce3451cbbf74b23f
nb0e69180b3aeec3a--slur--start--1,n1067--slur--start--1,slur,stamp,nb0e69180b3aeec3a
n39a851c1d45d2d7b--slur--stop--1,n1068--slur--stop--1,slur,stamp,n39a851c1d45d2d7b
nd473a725243f74e2--slur--start--1,n1069--slur--start--1,slur,stamp,nd473a725243f74e2
nfb9fedffb4211c8e--slur--stop--1,n1070--slur--stop--1,slur,stamp,nfb9fedffb4211c8e
e232327f481696c81,md-1-56-1-1,octave-shift,md,1
e9d6a458e010ae134,md-1-56-1-2,octave-shift,md,1
ef7171246d54ddaf1,md-1-56-1-3,dynamics,md,1
n018d7e40759e667f--slur--start--1,n1074--slur--start--1,slur,stamp,n018d7e40759e667f
n018d7e40759e667f--accent--1,,accent,derive,n018d7e40759e667f
n9933cf092dae12ec--slur--stop--1,n1075--slur--stop--1,slur,stamp,n9933cf092dae12ec
n839c44f078eb957a--slur--start--1,n1077--slur--start--1,slur,stamp,n839c44f078eb957a
n839c44f078eb957a--accent--1,,accent,derive,n839c44f078eb957a
n3ff1d7a108c194ef--slur--stop--1,n1078--slur--stop--1,slur,stamp,n3ff1d7a108c194ef
n3bf8b6424da9169f--slur--start--1,n1080--slur--start--1,slur,stamp,n3bf8b6424da9169f
n3bf8b6424da9169f--accent--1,,accent,derive,n3bf8b6424da9169f
n06f133bb66651486--slur--stop--1,n1081--slur--stop--1,slur,stamp,n06f133bb66651486
n1c21a10e77651977--slur--start--1,n1083--slur--start--1,slur,stamp,n1c21a10e77651977
n1c21a10e77651977--accent--1,,accent,derive,n1c21a10e77651977
n05d280a425831e97--slur--stop--1,n1084--slur--stop--1,slur,stamp,n05d280a425831e97
nf16b98f30c6ebc5b--slur--start--1,n1086--slur--start--1,slur,stamp,nf16b98f30c6ebc5b
n315de2737875fe6e--slur--stop--1,n1087--slur--stop--1,slur,stamp,n315de2737875fe6e
n2608f61f3f75300a--slur--start--1,n1088--slur--start--1,slur,stamp,n2608f61f3f75300a
n369079d58277f435--slur--stop--1,n1089--slur--stop--1,slur,stamp,n369079d58277f435
nbec474a16999b1cd--slur--start--1,n1090--slur--start--1,slur,stamp,nbec474a16999b1cd
ndf406cf95f9ffaed--slur--stop--1,n1091--slur--stop--1,slur,stamp,ndf406cf95f9ffaed
ne7d39d3cb987952c--slur--start--1,n1092--slur--start--1,slur,stamp,ne7d39d3cb987952c
nc823f3fd9f6c5dcb--slur--stop--1,n1093--slur--stop--1,slur,stamp,nc823f3fd9f6c5dcb
nd3403ac97c0ddc32--slur--start--1,n1094--slur--start--1,slur,stamp,nd3403ac97c0ddc32
nd3403ac97c0ddc32--accent--1,,accent,derive,nd3403ac97c0ddc32
n6fd8a2c8aff8a737--slur--stop--1,n1095--slur--stop--1,slur,stamp,n6fd8a2c8aff8a737
ne92018cf914517b8--slur--start--1,n1097--slur--start--1,slur,stamp,ne92018cf914517b8
ne92018cf914517b8--accent--1,,accent,derive,ne92018cf914517b8
nc3996640888be371--slur--stop--1,n1098--slur--stop--1,slur,stamp,nc3996640888be371
nbed03fd6f0459e50--slur--start--1,n1100--slur--start--1,slur,stamp,nbed03fd6f0459e50
nbed03fd6f0459e50--accent--1,,accent,derive,nbed03fd6f0459e50
n963aeb52409d7a16--slur--stop--1,n1101--slur--stop--1,slur,stamp,n963aeb52409d7a16
n65a6a8389c120113--slur--start--1,n1103--slur--start--1,slur,stamp,n65a6a8389c120113
n65a6a8389c120113--accent--1,,accent,derive,n65a6a8389c120113
n982897e0888afee9--slur--stop--1,n1104--slur--stop--1,slur,stamp,n982897e0888afee9
n95d4072ded4e4317--slur--start--1,n1106--slur--start--1,slur,stamp,n95d4072ded4e4317
n3edca0c87b9ee191--slur--stop--1,n1107--slur--stop--1,slur,stamp,n3edca0c87b9ee191
n184b0347e472ea41--slur--start--1,n1108--slur--start--1,slur,stamp,n184b0347e472ea41
n53aad247767b04d4--slur--stop--1,n1109--slur--stop--1,slur,stamp,n53aad247767b04d4
n664da4fe3c50f6dd--slur--start--1,n1110--slur--start--1,slur,stamp,n664da4fe3c50f6dd
nbecea7267e7806f3--slur--stop--1,n1111--slur--stop--1,slur,stamp,nbecea7267e7806f3
nc869161c522a4bf3--slur--start--1,n1112--slur--start--1,slur,stamp,nc869161c522a4bf3
n5d2714fbec98c592--slur--stop--1,n1113--slur--stop--1,slur,stamp,n5d2714fbec98c592
nb7cf093491f748da--accent--1,,accent,derive,nb7cf093491f748da
n483d9f30a00d0e08--accent--1,,accent,derive,n483d9f30a00d0e08
naf5c4d85f8d0a630--accent--1,,accent,derive,naf5c4d85f8d0a630
nd90b03513ee0cfb7--accent--1,,accent,derive,nd90b03513ee0cfb7
na027fdb004dcee6f--slur--start--1,n1118--slur--start--1,slur,stamp,na027fdb004dcee6f
nc0aba69a2ef1d123--slur--stop--1,n1119--slur--stop--1,slur,stamp,nc0aba69a2ef1d123
nc5d0b261f324fea0--slur--start--1,n1121--slur--start--1,slur,stamp,nc5d0b261f324fea0
nd53016b1bc7bd02d--slur--stop--1,n1123--slur--stop--1,slur,stamp,nd53016b1bc7bd02d
na2ee5949f5bf61f5--slur--start--1,n1125--slur--start--1,slur,stamp,na2ee5949f5bf61f5
n16a222b557eca3e9--slur--stop--1,n1127--slur--stop--1,slur,stamp,n16a222b557eca3e9
nd5b95e2bbdf390f5--slur--start--1,n1129--slur--start--1,slur,stamp,nd5b95e2bbdf390f5
nd89b2c1b2f1ec0b3--slur--stop--1,n1131--slur--stop--1,slur,stamp,nd89b2c1b2f1ec0b3
nda0d8446bec830da--slur--start--1,n1133--slur--start--1,slur,stamp,nda0d8446bec830da
n6e931a6c2489fa08--slur--stop--1,n1134--slur--stop--1,slur,stamp,n6e931a6c2489fa08
n2442482a3c62c7a4--slur--start--1,n1135--slur--start--1,slur,stamp,n2442482a3c62c7a4
nf9c6da00fd99090d--slur--stop--1,n1136--slur--stop--1,slur,stamp,nf9c6da00fd99090d
n779c7792d00938e2--slur--start--1,n1137--slur--start--1,slur,stamp,n779c7792d00938e2
nda8d3e35c6a34ac8--slur--stop--1,n1138--slur--stop--1,slur,stamp,nda8d3e35c6a34ac8
nd75140dac9f503b6--slur--start--1,n1139--slur--start--1,slur,stamp,nd75140dac9f503b6
nd7f8b3fbb8f5be7c--slur--stop--1,n1140--slur--stop--1,slur,stamp,nd7f8b3fbb8f5be7c
e171e81438e28059d,md-1-59-1-1,dynamics,md,1
n1ad02fb5c73144f7--accent--1,,accent,derive,n1ad02fb5c73144f7
nfdd4fa41a0e5e431--accent--1,,accent,derive,nfdd4fa41a0e5e431
n41c3f98e682651ff--accent--1,,accent,derive,n41c3f98e682651ff
n4433c6bb79a03289--accent--1,,accent,derive,n4433c6bb79a03289
n1277345fb335d608--slur--start--1,n1145--slur--start--1,slur,stamp,n1277345fb335d608
na13915d0247fbc1d--slur--stop--1,n1147--slur--stop--1,slur,stamp,na13915d0247fbc1d
nbcf23a9f9b51f693--slur--start--1,n1149--slur--start--1,slur,stamp,nbcf23a9f9b51f693
nefb84600ef4f4613--slur--stop--1,n1151--slur--stop--1,slur,stamp,nefb84600ef4f4613
nd6bf9d040cb2f324--slur--start--1,n1153--slur--start--1,slur,stamp,nd6bf9d040cb2f324
n0f715ecfc49451e0--slur--stop--1,n1155--slur--stop--1,slur,stamp,n0f715ecfc49451e0
nc31b1493913116d9--slur--start--1,n1157--slur--start--1,slur,stamp,nc31b1493913116d9
n9aa0cb05b323e75a--slur--stop--1,n1159--slur--stop--1,slur,stamp,n9aa0cb05b323e75a
nfd964e6ef24cc6c3--slur--start--1,n1161--slur--start--1,slur,stamp,nfd964e6ef24cc6c3
n4fc5462d4fc6118f--slur--stop--1,n1162--slur--stop--1,slur,stamp,n4fc5462d4fc6118f
nd27afed4c8061f23--slur--start--1,n1163--slur--start--1,slur,stamp,nd27afed4c8061f23
nfd4c528f152f102a--slur--stop--1,n1164--slur--stop--1,slur,stamp,nfd4c528f152f102a
nc79218d5f5529792--slur--start--1,n1165--slur--start--1,slur,stamp,nc79218d5f5529792
n1e572cd8c7428057--slur--stop--1,n1166--slur--stop--1,slur,stamp,n1e572cd8c7428057
n80c0ee49e16a5e77--slur--start--1,n1167--slur--start--1,slur,stamp,n80c0ee49e16a5e77
n57b7c5dff51a9465--slur--stop--1,n1168--slur--stop--1,slur,stamp,n57b7c5dff51a9465
n9f5b1d75d07a63d1--slur--start--1,n1169--slur--start--1,slur,stamp,n9f5b1d75d07a63d1
n9f5b1d75d07a63d1--accent--1,,accent,derive,n9f5b1d75d07a63d1
ndb1baf73433d7cae--slur--stop--1,n1170--slur--stop--1,slur,stamp,ndb1baf73433d7cae
n90e52e6ee2b5956d--slur--start--1,n1172--slur--start--1,slur,stamp,n90e52e6ee2b5956d
n90e52e6ee2b5956d--accent--1,,accent,derive,n90e52e6ee2b5956d
nd2bc928dc8bffd12--slur--stop--1,n1173--slur--stop--1,slur,stamp,nd2bc928dc8bffd12
n045b27004a44cd04--slur--start--1,n1175--slur--start--1,slur,stamp,n045b27004a44cd04
n045b27004a44cd04--accent--1,,accent,derive,n045b27004a44cd04
nc8467f706f155097--slur--stop--1,n1176--slur--stop--1,slur,stamp,nc8467f706f155097
n01693a595b87848c--slur--start--1,n1178--slur--start--1,slur,stamp,n01693a595b87848c
n01693a595b87848c--accent--1,,accent,derive,n01693a595b87848c
n160540fa9de8bb7c--slur--stop--1,n1179--slur--stop--1,slur,stamp,n160540fa9de8bb7c
n34c141a39ecf3e75--slur--start--1,n1181--slur--start--1,slur,stamp,n34c141a39ecf3e75
ncd4f1c498353fbf2--slur--stop--1,n1182--slur--stop--1,slur,stamp,ncd4f1c498353fbf2
nf9b604e7176e4717--slur--start--1,n1183--slur--start--1,slur,stamp,nf9b604e7176e4717
n3671a64c4aa91087--slur--stop--1,n1184--slur--stop--1,slur,stamp,n3671a64c4aa91087
n4d3c65846776df03--slur--start--1,n1185--slur--start--1,slur,stamp,n4d3c65846776df03
nfd5e2961e0b168a7--slur--stop--1,n1186--slur--stop--1,slur,stamp,nfd5e2961e0b168a7
n219d7191ff1414ab--slur--start--1,n1187--slur--start--1,slur,stamp,n219d7191ff1414ab
n0ce1d0abedc1bf5d--slur--stop--1,n1188--slur--stop--1,slur,stamp,n0ce1d0abedc1bf5d
e6788dfa6df10085c,md-1-61-1-1,words,md,1
nf3d02714e0882075--slur--start--1,n1189--slur--start--1,slur,stamp,nf3d02714e0882075
nf3d02714e0882075--accent--1,,accent,derive,nf3d02714e0882075
n596cbc62594602f1--slur--stop--1,n1190--slur--stop--1,slur,stamp,n596cbc62594602f1
nbeb976504a5ba96d--slur--start--1,n1192--slur--start--1,slur,stamp,nbeb976504a5ba96d
nbeb976504a5ba96d--accent--1,,accent,derive,nbeb976504a5ba96d
nd8e62f7d7590a647--slur--stop--1,n1193--slur--stop--1,slur,stamp,nd8e62f7d7590a647
ncb85134445b46c79--slur--start--1,n1195--slur--start--1,slur,stamp,ncb85134445b46c79
ncb85134445b46c79--accent--1,,accent,derive,ncb85134445b46c79
n9c920490b0377b6f--slur--stop--1,n1196--slur--stop--1,slur,stamp,n9c920490b0377b6f
ncb8d21bea9c9ecaf--slur--start--1,n1198--slur--start--1,slur,stamp,ncb8d21bea9c9ecaf
ncb8d21bea9c9ecaf--accent--1,,accent,derive,ncb8d21bea9c9ecaf
nbd72de8efb462612--slur--stop--1,n1199--slur--stop--1,slur,stamp,nbd72de8efb462612
naad1baa26fc913b8--slur--start--1,n1201--slur--start--1,slur,stamp,naad1baa26fc913b8
n81d047afdeeb2923--slur--stop--1,n1202--slur--stop--1,slur,stamp,n81d047afdeeb2923
nd2ff782bacde4e64--slur--start--1,n1203--slur--start--1,slur,stamp,nd2ff782bacde4e64
n83a7d6b11023fc7e--slur--stop--1,n1204--slur--stop--1,slur,stamp,n83a7d6b11023fc7e
n30234c8a153f0b94--slur--start--1,n1205--slur--start--1,slur,stamp,n30234c8a153f0b94
n78ba7d9698edf841--slur--stop--1,n1206--slur--stop--1,slur,stamp,n78ba7d9698edf841
nda1b20c489100869--slur--start--1,n1207--slur--start--1,slur,stamp,nda1b20c489100869
n02777418f15a6117--slur--stop--1,n1208--slur--stop--1,slur,stamp,n02777418f15a6117
nf6ed046822a57a76--accent--1,,accent,derive,nf6ed046822a57a76
n9f2d60f80cc5c93e--accent--1,,accent,derive,n9f2d60f80cc5c93e
n562bb487d60edf70--accent--1,,accent,derive,n562bb487d60edf70
n8cdd2599a126eed3--accent--1,,accent,derive,n8cdd2599a126eed3
n6d0f4bba033ed001--slur--start--1,n1213--slur--start--1,slur,stamp,n6d0f4bba033ed001
n317cf6a25aaadcd5--slur--stop--1,n1214--slur--stop--1,slur,stamp,n317cf6a25aaadcd5
n1470cf65bdab3607--slur--start--1,n1216--slur--start--1,slur,stamp,n1470cf65bdab3607
nd4c7ad588917da33--slur--stop--1,n1218--slur--stop--1,slur,stamp,nd4c7ad588917da33
n68e14ec342f9e38b--slur--start--1,n1220--slur--start--1,slur,stamp,n68e14ec342f9e38b
nb7e1ae9c48cafb69--slur--stop--1,n1222--slur--stop--1,slur,stamp,nb7e1ae9c48cafb69
n6d765c0ba3d9b572--slur--start--1,n1224--slur--start--1,slur,stamp,n6d765c0ba3d9b572
n63ef496415069071--slur--stop--1,n1226--slur--stop--1,slur,stamp,n63ef496415069071
nc183eff13040111e--slur--start--1,n1228--slur--start--1,slur,stamp,nc183eff13040111e
n0fc0096f2d67ddf3--slur--stop--1,n1229--slur--stop--1,slur,stamp,n0fc0096f2d67ddf3
n4b2b8906a1a18842--slur--start--1,n1230--slur--start--1,slur,stamp,n4b2b8906a1a18842
n5e1f10a0c508ce42--slur--stop--1,n1231--slur--stop--1,slur,stamp,n5e1f10a0c508ce42
na3180b2938451905--slur--start--1,n1232--slur--start--1,slur,stamp,na3180b2938451905
n1a2ac3b40d74b238--slur--stop--1,n1233--slur--stop--1,slur,stamp,n1a2ac3b40d74b238
n6af0e88266eaf609--slur--start--1,n1234--slur--start--1,slur,stamp,n6af0e88266eaf609
n56dadc34c2ce8ff3--slur--stop--1,n1235--slur--stop--1,slur,stamp,n56dadc34c2ce8ff3
ed88a1bbb1fb1fa8c,md-1-63-1-1,dynamics,md,1
n2dddf3359cc2f019--accent--1,,accent,derive,n2dddf3359cc2f019
n367fbdf6a80a10a3--accent--1,,accent,derive,n367fbdf6a80a10a3
n213c279f9514790c--accent--1,,accent,derive,n213c279f9514790c
nde88ad22f2ead601--accent--1,,accent,derive,nde88ad22f2ead601
n3fdd0b43fe211055--slur--start--1,n1240--slur--start--1,slur,stamp,n3fdd0b43fe211055
n9f4972b84084cbf7--slur--stop--1,n1242--slur--stop--1,slur,stamp,n9f4972b84084cbf7
n74a30f9a5bc6f04c--slur--start--1,n1244--slur--start--1,slur,stamp,n74a30f9a5bc6f04c
n44c48f1278f6ab46--slur--stop--1,n1246--slur--stop--1,slur,stamp,n44c48f1278f6ab46
nf2e8323c62c6b01e--slur--start--1,n1248--slur--start--1,slur,stamp,nf2e8323c62c6b01e
ndbbda9f9ca68b43c--slur--stop--1,n1250--slur--stop--1,slur,stamp,ndbbda9f9ca68b43c
n37b1284ef23aa5d2--slur--start--1,n1252--slur--start--1,slur,stamp,n37b1284ef23aa5d2
n186efbb94c127697--slur--stop--1,n1254--slur--stop--1,slur,stamp,n186efbb94c127697
na778b38d75ab359d--slur--start--1,n1256--slur--start--1,slur,stamp,na778b38d75ab359d
ne85d96387620be5c--slur--stop--1,n1257--slur--stop--1,slur,stamp,ne85d96387620be5c
n966d5f8bc1d35558--slur--start--1,n1258--slur--start--1,slur,stamp,n966d5f8bc1d35558
ne89045f3a706985b--slur--stop--1,n1259--slur--stop--1,slur,stamp,ne89045f3a706985b
n5b6cc8ad4e91a5a0--slur--start--1,n1260--slur--start--1,slur,stamp,n5b6cc8ad4e91a5a0
n07275b3103b4e879--slur--stop--1,n1261--slur--stop--1,slur,stamp,n07275b3103b4e879
n2e20de8be143829d--slur--start--1,n1262--slur--start--1,slur,stamp,n2e20de8be143829d
nbc340e10b568e375--slur--stop--1,n1263--slur--stop--1,slur,stamp,nbc340e10b568e375
nd6ce51ba5c18d3de--staccato--1,,staccato,derive,nd6ce51ba5c18d3de
nec82a191c4a1c8b7--staccato--1,,staccato,derive,nec82a191c4a1c8b7
n10d5bdbd8706df31--staccato--1,,staccato,derive,n10d5bdbd8706df31
nf851bf5e588ca11d--staccato--1,,staccato,derive,nf851bf5e588ca11d
nf851bf5e588ca11d--accent--1,,accent,derive,nf851bf5e588ca11d
nf851bf5e588ca11d--strong-accent--1,,strong-accent,derive,nf851bf5e588ca11d
nbfffe85b4636c470--staccato--1,,staccato,derive,nbfffe85b4636c470
nbfffe85b4636c470--accent--1,,accent,derive,nbfffe85b4636c470
nbfffe85b4636c470--strong-accent--1,,strong-accent,derive,nbfffe85b4636c470
na4bb254159e76651--slur--start--1,n1269--slur--start--1,slur,stamp,na4bb254159e76651
n8e09ded11c9c7def--slur--stop--1,n1270--slur--stop--1,slur,stamp,n8e09ded11c9c7def
n3546dc21c0041c04--slur--start--1,n1271--slur--start--1,slur,stamp,n3546dc21c0041c04
nfa2a19cedfb5a4e0--slur--stop--1,n1272--slur--stop--1,slur,stamp,nfa2a19cedfb5a4e0
n71b00910257f73c7--slur--start--1,n1273--slur--start--1,slur,stamp,n71b00910257f73c7
ncc13eaf279e10eb9--slur--stop--1,n1274--slur--stop--1,slur,stamp,ncc13eaf279e10eb9
nc646fcddd1f8c9bd--slur--start--1,n1275--slur--start--1,slur,stamp,nc646fcddd1f8c9bd
n0431e8335c197b75--slur--stop--1,n1276--slur--stop--1,slur,stamp,n0431e8335c197b75
n142ddd8bed669e8a--staccato--1,,staccato,derive,n142ddd8bed669e8a
n142ddd8bed669e8a--accent--1,,accent,derive,n142ddd8bed669e8a
n142ddd8bed669e8a--strong-accent--1,,strong-accent,derive,n142ddd8bed669e8a
n7bf47d790b0ed49a--accent--1,,accent,derive,n7bf47d790b0ed49a
n7bf47d790b0ed49a--wavy-line--1,,wavy-line,derive,n7bf47d790b0ed49a
n09cca066cd0689d0--staccato--1,,staccato,derive,n09cca066cd0689d0
n09cca066cd0689d0--accent--1,,accent,derive,n09cca066cd0689d0
n09cca066cd0689d0--strong-accent--1,,strong-accent,derive,n09cca066cd0689d0
n93e6c81ddd42238c--staccato--1,,staccato,derive,n93e6c81ddd42238c
n93e6c81ddd42238c--accent--1,,accent,derive,n93e6c81ddd42238c
n93e6c81ddd42238c--strong-accent--1,,strong-accent,derive,n93e6c81ddd42238c
n32a8693615d8efce--slur--start--1,n1282--slur--start--1,slur,stamp,n32a8693615d8efce
n8f65df51d5132346--slur--stop--1,n1283--slur--stop--1,slur,stamp,n8f65df51d5132346
n5e840b8b99009eb6--slur--start--1,n1284--slur--start--1,slur,stamp,n5e840b8b99009eb6
n4efcdbffb3796534--slur--stop--1,n1285--slur--stop--1,slur,stamp,n4efcdbffb3796534
nbcc23e64a85345be--slur--start--1,n1286--slur--start--1,slur,stamp,nbcc23e64a85345be
n2467804391e265a3--slur--stop--1,n1287--slur--stop--1,slur,stamp,n2467804391e265a3
nd063ff28ba28b3a4--slur--start--1,n1288--slur--start--1,slur,stamp,nd063ff28ba28b3a4
n5ebdea6857180045--slur--stop--1,n1289--slur--stop--1,slur,stamp,n5ebdea6857180045
ebaf12a6c25aa7837,md-1-66-1-1,words,md,1
nce188596be6f2358--staccato--1,,staccato,derive,nce188596be6f2358
n44ed724d86421910--staccato--1,,staccato,derive,n44ed724d86421910
nfb8a8e4aa7796d0e--staccato--1,,staccato,derive,nfb8a8e4aa7796d0e
n4af4a48913cc4e7f--staccato--1,,staccato,derive,n4af4a48913cc4e7f
n6015945d2f626293--staccato--1,,staccato,derive,n6015945d2f626293
n6015945d2f626293--accent--1,,accent,derive,n6015945d2f626293
n6015945d2f626293--strong-accent--1,,strong-accent,derive,n6015945d2f626293
naf9a1ee1aff3492e--staccato--1,,staccato,derive,naf9a1ee1aff3492e
naf9a1ee1aff3492e--accent--1,,accent,derive,naf9a1ee1aff3492e
naf9a1ee1aff3492e--strong-accent--1,,strong-accent,derive,naf9a1ee1aff3492e
nf7cb3eb6772a41bc--slur--start--1,n1296--slur--start--1,slur,stamp,nf7cb3eb6772a41bc
ncb5774735ed4509e--slur--stop--1,n1297--slur--stop--1,slur,stamp,ncb5774735ed4509e
n57cafadf969f7eed--slur--start--1,n1298--slur--start--1,slur,stamp,n57cafadf969f7eed
n7625b0a1f67e7522--slur--stop--1,n1299--slur--stop--1,slur,stamp,n7625b0a1f67e7522
n5d42a7affa5976f3--slur--start--1,n1300--slur--start--1,slur,stamp,n5d42a7affa5976f3
n0c0942550a0f8e4c--slur--stop--1,n1301--slur--stop--1,slur,stamp,n0c0942550a0f8e4c
nf62d22e8abd61c80--slur--start--1,n1302--slur--start--1,slur,stamp,nf62d22e8abd61c80
n1aadbc4876e8872c--slur--stop--1,n1303--slur--stop--1,slur,stamp,n1aadbc4876e8872c
nd21052aeb5e72bfc--staccato--1,,staccato,derive,nd21052aeb5e72bfc
nd21052aeb5e72bfc--accent--1,,accent,derive,nd21052aeb5e72bfc
nd21052aeb5e72bfc--strong-accent--1,,strong-accent,derive,nd21052aeb5e72bfc
nf261a4e31eb6bb18--accent--1,,accent,derive,nf261a4e31eb6bb18
nf261a4e31eb6bb18--wavy-line--1,,wavy-line,derive,nf261a4e31eb6bb18
n9228c46dabc8e0e1--staccato--1,,staccato,derive,n9228c46dabc8e0e1
n9228c46dabc8e0e1--accent--1,,accent,derive,n9228c46dabc8e0e1
n9228c46dabc8e0e1--strong-accent--1,,strong-accent,derive,n9228c46dabc8e0e1
n7bbcd0093f64a69c--staccato--1,,staccato,derive,n7bbcd0093f64a69c
n7bbcd0093f64a69c--accent--1,,accent,derive,n7bbcd0093f64a69c
n7bbcd0093f64a69c--strong-accent--1,,strong-accent,derive,n7bbcd0093f64a69c
nc95ca78781824196--slur--start--1,n1310--slur--start--1,slur,stamp,nc95ca78781824196
n3a01408a2f744fe9--slur--stop--1,n1311--slur--stop--1,slur,stamp,n3a01408a2f744fe9
n28acfa12dfe1d0db--slur--start--1,n1312--slur--start--1,slur,stamp,n28acfa12dfe1d0db
n7848872c689a25ba--slur--stop--1,n1313--slur--stop--1,slur,stamp,n7848872c689a25ba
n9dd57495d56dafcf--slur--start--1,n1314--slur--start--1,slur,stamp,n9dd57495d56dafcf
nd610a9d1a8b078f4--slur--stop--1,n1315--slur--stop--1,slur,stamp,nd610a9d1a8b078f4
nffec69a93e38f86c--slur--start--1,n1316--slur--start--1,slur,stamp,nffec69a93e38f86c
nab1197d3bd6ae264--slur--stop--1,n1317--slur--stop--1,slur,stamp,nab1197d3bd6ae264
eb3f479ebec272979,md-1-68-1-1,words,md,1
e818d41555f4d6433,md-1-68-1-2,dynamics,md,1
n673cd6f68a75a70b--slur--start--1,n1318--slur--start--1,slur,stamp,n673cd6f68a75a70b
n673cd6f68a75a70b--accent--1,,accent,derive,n673cd6f68a75a70b
nc5e0909a74e48143--slur--stop--1,n1319--slur--stop--1,slur,stamp,nc5e0909a74e48143
n1473897258cbf2c6--slur--start--1,n1321--slur--start--1,slur,stamp,n1473897258cbf2c6
n1473897258cbf2c6--accent--1,,accent,derive,n1473897258cbf2c6
n18df1d4963deebf2--slur--stop--1,n1322--slur--stop--1,slur,stamp,n18df1d4963deebf2
n002347a7d7211d51--slur--start--1,n1324--slur--start--1,slur,stamp,n002347a7d7211d51
n002347a7d7211d51--accent--1,,accent,derive,n002347a7d7211d51
n16f516bf2071e29f--slur--stop--1,n1325--slur--stop--1,slur,stamp,n16f516bf2071e29f
n5e969a4830a71fb6--slur--start--1,n1327--slur--start--1,slur,stamp,n5e969a4830a71fb6
n5e969a4830a71fb6--accent--1,,accent,derive,n5e969a4830a71fb6
n6f4504a31bd174ed--slur--stop--1,n1328--slur--stop--1,slur,stamp,n6f4504a31bd174ed
n00be45e767280e56--slur--start--1,n1330--slur--start--1,slur,stamp,n00be45e767280e56
n079a785819b8eedc--slur--stop--1,n1331--slur--stop--1,slur,stamp,n079a785819b8eedc
ncc82854a117c527a--slur--start--1,n1332--slur--start--1,slur,stamp,ncc82854a117c527a
n76670662f239fde5--slur--stop--1,n1333--slur--stop--1,slur,stamp,n76670662f239fde5
n4e52ef361927478c--slur--start--1,n1334--slur--start--1,slur,stamp,n4e52ef361927478c
nd90687dacc089e87--slur--stop--1,n1335--slur--stop--1,slur,stamp,nd90687dacc089e87
nf0e2a5d2d8d27726--slur--start--1,n1336--slur--start--1,slur,stamp,nf0e2a5d2d8d27726
n272736b33762b5d4--slur--stop--1,n1337--slur--stop--1,slur,stamp,n272736b33762b5d4
n5638c5334981edea--slur--start--1,n1338--slur--start--1,slur,stamp,n5638c5334981edea
n5638c5334981edea--accent--1,,accent,derive,n5638c5334981edea
n837aea20cd359905--slur--stop--1,n1339--slur--stop--1,slur,stamp,n837aea20cd359905
nc6c4465528729fcf--slur--start--1,n1341--slur--start--1,slur,stamp,nc6c4465528729fcf
nc6c4465528729fcf--accent--1,,accent,derive,nc6c4465528729fcf
n0831b4d3d3f8c992--slur--stop--1,n1342--slur--stop--1,slur,stamp,n0831b4d3d3f8c992
n2bfdbcde0107f49d--slur--start--1,n1344--slur--start--1,slur,stamp,n2bfdbcde0107f49d
n2bfdbcde0107f49d--accent--1,,accent,derive,n2bfdbcde0107f49d
n8c06241f00321461--slur--stop--1,n1345--slur--stop--1,slur,stamp,n8c06241f00321461
n7bca600af610e183--slur--start--1,n1347--slur--start--1,slur,stamp,n7bca600af610e183
n7bca600af610e183--accent--1,,accent,derive,n7bca600af610e183
nb8057ecf91827f22--slur--stop--1,n1348--slur--stop--1,slur,stamp,nb8057ecf91827f22
naa20d4f261d26a56--slur--start--1,n1350--slur--start--1,slur,stamp,naa20d4f261d26a56
nce5cfca04e0b6088--slur--stop--1,n1351--slur--stop--1,slur,stamp,nce5cfca04e0b6088
n9e715eadaa42c1fa--slur--start--1,n1352--slur--start--1,slur,stamp,n9e715eadaa42c1fa
n759c7f44bf16c08f--slur--stop--1,n1353--slur--stop--1,slur,stamp,n759c7f44bf16c08f
naa5406574ae849ee--slur--start--1,n1354--slur--start--1,slur,stamp,naa5406574ae849ee
ncfa58ea8bcbef5b4--slur--stop--1,n1355--slur--stop--1,slur,stamp,ncfa58ea8bcbef5b4
n9524749ce96c1a22--slur--start--1,n1356--slur--start--1,slur,stamp,n9524749ce96c1a22
nad6d4be6476556ec--slur--stop--1,n1357--slur--stop--1,slur,stamp,nad6d4be6476556ec
n91c5e7671038913e--accent--1,,accent,derive,n91c5e7671038913e
nf7a100bfb003c0a2--accent--1,,accent,derive,nf7a100bfb003c0a2
n01f718f5c524a68b--accent--1,,accent,derive,n01f718f5c524a68b
ndc562ae309f39f4f--accent--1,,accent,derive,ndc562ae309f39f4f
n49ff9aeee5c48baa--slur--start--1,n1362--slur--start--1,slur,stamp,n49ff9aeee5c48baa
na0ec39a530fe6e69--slur--stop--1,n1363--slur--stop--1,slur,stamp,na0ec39a530fe6e69
nf13d269bc515024e--slur--start--1,n1365--slur--start--1,slur,stamp,nf13d269bc515024e
n82ad69fb2bc4828a--slur--stop--1,n1367--slur--stop--1,slur,stamp,n82ad69fb2bc4828a
nd9491b6593803e15--slur--start--1,n1369--slur--start--1,slur,stamp,nd9491b6593803e15
n2f2d08acfd1af7e8--slur--stop--1,n1371--slur--stop--1,slur,stamp,n2f2d08acfd1af7e8
na3026e04393df090--slur--start--1,n1373--slur--start--1,slur,stamp,na3026e04393df090
nb86fb6a3a0e65ce9--slur--stop--1,n1375--slur--stop--1,slur,stamp,nb86fb6a3a0e65ce9
n5c5e4eeeb4adc8a9--slur--start--1,n1377--slur--start--1,slur,stamp,n5c5e4eeeb4adc8a9
n818cae3b93519e2f--slur--stop--1,n1378--slur--stop--1,slur,stamp,n818cae3b93519e2f
nb8b04380d8518b0b--slur--start--1,n1379--slur--start--1,slur,stamp,nb8b04380d8518b0b
nb47724675a0695ec--slur--stop--1,n1380--slur--stop--1,slur,stamp,nb47724675a0695ec
ncd980fffb1865083--slur--start--1,n1381--slur--start--1,slur,stamp,ncd980fffb1865083
nc987b6f3eebed683--slur--stop--1,n1382--slur--stop--1,slur,stamp,nc987b6f3eebed683
n0cb89e85437ffe9c--slur--start--1,n1383--slur--start--1,slur,stamp,n0cb89e85437ffe9c
n8dbfeaee9f57f571--slur--stop--1,n1384--slur--stop--1,slur,stamp,n8dbfeaee9f57f571
ec0b194b1eb306615,md-1-71-1-1,dynamics,md,1
n6c6fd6dc0609fc0a--accent--1,,accent,derive,n6c6fd6dc0609fc0a
nd94ecadd82163530--accent--1,,accent,derive,nd94ecadd82163530
nf4aba2da83a32299--accent--1,,accent,derive,nf4aba2da83a32299
ndb8ae0a34452ff62--accent--1,,accent,derive,ndb8ae0a34452ff62
n45bf4be90a0dcee7--slur--start--1,n1389--slur--start--1,slur,stamp,n45bf4be90a0dcee7
n00695a9e6be67073--slur--stop--1,n1391--slur--stop--1,slur,stamp,n00695a9e6be67073
nf3a79f2afaf4c83c--slur--start--1,n1393--slur--start--1,slur,stamp,nf3a79f2afaf4c83c
n870d8997cd07a8a5--slur--stop--1,n1395--slur--stop--1,slur,stamp,n870d8997cd07a8a5
nb2ce1f2c405b7b43--slur--start--1,n1397--slur--start--1,slur,stamp,nb2ce1f2c405b7b43
n4d40242ba2bb69f3--slur--stop--1,n1399--slur--stop--1,slur,stamp,n4d40242ba2bb69f3
nf110c65ef9dc9e74--slur--start--1,n1401--slur--start--1,slur,stamp,nf110c65ef9dc9e74
nb9b412e1a11170c7--slur--stop--1,n1403--slur--stop--1,slur,stamp,nb9b412e1a11170c7
n0ae329aea50a2e20--slur--start--1,n1405--slur--start--1,slur,stamp,n0ae329aea50a2e20
nf45664c40ad27480--slur--stop--1,n1406--slur--stop--1,slur,stamp,nf45664c40ad27480
na446e0ecd5cc3f9f--slur--start--1,n1407--slur--start--1,slur,stamp,na446e0ecd5cc3f9f
n830f88b1ef1605ba--slur--stop--1,n1408--slur--stop--1,slur,stamp,n830f88b1ef1605ba
nd1520b9c05fa49cf--slur--start--1,n1409--slur--start--1,slur,stamp,nd1520b9c05fa49cf
nc920233c3efe0ffe--slur--stop--1,n1410--slur--stop--1,slur,stamp,nc920233c3efe0ffe
nada914f8717531b7--slur--start--1,n1411--slur--start--1,slur,stamp,nada914f8717531b7
nb137ee37bbc09662--slur--stop--1,n1412--slur--stop--1,slur,stamp,nb137ee37bbc09662
n7a6adca4d000caf5--slur--start--1,n1413--slur--start--1,slur,stamp,n7a6adca4d000caf5
n7a6adca4d000caf5--accent--1,,accent,derive,n7a6adca4d000caf5
n6916f5f17da0d104--slur--stop--1,n1414--slur--stop--1,slur,stamp,n6916f5f17da0d104
n8ea9c20c90ce5bdc--slur--start--1,n1416--slur--start--1,slur,stamp,n8ea9c20c90ce5bdc
n8ea9c20c90ce5bdc--accent--1,,accent,derive,n8ea9c20c90ce5bdc
ndf17cfdbbd37c3f6--slur--stop--1,n1417--slur--stop--1,slur,stamp,ndf17cfdbbd37c3f6
n1603f4e6471f34a7--slur--start--1,n1419--slur--start--1,slur,stamp,n1603f4e6471f34a7
n1603f4e6471f34a7--accent--1,,accent,derive,n1603f4e6471f34a7
nfecb7304db572ebb--slur--stop--1,n1420--slur--stop--1,slur,stamp,nfecb7304db572ebb
n77d039ee9203eef2--slur--start--1,n1422--slur--start--1,slur,stamp,n77d039ee9203eef2
n77d039ee9203eef2--accent--1,,accent,derive,n77d039ee9203eef2
n48ef848bf3f418b2--slur--stop--1,n1423--slur--stop--1,slur,stamp,n48ef848bf3f418b2
nd93b5fe569c708f0--slur--start--1,n1425--slur--start--1,slur,stamp,nd93b5fe569c708f0
na36ac3d9d830f843--slur--stop--1,n1426--slur--stop--1,slur,stamp,na36ac3d9d830f843
ne44dbeb18b80265e--slur--start--1,n1427--slur--start--1,slur,stamp,ne44dbeb18b80265e
n1b21d91d3faea522--slur--stop--1,n1428--slur--stop--1,slur,stamp,n1b21d91d3faea522
nda6199466f7d6b33--slur--start--1,n1429--slur--start--1,slur,stamp,nda6199466f7d6b33
n7b25502de50c7e7e--slur--stop--1,n1430--slur--stop--1,slur,stamp,n7b25502de50c7e7e
nd95130024ab3c4d7--slur--start--1,n1431--slur--start--1,slur,stamp,nd95130024ab3c4d7
nce5da054b632f558--slur--stop--1,n1432--slur--stop--1,slur,stamp,nce5da054b632f558
eab9ed3272a1c20fb,md-1-73-1-1,words,md,1
n2198c61e346abda5--slur--start--1,n1433--slur--start--1,slur,stamp,n2198c61e346abda5
n2198c61e346abda5--accent--1,,accent,derive,n2198c61e346abda5
n9f3d1e53622ef6bf--slur--stop--1,n1434--slur--stop--1,slur,stamp,n9f3d1e53622ef6bf
nbfed80ae0723b81d--slur--start--1,n1436--slur--start--1,slur,stamp,nbfed80ae0723b81d
nbfed80ae0723b81d--accent--1,,accent,derive,nbfed80ae0723b81d
nade45a40d968e34c--slur--stop--1,n1437--slur--stop--1,slur,stamp,nade45a40d968e34c
n0ea90db6231d2e95--slur--start--1,n1439--slur--start--1,slur,stamp,n0ea90db6231d2e95
n0ea90db6231d2e95--accent--1,,accent,derive,n0ea90db6231d2e95
nfa9e5d9cf2c417ac--slur--stop--1,n1440--slur--stop--1,slur,stamp,nfa9e5d9cf2c417ac
ne2a25418f2b587d9--slur--start--1,n1442--slur--start--1,slur,stamp,ne2a25418f2b587d9
ne2a25418f2b587d9--accent--1,,accent,derive,ne2a25418f2b587d9
n8e74c805a020063d--slur--stop--1,n1443--slur--stop--1,slur,stamp,n8e74c805a020063d
n903b7e757c8470f9--slur--start--1,n1445--slur--start--1,slur,stamp,n903b7e757c8470f9
nf2a54529b81797a5--slur--stop--1,n1446--slur--stop--1,slur,stamp,nf2a54529b81797a5
n20760f79633c7a71--slur--start--1,n1447--slur--start--1,slur,stamp,n20760f79633c7a71
n1af4541ce8d6324a--slur--stop--1,n1448--slur--stop--1,slur,stamp,n1af4541ce8d6324a
nadf613a4d37c48df--slur--start--1,n1449--slur--start--1,slur,stamp,nadf613a4d37c48df
n64775a7c4cb344ff--slur--stop--1,n1450--slur--stop--1,slur,stamp,n64775a7c4cb344ff
n90e4acd906d5029c--slur--start--1,n1451--slur--start--1,slur,stamp,n90e4acd906d5029c
n3b0c3d146cb27ece--slur--stop--1,n1452--slur--stop--1,slur,stamp,n3b0c3d146cb27ece
n72fb724086f863d0--accent--1,,accent,derive,n72fb724086f863d0
n14aeda62fc30cfb3--accent--1,,accent,derive,n14aeda62fc30cfb3
nf43dac4912e57ec3--accent--1,,accent,derive,nf43dac4912e57ec3
n4228f7b36cabb878--accent--1,,accent,derive,n4228f7b36cabb878
n6fadf80811d9fbc5--slur--start--1,n1457--slur--start--1,slur,stamp,n6fadf80811d9fbc5
nddaf4787bcaf4214--slur--stop--1,n1458--slur--stop--1,slur,stamp,nddaf4787bcaf4214
n4493f675a2fcc60c--slur--start--1,n1460--slur--start--1,slur,stamp,n4493f675a2fcc60c
nacc30565fe8aca96--slur--stop--1,n1462--slur--stop--1,slur,stamp,nacc30565fe8aca96
na86c7d21187f93fd--slur--start--1,n1464--slur--start--1,slur,stamp,na86c7d21187f93fd
neb949f1a79bf3fc4--slur--stop--1,n1466--slur--stop--1,slur,stamp,neb949f1a79bf3fc4
n1dd619578bebe612--slur--start--1,n1468--slur--start--1,slur,stamp,n1dd619578bebe612
nc0d837c853ab7499--slur--stop--1,n1470--slur--stop--1,slur,stamp,nc0d837c853ab7499
ne631b75345dcf85e--slur--start--1,n1472--slur--start--1,slur,stamp,ne631b75345dcf85e
n3542d30c1478777a--slur--stop--1,n1473--slur--stop--1,slur,stamp,n3542d30c1478777a
n06f6a2ef38f990e0--slur--start--1,n1474--slur--start--1,slur,stamp,n06f6a2ef38f990e0
na08dd0bbbb1d3e02--slur--stop--1,n1475--slur--stop--1,slur,stamp,na08dd0bbbb1d3e02
ndc9b3bd0f3e97867--slur--start--1,n1476--slur--start--1,slur,stamp,ndc9b3bd0f3e97867
n07e6b04179a0d1db--slur--stop--1,n1477--slur--stop--1,slur,stamp,n07e6b04179a0d1db
nb18f2d8679d14956--slur--start--1,n1478--slur--start--1,slur,stamp,nb18f2d8679d14956
n5857d1366f1cd741--slur--stop--1,n1479--slur--stop--1,slur,stamp,n5857d1366f1cd741
e3492f8633a77a627,md-1-75-1-1,dynamics,md,1
n06308ffdea25e68d--accent--1,,accent,derive,n06308ffdea25e68d
n6a440c8fe4a0bc75--accent--1,,accent,derive,n6a440c8fe4a0bc75
n8ebde518b38d516a--accent--1,,accent,derive,n8ebde518b38d516a
n4cd99142b5619e57--accent--1,,accent,derive,n4cd99142b5619e57
n3ef0624200b52820--slur--start--1,n1484--slur--start--1,slur,stamp,n3ef0624200b52820
n9d70f5d3bebe13b8--slur--stop--1,n1486--slur--stop--1,slur,stamp,n9d70f5d3bebe13b8
na14f5ea25cac249f--slur--start--1,n1488--slur--start--1,slur,stamp,na14f5ea25cac249f
n6260c82ab5e065be--slur--stop--1,n1490--slur--stop--1,slur,stamp,n6260c82ab5e065be
ndb4e7c012cc5f337--slur--start--1,n1492--slur--start--1,slur,stamp,ndb4e7c012cc5f337
n877c38b196e9f337--slur--stop--1,n1494--slur--stop--1,slur,stamp,n877c38b196e9f337
n13c38b78e908893c--slur--start--1,n1496--slur--start--1,slur,stamp,n13c38b78e908893c
n3adeb929663a6b85--slur--stop--1,n1498--slur--stop--1,slur,stamp,n3adeb929663a6b85
nfb9b9b29087cf3a7--slur--start--1,n1500--slur--start--1,slur,stamp,nfb9b9b29087cf3a7
n71d96c7122e0e01b--slur--stop--1,n1501--slur--stop--1,slur,stamp,n71d96c7122e0e01b
n46eb9d2b4e575c01--slur--start--1,n1502--slur--start--1,slur,stamp,n46eb9d2b4e575c01
n3b87df70ab538fe8--slur--stop--1,n1503--slur--stop--1,slur,stamp,n3b87df70ab538fe8
n35f491b1d5ec4804--slur--start--1,n1504--slur--start--1,slur,stamp,n35f491b1d5ec4804
na5d3e7424ee9b883--slur--stop--1,n1505--slur--stop--1,slur,stamp,na5d3e7424ee9b883
nbd99cb6e9ba10c8d--slur--start--1,n1506--slur--start--1,slur,stamp,nbd99cb6e9ba10c8d
naf99cea3d6d1c215--slur--stop--1,n1507--slur--stop--1,slur,stamp,naf99cea3d6d1c215
n8ab3cda98710ed7d--accent--1,,accent,derive,n8ab3cda98710ed7d
n0afb87fdb11ea233--accent--1,,accent,derive,n0afb87fdb11ea233
n14dbdb4ccfdd9bac--accent--1,,accent,derive,n14dbdb4ccfdd9bac
nd204106037993144--accent--1,,accent,derive,nd204106037993144
n60ed2ac97d12fdef--accent--1,,accent,derive,n60ed2ac97d12fdef
e765a3e2ea6c503f6,md-1-77-1-1,dynamics,md,1
eca479b1fb7cb04db,md-1-77-1-2,octave-shift,md,1
eed46b6a408288253,md-1-77-2-1,octave-shift,md,2
n0e2447b7367b6696--accent--1,,accent,derive,n0e2447b7367b6696
n5d41b3a391f60718--accent--1,,accent,derive,n5d41b3a391f60718
na4fa2a68f6a283ab--accent--1,,accent,derive,na4fa2a68f6a283ab
ne1061fa68b7f1f49--accent--1,,accent,derive,ne1061fa68b7f1f49
e0e0c43c0552403e3,md-1-78-1-1,octave-shift,md,1
ec280d90b22d8f2a9,md-1-78-2-1,octave-shift,md,2
n663cc7d18bd4ba96--accent--1,,accent,derive,n663cc7d18bd4ba96
n1905de32c2ac3c0c--accent--1,,accent,derive,n1905de32c2ac3c0c
n49402d78d5d6bab9--accent--1,,accent,derive,n49402d78d5d6bab9
n84c1100d8ef51afb--accent--1,,accent,derive,n84c1100d8ef51afb
nc734bf56c97f1c0c--accent--1,,accent,derive,nc734bf56c97f1c0c
n8858bf0892f36345--accent--1,,accent,derive,n8858bf0892f36345
ne1e199105fba4153--accent--1,,accent,derive,ne1e199105fba4153
nd760b301a498b720--accent--1,,accent,derive,nd760b301a498b720
nd7d781a4fe988c0b--accent--1,,accent,derive,nd7d781a4fe988c0b
n7d19ea117f144f51--accent--1,,accent,derive,n7d19ea117f144f51
nbe2bd0a40355ef51--accent--1,,accent,derive,nbe2bd0a40355ef51
n1cadfa007109fff6--accent--1,,accent,derive,n1cadfa007109fff6
n402a3eba399cbd64--accent--1,,accent,derive,n402a3eba399cbd64
nae6881139de0444d--accent--1,,accent,derive,nae6881139de0444d
n00a28420c361430a--accent--1,,accent,derive,n00a28420c361430a
n5631aadb588454b1--accent--1,,accent,derive,n5631aadb588454b1
nddf2e5921cd7ff5f--accent--1,,accent,derive,nddf2e5921cd7ff5f
n9b7940b2eb112a6f--accent--1,,accent,derive,n9b7940b2eb112a6f
n348781262cad9af1--accent--1,,accent,derive,n348781262cad9af1
naceed1b4e08fd6a0--accent--1,,accent,derive,naceed1b4e08fd6a0
n903924dddbdc18f1--accent--1,,accent,derive,n903924dddbdc18f1
n7d29454a10cad9a3--accent--1,,accent,derive,n7d29454a10cad9a3
n7369c4762395c574--accent--1,,accent,derive,n7369c4762395c574
nda3b1cefd9920190--accent--1,,accent,derive,nda3b1cefd9920190
nf848e1c49a6e1319--accent--1,,accent,derive,nf848e1c49a6e1319
n7e6a3c2ad8a1856d--accent--1,,accent,derive,n7e6a3c2ad8a1856d
n318c8d866d8e5acf--accent--1,,accent,derive,n318c8d866d8e5acf
neac7bcde6254441b--accent--1,,accent,derive,neac7bcde6254441b
nc10ea985d1f49292--accent--1,,accent,derive,nc10ea985d1f49292
n4c6d66dc7c881a9c--accent--1,,accent,derive,n4c6d66dc7c881a9c
nb86fcfdcf701aed8--accent--1,,accent,derive,nb86fcfdcf701aed8
n119791881864029c--accent--1,,accent,derive,n119791881864029c
nd1d2a6696130b37d--accent--1,,accent,derive,nd1d2a6696130b37d
ee7bd9ccfc680af53,md-1-88-1-1,octave-shift,md,1
ne186e6451901f008--accent--1,,accent,derive,ne186e6451901f008
n5cfd9e49b2ed33b8--accent--1,,accent,derive,n5cfd9e49b2ed33b8
n174b8b2c966816b3--accent--1,,accent,derive,n174b8b2c966816b3
nb43ab0cffaf2be11--accent--1,,accent,derive,nb43ab0cffaf2be11
n833a39e204d6c932--accent--1,,accent,derive,n833a39e204d6c932
e637adb4c11dca558,md-1-89-1-1,dynamics,md,1
n9348e02e4ec55f95--accent--1,,accent,derive,n9348e02e4ec55f95
n39c401da9b6cd9f3--accent--1,,accent,derive,n39c401da9b6cd9f3
n7ce8952da361791c--accent--1,,accent,derive,n7ce8952da361791c
n489b60324458901a--accent--1,,accent,derive,n489b60324458901a
e166ea961b61be021,md-1-90-1-1,octave-shift,md,1
nbde0262a2f8ff41b--accent--1,,accent,derive,nbde0262a2f8ff41b
ncaee416e9295e0f0--accent--1,,accent,derive,ncaee416e9295e0f0
n3a5f39695b3850bb--accent--1,,accent,derive,n3a5f39695b3850bb
n363d78babdc7b755--accent--1,,accent,derive,n363d78babdc7b755
n9472ef8de6e294f6--accent--1,,accent,derive,n9472ef8de6e294f6
n283e9e2d20d941bb--accent--1,,accent,derive,n283e9e2d20d941bb
n8a6887b239e1c509--accent--1,,accent,derive,n8a6887b239e1c509
nfc52db06505ebe1b--accent--1,,accent,derive,nfc52db06505ebe1b
n08d2e1da4dd912d9--accent--1,,accent,derive,n08d2e1da4dd912d9
n45c4eaee1e930779--accent--1,,accent,derive,n45c4eaee1e930779
e6a29f35234ae85db,md-1-96-1-1,dynamics,md,1
n992a1f4b9df8a6bc--accent--1,,accent,derive,n992a1f4b9df8a6bc
n4af68d8bcae5f14f--accent--1,,accent,derive,n4af68d8bcae5f14f
e856f352e8b08eb66,md-1-97-1-1,dynamics,md,1
na4454ab2431c3669--accent--1,,accent,derive,na4454ab2431c3669
e3837d2cda4f4c63a,md-1-98-1-1,dynamics,md,1
n20e34b6acf322b7b--accent--1,,accent,derive,n20e34b6acf322b7b
e961a295d3200833b,md-1-99-1-1,words,md,1
n2c6f40fda2183781--accent--1,,accent,derive,n2c6f40fda2183781
e2c98f70fd09b69ac,md-1-100-1-1,dynamics,md,1
n52fb6b77973f5097--accent--1,,accent,derive,n52fb6b77973f5097
n0267696b8ecf6f8c--accent--1,,accent,derive,n0267696b8ecf6f8c
n521665f6f3338876--accent--1,,accent,derive,n521665f6f3338876
ee967080fcab64bce,md-1-109-1-1,words,md,1
ed216baa49cf5d140,md-1-110-2-1,dynamics,md,2
ea7ba1abe2d7de0f7,md-1-116-1-1,dynamics,md,1
ef3defbbc4d0cf552,md-1-117-1-1,words,md,1
e91384ebf4f31eb62,md-1-118-1-1,dynamics,md,1
nf15177f6a657e4ec--staccato--1,,staccato,derive,nf15177f6a657e4ec
n6e14cc9d87a1c4d7--staccato--1,,staccato,derive,n6e14cc9d87a1c4d7
e81d916629f4f01d7,md-1-122-1-1,wedge,md,1
ed2743ab3a7077e2f,md-1-122-1-2,wedge,md,1
ea022069530c984a8,md-1-123-1-1,dynamics,md,1
ncfa0a82ec09b87c4--slur--start--1,n2733--slur--start--1,slur,stamp,ncfa0a82ec09b87c4
n7eecf4cb48cc664f--slur--stop--1,n2734--slur--stop--1,slur,stamp,n7eecf4cb48cc664f
n76e9a54e77e70f44--slur--start--1,n2741--slur--start--1,slur,stamp,n76e9a54e77e70f44
n1db7972cc0583f82--slur--stop--1,n2742--slur--stop--1,slur,stamp,n1db7972cc0583f82
ndf04cca9d9b1d623--slur--start--1,n2761--slur--start--1,slur,stamp,ndf04cca9d9b1d623
n95391b8933e0e770--slur--stop--1,n2762--slur--stop--1,slur,stamp,n95391b8933e0e770
nf74c4f5b991e2f94--slur--start--1,n2769--slur--start--1,slur,stamp,nf74c4f5b991e2f94
n0046882d75bfa861--slur--stop--1,n2770--slur--stop--1,slur,stamp,n0046882d75bfa861
naf1100d2094ba8d7--accent--1,,accent,derive,naf1100d2094ba8d7
e1ab37efadbe31b73,md-1-128-1-1,dynamics,md,1
n09a2d6e2b029b89f--accent--1,,accent,derive,n09a2d6e2b029b89f
nfc5c48ef2b7c65a7--accent--1,,accent,derive,nfc5c48ef2b7c65a7
nc8c475aec5d0690c--accent--1,,accent,derive,nc8c475aec5d0690c
n1c4decdbffb45626--accent--1,,accent,derive,n1c4decdbffb45626
n0a31fa5533be293e--accent--1,,accent,derive,n0a31fa5533be293e
nadc799001f1e7f8f--accent--1,,accent,derive,nadc799001f1e7f8f
n8e58ea2fff15b942--accent--1,,accent,derive,n8e58ea2fff15b942
n84f48d9b1287a079--slur--start--1,n2820--slur--start--1,slur,stamp,n84f48d9b1287a079
n01a6be0b213d335b--slur--stop--1,n2821--slur--stop--1,slur,stamp,n01a6be0b213d335b
n14740e87316df448--slur--start--1,n2822--slur--start--1,slur,stamp,n14740e87316df448
n6be719dc6cce7263--slur--stop--1,n2823--slur--stop--1,slur,stamp,n6be719dc6cce7263
n6b4d5fc79ca6571a--slur--start--1,n2824--slur--start--1,slur,stamp,n6b4d5fc79ca6571a
n7827f8464f06e561--slur--stop--1,n2825--slur--stop--1,slur,stamp,n7827f8464f06e561
nebe228d049bf2a5a--slur--start--1,n2826--slur--start--1,slur,stamp,nebe228d049bf2a5a
nb0b631c49e46f325--slur--stop--1,n2827--slur--stop--1,slur,stamp,nb0b631c49e46f325
n8cd7b288100a7617--slur--start--1,n2836--slur--start--1,slur,stamp,n8cd7b288100a7617
n2337af72f1885737--slur--stop--1,n2837--slur--stop--1,slur,stamp,n2337af72f1885737
n50e9abf7e5b3e98f--slur--start--1,n2838--slur--start--1,slur,stamp,n50e9abf7e5b3e98f
n39b9729ad9a8107e--slur--stop--1,n2839--slur--stop--1,slur,stamp,n39b9729ad9a8107e
n8d8b9a3e6bfdb0a1--accent--1,,accent,derive,n8d8b9a3e6bfdb0a1
nf6340c552b66b2be--accent--1,,accent,derive,nf6340c552b66b2be
e2708d5cd89113031,md-1-132-1-1,dynamics,md,1
nff84a78d844a02f8--accent--1,,accent,derive,nff84a78d844a02f8
n1afe179b87d9ab28--accent--1,,accent,derive,n1afe179b87d9ab28
na7dfab89b2bd0e1d--accent--1,,accent,derive,na7dfab89b2bd0e1d
n3ea44511386cad53--accent--1,,accent,derive,n3ea44511386cad53
nc30e9b7de65c1706--accent--1,,accent,derive,nc30e9b7de65c1706
n7da4bf50af0fd92f--accent--1,,accent,derive,n7da4bf50af0fd92f
n0bf19ef9c001e75e--accent--1,,accent,derive,n0bf19ef9c001e75e
n6f13dc9681ef014b--accent--1,,accent,derive,n6f13dc9681ef014b
nb01f77f3f51c657d--accent--1,,accent,derive,nb01f77f3f51c657d
n06de439c75dcfe27--accent--1,,accent,derive,n06de439c75dcfe27
n884b9a9987c305d5--accent--1,,accent,derive,n884b9a9987c305d5
n2b980eea07944a9e--accent--1,,accent,derive,n2b980eea07944a9e
n250a30e406e95c63--accent--1,,accent,derive,n250a30e406e95c63
n25073d235c825a5b--accent--1,,accent,derive,n25073d235c825a5b
n3fc48b66b70944dd--accent--1,,accent,derive,n3fc48b66b70944dd
nd197715e64e3cb54--accent--1,,accent,derive,nd197715e64e3cb54
n9c6b2aee3b4c7349--accent--1,,accent,derive,n9c6b2aee3b4c7349
n8cdaf852f1db46ce--accent--1,,accent,derive,n8cdaf852f1db46ce
n80deaa5b395ae405--accent--1,,accent,derive,n80deaa5b395ae405
ndfe3e3147b6e2e72--accent--1,,accent,derive,ndfe3e3147b6e2e72
naa45386ab02aa141--accent--1,,accent,derive,naa45386ab02aa141
nbe5bc6c38cf65a24--accent--1,,accent,derive,nbe5bc6c38cf65a24
na63e4097ccd5a0a5--accent--1,,accent,derive,na63e4097ccd5a0a5
n1f2dd811aa5754ea--accent--1,,accent,derive,n1f2dd811aa5754ea
n973eba2b259a168b--accent--1,,accent,derive,n973eba2b259a168b
n9240b3e316affca2--strong-accent--1,,strong-accent,derive,n9240b3e316affca2
n37e647f333e7a670--accent--1,,accent,derive,n37e647f333e7a670
nc4d40572be263675--accent--1,,accent,derive,nc4d40572be263675
n5096fe6a4e073ffc--accent--1,,accent,derive,n5096fe6a4e073ffc
n1e878b65e27582b7--accent--1,,accent,derive,n1e878b65e27582b7
n46e8015ed8865ca2--accent--1,,accent,derive,n46e8015ed8865ca2
n769e277cc654b1bd--accent--1,,accent,derive,n769e277cc654b1bd
n5f9441aff46ba77f--accent--1,,accent,derive,n5f9441aff46ba77f
n036b3be272b97a46--strong-accent--1,,strong-accent,derive,n036b3be272b97a46
ea9ec58ab23e76133,md-1-136-1-1,dynamics,md,1
eea469a8b101ac79b,md-1-136-2-1,pedal,md,2
nd5ce3c86726fedf4--accent--1,,accent,derive,nd5ce3c86726fedf4
eae3a80cbd6d545eb,md-1-140-1-1,dynamics,md,1
nc0bbaf5c4d5a0444--accent--1,,accent,derive,nc0bbaf5c4d5a0444
n6b135de21fbdebc2--accent--1,,accent,derive,n6b135de21fbdebc2
n39cd862360e1654e--accent--1,,accent,derive,n39cd862360e1654e
n10e70e26b64db521--accent--1,,accent,derive,n10e70e26b64db521
n880d7cef0aeb7ff4--accent--1,,accent,derive,n880d7cef0aeb7ff4
n06445c525105d28e--accent--1,,accent,derive,n06445c525105d28e
nd221d658742ffbf3--accent--1,,accent,derive,nd221d658742ffbf3
nb751f7f9e1f4b136--accent--1,,accent,derive,nb751f7f9e1f4b136
ec28a1016001d4025,md-1-142-1-1,wedge,md,1
n29df43faf52a5ff8--accent--1,,accent,derive,n29df43faf52a5ff8
nd18144c19652a388--accent--1,,accent,derive,nd18144c19652a388
n2577f9ca6fd87021--accent--1,,accent,derive,n2577f9ca6fd87021
nf14776afe84a624f--accent--1,,accent,derive,nf14776afe84a624f
n93d2bb6456c9ea34--slur--start--1,n3035--slur--start--1,slur,stamp,n93d2bb6456c9ea34
n5cb326c82b86cb97--slur--stop--1,n3036--slur--stop--1,slur,stamp,n5cb326c82b86cb97
nbc98b8eeae665fb4--accent--1,,accent,derive,nbc98b8eeae665fb4
n5a3515582c97b232--accent--1,,accent,derive,n5a3515582c97b232
nb76e51407114b257--accent--1,,accent,derive,nb76e51407114b257
e9c369600695c0dfb,md-1-144-1-1,wedge,md,1
e6f0b6612c9d96ba5,md-1-144-1-2,dynamics,md,1
eeeaafd9f51257387,md-1-144-1-3,dynamics,md,1
n3228ce7af1f305c9--slur--start--1,n3041--slur--start--1,slur,stamp,n3228ce7af1f305c9
n3228ce7af1f305c9--accent--1,,accent,derive,n3228ce7af1f305c9
n2163391de56120e9--slur--stop--1,n3042--slur--stop--1,slur,stamp,n2163391de56120e9
n649642acbfd009ed--slur--start--1,n3044--slur--start--1,slur,stamp,n649642acbfd009ed
n649642acbfd009ed--accent--1,,accent,derive,n649642acbfd009ed
na2e1b44934a2c784--slur--stop--1,n3045--slur--stop--1,slur,stamp,na2e1b44934a2c784
nc3ea057ba2aa9638--slur--start--1,n3047--slur--start--1,slur,stamp,nc3ea057ba2aa9638
nc3ea057ba2aa9638--accent--1,,accent,derive,nc3ea057ba2aa9638
n46720604c3b7d37a--slur--stop--1,n3048--slur--stop--1,slur,stamp,n46720604c3b7d37a
n88e18455d1e9c52b--slur--start--1,n3050--slur--start--1,slur,stamp,n88e18455d1e9c52b
n88e18455d1e9c52b--accent--1,,accent,derive,n88e18455d1e9c52b
nafcb775b00857c8d--slur--stop--1,n3051--slur--stop--1,slur,stamp,nafcb775b00857c8d
n504bbb33aa23d4f1--slur--start--1,n3053--slur--start--1,slur,stamp,n504bbb33aa23d4f1
ndeb5b19bba1fa9c2--slur--stop--1,n3054--slur--stop--1,slur,stamp,ndeb5b19bba1fa9c2
n4b332a685d61b203--slur--start--1,n3055--slur--start--1,slur,stamp,n4b332a685d61b203
n31467389b0d51f3a--slur--stop--1,n3056--slur--stop--1,slur,stamp,n31467389b0d51f3a
n4c676ee3ed470a6a--slur--start--1,n3057--slur--start--1,slur,stamp,n4c676ee3ed470a6a
ndb0e3490ace57b09--slur--stop--1,n3058--slur--stop--1,slur,stamp,ndb0e3490ace57b09
n278e0fe07ac305a4--slur--start--1,n3059--slur--start--1,slur,stamp,n278e0fe07ac305a4
n601f588802332b93--slur--stop--1,n3060--slur--stop--1,slur,stamp,n601f588802332b93
nebb3654cfe2517f5--slur--start--1,n3061--slur--start--1,slur,stamp,nebb3654cfe2517f5
nebb3654cfe2517f5--accent--1,,accent,derive,nebb3654cfe2517f5
n001e7e49798f5ccd--slur--stop--1,n3062--slur--stop--1,slur,stamp,n001e7e49798f5ccd
n1c66c1f0c0f9c43f--slur--start--1,n3064--slur--start--1,slur,stamp,n1c66c1f0c0f9c43f
n1c66c1f0c0f9c43f--accent--1,,accent,derive,n1c66c1f0c0f9c43f
n8691a79a89542a88--slur--stop--1,n3065--slur--stop--1,slur,stamp,n8691a79a89542a88
n26690fa4af7502f5--slur--start--1,n3067--slur--start--1,slur,stamp,n26690fa4af7502f5
n26690fa4af7502f5--accent--1,,accent,derive,n26690fa4af7502f5
n50147508734a9b21--slur--stop--1,n3068--slur--stop--1,slur,stamp,n50147508734a9b21
n8c4a50a0fdad7023--slur--start--1,n3070--slur--start--1,slur,stamp,n8c4a50a0fdad7023
n8c4a50a0fdad7023--accent--1,,accent,derive,n8c4a50a0fdad7023
nd5aa1bed8d4d7c5c--slur--stop--1,n3071--slur--stop--1,slur,stamp,nd5aa1bed8d4d7c5c
n7939c3fa7bf6e7f6--slur--start--1,n3073--slur--start--1,slur,stamp,n7939c3fa7bf6e7f6
n9fb2b6d317d590f0--slur--stop--1,n3074--slur--stop--1,slur,stamp,n9fb2b6d317d590f0
nd7ff79a87f89fcf7--slur--start--1,n3075--slur--start--1,slur,stamp,nd7ff79a87f89fcf7
ne1f83f8b347a8287--slur--stop--1,n3076--slur--stop--1,slur,stamp,ne1f83f8b347a8287
nfaefba9cdea5986d--slur--start--1,n3077--slur--start--1,slur,stamp,nfaefba9cdea5986d
n048ecd6f2e8bf0f1--slur--stop--1,n3078--slur--stop--1,slur,stamp,n048ecd6f2e8bf0f1
n28f71b60b6bb5d3c--slur--start--1,n3079--slur--start--1,slur,stamp,n28f71b60b6bb5d3c
nfc8677241f388387--slur--stop--1,n3080--slur--stop--1,slur,stamp,nfc8677241f388387
n01c674751e2ed695--accent--1,,accent,derive,n01c674751e2ed695
n53e19f6d2ca764a4--accent--1,,accent,derive,n53e19f6d2ca764a4
n650a3d11e31cc615--accent--1,,accent,derive,n650a3d11e31cc615
na864d762118797f4--accent--1,,accent,derive,na864d762118797f4
nf7a0a35c2a172af1--slur--start--1,n3085--slur--start--1,slur,stamp,nf7a0a35c2a172af1
n383356aca6a945ff--slur--stop--1,n3086--slur--stop--1,slur,stamp,n383356aca6a945ff
n989c49bd3f2420ca--slur--start--1,n3088--slur--start--1,slur,stamp,n989c49bd3f2420ca
nfbf08e233c2c83de--slur--stop--1,n3090--slur--stop--1,slur,stamp,nfbf08e233c2c83de
nd21afb374843dd0d--slur--start--1,n3092--slur--start--1,slur,stamp,nd21afb374843dd0d
n1318f89660eb530a--slur--stop--1,n3094--slur--stop--1,slur,stamp,n1318f89660eb530a
nd8418854194e68f5--slur--start--1,n3096--slur--start--1,slur,stamp,nd8418854194e68f5
ne7d43a8230e5484c--slur--stop--1,n3098--slur--stop--1,slur,stamp,ne7d43a8230e5484c
n3f543d04d8214a19--slur--start--1,n3100--slur--start--1,slur,stamp,n3f543d04d8214a19
n71d5fd5192755e5c--slur--stop--1,n3101--slur--stop--1,slur,stamp,n71d5fd5192755e5c
n73f91378d4d8e967--slur--start--1,n3102--slur--start--1,slur,stamp,n73f91378d4d8e967
n36a0b4eb26467726--slur--stop--1,n3103--slur--stop--1,slur,stamp,n36a0b4eb26467726
nf5415f9348a86817--slur--start--1,n3104--slur--start--1,slur,stamp,nf5415f9348a86817
n26d4034808b2c5f6--slur--stop--1,n3105--slur--stop--1,slur,stamp,n26d4034808b2c5f6
n958087d4e2c8c35e--slur--start--1,n3106--slur--start--1,slur,stamp,n958087d4e2c8c35e
n2623c6d7215036d9--slur--stop--1,n3107--slur--stop--1,slur,stamp,n2623c6d7215036d9
e6c7ef23eb0cd526a,md-1-147-1-1,dynamics,md,1
n3198800f13ff617e--accent--1,,accent,derive,n3198800f13ff617e
na7f2afd7c73f0eff--accent--1,,accent,derive,na7f2afd7c73f0eff
n7251047ca9291a76--accent--1,,accent,derive,n7251047ca9291a76
n610d3dd956e8e0b5--accent--1,,accent,derive,n610d3dd956e8e0b5
ne81d87d648b168c5--slur--start--1,n3112--slur--start--1,slur,stamp,ne81d87d648b168c5
n67562374dd5cfd98--slur--stop--1,n3114--slur--stop--1,slur,stamp,n67562374dd5cfd98
n014a77bd05944e9d--slur--start--1,n3116--slur--start--1,slur,stamp,n014a77bd05944e9d
na5277ff6ed6771dc--slur--stop--1,n3118--slur--stop--1,slur,stamp,na5277ff6ed6771dc
nd551f9395ed9f292--slur--start--1,n3120--slur--start--1,slur,stamp,nd551f9395ed9f292
nd77a47405497a200--slur--stop--1,n3122--slur--stop--1,slur,stamp,nd77a47405497a200
n38a2a0b61d51a315--slur--start--1,n3124--slur--start--1,slur,stamp,n38a2a0b61d51a315
n4cb6fd6df2b6b4db--slur--stop--1,n3126--slur--stop--1,slur,stamp,n4cb6fd6df2b6b4db
nb9206c214b7989c9--slur--start--1,n3128--slur--start--1,slur,stamp,nb9206c214b7989c9
n1e6a535de5f3504c--slur--stop--1,n3129--slur--stop--1,slur,stamp,n1e6a535de5f3504c
nae7df00c84dd8ff9--slur--start--1,n3130--slur--start--1,slur,stamp,nae7df00c84dd8ff9
n0ec986685dacdace--slur--stop--1,n3131--slur--stop--1,slur,stamp,n0ec986685dacdace
nbfe5e9ffe7c3a606--slur--start--1,n3132--slur--start--1,slur,stamp,nbfe5e9ffe7c3a606
nd00e78dcf595ba4e--slur--stop--1,n3133--slur--stop--1,slur,stamp,nd00e78dcf595ba4e
n47b9e655e242ba20--slur--start--1,n3134--slur--start--1,slur,stamp,n47b9e655e242ba20
n6b0f9b93965a4e3e--slur--stop--1,n3135--slur--stop--1,slur,stamp,n6b0f9b93965a4e3e
n462ea3748452e076--slur--start--1,n3136--slur--start--1,slur,stamp,n462ea3748452e076
n462ea3748452e076--accent--1,,accent,derive,n462ea3748452e076
n6746154a55d3d265--slur--stop--1,n3137--slur--stop--1,slur,stamp,n6746154a55d3d265
nc13a4dae361de0c5--slur--start--1,n3139--slur--start--1,slur,stamp,nc13a4dae361de0c5
nc13a4dae361de0c5--accent--1,,accent,derive,nc13a4dae361de0c5
nb267f2d27d2b55b0--slur--stop--1,n3140--slur--stop--1,slur,stamp,nb267f2d27d2b55b0
n0c46474320f2e1a2--slur--start--1,n3142--slur--start--1,slur,stamp,n0c46474320f2e1a2
n0c46474320f2e1a2--accent--1,,accent,derive,n0c46474320f2e1a2
n18a796fc57012594--slur--stop--1,n3143--slur--stop--1,slur,stamp,n18a796fc57012594
n129223d7515aa638--slur--start--1,n3145--slur--start--1,slur,stamp,n129223d7515aa638
n129223d7515aa638--accent--1,,accent,derive,n129223d7515aa638
n865cad6e96f075d3--slur--stop--1,n3146--slur--stop--1,slur,stamp,n865cad6e96f075d3
n900cf3426a2e9a3b--slur--start--1,n3148--slur--start--1,slur,stamp,n900cf3426a2e9a3b
na18cf88041d25156--slur--stop--1,n3149--slur--stop--1,slur,stamp,na18cf88041d25156
n60bc64f9ed1aa037--slur--start--1,n3150--slur--start--1,slur,stamp,n60bc64f9ed1aa037
n7eb1fb341aa74393--slur--stop--1,n3151--slur--stop--1,slur,stamp,n7eb1fb341aa74393
nc21f0262321ca1db--slur--start--1,n3152--slur--start--1,slur,stamp,nc21f0262321ca1db
n682f3b0c4bbe7159--slur--stop--1,n3153--slur--stop--1,slur,stamp,n682f3b0c4bbe7159
n33d69f48476931e4--slur--start--1,n3154--slur--start--1,slur,stamp,n33d69f48476931e4
ne6d7cfa6de3f32df--slur--stop--1,n3155--slur--stop--1,slur,stamp,ne6d7cfa6de3f32df
nc3bad7e9b22127ad--slur--start--1,n3156--slur--start--1,slur,stamp,nc3bad7e9b22127ad
nc3bad7e9b22127ad--accent--1,,accent,derive,nc3bad7e9b22127ad
n3b443fc4ab47f9cc--slur--stop--1,n3157--slur--stop--1,slur,stamp,n3b443fc4ab47f9cc
n139883b0f60c0492--slur--start--1,n3159--slur--start--1,slur,stamp,n139883b0f60c0492
n139883b0f60c0492--accent--1,,accent,derive,n139883b0f60c0492
n70b04428f6f693ca--slur--stop--1,n3160--slur--stop--1,slur,stamp,n70b04428f6f693ca
n15e9504997acb1d3--slur--start--1,n3162--slur--start--1,slur,stamp,n15e9504997acb1d3
n15e9504997acb1d3--accent--1,,accent,derive,n15e9504997acb1d3
n26fe65b79f13bff2--slur--stop--1,n3163--slur--stop--1,slur,stamp,n26fe65b79f13bff2
n5152a1ed4d1cd7c3--slur--start--1,n3165--slur--start--1,slur,stamp,n5152a1ed4d1cd7c3
n5152a1ed4d1cd7c3--accent--1,,accent,derive,n5152a1ed4d1cd7c3
n4dcf386ebe3c9e91--slur--stop--1,n3166--slur--stop--1,slur,stamp,n4dcf386ebe3c9e91
n450e8ec1265f402c--slur--start--1,n3168--slur--start--1,slur,stamp,n450e8ec1265f402c
nbd4c8a101976e57e--slur--stop--1,n3169--slur--stop--1,slur,stamp,nbd4c8a101976e57e
n69f1215ee4ea48ee--slur--start--1,n3170--slur--start--1,slur,stamp,n69f1215ee4ea48ee
n347a4ebd9d267fb0--slur--stop--1,n3171--slur--stop--1,slur,stamp,n347a4ebd9d267fb0
nbd6e28af3ee35843--slur--start--1,n3172--slur--start--1,slur,stamp,nbd6e28af3ee35843
n05436e21f7e3aa2d--slur--stop--1,n3173--slur--stop--1,slur,stamp,n05436e21f7e3aa2d
naeed2b889fa76872--slur--start--1,n3174--slur--start--1,slur,stamp,naeed2b889fa76872
n0295663b18c8c6bd--slur--stop--1,n3175--slur--stop--1,slur,stamp,n0295663b18c8c6bd
ned67c04871c10bb5--accent--1,,accent,derive,ned67c04871c10bb5
nb223ce00ca5023a2--accent--1,,accent,derive,nb223ce00ca5023a2
n0bceaea23bf3cdbe--accent--1,,accent,derive,n0bceaea23bf3cdbe
n20770ae788ccddf9--accent--1,,accent,derive,n20770ae788ccddf9
n75cad818365d8771--slur--start--1,n3180--slur--start--1,slur,stamp,n75cad818365d8771
ndd40251d86b5001c--slur--stop--1,n3181--slur--stop--1,slur,stamp,ndd40251d86b5001c
n0f5a6cf9b7bfc777--slur--start--1,n3183--slur--start--1,slur,stamp,n0f5a6cf9b7bfc777
nb782da4dd3b7f878--slur--stop--1,n3185--slur--stop--1,slur,stamp,nb782da4dd3b7f878
n8d1de1fcf23e8304--slur--start--1,n3187--slur--start--1,slur,stamp,n8d1de1fcf23e8304
n5bc5bc29af8ef657--slur--stop--1,n3189--slur--stop--1,slur,stamp,n5bc5bc29af8ef657
n5e09413cecfd5778--slur--start--1,n3191--slur--start--1,slur,stamp,n5e09413cecfd5778
nf0558a3776e48c6d--slur--stop--1,n3193--slur--stop--1,slur,stamp,nf0558a3776e48c6d
n59f973358389d122--slur--start--1,n3195--slur--start--1,slur,stamp,n59f973358389d122
n4edeb41c13de126c--slur--stop--1,n3196--slur--stop--1,slur,stamp,n4edeb41c13de126c
n9a1bd60a390d89b2--slur--start--1,n3197--slur--start--1,slur,stamp,n9a1bd60a390d89b2
n86a0df4078dd11d0--slur--stop--1,n3198--slur--stop--1,slur,stamp,n86a0df4078dd11d0
n76ce5ec4e2b65235--slur--start--1,n3199--slur--start--1,slur,stamp,n76ce5ec4e2b65235
nf367baae250717cc--slur--stop--1,n3200--slur--stop--1,slur,stamp,nf367baae250717cc
nbb9dc3636fa95220--slur--start--1,n3201--slur--start--1,slur,stamp,nbb9dc3636fa95220
n8e8fc10ef3cbfb54--slur--stop--1,n3202--slur--stop--1,slur,stamp,n8e8fc10ef3cbfb54
eb88018f7d1222ec5,md-1-151-1-1,dynamics,md,1
n09713549463141e7--accent--1,,accent,derive,n09713549463141e7
nea2826815d2db6da--accent--1,,accent,derive,nea2826815d2db6da
n10058e506f79824a--accent--1,,accent,derive,n10058e506f79824a
n8d313765302c077b--accent--1,,accent,derive,n8d313765302c077b
n8e892a6fc874bebc--slur--start--1,n3207--slur--start--1,slur,stamp,n8e892a6fc874bebc
nb831644454a9684b--slur--stop--1,n3209--slur--stop--1,slur,stamp,nb831644454a9684b
n8492a1c1e885adbe--slur--start--1,n3211--slur--start--1,slur,stamp,n8492a1c1e885adbe
n5d229a1d588e776f--slur--stop--1,n3213--slur--stop--1,slur,stamp,n5d229a1d588e776f
n12eda6a9af5246fb--slur--start--1,n3215--slur--start--1,slur,stamp,n12eda6a9af5246fb
n46c625fae099ce82--slur--stop--1,n3217--slur--stop--1,slur,stamp,n46c625fae099ce82
nc2bc9fd5cef2b1ec--slur--start--1,n3219--slur--start--1,slur,stamp,nc2bc9fd5cef2b1ec
n0e6e341ab5e749a0--slur--stop--1,n3221--slur--stop--1,slur,stamp,n0e6e341ab5e749a0
nf7045b2ade4b50de--slur--start--1,n3223--slur--start--1,slur,stamp,nf7045b2ade4b50de
na86f8eb3a3528442--slur--stop--1,n3224--slur--stop--1,slur,stamp,na86f8eb3a3528442
nde9fa6e8112a11fe--slur--start--1,n3225--slur--start--1,slur,stamp,nde9fa6e8112a11fe
nc61e8e95d45cb8b0--slur--stop--1,n3226--slur--stop--1,slur,stamp,nc61e8e95d45cb8b0
n42f6931180f90d35--slur--start--1,n3227--slur--start--1,slur,stamp,n42f6931180f90d35
n542ad28eb9399d7d--slur--stop--1,n3228--slur--stop--1,slur,stamp,n542ad28eb9399d7d
n9cdd906250fb884e--slur--start--1,n3229--slur--start--1,slur,stamp,n9cdd906250fb884e
na9f81ffc8f80e58c--slur--stop--1,n3230--slur--stop--1,slur,stamp,na9f81ffc8f80e58c
n70f512fd1ce372b6--slur--start--1,n3231--slur--start--1,slur,stamp,n70f512fd1ce372b6
n70f512fd1ce372b6--accent--1,,accent,derive,n70f512fd1ce372b6
n9b8f0aea832fe99f--slur--stop--1,n3232--slur--stop--1,slur,stamp,n9b8f0aea832fe99f
n7f1b54e93d4d0e62--slur--start--1,n3234--slur--start--1,slur,stamp,n7f1b54e93d4d0e62
n7f1b54e93d4d0e62--accent--1,,accent,derive,n7f1b54e93d4d0e62
nb9bcd8366097a2a2--slur--stop--1,n3235--slur--stop--1,slur,stamp,nb9bcd8366097a2a2
n0e6de040b3e23da2--slur--start--1,n3237--slur--start--1,slur,stamp,n0e6de040b3e23da2
n0e6de040b3e23da2--accent--1,,accent,derive,n0e6de040b3e23da2
nd62a4841fa867174--slur--stop--1,n3238--slur--stop--1,slur,stamp,nd62a4841fa867174
n01d89d867f483809--slur--start--1,n3240--slur--start--1,slur,stamp,n01d89d867f483809
n01d89d867f483809--accent--1,,accent,derive,n01d89d867f483809
n325c2a287a673576--slur--stop--1,n3241--slur--stop--1,slur,stamp,n325c2a287a673576
n116394a051bfb325--slur--start--1,n3243--slur--start--1,slur,stamp,n116394a051bfb325
nf3c3fcb17fbf0209--slur--stop--1,n3244--slur--stop--1,slur,stamp,nf3c3fcb17fbf0209
n30463839fb8c58c5--slur--start--1,n3245--slur--start--1,slur,stamp,n30463839fb8c58c5
n9d6c271e9d02bb19--slur--stop--1,n3246--slur--stop--1,slur,stamp,n9d6c271e9d02bb19
n98600e75bc6a74c0--slur--start--1,n3247--slur--start--1,slur,stamp,n98600e75bc6a74c0
nfedc5259cb734787--slur--stop--1,n3248--slur--stop--1,slur,stamp,nfedc5259cb734787
n06a04e84d7d30cfb--slur--start--1,n3249--slur--start--1,slur,stamp,n06a04e84d7d30cfb
nc73907cc2376e59c--slur--stop--1,n3250--slur--stop--1,slur,stamp,nc73907cc2376e59c
e33562e498ef6827e,md-1-153-1-1,dynamics,md,1
nbad178ee3a5cdd94--slur--start--1,n3251--slur--start--1,slur,stamp,nbad178ee3a5cdd94
nbad178ee3a5cdd94--accent--1,,accent,derive,nbad178ee3a5cdd94
n4d5e08123e802f21--slur--stop--1,n3252--slur--stop--1,slur,stamp,n4d5e08123e802f21
nb9d03ade844a793c--slur--start--1,n3254--slur--start--1,slur,stamp,nb9d03ade844a793c
nb9d03ade844a793c--accent--1,,accent,derive,nb9d03ade844a793c
n350faa1cb055b997--slur--stop--1,n3255--slur--stop--1,slur,stamp,n350faa1cb055b997
nc477ce5ac0128a28--slur--start--1,n3257--slur--start--1,slur,stamp,nc477ce5ac0128a28
nc477ce5ac0128a28--accent--1,,accent,derive,nc477ce5ac0128a28
nc538c9dffbba3ae3--slur--stop--1,n3258--slur--stop--1,slur,stamp,nc538c9dffbba3ae3
n424bb3db1cc806df--slur--start--1,n3260--slur--start--1,slur,stamp,n424bb3db1cc806df
n424bb3db1cc806df--accent--1,,accent,derive,n424bb3db1cc806df
nb94ec53a4df8cac6--slur--stop--1,n3261--slur--stop--1,slur,stamp,nb94ec53a4df8cac6
n8b4142c04294b7d9--slur--start--1,n3263--slur--start--1,slur,stamp,n8b4142c04294b7d9
n925ff3f2757d9899--slur--stop--1,n3264--slur--stop--1,slur,stamp,n925ff3f2757d9899
nb749f9dff80469e7--slur--start--1,n3265--slur--start--1,slur,stamp,nb749f9dff80469e7
ne9f541bfb69fe91e--slur--stop--1,n3266--slur--stop--1,slur,stamp,ne9f541bfb69fe91e
n87acd93500a88467--slur--start--1,n3267--slur--start--1,slur,stamp,n87acd93500a88467
n78a30fe6d663fcd5--slur--stop--1,n3268--slur--stop--1,slur,stamp,n78a30fe6d663fcd5
n25c78842d0eafcc8--slur--start--1,n3269--slur--start--1,slur,stamp,n25c78842d0eafcc8
n835bd65f9e73969f--slur--stop--1,n3270--slur--stop--1,slur,stamp,n835bd65f9e73969f
n85dd7b3a932659f9--accent--1,,accent,derive,n85dd7b3a932659f9
n48fac9b1779b34f0--accent--1,,accent,derive,n48fac9b1779b34f0
n49f91911492811b2--accent--1,,accent,derive,n49f91911492811b2
n27d052756901c206--accent--1,,accent,derive,n27d052756901c206
n84fbbf1bae41b1f7--slur--start--1,n3275--slur--start--1,slur,stamp,n84fbbf1bae41b1f7
neccbc0b7cc25922e--slur--stop--1,n3276--slur--stop--1,slur,stamp,neccbc0b7cc25922e
n90995dc5b78c223b--slur--start--1,n3278--slur--start--1,slur,stamp,n90995dc5b78c223b
n97861e5aa0c49f5e--slur--stop--1,n3280--slur--stop--1,slur,stamp,n97861e5aa0c49f5e
n46a620c37d499041--slur--start--1,n3282--slur--start--1,slur,stamp,n46a620c37d499041
nf26aa87a6ef99416--slur--stop--1,n3284--slur--stop--1,slur,stamp,nf26aa87a6ef99416
nfce3b56801ce70a3--slur--start--1,n3286--slur--start--1,slur,stamp,nfce3b56801ce70a3
n897a1e51c26f86f9--slur--stop--1,n3288--slur--stop--1,slur,stamp,n897a1e51c26f86f9
nb143a7c34d5c452a--slur--start--1,n3290--slur--start--1,slur,stamp,nb143a7c34d5c452a
n11c880f00b789a8e--slur--stop--1,n3291--slur--stop--1,slur,stamp,n11c880f00b789a8e
n2b377bd0f646897c--slur--start--1,n3292--slur--start--1,slur,stamp,n2b377bd0f646897c
n92ee21c1f19478f4--slur--stop--1,n3293--slur--stop--1,slur,stamp,n92ee21c1f19478f4
ndf6b5a4628e258f6--slur--start--1,n3294--slur--start--1,slur,stamp,ndf6b5a4628e258f6
nfab4d7059b24531f--slur--stop--1,n3295--slur--stop--1,slur,stamp,nfab4d7059b24531f
n3743365e7849c972--slur--start--1,n3296--slur--start--1,slur,stamp,n3743365e7849c972
ndcc705c921aa7dd6--slur--stop--1,n3297--slur--stop--1,slur,stamp,ndcc705c921aa7dd6
e2cef2eef801ae5e8,md-1-155-1-1,dynamics,md,1
ndc5d9df8d80caa16--accent--1,,accent,derive,ndc5d9df8d80caa16
nde012adb0ce8e92f--accent--1,,accent,derive,nde012adb0ce8e92f
n73ffaba31ee92db9--accent--1,,accent,derive,n73ffaba31ee92db9
nc285b0f88284fd08--accent--1,,accent,derive,nc285b0f88284fd08
n333b07ce50b798ac--slur--start--1,n3302--slur--start--1,slur,stamp,n333b07ce50b798ac
nabb03e54e3be6793--slur--stop--1,n3304--slur--stop--1,slur,stamp,nabb03e54e3be6793
na30dcff02109f888--slur--start--1,n3306--slur--start--1,slur,stamp,na30dcff02109f888
nbd8ab51db179fe8f--slur--stop--1,n3308--slur--stop--1,slur,stamp,nbd8ab51db179fe8f
na02b2592a3e7ca58--slur--start--1,n3310--slur--start--1,slur,stamp,na02b2592a3e7ca58
nc0c7fe53100cd164--slur--stop--1,n3312--slur--stop--1,slur,stamp,nc0c7fe53100cd164
na8d53b4f41446eb5--slur--start--1,n3314--slur--start--1,slur,stamp,na8d53b4f41446eb5
nff86454d022f5b1e--slur--stop--1,n3316--slur--stop--1,slur,stamp,nff86454d022f5b1e
n1c5a530024b8424d--slur--start--1,n3318--slur--start--1,slur,stamp,n1c5a530024b8424d
n843ccb00da673d8b--slur--stop--1,n3319--slur--stop--1,slur,stamp,n843ccb00da673d8b
n5e52ab1bed184418--slur--start--1,n3320--slur--start--1,slur,stamp,n5e52ab1bed184418
nb000246f6dee21cb--slur--stop--1,n3321--slur--stop--1,slur,stamp,nb000246f6dee21cb
nca7ec5b7215f280f--slur--start--1,n3322--slur--start--1,slur,stamp,nca7ec5b7215f280f
ndaca2c85310befac--slur--stop--1,n3323--slur--stop--1,slur,stamp,ndaca2c85310befac
nfd0e427a83a2035f--slur--start--1,n3324--slur--start--1,slur,stamp,nfd0e427a83a2035f
n0722b76bcde973e3--slur--stop--1,n3325--slur--stop--1,slur,stamp,n0722b76bcde973e3
nd0e0b2106276c84f--slur--start--1,n3326--slur--start--1,slur,stamp,nd0e0b2106276c84f
nd0e0b2106276c84f--accent--1,,accent,derive,nd0e0b2106276c84f
n0900376b301c8870--slur--stop--1,n3327--slur--stop--1,slur,stamp,n0900376b301c8870
nef9ebb925722fb1a--slur--start--1,n3329--slur--start--1,slur,stamp,nef9ebb925722fb1a
nef9ebb925722fb1a--accent--1,,accent,derive,nef9ebb925722fb1a
n45c8f256285f37e5--slur--stop--1,n3330--slur--stop--1,slur,stamp,n45c8f256285f37e5
n56e9a663d35552a6--slur--start--1,n3332--slur--start--1,slur,stamp,n56e9a663d35552a6
n56e9a663d35552a6--accent--1,,accent,derive,n56e9a663d35552a6
n0d5bb40da7393b55--slur--stop--1,n3333--slur--stop--1,slur,stamp,n0d5bb40da7393b55
nf0f1825d91e4a6a8--slur--start--1,n3335--slur--start--1,slur,stamp,nf0f1825d91e4a6a8
nf0f1825d91e4a6a8--accent--1,,accent,derive,nf0f1825d91e4a6a8
n2da626a381218420--slur--stop--1,n3336--slur--stop--1,slur,stamp,n2da626a381218420
n1fbdcc8dc6113d38--slur--start--1,n3338--slur--start--1,slur,stamp,n1fbdcc8dc6113d38
nddbfaae644656613--slur--stop--1,n3339--slur--stop--1,slur,stamp,nddbfaae644656613
nfecec9f0f8f1febf--slur--start--1,n3340--slur--start--1,slur,stamp,nfecec9f0f8f1febf
n4440f8ddd7ce0da2--slur--stop--1,n3341--slur--stop--1,slur,stamp,n4440f8ddd7ce0da2
nfdf32071ee347dd5--slur--start--1,n3342--slur--start--1,slur,stamp,nfdf32071ee347dd5
n6ce41d71a0335ea6--slur--stop--1,n3343--slur--stop--1,slur,stamp,n6ce41d71a0335ea6
n5b01e132c5b540b1--slur--start--1,n3344--slur--start--1,slur,stamp,n5b01e132c5b540b1
nd4b5a64e0adcdc39--slur--stop--1,n3345--slur--stop--1,slur,stamp,nd4b5a64e0adcdc39
n77063cceb96dd40d--slur--start--1,n3346--slur--start--1,slur,stamp,n77063cceb96dd40d
n77063cceb96dd40d--accent--1,,accent,derive,n77063cceb96dd40d
n3f725d46347e0d69--slur--stop--1,n3347--slur--stop--1,slur,stamp,n3f725d46347e0d69
nd2947189f05c7bd6--slur--start--1,n3349--slur--start--1,slur,stamp,nd2947189f05c7bd6
nd2947189f05c7bd6--accent--1,,accent,derive,nd2947189f05c7bd6
n1c7332003c753889--slur--stop--1,n3350--slur--stop--1,slur,stamp,n1c7332003c753889
n4412551c7c696963--slur--start--1,n3352--slur--start--1,slur,stamp,n4412551c7c696963
n4412551c7c696963--accent--1,,accent,derive,n4412551c7c696963
n2b74ce10e793c281--slur--stop--1,n3353--slur--stop--1,slur,stamp,n2b74ce10e793c281
nc2df15e7cf63c154--slur--start--1,n3355--slur--start--1,slur,stamp,nc2df15e7cf63c154
nc2df15e7cf63c154--accent--1,,accent,derive,nc2df15e7cf63c154
n0f9a5f93905bb754--slur--stop--1,n3356--slur--stop--1,slur,stamp,n0f9a5f93905bb754
n499c5924ce0d324a--slur--start--1,n3358--slur--start--1,slur,stamp,n499c5924ce0d324a
n40bfcaee5d770b0f--slur--stop--1,n3359--slur--stop--1,slur,stamp,n40bfcaee5d770b0f
n3dfff8f61538b53d--slur--start--1,n3360--slur--start--1,slur,stamp,n3dfff8f61538b53d
nd0691822a60c99d5--slur--stop--1,n3361--slur--stop--1,slur,stamp,nd0691822a60c99d5
n57850d717fd94afe--slur--start--1,n3362--slur--start--1,slur,stamp,n57850d717fd94afe
n1ae7d698da09eb43--slur--stop--1,n3363--slur--stop--1,slur,stamp,n1ae7d698da09eb43
nd3a0a7239277dcb3--slur--start--1,n3364--slur--start--1,slur,stamp,nd3a0a7239277dcb3
n2249e297eb61df34--slur--stop--1,n3365--slur--stop--1,slur,stamp,n2249e297eb61df34
n88305bfb9d88665e--accent--1,,accent,derive,n88305bfb9d88665e
n974c68f036325fa4--accent--1,,accent,derive,n974c68f036325fa4
n8cbc161dc469ef0e--accent--1,,accent,derive,n8cbc161dc469ef0e
nfe5cd96f497bc919--accent--1,,accent,derive,nfe5cd96f497bc919
n0660e1fd75a05674--slur--start--1,n3370--slur--start--1,slur,stamp,n0660e1fd75a05674
n8a4a663f6f926f6a--slur--stop--1,n3371--slur--stop--1,slur,stamp,n8a4a663f6f926f6a
n9a9f5c1cb137f2c8--slur--start--1,n3373--slur--start--1,slur,stamp,n9a9f5c1cb137f2c8
n17b845c77a007232--slur--stop--1,n3375--slur--stop--1,slur,stamp,n17b845c77a007232
ne64afa0db5e67889--slur--start--1,n3377--slur--start--1,slur,stamp,ne64afa0db5e67889
n7a37d0df03d832a2--slur--stop--1,n3379--slur--stop--1,slur,stamp,n7a37d0df03d832a2
n6390df0679cdc309--slur--start--1,n3381--slur--start--1,slur,stamp,n6390df0679cdc309
nb40e7eec892a3454--slur--stop--1,n3383--slur--stop--1,slur,stamp,nb40e7eec892a3454
n22f094e166ebcfa5--slur--start--1,n3385--slur--start--1,slur,stamp,n22f094e166ebcfa5
nbf4780c6c0c5e8bb--slur--stop--1,n3386--slur--stop--1,slur,stamp,nbf4780c6c0c5e8bb
n9d0a9fb1cd6a4a9b--slur--start--1,n3387--slur--start--1,slur,stamp,n9d0a9fb1cd6a4a9b
n72eca4f9016c7783--slur--stop--1,n3388--slur--stop--1,slur,stamp,n72eca4f9016c7783
n70a899fae1799a70--slur--start--1,n3389--slur--start--1,slur,stamp,n70a899fae1799a70
n18cde4a4195524e0--slur--stop--1,n3390--slur--stop--1,slur,stamp,n18cde4a4195524e0
n52e81d118678ac56--slur--start--1,n3391--slur--start--1,slur,stamp,n52e81d118678ac56
n0a50cfb377315829--slur--stop--1,n3392--slur--stop--1,slur,stamp,n0a50cfb377315829
e7ee80f5421bab64a,md-1-159-1-1,dynamics,md,1
n2e1a1afec792b8f9--accent--1,,accent,derive,n2e1a1afec792b8f9
n6070c398ab9aadf8--accent--1,,accent,derive,n6070c398ab9aadf8
n2b0bd843e0bf49b2--accent--1,,accent,derive,n2b0bd843e0bf49b2
n6b0278899062e2e6--accent--1,,accent,derive,n6b0278899062e2e6
n0457a0d8b54fd981--slur--start--1,n3397--slur--start--1,slur,stamp,n0457a0d8b54fd981
n6d3a060d468d3f6c--slur--stop--1,n3399--slur--stop--1,slur,stamp,n6d3a060d468d3f6c
nc0993310f37bae11--slur--start--1,n3401--slur--start--1,slur,stamp,nc0993310f37bae11
nac903a98e96dddc8--slur--stop--1,n3403--slur--stop--1,slur,stamp,nac903a98e96dddc8
nbc7eef64d6c5e600--slur--start--1,n3405--slur--start--1,slur,stamp,nbc7eef64d6c5e600
n5470a05f8c1e5dc5--slur--stop--1,n3407--slur--stop--1,slur,stamp,n5470a05f8c1e5dc5
n27962645e1d7e9fa--slur--start--1,n3409--slur--start--1,slur,stamp,n27962645e1d7e9fa
n06c0fa173e56226d--slur--stop--1,n3411--slur--stop--1,slur,stamp,n06c0fa173e56226d
nb33d337b9a693b24--slur--start--1,n3413--slur--start--1,slur,stamp,nb33d337b9a693b24
n58e2015d79d55f06--slur--stop--1,n3414--slur--stop--1,slur,stamp,n58e2015d79d55f06
na3acb26760f008ff--slur--start--1,n3415--slur--start--1,slur,stamp,na3acb26760f008ff
nb0a4d7ec744855b5--slur--stop--1,n3416--slur--stop--1,slur,stamp,nb0a4d7ec744855b5
nca7fb70fb300d125--slur--start--1,n3417--slur--start--1,slur,stamp,nca7fb70fb300d125
n77c790d00871e628--slur--stop--1,n3418--slur--stop--1,slur,stamp,n77c790d00871e628
n00a372cabe3d0b19--slur--start--1,n3419--slur--start--1,slur,stamp,n00a372cabe3d0b19
nf0eee8fc211e3d80--slur--stop--1,n3420--slur--stop--1,slur,stamp,nf0eee8fc211e3d80
n383f11800886264a--staccato--1,,staccato,derive,n383f11800886264a
na5c7f6d4bd54bd28--staccato--1,,staccato,derive,na5c7f6d4bd54bd28
ne2a517c419cc2e08--slur--start--1,n3423--slur--start--1,slur,stamp,ne2a517c419cc2e08
nb6fea8e8d5b63e91--slur--stop--1,n3424--slur--stop--1,slur,stamp,nb6fea8e8d5b63e91
na7254718ea43da5f--staccato--1,,staccato,derive,na7254718ea43da5f
na7254718ea43da5f--accent--1,,accent,derive,na7254718ea43da5f
na7254718ea43da5f--strong-accent--1,,strong-accent,derive,na7254718ea43da5f
nda6e275e1071392d--slur--start--1,n3426--slur--start--1,slur,stamp,nda6e275e1071392d
na4695d7d4aeba4d4--slur--stop--1,n3430--slur--stop--1,slur,stamp,na4695d7d4aeba4d4
na4695d7d4aeba4d4--accent--1,,accent,derive,na4695d7d4aeba4d4
nca418f6eb0ffbdef--slur--start--1,n3431--slur--start--1,slur,stamp,nca418f6eb0ffbdef
n79ff921955f6be3d--slur--stop--1,n3432--slur--stop--1,slur,stamp,n79ff921955f6be3d
nf6517b829be27b4f--slur--start--1,n3433--slur--start--1,slur,stamp,nf6517b829be27b4f
n76f3591318b110c1--slur--stop--1,n3434--slur--stop--1,slur,stamp,n76f3591318b110c1
na233b68d5e480808--slur--start--1,n3435--slur--start--1,slur,stamp,na233b68d5e480808
nf8b50926a9d24129--slur--stop--1,n3436--slur--stop--1,slur,stamp,nf8b50926a9d24129
na9858199f1488136--slur--start--1,n3437--slur--start--1,slur,stamp,na9858199f1488136
n21dedf5351d4f5bf--slur--stop--1,n3438--slur--stop--1,slur,stamp,n21dedf5351d4f5bf
nb3a96eec9a8966df--staccato--1,,staccato,derive,nb3a96eec9a8966df
nb3a96eec9a8966df--accent--1,,accent,derive,nb3a96eec9a8966df
nb3a96eec9a8966df--strong-accent--1,,strong-accent,derive,nb3a96eec9a8966df
nf5e48b1d234dacc3--accent--1,,accent,derive,nf5e48b1d234dacc3
nf5e48b1d234dacc3--wavy-line--1,,wavy-line,derive,nf5e48b1d234dacc3
nd664b59f64a0d3a1--staccato--1,,staccato,derive,nd664b59f64a0d3a1
nd664b59f64a0d3a1--accent--1,,accent,derive,nd664b59f64a0d3a1
nd664b59f64a0d3a1--strong-accent--1,,strong-accent,derive,nd664b59f64a0d3a1
n762880614f7d09c7--staccato--1,,staccato,derive,n762880614f7d09c7
n762880614f7d09c7--accent--1,,accent,derive,n762880614f7d09c7
n762880614f7d09c7--strong-accent--1,,strong-accent,derive,n762880614f7d09c7
n75f5ae9b93a6e9ea--slur--start--1,n3444--slur--start--1,slur,stamp,n75f5ae9b93a6e9ea
nffb583f15e061007--slur--stop--1,n3445--slur--stop--1,slur,stamp,nffb583f15e061007
nacd72ba91ad05b87--slur--start--1,n3446--slur--start--1,slur,stamp,nacd72ba91ad05b87
nd083d5a66bc20a0a--slur--stop--1,n3447--slur--stop--1,slur,stamp,nd083d5a66bc20a0a
ne603277e854ecf68--slur--start--1,n3448--slur--start--1,slur,stamp,ne603277e854ecf68
n641917fecd8af813--slur--stop--1,n3449--slur--stop--1,slur,stamp,n641917fecd8af813
nd81efba0cc07dec1--slur--start--1,n3450--slur--start--1,slur,stamp,nd81efba0cc07dec1
n68abb24f88e237a3--slur--stop--1,n3451--slur--stop--1,slur,stamp,n68abb24f88e237a3
eb5c0b9dab911e426,md-1-162-1-1,words,md,1
n18a502880a49b561--staccato--1,,staccato,derive,n18a502880a49b561
n58075c4b82945aae--staccato--1,,staccato,derive,n58075c4b82945aae
n4b9890fb0fe195a0--slur--start--1,n3454--slur--start--1,slur,stamp,n4b9890fb0fe195a0
n70786638fd01fe10--slur--stop--1,n3455--slur--stop--1,slur,stamp,n70786638fd01fe10
nc7d1d538ff25146d--staccato--1,,staccato,derive,nc7d1d538ff25146d
nc7d1d538ff25146d--accent--1,,accent,derive,nc7d1d538ff25146d
nc7d1d538ff25146d--strong-accent--1,,strong-accent,derive,nc7d1d538ff25146d
n8cdc0831e71eaf6b--slur--start--1,n3457--slur--start--1,slur,stamp,n8cdc0831e71eaf6b
nd2113b707d55bc2f--slur--stop--1,n3461--slur--stop--1,slur,stamp,nd2113b707d55bc2f
nd2113b707d55bc2f--accent--1,,accent,derive,nd2113b707d55bc2f
n3bfd95bdcf7e9b9a--slur--start--1,n3462--slur--start--1,slur,stamp,n3bfd95bdcf7e9b9a
naeb8aa06b4145167--slur--stop--1,n3463--slur--stop--1,slur,stamp,naeb8aa06b4145167
n3b72afb6383ce82d--slur--start--1,n3464--slur--start--1,slur,stamp,n3b72afb6383ce82d
n92705301501de4af--slur--stop--1,n3465--slur--stop--1,slur,stamp,n92705301501de4af
nc554d0f2d47f9765--slur--start--1,n3466--slur--start--1,slur,stamp,nc554d0f2d47f9765
n77cfadec9b2b6d63--slur--stop--1,n3467--slur--stop--1,slur,stamp,n77cfadec9b2b6d63
n68409424ba3f7bfc--slur--start--1,n3468--slur--start--1,slur,stamp,n68409424ba3f7bfc
nedf7575955a3d6e8--slur--stop--1,n3469--slur--stop--1,slur,stamp,nedf7575955a3d6e8
n1ab10a1e992f4820--staccato--1,,staccato,derive,n1ab10a1e992f4820
n1ab10a1e992f4820--accent--1,,accent,derive,n1ab10a1e992f4820
n1ab10a1e992f4820--strong-accent--1,,strong-accent,derive,n1ab10a1e992f4820
nc6c264116f603790--accent--1,,accent,derive,nc6c264116f603790
nc6c264116f603790--wavy-line--1,,wavy-line,derive,nc6c264116f603790
n082e8b0ba1ffce76--staccato--1,,staccato,derive,n082e8b0ba1ffce76
n082e8b0ba1ffce76--accent--1,,accent,derive,n082e8b0ba1ffce76
n082e8b0ba1ffce76--strong-accent--1,,strong-accent,derive,n082e8b0ba1ffce76
nb2e6461bac99f34e--staccato--1,,staccato,derive,nb2e6461bac99f34e
nb2e6461bac99f34e--accent--1,,accent,derive,nb2e6461bac99f34e
nb2e6461bac99f34e--strong-accent--1,,strong-accent,derive,nb2e6461bac99f34e
nf5c0bf2f37440c4e--slur--start--1,n3476--slur--start--1,slur,stamp,nf5c0bf2f37440c4e
nd1dd09e360610607--slur--stop--1,n3477--slur--stop--1,slur,stamp,nd1dd09e360610607
n4d354097a222f482--slur--start--1,n3478--slur--start--1,slur,stamp,n4d354097a222f482
ne31ca69bf4f62648--slur--stop--1,n3479--slur--stop--1,slur,stamp,ne31ca69bf4f62648
n05a222744a127117--slur--start--1,n3480--slur--start--1,slur,stamp,n05a222744a127117
nb48ebbd033b758d8--slur--stop--1,n3481--slur--stop--1,slur,stamp,nb48ebbd033b758d8
n24e247d31c1aac43--slur--start--1,n3482--slur--start--1,slur,stamp,n24e247d31c1aac43
n79fc6eeb2aa357e0--slur--stop--1,n3483--slur--stop--1,slur,stamp,n79fc6eeb2aa357e0
ece06d499676277c9,md-1-164-1-1,words,md,1
nbc9d6a167448e32c--slur--start--1,n3484--slur--start--1,slur,stamp,nbc9d6a167448e32c
nbc9d6a167448e32c--accent--1,,accent,derive,nbc9d6a167448e32c
n6bb2601881d30655--slur--stop--1,n3485--slur--stop--1,slur,stamp,n6bb2601881d30655
n5ce80bf68cc02ebf--slur--start--1,n3487--slur--start--1,slur,stamp,n5ce80bf68cc02ebf
n5ce80bf68cc02ebf--accent--1,,accent,derive,n5ce80bf68cc02ebf
ncd443357f61d2234--slur--stop--1,n3488--slur--stop--1,slur,stamp,ncd443357f61d2234
ne54f248f9364df3c--slur--start--1,n3490--slur--start--1,slur,stamp,ne54f248f9364df3c
ne54f248f9364df3c--accent--1,,accent,derive,ne54f248f9364df3c
nba0d300b9e6f21d0--slur--stop--1,n3491--slur--stop--1,slur,stamp,nba0d300b9e6f21d0
nc0c7af12e0b689a7--slur--start--1,n3493--slur--start--1,slur,stamp,nc0c7af12e0b689a7
nc0c7af12e0b689a7--accent--1,,accent,derive,nc0c7af12e0b689a7
n1d8265074945477d--slur--stop--1,n3494--slur--stop--1,slur,stamp,n1d8265074945477d
ne3248c027bbf905e--slur--start--1,n3496--slur--start--1,slur,stamp,ne3248c027bbf905e
nc3217130c04be9ee--slur--stop--1,n3497--slur--stop--1,slur,stamp,nc3217130c04be9ee
nb6772c92c7a442f8--slur--start--1,n3498--slur--start--1,slur,stamp,nb6772c92c7a442f8
nf2185c06c2009b1d--slur--stop--1,n3499--slur--stop--1,slur,stamp,nf2185c06c2009b1d
n665ac027c08dccaf--slur--start--1,n3500--slur--start--1,slur,stamp,n665ac027c08dccaf
na5b9516d490a09b2--slur--stop--1,n3501--slur--stop--1,slur,stamp,na5b9516d490a09b2
n43ddf6db8f4d2b88--slur--start--1,n3502--slur--start--1,slur,stamp,n43ddf6db8f4d2b88
n80a93803ba166a7e--slur--stop--1,n3503--slur--stop--1,slur,stamp,n80a93803ba166a7e
e91ee47c28bd5e32a,md-1-165-1-1,dynamics,md,1
e7725ff53c00f027f,md-1-165-1-2,words,md,1
n1f21137a0e80fb07--accent--1,,accent,derive,n1f21137a0e80fb07
nc78eb38848b48931--accent--1,,accent,derive,nc78eb38848b48931
n508760637077b34d--accent--1,,accent,derive,n508760637077b34d
n01fea3ff2c9a5e20--accent--1,,accent,derive,n01fea3ff2c9a5e20
n2e26a20437a0d69f--slur--start--1,n3508--slur--start--1,slur,stamp,n2e26a20437a0d69f
n595849b8352cac18--slur--stop--1,n3509--slur--stop--1,slur,stamp,n595849b8352cac18
n00c1a8d60e150da6--slur--start--1,n3511--slur--start--1,slur,stamp,n00c1a8d60e150da6
ncf536db4c9a65d2c--slur--stop--1,n3513--slur--stop--1,slur,stamp,ncf536db4c9a65d2c
n3811af341b1c34f9--slur--start--1,n3515--slur--start--1,slur,stamp,n3811af341b1c34f9
n1f3aeab3c2137f49--slur--stop--1,n3517--slur--stop--1,slur,stamp,n1f3aeab3c2137f49
n195ca71e7ad70e0e--slur--start--1,n3519--slur--start--1,slur,stamp,n195ca71e7ad70e0e
n5a1d23cb6ce5008b--slur--stop--1,n3521--slur--stop--1,slur,stamp,n5a1d23cb6ce5008b
ncbb35e9504ea082f--slur--start--1,n3522--slur--start--1,slur,stamp,ncbb35e9504ea082f
n1681796fe0457eae--slur--stop--1,n3523--slur--stop--1,slur,stamp,n1681796fe0457eae
nad456365a8e73f9d--slur--start--1,n3524--slur--start--1,slur,stamp,nad456365a8e73f9d
n50fb1f1c9d85ac9a--slur--stop--1,n3525--slur--stop--1,slur,stamp,n50fb1f1c9d85ac9a
na5d95c0611a3f866--slur--start--1,n3526--slur--start--1,slur,stamp,na5d95c0611a3f866
n2d120ca6d4961738--slur--stop--1,n3527--slur--stop--1,slur,stamp,n2d120ca6d4961738
n704e47e55db9c753--slur--start--1,n3528--slur--start--1,slur,stamp,n704e47e55db9c753
na14328c61f6afbd4--slur--stop--1,n3529--slur--stop--1,slur,stamp,na14328c61f6afbd4
eb97a9f7de738c57e,md-1-166-1-1,dynamics,md,1
n0b892f05db394086--slur--start--1,n3530--slur--start--1,slur,stamp,n0b892f05db394086
n0b892f05db394086--accent--1,,accent,derive,n0b892f05db394086
n38618b001456c368--slur--stop--1,n3531--slur--stop--1,slur,stamp,n38618b001456c368
n36de1bd1d982f820--slur--start--1,n3533--slur--start--1,slur,stamp,n36de1bd1d982f820
n36de1bd1d982f820--accent--1,,accent,derive,n36de1bd1d982f820
nad1b761238f606f5--slur--stop--1,n3534--slur--stop--1,slur,stamp,nad1b761238f606f5
n69c7b2f3d8baa142--slur--start--1,n3536--slur--start--1,slur,stamp,n69c7b2f3d8baa142
n69c7b2f3d8baa142--accent--1,,accent,derive,n69c7b2f3d8baa142
n2ed12c43db2c2643--slur--stop--1,n3537--slur--stop--1,slur,stamp,n2ed12c43db2c2643
nca7045b91f93c64e--slur--start--1,n3541--slur--start--1,slur,stamp,nca7045b91f93c64e
nca7045b91f93c64e--accent--1,,accent,derive,nca7045b91f93c64e
nada15694e55fedaa--slur--stop--1,n3542--slur--stop--1,slur,stamp,nada15694e55fedaa
nc11d0f135a5019c0--slur--start--1,n3544--slur--start--1,slur,stamp,nc11d0f135a5019c0
n1e9bffe9e932df37--slur--stop--1,n3545--slur--stop--1,slur,stamp,n1e9bffe9e932df37
n62a3ae0102912572--slur--start--1,n3546--slur--start--1,slur,stamp,n62a3ae0102912572
n4bb4fab017a8cb9c--slur--stop--1,n3547--slur--stop--1,slur,stamp,n4bb4fab017a8cb9c
n09b3b632aa382030--slur--start--1,n3548--slur--start--1,slur,stamp,n09b3b632aa382030
nab6b2f1cd318c40b--slur--stop--1,n3549--slur--stop--1,slur,stamp,nab6b2f1cd318c40b
n8de9d9f894412588--slur--start--1,n3550--slur--start--1,slur,stamp,n8de9d9f894412588
n0fe171b3644a6f66--slur--stop--1,n3551--slur--stop--1,slur,stamp,n0fe171b3644a6f66
nf8743e99dc2c9f2c--accent--1,,accent,derive,nf8743e99dc2c9f2c
n529325bb28a5dfd9--accent--1,,accent,derive,n529325bb28a5dfd9
nabe84e958a389d0d--slur--start--1,n3576--slur--start--1,slur,stamp,nabe84e958a389d0d
n93b9d1617a98d45a--slur--stop--1,n3577--slur--stop--1,slur,stamp,n93b9d1617a98d45a
nc39908a227ea665c--slur--start--1,n3578--slur--start--1,slur,stamp,nc39908a227ea665c
nf1805ed5a2b30555--slur--stop--1,n3579--slur--stop--1,slur,stamp,nf1805ed5a2b30555
nbda7cb4874fdbde9--slur--start--1,n3580--slur--start--1,slur,stamp,nbda7cb4874fdbde9
nd03fde9f6b26e74a--slur--stop--1,n3581--slur--stop--1,slur,stamp,nd03fde9f6b26e74a
nd0f574d1d23a0b85--slur--start--1,n3582--slur--start--1,slur,stamp,nd0f574d1d23a0b85
nb1a907827e3d04ba--slur--stop--1,n3583--slur--stop--1,slur,stamp,nb1a907827e3d04ba
ea42423a0371e645a,md-1-171-1-1,octave-shift,md,1
neb96d3b9c58f4d18--accent--1,,accent,derive,neb96d3b9c58f4d18
n5ce82adef11b2ced--accent--1,,accent,derive,n5ce82adef11b2ced
nb753801fcfce8c15--accent--1,,accent,derive,nb753801fcfce8c15
n5a3623072fbdfd26--accent--1,,accent,derive,n5a3623072fbdfd26
n2093bf129d9c74d2--accent--1,,accent,derive,n2093bf129d9c74d2
e53676f949e18a441,md-1-173-1-1,dynamics,md,1
nb6dfceaeb948994a--accent--1,,accent,derive,nb6dfceaeb948994a
n5a8ae3b2d6eccea8--accent--1,,accent,derive,n5a8ae3b2d6eccea8
n526674610da714ed--accent--1,,accent,derive,n526674610da714ed
n8f5ff680ff727f0f--accent--1,,accent,derive,n8f5ff680ff727f0f
n3f955fa4821bd435--accent--1,,accent,derive,n3f955fa4821bd435
nb0465c1e54822e30--accent--1,,accent,derive,nb0465c1e54822e30
nf39db9078d43103a--accent--1,,accent,derive,nf39db9078d43103a
n3c14c9a0fd2e7d9e--accent--1,,accent,derive,n3c14c9a0fd2e7d9e
nfb3c077a839025e8--accent--1,,accent,derive,nfb3c077a839025e8
e134a453bc1855b9e,md-1-175-1-1,octave-shift,md,1
n833724fb65ff4ff2--accent--1,,accent,derive,n833724fb65ff4ff2
n093ae1553242b38c--accent--1,,accent,derive,n093ae1553242b38c
n8ce0e54d4c007701--accent--1,,accent,derive,n8ce0e54d4c007701
nb0ac93fa1f91d34a--accent--1,,accent,derive,nb0ac93fa1f91d34a
n387fefaa3a51aba1--accent--1,,accent,derive,n387fefaa3a51aba1
n81b0a816181c65c8--accent--1,,accent,derive,n81b0a816181c65c8
n31ae939905a3310f--accent--1,,accent,derive,n31ae939905a3310f
ncd8d9788bea39ebe--accent--1,,accent,derive,ncd8d9788bea39ebe
ed98af4d2d5e03070,md-1-177-1-1,dynamics,md,1
nb23bbddc621cf6e1--accent--1,,accent,derive,nb23bbddc621cf6e1
n0fec5e0e2d4a883e--accent--1,,accent,derive,n0fec5e0e2d4a883e
nd811d7f84a884e08--accent--1,,accent,derive,nd811d7f84a884e08
n2cf71b521bda8a5d--accent--1,,accent,derive,n2cf71b521bda8a5d
n741769dff306edaa--accent--1,,accent,derive,n741769dff306edaa
na0bd59b70d0d091a--accent--1,,accent,derive,na0bd59b70d0d091a
n8861134fb323d822--accent--1,,accent,derive,n8861134fb323d822
n68c84cf531f307b8--accent--1,,accent,derive,n68c84cf531f307b8
n7fde03e305eae9db--accent--1,,accent,derive,n7fde03e305eae9db
na2abe5b837488936--accent--1,,accent,derive,na2abe5b837488936
n1604d9a50fae9e66--accent--1,,accent,derive,n1604d9a50fae9e66
n672ea990afc5ba17--accent--1,,accent,derive,n672ea990afc5ba17
nee3de53e4dc577a0--accent--1,,accent,derive,nee3de53e4dc577a0
n944511e0174225b0--accent--1,,accent,derive,n944511e0174225b0
nce662eeef0342c1c--accent--1,,accent,derive,nce662eeef0342c1c
na4496f4441774804--accent--1,,accent,derive,na4496f4441774804
na29d88cdb5bcc7dd--accent--1,,accent,derive,na29d88cdb5bcc7dd
nc7c43c473a85fe68--accent--1,,accent,derive,nc7c43c473a85fe68
n0cfd6a0f26128446--accent--1,,accent,derive,n0cfd6a0f26128446
n6f94524172e14b64--accent--1,,accent,derive,n6f94524172e14b64
ea8d4fd95b140db1e,md-1-184-1-1,octave-shift,md,1
n215448e608efd84e--accent--1,,accent,derive,n215448e608efd84e
n90eb157bf729136e--accent--1,,accent,derive,n90eb157bf729136e
nccf66c0426f8e2d7--accent--1,,accent,derive,nccf66c0426f8e2d7
nf4029c039fcda627--accent--1,,accent,derive,nf4029c039fcda627
nf04e2bbc41e0b998--accent--1,,accent,derive,nf04e2bbc41e0b998
e401afad004f65e83,md-1-185-1-1,dynamics,md,1
nc62d1ed7f5a5430f--accent--1,,accent,derive,nc62d1ed7f5a5430f
nc583a526ddee1361--accent--1,,accent,derive,nc583a526ddee1361
na739486ce7ec479e--accent--1,,accent,derive,na739486ce7ec479e
nf9c1234b68a8c50d--accent--1,,accent,derive,nf9c1234b68a8c50d
e9f7670fd6238291e,md-1-187-1-1,octave-shift,md,1
nae2ad6901099390f--accent--1,,accent,derive,nae2ad6901099390f
n26ba662bc1072008--accent--1,,accent,derive,n26ba662bc1072008
ncff22a8fb7f56383--accent--1,,accent,derive,ncff22a8fb7f56383
n12f60ae0454c0f2d--accent--1,,accent,derive,n12f60ae0454c0f2d
n1b408dae08c93808--accent--1,,accent,derive,n1b408dae08c93808
n5438ee9d99052532--accent--1,,accent,derive,n5438ee9d99052532
n076df80e2b5695bc--accent--1,,accent,derive,n076df80e2b5695bc
n7379535313ce1e93--accent--1,,accent,derive,n7379535313ce1e93
n23a507f565fe4aaf--accent--1,,accent,derive,n23a507f565fe4aaf
n53fd3e05911a3311--accent--1,,accent,derive,n53fd3e05911a3311
e95336aaae439eca0,md-1-192-1-1,dynamics,md,1
ec2ad2d3c672c5cd3,md-1-192-1-2,dynamics,md,1
n4adf16f5d1203284--accent--1,,accent,derive,n4adf16f5d1203284
ec461903c13696f6b,md-1-193-2-1,dynamics,md,2
n1c078a2aefb0c62a--accent--1,,accent,derive,n1c078a2aefb0c62a
eca51e114d6e81cf6,md-1-196-1-1,dynamics,md,1
n3685b7fa88380701--accent--1,,accent,derive,n3685b7fa88380701
n0e0c1b46a3267b02--accent--1,,accent,derive,n0e0c1b46a3267b02
ned19b25914400c1e--accent--1,,accent,derive,ned19b25914400c1e
ede0b3f1350b58d2d,md-1-199-1-1,wedge,md,1
e468353043995aad3,md-1-199-1-2,wedge,md,1
ef65498943ccb9581,md-1-200-1-1,words,md,1
ned97d1f637557718--accent--1,,accent,derive,ned97d1f637557718
n348fd26419ce0ab6--accent--1,,accent,derive,n348fd26419ce0ab6
n84692809d4be5946--accent--1,,accent,derive,n84692809d4be5946
e11069ab8176ea7e3,md-1-203-1-1,dynamics,md,1
ed06a20915b300145,md-1-205-1-1,words,md,1
edf7aec42a689ebab,md-1-210-1-1,wedge,md,1
e22894e259f2e4337,md-1-210-1-2,wedge,md,1
e0947aa137f557ccf,md-1-211-1-1,words,md,1
e40a9561000e19815,md-1-211-1-2,dynamics,md,1
nbc41ec47493a96bd--slur--start--1,n4845--slur--start--1,slur,stamp,nbc41ec47493a96bd
n6d9baaf7c4d6449a--slur--stop--1,n4846--slur--stop--1,slur,stamp,n6d9baaf7c4d6449a
ed4e1d2a615ca0d84,md-1-213-1-1,dynamics,md,1
n77ccb996b3710385--slur--start--1,n4857--slur--start--1,slur,stamp,n77ccb996b3710385
n11e211bf0a0f0f0e--slur--stop--1,n4858--slur--stop--1,slur,stamp,n11e211bf0a0f0f0e
nf3d07df352a90f23--slur--start--1,n4860--slur--start--1,slur,stamp,nf3d07df352a90f23
n267af2c36d8aa84f--slur--stop--1,n4861--slur--stop--1,slur,stamp,n267af2c36d8aa84f
n10db0b081383a3f6--slur--start--1,n4863--slur--start--1,slur,stamp,n10db0b081383a3f6
n43b02fe061597064--slur--stop--1,n4864--slur--stop--1,slur,stamp,n43b02fe061597064
n9cbee9ffccfc2ec3--slur--start--1,n4866--slur--start--1,slur,stamp,n9cbee9ffccfc2ec3
n5c3564aeb73a90ab--slur--stop--1,n4867--slur--stop--1,slur,stamp,n5c3564aeb73a90ab
nf991d4ec5cb02328--slur--start--1,n4869--slur--start--1,slur,stamp,nf991d4ec5cb02328
e8a560d534055ef3a,md-1-214-1-1,words,md,1
n1ed8da88c784752d--slur--start--1,n4877--slur--start--1,slur,stamp,n1ed8da88c784752d
n02795d26ab33d060--slur--stop--1,n4878--slur--stop--1,slur,stamp,n02795d26ab33d060
ne5af37fd315a38e6--slur--start--1,n4880--slur--start--1,slur,stamp,ne5af37fd315a38e6
n539e7fadb20091ef--slur--stop--1,n4881--slur--stop--1,slur,stamp,n539e7fadb20091ef
nda2ec086ab435512--slur--start--1,n4883--slur--start--1,slur,stamp,nda2ec086ab435512
n253dfa52040e344f--slur--stop--1,n4884--slur--stop--1,slur,stamp,n253dfa52040e344f
n6e68a7871233e3a1--slur--start--1,n4886--slur--start--1,slur,stamp,n6e68a7871233e3a1
n6dc07b1961bdcbf5--slur--stop--1,n4887--slur--stop--1,slur,stamp,n6dc07b1961bdcbf5
nca310135c647beb6--slur--stop--1,n4896--slur--stop--1,slur,stamp,nca310135c647beb6
n88b42ab5588c6094--slur--start--1,n4897--slur--start--1,slur,stamp,n88b42ab5588c6094
n6c57c2b8284484a2--staccato--1,,staccato,derive,n6c57c2b8284484a2
n52fff08174a64a10--staccato--1,,staccato,derive,n52fff08174a64a10
na260cd7b5da078d7--staccato--1,,staccato,derive,na260cd7b5da078d7
n71652fd2470d1321--staccato--1,,staccato,derive,n71652fd2470d1321
n4ef9d34e23cccbbe--staccato--1,,staccato,derive,n4ef9d34e23cccbbe
n4acb14d971197e4c--staccato--1,,staccato,derive,n4acb14d971197e4c
n8e4d57a4d461aa78--staccato--1,,staccato,derive,n8e4d57a4d461aa78
n857f70c36d39dd6b--staccato--1,,staccato,derive,n857f70c36d39dd6b
nf9f09914e39d7c61--slur--stop--1,n4927--slur--stop--1,slur,stamp,nf9f09914e39d7c61
n5eff2244138aa245--staccato--1,,staccato,derive,n5eff2244138aa245
n20617aecf2141449--staccato--1,,staccato,derive,n20617aecf2141449
nc981e03d091e3b4d--staccato--1,,staccato,derive,nc981e03d091e3b4d
ne904c5eab53ddef9--staccato--1,,staccato,derive,ne904c5eab53ddef9
n2ee7fd72e38bd4c0--staccato--1,,staccato,derive,n2ee7fd72e38bd4c0
n3bf7224ad97b72df--staccato--1,,staccato,derive,n3bf7224ad97b72df
nfa00ea64d0af50f2--staccato--1,,staccato,derive,nfa00ea64d0af50f2
n3aae94c3ea8671f3--staccato--1,,staccato,derive,n3aae94c3ea8671f3
nd4a4229eae0df357--slur--start--1,n4937--slur--start--1,slur,stamp,nd4a4229eae0df357
nd4a4229eae0df357--accent--1,,accent,derive,nd4a4229eae0df357
n905fc3abc1cdfa0c--slur--stop--1,n4938--slur--stop--1,slur,stamp,n905fc3abc1cdfa0c
n7028addae956f738--slur--start--1,n4940--slur--start--1,slur,stamp,n7028addae956f738
n7028addae956f738--accent--1,,accent,derive,n7028addae956f738
ndf3ef860e067ef4f--slur--stop--1,n4941--slur--stop--1,slur,stamp,ndf3ef860e067ef4f
n6683ebff9053f5c8--slur--start--1,n4943--slur--start--1,slur,stamp,n6683ebff9053f5c8
n6683ebff9053f5c8--accent--1,,accent,derive,n6683ebff9053f5c8
n9a0923228bb77124--slur--stop--1,n4944--slur--stop--1,slur,stamp,n9a0923228bb77124
ncf577aa9895f0106--slur--start--1,n4946--slur--start--1,slur,stamp,ncf577aa9895f0106
ncf577aa9895f0106--accent--1,,accent,derive,ncf577aa9895f0106
n6ab93f27d693de8d--slur--stop--1,n4947--slur--stop--1,slur,stamp,n6ab93f27d693de8d
n0d1e29890afa5f98--slur--start--1,n4949--slur--start--1,slur,stamp,n0d1e29890afa5f98
ne9de30132b74cf57--slur--stop--1,n4950--slur--stop--1,slur,stamp,ne9de30132b74cf57
nc683d458f92bda93--slur--start--1,n4951--slur--start--1,slur,stamp,nc683d458f92bda93
n8b191979ac7a058d--slur--stop--1,n4952--slur--stop--1,slur,stamp,n8b191979ac7a058d
ne1a19ffd929b0136--slur--start--1,n4953--slur--start--1,slur,stamp,ne1a19ffd929b0136
n99134c42605157c9--slur--stop--1,n4954--slur--stop--1,slur,stamp,n99134c42605157c9
nb4c088e10eef4d36--slur--start--1,n4955--slur--start--1,slur,stamp,nb4c088e10eef4d36
n3ca473bb3a598793--slur--stop--1,n4956--slur--stop--1,slur,stamp,n3ca473bb3a598793
e72a4c339aa5372d9,md-1-218-1-1,words,md,1
e97cfbfb6b3d1a579,md-1-218-2-1,octave-shift,md,2
n1fb51947f8ca9249--slur--start--1,n4957--slur--start--1,slur,stamp,n1fb51947f8ca9249
n1fb51947f8ca9249--accent--1,,accent,derive,n1fb51947f8ca9249
ned10f517ef52a2fc--slur--stop--1,n4958--slur--stop--1,slur,stamp,ned10f517ef52a2fc
n6c06a13d50c2f238--slur--start--1,n4960--slur--start--1,slur,stamp,n6c06a13d50c2f238
n6c06a13d50c2f238--accent--1,,accent,derive,n6c06a13d50c2f238
n26d87ff6e0d619b7--slur--stop--1,n4961--slur--stop--1,slur,stamp,n26d87ff6e0d619b7
n12e7c78977572ac0--slur--start--1,n4963--slur--start--1,slur,stamp,n12e7c78977572ac0
n12e7c78977572ac0--accent--1,,accent,derive,n12e7c78977572ac0
n446019170c1eda6a--slur--stop--1,n4964--slur--stop--1,slur,stamp,n446019170c1eda6a
n484195214acb1d81--slur--start--1,n4966--slur--start--1,slur,stamp,n484195214acb1d81
n484195214acb1d81--accent--1,,accent,derive,n484195214acb1d81
n457eec3708c03565--slur--stop--1,n4967--slur--stop--1,slur,stamp,n457eec3708c03565
nf9b990d8f1c164d0--slur--start--1,n4969--slur--start--1,slur,stamp,nf9b990d8f1c164d0
n4303ada8921bc29b--slur--stop--1,n4970--slur--stop--1,slur,stamp,n4303ada8921bc29b
n9b44b7341aa90e29--slur--start--1,n4971--slur--start--1,slur,stamp,n9b44b7341aa90e29
n951fc05e2b29d058--slur--stop--1,n4972--slur--stop--1,slur,stamp,n951fc05e2b29d058
n23e3dbb07a99c463--slur--start--1,n4973--slur--start--1,slur,stamp,n23e3dbb07a99c463
nd21b0a9bf918832a--slur--stop--1,n4974--slur--stop--1,slur,stamp,nd21b0a9bf918832a
nc454186ac5605ca0--slur--start--1,n4975--slur--start--1,slur,stamp,nc454186ac5605ca0
n0dd6f45659146ede--slur--stop--1,n4976--slur--stop--1,slur,stamp,n0dd6f45659146ede
nd77d95eafdf58e25--slur--start--1,n4977--slur--start--1,slur,stamp,nd77d95eafdf58e25
n1aad1792a000ae3e--arpeggiate--1,n4989--arpeggiate--1,arpeggiate,stamp,n1aad1792a000ae3e
nf284ed1b24075f5e--arpeggiate--1,n4990--arpeggiate--1,arpeggiate,stamp,nf284ed1b24075f5e
n5f067aee4e4dc113--arpeggiate--1,n4991--arpeggiate--1,arpeggiate,stamp,n5f067aee4e4dc113
nd89834f5c9bdfc55--arpeggiate--1,n4992--arpeggiate--1,arpeggiate,stamp,nd89834f5c9bdfc55
n6d6a5f33f2cf0625--arpeggiate--1,n4993--arpeggiate--1,arpeggiate,stamp,n6d6a5f33f2cf0625
nbb2a8e9e9512a413--arpeggiate--1,n4994--arpeggiate--1,arpeggiate,stamp,nbb2a8e9e9512a413
nd963ccb7fb9d05cf--arpeggiate--1,n4995--arpeggiate--1,arpeggiate,stamp,nd963ccb7fb9d05cf
n42e7803b0d4fc79a--arpeggiate--1,n4996--arpeggiate--1,arpeggiate,stamp,n42e7803b0d4fc79a
ne699bb0804ce00a4--slur--stop--1,n5007--slur--stop--1,slur,stamp,ne699bb0804ce00a4
n53b25e25d71f4203--arpeggiate--1,n5009--arpeggiate--1,arpeggiate,stamp,n53b25e25d71f4203
ncd03de641f65de53--arpeggiate--1,n5010--arpeggiate--1,arpeggiate,stamp,ncd03de641f65de53
n819acad91934b165--arpeggiate--1,n5011--arpeggiate--1,arpeggiate,stamp,n819acad91934b165
nd6e8768b7054c638--arpeggiate--1,n5012--arpeggiate--1,arpeggiate,stamp,nd6e8768b7054c638
n8de759f620058d9d--arpeggiate--1,n5013--arpeggiate--1,arpeggiate,stamp,n8de759f620058d9d
ndbd7cd031b249a7d--arpeggiate--1,n5014--arpeggiate--1,arpeggiate,stamp,ndbd7cd031b249a7d
n7c5b14e52d7787ca--arpeggiate--1,n5015--arpeggiate--1,arpeggiate,stamp,n7c5b14e52d7787ca
n779f94528e94d7f4--arpeggiate--1,n5016--arpeggiate--1,arpeggiate,stamp,n779f94528e94d7f4
e2a0e6743bb904ae0,md-1-221-1-1,octave-shift,md,1
efedb89915571e3b9,md-1-221-2-1,octave-shift,md,2
efcbfc652ea3541fe,md-1-222-1-1,dynamics,md,1
e16f0b2e576ec3409,md-1-224-1-1,octave-shift,md,1
n3718bc71364da572--slide--start--1,n5110--slide--start--1,slide,stamp,n3718bc71364da572
n9759781d71967add--accent--1,,accent,derive,n9759781d71967add
n4312568049284969--accent--1,,accent,derive,n4312568049284969
n048aa9bbb911f500--accent--1,,accent,derive,n048aa9bbb911f500
e48f203248e1d460d,md-1-225-1-1,words,md,1
e573b6f9220640c2f,md-1-225-1-2,words,md,1
nde5f652b0970cc39--accent--1,,accent,derive,nde5f652b0970cc39
n450ae4eb9afe6cb5--slide--stop--1,n5119--slide--stop--1,slide,stamp,n450ae4eb9afe6cb5
n394e04a5f6c730d2--accent--1,,accent,derive,n394e04a5f6c730d2
e59d6159756db1916,md-1-226-1-1,dynamics,md,1
eaa2629638a37df27,md-1-226-1-2,octave-shift,md,1
e575298c51d540e4f,md-1-226-1-3,octave-shift,md,1
