element_id,tag,carrier,host_or_staff
mn-1-0-1-1-1--slur--start--1,slur,stamp,mn-1-0-1-1-1
md-1-0-1-1,dynamics,md,1
md-1-0-1-2,words,md,1
mn-1-1-1-1-1--slur--stop--1,slur,stamp,mn-1-1-1-1-1
mn-1-1-1-1-1--staccato--1,staccato,derive,mn-1-1-1-1-1
mn-1-1-1-1-1--staccatissimo--1,staccatissimo,derive,mn-1-1-1-1-1
mn-1-1-1-1-3--slur--start--1,slur,stamp,mn-1-1-1-1-3
mn-1-1-6-2-2--tied--start--1,tied,stamp,mn-1-1-6-2-2
mn-1-1-6-2-3--tied--stop--1,tied,stamp,mn-1-1-6-2-3
mn-1-2-1-1-1--slur--stop--1,slur,stamp,mn-1-2-1-1-1
mn-1-2-1-1-1--staccato--1,staccato,derive,mn-1-2-1-1-1
mn-1-2-1-1-1--staccatissimo--1,staccatissimo,derive,mn-1-2-1-1-1
mn-1-2-1-1-3--slur--start--1,slur,stamp,mn-1-2-1-1-3
mn-1-2-6-2-2--tied--start--1,tied,stamp,mn-1-2-6-2-2
mn-1-2-6-2-3--tied--stop--1,tied,stamp,mn-1-2-6-2-3
mn-1-3-1-1-1--slur--stop--1,slur,stamp,mn-1-3-1-1-1
mn-1-3-1-1-1--staccato--1,staccato,derive,mn-1-3-1-1-1
mn-1-3-1-1-1--staccatissimo--1,staccatissimo,derive,mn-1-3-1-1-1
mn-1-3-1-1-3--slur--start--1,slur,stamp,mn-1-3-1-1-3
mn-1-3-6-2-2--tied--start--1,tied,stamp,mn-1-3-6-2-2
mn-1-3-6-2-3--tied--stop--1,tied,stamp,mn-1-3-6-2-3
mn-1-4-1-1-1--slur--stop--1,slur,stamp,mn-1-4-1-1-1
mn-1-4-1-1-1--staccato--1,staccato,derive,mn-1-4-1-1-1
mn-1-4-1-1-1--staccatissimo--1,staccatissimo,derive,mn-1-4-1-1-1
mn-1-4-1-1-3--slur--start--1,slur,stamp,mn-1-4-1-1-3
mn-1-4-6-2-2--tied--start--1,tied,stamp,mn-1-4-6-2-2
mn-1-4-6-2-3--tied--stop--1,tied,stamp,mn-1-4-6-2-3
mn-1-5-1-1-1--slur--stop--1,slur,stamp,mn-1-5-1-1-1
mn-1-5-1-1-1--staccato--1,staccato,derive,mn-1-5-1-1-1
mn-1-5-1-1-1--staccatissimo--1,staccatissimo,derive,mn-1-5-1-1-1
mn-1-5-1-1-3--slur--start--1,slur,stamp,mn-1-5-1-1-3
mn-1-5-6-2-2--tied--start--1,tied,stamp,mn-1-5-6-2-2
mn-1-5-6-2-3--tied--stop--1,tied,stamp,mn-1-5-6-2-3
mn-1-6-1-1-1--slur--stop--1,slur,stamp,mn-1-6-1-1-1
mn-1-6-1-1-1--staccato--1,staccato,derive,mn-1-6-1-1-1
mn-1-6-1-1-1--staccatissimo--1,staccatissimo,derive,mn-1-6-1-1-1
mn-1-6-1-1-3--slur--start--1,slur,stamp,mn-1-6-1-1-3
mn-1-6-6-2-2--tied--start--1,tied,stamp,mn-1-6-6-2-2
mn-1-6-6-2-3--tied--stop--1,tied,stamp,mn-1-6-6-2-3
mn-1-7-1-1-1--slur--stop--1,slur,stamp,mn-1-7-1-1-1
mn-1-7-1-1-1--staccato--1,staccato,derive,mn-1-7-1-1-1
mn-1-7-1-1-1--staccatissimo--1,staccatissimo,derive,mn-1-7-1-1-1
mn-1-7-1-1-3--slur--start--1,slur,stamp,mn-1-7-1-1-3
mn-1-7-6-2-2--tied--start--1,tied,stamp,mn-1-7-6-2-2
mn-1-7-6-2-3--tied--stop--1,tied,stamp,mn-1-7-6-2-3
mn-1-8-1-1-1--slur--stop--1,slur,stamp,mn-1-8-1-1-1
mn-1-8-1-1-1--staccato--1,staccato,derive,mn-1-8-1-1-1
mn-1-8-1-1-1--staccatissimo--1,staccatissimo,derive,mn-1-8-1-1-1
mn-1-8-1-1-3--slur--start--1,slur,stamp,mn-1-8-1-1-3
mn-1-8-6-2-2--tied--start--1,tied,stamp,mn-1-8-6-2-2
mn-1-8-6-2-3--tied--stop--1,tied,stamp,mn-1-8-6-2-3
mn-1-9-1-1-1--slur--stop--1,slur,stamp,mn-1-9-1-1-1
mn-1-9-1-1-1--staccato--1,staccato,derive,mn-1-9-1-1-1
mn-1-9-1-1-1--staccatissimo--1,staccatissimo,derive,mn-1-9-1-1-1
mn-1-9-1-1-3--slur--start--1,slur,stamp,mn-1-9-1-1-3
mn-1-9-5-2-1--slur--start--1,slur,stamp,mn-1-9-5-2-1
mn-1-9-5-2-2--tied--start--1,tied,stamp,mn-1-9-5-2-2
mn-1-9-5-2-3--tied--stop--1,tied,stamp,mn-1-9-5-2-3
mn-1-9-5-2-3--slur--stop--1,slur,stamp,mn-1-9-5-2-3
md-1-9-1-1,dynamics,md,1
mn-1-10-1-1-1--slur--stop--1,slur,stamp,mn-1-10-1-1-1
mn-1-10-1-1-1--staccato--1,staccato,derive,mn-1-10-1-1-1
mn-1-10-1-1-1--staccatissimo--1,staccatissimo,derive,mn-1-10-1-1-1
mn-1-10-1-1-3--slur--start--1,slur,stamp,mn-1-10-1-1-3
mn-1-10-5-2-1--slur--start--1,slur,stamp,mn-1-10-5-2-1
mn-1-10-5-2-2--tied--start--1,tied,stamp,mn-1-10-5-2-2
mn-1-10-5-2-3--tied--stop--1,tied,stamp,mn-1-10-5-2-3
mn-1-10-5-2-3--slur--stop--1,slur,stamp,mn-1-10-5-2-3
mn-1-11-1-1-1--slur--stop--1,slur,stamp,mn-1-11-1-1-1
mn-1-11-1-1-1--staccato--1,staccato,derive,mn-1-11-1-1-1
mn-1-11-1-1-1--staccatissimo--1,staccatissimo,derive,mn-1-11-1-1-1
mn-1-11-1-1-3--slur--start--1,slur,stamp,mn-1-11-1-1-3
mn-1-11-5-2-1--slur--start--1,slur,stamp,mn-1-11-5-2-1
mn-1-11-5-2-2--tied--start--1,tied,stamp,mn-1-11-5-2-2
mn-1-11-5-2-3--tied--stop--1,tied,stamp,mn-1-11-5-2-3
mn-1-11-5-2-3--slur--stop--1,slur,stamp,mn-1-11-5-2-3
md-1-11-1-1,dynamics,md,1
mn-1-12-1-1-1--slur--stop--1,slur,stamp,mn-1-12-1-1-1
mn-1-12-1-1-1--staccato--1,staccato,derive,mn-1-12-1-1-1
mn-1-12-1-1-1--staccatissimo--1,staccatissimo,derive,mn-1-12-1-1-1
mn-1-12-1-1-3--slur--start--1,slur,stamp,mn-1-12-1-1-3
mn-1-12-5-2-1--slur--start--1,slur,stamp,mn-1-12-5-2-1
mn-1-12-5-2-2--tied--start--1,tied,stamp,mn-1-12-5-2-2
mn-1-12-5-2-3--tied--stop--1,tied,stamp,mn-1-12-5-2-3
mn-1-12-5-2-3--slur--stop--1,slur,stamp,mn-1-12-5-2-3
mn-1-13-1-1-1--slur--stop--1,slur,stamp,mn-1-13-1-1-1
mn-1-13-1-1-1--staccato--1,staccato,derive,mn-1-13-1-1-1
mn-1-13-1-1-1--staccatissimo--1,staccatissimo,derive,mn-1-13-1-1-1
mn-1-13-1-1-3--slur--start--1,slur,stamp,mn-1-13-1-1-3
mn-1-13-5-2-1--slur--start--1,slur,stamp,mn-1-13-5-2-1
mn-1-13-5-2-2--tied--start--1,tied,stamp,mn-1-13-5-2-2
mn-1-13-5-2-3--tied--stop--1,tied,stamp,mn-1-13-5-2-3
mn-1-13-5-2-3--slur--stop--1,slur,stamp,mn-1-13-5-2-3
md-1-13-1-1,dynamics,md,1
md-1-13-1-2,dynamics,md,1
mn-1-14-1-1-1--slur--stop--1,slur,stamp,mn-1-14-1-1-1
mn-1-14-1-1-1--staccato--1,staccato,derive,mn-1-14-1-1-1
mn-1-14-1-1-1--staccatissimo--1,staccatissimo,derive,mn-1-14-1-1-1
mn-1-14-1-1-3--slur--start--1,slur,stamp,mn-1-14-1-1-3
mn-1-14-5-2-4--tied--start--1,tied,stamp,mn-1-14-5-2-4
mn-1-14-5-2-5--tied--stop--1,tied,stamp,mn-1-14-5-2-5
mn-1-14-7-2-2--tied--start--1,tied,stamp,mn-1-14-7-2-2
mn-1-14-7-2-3--tied--stop--1,tied,stamp,mn-1-14-7-2-3
mn-1-14-8-2-2--tied--start--1,tied,stamp,mn-1-14-8-2-2
mn-1-14-8-2-3--tied--stop--1,tied,stamp,mn-1-14-8-2-3
mn-1-15-1-1-1--slur--stop--1,slur,stamp,mn-1-15-1-1-1
mn-1-15-1-1-1--staccato--1,staccato,derive,mn-1-15-1-1-1
mn-1-15-1-1-1--staccatissimo--1,staccatissimo,derive,mn-1-15-1-1-1
md-1-15-1-1,dynamics,md,1
mn-1-17-1-1-1--staccato--1,staccato,derive,mn-1-17-1-1-1
mn-1-17-1-1-1--staccatissimo--1,staccatissimo,derive,mn-1-17-1-1-1
mn-1-17-1-1-3--slur--start--1,slur,stamp,mn-1-17-1-1-3
mn-1-17-5-2-1--slur--start--1,slur,stamp,mn-1-17-5-2-1
mn-1-17-5-2-2--tied--start--1,tied,stamp,mn-1-17-5-2-2
mn-1-17-5-2-3--tied--stop--1,tied,stamp,mn-1-17-5-2-3
mn-1-17-5-2-3--slur--stop--1,slur,stamp,mn-1-17-5-2-3
md-1-17-1-1,dynamics,md,1
md-1-17-1-2,dynamics,md,1
mn-1-18-1-1-1--slur--stop--1,slur,stamp,mn-1-18-1-1-1
mn-1-18-1-1-1--staccato--1,staccato,derive,mn-1-18-1-1-1
mn-1-18-1-1-1--staccatissimo--1,staccatissimo,derive,mn-1-18-1-1-1
mn-1-18-1-1-3--slur--start--1,slur,stamp,mn-1-18-1-1-3
mn-1-18-5-2-1--slur--start--1,slur,stamp,mn-1-18-5-2-1
mn-1-18-5-2-2--tied--start--1,tied,stamp,mn-1-18-5-2-2
mn-1-18-5-2-3--tied--stop--1,tied,stamp,mn-1-18-5-2-3
mn-1-18-5-2-3--slur--stop--1,slur,stamp,mn-1-18-5-2-3
mn-1-19-1-1-1--slur--stop--1,slur,stamp,mn-1-19-1-1-1
mn-1-19-1-1-1--staccato--1,staccato,derive,mn-1-19-1-1-1
mn-1-19-1-1-1--staccatissimo--1,staccatissimo,derive,mn-1-19-1-1-1
mn-1-19-1-1-3--slur--start--1,slur,stamp,mn-1-19-1-1-3
mn-1-19-5-2-1--slur--start--1,slur,stamp,mn-1-19-5-2-1
mn-1-19-5-2-2--tied--start--1,tied,stamp,mn-1-19-5-2-2
mn-1-19-5-2-3--tied--stop--1,tied,stamp,mn-1-19-5-2-3
mn-1-19-5-2-3--slur--stop--1,slur,stamp,mn-1-19-5-2-3
md-1-19-1-1,dynamics,md,1
mn-1-20-1-1-1--slur--stop--1,slur,stamp,mn-1-20-1-1-1
mn-1-20-1-1-1--staccato--1,staccato,derive,mn-1-20-1-1-1
mn-1-20-1-1-1--staccatissimo--1,staccatissimo,derive,mn-1-20-1-1-1
mn-1-20-1-1-3--slur--start--1,slur,stamp,mn-1-20-1-1-3
mn-1-20-5-2-1--slur--start--1,slur,stamp,mn-1-20-5-2-1
mn-1-20-5-2-2--tied--start--1,tied,stamp,mn-1-20-5-2-2
mn-1-20-5-2-3--tied--stop--1,tied,stamp,mn-1-20-5-2-3
mn-1-20-5-2-3--slur--stop--1,slur,stamp,mn-1-20-5-2-3
mn-1-21-1-1-1--slur--stop--1,slur,stamp,mn-1-21-1-1-1
mn-1-21-1-1-1--staccato--1,staccato,derive,mn-1-21-1-1-1
mn-1-21-1-1-1--staccatissimo--1,staccatissimo,derive,mn-1-21-1-1-1
mn-1-21-1-1-3--slur--start--1,slur,stamp,mn-1-21-1-1-3
mn-1-21-5-2-1--slur--start--1,slur,stamp,mn-1-21-5-2-1
mn-1-21-5-2-2--tied--start--1,tied,stamp,mn-1-21-5-2-2
mn-1-21-5-2-3--tied--stop--1,tied,stamp,mn-1-21-5-2-3
mn-1-21-5-2-3--slur--stop--1,slur,stamp,mn-1-21-5-2-3
md-1-21-1-1,dynamics,md,1
md-1-21-1-2,dynamics,md,1
mn-1-22-1-1-1--slur--stop--1,slur,stamp,mn-1-22-1-1-1
mn-1-22-1-1-1--staccato--1,staccato,derive,mn-1-22-1-1-1
mn-1-22-1-1-1--staccatissimo--1,staccatissimo,derive,mn-1-22-1-1-1
mn-1-22-1-1-3--slur--start--1,slur,stamp,mn-1-22-1-1-3
mn-1-22-5-2-4--tied--start--1,tied,stamp,mn-1-22-5-2-4
mn-1-22-5-2-5--tied--stop--1,tied,stamp,mn-1-22-5-2-5
mn-1-22-7-2-2--tied--start--1,tied,stamp,mn-1-22-7-2-2
mn-1-22-7-2-3--tied--stop--1,tied,stamp,mn-1-22-7-2-3
mn-1-22-8-2-2--tied--start--1,tied,stamp,mn-1-22-8-2-2
mn-1-22-8-2-3--tied--stop--1,tied,stamp,mn-1-22-8-2-3
mn-1-23-1-1-1--slur--stop--1,slur,stamp,mn-1-23-1-1-1
mn-1-23-1-1-1--staccato--1,staccato,derive,mn-1-23-1-1-1
mn-1-23-1-1-1--staccatissimo--1,staccatissimo,derive,mn-1-23-1-1-1
mn-1-23-1-1-4--slur--start--1,slur,stamp,mn-1-23-1-1-4
md-1-23-1-1,dynamics,md,1
md-1-23-1-2,dynamics,md,1
md-1-24-1-1,wedge,md,1
md-1-24-1-2,wedge,md,1
mn-1-25-1-1-1--slur--stop--1,slur,stamp,mn-1-25-1-1-1
mn-1-25-1-1-1--staccato--1,staccato,derive,mn-1-25-1-1-1
mn-1-25-1-1-1--staccatissimo--1,staccatissimo,derive,mn-1-25-1-1-1
mn-1-25-1-1-3--slur--start--1,slur,stamp,mn-1-25-1-1-3
mn-1-25-5-2-1--slur--start--1,slur,stamp,mn-1-25-5-2-1
mn-1-25-5-2-2--tied--start--1,tied,stamp,mn-1-25-5-2-2
mn-1-25-5-2-3--tied--stop--1,tied,stamp,mn-1-25-5-2-3
mn-1-25-5-2-3--slur--stop--1,slur,stamp,mn-1-25-5-2-3
md-1-25-1-1,dynamics,md,1
md-1-25-1-2,dynamics,md,1
mn-1-26-1-1-1--slur--stop--1,slur,stamp,mn-1-26-1-1-1
mn-1-26-1-1-1--staccato--1,staccato,derive,mn-1-26-1-1-1
mn-1-26-1-1-1--staccatissimo--1,staccatissimo,derive,mn-1-26-1-1-1
mn-1-26-1-1-3--slur--start--1,slur,stamp,mn-1-26-1-1-3
mn-1-26-5-2-4--tied--start--1,tied,stamp,mn-1-26-5-2-4
mn-1-26-5-2-5--tied--stop--1,tied,stamp,mn-1-26-5-2-5
mn-1-26-7-2-2--tied--start--1,tied,stamp,mn-1-26-7-2-2
mn-1-26-7-2-3--tied--stop--1,tied,stamp,mn-1-26-7-2-3
mn-1-26-8-2-2--tied--start--1,tied,stamp,mn-1-26-8-2-2
mn-1-26-8-2-3--tied--stop--1,tied,stamp,mn-1-26-8-2-3
mn-1-27-1-1-1--slur--stop--1,slur,stamp,mn-1-27-1-1-1
mn-1-27-1-1-1--staccato--1,staccato,derive,mn-1-27-1-1-1
mn-1-27-1-1-1--staccatissimo--1,staccatissimo,derive,mn-1-27-1-1-1
mn-1-27-1-1-4--slur--start--1,slur,stamp,mn-1-27-1-1-4
md-1-27-1-1,dynamics,md,1
md-1-27-1-2,dynamics,md,1
md-1-28-1-1,wedge,md,1
md-1-28-1-2,wedge,md,1
mn-1-29-1-1-1--slur--stop--1,slur,stamp,mn-1-29-1-1-1
mn-1-29-1-1-1--staccato--1,staccato,derive,mn-1-29-1-1-1
mn-1-29-1-1-1--staccatissimo--1,staccatissimo,derive,mn-1-29-1-1-1
mn-1-29-1-1-3--slur--start--1,slur,stamp,mn-1-29-1-1-3
mn-1-29-5-2-1--slur--start--1,slur,stamp,mn-1-29-5-2-1
mn-1-29-5-2-2--tied--start--1,tied,stamp,mn-1-29-5-2-2
mn-1-29-5-2-3--tied--stop--1,tied,stamp,mn-1-29-5-2-3
mn-1-29-5-2-3--slur--stop--1,slur,stamp,mn-1-29-5-2-3
md-1-29-1-1,dynamics,md,1
md-1-29-1-2,dynamics,md,1
mn-1-30-1-1-1--slur--stop--1,slur,stamp,mn-1-30-1-1-1
mn-1-30-1-1-1--staccato--1,staccato,derive,mn-1-30-1-1-1
mn-1-30-1-1-1--staccatissimo--1,staccatissimo,derive,mn-1-30-1-1-1
mn-1-30-1-1-3--slur--start--1,slur,stamp,mn-1-30-1-1-3
mn-1-30-5-2-1--slur--start--1,slur,stamp,mn-1-30-5-2-1
mn-1-30-5-2-3--slur--stop--1,slur,stamp,mn-1-30-5-2-3
mn-1-30-5-2-4--slur--start--1,slur,stamp,mn-1-30-5-2-4
md-1-30-1-1,dynamics,md,1
md-1-30-2-1,dynamics,md,2
mn-1-31-1-1-1--slur--stop--1,slur,stamp,mn-1-31-1-1-1
mn-1-31-1-1-1--staccato--1,staccato,derive,mn-1-31-1-1-1
mn-1-31-1-1-1--staccatissimo--1,staccatissimo,derive,mn-1-31-1-1-1
mn-1-31-1-2-1--slur--start--1,slur,stamp,mn-1-31-1-2-1
mn-1-31-1-2-4--slur--stop--1,slur,stamp,mn-1-31-1-2-4
mn-1-31-1-2-4--staccato--1,staccato,derive,mn-1-31-1-2-4
mn-1-31-1-2-4--staccatissimo--1,staccatissimo,derive,mn-1-31-1-2-4
mn-1-31-5-2-1--slur--stop--1,slur,stamp,mn-1-31-5-2-1
mn-1-31-5-2-3--slur--start--1,slur,stamp,mn-1-31-5-2-3
mn-1-32-5-2-1--slur--stop--1,slur,stamp,mn-1-32-5-2-1
mn-1-32-5-2-3--slur--start--1,slur,stamp,mn-1-32-5-2-3
mn-1-32-6-2-2--slur--start--1,slur,stamp,mn-1-32-6-2-2
mn-1-32-6-2-5--slur--stop--1,slur,stamp,mn-1-32-6-2-5
mn-1-32-6-2-5--staccato--1,staccato,derive,mn-1-32-6-2-5
mn-1-32-6-2-5--staccatissimo--1,staccatissimo,derive,mn-1-32-6-2-5
mn-1-33-5-2-1--slur--stop--1,slur,stamp,mn-1-33-5-2-1
mn-1-33-5-2-3--slur--start--1,slur,stamp,mn-1-33-5-2-3
mn-1-33-6-2-2--slur--start--1,slur,stamp,mn-1-33-6-2-2
mn-1-33-6-2-5--slur--stop--1,slur,stamp,mn-1-33-6-2-5
mn-1-33-6-2-5--staccato--1,staccato,derive,mn-1-33-6-2-5
mn-1-33-6-2-5--staccatissimo--1,staccatissimo,derive,mn-1-33-6-2-5
mn-1-34-5-2-1--slur--stop--1,slur,stamp,mn-1-34-5-2-1
md-1-34-2-1,dynamics,md,2
mn-1-35-5-2-1--staccato--1,staccato,derive,mn-1-35-5-2-1
mn-1-35-5-2-1--staccatissimo--1,staccatissimo,derive,mn-1-35-5-2-1
mn-1-35-5-2-3--staccato--1,staccato,derive,mn-1-35-5-2-3
mn-1-35-5-2-3--staccatissimo--1,staccatissimo,derive,mn-1-35-5-2-3
mn-1-35-5-2-4--staccato--1,staccato,derive,mn-1-35-5-2-4
mn-1-35-5-2-4--staccatissimo--1,staccatissimo,derive,mn-1-35-5-2-4
mn-1-36-5-2-1--staccato--1,staccato,derive,mn-1-36-5-2-1
mn-1-36-5-2-1--staccatissimo--1,staccatissimo,derive,mn-1-36-5-2-1
mn-1-36-5-2-2--staccato--1,staccato,derive,mn-1-36-5-2-2
mn-1-36-5-2-2--staccatissimo--1,staccatissimo,derive,mn-1-36-5-2-2
mn-1-36-5-2-3--staccato--1,staccato,derive,mn-1-36-5-2-3
mn-1-36-5-2-3--staccatissimo--1,staccatissimo,derive,mn-1-36-5-2-3
mn-1-37-5-2-1--staccato--1,staccato,derive,mn-1-37-5-2-1
mn-1-37-5-2-1--staccatissimo--1,staccatissimo,derive,mn-1-37-5-2-1
mn-1-37-5-2-2--staccato--1,staccato,derive,mn-1-37-5-2-2
mn-1-37-5-2-2--staccatissimo--1,staccatissimo,derive,mn-1-37-5-2-2
mn-1-37-5-2-3--staccato--1,staccato,derive,mn-1-37-5-2-3
mn-1-37-5-2-3--staccatissimo--1,staccatissimo,derive,mn-1-37-5-2-3
mn-1-38-5-2-1--staccato--1,staccato,derive,mn-1-38-5-2-1
mn-1-38-5-2-1--staccatissimo--1,staccatissimo,derive,mn-1-38-5-2-1
mn-1-38-5-2-2--staccato--1,staccato,derive,mn-1-38-5-2-2
mn-1-38-5-2-2--staccatissimo--1,staccatissimo,derive,mn-1-38-5-2-2
mn-1-38-5-2-3--slur--start--1,slur,stamp,mn-1-38-5-2-3
mn-1-39-5-2-1--slur--stop--1,slur,stamp,mn-1-39-5-2-1
mn-1-39-5-2-3--slur--start--1,slur,stamp,mn-1-39-5-2-3
mn-1-39-6-2-2--slur--start--1,slur,stamp,mn-1-39-6-2-2
mn-1-39-6-2-5--slur--stop--1,slur,stamp,mn-1-39-6-2-5
mn-1-39-6-2-5--staccato--1,staccato,derive,mn-1-39-6-2-5
mn-1-39-6-2-5--staccatissimo--1,staccatissimo,derive,mn-1-39-6-2-5
mn-1-40-5-2-1--slur--stop--1,slur,stamp,mn-1-40-5-2-1
mn-1-40-5-2-3--slur--start--1,slur,stamp,mn-1-40-5-2-3
mn-1-40-6-2-2--slur--start--1,slur,stamp,mn-1-40-6-2-2
mn-1-40-6-2-5--slur--stop--1,slur,stamp,mn-1-40-6-2-5
mn-1-40-6-2-5--staccato--1,staccato,derive,mn-1-40-6-2-5
mn-1-40-6-2-5--staccatissimo--1,staccatissimo,derive,mn-1-40-6-2-5
mn-1-41-5-2-1--slur--stop--1,slur,stamp,mn-1-41-5-2-1
mn-1-41-5-2-3--slur--start--1,slur,stamp,mn-1-41-5-2-3
mn-1-41-5-2-5--slur--stop--1,slur,stamp,mn-1-41-5-2-5
mn-1-41-6-2-2--slur--start--1,slur,stamp,mn-1-41-6-2-2
mn-1-41-6-2-5--slur--stop--1,slur,stamp,mn-1-41-6-2-5
mn-1-41-6-2-5--staccato--1,staccato,derive,mn-1-41-6-2-5
mn-1-41-6-2-5--staccatissimo--1,staccatissimo,derive,mn-1-41-6-2-5
md-1-42-2-1,dynamics,md,2
mn-1-43-1-1-1--slur--start--1,slur,stamp,mn-1-43-1-1-1
mn-1-43-1-1-1--inverted-mordent--1,inverted-mordent,derive,mn-1-43-1-1-1
mn-1-43-1-1-2--slur--stop--1,slur,stamp,mn-1-43-1-1-2
md-1-43-1-1,dynamics,md,1
mn-1-44-1-1-1--slur--start--1,slur,stamp,mn-1-44-1-1-1
mn-1-44-1-1-1--inverted-mordent--1,inverted-mordent,derive,mn-1-44-1-1-1
mn-1-44-1-1-2--slur--stop--1,slur,stamp,mn-1-44-1-1-2
mn-1-44-1-1-3--slur--start--1,slur,stamp,mn-1-44-1-1-3
mn-1-44-1-1-3--inverted-mordent--1,inverted-mordent,derive,mn-1-44-1-1-3
mn-1-45-1-1-1--slur--stop--1,slur,stamp,mn-1-45-1-1-1
mn-1-45-1-1-2--slur--start--1,slur,stamp,mn-1-45-1-1-2
mn-1-45-1-1-2--inverted-mordent--1,inverted-mordent,derive,mn-1-45-1-1-2
mn-1-45-1-1-3--slur--stop--1,slur,stamp,mn-1-45-1-1-3
mn-1-46-1-1-1--slur--start--1,slur,stamp,mn-1-46-1-1-1
mn-1-46-1-1-1--inverted-mordent--1,inverted-mordent,derive,mn-1-46-1-1-1
mn-1-46-1-1-2--slur--stop--1,slur,stamp,mn-1-46-1-1-2
mn-1-46-1-1-3--slur--start--1,slur,stamp,mn-1-46-1-1-3
mn-1-46-1-1-3--inverted-mordent--1,inverted-mordent,derive,mn-1-46-1-1-3
mn-1-47-1-1-1--slur--stop--1,slur,stamp,mn-1-47-1-1-1
mn-1-47-1-1-2--tied--start--1,tied,stamp,mn-1-47-1-1-2
md-1-47-1-1,dynamics,md,1
mn-1-48-1-1-1--tied--stop--1,tied,stamp,mn-1-48-1-1-1
mn-1-48-1-1-2--staccato--1,staccato,derive,mn-1-48-1-1-2
mn-1-48-1-1-2--staccatissimo--1,staccatissimo,derive,mn-1-48-1-1-2
mn-1-48-1-1-3--staccato--1,staccato,derive,mn-1-48-1-1-3
mn-1-48-1-1-3--staccatissimo--1,staccatissimo,derive,mn-1-48-1-1-3
md-1-48-1-1,dynamics,md,1
mn-1-49-1-1-1--slur--start--1,slur,stamp,mn-1-49-1-1-1
mn-1-49-1-1-1--inverted-mordent--1,inverted-mordent,derive,mn-1-49-1-1-1
mn-1-49-1-1-2--slur--stop--1,slur,stamp,mn-1-49-1-1-2
mn-1-49-1-1-3--staccato--1,staccato,derive,mn-1-49-1-1-3
mn-1-49-1-1-3--staccatissimo--1,staccatissimo,derive,mn-1-49-1-1-3
md-1-49-1-1,dynamics,md,1
mn-1-50-1-1-1--staccato--1,staccato,derive,mn-1-50-1-1-1
mn-1-50-1-1-1--staccatissimo--1,staccatissimo,derive,mn-1-50-1-1-1
mn-1-50-1-1-2--staccato--1,staccato,derive,mn-1-50-1-1-2
mn-1-50-1-1-2--staccatissimo--1,staccatissimo,derive,mn-1-50-1-1-2
mn-1-50-1-1-3--staccato--1,staccato,derive,mn-1-50-1-1-3
mn-1-50-1-1-3--staccatissimo--1,staccatissimo,derive,mn-1-50-1-1-3
mn-1-51-1-1-1--staccato--1,staccato,derive,mn-1-51-1-1-1
mn-1-51-1-1-1--staccatissimo--1,staccatissimo,derive,mn-1-51-1-1-1
md-1-51-1-1,dynamics,md,1
mn-1-55-1-1-1--staccato--1,staccato,derive,mn-1-55-1-1-1
mn-1-55-1-1-1--staccatissimo--1,staccatissimo,derive,mn-1-55-1-1-1
mn-1-55-1-1-3--tied--start--1,tied,stamp,mn-1-55-1-1-3
mn-1-55-1-1-4--tied--start--1,tied,stamp,mn-1-55-1-1-4
md-1-55-1-1,dynamics,md,1
mn-1-56-1-1-1--tied--stop--1,tied,stamp,mn-1-56-1-1-1
mn-1-56-1-1-2--tied--stop--1,tied,stamp,mn-1-56-1-1-2
mn-1-56-1-1-3--staccato--1,staccato,derive,mn-1-56-1-1-3
mn-1-56-1-1-3--staccatissimo--1,staccatissimo,derive,mn-1-56-1-1-3
mn-1-56-1-1-5--staccato--1,staccato,derive,mn-1-56-1-1-5
mn-1-56-1-1-5--staccatissimo--1,staccatissimo,derive,mn-1-56-1-1-5
md-1-56-1-1,dynamics,md,1
mn-1-57-1-1-1--staccato--1,staccato,derive,mn-1-57-1-1-1
mn-1-57-1-1-1--staccatissimo--1,staccatissimo,derive,mn-1-57-1-1-1
mn-1-57-1-1-3--staccato--1,staccato,derive,mn-1-57-1-1-3
mn-1-57-1-1-3--staccatissimo--1,staccatissimo,derive,mn-1-57-1-1-3
mn-1-57-1-1-5--staccato--1,staccato,derive,mn-1-57-1-1-5
mn-1-57-1-1-5--staccatissimo--1,staccatissimo,derive,mn-1-57-1-1-5
md-1-57-1-1,dynamics,md,1
mn-1-58-1-1-1--staccato--1,staccato,derive,mn-1-58-1-1-1
mn-1-58-1-1-1--staccatissimo--1,staccatissimo,derive,mn-1-58-1-1-1
mn-1-58-1-1-3--staccato--1,staccato,derive,mn-1-58-1-1-3
mn-1-58-1-1-3--staccatissimo--1,staccatissimo,derive,mn-1-58-1-1-3
mn-1-58-1-1-5--staccato--1,staccato,derive,mn-1-58-1-1-5
mn-1-58-1-1-5--staccatissimo--1,staccatissimo,derive,mn-1-58-1-1-5
mn-1-59-1-1-1--slur--start--1,slur,stamp,mn-1-59-1-1-1
mn-1-59-1-1-3--slur--stop--1,slur,stamp,mn-1-59-1-1-3
mn-1-59-1-1-5--staccato--1,staccato,derive,mn-1-59-1-1-5
mn-1-59-1-1-5--staccatissimo--1,staccatissimo,derive,mn-1-59-1-1-5
md-1-59-1-1,dynamics,md,1
mn-1-60-1-1-1--staccato--1,staccato,derive,mn-1-60-1-1-1
mn-1-60-1-1-1--staccatissimo--1,staccatissimo,derive,mn-1-60-1-1-1
mn-1-60-1-1-3--staccato--1,staccato,derive,mn-1-60-1-1-3
mn-1-60-1-1-3--staccatissimo--1,staccatissimo,derive,mn-1-60-1-1-3
mn-1-60-1-1-5--staccato--1,staccato,derive,mn-1-60-1-1-5
mn-1-60-1-1-5--staccatissimo--1,staccatissimo,derive,mn-1-60-1-1-5
mn-1-61-1-1-1--staccato--1,staccato,derive,mn-1-61-1-1-1
mn-1-61-1-1-1--staccatissimo--1,staccatissimo,derive,mn-1-61-1-1-1
mn-1-61-1-1-3--staccato--1,staccato,derive,mn-1-61-1-1-3
mn-1-61-1-1-3--staccatissimo--1,staccatissimo,derive,mn-1-61-1-1-3
mn-1-61-1-1-5--staccato--1,staccato,derive,mn-1-61-1-1-5
mn-1-61-1-1-5--staccatissimo--1,staccatissimo,derive,mn-1-61-1-1-5
mn-1-62-1-1-1--staccato--1,staccato,derive,mn-1-62-1-1-1
mn-1-62-1-1-1--staccatissimo--1,staccatissimo,derive,mn-1-62-1-1-1
mn-1-62-1-1-3--staccato--1,staccato,derive,mn-1-62-1-1-3
mn-1-62-1-1-3--staccatissimo--1,staccatissimo,derive,mn-1-62-1-1-3
mn-1-62-1-1-5--staccato--1,staccato,derive,mn-1-62-1-1-5
mn-1-62-1-1-5--staccatissimo--1,staccatissimo,derive,mn-1-62-1-1-5
mn-1-63-1-1-1--slur--start--1,slur,stamp,mn-1-63-1-1-1
mn-1-63-1-1-3--slur--stop--1,slur,stamp,mn-1-63-1-1-3
mn-1-63-1-1-5--staccato--1,staccato,derive,mn-1-63-1-1-5
mn-1-63-1-1-5--staccatissimo--1,staccatissimo,derive,mn-1-63-1-1-5
md-1-63-1-1,dynamics,md,1
mn-1-64-1-1-1--staccato--1,staccato,derive,mn-1-64-1-1-1
mn-1-64-1-1-1--staccatissimo--1,staccatissimo,derive,mn-1-64-1-1-1
mn-1-64-1-1-3--staccato--1,staccato,derive,mn-1-64-1-1-3
mn-1-64-1-1-3--staccatissimo--1,staccatissimo,derive,mn-1-64-1-1-3
mn-1-64-1-1-5--staccato--1,staccato,derive,mn-1-64-1-1-5
mn-1-64-1-1-5--staccatissimo--1,staccatissimo,derive,mn-1-64-1-1-5
mn-1-65-1-1-1--staccato--1,staccato,derive,mn-1-65-1-1-1
mn-1-65-1-1-1--staccatissimo--1,staccatissimo,derive,mn-1-65-1-1-1
mn-1-65-1-1-3--staccato--1,staccato,derive,mn-1-65-1-1-3
mn-1-65-1-1-3--staccatissimo--1,staccatissimo,derive,mn-1-65-1-1-3
mn-1-65-1-1-5--staccato--1,staccato,derive,mn-1-65-1-1-5
mn-1-65-1-1-5--staccatissimo--1,staccatissimo,derive,mn-1-65-1-1-5
mn-1-66-1-1-1--staccato--1,staccato,derive,mn-1-66-1-1-1
mn-1-66-1-1-1--staccatissimo--1,staccatissimo,derive,mn-1-66-1-1-1
mn-1-66-1-1-3--staccato--1,staccato,derive,mn-1-66-1-1-3
mn-1-66-1-1-3--staccatissimo--1,staccatissimo,derive,mn-1-66-1-1-3
mn-1-66-1-1-5--staccato--1,staccato,derive,mn-1-66-1-1-5
mn-1-66-1-1-5--staccatissimo--1,staccatissimo,derive,mn-1-66-1-1-5
mn-1-67-1-1-1--staccato--1,staccato,derive,mn-1-67-1-1-1
mn-1-67-1-1-1--staccatissimo--1,staccatissimo,derive,mn-1-67-1-1-1
mn-1-67-1-1-4--slur--start--1,slur,stamp,mn-1-67-1-1-4
md-1-67-1-1,dynamics,md,1
mn-1-68-1-1-1--slur--stop--1,slur,stamp,mn-1-68-1-1-1
mn-1-68-1-1-1--staccato--1,staccato,derive,mn-1-68-1-1-1
mn-1-68-1-1-1--staccatissimo--1,staccatissimo,derive,mn-1-68-1-1-1
mn-1-68-1-1-3--slur--start--1,slur,stamp,mn-1-68-1-1-3
mn-1-69-1-1-1--slur--stop--1,slur,stamp,mn-1-69-1-1-1
mn-1-69-1-1-3--slur--start--1,slur,stamp,mn-1-69-1-1-3
mn-1-70-1-1-1--slur--stop--1,slur,stamp,mn-1-70-1-1-1
mn-1-70-1-1-1--staccato--1,staccato,derive,mn-1-70-1-1-1
mn-1-70-1-1-1--staccatissimo--1,staccatissimo,derive,mn-1-70-1-1-1
mn-1-70-1-1-3--slur--start--1,slur,stamp,mn-1-70-1-1-3
mn-1-70-1-1-4--slur--stop--1,slur,stamp,mn-1-70-1-1-4
mn-1-71-1-1-2--tied--start--1,tied,stamp,mn-1-71-1-1-2
mn-1-71-2-1-1--tied--start--1,tied,stamp,mn-1-71-2-1-1
md-1-71-1-1,dynamics,md,1
mn-1-72-1-1-1--tied--stop--1,tied,stamp,mn-1-72-1-1-1
mn-1-72-1-1-1--slur--start--1,slur,stamp,mn-1-72-1-1-1
mn-1-72-1-1-2--slur--stop--1,slur,stamp,mn-1-72-1-1-2
mn-1-72-1-1-3--staccato--1,staccato,derive,mn-1-72-1-1-3
mn-1-72-1-1-3--staccatissimo--1,staccatissimo,derive,mn-1-72-1-1-3
mn-1-72-2-1-1--tied--stop--1,tied,stamp,mn-1-72-2-1-1
mn-1-73-1-1-4--slur--start--1,slur,stamp,mn-1-73-1-1-4
md-1-73-1-1,dynamics,md,1
mn-1-74-1-1-1--slur--stop--1,slur,stamp,mn-1-74-1-1-1
mn-1-74-1-1-1--staccato--1,staccato,derive,mn-1-74-1-1-1
mn-1-74-1-1-1--staccatissimo--1,staccatissimo,derive,mn-1-74-1-1-1
mn-1-74-1-1-3--slur--start--1,slur,stamp,mn-1-74-1-1-3
mn-1-75-1-1-1--slur--stop--1,slur,stamp,mn-1-75-1-1-1
mn-1-75-1-1-1--staccato--1,staccato,derive,mn-1-75-1-1-1
mn-1-75-1-1-1--staccatissimo--1,staccatissimo,derive,mn-1-75-1-1-1
mn-1-75-1-1-3--slur--start--1,slur,stamp,mn-1-75-1-1-3
mn-1-76-1-1-1--slur--stop--1,slur,stamp,mn-1-76-1-1-1
mn-1-76-1-1-1--staccato--1,staccato,derive,mn-1-76-1-1-1
mn-1-76-1-1-1--staccatissimo--1,staccatissimo,derive,mn-1-76-1-1-1
mn-1-76-1-1-3--slur--start--1,slur,stamp,mn-1-76-1-1-3
mn-1-76-1-1-5--slur--stop--1,slur,stamp,mn-1-76-1-1-5
mn-1-77-1-1-2--tied--start--1,tied,stamp,mn-1-77-1-1-2
mn-1-77-2-1-1--tied--start--1,tied,stamp,mn-1-77-2-1-1
md-1-77-1-1,dynamics,md,1
mn-1-78-1-1-1--tied--stop--1,tied,stamp,mn-1-78-1-1-1
mn-1-78-1-1-1--slur--start--1,slur,stamp,mn-1-78-1-1-1
mn-1-78-1-1-2--slur--stop--1,slur,stamp,mn-1-78-1-1-2
mn-1-78-1-1-3--staccato--1,staccato,derive,mn-1-78-1-1-3
mn-1-78-1-1-3--staccatissimo--1,staccatissimo,derive,mn-1-78-1-1-3
mn-1-78-2-1-1--tied--stop--1,tied,stamp,mn-1-78-2-1-1
mn-1-79-1-1-1--slur--start--1,slur,stamp,mn-1-79-1-1-1
md-1-79-1-1,wedge,md,1
md-1-79-1-2,wedge,md,1
mn-1-80-1-1-5--slur--stop--1,slur,stamp,mn-1-80-1-1-5
md-1-80-1-1,wedge,md,1
md-1-80-1-2,wedge,md,1
mn-1-81-1-1-1--slur--start--1,slur,stamp,mn-1-81-1-1-1
mn-1-81-1-1-5--slur--stop--1,slur,stamp,mn-1-81-1-1-5
mn-1-82-1-1-1--slur--start--1,slur,stamp,mn-1-82-1-1-1
mn-1-82-1-1-5--slur--stop--1,slur,stamp,mn-1-82-1-1-5
md-1-83-1-1,wedge,md,1
md-1-83-1-2,wedge,md,1
md-1-84-1-1,wedge,md,1
md-1-84-1-2,wedge,md,1
md-1-87-1-1,dynamics,md,1
md-1-88-1-1,dynamics,md,1
md-1-89-1-1,dynamics,md,1
md-1-90-1-1,dynamics,md,1
md-1-91-1-1,dynamics,md,1
mn-1-93-1-1-1--slur--start--1,slur,stamp,mn-1-93-1-1-1
md-1-93-1-1,dynamics,md,1
mn-1-95-1-1-1--slur--stop--1,slur,stamp,mn-1-95-1-1-1
mn-1-95-1-1-1--staccato--1,staccato,derive,mn-1-95-1-1-1
mn-1-95-1-1-1--staccatissimo--1,staccatissimo,derive,mn-1-95-1-1-1
mn-1-95-1-1-3--slur--start--1,slur,stamp,mn-1-95-1-1-3
mn-1-95-5-2-1--slur--start--1,slur,stamp,mn-1-95-5-2-1
mn-1-95-5-2-3--slur--stop--1,slur,stamp,mn-1-95-5-2-3
md-1-95-1-1,dynamics,md,1
mn-1-96-1-1-1--slur--stop--1,slur,stamp,mn-1-96-1-1-1
mn-1-96-1-1-1--staccato--1,staccato,derive,mn-1-96-1-1-1
mn-1-96-1-1-1--staccatissimo--1,staccatissimo,derive,mn-1-96-1-1-1
mn-1-96-1-1-3--slur--start--1,slur,stamp,mn-1-96-1-1-3
mn-1-96-5-2-1--slur--start--1,slur,stamp,mn-1-96-5-2-1
mn-1-96-5-2-3--slur--stop--1,slur,stamp,mn-1-96-5-2-3
mn-1-97-1-1-1--slur--stop--1,slur,stamp,mn-1-97-1-1-1
mn-1-97-1-1-1--staccato--1,staccato,derive,mn-1-97-1-1-1
mn-1-97-1-1-1--staccatissimo--1,staccatissimo,derive,mn-1-97-1-1-1
mn-1-97-1-1-3--slur--start--1,slur,stamp,mn-1-97-1-1-3
mn-1-97-5-2-1--slur--start--1,slur,stamp,mn-1-97-5-2-1
mn-1-97-5-2-3--slur--stop--1,slur,stamp,mn-1-97-5-2-3
mn-1-98-1-1-1--slur--stop--1,slur,stamp,mn-1-98-1-1-1
mn-1-98-1-1-1--staccato--1,staccato,derive,mn-1-98-1-1-1
mn-1-98-1-1-1--staccatissimo--1,staccatissimo,derive,mn-1-98-1-1-1
mn-1-98-1-1-3--slur--start--1,slur,stamp,mn-1-98-1-1-3
mn-1-98-5-2-1--slur--start--1,slur,stamp,mn-1-98-5-2-1
mn-1-98-5-2-3--slur--stop--1,slur,stamp,mn-1-98-5-2-3
mn-1-99-1-1-1--slur--stop--1,slur,stamp,mn-1-99-1-1-1
mn-1-99-1-1-1--staccato--1,staccato,derive,mn-1-99-1-1-1
mn-1-99-1-1-1--staccatissimo--1,staccatissimo,derive,mn-1-99-1-1-1
mn-1-99-1-1-3--slur--start--1,slur,stamp,mn-1-99-1-1-3
mn-1-99-5-2-4--tied--start--1,tied,stamp,mn-1-99-5-2-4
mn-1-99-5-2-5--tied--stop--1,tied,stamp,mn-1-99-5-2-5
mn-1-99-7-2-1--tied--start--1,tied,stamp,mn-1-99-7-2-1
mn-1-99-7-2-2--tied--stop--1,tied,stamp,mn-1-99-7-2-2
mn-1-99-8-2-1--tied--start--1,tied,stamp,mn-1-99-8-2-1
mn-1-99-8-2-2--tied--stop--1,tied,stamp,mn-1-99-8-2-2
md-1-99-1-1,dynamics,md,1
mn-1-100-1-1-1--slur--stop--1,slur,stamp,mn-1-100-1-1-1
mn-1-100-1-1-1--staccato--1,staccato,derive,mn-1-100-1-1-1
mn-1-100-1-1-1--staccatissimo--1,staccatissimo,derive,mn-1-100-1-1-1
mn-1-100-1-1-3--slur--start--1,slur,stamp,mn-1-100-1-1-3
mn-1-100-5-2-4--tied--start--1,tied,stamp,mn-1-100-5-2-4
mn-1-100-5-2-5--tied--stop--1,tied,stamp,mn-1-100-5-2-5
mn-1-100-7-2-1--tied--start--1,tied,stamp,mn-1-100-7-2-1
mn-1-100-7-2-2--tied--stop--1,tied,stamp,mn-1-100-7-2-2
mn-1-100-8-2-1--tied--start--1,tied,stamp,mn-1-100-8-2-1
mn-1-100-8-2-2--tied--stop--1,tied,stamp,mn-1-100-8-2-2
mn-1-101-1-1-1--slur--stop--1,slur,stamp,mn-1-101-1-1-1
mn-1-101-1-1-1--staccato--1,staccato,derive,mn-1-101-1-1-1
mn-1-101-1-1-1--staccatissimo--1,staccatissimo,derive,mn-1-101-1-1-1
mn-1-101-1-1-3--slur--start--1,slur,stamp,mn-1-101-1-1-3
mn-1-101-5-2-4--tied--start--1,tied,stamp,mn-1-101-5-2-4
mn-1-101-5-2-5--tied--stop--1,tied,stamp,mn-1-101-5-2-5
mn-1-101-7-2-1--tied--start--1,tied,stamp,mn-1-101-7-2-1
mn-1-101-7-2-2--tied--stop--1,tied,stamp,mn-1-101-7-2-2
mn-1-101-8-2-1--tied--start--1,tied,stamp,mn-1-101-8-2-1
mn-1-101-8-2-2--tied--stop--1,tied,stamp,mn-1-101-8-2-2
mn-1-102-1-1-1--slur--stop--1,slur,stamp,mn-1-102-1-1-1
mn-1-102-1-1-1--staccato--1,staccato,derive,mn-1-102-1-1-1
mn-1-102-1-1-1--staccatissimo--1,staccatissimo,derive,mn-1-102-1-1-1
mn-1-102-1-1-3--slur--start--1,slur,stamp,mn-1-102-1-1-3
mn-1-102-5-2-1--slur--start--1,slur,stamp,mn-1-102-5-2-1
mn-1-102-5-2-6--slur--stop--1,slur,stamp,mn-1-102-5-2-6
mn-1-103-1-1-1--slur--stop--1,slur,stamp,mn-1-103-1-1-1
mn-1-103-1-1-1--staccato--1,staccato,derive,mn-1-103-1-1-1
mn-1-103-1-1-1--staccatissimo--1,staccatissimo,derive,mn-1-103-1-1-1
mn-1-103-1-1-3--slur--start--1,slur,stamp,mn-1-103-1-1-3
mn-1-103-5-2-1--slur--start--1,slur,stamp,mn-1-103-5-2-1
mn-1-103-5-2-3--slur--stop--1,slur,stamp,mn-1-103-5-2-3
md-1-103-1-1,dynamics,md,1
mn-1-104-1-1-1--slur--stop--1,slur,stamp,mn-1-104-1-1-1
mn-1-104-1-1-1--staccato--1,staccato,derive,mn-1-104-1-1-1
mn-1-104-1-1-1--staccatissimo--1,staccatissimo,derive,mn-1-104-1-1-1
mn-1-104-1-1-3--slur--start--1,slur,stamp,mn-1-104-1-1-3
mn-1-104-5-2-1--slur--start--1,slur,stamp,mn-1-104-5-2-1
mn-1-104-5-2-3--slur--stop--1,slur,stamp,mn-1-104-5-2-3
mn-1-105-1-1-1--slur--stop--1,slur,stamp,mn-1-105-1-1-1
mn-1-105-1-1-1--staccato--1,staccato,derive,mn-1-105-1-1-1
mn-1-105-1-1-1--staccatissimo--1,staccatissimo,derive,mn-1-105-1-1-1
mn-1-105-1-1-3--slur--start--1,slur,stamp,mn-1-105-1-1-3
mn-1-105-5-2-1--slur--start--1,slur,stamp,mn-1-105-5-2-1
mn-1-105-5-2-3--slur--stop--1,slur,stamp,mn-1-105-5-2-3
mn-1-106-1-1-1--slur--stop--1,slur,stamp,mn-1-106-1-1-1
mn-1-106-1-1-1--staccato--1,staccato,derive,mn-1-106-1-1-1
mn-1-106-1-1-1--staccatissimo--1,staccatissimo,derive,mn-1-106-1-1-1
mn-1-106-1-1-3--slur--start--1,slur,stamp,mn-1-106-1-1-3
mn-1-106-5-2-1--slur--start--1,slur,stamp,mn-1-106-5-2-1
mn-1-106-5-2-3--slur--stop--1,slur,stamp,mn-1-106-5-2-3
mn-1-107-1-1-1--slur--stop--1,slur,stamp,mn-1-107-1-1-1
mn-1-107-1-1-1--staccato--1,staccato,derive,mn-1-107-1-1-1
mn-1-107-1-1-1--staccatissimo--1,staccatissimo,derive,mn-1-107-1-1-1
mn-1-107-1-1-3--slur--start--1,slur,stamp,mn-1-107-1-1-3
mn-1-107-5-2-4--tied--start--1,tied,stamp,mn-1-107-5-2-4
mn-1-107-5-2-5--tied--stop--1,tied,stamp,mn-1-107-5-2-5
mn-1-107-7-2-1--tied--start--1,tied,stamp,mn-1-107-7-2-1
mn-1-107-7-2-2--tied--stop--1,tied,stamp,mn-1-107-7-2-2
mn-1-107-8-2-1--tied--start--1,tied,stamp,mn-1-107-8-2-1
mn-1-107-8-2-2--tied--stop--1,tied,stamp,mn-1-107-8-2-2
md-1-107-1-1,dynamics,md,1
mn-1-108-1-1-1--slur--stop--1,slur,stamp,mn-1-108-1-1-1
mn-1-108-1-1-1--staccato--1,staccato,derive,mn-1-108-1-1-1
mn-1-108-1-1-1--staccatissimo--1,staccatissimo,derive,mn-1-108-1-1-1
mn-1-108-1-1-3--slur--start--1,slur,stamp,mn-1-108-1-1-3
mn-1-108-5-2-4--tied--start--1,tied,stamp,mn-1-108-5-2-4
mn-1-108-5-2-5--tied--stop--1,tied,stamp,mn-1-108-5-2-5
mn-1-108-7-2-1--tied--start--1,tied,stamp,mn-1-108-7-2-1
mn-1-108-7-2-2--tied--stop--1,tied,stamp,mn-1-108-7-2-2
mn-1-108-8-2-1--tied--start--1,tied,stamp,mn-1-108-8-2-1
mn-1-108-8-2-2--tied--stop--1,tied,stamp,mn-1-108-8-2-2
mn-1-109-1-1-1--slur--stop--1,slur,stamp,mn-1-109-1-1-1
mn-1-109-1-1-1--staccato--1,staccato,derive,mn-1-109-1-1-1
mn-1-109-1-1-1--staccatissimo--1,staccatissimo,derive,mn-1-109-1-1-1
mn-1-109-1-1-3--slur--start--1,slur,stamp,mn-1-109-1-1-3
mn-1-109-5-2-4--tied--start--1,tied,stamp,mn-1-109-5-2-4
mn-1-109-5-2-5--tied--stop--1,tied,stamp,mn-1-109-5-2-5
mn-1-109-5-2-5--tied--start--2,tied,stamp,mn-1-109-5-2-5
mn-1-109-6-2-1--tied--start--1,tied,stamp,mn-1-109-6-2-1
mn-1-109-7-2-1--tied--start--1,tied,stamp,mn-1-109-7-2-1
mn-1-109-7-2-2--tied--stop--1,tied,stamp,mn-1-109-7-2-2
mn-1-109-7-2-2--tied--start--2,tied,stamp,mn-1-109-7-2-2
mn-1-109-8-2-1--tied--start--1,tied,stamp,mn-1-109-8-2-1
mn-1-109-8-2-2--tied--stop--1,tied,stamp,mn-1-109-8-2-2
mn-1-109-8-2-2--tied--start--2,tied,stamp,mn-1-109-8-2-2
mn-1-110-1-1-1--slur--stop--1,slur,stamp,mn-1-110-1-1-1
mn-1-110-1-1-1--staccato--1,staccato,derive,mn-1-110-1-1-1
mn-1-110-1-1-1--staccatissimo--1,staccatissimo,derive,mn-1-110-1-1-1
mn-1-110-5-2-1--tied--stop--1,tied,stamp,mn-1-110-5-2-1
mn-1-110-5-2-2--slur--start--1,slur,stamp,mn-1-110-5-2-2
mn-1-110-6-2-1--tied--stop--1,tied,stamp,mn-1-110-6-2-1
mn-1-110-7-2-1--tied--stop--1,tied,stamp,mn-1-110-7-2-1
mn-1-110-8-2-1--tied--stop--1,tied,stamp,mn-1-110-8-2-1
mn-1-111-1-1-2--slur--start--1,slur,stamp,mn-1-111-1-1-2
mn-1-111-1-1-5--slur--stop--1,slur,stamp,mn-1-111-1-1-5
mn-1-111-1-1-5--staccato--1,staccato,derive,mn-1-111-1-1-5
mn-1-111-1-1-5--staccatissimo--1,staccatissimo,derive,mn-1-111-1-1-5
mn-1-111-5-2-1--slur--stop--1,slur,stamp,mn-1-111-5-2-1
mn-1-111-5-2-1--staccato--1,staccato,derive,mn-1-111-5-2-1
mn-1-111-5-2-1--staccatissimo--1,staccatissimo,derive,mn-1-111-5-2-1
mn-1-111-5-2-3--slur--start--1,slur,stamp,mn-1-111-5-2-3
mn-1-112-1-1-2--slur--start--1,slur,stamp,mn-1-112-1-1-2
mn-1-112-1-1-5--slur--stop--1,slur,stamp,mn-1-112-1-1-5
mn-1-112-1-1-5--staccato--1,staccato,derive,mn-1-112-1-1-5
mn-1-112-1-1-5--staccatissimo--1,staccatissimo,derive,mn-1-112-1-1-5
mn-1-112-5-2-1--slur--stop--1,slur,stamp,mn-1-112-5-2-1
mn-1-112-5-2-1--staccato--1,staccato,derive,mn-1-112-5-2-1
mn-1-112-5-2-1--staccatissimo--1,staccatissimo,derive,mn-1-112-5-2-1
mn-1-112-5-2-3--slur--start--1,slur,stamp,mn-1-112-5-2-3
mn-1-113-1-1-2--slur--start--1,slur,stamp,mn-1-113-1-1-2
mn-1-113-1-1-5--slur--stop--1,slur,stamp,mn-1-113-1-1-5
mn-1-113-1-1-5--staccato--1,staccato,derive,mn-1-113-1-1-5
mn-1-113-1-1-5--staccatissimo--1,staccatissimo,derive,mn-1-113-1-1-5
mn-1-113-5-2-1--slur--stop--1,slur,stamp,mn-1-113-5-2-1
mn-1-113-5-2-1--staccato--1,staccato,derive,mn-1-113-5-2-1
mn-1-113-5-2-1--staccatissimo--1,staccatissimo,derive,mn-1-113-5-2-1
mn-1-113-5-2-3--slur--start--1,slur,stamp,mn-1-113-5-2-3
mn-1-114-1-1-2--slur--start--1,slur,stamp,mn-1-114-1-1-2
mn-1-114-1-1-4--slur--stop--1,slur,stamp,mn-1-114-1-1-4
mn-1-114-5-2-1--slur--stop--1,slur,stamp,mn-1-114-5-2-1
mn-1-114-5-2-1--staccato--1,staccato,derive,mn-1-114-5-2-1
mn-1-114-5-2-1--staccatissimo--1,staccatissimo,derive,mn-1-114-5-2-1
mn-1-114-5-2-3--slur--start--1,slur,stamp,mn-1-114-5-2-3
mn-1-115-1-1-2--slur--start--1,slur,stamp,mn-1-115-1-1-2
mn-1-115-1-1-5--slur--stop--1,slur,stamp,mn-1-115-1-1-5
mn-1-115-1-1-5--staccato--1,staccato,derive,mn-1-115-1-1-5
mn-1-115-1-1-5--staccatissimo--1,staccatissimo,derive,mn-1-115-1-1-5
mn-1-115-5-2-1--slur--stop--1,slur,stamp,mn-1-115-5-2-1
mn-1-115-5-2-1--staccatissimo--1,staccatissimo,derive,mn-1-115-5-2-1
mn-1-115-5-2-3--slur--start--1,slur,stamp,mn-1-115-5-2-3
mn-1-116-1-1-2--slur--start--1,slur,stamp,mn-1-116-1-1-2
mn-1-116-1-1-5--slur--stop--1,slur,stamp,mn-1-116-1-1-5
mn-1-116-1-1-5--staccato--1,staccato,derive,mn-1-116-1-1-5
mn-1-116-1-1-5--staccatissimo--1,staccatissimo,derive,mn-1-116-1-1-5
mn-1-116-5-2-1--slur--stop--1,slur,stamp,mn-1-116-5-2-1
mn-1-116-5-2-1--staccato--1,staccato,derive,mn-1-116-5-2-1
mn-1-116-5-2-1--staccatissimo--1,staccatissimo,derive,mn-1-116-5-2-1
mn-1-116-5-2-3--slur--start--1,slur,stamp,mn-1-116-5-2-3
mn-1-117-1-1-2--slur--start--1,slur,stamp,mn-1-117-1-1-2
mn-1-117-1-1-5--slur--stop--1,slur,stamp,mn-1-117-1-1-5
mn-1-117-1-1-5--staccato--1,staccato,derive,mn-1-117-1-1-5
mn-1-117-1-1-5--staccatissimo--1,staccatissimo,derive,mn-1-117-1-1-5
mn-1-117-5-2-1--slur--stop--1,slur,stamp,mn-1-117-5-2-1
mn-1-117-5-2-1--staccato--1,staccato,derive,mn-1-117-5-2-1
mn-1-117-5-2-1--staccatissimo--1,staccatissimo,derive,mn-1-117-5-2-1
mn-1-117-5-2-3--slur--start--1,slur,stamp,mn-1-117-5-2-3
mn-1-118-1-1-3--slur--start--1,slur,stamp,mn-1-118-1-1-3
mn-1-118-5-2-3--slur--stop--1,slur,stamp,mn-1-118-5-2-3
mn-1-119-1-1-1--slur--stop--1,slur,stamp,mn-1-119-1-1-1
mn-1-119-1-1-1--staccato--1,staccato,derive,mn-1-119-1-1-1
mn-1-119-1-1-1--staccatissimo--1,staccatissimo,derive,mn-1-119-1-1-1
mn-1-119-1-1-3--slur--start--1,slur,stamp,mn-1-119-1-1-3
mn-1-120-1-1-1--slur--stop--1,slur,stamp,mn-1-120-1-1-1
mn-1-120-1-1-1--staccato--1,staccato,derive,mn-1-120-1-1-1
mn-1-120-1-1-1--staccatissimo--1,staccatissimo,derive,mn-1-120-1-1-1
mn-1-120-1-1-3--slur--start--1,slur,stamp,mn-1-120-1-1-3
mn-1-120-5-2-2--slur--start--1,slur,stamp,mn-1-120-5-2-2
mn-1-120-5-2-5--slur--stop--1,slur,stamp,mn-1-120-5-2-5
mn-1-120-5-2-5--staccato--1,staccato,derive,mn-1-120-5-2-5
mn-1-120-5-2-5--staccatissimo--1,staccatissimo,derive,mn-1-120-5-2-5
mn-1-121-1-1-1--slur--stop--1,slur,stamp,mn-1-121-1-1-1
mn-1-121-1-1-1--staccato--1,staccato,derive,mn-1-121-1-1-1
mn-1-121-1-1-1--staccatissimo--1,staccatissimo,derive,mn-1-121-1-1-1
mn-1-121-1-1-3--slur--start--1,slur,stamp,mn-1-121-1-1-3
mn-1-121-5-2-2--slur--start--1,slur,stamp,mn-1-121-5-2-2
mn-1-121-5-2-5--slur--stop--1,slur,stamp,mn-1-121-5-2-5
mn-1-121-5-2-5--staccato--1,staccato,derive,mn-1-121-5-2-5
mn-1-121-5-2-5--staccatissimo--1,staccatissimo,derive,mn-1-121-5-2-5
mn-1-122-1-1-1--slur--stop--1,slur,stamp,mn-1-122-1-1-1
mn-1-122-1-1-1--staccato--1,staccato,derive,mn-1-122-1-1-1
mn-1-122-1-1-1--staccatissimo--1,staccatissimo,derive,mn-1-122-1-1-1
mn-1-122-1-1-3--slur--start--1,slur,stamp,mn-1-122-1-1-3
mn-1-123-1-1-1--slur--stop--1,slur,stamp,mn-1-123-1-1-1
mn-1-123-1-1-1--staccato--1,staccato,derive,mn-1-123-1-1-1
mn-1-123-1-1-1--staccatissimo--1,staccatissimo,derive,mn-1-123-1-1-1
mn-1-123-1-1-3--slur--start--1,slur,stamp,mn-1-123-1-1-3
mn-1-123-5-2-2--slur--start--1,slur,stamp,mn-1-123-5-2-2
mn-1-123-5-2-4--slur--stop--1,slur,stamp,mn-1-123-5-2-4
mn-1-124-1-1-1--slur--stop--1,slur,stamp,mn-1-124-1-1-1
mn-1-124-1-1-1--staccato--1,staccato,derive,mn-1-124-1-1-1
mn-1-124-1-1-1--staccatissimo--1,staccatissimo,derive,mn-1-124-1-1-1
mn-1-124-1-1-3--slur--start--1,slur,stamp,mn-1-124-1-1-3
mn-1-124-5-2-2--slur--start--1,slur,stamp,mn-1-124-5-2-2
mn-1-124-5-2-4--slur--stop--1,slur,stamp,mn-1-124-5-2-4
mn-1-125-1-1-1--slur--stop--1,slur,stamp,mn-1-125-1-1-1
mn-1-125-1-1-1--staccato--1,staccato,derive,mn-1-125-1-1-1
mn-1-125-1-1-1--staccatissimo--1,staccatissimo,derive,mn-1-125-1-1-1
mn-1-125-1-1-3--slur--start--1,slur,stamp,mn-1-125-1-1-3
mn-1-125-5-2-2--slur--start--1,slur,stamp,mn-1-125-5-2-2
mn-1-125-5-2-4--slur--stop--1,slur,stamp,mn-1-125-5-2-4
mn-1-126-1-1-3--slur--stop--1,slur,stamp,mn-1-126-1-1-3
mn-1-126-5-2-3--slur--start--1,slur,stamp,mn-1-126-5-2-3
mn-1-127-1-1-2--slur--start--1,slur,stamp,mn-1-127-1-1-2
mn-1-127-1-1-5--slur--stop--1,slur,stamp,mn-1-127-1-1-5
mn-1-127-1-1-5--staccato--1,staccato,derive,mn-1-127-1-1-5
mn-1-127-1-1-5--staccatissimo--1,staccatissimo,derive,mn-1-127-1-1-5
mn-1-127-5-2-1--slur--stop--1,slur,stamp,mn-1-127-5-2-1
mn-1-127-5-2-1--staccato--1,staccato,derive,mn-1-127-5-2-1
mn-1-127-5-2-1--staccatissimo--1,staccatissimo,derive,mn-1-127-5-2-1
mn-1-127-5-2-3--slur--start--1,slur,stamp,mn-1-127-5-2-3
mn-1-128-1-1-2--slur--start--1,slur,stamp,mn-1-128-1-1-2
mn-1-128-1-1-5--slur--stop--1,slur,stamp,mn-1-128-1-1-5
mn-1-128-1-1-5--staccato--1,staccato,derive,mn-1-128-1-1-5
mn-1-128-1-1-5--staccatissimo--1,staccatissimo,derive,mn-1-128-1-1-5
mn-1-128-5-2-1--slur--stop--1,slur,stamp,mn-1-128-5-2-1
mn-1-128-5-2-1--staccato--1,staccato,derive,mn-1-128-5-2-1
mn-1-128-5-2-1--staccatissimo--1,staccatissimo,derive,mn-1-128-5-2-1
mn-1-128-5-2-3--slur--start--1,slur,stamp,mn-1-128-5-2-3
mn-1-129-1-1-2--slur--start--1,slur,stamp,mn-1-129-1-1-2
mn-1-129-1-1-5--slur--stop--1,slur,stamp,mn-1-129-1-1-5
mn-1-129-1-1-5--staccato--1,staccato,derive,mn-1-129-1-1-5
mn-1-129-1-1-5--staccatissimo--1,staccatissimo,derive,mn-1-129-1-1-5
mn-1-129-5-2-1--slur--stop--1,slur,stamp,mn-1-129-5-2-1
mn-1-129-5-2-1--staccato--1,staccato,derive,mn-1-129-5-2-1
mn-1-129-5-2-1--staccatissimo--1,staccatissimo,derive,mn-1-129-5-2-1
mn-1-129-5-2-3--slur--start--1,slur,stamp,mn-1-129-5-2-3
mn-1-130-1-1-2--slur--start--1,slur,stamp,mn-1-130-1-1-2
mn-1-130-1-1-4--slur--stop--1,slur,stamp,mn-1-130-1-1-4
mn-1-130-5-2-1--slur--stop--1,slur,stamp,mn-1-130-5-2-1
mn-1-130-5-2-1--staccatissimo--1,staccatissimo,derive,mn-1-130-5-2-1
mn-1-130-5-2-3--slur--start--1,slur,stamp,mn-1-130-5-2-3
mn-1-131-1-1-2--slur--start--1,slur,stamp,mn-1-131-1-1-2
mn-1-131-1-1-5--slur--stop--1,slur,stamp,mn-1-131-1-1-5
mn-1-131-1-1-5--staccato--1,staccato,derive,mn-1-131-1-1-5
mn-1-131-1-1-5--staccatissimo--1,staccatissimo,derive,mn-1-131-1-1-5
mn-1-131-5-2-1--slur--stop--1,slur,stamp,mn-1-131-5-2-1
mn-1-131-5-2-1--staccato--1,staccato,derive,mn-1-131-5-2-1
mn-1-131-5-2-1--staccatissimo--1,staccatissimo,derive,mn-1-131-5-2-1
mn-1-131-5-2-3--slur--start--1,slur,stamp,mn-1-131-5-2-3
mn-1-132-1-1-2--slur--start--1,slur,stamp,mn-1-132-1-1-2
mn-1-132-1-1-5--slur--stop--1,slur,stamp,mn-1-132-1-1-5
mn-1-132-1-1-5--staccato--1,staccato,derive,mn-1-132-1-1-5
mn-1-132-1-1-5--staccatissimo--1,staccatissimo,derive,mn-1-132-1-1-5
mn-1-132-5-2-1--slur--stop--1,slur,stamp,mn-1-132-5-2-1
mn-1-132-5-2-1--staccato--1,staccato,derive,mn-1-132-5-2-1
mn-1-132-5-2-1--staccatissimo--1,staccatissimo,derive,mn-1-132-5-2-1
mn-1-132-5-2-3--slur--start--1,slur,stamp,mn-1-132-5-2-3
mn-1-133-1-1-2--slur--start--1,slur,stamp,mn-1-133-1-1-2
mn-1-133-1-1-5--slur--stop--1,slur,stamp,mn-1-133-1-1-5
mn-1-133-1-1-5--staccato--1,staccato,derive,mn-1-133-1-1-5
mn-1-133-1-1-5--staccatissimo--1,staccatissimo,derive,mn-1-133-1-1-5
mn-1-133-5-2-1--slur--stop--1,slur,stamp,mn-1-133-5-2-1
mn-1-133-5-2-1--staccato--1,staccato,derive,mn-1-133-5-2-1
mn-1-133-5-2-1--staccatissimo--1,staccatissimo,derive,mn-1-133-5-2-1
mn-1-133-5-2-3--slur--start--1,slur,stamp,mn-1-133-5-2-3
mn-1-134-1-1-3--slur--start--1,slur,stamp,mn-1-134-1-1-3
mn-1-134-5-2-3--slur--stop--1,slur,stamp,mn-1-134-5-2-3
mn-1-135-1-1-1--slur--stop--1,slur,stamp,mn-1-135-1-1-1
mn-1-135-1-1-1--staccato--1,staccato,derive,mn-1-135-1-1-1
mn-1-135-1-1-1--staccatissimo--1,staccatissimo,derive,mn-1-135-1-1-1
mn-1-135-1-1-3--slur--start--1,slur,stamp,mn-1-135-1-1-3
mn-1-135-5-2-2--slur--start--1,slur,stamp,mn-1-135-5-2-2
mn-1-135-5-2-4--slur--stop--1,slur,stamp,mn-1-135-5-2-4
mn-1-136-1-1-1--slur--stop--1,slur,stamp,mn-1-136-1-1-1
mn-1-136-1-1-1--staccato--1,staccato,derive,mn-1-136-1-1-1
mn-1-136-1-1-1--staccatissimo--1,staccatissimo,derive,mn-1-136-1-1-1
mn-1-136-1-1-3--slur--start--1,slur,stamp,mn-1-136-1-1-3
mn-1-137-1-1-1--slur--stop--1,slur,stamp,mn-1-137-1-1-1
mn-1-137-1-1-1--staccato--1,staccato,derive,mn-1-137-1-1-1
mn-1-137-1-1-1--staccatissimo--1,staccatissimo,derive,mn-1-137-1-1-1
mn-1-137-1-1-3--slur--start--1,slur,stamp,mn-1-137-1-1-3
mn-1-137-5-2-2--slur--start--1,slur,stamp,mn-1-137-5-2-2
mn-1-137-5-2-4--slur--stop--1,slur,stamp,mn-1-137-5-2-4
mn-1-138-1-1-1--slur--stop--1,slur,stamp,mn-1-138-1-1-1
mn-1-138-1-1-1--staccato--1,staccato,derive,mn-1-138-1-1-1
mn-1-138-1-1-1--staccatissimo--1,staccatissimo,derive,mn-1-138-1-1-1
mn-1-138-1-1-3--slur--start--1,slur,stamp,mn-1-138-1-1-3
mn-1-138-5-2-2--slur--start--1,slur,stamp,mn-1-138-5-2-2
mn-1-138-5-2-4--slur--stop--1,slur,stamp,mn-1-138-5-2-4
md-1-138-1-1,dynamics,md,1
mn-1-139-1-1-1--slur--stop--1,slur,stamp,mn-1-139-1-1-1
mn-1-139-1-1-1--staccato--1,staccato,derive,mn-1-139-1-1-1
mn-1-139-1-1-1--staccatissimo--1,staccatissimo,derive,mn-1-139-1-1-1
mn-1-139-1-1-3--slur--start--1,slur,stamp,mn-1-139-1-1-3
mn-1-140-1-1-1--slur--stop--1,slur,stamp,mn-1-140-1-1-1
mn-1-140-1-1-1--staccato--1,staccato,derive,mn-1-140-1-1-1
mn-1-140-1-1-1--staccatissimo--1,staccatissimo,derive,mn-1-140-1-1-1
mn-1-140-1-1-3--slur--start--1,slur,stamp,mn-1-140-1-1-3
mn-1-140-5-2-2--slur--start--1,slur,stamp,mn-1-140-5-2-2
mn-1-140-5-2-4--slur--stop--1,slur,stamp,mn-1-140-5-2-4
md-1-140-1-1,dynamics,md,1
mn-1-141-1-1-1--slur--stop--1,slur,stamp,mn-1-141-1-1-1
mn-1-141-1-1-1--staccato--1,staccato,derive,mn-1-141-1-1-1
mn-1-141-1-1-1--staccatissimo--1,staccatissimo,derive,mn-1-141-1-1-1
mn-1-141-1-1-3--slur--start--1,slur,stamp,mn-1-141-1-1-3
mn-1-141-5-2-2--slur--start--1,slur,stamp,mn-1-141-5-2-2
mn-1-141-5-2-4--slur--stop--1,slur,stamp,mn-1-141-5-2-4
mn-1-142-1-1-1--slur--stop--1,slur,stamp,mn-1-142-1-1-1
mn-1-142-1-1-1--staccato--1,staccato,derive,mn-1-142-1-1-1
mn-1-142-1-1-1--staccatissimo--1,staccatissimo,derive,mn-1-142-1-1-1
mn-1-142-1-1-3--slur--start--1,slur,stamp,mn-1-142-1-1-3
mn-1-142-5-2-2--slur--start--1,slur,stamp,mn-1-142-5-2-2
mn-1-142-5-2-4--slur--stop--1,slur,stamp,mn-1-142-5-2-4
mn-1-143-1-1-1--slur--stop--1,slur,stamp,mn-1-143-1-1-1
mn-1-143-1-1-1--staccato--1,staccato,derive,mn-1-143-1-1-1
mn-1-143-1-1-1--staccatissimo--1,staccatissimo,derive,mn-1-143-1-1-1
mn-1-143-1-1-3--slur--start--1,slur,stamp,mn-1-143-1-1-3
mn-1-143-5-2-2--slur--start--1,slur,stamp,mn-1-143-5-2-2
mn-1-143-5-2-4--slur--stop--1,slur,stamp,mn-1-143-5-2-4
mn-1-144-1-1-1--slur--stop--1,slur,stamp,mn-1-144-1-1-1
mn-1-144-1-1-1--staccato--1,staccato,derive,mn-1-144-1-1-1
mn-1-144-1-1-1--staccatissimo--1,staccatissimo,derive,mn-1-144-1-1-1
mn-1-144-1-1-3--slur--start--1,slur,stamp,mn-1-144-1-1-3
mn-1-144-5-2-2--slur--start--1,slur,stamp,mn-1-144-5-2-2
mn-1-144-5-2-4--slur--stop--1,slur,stamp,mn-1-144-5-2-4
mn-1-145-1-1-1--slur--stop--1,slur,stamp,mn-1-145-1-1-1
mn-1-145-1-1-1--staccato--1,staccato,derive,mn-1-145-1-1-1
mn-1-145-1-1-1--staccatissimo--1,staccatissimo,derive,mn-1-145-1-1-1
mn-1-145-1-1-3--slur--start--1,slur,stamp,mn-1-145-1-1-3
mn-1-145-5-2-2--slur--start--1,slur,stamp,mn-1-145-5-2-2
mn-1-145-5-2-4--slur--stop--1,slur,stamp,mn-1-145-5-2-4
mn-1-146-1-1-1--slur--stop--1,slur,stamp,mn-1-146-1-1-1
mn-1-146-1-1-3--slur--start--1,slur,stamp,mn-1-146-1-1-3
mn-1-146-5-2-2--slur--start--1,slur,stamp,mn-1-146-5-2-2
mn-1-146-5-2-4--slur--stop--1,slur,stamp,mn-1-146-5-2-4
md-1-146-1-1,dynamics,md,1
mn-1-147-1-1-1--slur--stop--1,slur,stamp,mn-1-147-1-1-1
mn-1-147-1-1-1--staccato--1,staccato,derive,mn-1-147-1-1-1
mn-1-147-1-1-1--staccatissimo--1,staccatissimo,derive,mn-1-147-1-1-1
mn-1-147-1-1-3--slur--start--1,slur,stamp,mn-1-147-1-1-3
mn-1-147-5-2-2--slur--start--1,slur,stamp,mn-1-147-5-2-2
mn-1-147-5-2-4--slur--stop--1,slur,stamp,mn-1-147-5-2-4
mn-1-148-1-1-1--slur--stop--1,slur,stamp,mn-1-148-1-1-1
mn-1-148-1-1-1--staccato--1,staccato,derive,mn-1-148-1-1-1
mn-1-148-1-1-1--staccatissimo--1,staccatissimo,derive,mn-1-148-1-1-1
mn-1-148-1-1-3--slur--start--1,slur,stamp,mn-1-148-1-1-3
mn-1-148-5-2-2--slur--start--1,slur,stamp,mn-1-148-5-2-2
mn-1-148-5-2-4--slur--stop--1,slur,stamp,mn-1-148-5-2-4
md-1-148-1-1,dynamics,md,1
mn-1-149-1-1-1--slur--stop--1,slur,stamp,mn-1-149-1-1-1
mn-1-149-1-1-1--staccato--1,staccato,derive,mn-1-149-1-1-1
mn-1-149-1-1-1--staccatissimo--1,staccatissimo,derive,mn-1-149-1-1-1
mn-1-149-1-1-3--slur--start--1,slur,stamp,mn-1-149-1-1-3
mn-1-149-5-2-2--slur--start--1,slur,stamp,mn-1-149-5-2-2
mn-1-149-5-2-4--slur--stop--1,slur,stamp,mn-1-149-5-2-4
mn-1-150-1-1-1--slur--stop--1,slur,stamp,mn-1-150-1-1-1
mn-1-150-1-1-1--staccato--1,staccato,derive,mn-1-150-1-1-1
mn-1-150-1-1-1--staccatissimo--1,staccatissimo,derive,mn-1-150-1-1-1
mn-1-150-1-1-3--slur--start--1,slur,stamp,mn-1-150-1-1-3
mn-1-150-5-2-2--slur--start--1,slur,stamp,mn-1-150-5-2-2
mn-1-150-5-2-3--slur--stop--1,slur,stamp,mn-1-150-5-2-3
md-1-150-1-1,dynamics,md,1
mn-1-151-1-1-1--slur--stop--1,slur,stamp,mn-1-151-1-1-1
mn-1-151-1-1-1--staccato--1,staccato,derive,mn-1-151-1-1-1
mn-1-151-1-1-1--staccatissimo--1,staccatissimo,derive,mn-1-151-1-1-1
mn-1-151-1-1-3--slur--start--1,slur,stamp,mn-1-151-1-1-3
mn-1-151-6-2-2--tied--start--1,tied,stamp,mn-1-151-6-2-2
mn-1-151-6-2-3--tied--stop--1,tied,stamp,mn-1-151-6-2-3
md-1-151-2-1,dynamics,md,2
mn-1-152-1-1-1--slur--stop--1,slur,stamp,mn-1-152-1-1-1
mn-1-152-1-1-1--staccato--1,staccato,derive,mn-1-152-1-1-1
mn-1-152-1-1-1--staccatissimo--1,staccatissimo,derive,mn-1-152-1-1-1
mn-1-152-1-1-3--slur--start--1,slur,stamp,mn-1-152-1-1-3
mn-1-152-6-2-2--tied--start--1,tied,stamp,mn-1-152-6-2-2
mn-1-152-6-2-3--tied--stop--1,tied,stamp,mn-1-152-6-2-3
mn-1-153-1-1-1--slur--stop--1,slur,stamp,mn-1-153-1-1-1
mn-1-153-1-1-1--staccato--1,staccato,derive,mn-1-153-1-1-1
mn-1-153-1-1-1--staccatissimo--1,staccatissimo,derive,mn-1-153-1-1-1
mn-1-153-1-1-3--slur--start--1,slur,stamp,mn-1-153-1-1-3
mn-1-153-6-2-2--tied--start--1,tied,stamp,mn-1-153-6-2-2
mn-1-153-6-2-3--tied--stop--1,tied,stamp,mn-1-153-6-2-3
mn-1-154-1-1-1--slur--stop--1,slur,stamp,mn-1-154-1-1-1
mn-1-154-1-1-1--staccato--1,staccato,derive,mn-1-154-1-1-1
mn-1-154-1-1-1--staccatissimo--1,staccatissimo,derive,mn-1-154-1-1-1
mn-1-154-1-1-3--slur--start--1,slur,stamp,mn-1-154-1-1-3
mn-1-154-6-2-2--tied--start--1,tied,stamp,mn-1-154-6-2-2
mn-1-154-6-2-3--tied--stop--1,tied,stamp,mn-1-154-6-2-3
mn-1-155-1-1-1--slur--stop--1,slur,stamp,mn-1-155-1-1-1
mn-1-155-1-1-1--staccato--1,staccato,derive,mn-1-155-1-1-1
mn-1-155-1-1-1--staccatissimo--1,staccatissimo,derive,mn-1-155-1-1-1
mn-1-155-1-1-3--slur--start--1,slur,stamp,mn-1-155-1-1-3
mn-1-155-6-2-2--tied--start--1,tied,stamp,mn-1-155-6-2-2
mn-1-155-6-2-3--tied--stop--1,tied,stamp,mn-1-155-6-2-3
mn-1-156-1-1-1--slur--stop--1,slur,stamp,mn-1-156-1-1-1
mn-1-156-1-1-1--staccato--1,staccato,derive,mn-1-156-1-1-1
mn-1-156-1-1-1--staccatissimo--1,staccatissimo,derive,mn-1-156-1-1-1
mn-1-156-1-1-3--slur--start--1,slur,stamp,mn-1-156-1-1-3
mn-1-156-6-2-2--tied--start--1,tied,stamp,mn-1-156-6-2-2
mn-1-156-6-2-3--tied--stop--1,tied,stamp,mn-1-156-6-2-3
mn-1-157-1-1-1--slur--stop--1,slur,stamp,mn-1-157-1-1-1
mn-1-157-1-1-1--staccato--1,staccato,derive,mn-1-157-1-1-1
mn-1-157-1-1-1--staccatissimo--1,staccatissimo,derive,mn-1-157-1-1-1
mn-1-157-1-1-3--slur--start--1,slur,stamp,mn-1-157-1-1-3
mn-1-157-6-2-2--tied--start--1,tied,stamp,mn-1-157-6-2-2
mn-1-157-6-2-3--tied--stop--1,tied,stamp,mn-1-157-6-2-3
mn-1-158-1-1-1--slur--stop--1,slur,stamp,mn-1-158-1-1-1
mn-1-158-1-1-1--staccato--1,staccato,derive,mn-1-158-1-1-1
mn-1-158-1-1-1--staccatissimo--1,staccatissimo,derive,mn-1-158-1-1-1
mn-1-158-1-1-3--slur--start--1,slur,stamp,mn-1-158-1-1-3
mn-1-158-1-1-5--slur--stop--1,slur,stamp,mn-1-158-1-1-5
mn-1-158-6-2-2--tied--start--1,tied,stamp,mn-1-158-6-2-2
mn-1-158-6-2-3--tied--stop--1,tied,stamp,mn-1-158-6-2-3
mn-1-159-1-1-3--slur--start--1,slur,stamp,mn-1-159-1-1-3
mn-1-159-1-1-5--slur--stop--1,slur,stamp,mn-1-159-1-1-5
mn-1-159-6-2-2--tied--start--1,tied,stamp,mn-1-159-6-2-2
mn-1-159-6-2-3--tied--stop--1,tied,stamp,mn-1-159-6-2-3
md-1-159-1-1,dynamics,md,1
mn-1-160-1-1-3--slur--start--1,slur,stamp,mn-1-160-1-1-3
mn-1-160-1-1-5--slur--stop--1,slur,stamp,mn-1-160-1-1-5
mn-1-160-6-2-2--tied--start--1,tied,stamp,mn-1-160-6-2-2
mn-1-160-6-2-3--tied--stop--1,tied,stamp,mn-1-160-6-2-3
mn-1-161-1-1-3--slur--start--1,slur,stamp,mn-1-161-1-1-3
mn-1-161-1-1-5--slur--stop--1,slur,stamp,mn-1-161-1-1-5
mn-1-161-6-2-2--tied--start--1,tied,stamp,mn-1-161-6-2-2
mn-1-161-6-2-3--tied--stop--1,tied,stamp,mn-1-161-6-2-3
mn-1-162-1-1-3--slur--start--1,slur,stamp,mn-1-162-1-1-3
mn-1-162-1-1-5--slur--stop--1,slur,stamp,mn-1-162-1-1-5
mn-1-162-6-2-2--tied--start--1,tied,stamp,mn-1-162-6-2-2
mn-1-162-6-2-3--tied--stop--1,tied,stamp,mn-1-162-6-2-3
mn-1-163-1-1-3--slur--start--1,slur,stamp,mn-1-163-1-1-3
mn-1-163-1-1-5--slur--stop--1,slur,stamp,mn-1-163-1-1-5
mn-1-163-6-2-2--tied--start--1,tied,stamp,mn-1-163-6-2-2
mn-1-163-6-2-3--tied--stop--1,tied,stamp,mn-1-163-6-2-3
mn-1-164-1-1-3--slur--start--1,slur,stamp,mn-1-164-1-1-3
mn-1-164-1-1-5--slur--stop--1,slur,stamp,mn-1-164-1-1-5
mn-1-164-6-2-2--tied--start--1,tied,stamp,mn-1-164-6-2-2
mn-1-164-6-2-3--tied--stop--1,tied,stamp,mn-1-164-6-2-3
mn-1-165-1-1-3--slur--start--1,slur,stamp,mn-1-165-1-1-3
mn-1-165-1-1-5--slur--stop--1,slur,stamp,mn-1-165-1-1-5
mn-1-165-6-2-2--tied--start--1,tied,stamp,mn-1-165-6-2-2
mn-1-165-6-2-3--tied--stop--1,tied,stamp,mn-1-165-6-2-3
mn-1-166-1-1-3--slur--start--1,slur,stamp,mn-1-166-1-1-3
mn-1-166-1-1-5--slur--stop--1,slur,stamp,mn-1-166-1-1-5
mn-1-166-6-2-2--tied--start--1,tied,stamp,mn-1-166-6-2-2
mn-1-166-6-2-3--tied--stop--1,tied,stamp,mn-1-166-6-2-3
mn-1-167-1-1-3--slur--start--1,slur,stamp,mn-1-167-1-1-3
mn-1-167-1-1-5--slur--stop--1,slur,stamp,mn-1-167-1-1-5
mn-1-167-6-2-2--tied--start--1,tied,stamp,mn-1-167-6-2-2
mn-1-167-6-2-3--tied--stop--1,tied,stamp,mn-1-167-6-2-3
mn-1-168-1-1-3--slur--start--1,slur,stamp,mn-1-168-1-1-3
mn-1-168-6-2-2--tied--start--1,tied,stamp,mn-1-168-6-2-2
mn-1-168-6-2-3--tied--stop--1,tied,stamp,mn-1-168-6-2-3
mn-1-169-1-1-1--slur--stop--1,slur,stamp,mn-1-169-1-1-1
mn-1-169-1-1-3--slur--start--1,slur,stamp,mn-1-169-1-1-3
mn-1-169-2-1-3--slur--start--1,slur,stamp,mn-1-169-2-1-3
mn-1-169-6-2-2--tied--start--1,tied,stamp,mn-1-169-6-2-2
mn-1-169-6-2-3--tied--stop--1,tied,stamp,mn-1-169-6-2-3
md-1-169-1-1,dynamics,md,1
mn-1-170-1-1-1--slur--stop--1,slur,stamp,mn-1-170-1-1-1
mn-1-170-1-1-3--slur--start--1,slur,stamp,mn-1-170-1-1-3
mn-1-170-2-1-1--slur--stop--1,slur,stamp,mn-1-170-2-1-1
mn-1-170-2-1-3--slur--start--1,slur,stamp,mn-1-170-2-1-3
mn-1-170-6-2-2--tied--start--1,tied,stamp,mn-1-170-6-2-2
mn-1-170-6-2-3--tied--stop--1,tied,stamp,mn-1-170-6-2-3
md-1-170-1-1,dynamics,md,1
mn-1-171-1-1-1--slur--stop--1,slur,stamp,mn-1-171-1-1-1
mn-1-171-1-1-3--slur--start--1,slur,stamp,mn-1-171-1-1-3
mn-1-171-2-1-1--slur--stop--1,slur,stamp,mn-1-171-2-1-1
mn-1-171-2-1-3--slur--start--1,slur,stamp,mn-1-171-2-1-3
mn-1-171-6-2-2--tied--start--1,tied,stamp,mn-1-171-6-2-2
mn-1-171-6-2-3--tied--stop--1,tied,stamp,mn-1-171-6-2-3
md-1-171-1-1,dynamics,md,1
mn-1-172-1-1-1--slur--stop--1,slur,stamp,mn-1-172-1-1-1
mn-1-172-1-1-3--slur--start--1,slur,stamp,mn-1-172-1-1-3
mn-1-172-2-1-1--slur--stop--1,slur,stamp,mn-1-172-2-1-1
mn-1-172-2-1-3--slur--start--1,slur,stamp,mn-1-172-2-1-3
mn-1-172-6-2-2--tied--start--1,tied,stamp,mn-1-172-6-2-2
mn-1-172-6-2-3--tied--stop--1,tied,stamp,mn-1-172-6-2-3
md-1-172-1-1,dynamics,md,1
mn-1-173-1-1-1--slur--stop--1,slur,stamp,mn-1-173-1-1-1
mn-1-173-2-1-1--slur--stop--1,slur,stamp,mn-1-173-2-1-1
mn-1-173-2-1-4--slur--start--1,slur,stamp,mn-1-173-2-1-4
mn-1-173-5-2-4--tied--start--1,tied,stamp,mn-1-173-5-2-4
mn-1-173-5-2-5--tied--stop--1,tied,stamp,mn-1-173-5-2-5
mn-1-173-6-2-2--tied--start--1,tied,stamp,mn-1-173-6-2-2
mn-1-173-6-2-3--tied--stop--1,tied,stamp,mn-1-173-6-2-3
mn-1-173-8-2-1--tied--start--1,tied,stamp,mn-1-173-8-2-1
mn-1-173-8-2-2--tied--stop--1,tied,stamp,mn-1-173-8-2-2
md-1-173-1-1,dynamics,md,1
mn-1-174-1-1-1--staccatissimo--1,staccatissimo,derive,mn-1-174-1-1-1
mn-1-174-1-1-3--slur--start--1,slur,stamp,mn-1-174-1-1-3
mn-1-174-2-1-1--slur--stop--1,slur,stamp,mn-1-174-2-1-1
mn-1-174-2-1-1--staccato--1,staccato,derive,mn-1-174-2-1-1
mn-1-174-2-1-1--staccatissimo--1,staccatissimo,derive,mn-1-174-2-1-1
mn-1-174-5-2-1--slur--start--1,slur,stamp,mn-1-174-5-2-1
mn-1-174-5-2-2--tied--start--1,tied,stamp,mn-1-174-5-2-2
mn-1-174-5-2-3--tied--stop--1,tied,stamp,mn-1-174-5-2-3
mn-1-174-5-2-3--slur--stop--1,slur,stamp,mn-1-174-5-2-3
mn-1-175-1-1-1--slur--stop--1,slur,stamp,mn-1-175-1-1-1
mn-1-175-1-1-1--staccato--1,staccato,derive,mn-1-175-1-1-1
mn-1-175-1-1-1--staccatissimo--1,staccatissimo,derive,mn-1-175-1-1-1
mn-1-175-1-1-3--slur--start--1,slur,stamp,mn-1-175-1-1-3
mn-1-175-5-2-1--slur--start--1,slur,stamp,mn-1-175-5-2-1
mn-1-175-5-2-2--tied--start--1,tied,stamp,mn-1-175-5-2-2
mn-1-175-5-2-3--tied--stop--1,tied,stamp,mn-1-175-5-2-3
mn-1-175-5-2-3--slur--stop--1,slur,stamp,mn-1-175-5-2-3
mn-1-175-6-2-1--slur--start--1,slur,stamp,mn-1-175-6-2-1
md-1-175-1-1,dynamics,md,1
mn-1-176-1-1-1--slur--stop--1,slur,stamp,mn-1-176-1-1-1
mn-1-176-1-1-1--staccato--1,staccato,derive,mn-1-176-1-1-1
mn-1-176-1-1-1--staccatissimo--1,staccatissimo,derive,mn-1-176-1-1-1
mn-1-176-1-1-3--slur--start--1,slur,stamp,mn-1-176-1-1-3
mn-1-176-5-2-1--slur--start--1,slur,stamp,mn-1-176-5-2-1
mn-1-176-5-2-2--tied--start--1,tied,stamp,mn-1-176-5-2-2
mn-1-176-5-2-3--tied--stop--1,tied,stamp,mn-1-176-5-2-3
mn-1-176-5-2-3--slur--stop--1,slur,stamp,mn-1-176-5-2-3
mn-1-176-6-2-1--slur--stop--1,slur,stamp,mn-1-176-6-2-1
mn-1-177-1-1-1--slur--stop--1,slur,stamp,mn-1-177-1-1-1
mn-1-177-1-1-1--staccato--1,staccato,derive,mn-1-177-1-1-1
mn-1-177-1-1-1--staccatissimo--1,staccatissimo,derive,mn-1-177-1-1-1
mn-1-177-1-1-3--slur--start--1,slur,stamp,mn-1-177-1-1-3
mn-1-177-5-2-4--tied--start--1,tied,stamp,mn-1-177-5-2-4
mn-1-177-5-2-5--tied--stop--1,tied,stamp,mn-1-177-5-2-5
mn-1-177-6-2-2--tied--start--1,tied,stamp,mn-1-177-6-2-2
mn-1-177-6-2-3--tied--stop--1,tied,stamp,mn-1-177-6-2-3
mn-1-177-8-2-1--tied--start--1,tied,stamp,mn-1-177-8-2-1
mn-1-177-8-2-2--tied--stop--1,tied,stamp,mn-1-177-8-2-2
mn-1-178-1-1-1--slur--stop--1,slur,stamp,mn-1-178-1-1-1
mn-1-178-1-1-1--staccato--1,staccato,derive,mn-1-178-1-1-1
mn-1-178-1-1-1--staccatissimo--1,staccatissimo,derive,mn-1-178-1-1-1
mn-1-178-1-1-3--slur--start--1,slur,stamp,mn-1-178-1-1-3
mn-1-178-5-2-1--slur--start--1,slur,stamp,mn-1-178-5-2-1
mn-1-178-5-2-2--tied--start--1,tied,stamp,mn-1-178-5-2-2
mn-1-178-5-2-3--tied--stop--1,tied,stamp,mn-1-178-5-2-3
mn-1-178-5-2-3--slur--stop--1,slur,stamp,mn-1-178-5-2-3
mn-1-179-1-1-1--slur--stop--1,slur,stamp,mn-1-179-1-1-1
mn-1-179-1-1-1--staccato--1,staccato,derive,mn-1-179-1-1-1
mn-1-179-1-1-1--staccatissimo--1,staccatissimo,derive,mn-1-179-1-1-1
mn-1-179-1-1-3--slur--start--1,slur,stamp,mn-1-179-1-1-3
mn-1-179-5-2-1--slur--start--1,slur,stamp,mn-1-179-5-2-1
mn-1-179-5-2-2--tied--start--1,tied,stamp,mn-1-179-5-2-2
mn-1-179-5-2-3--tied--stop--1,tied,stamp,mn-1-179-5-2-3
mn-1-179-5-2-3--slur--stop--1,slur,stamp,mn-1-179-5-2-3
mn-1-179-6-2-1--slur--start--1,slur,stamp,mn-1-179-6-2-1
md-1-179-1-1,dynamics,md,1
mn-1-180-1-1-1--slur--stop--1,slur,stamp,mn-1-180-1-1-1
mn-1-180-1-1-1--staccato--1,staccato,derive,mn-1-180-1-1-1
mn-1-180-1-1-1--staccatissimo--1,staccatissimo,derive,mn-1-180-1-1-1
mn-1-180-1-1-3--slur--start--1,slur,stamp,mn-1-180-1-1-3
mn-1-180-1-1-5--slur--stop--1,slur,stamp,mn-1-180-1-1-5
mn-1-180-5-2-1--slur--start--1,slur,stamp,mn-1-180-5-2-1
mn-1-180-5-2-2--tied--start--1,tied,stamp,mn-1-180-5-2-2
mn-1-180-5-2-3--tied--stop--1,tied,stamp,mn-1-180-5-2-3
mn-1-180-5-2-3--slur--stop--1,slur,stamp,mn-1-180-5-2-3
mn-1-180-6-2-1--slur--stop--1,slur,stamp,mn-1-180-6-2-1
mn-1-181-1-1-1--staccato--1,staccato,derive,mn-1-181-1-1-1
mn-1-181-1-1-1--staccatissimo--1,staccatissimo,derive,mn-1-181-1-1-1
mn-1-181-1-1-3--slur--start--1,slur,stamp,mn-1-181-1-1-3
mn-1-181-5-2-4--tied--start--1,tied,stamp,mn-1-181-5-2-4
mn-1-181-5-2-5--tied--stop--1,tied,stamp,mn-1-181-5-2-5
mn-1-181-6-2-1--tied--start--1,tied,stamp,mn-1-181-6-2-1
mn-1-181-6-2-2--tied--stop--1,tied,stamp,mn-1-181-6-2-2
mn-1-181-7-2-1--tied--start--1,tied,stamp,mn-1-181-7-2-1
mn-1-181-7-2-2--tied--stop--1,tied,stamp,mn-1-181-7-2-2
mn-1-182-1-1-1--slur--stop--1,slur,stamp,mn-1-182-1-1-1
mn-1-182-1-1-1--staccato--1,staccato,derive,mn-1-182-1-1-1
mn-1-182-1-1-1--staccatissimo--1,staccatissimo,derive,mn-1-182-1-1-1
mn-1-182-1-1-3--slur--start--1,slur,stamp,mn-1-182-1-1-3
mn-1-182-5-2-1--slur--start--1,slur,stamp,mn-1-182-5-2-1
mn-1-182-5-2-2--tied--start--1,tied,stamp,mn-1-182-5-2-2
mn-1-182-5-2-3--tied--stop--1,tied,stamp,mn-1-182-5-2-3
mn-1-182-5-2-3--slur--stop--1,slur,stamp,mn-1-182-5-2-3
mn-1-183-1-1-1--slur--stop--1,slur,stamp,mn-1-183-1-1-1
mn-1-183-1-1-1--staccato--1,staccato,derive,mn-1-183-1-1-1
mn-1-183-1-1-1--staccatissimo--1,staccatissimo,derive,mn-1-183-1-1-1
mn-1-183-1-1-3--slur--start--1,slur,stamp,mn-1-183-1-1-3
mn-1-183-5-2-1--slur--start--1,slur,stamp,mn-1-183-5-2-1
mn-1-183-5-2-2--tied--start--1,tied,stamp,mn-1-183-5-2-2
mn-1-183-5-2-3--tied--stop--1,tied,stamp,mn-1-183-5-2-3
mn-1-183-5-2-3--slur--stop--1,slur,stamp,mn-1-183-5-2-3
mn-1-183-6-2-1--slur--start--1,slur,stamp,mn-1-183-6-2-1
mn-1-184-1-1-1--slur--stop--1,slur,stamp,mn-1-184-1-1-1
mn-1-184-1-1-1--staccato--1,staccato,derive,mn-1-184-1-1-1
mn-1-184-1-1-1--staccatissimo--1,staccatissimo,derive,mn-1-184-1-1-1
mn-1-184-1-1-3--slur--start--1,slur,stamp,mn-1-184-1-1-3
mn-1-184-5-2-1--slur--start--1,slur,stamp,mn-1-184-5-2-1
mn-1-184-5-2-2--tied--start--1,tied,stamp,mn-1-184-5-2-2
mn-1-184-5-2-3--tied--stop--1,tied,stamp,mn-1-184-5-2-3
mn-1-184-5-2-3--slur--stop--1,slur,stamp,mn-1-184-5-2-3
mn-1-184-6-2-1--slur--stop--1,slur,stamp,mn-1-184-6-2-1
mn-1-185-1-1-1--slur--stop--1,slur,stamp,mn-1-185-1-1-1
mn-1-185-1-1-1--staccato--1,staccato,derive,mn-1-185-1-1-1
mn-1-185-1-1-1--staccatissimo--1,staccatissimo,derive,mn-1-185-1-1-1
mn-1-185-1-1-3--slur--start--1,slur,stamp,mn-1-185-1-1-3
mn-1-185-5-2-4--tied--start--1,tied,stamp,mn-1-185-5-2-4
mn-1-185-5-2-5--tied--stop--1,tied,stamp,mn-1-185-5-2-5
mn-1-185-6-2-1--tied--start--1,tied,stamp,mn-1-185-6-2-1
mn-1-185-6-2-2--tied--stop--1,tied,stamp,mn-1-185-6-2-2
mn-1-185-7-2-1--tied--start--1,tied,stamp,mn-1-185-7-2-1
mn-1-185-7-2-2--tied--stop--1,tied,stamp,mn-1-185-7-2-2
mn-1-186-1-1-1--slur--stop--1,slur,stamp,mn-1-186-1-1-1
mn-1-186-1-1-3--slur--start--1,slur,stamp,mn-1-186-1-1-3
mn-1-186-5-2-1--slur--start--1,slur,stamp,mn-1-186-5-2-1
mn-1-186-5-2-2--tied--start--1,tied,stamp,mn-1-186-5-2-2
mn-1-186-5-2-3--tied--stop--1,tied,stamp,mn-1-186-5-2-3
mn-1-186-5-2-3--slur--stop--1,slur,stamp,mn-1-186-5-2-3
mn-1-187-1-1-1--slur--stop--1,slur,stamp,mn-1-187-1-1-1
mn-1-187-1-1-1--staccato--1,staccato,derive,mn-1-187-1-1-1
mn-1-187-1-1-1--staccatissimo--1,staccatissimo,derive,mn-1-187-1-1-1
mn-1-187-1-1-3--slur--start--1,slur,stamp,mn-1-187-1-1-3
mn-1-187-5-2-1--slur--start--1,slur,stamp,mn-1-187-5-2-1
mn-1-187-5-2-2--tied--start--1,tied,stamp,mn-1-187-5-2-2
mn-1-187-5-2-3--tied--stop--1,tied,stamp,mn-1-187-5-2-3
mn-1-187-5-2-3--slur--stop--1,slur,stamp,mn-1-187-5-2-3
mn-1-187-6-2-1--slur--start--1,slur,stamp,mn-1-187-6-2-1
md-1-187-1-1,dynamics,md,1
mn-1-188-1-1-1--slur--stop--1,slur,stamp,mn-1-188-1-1-1
mn-1-188-1-1-1--staccato--1,staccato,derive,mn-1-188-1-1-1
mn-1-188-1-1-1--staccatissimo--1,staccatissimo,derive,mn-1-188-1-1-1
mn-1-188-1-1-3--slur--start--1,slur,stamp,mn-1-188-1-1-3
mn-1-188-5-2-1--slur--start--1,slur,stamp,mn-1-188-5-2-1
mn-1-188-5-2-2--tied--start--1,tied,stamp,mn-1-188-5-2-2
mn-1-188-5-2-3--tied--stop--1,tied,stamp,mn-1-188-5-2-3
mn-1-188-5-2-3--slur--stop--1,slur,stamp,mn-1-188-5-2-3
mn-1-188-6-2-1--slur--stop--1,slur,stamp,mn-1-188-6-2-1
mn-1-189-1-1-1--slur--stop--1,slur,stamp,mn-1-189-1-1-1
mn-1-189-1-1-1--staccato--1,staccato,derive,mn-1-189-1-1-1
mn-1-189-1-1-1--staccatissimo--1,staccatissimo,derive,mn-1-189-1-1-1
mn-1-189-1-1-3--slur--start--1,slur,stamp,mn-1-189-1-1-3
mn-1-189-5-2-1--slur--start--1,slur,stamp,mn-1-189-5-2-1
mn-1-189-5-2-2--tied--start--1,tied,stamp,mn-1-189-5-2-2
mn-1-189-5-2-3--tied--stop--1,tied,stamp,mn-1-189-5-2-3
mn-1-189-5-2-3--slur--stop--1,slur,stamp,mn-1-189-5-2-3
mn-1-190-1-1-1--slur--stop--1,slur,stamp,mn-1-190-1-1-1
mn-1-190-1-1-1--staccato--1,staccato,derive,mn-1-190-1-1-1
mn-1-190-1-1-1--staccatissimo--1,staccatissimo,derive,mn-1-190-1-1-1
mn-1-190-1-1-3--slur--start--1,slur,stamp,mn-1-190-1-1-3
mn-1-190-5-2-1--slur--start--1,slur,stamp,mn-1-190-5-2-1
mn-1-190-5-2-2--tied--start--1,tied,stamp,mn-1-190-5-2-2
mn-1-190-5-2-3--tied--stop--1,tied,stamp,mn-1-190-5-2-3
mn-1-190-5-2-3--slur--stop--1,slur,stamp,mn-1-190-5-2-3
mn-1-191-1-1-1--slur--stop--1,slur,stamp,mn-1-191-1-1-1
mn-1-191-1-1-1--staccato--1,staccato,derive,mn-1-191-1-1-1
mn-1-191-1-1-1--staccatissimo--1,staccatissimo,derive,mn-1-191-1-1-1
mn-1-191-1-1-3--slur--start--1,slur,stamp,mn-1-191-1-1-3
mn-1-191-5-2-1--slur--start--1,slur,stamp,mn-1-191-5-2-1
mn-1-191-5-2-2--tied--start--1,tied,stamp,mn-1-191-5-2-2
mn-1-191-5-2-3--tied--stop--1,tied,stamp,mn-1-191-5-2-3
mn-1-191-5-2-3--slur--stop--1,slur,stamp,mn-1-191-5-2-3
md-1-191-1-1,dynamics,md,1
mn-1-192-1-1-1--slur--stop--1,slur,stamp,mn-1-192-1-1-1
mn-1-192-1-1-1--staccato--1,staccato,derive,mn-1-192-1-1-1
mn-1-192-1-1-1--staccatissimo--1,staccatissimo,derive,mn-1-192-1-1-1
mn-1-192-1-1-3--slur--start--1,slur,stamp,mn-1-192-1-1-3
mn-1-192-5-2-1--slur--start--1,slur,stamp,mn-1-192-5-2-1
mn-1-192-5-2-2--tied--start--1,tied,stamp,mn-1-192-5-2-2
mn-1-192-5-2-3--tied--stop--1,tied,stamp,mn-1-192-5-2-3
mn-1-192-5-2-3--slur--stop--1,slur,stamp,mn-1-192-5-2-3
mn-1-193-1-1-1--slur--stop--1,slur,stamp,mn-1-193-1-1-1
mn-1-193-1-1-1--staccato--1,staccato,derive,mn-1-193-1-1-1
mn-1-193-1-1-1--staccatissimo--1,staccatissimo,derive,mn-1-193-1-1-1
mn-1-193-1-1-3--slur--start--1,slur,stamp,mn-1-193-1-1-3
mn-1-193-5-2-1--slur--start--1,slur,stamp,mn-1-193-5-2-1
mn-1-193-5-2-2--tied--start--1,tied,stamp,mn-1-193-5-2-2
mn-1-193-5-2-3--tied--stop--1,tied,stamp,mn-1-193-5-2-3
mn-1-193-5-2-3--slur--stop--1,slur,stamp,mn-1-193-5-2-3
mn-1-194-1-1-1--slur--stop--1,slur,stamp,mn-1-194-1-1-1
mn-1-194-1-1-1--staccato--1,staccato,derive,mn-1-194-1-1-1
mn-1-194-1-1-1--staccatissimo--1,staccatissimo,derive,mn-1-194-1-1-1
mn-1-194-1-1-3--slur--start--1,slur,stamp,mn-1-194-1-1-3
mn-1-194-5-2-1--slur--start--1,slur,stamp,mn-1-194-5-2-1
mn-1-194-5-2-2--tied--start--1,tied,stamp,mn-1-194-5-2-2
mn-1-194-5-2-3--tied--stop--1,tied,stamp,mn-1-194-5-2-3
mn-1-194-5-2-3--slur--stop--1,slur,stamp,mn-1-194-5-2-3
mn-1-195-1-1-1--slur--stop--1,slur,stamp,mn-1-195-1-1-1
mn-1-195-1-1-1--staccato--1,staccato,derive,mn-1-195-1-1-1
mn-1-195-1-1-1--staccatissimo--1,staccatissimo,derive,mn-1-195-1-1-1
mn-1-195-1-1-3--slur--start--1,slur,stamp,mn-1-195-1-1-3
mn-1-195-5-2-1--slur--start--1,slur,stamp,mn-1-195-5-2-1
mn-1-195-5-2-2--tied--start--1,tied,stamp,mn-1-195-5-2-2
mn-1-195-5-2-3--tied--stop--1,tied,stamp,mn-1-195-5-2-3
mn-1-195-5-2-3--slur--stop--1,slur,stamp,mn-1-195-5-2-3
md-1-195-1-1,dynamics,md,1
mn-1-196-1-1-1--slur--stop--1,slur,stamp,mn-1-196-1-1-1
mn-1-196-1-1-1--staccato--1,staccato,derive,mn-1-196-1-1-1
mn-1-196-1-1-1--staccatissimo--1,staccatissimo,derive,mn-1-196-1-1-1
mn-1-196-1-1-3--slur--start--1,slur,stamp,mn-1-196-1-1-3
mn-1-196-5-2-1--slur--start--1,slur,stamp,mn-1-196-5-2-1
mn-1-196-5-2-2--tied--start--1,tied,stamp,mn-1-196-5-2-2
mn-1-196-5-2-3--tied--stop--1,tied,stamp,mn-1-196-5-2-3
mn-1-196-5-2-3--slur--stop--1,slur,stamp,mn-1-196-5-2-3
mn-1-197-1-1-1--slur--stop--1,slur,stamp,mn-1-197-1-1-1
mn-1-197-1-1-1--staccato--1,staccato,derive,mn-1-197-1-1-1
mn-1-197-1-1-1--staccatissimo--1,staccatissimo,derive,mn-1-197-1-1-1
mn-1-197-1-1-3--slur--start--1,slur,stamp,mn-1-197-1-1-3
mn-1-197-5-2-1--slur--start--1,slur,stamp,mn-1-197-5-2-1
mn-1-197-5-2-2--tied--start--1,tied,stamp,mn-1-197-5-2-2
mn-1-197-5-2-3--tied--stop--1,tied,stamp,mn-1-197-5-2-3
mn-1-197-5-2-3--slur--stop--1,slur,stamp,mn-1-197-5-2-3
md-1-197-1-1,dynamics,md,1
mn-1-198-1-1-1--slur--stop--1,slur,stamp,mn-1-198-1-1-1
mn-1-198-1-1-1--staccato--1,staccato,derive,mn-1-198-1-1-1
mn-1-198-1-1-1--staccatissimo--1,staccatissimo,derive,mn-1-198-1-1-1
mn-1-198-1-1-3--slur--start--1,slur,stamp,mn-1-198-1-1-3
mn-1-198-1-1-5--slur--stop--1,slur,stamp,mn-1-198-1-1-5
mn-1-198-5-2-1--slur--start--1,slur,stamp,mn-1-198-5-2-1
mn-1-198-5-2-2--tied--start--1,tied,stamp,mn-1-198-5-2-2
mn-1-198-5-2-3--tied--stop--1,tied,stamp,mn-1-198-5-2-3
mn-1-198-5-2-3--slur--stop--1,slur,stamp,mn-1-198-5-2-3
mn-1-199-1-1-1--slur--start--1,slur,stamp,mn-1-199-1-1-1
md-1-199-1-1,dynamics,md,1
mn-1-200-1-1-6--slur--stop--1,slur,stamp,mn-1-200-1-1-6
mn-1-201-1-1-1--slur--start--1,slur,stamp,mn-1-201-1-1-1
md-1-201-1-1,dynamics,md,1
mn-1-202-1-1-6--slur--stop--1,slur,stamp,mn-1-202-1-1-6
mn-1-203-1-1-1--slur--start--1,slur,stamp,mn-1-203-1-1-1
md-1-203-1-1,dynamics,md,1
mn-1-204-1-1-6--slur--stop--1,slur,stamp,mn-1-204-1-1-6
mn-1-205-1-1-1--slur--start--1,slur,stamp,mn-1-205-1-1-1
md-1-205-1-1,dynamics,md,1
mn-1-206-1-1-6--slur--stop--1,slur,stamp,mn-1-206-1-1-6
mn-1-207-1-1-1--slur--start--1,slur,stamp,mn-1-207-1-1-1
md-1-207-1-1,dynamics,md,1
mn-1-208-1-1-6--slur--stop--1,slur,stamp,mn-1-208-1-1-6
mn-1-209-1-1-1--slur--start--1,slur,stamp,mn-1-209-1-1-1
md-1-209-1-1,dynamics,md,1
mn-1-210-1-1-6--slur--stop--1,slur,stamp,mn-1-210-1-1-6
mn-1-211-1-1-1--slur--start--1,slur,stamp,mn-1-211-1-1-1
md-1-211-1-1,dynamics,md,1
md-1-212-1-1,dynamics,md,1
md-1-213-1-1,dynamics,md,1
mn-1-215-1-1-1--slur--stop--1,slur,stamp,mn-1-215-1-1-1
mn-1-215-1-1-1--staccato--1,staccato,derive,mn-1-215-1-1-1
mn-1-215-1-1-1--staccatissimo--1,staccatissimo,derive,mn-1-215-1-1-1
mn-1-215-1-1-3--slur--start--1,slur,stamp,mn-1-215-1-1-3
mn-1-215-6-2-2--tied--start--1,tied,stamp,mn-1-215-6-2-2
mn-1-215-6-2-3--tied--stop--1,tied,stamp,mn-1-215-6-2-3
md-1-215-1-1,dynamics,md,1
mn-1-216-1-1-1--slur--stop--1,slur,stamp,mn-1-216-1-1-1
mn-1-216-1-1-1--staccato--1,staccato,derive,mn-1-216-1-1-1
mn-1-216-1-1-1--staccatissimo--1,staccatissimo,derive,mn-1-216-1-1-1
mn-1-216-1-1-3--slur--start--1,slur,stamp,mn-1-216-1-1-3
mn-1-216-6-2-2--tied--start--1,tied,stamp,mn-1-216-6-2-2
mn-1-216-6-2-3--tied--stop--1,tied,stamp,mn-1-216-6-2-3
mn-1-217-1-1-1--slur--stop--1,slur,stamp,mn-1-217-1-1-1
mn-1-217-1-1-1--staccato--1,staccato,derive,mn-1-217-1-1-1
mn-1-217-1-1-1--staccatissimo--1,staccatissimo,derive,mn-1-217-1-1-1
mn-1-217-1-1-3--slur--start--1,slur,stamp,mn-1-217-1-1-3
mn-1-217-6-2-2--tied--start--1,tied,stamp,mn-1-217-6-2-2
mn-1-217-6-2-3--tied--stop--1,tied,stamp,mn-1-217-6-2-3
mn-1-218-1-1-1--slur--stop--1,slur,stamp,mn-1-218-1-1-1
mn-1-218-1-1-1--staccato--1,staccato,derive,mn-1-218-1-1-1
mn-1-218-1-1-1--staccatissimo--1,staccatissimo,derive,mn-1-218-1-1-1
mn-1-218-1-1-3--slur--start--1,slur,stamp,mn-1-218-1-1-3
mn-1-218-6-2-2--tied--start--1,tied,stamp,mn-1-218-6-2-2
mn-1-218-6-2-3--tied--stop--1,tied,stamp,mn-1-218-6-2-3
mn-1-219-1-1-1--slur--stop--1,slur,stamp,mn-1-219-1-1-1
mn-1-219-1-1-1--staccato--1,staccato,derive,mn-1-219-1-1-1
mn-1-219-1-1-1--staccatissimo--1,staccatissimo,derive,mn-1-219-1-1-1
mn-1-219-1-1-3--slur--start--1,slur,stamp,mn-1-219-1-1-3
mn-1-219-6-2-2--tied--start--1,tied,stamp,mn-1-219-6-2-2
mn-1-219-6-2-3--tied--stop--1,tied,stamp,mn-1-219-6-2-3
mn-1-220-1-1-1--slur--stop--1,slur,stamp,mn-1-220-1-1-1
mn-1-220-1-1-1--staccato--1,staccato,derive,mn-1-220-1-1-1
mn-1-220-1-1-1--staccatissimo--1,staccatissimo,derive,mn-1-220-1-1-1
mn-1-220-1-1-3--slur--start--1,slur,stamp,mn-1-220-1-1-3
mn-1-220-6-2-2--tied--start--1,tied,stamp,mn-1-220-6-2-2
mn-1-220-6-2-3--tied--stop--1,tied,stamp,mn-1-220-6-2-3
mn-1-221-1-1-1--slur--stop--1,slur,stamp,mn-1-221-1-1-1
mn-1-221-1-1-1--staccato--1,staccato,derive,mn-1-221-1-1-1
mn-1-221-1-1-1--staccatissimo--1,staccatissimo,derive,mn-1-221-1-1-1
mn-1-221-1-1-3--slur--start--1,slur,stamp,mn-1-221-1-1-3
mn-1-221-6-2-2--tied--start--1,tied,stamp,mn-1-221-6-2-2
mn-1-221-6-2-3--tied--stop--1,tied,stamp,mn-1-221-6-2-3
mn-1-222-1-1-1--slur--stop--1,slur,stamp,mn-1-222-1-1-1
mn-1-222-1-1-1--staccato--1,staccato,derive,mn-1-222-1-1-1
mn-1-222-1-1-1--staccatissimo--1,staccatissimo,derive,mn-1-222-1-1-1
mn-1-222-1-1-3--slur--start--1,slur,stamp,mn-1-222-1-1-3
mn-1-222-6-2-2--tied--start--1,tied,stamp,mn-1-222-6-2-2
mn-1-222-6-2-3--tied--stop--1,tied,stamp,mn-1-222-6-2-3
md-1-222-1-1,dynamics,md,1
mn-1-223-1-1-1--slur--stop--1,slur,stamp,mn-1-223-1-1-1
mn-1-223-1-1-1--staccato--1,staccato,derive,mn-1-223-1-1-1
mn-1-223-1-1-1--staccatissimo--1,staccatissimo,derive,mn-1-223-1-1-1
mn-1-223-1-1-3--slur--start--1,slur,stamp,mn-1-223-1-1-3
mn-1-223-5-2-1--slur--start--1,slur,stamp,mn-1-223-5-2-1
mn-1-223-5-2-2--tied--start--1,tied,stamp,mn-1-223-5-2-2
mn-1-223-5-2-3--tied--stop--1,tied,stamp,mn-1-223-5-2-3
mn-1-223-5-2-3--slur--stop--1,slur,stamp,mn-1-223-5-2-3
mn-1-224-1-1-1--slur--stop--1,slur,stamp,mn-1-224-1-1-1
mn-1-224-1-1-1--staccato--1,staccato,derive,mn-1-224-1-1-1
mn-1-224-1-1-1--staccatissimo--1,staccatissimo,derive,mn-1-224-1-1-1
mn-1-224-1-1-3--slur--start--1,slur,stamp,mn-1-224-1-1-3
mn-1-224-5-2-1--slur--start--1,slur,stamp,mn-1-224-5-2-1
mn-1-224-5-2-2--tied--start--1,tied,stamp,mn-1-224-5-2-2
mn-1-224-5-2-3--tied--stop--1,tied,stamp,mn-1-224-5-2-3
mn-1-224-5-2-3--slur--stop--1,slur,stamp,mn-1-224-5-2-3
mn-1-225-1-1-1--slur--stop--1,slur,stamp,mn-1-225-1-1-1
mn-1-225-1-1-1--staccato--1,staccato,derive,mn-1-225-1-1-1
mn-1-225-1-1-1--staccatissimo--1,staccatissimo,derive,mn-1-225-1-1-1
mn-1-225-1-1-3--slur--start--1,slur,stamp,mn-1-225-1-1-3
mn-1-225-5-2-1--slur--start--1,slur,stamp,mn-1-225-5-2-1
mn-1-225-5-2-2--tied--start--1,tied,stamp,mn-1-225-5-2-2
mn-1-225-5-2-3--tied--stop--1,tied,stamp,mn-1-225-5-2-3
mn-1-225-5-2-3--slur--stop--1,slur,stamp,mn-1-225-5-2-3
md-1-225-1-1,dynamics,md,1
mn-1-226-1-1-1--slur--stop--1,slur,stamp,mn-1-226-1-1-1
mn-1-226-1-1-1--staccato--1,staccato,derive,mn-1-226-1-1-1
mn-1-226-1-1-1--staccatissimo--1,staccatissimo,derive,mn-1-226-1-1-1
mn-1-226-1-1-3--slur--start--1,slur,stamp,mn-1-226-1-1-3
mn-1-226-5-2-1--slur--start--1,slur,stamp,mn-1-226-5-2-1
mn-1-226-5-2-2--tied--start--1,tied,stamp,mn-1-226-5-2-2
mn-1-226-5-2-3--tied--stop--1,tied,stamp,mn-1-226-5-2-3
mn-1-226-5-2-3--slur--stop--1,slur,stamp,mn-1-226-5-2-3
mn-1-227-1-1-1--slur--stop--1,slur,stamp,mn-1-227-1-1-1
mn-1-227-1-1-1--staccato--1,staccato,derive,mn-1-227-1-1-1
mn-1-227-1-1-1--staccatissimo--1,staccatissimo,derive,mn-1-227-1-1-1
mn-1-227-1-1-3--slur--start--1,slur,stamp,mn-1-227-1-1-3
mn-1-227-5-2-1--slur--start--1,slur,stamp,mn-1-227-5-2-1
mn-1-227-5-2-2--tied--start--1,tied,stamp,mn-1-227-5-2-2
mn-1-227-5-2-3--tied--stop--1,tied,stamp,mn-1-227-5-2-3
mn-1-227-5-2-3--slur--stop--1,slur,stamp,mn-1-227-5-2-3
md-1-227-1-1,dynamics,md,1
md-1-227-1-2,dynamics,md,1
mn-1-228-1-1-1--slur--stop--1,slur,stamp,mn-1-228-1-1-1
mn-1-228-1-1-1--staccato--1,staccato,derive,mn-1-228-1-1-1
mn-1-228-1-1-1--staccatissimo--1,staccatissimo,derive,mn-1-228-1-1-1
mn-1-228-1-1-3--slur--start--1,slur,stamp,mn-1-228-1-1-3
mn-1-228-5-2-4--tied--start--1,tied,stamp,mn-1-228-5-2-4
mn-1-228-5-2-5--tied--stop--1,tied,stamp,mn-1-228-5-2-5
mn-1-228-7-2-2--tied--start--1,tied,stamp,mn-1-228-7-2-2
mn-1-228-7-2-3--tied--stop--1,tied,stamp,mn-1-228-7-2-3
mn-1-228-8-2-2--tied--start--1,tied,stamp,mn-1-228-8-2-2
mn-1-228-8-2-3--tied--stop--1,tied,stamp,mn-1-228-8-2-3
mn-1-229-1-1-1--slur--stop--1,slur,stamp,mn-1-229-1-1-1
mn-1-229-1-1-1--staccato--1,staccato,derive,mn-1-229-1-1-1
mn-1-229-1-1-1--staccatissimo--1,staccatissimo,derive,mn-1-229-1-1-1
md-1-229-1-1,dynamics,md,1
mn-1-231-1-1-1--staccato--1,staccato,derive,mn-1-231-1-1-1
mn-1-231-1-1-1--staccatissimo--1,staccatissimo,derive,mn-1-231-1-1-1
mn-1-231-1-1-3--slur--start--1,slur,stamp,mn-1-231-1-1-3
mn-1-231-5-2-1--slur--start--1,slur,stamp,mn-1-231-5-2-1
mn-1-231-5-2-2--tied--start--1,tied,stamp,mn-1-231-5-2-2
mn-1-231-5-2-3--tied--stop--1,tied,stamp,mn-1-231-5-2-3
mn-1-231-5-2-3--slur--stop--1,slur,stamp,mn-1-231-5-2-3
md-1-231-1-1,dynamics,md,1
md-1-231-1-2,dynamics,md,1
mn-1-232-1-1-1--slur--stop--1,slur,stamp,mn-1-232-1-1-1
mn-1-232-1-1-1--staccato--1,staccato,derive,mn-1-232-1-1-1
mn-1-232-1-1-1--staccatissimo--1,staccatissimo,derive,mn-1-232-1-1-1
mn-1-232-1-1-3--slur--start--1,slur,stamp,mn-1-232-1-1-3
mn-1-232-5-2-1--slur--start--1,slur,stamp,mn-1-232-5-2-1
mn-1-232-5-2-2--tied--start--1,tied,stamp,mn-1-232-5-2-2
mn-1-232-5-2-3--tied--stop--1,tied,stamp,mn-1-232-5-2-3
mn-1-232-5-2-3--slur--stop--1,slur,stamp,mn-1-232-5-2-3
mn-1-233-1-1-1--slur--stop--1,slur,stamp,mn-1-233-1-1-1
mn-1-233-1-1-1--staccato--1,staccato,derive,mn-1-233-1-1-1
mn-1-233-1-1-1--staccatissimo--1,staccatissimo,derive,mn-1-233-1-1-1
mn-1-233-1-1-3--slur--start--1,slur,stamp,mn-1-233-1-1-3
mn-1-233-5-2-1--slur--start--1,slur,stamp,mn-1-233-5-2-1
mn-1-233-5-2-2--tied--start--1,tied,stamp,mn-1-233-5-2-2
mn-1-233-5-2-3--tied--stop--1,tied,stamp,mn-1-233-5-2-3
mn-1-233-5-2-3--slur--stop--1,slur,stamp,mn-1-233-5-2-3
mn-1-234-1-1-1--slur--stop--1,slur,stamp,mn-1-234-1-1-1
mn-1-234-1-1-1--staccato--1,staccato,derive,mn-1-234-1-1-1
mn-1-234-1-1-1--staccatissimo--1,staccatissimo,derive,mn-1-234-1-1-1
mn-1-234-1-1-3--slur--start--1,slur,stamp,mn-1-234-1-1-3
mn-1-234-5-2-1--slur--start--1,slur,stamp,mn-1-234-5-2-1
mn-1-234-5-2-2--tied--start--1,tied,stamp,mn-1-234-5-2-2
mn-1-234-5-2-3--tied--stop--1,tied,stamp,mn-1-234-5-2-3
mn-1-234-5-2-3--slur--stop--1,slur,stamp,mn-1-234-5-2-3
mn-1-235-1-1-1--slur--stop--1,slur,stamp,mn-1-235-1-1-1
mn-1-235-1-1-1--staccato--1,staccato,derive,mn-1-235-1-1-1
mn-1-235-1-1-1--staccatissimo--1,staccatissimo,derive,mn-1-235-1-1-1
mn-1-235-1-1-3--slur--start--1,slur,stamp,mn-1-235-1-1-3
mn-1-235-5-2-1--slur--start--1,slur,stamp,mn-1-235-5-2-1
mn-1-235-5-2-2--tied--start--1,tied,stamp,mn-1-235-5-2-2
mn-1-235-5-2-3--tied--stop--1,tied,stamp,mn-1-235-5-2-3
mn-1-235-5-2-3--slur--stop--1,slur,stamp,mn-1-235-5-2-3
md-1-235-1-1,dynamics,md,1
mn-1-236-1-1-1--slur--stop--1,slur,stamp,mn-1-236-1-1-1
mn-1-236-1-1-1--staccato--1,staccato,derive,mn-1-236-1-1-1
mn-1-236-1-1-1--staccatissimo--1,staccatissimo,derive,mn-1-236-1-1-1
mn-1-236-1-1-3--slur--start--1,slur,stamp,mn-1-236-1-1-3
mn-1-236-5-2-1--slur--start--1,slur,stamp,mn-1-236-5-2-1
mn-1-236-5-2-2--tied--start--1,tied,stamp,mn-1-236-5-2-2
mn-1-236-5-2-3--tied--stop--1,tied,stamp,mn-1-236-5-2-3
mn-1-236-5-2-3--slur--stop--1,slur,stamp,mn-1-236-5-2-3
md-1-236-1-1,dynamics,md,1
mn-1-237-1-1-1--slur--stop--1,slur,stamp,mn-1-237-1-1-1
mn-1-237-1-1-1--staccato--1,staccato,derive,mn-1-237-1-1-1
mn-1-237-1-1-1--staccatissimo--1,staccatissimo,derive,mn-1-237-1-1-1
mn-1-237-1-1-3--slur--start--1,slur,stamp,mn-1-237-1-1-3
mn-1-237-5-2-1--slur--start--1,slur,stamp,mn-1-237-5-2-1
mn-1-237-5-2-2--tied--start--1,tied,stamp,mn-1-237-5-2-2
mn-1-237-5-2-3--tied--stop--1,tied,stamp,mn-1-237-5-2-3
mn-1-237-5-2-3--slur--stop--1,slur,stamp,mn-1-237-5-2-3
md-1-237-1-1,dynamics,md,1
mn-1-238-1-1-1--slur--stop--1,slur,stamp,mn-1-238-1-1-1
mn-1-238-1-1-1--staccato--1,staccato,derive,mn-1-238-1-1-1
mn-1-238-1-1-1--staccatissimo--1,staccatissimo,derive,mn-1-238-1-1-1
mn-1-238-1-1-3--slur--start--1,slur,stamp,mn-1-238-1-1-3
mn-1-238-5-2-1--slur--start--1,slur,stamp,mn-1-238-5-2-1
mn-1-238-5-2-2--tied--start--1,tied,stamp,mn-1-238-5-2-2
mn-1-238-5-2-3--tied--stop--1,tied,stamp,mn-1-238-5-2-3
mn-1-238-5-2-3--slur--stop--1,slur,stamp,mn-1-238-5-2-3
mn-1-239-1-1-1--slur--stop--1,slur,stamp,mn-1-239-1-1-1
mn-1-239-1-1-1--staccato--1,staccato,derive,mn-1-239-1-1-1
mn-1-239-1-1-1--staccatissimo--1,staccatissimo,derive,mn-1-239-1-1-1
mn-1-239-1-1-3--slur--start--1,slur,stamp,mn-1-239-1-1-3
mn-1-239-5-2-1--slur--start--1,slur,stamp,mn-1-239-5-2-1
mn-1-239-5-2-2--tied--start--1,tied,stamp,mn-1-239-5-2-2
mn-1-239-5-2-3--tied--stop--1,tied,stamp,mn-1-239-5-2-3
mn-1-239-5-2-3--slur--stop--1,slur,stamp,mn-1-239-5-2-3
md-1-239-1-1,dynamics,md,1
md-1-239-1-2,dynamics,md,1
mn-1-240-1-1-1--slur--stop--1,slur,stamp,mn-1-240-1-1-1
mn-1-240-1-1-1--staccato--1,staccato,derive,mn-1-240-1-1-1
mn-1-240-1-1-1--staccatissimo--1,staccatissimo,derive,mn-1-240-1-1-1
mn-1-240-1-1-3--slur--start--1,slur,stamp,mn-1-240-1-1-3
mn-1-240-5-2-1--slur--start--1,slur,stamp,mn-1-240-5-2-1
mn-1-240-5-2-2--tied--start--1,tied,stamp,mn-1-240-5-2-2
mn-1-240-5-2-3--tied--stop--1,tied,stamp,mn-1-240-5-2-3
mn-1-240-5-2-3--slur--stop--1,slur,stamp,mn-1-240-5-2-3
mn-1-241-1-1-1--slur--stop--1,slur,stamp,mn-1-241-1-1-1
mn-1-241-1-1-1--staccato--1,staccato,derive,mn-1-241-1-1-1
mn-1-241-1-1-1--staccatissimo--1,staccatissimo,derive,mn-1-241-1-1-1
mn-1-241-1-1-3--slur--start--1,slur,stamp,mn-1-241-1-1-3
mn-1-241-5-2-1--slur--start--1,slur,stamp,mn-1-241-5-2-1
mn-1-241-5-2-2--tied--start--1,tied,stamp,mn-1-241-5-2-2
mn-1-241-5-2-3--tied--stop--1,tied,stamp,mn-1-241-5-2-3
mn-1-241-5-2-3--slur--stop--1,slur,stamp,mn-1-241-5-2-3
mn-1-242-1-1-1--slur--stop--1,slur,stamp,mn-1-242-1-1-1
mn-1-242-1-1-1--staccato--1,staccato,derive,mn-1-242-1-1-1
mn-1-242-1-1-1--staccatissimo--1,staccatissimo,derive,mn-1-242-1-1-1
mn-1-242-5-2-1--slur--start--1,slur,stamp,mn-1-242-5-2-1
mn-1-242-5-2-3--slur--stop--1,slur,stamp,mn-1-242-5-2-3
mn-1-242-5-2-4--slur--start--1,slur,stamp,mn-1-242-5-2-4
mn-1-243-1-2-1--slur--start--1,slur,stamp,mn-1-243-1-2-1
mn-1-243-1-2-4--slur--stop--1,slur,stamp,mn-1-243-1-2-4
mn-1-243-1-2-4--staccato--1,staccato,derive,mn-1-243-1-2-4
mn-1-243-1-2-4--staccatissimo--1,staccatissimo,derive,mn-1-243-1-2-4
mn-1-243-5-2-1--slur--stop--1,slur,stamp,mn-1-243-5-2-1
mn-1-243-5-2-1--staccato--1,staccato,derive,mn-1-243-5-2-1
mn-1-243-5-2-1--staccatissimo--1,staccatissimo,derive,mn-1-243-5-2-1
mn-1-243-5-2-3--slur--start--1,slur,stamp,mn-1-243-5-2-3
md-1-243-1-1,dynamics,md,1
mn-1-244-1-2-1--slur--start--1,slur,stamp,mn-1-244-1-2-1
mn-1-244-1-2-4--slur--stop--1,slur,stamp,mn-1-244-1-2-4
mn-1-244-1-2-4--staccato--1,staccato,derive,mn-1-244-1-2-4
mn-1-244-1-2-4--staccatissimo--1,staccatissimo,derive,mn-1-244-1-2-4
mn-1-244-5-2-1--slur--stop--1,slur,stamp,mn-1-244-5-2-1
mn-1-244-5-2-1--staccato--1,staccato,derive,mn-1-244-5-2-1
mn-1-244-5-2-1--staccatissimo--1,staccatissimo,derive,mn-1-244-5-2-1
mn-1-244-5-2-3--slur--start--1,slur,stamp,mn-1-244-5-2-3
mn-1-245-1-2-1--slur--start--1,slur,stamp,mn-1-245-1-2-1
mn-1-245-1-2-4--slur--stop--1,slur,stamp,mn-1-245-1-2-4
mn-1-245-1-2-4--staccato--1,staccato,derive,mn-1-245-1-2-4
mn-1-245-1-2-4--staccatissimo--1,staccatissimo,derive,mn-1-245-1-2-4
mn-1-245-5-2-1--slur--stop--1,slur,stamp,mn-1-245-5-2-1
mn-1-245-5-2-1--staccato--1,staccato,derive,mn-1-245-5-2-1
mn-1-245-5-2-1--staccatissimo--1,staccatissimo,derive,mn-1-245-5-2-1
mn-1-245-5-2-3--slur--start--1,slur,stamp,mn-1-245-5-2-3
mn-1-246-5-2-1--slur--stop--1,slur,stamp,mn-1-246-5-2-1
md-1-246-2-1,dynamics,md,2
mn-1-247-5-2-1--staccato--1,staccato,derive,mn-1-247-5-2-1
mn-1-247-5-2-1--staccatissimo--1,staccatissimo,derive,mn-1-247-5-2-1
mn-1-247-5-2-3--staccato--1,staccato,derive,mn-1-247-5-2-3
mn-1-247-5-2-3--staccatissimo--1,staccatissimo,derive,mn-1-247-5-2-3
mn-1-247-5-2-4--staccato--1,staccato,derive,mn-1-247-5-2-4
mn-1-247-5-2-4--staccatissimo--1,staccatissimo,derive,mn-1-247-5-2-4
mn-1-248-5-2-1--staccato--1,staccato,derive,mn-1-248-5-2-1
mn-1-248-5-2-1--staccatissimo--1,staccatissimo,derive,mn-1-248-5-2-1
mn-1-248-5-2-2--staccato--1,staccato,derive,mn-1-248-5-2-2
mn-1-248-5-2-2--staccatissimo--1,staccatissimo,derive,mn-1-248-5-2-2
mn-1-248-5-2-3--staccato--1,staccato,derive,mn-1-248-5-2-3
mn-1-248-5-2-3--staccatissimo--1,staccatissimo,derive,mn-1-248-5-2-3
mn-1-249-5-2-1--staccato--1,staccato,derive,mn-1-249-5-2-1
mn-1-249-5-2-1--staccatissimo--1,staccatissimo,derive,mn-1-249-5-2-1
mn-1-249-5-2-2--staccato--1,staccato,derive,mn-1-249-5-2-2
mn-1-249-5-2-2--staccatissimo--1,staccatissimo,derive,mn-1-249-5-2-2
mn-1-249-5-2-3--staccato--1,staccato,derive,mn-1-249-5-2-3
mn-1-249-5-2-3--staccatissimo--1,staccatissimo,derive,mn-1-249-5-2-3
mn-1-250-5-2-1--staccato--1,staccato,derive,mn-1-250-5-2-1
mn-1-250-5-2-1--staccatissimo--1,staccatissimo,derive,mn-1-250-5-2-1
mn-1-250-5-2-3--slur--start--1,slur,stamp,mn-1-250-5-2-3
mn-1-251-1-2-1--slur--start--1,slur,stamp,mn-1-251-1-2-1
mn-1-251-1-1-2--slur--stop--1,slur,stamp,mn-1-251-1-1-2
mn-1-251-1-1-2--staccato--1,staccato,derive,mn-1-251-1-1-2
mn-1-251-1-1-2--staccatissimo--1,staccatissimo,derive,mn-1-251-1-1-2
mn-1-251-5-2-1--slur--stop--1,slur,stamp,mn-1-251-5-2-1
mn-1-251-5-2-1--staccato--1,staccato,derive,mn-1-251-5-2-1
mn-1-251-5-2-1--staccatissimo--1,staccatissimo,derive,mn-1-251-5-2-1
mn-1-251-5-2-3--slur--start--1,slur,stamp,mn-1-251-5-2-3
mn-1-252-1-2-1--slur--start--1,slur,stamp,mn-1-252-1-2-1
mn-1-252-1-1-2--slur--stop--1,slur,stamp,mn-1-252-1-1-2
mn-1-252-1-1-2--staccato--1,staccato,derive,mn-1-252-1-1-2
mn-1-252-1-1-2--staccatissimo--1,staccatissimo,derive,mn-1-252-1-1-2
mn-1-252-5-2-1--slur--stop--1,slur,stamp,mn-1-252-5-2-1
mn-1-252-5-2-1--staccato--1,staccato,derive,mn-1-252-5-2-1
mn-1-252-5-2-1--staccatissimo--1,staccatissimo,derive,mn-1-252-5-2-1
mn-1-252-5-2-3--slur--start--1,slur,stamp,mn-1-252-5-2-3
mn-1-253-1-2-1--slur--start--1,slur,stamp,mn-1-253-1-2-1
mn-1-253-1-1-2--slur--stop--1,slur,stamp,mn-1-253-1-1-2
mn-1-253-1-1-2--staccato--1,staccato,derive,mn-1-253-1-1-2
mn-1-253-1-1-2--staccatissimo--1,staccatissimo,derive,mn-1-253-1-1-2
mn-1-253-5-2-1--slur--stop--1,slur,stamp,mn-1-253-5-2-1
mn-1-253-5-2-1--staccato--1,staccato,derive,mn-1-253-5-2-1
mn-1-253-5-2-1--staccatissimo--1,staccatissimo,derive,mn-1-253-5-2-1
mn-1-253-5-2-3--slur--start--1,slur,stamp,mn-1-253-5-2-3
mn-1-253-5-2-5--slur--stop--1,slur,stamp,mn-1-253-5-2-5
md-1-254-2-1,dynamics,md,2
mn-1-255-5-2-1--staccato--1,staccato,derive,mn-1-255-5-2-1
mn-1-255-5-2-1--staccatissimo--1,staccatissimo,derive,mn-1-255-5-2-1
mn-1-255-5-2-3--staccato--1,staccato,derive,mn-1-255-5-2-3
mn-1-255-5-2-3--staccatissimo--1,staccatissimo,derive,mn-1-255-5-2-3
mn-1-255-5-2-4--staccato--1,staccato,derive,mn-1-255-5-2-4
mn-1-255-5-2-4--staccatissimo--1,staccatissimo,derive,mn-1-255-5-2-4
mn-1-256-5-2-1--staccato--1,staccato,derive,mn-1-256-5-2-1
mn-1-256-5-2-1--staccatissimo--1,staccatissimo,derive,mn-1-256-5-2-1
mn-1-256-5-2-2--staccato--1,staccato,derive,mn-1-256-5-2-2
mn-1-256-5-2-2--staccatissimo--1,staccatissimo,derive,mn-1-256-5-2-2
mn-1-256-5-2-3--staccato--1,staccato,derive,mn-1-256-5-2-3
mn-1-256-5-2-3--staccatissimo--1,staccatissimo,derive,mn-1-256-5-2-3
mn-1-257-5-2-1--staccato--1,staccato,derive,mn-1-257-5-2-1
mn-1-257-5-2-1--staccatissimo--1,staccatissimo,derive,mn-1-257-5-2-1
mn-1-257-5-2-2--staccato--1,staccato,derive,mn-1-257-5-2-2
mn-1-257-5-2-2--staccatissimo--1,staccatissimo,derive,mn-1-257-5-2-2
mn-1-257-5-2-3--staccato--1,staccato,derive,mn-1-257-5-2-3
mn-1-257-5-2-3--staccatissimo--1,staccatissimo,derive,mn-1-257-5-2-3
mn-1-258-5-2-1--staccato--1,staccato,derive,mn-1-258-5-2-1
mn-1-258-5-2-1--staccatissimo--1,staccatissimo,derive,mn-1-258-5-2-1
mn-1-258-5-2-2--staccato--1,staccato,derive,mn-1-258-5-2-2
mn-1-258-5-2-2--staccatissimo--1,staccatissimo,derive,mn-1-258-5-2-2
mn-1-258-5-2-3--slur--start--1,slur,stamp,mn-1-258-5-2-3
mn-1-259-1-2-1--slur--start--1,slur,stamp,mn-1-259-1-2-1
mn-1-259-1-2-4--slur--stop--1,slur,stamp,mn-1-259-1-2-4
mn-1-259-1-2-4--staccato--1,staccato,derive,mn-1-259-1-2-4
mn-1-259-1-2-4--staccatissimo--1,staccatissimo,derive,mn-1-259-1-2-4
mn-1-259-5-2-1--slur--stop--1,slur,stamp,mn-1-259-5-2-1
mn-1-259-5-2-1--staccato--1,staccato,derive,mn-1-259-5-2-1
mn-1-259-5-2-1--staccatissimo--1,staccatissimo,derive,mn-1-259-5-2-1
mn-1-259-5-2-3--slur--start--1,slur,stamp,mn-1-259-5-2-3
mn-1-260-1-2-1--slur--start--1,slur,stamp,mn-1-260-1-2-1
mn-1-260-1-2-4--slur--stop--1,slur,stamp,mn-1-260-1-2-4
mn-1-260-1-2-4--staccato--1,staccato,derive,mn-1-260-1-2-4
mn-1-260-1-2-4--staccatissimo--1,staccatissimo,derive,mn-1-260-1-2-4
mn-1-260-5-2-1--slur--stop--1,slur,stamp,mn-1-260-5-2-1
mn-1-260-5-2-1--staccato--1,staccato,derive,mn-1-260-5-2-1
mn-1-260-5-2-1--staccatissimo--1,staccatissimo,derive,mn-1-260-5-2-1
mn-1-260-5-2-3--slur--start--1,slur,stamp,mn-1-260-5-2-3
mn-1-261-1-2-1--slur--start--1,slur,stamp,mn-1-261-1-2-1
mn-1-261-1-2-4--slur--stop--1,slur,stamp,mn-1-261-1-2-4
mn-1-261-1-2-4--staccato--1,staccato,derive,mn-1-261-1-2-4
mn-1-261-1-2-4--staccatissimo--1,staccatissimo,derive,mn-1-261-1-2-4
mn-1-261-5-2-1--slur--stop--1,slur,stamp,mn-1-261-5-2-1
mn-1-261-5-2-1--staccato--1,staccato,derive,mn-1-261-5-2-1
mn-1-261-5-2-1--staccatissimo--1,staccatissimo,derive,mn-1-261-5-2-1
mn-1-261-5-2-3--slur--start--1,slur,stamp,mn-1-261-5-2-3
mn-1-261-5-2-5--slur--stop--1,slur,stamp,mn-1-261-5-2-5
md-1-262-2-1,dynamics,md,2
mn-1-263-5-2-1--staccato--1,staccato,derive,mn-1-263-5-2-1
mn-1-263-5-2-1--staccatissimo--1,staccatissimo,derive,mn-1-263-5-2-1
mn-1-263-5-2-3--staccato--1,staccato,derive,mn-1-263-5-2-3
mn-1-263-5-2-3--staccatissimo--1,staccatissimo,derive,mn-1-263-5-2-3
mn-1-263-5-2-4--staccato--1,staccato,derive,mn-1-263-5-2-4
mn-1-263-5-2-4--staccatissimo--1,staccatissimo,derive,mn-1-263-5-2-4
md-1-263-1-1,dynamics,md,1
mn-1-264-5-2-1--staccato--1,staccato,derive,mn-1-264-5-2-1
mn-1-264-5-2-1--staccatissimo--1,staccatissimo,derive,mn-1-264-5-2-1
mn-1-264-5-2-2--staccato--1,staccato,derive,mn-1-264-5-2-2
mn-1-264-5-2-2--staccatissimo--1,staccatissimo,derive,mn-1-264-5-2-2
mn-1-264-5-2-3--staccato--1,staccato,derive,mn-1-264-5-2-3
mn-1-264-5-2-3--staccatissimo--1,staccatissimo,derive,mn-1-264-5-2-3
mn-1-265-5-2-1--staccato--1,staccato,derive,mn-1-265-5-2-1
mn-1-265-5-2-1--staccatissimo--1,staccatissimo,derive,mn-1-265-5-2-1
mn-1-265-5-2-2--staccato--1,staccato,derive,mn-1-265-5-2-2
mn-1-265-5-2-2--staccatissimo--1,staccatissimo,derive,mn-1-265-5-2-2
mn-1-265-5-2-3--staccato--1,staccato,derive,mn-1-265-5-2-3
mn-1-265-5-2-3--staccatissimo--1,staccatissimo,derive,mn-1-265-5-2-3
mn-1-266-5-2-1--staccato--1,staccato,derive,mn-1-266-5-2-1
mn-1-266-5-2-1--staccatissimo--1,staccatissimo,derive,mn-1-266-5-2-1
mn-1-266-5-2-2--staccato--1,staccato,derive,mn-1-266-5-2-2
mn-1-266-5-2-2--staccatissimo--1,staccatissimo,derive,mn-1-266-5-2-2
mn-1-266-5-2-3--slur--start--1,slur,stamp,mn-1-266-5-2-3
mn-1-267-1-2-1--slur--start--1,slur,stamp,mn-1-267-1-2-1
mn-1-267-1-2-4--slur--stop--1,slur,stamp,mn-1-267-1-2-4
mn-1-267-1-2-4--staccato--1,staccato,derive,mn-1-267-1-2-4
mn-1-267-1-2-4--staccatissimo--1,staccatissimo,derive,mn-1-267-1-2-4
mn-1-267-5-2-1--slur--stop--1,slur,stamp,mn-1-267-5-2-1
mn-1-267-5-2-1--staccato--1,staccato,derive,mn-1-267-5-2-1
mn-1-267-5-2-1--staccatissimo--1,staccatissimo,derive,mn-1-267-5-2-1
mn-1-267-5-2-3--slur--start--1,slur,stamp,mn-1-267-5-2-3
mn-1-268-1-2-1--slur--start--1,slur,stamp,mn-1-268-1-2-1
mn-1-268-1-2-4--slur--stop--1,slur,stamp,mn-1-268-1-2-4
mn-1-268-1-2-4--staccato--1,staccato,derive,mn-1-268-1-2-4
mn-1-268-1-2-4--staccatissimo--1,staccatissimo,derive,mn-1-268-1-2-4
mn-1-268-5-2-1--slur--stop--1,slur,stamp,mn-1-268-5-2-1
mn-1-268-5-2-1--staccato--1,staccato,derive,mn-1-268-5-2-1
mn-1-268-5-2-1--staccatissimo--1,staccatissimo,derive,mn-1-268-5-2-1
mn-1-268-5-2-3--slur--start--1,slur,stamp,mn-1-268-5-2-3
mn-1-269-1-2-1--slur--start--1,slur,stamp,mn-1-269-1-2-1
mn-1-269-1-2-4--slur--stop--1,slur,stamp,mn-1-269-1-2-4
mn-1-269-1-2-4--staccato--1,staccato,derive,mn-1-269-1-2-4
mn-1-269-1-2-4--staccatissimo--1,staccatissimo,derive,mn-1-269-1-2-4
mn-1-269-5-2-1--slur--stop--1,slur,stamp,mn-1-269-5-2-1
mn-1-269-5-2-1--staccato--1,staccato,derive,mn-1-269-5-2-1
mn-1-269-5-2-1--staccatissimo--1,staccatissimo,derive,mn-1-269-5-2-1
mn-1-269-5-2-3--slur--start--1,slur,stamp,mn-1-269-5-2-3
mn-1-269-5-2-5--slur--stop--1,slur,stamp,mn-1-269-5-2-5
md-1-270-2-1,dynamics,md,2
mn-1-271-1-1-1--slur--start--1,slur,stamp,mn-1-271-1-1-1
mn-1-271-1-1-1--inverted-mordent--1,inverted-mordent,derive,mn-1-271-1-1-1
mn-1-271-1-1-2--slur--stop--1,slur,stamp,mn-1-271-1-1-2
md-1-271-1-1,dynamics,md,1
mn-1-272-1-1-1--slur--start--1,slur,stamp,mn-1-272-1-1-1
mn-1-272-1-1-1--inverted-mordent--1,inverted-mordent,derive,mn-1-272-1-1-1
mn-1-272-1-1-2--slur--stop--1,slur,stamp,mn-1-272-1-1-2
mn-1-272-1-1-3--slur--start--1,slur,stamp,mn-1-272-1-1-3
mn-1-272-1-1-3--inverted-mordent--1,inverted-mordent,derive,mn-1-272-1-1-3
mn-1-273-1-1-1--slur--stop--1,slur,stamp,mn-1-273-1-1-1
mn-1-273-1-1-2--slur--start--1,slur,stamp,mn-1-273-1-1-2
mn-1-273-1-1-2--inverted-mordent--1,inverted-mordent,derive,mn-1-273-1-1-2
mn-1-273-1-1-3--slur--stop--1,slur,stamp,mn-1-273-1-1-3
mn-1-274-1-1-1--slur--start--1,slur,stamp,mn-1-274-1-1-1
mn-1-274-1-1-1--inverted-mordent--1,inverted-mordent,derive,mn-1-274-1-1-1
mn-1-274-1-1-2--slur--stop--1,slur,stamp,mn-1-274-1-1-2
mn-1-274-1-1-3--slur--start--1,slur,stamp,mn-1-274-1-1-3
mn-1-274-1-1-3--inverted-mordent--1,inverted-mordent,derive,mn-1-274-1-1-3
mn-1-275-1-1-1--slur--stop--1,slur,stamp,mn-1-275-1-1-1
mn-1-275-1-1-2--tied--start--1,tied,stamp,mn-1-275-1-1-2
md-1-275-1-1,dynamics,md,1
mn-1-276-1-1-1--tied--stop--1,tied,stamp,mn-1-276-1-1-1
mn-1-276-1-1-2--staccato--1,staccato,derive,mn-1-276-1-1-2
mn-1-276-1-1-2--staccatissimo--1,staccatissimo,derive,mn-1-276-1-1-2
mn-1-276-1-1-3--staccato--1,staccato,derive,mn-1-276-1-1-3
mn-1-276-1-1-3--staccatissimo--1,staccatissimo,derive,mn-1-276-1-1-3
md-1-276-1-1,dynamics,md,1
mn-1-277-1-1-1--slur--start--1,slur,stamp,mn-1-277-1-1-1
mn-1-277-1-1-1--inverted-mordent--1,inverted-mordent,derive,mn-1-277-1-1-1
mn-1-277-1-1-2--slur--stop--1,slur,stamp,mn-1-277-1-1-2
mn-1-277-1-1-3--staccato--1,staccato,derive,mn-1-277-1-1-3
mn-1-277-1-1-3--staccatissimo--1,staccatissimo,derive,mn-1-277-1-1-3
md-1-277-1-1,dynamics,md,1
mn-1-278-1-1-1--staccato--1,staccato,derive,mn-1-278-1-1-1
mn-1-278-1-1-1--staccatissimo--1,staccatissimo,derive,mn-1-278-1-1-1
mn-1-278-1-1-2--staccato--1,staccato,derive,mn-1-278-1-1-2
mn-1-278-1-1-2--staccatissimo--1,staccatissimo,derive,mn-1-278-1-1-2
mn-1-278-1-1-3--staccato--1,staccato,derive,mn-1-278-1-1-3
mn-1-278-1-1-3--staccatissimo--1,staccatissimo,derive,mn-1-278-1-1-3
md-1-279-1-1,dynamics,md,1
mn-1-283-1-1-3--tied--start--1,tied,stamp,mn-1-283-1-1-3
mn-1-283-1-1-4--tied--start--1,tied,stamp,mn-1-283-1-1-4
md-1-283-1-1,dynamics,md,1
mn-1-284-1-1-1--tied--stop--1,tied,stamp,mn-1-284-1-1-1
mn-1-284-1-1-2--tied--stop--1,tied,stamp,mn-1-284-1-1-2
mn-1-284-1-1-3--staccato--1,staccato,derive,mn-1-284-1-1-3
mn-1-284-1-1-3--staccatissimo--1,staccatissimo,derive,mn-1-284-1-1-3
mn-1-284-1-1-5--staccato--1,staccato,derive,mn-1-284-1-1-5
mn-1-284-1-1-5--staccatissimo--1,staccatissimo,derive,mn-1-284-1-1-5
md-1-284-1-1,dynamics,md,1
mn-1-285-1-1-1--staccato--1,staccato,derive,mn-1-285-1-1-1
mn-1-285-1-1-1--staccatissimo--1,staccatissimo,derive,mn-1-285-1-1-1
mn-1-285-1-1-3--staccato--1,staccato,derive,mn-1-285-1-1-3
mn-1-285-1-1-3--staccatissimo--1,staccatissimo,derive,mn-1-285-1-1-3
mn-1-285-1-1-5--staccato--1,staccato,derive,mn-1-285-1-1-5
mn-1-285-1-1-5--staccatissimo--1,staccatissimo,derive,mn-1-285-1-1-5
md-1-285-1-1,dynamics,md,1
mn-1-286-1-1-1--staccato--1,staccato,derive,mn-1-286-1-1-1
mn-1-286-1-1-1--staccatissimo--1,staccatissimo,derive,mn-1-286-1-1-1
mn-1-286-1-1-3--staccato--1,staccato,derive,mn-1-286-1-1-3
mn-1-286-1-1-3--staccatissimo--1,staccatissimo,derive,mn-1-286-1-1-3
mn-1-286-1-1-5--staccato--1,staccato,derive,mn-1-286-1-1-5
mn-1-286-1-1-5--staccatissimo--1,staccatissimo,derive,mn-1-286-1-1-5
mn-1-287-1-1-1--slur--start--1,slur,stamp,mn-1-287-1-1-1
mn-1-287-1-1-3--slur--stop--1,slur,stamp,mn-1-287-1-1-3
mn-1-287-1-1-5--staccato--1,staccato,derive,mn-1-287-1-1-5
mn-1-287-1-1-5--staccatissimo--1,staccatissimo,derive,mn-1-287-1-1-5
md-1-287-1-1,dynamics,md,1
mn-1-288-1-1-1--staccato--1,staccato,derive,mn-1-288-1-1-1
mn-1-288-1-1-1--staccatissimo--1,staccatissimo,derive,mn-1-288-1-1-1
mn-1-288-1-1-3--staccato--1,staccato,derive,mn-1-288-1-1-3
mn-1-288-1-1-3--staccatissimo--1,staccatissimo,derive,mn-1-288-1-1-3
mn-1-288-1-1-5--staccato--1,staccato,derive,mn-1-288-1-1-5
mn-1-288-1-1-5--staccatissimo--1,staccatissimo,derive,mn-1-288-1-1-5
mn-1-289-1-1-1--staccato--1,staccato,derive,mn-1-289-1-1-1
mn-1-289-1-1-1--staccatissimo--1,staccatissimo,derive,mn-1-289-1-1-1
mn-1-289-1-1-3--staccato--1,staccato,derive,mn-1-289-1-1-3
mn-1-289-1-1-3--staccatissimo--1,staccatissimo,derive,mn-1-289-1-1-3
mn-1-289-1-1-5--staccato--1,staccato,derive,mn-1-289-1-1-5
mn-1-289-1-1-5--staccatissimo--1,staccatissimo,derive,mn-1-289-1-1-5
mn-1-290-1-1-1--staccato--1,staccato,derive,mn-1-290-1-1-1
mn-1-290-1-1-1--staccatissimo--1,staccatissimo,derive,mn-1-290-1-1-1
mn-1-290-1-1-3--staccato--1,staccato,derive,mn-1-290-1-1-3
mn-1-290-1-1-3--staccatissimo--1,staccatissimo,derive,mn-1-290-1-1-3
mn-1-290-1-1-5--staccato--1,staccato,derive,mn-1-290-1-1-5
mn-1-290-1-1-5--staccatissimo--1,staccatissimo,derive,mn-1-290-1-1-5
mn-1-291-1-1-1--slur--start--1,slur,stamp,mn-1-291-1-1-1
mn-1-291-1-1-3--slur--stop--1,slur,stamp,mn-1-291-1-1-3
mn-1-291-1-1-5--staccato--1,staccato,derive,mn-1-291-1-1-5
mn-1-291-1-1-5--staccatissimo--1,staccatissimo,derive,mn-1-291-1-1-5
md-1-291-1-1,dynamics,md,1
mn-1-292-1-1-1--staccato--1,staccato,derive,mn-1-292-1-1-1
mn-1-292-1-1-1--staccatissimo--1,staccatissimo,derive,mn-1-292-1-1-1
mn-1-292-1-1-3--staccato--1,staccato,derive,mn-1-292-1-1-3
mn-1-292-1-1-3--staccatissimo--1,staccatissimo,derive,mn-1-292-1-1-3
mn-1-292-1-1-5--staccato--1,staccato,derive,mn-1-292-1-1-5
mn-1-292-1-1-5--staccatissimo--1,staccatissimo,derive,mn-1-292-1-1-5
mn-1-293-1-1-1--staccato--1,staccato,derive,mn-1-293-1-1-1
mn-1-293-1-1-1--staccatissimo--1,staccatissimo,derive,mn-1-293-1-1-1
mn-1-293-1-1-3--staccato--1,staccato,derive,mn-1-293-1-1-3
mn-1-293-1-1-3--staccatissimo--1,staccatissimo,derive,mn-1-293-1-1-3
mn-1-293-1-1-5--staccato--1,staccato,derive,mn-1-293-1-1-5
mn-1-293-1-1-5--staccatissimo--1,staccatissimo,derive,mn-1-293-1-1-5
mn-1-294-1-1-1--staccato--1,staccato,derive,mn-1-294-1-1-1
mn-1-294-1-1-1--staccatissimo--1,staccatissimo,derive,mn-1-294-1-1-1
mn-1-294-1-1-3--staccato--1,staccato,derive,mn-1-294-1-1-3
mn-1-294-1-1-3--staccatissimo--1,staccatissimo,derive,mn-1-294-1-1-3
mn-1-294-1-1-5--staccato--1,staccato,derive,mn-1-294-1-1-5
mn-1-294-1-1-5--staccatissimo--1,staccatissimo,derive,mn-1-294-1-1-5
mn-1-295-1-1-4--slur--start--1,slur,stamp,mn-1-295-1-1-4
md-1-295-1-1,dynamics,md,1
mn-1-296-1-1-1--slur--stop--1,slur,stamp,mn-1-296-1-1-1
mn-1-296-1-1-1--staccato--1,staccato,derive,mn-1-296-1-1-1
mn-1-296-1-1-1--staccatissimo--1,staccatissimo,derive,mn-1-296-1-1-1
mn-1-296-1-1-3--slur--start--1,slur,stamp,mn-1-296-1-1-3
mn-1-297-1-1-1--slur--stop--1,slur,stamp,mn-1-297-1-1-1
mn-1-297-1-1-1--staccato--1,staccato,derive,mn-1-297-1-1-1
mn-1-297-1-1-1--staccatissimo--1,staccatissimo,derive,mn-1-297-1-1-1
mn-1-297-1-1-3--slur--start--1,slur,stamp,mn-1-297-1-1-3
mn-1-298-1-1-1--slur--stop--1,slur,stamp,mn-1-298-1-1-1
mn-1-298-1-1-1--staccato--1,staccato,derive,mn-1-298-1-1-1
mn-1-298-1-1-1--staccatissimo--1,staccatissimo,derive,mn-1-298-1-1-1
mn-1-298-1-1-3--slur--start--1,slur,stamp,mn-1-298-1-1-3
mn-1-298-1-1-4--slur--stop--1,slur,stamp,mn-1-298-1-1-4
mn-1-299-1-1-2--tied--start--1,tied,stamp,mn-1-299-1-1-2
mn-1-299-2-1-1--tied--start--1,tied,stamp,mn-1-299-2-1-1
md-1-299-1-1,dynamics,md,1
mn-1-300-1-1-1--tied--stop--1,tied,stamp,mn-1-300-1-1-1
mn-1-300-2-1-1--tied--stop--1,tied,stamp,mn-1-300-2-1-1
mn-1-300-2-1-1--slur--start--1,slur,stamp,mn-1-300-2-1-1
mn-1-300-2-1-2--slur--stop--1,slur,stamp,mn-1-300-2-1-2
mn-1-300-2-1-3--staccato--1,staccato,derive,mn-1-300-2-1-3
mn-1-300-2-1-3--staccatissimo--1,staccatissimo,derive,mn-1-300-2-1-3
mn-1-301-1-1-4--slur--start--1,slur,stamp,mn-1-301-1-1-4
md-1-301-1-1,dynamics,md,1
mn-1-302-1-1-1--slur--stop--1,slur,stamp,mn-1-302-1-1-1
mn-1-302-1-1-1--staccato--1,staccato,derive,mn-1-302-1-1-1
mn-1-302-1-1-1--staccatissimo--1,staccatissimo,derive,mn-1-302-1-1-1
mn-1-302-1-1-3--slur--start--1,slur,stamp,mn-1-302-1-1-3
mn-1-303-1-1-1--slur--stop--1,slur,stamp,mn-1-303-1-1-1
mn-1-303-1-1-1--staccato--1,staccato,derive,mn-1-303-1-1-1
mn-1-303-1-1-1--staccatissimo--1,staccatissimo,derive,mn-1-303-1-1-1
mn-1-303-1-1-3--slur--start--1,slur,stamp,mn-1-303-1-1-3
mn-1-304-1-1-1--slur--stop--1,slur,stamp,mn-1-304-1-1-1
mn-1-304-1-1-1--staccatissimo--1,staccatissimo,derive,mn-1-304-1-1-1
mn-1-304-1-1-3--slur--start--1,slur,stamp,mn-1-304-1-1-3
mn-1-304-1-1-5--slur--stop--1,slur,stamp,mn-1-304-1-1-5
mn-1-305-1-1-2--tied--start--1,tied,stamp,mn-1-305-1-1-2
mn-1-305-2-1-1--tied--start--1,tied,stamp,mn-1-305-2-1-1
mn-1-306-1-1-1--tied--stop--1,tied,stamp,mn-1-306-1-1-1
mn-1-306-2-1-1--tied--stop--1,tied,stamp,mn-1-306-2-1-1
mn-1-306-2-1-1--slur--start--1,slur,stamp,mn-1-306-2-1-1
mn-1-306-2-1-2--slur--stop--1,slur,stamp,mn-1-306-2-1-2
mn-1-306-2-1-3--staccato--1,staccato,derive,mn-1-306-2-1-3
mn-1-306-2-1-3--staccatissimo--1,staccatissimo,derive,mn-1-306-2-1-3
md-1-307-1-1,wedge,md,1
md-1-307-1-2,wedge,md,1
md-1-308-1-1,wedge,md,1
md-1-308-1-2,wedge,md,1
md-1-315-1-1,dynamics,md,1
md-1-316-1-1,dynamics,md,1
md-1-317-1-1,dynamics,md,1
md-1-318-1-1,dynamics,md,1
md-1-319-1-1,dynamics,md,1
mn-1-322-1-1-4--slur--start--1,slur,stamp,mn-1-322-1-1-4
mn-1-323-1-1-1--slur--stop--1,slur,stamp,mn-1-323-1-1-1
mn-1-323-1-1-1--staccato--1,staccato,derive,mn-1-323-1-1-1
mn-1-323-1-1-1--staccatissimo--1,staccatissimo,derive,mn-1-323-1-1-1
mn-1-323-1-1-3--slur--start--1,slur,stamp,mn-1-323-1-1-3
mn-1-323-5-2-1--slur--start--1,slur,stamp,mn-1-323-5-2-1
mn-1-323-5-2-3--slur--stop--1,slur,stamp,mn-1-323-5-2-3
mn-1-324-1-1-1--slur--stop--1,slur,stamp,mn-1-324-1-1-1
mn-1-324-1-1-1--staccato--1,staccato,derive,mn-1-324-1-1-1
mn-1-324-1-1-1--staccatissimo--1,staccatissimo,derive,mn-1-324-1-1-1
mn-1-324-1-1-3--slur--start--1,slur,stamp,mn-1-324-1-1-3
mn-1-324-5-2-1--slur--start--1,slur,stamp,mn-1-324-5-2-1
mn-1-324-5-2-3--slur--stop--1,slur,stamp,mn-1-324-5-2-3
mn-1-325-1-1-1--slur--stop--1,slur,stamp,mn-1-325-1-1-1
mn-1-325-1-1-1--staccato--1,staccato,derive,mn-1-325-1-1-1
mn-1-325-1-1-1--staccatissimo--1,staccatissimo,derive,mn-1-325-1-1-1
mn-1-325-1-1-3--slur--start--1,slur,stamp,mn-1-325-1-1-3
mn-1-325-5-2-1--slur--start--1,slur,stamp,mn-1-325-5-2-1
mn-1-325-5-2-3--slur--stop--1,slur,stamp,mn-1-325-5-2-3
mn-1-326-1-1-1--slur--stop--1,slur,stamp,mn-1-326-1-1-1
mn-1-326-1-1-1--staccato--1,staccato,derive,mn-1-326-1-1-1
mn-1-326-1-1-1--staccatissimo--1,staccatissimo,derive,mn-1-326-1-1-1
mn-1-326-1-1-3--slur--start--1,slur,stamp,mn-1-326-1-1-3
mn-1-326-5-2-1--slur--start--1,slur,stamp,mn-1-326-5-2-1
mn-1-326-5-2-3--slur--stop--1,slur,stamp,mn-1-326-5-2-3
mn-1-327-1-1-1--slur--stop--1,slur,stamp,mn-1-327-1-1-1
mn-1-327-1-1-1--staccato--1,staccato,derive,mn-1-327-1-1-1
mn-1-327-1-1-1--staccatissimo--1,staccatissimo,derive,mn-1-327-1-1-1
mn-1-327-1-1-3--slur--start--1,slur,stamp,mn-1-327-1-1-3
mn-1-327-1-1-5--slur--stop--1,slur,stamp,mn-1-327-1-1-5
mn-1-327-5-2-1--slur--start--1,slur,stamp,mn-1-327-5-2-1
mn-1-327-5-2-2--tied--start--1,tied,stamp,mn-1-327-5-2-2
mn-1-327-5-2-3--tied--stop--1,tied,stamp,mn-1-327-5-2-3
mn-1-327-5-2-3--slur--stop--1,slur,stamp,mn-1-327-5-2-3
md-1-327-1-1,dynamics,md,1
mn-1-328-1-1-3--slur--start--1,slur,stamp,mn-1-328-1-1-3
mn-1-328-1-1-5--slur--stop--1,slur,stamp,mn-1-328-1-1-5
mn-1-328-5-2-1--slur--start--1,slur,stamp,mn-1-328-5-2-1
mn-1-328-5-2-2--tied--start--1,tied,stamp,mn-1-328-5-2-2
mn-1-328-5-2-3--tied--stop--1,tied,stamp,mn-1-328-5-2-3
mn-1-328-5-2-3--slur--stop--1,slur,stamp,mn-1-328-5-2-3
mn-1-329-1-1-3--slur--start--1,slur,stamp,mn-1-329-1-1-3
mn-1-329-1-1-5--slur--stop--1,slur,stamp,mn-1-329-1-1-5
mn-1-329-5-2-1--slur--start--1,slur,stamp,mn-1-329-5-2-1
mn-1-329-5-2-2--tied--start--1,tied,stamp,mn-1-329-5-2-2
mn-1-329-5-2-3--tied--stop--1,tied,stamp,mn-1-329-5-2-3
mn-1-329-5-2-3--slur--stop--1,slur,stamp,mn-1-329-5-2-3
mn-1-330-1-1-3--slur--start--1,slur,stamp,mn-1-330-1-1-3
mn-1-330-1-1-5--slur--stop--1,slur,stamp,mn-1-330-1-1-5
mn-1-330-5-2-1--slur--start--1,slur,stamp,mn-1-330-5-2-1
mn-1-330-5-2-2--tied--start--1,tied,stamp,mn-1-330-5-2-2
mn-1-330-5-2-3--tied--stop--1,tied,stamp,mn-1-330-5-2-3
mn-1-330-5-2-3--slur--stop--1,slur,stamp,mn-1-330-5-2-3
mn-1-331-1-1-3--slur--start--1,slur,stamp,mn-1-331-1-1-3
mn-1-331-5-2-1--slur--start--1,slur,stamp,mn-1-331-5-2-1
mn-1-331-5-2-3--slur--stop--1,slur,stamp,mn-1-331-5-2-3
md-1-331-1-1,dynamics,md,1
mn-1-332-1-1-1--slur--stop--1,slur,stamp,mn-1-332-1-1-1
mn-1-332-1-1-1--staccato--1,staccato,derive,mn-1-332-1-1-1
mn-1-332-1-1-1--staccatissimo--1,staccatissimo,derive,mn-1-332-1-1-1
mn-1-332-1-1-3--slur--start--1,slur,stamp,mn-1-332-1-1-3
mn-1-332-5-2-1--slur--start--1,slur,stamp,mn-1-332-5-2-1
mn-1-332-5-2-3--slur--stop--1,slur,stamp,mn-1-332-5-2-3
mn-1-333-1-1-1--slur--stop--1,slur,stamp,mn-1-333-1-1-1
mn-1-333-1-1-1--staccato--1,staccato,derive,mn-1-333-1-1-1
mn-1-333-1-1-1--staccatissimo--1,staccatissimo,derive,mn-1-333-1-1-1
mn-1-333-1-1-3--slur--start--1,slur,stamp,mn-1-333-1-1-3
mn-1-333-5-2-1--slur--start--1,slur,stamp,mn-1-333-5-2-1
mn-1-333-5-2-3--slur--stop--1,slur,stamp,mn-1-333-5-2-3
mn-1-334-1-1-1--slur--stop--1,slur,stamp,mn-1-334-1-1-1
mn-1-334-1-1-1--staccato--1,staccato,derive,mn-1-334-1-1-1
mn-1-334-1-1-1--staccatissimo--1,staccatissimo,derive,mn-1-334-1-1-1
mn-1-334-1-1-3--slur--start--1,slur,stamp,mn-1-334-1-1-3
mn-1-334-5-2-1--slur--start--1,slur,stamp,mn-1-334-5-2-1
mn-1-334-5-2-3--slur--stop--1,slur,stamp,mn-1-334-5-2-3
mn-1-335-1-1-1--slur--stop--1,slur,stamp,mn-1-335-1-1-1
mn-1-335-1-1-1--staccato--1,staccato,derive,mn-1-335-1-1-1
mn-1-335-1-1-1--staccatissimo--1,staccatissimo,derive,mn-1-335-1-1-1
mn-1-335-1-1-3--slur--start--1,slur,stamp,mn-1-335-1-1-3
mn-1-335-1-1-5--slur--stop--1,slur,stamp,mn-1-335-1-1-5
mn-1-335-5-2-1--slur--start--1,slur,stamp,mn-1-335-5-2-1
mn-1-335-5-2-2--tied--start--1,tied,stamp,mn-1-335-5-2-2
mn-1-335-5-2-3--tied--stop--1,tied,stamp,mn-1-335-5-2-3
mn-1-335-5-2-3--slur--stop--1,slur,stamp,mn-1-335-5-2-3
md-1-335-1-1,dynamics,md,1
mn-1-336-1-1-3--slur--start--1,slur,stamp,mn-1-336-1-1-3
mn-1-336-1-1-5--slur--stop--1,slur,stamp,mn-1-336-1-1-5
mn-1-336-5-2-1--slur--start--1,slur,stamp,mn-1-336-5-2-1
mn-1-336-5-2-2--tied--start--1,tied,stamp,mn-1-336-5-2-2
mn-1-336-5-2-3--tied--stop--1,tied,stamp,mn-1-336-5-2-3
mn-1-336-5-2-3--slur--stop--1,slur,stamp,mn-1-336-5-2-3
mn-1-337-1-1-3--slur--start--1,slur,stamp,mn-1-337-1-1-3
mn-1-337-1-1-5--slur--stop--1,slur,stamp,mn-1-337-1-1-5
mn-1-337-5-2-1--slur--start--1,slur,stamp,mn-1-337-5-2-1
mn-1-337-5-2-2--tied--start--1,tied,stamp,mn-1-337-5-2-2
mn-1-337-5-2-3--tied--stop--1,tied,stamp,mn-1-337-5-2-3
mn-1-337-5-2-3--slur--stop--1,slur,stamp,mn-1-337-5-2-3
mn-1-338-1-1-3--slur--start--1,slur,stamp,mn-1-338-1-1-3
mn-1-338-1-1-5--slur--stop--1,slur,stamp,mn-1-338-1-1-5
mn-1-338-5-2-1--slur--start--1,slur,stamp,mn-1-338-5-2-1
mn-1-338-5-2-2--tied--start--1,tied,stamp,mn-1-338-5-2-2
mn-1-338-5-2-3--tied--stop--1,tied,stamp,mn-1-338-5-2-3
mn-1-338-5-2-3--slur--stop--1,slur,stamp,mn-1-338-5-2-3
mn-1-339-1-1-3--slur--start--1,slur,stamp,mn-1-339-1-1-3
mn-1-339-1-1-5--slur--stop--1,slur,stamp,mn-1-339-1-1-5
mn-1-339-5-2-1--slur--start--1,slur,stamp,mn-1-339-5-2-1
mn-1-339-5-2-2--tied--start--1,tied,stamp,mn-1-339-5-2-2
mn-1-339-5-2-3--tied--stop--1,tied,stamp,mn-1-339-5-2-3
mn-1-339-5-2-3--slur--stop--1,slur,stamp,mn-1-339-5-2-3
md-1-339-1-1,dynamics,md,1
mn-1-340-1-1-3--slur--start--1,slur,stamp,mn-1-340-1-1-3
mn-1-340-1-1-5--slur--stop--1,slur,stamp,mn-1-340-1-1-5
mn-1-340-5-2-1--slur--start--1,slur,stamp,mn-1-340-5-2-1
mn-1-340-5-2-2--tied--start--1,tied,stamp,mn-1-340-5-2-2
mn-1-340-5-2-3--tied--stop--1,tied,stamp,mn-1-340-5-2-3
mn-1-340-5-2-3--slur--stop--1,slur,stamp,mn-1-340-5-2-3
mn-1-341-1-1-3--slur--start--1,slur,stamp,mn-1-341-1-1-3
mn-1-341-1-1-5--slur--stop--1,slur,stamp,mn-1-341-1-1-5
mn-1-341-5-2-1--slur--start--1,slur,stamp,mn-1-341-5-2-1
mn-1-341-5-2-2--tied--start--1,tied,stamp,mn-1-341-5-2-2
mn-1-341-5-2-3--tied--stop--1,tied,stamp,mn-1-341-5-2-3
mn-1-341-5-2-3--slur--stop--1,slur,stamp,mn-1-341-5-2-3
mn-1-342-1-1-3--slur--start--1,slur,stamp,mn-1-342-1-1-3
mn-1-342-1-1-5--slur--stop--1,slur,stamp,mn-1-342-1-1-5
mn-1-342-5-2-1--slur--start--1,slur,stamp,mn-1-342-5-2-1
mn-1-342-5-2-2--tied--start--1,tied,stamp,mn-1-342-5-2-2
mn-1-342-5-2-3--tied--stop--1,tied,stamp,mn-1-342-5-2-3
mn-1-342-5-2-3--slur--stop--1,slur,stamp,mn-1-342-5-2-3
mn-1-343-1-1-3--slur--start--1,slur,stamp,mn-1-343-1-1-3
mn-1-343-1-1-5--slur--stop--1,slur,stamp,mn-1-343-1-1-5
mn-1-343-5-2-1--slur--start--1,slur,stamp,mn-1-343-5-2-1
mn-1-343-5-2-2--tied--start--1,tied,stamp,mn-1-343-5-2-2
mn-1-343-5-2-3--tied--stop--1,tied,stamp,mn-1-343-5-2-3
mn-1-343-5-2-3--slur--stop--1,slur,stamp,mn-1-343-5-2-3
md-1-343-1-1,dynamics,md,1
mn-1-344-1-1-3--slur--start--1,slur,stamp,mn-1-344-1-1-3
mn-1-344-1-1-5--slur--stop--1,slur,stamp,mn-1-344-1-1-5
mn-1-344-5-2-1--slur--start--1,slur,stamp,mn-1-344-5-2-1
mn-1-344-5-2-2--tied--start--1,tied,stamp,mn-1-344-5-2-2
mn-1-344-5-2-3--tied--stop--1,tied,stamp,mn-1-344-5-2-3
mn-1-344-5-2-3--slur--stop--1,slur,stamp,mn-1-344-5-2-3
mn-1-345-1-1-3--slur--start--1,slur,stamp,mn-1-345-1-1-3
mn-1-345-1-1-5--slur--stop--1,slur,stamp,mn-1-345-1-1-5
mn-1-345-5-2-1--slur--start--1,slur,stamp,mn-1-345-5-2-1
mn-1-345-5-2-2--tied--start--1,tied,stamp,mn-1-345-5-2-2
mn-1-345-5-2-3--tied--stop--1,tied,stamp,mn-1-345-5-2-3
mn-1-345-5-2-3--slur--stop--1,slur,stamp,mn-1-345-5-2-3
mn-1-346-1-1-3--slur--start--1,slur,stamp,mn-1-346-1-1-3
mn-1-346-1-1-5--slur--stop--1,slur,stamp,mn-1-346-1-1-5
mn-1-346-5-2-1--slur--start--1,slur,stamp,mn-1-346-5-2-1
mn-1-346-5-2-2--tied--start--1,tied,stamp,mn-1-346-5-2-2
mn-1-346-5-2-3--tied--stop--1,tied,stamp,mn-1-346-5-2-3
mn-1-346-5-2-3--slur--stop--1,slur,stamp,mn-1-346-5-2-3
mn-1-347-1-1-3--slur--start--1,slur,stamp,mn-1-347-1-1-3
mn-1-347-1-1-5--slur--stop--1,slur,stamp,mn-1-347-1-1-5
mn-1-347-5-2-1--slur--start--1,slur,stamp,mn-1-347-5-2-1
mn-1-347-5-2-2--tied--start--1,tied,stamp,mn-1-347-5-2-2
mn-1-347-5-2-3--tied--stop--1,tied,stamp,mn-1-347-5-2-3
mn-1-347-5-2-3--slur--stop--1,slur,stamp,mn-1-347-5-2-3
md-1-347-1-1,dynamics,md,1
mn-1-348-1-1-3--slur--start--1,slur,stamp,mn-1-348-1-1-3
mn-1-348-1-1-5--slur--stop--1,slur,stamp,mn-1-348-1-1-5
mn-1-348-5-2-1--slur--start--1,slur,stamp,mn-1-348-5-2-1
mn-1-348-5-2-2--tied--start--1,tied,stamp,mn-1-348-5-2-2
mn-1-348-5-2-3--tied--stop--1,tied,stamp,mn-1-348-5-2-3
mn-1-348-5-2-3--slur--stop--1,slur,stamp,mn-1-348-5-2-3
mn-1-349-1-1-3--slur--start--1,slur,stamp,mn-1-349-1-1-3
mn-1-349-1-1-5--slur--stop--1,slur,stamp,mn-1-349-1-1-5
mn-1-349-5-2-1--slur--start--1,slur,stamp,mn-1-349-5-2-1
mn-1-349-5-2-2--tied--start--1,tied,stamp,mn-1-349-5-2-2
mn-1-349-5-2-3--tied--stop--1,tied,stamp,mn-1-349-5-2-3
mn-1-349-5-2-3--slur--stop--1,slur,stamp,mn-1-349-5-2-3
md-1-349-1-1,dynamics,md,1
md-1-349-2-1,dynamics,md,2
mn-1-350-1-1-3--slur--start--1,slur,stamp,mn-1-350-1-1-3
mn-1-350-2-1-1--tied--start--1,tied,stamp,mn-1-350-2-1-1
md-1-350-1-1,dynamics,md,1
mn-1-351-1-1-1--slur--stop--1,slur,stamp,mn-1-351-1-1-1
mn-1-351-1-1-3--slur--start--1,slur,stamp,mn-1-351-1-1-3
mn-1-351-2-1-1--tied--stop--1,tied,stamp,mn-1-351-2-1-1
mn-1-351-2-1-3--tied--start--1,tied,stamp,mn-1-351-2-1-3
mn-1-351-6-2-2--tied--start--1,tied,stamp,mn-1-351-6-2-2
mn-1-351-6-2-3--tied--stop--1,tied,stamp,mn-1-351-6-2-3
md-1-351-1-1,dynamics,md,1
md-1-351-2-1,dynamics,md,2
mn-1-352-1-1-1--slur--stop--1,slur,stamp,mn-1-352-1-1-1
mn-1-352-1-1-3--slur--start--1,slur,stamp,mn-1-352-1-1-3
mn-1-352-2-1-1--tied--stop--1,tied,stamp,mn-1-352-2-1-1
mn-1-352-2-1-3--tied--start--1,tied,stamp,mn-1-352-2-1-3
mn-1-352-6-2-2--tied--start--1,tied,stamp,mn-1-352-6-2-2
mn-1-352-6-2-3--tied--stop--1,tied,stamp,mn-1-352-6-2-3
md-1-352-1-1,dynamics,md,1
mn-1-353-1-1-1--slur--stop--1,slur,stamp,mn-1-353-1-1-1
mn-1-353-1-1-3--slur--start--1,slur,stamp,mn-1-353-1-1-3
mn-1-353-2-1-1--tied--stop--1,tied,stamp,mn-1-353-2-1-1
mn-1-353-2-1-3--tied--start--1,tied,stamp,mn-1-353-2-1-3
mn-1-353-6-2-2--tied--start--1,tied,stamp,mn-1-353-6-2-2
mn-1-353-6-2-3--tied--stop--1,tied,stamp,mn-1-353-6-2-3
md-1-353-1-1,dynamics,md,1
mn-1-354-1-1-1--slur--stop--1,slur,stamp,mn-1-354-1-1-1
mn-1-354-1-1-3--slur--start--1,slur,stamp,mn-1-354-1-1-3
mn-1-354-2-1-1--tied--stop--1,tied,stamp,mn-1-354-2-1-1
mn-1-354-2-1-3--tied--start--1,tied,stamp,mn-1-354-2-1-3
mn-1-354-6-2-2--tied--start--1,tied,stamp,mn-1-354-6-2-2
mn-1-354-6-2-3--tied--stop--1,tied,stamp,mn-1-354-6-2-3
md-1-354-1-1,dynamics,md,1
mn-1-355-1-1-1--slur--stop--1,slur,stamp,mn-1-355-1-1-1
mn-1-355-1-1-3--slur--start--1,slur,stamp,mn-1-355-1-1-3
mn-1-355-2-1-1--tied--stop--1,tied,stamp,mn-1-355-2-1-1
mn-1-355-2-1-3--tied--start--1,tied,stamp,mn-1-355-2-1-3
mn-1-355-6-2-2--tied--start--1,tied,stamp,mn-1-355-6-2-2
mn-1-355-6-2-3--tied--stop--1,tied,stamp,mn-1-355-6-2-3
md-1-355-1-1,dynamics,md,1
mn-1-356-1-1-1--slur--stop--1,slur,stamp,mn-1-356-1-1-1
mn-1-356-1-1-3--slur--start--1,slur,stamp,mn-1-356-1-1-3
mn-1-356-2-1-1--tied--stop--1,tied,stamp,mn-1-356-2-1-1
mn-1-356-2-1-3--tied--start--1,tied,stamp,mn-1-356-2-1-3
mn-1-356-6-2-2--tied--start--1,tied,stamp,mn-1-356-6-2-2
mn-1-356-6-2-3--tied--stop--1,tied,stamp,mn-1-356-6-2-3
md-1-356-1-1,dynamics,md,1
mn-1-357-1-1-1--slur--stop--1,slur,stamp,mn-1-357-1-1-1
mn-1-357-1-1-3--slur--start--1,slur,stamp,mn-1-357-1-1-3
mn-1-357-2-1-1--tied--stop--1,tied,stamp,mn-1-357-2-1-1
mn-1-357-2-1-3--tied--start--1,tied,stamp,mn-1-357-2-1-3
mn-1-357-6-2-2--tied--start--1,tied,stamp,mn-1-357-6-2-2
mn-1-357-6-2-3--tied--stop--1,tied,stamp,mn-1-357-6-2-3
md-1-357-1-1,dynamics,md,1
mn-1-358-1-1-1--slur--stop--1,slur,stamp,mn-1-358-1-1-1
mn-1-358-1-1-3--slur--start--1,slur,stamp,mn-1-358-1-1-3
mn-1-358-2-1-1--tied--stop--1,tied,stamp,mn-1-358-2-1-1
mn-1-358-6-2-2--tied--start--1,tied,stamp,mn-1-358-6-2-2
mn-1-358-6-2-3--tied--stop--1,tied,stamp,mn-1-358-6-2-3
md-1-358-1-1,dynamics,md,1
mn-1-359-1-1-1--slur--stop--1,slur,stamp,mn-1-359-1-1-1
mn-1-359-1-1-1--staccato--1,staccato,derive,mn-1-359-1-1-1
mn-1-359-1-1-1--staccatissimo--1,staccatissimo,derive,mn-1-359-1-1-1
mn-1-359-1-1-3--slur--start--1,slur,stamp,mn-1-359-1-1-3
mn-1-359-5-2-1--slur--start--1,slur,stamp,mn-1-359-5-2-1
mn-1-359-5-2-2--tied--start--1,tied,stamp,mn-1-359-5-2-2
mn-1-359-5-2-3--tied--stop--1,tied,stamp,mn-1-359-5-2-3
mn-1-359-5-2-3--slur--stop--1,slur,stamp,mn-1-359-5-2-3
md-1-359-1-1,dynamics,md,1
mn-1-360-1-1-1--slur--stop--1,slur,stamp,mn-1-360-1-1-1
mn-1-360-1-1-1--staccato--1,staccato,derive,mn-1-360-1-1-1
mn-1-360-1-1-1--staccatissimo--1,staccatissimo,derive,mn-1-360-1-1-1
mn-1-360-1-1-3--slur--start--1,slur,stamp,mn-1-360-1-1-3
mn-1-360-5-2-1--slur--start--1,slur,stamp,mn-1-360-5-2-1
mn-1-360-5-2-2--tied--start--1,tied,stamp,mn-1-360-5-2-2
mn-1-360-5-2-3--tied--stop--1,tied,stamp,mn-1-360-5-2-3
mn-1-360-5-2-3--slur--stop--1,slur,stamp,mn-1-360-5-2-3
mn-1-361-1-1-1--slur--stop--1,slur,stamp,mn-1-361-1-1-1
mn-1-361-1-1-1--staccato--1,staccato,derive,mn-1-361-1-1-1
mn-1-361-1-1-1--staccatissimo--1,staccatissimo,derive,mn-1-361-1-1-1
mn-1-361-1-1-3--slur--start--1,slur,stamp,mn-1-361-1-1-3
mn-1-361-5-2-1--slur--start--1,slur,stamp,mn-1-361-5-2-1
mn-1-361-5-2-2--tied--start--1,tied,stamp,mn-1-361-5-2-2
mn-1-361-5-2-3--tied--stop--1,tied,stamp,mn-1-361-5-2-3
mn-1-361-5-2-3--slur--stop--1,slur,stamp,mn-1-361-5-2-3
md-1-361-1-1,dynamics,md,1
mn-1-362-1-1-1--slur--stop--1,slur,stamp,mn-1-362-1-1-1
mn-1-362-1-1-1--staccato--1,staccato,derive,mn-1-362-1-1-1
mn-1-362-1-1-1--staccatissimo--1,staccatissimo,derive,mn-1-362-1-1-1
mn-1-362-1-1-3--slur--start--1,slur,stamp,mn-1-362-1-1-3
mn-1-362-5-2-1--slur--start--1,slur,stamp,mn-1-362-5-2-1
mn-1-362-5-2-2--tied--start--1,tied,stamp,mn-1-362-5-2-2
mn-1-362-5-2-3--tied--stop--1,tied,stamp,mn-1-362-5-2-3
mn-1-362-5-2-3--slur--stop--1,slur,stamp,mn-1-362-5-2-3
mn-1-363-1-1-1--slur--stop--1,slur,stamp,mn-1-363-1-1-1
mn-1-363-1-1-1--staccato--1,staccato,derive,mn-1-363-1-1-1
mn-1-363-1-1-1--staccatissimo--1,staccatissimo,derive,mn-1-363-1-1-1
mn-1-363-1-1-3--slur--start--1,slur,stamp,mn-1-363-1-1-3
mn-1-363-5-2-1--slur--start--1,slur,stamp,mn-1-363-5-2-1
mn-1-363-5-2-2--tied--start--1,tied,stamp,mn-1-363-5-2-2
mn-1-363-5-2-3--tied--stop--1,tied,stamp,mn-1-363-5-2-3
mn-1-363-5-2-3--slur--stop--1,slur,stamp,mn-1-363-5-2-3
md-1-363-1-1,dynamics,md,1
md-1-363-1-2,dynamics,md,1
mn-1-364-1-1-1--slur--stop--1,slur,stamp,mn-1-364-1-1-1
mn-1-364-1-1-1--staccato--1,staccato,derive,mn-1-364-1-1-1
mn-1-364-1-1-1--staccatissimo--1,staccatissimo,derive,mn-1-364-1-1-1
mn-1-364-1-1-3--slur--start--1,slur,stamp,mn-1-364-1-1-3
mn-1-364-5-2-4--tied--start--1,tied,stamp,mn-1-364-5-2-4
mn-1-364-5-2-5--tied--stop--1,tied,stamp,mn-1-364-5-2-5
mn-1-364-6-2-2--tied--start--1,tied,stamp,mn-1-364-6-2-2
mn-1-364-6-2-3--tied--stop--1,tied,stamp,mn-1-364-6-2-3
mn-1-364-7-2-1--tied--start--1,tied,stamp,mn-1-364-7-2-1
mn-1-364-7-2-2--tied--stop--1,tied,stamp,mn-1-364-7-2-2
mn-1-364-8-2-1--tied--start--1,tied,stamp,mn-1-364-8-2-1
mn-1-364-8-2-2--tied--stop--1,tied,stamp,mn-1-364-8-2-2
mn-1-365-1-1-1--slur--stop--1,slur,stamp,mn-1-365-1-1-1
mn-1-365-1-1-1--staccato--1,staccato,derive,mn-1-365-1-1-1
mn-1-365-1-1-1--staccatissimo--1,staccatissimo,derive,mn-1-365-1-1-1
md-1-365-1-1,dynamics,md,1
mn-1-367-1-1-1--staccato--1,staccato,derive,mn-1-367-1-1-1
mn-1-367-1-1-1--staccatissimo--1,staccatissimo,derive,mn-1-367-1-1-1
mn-1-367-1-1-3--slur--start--1,slur,stamp,mn-1-367-1-1-3
mn-1-367-5-2-1--slur--start--1,slur,stamp,mn-1-367-5-2-1
mn-1-367-5-2-2--tied--start--1,tied,stamp,mn-1-367-5-2-2
mn-1-367-5-2-3--tied--stop--1,tied,stamp,mn-1-367-5-2-3
mn-1-367-5-2-3--slur--stop--1,slur,stamp,mn-1-367-5-2-3
md-1-367-1-1,dynamics,md,1
md-1-367-1-2,dynamics,md,1
mn-1-368-1-1-1--slur--stop--1,slur,stamp,mn-1-368-1-1-1
mn-1-368-1-1-1--staccato--1,staccato,derive,mn-1-368-1-1-1
mn-1-368-1-1-1--staccatissimo--1,staccatissimo,derive,mn-1-368-1-1-1
mn-1-368-1-1-3--slur--start--1,slur,stamp,mn-1-368-1-1-3
mn-1-368-5-2-1--slur--start--1,slur,stamp,mn-1-368-5-2-1
mn-1-368-5-2-2--tied--start--1,tied,stamp,mn-1-368-5-2-2
mn-1-368-5-2-3--tied--stop--1,tied,stamp,mn-1-368-5-2-3
mn-1-368-5-2-3--slur--stop--1,slur,stamp,mn-1-368-5-2-3
md-1-368-1-1,dynamics,md,1
mn-1-369-1-1-1--slur--stop--1,slur,stamp,mn-1-369-1-1-1
mn-1-369-1-1-1--staccato--1,staccato,derive,mn-1-369-1-1-1
mn-1-369-1-1-1--staccatissimo--1,staccatissimo,derive,mn-1-369-1-1-1
mn-1-369-1-1-3--slur--start--1,slur,stamp,mn-1-369-1-1-3
mn-1-369-5-2-1--slur--start--1,slur,stamp,mn-1-369-5-2-1
mn-1-369-5-2-2--tied--start--1,tied,stamp,mn-1-369-5-2-2
mn-1-369-5-2-3--tied--stop--1,tied,stamp,mn-1-369-5-2-3
mn-1-369-5-2-3--slur--stop--1,slur,stamp,mn-1-369-5-2-3
mn-1-370-1-1-1--slur--stop--1,slur,stamp,mn-1-370-1-1-1
mn-1-370-1-1-1--staccato--1,staccato,derive,mn-1-370-1-1-1
mn-1-370-1-1-1--staccatissimo--1,staccatissimo,derive,mn-1-370-1-1-1
mn-1-370-1-1-3--slur--start--1,slur,stamp,mn-1-370-1-1-3
mn-1-370-5-2-1--slur--start--1,slur,stamp,mn-1-370-5-2-1
mn-1-370-5-2-2--tied--start--1,tied,stamp,mn-1-370-5-2-2
mn-1-370-5-2-3--tied--stop--1,tied,stamp,mn-1-370-5-2-3
mn-1-370-5-2-3--slur--stop--1,slur,stamp,mn-1-370-5-2-3
mn-1-371-1-1-1--slur--stop--1,slur,stamp,mn-1-371-1-1-1
mn-1-371-1-1-1--staccato--1,staccato,derive,mn-1-371-1-1-1
mn-1-371-1-1-1--staccatissimo--1,staccatissimo,derive,mn-1-371-1-1-1
mn-1-371-1-1-3--slur--start--1,slur,stamp,mn-1-371-1-1-3
mn-1-371-5-2-1--slur--start--1,slur,stamp,mn-1-371-5-2-1
mn-1-371-5-2-2--tied--start--1,tied,stamp,mn-1-371-5-2-2
mn-1-371-5-2-3--tied--stop--1,tied,stamp,mn-1-371-5-2-3
mn-1-371-5-2-3--slur--stop--1,slur,stamp,mn-1-371-5-2-3
md-1-371-1-1,dynamics,md,1
md-1-371-1-2,dynamics,md,1
mn-1-372-1-1-1--slur--stop--1,slur,stamp,mn-1-372-1-1-1
mn-1-372-1-1-1--staccato--1,staccato,derive,mn-1-372-1-1-1
mn-1-372-1-1-1--staccatissimo--1,staccatissimo,derive,mn-1-372-1-1-1
mn-1-372-1-1-3--slur--start--1,slur,stamp,mn-1-372-1-1-3
mn-1-372-5-2-4--tied--start--1,tied,stamp,mn-1-372-5-2-4
mn-1-372-5-2-5--tied--stop--1,tied,stamp,mn-1-372-5-2-5
mn-1-372-6-2-2--tied--start--1,tied,stamp,mn-1-372-6-2-2
mn-1-372-6-2-3--tied--stop--1,tied,stamp,mn-1-372-6-2-3
mn-1-372-7-2-1--tied--start--1,tied,stamp,mn-1-372-7-2-1
mn-1-372-7-2-2--tied--stop--1,tied,stamp,mn-1-372-7-2-2
mn-1-372-8-2-1--tied--start--1,tied,stamp,mn-1-372-8-2-1
mn-1-372-8-2-2--tied--stop--1,tied,stamp,mn-1-372-8-2-2
mn-1-373-1-1-1--slur--stop--1,slur,stamp,mn-1-373-1-1-1
mn-1-373-1-1-1--staccato--1,staccato,derive,mn-1-373-1-1-1
mn-1-373-1-1-1--staccatissimo--1,staccatissimo,derive,mn-1-373-1-1-1
mn-1-373-1-1-4--slur--start--1,slur,stamp,mn-1-373-1-1-4
md-1-373-1-1,dynamics,md,1
md-1-373-1-2,dynamics,md,1
md-1-374-1-1,wedge,md,1
md-1-374-1-2,wedge,md,1
mn-1-375-1-1-1--slur--stop--1,slur,stamp,mn-1-375-1-1-1
mn-1-375-1-1-1--staccato--1,staccato,derive,mn-1-375-1-1-1
mn-1-375-1-1-1--staccatissimo--1,staccatissimo,derive,mn-1-375-1-1-1
mn-1-375-1-1-3--slur--start--1,slur,stamp,mn-1-375-1-1-3
mn-1-375-5-2-1--slur--start--1,slur,stamp,mn-1-375-5-2-1
mn-1-375-5-2-2--tied--start--1,tied,stamp,mn-1-375-5-2-2
mn-1-375-5-2-3--tied--stop--1,tied,stamp,mn-1-375-5-2-3
mn-1-375-5-2-3--slur--stop--1,slur,stamp,mn-1-375-5-2-3
md-1-375-1-1,dynamics,md,1
md-1-375-1-2,dynamics,md,1
mn-1-376-1-1-1--slur--stop--1,slur,stamp,mn-1-376-1-1-1
mn-1-376-1-1-1--staccato--1,staccato,derive,mn-1-376-1-1-1
mn-1-376-1-1-1--staccatissimo--1,staccatissimo,derive,mn-1-376-1-1-1
mn-1-376-1-1-3--slur--start--1,slur,stamp,mn-1-376-1-1-3
mn-1-376-5-2-4--tied--start--1,tied,stamp,mn-1-376-5-2-4
mn-1-376-5-2-5--tied--stop--1,tied,stamp,mn-1-376-5-2-5
mn-1-376-6-2-2--tied--start--1,tied,stamp,mn-1-376-6-2-2
mn-1-376-6-2-3--tied--stop--1,tied,stamp,mn-1-376-6-2-3
mn-1-376-7-2-1--tied--start--1,tied,stamp,mn-1-376-7-2-1
mn-1-376-7-2-2--tied--stop--1,tied,stamp,mn-1-376-7-2-2
mn-1-376-8-2-1--tied--start--1,tied,stamp,mn-1-376-8-2-1
mn-1-376-8-2-2--tied--stop--1,tied,stamp,mn-1-376-8-2-2
mn-1-377-1-1-1--slur--stop--1,slur,stamp,mn-1-377-1-1-1
mn-1-377-1-1-1--staccato--1,staccato,derive,mn-1-377-1-1-1
mn-1-377-1-1-1--staccatissimo--1,staccatissimo,derive,mn-1-377-1-1-1
mn-1-377-1-1-4--slur--start--1,slur,stamp,mn-1-377-1-1-4
md-1-377-1-1,dynamics,md,1
md-1-377-1-2,dynamics,md,1
md-1-378-1-1,wedge,md,1
md-1-378-1-2,wedge,md,1
mn-1-379-1-1-1--slur--stop--1,slur,stamp,mn-1-379-1-1-1
mn-1-379-1-1-1--staccato--1,staccato,derive,mn-1-379-1-1-1
mn-1-379-1-1-1--staccatissimo--1,staccatissimo,derive,mn-1-379-1-1-1
mn-1-379-1-1-3--slur--start--1,slur,stamp,mn-1-379-1-1-3
mn-1-379-5-2-1--slur--start--1,slur,stamp,mn-1-379-5-2-1
mn-1-379-5-2-2--tied--start--1,tied,stamp,mn-1-379-5-2-2
mn-1-379-5-2-3--tied--stop--1,tied,stamp,mn-1-379-5-2-3
mn-1-379-5-2-3--slur--stop--1,slur,stamp,mn-1-379-5-2-3
md-1-379-1-1,dynamics,md,1
md-1-379-1-2,dynamics,md,1
mn-1-380-1-1-1--slur--stop--1,slur,stamp,mn-1-380-1-1-1
mn-1-380-1-1-1--staccato--1,staccato,derive,mn-1-380-1-1-1
mn-1-380-1-1-1--staccatissimo--1,staccatissimo,derive,mn-1-380-1-1-1
mn-1-380-1-1-3--slur--start--1,slur,stamp,mn-1-380-1-1-3
mn-1-380-5-2-4--tied--start--1,tied,stamp,mn-1-380-5-2-4
mn-1-380-5-2-5--tied--stop--1,tied,stamp,mn-1-380-5-2-5
mn-1-380-6-2-2--tied--start--1,tied,stamp,mn-1-380-6-2-2
mn-1-380-6-2-3--tied--stop--1,tied,stamp,mn-1-380-6-2-3
mn-1-380-7-2-2--tied--start--1,tied,stamp,mn-1-380-7-2-2
mn-1-380-7-2-3--tied--stop--1,tied,stamp,mn-1-380-7-2-3
mn-1-380-8-2-2--tied--start--1,tied,stamp,mn-1-380-8-2-2
mn-1-380-8-2-3--tied--stop--1,tied,stamp,mn-1-380-8-2-3
mn-1-381-1-1-1--slur--stop--1,slur,stamp,mn-1-381-1-1-1
mn-1-381-1-1-1--staccato--1,staccato,derive,mn-1-381-1-1-1
mn-1-381-1-1-1--staccatissimo--1,staccatissimo,derive,mn-1-381-1-1-1
mn-1-381-1-1-4--tied--start--1,tied,stamp,mn-1-381-1-1-4
mn-1-381-5-2-2--tied--start--1,tied,stamp,mn-1-381-5-2-2
md-1-381-1-1,dynamics,md,1
mn-1-382-1-1-1--tied--stop--1,tied,stamp,mn-1-382-1-1-1
mn-1-382-1-1-1--slur--start--1,slur,stamp,mn-1-382-1-1-1
mn-1-382-5-2-1--tied--stop--1,tied,stamp,mn-1-382-5-2-1
mn-1-383-1-1-1--tuplet--start--1,tuplet,stamp,mn-1-383-1-1-1
mn-1-383-1-1-3--tuplet--stop--1,tuplet,stamp,mn-1-383-1-1-3
mn-1-383-1-1-4--tuplet--start--1,tuplet,stamp,mn-1-383-1-1-4
mn-1-383-1-1-6--tuplet--stop--1,tuplet,stamp,mn-1-383-1-1-6
mn-1-383-1-1-10--slur--stop--1,slur,stamp,mn-1-383-1-1-10
mn-1-383-5-2-1--tuplet--start--1,tuplet,stamp,mn-1-383-5-2-1
mn-1-383-5-2-3--tuplet--stop--1,tuplet,stamp,mn-1-383-5-2-3
mn-1-383-5-2-4--tuplet--start--1,tuplet,stamp,mn-1-383-5-2-4
mn-1-383-5-2-6--tuplet--stop--1,tuplet,stamp,mn-1-383-5-2-6
mn-1-384-2-1-1--staccato--1,staccato,derive,mn-1-384-2-1-1
mn-1-384-2-1-1--staccatissimo--1,staccatissimo,derive,mn-1-384-2-1-1
mn-1-384-2-1-2--staccato--1,staccato,derive,mn-1-384-2-1-2
mn-1-384-2-1-2--staccatissimo--1,staccatissimo,derive,mn-1-384-2-1-2
mn-1-384-6-2-1--staccato--1,staccato,derive,mn-1-384-6-2-1
mn-1-384-6-2-1--staccatissimo--1,staccatissimo,derive,mn-1-384-6-2-1
mn-1-384-6-2-2--staccato--1,staccato,derive,mn-1-384-6-2-2
mn-1-384-6-2-2--staccatissimo--1,staccatissimo,derive,mn-1-384-6-2-2
mn-1-385-1-1-1--staccato--1,staccato,derive,mn-1-385-1-1-1
mn-1-385-1-1-1--staccatissimo--1,staccatissimo,derive,mn-1-385-1-1-1
mn-1-385-1-1-3--slur--start--1,slur,stamp,mn-1-385-1-1-3
mn-1-385-6-2-2--tied--start--1,tied,stamp,mn-1-385-6-2-2
mn-1-385-6-2-3--tied--stop--1,tied,stamp,mn-1-385-6-2-3
md-1-385-1-1,dynamics,md,1
mn-1-386-1-1-1--slur--stop--1,slur,stamp,mn-1-386-1-1-1
mn-1-386-1-1-1--staccato--1,staccato,derive,mn-1-386-1-1-1
mn-1-386-1-1-1--staccatissimo--1,staccatissimo,derive,mn-1-386-1-1-1
mn-1-386-1-1-3--slur--start--1,slur,stamp,mn-1-386-1-1-3
mn-1-386-6-2-2--tied--start--1,tied,stamp,mn-1-386-6-2-2
mn-1-386-6-2-3--tied--stop--1,tied,stamp,mn-1-386-6-2-3
mn-1-387-1-1-1--slur--stop--1,slur,stamp,mn-1-387-1-1-1
mn-1-387-1-1-1--staccato--1,staccato,derive,mn-1-387-1-1-1
mn-1-387-1-1-1--staccatissimo--1,staccatissimo,derive,mn-1-387-1-1-1
mn-1-387-1-1-3--slur--start--1,slur,stamp,mn-1-387-1-1-3
mn-1-387-6-2-2--tied--start--1,tied,stamp,mn-1-387-6-2-2
mn-1-387-6-2-3--tied--stop--1,tied,stamp,mn-1-387-6-2-3
mn-1-388-1-1-1--slur--stop--1,slur,stamp,mn-1-388-1-1-1
mn-1-388-1-1-1--staccato--1,staccato,derive,mn-1-388-1-1-1
mn-1-388-1-1-1--staccatissimo--1,staccatissimo,derive,mn-1-388-1-1-1
mn-1-388-1-1-3--slur--start--1,slur,stamp,mn-1-388-1-1-3
mn-1-388-6-2-2--tied--start--1,tied,stamp,mn-1-388-6-2-2
mn-1-388-6-2-3--tied--stop--1,tied,stamp,mn-1-388-6-2-3
mn-1-389-1-1-1--slur--stop--1,slur,stamp,mn-1-389-1-1-1
mn-1-389-1-1-1--staccato--1,staccato,derive,mn-1-389-1-1-1
mn-1-389-1-1-1--staccatissimo--1,staccatissimo,derive,mn-1-389-1-1-1
mn-1-389-1-1-3--slur--start--1,slur,stamp,mn-1-389-1-1-3
mn-1-389-6-2-2--tied--start--1,tied,stamp,mn-1-389-6-2-2
mn-1-389-6-2-3--tied--stop--1,tied,stamp,mn-1-389-6-2-3
mn-1-390-1-1-1--slur--stop--1,slur,stamp,mn-1-390-1-1-1
mn-1-390-1-1-3--slur--start--1,slur,stamp,mn-1-390-1-1-3
mn-1-390-6-2-2--tied--start--1,tied,stamp,mn-1-390-6-2-2
mn-1-390-6-2-3--tied--stop--1,tied,stamp,mn-1-390-6-2-3
mn-1-391-1-1-1--slur--stop--1,slur,stamp,mn-1-391-1-1-1
mn-1-391-1-1-1--staccato--1,staccato,derive,mn-1-391-1-1-1
mn-1-391-1-1-1--staccatissimo--1,staccatissimo,derive,mn-1-391-1-1-1
mn-1-391-1-1-3--slur--start--1,slur,stamp,mn-1-391-1-1-3
mn-1-391-6-2-2--tied--start--1,tied,stamp,mn-1-391-6-2-2
mn-1-391-6-2-3--tied--stop--1,tied,stamp,mn-1-391-6-2-3
mn-1-392-1-1-1--slur--stop--1,slur,stamp,mn-1-392-1-1-1
mn-1-392-1-1-1--staccato--1,staccato,derive,mn-1-392-1-1-1
mn-1-392-1-1-1--staccatissimo--1,staccatissimo,derive,mn-1-392-1-1-1
mn-1-392-1-1-3--slur--start--1,slur,stamp,mn-1-392-1-1-3
mn-1-392-6-2-2--tied--start--1,tied,stamp,mn-1-392-6-2-2
mn-1-392-6-2-3--tied--stop--1,tied,stamp,mn-1-392-6-2-3
mn-1-393-1-1-1--slur--stop--1,slur,stamp,mn-1-393-1-1-1
mn-1-393-1-1-1--staccato--1,staccato,derive,mn-1-393-1-1-1
mn-1-393-1-1-1--staccatissimo--1,staccatissimo,derive,mn-1-393-1-1-1
mn-1-393-1-1-3--slur--start--1,slur,stamp,mn-1-393-1-1-3
mn-1-393-6-2-2--tied--start--1,tied,stamp,mn-1-393-6-2-2
mn-1-393-6-2-3--tied--stop--1,tied,stamp,mn-1-393-6-2-3
mn-1-394-1-1-1--slur--stop--1,slur,stamp,mn-1-394-1-1-1
mn-1-394-1-1-1--staccato--1,staccato,derive,mn-1-394-1-1-1
mn-1-394-1-1-1--staccatissimo--1,staccatissimo,derive,mn-1-394-1-1-1
mn-1-394-1-1-3--slur--start--1,slur,stamp,mn-1-394-1-1-3
mn-1-394-6-2-2--tied--start--1,tied,stamp,mn-1-394-6-2-2
mn-1-394-6-2-3--tied--stop--1,tied,stamp,mn-1-394-6-2-3
mn-1-395-1-1-1--slur--stop--1,slur,stamp,mn-1-395-1-1-1
mn-1-395-1-1-1--staccato--1,staccato,derive,mn-1-395-1-1-1
mn-1-395-1-1-1--staccatissimo--1,staccatissimo,derive,mn-1-395-1-1-1
mn-1-395-1-1-3--slur--start--1,slur,stamp,mn-1-395-1-1-3
mn-1-395-6-2-2--tied--start--1,tied,stamp,mn-1-395-6-2-2
mn-1-395-6-2-3--tied--stop--1,tied,stamp,mn-1-395-6-2-3
mn-1-396-1-1-1--slur--stop--1,slur,stamp,mn-1-396-1-1-1
mn-1-396-1-1-1--staccato--1,staccato,derive,mn-1-396-1-1-1
mn-1-396-1-1-1--staccatissimo--1,staccatissimo,derive,mn-1-396-1-1-1
mn-1-396-1-1-3--slur--start--1,slur,stamp,mn-1-396-1-1-3
mn-1-396-6-2-2--tied--start--1,tied,stamp,mn-1-396-6-2-2
mn-1-396-6-2-3--tied--stop--1,tied,stamp,mn-1-396-6-2-3
mn-1-397-1-1-1--slur--stop--1,slur,stamp,mn-1-397-1-1-1
mn-1-397-1-1-1--staccato--1,staccato,derive,mn-1-397-1-1-1
mn-1-397-1-1-1--staccatissimo--1,staccatissimo,derive,mn-1-397-1-1-1
md-1-397-1-1,dynamics,md,1
mn-1-398-1-2-5--tuplet--start--1,tuplet,stamp,mn-1-398-1-2-5
mn-1-398-1-1-2--tuplet--stop--1,tuplet,stamp,mn-1-398-1-1-2
mn-1-398-5-2-3--tuplet--start--1,tuplet,stamp,mn-1-398-5-2-3
mn-1-398-5-2-5--tuplet--stop--1,tuplet,stamp,mn-1-398-5-2-5
mn-1-399-1-1-2--tuplet--start--1,tuplet,stamp,mn-1-399-1-1-2
mn-1-399-1-1-2--tuplet--stop--2,tuplet,stamp,mn-1-399-1-1-2
mn-1-399-5-2-2--tuplet--start--1,tuplet,stamp,mn-1-399-5-2-2
mn-1-399-5-2-2--tuplet--stop--2,tuplet,stamp,mn-1-399-5-2-2
